$MeshFormat
2 0 8
$EndMeshFormat
$Nodes
6318
1 17.32050807568877 10 0
2 0 20 0
3 -17.32050807568877 10 0
4 -17.32050807568877 -10 0
5 0 -20 0
6 17.32050807568877 -10 0
7 17.32050807568877 10 190
8 0 20 190
9 -17.32050807568877 10 190
10 -17.32050807568877 -10 190
11 0 -20 190
12 17.32050807568877 -10 190
13 17.32050807568877 10 200
14 0 20 200
15 -17.32050807568877 10 200
16 -17.32050807568877 -10 200
17 0 -20 200
18 17.32050807568877 -10 200
19 17.32050807568877 10 204.5
20 0 20 204.5
21 -17.32050807568877 10 204.5
22 -17.32050807568877 -10 204.5
23 0 -20 204.5
24 17.32050807568877 -10 204.5
25 17.32050807568877 10 214.5
26 0 20 214.5
27 -17.32050807568877 10 214.5
28 -17.32050807568877 -10 214.5
29 0 -20 214.5
30 17.32050807568877 -10 214.5
31 17.32050807568877 10 404.5
32 0 20 404.5
33 -17.32050807568877 10 404.5
34 -17.32050807568877 -10 404.5
35 0 -20 404.5
36 17.32050807568877 -10 404.5
37 12.99038105676654 12.50000000000002 0
38 8.660254037844306 15.00000000000005 0
39 4.330127018922252 17.49999999999996 0
40 -4.33012701892195 17.50000000000014 0
41 -8.660254037844073 15.00000000000018 0
42 -12.99038105676637 12.50000000000012 0
43 -17.32050807568877 5.000000000000028 0
44 -17.32050807568877 1.121325254871408e-13 0
45 -17.32050807568877 -4.999999999999805 0
46 -12.99038105676654 -12.50000000000002 0
47 -8.660254037844306 -15.00000000000005 0
48 -4.330127018922252 -17.49999999999996 0
49 4.33012701892195 -17.50000000000014 0
50 8.660254037844073 -15.00000000000018 0
51 12.99038105676637 -12.50000000000012 0
52 17.32050807568877 -5.000000000000028 0
53 17.32050807568877 -1.121325254871408e-13 0
54 17.32050807568877 4.999999999999805 0
55 12.99038105676654 12.50000000000002 190
56 8.660254037844306 15.00000000000005 190
57 4.330127018922252 17.49999999999996 190
58 -4.33012701892195 17.50000000000014 190
59 -8.660254037844073 15.00000000000018 190
60 -12.99038105676637 12.50000000000012 190
61 -17.32050807568877 5.000000000000028 190
62 -17.32050807568877 1.121325254871408e-13 190
63 -17.32050807568877 -4.999999999999805 190
64 -12.99038105676654 -12.50000000000002 190
65 -8.660254037844306 -15.00000000000005 190
66 -4.330127018922252 -17.49999999999996 190
67 4.33012701892195 -17.50000000000014 190
68 8.660254037844073 -15.00000000000018 190
69 12.99038105676637 -12.50000000000012 190
70 17.32050807568877 -5.000000000000028 190
71 17.32050807568877 -1.121325254871408e-13 190
72 17.32050807568877 4.999999999999805 190
73 17.32050807568877 10 4.75
74 17.32050807568877 10 9.5
75 17.32050807568877 10 14.25
76 17.32050807568877 10 19
77 17.32050807568877 10 23.75
78 17.32050807568877 10 28.5
79 17.32050807568877 10 33.25
80 17.32050807568877 10 38
81 17.32050807568877 10 42.75
82 17.32050807568877 10 47.5
83 17.32050807568877 10 52.25000000000001
84 17.32050807568877 10 57
85 17.32050807568877 10 61.75
86 17.32050807568877 10 66.5
87 17.32050807568877 10 71.25
88 17.32050807568877 10 76
89 17.32050807568877 10 80.75
90 17.32050807568877 10 85.5
91 17.32050807568877 10 90.25
92 17.32050807568877 10 95
93 17.32050807568877 10 99.75
94 17.32050807568877 10 104.5
95 17.32050807568877 10 109.25
96 17.32050807568877 10 114
97 17.32050807568877 10 118.75
98 17.32050807568877 10 123.5
99 17.32050807568877 10 128.25
100 17.32050807568877 10 133
101 17.32050807568877 10 137.75
102 17.32050807568877 10 142.5
103 17.32050807568877 10 147.25
104 17.32050807568877 10 152
105 17.32050807568877 10 156.75
106 17.32050807568877 10 161.5
107 17.32050807568877 10 166.25
108 17.32050807568877 10 171
109 17.32050807568877 10 175.75
110 17.32050807568877 10 180.5
111 17.32050807568877 10 185.25
112 0 20 4.75
113 0 20 9.5
114 0 20 14.25
115 0 20 19
116 0 20 23.75
117 0 20 28.5
118 0 20 33.25
119 0 20 38
120 0 20 42.75
121 0 20 47.5
122 0 20 52.25000000000001
123 0 20 57
124 0 20 61.75
125 0 20 66.5
126 0 20 71.25
127 0 20 76
128 0 20 80.75
129 0 20 85.5
130 0 20 90.25
131 0 20 95
132 0 20 99.75
133 0 20 104.5
134 0 20 109.25
135 0 20 114
136 0 20 118.75
137 0 20 123.5
138 0 20 128.25
139 0 20 133
140 0 20 137.75
141 0 20 142.5
142 0 20 147.25
143 0 20 152
144 0 20 156.75
145 0 20 161.5
146 0 20 166.25
147 0 20 171
148 0 20 175.75
149 0 20 180.5
150 0 20 185.25
151 -17.32050807568877 10 4.75
152 -17.32050807568877 10 9.5
153 -17.32050807568877 10 14.25
154 -17.32050807568877 10 19
155 -17.32050807568877 10 23.75
156 -17.32050807568877 10 28.5
157 -17.32050807568877 10 33.25
158 -17.32050807568877 10 38
159 -17.32050807568877 10 42.75
160 -17.32050807568877 10 47.5
161 -17.32050807568877 10 52.25000000000001
162 -17.32050807568877 10 57
163 -17.32050807568877 10 61.75
164 -17.32050807568877 10 66.5
165 -17.32050807568877 10 71.25
166 -17.32050807568877 10 76
167 -17.32050807568877 10 80.75
168 -17.32050807568877 10 85.5
169 -17.32050807568877 10 90.25
170 -17.32050807568877 10 95
171 -17.32050807568877 10 99.75
172 -17.32050807568877 10 104.5
173 -17.32050807568877 10 109.25
174 -17.32050807568877 10 114
175 -17.32050807568877 10 118.75
176 -17.32050807568877 10 123.5
177 -17.32050807568877 10 128.25
178 -17.32050807568877 10 133
179 -17.32050807568877 10 137.75
180 -17.32050807568877 10 142.5
181 -17.32050807568877 10 147.25
182 -17.32050807568877 10 152
183 -17.32050807568877 10 156.75
184 -17.32050807568877 10 161.5
185 -17.32050807568877 10 166.25
186 -17.32050807568877 10 171
187 -17.32050807568877 10 175.75
188 -17.32050807568877 10 180.5
189 -17.32050807568877 10 185.25
190 -17.32050807568877 -10 4.75
191 -17.32050807568877 -10 9.5
192 -17.32050807568877 -10 14.25
193 -17.32050807568877 -10 19
194 -17.32050807568877 -10 23.75
195 -17.32050807568877 -10 28.5
196 -17.32050807568877 -10 33.25
197 -17.32050807568877 -10 38
198 -17.32050807568877 -10 42.75
199 -17.32050807568877 -10 47.5
200 -17.32050807568877 -10 52.25000000000001
201 -17.32050807568877 -10 57
202 -17.32050807568877 -10 61.75
203 -17.32050807568877 -10 66.5
204 -17.32050807568877 -10 71.25
205 -17.32050807568877 -10 76
206 -17.32050807568877 -10 80.75
207 -17.32050807568877 -10 85.5
208 -17.32050807568877 -10 90.25
209 -17.32050807568877 -10 95
210 -17.32050807568877 -10 99.75
211 -17.32050807568877 -10 104.5
212 -17.32050807568877 -10 109.25
213 -17.32050807568877 -10 114
214 -17.32050807568877 -10 118.75
215 -17.32050807568877 -10 123.5
216 -17.32050807568877 -10 128.25
217 -17.32050807568877 -10 133
218 -17.32050807568877 -10 137.75
219 -17.32050807568877 -10 142.5
220 -17.32050807568877 -10 147.25
221 -17.32050807568877 -10 152
222 -17.32050807568877 -10 156.75
223 -17.32050807568877 -10 161.5
224 -17.32050807568877 -10 166.25
225 -17.32050807568877 -10 171
226 -17.32050807568877 -10 175.75
227 -17.32050807568877 -10 180.5
228 -17.32050807568877 -10 185.25
229 0 -20 4.75
230 0 -20 9.5
231 0 -20 14.25
232 0 -20 19
233 0 -20 23.75
234 0 -20 28.5
235 0 -20 33.25
236 0 -20 38
237 0 -20 42.75
238 0 -20 47.5
239 0 -20 52.25000000000001
240 0 -20 57
241 0 -20 61.75
242 0 -20 66.5
243 0 -20 71.25
244 0 -20 76
245 0 -20 80.75
246 0 -20 85.5
247 0 -20 90.25
248 0 -20 95
249 0 -20 99.75
250 0 -20 104.5
251 0 -20 109.25
252 0 -20 114
253 0 -20 118.75
254 0 -20 123.5
255 0 -20 128.25
256 0 -20 133
257 0 -20 137.75
258 0 -20 142.5
259 0 -20 147.25
260 0 -20 152
261 0 -20 156.75
262 0 -20 161.5
263 0 -20 166.25
264 0 -20 171
265 0 -20 175.75
266 0 -20 180.5
267 0 -20 185.25
268 17.32050807568877 -10 4.75
269 17.32050807568877 -10 9.5
270 17.32050807568877 -10 14.25
271 17.32050807568877 -10 19
272 17.32050807568877 -10 23.75
273 17.32050807568877 -10 28.5
274 17.32050807568877 -10 33.25
275 17.32050807568877 -10 38
276 17.32050807568877 -10 42.75
277 17.32050807568877 -10 47.5
278 17.32050807568877 -10 52.25000000000001
279 17.32050807568877 -10 57
280 17.32050807568877 -10 61.75
281 17.32050807568877 -10 66.5
282 17.32050807568877 -10 71.25
283 17.32050807568877 -10 76
284 17.32050807568877 -10 80.75
285 17.32050807568877 -10 85.5
286 17.32050807568877 -10 90.25
287 17.32050807568877 -10 95
288 17.32050807568877 -10 99.75
289 17.32050807568877 -10 104.5
290 17.32050807568877 -10 109.25
291 17.32050807568877 -10 114
292 17.32050807568877 -10 118.75
293 17.32050807568877 -10 123.5
294 17.32050807568877 -10 128.25
295 17.32050807568877 -10 133
296 17.32050807568877 -10 137.75
297 17.32050807568877 -10 142.5
298 17.32050807568877 -10 147.25
299 17.32050807568877 -10 152
300 17.32050807568877 -10 156.75
301 17.32050807568877 -10 161.5
302 17.32050807568877 -10 166.25
303 17.32050807568877 -10 171
304 17.32050807568877 -10 175.75
305 17.32050807568877 -10 180.5
306 17.32050807568877 -10 185.25
307 12.99038105676654 12.50000000000002 200
308 8.660254037844306 15.00000000000005 200
309 4.330127018922252 17.49999999999996 200
310 -4.33012701892195 17.50000000000014 200
311 -8.660254037844073 15.00000000000018 200
312 -12.99038105676637 12.50000000000012 200
313 -17.32050807568877 5.000000000000028 200
314 -17.32050807568877 1.121325254871408e-13 200
315 -17.32050807568877 -4.999999999999805 200
316 -12.99038105676654 -12.50000000000002 200
317 -8.660254037844306 -15.00000000000005 200
318 -4.330127018922252 -17.49999999999996 200
319 4.33012701892195 -17.50000000000014 200
320 8.660254037844073 -15.00000000000018 200
321 12.99038105676637 -12.50000000000012 200
322 17.32050807568877 -5.000000000000028 200
323 17.32050807568877 -1.121325254871408e-13 200
324 17.32050807568877 4.999999999999805 200
325 17.32050807568877 10 190.8333333333333
326 17.32050807568877 10 191.6666666666667
327 17.32050807568877 10 192.5
328 17.32050807568877 10 193.3333333333333
329 17.32050807568877 10 194.1666666666667
330 17.32050807568877 10 195
331 17.32050807568877 10 195.8333333333333
332 17.32050807568877 10 196.6666666666667
333 17.32050807568877 10 197.5
334 17.32050807568877 10 198.3333333333333
335 17.32050807568877 10 199.1666666666667
336 0 20 190.8333333333333
337 0 20 191.6666666666667
338 0 20 192.5
339 0 20 193.3333333333333
340 0 20 194.1666666666667
341 0 20 195
342 0 20 195.8333333333333
343 0 20 196.6666666666667
344 0 20 197.5
345 0 20 198.3333333333333
346 0 20 199.1666666666667
347 -17.32050807568877 10 190.8333333333333
348 -17.32050807568877 10 191.6666666666667
349 -17.32050807568877 10 192.5
350 -17.32050807568877 10 193.3333333333333
351 -17.32050807568877 10 194.1666666666667
352 -17.32050807568877 10 195
353 -17.32050807568877 10 195.8333333333333
354 -17.32050807568877 10 196.6666666666667
355 -17.32050807568877 10 197.5
356 -17.32050807568877 10 198.3333333333333
357 -17.32050807568877 10 199.1666666666667
358 -17.32050807568877 -10 190.8333333333333
359 -17.32050807568877 -10 191.6666666666667
360 -17.32050807568877 -10 192.5
361 -17.32050807568877 -10 193.3333333333333
362 -17.32050807568877 -10 194.1666666666667
363 -17.32050807568877 -10 195
364 -17.32050807568877 -10 195.8333333333333
365 -17.32050807568877 -10 196.6666666666667
366 -17.32050807568877 -10 197.5
367 -17.32050807568877 -10 198.3333333333333
368 -17.32050807568877 -10 199.1666666666667
369 0 -20 190.8333333333333
370 0 -20 191.6666666666667
371 0 -20 192.5
372 0 -20 193.3333333333333
373 0 -20 194.1666666666667
374 0 -20 195
375 0 -20 195.8333333333333
376 0 -20 196.6666666666667
377 0 -20 197.5
378 0 -20 198.3333333333333
379 0 -20 199.1666666666667
380 17.32050807568877 -10 190.8333333333333
381 17.32050807568877 -10 191.6666666666667
382 17.32050807568877 -10 192.5
383 17.32050807568877 -10 193.3333333333333
384 17.32050807568877 -10 194.1666666666667
385 17.32050807568877 -10 195
386 17.32050807568877 -10 195.8333333333333
387 17.32050807568877 -10 196.6666666666667
388 17.32050807568877 -10 197.5
389 17.32050807568877 -10 198.3333333333333
390 17.32050807568877 -10 199.1666666666667
391 12.99038105676654 12.50000000000002 204.5
392 8.660254037844306 15.00000000000005 204.5
393 4.330127018922252 17.49999999999996 204.5
394 -4.33012701892195 17.50000000000014 204.5
395 -8.660254037844073 15.00000000000018 204.5
396 -12.99038105676637 12.50000000000012 204.5
397 -17.32050807568877 5.000000000000028 204.5
398 -17.32050807568877 1.121325254871408e-13 204.5
399 -17.32050807568877 -4.999999999999805 204.5
400 -12.99038105676654 -12.50000000000002 204.5
401 -8.660254037844306 -15.00000000000005 204.5
402 -4.330127018922252 -17.49999999999996 204.5
403 4.33012701892195 -17.50000000000014 204.5
404 8.660254037844073 -15.00000000000018 204.5
405 12.99038105676637 -12.50000000000012 204.5
406 17.32050807568877 -5.000000000000028 204.5
407 17.32050807568877 -1.121325254871408e-13 204.5
408 17.32050807568877 4.999999999999805 204.5
409 17.32050807568877 10 200.375
410 17.32050807568877 10 200.75
411 17.32050807568877 10 201.125
412 17.32050807568877 10 201.5
413 17.32050807568877 10 201.875
414 17.32050807568877 10 202.25
415 17.32050807568877 10 202.625
416 17.32050807568877 10 203
417 17.32050807568877 10 203.375
418 17.32050807568877 10 203.75
419 17.32050807568877 10 204.125
420 0 20 200.375
421 0 20 200.75
422 0 20 201.125
423 0 20 201.5
424 0 20 201.875
425 0 20 202.25
426 0 20 202.625
427 0 20 203
428 0 20 203.375
429 0 20 203.75
430 0 20 204.125
431 -17.32050807568877 10 200.375
432 -17.32050807568877 10 200.75
433 -17.32050807568877 10 201.125
434 -17.32050807568877 10 201.5
435 -17.32050807568877 10 201.875
436 -17.32050807568877 10 202.25
437 -17.32050807568877 10 202.625
438 -17.32050807568877 10 203
439 -17.32050807568877 10 203.375
440 -17.32050807568877 10 203.75
441 -17.32050807568877 10 204.125
442 -17.32050807568877 -10 200.375
443 -17.32050807568877 -10 200.75
444 -17.32050807568877 -10 201.125
445 -17.32050807568877 -10 201.5
446 -17.32050807568877 -10 201.875
447 -17.32050807568877 -10 202.25
448 -17.32050807568877 -10 202.625
449 -17.32050807568877 -10 203
450 -17.32050807568877 -10 203.375
451 -17.32050807568877 -10 203.75
452 -17.32050807568877 -10 204.125
453 0 -20 200.375
454 0 -20 200.75
455 0 -20 201.125
456 0 -20 201.5
457 0 -20 201.875
458 0 -20 202.25
459 0 -20 202.625
460 0 -20 203
461 0 -20 203.375
462 0 -20 203.75
463 0 -20 204.125
464 17.32050807568877 -10 200.375
465 17.32050807568877 -10 200.75
466 17.32050807568877 -10 201.125
467 17.32050807568877 -10 201.5
468 17.32050807568877 -10 201.875
469 17.32050807568877 -10 202.25
470 17.32050807568877 -10 202.625
471 17.32050807568877 -10 203
472 17.32050807568877 -10 203.375
473 17.32050807568877 -10 203.75
474 17.32050807568877 -10 204.125
475 12.99038105676654 12.50000000000002 214.5
476 8.660254037844306 15.00000000000005 214.5
477 4.330127018922252 17.49999999999996 214.5
478 -4.33012701892195 17.50000000000014 214.5
479 -8.660254037844073 15.00000000000018 214.5
480 -12.99038105676637 12.50000000000012 214.5
481 -17.32050807568877 5.000000000000028 214.5
482 -17.32050807568877 1.121325254871408e-13 214.5
483 -17.32050807568877 -4.999999999999805 214.5
484 -12.99038105676654 -12.50000000000002 214.5
485 -8.660254037844306 -15.00000000000005 214.5
486 -4.330127018922252 -17.49999999999996 214.5
487 4.33012701892195 -17.50000000000014 214.5
488 8.660254037844073 -15.00000000000018 214.5
489 12.99038105676637 -12.50000000000012 214.5
490 17.32050807568877 -5.000000000000028 214.5
491 17.32050807568877 -1.121325254871408e-13 214.5
492 17.32050807568877 4.999999999999805 214.5
493 17.32050807568877 10 205.3333333333333
494 17.32050807568877 10 206.1666666666667
495 17.32050807568877 10 207
496 17.32050807568877 10 207.8333333333333
497 17.32050807568877 10 208.6666666666667
498 17.32050807568877 10 209.5
499 17.32050807568877 10 210.3333333333333
500 17.32050807568877 10 211.1666666666667
501 17.32050807568877 10 212
502 17.32050807568877 10 212.8333333333333
503 17.32050807568877 10 213.6666666666667
504 0 20 205.3333333333333
505 0 20 206.1666666666667
506 0 20 207
507 0 20 207.8333333333333
508 0 20 208.6666666666667
509 0 20 209.5
510 0 20 210.3333333333333
511 0 20 211.1666666666667
512 0 20 212
513 0 20 212.8333333333333
514 0 20 213.6666666666667
515 -17.32050807568877 10 205.3333333333333
516 -17.32050807568877 10 206.1666666666667
517 -17.32050807568877 10 207
518 -17.32050807568877 10 207.8333333333333
519 -17.32050807568877 10 208.6666666666667
520 -17.32050807568877 10 209.5
521 -17.32050807568877 10 210.3333333333333
522 -17.32050807568877 10 211.1666666666667
523 -17.32050807568877 10 212
524 -17.32050807568877 10 212.8333333333333
525 -17.32050807568877 10 213.6666666666667
526 -17.32050807568877 -10 205.3333333333333
527 -17.32050807568877 -10 206.1666666666667
528 -17.32050807568877 -10 207
529 -17.32050807568877 -10 207.8333333333333
530 -17.32050807568877 -10 208.6666666666667
531 -17.32050807568877 -10 209.5
532 -17.32050807568877 -10 210.3333333333333
533 -17.32050807568877 -10 211.1666666666667
534 -17.32050807568877 -10 212
535 -17.32050807568877 -10 212.8333333333333
536 -17.32050807568877 -10 213.6666666666667
537 0 -20 205.3333333333333
538 0 -20 206.1666666666667
539 0 -20 207
540 0 -20 207.8333333333333
541 0 -20 208.6666666666667
542 0 -20 209.5
543 0 -20 210.3333333333333
544 0 -20 211.1666666666667
545 0 -20 212
546 0 -20 212.8333333333333
547 0 -20 213.6666666666667
548 17.32050807568877 -10 205.3333333333333
549 17.32050807568877 -10 206.1666666666667
550 17.32050807568877 -10 207
551 17.32050807568877 -10 207.8333333333333
552 17.32050807568877 -10 208.6666666666667
553 17.32050807568877 -10 209.5
554 17.32050807568877 -10 210.3333333333333
555 17.32050807568877 -10 211.1666666666667
556 17.32050807568877 -10 212
557 17.32050807568877 -10 212.8333333333333
558 17.32050807568877 -10 213.6666666666667
559 12.99038105676654 12.50000000000002 404.5
560 8.660254037844306 15.00000000000005 404.5
561 4.330127018922252 17.49999999999996 404.5
562 -4.33012701892195 17.50000000000014 404.5
563 -8.660254037844073 15.00000000000018 404.5
564 -12.99038105676637 12.50000000000012 404.5
565 -17.32050807568877 5.000000000000028 404.5
566 -17.32050807568877 1.121325254871408e-13 404.5
567 -17.32050807568877 -4.999999999999805 404.5
568 -12.99038105676654 -12.50000000000002 404.5
569 -8.660254037844306 -15.00000000000005 404.5
570 -4.330127018922252 -17.49999999999996 404.5
571 4.33012701892195 -17.50000000000014 404.5
572 8.660254037844073 -15.00000000000018 404.5
573 12.99038105676637 -12.50000000000012 404.5
574 17.32050807568877 -5.000000000000028 404.5
575 17.32050807568877 -1.121325254871408e-13 404.5
576 17.32050807568877 4.999999999999805 404.5
577 17.32050807568877 10 219.25
578 17.32050807568877 10 224
579 17.32050807568877 10 228.75
580 17.32050807568877 10 233.5
581 17.32050807568877 10 238.25
582 17.32050807568877 10 243
583 17.32050807568877 10 247.75
584 17.32050807568877 10 252.5
585 17.32050807568877 10 257.25
586 17.32050807568877 10 262
587 17.32050807568877 10 266.75
588 17.32050807568877 10 271.5
589 17.32050807568877 10 276.25
590 17.32050807568877 10 281
591 17.32050807568877 10 285.75
592 17.32050807568877 10 290.5
593 17.32050807568877 10 295.25
594 17.32050807568877 10 300
595 17.32050807568877 10 304.75
596 17.32050807568877 10 309.5
597 17.32050807568877 10 314.25
598 17.32050807568877 10 319
599 17.32050807568877 10 323.75
600 17.32050807568877 10 328.5
601 17.32050807568877 10 333.25
602 17.32050807568877 10 338
603 17.32050807568877 10 342.75
604 17.32050807568877 10 347.5
605 17.32050807568877 10 352.25
606 17.32050807568877 10 357
607 17.32050807568877 10 361.75
608 17.32050807568877 10 366.5
609 17.32050807568877 10 371.25
610 17.32050807568877 10 376
611 17.32050807568877 10 380.75
612 17.32050807568877 10 385.5
613 17.32050807568877 10 390.25
614 17.32050807568877 10 395
615 17.32050807568877 10 399.75
616 0 20 219.25
617 0 20 224
618 0 20 228.75
619 0 20 233.5
620 0 20 238.25
621 0 20 243
622 0 20 247.75
623 0 20 252.5
624 0 20 257.25
625 0 20 262
626 0 20 266.75
627 0 20 271.5
628 0 20 276.25
629 0 20 281
630 0 20 285.75
631 0 20 290.5
632 0 20 295.25
633 0 20 300
634 0 20 304.75
635 0 20 309.5
636 0 20 314.25
637 0 20 319
638 0 20 323.75
639 0 20 328.5
640 0 20 333.25
641 0 20 338
642 0 20 342.75
643 0 20 347.5
644 0 20 352.25
645 0 20 357
646 0 20 361.75
647 0 20 366.5
648 0 20 371.25
649 0 20 376
650 0 20 380.75
651 0 20 385.5
652 0 20 390.25
653 0 20 395
654 0 20 399.75
655 -17.32050807568877 10 219.25
656 -17.32050807568877 10 224
657 -17.32050807568877 10 228.75
658 -17.32050807568877 10 233.5
659 -17.32050807568877 10 238.25
660 -17.32050807568877 10 243
661 -17.32050807568877 10 247.75
662 -17.32050807568877 10 252.5
663 -17.32050807568877 10 257.25
664 -17.32050807568877 10 262
665 -17.32050807568877 10 266.75
666 -17.32050807568877 10 271.5
667 -17.32050807568877 10 276.25
668 -17.32050807568877 10 281
669 -17.32050807568877 10 285.75
670 -17.32050807568877 10 290.5
671 -17.32050807568877 10 295.25
672 -17.32050807568877 10 300
673 -17.32050807568877 10 304.75
674 -17.32050807568877 10 309.5
675 -17.32050807568877 10 314.25
676 -17.32050807568877 10 319
677 -17.32050807568877 10 323.75
678 -17.32050807568877 10 328.5
679 -17.32050807568877 10 333.25
680 -17.32050807568877 10 338
681 -17.32050807568877 10 342.75
682 -17.32050807568877 10 347.5
683 -17.32050807568877 10 352.25
684 -17.32050807568877 10 357
685 -17.32050807568877 10 361.75
686 -17.32050807568877 10 366.5
687 -17.32050807568877 10 371.25
688 -17.32050807568877 10 376
689 -17.32050807568877 10 380.75
690 -17.32050807568877 10 385.5
691 -17.32050807568877 10 390.25
692 -17.32050807568877 10 395
693 -17.32050807568877 10 399.75
694 -17.32050807568877 -10 219.25
695 -17.32050807568877 -10 224
696 -17.32050807568877 -10 228.75
697 -17.32050807568877 -10 233.5
698 -17.32050807568877 -10 238.25
699 -17.32050807568877 -10 243
700 -17.32050807568877 -10 247.75
701 -17.32050807568877 -10 252.5
702 -17.32050807568877 -10 257.25
703 -17.32050807568877 -10 262
704 -17.32050807568877 -10 266.75
705 -17.32050807568877 -10 271.5
706 -17.32050807568877 -10 276.25
707 -17.32050807568877 -10 281
708 -17.32050807568877 -10 285.75
709 -17.32050807568877 -10 290.5
710 -17.32050807568877 -10 295.25
711 -17.32050807568877 -10 300
712 -17.32050807568877 -10 304.75
713 -17.32050807568877 -10 309.5
714 -17.32050807568877 -10 314.25
715 -17.32050807568877 -10 319
716 -17.32050807568877 -10 323.75
717 -17.32050807568877 -10 328.5
718 -17.32050807568877 -10 333.25
719 -17.32050807568877 -10 338
720 -17.32050807568877 -10 342.75
721 -17.32050807568877 -10 347.5
722 -17.32050807568877 -10 352.25
723 -17.32050807568877 -10 357
724 -17.32050807568877 -10 361.75
725 -17.32050807568877 -10 366.5
726 -17.32050807568877 -10 371.25
727 -17.32050807568877 -10 376
728 -17.32050807568877 -10 380.75
729 -17.32050807568877 -10 385.5
730 -17.32050807568877 -10 390.25
731 -17.32050807568877 -10 395
732 -17.32050807568877 -10 399.75
733 0 -20 219.25
734 0 -20 224
735 0 -20 228.75
736 0 -20 233.5
737 0 -20 238.25
738 0 -20 243
739 0 -20 247.75
740 0 -20 252.5
741 0 -20 257.25
742 0 -20 262
743 0 -20 266.75
744 0 -20 271.5
745 0 -20 276.25
746 0 -20 281
747 0 -20 285.75
748 0 -20 290.5
749 0 -20 295.25
750 0 -20 300
751 0 -20 304.75
752 0 -20 309.5
753 0 -20 314.25
754 0 -20 319
755 0 -20 323.75
756 0 -20 328.5
757 0 -20 333.25
758 0 -20 338
759 0 -20 342.75
760 0 -20 347.5
761 0 -20 352.25
762 0 -20 357
763 0 -20 361.75
764 0 -20 366.5
765 0 -20 371.25
766 0 -20 376
767 0 -20 380.75
768 0 -20 385.5
769 0 -20 390.25
770 0 -20 395
771 0 -20 399.75
772 17.32050807568877 -10 219.25
773 17.32050807568877 -10 224
774 17.32050807568877 -10 228.75
775 17.32050807568877 -10 233.5
776 17.32050807568877 -10 238.25
777 17.32050807568877 -10 243
778 17.32050807568877 -10 247.75
779 17.32050807568877 -10 252.5
780 17.32050807568877 -10 257.25
781 17.32050807568877 -10 262
782 17.32050807568877 -10 266.75
783 17.32050807568877 -10 271.5
784 17.32050807568877 -10 276.25
785 17.32050807568877 -10 281
786 17.32050807568877 -10 285.75
787 17.32050807568877 -10 290.5
788 17.32050807568877 -10 295.25
789 17.32050807568877 -10 300
790 17.32050807568877 -10 304.75
791 17.32050807568877 -10 309.5
792 17.32050807568877 -10 314.25
793 17.32050807568877 -10 319
794 17.32050807568877 -10 323.75
795 17.32050807568877 -10 328.5
796 17.32050807568877 -10 333.25
797 17.32050807568877 -10 338
798 17.32050807568877 -10 342.75
799 17.32050807568877 -10 347.5
800 17.32050807568877 -10 352.25
801 17.32050807568877 -10 357
802 17.32050807568877 -10 361.75
803 17.32050807568877 -10 366.5
804 17.32050807568877 -10 371.25
805 17.32050807568877 -10 376
806 17.32050807568877 -10 380.75
807 17.32050807568877 -10 385.5
808 17.32050807568877 -10 390.25
809 17.32050807568877 -10 395
810 17.32050807568877 -10 399.75
811 -1.338333733465819 -3.128277059075661 0
812 -12.85273202838408 -7.658331088909613 0
813 11.63188280557378 -2.995136046933196 0
814 7.514607545963853 0.07114239662751487 0
815 2.539149994709444 -8.738882325388637 0
816 2.12964735650302 6.747792269711751 0
817 8.434131665013517 -8.070830980526347 0
818 2.95816346022591 1.585972477032862 0
819 13.87422808852985 -7.33936827859767 0
820 12.27517991161143 7.336807072227995 0
821 6.91877248930069 4.34281597052799 0
822 2.880978530685488 12.03131349602651 0
823 -2.599974635763035 8.852740001219731 0
824 12.06554170944527 2.477026388090364 0
825 6.490045526743329 -12.83709637006167 0
826 -2.944779576834328 -9.789063985719443 0
827 -3.932884930068824 -14.88656419982845 0
828 -8.295695409124429 -10.81048953127438 0
829 -2.278415394009257 14.49230675883145 0
830 7.575888240161373 9.741227422855252 0
831 -12.60392507738939 7.583302286433548 0
832 -7.716940177929303 -5.670116731482193 0
833 1.183645863594024 -13.79302461187124 0
834 -7.569657615143476 10.56209381457361 0
835 5.160731452809635 -3.865524792517423 0
836 -12.51150205976542 2.579345919803289 0
837 -7.466260867330856 5.793374932375399 0
838 -2.198803314333113 3.281080686093885 0
839 -12.43304198060404 -2.652370067548164 0
840 -7.277480355571426 0.03383961336109246 0
841 12.99038105676654 12.50000000000002 4.75
842 12.99038105676654 12.50000000000002 9.5
843 12.99038105676654 12.50000000000002 14.25
844 12.99038105676654 12.50000000000002 19
845 12.99038105676654 12.50000000000002 23.75
846 12.99038105676654 12.50000000000002 28.5
847 12.99038105676654 12.50000000000002 33.25
848 12.99038105676654 12.50000000000002 38
849 12.99038105676654 12.50000000000002 42.75
850 12.99038105676654 12.50000000000002 47.5
851 12.99038105676654 12.50000000000002 52.25000000000001
852 12.99038105676654 12.50000000000002 57
853 12.99038105676654 12.50000000000002 61.75
854 12.99038105676654 12.50000000000002 66.5
855 12.99038105676654 12.50000000000002 71.25
856 12.99038105676654 12.50000000000002 76
857 12.99038105676654 12.50000000000002 80.75
858 12.99038105676654 12.50000000000002 85.5
859 12.99038105676654 12.50000000000002 90.25
860 12.99038105676654 12.50000000000002 95
861 12.99038105676654 12.50000000000002 99.75
862 12.99038105676654 12.50000000000002 104.5
863 12.99038105676654 12.50000000000002 109.25
864 12.99038105676654 12.50000000000002 114
865 12.99038105676654 12.50000000000002 118.75
866 12.99038105676654 12.50000000000002 123.5
867 12.99038105676654 12.50000000000002 128.25
868 12.99038105676654 12.50000000000002 133
869 12.99038105676654 12.50000000000002 137.75
870 12.99038105676654 12.50000000000002 142.5
871 12.99038105676654 12.50000000000002 147.25
872 12.99038105676654 12.50000000000002 152
873 12.99038105676654 12.50000000000002 156.75
874 12.99038105676654 12.50000000000002 161.5
875 12.99038105676654 12.50000000000002 166.25
876 12.99038105676654 12.50000000000002 171
877 12.99038105676654 12.50000000000002 175.75
878 12.99038105676654 12.50000000000002 180.5
879 12.99038105676654 12.50000000000002 185.25
880 8.660254037844306 15.00000000000005 4.75
881 8.660254037844306 15.00000000000005 9.5
882 8.660254037844306 15.00000000000005 14.25
883 8.660254037844306 15.00000000000005 19
884 8.660254037844306 15.00000000000005 23.75
885 8.660254037844306 15.00000000000005 28.5
886 8.660254037844306 15.00000000000005 33.25
887 8.660254037844306 15.00000000000005 38
888 8.660254037844306 15.00000000000005 42.75
889 8.660254037844306 15.00000000000005 47.5
890 8.660254037844306 15.00000000000005 52.25000000000001
891 8.660254037844306 15.00000000000005 57
892 8.660254037844306 15.00000000000005 61.75
893 8.660254037844306 15.00000000000005 66.5
894 8.660254037844306 15.00000000000005 71.25
895 8.660254037844306 15.00000000000005 76
896 8.660254037844306 15.00000000000005 80.75
897 8.660254037844306 15.00000000000005 85.5
898 8.660254037844306 15.00000000000005 90.25
899 8.660254037844306 15.00000000000005 95
900 8.660254037844306 15.00000000000005 99.75
901 8.660254037844306 15.00000000000005 104.5
902 8.660254037844306 15.00000000000005 109.25
903 8.660254037844306 15.00000000000005 114
904 8.660254037844306 15.00000000000005 118.75
905 8.660254037844306 15.00000000000005 123.5
906 8.660254037844306 15.00000000000005 128.25
907 8.660254037844306 15.00000000000005 133
908 8.660254037844306 15.00000000000005 137.75
909 8.660254037844306 15.00000000000005 142.5
910 8.660254037844306 15.00000000000005 147.25
911 8.660254037844306 15.00000000000005 152
912 8.660254037844306 15.00000000000005 156.75
913 8.660254037844306 15.00000000000005 161.5
914 8.660254037844306 15.00000000000005 166.25
915 8.660254037844306 15.00000000000005 171
916 8.660254037844306 15.00000000000005 175.75
917 8.660254037844306 15.00000000000005 180.5
918 8.660254037844306 15.00000000000005 185.25
919 4.330127018922252 17.49999999999996 4.75
920 4.330127018922252 17.49999999999996 9.5
921 4.330127018922252 17.49999999999996 14.25
922 4.330127018922252 17.49999999999996 19
923 4.330127018922252 17.49999999999996 23.75
924 4.330127018922252 17.49999999999996 28.5
925 4.330127018922252 17.49999999999996 33.25
926 4.330127018922252 17.49999999999996 38
927 4.330127018922252 17.49999999999996 42.75
928 4.330127018922252 17.49999999999996 47.5
929 4.330127018922252 17.49999999999996 52.25000000000001
930 4.330127018922252 17.49999999999996 57
931 4.330127018922252 17.49999999999996 61.75
932 4.330127018922252 17.49999999999996 66.5
933 4.330127018922252 17.49999999999996 71.25
934 4.330127018922252 17.49999999999996 76
935 4.330127018922252 17.49999999999996 80.75
936 4.330127018922252 17.49999999999996 85.5
937 4.330127018922252 17.49999999999996 90.25
938 4.330127018922252 17.49999999999996 95
939 4.330127018922252 17.49999999999996 99.75
940 4.330127018922252 17.49999999999996 104.5
941 4.330127018922252 17.49999999999996 109.25
942 4.330127018922252 17.49999999999996 114
943 4.330127018922252 17.49999999999996 118.75
944 4.330127018922252 17.49999999999996 123.5
945 4.330127018922252 17.49999999999996 128.25
946 4.330127018922252 17.49999999999996 133
947 4.330127018922252 17.49999999999996 137.75
948 4.330127018922252 17.49999999999996 142.5
949 4.330127018922252 17.49999999999996 147.25
950 4.330127018922252 17.49999999999996 152
951 4.330127018922252 17.49999999999996 156.75
952 4.330127018922252 17.49999999999996 161.5
953 4.330127018922252 17.49999999999996 166.25
954 4.330127018922252 17.49999999999996 171
955 4.330127018922252 17.49999999999996 175.75
956 4.330127018922252 17.49999999999996 180.5
957 4.330127018922252 17.49999999999996 185.25
958 -4.33012701892195 17.50000000000014 4.75
959 -4.33012701892195 17.50000000000014 9.5
960 -4.33012701892195 17.50000000000014 14.25
961 -4.33012701892195 17.50000000000014 19
962 -4.33012701892195 17.50000000000014 23.75
963 -4.33012701892195 17.50000000000014 28.5
964 -4.33012701892195 17.50000000000014 33.25
965 -4.33012701892195 17.50000000000014 38
966 -4.33012701892195 17.50000000000014 42.75
967 -4.33012701892195 17.50000000000014 47.5
968 -4.33012701892195 17.50000000000014 52.25000000000001
969 -4.33012701892195 17.50000000000014 57
970 -4.33012701892195 17.50000000000014 61.75
971 -4.33012701892195 17.50000000000014 66.5
972 -4.33012701892195 17.50000000000014 71.25
973 -4.33012701892195 17.50000000000014 76
974 -4.33012701892195 17.50000000000014 80.75
975 -4.33012701892195 17.50000000000014 85.5
976 -4.33012701892195 17.50000000000014 90.25
977 -4.33012701892195 17.50000000000014 95
978 -4.33012701892195 17.50000000000014 99.75
979 -4.33012701892195 17.50000000000014 104.5
980 -4.33012701892195 17.50000000000014 109.25
981 -4.33012701892195 17.50000000000014 114
982 -4.33012701892195 17.50000000000014 118.75
983 -4.33012701892195 17.50000000000014 123.5
984 -4.33012701892195 17.50000000000014 128.25
985 -4.33012701892195 17.50000000000014 133
986 -4.33012701892195 17.50000000000014 137.75
987 -4.33012701892195 17.50000000000014 142.5
988 -4.33012701892195 17.50000000000014 147.25
989 -4.33012701892195 17.50000000000014 152
990 -4.33012701892195 17.50000000000014 156.75
991 -4.33012701892195 17.50000000000014 161.5
992 -4.33012701892195 17.50000000000014 166.25
993 -4.33012701892195 17.50000000000014 171
994 -4.33012701892195 17.50000000000014 175.75
995 -4.33012701892195 17.50000000000014 180.5
996 -4.33012701892195 17.50000000000014 185.25
997 -8.660254037844073 15.00000000000018 4.75
998 -8.660254037844073 15.00000000000018 9.5
999 -8.660254037844073 15.00000000000018 14.25
1000 -8.660254037844073 15.00000000000018 19
1001 -8.660254037844073 15.00000000000018 23.75
1002 -8.660254037844073 15.00000000000018 28.5
1003 -8.660254037844073 15.00000000000018 33.25
1004 -8.660254037844073 15.00000000000018 38
1005 -8.660254037844073 15.00000000000018 42.75
1006 -8.660254037844073 15.00000000000018 47.5
1007 -8.660254037844073 15.00000000000018 52.25000000000001
1008 -8.660254037844073 15.00000000000018 57
1009 -8.660254037844073 15.00000000000018 61.75
1010 -8.660254037844073 15.00000000000018 66.5
1011 -8.660254037844073 15.00000000000018 71.25
1012 -8.660254037844073 15.00000000000018 76
1013 -8.660254037844073 15.00000000000018 80.75
1014 -8.660254037844073 15.00000000000018 85.5
1015 -8.660254037844073 15.00000000000018 90.25
1016 -8.660254037844073 15.00000000000018 95
1017 -8.660254037844073 15.00000000000018 99.75
1018 -8.660254037844073 15.00000000000018 104.5
1019 -8.660254037844073 15.00000000000018 109.25
1020 -8.660254037844073 15.00000000000018 114
1021 -8.660254037844073 15.00000000000018 118.75
1022 -8.660254037844073 15.00000000000018 123.5
1023 -8.660254037844073 15.00000000000018 128.25
1024 -8.660254037844073 15.00000000000018 133
1025 -8.660254037844073 15.00000000000018 137.75
1026 -8.660254037844073 15.00000000000018 142.5
1027 -8.660254037844073 15.00000000000018 147.25
1028 -8.660254037844073 15.00000000000018 152
1029 -8.660254037844073 15.00000000000018 156.75
1030 -8.660254037844073 15.00000000000018 161.5
1031 -8.660254037844073 15.00000000000018 166.25
1032 -8.660254037844073 15.00000000000018 171
1033 -8.660254037844073 15.00000000000018 175.75
1034 -8.660254037844073 15.00000000000018 180.5
1035 -8.660254037844073 15.00000000000018 185.25
1036 -12.99038105676637 12.50000000000012 4.75
1037 -12.99038105676637 12.50000000000012 9.5
1038 -12.99038105676637 12.50000000000012 14.25
1039 -12.99038105676637 12.50000000000012 19
1040 -12.99038105676637 12.50000000000012 23.75
1041 -12.99038105676637 12.50000000000012 28.5
1042 -12.99038105676637 12.50000000000012 33.25
1043 -12.99038105676637 12.50000000000012 38
1044 -12.99038105676637 12.50000000000012 42.75
1045 -12.99038105676637 12.50000000000012 47.5
1046 -12.99038105676637 12.50000000000012 52.25000000000001
1047 -12.99038105676637 12.50000000000012 57
1048 -12.99038105676637 12.50000000000012 61.75
1049 -12.99038105676637 12.50000000000012 66.5
1050 -12.99038105676637 12.50000000000012 71.25
1051 -12.99038105676637 12.50000000000012 76
1052 -12.99038105676637 12.50000000000012 80.75
1053 -12.99038105676637 12.50000000000012 85.5
1054 -12.99038105676637 12.50000000000012 90.25
1055 -12.99038105676637 12.50000000000012 95
1056 -12.99038105676637 12.50000000000012 99.75
1057 -12.99038105676637 12.50000000000012 104.5
1058 -12.99038105676637 12.50000000000012 109.25
1059 -12.99038105676637 12.50000000000012 114
1060 -12.99038105676637 12.50000000000012 118.75
1061 -12.99038105676637 12.50000000000012 123.5
1062 -12.99038105676637 12.50000000000012 128.25
1063 -12.99038105676637 12.50000000000012 133
1064 -12.99038105676637 12.50000000000012 137.75
1065 -12.99038105676637 12.50000000000012 142.5
1066 -12.99038105676637 12.50000000000012 147.25
1067 -12.99038105676637 12.50000000000012 152
1068 -12.99038105676637 12.50000000000012 156.75
1069 -12.99038105676637 12.50000000000012 161.5
1070 -12.99038105676637 12.50000000000012 166.25
1071 -12.99038105676637 12.50000000000012 171
1072 -12.99038105676637 12.50000000000012 175.75
1073 -12.99038105676637 12.50000000000012 180.5
1074 -12.99038105676637 12.50000000000012 185.25
1075 -17.32050807568877 5.000000000000028 4.75
1076 -17.32050807568877 5.000000000000028 9.5
1077 -17.32050807568877 5.000000000000028 14.25
1078 -17.32050807568877 5.000000000000028 19
1079 -17.32050807568877 5.000000000000028 23.75
1080 -17.32050807568877 5.000000000000028 28.5
1081 -17.32050807568877 5.000000000000028 33.25
1082 -17.32050807568877 5.000000000000028 38
1083 -17.32050807568877 5.000000000000028 42.75
1084 -17.32050807568877 5.000000000000028 47.5
1085 -17.32050807568877 5.000000000000028 52.25000000000001
1086 -17.32050807568877 5.000000000000028 57
1087 -17.32050807568877 5.000000000000028 61.75
1088 -17.32050807568877 5.000000000000028 66.5
1089 -17.32050807568877 5.000000000000028 71.25
1090 -17.32050807568877 5.000000000000028 76
1091 -17.32050807568877 5.000000000000028 80.75
1092 -17.32050807568877 5.000000000000028 85.5
1093 -17.32050807568877 5.000000000000028 90.25
1094 -17.32050807568877 5.000000000000028 95
1095 -17.32050807568877 5.000000000000028 99.75
1096 -17.32050807568877 5.000000000000028 104.5
1097 -17.32050807568877 5.000000000000028 109.25
1098 -17.32050807568877 5.000000000000028 114
1099 -17.32050807568877 5.000000000000028 118.75
1100 -17.32050807568877 5.000000000000028 123.5
1101 -17.32050807568877 5.000000000000028 128.25
1102 -17.32050807568877 5.000000000000028 133
1103 -17.32050807568877 5.000000000000028 137.75
1104 -17.32050807568877 5.000000000000028 142.5
1105 -17.32050807568877 5.000000000000028 147.25
1106 -17.32050807568877 5.000000000000028 152
1107 -17.32050807568877 5.000000000000028 156.75
1108 -17.32050807568877 5.000000000000028 161.5
1109 -17.32050807568877 5.000000000000028 166.25
1110 -17.32050807568877 5.000000000000028 171
1111 -17.32050807568877 5.000000000000028 175.75
1112 -17.32050807568877 5.000000000000028 180.5
1113 -17.32050807568877 5.000000000000028 185.25
1114 -17.32050807568877 1.121325254871408e-13 4.75
1115 -17.32050807568877 1.121325254871408e-13 9.5
1116 -17.32050807568877 1.121325254871408e-13 14.25
1117 -17.32050807568877 1.121325254871408e-13 19
1118 -17.32050807568877 1.121325254871408e-13 23.75
1119 -17.32050807568877 1.121325254871408e-13 28.5
1120 -17.32050807568877 1.121325254871408e-13 33.25
1121 -17.32050807568877 1.121325254871408e-13 38
1122 -17.32050807568877 1.121325254871408e-13 42.75
1123 -17.32050807568877 1.121325254871408e-13 47.5
1124 -17.32050807568877 1.121325254871408e-13 52.25000000000001
1125 -17.32050807568877 1.121325254871408e-13 57
1126 -17.32050807568877 1.121325254871408e-13 61.75
1127 -17.32050807568877 1.121325254871408e-13 66.5
1128 -17.32050807568877 1.121325254871408e-13 71.25
1129 -17.32050807568877 1.121325254871408e-13 76
1130 -17.32050807568877 1.121325254871408e-13 80.75
1131 -17.32050807568877 1.121325254871408e-13 85.5
1132 -17.32050807568877 1.121325254871408e-13 90.25
1133 -17.32050807568877 1.121325254871408e-13 95
1134 -17.32050807568877 1.121325254871408e-13 99.75
1135 -17.32050807568877 1.121325254871408e-13 104.5
1136 -17.32050807568877 1.121325254871408e-13 109.25
1137 -17.32050807568877 1.121325254871408e-13 114
1138 -17.32050807568877 1.121325254871408e-13 118.75
1139 -17.32050807568877 1.121325254871408e-13 123.5
1140 -17.32050807568877 1.121325254871408e-13 128.25
1141 -17.32050807568877 1.121325254871408e-13 133
1142 -17.32050807568877 1.121325254871408e-13 137.75
1143 -17.32050807568877 1.121325254871408e-13 142.5
1144 -17.32050807568877 1.121325254871408e-13 147.25
1145 -17.32050807568877 1.121325254871408e-13 152
1146 -17.32050807568877 1.121325254871408e-13 156.75
1147 -17.32050807568877 1.121325254871408e-13 161.5
1148 -17.32050807568877 1.121325254871408e-13 166.25
1149 -17.32050807568877 1.121325254871408e-13 171
1150 -17.32050807568877 1.121325254871408e-13 175.75
1151 -17.32050807568877 1.121325254871408e-13 180.5
1152 -17.32050807568877 1.121325254871408e-13 185.25
1153 -17.32050807568877 -4.999999999999805 4.75
1154 -17.32050807568877 -4.999999999999805 9.5
1155 -17.32050807568877 -4.999999999999805 14.25
1156 -17.32050807568877 -4.999999999999805 19
1157 -17.32050807568877 -4.999999999999805 23.75
1158 -17.32050807568877 -4.999999999999805 28.5
1159 -17.32050807568877 -4.999999999999805 33.25
1160 -17.32050807568877 -4.999999999999805 38
1161 -17.32050807568877 -4.999999999999805 42.75
1162 -17.32050807568877 -4.999999999999805 47.5
1163 -17.32050807568877 -4.999999999999805 52.25000000000001
1164 -17.32050807568877 -4.999999999999805 57
1165 -17.32050807568877 -4.999999999999805 61.75
1166 -17.32050807568877 -4.999999999999805 66.5
1167 -17.32050807568877 -4.999999999999805 71.25
1168 -17.32050807568877 -4.999999999999805 76
1169 -17.32050807568877 -4.999999999999805 80.75
1170 -17.32050807568877 -4.999999999999805 85.5
1171 -17.32050807568877 -4.999999999999805 90.25
1172 -17.32050807568877 -4.999999999999805 95
1173 -17.32050807568877 -4.999999999999805 99.75
1174 -17.32050807568877 -4.999999999999805 104.5
1175 -17.32050807568877 -4.999999999999805 109.25
1176 -17.32050807568877 -4.999999999999805 114
1177 -17.32050807568877 -4.999999999999805 118.75
1178 -17.32050807568877 -4.999999999999805 123.5
1179 -17.32050807568877 -4.999999999999805 128.25
1180 -17.32050807568877 -4.999999999999805 133
1181 -17.32050807568877 -4.999999999999805 137.75
1182 -17.32050807568877 -4.999999999999805 142.5
1183 -17.32050807568877 -4.999999999999805 147.25
1184 -17.32050807568877 -4.999999999999805 152
1185 -17.32050807568877 -4.999999999999805 156.75
1186 -17.32050807568877 -4.999999999999805 161.5
1187 -17.32050807568877 -4.999999999999805 166.25
1188 -17.32050807568877 -4.999999999999805 171
1189 -17.32050807568877 -4.999999999999805 175.75
1190 -17.32050807568877 -4.999999999999805 180.5
1191 -17.32050807568877 -4.999999999999805 185.25
1192 -12.99038105676654 -12.50000000000002 4.75
1193 -12.99038105676654 -12.50000000000002 9.5
1194 -12.99038105676654 -12.50000000000002 14.25
1195 -12.99038105676654 -12.50000000000002 19
1196 -12.99038105676654 -12.50000000000002 23.75
1197 -12.99038105676654 -12.50000000000002 28.5
1198 -12.99038105676654 -12.50000000000002 33.25
1199 -12.99038105676654 -12.50000000000002 38
1200 -12.99038105676654 -12.50000000000002 42.75
1201 -12.99038105676654 -12.50000000000002 47.5
1202 -12.99038105676654 -12.50000000000002 52.25000000000001
1203 -12.99038105676654 -12.50000000000002 57
1204 -12.99038105676654 -12.50000000000002 61.75
1205 -12.99038105676654 -12.50000000000002 66.5
1206 -12.99038105676654 -12.50000000000002 71.25
1207 -12.99038105676654 -12.50000000000002 76
1208 -12.99038105676654 -12.50000000000002 80.75
1209 -12.99038105676654 -12.50000000000002 85.5
1210 -12.99038105676654 -12.50000000000002 90.25
1211 -12.99038105676654 -12.50000000000002 95
1212 -12.99038105676654 -12.50000000000002 99.75
1213 -12.99038105676654 -12.50000000000002 104.5
1214 -12.99038105676654 -12.50000000000002 109.25
1215 -12.99038105676654 -12.50000000000002 114
1216 -12.99038105676654 -12.50000000000002 118.75
1217 -12.99038105676654 -12.50000000000002 123.5
1218 -12.99038105676654 -12.50000000000002 128.25
1219 -12.99038105676654 -12.50000000000002 133
1220 -12.99038105676654 -12.50000000000002 137.75
1221 -12.99038105676654 -12.50000000000002 142.5
1222 -12.99038105676654 -12.50000000000002 147.25
1223 -12.99038105676654 -12.50000000000002 152
1224 -12.99038105676654 -12.50000000000002 156.75
1225 -12.99038105676654 -12.50000000000002 161.5
1226 -12.99038105676654 -12.50000000000002 166.25
1227 -12.99038105676654 -12.50000000000002 171
1228 -12.99038105676654 -12.50000000000002 175.75
1229 -12.99038105676654 -12.50000000000002 180.5
1230 -12.99038105676654 -12.50000000000002 185.25
1231 -8.660254037844306 -15.00000000000005 4.75
1232 -8.660254037844306 -15.00000000000005 9.5
1233 -8.660254037844306 -15.00000000000005 14.25
1234 -8.660254037844306 -15.00000000000005 19
1235 -8.660254037844306 -15.00000000000005 23.75
1236 -8.660254037844306 -15.00000000000005 28.5
1237 -8.660254037844306 -15.00000000000005 33.25
1238 -8.660254037844306 -15.00000000000005 38
1239 -8.660254037844306 -15.00000000000005 42.75
1240 -8.660254037844306 -15.00000000000005 47.5
1241 -8.660254037844306 -15.00000000000005 52.25000000000001
1242 -8.660254037844306 -15.00000000000005 57
1243 -8.660254037844306 -15.00000000000005 61.75
1244 -8.660254037844306 -15.00000000000005 66.5
1245 -8.660254037844306 -15.00000000000005 71.25
1246 -8.660254037844306 -15.00000000000005 76
1247 -8.660254037844306 -15.00000000000005 80.75
1248 -8.660254037844306 -15.00000000000005 85.5
1249 -8.660254037844306 -15.00000000000005 90.25
1250 -8.660254037844306 -15.00000000000005 95
1251 -8.660254037844306 -15.00000000000005 99.75
1252 -8.660254037844306 -15.00000000000005 104.5
1253 -8.660254037844306 -15.00000000000005 109.25
1254 -8.660254037844306 -15.00000000000005 114
1255 -8.660254037844306 -15.00000000000005 118.75
1256 -8.660254037844306 -15.00000000000005 123.5
1257 -8.660254037844306 -15.00000000000005 128.25
1258 -8.660254037844306 -15.00000000000005 133
1259 -8.660254037844306 -15.00000000000005 137.75
1260 -8.660254037844306 -15.00000000000005 142.5
1261 -8.660254037844306 -15.00000000000005 147.25
1262 -8.660254037844306 -15.00000000000005 152
1263 -8.660254037844306 -15.00000000000005 156.75
1264 -8.660254037844306 -15.00000000000005 161.5
1265 -8.660254037844306 -15.00000000000005 166.25
1266 -8.660254037844306 -15.00000000000005 171
1267 -8.660254037844306 -15.00000000000005 175.75
1268 -8.660254037844306 -15.00000000000005 180.5
1269 -8.660254037844306 -15.00000000000005 185.25
1270 -4.330127018922252 -17.49999999999996 4.75
1271 -4.330127018922252 -17.49999999999996 9.5
1272 -4.330127018922252 -17.49999999999996 14.25
1273 -4.330127018922252 -17.49999999999996 19
1274 -4.330127018922252 -17.49999999999996 23.75
1275 -4.330127018922252 -17.49999999999996 28.5
1276 -4.330127018922252 -17.49999999999996 33.25
1277 -4.330127018922252 -17.49999999999996 38
1278 -4.330127018922252 -17.49999999999996 42.75
1279 -4.330127018922252 -17.49999999999996 47.5
1280 -4.330127018922252 -17.49999999999996 52.25000000000001
1281 -4.330127018922252 -17.49999999999996 57
1282 -4.330127018922252 -17.49999999999996 61.75
1283 -4.330127018922252 -17.49999999999996 66.5
1284 -4.330127018922252 -17.49999999999996 71.25
1285 -4.330127018922252 -17.49999999999996 76
1286 -4.330127018922252 -17.49999999999996 80.75
1287 -4.330127018922252 -17.49999999999996 85.5
1288 -4.330127018922252 -17.49999999999996 90.25
1289 -4.330127018922252 -17.49999999999996 95
1290 -4.330127018922252 -17.49999999999996 99.75
1291 -4.330127018922252 -17.49999999999996 104.5
1292 -4.330127018922252 -17.49999999999996 109.25
1293 -4.330127018922252 -17.49999999999996 114
1294 -4.330127018922252 -17.49999999999996 118.75
1295 -4.330127018922252 -17.49999999999996 123.5
1296 -4.330127018922252 -17.49999999999996 128.25
1297 -4.330127018922252 -17.49999999999996 133
1298 -4.330127018922252 -17.49999999999996 137.75
1299 -4.330127018922252 -17.49999999999996 142.5
1300 -4.330127018922252 -17.49999999999996 147.25
1301 -4.330127018922252 -17.49999999999996 152
1302 -4.330127018922252 -17.49999999999996 156.75
1303 -4.330127018922252 -17.49999999999996 161.5
1304 -4.330127018922252 -17.49999999999996 166.25
1305 -4.330127018922252 -17.49999999999996 171
1306 -4.330127018922252 -17.49999999999996 175.75
1307 -4.330127018922252 -17.49999999999996 180.5
1308 -4.330127018922252 -17.49999999999996 185.25
1309 4.33012701892195 -17.50000000000014 4.75
1310 4.33012701892195 -17.50000000000014 9.5
1311 4.33012701892195 -17.50000000000014 14.25
1312 4.33012701892195 -17.50000000000014 19
1313 4.33012701892195 -17.50000000000014 23.75
1314 4.33012701892195 -17.50000000000014 28.5
1315 4.33012701892195 -17.50000000000014 33.25
1316 4.33012701892195 -17.50000000000014 38
1317 4.33012701892195 -17.50000000000014 42.75
1318 4.33012701892195 -17.50000000000014 47.5
1319 4.33012701892195 -17.50000000000014 52.25000000000001
1320 4.33012701892195 -17.50000000000014 57
1321 4.33012701892195 -17.50000000000014 61.75
1322 4.33012701892195 -17.50000000000014 66.5
1323 4.33012701892195 -17.50000000000014 71.25
1324 4.33012701892195 -17.50000000000014 76
1325 4.33012701892195 -17.50000000000014 80.75
1326 4.33012701892195 -17.50000000000014 85.5
1327 4.33012701892195 -17.50000000000014 90.25
1328 4.33012701892195 -17.50000000000014 95
1329 4.33012701892195 -17.50000000000014 99.75
1330 4.33012701892195 -17.50000000000014 104.5
1331 4.33012701892195 -17.50000000000014 109.25
1332 4.33012701892195 -17.50000000000014 114
1333 4.33012701892195 -17.50000000000014 118.75
1334 4.33012701892195 -17.50000000000014 123.5
1335 4.33012701892195 -17.50000000000014 128.25
1336 4.33012701892195 -17.50000000000014 133
1337 4.33012701892195 -17.50000000000014 137.75
1338 4.33012701892195 -17.50000000000014 142.5
1339 4.33012701892195 -17.50000000000014 147.25
1340 4.33012701892195 -17.50000000000014 152
1341 4.33012701892195 -17.50000000000014 156.75
1342 4.33012701892195 -17.50000000000014 161.5
1343 4.33012701892195 -17.50000000000014 166.25
1344 4.33012701892195 -17.50000000000014 171
1345 4.33012701892195 -17.50000000000014 175.75
1346 4.33012701892195 -17.50000000000014 180.5
1347 4.33012701892195 -17.50000000000014 185.25
1348 8.660254037844073 -15.00000000000018 4.75
1349 8.660254037844073 -15.00000000000018 9.5
1350 8.660254037844073 -15.00000000000018 14.25
1351 8.660254037844073 -15.00000000000018 19
1352 8.660254037844073 -15.00000000000018 23.75
1353 8.660254037844073 -15.00000000000018 28.5
1354 8.660254037844073 -15.00000000000018 33.25
1355 8.660254037844073 -15.00000000000018 38
1356 8.660254037844073 -15.00000000000018 42.75
1357 8.660254037844073 -15.00000000000018 47.5
1358 8.660254037844073 -15.00000000000018 52.25000000000001
1359 8.660254037844073 -15.00000000000018 57
1360 8.660254037844073 -15.00000000000018 61.75
1361 8.660254037844073 -15.00000000000018 66.5
1362 8.660254037844073 -15.00000000000018 71.25
1363 8.660254037844073 -15.00000000000018 76
1364 8.660254037844073 -15.00000000000018 80.75
1365 8.660254037844073 -15.00000000000018 85.5
1366 8.660254037844073 -15.00000000000018 90.25
1367 8.660254037844073 -15.00000000000018 95
1368 8.660254037844073 -15.00000000000018 99.75
1369 8.660254037844073 -15.00000000000018 104.5
1370 8.660254037844073 -15.00000000000018 109.25
1371 8.660254037844073 -15.00000000000018 114
1372 8.660254037844073 -15.00000000000018 118.75
1373 8.660254037844073 -15.00000000000018 123.5
1374 8.660254037844073 -15.00000000000018 128.25
1375 8.660254037844073 -15.00000000000018 133
1376 8.660254037844073 -15.00000000000018 137.75
1377 8.660254037844073 -15.00000000000018 142.5
1378 8.660254037844073 -15.00000000000018 147.25
1379 8.660254037844073 -15.00000000000018 152
1380 8.660254037844073 -15.00000000000018 156.75
1381 8.660254037844073 -15.00000000000018 161.5
1382 8.660254037844073 -15.00000000000018 166.25
1383 8.660254037844073 -15.00000000000018 171
1384 8.660254037844073 -15.00000000000018 175.75
1385 8.660254037844073 -15.00000000000018 180.5
1386 8.660254037844073 -15.00000000000018 185.25
1387 12.99038105676637 -12.50000000000012 4.75
1388 12.99038105676637 -12.50000000000012 9.5
1389 12.99038105676637 -12.50000000000012 14.25
1390 12.99038105676637 -12.50000000000012 19
1391 12.99038105676637 -12.50000000000012 23.75
1392 12.99038105676637 -12.50000000000012 28.5
1393 12.99038105676637 -12.50000000000012 33.25
1394 12.99038105676637 -12.50000000000012 38
1395 12.99038105676637 -12.50000000000012 42.75
1396 12.99038105676637 -12.50000000000012 47.5
1397 12.99038105676637 -12.50000000000012 52.25000000000001
1398 12.99038105676637 -12.50000000000012 57
1399 12.99038105676637 -12.50000000000012 61.75
1400 12.99038105676637 -12.50000000000012 66.5
1401 12.99038105676637 -12.50000000000012 71.25
1402 12.99038105676637 -12.50000000000012 76
1403 12.99038105676637 -12.50000000000012 80.75
1404 12.99038105676637 -12.50000000000012 85.5
1405 12.99038105676637 -12.50000000000012 90.25
1406 12.99038105676637 -12.50000000000012 95
1407 12.99038105676637 -12.50000000000012 99.75
1408 12.99038105676637 -12.50000000000012 104.5
1409 12.99038105676637 -12.50000000000012 109.25
1410 12.99038105676637 -12.50000000000012 114
1411 12.99038105676637 -12.50000000000012 118.75
1412 12.99038105676637 -12.50000000000012 123.5
1413 12.99038105676637 -12.50000000000012 128.25
1414 12.99038105676637 -12.50000000000012 133
1415 12.99038105676637 -12.50000000000012 137.75
1416 12.99038105676637 -12.50000000000012 142.5
1417 12.99038105676637 -12.50000000000012 147.25
1418 12.99038105676637 -12.50000000000012 152
1419 12.99038105676637 -12.50000000000012 156.75
1420 12.99038105676637 -12.50000000000012 161.5
1421 12.99038105676637 -12.50000000000012 166.25
1422 12.99038105676637 -12.50000000000012 171
1423 12.99038105676637 -12.50000000000012 175.75
1424 12.99038105676637 -12.50000000000012 180.5
1425 12.99038105676637 -12.50000000000012 185.25
1426 17.32050807568877 -5.000000000000028 4.75
1427 17.32050807568877 -5.000000000000028 9.5
1428 17.32050807568877 -5.000000000000028 14.25
1429 17.32050807568877 -5.000000000000028 19
1430 17.32050807568877 -5.000000000000028 23.75
1431 17.32050807568877 -5.000000000000028 28.5
1432 17.32050807568877 -5.000000000000028 33.25
1433 17.32050807568877 -5.000000000000028 38
1434 17.32050807568877 -5.000000000000028 42.75
1435 17.32050807568877 -5.000000000000028 47.5
1436 17.32050807568877 -5.000000000000028 52.25000000000001
1437 17.32050807568877 -5.000000000000028 57
1438 17.32050807568877 -5.000000000000028 61.75
1439 17.32050807568877 -5.000000000000028 66.5
1440 17.32050807568877 -5.000000000000028 71.25
1441 17.32050807568877 -5.000000000000028 76
1442 17.32050807568877 -5.000000000000028 80.75
1443 17.32050807568877 -5.000000000000028 85.5
1444 17.32050807568877 -5.000000000000028 90.25
1445 17.32050807568877 -5.000000000000028 95
1446 17.32050807568877 -5.000000000000028 99.75
1447 17.32050807568877 -5.000000000000028 104.5
1448 17.32050807568877 -5.000000000000028 109.25
1449 17.32050807568877 -5.000000000000028 114
1450 17.32050807568877 -5.000000000000028 118.75
1451 17.32050807568877 -5.000000000000028 123.5
1452 17.32050807568877 -5.000000000000028 128.25
1453 17.32050807568877 -5.000000000000028 133
1454 17.32050807568877 -5.000000000000028 137.75
1455 17.32050807568877 -5.000000000000028 142.5
1456 17.32050807568877 -5.000000000000028 147.25
1457 17.32050807568877 -5.000000000000028 152
1458 17.32050807568877 -5.000000000000028 156.75
1459 17.32050807568877 -5.000000000000028 161.5
1460 17.32050807568877 -5.000000000000028 166.25
1461 17.32050807568877 -5.000000000000028 171
1462 17.32050807568877 -5.000000000000028 175.75
1463 17.32050807568877 -5.000000000000028 180.5
1464 17.32050807568877 -5.000000000000028 185.25
1465 17.32050807568877 -1.121325254871408e-13 4.75
1466 17.32050807568877 -1.121325254871408e-13 9.5
1467 17.32050807568877 -1.121325254871408e-13 14.25
1468 17.32050807568877 -1.121325254871408e-13 19
1469 17.32050807568877 -1.121325254871408e-13 23.75
1470 17.32050807568877 -1.121325254871408e-13 28.5
1471 17.32050807568877 -1.121325254871408e-13 33.25
1472 17.32050807568877 -1.121325254871408e-13 38
1473 17.32050807568877 -1.121325254871408e-13 42.75
1474 17.32050807568877 -1.121325254871408e-13 47.5
1475 17.32050807568877 -1.121325254871408e-13 52.25000000000001
1476 17.32050807568877 -1.121325254871408e-13 57
1477 17.32050807568877 -1.121325254871408e-13 61.75
1478 17.32050807568877 -1.121325254871408e-13 66.5
1479 17.32050807568877 -1.121325254871408e-13 71.25
1480 17.32050807568877 -1.121325254871408e-13 76
1481 17.32050807568877 -1.121325254871408e-13 80.75
1482 17.32050807568877 -1.121325254871408e-13 85.5
1483 17.32050807568877 -1.121325254871408e-13 90.25
1484 17.32050807568877 -1.121325254871408e-13 95
1485 17.32050807568877 -1.121325254871408e-13 99.75
1486 17.32050807568877 -1.121325254871408e-13 104.5
1487 17.32050807568877 -1.121325254871408e-13 109.25
1488 17.32050807568877 -1.121325254871408e-13 114
1489 17.32050807568877 -1.121325254871408e-13 118.75
1490 17.32050807568877 -1.121325254871408e-13 123.5
1491 17.32050807568877 -1.121325254871408e-13 128.25
1492 17.32050807568877 -1.121325254871408e-13 133
1493 17.32050807568877 -1.121325254871408e-13 137.75
1494 17.32050807568877 -1.121325254871408e-13 142.5
1495 17.32050807568877 -1.121325254871408e-13 147.25
1496 17.32050807568877 -1.121325254871408e-13 152
1497 17.32050807568877 -1.121325254871408e-13 156.75
1498 17.32050807568877 -1.121325254871408e-13 161.5
1499 17.32050807568877 -1.121325254871408e-13 166.25
1500 17.32050807568877 -1.121325254871408e-13 171
1501 17.32050807568877 -1.121325254871408e-13 175.75
1502 17.32050807568877 -1.121325254871408e-13 180.5
1503 17.32050807568877 -1.121325254871408e-13 185.25
1504 17.32050807568877 4.999999999999805 4.75
1505 17.32050807568877 4.999999999999805 9.5
1506 17.32050807568877 4.999999999999805 14.25
1507 17.32050807568877 4.999999999999805 19
1508 17.32050807568877 4.999999999999805 23.75
1509 17.32050807568877 4.999999999999805 28.5
1510 17.32050807568877 4.999999999999805 33.25
1511 17.32050807568877 4.999999999999805 38
1512 17.32050807568877 4.999999999999805 42.75
1513 17.32050807568877 4.999999999999805 47.5
1514 17.32050807568877 4.999999999999805 52.25000000000001
1515 17.32050807568877 4.999999999999805 57
1516 17.32050807568877 4.999999999999805 61.75
1517 17.32050807568877 4.999999999999805 66.5
1518 17.32050807568877 4.999999999999805 71.25
1519 17.32050807568877 4.999999999999805 76
1520 17.32050807568877 4.999999999999805 80.75
1521 17.32050807568877 4.999999999999805 85.5
1522 17.32050807568877 4.999999999999805 90.25
1523 17.32050807568877 4.999999999999805 95
1524 17.32050807568877 4.999999999999805 99.75
1525 17.32050807568877 4.999999999999805 104.5
1526 17.32050807568877 4.999999999999805 109.25
1527 17.32050807568877 4.999999999999805 114
1528 17.32050807568877 4.999999999999805 118.75
1529 17.32050807568877 4.999999999999805 123.5
1530 17.32050807568877 4.999999999999805 128.25
1531 17.32050807568877 4.999999999999805 133
1532 17.32050807568877 4.999999999999805 137.75
1533 17.32050807568877 4.999999999999805 142.5
1534 17.32050807568877 4.999999999999805 147.25
1535 17.32050807568877 4.999999999999805 152
1536 17.32050807568877 4.999999999999805 156.75
1537 17.32050807568877 4.999999999999805 161.5
1538 17.32050807568877 4.999999999999805 166.25
1539 17.32050807568877 4.999999999999805 171
1540 17.32050807568877 4.999999999999805 175.75
1541 17.32050807568877 4.999999999999805 180.5
1542 17.32050807568877 4.999999999999805 185.25
1543 -1.338333733465819 -3.128277059075661 190
1544 -12.85273202838408 -7.658331088909613 190
1545 11.63188280557378 -2.995136046933196 190
1546 7.514607545963853 0.07114239662751487 190
1547 2.539149994709444 -8.738882325388637 190
1548 2.12964735650302 6.747792269711751 190
1549 8.434131665013517 -8.070830980526347 190
1550 2.95816346022591 1.585972477032862 190
1551 13.87422808852985 -7.33936827859767 190
1552 12.27517991161143 7.336807072227995 190
1553 6.91877248930069 4.34281597052799 190
1554 2.880978530685488 12.03131349602651 190
1555 -2.599974635763035 8.852740001219731 190
1556 12.06554170944527 2.477026388090364 190
1557 6.490045526743329 -12.83709637006167 190
1558 -2.944779576834328 -9.789063985719443 190
1559 -3.932884930068824 -14.88656419982845 190
1560 -8.295695409124429 -10.81048953127438 190
1561 -2.278415394009257 14.49230675883145 190
1562 7.575888240161373 9.741227422855252 190
1563 -12.60392507738939 7.583302286433548 190
1564 -7.716940177929303 -5.670116731482193 190
1565 1.183645863594024 -13.79302461187124 190
1566 -7.569657615143476 10.56209381457361 190
1567 5.160731452809635 -3.865524792517423 190
1568 -12.51150205976542 2.579345919803289 190
1569 -7.466260867330856 5.793374932375399 190
1570 -2.198803314333113 3.281080686093885 190
1571 -12.43304198060404 -2.652370067548164 190
1572 -7.277480355571426 0.03383961336109246 190
1573 12.99038105676654 12.50000000000002 190.8333333333333
1574 12.99038105676654 12.50000000000002 191.6666666666667
1575 12.99038105676654 12.50000000000002 192.5
1576 12.99038105676654 12.50000000000002 193.3333333333333
1577 12.99038105676654 12.50000000000002 194.1666666666667
1578 12.99038105676654 12.50000000000002 195
1579 12.99038105676654 12.50000000000002 195.8333333333333
1580 12.99038105676654 12.50000000000002 196.6666666666667
1581 12.99038105676654 12.50000000000002 197.5
1582 12.99038105676654 12.50000000000002 198.3333333333333
1583 12.99038105676654 12.50000000000002 199.1666666666667
1584 8.660254037844306 15.00000000000005 190.8333333333333
1585 8.660254037844306 15.00000000000005 191.6666666666667
1586 8.660254037844306 15.00000000000005 192.5
1587 8.660254037844306 15.00000000000005 193.3333333333333
1588 8.660254037844306 15.00000000000005 194.1666666666667
1589 8.660254037844306 15.00000000000005 195
1590 8.660254037844306 15.00000000000005 195.8333333333333
1591 8.660254037844306 15.00000000000005 196.6666666666667
1592 8.660254037844306 15.00000000000005 197.5
1593 8.660254037844306 15.00000000000005 198.3333333333333
1594 8.660254037844306 15.00000000000005 199.1666666666667
1595 4.330127018922252 17.49999999999996 190.8333333333333
1596 4.330127018922252 17.49999999999996 191.6666666666667
1597 4.330127018922252 17.49999999999996 192.5
1598 4.330127018922252 17.49999999999996 193.3333333333333
1599 4.330127018922252 17.49999999999996 194.1666666666667
1600 4.330127018922252 17.49999999999996 195
1601 4.330127018922252 17.49999999999996 195.8333333333333
1602 4.330127018922252 17.49999999999996 196.6666666666667
1603 4.330127018922252 17.49999999999996 197.5
1604 4.330127018922252 17.49999999999996 198.3333333333333
1605 4.330127018922252 17.49999999999996 199.1666666666667
1606 -4.33012701892195 17.50000000000014 190.8333333333333
1607 -4.33012701892195 17.50000000000014 191.6666666666667
1608 -4.33012701892195 17.50000000000014 192.5
1609 -4.33012701892195 17.50000000000014 193.3333333333333
1610 -4.33012701892195 17.50000000000014 194.1666666666667
1611 -4.33012701892195 17.50000000000014 195
1612 -4.33012701892195 17.50000000000014 195.8333333333333
1613 -4.33012701892195 17.50000000000014 196.6666666666667
1614 -4.33012701892195 17.50000000000014 197.5
1615 -4.33012701892195 17.50000000000014 198.3333333333333
1616 -4.33012701892195 17.50000000000014 199.1666666666667
1617 -8.660254037844073 15.00000000000018 190.8333333333333
1618 -8.660254037844073 15.00000000000018 191.6666666666667
1619 -8.660254037844073 15.00000000000018 192.5
1620 -8.660254037844073 15.00000000000018 193.3333333333333
1621 -8.660254037844073 15.00000000000018 194.1666666666667
1622 -8.660254037844073 15.00000000000018 195
1623 -8.660254037844073 15.00000000000018 195.8333333333333
1624 -8.660254037844073 15.00000000000018 196.6666666666667
1625 -8.660254037844073 15.00000000000018 197.5
1626 -8.660254037844073 15.00000000000018 198.3333333333333
1627 -8.660254037844073 15.00000000000018 199.1666666666667
1628 -12.99038105676637 12.50000000000012 190.8333333333333
1629 -12.99038105676637 12.50000000000012 191.6666666666667
1630 -12.99038105676637 12.50000000000012 192.5
1631 -12.99038105676637 12.50000000000012 193.3333333333333
1632 -12.99038105676637 12.50000000000012 194.1666666666667
1633 -12.99038105676637 12.50000000000012 195
1634 -12.99038105676637 12.50000000000012 195.8333333333333
1635 -12.99038105676637 12.50000000000012 196.6666666666667
1636 -12.99038105676637 12.50000000000012 197.5
1637 -12.99038105676637 12.50000000000012 198.3333333333333
1638 -12.99038105676637 12.50000000000012 199.1666666666667
1639 -17.32050807568877 5.000000000000028 190.8333333333333
1640 -17.32050807568877 5.000000000000028 191.6666666666667
1641 -17.32050807568877 5.000000000000028 192.5
1642 -17.32050807568877 5.000000000000028 193.3333333333333
1643 -17.32050807568877 5.000000000000028 194.1666666666667
1644 -17.32050807568877 5.000000000000028 195
1645 -17.32050807568877 5.000000000000028 195.8333333333333
1646 -17.32050807568877 5.000000000000028 196.6666666666667
1647 -17.32050807568877 5.000000000000028 197.5
1648 -17.32050807568877 5.000000000000028 198.3333333333333
1649 -17.32050807568877 5.000000000000028 199.1666666666667
1650 -17.32050807568877 1.121325254871408e-13 190.8333333333333
1651 -17.32050807568877 1.121325254871408e-13 191.6666666666667
1652 -17.32050807568877 1.121325254871408e-13 192.5
1653 -17.32050807568877 1.121325254871408e-13 193.3333333333333
1654 -17.32050807568877 1.121325254871408e-13 194.1666666666667
1655 -17.32050807568877 1.121325254871408e-13 195
1656 -17.32050807568877 1.121325254871408e-13 195.8333333333333
1657 -17.32050807568877 1.121325254871408e-13 196.6666666666667
1658 -17.32050807568877 1.121325254871408e-13 197.5
1659 -17.32050807568877 1.121325254871408e-13 198.3333333333333
1660 -17.32050807568877 1.121325254871408e-13 199.1666666666667
1661 -17.32050807568877 -4.999999999999805 190.8333333333333
1662 -17.32050807568877 -4.999999999999805 191.6666666666667
1663 -17.32050807568877 -4.999999999999805 192.5
1664 -17.32050807568877 -4.999999999999805 193.3333333333333
1665 -17.32050807568877 -4.999999999999805 194.1666666666667
1666 -17.32050807568877 -4.999999999999805 195
1667 -17.32050807568877 -4.999999999999805 195.8333333333333
1668 -17.32050807568877 -4.999999999999805 196.6666666666667
1669 -17.32050807568877 -4.999999999999805 197.5
1670 -17.32050807568877 -4.999999999999805 198.3333333333333
1671 -17.32050807568877 -4.999999999999805 199.1666666666667
1672 -12.99038105676654 -12.50000000000002 190.8333333333333
1673 -12.99038105676654 -12.50000000000002 191.6666666666667
1674 -12.99038105676654 -12.50000000000002 192.5
1675 -12.99038105676654 -12.50000000000002 193.3333333333333
1676 -12.99038105676654 -12.50000000000002 194.1666666666667
1677 -12.99038105676654 -12.50000000000002 195
1678 -12.99038105676654 -12.50000000000002 195.8333333333333
1679 -12.99038105676654 -12.50000000000002 196.6666666666667
1680 -12.99038105676654 -12.50000000000002 197.5
1681 -12.99038105676654 -12.50000000000002 198.3333333333333
1682 -12.99038105676654 -12.50000000000002 199.1666666666667
1683 -8.660254037844306 -15.00000000000005 190.8333333333333
1684 -8.660254037844306 -15.00000000000005 191.6666666666667
1685 -8.660254037844306 -15.00000000000005 192.5
1686 -8.660254037844306 -15.00000000000005 193.3333333333333
1687 -8.660254037844306 -15.00000000000005 194.1666666666667
1688 -8.660254037844306 -15.00000000000005 195
1689 -8.660254037844306 -15.00000000000005 195.8333333333333
1690 -8.660254037844306 -15.00000000000005 196.6666666666667
1691 -8.660254037844306 -15.00000000000005 197.5
1692 -8.660254037844306 -15.00000000000005 198.3333333333333
1693 -8.660254037844306 -15.00000000000005 199.1666666666667
1694 -4.330127018922252 -17.49999999999996 190.8333333333333
1695 -4.330127018922252 -17.49999999999996 191.6666666666667
1696 -4.330127018922252 -17.49999999999996 192.5
1697 -4.330127018922252 -17.49999999999996 193.3333333333333
1698 -4.330127018922252 -17.49999999999996 194.1666666666667
1699 -4.330127018922252 -17.49999999999996 195
1700 -4.330127018922252 -17.49999999999996 195.8333333333333
1701 -4.330127018922252 -17.49999999999996 196.6666666666667
1702 -4.330127018922252 -17.49999999999996 197.5
1703 -4.330127018922252 -17.49999999999996 198.3333333333333
1704 -4.330127018922252 -17.49999999999996 199.1666666666667
1705 4.33012701892195 -17.50000000000014 190.8333333333333
1706 4.33012701892195 -17.50000000000014 191.6666666666667
1707 4.33012701892195 -17.50000000000014 192.5
1708 4.33012701892195 -17.50000000000014 193.3333333333333
1709 4.33012701892195 -17.50000000000014 194.1666666666667
1710 4.33012701892195 -17.50000000000014 195
1711 4.33012701892195 -17.50000000000014 195.8333333333333
1712 4.33012701892195 -17.50000000000014 196.6666666666667
1713 4.33012701892195 -17.50000000000014 197.5
1714 4.33012701892195 -17.50000000000014 198.3333333333333
1715 4.33012701892195 -17.50000000000014 199.1666666666667
1716 8.660254037844073 -15.00000000000018 190.8333333333333
1717 8.660254037844073 -15.00000000000018 191.6666666666667
1718 8.660254037844073 -15.00000000000018 192.5
1719 8.660254037844073 -15.00000000000018 193.3333333333333
1720 8.660254037844073 -15.00000000000018 194.1666666666667
1721 8.660254037844073 -15.00000000000018 195
1722 8.660254037844073 -15.00000000000018 195.8333333333333
1723 8.660254037844073 -15.00000000000018 196.6666666666667
1724 8.660254037844073 -15.00000000000018 197.5
1725 8.660254037844073 -15.00000000000018 198.3333333333333
1726 8.660254037844073 -15.00000000000018 199.1666666666667
1727 12.99038105676637 -12.50000000000012 190.8333333333333
1728 12.99038105676637 -12.50000000000012 191.6666666666667
1729 12.99038105676637 -12.50000000000012 192.5
1730 12.99038105676637 -12.50000000000012 193.3333333333333
1731 12.99038105676637 -12.50000000000012 194.1666666666667
1732 12.99038105676637 -12.50000000000012 195
1733 12.99038105676637 -12.50000000000012 195.8333333333333
1734 12.99038105676637 -12.50000000000012 196.6666666666667
1735 12.99038105676637 -12.50000000000012 197.5
1736 12.99038105676637 -12.50000000000012 198.3333333333333
1737 12.99038105676637 -12.50000000000012 199.1666666666667
1738 17.32050807568877 -5.000000000000028 190.8333333333333
1739 17.32050807568877 -5.000000000000028 191.6666666666667
1740 17.32050807568877 -5.000000000000028 192.5
1741 17.32050807568877 -5.000000000000028 193.3333333333333
1742 17.32050807568877 -5.000000000000028 194.1666666666667
1743 17.32050807568877 -5.000000000000028 195
1744 17.32050807568877 -5.000000000000028 195.8333333333333
1745 17.32050807568877 -5.000000000000028 196.6666666666667
1746 17.32050807568877 -5.000000000000028 197.5
1747 17.32050807568877 -5.000000000000028 198.3333333333333
1748 17.32050807568877 -5.000000000000028 199.1666666666667
1749 17.32050807568877 -1.121325254871408e-13 190.8333333333333
1750 17.32050807568877 -1.121325254871408e-13 191.6666666666667
1751 17.32050807568877 -1.121325254871408e-13 192.5
1752 17.32050807568877 -1.121325254871408e-13 193.3333333333333
1753 17.32050807568877 -1.121325254871408e-13 194.1666666666667
1754 17.32050807568877 -1.121325254871408e-13 195
1755 17.32050807568877 -1.121325254871408e-13 195.8333333333333
1756 17.32050807568877 -1.121325254871408e-13 196.6666666666667
1757 17.32050807568877 -1.121325254871408e-13 197.5
1758 17.32050807568877 -1.121325254871408e-13 198.3333333333333
1759 17.32050807568877 -1.121325254871408e-13 199.1666666666667
1760 17.32050807568877 4.999999999999805 190.8333333333333
1761 17.32050807568877 4.999999999999805 191.6666666666667
1762 17.32050807568877 4.999999999999805 192.5
1763 17.32050807568877 4.999999999999805 193.3333333333333
1764 17.32050807568877 4.999999999999805 194.1666666666667
1765 17.32050807568877 4.999999999999805 195
1766 17.32050807568877 4.999999999999805 195.8333333333333
1767 17.32050807568877 4.999999999999805 196.6666666666667
1768 17.32050807568877 4.999999999999805 197.5
1769 17.32050807568877 4.999999999999805 198.3333333333333
1770 17.32050807568877 4.999999999999805 199.1666666666667
1771 -1.338333733465819 -3.128277059075661 200
1772 -12.85273202838408 -7.658331088909613 200
1773 11.63188280557378 -2.995136046933196 200
1774 7.514607545963853 0.07114239662751487 200
1775 2.539149994709444 -8.738882325388637 200
1776 2.12964735650302 6.747792269711751 200
1777 8.434131665013517 -8.070830980526347 200
1778 2.95816346022591 1.585972477032862 200
1779 13.87422808852985 -7.33936827859767 200
1780 12.27517991161143 7.336807072227995 200
1781 6.91877248930069 4.34281597052799 200
1782 2.880978530685488 12.03131349602651 200
1783 -2.599974635763035 8.852740001219731 200
1784 12.06554170944527 2.477026388090364 200
1785 6.490045526743329 -12.83709637006167 200
1786 -2.944779576834328 -9.789063985719443 200
1787 -3.932884930068824 -14.88656419982845 200
1788 -8.295695409124429 -10.81048953127438 200
1789 -2.278415394009257 14.49230675883145 200
1790 7.575888240161373 9.741227422855252 200
1791 -12.60392507738939 7.583302286433548 200
1792 -7.716940177929303 -5.670116731482193 200
1793 1.183645863594024 -13.79302461187124 200
1794 -7.569657615143476 10.56209381457361 200
1795 5.160731452809635 -3.865524792517423 200
1796 -12.51150205976542 2.579345919803289 200
1797 -7.466260867330856 5.793374932375399 200
1798 -2.198803314333113 3.281080686093885 200
1799 -12.43304198060404 -2.652370067548164 200
1800 -7.277480355571426 0.03383961336109246 200
1801 12.99038105676654 12.50000000000002 200.375
1802 12.99038105676654 12.50000000000002 200.75
1803 12.99038105676654 12.50000000000002 201.125
1804 12.99038105676654 12.50000000000002 201.5
1805 12.99038105676654 12.50000000000002 201.875
1806 12.99038105676654 12.50000000000002 202.25
1807 12.99038105676654 12.50000000000002 202.625
1808 12.99038105676654 12.50000000000002 203
1809 12.99038105676654 12.50000000000002 203.375
1810 12.99038105676654 12.50000000000002 203.75
1811 12.99038105676654 12.50000000000002 204.125
1812 8.660254037844306 15.00000000000005 200.375
1813 8.660254037844306 15.00000000000005 200.75
1814 8.660254037844306 15.00000000000005 201.125
1815 8.660254037844306 15.00000000000005 201.5
1816 8.660254037844306 15.00000000000005 201.875
1817 8.660254037844306 15.00000000000005 202.25
1818 8.660254037844306 15.00000000000005 202.625
1819 8.660254037844306 15.00000000000005 203
1820 8.660254037844306 15.00000000000005 203.375
1821 8.660254037844306 15.00000000000005 203.75
1822 8.660254037844306 15.00000000000005 204.125
1823 4.330127018922252 17.49999999999996 200.375
1824 4.330127018922252 17.49999999999996 200.75
1825 4.330127018922252 17.49999999999996 201.125
1826 4.330127018922252 17.49999999999996 201.5
1827 4.330127018922252 17.49999999999996 201.875
1828 4.330127018922252 17.49999999999996 202.25
1829 4.330127018922252 17.49999999999996 202.625
1830 4.330127018922252 17.49999999999996 203
1831 4.330127018922252 17.49999999999996 203.375
1832 4.330127018922252 17.49999999999996 203.75
1833 4.330127018922252 17.49999999999996 204.125
1834 -4.33012701892195 17.50000000000014 200.375
1835 -4.33012701892195 17.50000000000014 200.75
1836 -4.33012701892195 17.50000000000014 201.125
1837 -4.33012701892195 17.50000000000014 201.5
1838 -4.33012701892195 17.50000000000014 201.875
1839 -4.33012701892195 17.50000000000014 202.25
1840 -4.33012701892195 17.50000000000014 202.625
1841 -4.33012701892195 17.50000000000014 203
1842 -4.33012701892195 17.50000000000014 203.375
1843 -4.33012701892195 17.50000000000014 203.75
1844 -4.33012701892195 17.50000000000014 204.125
1845 -8.660254037844073 15.00000000000018 200.375
1846 -8.660254037844073 15.00000000000018 200.75
1847 -8.660254037844073 15.00000000000018 201.125
1848 -8.660254037844073 15.00000000000018 201.5
1849 -8.660254037844073 15.00000000000018 201.875
1850 -8.660254037844073 15.00000000000018 202.25
1851 -8.660254037844073 15.00000000000018 202.625
1852 -8.660254037844073 15.00000000000018 203
1853 -8.660254037844073 15.00000000000018 203.375
1854 -8.660254037844073 15.00000000000018 203.75
1855 -8.660254037844073 15.00000000000018 204.125
1856 -12.99038105676637 12.50000000000012 200.375
1857 -12.99038105676637 12.50000000000012 200.75
1858 -12.99038105676637 12.50000000000012 201.125
1859 -12.99038105676637 12.50000000000012 201.5
1860 -12.99038105676637 12.50000000000012 201.875
1861 -12.99038105676637 12.50000000000012 202.25
1862 -12.99038105676637 12.50000000000012 202.625
1863 -12.99038105676637 12.50000000000012 203
1864 -12.99038105676637 12.50000000000012 203.375
1865 -12.99038105676637 12.50000000000012 203.75
1866 -12.99038105676637 12.50000000000012 204.125
1867 -17.32050807568877 5.000000000000028 200.375
1868 -17.32050807568877 5.000000000000028 200.75
1869 -17.32050807568877 5.000000000000028 201.125
1870 -17.32050807568877 5.000000000000028 201.5
1871 -17.32050807568877 5.000000000000028 201.875
1872 -17.32050807568877 5.000000000000028 202.25
1873 -17.32050807568877 5.000000000000028 202.625
1874 -17.32050807568877 5.000000000000028 203
1875 -17.32050807568877 5.000000000000028 203.375
1876 -17.32050807568877 5.000000000000028 203.75
1877 -17.32050807568877 5.000000000000028 204.125
1878 -17.32050807568877 1.121325254871408e-13 200.375
1879 -17.32050807568877 1.121325254871408e-13 200.75
1880 -17.32050807568877 1.121325254871408e-13 201.125
1881 -17.32050807568877 1.121325254871408e-13 201.5
1882 -17.32050807568877 1.121325254871408e-13 201.875
1883 -17.32050807568877 1.121325254871408e-13 202.25
1884 -17.32050807568877 1.121325254871408e-13 202.625
1885 -17.32050807568877 1.121325254871408e-13 203
1886 -17.32050807568877 1.121325254871408e-13 203.375
1887 -17.32050807568877 1.121325254871408e-13 203.75
1888 -17.32050807568877 1.121325254871408e-13 204.125
1889 -17.32050807568877 -4.999999999999805 200.375
1890 -17.32050807568877 -4.999999999999805 200.75
1891 -17.32050807568877 -4.999999999999805 201.125
1892 -17.32050807568877 -4.999999999999805 201.5
1893 -17.32050807568877 -4.999999999999805 201.875
1894 -17.32050807568877 -4.999999999999805 202.25
1895 -17.32050807568877 -4.999999999999805 202.625
1896 -17.32050807568877 -4.999999999999805 203
1897 -17.32050807568877 -4.999999999999805 203.375
1898 -17.32050807568877 -4.999999999999805 203.75
1899 -17.32050807568877 -4.999999999999805 204.125
1900 -12.99038105676654 -12.50000000000002 200.375
1901 -12.99038105676654 -12.50000000000002 200.75
1902 -12.99038105676654 -12.50000000000002 201.125
1903 -12.99038105676654 -12.50000000000002 201.5
1904 -12.99038105676654 -12.50000000000002 201.875
1905 -12.99038105676654 -12.50000000000002 202.25
1906 -12.99038105676654 -12.50000000000002 202.625
1907 -12.99038105676654 -12.50000000000002 203
1908 -12.99038105676654 -12.50000000000002 203.375
1909 -12.99038105676654 -12.50000000000002 203.75
1910 -12.99038105676654 -12.50000000000002 204.125
1911 -8.660254037844306 -15.00000000000005 200.375
1912 -8.660254037844306 -15.00000000000005 200.75
1913 -8.660254037844306 -15.00000000000005 201.125
1914 -8.660254037844306 -15.00000000000005 201.5
1915 -8.660254037844306 -15.00000000000005 201.875
1916 -8.660254037844306 -15.00000000000005 202.25
1917 -8.660254037844306 -15.00000000000005 202.625
1918 -8.660254037844306 -15.00000000000005 203
1919 -8.660254037844306 -15.00000000000005 203.375
1920 -8.660254037844306 -15.00000000000005 203.75
1921 -8.660254037844306 -15.00000000000005 204.125
1922 -4.330127018922252 -17.49999999999996 200.375
1923 -4.330127018922252 -17.49999999999996 200.75
1924 -4.330127018922252 -17.49999999999996 201.125
1925 -4.330127018922252 -17.49999999999996 201.5
1926 -4.330127018922252 -17.49999999999996 201.875
1927 -4.330127018922252 -17.49999999999996 202.25
1928 -4.330127018922252 -17.49999999999996 202.625
1929 -4.330127018922252 -17.49999999999996 203
1930 -4.330127018922252 -17.49999999999996 203.375
1931 -4.330127018922252 -17.49999999999996 203.75
1932 -4.330127018922252 -17.49999999999996 204.125
1933 4.33012701892195 -17.50000000000014 200.375
1934 4.33012701892195 -17.50000000000014 200.75
1935 4.33012701892195 -17.50000000000014 201.125
1936 4.33012701892195 -17.50000000000014 201.5
1937 4.33012701892195 -17.50000000000014 201.875
1938 4.33012701892195 -17.50000000000014 202.25
1939 4.33012701892195 -17.50000000000014 202.625
1940 4.33012701892195 -17.50000000000014 203
1941 4.33012701892195 -17.50000000000014 203.375
1942 4.33012701892195 -17.50000000000014 203.75
1943 4.33012701892195 -17.50000000000014 204.125
1944 8.660254037844073 -15.00000000000018 200.375
1945 8.660254037844073 -15.00000000000018 200.75
1946 8.660254037844073 -15.00000000000018 201.125
1947 8.660254037844073 -15.00000000000018 201.5
1948 8.660254037844073 -15.00000000000018 201.875
1949 8.660254037844073 -15.00000000000018 202.25
1950 8.660254037844073 -15.00000000000018 202.625
1951 8.660254037844073 -15.00000000000018 203
1952 8.660254037844073 -15.00000000000018 203.375
1953 8.660254037844073 -15.00000000000018 203.75
1954 8.660254037844073 -15.00000000000018 204.125
1955 12.99038105676637 -12.50000000000012 200.375
1956 12.99038105676637 -12.50000000000012 200.75
1957 12.99038105676637 -12.50000000000012 201.125
1958 12.99038105676637 -12.50000000000012 201.5
1959 12.99038105676637 -12.50000000000012 201.875
1960 12.99038105676637 -12.50000000000012 202.25
1961 12.99038105676637 -12.50000000000012 202.625
1962 12.99038105676637 -12.50000000000012 203
1963 12.99038105676637 -12.50000000000012 203.375
1964 12.99038105676637 -12.50000000000012 203.75
1965 12.99038105676637 -12.50000000000012 204.125
1966 17.32050807568877 -5.000000000000028 200.375
1967 17.32050807568877 -5.000000000000028 200.75
1968 17.32050807568877 -5.000000000000028 201.125
1969 17.32050807568877 -5.000000000000028 201.5
1970 17.32050807568877 -5.000000000000028 201.875
1971 17.32050807568877 -5.000000000000028 202.25
1972 17.32050807568877 -5.000000000000028 202.625
1973 17.32050807568877 -5.000000000000028 203
1974 17.32050807568877 -5.000000000000028 203.375
1975 17.32050807568877 -5.000000000000028 203.75
1976 17.32050807568877 -5.000000000000028 204.125
1977 17.32050807568877 -1.121325254871408e-13 200.375
1978 17.32050807568877 -1.121325254871408e-13 200.75
1979 17.32050807568877 -1.121325254871408e-13 201.125
1980 17.32050807568877 -1.121325254871408e-13 201.5
1981 17.32050807568877 -1.121325254871408e-13 201.875
1982 17.32050807568877 -1.121325254871408e-13 202.25
1983 17.32050807568877 -1.121325254871408e-13 202.625
1984 17.32050807568877 -1.121325254871408e-13 203
1985 17.32050807568877 -1.121325254871408e-13 203.375
1986 17.32050807568877 -1.121325254871408e-13 203.75
1987 17.32050807568877 -1.121325254871408e-13 204.125
1988 17.32050807568877 4.999999999999805 200.375
1989 17.32050807568877 4.999999999999805 200.75
1990 17.32050807568877 4.999999999999805 201.125
1991 17.32050807568877 4.999999999999805 201.5
1992 17.32050807568877 4.999999999999805 201.875
1993 17.32050807568877 4.999999999999805 202.25
1994 17.32050807568877 4.999999999999805 202.625
1995 17.32050807568877 4.999999999999805 203
1996 17.32050807568877 4.999999999999805 203.375
1997 17.32050807568877 4.999999999999805 203.75
1998 17.32050807568877 4.999999999999805 204.125
1999 -1.338333733465819 -3.128277059075661 204.5
2000 -12.85273202838408 -7.658331088909613 204.5
2001 11.63188280557378 -2.995136046933196 204.5
2002 7.514607545963853 0.07114239662751487 204.5
2003 2.539149994709444 -8.738882325388637 204.5
2004 2.12964735650302 6.747792269711751 204.5
2005 8.434131665013517 -8.070830980526347 204.5
2006 2.95816346022591 1.585972477032862 204.5
2007 13.87422808852985 -7.33936827859767 204.5
2008 12.27517991161143 7.336807072227995 204.5
2009 6.91877248930069 4.34281597052799 204.5
2010 2.880978530685488 12.03131349602651 204.5
2011 -2.599974635763035 8.852740001219731 204.5
2012 12.06554170944527 2.477026388090364 204.5
2013 6.490045526743329 -12.83709637006167 204.5
2014 -2.944779576834328 -9.789063985719443 204.5
2015 -3.932884930068824 -14.88656419982845 204.5
2016 -8.295695409124429 -10.81048953127438 204.5
2017 -2.278415394009257 14.49230675883145 204.5
2018 7.575888240161373 9.741227422855252 204.5
2019 -12.60392507738939 7.583302286433548 204.5
2020 -7.716940177929303 -5.670116731482193 204.5
2021 1.183645863594024 -13.79302461187124 204.5
2022 -7.569657615143476 10.56209381457361 204.5
2023 5.160731452809635 -3.865524792517423 204.5
2024 -12.51150205976542 2.579345919803289 204.5
2025 -7.466260867330856 5.793374932375399 204.5
2026 -2.198803314333113 3.281080686093885 204.5
2027 -12.43304198060404 -2.652370067548164 204.5
2028 -7.277480355571426 0.03383961336109246 204.5
2029 12.99038105676654 12.50000000000002 205.3333333333333
2030 12.99038105676654 12.50000000000002 206.1666666666667
2031 12.99038105676654 12.50000000000002 207
2032 12.99038105676654 12.50000000000002 207.8333333333333
2033 12.99038105676654 12.50000000000002 208.6666666666667
2034 12.99038105676654 12.50000000000002 209.5
2035 12.99038105676654 12.50000000000002 210.3333333333333
2036 12.99038105676654 12.50000000000002 211.1666666666667
2037 12.99038105676654 12.50000000000002 212
2038 12.99038105676654 12.50000000000002 212.8333333333333
2039 12.99038105676654 12.50000000000002 213.6666666666667
2040 8.660254037844306 15.00000000000005 205.3333333333333
2041 8.660254037844306 15.00000000000005 206.1666666666667
2042 8.660254037844306 15.00000000000005 207
2043 8.660254037844306 15.00000000000005 207.8333333333333
2044 8.660254037844306 15.00000000000005 208.6666666666667
2045 8.660254037844306 15.00000000000005 209.5
2046 8.660254037844306 15.00000000000005 210.3333333333333
2047 8.660254037844306 15.00000000000005 211.1666666666667
2048 8.660254037844306 15.00000000000005 212
2049 8.660254037844306 15.00000000000005 212.8333333333333
2050 8.660254037844306 15.00000000000005 213.6666666666667
2051 4.330127018922252 17.49999999999996 205.3333333333333
2052 4.330127018922252 17.49999999999996 206.1666666666667
2053 4.330127018922252 17.49999999999996 207
2054 4.330127018922252 17.49999999999996 207.8333333333333
2055 4.330127018922252 17.49999999999996 208.6666666666667
2056 4.330127018922252 17.49999999999996 209.5
2057 4.330127018922252 17.49999999999996 210.3333333333333
2058 4.330127018922252 17.49999999999996 211.1666666666667
2059 4.330127018922252 17.49999999999996 212
2060 4.330127018922252 17.49999999999996 212.8333333333333
2061 4.330127018922252 17.49999999999996 213.6666666666667
2062 -4.33012701892195 17.50000000000014 205.3333333333333
2063 -4.33012701892195 17.50000000000014 206.1666666666667
2064 -4.33012701892195 17.50000000000014 207
2065 -4.33012701892195 17.50000000000014 207.8333333333333
2066 -4.33012701892195 17.50000000000014 208.6666666666667
2067 -4.33012701892195 17.50000000000014 209.5
2068 -4.33012701892195 17.50000000000014 210.3333333333333
2069 -4.33012701892195 17.50000000000014 211.1666666666667
2070 -4.33012701892195 17.50000000000014 212
2071 -4.33012701892195 17.50000000000014 212.8333333333333
2072 -4.33012701892195 17.50000000000014 213.6666666666667
2073 -8.660254037844073 15.00000000000018 205.3333333333333
2074 -8.660254037844073 15.00000000000018 206.1666666666667
2075 -8.660254037844073 15.00000000000018 207
2076 -8.660254037844073 15.00000000000018 207.8333333333333
2077 -8.660254037844073 15.00000000000018 208.6666666666667
2078 -8.660254037844073 15.00000000000018 209.5
2079 -8.660254037844073 15.00000000000018 210.3333333333333
2080 -8.660254037844073 15.00000000000018 211.1666666666667
2081 -8.660254037844073 15.00000000000018 212
2082 -8.660254037844073 15.00000000000018 212.8333333333333
2083 -8.660254037844073 15.00000000000018 213.6666666666667
2084 -12.99038105676637 12.50000000000012 205.3333333333333
2085 -12.99038105676637 12.50000000000012 206.1666666666667
2086 -12.99038105676637 12.50000000000012 207
2087 -12.99038105676637 12.50000000000012 207.8333333333333
2088 -12.99038105676637 12.50000000000012 208.6666666666667
2089 -12.99038105676637 12.50000000000012 209.5
2090 -12.99038105676637 12.50000000000012 210.3333333333333
2091 -12.99038105676637 12.50000000000012 211.1666666666667
2092 -12.99038105676637 12.50000000000012 212
2093 -12.99038105676637 12.50000000000012 212.8333333333333
2094 -12.99038105676637 12.50000000000012 213.6666666666667
2095 -17.32050807568877 5.000000000000028 205.3333333333333
2096 -17.32050807568877 5.000000000000028 206.1666666666667
2097 -17.32050807568877 5.000000000000028 207
2098 -17.32050807568877 5.000000000000028 207.8333333333333
2099 -17.32050807568877 5.000000000000028 208.6666666666667
2100 -17.32050807568877 5.000000000000028 209.5
2101 -17.32050807568877 5.000000000000028 210.3333333333333
2102 -17.32050807568877 5.000000000000028 211.1666666666667
2103 -17.32050807568877 5.000000000000028 212
2104 -17.32050807568877 5.000000000000028 212.8333333333333
2105 -17.32050807568877 5.000000000000028 213.6666666666667
2106 -17.32050807568877 1.121325254871408e-13 205.3333333333333
2107 -17.32050807568877 1.121325254871408e-13 206.1666666666667
2108 -17.32050807568877 1.121325254871408e-13 207
2109 -17.32050807568877 1.121325254871408e-13 207.8333333333333
2110 -17.32050807568877 1.121325254871408e-13 208.6666666666667
2111 -17.32050807568877 1.121325254871408e-13 209.5
2112 -17.32050807568877 1.121325254871408e-13 210.3333333333333
2113 -17.32050807568877 1.121325254871408e-13 211.1666666666667
2114 -17.32050807568877 1.121325254871408e-13 212
2115 -17.32050807568877 1.121325254871408e-13 212.8333333333333
2116 -17.32050807568877 1.121325254871408e-13 213.6666666666667
2117 -17.32050807568877 -4.999999999999805 205.3333333333333
2118 -17.32050807568877 -4.999999999999805 206.1666666666667
2119 -17.32050807568877 -4.999999999999805 207
2120 -17.32050807568877 -4.999999999999805 207.8333333333333
2121 -17.32050807568877 -4.999999999999805 208.6666666666667
2122 -17.32050807568877 -4.999999999999805 209.5
2123 -17.32050807568877 -4.999999999999805 210.3333333333333
2124 -17.32050807568877 -4.999999999999805 211.1666666666667
2125 -17.32050807568877 -4.999999999999805 212
2126 -17.32050807568877 -4.999999999999805 212.8333333333333
2127 -17.32050807568877 -4.999999999999805 213.6666666666667
2128 -12.99038105676654 -12.50000000000002 205.3333333333333
2129 -12.99038105676654 -12.50000000000002 206.1666666666667
2130 -12.99038105676654 -12.50000000000002 207
2131 -12.99038105676654 -12.50000000000002 207.8333333333333
2132 -12.99038105676654 -12.50000000000002 208.6666666666667
2133 -12.99038105676654 -12.50000000000002 209.5
2134 -12.99038105676654 -12.50000000000002 210.3333333333333
2135 -12.99038105676654 -12.50000000000002 211.1666666666667
2136 -12.99038105676654 -12.50000000000002 212
2137 -12.99038105676654 -12.50000000000002 212.8333333333333
2138 -12.99038105676654 -12.50000000000002 213.6666666666667
2139 -8.660254037844306 -15.00000000000005 205.3333333333333
2140 -8.660254037844306 -15.00000000000005 206.1666666666667
2141 -8.660254037844306 -15.00000000000005 207
2142 -8.660254037844306 -15.00000000000005 207.8333333333333
2143 -8.660254037844306 -15.00000000000005 208.6666666666667
2144 -8.660254037844306 -15.00000000000005 209.5
2145 -8.660254037844306 -15.00000000000005 210.3333333333333
2146 -8.660254037844306 -15.00000000000005 211.1666666666667
2147 -8.660254037844306 -15.00000000000005 212
2148 -8.660254037844306 -15.00000000000005 212.8333333333333
2149 -8.660254037844306 -15.00000000000005 213.6666666666667
2150 -4.330127018922252 -17.49999999999996 205.3333333333333
2151 -4.330127018922252 -17.49999999999996 206.1666666666667
2152 -4.330127018922252 -17.49999999999996 207
2153 -4.330127018922252 -17.49999999999996 207.8333333333333
2154 -4.330127018922252 -17.49999999999996 208.6666666666667
2155 -4.330127018922252 -17.49999999999996 209.5
2156 -4.330127018922252 -17.49999999999996 210.3333333333333
2157 -4.330127018922252 -17.49999999999996 211.1666666666667
2158 -4.330127018922252 -17.49999999999996 212
2159 -4.330127018922252 -17.49999999999996 212.8333333333333
2160 -4.330127018922252 -17.49999999999996 213.6666666666667
2161 4.33012701892195 -17.50000000000014 205.3333333333333
2162 4.33012701892195 -17.50000000000014 206.1666666666667
2163 4.33012701892195 -17.50000000000014 207
2164 4.33012701892195 -17.50000000000014 207.8333333333333
2165 4.33012701892195 -17.50000000000014 208.6666666666667
2166 4.33012701892195 -17.50000000000014 209.5
2167 4.33012701892195 -17.50000000000014 210.3333333333333
2168 4.33012701892195 -17.50000000000014 211.1666666666667
2169 4.33012701892195 -17.50000000000014 212
2170 4.33012701892195 -17.50000000000014 212.8333333333333
2171 4.33012701892195 -17.50000000000014 213.6666666666667
2172 8.660254037844073 -15.00000000000018 205.3333333333333
2173 8.660254037844073 -15.00000000000018 206.1666666666667
2174 8.660254037844073 -15.00000000000018 207
2175 8.660254037844073 -15.00000000000018 207.8333333333333
2176 8.660254037844073 -15.00000000000018 208.6666666666667
2177 8.660254037844073 -15.00000000000018 209.5
2178 8.660254037844073 -15.00000000000018 210.3333333333333
2179 8.660254037844073 -15.00000000000018 211.1666666666667
2180 8.660254037844073 -15.00000000000018 212
2181 8.660254037844073 -15.00000000000018 212.8333333333333
2182 8.660254037844073 -15.00000000000018 213.6666666666667
2183 12.99038105676637 -12.50000000000012 205.3333333333333
2184 12.99038105676637 -12.50000000000012 206.1666666666667
2185 12.99038105676637 -12.50000000000012 207
2186 12.99038105676637 -12.50000000000012 207.8333333333333
2187 12.99038105676637 -12.50000000000012 208.6666666666667
2188 12.99038105676637 -12.50000000000012 209.5
2189 12.99038105676637 -12.50000000000012 210.3333333333333
2190 12.99038105676637 -12.50000000000012 211.1666666666667
2191 12.99038105676637 -12.50000000000012 212
2192 12.99038105676637 -12.50000000000012 212.8333333333333
2193 12.99038105676637 -12.50000000000012 213.6666666666667
2194 17.32050807568877 -5.000000000000028 205.3333333333333
2195 17.32050807568877 -5.000000000000028 206.1666666666667
2196 17.32050807568877 -5.000000000000028 207
2197 17.32050807568877 -5.000000000000028 207.8333333333333
2198 17.32050807568877 -5.000000000000028 208.6666666666667
2199 17.32050807568877 -5.000000000000028 209.5
2200 17.32050807568877 -5.000000000000028 210.3333333333333
2201 17.32050807568877 -5.000000000000028 211.1666666666667
2202 17.32050807568877 -5.000000000000028 212
2203 17.32050807568877 -5.000000000000028 212.8333333333333
2204 17.32050807568877 -5.000000000000028 213.6666666666667
2205 17.32050807568877 -1.121325254871408e-13 205.3333333333333
2206 17.32050807568877 -1.121325254871408e-13 206.1666666666667
2207 17.32050807568877 -1.121325254871408e-13 207
2208 17.32050807568877 -1.121325254871408e-13 207.8333333333333
2209 17.32050807568877 -1.121325254871408e-13 208.6666666666667
2210 17.32050807568877 -1.121325254871408e-13 209.5
2211 17.32050807568877 -1.121325254871408e-13 210.3333333333333
2212 17.32050807568877 -1.121325254871408e-13 211.1666666666667
2213 17.32050807568877 -1.121325254871408e-13 212
2214 17.32050807568877 -1.121325254871408e-13 212.8333333333333
2215 17.32050807568877 -1.121325254871408e-13 213.6666666666667
2216 17.32050807568877 4.999999999999805 205.3333333333333
2217 17.32050807568877 4.999999999999805 206.1666666666667
2218 17.32050807568877 4.999999999999805 207
2219 17.32050807568877 4.999999999999805 207.8333333333333
2220 17.32050807568877 4.999999999999805 208.6666666666667
2221 17.32050807568877 4.999999999999805 209.5
2222 17.32050807568877 4.999999999999805 210.3333333333333
2223 17.32050807568877 4.999999999999805 211.1666666666667
2224 17.32050807568877 4.999999999999805 212
2225 17.32050807568877 4.999999999999805 212.8333333333333
2226 17.32050807568877 4.999999999999805 213.6666666666667
2227 -1.338333733465819 -3.128277059075661 214.5
2228 -12.85273202838408 -7.658331088909613 214.5
2229 11.63188280557378 -2.995136046933196 214.5
2230 7.514607545963853 0.07114239662751487 214.5
2231 2.539149994709444 -8.738882325388637 214.5
2232 2.12964735650302 6.747792269711751 214.5
2233 8.434131665013517 -8.070830980526347 214.5
2234 2.95816346022591 1.585972477032862 214.5
2235 13.87422808852985 -7.33936827859767 214.5
2236 12.27517991161143 7.336807072227995 214.5
2237 6.91877248930069 4.34281597052799 214.5
2238 2.880978530685488 12.03131349602651 214.5
2239 -2.599974635763035 8.852740001219731 214.5
2240 12.06554170944527 2.477026388090364 214.5
2241 6.490045526743329 -12.83709637006167 214.5
2242 -2.944779576834328 -9.789063985719443 214.5
2243 -3.932884930068824 -14.88656419982845 214.5
2244 -8.295695409124429 -10.81048953127438 214.5
2245 -2.278415394009257 14.49230675883145 214.5
2246 7.575888240161373 9.741227422855252 214.5
2247 -12.60392507738939 7.583302286433548 214.5
2248 -7.716940177929303 -5.670116731482193 214.5
2249 1.183645863594024 -13.79302461187124 214.5
2250 -7.569657615143476 10.56209381457361 214.5
2251 5.160731452809635 -3.865524792517423 214.5
2252 -12.51150205976542 2.579345919803289 214.5
2253 -7.466260867330856 5.793374932375399 214.5
2254 -2.198803314333113 3.281080686093885 214.5
2255 -12.43304198060404 -2.652370067548164 214.5
2256 -7.277480355571426 0.03383961336109246 214.5
2257 12.99038105676654 12.50000000000002 219.25
2258 12.99038105676654 12.50000000000002 224
2259 12.99038105676654 12.50000000000002 228.75
2260 12.99038105676654 12.50000000000002 233.5
2261 12.99038105676654 12.50000000000002 238.25
2262 12.99038105676654 12.50000000000002 243
2263 12.99038105676654 12.50000000000002 247.75
2264 12.99038105676654 12.50000000000002 252.5
2265 12.99038105676654 12.50000000000002 257.25
2266 12.99038105676654 12.50000000000002 262
2267 12.99038105676654 12.50000000000002 266.75
2268 12.99038105676654 12.50000000000002 271.5
2269 12.99038105676654 12.50000000000002 276.25
2270 12.99038105676654 12.50000000000002 281
2271 12.99038105676654 12.50000000000002 285.75
2272 12.99038105676654 12.50000000000002 290.5
2273 12.99038105676654 12.50000000000002 295.25
2274 12.99038105676654 12.50000000000002 300
2275 12.99038105676654 12.50000000000002 304.75
2276 12.99038105676654 12.50000000000002 309.5
2277 12.99038105676654 12.50000000000002 314.25
2278 12.99038105676654 12.50000000000002 319
2279 12.99038105676654 12.50000000000002 323.75
2280 12.99038105676654 12.50000000000002 328.5
2281 12.99038105676654 12.50000000000002 333.25
2282 12.99038105676654 12.50000000000002 338
2283 12.99038105676654 12.50000000000002 342.75
2284 12.99038105676654 12.50000000000002 347.5
2285 12.99038105676654 12.50000000000002 352.25
2286 12.99038105676654 12.50000000000002 357
2287 12.99038105676654 12.50000000000002 361.75
2288 12.99038105676654 12.50000000000002 366.5
2289 12.99038105676654 12.50000000000002 371.25
2290 12.99038105676654 12.50000000000002 376
2291 12.99038105676654 12.50000000000002 380.75
2292 12.99038105676654 12.50000000000002 385.5
2293 12.99038105676654 12.50000000000002 390.25
2294 12.99038105676654 12.50000000000002 395
2295 12.99038105676654 12.50000000000002 399.75
2296 8.660254037844306 15.00000000000005 219.25
2297 8.660254037844306 15.00000000000005 224
2298 8.660254037844306 15.00000000000005 228.75
2299 8.660254037844306 15.00000000000005 233.5
2300 8.660254037844306 15.00000000000005 238.25
2301 8.660254037844306 15.00000000000005 243
2302 8.660254037844306 15.00000000000005 247.75
2303 8.660254037844306 15.00000000000005 252.5
2304 8.660254037844306 15.00000000000005 257.25
2305 8.660254037844306 15.00000000000005 262
2306 8.660254037844306 15.00000000000005 266.75
2307 8.660254037844306 15.00000000000005 271.5
2308 8.660254037844306 15.00000000000005 276.25
2309 8.660254037844306 15.00000000000005 281
2310 8.660254037844306 15.00000000000005 285.75
2311 8.660254037844306 15.00000000000005 290.5
2312 8.660254037844306 15.00000000000005 295.25
2313 8.660254037844306 15.00000000000005 300
2314 8.660254037844306 15.00000000000005 304.75
2315 8.660254037844306 15.00000000000005 309.5
2316 8.660254037844306 15.00000000000005 314.25
2317 8.660254037844306 15.00000000000005 319
2318 8.660254037844306 15.00000000000005 323.75
2319 8.660254037844306 15.00000000000005 328.5
2320 8.660254037844306 15.00000000000005 333.25
2321 8.660254037844306 15.00000000000005 338
2322 8.660254037844306 15.00000000000005 342.75
2323 8.660254037844306 15.00000000000005 347.5
2324 8.660254037844306 15.00000000000005 352.25
2325 8.660254037844306 15.00000000000005 357
2326 8.660254037844306 15.00000000000005 361.75
2327 8.660254037844306 15.00000000000005 366.5
2328 8.660254037844306 15.00000000000005 371.25
2329 8.660254037844306 15.00000000000005 376
2330 8.660254037844306 15.00000000000005 380.75
2331 8.660254037844306 15.00000000000005 385.5
2332 8.660254037844306 15.00000000000005 390.25
2333 8.660254037844306 15.00000000000005 395
2334 8.660254037844306 15.00000000000005 399.75
2335 4.330127018922252 17.49999999999996 219.25
2336 4.330127018922252 17.49999999999996 224
2337 4.330127018922252 17.49999999999996 228.75
2338 4.330127018922252 17.49999999999996 233.5
2339 4.330127018922252 17.49999999999996 238.25
2340 4.330127018922252 17.49999999999996 243
2341 4.330127018922252 17.49999999999996 247.75
2342 4.330127018922252 17.49999999999996 252.5
2343 4.330127018922252 17.49999999999996 257.25
2344 4.330127018922252 17.49999999999996 262
2345 4.330127018922252 17.49999999999996 266.75
2346 4.330127018922252 17.49999999999996 271.5
2347 4.330127018922252 17.49999999999996 276.25
2348 4.330127018922252 17.49999999999996 281
2349 4.330127018922252 17.49999999999996 285.75
2350 4.330127018922252 17.49999999999996 290.5
2351 4.330127018922252 17.49999999999996 295.25
2352 4.330127018922252 17.49999999999996 300
2353 4.330127018922252 17.49999999999996 304.75
2354 4.330127018922252 17.49999999999996 309.5
2355 4.330127018922252 17.49999999999996 314.25
2356 4.330127018922252 17.49999999999996 319
2357 4.330127018922252 17.49999999999996 323.75
2358 4.330127018922252 17.49999999999996 328.5
2359 4.330127018922252 17.49999999999996 333.25
2360 4.330127018922252 17.49999999999996 338
2361 4.330127018922252 17.49999999999996 342.75
2362 4.330127018922252 17.49999999999996 347.5
2363 4.330127018922252 17.49999999999996 352.25
2364 4.330127018922252 17.49999999999996 357
2365 4.330127018922252 17.49999999999996 361.75
2366 4.330127018922252 17.49999999999996 366.5
2367 4.330127018922252 17.49999999999996 371.25
2368 4.330127018922252 17.49999999999996 376
2369 4.330127018922252 17.49999999999996 380.75
2370 4.330127018922252 17.49999999999996 385.5
2371 4.330127018922252 17.49999999999996 390.25
2372 4.330127018922252 17.49999999999996 395
2373 4.330127018922252 17.49999999999996 399.75
2374 -4.33012701892195 17.50000000000014 219.25
2375 -4.33012701892195 17.50000000000014 224
2376 -4.33012701892195 17.50000000000014 228.75
2377 -4.33012701892195 17.50000000000014 233.5
2378 -4.33012701892195 17.50000000000014 238.25
2379 -4.33012701892195 17.50000000000014 243
2380 -4.33012701892195 17.50000000000014 247.75
2381 -4.33012701892195 17.50000000000014 252.5
2382 -4.33012701892195 17.50000000000014 257.25
2383 -4.33012701892195 17.50000000000014 262
2384 -4.33012701892195 17.50000000000014 266.75
2385 -4.33012701892195 17.50000000000014 271.5
2386 -4.33012701892195 17.50000000000014 276.25
2387 -4.33012701892195 17.50000000000014 281
2388 -4.33012701892195 17.50000000000014 285.75
2389 -4.33012701892195 17.50000000000014 290.5
2390 -4.33012701892195 17.50000000000014 295.25
2391 -4.33012701892195 17.50000000000014 300
2392 -4.33012701892195 17.50000000000014 304.75
2393 -4.33012701892195 17.50000000000014 309.5
2394 -4.33012701892195 17.50000000000014 314.25
2395 -4.33012701892195 17.50000000000014 319
2396 -4.33012701892195 17.50000000000014 323.75
2397 -4.33012701892195 17.50000000000014 328.5
2398 -4.33012701892195 17.50000000000014 333.25
2399 -4.33012701892195 17.50000000000014 338
2400 -4.33012701892195 17.50000000000014 342.75
2401 -4.33012701892195 17.50000000000014 347.5
2402 -4.33012701892195 17.50000000000014 352.25
2403 -4.33012701892195 17.50000000000014 357
2404 -4.33012701892195 17.50000000000014 361.75
2405 -4.33012701892195 17.50000000000014 366.5
2406 -4.33012701892195 17.50000000000014 371.25
2407 -4.33012701892195 17.50000000000014 376
2408 -4.33012701892195 17.50000000000014 380.75
2409 -4.33012701892195 17.50000000000014 385.5
2410 -4.33012701892195 17.50000000000014 390.25
2411 -4.33012701892195 17.50000000000014 395
2412 -4.33012701892195 17.50000000000014 399.75
2413 -8.660254037844073 15.00000000000018 219.25
2414 -8.660254037844073 15.00000000000018 224
2415 -8.660254037844073 15.00000000000018 228.75
2416 -8.660254037844073 15.00000000000018 233.5
2417 -8.660254037844073 15.00000000000018 238.25
2418 -8.660254037844073 15.00000000000018 243
2419 -8.660254037844073 15.00000000000018 247.75
2420 -8.660254037844073 15.00000000000018 252.5
2421 -8.660254037844073 15.00000000000018 257.25
2422 -8.660254037844073 15.00000000000018 262
2423 -8.660254037844073 15.00000000000018 266.75
2424 -8.660254037844073 15.00000000000018 271.5
2425 -8.660254037844073 15.00000000000018 276.25
2426 -8.660254037844073 15.00000000000018 281
2427 -8.660254037844073 15.00000000000018 285.75
2428 -8.660254037844073 15.00000000000018 290.5
2429 -8.660254037844073 15.00000000000018 295.25
2430 -8.660254037844073 15.00000000000018 300
2431 -8.660254037844073 15.00000000000018 304.75
2432 -8.660254037844073 15.00000000000018 309.5
2433 -8.660254037844073 15.00000000000018 314.25
2434 -8.660254037844073 15.00000000000018 319
2435 -8.660254037844073 15.00000000000018 323.75
2436 -8.660254037844073 15.00000000000018 328.5
2437 -8.660254037844073 15.00000000000018 333.25
2438 -8.660254037844073 15.00000000000018 338
2439 -8.660254037844073 15.00000000000018 342.75
2440 -8.660254037844073 15.00000000000018 347.5
2441 -8.660254037844073 15.00000000000018 352.25
2442 -8.660254037844073 15.00000000000018 357
2443 -8.660254037844073 15.00000000000018 361.75
2444 -8.660254037844073 15.00000000000018 366.5
2445 -8.660254037844073 15.00000000000018 371.25
2446 -8.660254037844073 15.00000000000018 376
2447 -8.660254037844073 15.00000000000018 380.75
2448 -8.660254037844073 15.00000000000018 385.5
2449 -8.660254037844073 15.00000000000018 390.25
2450 -8.660254037844073 15.00000000000018 395
2451 -8.660254037844073 15.00000000000018 399.75
2452 -12.99038105676637 12.50000000000012 219.25
2453 -12.99038105676637 12.50000000000012 224
2454 -12.99038105676637 12.50000000000012 228.75
2455 -12.99038105676637 12.50000000000012 233.5
2456 -12.99038105676637 12.50000000000012 238.25
2457 -12.99038105676637 12.50000000000012 243
2458 -12.99038105676637 12.50000000000012 247.75
2459 -12.99038105676637 12.50000000000012 252.5
2460 -12.99038105676637 12.50000000000012 257.25
2461 -12.99038105676637 12.50000000000012 262
2462 -12.99038105676637 12.50000000000012 266.75
2463 -12.99038105676637 12.50000000000012 271.5
2464 -12.99038105676637 12.50000000000012 276.25
2465 -12.99038105676637 12.50000000000012 281
2466 -12.99038105676637 12.50000000000012 285.75
2467 -12.99038105676637 12.50000000000012 290.5
2468 -12.99038105676637 12.50000000000012 295.25
2469 -12.99038105676637 12.50000000000012 300
2470 -12.99038105676637 12.50000000000012 304.75
2471 -12.99038105676637 12.50000000000012 309.5
2472 -12.99038105676637 12.50000000000012 314.25
2473 -12.99038105676637 12.50000000000012 319
2474 -12.99038105676637 12.50000000000012 323.75
2475 -12.99038105676637 12.50000000000012 328.5
2476 -12.99038105676637 12.50000000000012 333.25
2477 -12.99038105676637 12.50000000000012 338
2478 -12.99038105676637 12.50000000000012 342.75
2479 -12.99038105676637 12.50000000000012 347.5
2480 -12.99038105676637 12.50000000000012 352.25
2481 -12.99038105676637 12.50000000000012 357
2482 -12.99038105676637 12.50000000000012 361.75
2483 -12.99038105676637 12.50000000000012 366.5
2484 -12.99038105676637 12.50000000000012 371.25
2485 -12.99038105676637 12.50000000000012 376
2486 -12.99038105676637 12.50000000000012 380.75
2487 -12.99038105676637 12.50000000000012 385.5
2488 -12.99038105676637 12.50000000000012 390.25
2489 -12.99038105676637 12.50000000000012 395
2490 -12.99038105676637 12.50000000000012 399.75
2491 -17.32050807568877 5.000000000000028 219.25
2492 -17.32050807568877 5.000000000000028 224
2493 -17.32050807568877 5.000000000000028 228.75
2494 -17.32050807568877 5.000000000000028 233.5
2495 -17.32050807568877 5.000000000000028 238.25
2496 -17.32050807568877 5.000000000000028 243
2497 -17.32050807568877 5.000000000000028 247.75
2498 -17.32050807568877 5.000000000000028 252.5
2499 -17.32050807568877 5.000000000000028 257.25
2500 -17.32050807568877 5.000000000000028 262
2501 -17.32050807568877 5.000000000000028 266.75
2502 -17.32050807568877 5.000000000000028 271.5
2503 -17.32050807568877 5.000000000000028 276.25
2504 -17.32050807568877 5.000000000000028 281
2505 -17.32050807568877 5.000000000000028 285.75
2506 -17.32050807568877 5.000000000000028 290.5
2507 -17.32050807568877 5.000000000000028 295.25
2508 -17.32050807568877 5.000000000000028 300
2509 -17.32050807568877 5.000000000000028 304.75
2510 -17.32050807568877 5.000000000000028 309.5
2511 -17.32050807568877 5.000000000000028 314.25
2512 -17.32050807568877 5.000000000000028 319
2513 -17.32050807568877 5.000000000000028 323.75
2514 -17.32050807568877 5.000000000000028 328.5
2515 -17.32050807568877 5.000000000000028 333.25
2516 -17.32050807568877 5.000000000000028 338
2517 -17.32050807568877 5.000000000000028 342.75
2518 -17.32050807568877 5.000000000000028 347.5
2519 -17.32050807568877 5.000000000000028 352.25
2520 -17.32050807568877 5.000000000000028 357
2521 -17.32050807568877 5.000000000000028 361.75
2522 -17.32050807568877 5.000000000000028 366.5
2523 -17.32050807568877 5.000000000000028 371.25
2524 -17.32050807568877 5.000000000000028 376
2525 -17.32050807568877 5.000000000000028 380.75
2526 -17.32050807568877 5.000000000000028 385.5
2527 -17.32050807568877 5.000000000000028 390.25
2528 -17.32050807568877 5.000000000000028 395
2529 -17.32050807568877 5.000000000000028 399.75
2530 -17.32050807568877 1.121325254871408e-13 219.25
2531 -17.32050807568877 1.121325254871408e-13 224
2532 -17.32050807568877 1.121325254871408e-13 228.75
2533 -17.32050807568877 1.121325254871408e-13 233.5
2534 -17.32050807568877 1.121325254871408e-13 238.25
2535 -17.32050807568877 1.121325254871408e-13 243
2536 -17.32050807568877 1.121325254871408e-13 247.75
2537 -17.32050807568877 1.121325254871408e-13 252.5
2538 -17.32050807568877 1.121325254871408e-13 257.25
2539 -17.32050807568877 1.121325254871408e-13 262
2540 -17.32050807568877 1.121325254871408e-13 266.75
2541 -17.32050807568877 1.121325254871408e-13 271.5
2542 -17.32050807568877 1.121325254871408e-13 276.25
2543 -17.32050807568877 1.121325254871408e-13 281
2544 -17.32050807568877 1.121325254871408e-13 285.75
2545 -17.32050807568877 1.121325254871408e-13 290.5
2546 -17.32050807568877 1.121325254871408e-13 295.25
2547 -17.32050807568877 1.121325254871408e-13 300
2548 -17.32050807568877 1.121325254871408e-13 304.75
2549 -17.32050807568877 1.121325254871408e-13 309.5
2550 -17.32050807568877 1.121325254871408e-13 314.25
2551 -17.32050807568877 1.121325254871408e-13 319
2552 -17.32050807568877 1.121325254871408e-13 323.75
2553 -17.32050807568877 1.121325254871408e-13 328.5
2554 -17.32050807568877 1.121325254871408e-13 333.25
2555 -17.32050807568877 1.121325254871408e-13 338
2556 -17.32050807568877 1.121325254871408e-13 342.75
2557 -17.32050807568877 1.121325254871408e-13 347.5
2558 -17.32050807568877 1.121325254871408e-13 352.25
2559 -17.32050807568877 1.121325254871408e-13 357
2560 -17.32050807568877 1.121325254871408e-13 361.75
2561 -17.32050807568877 1.121325254871408e-13 366.5
2562 -17.32050807568877 1.121325254871408e-13 371.25
2563 -17.32050807568877 1.121325254871408e-13 376
2564 -17.32050807568877 1.121325254871408e-13 380.75
2565 -17.32050807568877 1.121325254871408e-13 385.5
2566 -17.32050807568877 1.121325254871408e-13 390.25
2567 -17.32050807568877 1.121325254871408e-13 395
2568 -17.32050807568877 1.121325254871408e-13 399.75
2569 -17.32050807568877 -4.999999999999805 219.25
2570 -17.32050807568877 -4.999999999999805 224
2571 -17.32050807568877 -4.999999999999805 228.75
2572 -17.32050807568877 -4.999999999999805 233.5
2573 -17.32050807568877 -4.999999999999805 238.25
2574 -17.32050807568877 -4.999999999999805 243
2575 -17.32050807568877 -4.999999999999805 247.75
2576 -17.32050807568877 -4.999999999999805 252.5
2577 -17.32050807568877 -4.999999999999805 257.25
2578 -17.32050807568877 -4.999999999999805 262
2579 -17.32050807568877 -4.999999999999805 266.75
2580 -17.32050807568877 -4.999999999999805 271.5
2581 -17.32050807568877 -4.999999999999805 276.25
2582 -17.32050807568877 -4.999999999999805 281
2583 -17.32050807568877 -4.999999999999805 285.75
2584 -17.32050807568877 -4.999999999999805 290.5
2585 -17.32050807568877 -4.999999999999805 295.25
2586 -17.32050807568877 -4.999999999999805 300
2587 -17.32050807568877 -4.999999999999805 304.75
2588 -17.32050807568877 -4.999999999999805 309.5
2589 -17.32050807568877 -4.999999999999805 314.25
2590 -17.32050807568877 -4.999999999999805 319
2591 -17.32050807568877 -4.999999999999805 323.75
2592 -17.32050807568877 -4.999999999999805 328.5
2593 -17.32050807568877 -4.999999999999805 333.25
2594 -17.32050807568877 -4.999999999999805 338
2595 -17.32050807568877 -4.999999999999805 342.75
2596 -17.32050807568877 -4.999999999999805 347.5
2597 -17.32050807568877 -4.999999999999805 352.25
2598 -17.32050807568877 -4.999999999999805 357
2599 -17.32050807568877 -4.999999999999805 361.75
2600 -17.32050807568877 -4.999999999999805 366.5
2601 -17.32050807568877 -4.999999999999805 371.25
2602 -17.32050807568877 -4.999999999999805 376
2603 -17.32050807568877 -4.999999999999805 380.75
2604 -17.32050807568877 -4.999999999999805 385.5
2605 -17.32050807568877 -4.999999999999805 390.25
2606 -17.32050807568877 -4.999999999999805 395
2607 -17.32050807568877 -4.999999999999805 399.75
2608 -12.99038105676654 -12.50000000000002 219.25
2609 -12.99038105676654 -12.50000000000002 224
2610 -12.99038105676654 -12.50000000000002 228.75
2611 -12.99038105676654 -12.50000000000002 233.5
2612 -12.99038105676654 -12.50000000000002 238.25
2613 -12.99038105676654 -12.50000000000002 243
2614 -12.99038105676654 -12.50000000000002 247.75
2615 -12.99038105676654 -12.50000000000002 252.5
2616 -12.99038105676654 -12.50000000000002 257.25
2617 -12.99038105676654 -12.50000000000002 262
2618 -12.99038105676654 -12.50000000000002 266.75
2619 -12.99038105676654 -12.50000000000002 271.5
2620 -12.99038105676654 -12.50000000000002 276.25
2621 -12.99038105676654 -12.50000000000002 281
2622 -12.99038105676654 -12.50000000000002 285.75
2623 -12.99038105676654 -12.50000000000002 290.5
2624 -12.99038105676654 -12.50000000000002 295.25
2625 -12.99038105676654 -12.50000000000002 300
2626 -12.99038105676654 -12.50000000000002 304.75
2627 -12.99038105676654 -12.50000000000002 309.5
2628 -12.99038105676654 -12.50000000000002 314.25
2629 -12.99038105676654 -12.50000000000002 319
2630 -12.99038105676654 -12.50000000000002 323.75
2631 -12.99038105676654 -12.50000000000002 328.5
2632 -12.99038105676654 -12.50000000000002 333.25
2633 -12.99038105676654 -12.50000000000002 338
2634 -12.99038105676654 -12.50000000000002 342.75
2635 -12.99038105676654 -12.50000000000002 347.5
2636 -12.99038105676654 -12.50000000000002 352.25
2637 -12.99038105676654 -12.50000000000002 357
2638 -12.99038105676654 -12.50000000000002 361.75
2639 -12.99038105676654 -12.50000000000002 366.5
2640 -12.99038105676654 -12.50000000000002 371.25
2641 -12.99038105676654 -12.50000000000002 376
2642 -12.99038105676654 -12.50000000000002 380.75
2643 -12.99038105676654 -12.50000000000002 385.5
2644 -12.99038105676654 -12.50000000000002 390.25
2645 -12.99038105676654 -12.50000000000002 395
2646 -12.99038105676654 -12.50000000000002 399.75
2647 -8.660254037844306 -15.00000000000005 219.25
2648 -8.660254037844306 -15.00000000000005 224
2649 -8.660254037844306 -15.00000000000005 228.75
2650 -8.660254037844306 -15.00000000000005 233.5
2651 -8.660254037844306 -15.00000000000005 238.25
2652 -8.660254037844306 -15.00000000000005 243
2653 -8.660254037844306 -15.00000000000005 247.75
2654 -8.660254037844306 -15.00000000000005 252.5
2655 -8.660254037844306 -15.00000000000005 257.25
2656 -8.660254037844306 -15.00000000000005 262
2657 -8.660254037844306 -15.00000000000005 266.75
2658 -8.660254037844306 -15.00000000000005 271.5
2659 -8.660254037844306 -15.00000000000005 276.25
2660 -8.660254037844306 -15.00000000000005 281
2661 -8.660254037844306 -15.00000000000005 285.75
2662 -8.660254037844306 -15.00000000000005 290.5
2663 -8.660254037844306 -15.00000000000005 295.25
2664 -8.660254037844306 -15.00000000000005 300
2665 -8.660254037844306 -15.00000000000005 304.75
2666 -8.660254037844306 -15.00000000000005 309.5
2667 -8.660254037844306 -15.00000000000005 314.25
2668 -8.660254037844306 -15.00000000000005 319
2669 -8.660254037844306 -15.00000000000005 323.75
2670 -8.660254037844306 -15.00000000000005 328.5
2671 -8.660254037844306 -15.00000000000005 333.25
2672 -8.660254037844306 -15.00000000000005 338
2673 -8.660254037844306 -15.00000000000005 342.75
2674 -8.660254037844306 -15.00000000000005 347.5
2675 -8.660254037844306 -15.00000000000005 352.25
2676 -8.660254037844306 -15.00000000000005 357
2677 -8.660254037844306 -15.00000000000005 361.75
2678 -8.660254037844306 -15.00000000000005 366.5
2679 -8.660254037844306 -15.00000000000005 371.25
2680 -8.660254037844306 -15.00000000000005 376
2681 -8.660254037844306 -15.00000000000005 380.75
2682 -8.660254037844306 -15.00000000000005 385.5
2683 -8.660254037844306 -15.00000000000005 390.25
2684 -8.660254037844306 -15.00000000000005 395
2685 -8.660254037844306 -15.00000000000005 399.75
2686 -4.330127018922252 -17.49999999999996 219.25
2687 -4.330127018922252 -17.49999999999996 224
2688 -4.330127018922252 -17.49999999999996 228.75
2689 -4.330127018922252 -17.49999999999996 233.5
2690 -4.330127018922252 -17.49999999999996 238.25
2691 -4.330127018922252 -17.49999999999996 243
2692 -4.330127018922252 -17.49999999999996 247.75
2693 -4.330127018922252 -17.49999999999996 252.5
2694 -4.330127018922252 -17.49999999999996 257.25
2695 -4.330127018922252 -17.49999999999996 262
2696 -4.330127018922252 -17.49999999999996 266.75
2697 -4.330127018922252 -17.49999999999996 271.5
2698 -4.330127018922252 -17.49999999999996 276.25
2699 -4.330127018922252 -17.49999999999996 281
2700 -4.330127018922252 -17.49999999999996 285.75
2701 -4.330127018922252 -17.49999999999996 290.5
2702 -4.330127018922252 -17.49999999999996 295.25
2703 -4.330127018922252 -17.49999999999996 300
2704 -4.330127018922252 -17.49999999999996 304.75
2705 -4.330127018922252 -17.49999999999996 309.5
2706 -4.330127018922252 -17.49999999999996 314.25
2707 -4.330127018922252 -17.49999999999996 319
2708 -4.330127018922252 -17.49999999999996 323.75
2709 -4.330127018922252 -17.49999999999996 328.5
2710 -4.330127018922252 -17.49999999999996 333.25
2711 -4.330127018922252 -17.49999999999996 338
2712 -4.330127018922252 -17.49999999999996 342.75
2713 -4.330127018922252 -17.49999999999996 347.5
2714 -4.330127018922252 -17.49999999999996 352.25
2715 -4.330127018922252 -17.49999999999996 357
2716 -4.330127018922252 -17.49999999999996 361.75
2717 -4.330127018922252 -17.49999999999996 366.5
2718 -4.330127018922252 -17.49999999999996 371.25
2719 -4.330127018922252 -17.49999999999996 376
2720 -4.330127018922252 -17.49999999999996 380.75
2721 -4.330127018922252 -17.49999999999996 385.5
2722 -4.330127018922252 -17.49999999999996 390.25
2723 -4.330127018922252 -17.49999999999996 395
2724 -4.330127018922252 -17.49999999999996 399.75
2725 4.33012701892195 -17.50000000000014 219.25
2726 4.33012701892195 -17.50000000000014 224
2727 4.33012701892195 -17.50000000000014 228.75
2728 4.33012701892195 -17.50000000000014 233.5
2729 4.33012701892195 -17.50000000000014 238.25
2730 4.33012701892195 -17.50000000000014 243
2731 4.33012701892195 -17.50000000000014 247.75
2732 4.33012701892195 -17.50000000000014 252.5
2733 4.33012701892195 -17.50000000000014 257.25
2734 4.33012701892195 -17.50000000000014 262
2735 4.33012701892195 -17.50000000000014 266.75
2736 4.33012701892195 -17.50000000000014 271.5
2737 4.33012701892195 -17.50000000000014 276.25
2738 4.33012701892195 -17.50000000000014 281
2739 4.33012701892195 -17.50000000000014 285.75
2740 4.33012701892195 -17.50000000000014 290.5
2741 4.33012701892195 -17.50000000000014 295.25
2742 4.33012701892195 -17.50000000000014 300
2743 4.33012701892195 -17.50000000000014 304.75
2744 4.33012701892195 -17.50000000000014 309.5
2745 4.33012701892195 -17.50000000000014 314.25
2746 4.33012701892195 -17.50000000000014 319
2747 4.33012701892195 -17.50000000000014 323.75
2748 4.33012701892195 -17.50000000000014 328.5
2749 4.33012701892195 -17.50000000000014 333.25
2750 4.33012701892195 -17.50000000000014 338
2751 4.33012701892195 -17.50000000000014 342.75
2752 4.33012701892195 -17.50000000000014 347.5
2753 4.33012701892195 -17.50000000000014 352.25
2754 4.33012701892195 -17.50000000000014 357
2755 4.33012701892195 -17.50000000000014 361.75
2756 4.33012701892195 -17.50000000000014 366.5
2757 4.33012701892195 -17.50000000000014 371.25
2758 4.33012701892195 -17.50000000000014 376
2759 4.33012701892195 -17.50000000000014 380.75
2760 4.33012701892195 -17.50000000000014 385.5
2761 4.33012701892195 -17.50000000000014 390.25
2762 4.33012701892195 -17.50000000000014 395
2763 4.33012701892195 -17.50000000000014 399.75
2764 8.660254037844073 -15.00000000000018 219.25
2765 8.660254037844073 -15.00000000000018 224
2766 8.660254037844073 -15.00000000000018 228.75
2767 8.660254037844073 -15.00000000000018 233.5
2768 8.660254037844073 -15.00000000000018 238.25
2769 8.660254037844073 -15.00000000000018 243
2770 8.660254037844073 -15.00000000000018 247.75
2771 8.660254037844073 -15.00000000000018 252.5
2772 8.660254037844073 -15.00000000000018 257.25
2773 8.660254037844073 -15.00000000000018 262
2774 8.660254037844073 -15.00000000000018 266.75
2775 8.660254037844073 -15.00000000000018 271.5
2776 8.660254037844073 -15.00000000000018 276.25
2777 8.660254037844073 -15.00000000000018 281
2778 8.660254037844073 -15.00000000000018 285.75
2779 8.660254037844073 -15.00000000000018 290.5
2780 8.660254037844073 -15.00000000000018 295.25
2781 8.660254037844073 -15.00000000000018 300
2782 8.660254037844073 -15.00000000000018 304.75
2783 8.660254037844073 -15.00000000000018 309.5
2784 8.660254037844073 -15.00000000000018 314.25
2785 8.660254037844073 -15.00000000000018 319
2786 8.660254037844073 -15.00000000000018 323.75
2787 8.660254037844073 -15.00000000000018 328.5
2788 8.660254037844073 -15.00000000000018 333.25
2789 8.660254037844073 -15.00000000000018 338
2790 8.660254037844073 -15.00000000000018 342.75
2791 8.660254037844073 -15.00000000000018 347.5
2792 8.660254037844073 -15.00000000000018 352.25
2793 8.660254037844073 -15.00000000000018 357
2794 8.660254037844073 -15.00000000000018 361.75
2795 8.660254037844073 -15.00000000000018 366.5
2796 8.660254037844073 -15.00000000000018 371.25
2797 8.660254037844073 -15.00000000000018 376
2798 8.660254037844073 -15.00000000000018 380.75
2799 8.660254037844073 -15.00000000000018 385.5
2800 8.660254037844073 -15.00000000000018 390.25
2801 8.660254037844073 -15.00000000000018 395
2802 8.660254037844073 -15.00000000000018 399.75
2803 12.99038105676637 -12.50000000000012 219.25
2804 12.99038105676637 -12.50000000000012 224
2805 12.99038105676637 -12.50000000000012 228.75
2806 12.99038105676637 -12.50000000000012 233.5
2807 12.99038105676637 -12.50000000000012 238.25
2808 12.99038105676637 -12.50000000000012 243
2809 12.99038105676637 -12.50000000000012 247.75
2810 12.99038105676637 -12.50000000000012 252.5
2811 12.99038105676637 -12.50000000000012 257.25
2812 12.99038105676637 -12.50000000000012 262
2813 12.99038105676637 -12.50000000000012 266.75
2814 12.99038105676637 -12.50000000000012 271.5
2815 12.99038105676637 -12.50000000000012 276.25
2816 12.99038105676637 -12.50000000000012 281
2817 12.99038105676637 -12.50000000000012 285.75
2818 12.99038105676637 -12.50000000000012 290.5
2819 12.99038105676637 -12.50000000000012 295.25
2820 12.99038105676637 -12.50000000000012 300
2821 12.99038105676637 -12.50000000000012 304.75
2822 12.99038105676637 -12.50000000000012 309.5
2823 12.99038105676637 -12.50000000000012 314.25
2824 12.99038105676637 -12.50000000000012 319
2825 12.99038105676637 -12.50000000000012 323.75
2826 12.99038105676637 -12.50000000000012 328.5
2827 12.99038105676637 -12.50000000000012 333.25
2828 12.99038105676637 -12.50000000000012 338
2829 12.99038105676637 -12.50000000000012 342.75
2830 12.99038105676637 -12.50000000000012 347.5
2831 12.99038105676637 -12.50000000000012 352.25
2832 12.99038105676637 -12.50000000000012 357
2833 12.99038105676637 -12.50000000000012 361.75
2834 12.99038105676637 -12.50000000000012 366.5
2835 12.99038105676637 -12.50000000000012 371.25
2836 12.99038105676637 -12.50000000000012 376
2837 12.99038105676637 -12.50000000000012 380.75
2838 12.99038105676637 -12.50000000000012 385.5
2839 12.99038105676637 -12.50000000000012 390.25
2840 12.99038105676637 -12.50000000000012 395
2841 12.99038105676637 -12.50000000000012 399.75
2842 17.32050807568877 -5.000000000000028 219.25
2843 17.32050807568877 -5.000000000000028 224
2844 17.32050807568877 -5.000000000000028 228.75
2845 17.32050807568877 -5.000000000000028 233.5
2846 17.32050807568877 -5.000000000000028 238.25
2847 17.32050807568877 -5.000000000000028 243
2848 17.32050807568877 -5.000000000000028 247.75
2849 17.32050807568877 -5.000000000000028 252.5
2850 17.32050807568877 -5.000000000000028 257.25
2851 17.32050807568877 -5.000000000000028 262
2852 17.32050807568877 -5.000000000000028 266.75
2853 17.32050807568877 -5.000000000000028 271.5
2854 17.32050807568877 -5.000000000000028 276.25
2855 17.32050807568877 -5.000000000000028 281
2856 17.32050807568877 -5.000000000000028 285.75
2857 17.32050807568877 -5.000000000000028 290.5
2858 17.32050807568877 -5.000000000000028 295.25
2859 17.32050807568877 -5.000000000000028 300
2860 17.32050807568877 -5.000000000000028 304.75
2861 17.32050807568877 -5.000000000000028 309.5
2862 17.32050807568877 -5.000000000000028 314.25
2863 17.32050807568877 -5.000000000000028 319
2864 17.32050807568877 -5.000000000000028 323.75
2865 17.32050807568877 -5.000000000000028 328.5
2866 17.32050807568877 -5.000000000000028 333.25
2867 17.32050807568877 -5.000000000000028 338
2868 17.32050807568877 -5.000000000000028 342.75
2869 17.32050807568877 -5.000000000000028 347.5
2870 17.32050807568877 -5.000000000000028 352.25
2871 17.32050807568877 -5.000000000000028 357
2872 17.32050807568877 -5.000000000000028 361.75
2873 17.32050807568877 -5.000000000000028 366.5
2874 17.32050807568877 -5.000000000000028 371.25
2875 17.32050807568877 -5.000000000000028 376
2876 17.32050807568877 -5.000000000000028 380.75
2877 17.32050807568877 -5.000000000000028 385.5
2878 17.32050807568877 -5.000000000000028 390.25
2879 17.32050807568877 -5.000000000000028 395
2880 17.32050807568877 -5.000000000000028 399.75
2881 17.32050807568877 -1.121325254871408e-13 219.25
2882 17.32050807568877 -1.121325254871408e-13 224
2883 17.32050807568877 -1.121325254871408e-13 228.75
2884 17.32050807568877 -1.121325254871408e-13 233.5
2885 17.32050807568877 -1.121325254871408e-13 238.25
2886 17.32050807568877 -1.121325254871408e-13 243
2887 17.32050807568877 -1.121325254871408e-13 247.75
2888 17.32050807568877 -1.121325254871408e-13 252.5
2889 17.32050807568877 -1.121325254871408e-13 257.25
2890 17.32050807568877 -1.121325254871408e-13 262
2891 17.32050807568877 -1.121325254871408e-13 266.75
2892 17.32050807568877 -1.121325254871408e-13 271.5
2893 17.32050807568877 -1.121325254871408e-13 276.25
2894 17.32050807568877 -1.121325254871408e-13 281
2895 17.32050807568877 -1.121325254871408e-13 285.75
2896 17.32050807568877 -1.121325254871408e-13 290.5
2897 17.32050807568877 -1.121325254871408e-13 295.25
2898 17.32050807568877 -1.121325254871408e-13 300
2899 17.32050807568877 -1.121325254871408e-13 304.75
2900 17.32050807568877 -1.121325254871408e-13 309.5
2901 17.32050807568877 -1.121325254871408e-13 314.25
2902 17.32050807568877 -1.121325254871408e-13 319
2903 17.32050807568877 -1.121325254871408e-13 323.75
2904 17.32050807568877 -1.121325254871408e-13 328.5
2905 17.32050807568877 -1.121325254871408e-13 333.25
2906 17.32050807568877 -1.121325254871408e-13 338
2907 17.32050807568877 -1.121325254871408e-13 342.75
2908 17.32050807568877 -1.121325254871408e-13 347.5
2909 17.32050807568877 -1.121325254871408e-13 352.25
2910 17.32050807568877 -1.121325254871408e-13 357
2911 17.32050807568877 -1.121325254871408e-13 361.75
2912 17.32050807568877 -1.121325254871408e-13 366.5
2913 17.32050807568877 -1.121325254871408e-13 371.25
2914 17.32050807568877 -1.121325254871408e-13 376
2915 17.32050807568877 -1.121325254871408e-13 380.75
2916 17.32050807568877 -1.121325254871408e-13 385.5
2917 17.32050807568877 -1.121325254871408e-13 390.25
2918 17.32050807568877 -1.121325254871408e-13 395
2919 17.32050807568877 -1.121325254871408e-13 399.75
2920 17.32050807568877 4.999999999999805 219.25
2921 17.32050807568877 4.999999999999805 224
2922 17.32050807568877 4.999999999999805 228.75
2923 17.32050807568877 4.999999999999805 233.5
2924 17.32050807568877 4.999999999999805 238.25
2925 17.32050807568877 4.999999999999805 243
2926 17.32050807568877 4.999999999999805 247.75
2927 17.32050807568877 4.999999999999805 252.5
2928 17.32050807568877 4.999999999999805 257.25
2929 17.32050807568877 4.999999999999805 262
2930 17.32050807568877 4.999999999999805 266.75
2931 17.32050807568877 4.999999999999805 271.5
2932 17.32050807568877 4.999999999999805 276.25
2933 17.32050807568877 4.999999999999805 281
2934 17.32050807568877 4.999999999999805 285.75
2935 17.32050807568877 4.999999999999805 290.5
2936 17.32050807568877 4.999999999999805 295.25
2937 17.32050807568877 4.999999999999805 300
2938 17.32050807568877 4.999999999999805 304.75
2939 17.32050807568877 4.999999999999805 309.5
2940 17.32050807568877 4.999999999999805 314.25
2941 17.32050807568877 4.999999999999805 319
2942 17.32050807568877 4.999999999999805 323.75
2943 17.32050807568877 4.999999999999805 328.5
2944 17.32050807568877 4.999999999999805 333.25
2945 17.32050807568877 4.999999999999805 338
2946 17.32050807568877 4.999999999999805 342.75
2947 17.32050807568877 4.999999999999805 347.5
2948 17.32050807568877 4.999999999999805 352.25
2949 17.32050807568877 4.999999999999805 357
2950 17.32050807568877 4.999999999999805 361.75
2951 17.32050807568877 4.999999999999805 366.5
2952 17.32050807568877 4.999999999999805 371.25
2953 17.32050807568877 4.999999999999805 376
2954 17.32050807568877 4.999999999999805 380.75
2955 17.32050807568877 4.999999999999805 385.5
2956 17.32050807568877 4.999999999999805 390.25
2957 17.32050807568877 4.999999999999805 395
2958 17.32050807568877 4.999999999999805 399.75
2959 -1.338333733465819 -3.128277059075661 404.5
2960 -12.85273202838408 -7.658331088909613 404.5
2961 11.63188280557378 -2.995136046933196 404.5
2962 7.514607545963853 0.07114239662751487 404.5
2963 2.539149994709444 -8.738882325388637 404.5
2964 2.12964735650302 6.747792269711751 404.5
2965 8.434131665013517 -8.070830980526347 404.5
2966 2.95816346022591 1.585972477032862 404.5
2967 13.87422808852985 -7.33936827859767 404.5
2968 12.27517991161143 7.336807072227995 404.5
2969 6.91877248930069 4.34281597052799 404.5
2970 2.880978530685488 12.03131349602651 404.5
2971 -2.599974635763035 8.852740001219731 404.5
2972 12.06554170944527 2.477026388090364 404.5
2973 6.490045526743329 -12.83709637006167 404.5
2974 -2.944779576834328 -9.789063985719443 404.5
2975 -3.932884930068824 -14.88656419982845 404.5
2976 -8.295695409124429 -10.81048953127438 404.5
2977 -2.278415394009257 14.49230675883145 404.5
2978 7.575888240161373 9.741227422855252 404.5
2979 -12.60392507738939 7.583302286433548 404.5
2980 -7.716940177929303 -5.670116731482193 404.5
2981 1.183645863594024 -13.79302461187124 404.5
2982 -7.569657615143476 10.56209381457361 404.5
2983 5.160731452809635 -3.865524792517423 404.5
2984 -12.51150205976542 2.579345919803289 404.5
2985 -7.466260867330856 5.793374932375399 404.5
2986 -2.198803314333113 3.281080686093885 404.5
2987 -12.43304198060404 -2.652370067548164 404.5
2988 -7.277480355571426 0.03383961336109246 404.5
2989 -1.338333733465819 -3.128277059075661 4.75
2990 -1.338333733465819 -3.128277059075661 9.5
2991 -1.338333733465819 -3.128277059075661 14.25
2992 -1.338333733465819 -3.128277059075661 19
2993 -1.338333733465819 -3.128277059075661 23.75
2994 -1.338333733465819 -3.128277059075661 28.5
2995 -1.338333733465819 -3.128277059075661 33.25
2996 -1.338333733465819 -3.128277059075661 38
2997 -1.338333733465819 -3.128277059075661 42.75
2998 -1.338333733465819 -3.128277059075661 47.5
2999 -1.338333733465819 -3.128277059075661 52.25000000000001
3000 -1.338333733465819 -3.128277059075661 57
3001 -1.338333733465819 -3.128277059075661 61.75
3002 -1.338333733465819 -3.128277059075661 66.5
3003 -1.338333733465819 -3.128277059075661 71.25
3004 -1.338333733465819 -3.128277059075661 76
3005 -1.338333733465819 -3.128277059075661 80.75
3006 -1.338333733465819 -3.128277059075661 85.5
3007 -1.338333733465819 -3.128277059075661 90.25
3008 -1.338333733465819 -3.128277059075661 95
3009 -1.338333733465819 -3.128277059075661 99.75
3010 -1.338333733465819 -3.128277059075661 104.5
3011 -1.338333733465819 -3.128277059075661 109.25
3012 -1.338333733465819 -3.128277059075661 114
3013 -1.338333733465819 -3.128277059075661 118.75
3014 -1.338333733465819 -3.128277059075661 123.5
3015 -1.338333733465819 -3.128277059075661 128.25
3016 -1.338333733465819 -3.128277059075661 133
3017 -1.338333733465819 -3.128277059075661 137.75
3018 -1.338333733465819 -3.128277059075661 142.5
3019 -1.338333733465819 -3.128277059075661 147.25
3020 -1.338333733465819 -3.128277059075661 152
3021 -1.338333733465819 -3.128277059075661 156.75
3022 -1.338333733465819 -3.128277059075661 161.5
3023 -1.338333733465819 -3.128277059075661 166.25
3024 -1.338333733465819 -3.128277059075661 171
3025 -1.338333733465819 -3.128277059075661 175.75
3026 -1.338333733465819 -3.128277059075661 180.5
3027 -1.338333733465819 -3.128277059075661 185.25
3028 -12.85273202838408 -7.658331088909613 4.75
3029 -12.85273202838408 -7.658331088909613 9.5
3030 -12.85273202838408 -7.658331088909613 14.25
3031 -12.85273202838408 -7.658331088909613 19
3032 -12.85273202838408 -7.658331088909613 23.75
3033 -12.85273202838408 -7.658331088909613 28.5
3034 -12.85273202838408 -7.658331088909613 33.25
3035 -12.85273202838408 -7.658331088909613 38
3036 -12.85273202838408 -7.658331088909613 42.75
3037 -12.85273202838408 -7.658331088909613 47.5
3038 -12.85273202838408 -7.658331088909613 52.25000000000001
3039 -12.85273202838408 -7.658331088909613 57
3040 -12.85273202838408 -7.658331088909613 61.75
3041 -12.85273202838408 -7.658331088909613 66.5
3042 -12.85273202838408 -7.658331088909613 71.25
3043 -12.85273202838408 -7.658331088909613 76
3044 -12.85273202838408 -7.658331088909613 80.75
3045 -12.85273202838408 -7.658331088909613 85.5
3046 -12.85273202838408 -7.658331088909613 90.25
3047 -12.85273202838408 -7.658331088909613 95
3048 -12.85273202838408 -7.658331088909613 99.75
3049 -12.85273202838408 -7.658331088909613 104.5
3050 -12.85273202838408 -7.658331088909613 109.25
3051 -12.85273202838408 -7.658331088909613 114
3052 -12.85273202838408 -7.658331088909613 118.75
3053 -12.85273202838408 -7.658331088909613 123.5
3054 -12.85273202838408 -7.658331088909613 128.25
3055 -12.85273202838408 -7.658331088909613 133
3056 -12.85273202838408 -7.658331088909613 137.75
3057 -12.85273202838408 -7.658331088909613 142.5
3058 -12.85273202838408 -7.658331088909613 147.25
3059 -12.85273202838408 -7.658331088909613 152
3060 -12.85273202838408 -7.658331088909613 156.75
3061 -12.85273202838408 -7.658331088909613 161.5
3062 -12.85273202838408 -7.658331088909613 166.25
3063 -12.85273202838408 -7.658331088909613 171
3064 -12.85273202838408 -7.658331088909613 175.75
3065 -12.85273202838408 -7.658331088909613 180.5
3066 -12.85273202838408 -7.658331088909613 185.25
3067 11.63188280557378 -2.995136046933196 4.75
3068 11.63188280557378 -2.995136046933196 9.5
3069 11.63188280557378 -2.995136046933196 14.25
3070 11.63188280557378 -2.995136046933196 19
3071 11.63188280557378 -2.995136046933196 23.75
3072 11.63188280557378 -2.995136046933196 28.5
3073 11.63188280557378 -2.995136046933196 33.25
3074 11.63188280557378 -2.995136046933196 38
3075 11.63188280557378 -2.995136046933196 42.75
3076 11.63188280557378 -2.995136046933196 47.5
3077 11.63188280557378 -2.995136046933196 52.25000000000001
3078 11.63188280557378 -2.995136046933196 57
3079 11.63188280557378 -2.995136046933196 61.75
3080 11.63188280557378 -2.995136046933196 66.5
3081 11.63188280557378 -2.995136046933196 71.25
3082 11.63188280557378 -2.995136046933196 76
3083 11.63188280557378 -2.995136046933196 80.75
3084 11.63188280557378 -2.995136046933196 85.5
3085 11.63188280557378 -2.995136046933196 90.25
3086 11.63188280557378 -2.995136046933196 95
3087 11.63188280557378 -2.995136046933196 99.75
3088 11.63188280557378 -2.995136046933196 104.5
3089 11.63188280557378 -2.995136046933196 109.25
3090 11.63188280557378 -2.995136046933196 114
3091 11.63188280557378 -2.995136046933196 118.75
3092 11.63188280557378 -2.995136046933196 123.5
3093 11.63188280557378 -2.995136046933196 128.25
3094 11.63188280557378 -2.995136046933196 133
3095 11.63188280557378 -2.995136046933196 137.75
3096 11.63188280557378 -2.995136046933196 142.5
3097 11.63188280557378 -2.995136046933196 147.25
3098 11.63188280557378 -2.995136046933196 152
3099 11.63188280557378 -2.995136046933196 156.75
3100 11.63188280557378 -2.995136046933196 161.5
3101 11.63188280557378 -2.995136046933196 166.25
3102 11.63188280557378 -2.995136046933196 171
3103 11.63188280557378 -2.995136046933196 175.75
3104 11.63188280557378 -2.995136046933196 180.5
3105 11.63188280557378 -2.995136046933196 185.25
3106 7.514607545963853 0.07114239662751487 4.75
3107 7.514607545963853 0.07114239662751487 9.5
3108 7.514607545963853 0.07114239662751487 14.25
3109 7.514607545963853 0.07114239662751487 19
3110 7.514607545963853 0.07114239662751487 23.75
3111 7.514607545963853 0.07114239662751487 28.5
3112 7.514607545963853 0.07114239662751487 33.25
3113 7.514607545963853 0.07114239662751487 38
3114 7.514607545963853 0.07114239662751487 42.75
3115 7.514607545963853 0.07114239662751487 47.5
3116 7.514607545963853 0.07114239662751487 52.25000000000001
3117 7.514607545963853 0.07114239662751487 57
3118 7.514607545963853 0.07114239662751487 61.75
3119 7.514607545963853 0.07114239662751487 66.5
3120 7.514607545963853 0.07114239662751487 71.25
3121 7.514607545963853 0.07114239662751487 76
3122 7.514607545963853 0.07114239662751487 80.75
3123 7.514607545963853 0.07114239662751487 85.5
3124 7.514607545963853 0.07114239662751487 90.25
3125 7.514607545963853 0.07114239662751487 95
3126 7.514607545963853 0.07114239662751487 99.75
3127 7.514607545963853 0.07114239662751487 104.5
3128 7.514607545963853 0.07114239662751487 109.25
3129 7.514607545963853 0.07114239662751487 114
3130 7.514607545963853 0.07114239662751487 118.75
3131 7.514607545963853 0.07114239662751487 123.5
3132 7.514607545963853 0.07114239662751487 128.25
3133 7.514607545963853 0.07114239662751487 133
3134 7.514607545963853 0.07114239662751487 137.75
3135 7.514607545963853 0.07114239662751487 142.5
3136 7.514607545963853 0.07114239662751487 147.25
3137 7.514607545963853 0.07114239662751487 152
3138 7.514607545963853 0.07114239662751487 156.75
3139 7.514607545963853 0.07114239662751487 161.5
3140 7.514607545963853 0.07114239662751487 166.25
3141 7.514607545963853 0.07114239662751487 171
3142 7.514607545963853 0.07114239662751487 175.75
3143 7.514607545963853 0.07114239662751487 180.5
3144 7.514607545963853 0.07114239662751487 185.25
3145 2.539149994709444 -8.738882325388637 4.75
3146 2.539149994709444 -8.738882325388637 9.5
3147 2.539149994709444 -8.738882325388637 14.25
3148 2.539149994709444 -8.738882325388637 19
3149 2.539149994709444 -8.738882325388637 23.75
3150 2.539149994709444 -8.738882325388637 28.5
3151 2.539149994709444 -8.738882325388637 33.25
3152 2.539149994709444 -8.738882325388637 38
3153 2.539149994709444 -8.738882325388637 42.75
3154 2.539149994709444 -8.738882325388637 47.5
3155 2.539149994709444 -8.738882325388637 52.25000000000001
3156 2.539149994709444 -8.738882325388637 57
3157 2.539149994709444 -8.738882325388637 61.75
3158 2.539149994709444 -8.738882325388637 66.5
3159 2.539149994709444 -8.738882325388637 71.25
3160 2.539149994709444 -8.738882325388637 76
3161 2.539149994709444 -8.738882325388637 80.75
3162 2.539149994709444 -8.738882325388637 85.5
3163 2.539149994709444 -8.738882325388637 90.25
3164 2.539149994709444 -8.738882325388637 95
3165 2.539149994709444 -8.738882325388637 99.75
3166 2.539149994709444 -8.738882325388637 104.5
3167 2.539149994709444 -8.738882325388637 109.25
3168 2.539149994709444 -8.738882325388637 114
3169 2.539149994709444 -8.738882325388637 118.75
3170 2.539149994709444 -8.738882325388637 123.5
3171 2.539149994709444 -8.738882325388637 128.25
3172 2.539149994709444 -8.738882325388637 133
3173 2.539149994709444 -8.738882325388637 137.75
3174 2.539149994709444 -8.738882325388637 142.5
3175 2.539149994709444 -8.738882325388637 147.25
3176 2.539149994709444 -8.738882325388637 152
3177 2.539149994709444 -8.738882325388637 156.75
3178 2.539149994709444 -8.738882325388637 161.5
3179 2.539149994709444 -8.738882325388637 166.25
3180 2.539149994709444 -8.738882325388637 171
3181 2.539149994709444 -8.738882325388637 175.75
3182 2.539149994709444 -8.738882325388637 180.5
3183 2.539149994709444 -8.738882325388637 185.25
3184 2.12964735650302 6.747792269711751 4.75
3185 2.12964735650302 6.747792269711751 9.5
3186 2.12964735650302 6.747792269711751 14.25
3187 2.12964735650302 6.747792269711751 19
3188 2.12964735650302 6.747792269711751 23.75
3189 2.12964735650302 6.747792269711751 28.5
3190 2.12964735650302 6.747792269711751 33.25
3191 2.12964735650302 6.747792269711751 38
3192 2.12964735650302 6.747792269711751 42.75
3193 2.12964735650302 6.747792269711751 47.5
3194 2.12964735650302 6.747792269711751 52.25000000000001
3195 2.12964735650302 6.747792269711751 57
3196 2.12964735650302 6.747792269711751 61.75
3197 2.12964735650302 6.747792269711751 66.5
3198 2.12964735650302 6.747792269711751 71.25
3199 2.12964735650302 6.747792269711751 76
3200 2.12964735650302 6.747792269711751 80.75
3201 2.12964735650302 6.747792269711751 85.5
3202 2.12964735650302 6.747792269711751 90.25
3203 2.12964735650302 6.747792269711751 95
3204 2.12964735650302 6.747792269711751 99.75
3205 2.12964735650302 6.747792269711751 104.5
3206 2.12964735650302 6.747792269711751 109.25
3207 2.12964735650302 6.747792269711751 114
3208 2.12964735650302 6.747792269711751 118.75
3209 2.12964735650302 6.747792269711751 123.5
3210 2.12964735650302 6.747792269711751 128.25
3211 2.12964735650302 6.747792269711751 133
3212 2.12964735650302 6.747792269711751 137.75
3213 2.12964735650302 6.747792269711751 142.5
3214 2.12964735650302 6.747792269711751 147.25
3215 2.12964735650302 6.747792269711751 152
3216 2.12964735650302 6.747792269711751 156.75
3217 2.12964735650302 6.747792269711751 161.5
3218 2.12964735650302 6.747792269711751 166.25
3219 2.12964735650302 6.747792269711751 171
3220 2.12964735650302 6.747792269711751 175.75
3221 2.12964735650302 6.747792269711751 180.5
3222 2.12964735650302 6.747792269711751 185.25
3223 8.434131665013517 -8.070830980526347 4.75
3224 8.434131665013517 -8.070830980526347 9.5
3225 8.434131665013517 -8.070830980526347 14.25
3226 8.434131665013517 -8.070830980526347 19
3227 8.434131665013517 -8.070830980526347 23.75
3228 8.434131665013517 -8.070830980526347 28.5
3229 8.434131665013517 -8.070830980526347 33.25
3230 8.434131665013517 -8.070830980526347 38
3231 8.434131665013517 -8.070830980526347 42.75
3232 8.434131665013517 -8.070830980526347 47.5
3233 8.434131665013517 -8.070830980526347 52.25000000000001
3234 8.434131665013517 -8.070830980526347 57
3235 8.434131665013517 -8.070830980526347 61.75
3236 8.434131665013517 -8.070830980526347 66.5
3237 8.434131665013517 -8.070830980526347 71.25
3238 8.434131665013517 -8.070830980526347 76
3239 8.434131665013517 -8.070830980526347 80.75
3240 8.434131665013517 -8.070830980526347 85.5
3241 8.434131665013517 -8.070830980526347 90.25
3242 8.434131665013517 -8.070830980526347 95
3243 8.434131665013517 -8.070830980526347 99.75
3244 8.434131665013517 -8.070830980526347 104.5
3245 8.434131665013517 -8.070830980526347 109.25
3246 8.434131665013517 -8.070830980526347 114
3247 8.434131665013517 -8.070830980526347 118.75
3248 8.434131665013517 -8.070830980526347 123.5
3249 8.434131665013517 -8.070830980526347 128.25
3250 8.434131665013517 -8.070830980526347 133
3251 8.434131665013517 -8.070830980526347 137.75
3252 8.434131665013517 -8.070830980526347 142.5
3253 8.434131665013517 -8.070830980526347 147.25
3254 8.434131665013517 -8.070830980526347 152
3255 8.434131665013517 -8.070830980526347 156.75
3256 8.434131665013517 -8.070830980526347 161.5
3257 8.434131665013517 -8.070830980526347 166.25
3258 8.434131665013517 -8.070830980526347 171
3259 8.434131665013517 -8.070830980526347 175.75
3260 8.434131665013517 -8.070830980526347 180.5
3261 8.434131665013517 -8.070830980526347 185.25
3262 2.95816346022591 1.585972477032862 4.75
3263 2.95816346022591 1.585972477032862 9.5
3264 2.95816346022591 1.585972477032862 14.25
3265 2.95816346022591 1.585972477032862 19
3266 2.95816346022591 1.585972477032862 23.75
3267 2.95816346022591 1.585972477032862 28.5
3268 2.95816346022591 1.585972477032862 33.25
3269 2.95816346022591 1.585972477032862 38
3270 2.95816346022591 1.585972477032862 42.75
3271 2.95816346022591 1.585972477032862 47.5
3272 2.95816346022591 1.585972477032862 52.25000000000001
3273 2.95816346022591 1.585972477032862 57
3274 2.95816346022591 1.585972477032862 61.75
3275 2.95816346022591 1.585972477032862 66.5
3276 2.95816346022591 1.585972477032862 71.25
3277 2.95816346022591 1.585972477032862 76
3278 2.95816346022591 1.585972477032862 80.75
3279 2.95816346022591 1.585972477032862 85.5
3280 2.95816346022591 1.585972477032862 90.25
3281 2.95816346022591 1.585972477032862 95
3282 2.95816346022591 1.585972477032862 99.75
3283 2.95816346022591 1.585972477032862 104.5
3284 2.95816346022591 1.585972477032862 109.25
3285 2.95816346022591 1.585972477032862 114
3286 2.95816346022591 1.585972477032862 118.75
3287 2.95816346022591 1.585972477032862 123.5
3288 2.95816346022591 1.585972477032862 128.25
3289 2.95816346022591 1.585972477032862 133
3290 2.95816346022591 1.585972477032862 137.75
3291 2.95816346022591 1.585972477032862 142.5
3292 2.95816346022591 1.585972477032862 147.25
3293 2.95816346022591 1.585972477032862 152
3294 2.95816346022591 1.585972477032862 156.75
3295 2.95816346022591 1.585972477032862 161.5
3296 2.95816346022591 1.585972477032862 166.25
3297 2.95816346022591 1.585972477032862 171
3298 2.95816346022591 1.585972477032862 175.75
3299 2.95816346022591 1.585972477032862 180.5
3300 2.95816346022591 1.585972477032862 185.25
3301 13.87422808852985 -7.33936827859767 4.75
3302 13.87422808852985 -7.33936827859767 9.5
3303 13.87422808852985 -7.33936827859767 14.25
3304 13.87422808852985 -7.33936827859767 19
3305 13.87422808852985 -7.33936827859767 23.75
3306 13.87422808852985 -7.33936827859767 28.5
3307 13.87422808852985 -7.33936827859767 33.25
3308 13.87422808852985 -7.33936827859767 38
3309 13.87422808852985 -7.33936827859767 42.75
3310 13.87422808852985 -7.33936827859767 47.5
3311 13.87422808852985 -7.33936827859767 52.25000000000001
3312 13.87422808852985 -7.33936827859767 57
3313 13.87422808852985 -7.33936827859767 61.75
3314 13.87422808852985 -7.33936827859767 66.5
3315 13.87422808852985 -7.33936827859767 71.25
3316 13.87422808852985 -7.33936827859767 76
3317 13.87422808852985 -7.33936827859767 80.75
3318 13.87422808852985 -7.33936827859767 85.5
3319 13.87422808852985 -7.33936827859767 90.25
3320 13.87422808852985 -7.33936827859767 95
3321 13.87422808852985 -7.33936827859767 99.75
3322 13.87422808852985 -7.33936827859767 104.5
3323 13.87422808852985 -7.33936827859767 109.25
3324 13.87422808852985 -7.33936827859767 114
3325 13.87422808852985 -7.33936827859767 118.75
3326 13.87422808852985 -7.33936827859767 123.5
3327 13.87422808852985 -7.33936827859767 128.25
3328 13.87422808852985 -7.33936827859767 133
3329 13.87422808852985 -7.33936827859767 137.75
3330 13.87422808852985 -7.33936827859767 142.5
3331 13.87422808852985 -7.33936827859767 147.25
3332 13.87422808852985 -7.33936827859767 152
3333 13.87422808852985 -7.33936827859767 156.75
3334 13.87422808852985 -7.33936827859767 161.5
3335 13.87422808852985 -7.33936827859767 166.25
3336 13.87422808852985 -7.33936827859767 171
3337 13.87422808852985 -7.33936827859767 175.75
3338 13.87422808852985 -7.33936827859767 180.5
3339 13.87422808852985 -7.33936827859767 185.25
3340 12.27517991161143 7.336807072227995 4.75
3341 12.27517991161143 7.336807072227995 9.5
3342 12.27517991161143 7.336807072227995 14.25
3343 12.27517991161143 7.336807072227995 19
3344 12.27517991161143 7.336807072227995 23.75
3345 12.27517991161143 7.336807072227995 28.5
3346 12.27517991161143 7.336807072227995 33.25
3347 12.27517991161143 7.336807072227995 38
3348 12.27517991161143 7.336807072227995 42.75
3349 12.27517991161143 7.336807072227995 47.5
3350 12.27517991161143 7.336807072227995 52.25000000000001
3351 12.27517991161143 7.336807072227995 57
3352 12.27517991161143 7.336807072227995 61.75
3353 12.27517991161143 7.336807072227995 66.5
3354 12.27517991161143 7.336807072227995 71.25
3355 12.27517991161143 7.336807072227995 76
3356 12.27517991161143 7.336807072227995 80.75
3357 12.27517991161143 7.336807072227995 85.5
3358 12.27517991161143 7.336807072227995 90.25
3359 12.27517991161143 7.336807072227995 95
3360 12.27517991161143 7.336807072227995 99.75
3361 12.27517991161143 7.336807072227995 104.5
3362 12.27517991161143 7.336807072227995 109.25
3363 12.27517991161143 7.336807072227995 114
3364 12.27517991161143 7.336807072227995 118.75
3365 12.27517991161143 7.336807072227995 123.5
3366 12.27517991161143 7.336807072227995 128.25
3367 12.27517991161143 7.336807072227995 133
3368 12.27517991161143 7.336807072227995 137.75
3369 12.27517991161143 7.336807072227995 142.5
3370 12.27517991161143 7.336807072227995 147.25
3371 12.27517991161143 7.336807072227995 152
3372 12.27517991161143 7.336807072227995 156.75
3373 12.27517991161143 7.336807072227995 161.5
3374 12.27517991161143 7.336807072227995 166.25
3375 12.27517991161143 7.336807072227995 171
3376 12.27517991161143 7.336807072227995 175.75
3377 12.27517991161143 7.336807072227995 180.5
3378 12.27517991161143 7.336807072227995 185.25
3379 6.91877248930069 4.34281597052799 4.75
3380 6.91877248930069 4.34281597052799 9.5
3381 6.91877248930069 4.34281597052799 14.25
3382 6.91877248930069 4.34281597052799 19
3383 6.91877248930069 4.34281597052799 23.75
3384 6.91877248930069 4.34281597052799 28.5
3385 6.91877248930069 4.34281597052799 33.25
3386 6.91877248930069 4.34281597052799 38
3387 6.91877248930069 4.34281597052799 42.75
3388 6.91877248930069 4.34281597052799 47.5
3389 6.91877248930069 4.34281597052799 52.25000000000001
3390 6.91877248930069 4.34281597052799 57
3391 6.91877248930069 4.34281597052799 61.75
3392 6.91877248930069 4.34281597052799 66.5
3393 6.91877248930069 4.34281597052799 71.25
3394 6.91877248930069 4.34281597052799 76
3395 6.91877248930069 4.34281597052799 80.75
3396 6.91877248930069 4.34281597052799 85.5
3397 6.91877248930069 4.34281597052799 90.25
3398 6.91877248930069 4.34281597052799 95
3399 6.91877248930069 4.34281597052799 99.75
3400 6.91877248930069 4.34281597052799 104.5
3401 6.91877248930069 4.34281597052799 109.25
3402 6.91877248930069 4.34281597052799 114
3403 6.91877248930069 4.34281597052799 118.75
3404 6.91877248930069 4.34281597052799 123.5
3405 6.91877248930069 4.34281597052799 128.25
3406 6.91877248930069 4.34281597052799 133
3407 6.91877248930069 4.34281597052799 137.75
3408 6.91877248930069 4.34281597052799 142.5
3409 6.91877248930069 4.34281597052799 147.25
3410 6.91877248930069 4.34281597052799 152
3411 6.91877248930069 4.34281597052799 156.75
3412 6.91877248930069 4.34281597052799 161.5
3413 6.91877248930069 4.34281597052799 166.25
3414 6.91877248930069 4.34281597052799 171
3415 6.91877248930069 4.34281597052799 175.75
3416 6.91877248930069 4.34281597052799 180.5
3417 6.91877248930069 4.34281597052799 185.25
3418 2.880978530685488 12.03131349602651 4.75
3419 2.880978530685488 12.03131349602651 9.5
3420 2.880978530685488 12.03131349602651 14.25
3421 2.880978530685488 12.03131349602651 19
3422 2.880978530685488 12.03131349602651 23.75
3423 2.880978530685488 12.03131349602651 28.5
3424 2.880978530685488 12.03131349602651 33.25
3425 2.880978530685488 12.03131349602651 38
3426 2.880978530685488 12.03131349602651 42.75
3427 2.880978530685488 12.03131349602651 47.5
3428 2.880978530685488 12.03131349602651 52.25000000000001
3429 2.880978530685488 12.03131349602651 57
3430 2.880978530685488 12.03131349602651 61.75
3431 2.880978530685488 12.03131349602651 66.5
3432 2.880978530685488 12.03131349602651 71.25
3433 2.880978530685488 12.03131349602651 76
3434 2.880978530685488 12.03131349602651 80.75
3435 2.880978530685488 12.03131349602651 85.5
3436 2.880978530685488 12.03131349602651 90.25
3437 2.880978530685488 12.03131349602651 95
3438 2.880978530685488 12.03131349602651 99.75
3439 2.880978530685488 12.03131349602651 104.5
3440 2.880978530685488 12.03131349602651 109.25
3441 2.880978530685488 12.03131349602651 114
3442 2.880978530685488 12.03131349602651 118.75
3443 2.880978530685488 12.03131349602651 123.5
3444 2.880978530685488 12.03131349602651 128.25
3445 2.880978530685488 12.03131349602651 133
3446 2.880978530685488 12.03131349602651 137.75
3447 2.880978530685488 12.03131349602651 142.5
3448 2.880978530685488 12.03131349602651 147.25
3449 2.880978530685488 12.03131349602651 152
3450 2.880978530685488 12.03131349602651 156.75
3451 2.880978530685488 12.03131349602651 161.5
3452 2.880978530685488 12.03131349602651 166.25
3453 2.880978530685488 12.03131349602651 171
3454 2.880978530685488 12.03131349602651 175.75
3455 2.880978530685488 12.03131349602651 180.5
3456 2.880978530685488 12.03131349602651 185.25
3457 -2.599974635763035 8.852740001219731 4.75
3458 -2.599974635763035 8.852740001219731 9.5
3459 -2.599974635763035 8.852740001219731 14.25
3460 -2.599974635763035 8.852740001219731 19
3461 -2.599974635763035 8.852740001219731 23.75
3462 -2.599974635763035 8.852740001219731 28.5
3463 -2.599974635763035 8.852740001219731 33.25
3464 -2.599974635763035 8.852740001219731 38
3465 -2.599974635763035 8.852740001219731 42.75
3466 -2.599974635763035 8.852740001219731 47.5
3467 -2.599974635763035 8.852740001219731 52.25000000000001
3468 -2.599974635763035 8.852740001219731 57
3469 -2.599974635763035 8.852740001219731 61.75
3470 -2.599974635763035 8.852740001219731 66.5
3471 -2.599974635763035 8.852740001219731 71.25
3472 -2.599974635763035 8.852740001219731 76
3473 -2.599974635763035 8.852740001219731 80.75
3474 -2.599974635763035 8.852740001219731 85.5
3475 -2.599974635763035 8.852740001219731 90.25
3476 -2.599974635763035 8.852740001219731 95
3477 -2.599974635763035 8.852740001219731 99.75
3478 -2.599974635763035 8.852740001219731 104.5
3479 -2.599974635763035 8.852740001219731 109.25
3480 -2.599974635763035 8.852740001219731 114
3481 -2.599974635763035 8.852740001219731 118.75
3482 -2.599974635763035 8.852740001219731 123.5
3483 -2.599974635763035 8.852740001219731 128.25
3484 -2.599974635763035 8.852740001219731 133
3485 -2.599974635763035 8.852740001219731 137.75
3486 -2.599974635763035 8.852740001219731 142.5
3487 -2.599974635763035 8.852740001219731 147.25
3488 -2.599974635763035 8.852740001219731 152
3489 -2.599974635763035 8.852740001219731 156.75
3490 -2.599974635763035 8.852740001219731 161.5
3491 -2.599974635763035 8.852740001219731 166.25
3492 -2.599974635763035 8.852740001219731 171
3493 -2.599974635763035 8.852740001219731 175.75
3494 -2.599974635763035 8.852740001219731 180.5
3495 -2.599974635763035 8.852740001219731 185.25
3496 12.06554170944527 2.477026388090364 4.75
3497 12.06554170944527 2.477026388090364 9.5
3498 12.06554170944527 2.477026388090364 14.25
3499 12.06554170944527 2.477026388090364 19
3500 12.06554170944527 2.477026388090364 23.75
3501 12.06554170944527 2.477026388090364 28.5
3502 12.06554170944527 2.477026388090364 33.25
3503 12.06554170944527 2.477026388090364 38
3504 12.06554170944527 2.477026388090364 42.75
3505 12.06554170944527 2.477026388090364 47.5
3506 12.06554170944527 2.477026388090364 52.25000000000001
3507 12.06554170944527 2.477026388090364 57
3508 12.06554170944527 2.477026388090364 61.75
3509 12.06554170944527 2.477026388090364 66.5
3510 12.06554170944527 2.477026388090364 71.25
3511 12.06554170944527 2.477026388090364 76
3512 12.06554170944527 2.477026388090364 80.75
3513 12.06554170944527 2.477026388090364 85.5
3514 12.06554170944527 2.477026388090364 90.25
3515 12.06554170944527 2.477026388090364 95
3516 12.06554170944527 2.477026388090364 99.75
3517 12.06554170944527 2.477026388090364 104.5
3518 12.06554170944527 2.477026388090364 109.25
3519 12.06554170944527 2.477026388090364 114
3520 12.06554170944527 2.477026388090364 118.75
3521 12.06554170944527 2.477026388090364 123.5
3522 12.06554170944527 2.477026388090364 128.25
3523 12.06554170944527 2.477026388090364 133
3524 12.06554170944527 2.477026388090364 137.75
3525 12.06554170944527 2.477026388090364 142.5
3526 12.06554170944527 2.477026388090364 147.25
3527 12.06554170944527 2.477026388090364 152
3528 12.06554170944527 2.477026388090364 156.75
3529 12.06554170944527 2.477026388090364 161.5
3530 12.06554170944527 2.477026388090364 166.25
3531 12.06554170944527 2.477026388090364 171
3532 12.06554170944527 2.477026388090364 175.75
3533 12.06554170944527 2.477026388090364 180.5
3534 12.06554170944527 2.477026388090364 185.25
3535 6.490045526743329 -12.83709637006167 4.75
3536 6.490045526743329 -12.83709637006167 9.5
3537 6.490045526743329 -12.83709637006167 14.25
3538 6.490045526743329 -12.83709637006167 19
3539 6.490045526743329 -12.83709637006167 23.75
3540 6.490045526743329 -12.83709637006167 28.5
3541 6.490045526743329 -12.83709637006167 33.25
3542 6.490045526743329 -12.83709637006167 38
3543 6.490045526743329 -12.83709637006167 42.75
3544 6.490045526743329 -12.83709637006167 47.5
3545 6.490045526743329 -12.83709637006167 52.25000000000001
3546 6.490045526743329 -12.83709637006167 57
3547 6.490045526743329 -12.83709637006167 61.75
3548 6.490045526743329 -12.83709637006167 66.5
3549 6.490045526743329 -12.83709637006167 71.25
3550 6.490045526743329 -12.83709637006167 76
3551 6.490045526743329 -12.83709637006167 80.75
3552 6.490045526743329 -12.83709637006167 85.5
3553 6.490045526743329 -12.83709637006167 90.25
3554 6.490045526743329 -12.83709637006167 95
3555 6.490045526743329 -12.83709637006167 99.75
3556 6.490045526743329 -12.83709637006167 104.5
3557 6.490045526743329 -12.83709637006167 109.25
3558 6.490045526743329 -12.83709637006167 114
3559 6.490045526743329 -12.83709637006167 118.75
3560 6.490045526743329 -12.83709637006167 123.5
3561 6.490045526743329 -12.83709637006167 128.25
3562 6.490045526743329 -12.83709637006167 133
3563 6.490045526743329 -12.83709637006167 137.75
3564 6.490045526743329 -12.83709637006167 142.5
3565 6.490045526743329 -12.83709637006167 147.25
3566 6.490045526743329 -12.83709637006167 152
3567 6.490045526743329 -12.83709637006167 156.75
3568 6.490045526743329 -12.83709637006167 161.5
3569 6.490045526743329 -12.83709637006167 166.25
3570 6.490045526743329 -12.83709637006167 171
3571 6.490045526743329 -12.83709637006167 175.75
3572 6.490045526743329 -12.83709637006167 180.5
3573 6.490045526743329 -12.83709637006167 185.25
3574 -2.944779576834328 -9.789063985719443 4.75
3575 -2.944779576834328 -9.789063985719443 9.5
3576 -2.944779576834328 -9.789063985719443 14.25
3577 -2.944779576834328 -9.789063985719443 19
3578 -2.944779576834328 -9.789063985719443 23.75
3579 -2.944779576834328 -9.789063985719443 28.5
3580 -2.944779576834328 -9.789063985719443 33.25
3581 -2.944779576834328 -9.789063985719443 38
3582 -2.944779576834328 -9.789063985719443 42.75
3583 -2.944779576834328 -9.789063985719443 47.5
3584 -2.944779576834328 -9.789063985719443 52.25000000000001
3585 -2.944779576834328 -9.789063985719443 57
3586 -2.944779576834328 -9.789063985719443 61.75
3587 -2.944779576834328 -9.789063985719443 66.5
3588 -2.944779576834328 -9.789063985719443 71.25
3589 -2.944779576834328 -9.789063985719443 76
3590 -2.944779576834328 -9.789063985719443 80.75
3591 -2.944779576834328 -9.789063985719443 85.5
3592 -2.944779576834328 -9.789063985719443 90.25
3593 -2.944779576834328 -9.789063985719443 95
3594 -2.944779576834328 -9.789063985719443 99.75
3595 -2.944779576834328 -9.789063985719443 104.5
3596 -2.944779576834328 -9.789063985719443 109.25
3597 -2.944779576834328 -9.789063985719443 114
3598 -2.944779576834328 -9.789063985719443 118.75
3599 -2.944779576834328 -9.789063985719443 123.5
3600 -2.944779576834328 -9.789063985719443 128.25
3601 -2.944779576834328 -9.789063985719443 133
3602 -2.944779576834328 -9.789063985719443 137.75
3603 -2.944779576834328 -9.789063985719443 142.5
3604 -2.944779576834328 -9.789063985719443 147.25
3605 -2.944779576834328 -9.789063985719443 152
3606 -2.944779576834328 -9.789063985719443 156.75
3607 -2.944779576834328 -9.789063985719443 161.5
3608 -2.944779576834328 -9.789063985719443 166.25
3609 -2.944779576834328 -9.789063985719443 171
3610 -2.944779576834328 -9.789063985719443 175.75
3611 -2.944779576834328 -9.789063985719443 180.5
3612 -2.944779576834328 -9.789063985719443 185.25
3613 -3.932884930068824 -14.88656419982845 4.75
3614 -3.932884930068824 -14.88656419982845 9.5
3615 -3.932884930068824 -14.88656419982845 14.25
3616 -3.932884930068824 -14.88656419982845 19
3617 -3.932884930068824 -14.88656419982845 23.75
3618 -3.932884930068824 -14.88656419982845 28.5
3619 -3.932884930068824 -14.88656419982845 33.25
3620 -3.932884930068824 -14.88656419982845 38
3621 -3.932884930068824 -14.88656419982845 42.75
3622 -3.932884930068824 -14.88656419982845 47.5
3623 -3.932884930068824 -14.88656419982845 52.25000000000001
3624 -3.932884930068824 -14.88656419982845 57
3625 -3.932884930068824 -14.88656419982845 61.75
3626 -3.932884930068824 -14.88656419982845 66.5
3627 -3.932884930068824 -14.88656419982845 71.25
3628 -3.932884930068824 -14.88656419982845 76
3629 -3.932884930068824 -14.88656419982845 80.75
3630 -3.932884930068824 -14.88656419982845 85.5
3631 -3.932884930068824 -14.88656419982845 90.25
3632 -3.932884930068824 -14.88656419982845 95
3633 -3.932884930068824 -14.88656419982845 99.75
3634 -3.932884930068824 -14.88656419982845 104.5
3635 -3.932884930068824 -14.88656419982845 109.25
3636 -3.932884930068824 -14.88656419982845 114
3637 -3.932884930068824 -14.88656419982845 118.75
3638 -3.932884930068824 -14.88656419982845 123.5
3639 -3.932884930068824 -14.88656419982845 128.25
3640 -3.932884930068824 -14.88656419982845 133
3641 -3.932884930068824 -14.88656419982845 137.75
3642 -3.932884930068824 -14.88656419982845 142.5
3643 -3.932884930068824 -14.88656419982845 147.25
3644 -3.932884930068824 -14.88656419982845 152
3645 -3.932884930068824 -14.88656419982845 156.75
3646 -3.932884930068824 -14.88656419982845 161.5
3647 -3.932884930068824 -14.88656419982845 166.25
3648 -3.932884930068824 -14.88656419982845 171
3649 -3.932884930068824 -14.88656419982845 175.75
3650 -3.932884930068824 -14.88656419982845 180.5
3651 -3.932884930068824 -14.88656419982845 185.25
3652 -8.295695409124429 -10.81048953127438 4.75
3653 -8.295695409124429 -10.81048953127438 9.5
3654 -8.295695409124429 -10.81048953127438 14.25
3655 -8.295695409124429 -10.81048953127438 19
3656 -8.295695409124429 -10.81048953127438 23.75
3657 -8.295695409124429 -10.81048953127438 28.5
3658 -8.295695409124429 -10.81048953127438 33.25
3659 -8.295695409124429 -10.81048953127438 38
3660 -8.295695409124429 -10.81048953127438 42.75
3661 -8.295695409124429 -10.81048953127438 47.5
3662 -8.295695409124429 -10.81048953127438 52.25000000000001
3663 -8.295695409124429 -10.81048953127438 57
3664 -8.295695409124429 -10.81048953127438 61.75
3665 -8.295695409124429 -10.81048953127438 66.5
3666 -8.295695409124429 -10.81048953127438 71.25
3667 -8.295695409124429 -10.81048953127438 76
3668 -8.295695409124429 -10.81048953127438 80.75
3669 -8.295695409124429 -10.81048953127438 85.5
3670 -8.295695409124429 -10.81048953127438 90.25
3671 -8.295695409124429 -10.81048953127438 95
3672 -8.295695409124429 -10.81048953127438 99.75
3673 -8.295695409124429 -10.81048953127438 104.5
3674 -8.295695409124429 -10.81048953127438 109.25
3675 -8.295695409124429 -10.81048953127438 114
3676 -8.295695409124429 -10.81048953127438 118.75
3677 -8.295695409124429 -10.81048953127438 123.5
3678 -8.295695409124429 -10.81048953127438 128.25
3679 -8.295695409124429 -10.81048953127438 133
3680 -8.295695409124429 -10.81048953127438 137.75
3681 -8.295695409124429 -10.81048953127438 142.5
3682 -8.295695409124429 -10.81048953127438 147.25
3683 -8.295695409124429 -10.81048953127438 152
3684 -8.295695409124429 -10.81048953127438 156.75
3685 -8.295695409124429 -10.81048953127438 161.5
3686 -8.295695409124429 -10.81048953127438 166.25
3687 -8.295695409124429 -10.81048953127438 171
3688 -8.295695409124429 -10.81048953127438 175.75
3689 -8.295695409124429 -10.81048953127438 180.5
3690 -8.295695409124429 -10.81048953127438 185.25
3691 -2.278415394009257 14.49230675883145 4.75
3692 -2.278415394009257 14.49230675883145 9.5
3693 -2.278415394009257 14.49230675883145 14.25
3694 -2.278415394009257 14.49230675883145 19
3695 -2.278415394009257 14.49230675883145 23.75
3696 -2.278415394009257 14.49230675883145 28.5
3697 -2.278415394009257 14.49230675883145 33.25
3698 -2.278415394009257 14.49230675883145 38
3699 -2.278415394009257 14.49230675883145 42.75
3700 -2.278415394009257 14.49230675883145 47.5
3701 -2.278415394009257 14.49230675883145 52.25000000000001
3702 -2.278415394009257 14.49230675883145 57
3703 -2.278415394009257 14.49230675883145 61.75
3704 -2.278415394009257 14.49230675883145 66.5
3705 -2.278415394009257 14.49230675883145 71.25
3706 -2.278415394009257 14.49230675883145 76
3707 -2.278415394009257 14.49230675883145 80.75
3708 -2.278415394009257 14.49230675883145 85.5
3709 -2.278415394009257 14.49230675883145 90.25
3710 -2.278415394009257 14.49230675883145 95
3711 -2.278415394009257 14.49230675883145 99.75
3712 -2.278415394009257 14.49230675883145 104.5
3713 -2.278415394009257 14.49230675883145 109.25
3714 -2.278415394009257 14.49230675883145 114
3715 -2.278415394009257 14.49230675883145 118.75
3716 -2.278415394009257 14.49230675883145 123.5
3717 -2.278415394009257 14.49230675883145 128.25
3718 -2.278415394009257 14.49230675883145 133
3719 -2.278415394009257 14.49230675883145 137.75
3720 -2.278415394009257 14.49230675883145 142.5
3721 -2.278415394009257 14.49230675883145 147.25
3722 -2.278415394009257 14.49230675883145 152
3723 -2.278415394009257 14.49230675883145 156.75
3724 -2.278415394009257 14.49230675883145 161.5
3725 -2.278415394009257 14.49230675883145 166.25
3726 -2.278415394009257 14.49230675883145 171
3727 -2.278415394009257 14.49230675883145 175.75
3728 -2.278415394009257 14.49230675883145 180.5
3729 -2.278415394009257 14.49230675883145 185.25
3730 7.575888240161373 9.741227422855252 4.75
3731 7.575888240161373 9.741227422855252 9.5
3732 7.575888240161373 9.741227422855252 14.25
3733 7.575888240161373 9.741227422855252 19
3734 7.575888240161373 9.741227422855252 23.75
3735 7.575888240161373 9.741227422855252 28.5
3736 7.575888240161373 9.741227422855252 33.25
3737 7.575888240161373 9.741227422855252 38
3738 7.575888240161373 9.741227422855252 42.75
3739 7.575888240161373 9.741227422855252 47.5
3740 7.575888240161373 9.741227422855252 52.25000000000001
3741 7.575888240161373 9.741227422855252 57
3742 7.575888240161373 9.741227422855252 61.75
3743 7.575888240161373 9.741227422855252 66.5
3744 7.575888240161373 9.741227422855252 71.25
3745 7.575888240161373 9.741227422855252 76
3746 7.575888240161373 9.741227422855252 80.75
3747 7.575888240161373 9.741227422855252 85.5
3748 7.575888240161373 9.741227422855252 90.25
3749 7.575888240161373 9.741227422855252 95
3750 7.575888240161373 9.741227422855252 99.75
3751 7.575888240161373 9.741227422855252 104.5
3752 7.575888240161373 9.741227422855252 109.25
3753 7.575888240161373 9.741227422855252 114
3754 7.575888240161373 9.741227422855252 118.75
3755 7.575888240161373 9.741227422855252 123.5
3756 7.575888240161373 9.741227422855252 128.25
3757 7.575888240161373 9.741227422855252 133
3758 7.575888240161373 9.741227422855252 137.75
3759 7.575888240161373 9.741227422855252 142.5
3760 7.575888240161373 9.741227422855252 147.25
3761 7.575888240161373 9.741227422855252 152
3762 7.575888240161373 9.741227422855252 156.75
3763 7.575888240161373 9.741227422855252 161.5
3764 7.575888240161373 9.741227422855252 166.25
3765 7.575888240161373 9.741227422855252 171
3766 7.575888240161373 9.741227422855252 175.75
3767 7.575888240161373 9.741227422855252 180.5
3768 7.575888240161373 9.741227422855252 185.25
3769 -12.60392507738939 7.583302286433548 4.75
3770 -12.60392507738939 7.583302286433548 9.5
3771 -12.60392507738939 7.583302286433548 14.25
3772 -12.60392507738939 7.583302286433548 19
3773 -12.60392507738939 7.583302286433548 23.75
3774 -12.60392507738939 7.583302286433548 28.5
3775 -12.60392507738939 7.583302286433548 33.25
3776 -12.60392507738939 7.583302286433548 38
3777 -12.60392507738939 7.583302286433548 42.75
3778 -12.60392507738939 7.583302286433548 47.5
3779 -12.60392507738939 7.583302286433548 52.25000000000001
3780 -12.60392507738939 7.583302286433548 57
3781 -12.60392507738939 7.583302286433548 61.75
3782 -12.60392507738939 7.583302286433548 66.5
3783 -12.60392507738939 7.583302286433548 71.25
3784 -12.60392507738939 7.583302286433548 76
3785 -12.60392507738939 7.583302286433548 80.75
3786 -12.60392507738939 7.583302286433548 85.5
3787 -12.60392507738939 7.583302286433548 90.25
3788 -12.60392507738939 7.583302286433548 95
3789 -12.60392507738939 7.583302286433548 99.75
3790 -12.60392507738939 7.583302286433548 104.5
3791 -12.60392507738939 7.583302286433548 109.25
3792 -12.60392507738939 7.583302286433548 114
3793 -12.60392507738939 7.583302286433548 118.75
3794 -12.60392507738939 7.583302286433548 123.5
3795 -12.60392507738939 7.583302286433548 128.25
3796 -12.60392507738939 7.583302286433548 133
3797 -12.60392507738939 7.583302286433548 137.75
3798 -12.60392507738939 7.583302286433548 142.5
3799 -12.60392507738939 7.583302286433548 147.25
3800 -12.60392507738939 7.583302286433548 152
3801 -12.60392507738939 7.583302286433548 156.75
3802 -12.60392507738939 7.583302286433548 161.5
3803 -12.60392507738939 7.583302286433548 166.25
3804 -12.60392507738939 7.583302286433548 171
3805 -12.60392507738939 7.583302286433548 175.75
3806 -12.60392507738939 7.583302286433548 180.5
3807 -12.60392507738939 7.583302286433548 185.25
3808 -7.716940177929303 -5.670116731482193 4.75
3809 -7.716940177929303 -5.670116731482193 9.5
3810 -7.716940177929303 -5.670116731482193 14.25
3811 -7.716940177929303 -5.670116731482193 19
3812 -7.716940177929303 -5.670116731482193 23.75
3813 -7.716940177929303 -5.670116731482193 28.5
3814 -7.716940177929303 -5.670116731482193 33.25
3815 -7.716940177929303 -5.670116731482193 38
3816 -7.716940177929303 -5.670116731482193 42.75
3817 -7.716940177929303 -5.670116731482193 47.5
3818 -7.716940177929303 -5.670116731482193 52.25000000000001
3819 -7.716940177929303 -5.670116731482193 57
3820 -7.716940177929303 -5.670116731482193 61.75
3821 -7.716940177929303 -5.670116731482193 66.5
3822 -7.716940177929303 -5.670116731482193 71.25
3823 -7.716940177929303 -5.670116731482193 76
3824 -7.716940177929303 -5.670116731482193 80.75
3825 -7.716940177929303 -5.670116731482193 85.5
3826 -7.716940177929303 -5.670116731482193 90.25
3827 -7.716940177929303 -5.670116731482193 95
3828 -7.716940177929303 -5.670116731482193 99.75
3829 -7.716940177929303 -5.670116731482193 104.5
3830 -7.716940177929303 -5.670116731482193 109.25
3831 -7.716940177929303 -5.670116731482193 114
3832 -7.716940177929303 -5.670116731482193 118.75
3833 -7.716940177929303 -5.670116731482193 123.5
3834 -7.716940177929303 -5.670116731482193 128.25
3835 -7.716940177929303 -5.670116731482193 133
3836 -7.716940177929303 -5.670116731482193 137.75
3837 -7.716940177929303 -5.670116731482193 142.5
3838 -7.716940177929303 -5.670116731482193 147.25
3839 -7.716940177929303 -5.670116731482193 152
3840 -7.716940177929303 -5.670116731482193 156.75
3841 -7.716940177929303 -5.670116731482193 161.5
3842 -7.716940177929303 -5.670116731482193 166.25
3843 -7.716940177929303 -5.670116731482193 171
3844 -7.716940177929303 -5.670116731482193 175.75
3845 -7.716940177929303 -5.670116731482193 180.5
3846 -7.716940177929303 -5.670116731482193 185.25
3847 1.183645863594024 -13.79302461187124 4.75
3848 1.183645863594024 -13.79302461187124 9.5
3849 1.183645863594024 -13.79302461187124 14.25
3850 1.183645863594024 -13.79302461187124 19
3851 1.183645863594024 -13.79302461187124 23.75
3852 1.183645863594024 -13.79302461187124 28.5
3853 1.183645863594024 -13.79302461187124 33.25
3854 1.183645863594024 -13.79302461187124 38
3855 1.183645863594024 -13.79302461187124 42.75
3856 1.183645863594024 -13.79302461187124 47.5
3857 1.183645863594024 -13.79302461187124 52.25000000000001
3858 1.183645863594024 -13.79302461187124 57
3859 1.183645863594024 -13.79302461187124 61.75
3860 1.183645863594024 -13.79302461187124 66.5
3861 1.183645863594024 -13.79302461187124 71.25
3862 1.183645863594024 -13.79302461187124 76
3863 1.183645863594024 -13.79302461187124 80.75
3864 1.183645863594024 -13.79302461187124 85.5
3865 1.183645863594024 -13.79302461187124 90.25
3866 1.183645863594024 -13.79302461187124 95
3867 1.183645863594024 -13.79302461187124 99.75
3868 1.183645863594024 -13.79302461187124 104.5
3869 1.183645863594024 -13.79302461187124 109.25
3870 1.183645863594024 -13.79302461187124 114
3871 1.183645863594024 -13.79302461187124 118.75
3872 1.183645863594024 -13.79302461187124 123.5
3873 1.183645863594024 -13.79302461187124 128.25
3874 1.183645863594024 -13.79302461187124 133
3875 1.183645863594024 -13.79302461187124 137.75
3876 1.183645863594024 -13.79302461187124 142.5
3877 1.183645863594024 -13.79302461187124 147.25
3878 1.183645863594024 -13.79302461187124 152
3879 1.183645863594024 -13.79302461187124 156.75
3880 1.183645863594024 -13.79302461187124 161.5
3881 1.183645863594024 -13.79302461187124 166.25
3882 1.183645863594024 -13.79302461187124 171
3883 1.183645863594024 -13.79302461187124 175.75
3884 1.183645863594024 -13.79302461187124 180.5
3885 1.183645863594024 -13.79302461187124 185.25
3886 -7.569657615143476 10.56209381457361 4.75
3887 -7.569657615143476 10.56209381457361 9.5
3888 -7.569657615143476 10.56209381457361 14.25
3889 -7.569657615143476 10.56209381457361 19
3890 -7.569657615143476 10.56209381457361 23.75
3891 -7.569657615143476 10.56209381457361 28.5
3892 -7.569657615143476 10.56209381457361 33.25
3893 -7.569657615143476 10.56209381457361 38
3894 -7.569657615143476 10.56209381457361 42.75
3895 -7.569657615143476 10.56209381457361 47.5
3896 -7.569657615143476 10.56209381457361 52.25000000000001
3897 -7.569657615143476 10.56209381457361 57
3898 -7.569657615143476 10.56209381457361 61.75
3899 -7.569657615143476 10.56209381457361 66.5
3900 -7.569657615143476 10.56209381457361 71.25
3901 -7.569657615143476 10.56209381457361 76
3902 -7.569657615143476 10.56209381457361 80.75
3903 -7.569657615143476 10.56209381457361 85.5
3904 -7.569657615143476 10.56209381457361 90.25
3905 -7.569657615143476 10.56209381457361 95
3906 -7.569657615143476 10.56209381457361 99.75
3907 -7.569657615143476 10.56209381457361 104.5
3908 -7.569657615143476 10.56209381457361 109.25
3909 -7.569657615143476 10.56209381457361 114
3910 -7.569657615143476 10.56209381457361 118.75
3911 -7.569657615143476 10.56209381457361 123.5
3912 -7.569657615143476 10.56209381457361 128.25
3913 -7.569657615143476 10.56209381457361 133
3914 -7.569657615143476 10.56209381457361 137.75
3915 -7.569657615143476 10.56209381457361 142.5
3916 -7.569657615143476 10.56209381457361 147.25
3917 -7.569657615143476 10.56209381457361 152
3918 -7.569657615143476 10.56209381457361 156.75
3919 -7.569657615143476 10.56209381457361 161.5
3920 -7.569657615143476 10.56209381457361 166.25
3921 -7.569657615143476 10.56209381457361 171
3922 -7.569657615143476 10.56209381457361 175.75
3923 -7.569657615143476 10.56209381457361 180.5
3924 -7.569657615143476 10.56209381457361 185.25
3925 5.160731452809635 -3.865524792517423 4.75
3926 5.160731452809635 -3.865524792517423 9.5
3927 5.160731452809635 -3.865524792517423 14.25
3928 5.160731452809635 -3.865524792517423 19
3929 5.160731452809635 -3.865524792517423 23.75
3930 5.160731452809635 -3.865524792517423 28.5
3931 5.160731452809635 -3.865524792517423 33.25
3932 5.160731452809635 -3.865524792517423 38
3933 5.160731452809635 -3.865524792517423 42.75
3934 5.160731452809635 -3.865524792517423 47.5
3935 5.160731452809635 -3.865524792517423 52.25000000000001
3936 5.160731452809635 -3.865524792517423 57
3937 5.160731452809635 -3.865524792517423 61.75
3938 5.160731452809635 -3.865524792517423 66.5
3939 5.160731452809635 -3.865524792517423 71.25
3940 5.160731452809635 -3.865524792517423 76
3941 5.160731452809635 -3.865524792517423 80.75
3942 5.160731452809635 -3.865524792517423 85.5
3943 5.160731452809635 -3.865524792517423 90.25
3944 5.160731452809635 -3.865524792517423 95
3945 5.160731452809635 -3.865524792517423 99.75
3946 5.160731452809635 -3.865524792517423 104.5
3947 5.160731452809635 -3.865524792517423 109.25
3948 5.160731452809635 -3.865524792517423 114
3949 5.160731452809635 -3.865524792517423 118.75
3950 5.160731452809635 -3.865524792517423 123.5
3951 5.160731452809635 -3.865524792517423 128.25
3952 5.160731452809635 -3.865524792517423 133
3953 5.160731452809635 -3.865524792517423 137.75
3954 5.160731452809635 -3.865524792517423 142.5
3955 5.160731452809635 -3.865524792517423 147.25
3956 5.160731452809635 -3.865524792517423 152
3957 5.160731452809635 -3.865524792517423 156.75
3958 5.160731452809635 -3.865524792517423 161.5
3959 5.160731452809635 -3.865524792517423 166.25
3960 5.160731452809635 -3.865524792517423 171
3961 5.160731452809635 -3.865524792517423 175.75
3962 5.160731452809635 -3.865524792517423 180.5
3963 5.160731452809635 -3.865524792517423 185.25
3964 -12.51150205976542 2.579345919803289 4.75
3965 -12.51150205976542 2.579345919803289 9.5
3966 -12.51150205976542 2.579345919803289 14.25
3967 -12.51150205976542 2.579345919803289 19
3968 -12.51150205976542 2.579345919803289 23.75
3969 -12.51150205976542 2.579345919803289 28.5
3970 -12.51150205976542 2.579345919803289 33.25
3971 -12.51150205976542 2.579345919803289 38
3972 -12.51150205976542 2.579345919803289 42.75
3973 -12.51150205976542 2.579345919803289 47.5
3974 -12.51150205976542 2.579345919803289 52.25000000000001
3975 -12.51150205976542 2.579345919803289 57
3976 -12.51150205976542 2.579345919803289 61.75
3977 -12.51150205976542 2.579345919803289 66.5
3978 -12.51150205976542 2.579345919803289 71.25
3979 -12.51150205976542 2.579345919803289 76
3980 -12.51150205976542 2.579345919803289 80.75
3981 -12.51150205976542 2.579345919803289 85.5
3982 -12.51150205976542 2.579345919803289 90.25
3983 -12.51150205976542 2.579345919803289 95
3984 -12.51150205976542 2.579345919803289 99.75
3985 -12.51150205976542 2.579345919803289 104.5
3986 -12.51150205976542 2.579345919803289 109.25
3987 -12.51150205976542 2.579345919803289 114
3988 -12.51150205976542 2.579345919803289 118.75
3989 -12.51150205976542 2.579345919803289 123.5
3990 -12.51150205976542 2.579345919803289 128.25
3991 -12.51150205976542 2.579345919803289 133
3992 -12.51150205976542 2.579345919803289 137.75
3993 -12.51150205976542 2.579345919803289 142.5
3994 -12.51150205976542 2.579345919803289 147.25
3995 -12.51150205976542 2.579345919803289 152
3996 -12.51150205976542 2.579345919803289 156.75
3997 -12.51150205976542 2.579345919803289 161.5
3998 -12.51150205976542 2.579345919803289 166.25
3999 -12.51150205976542 2.579345919803289 171
4000 -12.51150205976542 2.579345919803289 175.75
4001 -12.51150205976542 2.579345919803289 180.5
4002 -12.51150205976542 2.579345919803289 185.25
4003 -7.466260867330856 5.793374932375399 4.75
4004 -7.466260867330856 5.793374932375399 9.5
4005 -7.466260867330856 5.793374932375399 14.25
4006 -7.466260867330856 5.793374932375399 19
4007 -7.466260867330856 5.793374932375399 23.75
4008 -7.466260867330856 5.793374932375399 28.5
4009 -7.466260867330856 5.793374932375399 33.25
4010 -7.466260867330856 5.793374932375399 38
4011 -7.466260867330856 5.793374932375399 42.75
4012 -7.466260867330856 5.793374932375399 47.5
4013 -7.466260867330856 5.793374932375399 52.25000000000001
4014 -7.466260867330856 5.793374932375399 57
4015 -7.466260867330856 5.793374932375399 61.75
4016 -7.466260867330856 5.793374932375399 66.5
4017 -7.466260867330856 5.793374932375399 71.25
4018 -7.466260867330856 5.793374932375399 76
4019 -7.466260867330856 5.793374932375399 80.75
4020 -7.466260867330856 5.793374932375399 85.5
4021 -7.466260867330856 5.793374932375399 90.25
4022 -7.466260867330856 5.793374932375399 95
4023 -7.466260867330856 5.793374932375399 99.75
4024 -7.466260867330856 5.793374932375399 104.5
4025 -7.466260867330856 5.793374932375399 109.25
4026 -7.466260867330856 5.793374932375399 114
4027 -7.466260867330856 5.793374932375399 118.75
4028 -7.466260867330856 5.793374932375399 123.5
4029 -7.466260867330856 5.793374932375399 128.25
4030 -7.466260867330856 5.793374932375399 133
4031 -7.466260867330856 5.793374932375399 137.75
4032 -7.466260867330856 5.793374932375399 142.5
4033 -7.466260867330856 5.793374932375399 147.25
4034 -7.466260867330856 5.793374932375399 152
4035 -7.466260867330856 5.793374932375399 156.75
4036 -7.466260867330856 5.793374932375399 161.5
4037 -7.466260867330856 5.793374932375399 166.25
4038 -7.466260867330856 5.793374932375399 171
4039 -7.466260867330856 5.793374932375399 175.75
4040 -7.466260867330856 5.793374932375399 180.5
4041 -7.466260867330856 5.793374932375399 185.25
4042 -2.198803314333113 3.281080686093885 4.75
4043 -2.198803314333113 3.281080686093885 9.5
4044 -2.198803314333113 3.281080686093885 14.25
4045 -2.198803314333113 3.281080686093885 19
4046 -2.198803314333113 3.281080686093885 23.75
4047 -2.198803314333113 3.281080686093885 28.5
4048 -2.198803314333113 3.281080686093885 33.25
4049 -2.198803314333113 3.281080686093885 38
4050 -2.198803314333113 3.281080686093885 42.75
4051 -2.198803314333113 3.281080686093885 47.5
4052 -2.198803314333113 3.281080686093885 52.25000000000001
4053 -2.198803314333113 3.281080686093885 57
4054 -2.198803314333113 3.281080686093885 61.75
4055 -2.198803314333113 3.281080686093885 66.5
4056 -2.198803314333113 3.281080686093885 71.25
4057 -2.198803314333113 3.281080686093885 76
4058 -2.198803314333113 3.281080686093885 80.75
4059 -2.198803314333113 3.281080686093885 85.5
4060 -2.198803314333113 3.281080686093885 90.25
4061 -2.198803314333113 3.281080686093885 95
4062 -2.198803314333113 3.281080686093885 99.75
4063 -2.198803314333113 3.281080686093885 104.5
4064 -2.198803314333113 3.281080686093885 109.25
4065 -2.198803314333113 3.281080686093885 114
4066 -2.198803314333113 3.281080686093885 118.75
4067 -2.198803314333113 3.281080686093885 123.5
4068 -2.198803314333113 3.281080686093885 128.25
4069 -2.198803314333113 3.281080686093885 133
4070 -2.198803314333113 3.281080686093885 137.75
4071 -2.198803314333113 3.281080686093885 142.5
4072 -2.198803314333113 3.281080686093885 147.25
4073 -2.198803314333113 3.281080686093885 152
4074 -2.198803314333113 3.281080686093885 156.75
4075 -2.198803314333113 3.281080686093885 161.5
4076 -2.198803314333113 3.281080686093885 166.25
4077 -2.198803314333113 3.281080686093885 171
4078 -2.198803314333113 3.281080686093885 175.75
4079 -2.198803314333113 3.281080686093885 180.5
4080 -2.198803314333113 3.281080686093885 185.25
4081 -12.43304198060404 -2.652370067548164 4.75
4082 -12.43304198060404 -2.652370067548164 9.5
4083 -12.43304198060404 -2.652370067548164 14.25
4084 -12.43304198060404 -2.652370067548164 19
4085 -12.43304198060404 -2.652370067548164 23.75
4086 -12.43304198060404 -2.652370067548164 28.5
4087 -12.43304198060404 -2.652370067548164 33.25
4088 -12.43304198060404 -2.652370067548164 38
4089 -12.43304198060404 -2.652370067548164 42.75
4090 -12.43304198060404 -2.652370067548164 47.5
4091 -12.43304198060404 -2.652370067548164 52.25000000000001
4092 -12.43304198060404 -2.652370067548164 57
4093 -12.43304198060404 -2.652370067548164 61.75
4094 -12.43304198060404 -2.652370067548164 66.5
4095 -12.43304198060404 -2.652370067548164 71.25
4096 -12.43304198060404 -2.652370067548164 76
4097 -12.43304198060404 -2.652370067548164 80.75
4098 -12.43304198060404 -2.652370067548164 85.5
4099 -12.43304198060404 -2.652370067548164 90.25
4100 -12.43304198060404 -2.652370067548164 95
4101 -12.43304198060404 -2.652370067548164 99.75
4102 -12.43304198060404 -2.652370067548164 104.5
4103 -12.43304198060404 -2.652370067548164 109.25
4104 -12.43304198060404 -2.652370067548164 114
4105 -12.43304198060404 -2.652370067548164 118.75
4106 -12.43304198060404 -2.652370067548164 123.5
4107 -12.43304198060404 -2.652370067548164 128.25
4108 -12.43304198060404 -2.652370067548164 133
4109 -12.43304198060404 -2.652370067548164 137.75
4110 -12.43304198060404 -2.652370067548164 142.5
4111 -12.43304198060404 -2.652370067548164 147.25
4112 -12.43304198060404 -2.652370067548164 152
4113 -12.43304198060404 -2.652370067548164 156.75
4114 -12.43304198060404 -2.652370067548164 161.5
4115 -12.43304198060404 -2.652370067548164 166.25
4116 -12.43304198060404 -2.652370067548164 171
4117 -12.43304198060404 -2.652370067548164 175.75
4118 -12.43304198060404 -2.652370067548164 180.5
4119 -12.43304198060404 -2.652370067548164 185.25
4120 -7.277480355571426 0.03383961336109246 4.75
4121 -7.277480355571426 0.03383961336109246 9.5
4122 -7.277480355571426 0.03383961336109246 14.25
4123 -7.277480355571426 0.03383961336109246 19
4124 -7.277480355571426 0.03383961336109246 23.75
4125 -7.277480355571426 0.03383961336109246 28.5
4126 -7.277480355571426 0.03383961336109246 33.25
4127 -7.277480355571426 0.03383961336109246 38
4128 -7.277480355571426 0.03383961336109246 42.75
4129 -7.277480355571426 0.03383961336109246 47.5
4130 -7.277480355571426 0.03383961336109246 52.25000000000001
4131 -7.277480355571426 0.03383961336109246 57
4132 -7.277480355571426 0.03383961336109246 61.75
4133 -7.277480355571426 0.03383961336109246 66.5
4134 -7.277480355571426 0.03383961336109246 71.25
4135 -7.277480355571426 0.03383961336109246 76
4136 -7.277480355571426 0.03383961336109246 80.75
4137 -7.277480355571426 0.03383961336109246 85.5
4138 -7.277480355571426 0.03383961336109246 90.25
4139 -7.277480355571426 0.03383961336109246 95
4140 -7.277480355571426 0.03383961336109246 99.75
4141 -7.277480355571426 0.03383961336109246 104.5
4142 -7.277480355571426 0.03383961336109246 109.25
4143 -7.277480355571426 0.03383961336109246 114
4144 -7.277480355571426 0.03383961336109246 118.75
4145 -7.277480355571426 0.03383961336109246 123.5
4146 -7.277480355571426 0.03383961336109246 128.25
4147 -7.277480355571426 0.03383961336109246 133
4148 -7.277480355571426 0.03383961336109246 137.75
4149 -7.277480355571426 0.03383961336109246 142.5
4150 -7.277480355571426 0.03383961336109246 147.25
4151 -7.277480355571426 0.03383961336109246 152
4152 -7.277480355571426 0.03383961336109246 156.75
4153 -7.277480355571426 0.03383961336109246 161.5
4154 -7.277480355571426 0.03383961336109246 166.25
4155 -7.277480355571426 0.03383961336109246 171
4156 -7.277480355571426 0.03383961336109246 175.75
4157 -7.277480355571426 0.03383961336109246 180.5
4158 -7.277480355571426 0.03383961336109246 185.25
4159 -1.338333733465819 -3.128277059075661 190.8333333333333
4160 -1.338333733465819 -3.128277059075661 191.6666666666667
4161 -1.338333733465819 -3.128277059075661 192.5
4162 -1.338333733465819 -3.128277059075661 193.3333333333333
4163 -1.338333733465819 -3.128277059075661 194.1666666666667
4164 -1.338333733465819 -3.128277059075661 195
4165 -1.338333733465819 -3.128277059075661 195.8333333333333
4166 -1.338333733465819 -3.128277059075661 196.6666666666667
4167 -1.338333733465819 -3.128277059075661 197.5
4168 -1.338333733465819 -3.128277059075661 198.3333333333333
4169 -1.338333733465819 -3.128277059075661 199.1666666666667
4170 -12.85273202838408 -7.658331088909613 190.8333333333333
4171 -12.85273202838408 -7.658331088909613 191.6666666666667
4172 -12.85273202838408 -7.658331088909613 192.5
4173 -12.85273202838408 -7.658331088909613 193.3333333333333
4174 -12.85273202838408 -7.658331088909613 194.1666666666667
4175 -12.85273202838408 -7.658331088909613 195
4176 -12.85273202838408 -7.658331088909613 195.8333333333333
4177 -12.85273202838408 -7.658331088909613 196.6666666666667
4178 -12.85273202838408 -7.658331088909613 197.5
4179 -12.85273202838408 -7.658331088909613 198.3333333333333
4180 -12.85273202838408 -7.658331088909613 199.1666666666667
4181 11.63188280557378 -2.995136046933196 190.8333333333333
4182 11.63188280557378 -2.995136046933196 191.6666666666667
4183 11.63188280557378 -2.995136046933196 192.5
4184 11.63188280557378 -2.995136046933196 193.3333333333333
4185 11.63188280557378 -2.995136046933196 194.1666666666667
4186 11.63188280557378 -2.995136046933196 195
4187 11.63188280557378 -2.995136046933196 195.8333333333333
4188 11.63188280557378 -2.995136046933196 196.6666666666667
4189 11.63188280557378 -2.995136046933196 197.5
4190 11.63188280557378 -2.995136046933196 198.3333333333333
4191 11.63188280557378 -2.995136046933196 199.1666666666667
4192 7.514607545963853 0.07114239662751487 190.8333333333333
4193 7.514607545963853 0.07114239662751487 191.6666666666667
4194 7.514607545963853 0.07114239662751487 192.5
4195 7.514607545963853 0.07114239662751487 193.3333333333333
4196 7.514607545963853 0.07114239662751487 194.1666666666667
4197 7.514607545963853 0.07114239662751487 195
4198 7.514607545963853 0.07114239662751487 195.8333333333333
4199 7.514607545963853 0.07114239662751487 196.6666666666667
4200 7.514607545963853 0.07114239662751487 197.5
4201 7.514607545963853 0.07114239662751487 198.3333333333333
4202 7.514607545963853 0.07114239662751487 199.1666666666667
4203 2.539149994709444 -8.738882325388637 190.8333333333333
4204 2.539149994709444 -8.738882325388637 191.6666666666667
4205 2.539149994709444 -8.738882325388637 192.5
4206 2.539149994709444 -8.738882325388637 193.3333333333333
4207 2.539149994709444 -8.738882325388637 194.1666666666667
4208 2.539149994709444 -8.738882325388637 195
4209 2.539149994709444 -8.738882325388637 195.8333333333333
4210 2.539149994709444 -8.738882325388637 196.6666666666667
4211 2.539149994709444 -8.738882325388637 197.5
4212 2.539149994709444 -8.738882325388637 198.3333333333333
4213 2.539149994709444 -8.738882325388637 199.1666666666667
4214 2.12964735650302 6.747792269711751 190.8333333333333
4215 2.12964735650302 6.747792269711751 191.6666666666667
4216 2.12964735650302 6.747792269711751 192.5
4217 2.12964735650302 6.747792269711751 193.3333333333333
4218 2.12964735650302 6.747792269711751 194.1666666666667
4219 2.12964735650302 6.747792269711751 195
4220 2.12964735650302 6.747792269711751 195.8333333333333
4221 2.12964735650302 6.747792269711751 196.6666666666667
4222 2.12964735650302 6.747792269711751 197.5
4223 2.12964735650302 6.747792269711751 198.3333333333333
4224 2.12964735650302 6.747792269711751 199.1666666666667
4225 8.434131665013517 -8.070830980526347 190.8333333333333
4226 8.434131665013517 -8.070830980526347 191.6666666666667
4227 8.434131665013517 -8.070830980526347 192.5
4228 8.434131665013517 -8.070830980526347 193.3333333333333
4229 8.434131665013517 -8.070830980526347 194.1666666666667
4230 8.434131665013517 -8.070830980526347 195
4231 8.434131665013517 -8.070830980526347 195.8333333333333
4232 8.434131665013517 -8.070830980526347 196.6666666666667
4233 8.434131665013517 -8.070830980526347 197.5
4234 8.434131665013517 -8.070830980526347 198.3333333333333
4235 8.434131665013517 -8.070830980526347 199.1666666666667
4236 2.95816346022591 1.585972477032862 190.8333333333333
4237 2.95816346022591 1.585972477032862 191.6666666666667
4238 2.95816346022591 1.585972477032862 192.5
4239 2.95816346022591 1.585972477032862 193.3333333333333
4240 2.95816346022591 1.585972477032862 194.1666666666667
4241 2.95816346022591 1.585972477032862 195
4242 2.95816346022591 1.585972477032862 195.8333333333333
4243 2.95816346022591 1.585972477032862 196.6666666666667
4244 2.95816346022591 1.585972477032862 197.5
4245 2.95816346022591 1.585972477032862 198.3333333333333
4246 2.95816346022591 1.585972477032862 199.1666666666667
4247 13.87422808852985 -7.33936827859767 190.8333333333333
4248 13.87422808852985 -7.33936827859767 191.6666666666667
4249 13.87422808852985 -7.33936827859767 192.5
4250 13.87422808852985 -7.33936827859767 193.3333333333333
4251 13.87422808852985 -7.33936827859767 194.1666666666667
4252 13.87422808852985 -7.33936827859767 195
4253 13.87422808852985 -7.33936827859767 195.8333333333333
4254 13.87422808852985 -7.33936827859767 196.6666666666667
4255 13.87422808852985 -7.33936827859767 197.5
4256 13.87422808852985 -7.33936827859767 198.3333333333333
4257 13.87422808852985 -7.33936827859767 199.1666666666667
4258 12.27517991161143 7.336807072227995 190.8333333333333
4259 12.27517991161143 7.336807072227995 191.6666666666667
4260 12.27517991161143 7.336807072227995 192.5
4261 12.27517991161143 7.336807072227995 193.3333333333333
4262 12.27517991161143 7.336807072227995 194.1666666666667
4263 12.27517991161143 7.336807072227995 195
4264 12.27517991161143 7.336807072227995 195.8333333333333
4265 12.27517991161143 7.336807072227995 196.6666666666667
4266 12.27517991161143 7.336807072227995 197.5
4267 12.27517991161143 7.336807072227995 198.3333333333333
4268 12.27517991161143 7.336807072227995 199.1666666666667
4269 6.91877248930069 4.34281597052799 190.8333333333333
4270 6.91877248930069 4.34281597052799 191.6666666666667
4271 6.91877248930069 4.34281597052799 192.5
4272 6.91877248930069 4.34281597052799 193.3333333333333
4273 6.91877248930069 4.34281597052799 194.1666666666667
4274 6.91877248930069 4.34281597052799 195
4275 6.91877248930069 4.34281597052799 195.8333333333333
4276 6.91877248930069 4.34281597052799 196.6666666666667
4277 6.91877248930069 4.34281597052799 197.5
4278 6.91877248930069 4.34281597052799 198.3333333333333
4279 6.91877248930069 4.34281597052799 199.1666666666667
4280 2.880978530685488 12.03131349602651 190.8333333333333
4281 2.880978530685488 12.03131349602651 191.6666666666667
4282 2.880978530685488 12.03131349602651 192.5
4283 2.880978530685488 12.03131349602651 193.3333333333333
4284 2.880978530685488 12.03131349602651 194.1666666666667
4285 2.880978530685488 12.03131349602651 195
4286 2.880978530685488 12.03131349602651 195.8333333333333
4287 2.880978530685488 12.03131349602651 196.6666666666667
4288 2.880978530685488 12.03131349602651 197.5
4289 2.880978530685488 12.03131349602651 198.3333333333333
4290 2.880978530685488 12.03131349602651 199.1666666666667
4291 -2.599974635763035 8.852740001219731 190.8333333333333
4292 -2.599974635763035 8.852740001219731 191.6666666666667
4293 -2.599974635763035 8.852740001219731 192.5
4294 -2.599974635763035 8.852740001219731 193.3333333333333
4295 -2.599974635763035 8.852740001219731 194.1666666666667
4296 -2.599974635763035 8.852740001219731 195
4297 -2.599974635763035 8.852740001219731 195.8333333333333
4298 -2.599974635763035 8.852740001219731 196.6666666666667
4299 -2.599974635763035 8.852740001219731 197.5
4300 -2.599974635763035 8.852740001219731 198.3333333333333
4301 -2.599974635763035 8.852740001219731 199.1666666666667
4302 12.06554170944527 2.477026388090364 190.8333333333333
4303 12.06554170944527 2.477026388090364 191.6666666666667
4304 12.06554170944527 2.477026388090364 192.5
4305 12.06554170944527 2.477026388090364 193.3333333333333
4306 12.06554170944527 2.477026388090364 194.1666666666667
4307 12.06554170944527 2.477026388090364 195
4308 12.06554170944527 2.477026388090364 195.8333333333333
4309 12.06554170944527 2.477026388090364 196.6666666666667
4310 12.06554170944527 2.477026388090364 197.5
4311 12.06554170944527 2.477026388090364 198.3333333333333
4312 12.06554170944527 2.477026388090364 199.1666666666667
4313 6.490045526743329 -12.83709637006167 190.8333333333333
4314 6.490045526743329 -12.83709637006167 191.6666666666667
4315 6.490045526743329 -12.83709637006167 192.5
4316 6.490045526743329 -12.83709637006167 193.3333333333333
4317 6.490045526743329 -12.83709637006167 194.1666666666667
4318 6.490045526743329 -12.83709637006167 195
4319 6.490045526743329 -12.83709637006167 195.8333333333333
4320 6.490045526743329 -12.83709637006167 196.6666666666667
4321 6.490045526743329 -12.83709637006167 197.5
4322 6.490045526743329 -12.83709637006167 198.3333333333333
4323 6.490045526743329 -12.83709637006167 199.1666666666667
4324 -2.944779576834328 -9.789063985719443 190.8333333333333
4325 -2.944779576834328 -9.789063985719443 191.6666666666667
4326 -2.944779576834328 -9.789063985719443 192.5
4327 -2.944779576834328 -9.789063985719443 193.3333333333333
4328 -2.944779576834328 -9.789063985719443 194.1666666666667
4329 -2.944779576834328 -9.789063985719443 195
4330 -2.944779576834328 -9.789063985719443 195.8333333333333
4331 -2.944779576834328 -9.789063985719443 196.6666666666667
4332 -2.944779576834328 -9.789063985719443 197.5
4333 -2.944779576834328 -9.789063985719443 198.3333333333333
4334 -2.944779576834328 -9.789063985719443 199.1666666666667
4335 -3.932884930068824 -14.88656419982845 190.8333333333333
4336 -3.932884930068824 -14.88656419982845 191.6666666666667
4337 -3.932884930068824 -14.88656419982845 192.5
4338 -3.932884930068824 -14.88656419982845 193.3333333333333
4339 -3.932884930068824 -14.88656419982845 194.1666666666667
4340 -3.932884930068824 -14.88656419982845 195
4341 -3.932884930068824 -14.88656419982845 195.8333333333333
4342 -3.932884930068824 -14.88656419982845 196.6666666666667
4343 -3.932884930068824 -14.88656419982845 197.5
4344 -3.932884930068824 -14.88656419982845 198.3333333333333
4345 -3.932884930068824 -14.88656419982845 199.1666666666667
4346 -8.295695409124429 -10.81048953127438 190.8333333333333
4347 -8.295695409124429 -10.81048953127438 191.6666666666667
4348 -8.295695409124429 -10.81048953127438 192.5
4349 -8.295695409124429 -10.81048953127438 193.3333333333333
4350 -8.295695409124429 -10.81048953127438 194.1666666666667
4351 -8.295695409124429 -10.81048953127438 195
4352 -8.295695409124429 -10.81048953127438 195.8333333333333
4353 -8.295695409124429 -10.81048953127438 196.6666666666667
4354 -8.295695409124429 -10.81048953127438 197.5
4355 -8.295695409124429 -10.81048953127438 198.3333333333333
4356 -8.295695409124429 -10.81048953127438 199.1666666666667
4357 -2.278415394009257 14.49230675883145 190.8333333333333
4358 -2.278415394009257 14.49230675883145 191.6666666666667
4359 -2.278415394009257 14.49230675883145 192.5
4360 -2.278415394009257 14.49230675883145 193.3333333333333
4361 -2.278415394009257 14.49230675883145 194.1666666666667
4362 -2.278415394009257 14.49230675883145 195
4363 -2.278415394009257 14.49230675883145 195.8333333333333
4364 -2.278415394009257 14.49230675883145 196.6666666666667
4365 -2.278415394009257 14.49230675883145 197.5
4366 -2.278415394009257 14.49230675883145 198.3333333333333
4367 -2.278415394009257 14.49230675883145 199.1666666666667
4368 7.575888240161373 9.741227422855252 190.8333333333333
4369 7.575888240161373 9.741227422855252 191.6666666666667
4370 7.575888240161373 9.741227422855252 192.5
4371 7.575888240161373 9.741227422855252 193.3333333333333
4372 7.575888240161373 9.741227422855252 194.1666666666667
4373 7.575888240161373 9.741227422855252 195
4374 7.575888240161373 9.741227422855252 195.8333333333333
4375 7.575888240161373 9.741227422855252 196.6666666666667
4376 7.575888240161373 9.741227422855252 197.5
4377 7.575888240161373 9.741227422855252 198.3333333333333
4378 7.575888240161373 9.741227422855252 199.1666666666667
4379 -12.60392507738939 7.583302286433548 190.8333333333333
4380 -12.60392507738939 7.583302286433548 191.6666666666667
4381 -12.60392507738939 7.583302286433548 192.5
4382 -12.60392507738939 7.583302286433548 193.3333333333333
4383 -12.60392507738939 7.583302286433548 194.1666666666667
4384 -12.60392507738939 7.583302286433548 195
4385 -12.60392507738939 7.583302286433548 195.8333333333333
4386 -12.60392507738939 7.583302286433548 196.6666666666667
4387 -12.60392507738939 7.583302286433548 197.5
4388 -12.60392507738939 7.583302286433548 198.3333333333333
4389 -12.60392507738939 7.583302286433548 199.1666666666667
4390 -7.716940177929303 -5.670116731482193 190.8333333333333
4391 -7.716940177929303 -5.670116731482193 191.6666666666667
4392 -7.716940177929303 -5.670116731482193 192.5
4393 -7.716940177929303 -5.670116731482193 193.3333333333333
4394 -7.716940177929303 -5.670116731482193 194.1666666666667
4395 -7.716940177929303 -5.670116731482193 195
4396 -7.716940177929303 -5.670116731482193 195.8333333333333
4397 -7.716940177929303 -5.670116731482193 196.6666666666667
4398 -7.716940177929303 -5.670116731482193 197.5
4399 -7.716940177929303 -5.670116731482193 198.3333333333333
4400 -7.716940177929303 -5.670116731482193 199.1666666666667
4401 1.183645863594024 -13.79302461187124 190.8333333333333
4402 1.183645863594024 -13.79302461187124 191.6666666666667
4403 1.183645863594024 -13.79302461187124 192.5
4404 1.183645863594024 -13.79302461187124 193.3333333333333
4405 1.183645863594024 -13.79302461187124 194.1666666666667
4406 1.183645863594024 -13.79302461187124 195
4407 1.183645863594024 -13.79302461187124 195.8333333333333
4408 1.183645863594024 -13.79302461187124 196.6666666666667
4409 1.183645863594024 -13.79302461187124 197.5
4410 1.183645863594024 -13.79302461187124 198.3333333333333
4411 1.183645863594024 -13.79302461187124 199.1666666666667
4412 -7.569657615143476 10.56209381457361 190.8333333333333
4413 -7.569657615143476 10.56209381457361 191.6666666666667
4414 -7.569657615143476 10.56209381457361 192.5
4415 -7.569657615143476 10.56209381457361 193.3333333333333
4416 -7.569657615143476 10.56209381457361 194.1666666666667
4417 -7.569657615143476 10.56209381457361 195
4418 -7.569657615143476 10.56209381457361 195.8333333333333
4419 -7.569657615143476 10.56209381457361 196.6666666666667
4420 -7.569657615143476 10.56209381457361 197.5
4421 -7.569657615143476 10.56209381457361 198.3333333333333
4422 -7.569657615143476 10.56209381457361 199.1666666666667
4423 5.160731452809635 -3.865524792517423 190.8333333333333
4424 5.160731452809635 -3.865524792517423 191.6666666666667
4425 5.160731452809635 -3.865524792517423 192.5
4426 5.160731452809635 -3.865524792517423 193.3333333333333
4427 5.160731452809635 -3.865524792517423 194.1666666666667
4428 5.160731452809635 -3.865524792517423 195
4429 5.160731452809635 -3.865524792517423 195.8333333333333
4430 5.160731452809635 -3.865524792517423 196.6666666666667
4431 5.160731452809635 -3.865524792517423 197.5
4432 5.160731452809635 -3.865524792517423 198.3333333333333
4433 5.160731452809635 -3.865524792517423 199.1666666666667
4434 -12.51150205976542 2.579345919803289 190.8333333333333
4435 -12.51150205976542 2.579345919803289 191.6666666666667
4436 -12.51150205976542 2.579345919803289 192.5
4437 -12.51150205976542 2.579345919803289 193.3333333333333
4438 -12.51150205976542 2.579345919803289 194.1666666666667
4439 -12.51150205976542 2.579345919803289 195
4440 -12.51150205976542 2.579345919803289 195.8333333333333
4441 -12.51150205976542 2.579345919803289 196.6666666666667
4442 -12.51150205976542 2.579345919803289 197.5
4443 -12.51150205976542 2.579345919803289 198.3333333333333
4444 -12.51150205976542 2.579345919803289 199.1666666666667
4445 -7.466260867330856 5.793374932375399 190.8333333333333
4446 -7.466260867330856 5.793374932375399 191.6666666666667
4447 -7.466260867330856 5.793374932375399 192.5
4448 -7.466260867330856 5.793374932375399 193.3333333333333
4449 -7.466260867330856 5.793374932375399 194.1666666666667
4450 -7.466260867330856 5.793374932375399 195
4451 -7.466260867330856 5.793374932375399 195.8333333333333
4452 -7.466260867330856 5.793374932375399 196.6666666666667
4453 -7.466260867330856 5.793374932375399 197.5
4454 -7.466260867330856 5.793374932375399 198.3333333333333
4455 -7.466260867330856 5.793374932375399 199.1666666666667
4456 -2.198803314333113 3.281080686093885 190.8333333333333
4457 -2.198803314333113 3.281080686093885 191.6666666666667
4458 -2.198803314333113 3.281080686093885 192.5
4459 -2.198803314333113 3.281080686093885 193.3333333333333
4460 -2.198803314333113 3.281080686093885 194.1666666666667
4461 -2.198803314333113 3.281080686093885 195
4462 -2.198803314333113 3.281080686093885 195.8333333333333
4463 -2.198803314333113 3.281080686093885 196.6666666666667
4464 -2.198803314333113 3.281080686093885 197.5
4465 -2.198803314333113 3.281080686093885 198.3333333333333
4466 -2.198803314333113 3.281080686093885 199.1666666666667
4467 -12.43304198060404 -2.652370067548164 190.8333333333333
4468 -12.43304198060404 -2.652370067548164 191.6666666666667
4469 -12.43304198060404 -2.652370067548164 192.5
4470 -12.43304198060404 -2.652370067548164 193.3333333333333
4471 -12.43304198060404 -2.652370067548164 194.1666666666667
4472 -12.43304198060404 -2.652370067548164 195
4473 -12.43304198060404 -2.652370067548164 195.8333333333333
4474 -12.43304198060404 -2.652370067548164 196.6666666666667
4475 -12.43304198060404 -2.652370067548164 197.5
4476 -12.43304198060404 -2.652370067548164 198.3333333333333
4477 -12.43304198060404 -2.652370067548164 199.1666666666667
4478 -7.277480355571426 0.03383961336109246 190.8333333333333
4479 -7.277480355571426 0.03383961336109246 191.6666666666667
4480 -7.277480355571426 0.03383961336109246 192.5
4481 -7.277480355571426 0.03383961336109246 193.3333333333333
4482 -7.277480355571426 0.03383961336109246 194.1666666666667
4483 -7.277480355571426 0.03383961336109246 195
4484 -7.277480355571426 0.03383961336109246 195.8333333333333
4485 -7.277480355571426 0.03383961336109246 196.6666666666667
4486 -7.277480355571426 0.03383961336109246 197.5
4487 -7.277480355571426 0.03383961336109246 198.3333333333333
4488 -7.277480355571426 0.03383961336109246 199.1666666666667
4489 -1.338333733465819 -3.128277059075661 200.375
4490 -1.338333733465819 -3.128277059075661 200.75
4491 -1.338333733465819 -3.128277059075661 201.125
4492 -1.338333733465819 -3.128277059075661 201.5
4493 -1.338333733465819 -3.128277059075661 201.875
4494 -1.338333733465819 -3.128277059075661 202.25
4495 -1.338333733465819 -3.128277059075661 202.625
4496 -1.338333733465819 -3.128277059075661 203
4497 -1.338333733465819 -3.128277059075661 203.375
4498 -1.338333733465819 -3.128277059075661 203.75
4499 -1.338333733465819 -3.128277059075661 204.125
4500 -12.85273202838408 -7.658331088909613 200.375
4501 -12.85273202838408 -7.658331088909613 200.75
4502 -12.85273202838408 -7.658331088909613 201.125
4503 -12.85273202838408 -7.658331088909613 201.5
4504 -12.85273202838408 -7.658331088909613 201.875
4505 -12.85273202838408 -7.658331088909613 202.25
4506 -12.85273202838408 -7.658331088909613 202.625
4507 -12.85273202838408 -7.658331088909613 203
4508 -12.85273202838408 -7.658331088909613 203.375
4509 -12.85273202838408 -7.658331088909613 203.75
4510 -12.85273202838408 -7.658331088909613 204.125
4511 11.63188280557378 -2.995136046933196 200.375
4512 11.63188280557378 -2.995136046933196 200.75
4513 11.63188280557378 -2.995136046933196 201.125
4514 11.63188280557378 -2.995136046933196 201.5
4515 11.63188280557378 -2.995136046933196 201.875
4516 11.63188280557378 -2.995136046933196 202.25
4517 11.63188280557378 -2.995136046933196 202.625
4518 11.63188280557378 -2.995136046933196 203
4519 11.63188280557378 -2.995136046933196 203.375
4520 11.63188280557378 -2.995136046933196 203.75
4521 11.63188280557378 -2.995136046933196 204.125
4522 7.514607545963853 0.07114239662751487 200.375
4523 7.514607545963853 0.07114239662751487 200.75
4524 7.514607545963853 0.07114239662751487 201.125
4525 7.514607545963853 0.07114239662751487 201.5
4526 7.514607545963853 0.07114239662751487 201.875
4527 7.514607545963853 0.07114239662751487 202.25
4528 7.514607545963853 0.07114239662751487 202.625
4529 7.514607545963853 0.07114239662751487 203
4530 7.514607545963853 0.07114239662751487 203.375
4531 7.514607545963853 0.07114239662751487 203.75
4532 7.514607545963853 0.07114239662751487 204.125
4533 2.539149994709444 -8.738882325388637 200.375
4534 2.539149994709444 -8.738882325388637 200.75
4535 2.539149994709444 -8.738882325388637 201.125
4536 2.539149994709444 -8.738882325388637 201.5
4537 2.539149994709444 -8.738882325388637 201.875
4538 2.539149994709444 -8.738882325388637 202.25
4539 2.539149994709444 -8.738882325388637 202.625
4540 2.539149994709444 -8.738882325388637 203
4541 2.539149994709444 -8.738882325388637 203.375
4542 2.539149994709444 -8.738882325388637 203.75
4543 2.539149994709444 -8.738882325388637 204.125
4544 2.12964735650302 6.747792269711751 200.375
4545 2.12964735650302 6.747792269711751 200.75
4546 2.12964735650302 6.747792269711751 201.125
4547 2.12964735650302 6.747792269711751 201.5
4548 2.12964735650302 6.747792269711751 201.875
4549 2.12964735650302 6.747792269711751 202.25
4550 2.12964735650302 6.747792269711751 202.625
4551 2.12964735650302 6.747792269711751 203
4552 2.12964735650302 6.747792269711751 203.375
4553 2.12964735650302 6.747792269711751 203.75
4554 2.12964735650302 6.747792269711751 204.125
4555 8.434131665013517 -8.070830980526347 200.375
4556 8.434131665013517 -8.070830980526347 200.75
4557 8.434131665013517 -8.070830980526347 201.125
4558 8.434131665013517 -8.070830980526347 201.5
4559 8.434131665013517 -8.070830980526347 201.875
4560 8.434131665013517 -8.070830980526347 202.25
4561 8.434131665013517 -8.070830980526347 202.625
4562 8.434131665013517 -8.070830980526347 203
4563 8.434131665013517 -8.070830980526347 203.375
4564 8.434131665013517 -8.070830980526347 203.75
4565 8.434131665013517 -8.070830980526347 204.125
4566 2.95816346022591 1.585972477032862 200.375
4567 2.95816346022591 1.585972477032862 200.75
4568 2.95816346022591 1.585972477032862 201.125
4569 2.95816346022591 1.585972477032862 201.5
4570 2.95816346022591 1.585972477032862 201.875
4571 2.95816346022591 1.585972477032862 202.25
4572 2.95816346022591 1.585972477032862 202.625
4573 2.95816346022591 1.585972477032862 203
4574 2.95816346022591 1.585972477032862 203.375
4575 2.95816346022591 1.585972477032862 203.75
4576 2.95816346022591 1.585972477032862 204.125
4577 13.87422808852985 -7.33936827859767 200.375
4578 13.87422808852985 -7.33936827859767 200.75
4579 13.87422808852985 -7.33936827859767 201.125
4580 13.87422808852985 -7.33936827859767 201.5
4581 13.87422808852985 -7.33936827859767 201.875
4582 13.87422808852985 -7.33936827859767 202.25
4583 13.87422808852985 -7.33936827859767 202.625
4584 13.87422808852985 -7.33936827859767 203
4585 13.87422808852985 -7.33936827859767 203.375
4586 13.87422808852985 -7.33936827859767 203.75
4587 13.87422808852985 -7.33936827859767 204.125
4588 12.27517991161143 7.336807072227995 200.375
4589 12.27517991161143 7.336807072227995 200.75
4590 12.27517991161143 7.336807072227995 201.125
4591 12.27517991161143 7.336807072227995 201.5
4592 12.27517991161143 7.336807072227995 201.875
4593 12.27517991161143 7.336807072227995 202.25
4594 12.27517991161143 7.336807072227995 202.625
4595 12.27517991161143 7.336807072227995 203
4596 12.27517991161143 7.336807072227995 203.375
4597 12.27517991161143 7.336807072227995 203.75
4598 12.27517991161143 7.336807072227995 204.125
4599 6.91877248930069 4.34281597052799 200.375
4600 6.91877248930069 4.34281597052799 200.75
4601 6.91877248930069 4.34281597052799 201.125
4602 6.91877248930069 4.34281597052799 201.5
4603 6.91877248930069 4.34281597052799 201.875
4604 6.91877248930069 4.34281597052799 202.25
4605 6.91877248930069 4.34281597052799 202.625
4606 6.91877248930069 4.34281597052799 203
4607 6.91877248930069 4.34281597052799 203.375
4608 6.91877248930069 4.34281597052799 203.75
4609 6.91877248930069 4.34281597052799 204.125
4610 2.880978530685488 12.03131349602651 200.375
4611 2.880978530685488 12.03131349602651 200.75
4612 2.880978530685488 12.03131349602651 201.125
4613 2.880978530685488 12.03131349602651 201.5
4614 2.880978530685488 12.03131349602651 201.875
4615 2.880978530685488 12.03131349602651 202.25
4616 2.880978530685488 12.03131349602651 202.625
4617 2.880978530685488 12.03131349602651 203
4618 2.880978530685488 12.03131349602651 203.375
4619 2.880978530685488 12.03131349602651 203.75
4620 2.880978530685488 12.03131349602651 204.125
4621 -2.599974635763035 8.852740001219731 200.375
4622 -2.599974635763035 8.852740001219731 200.75
4623 -2.599974635763035 8.852740001219731 201.125
4624 -2.599974635763035 8.852740001219731 201.5
4625 -2.599974635763035 8.852740001219731 201.875
4626 -2.599974635763035 8.852740001219731 202.25
4627 -2.599974635763035 8.852740001219731 202.625
4628 -2.599974635763035 8.852740001219731 203
4629 -2.599974635763035 8.852740001219731 203.375
4630 -2.599974635763035 8.852740001219731 203.75
4631 -2.599974635763035 8.852740001219731 204.125
4632 12.06554170944527 2.477026388090364 200.375
4633 12.06554170944527 2.477026388090364 200.75
4634 12.06554170944527 2.477026388090364 201.125
4635 12.06554170944527 2.477026388090364 201.5
4636 12.06554170944527 2.477026388090364 201.875
4637 12.06554170944527 2.477026388090364 202.25
4638 12.06554170944527 2.477026388090364 202.625
4639 12.06554170944527 2.477026388090364 203
4640 12.06554170944527 2.477026388090364 203.375
4641 12.06554170944527 2.477026388090364 203.75
4642 12.06554170944527 2.477026388090364 204.125
4643 6.490045526743329 -12.83709637006167 200.375
4644 6.490045526743329 -12.83709637006167 200.75
4645 6.490045526743329 -12.83709637006167 201.125
4646 6.490045526743329 -12.83709637006167 201.5
4647 6.490045526743329 -12.83709637006167 201.875
4648 6.490045526743329 -12.83709637006167 202.25
4649 6.490045526743329 -12.83709637006167 202.625
4650 6.490045526743329 -12.83709637006167 203
4651 6.490045526743329 -12.83709637006167 203.375
4652 6.490045526743329 -12.83709637006167 203.75
4653 6.490045526743329 -12.83709637006167 204.125
4654 -2.944779576834328 -9.789063985719443 200.375
4655 -2.944779576834328 -9.789063985719443 200.75
4656 -2.944779576834328 -9.789063985719443 201.125
4657 -2.944779576834328 -9.789063985719443 201.5
4658 -2.944779576834328 -9.789063985719443 201.875
4659 -2.944779576834328 -9.789063985719443 202.25
4660 -2.944779576834328 -9.789063985719443 202.625
4661 -2.944779576834328 -9.789063985719443 203
4662 -2.944779576834328 -9.789063985719443 203.375
4663 -2.944779576834328 -9.789063985719443 203.75
4664 -2.944779576834328 -9.789063985719443 204.125
4665 -3.932884930068824 -14.88656419982845 200.375
4666 -3.932884930068824 -14.88656419982845 200.75
4667 -3.932884930068824 -14.88656419982845 201.125
4668 -3.932884930068824 -14.88656419982845 201.5
4669 -3.932884930068824 -14.88656419982845 201.875
4670 -3.932884930068824 -14.88656419982845 202.25
4671 -3.932884930068824 -14.88656419982845 202.625
4672 -3.932884930068824 -14.88656419982845 203
4673 -3.932884930068824 -14.88656419982845 203.375
4674 -3.932884930068824 -14.88656419982845 203.75
4675 -3.932884930068824 -14.88656419982845 204.125
4676 -8.295695409124429 -10.81048953127438 200.375
4677 -8.295695409124429 -10.81048953127438 200.75
4678 -8.295695409124429 -10.81048953127438 201.125
4679 -8.295695409124429 -10.81048953127438 201.5
4680 -8.295695409124429 -10.81048953127438 201.875
4681 -8.295695409124429 -10.81048953127438 202.25
4682 -8.295695409124429 -10.81048953127438 202.625
4683 -8.295695409124429 -10.81048953127438 203
4684 -8.295695409124429 -10.81048953127438 203.375
4685 -8.295695409124429 -10.81048953127438 203.75
4686 -8.295695409124429 -10.81048953127438 204.125
4687 -2.278415394009257 14.49230675883145 200.375
4688 -2.278415394009257 14.49230675883145 200.75
4689 -2.278415394009257 14.49230675883145 201.125
4690 -2.278415394009257 14.49230675883145 201.5
4691 -2.278415394009257 14.49230675883145 201.875
4692 -2.278415394009257 14.49230675883145 202.25
4693 -2.278415394009257 14.49230675883145 202.625
4694 -2.278415394009257 14.49230675883145 203
4695 -2.278415394009257 14.49230675883145 203.375
4696 -2.278415394009257 14.49230675883145 203.75
4697 -2.278415394009257 14.49230675883145 204.125
4698 7.575888240161373 9.741227422855252 200.375
4699 7.575888240161373 9.741227422855252 200.75
4700 7.575888240161373 9.741227422855252 201.125
4701 7.575888240161373 9.741227422855252 201.5
4702 7.575888240161373 9.741227422855252 201.875
4703 7.575888240161373 9.741227422855252 202.25
4704 7.575888240161373 9.741227422855252 202.625
4705 7.575888240161373 9.741227422855252 203
4706 7.575888240161373 9.741227422855252 203.375
4707 7.575888240161373 9.741227422855252 203.75
4708 7.575888240161373 9.741227422855252 204.125
4709 -12.60392507738939 7.583302286433548 200.375
4710 -12.60392507738939 7.583302286433548 200.75
4711 -12.60392507738939 7.583302286433548 201.125
4712 -12.60392507738939 7.583302286433548 201.5
4713 -12.60392507738939 7.583302286433548 201.875
4714 -12.60392507738939 7.583302286433548 202.25
4715 -12.60392507738939 7.583302286433548 202.625
4716 -12.60392507738939 7.583302286433548 203
4717 -12.60392507738939 7.583302286433548 203.375
4718 -12.60392507738939 7.583302286433548 203.75
4719 -12.60392507738939 7.583302286433548 204.125
4720 -7.716940177929303 -5.670116731482193 200.375
4721 -7.716940177929303 -5.670116731482193 200.75
4722 -7.716940177929303 -5.670116731482193 201.125
4723 -7.716940177929303 -5.670116731482193 201.5
4724 -7.716940177929303 -5.670116731482193 201.875
4725 -7.716940177929303 -5.670116731482193 202.25
4726 -7.716940177929303 -5.670116731482193 202.625
4727 -7.716940177929303 -5.670116731482193 203
4728 -7.716940177929303 -5.670116731482193 203.375
4729 -7.716940177929303 -5.670116731482193 203.75
4730 -7.716940177929303 -5.670116731482193 204.125
4731 1.183645863594024 -13.79302461187124 200.375
4732 1.183645863594024 -13.79302461187124 200.75
4733 1.183645863594024 -13.79302461187124 201.125
4734 1.183645863594024 -13.79302461187124 201.5
4735 1.183645863594024 -13.79302461187124 201.875
4736 1.183645863594024 -13.79302461187124 202.25
4737 1.183645863594024 -13.79302461187124 202.625
4738 1.183645863594024 -13.79302461187124 203
4739 1.183645863594024 -13.79302461187124 203.375
4740 1.183645863594024 -13.79302461187124 203.75
4741 1.183645863594024 -13.79302461187124 204.125
4742 -7.569657615143476 10.56209381457361 200.375
4743 -7.569657615143476 10.56209381457361 200.75
4744 -7.569657615143476 10.56209381457361 201.125
4745 -7.569657615143476 10.56209381457361 201.5
4746 -7.569657615143476 10.56209381457361 201.875
4747 -7.569657615143476 10.56209381457361 202.25
4748 -7.569657615143476 10.56209381457361 202.625
4749 -7.569657615143476 10.56209381457361 203
4750 -7.569657615143476 10.56209381457361 203.375
4751 -7.569657615143476 10.56209381457361 203.75
4752 -7.569657615143476 10.56209381457361 204.125
4753 5.160731452809635 -3.865524792517423 200.375
4754 5.160731452809635 -3.865524792517423 200.75
4755 5.160731452809635 -3.865524792517423 201.125
4756 5.160731452809635 -3.865524792517423 201.5
4757 5.160731452809635 -3.865524792517423 201.875
4758 5.160731452809635 -3.865524792517423 202.25
4759 5.160731452809635 -3.865524792517423 202.625
4760 5.160731452809635 -3.865524792517423 203
4761 5.160731452809635 -3.865524792517423 203.375
4762 5.160731452809635 -3.865524792517423 203.75
4763 5.160731452809635 -3.865524792517423 204.125
4764 -12.51150205976542 2.579345919803289 200.375
4765 -12.51150205976542 2.579345919803289 200.75
4766 -12.51150205976542 2.579345919803289 201.125
4767 -12.51150205976542 2.579345919803289 201.5
4768 -12.51150205976542 2.579345919803289 201.875
4769 -12.51150205976542 2.579345919803289 202.25
4770 -12.51150205976542 2.579345919803289 202.625
4771 -12.51150205976542 2.579345919803289 203
4772 -12.51150205976542 2.579345919803289 203.375
4773 -12.51150205976542 2.579345919803289 203.75
4774 -12.51150205976542 2.579345919803289 204.125
4775 -7.466260867330856 5.793374932375399 200.375
4776 -7.466260867330856 5.793374932375399 200.75
4777 -7.466260867330856 5.793374932375399 201.125
4778 -7.466260867330856 5.793374932375399 201.5
4779 -7.466260867330856 5.793374932375399 201.875
4780 -7.466260867330856 5.793374932375399 202.25
4781 -7.466260867330856 5.793374932375399 202.625
4782 -7.466260867330856 5.793374932375399 203
4783 -7.466260867330856 5.793374932375399 203.375
4784 -7.466260867330856 5.793374932375399 203.75
4785 -7.466260867330856 5.793374932375399 204.125
4786 -2.198803314333113 3.281080686093885 200.375
4787 -2.198803314333113 3.281080686093885 200.75
4788 -2.198803314333113 3.281080686093885 201.125
4789 -2.198803314333113 3.281080686093885 201.5
4790 -2.198803314333113 3.281080686093885 201.875
4791 -2.198803314333113 3.281080686093885 202.25
4792 -2.198803314333113 3.281080686093885 202.625
4793 -2.198803314333113 3.281080686093885 203
4794 -2.198803314333113 3.281080686093885 203.375
4795 -2.198803314333113 3.281080686093885 203.75
4796 -2.198803314333113 3.281080686093885 204.125
4797 -12.43304198060404 -2.652370067548164 200.375
4798 -12.43304198060404 -2.652370067548164 200.75
4799 -12.43304198060404 -2.652370067548164 201.125
4800 -12.43304198060404 -2.652370067548164 201.5
4801 -12.43304198060404 -2.652370067548164 201.875
4802 -12.43304198060404 -2.652370067548164 202.25
4803 -12.43304198060404 -2.652370067548164 202.625
4804 -12.43304198060404 -2.652370067548164 203
4805 -12.43304198060404 -2.652370067548164 203.375
4806 -12.43304198060404 -2.652370067548164 203.75
4807 -12.43304198060404 -2.652370067548164 204.125
4808 -7.277480355571426 0.03383961336109246 200.375
4809 -7.277480355571426 0.03383961336109246 200.75
4810 -7.277480355571426 0.03383961336109246 201.125
4811 -7.277480355571426 0.03383961336109246 201.5
4812 -7.277480355571426 0.03383961336109246 201.875
4813 -7.277480355571426 0.03383961336109246 202.25
4814 -7.277480355571426 0.03383961336109246 202.625
4815 -7.277480355571426 0.03383961336109246 203
4816 -7.277480355571426 0.03383961336109246 203.375
4817 -7.277480355571426 0.03383961336109246 203.75
4818 -7.277480355571426 0.03383961336109246 204.125
4819 -1.338333733465819 -3.128277059075661 205.3333333333333
4820 -1.338333733465819 -3.128277059075661 206.1666666666667
4821 -1.338333733465819 -3.128277059075661 207
4822 -1.338333733465819 -3.128277059075661 207.8333333333333
4823 -1.338333733465819 -3.128277059075661 208.6666666666667
4824 -1.338333733465819 -3.128277059075661 209.5
4825 -1.338333733465819 -3.128277059075661 210.3333333333333
4826 -1.338333733465819 -3.128277059075661 211.1666666666667
4827 -1.338333733465819 -3.128277059075661 212
4828 -1.338333733465819 -3.128277059075661 212.8333333333333
4829 -1.338333733465819 -3.128277059075661 213.6666666666667
4830 -12.85273202838408 -7.658331088909613 205.3333333333333
4831 -12.85273202838408 -7.658331088909613 206.1666666666667
4832 -12.85273202838408 -7.658331088909613 207
4833 -12.85273202838408 -7.658331088909613 207.8333333333333
4834 -12.85273202838408 -7.658331088909613 208.6666666666667
4835 -12.85273202838408 -7.658331088909613 209.5
4836 -12.85273202838408 -7.658331088909613 210.3333333333333
4837 -12.85273202838408 -7.658331088909613 211.1666666666667
4838 -12.85273202838408 -7.658331088909613 212
4839 -12.85273202838408 -7.658331088909613 212.8333333333333
4840 -12.85273202838408 -7.658331088909613 213.6666666666667
4841 11.63188280557378 -2.995136046933196 205.3333333333333
4842 11.63188280557378 -2.995136046933196 206.1666666666667
4843 11.63188280557378 -2.995136046933196 207
4844 11.63188280557378 -2.995136046933196 207.8333333333333
4845 11.63188280557378 -2.995136046933196 208.6666666666667
4846 11.63188280557378 -2.995136046933196 209.5
4847 11.63188280557378 -2.995136046933196 210.3333333333333
4848 11.63188280557378 -2.995136046933196 211.1666666666667
4849 11.63188280557378 -2.995136046933196 212
4850 11.63188280557378 -2.995136046933196 212.8333333333333
4851 11.63188280557378 -2.995136046933196 213.6666666666667
4852 7.514607545963853 0.07114239662751487 205.3333333333333
4853 7.514607545963853 0.07114239662751487 206.1666666666667
4854 7.514607545963853 0.07114239662751487 207
4855 7.514607545963853 0.07114239662751487 207.8333333333333
4856 7.514607545963853 0.07114239662751487 208.6666666666667
4857 7.514607545963853 0.07114239662751487 209.5
4858 7.514607545963853 0.07114239662751487 210.3333333333333
4859 7.514607545963853 0.07114239662751487 211.1666666666667
4860 7.514607545963853 0.07114239662751487 212
4861 7.514607545963853 0.07114239662751487 212.8333333333333
4862 7.514607545963853 0.07114239662751487 213.6666666666667
4863 2.539149994709444 -8.738882325388637 205.3333333333333
4864 2.539149994709444 -8.738882325388637 206.1666666666667
4865 2.539149994709444 -8.738882325388637 207
4866 2.539149994709444 -8.738882325388637 207.8333333333333
4867 2.539149994709444 -8.738882325388637 208.6666666666667
4868 2.539149994709444 -8.738882325388637 209.5
4869 2.539149994709444 -8.738882325388637 210.3333333333333
4870 2.539149994709444 -8.738882325388637 211.1666666666667
4871 2.539149994709444 -8.738882325388637 212
4872 2.539149994709444 -8.738882325388637 212.8333333333333
4873 2.539149994709444 -8.738882325388637 213.6666666666667
4874 2.12964735650302 6.747792269711751 205.3333333333333
4875 2.12964735650302 6.747792269711751 206.1666666666667
4876 2.12964735650302 6.747792269711751 207
4877 2.12964735650302 6.747792269711751 207.8333333333333
4878 2.12964735650302 6.747792269711751 208.6666666666667
4879 2.12964735650302 6.747792269711751 209.5
4880 2.12964735650302 6.747792269711751 210.3333333333333
4881 2.12964735650302 6.747792269711751 211.1666666666667
4882 2.12964735650302 6.747792269711751 212
4883 2.12964735650302 6.747792269711751 212.8333333333333
4884 2.12964735650302 6.747792269711751 213.6666666666667
4885 8.434131665013517 -8.070830980526347 205.3333333333333
4886 8.434131665013517 -8.070830980526347 206.1666666666667
4887 8.434131665013517 -8.070830980526347 207
4888 8.434131665013517 -8.070830980526347 207.8333333333333
4889 8.434131665013517 -8.070830980526347 208.6666666666667
4890 8.434131665013517 -8.070830980526347 209.5
4891 8.434131665013517 -8.070830980526347 210.3333333333333
4892 8.434131665013517 -8.070830980526347 211.1666666666667
4893 8.434131665013517 -8.070830980526347 212
4894 8.434131665013517 -8.070830980526347 212.8333333333333
4895 8.434131665013517 -8.070830980526347 213.6666666666667
4896 2.95816346022591 1.585972477032862 205.3333333333333
4897 2.95816346022591 1.585972477032862 206.1666666666667
4898 2.95816346022591 1.585972477032862 207
4899 2.95816346022591 1.585972477032862 207.8333333333333
4900 2.95816346022591 1.585972477032862 208.6666666666667
4901 2.95816346022591 1.585972477032862 209.5
4902 2.95816346022591 1.585972477032862 210.3333333333333
4903 2.95816346022591 1.585972477032862 211.1666666666667
4904 2.95816346022591 1.585972477032862 212
4905 2.95816346022591 1.585972477032862 212.8333333333333
4906 2.95816346022591 1.585972477032862 213.6666666666667
4907 13.87422808852985 -7.33936827859767 205.3333333333333
4908 13.87422808852985 -7.33936827859767 206.1666666666667
4909 13.87422808852985 -7.33936827859767 207
4910 13.87422808852985 -7.33936827859767 207.8333333333333
4911 13.87422808852985 -7.33936827859767 208.6666666666667
4912 13.87422808852985 -7.33936827859767 209.5
4913 13.87422808852985 -7.33936827859767 210.3333333333333
4914 13.87422808852985 -7.33936827859767 211.1666666666667
4915 13.87422808852985 -7.33936827859767 212
4916 13.87422808852985 -7.33936827859767 212.8333333333333
4917 13.87422808852985 -7.33936827859767 213.6666666666667
4918 12.27517991161143 7.336807072227995 205.3333333333333
4919 12.27517991161143 7.336807072227995 206.1666666666667
4920 12.27517991161143 7.336807072227995 207
4921 12.27517991161143 7.336807072227995 207.8333333333333
4922 12.27517991161143 7.336807072227995 208.6666666666667
4923 12.27517991161143 7.336807072227995 209.5
4924 12.27517991161143 7.336807072227995 210.3333333333333
4925 12.27517991161143 7.336807072227995 211.1666666666667
4926 12.27517991161143 7.336807072227995 212
4927 12.27517991161143 7.336807072227995 212.8333333333333
4928 12.27517991161143 7.336807072227995 213.6666666666667
4929 6.91877248930069 4.34281597052799 205.3333333333333
4930 6.91877248930069 4.34281597052799 206.1666666666667
4931 6.91877248930069 4.34281597052799 207
4932 6.91877248930069 4.34281597052799 207.8333333333333
4933 6.91877248930069 4.34281597052799 208.6666666666667
4934 6.91877248930069 4.34281597052799 209.5
4935 6.91877248930069 4.34281597052799 210.3333333333333
4936 6.91877248930069 4.34281597052799 211.1666666666667
4937 6.91877248930069 4.34281597052799 212
4938 6.91877248930069 4.34281597052799 212.8333333333333
4939 6.91877248930069 4.34281597052799 213.6666666666667
4940 2.880978530685488 12.03131349602651 205.3333333333333
4941 2.880978530685488 12.03131349602651 206.1666666666667
4942 2.880978530685488 12.03131349602651 207
4943 2.880978530685488 12.03131349602651 207.8333333333333
4944 2.880978530685488 12.03131349602651 208.6666666666667
4945 2.880978530685488 12.03131349602651 209.5
4946 2.880978530685488 12.03131349602651 210.3333333333333
4947 2.880978530685488 12.03131349602651 211.1666666666667
4948 2.880978530685488 12.03131349602651 212
4949 2.880978530685488 12.03131349602651 212.8333333333333
4950 2.880978530685488 12.03131349602651 213.6666666666667
4951 -2.599974635763035 8.852740001219731 205.3333333333333
4952 -2.599974635763035 8.852740001219731 206.1666666666667
4953 -2.599974635763035 8.852740001219731 207
4954 -2.599974635763035 8.852740001219731 207.8333333333333
4955 -2.599974635763035 8.852740001219731 208.6666666666667
4956 -2.599974635763035 8.852740001219731 209.5
4957 -2.599974635763035 8.852740001219731 210.3333333333333
4958 -2.599974635763035 8.852740001219731 211.1666666666667
4959 -2.599974635763035 8.852740001219731 212
4960 -2.599974635763035 8.852740001219731 212.8333333333333
4961 -2.599974635763035 8.852740001219731 213.6666666666667
4962 12.06554170944527 2.477026388090364 205.3333333333333
4963 12.06554170944527 2.477026388090364 206.1666666666667
4964 12.06554170944527 2.477026388090364 207
4965 12.06554170944527 2.477026388090364 207.8333333333333
4966 12.06554170944527 2.477026388090364 208.6666666666667
4967 12.06554170944527 2.477026388090364 209.5
4968 12.06554170944527 2.477026388090364 210.3333333333333
4969 12.06554170944527 2.477026388090364 211.1666666666667
4970 12.06554170944527 2.477026388090364 212
4971 12.06554170944527 2.477026388090364 212.8333333333333
4972 12.06554170944527 2.477026388090364 213.6666666666667
4973 6.490045526743329 -12.83709637006167 205.3333333333333
4974 6.490045526743329 -12.83709637006167 206.1666666666667
4975 6.490045526743329 -12.83709637006167 207
4976 6.490045526743329 -12.83709637006167 207.8333333333333
4977 6.490045526743329 -12.83709637006167 208.6666666666667
4978 6.490045526743329 -12.83709637006167 209.5
4979 6.490045526743329 -12.83709637006167 210.3333333333333
4980 6.490045526743329 -12.83709637006167 211.1666666666667
4981 6.490045526743329 -12.83709637006167 212
4982 6.490045526743329 -12.83709637006167 212.8333333333333
4983 6.490045526743329 -12.83709637006167 213.6666666666667
4984 -2.944779576834328 -9.789063985719443 205.3333333333333
4985 -2.944779576834328 -9.789063985719443 206.1666666666667
4986 -2.944779576834328 -9.789063985719443 207
4987 -2.944779576834328 -9.789063985719443 207.8333333333333
4988 -2.944779576834328 -9.789063985719443 208.6666666666667
4989 -2.944779576834328 -9.789063985719443 209.5
4990 -2.944779576834328 -9.789063985719443 210.3333333333333
4991 -2.944779576834328 -9.789063985719443 211.1666666666667
4992 -2.944779576834328 -9.789063985719443 212
4993 -2.944779576834328 -9.789063985719443 212.8333333333333
4994 -2.944779576834328 -9.789063985719443 213.6666666666667
4995 -3.932884930068824 -14.88656419982845 205.3333333333333
4996 -3.932884930068824 -14.88656419982845 206.1666666666667
4997 -3.932884930068824 -14.88656419982845 207
4998 -3.932884930068824 -14.88656419982845 207.8333333333333
4999 -3.932884930068824 -14.88656419982845 208.6666666666667
5000 -3.932884930068824 -14.88656419982845 209.5
5001 -3.932884930068824 -14.88656419982845 210.3333333333333
5002 -3.932884930068824 -14.88656419982845 211.1666666666667
5003 -3.932884930068824 -14.88656419982845 212
5004 -3.932884930068824 -14.88656419982845 212.8333333333333
5005 -3.932884930068824 -14.88656419982845 213.6666666666667
5006 -8.295695409124429 -10.81048953127438 205.3333333333333
5007 -8.295695409124429 -10.81048953127438 206.1666666666667
5008 -8.295695409124429 -10.81048953127438 207
5009 -8.295695409124429 -10.81048953127438 207.8333333333333
5010 -8.295695409124429 -10.81048953127438 208.6666666666667
5011 -8.295695409124429 -10.81048953127438 209.5
5012 -8.295695409124429 -10.81048953127438 210.3333333333333
5013 -8.295695409124429 -10.81048953127438 211.1666666666667
5014 -8.295695409124429 -10.81048953127438 212
5015 -8.295695409124429 -10.81048953127438 212.8333333333333
5016 -8.295695409124429 -10.81048953127438 213.6666666666667
5017 -2.278415394009257 14.49230675883145 205.3333333333333
5018 -2.278415394009257 14.49230675883145 206.1666666666667
5019 -2.278415394009257 14.49230675883145 207
5020 -2.278415394009257 14.49230675883145 207.8333333333333
5021 -2.278415394009257 14.49230675883145 208.6666666666667
5022 -2.278415394009257 14.49230675883145 209.5
5023 -2.278415394009257 14.49230675883145 210.3333333333333
5024 -2.278415394009257 14.49230675883145 211.1666666666667
5025 -2.278415394009257 14.49230675883145 212
5026 -2.278415394009257 14.49230675883145 212.8333333333333
5027 -2.278415394009257 14.49230675883145 213.6666666666667
5028 7.575888240161373 9.741227422855252 205.3333333333333
5029 7.575888240161373 9.741227422855252 206.1666666666667
5030 7.575888240161373 9.741227422855252 207
5031 7.575888240161373 9.741227422855252 207.8333333333333
5032 7.575888240161373 9.741227422855252 208.6666666666667
5033 7.575888240161373 9.741227422855252 209.5
5034 7.575888240161373 9.741227422855252 210.3333333333333
5035 7.575888240161373 9.741227422855252 211.1666666666667
5036 7.575888240161373 9.741227422855252 212
5037 7.575888240161373 9.741227422855252 212.8333333333333
5038 7.575888240161373 9.741227422855252 213.6666666666667
5039 -12.60392507738939 7.583302286433548 205.3333333333333
5040 -12.60392507738939 7.583302286433548 206.1666666666667
5041 -12.60392507738939 7.583302286433548 207
5042 -12.60392507738939 7.583302286433548 207.8333333333333
5043 -12.60392507738939 7.583302286433548 208.6666666666667
5044 -12.60392507738939 7.583302286433548 209.5
5045 -12.60392507738939 7.583302286433548 210.3333333333333
5046 -12.60392507738939 7.583302286433548 211.1666666666667
5047 -12.60392507738939 7.583302286433548 212
5048 -12.60392507738939 7.583302286433548 212.8333333333333
5049 -12.60392507738939 7.583302286433548 213.6666666666667
5050 -7.716940177929303 -5.670116731482193 205.3333333333333
5051 -7.716940177929303 -5.670116731482193 206.1666666666667
5052 -7.716940177929303 -5.670116731482193 207
5053 -7.716940177929303 -5.670116731482193 207.8333333333333
5054 -7.716940177929303 -5.670116731482193 208.6666666666667
5055 -7.716940177929303 -5.670116731482193 209.5
5056 -7.716940177929303 -5.670116731482193 210.3333333333333
5057 -7.716940177929303 -5.670116731482193 211.1666666666667
5058 -7.716940177929303 -5.670116731482193 212
5059 -7.716940177929303 -5.670116731482193 212.8333333333333
5060 -7.716940177929303 -5.670116731482193 213.6666666666667
5061 1.183645863594024 -13.79302461187124 205.3333333333333
5062 1.183645863594024 -13.79302461187124 206.1666666666667
5063 1.183645863594024 -13.79302461187124 207
5064 1.183645863594024 -13.79302461187124 207.8333333333333
5065 1.183645863594024 -13.79302461187124 208.6666666666667
5066 1.183645863594024 -13.79302461187124 209.5
5067 1.183645863594024 -13.79302461187124 210.3333333333333
5068 1.183645863594024 -13.79302461187124 211.1666666666667
5069 1.183645863594024 -13.79302461187124 212
5070 1.183645863594024 -13.79302461187124 212.8333333333333
5071 1.183645863594024 -13.79302461187124 213.6666666666667
5072 -7.569657615143476 10.56209381457361 205.3333333333333
5073 -7.569657615143476 10.56209381457361 206.1666666666667
5074 -7.569657615143476 10.56209381457361 207
5075 -7.569657615143476 10.56209381457361 207.8333333333333
5076 -7.569657615143476 10.56209381457361 208.6666666666667
5077 -7.569657615143476 10.56209381457361 209.5
5078 -7.569657615143476 10.56209381457361 210.3333333333333
5079 -7.569657615143476 10.56209381457361 211.1666666666667
5080 -7.569657615143476 10.56209381457361 212
5081 -7.569657615143476 10.56209381457361 212.8333333333333
5082 -7.569657615143476 10.56209381457361 213.6666666666667
5083 5.160731452809635 -3.865524792517423 205.3333333333333
5084 5.160731452809635 -3.865524792517423 206.1666666666667
5085 5.160731452809635 -3.865524792517423 207
5086 5.160731452809635 -3.865524792517423 207.8333333333333
5087 5.160731452809635 -3.865524792517423 208.6666666666667
5088 5.160731452809635 -3.865524792517423 209.5
5089 5.160731452809635 -3.865524792517423 210.3333333333333
5090 5.160731452809635 -3.865524792517423 211.1666666666667
5091 5.160731452809635 -3.865524792517423 212
5092 5.160731452809635 -3.865524792517423 212.8333333333333
5093 5.160731452809635 -3.865524792517423 213.6666666666667
5094 -12.51150205976542 2.579345919803289 205.3333333333333
5095 -12.51150205976542 2.579345919803289 206.1666666666667
5096 -12.51150205976542 2.579345919803289 207
5097 -12.51150205976542 2.579345919803289 207.8333333333333
5098 -12.51150205976542 2.579345919803289 208.6666666666667
5099 -12.51150205976542 2.579345919803289 209.5
5100 -12.51150205976542 2.579345919803289 210.3333333333333
5101 -12.51150205976542 2.579345919803289 211.1666666666667
5102 -12.51150205976542 2.579345919803289 212
5103 -12.51150205976542 2.579345919803289 212.8333333333333
5104 -12.51150205976542 2.579345919803289 213.6666666666667
5105 -7.466260867330856 5.793374932375399 205.3333333333333
5106 -7.466260867330856 5.793374932375399 206.1666666666667
5107 -7.466260867330856 5.793374932375399 207
5108 -7.466260867330856 5.793374932375399 207.8333333333333
5109 -7.466260867330856 5.793374932375399 208.6666666666667
5110 -7.466260867330856 5.793374932375399 209.5
5111 -7.466260867330856 5.793374932375399 210.3333333333333
5112 -7.466260867330856 5.793374932375399 211.1666666666667
5113 -7.466260867330856 5.793374932375399 212
5114 -7.466260867330856 5.793374932375399 212.8333333333333
5115 -7.466260867330856 5.793374932375399 213.6666666666667
5116 -2.198803314333113 3.281080686093885 205.3333333333333
5117 -2.198803314333113 3.281080686093885 206.1666666666667
5118 -2.198803314333113 3.281080686093885 207
5119 -2.198803314333113 3.281080686093885 207.8333333333333
5120 -2.198803314333113 3.281080686093885 208.6666666666667
5121 -2.198803314333113 3.281080686093885 209.5
5122 -2.198803314333113 3.281080686093885 210.3333333333333
5123 -2.198803314333113 3.281080686093885 211.1666666666667
5124 -2.198803314333113 3.281080686093885 212
5125 -2.198803314333113 3.281080686093885 212.8333333333333
5126 -2.198803314333113 3.281080686093885 213.6666666666667
5127 -12.43304198060404 -2.652370067548164 205.3333333333333
5128 -12.43304198060404 -2.652370067548164 206.1666666666667
5129 -12.43304198060404 -2.652370067548164 207
5130 -12.43304198060404 -2.652370067548164 207.8333333333333
5131 -12.43304198060404 -2.652370067548164 208.6666666666667
5132 -12.43304198060404 -2.652370067548164 209.5
5133 -12.43304198060404 -2.652370067548164 210.3333333333333
5134 -12.43304198060404 -2.652370067548164 211.1666666666667
5135 -12.43304198060404 -2.652370067548164 212
5136 -12.43304198060404 -2.652370067548164 212.8333333333333
5137 -12.43304198060404 -2.652370067548164 213.6666666666667
5138 -7.277480355571426 0.03383961336109246 205.3333333333333
5139 -7.277480355571426 0.03383961336109246 206.1666666666667
5140 -7.277480355571426 0.03383961336109246 207
5141 -7.277480355571426 0.03383961336109246 207.8333333333333
5142 -7.277480355571426 0.03383961336109246 208.6666666666667
5143 -7.277480355571426 0.03383961336109246 209.5
5144 -7.277480355571426 0.03383961336109246 210.3333333333333
5145 -7.277480355571426 0.03383961336109246 211.1666666666667
5146 -7.277480355571426 0.03383961336109246 212
5147 -7.277480355571426 0.03383961336109246 212.8333333333333
5148 -7.277480355571426 0.03383961336109246 213.6666666666667
5149 -1.338333733465819 -3.128277059075661 219.25
5150 -1.338333733465819 -3.128277059075661 224
5151 -1.338333733465819 -3.128277059075661 228.75
5152 -1.338333733465819 -3.128277059075661 233.5
5153 -1.338333733465819 -3.128277059075661 238.25
5154 -1.338333733465819 -3.128277059075661 243
5155 -1.338333733465819 -3.128277059075661 247.75
5156 -1.338333733465819 -3.128277059075661 252.5
5157 -1.338333733465819 -3.128277059075661 257.25
5158 -1.338333733465819 -3.128277059075661 262
5159 -1.338333733465819 -3.128277059075661 266.75
5160 -1.338333733465819 -3.128277059075661 271.5
5161 -1.338333733465819 -3.128277059075661 276.25
5162 -1.338333733465819 -3.128277059075661 281
5163 -1.338333733465819 -3.128277059075661 285.75
5164 -1.338333733465819 -3.128277059075661 290.5
5165 -1.338333733465819 -3.128277059075661 295.25
5166 -1.338333733465819 -3.128277059075661 300
5167 -1.338333733465819 -3.128277059075661 304.75
5168 -1.338333733465819 -3.128277059075661 309.5
5169 -1.338333733465819 -3.128277059075661 314.25
5170 -1.338333733465819 -3.128277059075661 319
5171 -1.338333733465819 -3.128277059075661 323.75
5172 -1.338333733465819 -3.128277059075661 328.5
5173 -1.338333733465819 -3.128277059075661 333.25
5174 -1.338333733465819 -3.128277059075661 338
5175 -1.338333733465819 -3.128277059075661 342.75
5176 -1.338333733465819 -3.128277059075661 347.5
5177 -1.338333733465819 -3.128277059075661 352.25
5178 -1.338333733465819 -3.128277059075661 357
5179 -1.338333733465819 -3.128277059075661 361.75
5180 -1.338333733465819 -3.128277059075661 366.5
5181 -1.338333733465819 -3.128277059075661 371.25
5182 -1.338333733465819 -3.128277059075661 376
5183 -1.338333733465819 -3.128277059075661 380.75
5184 -1.338333733465819 -3.128277059075661 385.5
5185 -1.338333733465819 -3.128277059075661 390.25
5186 -1.338333733465819 -3.128277059075661 395
5187 -1.338333733465819 -3.128277059075661 399.75
5188 -12.85273202838408 -7.658331088909613 219.25
5189 -12.85273202838408 -7.658331088909613 224
5190 -12.85273202838408 -7.658331088909613 228.75
5191 -12.85273202838408 -7.658331088909613 233.5
5192 -12.85273202838408 -7.658331088909613 238.25
5193 -12.85273202838408 -7.658331088909613 243
5194 -12.85273202838408 -7.658331088909613 247.75
5195 -12.85273202838408 -7.658331088909613 252.5
5196 -12.85273202838408 -7.658331088909613 257.25
5197 -12.85273202838408 -7.658331088909613 262
5198 -12.85273202838408 -7.658331088909613 266.75
5199 -12.85273202838408 -7.658331088909613 271.5
5200 -12.85273202838408 -7.658331088909613 276.25
5201 -12.85273202838408 -7.658331088909613 281
5202 -12.85273202838408 -7.658331088909613 285.75
5203 -12.85273202838408 -7.658331088909613 290.5
5204 -12.85273202838408 -7.658331088909613 295.25
5205 -12.85273202838408 -7.658331088909613 300
5206 -12.85273202838408 -7.658331088909613 304.75
5207 -12.85273202838408 -7.658331088909613 309.5
5208 -12.85273202838408 -7.658331088909613 314.25
5209 -12.85273202838408 -7.658331088909613 319
5210 -12.85273202838408 -7.658331088909613 323.75
5211 -12.85273202838408 -7.658331088909613 328.5
5212 -12.85273202838408 -7.658331088909613 333.25
5213 -12.85273202838408 -7.658331088909613 338
5214 -12.85273202838408 -7.658331088909613 342.75
5215 -12.85273202838408 -7.658331088909613 347.5
5216 -12.85273202838408 -7.658331088909613 352.25
5217 -12.85273202838408 -7.658331088909613 357
5218 -12.85273202838408 -7.658331088909613 361.75
5219 -12.85273202838408 -7.658331088909613 366.5
5220 -12.85273202838408 -7.658331088909613 371.25
5221 -12.85273202838408 -7.658331088909613 376
5222 -12.85273202838408 -7.658331088909613 380.75
5223 -12.85273202838408 -7.658331088909613 385.5
5224 -12.85273202838408 -7.658331088909613 390.25
5225 -12.85273202838408 -7.658331088909613 395
5226 -12.85273202838408 -7.658331088909613 399.75
5227 11.63188280557378 -2.995136046933196 219.25
5228 11.63188280557378 -2.995136046933196 224
5229 11.63188280557378 -2.995136046933196 228.75
5230 11.63188280557378 -2.995136046933196 233.5
5231 11.63188280557378 -2.995136046933196 238.25
5232 11.63188280557378 -2.995136046933196 243
5233 11.63188280557378 -2.995136046933196 247.75
5234 11.63188280557378 -2.995136046933196 252.5
5235 11.63188280557378 -2.995136046933196 257.25
5236 11.63188280557378 -2.995136046933196 262
5237 11.63188280557378 -2.995136046933196 266.75
5238 11.63188280557378 -2.995136046933196 271.5
5239 11.63188280557378 -2.995136046933196 276.25
5240 11.63188280557378 -2.995136046933196 281
5241 11.63188280557378 -2.995136046933196 285.75
5242 11.63188280557378 -2.995136046933196 290.5
5243 11.63188280557378 -2.995136046933196 295.25
5244 11.63188280557378 -2.995136046933196 300
5245 11.63188280557378 -2.995136046933196 304.75
5246 11.63188280557378 -2.995136046933196 309.5
5247 11.63188280557378 -2.995136046933196 314.25
5248 11.63188280557378 -2.995136046933196 319
5249 11.63188280557378 -2.995136046933196 323.75
5250 11.63188280557378 -2.995136046933196 328.5
5251 11.63188280557378 -2.995136046933196 333.25
5252 11.63188280557378 -2.995136046933196 338
5253 11.63188280557378 -2.995136046933196 342.75
5254 11.63188280557378 -2.995136046933196 347.5
5255 11.63188280557378 -2.995136046933196 352.25
5256 11.63188280557378 -2.995136046933196 357
5257 11.63188280557378 -2.995136046933196 361.75
5258 11.63188280557378 -2.995136046933196 366.5
5259 11.63188280557378 -2.995136046933196 371.25
5260 11.63188280557378 -2.995136046933196 376
5261 11.63188280557378 -2.995136046933196 380.75
5262 11.63188280557378 -2.995136046933196 385.5
5263 11.63188280557378 -2.995136046933196 390.25
5264 11.63188280557378 -2.995136046933196 395
5265 11.63188280557378 -2.995136046933196 399.75
5266 7.514607545963853 0.07114239662751487 219.25
5267 7.514607545963853 0.07114239662751487 224
5268 7.514607545963853 0.07114239662751487 228.75
5269 7.514607545963853 0.07114239662751487 233.5
5270 7.514607545963853 0.07114239662751487 238.25
5271 7.514607545963853 0.07114239662751487 243
5272 7.514607545963853 0.07114239662751487 247.75
5273 7.514607545963853 0.07114239662751487 252.5
5274 7.514607545963853 0.07114239662751487 257.25
5275 7.514607545963853 0.07114239662751487 262
5276 7.514607545963853 0.07114239662751487 266.75
5277 7.514607545963853 0.07114239662751487 271.5
5278 7.514607545963853 0.07114239662751487 276.25
5279 7.514607545963853 0.07114239662751487 281
5280 7.514607545963853 0.07114239662751487 285.75
5281 7.514607545963853 0.07114239662751487 290.5
5282 7.514607545963853 0.07114239662751487 295.25
5283 7.514607545963853 0.07114239662751487 300
5284 7.514607545963853 0.07114239662751487 304.75
5285 7.514607545963853 0.07114239662751487 309.5
5286 7.514607545963853 0.07114239662751487 314.25
5287 7.514607545963853 0.07114239662751487 319
5288 7.514607545963853 0.07114239662751487 323.75
5289 7.514607545963853 0.07114239662751487 328.5
5290 7.514607545963853 0.07114239662751487 333.25
5291 7.514607545963853 0.07114239662751487 338
5292 7.514607545963853 0.07114239662751487 342.75
5293 7.514607545963853 0.07114239662751487 347.5
5294 7.514607545963853 0.07114239662751487 352.25
5295 7.514607545963853 0.07114239662751487 357
5296 7.514607545963853 0.07114239662751487 361.75
5297 7.514607545963853 0.07114239662751487 366.5
5298 7.514607545963853 0.07114239662751487 371.25
5299 7.514607545963853 0.07114239662751487 376
5300 7.514607545963853 0.07114239662751487 380.75
5301 7.514607545963853 0.07114239662751487 385.5
5302 7.514607545963853 0.07114239662751487 390.25
5303 7.514607545963853 0.07114239662751487 395
5304 7.514607545963853 0.07114239662751487 399.75
5305 2.539149994709444 -8.738882325388637 219.25
5306 2.539149994709444 -8.738882325388637 224
5307 2.539149994709444 -8.738882325388637 228.75
5308 2.539149994709444 -8.738882325388637 233.5
5309 2.539149994709444 -8.738882325388637 238.25
5310 2.539149994709444 -8.738882325388637 243
5311 2.539149994709444 -8.738882325388637 247.75
5312 2.539149994709444 -8.738882325388637 252.5
5313 2.539149994709444 -8.738882325388637 257.25
5314 2.539149994709444 -8.738882325388637 262
5315 2.539149994709444 -8.738882325388637 266.75
5316 2.539149994709444 -8.738882325388637 271.5
5317 2.539149994709444 -8.738882325388637 276.25
5318 2.539149994709444 -8.738882325388637 281
5319 2.539149994709444 -8.738882325388637 285.75
5320 2.539149994709444 -8.738882325388637 290.5
5321 2.539149994709444 -8.738882325388637 295.25
5322 2.539149994709444 -8.738882325388637 300
5323 2.539149994709444 -8.738882325388637 304.75
5324 2.539149994709444 -8.738882325388637 309.5
5325 2.539149994709444 -8.738882325388637 314.25
5326 2.539149994709444 -8.738882325388637 319
5327 2.539149994709444 -8.738882325388637 323.75
5328 2.539149994709444 -8.738882325388637 328.5
5329 2.539149994709444 -8.738882325388637 333.25
5330 2.539149994709444 -8.738882325388637 338
5331 2.539149994709444 -8.738882325388637 342.75
5332 2.539149994709444 -8.738882325388637 347.5
5333 2.539149994709444 -8.738882325388637 352.25
5334 2.539149994709444 -8.738882325388637 357
5335 2.539149994709444 -8.738882325388637 361.75
5336 2.539149994709444 -8.738882325388637 366.5
5337 2.539149994709444 -8.738882325388637 371.25
5338 2.539149994709444 -8.738882325388637 376
5339 2.539149994709444 -8.738882325388637 380.75
5340 2.539149994709444 -8.738882325388637 385.5
5341 2.539149994709444 -8.738882325388637 390.25
5342 2.539149994709444 -8.738882325388637 395
5343 2.539149994709444 -8.738882325388637 399.75
5344 2.12964735650302 6.747792269711751 219.25
5345 2.12964735650302 6.747792269711751 224
5346 2.12964735650302 6.747792269711751 228.75
5347 2.12964735650302 6.747792269711751 233.5
5348 2.12964735650302 6.747792269711751 238.25
5349 2.12964735650302 6.747792269711751 243
5350 2.12964735650302 6.747792269711751 247.75
5351 2.12964735650302 6.747792269711751 252.5
5352 2.12964735650302 6.747792269711751 257.25
5353 2.12964735650302 6.747792269711751 262
5354 2.12964735650302 6.747792269711751 266.75
5355 2.12964735650302 6.747792269711751 271.5
5356 2.12964735650302 6.747792269711751 276.25
5357 2.12964735650302 6.747792269711751 281
5358 2.12964735650302 6.747792269711751 285.75
5359 2.12964735650302 6.747792269711751 290.5
5360 2.12964735650302 6.747792269711751 295.25
5361 2.12964735650302 6.747792269711751 300
5362 2.12964735650302 6.747792269711751 304.75
5363 2.12964735650302 6.747792269711751 309.5
5364 2.12964735650302 6.747792269711751 314.25
5365 2.12964735650302 6.747792269711751 319
5366 2.12964735650302 6.747792269711751 323.75
5367 2.12964735650302 6.747792269711751 328.5
5368 2.12964735650302 6.747792269711751 333.25
5369 2.12964735650302 6.747792269711751 338
5370 2.12964735650302 6.747792269711751 342.75
5371 2.12964735650302 6.747792269711751 347.5
5372 2.12964735650302 6.747792269711751 352.25
5373 2.12964735650302 6.747792269711751 357
5374 2.12964735650302 6.747792269711751 361.75
5375 2.12964735650302 6.747792269711751 366.5
5376 2.12964735650302 6.747792269711751 371.25
5377 2.12964735650302 6.747792269711751 376
5378 2.12964735650302 6.747792269711751 380.75
5379 2.12964735650302 6.747792269711751 385.5
5380 2.12964735650302 6.747792269711751 390.25
5381 2.12964735650302 6.747792269711751 395
5382 2.12964735650302 6.747792269711751 399.75
5383 8.434131665013517 -8.070830980526347 219.25
5384 8.434131665013517 -8.070830980526347 224
5385 8.434131665013517 -8.070830980526347 228.75
5386 8.434131665013517 -8.070830980526347 233.5
5387 8.434131665013517 -8.070830980526347 238.25
5388 8.434131665013517 -8.070830980526347 243
5389 8.434131665013517 -8.070830980526347 247.75
5390 8.434131665013517 -8.070830980526347 252.5
5391 8.434131665013517 -8.070830980526347 257.25
5392 8.434131665013517 -8.070830980526347 262
5393 8.434131665013517 -8.070830980526347 266.75
5394 8.434131665013517 -8.070830980526347 271.5
5395 8.434131665013517 -8.070830980526347 276.25
5396 8.434131665013517 -8.070830980526347 281
5397 8.434131665013517 -8.070830980526347 285.75
5398 8.434131665013517 -8.070830980526347 290.5
5399 8.434131665013517 -8.070830980526347 295.25
5400 8.434131665013517 -8.070830980526347 300
5401 8.434131665013517 -8.070830980526347 304.75
5402 8.434131665013517 -8.070830980526347 309.5
5403 8.434131665013517 -8.070830980526347 314.25
5404 8.434131665013517 -8.070830980526347 319
5405 8.434131665013517 -8.070830980526347 323.75
5406 8.434131665013517 -8.070830980526347 328.5
5407 8.434131665013517 -8.070830980526347 333.25
5408 8.434131665013517 -8.070830980526347 338
5409 8.434131665013517 -8.070830980526347 342.75
5410 8.434131665013517 -8.070830980526347 347.5
5411 8.434131665013517 -8.070830980526347 352.25
5412 8.434131665013517 -8.070830980526347 357
5413 8.434131665013517 -8.070830980526347 361.75
5414 8.434131665013517 -8.070830980526347 366.5
5415 8.434131665013517 -8.070830980526347 371.25
5416 8.434131665013517 -8.070830980526347 376
5417 8.434131665013517 -8.070830980526347 380.75
5418 8.434131665013517 -8.070830980526347 385.5
5419 8.434131665013517 -8.070830980526347 390.25
5420 8.434131665013517 -8.070830980526347 395
5421 8.434131665013517 -8.070830980526347 399.75
5422 2.95816346022591 1.585972477032862 219.25
5423 2.95816346022591 1.585972477032862 224
5424 2.95816346022591 1.585972477032862 228.75
5425 2.95816346022591 1.585972477032862 233.5
5426 2.95816346022591 1.585972477032862 238.25
5427 2.95816346022591 1.585972477032862 243
5428 2.95816346022591 1.585972477032862 247.75
5429 2.95816346022591 1.585972477032862 252.5
5430 2.95816346022591 1.585972477032862 257.25
5431 2.95816346022591 1.585972477032862 262
5432 2.95816346022591 1.585972477032862 266.75
5433 2.95816346022591 1.585972477032862 271.5
5434 2.95816346022591 1.585972477032862 276.25
5435 2.95816346022591 1.585972477032862 281
5436 2.95816346022591 1.585972477032862 285.75
5437 2.95816346022591 1.585972477032862 290.5
5438 2.95816346022591 1.585972477032862 295.25
5439 2.95816346022591 1.585972477032862 300
5440 2.95816346022591 1.585972477032862 304.75
5441 2.95816346022591 1.585972477032862 309.5
5442 2.95816346022591 1.585972477032862 314.25
5443 2.95816346022591 1.585972477032862 319
5444 2.95816346022591 1.585972477032862 323.75
5445 2.95816346022591 1.585972477032862 328.5
5446 2.95816346022591 1.585972477032862 333.25
5447 2.95816346022591 1.585972477032862 338
5448 2.95816346022591 1.585972477032862 342.75
5449 2.95816346022591 1.585972477032862 347.5
5450 2.95816346022591 1.585972477032862 352.25
5451 2.95816346022591 1.585972477032862 357
5452 2.95816346022591 1.585972477032862 361.75
5453 2.95816346022591 1.585972477032862 366.5
5454 2.95816346022591 1.585972477032862 371.25
5455 2.95816346022591 1.585972477032862 376
5456 2.95816346022591 1.585972477032862 380.75
5457 2.95816346022591 1.585972477032862 385.5
5458 2.95816346022591 1.585972477032862 390.25
5459 2.95816346022591 1.585972477032862 395
5460 2.95816346022591 1.585972477032862 399.75
5461 13.87422808852985 -7.33936827859767 219.25
5462 13.87422808852985 -7.33936827859767 224
5463 13.87422808852985 -7.33936827859767 228.75
5464 13.87422808852985 -7.33936827859767 233.5
5465 13.87422808852985 -7.33936827859767 238.25
5466 13.87422808852985 -7.33936827859767 243
5467 13.87422808852985 -7.33936827859767 247.75
5468 13.87422808852985 -7.33936827859767 252.5
5469 13.87422808852985 -7.33936827859767 257.25
5470 13.87422808852985 -7.33936827859767 262
5471 13.87422808852985 -7.33936827859767 266.75
5472 13.87422808852985 -7.33936827859767 271.5
5473 13.87422808852985 -7.33936827859767 276.25
5474 13.87422808852985 -7.33936827859767 281
5475 13.87422808852985 -7.33936827859767 285.75
5476 13.87422808852985 -7.33936827859767 290.5
5477 13.87422808852985 -7.33936827859767 295.25
5478 13.87422808852985 -7.33936827859767 300
5479 13.87422808852985 -7.33936827859767 304.75
5480 13.87422808852985 -7.33936827859767 309.5
5481 13.87422808852985 -7.33936827859767 314.25
5482 13.87422808852985 -7.33936827859767 319
5483 13.87422808852985 -7.33936827859767 323.75
5484 13.87422808852985 -7.33936827859767 328.5
5485 13.87422808852985 -7.33936827859767 333.25
5486 13.87422808852985 -7.33936827859767 338
5487 13.87422808852985 -7.33936827859767 342.75
5488 13.87422808852985 -7.33936827859767 347.5
5489 13.87422808852985 -7.33936827859767 352.25
5490 13.87422808852985 -7.33936827859767 357
5491 13.87422808852985 -7.33936827859767 361.75
5492 13.87422808852985 -7.33936827859767 366.5
5493 13.87422808852985 -7.33936827859767 371.25
5494 13.87422808852985 -7.33936827859767 376
5495 13.87422808852985 -7.33936827859767 380.75
5496 13.87422808852985 -7.33936827859767 385.5
5497 13.87422808852985 -7.33936827859767 390.25
5498 13.87422808852985 -7.33936827859767 395
5499 13.87422808852985 -7.33936827859767 399.75
5500 12.27517991161143 7.336807072227995 219.25
5501 12.27517991161143 7.336807072227995 224
5502 12.27517991161143 7.336807072227995 228.75
5503 12.27517991161143 7.336807072227995 233.5
5504 12.27517991161143 7.336807072227995 238.25
5505 12.27517991161143 7.336807072227995 243
5506 12.27517991161143 7.336807072227995 247.75
5507 12.27517991161143 7.336807072227995 252.5
5508 12.27517991161143 7.336807072227995 257.25
5509 12.27517991161143 7.336807072227995 262
5510 12.27517991161143 7.336807072227995 266.75
5511 12.27517991161143 7.336807072227995 271.5
5512 12.27517991161143 7.336807072227995 276.25
5513 12.27517991161143 7.336807072227995 281
5514 12.27517991161143 7.336807072227995 285.75
5515 12.27517991161143 7.336807072227995 290.5
5516 12.27517991161143 7.336807072227995 295.25
5517 12.27517991161143 7.336807072227995 300
5518 12.27517991161143 7.336807072227995 304.75
5519 12.27517991161143 7.336807072227995 309.5
5520 12.27517991161143 7.336807072227995 314.25
5521 12.27517991161143 7.336807072227995 319
5522 12.27517991161143 7.336807072227995 323.75
5523 12.27517991161143 7.336807072227995 328.5
5524 12.27517991161143 7.336807072227995 333.25
5525 12.27517991161143 7.336807072227995 338
5526 12.27517991161143 7.336807072227995 342.75
5527 12.27517991161143 7.336807072227995 347.5
5528 12.27517991161143 7.336807072227995 352.25
5529 12.27517991161143 7.336807072227995 357
5530 12.27517991161143 7.336807072227995 361.75
5531 12.27517991161143 7.336807072227995 366.5
5532 12.27517991161143 7.336807072227995 371.25
5533 12.27517991161143 7.336807072227995 376
5534 12.27517991161143 7.336807072227995 380.75
5535 12.27517991161143 7.336807072227995 385.5
5536 12.27517991161143 7.336807072227995 390.25
5537 12.27517991161143 7.336807072227995 395
5538 12.27517991161143 7.336807072227995 399.75
5539 6.91877248930069 4.34281597052799 219.25
5540 6.91877248930069 4.34281597052799 224
5541 6.91877248930069 4.34281597052799 228.75
5542 6.91877248930069 4.34281597052799 233.5
5543 6.91877248930069 4.34281597052799 238.25
5544 6.91877248930069 4.34281597052799 243
5545 6.91877248930069 4.34281597052799 247.75
5546 6.91877248930069 4.34281597052799 252.5
5547 6.91877248930069 4.34281597052799 257.25
5548 6.91877248930069 4.34281597052799 262
5549 6.91877248930069 4.34281597052799 266.75
5550 6.91877248930069 4.34281597052799 271.5
5551 6.91877248930069 4.34281597052799 276.25
5552 6.91877248930069 4.34281597052799 281
5553 6.91877248930069 4.34281597052799 285.75
5554 6.91877248930069 4.34281597052799 290.5
5555 6.91877248930069 4.34281597052799 295.25
5556 6.91877248930069 4.34281597052799 300
5557 6.91877248930069 4.34281597052799 304.75
5558 6.91877248930069 4.34281597052799 309.5
5559 6.91877248930069 4.34281597052799 314.25
5560 6.91877248930069 4.34281597052799 319
5561 6.91877248930069 4.34281597052799 323.75
5562 6.91877248930069 4.34281597052799 328.5
5563 6.91877248930069 4.34281597052799 333.25
5564 6.91877248930069 4.34281597052799 338
5565 6.91877248930069 4.34281597052799 342.75
5566 6.91877248930069 4.34281597052799 347.5
5567 6.91877248930069 4.34281597052799 352.25
5568 6.91877248930069 4.34281597052799 357
5569 6.91877248930069 4.34281597052799 361.75
5570 6.91877248930069 4.34281597052799 366.5
5571 6.91877248930069 4.34281597052799 371.25
5572 6.91877248930069 4.34281597052799 376
5573 6.91877248930069 4.34281597052799 380.75
5574 6.91877248930069 4.34281597052799 385.5
5575 6.91877248930069 4.34281597052799 390.25
5576 6.91877248930069 4.34281597052799 395
5577 6.91877248930069 4.34281597052799 399.75
5578 2.880978530685488 12.03131349602651 219.25
5579 2.880978530685488 12.03131349602651 224
5580 2.880978530685488 12.03131349602651 228.75
5581 2.880978530685488 12.03131349602651 233.5
5582 2.880978530685488 12.03131349602651 238.25
5583 2.880978530685488 12.03131349602651 243
5584 2.880978530685488 12.03131349602651 247.75
5585 2.880978530685488 12.03131349602651 252.5
5586 2.880978530685488 12.03131349602651 257.25
5587 2.880978530685488 12.03131349602651 262
5588 2.880978530685488 12.03131349602651 266.75
5589 2.880978530685488 12.03131349602651 271.5
5590 2.880978530685488 12.03131349602651 276.25
5591 2.880978530685488 12.03131349602651 281
5592 2.880978530685488 12.03131349602651 285.75
5593 2.880978530685488 12.03131349602651 290.5
5594 2.880978530685488 12.03131349602651 295.25
5595 2.880978530685488 12.03131349602651 300
5596 2.880978530685488 12.03131349602651 304.75
5597 2.880978530685488 12.03131349602651 309.5
5598 2.880978530685488 12.03131349602651 314.25
5599 2.880978530685488 12.03131349602651 319
5600 2.880978530685488 12.03131349602651 323.75
5601 2.880978530685488 12.03131349602651 328.5
5602 2.880978530685488 12.03131349602651 333.25
5603 2.880978530685488 12.03131349602651 338
5604 2.880978530685488 12.03131349602651 342.75
5605 2.880978530685488 12.03131349602651 347.5
5606 2.880978530685488 12.03131349602651 352.25
5607 2.880978530685488 12.03131349602651 357
5608 2.880978530685488 12.03131349602651 361.75
5609 2.880978530685488 12.03131349602651 366.5
5610 2.880978530685488 12.03131349602651 371.25
5611 2.880978530685488 12.03131349602651 376
5612 2.880978530685488 12.03131349602651 380.75
5613 2.880978530685488 12.03131349602651 385.5
5614 2.880978530685488 12.03131349602651 390.25
5615 2.880978530685488 12.03131349602651 395
5616 2.880978530685488 12.03131349602651 399.75
5617 -2.599974635763035 8.852740001219731 219.25
5618 -2.599974635763035 8.852740001219731 224
5619 -2.599974635763035 8.852740001219731 228.75
5620 -2.599974635763035 8.852740001219731 233.5
5621 -2.599974635763035 8.852740001219731 238.25
5622 -2.599974635763035 8.852740001219731 243
5623 -2.599974635763035 8.852740001219731 247.75
5624 -2.599974635763035 8.852740001219731 252.5
5625 -2.599974635763035 8.852740001219731 257.25
5626 -2.599974635763035 8.852740001219731 262
5627 -2.599974635763035 8.852740001219731 266.75
5628 -2.599974635763035 8.852740001219731 271.5
5629 -2.599974635763035 8.852740001219731 276.25
5630 -2.599974635763035 8.852740001219731 281
5631 -2.599974635763035 8.852740001219731 285.75
5632 -2.599974635763035 8.852740001219731 290.5
5633 -2.599974635763035 8.852740001219731 295.25
5634 -2.599974635763035 8.852740001219731 300
5635 -2.599974635763035 8.852740001219731 304.75
5636 -2.599974635763035 8.852740001219731 309.5
5637 -2.599974635763035 8.852740001219731 314.25
5638 -2.599974635763035 8.852740001219731 319
5639 -2.599974635763035 8.852740001219731 323.75
5640 -2.599974635763035 8.852740001219731 328.5
5641 -2.599974635763035 8.852740001219731 333.25
5642 -2.599974635763035 8.852740001219731 338
5643 -2.599974635763035 8.852740001219731 342.75
5644 -2.599974635763035 8.852740001219731 347.5
5645 -2.599974635763035 8.852740001219731 352.25
5646 -2.599974635763035 8.852740001219731 357
5647 -2.599974635763035 8.852740001219731 361.75
5648 -2.599974635763035 8.852740001219731 366.5
5649 -2.599974635763035 8.852740001219731 371.25
5650 -2.599974635763035 8.852740001219731 376
5651 -2.599974635763035 8.852740001219731 380.75
5652 -2.599974635763035 8.852740001219731 385.5
5653 -2.599974635763035 8.852740001219731 390.25
5654 -2.599974635763035 8.852740001219731 395
5655 -2.599974635763035 8.852740001219731 399.75
5656 12.06554170944527 2.477026388090364 219.25
5657 12.06554170944527 2.477026388090364 224
5658 12.06554170944527 2.477026388090364 228.75
5659 12.06554170944527 2.477026388090364 233.5
5660 12.06554170944527 2.477026388090364 238.25
5661 12.06554170944527 2.477026388090364 243
5662 12.06554170944527 2.477026388090364 247.75
5663 12.06554170944527 2.477026388090364 252.5
5664 12.06554170944527 2.477026388090364 257.25
5665 12.06554170944527 2.477026388090364 262
5666 12.06554170944527 2.477026388090364 266.75
5667 12.06554170944527 2.477026388090364 271.5
5668 12.06554170944527 2.477026388090364 276.25
5669 12.06554170944527 2.477026388090364 281
5670 12.06554170944527 2.477026388090364 285.75
5671 12.06554170944527 2.477026388090364 290.5
5672 12.06554170944527 2.477026388090364 295.25
5673 12.06554170944527 2.477026388090364 300
5674 12.06554170944527 2.477026388090364 304.75
5675 12.06554170944527 2.477026388090364 309.5
5676 12.06554170944527 2.477026388090364 314.25
5677 12.06554170944527 2.477026388090364 319
5678 12.06554170944527 2.477026388090364 323.75
5679 12.06554170944527 2.477026388090364 328.5
5680 12.06554170944527 2.477026388090364 333.25
5681 12.06554170944527 2.477026388090364 338
5682 12.06554170944527 2.477026388090364 342.75
5683 12.06554170944527 2.477026388090364 347.5
5684 12.06554170944527 2.477026388090364 352.25
5685 12.06554170944527 2.477026388090364 357
5686 12.06554170944527 2.477026388090364 361.75
5687 12.06554170944527 2.477026388090364 366.5
5688 12.06554170944527 2.477026388090364 371.25
5689 12.06554170944527 2.477026388090364 376
5690 12.06554170944527 2.477026388090364 380.75
5691 12.06554170944527 2.477026388090364 385.5
5692 12.06554170944527 2.477026388090364 390.25
5693 12.06554170944527 2.477026388090364 395
5694 12.06554170944527 2.477026388090364 399.75
5695 6.490045526743329 -12.83709637006167 219.25
5696 6.490045526743329 -12.83709637006167 224
5697 6.490045526743329 -12.83709637006167 228.75
5698 6.490045526743329 -12.83709637006167 233.5
5699 6.490045526743329 -12.83709637006167 238.25
5700 6.490045526743329 -12.83709637006167 243
5701 6.490045526743329 -12.83709637006167 247.75
5702 6.490045526743329 -12.83709637006167 252.5
5703 6.490045526743329 -12.83709637006167 257.25
5704 6.490045526743329 -12.83709637006167 262
5705 6.490045526743329 -12.83709637006167 266.75
5706 6.490045526743329 -12.83709637006167 271.5
5707 6.490045526743329 -12.83709637006167 276.25
5708 6.490045526743329 -12.83709637006167 281
5709 6.490045526743329 -12.83709637006167 285.75
5710 6.490045526743329 -12.83709637006167 290.5
5711 6.490045526743329 -12.83709637006167 295.25
5712 6.490045526743329 -12.83709637006167 300
5713 6.490045526743329 -12.83709637006167 304.75
5714 6.490045526743329 -12.83709637006167 309.5
5715 6.490045526743329 -12.83709637006167 314.25
5716 6.490045526743329 -12.83709637006167 319
5717 6.490045526743329 -12.83709637006167 323.75
5718 6.490045526743329 -12.83709637006167 328.5
5719 6.490045526743329 -12.83709637006167 333.25
5720 6.490045526743329 -12.83709637006167 338
5721 6.490045526743329 -12.83709637006167 342.75
5722 6.490045526743329 -12.83709637006167 347.5
5723 6.490045526743329 -12.83709637006167 352.25
5724 6.490045526743329 -12.83709637006167 357
5725 6.490045526743329 -12.83709637006167 361.75
5726 6.490045526743329 -12.83709637006167 366.5
5727 6.490045526743329 -12.83709637006167 371.25
5728 6.490045526743329 -12.83709637006167 376
5729 6.490045526743329 -12.83709637006167 380.75
5730 6.490045526743329 -12.83709637006167 385.5
5731 6.490045526743329 -12.83709637006167 390.25
5732 6.490045526743329 -12.83709637006167 395
5733 6.490045526743329 -12.83709637006167 399.75
5734 -2.944779576834328 -9.789063985719443 219.25
5735 -2.944779576834328 -9.789063985719443 224
5736 -2.944779576834328 -9.789063985719443 228.75
5737 -2.944779576834328 -9.789063985719443 233.5
5738 -2.944779576834328 -9.789063985719443 238.25
5739 -2.944779576834328 -9.789063985719443 243
5740 -2.944779576834328 -9.789063985719443 247.75
5741 -2.944779576834328 -9.789063985719443 252.5
5742 -2.944779576834328 -9.789063985719443 257.25
5743 -2.944779576834328 -9.789063985719443 262
5744 -2.944779576834328 -9.789063985719443 266.75
5745 -2.944779576834328 -9.789063985719443 271.5
5746 -2.944779576834328 -9.789063985719443 276.25
5747 -2.944779576834328 -9.789063985719443 281
5748 -2.944779576834328 -9.789063985719443 285.75
5749 -2.944779576834328 -9.789063985719443 290.5
5750 -2.944779576834328 -9.789063985719443 295.25
5751 -2.944779576834328 -9.789063985719443 300
5752 -2.944779576834328 -9.789063985719443 304.75
5753 -2.944779576834328 -9.789063985719443 309.5
5754 -2.944779576834328 -9.789063985719443 314.25
5755 -2.944779576834328 -9.789063985719443 319
5756 -2.944779576834328 -9.789063985719443 323.75
5757 -2.944779576834328 -9.789063985719443 328.5
5758 -2.944779576834328 -9.789063985719443 333.25
5759 -2.944779576834328 -9.789063985719443 338
5760 -2.944779576834328 -9.789063985719443 342.75
5761 -2.944779576834328 -9.789063985719443 347.5
5762 -2.944779576834328 -9.789063985719443 352.25
5763 -2.944779576834328 -9.789063985719443 357
5764 -2.944779576834328 -9.789063985719443 361.75
5765 -2.944779576834328 -9.789063985719443 366.5
5766 -2.944779576834328 -9.789063985719443 371.25
5767 -2.944779576834328 -9.789063985719443 376
5768 -2.944779576834328 -9.789063985719443 380.75
5769 -2.944779576834328 -9.789063985719443 385.5
5770 -2.944779576834328 -9.789063985719443 390.25
5771 -2.944779576834328 -9.789063985719443 395
5772 -2.944779576834328 -9.789063985719443 399.75
5773 -3.932884930068824 -14.88656419982845 219.25
5774 -3.932884930068824 -14.88656419982845 224
5775 -3.932884930068824 -14.88656419982845 228.75
5776 -3.932884930068824 -14.88656419982845 233.5
5777 -3.932884930068824 -14.88656419982845 238.25
5778 -3.932884930068824 -14.88656419982845 243
5779 -3.932884930068824 -14.88656419982845 247.75
5780 -3.932884930068824 -14.88656419982845 252.5
5781 -3.932884930068824 -14.88656419982845 257.25
5782 -3.932884930068824 -14.88656419982845 262
5783 -3.932884930068824 -14.88656419982845 266.75
5784 -3.932884930068824 -14.88656419982845 271.5
5785 -3.932884930068824 -14.88656419982845 276.25
5786 -3.932884930068824 -14.88656419982845 281
5787 -3.932884930068824 -14.88656419982845 285.75
5788 -3.932884930068824 -14.88656419982845 290.5
5789 -3.932884930068824 -14.88656419982845 295.25
5790 -3.932884930068824 -14.88656419982845 300
5791 -3.932884930068824 -14.88656419982845 304.75
5792 -3.932884930068824 -14.88656419982845 309.5
5793 -3.932884930068824 -14.88656419982845 314.25
5794 -3.932884930068824 -14.88656419982845 319
5795 -3.932884930068824 -14.88656419982845 323.75
5796 -3.932884930068824 -14.88656419982845 328.5
5797 -3.932884930068824 -14.88656419982845 333.25
5798 -3.932884930068824 -14.88656419982845 338
5799 -3.932884930068824 -14.88656419982845 342.75
5800 -3.932884930068824 -14.88656419982845 347.5
5801 -3.932884930068824 -14.88656419982845 352.25
5802 -3.932884930068824 -14.88656419982845 357
5803 -3.932884930068824 -14.88656419982845 361.75
5804 -3.932884930068824 -14.88656419982845 366.5
5805 -3.932884930068824 -14.88656419982845 371.25
5806 -3.932884930068824 -14.88656419982845 376
5807 -3.932884930068824 -14.88656419982845 380.75
5808 -3.932884930068824 -14.88656419982845 385.5
5809 -3.932884930068824 -14.88656419982845 390.25
5810 -3.932884930068824 -14.88656419982845 395
5811 -3.932884930068824 -14.88656419982845 399.75
5812 -8.295695409124429 -10.81048953127438 219.25
5813 -8.295695409124429 -10.81048953127438 224
5814 -8.295695409124429 -10.81048953127438 228.75
5815 -8.295695409124429 -10.81048953127438 233.5
5816 -8.295695409124429 -10.81048953127438 238.25
5817 -8.295695409124429 -10.81048953127438 243
5818 -8.295695409124429 -10.81048953127438 247.75
5819 -8.295695409124429 -10.81048953127438 252.5
5820 -8.295695409124429 -10.81048953127438 257.25
5821 -8.295695409124429 -10.81048953127438 262
5822 -8.295695409124429 -10.81048953127438 266.75
5823 -8.295695409124429 -10.81048953127438 271.5
5824 -8.295695409124429 -10.81048953127438 276.25
5825 -8.295695409124429 -10.81048953127438 281
5826 -8.295695409124429 -10.81048953127438 285.75
5827 -8.295695409124429 -10.81048953127438 290.5
5828 -8.295695409124429 -10.81048953127438 295.25
5829 -8.295695409124429 -10.81048953127438 300
5830 -8.295695409124429 -10.81048953127438 304.75
5831 -8.295695409124429 -10.81048953127438 309.5
5832 -8.295695409124429 -10.81048953127438 314.25
5833 -8.295695409124429 -10.81048953127438 319
5834 -8.295695409124429 -10.81048953127438 323.75
5835 -8.295695409124429 -10.81048953127438 328.5
5836 -8.295695409124429 -10.81048953127438 333.25
5837 -8.295695409124429 -10.81048953127438 338
5838 -8.295695409124429 -10.81048953127438 342.75
5839 -8.295695409124429 -10.81048953127438 347.5
5840 -8.295695409124429 -10.81048953127438 352.25
5841 -8.295695409124429 -10.81048953127438 357
5842 -8.295695409124429 -10.81048953127438 361.75
5843 -8.295695409124429 -10.81048953127438 366.5
5844 -8.295695409124429 -10.81048953127438 371.25
5845 -8.295695409124429 -10.81048953127438 376
5846 -8.295695409124429 -10.81048953127438 380.75
5847 -8.295695409124429 -10.81048953127438 385.5
5848 -8.295695409124429 -10.81048953127438 390.25
5849 -8.295695409124429 -10.81048953127438 395
5850 -8.295695409124429 -10.81048953127438 399.75
5851 -2.278415394009257 14.49230675883145 219.25
5852 -2.278415394009257 14.49230675883145 224
5853 -2.278415394009257 14.49230675883145 228.75
5854 -2.278415394009257 14.49230675883145 233.5
5855 -2.278415394009257 14.49230675883145 238.25
5856 -2.278415394009257 14.49230675883145 243
5857 -2.278415394009257 14.49230675883145 247.75
5858 -2.278415394009257 14.49230675883145 252.5
5859 -2.278415394009257 14.49230675883145 257.25
5860 -2.278415394009257 14.49230675883145 262
5861 -2.278415394009257 14.49230675883145 266.75
5862 -2.278415394009257 14.49230675883145 271.5
5863 -2.278415394009257 14.49230675883145 276.25
5864 -2.278415394009257 14.49230675883145 281
5865 -2.278415394009257 14.49230675883145 285.75
5866 -2.278415394009257 14.49230675883145 290.5
5867 -2.278415394009257 14.49230675883145 295.25
5868 -2.278415394009257 14.49230675883145 300
5869 -2.278415394009257 14.49230675883145 304.75
5870 -2.278415394009257 14.49230675883145 309.5
5871 -2.278415394009257 14.49230675883145 314.25
5872 -2.278415394009257 14.49230675883145 319
5873 -2.278415394009257 14.49230675883145 323.75
5874 -2.278415394009257 14.49230675883145 328.5
5875 -2.278415394009257 14.49230675883145 333.25
5876 -2.278415394009257 14.49230675883145 338
5877 -2.278415394009257 14.49230675883145 342.75
5878 -2.278415394009257 14.49230675883145 347.5
5879 -2.278415394009257 14.49230675883145 352.25
5880 -2.278415394009257 14.49230675883145 357
5881 -2.278415394009257 14.49230675883145 361.75
5882 -2.278415394009257 14.49230675883145 366.5
5883 -2.278415394009257 14.49230675883145 371.25
5884 -2.278415394009257 14.49230675883145 376
5885 -2.278415394009257 14.49230675883145 380.75
5886 -2.278415394009257 14.49230675883145 385.5
5887 -2.278415394009257 14.49230675883145 390.25
5888 -2.278415394009257 14.49230675883145 395
5889 -2.278415394009257 14.49230675883145 399.75
5890 7.575888240161373 9.741227422855252 219.25
5891 7.575888240161373 9.741227422855252 224
5892 7.575888240161373 9.741227422855252 228.75
5893 7.575888240161373 9.741227422855252 233.5
5894 7.575888240161373 9.741227422855252 238.25
5895 7.575888240161373 9.741227422855252 243
5896 7.575888240161373 9.741227422855252 247.75
5897 7.575888240161373 9.741227422855252 252.5
5898 7.575888240161373 9.741227422855252 257.25
5899 7.575888240161373 9.741227422855252 262
5900 7.575888240161373 9.741227422855252 266.75
5901 7.575888240161373 9.741227422855252 271.5
5902 7.575888240161373 9.741227422855252 276.25
5903 7.575888240161373 9.741227422855252 281
5904 7.575888240161373 9.741227422855252 285.75
5905 7.575888240161373 9.741227422855252 290.5
5906 7.575888240161373 9.741227422855252 295.25
5907 7.575888240161373 9.741227422855252 300
5908 7.575888240161373 9.741227422855252 304.75
5909 7.575888240161373 9.741227422855252 309.5
5910 7.575888240161373 9.741227422855252 314.25
5911 7.575888240161373 9.741227422855252 319
5912 7.575888240161373 9.741227422855252 323.75
5913 7.575888240161373 9.741227422855252 328.5
5914 7.575888240161373 9.741227422855252 333.25
5915 7.575888240161373 9.741227422855252 338
5916 7.575888240161373 9.741227422855252 342.75
5917 7.575888240161373 9.741227422855252 347.5
5918 7.575888240161373 9.741227422855252 352.25
5919 7.575888240161373 9.741227422855252 357
5920 7.575888240161373 9.741227422855252 361.75
5921 7.575888240161373 9.741227422855252 366.5
5922 7.575888240161373 9.741227422855252 371.25
5923 7.575888240161373 9.741227422855252 376
5924 7.575888240161373 9.741227422855252 380.75
5925 7.575888240161373 9.741227422855252 385.5
5926 7.575888240161373 9.741227422855252 390.25
5927 7.575888240161373 9.741227422855252 395
5928 7.575888240161373 9.741227422855252 399.75
5929 -12.60392507738939 7.583302286433548 219.25
5930 -12.60392507738939 7.583302286433548 224
5931 -12.60392507738939 7.583302286433548 228.75
5932 -12.60392507738939 7.583302286433548 233.5
5933 -12.60392507738939 7.583302286433548 238.25
5934 -12.60392507738939 7.583302286433548 243
5935 -12.60392507738939 7.583302286433548 247.75
5936 -12.60392507738939 7.583302286433548 252.5
5937 -12.60392507738939 7.583302286433548 257.25
5938 -12.60392507738939 7.583302286433548 262
5939 -12.60392507738939 7.583302286433548 266.75
5940 -12.60392507738939 7.583302286433548 271.5
5941 -12.60392507738939 7.583302286433548 276.25
5942 -12.60392507738939 7.583302286433548 281
5943 -12.60392507738939 7.583302286433548 285.75
5944 -12.60392507738939 7.583302286433548 290.5
5945 -12.60392507738939 7.583302286433548 295.25
5946 -12.60392507738939 7.583302286433548 300
5947 -12.60392507738939 7.583302286433548 304.75
5948 -12.60392507738939 7.583302286433548 309.5
5949 -12.60392507738939 7.583302286433548 314.25
5950 -12.60392507738939 7.583302286433548 319
5951 -12.60392507738939 7.583302286433548 323.75
5952 -12.60392507738939 7.583302286433548 328.5
5953 -12.60392507738939 7.583302286433548 333.25
5954 -12.60392507738939 7.583302286433548 338
5955 -12.60392507738939 7.583302286433548 342.75
5956 -12.60392507738939 7.583302286433548 347.5
5957 -12.60392507738939 7.583302286433548 352.25
5958 -12.60392507738939 7.583302286433548 357
5959 -12.60392507738939 7.583302286433548 361.75
5960 -12.60392507738939 7.583302286433548 366.5
5961 -12.60392507738939 7.583302286433548 371.25
5962 -12.60392507738939 7.583302286433548 376
5963 -12.60392507738939 7.583302286433548 380.75
5964 -12.60392507738939 7.583302286433548 385.5
5965 -12.60392507738939 7.583302286433548 390.25
5966 -12.60392507738939 7.583302286433548 395
5967 -12.60392507738939 7.583302286433548 399.75
5968 -7.716940177929303 -5.670116731482193 219.25
5969 -7.716940177929303 -5.670116731482193 224
5970 -7.716940177929303 -5.670116731482193 228.75
5971 -7.716940177929303 -5.670116731482193 233.5
5972 -7.716940177929303 -5.670116731482193 238.25
5973 -7.716940177929303 -5.670116731482193 243
5974 -7.716940177929303 -5.670116731482193 247.75
5975 -7.716940177929303 -5.670116731482193 252.5
5976 -7.716940177929303 -5.670116731482193 257.25
5977 -7.716940177929303 -5.670116731482193 262
5978 -7.716940177929303 -5.670116731482193 266.75
5979 -7.716940177929303 -5.670116731482193 271.5
5980 -7.716940177929303 -5.670116731482193 276.25
5981 -7.716940177929303 -5.670116731482193 281
5982 -7.716940177929303 -5.670116731482193 285.75
5983 -7.716940177929303 -5.670116731482193 290.5
5984 -7.716940177929303 -5.670116731482193 295.25
5985 -7.716940177929303 -5.670116731482193 300
5986 -7.716940177929303 -5.670116731482193 304.75
5987 -7.716940177929303 -5.670116731482193 309.5
5988 -7.716940177929303 -5.670116731482193 314.25
5989 -7.716940177929303 -5.670116731482193 319
5990 -7.716940177929303 -5.670116731482193 323.75
5991 -7.716940177929303 -5.670116731482193 328.5
5992 -7.716940177929303 -5.670116731482193 333.25
5993 -7.716940177929303 -5.670116731482193 338
5994 -7.716940177929303 -5.670116731482193 342.75
5995 -7.716940177929303 -5.670116731482193 347.5
5996 -7.716940177929303 -5.670116731482193 352.25
5997 -7.716940177929303 -5.670116731482193 357
5998 -7.716940177929303 -5.670116731482193 361.75
5999 -7.716940177929303 -5.670116731482193 366.5
6000 -7.716940177929303 -5.670116731482193 371.25
6001 -7.716940177929303 -5.670116731482193 376
6002 -7.716940177929303 -5.670116731482193 380.75
6003 -7.716940177929303 -5.670116731482193 385.5
6004 -7.716940177929303 -5.670116731482193 390.25
6005 -7.716940177929303 -5.670116731482193 395
6006 -7.716940177929303 -5.670116731482193 399.75
6007 1.183645863594024 -13.79302461187124 219.25
6008 1.183645863594024 -13.79302461187124 224
6009 1.183645863594024 -13.79302461187124 228.75
6010 1.183645863594024 -13.79302461187124 233.5
6011 1.183645863594024 -13.79302461187124 238.25
6012 1.183645863594024 -13.79302461187124 243
6013 1.183645863594024 -13.79302461187124 247.75
6014 1.183645863594024 -13.79302461187124 252.5
6015 1.183645863594024 -13.79302461187124 257.25
6016 1.183645863594024 -13.79302461187124 262
6017 1.183645863594024 -13.79302461187124 266.75
6018 1.183645863594024 -13.79302461187124 271.5
6019 1.183645863594024 -13.79302461187124 276.25
6020 1.183645863594024 -13.79302461187124 281
6021 1.183645863594024 -13.79302461187124 285.75
6022 1.183645863594024 -13.79302461187124 290.5
6023 1.183645863594024 -13.79302461187124 295.25
6024 1.183645863594024 -13.79302461187124 300
6025 1.183645863594024 -13.79302461187124 304.75
6026 1.183645863594024 -13.79302461187124 309.5
6027 1.183645863594024 -13.79302461187124 314.25
6028 1.183645863594024 -13.79302461187124 319
6029 1.183645863594024 -13.79302461187124 323.75
6030 1.183645863594024 -13.79302461187124 328.5
6031 1.183645863594024 -13.79302461187124 333.25
6032 1.183645863594024 -13.79302461187124 338
6033 1.183645863594024 -13.79302461187124 342.75
6034 1.183645863594024 -13.79302461187124 347.5
6035 1.183645863594024 -13.79302461187124 352.25
6036 1.183645863594024 -13.79302461187124 357
6037 1.183645863594024 -13.79302461187124 361.75
6038 1.183645863594024 -13.79302461187124 366.5
6039 1.183645863594024 -13.79302461187124 371.25
6040 1.183645863594024 -13.79302461187124 376
6041 1.183645863594024 -13.79302461187124 380.75
6042 1.183645863594024 -13.79302461187124 385.5
6043 1.183645863594024 -13.79302461187124 390.25
6044 1.183645863594024 -13.79302461187124 395
6045 1.183645863594024 -13.79302461187124 399.75
6046 -7.569657615143476 10.56209381457361 219.25
6047 -7.569657615143476 10.56209381457361 224
6048 -7.569657615143476 10.56209381457361 228.75
6049 -7.569657615143476 10.56209381457361 233.5
6050 -7.569657615143476 10.56209381457361 238.25
6051 -7.569657615143476 10.56209381457361 243
6052 -7.569657615143476 10.56209381457361 247.75
6053 -7.569657615143476 10.56209381457361 252.5
6054 -7.569657615143476 10.56209381457361 257.25
6055 -7.569657615143476 10.56209381457361 262
6056 -7.569657615143476 10.56209381457361 266.75
6057 -7.569657615143476 10.56209381457361 271.5
6058 -7.569657615143476 10.56209381457361 276.25
6059 -7.569657615143476 10.56209381457361 281
6060 -7.569657615143476 10.56209381457361 285.75
6061 -7.569657615143476 10.56209381457361 290.5
6062 -7.569657615143476 10.56209381457361 295.25
6063 -7.569657615143476 10.56209381457361 300
6064 -7.569657615143476 10.56209381457361 304.75
6065 -7.569657615143476 10.56209381457361 309.5
6066 -7.569657615143476 10.56209381457361 314.25
6067 -7.569657615143476 10.56209381457361 319
6068 -7.569657615143476 10.56209381457361 323.75
6069 -7.569657615143476 10.56209381457361 328.5
6070 -7.569657615143476 10.56209381457361 333.25
6071 -7.569657615143476 10.56209381457361 338
6072 -7.569657615143476 10.56209381457361 342.75
6073 -7.569657615143476 10.56209381457361 347.5
6074 -7.569657615143476 10.56209381457361 352.25
6075 -7.569657615143476 10.56209381457361 357
6076 -7.569657615143476 10.56209381457361 361.75
6077 -7.569657615143476 10.56209381457361 366.5
6078 -7.569657615143476 10.56209381457361 371.25
6079 -7.569657615143476 10.56209381457361 376
6080 -7.569657615143476 10.56209381457361 380.75
6081 -7.569657615143476 10.56209381457361 385.5
6082 -7.569657615143476 10.56209381457361 390.25
6083 -7.569657615143476 10.56209381457361 395
6084 -7.569657615143476 10.56209381457361 399.75
6085 5.160731452809635 -3.865524792517423 219.25
6086 5.160731452809635 -3.865524792517423 224
6087 5.160731452809635 -3.865524792517423 228.75
6088 5.160731452809635 -3.865524792517423 233.5
6089 5.160731452809635 -3.865524792517423 238.25
6090 5.160731452809635 -3.865524792517423 243
6091 5.160731452809635 -3.865524792517423 247.75
6092 5.160731452809635 -3.865524792517423 252.5
6093 5.160731452809635 -3.865524792517423 257.25
6094 5.160731452809635 -3.865524792517423 262
6095 5.160731452809635 -3.865524792517423 266.75
6096 5.160731452809635 -3.865524792517423 271.5
6097 5.160731452809635 -3.865524792517423 276.25
6098 5.160731452809635 -3.865524792517423 281
6099 5.160731452809635 -3.865524792517423 285.75
6100 5.160731452809635 -3.865524792517423 290.5
6101 5.160731452809635 -3.865524792517423 295.25
6102 5.160731452809635 -3.865524792517423 300
6103 5.160731452809635 -3.865524792517423 304.75
6104 5.160731452809635 -3.865524792517423 309.5
6105 5.160731452809635 -3.865524792517423 314.25
6106 5.160731452809635 -3.865524792517423 319
6107 5.160731452809635 -3.865524792517423 323.75
6108 5.160731452809635 -3.865524792517423 328.5
6109 5.160731452809635 -3.865524792517423 333.25
6110 5.160731452809635 -3.865524792517423 338
6111 5.160731452809635 -3.865524792517423 342.75
6112 5.160731452809635 -3.865524792517423 347.5
6113 5.160731452809635 -3.865524792517423 352.25
6114 5.160731452809635 -3.865524792517423 357
6115 5.160731452809635 -3.865524792517423 361.75
6116 5.160731452809635 -3.865524792517423 366.5
6117 5.160731452809635 -3.865524792517423 371.25
6118 5.160731452809635 -3.865524792517423 376
6119 5.160731452809635 -3.865524792517423 380.75
6120 5.160731452809635 -3.865524792517423 385.5
6121 5.160731452809635 -3.865524792517423 390.25
6122 5.160731452809635 -3.865524792517423 395
6123 5.160731452809635 -3.865524792517423 399.75
6124 -12.51150205976542 2.579345919803289 219.25
6125 -12.51150205976542 2.579345919803289 224
6126 -12.51150205976542 2.579345919803289 228.75
6127 -12.51150205976542 2.579345919803289 233.5
6128 -12.51150205976542 2.579345919803289 238.25
6129 -12.51150205976542 2.579345919803289 243
6130 -12.51150205976542 2.579345919803289 247.75
6131 -12.51150205976542 2.579345919803289 252.5
6132 -12.51150205976542 2.579345919803289 257.25
6133 -12.51150205976542 2.579345919803289 262
6134 -12.51150205976542 2.579345919803289 266.75
6135 -12.51150205976542 2.579345919803289 271.5
6136 -12.51150205976542 2.579345919803289 276.25
6137 -12.51150205976542 2.579345919803289 281
6138 -12.51150205976542 2.579345919803289 285.75
6139 -12.51150205976542 2.579345919803289 290.5
6140 -12.51150205976542 2.579345919803289 295.25
6141 -12.51150205976542 2.579345919803289 300
6142 -12.51150205976542 2.579345919803289 304.75
6143 -12.51150205976542 2.579345919803289 309.5
6144 -12.51150205976542 2.579345919803289 314.25
6145 -12.51150205976542 2.579345919803289 319
6146 -12.51150205976542 2.579345919803289 323.75
6147 -12.51150205976542 2.579345919803289 328.5
6148 -12.51150205976542 2.579345919803289 333.25
6149 -12.51150205976542 2.579345919803289 338
6150 -12.51150205976542 2.579345919803289 342.75
6151 -12.51150205976542 2.579345919803289 347.5
6152 -12.51150205976542 2.579345919803289 352.25
6153 -12.51150205976542 2.579345919803289 357
6154 -12.51150205976542 2.579345919803289 361.75
6155 -12.51150205976542 2.579345919803289 366.5
6156 -12.51150205976542 2.579345919803289 371.25
6157 -12.51150205976542 2.579345919803289 376
6158 -12.51150205976542 2.579345919803289 380.75
6159 -12.51150205976542 2.579345919803289 385.5
6160 -12.51150205976542 2.579345919803289 390.25
6161 -12.51150205976542 2.579345919803289 395
6162 -12.51150205976542 2.579345919803289 399.75
6163 -7.466260867330856 5.793374932375399 219.25
6164 -7.466260867330856 5.793374932375399 224
6165 -7.466260867330856 5.793374932375399 228.75
6166 -7.466260867330856 5.793374932375399 233.5
6167 -7.466260867330856 5.793374932375399 238.25
6168 -7.466260867330856 5.793374932375399 243
6169 -7.466260867330856 5.793374932375399 247.75
6170 -7.466260867330856 5.793374932375399 252.5
6171 -7.466260867330856 5.793374932375399 257.25
6172 -7.466260867330856 5.793374932375399 262
6173 -7.466260867330856 5.793374932375399 266.75
6174 -7.466260867330856 5.793374932375399 271.5
6175 -7.466260867330856 5.793374932375399 276.25
6176 -7.466260867330856 5.793374932375399 281
6177 -7.466260867330856 5.793374932375399 285.75
6178 -7.466260867330856 5.793374932375399 290.5
6179 -7.466260867330856 5.793374932375399 295.25
6180 -7.466260867330856 5.793374932375399 300
6181 -7.466260867330856 5.793374932375399 304.75
6182 -7.466260867330856 5.793374932375399 309.5
6183 -7.466260867330856 5.793374932375399 314.25
6184 -7.466260867330856 5.793374932375399 319
6185 -7.466260867330856 5.793374932375399 323.75
6186 -7.466260867330856 5.793374932375399 328.5
6187 -7.466260867330856 5.793374932375399 333.25
6188 -7.466260867330856 5.793374932375399 338
6189 -7.466260867330856 5.793374932375399 342.75
6190 -7.466260867330856 5.793374932375399 347.5
6191 -7.466260867330856 5.793374932375399 352.25
6192 -7.466260867330856 5.793374932375399 357
6193 -7.466260867330856 5.793374932375399 361.75
6194 -7.466260867330856 5.793374932375399 366.5
6195 -7.466260867330856 5.793374932375399 371.25
6196 -7.466260867330856 5.793374932375399 376
6197 -7.466260867330856 5.793374932375399 380.75
6198 -7.466260867330856 5.793374932375399 385.5
6199 -7.466260867330856 5.793374932375399 390.25
6200 -7.466260867330856 5.793374932375399 395
6201 -7.466260867330856 5.793374932375399 399.75
6202 -2.198803314333113 3.281080686093885 219.25
6203 -2.198803314333113 3.281080686093885 224
6204 -2.198803314333113 3.281080686093885 228.75
6205 -2.198803314333113 3.281080686093885 233.5
6206 -2.198803314333113 3.281080686093885 238.25
6207 -2.198803314333113 3.281080686093885 243
6208 -2.198803314333113 3.281080686093885 247.75
6209 -2.198803314333113 3.281080686093885 252.5
6210 -2.198803314333113 3.281080686093885 257.25
6211 -2.198803314333113 3.281080686093885 262
6212 -2.198803314333113 3.281080686093885 266.75
6213 -2.198803314333113 3.281080686093885 271.5
6214 -2.198803314333113 3.281080686093885 276.25
6215 -2.198803314333113 3.281080686093885 281
6216 -2.198803314333113 3.281080686093885 285.75
6217 -2.198803314333113 3.281080686093885 290.5
6218 -2.198803314333113 3.281080686093885 295.25
6219 -2.198803314333113 3.281080686093885 300
6220 -2.198803314333113 3.281080686093885 304.75
6221 -2.198803314333113 3.281080686093885 309.5
6222 -2.198803314333113 3.281080686093885 314.25
6223 -2.198803314333113 3.281080686093885 319
6224 -2.198803314333113 3.281080686093885 323.75
6225 -2.198803314333113 3.281080686093885 328.5
6226 -2.198803314333113 3.281080686093885 333.25
6227 -2.198803314333113 3.281080686093885 338
6228 -2.198803314333113 3.281080686093885 342.75
6229 -2.198803314333113 3.281080686093885 347.5
6230 -2.198803314333113 3.281080686093885 352.25
6231 -2.198803314333113 3.281080686093885 357
6232 -2.198803314333113 3.281080686093885 361.75
6233 -2.198803314333113 3.281080686093885 366.5
6234 -2.198803314333113 3.281080686093885 371.25
6235 -2.198803314333113 3.281080686093885 376
6236 -2.198803314333113 3.281080686093885 380.75
6237 -2.198803314333113 3.281080686093885 385.5
6238 -2.198803314333113 3.281080686093885 390.25
6239 -2.198803314333113 3.281080686093885 395
6240 -2.198803314333113 3.281080686093885 399.75
6241 -12.43304198060404 -2.652370067548164 219.25
6242 -12.43304198060404 -2.652370067548164 224
6243 -12.43304198060404 -2.652370067548164 228.75
6244 -12.43304198060404 -2.652370067548164 233.5
6245 -12.43304198060404 -2.652370067548164 238.25
6246 -12.43304198060404 -2.652370067548164 243
6247 -12.43304198060404 -2.652370067548164 247.75
6248 -12.43304198060404 -2.652370067548164 252.5
6249 -12.43304198060404 -2.652370067548164 257.25
6250 -12.43304198060404 -2.652370067548164 262
6251 -12.43304198060404 -2.652370067548164 266.75
6252 -12.43304198060404 -2.652370067548164 271.5
6253 -12.43304198060404 -2.652370067548164 276.25
6254 -12.43304198060404 -2.652370067548164 281
6255 -12.43304198060404 -2.652370067548164 285.75
6256 -12.43304198060404 -2.652370067548164 290.5
6257 -12.43304198060404 -2.652370067548164 295.25
6258 -12.43304198060404 -2.652370067548164 300
6259 -12.43304198060404 -2.652370067548164 304.75
6260 -12.43304198060404 -2.652370067548164 309.5
6261 -12.43304198060404 -2.652370067548164 314.25
6262 -12.43304198060404 -2.652370067548164 319
6263 -12.43304198060404 -2.652370067548164 323.75
6264 -12.43304198060404 -2.652370067548164 328.5
6265 -12.43304198060404 -2.652370067548164 333.25
6266 -12.43304198060404 -2.652370067548164 338
6267 -12.43304198060404 -2.652370067548164 342.75
6268 -12.43304198060404 -2.652370067548164 347.5
6269 -12.43304198060404 -2.652370067548164 352.25
6270 -12.43304198060404 -2.652370067548164 357
6271 -12.43304198060404 -2.652370067548164 361.75
6272 -12.43304198060404 -2.652370067548164 366.5
6273 -12.43304198060404 -2.652370067548164 371.25
6274 -12.43304198060404 -2.652370067548164 376
6275 -12.43304198060404 -2.652370067548164 380.75
6276 -12.43304198060404 -2.652370067548164 385.5
6277 -12.43304198060404 -2.652370067548164 390.25
6278 -12.43304198060404 -2.652370067548164 395
6279 -12.43304198060404 -2.652370067548164 399.75
6280 -7.277480355571426 0.03383961336109246 219.25
6281 -7.277480355571426 0.03383961336109246 224
6282 -7.277480355571426 0.03383961336109246 228.75
6283 -7.277480355571426 0.03383961336109246 233.5
6284 -7.277480355571426 0.03383961336109246 238.25
6285 -7.277480355571426 0.03383961336109246 243
6286 -7.277480355571426 0.03383961336109246 247.75
6287 -7.277480355571426 0.03383961336109246 252.5
6288 -7.277480355571426 0.03383961336109246 257.25
6289 -7.277480355571426 0.03383961336109246 262
6290 -7.277480355571426 0.03383961336109246 266.75
6291 -7.277480355571426 0.03383961336109246 271.5
6292 -7.277480355571426 0.03383961336109246 276.25
6293 -7.277480355571426 0.03383961336109246 281
6294 -7.277480355571426 0.03383961336109246 285.75
6295 -7.277480355571426 0.03383961336109246 290.5
6296 -7.277480355571426 0.03383961336109246 295.25
6297 -7.277480355571426 0.03383961336109246 300
6298 -7.277480355571426 0.03383961336109246 304.75
6299 -7.277480355571426 0.03383961336109246 309.5
6300 -7.277480355571426 0.03383961336109246 314.25
6301 -7.277480355571426 0.03383961336109246 319
6302 -7.277480355571426 0.03383961336109246 323.75
6303 -7.277480355571426 0.03383961336109246 328.5
6304 -7.277480355571426 0.03383961336109246 333.25
6305 -7.277480355571426 0.03383961336109246 338
6306 -7.277480355571426 0.03383961336109246 342.75
6307 -7.277480355571426 0.03383961336109246 347.5
6308 -7.277480355571426 0.03383961336109246 352.25
6309 -7.277480355571426 0.03383961336109246 357
6310 -7.277480355571426 0.03383961336109246 361.75
6311 -7.277480355571426 0.03383961336109246 366.5
6312 -7.277480355571426 0.03383961336109246 371.25
6313 -7.277480355571426 0.03383961336109246 376
6314 -7.277480355571426 0.03383961336109246 380.75
6315 -7.277480355571426 0.03383961336109246 385.5
6316 -7.277480355571426 0.03383961336109246 390.25
6317 -7.277480355571426 0.03383961336109246 395
6318 -7.277480355571426 0.03383961336109246 399.75
$EndNodes
$Elements
12460
1 2 3 2 1 0 812 4 46
2 2 3 2 1 0 45 4 812
3 2 3 2 1 0 813 52 53
4 2 3 2 1 0 813 817 819
5 2 3 2 1 0 819 817 51
6 2 3 2 1 0 819 6 52
7 2 3 2 1 0 52 813 819
8 2 3 2 1 0 51 6 819
9 2 3 2 1 0 824 814 813
10 2 3 2 1 0 825 49 50
11 2 3 2 1 0 820 1 37
12 2 3 2 1 0 821 818 814
13 2 3 2 1 0 816 818 821
14 2 3 2 1 0 38 39 822
15 2 3 2 1 0 824 813 53
16 2 3 2 1 0 53 54 824
17 2 3 2 1 0 827 47 48
18 2 3 2 1 0 46 47 828
19 2 3 2 1 0 42 3 831
20 2 3 2 1 0 821 814 824
21 2 3 2 1 0 820 821 824
22 2 3 2 1 0 816 822 823
23 2 3 2 1 0 50 51 825
24 2 3 2 1 0 825 51 817
25 2 3 2 1 0 825 817 815
26 2 3 2 1 0 826 815 811
27 2 3 2 1 0 812 46 828
28 2 3 2 1 0 829 40 41
29 2 3 2 1 0 822 829 823
30 2 3 2 1 0 2 40 829
31 2 3 2 1 0 830 821 820
32 2 3 2 1 0 830 38 822
33 2 3 2 1 0 830 816 821
34 2 3 2 1 0 822 816 830
35 2 3 2 1 0 831 3 43
36 2 3 2 1 0 827 48 5
37 2 3 2 1 0 812 828 832
38 2 3 2 1 0 832 826 811
39 2 3 2 1 0 827 5 833
40 2 3 2 1 0 833 5 49
41 2 3 2 1 0 41 42 834
42 2 3 2 1 0 834 42 831
43 2 3 2 1 0 828 47 827
44 2 3 2 1 0 828 827 826
45 2 3 2 1 0 828 826 832
46 2 3 2 1 0 833 49 825
47 2 3 2 1 0 815 833 825
48 2 3 2 1 0 833 815 826
49 2 3 2 1 0 826 827 833
50 2 3 2 1 0 835 811 815
51 2 3 2 1 0 818 811 835
52 2 3 2 1 0 831 836 837
53 2 3 2 1 0 43 44 836
54 2 3 2 1 0 836 831 43
55 2 3 2 1 0 816 823 838
56 2 3 2 1 0 838 823 837
57 2 3 2 1 0 834 829 41
58 2 3 2 1 0 823 829 834
59 2 3 2 1 0 834 837 823
60 2 3 2 1 0 834 831 837
61 2 3 2 1 0 835 813 814
62 2 3 2 1 0 814 818 835
63 2 3 2 1 0 817 813 835
64 2 3 2 1 0 815 817 835
65 2 3 2 1 0 45 812 839
66 2 3 2 1 0 837 836 840
67 2 3 2 1 0 44 45 839
68 2 3 2 1 0 839 836 44
69 2 3 2 1 0 840 832 811
70 2 3 2 1 0 811 818 838
71 2 3 2 1 0 811 838 840
72 2 3 2 1 0 838 818 816
73 2 3 2 1 0 838 837 840
74 2 3 2 1 0 832 839 812
75 2 3 2 1 0 839 832 840
76 2 3 2 1 0 840 836 839
77 2 3 2 1 0 54 1 820
78 2 3 2 1 0 820 824 54
79 2 3 2 1 0 830 37 38
80 2 3 2 1 0 820 37 830
81 2 3 2 1 0 39 2 829
82 2 3 2 1 0 829 822 39
83 2 3 1 167 0 2960 34 568
84 2 3 1 167 0 567 34 2960
85 2 3 1 167 0 2961 574 575
86 2 3 1 167 0 2961 2965 2967
87 2 3 1 167 0 2967 2965 573
88 2 3 1 167 0 2967 36 574
89 2 3 1 167 0 574 2961 2967
90 2 3 1 167 0 573 36 2967
91 2 3 1 167 0 2972 2962 2961
92 2 3 1 167 0 2973 571 572
93 2 3 1 167 0 2968 31 559
94 2 3 1 167 0 2969 2966 2962
95 2 3 1 167 0 2964 2966 2969
96 2 3 1 167 0 560 561 2970
97 2 3 1 167 0 2972 2961 575
98 2 3 1 167 0 575 576 2972
99 2 3 1 167 0 2975 569 570
100 2 3 1 167 0 568 569 2976
101 2 3 1 167 0 564 33 2979
102 2 3 1 167 0 2969 2962 2972
103 2 3 1 167 0 2968 2969 2972
104 2 3 1 167 0 2964 2970 2971
105 2 3 1 167 0 572 573 2973
106 2 3 1 167 0 2973 573 2965
107 2 3 1 167 0 2973 2965 2963
108 2 3 1 167 0 2974 2963 2959
109 2 3 1 167 0 2960 568 2976
110 2 3 1 167 0 2977 562 563
111 2 3 1 167 0 2970 2977 2971
112 2 3 1 167 0 32 562 2977
113 2 3 1 167 0 2978 2969 2968
114 2 3 1 167 0 2978 560 2970
115 2 3 1 167 0 2978 2964 2969
116 2 3 1 167 0 2970 2964 2978
117 2 3 1 167 0 2979 33 565
118 2 3 1 167 0 2975 570 35
119 2 3 1 167 0 2960 2976 2980
120 2 3 1 167 0 2980 2974 2959
121 2 3 1 167 0 2975 35 2981
122 2 3 1 167 0 2981 35 571
123 2 3 1 167 0 563 564 2982
124 2 3 1 167 0 2982 564 2979
125 2 3 1 167 0 2976 569 2975
126 2 3 1 167 0 2976 2975 2974
127 2 3 1 167 0 2976 2974 2980
128 2 3 1 167 0 2981 571 2973
129 2 3 1 167 0 2963 2981 2973
130 2 3 1 167 0 2981 2963 2974
131 2 3 1 167 0 2974 2975 2981
132 2 3 1 167 0 2983 2959 2963
133 2 3 1 167 0 2966 2959 2983
134 2 3 1 167 0 2979 2984 2985
135 2 3 1 167 0 565 566 2984
136 2 3 1 167 0 2984 2979 565
137 2 3 1 167 0 2964 2971 2986
138 2 3 1 167 0 2986 2971 2985
139 2 3 1 167 0 2982 2977 563
140 2 3 1 167 0 2971 2977 2982
141 2 3 1 167 0 2982 2985 2971
142 2 3 1 167 0 2982 2979 2985
143 2 3 1 167 0 2983 2961 2962
144 2 3 1 167 0 2962 2966 2983
145 2 3 1 167 0 2965 2961 2983
146 2 3 1 167 0 2963 2965 2983
147 2 3 1 167 0 567 2960 2987
148 2 3 1 167 0 2985 2984 2988
149 2 3 1 167 0 566 567 2987
150 2 3 1 167 0 2987 2984 566
151 2 3 1 167 0 2988 2980 2959
152 2 3 1 167 0 2959 2966 2986
153 2 3 1 167 0 2959 2986 2988
154 2 3 1 167 0 2986 2966 2964
155 2 3 1 167 0 2986 2985 2988
156 2 3 1 167 0 2980 2987 2960
157 2 3 1 167 0 2987 2980 2988
158 2 3 1 167 0 2988 2984 2987
159 2 3 1 167 0 576 31 2968
160 2 3 1 167 0 2968 2972 576
161 2 3 1 167 0 2978 559 560
162 2 3 1 167 0 2968 559 2978
163 2 3 1 167 0 561 32 2977
164 2 3 1 167 0 2977 2970 561
165 3 3 4 18 0 1 37 841 73
166 3 3 4 18 0 73 841 842 74
167 3 3 4 18 0 74 842 843 75
168 3 3 4 18 0 75 843 844 76
169 3 3 4 18 0 76 844 845 77
170 3 3 4 18 0 77 845 846 78
171 3 3 4 18 0 78 846 847 79
172 3 3 4 18 0 79 847 848 80
173 3 3 4 18 0 80 848 849 81
174 3 3 4 18 0 81 849 850 82
175 3 3 4 18 0 82 850 851 83
176 3 3 4 18 0 83 851 852 84
177 3 3 4 18 0 84 852 853 85
178 3 3 4 18 0 85 853 854 86
179 3 3 4 18 0 86 854 855 87
180 3 3 4 18 0 87 855 856 88
181 3 3 4 18 0 88 856 857 89
182 3 3 4 18 0 89 857 858 90
183 3 3 4 18 0 90 858 859 91
184 3 3 4 18 0 91 859 860 92
185 3 3 4 18 0 92 860 861 93
186 3 3 4 18 0 93 861 862 94
187 3 3 4 18 0 94 862 863 95
188 3 3 4 18 0 95 863 864 96
189 3 3 4 18 0 96 864 865 97
190 3 3 4 18 0 97 865 866 98
191 3 3 4 18 0 98 866 867 99
192 3 3 4 18 0 99 867 868 100
193 3 3 4 18 0 100 868 869 101
194 3 3 4 18 0 101 869 870 102
195 3 3 4 18 0 102 870 871 103
196 3 3 4 18 0 103 871 872 104
197 3 3 4 18 0 104 872 873 105
198 3 3 4 18 0 105 873 874 106
199 3 3 4 18 0 106 874 875 107
200 3 3 4 18 0 107 875 876 108
201 3 3 4 18 0 108 876 877 109
202 3 3 4 18 0 109 877 878 110
203 3 3 4 18 0 110 878 879 111
204 3 3 4 18 0 111 879 55 7
205 3 3 4 18 0 37 38 880 841
206 3 3 4 18 0 841 880 881 842
207 3 3 4 18 0 842 881 882 843
208 3 3 4 18 0 843 882 883 844
209 3 3 4 18 0 844 883 884 845
210 3 3 4 18 0 845 884 885 846
211 3 3 4 18 0 846 885 886 847
212 3 3 4 18 0 847 886 887 848
213 3 3 4 18 0 848 887 888 849
214 3 3 4 18 0 849 888 889 850
215 3 3 4 18 0 850 889 890 851
216 3 3 4 18 0 851 890 891 852
217 3 3 4 18 0 852 891 892 853
218 3 3 4 18 0 853 892 893 854
219 3 3 4 18 0 854 893 894 855
220 3 3 4 18 0 855 894 895 856
221 3 3 4 18 0 856 895 896 857
222 3 3 4 18 0 857 896 897 858
223 3 3 4 18 0 858 897 898 859
224 3 3 4 18 0 859 898 899 860
225 3 3 4 18 0 860 899 900 861
226 3 3 4 18 0 861 900 901 862
227 3 3 4 18 0 862 901 902 863
228 3 3 4 18 0 863 902 903 864
229 3 3 4 18 0 864 903 904 865
230 3 3 4 18 0 865 904 905 866
231 3 3 4 18 0 866 905 906 867
232 3 3 4 18 0 867 906 907 868
233 3 3 4 18 0 868 907 908 869
234 3 3 4 18 0 869 908 909 870
235 3 3 4 18 0 870 909 910 871
236 3 3 4 18 0 871 910 911 872
237 3 3 4 18 0 872 911 912 873
238 3 3 4 18 0 873 912 913 874
239 3 3 4 18 0 874 913 914 875
240 3 3 4 18 0 875 914 915 876
241 3 3 4 18 0 876 915 916 877
242 3 3 4 18 0 877 916 917 878
243 3 3 4 18 0 878 917 918 879
244 3 3 4 18 0 879 918 56 55
245 3 3 4 18 0 38 39 919 880
246 3 3 4 18 0 880 919 920 881
247 3 3 4 18 0 881 920 921 882
248 3 3 4 18 0 882 921 922 883
249 3 3 4 18 0 883 922 923 884
250 3 3 4 18 0 884 923 924 885
251 3 3 4 18 0 885 924 925 886
252 3 3 4 18 0 886 925 926 887
253 3 3 4 18 0 887 926 927 888
254 3 3 4 18 0 888 927 928 889
255 3 3 4 18 0 889 928 929 890
256 3 3 4 18 0 890 929 930 891
257 3 3 4 18 0 891 930 931 892
258 3 3 4 18 0 892 931 932 893
259 3 3 4 18 0 893 932 933 894
260 3 3 4 18 0 894 933 934 895
261 3 3 4 18 0 895 934 935 896
262 3 3 4 18 0 896 935 936 897
263 3 3 4 18 0 897 936 937 898
264 3 3 4 18 0 898 937 938 899
265 3 3 4 18 0 899 938 939 900
266 3 3 4 18 0 900 939 940 901
267 3 3 4 18 0 901 940 941 902
268 3 3 4 18 0 902 941 942 903
269 3 3 4 18 0 903 942 943 904
270 3 3 4 18 0 904 943 944 905
271 3 3 4 18 0 905 944 945 906
272 3 3 4 18 0 906 945 946 907
273 3 3 4 18 0 907 946 947 908
274 3 3 4 18 0 908 947 948 909
275 3 3 4 18 0 909 948 949 910
276 3 3 4 18 0 910 949 950 911
277 3 3 4 18 0 911 950 951 912
278 3 3 4 18 0 912 951 952 913
279 3 3 4 18 0 913 952 953 914
280 3 3 4 18 0 914 953 954 915
281 3 3 4 18 0 915 954 955 916
282 3 3 4 18 0 916 955 956 917
283 3 3 4 18 0 917 956 957 918
284 3 3 4 18 0 918 957 57 56
285 3 3 4 18 0 39 2 112 919
286 3 3 4 18 0 919 112 113 920
287 3 3 4 18 0 920 113 114 921
288 3 3 4 18 0 921 114 115 922
289 3 3 4 18 0 922 115 116 923
290 3 3 4 18 0 923 116 117 924
291 3 3 4 18 0 924 117 118 925
292 3 3 4 18 0 925 118 119 926
293 3 3 4 18 0 926 119 120 927
294 3 3 4 18 0 927 120 121 928
295 3 3 4 18 0 928 121 122 929
296 3 3 4 18 0 929 122 123 930
297 3 3 4 18 0 930 123 124 931
298 3 3 4 18 0 931 124 125 932
299 3 3 4 18 0 932 125 126 933
300 3 3 4 18 0 933 126 127 934
301 3 3 4 18 0 934 127 128 935
302 3 3 4 18 0 935 128 129 936
303 3 3 4 18 0 936 129 130 937
304 3 3 4 18 0 937 130 131 938
305 3 3 4 18 0 938 131 132 939
306 3 3 4 18 0 939 132 133 940
307 3 3 4 18 0 940 133 134 941
308 3 3 4 18 0 941 134 135 942
309 3 3 4 18 0 942 135 136 943
310 3 3 4 18 0 943 136 137 944
311 3 3 4 18 0 944 137 138 945
312 3 3 4 18 0 945 138 139 946
313 3 3 4 18 0 946 139 140 947
314 3 3 4 18 0 947 140 141 948
315 3 3 4 18 0 948 141 142 949
316 3 3 4 18 0 949 142 143 950
317 3 3 4 18 0 950 143 144 951
318 3 3 4 18 0 951 144 145 952
319 3 3 4 18 0 952 145 146 953
320 3 3 4 18 0 953 146 147 954
321 3 3 4 18 0 954 147 148 955
322 3 3 4 18 0 955 148 149 956
323 3 3 4 18 0 956 149 150 957
324 3 3 4 18 0 957 150 8 57
325 3 3 4 22 0 2 40 958 112
326 3 3 4 22 0 112 958 959 113
327 3 3 4 22 0 113 959 960 114
328 3 3 4 22 0 114 960 961 115
329 3 3 4 22 0 115 961 962 116
330 3 3 4 22 0 116 962 963 117
331 3 3 4 22 0 117 963 964 118
332 3 3 4 22 0 118 964 965 119
333 3 3 4 22 0 119 965 966 120
334 3 3 4 22 0 120 966 967 121
335 3 3 4 22 0 121 967 968 122
336 3 3 4 22 0 122 968 969 123
337 3 3 4 22 0 123 969 970 124
338 3 3 4 22 0 124 970 971 125
339 3 3 4 22 0 125 971 972 126
340 3 3 4 22 0 126 972 973 127
341 3 3 4 22 0 127 973 974 128
342 3 3 4 22 0 128 974 975 129
343 3 3 4 22 0 129 975 976 130
344 3 3 4 22 0 130 976 977 131
345 3 3 4 22 0 131 977 978 132
346 3 3 4 22 0 132 978 979 133
347 3 3 4 22 0 133 979 980 134
348 3 3 4 22 0 134 980 981 135
349 3 3 4 22 0 135 981 982 136
350 3 3 4 22 0 136 982 983 137
351 3 3 4 22 0 137 983 984 138
352 3 3 4 22 0 138 984 985 139
353 3 3 4 22 0 139 985 986 140
354 3 3 4 22 0 140 986 987 141
355 3 3 4 22 0 141 987 988 142
356 3 3 4 22 0 142 988 989 143
357 3 3 4 22 0 143 989 990 144
358 3 3 4 22 0 144 990 991 145
359 3 3 4 22 0 145 991 992 146
360 3 3 4 22 0 146 992 993 147
361 3 3 4 22 0 147 993 994 148
362 3 3 4 22 0 148 994 995 149
363 3 3 4 22 0 149 995 996 150
364 3 3 4 22 0 150 996 58 8
365 3 3 4 22 0 40 41 997 958
366 3 3 4 22 0 958 997 998 959
367 3 3 4 22 0 959 998 999 960
368 3 3 4 22 0 960 999 1000 961
369 3 3 4 22 0 961 1000 1001 962
370 3 3 4 22 0 962 1001 1002 963
371 3 3 4 22 0 963 1002 1003 964
372 3 3 4 22 0 964 1003 1004 965
373 3 3 4 22 0 965 1004 1005 966
374 3 3 4 22 0 966 1005 1006 967
375 3 3 4 22 0 967 1006 1007 968
376 3 3 4 22 0 968 1007 1008 969
377 3 3 4 22 0 969 1008 1009 970
378 3 3 4 22 0 970 1009 1010 971
379 3 3 4 22 0 971 1010 1011 972
380 3 3 4 22 0 972 1011 1012 973
381 3 3 4 22 0 973 1012 1013 974
382 3 3 4 22 0 974 1013 1014 975
383 3 3 4 22 0 975 1014 1015 976
384 3 3 4 22 0 976 1015 1016 977
385 3 3 4 22 0 977 1016 1017 978
386 3 3 4 22 0 978 1017 1018 979
387 3 3 4 22 0 979 1018 1019 980
388 3 3 4 22 0 980 1019 1020 981
389 3 3 4 22 0 981 1020 1021 982
390 3 3 4 22 0 982 1021 1022 983
391 3 3 4 22 0 983 1022 1023 984
392 3 3 4 22 0 984 1023 1024 985
393 3 3 4 22 0 985 1024 1025 986
394 3 3 4 22 0 986 1025 1026 987
395 3 3 4 22 0 987 1026 1027 988
396 3 3 4 22 0 988 1027 1028 989
397 3 3 4 22 0 989 1028 1029 990
398 3 3 4 22 0 990 1029 1030 991
399 3 3 4 22 0 991 1030 1031 992
400 3 3 4 22 0 992 1031 1032 993
401 3 3 4 22 0 993 1032 1033 994
402 3 3 4 22 0 994 1033 1034 995
403 3 3 4 22 0 995 1034 1035 996
404 3 3 4 22 0 996 1035 59 58
405 3 3 4 22 0 41 42 1036 997
406 3 3 4 22 0 997 1036 1037 998
407 3 3 4 22 0 998 1037 1038 999
408 3 3 4 22 0 999 1038 1039 1000
409 3 3 4 22 0 1000 1039 1040 1001
410 3 3 4 22 0 1001 1040 1041 1002
411 3 3 4 22 0 1002 1041 1042 1003
412 3 3 4 22 0 1003 1042 1043 1004
413 3 3 4 22 0 1004 1043 1044 1005
414 3 3 4 22 0 1005 1044 1045 1006
415 3 3 4 22 0 1006 1045 1046 1007
416 3 3 4 22 0 1007 1046 1047 1008
417 3 3 4 22 0 1008 1047 1048 1009
418 3 3 4 22 0 1009 1048 1049 1010
419 3 3 4 22 0 1010 1049 1050 1011
420 3 3 4 22 0 1011 1050 1051 1012
421 3 3 4 22 0 1012 1051 1052 1013
422 3 3 4 22 0 1013 1052 1053 1014
423 3 3 4 22 0 1014 1053 1054 1015
424 3 3 4 22 0 1015 1054 1055 1016
425 3 3 4 22 0 1016 1055 1056 1017
426 3 3 4 22 0 1017 1056 1057 1018
427 3 3 4 22 0 1018 1057 1058 1019
428 3 3 4 22 0 1019 1058 1059 1020
429 3 3 4 22 0 1020 1059 1060 1021
430 3 3 4 22 0 1021 1060 1061 1022
431 3 3 4 22 0 1022 1061 1062 1023
432 3 3 4 22 0 1023 1062 1063 1024
433 3 3 4 22 0 1024 1063 1064 1025
434 3 3 4 22 0 1025 1064 1065 1026
435 3 3 4 22 0 1026 1065 1066 1027
436 3 3 4 22 0 1027 1066 1067 1028
437 3 3 4 22 0 1028 1067 1068 1029
438 3 3 4 22 0 1029 1068 1069 1030
439 3 3 4 22 0 1030 1069 1070 1031
440 3 3 4 22 0 1031 1070 1071 1032
441 3 3 4 22 0 1032 1071 1072 1033
442 3 3 4 22 0 1033 1072 1073 1034
443 3 3 4 22 0 1034 1073 1074 1035
444 3 3 4 22 0 1035 1074 60 59
445 3 3 4 22 0 42 3 151 1036
446 3 3 4 22 0 1036 151 152 1037
447 3 3 4 22 0 1037 152 153 1038
448 3 3 4 22 0 1038 153 154 1039
449 3 3 4 22 0 1039 154 155 1040
450 3 3 4 22 0 1040 155 156 1041
451 3 3 4 22 0 1041 156 157 1042
452 3 3 4 22 0 1042 157 158 1043
453 3 3 4 22 0 1043 158 159 1044
454 3 3 4 22 0 1044 159 160 1045
455 3 3 4 22 0 1045 160 161 1046
456 3 3 4 22 0 1046 161 162 1047
457 3 3 4 22 0 1047 162 163 1048
458 3 3 4 22 0 1048 163 164 1049
459 3 3 4 22 0 1049 164 165 1050
460 3 3 4 22 0 1050 165 166 1051
461 3 3 4 22 0 1051 166 167 1052
462 3 3 4 22 0 1052 167 168 1053
463 3 3 4 22 0 1053 168 169 1054
464 3 3 4 22 0 1054 169 170 1055
465 3 3 4 22 0 1055 170 171 1056
466 3 3 4 22 0 1056 171 172 1057
467 3 3 4 22 0 1057 172 173 1058
468 3 3 4 22 0 1058 173 174 1059
469 3 3 4 22 0 1059 174 175 1060
470 3 3 4 22 0 1060 175 176 1061
471 3 3 4 22 0 1061 176 177 1062
472 3 3 4 22 0 1062 177 178 1063
473 3 3 4 22 0 1063 178 179 1064
474 3 3 4 22 0 1064 179 180 1065
475 3 3 4 22 0 1065 180 181 1066
476 3 3 4 22 0 1066 181 182 1067
477 3 3 4 22 0 1067 182 183 1068
478 3 3 4 22 0 1068 183 184 1069
479 3 3 4 22 0 1069 184 185 1070
480 3 3 4 22 0 1070 185 186 1071
481 3 3 4 22 0 1071 186 187 1072
482 3 3 4 22 0 1072 187 188 1073
483 3 3 4 22 0 1073 188 189 1074
484 3 3 4 22 0 1074 189 9 60
485 3 3 4 26 0 3 43 1075 151
486 3 3 4 26 0 151 1075 1076 152
487 3 3 4 26 0 152 1076 1077 153
488 3 3 4 26 0 153 1077 1078 154
489 3 3 4 26 0 154 1078 1079 155
490 3 3 4 26 0 155 1079 1080 156
491 3 3 4 26 0 156 1080 1081 157
492 3 3 4 26 0 157 1081 1082 158
493 3 3 4 26 0 158 1082 1083 159
494 3 3 4 26 0 159 1083 1084 160
495 3 3 4 26 0 160 1084 1085 161
496 3 3 4 26 0 161 1085 1086 162
497 3 3 4 26 0 162 1086 1087 163
498 3 3 4 26 0 163 1087 1088 164
499 3 3 4 26 0 164 1088 1089 165
500 3 3 4 26 0 165 1089 1090 166
501 3 3 4 26 0 166 1090 1091 167
502 3 3 4 26 0 167 1091 1092 168
503 3 3 4 26 0 168 1092 1093 169
504 3 3 4 26 0 169 1093 1094 170
505 3 3 4 26 0 170 1094 1095 171
506 3 3 4 26 0 171 1095 1096 172
507 3 3 4 26 0 172 1096 1097 173
508 3 3 4 26 0 173 1097 1098 174
509 3 3 4 26 0 174 1098 1099 175
510 3 3 4 26 0 175 1099 1100 176
511 3 3 4 26 0 176 1100 1101 177
512 3 3 4 26 0 177 1101 1102 178
513 3 3 4 26 0 178 1102 1103 179
514 3 3 4 26 0 179 1103 1104 180
515 3 3 4 26 0 180 1104 1105 181
516 3 3 4 26 0 181 1105 1106 182
517 3 3 4 26 0 182 1106 1107 183
518 3 3 4 26 0 183 1107 1108 184
519 3 3 4 26 0 184 1108 1109 185
520 3 3 4 26 0 185 1109 1110 186
521 3 3 4 26 0 186 1110 1111 187
522 3 3 4 26 0 187 1111 1112 188
523 3 3 4 26 0 188 1112 1113 189
524 3 3 4 26 0 189 1113 61 9
525 3 3 4 26 0 43 44 1114 1075
526 3 3 4 26 0 1075 1114 1115 1076
527 3 3 4 26 0 1076 1115 1116 1077
528 3 3 4 26 0 1077 1116 1117 1078
529 3 3 4 26 0 1078 1117 1118 1079
530 3 3 4 26 0 1079 1118 1119 1080
531 3 3 4 26 0 1080 1119 1120 1081
532 3 3 4 26 0 1081 1120 1121 1082
533 3 3 4 26 0 1082 1121 1122 1083
534 3 3 4 26 0 1083 1122 1123 1084
535 3 3 4 26 0 1084 1123 1124 1085
536 3 3 4 26 0 1085 1124 1125 1086
537 3 3 4 26 0 1086 1125 1126 1087
538 3 3 4 26 0 1087 1126 1127 1088
539 3 3 4 26 0 1088 1127 1128 1089
540 3 3 4 26 0 1089 1128 1129 1090
541 3 3 4 26 0 1090 1129 1130 1091
542 3 3 4 26 0 1091 1130 1131 1092
543 3 3 4 26 0 1092 1131 1132 1093
544 3 3 4 26 0 1093 1132 1133 1094
545 3 3 4 26 0 1094 1133 1134 1095
546 3 3 4 26 0 1095 1134 1135 1096
547 3 3 4 26 0 1096 1135 1136 1097
548 3 3 4 26 0 1097 1136 1137 1098
549 3 3 4 26 0 1098 1137 1138 1099
550 3 3 4 26 0 1099 1138 1139 1100
551 3 3 4 26 0 1100 1139 1140 1101
552 3 3 4 26 0 1101 1140 1141 1102
553 3 3 4 26 0 1102 1141 1142 1103
554 3 3 4 26 0 1103 1142 1143 1104
555 3 3 4 26 0 1104 1143 1144 1105
556 3 3 4 26 0 1105 1144 1145 1106
557 3 3 4 26 0 1106 1145 1146 1107
558 3 3 4 26 0 1107 1146 1147 1108
559 3 3 4 26 0 1108 1147 1148 1109
560 3 3 4 26 0 1109 1148 1149 1110
561 3 3 4 26 0 1110 1149 1150 1111
562 3 3 4 26 0 1111 1150 1151 1112
563 3 3 4 26 0 1112 1151 1152 1113
564 3 3 4 26 0 1113 1152 62 61
565 3 3 4 26 0 44 45 1153 1114
566 3 3 4 26 0 1114 1153 1154 1115
567 3 3 4 26 0 1115 1154 1155 1116
568 3 3 4 26 0 1116 1155 1156 1117
569 3 3 4 26 0 1117 1156 1157 1118
570 3 3 4 26 0 1118 1157 1158 1119
571 3 3 4 26 0 1119 1158 1159 1120
572 3 3 4 26 0 1120 1159 1160 1121
573 3 3 4 26 0 1121 1160 1161 1122
574 3 3 4 26 0 1122 1161 1162 1123
575 3 3 4 26 0 1123 1162 1163 1124
576 3 3 4 26 0 1124 1163 1164 1125
577 3 3 4 26 0 1125 1164 1165 1126
578 3 3 4 26 0 1126 1165 1166 1127
579 3 3 4 26 0 1127 1166 1167 1128
580 3 3 4 26 0 1128 1167 1168 1129
581 3 3 4 26 0 1129 1168 1169 1130
582 3 3 4 26 0 1130 1169 1170 1131
583 3 3 4 26 0 1131 1170 1171 1132
584 3 3 4 26 0 1132 1171 1172 1133
585 3 3 4 26 0 1133 1172 1173 1134
586 3 3 4 26 0 1134 1173 1174 1135
587 3 3 4 26 0 1135 1174 1175 1136
588 3 3 4 26 0 1136 1175 1176 1137
589 3 3 4 26 0 1137 1176 1177 1138
590 3 3 4 26 0 1138 1177 1178 1139
591 3 3 4 26 0 1139 1178 1179 1140
592 3 3 4 26 0 1140 1179 1180 1141
593 3 3 4 26 0 1141 1180 1181 1142
594 3 3 4 26 0 1142 1181 1182 1143
595 3 3 4 26 0 1143 1182 1183 1144
596 3 3 4 26 0 1144 1183 1184 1145
597 3 3 4 26 0 1145 1184 1185 1146
598 3 3 4 26 0 1146 1185 1186 1147
599 3 3 4 26 0 1147 1186 1187 1148
600 3 3 4 26 0 1148 1187 1188 1149
601 3 3 4 26 0 1149 1188 1189 1150
602 3 3 4 26 0 1150 1189 1190 1151
603 3 3 4 26 0 1151 1190 1191 1152
604 3 3 4 26 0 1152 1191 63 62
605 3 3 4 26 0 45 4 190 1153
606 3 3 4 26 0 1153 190 191 1154
607 3 3 4 26 0 1154 191 192 1155
608 3 3 4 26 0 1155 192 193 1156
609 3 3 4 26 0 1156 193 194 1157
610 3 3 4 26 0 1157 194 195 1158
611 3 3 4 26 0 1158 195 196 1159
612 3 3 4 26 0 1159 196 197 1160
613 3 3 4 26 0 1160 197 198 1161
614 3 3 4 26 0 1161 198 199 1162
615 3 3 4 26 0 1162 199 200 1163
616 3 3 4 26 0 1163 200 201 1164
617 3 3 4 26 0 1164 201 202 1165
618 3 3 4 26 0 1165 202 203 1166
619 3 3 4 26 0 1166 203 204 1167
620 3 3 4 26 0 1167 204 205 1168
621 3 3 4 26 0 1168 205 206 1169
622 3 3 4 26 0 1169 206 207 1170
623 3 3 4 26 0 1170 207 208 1171
624 3 3 4 26 0 1171 208 209 1172
625 3 3 4 26 0 1172 209 210 1173
626 3 3 4 26 0 1173 210 211 1174
627 3 3 4 26 0 1174 211 212 1175
628 3 3 4 26 0 1175 212 213 1176
629 3 3 4 26 0 1176 213 214 1177
630 3 3 4 26 0 1177 214 215 1178
631 3 3 4 26 0 1178 215 216 1179
632 3 3 4 26 0 1179 216 217 1180
633 3 3 4 26 0 1180 217 218 1181
634 3 3 4 26 0 1181 218 219 1182
635 3 3 4 26 0 1182 219 220 1183
636 3 3 4 26 0 1183 220 221 1184
637 3 3 4 26 0 1184 221 222 1185
638 3 3 4 26 0 1185 222 223 1186
639 3 3 4 26 0 1186 223 224 1187
640 3 3 4 26 0 1187 224 225 1188
641 3 3 4 26 0 1188 225 226 1189
642 3 3 4 26 0 1189 226 227 1190
643 3 3 4 26 0 1190 227 228 1191
644 3 3 4 26 0 1191 228 10 63
645 3 3 4 30 0 4 46 1192 190
646 3 3 4 30 0 190 1192 1193 191
647 3 3 4 30 0 191 1193 1194 192
648 3 3 4 30 0 192 1194 1195 193
649 3 3 4 30 0 193 1195 1196 194
650 3 3 4 30 0 194 1196 1197 195
651 3 3 4 30 0 195 1197 1198 196
652 3 3 4 30 0 196 1198 1199 197
653 3 3 4 30 0 197 1199 1200 198
654 3 3 4 30 0 198 1200 1201 199
655 3 3 4 30 0 199 1201 1202 200
656 3 3 4 30 0 200 1202 1203 201
657 3 3 4 30 0 201 1203 1204 202
658 3 3 4 30 0 202 1204 1205 203
659 3 3 4 30 0 203 1205 1206 204
660 3 3 4 30 0 204 1206 1207 205
661 3 3 4 30 0 205 1207 1208 206
662 3 3 4 30 0 206 1208 1209 207
663 3 3 4 30 0 207 1209 1210 208
664 3 3 4 30 0 208 1210 1211 209
665 3 3 4 30 0 209 1211 1212 210
666 3 3 4 30 0 210 1212 1213 211
667 3 3 4 30 0 211 1213 1214 212
668 3 3 4 30 0 212 1214 1215 213
669 3 3 4 30 0 213 1215 1216 214
670 3 3 4 30 0 214 1216 1217 215
671 3 3 4 30 0 215 1217 1218 216
672 3 3 4 30 0 216 1218 1219 217
673 3 3 4 30 0 217 1219 1220 218
674 3 3 4 30 0 218 1220 1221 219
675 3 3 4 30 0 219 1221 1222 220
676 3 3 4 30 0 220 1222 1223 221
677 3 3 4 30 0 221 1223 1224 222
678 3 3 4 30 0 222 1224 1225 223
679 3 3 4 30 0 223 1225 1226 224
680 3 3 4 30 0 224 1226 1227 225
681 3 3 4 30 0 225 1227 1228 226
682 3 3 4 30 0 226 1228 1229 227
683 3 3 4 30 0 227 1229 1230 228
684 3 3 4 30 0 228 1230 64 10
685 3 3 4 30 0 46 47 1231 1192
686 3 3 4 30 0 1192 1231 1232 1193
687 3 3 4 30 0 1193 1232 1233 1194
688 3 3 4 30 0 1194 1233 1234 1195
689 3 3 4 30 0 1195 1234 1235 1196
690 3 3 4 30 0 1196 1235 1236 1197
691 3 3 4 30 0 1197 1236 1237 1198
692 3 3 4 30 0 1198 1237 1238 1199
693 3 3 4 30 0 1199 1238 1239 1200
694 3 3 4 30 0 1200 1239 1240 1201
695 3 3 4 30 0 1201 1240 1241 1202
696 3 3 4 30 0 1202 1241 1242 1203
697 3 3 4 30 0 1203 1242 1243 1204
698 3 3 4 30 0 1204 1243 1244 1205
699 3 3 4 30 0 1205 1244 1245 1206
700 3 3 4 30 0 1206 1245 1246 1207
701 3 3 4 30 0 1207 1246 1247 1208
702 3 3 4 30 0 1208 1247 1248 1209
703 3 3 4 30 0 1209 1248 1249 1210
704 3 3 4 30 0 1210 1249 1250 1211
705 3 3 4 30 0 1211 1250 1251 1212
706 3 3 4 30 0 1212 1251 1252 1213
707 3 3 4 30 0 1213 1252 1253 1214
708 3 3 4 30 0 1214 1253 1254 1215
709 3 3 4 30 0 1215 1254 1255 1216
710 3 3 4 30 0 1216 1255 1256 1217
711 3 3 4 30 0 1217 1256 1257 1218
712 3 3 4 30 0 1218 1257 1258 1219
713 3 3 4 30 0 1219 1258 1259 1220
714 3 3 4 30 0 1220 1259 1260 1221
715 3 3 4 30 0 1221 1260 1261 1222
716 3 3 4 30 0 1222 1261 1262 1223
717 3 3 4 30 0 1223 1262 1263 1224
718 3 3 4 30 0 1224 1263 1264 1225
719 3 3 4 30 0 1225 1264 1265 1226
720 3 3 4 30 0 1226 1265 1266 1227
721 3 3 4 30 0 1227 1266 1267 1228
722 3 3 4 30 0 1228 1267 1268 1229
723 3 3 4 30 0 1229 1268 1269 1230
724 3 3 4 30 0 1230 1269 65 64
725 3 3 4 30 0 47 48 1270 1231
726 3 3 4 30 0 1231 1270 1271 1232
727 3 3 4 30 0 1232 1271 1272 1233
728 3 3 4 30 0 1233 1272 1273 1234
729 3 3 4 30 0 1234 1273 1274 1235
730 3 3 4 30 0 1235 1274 1275 1236
731 3 3 4 30 0 1236 1275 1276 1237
732 3 3 4 30 0 1237 1276 1277 1238
733 3 3 4 30 0 1238 1277 1278 1239
734 3 3 4 30 0 1239 1278 1279 1240
735 3 3 4 30 0 1240 1279 1280 1241
736 3 3 4 30 0 1241 1280 1281 1242
737 3 3 4 30 0 1242 1281 1282 1243
738 3 3 4 30 0 1243 1282 1283 1244
739 3 3 4 30 0 1244 1283 1284 1245
740 3 3 4 30 0 1245 1284 1285 1246
741 3 3 4 30 0 1246 1285 1286 1247
742 3 3 4 30 0 1247 1286 1287 1248
743 3 3 4 30 0 1248 1287 1288 1249
744 3 3 4 30 0 1249 1288 1289 1250
745 3 3 4 30 0 1250 1289 1290 1251
746 3 3 4 30 0 1251 1290 1291 1252
747 3 3 4 30 0 1252 1291 1292 1253
748 3 3 4 30 0 1253 1292 1293 1254
749 3 3 4 30 0 1254 1293 1294 1255
750 3 3 4 30 0 1255 1294 1295 1256
751 3 3 4 30 0 1256 1295 1296 1257
752 3 3 4 30 0 1257 1296 1297 1258
753 3 3 4 30 0 1258 1297 1298 1259
754 3 3 4 30 0 1259 1298 1299 1260
755 3 3 4 30 0 1260 1299 1300 1261
756 3 3 4 30 0 1261 1300 1301 1262
757 3 3 4 30 0 1262 1301 1302 1263
758 3 3 4 30 0 1263 1302 1303 1264
759 3 3 4 30 0 1264 1303 1304 1265
760 3 3 4 30 0 1265 1304 1305 1266
761 3 3 4 30 0 1266 1305 1306 1267
762 3 3 4 30 0 1267 1306 1307 1268
763 3 3 4 30 0 1268 1307 1308 1269
764 3 3 4 30 0 1269 1308 66 65
765 3 3 4 30 0 48 5 229 1270
766 3 3 4 30 0 1270 229 230 1271
767 3 3 4 30 0 1271 230 231 1272
768 3 3 4 30 0 1272 231 232 1273
769 3 3 4 30 0 1273 232 233 1274
770 3 3 4 30 0 1274 233 234 1275
771 3 3 4 30 0 1275 234 235 1276
772 3 3 4 30 0 1276 235 236 1277
773 3 3 4 30 0 1277 236 237 1278
774 3 3 4 30 0 1278 237 238 1279
775 3 3 4 30 0 1279 238 239 1280
776 3 3 4 30 0 1280 239 240 1281
777 3 3 4 30 0 1281 240 241 1282
778 3 3 4 30 0 1282 241 242 1283
779 3 3 4 30 0 1283 242 243 1284
780 3 3 4 30 0 1284 243 244 1285
781 3 3 4 30 0 1285 244 245 1286
782 3 3 4 30 0 1286 245 246 1287
783 3 3 4 30 0 1287 246 247 1288
784 3 3 4 30 0 1288 247 248 1289
785 3 3 4 30 0 1289 248 249 1290
786 3 3 4 30 0 1290 249 250 1291
787 3 3 4 30 0 1291 250 251 1292
788 3 3 4 30 0 1292 251 252 1293
789 3 3 4 30 0 1293 252 253 1294
790 3 3 4 30 0 1294 253 254 1295
791 3 3 4 30 0 1295 254 255 1296
792 3 3 4 30 0 1296 255 256 1297
793 3 3 4 30 0 1297 256 257 1298
794 3 3 4 30 0 1298 257 258 1299
795 3 3 4 30 0 1299 258 259 1300
796 3 3 4 30 0 1300 259 260 1301
797 3 3 4 30 0 1301 260 261 1302
798 3 3 4 30 0 1302 261 262 1303
799 3 3 4 30 0 1303 262 263 1304
800 3 3 4 30 0 1304 263 264 1305
801 3 3 4 30 0 1305 264 265 1306
802 3 3 4 30 0 1306 265 266 1307
803 3 3 4 30 0 1307 266 267 1308
804 3 3 4 30 0 1308 267 11 66
805 3 3 4 34 0 5 49 1309 229
806 3 3 4 34 0 229 1309 1310 230
807 3 3 4 34 0 230 1310 1311 231
808 3 3 4 34 0 231 1311 1312 232
809 3 3 4 34 0 232 1312 1313 233
810 3 3 4 34 0 233 1313 1314 234
811 3 3 4 34 0 234 1314 1315 235
812 3 3 4 34 0 235 1315 1316 236
813 3 3 4 34 0 236 1316 1317 237
814 3 3 4 34 0 237 1317 1318 238
815 3 3 4 34 0 238 1318 1319 239
816 3 3 4 34 0 239 1319 1320 240
817 3 3 4 34 0 240 1320 1321 241
818 3 3 4 34 0 241 1321 1322 242
819 3 3 4 34 0 242 1322 1323 243
820 3 3 4 34 0 243 1323 1324 244
821 3 3 4 34 0 244 1324 1325 245
822 3 3 4 34 0 245 1325 1326 246
823 3 3 4 34 0 246 1326 1327 247
824 3 3 4 34 0 247 1327 1328 248
825 3 3 4 34 0 248 1328 1329 249
826 3 3 4 34 0 249 1329 1330 250
827 3 3 4 34 0 250 1330 1331 251
828 3 3 4 34 0 251 1331 1332 252
829 3 3 4 34 0 252 1332 1333 253
830 3 3 4 34 0 253 1333 1334 254
831 3 3 4 34 0 254 1334 1335 255
832 3 3 4 34 0 255 1335 1336 256
833 3 3 4 34 0 256 1336 1337 257
834 3 3 4 34 0 257 1337 1338 258
835 3 3 4 34 0 258 1338 1339 259
836 3 3 4 34 0 259 1339 1340 260
837 3 3 4 34 0 260 1340 1341 261
838 3 3 4 34 0 261 1341 1342 262
839 3 3 4 34 0 262 1342 1343 263
840 3 3 4 34 0 263 1343 1344 264
841 3 3 4 34 0 264 1344 1345 265
842 3 3 4 34 0 265 1345 1346 266
843 3 3 4 34 0 266 1346 1347 267
844 3 3 4 34 0 267 1347 67 11
845 3 3 4 34 0 49 50 1348 1309
846 3 3 4 34 0 1309 1348 1349 1310
847 3 3 4 34 0 1310 1349 1350 1311
848 3 3 4 34 0 1311 1350 1351 1312
849 3 3 4 34 0 1312 1351 1352 1313
850 3 3 4 34 0 1313 1352 1353 1314
851 3 3 4 34 0 1314 1353 1354 1315
852 3 3 4 34 0 1315 1354 1355 1316
853 3 3 4 34 0 1316 1355 1356 1317
854 3 3 4 34 0 1317 1356 1357 1318
855 3 3 4 34 0 1318 1357 1358 1319
856 3 3 4 34 0 1319 1358 1359 1320
857 3 3 4 34 0 1320 1359 1360 1321
858 3 3 4 34 0 1321 1360 1361 1322
859 3 3 4 34 0 1322 1361 1362 1323
860 3 3 4 34 0 1323 1362 1363 1324
861 3 3 4 34 0 1324 1363 1364 1325
862 3 3 4 34 0 1325 1364 1365 1326
863 3 3 4 34 0 1326 1365 1366 1327
864 3 3 4 34 0 1327 1366 1367 1328
865 3 3 4 34 0 1328 1367 1368 1329
866 3 3 4 34 0 1329 1368 1369 1330
867 3 3 4 34 0 1330 1369 1370 1331
868 3 3 4 34 0 1331 1370 1371 1332
869 3 3 4 34 0 1332 1371 1372 1333
870 3 3 4 34 0 1333 1372 1373 1334
871 3 3 4 34 0 1334 1373 1374 1335
872 3 3 4 34 0 1335 1374 1375 1336
873 3 3 4 34 0 1336 1375 1376 1337
874 3 3 4 34 0 1337 1376 1377 1338
875 3 3 4 34 0 1338 1377 1378 1339
876 3 3 4 34 0 1339 1378 1379 1340
877 3 3 4 34 0 1340 1379 1380 1341
878 3 3 4 34 0 1341 1380 1381 1342
879 3 3 4 34 0 1342 1381 1382 1343
880 3 3 4 34 0 1343 1382 1383 1344
881 3 3 4 34 0 1344 1383 1384 1345
882 3 3 4 34 0 1345 1384 1385 1346
883 3 3 4 34 0 1346 1385 1386 1347
884 3 3 4 34 0 1347 1386 68 67
885 3 3 4 34 0 50 51 1387 1348
886 3 3 4 34 0 1348 1387 1388 1349
887 3 3 4 34 0 1349 1388 1389 1350
888 3 3 4 34 0 1350 1389 1390 1351
889 3 3 4 34 0 1351 1390 1391 1352
890 3 3 4 34 0 1352 1391 1392 1353
891 3 3 4 34 0 1353 1392 1393 1354
892 3 3 4 34 0 1354 1393 1394 1355
893 3 3 4 34 0 1355 1394 1395 1356
894 3 3 4 34 0 1356 1395 1396 1357
895 3 3 4 34 0 1357 1396 1397 1358
896 3 3 4 34 0 1358 1397 1398 1359
897 3 3 4 34 0 1359 1398 1399 1360
898 3 3 4 34 0 1360 1399 1400 1361
899 3 3 4 34 0 1361 1400 1401 1362
900 3 3 4 34 0 1362 1401 1402 1363
901 3 3 4 34 0 1363 1402 1403 1364
902 3 3 4 34 0 1364 1403 1404 1365
903 3 3 4 34 0 1365 1404 1405 1366
904 3 3 4 34 0 1366 1405 1406 1367
905 3 3 4 34 0 1367 1406 1407 1368
906 3 3 4 34 0 1368 1407 1408 1369
907 3 3 4 34 0 1369 1408 1409 1370
908 3 3 4 34 0 1370 1409 1410 1371
909 3 3 4 34 0 1371 1410 1411 1372
910 3 3 4 34 0 1372 1411 1412 1373
911 3 3 4 34 0 1373 1412 1413 1374
912 3 3 4 34 0 1374 1413 1414 1375
913 3 3 4 34 0 1375 1414 1415 1376
914 3 3 4 34 0 1376 1415 1416 1377
915 3 3 4 34 0 1377 1416 1417 1378
916 3 3 4 34 0 1378 1417 1418 1379
917 3 3 4 34 0 1379 1418 1419 1380
918 3 3 4 34 0 1380 1419 1420 1381
919 3 3 4 34 0 1381 1420 1421 1382
920 3 3 4 34 0 1382 1421 1422 1383
921 3 3 4 34 0 1383 1422 1423 1384
922 3 3 4 34 0 1384 1423 1424 1385
923 3 3 4 34 0 1385 1424 1425 1386
924 3 3 4 34 0 1386 1425 69 68
925 3 3 4 34 0 51 6 268 1387
926 3 3 4 34 0 1387 268 269 1388
927 3 3 4 34 0 1388 269 270 1389
928 3 3 4 34 0 1389 270 271 1390
929 3 3 4 34 0 1390 271 272 1391
930 3 3 4 34 0 1391 272 273 1392
931 3 3 4 34 0 1392 273 274 1393
932 3 3 4 34 0 1393 274 275 1394
933 3 3 4 34 0 1394 275 276 1395
934 3 3 4 34 0 1395 276 277 1396
935 3 3 4 34 0 1396 277 278 1397
936 3 3 4 34 0 1397 278 279 1398
937 3 3 4 34 0 1398 279 280 1399
938 3 3 4 34 0 1399 280 281 1400
939 3 3 4 34 0 1400 281 282 1401
940 3 3 4 34 0 1401 282 283 1402
941 3 3 4 34 0 1402 283 284 1403
942 3 3 4 34 0 1403 284 285 1404
943 3 3 4 34 0 1404 285 286 1405
944 3 3 4 34 0 1405 286 287 1406
945 3 3 4 34 0 1406 287 288 1407
946 3 3 4 34 0 1407 288 289 1408
947 3 3 4 34 0 1408 289 290 1409
948 3 3 4 34 0 1409 290 291 1410
949 3 3 4 34 0 1410 291 292 1411
950 3 3 4 34 0 1411 292 293 1412
951 3 3 4 34 0 1412 293 294 1413
952 3 3 4 34 0 1413 294 295 1414
953 3 3 4 34 0 1414 295 296 1415
954 3 3 4 34 0 1415 296 297 1416
955 3 3 4 34 0 1416 297 298 1417
956 3 3 4 34 0 1417 298 299 1418
957 3 3 4 34 0 1418 299 300 1419
958 3 3 4 34 0 1419 300 301 1420
959 3 3 4 34 0 1420 301 302 1421
960 3 3 4 34 0 1421 302 303 1422
961 3 3 4 34 0 1422 303 304 1423
962 3 3 4 34 0 1423 304 305 1424
963 3 3 4 34 0 1424 305 306 1425
964 3 3 4 34 0 1425 306 12 69
965 3 3 4 38 0 6 52 1426 268
966 3 3 4 38 0 268 1426 1427 269
967 3 3 4 38 0 269 1427 1428 270
968 3 3 4 38 0 270 1428 1429 271
969 3 3 4 38 0 271 1429 1430 272
970 3 3 4 38 0 272 1430 1431 273
971 3 3 4 38 0 273 1431 1432 274
972 3 3 4 38 0 274 1432 1433 275
973 3 3 4 38 0 275 1433 1434 276
974 3 3 4 38 0 276 1434 1435 277
975 3 3 4 38 0 277 1435 1436 278
976 3 3 4 38 0 278 1436 1437 279
977 3 3 4 38 0 279 1437 1438 280
978 3 3 4 38 0 280 1438 1439 281
979 3 3 4 38 0 281 1439 1440 282
980 3 3 4 38 0 282 1440 1441 283
981 3 3 4 38 0 283 1441 1442 284
982 3 3 4 38 0 284 1442 1443 285
983 3 3 4 38 0 285 1443 1444 286
984 3 3 4 38 0 286 1444 1445 287
985 3 3 4 38 0 287 1445 1446 288
986 3 3 4 38 0 288 1446 1447 289
987 3 3 4 38 0 289 1447 1448 290
988 3 3 4 38 0 290 1448 1449 291
989 3 3 4 38 0 291 1449 1450 292
990 3 3 4 38 0 292 1450 1451 293
991 3 3 4 38 0 293 1451 1452 294
992 3 3 4 38 0 294 1452 1453 295
993 3 3 4 38 0 295 1453 1454 296
994 3 3 4 38 0 296 1454 1455 297
995 3 3 4 38 0 297 1455 1456 298
996 3 3 4 38 0 298 1456 1457 299
997 3 3 4 38 0 299 1457 1458 300
998 3 3 4 38 0 300 1458 1459 301
999 3 3 4 38 0 301 1459 1460 302
1000 3 3 4 38 0 302 1460 1461 303
1001 3 3 4 38 0 303 1461 1462 304
1002 3 3 4 38 0 304 1462 1463 305
1003 3 3 4 38 0 305 1463 1464 306
1004 3 3 4 38 0 306 1464 70 12
1005 3 3 4 38 0 52 53 1465 1426
1006 3 3 4 38 0 1426 1465 1466 1427
1007 3 3 4 38 0 1427 1466 1467 1428
1008 3 3 4 38 0 1428 1467 1468 1429
1009 3 3 4 38 0 1429 1468 1469 1430
1010 3 3 4 38 0 1430 1469 1470 1431
1011 3 3 4 38 0 1431 1470 1471 1432
1012 3 3 4 38 0 1432 1471 1472 1433
1013 3 3 4 38 0 1433 1472 1473 1434
1014 3 3 4 38 0 1434 1473 1474 1435
1015 3 3 4 38 0 1435 1474 1475 1436
1016 3 3 4 38 0 1436 1475 1476 1437
1017 3 3 4 38 0 1437 1476 1477 1438
1018 3 3 4 38 0 1438 1477 1478 1439
1019 3 3 4 38 0 1439 1478 1479 1440
1020 3 3 4 38 0 1440 1479 1480 1441
1021 3 3 4 38 0 1441 1480 1481 1442
1022 3 3 4 38 0 1442 1481 1482 1443
1023 3 3 4 38 0 1443 1482 1483 1444
1024 3 3 4 38 0 1444 1483 1484 1445
1025 3 3 4 38 0 1445 1484 1485 1446
1026 3 3 4 38 0 1446 1485 1486 1447
1027 3 3 4 38 0 1447 1486 1487 1448
1028 3 3 4 38 0 1448 1487 1488 1449
1029 3 3 4 38 0 1449 1488 1489 1450
1030 3 3 4 38 0 1450 1489 1490 1451
1031 3 3 4 38 0 1451 1490 1491 1452
1032 3 3 4 38 0 1452 1491 1492 1453
1033 3 3 4 38 0 1453 1492 1493 1454
1034 3 3 4 38 0 1454 1493 1494 1455
1035 3 3 4 38 0 1455 1494 1495 1456
1036 3 3 4 38 0 1456 1495 1496 1457
1037 3 3 4 38 0 1457 1496 1497 1458
1038 3 3 4 38 0 1458 1497 1498 1459
1039 3 3 4 38 0 1459 1498 1499 1460
1040 3 3 4 38 0 1460 1499 1500 1461
1041 3 3 4 38 0 1461 1500 1501 1462
1042 3 3 4 38 0 1462 1501 1502 1463
1043 3 3 4 38 0 1463 1502 1503 1464
1044 3 3 4 38 0 1464 1503 71 70
1045 3 3 4 38 0 53 54 1504 1465
1046 3 3 4 38 0 1465 1504 1505 1466
1047 3 3 4 38 0 1466 1505 1506 1467
1048 3 3 4 38 0 1467 1506 1507 1468
1049 3 3 4 38 0 1468 1507 1508 1469
1050 3 3 4 38 0 1469 1508 1509 1470
1051 3 3 4 38 0 1470 1509 1510 1471
1052 3 3 4 38 0 1471 1510 1511 1472
1053 3 3 4 38 0 1472 1511 1512 1473
1054 3 3 4 38 0 1473 1512 1513 1474
1055 3 3 4 38 0 1474 1513 1514 1475
1056 3 3 4 38 0 1475 1514 1515 1476
1057 3 3 4 38 0 1476 1515 1516 1477
1058 3 3 4 38 0 1477 1516 1517 1478
1059 3 3 4 38 0 1478 1517 1518 1479
1060 3 3 4 38 0 1479 1518 1519 1480
1061 3 3 4 38 0 1480 1519 1520 1481
1062 3 3 4 38 0 1481 1520 1521 1482
1063 3 3 4 38 0 1482 1521 1522 1483
1064 3 3 4 38 0 1483 1522 1523 1484
1065 3 3 4 38 0 1484 1523 1524 1485
1066 3 3 4 38 0 1485 1524 1525 1486
1067 3 3 4 38 0 1486 1525 1526 1487
1068 3 3 4 38 0 1487 1526 1527 1488
1069 3 3 4 38 0 1488 1527 1528 1489
1070 3 3 4 38 0 1489 1528 1529 1490
1071 3 3 4 38 0 1490 1529 1530 1491
1072 3 3 4 38 0 1491 1530 1531 1492
1073 3 3 4 38 0 1492 1531 1532 1493
1074 3 3 4 38 0 1493 1532 1533 1494
1075 3 3 4 38 0 1494 1533 1534 1495
1076 3 3 4 38 0 1495 1534 1535 1496
1077 3 3 4 38 0 1496 1535 1536 1497
1078 3 3 4 38 0 1497 1536 1537 1498
1079 3 3 4 38 0 1498 1537 1538 1499
1080 3 3 4 38 0 1499 1538 1539 1500
1081 3 3 4 38 0 1500 1539 1540 1501
1082 3 3 4 38 0 1501 1540 1541 1502
1083 3 3 4 38 0 1502 1541 1542 1503
1084 3 3 4 38 0 1503 1542 72 71
1085 3 3 4 38 0 54 1 73 1504
1086 3 3 4 38 0 1504 73 74 1505
1087 3 3 4 38 0 1505 74 75 1506
1088 3 3 4 38 0 1506 75 76 1507
1089 3 3 4 38 0 1507 76 77 1508
1090 3 3 4 38 0 1508 77 78 1509
1091 3 3 4 38 0 1509 78 79 1510
1092 3 3 4 38 0 1510 79 80 1511
1093 3 3 4 38 0 1511 80 81 1512
1094 3 3 4 38 0 1512 81 82 1513
1095 3 3 4 38 0 1513 82 83 1514
1096 3 3 4 38 0 1514 83 84 1515
1097 3 3 4 38 0 1515 84 85 1516
1098 3 3 4 38 0 1516 85 86 1517
1099 3 3 4 38 0 1517 86 87 1518
1100 3 3 4 38 0 1518 87 88 1519
1101 3 3 4 38 0 1519 88 89 1520
1102 3 3 4 38 0 1520 89 90 1521
1103 3 3 4 38 0 1521 90 91 1522
1104 3 3 4 38 0 1522 91 92 1523
1105 3 3 4 38 0 1523 92 93 1524
1106 3 3 4 38 0 1524 93 94 1525
1107 3 3 4 38 0 1525 94 95 1526
1108 3 3 4 38 0 1526 95 96 1527
1109 3 3 4 38 0 1527 96 97 1528
1110 3 3 4 38 0 1528 97 98 1529
1111 3 3 4 38 0 1529 98 99 1530
1112 3 3 4 38 0 1530 99 100 1531
1113 3 3 4 38 0 1531 100 101 1532
1114 3 3 4 38 0 1532 101 102 1533
1115 3 3 4 38 0 1533 102 103 1534
1116 3 3 4 38 0 1534 103 104 1535
1117 3 3 4 38 0 1535 104 105 1536
1118 3 3 4 38 0 1536 105 106 1537
1119 3 3 4 38 0 1537 106 107 1538
1120 3 3 4 38 0 1538 107 108 1539
1121 3 3 4 38 0 1539 108 109 1540
1122 3 3 4 38 0 1540 109 110 1541
1123 3 3 4 38 0 1541 110 111 1542
1124 3 3 4 38 0 1542 111 7 72
1125 3 3 4 50 0 7 55 1573 325
1126 3 3 4 50 0 325 1573 1574 326
1127 3 3 4 50 0 326 1574 1575 327
1128 3 3 4 50 0 327 1575 1576 328
1129 3 3 4 50 0 328 1576 1577 329
1130 3 3 4 50 0 329 1577 1578 330
1131 3 3 4 50 0 330 1578 1579 331
1132 3 3 4 50 0 331 1579 1580 332
1133 3 3 4 50 0 332 1580 1581 333
1134 3 3 4 50 0 333 1581 1582 334
1135 3 3 4 50 0 334 1582 1583 335
1136 3 3 4 50 0 335 1583 307 13
1137 3 3 4 50 0 55 56 1584 1573
1138 3 3 4 50 0 1573 1584 1585 1574
1139 3 3 4 50 0 1574 1585 1586 1575
1140 3 3 4 50 0 1575 1586 1587 1576
1141 3 3 4 50 0 1576 1587 1588 1577
1142 3 3 4 50 0 1577 1588 1589 1578
1143 3 3 4 50 0 1578 1589 1590 1579
1144 3 3 4 50 0 1579 1590 1591 1580
1145 3 3 4 50 0 1580 1591 1592 1581
1146 3 3 4 50 0 1581 1592 1593 1582
1147 3 3 4 50 0 1582 1593 1594 1583
1148 3 3 4 50 0 1583 1594 308 307
1149 3 3 4 50 0 56 57 1595 1584
1150 3 3 4 50 0 1584 1595 1596 1585
1151 3 3 4 50 0 1585 1596 1597 1586
1152 3 3 4 50 0 1586 1597 1598 1587
1153 3 3 4 50 0 1587 1598 1599 1588
1154 3 3 4 50 0 1588 1599 1600 1589
1155 3 3 4 50 0 1589 1600 1601 1590
1156 3 3 4 50 0 1590 1601 1602 1591
1157 3 3 4 50 0 1591 1602 1603 1592
1158 3 3 4 50 0 1592 1603 1604 1593
1159 3 3 4 50 0 1593 1604 1605 1594
1160 3 3 4 50 0 1594 1605 309 308
1161 3 3 4 50 0 57 8 336 1595
1162 3 3 4 50 0 1595 336 337 1596
1163 3 3 4 50 0 1596 337 338 1597
1164 3 3 4 50 0 1597 338 339 1598
1165 3 3 4 50 0 1598 339 340 1599
1166 3 3 4 50 0 1599 340 341 1600
1167 3 3 4 50 0 1600 341 342 1601
1168 3 3 4 50 0 1601 342 343 1602
1169 3 3 4 50 0 1602 343 344 1603
1170 3 3 4 50 0 1603 344 345 1604
1171 3 3 4 50 0 1604 345 346 1605
1172 3 3 4 50 0 1605 346 14 309
1173 3 3 4 54 0 8 58 1606 336
1174 3 3 4 54 0 336 1606 1607 337
1175 3 3 4 54 0 337 1607 1608 338
1176 3 3 4 54 0 338 1608 1609 339
1177 3 3 4 54 0 339 1609 1610 340
1178 3 3 4 54 0 340 1610 1611 341
1179 3 3 4 54 0 341 1611 1612 342
1180 3 3 4 54 0 342 1612 1613 343
1181 3 3 4 54 0 343 1613 1614 344
1182 3 3 4 54 0 344 1614 1615 345
1183 3 3 4 54 0 345 1615 1616 346
1184 3 3 4 54 0 346 1616 310 14
1185 3 3 4 54 0 58 59 1617 1606
1186 3 3 4 54 0 1606 1617 1618 1607
1187 3 3 4 54 0 1607 1618 1619 1608
1188 3 3 4 54 0 1608 1619 1620 1609
1189 3 3 4 54 0 1609 1620 1621 1610
1190 3 3 4 54 0 1610 1621 1622 1611
1191 3 3 4 54 0 1611 1622 1623 1612
1192 3 3 4 54 0 1612 1623 1624 1613
1193 3 3 4 54 0 1613 1624 1625 1614
1194 3 3 4 54 0 1614 1625 1626 1615
1195 3 3 4 54 0 1615 1626 1627 1616
1196 3 3 4 54 0 1616 1627 311 310
1197 3 3 4 54 0 59 60 1628 1617
1198 3 3 4 54 0 1617 1628 1629 1618
1199 3 3 4 54 0 1618 1629 1630 1619
1200 3 3 4 54 0 1619 1630 1631 1620
1201 3 3 4 54 0 1620 1631 1632 1621
1202 3 3 4 54 0 1621 1632 1633 1622
1203 3 3 4 54 0 1622 1633 1634 1623
1204 3 3 4 54 0 1623 1634 1635 1624
1205 3 3 4 54 0 1624 1635 1636 1625
1206 3 3 4 54 0 1625 1636 1637 1626
1207 3 3 4 54 0 1626 1637 1638 1627
1208 3 3 4 54 0 1627 1638 312 311
1209 3 3 4 54 0 60 9 347 1628
1210 3 3 4 54 0 1628 347 348 1629
1211 3 3 4 54 0 1629 348 349 1630
1212 3 3 4 54 0 1630 349 350 1631
1213 3 3 4 54 0 1631 350 351 1632
1214 3 3 4 54 0 1632 351 352 1633
1215 3 3 4 54 0 1633 352 353 1634
1216 3 3 4 54 0 1634 353 354 1635
1217 3 3 4 54 0 1635 354 355 1636
1218 3 3 4 54 0 1636 355 356 1637
1219 3 3 4 54 0 1637 356 357 1638
1220 3 3 4 54 0 1638 357 15 312
1221 3 3 4 58 0 9 61 1639 347
1222 3 3 4 58 0 347 1639 1640 348
1223 3 3 4 58 0 348 1640 1641 349
1224 3 3 4 58 0 349 1641 1642 350
1225 3 3 4 58 0 350 1642 1643 351
1226 3 3 4 58 0 351 1643 1644 352
1227 3 3 4 58 0 352 1644 1645 353
1228 3 3 4 58 0 353 1645 1646 354
1229 3 3 4 58 0 354 1646 1647 355
1230 3 3 4 58 0 355 1647 1648 356
1231 3 3 4 58 0 356 1648 1649 357
1232 3 3 4 58 0 357 1649 313 15
1233 3 3 4 58 0 61 62 1650 1639
1234 3 3 4 58 0 1639 1650 1651 1640
1235 3 3 4 58 0 1640 1651 1652 1641
1236 3 3 4 58 0 1641 1652 1653 1642
1237 3 3 4 58 0 1642 1653 1654 1643
1238 3 3 4 58 0 1643 1654 1655 1644
1239 3 3 4 58 0 1644 1655 1656 1645
1240 3 3 4 58 0 1645 1656 1657 1646
1241 3 3 4 58 0 1646 1657 1658 1647
1242 3 3 4 58 0 1647 1658 1659 1648
1243 3 3 4 58 0 1648 1659 1660 1649
1244 3 3 4 58 0 1649 1660 314 313
1245 3 3 4 58 0 62 63 1661 1650
1246 3 3 4 58 0 1650 1661 1662 1651
1247 3 3 4 58 0 1651 1662 1663 1652
1248 3 3 4 58 0 1652 1663 1664 1653
1249 3 3 4 58 0 1653 1664 1665 1654
1250 3 3 4 58 0 1654 1665 1666 1655
1251 3 3 4 58 0 1655 1666 1667 1656
1252 3 3 4 58 0 1656 1667 1668 1657
1253 3 3 4 58 0 1657 1668 1669 1658
1254 3 3 4 58 0 1658 1669 1670 1659
1255 3 3 4 58 0 1659 1670 1671 1660
1256 3 3 4 58 0 1660 1671 315 314
1257 3 3 4 58 0 63 10 358 1661
1258 3 3 4 58 0 1661 358 359 1662
1259 3 3 4 58 0 1662 359 360 1663
1260 3 3 4 58 0 1663 360 361 1664
1261 3 3 4 58 0 1664 361 362 1665
1262 3 3 4 58 0 1665 362 363 1666
1263 3 3 4 58 0 1666 363 364 1667
1264 3 3 4 58 0 1667 364 365 1668
1265 3 3 4 58 0 1668 365 366 1669
1266 3 3 4 58 0 1669 366 367 1670
1267 3 3 4 58 0 1670 367 368 1671
1268 3 3 4 58 0 1671 368 16 315
1269 3 3 4 62 0 10 64 1672 358
1270 3 3 4 62 0 358 1672 1673 359
1271 3 3 4 62 0 359 1673 1674 360
1272 3 3 4 62 0 360 1674 1675 361
1273 3 3 4 62 0 361 1675 1676 362
1274 3 3 4 62 0 362 1676 1677 363
1275 3 3 4 62 0 363 1677 1678 364
1276 3 3 4 62 0 364 1678 1679 365
1277 3 3 4 62 0 365 1679 1680 366
1278 3 3 4 62 0 366 1680 1681 367
1279 3 3 4 62 0 367 1681 1682 368
1280 3 3 4 62 0 368 1682 316 16
1281 3 3 4 62 0 64 65 1683 1672
1282 3 3 4 62 0 1672 1683 1684 1673
1283 3 3 4 62 0 1673 1684 1685 1674
1284 3 3 4 62 0 1674 1685 1686 1675
1285 3 3 4 62 0 1675 1686 1687 1676
1286 3 3 4 62 0 1676 1687 1688 1677
1287 3 3 4 62 0 1677 1688 1689 1678
1288 3 3 4 62 0 1678 1689 1690 1679
1289 3 3 4 62 0 1679 1690 1691 1680
1290 3 3 4 62 0 1680 1691 1692 1681
1291 3 3 4 62 0 1681 1692 1693 1682
1292 3 3 4 62 0 1682 1693 317 316
1293 3 3 4 62 0 65 66 1694 1683
1294 3 3 4 62 0 1683 1694 1695 1684
1295 3 3 4 62 0 1684 1695 1696 1685
1296 3 3 4 62 0 1685 1696 1697 1686
1297 3 3 4 62 0 1686 1697 1698 1687
1298 3 3 4 62 0 1687 1698 1699 1688
1299 3 3 4 62 0 1688 1699 1700 1689
1300 3 3 4 62 0 1689 1700 1701 1690
1301 3 3 4 62 0 1690 1701 1702 1691
1302 3 3 4 62 0 1691 1702 1703 1692
1303 3 3 4 62 0 1692 1703 1704 1693
1304 3 3 4 62 0 1693 1704 318 317
1305 3 3 4 62 0 66 11 369 1694
1306 3 3 4 62 0 1694 369 370 1695
1307 3 3 4 62 0 1695 370 371 1696
1308 3 3 4 62 0 1696 371 372 1697
1309 3 3 4 62 0 1697 372 373 1698
1310 3 3 4 62 0 1698 373 374 1699
1311 3 3 4 62 0 1699 374 375 1700
1312 3 3 4 62 0 1700 375 376 1701
1313 3 3 4 62 0 1701 376 377 1702
1314 3 3 4 62 0 1702 377 378 1703
1315 3 3 4 62 0 1703 378 379 1704
1316 3 3 4 62 0 1704 379 17 318
1317 3 3 4 66 0 11 67 1705 369
1318 3 3 4 66 0 369 1705 1706 370
1319 3 3 4 66 0 370 1706 1707 371
1320 3 3 4 66 0 371 1707 1708 372
1321 3 3 4 66 0 372 1708 1709 373
1322 3 3 4 66 0 373 1709 1710 374
1323 3 3 4 66 0 374 1710 1711 375
1324 3 3 4 66 0 375 1711 1712 376
1325 3 3 4 66 0 376 1712 1713 377
1326 3 3 4 66 0 377 1713 1714 378
1327 3 3 4 66 0 378 1714 1715 379
1328 3 3 4 66 0 379 1715 319 17
1329 3 3 4 66 0 67 68 1716 1705
1330 3 3 4 66 0 1705 1716 1717 1706
1331 3 3 4 66 0 1706 1717 1718 1707
1332 3 3 4 66 0 1707 1718 1719 1708
1333 3 3 4 66 0 1708 1719 1720 1709
1334 3 3 4 66 0 1709 1720 1721 1710
1335 3 3 4 66 0 1710 1721 1722 1711
1336 3 3 4 66 0 1711 1722 1723 1712
1337 3 3 4 66 0 1712 1723 1724 1713
1338 3 3 4 66 0 1713 1724 1725 1714
1339 3 3 4 66 0 1714 1725 1726 1715
1340 3 3 4 66 0 1715 1726 320 319
1341 3 3 4 66 0 68 69 1727 1716
1342 3 3 4 66 0 1716 1727 1728 1717
1343 3 3 4 66 0 1717 1728 1729 1718
1344 3 3 4 66 0 1718 1729 1730 1719
1345 3 3 4 66 0 1719 1730 1731 1720
1346 3 3 4 66 0 1720 1731 1732 1721
1347 3 3 4 66 0 1721 1732 1733 1722
1348 3 3 4 66 0 1722 1733 1734 1723
1349 3 3 4 66 0 1723 1734 1735 1724
1350 3 3 4 66 0 1724 1735 1736 1725
1351 3 3 4 66 0 1725 1736 1737 1726
1352 3 3 4 66 0 1726 1737 321 320
1353 3 3 4 66 0 69 12 380 1727
1354 3 3 4 66 0 1727 380 381 1728
1355 3 3 4 66 0 1728 381 382 1729
1356 3 3 4 66 0 1729 382 383 1730
1357 3 3 4 66 0 1730 383 384 1731
1358 3 3 4 66 0 1731 384 385 1732
1359 3 3 4 66 0 1732 385 386 1733
1360 3 3 4 66 0 1733 386 387 1734
1361 3 3 4 66 0 1734 387 388 1735
1362 3 3 4 66 0 1735 388 389 1736
1363 3 3 4 66 0 1736 389 390 1737
1364 3 3 4 66 0 1737 390 18 321
1365 3 3 4 70 0 12 70 1738 380
1366 3 3 4 70 0 380 1738 1739 381
1367 3 3 4 70 0 381 1739 1740 382
1368 3 3 4 70 0 382 1740 1741 383
1369 3 3 4 70 0 383 1741 1742 384
1370 3 3 4 70 0 384 1742 1743 385
1371 3 3 4 70 0 385 1743 1744 386
1372 3 3 4 70 0 386 1744 1745 387
1373 3 3 4 70 0 387 1745 1746 388
1374 3 3 4 70 0 388 1746 1747 389
1375 3 3 4 70 0 389 1747 1748 390
1376 3 3 4 70 0 390 1748 322 18
1377 3 3 4 70 0 70 71 1749 1738
1378 3 3 4 70 0 1738 1749 1750 1739
1379 3 3 4 70 0 1739 1750 1751 1740
1380 3 3 4 70 0 1740 1751 1752 1741
1381 3 3 4 70 0 1741 1752 1753 1742
1382 3 3 4 70 0 1742 1753 1754 1743
1383 3 3 4 70 0 1743 1754 1755 1744
1384 3 3 4 70 0 1744 1755 1756 1745
1385 3 3 4 70 0 1745 1756 1757 1746
1386 3 3 4 70 0 1746 1757 1758 1747
1387 3 3 4 70 0 1747 1758 1759 1748
1388 3 3 4 70 0 1748 1759 323 322
1389 3 3 4 70 0 71 72 1760 1749
1390 3 3 4 70 0 1749 1760 1761 1750
1391 3 3 4 70 0 1750 1761 1762 1751
1392 3 3 4 70 0 1751 1762 1763 1752
1393 3 3 4 70 0 1752 1763 1764 1753
1394 3 3 4 70 0 1753 1764 1765 1754
1395 3 3 4 70 0 1754 1765 1766 1755
1396 3 3 4 70 0 1755 1766 1767 1756
1397 3 3 4 70 0 1756 1767 1768 1757
1398 3 3 4 70 0 1757 1768 1769 1758
1399 3 3 4 70 0 1758 1769 1770 1759
1400 3 3 4 70 0 1759 1770 324 323
1401 3 3 4 70 0 72 7 325 1760
1402 3 3 4 70 0 1760 325 326 1761
1403 3 3 4 70 0 1761 326 327 1762
1404 3 3 4 70 0 1762 327 328 1763
1405 3 3 4 70 0 1763 328 329 1764
1406 3 3 4 70 0 1764 329 330 1765
1407 3 3 4 70 0 1765 330 331 1766
1408 3 3 4 70 0 1766 331 332 1767
1409 3 3 4 70 0 1767 332 333 1768
1410 3 3 4 70 0 1768 333 334 1769
1411 3 3 4 70 0 1769 334 335 1770
1412 3 3 4 70 0 1770 335 13 324
1413 3 3 3 82 0 13 307 1801 409
1414 3 3 3 82 0 409 1801 1802 410
1415 3 3 3 82 0 410 1802 1803 411
1416 3 3 3 82 0 411 1803 1804 412
1417 3 3 3 82 0 412 1804 1805 413
1418 3 3 3 82 0 413 1805 1806 414
1419 3 3 3 82 0 414 1806 1807 415
1420 3 3 3 82 0 415 1807 1808 416
1421 3 3 3 82 0 416 1808 1809 417
1422 3 3 3 82 0 417 1809 1810 418
1423 3 3 3 82 0 418 1810 1811 419
1424 3 3 3 82 0 419 1811 391 19
1425 3 3 3 82 0 307 308 1812 1801
1426 3 3 3 82 0 1801 1812 1813 1802
1427 3 3 3 82 0 1802 1813 1814 1803
1428 3 3 3 82 0 1803 1814 1815 1804
1429 3 3 3 82 0 1804 1815 1816 1805
1430 3 3 3 82 0 1805 1816 1817 1806
1431 3 3 3 82 0 1806 1817 1818 1807
1432 3 3 3 82 0 1807 1818 1819 1808
1433 3 3 3 82 0 1808 1819 1820 1809
1434 3 3 3 82 0 1809 1820 1821 1810
1435 3 3 3 82 0 1810 1821 1822 1811
1436 3 3 3 82 0 1811 1822 392 391
1437 3 3 3 82 0 308 309 1823 1812
1438 3 3 3 82 0 1812 1823 1824 1813
1439 3 3 3 82 0 1813 1824 1825 1814
1440 3 3 3 82 0 1814 1825 1826 1815
1441 3 3 3 82 0 1815 1826 1827 1816
1442 3 3 3 82 0 1816 1827 1828 1817
1443 3 3 3 82 0 1817 1828 1829 1818
1444 3 3 3 82 0 1818 1829 1830 1819
1445 3 3 3 82 0 1819 1830 1831 1820
1446 3 3 3 82 0 1820 1831 1832 1821
1447 3 3 3 82 0 1821 1832 1833 1822
1448 3 3 3 82 0 1822 1833 393 392
1449 3 3 3 82 0 309 14 420 1823
1450 3 3 3 82 0 1823 420 421 1824
1451 3 3 3 82 0 1824 421 422 1825
1452 3 3 3 82 0 1825 422 423 1826
1453 3 3 3 82 0 1826 423 424 1827
1454 3 3 3 82 0 1827 424 425 1828
1455 3 3 3 82 0 1828 425 426 1829
1456 3 3 3 82 0 1829 426 427 1830
1457 3 3 3 82 0 1830 427 428 1831
1458 3 3 3 82 0 1831 428 429 1832
1459 3 3 3 82 0 1832 429 430 1833
1460 3 3 3 82 0 1833 430 20 393
1461 3 3 3 86 0 14 310 1834 420
1462 3 3 3 86 0 420 1834 1835 421
1463 3 3 3 86 0 421 1835 1836 422
1464 3 3 3 86 0 422 1836 1837 423
1465 3 3 3 86 0 423 1837 1838 424
1466 3 3 3 86 0 424 1838 1839 425
1467 3 3 3 86 0 425 1839 1840 426
1468 3 3 3 86 0 426 1840 1841 427
1469 3 3 3 86 0 427 1841 1842 428
1470 3 3 3 86 0 428 1842 1843 429
1471 3 3 3 86 0 429 1843 1844 430
1472 3 3 3 86 0 430 1844 394 20
1473 3 3 3 86 0 310 311 1845 1834
1474 3 3 3 86 0 1834 1845 1846 1835
1475 3 3 3 86 0 1835 1846 1847 1836
1476 3 3 3 86 0 1836 1847 1848 1837
1477 3 3 3 86 0 1837 1848 1849 1838
1478 3 3 3 86 0 1838 1849 1850 1839
1479 3 3 3 86 0 1839 1850 1851 1840
1480 3 3 3 86 0 1840 1851 1852 1841
1481 3 3 3 86 0 1841 1852 1853 1842
1482 3 3 3 86 0 1842 1853 1854 1843
1483 3 3 3 86 0 1843 1854 1855 1844
1484 3 3 3 86 0 1844 1855 395 394
1485 3 3 3 86 0 311 312 1856 1845
1486 3 3 3 86 0 1845 1856 1857 1846
1487 3 3 3 86 0 1846 1857 1858 1847
1488 3 3 3 86 0 1847 1858 1859 1848
1489 3 3 3 86 0 1848 1859 1860 1849
1490 3 3 3 86 0 1849 1860 1861 1850
1491 3 3 3 86 0 1850 1861 1862 1851
1492 3 3 3 86 0 1851 1862 1863 1852
1493 3 3 3 86 0 1852 1863 1864 1853
1494 3 3 3 86 0 1853 1864 1865 1854
1495 3 3 3 86 0 1854 1865 1866 1855
1496 3 3 3 86 0 1855 1866 396 395
1497 3 3 3 86 0 312 15 431 1856
1498 3 3 3 86 0 1856 431 432 1857
1499 3 3 3 86 0 1857 432 433 1858
1500 3 3 3 86 0 1858 433 434 1859
1501 3 3 3 86 0 1859 434 435 1860
1502 3 3 3 86 0 1860 435 436 1861
1503 3 3 3 86 0 1861 436 437 1862
1504 3 3 3 86 0 1862 437 438 1863
1505 3 3 3 86 0 1863 438 439 1864
1506 3 3 3 86 0 1864 439 440 1865
1507 3 3 3 86 0 1865 440 441 1866
1508 3 3 3 86 0 1866 441 21 396
1509 3 3 3 90 0 15 313 1867 431
1510 3 3 3 90 0 431 1867 1868 432
1511 3 3 3 90 0 432 1868 1869 433
1512 3 3 3 90 0 433 1869 1870 434
1513 3 3 3 90 0 434 1870 1871 435
1514 3 3 3 90 0 435 1871 1872 436
1515 3 3 3 90 0 436 1872 1873 437
1516 3 3 3 90 0 437 1873 1874 438
1517 3 3 3 90 0 438 1874 1875 439
1518 3 3 3 90 0 439 1875 1876 440
1519 3 3 3 90 0 440 1876 1877 441
1520 3 3 3 90 0 441 1877 397 21
1521 3 3 3 90 0 313 314 1878 1867
1522 3 3 3 90 0 1867 1878 1879 1868
1523 3 3 3 90 0 1868 1879 1880 1869
1524 3 3 3 90 0 1869 1880 1881 1870
1525 3 3 3 90 0 1870 1881 1882 1871
1526 3 3 3 90 0 1871 1882 1883 1872
1527 3 3 3 90 0 1872 1883 1884 1873
1528 3 3 3 90 0 1873 1884 1885 1874
1529 3 3 3 90 0 1874 1885 1886 1875
1530 3 3 3 90 0 1875 1886 1887 1876
1531 3 3 3 90 0 1876 1887 1888 1877
1532 3 3 3 90 0 1877 1888 398 397
1533 3 3 3 90 0 314 315 1889 1878
1534 3 3 3 90 0 1878 1889 1890 1879
1535 3 3 3 90 0 1879 1890 1891 1880
1536 3 3 3 90 0 1880 1891 1892 1881
1537 3 3 3 90 0 1881 1892 1893 1882
1538 3 3 3 90 0 1882 1893 1894 1883
1539 3 3 3 90 0 1883 1894 1895 1884
1540 3 3 3 90 0 1884 1895 1896 1885
1541 3 3 3 90 0 1885 1896 1897 1886
1542 3 3 3 90 0 1886 1897 1898 1887
1543 3 3 3 90 0 1887 1898 1899 1888
1544 3 3 3 90 0 1888 1899 399 398
1545 3 3 3 90 0 315 16 442 1889
1546 3 3 3 90 0 1889 442 443 1890
1547 3 3 3 90 0 1890 443 444 1891
1548 3 3 3 90 0 1891 444 445 1892
1549 3 3 3 90 0 1892 445 446 1893
1550 3 3 3 90 0 1893 446 447 1894
1551 3 3 3 90 0 1894 447 448 1895
1552 3 3 3 90 0 1895 448 449 1896
1553 3 3 3 90 0 1896 449 450 1897
1554 3 3 3 90 0 1897 450 451 1898
1555 3 3 3 90 0 1898 451 452 1899
1556 3 3 3 90 0 1899 452 22 399
1557 3 3 3 94 0 16 316 1900 442
1558 3 3 3 94 0 442 1900 1901 443
1559 3 3 3 94 0 443 1901 1902 444
1560 3 3 3 94 0 444 1902 1903 445
1561 3 3 3 94 0 445 1903 1904 446
1562 3 3 3 94 0 446 1904 1905 447
1563 3 3 3 94 0 447 1905 1906 448
1564 3 3 3 94 0 448 1906 1907 449
1565 3 3 3 94 0 449 1907 1908 450
1566 3 3 3 94 0 450 1908 1909 451
1567 3 3 3 94 0 451 1909 1910 452
1568 3 3 3 94 0 452 1910 400 22
1569 3 3 3 94 0 316 317 1911 1900
1570 3 3 3 94 0 1900 1911 1912 1901
1571 3 3 3 94 0 1901 1912 1913 1902
1572 3 3 3 94 0 1902 1913 1914 1903
1573 3 3 3 94 0 1903 1914 1915 1904
1574 3 3 3 94 0 1904 1915 1916 1905
1575 3 3 3 94 0 1905 1916 1917 1906
1576 3 3 3 94 0 1906 1917 1918 1907
1577 3 3 3 94 0 1907 1918 1919 1908
1578 3 3 3 94 0 1908 1919 1920 1909
1579 3 3 3 94 0 1909 1920 1921 1910
1580 3 3 3 94 0 1910 1921 401 400
1581 3 3 3 94 0 317 318 1922 1911
1582 3 3 3 94 0 1911 1922 1923 1912
1583 3 3 3 94 0 1912 1923 1924 1913
1584 3 3 3 94 0 1913 1924 1925 1914
1585 3 3 3 94 0 1914 1925 1926 1915
1586 3 3 3 94 0 1915 1926 1927 1916
1587 3 3 3 94 0 1916 1927 1928 1917
1588 3 3 3 94 0 1917 1928 1929 1918
1589 3 3 3 94 0 1918 1929 1930 1919
1590 3 3 3 94 0 1919 1930 1931 1920
1591 3 3 3 94 0 1920 1931 1932 1921
1592 3 3 3 94 0 1921 1932 402 401
1593 3 3 3 94 0 318 17 453 1922
1594 3 3 3 94 0 1922 453 454 1923
1595 3 3 3 94 0 1923 454 455 1924
1596 3 3 3 94 0 1924 455 456 1925
1597 3 3 3 94 0 1925 456 457 1926
1598 3 3 3 94 0 1926 457 458 1927
1599 3 3 3 94 0 1927 458 459 1928
1600 3 3 3 94 0 1928 459 460 1929
1601 3 3 3 94 0 1929 460 461 1930
1602 3 3 3 94 0 1930 461 462 1931
1603 3 3 3 94 0 1931 462 463 1932
1604 3 3 3 94 0 1932 463 23 402
1605 3 3 3 98 0 17 319 1933 453
1606 3 3 3 98 0 453 1933 1934 454
1607 3 3 3 98 0 454 1934 1935 455
1608 3 3 3 98 0 455 1935 1936 456
1609 3 3 3 98 0 456 1936 1937 457
1610 3 3 3 98 0 457 1937 1938 458
1611 3 3 3 98 0 458 1938 1939 459
1612 3 3 3 98 0 459 1939 1940 460
1613 3 3 3 98 0 460 1940 1941 461
1614 3 3 3 98 0 461 1941 1942 462
1615 3 3 3 98 0 462 1942 1943 463
1616 3 3 3 98 0 463 1943 403 23
1617 3 3 3 98 0 319 320 1944 1933
1618 3 3 3 98 0 1933 1944 1945 1934
1619 3 3 3 98 0 1934 1945 1946 1935
1620 3 3 3 98 0 1935 1946 1947 1936
1621 3 3 3 98 0 1936 1947 1948 1937
1622 3 3 3 98 0 1937 1948 1949 1938
1623 3 3 3 98 0 1938 1949 1950 1939
1624 3 3 3 98 0 1939 1950 1951 1940
1625 3 3 3 98 0 1940 1951 1952 1941
1626 3 3 3 98 0 1941 1952 1953 1942
1627 3 3 3 98 0 1942 1953 1954 1943
1628 3 3 3 98 0 1943 1954 404 403
1629 3 3 3 98 0 320 321 1955 1944
1630 3 3 3 98 0 1944 1955 1956 1945
1631 3 3 3 98 0 1945 1956 1957 1946
1632 3 3 3 98 0 1946 1957 1958 1947
1633 3 3 3 98 0 1947 1958 1959 1948
1634 3 3 3 98 0 1948 1959 1960 1949
1635 3 3 3 98 0 1949 1960 1961 1950
1636 3 3 3 98 0 1950 1961 1962 1951
1637 3 3 3 98 0 1951 1962 1963 1952
1638 3 3 3 98 0 1952 1963 1964 1953
1639 3 3 3 98 0 1953 1964 1965 1954
1640 3 3 3 98 0 1954 1965 405 404
1641 3 3 3 98 0 321 18 464 1955
1642 3 3 3 98 0 1955 464 465 1956
1643 3 3 3 98 0 1956 465 466 1957
1644 3 3 3 98 0 1957 466 467 1958
1645 3 3 3 98 0 1958 467 468 1959
1646 3 3 3 98 0 1959 468 469 1960
1647 3 3 3 98 0 1960 469 470 1961
1648 3 3 3 98 0 1961 470 471 1962
1649 3 3 3 98 0 1962 471 472 1963
1650 3 3 3 98 0 1963 472 473 1964
1651 3 3 3 98 0 1964 473 474 1965
1652 3 3 3 98 0 1965 474 24 405
1653 3 3 3 102 0 18 322 1966 464
1654 3 3 3 102 0 464 1966 1967 465
1655 3 3 3 102 0 465 1967 1968 466
1656 3 3 3 102 0 466 1968 1969 467
1657 3 3 3 102 0 467 1969 1970 468
1658 3 3 3 102 0 468 1970 1971 469
1659 3 3 3 102 0 469 1971 1972 470
1660 3 3 3 102 0 470 1972 1973 471
1661 3 3 3 102 0 471 1973 1974 472
1662 3 3 3 102 0 472 1974 1975 473
1663 3 3 3 102 0 473 1975 1976 474
1664 3 3 3 102 0 474 1976 406 24
1665 3 3 3 102 0 322 323 1977 1966
1666 3 3 3 102 0 1966 1977 1978 1967
1667 3 3 3 102 0 1967 1978 1979 1968
1668 3 3 3 102 0 1968 1979 1980 1969
1669 3 3 3 102 0 1969 1980 1981 1970
1670 3 3 3 102 0 1970 1981 1982 1971
1671 3 3 3 102 0 1971 1982 1983 1972
1672 3 3 3 102 0 1972 1983 1984 1973
1673 3 3 3 102 0 1973 1984 1985 1974
1674 3 3 3 102 0 1974 1985 1986 1975
1675 3 3 3 102 0 1975 1986 1987 1976
1676 3 3 3 102 0 1976 1987 407 406
1677 3 3 3 102 0 323 324 1988 1977
1678 3 3 3 102 0 1977 1988 1989 1978
1679 3 3 3 102 0 1978 1989 1990 1979
1680 3 3 3 102 0 1979 1990 1991 1980
1681 3 3 3 102 0 1980 1991 1992 1981
1682 3 3 3 102 0 1981 1992 1993 1982
1683 3 3 3 102 0 1982 1993 1994 1983
1684 3 3 3 102 0 1983 1994 1995 1984
1685 3 3 3 102 0 1984 1995 1996 1985
1686 3 3 3 102 0 1985 1996 1997 1986
1687 3 3 3 102 0 1986 1997 1998 1987
1688 3 3 3 102 0 1987 1998 408 407
1689 3 3 3 102 0 324 13 409 1988
1690 3 3 3 102 0 1988 409 410 1989
1691 3 3 3 102 0 1989 410 411 1990
1692 3 3 3 102 0 1990 411 412 1991
1693 3 3 3 102 0 1991 412 413 1992
1694 3 3 3 102 0 1992 413 414 1993
1695 3 3 3 102 0 1993 414 415 1994
1696 3 3 3 102 0 1994 415 416 1995
1697 3 3 3 102 0 1995 416 417 1996
1698 3 3 3 102 0 1996 417 418 1997
1699 3 3 3 102 0 1997 418 419 1998
1700 3 3 3 102 0 1998 419 19 408
1701 3 3 4 114 0 19 391 2029 493
1702 3 3 4 114 0 493 2029 2030 494
1703 3 3 4 114 0 494 2030 2031 495
1704 3 3 4 114 0 495 2031 2032 496
1705 3 3 4 114 0 496 2032 2033 497
1706 3 3 4 114 0 497 2033 2034 498
1707 3 3 4 114 0 498 2034 2035 499
1708 3 3 4 114 0 499 2035 2036 500
1709 3 3 4 114 0 500 2036 2037 501
1710 3 3 4 114 0 501 2037 2038 502
1711 3 3 4 114 0 502 2038 2039 503
1712 3 3 4 114 0 503 2039 475 25
1713 3 3 4 114 0 391 392 2040 2029
1714 3 3 4 114 0 2029 2040 2041 2030
1715 3 3 4 114 0 2030 2041 2042 2031
1716 3 3 4 114 0 2031 2042 2043 2032
1717 3 3 4 114 0 2032 2043 2044 2033
1718 3 3 4 114 0 2033 2044 2045 2034
1719 3 3 4 114 0 2034 2045 2046 2035
1720 3 3 4 114 0 2035 2046 2047 2036
1721 3 3 4 114 0 2036 2047 2048 2037
1722 3 3 4 114 0 2037 2048 2049 2038
1723 3 3 4 114 0 2038 2049 2050 2039
1724 3 3 4 114 0 2039 2050 476 475
1725 3 3 4 114 0 392 393 2051 2040
1726 3 3 4 114 0 2040 2051 2052 2041
1727 3 3 4 114 0 2041 2052 2053 2042
1728 3 3 4 114 0 2042 2053 2054 2043
1729 3 3 4 114 0 2043 2054 2055 2044
1730 3 3 4 114 0 2044 2055 2056 2045
1731 3 3 4 114 0 2045 2056 2057 2046
1732 3 3 4 114 0 2046 2057 2058 2047
1733 3 3 4 114 0 2047 2058 2059 2048
1734 3 3 4 114 0 2048 2059 2060 2049
1735 3 3 4 114 0 2049 2060 2061 2050
1736 3 3 4 114 0 2050 2061 477 476
1737 3 3 4 114 0 393 20 504 2051
1738 3 3 4 114 0 2051 504 505 2052
1739 3 3 4 114 0 2052 505 506 2053
1740 3 3 4 114 0 2053 506 507 2054
1741 3 3 4 114 0 2054 507 508 2055
1742 3 3 4 114 0 2055 508 509 2056
1743 3 3 4 114 0 2056 509 510 2057
1744 3 3 4 114 0 2057 510 511 2058
1745 3 3 4 114 0 2058 511 512 2059
1746 3 3 4 114 0 2059 512 513 2060
1747 3 3 4 114 0 2060 513 514 2061
1748 3 3 4 114 0 2061 514 26 477
1749 3 3 4 118 0 20 394 2062 504
1750 3 3 4 118 0 504 2062 2063 505
1751 3 3 4 118 0 505 2063 2064 506
1752 3 3 4 118 0 506 2064 2065 507
1753 3 3 4 118 0 507 2065 2066 508
1754 3 3 4 118 0 508 2066 2067 509
1755 3 3 4 118 0 509 2067 2068 510
1756 3 3 4 118 0 510 2068 2069 511
1757 3 3 4 118 0 511 2069 2070 512
1758 3 3 4 118 0 512 2070 2071 513
1759 3 3 4 118 0 513 2071 2072 514
1760 3 3 4 118 0 514 2072 478 26
1761 3 3 4 118 0 394 395 2073 2062
1762 3 3 4 118 0 2062 2073 2074 2063
1763 3 3 4 118 0 2063 2074 2075 2064
1764 3 3 4 118 0 2064 2075 2076 2065
1765 3 3 4 118 0 2065 2076 2077 2066
1766 3 3 4 118 0 2066 2077 2078 2067
1767 3 3 4 118 0 2067 2078 2079 2068
1768 3 3 4 118 0 2068 2079 2080 2069
1769 3 3 4 118 0 2069 2080 2081 2070
1770 3 3 4 118 0 2070 2081 2082 2071
1771 3 3 4 118 0 2071 2082 2083 2072
1772 3 3 4 118 0 2072 2083 479 478
1773 3 3 4 118 0 395 396 2084 2073
1774 3 3 4 118 0 2073 2084 2085 2074
1775 3 3 4 118 0 2074 2085 2086 2075
1776 3 3 4 118 0 2075 2086 2087 2076
1777 3 3 4 118 0 2076 2087 2088 2077
1778 3 3 4 118 0 2077 2088 2089 2078
1779 3 3 4 118 0 2078 2089 2090 2079
1780 3 3 4 118 0 2079 2090 2091 2080
1781 3 3 4 118 0 2080 2091 2092 2081
1782 3 3 4 118 0 2081 2092 2093 2082
1783 3 3 4 118 0 2082 2093 2094 2083
1784 3 3 4 118 0 2083 2094 480 479
1785 3 3 4 118 0 396 21 515 2084
1786 3 3 4 118 0 2084 515 516 2085
1787 3 3 4 118 0 2085 516 517 2086
1788 3 3 4 118 0 2086 517 518 2087
1789 3 3 4 118 0 2087 518 519 2088
1790 3 3 4 118 0 2088 519 520 2089
1791 3 3 4 118 0 2089 520 521 2090
1792 3 3 4 118 0 2090 521 522 2091
1793 3 3 4 118 0 2091 522 523 2092
1794 3 3 4 118 0 2092 523 524 2093
1795 3 3 4 118 0 2093 524 525 2094
1796 3 3 4 118 0 2094 525 27 480
1797 3 3 4 122 0 21 397 2095 515
1798 3 3 4 122 0 515 2095 2096 516
1799 3 3 4 122 0 516 2096 2097 517
1800 3 3 4 122 0 517 2097 2098 518
1801 3 3 4 122 0 518 2098 2099 519
1802 3 3 4 122 0 519 2099 2100 520
1803 3 3 4 122 0 520 2100 2101 521
1804 3 3 4 122 0 521 2101 2102 522
1805 3 3 4 122 0 522 2102 2103 523
1806 3 3 4 122 0 523 2103 2104 524
1807 3 3 4 122 0 524 2104 2105 525
1808 3 3 4 122 0 525 2105 481 27
1809 3 3 4 122 0 397 398 2106 2095
1810 3 3 4 122 0 2095 2106 2107 2096
1811 3 3 4 122 0 2096 2107 2108 2097
1812 3 3 4 122 0 2097 2108 2109 2098
1813 3 3 4 122 0 2098 2109 2110 2099
1814 3 3 4 122 0 2099 2110 2111 2100
1815 3 3 4 122 0 2100 2111 2112 2101
1816 3 3 4 122 0 2101 2112 2113 2102
1817 3 3 4 122 0 2102 2113 2114 2103
1818 3 3 4 122 0 2103 2114 2115 2104
1819 3 3 4 122 0 2104 2115 2116 2105
1820 3 3 4 122 0 2105 2116 482 481
1821 3 3 4 122 0 398 399 2117 2106
1822 3 3 4 122 0 2106 2117 2118 2107
1823 3 3 4 122 0 2107 2118 2119 2108
1824 3 3 4 122 0 2108 2119 2120 2109
1825 3 3 4 122 0 2109 2120 2121 2110
1826 3 3 4 122 0 2110 2121 2122 2111
1827 3 3 4 122 0 2111 2122 2123 2112
1828 3 3 4 122 0 2112 2123 2124 2113
1829 3 3 4 122 0 2113 2124 2125 2114
1830 3 3 4 122 0 2114 2125 2126 2115
1831 3 3 4 122 0 2115 2126 2127 2116
1832 3 3 4 122 0 2116 2127 483 482
1833 3 3 4 122 0 399 22 526 2117
1834 3 3 4 122 0 2117 526 527 2118
1835 3 3 4 122 0 2118 527 528 2119
1836 3 3 4 122 0 2119 528 529 2120
1837 3 3 4 122 0 2120 529 530 2121
1838 3 3 4 122 0 2121 530 531 2122
1839 3 3 4 122 0 2122 531 532 2123
1840 3 3 4 122 0 2123 532 533 2124
1841 3 3 4 122 0 2124 533 534 2125
1842 3 3 4 122 0 2125 534 535 2126
1843 3 3 4 122 0 2126 535 536 2127
1844 3 3 4 122 0 2127 536 28 483
1845 3 3 4 126 0 22 400 2128 526
1846 3 3 4 126 0 526 2128 2129 527
1847 3 3 4 126 0 527 2129 2130 528
1848 3 3 4 126 0 528 2130 2131 529
1849 3 3 4 126 0 529 2131 2132 530
1850 3 3 4 126 0 530 2132 2133 531
1851 3 3 4 126 0 531 2133 2134 532
1852 3 3 4 126 0 532 2134 2135 533
1853 3 3 4 126 0 533 2135 2136 534
1854 3 3 4 126 0 534 2136 2137 535
1855 3 3 4 126 0 535 2137 2138 536
1856 3 3 4 126 0 536 2138 484 28
1857 3 3 4 126 0 400 401 2139 2128
1858 3 3 4 126 0 2128 2139 2140 2129
1859 3 3 4 126 0 2129 2140 2141 2130
1860 3 3 4 126 0 2130 2141 2142 2131
1861 3 3 4 126 0 2131 2142 2143 2132
1862 3 3 4 126 0 2132 2143 2144 2133
1863 3 3 4 126 0 2133 2144 2145 2134
1864 3 3 4 126 0 2134 2145 2146 2135
1865 3 3 4 126 0 2135 2146 2147 2136
1866 3 3 4 126 0 2136 2147 2148 2137
1867 3 3 4 126 0 2137 2148 2149 2138
1868 3 3 4 126 0 2138 2149 485 484
1869 3 3 4 126 0 401 402 2150 2139
1870 3 3 4 126 0 2139 2150 2151 2140
1871 3 3 4 126 0 2140 2151 2152 2141
1872 3 3 4 126 0 2141 2152 2153 2142
1873 3 3 4 126 0 2142 2153 2154 2143
1874 3 3 4 126 0 2143 2154 2155 2144
1875 3 3 4 126 0 2144 2155 2156 2145
1876 3 3 4 126 0 2145 2156 2157 2146
1877 3 3 4 126 0 2146 2157 2158 2147
1878 3 3 4 126 0 2147 2158 2159 2148
1879 3 3 4 126 0 2148 2159 2160 2149
1880 3 3 4 126 0 2149 2160 486 485
1881 3 3 4 126 0 402 23 537 2150
1882 3 3 4 126 0 2150 537 538 2151
1883 3 3 4 126 0 2151 538 539 2152
1884 3 3 4 126 0 2152 539 540 2153
1885 3 3 4 126 0 2153 540 541 2154
1886 3 3 4 126 0 2154 541 542 2155
1887 3 3 4 126 0 2155 542 543 2156
1888 3 3 4 126 0 2156 543 544 2157
1889 3 3 4 126 0 2157 544 545 2158
1890 3 3 4 126 0 2158 545 546 2159
1891 3 3 4 126 0 2159 546 547 2160
1892 3 3 4 126 0 2160 547 29 486
1893 3 3 4 130 0 23 403 2161 537
1894 3 3 4 130 0 537 2161 2162 538
1895 3 3 4 130 0 538 2162 2163 539
1896 3 3 4 130 0 539 2163 2164 540
1897 3 3 4 130 0 540 2164 2165 541
1898 3 3 4 130 0 541 2165 2166 542
1899 3 3 4 130 0 542 2166 2167 543
1900 3 3 4 130 0 543 2167 2168 544
1901 3 3 4 130 0 544 2168 2169 545
1902 3 3 4 130 0 545 2169 2170 546
1903 3 3 4 130 0 546 2170 2171 547
1904 3 3 4 130 0 547 2171 487 29
1905 3 3 4 130 0 403 404 2172 2161
1906 3 3 4 130 0 2161 2172 2173 2162
1907 3 3 4 130 0 2162 2173 2174 2163
1908 3 3 4 130 0 2163 2174 2175 2164
1909 3 3 4 130 0 2164 2175 2176 2165
1910 3 3 4 130 0 2165 2176 2177 2166
1911 3 3 4 130 0 2166 2177 2178 2167
1912 3 3 4 130 0 2167 2178 2179 2168
1913 3 3 4 130 0 2168 2179 2180 2169
1914 3 3 4 130 0 2169 2180 2181 2170
1915 3 3 4 130 0 2170 2181 2182 2171
1916 3 3 4 130 0 2171 2182 488 487
1917 3 3 4 130 0 404 405 2183 2172
1918 3 3 4 130 0 2172 2183 2184 2173
1919 3 3 4 130 0 2173 2184 2185 2174
1920 3 3 4 130 0 2174 2185 2186 2175
1921 3 3 4 130 0 2175 2186 2187 2176
1922 3 3 4 130 0 2176 2187 2188 2177
1923 3 3 4 130 0 2177 2188 2189 2178
1924 3 3 4 130 0 2178 2189 2190 2179
1925 3 3 4 130 0 2179 2190 2191 2180
1926 3 3 4 130 0 2180 2191 2192 2181
1927 3 3 4 130 0 2181 2192 2193 2182
1928 3 3 4 130 0 2182 2193 489 488
1929 3 3 4 130 0 405 24 548 2183
1930 3 3 4 130 0 2183 548 549 2184
1931 3 3 4 130 0 2184 549 550 2185
1932 3 3 4 130 0 2185 550 551 2186
1933 3 3 4 130 0 2186 551 552 2187
1934 3 3 4 130 0 2187 552 553 2188
1935 3 3 4 130 0 2188 553 554 2189
1936 3 3 4 130 0 2189 554 555 2190
1937 3 3 4 130 0 2190 555 556 2191
1938 3 3 4 130 0 2191 556 557 2192
1939 3 3 4 130 0 2192 557 558 2193
1940 3 3 4 130 0 2193 558 30 489
1941 3 3 4 134 0 24 406 2194 548
1942 3 3 4 134 0 548 2194 2195 549
1943 3 3 4 134 0 549 2195 2196 550
1944 3 3 4 134 0 550 2196 2197 551
1945 3 3 4 134 0 551 2197 2198 552
1946 3 3 4 134 0 552 2198 2199 553
1947 3 3 4 134 0 553 2199 2200 554
1948 3 3 4 134 0 554 2200 2201 555
1949 3 3 4 134 0 555 2201 2202 556
1950 3 3 4 134 0 556 2202 2203 557
1951 3 3 4 134 0 557 2203 2204 558
1952 3 3 4 134 0 558 2204 490 30
1953 3 3 4 134 0 406 407 2205 2194
1954 3 3 4 134 0 2194 2205 2206 2195
1955 3 3 4 134 0 2195 2206 2207 2196
1956 3 3 4 134 0 2196 2207 2208 2197
1957 3 3 4 134 0 2197 2208 2209 2198
1958 3 3 4 134 0 2198 2209 2210 2199
1959 3 3 4 134 0 2199 2210 2211 2200
1960 3 3 4 134 0 2200 2211 2212 2201
1961 3 3 4 134 0 2201 2212 2213 2202
1962 3 3 4 134 0 2202 2213 2214 2203
1963 3 3 4 134 0 2203 2214 2215 2204
1964 3 3 4 134 0 2204 2215 491 490
1965 3 3 4 134 0 407 408 2216 2205
1966 3 3 4 134 0 2205 2216 2217 2206
1967 3 3 4 134 0 2206 2217 2218 2207
1968 3 3 4 134 0 2207 2218 2219 2208
1969 3 3 4 134 0 2208 2219 2220 2209
1970 3 3 4 134 0 2209 2220 2221 2210
1971 3 3 4 134 0 2210 2221 2222 2211
1972 3 3 4 134 0 2211 2222 2223 2212
1973 3 3 4 134 0 2212 2223 2224 2213
1974 3 3 4 134 0 2213 2224 2225 2214
1975 3 3 4 134 0 2214 2225 2226 2215
1976 3 3 4 134 0 2215 2226 492 491
1977 3 3 4 134 0 408 19 493 2216
1978 3 3 4 134 0 2216 493 494 2217
1979 3 3 4 134 0 2217 494 495 2218
1980 3 3 4 134 0 2218 495 496 2219
1981 3 3 4 134 0 2219 496 497 2220
1982 3 3 4 134 0 2220 497 498 2221
1983 3 3 4 134 0 2221 498 499 2222
1984 3 3 4 134 0 2222 499 500 2223
1985 3 3 4 134 0 2223 500 501 2224
1986 3 3 4 134 0 2224 501 502 2225
1987 3 3 4 134 0 2225 502 503 2226
1988 3 3 4 134 0 2226 503 25 492
1989 3 3 4 146 0 25 475 2257 577
1990 3 3 4 146 0 577 2257 2258 578
1991 3 3 4 146 0 578 2258 2259 579
1992 3 3 4 146 0 579 2259 2260 580
1993 3 3 4 146 0 580 2260 2261 581
1994 3 3 4 146 0 581 2261 2262 582
1995 3 3 4 146 0 582 2262 2263 583
1996 3 3 4 146 0 583 2263 2264 584
1997 3 3 4 146 0 584 2264 2265 585
1998 3 3 4 146 0 585 2265 2266 586
1999 3 3 4 146 0 586 2266 2267 587
2000 3 3 4 146 0 587 2267 2268 588
2001 3 3 4 146 0 588 2268 2269 589
2002 3 3 4 146 0 589 2269 2270 590
2003 3 3 4 146 0 590 2270 2271 591
2004 3 3 4 146 0 591 2271 2272 592
2005 3 3 4 146 0 592 2272 2273 593
2006 3 3 4 146 0 593 2273 2274 594
2007 3 3 4 146 0 594 2274 2275 595
2008 3 3 4 146 0 595 2275 2276 596
2009 3 3 4 146 0 596 2276 2277 597
2010 3 3 4 146 0 597 2277 2278 598
2011 3 3 4 146 0 598 2278 2279 599
2012 3 3 4 146 0 599 2279 2280 600
2013 3 3 4 146 0 600 2280 2281 601
2014 3 3 4 146 0 601 2281 2282 602
2015 3 3 4 146 0 602 2282 2283 603
2016 3 3 4 146 0 603 2283 2284 604
2017 3 3 4 146 0 604 2284 2285 605
2018 3 3 4 146 0 605 2285 2286 606
2019 3 3 4 146 0 606 2286 2287 607
2020 3 3 4 146 0 607 2287 2288 608
2021 3 3 4 146 0 608 2288 2289 609
2022 3 3 4 146 0 609 2289 2290 610
2023 3 3 4 146 0 610 2290 2291 611
2024 3 3 4 146 0 611 2291 2292 612
2025 3 3 4 146 0 612 2292 2293 613
2026 3 3 4 146 0 613 2293 2294 614
2027 3 3 4 146 0 614 2294 2295 615
2028 3 3 4 146 0 615 2295 559 31
2029 3 3 4 146 0 475 476 2296 2257
2030 3 3 4 146 0 2257 2296 2297 2258
2031 3 3 4 146 0 2258 2297 2298 2259
2032 3 3 4 146 0 2259 2298 2299 2260
2033 3 3 4 146 0 2260 2299 2300 2261
2034 3 3 4 146 0 2261 2300 2301 2262
2035 3 3 4 146 0 2262 2301 2302 2263
2036 3 3 4 146 0 2263 2302 2303 2264
2037 3 3 4 146 0 2264 2303 2304 2265
2038 3 3 4 146 0 2265 2304 2305 2266
2039 3 3 4 146 0 2266 2305 2306 2267
2040 3 3 4 146 0 2267 2306 2307 2268
2041 3 3 4 146 0 2268 2307 2308 2269
2042 3 3 4 146 0 2269 2308 2309 2270
2043 3 3 4 146 0 2270 2309 2310 2271
2044 3 3 4 146 0 2271 2310 2311 2272
2045 3 3 4 146 0 2272 2311 2312 2273
2046 3 3 4 146 0 2273 2312 2313 2274
2047 3 3 4 146 0 2274 2313 2314 2275
2048 3 3 4 146 0 2275 2314 2315 2276
2049 3 3 4 146 0 2276 2315 2316 2277
2050 3 3 4 146 0 2277 2316 2317 2278
2051 3 3 4 146 0 2278 2317 2318 2279
2052 3 3 4 146 0 2279 2318 2319 2280
2053 3 3 4 146 0 2280 2319 2320 2281
2054 3 3 4 146 0 2281 2320 2321 2282
2055 3 3 4 146 0 2282 2321 2322 2283
2056 3 3 4 146 0 2283 2322 2323 2284
2057 3 3 4 146 0 2284 2323 2324 2285
2058 3 3 4 146 0 2285 2324 2325 2286
2059 3 3 4 146 0 2286 2325 2326 2287
2060 3 3 4 146 0 2287 2326 2327 2288
2061 3 3 4 146 0 2288 2327 2328 2289
2062 3 3 4 146 0 2289 2328 2329 2290
2063 3 3 4 146 0 2290 2329 2330 2291
2064 3 3 4 146 0 2291 2330 2331 2292
2065 3 3 4 146 0 2292 2331 2332 2293
2066 3 3 4 146 0 2293 2332 2333 2294
2067 3 3 4 146 0 2294 2333 2334 2295
2068 3 3 4 146 0 2295 2334 560 559
2069 3 3 4 146 0 476 477 2335 2296
2070 3 3 4 146 0 2296 2335 2336 2297
2071 3 3 4 146 0 2297 2336 2337 2298
2072 3 3 4 146 0 2298 2337 2338 2299
2073 3 3 4 146 0 2299 2338 2339 2300
2074 3 3 4 146 0 2300 2339 2340 2301
2075 3 3 4 146 0 2301 2340 2341 2302
2076 3 3 4 146 0 2302 2341 2342 2303
2077 3 3 4 146 0 2303 2342 2343 2304
2078 3 3 4 146 0 2304 2343 2344 2305
2079 3 3 4 146 0 2305 2344 2345 2306
2080 3 3 4 146 0 2306 2345 2346 2307
2081 3 3 4 146 0 2307 2346 2347 2308
2082 3 3 4 146 0 2308 2347 2348 2309
2083 3 3 4 146 0 2309 2348 2349 2310
2084 3 3 4 146 0 2310 2349 2350 2311
2085 3 3 4 146 0 2311 2350 2351 2312
2086 3 3 4 146 0 2312 2351 2352 2313
2087 3 3 4 146 0 2313 2352 2353 2314
2088 3 3 4 146 0 2314 2353 2354 2315
2089 3 3 4 146 0 2315 2354 2355 2316
2090 3 3 4 146 0 2316 2355 2356 2317
2091 3 3 4 146 0 2317 2356 2357 2318
2092 3 3 4 146 0 2318 2357 2358 2319
2093 3 3 4 146 0 2319 2358 2359 2320
2094 3 3 4 146 0 2320 2359 2360 2321
2095 3 3 4 146 0 2321 2360 2361 2322
2096 3 3 4 146 0 2322 2361 2362 2323
2097 3 3 4 146 0 2323 2362 2363 2324
2098 3 3 4 146 0 2324 2363 2364 2325
2099 3 3 4 146 0 2325 2364 2365 2326
2100 3 3 4 146 0 2326 2365 2366 2327
2101 3 3 4 146 0 2327 2366 2367 2328
2102 3 3 4 146 0 2328 2367 2368 2329
2103 3 3 4 146 0 2329 2368 2369 2330
2104 3 3 4 146 0 2330 2369 2370 2331
2105 3 3 4 146 0 2331 2370 2371 2332
2106 3 3 4 146 0 2332 2371 2372 2333
2107 3 3 4 146 0 2333 2372 2373 2334
2108 3 3 4 146 0 2334 2373 561 560
2109 3 3 4 146 0 477 26 616 2335
2110 3 3 4 146 0 2335 616 617 2336
2111 3 3 4 146 0 2336 617 618 2337
2112 3 3 4 146 0 2337 618 619 2338
2113 3 3 4 146 0 2338 619 620 2339
2114 3 3 4 146 0 2339 620 621 2340
2115 3 3 4 146 0 2340 621 622 2341
2116 3 3 4 146 0 2341 622 623 2342
2117 3 3 4 146 0 2342 623 624 2343
2118 3 3 4 146 0 2343 624 625 2344
2119 3 3 4 146 0 2344 625 626 2345
2120 3 3 4 146 0 2345 626 627 2346
2121 3 3 4 146 0 2346 627 628 2347
2122 3 3 4 146 0 2347 628 629 2348
2123 3 3 4 146 0 2348 629 630 2349
2124 3 3 4 146 0 2349 630 631 2350
2125 3 3 4 146 0 2350 631 632 2351
2126 3 3 4 146 0 2351 632 633 2352
2127 3 3 4 146 0 2352 633 634 2353
2128 3 3 4 146 0 2353 634 635 2354
2129 3 3 4 146 0 2354 635 636 2355
2130 3 3 4 146 0 2355 636 637 2356
2131 3 3 4 146 0 2356 637 638 2357
2132 3 3 4 146 0 2357 638 639 2358
2133 3 3 4 146 0 2358 639 640 2359
2134 3 3 4 146 0 2359 640 641 2360
2135 3 3 4 146 0 2360 641 642 2361
2136 3 3 4 146 0 2361 642 643 2362
2137 3 3 4 146 0 2362 643 644 2363
2138 3 3 4 146 0 2363 644 645 2364
2139 3 3 4 146 0 2364 645 646 2365
2140 3 3 4 146 0 2365 646 647 2366
2141 3 3 4 146 0 2366 647 648 2367
2142 3 3 4 146 0 2367 648 649 2368
2143 3 3 4 146 0 2368 649 650 2369
2144 3 3 4 146 0 2369 650 651 2370
2145 3 3 4 146 0 2370 651 652 2371
2146 3 3 4 146 0 2371 652 653 2372
2147 3 3 4 146 0 2372 653 654 2373
2148 3 3 4 146 0 2373 654 32 561
2149 3 3 4 150 0 26 478 2374 616
2150 3 3 4 150 0 616 2374 2375 617
2151 3 3 4 150 0 617 2375 2376 618
2152 3 3 4 150 0 618 2376 2377 619
2153 3 3 4 150 0 619 2377 2378 620
2154 3 3 4 150 0 620 2378 2379 621
2155 3 3 4 150 0 621 2379 2380 622
2156 3 3 4 150 0 622 2380 2381 623
2157 3 3 4 150 0 623 2381 2382 624
2158 3 3 4 150 0 624 2382 2383 625
2159 3 3 4 150 0 625 2383 2384 626
2160 3 3 4 150 0 626 2384 2385 627
2161 3 3 4 150 0 627 2385 2386 628
2162 3 3 4 150 0 628 2386 2387 629
2163 3 3 4 150 0 629 2387 2388 630
2164 3 3 4 150 0 630 2388 2389 631
2165 3 3 4 150 0 631 2389 2390 632
2166 3 3 4 150 0 632 2390 2391 633
2167 3 3 4 150 0 633 2391 2392 634
2168 3 3 4 150 0 634 2392 2393 635
2169 3 3 4 150 0 635 2393 2394 636
2170 3 3 4 150 0 636 2394 2395 637
2171 3 3 4 150 0 637 2395 2396 638
2172 3 3 4 150 0 638 2396 2397 639
2173 3 3 4 150 0 639 2397 2398 640
2174 3 3 4 150 0 640 2398 2399 641
2175 3 3 4 150 0 641 2399 2400 642
2176 3 3 4 150 0 642 2400 2401 643
2177 3 3 4 150 0 643 2401 2402 644
2178 3 3 4 150 0 644 2402 2403 645
2179 3 3 4 150 0 645 2403 2404 646
2180 3 3 4 150 0 646 2404 2405 647
2181 3 3 4 150 0 647 2405 2406 648
2182 3 3 4 150 0 648 2406 2407 649
2183 3 3 4 150 0 649 2407 2408 650
2184 3 3 4 150 0 650 2408 2409 651
2185 3 3 4 150 0 651 2409 2410 652
2186 3 3 4 150 0 652 2410 2411 653
2187 3 3 4 150 0 653 2411 2412 654
2188 3 3 4 150 0 654 2412 562 32
2189 3 3 4 150 0 478 479 2413 2374
2190 3 3 4 150 0 2374 2413 2414 2375
2191 3 3 4 150 0 2375 2414 2415 2376
2192 3 3 4 150 0 2376 2415 2416 2377
2193 3 3 4 150 0 2377 2416 2417 2378
2194 3 3 4 150 0 2378 2417 2418 2379
2195 3 3 4 150 0 2379 2418 2419 2380
2196 3 3 4 150 0 2380 2419 2420 2381
2197 3 3 4 150 0 2381 2420 2421 2382
2198 3 3 4 150 0 2382 2421 2422 2383
2199 3 3 4 150 0 2383 2422 2423 2384
2200 3 3 4 150 0 2384 2423 2424 2385
2201 3 3 4 150 0 2385 2424 2425 2386
2202 3 3 4 150 0 2386 2425 2426 2387
2203 3 3 4 150 0 2387 2426 2427 2388
2204 3 3 4 150 0 2388 2427 2428 2389
2205 3 3 4 150 0 2389 2428 2429 2390
2206 3 3 4 150 0 2390 2429 2430 2391
2207 3 3 4 150 0 2391 2430 2431 2392
2208 3 3 4 150 0 2392 2431 2432 2393
2209 3 3 4 150 0 2393 2432 2433 2394
2210 3 3 4 150 0 2394 2433 2434 2395
2211 3 3 4 150 0 2395 2434 2435 2396
2212 3 3 4 150 0 2396 2435 2436 2397
2213 3 3 4 150 0 2397 2436 2437 2398
2214 3 3 4 150 0 2398 2437 2438 2399
2215 3 3 4 150 0 2399 2438 2439 2400
2216 3 3 4 150 0 2400 2439 2440 2401
2217 3 3 4 150 0 2401 2440 2441 2402
2218 3 3 4 150 0 2402 2441 2442 2403
2219 3 3 4 150 0 2403 2442 2443 2404
2220 3 3 4 150 0 2404 2443 2444 2405
2221 3 3 4 150 0 2405 2444 2445 2406
2222 3 3 4 150 0 2406 2445 2446 2407
2223 3 3 4 150 0 2407 2446 2447 2408
2224 3 3 4 150 0 2408 2447 2448 2409
2225 3 3 4 150 0 2409 2448 2449 2410
2226 3 3 4 150 0 2410 2449 2450 2411
2227 3 3 4 150 0 2411 2450 2451 2412
2228 3 3 4 150 0 2412 2451 563 562
2229 3 3 4 150 0 479 480 2452 2413
2230 3 3 4 150 0 2413 2452 2453 2414
2231 3 3 4 150 0 2414 2453 2454 2415
2232 3 3 4 150 0 2415 2454 2455 2416
2233 3 3 4 150 0 2416 2455 2456 2417
2234 3 3 4 150 0 2417 2456 2457 2418
2235 3 3 4 150 0 2418 2457 2458 2419
2236 3 3 4 150 0 2419 2458 2459 2420
2237 3 3 4 150 0 2420 2459 2460 2421
2238 3 3 4 150 0 2421 2460 2461 2422
2239 3 3 4 150 0 2422 2461 2462 2423
2240 3 3 4 150 0 2423 2462 2463 2424
2241 3 3 4 150 0 2424 2463 2464 2425
2242 3 3 4 150 0 2425 2464 2465 2426
2243 3 3 4 150 0 2426 2465 2466 2427
2244 3 3 4 150 0 2427 2466 2467 2428
2245 3 3 4 150 0 2428 2467 2468 2429
2246 3 3 4 150 0 2429 2468 2469 2430
2247 3 3 4 150 0 2430 2469 2470 2431
2248 3 3 4 150 0 2431 2470 2471 2432
2249 3 3 4 150 0 2432 2471 2472 2433
2250 3 3 4 150 0 2433 2472 2473 2434
2251 3 3 4 150 0 2434 2473 2474 2435
2252 3 3 4 150 0 2435 2474 2475 2436
2253 3 3 4 150 0 2436 2475 2476 2437
2254 3 3 4 150 0 2437 2476 2477 2438
2255 3 3 4 150 0 2438 2477 2478 2439
2256 3 3 4 150 0 2439 2478 2479 2440
2257 3 3 4 150 0 2440 2479 2480 2441
2258 3 3 4 150 0 2441 2480 2481 2442
2259 3 3 4 150 0 2442 2481 2482 2443
2260 3 3 4 150 0 2443 2482 2483 2444
2261 3 3 4 150 0 2444 2483 2484 2445
2262 3 3 4 150 0 2445 2484 2485 2446
2263 3 3 4 150 0 2446 2485 2486 2447
2264 3 3 4 150 0 2447 2486 2487 2448
2265 3 3 4 150 0 2448 2487 2488 2449
2266 3 3 4 150 0 2449 2488 2489 2450
2267 3 3 4 150 0 2450 2489 2490 2451
2268 3 3 4 150 0 2451 2490 564 563
2269 3 3 4 150 0 480 27 655 2452
2270 3 3 4 150 0 2452 655 656 2453
2271 3 3 4 150 0 2453 656 657 2454
2272 3 3 4 150 0 2454 657 658 2455
2273 3 3 4 150 0 2455 658 659 2456
2274 3 3 4 150 0 2456 659 660 2457
2275 3 3 4 150 0 2457 660 661 2458
2276 3 3 4 150 0 2458 661 662 2459
2277 3 3 4 150 0 2459 662 663 2460
2278 3 3 4 150 0 2460 663 664 2461
2279 3 3 4 150 0 2461 664 665 2462
2280 3 3 4 150 0 2462 665 666 2463
2281 3 3 4 150 0 2463 666 667 2464
2282 3 3 4 150 0 2464 667 668 2465
2283 3 3 4 150 0 2465 668 669 2466
2284 3 3 4 150 0 2466 669 670 2467
2285 3 3 4 150 0 2467 670 671 2468
2286 3 3 4 150 0 2468 671 672 2469
2287 3 3 4 150 0 2469 672 673 2470
2288 3 3 4 150 0 2470 673 674 2471
2289 3 3 4 150 0 2471 674 675 2472
2290 3 3 4 150 0 2472 675 676 2473
2291 3 3 4 150 0 2473 676 677 2474
2292 3 3 4 150 0 2474 677 678 2475
2293 3 3 4 150 0 2475 678 679 2476
2294 3 3 4 150 0 2476 679 680 2477
2295 3 3 4 150 0 2477 680 681 2478
2296 3 3 4 150 0 2478 681 682 2479
2297 3 3 4 150 0 2479 682 683 2480
2298 3 3 4 150 0 2480 683 684 2481
2299 3 3 4 150 0 2481 684 685 2482
2300 3 3 4 150 0 2482 685 686 2483
2301 3 3 4 150 0 2483 686 687 2484
2302 3 3 4 150 0 2484 687 688 2485
2303 3 3 4 150 0 2485 688 689 2486
2304 3 3 4 150 0 2486 689 690 2487
2305 3 3 4 150 0 2487 690 691 2488
2306 3 3 4 150 0 2488 691 692 2489
2307 3 3 4 150 0 2489 692 693 2490
2308 3 3 4 150 0 2490 693 33 564
2309 3 3 4 154 0 27 481 2491 655
2310 3 3 4 154 0 655 2491 2492 656
2311 3 3 4 154 0 656 2492 2493 657
2312 3 3 4 154 0 657 2493 2494 658
2313 3 3 4 154 0 658 2494 2495 659
2314 3 3 4 154 0 659 2495 2496 660
2315 3 3 4 154 0 660 2496 2497 661
2316 3 3 4 154 0 661 2497 2498 662
2317 3 3 4 154 0 662 2498 2499 663
2318 3 3 4 154 0 663 2499 2500 664
2319 3 3 4 154 0 664 2500 2501 665
2320 3 3 4 154 0 665 2501 2502 666
2321 3 3 4 154 0 666 2502 2503 667
2322 3 3 4 154 0 667 2503 2504 668
2323 3 3 4 154 0 668 2504 2505 669
2324 3 3 4 154 0 669 2505 2506 670
2325 3 3 4 154 0 670 2506 2507 671
2326 3 3 4 154 0 671 2507 2508 672
2327 3 3 4 154 0 672 2508 2509 673
2328 3 3 4 154 0 673 2509 2510 674
2329 3 3 4 154 0 674 2510 2511 675
2330 3 3 4 154 0 675 2511 2512 676
2331 3 3 4 154 0 676 2512 2513 677
2332 3 3 4 154 0 677 2513 2514 678
2333 3 3 4 154 0 678 2514 2515 679
2334 3 3 4 154 0 679 2515 2516 680
2335 3 3 4 154 0 680 2516 2517 681
2336 3 3 4 154 0 681 2517 2518 682
2337 3 3 4 154 0 682 2518 2519 683
2338 3 3 4 154 0 683 2519 2520 684
2339 3 3 4 154 0 684 2520 2521 685
2340 3 3 4 154 0 685 2521 2522 686
2341 3 3 4 154 0 686 2522 2523 687
2342 3 3 4 154 0 687 2523 2524 688
2343 3 3 4 154 0 688 2524 2525 689
2344 3 3 4 154 0 689 2525 2526 690
2345 3 3 4 154 0 690 2526 2527 691
2346 3 3 4 154 0 691 2527 2528 692
2347 3 3 4 154 0 692 2528 2529 693
2348 3 3 4 154 0 693 2529 565 33
2349 3 3 4 154 0 481 482 2530 2491
2350 3 3 4 154 0 2491 2530 2531 2492
2351 3 3 4 154 0 2492 2531 2532 2493
2352 3 3 4 154 0 2493 2532 2533 2494
2353 3 3 4 154 0 2494 2533 2534 2495
2354 3 3 4 154 0 2495 2534 2535 2496
2355 3 3 4 154 0 2496 2535 2536 2497
2356 3 3 4 154 0 2497 2536 2537 2498
2357 3 3 4 154 0 2498 2537 2538 2499
2358 3 3 4 154 0 2499 2538 2539 2500
2359 3 3 4 154 0 2500 2539 2540 2501
2360 3 3 4 154 0 2501 2540 2541 2502
2361 3 3 4 154 0 2502 2541 2542 2503
2362 3 3 4 154 0 2503 2542 2543 2504
2363 3 3 4 154 0 2504 2543 2544 2505
2364 3 3 4 154 0 2505 2544 2545 2506
2365 3 3 4 154 0 2506 2545 2546 2507
2366 3 3 4 154 0 2507 2546 2547 2508
2367 3 3 4 154 0 2508 2547 2548 2509
2368 3 3 4 154 0 2509 2548 2549 2510
2369 3 3 4 154 0 2510 2549 2550 2511
2370 3 3 4 154 0 2511 2550 2551 2512
2371 3 3 4 154 0 2512 2551 2552 2513
2372 3 3 4 154 0 2513 2552 2553 2514
2373 3 3 4 154 0 2514 2553 2554 2515
2374 3 3 4 154 0 2515 2554 2555 2516
2375 3 3 4 154 0 2516 2555 2556 2517
2376 3 3 4 154 0 2517 2556 2557 2518
2377 3 3 4 154 0 2518 2557 2558 2519
2378 3 3 4 154 0 2519 2558 2559 2520
2379 3 3 4 154 0 2520 2559 2560 2521
2380 3 3 4 154 0 2521 2560 2561 2522
2381 3 3 4 154 0 2522 2561 2562 2523
2382 3 3 4 154 0 2523 2562 2563 2524
2383 3 3 4 154 0 2524 2563 2564 2525
2384 3 3 4 154 0 2525 2564 2565 2526
2385 3 3 4 154 0 2526 2565 2566 2527
2386 3 3 4 154 0 2527 2566 2567 2528
2387 3 3 4 154 0 2528 2567 2568 2529
2388 3 3 4 154 0 2529 2568 566 565
2389 3 3 4 154 0 482 483 2569 2530
2390 3 3 4 154 0 2530 2569 2570 2531
2391 3 3 4 154 0 2531 2570 2571 2532
2392 3 3 4 154 0 2532 2571 2572 2533
2393 3 3 4 154 0 2533 2572 2573 2534
2394 3 3 4 154 0 2534 2573 2574 2535
2395 3 3 4 154 0 2535 2574 2575 2536
2396 3 3 4 154 0 2536 2575 2576 2537
2397 3 3 4 154 0 2537 2576 2577 2538
2398 3 3 4 154 0 2538 2577 2578 2539
2399 3 3 4 154 0 2539 2578 2579 2540
2400 3 3 4 154 0 2540 2579 2580 2541
2401 3 3 4 154 0 2541 2580 2581 2542
2402 3 3 4 154 0 2542 2581 2582 2543
2403 3 3 4 154 0 2543 2582 2583 2544
2404 3 3 4 154 0 2544 2583 2584 2545
2405 3 3 4 154 0 2545 2584 2585 2546
2406 3 3 4 154 0 2546 2585 2586 2547
2407 3 3 4 154 0 2547 2586 2587 2548
2408 3 3 4 154 0 2548 2587 2588 2549
2409 3 3 4 154 0 2549 2588 2589 2550
2410 3 3 4 154 0 2550 2589 2590 2551
2411 3 3 4 154 0 2551 2590 2591 2552
2412 3 3 4 154 0 2552 2591 2592 2553
2413 3 3 4 154 0 2553 2592 2593 2554
2414 3 3 4 154 0 2554 2593 2594 2555
2415 3 3 4 154 0 2555 2594 2595 2556
2416 3 3 4 154 0 2556 2595 2596 2557
2417 3 3 4 154 0 2557 2596 2597 2558
2418 3 3 4 154 0 2558 2597 2598 2559
2419 3 3 4 154 0 2559 2598 2599 2560
2420 3 3 4 154 0 2560 2599 2600 2561
2421 3 3 4 154 0 2561 2600 2601 2562
2422 3 3 4 154 0 2562 2601 2602 2563
2423 3 3 4 154 0 2563 2602 2603 2564
2424 3 3 4 154 0 2564 2603 2604 2565
2425 3 3 4 154 0 2565 2604 2605 2566
2426 3 3 4 154 0 2566 2605 2606 2567
2427 3 3 4 154 0 2567 2606 2607 2568
2428 3 3 4 154 0 2568 2607 567 566
2429 3 3 4 154 0 483 28 694 2569
2430 3 3 4 154 0 2569 694 695 2570
2431 3 3 4 154 0 2570 695 696 2571
2432 3 3 4 154 0 2571 696 697 2572
2433 3 3 4 154 0 2572 697 698 2573
2434 3 3 4 154 0 2573 698 699 2574
2435 3 3 4 154 0 2574 699 700 2575
2436 3 3 4 154 0 2575 700 701 2576
2437 3 3 4 154 0 2576 701 702 2577
2438 3 3 4 154 0 2577 702 703 2578
2439 3 3 4 154 0 2578 703 704 2579
2440 3 3 4 154 0 2579 704 705 2580
2441 3 3 4 154 0 2580 705 706 2581
2442 3 3 4 154 0 2581 706 707 2582
2443 3 3 4 154 0 2582 707 708 2583
2444 3 3 4 154 0 2583 708 709 2584
2445 3 3 4 154 0 2584 709 710 2585
2446 3 3 4 154 0 2585 710 711 2586
2447 3 3 4 154 0 2586 711 712 2587
2448 3 3 4 154 0 2587 712 713 2588
2449 3 3 4 154 0 2588 713 714 2589
2450 3 3 4 154 0 2589 714 715 2590
2451 3 3 4 154 0 2590 715 716 2591
2452 3 3 4 154 0 2591 716 717 2592
2453 3 3 4 154 0 2592 717 718 2593
2454 3 3 4 154 0 2593 718 719 2594
2455 3 3 4 154 0 2594 719 720 2595
2456 3 3 4 154 0 2595 720 721 2596
2457 3 3 4 154 0 2596 721 722 2597
2458 3 3 4 154 0 2597 722 723 2598
2459 3 3 4 154 0 2598 723 724 2599
2460 3 3 4 154 0 2599 724 725 2600
2461 3 3 4 154 0 2600 725 726 2601
2462 3 3 4 154 0 2601 726 727 2602
2463 3 3 4 154 0 2602 727 728 2603
2464 3 3 4 154 0 2603 728 729 2604
2465 3 3 4 154 0 2604 729 730 2605
2466 3 3 4 154 0 2605 730 731 2606
2467 3 3 4 154 0 2606 731 732 2607
2468 3 3 4 154 0 2607 732 34 567
2469 3 3 4 158 0 28 484 2608 694
2470 3 3 4 158 0 694 2608 2609 695
2471 3 3 4 158 0 695 2609 2610 696
2472 3 3 4 158 0 696 2610 2611 697
2473 3 3 4 158 0 697 2611 2612 698
2474 3 3 4 158 0 698 2612 2613 699
2475 3 3 4 158 0 699 2613 2614 700
2476 3 3 4 158 0 700 2614 2615 701
2477 3 3 4 158 0 701 2615 2616 702
2478 3 3 4 158 0 702 2616 2617 703
2479 3 3 4 158 0 703 2617 2618 704
2480 3 3 4 158 0 704 2618 2619 705
2481 3 3 4 158 0 705 2619 2620 706
2482 3 3 4 158 0 706 2620 2621 707
2483 3 3 4 158 0 707 2621 2622 708
2484 3 3 4 158 0 708 2622 2623 709
2485 3 3 4 158 0 709 2623 2624 710
2486 3 3 4 158 0 710 2624 2625 711
2487 3 3 4 158 0 711 2625 2626 712
2488 3 3 4 158 0 712 2626 2627 713
2489 3 3 4 158 0 713 2627 2628 714
2490 3 3 4 158 0 714 2628 2629 715
2491 3 3 4 158 0 715 2629 2630 716
2492 3 3 4 158 0 716 2630 2631 717
2493 3 3 4 158 0 717 2631 2632 718
2494 3 3 4 158 0 718 2632 2633 719
2495 3 3 4 158 0 719 2633 2634 720
2496 3 3 4 158 0 720 2634 2635 721
2497 3 3 4 158 0 721 2635 2636 722
2498 3 3 4 158 0 722 2636 2637 723
2499 3 3 4 158 0 723 2637 2638 724
2500 3 3 4 158 0 724 2638 2639 725
2501 3 3 4 158 0 725 2639 2640 726
2502 3 3 4 158 0 726 2640 2641 727
2503 3 3 4 158 0 727 2641 2642 728
2504 3 3 4 158 0 728 2642 2643 729
2505 3 3 4 158 0 729 2643 2644 730
2506 3 3 4 158 0 730 2644 2645 731
2507 3 3 4 158 0 731 2645 2646 732
2508 3 3 4 158 0 732 2646 568 34
2509 3 3 4 158 0 484 485 2647 2608
2510 3 3 4 158 0 2608 2647 2648 2609
2511 3 3 4 158 0 2609 2648 2649 2610
2512 3 3 4 158 0 2610 2649 2650 2611
2513 3 3 4 158 0 2611 2650 2651 2612
2514 3 3 4 158 0 2612 2651 2652 2613
2515 3 3 4 158 0 2613 2652 2653 2614
2516 3 3 4 158 0 2614 2653 2654 2615
2517 3 3 4 158 0 2615 2654 2655 2616
2518 3 3 4 158 0 2616 2655 2656 2617
2519 3 3 4 158 0 2617 2656 2657 2618
2520 3 3 4 158 0 2618 2657 2658 2619
2521 3 3 4 158 0 2619 2658 2659 2620
2522 3 3 4 158 0 2620 2659 2660 2621
2523 3 3 4 158 0 2621 2660 2661 2622
2524 3 3 4 158 0 2622 2661 2662 2623
2525 3 3 4 158 0 2623 2662 2663 2624
2526 3 3 4 158 0 2624 2663 2664 2625
2527 3 3 4 158 0 2625 2664 2665 2626
2528 3 3 4 158 0 2626 2665 2666 2627
2529 3 3 4 158 0 2627 2666 2667 2628
2530 3 3 4 158 0 2628 2667 2668 2629
2531 3 3 4 158 0 2629 2668 2669 2630
2532 3 3 4 158 0 2630 2669 2670 2631
2533 3 3 4 158 0 2631 2670 2671 2632
2534 3 3 4 158 0 2632 2671 2672 2633
2535 3 3 4 158 0 2633 2672 2673 2634
2536 3 3 4 158 0 2634 2673 2674 2635
2537 3 3 4 158 0 2635 2674 2675 2636
2538 3 3 4 158 0 2636 2675 2676 2637
2539 3 3 4 158 0 2637 2676 2677 2638
2540 3 3 4 158 0 2638 2677 2678 2639
2541 3 3 4 158 0 2639 2678 2679 2640
2542 3 3 4 158 0 2640 2679 2680 2641
2543 3 3 4 158 0 2641 2680 2681 2642
2544 3 3 4 158 0 2642 2681 2682 2643
2545 3 3 4 158 0 2643 2682 2683 2644
2546 3 3 4 158 0 2644 2683 2684 2645
2547 3 3 4 158 0 2645 2684 2685 2646
2548 3 3 4 158 0 2646 2685 569 568
2549 3 3 4 158 0 485 486 2686 2647
2550 3 3 4 158 0 2647 2686 2687 2648
2551 3 3 4 158 0 2648 2687 2688 2649
2552 3 3 4 158 0 2649 2688 2689 2650
2553 3 3 4 158 0 2650 2689 2690 2651
2554 3 3 4 158 0 2651 2690 2691 2652
2555 3 3 4 158 0 2652 2691 2692 2653
2556 3 3 4 158 0 2653 2692 2693 2654
2557 3 3 4 158 0 2654 2693 2694 2655
2558 3 3 4 158 0 2655 2694 2695 2656
2559 3 3 4 158 0 2656 2695 2696 2657
2560 3 3 4 158 0 2657 2696 2697 2658
2561 3 3 4 158 0 2658 2697 2698 2659
2562 3 3 4 158 0 2659 2698 2699 2660
2563 3 3 4 158 0 2660 2699 2700 2661
2564 3 3 4 158 0 2661 2700 2701 2662
2565 3 3 4 158 0 2662 2701 2702 2663
2566 3 3 4 158 0 2663 2702 2703 2664
2567 3 3 4 158 0 2664 2703 2704 2665
2568 3 3 4 158 0 2665 2704 2705 2666
2569 3 3 4 158 0 2666 2705 2706 2667
2570 3 3 4 158 0 2667 2706 2707 2668
2571 3 3 4 158 0 2668 2707 2708 2669
2572 3 3 4 158 0 2669 2708 2709 2670
2573 3 3 4 158 0 2670 2709 2710 2671
2574 3 3 4 158 0 2671 2710 2711 2672
2575 3 3 4 158 0 2672 2711 2712 2673
2576 3 3 4 158 0 2673 2712 2713 2674
2577 3 3 4 158 0 2674 2713 2714 2675
2578 3 3 4 158 0 2675 2714 2715 2676
2579 3 3 4 158 0 2676 2715 2716 2677
2580 3 3 4 158 0 2677 2716 2717 2678
2581 3 3 4 158 0 2678 2717 2718 2679
2582 3 3 4 158 0 2679 2718 2719 2680
2583 3 3 4 158 0 2680 2719 2720 2681
2584 3 3 4 158 0 2681 2720 2721 2682
2585 3 3 4 158 0 2682 2721 2722 2683
2586 3 3 4 158 0 2683 2722 2723 2684
2587 3 3 4 158 0 2684 2723 2724 2685
2588 3 3 4 158 0 2685 2724 570 569
2589 3 3 4 158 0 486 29 733 2686
2590 3 3 4 158 0 2686 733 734 2687
2591 3 3 4 158 0 2687 734 735 2688
2592 3 3 4 158 0 2688 735 736 2689
2593 3 3 4 158 0 2689 736 737 2690
2594 3 3 4 158 0 2690 737 738 2691
2595 3 3 4 158 0 2691 738 739 2692
2596 3 3 4 158 0 2692 739 740 2693
2597 3 3 4 158 0 2693 740 741 2694
2598 3 3 4 158 0 2694 741 742 2695
2599 3 3 4 158 0 2695 742 743 2696
2600 3 3 4 158 0 2696 743 744 2697
2601 3 3 4 158 0 2697 744 745 2698
2602 3 3 4 158 0 2698 745 746 2699
2603 3 3 4 158 0 2699 746 747 2700
2604 3 3 4 158 0 2700 747 748 2701
2605 3 3 4 158 0 2701 748 749 2702
2606 3 3 4 158 0 2702 749 750 2703
2607 3 3 4 158 0 2703 750 751 2704
2608 3 3 4 158 0 2704 751 752 2705
2609 3 3 4 158 0 2705 752 753 2706
2610 3 3 4 158 0 2706 753 754 2707
2611 3 3 4 158 0 2707 754 755 2708
2612 3 3 4 158 0 2708 755 756 2709
2613 3 3 4 158 0 2709 756 757 2710
2614 3 3 4 158 0 2710 757 758 2711
2615 3 3 4 158 0 2711 758 759 2712
2616 3 3 4 158 0 2712 759 760 2713
2617 3 3 4 158 0 2713 760 761 2714
2618 3 3 4 158 0 2714 761 762 2715
2619 3 3 4 158 0 2715 762 763 2716
2620 3 3 4 158 0 2716 763 764 2717
2621 3 3 4 158 0 2717 764 765 2718
2622 3 3 4 158 0 2718 765 766 2719
2623 3 3 4 158 0 2719 766 767 2720
2624 3 3 4 158 0 2720 767 768 2721
2625 3 3 4 158 0 2721 768 769 2722
2626 3 3 4 158 0 2722 769 770 2723
2627 3 3 4 158 0 2723 770 771 2724
2628 3 3 4 158 0 2724 771 35 570
2629 3 3 4 162 0 29 487 2725 733
2630 3 3 4 162 0 733 2725 2726 734
2631 3 3 4 162 0 734 2726 2727 735
2632 3 3 4 162 0 735 2727 2728 736
2633 3 3 4 162 0 736 2728 2729 737
2634 3 3 4 162 0 737 2729 2730 738
2635 3 3 4 162 0 738 2730 2731 739
2636 3 3 4 162 0 739 2731 2732 740
2637 3 3 4 162 0 740 2732 2733 741
2638 3 3 4 162 0 741 2733 2734 742
2639 3 3 4 162 0 742 2734 2735 743
2640 3 3 4 162 0 743 2735 2736 744
2641 3 3 4 162 0 744 2736 2737 745
2642 3 3 4 162 0 745 2737 2738 746
2643 3 3 4 162 0 746 2738 2739 747
2644 3 3 4 162 0 747 2739 2740 748
2645 3 3 4 162 0 748 2740 2741 749
2646 3 3 4 162 0 749 2741 2742 750
2647 3 3 4 162 0 750 2742 2743 751
2648 3 3 4 162 0 751 2743 2744 752
2649 3 3 4 162 0 752 2744 2745 753
2650 3 3 4 162 0 753 2745 2746 754
2651 3 3 4 162 0 754 2746 2747 755
2652 3 3 4 162 0 755 2747 2748 756
2653 3 3 4 162 0 756 2748 2749 757
2654 3 3 4 162 0 757 2749 2750 758
2655 3 3 4 162 0 758 2750 2751 759
2656 3 3 4 162 0 759 2751 2752 760
2657 3 3 4 162 0 760 2752 2753 761
2658 3 3 4 162 0 761 2753 2754 762
2659 3 3 4 162 0 762 2754 2755 763
2660 3 3 4 162 0 763 2755 2756 764
2661 3 3 4 162 0 764 2756 2757 765
2662 3 3 4 162 0 765 2757 2758 766
2663 3 3 4 162 0 766 2758 2759 767
2664 3 3 4 162 0 767 2759 2760 768
2665 3 3 4 162 0 768 2760 2761 769
2666 3 3 4 162 0 769 2761 2762 770
2667 3 3 4 162 0 770 2762 2763 771
2668 3 3 4 162 0 771 2763 571 35
2669 3 3 4 162 0 487 488 2764 2725
2670 3 3 4 162 0 2725 2764 2765 2726
2671 3 3 4 162 0 2726 2765 2766 2727
2672 3 3 4 162 0 2727 2766 2767 2728
2673 3 3 4 162 0 2728 2767 2768 2729
2674 3 3 4 162 0 2729 2768 2769 2730
2675 3 3 4 162 0 2730 2769 2770 2731
2676 3 3 4 162 0 2731 2770 2771 2732
2677 3 3 4 162 0 2732 2771 2772 2733
2678 3 3 4 162 0 2733 2772 2773 2734
2679 3 3 4 162 0 2734 2773 2774 2735
2680 3 3 4 162 0 2735 2774 2775 2736
2681 3 3 4 162 0 2736 2775 2776 2737
2682 3 3 4 162 0 2737 2776 2777 2738
2683 3 3 4 162 0 2738 2777 2778 2739
2684 3 3 4 162 0 2739 2778 2779 2740
2685 3 3 4 162 0 2740 2779 2780 2741
2686 3 3 4 162 0 2741 2780 2781 2742
2687 3 3 4 162 0 2742 2781 2782 2743
2688 3 3 4 162 0 2743 2782 2783 2744
2689 3 3 4 162 0 2744 2783 2784 2745
2690 3 3 4 162 0 2745 2784 2785 2746
2691 3 3 4 162 0 2746 2785 2786 2747
2692 3 3 4 162 0 2747 2786 2787 2748
2693 3 3 4 162 0 2748 2787 2788 2749
2694 3 3 4 162 0 2749 2788 2789 2750
2695 3 3 4 162 0 2750 2789 2790 2751
2696 3 3 4 162 0 2751 2790 2791 2752
2697 3 3 4 162 0 2752 2791 2792 2753
2698 3 3 4 162 0 2753 2792 2793 2754
2699 3 3 4 162 0 2754 2793 2794 2755
2700 3 3 4 162 0 2755 2794 2795 2756
2701 3 3 4 162 0 2756 2795 2796 2757
2702 3 3 4 162 0 2757 2796 2797 2758
2703 3 3 4 162 0 2758 2797 2798 2759
2704 3 3 4 162 0 2759 2798 2799 2760
2705 3 3 4 162 0 2760 2799 2800 2761
2706 3 3 4 162 0 2761 2800 2801 2762
2707 3 3 4 162 0 2762 2801 2802 2763
2708 3 3 4 162 0 2763 2802 572 571
2709 3 3 4 162 0 488 489 2803 2764
2710 3 3 4 162 0 2764 2803 2804 2765
2711 3 3 4 162 0 2765 2804 2805 2766
2712 3 3 4 162 0 2766 2805 2806 2767
2713 3 3 4 162 0 2767 2806 2807 2768
2714 3 3 4 162 0 2768 2807 2808 2769
2715 3 3 4 162 0 2769 2808 2809 2770
2716 3 3 4 162 0 2770 2809 2810 2771
2717 3 3 4 162 0 2771 2810 2811 2772
2718 3 3 4 162 0 2772 2811 2812 2773
2719 3 3 4 162 0 2773 2812 2813 2774
2720 3 3 4 162 0 2774 2813 2814 2775
2721 3 3 4 162 0 2775 2814 2815 2776
2722 3 3 4 162 0 2776 2815 2816 2777
2723 3 3 4 162 0 2777 2816 2817 2778
2724 3 3 4 162 0 2778 2817 2818 2779
2725 3 3 4 162 0 2779 2818 2819 2780
2726 3 3 4 162 0 2780 2819 2820 2781
2727 3 3 4 162 0 2781 2820 2821 2782
2728 3 3 4 162 0 2782 2821 2822 2783
2729 3 3 4 162 0 2783 2822 2823 2784
2730 3 3 4 162 0 2784 2823 2824 2785
2731 3 3 4 162 0 2785 2824 2825 2786
2732 3 3 4 162 0 2786 2825 2826 2787
2733 3 3 4 162 0 2787 2826 2827 2788
2734 3 3 4 162 0 2788 2827 2828 2789
2735 3 3 4 162 0 2789 2828 2829 2790
2736 3 3 4 162 0 2790 2829 2830 2791
2737 3 3 4 162 0 2791 2830 2831 2792
2738 3 3 4 162 0 2792 2831 2832 2793
2739 3 3 4 162 0 2793 2832 2833 2794
2740 3 3 4 162 0 2794 2833 2834 2795
2741 3 3 4 162 0 2795 2834 2835 2796
2742 3 3 4 162 0 2796 2835 2836 2797
2743 3 3 4 162 0 2797 2836 2837 2798
2744 3 3 4 162 0 2798 2837 2838 2799
2745 3 3 4 162 0 2799 2838 2839 2800
2746 3 3 4 162 0 2800 2839 2840 2801
2747 3 3 4 162 0 2801 2840 2841 2802
2748 3 3 4 162 0 2802 2841 573 572
2749 3 3 4 162 0 489 30 772 2803
2750 3 3 4 162 0 2803 772 773 2804
2751 3 3 4 162 0 2804 773 774 2805
2752 3 3 4 162 0 2805 774 775 2806
2753 3 3 4 162 0 2806 775 776 2807
2754 3 3 4 162 0 2807 776 777 2808
2755 3 3 4 162 0 2808 777 778 2809
2756 3 3 4 162 0 2809 778 779 2810
2757 3 3 4 162 0 2810 779 780 2811
2758 3 3 4 162 0 2811 780 781 2812
2759 3 3 4 162 0 2812 781 782 2813
2760 3 3 4 162 0 2813 782 783 2814
2761 3 3 4 162 0 2814 783 784 2815
2762 3 3 4 162 0 2815 784 785 2816
2763 3 3 4 162 0 2816 785 786 2817
2764 3 3 4 162 0 2817 786 787 2818
2765 3 3 4 162 0 2818 787 788 2819
2766 3 3 4 162 0 2819 788 789 2820
2767 3 3 4 162 0 2820 789 790 2821
2768 3 3 4 162 0 2821 790 791 2822
2769 3 3 4 162 0 2822 791 792 2823
2770 3 3 4 162 0 2823 792 793 2824
2771 3 3 4 162 0 2824 793 794 2825
2772 3 3 4 162 0 2825 794 795 2826
2773 3 3 4 162 0 2826 795 796 2827
2774 3 3 4 162 0 2827 796 797 2828
2775 3 3 4 162 0 2828 797 798 2829
2776 3 3 4 162 0 2829 798 799 2830
2777 3 3 4 162 0 2830 799 800 2831
2778 3 3 4 162 0 2831 800 801 2832
2779 3 3 4 162 0 2832 801 802 2833
2780 3 3 4 162 0 2833 802 803 2834
2781 3 3 4 162 0 2834 803 804 2835
2782 3 3 4 162 0 2835 804 805 2836
2783 3 3 4 162 0 2836 805 806 2837
2784 3 3 4 162 0 2837 806 807 2838
2785 3 3 4 162 0 2838 807 808 2839
2786 3 3 4 162 0 2839 808 809 2840
2787 3 3 4 162 0 2840 809 810 2841
2788 3 3 4 162 0 2841 810 36 573
2789 3 3 4 166 0 30 490 2842 772
2790 3 3 4 166 0 772 2842 2843 773
2791 3 3 4 166 0 773 2843 2844 774
2792 3 3 4 166 0 774 2844 2845 775
2793 3 3 4 166 0 775 2845 2846 776
2794 3 3 4 166 0 776 2846 2847 777
2795 3 3 4 166 0 777 2847 2848 778
2796 3 3 4 166 0 778 2848 2849 779
2797 3 3 4 166 0 779 2849 2850 780
2798 3 3 4 166 0 780 2850 2851 781
2799 3 3 4 166 0 781 2851 2852 782
2800 3 3 4 166 0 782 2852 2853 783
2801 3 3 4 166 0 783 2853 2854 784
2802 3 3 4 166 0 784 2854 2855 785
2803 3 3 4 166 0 785 2855 2856 786
2804 3 3 4 166 0 786 2856 2857 787
2805 3 3 4 166 0 787 2857 2858 788
2806 3 3 4 166 0 788 2858 2859 789
2807 3 3 4 166 0 789 2859 2860 790
2808 3 3 4 166 0 790 2860 2861 791
2809 3 3 4 166 0 791 2861 2862 792
2810 3 3 4 166 0 792 2862 2863 793
2811 3 3 4 166 0 793 2863 2864 794
2812 3 3 4 166 0 794 2864 2865 795
2813 3 3 4 166 0 795 2865 2866 796
2814 3 3 4 166 0 796 2866 2867 797
2815 3 3 4 166 0 797 2867 2868 798
2816 3 3 4 166 0 798 2868 2869 799
2817 3 3 4 166 0 799 2869 2870 800
2818 3 3 4 166 0 800 2870 2871 801
2819 3 3 4 166 0 801 2871 2872 802
2820 3 3 4 166 0 802 2872 2873 803
2821 3 3 4 166 0 803 2873 2874 804
2822 3 3 4 166 0 804 2874 2875 805
2823 3 3 4 166 0 805 2875 2876 806
2824 3 3 4 166 0 806 2876 2877 807
2825 3 3 4 166 0 807 2877 2878 808
2826 3 3 4 166 0 808 2878 2879 809
2827 3 3 4 166 0 809 2879 2880 810
2828 3 3 4 166 0 810 2880 574 36
2829 3 3 4 166 0 490 491 2881 2842
2830 3 3 4 166 0 2842 2881 2882 2843
2831 3 3 4 166 0 2843 2882 2883 2844
2832 3 3 4 166 0 2844 2883 2884 2845
2833 3 3 4 166 0 2845 2884 2885 2846
2834 3 3 4 166 0 2846 2885 2886 2847
2835 3 3 4 166 0 2847 2886 2887 2848
2836 3 3 4 166 0 2848 2887 2888 2849
2837 3 3 4 166 0 2849 2888 2889 2850
2838 3 3 4 166 0 2850 2889 2890 2851
2839 3 3 4 166 0 2851 2890 2891 2852
2840 3 3 4 166 0 2852 2891 2892 2853
2841 3 3 4 166 0 2853 2892 2893 2854
2842 3 3 4 166 0 2854 2893 2894 2855
2843 3 3 4 166 0 2855 2894 2895 2856
2844 3 3 4 166 0 2856 2895 2896 2857
2845 3 3 4 166 0 2857 2896 2897 2858
2846 3 3 4 166 0 2858 2897 2898 2859
2847 3 3 4 166 0 2859 2898 2899 2860
2848 3 3 4 166 0 2860 2899 2900 2861
2849 3 3 4 166 0 2861 2900 2901 2862
2850 3 3 4 166 0 2862 2901 2902 2863
2851 3 3 4 166 0 2863 2902 2903 2864
2852 3 3 4 166 0 2864 2903 2904 2865
2853 3 3 4 166 0 2865 2904 2905 2866
2854 3 3 4 166 0 2866 2905 2906 2867
2855 3 3 4 166 0 2867 2906 2907 2868
2856 3 3 4 166 0 2868 2907 2908 2869
2857 3 3 4 166 0 2869 2908 2909 2870
2858 3 3 4 166 0 2870 2909 2910 2871
2859 3 3 4 166 0 2871 2910 2911 2872
2860 3 3 4 166 0 2872 2911 2912 2873
2861 3 3 4 166 0 2873 2912 2913 2874
2862 3 3 4 166 0 2874 2913 2914 2875
2863 3 3 4 166 0 2875 2914 2915 2876
2864 3 3 4 166 0 2876 2915 2916 2877
2865 3 3 4 166 0 2877 2916 2917 2878
2866 3 3 4 166 0 2878 2917 2918 2879
2867 3 3 4 166 0 2879 2918 2919 2880
2868 3 3 4 166 0 2880 2919 575 574
2869 3 3 4 166 0 491 492 2920 2881
2870 3 3 4 166 0 2881 2920 2921 2882
2871 3 3 4 166 0 2882 2921 2922 2883
2872 3 3 4 166 0 2883 2922 2923 2884
2873 3 3 4 166 0 2884 2923 2924 2885
2874 3 3 4 166 0 2885 2924 2925 2886
2875 3 3 4 166 0 2886 2925 2926 2887
2876 3 3 4 166 0 2887 2926 2927 2888
2877 3 3 4 166 0 2888 2927 2928 2889
2878 3 3 4 166 0 2889 2928 2929 2890
2879 3 3 4 166 0 2890 2929 2930 2891
2880 3 3 4 166 0 2891 2930 2931 2892
2881 3 3 4 166 0 2892 2931 2932 2893
2882 3 3 4 166 0 2893 2932 2933 2894
2883 3 3 4 166 0 2894 2933 2934 2895
2884 3 3 4 166 0 2895 2934 2935 2896
2885 3 3 4 166 0 2896 2935 2936 2897
2886 3 3 4 166 0 2897 2936 2937 2898
2887 3 3 4 166 0 2898 2937 2938 2899
2888 3 3 4 166 0 2899 2938 2939 2900
2889 3 3 4 166 0 2900 2939 2940 2901
2890 3 3 4 166 0 2901 2940 2941 2902
2891 3 3 4 166 0 2902 2941 2942 2903
2892 3 3 4 166 0 2903 2942 2943 2904
2893 3 3 4 166 0 2904 2943 2944 2905
2894 3 3 4 166 0 2905 2944 2945 2906
2895 3 3 4 166 0 2906 2945 2946 2907
2896 3 3 4 166 0 2907 2946 2947 2908
2897 3 3 4 166 0 2908 2947 2948 2909
2898 3 3 4 166 0 2909 2948 2949 2910
2899 3 3 4 166 0 2910 2949 2950 2911
2900 3 3 4 166 0 2911 2950 2951 2912
2901 3 3 4 166 0 2912 2951 2952 2913
2902 3 3 4 166 0 2913 2952 2953 2914
2903 3 3 4 166 0 2914 2953 2954 2915
2904 3 3 4 166 0 2915 2954 2955 2916
2905 3 3 4 166 0 2916 2955 2956 2917
2906 3 3 4 166 0 2917 2956 2957 2918
2907 3 3 4 166 0 2918 2957 2958 2919
2908 3 3 4 166 0 2919 2958 576 575
2909 3 3 4 166 0 492 25 577 2920
2910 3 3 4 166 0 2920 577 578 2921
2911 3 3 4 166 0 2921 578 579 2922
2912 3 3 4 166 0 2922 579 580 2923
2913 3 3 4 166 0 2923 580 581 2924
2914 3 3 4 166 0 2924 581 582 2925
2915 3 3 4 166 0 2925 582 583 2926
2916 3 3 4 166 0 2926 583 584 2927
2917 3 3 4 166 0 2927 584 585 2928
2918 3 3 4 166 0 2928 585 586 2929
2919 3 3 4 166 0 2929 586 587 2930
2920 3 3 4 166 0 2930 587 588 2931
2921 3 3 4 166 0 2931 588 589 2932
2922 3 3 4 166 0 2932 589 590 2933
2923 3 3 4 166 0 2933 590 591 2934
2924 3 3 4 166 0 2934 591 592 2935
2925 3 3 4 166 0 2935 592 593 2936
2926 3 3 4 166 0 2936 593 594 2937
2927 3 3 4 166 0 2937 594 595 2938
2928 3 3 4 166 0 2938 595 596 2939
2929 3 3 4 166 0 2939 596 597 2940
2930 3 3 4 166 0 2940 597 598 2941
2931 3 3 4 166 0 2941 598 599 2942
2932 3 3 4 166 0 2942 599 600 2943
2933 3 3 4 166 0 2943 600 601 2944
2934 3 3 4 166 0 2944 601 602 2945
2935 3 3 4 166 0 2945 602 603 2946
2936 3 3 4 166 0 2946 603 604 2947
2937 3 3 4 166 0 2947 604 605 2948
2938 3 3 4 166 0 2948 605 606 2949
2939 3 3 4 166 0 2949 606 607 2950
2940 3 3 4 166 0 2950 607 608 2951
2941 3 3 4 166 0 2951 608 609 2952
2942 3 3 4 166 0 2952 609 610 2953
2943 3 3 4 166 0 2953 610 611 2954
2944 3 3 4 166 0 2954 611 612 2955
2945 3 3 4 166 0 2955 612 613 2956
2946 3 3 4 166 0 2956 613 614 2957
2947 3 3 4 166 0 2957 614 615 2958
2948 3 3 4 166 0 2958 615 31 576
2949 6 3 2 1 0 812 4 46 3028 190 1192
2950 6 3 2 1 0 3028 190 1192 3029 191 1193
2951 6 3 2 1 0 3029 191 1193 3030 192 1194
2952 6 3 2 1 0 3030 192 1194 3031 193 1195
2953 6 3 2 1 0 3031 193 1195 3032 194 1196
2954 6 3 2 1 0 3032 194 1196 3033 195 1197
2955 6 3 2 1 0 3033 195 1197 3034 196 1198
2956 6 3 2 1 0 3034 196 1198 3035 197 1199
2957 6 3 2 1 0 3035 197 1199 3036 198 1200
2958 6 3 2 1 0 3036 198 1200 3037 199 1201
2959 6 3 2 1 0 3037 199 1201 3038 200 1202
2960 6 3 2 1 0 3038 200 1202 3039 201 1203
2961 6 3 2 1 0 3039 201 1203 3040 202 1204
2962 6 3 2 1 0 3040 202 1204 3041 203 1205
2963 6 3 2 1 0 3041 203 1205 3042 204 1206
2964 6 3 2 1 0 3042 204 1206 3043 205 1207
2965 6 3 2 1 0 3043 205 1207 3044 206 1208
2966 6 3 2 1 0 3044 206 1208 3045 207 1209
2967 6 3 2 1 0 3045 207 1209 3046 208 1210
2968 6 3 2 1 0 3046 208 1210 3047 209 1211
2969 6 3 2 1 0 3047 209 1211 3048 210 1212
2970 6 3 2 1 0 3048 210 1212 3049 211 1213
2971 6 3 2 1 0 3049 211 1213 3050 212 1214
2972 6 3 2 1 0 3050 212 1214 3051 213 1215
2973 6 3 2 1 0 3051 213 1215 3052 214 1216
2974 6 3 2 1 0 3052 214 1216 3053 215 1217
2975 6 3 2 1 0 3053 215 1217 3054 216 1218
2976 6 3 2 1 0 3054 216 1218 3055 217 1219
2977 6 3 2 1 0 3055 217 1219 3056 218 1220
2978 6 3 2 1 0 3056 218 1220 3057 219 1221
2979 6 3 2 1 0 3057 219 1221 3058 220 1222
2980 6 3 2 1 0 3058 220 1222 3059 221 1223
2981 6 3 2 1 0 3059 221 1223 3060 222 1224
2982 6 3 2 1 0 3060 222 1224 3061 223 1225
2983 6 3 2 1 0 3061 223 1225 3062 224 1226
2984 6 3 2 1 0 3062 224 1226 3063 225 1227
2985 6 3 2 1 0 3063 225 1227 3064 226 1228
2986 6 3 2 1 0 3064 226 1228 3065 227 1229
2987 6 3 2 1 0 3065 227 1229 3066 228 1230
2988 6 3 2 1 0 3066 228 1230 1544 10 64
2989 6 3 2 1 0 45 4 812 1153 190 3028
2990 6 3 2 1 0 1153 190 3028 1154 191 3029
2991 6 3 2 1 0 1154 191 3029 1155 192 3030
2992 6 3 2 1 0 1155 192 3030 1156 193 3031
2993 6 3 2 1 0 1156 193 3031 1157 194 3032
2994 6 3 2 1 0 1157 194 3032 1158 195 3033
2995 6 3 2 1 0 1158 195 3033 1159 196 3034
2996 6 3 2 1 0 1159 196 3034 1160 197 3035
2997 6 3 2 1 0 1160 197 3035 1161 198 3036
2998 6 3 2 1 0 1161 198 3036 1162 199 3037
2999 6 3 2 1 0 1162 199 3037 1163 200 3038
3000 6 3 2 1 0 1163 200 3038 1164 201 3039
3001 6 3 2 1 0 1164 201 3039 1165 202 3040
3002 6 3 2 1 0 1165 202 3040 1166 203 3041
3003 6 3 2 1 0 1166 203 3041 1167 204 3042
3004 6 3 2 1 0 1167 204 3042 1168 205 3043
3005 6 3 2 1 0 1168 205 3043 1169 206 3044
3006 6 3 2 1 0 1169 206 3044 1170 207 3045
3007 6 3 2 1 0 1170 207 3045 1171 208 3046
3008 6 3 2 1 0 1171 208 3046 1172 209 3047
3009 6 3 2 1 0 1172 209 3047 1173 210 3048
3010 6 3 2 1 0 1173 210 3048 1174 211 3049
3011 6 3 2 1 0 1174 211 3049 1175 212 3050
3012 6 3 2 1 0 1175 212 3050 1176 213 3051
3013 6 3 2 1 0 1176 213 3051 1177 214 3052
3014 6 3 2 1 0 1177 214 3052 1178 215 3053
3015 6 3 2 1 0 1178 215 3053 1179 216 3054
3016 6 3 2 1 0 1179 216 3054 1180 217 3055
3017 6 3 2 1 0 1180 217 3055 1181 218 3056
3018 6 3 2 1 0 1181 218 3056 1182 219 3057
3019 6 3 2 1 0 1182 219 3057 1183 220 3058
3020 6 3 2 1 0 1183 220 3058 1184 221 3059
3021 6 3 2 1 0 1184 221 3059 1185 222 3060
3022 6 3 2 1 0 1185 222 3060 1186 223 3061
3023 6 3 2 1 0 1186 223 3061 1187 224 3062
3024 6 3 2 1 0 1187 224 3062 1188 225 3063
3025 6 3 2 1 0 1188 225 3063 1189 226 3064
3026 6 3 2 1 0 1189 226 3064 1190 227 3065
3027 6 3 2 1 0 1190 227 3065 1191 228 3066
3028 6 3 2 1 0 1191 228 3066 63 10 1544
3029 6 3 2 1 0 813 52 53 3067 1426 1465
3030 6 3 2 1 0 3067 1426 1465 3068 1427 1466
3031 6 3 2 1 0 3068 1427 1466 3069 1428 1467
3032 6 3 2 1 0 3069 1428 1467 3070 1429 1468
3033 6 3 2 1 0 3070 1429 1468 3071 1430 1469
3034 6 3 2 1 0 3071 1430 1469 3072 1431 1470
3035 6 3 2 1 0 3072 1431 1470 3073 1432 1471
3036 6 3 2 1 0 3073 1432 1471 3074 1433 1472
3037 6 3 2 1 0 3074 1433 1472 3075 1434 1473
3038 6 3 2 1 0 3075 1434 1473 3076 1435 1474
3039 6 3 2 1 0 3076 1435 1474 3077 1436 1475
3040 6 3 2 1 0 3077 1436 1475 3078 1437 1476
3041 6 3 2 1 0 3078 1437 1476 3079 1438 1477
3042 6 3 2 1 0 3079 1438 1477 3080 1439 1478
3043 6 3 2 1 0 3080 1439 1478 3081 1440 1479
3044 6 3 2 1 0 3081 1440 1479 3082 1441 1480
3045 6 3 2 1 0 3082 1441 1480 3083 1442 1481
3046 6 3 2 1 0 3083 1442 1481 3084 1443 1482
3047 6 3 2 1 0 3084 1443 1482 3085 1444 1483
3048 6 3 2 1 0 3085 1444 1483 3086 1445 1484
3049 6 3 2 1 0 3086 1445 1484 3087 1446 1485
3050 6 3 2 1 0 3087 1446 1485 3088 1447 1486
3051 6 3 2 1 0 3088 1447 1486 3089 1448 1487
3052 6 3 2 1 0 3089 1448 1487 3090 1449 1488
3053 6 3 2 1 0 3090 1449 1488 3091 1450 1489
3054 6 3 2 1 0 3091 1450 1489 3092 1451 1490
3055 6 3 2 1 0 3092 1451 1490 3093 1452 1491
3056 6 3 2 1 0 3093 1452 1491 3094 1453 1492
3057 6 3 2 1 0 3094 1453 1492 3095 1454 1493
3058 6 3 2 1 0 3095 1454 1493 3096 1455 1494
3059 6 3 2 1 0 3096 1455 1494 3097 1456 1495
3060 6 3 2 1 0 3097 1456 1495 3098 1457 1496
3061 6 3 2 1 0 3098 1457 1496 3099 1458 1497
3062 6 3 2 1 0 3099 1458 1497 3100 1459 1498
3063 6 3 2 1 0 3100 1459 1498 3101 1460 1499
3064 6 3 2 1 0 3101 1460 1499 3102 1461 1500
3065 6 3 2 1 0 3102 1461 1500 3103 1462 1501
3066 6 3 2 1 0 3103 1462 1501 3104 1463 1502
3067 6 3 2 1 0 3104 1463 1502 3105 1464 1503
3068 6 3 2 1 0 3105 1464 1503 1545 70 71
3069 6 3 2 1 0 813 817 819 3067 3223 3301
3070 6 3 2 1 0 3067 3223 3301 3068 3224 3302
3071 6 3 2 1 0 3068 3224 3302 3069 3225 3303
3072 6 3 2 1 0 3069 3225 3303 3070 3226 3304
3073 6 3 2 1 0 3070 3226 3304 3071 3227 3305
3074 6 3 2 1 0 3071 3227 3305 3072 3228 3306
3075 6 3 2 1 0 3072 3228 3306 3073 3229 3307
3076 6 3 2 1 0 3073 3229 3307 3074 3230 3308
3077 6 3 2 1 0 3074 3230 3308 3075 3231 3309
3078 6 3 2 1 0 3075 3231 3309 3076 3232 3310
3079 6 3 2 1 0 3076 3232 3310 3077 3233 3311
3080 6 3 2 1 0 3077 3233 3311 3078 3234 3312
3081 6 3 2 1 0 3078 3234 3312 3079 3235 3313
3082 6 3 2 1 0 3079 3235 3313 3080 3236 3314
3083 6 3 2 1 0 3080 3236 3314 3081 3237 3315
3084 6 3 2 1 0 3081 3237 3315 3082 3238 3316
3085 6 3 2 1 0 3082 3238 3316 3083 3239 3317
3086 6 3 2 1 0 3083 3239 3317 3084 3240 3318
3087 6 3 2 1 0 3084 3240 3318 3085 3241 3319
3088 6 3 2 1 0 3085 3241 3319 3086 3242 3320
3089 6 3 2 1 0 3086 3242 3320 3087 3243 3321
3090 6 3 2 1 0 3087 3243 3321 3088 3244 3322
3091 6 3 2 1 0 3088 3244 3322 3089 3245 3323
3092 6 3 2 1 0 3089 3245 3323 3090 3246 3324
3093 6 3 2 1 0 3090 3246 3324 3091 3247 3325
3094 6 3 2 1 0 3091 3247 3325 3092 3248 3326
3095 6 3 2 1 0 3092 3248 3326 3093 3249 3327
3096 6 3 2 1 0 3093 3249 3327 3094 3250 3328
3097 6 3 2 1 0 3094 3250 3328 3095 3251 3329
3098 6 3 2 1 0 3095 3251 3329 3096 3252 3330
3099 6 3 2 1 0 3096 3252 3330 3097 3253 3331
3100 6 3 2 1 0 3097 3253 3331 3098 3254 3332
3101 6 3 2 1 0 3098 3254 3332 3099 3255 3333
3102 6 3 2 1 0 3099 3255 3333 3100 3256 3334
3103 6 3 2 1 0 3100 3256 3334 3101 3257 3335
3104 6 3 2 1 0 3101 3257 3335 3102 3258 3336
3105 6 3 2 1 0 3102 3258 3336 3103 3259 3337
3106 6 3 2 1 0 3103 3259 3337 3104 3260 3338
3107 6 3 2 1 0 3104 3260 3338 3105 3261 3339
3108 6 3 2 1 0 3105 3261 3339 1545 1549 1551
3109 6 3 2 1 0 819 817 51 3301 3223 1387
3110 6 3 2 1 0 3301 3223 1387 3302 3224 1388
3111 6 3 2 1 0 3302 3224 1388 3303 3225 1389
3112 6 3 2 1 0 3303 3225 1389 3304 3226 1390
3113 6 3 2 1 0 3304 3226 1390 3305 3227 1391
3114 6 3 2 1 0 3305 3227 1391 3306 3228 1392
3115 6 3 2 1 0 3306 3228 1392 3307 3229 1393
3116 6 3 2 1 0 3307 3229 1393 3308 3230 1394
3117 6 3 2 1 0 3308 3230 1394 3309 3231 1395
3118 6 3 2 1 0 3309 3231 1395 3310 3232 1396
3119 6 3 2 1 0 3310 3232 1396 3311 3233 1397
3120 6 3 2 1 0 3311 3233 1397 3312 3234 1398
3121 6 3 2 1 0 3312 3234 1398 3313 3235 1399
3122 6 3 2 1 0 3313 3235 1399 3314 3236 1400
3123 6 3 2 1 0 3314 3236 1400 3315 3237 1401
3124 6 3 2 1 0 3315 3237 1401 3316 3238 1402
3125 6 3 2 1 0 3316 3238 1402 3317 3239 1403
3126 6 3 2 1 0 3317 3239 1403 3318 3240 1404
3127 6 3 2 1 0 3318 3240 1404 3319 3241 1405
3128 6 3 2 1 0 3319 3241 1405 3320 3242 1406
3129 6 3 2 1 0 3320 3242 1406 3321 3243 1407
3130 6 3 2 1 0 3321 3243 1407 3322 3244 1408
3131 6 3 2 1 0 3322 3244 1408 3323 3245 1409
3132 6 3 2 1 0 3323 3245 1409 3324 3246 1410
3133 6 3 2 1 0 3324 3246 1410 3325 3247 1411
3134 6 3 2 1 0 3325 3247 1411 3326 3248 1412
3135 6 3 2 1 0 3326 3248 1412 3327 3249 1413
3136 6 3 2 1 0 3327 3249 1413 3328 3250 1414
3137 6 3 2 1 0 3328 3250 1414 3329 3251 1415
3138 6 3 2 1 0 3329 3251 1415 3330 3252 1416
3139 6 3 2 1 0 3330 3252 1416 3331 3253 1417
3140 6 3 2 1 0 3331 3253 1417 3332 3254 1418
3141 6 3 2 1 0 3332 3254 1418 3333 3255 1419
3142 6 3 2 1 0 3333 3255 1419 3334 3256 1420
3143 6 3 2 1 0 3334 3256 1420 3335 3257 1421
3144 6 3 2 1 0 3335 3257 1421 3336 3258 1422
3145 6 3 2 1 0 3336 3258 1422 3337 3259 1423
3146 6 3 2 1 0 3337 3259 1423 3338 3260 1424
3147 6 3 2 1 0 3338 3260 1424 3339 3261 1425
3148 6 3 2 1 0 3339 3261 1425 1551 1549 69
3149 6 3 2 1 0 819 6 52 3301 268 1426
3150 6 3 2 1 0 3301 268 1426 3302 269 1427
3151 6 3 2 1 0 3302 269 1427 3303 270 1428
3152 6 3 2 1 0 3303 270 1428 3304 271 1429
3153 6 3 2 1 0 3304 271 1429 3305 272 1430
3154 6 3 2 1 0 3305 272 1430 3306 273 1431
3155 6 3 2 1 0 3306 273 1431 3307 274 1432
3156 6 3 2 1 0 3307 274 1432 3308 275 1433
3157 6 3 2 1 0 3308 275 1433 3309 276 1434
3158 6 3 2 1 0 3309 276 1434 3310 277 1435
3159 6 3 2 1 0 3310 277 1435 3311 278 1436
3160 6 3 2 1 0 3311 278 1436 3312 279 1437
3161 6 3 2 1 0 3312 279 1437 3313 280 1438
3162 6 3 2 1 0 3313 280 1438 3314 281 1439
3163 6 3 2 1 0 3314 281 1439 3315 282 1440
3164 6 3 2 1 0 3315 282 1440 3316 283 1441
3165 6 3 2 1 0 3316 283 1441 3317 284 1442
3166 6 3 2 1 0 3317 284 1442 3318 285 1443
3167 6 3 2 1 0 3318 285 1443 3319 286 1444
3168 6 3 2 1 0 3319 286 1444 3320 287 1445
3169 6 3 2 1 0 3320 287 1445 3321 288 1446
3170 6 3 2 1 0 3321 288 1446 3322 289 1447
3171 6 3 2 1 0 3322 289 1447 3323 290 1448
3172 6 3 2 1 0 3323 290 1448 3324 291 1449
3173 6 3 2 1 0 3324 291 1449 3325 292 1450
3174 6 3 2 1 0 3325 292 1450 3326 293 1451
3175 6 3 2 1 0 3326 293 1451 3327 294 1452
3176 6 3 2 1 0 3327 294 1452 3328 295 1453
3177 6 3 2 1 0 3328 295 1453 3329 296 1454
3178 6 3 2 1 0 3329 296 1454 3330 297 1455
3179 6 3 2 1 0 3330 297 1455 3331 298 1456
3180 6 3 2 1 0 3331 298 1456 3332 299 1457
3181 6 3 2 1 0 3332 299 1457 3333 300 1458
3182 6 3 2 1 0 3333 300 1458 3334 301 1459
3183 6 3 2 1 0 3334 301 1459 3335 302 1460
3184 6 3 2 1 0 3335 302 1460 3336 303 1461
3185 6 3 2 1 0 3336 303 1461 3337 304 1462
3186 6 3 2 1 0 3337 304 1462 3338 305 1463
3187 6 3 2 1 0 3338 305 1463 3339 306 1464
3188 6 3 2 1 0 3339 306 1464 1551 12 70
3189 6 3 2 1 0 52 813 819 1426 3067 3301
3190 6 3 2 1 0 1426 3067 3301 1427 3068 3302
3191 6 3 2 1 0 1427 3068 3302 1428 3069 3303
3192 6 3 2 1 0 1428 3069 3303 1429 3070 3304
3193 6 3 2 1 0 1429 3070 3304 1430 3071 3305
3194 6 3 2 1 0 1430 3071 3305 1431 3072 3306
3195 6 3 2 1 0 1431 3072 3306 1432 3073 3307
3196 6 3 2 1 0 1432 3073 3307 1433 3074 3308
3197 6 3 2 1 0 1433 3074 3308 1434 3075 3309
3198 6 3 2 1 0 1434 3075 3309 1435 3076 3310
3199 6 3 2 1 0 1435 3076 3310 1436 3077 3311
3200 6 3 2 1 0 1436 3077 3311 1437 3078 3312
3201 6 3 2 1 0 1437 3078 3312 1438 3079 3313
3202 6 3 2 1 0 1438 3079 3313 1439 3080 3314
3203 6 3 2 1 0 1439 3080 3314 1440 3081 3315
3204 6 3 2 1 0 1440 3081 3315 1441 3082 3316
3205 6 3 2 1 0 1441 3082 3316 1442 3083 3317
3206 6 3 2 1 0 1442 3083 3317 1443 3084 3318
3207 6 3 2 1 0 1443 3084 3318 1444 3085 3319
3208 6 3 2 1 0 1444 3085 3319 1445 3086 3320
3209 6 3 2 1 0 1445 3086 3320 1446 3087 3321
3210 6 3 2 1 0 1446 3087 3321 1447 3088 3322
3211 6 3 2 1 0 1447 3088 3322 1448 3089 3323
3212 6 3 2 1 0 1448 3089 3323 1449 3090 3324
3213 6 3 2 1 0 1449 3090 3324 1450 3091 3325
3214 6 3 2 1 0 1450 3091 3325 1451 3092 3326
3215 6 3 2 1 0 1451 3092 3326 1452 3093 3327
3216 6 3 2 1 0 1452 3093 3327 1453 3094 3328
3217 6 3 2 1 0 1453 3094 3328 1454 3095 3329
3218 6 3 2 1 0 1454 3095 3329 1455 3096 3330
3219 6 3 2 1 0 1455 3096 3330 1456 3097 3331
3220 6 3 2 1 0 1456 3097 3331 1457 3098 3332
3221 6 3 2 1 0 1457 3098 3332 1458 3099 3333
3222 6 3 2 1 0 1458 3099 3333 1459 3100 3334
3223 6 3 2 1 0 1459 3100 3334 1460 3101 3335
3224 6 3 2 1 0 1460 3101 3335 1461 3102 3336
3225 6 3 2 1 0 1461 3102 3336 1462 3103 3337
3226 6 3 2 1 0 1462 3103 3337 1463 3104 3338
3227 6 3 2 1 0 1463 3104 3338 1464 3105 3339
3228 6 3 2 1 0 1464 3105 3339 70 1545 1551
3229 6 3 2 1 0 51 6 819 1387 268 3301
3230 6 3 2 1 0 1387 268 3301 1388 269 3302
3231 6 3 2 1 0 1388 269 3302 1389 270 3303
3232 6 3 2 1 0 1389 270 3303 1390 271 3304
3233 6 3 2 1 0 1390 271 3304 1391 272 3305
3234 6 3 2 1 0 1391 272 3305 1392 273 3306
3235 6 3 2 1 0 1392 273 3306 1393 274 3307
3236 6 3 2 1 0 1393 274 3307 1394 275 3308
3237 6 3 2 1 0 1394 275 3308 1395 276 3309
3238 6 3 2 1 0 1395 276 3309 1396 277 3310
3239 6 3 2 1 0 1396 277 3310 1397 278 3311
3240 6 3 2 1 0 1397 278 3311 1398 279 3312
3241 6 3 2 1 0 1398 279 3312 1399 280 3313
3242 6 3 2 1 0 1399 280 3313 1400 281 3314
3243 6 3 2 1 0 1400 281 3314 1401 282 3315
3244 6 3 2 1 0 1401 282 3315 1402 283 3316
3245 6 3 2 1 0 1402 283 3316 1403 284 3317
3246 6 3 2 1 0 1403 284 3317 1404 285 3318
3247 6 3 2 1 0 1404 285 3318 1405 286 3319
3248 6 3 2 1 0 1405 286 3319 1406 287 3320
3249 6 3 2 1 0 1406 287 3320 1407 288 3321
3250 6 3 2 1 0 1407 288 3321 1408 289 3322
3251 6 3 2 1 0 1408 289 3322 1409 290 3323
3252 6 3 2 1 0 1409 290 3323 1410 291 3324
3253 6 3 2 1 0 1410 291 3324 1411 292 3325
3254 6 3 2 1 0 1411 292 3325 1412 293 3326
3255 6 3 2 1 0 1412 293 3326 1413 294 3327
3256 6 3 2 1 0 1413 294 3327 1414 295 3328
3257 6 3 2 1 0 1414 295 3328 1415 296 3329
3258 6 3 2 1 0 1415 296 3329 1416 297 3330
3259 6 3 2 1 0 1416 297 3330 1417 298 3331
3260 6 3 2 1 0 1417 298 3331 1418 299 3332
3261 6 3 2 1 0 1418 299 3332 1419 300 3333
3262 6 3 2 1 0 1419 300 3333 1420 301 3334
3263 6 3 2 1 0 1420 301 3334 1421 302 3335
3264 6 3 2 1 0 1421 302 3335 1422 303 3336
3265 6 3 2 1 0 1422 303 3336 1423 304 3337
3266 6 3 2 1 0 1423 304 3337 1424 305 3338
3267 6 3 2 1 0 1424 305 3338 1425 306 3339
3268 6 3 2 1 0 1425 306 3339 69 12 1551
3269 6 3 2 1 0 824 814 813 3496 3106 3067
3270 6 3 2 1 0 3496 3106 3067 3497 3107 3068
3271 6 3 2 1 0 3497 3107 3068 3498 3108 3069
3272 6 3 2 1 0 3498 3108 3069 3499 3109 3070
3273 6 3 2 1 0 3499 3109 3070 3500 3110 3071
3274 6 3 2 1 0 3500 3110 3071 3501 3111 3072
3275 6 3 2 1 0 3501 3111 3072 3502 3112 3073
3276 6 3 2 1 0 3502 3112 3073 3503 3113 3074
3277 6 3 2 1 0 3503 3113 3074 3504 3114 3075
3278 6 3 2 1 0 3504 3114 3075 3505 3115 3076
3279 6 3 2 1 0 3505 3115 3076 3506 3116 3077
3280 6 3 2 1 0 3506 3116 3077 3507 3117 3078
3281 6 3 2 1 0 3507 3117 3078 3508 3118 3079
3282 6 3 2 1 0 3508 3118 3079 3509 3119 3080
3283 6 3 2 1 0 3509 3119 3080 3510 3120 3081
3284 6 3 2 1 0 3510 3120 3081 3511 3121 3082
3285 6 3 2 1 0 3511 3121 3082 3512 3122 3083
3286 6 3 2 1 0 3512 3122 3083 3513 3123 3084
3287 6 3 2 1 0 3513 3123 3084 3514 3124 3085
3288 6 3 2 1 0 3514 3124 3085 3515 3125 3086
3289 6 3 2 1 0 3515 3125 3086 3516 3126 3087
3290 6 3 2 1 0 3516 3126 3087 3517 3127 3088
3291 6 3 2 1 0 3517 3127 3088 3518 3128 3089
3292 6 3 2 1 0 3518 3128 3089 3519 3129 3090
3293 6 3 2 1 0 3519 3129 3090 3520 3130 3091
3294 6 3 2 1 0 3520 3130 3091 3521 3131 3092
3295 6 3 2 1 0 3521 3131 3092 3522 3132 3093
3296 6 3 2 1 0 3522 3132 3093 3523 3133 3094
3297 6 3 2 1 0 3523 3133 3094 3524 3134 3095
3298 6 3 2 1 0 3524 3134 3095 3525 3135 3096
3299 6 3 2 1 0 3525 3135 3096 3526 3136 3097
3300 6 3 2 1 0 3526 3136 3097 3527 3137 3098
3301 6 3 2 1 0 3527 3137 3098 3528 3138 3099
3302 6 3 2 1 0 3528 3138 3099 3529 3139 3100
3303 6 3 2 1 0 3529 3139 3100 3530 3140 3101
3304 6 3 2 1 0 3530 3140 3101 3531 3141 3102
3305 6 3 2 1 0 3531 3141 3102 3532 3142 3103
3306 6 3 2 1 0 3532 3142 3103 3533 3143 3104
3307 6 3 2 1 0 3533 3143 3104 3534 3144 3105
3308 6 3 2 1 0 3534 3144 3105 1556 1546 1545
3309 6 3 2 1 0 825 49 50 3535 1309 1348
3310 6 3 2 1 0 3535 1309 1348 3536 1310 1349
3311 6 3 2 1 0 3536 1310 1349 3537 1311 1350
3312 6 3 2 1 0 3537 1311 1350 3538 1312 1351
3313 6 3 2 1 0 3538 1312 1351 3539 1313 1352
3314 6 3 2 1 0 3539 1313 1352 3540 1314 1353
3315 6 3 2 1 0 3540 1314 1353 3541 1315 1354
3316 6 3 2 1 0 3541 1315 1354 3542 1316 1355
3317 6 3 2 1 0 3542 1316 1355 3543 1317 1356
3318 6 3 2 1 0 3543 1317 1356 3544 1318 1357
3319 6 3 2 1 0 3544 1318 1357 3545 1319 1358
3320 6 3 2 1 0 3545 1319 1358 3546 1320 1359
3321 6 3 2 1 0 3546 1320 1359 3547 1321 1360
3322 6 3 2 1 0 3547 1321 1360 3548 1322 1361
3323 6 3 2 1 0 3548 1322 1361 3549 1323 1362
3324 6 3 2 1 0 3549 1323 1362 3550 1324 1363
3325 6 3 2 1 0 3550 1324 1363 3551 1325 1364
3326 6 3 2 1 0 3551 1325 1364 3552 1326 1365
3327 6 3 2 1 0 3552 1326 1365 3553 1327 1366
3328 6 3 2 1 0 3553 1327 1366 3554 1328 1367
3329 6 3 2 1 0 3554 1328 1367 3555 1329 1368
3330 6 3 2 1 0 3555 1329 1368 3556 1330 1369
3331 6 3 2 1 0 3556 1330 1369 3557 1331 1370
3332 6 3 2 1 0 3557 1331 1370 3558 1332 1371
3333 6 3 2 1 0 3558 1332 1371 3559 1333 1372
3334 6 3 2 1 0 3559 1333 1372 3560 1334 1373
3335 6 3 2 1 0 3560 1334 1373 3561 1335 1374
3336 6 3 2 1 0 3561 1335 1374 3562 1336 1375
3337 6 3 2 1 0 3562 1336 1375 3563 1337 1376
3338 6 3 2 1 0 3563 1337 1376 3564 1338 1377
3339 6 3 2 1 0 3564 1338 1377 3565 1339 1378
3340 6 3 2 1 0 3565 1339 1378 3566 1340 1379
3341 6 3 2 1 0 3566 1340 1379 3567 1341 1380
3342 6 3 2 1 0 3567 1341 1380 3568 1342 1381
3343 6 3 2 1 0 3568 1342 1381 3569 1343 1382
3344 6 3 2 1 0 3569 1343 1382 3570 1344 1383
3345 6 3 2 1 0 3570 1344 1383 3571 1345 1384
3346 6 3 2 1 0 3571 1345 1384 3572 1346 1385
3347 6 3 2 1 0 3572 1346 1385 3573 1347 1386
3348 6 3 2 1 0 3573 1347 1386 1557 67 68
3349 6 3 2 1 0 820 1 37 3340 73 841
3350 6 3 2 1 0 3340 73 841 3341 74 842
3351 6 3 2 1 0 3341 74 842 3342 75 843
3352 6 3 2 1 0 3342 75 843 3343 76 844
3353 6 3 2 1 0 3343 76 844 3344 77 845
3354 6 3 2 1 0 3344 77 845 3345 78 846
3355 6 3 2 1 0 3345 78 846 3346 79 847
3356 6 3 2 1 0 3346 79 847 3347 80 848
3357 6 3 2 1 0 3347 80 848 3348 81 849
3358 6 3 2 1 0 3348 81 849 3349 82 850
3359 6 3 2 1 0 3349 82 850 3350 83 851
3360 6 3 2 1 0 3350 83 851 3351 84 852
3361 6 3 2 1 0 3351 84 852 3352 85 853
3362 6 3 2 1 0 3352 85 853 3353 86 854
3363 6 3 2 1 0 3353 86 854 3354 87 855
3364 6 3 2 1 0 3354 87 855 3355 88 856
3365 6 3 2 1 0 3355 88 856 3356 89 857
3366 6 3 2 1 0 3356 89 857 3357 90 858
3367 6 3 2 1 0 3357 90 858 3358 91 859
3368 6 3 2 1 0 3358 91 859 3359 92 860
3369 6 3 2 1 0 3359 92 860 3360 93 861
3370 6 3 2 1 0 3360 93 861 3361 94 862
3371 6 3 2 1 0 3361 94 862 3362 95 863
3372 6 3 2 1 0 3362 95 863 3363 96 864
3373 6 3 2 1 0 3363 96 864 3364 97 865
3374 6 3 2 1 0 3364 97 865 3365 98 866
3375 6 3 2 1 0 3365 98 866 3366 99 867
3376 6 3 2 1 0 3366 99 867 3367 100 868
3377 6 3 2 1 0 3367 100 868 3368 101 869
3378 6 3 2 1 0 3368 101 869 3369 102 870
3379 6 3 2 1 0 3369 102 870 3370 103 871
3380 6 3 2 1 0 3370 103 871 3371 104 872
3381 6 3 2 1 0 3371 104 872 3372 105 873
3382 6 3 2 1 0 3372 105 873 3373 106 874
3383 6 3 2 1 0 3373 106 874 3374 107 875
3384 6 3 2 1 0 3374 107 875 3375 108 876
3385 6 3 2 1 0 3375 108 876 3376 109 877
3386 6 3 2 1 0 3376 109 877 3377 110 878
3387 6 3 2 1 0 3377 110 878 3378 111 879
3388 6 3 2 1 0 3378 111 879 1552 7 55
3389 6 3 2 1 0 821 818 814 3379 3262 3106
3390 6 3 2 1 0 3379 3262 3106 3380 3263 3107
3391 6 3 2 1 0 3380 3263 3107 3381 3264 3108
3392 6 3 2 1 0 3381 3264 3108 3382 3265 3109
3393 6 3 2 1 0 3382 3265 3109 3383 3266 3110
3394 6 3 2 1 0 3383 3266 3110 3384 3267 3111
3395 6 3 2 1 0 3384 3267 3111 3385 3268 3112
3396 6 3 2 1 0 3385 3268 3112 3386 3269 3113
3397 6 3 2 1 0 3386 3269 3113 3387 3270 3114
3398 6 3 2 1 0 3387 3270 3114 3388 3271 3115
3399 6 3 2 1 0 3388 3271 3115 3389 3272 3116
3400 6 3 2 1 0 3389 3272 3116 3390 3273 3117
3401 6 3 2 1 0 3390 3273 3117 3391 3274 3118
3402 6 3 2 1 0 3391 3274 3118 3392 3275 3119
3403 6 3 2 1 0 3392 3275 3119 3393 3276 3120
3404 6 3 2 1 0 3393 3276 3120 3394 3277 3121
3405 6 3 2 1 0 3394 3277 3121 3395 3278 3122
3406 6 3 2 1 0 3395 3278 3122 3396 3279 3123
3407 6 3 2 1 0 3396 3279 3123 3397 3280 3124
3408 6 3 2 1 0 3397 3280 3124 3398 3281 3125
3409 6 3 2 1 0 3398 3281 3125 3399 3282 3126
3410 6 3 2 1 0 3399 3282 3126 3400 3283 3127
3411 6 3 2 1 0 3400 3283 3127 3401 3284 3128
3412 6 3 2 1 0 3401 3284 3128 3402 3285 3129
3413 6 3 2 1 0 3402 3285 3129 3403 3286 3130
3414 6 3 2 1 0 3403 3286 3130 3404 3287 3131
3415 6 3 2 1 0 3404 3287 3131 3405 3288 3132
3416 6 3 2 1 0 3405 3288 3132 3406 3289 3133
3417 6 3 2 1 0 3406 3289 3133 3407 3290 3134
3418 6 3 2 1 0 3407 3290 3134 3408 3291 3135
3419 6 3 2 1 0 3408 3291 3135 3409 3292 3136
3420 6 3 2 1 0 3409 3292 3136 3410 3293 3137
3421 6 3 2 1 0 3410 3293 3137 3411 3294 3138
3422 6 3 2 1 0 3411 3294 3138 3412 3295 3139
3423 6 3 2 1 0 3412 3295 3139 3413 3296 3140
3424 6 3 2 1 0 3413 3296 3140 3414 3297 3141
3425 6 3 2 1 0 3414 3297 3141 3415 3298 3142
3426 6 3 2 1 0 3415 3298 3142 3416 3299 3143
3427 6 3 2 1 0 3416 3299 3143 3417 3300 3144
3428 6 3 2 1 0 3417 3300 3144 1553 1550 1546
3429 6 3 2 1 0 816 818 821 3184 3262 3379
3430 6 3 2 1 0 3184 3262 3379 3185 3263 3380
3431 6 3 2 1 0 3185 3263 3380 3186 3264 3381
3432 6 3 2 1 0 3186 3264 3381 3187 3265 3382
3433 6 3 2 1 0 3187 3265 3382 3188 3266 3383
3434 6 3 2 1 0 3188 3266 3383 3189 3267 3384
3435 6 3 2 1 0 3189 3267 3384 3190 3268 3385
3436 6 3 2 1 0 3190 3268 3385 3191 3269 3386
3437 6 3 2 1 0 3191 3269 3386 3192 3270 3387
3438 6 3 2 1 0 3192 3270 3387 3193 3271 3388
3439 6 3 2 1 0 3193 3271 3388 3194 3272 3389
3440 6 3 2 1 0 3194 3272 3389 3195 3273 3390
3441 6 3 2 1 0 3195 3273 3390 3196 3274 3391
3442 6 3 2 1 0 3196 3274 3391 3197 3275 3392
3443 6 3 2 1 0 3197 3275 3392 3198 3276 3393
3444 6 3 2 1 0 3198 3276 3393 3199 3277 3394
3445 6 3 2 1 0 3199 3277 3394 3200 3278 3395
3446 6 3 2 1 0 3200 3278 3395 3201 3279 3396
3447 6 3 2 1 0 3201 3279 3396 3202 3280 3397
3448 6 3 2 1 0 3202 3280 3397 3203 3281 3398
3449 6 3 2 1 0 3203 3281 3398 3204 3282 3399
3450 6 3 2 1 0 3204 3282 3399 3205 3283 3400
3451 6 3 2 1 0 3205 3283 3400 3206 3284 3401
3452 6 3 2 1 0 3206 3284 3401 3207 3285 3402
3453 6 3 2 1 0 3207 3285 3402 3208 3286 3403
3454 6 3 2 1 0 3208 3286 3403 3209 3287 3404
3455 6 3 2 1 0 3209 3287 3404 3210 3288 3405
3456 6 3 2 1 0 3210 3288 3405 3211 3289 3406
3457 6 3 2 1 0 3211 3289 3406 3212 3290 3407
3458 6 3 2 1 0 3212 3290 3407 3213 3291 3408
3459 6 3 2 1 0 3213 3291 3408 3214 3292 3409
3460 6 3 2 1 0 3214 3292 3409 3215 3293 3410
3461 6 3 2 1 0 3215 3293 3410 3216 3294 3411
3462 6 3 2 1 0 3216 3294 3411 3217 3295 3412
3463 6 3 2 1 0 3217 3295 3412 3218 3296 3413
3464 6 3 2 1 0 3218 3296 3413 3219 3297 3414
3465 6 3 2 1 0 3219 3297 3414 3220 3298 3415
3466 6 3 2 1 0 3220 3298 3415 3221 3299 3416
3467 6 3 2 1 0 3221 3299 3416 3222 3300 3417
3468 6 3 2 1 0 3222 3300 3417 1548 1550 1553
3469 6 3 2 1 0 38 39 822 880 919 3418
3470 6 3 2 1 0 880 919 3418 881 920 3419
3471 6 3 2 1 0 881 920 3419 882 921 3420
3472 6 3 2 1 0 882 921 3420 883 922 3421
3473 6 3 2 1 0 883 922 3421 884 923 3422
3474 6 3 2 1 0 884 923 3422 885 924 3423
3475 6 3 2 1 0 885 924 3423 886 925 3424
3476 6 3 2 1 0 886 925 3424 887 926 3425
3477 6 3 2 1 0 887 926 3425 888 927 3426
3478 6 3 2 1 0 888 927 3426 889 928 3427
3479 6 3 2 1 0 889 928 3427 890 929 3428
3480 6 3 2 1 0 890 929 3428 891 930 3429
3481 6 3 2 1 0 891 930 3429 892 931 3430
3482 6 3 2 1 0 892 931 3430 893 932 3431
3483 6 3 2 1 0 893 932 3431 894 933 3432
3484 6 3 2 1 0 894 933 3432 895 934 3433
3485 6 3 2 1 0 895 934 3433 896 935 3434
3486 6 3 2 1 0 896 935 3434 897 936 3435
3487 6 3 2 1 0 897 936 3435 898 937 3436
3488 6 3 2 1 0 898 937 3436 899 938 3437
3489 6 3 2 1 0 899 938 3437 900 939 3438
3490 6 3 2 1 0 900 939 3438 901 940 3439
3491 6 3 2 1 0 901 940 3439 902 941 3440
3492 6 3 2 1 0 902 941 3440 903 942 3441
3493 6 3 2 1 0 903 942 3441 904 943 3442
3494 6 3 2 1 0 904 943 3442 905 944 3443
3495 6 3 2 1 0 905 944 3443 906 945 3444
3496 6 3 2 1 0 906 945 3444 907 946 3445
3497 6 3 2 1 0 907 946 3445 908 947 3446
3498 6 3 2 1 0 908 947 3446 909 948 3447
3499 6 3 2 1 0 909 948 3447 910 949 3448
3500 6 3 2 1 0 910 949 3448 911 950 3449
3501 6 3 2 1 0 911 950 3449 912 951 3450
3502 6 3 2 1 0 912 951 3450 913 952 3451
3503 6 3 2 1 0 913 952 3451 914 953 3452
3504 6 3 2 1 0 914 953 3452 915 954 3453
3505 6 3 2 1 0 915 954 3453 916 955 3454
3506 6 3 2 1 0 916 955 3454 917 956 3455
3507 6 3 2 1 0 917 956 3455 918 957 3456
3508 6 3 2 1 0 918 957 3456 56 57 1554
3509 6 3 2 1 0 824 813 53 3496 3067 1465
3510 6 3 2 1 0 3496 3067 1465 3497 3068 1466
3511 6 3 2 1 0 3497 3068 1466 3498 3069 1467
3512 6 3 2 1 0 3498 3069 1467 3499 3070 1468
3513 6 3 2 1 0 3499 3070 1468 3500 3071 1469
3514 6 3 2 1 0 3500 3071 1469 3501 3072 1470
3515 6 3 2 1 0 3501 3072 1470 3502 3073 1471
3516 6 3 2 1 0 3502 3073 1471 3503 3074 1472
3517 6 3 2 1 0 3503 3074 1472 3504 3075 1473
3518 6 3 2 1 0 3504 3075 1473 3505 3076 1474
3519 6 3 2 1 0 3505 3076 1474 3506 3077 1475
3520 6 3 2 1 0 3506 3077 1475 3507 3078 1476
3521 6 3 2 1 0 3507 3078 1476 3508 3079 1477
3522 6 3 2 1 0 3508 3079 1477 3509 3080 1478
3523 6 3 2 1 0 3509 3080 1478 3510 3081 1479
3524 6 3 2 1 0 3510 3081 1479 3511 3082 1480
3525 6 3 2 1 0 3511 3082 1480 3512 3083 1481
3526 6 3 2 1 0 3512 3083 1481 3513 3084 1482
3527 6 3 2 1 0 3513 3084 1482 3514 3085 1483
3528 6 3 2 1 0 3514 3085 1483 3515 3086 1484
3529 6 3 2 1 0 3515 3086 1484 3516 3087 1485
3530 6 3 2 1 0 3516 3087 1485 3517 3088 1486
3531 6 3 2 1 0 3517 3088 1486 3518 3089 1487
3532 6 3 2 1 0 3518 3089 1487 3519 3090 1488
3533 6 3 2 1 0 3519 3090 1488 3520 3091 1489
3534 6 3 2 1 0 3520 3091 1489 3521 3092 1490
3535 6 3 2 1 0 3521 3092 1490 3522 3093 1491
3536 6 3 2 1 0 3522 3093 1491 3523 3094 1492
3537 6 3 2 1 0 3523 3094 1492 3524 3095 1493
3538 6 3 2 1 0 3524 3095 1493 3525 3096 1494
3539 6 3 2 1 0 3525 3096 1494 3526 3097 1495
3540 6 3 2 1 0 3526 3097 1495 3527 3098 1496
3541 6 3 2 1 0 3527 3098 1496 3528 3099 1497
3542 6 3 2 1 0 3528 3099 1497 3529 3100 1498
3543 6 3 2 1 0 3529 3100 1498 3530 3101 1499
3544 6 3 2 1 0 3530 3101 1499 3531 3102 1500
3545 6 3 2 1 0 3531 3102 1500 3532 3103 1501
3546 6 3 2 1 0 3532 3103 1501 3533 3104 1502
3547 6 3 2 1 0 3533 3104 1502 3534 3105 1503
3548 6 3 2 1 0 3534 3105 1503 1556 1545 71
3549 6 3 2 1 0 53 54 824 1465 1504 3496
3550 6 3 2 1 0 1465 1504 3496 1466 1505 3497
3551 6 3 2 1 0 1466 1505 3497 1467 1506 3498
3552 6 3 2 1 0 1467 1506 3498 1468 1507 3499
3553 6 3 2 1 0 1468 1507 3499 1469 1508 3500
3554 6 3 2 1 0 1469 1508 3500 1470 1509 3501
3555 6 3 2 1 0 1470 1509 3501 1471 1510 3502
3556 6 3 2 1 0 1471 1510 3502 1472 1511 3503
3557 6 3 2 1 0 1472 1511 3503 1473 1512 3504
3558 6 3 2 1 0 1473 1512 3504 1474 1513 3505
3559 6 3 2 1 0 1474 1513 3505 1475 1514 3506
3560 6 3 2 1 0 1475 1514 3506 1476 1515 3507
3561 6 3 2 1 0 1476 1515 3507 1477 1516 3508
3562 6 3 2 1 0 1477 1516 3508 1478 1517 3509
3563 6 3 2 1 0 1478 1517 3509 1479 1518 3510
3564 6 3 2 1 0 1479 1518 3510 1480 1519 3511
3565 6 3 2 1 0 1480 1519 3511 1481 1520 3512
3566 6 3 2 1 0 1481 1520 3512 1482 1521 3513
3567 6 3 2 1 0 1482 1521 3513 1483 1522 3514
3568 6 3 2 1 0 1483 1522 3514 1484 1523 3515
3569 6 3 2 1 0 1484 1523 3515 1485 1524 3516
3570 6 3 2 1 0 1485 1524 3516 1486 1525 3517
3571 6 3 2 1 0 1486 1525 3517 1487 1526 3518
3572 6 3 2 1 0 1487 1526 3518 1488 1527 3519
3573 6 3 2 1 0 1488 1527 3519 1489 1528 3520
3574 6 3 2 1 0 1489 1528 3520 1490 1529 3521
3575 6 3 2 1 0 1490 1529 3521 1491 1530 3522
3576 6 3 2 1 0 1491 1530 3522 1492 1531 3523
3577 6 3 2 1 0 1492 1531 3523 1493 1532 3524
3578 6 3 2 1 0 1493 1532 3524 1494 1533 3525
3579 6 3 2 1 0 1494 1533 3525 1495 1534 3526
3580 6 3 2 1 0 1495 1534 3526 1496 1535 3527
3581 6 3 2 1 0 1496 1535 3527 1497 1536 3528
3582 6 3 2 1 0 1497 1536 3528 1498 1537 3529
3583 6 3 2 1 0 1498 1537 3529 1499 1538 3530
3584 6 3 2 1 0 1499 1538 3530 1500 1539 3531
3585 6 3 2 1 0 1500 1539 3531 1501 1540 3532
3586 6 3 2 1 0 1501 1540 3532 1502 1541 3533
3587 6 3 2 1 0 1502 1541 3533 1503 1542 3534
3588 6 3 2 1 0 1503 1542 3534 71 72 1556
3589 6 3 2 1 0 827 47 48 3613 1231 1270
3590 6 3 2 1 0 3613 1231 1270 3614 1232 1271
3591 6 3 2 1 0 3614 1232 1271 3615 1233 1272
3592 6 3 2 1 0 3615 1233 1272 3616 1234 1273
3593 6 3 2 1 0 3616 1234 1273 3617 1235 1274
3594 6 3 2 1 0 3617 1235 1274 3618 1236 1275
3595 6 3 2 1 0 3618 1236 1275 3619 1237 1276
3596 6 3 2 1 0 3619 1237 1276 3620 1238 1277
3597 6 3 2 1 0 3620 1238 1277 3621 1239 1278
3598 6 3 2 1 0 3621 1239 1278 3622 1240 1279
3599 6 3 2 1 0 3622 1240 1279 3623 1241 1280
3600 6 3 2 1 0 3623 1241 1280 3624 1242 1281
3601 6 3 2 1 0 3624 1242 1281 3625 1243 1282
3602 6 3 2 1 0 3625 1243 1282 3626 1244 1283
3603 6 3 2 1 0 3626 1244 1283 3627 1245 1284
3604 6 3 2 1 0 3627 1245 1284 3628 1246 1285
3605 6 3 2 1 0 3628 1246 1285 3629 1247 1286
3606 6 3 2 1 0 3629 1247 1286 3630 1248 1287
3607 6 3 2 1 0 3630 1248 1287 3631 1249 1288
3608 6 3 2 1 0 3631 1249 1288 3632 1250 1289
3609 6 3 2 1 0 3632 1250 1289 3633 1251 1290
3610 6 3 2 1 0 3633 1251 1290 3634 1252 1291
3611 6 3 2 1 0 3634 1252 1291 3635 1253 1292
3612 6 3 2 1 0 3635 1253 1292 3636 1254 1293
3613 6 3 2 1 0 3636 1254 1293 3637 1255 1294
3614 6 3 2 1 0 3637 1255 1294 3638 1256 1295
3615 6 3 2 1 0 3638 1256 1295 3639 1257 1296
3616 6 3 2 1 0 3639 1257 1296 3640 1258 1297
3617 6 3 2 1 0 3640 1258 1297 3641 1259 1298
3618 6 3 2 1 0 3641 1259 1298 3642 1260 1299
3619 6 3 2 1 0 3642 1260 1299 3643 1261 1300
3620 6 3 2 1 0 3643 1261 1300 3644 1262 1301
3621 6 3 2 1 0 3644 1262 1301 3645 1263 1302
3622 6 3 2 1 0 3645 1263 1302 3646 1264 1303
3623 6 3 2 1 0 3646 1264 1303 3647 1265 1304
3624 6 3 2 1 0 3647 1265 1304 3648 1266 1305
3625 6 3 2 1 0 3648 1266 1305 3649 1267 1306
3626 6 3 2 1 0 3649 1267 1306 3650 1268 1307
3627 6 3 2 1 0 3650 1268 1307 3651 1269 1308
3628 6 3 2 1 0 3651 1269 1308 1559 65 66
3629 6 3 2 1 0 46 47 828 1192 1231 3652
3630 6 3 2 1 0 1192 1231 3652 1193 1232 3653
3631 6 3 2 1 0 1193 1232 3653 1194 1233 3654
3632 6 3 2 1 0 1194 1233 3654 1195 1234 3655
3633 6 3 2 1 0 1195 1234 3655 1196 1235 3656
3634 6 3 2 1 0 1196 1235 3656 1197 1236 3657
3635 6 3 2 1 0 1197 1236 3657 1198 1237 3658
3636 6 3 2 1 0 1198 1237 3658 1199 1238 3659
3637 6 3 2 1 0 1199 1238 3659 1200 1239 3660
3638 6 3 2 1 0 1200 1239 3660 1201 1240 3661
3639 6 3 2 1 0 1201 1240 3661 1202 1241 3662
3640 6 3 2 1 0 1202 1241 3662 1203 1242 3663
3641 6 3 2 1 0 1203 1242 3663 1204 1243 3664
3642 6 3 2 1 0 1204 1243 3664 1205 1244 3665
3643 6 3 2 1 0 1205 1244 3665 1206 1245 3666
3644 6 3 2 1 0 1206 1245 3666 1207 1246 3667
3645 6 3 2 1 0 1207 1246 3667 1208 1247 3668
3646 6 3 2 1 0 1208 1247 3668 1209 1248 3669
3647 6 3 2 1 0 1209 1248 3669 1210 1249 3670
3648 6 3 2 1 0 1210 1249 3670 1211 1250 3671
3649 6 3 2 1 0 1211 1250 3671 1212 1251 3672
3650 6 3 2 1 0 1212 1251 3672 1213 1252 3673
3651 6 3 2 1 0 1213 1252 3673 1214 1253 3674
3652 6 3 2 1 0 1214 1253 3674 1215 1254 3675
3653 6 3 2 1 0 1215 1254 3675 1216 1255 3676
3654 6 3 2 1 0 1216 1255 3676 1217 1256 3677
3655 6 3 2 1 0 1217 1256 3677 1218 1257 3678
3656 6 3 2 1 0 1218 1257 3678 1219 1258 3679
3657 6 3 2 1 0 1219 1258 3679 1220 1259 3680
3658 6 3 2 1 0 1220 1259 3680 1221 1260 3681
3659 6 3 2 1 0 1221 1260 3681 1222 1261 3682
3660 6 3 2 1 0 1222 1261 3682 1223 1262 3683
3661 6 3 2 1 0 1223 1262 3683 1224 1263 3684
3662 6 3 2 1 0 1224 1263 3684 1225 1264 3685
3663 6 3 2 1 0 1225 1264 3685 1226 1265 3686
3664 6 3 2 1 0 1226 1265 3686 1227 1266 3687
3665 6 3 2 1 0 1227 1266 3687 1228 1267 3688
3666 6 3 2 1 0 1228 1267 3688 1229 1268 3689
3667 6 3 2 1 0 1229 1268 3689 1230 1269 3690
3668 6 3 2 1 0 1230 1269 3690 64 65 1560
3669 6 3 2 1 0 42 3 831 1036 151 3769
3670 6 3 2 1 0 1036 151 3769 1037 152 3770
3671 6 3 2 1 0 1037 152 3770 1038 153 3771
3672 6 3 2 1 0 1038 153 3771 1039 154 3772
3673 6 3 2 1 0 1039 154 3772 1040 155 3773
3674 6 3 2 1 0 1040 155 3773 1041 156 3774
3675 6 3 2 1 0 1041 156 3774 1042 157 3775
3676 6 3 2 1 0 1042 157 3775 1043 158 3776
3677 6 3 2 1 0 1043 158 3776 1044 159 3777
3678 6 3 2 1 0 1044 159 3777 1045 160 3778
3679 6 3 2 1 0 1045 160 3778 1046 161 3779
3680 6 3 2 1 0 1046 161 3779 1047 162 3780
3681 6 3 2 1 0 1047 162 3780 1048 163 3781
3682 6 3 2 1 0 1048 163 3781 1049 164 3782
3683 6 3 2 1 0 1049 164 3782 1050 165 3783
3684 6 3 2 1 0 1050 165 3783 1051 166 3784
3685 6 3 2 1 0 1051 166 3784 1052 167 3785
3686 6 3 2 1 0 1052 167 3785 1053 168 3786
3687 6 3 2 1 0 1053 168 3786 1054 169 3787
3688 6 3 2 1 0 1054 169 3787 1055 170 3788
3689 6 3 2 1 0 1055 170 3788 1056 171 3789
3690 6 3 2 1 0 1056 171 3789 1057 172 3790
3691 6 3 2 1 0 1057 172 3790 1058 173 3791
3692 6 3 2 1 0 1058 173 3791 1059 174 3792
3693 6 3 2 1 0 1059 174 3792 1060 175 3793
3694 6 3 2 1 0 1060 175 3793 1061 176 3794
3695 6 3 2 1 0 1061 176 3794 1062 177 3795
3696 6 3 2 1 0 1062 177 3795 1063 178 3796
3697 6 3 2 1 0 1063 178 3796 1064 179 3797
3698 6 3 2 1 0 1064 179 3797 1065 180 3798
3699 6 3 2 1 0 1065 180 3798 1066 181 3799
3700 6 3 2 1 0 1066 181 3799 1067 182 3800
3701 6 3 2 1 0 1067 182 3800 1068 183 3801
3702 6 3 2 1 0 1068 183 3801 1069 184 3802
3703 6 3 2 1 0 1069 184 3802 1070 185 3803
3704 6 3 2 1 0 1070 185 3803 1071 186 3804
3705 6 3 2 1 0 1071 186 3804 1072 187 3805
3706 6 3 2 1 0 1072 187 3805 1073 188 3806
3707 6 3 2 1 0 1073 188 3806 1074 189 3807
3708 6 3 2 1 0 1074 189 3807 60 9 1563
3709 6 3 2 1 0 821 814 824 3379 3106 3496
3710 6 3 2 1 0 3379 3106 3496 3380 3107 3497
3711 6 3 2 1 0 3380 3107 3497 3381 3108 3498
3712 6 3 2 1 0 3381 3108 3498 3382 3109 3499
3713 6 3 2 1 0 3382 3109 3499 3383 3110 3500
3714 6 3 2 1 0 3383 3110 3500 3384 3111 3501
3715 6 3 2 1 0 3384 3111 3501 3385 3112 3502
3716 6 3 2 1 0 3385 3112 3502 3386 3113 3503
3717 6 3 2 1 0 3386 3113 3503 3387 3114 3504
3718 6 3 2 1 0 3387 3114 3504 3388 3115 3505
3719 6 3 2 1 0 3388 3115 3505 3389 3116 3506
3720 6 3 2 1 0 3389 3116 3506 3390 3117 3507
3721 6 3 2 1 0 3390 3117 3507 3391 3118 3508
3722 6 3 2 1 0 3391 3118 3508 3392 3119 3509
3723 6 3 2 1 0 3392 3119 3509 3393 3120 3510
3724 6 3 2 1 0 3393 3120 3510 3394 3121 3511
3725 6 3 2 1 0 3394 3121 3511 3395 3122 3512
3726 6 3 2 1 0 3395 3122 3512 3396 3123 3513
3727 6 3 2 1 0 3396 3123 3513 3397 3124 3514
3728 6 3 2 1 0 3397 3124 3514 3398 3125 3515
3729 6 3 2 1 0 3398 3125 3515 3399 3126 3516
3730 6 3 2 1 0 3399 3126 3516 3400 3127 3517
3731 6 3 2 1 0 3400 3127 3517 3401 3128 3518
3732 6 3 2 1 0 3401 3128 3518 3402 3129 3519
3733 6 3 2 1 0 3402 3129 3519 3403 3130 3520
3734 6 3 2 1 0 3403 3130 3520 3404 3131 3521
3735 6 3 2 1 0 3404 3131 3521 3405 3132 3522
3736 6 3 2 1 0 3405 3132 3522 3406 3133 3523
3737 6 3 2 1 0 3406 3133 3523 3407 3134 3524
3738 6 3 2 1 0 3407 3134 3524 3408 3135 3525
3739 6 3 2 1 0 3408 3135 3525 3409 3136 3526
3740 6 3 2 1 0 3409 3136 3526 3410 3137 3527
3741 6 3 2 1 0 3410 3137 3527 3411 3138 3528
3742 6 3 2 1 0 3411 3138 3528 3412 3139 3529
3743 6 3 2 1 0 3412 3139 3529 3413 3140 3530
3744 6 3 2 1 0 3413 3140 3530 3414 3141 3531
3745 6 3 2 1 0 3414 3141 3531 3415 3142 3532
3746 6 3 2 1 0 3415 3142 3532 3416 3143 3533
3747 6 3 2 1 0 3416 3143 3533 3417 3144 3534
3748 6 3 2 1 0 3417 3144 3534 1553 1546 1556
3749 6 3 2 1 0 820 821 824 3340 3379 3496
3750 6 3 2 1 0 3340 3379 3496 3341 3380 3497
3751 6 3 2 1 0 3341 3380 3497 3342 3381 3498
3752 6 3 2 1 0 3342 3381 3498 3343 3382 3499
3753 6 3 2 1 0 3343 3382 3499 3344 3383 3500
3754 6 3 2 1 0 3344 3383 3500 3345 3384 3501
3755 6 3 2 1 0 3345 3384 3501 3346 3385 3502
3756 6 3 2 1 0 3346 3385 3502 3347 3386 3503
3757 6 3 2 1 0 3347 3386 3503 3348 3387 3504
3758 6 3 2 1 0 3348 3387 3504 3349 3388 3505
3759 6 3 2 1 0 3349 3388 3505 3350 3389 3506
3760 6 3 2 1 0 3350 3389 3506 3351 3390 3507
3761 6 3 2 1 0 3351 3390 3507 3352 3391 3508
3762 6 3 2 1 0 3352 3391 3508 3353 3392 3509
3763 6 3 2 1 0 3353 3392 3509 3354 3393 3510
3764 6 3 2 1 0 3354 3393 3510 3355 3394 3511
3765 6 3 2 1 0 3355 3394 3511 3356 3395 3512
3766 6 3 2 1 0 3356 3395 3512 3357 3396 3513
3767 6 3 2 1 0 3357 3396 3513 3358 3397 3514
3768 6 3 2 1 0 3358 3397 3514 3359 3398 3515
3769 6 3 2 1 0 3359 3398 3515 3360 3399 3516
3770 6 3 2 1 0 3360 3399 3516 3361 3400 3517
3771 6 3 2 1 0 3361 3400 3517 3362 3401 3518
3772 6 3 2 1 0 3362 3401 3518 3363 3402 3519
3773 6 3 2 1 0 3363 3402 3519 3364 3403 3520
3774 6 3 2 1 0 3364 3403 3520 3365 3404 3521
3775 6 3 2 1 0 3365 3404 3521 3366 3405 3522
3776 6 3 2 1 0 3366 3405 3522 3367 3406 3523
3777 6 3 2 1 0 3367 3406 3523 3368 3407 3524
3778 6 3 2 1 0 3368 3407 3524 3369 3408 3525
3779 6 3 2 1 0 3369 3408 3525 3370 3409 3526
3780 6 3 2 1 0 3370 3409 3526 3371 3410 3527
3781 6 3 2 1 0 3371 3410 3527 3372 3411 3528
3782 6 3 2 1 0 3372 3411 3528 3373 3412 3529
3783 6 3 2 1 0 3373 3412 3529 3374 3413 3530
3784 6 3 2 1 0 3374 3413 3530 3375 3414 3531
3785 6 3 2 1 0 3375 3414 3531 3376 3415 3532
3786 6 3 2 1 0 3376 3415 3532 3377 3416 3533
3787 6 3 2 1 0 3377 3416 3533 3378 3417 3534
3788 6 3 2 1 0 3378 3417 3534 1552 1553 1556
3789 6 3 2 1 0 816 822 823 3184 3418 3457
3790 6 3 2 1 0 3184 3418 3457 3185 3419 3458
3791 6 3 2 1 0 3185 3419 3458 3186 3420 3459
3792 6 3 2 1 0 3186 3420 3459 3187 3421 3460
3793 6 3 2 1 0 3187 3421 3460 3188 3422 3461
3794 6 3 2 1 0 3188 3422 3461 3189 3423 3462
3795 6 3 2 1 0 3189 3423 3462 3190 3424 3463
3796 6 3 2 1 0 3190 3424 3463 3191 3425 3464
3797 6 3 2 1 0 3191 3425 3464 3192 3426 3465
3798 6 3 2 1 0 3192 3426 3465 3193 3427 3466
3799 6 3 2 1 0 3193 3427 3466 3194 3428 3467
3800 6 3 2 1 0 3194 3428 3467 3195 3429 3468
3801 6 3 2 1 0 3195 3429 3468 3196 3430 3469
3802 6 3 2 1 0 3196 3430 3469 3197 3431 3470
3803 6 3 2 1 0 3197 3431 3470 3198 3432 3471
3804 6 3 2 1 0 3198 3432 3471 3199 3433 3472
3805 6 3 2 1 0 3199 3433 3472 3200 3434 3473
3806 6 3 2 1 0 3200 3434 3473 3201 3435 3474
3807 6 3 2 1 0 3201 3435 3474 3202 3436 3475
3808 6 3 2 1 0 3202 3436 3475 3203 3437 3476
3809 6 3 2 1 0 3203 3437 3476 3204 3438 3477
3810 6 3 2 1 0 3204 3438 3477 3205 3439 3478
3811 6 3 2 1 0 3205 3439 3478 3206 3440 3479
3812 6 3 2 1 0 3206 3440 3479 3207 3441 3480
3813 6 3 2 1 0 3207 3441 3480 3208 3442 3481
3814 6 3 2 1 0 3208 3442 3481 3209 3443 3482
3815 6 3 2 1 0 3209 3443 3482 3210 3444 3483
3816 6 3 2 1 0 3210 3444 3483 3211 3445 3484
3817 6 3 2 1 0 3211 3445 3484 3212 3446 3485
3818 6 3 2 1 0 3212 3446 3485 3213 3447 3486
3819 6 3 2 1 0 3213 3447 3486 3214 3448 3487
3820 6 3 2 1 0 3214 3448 3487 3215 3449 3488
3821 6 3 2 1 0 3215 3449 3488 3216 3450 3489
3822 6 3 2 1 0 3216 3450 3489 3217 3451 3490
3823 6 3 2 1 0 3217 3451 3490 3218 3452 3491
3824 6 3 2 1 0 3218 3452 3491 3219 3453 3492
3825 6 3 2 1 0 3219 3453 3492 3220 3454 3493
3826 6 3 2 1 0 3220 3454 3493 3221 3455 3494
3827 6 3 2 1 0 3221 3455 3494 3222 3456 3495
3828 6 3 2 1 0 3222 3456 3495 1548 1554 1555
3829 6 3 2 1 0 50 51 825 1348 1387 3535
3830 6 3 2 1 0 1348 1387 3535 1349 1388 3536
3831 6 3 2 1 0 1349 1388 3536 1350 1389 3537
3832 6 3 2 1 0 1350 1389 3537 1351 1390 3538
3833 6 3 2 1 0 1351 1390 3538 1352 1391 3539
3834 6 3 2 1 0 1352 1391 3539 1353 1392 3540
3835 6 3 2 1 0 1353 1392 3540 1354 1393 3541
3836 6 3 2 1 0 1354 1393 3541 1355 1394 3542
3837 6 3 2 1 0 1355 1394 3542 1356 1395 3543
3838 6 3 2 1 0 1356 1395 3543 1357 1396 3544
3839 6 3 2 1 0 1357 1396 3544 1358 1397 3545
3840 6 3 2 1 0 1358 1397 3545 1359 1398 3546
3841 6 3 2 1 0 1359 1398 3546 1360 1399 3547
3842 6 3 2 1 0 1360 1399 3547 1361 1400 3548
3843 6 3 2 1 0 1361 1400 3548 1362 1401 3549
3844 6 3 2 1 0 1362 1401 3549 1363 1402 3550
3845 6 3 2 1 0 1363 1402 3550 1364 1403 3551
3846 6 3 2 1 0 1364 1403 3551 1365 1404 3552
3847 6 3 2 1 0 1365 1404 3552 1366 1405 3553
3848 6 3 2 1 0 1366 1405 3553 1367 1406 3554
3849 6 3 2 1 0 1367 1406 3554 1368 1407 3555
3850 6 3 2 1 0 1368 1407 3555 1369 1408 3556
3851 6 3 2 1 0 1369 1408 3556 1370 1409 3557
3852 6 3 2 1 0 1370 1409 3557 1371 1410 3558
3853 6 3 2 1 0 1371 1410 3558 1372 1411 3559
3854 6 3 2 1 0 1372 1411 3559 1373 1412 3560
3855 6 3 2 1 0 1373 1412 3560 1374 1413 3561
3856 6 3 2 1 0 1374 1413 3561 1375 1414 3562
3857 6 3 2 1 0 1375 1414 3562 1376 1415 3563
3858 6 3 2 1 0 1376 1415 3563 1377 1416 3564
3859 6 3 2 1 0 1377 1416 3564 1378 1417 3565
3860 6 3 2 1 0 1378 1417 3565 1379 1418 3566
3861 6 3 2 1 0 1379 1418 3566 1380 1419 3567
3862 6 3 2 1 0 1380 1419 3567 1381 1420 3568
3863 6 3 2 1 0 1381 1420 3568 1382 1421 3569
3864 6 3 2 1 0 1382 1421 3569 1383 1422 3570
3865 6 3 2 1 0 1383 1422 3570 1384 1423 3571
3866 6 3 2 1 0 1384 1423 3571 1385 1424 3572
3867 6 3 2 1 0 1385 1424 3572 1386 1425 3573
3868 6 3 2 1 0 1386 1425 3573 68 69 1557
3869 6 3 2 1 0 825 51 817 3535 1387 3223
3870 6 3 2 1 0 3535 1387 3223 3536 1388 3224
3871 6 3 2 1 0 3536 1388 3224 3537 1389 3225
3872 6 3 2 1 0 3537 1389 3225 3538 1390 3226
3873 6 3 2 1 0 3538 1390 3226 3539 1391 3227
3874 6 3 2 1 0 3539 1391 3227 3540 1392 3228
3875 6 3 2 1 0 3540 1392 3228 3541 1393 3229
3876 6 3 2 1 0 3541 1393 3229 3542 1394 3230
3877 6 3 2 1 0 3542 1394 3230 3543 1395 3231
3878 6 3 2 1 0 3543 1395 3231 3544 1396 3232
3879 6 3 2 1 0 3544 1396 3232 3545 1397 3233
3880 6 3 2 1 0 3545 1397 3233 3546 1398 3234
3881 6 3 2 1 0 3546 1398 3234 3547 1399 3235
3882 6 3 2 1 0 3547 1399 3235 3548 1400 3236
3883 6 3 2 1 0 3548 1400 3236 3549 1401 3237
3884 6 3 2 1 0 3549 1401 3237 3550 1402 3238
3885 6 3 2 1 0 3550 1402 3238 3551 1403 3239
3886 6 3 2 1 0 3551 1403 3239 3552 1404 3240
3887 6 3 2 1 0 3552 1404 3240 3553 1405 3241
3888 6 3 2 1 0 3553 1405 3241 3554 1406 3242
3889 6 3 2 1 0 3554 1406 3242 3555 1407 3243
3890 6 3 2 1 0 3555 1407 3243 3556 1408 3244
3891 6 3 2 1 0 3556 1408 3244 3557 1409 3245
3892 6 3 2 1 0 3557 1409 3245 3558 1410 3246
3893 6 3 2 1 0 3558 1410 3246 3559 1411 3247
3894 6 3 2 1 0 3559 1411 3247 3560 1412 3248
3895 6 3 2 1 0 3560 1412 3248 3561 1413 3249
3896 6 3 2 1 0 3561 1413 3249 3562 1414 3250
3897 6 3 2 1 0 3562 1414 3250 3563 1415 3251
3898 6 3 2 1 0 3563 1415 3251 3564 1416 3252
3899 6 3 2 1 0 3564 1416 3252 3565 1417 3253
3900 6 3 2 1 0 3565 1417 3253 3566 1418 3254
3901 6 3 2 1 0 3566 1418 3254 3567 1419 3255
3902 6 3 2 1 0 3567 1419 3255 3568 1420 3256
3903 6 3 2 1 0 3568 1420 3256 3569 1421 3257
3904 6 3 2 1 0 3569 1421 3257 3570 1422 3258
3905 6 3 2 1 0 3570 1422 3258 3571 1423 3259
3906 6 3 2 1 0 3571 1423 3259 3572 1424 3260
3907 6 3 2 1 0 3572 1424 3260 3573 1425 3261
3908 6 3 2 1 0 3573 1425 3261 1557 69 1549
3909 6 3 2 1 0 825 817 815 3535 3223 3145
3910 6 3 2 1 0 3535 3223 3145 3536 3224 3146
3911 6 3 2 1 0 3536 3224 3146 3537 3225 3147
3912 6 3 2 1 0 3537 3225 3147 3538 3226 3148
3913 6 3 2 1 0 3538 3226 3148 3539 3227 3149
3914 6 3 2 1 0 3539 3227 3149 3540 3228 3150
3915 6 3 2 1 0 3540 3228 3150 3541 3229 3151
3916 6 3 2 1 0 3541 3229 3151 3542 3230 3152
3917 6 3 2 1 0 3542 3230 3152 3543 3231 3153
3918 6 3 2 1 0 3543 3231 3153 3544 3232 3154
3919 6 3 2 1 0 3544 3232 3154 3545 3233 3155
3920 6 3 2 1 0 3545 3233 3155 3546 3234 3156
3921 6 3 2 1 0 3546 3234 3156 3547 3235 3157
3922 6 3 2 1 0 3547 3235 3157 3548 3236 3158
3923 6 3 2 1 0 3548 3236 3158 3549 3237 3159
3924 6 3 2 1 0 3549 3237 3159 3550 3238 3160
3925 6 3 2 1 0 3550 3238 3160 3551 3239 3161
3926 6 3 2 1 0 3551 3239 3161 3552 3240 3162
3927 6 3 2 1 0 3552 3240 3162 3553 3241 3163
3928 6 3 2 1 0 3553 3241 3163 3554 3242 3164
3929 6 3 2 1 0 3554 3242 3164 3555 3243 3165
3930 6 3 2 1 0 3555 3243 3165 3556 3244 3166
3931 6 3 2 1 0 3556 3244 3166 3557 3245 3167
3932 6 3 2 1 0 3557 3245 3167 3558 3246 3168
3933 6 3 2 1 0 3558 3246 3168 3559 3247 3169
3934 6 3 2 1 0 3559 3247 3169 3560 3248 3170
3935 6 3 2 1 0 3560 3248 3170 3561 3249 3171
3936 6 3 2 1 0 3561 3249 3171 3562 3250 3172
3937 6 3 2 1 0 3562 3250 3172 3563 3251 3173
3938 6 3 2 1 0 3563 3251 3173 3564 3252 3174
3939 6 3 2 1 0 3564 3252 3174 3565 3253 3175
3940 6 3 2 1 0 3565 3253 3175 3566 3254 3176
3941 6 3 2 1 0 3566 3254 3176 3567 3255 3177
3942 6 3 2 1 0 3567 3255 3177 3568 3256 3178
3943 6 3 2 1 0 3568 3256 3178 3569 3257 3179
3944 6 3 2 1 0 3569 3257 3179 3570 3258 3180
3945 6 3 2 1 0 3570 3258 3180 3571 3259 3181
3946 6 3 2 1 0 3571 3259 3181 3572 3260 3182
3947 6 3 2 1 0 3572 3260 3182 3573 3261 3183
3948 6 3 2 1 0 3573 3261 3183 1557 1549 1547
3949 6 3 2 1 0 826 815 811 3574 3145 2989
3950 6 3 2 1 0 3574 3145 2989 3575 3146 2990
3951 6 3 2 1 0 3575 3146 2990 3576 3147 2991
3952 6 3 2 1 0 3576 3147 2991 3577 3148 2992
3953 6 3 2 1 0 3577 3148 2992 3578 3149 2993
3954 6 3 2 1 0 3578 3149 2993 3579 3150 2994
3955 6 3 2 1 0 3579 3150 2994 3580 3151 2995
3956 6 3 2 1 0 3580 3151 2995 3581 3152 2996
3957 6 3 2 1 0 3581 3152 2996 3582 3153 2997
3958 6 3 2 1 0 3582 3153 2997 3583 3154 2998
3959 6 3 2 1 0 3583 3154 2998 3584 3155 2999
3960 6 3 2 1 0 3584 3155 2999 3585 3156 3000
3961 6 3 2 1 0 3585 3156 3000 3586 3157 3001
3962 6 3 2 1 0 3586 3157 3001 3587 3158 3002
3963 6 3 2 1 0 3587 3158 3002 3588 3159 3003
3964 6 3 2 1 0 3588 3159 3003 3589 3160 3004
3965 6 3 2 1 0 3589 3160 3004 3590 3161 3005
3966 6 3 2 1 0 3590 3161 3005 3591 3162 3006
3967 6 3 2 1 0 3591 3162 3006 3592 3163 3007
3968 6 3 2 1 0 3592 3163 3007 3593 3164 3008
3969 6 3 2 1 0 3593 3164 3008 3594 3165 3009
3970 6 3 2 1 0 3594 3165 3009 3595 3166 3010
3971 6 3 2 1 0 3595 3166 3010 3596 3167 3011
3972 6 3 2 1 0 3596 3167 3011 3597 3168 3012
3973 6 3 2 1 0 3597 3168 3012 3598 3169 3013
3974 6 3 2 1 0 3598 3169 3013 3599 3170 3014
3975 6 3 2 1 0 3599 3170 3014 3600 3171 3015
3976 6 3 2 1 0 3600 3171 3015 3601 3172 3016
3977 6 3 2 1 0 3601 3172 3016 3602 3173 3017
3978 6 3 2 1 0 3602 3173 3017 3603 3174 3018
3979 6 3 2 1 0 3603 3174 3018 3604 3175 3019
3980 6 3 2 1 0 3604 3175 3019 3605 3176 3020
3981 6 3 2 1 0 3605 3176 3020 3606 3177 3021
3982 6 3 2 1 0 3606 3177 3021 3607 3178 3022
3983 6 3 2 1 0 3607 3178 3022 3608 3179 3023
3984 6 3 2 1 0 3608 3179 3023 3609 3180 3024
3985 6 3 2 1 0 3609 3180 3024 3610 3181 3025
3986 6 3 2 1 0 3610 3181 3025 3611 3182 3026
3987 6 3 2 1 0 3611 3182 3026 3612 3183 3027
3988 6 3 2 1 0 3612 3183 3027 1558 1547 1543
3989 6 3 2 1 0 812 46 828 3028 1192 3652
3990 6 3 2 1 0 3028 1192 3652 3029 1193 3653
3991 6 3 2 1 0 3029 1193 3653 3030 1194 3654
3992 6 3 2 1 0 3030 1194 3654 3031 1195 3655
3993 6 3 2 1 0 3031 1195 3655 3032 1196 3656
3994 6 3 2 1 0 3032 1196 3656 3033 1197 3657
3995 6 3 2 1 0 3033 1197 3657 3034 1198 3658
3996 6 3 2 1 0 3034 1198 3658 3035 1199 3659
3997 6 3 2 1 0 3035 1199 3659 3036 1200 3660
3998 6 3 2 1 0 3036 1200 3660 3037 1201 3661
3999 6 3 2 1 0 3037 1201 3661 3038 1202 3662
4000 6 3 2 1 0 3038 1202 3662 3039 1203 3663
4001 6 3 2 1 0 3039 1203 3663 3040 1204 3664
4002 6 3 2 1 0 3040 1204 3664 3041 1205 3665
4003 6 3 2 1 0 3041 1205 3665 3042 1206 3666
4004 6 3 2 1 0 3042 1206 3666 3043 1207 3667
4005 6 3 2 1 0 3043 1207 3667 3044 1208 3668
4006 6 3 2 1 0 3044 1208 3668 3045 1209 3669
4007 6 3 2 1 0 3045 1209 3669 3046 1210 3670
4008 6 3 2 1 0 3046 1210 3670 3047 1211 3671
4009 6 3 2 1 0 3047 1211 3671 3048 1212 3672
4010 6 3 2 1 0 3048 1212 3672 3049 1213 3673
4011 6 3 2 1 0 3049 1213 3673 3050 1214 3674
4012 6 3 2 1 0 3050 1214 3674 3051 1215 3675
4013 6 3 2 1 0 3051 1215 3675 3052 1216 3676
4014 6 3 2 1 0 3052 1216 3676 3053 1217 3677
4015 6 3 2 1 0 3053 1217 3677 3054 1218 3678
4016 6 3 2 1 0 3054 1218 3678 3055 1219 3679
4017 6 3 2 1 0 3055 1219 3679 3056 1220 3680
4018 6 3 2 1 0 3056 1220 3680 3057 1221 3681
4019 6 3 2 1 0 3057 1221 3681 3058 1222 3682
4020 6 3 2 1 0 3058 1222 3682 3059 1223 3683
4021 6 3 2 1 0 3059 1223 3683 3060 1224 3684
4022 6 3 2 1 0 3060 1224 3684 3061 1225 3685
4023 6 3 2 1 0 3061 1225 3685 3062 1226 3686
4024 6 3 2 1 0 3062 1226 3686 3063 1227 3687
4025 6 3 2 1 0 3063 1227 3687 3064 1228 3688
4026 6 3 2 1 0 3064 1228 3688 3065 1229 3689
4027 6 3 2 1 0 3065 1229 3689 3066 1230 3690
4028 6 3 2 1 0 3066 1230 3690 1544 64 1560
4029 6 3 2 1 0 829 40 41 3691 958 997
4030 6 3 2 1 0 3691 958 997 3692 959 998
4031 6 3 2 1 0 3692 959 998 3693 960 999
4032 6 3 2 1 0 3693 960 999 3694 961 1000
4033 6 3 2 1 0 3694 961 1000 3695 962 1001
4034 6 3 2 1 0 3695 962 1001 3696 963 1002
4035 6 3 2 1 0 3696 963 1002 3697 964 1003
4036 6 3 2 1 0 3697 964 1003 3698 965 1004
4037 6 3 2 1 0 3698 965 1004 3699 966 1005
4038 6 3 2 1 0 3699 966 1005 3700 967 1006
4039 6 3 2 1 0 3700 967 1006 3701 968 1007
4040 6 3 2 1 0 3701 968 1007 3702 969 1008
4041 6 3 2 1 0 3702 969 1008 3703 970 1009
4042 6 3 2 1 0 3703 970 1009 3704 971 1010
4043 6 3 2 1 0 3704 971 1010 3705 972 1011
4044 6 3 2 1 0 3705 972 1011 3706 973 1012
4045 6 3 2 1 0 3706 973 1012 3707 974 1013
4046 6 3 2 1 0 3707 974 1013 3708 975 1014
4047 6 3 2 1 0 3708 975 1014 3709 976 1015
4048 6 3 2 1 0 3709 976 1015 3710 977 1016
4049 6 3 2 1 0 3710 977 1016 3711 978 1017
4050 6 3 2 1 0 3711 978 1017 3712 979 1018
4051 6 3 2 1 0 3712 979 1018 3713 980 1019
4052 6 3 2 1 0 3713 980 1019 3714 981 1020
4053 6 3 2 1 0 3714 981 1020 3715 982 1021
4054 6 3 2 1 0 3715 982 1021 3716 983 1022
4055 6 3 2 1 0 3716 983 1022 3717 984 1023
4056 6 3 2 1 0 3717 984 1023 3718 985 1024
4057 6 3 2 1 0 3718 985 1024 3719 986 1025
4058 6 3 2 1 0 3719 986 1025 3720 987 1026
4059 6 3 2 1 0 3720 987 1026 3721 988 1027
4060 6 3 2 1 0 3721 988 1027 3722 989 1028
4061 6 3 2 1 0 3722 989 1028 3723 990 1029
4062 6 3 2 1 0 3723 990 1029 3724 991 1030
4063 6 3 2 1 0 3724 991 1030 3725 992 1031
4064 6 3 2 1 0 3725 992 1031 3726 993 1032
4065 6 3 2 1 0 3726 993 1032 3727 994 1033
4066 6 3 2 1 0 3727 994 1033 3728 995 1034
4067 6 3 2 1 0 3728 995 1034 3729 996 1035
4068 6 3 2 1 0 3729 996 1035 1561 58 59
4069 6 3 2 1 0 822 829 823 3418 3691 3457
4070 6 3 2 1 0 3418 3691 3457 3419 3692 3458
4071 6 3 2 1 0 3419 3692 3458 3420 3693 3459
4072 6 3 2 1 0 3420 3693 3459 3421 3694 3460
4073 6 3 2 1 0 3421 3694 3460 3422 3695 3461
4074 6 3 2 1 0 3422 3695 3461 3423 3696 3462
4075 6 3 2 1 0 3423 3696 3462 3424 3697 3463
4076 6 3 2 1 0 3424 3697 3463 3425 3698 3464
4077 6 3 2 1 0 3425 3698 3464 3426 3699 3465
4078 6 3 2 1 0 3426 3699 3465 3427 3700 3466
4079 6 3 2 1 0 3427 3700 3466 3428 3701 3467
4080 6 3 2 1 0 3428 3701 3467 3429 3702 3468
4081 6 3 2 1 0 3429 3702 3468 3430 3703 3469
4082 6 3 2 1 0 3430 3703 3469 3431 3704 3470
4083 6 3 2 1 0 3431 3704 3470 3432 3705 3471
4084 6 3 2 1 0 3432 3705 3471 3433 3706 3472
4085 6 3 2 1 0 3433 3706 3472 3434 3707 3473
4086 6 3 2 1 0 3434 3707 3473 3435 3708 3474
4087 6 3 2 1 0 3435 3708 3474 3436 3709 3475
4088 6 3 2 1 0 3436 3709 3475 3437 3710 3476
4089 6 3 2 1 0 3437 3710 3476 3438 3711 3477
4090 6 3 2 1 0 3438 3711 3477 3439 3712 3478
4091 6 3 2 1 0 3439 3712 3478 3440 3713 3479
4092 6 3 2 1 0 3440 3713 3479 3441 3714 3480
4093 6 3 2 1 0 3441 3714 3480 3442 3715 3481
4094 6 3 2 1 0 3442 3715 3481 3443 3716 3482
4095 6 3 2 1 0 3443 3716 3482 3444 3717 3483
4096 6 3 2 1 0 3444 3717 3483 3445 3718 3484
4097 6 3 2 1 0 3445 3718 3484 3446 3719 3485
4098 6 3 2 1 0 3446 3719 3485 3447 3720 3486
4099 6 3 2 1 0 3447 3720 3486 3448 3721 3487
4100 6 3 2 1 0 3448 3721 3487 3449 3722 3488
4101 6 3 2 1 0 3449 3722 3488 3450 3723 3489
4102 6 3 2 1 0 3450 3723 3489 3451 3724 3490
4103 6 3 2 1 0 3451 3724 3490 3452 3725 3491
4104 6 3 2 1 0 3452 3725 3491 3453 3726 3492
4105 6 3 2 1 0 3453 3726 3492 3454 3727 3493
4106 6 3 2 1 0 3454 3727 3493 3455 3728 3494
4107 6 3 2 1 0 3455 3728 3494 3456 3729 3495
4108 6 3 2 1 0 3456 3729 3495 1554 1561 1555
4109 6 3 2 1 0 2 40 829 112 958 3691
4110 6 3 2 1 0 112 958 3691 113 959 3692
4111 6 3 2 1 0 113 959 3692 114 960 3693
4112 6 3 2 1 0 114 960 3693 115 961 3694
4113 6 3 2 1 0 115 961 3694 116 962 3695
4114 6 3 2 1 0 116 962 3695 117 963 3696
4115 6 3 2 1 0 117 963 3696 118 964 3697
4116 6 3 2 1 0 118 964 3697 119 965 3698
4117 6 3 2 1 0 119 965 3698 120 966 3699
4118 6 3 2 1 0 120 966 3699 121 967 3700
4119 6 3 2 1 0 121 967 3700 122 968 3701
4120 6 3 2 1 0 122 968 3701 123 969 3702
4121 6 3 2 1 0 123 969 3702 124 970 3703
4122 6 3 2 1 0 124 970 3703 125 971 3704
4123 6 3 2 1 0 125 971 3704 126 972 3705
4124 6 3 2 1 0 126 972 3705 127 973 3706
4125 6 3 2 1 0 127 973 3706 128 974 3707
4126 6 3 2 1 0 128 974 3707 129 975 3708
4127 6 3 2 1 0 129 975 3708 130 976 3709
4128 6 3 2 1 0 130 976 3709 131 977 3710
4129 6 3 2 1 0 131 977 3710 132 978 3711
4130 6 3 2 1 0 132 978 3711 133 979 3712
4131 6 3 2 1 0 133 979 3712 134 980 3713
4132 6 3 2 1 0 134 980 3713 135 981 3714
4133 6 3 2 1 0 135 981 3714 136 982 3715
4134 6 3 2 1 0 136 982 3715 137 983 3716
4135 6 3 2 1 0 137 983 3716 138 984 3717
4136 6 3 2 1 0 138 984 3717 139 985 3718
4137 6 3 2 1 0 139 985 3718 140 986 3719
4138 6 3 2 1 0 140 986 3719 141 987 3720
4139 6 3 2 1 0 141 987 3720 142 988 3721
4140 6 3 2 1 0 142 988 3721 143 989 3722
4141 6 3 2 1 0 143 989 3722 144 990 3723
4142 6 3 2 1 0 144 990 3723 145 991 3724
4143 6 3 2 1 0 145 991 3724 146 992 3725
4144 6 3 2 1 0 146 992 3725 147 993 3726
4145 6 3 2 1 0 147 993 3726 148 994 3727
4146 6 3 2 1 0 148 994 3727 149 995 3728
4147 6 3 2 1 0 149 995 3728 150 996 3729
4148 6 3 2 1 0 150 996 3729 8 58 1561
4149 6 3 2 1 0 830 821 820 3730 3379 3340
4150 6 3 2 1 0 3730 3379 3340 3731 3380 3341
4151 6 3 2 1 0 3731 3380 3341 3732 3381 3342
4152 6 3 2 1 0 3732 3381 3342 3733 3382 3343
4153 6 3 2 1 0 3733 3382 3343 3734 3383 3344
4154 6 3 2 1 0 3734 3383 3344 3735 3384 3345
4155 6 3 2 1 0 3735 3384 3345 3736 3385 3346
4156 6 3 2 1 0 3736 3385 3346 3737 3386 3347
4157 6 3 2 1 0 3737 3386 3347 3738 3387 3348
4158 6 3 2 1 0 3738 3387 3348 3739 3388 3349
4159 6 3 2 1 0 3739 3388 3349 3740 3389 3350
4160 6 3 2 1 0 3740 3389 3350 3741 3390 3351
4161 6 3 2 1 0 3741 3390 3351 3742 3391 3352
4162 6 3 2 1 0 3742 3391 3352 3743 3392 3353
4163 6 3 2 1 0 3743 3392 3353 3744 3393 3354
4164 6 3 2 1 0 3744 3393 3354 3745 3394 3355
4165 6 3 2 1 0 3745 3394 3355 3746 3395 3356
4166 6 3 2 1 0 3746 3395 3356 3747 3396 3357
4167 6 3 2 1 0 3747 3396 3357 3748 3397 3358
4168 6 3 2 1 0 3748 3397 3358 3749 3398 3359
4169 6 3 2 1 0 3749 3398 3359 3750 3399 3360
4170 6 3 2 1 0 3750 3399 3360 3751 3400 3361
4171 6 3 2 1 0 3751 3400 3361 3752 3401 3362
4172 6 3 2 1 0 3752 3401 3362 3753 3402 3363
4173 6 3 2 1 0 3753 3402 3363 3754 3403 3364
4174 6 3 2 1 0 3754 3403 3364 3755 3404 3365
4175 6 3 2 1 0 3755 3404 3365 3756 3405 3366
4176 6 3 2 1 0 3756 3405 3366 3757 3406 3367
4177 6 3 2 1 0 3757 3406 3367 3758 3407 3368
4178 6 3 2 1 0 3758 3407 3368 3759 3408 3369
4179 6 3 2 1 0 3759 3408 3369 3760 3409 3370
4180 6 3 2 1 0 3760 3409 3370 3761 3410 3371
4181 6 3 2 1 0 3761 3410 3371 3762 3411 3372
4182 6 3 2 1 0 3762 3411 3372 3763 3412 3373
4183 6 3 2 1 0 3763 3412 3373 3764 3413 3374
4184 6 3 2 1 0 3764 3413 3374 3765 3414 3375
4185 6 3 2 1 0 3765 3414 3375 3766 3415 3376
4186 6 3 2 1 0 3766 3415 3376 3767 3416 3377
4187 6 3 2 1 0 3767 3416 3377 3768 3417 3378
4188 6 3 2 1 0 3768 3417 3378 1562 1553 1552
4189 6 3 2 1 0 830 38 822 3730 880 3418
4190 6 3 2 1 0 3730 880 3418 3731 881 3419
4191 6 3 2 1 0 3731 881 3419 3732 882 3420
4192 6 3 2 1 0 3732 882 3420 3733 883 3421
4193 6 3 2 1 0 3733 883 3421 3734 884 3422
4194 6 3 2 1 0 3734 884 3422 3735 885 3423
4195 6 3 2 1 0 3735 885 3423 3736 886 3424
4196 6 3 2 1 0 3736 886 3424 3737 887 3425
4197 6 3 2 1 0 3737 887 3425 3738 888 3426
4198 6 3 2 1 0 3738 888 3426 3739 889 3427
4199 6 3 2 1 0 3739 889 3427 3740 890 3428
4200 6 3 2 1 0 3740 890 3428 3741 891 3429
4201 6 3 2 1 0 3741 891 3429 3742 892 3430
4202 6 3 2 1 0 3742 892 3430 3743 893 3431
4203 6 3 2 1 0 3743 893 3431 3744 894 3432
4204 6 3 2 1 0 3744 894 3432 3745 895 3433
4205 6 3 2 1 0 3745 895 3433 3746 896 3434
4206 6 3 2 1 0 3746 896 3434 3747 897 3435
4207 6 3 2 1 0 3747 897 3435 3748 898 3436
4208 6 3 2 1 0 3748 898 3436 3749 899 3437
4209 6 3 2 1 0 3749 899 3437 3750 900 3438
4210 6 3 2 1 0 3750 900 3438 3751 901 3439
4211 6 3 2 1 0 3751 901 3439 3752 902 3440
4212 6 3 2 1 0 3752 902 3440 3753 903 3441
4213 6 3 2 1 0 3753 903 3441 3754 904 3442
4214 6 3 2 1 0 3754 904 3442 3755 905 3443
4215 6 3 2 1 0 3755 905 3443 3756 906 3444
4216 6 3 2 1 0 3756 906 3444 3757 907 3445
4217 6 3 2 1 0 3757 907 3445 3758 908 3446
4218 6 3 2 1 0 3758 908 3446 3759 909 3447
4219 6 3 2 1 0 3759 909 3447 3760 910 3448
4220 6 3 2 1 0 3760 910 3448 3761 911 3449
4221 6 3 2 1 0 3761 911 3449 3762 912 3450
4222 6 3 2 1 0 3762 912 3450 3763 913 3451
4223 6 3 2 1 0 3763 913 3451 3764 914 3452
4224 6 3 2 1 0 3764 914 3452 3765 915 3453
4225 6 3 2 1 0 3765 915 3453 3766 916 3454
4226 6 3 2 1 0 3766 916 3454 3767 917 3455
4227 6 3 2 1 0 3767 917 3455 3768 918 3456
4228 6 3 2 1 0 3768 918 3456 1562 56 1554
4229 6 3 2 1 0 830 816 821 3730 3184 3379
4230 6 3 2 1 0 3730 3184 3379 3731 3185 3380
4231 6 3 2 1 0 3731 3185 3380 3732 3186 3381
4232 6 3 2 1 0 3732 3186 3381 3733 3187 3382
4233 6 3 2 1 0 3733 3187 3382 3734 3188 3383
4234 6 3 2 1 0 3734 3188 3383 3735 3189 3384
4235 6 3 2 1 0 3735 3189 3384 3736 3190 3385
4236 6 3 2 1 0 3736 3190 3385 3737 3191 3386
4237 6 3 2 1 0 3737 3191 3386 3738 3192 3387
4238 6 3 2 1 0 3738 3192 3387 3739 3193 3388
4239 6 3 2 1 0 3739 3193 3388 3740 3194 3389
4240 6 3 2 1 0 3740 3194 3389 3741 3195 3390
4241 6 3 2 1 0 3741 3195 3390 3742 3196 3391
4242 6 3 2 1 0 3742 3196 3391 3743 3197 3392
4243 6 3 2 1 0 3743 3197 3392 3744 3198 3393
4244 6 3 2 1 0 3744 3198 3393 3745 3199 3394
4245 6 3 2 1 0 3745 3199 3394 3746 3200 3395
4246 6 3 2 1 0 3746 3200 3395 3747 3201 3396
4247 6 3 2 1 0 3747 3201 3396 3748 3202 3397
4248 6 3 2 1 0 3748 3202 3397 3749 3203 3398
4249 6 3 2 1 0 3749 3203 3398 3750 3204 3399
4250 6 3 2 1 0 3750 3204 3399 3751 3205 3400
4251 6 3 2 1 0 3751 3205 3400 3752 3206 3401
4252 6 3 2 1 0 3752 3206 3401 3753 3207 3402
4253 6 3 2 1 0 3753 3207 3402 3754 3208 3403
4254 6 3 2 1 0 3754 3208 3403 3755 3209 3404
4255 6 3 2 1 0 3755 3209 3404 3756 3210 3405
4256 6 3 2 1 0 3756 3210 3405 3757 3211 3406
4257 6 3 2 1 0 3757 3211 3406 3758 3212 3407
4258 6 3 2 1 0 3758 3212 3407 3759 3213 3408
4259 6 3 2 1 0 3759 3213 3408 3760 3214 3409
4260 6 3 2 1 0 3760 3214 3409 3761 3215 3410
4261 6 3 2 1 0 3761 3215 3410 3762 3216 3411
4262 6 3 2 1 0 3762 3216 3411 3763 3217 3412
4263 6 3 2 1 0 3763 3217 3412 3764 3218 3413
4264 6 3 2 1 0 3764 3218 3413 3765 3219 3414
4265 6 3 2 1 0 3765 3219 3414 3766 3220 3415
4266 6 3 2 1 0 3766 3220 3415 3767 3221 3416
4267 6 3 2 1 0 3767 3221 3416 3768 3222 3417
4268 6 3 2 1 0 3768 3222 3417 1562 1548 1553
4269 6 3 2 1 0 822 816 830 3418 3184 3730
4270 6 3 2 1 0 3418 3184 3730 3419 3185 3731
4271 6 3 2 1 0 3419 3185 3731 3420 3186 3732
4272 6 3 2 1 0 3420 3186 3732 3421 3187 3733
4273 6 3 2 1 0 3421 3187 3733 3422 3188 3734
4274 6 3 2 1 0 3422 3188 3734 3423 3189 3735
4275 6 3 2 1 0 3423 3189 3735 3424 3190 3736
4276 6 3 2 1 0 3424 3190 3736 3425 3191 3737
4277 6 3 2 1 0 3425 3191 3737 3426 3192 3738
4278 6 3 2 1 0 3426 3192 3738 3427 3193 3739
4279 6 3 2 1 0 3427 3193 3739 3428 3194 3740
4280 6 3 2 1 0 3428 3194 3740 3429 3195 3741
4281 6 3 2 1 0 3429 3195 3741 3430 3196 3742
4282 6 3 2 1 0 3430 3196 3742 3431 3197 3743
4283 6 3 2 1 0 3431 3197 3743 3432 3198 3744
4284 6 3 2 1 0 3432 3198 3744 3433 3199 3745
4285 6 3 2 1 0 3433 3199 3745 3434 3200 3746
4286 6 3 2 1 0 3434 3200 3746 3435 3201 3747
4287 6 3 2 1 0 3435 3201 3747 3436 3202 3748
4288 6 3 2 1 0 3436 3202 3748 3437 3203 3749
4289 6 3 2 1 0 3437 3203 3749 3438 3204 3750
4290 6 3 2 1 0 3438 3204 3750 3439 3205 3751
4291 6 3 2 1 0 3439 3205 3751 3440 3206 3752
4292 6 3 2 1 0 3440 3206 3752 3441 3207 3753
4293 6 3 2 1 0 3441 3207 3753 3442 3208 3754
4294 6 3 2 1 0 3442 3208 3754 3443 3209 3755
4295 6 3 2 1 0 3443 3209 3755 3444 3210 3756
4296 6 3 2 1 0 3444 3210 3756 3445 3211 3757
4297 6 3 2 1 0 3445 3211 3757 3446 3212 3758
4298 6 3 2 1 0 3446 3212 3758 3447 3213 3759
4299 6 3 2 1 0 3447 3213 3759 3448 3214 3760
4300 6 3 2 1 0 3448 3214 3760 3449 3215 3761
4301 6 3 2 1 0 3449 3215 3761 3450 3216 3762
4302 6 3 2 1 0 3450 3216 3762 3451 3217 3763
4303 6 3 2 1 0 3451 3217 3763 3452 3218 3764
4304 6 3 2 1 0 3452 3218 3764 3453 3219 3765
4305 6 3 2 1 0 3453 3219 3765 3454 3220 3766
4306 6 3 2 1 0 3454 3220 3766 3455 3221 3767
4307 6 3 2 1 0 3455 3221 3767 3456 3222 3768
4308 6 3 2 1 0 3456 3222 3768 1554 1548 1562
4309 6 3 2 1 0 831 3 43 3769 151 1075
4310 6 3 2 1 0 3769 151 1075 3770 152 1076
4311 6 3 2 1 0 3770 152 1076 3771 153 1077
4312 6 3 2 1 0 3771 153 1077 3772 154 1078
4313 6 3 2 1 0 3772 154 1078 3773 155 1079
4314 6 3 2 1 0 3773 155 1079 3774 156 1080
4315 6 3 2 1 0 3774 156 1080 3775 157 1081
4316 6 3 2 1 0 3775 157 1081 3776 158 1082
4317 6 3 2 1 0 3776 158 1082 3777 159 1083
4318 6 3 2 1 0 3777 159 1083 3778 160 1084
4319 6 3 2 1 0 3778 160 1084 3779 161 1085
4320 6 3 2 1 0 3779 161 1085 3780 162 1086
4321 6 3 2 1 0 3780 162 1086 3781 163 1087
4322 6 3 2 1 0 3781 163 1087 3782 164 1088
4323 6 3 2 1 0 3782 164 1088 3783 165 1089
4324 6 3 2 1 0 3783 165 1089 3784 166 1090
4325 6 3 2 1 0 3784 166 1090 3785 167 1091
4326 6 3 2 1 0 3785 167 1091 3786 168 1092
4327 6 3 2 1 0 3786 168 1092 3787 169 1093
4328 6 3 2 1 0 3787 169 1093 3788 170 1094
4329 6 3 2 1 0 3788 170 1094 3789 171 1095
4330 6 3 2 1 0 3789 171 1095 3790 172 1096
4331 6 3 2 1 0 3790 172 1096 3791 173 1097
4332 6 3 2 1 0 3791 173 1097 3792 174 1098
4333 6 3 2 1 0 3792 174 1098 3793 175 1099
4334 6 3 2 1 0 3793 175 1099 3794 176 1100
4335 6 3 2 1 0 3794 176 1100 3795 177 1101
4336 6 3 2 1 0 3795 177 1101 3796 178 1102
4337 6 3 2 1 0 3796 178 1102 3797 179 1103
4338 6 3 2 1 0 3797 179 1103 3798 180 1104
4339 6 3 2 1 0 3798 180 1104 3799 181 1105
4340 6 3 2 1 0 3799 181 1105 3800 182 1106
4341 6 3 2 1 0 3800 182 1106 3801 183 1107
4342 6 3 2 1 0 3801 183 1107 3802 184 1108
4343 6 3 2 1 0 3802 184 1108 3803 185 1109
4344 6 3 2 1 0 3803 185 1109 3804 186 1110
4345 6 3 2 1 0 3804 186 1110 3805 187 1111
4346 6 3 2 1 0 3805 187 1111 3806 188 1112
4347 6 3 2 1 0 3806 188 1112 3807 189 1113
4348 6 3 2 1 0 3807 189 1113 1563 9 61
4349 6 3 2 1 0 827 48 5 3613 1270 229
4350 6 3 2 1 0 3613 1270 229 3614 1271 230
4351 6 3 2 1 0 3614 1271 230 3615 1272 231
4352 6 3 2 1 0 3615 1272 231 3616 1273 232
4353 6 3 2 1 0 3616 1273 232 3617 1274 233
4354 6 3 2 1 0 3617 1274 233 3618 1275 234
4355 6 3 2 1 0 3618 1275 234 3619 1276 235
4356 6 3 2 1 0 3619 1276 235 3620 1277 236
4357 6 3 2 1 0 3620 1277 236 3621 1278 237
4358 6 3 2 1 0 3621 1278 237 3622 1279 238
4359 6 3 2 1 0 3622 1279 238 3623 1280 239
4360 6 3 2 1 0 3623 1280 239 3624 1281 240
4361 6 3 2 1 0 3624 1281 240 3625 1282 241
4362 6 3 2 1 0 3625 1282 241 3626 1283 242
4363 6 3 2 1 0 3626 1283 242 3627 1284 243
4364 6 3 2 1 0 3627 1284 243 3628 1285 244
4365 6 3 2 1 0 3628 1285 244 3629 1286 245
4366 6 3 2 1 0 3629 1286 245 3630 1287 246
4367 6 3 2 1 0 3630 1287 246 3631 1288 247
4368 6 3 2 1 0 3631 1288 247 3632 1289 248
4369 6 3 2 1 0 3632 1289 248 3633 1290 249
4370 6 3 2 1 0 3633 1290 249 3634 1291 250
4371 6 3 2 1 0 3634 1291 250 3635 1292 251
4372 6 3 2 1 0 3635 1292 251 3636 1293 252
4373 6 3 2 1 0 3636 1293 252 3637 1294 253
4374 6 3 2 1 0 3637 1294 253 3638 1295 254
4375 6 3 2 1 0 3638 1295 254 3639 1296 255
4376 6 3 2 1 0 3639 1296 255 3640 1297 256
4377 6 3 2 1 0 3640 1297 256 3641 1298 257
4378 6 3 2 1 0 3641 1298 257 3642 1299 258
4379 6 3 2 1 0 3642 1299 258 3643 1300 259
4380 6 3 2 1 0 3643 1300 259 3644 1301 260
4381 6 3 2 1 0 3644 1301 260 3645 1302 261
4382 6 3 2 1 0 3645 1302 261 3646 1303 262
4383 6 3 2 1 0 3646 1303 262 3647 1304 263
4384 6 3 2 1 0 3647 1304 263 3648 1305 264
4385 6 3 2 1 0 3648 1305 264 3649 1306 265
4386 6 3 2 1 0 3649 1306 265 3650 1307 266
4387 6 3 2 1 0 3650 1307 266 3651 1308 267
4388 6 3 2 1 0 3651 1308 267 1559 66 11
4389 6 3 2 1 0 812 828 832 3028 3652 3808
4390 6 3 2 1 0 3028 3652 3808 3029 3653 3809
4391 6 3 2 1 0 3029 3653 3809 3030 3654 3810
4392 6 3 2 1 0 3030 3654 3810 3031 3655 3811
4393 6 3 2 1 0 3031 3655 3811 3032 3656 3812
4394 6 3 2 1 0 3032 3656 3812 3033 3657 3813
4395 6 3 2 1 0 3033 3657 3813 3034 3658 3814
4396 6 3 2 1 0 3034 3658 3814 3035 3659 3815
4397 6 3 2 1 0 3035 3659 3815 3036 3660 3816
4398 6 3 2 1 0 3036 3660 3816 3037 3661 3817
4399 6 3 2 1 0 3037 3661 3817 3038 3662 3818
4400 6 3 2 1 0 3038 3662 3818 3039 3663 3819
4401 6 3 2 1 0 3039 3663 3819 3040 3664 3820
4402 6 3 2 1 0 3040 3664 3820 3041 3665 3821
4403 6 3 2 1 0 3041 3665 3821 3042 3666 3822
4404 6 3 2 1 0 3042 3666 3822 3043 3667 3823
4405 6 3 2 1 0 3043 3667 3823 3044 3668 3824
4406 6 3 2 1 0 3044 3668 3824 3045 3669 3825
4407 6 3 2 1 0 3045 3669 3825 3046 3670 3826
4408 6 3 2 1 0 3046 3670 3826 3047 3671 3827
4409 6 3 2 1 0 3047 3671 3827 3048 3672 3828
4410 6 3 2 1 0 3048 3672 3828 3049 3673 3829
4411 6 3 2 1 0 3049 3673 3829 3050 3674 3830
4412 6 3 2 1 0 3050 3674 3830 3051 3675 3831
4413 6 3 2 1 0 3051 3675 3831 3052 3676 3832
4414 6 3 2 1 0 3052 3676 3832 3053 3677 3833
4415 6 3 2 1 0 3053 3677 3833 3054 3678 3834
4416 6 3 2 1 0 3054 3678 3834 3055 3679 3835
4417 6 3 2 1 0 3055 3679 3835 3056 3680 3836
4418 6 3 2 1 0 3056 3680 3836 3057 3681 3837
4419 6 3 2 1 0 3057 3681 3837 3058 3682 3838
4420 6 3 2 1 0 3058 3682 3838 3059 3683 3839
4421 6 3 2 1 0 3059 3683 3839 3060 3684 3840
4422 6 3 2 1 0 3060 3684 3840 3061 3685 3841
4423 6 3 2 1 0 3061 3685 3841 3062 3686 3842
4424 6 3 2 1 0 3062 3686 3842 3063 3687 3843
4425 6 3 2 1 0 3063 3687 3843 3064 3688 3844
4426 6 3 2 1 0 3064 3688 3844 3065 3689 3845
4427 6 3 2 1 0 3065 3689 3845 3066 3690 3846
4428 6 3 2 1 0 3066 3690 3846 1544 1560 1564
4429 6 3 2 1 0 832 826 811 3808 3574 2989
4430 6 3 2 1 0 3808 3574 2989 3809 3575 2990
4431 6 3 2 1 0 3809 3575 2990 3810 3576 2991
4432 6 3 2 1 0 3810 3576 2991 3811 3577 2992
4433 6 3 2 1 0 3811 3577 2992 3812 3578 2993
4434 6 3 2 1 0 3812 3578 2993 3813 3579 2994
4435 6 3 2 1 0 3813 3579 2994 3814 3580 2995
4436 6 3 2 1 0 3814 3580 2995 3815 3581 2996
4437 6 3 2 1 0 3815 3581 2996 3816 3582 2997
4438 6 3 2 1 0 3816 3582 2997 3817 3583 2998
4439 6 3 2 1 0 3817 3583 2998 3818 3584 2999
4440 6 3 2 1 0 3818 3584 2999 3819 3585 3000
4441 6 3 2 1 0 3819 3585 3000 3820 3586 3001
4442 6 3 2 1 0 3820 3586 3001 3821 3587 3002
4443 6 3 2 1 0 3821 3587 3002 3822 3588 3003
4444 6 3 2 1 0 3822 3588 3003 3823 3589 3004
4445 6 3 2 1 0 3823 3589 3004 3824 3590 3005
4446 6 3 2 1 0 3824 3590 3005 3825 3591 3006
4447 6 3 2 1 0 3825 3591 3006 3826 3592 3007
4448 6 3 2 1 0 3826 3592 3007 3827 3593 3008
4449 6 3 2 1 0 3827 3593 3008 3828 3594 3009
4450 6 3 2 1 0 3828 3594 3009 3829 3595 3010
4451 6 3 2 1 0 3829 3595 3010 3830 3596 3011
4452 6 3 2 1 0 3830 3596 3011 3831 3597 3012
4453 6 3 2 1 0 3831 3597 3012 3832 3598 3013
4454 6 3 2 1 0 3832 3598 3013 3833 3599 3014
4455 6 3 2 1 0 3833 3599 3014 3834 3600 3015
4456 6 3 2 1 0 3834 3600 3015 3835 3601 3016
4457 6 3 2 1 0 3835 3601 3016 3836 3602 3017
4458 6 3 2 1 0 3836 3602 3017 3837 3603 3018
4459 6 3 2 1 0 3837 3603 3018 3838 3604 3019
4460 6 3 2 1 0 3838 3604 3019 3839 3605 3020
4461 6 3 2 1 0 3839 3605 3020 3840 3606 3021
4462 6 3 2 1 0 3840 3606 3021 3841 3607 3022
4463 6 3 2 1 0 3841 3607 3022 3842 3608 3023
4464 6 3 2 1 0 3842 3608 3023 3843 3609 3024
4465 6 3 2 1 0 3843 3609 3024 3844 3610 3025
4466 6 3 2 1 0 3844 3610 3025 3845 3611 3026
4467 6 3 2 1 0 3845 3611 3026 3846 3612 3027
4468 6 3 2 1 0 3846 3612 3027 1564 1558 1543
4469 6 3 2 1 0 827 5 833 3613 229 3847
4470 6 3 2 1 0 3613 229 3847 3614 230 3848
4471 6 3 2 1 0 3614 230 3848 3615 231 3849
4472 6 3 2 1 0 3615 231 3849 3616 232 3850
4473 6 3 2 1 0 3616 232 3850 3617 233 3851
4474 6 3 2 1 0 3617 233 3851 3618 234 3852
4475 6 3 2 1 0 3618 234 3852 3619 235 3853
4476 6 3 2 1 0 3619 235 3853 3620 236 3854
4477 6 3 2 1 0 3620 236 3854 3621 237 3855
4478 6 3 2 1 0 3621 237 3855 3622 238 3856
4479 6 3 2 1 0 3622 238 3856 3623 239 3857
4480 6 3 2 1 0 3623 239 3857 3624 240 3858
4481 6 3 2 1 0 3624 240 3858 3625 241 3859
4482 6 3 2 1 0 3625 241 3859 3626 242 3860
4483 6 3 2 1 0 3626 242 3860 3627 243 3861
4484 6 3 2 1 0 3627 243 3861 3628 244 3862
4485 6 3 2 1 0 3628 244 3862 3629 245 3863
4486 6 3 2 1 0 3629 245 3863 3630 246 3864
4487 6 3 2 1 0 3630 246 3864 3631 247 3865
4488 6 3 2 1 0 3631 247 3865 3632 248 3866
4489 6 3 2 1 0 3632 248 3866 3633 249 3867
4490 6 3 2 1 0 3633 249 3867 3634 250 3868
4491 6 3 2 1 0 3634 250 3868 3635 251 3869
4492 6 3 2 1 0 3635 251 3869 3636 252 3870
4493 6 3 2 1 0 3636 252 3870 3637 253 3871
4494 6 3 2 1 0 3637 253 3871 3638 254 3872
4495 6 3 2 1 0 3638 254 3872 3639 255 3873
4496 6 3 2 1 0 3639 255 3873 3640 256 3874
4497 6 3 2 1 0 3640 256 3874 3641 257 3875
4498 6 3 2 1 0 3641 257 3875 3642 258 3876
4499 6 3 2 1 0 3642 258 3876 3643 259 3877
4500 6 3 2 1 0 3643 259 3877 3644 260 3878
4501 6 3 2 1 0 3644 260 3878 3645 261 3879
4502 6 3 2 1 0 3645 261 3879 3646 262 3880
4503 6 3 2 1 0 3646 262 3880 3647 263 3881
4504 6 3 2 1 0 3647 263 3881 3648 264 3882
4505 6 3 2 1 0 3648 264 3882 3649 265 3883
4506 6 3 2 1 0 3649 265 3883 3650 266 3884
4507 6 3 2 1 0 3650 266 3884 3651 267 3885
4508 6 3 2 1 0 3651 267 3885 1559 11 1565
4509 6 3 2 1 0 833 5 49 3847 229 1309
4510 6 3 2 1 0 3847 229 1309 3848 230 1310
4511 6 3 2 1 0 3848 230 1310 3849 231 1311
4512 6 3 2 1 0 3849 231 1311 3850 232 1312
4513 6 3 2 1 0 3850 232 1312 3851 233 1313
4514 6 3 2 1 0 3851 233 1313 3852 234 1314
4515 6 3 2 1 0 3852 234 1314 3853 235 1315
4516 6 3 2 1 0 3853 235 1315 3854 236 1316
4517 6 3 2 1 0 3854 236 1316 3855 237 1317
4518 6 3 2 1 0 3855 237 1317 3856 238 1318
4519 6 3 2 1 0 3856 238 1318 3857 239 1319
4520 6 3 2 1 0 3857 239 1319 3858 240 1320
4521 6 3 2 1 0 3858 240 1320 3859 241 1321
4522 6 3 2 1 0 3859 241 1321 3860 242 1322
4523 6 3 2 1 0 3860 242 1322 3861 243 1323
4524 6 3 2 1 0 3861 243 1323 3862 244 1324
4525 6 3 2 1 0 3862 244 1324 3863 245 1325
4526 6 3 2 1 0 3863 245 1325 3864 246 1326
4527 6 3 2 1 0 3864 246 1326 3865 247 1327
4528 6 3 2 1 0 3865 247 1327 3866 248 1328
4529 6 3 2 1 0 3866 248 1328 3867 249 1329
4530 6 3 2 1 0 3867 249 1329 3868 250 1330
4531 6 3 2 1 0 3868 250 1330 3869 251 1331
4532 6 3 2 1 0 3869 251 1331 3870 252 1332
4533 6 3 2 1 0 3870 252 1332 3871 253 1333
4534 6 3 2 1 0 3871 253 1333 3872 254 1334
4535 6 3 2 1 0 3872 254 1334 3873 255 1335
4536 6 3 2 1 0 3873 255 1335 3874 256 1336
4537 6 3 2 1 0 3874 256 1336 3875 257 1337
4538 6 3 2 1 0 3875 257 1337 3876 258 1338
4539 6 3 2 1 0 3876 258 1338 3877 259 1339
4540 6 3 2 1 0 3877 259 1339 3878 260 1340
4541 6 3 2 1 0 3878 260 1340 3879 261 1341
4542 6 3 2 1 0 3879 261 1341 3880 262 1342
4543 6 3 2 1 0 3880 262 1342 3881 263 1343
4544 6 3 2 1 0 3881 263 1343 3882 264 1344
4545 6 3 2 1 0 3882 264 1344 3883 265 1345
4546 6 3 2 1 0 3883 265 1345 3884 266 1346
4547 6 3 2 1 0 3884 266 1346 3885 267 1347
4548 6 3 2 1 0 3885 267 1347 1565 11 67
4549 6 3 2 1 0 41 42 834 997 1036 3886
4550 6 3 2 1 0 997 1036 3886 998 1037 3887
4551 6 3 2 1 0 998 1037 3887 999 1038 3888
4552 6 3 2 1 0 999 1038 3888 1000 1039 3889
4553 6 3 2 1 0 1000 1039 3889 1001 1040 3890
4554 6 3 2 1 0 1001 1040 3890 1002 1041 3891
4555 6 3 2 1 0 1002 1041 3891 1003 1042 3892
4556 6 3 2 1 0 1003 1042 3892 1004 1043 3893
4557 6 3 2 1 0 1004 1043 3893 1005 1044 3894
4558 6 3 2 1 0 1005 1044 3894 1006 1045 3895
4559 6 3 2 1 0 1006 1045 3895 1007 1046 3896
4560 6 3 2 1 0 1007 1046 3896 1008 1047 3897
4561 6 3 2 1 0 1008 1047 3897 1009 1048 3898
4562 6 3 2 1 0 1009 1048 3898 1010 1049 3899
4563 6 3 2 1 0 1010 1049 3899 1011 1050 3900
4564 6 3 2 1 0 1011 1050 3900 1012 1051 3901
4565 6 3 2 1 0 1012 1051 3901 1013 1052 3902
4566 6 3 2 1 0 1013 1052 3902 1014 1053 3903
4567 6 3 2 1 0 1014 1053 3903 1015 1054 3904
4568 6 3 2 1 0 1015 1054 3904 1016 1055 3905
4569 6 3 2 1 0 1016 1055 3905 1017 1056 3906
4570 6 3 2 1 0 1017 1056 3906 1018 1057 3907
4571 6 3 2 1 0 1018 1057 3907 1019 1058 3908
4572 6 3 2 1 0 1019 1058 3908 1020 1059 3909
4573 6 3 2 1 0 1020 1059 3909 1021 1060 3910
4574 6 3 2 1 0 1021 1060 3910 1022 1061 3911
4575 6 3 2 1 0 1022 1061 3911 1023 1062 3912
4576 6 3 2 1 0 1023 1062 3912 1024 1063 3913
4577 6 3 2 1 0 1024 1063 3913 1025 1064 3914
4578 6 3 2 1 0 1025 1064 3914 1026 1065 3915
4579 6 3 2 1 0 1026 1065 3915 1027 1066 3916
4580 6 3 2 1 0 1027 1066 3916 1028 1067 3917
4581 6 3 2 1 0 1028 1067 3917 1029 1068 3918
4582 6 3 2 1 0 1029 1068 3918 1030 1069 3919
4583 6 3 2 1 0 1030 1069 3919 1031 1070 3920
4584 6 3 2 1 0 1031 1070 3920 1032 1071 3921
4585 6 3 2 1 0 1032 1071 3921 1033 1072 3922
4586 6 3 2 1 0 1033 1072 3922 1034 1073 3923
4587 6 3 2 1 0 1034 1073 3923 1035 1074 3924
4588 6 3 2 1 0 1035 1074 3924 59 60 1566
4589 6 3 2 1 0 834 42 831 3886 1036 3769
4590 6 3 2 1 0 3886 1036 3769 3887 1037 3770
4591 6 3 2 1 0 3887 1037 3770 3888 1038 3771
4592 6 3 2 1 0 3888 1038 3771 3889 1039 3772
4593 6 3 2 1 0 3889 1039 3772 3890 1040 3773
4594 6 3 2 1 0 3890 1040 3773 3891 1041 3774
4595 6 3 2 1 0 3891 1041 3774 3892 1042 3775
4596 6 3 2 1 0 3892 1042 3775 3893 1043 3776
4597 6 3 2 1 0 3893 1043 3776 3894 1044 3777
4598 6 3 2 1 0 3894 1044 3777 3895 1045 3778
4599 6 3 2 1 0 3895 1045 3778 3896 1046 3779
4600 6 3 2 1 0 3896 1046 3779 3897 1047 3780
4601 6 3 2 1 0 3897 1047 3780 3898 1048 3781
4602 6 3 2 1 0 3898 1048 3781 3899 1049 3782
4603 6 3 2 1 0 3899 1049 3782 3900 1050 3783
4604 6 3 2 1 0 3900 1050 3783 3901 1051 3784
4605 6 3 2 1 0 3901 1051 3784 3902 1052 3785
4606 6 3 2 1 0 3902 1052 3785 3903 1053 3786
4607 6 3 2 1 0 3903 1053 3786 3904 1054 3787
4608 6 3 2 1 0 3904 1054 3787 3905 1055 3788
4609 6 3 2 1 0 3905 1055 3788 3906 1056 3789
4610 6 3 2 1 0 3906 1056 3789 3907 1057 3790
4611 6 3 2 1 0 3907 1057 3790 3908 1058 3791
4612 6 3 2 1 0 3908 1058 3791 3909 1059 3792
4613 6 3 2 1 0 3909 1059 3792 3910 1060 3793
4614 6 3 2 1 0 3910 1060 3793 3911 1061 3794
4615 6 3 2 1 0 3911 1061 3794 3912 1062 3795
4616 6 3 2 1 0 3912 1062 3795 3913 1063 3796
4617 6 3 2 1 0 3913 1063 3796 3914 1064 3797
4618 6 3 2 1 0 3914 1064 3797 3915 1065 3798
4619 6 3 2 1 0 3915 1065 3798 3916 1066 3799
4620 6 3 2 1 0 3916 1066 3799 3917 1067 3800
4621 6 3 2 1 0 3917 1067 3800 3918 1068 3801
4622 6 3 2 1 0 3918 1068 3801 3919 1069 3802
4623 6 3 2 1 0 3919 1069 3802 3920 1070 3803
4624 6 3 2 1 0 3920 1070 3803 3921 1071 3804
4625 6 3 2 1 0 3921 1071 3804 3922 1072 3805
4626 6 3 2 1 0 3922 1072 3805 3923 1073 3806
4627 6 3 2 1 0 3923 1073 3806 3924 1074 3807
4628 6 3 2 1 0 3924 1074 3807 1566 60 1563
4629 6 3 2 1 0 828 47 827 3652 1231 3613
4630 6 3 2 1 0 3652 1231 3613 3653 1232 3614
4631 6 3 2 1 0 3653 1232 3614 3654 1233 3615
4632 6 3 2 1 0 3654 1233 3615 3655 1234 3616
4633 6 3 2 1 0 3655 1234 3616 3656 1235 3617
4634 6 3 2 1 0 3656 1235 3617 3657 1236 3618
4635 6 3 2 1 0 3657 1236 3618 3658 1237 3619
4636 6 3 2 1 0 3658 1237 3619 3659 1238 3620
4637 6 3 2 1 0 3659 1238 3620 3660 1239 3621
4638 6 3 2 1 0 3660 1239 3621 3661 1240 3622
4639 6 3 2 1 0 3661 1240 3622 3662 1241 3623
4640 6 3 2 1 0 3662 1241 3623 3663 1242 3624
4641 6 3 2 1 0 3663 1242 3624 3664 1243 3625
4642 6 3 2 1 0 3664 1243 3625 3665 1244 3626
4643 6 3 2 1 0 3665 1244 3626 3666 1245 3627
4644 6 3 2 1 0 3666 1245 3627 3667 1246 3628
4645 6 3 2 1 0 3667 1246 3628 3668 1247 3629
4646 6 3 2 1 0 3668 1247 3629 3669 1248 3630
4647 6 3 2 1 0 3669 1248 3630 3670 1249 3631
4648 6 3 2 1 0 3670 1249 3631 3671 1250 3632
4649 6 3 2 1 0 3671 1250 3632 3672 1251 3633
4650 6 3 2 1 0 3672 1251 3633 3673 1252 3634
4651 6 3 2 1 0 3673 1252 3634 3674 1253 3635
4652 6 3 2 1 0 3674 1253 3635 3675 1254 3636
4653 6 3 2 1 0 3675 1254 3636 3676 1255 3637
4654 6 3 2 1 0 3676 1255 3637 3677 1256 3638
4655 6 3 2 1 0 3677 1256 3638 3678 1257 3639
4656 6 3 2 1 0 3678 1257 3639 3679 1258 3640
4657 6 3 2 1 0 3679 1258 3640 3680 1259 3641
4658 6 3 2 1 0 3680 1259 3641 3681 1260 3642
4659 6 3 2 1 0 3681 1260 3642 3682 1261 3643
4660 6 3 2 1 0 3682 1261 3643 3683 1262 3644
4661 6 3 2 1 0 3683 1262 3644 3684 1263 3645
4662 6 3 2 1 0 3684 1263 3645 3685 1264 3646
4663 6 3 2 1 0 3685 1264 3646 3686 1265 3647
4664 6 3 2 1 0 3686 1265 3647 3687 1266 3648
4665 6 3 2 1 0 3687 1266 3648 3688 1267 3649
4666 6 3 2 1 0 3688 1267 3649 3689 1268 3650
4667 6 3 2 1 0 3689 1268 3650 3690 1269 3651
4668 6 3 2 1 0 3690 1269 3651 1560 65 1559
4669 6 3 2 1 0 828 827 826 3652 3613 3574
4670 6 3 2 1 0 3652 3613 3574 3653 3614 3575
4671 6 3 2 1 0 3653 3614 3575 3654 3615 3576
4672 6 3 2 1 0 3654 3615 3576 3655 3616 3577
4673 6 3 2 1 0 3655 3616 3577 3656 3617 3578
4674 6 3 2 1 0 3656 3617 3578 3657 3618 3579
4675 6 3 2 1 0 3657 3618 3579 3658 3619 3580
4676 6 3 2 1 0 3658 3619 3580 3659 3620 3581
4677 6 3 2 1 0 3659 3620 3581 3660 3621 3582
4678 6 3 2 1 0 3660 3621 3582 3661 3622 3583
4679 6 3 2 1 0 3661 3622 3583 3662 3623 3584
4680 6 3 2 1 0 3662 3623 3584 3663 3624 3585
4681 6 3 2 1 0 3663 3624 3585 3664 3625 3586
4682 6 3 2 1 0 3664 3625 3586 3665 3626 3587
4683 6 3 2 1 0 3665 3626 3587 3666 3627 3588
4684 6 3 2 1 0 3666 3627 3588 3667 3628 3589
4685 6 3 2 1 0 3667 3628 3589 3668 3629 3590
4686 6 3 2 1 0 3668 3629 3590 3669 3630 3591
4687 6 3 2 1 0 3669 3630 3591 3670 3631 3592
4688 6 3 2 1 0 3670 3631 3592 3671 3632 3593
4689 6 3 2 1 0 3671 3632 3593 3672 3633 3594
4690 6 3 2 1 0 3672 3633 3594 3673 3634 3595
4691 6 3 2 1 0 3673 3634 3595 3674 3635 3596
4692 6 3 2 1 0 3674 3635 3596 3675 3636 3597
4693 6 3 2 1 0 3675 3636 3597 3676 3637 3598
4694 6 3 2 1 0 3676 3637 3598 3677 3638 3599
4695 6 3 2 1 0 3677 3638 3599 3678 3639 3600
4696 6 3 2 1 0 3678 3639 3600 3679 3640 3601
4697 6 3 2 1 0 3679 3640 3601 3680 3641 3602
4698 6 3 2 1 0 3680 3641 3602 3681 3642 3603
4699 6 3 2 1 0 3681 3642 3603 3682 3643 3604
4700 6 3 2 1 0 3682 3643 3604 3683 3644 3605
4701 6 3 2 1 0 3683 3644 3605 3684 3645 3606
4702 6 3 2 1 0 3684 3645 3606 3685 3646 3607
4703 6 3 2 1 0 3685 3646 3607 3686 3647 3608
4704 6 3 2 1 0 3686 3647 3608 3687 3648 3609
4705 6 3 2 1 0 3687 3648 3609 3688 3649 3610
4706 6 3 2 1 0 3688 3649 3610 3689 3650 3611
4707 6 3 2 1 0 3689 3650 3611 3690 3651 3612
4708 6 3 2 1 0 3690 3651 3612 1560 1559 1558
4709 6 3 2 1 0 828 826 832 3652 3574 3808
4710 6 3 2 1 0 3652 3574 3808 3653 3575 3809
4711 6 3 2 1 0 3653 3575 3809 3654 3576 3810
4712 6 3 2 1 0 3654 3576 3810 3655 3577 3811
4713 6 3 2 1 0 3655 3577 3811 3656 3578 3812
4714 6 3 2 1 0 3656 3578 3812 3657 3579 3813
4715 6 3 2 1 0 3657 3579 3813 3658 3580 3814
4716 6 3 2 1 0 3658 3580 3814 3659 3581 3815
4717 6 3 2 1 0 3659 3581 3815 3660 3582 3816
4718 6 3 2 1 0 3660 3582 3816 3661 3583 3817
4719 6 3 2 1 0 3661 3583 3817 3662 3584 3818
4720 6 3 2 1 0 3662 3584 3818 3663 3585 3819
4721 6 3 2 1 0 3663 3585 3819 3664 3586 3820
4722 6 3 2 1 0 3664 3586 3820 3665 3587 3821
4723 6 3 2 1 0 3665 3587 3821 3666 3588 3822
4724 6 3 2 1 0 3666 3588 3822 3667 3589 3823
4725 6 3 2 1 0 3667 3589 3823 3668 3590 3824
4726 6 3 2 1 0 3668 3590 3824 3669 3591 3825
4727 6 3 2 1 0 3669 3591 3825 3670 3592 3826
4728 6 3 2 1 0 3670 3592 3826 3671 3593 3827
4729 6 3 2 1 0 3671 3593 3827 3672 3594 3828
4730 6 3 2 1 0 3672 3594 3828 3673 3595 3829
4731 6 3 2 1 0 3673 3595 3829 3674 3596 3830
4732 6 3 2 1 0 3674 3596 3830 3675 3597 3831
4733 6 3 2 1 0 3675 3597 3831 3676 3598 3832
4734 6 3 2 1 0 3676 3598 3832 3677 3599 3833
4735 6 3 2 1 0 3677 3599 3833 3678 3600 3834
4736 6 3 2 1 0 3678 3600 3834 3679 3601 3835
4737 6 3 2 1 0 3679 3601 3835 3680 3602 3836
4738 6 3 2 1 0 3680 3602 3836 3681 3603 3837
4739 6 3 2 1 0 3681 3603 3837 3682 3604 3838
4740 6 3 2 1 0 3682 3604 3838 3683 3605 3839
4741 6 3 2 1 0 3683 3605 3839 3684 3606 3840
4742 6 3 2 1 0 3684 3606 3840 3685 3607 3841
4743 6 3 2 1 0 3685 3607 3841 3686 3608 3842
4744 6 3 2 1 0 3686 3608 3842 3687 3609 3843
4745 6 3 2 1 0 3687 3609 3843 3688 3610 3844
4746 6 3 2 1 0 3688 3610 3844 3689 3611 3845
4747 6 3 2 1 0 3689 3611 3845 3690 3612 3846
4748 6 3 2 1 0 3690 3612 3846 1560 1558 1564
4749 6 3 2 1 0 833 49 825 3847 1309 3535
4750 6 3 2 1 0 3847 1309 3535 3848 1310 3536
4751 6 3 2 1 0 3848 1310 3536 3849 1311 3537
4752 6 3 2 1 0 3849 1311 3537 3850 1312 3538
4753 6 3 2 1 0 3850 1312 3538 3851 1313 3539
4754 6 3 2 1 0 3851 1313 3539 3852 1314 3540
4755 6 3 2 1 0 3852 1314 3540 3853 1315 3541
4756 6 3 2 1 0 3853 1315 3541 3854 1316 3542
4757 6 3 2 1 0 3854 1316 3542 3855 1317 3543
4758 6 3 2 1 0 3855 1317 3543 3856 1318 3544
4759 6 3 2 1 0 3856 1318 3544 3857 1319 3545
4760 6 3 2 1 0 3857 1319 3545 3858 1320 3546
4761 6 3 2 1 0 3858 1320 3546 3859 1321 3547
4762 6 3 2 1 0 3859 1321 3547 3860 1322 3548
4763 6 3 2 1 0 3860 1322 3548 3861 1323 3549
4764 6 3 2 1 0 3861 1323 3549 3862 1324 3550
4765 6 3 2 1 0 3862 1324 3550 3863 1325 3551
4766 6 3 2 1 0 3863 1325 3551 3864 1326 3552
4767 6 3 2 1 0 3864 1326 3552 3865 1327 3553
4768 6 3 2 1 0 3865 1327 3553 3866 1328 3554
4769 6 3 2 1 0 3866 1328 3554 3867 1329 3555
4770 6 3 2 1 0 3867 1329 3555 3868 1330 3556
4771 6 3 2 1 0 3868 1330 3556 3869 1331 3557
4772 6 3 2 1 0 3869 1331 3557 3870 1332 3558
4773 6 3 2 1 0 3870 1332 3558 3871 1333 3559
4774 6 3 2 1 0 3871 1333 3559 3872 1334 3560
4775 6 3 2 1 0 3872 1334 3560 3873 1335 3561
4776 6 3 2 1 0 3873 1335 3561 3874 1336 3562
4777 6 3 2 1 0 3874 1336 3562 3875 1337 3563
4778 6 3 2 1 0 3875 1337 3563 3876 1338 3564
4779 6 3 2 1 0 3876 1338 3564 3877 1339 3565
4780 6 3 2 1 0 3877 1339 3565 3878 1340 3566
4781 6 3 2 1 0 3878 1340 3566 3879 1341 3567
4782 6 3 2 1 0 3879 1341 3567 3880 1342 3568
4783 6 3 2 1 0 3880 1342 3568 3881 1343 3569
4784 6 3 2 1 0 3881 1343 3569 3882 1344 3570
4785 6 3 2 1 0 3882 1344 3570 3883 1345 3571
4786 6 3 2 1 0 3883 1345 3571 3884 1346 3572
4787 6 3 2 1 0 3884 1346 3572 3885 1347 3573
4788 6 3 2 1 0 3885 1347 3573 1565 67 1557
4789 6 3 2 1 0 815 833 825 3145 3847 3535
4790 6 3 2 1 0 3145 3847 3535 3146 3848 3536
4791 6 3 2 1 0 3146 3848 3536 3147 3849 3537
4792 6 3 2 1 0 3147 3849 3537 3148 3850 3538
4793 6 3 2 1 0 3148 3850 3538 3149 3851 3539
4794 6 3 2 1 0 3149 3851 3539 3150 3852 3540
4795 6 3 2 1 0 3150 3852 3540 3151 3853 3541
4796 6 3 2 1 0 3151 3853 3541 3152 3854 3542
4797 6 3 2 1 0 3152 3854 3542 3153 3855 3543
4798 6 3 2 1 0 3153 3855 3543 3154 3856 3544
4799 6 3 2 1 0 3154 3856 3544 3155 3857 3545
4800 6 3 2 1 0 3155 3857 3545 3156 3858 3546
4801 6 3 2 1 0 3156 3858 3546 3157 3859 3547
4802 6 3 2 1 0 3157 3859 3547 3158 3860 3548
4803 6 3 2 1 0 3158 3860 3548 3159 3861 3549
4804 6 3 2 1 0 3159 3861 3549 3160 3862 3550
4805 6 3 2 1 0 3160 3862 3550 3161 3863 3551
4806 6 3 2 1 0 3161 3863 3551 3162 3864 3552
4807 6 3 2 1 0 3162 3864 3552 3163 3865 3553
4808 6 3 2 1 0 3163 3865 3553 3164 3866 3554
4809 6 3 2 1 0 3164 3866 3554 3165 3867 3555
4810 6 3 2 1 0 3165 3867 3555 3166 3868 3556
4811 6 3 2 1 0 3166 3868 3556 3167 3869 3557
4812 6 3 2 1 0 3167 3869 3557 3168 3870 3558
4813 6 3 2 1 0 3168 3870 3558 3169 3871 3559
4814 6 3 2 1 0 3169 3871 3559 3170 3872 3560
4815 6 3 2 1 0 3170 3872 3560 3171 3873 3561
4816 6 3 2 1 0 3171 3873 3561 3172 3874 3562
4817 6 3 2 1 0 3172 3874 3562 3173 3875 3563
4818 6 3 2 1 0 3173 3875 3563 3174 3876 3564
4819 6 3 2 1 0 3174 3876 3564 3175 3877 3565
4820 6 3 2 1 0 3175 3877 3565 3176 3878 3566
4821 6 3 2 1 0 3176 3878 3566 3177 3879 3567
4822 6 3 2 1 0 3177 3879 3567 3178 3880 3568
4823 6 3 2 1 0 3178 3880 3568 3179 3881 3569
4824 6 3 2 1 0 3179 3881 3569 3180 3882 3570
4825 6 3 2 1 0 3180 3882 3570 3181 3883 3571
4826 6 3 2 1 0 3181 3883 3571 3182 3884 3572
4827 6 3 2 1 0 3182 3884 3572 3183 3885 3573
4828 6 3 2 1 0 3183 3885 3573 1547 1565 1557
4829 6 3 2 1 0 833 815 826 3847 3145 3574
4830 6 3 2 1 0 3847 3145 3574 3848 3146 3575
4831 6 3 2 1 0 3848 3146 3575 3849 3147 3576
4832 6 3 2 1 0 3849 3147 3576 3850 3148 3577
4833 6 3 2 1 0 3850 3148 3577 3851 3149 3578
4834 6 3 2 1 0 3851 3149 3578 3852 3150 3579
4835 6 3 2 1 0 3852 3150 3579 3853 3151 3580
4836 6 3 2 1 0 3853 3151 3580 3854 3152 3581
4837 6 3 2 1 0 3854 3152 3581 3855 3153 3582
4838 6 3 2 1 0 3855 3153 3582 3856 3154 3583
4839 6 3 2 1 0 3856 3154 3583 3857 3155 3584
4840 6 3 2 1 0 3857 3155 3584 3858 3156 3585
4841 6 3 2 1 0 3858 3156 3585 3859 3157 3586
4842 6 3 2 1 0 3859 3157 3586 3860 3158 3587
4843 6 3 2 1 0 3860 3158 3587 3861 3159 3588
4844 6 3 2 1 0 3861 3159 3588 3862 3160 3589
4845 6 3 2 1 0 3862 3160 3589 3863 3161 3590
4846 6 3 2 1 0 3863 3161 3590 3864 3162 3591
4847 6 3 2 1 0 3864 3162 3591 3865 3163 3592
4848 6 3 2 1 0 3865 3163 3592 3866 3164 3593
4849 6 3 2 1 0 3866 3164 3593 3867 3165 3594
4850 6 3 2 1 0 3867 3165 3594 3868 3166 3595
4851 6 3 2 1 0 3868 3166 3595 3869 3167 3596
4852 6 3 2 1 0 3869 3167 3596 3870 3168 3597
4853 6 3 2 1 0 3870 3168 3597 3871 3169 3598
4854 6 3 2 1 0 3871 3169 3598 3872 3170 3599
4855 6 3 2 1 0 3872 3170 3599 3873 3171 3600
4856 6 3 2 1 0 3873 3171 3600 3874 3172 3601
4857 6 3 2 1 0 3874 3172 3601 3875 3173 3602
4858 6 3 2 1 0 3875 3173 3602 3876 3174 3603
4859 6 3 2 1 0 3876 3174 3603 3877 3175 3604
4860 6 3 2 1 0 3877 3175 3604 3878 3176 3605
4861 6 3 2 1 0 3878 3176 3605 3879 3177 3606
4862 6 3 2 1 0 3879 3177 3606 3880 3178 3607
4863 6 3 2 1 0 3880 3178 3607 3881 3179 3608
4864 6 3 2 1 0 3881 3179 3608 3882 3180 3609
4865 6 3 2 1 0 3882 3180 3609 3883 3181 3610
4866 6 3 2 1 0 3883 3181 3610 3884 3182 3611
4867 6 3 2 1 0 3884 3182 3611 3885 3183 3612
4868 6 3 2 1 0 3885 3183 3612 1565 1547 1558
4869 6 3 2 1 0 826 827 833 3574 3613 3847
4870 6 3 2 1 0 3574 3613 3847 3575 3614 3848
4871 6 3 2 1 0 3575 3614 3848 3576 3615 3849
4872 6 3 2 1 0 3576 3615 3849 3577 3616 3850
4873 6 3 2 1 0 3577 3616 3850 3578 3617 3851
4874 6 3 2 1 0 3578 3617 3851 3579 3618 3852
4875 6 3 2 1 0 3579 3618 3852 3580 3619 3853
4876 6 3 2 1 0 3580 3619 3853 3581 3620 3854
4877 6 3 2 1 0 3581 3620 3854 3582 3621 3855
4878 6 3 2 1 0 3582 3621 3855 3583 3622 3856
4879 6 3 2 1 0 3583 3622 3856 3584 3623 3857
4880 6 3 2 1 0 3584 3623 3857 3585 3624 3858
4881 6 3 2 1 0 3585 3624 3858 3586 3625 3859
4882 6 3 2 1 0 3586 3625 3859 3587 3626 3860
4883 6 3 2 1 0 3587 3626 3860 3588 3627 3861
4884 6 3 2 1 0 3588 3627 3861 3589 3628 3862
4885 6 3 2 1 0 3589 3628 3862 3590 3629 3863
4886 6 3 2 1 0 3590 3629 3863 3591 3630 3864
4887 6 3 2 1 0 3591 3630 3864 3592 3631 3865
4888 6 3 2 1 0 3592 3631 3865 3593 3632 3866
4889 6 3 2 1 0 3593 3632 3866 3594 3633 3867
4890 6 3 2 1 0 3594 3633 3867 3595 3634 3868
4891 6 3 2 1 0 3595 3634 3868 3596 3635 3869
4892 6 3 2 1 0 3596 3635 3869 3597 3636 3870
4893 6 3 2 1 0 3597 3636 3870 3598 3637 3871
4894 6 3 2 1 0 3598 3637 3871 3599 3638 3872
4895 6 3 2 1 0 3599 3638 3872 3600 3639 3873
4896 6 3 2 1 0 3600 3639 3873 3601 3640 3874
4897 6 3 2 1 0 3601 3640 3874 3602 3641 3875
4898 6 3 2 1 0 3602 3641 3875 3603 3642 3876
4899 6 3 2 1 0 3603 3642 3876 3604 3643 3877
4900 6 3 2 1 0 3604 3643 3877 3605 3644 3878
4901 6 3 2 1 0 3605 3644 3878 3606 3645 3879
4902 6 3 2 1 0 3606 3645 3879 3607 3646 3880
4903 6 3 2 1 0 3607 3646 3880 3608 3647 3881
4904 6 3 2 1 0 3608 3647 3881 3609 3648 3882
4905 6 3 2 1 0 3609 3648 3882 3610 3649 3883
4906 6 3 2 1 0 3610 3649 3883 3611 3650 3884
4907 6 3 2 1 0 3611 3650 3884 3612 3651 3885
4908 6 3 2 1 0 3612 3651 3885 1558 1559 1565
4909 6 3 2 1 0 835 811 815 3925 2989 3145
4910 6 3 2 1 0 3925 2989 3145 3926 2990 3146
4911 6 3 2 1 0 3926 2990 3146 3927 2991 3147
4912 6 3 2 1 0 3927 2991 3147 3928 2992 3148
4913 6 3 2 1 0 3928 2992 3148 3929 2993 3149
4914 6 3 2 1 0 3929 2993 3149 3930 2994 3150
4915 6 3 2 1 0 3930 2994 3150 3931 2995 3151
4916 6 3 2 1 0 3931 2995 3151 3932 2996 3152
4917 6 3 2 1 0 3932 2996 3152 3933 2997 3153
4918 6 3 2 1 0 3933 2997 3153 3934 2998 3154
4919 6 3 2 1 0 3934 2998 3154 3935 2999 3155
4920 6 3 2 1 0 3935 2999 3155 3936 3000 3156
4921 6 3 2 1 0 3936 3000 3156 3937 3001 3157
4922 6 3 2 1 0 3937 3001 3157 3938 3002 3158
4923 6 3 2 1 0 3938 3002 3158 3939 3003 3159
4924 6 3 2 1 0 3939 3003 3159 3940 3004 3160
4925 6 3 2 1 0 3940 3004 3160 3941 3005 3161
4926 6 3 2 1 0 3941 3005 3161 3942 3006 3162
4927 6 3 2 1 0 3942 3006 3162 3943 3007 3163
4928 6 3 2 1 0 3943 3007 3163 3944 3008 3164
4929 6 3 2 1 0 3944 3008 3164 3945 3009 3165
4930 6 3 2 1 0 3945 3009 3165 3946 3010 3166
4931 6 3 2 1 0 3946 3010 3166 3947 3011 3167
4932 6 3 2 1 0 3947 3011 3167 3948 3012 3168
4933 6 3 2 1 0 3948 3012 3168 3949 3013 3169
4934 6 3 2 1 0 3949 3013 3169 3950 3014 3170
4935 6 3 2 1 0 3950 3014 3170 3951 3015 3171
4936 6 3 2 1 0 3951 3015 3171 3952 3016 3172
4937 6 3 2 1 0 3952 3016 3172 3953 3017 3173
4938 6 3 2 1 0 3953 3017 3173 3954 3018 3174
4939 6 3 2 1 0 3954 3018 3174 3955 3019 3175
4940 6 3 2 1 0 3955 3019 3175 3956 3020 3176
4941 6 3 2 1 0 3956 3020 3176 3957 3021 3177
4942 6 3 2 1 0 3957 3021 3177 3958 3022 3178
4943 6 3 2 1 0 3958 3022 3178 3959 3023 3179
4944 6 3 2 1 0 3959 3023 3179 3960 3024 3180
4945 6 3 2 1 0 3960 3024 3180 3961 3025 3181
4946 6 3 2 1 0 3961 3025 3181 3962 3026 3182
4947 6 3 2 1 0 3962 3026 3182 3963 3027 3183
4948 6 3 2 1 0 3963 3027 3183 1567 1543 1547
4949 6 3 2 1 0 818 811 835 3262 2989 3925
4950 6 3 2 1 0 3262 2989 3925 3263 2990 3926
4951 6 3 2 1 0 3263 2990 3926 3264 2991 3927
4952 6 3 2 1 0 3264 2991 3927 3265 2992 3928
4953 6 3 2 1 0 3265 2992 3928 3266 2993 3929
4954 6 3 2 1 0 3266 2993 3929 3267 2994 3930
4955 6 3 2 1 0 3267 2994 3930 3268 2995 3931
4956 6 3 2 1 0 3268 2995 3931 3269 2996 3932
4957 6 3 2 1 0 3269 2996 3932 3270 2997 3933
4958 6 3 2 1 0 3270 2997 3933 3271 2998 3934
4959 6 3 2 1 0 3271 2998 3934 3272 2999 3935
4960 6 3 2 1 0 3272 2999 3935 3273 3000 3936
4961 6 3 2 1 0 3273 3000 3936 3274 3001 3937
4962 6 3 2 1 0 3274 3001 3937 3275 3002 3938
4963 6 3 2 1 0 3275 3002 3938 3276 3003 3939
4964 6 3 2 1 0 3276 3003 3939 3277 3004 3940
4965 6 3 2 1 0 3277 3004 3940 3278 3005 3941
4966 6 3 2 1 0 3278 3005 3941 3279 3006 3942
4967 6 3 2 1 0 3279 3006 3942 3280 3007 3943
4968 6 3 2 1 0 3280 3007 3943 3281 3008 3944
4969 6 3 2 1 0 3281 3008 3944 3282 3009 3945
4970 6 3 2 1 0 3282 3009 3945 3283 3010 3946
4971 6 3 2 1 0 3283 3010 3946 3284 3011 3947
4972 6 3 2 1 0 3284 3011 3947 3285 3012 3948
4973 6 3 2 1 0 3285 3012 3948 3286 3013 3949
4974 6 3 2 1 0 3286 3013 3949 3287 3014 3950
4975 6 3 2 1 0 3287 3014 3950 3288 3015 3951
4976 6 3 2 1 0 3288 3015 3951 3289 3016 3952
4977 6 3 2 1 0 3289 3016 3952 3290 3017 3953
4978 6 3 2 1 0 3290 3017 3953 3291 3018 3954
4979 6 3 2 1 0 3291 3018 3954 3292 3019 3955
4980 6 3 2 1 0 3292 3019 3955 3293 3020 3956
4981 6 3 2 1 0 3293 3020 3956 3294 3021 3957
4982 6 3 2 1 0 3294 3021 3957 3295 3022 3958
4983 6 3 2 1 0 3295 3022 3958 3296 3023 3959
4984 6 3 2 1 0 3296 3023 3959 3297 3024 3960
4985 6 3 2 1 0 3297 3024 3960 3298 3025 3961
4986 6 3 2 1 0 3298 3025 3961 3299 3026 3962
4987 6 3 2 1 0 3299 3026 3962 3300 3027 3963
4988 6 3 2 1 0 3300 3027 3963 1550 1543 1567
4989 6 3 2 1 0 831 836 837 3769 3964 4003
4990 6 3 2 1 0 3769 3964 4003 3770 3965 4004
4991 6 3 2 1 0 3770 3965 4004 3771 3966 4005
4992 6 3 2 1 0 3771 3966 4005 3772 3967 4006
4993 6 3 2 1 0 3772 3967 4006 3773 3968 4007
4994 6 3 2 1 0 3773 3968 4007 3774 3969 4008
4995 6 3 2 1 0 3774 3969 4008 3775 3970 4009
4996 6 3 2 1 0 3775 3970 4009 3776 3971 4010
4997 6 3 2 1 0 3776 3971 4010 3777 3972 4011
4998 6 3 2 1 0 3777 3972 4011 3778 3973 4012
4999 6 3 2 1 0 3778 3973 4012 3779 3974 4013
5000 6 3 2 1 0 3779 3974 4013 3780 3975 4014
5001 6 3 2 1 0 3780 3975 4014 3781 3976 4015
5002 6 3 2 1 0 3781 3976 4015 3782 3977 4016
5003 6 3 2 1 0 3782 3977 4016 3783 3978 4017
5004 6 3 2 1 0 3783 3978 4017 3784 3979 4018
5005 6 3 2 1 0 3784 3979 4018 3785 3980 4019
5006 6 3 2 1 0 3785 3980 4019 3786 3981 4020
5007 6 3 2 1 0 3786 3981 4020 3787 3982 4021
5008 6 3 2 1 0 3787 3982 4021 3788 3983 4022
5009 6 3 2 1 0 3788 3983 4022 3789 3984 4023
5010 6 3 2 1 0 3789 3984 4023 3790 3985 4024
5011 6 3 2 1 0 3790 3985 4024 3791 3986 4025
5012 6 3 2 1 0 3791 3986 4025 3792 3987 4026
5013 6 3 2 1 0 3792 3987 4026 3793 3988 4027
5014 6 3 2 1 0 3793 3988 4027 3794 3989 4028
5015 6 3 2 1 0 3794 3989 4028 3795 3990 4029
5016 6 3 2 1 0 3795 3990 4029 3796 3991 4030
5017 6 3 2 1 0 3796 3991 4030 3797 3992 4031
5018 6 3 2 1 0 3797 3992 4031 3798 3993 4032
5019 6 3 2 1 0 3798 3993 4032 3799 3994 4033
5020 6 3 2 1 0 3799 3994 4033 3800 3995 4034
5021 6 3 2 1 0 3800 3995 4034 3801 3996 4035
5022 6 3 2 1 0 3801 3996 4035 3802 3997 4036
5023 6 3 2 1 0 3802 3997 4036 3803 3998 4037
5024 6 3 2 1 0 3803 3998 4037 3804 3999 4038
5025 6 3 2 1 0 3804 3999 4038 3805 4000 4039
5026 6 3 2 1 0 3805 4000 4039 3806 4001 4040
5027 6 3 2 1 0 3806 4001 4040 3807 4002 4041
5028 6 3 2 1 0 3807 4002 4041 1563 1568 1569
5029 6 3 2 1 0 43 44 836 1075 1114 3964
5030 6 3 2 1 0 1075 1114 3964 1076 1115 3965
5031 6 3 2 1 0 1076 1115 3965 1077 1116 3966
5032 6 3 2 1 0 1077 1116 3966 1078 1117 3967
5033 6 3 2 1 0 1078 1117 3967 1079 1118 3968
5034 6 3 2 1 0 1079 1118 3968 1080 1119 3969
5035 6 3 2 1 0 1080 1119 3969 1081 1120 3970
5036 6 3 2 1 0 1081 1120 3970 1082 1121 3971
5037 6 3 2 1 0 1082 1121 3971 1083 1122 3972
5038 6 3 2 1 0 1083 1122 3972 1084 1123 3973
5039 6 3 2 1 0 1084 1123 3973 1085 1124 3974
5040 6 3 2 1 0 1085 1124 3974 1086 1125 3975
5041 6 3 2 1 0 1086 1125 3975 1087 1126 3976
5042 6 3 2 1 0 1087 1126 3976 1088 1127 3977
5043 6 3 2 1 0 1088 1127 3977 1089 1128 3978
5044 6 3 2 1 0 1089 1128 3978 1090 1129 3979
5045 6 3 2 1 0 1090 1129 3979 1091 1130 3980
5046 6 3 2 1 0 1091 1130 3980 1092 1131 3981
5047 6 3 2 1 0 1092 1131 3981 1093 1132 3982
5048 6 3 2 1 0 1093 1132 3982 1094 1133 3983
5049 6 3 2 1 0 1094 1133 3983 1095 1134 3984
5050 6 3 2 1 0 1095 1134 3984 1096 1135 3985
5051 6 3 2 1 0 1096 1135 3985 1097 1136 3986
5052 6 3 2 1 0 1097 1136 3986 1098 1137 3987
5053 6 3 2 1 0 1098 1137 3987 1099 1138 3988
5054 6 3 2 1 0 1099 1138 3988 1100 1139 3989
5055 6 3 2 1 0 1100 1139 3989 1101 1140 3990
5056 6 3 2 1 0 1101 1140 3990 1102 1141 3991
5057 6 3 2 1 0 1102 1141 3991 1103 1142 3992
5058 6 3 2 1 0 1103 1142 3992 1104 1143 3993
5059 6 3 2 1 0 1104 1143 3993 1105 1144 3994
5060 6 3 2 1 0 1105 1144 3994 1106 1145 3995
5061 6 3 2 1 0 1106 1145 3995 1107 1146 3996
5062 6 3 2 1 0 1107 1146 3996 1108 1147 3997
5063 6 3 2 1 0 1108 1147 3997 1109 1148 3998
5064 6 3 2 1 0 1109 1148 3998 1110 1149 3999
5065 6 3 2 1 0 1110 1149 3999 1111 1150 4000
5066 6 3 2 1 0 1111 1150 4000 1112 1151 4001
5067 6 3 2 1 0 1112 1151 4001 1113 1152 4002
5068 6 3 2 1 0 1113 1152 4002 61 62 1568
5069 6 3 2 1 0 836 831 43 3964 3769 1075
5070 6 3 2 1 0 3964 3769 1075 3965 3770 1076
5071 6 3 2 1 0 3965 3770 1076 3966 3771 1077
5072 6 3 2 1 0 3966 3771 1077 3967 3772 1078
5073 6 3 2 1 0 3967 3772 1078 3968 3773 1079
5074 6 3 2 1 0 3968 3773 1079 3969 3774 1080
5075 6 3 2 1 0 3969 3774 1080 3970 3775 1081
5076 6 3 2 1 0 3970 3775 1081 3971 3776 1082
5077 6 3 2 1 0 3971 3776 1082 3972 3777 1083
5078 6 3 2 1 0 3972 3777 1083 3973 3778 1084
5079 6 3 2 1 0 3973 3778 1084 3974 3779 1085
5080 6 3 2 1 0 3974 3779 1085 3975 3780 1086
5081 6 3 2 1 0 3975 3780 1086 3976 3781 1087
5082 6 3 2 1 0 3976 3781 1087 3977 3782 1088
5083 6 3 2 1 0 3977 3782 1088 3978 3783 1089
5084 6 3 2 1 0 3978 3783 1089 3979 3784 1090
5085 6 3 2 1 0 3979 3784 1090 3980 3785 1091
5086 6 3 2 1 0 3980 3785 1091 3981 3786 1092
5087 6 3 2 1 0 3981 3786 1092 3982 3787 1093
5088 6 3 2 1 0 3982 3787 1093 3983 3788 1094
5089 6 3 2 1 0 3983 3788 1094 3984 3789 1095
5090 6 3 2 1 0 3984 3789 1095 3985 3790 1096
5091 6 3 2 1 0 3985 3790 1096 3986 3791 1097
5092 6 3 2 1 0 3986 3791 1097 3987 3792 1098
5093 6 3 2 1 0 3987 3792 1098 3988 3793 1099
5094 6 3 2 1 0 3988 3793 1099 3989 3794 1100
5095 6 3 2 1 0 3989 3794 1100 3990 3795 1101
5096 6 3 2 1 0 3990 3795 1101 3991 3796 1102
5097 6 3 2 1 0 3991 3796 1102 3992 3797 1103
5098 6 3 2 1 0 3992 3797 1103 3993 3798 1104
5099 6 3 2 1 0 3993 3798 1104 3994 3799 1105
5100 6 3 2 1 0 3994 3799 1105 3995 3800 1106
5101 6 3 2 1 0 3995 3800 1106 3996 3801 1107
5102 6 3 2 1 0 3996 3801 1107 3997 3802 1108
5103 6 3 2 1 0 3997 3802 1108 3998 3803 1109
5104 6 3 2 1 0 3998 3803 1109 3999 3804 1110
5105 6 3 2 1 0 3999 3804 1110 4000 3805 1111
5106 6 3 2 1 0 4000 3805 1111 4001 3806 1112
5107 6 3 2 1 0 4001 3806 1112 4002 3807 1113
5108 6 3 2 1 0 4002 3807 1113 1568 1563 61
5109 6 3 2 1 0 816 823 838 3184 3457 4042
5110 6 3 2 1 0 3184 3457 4042 3185 3458 4043
5111 6 3 2 1 0 3185 3458 4043 3186 3459 4044
5112 6 3 2 1 0 3186 3459 4044 3187 3460 4045
5113 6 3 2 1 0 3187 3460 4045 3188 3461 4046
5114 6 3 2 1 0 3188 3461 4046 3189 3462 4047
5115 6 3 2 1 0 3189 3462 4047 3190 3463 4048
5116 6 3 2 1 0 3190 3463 4048 3191 3464 4049
5117 6 3 2 1 0 3191 3464 4049 3192 3465 4050
5118 6 3 2 1 0 3192 3465 4050 3193 3466 4051
5119 6 3 2 1 0 3193 3466 4051 3194 3467 4052
5120 6 3 2 1 0 3194 3467 4052 3195 3468 4053
5121 6 3 2 1 0 3195 3468 4053 3196 3469 4054
5122 6 3 2 1 0 3196 3469 4054 3197 3470 4055
5123 6 3 2 1 0 3197 3470 4055 3198 3471 4056
5124 6 3 2 1 0 3198 3471 4056 3199 3472 4057
5125 6 3 2 1 0 3199 3472 4057 3200 3473 4058
5126 6 3 2 1 0 3200 3473 4058 3201 3474 4059
5127 6 3 2 1 0 3201 3474 4059 3202 3475 4060
5128 6 3 2 1 0 3202 3475 4060 3203 3476 4061
5129 6 3 2 1 0 3203 3476 4061 3204 3477 4062
5130 6 3 2 1 0 3204 3477 4062 3205 3478 4063
5131 6 3 2 1 0 3205 3478 4063 3206 3479 4064
5132 6 3 2 1 0 3206 3479 4064 3207 3480 4065
5133 6 3 2 1 0 3207 3480 4065 3208 3481 4066
5134 6 3 2 1 0 3208 3481 4066 3209 3482 4067
5135 6 3 2 1 0 3209 3482 4067 3210 3483 4068
5136 6 3 2 1 0 3210 3483 4068 3211 3484 4069
5137 6 3 2 1 0 3211 3484 4069 3212 3485 4070
5138 6 3 2 1 0 3212 3485 4070 3213 3486 4071
5139 6 3 2 1 0 3213 3486 4071 3214 3487 4072
5140 6 3 2 1 0 3214 3487 4072 3215 3488 4073
5141 6 3 2 1 0 3215 3488 4073 3216 3489 4074
5142 6 3 2 1 0 3216 3489 4074 3217 3490 4075
5143 6 3 2 1 0 3217 3490 4075 3218 3491 4076
5144 6 3 2 1 0 3218 3491 4076 3219 3492 4077
5145 6 3 2 1 0 3219 3492 4077 3220 3493 4078
5146 6 3 2 1 0 3220 3493 4078 3221 3494 4079
5147 6 3 2 1 0 3221 3494 4079 3222 3495 4080
5148 6 3 2 1 0 3222 3495 4080 1548 1555 1570
5149 6 3 2 1 0 838 823 837 4042 3457 4003
5150 6 3 2 1 0 4042 3457 4003 4043 3458 4004
5151 6 3 2 1 0 4043 3458 4004 4044 3459 4005
5152 6 3 2 1 0 4044 3459 4005 4045 3460 4006
5153 6 3 2 1 0 4045 3460 4006 4046 3461 4007
5154 6 3 2 1 0 4046 3461 4007 4047 3462 4008
5155 6 3 2 1 0 4047 3462 4008 4048 3463 4009
5156 6 3 2 1 0 4048 3463 4009 4049 3464 4010
5157 6 3 2 1 0 4049 3464 4010 4050 3465 4011
5158 6 3 2 1 0 4050 3465 4011 4051 3466 4012
5159 6 3 2 1 0 4051 3466 4012 4052 3467 4013
5160 6 3 2 1 0 4052 3467 4013 4053 3468 4014
5161 6 3 2 1 0 4053 3468 4014 4054 3469 4015
5162 6 3 2 1 0 4054 3469 4015 4055 3470 4016
5163 6 3 2 1 0 4055 3470 4016 4056 3471 4017
5164 6 3 2 1 0 4056 3471 4017 4057 3472 4018
5165 6 3 2 1 0 4057 3472 4018 4058 3473 4019
5166 6 3 2 1 0 4058 3473 4019 4059 3474 4020
5167 6 3 2 1 0 4059 3474 4020 4060 3475 4021
5168 6 3 2 1 0 4060 3475 4021 4061 3476 4022
5169 6 3 2 1 0 4061 3476 4022 4062 3477 4023
5170 6 3 2 1 0 4062 3477 4023 4063 3478 4024
5171 6 3 2 1 0 4063 3478 4024 4064 3479 4025
5172 6 3 2 1 0 4064 3479 4025 4065 3480 4026
5173 6 3 2 1 0 4065 3480 4026 4066 3481 4027
5174 6 3 2 1 0 4066 3481 4027 4067 3482 4028
5175 6 3 2 1 0 4067 3482 4028 4068 3483 4029
5176 6 3 2 1 0 4068 3483 4029 4069 3484 4030
5177 6 3 2 1 0 4069 3484 4030 4070 3485 4031
5178 6 3 2 1 0 4070 3485 4031 4071 3486 4032
5179 6 3 2 1 0 4071 3486 4032 4072 3487 4033
5180 6 3 2 1 0 4072 3487 4033 4073 3488 4034
5181 6 3 2 1 0 4073 3488 4034 4074 3489 4035
5182 6 3 2 1 0 4074 3489 4035 4075 3490 4036
5183 6 3 2 1 0 4075 3490 4036 4076 3491 4037
5184 6 3 2 1 0 4076 3491 4037 4077 3492 4038
5185 6 3 2 1 0 4077 3492 4038 4078 3493 4039
5186 6 3 2 1 0 4078 3493 4039 4079 3494 4040
5187 6 3 2 1 0 4079 3494 4040 4080 3495 4041
5188 6 3 2 1 0 4080 3495 4041 1570 1555 1569
5189 6 3 2 1 0 834 829 41 3886 3691 997
5190 6 3 2 1 0 3886 3691 997 3887 3692 998
5191 6 3 2 1 0 3887 3692 998 3888 3693 999
5192 6 3 2 1 0 3888 3693 999 3889 3694 1000
5193 6 3 2 1 0 3889 3694 1000 3890 3695 1001
5194 6 3 2 1 0 3890 3695 1001 3891 3696 1002
5195 6 3 2 1 0 3891 3696 1002 3892 3697 1003
5196 6 3 2 1 0 3892 3697 1003 3893 3698 1004
5197 6 3 2 1 0 3893 3698 1004 3894 3699 1005
5198 6 3 2 1 0 3894 3699 1005 3895 3700 1006
5199 6 3 2 1 0 3895 3700 1006 3896 3701 1007
5200 6 3 2 1 0 3896 3701 1007 3897 3702 1008
5201 6 3 2 1 0 3897 3702 1008 3898 3703 1009
5202 6 3 2 1 0 3898 3703 1009 3899 3704 1010
5203 6 3 2 1 0 3899 3704 1010 3900 3705 1011
5204 6 3 2 1 0 3900 3705 1011 3901 3706 1012
5205 6 3 2 1 0 3901 3706 1012 3902 3707 1013
5206 6 3 2 1 0 3902 3707 1013 3903 3708 1014
5207 6 3 2 1 0 3903 3708 1014 3904 3709 1015
5208 6 3 2 1 0 3904 3709 1015 3905 3710 1016
5209 6 3 2 1 0 3905 3710 1016 3906 3711 1017
5210 6 3 2 1 0 3906 3711 1017 3907 3712 1018
5211 6 3 2 1 0 3907 3712 1018 3908 3713 1019
5212 6 3 2 1 0 3908 3713 1019 3909 3714 1020
5213 6 3 2 1 0 3909 3714 1020 3910 3715 1021
5214 6 3 2 1 0 3910 3715 1021 3911 3716 1022
5215 6 3 2 1 0 3911 3716 1022 3912 3717 1023
5216 6 3 2 1 0 3912 3717 1023 3913 3718 1024
5217 6 3 2 1 0 3913 3718 1024 3914 3719 1025
5218 6 3 2 1 0 3914 3719 1025 3915 3720 1026
5219 6 3 2 1 0 3915 3720 1026 3916 3721 1027
5220 6 3 2 1 0 3916 3721 1027 3917 3722 1028
5221 6 3 2 1 0 3917 3722 1028 3918 3723 1029
5222 6 3 2 1 0 3918 3723 1029 3919 3724 1030
5223 6 3 2 1 0 3919 3724 1030 3920 3725 1031
5224 6 3 2 1 0 3920 3725 1031 3921 3726 1032
5225 6 3 2 1 0 3921 3726 1032 3922 3727 1033
5226 6 3 2 1 0 3922 3727 1033 3923 3728 1034
5227 6 3 2 1 0 3923 3728 1034 3924 3729 1035
5228 6 3 2 1 0 3924 3729 1035 1566 1561 59
5229 6 3 2 1 0 823 829 834 3457 3691 3886
5230 6 3 2 1 0 3457 3691 3886 3458 3692 3887
5231 6 3 2 1 0 3458 3692 3887 3459 3693 3888
5232 6 3 2 1 0 3459 3693 3888 3460 3694 3889
5233 6 3 2 1 0 3460 3694 3889 3461 3695 3890
5234 6 3 2 1 0 3461 3695 3890 3462 3696 3891
5235 6 3 2 1 0 3462 3696 3891 3463 3697 3892
5236 6 3 2 1 0 3463 3697 3892 3464 3698 3893
5237 6 3 2 1 0 3464 3698 3893 3465 3699 3894
5238 6 3 2 1 0 3465 3699 3894 3466 3700 3895
5239 6 3 2 1 0 3466 3700 3895 3467 3701 3896
5240 6 3 2 1 0 3467 3701 3896 3468 3702 3897
5241 6 3 2 1 0 3468 3702 3897 3469 3703 3898
5242 6 3 2 1 0 3469 3703 3898 3470 3704 3899
5243 6 3 2 1 0 3470 3704 3899 3471 3705 3900
5244 6 3 2 1 0 3471 3705 3900 3472 3706 3901
5245 6 3 2 1 0 3472 3706 3901 3473 3707 3902
5246 6 3 2 1 0 3473 3707 3902 3474 3708 3903
5247 6 3 2 1 0 3474 3708 3903 3475 3709 3904
5248 6 3 2 1 0 3475 3709 3904 3476 3710 3905
5249 6 3 2 1 0 3476 3710 3905 3477 3711 3906
5250 6 3 2 1 0 3477 3711 3906 3478 3712 3907
5251 6 3 2 1 0 3478 3712 3907 3479 3713 3908
5252 6 3 2 1 0 3479 3713 3908 3480 3714 3909
5253 6 3 2 1 0 3480 3714 3909 3481 3715 3910
5254 6 3 2 1 0 3481 3715 3910 3482 3716 3911
5255 6 3 2 1 0 3482 3716 3911 3483 3717 3912
5256 6 3 2 1 0 3483 3717 3912 3484 3718 3913
5257 6 3 2 1 0 3484 3718 3913 3485 3719 3914
5258 6 3 2 1 0 3485 3719 3914 3486 3720 3915
5259 6 3 2 1 0 3486 3720 3915 3487 3721 3916
5260 6 3 2 1 0 3487 3721 3916 3488 3722 3917
5261 6 3 2 1 0 3488 3722 3917 3489 3723 3918
5262 6 3 2 1 0 3489 3723 3918 3490 3724 3919
5263 6 3 2 1 0 3490 3724 3919 3491 3725 3920
5264 6 3 2 1 0 3491 3725 3920 3492 3726 3921
5265 6 3 2 1 0 3492 3726 3921 3493 3727 3922
5266 6 3 2 1 0 3493 3727 3922 3494 3728 3923
5267 6 3 2 1 0 3494 3728 3923 3495 3729 3924
5268 6 3 2 1 0 3495 3729 3924 1555 1561 1566
5269 6 3 2 1 0 834 837 823 3886 4003 3457
5270 6 3 2 1 0 3886 4003 3457 3887 4004 3458
5271 6 3 2 1 0 3887 4004 3458 3888 4005 3459
5272 6 3 2 1 0 3888 4005 3459 3889 4006 3460
5273 6 3 2 1 0 3889 4006 3460 3890 4007 3461
5274 6 3 2 1 0 3890 4007 3461 3891 4008 3462
5275 6 3 2 1 0 3891 4008 3462 3892 4009 3463
5276 6 3 2 1 0 3892 4009 3463 3893 4010 3464
5277 6 3 2 1 0 3893 4010 3464 3894 4011 3465
5278 6 3 2 1 0 3894 4011 3465 3895 4012 3466
5279 6 3 2 1 0 3895 4012 3466 3896 4013 3467
5280 6 3 2 1 0 3896 4013 3467 3897 4014 3468
5281 6 3 2 1 0 3897 4014 3468 3898 4015 3469
5282 6 3 2 1 0 3898 4015 3469 3899 4016 3470
5283 6 3 2 1 0 3899 4016 3470 3900 4017 3471
5284 6 3 2 1 0 3900 4017 3471 3901 4018 3472
5285 6 3 2 1 0 3901 4018 3472 3902 4019 3473
5286 6 3 2 1 0 3902 4019 3473 3903 4020 3474
5287 6 3 2 1 0 3903 4020 3474 3904 4021 3475
5288 6 3 2 1 0 3904 4021 3475 3905 4022 3476
5289 6 3 2 1 0 3905 4022 3476 3906 4023 3477
5290 6 3 2 1 0 3906 4023 3477 3907 4024 3478
5291 6 3 2 1 0 3907 4024 3478 3908 4025 3479
5292 6 3 2 1 0 3908 4025 3479 3909 4026 3480
5293 6 3 2 1 0 3909 4026 3480 3910 4027 3481
5294 6 3 2 1 0 3910 4027 3481 3911 4028 3482
5295 6 3 2 1 0 3911 4028 3482 3912 4029 3483
5296 6 3 2 1 0 3912 4029 3483 3913 4030 3484
5297 6 3 2 1 0 3913 4030 3484 3914 4031 3485
5298 6 3 2 1 0 3914 4031 3485 3915 4032 3486
5299 6 3 2 1 0 3915 4032 3486 3916 4033 3487
5300 6 3 2 1 0 3916 4033 3487 3917 4034 3488
5301 6 3 2 1 0 3917 4034 3488 3918 4035 3489
5302 6 3 2 1 0 3918 4035 3489 3919 4036 3490
5303 6 3 2 1 0 3919 4036 3490 3920 4037 3491
5304 6 3 2 1 0 3920 4037 3491 3921 4038 3492
5305 6 3 2 1 0 3921 4038 3492 3922 4039 3493
5306 6 3 2 1 0 3922 4039 3493 3923 4040 3494
5307 6 3 2 1 0 3923 4040 3494 3924 4041 3495
5308 6 3 2 1 0 3924 4041 3495 1566 1569 1555
5309 6 3 2 1 0 834 831 837 3886 3769 4003
5310 6 3 2 1 0 3886 3769 4003 3887 3770 4004
5311 6 3 2 1 0 3887 3770 4004 3888 3771 4005
5312 6 3 2 1 0 3888 3771 4005 3889 3772 4006
5313 6 3 2 1 0 3889 3772 4006 3890 3773 4007
5314 6 3 2 1 0 3890 3773 4007 3891 3774 4008
5315 6 3 2 1 0 3891 3774 4008 3892 3775 4009
5316 6 3 2 1 0 3892 3775 4009 3893 3776 4010
5317 6 3 2 1 0 3893 3776 4010 3894 3777 4011
5318 6 3 2 1 0 3894 3777 4011 3895 3778 4012
5319 6 3 2 1 0 3895 3778 4012 3896 3779 4013
5320 6 3 2 1 0 3896 3779 4013 3897 3780 4014
5321 6 3 2 1 0 3897 3780 4014 3898 3781 4015
5322 6 3 2 1 0 3898 3781 4015 3899 3782 4016
5323 6 3 2 1 0 3899 3782 4016 3900 3783 4017
5324 6 3 2 1 0 3900 3783 4017 3901 3784 4018
5325 6 3 2 1 0 3901 3784 4018 3902 3785 4019
5326 6 3 2 1 0 3902 3785 4019 3903 3786 4020
5327 6 3 2 1 0 3903 3786 4020 3904 3787 4021
5328 6 3 2 1 0 3904 3787 4021 3905 3788 4022
5329 6 3 2 1 0 3905 3788 4022 3906 3789 4023
5330 6 3 2 1 0 3906 3789 4023 3907 3790 4024
5331 6 3 2 1 0 3907 3790 4024 3908 3791 4025
5332 6 3 2 1 0 3908 3791 4025 3909 3792 4026
5333 6 3 2 1 0 3909 3792 4026 3910 3793 4027
5334 6 3 2 1 0 3910 3793 4027 3911 3794 4028
5335 6 3 2 1 0 3911 3794 4028 3912 3795 4029
5336 6 3 2 1 0 3912 3795 4029 3913 3796 4030
5337 6 3 2 1 0 3913 3796 4030 3914 3797 4031
5338 6 3 2 1 0 3914 3797 4031 3915 3798 4032
5339 6 3 2 1 0 3915 3798 4032 3916 3799 4033
5340 6 3 2 1 0 3916 3799 4033 3917 3800 4034
5341 6 3 2 1 0 3917 3800 4034 3918 3801 4035
5342 6 3 2 1 0 3918 3801 4035 3919 3802 4036
5343 6 3 2 1 0 3919 3802 4036 3920 3803 4037
5344 6 3 2 1 0 3920 3803 4037 3921 3804 4038
5345 6 3 2 1 0 3921 3804 4038 3922 3805 4039
5346 6 3 2 1 0 3922 3805 4039 3923 3806 4040
5347 6 3 2 1 0 3923 3806 4040 3924 3807 4041
5348 6 3 2 1 0 3924 3807 4041 1566 1563 1569
5349 6 3 2 1 0 835 813 814 3925 3067 3106
5350 6 3 2 1 0 3925 3067 3106 3926 3068 3107
5351 6 3 2 1 0 3926 3068 3107 3927 3069 3108
5352 6 3 2 1 0 3927 3069 3108 3928 3070 3109
5353 6 3 2 1 0 3928 3070 3109 3929 3071 3110
5354 6 3 2 1 0 3929 3071 3110 3930 3072 3111
5355 6 3 2 1 0 3930 3072 3111 3931 3073 3112
5356 6 3 2 1 0 3931 3073 3112 3932 3074 3113
5357 6 3 2 1 0 3932 3074 3113 3933 3075 3114
5358 6 3 2 1 0 3933 3075 3114 3934 3076 3115
5359 6 3 2 1 0 3934 3076 3115 3935 3077 3116
5360 6 3 2 1 0 3935 3077 3116 3936 3078 3117
5361 6 3 2 1 0 3936 3078 3117 3937 3079 3118
5362 6 3 2 1 0 3937 3079 3118 3938 3080 3119
5363 6 3 2 1 0 3938 3080 3119 3939 3081 3120
5364 6 3 2 1 0 3939 3081 3120 3940 3082 3121
5365 6 3 2 1 0 3940 3082 3121 3941 3083 3122
5366 6 3 2 1 0 3941 3083 3122 3942 3084 3123
5367 6 3 2 1 0 3942 3084 3123 3943 3085 3124
5368 6 3 2 1 0 3943 3085 3124 3944 3086 3125
5369 6 3 2 1 0 3944 3086 3125 3945 3087 3126
5370 6 3 2 1 0 3945 3087 3126 3946 3088 3127
5371 6 3 2 1 0 3946 3088 3127 3947 3089 3128
5372 6 3 2 1 0 3947 3089 3128 3948 3090 3129
5373 6 3 2 1 0 3948 3090 3129 3949 3091 3130
5374 6 3 2 1 0 3949 3091 3130 3950 3092 3131
5375 6 3 2 1 0 3950 3092 3131 3951 3093 3132
5376 6 3 2 1 0 3951 3093 3132 3952 3094 3133
5377 6 3 2 1 0 3952 3094 3133 3953 3095 3134
5378 6 3 2 1 0 3953 3095 3134 3954 3096 3135
5379 6 3 2 1 0 3954 3096 3135 3955 3097 3136
5380 6 3 2 1 0 3955 3097 3136 3956 3098 3137
5381 6 3 2 1 0 3956 3098 3137 3957 3099 3138
5382 6 3 2 1 0 3957 3099 3138 3958 3100 3139
5383 6 3 2 1 0 3958 3100 3139 3959 3101 3140
5384 6 3 2 1 0 3959 3101 3140 3960 3102 3141
5385 6 3 2 1 0 3960 3102 3141 3961 3103 3142
5386 6 3 2 1 0 3961 3103 3142 3962 3104 3143
5387 6 3 2 1 0 3962 3104 3143 3963 3105 3144
5388 6 3 2 1 0 3963 3105 3144 1567 1545 1546
5389 6 3 2 1 0 814 818 835 3106 3262 3925
5390 6 3 2 1 0 3106 3262 3925 3107 3263 3926
5391 6 3 2 1 0 3107 3263 3926 3108 3264 3927
5392 6 3 2 1 0 3108 3264 3927 3109 3265 3928
5393 6 3 2 1 0 3109 3265 3928 3110 3266 3929
5394 6 3 2 1 0 3110 3266 3929 3111 3267 3930
5395 6 3 2 1 0 3111 3267 3930 3112 3268 3931
5396 6 3 2 1 0 3112 3268 3931 3113 3269 3932
5397 6 3 2 1 0 3113 3269 3932 3114 3270 3933
5398 6 3 2 1 0 3114 3270 3933 3115 3271 3934
5399 6 3 2 1 0 3115 3271 3934 3116 3272 3935
5400 6 3 2 1 0 3116 3272 3935 3117 3273 3936
5401 6 3 2 1 0 3117 3273 3936 3118 3274 3937
5402 6 3 2 1 0 3118 3274 3937 3119 3275 3938
5403 6 3 2 1 0 3119 3275 3938 3120 3276 3939
5404 6 3 2 1 0 3120 3276 3939 3121 3277 3940
5405 6 3 2 1 0 3121 3277 3940 3122 3278 3941
5406 6 3 2 1 0 3122 3278 3941 3123 3279 3942
5407 6 3 2 1 0 3123 3279 3942 3124 3280 3943
5408 6 3 2 1 0 3124 3280 3943 3125 3281 3944
5409 6 3 2 1 0 3125 3281 3944 3126 3282 3945
5410 6 3 2 1 0 3126 3282 3945 3127 3283 3946
5411 6 3 2 1 0 3127 3283 3946 3128 3284 3947
5412 6 3 2 1 0 3128 3284 3947 3129 3285 3948
5413 6 3 2 1 0 3129 3285 3948 3130 3286 3949
5414 6 3 2 1 0 3130 3286 3949 3131 3287 3950
5415 6 3 2 1 0 3131 3287 3950 3132 3288 3951
5416 6 3 2 1 0 3132 3288 3951 3133 3289 3952
5417 6 3 2 1 0 3133 3289 3952 3134 3290 3953
5418 6 3 2 1 0 3134 3290 3953 3135 3291 3954
5419 6 3 2 1 0 3135 3291 3954 3136 3292 3955
5420 6 3 2 1 0 3136 3292 3955 3137 3293 3956
5421 6 3 2 1 0 3137 3293 3956 3138 3294 3957
5422 6 3 2 1 0 3138 3294 3957 3139 3295 3958
5423 6 3 2 1 0 3139 3295 3958 3140 3296 3959
5424 6 3 2 1 0 3140 3296 3959 3141 3297 3960
5425 6 3 2 1 0 3141 3297 3960 3142 3298 3961
5426 6 3 2 1 0 3142 3298 3961 3143 3299 3962
5427 6 3 2 1 0 3143 3299 3962 3144 3300 3963
5428 6 3 2 1 0 3144 3300 3963 1546 1550 1567
5429 6 3 2 1 0 817 813 835 3223 3067 3925
5430 6 3 2 1 0 3223 3067 3925 3224 3068 3926
5431 6 3 2 1 0 3224 3068 3926 3225 3069 3927
5432 6 3 2 1 0 3225 3069 3927 3226 3070 3928
5433 6 3 2 1 0 3226 3070 3928 3227 3071 3929
5434 6 3 2 1 0 3227 3071 3929 3228 3072 3930
5435 6 3 2 1 0 3228 3072 3930 3229 3073 3931
5436 6 3 2 1 0 3229 3073 3931 3230 3074 3932
5437 6 3 2 1 0 3230 3074 3932 3231 3075 3933
5438 6 3 2 1 0 3231 3075 3933 3232 3076 3934
5439 6 3 2 1 0 3232 3076 3934 3233 3077 3935
5440 6 3 2 1 0 3233 3077 3935 3234 3078 3936
5441 6 3 2 1 0 3234 3078 3936 3235 3079 3937
5442 6 3 2 1 0 3235 3079 3937 3236 3080 3938
5443 6 3 2 1 0 3236 3080 3938 3237 3081 3939
5444 6 3 2 1 0 3237 3081 3939 3238 3082 3940
5445 6 3 2 1 0 3238 3082 3940 3239 3083 3941
5446 6 3 2 1 0 3239 3083 3941 3240 3084 3942
5447 6 3 2 1 0 3240 3084 3942 3241 3085 3943
5448 6 3 2 1 0 3241 3085 3943 3242 3086 3944
5449 6 3 2 1 0 3242 3086 3944 3243 3087 3945
5450 6 3 2 1 0 3243 3087 3945 3244 3088 3946
5451 6 3 2 1 0 3244 3088 3946 3245 3089 3947
5452 6 3 2 1 0 3245 3089 3947 3246 3090 3948
5453 6 3 2 1 0 3246 3090 3948 3247 3091 3949
5454 6 3 2 1 0 3247 3091 3949 3248 3092 3950
5455 6 3 2 1 0 3248 3092 3950 3249 3093 3951
5456 6 3 2 1 0 3249 3093 3951 3250 3094 3952
5457 6 3 2 1 0 3250 3094 3952 3251 3095 3953
5458 6 3 2 1 0 3251 3095 3953 3252 3096 3954
5459 6 3 2 1 0 3252 3096 3954 3253 3097 3955
5460 6 3 2 1 0 3253 3097 3955 3254 3098 3956
5461 6 3 2 1 0 3254 3098 3956 3255 3099 3957
5462 6 3 2 1 0 3255 3099 3957 3256 3100 3958
5463 6 3 2 1 0 3256 3100 3958 3257 3101 3959
5464 6 3 2 1 0 3257 3101 3959 3258 3102 3960
5465 6 3 2 1 0 3258 3102 3960 3259 3103 3961
5466 6 3 2 1 0 3259 3103 3961 3260 3104 3962
5467 6 3 2 1 0 3260 3104 3962 3261 3105 3963
5468 6 3 2 1 0 3261 3105 3963 1549 1545 1567
5469 6 3 2 1 0 815 817 835 3145 3223 3925
5470 6 3 2 1 0 3145 3223 3925 3146 3224 3926
5471 6 3 2 1 0 3146 3224 3926 3147 3225 3927
5472 6 3 2 1 0 3147 3225 3927 3148 3226 3928
5473 6 3 2 1 0 3148 3226 3928 3149 3227 3929
5474 6 3 2 1 0 3149 3227 3929 3150 3228 3930
5475 6 3 2 1 0 3150 3228 3930 3151 3229 3931
5476 6 3 2 1 0 3151 3229 3931 3152 3230 3932
5477 6 3 2 1 0 3152 3230 3932 3153 3231 3933
5478 6 3 2 1 0 3153 3231 3933 3154 3232 3934
5479 6 3 2 1 0 3154 3232 3934 3155 3233 3935
5480 6 3 2 1 0 3155 3233 3935 3156 3234 3936
5481 6 3 2 1 0 3156 3234 3936 3157 3235 3937
5482 6 3 2 1 0 3157 3235 3937 3158 3236 3938
5483 6 3 2 1 0 3158 3236 3938 3159 3237 3939
5484 6 3 2 1 0 3159 3237 3939 3160 3238 3940
5485 6 3 2 1 0 3160 3238 3940 3161 3239 3941
5486 6 3 2 1 0 3161 3239 3941 3162 3240 3942
5487 6 3 2 1 0 3162 3240 3942 3163 3241 3943
5488 6 3 2 1 0 3163 3241 3943 3164 3242 3944
5489 6 3 2 1 0 3164 3242 3944 3165 3243 3945
5490 6 3 2 1 0 3165 3243 3945 3166 3244 3946
5491 6 3 2 1 0 3166 3244 3946 3167 3245 3947
5492 6 3 2 1 0 3167 3245 3947 3168 3246 3948
5493 6 3 2 1 0 3168 3246 3948 3169 3247 3949
5494 6 3 2 1 0 3169 3247 3949 3170 3248 3950
5495 6 3 2 1 0 3170 3248 3950 3171 3249 3951
5496 6 3 2 1 0 3171 3249 3951 3172 3250 3952
5497 6 3 2 1 0 3172 3250 3952 3173 3251 3953
5498 6 3 2 1 0 3173 3251 3953 3174 3252 3954
5499 6 3 2 1 0 3174 3252 3954 3175 3253 3955
5500 6 3 2 1 0 3175 3253 3955 3176 3254 3956
5501 6 3 2 1 0 3176 3254 3956 3177 3255 3957
5502 6 3 2 1 0 3177 3255 3957 3178 3256 3958
5503 6 3 2 1 0 3178 3256 3958 3179 3257 3959
5504 6 3 2 1 0 3179 3257 3959 3180 3258 3960
5505 6 3 2 1 0 3180 3258 3960 3181 3259 3961
5506 6 3 2 1 0 3181 3259 3961 3182 3260 3962
5507 6 3 2 1 0 3182 3260 3962 3183 3261 3963
5508 6 3 2 1 0 3183 3261 3963 1547 1549 1567
5509 6 3 2 1 0 45 812 839 1153 3028 4081
5510 6 3 2 1 0 1153 3028 4081 1154 3029 4082
5511 6 3 2 1 0 1154 3029 4082 1155 3030 4083
5512 6 3 2 1 0 1155 3030 4083 1156 3031 4084
5513 6 3 2 1 0 1156 3031 4084 1157 3032 4085
5514 6 3 2 1 0 1157 3032 4085 1158 3033 4086
5515 6 3 2 1 0 1158 3033 4086 1159 3034 4087
5516 6 3 2 1 0 1159 3034 4087 1160 3035 4088
5517 6 3 2 1 0 1160 3035 4088 1161 3036 4089
5518 6 3 2 1 0 1161 3036 4089 1162 3037 4090
5519 6 3 2 1 0 1162 3037 4090 1163 3038 4091
5520 6 3 2 1 0 1163 3038 4091 1164 3039 4092
5521 6 3 2 1 0 1164 3039 4092 1165 3040 4093
5522 6 3 2 1 0 1165 3040 4093 1166 3041 4094
5523 6 3 2 1 0 1166 3041 4094 1167 3042 4095
5524 6 3 2 1 0 1167 3042 4095 1168 3043 4096
5525 6 3 2 1 0 1168 3043 4096 1169 3044 4097
5526 6 3 2 1 0 1169 3044 4097 1170 3045 4098
5527 6 3 2 1 0 1170 3045 4098 1171 3046 4099
5528 6 3 2 1 0 1171 3046 4099 1172 3047 4100
5529 6 3 2 1 0 1172 3047 4100 1173 3048 4101
5530 6 3 2 1 0 1173 3048 4101 1174 3049 4102
5531 6 3 2 1 0 1174 3049 4102 1175 3050 4103
5532 6 3 2 1 0 1175 3050 4103 1176 3051 4104
5533 6 3 2 1 0 1176 3051 4104 1177 3052 4105
5534 6 3 2 1 0 1177 3052 4105 1178 3053 4106
5535 6 3 2 1 0 1178 3053 4106 1179 3054 4107
5536 6 3 2 1 0 1179 3054 4107 1180 3055 4108
5537 6 3 2 1 0 1180 3055 4108 1181 3056 4109
5538 6 3 2 1 0 1181 3056 4109 1182 3057 4110
5539 6 3 2 1 0 1182 3057 4110 1183 3058 4111
5540 6 3 2 1 0 1183 3058 4111 1184 3059 4112
5541 6 3 2 1 0 1184 3059 4112 1185 3060 4113
5542 6 3 2 1 0 1185 3060 4113 1186 3061 4114
5543 6 3 2 1 0 1186 3061 4114 1187 3062 4115
5544 6 3 2 1 0 1187 3062 4115 1188 3063 4116
5545 6 3 2 1 0 1188 3063 4116 1189 3064 4117
5546 6 3 2 1 0 1189 3064 4117 1190 3065 4118
5547 6 3 2 1 0 1190 3065 4118 1191 3066 4119
5548 6 3 2 1 0 1191 3066 4119 63 1544 1571
5549 6 3 2 1 0 837 836 840 4003 3964 4120
5550 6 3 2 1 0 4003 3964 4120 4004 3965 4121
5551 6 3 2 1 0 4004 3965 4121 4005 3966 4122
5552 6 3 2 1 0 4005 3966 4122 4006 3967 4123
5553 6 3 2 1 0 4006 3967 4123 4007 3968 4124
5554 6 3 2 1 0 4007 3968 4124 4008 3969 4125
5555 6 3 2 1 0 4008 3969 4125 4009 3970 4126
5556 6 3 2 1 0 4009 3970 4126 4010 3971 4127
5557 6 3 2 1 0 4010 3971 4127 4011 3972 4128
5558 6 3 2 1 0 4011 3972 4128 4012 3973 4129
5559 6 3 2 1 0 4012 3973 4129 4013 3974 4130
5560 6 3 2 1 0 4013 3974 4130 4014 3975 4131
5561 6 3 2 1 0 4014 3975 4131 4015 3976 4132
5562 6 3 2 1 0 4015 3976 4132 4016 3977 4133
5563 6 3 2 1 0 4016 3977 4133 4017 3978 4134
5564 6 3 2 1 0 4017 3978 4134 4018 3979 4135
5565 6 3 2 1 0 4018 3979 4135 4019 3980 4136
5566 6 3 2 1 0 4019 3980 4136 4020 3981 4137
5567 6 3 2 1 0 4020 3981 4137 4021 3982 4138
5568 6 3 2 1 0 4021 3982 4138 4022 3983 4139
5569 6 3 2 1 0 4022 3983 4139 4023 3984 4140
5570 6 3 2 1 0 4023 3984 4140 4024 3985 4141
5571 6 3 2 1 0 4024 3985 4141 4025 3986 4142
5572 6 3 2 1 0 4025 3986 4142 4026 3987 4143
5573 6 3 2 1 0 4026 3987 4143 4027 3988 4144
5574 6 3 2 1 0 4027 3988 4144 4028 3989 4145
5575 6 3 2 1 0 4028 3989 4145 4029 3990 4146
5576 6 3 2 1 0 4029 3990 4146 4030 3991 4147
5577 6 3 2 1 0 4030 3991 4147 4031 3992 4148
5578 6 3 2 1 0 4031 3992 4148 4032 3993 4149
5579 6 3 2 1 0 4032 3993 4149 4033 3994 4150
5580 6 3 2 1 0 4033 3994 4150 4034 3995 4151
5581 6 3 2 1 0 4034 3995 4151 4035 3996 4152
5582 6 3 2 1 0 4035 3996 4152 4036 3997 4153
5583 6 3 2 1 0 4036 3997 4153 4037 3998 4154
5584 6 3 2 1 0 4037 3998 4154 4038 3999 4155
5585 6 3 2 1 0 4038 3999 4155 4039 4000 4156
5586 6 3 2 1 0 4039 4000 4156 4040 4001 4157
5587 6 3 2 1 0 4040 4001 4157 4041 4002 4158
5588 6 3 2 1 0 4041 4002 4158 1569 1568 1572
5589 6 3 2 1 0 44 45 839 1114 1153 4081
5590 6 3 2 1 0 1114 1153 4081 1115 1154 4082
5591 6 3 2 1 0 1115 1154 4082 1116 1155 4083
5592 6 3 2 1 0 1116 1155 4083 1117 1156 4084
5593 6 3 2 1 0 1117 1156 4084 1118 1157 4085
5594 6 3 2 1 0 1118 1157 4085 1119 1158 4086
5595 6 3 2 1 0 1119 1158 4086 1120 1159 4087
5596 6 3 2 1 0 1120 1159 4087 1121 1160 4088
5597 6 3 2 1 0 1121 1160 4088 1122 1161 4089
5598 6 3 2 1 0 1122 1161 4089 1123 1162 4090
5599 6 3 2 1 0 1123 1162 4090 1124 1163 4091
5600 6 3 2 1 0 1124 1163 4091 1125 1164 4092
5601 6 3 2 1 0 1125 1164 4092 1126 1165 4093
5602 6 3 2 1 0 1126 1165 4093 1127 1166 4094
5603 6 3 2 1 0 1127 1166 4094 1128 1167 4095
5604 6 3 2 1 0 1128 1167 4095 1129 1168 4096
5605 6 3 2 1 0 1129 1168 4096 1130 1169 4097
5606 6 3 2 1 0 1130 1169 4097 1131 1170 4098
5607 6 3 2 1 0 1131 1170 4098 1132 1171 4099
5608 6 3 2 1 0 1132 1171 4099 1133 1172 4100
5609 6 3 2 1 0 1133 1172 4100 1134 1173 4101
5610 6 3 2 1 0 1134 1173 4101 1135 1174 4102
5611 6 3 2 1 0 1135 1174 4102 1136 1175 4103
5612 6 3 2 1 0 1136 1175 4103 1137 1176 4104
5613 6 3 2 1 0 1137 1176 4104 1138 1177 4105
5614 6 3 2 1 0 1138 1177 4105 1139 1178 4106
5615 6 3 2 1 0 1139 1178 4106 1140 1179 4107
5616 6 3 2 1 0 1140 1179 4107 1141 1180 4108
5617 6 3 2 1 0 1141 1180 4108 1142 1181 4109
5618 6 3 2 1 0 1142 1181 4109 1143 1182 4110
5619 6 3 2 1 0 1143 1182 4110 1144 1183 4111
5620 6 3 2 1 0 1144 1183 4111 1145 1184 4112
5621 6 3 2 1 0 1145 1184 4112 1146 1185 4113
5622 6 3 2 1 0 1146 1185 4113 1147 1186 4114
5623 6 3 2 1 0 1147 1186 4114 1148 1187 4115
5624 6 3 2 1 0 1148 1187 4115 1149 1188 4116
5625 6 3 2 1 0 1149 1188 4116 1150 1189 4117
5626 6 3 2 1 0 1150 1189 4117 1151 1190 4118
5627 6 3 2 1 0 1151 1190 4118 1152 1191 4119
5628 6 3 2 1 0 1152 1191 4119 62 63 1571
5629 6 3 2 1 0 839 836 44 4081 3964 1114
5630 6 3 2 1 0 4081 3964 1114 4082 3965 1115
5631 6 3 2 1 0 4082 3965 1115 4083 3966 1116
5632 6 3 2 1 0 4083 3966 1116 4084 3967 1117
5633 6 3 2 1 0 4084 3967 1117 4085 3968 1118
5634 6 3 2 1 0 4085 3968 1118 4086 3969 1119
5635 6 3 2 1 0 4086 3969 1119 4087 3970 1120
5636 6 3 2 1 0 4087 3970 1120 4088 3971 1121
5637 6 3 2 1 0 4088 3971 1121 4089 3972 1122
5638 6 3 2 1 0 4089 3972 1122 4090 3973 1123
5639 6 3 2 1 0 4090 3973 1123 4091 3974 1124
5640 6 3 2 1 0 4091 3974 1124 4092 3975 1125
5641 6 3 2 1 0 4092 3975 1125 4093 3976 1126
5642 6 3 2 1 0 4093 3976 1126 4094 3977 1127
5643 6 3 2 1 0 4094 3977 1127 4095 3978 1128
5644 6 3 2 1 0 4095 3978 1128 4096 3979 1129
5645 6 3 2 1 0 4096 3979 1129 4097 3980 1130
5646 6 3 2 1 0 4097 3980 1130 4098 3981 1131
5647 6 3 2 1 0 4098 3981 1131 4099 3982 1132
5648 6 3 2 1 0 4099 3982 1132 4100 3983 1133
5649 6 3 2 1 0 4100 3983 1133 4101 3984 1134
5650 6 3 2 1 0 4101 3984 1134 4102 3985 1135
5651 6 3 2 1 0 4102 3985 1135 4103 3986 1136
5652 6 3 2 1 0 4103 3986 1136 4104 3987 1137
5653 6 3 2 1 0 4104 3987 1137 4105 3988 1138
5654 6 3 2 1 0 4105 3988 1138 4106 3989 1139
5655 6 3 2 1 0 4106 3989 1139 4107 3990 1140
5656 6 3 2 1 0 4107 3990 1140 4108 3991 1141
5657 6 3 2 1 0 4108 3991 1141 4109 3992 1142
5658 6 3 2 1 0 4109 3992 1142 4110 3993 1143
5659 6 3 2 1 0 4110 3993 1143 4111 3994 1144
5660 6 3 2 1 0 4111 3994 1144 4112 3995 1145
5661 6 3 2 1 0 4112 3995 1145 4113 3996 1146
5662 6 3 2 1 0 4113 3996 1146 4114 3997 1147
5663 6 3 2 1 0 4114 3997 1147 4115 3998 1148
5664 6 3 2 1 0 4115 3998 1148 4116 3999 1149
5665 6 3 2 1 0 4116 3999 1149 4117 4000 1150
5666 6 3 2 1 0 4117 4000 1150 4118 4001 1151
5667 6 3 2 1 0 4118 4001 1151 4119 4002 1152
5668 6 3 2 1 0 4119 4002 1152 1571 1568 62
5669 6 3 2 1 0 840 832 811 4120 3808 2989
5670 6 3 2 1 0 4120 3808 2989 4121 3809 2990
5671 6 3 2 1 0 4121 3809 2990 4122 3810 2991
5672 6 3 2 1 0 4122 3810 2991 4123 3811 2992
5673 6 3 2 1 0 4123 3811 2992 4124 3812 2993
5674 6 3 2 1 0 4124 3812 2993 4125 3813 2994
5675 6 3 2 1 0 4125 3813 2994 4126 3814 2995
5676 6 3 2 1 0 4126 3814 2995 4127 3815 2996
5677 6 3 2 1 0 4127 3815 2996 4128 3816 2997
5678 6 3 2 1 0 4128 3816 2997 4129 3817 2998
5679 6 3 2 1 0 4129 3817 2998 4130 3818 2999
5680 6 3 2 1 0 4130 3818 2999 4131 3819 3000
5681 6 3 2 1 0 4131 3819 3000 4132 3820 3001
5682 6 3 2 1 0 4132 3820 3001 4133 3821 3002
5683 6 3 2 1 0 4133 3821 3002 4134 3822 3003
5684 6 3 2 1 0 4134 3822 3003 4135 3823 3004
5685 6 3 2 1 0 4135 3823 3004 4136 3824 3005
5686 6 3 2 1 0 4136 3824 3005 4137 3825 3006
5687 6 3 2 1 0 4137 3825 3006 4138 3826 3007
5688 6 3 2 1 0 4138 3826 3007 4139 3827 3008
5689 6 3 2 1 0 4139 3827 3008 4140 3828 3009
5690 6 3 2 1 0 4140 3828 3009 4141 3829 3010
5691 6 3 2 1 0 4141 3829 3010 4142 3830 3011
5692 6 3 2 1 0 4142 3830 3011 4143 3831 3012
5693 6 3 2 1 0 4143 3831 3012 4144 3832 3013
5694 6 3 2 1 0 4144 3832 3013 4145 3833 3014
5695 6 3 2 1 0 4145 3833 3014 4146 3834 3015
5696 6 3 2 1 0 4146 3834 3015 4147 3835 3016
5697 6 3 2 1 0 4147 3835 3016 4148 3836 3017
5698 6 3 2 1 0 4148 3836 3017 4149 3837 3018
5699 6 3 2 1 0 4149 3837 3018 4150 3838 3019
5700 6 3 2 1 0 4150 3838 3019 4151 3839 3020
5701 6 3 2 1 0 4151 3839 3020 4152 3840 3021
5702 6 3 2 1 0 4152 3840 3021 4153 3841 3022
5703 6 3 2 1 0 4153 3841 3022 4154 3842 3023
5704 6 3 2 1 0 4154 3842 3023 4155 3843 3024
5705 6 3 2 1 0 4155 3843 3024 4156 3844 3025
5706 6 3 2 1 0 4156 3844 3025 4157 3845 3026
5707 6 3 2 1 0 4157 3845 3026 4158 3846 3027
5708 6 3 2 1 0 4158 3846 3027 1572 1564 1543
5709 6 3 2 1 0 811 818 838 2989 3262 4042
5710 6 3 2 1 0 2989 3262 4042 2990 3263 4043
5711 6 3 2 1 0 2990 3263 4043 2991 3264 4044
5712 6 3 2 1 0 2991 3264 4044 2992 3265 4045
5713 6 3 2 1 0 2992 3265 4045 2993 3266 4046
5714 6 3 2 1 0 2993 3266 4046 2994 3267 4047
5715 6 3 2 1 0 2994 3267 4047 2995 3268 4048
5716 6 3 2 1 0 2995 3268 4048 2996 3269 4049
5717 6 3 2 1 0 2996 3269 4049 2997 3270 4050
5718 6 3 2 1 0 2997 3270 4050 2998 3271 4051
5719 6 3 2 1 0 2998 3271 4051 2999 3272 4052
5720 6 3 2 1 0 2999 3272 4052 3000 3273 4053
5721 6 3 2 1 0 3000 3273 4053 3001 3274 4054
5722 6 3 2 1 0 3001 3274 4054 3002 3275 4055
5723 6 3 2 1 0 3002 3275 4055 3003 3276 4056
5724 6 3 2 1 0 3003 3276 4056 3004 3277 4057
5725 6 3 2 1 0 3004 3277 4057 3005 3278 4058
5726 6 3 2 1 0 3005 3278 4058 3006 3279 4059
5727 6 3 2 1 0 3006 3279 4059 3007 3280 4060
5728 6 3 2 1 0 3007 3280 4060 3008 3281 4061
5729 6 3 2 1 0 3008 3281 4061 3009 3282 4062
5730 6 3 2 1 0 3009 3282 4062 3010 3283 4063
5731 6 3 2 1 0 3010 3283 4063 3011 3284 4064
5732 6 3 2 1 0 3011 3284 4064 3012 3285 4065
5733 6 3 2 1 0 3012 3285 4065 3013 3286 4066
5734 6 3 2 1 0 3013 3286 4066 3014 3287 4067
5735 6 3 2 1 0 3014 3287 4067 3015 3288 4068
5736 6 3 2 1 0 3015 3288 4068 3016 3289 4069
5737 6 3 2 1 0 3016 3289 4069 3017 3290 4070
5738 6 3 2 1 0 3017 3290 4070 3018 3291 4071
5739 6 3 2 1 0 3018 3291 4071 3019 3292 4072
5740 6 3 2 1 0 3019 3292 4072 3020 3293 4073
5741 6 3 2 1 0 3020 3293 4073 3021 3294 4074
5742 6 3 2 1 0 3021 3294 4074 3022 3295 4075
5743 6 3 2 1 0 3022 3295 4075 3023 3296 4076
5744 6 3 2 1 0 3023 3296 4076 3024 3297 4077
5745 6 3 2 1 0 3024 3297 4077 3025 3298 4078
5746 6 3 2 1 0 3025 3298 4078 3026 3299 4079
5747 6 3 2 1 0 3026 3299 4079 3027 3300 4080
5748 6 3 2 1 0 3027 3300 4080 1543 1550 1570
5749 6 3 2 1 0 811 838 840 2989 4042 4120
5750 6 3 2 1 0 2989 4042 4120 2990 4043 4121
5751 6 3 2 1 0 2990 4043 4121 2991 4044 4122
5752 6 3 2 1 0 2991 4044 4122 2992 4045 4123
5753 6 3 2 1 0 2992 4045 4123 2993 4046 4124
5754 6 3 2 1 0 2993 4046 4124 2994 4047 4125
5755 6 3 2 1 0 2994 4047 4125 2995 4048 4126
5756 6 3 2 1 0 2995 4048 4126 2996 4049 4127
5757 6 3 2 1 0 2996 4049 4127 2997 4050 4128
5758 6 3 2 1 0 2997 4050 4128 2998 4051 4129
5759 6 3 2 1 0 2998 4051 4129 2999 4052 4130
5760 6 3 2 1 0 2999 4052 4130 3000 4053 4131
5761 6 3 2 1 0 3000 4053 4131 3001 4054 4132
5762 6 3 2 1 0 3001 4054 4132 3002 4055 4133
5763 6 3 2 1 0 3002 4055 4133 3003 4056 4134
5764 6 3 2 1 0 3003 4056 4134 3004 4057 4135
5765 6 3 2 1 0 3004 4057 4135 3005 4058 4136
5766 6 3 2 1 0 3005 4058 4136 3006 4059 4137
5767 6 3 2 1 0 3006 4059 4137 3007 4060 4138
5768 6 3 2 1 0 3007 4060 4138 3008 4061 4139
5769 6 3 2 1 0 3008 4061 4139 3009 4062 4140
5770 6 3 2 1 0 3009 4062 4140 3010 4063 4141
5771 6 3 2 1 0 3010 4063 4141 3011 4064 4142
5772 6 3 2 1 0 3011 4064 4142 3012 4065 4143
5773 6 3 2 1 0 3012 4065 4143 3013 4066 4144
5774 6 3 2 1 0 3013 4066 4144 3014 4067 4145
5775 6 3 2 1 0 3014 4067 4145 3015 4068 4146
5776 6 3 2 1 0 3015 4068 4146 3016 4069 4147
5777 6 3 2 1 0 3016 4069 4147 3017 4070 4148
5778 6 3 2 1 0 3017 4070 4148 3018 4071 4149
5779 6 3 2 1 0 3018 4071 4149 3019 4072 4150
5780 6 3 2 1 0 3019 4072 4150 3020 4073 4151
5781 6 3 2 1 0 3020 4073 4151 3021 4074 4152
5782 6 3 2 1 0 3021 4074 4152 3022 4075 4153
5783 6 3 2 1 0 3022 4075 4153 3023 4076 4154
5784 6 3 2 1 0 3023 4076 4154 3024 4077 4155
5785 6 3 2 1 0 3024 4077 4155 3025 4078 4156
5786 6 3 2 1 0 3025 4078 4156 3026 4079 4157
5787 6 3 2 1 0 3026 4079 4157 3027 4080 4158
5788 6 3 2 1 0 3027 4080 4158 1543 1570 1572
5789 6 3 2 1 0 838 818 816 4042 3262 3184
5790 6 3 2 1 0 4042 3262 3184 4043 3263 3185
5791 6 3 2 1 0 4043 3263 3185 4044 3264 3186
5792 6 3 2 1 0 4044 3264 3186 4045 3265 3187
5793 6 3 2 1 0 4045 3265 3187 4046 3266 3188
5794 6 3 2 1 0 4046 3266 3188 4047 3267 3189
5795 6 3 2 1 0 4047 3267 3189 4048 3268 3190
5796 6 3 2 1 0 4048 3268 3190 4049 3269 3191
5797 6 3 2 1 0 4049 3269 3191 4050 3270 3192
5798 6 3 2 1 0 4050 3270 3192 4051 3271 3193
5799 6 3 2 1 0 4051 3271 3193 4052 3272 3194
5800 6 3 2 1 0 4052 3272 3194 4053 3273 3195
5801 6 3 2 1 0 4053 3273 3195 4054 3274 3196
5802 6 3 2 1 0 4054 3274 3196 4055 3275 3197
5803 6 3 2 1 0 4055 3275 3197 4056 3276 3198
5804 6 3 2 1 0 4056 3276 3198 4057 3277 3199
5805 6 3 2 1 0 4057 3277 3199 4058 3278 3200
5806 6 3 2 1 0 4058 3278 3200 4059 3279 3201
5807 6 3 2 1 0 4059 3279 3201 4060 3280 3202
5808 6 3 2 1 0 4060 3280 3202 4061 3281 3203
5809 6 3 2 1 0 4061 3281 3203 4062 3282 3204
5810 6 3 2 1 0 4062 3282 3204 4063 3283 3205
5811 6 3 2 1 0 4063 3283 3205 4064 3284 3206
5812 6 3 2 1 0 4064 3284 3206 4065 3285 3207
5813 6 3 2 1 0 4065 3285 3207 4066 3286 3208
5814 6 3 2 1 0 4066 3286 3208 4067 3287 3209
5815 6 3 2 1 0 4067 3287 3209 4068 3288 3210
5816 6 3 2 1 0 4068 3288 3210 4069 3289 3211
5817 6 3 2 1 0 4069 3289 3211 4070 3290 3212
5818 6 3 2 1 0 4070 3290 3212 4071 3291 3213
5819 6 3 2 1 0 4071 3291 3213 4072 3292 3214
5820 6 3 2 1 0 4072 3292 3214 4073 3293 3215
5821 6 3 2 1 0 4073 3293 3215 4074 3294 3216
5822 6 3 2 1 0 4074 3294 3216 4075 3295 3217
5823 6 3 2 1 0 4075 3295 3217 4076 3296 3218
5824 6 3 2 1 0 4076 3296 3218 4077 3297 3219
5825 6 3 2 1 0 4077 3297 3219 4078 3298 3220
5826 6 3 2 1 0 4078 3298 3220 4079 3299 3221
5827 6 3 2 1 0 4079 3299 3221 4080 3300 3222
5828 6 3 2 1 0 4080 3300 3222 1570 1550 1548
5829 6 3 2 1 0 838 837 840 4042 4003 4120
5830 6 3 2 1 0 4042 4003 4120 4043 4004 4121
5831 6 3 2 1 0 4043 4004 4121 4044 4005 4122
5832 6 3 2 1 0 4044 4005 4122 4045 4006 4123
5833 6 3 2 1 0 4045 4006 4123 4046 4007 4124
5834 6 3 2 1 0 4046 4007 4124 4047 4008 4125
5835 6 3 2 1 0 4047 4008 4125 4048 4009 4126
5836 6 3 2 1 0 4048 4009 4126 4049 4010 4127
5837 6 3 2 1 0 4049 4010 4127 4050 4011 4128
5838 6 3 2 1 0 4050 4011 4128 4051 4012 4129
5839 6 3 2 1 0 4051 4012 4129 4052 4013 4130
5840 6 3 2 1 0 4052 4013 4130 4053 4014 4131
5841 6 3 2 1 0 4053 4014 4131 4054 4015 4132
5842 6 3 2 1 0 4054 4015 4132 4055 4016 4133
5843 6 3 2 1 0 4055 4016 4133 4056 4017 4134
5844 6 3 2 1 0 4056 4017 4134 4057 4018 4135
5845 6 3 2 1 0 4057 4018 4135 4058 4019 4136
5846 6 3 2 1 0 4058 4019 4136 4059 4020 4137
5847 6 3 2 1 0 4059 4020 4137 4060 4021 4138
5848 6 3 2 1 0 4060 4021 4138 4061 4022 4139
5849 6 3 2 1 0 4061 4022 4139 4062 4023 4140
5850 6 3 2 1 0 4062 4023 4140 4063 4024 4141
5851 6 3 2 1 0 4063 4024 4141 4064 4025 4142
5852 6 3 2 1 0 4064 4025 4142 4065 4026 4143
5853 6 3 2 1 0 4065 4026 4143 4066 4027 4144
5854 6 3 2 1 0 4066 4027 4144 4067 4028 4145
5855 6 3 2 1 0 4067 4028 4145 4068 4029 4146
5856 6 3 2 1 0 4068 4029 4146 4069 4030 4147
5857 6 3 2 1 0 4069 4030 4147 4070 4031 4148
5858 6 3 2 1 0 4070 4031 4148 4071 4032 4149
5859 6 3 2 1 0 4071 4032 4149 4072 4033 4150
5860 6 3 2 1 0 4072 4033 4150 4073 4034 4151
5861 6 3 2 1 0 4073 4034 4151 4074 4035 4152
5862 6 3 2 1 0 4074 4035 4152 4075 4036 4153
5863 6 3 2 1 0 4075 4036 4153 4076 4037 4154
5864 6 3 2 1 0 4076 4037 4154 4077 4038 4155
5865 6 3 2 1 0 4077 4038 4155 4078 4039 4156
5866 6 3 2 1 0 4078 4039 4156 4079 4040 4157
5867 6 3 2 1 0 4079 4040 4157 4080 4041 4158
5868 6 3 2 1 0 4080 4041 4158 1570 1569 1572
5869 6 3 2 1 0 832 839 812 3808 4081 3028
5870 6 3 2 1 0 3808 4081 3028 3809 4082 3029
5871 6 3 2 1 0 3809 4082 3029 3810 4083 3030
5872 6 3 2 1 0 3810 4083 3030 3811 4084 3031
5873 6 3 2 1 0 3811 4084 3031 3812 4085 3032
5874 6 3 2 1 0 3812 4085 3032 3813 4086 3033
5875 6 3 2 1 0 3813 4086 3033 3814 4087 3034
5876 6 3 2 1 0 3814 4087 3034 3815 4088 3035
5877 6 3 2 1 0 3815 4088 3035 3816 4089 3036
5878 6 3 2 1 0 3816 4089 3036 3817 4090 3037
5879 6 3 2 1 0 3817 4090 3037 3818 4091 3038
5880 6 3 2 1 0 3818 4091 3038 3819 4092 3039
5881 6 3 2 1 0 3819 4092 3039 3820 4093 3040
5882 6 3 2 1 0 3820 4093 3040 3821 4094 3041
5883 6 3 2 1 0 3821 4094 3041 3822 4095 3042
5884 6 3 2 1 0 3822 4095 3042 3823 4096 3043
5885 6 3 2 1 0 3823 4096 3043 3824 4097 3044
5886 6 3 2 1 0 3824 4097 3044 3825 4098 3045
5887 6 3 2 1 0 3825 4098 3045 3826 4099 3046
5888 6 3 2 1 0 3826 4099 3046 3827 4100 3047
5889 6 3 2 1 0 3827 4100 3047 3828 4101 3048
5890 6 3 2 1 0 3828 4101 3048 3829 4102 3049
5891 6 3 2 1 0 3829 4102 3049 3830 4103 3050
5892 6 3 2 1 0 3830 4103 3050 3831 4104 3051
5893 6 3 2 1 0 3831 4104 3051 3832 4105 3052
5894 6 3 2 1 0 3832 4105 3052 3833 4106 3053
5895 6 3 2 1 0 3833 4106 3053 3834 4107 3054
5896 6 3 2 1 0 3834 4107 3054 3835 4108 3055
5897 6 3 2 1 0 3835 4108 3055 3836 4109 3056
5898 6 3 2 1 0 3836 4109 3056 3837 4110 3057
5899 6 3 2 1 0 3837 4110 3057 3838 4111 3058
5900 6 3 2 1 0 3838 4111 3058 3839 4112 3059
5901 6 3 2 1 0 3839 4112 3059 3840 4113 3060
5902 6 3 2 1 0 3840 4113 3060 3841 4114 3061
5903 6 3 2 1 0 3841 4114 3061 3842 4115 3062
5904 6 3 2 1 0 3842 4115 3062 3843 4116 3063
5905 6 3 2 1 0 3843 4116 3063 3844 4117 3064
5906 6 3 2 1 0 3844 4117 3064 3845 4118 3065
5907 6 3 2 1 0 3845 4118 3065 3846 4119 3066
5908 6 3 2 1 0 3846 4119 3066 1564 1571 1544
5909 6 3 2 1 0 839 832 840 4081 3808 4120
5910 6 3 2 1 0 4081 3808 4120 4082 3809 4121
5911 6 3 2 1 0 4082 3809 4121 4083 3810 4122
5912 6 3 2 1 0 4083 3810 4122 4084 3811 4123
5913 6 3 2 1 0 4084 3811 4123 4085 3812 4124
5914 6 3 2 1 0 4085 3812 4124 4086 3813 4125
5915 6 3 2 1 0 4086 3813 4125 4087 3814 4126
5916 6 3 2 1 0 4087 3814 4126 4088 3815 4127
5917 6 3 2 1 0 4088 3815 4127 4089 3816 4128
5918 6 3 2 1 0 4089 3816 4128 4090 3817 4129
5919 6 3 2 1 0 4090 3817 4129 4091 3818 4130
5920 6 3 2 1 0 4091 3818 4130 4092 3819 4131
5921 6 3 2 1 0 4092 3819 4131 4093 3820 4132
5922 6 3 2 1 0 4093 3820 4132 4094 3821 4133
5923 6 3 2 1 0 4094 3821 4133 4095 3822 4134
5924 6 3 2 1 0 4095 3822 4134 4096 3823 4135
5925 6 3 2 1 0 4096 3823 4135 4097 3824 4136
5926 6 3 2 1 0 4097 3824 4136 4098 3825 4137
5927 6 3 2 1 0 4098 3825 4137 4099 3826 4138
5928 6 3 2 1 0 4099 3826 4138 4100 3827 4139
5929 6 3 2 1 0 4100 3827 4139 4101 3828 4140
5930 6 3 2 1 0 4101 3828 4140 4102 3829 4141
5931 6 3 2 1 0 4102 3829 4141 4103 3830 4142
5932 6 3 2 1 0 4103 3830 4142 4104 3831 4143
5933 6 3 2 1 0 4104 3831 4143 4105 3832 4144
5934 6 3 2 1 0 4105 3832 4144 4106 3833 4145
5935 6 3 2 1 0 4106 3833 4145 4107 3834 4146
5936 6 3 2 1 0 4107 3834 4146 4108 3835 4147
5937 6 3 2 1 0 4108 3835 4147 4109 3836 4148
5938 6 3 2 1 0 4109 3836 4148 4110 3837 4149
5939 6 3 2 1 0 4110 3837 4149 4111 3838 4150
5940 6 3 2 1 0 4111 3838 4150 4112 3839 4151
5941 6 3 2 1 0 4112 3839 4151 4113 3840 4152
5942 6 3 2 1 0 4113 3840 4152 4114 3841 4153
5943 6 3 2 1 0 4114 3841 4153 4115 3842 4154
5944 6 3 2 1 0 4115 3842 4154 4116 3843 4155
5945 6 3 2 1 0 4116 3843 4155 4117 3844 4156
5946 6 3 2 1 0 4117 3844 4156 4118 3845 4157
5947 6 3 2 1 0 4118 3845 4157 4119 3846 4158
5948 6 3 2 1 0 4119 3846 4158 1571 1564 1572
5949 6 3 2 1 0 840 836 839 4120 3964 4081
5950 6 3 2 1 0 4120 3964 4081 4121 3965 4082
5951 6 3 2 1 0 4121 3965 4082 4122 3966 4083
5952 6 3 2 1 0 4122 3966 4083 4123 3967 4084
5953 6 3 2 1 0 4123 3967 4084 4124 3968 4085
5954 6 3 2 1 0 4124 3968 4085 4125 3969 4086
5955 6 3 2 1 0 4125 3969 4086 4126 3970 4087
5956 6 3 2 1 0 4126 3970 4087 4127 3971 4088
5957 6 3 2 1 0 4127 3971 4088 4128 3972 4089
5958 6 3 2 1 0 4128 3972 4089 4129 3973 4090
5959 6 3 2 1 0 4129 3973 4090 4130 3974 4091
5960 6 3 2 1 0 4130 3974 4091 4131 3975 4092
5961 6 3 2 1 0 4131 3975 4092 4132 3976 4093
5962 6 3 2 1 0 4132 3976 4093 4133 3977 4094
5963 6 3 2 1 0 4133 3977 4094 4134 3978 4095
5964 6 3 2 1 0 4134 3978 4095 4135 3979 4096
5965 6 3 2 1 0 4135 3979 4096 4136 3980 4097
5966 6 3 2 1 0 4136 3980 4097 4137 3981 4098
5967 6 3 2 1 0 4137 3981 4098 4138 3982 4099
5968 6 3 2 1 0 4138 3982 4099 4139 3983 4100
5969 6 3 2 1 0 4139 3983 4100 4140 3984 4101
5970 6 3 2 1 0 4140 3984 4101 4141 3985 4102
5971 6 3 2 1 0 4141 3985 4102 4142 3986 4103
5972 6 3 2 1 0 4142 3986 4103 4143 3987 4104
5973 6 3 2 1 0 4143 3987 4104 4144 3988 4105
5974 6 3 2 1 0 4144 3988 4105 4145 3989 4106
5975 6 3 2 1 0 4145 3989 4106 4146 3990 4107
5976 6 3 2 1 0 4146 3990 4107 4147 3991 4108
5977 6 3 2 1 0 4147 3991 4108 4148 3992 4109
5978 6 3 2 1 0 4148 3992 4109 4149 3993 4110
5979 6 3 2 1 0 4149 3993 4110 4150 3994 4111
5980 6 3 2 1 0 4150 3994 4111 4151 3995 4112
5981 6 3 2 1 0 4151 3995 4112 4152 3996 4113
5982 6 3 2 1 0 4152 3996 4113 4153 3997 4114
5983 6 3 2 1 0 4153 3997 4114 4154 3998 4115
5984 6 3 2 1 0 4154 3998 4115 4155 3999 4116
5985 6 3 2 1 0 4155 3999 4116 4156 4000 4117
5986 6 3 2 1 0 4156 4000 4117 4157 4001 4118
5987 6 3 2 1 0 4157 4001 4118 4158 4002 4119
5988 6 3 2 1 0 4158 4002 4119 1572 1568 1571
5989 6 3 2 1 0 54 1 820 1504 73 3340
5990 6 3 2 1 0 1504 73 3340 1505 74 3341
5991 6 3 2 1 0 1505 74 3341 1506 75 3342
5992 6 3 2 1 0 1506 75 3342 1507 76 3343
5993 6 3 2 1 0 1507 76 3343 1508 77 3344
5994 6 3 2 1 0 1508 77 3344 1509 78 3345
5995 6 3 2 1 0 1509 78 3345 1510 79 3346
5996 6 3 2 1 0 1510 79 3346 1511 80 3347
5997 6 3 2 1 0 1511 80 3347 1512 81 3348
5998 6 3 2 1 0 1512 81 3348 1513 82 3349
5999 6 3 2 1 0 1513 82 3349 1514 83 3350
6000 6 3 2 1 0 1514 83 3350 1515 84 3351
6001 6 3 2 1 0 1515 84 3351 1516 85 3352
6002 6 3 2 1 0 1516 85 3352 1517 86 3353
6003 6 3 2 1 0 1517 86 3353 1518 87 3354
6004 6 3 2 1 0 1518 87 3354 1519 88 3355
6005 6 3 2 1 0 1519 88 3355 1520 89 3356
6006 6 3 2 1 0 1520 89 3356 1521 90 3357
6007 6 3 2 1 0 1521 90 3357 1522 91 3358
6008 6 3 2 1 0 1522 91 3358 1523 92 3359
6009 6 3 2 1 0 1523 92 3359 1524 93 3360
6010 6 3 2 1 0 1524 93 3360 1525 94 3361
6011 6 3 2 1 0 1525 94 3361 1526 95 3362
6012 6 3 2 1 0 1526 95 3362 1527 96 3363
6013 6 3 2 1 0 1527 96 3363 1528 97 3364
6014 6 3 2 1 0 1528 97 3364 1529 98 3365
6015 6 3 2 1 0 1529 98 3365 1530 99 3366
6016 6 3 2 1 0 1530 99 3366 1531 100 3367
6017 6 3 2 1 0 1531 100 3367 1532 101 3368
6018 6 3 2 1 0 1532 101 3368 1533 102 3369
6019 6 3 2 1 0 1533 102 3369 1534 103 3370
6020 6 3 2 1 0 1534 103 3370 1535 104 3371
6021 6 3 2 1 0 1535 104 3371 1536 105 3372
6022 6 3 2 1 0 1536 105 3372 1537 106 3373
6023 6 3 2 1 0 1537 106 3373 1538 107 3374
6024 6 3 2 1 0 1538 107 3374 1539 108 3375
6025 6 3 2 1 0 1539 108 3375 1540 109 3376
6026 6 3 2 1 0 1540 109 3376 1541 110 3377
6027 6 3 2 1 0 1541 110 3377 1542 111 3378
6028 6 3 2 1 0 1542 111 3378 72 7 1552
6029 6 3 2 1 0 820 824 54 3340 3496 1504
6030 6 3 2 1 0 3340 3496 1504 3341 3497 1505
6031 6 3 2 1 0 3341 3497 1505 3342 3498 1506
6032 6 3 2 1 0 3342 3498 1506 3343 3499 1507
6033 6 3 2 1 0 3343 3499 1507 3344 3500 1508
6034 6 3 2 1 0 3344 3500 1508 3345 3501 1509
6035 6 3 2 1 0 3345 3501 1509 3346 3502 1510
6036 6 3 2 1 0 3346 3502 1510 3347 3503 1511
6037 6 3 2 1 0 3347 3503 1511 3348 3504 1512
6038 6 3 2 1 0 3348 3504 1512 3349 3505 1513
6039 6 3 2 1 0 3349 3505 1513 3350 3506 1514
6040 6 3 2 1 0 3350 3506 1514 3351 3507 1515
6041 6 3 2 1 0 3351 3507 1515 3352 3508 1516
6042 6 3 2 1 0 3352 3508 1516 3353 3509 1517
6043 6 3 2 1 0 3353 3509 1517 3354 3510 1518
6044 6 3 2 1 0 3354 3510 1518 3355 3511 1519
6045 6 3 2 1 0 3355 3511 1519 3356 3512 1520
6046 6 3 2 1 0 3356 3512 1520 3357 3513 1521
6047 6 3 2 1 0 3357 3513 1521 3358 3514 1522
6048 6 3 2 1 0 3358 3514 1522 3359 3515 1523
6049 6 3 2 1 0 3359 3515 1523 3360 3516 1524
6050 6 3 2 1 0 3360 3516 1524 3361 3517 1525
6051 6 3 2 1 0 3361 3517 1525 3362 3518 1526
6052 6 3 2 1 0 3362 3518 1526 3363 3519 1527
6053 6 3 2 1 0 3363 3519 1527 3364 3520 1528
6054 6 3 2 1 0 3364 3520 1528 3365 3521 1529
6055 6 3 2 1 0 3365 3521 1529 3366 3522 1530
6056 6 3 2 1 0 3366 3522 1530 3367 3523 1531
6057 6 3 2 1 0 3367 3523 1531 3368 3524 1532
6058 6 3 2 1 0 3368 3524 1532 3369 3525 1533
6059 6 3 2 1 0 3369 3525 1533 3370 3526 1534
6060 6 3 2 1 0 3370 3526 1534 3371 3527 1535
6061 6 3 2 1 0 3371 3527 1535 3372 3528 1536
6062 6 3 2 1 0 3372 3528 1536 3373 3529 1537
6063 6 3 2 1 0 3373 3529 1537 3374 3530 1538
6064 6 3 2 1 0 3374 3530 1538 3375 3531 1539
6065 6 3 2 1 0 3375 3531 1539 3376 3532 1540
6066 6 3 2 1 0 3376 3532 1540 3377 3533 1541
6067 6 3 2 1 0 3377 3533 1541 3378 3534 1542
6068 6 3 2 1 0 3378 3534 1542 1552 1556 72
6069 6 3 2 1 0 830 37 38 3730 841 880
6070 6 3 2 1 0 3730 841 880 3731 842 881
6071 6 3 2 1 0 3731 842 881 3732 843 882
6072 6 3 2 1 0 3732 843 882 3733 844 883
6073 6 3 2 1 0 3733 844 883 3734 845 884
6074 6 3 2 1 0 3734 845 884 3735 846 885
6075 6 3 2 1 0 3735 846 885 3736 847 886
6076 6 3 2 1 0 3736 847 886 3737 848 887
6077 6 3 2 1 0 3737 848 887 3738 849 888
6078 6 3 2 1 0 3738 849 888 3739 850 889
6079 6 3 2 1 0 3739 850 889 3740 851 890
6080 6 3 2 1 0 3740 851 890 3741 852 891
6081 6 3 2 1 0 3741 852 891 3742 853 892
6082 6 3 2 1 0 3742 853 892 3743 854 893
6083 6 3 2 1 0 3743 854 893 3744 855 894
6084 6 3 2 1 0 3744 855 894 3745 856 895
6085 6 3 2 1 0 3745 856 895 3746 857 896
6086 6 3 2 1 0 3746 857 896 3747 858 897
6087 6 3 2 1 0 3747 858 897 3748 859 898
6088 6 3 2 1 0 3748 859 898 3749 860 899
6089 6 3 2 1 0 3749 860 899 3750 861 900
6090 6 3 2 1 0 3750 861 900 3751 862 901
6091 6 3 2 1 0 3751 862 901 3752 863 902
6092 6 3 2 1 0 3752 863 902 3753 864 903
6093 6 3 2 1 0 3753 864 903 3754 865 904
6094 6 3 2 1 0 3754 865 904 3755 866 905
6095 6 3 2 1 0 3755 866 905 3756 867 906
6096 6 3 2 1 0 3756 867 906 3757 868 907
6097 6 3 2 1 0 3757 868 907 3758 869 908
6098 6 3 2 1 0 3758 869 908 3759 870 909
6099 6 3 2 1 0 3759 870 909 3760 871 910
6100 6 3 2 1 0 3760 871 910 3761 872 911
6101 6 3 2 1 0 3761 872 911 3762 873 912
6102 6 3 2 1 0 3762 873 912 3763 874 913
6103 6 3 2 1 0 3763 874 913 3764 875 914
6104 6 3 2 1 0 3764 875 914 3765 876 915
6105 6 3 2 1 0 3765 876 915 3766 877 916
6106 6 3 2 1 0 3766 877 916 3767 878 917
6107 6 3 2 1 0 3767 878 917 3768 879 918
6108 6 3 2 1 0 3768 879 918 1562 55 56
6109 6 3 2 1 0 820 37 830 3340 841 3730
6110 6 3 2 1 0 3340 841 3730 3341 842 3731
6111 6 3 2 1 0 3341 842 3731 3342 843 3732
6112 6 3 2 1 0 3342 843 3732 3343 844 3733
6113 6 3 2 1 0 3343 844 3733 3344 845 3734
6114 6 3 2 1 0 3344 845 3734 3345 846 3735
6115 6 3 2 1 0 3345 846 3735 3346 847 3736
6116 6 3 2 1 0 3346 847 3736 3347 848 3737
6117 6 3 2 1 0 3347 848 3737 3348 849 3738
6118 6 3 2 1 0 3348 849 3738 3349 850 3739
6119 6 3 2 1 0 3349 850 3739 3350 851 3740
6120 6 3 2 1 0 3350 851 3740 3351 852 3741
6121 6 3 2 1 0 3351 852 3741 3352 853 3742
6122 6 3 2 1 0 3352 853 3742 3353 854 3743
6123 6 3 2 1 0 3353 854 3743 3354 855 3744
6124 6 3 2 1 0 3354 855 3744 3355 856 3745
6125 6 3 2 1 0 3355 856 3745 3356 857 3746
6126 6 3 2 1 0 3356 857 3746 3357 858 3747
6127 6 3 2 1 0 3357 858 3747 3358 859 3748
6128 6 3 2 1 0 3358 859 3748 3359 860 3749
6129 6 3 2 1 0 3359 860 3749 3360 861 3750
6130 6 3 2 1 0 3360 861 3750 3361 862 3751
6131 6 3 2 1 0 3361 862 3751 3362 863 3752
6132 6 3 2 1 0 3362 863 3752 3363 864 3753
6133 6 3 2 1 0 3363 864 3753 3364 865 3754
6134 6 3 2 1 0 3364 865 3754 3365 866 3755
6135 6 3 2 1 0 3365 866 3755 3366 867 3756
6136 6 3 2 1 0 3366 867 3756 3367 868 3757
6137 6 3 2 1 0 3367 868 3757 3368 869 3758
6138 6 3 2 1 0 3368 869 3758 3369 870 3759
6139 6 3 2 1 0 3369 870 3759 3370 871 3760
6140 6 3 2 1 0 3370 871 3760 3371 872 3761
6141 6 3 2 1 0 3371 872 3761 3372 873 3762
6142 6 3 2 1 0 3372 873 3762 3373 874 3763
6143 6 3 2 1 0 3373 874 3763 3374 875 3764
6144 6 3 2 1 0 3374 875 3764 3375 876 3765
6145 6 3 2 1 0 3375 876 3765 3376 877 3766
6146 6 3 2 1 0 3376 877 3766 3377 878 3767
6147 6 3 2 1 0 3377 878 3767 3378 879 3768
6148 6 3 2 1 0 3378 879 3768 1552 55 1562
6149 6 3 2 1 0 39 2 829 919 112 3691
6150 6 3 2 1 0 919 112 3691 920 113 3692
6151 6 3 2 1 0 920 113 3692 921 114 3693
6152 6 3 2 1 0 921 114 3693 922 115 3694
6153 6 3 2 1 0 922 115 3694 923 116 3695
6154 6 3 2 1 0 923 116 3695 924 117 3696
6155 6 3 2 1 0 924 117 3696 925 118 3697
6156 6 3 2 1 0 925 118 3697 926 119 3698
6157 6 3 2 1 0 926 119 3698 927 120 3699
6158 6 3 2 1 0 927 120 3699 928 121 3700
6159 6 3 2 1 0 928 121 3700 929 122 3701
6160 6 3 2 1 0 929 122 3701 930 123 3702
6161 6 3 2 1 0 930 123 3702 931 124 3703
6162 6 3 2 1 0 931 124 3703 932 125 3704
6163 6 3 2 1 0 932 125 3704 933 126 3705
6164 6 3 2 1 0 933 126 3705 934 127 3706
6165 6 3 2 1 0 934 127 3706 935 128 3707
6166 6 3 2 1 0 935 128 3707 936 129 3708
6167 6 3 2 1 0 936 129 3708 937 130 3709
6168 6 3 2 1 0 937 130 3709 938 131 3710
6169 6 3 2 1 0 938 131 3710 939 132 3711
6170 6 3 2 1 0 939 132 3711 940 133 3712
6171 6 3 2 1 0 940 133 3712 941 134 3713
6172 6 3 2 1 0 941 134 3713 942 135 3714
6173 6 3 2 1 0 942 135 3714 943 136 3715
6174 6 3 2 1 0 943 136 3715 944 137 3716
6175 6 3 2 1 0 944 137 3716 945 138 3717
6176 6 3 2 1 0 945 138 3717 946 139 3718
6177 6 3 2 1 0 946 139 3718 947 140 3719
6178 6 3 2 1 0 947 140 3719 948 141 3720
6179 6 3 2 1 0 948 141 3720 949 142 3721
6180 6 3 2 1 0 949 142 3721 950 143 3722
6181 6 3 2 1 0 950 143 3722 951 144 3723
6182 6 3 2 1 0 951 144 3723 952 145 3724
6183 6 3 2 1 0 952 145 3724 953 146 3725
6184 6 3 2 1 0 953 146 3725 954 147 3726
6185 6 3 2 1 0 954 147 3726 955 148 3727
6186 6 3 2 1 0 955 148 3727 956 149 3728
6187 6 3 2 1 0 956 149 3728 957 150 3729
6188 6 3 2 1 0 957 150 3729 57 8 1561
6189 6 3 2 1 0 829 822 39 3691 3418 919
6190 6 3 2 1 0 3691 3418 919 3692 3419 920
6191 6 3 2 1 0 3692 3419 920 3693 3420 921
6192 6 3 2 1 0 3693 3420 921 3694 3421 922
6193 6 3 2 1 0 3694 3421 922 3695 3422 923
6194 6 3 2 1 0 3695 3422 923 3696 3423 924
6195 6 3 2 1 0 3696 3423 924 3697 3424 925
6196 6 3 2 1 0 3697 3424 925 3698 3425 926
6197 6 3 2 1 0 3698 3425 926 3699 3426 927
6198 6 3 2 1 0 3699 3426 927 3700 3427 928
6199 6 3 2 1 0 3700 3427 928 3701 3428 929
6200 6 3 2 1 0 3701 3428 929 3702 3429 930
6201 6 3 2 1 0 3702 3429 930 3703 3430 931
6202 6 3 2 1 0 3703 3430 931 3704 3431 932
6203 6 3 2 1 0 3704 3431 932 3705 3432 933
6204 6 3 2 1 0 3705 3432 933 3706 3433 934
6205 6 3 2 1 0 3706 3433 934 3707 3434 935
6206 6 3 2 1 0 3707 3434 935 3708 3435 936
6207 6 3 2 1 0 3708 3435 936 3709 3436 937
6208 6 3 2 1 0 3709 3436 937 3710 3437 938
6209 6 3 2 1 0 3710 3437 938 3711 3438 939
6210 6 3 2 1 0 3711 3438 939 3712 3439 940
6211 6 3 2 1 0 3712 3439 940 3713 3440 941
6212 6 3 2 1 0 3713 3440 941 3714 3441 942
6213 6 3 2 1 0 3714 3441 942 3715 3442 943
6214 6 3 2 1 0 3715 3442 943 3716 3443 944
6215 6 3 2 1 0 3716 3443 944 3717 3444 945
6216 6 3 2 1 0 3717 3444 945 3718 3445 946
6217 6 3 2 1 0 3718 3445 946 3719 3446 947
6218 6 3 2 1 0 3719 3446 947 3720 3447 948
6219 6 3 2 1 0 3720 3447 948 3721 3448 949
6220 6 3 2 1 0 3721 3448 949 3722 3449 950
6221 6 3 2 1 0 3722 3449 950 3723 3450 951
6222 6 3 2 1 0 3723 3450 951 3724 3451 952
6223 6 3 2 1 0 3724 3451 952 3725 3452 953
6224 6 3 2 1 0 3725 3452 953 3726 3453 954
6225 6 3 2 1 0 3726 3453 954 3727 3454 955
6226 6 3 2 1 0 3727 3454 955 3728 3455 956
6227 6 3 2 1 0 3728 3455 956 3729 3456 957
6228 6 3 2 1 0 3729 3456 957 1561 1554 57
6229 6 3 3 2 0 1544 10 64 4170 358 1672
6230 6 3 3 2 0 4170 358 1672 4171 359 1673
6231 6 3 3 2 0 4171 359 1673 4172 360 1674
6232 6 3 3 2 0 4172 360 1674 4173 361 1675
6233 6 3 3 2 0 4173 361 1675 4174 362 1676
6234 6 3 3 2 0 4174 362 1676 4175 363 1677
6235 6 3 3 2 0 4175 363 1677 4176 364 1678
6236 6 3 3 2 0 4176 364 1678 4177 365 1679
6237 6 3 3 2 0 4177 365 1679 4178 366 1680
6238 6 3 3 2 0 4178 366 1680 4179 367 1681
6239 6 3 3 2 0 4179 367 1681 4180 368 1682
6240 6 3 3 2 0 4180 368 1682 1772 16 316
6241 6 3 3 2 0 63 10 1544 1661 358 4170
6242 6 3 3 2 0 1661 358 4170 1662 359 4171
6243 6 3 3 2 0 1662 359 4171 1663 360 4172
6244 6 3 3 2 0 1663 360 4172 1664 361 4173
6245 6 3 3 2 0 1664 361 4173 1665 362 4174
6246 6 3 3 2 0 1665 362 4174 1666 363 4175
6247 6 3 3 2 0 1666 363 4175 1667 364 4176
6248 6 3 3 2 0 1667 364 4176 1668 365 4177
6249 6 3 3 2 0 1668 365 4177 1669 366 4178
6250 6 3 3 2 0 1669 366 4178 1670 367 4179
6251 6 3 3 2 0 1670 367 4179 1671 368 4180
6252 6 3 3 2 0 1671 368 4180 315 16 1772
6253 6 3 3 2 0 1545 70 71 4181 1738 1749
6254 6 3 3 2 0 4181 1738 1749 4182 1739 1750
6255 6 3 3 2 0 4182 1739 1750 4183 1740 1751
6256 6 3 3 2 0 4183 1740 1751 4184 1741 1752
6257 6 3 3 2 0 4184 1741 1752 4185 1742 1753
6258 6 3 3 2 0 4185 1742 1753 4186 1743 1754
6259 6 3 3 2 0 4186 1743 1754 4187 1744 1755
6260 6 3 3 2 0 4187 1744 1755 4188 1745 1756
6261 6 3 3 2 0 4188 1745 1756 4189 1746 1757
6262 6 3 3 2 0 4189 1746 1757 4190 1747 1758
6263 6 3 3 2 0 4190 1747 1758 4191 1748 1759
6264 6 3 3 2 0 4191 1748 1759 1773 322 323
6265 6 3 3 2 0 1545 1549 1551 4181 4225 4247
6266 6 3 3 2 0 4181 4225 4247 4182 4226 4248
6267 6 3 3 2 0 4182 4226 4248 4183 4227 4249
6268 6 3 3 2 0 4183 4227 4249 4184 4228 4250
6269 6 3 3 2 0 4184 4228 4250 4185 4229 4251
6270 6 3 3 2 0 4185 4229 4251 4186 4230 4252
6271 6 3 3 2 0 4186 4230 4252 4187 4231 4253
6272 6 3 3 2 0 4187 4231 4253 4188 4232 4254
6273 6 3 3 2 0 4188 4232 4254 4189 4233 4255
6274 6 3 3 2 0 4189 4233 4255 4190 4234 4256
6275 6 3 3 2 0 4190 4234 4256 4191 4235 4257
6276 6 3 3 2 0 4191 4235 4257 1773 1777 1779
6277 6 3 3 2 0 1551 1549 69 4247 4225 1727
6278 6 3 3 2 0 4247 4225 1727 4248 4226 1728
6279 6 3 3 2 0 4248 4226 1728 4249 4227 1729
6280 6 3 3 2 0 4249 4227 1729 4250 4228 1730
6281 6 3 3 2 0 4250 4228 1730 4251 4229 1731
6282 6 3 3 2 0 4251 4229 1731 4252 4230 1732
6283 6 3 3 2 0 4252 4230 1732 4253 4231 1733
6284 6 3 3 2 0 4253 4231 1733 4254 4232 1734
6285 6 3 3 2 0 4254 4232 1734 4255 4233 1735
6286 6 3 3 2 0 4255 4233 1735 4256 4234 1736
6287 6 3 3 2 0 4256 4234 1736 4257 4235 1737
6288 6 3 3 2 0 4257 4235 1737 1779 1777 321
6289 6 3 3 2 0 1551 12 70 4247 380 1738
6290 6 3 3 2 0 4247 380 1738 4248 381 1739
6291 6 3 3 2 0 4248 381 1739 4249 382 1740
6292 6 3 3 2 0 4249 382 1740 4250 383 1741
6293 6 3 3 2 0 4250 383 1741 4251 384 1742
6294 6 3 3 2 0 4251 384 1742 4252 385 1743
6295 6 3 3 2 0 4252 385 1743 4253 386 1744
6296 6 3 3 2 0 4253 386 1744 4254 387 1745
6297 6 3 3 2 0 4254 387 1745 4255 388 1746
6298 6 3 3 2 0 4255 388 1746 4256 389 1747
6299 6 3 3 2 0 4256 389 1747 4257 390 1748
6300 6 3 3 2 0 4257 390 1748 1779 18 322
6301 6 3 3 2 0 70 1545 1551 1738 4181 4247
6302 6 3 3 2 0 1738 4181 4247 1739 4182 4248
6303 6 3 3 2 0 1739 4182 4248 1740 4183 4249
6304 6 3 3 2 0 1740 4183 4249 1741 4184 4250
6305 6 3 3 2 0 1741 4184 4250 1742 4185 4251
6306 6 3 3 2 0 1742 4185 4251 1743 4186 4252
6307 6 3 3 2 0 1743 4186 4252 1744 4187 4253
6308 6 3 3 2 0 1744 4187 4253 1745 4188 4254
6309 6 3 3 2 0 1745 4188 4254 1746 4189 4255
6310 6 3 3 2 0 1746 4189 4255 1747 4190 4256
6311 6 3 3 2 0 1747 4190 4256 1748 4191 4257
6312 6 3 3 2 0 1748 4191 4257 322 1773 1779
6313 6 3 3 2 0 69 12 1551 1727 380 4247
6314 6 3 3 2 0 1727 380 4247 1728 381 4248
6315 6 3 3 2 0 1728 381 4248 1729 382 4249
6316 6 3 3 2 0 1729 382 4249 1730 383 4250
6317 6 3 3 2 0 1730 383 4250 1731 384 4251
6318 6 3 3 2 0 1731 384 4251 1732 385 4252
6319 6 3 3 2 0 1732 385 4252 1733 386 4253
6320 6 3 3 2 0 1733 386 4253 1734 387 4254
6321 6 3 3 2 0 1734 387 4254 1735 388 4255
6322 6 3 3 2 0 1735 388 4255 1736 389 4256
6323 6 3 3 2 0 1736 389 4256 1737 390 4257
6324 6 3 3 2 0 1737 390 4257 321 18 1779
6325 6 3 3 2 0 1556 1546 1545 4302 4192 4181
6326 6 3 3 2 0 4302 4192 4181 4303 4193 4182
6327 6 3 3 2 0 4303 4193 4182 4304 4194 4183
6328 6 3 3 2 0 4304 4194 4183 4305 4195 4184
6329 6 3 3 2 0 4305 4195 4184 4306 4196 4185
6330 6 3 3 2 0 4306 4196 4185 4307 4197 4186
6331 6 3 3 2 0 4307 4197 4186 4308 4198 4187
6332 6 3 3 2 0 4308 4198 4187 4309 4199 4188
6333 6 3 3 2 0 4309 4199 4188 4310 4200 4189
6334 6 3 3 2 0 4310 4200 4189 4311 4201 4190
6335 6 3 3 2 0 4311 4201 4190 4312 4202 4191
6336 6 3 3 2 0 4312 4202 4191 1784 1774 1773
6337 6 3 3 2 0 1557 67 68 4313 1705 1716
6338 6 3 3 2 0 4313 1705 1716 4314 1706 1717
6339 6 3 3 2 0 4314 1706 1717 4315 1707 1718
6340 6 3 3 2 0 4315 1707 1718 4316 1708 1719
6341 6 3 3 2 0 4316 1708 1719 4317 1709 1720
6342 6 3 3 2 0 4317 1709 1720 4318 1710 1721
6343 6 3 3 2 0 4318 1710 1721 4319 1711 1722
6344 6 3 3 2 0 4319 1711 1722 4320 1712 1723
6345 6 3 3 2 0 4320 1712 1723 4321 1713 1724
6346 6 3 3 2 0 4321 1713 1724 4322 1714 1725
6347 6 3 3 2 0 4322 1714 1725 4323 1715 1726
6348 6 3 3 2 0 4323 1715 1726 1785 319 320
6349 6 3 3 2 0 1552 7 55 4258 325 1573
6350 6 3 3 2 0 4258 325 1573 4259 326 1574
6351 6 3 3 2 0 4259 326 1574 4260 327 1575
6352 6 3 3 2 0 4260 327 1575 4261 328 1576
6353 6 3 3 2 0 4261 328 1576 4262 329 1577
6354 6 3 3 2 0 4262 329 1577 4263 330 1578
6355 6 3 3 2 0 4263 330 1578 4264 331 1579
6356 6 3 3 2 0 4264 331 1579 4265 332 1580
6357 6 3 3 2 0 4265 332 1580 4266 333 1581
6358 6 3 3 2 0 4266 333 1581 4267 334 1582
6359 6 3 3 2 0 4267 334 1582 4268 335 1583
6360 6 3 3 2 0 4268 335 1583 1780 13 307
6361 6 3 3 2 0 1553 1550 1546 4269 4236 4192
6362 6 3 3 2 0 4269 4236 4192 4270 4237 4193
6363 6 3 3 2 0 4270 4237 4193 4271 4238 4194
6364 6 3 3 2 0 4271 4238 4194 4272 4239 4195
6365 6 3 3 2 0 4272 4239 4195 4273 4240 4196
6366 6 3 3 2 0 4273 4240 4196 4274 4241 4197
6367 6 3 3 2 0 4274 4241 4197 4275 4242 4198
6368 6 3 3 2 0 4275 4242 4198 4276 4243 4199
6369 6 3 3 2 0 4276 4243 4199 4277 4244 4200
6370 6 3 3 2 0 4277 4244 4200 4278 4245 4201
6371 6 3 3 2 0 4278 4245 4201 4279 4246 4202
6372 6 3 3 2 0 4279 4246 4202 1781 1778 1774
6373 6 3 3 2 0 1548 1550 1553 4214 4236 4269
6374 6 3 3 2 0 4214 4236 4269 4215 4237 4270
6375 6 3 3 2 0 4215 4237 4270 4216 4238 4271
6376 6 3 3 2 0 4216 4238 4271 4217 4239 4272
6377 6 3 3 2 0 4217 4239 4272 4218 4240 4273
6378 6 3 3 2 0 4218 4240 4273 4219 4241 4274
6379 6 3 3 2 0 4219 4241 4274 4220 4242 4275
6380 6 3 3 2 0 4220 4242 4275 4221 4243 4276
6381 6 3 3 2 0 4221 4243 4276 4222 4244 4277
6382 6 3 3 2 0 4222 4244 4277 4223 4245 4278
6383 6 3 3 2 0 4223 4245 4278 4224 4246 4279
6384 6 3 3 2 0 4224 4246 4279 1776 1778 1781
6385 6 3 3 2 0 56 57 1554 1584 1595 4280
6386 6 3 3 2 0 1584 1595 4280 1585 1596 4281
6387 6 3 3 2 0 1585 1596 4281 1586 1597 4282
6388 6 3 3 2 0 1586 1597 4282 1587 1598 4283
6389 6 3 3 2 0 1587 1598 4283 1588 1599 4284
6390 6 3 3 2 0 1588 1599 4284 1589 1600 4285
6391 6 3 3 2 0 1589 1600 4285 1590 1601 4286
6392 6 3 3 2 0 1590 1601 4286 1591 1602 4287
6393 6 3 3 2 0 1591 1602 4287 1592 1603 4288
6394 6 3 3 2 0 1592 1603 4288 1593 1604 4289
6395 6 3 3 2 0 1593 1604 4289 1594 1605 4290
6396 6 3 3 2 0 1594 1605 4290 308 309 1782
6397 6 3 3 2 0 1556 1545 71 4302 4181 1749
6398 6 3 3 2 0 4302 4181 1749 4303 4182 1750
6399 6 3 3 2 0 4303 4182 1750 4304 4183 1751
6400 6 3 3 2 0 4304 4183 1751 4305 4184 1752
6401 6 3 3 2 0 4305 4184 1752 4306 4185 1753
6402 6 3 3 2 0 4306 4185 1753 4307 4186 1754
6403 6 3 3 2 0 4307 4186 1754 4308 4187 1755
6404 6 3 3 2 0 4308 4187 1755 4309 4188 1756
6405 6 3 3 2 0 4309 4188 1756 4310 4189 1757
6406 6 3 3 2 0 4310 4189 1757 4311 4190 1758
6407 6 3 3 2 0 4311 4190 1758 4312 4191 1759
6408 6 3 3 2 0 4312 4191 1759 1784 1773 323
6409 6 3 3 2 0 71 72 1556 1749 1760 4302
6410 6 3 3 2 0 1749 1760 4302 1750 1761 4303
6411 6 3 3 2 0 1750 1761 4303 1751 1762 4304
6412 6 3 3 2 0 1751 1762 4304 1752 1763 4305
6413 6 3 3 2 0 1752 1763 4305 1753 1764 4306
6414 6 3 3 2 0 1753 1764 4306 1754 1765 4307
6415 6 3 3 2 0 1754 1765 4307 1755 1766 4308
6416 6 3 3 2 0 1755 1766 4308 1756 1767 4309
6417 6 3 3 2 0 1756 1767 4309 1757 1768 4310
6418 6 3 3 2 0 1757 1768 4310 1758 1769 4311
6419 6 3 3 2 0 1758 1769 4311 1759 1770 4312
6420 6 3 3 2 0 1759 1770 4312 323 324 1784
6421 6 3 3 2 0 1559 65 66 4335 1683 1694
6422 6 3 3 2 0 4335 1683 1694 4336 1684 1695
6423 6 3 3 2 0 4336 1684 1695 4337 1685 1696
6424 6 3 3 2 0 4337 1685 1696 4338 1686 1697
6425 6 3 3 2 0 4338 1686 1697 4339 1687 1698
6426 6 3 3 2 0 4339 1687 1698 4340 1688 1699
6427 6 3 3 2 0 4340 1688 1699 4341 1689 1700
6428 6 3 3 2 0 4341 1689 1700 4342 1690 1701
6429 6 3 3 2 0 4342 1690 1701 4343 1691 1702
6430 6 3 3 2 0 4343 1691 1702 4344 1692 1703
6431 6 3 3 2 0 4344 1692 1703 4345 1693 1704
6432 6 3 3 2 0 4345 1693 1704 1787 317 318
6433 6 3 3 2 0 64 65 1560 1672 1683 4346
6434 6 3 3 2 0 1672 1683 4346 1673 1684 4347
6435 6 3 3 2 0 1673 1684 4347 1674 1685 4348
6436 6 3 3 2 0 1674 1685 4348 1675 1686 4349
6437 6 3 3 2 0 1675 1686 4349 1676 1687 4350
6438 6 3 3 2 0 1676 1687 4350 1677 1688 4351
6439 6 3 3 2 0 1677 1688 4351 1678 1689 4352
6440 6 3 3 2 0 1678 1689 4352 1679 1690 4353
6441 6 3 3 2 0 1679 1690 4353 1680 1691 4354
6442 6 3 3 2 0 1680 1691 4354 1681 1692 4355
6443 6 3 3 2 0 1681 1692 4355 1682 1693 4356
6444 6 3 3 2 0 1682 1693 4356 316 317 1788
6445 6 3 3 2 0 60 9 1563 1628 347 4379
6446 6 3 3 2 0 1628 347 4379 1629 348 4380
6447 6 3 3 2 0 1629 348 4380 1630 349 4381
6448 6 3 3 2 0 1630 349 4381 1631 350 4382
6449 6 3 3 2 0 1631 350 4382 1632 351 4383
6450 6 3 3 2 0 1632 351 4383 1633 352 4384
6451 6 3 3 2 0 1633 352 4384 1634 353 4385
6452 6 3 3 2 0 1634 353 4385 1635 354 4386
6453 6 3 3 2 0 1635 354 4386 1636 355 4387
6454 6 3 3 2 0 1636 355 4387 1637 356 4388
6455 6 3 3 2 0 1637 356 4388 1638 357 4389
6456 6 3 3 2 0 1638 357 4389 312 15 1791
6457 6 3 3 2 0 1553 1546 1556 4269 4192 4302
6458 6 3 3 2 0 4269 4192 4302 4270 4193 4303
6459 6 3 3 2 0 4270 4193 4303 4271 4194 4304
6460 6 3 3 2 0 4271 4194 4304 4272 4195 4305
6461 6 3 3 2 0 4272 4195 4305 4273 4196 4306
6462 6 3 3 2 0 4273 4196 4306 4274 4197 4307
6463 6 3 3 2 0 4274 4197 4307 4275 4198 4308
6464 6 3 3 2 0 4275 4198 4308 4276 4199 4309
6465 6 3 3 2 0 4276 4199 4309 4277 4200 4310
6466 6 3 3 2 0 4277 4200 4310 4278 4201 4311
6467 6 3 3 2 0 4278 4201 4311 4279 4202 4312
6468 6 3 3 2 0 4279 4202 4312 1781 1774 1784
6469 6 3 3 2 0 1552 1553 1556 4258 4269 4302
6470 6 3 3 2 0 4258 4269 4302 4259 4270 4303
6471 6 3 3 2 0 4259 4270 4303 4260 4271 4304
6472 6 3 3 2 0 4260 4271 4304 4261 4272 4305
6473 6 3 3 2 0 4261 4272 4305 4262 4273 4306
6474 6 3 3 2 0 4262 4273 4306 4263 4274 4307
6475 6 3 3 2 0 4263 4274 4307 4264 4275 4308
6476 6 3 3 2 0 4264 4275 4308 4265 4276 4309
6477 6 3 3 2 0 4265 4276 4309 4266 4277 4310
6478 6 3 3 2 0 4266 4277 4310 4267 4278 4311
6479 6 3 3 2 0 4267 4278 4311 4268 4279 4312
6480 6 3 3 2 0 4268 4279 4312 1780 1781 1784
6481 6 3 3 2 0 1548 1554 1555 4214 4280 4291
6482 6 3 3 2 0 4214 4280 4291 4215 4281 4292
6483 6 3 3 2 0 4215 4281 4292 4216 4282 4293
6484 6 3 3 2 0 4216 4282 4293 4217 4283 4294
6485 6 3 3 2 0 4217 4283 4294 4218 4284 4295
6486 6 3 3 2 0 4218 4284 4295 4219 4285 4296
6487 6 3 3 2 0 4219 4285 4296 4220 4286 4297
6488 6 3 3 2 0 4220 4286 4297 4221 4287 4298
6489 6 3 3 2 0 4221 4287 4298 4222 4288 4299
6490 6 3 3 2 0 4222 4288 4299 4223 4289 4300
6491 6 3 3 2 0 4223 4289 4300 4224 4290 4301
6492 6 3 3 2 0 4224 4290 4301 1776 1782 1783
6493 6 3 3 2 0 68 69 1557 1716 1727 4313
6494 6 3 3 2 0 1716 1727 4313 1717 1728 4314
6495 6 3 3 2 0 1717 1728 4314 1718 1729 4315
6496 6 3 3 2 0 1718 1729 4315 1719 1730 4316
6497 6 3 3 2 0 1719 1730 4316 1720 1731 4317
6498 6 3 3 2 0 1720 1731 4317 1721 1732 4318
6499 6 3 3 2 0 1721 1732 4318 1722 1733 4319
6500 6 3 3 2 0 1722 1733 4319 1723 1734 4320
6501 6 3 3 2 0 1723 1734 4320 1724 1735 4321
6502 6 3 3 2 0 1724 1735 4321 1725 1736 4322
6503 6 3 3 2 0 1725 1736 4322 1726 1737 4323
6504 6 3 3 2 0 1726 1737 4323 320 321 1785
6505 6 3 3 2 0 1557 69 1549 4313 1727 4225
6506 6 3 3 2 0 4313 1727 4225 4314 1728 4226
6507 6 3 3 2 0 4314 1728 4226 4315 1729 4227
6508 6 3 3 2 0 4315 1729 4227 4316 1730 4228
6509 6 3 3 2 0 4316 1730 4228 4317 1731 4229
6510 6 3 3 2 0 4317 1731 4229 4318 1732 4230
6511 6 3 3 2 0 4318 1732 4230 4319 1733 4231
6512 6 3 3 2 0 4319 1733 4231 4320 1734 4232
6513 6 3 3 2 0 4320 1734 4232 4321 1735 4233
6514 6 3 3 2 0 4321 1735 4233 4322 1736 4234
6515 6 3 3 2 0 4322 1736 4234 4323 1737 4235
6516 6 3 3 2 0 4323 1737 4235 1785 321 1777
6517 6 3 3 2 0 1557 1549 1547 4313 4225 4203
6518 6 3 3 2 0 4313 4225 4203 4314 4226 4204
6519 6 3 3 2 0 4314 4226 4204 4315 4227 4205
6520 6 3 3 2 0 4315 4227 4205 4316 4228 4206
6521 6 3 3 2 0 4316 4228 4206 4317 4229 4207
6522 6 3 3 2 0 4317 4229 4207 4318 4230 4208
6523 6 3 3 2 0 4318 4230 4208 4319 4231 4209
6524 6 3 3 2 0 4319 4231 4209 4320 4232 4210
6525 6 3 3 2 0 4320 4232 4210 4321 4233 4211
6526 6 3 3 2 0 4321 4233 4211 4322 4234 4212
6527 6 3 3 2 0 4322 4234 4212 4323 4235 4213
6528 6 3 3 2 0 4323 4235 4213 1785 1777 1775
6529 6 3 3 2 0 1558 1547 1543 4324 4203 4159
6530 6 3 3 2 0 4324 4203 4159 4325 4204 4160
6531 6 3 3 2 0 4325 4204 4160 4326 4205 4161
6532 6 3 3 2 0 4326 4205 4161 4327 4206 4162
6533 6 3 3 2 0 4327 4206 4162 4328 4207 4163
6534 6 3 3 2 0 4328 4207 4163 4329 4208 4164
6535 6 3 3 2 0 4329 4208 4164 4330 4209 4165
6536 6 3 3 2 0 4330 4209 4165 4331 4210 4166
6537 6 3 3 2 0 4331 4210 4166 4332 4211 4167
6538 6 3 3 2 0 4332 4211 4167 4333 4212 4168
6539 6 3 3 2 0 4333 4212 4168 4334 4213 4169
6540 6 3 3 2 0 4334 4213 4169 1786 1775 1771
6541 6 3 3 2 0 1544 64 1560 4170 1672 4346
6542 6 3 3 2 0 4170 1672 4346 4171 1673 4347
6543 6 3 3 2 0 4171 1673 4347 4172 1674 4348
6544 6 3 3 2 0 4172 1674 4348 4173 1675 4349
6545 6 3 3 2 0 4173 1675 4349 4174 1676 4350
6546 6 3 3 2 0 4174 1676 4350 4175 1677 4351
6547 6 3 3 2 0 4175 1677 4351 4176 1678 4352
6548 6 3 3 2 0 4176 1678 4352 4177 1679 4353
6549 6 3 3 2 0 4177 1679 4353 4178 1680 4354
6550 6 3 3 2 0 4178 1680 4354 4179 1681 4355
6551 6 3 3 2 0 4179 1681 4355 4180 1682 4356
6552 6 3 3 2 0 4180 1682 4356 1772 316 1788
6553 6 3 3 2 0 1561 58 59 4357 1606 1617
6554 6 3 3 2 0 4357 1606 1617 4358 1607 1618
6555 6 3 3 2 0 4358 1607 1618 4359 1608 1619
6556 6 3 3 2 0 4359 1608 1619 4360 1609 1620
6557 6 3 3 2 0 4360 1609 1620 4361 1610 1621
6558 6 3 3 2 0 4361 1610 1621 4362 1611 1622
6559 6 3 3 2 0 4362 1611 1622 4363 1612 1623
6560 6 3 3 2 0 4363 1612 1623 4364 1613 1624
6561 6 3 3 2 0 4364 1613 1624 4365 1614 1625
6562 6 3 3 2 0 4365 1614 1625 4366 1615 1626
6563 6 3 3 2 0 4366 1615 1626 4367 1616 1627
6564 6 3 3 2 0 4367 1616 1627 1789 310 311
6565 6 3 3 2 0 1554 1561 1555 4280 4357 4291
6566 6 3 3 2 0 4280 4357 4291 4281 4358 4292
6567 6 3 3 2 0 4281 4358 4292 4282 4359 4293
6568 6 3 3 2 0 4282 4359 4293 4283 4360 4294
6569 6 3 3 2 0 4283 4360 4294 4284 4361 4295
6570 6 3 3 2 0 4284 4361 4295 4285 4362 4296
6571 6 3 3 2 0 4285 4362 4296 4286 4363 4297
6572 6 3 3 2 0 4286 4363 4297 4287 4364 4298
6573 6 3 3 2 0 4287 4364 4298 4288 4365 4299
6574 6 3 3 2 0 4288 4365 4299 4289 4366 4300
6575 6 3 3 2 0 4289 4366 4300 4290 4367 4301
6576 6 3 3 2 0 4290 4367 4301 1782 1789 1783
6577 6 3 3 2 0 8 58 1561 336 1606 4357
6578 6 3 3 2 0 336 1606 4357 337 1607 4358
6579 6 3 3 2 0 337 1607 4358 338 1608 4359
6580 6 3 3 2 0 338 1608 4359 339 1609 4360
6581 6 3 3 2 0 339 1609 4360 340 1610 4361
6582 6 3 3 2 0 340 1610 4361 341 1611 4362
6583 6 3 3 2 0 341 1611 4362 342 1612 4363
6584 6 3 3 2 0 342 1612 4363 343 1613 4364
6585 6 3 3 2 0 343 1613 4364 344 1614 4365
6586 6 3 3 2 0 344 1614 4365 345 1615 4366
6587 6 3 3 2 0 345 1615 4366 346 1616 4367
6588 6 3 3 2 0 346 1616 4367 14 310 1789
6589 6 3 3 2 0 1562 1553 1552 4368 4269 4258
6590 6 3 3 2 0 4368 4269 4258 4369 4270 4259
6591 6 3 3 2 0 4369 4270 4259 4370 4271 4260
6592 6 3 3 2 0 4370 4271 4260 4371 4272 4261
6593 6 3 3 2 0 4371 4272 4261 4372 4273 4262
6594 6 3 3 2 0 4372 4273 4262 4373 4274 4263
6595 6 3 3 2 0 4373 4274 4263 4374 4275 4264
6596 6 3 3 2 0 4374 4275 4264 4375 4276 4265
6597 6 3 3 2 0 4375 4276 4265 4376 4277 4266
6598 6 3 3 2 0 4376 4277 4266 4377 4278 4267
6599 6 3 3 2 0 4377 4278 4267 4378 4279 4268
6600 6 3 3 2 0 4378 4279 4268 1790 1781 1780
6601 6 3 3 2 0 1562 56 1554 4368 1584 4280
6602 6 3 3 2 0 4368 1584 4280 4369 1585 4281
6603 6 3 3 2 0 4369 1585 4281 4370 1586 4282
6604 6 3 3 2 0 4370 1586 4282 4371 1587 4283
6605 6 3 3 2 0 4371 1587 4283 4372 1588 4284
6606 6 3 3 2 0 4372 1588 4284 4373 1589 4285
6607 6 3 3 2 0 4373 1589 4285 4374 1590 4286
6608 6 3 3 2 0 4374 1590 4286 4375 1591 4287
6609 6 3 3 2 0 4375 1591 4287 4376 1592 4288
6610 6 3 3 2 0 4376 1592 4288 4377 1593 4289
6611 6 3 3 2 0 4377 1593 4289 4378 1594 4290
6612 6 3 3 2 0 4378 1594 4290 1790 308 1782
6613 6 3 3 2 0 1562 1548 1553 4368 4214 4269
6614 6 3 3 2 0 4368 4214 4269 4369 4215 4270
6615 6 3 3 2 0 4369 4215 4270 4370 4216 4271
6616 6 3 3 2 0 4370 4216 4271 4371 4217 4272
6617 6 3 3 2 0 4371 4217 4272 4372 4218 4273
6618 6 3 3 2 0 4372 4218 4273 4373 4219 4274
6619 6 3 3 2 0 4373 4219 4274 4374 4220 4275
6620 6 3 3 2 0 4374 4220 4275 4375 4221 4276
6621 6 3 3 2 0 4375 4221 4276 4376 4222 4277
6622 6 3 3 2 0 4376 4222 4277 4377 4223 4278
6623 6 3 3 2 0 4377 4223 4278 4378 4224 4279
6624 6 3 3 2 0 4378 4224 4279 1790 1776 1781
6625 6 3 3 2 0 1554 1548 1562 4280 4214 4368
6626 6 3 3 2 0 4280 4214 4368 4281 4215 4369
6627 6 3 3 2 0 4281 4215 4369 4282 4216 4370
6628 6 3 3 2 0 4282 4216 4370 4283 4217 4371
6629 6 3 3 2 0 4283 4217 4371 4284 4218 4372
6630 6 3 3 2 0 4284 4218 4372 4285 4219 4373
6631 6 3 3 2 0 4285 4219 4373 4286 4220 4374
6632 6 3 3 2 0 4286 4220 4374 4287 4221 4375
6633 6 3 3 2 0 4287 4221 4375 4288 4222 4376
6634 6 3 3 2 0 4288 4222 4376 4289 4223 4377
6635 6 3 3 2 0 4289 4223 4377 4290 4224 4378
6636 6 3 3 2 0 4290 4224 4378 1782 1776 1790
6637 6 3 3 2 0 1563 9 61 4379 347 1639
6638 6 3 3 2 0 4379 347 1639 4380 348 1640
6639 6 3 3 2 0 4380 348 1640 4381 349 1641
6640 6 3 3 2 0 4381 349 1641 4382 350 1642
6641 6 3 3 2 0 4382 350 1642 4383 351 1643
6642 6 3 3 2 0 4383 351 1643 4384 352 1644
6643 6 3 3 2 0 4384 352 1644 4385 353 1645
6644 6 3 3 2 0 4385 353 1645 4386 354 1646
6645 6 3 3 2 0 4386 354 1646 4387 355 1647
6646 6 3 3 2 0 4387 355 1647 4388 356 1648
6647 6 3 3 2 0 4388 356 1648 4389 357 1649
6648 6 3 3 2 0 4389 357 1649 1791 15 313
6649 6 3 3 2 0 1559 66 11 4335 1694 369
6650 6 3 3 2 0 4335 1694 369 4336 1695 370
6651 6 3 3 2 0 4336 1695 370 4337 1696 371
6652 6 3 3 2 0 4337 1696 371 4338 1697 372
6653 6 3 3 2 0 4338 1697 372 4339 1698 373
6654 6 3 3 2 0 4339 1698 373 4340 1699 374
6655 6 3 3 2 0 4340 1699 374 4341 1700 375
6656 6 3 3 2 0 4341 1700 375 4342 1701 376
6657 6 3 3 2 0 4342 1701 376 4343 1702 377
6658 6 3 3 2 0 4343 1702 377 4344 1703 378
6659 6 3 3 2 0 4344 1703 378 4345 1704 379
6660 6 3 3 2 0 4345 1704 379 1787 318 17
6661 6 3 3 2 0 1544 1560 1564 4170 4346 4390
6662 6 3 3 2 0 4170 4346 4390 4171 4347 4391
6663 6 3 3 2 0 4171 4347 4391 4172 4348 4392
6664 6 3 3 2 0 4172 4348 4392 4173 4349 4393
6665 6 3 3 2 0 4173 4349 4393 4174 4350 4394
6666 6 3 3 2 0 4174 4350 4394 4175 4351 4395
6667 6 3 3 2 0 4175 4351 4395 4176 4352 4396
6668 6 3 3 2 0 4176 4352 4396 4177 4353 4397
6669 6 3 3 2 0 4177 4353 4397 4178 4354 4398
6670 6 3 3 2 0 4178 4354 4398 4179 4355 4399
6671 6 3 3 2 0 4179 4355 4399 4180 4356 4400
6672 6 3 3 2 0 4180 4356 4400 1772 1788 1792
6673 6 3 3 2 0 1564 1558 1543 4390 4324 4159
6674 6 3 3 2 0 4390 4324 4159 4391 4325 4160
6675 6 3 3 2 0 4391 4325 4160 4392 4326 4161
6676 6 3 3 2 0 4392 4326 4161 4393 4327 4162
6677 6 3 3 2 0 4393 4327 4162 4394 4328 4163
6678 6 3 3 2 0 4394 4328 4163 4395 4329 4164
6679 6 3 3 2 0 4395 4329 4164 4396 4330 4165
6680 6 3 3 2 0 4396 4330 4165 4397 4331 4166
6681 6 3 3 2 0 4397 4331 4166 4398 4332 4167
6682 6 3 3 2 0 4398 4332 4167 4399 4333 4168
6683 6 3 3 2 0 4399 4333 4168 4400 4334 4169
6684 6 3 3 2 0 4400 4334 4169 1792 1786 1771
6685 6 3 3 2 0 1559 11 1565 4335 369 4401
6686 6 3 3 2 0 4335 369 4401 4336 370 4402
6687 6 3 3 2 0 4336 370 4402 4337 371 4403
6688 6 3 3 2 0 4337 371 4403 4338 372 4404
6689 6 3 3 2 0 4338 372 4404 4339 373 4405
6690 6 3 3 2 0 4339 373 4405 4340 374 4406
6691 6 3 3 2 0 4340 374 4406 4341 375 4407
6692 6 3 3 2 0 4341 375 4407 4342 376 4408
6693 6 3 3 2 0 4342 376 4408 4343 377 4409
6694 6 3 3 2 0 4343 377 4409 4344 378 4410
6695 6 3 3 2 0 4344 378 4410 4345 379 4411
6696 6 3 3 2 0 4345 379 4411 1787 17 1793
6697 6 3 3 2 0 1565 11 67 4401 369 1705
6698 6 3 3 2 0 4401 369 1705 4402 370 1706
6699 6 3 3 2 0 4402 370 1706 4403 371 1707
6700 6 3 3 2 0 4403 371 1707 4404 372 1708
6701 6 3 3 2 0 4404 372 1708 4405 373 1709
6702 6 3 3 2 0 4405 373 1709 4406 374 1710
6703 6 3 3 2 0 4406 374 1710 4407 375 1711
6704 6 3 3 2 0 4407 375 1711 4408 376 1712
6705 6 3 3 2 0 4408 376 1712 4409 377 1713
6706 6 3 3 2 0 4409 377 1713 4410 378 1714
6707 6 3 3 2 0 4410 378 1714 4411 379 1715
6708 6 3 3 2 0 4411 379 1715 1793 17 319
6709 6 3 3 2 0 59 60 1566 1617 1628 4412
6710 6 3 3 2 0 1617 1628 4412 1618 1629 4413
6711 6 3 3 2 0 1618 1629 4413 1619 1630 4414
6712 6 3 3 2 0 1619 1630 4414 1620 1631 4415
6713 6 3 3 2 0 1620 1631 4415 1621 1632 4416
6714 6 3 3 2 0 1621 1632 4416 1622 1633 4417
6715 6 3 3 2 0 1622 1633 4417 1623 1634 4418
6716 6 3 3 2 0 1623 1634 4418 1624 1635 4419
6717 6 3 3 2 0 1624 1635 4419 1625 1636 4420
6718 6 3 3 2 0 1625 1636 4420 1626 1637 4421
6719 6 3 3 2 0 1626 1637 4421 1627 1638 4422
6720 6 3 3 2 0 1627 1638 4422 311 312 1794
6721 6 3 3 2 0 1566 60 1563 4412 1628 4379
6722 6 3 3 2 0 4412 1628 4379 4413 1629 4380
6723 6 3 3 2 0 4413 1629 4380 4414 1630 4381
6724 6 3 3 2 0 4414 1630 4381 4415 1631 4382
6725 6 3 3 2 0 4415 1631 4382 4416 1632 4383
6726 6 3 3 2 0 4416 1632 4383 4417 1633 4384
6727 6 3 3 2 0 4417 1633 4384 4418 1634 4385
6728 6 3 3 2 0 4418 1634 4385 4419 1635 4386
6729 6 3 3 2 0 4419 1635 4386 4420 1636 4387
6730 6 3 3 2 0 4420 1636 4387 4421 1637 4388
6731 6 3 3 2 0 4421 1637 4388 4422 1638 4389
6732 6 3 3 2 0 4422 1638 4389 1794 312 1791
6733 6 3 3 2 0 1560 65 1559 4346 1683 4335
6734 6 3 3 2 0 4346 1683 4335 4347 1684 4336
6735 6 3 3 2 0 4347 1684 4336 4348 1685 4337
6736 6 3 3 2 0 4348 1685 4337 4349 1686 4338
6737 6 3 3 2 0 4349 1686 4338 4350 1687 4339
6738 6 3 3 2 0 4350 1687 4339 4351 1688 4340
6739 6 3 3 2 0 4351 1688 4340 4352 1689 4341
6740 6 3 3 2 0 4352 1689 4341 4353 1690 4342
6741 6 3 3 2 0 4353 1690 4342 4354 1691 4343
6742 6 3 3 2 0 4354 1691 4343 4355 1692 4344
6743 6 3 3 2 0 4355 1692 4344 4356 1693 4345
6744 6 3 3 2 0 4356 1693 4345 1788 317 1787
6745 6 3 3 2 0 1560 1559 1558 4346 4335 4324
6746 6 3 3 2 0 4346 4335 4324 4347 4336 4325
6747 6 3 3 2 0 4347 4336 4325 4348 4337 4326
6748 6 3 3 2 0 4348 4337 4326 4349 4338 4327
6749 6 3 3 2 0 4349 4338 4327 4350 4339 4328
6750 6 3 3 2 0 4350 4339 4328 4351 4340 4329
6751 6 3 3 2 0 4351 4340 4329 4352 4341 4330
6752 6 3 3 2 0 4352 4341 4330 4353 4342 4331
6753 6 3 3 2 0 4353 4342 4331 4354 4343 4332
6754 6 3 3 2 0 4354 4343 4332 4355 4344 4333
6755 6 3 3 2 0 4355 4344 4333 4356 4345 4334
6756 6 3 3 2 0 4356 4345 4334 1788 1787 1786
6757 6 3 3 2 0 1560 1558 1564 4346 4324 4390
6758 6 3 3 2 0 4346 4324 4390 4347 4325 4391
6759 6 3 3 2 0 4347 4325 4391 4348 4326 4392
6760 6 3 3 2 0 4348 4326 4392 4349 4327 4393
6761 6 3 3 2 0 4349 4327 4393 4350 4328 4394
6762 6 3 3 2 0 4350 4328 4394 4351 4329 4395
6763 6 3 3 2 0 4351 4329 4395 4352 4330 4396
6764 6 3 3 2 0 4352 4330 4396 4353 4331 4397
6765 6 3 3 2 0 4353 4331 4397 4354 4332 4398
6766 6 3 3 2 0 4354 4332 4398 4355 4333 4399
6767 6 3 3 2 0 4355 4333 4399 4356 4334 4400
6768 6 3 3 2 0 4356 4334 4400 1788 1786 1792
6769 6 3 3 2 0 1565 67 1557 4401 1705 4313
6770 6 3 3 2 0 4401 1705 4313 4402 1706 4314
6771 6 3 3 2 0 4402 1706 4314 4403 1707 4315
6772 6 3 3 2 0 4403 1707 4315 4404 1708 4316
6773 6 3 3 2 0 4404 1708 4316 4405 1709 4317
6774 6 3 3 2 0 4405 1709 4317 4406 1710 4318
6775 6 3 3 2 0 4406 1710 4318 4407 1711 4319
6776 6 3 3 2 0 4407 1711 4319 4408 1712 4320
6777 6 3 3 2 0 4408 1712 4320 4409 1713 4321
6778 6 3 3 2 0 4409 1713 4321 4410 1714 4322
6779 6 3 3 2 0 4410 1714 4322 4411 1715 4323
6780 6 3 3 2 0 4411 1715 4323 1793 319 1785
6781 6 3 3 2 0 1547 1565 1557 4203 4401 4313
6782 6 3 3 2 0 4203 4401 4313 4204 4402 4314
6783 6 3 3 2 0 4204 4402 4314 4205 4403 4315
6784 6 3 3 2 0 4205 4403 4315 4206 4404 4316
6785 6 3 3 2 0 4206 4404 4316 4207 4405 4317
6786 6 3 3 2 0 4207 4405 4317 4208 4406 4318
6787 6 3 3 2 0 4208 4406 4318 4209 4407 4319
6788 6 3 3 2 0 4209 4407 4319 4210 4408 4320
6789 6 3 3 2 0 4210 4408 4320 4211 4409 4321
6790 6 3 3 2 0 4211 4409 4321 4212 4410 4322
6791 6 3 3 2 0 4212 4410 4322 4213 4411 4323
6792 6 3 3 2 0 4213 4411 4323 1775 1793 1785
6793 6 3 3 2 0 1565 1547 1558 4401 4203 4324
6794 6 3 3 2 0 4401 4203 4324 4402 4204 4325
6795 6 3 3 2 0 4402 4204 4325 4403 4205 4326
6796 6 3 3 2 0 4403 4205 4326 4404 4206 4327
6797 6 3 3 2 0 4404 4206 4327 4405 4207 4328
6798 6 3 3 2 0 4405 4207 4328 4406 4208 4329
6799 6 3 3 2 0 4406 4208 4329 4407 4209 4330
6800 6 3 3 2 0 4407 4209 4330 4408 4210 4331
6801 6 3 3 2 0 4408 4210 4331 4409 4211 4332
6802 6 3 3 2 0 4409 4211 4332 4410 4212 4333
6803 6 3 3 2 0 4410 4212 4333 4411 4213 4334
6804 6 3 3 2 0 4411 4213 4334 1793 1775 1786
6805 6 3 3 2 0 1558 1559 1565 4324 4335 4401
6806 6 3 3 2 0 4324 4335 4401 4325 4336 4402
6807 6 3 3 2 0 4325 4336 4402 4326 4337 4403
6808 6 3 3 2 0 4326 4337 4403 4327 4338 4404
6809 6 3 3 2 0 4327 4338 4404 4328 4339 4405
6810 6 3 3 2 0 4328 4339 4405 4329 4340 4406
6811 6 3 3 2 0 4329 4340 4406 4330 4341 4407
6812 6 3 3 2 0 4330 4341 4407 4331 4342 4408
6813 6 3 3 2 0 4331 4342 4408 4332 4343 4409
6814 6 3 3 2 0 4332 4343 4409 4333 4344 4410
6815 6 3 3 2 0 4333 4344 4410 4334 4345 4411
6816 6 3 3 2 0 4334 4345 4411 1786 1787 1793
6817 6 3 3 2 0 1567 1543 1547 4423 4159 4203
6818 6 3 3 2 0 4423 4159 4203 4424 4160 4204
6819 6 3 3 2 0 4424 4160 4204 4425 4161 4205
6820 6 3 3 2 0 4425 4161 4205 4426 4162 4206
6821 6 3 3 2 0 4426 4162 4206 4427 4163 4207
6822 6 3 3 2 0 4427 4163 4207 4428 4164 4208
6823 6 3 3 2 0 4428 4164 4208 4429 4165 4209
6824 6 3 3 2 0 4429 4165 4209 4430 4166 4210
6825 6 3 3 2 0 4430 4166 4210 4431 4167 4211
6826 6 3 3 2 0 4431 4167 4211 4432 4168 4212
6827 6 3 3 2 0 4432 4168 4212 4433 4169 4213
6828 6 3 3 2 0 4433 4169 4213 1795 1771 1775
6829 6 3 3 2 0 1550 1543 1567 4236 4159 4423
6830 6 3 3 2 0 4236 4159 4423 4237 4160 4424
6831 6 3 3 2 0 4237 4160 4424 4238 4161 4425
6832 6 3 3 2 0 4238 4161 4425 4239 4162 4426
6833 6 3 3 2 0 4239 4162 4426 4240 4163 4427
6834 6 3 3 2 0 4240 4163 4427 4241 4164 4428
6835 6 3 3 2 0 4241 4164 4428 4242 4165 4429
6836 6 3 3 2 0 4242 4165 4429 4243 4166 4430
6837 6 3 3 2 0 4243 4166 4430 4244 4167 4431
6838 6 3 3 2 0 4244 4167 4431 4245 4168 4432
6839 6 3 3 2 0 4245 4168 4432 4246 4169 4433
6840 6 3 3 2 0 4246 4169 4433 1778 1771 1795
6841 6 3 3 2 0 1563 1568 1569 4379 4434 4445
6842 6 3 3 2 0 4379 4434 4445 4380 4435 4446
6843 6 3 3 2 0 4380 4435 4446 4381 4436 4447
6844 6 3 3 2 0 4381 4436 4447 4382 4437 4448
6845 6 3 3 2 0 4382 4437 4448 4383 4438 4449
6846 6 3 3 2 0 4383 4438 4449 4384 4439 4450
6847 6 3 3 2 0 4384 4439 4450 4385 4440 4451
6848 6 3 3 2 0 4385 4440 4451 4386 4441 4452
6849 6 3 3 2 0 4386 4441 4452 4387 4442 4453
6850 6 3 3 2 0 4387 4442 4453 4388 4443 4454
6851 6 3 3 2 0 4388 4443 4454 4389 4444 4455
6852 6 3 3 2 0 4389 4444 4455 1791 1796 1797
6853 6 3 3 2 0 61 62 1568 1639 1650 4434
6854 6 3 3 2 0 1639 1650 4434 1640 1651 4435
6855 6 3 3 2 0 1640 1651 4435 1641 1652 4436
6856 6 3 3 2 0 1641 1652 4436 1642 1653 4437
6857 6 3 3 2 0 1642 1653 4437 1643 1654 4438
6858 6 3 3 2 0 1643 1654 4438 1644 1655 4439
6859 6 3 3 2 0 1644 1655 4439 1645 1656 4440
6860 6 3 3 2 0 1645 1656 4440 1646 1657 4441
6861 6 3 3 2 0 1646 1657 4441 1647 1658 4442
6862 6 3 3 2 0 1647 1658 4442 1648 1659 4443
6863 6 3 3 2 0 1648 1659 4443 1649 1660 4444
6864 6 3 3 2 0 1649 1660 4444 313 314 1796
6865 6 3 3 2 0 1568 1563 61 4434 4379 1639
6866 6 3 3 2 0 4434 4379 1639 4435 4380 1640
6867 6 3 3 2 0 4435 4380 1640 4436 4381 1641
6868 6 3 3 2 0 4436 4381 1641 4437 4382 1642
6869 6 3 3 2 0 4437 4382 1642 4438 4383 1643
6870 6 3 3 2 0 4438 4383 1643 4439 4384 1644
6871 6 3 3 2 0 4439 4384 1644 4440 4385 1645
6872 6 3 3 2 0 4440 4385 1645 4441 4386 1646
6873 6 3 3 2 0 4441 4386 1646 4442 4387 1647
6874 6 3 3 2 0 4442 4387 1647 4443 4388 1648
6875 6 3 3 2 0 4443 4388 1648 4444 4389 1649
6876 6 3 3 2 0 4444 4389 1649 1796 1791 313
6877 6 3 3 2 0 1548 1555 1570 4214 4291 4456
6878 6 3 3 2 0 4214 4291 4456 4215 4292 4457
6879 6 3 3 2 0 4215 4292 4457 4216 4293 4458
6880 6 3 3 2 0 4216 4293 4458 4217 4294 4459
6881 6 3 3 2 0 4217 4294 4459 4218 4295 4460
6882 6 3 3 2 0 4218 4295 4460 4219 4296 4461
6883 6 3 3 2 0 4219 4296 4461 4220 4297 4462
6884 6 3 3 2 0 4220 4297 4462 4221 4298 4463
6885 6 3 3 2 0 4221 4298 4463 4222 4299 4464
6886 6 3 3 2 0 4222 4299 4464 4223 4300 4465
6887 6 3 3 2 0 4223 4300 4465 4224 4301 4466
6888 6 3 3 2 0 4224 4301 4466 1776 1783 1798
6889 6 3 3 2 0 1570 1555 1569 4456 4291 4445
6890 6 3 3 2 0 4456 4291 4445 4457 4292 4446
6891 6 3 3 2 0 4457 4292 4446 4458 4293 4447
6892 6 3 3 2 0 4458 4293 4447 4459 4294 4448
6893 6 3 3 2 0 4459 4294 4448 4460 4295 4449
6894 6 3 3 2 0 4460 4295 4449 4461 4296 4450
6895 6 3 3 2 0 4461 4296 4450 4462 4297 4451
6896 6 3 3 2 0 4462 4297 4451 4463 4298 4452
6897 6 3 3 2 0 4463 4298 4452 4464 4299 4453
6898 6 3 3 2 0 4464 4299 4453 4465 4300 4454
6899 6 3 3 2 0 4465 4300 4454 4466 4301 4455
6900 6 3 3 2 0 4466 4301 4455 1798 1783 1797
6901 6 3 3 2 0 1566 1561 59 4412 4357 1617
6902 6 3 3 2 0 4412 4357 1617 4413 4358 1618
6903 6 3 3 2 0 4413 4358 1618 4414 4359 1619
6904 6 3 3 2 0 4414 4359 1619 4415 4360 1620
6905 6 3 3 2 0 4415 4360 1620 4416 4361 1621
6906 6 3 3 2 0 4416 4361 1621 4417 4362 1622
6907 6 3 3 2 0 4417 4362 1622 4418 4363 1623
6908 6 3 3 2 0 4418 4363 1623 4419 4364 1624
6909 6 3 3 2 0 4419 4364 1624 4420 4365 1625
6910 6 3 3 2 0 4420 4365 1625 4421 4366 1626
6911 6 3 3 2 0 4421 4366 1626 4422 4367 1627
6912 6 3 3 2 0 4422 4367 1627 1794 1789 311
6913 6 3 3 2 0 1555 1561 1566 4291 4357 4412
6914 6 3 3 2 0 4291 4357 4412 4292 4358 4413
6915 6 3 3 2 0 4292 4358 4413 4293 4359 4414
6916 6 3 3 2 0 4293 4359 4414 4294 4360 4415
6917 6 3 3 2 0 4294 4360 4415 4295 4361 4416
6918 6 3 3 2 0 4295 4361 4416 4296 4362 4417
6919 6 3 3 2 0 4296 4362 4417 4297 4363 4418
6920 6 3 3 2 0 4297 4363 4418 4298 4364 4419
6921 6 3 3 2 0 4298 4364 4419 4299 4365 4420
6922 6 3 3 2 0 4299 4365 4420 4300 4366 4421
6923 6 3 3 2 0 4300 4366 4421 4301 4367 4422
6924 6 3 3 2 0 4301 4367 4422 1783 1789 1794
6925 6 3 3 2 0 1566 1569 1555 4412 4445 4291
6926 6 3 3 2 0 4412 4445 4291 4413 4446 4292
6927 6 3 3 2 0 4413 4446 4292 4414 4447 4293
6928 6 3 3 2 0 4414 4447 4293 4415 4448 4294
6929 6 3 3 2 0 4415 4448 4294 4416 4449 4295
6930 6 3 3 2 0 4416 4449 4295 4417 4450 4296
6931 6 3 3 2 0 4417 4450 4296 4418 4451 4297
6932 6 3 3 2 0 4418 4451 4297 4419 4452 4298
6933 6 3 3 2 0 4419 4452 4298 4420 4453 4299
6934 6 3 3 2 0 4420 4453 4299 4421 4454 4300
6935 6 3 3 2 0 4421 4454 4300 4422 4455 4301
6936 6 3 3 2 0 4422 4455 4301 1794 1797 1783
6937 6 3 3 2 0 1566 1563 1569 4412 4379 4445
6938 6 3 3 2 0 4412 4379 4445 4413 4380 4446
6939 6 3 3 2 0 4413 4380 4446 4414 4381 4447
6940 6 3 3 2 0 4414 4381 4447 4415 4382 4448
6941 6 3 3 2 0 4415 4382 4448 4416 4383 4449
6942 6 3 3 2 0 4416 4383 4449 4417 4384 4450
6943 6 3 3 2 0 4417 4384 4450 4418 4385 4451
6944 6 3 3 2 0 4418 4385 4451 4419 4386 4452
6945 6 3 3 2 0 4419 4386 4452 4420 4387 4453
6946 6 3 3 2 0 4420 4387 4453 4421 4388 4454
6947 6 3 3 2 0 4421 4388 4454 4422 4389 4455
6948 6 3 3 2 0 4422 4389 4455 1794 1791 1797
6949 6 3 3 2 0 1567 1545 1546 4423 4181 4192
6950 6 3 3 2 0 4423 4181 4192 4424 4182 4193
6951 6 3 3 2 0 4424 4182 4193 4425 4183 4194
6952 6 3 3 2 0 4425 4183 4194 4426 4184 4195
6953 6 3 3 2 0 4426 4184 4195 4427 4185 4196
6954 6 3 3 2 0 4427 4185 4196 4428 4186 4197
6955 6 3 3 2 0 4428 4186 4197 4429 4187 4198
6956 6 3 3 2 0 4429 4187 4198 4430 4188 4199
6957 6 3 3 2 0 4430 4188 4199 4431 4189 4200
6958 6 3 3 2 0 4431 4189 4200 4432 4190 4201
6959 6 3 3 2 0 4432 4190 4201 4433 4191 4202
6960 6 3 3 2 0 4433 4191 4202 1795 1773 1774
6961 6 3 3 2 0 1546 1550 1567 4192 4236 4423
6962 6 3 3 2 0 4192 4236 4423 4193 4237 4424
6963 6 3 3 2 0 4193 4237 4424 4194 4238 4425
6964 6 3 3 2 0 4194 4238 4425 4195 4239 4426
6965 6 3 3 2 0 4195 4239 4426 4196 4240 4427
6966 6 3 3 2 0 4196 4240 4427 4197 4241 4428
6967 6 3 3 2 0 4197 4241 4428 4198 4242 4429
6968 6 3 3 2 0 4198 4242 4429 4199 4243 4430
6969 6 3 3 2 0 4199 4243 4430 4200 4244 4431
6970 6 3 3 2 0 4200 4244 4431 4201 4245 4432
6971 6 3 3 2 0 4201 4245 4432 4202 4246 4433
6972 6 3 3 2 0 4202 4246 4433 1774 1778 1795
6973 6 3 3 2 0 1549 1545 1567 4225 4181 4423
6974 6 3 3 2 0 4225 4181 4423 4226 4182 4424
6975 6 3 3 2 0 4226 4182 4424 4227 4183 4425
6976 6 3 3 2 0 4227 4183 4425 4228 4184 4426
6977 6 3 3 2 0 4228 4184 4426 4229 4185 4427
6978 6 3 3 2 0 4229 4185 4427 4230 4186 4428
6979 6 3 3 2 0 4230 4186 4428 4231 4187 4429
6980 6 3 3 2 0 4231 4187 4429 4232 4188 4430
6981 6 3 3 2 0 4232 4188 4430 4233 4189 4431
6982 6 3 3 2 0 4233 4189 4431 4234 4190 4432
6983 6 3 3 2 0 4234 4190 4432 4235 4191 4433
6984 6 3 3 2 0 4235 4191 4433 1777 1773 1795
6985 6 3 3 2 0 1547 1549 1567 4203 4225 4423
6986 6 3 3 2 0 4203 4225 4423 4204 4226 4424
6987 6 3 3 2 0 4204 4226 4424 4205 4227 4425
6988 6 3 3 2 0 4205 4227 4425 4206 4228 4426
6989 6 3 3 2 0 4206 4228 4426 4207 4229 4427
6990 6 3 3 2 0 4207 4229 4427 4208 4230 4428
6991 6 3 3 2 0 4208 4230 4428 4209 4231 4429
6992 6 3 3 2 0 4209 4231 4429 4210 4232 4430
6993 6 3 3 2 0 4210 4232 4430 4211 4233 4431
6994 6 3 3 2 0 4211 4233 4431 4212 4234 4432
6995 6 3 3 2 0 4212 4234 4432 4213 4235 4433
6996 6 3 3 2 0 4213 4235 4433 1775 1777 1795
6997 6 3 3 2 0 63 1544 1571 1661 4170 4467
6998 6 3 3 2 0 1661 4170 4467 1662 4171 4468
6999 6 3 3 2 0 1662 4171 4468 1663 4172 4469
7000 6 3 3 2 0 1663 4172 4469 1664 4173 4470
7001 6 3 3 2 0 1664 4173 4470 1665 4174 4471
7002 6 3 3 2 0 1665 4174 4471 1666 4175 4472
7003 6 3 3 2 0 1666 4175 4472 1667 4176 4473
7004 6 3 3 2 0 1667 4176 4473 1668 4177 4474
7005 6 3 3 2 0 1668 4177 4474 1669 4178 4475
7006 6 3 3 2 0 1669 4178 4475 1670 4179 4476
7007 6 3 3 2 0 1670 4179 4476 1671 4180 4477
7008 6 3 3 2 0 1671 4180 4477 315 1772 1799
7009 6 3 3 2 0 1569 1568 1572 4445 4434 4478
7010 6 3 3 2 0 4445 4434 4478 4446 4435 4479
7011 6 3 3 2 0 4446 4435 4479 4447 4436 4480
7012 6 3 3 2 0 4447 4436 4480 4448 4437 4481
7013 6 3 3 2 0 4448 4437 4481 4449 4438 4482
7014 6 3 3 2 0 4449 4438 4482 4450 4439 4483
7015 6 3 3 2 0 4450 4439 4483 4451 4440 4484
7016 6 3 3 2 0 4451 4440 4484 4452 4441 4485
7017 6 3 3 2 0 4452 4441 4485 4453 4442 4486
7018 6 3 3 2 0 4453 4442 4486 4454 4443 4487
7019 6 3 3 2 0 4454 4443 4487 4455 4444 4488
7020 6 3 3 2 0 4455 4444 4488 1797 1796 1800
7021 6 3 3 2 0 62 63 1571 1650 1661 4467
7022 6 3 3 2 0 1650 1661 4467 1651 1662 4468
7023 6 3 3 2 0 1651 1662 4468 1652 1663 4469
7024 6 3 3 2 0 1652 1663 4469 1653 1664 4470
7025 6 3 3 2 0 1653 1664 4470 1654 1665 4471
7026 6 3 3 2 0 1654 1665 4471 1655 1666 4472
7027 6 3 3 2 0 1655 1666 4472 1656 1667 4473
7028 6 3 3 2 0 1656 1667 4473 1657 1668 4474
7029 6 3 3 2 0 1657 1668 4474 1658 1669 4475
7030 6 3 3 2 0 1658 1669 4475 1659 1670 4476
7031 6 3 3 2 0 1659 1670 4476 1660 1671 4477
7032 6 3 3 2 0 1660 1671 4477 314 315 1799
7033 6 3 3 2 0 1571 1568 62 4467 4434 1650
7034 6 3 3 2 0 4467 4434 1650 4468 4435 1651
7035 6 3 3 2 0 4468 4435 1651 4469 4436 1652
7036 6 3 3 2 0 4469 4436 1652 4470 4437 1653
7037 6 3 3 2 0 4470 4437 1653 4471 4438 1654
7038 6 3 3 2 0 4471 4438 1654 4472 4439 1655
7039 6 3 3 2 0 4472 4439 1655 4473 4440 1656
7040 6 3 3 2 0 4473 4440 1656 4474 4441 1657
7041 6 3 3 2 0 4474 4441 1657 4475 4442 1658
7042 6 3 3 2 0 4475 4442 1658 4476 4443 1659
7043 6 3 3 2 0 4476 4443 1659 4477 4444 1660
7044 6 3 3 2 0 4477 4444 1660 1799 1796 314
7045 6 3 3 2 0 1572 1564 1543 4478 4390 4159
7046 6 3 3 2 0 4478 4390 4159 4479 4391 4160
7047 6 3 3 2 0 4479 4391 4160 4480 4392 4161
7048 6 3 3 2 0 4480 4392 4161 4481 4393 4162
7049 6 3 3 2 0 4481 4393 4162 4482 4394 4163
7050 6 3 3 2 0 4482 4394 4163 4483 4395 4164
7051 6 3 3 2 0 4483 4395 4164 4484 4396 4165
7052 6 3 3 2 0 4484 4396 4165 4485 4397 4166
7053 6 3 3 2 0 4485 4397 4166 4486 4398 4167
7054 6 3 3 2 0 4486 4398 4167 4487 4399 4168
7055 6 3 3 2 0 4487 4399 4168 4488 4400 4169
7056 6 3 3 2 0 4488 4400 4169 1800 1792 1771
7057 6 3 3 2 0 1543 1550 1570 4159 4236 4456
7058 6 3 3 2 0 4159 4236 4456 4160 4237 4457
7059 6 3 3 2 0 4160 4237 4457 4161 4238 4458
7060 6 3 3 2 0 4161 4238 4458 4162 4239 4459
7061 6 3 3 2 0 4162 4239 4459 4163 4240 4460
7062 6 3 3 2 0 4163 4240 4460 4164 4241 4461
7063 6 3 3 2 0 4164 4241 4461 4165 4242 4462
7064 6 3 3 2 0 4165 4242 4462 4166 4243 4463
7065 6 3 3 2 0 4166 4243 4463 4167 4244 4464
7066 6 3 3 2 0 4167 4244 4464 4168 4245 4465
7067 6 3 3 2 0 4168 4245 4465 4169 4246 4466
7068 6 3 3 2 0 4169 4246 4466 1771 1778 1798
7069 6 3 3 2 0 1543 1570 1572 4159 4456 4478
7070 6 3 3 2 0 4159 4456 4478 4160 4457 4479
7071 6 3 3 2 0 4160 4457 4479 4161 4458 4480
7072 6 3 3 2 0 4161 4458 4480 4162 4459 4481
7073 6 3 3 2 0 4162 4459 4481 4163 4460 4482
7074 6 3 3 2 0 4163 4460 4482 4164 4461 4483
7075 6 3 3 2 0 4164 4461 4483 4165 4462 4484
7076 6 3 3 2 0 4165 4462 4484 4166 4463 4485
7077 6 3 3 2 0 4166 4463 4485 4167 4464 4486
7078 6 3 3 2 0 4167 4464 4486 4168 4465 4487
7079 6 3 3 2 0 4168 4465 4487 4169 4466 4488
7080 6 3 3 2 0 4169 4466 4488 1771 1798 1800
7081 6 3 3 2 0 1570 1550 1548 4456 4236 4214
7082 6 3 3 2 0 4456 4236 4214 4457 4237 4215
7083 6 3 3 2 0 4457 4237 4215 4458 4238 4216
7084 6 3 3 2 0 4458 4238 4216 4459 4239 4217
7085 6 3 3 2 0 4459 4239 4217 4460 4240 4218
7086 6 3 3 2 0 4460 4240 4218 4461 4241 4219
7087 6 3 3 2 0 4461 4241 4219 4462 4242 4220
7088 6 3 3 2 0 4462 4242 4220 4463 4243 4221
7089 6 3 3 2 0 4463 4243 4221 4464 4244 4222
7090 6 3 3 2 0 4464 4244 4222 4465 4245 4223
7091 6 3 3 2 0 4465 4245 4223 4466 4246 4224
7092 6 3 3 2 0 4466 4246 4224 1798 1778 1776
7093 6 3 3 2 0 1570 1569 1572 4456 4445 4478
7094 6 3 3 2 0 4456 4445 4478 4457 4446 4479
7095 6 3 3 2 0 4457 4446 4479 4458 4447 4480
7096 6 3 3 2 0 4458 4447 4480 4459 4448 4481
7097 6 3 3 2 0 4459 4448 4481 4460 4449 4482
7098 6 3 3 2 0 4460 4449 4482 4461 4450 4483
7099 6 3 3 2 0 4461 4450 4483 4462 4451 4484
7100 6 3 3 2 0 4462 4451 4484 4463 4452 4485
7101 6 3 3 2 0 4463 4452 4485 4464 4453 4486
7102 6 3 3 2 0 4464 4453 4486 4465 4454 4487
7103 6 3 3 2 0 4465 4454 4487 4466 4455 4488
7104 6 3 3 2 0 4466 4455 4488 1798 1797 1800
7105 6 3 3 2 0 1564 1571 1544 4390 4467 4170
7106 6 3 3 2 0 4390 4467 4170 4391 4468 4171
7107 6 3 3 2 0 4391 4468 4171 4392 4469 4172
7108 6 3 3 2 0 4392 4469 4172 4393 4470 4173
7109 6 3 3 2 0 4393 4470 4173 4394 4471 4174
7110 6 3 3 2 0 4394 4471 4174 4395 4472 4175
7111 6 3 3 2 0 4395 4472 4175 4396 4473 4176
7112 6 3 3 2 0 4396 4473 4176 4397 4474 4177
7113 6 3 3 2 0 4397 4474 4177 4398 4475 4178
7114 6 3 3 2 0 4398 4475 4178 4399 4476 4179
7115 6 3 3 2 0 4399 4476 4179 4400 4477 4180
7116 6 3 3 2 0 4400 4477 4180 1792 1799 1772
7117 6 3 3 2 0 1571 1564 1572 4467 4390 4478
7118 6 3 3 2 0 4467 4390 4478 4468 4391 4479
7119 6 3 3 2 0 4468 4391 4479 4469 4392 4480
7120 6 3 3 2 0 4469 4392 4480 4470 4393 4481
7121 6 3 3 2 0 4470 4393 4481 4471 4394 4482
7122 6 3 3 2 0 4471 4394 4482 4472 4395 4483
7123 6 3 3 2 0 4472 4395 4483 4473 4396 4484
7124 6 3 3 2 0 4473 4396 4484 4474 4397 4485
7125 6 3 3 2 0 4474 4397 4485 4475 4398 4486
7126 6 3 3 2 0 4475 4398 4486 4476 4399 4487
7127 6 3 3 2 0 4476 4399 4487 4477 4400 4488
7128 6 3 3 2 0 4477 4400 4488 1799 1792 1800
7129 6 3 3 2 0 1572 1568 1571 4478 4434 4467
7130 6 3 3 2 0 4478 4434 4467 4479 4435 4468
7131 6 3 3 2 0 4479 4435 4468 4480 4436 4469
7132 6 3 3 2 0 4480 4436 4469 4481 4437 4470
7133 6 3 3 2 0 4481 4437 4470 4482 4438 4471
7134 6 3 3 2 0 4482 4438 4471 4483 4439 4472
7135 6 3 3 2 0 4483 4439 4472 4484 4440 4473
7136 6 3 3 2 0 4484 4440 4473 4485 4441 4474
7137 6 3 3 2 0 4485 4441 4474 4486 4442 4475
7138 6 3 3 2 0 4486 4442 4475 4487 4443 4476
7139 6 3 3 2 0 4487 4443 4476 4488 4444 4477
7140 6 3 3 2 0 4488 4444 4477 1800 1796 1799
7141 6 3 3 2 0 72 7 1552 1760 325 4258
7142 6 3 3 2 0 1760 325 4258 1761 326 4259
7143 6 3 3 2 0 1761 326 4259 1762 327 4260
7144 6 3 3 2 0 1762 327 4260 1763 328 4261
7145 6 3 3 2 0 1763 328 4261 1764 329 4262
7146 6 3 3 2 0 1764 329 4262 1765 330 4263
7147 6 3 3 2 0 1765 330 4263 1766 331 4264
7148 6 3 3 2 0 1766 331 4264 1767 332 4265
7149 6 3 3 2 0 1767 332 4265 1768 333 4266
7150 6 3 3 2 0 1768 333 4266 1769 334 4267
7151 6 3 3 2 0 1769 334 4267 1770 335 4268
7152 6 3 3 2 0 1770 335 4268 324 13 1780
7153 6 3 3 2 0 1552 1556 72 4258 4302 1760
7154 6 3 3 2 0 4258 4302 1760 4259 4303 1761
7155 6 3 3 2 0 4259 4303 1761 4260 4304 1762
7156 6 3 3 2 0 4260 4304 1762 4261 4305 1763
7157 6 3 3 2 0 4261 4305 1763 4262 4306 1764
7158 6 3 3 2 0 4262 4306 1764 4263 4307 1765
7159 6 3 3 2 0 4263 4307 1765 4264 4308 1766
7160 6 3 3 2 0 4264 4308 1766 4265 4309 1767
7161 6 3 3 2 0 4265 4309 1767 4266 4310 1768
7162 6 3 3 2 0 4266 4310 1768 4267 4311 1769
7163 6 3 3 2 0 4267 4311 1769 4268 4312 1770
7164 6 3 3 2 0 4268 4312 1770 1780 1784 324
7165 6 3 3 2 0 1562 55 56 4368 1573 1584
7166 6 3 3 2 0 4368 1573 1584 4369 1574 1585
7167 6 3 3 2 0 4369 1574 1585 4370 1575 1586
7168 6 3 3 2 0 4370 1575 1586 4371 1576 1587
7169 6 3 3 2 0 4371 1576 1587 4372 1577 1588
7170 6 3 3 2 0 4372 1577 1588 4373 1578 1589
7171 6 3 3 2 0 4373 1578 1589 4374 1579 1590
7172 6 3 3 2 0 4374 1579 1590 4375 1580 1591
7173 6 3 3 2 0 4375 1580 1591 4376 1581 1592
7174 6 3 3 2 0 4376 1581 1592 4377 1582 1593
7175 6 3 3 2 0 4377 1582 1593 4378 1583 1594
7176 6 3 3 2 0 4378 1583 1594 1790 307 308
7177 6 3 3 2 0 1552 55 1562 4258 1573 4368
7178 6 3 3 2 0 4258 1573 4368 4259 1574 4369
7179 6 3 3 2 0 4259 1574 4369 4260 1575 4370
7180 6 3 3 2 0 4260 1575 4370 4261 1576 4371
7181 6 3 3 2 0 4261 1576 4371 4262 1577 4372
7182 6 3 3 2 0 4262 1577 4372 4263 1578 4373
7183 6 3 3 2 0 4263 1578 4373 4264 1579 4374
7184 6 3 3 2 0 4264 1579 4374 4265 1580 4375
7185 6 3 3 2 0 4265 1580 4375 4266 1581 4376
7186 6 3 3 2 0 4266 1581 4376 4267 1582 4377
7187 6 3 3 2 0 4267 1582 4377 4268 1583 4378
7188 6 3 3 2 0 4268 1583 4378 1780 307 1790
7189 6 3 3 2 0 57 8 1561 1595 336 4357
7190 6 3 3 2 0 1595 336 4357 1596 337 4358
7191 6 3 3 2 0 1596 337 4358 1597 338 4359
7192 6 3 3 2 0 1597 338 4359 1598 339 4360
7193 6 3 3 2 0 1598 339 4360 1599 340 4361
7194 6 3 3 2 0 1599 340 4361 1600 341 4362
7195 6 3 3 2 0 1600 341 4362 1601 342 4363
7196 6 3 3 2 0 1601 342 4363 1602 343 4364
7197 6 3 3 2 0 1602 343 4364 1603 344 4365
7198 6 3 3 2 0 1603 344 4365 1604 345 4366
7199 6 3 3 2 0 1604 345 4366 1605 346 4367
7200 6 3 3 2 0 1605 346 4367 309 14 1789
7201 6 3 3 2 0 1561 1554 57 4357 4280 1595
7202 6 3 3 2 0 4357 4280 1595 4358 4281 1596
7203 6 3 3 2 0 4358 4281 1596 4359 4282 1597
7204 6 3 3 2 0 4359 4282 1597 4360 4283 1598
7205 6 3 3 2 0 4360 4283 1598 4361 4284 1599
7206 6 3 3 2 0 4361 4284 1599 4362 4285 1600
7207 6 3 3 2 0 4362 4285 1600 4363 4286 1601
7208 6 3 3 2 0 4363 4286 1601 4364 4287 1602
7209 6 3 3 2 0 4364 4287 1602 4365 4288 1603
7210 6 3 3 2 0 4365 4288 1603 4366 4289 1604
7211 6 3 3 2 0 4366 4289 1604 4367 4290 1605
7212 6 3 3 2 0 4367 4290 1605 1789 1782 309
7213 6 3 1 3 0 1772 16 316 4500 442 1900
7214 6 3 1 3 0 4500 442 1900 4501 443 1901
7215 6 3 1 3 0 4501 443 1901 4502 444 1902
7216 6 3 1 3 0 4502 444 1902 4503 445 1903
7217 6 3 1 3 0 4503 445 1903 4504 446 1904
7218 6 3 1 3 0 4504 446 1904 4505 447 1905
7219 6 3 1 3 0 4505 447 1905 4506 448 1906
7220 6 3 1 3 0 4506 448 1906 4507 449 1907
7221 6 3 1 3 0 4507 449 1907 4508 450 1908
7222 6 3 1 3 0 4508 450 1908 4509 451 1909
7223 6 3 1 3 0 4509 451 1909 4510 452 1910
7224 6 3 1 3 0 4510 452 1910 2000 22 400
7225 6 3 1 3 0 315 16 1772 1889 442 4500
7226 6 3 1 3 0 1889 442 4500 1890 443 4501
7227 6 3 1 3 0 1890 443 4501 1891 444 4502
7228 6 3 1 3 0 1891 444 4502 1892 445 4503
7229 6 3 1 3 0 1892 445 4503 1893 446 4504
7230 6 3 1 3 0 1893 446 4504 1894 447 4505
7231 6 3 1 3 0 1894 447 4505 1895 448 4506
7232 6 3 1 3 0 1895 448 4506 1896 449 4507
7233 6 3 1 3 0 1896 449 4507 1897 450 4508
7234 6 3 1 3 0 1897 450 4508 1898 451 4509
7235 6 3 1 3 0 1898 451 4509 1899 452 4510
7236 6 3 1 3 0 1899 452 4510 399 22 2000
7237 6 3 1 3 0 1773 322 323 4511 1966 1977
7238 6 3 1 3 0 4511 1966 1977 4512 1967 1978
7239 6 3 1 3 0 4512 1967 1978 4513 1968 1979
7240 6 3 1 3 0 4513 1968 1979 4514 1969 1980
7241 6 3 1 3 0 4514 1969 1980 4515 1970 1981
7242 6 3 1 3 0 4515 1970 1981 4516 1971 1982
7243 6 3 1 3 0 4516 1971 1982 4517 1972 1983
7244 6 3 1 3 0 4517 1972 1983 4518 1973 1984
7245 6 3 1 3 0 4518 1973 1984 4519 1974 1985
7246 6 3 1 3 0 4519 1974 1985 4520 1975 1986
7247 6 3 1 3 0 4520 1975 1986 4521 1976 1987
7248 6 3 1 3 0 4521 1976 1987 2001 406 407
7249 6 3 1 3 0 1773 1777 1779 4511 4555 4577
7250 6 3 1 3 0 4511 4555 4577 4512 4556 4578
7251 6 3 1 3 0 4512 4556 4578 4513 4557 4579
7252 6 3 1 3 0 4513 4557 4579 4514 4558 4580
7253 6 3 1 3 0 4514 4558 4580 4515 4559 4581
7254 6 3 1 3 0 4515 4559 4581 4516 4560 4582
7255 6 3 1 3 0 4516 4560 4582 4517 4561 4583
7256 6 3 1 3 0 4517 4561 4583 4518 4562 4584
7257 6 3 1 3 0 4518 4562 4584 4519 4563 4585
7258 6 3 1 3 0 4519 4563 4585 4520 4564 4586
7259 6 3 1 3 0 4520 4564 4586 4521 4565 4587
7260 6 3 1 3 0 4521 4565 4587 2001 2005 2007
7261 6 3 1 3 0 1779 1777 321 4577 4555 1955
7262 6 3 1 3 0 4577 4555 1955 4578 4556 1956
7263 6 3 1 3 0 4578 4556 1956 4579 4557 1957
7264 6 3 1 3 0 4579 4557 1957 4580 4558 1958
7265 6 3 1 3 0 4580 4558 1958 4581 4559 1959
7266 6 3 1 3 0 4581 4559 1959 4582 4560 1960
7267 6 3 1 3 0 4582 4560 1960 4583 4561 1961
7268 6 3 1 3 0 4583 4561 1961 4584 4562 1962
7269 6 3 1 3 0 4584 4562 1962 4585 4563 1963
7270 6 3 1 3 0 4585 4563 1963 4586 4564 1964
7271 6 3 1 3 0 4586 4564 1964 4587 4565 1965
7272 6 3 1 3 0 4587 4565 1965 2007 2005 405
7273 6 3 1 3 0 1779 18 322 4577 464 1966
7274 6 3 1 3 0 4577 464 1966 4578 465 1967
7275 6 3 1 3 0 4578 465 1967 4579 466 1968
7276 6 3 1 3 0 4579 466 1968 4580 467 1969
7277 6 3 1 3 0 4580 467 1969 4581 468 1970
7278 6 3 1 3 0 4581 468 1970 4582 469 1971
7279 6 3 1 3 0 4582 469 1971 4583 470 1972
7280 6 3 1 3 0 4583 470 1972 4584 471 1973
7281 6 3 1 3 0 4584 471 1973 4585 472 1974
7282 6 3 1 3 0 4585 472 1974 4586 473 1975
7283 6 3 1 3 0 4586 473 1975 4587 474 1976
7284 6 3 1 3 0 4587 474 1976 2007 24 406
7285 6 3 1 3 0 322 1773 1779 1966 4511 4577
7286 6 3 1 3 0 1966 4511 4577 1967 4512 4578
7287 6 3 1 3 0 1967 4512 4578 1968 4513 4579
7288 6 3 1 3 0 1968 4513 4579 1969 4514 4580
7289 6 3 1 3 0 1969 4514 4580 1970 4515 4581
7290 6 3 1 3 0 1970 4515 4581 1971 4516 4582
7291 6 3 1 3 0 1971 4516 4582 1972 4517 4583
7292 6 3 1 3 0 1972 4517 4583 1973 4518 4584
7293 6 3 1 3 0 1973 4518 4584 1974 4519 4585
7294 6 3 1 3 0 1974 4519 4585 1975 4520 4586
7295 6 3 1 3 0 1975 4520 4586 1976 4521 4587
7296 6 3 1 3 0 1976 4521 4587 406 2001 2007
7297 6 3 1 3 0 321 18 1779 1955 464 4577
7298 6 3 1 3 0 1955 464 4577 1956 465 4578
7299 6 3 1 3 0 1956 465 4578 1957 466 4579
7300 6 3 1 3 0 1957 466 4579 1958 467 4580
7301 6 3 1 3 0 1958 467 4580 1959 468 4581
7302 6 3 1 3 0 1959 468 4581 1960 469 4582
7303 6 3 1 3 0 1960 469 4582 1961 470 4583
7304 6 3 1 3 0 1961 470 4583 1962 471 4584
7305 6 3 1 3 0 1962 471 4584 1963 472 4585
7306 6 3 1 3 0 1963 472 4585 1964 473 4586
7307 6 3 1 3 0 1964 473 4586 1965 474 4587
7308 6 3 1 3 0 1965 474 4587 405 24 2007
7309 6 3 1 3 0 1784 1774 1773 4632 4522 4511
7310 6 3 1 3 0 4632 4522 4511 4633 4523 4512
7311 6 3 1 3 0 4633 4523 4512 4634 4524 4513
7312 6 3 1 3 0 4634 4524 4513 4635 4525 4514
7313 6 3 1 3 0 4635 4525 4514 4636 4526 4515
7314 6 3 1 3 0 4636 4526 4515 4637 4527 4516
7315 6 3 1 3 0 4637 4527 4516 4638 4528 4517
7316 6 3 1 3 0 4638 4528 4517 4639 4529 4518
7317 6 3 1 3 0 4639 4529 4518 4640 4530 4519
7318 6 3 1 3 0 4640 4530 4519 4641 4531 4520
7319 6 3 1 3 0 4641 4531 4520 4642 4532 4521
7320 6 3 1 3 0 4642 4532 4521 2012 2002 2001
7321 6 3 1 3 0 1785 319 320 4643 1933 1944
7322 6 3 1 3 0 4643 1933 1944 4644 1934 1945
7323 6 3 1 3 0 4644 1934 1945 4645 1935 1946
7324 6 3 1 3 0 4645 1935 1946 4646 1936 1947
7325 6 3 1 3 0 4646 1936 1947 4647 1937 1948
7326 6 3 1 3 0 4647 1937 1948 4648 1938 1949
7327 6 3 1 3 0 4648 1938 1949 4649 1939 1950
7328 6 3 1 3 0 4649 1939 1950 4650 1940 1951
7329 6 3 1 3 0 4650 1940 1951 4651 1941 1952
7330 6 3 1 3 0 4651 1941 1952 4652 1942 1953
7331 6 3 1 3 0 4652 1942 1953 4653 1943 1954
7332 6 3 1 3 0 4653 1943 1954 2013 403 404
7333 6 3 1 3 0 1780 13 307 4588 409 1801
7334 6 3 1 3 0 4588 409 1801 4589 410 1802
7335 6 3 1 3 0 4589 410 1802 4590 411 1803
7336 6 3 1 3 0 4590 411 1803 4591 412 1804
7337 6 3 1 3 0 4591 412 1804 4592 413 1805
7338 6 3 1 3 0 4592 413 1805 4593 414 1806
7339 6 3 1 3 0 4593 414 1806 4594 415 1807
7340 6 3 1 3 0 4594 415 1807 4595 416 1808
7341 6 3 1 3 0 4595 416 1808 4596 417 1809
7342 6 3 1 3 0 4596 417 1809 4597 418 1810
7343 6 3 1 3 0 4597 418 1810 4598 419 1811
7344 6 3 1 3 0 4598 419 1811 2008 19 391
7345 6 3 1 3 0 1781 1778 1774 4599 4566 4522
7346 6 3 1 3 0 4599 4566 4522 4600 4567 4523
7347 6 3 1 3 0 4600 4567 4523 4601 4568 4524
7348 6 3 1 3 0 4601 4568 4524 4602 4569 4525
7349 6 3 1 3 0 4602 4569 4525 4603 4570 4526
7350 6 3 1 3 0 4603 4570 4526 4604 4571 4527
7351 6 3 1 3 0 4604 4571 4527 4605 4572 4528
7352 6 3 1 3 0 4605 4572 4528 4606 4573 4529
7353 6 3 1 3 0 4606 4573 4529 4607 4574 4530
7354 6 3 1 3 0 4607 4574 4530 4608 4575 4531
7355 6 3 1 3 0 4608 4575 4531 4609 4576 4532
7356 6 3 1 3 0 4609 4576 4532 2009 2006 2002
7357 6 3 1 3 0 1776 1778 1781 4544 4566 4599
7358 6 3 1 3 0 4544 4566 4599 4545 4567 4600
7359 6 3 1 3 0 4545 4567 4600 4546 4568 4601
7360 6 3 1 3 0 4546 4568 4601 4547 4569 4602
7361 6 3 1 3 0 4547 4569 4602 4548 4570 4603
7362 6 3 1 3 0 4548 4570 4603 4549 4571 4604
7363 6 3 1 3 0 4549 4571 4604 4550 4572 4605
7364 6 3 1 3 0 4550 4572 4605 4551 4573 4606
7365 6 3 1 3 0 4551 4573 4606 4552 4574 4607
7366 6 3 1 3 0 4552 4574 4607 4553 4575 4608
7367 6 3 1 3 0 4553 4575 4608 4554 4576 4609
7368 6 3 1 3 0 4554 4576 4609 2004 2006 2009
7369 6 3 1 3 0 308 309 1782 1812 1823 4610
7370 6 3 1 3 0 1812 1823 4610 1813 1824 4611
7371 6 3 1 3 0 1813 1824 4611 1814 1825 4612
7372 6 3 1 3 0 1814 1825 4612 1815 1826 4613
7373 6 3 1 3 0 1815 1826 4613 1816 1827 4614
7374 6 3 1 3 0 1816 1827 4614 1817 1828 4615
7375 6 3 1 3 0 1817 1828 4615 1818 1829 4616
7376 6 3 1 3 0 1818 1829 4616 1819 1830 4617
7377 6 3 1 3 0 1819 1830 4617 1820 1831 4618
7378 6 3 1 3 0 1820 1831 4618 1821 1832 4619
7379 6 3 1 3 0 1821 1832 4619 1822 1833 4620
7380 6 3 1 3 0 1822 1833 4620 392 393 2010
7381 6 3 1 3 0 1784 1773 323 4632 4511 1977
7382 6 3 1 3 0 4632 4511 1977 4633 4512 1978
7383 6 3 1 3 0 4633 4512 1978 4634 4513 1979
7384 6 3 1 3 0 4634 4513 1979 4635 4514 1980
7385 6 3 1 3 0 4635 4514 1980 4636 4515 1981
7386 6 3 1 3 0 4636 4515 1981 4637 4516 1982
7387 6 3 1 3 0 4637 4516 1982 4638 4517 1983
7388 6 3 1 3 0 4638 4517 1983 4639 4518 1984
7389 6 3 1 3 0 4639 4518 1984 4640 4519 1985
7390 6 3 1 3 0 4640 4519 1985 4641 4520 1986
7391 6 3 1 3 0 4641 4520 1986 4642 4521 1987
7392 6 3 1 3 0 4642 4521 1987 2012 2001 407
7393 6 3 1 3 0 323 324 1784 1977 1988 4632
7394 6 3 1 3 0 1977 1988 4632 1978 1989 4633
7395 6 3 1 3 0 1978 1989 4633 1979 1990 4634
7396 6 3 1 3 0 1979 1990 4634 1980 1991 4635
7397 6 3 1 3 0 1980 1991 4635 1981 1992 4636
7398 6 3 1 3 0 1981 1992 4636 1982 1993 4637
7399 6 3 1 3 0 1982 1993 4637 1983 1994 4638
7400 6 3 1 3 0 1983 1994 4638 1984 1995 4639
7401 6 3 1 3 0 1984 1995 4639 1985 1996 4640
7402 6 3 1 3 0 1985 1996 4640 1986 1997 4641
7403 6 3 1 3 0 1986 1997 4641 1987 1998 4642
7404 6 3 1 3 0 1987 1998 4642 407 408 2012
7405 6 3 1 3 0 1787 317 318 4665 1911 1922
7406 6 3 1 3 0 4665 1911 1922 4666 1912 1923
7407 6 3 1 3 0 4666 1912 1923 4667 1913 1924
7408 6 3 1 3 0 4667 1913 1924 4668 1914 1925
7409 6 3 1 3 0 4668 1914 1925 4669 1915 1926
7410 6 3 1 3 0 4669 1915 1926 4670 1916 1927
7411 6 3 1 3 0 4670 1916 1927 4671 1917 1928
7412 6 3 1 3 0 4671 1917 1928 4672 1918 1929
7413 6 3 1 3 0 4672 1918 1929 4673 1919 1930
7414 6 3 1 3 0 4673 1919 1930 4674 1920 1931
7415 6 3 1 3 0 4674 1920 1931 4675 1921 1932
7416 6 3 1 3 0 4675 1921 1932 2015 401 402
7417 6 3 1 3 0 316 317 1788 1900 1911 4676
7418 6 3 1 3 0 1900 1911 4676 1901 1912 4677
7419 6 3 1 3 0 1901 1912 4677 1902 1913 4678
7420 6 3 1 3 0 1902 1913 4678 1903 1914 4679
7421 6 3 1 3 0 1903 1914 4679 1904 1915 4680
7422 6 3 1 3 0 1904 1915 4680 1905 1916 4681
7423 6 3 1 3 0 1905 1916 4681 1906 1917 4682
7424 6 3 1 3 0 1906 1917 4682 1907 1918 4683
7425 6 3 1 3 0 1907 1918 4683 1908 1919 4684
7426 6 3 1 3 0 1908 1919 4684 1909 1920 4685
7427 6 3 1 3 0 1909 1920 4685 1910 1921 4686
7428 6 3 1 3 0 1910 1921 4686 400 401 2016
7429 6 3 1 3 0 312 15 1791 1856 431 4709
7430 6 3 1 3 0 1856 431 4709 1857 432 4710
7431 6 3 1 3 0 1857 432 4710 1858 433 4711
7432 6 3 1 3 0 1858 433 4711 1859 434 4712
7433 6 3 1 3 0 1859 434 4712 1860 435 4713
7434 6 3 1 3 0 1860 435 4713 1861 436 4714
7435 6 3 1 3 0 1861 436 4714 1862 437 4715
7436 6 3 1 3 0 1862 437 4715 1863 438 4716
7437 6 3 1 3 0 1863 438 4716 1864 439 4717
7438 6 3 1 3 0 1864 439 4717 1865 440 4718
7439 6 3 1 3 0 1865 440 4718 1866 441 4719
7440 6 3 1 3 0 1866 441 4719 396 21 2019
7441 6 3 1 3 0 1781 1774 1784 4599 4522 4632
7442 6 3 1 3 0 4599 4522 4632 4600 4523 4633
7443 6 3 1 3 0 4600 4523 4633 4601 4524 4634
7444 6 3 1 3 0 4601 4524 4634 4602 4525 4635
7445 6 3 1 3 0 4602 4525 4635 4603 4526 4636
7446 6 3 1 3 0 4603 4526 4636 4604 4527 4637
7447 6 3 1 3 0 4604 4527 4637 4605 4528 4638
7448 6 3 1 3 0 4605 4528 4638 4606 4529 4639
7449 6 3 1 3 0 4606 4529 4639 4607 4530 4640
7450 6 3 1 3 0 4607 4530 4640 4608 4531 4641
7451 6 3 1 3 0 4608 4531 4641 4609 4532 4642
7452 6 3 1 3 0 4609 4532 4642 2009 2002 2012
7453 6 3 1 3 0 1780 1781 1784 4588 4599 4632
7454 6 3 1 3 0 4588 4599 4632 4589 4600 4633
7455 6 3 1 3 0 4589 4600 4633 4590 4601 4634
7456 6 3 1 3 0 4590 4601 4634 4591 4602 4635
7457 6 3 1 3 0 4591 4602 4635 4592 4603 4636
7458 6 3 1 3 0 4592 4603 4636 4593 4604 4637
7459 6 3 1 3 0 4593 4604 4637 4594 4605 4638
7460 6 3 1 3 0 4594 4605 4638 4595 4606 4639
7461 6 3 1 3 0 4595 4606 4639 4596 4607 4640
7462 6 3 1 3 0 4596 4607 4640 4597 4608 4641
7463 6 3 1 3 0 4597 4608 4641 4598 4609 4642
7464 6 3 1 3 0 4598 4609 4642 2008 2009 2012
7465 6 3 1 3 0 1776 1782 1783 4544 4610 4621
7466 6 3 1 3 0 4544 4610 4621 4545 4611 4622
7467 6 3 1 3 0 4545 4611 4622 4546 4612 4623
7468 6 3 1 3 0 4546 4612 4623 4547 4613 4624
7469 6 3 1 3 0 4547 4613 4624 4548 4614 4625
7470 6 3 1 3 0 4548 4614 4625 4549 4615 4626
7471 6 3 1 3 0 4549 4615 4626 4550 4616 4627
7472 6 3 1 3 0 4550 4616 4627 4551 4617 4628
7473 6 3 1 3 0 4551 4617 4628 4552 4618 4629
7474 6 3 1 3 0 4552 4618 4629 4553 4619 4630
7475 6 3 1 3 0 4553 4619 4630 4554 4620 4631
7476 6 3 1 3 0 4554 4620 4631 2004 2010 2011
7477 6 3 1 3 0 320 321 1785 1944 1955 4643
7478 6 3 1 3 0 1944 1955 4643 1945 1956 4644
7479 6 3 1 3 0 1945 1956 4644 1946 1957 4645
7480 6 3 1 3 0 1946 1957 4645 1947 1958 4646
7481 6 3 1 3 0 1947 1958 4646 1948 1959 4647
7482 6 3 1 3 0 1948 1959 4647 1949 1960 4648
7483 6 3 1 3 0 1949 1960 4648 1950 1961 4649
7484 6 3 1 3 0 1950 1961 4649 1951 1962 4650
7485 6 3 1 3 0 1951 1962 4650 1952 1963 4651
7486 6 3 1 3 0 1952 1963 4651 1953 1964 4652
7487 6 3 1 3 0 1953 1964 4652 1954 1965 4653
7488 6 3 1 3 0 1954 1965 4653 404 405 2013
7489 6 3 1 3 0 1785 321 1777 4643 1955 4555
7490 6 3 1 3 0 4643 1955 4555 4644 1956 4556
7491 6 3 1 3 0 4644 1956 4556 4645 1957 4557
7492 6 3 1 3 0 4645 1957 4557 4646 1958 4558
7493 6 3 1 3 0 4646 1958 4558 4647 1959 4559
7494 6 3 1 3 0 4647 1959 4559 4648 1960 4560
7495 6 3 1 3 0 4648 1960 4560 4649 1961 4561
7496 6 3 1 3 0 4649 1961 4561 4650 1962 4562
7497 6 3 1 3 0 4650 1962 4562 4651 1963 4563
7498 6 3 1 3 0 4651 1963 4563 4652 1964 4564
7499 6 3 1 3 0 4652 1964 4564 4653 1965 4565
7500 6 3 1 3 0 4653 1965 4565 2013 405 2005
7501 6 3 1 3 0 1785 1777 1775 4643 4555 4533
7502 6 3 1 3 0 4643 4555 4533 4644 4556 4534
7503 6 3 1 3 0 4644 4556 4534 4645 4557 4535
7504 6 3 1 3 0 4645 4557 4535 4646 4558 4536
7505 6 3 1 3 0 4646 4558 4536 4647 4559 4537
7506 6 3 1 3 0 4647 4559 4537 4648 4560 4538
7507 6 3 1 3 0 4648 4560 4538 4649 4561 4539
7508 6 3 1 3 0 4649 4561 4539 4650 4562 4540
7509 6 3 1 3 0 4650 4562 4540 4651 4563 4541
7510 6 3 1 3 0 4651 4563 4541 4652 4564 4542
7511 6 3 1 3 0 4652 4564 4542 4653 4565 4543
7512 6 3 1 3 0 4653 4565 4543 2013 2005 2003
7513 6 3 1 3 0 1786 1775 1771 4654 4533 4489
7514 6 3 1 3 0 4654 4533 4489 4655 4534 4490
7515 6 3 1 3 0 4655 4534 4490 4656 4535 4491
7516 6 3 1 3 0 4656 4535 4491 4657 4536 4492
7517 6 3 1 3 0 4657 4536 4492 4658 4537 4493
7518 6 3 1 3 0 4658 4537 4493 4659 4538 4494
7519 6 3 1 3 0 4659 4538 4494 4660 4539 4495
7520 6 3 1 3 0 4660 4539 4495 4661 4540 4496
7521 6 3 1 3 0 4661 4540 4496 4662 4541 4497
7522 6 3 1 3 0 4662 4541 4497 4663 4542 4498
7523 6 3 1 3 0 4663 4542 4498 4664 4543 4499
7524 6 3 1 3 0 4664 4543 4499 2014 2003 1999
7525 6 3 1 3 0 1772 316 1788 4500 1900 4676
7526 6 3 1 3 0 4500 1900 4676 4501 1901 4677
7527 6 3 1 3 0 4501 1901 4677 4502 1902 4678
7528 6 3 1 3 0 4502 1902 4678 4503 1903 4679
7529 6 3 1 3 0 4503 1903 4679 4504 1904 4680
7530 6 3 1 3 0 4504 1904 4680 4505 1905 4681
7531 6 3 1 3 0 4505 1905 4681 4506 1906 4682
7532 6 3 1 3 0 4506 1906 4682 4507 1907 4683
7533 6 3 1 3 0 4507 1907 4683 4508 1908 4684
7534 6 3 1 3 0 4508 1908 4684 4509 1909 4685
7535 6 3 1 3 0 4509 1909 4685 4510 1910 4686
7536 6 3 1 3 0 4510 1910 4686 2000 400 2016
7537 6 3 1 3 0 1789 310 311 4687 1834 1845
7538 6 3 1 3 0 4687 1834 1845 4688 1835 1846
7539 6 3 1 3 0 4688 1835 1846 4689 1836 1847
7540 6 3 1 3 0 4689 1836 1847 4690 1837 1848
7541 6 3 1 3 0 4690 1837 1848 4691 1838 1849
7542 6 3 1 3 0 4691 1838 1849 4692 1839 1850
7543 6 3 1 3 0 4692 1839 1850 4693 1840 1851
7544 6 3 1 3 0 4693 1840 1851 4694 1841 1852
7545 6 3 1 3 0 4694 1841 1852 4695 1842 1853
7546 6 3 1 3 0 4695 1842 1853 4696 1843 1854
7547 6 3 1 3 0 4696 1843 1854 4697 1844 1855
7548 6 3 1 3 0 4697 1844 1855 2017 394 395
7549 6 3 1 3 0 1782 1789 1783 4610 4687 4621
7550 6 3 1 3 0 4610 4687 4621 4611 4688 4622
7551 6 3 1 3 0 4611 4688 4622 4612 4689 4623
7552 6 3 1 3 0 4612 4689 4623 4613 4690 4624
7553 6 3 1 3 0 4613 4690 4624 4614 4691 4625
7554 6 3 1 3 0 4614 4691 4625 4615 4692 4626
7555 6 3 1 3 0 4615 4692 4626 4616 4693 4627
7556 6 3 1 3 0 4616 4693 4627 4617 4694 4628
7557 6 3 1 3 0 4617 4694 4628 4618 4695 4629
7558 6 3 1 3 0 4618 4695 4629 4619 4696 4630
7559 6 3 1 3 0 4619 4696 4630 4620 4697 4631
7560 6 3 1 3 0 4620 4697 4631 2010 2017 2011
7561 6 3 1 3 0 14 310 1789 420 1834 4687
7562 6 3 1 3 0 420 1834 4687 421 1835 4688
7563 6 3 1 3 0 421 1835 4688 422 1836 4689
7564 6 3 1 3 0 422 1836 4689 423 1837 4690
7565 6 3 1 3 0 423 1837 4690 424 1838 4691
7566 6 3 1 3 0 424 1838 4691 425 1839 4692
7567 6 3 1 3 0 425 1839 4692 426 1840 4693
7568 6 3 1 3 0 426 1840 4693 427 1841 4694
7569 6 3 1 3 0 427 1841 4694 428 1842 4695
7570 6 3 1 3 0 428 1842 4695 429 1843 4696
7571 6 3 1 3 0 429 1843 4696 430 1844 4697
7572 6 3 1 3 0 430 1844 4697 20 394 2017
7573 6 3 1 3 0 1790 1781 1780 4698 4599 4588
7574 6 3 1 3 0 4698 4599 4588 4699 4600 4589
7575 6 3 1 3 0 4699 4600 4589 4700 4601 4590
7576 6 3 1 3 0 4700 4601 4590 4701 4602 4591
7577 6 3 1 3 0 4701 4602 4591 4702 4603 4592
7578 6 3 1 3 0 4702 4603 4592 4703 4604 4593
7579 6 3 1 3 0 4703 4604 4593 4704 4605 4594
7580 6 3 1 3 0 4704 4605 4594 4705 4606 4595
7581 6 3 1 3 0 4705 4606 4595 4706 4607 4596
7582 6 3 1 3 0 4706 4607 4596 4707 4608 4597
7583 6 3 1 3 0 4707 4608 4597 4708 4609 4598
7584 6 3 1 3 0 4708 4609 4598 2018 2009 2008
7585 6 3 1 3 0 1790 308 1782 4698 1812 4610
7586 6 3 1 3 0 4698 1812 4610 4699 1813 4611
7587 6 3 1 3 0 4699 1813 4611 4700 1814 4612
7588 6 3 1 3 0 4700 1814 4612 4701 1815 4613
7589 6 3 1 3 0 4701 1815 4613 4702 1816 4614
7590 6 3 1 3 0 4702 1816 4614 4703 1817 4615
7591 6 3 1 3 0 4703 1817 4615 4704 1818 4616
7592 6 3 1 3 0 4704 1818 4616 4705 1819 4617
7593 6 3 1 3 0 4705 1819 4617 4706 1820 4618
7594 6 3 1 3 0 4706 1820 4618 4707 1821 4619
7595 6 3 1 3 0 4707 1821 4619 4708 1822 4620
7596 6 3 1 3 0 4708 1822 4620 2018 392 2010
7597 6 3 1 3 0 1790 1776 1781 4698 4544 4599
7598 6 3 1 3 0 4698 4544 4599 4699 4545 4600
7599 6 3 1 3 0 4699 4545 4600 4700 4546 4601
7600 6 3 1 3 0 4700 4546 4601 4701 4547 4602
7601 6 3 1 3 0 4701 4547 4602 4702 4548 4603
7602 6 3 1 3 0 4702 4548 4603 4703 4549 4604
7603 6 3 1 3 0 4703 4549 4604 4704 4550 4605
7604 6 3 1 3 0 4704 4550 4605 4705 4551 4606
7605 6 3 1 3 0 4705 4551 4606 4706 4552 4607
7606 6 3 1 3 0 4706 4552 4607 4707 4553 4608
7607 6 3 1 3 0 4707 4553 4608 4708 4554 4609
7608 6 3 1 3 0 4708 4554 4609 2018 2004 2009
7609 6 3 1 3 0 1782 1776 1790 4610 4544 4698
7610 6 3 1 3 0 4610 4544 4698 4611 4545 4699
7611 6 3 1 3 0 4611 4545 4699 4612 4546 4700
7612 6 3 1 3 0 4612 4546 4700 4613 4547 4701
7613 6 3 1 3 0 4613 4547 4701 4614 4548 4702
7614 6 3 1 3 0 4614 4548 4702 4615 4549 4703
7615 6 3 1 3 0 4615 4549 4703 4616 4550 4704
7616 6 3 1 3 0 4616 4550 4704 4617 4551 4705
7617 6 3 1 3 0 4617 4551 4705 4618 4552 4706
7618 6 3 1 3 0 4618 4552 4706 4619 4553 4707
7619 6 3 1 3 0 4619 4553 4707 4620 4554 4708
7620 6 3 1 3 0 4620 4554 4708 2010 2004 2018
7621 6 3 1 3 0 1791 15 313 4709 431 1867
7622 6 3 1 3 0 4709 431 1867 4710 432 1868
7623 6 3 1 3 0 4710 432 1868 4711 433 1869
7624 6 3 1 3 0 4711 433 1869 4712 434 1870
7625 6 3 1 3 0 4712 434 1870 4713 435 1871
7626 6 3 1 3 0 4713 435 1871 4714 436 1872
7627 6 3 1 3 0 4714 436 1872 4715 437 1873
7628 6 3 1 3 0 4715 437 1873 4716 438 1874
7629 6 3 1 3 0 4716 438 1874 4717 439 1875
7630 6 3 1 3 0 4717 439 1875 4718 440 1876
7631 6 3 1 3 0 4718 440 1876 4719 441 1877
7632 6 3 1 3 0 4719 441 1877 2019 21 397
7633 6 3 1 3 0 1787 318 17 4665 1922 453
7634 6 3 1 3 0 4665 1922 453 4666 1923 454
7635 6 3 1 3 0 4666 1923 454 4667 1924 455
7636 6 3 1 3 0 4667 1924 455 4668 1925 456
7637 6 3 1 3 0 4668 1925 456 4669 1926 457
7638 6 3 1 3 0 4669 1926 457 4670 1927 458
7639 6 3 1 3 0 4670 1927 458 4671 1928 459
7640 6 3 1 3 0 4671 1928 459 4672 1929 460
7641 6 3 1 3 0 4672 1929 460 4673 1930 461
7642 6 3 1 3 0 4673 1930 461 4674 1931 462
7643 6 3 1 3 0 4674 1931 462 4675 1932 463
7644 6 3 1 3 0 4675 1932 463 2015 402 23
7645 6 3 1 3 0 1772 1788 1792 4500 4676 4720
7646 6 3 1 3 0 4500 4676 4720 4501 4677 4721
7647 6 3 1 3 0 4501 4677 4721 4502 4678 4722
7648 6 3 1 3 0 4502 4678 4722 4503 4679 4723
7649 6 3 1 3 0 4503 4679 4723 4504 4680 4724
7650 6 3 1 3 0 4504 4680 4724 4505 4681 4725
7651 6 3 1 3 0 4505 4681 4725 4506 4682 4726
7652 6 3 1 3 0 4506 4682 4726 4507 4683 4727
7653 6 3 1 3 0 4507 4683 4727 4508 4684 4728
7654 6 3 1 3 0 4508 4684 4728 4509 4685 4729
7655 6 3 1 3 0 4509 4685 4729 4510 4686 4730
7656 6 3 1 3 0 4510 4686 4730 2000 2016 2020
7657 6 3 1 3 0 1792 1786 1771 4720 4654 4489
7658 6 3 1 3 0 4720 4654 4489 4721 4655 4490
7659 6 3 1 3 0 4721 4655 4490 4722 4656 4491
7660 6 3 1 3 0 4722 4656 4491 4723 4657 4492
7661 6 3 1 3 0 4723 4657 4492 4724 4658 4493
7662 6 3 1 3 0 4724 4658 4493 4725 4659 4494
7663 6 3 1 3 0 4725 4659 4494 4726 4660 4495
7664 6 3 1 3 0 4726 4660 4495 4727 4661 4496
7665 6 3 1 3 0 4727 4661 4496 4728 4662 4497
7666 6 3 1 3 0 4728 4662 4497 4729 4663 4498
7667 6 3 1 3 0 4729 4663 4498 4730 4664 4499
7668 6 3 1 3 0 4730 4664 4499 2020 2014 1999
7669 6 3 1 3 0 1787 17 1793 4665 453 4731
7670 6 3 1 3 0 4665 453 4731 4666 454 4732
7671 6 3 1 3 0 4666 454 4732 4667 455 4733
7672 6 3 1 3 0 4667 455 4733 4668 456 4734
7673 6 3 1 3 0 4668 456 4734 4669 457 4735
7674 6 3 1 3 0 4669 457 4735 4670 458 4736
7675 6 3 1 3 0 4670 458 4736 4671 459 4737
7676 6 3 1 3 0 4671 459 4737 4672 460 4738
7677 6 3 1 3 0 4672 460 4738 4673 461 4739
7678 6 3 1 3 0 4673 461 4739 4674 462 4740
7679 6 3 1 3 0 4674 462 4740 4675 463 4741
7680 6 3 1 3 0 4675 463 4741 2015 23 2021
7681 6 3 1 3 0 1793 17 319 4731 453 1933
7682 6 3 1 3 0 4731 453 1933 4732 454 1934
7683 6 3 1 3 0 4732 454 1934 4733 455 1935
7684 6 3 1 3 0 4733 455 1935 4734 456 1936
7685 6 3 1 3 0 4734 456 1936 4735 457 1937
7686 6 3 1 3 0 4735 457 1937 4736 458 1938
7687 6 3 1 3 0 4736 458 1938 4737 459 1939
7688 6 3 1 3 0 4737 459 1939 4738 460 1940
7689 6 3 1 3 0 4738 460 1940 4739 461 1941
7690 6 3 1 3 0 4739 461 1941 4740 462 1942
7691 6 3 1 3 0 4740 462 1942 4741 463 1943
7692 6 3 1 3 0 4741 463 1943 2021 23 403
7693 6 3 1 3 0 311 312 1794 1845 1856 4742
7694 6 3 1 3 0 1845 1856 4742 1846 1857 4743
7695 6 3 1 3 0 1846 1857 4743 1847 1858 4744
7696 6 3 1 3 0 1847 1858 4744 1848 1859 4745
7697 6 3 1 3 0 1848 1859 4745 1849 1860 4746
7698 6 3 1 3 0 1849 1860 4746 1850 1861 4747
7699 6 3 1 3 0 1850 1861 4747 1851 1862 4748
7700 6 3 1 3 0 1851 1862 4748 1852 1863 4749
7701 6 3 1 3 0 1852 1863 4749 1853 1864 4750
7702 6 3 1 3 0 1853 1864 4750 1854 1865 4751
7703 6 3 1 3 0 1854 1865 4751 1855 1866 4752
7704 6 3 1 3 0 1855 1866 4752 395 396 2022
7705 6 3 1 3 0 1794 312 1791 4742 1856 4709
7706 6 3 1 3 0 4742 1856 4709 4743 1857 4710
7707 6 3 1 3 0 4743 1857 4710 4744 1858 4711
7708 6 3 1 3 0 4744 1858 4711 4745 1859 4712
7709 6 3 1 3 0 4745 1859 4712 4746 1860 4713
7710 6 3 1 3 0 4746 1860 4713 4747 1861 4714
7711 6 3 1 3 0 4747 1861 4714 4748 1862 4715
7712 6 3 1 3 0 4748 1862 4715 4749 1863 4716
7713 6 3 1 3 0 4749 1863 4716 4750 1864 4717
7714 6 3 1 3 0 4750 1864 4717 4751 1865 4718
7715 6 3 1 3 0 4751 1865 4718 4752 1866 4719
7716 6 3 1 3 0 4752 1866 4719 2022 396 2019
7717 6 3 1 3 0 1788 317 1787 4676 1911 4665
7718 6 3 1 3 0 4676 1911 4665 4677 1912 4666
7719 6 3 1 3 0 4677 1912 4666 4678 1913 4667
7720 6 3 1 3 0 4678 1913 4667 4679 1914 4668
7721 6 3 1 3 0 4679 1914 4668 4680 1915 4669
7722 6 3 1 3 0 4680 1915 4669 4681 1916 4670
7723 6 3 1 3 0 4681 1916 4670 4682 1917 4671
7724 6 3 1 3 0 4682 1917 4671 4683 1918 4672
7725 6 3 1 3 0 4683 1918 4672 4684 1919 4673
7726 6 3 1 3 0 4684 1919 4673 4685 1920 4674
7727 6 3 1 3 0 4685 1920 4674 4686 1921 4675
7728 6 3 1 3 0 4686 1921 4675 2016 401 2015
7729 6 3 1 3 0 1788 1787 1786 4676 4665 4654
7730 6 3 1 3 0 4676 4665 4654 4677 4666 4655
7731 6 3 1 3 0 4677 4666 4655 4678 4667 4656
7732 6 3 1 3 0 4678 4667 4656 4679 4668 4657
7733 6 3 1 3 0 4679 4668 4657 4680 4669 4658
7734 6 3 1 3 0 4680 4669 4658 4681 4670 4659
7735 6 3 1 3 0 4681 4670 4659 4682 4671 4660
7736 6 3 1 3 0 4682 4671 4660 4683 4672 4661
7737 6 3 1 3 0 4683 4672 4661 4684 4673 4662
7738 6 3 1 3 0 4684 4673 4662 4685 4674 4663
7739 6 3 1 3 0 4685 4674 4663 4686 4675 4664
7740 6 3 1 3 0 4686 4675 4664 2016 2015 2014
7741 6 3 1 3 0 1788 1786 1792 4676 4654 4720
7742 6 3 1 3 0 4676 4654 4720 4677 4655 4721
7743 6 3 1 3 0 4677 4655 4721 4678 4656 4722
7744 6 3 1 3 0 4678 4656 4722 4679 4657 4723
7745 6 3 1 3 0 4679 4657 4723 4680 4658 4724
7746 6 3 1 3 0 4680 4658 4724 4681 4659 4725
7747 6 3 1 3 0 4681 4659 4725 4682 4660 4726
7748 6 3 1 3 0 4682 4660 4726 4683 4661 4727
7749 6 3 1 3 0 4683 4661 4727 4684 4662 4728
7750 6 3 1 3 0 4684 4662 4728 4685 4663 4729
7751 6 3 1 3 0 4685 4663 4729 4686 4664 4730
7752 6 3 1 3 0 4686 4664 4730 2016 2014 2020
7753 6 3 1 3 0 1793 319 1785 4731 1933 4643
7754 6 3 1 3 0 4731 1933 4643 4732 1934 4644
7755 6 3 1 3 0 4732 1934 4644 4733 1935 4645
7756 6 3 1 3 0 4733 1935 4645 4734 1936 4646
7757 6 3 1 3 0 4734 1936 4646 4735 1937 4647
7758 6 3 1 3 0 4735 1937 4647 4736 1938 4648
7759 6 3 1 3 0 4736 1938 4648 4737 1939 4649
7760 6 3 1 3 0 4737 1939 4649 4738 1940 4650
7761 6 3 1 3 0 4738 1940 4650 4739 1941 4651
7762 6 3 1 3 0 4739 1941 4651 4740 1942 4652
7763 6 3 1 3 0 4740 1942 4652 4741 1943 4653
7764 6 3 1 3 0 4741 1943 4653 2021 403 2013
7765 6 3 1 3 0 1775 1793 1785 4533 4731 4643
7766 6 3 1 3 0 4533 4731 4643 4534 4732 4644
7767 6 3 1 3 0 4534 4732 4644 4535 4733 4645
7768 6 3 1 3 0 4535 4733 4645 4536 4734 4646
7769 6 3 1 3 0 4536 4734 4646 4537 4735 4647
7770 6 3 1 3 0 4537 4735 4647 4538 4736 4648
7771 6 3 1 3 0 4538 4736 4648 4539 4737 4649
7772 6 3 1 3 0 4539 4737 4649 4540 4738 4650
7773 6 3 1 3 0 4540 4738 4650 4541 4739 4651
7774 6 3 1 3 0 4541 4739 4651 4542 4740 4652
7775 6 3 1 3 0 4542 4740 4652 4543 4741 4653
7776 6 3 1 3 0 4543 4741 4653 2003 2021 2013
7777 6 3 1 3 0 1793 1775 1786 4731 4533 4654
7778 6 3 1 3 0 4731 4533 4654 4732 4534 4655
7779 6 3 1 3 0 4732 4534 4655 4733 4535 4656
7780 6 3 1 3 0 4733 4535 4656 4734 4536 4657
7781 6 3 1 3 0 4734 4536 4657 4735 4537 4658
7782 6 3 1 3 0 4735 4537 4658 4736 4538 4659
7783 6 3 1 3 0 4736 4538 4659 4737 4539 4660
7784 6 3 1 3 0 4737 4539 4660 4738 4540 4661
7785 6 3 1 3 0 4738 4540 4661 4739 4541 4662
7786 6 3 1 3 0 4739 4541 4662 4740 4542 4663
7787 6 3 1 3 0 4740 4542 4663 4741 4543 4664
7788 6 3 1 3 0 4741 4543 4664 2021 2003 2014
7789 6 3 1 3 0 1786 1787 1793 4654 4665 4731
7790 6 3 1 3 0 4654 4665 4731 4655 4666 4732
7791 6 3 1 3 0 4655 4666 4732 4656 4667 4733
7792 6 3 1 3 0 4656 4667 4733 4657 4668 4734
7793 6 3 1 3 0 4657 4668 4734 4658 4669 4735
7794 6 3 1 3 0 4658 4669 4735 4659 4670 4736
7795 6 3 1 3 0 4659 4670 4736 4660 4671 4737
7796 6 3 1 3 0 4660 4671 4737 4661 4672 4738
7797 6 3 1 3 0 4661 4672 4738 4662 4673 4739
7798 6 3 1 3 0 4662 4673 4739 4663 4674 4740
7799 6 3 1 3 0 4663 4674 4740 4664 4675 4741
7800 6 3 1 3 0 4664 4675 4741 2014 2015 2021
7801 6 3 1 3 0 1795 1771 1775 4753 4489 4533
7802 6 3 1 3 0 4753 4489 4533 4754 4490 4534
7803 6 3 1 3 0 4754 4490 4534 4755 4491 4535
7804 6 3 1 3 0 4755 4491 4535 4756 4492 4536
7805 6 3 1 3 0 4756 4492 4536 4757 4493 4537
7806 6 3 1 3 0 4757 4493 4537 4758 4494 4538
7807 6 3 1 3 0 4758 4494 4538 4759 4495 4539
7808 6 3 1 3 0 4759 4495 4539 4760 4496 4540
7809 6 3 1 3 0 4760 4496 4540 4761 4497 4541
7810 6 3 1 3 0 4761 4497 4541 4762 4498 4542
7811 6 3 1 3 0 4762 4498 4542 4763 4499 4543
7812 6 3 1 3 0 4763 4499 4543 2023 1999 2003
7813 6 3 1 3 0 1778 1771 1795 4566 4489 4753
7814 6 3 1 3 0 4566 4489 4753 4567 4490 4754
7815 6 3 1 3 0 4567 4490 4754 4568 4491 4755
7816 6 3 1 3 0 4568 4491 4755 4569 4492 4756
7817 6 3 1 3 0 4569 4492 4756 4570 4493 4757
7818 6 3 1 3 0 4570 4493 4757 4571 4494 4758
7819 6 3 1 3 0 4571 4494 4758 4572 4495 4759
7820 6 3 1 3 0 4572 4495 4759 4573 4496 4760
7821 6 3 1 3 0 4573 4496 4760 4574 4497 4761
7822 6 3 1 3 0 4574 4497 4761 4575 4498 4762
7823 6 3 1 3 0 4575 4498 4762 4576 4499 4763
7824 6 3 1 3 0 4576 4499 4763 2006 1999 2023
7825 6 3 1 3 0 1791 1796 1797 4709 4764 4775
7826 6 3 1 3 0 4709 4764 4775 4710 4765 4776
7827 6 3 1 3 0 4710 4765 4776 4711 4766 4777
7828 6 3 1 3 0 4711 4766 4777 4712 4767 4778
7829 6 3 1 3 0 4712 4767 4778 4713 4768 4779
7830 6 3 1 3 0 4713 4768 4779 4714 4769 4780
7831 6 3 1 3 0 4714 4769 4780 4715 4770 4781
7832 6 3 1 3 0 4715 4770 4781 4716 4771 4782
7833 6 3 1 3 0 4716 4771 4782 4717 4772 4783
7834 6 3 1 3 0 4717 4772 4783 4718 4773 4784
7835 6 3 1 3 0 4718 4773 4784 4719 4774 4785
7836 6 3 1 3 0 4719 4774 4785 2019 2024 2025
7837 6 3 1 3 0 313 314 1796 1867 1878 4764
7838 6 3 1 3 0 1867 1878 4764 1868 1879 4765
7839 6 3 1 3 0 1868 1879 4765 1869 1880 4766
7840 6 3 1 3 0 1869 1880 4766 1870 1881 4767
7841 6 3 1 3 0 1870 1881 4767 1871 1882 4768
7842 6 3 1 3 0 1871 1882 4768 1872 1883 4769
7843 6 3 1 3 0 1872 1883 4769 1873 1884 4770
7844 6 3 1 3 0 1873 1884 4770 1874 1885 4771
7845 6 3 1 3 0 1874 1885 4771 1875 1886 4772
7846 6 3 1 3 0 1875 1886 4772 1876 1887 4773
7847 6 3 1 3 0 1876 1887 4773 1877 1888 4774
7848 6 3 1 3 0 1877 1888 4774 397 398 2024
7849 6 3 1 3 0 1796 1791 313 4764 4709 1867
7850 6 3 1 3 0 4764 4709 1867 4765 4710 1868
7851 6 3 1 3 0 4765 4710 1868 4766 4711 1869
7852 6 3 1 3 0 4766 4711 1869 4767 4712 1870
7853 6 3 1 3 0 4767 4712 1870 4768 4713 1871
7854 6 3 1 3 0 4768 4713 1871 4769 4714 1872
7855 6 3 1 3 0 4769 4714 1872 4770 4715 1873
7856 6 3 1 3 0 4770 4715 1873 4771 4716 1874
7857 6 3 1 3 0 4771 4716 1874 4772 4717 1875
7858 6 3 1 3 0 4772 4717 1875 4773 4718 1876
7859 6 3 1 3 0 4773 4718 1876 4774 4719 1877
7860 6 3 1 3 0 4774 4719 1877 2024 2019 397
7861 6 3 1 3 0 1776 1783 1798 4544 4621 4786
7862 6 3 1 3 0 4544 4621 4786 4545 4622 4787
7863 6 3 1 3 0 4545 4622 4787 4546 4623 4788
7864 6 3 1 3 0 4546 4623 4788 4547 4624 4789
7865 6 3 1 3 0 4547 4624 4789 4548 4625 4790
7866 6 3 1 3 0 4548 4625 4790 4549 4626 4791
7867 6 3 1 3 0 4549 4626 4791 4550 4627 4792
7868 6 3 1 3 0 4550 4627 4792 4551 4628 4793
7869 6 3 1 3 0 4551 4628 4793 4552 4629 4794
7870 6 3 1 3 0 4552 4629 4794 4553 4630 4795
7871 6 3 1 3 0 4553 4630 4795 4554 4631 4796
7872 6 3 1 3 0 4554 4631 4796 2004 2011 2026
7873 6 3 1 3 0 1798 1783 1797 4786 4621 4775
7874 6 3 1 3 0 4786 4621 4775 4787 4622 4776
7875 6 3 1 3 0 4787 4622 4776 4788 4623 4777
7876 6 3 1 3 0 4788 4623 4777 4789 4624 4778
7877 6 3 1 3 0 4789 4624 4778 4790 4625 4779
7878 6 3 1 3 0 4790 4625 4779 4791 4626 4780
7879 6 3 1 3 0 4791 4626 4780 4792 4627 4781
7880 6 3 1 3 0 4792 4627 4781 4793 4628 4782
7881 6 3 1 3 0 4793 4628 4782 4794 4629 4783
7882 6 3 1 3 0 4794 4629 4783 4795 4630 4784
7883 6 3 1 3 0 4795 4630 4784 4796 4631 4785
7884 6 3 1 3 0 4796 4631 4785 2026 2011 2025
7885 6 3 1 3 0 1794 1789 311 4742 4687 1845
7886 6 3 1 3 0 4742 4687 1845 4743 4688 1846
7887 6 3 1 3 0 4743 4688 1846 4744 4689 1847
7888 6 3 1 3 0 4744 4689 1847 4745 4690 1848
7889 6 3 1 3 0 4745 4690 1848 4746 4691 1849
7890 6 3 1 3 0 4746 4691 1849 4747 4692 1850
7891 6 3 1 3 0 4747 4692 1850 4748 4693 1851
7892 6 3 1 3 0 4748 4693 1851 4749 4694 1852
7893 6 3 1 3 0 4749 4694 1852 4750 4695 1853
7894 6 3 1 3 0 4750 4695 1853 4751 4696 1854
7895 6 3 1 3 0 4751 4696 1854 4752 4697 1855
7896 6 3 1 3 0 4752 4697 1855 2022 2017 395
7897 6 3 1 3 0 1783 1789 1794 4621 4687 4742
7898 6 3 1 3 0 4621 4687 4742 4622 4688 4743
7899 6 3 1 3 0 4622 4688 4743 4623 4689 4744
7900 6 3 1 3 0 4623 4689 4744 4624 4690 4745
7901 6 3 1 3 0 4624 4690 4745 4625 4691 4746
7902 6 3 1 3 0 4625 4691 4746 4626 4692 4747
7903 6 3 1 3 0 4626 4692 4747 4627 4693 4748
7904 6 3 1 3 0 4627 4693 4748 4628 4694 4749
7905 6 3 1 3 0 4628 4694 4749 4629 4695 4750
7906 6 3 1 3 0 4629 4695 4750 4630 4696 4751
7907 6 3 1 3 0 4630 4696 4751 4631 4697 4752
7908 6 3 1 3 0 4631 4697 4752 2011 2017 2022
7909 6 3 1 3 0 1794 1797 1783 4742 4775 4621
7910 6 3 1 3 0 4742 4775 4621 4743 4776 4622
7911 6 3 1 3 0 4743 4776 4622 4744 4777 4623
7912 6 3 1 3 0 4744 4777 4623 4745 4778 4624
7913 6 3 1 3 0 4745 4778 4624 4746 4779 4625
7914 6 3 1 3 0 4746 4779 4625 4747 4780 4626
7915 6 3 1 3 0 4747 4780 4626 4748 4781 4627
7916 6 3 1 3 0 4748 4781 4627 4749 4782 4628
7917 6 3 1 3 0 4749 4782 4628 4750 4783 4629
7918 6 3 1 3 0 4750 4783 4629 4751 4784 4630
7919 6 3 1 3 0 4751 4784 4630 4752 4785 4631
7920 6 3 1 3 0 4752 4785 4631 2022 2025 2011
7921 6 3 1 3 0 1794 1791 1797 4742 4709 4775
7922 6 3 1 3 0 4742 4709 4775 4743 4710 4776
7923 6 3 1 3 0 4743 4710 4776 4744 4711 4777
7924 6 3 1 3 0 4744 4711 4777 4745 4712 4778
7925 6 3 1 3 0 4745 4712 4778 4746 4713 4779
7926 6 3 1 3 0 4746 4713 4779 4747 4714 4780
7927 6 3 1 3 0 4747 4714 4780 4748 4715 4781
7928 6 3 1 3 0 4748 4715 4781 4749 4716 4782
7929 6 3 1 3 0 4749 4716 4782 4750 4717 4783
7930 6 3 1 3 0 4750 4717 4783 4751 4718 4784
7931 6 3 1 3 0 4751 4718 4784 4752 4719 4785
7932 6 3 1 3 0 4752 4719 4785 2022 2019 2025
7933 6 3 1 3 0 1795 1773 1774 4753 4511 4522
7934 6 3 1 3 0 4753 4511 4522 4754 4512 4523
7935 6 3 1 3 0 4754 4512 4523 4755 4513 4524
7936 6 3 1 3 0 4755 4513 4524 4756 4514 4525
7937 6 3 1 3 0 4756 4514 4525 4757 4515 4526
7938 6 3 1 3 0 4757 4515 4526 4758 4516 4527
7939 6 3 1 3 0 4758 4516 4527 4759 4517 4528
7940 6 3 1 3 0 4759 4517 4528 4760 4518 4529
7941 6 3 1 3 0 4760 4518 4529 4761 4519 4530
7942 6 3 1 3 0 4761 4519 4530 4762 4520 4531
7943 6 3 1 3 0 4762 4520 4531 4763 4521 4532
7944 6 3 1 3 0 4763 4521 4532 2023 2001 2002
7945 6 3 1 3 0 1774 1778 1795 4522 4566 4753
7946 6 3 1 3 0 4522 4566 4753 4523 4567 4754
7947 6 3 1 3 0 4523 4567 4754 4524 4568 4755
7948 6 3 1 3 0 4524 4568 4755 4525 4569 4756
7949 6 3 1 3 0 4525 4569 4756 4526 4570 4757
7950 6 3 1 3 0 4526 4570 4757 4527 4571 4758
7951 6 3 1 3 0 4527 4571 4758 4528 4572 4759
7952 6 3 1 3 0 4528 4572 4759 4529 4573 4760
7953 6 3 1 3 0 4529 4573 4760 4530 4574 4761
7954 6 3 1 3 0 4530 4574 4761 4531 4575 4762
7955 6 3 1 3 0 4531 4575 4762 4532 4576 4763
7956 6 3 1 3 0 4532 4576 4763 2002 2006 2023
7957 6 3 1 3 0 1777 1773 1795 4555 4511 4753
7958 6 3 1 3 0 4555 4511 4753 4556 4512 4754
7959 6 3 1 3 0 4556 4512 4754 4557 4513 4755
7960 6 3 1 3 0 4557 4513 4755 4558 4514 4756
7961 6 3 1 3 0 4558 4514 4756 4559 4515 4757
7962 6 3 1 3 0 4559 4515 4757 4560 4516 4758
7963 6 3 1 3 0 4560 4516 4758 4561 4517 4759
7964 6 3 1 3 0 4561 4517 4759 4562 4518 4760
7965 6 3 1 3 0 4562 4518 4760 4563 4519 4761
7966 6 3 1 3 0 4563 4519 4761 4564 4520 4762
7967 6 3 1 3 0 4564 4520 4762 4565 4521 4763
7968 6 3 1 3 0 4565 4521 4763 2005 2001 2023
7969 6 3 1 3 0 1775 1777 1795 4533 4555 4753
7970 6 3 1 3 0 4533 4555 4753 4534 4556 4754
7971 6 3 1 3 0 4534 4556 4754 4535 4557 4755
7972 6 3 1 3 0 4535 4557 4755 4536 4558 4756
7973 6 3 1 3 0 4536 4558 4756 4537 4559 4757
7974 6 3 1 3 0 4537 4559 4757 4538 4560 4758
7975 6 3 1 3 0 4538 4560 4758 4539 4561 4759
7976 6 3 1 3 0 4539 4561 4759 4540 4562 4760
7977 6 3 1 3 0 4540 4562 4760 4541 4563 4761
7978 6 3 1 3 0 4541 4563 4761 4542 4564 4762
7979 6 3 1 3 0 4542 4564 4762 4543 4565 4763
7980 6 3 1 3 0 4543 4565 4763 2003 2005 2023
7981 6 3 1 3 0 315 1772 1799 1889 4500 4797
7982 6 3 1 3 0 1889 4500 4797 1890 4501 4798
7983 6 3 1 3 0 1890 4501 4798 1891 4502 4799
7984 6 3 1 3 0 1891 4502 4799 1892 4503 4800
7985 6 3 1 3 0 1892 4503 4800 1893 4504 4801
7986 6 3 1 3 0 1893 4504 4801 1894 4505 4802
7987 6 3 1 3 0 1894 4505 4802 1895 4506 4803
7988 6 3 1 3 0 1895 4506 4803 1896 4507 4804
7989 6 3 1 3 0 1896 4507 4804 1897 4508 4805
7990 6 3 1 3 0 1897 4508 4805 1898 4509 4806
7991 6 3 1 3 0 1898 4509 4806 1899 4510 4807
7992 6 3 1 3 0 1899 4510 4807 399 2000 2027
7993 6 3 1 3 0 1797 1796 1800 4775 4764 4808
7994 6 3 1 3 0 4775 4764 4808 4776 4765 4809
7995 6 3 1 3 0 4776 4765 4809 4777 4766 4810
7996 6 3 1 3 0 4777 4766 4810 4778 4767 4811
7997 6 3 1 3 0 4778 4767 4811 4779 4768 4812
7998 6 3 1 3 0 4779 4768 4812 4780 4769 4813
7999 6 3 1 3 0 4780 4769 4813 4781 4770 4814
8000 6 3 1 3 0 4781 4770 4814 4782 4771 4815
8001 6 3 1 3 0 4782 4771 4815 4783 4772 4816
8002 6 3 1 3 0 4783 4772 4816 4784 4773 4817
8003 6 3 1 3 0 4784 4773 4817 4785 4774 4818
8004 6 3 1 3 0 4785 4774 4818 2025 2024 2028
8005 6 3 1 3 0 314 315 1799 1878 1889 4797
8006 6 3 1 3 0 1878 1889 4797 1879 1890 4798
8007 6 3 1 3 0 1879 1890 4798 1880 1891 4799
8008 6 3 1 3 0 1880 1891 4799 1881 1892 4800
8009 6 3 1 3 0 1881 1892 4800 1882 1893 4801
8010 6 3 1 3 0 1882 1893 4801 1883 1894 4802
8011 6 3 1 3 0 1883 1894 4802 1884 1895 4803
8012 6 3 1 3 0 1884 1895 4803 1885 1896 4804
8013 6 3 1 3 0 1885 1896 4804 1886 1897 4805
8014 6 3 1 3 0 1886 1897 4805 1887 1898 4806
8015 6 3 1 3 0 1887 1898 4806 1888 1899 4807
8016 6 3 1 3 0 1888 1899 4807 398 399 2027
8017 6 3 1 3 0 1799 1796 314 4797 4764 1878
8018 6 3 1 3 0 4797 4764 1878 4798 4765 1879
8019 6 3 1 3 0 4798 4765 1879 4799 4766 1880
8020 6 3 1 3 0 4799 4766 1880 4800 4767 1881
8021 6 3 1 3 0 4800 4767 1881 4801 4768 1882
8022 6 3 1 3 0 4801 4768 1882 4802 4769 1883
8023 6 3 1 3 0 4802 4769 1883 4803 4770 1884
8024 6 3 1 3 0 4803 4770 1884 4804 4771 1885
8025 6 3 1 3 0 4804 4771 1885 4805 4772 1886
8026 6 3 1 3 0 4805 4772 1886 4806 4773 1887
8027 6 3 1 3 0 4806 4773 1887 4807 4774 1888
8028 6 3 1 3 0 4807 4774 1888 2027 2024 398
8029 6 3 1 3 0 1800 1792 1771 4808 4720 4489
8030 6 3 1 3 0 4808 4720 4489 4809 4721 4490
8031 6 3 1 3 0 4809 4721 4490 4810 4722 4491
8032 6 3 1 3 0 4810 4722 4491 4811 4723 4492
8033 6 3 1 3 0 4811 4723 4492 4812 4724 4493
8034 6 3 1 3 0 4812 4724 4493 4813 4725 4494
8035 6 3 1 3 0 4813 4725 4494 4814 4726 4495
8036 6 3 1 3 0 4814 4726 4495 4815 4727 4496
8037 6 3 1 3 0 4815 4727 4496 4816 4728 4497
8038 6 3 1 3 0 4816 4728 4497 4817 4729 4498
8039 6 3 1 3 0 4817 4729 4498 4818 4730 4499
8040 6 3 1 3 0 4818 4730 4499 2028 2020 1999
8041 6 3 1 3 0 1771 1778 1798 4489 4566 4786
8042 6 3 1 3 0 4489 4566 4786 4490 4567 4787
8043 6 3 1 3 0 4490 4567 4787 4491 4568 4788
8044 6 3 1 3 0 4491 4568 4788 4492 4569 4789
8045 6 3 1 3 0 4492 4569 4789 4493 4570 4790
8046 6 3 1 3 0 4493 4570 4790 4494 4571 4791
8047 6 3 1 3 0 4494 4571 4791 4495 4572 4792
8048 6 3 1 3 0 4495 4572 4792 4496 4573 4793
8049 6 3 1 3 0 4496 4573 4793 4497 4574 4794
8050 6 3 1 3 0 4497 4574 4794 4498 4575 4795
8051 6 3 1 3 0 4498 4575 4795 4499 4576 4796
8052 6 3 1 3 0 4499 4576 4796 1999 2006 2026
8053 6 3 1 3 0 1771 1798 1800 4489 4786 4808
8054 6 3 1 3 0 4489 4786 4808 4490 4787 4809
8055 6 3 1 3 0 4490 4787 4809 4491 4788 4810
8056 6 3 1 3 0 4491 4788 4810 4492 4789 4811
8057 6 3 1 3 0 4492 4789 4811 4493 4790 4812
8058 6 3 1 3 0 4493 4790 4812 4494 4791 4813
8059 6 3 1 3 0 4494 4791 4813 4495 4792 4814
8060 6 3 1 3 0 4495 4792 4814 4496 4793 4815
8061 6 3 1 3 0 4496 4793 4815 4497 4794 4816
8062 6 3 1 3 0 4497 4794 4816 4498 4795 4817
8063 6 3 1 3 0 4498 4795 4817 4499 4796 4818
8064 6 3 1 3 0 4499 4796 4818 1999 2026 2028
8065 6 3 1 3 0 1798 1778 1776 4786 4566 4544
8066 6 3 1 3 0 4786 4566 4544 4787 4567 4545
8067 6 3 1 3 0 4787 4567 4545 4788 4568 4546
8068 6 3 1 3 0 4788 4568 4546 4789 4569 4547
8069 6 3 1 3 0 4789 4569 4547 4790 4570 4548
8070 6 3 1 3 0 4790 4570 4548 4791 4571 4549
8071 6 3 1 3 0 4791 4571 4549 4792 4572 4550
8072 6 3 1 3 0 4792 4572 4550 4793 4573 4551
8073 6 3 1 3 0 4793 4573 4551 4794 4574 4552
8074 6 3 1 3 0 4794 4574 4552 4795 4575 4553
8075 6 3 1 3 0 4795 4575 4553 4796 4576 4554
8076 6 3 1 3 0 4796 4576 4554 2026 2006 2004
8077 6 3 1 3 0 1798 1797 1800 4786 4775 4808
8078 6 3 1 3 0 4786 4775 4808 4787 4776 4809
8079 6 3 1 3 0 4787 4776 4809 4788 4777 4810
8080 6 3 1 3 0 4788 4777 4810 4789 4778 4811
8081 6 3 1 3 0 4789 4778 4811 4790 4779 4812
8082 6 3 1 3 0 4790 4779 4812 4791 4780 4813
8083 6 3 1 3 0 4791 4780 4813 4792 4781 4814
8084 6 3 1 3 0 4792 4781 4814 4793 4782 4815
8085 6 3 1 3 0 4793 4782 4815 4794 4783 4816
8086 6 3 1 3 0 4794 4783 4816 4795 4784 4817
8087 6 3 1 3 0 4795 4784 4817 4796 4785 4818
8088 6 3 1 3 0 4796 4785 4818 2026 2025 2028
8089 6 3 1 3 0 1792 1799 1772 4720 4797 4500
8090 6 3 1 3 0 4720 4797 4500 4721 4798 4501
8091 6 3 1 3 0 4721 4798 4501 4722 4799 4502
8092 6 3 1 3 0 4722 4799 4502 4723 4800 4503
8093 6 3 1 3 0 4723 4800 4503 4724 4801 4504
8094 6 3 1 3 0 4724 4801 4504 4725 4802 4505
8095 6 3 1 3 0 4725 4802 4505 4726 4803 4506
8096 6 3 1 3 0 4726 4803 4506 4727 4804 4507
8097 6 3 1 3 0 4727 4804 4507 4728 4805 4508
8098 6 3 1 3 0 4728 4805 4508 4729 4806 4509
8099 6 3 1 3 0 4729 4806 4509 4730 4807 4510
8100 6 3 1 3 0 4730 4807 4510 2020 2027 2000
8101 6 3 1 3 0 1799 1792 1800 4797 4720 4808
8102 6 3 1 3 0 4797 4720 4808 4798 4721 4809
8103 6 3 1 3 0 4798 4721 4809 4799 4722 4810
8104 6 3 1 3 0 4799 4722 4810 4800 4723 4811
8105 6 3 1 3 0 4800 4723 4811 4801 4724 4812
8106 6 3 1 3 0 4801 4724 4812 4802 4725 4813
8107 6 3 1 3 0 4802 4725 4813 4803 4726 4814
8108 6 3 1 3 0 4803 4726 4814 4804 4727 4815
8109 6 3 1 3 0 4804 4727 4815 4805 4728 4816
8110 6 3 1 3 0 4805 4728 4816 4806 4729 4817
8111 6 3 1 3 0 4806 4729 4817 4807 4730 4818
8112 6 3 1 3 0 4807 4730 4818 2027 2020 2028
8113 6 3 1 3 0 1800 1796 1799 4808 4764 4797
8114 6 3 1 3 0 4808 4764 4797 4809 4765 4798
8115 6 3 1 3 0 4809 4765 4798 4810 4766 4799
8116 6 3 1 3 0 4810 4766 4799 4811 4767 4800
8117 6 3 1 3 0 4811 4767 4800 4812 4768 4801
8118 6 3 1 3 0 4812 4768 4801 4813 4769 4802
8119 6 3 1 3 0 4813 4769 4802 4814 4770 4803
8120 6 3 1 3 0 4814 4770 4803 4815 4771 4804
8121 6 3 1 3 0 4815 4771 4804 4816 4772 4805
8122 6 3 1 3 0 4816 4772 4805 4817 4773 4806
8123 6 3 1 3 0 4817 4773 4806 4818 4774 4807
8124 6 3 1 3 0 4818 4774 4807 2028 2024 2027
8125 6 3 1 3 0 324 13 1780 1988 409 4588
8126 6 3 1 3 0 1988 409 4588 1989 410 4589
8127 6 3 1 3 0 1989 410 4589 1990 411 4590
8128 6 3 1 3 0 1990 411 4590 1991 412 4591
8129 6 3 1 3 0 1991 412 4591 1992 413 4592
8130 6 3 1 3 0 1992 413 4592 1993 414 4593
8131 6 3 1 3 0 1993 414 4593 1994 415 4594
8132 6 3 1 3 0 1994 415 4594 1995 416 4595
8133 6 3 1 3 0 1995 416 4595 1996 417 4596
8134 6 3 1 3 0 1996 417 4596 1997 418 4597
8135 6 3 1 3 0 1997 418 4597 1998 419 4598
8136 6 3 1 3 0 1998 419 4598 408 19 2008
8137 6 3 1 3 0 1780 1784 324 4588 4632 1988
8138 6 3 1 3 0 4588 4632 1988 4589 4633 1989
8139 6 3 1 3 0 4589 4633 1989 4590 4634 1990
8140 6 3 1 3 0 4590 4634 1990 4591 4635 1991
8141 6 3 1 3 0 4591 4635 1991 4592 4636 1992
8142 6 3 1 3 0 4592 4636 1992 4593 4637 1993
8143 6 3 1 3 0 4593 4637 1993 4594 4638 1994
8144 6 3 1 3 0 4594 4638 1994 4595 4639 1995
8145 6 3 1 3 0 4595 4639 1995 4596 4640 1996
8146 6 3 1 3 0 4596 4640 1996 4597 4641 1997
8147 6 3 1 3 0 4597 4641 1997 4598 4642 1998
8148 6 3 1 3 0 4598 4642 1998 2008 2012 408
8149 6 3 1 3 0 1790 307 308 4698 1801 1812
8150 6 3 1 3 0 4698 1801 1812 4699 1802 1813
8151 6 3 1 3 0 4699 1802 1813 4700 1803 1814
8152 6 3 1 3 0 4700 1803 1814 4701 1804 1815
8153 6 3 1 3 0 4701 1804 1815 4702 1805 1816
8154 6 3 1 3 0 4702 1805 1816 4703 1806 1817
8155 6 3 1 3 0 4703 1806 1817 4704 1807 1818
8156 6 3 1 3 0 4704 1807 1818 4705 1808 1819
8157 6 3 1 3 0 4705 1808 1819 4706 1809 1820
8158 6 3 1 3 0 4706 1809 1820 4707 1810 1821
8159 6 3 1 3 0 4707 1810 1821 4708 1811 1822
8160 6 3 1 3 0 4708 1811 1822 2018 391 392
8161 6 3 1 3 0 1780 307 1790 4588 1801 4698
8162 6 3 1 3 0 4588 1801 4698 4589 1802 4699
8163 6 3 1 3 0 4589 1802 4699 4590 1803 4700
8164 6 3 1 3 0 4590 1803 4700 4591 1804 4701
8165 6 3 1 3 0 4591 1804 4701 4592 1805 4702
8166 6 3 1 3 0 4592 1805 4702 4593 1806 4703
8167 6 3 1 3 0 4593 1806 4703 4594 1807 4704
8168 6 3 1 3 0 4594 1807 4704 4595 1808 4705
8169 6 3 1 3 0 4595 1808 4705 4596 1809 4706
8170 6 3 1 3 0 4596 1809 4706 4597 1810 4707
8171 6 3 1 3 0 4597 1810 4707 4598 1811 4708
8172 6 3 1 3 0 4598 1811 4708 2008 391 2018
8173 6 3 1 3 0 309 14 1789 1823 420 4687
8174 6 3 1 3 0 1823 420 4687 1824 421 4688
8175 6 3 1 3 0 1824 421 4688 1825 422 4689
8176 6 3 1 3 0 1825 422 4689 1826 423 4690
8177 6 3 1 3 0 1826 423 4690 1827 424 4691
8178 6 3 1 3 0 1827 424 4691 1828 425 4692
8179 6 3 1 3 0 1828 425 4692 1829 426 4693
8180 6 3 1 3 0 1829 426 4693 1830 427 4694
8181 6 3 1 3 0 1830 427 4694 1831 428 4695
8182 6 3 1 3 0 1831 428 4695 1832 429 4696
8183 6 3 1 3 0 1832 429 4696 1833 430 4697
8184 6 3 1 3 0 1833 430 4697 393 20 2017
8185 6 3 1 3 0 1789 1782 309 4687 4610 1823
8186 6 3 1 3 0 4687 4610 1823 4688 4611 1824
8187 6 3 1 3 0 4688 4611 1824 4689 4612 1825
8188 6 3 1 3 0 4689 4612 1825 4690 4613 1826
8189 6 3 1 3 0 4690 4613 1826 4691 4614 1827
8190 6 3 1 3 0 4691 4614 1827 4692 4615 1828
8191 6 3 1 3 0 4692 4615 1828 4693 4616 1829
8192 6 3 1 3 0 4693 4616 1829 4694 4617 1830
8193 6 3 1 3 0 4694 4617 1830 4695 4618 1831
8194 6 3 1 3 0 4695 4618 1831 4696 4619 1832
8195 6 3 1 3 0 4696 4619 1832 4697 4620 1833
8196 6 3 1 3 0 4697 4620 1833 2017 2010 393
8197 6 3 4 4 0 2000 22 400 4830 526 2128
8198 6 3 4 4 0 4830 526 2128 4831 527 2129
8199 6 3 4 4 0 4831 527 2129 4832 528 2130
8200 6 3 4 4 0 4832 528 2130 4833 529 2131
8201 6 3 4 4 0 4833 529 2131 4834 530 2132
8202 6 3 4 4 0 4834 530 2132 4835 531 2133
8203 6 3 4 4 0 4835 531 2133 4836 532 2134
8204 6 3 4 4 0 4836 532 2134 4837 533 2135
8205 6 3 4 4 0 4837 533 2135 4838 534 2136
8206 6 3 4 4 0 4838 534 2136 4839 535 2137
8207 6 3 4 4 0 4839 535 2137 4840 536 2138
8208 6 3 4 4 0 4840 536 2138 2228 28 484
8209 6 3 4 4 0 399 22 2000 2117 526 4830
8210 6 3 4 4 0 2117 526 4830 2118 527 4831
8211 6 3 4 4 0 2118 527 4831 2119 528 4832
8212 6 3 4 4 0 2119 528 4832 2120 529 4833
8213 6 3 4 4 0 2120 529 4833 2121 530 4834
8214 6 3 4 4 0 2121 530 4834 2122 531 4835
8215 6 3 4 4 0 2122 531 4835 2123 532 4836
8216 6 3 4 4 0 2123 532 4836 2124 533 4837
8217 6 3 4 4 0 2124 533 4837 2125 534 4838
8218 6 3 4 4 0 2125 534 4838 2126 535 4839
8219 6 3 4 4 0 2126 535 4839 2127 536 4840
8220 6 3 4 4 0 2127 536 4840 483 28 2228
8221 6 3 4 4 0 2001 406 407 4841 2194 2205
8222 6 3 4 4 0 4841 2194 2205 4842 2195 2206
8223 6 3 4 4 0 4842 2195 2206 4843 2196 2207
8224 6 3 4 4 0 4843 2196 2207 4844 2197 2208
8225 6 3 4 4 0 4844 2197 2208 4845 2198 2209
8226 6 3 4 4 0 4845 2198 2209 4846 2199 2210
8227 6 3 4 4 0 4846 2199 2210 4847 2200 2211
8228 6 3 4 4 0 4847 2200 2211 4848 2201 2212
8229 6 3 4 4 0 4848 2201 2212 4849 2202 2213
8230 6 3 4 4 0 4849 2202 2213 4850 2203 2214
8231 6 3 4 4 0 4850 2203 2214 4851 2204 2215
8232 6 3 4 4 0 4851 2204 2215 2229 490 491
8233 6 3 4 4 0 2001 2005 2007 4841 4885 4907
8234 6 3 4 4 0 4841 4885 4907 4842 4886 4908
8235 6 3 4 4 0 4842 4886 4908 4843 4887 4909
8236 6 3 4 4 0 4843 4887 4909 4844 4888 4910
8237 6 3 4 4 0 4844 4888 4910 4845 4889 4911
8238 6 3 4 4 0 4845 4889 4911 4846 4890 4912
8239 6 3 4 4 0 4846 4890 4912 4847 4891 4913
8240 6 3 4 4 0 4847 4891 4913 4848 4892 4914
8241 6 3 4 4 0 4848 4892 4914 4849 4893 4915
8242 6 3 4 4 0 4849 4893 4915 4850 4894 4916
8243 6 3 4 4 0 4850 4894 4916 4851 4895 4917
8244 6 3 4 4 0 4851 4895 4917 2229 2233 2235
8245 6 3 4 4 0 2007 2005 405 4907 4885 2183
8246 6 3 4 4 0 4907 4885 2183 4908 4886 2184
8247 6 3 4 4 0 4908 4886 2184 4909 4887 2185
8248 6 3 4 4 0 4909 4887 2185 4910 4888 2186
8249 6 3 4 4 0 4910 4888 2186 4911 4889 2187
8250 6 3 4 4 0 4911 4889 2187 4912 4890 2188
8251 6 3 4 4 0 4912 4890 2188 4913 4891 2189
8252 6 3 4 4 0 4913 4891 2189 4914 4892 2190
8253 6 3 4 4 0 4914 4892 2190 4915 4893 2191
8254 6 3 4 4 0 4915 4893 2191 4916 4894 2192
8255 6 3 4 4 0 4916 4894 2192 4917 4895 2193
8256 6 3 4 4 0 4917 4895 2193 2235 2233 489
8257 6 3 4 4 0 2007 24 406 4907 548 2194
8258 6 3 4 4 0 4907 548 2194 4908 549 2195
8259 6 3 4 4 0 4908 549 2195 4909 550 2196
8260 6 3 4 4 0 4909 550 2196 4910 551 2197
8261 6 3 4 4 0 4910 551 2197 4911 552 2198
8262 6 3 4 4 0 4911 552 2198 4912 553 2199
8263 6 3 4 4 0 4912 553 2199 4913 554 2200
8264 6 3 4 4 0 4913 554 2200 4914 555 2201
8265 6 3 4 4 0 4914 555 2201 4915 556 2202
8266 6 3 4 4 0 4915 556 2202 4916 557 2203
8267 6 3 4 4 0 4916 557 2203 4917 558 2204
8268 6 3 4 4 0 4917 558 2204 2235 30 490
8269 6 3 4 4 0 406 2001 2007 2194 4841 4907
8270 6 3 4 4 0 2194 4841 4907 2195 4842 4908
8271 6 3 4 4 0 2195 4842 4908 2196 4843 4909
8272 6 3 4 4 0 2196 4843 4909 2197 4844 4910
8273 6 3 4 4 0 2197 4844 4910 2198 4845 4911
8274 6 3 4 4 0 2198 4845 4911 2199 4846 4912
8275 6 3 4 4 0 2199 4846 4912 2200 4847 4913
8276 6 3 4 4 0 2200 4847 4913 2201 4848 4914
8277 6 3 4 4 0 2201 4848 4914 2202 4849 4915
8278 6 3 4 4 0 2202 4849 4915 2203 4850 4916
8279 6 3 4 4 0 2203 4850 4916 2204 4851 4917
8280 6 3 4 4 0 2204 4851 4917 490 2229 2235
8281 6 3 4 4 0 405 24 2007 2183 548 4907
8282 6 3 4 4 0 2183 548 4907 2184 549 4908
8283 6 3 4 4 0 2184 549 4908 2185 550 4909
8284 6 3 4 4 0 2185 550 4909 2186 551 4910
8285 6 3 4 4 0 2186 551 4910 2187 552 4911
8286 6 3 4 4 0 2187 552 4911 2188 553 4912
8287 6 3 4 4 0 2188 553 4912 2189 554 4913
8288 6 3 4 4 0 2189 554 4913 2190 555 4914
8289 6 3 4 4 0 2190 555 4914 2191 556 4915
8290 6 3 4 4 0 2191 556 4915 2192 557 4916
8291 6 3 4 4 0 2192 557 4916 2193 558 4917
8292 6 3 4 4 0 2193 558 4917 489 30 2235
8293 6 3 4 4 0 2012 2002 2001 4962 4852 4841
8294 6 3 4 4 0 4962 4852 4841 4963 4853 4842
8295 6 3 4 4 0 4963 4853 4842 4964 4854 4843
8296 6 3 4 4 0 4964 4854 4843 4965 4855 4844
8297 6 3 4 4 0 4965 4855 4844 4966 4856 4845
8298 6 3 4 4 0 4966 4856 4845 4967 4857 4846
8299 6 3 4 4 0 4967 4857 4846 4968 4858 4847
8300 6 3 4 4 0 4968 4858 4847 4969 4859 4848
8301 6 3 4 4 0 4969 4859 4848 4970 4860 4849
8302 6 3 4 4 0 4970 4860 4849 4971 4861 4850
8303 6 3 4 4 0 4971 4861 4850 4972 4862 4851
8304 6 3 4 4 0 4972 4862 4851 2240 2230 2229
8305 6 3 4 4 0 2013 403 404 4973 2161 2172
8306 6 3 4 4 0 4973 2161 2172 4974 2162 2173
8307 6 3 4 4 0 4974 2162 2173 4975 2163 2174
8308 6 3 4 4 0 4975 2163 2174 4976 2164 2175
8309 6 3 4 4 0 4976 2164 2175 4977 2165 2176
8310 6 3 4 4 0 4977 2165 2176 4978 2166 2177
8311 6 3 4 4 0 4978 2166 2177 4979 2167 2178
8312 6 3 4 4 0 4979 2167 2178 4980 2168 2179
8313 6 3 4 4 0 4980 2168 2179 4981 2169 2180
8314 6 3 4 4 0 4981 2169 2180 4982 2170 2181
8315 6 3 4 4 0 4982 2170 2181 4983 2171 2182
8316 6 3 4 4 0 4983 2171 2182 2241 487 488
8317 6 3 4 4 0 2008 19 391 4918 493 2029
8318 6 3 4 4 0 4918 493 2029 4919 494 2030
8319 6 3 4 4 0 4919 494 2030 4920 495 2031
8320 6 3 4 4 0 4920 495 2031 4921 496 2032
8321 6 3 4 4 0 4921 496 2032 4922 497 2033
8322 6 3 4 4 0 4922 497 2033 4923 498 2034
8323 6 3 4 4 0 4923 498 2034 4924 499 2035
8324 6 3 4 4 0 4924 499 2035 4925 500 2036
8325 6 3 4 4 0 4925 500 2036 4926 501 2037
8326 6 3 4 4 0 4926 501 2037 4927 502 2038
8327 6 3 4 4 0 4927 502 2038 4928 503 2039
8328 6 3 4 4 0 4928 503 2039 2236 25 475
8329 6 3 4 4 0 2009 2006 2002 4929 4896 4852
8330 6 3 4 4 0 4929 4896 4852 4930 4897 4853
8331 6 3 4 4 0 4930 4897 4853 4931 4898 4854
8332 6 3 4 4 0 4931 4898 4854 4932 4899 4855
8333 6 3 4 4 0 4932 4899 4855 4933 4900 4856
8334 6 3 4 4 0 4933 4900 4856 4934 4901 4857
8335 6 3 4 4 0 4934 4901 4857 4935 4902 4858
8336 6 3 4 4 0 4935 4902 4858 4936 4903 4859
8337 6 3 4 4 0 4936 4903 4859 4937 4904 4860
8338 6 3 4 4 0 4937 4904 4860 4938 4905 4861
8339 6 3 4 4 0 4938 4905 4861 4939 4906 4862
8340 6 3 4 4 0 4939 4906 4862 2237 2234 2230
8341 6 3 4 4 0 2004 2006 2009 4874 4896 4929
8342 6 3 4 4 0 4874 4896 4929 4875 4897 4930
8343 6 3 4 4 0 4875 4897 4930 4876 4898 4931
8344 6 3 4 4 0 4876 4898 4931 4877 4899 4932
8345 6 3 4 4 0 4877 4899 4932 4878 4900 4933
8346 6 3 4 4 0 4878 4900 4933 4879 4901 4934
8347 6 3 4 4 0 4879 4901 4934 4880 4902 4935
8348 6 3 4 4 0 4880 4902 4935 4881 4903 4936
8349 6 3 4 4 0 4881 4903 4936 4882 4904 4937
8350 6 3 4 4 0 4882 4904 4937 4883 4905 4938
8351 6 3 4 4 0 4883 4905 4938 4884 4906 4939
8352 6 3 4 4 0 4884 4906 4939 2232 2234 2237
8353 6 3 4 4 0 392 393 2010 2040 2051 4940
8354 6 3 4 4 0 2040 2051 4940 2041 2052 4941
8355 6 3 4 4 0 2041 2052 4941 2042 2053 4942
8356 6 3 4 4 0 2042 2053 4942 2043 2054 4943
8357 6 3 4 4 0 2043 2054 4943 2044 2055 4944
8358 6 3 4 4 0 2044 2055 4944 2045 2056 4945
8359 6 3 4 4 0 2045 2056 4945 2046 2057 4946
8360 6 3 4 4 0 2046 2057 4946 2047 2058 4947
8361 6 3 4 4 0 2047 2058 4947 2048 2059 4948
8362 6 3 4 4 0 2048 2059 4948 2049 2060 4949
8363 6 3 4 4 0 2049 2060 4949 2050 2061 4950
8364 6 3 4 4 0 2050 2061 4950 476 477 2238
8365 6 3 4 4 0 2012 2001 407 4962 4841 2205
8366 6 3 4 4 0 4962 4841 2205 4963 4842 2206
8367 6 3 4 4 0 4963 4842 2206 4964 4843 2207
8368 6 3 4 4 0 4964 4843 2207 4965 4844 2208
8369 6 3 4 4 0 4965 4844 2208 4966 4845 2209
8370 6 3 4 4 0 4966 4845 2209 4967 4846 2210
8371 6 3 4 4 0 4967 4846 2210 4968 4847 2211
8372 6 3 4 4 0 4968 4847 2211 4969 4848 2212
8373 6 3 4 4 0 4969 4848 2212 4970 4849 2213
8374 6 3 4 4 0 4970 4849 2213 4971 4850 2214
8375 6 3 4 4 0 4971 4850 2214 4972 4851 2215
8376 6 3 4 4 0 4972 4851 2215 2240 2229 491
8377 6 3 4 4 0 407 408 2012 2205 2216 4962
8378 6 3 4 4 0 2205 2216 4962 2206 2217 4963
8379 6 3 4 4 0 2206 2217 4963 2207 2218 4964
8380 6 3 4 4 0 2207 2218 4964 2208 2219 4965
8381 6 3 4 4 0 2208 2219 4965 2209 2220 4966
8382 6 3 4 4 0 2209 2220 4966 2210 2221 4967
8383 6 3 4 4 0 2210 2221 4967 2211 2222 4968
8384 6 3 4 4 0 2211 2222 4968 2212 2223 4969
8385 6 3 4 4 0 2212 2223 4969 2213 2224 4970
8386 6 3 4 4 0 2213 2224 4970 2214 2225 4971
8387 6 3 4 4 0 2214 2225 4971 2215 2226 4972
8388 6 3 4 4 0 2215 2226 4972 491 492 2240
8389 6 3 4 4 0 2015 401 402 4995 2139 2150
8390 6 3 4 4 0 4995 2139 2150 4996 2140 2151
8391 6 3 4 4 0 4996 2140 2151 4997 2141 2152
8392 6 3 4 4 0 4997 2141 2152 4998 2142 2153
8393 6 3 4 4 0 4998 2142 2153 4999 2143 2154
8394 6 3 4 4 0 4999 2143 2154 5000 2144 2155
8395 6 3 4 4 0 5000 2144 2155 5001 2145 2156
8396 6 3 4 4 0 5001 2145 2156 5002 2146 2157
8397 6 3 4 4 0 5002 2146 2157 5003 2147 2158
8398 6 3 4 4 0 5003 2147 2158 5004 2148 2159
8399 6 3 4 4 0 5004 2148 2159 5005 2149 2160
8400 6 3 4 4 0 5005 2149 2160 2243 485 486
8401 6 3 4 4 0 400 401 2016 2128 2139 5006
8402 6 3 4 4 0 2128 2139 5006 2129 2140 5007
8403 6 3 4 4 0 2129 2140 5007 2130 2141 5008
8404 6 3 4 4 0 2130 2141 5008 2131 2142 5009
8405 6 3 4 4 0 2131 2142 5009 2132 2143 5010
8406 6 3 4 4 0 2132 2143 5010 2133 2144 5011
8407 6 3 4 4 0 2133 2144 5011 2134 2145 5012
8408 6 3 4 4 0 2134 2145 5012 2135 2146 5013
8409 6 3 4 4 0 2135 2146 5013 2136 2147 5014
8410 6 3 4 4 0 2136 2147 5014 2137 2148 5015
8411 6 3 4 4 0 2137 2148 5015 2138 2149 5016
8412 6 3 4 4 0 2138 2149 5016 484 485 2244
8413 6 3 4 4 0 396 21 2019 2084 515 5039
8414 6 3 4 4 0 2084 515 5039 2085 516 5040
8415 6 3 4 4 0 2085 516 5040 2086 517 5041
8416 6 3 4 4 0 2086 517 5041 2087 518 5042
8417 6 3 4 4 0 2087 518 5042 2088 519 5043
8418 6 3 4 4 0 2088 519 5043 2089 520 5044
8419 6 3 4 4 0 2089 520 5044 2090 521 5045
8420 6 3 4 4 0 2090 521 5045 2091 522 5046
8421 6 3 4 4 0 2091 522 5046 2092 523 5047
8422 6 3 4 4 0 2092 523 5047 2093 524 5048
8423 6 3 4 4 0 2093 524 5048 2094 525 5049
8424 6 3 4 4 0 2094 525 5049 480 27 2247
8425 6 3 4 4 0 2009 2002 2012 4929 4852 4962
8426 6 3 4 4 0 4929 4852 4962 4930 4853 4963
8427 6 3 4 4 0 4930 4853 4963 4931 4854 4964
8428 6 3 4 4 0 4931 4854 4964 4932 4855 4965
8429 6 3 4 4 0 4932 4855 4965 4933 4856 4966
8430 6 3 4 4 0 4933 4856 4966 4934 4857 4967
8431 6 3 4 4 0 4934 4857 4967 4935 4858 4968
8432 6 3 4 4 0 4935 4858 4968 4936 4859 4969
8433 6 3 4 4 0 4936 4859 4969 4937 4860 4970
8434 6 3 4 4 0 4937 4860 4970 4938 4861 4971
8435 6 3 4 4 0 4938 4861 4971 4939 4862 4972
8436 6 3 4 4 0 4939 4862 4972 2237 2230 2240
8437 6 3 4 4 0 2008 2009 2012 4918 4929 4962
8438 6 3 4 4 0 4918 4929 4962 4919 4930 4963
8439 6 3 4 4 0 4919 4930 4963 4920 4931 4964
8440 6 3 4 4 0 4920 4931 4964 4921 4932 4965
8441 6 3 4 4 0 4921 4932 4965 4922 4933 4966
8442 6 3 4 4 0 4922 4933 4966 4923 4934 4967
8443 6 3 4 4 0 4923 4934 4967 4924 4935 4968
8444 6 3 4 4 0 4924 4935 4968 4925 4936 4969
8445 6 3 4 4 0 4925 4936 4969 4926 4937 4970
8446 6 3 4 4 0 4926 4937 4970 4927 4938 4971
8447 6 3 4 4 0 4927 4938 4971 4928 4939 4972
8448 6 3 4 4 0 4928 4939 4972 2236 2237 2240
8449 6 3 4 4 0 2004 2010 2011 4874 4940 4951
8450 6 3 4 4 0 4874 4940 4951 4875 4941 4952
8451 6 3 4 4 0 4875 4941 4952 4876 4942 4953
8452 6 3 4 4 0 4876 4942 4953 4877 4943 4954
8453 6 3 4 4 0 4877 4943 4954 4878 4944 4955
8454 6 3 4 4 0 4878 4944 4955 4879 4945 4956
8455 6 3 4 4 0 4879 4945 4956 4880 4946 4957
8456 6 3 4 4 0 4880 4946 4957 4881 4947 4958
8457 6 3 4 4 0 4881 4947 4958 4882 4948 4959
8458 6 3 4 4 0 4882 4948 4959 4883 4949 4960
8459 6 3 4 4 0 4883 4949 4960 4884 4950 4961
8460 6 3 4 4 0 4884 4950 4961 2232 2238 2239
8461 6 3 4 4 0 404 405 2013 2172 2183 4973
8462 6 3 4 4 0 2172 2183 4973 2173 2184 4974
8463 6 3 4 4 0 2173 2184 4974 2174 2185 4975
8464 6 3 4 4 0 2174 2185 4975 2175 2186 4976
8465 6 3 4 4 0 2175 2186 4976 2176 2187 4977
8466 6 3 4 4 0 2176 2187 4977 2177 2188 4978
8467 6 3 4 4 0 2177 2188 4978 2178 2189 4979
8468 6 3 4 4 0 2178 2189 4979 2179 2190 4980
8469 6 3 4 4 0 2179 2190 4980 2180 2191 4981
8470 6 3 4 4 0 2180 2191 4981 2181 2192 4982
8471 6 3 4 4 0 2181 2192 4982 2182 2193 4983
8472 6 3 4 4 0 2182 2193 4983 488 489 2241
8473 6 3 4 4 0 2013 405 2005 4973 2183 4885
8474 6 3 4 4 0 4973 2183 4885 4974 2184 4886
8475 6 3 4 4 0 4974 2184 4886 4975 2185 4887
8476 6 3 4 4 0 4975 2185 4887 4976 2186 4888
8477 6 3 4 4 0 4976 2186 4888 4977 2187 4889
8478 6 3 4 4 0 4977 2187 4889 4978 2188 4890
8479 6 3 4 4 0 4978 2188 4890 4979 2189 4891
8480 6 3 4 4 0 4979 2189 4891 4980 2190 4892
8481 6 3 4 4 0 4980 2190 4892 4981 2191 4893
8482 6 3 4 4 0 4981 2191 4893 4982 2192 4894
8483 6 3 4 4 0 4982 2192 4894 4983 2193 4895
8484 6 3 4 4 0 4983 2193 4895 2241 489 2233
8485 6 3 4 4 0 2013 2005 2003 4973 4885 4863
8486 6 3 4 4 0 4973 4885 4863 4974 4886 4864
8487 6 3 4 4 0 4974 4886 4864 4975 4887 4865
8488 6 3 4 4 0 4975 4887 4865 4976 4888 4866
8489 6 3 4 4 0 4976 4888 4866 4977 4889 4867
8490 6 3 4 4 0 4977 4889 4867 4978 4890 4868
8491 6 3 4 4 0 4978 4890 4868 4979 4891 4869
8492 6 3 4 4 0 4979 4891 4869 4980 4892 4870
8493 6 3 4 4 0 4980 4892 4870 4981 4893 4871
8494 6 3 4 4 0 4981 4893 4871 4982 4894 4872
8495 6 3 4 4 0 4982 4894 4872 4983 4895 4873
8496 6 3 4 4 0 4983 4895 4873 2241 2233 2231
8497 6 3 4 4 0 2014 2003 1999 4984 4863 4819
8498 6 3 4 4 0 4984 4863 4819 4985 4864 4820
8499 6 3 4 4 0 4985 4864 4820 4986 4865 4821
8500 6 3 4 4 0 4986 4865 4821 4987 4866 4822
8501 6 3 4 4 0 4987 4866 4822 4988 4867 4823
8502 6 3 4 4 0 4988 4867 4823 4989 4868 4824
8503 6 3 4 4 0 4989 4868 4824 4990 4869 4825
8504 6 3 4 4 0 4990 4869 4825 4991 4870 4826
8505 6 3 4 4 0 4991 4870 4826 4992 4871 4827
8506 6 3 4 4 0 4992 4871 4827 4993 4872 4828
8507 6 3 4 4 0 4993 4872 4828 4994 4873 4829
8508 6 3 4 4 0 4994 4873 4829 2242 2231 2227
8509 6 3 4 4 0 2000 400 2016 4830 2128 5006
8510 6 3 4 4 0 4830 2128 5006 4831 2129 5007
8511 6 3 4 4 0 4831 2129 5007 4832 2130 5008
8512 6 3 4 4 0 4832 2130 5008 4833 2131 5009
8513 6 3 4 4 0 4833 2131 5009 4834 2132 5010
8514 6 3 4 4 0 4834 2132 5010 4835 2133 5011
8515 6 3 4 4 0 4835 2133 5011 4836 2134 5012
8516 6 3 4 4 0 4836 2134 5012 4837 2135 5013
8517 6 3 4 4 0 4837 2135 5013 4838 2136 5014
8518 6 3 4 4 0 4838 2136 5014 4839 2137 5015
8519 6 3 4 4 0 4839 2137 5015 4840 2138 5016
8520 6 3 4 4 0 4840 2138 5016 2228 484 2244
8521 6 3 4 4 0 2017 394 395 5017 2062 2073
8522 6 3 4 4 0 5017 2062 2073 5018 2063 2074
8523 6 3 4 4 0 5018 2063 2074 5019 2064 2075
8524 6 3 4 4 0 5019 2064 2075 5020 2065 2076
8525 6 3 4 4 0 5020 2065 2076 5021 2066 2077
8526 6 3 4 4 0 5021 2066 2077 5022 2067 2078
8527 6 3 4 4 0 5022 2067 2078 5023 2068 2079
8528 6 3 4 4 0 5023 2068 2079 5024 2069 2080
8529 6 3 4 4 0 5024 2069 2080 5025 2070 2081
8530 6 3 4 4 0 5025 2070 2081 5026 2071 2082
8531 6 3 4 4 0 5026 2071 2082 5027 2072 2083
8532 6 3 4 4 0 5027 2072 2083 2245 478 479
8533 6 3 4 4 0 2010 2017 2011 4940 5017 4951
8534 6 3 4 4 0 4940 5017 4951 4941 5018 4952
8535 6 3 4 4 0 4941 5018 4952 4942 5019 4953
8536 6 3 4 4 0 4942 5019 4953 4943 5020 4954
8537 6 3 4 4 0 4943 5020 4954 4944 5021 4955
8538 6 3 4 4 0 4944 5021 4955 4945 5022 4956
8539 6 3 4 4 0 4945 5022 4956 4946 5023 4957
8540 6 3 4 4 0 4946 5023 4957 4947 5024 4958
8541 6 3 4 4 0 4947 5024 4958 4948 5025 4959
8542 6 3 4 4 0 4948 5025 4959 4949 5026 4960
8543 6 3 4 4 0 4949 5026 4960 4950 5027 4961
8544 6 3 4 4 0 4950 5027 4961 2238 2245 2239
8545 6 3 4 4 0 20 394 2017 504 2062 5017
8546 6 3 4 4 0 504 2062 5017 505 2063 5018
8547 6 3 4 4 0 505 2063 5018 506 2064 5019
8548 6 3 4 4 0 506 2064 5019 507 2065 5020
8549 6 3 4 4 0 507 2065 5020 508 2066 5021
8550 6 3 4 4 0 508 2066 5021 509 2067 5022
8551 6 3 4 4 0 509 2067 5022 510 2068 5023
8552 6 3 4 4 0 510 2068 5023 511 2069 5024
8553 6 3 4 4 0 511 2069 5024 512 2070 5025
8554 6 3 4 4 0 512 2070 5025 513 2071 5026
8555 6 3 4 4 0 513 2071 5026 514 2072 5027
8556 6 3 4 4 0 514 2072 5027 26 478 2245
8557 6 3 4 4 0 2018 2009 2008 5028 4929 4918
8558 6 3 4 4 0 5028 4929 4918 5029 4930 4919
8559 6 3 4 4 0 5029 4930 4919 5030 4931 4920
8560 6 3 4 4 0 5030 4931 4920 5031 4932 4921
8561 6 3 4 4 0 5031 4932 4921 5032 4933 4922
8562 6 3 4 4 0 5032 4933 4922 5033 4934 4923
8563 6 3 4 4 0 5033 4934 4923 5034 4935 4924
8564 6 3 4 4 0 5034 4935 4924 5035 4936 4925
8565 6 3 4 4 0 5035 4936 4925 5036 4937 4926
8566 6 3 4 4 0 5036 4937 4926 5037 4938 4927
8567 6 3 4 4 0 5037 4938 4927 5038 4939 4928
8568 6 3 4 4 0 5038 4939 4928 2246 2237 2236
8569 6 3 4 4 0 2018 392 2010 5028 2040 4940
8570 6 3 4 4 0 5028 2040 4940 5029 2041 4941
8571 6 3 4 4 0 5029 2041 4941 5030 2042 4942
8572 6 3 4 4 0 5030 2042 4942 5031 2043 4943
8573 6 3 4 4 0 5031 2043 4943 5032 2044 4944
8574 6 3 4 4 0 5032 2044 4944 5033 2045 4945
8575 6 3 4 4 0 5033 2045 4945 5034 2046 4946
8576 6 3 4 4 0 5034 2046 4946 5035 2047 4947
8577 6 3 4 4 0 5035 2047 4947 5036 2048 4948
8578 6 3 4 4 0 5036 2048 4948 5037 2049 4949
8579 6 3 4 4 0 5037 2049 4949 5038 2050 4950
8580 6 3 4 4 0 5038 2050 4950 2246 476 2238
8581 6 3 4 4 0 2018 2004 2009 5028 4874 4929
8582 6 3 4 4 0 5028 4874 4929 5029 4875 4930
8583 6 3 4 4 0 5029 4875 4930 5030 4876 4931
8584 6 3 4 4 0 5030 4876 4931 5031 4877 4932
8585 6 3 4 4 0 5031 4877 4932 5032 4878 4933
8586 6 3 4 4 0 5032 4878 4933 5033 4879 4934
8587 6 3 4 4 0 5033 4879 4934 5034 4880 4935
8588 6 3 4 4 0 5034 4880 4935 5035 4881 4936
8589 6 3 4 4 0 5035 4881 4936 5036 4882 4937
8590 6 3 4 4 0 5036 4882 4937 5037 4883 4938
8591 6 3 4 4 0 5037 4883 4938 5038 4884 4939
8592 6 3 4 4 0 5038 4884 4939 2246 2232 2237
8593 6 3 4 4 0 2010 2004 2018 4940 4874 5028
8594 6 3 4 4 0 4940 4874 5028 4941 4875 5029
8595 6 3 4 4 0 4941 4875 5029 4942 4876 5030
8596 6 3 4 4 0 4942 4876 5030 4943 4877 5031
8597 6 3 4 4 0 4943 4877 5031 4944 4878 5032
8598 6 3 4 4 0 4944 4878 5032 4945 4879 5033
8599 6 3 4 4 0 4945 4879 5033 4946 4880 5034
8600 6 3 4 4 0 4946 4880 5034 4947 4881 5035
8601 6 3 4 4 0 4947 4881 5035 4948 4882 5036
8602 6 3 4 4 0 4948 4882 5036 4949 4883 5037
8603 6 3 4 4 0 4949 4883 5037 4950 4884 5038
8604 6 3 4 4 0 4950 4884 5038 2238 2232 2246
8605 6 3 4 4 0 2019 21 397 5039 515 2095
8606 6 3 4 4 0 5039 515 2095 5040 516 2096
8607 6 3 4 4 0 5040 516 2096 5041 517 2097
8608 6 3 4 4 0 5041 517 2097 5042 518 2098
8609 6 3 4 4 0 5042 518 2098 5043 519 2099
8610 6 3 4 4 0 5043 519 2099 5044 520 2100
8611 6 3 4 4 0 5044 520 2100 5045 521 2101
8612 6 3 4 4 0 5045 521 2101 5046 522 2102
8613 6 3 4 4 0 5046 522 2102 5047 523 2103
8614 6 3 4 4 0 5047 523 2103 5048 524 2104
8615 6 3 4 4 0 5048 524 2104 5049 525 2105
8616 6 3 4 4 0 5049 525 2105 2247 27 481
8617 6 3 4 4 0 2015 402 23 4995 2150 537
8618 6 3 4 4 0 4995 2150 537 4996 2151 538
8619 6 3 4 4 0 4996 2151 538 4997 2152 539
8620 6 3 4 4 0 4997 2152 539 4998 2153 540
8621 6 3 4 4 0 4998 2153 540 4999 2154 541
8622 6 3 4 4 0 4999 2154 541 5000 2155 542
8623 6 3 4 4 0 5000 2155 542 5001 2156 543
8624 6 3 4 4 0 5001 2156 543 5002 2157 544
8625 6 3 4 4 0 5002 2157 544 5003 2158 545
8626 6 3 4 4 0 5003 2158 545 5004 2159 546
8627 6 3 4 4 0 5004 2159 546 5005 2160 547
8628 6 3 4 4 0 5005 2160 547 2243 486 29
8629 6 3 4 4 0 2000 2016 2020 4830 5006 5050
8630 6 3 4 4 0 4830 5006 5050 4831 5007 5051
8631 6 3 4 4 0 4831 5007 5051 4832 5008 5052
8632 6 3 4 4 0 4832 5008 5052 4833 5009 5053
8633 6 3 4 4 0 4833 5009 5053 4834 5010 5054
8634 6 3 4 4 0 4834 5010 5054 4835 5011 5055
8635 6 3 4 4 0 4835 5011 5055 4836 5012 5056
8636 6 3 4 4 0 4836 5012 5056 4837 5013 5057
8637 6 3 4 4 0 4837 5013 5057 4838 5014 5058
8638 6 3 4 4 0 4838 5014 5058 4839 5015 5059
8639 6 3 4 4 0 4839 5015 5059 4840 5016 5060
8640 6 3 4 4 0 4840 5016 5060 2228 2244 2248
8641 6 3 4 4 0 2020 2014 1999 5050 4984 4819
8642 6 3 4 4 0 5050 4984 4819 5051 4985 4820
8643 6 3 4 4 0 5051 4985 4820 5052 4986 4821
8644 6 3 4 4 0 5052 4986 4821 5053 4987 4822
8645 6 3 4 4 0 5053 4987 4822 5054 4988 4823
8646 6 3 4 4 0 5054 4988 4823 5055 4989 4824
8647 6 3 4 4 0 5055 4989 4824 5056 4990 4825
8648 6 3 4 4 0 5056 4990 4825 5057 4991 4826
8649 6 3 4 4 0 5057 4991 4826 5058 4992 4827
8650 6 3 4 4 0 5058 4992 4827 5059 4993 4828
8651 6 3 4 4 0 5059 4993 4828 5060 4994 4829
8652 6 3 4 4 0 5060 4994 4829 2248 2242 2227
8653 6 3 4 4 0 2015 23 2021 4995 537 5061
8654 6 3 4 4 0 4995 537 5061 4996 538 5062
8655 6 3 4 4 0 4996 538 5062 4997 539 5063
8656 6 3 4 4 0 4997 539 5063 4998 540 5064
8657 6 3 4 4 0 4998 540 5064 4999 541 5065
8658 6 3 4 4 0 4999 541 5065 5000 542 5066
8659 6 3 4 4 0 5000 542 5066 5001 543 5067
8660 6 3 4 4 0 5001 543 5067 5002 544 5068
8661 6 3 4 4 0 5002 544 5068 5003 545 5069
8662 6 3 4 4 0 5003 545 5069 5004 546 5070
8663 6 3 4 4 0 5004 546 5070 5005 547 5071
8664 6 3 4 4 0 5005 547 5071 2243 29 2249
8665 6 3 4 4 0 2021 23 403 5061 537 2161
8666 6 3 4 4 0 5061 537 2161 5062 538 2162
8667 6 3 4 4 0 5062 538 2162 5063 539 2163
8668 6 3 4 4 0 5063 539 2163 5064 540 2164
8669 6 3 4 4 0 5064 540 2164 5065 541 2165
8670 6 3 4 4 0 5065 541 2165 5066 542 2166
8671 6 3 4 4 0 5066 542 2166 5067 543 2167
8672 6 3 4 4 0 5067 543 2167 5068 544 2168
8673 6 3 4 4 0 5068 544 2168 5069 545 2169
8674 6 3 4 4 0 5069 545 2169 5070 546 2170
8675 6 3 4 4 0 5070 546 2170 5071 547 2171
8676 6 3 4 4 0 5071 547 2171 2249 29 487
8677 6 3 4 4 0 395 396 2022 2073 2084 5072
8678 6 3 4 4 0 2073 2084 5072 2074 2085 5073
8679 6 3 4 4 0 2074 2085 5073 2075 2086 5074
8680 6 3 4 4 0 2075 2086 5074 2076 2087 5075
8681 6 3 4 4 0 2076 2087 5075 2077 2088 5076
8682 6 3 4 4 0 2077 2088 5076 2078 2089 5077
8683 6 3 4 4 0 2078 2089 5077 2079 2090 5078
8684 6 3 4 4 0 2079 2090 5078 2080 2091 5079
8685 6 3 4 4 0 2080 2091 5079 2081 2092 5080
8686 6 3 4 4 0 2081 2092 5080 2082 2093 5081
8687 6 3 4 4 0 2082 2093 5081 2083 2094 5082
8688 6 3 4 4 0 2083 2094 5082 479 480 2250
8689 6 3 4 4 0 2022 396 2019 5072 2084 5039
8690 6 3 4 4 0 5072 2084 5039 5073 2085 5040
8691 6 3 4 4 0 5073 2085 5040 5074 2086 5041
8692 6 3 4 4 0 5074 2086 5041 5075 2087 5042
8693 6 3 4 4 0 5075 2087 5042 5076 2088 5043
8694 6 3 4 4 0 5076 2088 5043 5077 2089 5044
8695 6 3 4 4 0 5077 2089 5044 5078 2090 5045
8696 6 3 4 4 0 5078 2090 5045 5079 2091 5046
8697 6 3 4 4 0 5079 2091 5046 5080 2092 5047
8698 6 3 4 4 0 5080 2092 5047 5081 2093 5048
8699 6 3 4 4 0 5081 2093 5048 5082 2094 5049
8700 6 3 4 4 0 5082 2094 5049 2250 480 2247
8701 6 3 4 4 0 2016 401 2015 5006 2139 4995
8702 6 3 4 4 0 5006 2139 4995 5007 2140 4996
8703 6 3 4 4 0 5007 2140 4996 5008 2141 4997
8704 6 3 4 4 0 5008 2141 4997 5009 2142 4998
8705 6 3 4 4 0 5009 2142 4998 5010 2143 4999
8706 6 3 4 4 0 5010 2143 4999 5011 2144 5000
8707 6 3 4 4 0 5011 2144 5000 5012 2145 5001
8708 6 3 4 4 0 5012 2145 5001 5013 2146 5002
8709 6 3 4 4 0 5013 2146 5002 5014 2147 5003
8710 6 3 4 4 0 5014 2147 5003 5015 2148 5004
8711 6 3 4 4 0 5015 2148 5004 5016 2149 5005
8712 6 3 4 4 0 5016 2149 5005 2244 485 2243
8713 6 3 4 4 0 2016 2015 2014 5006 4995 4984
8714 6 3 4 4 0 5006 4995 4984 5007 4996 4985
8715 6 3 4 4 0 5007 4996 4985 5008 4997 4986
8716 6 3 4 4 0 5008 4997 4986 5009 4998 4987
8717 6 3 4 4 0 5009 4998 4987 5010 4999 4988
8718 6 3 4 4 0 5010 4999 4988 5011 5000 4989
8719 6 3 4 4 0 5011 5000 4989 5012 5001 4990
8720 6 3 4 4 0 5012 5001 4990 5013 5002 4991
8721 6 3 4 4 0 5013 5002 4991 5014 5003 4992
8722 6 3 4 4 0 5014 5003 4992 5015 5004 4993
8723 6 3 4 4 0 5015 5004 4993 5016 5005 4994
8724 6 3 4 4 0 5016 5005 4994 2244 2243 2242
8725 6 3 4 4 0 2016 2014 2020 5006 4984 5050
8726 6 3 4 4 0 5006 4984 5050 5007 4985 5051
8727 6 3 4 4 0 5007 4985 5051 5008 4986 5052
8728 6 3 4 4 0 5008 4986 5052 5009 4987 5053
8729 6 3 4 4 0 5009 4987 5053 5010 4988 5054
8730 6 3 4 4 0 5010 4988 5054 5011 4989 5055
8731 6 3 4 4 0 5011 4989 5055 5012 4990 5056
8732 6 3 4 4 0 5012 4990 5056 5013 4991 5057
8733 6 3 4 4 0 5013 4991 5057 5014 4992 5058
8734 6 3 4 4 0 5014 4992 5058 5015 4993 5059
8735 6 3 4 4 0 5015 4993 5059 5016 4994 5060
8736 6 3 4 4 0 5016 4994 5060 2244 2242 2248
8737 6 3 4 4 0 2021 403 2013 5061 2161 4973
8738 6 3 4 4 0 5061 2161 4973 5062 2162 4974
8739 6 3 4 4 0 5062 2162 4974 5063 2163 4975
8740 6 3 4 4 0 5063 2163 4975 5064 2164 4976
8741 6 3 4 4 0 5064 2164 4976 5065 2165 4977
8742 6 3 4 4 0 5065 2165 4977 5066 2166 4978
8743 6 3 4 4 0 5066 2166 4978 5067 2167 4979
8744 6 3 4 4 0 5067 2167 4979 5068 2168 4980
8745 6 3 4 4 0 5068 2168 4980 5069 2169 4981
8746 6 3 4 4 0 5069 2169 4981 5070 2170 4982
8747 6 3 4 4 0 5070 2170 4982 5071 2171 4983
8748 6 3 4 4 0 5071 2171 4983 2249 487 2241
8749 6 3 4 4 0 2003 2021 2013 4863 5061 4973
8750 6 3 4 4 0 4863 5061 4973 4864 5062 4974
8751 6 3 4 4 0 4864 5062 4974 4865 5063 4975
8752 6 3 4 4 0 4865 5063 4975 4866 5064 4976
8753 6 3 4 4 0 4866 5064 4976 4867 5065 4977
8754 6 3 4 4 0 4867 5065 4977 4868 5066 4978
8755 6 3 4 4 0 4868 5066 4978 4869 5067 4979
8756 6 3 4 4 0 4869 5067 4979 4870 5068 4980
8757 6 3 4 4 0 4870 5068 4980 4871 5069 4981
8758 6 3 4 4 0 4871 5069 4981 4872 5070 4982
8759 6 3 4 4 0 4872 5070 4982 4873 5071 4983
8760 6 3 4 4 0 4873 5071 4983 2231 2249 2241
8761 6 3 4 4 0 2021 2003 2014 5061 4863 4984
8762 6 3 4 4 0 5061 4863 4984 5062 4864 4985
8763 6 3 4 4 0 5062 4864 4985 5063 4865 4986
8764 6 3 4 4 0 5063 4865 4986 5064 4866 4987
8765 6 3 4 4 0 5064 4866 4987 5065 4867 4988
8766 6 3 4 4 0 5065 4867 4988 5066 4868 4989
8767 6 3 4 4 0 5066 4868 4989 5067 4869 4990
8768 6 3 4 4 0 5067 4869 4990 5068 4870 4991
8769 6 3 4 4 0 5068 4870 4991 5069 4871 4992
8770 6 3 4 4 0 5069 4871 4992 5070 4872 4993
8771 6 3 4 4 0 5070 4872 4993 5071 4873 4994
8772 6 3 4 4 0 5071 4873 4994 2249 2231 2242
8773 6 3 4 4 0 2014 2015 2021 4984 4995 5061
8774 6 3 4 4 0 4984 4995 5061 4985 4996 5062
8775 6 3 4 4 0 4985 4996 5062 4986 4997 5063
8776 6 3 4 4 0 4986 4997 5063 4987 4998 5064
8777 6 3 4 4 0 4987 4998 5064 4988 4999 5065
8778 6 3 4 4 0 4988 4999 5065 4989 5000 5066
8779 6 3 4 4 0 4989 5000 5066 4990 5001 5067
8780 6 3 4 4 0 4990 5001 5067 4991 5002 5068
8781 6 3 4 4 0 4991 5002 5068 4992 5003 5069
8782 6 3 4 4 0 4992 5003 5069 4993 5004 5070
8783 6 3 4 4 0 4993 5004 5070 4994 5005 5071
8784 6 3 4 4 0 4994 5005 5071 2242 2243 2249
8785 6 3 4 4 0 2023 1999 2003 5083 4819 4863
8786 6 3 4 4 0 5083 4819 4863 5084 4820 4864
8787 6 3 4 4 0 5084 4820 4864 5085 4821 4865
8788 6 3 4 4 0 5085 4821 4865 5086 4822 4866
8789 6 3 4 4 0 5086 4822 4866 5087 4823 4867
8790 6 3 4 4 0 5087 4823 4867 5088 4824 4868
8791 6 3 4 4 0 5088 4824 4868 5089 4825 4869
8792 6 3 4 4 0 5089 4825 4869 5090 4826 4870
8793 6 3 4 4 0 5090 4826 4870 5091 4827 4871
8794 6 3 4 4 0 5091 4827 4871 5092 4828 4872
8795 6 3 4 4 0 5092 4828 4872 5093 4829 4873
8796 6 3 4 4 0 5093 4829 4873 2251 2227 2231
8797 6 3 4 4 0 2006 1999 2023 4896 4819 5083
8798 6 3 4 4 0 4896 4819 5083 4897 4820 5084
8799 6 3 4 4 0 4897 4820 5084 4898 4821 5085
8800 6 3 4 4 0 4898 4821 5085 4899 4822 5086
8801 6 3 4 4 0 4899 4822 5086 4900 4823 5087
8802 6 3 4 4 0 4900 4823 5087 4901 4824 5088
8803 6 3 4 4 0 4901 4824 5088 4902 4825 5089
8804 6 3 4 4 0 4902 4825 5089 4903 4826 5090
8805 6 3 4 4 0 4903 4826 5090 4904 4827 5091
8806 6 3 4 4 0 4904 4827 5091 4905 4828 5092
8807 6 3 4 4 0 4905 4828 5092 4906 4829 5093
8808 6 3 4 4 0 4906 4829 5093 2234 2227 2251
8809 6 3 4 4 0 2019 2024 2025 5039 5094 5105
8810 6 3 4 4 0 5039 5094 5105 5040 5095 5106
8811 6 3 4 4 0 5040 5095 5106 5041 5096 5107
8812 6 3 4 4 0 5041 5096 5107 5042 5097 5108
8813 6 3 4 4 0 5042 5097 5108 5043 5098 5109
8814 6 3 4 4 0 5043 5098 5109 5044 5099 5110
8815 6 3 4 4 0 5044 5099 5110 5045 5100 5111
8816 6 3 4 4 0 5045 5100 5111 5046 5101 5112
8817 6 3 4 4 0 5046 5101 5112 5047 5102 5113
8818 6 3 4 4 0 5047 5102 5113 5048 5103 5114
8819 6 3 4 4 0 5048 5103 5114 5049 5104 5115
8820 6 3 4 4 0 5049 5104 5115 2247 2252 2253
8821 6 3 4 4 0 397 398 2024 2095 2106 5094
8822 6 3 4 4 0 2095 2106 5094 2096 2107 5095
8823 6 3 4 4 0 2096 2107 5095 2097 2108 5096
8824 6 3 4 4 0 2097 2108 5096 2098 2109 5097
8825 6 3 4 4 0 2098 2109 5097 2099 2110 5098
8826 6 3 4 4 0 2099 2110 5098 2100 2111 5099
8827 6 3 4 4 0 2100 2111 5099 2101 2112 5100
8828 6 3 4 4 0 2101 2112 5100 2102 2113 5101
8829 6 3 4 4 0 2102 2113 5101 2103 2114 5102
8830 6 3 4 4 0 2103 2114 5102 2104 2115 5103
8831 6 3 4 4 0 2104 2115 5103 2105 2116 5104
8832 6 3 4 4 0 2105 2116 5104 481 482 2252
8833 6 3 4 4 0 2024 2019 397 5094 5039 2095
8834 6 3 4 4 0 5094 5039 2095 5095 5040 2096
8835 6 3 4 4 0 5095 5040 2096 5096 5041 2097
8836 6 3 4 4 0 5096 5041 2097 5097 5042 2098
8837 6 3 4 4 0 5097 5042 2098 5098 5043 2099
8838 6 3 4 4 0 5098 5043 2099 5099 5044 2100
8839 6 3 4 4 0 5099 5044 2100 5100 5045 2101
8840 6 3 4 4 0 5100 5045 2101 5101 5046 2102
8841 6 3 4 4 0 5101 5046 2102 5102 5047 2103
8842 6 3 4 4 0 5102 5047 2103 5103 5048 2104
8843 6 3 4 4 0 5103 5048 2104 5104 5049 2105
8844 6 3 4 4 0 5104 5049 2105 2252 2247 481
8845 6 3 4 4 0 2004 2011 2026 4874 4951 5116
8846 6 3 4 4 0 4874 4951 5116 4875 4952 5117
8847 6 3 4 4 0 4875 4952 5117 4876 4953 5118
8848 6 3 4 4 0 4876 4953 5118 4877 4954 5119
8849 6 3 4 4 0 4877 4954 5119 4878 4955 5120
8850 6 3 4 4 0 4878 4955 5120 4879 4956 5121
8851 6 3 4 4 0 4879 4956 5121 4880 4957 5122
8852 6 3 4 4 0 4880 4957 5122 4881 4958 5123
8853 6 3 4 4 0 4881 4958 5123 4882 4959 5124
8854 6 3 4 4 0 4882 4959 5124 4883 4960 5125
8855 6 3 4 4 0 4883 4960 5125 4884 4961 5126
8856 6 3 4 4 0 4884 4961 5126 2232 2239 2254
8857 6 3 4 4 0 2026 2011 2025 5116 4951 5105
8858 6 3 4 4 0 5116 4951 5105 5117 4952 5106
8859 6 3 4 4 0 5117 4952 5106 5118 4953 5107
8860 6 3 4 4 0 5118 4953 5107 5119 4954 5108
8861 6 3 4 4 0 5119 4954 5108 5120 4955 5109
8862 6 3 4 4 0 5120 4955 5109 5121 4956 5110
8863 6 3 4 4 0 5121 4956 5110 5122 4957 5111
8864 6 3 4 4 0 5122 4957 5111 5123 4958 5112
8865 6 3 4 4 0 5123 4958 5112 5124 4959 5113
8866 6 3 4 4 0 5124 4959 5113 5125 4960 5114
8867 6 3 4 4 0 5125 4960 5114 5126 4961 5115
8868 6 3 4 4 0 5126 4961 5115 2254 2239 2253
8869 6 3 4 4 0 2022 2017 395 5072 5017 2073
8870 6 3 4 4 0 5072 5017 2073 5073 5018 2074
8871 6 3 4 4 0 5073 5018 2074 5074 5019 2075
8872 6 3 4 4 0 5074 5019 2075 5075 5020 2076
8873 6 3 4 4 0 5075 5020 2076 5076 5021 2077
8874 6 3 4 4 0 5076 5021 2077 5077 5022 2078
8875 6 3 4 4 0 5077 5022 2078 5078 5023 2079
8876 6 3 4 4 0 5078 5023 2079 5079 5024 2080
8877 6 3 4 4 0 5079 5024 2080 5080 5025 2081
8878 6 3 4 4 0 5080 5025 2081 5081 5026 2082
8879 6 3 4 4 0 5081 5026 2082 5082 5027 2083
8880 6 3 4 4 0 5082 5027 2083 2250 2245 479
8881 6 3 4 4 0 2011 2017 2022 4951 5017 5072
8882 6 3 4 4 0 4951 5017 5072 4952 5018 5073
8883 6 3 4 4 0 4952 5018 5073 4953 5019 5074
8884 6 3 4 4 0 4953 5019 5074 4954 5020 5075
8885 6 3 4 4 0 4954 5020 5075 4955 5021 5076
8886 6 3 4 4 0 4955 5021 5076 4956 5022 5077
8887 6 3 4 4 0 4956 5022 5077 4957 5023 5078
8888 6 3 4 4 0 4957 5023 5078 4958 5024 5079
8889 6 3 4 4 0 4958 5024 5079 4959 5025 5080
8890 6 3 4 4 0 4959 5025 5080 4960 5026 5081
8891 6 3 4 4 0 4960 5026 5081 4961 5027 5082
8892 6 3 4 4 0 4961 5027 5082 2239 2245 2250
8893 6 3 4 4 0 2022 2025 2011 5072 5105 4951
8894 6 3 4 4 0 5072 5105 4951 5073 5106 4952
8895 6 3 4 4 0 5073 5106 4952 5074 5107 4953
8896 6 3 4 4 0 5074 5107 4953 5075 5108 4954
8897 6 3 4 4 0 5075 5108 4954 5076 5109 4955
8898 6 3 4 4 0 5076 5109 4955 5077 5110 4956
8899 6 3 4 4 0 5077 5110 4956 5078 5111 4957
8900 6 3 4 4 0 5078 5111 4957 5079 5112 4958
8901 6 3 4 4 0 5079 5112 4958 5080 5113 4959
8902 6 3 4 4 0 5080 5113 4959 5081 5114 4960
8903 6 3 4 4 0 5081 5114 4960 5082 5115 4961
8904 6 3 4 4 0 5082 5115 4961 2250 2253 2239
8905 6 3 4 4 0 2022 2019 2025 5072 5039 5105
8906 6 3 4 4 0 5072 5039 5105 5073 5040 5106
8907 6 3 4 4 0 5073 5040 5106 5074 5041 5107
8908 6 3 4 4 0 5074 5041 5107 5075 5042 5108
8909 6 3 4 4 0 5075 5042 5108 5076 5043 5109
8910 6 3 4 4 0 5076 5043 5109 5077 5044 5110
8911 6 3 4 4 0 5077 5044 5110 5078 5045 5111
8912 6 3 4 4 0 5078 5045 5111 5079 5046 5112
8913 6 3 4 4 0 5079 5046 5112 5080 5047 5113
8914 6 3 4 4 0 5080 5047 5113 5081 5048 5114
8915 6 3 4 4 0 5081 5048 5114 5082 5049 5115
8916 6 3 4 4 0 5082 5049 5115 2250 2247 2253
8917 6 3 4 4 0 2023 2001 2002 5083 4841 4852
8918 6 3 4 4 0 5083 4841 4852 5084 4842 4853
8919 6 3 4 4 0 5084 4842 4853 5085 4843 4854
8920 6 3 4 4 0 5085 4843 4854 5086 4844 4855
8921 6 3 4 4 0 5086 4844 4855 5087 4845 4856
8922 6 3 4 4 0 5087 4845 4856 5088 4846 4857
8923 6 3 4 4 0 5088 4846 4857 5089 4847 4858
8924 6 3 4 4 0 5089 4847 4858 5090 4848 4859
8925 6 3 4 4 0 5090 4848 4859 5091 4849 4860
8926 6 3 4 4 0 5091 4849 4860 5092 4850 4861
8927 6 3 4 4 0 5092 4850 4861 5093 4851 4862
8928 6 3 4 4 0 5093 4851 4862 2251 2229 2230
8929 6 3 4 4 0 2002 2006 2023 4852 4896 5083
8930 6 3 4 4 0 4852 4896 5083 4853 4897 5084
8931 6 3 4 4 0 4853 4897 5084 4854 4898 5085
8932 6 3 4 4 0 4854 4898 5085 4855 4899 5086
8933 6 3 4 4 0 4855 4899 5086 4856 4900 5087
8934 6 3 4 4 0 4856 4900 5087 4857 4901 5088
8935 6 3 4 4 0 4857 4901 5088 4858 4902 5089
8936 6 3 4 4 0 4858 4902 5089 4859 4903 5090
8937 6 3 4 4 0 4859 4903 5090 4860 4904 5091
8938 6 3 4 4 0 4860 4904 5091 4861 4905 5092
8939 6 3 4 4 0 4861 4905 5092 4862 4906 5093
8940 6 3 4 4 0 4862 4906 5093 2230 2234 2251
8941 6 3 4 4 0 2005 2001 2023 4885 4841 5083
8942 6 3 4 4 0 4885 4841 5083 4886 4842 5084
8943 6 3 4 4 0 4886 4842 5084 4887 4843 5085
8944 6 3 4 4 0 4887 4843 5085 4888 4844 5086
8945 6 3 4 4 0 4888 4844 5086 4889 4845 5087
8946 6 3 4 4 0 4889 4845 5087 4890 4846 5088
8947 6 3 4 4 0 4890 4846 5088 4891 4847 5089
8948 6 3 4 4 0 4891 4847 5089 4892 4848 5090
8949 6 3 4 4 0 4892 4848 5090 4893 4849 5091
8950 6 3 4 4 0 4893 4849 5091 4894 4850 5092
8951 6 3 4 4 0 4894 4850 5092 4895 4851 5093
8952 6 3 4 4 0 4895 4851 5093 2233 2229 2251
8953 6 3 4 4 0 2003 2005 2023 4863 4885 5083
8954 6 3 4 4 0 4863 4885 5083 4864 4886 5084
8955 6 3 4 4 0 4864 4886 5084 4865 4887 5085
8956 6 3 4 4 0 4865 4887 5085 4866 4888 5086
8957 6 3 4 4 0 4866 4888 5086 4867 4889 5087
8958 6 3 4 4 0 4867 4889 5087 4868 4890 5088
8959 6 3 4 4 0 4868 4890 5088 4869 4891 5089
8960 6 3 4 4 0 4869 4891 5089 4870 4892 5090
8961 6 3 4 4 0 4870 4892 5090 4871 4893 5091
8962 6 3 4 4 0 4871 4893 5091 4872 4894 5092
8963 6 3 4 4 0 4872 4894 5092 4873 4895 5093
8964 6 3 4 4 0 4873 4895 5093 2231 2233 2251
8965 6 3 4 4 0 399 2000 2027 2117 4830 5127
8966 6 3 4 4 0 2117 4830 5127 2118 4831 5128
8967 6 3 4 4 0 2118 4831 5128 2119 4832 5129
8968 6 3 4 4 0 2119 4832 5129 2120 4833 5130
8969 6 3 4 4 0 2120 4833 5130 2121 4834 5131
8970 6 3 4 4 0 2121 4834 5131 2122 4835 5132
8971 6 3 4 4 0 2122 4835 5132 2123 4836 5133
8972 6 3 4 4 0 2123 4836 5133 2124 4837 5134
8973 6 3 4 4 0 2124 4837 5134 2125 4838 5135
8974 6 3 4 4 0 2125 4838 5135 2126 4839 5136
8975 6 3 4 4 0 2126 4839 5136 2127 4840 5137
8976 6 3 4 4 0 2127 4840 5137 483 2228 2255
8977 6 3 4 4 0 2025 2024 2028 5105 5094 5138
8978 6 3 4 4 0 5105 5094 5138 5106 5095 5139
8979 6 3 4 4 0 5106 5095 5139 5107 5096 5140
8980 6 3 4 4 0 5107 5096 5140 5108 5097 5141
8981 6 3 4 4 0 5108 5097 5141 5109 5098 5142
8982 6 3 4 4 0 5109 5098 5142 5110 5099 5143
8983 6 3 4 4 0 5110 5099 5143 5111 5100 5144
8984 6 3 4 4 0 5111 5100 5144 5112 5101 5145
8985 6 3 4 4 0 5112 5101 5145 5113 5102 5146
8986 6 3 4 4 0 5113 5102 5146 5114 5103 5147
8987 6 3 4 4 0 5114 5103 5147 5115 5104 5148
8988 6 3 4 4 0 5115 5104 5148 2253 2252 2256
8989 6 3 4 4 0 398 399 2027 2106 2117 5127
8990 6 3 4 4 0 2106 2117 5127 2107 2118 5128
8991 6 3 4 4 0 2107 2118 5128 2108 2119 5129
8992 6 3 4 4 0 2108 2119 5129 2109 2120 5130
8993 6 3 4 4 0 2109 2120 5130 2110 2121 5131
8994 6 3 4 4 0 2110 2121 5131 2111 2122 5132
8995 6 3 4 4 0 2111 2122 5132 2112 2123 5133
8996 6 3 4 4 0 2112 2123 5133 2113 2124 5134
8997 6 3 4 4 0 2113 2124 5134 2114 2125 5135
8998 6 3 4 4 0 2114 2125 5135 2115 2126 5136
8999 6 3 4 4 0 2115 2126 5136 2116 2127 5137
9000 6 3 4 4 0 2116 2127 5137 482 483 2255
9001 6 3 4 4 0 2027 2024 398 5127 5094 2106
9002 6 3 4 4 0 5127 5094 2106 5128 5095 2107
9003 6 3 4 4 0 5128 5095 2107 5129 5096 2108
9004 6 3 4 4 0 5129 5096 2108 5130 5097 2109
9005 6 3 4 4 0 5130 5097 2109 5131 5098 2110
9006 6 3 4 4 0 5131 5098 2110 5132 5099 2111
9007 6 3 4 4 0 5132 5099 2111 5133 5100 2112
9008 6 3 4 4 0 5133 5100 2112 5134 5101 2113
9009 6 3 4 4 0 5134 5101 2113 5135 5102 2114
9010 6 3 4 4 0 5135 5102 2114 5136 5103 2115
9011 6 3 4 4 0 5136 5103 2115 5137 5104 2116
9012 6 3 4 4 0 5137 5104 2116 2255 2252 482
9013 6 3 4 4 0 2028 2020 1999 5138 5050 4819
9014 6 3 4 4 0 5138 5050 4819 5139 5051 4820
9015 6 3 4 4 0 5139 5051 4820 5140 5052 4821
9016 6 3 4 4 0 5140 5052 4821 5141 5053 4822
9017 6 3 4 4 0 5141 5053 4822 5142 5054 4823
9018 6 3 4 4 0 5142 5054 4823 5143 5055 4824
9019 6 3 4 4 0 5143 5055 4824 5144 5056 4825
9020 6 3 4 4 0 5144 5056 4825 5145 5057 4826
9021 6 3 4 4 0 5145 5057 4826 5146 5058 4827
9022 6 3 4 4 0 5146 5058 4827 5147 5059 4828
9023 6 3 4 4 0 5147 5059 4828 5148 5060 4829
9024 6 3 4 4 0 5148 5060 4829 2256 2248 2227
9025 6 3 4 4 0 1999 2006 2026 4819 4896 5116
9026 6 3 4 4 0 4819 4896 5116 4820 4897 5117
9027 6 3 4 4 0 4820 4897 5117 4821 4898 5118
9028 6 3 4 4 0 4821 4898 5118 4822 4899 5119
9029 6 3 4 4 0 4822 4899 5119 4823 4900 5120
9030 6 3 4 4 0 4823 4900 5120 4824 4901 5121
9031 6 3 4 4 0 4824 4901 5121 4825 4902 5122
9032 6 3 4 4 0 4825 4902 5122 4826 4903 5123
9033 6 3 4 4 0 4826 4903 5123 4827 4904 5124
9034 6 3 4 4 0 4827 4904 5124 4828 4905 5125
9035 6 3 4 4 0 4828 4905 5125 4829 4906 5126
9036 6 3 4 4 0 4829 4906 5126 2227 2234 2254
9037 6 3 4 4 0 1999 2026 2028 4819 5116 5138
9038 6 3 4 4 0 4819 5116 5138 4820 5117 5139
9039 6 3 4 4 0 4820 5117 5139 4821 5118 5140
9040 6 3 4 4 0 4821 5118 5140 4822 5119 5141
9041 6 3 4 4 0 4822 5119 5141 4823 5120 5142
9042 6 3 4 4 0 4823 5120 5142 4824 5121 5143
9043 6 3 4 4 0 4824 5121 5143 4825 5122 5144
9044 6 3 4 4 0 4825 5122 5144 4826 5123 5145
9045 6 3 4 4 0 4826 5123 5145 4827 5124 5146
9046 6 3 4 4 0 4827 5124 5146 4828 5125 5147
9047 6 3 4 4 0 4828 5125 5147 4829 5126 5148
9048 6 3 4 4 0 4829 5126 5148 2227 2254 2256
9049 6 3 4 4 0 2026 2006 2004 5116 4896 4874
9050 6 3 4 4 0 5116 4896 4874 5117 4897 4875
9051 6 3 4 4 0 5117 4897 4875 5118 4898 4876
9052 6 3 4 4 0 5118 4898 4876 5119 4899 4877
9053 6 3 4 4 0 5119 4899 4877 5120 4900 4878
9054 6 3 4 4 0 5120 4900 4878 5121 4901 4879
9055 6 3 4 4 0 5121 4901 4879 5122 4902 4880
9056 6 3 4 4 0 5122 4902 4880 5123 4903 4881
9057 6 3 4 4 0 5123 4903 4881 5124 4904 4882
9058 6 3 4 4 0 5124 4904 4882 5125 4905 4883
9059 6 3 4 4 0 5125 4905 4883 5126 4906 4884
9060 6 3 4 4 0 5126 4906 4884 2254 2234 2232
9061 6 3 4 4 0 2026 2025 2028 5116 5105 5138
9062 6 3 4 4 0 5116 5105 5138 5117 5106 5139
9063 6 3 4 4 0 5117 5106 5139 5118 5107 5140
9064 6 3 4 4 0 5118 5107 5140 5119 5108 5141
9065 6 3 4 4 0 5119 5108 5141 5120 5109 5142
9066 6 3 4 4 0 5120 5109 5142 5121 5110 5143
9067 6 3 4 4 0 5121 5110 5143 5122 5111 5144
9068 6 3 4 4 0 5122 5111 5144 5123 5112 5145
9069 6 3 4 4 0 5123 5112 5145 5124 5113 5146
9070 6 3 4 4 0 5124 5113 5146 5125 5114 5147
9071 6 3 4 4 0 5125 5114 5147 5126 5115 5148
9072 6 3 4 4 0 5126 5115 5148 2254 2253 2256
9073 6 3 4 4 0 2020 2027 2000 5050 5127 4830
9074 6 3 4 4 0 5050 5127 4830 5051 5128 4831
9075 6 3 4 4 0 5051 5128 4831 5052 5129 4832
9076 6 3 4 4 0 5052 5129 4832 5053 5130 4833
9077 6 3 4 4 0 5053 5130 4833 5054 5131 4834
9078 6 3 4 4 0 5054 5131 4834 5055 5132 4835
9079 6 3 4 4 0 5055 5132 4835 5056 5133 4836
9080 6 3 4 4 0 5056 5133 4836 5057 5134 4837
9081 6 3 4 4 0 5057 5134 4837 5058 5135 4838
9082 6 3 4 4 0 5058 5135 4838 5059 5136 4839
9083 6 3 4 4 0 5059 5136 4839 5060 5137 4840
9084 6 3 4 4 0 5060 5137 4840 2248 2255 2228
9085 6 3 4 4 0 2027 2020 2028 5127 5050 5138
9086 6 3 4 4 0 5127 5050 5138 5128 5051 5139
9087 6 3 4 4 0 5128 5051 5139 5129 5052 5140
9088 6 3 4 4 0 5129 5052 5140 5130 5053 5141
9089 6 3 4 4 0 5130 5053 5141 5131 5054 5142
9090 6 3 4 4 0 5131 5054 5142 5132 5055 5143
9091 6 3 4 4 0 5132 5055 5143 5133 5056 5144
9092 6 3 4 4 0 5133 5056 5144 5134 5057 5145
9093 6 3 4 4 0 5134 5057 5145 5135 5058 5146
9094 6 3 4 4 0 5135 5058 5146 5136 5059 5147
9095 6 3 4 4 0 5136 5059 5147 5137 5060 5148
9096 6 3 4 4 0 5137 5060 5148 2255 2248 2256
9097 6 3 4 4 0 2028 2024 2027 5138 5094 5127
9098 6 3 4 4 0 5138 5094 5127 5139 5095 5128
9099 6 3 4 4 0 5139 5095 5128 5140 5096 5129
9100 6 3 4 4 0 5140 5096 5129 5141 5097 5130
9101 6 3 4 4 0 5141 5097 5130 5142 5098 5131
9102 6 3 4 4 0 5142 5098 5131 5143 5099 5132
9103 6 3 4 4 0 5143 5099 5132 5144 5100 5133
9104 6 3 4 4 0 5144 5100 5133 5145 5101 5134
9105 6 3 4 4 0 5145 5101 5134 5146 5102 5135
9106 6 3 4 4 0 5146 5102 5135 5147 5103 5136
9107 6 3 4 4 0 5147 5103 5136 5148 5104 5137
9108 6 3 4 4 0 5148 5104 5137 2256 2252 2255
9109 6 3 4 4 0 408 19 2008 2216 493 4918
9110 6 3 4 4 0 2216 493 4918 2217 494 4919
9111 6 3 4 4 0 2217 494 4919 2218 495 4920
9112 6 3 4 4 0 2218 495 4920 2219 496 4921
9113 6 3 4 4 0 2219 496 4921 2220 497 4922
9114 6 3 4 4 0 2220 497 4922 2221 498 4923
9115 6 3 4 4 0 2221 498 4923 2222 499 4924
9116 6 3 4 4 0 2222 499 4924 2223 500 4925
9117 6 3 4 4 0 2223 500 4925 2224 501 4926
9118 6 3 4 4 0 2224 501 4926 2225 502 4927
9119 6 3 4 4 0 2225 502 4927 2226 503 4928
9120 6 3 4 4 0 2226 503 4928 492 25 2236
9121 6 3 4 4 0 2008 2012 408 4918 4962 2216
9122 6 3 4 4 0 4918 4962 2216 4919 4963 2217
9123 6 3 4 4 0 4919 4963 2217 4920 4964 2218
9124 6 3 4 4 0 4920 4964 2218 4921 4965 2219
9125 6 3 4 4 0 4921 4965 2219 4922 4966 2220
9126 6 3 4 4 0 4922 4966 2220 4923 4967 2221
9127 6 3 4 4 0 4923 4967 2221 4924 4968 2222
9128 6 3 4 4 0 4924 4968 2222 4925 4969 2223
9129 6 3 4 4 0 4925 4969 2223 4926 4970 2224
9130 6 3 4 4 0 4926 4970 2224 4927 4971 2225
9131 6 3 4 4 0 4927 4971 2225 4928 4972 2226
9132 6 3 4 4 0 4928 4972 2226 2236 2240 492
9133 6 3 4 4 0 2018 391 392 5028 2029 2040
9134 6 3 4 4 0 5028 2029 2040 5029 2030 2041
9135 6 3 4 4 0 5029 2030 2041 5030 2031 2042
9136 6 3 4 4 0 5030 2031 2042 5031 2032 2043
9137 6 3 4 4 0 5031 2032 2043 5032 2033 2044
9138 6 3 4 4 0 5032 2033 2044 5033 2034 2045
9139 6 3 4 4 0 5033 2034 2045 5034 2035 2046
9140 6 3 4 4 0 5034 2035 2046 5035 2036 2047
9141 6 3 4 4 0 5035 2036 2047 5036 2037 2048
9142 6 3 4 4 0 5036 2037 2048 5037 2038 2049
9143 6 3 4 4 0 5037 2038 2049 5038 2039 2050
9144 6 3 4 4 0 5038 2039 2050 2246 475 476
9145 6 3 4 4 0 2008 391 2018 4918 2029 5028
9146 6 3 4 4 0 4918 2029 5028 4919 2030 5029
9147 6 3 4 4 0 4919 2030 5029 4920 2031 5030
9148 6 3 4 4 0 4920 2031 5030 4921 2032 5031
9149 6 3 4 4 0 4921 2032 5031 4922 2033 5032
9150 6 3 4 4 0 4922 2033 5032 4923 2034 5033
9151 6 3 4 4 0 4923 2034 5033 4924 2035 5034
9152 6 3 4 4 0 4924 2035 5034 4925 2036 5035
9153 6 3 4 4 0 4925 2036 5035 4926 2037 5036
9154 6 3 4 4 0 4926 2037 5036 4927 2038 5037
9155 6 3 4 4 0 4927 2038 5037 4928 2039 5038
9156 6 3 4 4 0 4928 2039 5038 2236 475 2246
9157 6 3 4 4 0 393 20 2017 2051 504 5017
9158 6 3 4 4 0 2051 504 5017 2052 505 5018
9159 6 3 4 4 0 2052 505 5018 2053 506 5019
9160 6 3 4 4 0 2053 506 5019 2054 507 5020
9161 6 3 4 4 0 2054 507 5020 2055 508 5021
9162 6 3 4 4 0 2055 508 5021 2056 509 5022
9163 6 3 4 4 0 2056 509 5022 2057 510 5023
9164 6 3 4 4 0 2057 510 5023 2058 511 5024
9165 6 3 4 4 0 2058 511 5024 2059 512 5025
9166 6 3 4 4 0 2059 512 5025 2060 513 5026
9167 6 3 4 4 0 2060 513 5026 2061 514 5027
9168 6 3 4 4 0 2061 514 5027 477 26 2245
9169 6 3 4 4 0 2017 2010 393 5017 4940 2051
9170 6 3 4 4 0 5017 4940 2051 5018 4941 2052
9171 6 3 4 4 0 5018 4941 2052 5019 4942 2053
9172 6 3 4 4 0 5019 4942 2053 5020 4943 2054
9173 6 3 4 4 0 5020 4943 2054 5021 4944 2055
9174 6 3 4 4 0 5021 4944 2055 5022 4945 2056
9175 6 3 4 4 0 5022 4945 2056 5023 4946 2057
9176 6 3 4 4 0 5023 4946 2057 5024 4947 2058
9177 6 3 4 4 0 5024 4947 2058 5025 4948 2059
9178 6 3 4 4 0 5025 4948 2059 5026 4949 2060
9179 6 3 4 4 0 5026 4949 2060 5027 4950 2061
9180 6 3 4 4 0 5027 4950 2061 2245 2238 477
9181 6 3 5 5 0 2228 28 484 5188 694 2608
9182 6 3 5 5 0 5188 694 2608 5189 695 2609
9183 6 3 5 5 0 5189 695 2609 5190 696 2610
9184 6 3 5 5 0 5190 696 2610 5191 697 2611
9185 6 3 5 5 0 5191 697 2611 5192 698 2612
9186 6 3 5 5 0 5192 698 2612 5193 699 2613
9187 6 3 5 5 0 5193 699 2613 5194 700 2614
9188 6 3 5 5 0 5194 700 2614 5195 701 2615
9189 6 3 5 5 0 5195 701 2615 5196 702 2616
9190 6 3 5 5 0 5196 702 2616 5197 703 2617
9191 6 3 5 5 0 5197 703 2617 5198 704 2618
9192 6 3 5 5 0 5198 704 2618 5199 705 2619
9193 6 3 5 5 0 5199 705 2619 5200 706 2620
9194 6 3 5 5 0 5200 706 2620 5201 707 2621
9195 6 3 5 5 0 5201 707 2621 5202 708 2622
9196 6 3 5 5 0 5202 708 2622 5203 709 2623
9197 6 3 5 5 0 5203 709 2623 5204 710 2624
9198 6 3 5 5 0 5204 710 2624 5205 711 2625
9199 6 3 5 5 0 5205 711 2625 5206 712 2626
9200 6 3 5 5 0 5206 712 2626 5207 713 2627
9201 6 3 5 5 0 5207 713 2627 5208 714 2628
9202 6 3 5 5 0 5208 714 2628 5209 715 2629
9203 6 3 5 5 0 5209 715 2629 5210 716 2630
9204 6 3 5 5 0 5210 716 2630 5211 717 2631
9205 6 3 5 5 0 5211 717 2631 5212 718 2632
9206 6 3 5 5 0 5212 718 2632 5213 719 2633
9207 6 3 5 5 0 5213 719 2633 5214 720 2634
9208 6 3 5 5 0 5214 720 2634 5215 721 2635
9209 6 3 5 5 0 5215 721 2635 5216 722 2636
9210 6 3 5 5 0 5216 722 2636 5217 723 2637
9211 6 3 5 5 0 5217 723 2637 5218 724 2638
9212 6 3 5 5 0 5218 724 2638 5219 725 2639
9213 6 3 5 5 0 5219 725 2639 5220 726 2640
9214 6 3 5 5 0 5220 726 2640 5221 727 2641
9215 6 3 5 5 0 5221 727 2641 5222 728 2642
9216 6 3 5 5 0 5222 728 2642 5223 729 2643
9217 6 3 5 5 0 5223 729 2643 5224 730 2644
9218 6 3 5 5 0 5224 730 2644 5225 731 2645
9219 6 3 5 5 0 5225 731 2645 5226 732 2646
9220 6 3 5 5 0 5226 732 2646 2960 34 568
9221 6 3 5 5 0 483 28 2228 2569 694 5188
9222 6 3 5 5 0 2569 694 5188 2570 695 5189
9223 6 3 5 5 0 2570 695 5189 2571 696 5190
9224 6 3 5 5 0 2571 696 5190 2572 697 5191
9225 6 3 5 5 0 2572 697 5191 2573 698 5192
9226 6 3 5 5 0 2573 698 5192 2574 699 5193
9227 6 3 5 5 0 2574 699 5193 2575 700 5194
9228 6 3 5 5 0 2575 700 5194 2576 701 5195
9229 6 3 5 5 0 2576 701 5195 2577 702 5196
9230 6 3 5 5 0 2577 702 5196 2578 703 5197
9231 6 3 5 5 0 2578 703 5197 2579 704 5198
9232 6 3 5 5 0 2579 704 5198 2580 705 5199
9233 6 3 5 5 0 2580 705 5199 2581 706 5200
9234 6 3 5 5 0 2581 706 5200 2582 707 5201
9235 6 3 5 5 0 2582 707 5201 2583 708 5202
9236 6 3 5 5 0 2583 708 5202 2584 709 5203
9237 6 3 5 5 0 2584 709 5203 2585 710 5204
9238 6 3 5 5 0 2585 710 5204 2586 711 5205
9239 6 3 5 5 0 2586 711 5205 2587 712 5206
9240 6 3 5 5 0 2587 712 5206 2588 713 5207
9241 6 3 5 5 0 2588 713 5207 2589 714 5208
9242 6 3 5 5 0 2589 714 5208 2590 715 5209
9243 6 3 5 5 0 2590 715 5209 2591 716 5210
9244 6 3 5 5 0 2591 716 5210 2592 717 5211
9245 6 3 5 5 0 2592 717 5211 2593 718 5212
9246 6 3 5 5 0 2593 718 5212 2594 719 5213
9247 6 3 5 5 0 2594 719 5213 2595 720 5214
9248 6 3 5 5 0 2595 720 5214 2596 721 5215
9249 6 3 5 5 0 2596 721 5215 2597 722 5216
9250 6 3 5 5 0 2597 722 5216 2598 723 5217
9251 6 3 5 5 0 2598 723 5217 2599 724 5218
9252 6 3 5 5 0 2599 724 5218 2600 725 5219
9253 6 3 5 5 0 2600 725 5219 2601 726 5220
9254 6 3 5 5 0 2601 726 5220 2602 727 5221
9255 6 3 5 5 0 2602 727 5221 2603 728 5222
9256 6 3 5 5 0 2603 728 5222 2604 729 5223
9257 6 3 5 5 0 2604 729 5223 2605 730 5224
9258 6 3 5 5 0 2605 730 5224 2606 731 5225
9259 6 3 5 5 0 2606 731 5225 2607 732 5226
9260 6 3 5 5 0 2607 732 5226 567 34 2960
9261 6 3 5 5 0 2229 490 491 5227 2842 2881
9262 6 3 5 5 0 5227 2842 2881 5228 2843 2882
9263 6 3 5 5 0 5228 2843 2882 5229 2844 2883
9264 6 3 5 5 0 5229 2844 2883 5230 2845 2884
9265 6 3 5 5 0 5230 2845 2884 5231 2846 2885
9266 6 3 5 5 0 5231 2846 2885 5232 2847 2886
9267 6 3 5 5 0 5232 2847 2886 5233 2848 2887
9268 6 3 5 5 0 5233 2848 2887 5234 2849 2888
9269 6 3 5 5 0 5234 2849 2888 5235 2850 2889
9270 6 3 5 5 0 5235 2850 2889 5236 2851 2890
9271 6 3 5 5 0 5236 2851 2890 5237 2852 2891
9272 6 3 5 5 0 5237 2852 2891 5238 2853 2892
9273 6 3 5 5 0 5238 2853 2892 5239 2854 2893
9274 6 3 5 5 0 5239 2854 2893 5240 2855 2894
9275 6 3 5 5 0 5240 2855 2894 5241 2856 2895
9276 6 3 5 5 0 5241 2856 2895 5242 2857 2896
9277 6 3 5 5 0 5242 2857 2896 5243 2858 2897
9278 6 3 5 5 0 5243 2858 2897 5244 2859 2898
9279 6 3 5 5 0 5244 2859 2898 5245 2860 2899
9280 6 3 5 5 0 5245 2860 2899 5246 2861 2900
9281 6 3 5 5 0 5246 2861 2900 5247 2862 2901
9282 6 3 5 5 0 5247 2862 2901 5248 2863 2902
9283 6 3 5 5 0 5248 2863 2902 5249 2864 2903
9284 6 3 5 5 0 5249 2864 2903 5250 2865 2904
9285 6 3 5 5 0 5250 2865 2904 5251 2866 2905
9286 6 3 5 5 0 5251 2866 2905 5252 2867 2906
9287 6 3 5 5 0 5252 2867 2906 5253 2868 2907
9288 6 3 5 5 0 5253 2868 2907 5254 2869 2908
9289 6 3 5 5 0 5254 2869 2908 5255 2870 2909
9290 6 3 5 5 0 5255 2870 2909 5256 2871 2910
9291 6 3 5 5 0 5256 2871 2910 5257 2872 2911
9292 6 3 5 5 0 5257 2872 2911 5258 2873 2912
9293 6 3 5 5 0 5258 2873 2912 5259 2874 2913
9294 6 3 5 5 0 5259 2874 2913 5260 2875 2914
9295 6 3 5 5 0 5260 2875 2914 5261 2876 2915
9296 6 3 5 5 0 5261 2876 2915 5262 2877 2916
9297 6 3 5 5 0 5262 2877 2916 5263 2878 2917
9298 6 3 5 5 0 5263 2878 2917 5264 2879 2918
9299 6 3 5 5 0 5264 2879 2918 5265 2880 2919
9300 6 3 5 5 0 5265 2880 2919 2961 574 575
9301 6 3 5 5 0 2229 2233 2235 5227 5383 5461
9302 6 3 5 5 0 5227 5383 5461 5228 5384 5462
9303 6 3 5 5 0 5228 5384 5462 5229 5385 5463
9304 6 3 5 5 0 5229 5385 5463 5230 5386 5464
9305 6 3 5 5 0 5230 5386 5464 5231 5387 5465
9306 6 3 5 5 0 5231 5387 5465 5232 5388 5466
9307 6 3 5 5 0 5232 5388 5466 5233 5389 5467
9308 6 3 5 5 0 5233 5389 5467 5234 5390 5468
9309 6 3 5 5 0 5234 5390 5468 5235 5391 5469
9310 6 3 5 5 0 5235 5391 5469 5236 5392 5470
9311 6 3 5 5 0 5236 5392 5470 5237 5393 5471
9312 6 3 5 5 0 5237 5393 5471 5238 5394 5472
9313 6 3 5 5 0 5238 5394 5472 5239 5395 5473
9314 6 3 5 5 0 5239 5395 5473 5240 5396 5474
9315 6 3 5 5 0 5240 5396 5474 5241 5397 5475
9316 6 3 5 5 0 5241 5397 5475 5242 5398 5476
9317 6 3 5 5 0 5242 5398 5476 5243 5399 5477
9318 6 3 5 5 0 5243 5399 5477 5244 5400 5478
9319 6 3 5 5 0 5244 5400 5478 5245 5401 5479
9320 6 3 5 5 0 5245 5401 5479 5246 5402 5480
9321 6 3 5 5 0 5246 5402 5480 5247 5403 5481
9322 6 3 5 5 0 5247 5403 5481 5248 5404 5482
9323 6 3 5 5 0 5248 5404 5482 5249 5405 5483
9324 6 3 5 5 0 5249 5405 5483 5250 5406 5484
9325 6 3 5 5 0 5250 5406 5484 5251 5407 5485
9326 6 3 5 5 0 5251 5407 5485 5252 5408 5486
9327 6 3 5 5 0 5252 5408 5486 5253 5409 5487
9328 6 3 5 5 0 5253 5409 5487 5254 5410 5488
9329 6 3 5 5 0 5254 5410 5488 5255 5411 5489
9330 6 3 5 5 0 5255 5411 5489 5256 5412 5490
9331 6 3 5 5 0 5256 5412 5490 5257 5413 5491
9332 6 3 5 5 0 5257 5413 5491 5258 5414 5492
9333 6 3 5 5 0 5258 5414 5492 5259 5415 5493
9334 6 3 5 5 0 5259 5415 5493 5260 5416 5494
9335 6 3 5 5 0 5260 5416 5494 5261 5417 5495
9336 6 3 5 5 0 5261 5417 5495 5262 5418 5496
9337 6 3 5 5 0 5262 5418 5496 5263 5419 5497
9338 6 3 5 5 0 5263 5419 5497 5264 5420 5498
9339 6 3 5 5 0 5264 5420 5498 5265 5421 5499
9340 6 3 5 5 0 5265 5421 5499 2961 2965 2967
9341 6 3 5 5 0 2235 2233 489 5461 5383 2803
9342 6 3 5 5 0 5461 5383 2803 5462 5384 2804
9343 6 3 5 5 0 5462 5384 2804 5463 5385 2805
9344 6 3 5 5 0 5463 5385 2805 5464 5386 2806
9345 6 3 5 5 0 5464 5386 2806 5465 5387 2807
9346 6 3 5 5 0 5465 5387 2807 5466 5388 2808
9347 6 3 5 5 0 5466 5388 2808 5467 5389 2809
9348 6 3 5 5 0 5467 5389 2809 5468 5390 2810
9349 6 3 5 5 0 5468 5390 2810 5469 5391 2811
9350 6 3 5 5 0 5469 5391 2811 5470 5392 2812
9351 6 3 5 5 0 5470 5392 2812 5471 5393 2813
9352 6 3 5 5 0 5471 5393 2813 5472 5394 2814
9353 6 3 5 5 0 5472 5394 2814 5473 5395 2815
9354 6 3 5 5 0 5473 5395 2815 5474 5396 2816
9355 6 3 5 5 0 5474 5396 2816 5475 5397 2817
9356 6 3 5 5 0 5475 5397 2817 5476 5398 2818
9357 6 3 5 5 0 5476 5398 2818 5477 5399 2819
9358 6 3 5 5 0 5477 5399 2819 5478 5400 2820
9359 6 3 5 5 0 5478 5400 2820 5479 5401 2821
9360 6 3 5 5 0 5479 5401 2821 5480 5402 2822
9361 6 3 5 5 0 5480 5402 2822 5481 5403 2823
9362 6 3 5 5 0 5481 5403 2823 5482 5404 2824
9363 6 3 5 5 0 5482 5404 2824 5483 5405 2825
9364 6 3 5 5 0 5483 5405 2825 5484 5406 2826
9365 6 3 5 5 0 5484 5406 2826 5485 5407 2827
9366 6 3 5 5 0 5485 5407 2827 5486 5408 2828
9367 6 3 5 5 0 5486 5408 2828 5487 5409 2829
9368 6 3 5 5 0 5487 5409 2829 5488 5410 2830
9369 6 3 5 5 0 5488 5410 2830 5489 5411 2831
9370 6 3 5 5 0 5489 5411 2831 5490 5412 2832
9371 6 3 5 5 0 5490 5412 2832 5491 5413 2833
9372 6 3 5 5 0 5491 5413 2833 5492 5414 2834
9373 6 3 5 5 0 5492 5414 2834 5493 5415 2835
9374 6 3 5 5 0 5493 5415 2835 5494 5416 2836
9375 6 3 5 5 0 5494 5416 2836 5495 5417 2837
9376 6 3 5 5 0 5495 5417 2837 5496 5418 2838
9377 6 3 5 5 0 5496 5418 2838 5497 5419 2839
9378 6 3 5 5 0 5497 5419 2839 5498 5420 2840
9379 6 3 5 5 0 5498 5420 2840 5499 5421 2841
9380 6 3 5 5 0 5499 5421 2841 2967 2965 573
9381 6 3 5 5 0 2235 30 490 5461 772 2842
9382 6 3 5 5 0 5461 772 2842 5462 773 2843
9383 6 3 5 5 0 5462 773 2843 5463 774 2844
9384 6 3 5 5 0 5463 774 2844 5464 775 2845
9385 6 3 5 5 0 5464 775 2845 5465 776 2846
9386 6 3 5 5 0 5465 776 2846 5466 777 2847
9387 6 3 5 5 0 5466 777 2847 5467 778 2848
9388 6 3 5 5 0 5467 778 2848 5468 779 2849
9389 6 3 5 5 0 5468 779 2849 5469 780 2850
9390 6 3 5 5 0 5469 780 2850 5470 781 2851
9391 6 3 5 5 0 5470 781 2851 5471 782 2852
9392 6 3 5 5 0 5471 782 2852 5472 783 2853
9393 6 3 5 5 0 5472 783 2853 5473 784 2854
9394 6 3 5 5 0 5473 784 2854 5474 785 2855
9395 6 3 5 5 0 5474 785 2855 5475 786 2856
9396 6 3 5 5 0 5475 786 2856 5476 787 2857
9397 6 3 5 5 0 5476 787 2857 5477 788 2858
9398 6 3 5 5 0 5477 788 2858 5478 789 2859
9399 6 3 5 5 0 5478 789 2859 5479 790 2860
9400 6 3 5 5 0 5479 790 2860 5480 791 2861
9401 6 3 5 5 0 5480 791 2861 5481 792 2862
9402 6 3 5 5 0 5481 792 2862 5482 793 2863
9403 6 3 5 5 0 5482 793 2863 5483 794 2864
9404 6 3 5 5 0 5483 794 2864 5484 795 2865
9405 6 3 5 5 0 5484 795 2865 5485 796 2866
9406 6 3 5 5 0 5485 796 2866 5486 797 2867
9407 6 3 5 5 0 5486 797 2867 5487 798 2868
9408 6 3 5 5 0 5487 798 2868 5488 799 2869
9409 6 3 5 5 0 5488 799 2869 5489 800 2870
9410 6 3 5 5 0 5489 800 2870 5490 801 2871
9411 6 3 5 5 0 5490 801 2871 5491 802 2872
9412 6 3 5 5 0 5491 802 2872 5492 803 2873
9413 6 3 5 5 0 5492 803 2873 5493 804 2874
9414 6 3 5 5 0 5493 804 2874 5494 805 2875
9415 6 3 5 5 0 5494 805 2875 5495 806 2876
9416 6 3 5 5 0 5495 806 2876 5496 807 2877
9417 6 3 5 5 0 5496 807 2877 5497 808 2878
9418 6 3 5 5 0 5497 808 2878 5498 809 2879
9419 6 3 5 5 0 5498 809 2879 5499 810 2880
9420 6 3 5 5 0 5499 810 2880 2967 36 574
9421 6 3 5 5 0 490 2229 2235 2842 5227 5461
9422 6 3 5 5 0 2842 5227 5461 2843 5228 5462
9423 6 3 5 5 0 2843 5228 5462 2844 5229 5463
9424 6 3 5 5 0 2844 5229 5463 2845 5230 5464
9425 6 3 5 5 0 2845 5230 5464 2846 5231 5465
9426 6 3 5 5 0 2846 5231 5465 2847 5232 5466
9427 6 3 5 5 0 2847 5232 5466 2848 5233 5467
9428 6 3 5 5 0 2848 5233 5467 2849 5234 5468
9429 6 3 5 5 0 2849 5234 5468 2850 5235 5469
9430 6 3 5 5 0 2850 5235 5469 2851 5236 5470
9431 6 3 5 5 0 2851 5236 5470 2852 5237 5471
9432 6 3 5 5 0 2852 5237 5471 2853 5238 5472
9433 6 3 5 5 0 2853 5238 5472 2854 5239 5473
9434 6 3 5 5 0 2854 5239 5473 2855 5240 5474
9435 6 3 5 5 0 2855 5240 5474 2856 5241 5475
9436 6 3 5 5 0 2856 5241 5475 2857 5242 5476
9437 6 3 5 5 0 2857 5242 5476 2858 5243 5477
9438 6 3 5 5 0 2858 5243 5477 2859 5244 5478
9439 6 3 5 5 0 2859 5244 5478 2860 5245 5479
9440 6 3 5 5 0 2860 5245 5479 2861 5246 5480
9441 6 3 5 5 0 2861 5246 5480 2862 5247 5481
9442 6 3 5 5 0 2862 5247 5481 2863 5248 5482
9443 6 3 5 5 0 2863 5248 5482 2864 5249 5483
9444 6 3 5 5 0 2864 5249 5483 2865 5250 5484
9445 6 3 5 5 0 2865 5250 5484 2866 5251 5485
9446 6 3 5 5 0 2866 5251 5485 2867 5252 5486
9447 6 3 5 5 0 2867 5252 5486 2868 5253 5487
9448 6 3 5 5 0 2868 5253 5487 2869 5254 5488
9449 6 3 5 5 0 2869 5254 5488 2870 5255 5489
9450 6 3 5 5 0 2870 5255 5489 2871 5256 5490
9451 6 3 5 5 0 2871 5256 5490 2872 5257 5491
9452 6 3 5 5 0 2872 5257 5491 2873 5258 5492
9453 6 3 5 5 0 2873 5258 5492 2874 5259 5493
9454 6 3 5 5 0 2874 5259 5493 2875 5260 5494
9455 6 3 5 5 0 2875 5260 5494 2876 5261 5495
9456 6 3 5 5 0 2876 5261 5495 2877 5262 5496
9457 6 3 5 5 0 2877 5262 5496 2878 5263 5497
9458 6 3 5 5 0 2878 5263 5497 2879 5264 5498
9459 6 3 5 5 0 2879 5264 5498 2880 5265 5499
9460 6 3 5 5 0 2880 5265 5499 574 2961 2967
9461 6 3 5 5 0 489 30 2235 2803 772 5461
9462 6 3 5 5 0 2803 772 5461 2804 773 5462
9463 6 3 5 5 0 2804 773 5462 2805 774 5463
9464 6 3 5 5 0 2805 774 5463 2806 775 5464
9465 6 3 5 5 0 2806 775 5464 2807 776 5465
9466 6 3 5 5 0 2807 776 5465 2808 777 5466
9467 6 3 5 5 0 2808 777 5466 2809 778 5467
9468 6 3 5 5 0 2809 778 5467 2810 779 5468
9469 6 3 5 5 0 2810 779 5468 2811 780 5469
9470 6 3 5 5 0 2811 780 5469 2812 781 5470
9471 6 3 5 5 0 2812 781 5470 2813 782 5471
9472 6 3 5 5 0 2813 782 5471 2814 783 5472
9473 6 3 5 5 0 2814 783 5472 2815 784 5473
9474 6 3 5 5 0 2815 784 5473 2816 785 5474
9475 6 3 5 5 0 2816 785 5474 2817 786 5475
9476 6 3 5 5 0 2817 786 5475 2818 787 5476
9477 6 3 5 5 0 2818 787 5476 2819 788 5477
9478 6 3 5 5 0 2819 788 5477 2820 789 5478
9479 6 3 5 5 0 2820 789 5478 2821 790 5479
9480 6 3 5 5 0 2821 790 5479 2822 791 5480
9481 6 3 5 5 0 2822 791 5480 2823 792 5481
9482 6 3 5 5 0 2823 792 5481 2824 793 5482
9483 6 3 5 5 0 2824 793 5482 2825 794 5483
9484 6 3 5 5 0 2825 794 5483 2826 795 5484
9485 6 3 5 5 0 2826 795 5484 2827 796 5485
9486 6 3 5 5 0 2827 796 5485 2828 797 5486
9487 6 3 5 5 0 2828 797 5486 2829 798 5487
9488 6 3 5 5 0 2829 798 5487 2830 799 5488
9489 6 3 5 5 0 2830 799 5488 2831 800 5489
9490 6 3 5 5 0 2831 800 5489 2832 801 5490
9491 6 3 5 5 0 2832 801 5490 2833 802 5491
9492 6 3 5 5 0 2833 802 5491 2834 803 5492
9493 6 3 5 5 0 2834 803 5492 2835 804 5493
9494 6 3 5 5 0 2835 804 5493 2836 805 5494
9495 6 3 5 5 0 2836 805 5494 2837 806 5495
9496 6 3 5 5 0 2837 806 5495 2838 807 5496
9497 6 3 5 5 0 2838 807 5496 2839 808 5497
9498 6 3 5 5 0 2839 808 5497 2840 809 5498
9499 6 3 5 5 0 2840 809 5498 2841 810 5499
9500 6 3 5 5 0 2841 810 5499 573 36 2967
9501 6 3 5 5 0 2240 2230 2229 5656 5266 5227
9502 6 3 5 5 0 5656 5266 5227 5657 5267 5228
9503 6 3 5 5 0 5657 5267 5228 5658 5268 5229
9504 6 3 5 5 0 5658 5268 5229 5659 5269 5230
9505 6 3 5 5 0 5659 5269 5230 5660 5270 5231
9506 6 3 5 5 0 5660 5270 5231 5661 5271 5232
9507 6 3 5 5 0 5661 5271 5232 5662 5272 5233
9508 6 3 5 5 0 5662 5272 5233 5663 5273 5234
9509 6 3 5 5 0 5663 5273 5234 5664 5274 5235
9510 6 3 5 5 0 5664 5274 5235 5665 5275 5236
9511 6 3 5 5 0 5665 5275 5236 5666 5276 5237
9512 6 3 5 5 0 5666 5276 5237 5667 5277 5238
9513 6 3 5 5 0 5667 5277 5238 5668 5278 5239
9514 6 3 5 5 0 5668 5278 5239 5669 5279 5240
9515 6 3 5 5 0 5669 5279 5240 5670 5280 5241
9516 6 3 5 5 0 5670 5280 5241 5671 5281 5242
9517 6 3 5 5 0 5671 5281 5242 5672 5282 5243
9518 6 3 5 5 0 5672 5282 5243 5673 5283 5244
9519 6 3 5 5 0 5673 5283 5244 5674 5284 5245
9520 6 3 5 5 0 5674 5284 5245 5675 5285 5246
9521 6 3 5 5 0 5675 5285 5246 5676 5286 5247
9522 6 3 5 5 0 5676 5286 5247 5677 5287 5248
9523 6 3 5 5 0 5677 5287 5248 5678 5288 5249
9524 6 3 5 5 0 5678 5288 5249 5679 5289 5250
9525 6 3 5 5 0 5679 5289 5250 5680 5290 5251
9526 6 3 5 5 0 5680 5290 5251 5681 5291 5252
9527 6 3 5 5 0 5681 5291 5252 5682 5292 5253
9528 6 3 5 5 0 5682 5292 5253 5683 5293 5254
9529 6 3 5 5 0 5683 5293 5254 5684 5294 5255
9530 6 3 5 5 0 5684 5294 5255 5685 5295 5256
9531 6 3 5 5 0 5685 5295 5256 5686 5296 5257
9532 6 3 5 5 0 5686 5296 5257 5687 5297 5258
9533 6 3 5 5 0 5687 5297 5258 5688 5298 5259
9534 6 3 5 5 0 5688 5298 5259 5689 5299 5260
9535 6 3 5 5 0 5689 5299 5260 5690 5300 5261
9536 6 3 5 5 0 5690 5300 5261 5691 5301 5262
9537 6 3 5 5 0 5691 5301 5262 5692 5302 5263
9538 6 3 5 5 0 5692 5302 5263 5693 5303 5264
9539 6 3 5 5 0 5693 5303 5264 5694 5304 5265
9540 6 3 5 5 0 5694 5304 5265 2972 2962 2961
9541 6 3 5 5 0 2241 487 488 5695 2725 2764
9542 6 3 5 5 0 5695 2725 2764 5696 2726 2765
9543 6 3 5 5 0 5696 2726 2765 5697 2727 2766
9544 6 3 5 5 0 5697 2727 2766 5698 2728 2767
9545 6 3 5 5 0 5698 2728 2767 5699 2729 2768
9546 6 3 5 5 0 5699 2729 2768 5700 2730 2769
9547 6 3 5 5 0 5700 2730 2769 5701 2731 2770
9548 6 3 5 5 0 5701 2731 2770 5702 2732 2771
9549 6 3 5 5 0 5702 2732 2771 5703 2733 2772
9550 6 3 5 5 0 5703 2733 2772 5704 2734 2773
9551 6 3 5 5 0 5704 2734 2773 5705 2735 2774
9552 6 3 5 5 0 5705 2735 2774 5706 2736 2775
9553 6 3 5 5 0 5706 2736 2775 5707 2737 2776
9554 6 3 5 5 0 5707 2737 2776 5708 2738 2777
9555 6 3 5 5 0 5708 2738 2777 5709 2739 2778
9556 6 3 5 5 0 5709 2739 2778 5710 2740 2779
9557 6 3 5 5 0 5710 2740 2779 5711 2741 2780
9558 6 3 5 5 0 5711 2741 2780 5712 2742 2781
9559 6 3 5 5 0 5712 2742 2781 5713 2743 2782
9560 6 3 5 5 0 5713 2743 2782 5714 2744 2783
9561 6 3 5 5 0 5714 2744 2783 5715 2745 2784
9562 6 3 5 5 0 5715 2745 2784 5716 2746 2785
9563 6 3 5 5 0 5716 2746 2785 5717 2747 2786
9564 6 3 5 5 0 5717 2747 2786 5718 2748 2787
9565 6 3 5 5 0 5718 2748 2787 5719 2749 2788
9566 6 3 5 5 0 5719 2749 2788 5720 2750 2789
9567 6 3 5 5 0 5720 2750 2789 5721 2751 2790
9568 6 3 5 5 0 5721 2751 2790 5722 2752 2791
9569 6 3 5 5 0 5722 2752 2791 5723 2753 2792
9570 6 3 5 5 0 5723 2753 2792 5724 2754 2793
9571 6 3 5 5 0 5724 2754 2793 5725 2755 2794
9572 6 3 5 5 0 5725 2755 2794 5726 2756 2795
9573 6 3 5 5 0 5726 2756 2795 5727 2757 2796
9574 6 3 5 5 0 5727 2757 2796 5728 2758 2797
9575 6 3 5 5 0 5728 2758 2797 5729 2759 2798
9576 6 3 5 5 0 5729 2759 2798 5730 2760 2799
9577 6 3 5 5 0 5730 2760 2799 5731 2761 2800
9578 6 3 5 5 0 5731 2761 2800 5732 2762 2801
9579 6 3 5 5 0 5732 2762 2801 5733 2763 2802
9580 6 3 5 5 0 5733 2763 2802 2973 571 572
9581 6 3 5 5 0 2236 25 475 5500 577 2257
9582 6 3 5 5 0 5500 577 2257 5501 578 2258
9583 6 3 5 5 0 5501 578 2258 5502 579 2259
9584 6 3 5 5 0 5502 579 2259 5503 580 2260
9585 6 3 5 5 0 5503 580 2260 5504 581 2261
9586 6 3 5 5 0 5504 581 2261 5505 582 2262
9587 6 3 5 5 0 5505 582 2262 5506 583 2263
9588 6 3 5 5 0 5506 583 2263 5507 584 2264
9589 6 3 5 5 0 5507 584 2264 5508 585 2265
9590 6 3 5 5 0 5508 585 2265 5509 586 2266
9591 6 3 5 5 0 5509 586 2266 5510 587 2267
9592 6 3 5 5 0 5510 587 2267 5511 588 2268
9593 6 3 5 5 0 5511 588 2268 5512 589 2269
9594 6 3 5 5 0 5512 589 2269 5513 590 2270
9595 6 3 5 5 0 5513 590 2270 5514 591 2271
9596 6 3 5 5 0 5514 591 2271 5515 592 2272
9597 6 3 5 5 0 5515 592 2272 5516 593 2273
9598 6 3 5 5 0 5516 593 2273 5517 594 2274
9599 6 3 5 5 0 5517 594 2274 5518 595 2275
9600 6 3 5 5 0 5518 595 2275 5519 596 2276
9601 6 3 5 5 0 5519 596 2276 5520 597 2277
9602 6 3 5 5 0 5520 597 2277 5521 598 2278
9603 6 3 5 5 0 5521 598 2278 5522 599 2279
9604 6 3 5 5 0 5522 599 2279 5523 600 2280
9605 6 3 5 5 0 5523 600 2280 5524 601 2281
9606 6 3 5 5 0 5524 601 2281 5525 602 2282
9607 6 3 5 5 0 5525 602 2282 5526 603 2283
9608 6 3 5 5 0 5526 603 2283 5527 604 2284
9609 6 3 5 5 0 5527 604 2284 5528 605 2285
9610 6 3 5 5 0 5528 605 2285 5529 606 2286
9611 6 3 5 5 0 5529 606 2286 5530 607 2287
9612 6 3 5 5 0 5530 607 2287 5531 608 2288
9613 6 3 5 5 0 5531 608 2288 5532 609 2289
9614 6 3 5 5 0 5532 609 2289 5533 610 2290
9615 6 3 5 5 0 5533 610 2290 5534 611 2291
9616 6 3 5 5 0 5534 611 2291 5535 612 2292
9617 6 3 5 5 0 5535 612 2292 5536 613 2293
9618 6 3 5 5 0 5536 613 2293 5537 614 2294
9619 6 3 5 5 0 5537 614 2294 5538 615 2295
9620 6 3 5 5 0 5538 615 2295 2968 31 559
9621 6 3 5 5 0 2237 2234 2230 5539 5422 5266
9622 6 3 5 5 0 5539 5422 5266 5540 5423 5267
9623 6 3 5 5 0 5540 5423 5267 5541 5424 5268
9624 6 3 5 5 0 5541 5424 5268 5542 5425 5269
9625 6 3 5 5 0 5542 5425 5269 5543 5426 5270
9626 6 3 5 5 0 5543 5426 5270 5544 5427 5271
9627 6 3 5 5 0 5544 5427 5271 5545 5428 5272
9628 6 3 5 5 0 5545 5428 5272 5546 5429 5273
9629 6 3 5 5 0 5546 5429 5273 5547 5430 5274
9630 6 3 5 5 0 5547 5430 5274 5548 5431 5275
9631 6 3 5 5 0 5548 5431 5275 5549 5432 5276
9632 6 3 5 5 0 5549 5432 5276 5550 5433 5277
9633 6 3 5 5 0 5550 5433 5277 5551 5434 5278
9634 6 3 5 5 0 5551 5434 5278 5552 5435 5279
9635 6 3 5 5 0 5552 5435 5279 5553 5436 5280
9636 6 3 5 5 0 5553 5436 5280 5554 5437 5281
9637 6 3 5 5 0 5554 5437 5281 5555 5438 5282
9638 6 3 5 5 0 5555 5438 5282 5556 5439 5283
9639 6 3 5 5 0 5556 5439 5283 5557 5440 5284
9640 6 3 5 5 0 5557 5440 5284 5558 5441 5285
9641 6 3 5 5 0 5558 5441 5285 5559 5442 5286
9642 6 3 5 5 0 5559 5442 5286 5560 5443 5287
9643 6 3 5 5 0 5560 5443 5287 5561 5444 5288
9644 6 3 5 5 0 5561 5444 5288 5562 5445 5289
9645 6 3 5 5 0 5562 5445 5289 5563 5446 5290
9646 6 3 5 5 0 5563 5446 5290 5564 5447 5291
9647 6 3 5 5 0 5564 5447 5291 5565 5448 5292
9648 6 3 5 5 0 5565 5448 5292 5566 5449 5293
9649 6 3 5 5 0 5566 5449 5293 5567 5450 5294
9650 6 3 5 5 0 5567 5450 5294 5568 5451 5295
9651 6 3 5 5 0 5568 5451 5295 5569 5452 5296
9652 6 3 5 5 0 5569 5452 5296 5570 5453 5297
9653 6 3 5 5 0 5570 5453 5297 5571 5454 5298
9654 6 3 5 5 0 5571 5454 5298 5572 5455 5299
9655 6 3 5 5 0 5572 5455 5299 5573 5456 5300
9656 6 3 5 5 0 5573 5456 5300 5574 5457 5301
9657 6 3 5 5 0 5574 5457 5301 5575 5458 5302
9658 6 3 5 5 0 5575 5458 5302 5576 5459 5303
9659 6 3 5 5 0 5576 5459 5303 5577 5460 5304
9660 6 3 5 5 0 5577 5460 5304 2969 2966 2962
9661 6 3 5 5 0 2232 2234 2237 5344 5422 5539
9662 6 3 5 5 0 5344 5422 5539 5345 5423 5540
9663 6 3 5 5 0 5345 5423 5540 5346 5424 5541
9664 6 3 5 5 0 5346 5424 5541 5347 5425 5542
9665 6 3 5 5 0 5347 5425 5542 5348 5426 5543
9666 6 3 5 5 0 5348 5426 5543 5349 5427 5544
9667 6 3 5 5 0 5349 5427 5544 5350 5428 5545
9668 6 3 5 5 0 5350 5428 5545 5351 5429 5546
9669 6 3 5 5 0 5351 5429 5546 5352 5430 5547
9670 6 3 5 5 0 5352 5430 5547 5353 5431 5548
9671 6 3 5 5 0 5353 5431 5548 5354 5432 5549
9672 6 3 5 5 0 5354 5432 5549 5355 5433 5550
9673 6 3 5 5 0 5355 5433 5550 5356 5434 5551
9674 6 3 5 5 0 5356 5434 5551 5357 5435 5552
9675 6 3 5 5 0 5357 5435 5552 5358 5436 5553
9676 6 3 5 5 0 5358 5436 5553 5359 5437 5554
9677 6 3 5 5 0 5359 5437 5554 5360 5438 5555
9678 6 3 5 5 0 5360 5438 5555 5361 5439 5556
9679 6 3 5 5 0 5361 5439 5556 5362 5440 5557
9680 6 3 5 5 0 5362 5440 5557 5363 5441 5558
9681 6 3 5 5 0 5363 5441 5558 5364 5442 5559
9682 6 3 5 5 0 5364 5442 5559 5365 5443 5560
9683 6 3 5 5 0 5365 5443 5560 5366 5444 5561
9684 6 3 5 5 0 5366 5444 5561 5367 5445 5562
9685 6 3 5 5 0 5367 5445 5562 5368 5446 5563
9686 6 3 5 5 0 5368 5446 5563 5369 5447 5564
9687 6 3 5 5 0 5369 5447 5564 5370 5448 5565
9688 6 3 5 5 0 5370 5448 5565 5371 5449 5566
9689 6 3 5 5 0 5371 5449 5566 5372 5450 5567
9690 6 3 5 5 0 5372 5450 5567 5373 5451 5568
9691 6 3 5 5 0 5373 5451 5568 5374 5452 5569
9692 6 3 5 5 0 5374 5452 5569 5375 5453 5570
9693 6 3 5 5 0 5375 5453 5570 5376 5454 5571
9694 6 3 5 5 0 5376 5454 5571 5377 5455 5572
9695 6 3 5 5 0 5377 5455 5572 5378 5456 5573
9696 6 3 5 5 0 5378 5456 5573 5379 5457 5574
9697 6 3 5 5 0 5379 5457 5574 5380 5458 5575
9698 6 3 5 5 0 5380 5458 5575 5381 5459 5576
9699 6 3 5 5 0 5381 5459 5576 5382 5460 5577
9700 6 3 5 5 0 5382 5460 5577 2964 2966 2969
9701 6 3 5 5 0 476 477 2238 2296 2335 5578
9702 6 3 5 5 0 2296 2335 5578 2297 2336 5579
9703 6 3 5 5 0 2297 2336 5579 2298 2337 5580
9704 6 3 5 5 0 2298 2337 5580 2299 2338 5581
9705 6 3 5 5 0 2299 2338 5581 2300 2339 5582
9706 6 3 5 5 0 2300 2339 5582 2301 2340 5583
9707 6 3 5 5 0 2301 2340 5583 2302 2341 5584
9708 6 3 5 5 0 2302 2341 5584 2303 2342 5585
9709 6 3 5 5 0 2303 2342 5585 2304 2343 5586
9710 6 3 5 5 0 2304 2343 5586 2305 2344 5587
9711 6 3 5 5 0 2305 2344 5587 2306 2345 5588
9712 6 3 5 5 0 2306 2345 5588 2307 2346 5589
9713 6 3 5 5 0 2307 2346 5589 2308 2347 5590
9714 6 3 5 5 0 2308 2347 5590 2309 2348 5591
9715 6 3 5 5 0 2309 2348 5591 2310 2349 5592
9716 6 3 5 5 0 2310 2349 5592 2311 2350 5593
9717 6 3 5 5 0 2311 2350 5593 2312 2351 5594
9718 6 3 5 5 0 2312 2351 5594 2313 2352 5595
9719 6 3 5 5 0 2313 2352 5595 2314 2353 5596
9720 6 3 5 5 0 2314 2353 5596 2315 2354 5597
9721 6 3 5 5 0 2315 2354 5597 2316 2355 5598
9722 6 3 5 5 0 2316 2355 5598 2317 2356 5599
9723 6 3 5 5 0 2317 2356 5599 2318 2357 5600
9724 6 3 5 5 0 2318 2357 5600 2319 2358 5601
9725 6 3 5 5 0 2319 2358 5601 2320 2359 5602
9726 6 3 5 5 0 2320 2359 5602 2321 2360 5603
9727 6 3 5 5 0 2321 2360 5603 2322 2361 5604
9728 6 3 5 5 0 2322 2361 5604 2323 2362 5605
9729 6 3 5 5 0 2323 2362 5605 2324 2363 5606
9730 6 3 5 5 0 2324 2363 5606 2325 2364 5607
9731 6 3 5 5 0 2325 2364 5607 2326 2365 5608
9732 6 3 5 5 0 2326 2365 5608 2327 2366 5609
9733 6 3 5 5 0 2327 2366 5609 2328 2367 5610
9734 6 3 5 5 0 2328 2367 5610 2329 2368 5611
9735 6 3 5 5 0 2329 2368 5611 2330 2369 5612
9736 6 3 5 5 0 2330 2369 5612 2331 2370 5613
9737 6 3 5 5 0 2331 2370 5613 2332 2371 5614
9738 6 3 5 5 0 2332 2371 5614 2333 2372 5615
9739 6 3 5 5 0 2333 2372 5615 2334 2373 5616
9740 6 3 5 5 0 2334 2373 5616 560 561 2970
9741 6 3 5 5 0 2240 2229 491 5656 5227 2881
9742 6 3 5 5 0 5656 5227 2881 5657 5228 2882
9743 6 3 5 5 0 5657 5228 2882 5658 5229 2883
9744 6 3 5 5 0 5658 5229 2883 5659 5230 2884
9745 6 3 5 5 0 5659 5230 2884 5660 5231 2885
9746 6 3 5 5 0 5660 5231 2885 5661 5232 2886
9747 6 3 5 5 0 5661 5232 2886 5662 5233 2887
9748 6 3 5 5 0 5662 5233 2887 5663 5234 2888
9749 6 3 5 5 0 5663 5234 2888 5664 5235 2889
9750 6 3 5 5 0 5664 5235 2889 5665 5236 2890
9751 6 3 5 5 0 5665 5236 2890 5666 5237 2891
9752 6 3 5 5 0 5666 5237 2891 5667 5238 2892
9753 6 3 5 5 0 5667 5238 2892 5668 5239 2893
9754 6 3 5 5 0 5668 5239 2893 5669 5240 2894
9755 6 3 5 5 0 5669 5240 2894 5670 5241 2895
9756 6 3 5 5 0 5670 5241 2895 5671 5242 2896
9757 6 3 5 5 0 5671 5242 2896 5672 5243 2897
9758 6 3 5 5 0 5672 5243 2897 5673 5244 2898
9759 6 3 5 5 0 5673 5244 2898 5674 5245 2899
9760 6 3 5 5 0 5674 5245 2899 5675 5246 2900
9761 6 3 5 5 0 5675 5246 2900 5676 5247 2901
9762 6 3 5 5 0 5676 5247 2901 5677 5248 2902
9763 6 3 5 5 0 5677 5248 2902 5678 5249 2903
9764 6 3 5 5 0 5678 5249 2903 5679 5250 2904
9765 6 3 5 5 0 5679 5250 2904 5680 5251 2905
9766 6 3 5 5 0 5680 5251 2905 5681 5252 2906
9767 6 3 5 5 0 5681 5252 2906 5682 5253 2907
9768 6 3 5 5 0 5682 5253 2907 5683 5254 2908
9769 6 3 5 5 0 5683 5254 2908 5684 5255 2909
9770 6 3 5 5 0 5684 5255 2909 5685 5256 2910
9771 6 3 5 5 0 5685 5256 2910 5686 5257 2911
9772 6 3 5 5 0 5686 5257 2911 5687 5258 2912
9773 6 3 5 5 0 5687 5258 2912 5688 5259 2913
9774 6 3 5 5 0 5688 5259 2913 5689 5260 2914
9775 6 3 5 5 0 5689 5260 2914 5690 5261 2915
9776 6 3 5 5 0 5690 5261 2915 5691 5262 2916
9777 6 3 5 5 0 5691 5262 2916 5692 5263 2917
9778 6 3 5 5 0 5692 5263 2917 5693 5264 2918
9779 6 3 5 5 0 5693 5264 2918 5694 5265 2919
9780 6 3 5 5 0 5694 5265 2919 2972 2961 575
9781 6 3 5 5 0 491 492 2240 2881 2920 5656
9782 6 3 5 5 0 2881 2920 5656 2882 2921 5657
9783 6 3 5 5 0 2882 2921 5657 2883 2922 5658
9784 6 3 5 5 0 2883 2922 5658 2884 2923 5659
9785 6 3 5 5 0 2884 2923 5659 2885 2924 5660
9786 6 3 5 5 0 2885 2924 5660 2886 2925 5661
9787 6 3 5 5 0 2886 2925 5661 2887 2926 5662
9788 6 3 5 5 0 2887 2926 5662 2888 2927 5663
9789 6 3 5 5 0 2888 2927 5663 2889 2928 5664
9790 6 3 5 5 0 2889 2928 5664 2890 2929 5665
9791 6 3 5 5 0 2890 2929 5665 2891 2930 5666
9792 6 3 5 5 0 2891 2930 5666 2892 2931 5667
9793 6 3 5 5 0 2892 2931 5667 2893 2932 5668
9794 6 3 5 5 0 2893 2932 5668 2894 2933 5669
9795 6 3 5 5 0 2894 2933 5669 2895 2934 5670
9796 6 3 5 5 0 2895 2934 5670 2896 2935 5671
9797 6 3 5 5 0 2896 2935 5671 2897 2936 5672
9798 6 3 5 5 0 2897 2936 5672 2898 2937 5673
9799 6 3 5 5 0 2898 2937 5673 2899 2938 5674
9800 6 3 5 5 0 2899 2938 5674 2900 2939 5675
9801 6 3 5 5 0 2900 2939 5675 2901 2940 5676
9802 6 3 5 5 0 2901 2940 5676 2902 2941 5677
9803 6 3 5 5 0 2902 2941 5677 2903 2942 5678
9804 6 3 5 5 0 2903 2942 5678 2904 2943 5679
9805 6 3 5 5 0 2904 2943 5679 2905 2944 5680
9806 6 3 5 5 0 2905 2944 5680 2906 2945 5681
9807 6 3 5 5 0 2906 2945 5681 2907 2946 5682
9808 6 3 5 5 0 2907 2946 5682 2908 2947 5683
9809 6 3 5 5 0 2908 2947 5683 2909 2948 5684
9810 6 3 5 5 0 2909 2948 5684 2910 2949 5685
9811 6 3 5 5 0 2910 2949 5685 2911 2950 5686
9812 6 3 5 5 0 2911 2950 5686 2912 2951 5687
9813 6 3 5 5 0 2912 2951 5687 2913 2952 5688
9814 6 3 5 5 0 2913 2952 5688 2914 2953 5689
9815 6 3 5 5 0 2914 2953 5689 2915 2954 5690
9816 6 3 5 5 0 2915 2954 5690 2916 2955 5691
9817 6 3 5 5 0 2916 2955 5691 2917 2956 5692
9818 6 3 5 5 0 2917 2956 5692 2918 2957 5693
9819 6 3 5 5 0 2918 2957 5693 2919 2958 5694
9820 6 3 5 5 0 2919 2958 5694 575 576 2972
9821 6 3 5 5 0 2243 485 486 5773 2647 2686
9822 6 3 5 5 0 5773 2647 2686 5774 2648 2687
9823 6 3 5 5 0 5774 2648 2687 5775 2649 2688
9824 6 3 5 5 0 5775 2649 2688 5776 2650 2689
9825 6 3 5 5 0 5776 2650 2689 5777 2651 2690
9826 6 3 5 5 0 5777 2651 2690 5778 2652 2691
9827 6 3 5 5 0 5778 2652 2691 5779 2653 2692
9828 6 3 5 5 0 5779 2653 2692 5780 2654 2693
9829 6 3 5 5 0 5780 2654 2693 5781 2655 2694
9830 6 3 5 5 0 5781 2655 2694 5782 2656 2695
9831 6 3 5 5 0 5782 2656 2695 5783 2657 2696
9832 6 3 5 5 0 5783 2657 2696 5784 2658 2697
9833 6 3 5 5 0 5784 2658 2697 5785 2659 2698
9834 6 3 5 5 0 5785 2659 2698 5786 2660 2699
9835 6 3 5 5 0 5786 2660 2699 5787 2661 2700
9836 6 3 5 5 0 5787 2661 2700 5788 2662 2701
9837 6 3 5 5 0 5788 2662 2701 5789 2663 2702
9838 6 3 5 5 0 5789 2663 2702 5790 2664 2703
9839 6 3 5 5 0 5790 2664 2703 5791 2665 2704
9840 6 3 5 5 0 5791 2665 2704 5792 2666 2705
9841 6 3 5 5 0 5792 2666 2705 5793 2667 2706
9842 6 3 5 5 0 5793 2667 2706 5794 2668 2707
9843 6 3 5 5 0 5794 2668 2707 5795 2669 2708
9844 6 3 5 5 0 5795 2669 2708 5796 2670 2709
9845 6 3 5 5 0 5796 2670 2709 5797 2671 2710
9846 6 3 5 5 0 5797 2671 2710 5798 2672 2711
9847 6 3 5 5 0 5798 2672 2711 5799 2673 2712
9848 6 3 5 5 0 5799 2673 2712 5800 2674 2713
9849 6 3 5 5 0 5800 2674 2713 5801 2675 2714
9850 6 3 5 5 0 5801 2675 2714 5802 2676 2715
9851 6 3 5 5 0 5802 2676 2715 5803 2677 2716
9852 6 3 5 5 0 5803 2677 2716 5804 2678 2717
9853 6 3 5 5 0 5804 2678 2717 5805 2679 2718
9854 6 3 5 5 0 5805 2679 2718 5806 2680 2719
9855 6 3 5 5 0 5806 2680 2719 5807 2681 2720
9856 6 3 5 5 0 5807 2681 2720 5808 2682 2721
9857 6 3 5 5 0 5808 2682 2721 5809 2683 2722
9858 6 3 5 5 0 5809 2683 2722 5810 2684 2723
9859 6 3 5 5 0 5810 2684 2723 5811 2685 2724
9860 6 3 5 5 0 5811 2685 2724 2975 569 570
9861 6 3 5 5 0 484 485 2244 2608 2647 5812
9862 6 3 5 5 0 2608 2647 5812 2609 2648 5813
9863 6 3 5 5 0 2609 2648 5813 2610 2649 5814
9864 6 3 5 5 0 2610 2649 5814 2611 2650 5815
9865 6 3 5 5 0 2611 2650 5815 2612 2651 5816
9866 6 3 5 5 0 2612 2651 5816 2613 2652 5817
9867 6 3 5 5 0 2613 2652 5817 2614 2653 5818
9868 6 3 5 5 0 2614 2653 5818 2615 2654 5819
9869 6 3 5 5 0 2615 2654 5819 2616 2655 5820
9870 6 3 5 5 0 2616 2655 5820 2617 2656 5821
9871 6 3 5 5 0 2617 2656 5821 2618 2657 5822
9872 6 3 5 5 0 2618 2657 5822 2619 2658 5823
9873 6 3 5 5 0 2619 2658 5823 2620 2659 5824
9874 6 3 5 5 0 2620 2659 5824 2621 2660 5825
9875 6 3 5 5 0 2621 2660 5825 2622 2661 5826
9876 6 3 5 5 0 2622 2661 5826 2623 2662 5827
9877 6 3 5 5 0 2623 2662 5827 2624 2663 5828
9878 6 3 5 5 0 2624 2663 5828 2625 2664 5829
9879 6 3 5 5 0 2625 2664 5829 2626 2665 5830
9880 6 3 5 5 0 2626 2665 5830 2627 2666 5831
9881 6 3 5 5 0 2627 2666 5831 2628 2667 5832
9882 6 3 5 5 0 2628 2667 5832 2629 2668 5833
9883 6 3 5 5 0 2629 2668 5833 2630 2669 5834
9884 6 3 5 5 0 2630 2669 5834 2631 2670 5835
9885 6 3 5 5 0 2631 2670 5835 2632 2671 5836
9886 6 3 5 5 0 2632 2671 5836 2633 2672 5837
9887 6 3 5 5 0 2633 2672 5837 2634 2673 5838
9888 6 3 5 5 0 2634 2673 5838 2635 2674 5839
9889 6 3 5 5 0 2635 2674 5839 2636 2675 5840
9890 6 3 5 5 0 2636 2675 5840 2637 2676 5841
9891 6 3 5 5 0 2637 2676 5841 2638 2677 5842
9892 6 3 5 5 0 2638 2677 5842 2639 2678 5843
9893 6 3 5 5 0 2639 2678 5843 2640 2679 5844
9894 6 3 5 5 0 2640 2679 5844 2641 2680 5845
9895 6 3 5 5 0 2641 2680 5845 2642 2681 5846
9896 6 3 5 5 0 2642 2681 5846 2643 2682 5847
9897 6 3 5 5 0 2643 2682 5847 2644 2683 5848
9898 6 3 5 5 0 2644 2683 5848 2645 2684 5849
9899 6 3 5 5 0 2645 2684 5849 2646 2685 5850
9900 6 3 5 5 0 2646 2685 5850 568 569 2976
9901 6 3 5 5 0 480 27 2247 2452 655 5929
9902 6 3 5 5 0 2452 655 5929 2453 656 5930
9903 6 3 5 5 0 2453 656 5930 2454 657 5931
9904 6 3 5 5 0 2454 657 5931 2455 658 5932
9905 6 3 5 5 0 2455 658 5932 2456 659 5933
9906 6 3 5 5 0 2456 659 5933 2457 660 5934
9907 6 3 5 5 0 2457 660 5934 2458 661 5935
9908 6 3 5 5 0 2458 661 5935 2459 662 5936
9909 6 3 5 5 0 2459 662 5936 2460 663 5937
9910 6 3 5 5 0 2460 663 5937 2461 664 5938
9911 6 3 5 5 0 2461 664 5938 2462 665 5939
9912 6 3 5 5 0 2462 665 5939 2463 666 5940
9913 6 3 5 5 0 2463 666 5940 2464 667 5941
9914 6 3 5 5 0 2464 667 5941 2465 668 5942
9915 6 3 5 5 0 2465 668 5942 2466 669 5943
9916 6 3 5 5 0 2466 669 5943 2467 670 5944
9917 6 3 5 5 0 2467 670 5944 2468 671 5945
9918 6 3 5 5 0 2468 671 5945 2469 672 5946
9919 6 3 5 5 0 2469 672 5946 2470 673 5947
9920 6 3 5 5 0 2470 673 5947 2471 674 5948
9921 6 3 5 5 0 2471 674 5948 2472 675 5949
9922 6 3 5 5 0 2472 675 5949 2473 676 5950
9923 6 3 5 5 0 2473 676 5950 2474 677 5951
9924 6 3 5 5 0 2474 677 5951 2475 678 5952
9925 6 3 5 5 0 2475 678 5952 2476 679 5953
9926 6 3 5 5 0 2476 679 5953 2477 680 5954
9927 6 3 5 5 0 2477 680 5954 2478 681 5955
9928 6 3 5 5 0 2478 681 5955 2479 682 5956
9929 6 3 5 5 0 2479 682 5956 2480 683 5957
9930 6 3 5 5 0 2480 683 5957 2481 684 5958
9931 6 3 5 5 0 2481 684 5958 2482 685 5959
9932 6 3 5 5 0 2482 685 5959 2483 686 5960
9933 6 3 5 5 0 2483 686 5960 2484 687 5961
9934 6 3 5 5 0 2484 687 5961 2485 688 5962
9935 6 3 5 5 0 2485 688 5962 2486 689 5963
9936 6 3 5 5 0 2486 689 5963 2487 690 5964
9937 6 3 5 5 0 2487 690 5964 2488 691 5965
9938 6 3 5 5 0 2488 691 5965 2489 692 5966
9939 6 3 5 5 0 2489 692 5966 2490 693 5967
9940 6 3 5 5 0 2490 693 5967 564 33 2979
9941 6 3 5 5 0 2237 2230 2240 5539 5266 5656
9942 6 3 5 5 0 5539 5266 5656 5540 5267 5657
9943 6 3 5 5 0 5540 5267 5657 5541 5268 5658
9944 6 3 5 5 0 5541 5268 5658 5542 5269 5659
9945 6 3 5 5 0 5542 5269 5659 5543 5270 5660
9946 6 3 5 5 0 5543 5270 5660 5544 5271 5661
9947 6 3 5 5 0 5544 5271 5661 5545 5272 5662
9948 6 3 5 5 0 5545 5272 5662 5546 5273 5663
9949 6 3 5 5 0 5546 5273 5663 5547 5274 5664
9950 6 3 5 5 0 5547 5274 5664 5548 5275 5665
9951 6 3 5 5 0 5548 5275 5665 5549 5276 5666
9952 6 3 5 5 0 5549 5276 5666 5550 5277 5667
9953 6 3 5 5 0 5550 5277 5667 5551 5278 5668
9954 6 3 5 5 0 5551 5278 5668 5552 5279 5669
9955 6 3 5 5 0 5552 5279 5669 5553 5280 5670
9956 6 3 5 5 0 5553 5280 5670 5554 5281 5671
9957 6 3 5 5 0 5554 5281 5671 5555 5282 5672
9958 6 3 5 5 0 5555 5282 5672 5556 5283 5673
9959 6 3 5 5 0 5556 5283 5673 5557 5284 5674
9960 6 3 5 5 0 5557 5284 5674 5558 5285 5675
9961 6 3 5 5 0 5558 5285 5675 5559 5286 5676
9962 6 3 5 5 0 5559 5286 5676 5560 5287 5677
9963 6 3 5 5 0 5560 5287 5677 5561 5288 5678
9964 6 3 5 5 0 5561 5288 5678 5562 5289 5679
9965 6 3 5 5 0 5562 5289 5679 5563 5290 5680
9966 6 3 5 5 0 5563 5290 5680 5564 5291 5681
9967 6 3 5 5 0 5564 5291 5681 5565 5292 5682
9968 6 3 5 5 0 5565 5292 5682 5566 5293 5683
9969 6 3 5 5 0 5566 5293 5683 5567 5294 5684
9970 6 3 5 5 0 5567 5294 5684 5568 5295 5685
9971 6 3 5 5 0 5568 5295 5685 5569 5296 5686
9972 6 3 5 5 0 5569 5296 5686 5570 5297 5687
9973 6 3 5 5 0 5570 5297 5687 5571 5298 5688
9974 6 3 5 5 0 5571 5298 5688 5572 5299 5689
9975 6 3 5 5 0 5572 5299 5689 5573 5300 5690
9976 6 3 5 5 0 5573 5300 5690 5574 5301 5691
9977 6 3 5 5 0 5574 5301 5691 5575 5302 5692
9978 6 3 5 5 0 5575 5302 5692 5576 5303 5693
9979 6 3 5 5 0 5576 5303 5693 5577 5304 5694
9980 6 3 5 5 0 5577 5304 5694 2969 2962 2972
9981 6 3 5 5 0 2236 2237 2240 5500 5539 5656
9982 6 3 5 5 0 5500 5539 5656 5501 5540 5657
9983 6 3 5 5 0 5501 5540 5657 5502 5541 5658
9984 6 3 5 5 0 5502 5541 5658 5503 5542 5659
9985 6 3 5 5 0 5503 5542 5659 5504 5543 5660
9986 6 3 5 5 0 5504 5543 5660 5505 5544 5661
9987 6 3 5 5 0 5505 5544 5661 5506 5545 5662
9988 6 3 5 5 0 5506 5545 5662 5507 5546 5663
9989 6 3 5 5 0 5507 5546 5663 5508 5547 5664
9990 6 3 5 5 0 5508 5547 5664 5509 5548 5665
9991 6 3 5 5 0 5509 5548 5665 5510 5549 5666
9992 6 3 5 5 0 5510 5549 5666 5511 5550 5667
9993 6 3 5 5 0 5511 5550 5667 5512 5551 5668
9994 6 3 5 5 0 5512 5551 5668 5513 5552 5669
9995 6 3 5 5 0 5513 5552 5669 5514 5553 5670
9996 6 3 5 5 0 5514 5553 5670 5515 5554 5671
9997 6 3 5 5 0 5515 5554 5671 5516 5555 5672
9998 6 3 5 5 0 5516 5555 5672 5517 5556 5673
9999 6 3 5 5 0 5517 5556 5673 5518 5557 5674
10000 6 3 5 5 0 5518 5557 5674 5519 5558 5675
10001 6 3 5 5 0 5519 5558 5675 5520 5559 5676
10002 6 3 5 5 0 5520 5559 5676 5521 5560 5677
10003 6 3 5 5 0 5521 5560 5677 5522 5561 5678
10004 6 3 5 5 0 5522 5561 5678 5523 5562 5679
10005 6 3 5 5 0 5523 5562 5679 5524 5563 5680
10006 6 3 5 5 0 5524 5563 5680 5525 5564 5681
10007 6 3 5 5 0 5525 5564 5681 5526 5565 5682
10008 6 3 5 5 0 5526 5565 5682 5527 5566 5683
10009 6 3 5 5 0 5527 5566 5683 5528 5567 5684
10010 6 3 5 5 0 5528 5567 5684 5529 5568 5685
10011 6 3 5 5 0 5529 5568 5685 5530 5569 5686
10012 6 3 5 5 0 5530 5569 5686 5531 5570 5687
10013 6 3 5 5 0 5531 5570 5687 5532 5571 5688
10014 6 3 5 5 0 5532 5571 5688 5533 5572 5689
10015 6 3 5 5 0 5533 5572 5689 5534 5573 5690
10016 6 3 5 5 0 5534 5573 5690 5535 5574 5691
10017 6 3 5 5 0 5535 5574 5691 5536 5575 5692
10018 6 3 5 5 0 5536 5575 5692 5537 5576 5693
10019 6 3 5 5 0 5537 5576 5693 5538 5577 5694
10020 6 3 5 5 0 5538 5577 5694 2968 2969 2972
10021 6 3 5 5 0 2232 2238 2239 5344 5578 5617
10022 6 3 5 5 0 5344 5578 5617 5345 5579 5618
10023 6 3 5 5 0 5345 5579 5618 5346 5580 5619
10024 6 3 5 5 0 5346 5580 5619 5347 5581 5620
10025 6 3 5 5 0 5347 5581 5620 5348 5582 5621
10026 6 3 5 5 0 5348 5582 5621 5349 5583 5622
10027 6 3 5 5 0 5349 5583 5622 5350 5584 5623
10028 6 3 5 5 0 5350 5584 5623 5351 5585 5624
10029 6 3 5 5 0 5351 5585 5624 5352 5586 5625
10030 6 3 5 5 0 5352 5586 5625 5353 5587 5626
10031 6 3 5 5 0 5353 5587 5626 5354 5588 5627
10032 6 3 5 5 0 5354 5588 5627 5355 5589 5628
10033 6 3 5 5 0 5355 5589 5628 5356 5590 5629
10034 6 3 5 5 0 5356 5590 5629 5357 5591 5630
10035 6 3 5 5 0 5357 5591 5630 5358 5592 5631
10036 6 3 5 5 0 5358 5592 5631 5359 5593 5632
10037 6 3 5 5 0 5359 5593 5632 5360 5594 5633
10038 6 3 5 5 0 5360 5594 5633 5361 5595 5634
10039 6 3 5 5 0 5361 5595 5634 5362 5596 5635
10040 6 3 5 5 0 5362 5596 5635 5363 5597 5636
10041 6 3 5 5 0 5363 5597 5636 5364 5598 5637
10042 6 3 5 5 0 5364 5598 5637 5365 5599 5638
10043 6 3 5 5 0 5365 5599 5638 5366 5600 5639
10044 6 3 5 5 0 5366 5600 5639 5367 5601 5640
10045 6 3 5 5 0 5367 5601 5640 5368 5602 5641
10046 6 3 5 5 0 5368 5602 5641 5369 5603 5642
10047 6 3 5 5 0 5369 5603 5642 5370 5604 5643
10048 6 3 5 5 0 5370 5604 5643 5371 5605 5644
10049 6 3 5 5 0 5371 5605 5644 5372 5606 5645
10050 6 3 5 5 0 5372 5606 5645 5373 5607 5646
10051 6 3 5 5 0 5373 5607 5646 5374 5608 5647
10052 6 3 5 5 0 5374 5608 5647 5375 5609 5648
10053 6 3 5 5 0 5375 5609 5648 5376 5610 5649
10054 6 3 5 5 0 5376 5610 5649 5377 5611 5650
10055 6 3 5 5 0 5377 5611 5650 5378 5612 5651
10056 6 3 5 5 0 5378 5612 5651 5379 5613 5652
10057 6 3 5 5 0 5379 5613 5652 5380 5614 5653
10058 6 3 5 5 0 5380 5614 5653 5381 5615 5654
10059 6 3 5 5 0 5381 5615 5654 5382 5616 5655
10060 6 3 5 5 0 5382 5616 5655 2964 2970 2971
10061 6 3 5 5 0 488 489 2241 2764 2803 5695
10062 6 3 5 5 0 2764 2803 5695 2765 2804 5696
10063 6 3 5 5 0 2765 2804 5696 2766 2805 5697
10064 6 3 5 5 0 2766 2805 5697 2767 2806 5698
10065 6 3 5 5 0 2767 2806 5698 2768 2807 5699
10066 6 3 5 5 0 2768 2807 5699 2769 2808 5700
10067 6 3 5 5 0 2769 2808 5700 2770 2809 5701
10068 6 3 5 5 0 2770 2809 5701 2771 2810 5702
10069 6 3 5 5 0 2771 2810 5702 2772 2811 5703
10070 6 3 5 5 0 2772 2811 5703 2773 2812 5704
10071 6 3 5 5 0 2773 2812 5704 2774 2813 5705
10072 6 3 5 5 0 2774 2813 5705 2775 2814 5706
10073 6 3 5 5 0 2775 2814 5706 2776 2815 5707
10074 6 3 5 5 0 2776 2815 5707 2777 2816 5708
10075 6 3 5 5 0 2777 2816 5708 2778 2817 5709
10076 6 3 5 5 0 2778 2817 5709 2779 2818 5710
10077 6 3 5 5 0 2779 2818 5710 2780 2819 5711
10078 6 3 5 5 0 2780 2819 5711 2781 2820 5712
10079 6 3 5 5 0 2781 2820 5712 2782 2821 5713
10080 6 3 5 5 0 2782 2821 5713 2783 2822 5714
10081 6 3 5 5 0 2783 2822 5714 2784 2823 5715
10082 6 3 5 5 0 2784 2823 5715 2785 2824 5716
10083 6 3 5 5 0 2785 2824 5716 2786 2825 5717
10084 6 3 5 5 0 2786 2825 5717 2787 2826 5718
10085 6 3 5 5 0 2787 2826 5718 2788 2827 5719
10086 6 3 5 5 0 2788 2827 5719 2789 2828 5720
10087 6 3 5 5 0 2789 2828 5720 2790 2829 5721
10088 6 3 5 5 0 2790 2829 5721 2791 2830 5722
10089 6 3 5 5 0 2791 2830 5722 2792 2831 5723
10090 6 3 5 5 0 2792 2831 5723 2793 2832 5724
10091 6 3 5 5 0 2793 2832 5724 2794 2833 5725
10092 6 3 5 5 0 2794 2833 5725 2795 2834 5726
10093 6 3 5 5 0 2795 2834 5726 2796 2835 5727
10094 6 3 5 5 0 2796 2835 5727 2797 2836 5728
10095 6 3 5 5 0 2797 2836 5728 2798 2837 5729
10096 6 3 5 5 0 2798 2837 5729 2799 2838 5730
10097 6 3 5 5 0 2799 2838 5730 2800 2839 5731
10098 6 3 5 5 0 2800 2839 5731 2801 2840 5732
10099 6 3 5 5 0 2801 2840 5732 2802 2841 5733
10100 6 3 5 5 0 2802 2841 5733 572 573 2973
10101 6 3 5 5 0 2241 489 2233 5695 2803 5383
10102 6 3 5 5 0 5695 2803 5383 5696 2804 5384
10103 6 3 5 5 0 5696 2804 5384 5697 2805 5385
10104 6 3 5 5 0 5697 2805 5385 5698 2806 5386
10105 6 3 5 5 0 5698 2806 5386 5699 2807 5387
10106 6 3 5 5 0 5699 2807 5387 5700 2808 5388
10107 6 3 5 5 0 5700 2808 5388 5701 2809 5389
10108 6 3 5 5 0 5701 2809 5389 5702 2810 5390
10109 6 3 5 5 0 5702 2810 5390 5703 2811 5391
10110 6 3 5 5 0 5703 2811 5391 5704 2812 5392
10111 6 3 5 5 0 5704 2812 5392 5705 2813 5393
10112 6 3 5 5 0 5705 2813 5393 5706 2814 5394
10113 6 3 5 5 0 5706 2814 5394 5707 2815 5395
10114 6 3 5 5 0 5707 2815 5395 5708 2816 5396
10115 6 3 5 5 0 5708 2816 5396 5709 2817 5397
10116 6 3 5 5 0 5709 2817 5397 5710 2818 5398
10117 6 3 5 5 0 5710 2818 5398 5711 2819 5399
10118 6 3 5 5 0 5711 2819 5399 5712 2820 5400
10119 6 3 5 5 0 5712 2820 5400 5713 2821 5401
10120 6 3 5 5 0 5713 2821 5401 5714 2822 5402
10121 6 3 5 5 0 5714 2822 5402 5715 2823 5403
10122 6 3 5 5 0 5715 2823 5403 5716 2824 5404
10123 6 3 5 5 0 5716 2824 5404 5717 2825 5405
10124 6 3 5 5 0 5717 2825 5405 5718 2826 5406
10125 6 3 5 5 0 5718 2826 5406 5719 2827 5407
10126 6 3 5 5 0 5719 2827 5407 5720 2828 5408
10127 6 3 5 5 0 5720 2828 5408 5721 2829 5409
10128 6 3 5 5 0 5721 2829 5409 5722 2830 5410
10129 6 3 5 5 0 5722 2830 5410 5723 2831 5411
10130 6 3 5 5 0 5723 2831 5411 5724 2832 5412
10131 6 3 5 5 0 5724 2832 5412 5725 2833 5413
10132 6 3 5 5 0 5725 2833 5413 5726 2834 5414
10133 6 3 5 5 0 5726 2834 5414 5727 2835 5415
10134 6 3 5 5 0 5727 2835 5415 5728 2836 5416
10135 6 3 5 5 0 5728 2836 5416 5729 2837 5417
10136 6 3 5 5 0 5729 2837 5417 5730 2838 5418
10137 6 3 5 5 0 5730 2838 5418 5731 2839 5419
10138 6 3 5 5 0 5731 2839 5419 5732 2840 5420
10139 6 3 5 5 0 5732 2840 5420 5733 2841 5421
10140 6 3 5 5 0 5733 2841 5421 2973 573 2965
10141 6 3 5 5 0 2241 2233 2231 5695 5383 5305
10142 6 3 5 5 0 5695 5383 5305 5696 5384 5306
10143 6 3 5 5 0 5696 5384 5306 5697 5385 5307
10144 6 3 5 5 0 5697 5385 5307 5698 5386 5308
10145 6 3 5 5 0 5698 5386 5308 5699 5387 5309
10146 6 3 5 5 0 5699 5387 5309 5700 5388 5310
10147 6 3 5 5 0 5700 5388 5310 5701 5389 5311
10148 6 3 5 5 0 5701 5389 5311 5702 5390 5312
10149 6 3 5 5 0 5702 5390 5312 5703 5391 5313
10150 6 3 5 5 0 5703 5391 5313 5704 5392 5314
10151 6 3 5 5 0 5704 5392 5314 5705 5393 5315
10152 6 3 5 5 0 5705 5393 5315 5706 5394 5316
10153 6 3 5 5 0 5706 5394 5316 5707 5395 5317
10154 6 3 5 5 0 5707 5395 5317 5708 5396 5318
10155 6 3 5 5 0 5708 5396 5318 5709 5397 5319
10156 6 3 5 5 0 5709 5397 5319 5710 5398 5320
10157 6 3 5 5 0 5710 5398 5320 5711 5399 5321
10158 6 3 5 5 0 5711 5399 5321 5712 5400 5322
10159 6 3 5 5 0 5712 5400 5322 5713 5401 5323
10160 6 3 5 5 0 5713 5401 5323 5714 5402 5324
10161 6 3 5 5 0 5714 5402 5324 5715 5403 5325
10162 6 3 5 5 0 5715 5403 5325 5716 5404 5326
10163 6 3 5 5 0 5716 5404 5326 5717 5405 5327
10164 6 3 5 5 0 5717 5405 5327 5718 5406 5328
10165 6 3 5 5 0 5718 5406 5328 5719 5407 5329
10166 6 3 5 5 0 5719 5407 5329 5720 5408 5330
10167 6 3 5 5 0 5720 5408 5330 5721 5409 5331
10168 6 3 5 5 0 5721 5409 5331 5722 5410 5332
10169 6 3 5 5 0 5722 5410 5332 5723 5411 5333
10170 6 3 5 5 0 5723 5411 5333 5724 5412 5334
10171 6 3 5 5 0 5724 5412 5334 5725 5413 5335
10172 6 3 5 5 0 5725 5413 5335 5726 5414 5336
10173 6 3 5 5 0 5726 5414 5336 5727 5415 5337
10174 6 3 5 5 0 5727 5415 5337 5728 5416 5338
10175 6 3 5 5 0 5728 5416 5338 5729 5417 5339
10176 6 3 5 5 0 5729 5417 5339 5730 5418 5340
10177 6 3 5 5 0 5730 5418 5340 5731 5419 5341
10178 6 3 5 5 0 5731 5419 5341 5732 5420 5342
10179 6 3 5 5 0 5732 5420 5342 5733 5421 5343
10180 6 3 5 5 0 5733 5421 5343 2973 2965 2963
10181 6 3 5 5 0 2242 2231 2227 5734 5305 5149
10182 6 3 5 5 0 5734 5305 5149 5735 5306 5150
10183 6 3 5 5 0 5735 5306 5150 5736 5307 5151
10184 6 3 5 5 0 5736 5307 5151 5737 5308 5152
10185 6 3 5 5 0 5737 5308 5152 5738 5309 5153
10186 6 3 5 5 0 5738 5309 5153 5739 5310 5154
10187 6 3 5 5 0 5739 5310 5154 5740 5311 5155
10188 6 3 5 5 0 5740 5311 5155 5741 5312 5156
10189 6 3 5 5 0 5741 5312 5156 5742 5313 5157
10190 6 3 5 5 0 5742 5313 5157 5743 5314 5158
10191 6 3 5 5 0 5743 5314 5158 5744 5315 5159
10192 6 3 5 5 0 5744 5315 5159 5745 5316 5160
10193 6 3 5 5 0 5745 5316 5160 5746 5317 5161
10194 6 3 5 5 0 5746 5317 5161 5747 5318 5162
10195 6 3 5 5 0 5747 5318 5162 5748 5319 5163
10196 6 3 5 5 0 5748 5319 5163 5749 5320 5164
10197 6 3 5 5 0 5749 5320 5164 5750 5321 5165
10198 6 3 5 5 0 5750 5321 5165 5751 5322 5166
10199 6 3 5 5 0 5751 5322 5166 5752 5323 5167
10200 6 3 5 5 0 5752 5323 5167 5753 5324 5168
10201 6 3 5 5 0 5753 5324 5168 5754 5325 5169
10202 6 3 5 5 0 5754 5325 5169 5755 5326 5170
10203 6 3 5 5 0 5755 5326 5170 5756 5327 5171
10204 6 3 5 5 0 5756 5327 5171 5757 5328 5172
10205 6 3 5 5 0 5757 5328 5172 5758 5329 5173
10206 6 3 5 5 0 5758 5329 5173 5759 5330 5174
10207 6 3 5 5 0 5759 5330 5174 5760 5331 5175
10208 6 3 5 5 0 5760 5331 5175 5761 5332 5176
10209 6 3 5 5 0 5761 5332 5176 5762 5333 5177
10210 6 3 5 5 0 5762 5333 5177 5763 5334 5178
10211 6 3 5 5 0 5763 5334 5178 5764 5335 5179
10212 6 3 5 5 0 5764 5335 5179 5765 5336 5180
10213 6 3 5 5 0 5765 5336 5180 5766 5337 5181
10214 6 3 5 5 0 5766 5337 5181 5767 5338 5182
10215 6 3 5 5 0 5767 5338 5182 5768 5339 5183
10216 6 3 5 5 0 5768 5339 5183 5769 5340 5184
10217 6 3 5 5 0 5769 5340 5184 5770 5341 5185
10218 6 3 5 5 0 5770 5341 5185 5771 5342 5186
10219 6 3 5 5 0 5771 5342 5186 5772 5343 5187
10220 6 3 5 5 0 5772 5343 5187 2974 2963 2959
10221 6 3 5 5 0 2228 484 2244 5188 2608 5812
10222 6 3 5 5 0 5188 2608 5812 5189 2609 5813
10223 6 3 5 5 0 5189 2609 5813 5190 2610 5814
10224 6 3 5 5 0 5190 2610 5814 5191 2611 5815
10225 6 3 5 5 0 5191 2611 5815 5192 2612 5816
10226 6 3 5 5 0 5192 2612 5816 5193 2613 5817
10227 6 3 5 5 0 5193 2613 5817 5194 2614 5818
10228 6 3 5 5 0 5194 2614 5818 5195 2615 5819
10229 6 3 5 5 0 5195 2615 5819 5196 2616 5820
10230 6 3 5 5 0 5196 2616 5820 5197 2617 5821
10231 6 3 5 5 0 5197 2617 5821 5198 2618 5822
10232 6 3 5 5 0 5198 2618 5822 5199 2619 5823
10233 6 3 5 5 0 5199 2619 5823 5200 2620 5824
10234 6 3 5 5 0 5200 2620 5824 5201 2621 5825
10235 6 3 5 5 0 5201 2621 5825 5202 2622 5826
10236 6 3 5 5 0 5202 2622 5826 5203 2623 5827
10237 6 3 5 5 0 5203 2623 5827 5204 2624 5828
10238 6 3 5 5 0 5204 2624 5828 5205 2625 5829
10239 6 3 5 5 0 5205 2625 5829 5206 2626 5830
10240 6 3 5 5 0 5206 2626 5830 5207 2627 5831
10241 6 3 5 5 0 5207 2627 5831 5208 2628 5832
10242 6 3 5 5 0 5208 2628 5832 5209 2629 5833
10243 6 3 5 5 0 5209 2629 5833 5210 2630 5834
10244 6 3 5 5 0 5210 2630 5834 5211 2631 5835
10245 6 3 5 5 0 5211 2631 5835 5212 2632 5836
10246 6 3 5 5 0 5212 2632 5836 5213 2633 5837
10247 6 3 5 5 0 5213 2633 5837 5214 2634 5838
10248 6 3 5 5 0 5214 2634 5838 5215 2635 5839
10249 6 3 5 5 0 5215 2635 5839 5216 2636 5840
10250 6 3 5 5 0 5216 2636 5840 5217 2637 5841
10251 6 3 5 5 0 5217 2637 5841 5218 2638 5842
10252 6 3 5 5 0 5218 2638 5842 5219 2639 5843
10253 6 3 5 5 0 5219 2639 5843 5220 2640 5844
10254 6 3 5 5 0 5220 2640 5844 5221 2641 5845
10255 6 3 5 5 0 5221 2641 5845 5222 2642 5846
10256 6 3 5 5 0 5222 2642 5846 5223 2643 5847
10257 6 3 5 5 0 5223 2643 5847 5224 2644 5848
10258 6 3 5 5 0 5224 2644 5848 5225 2645 5849
10259 6 3 5 5 0 5225 2645 5849 5226 2646 5850
10260 6 3 5 5 0 5226 2646 5850 2960 568 2976
10261 6 3 5 5 0 2245 478 479 5851 2374 2413
10262 6 3 5 5 0 5851 2374 2413 5852 2375 2414
10263 6 3 5 5 0 5852 2375 2414 5853 2376 2415
10264 6 3 5 5 0 5853 2376 2415 5854 2377 2416
10265 6 3 5 5 0 5854 2377 2416 5855 2378 2417
10266 6 3 5 5 0 5855 2378 2417 5856 2379 2418
10267 6 3 5 5 0 5856 2379 2418 5857 2380 2419
10268 6 3 5 5 0 5857 2380 2419 5858 2381 2420
10269 6 3 5 5 0 5858 2381 2420 5859 2382 2421
10270 6 3 5 5 0 5859 2382 2421 5860 2383 2422
10271 6 3 5 5 0 5860 2383 2422 5861 2384 2423
10272 6 3 5 5 0 5861 2384 2423 5862 2385 2424
10273 6 3 5 5 0 5862 2385 2424 5863 2386 2425
10274 6 3 5 5 0 5863 2386 2425 5864 2387 2426
10275 6 3 5 5 0 5864 2387 2426 5865 2388 2427
10276 6 3 5 5 0 5865 2388 2427 5866 2389 2428
10277 6 3 5 5 0 5866 2389 2428 5867 2390 2429
10278 6 3 5 5 0 5867 2390 2429 5868 2391 2430
10279 6 3 5 5 0 5868 2391 2430 5869 2392 2431
10280 6 3 5 5 0 5869 2392 2431 5870 2393 2432
10281 6 3 5 5 0 5870 2393 2432 5871 2394 2433
10282 6 3 5 5 0 5871 2394 2433 5872 2395 2434
10283 6 3 5 5 0 5872 2395 2434 5873 2396 2435
10284 6 3 5 5 0 5873 2396 2435 5874 2397 2436
10285 6 3 5 5 0 5874 2397 2436 5875 2398 2437
10286 6 3 5 5 0 5875 2398 2437 5876 2399 2438
10287 6 3 5 5 0 5876 2399 2438 5877 2400 2439
10288 6 3 5 5 0 5877 2400 2439 5878 2401 2440
10289 6 3 5 5 0 5878 2401 2440 5879 2402 2441
10290 6 3 5 5 0 5879 2402 2441 5880 2403 2442
10291 6 3 5 5 0 5880 2403 2442 5881 2404 2443
10292 6 3 5 5 0 5881 2404 2443 5882 2405 2444
10293 6 3 5 5 0 5882 2405 2444 5883 2406 2445
10294 6 3 5 5 0 5883 2406 2445 5884 2407 2446
10295 6 3 5 5 0 5884 2407 2446 5885 2408 2447
10296 6 3 5 5 0 5885 2408 2447 5886 2409 2448
10297 6 3 5 5 0 5886 2409 2448 5887 2410 2449
10298 6 3 5 5 0 5887 2410 2449 5888 2411 2450
10299 6 3 5 5 0 5888 2411 2450 5889 2412 2451
10300 6 3 5 5 0 5889 2412 2451 2977 562 563
10301 6 3 5 5 0 2238 2245 2239 5578 5851 5617
10302 6 3 5 5 0 5578 5851 5617 5579 5852 5618
10303 6 3 5 5 0 5579 5852 5618 5580 5853 5619
10304 6 3 5 5 0 5580 5853 5619 5581 5854 5620
10305 6 3 5 5 0 5581 5854 5620 5582 5855 5621
10306 6 3 5 5 0 5582 5855 5621 5583 5856 5622
10307 6 3 5 5 0 5583 5856 5622 5584 5857 5623
10308 6 3 5 5 0 5584 5857 5623 5585 5858 5624
10309 6 3 5 5 0 5585 5858 5624 5586 5859 5625
10310 6 3 5 5 0 5586 5859 5625 5587 5860 5626
10311 6 3 5 5 0 5587 5860 5626 5588 5861 5627
10312 6 3 5 5 0 5588 5861 5627 5589 5862 5628
10313 6 3 5 5 0 5589 5862 5628 5590 5863 5629
10314 6 3 5 5 0 5590 5863 5629 5591 5864 5630
10315 6 3 5 5 0 5591 5864 5630 5592 5865 5631
10316 6 3 5 5 0 5592 5865 5631 5593 5866 5632
10317 6 3 5 5 0 5593 5866 5632 5594 5867 5633
10318 6 3 5 5 0 5594 5867 5633 5595 5868 5634
10319 6 3 5 5 0 5595 5868 5634 5596 5869 5635
10320 6 3 5 5 0 5596 5869 5635 5597 5870 5636
10321 6 3 5 5 0 5597 5870 5636 5598 5871 5637
10322 6 3 5 5 0 5598 5871 5637 5599 5872 5638
10323 6 3 5 5 0 5599 5872 5638 5600 5873 5639
10324 6 3 5 5 0 5600 5873 5639 5601 5874 5640
10325 6 3 5 5 0 5601 5874 5640 5602 5875 5641
10326 6 3 5 5 0 5602 5875 5641 5603 5876 5642
10327 6 3 5 5 0 5603 5876 5642 5604 5877 5643
10328 6 3 5 5 0 5604 5877 5643 5605 5878 5644
10329 6 3 5 5 0 5605 5878 5644 5606 5879 5645
10330 6 3 5 5 0 5606 5879 5645 5607 5880 5646
10331 6 3 5 5 0 5607 5880 5646 5608 5881 5647
10332 6 3 5 5 0 5608 5881 5647 5609 5882 5648
10333 6 3 5 5 0 5609 5882 5648 5610 5883 5649
10334 6 3 5 5 0 5610 5883 5649 5611 5884 5650
10335 6 3 5 5 0 5611 5884 5650 5612 5885 5651
10336 6 3 5 5 0 5612 5885 5651 5613 5886 5652
10337 6 3 5 5 0 5613 5886 5652 5614 5887 5653
10338 6 3 5 5 0 5614 5887 5653 5615 5888 5654
10339 6 3 5 5 0 5615 5888 5654 5616 5889 5655
10340 6 3 5 5 0 5616 5889 5655 2970 2977 2971
10341 6 3 5 5 0 26 478 2245 616 2374 5851
10342 6 3 5 5 0 616 2374 5851 617 2375 5852
10343 6 3 5 5 0 617 2375 5852 618 2376 5853
10344 6 3 5 5 0 618 2376 5853 619 2377 5854
10345 6 3 5 5 0 619 2377 5854 620 2378 5855
10346 6 3 5 5 0 620 2378 5855 621 2379 5856
10347 6 3 5 5 0 621 2379 5856 622 2380 5857
10348 6 3 5 5 0 622 2380 5857 623 2381 5858
10349 6 3 5 5 0 623 2381 5858 624 2382 5859
10350 6 3 5 5 0 624 2382 5859 625 2383 5860
10351 6 3 5 5 0 625 2383 5860 626 2384 5861
10352 6 3 5 5 0 626 2384 5861 627 2385 5862
10353 6 3 5 5 0 627 2385 5862 628 2386 5863
10354 6 3 5 5 0 628 2386 5863 629 2387 5864
10355 6 3 5 5 0 629 2387 5864 630 2388 5865
10356 6 3 5 5 0 630 2388 5865 631 2389 5866
10357 6 3 5 5 0 631 2389 5866 632 2390 5867
10358 6 3 5 5 0 632 2390 5867 633 2391 5868
10359 6 3 5 5 0 633 2391 5868 634 2392 5869
10360 6 3 5 5 0 634 2392 5869 635 2393 5870
10361 6 3 5 5 0 635 2393 5870 636 2394 5871
10362 6 3 5 5 0 636 2394 5871 637 2395 5872
10363 6 3 5 5 0 637 2395 5872 638 2396 5873
10364 6 3 5 5 0 638 2396 5873 639 2397 5874
10365 6 3 5 5 0 639 2397 5874 640 2398 5875
10366 6 3 5 5 0 640 2398 5875 641 2399 5876
10367 6 3 5 5 0 641 2399 5876 642 2400 5877
10368 6 3 5 5 0 642 2400 5877 643 2401 5878
10369 6 3 5 5 0 643 2401 5878 644 2402 5879
10370 6 3 5 5 0 644 2402 5879 645 2403 5880
10371 6 3 5 5 0 645 2403 5880 646 2404 5881
10372 6 3 5 5 0 646 2404 5881 647 2405 5882
10373 6 3 5 5 0 647 2405 5882 648 2406 5883
10374 6 3 5 5 0 648 2406 5883 649 2407 5884
10375 6 3 5 5 0 649 2407 5884 650 2408 5885
10376 6 3 5 5 0 650 2408 5885 651 2409 5886
10377 6 3 5 5 0 651 2409 5886 652 2410 5887
10378 6 3 5 5 0 652 2410 5887 653 2411 5888
10379 6 3 5 5 0 653 2411 5888 654 2412 5889
10380 6 3 5 5 0 654 2412 5889 32 562 2977
10381 6 3 5 5 0 2246 2237 2236 5890 5539 5500
10382 6 3 5 5 0 5890 5539 5500 5891 5540 5501
10383 6 3 5 5 0 5891 5540 5501 5892 5541 5502
10384 6 3 5 5 0 5892 5541 5502 5893 5542 5503
10385 6 3 5 5 0 5893 5542 5503 5894 5543 5504
10386 6 3 5 5 0 5894 5543 5504 5895 5544 5505
10387 6 3 5 5 0 5895 5544 5505 5896 5545 5506
10388 6 3 5 5 0 5896 5545 5506 5897 5546 5507
10389 6 3 5 5 0 5897 5546 5507 5898 5547 5508
10390 6 3 5 5 0 5898 5547 5508 5899 5548 5509
10391 6 3 5 5 0 5899 5548 5509 5900 5549 5510
10392 6 3 5 5 0 5900 5549 5510 5901 5550 5511
10393 6 3 5 5 0 5901 5550 5511 5902 5551 5512
10394 6 3 5 5 0 5902 5551 5512 5903 5552 5513
10395 6 3 5 5 0 5903 5552 5513 5904 5553 5514
10396 6 3 5 5 0 5904 5553 5514 5905 5554 5515
10397 6 3 5 5 0 5905 5554 5515 5906 5555 5516
10398 6 3 5 5 0 5906 5555 5516 5907 5556 5517
10399 6 3 5 5 0 5907 5556 5517 5908 5557 5518
10400 6 3 5 5 0 5908 5557 5518 5909 5558 5519
10401 6 3 5 5 0 5909 5558 5519 5910 5559 5520
10402 6 3 5 5 0 5910 5559 5520 5911 5560 5521
10403 6 3 5 5 0 5911 5560 5521 5912 5561 5522
10404 6 3 5 5 0 5912 5561 5522 5913 5562 5523
10405 6 3 5 5 0 5913 5562 5523 5914 5563 5524
10406 6 3 5 5 0 5914 5563 5524 5915 5564 5525
10407 6 3 5 5 0 5915 5564 5525 5916 5565 5526
10408 6 3 5 5 0 5916 5565 5526 5917 5566 5527
10409 6 3 5 5 0 5917 5566 5527 5918 5567 5528
10410 6 3 5 5 0 5918 5567 5528 5919 5568 5529
10411 6 3 5 5 0 5919 5568 5529 5920 5569 5530
10412 6 3 5 5 0 5920 5569 5530 5921 5570 5531
10413 6 3 5 5 0 5921 5570 5531 5922 5571 5532
10414 6 3 5 5 0 5922 5571 5532 5923 5572 5533
10415 6 3 5 5 0 5923 5572 5533 5924 5573 5534
10416 6 3 5 5 0 5924 5573 5534 5925 5574 5535
10417 6 3 5 5 0 5925 5574 5535 5926 5575 5536
10418 6 3 5 5 0 5926 5575 5536 5927 5576 5537
10419 6 3 5 5 0 5927 5576 5537 5928 5577 5538
10420 6 3 5 5 0 5928 5577 5538 2978 2969 2968
10421 6 3 5 5 0 2246 476 2238 5890 2296 5578
10422 6 3 5 5 0 5890 2296 5578 5891 2297 5579
10423 6 3 5 5 0 5891 2297 5579 5892 2298 5580
10424 6 3 5 5 0 5892 2298 5580 5893 2299 5581
10425 6 3 5 5 0 5893 2299 5581 5894 2300 5582
10426 6 3 5 5 0 5894 2300 5582 5895 2301 5583
10427 6 3 5 5 0 5895 2301 5583 5896 2302 5584
10428 6 3 5 5 0 5896 2302 5584 5897 2303 5585
10429 6 3 5 5 0 5897 2303 5585 5898 2304 5586
10430 6 3 5 5 0 5898 2304 5586 5899 2305 5587
10431 6 3 5 5 0 5899 2305 5587 5900 2306 5588
10432 6 3 5 5 0 5900 2306 5588 5901 2307 5589
10433 6 3 5 5 0 5901 2307 5589 5902 2308 5590
10434 6 3 5 5 0 5902 2308 5590 5903 2309 5591
10435 6 3 5 5 0 5903 2309 5591 5904 2310 5592
10436 6 3 5 5 0 5904 2310 5592 5905 2311 5593
10437 6 3 5 5 0 5905 2311 5593 5906 2312 5594
10438 6 3 5 5 0 5906 2312 5594 5907 2313 5595
10439 6 3 5 5 0 5907 2313 5595 5908 2314 5596
10440 6 3 5 5 0 5908 2314 5596 5909 2315 5597
10441 6 3 5 5 0 5909 2315 5597 5910 2316 5598
10442 6 3 5 5 0 5910 2316 5598 5911 2317 5599
10443 6 3 5 5 0 5911 2317 5599 5912 2318 5600
10444 6 3 5 5 0 5912 2318 5600 5913 2319 5601
10445 6 3 5 5 0 5913 2319 5601 5914 2320 5602
10446 6 3 5 5 0 5914 2320 5602 5915 2321 5603
10447 6 3 5 5 0 5915 2321 5603 5916 2322 5604
10448 6 3 5 5 0 5916 2322 5604 5917 2323 5605
10449 6 3 5 5 0 5917 2323 5605 5918 2324 5606
10450 6 3 5 5 0 5918 2324 5606 5919 2325 5607
10451 6 3 5 5 0 5919 2325 5607 5920 2326 5608
10452 6 3 5 5 0 5920 2326 5608 5921 2327 5609
10453 6 3 5 5 0 5921 2327 5609 5922 2328 5610
10454 6 3 5 5 0 5922 2328 5610 5923 2329 5611
10455 6 3 5 5 0 5923 2329 5611 5924 2330 5612
10456 6 3 5 5 0 5924 2330 5612 5925 2331 5613
10457 6 3 5 5 0 5925 2331 5613 5926 2332 5614
10458 6 3 5 5 0 5926 2332 5614 5927 2333 5615
10459 6 3 5 5 0 5927 2333 5615 5928 2334 5616
10460 6 3 5 5 0 5928 2334 5616 2978 560 2970
10461 6 3 5 5 0 2246 2232 2237 5890 5344 5539
10462 6 3 5 5 0 5890 5344 5539 5891 5345 5540
10463 6 3 5 5 0 5891 5345 5540 5892 5346 5541
10464 6 3 5 5 0 5892 5346 5541 5893 5347 5542
10465 6 3 5 5 0 5893 5347 5542 5894 5348 5543
10466 6 3 5 5 0 5894 5348 5543 5895 5349 5544
10467 6 3 5 5 0 5895 5349 5544 5896 5350 5545
10468 6 3 5 5 0 5896 5350 5545 5897 5351 5546
10469 6 3 5 5 0 5897 5351 5546 5898 5352 5547
10470 6 3 5 5 0 5898 5352 5547 5899 5353 5548
10471 6 3 5 5 0 5899 5353 5548 5900 5354 5549
10472 6 3 5 5 0 5900 5354 5549 5901 5355 5550
10473 6 3 5 5 0 5901 5355 5550 5902 5356 5551
10474 6 3 5 5 0 5902 5356 5551 5903 5357 5552
10475 6 3 5 5 0 5903 5357 5552 5904 5358 5553
10476 6 3 5 5 0 5904 5358 5553 5905 5359 5554
10477 6 3 5 5 0 5905 5359 5554 5906 5360 5555
10478 6 3 5 5 0 5906 5360 5555 5907 5361 5556
10479 6 3 5 5 0 5907 5361 5556 5908 5362 5557
10480 6 3 5 5 0 5908 5362 5557 5909 5363 5558
10481 6 3 5 5 0 5909 5363 5558 5910 5364 5559
10482 6 3 5 5 0 5910 5364 5559 5911 5365 5560
10483 6 3 5 5 0 5911 5365 5560 5912 5366 5561
10484 6 3 5 5 0 5912 5366 5561 5913 5367 5562
10485 6 3 5 5 0 5913 5367 5562 5914 5368 5563
10486 6 3 5 5 0 5914 5368 5563 5915 5369 5564
10487 6 3 5 5 0 5915 5369 5564 5916 5370 5565
10488 6 3 5 5 0 5916 5370 5565 5917 5371 5566
10489 6 3 5 5 0 5917 5371 5566 5918 5372 5567
10490 6 3 5 5 0 5918 5372 5567 5919 5373 5568
10491 6 3 5 5 0 5919 5373 5568 5920 5374 5569
10492 6 3 5 5 0 5920 5374 5569 5921 5375 5570
10493 6 3 5 5 0 5921 5375 5570 5922 5376 5571
10494 6 3 5 5 0 5922 5376 5571 5923 5377 5572
10495 6 3 5 5 0 5923 5377 5572 5924 5378 5573
10496 6 3 5 5 0 5924 5378 5573 5925 5379 5574
10497 6 3 5 5 0 5925 5379 5574 5926 5380 5575
10498 6 3 5 5 0 5926 5380 5575 5927 5381 5576
10499 6 3 5 5 0 5927 5381 5576 5928 5382 5577
10500 6 3 5 5 0 5928 5382 5577 2978 2964 2969
10501 6 3 5 5 0 2238 2232 2246 5578 5344 5890
10502 6 3 5 5 0 5578 5344 5890 5579 5345 5891
10503 6 3 5 5 0 5579 5345 5891 5580 5346 5892
10504 6 3 5 5 0 5580 5346 5892 5581 5347 5893
10505 6 3 5 5 0 5581 5347 5893 5582 5348 5894
10506 6 3 5 5 0 5582 5348 5894 5583 5349 5895
10507 6 3 5 5 0 5583 5349 5895 5584 5350 5896
10508 6 3 5 5 0 5584 5350 5896 5585 5351 5897
10509 6 3 5 5 0 5585 5351 5897 5586 5352 5898
10510 6 3 5 5 0 5586 5352 5898 5587 5353 5899
10511 6 3 5 5 0 5587 5353 5899 5588 5354 5900
10512 6 3 5 5 0 5588 5354 5900 5589 5355 5901
10513 6 3 5 5 0 5589 5355 5901 5590 5356 5902
10514 6 3 5 5 0 5590 5356 5902 5591 5357 5903
10515 6 3 5 5 0 5591 5357 5903 5592 5358 5904
10516 6 3 5 5 0 5592 5358 5904 5593 5359 5905
10517 6 3 5 5 0 5593 5359 5905 5594 5360 5906
10518 6 3 5 5 0 5594 5360 5906 5595 5361 5907
10519 6 3 5 5 0 5595 5361 5907 5596 5362 5908
10520 6 3 5 5 0 5596 5362 5908 5597 5363 5909
10521 6 3 5 5 0 5597 5363 5909 5598 5364 5910
10522 6 3 5 5 0 5598 5364 5910 5599 5365 5911
10523 6 3 5 5 0 5599 5365 5911 5600 5366 5912
10524 6 3 5 5 0 5600 5366 5912 5601 5367 5913
10525 6 3 5 5 0 5601 5367 5913 5602 5368 5914
10526 6 3 5 5 0 5602 5368 5914 5603 5369 5915
10527 6 3 5 5 0 5603 5369 5915 5604 5370 5916
10528 6 3 5 5 0 5604 5370 5916 5605 5371 5917
10529 6 3 5 5 0 5605 5371 5917 5606 5372 5918
10530 6 3 5 5 0 5606 5372 5918 5607 5373 5919
10531 6 3 5 5 0 5607 5373 5919 5608 5374 5920
10532 6 3 5 5 0 5608 5374 5920 5609 5375 5921
10533 6 3 5 5 0 5609 5375 5921 5610 5376 5922
10534 6 3 5 5 0 5610 5376 5922 5611 5377 5923
10535 6 3 5 5 0 5611 5377 5923 5612 5378 5924
10536 6 3 5 5 0 5612 5378 5924 5613 5379 5925
10537 6 3 5 5 0 5613 5379 5925 5614 5380 5926
10538 6 3 5 5 0 5614 5380 5926 5615 5381 5927
10539 6 3 5 5 0 5615 5381 5927 5616 5382 5928
10540 6 3 5 5 0 5616 5382 5928 2970 2964 2978
10541 6 3 5 5 0 2247 27 481 5929 655 2491
10542 6 3 5 5 0 5929 655 2491 5930 656 2492
10543 6 3 5 5 0 5930 656 2492 5931 657 2493
10544 6 3 5 5 0 5931 657 2493 5932 658 2494
10545 6 3 5 5 0 5932 658 2494 5933 659 2495
10546 6 3 5 5 0 5933 659 2495 5934 660 2496
10547 6 3 5 5 0 5934 660 2496 5935 661 2497
10548 6 3 5 5 0 5935 661 2497 5936 662 2498
10549 6 3 5 5 0 5936 662 2498 5937 663 2499
10550 6 3 5 5 0 5937 663 2499 5938 664 2500
10551 6 3 5 5 0 5938 664 2500 5939 665 2501
10552 6 3 5 5 0 5939 665 2501 5940 666 2502
10553 6 3 5 5 0 5940 666 2502 5941 667 2503
10554 6 3 5 5 0 5941 667 2503 5942 668 2504
10555 6 3 5 5 0 5942 668 2504 5943 669 2505
10556 6 3 5 5 0 5943 669 2505 5944 670 2506
10557 6 3 5 5 0 5944 670 2506 5945 671 2507
10558 6 3 5 5 0 5945 671 2507 5946 672 2508
10559 6 3 5 5 0 5946 672 2508 5947 673 2509
10560 6 3 5 5 0 5947 673 2509 5948 674 2510
10561 6 3 5 5 0 5948 674 2510 5949 675 2511
10562 6 3 5 5 0 5949 675 2511 5950 676 2512
10563 6 3 5 5 0 5950 676 2512 5951 677 2513
10564 6 3 5 5 0 5951 677 2513 5952 678 2514
10565 6 3 5 5 0 5952 678 2514 5953 679 2515
10566 6 3 5 5 0 5953 679 2515 5954 680 2516
10567 6 3 5 5 0 5954 680 2516 5955 681 2517
10568 6 3 5 5 0 5955 681 2517 5956 682 2518
10569 6 3 5 5 0 5956 682 2518 5957 683 2519
10570 6 3 5 5 0 5957 683 2519 5958 684 2520
10571 6 3 5 5 0 5958 684 2520 5959 685 2521
10572 6 3 5 5 0 5959 685 2521 5960 686 2522
10573 6 3 5 5 0 5960 686 2522 5961 687 2523
10574 6 3 5 5 0 5961 687 2523 5962 688 2524
10575 6 3 5 5 0 5962 688 2524 5963 689 2525
10576 6 3 5 5 0 5963 689 2525 5964 690 2526
10577 6 3 5 5 0 5964 690 2526 5965 691 2527
10578 6 3 5 5 0 5965 691 2527 5966 692 2528
10579 6 3 5 5 0 5966 692 2528 5967 693 2529
10580 6 3 5 5 0 5967 693 2529 2979 33 565
10581 6 3 5 5 0 2243 486 29 5773 2686 733
10582 6 3 5 5 0 5773 2686 733 5774 2687 734
10583 6 3 5 5 0 5774 2687 734 5775 2688 735
10584 6 3 5 5 0 5775 2688 735 5776 2689 736
10585 6 3 5 5 0 5776 2689 736 5777 2690 737
10586 6 3 5 5 0 5777 2690 737 5778 2691 738
10587 6 3 5 5 0 5778 2691 738 5779 2692 739
10588 6 3 5 5 0 5779 2692 739 5780 2693 740
10589 6 3 5 5 0 5780 2693 740 5781 2694 741
10590 6 3 5 5 0 5781 2694 741 5782 2695 742
10591 6 3 5 5 0 5782 2695 742 5783 2696 743
10592 6 3 5 5 0 5783 2696 743 5784 2697 744
10593 6 3 5 5 0 5784 2697 744 5785 2698 745
10594 6 3 5 5 0 5785 2698 745 5786 2699 746
10595 6 3 5 5 0 5786 2699 746 5787 2700 747
10596 6 3 5 5 0 5787 2700 747 5788 2701 748
10597 6 3 5 5 0 5788 2701 748 5789 2702 749
10598 6 3 5 5 0 5789 2702 749 5790 2703 750
10599 6 3 5 5 0 5790 2703 750 5791 2704 751
10600 6 3 5 5 0 5791 2704 751 5792 2705 752
10601 6 3 5 5 0 5792 2705 752 5793 2706 753
10602 6 3 5 5 0 5793 2706 753 5794 2707 754
10603 6 3 5 5 0 5794 2707 754 5795 2708 755
10604 6 3 5 5 0 5795 2708 755 5796 2709 756
10605 6 3 5 5 0 5796 2709 756 5797 2710 757
10606 6 3 5 5 0 5797 2710 757 5798 2711 758
10607 6 3 5 5 0 5798 2711 758 5799 2712 759
10608 6 3 5 5 0 5799 2712 759 5800 2713 760
10609 6 3 5 5 0 5800 2713 760 5801 2714 761
10610 6 3 5 5 0 5801 2714 761 5802 2715 762
10611 6 3 5 5 0 5802 2715 762 5803 2716 763
10612 6 3 5 5 0 5803 2716 763 5804 2717 764
10613 6 3 5 5 0 5804 2717 764 5805 2718 765
10614 6 3 5 5 0 5805 2718 765 5806 2719 766
10615 6 3 5 5 0 5806 2719 766 5807 2720 767
10616 6 3 5 5 0 5807 2720 767 5808 2721 768
10617 6 3 5 5 0 5808 2721 768 5809 2722 769
10618 6 3 5 5 0 5809 2722 769 5810 2723 770
10619 6 3 5 5 0 5810 2723 770 5811 2724 771
10620 6 3 5 5 0 5811 2724 771 2975 570 35
10621 6 3 5 5 0 2228 2244 2248 5188 5812 5968
10622 6 3 5 5 0 5188 5812 5968 5189 5813 5969
10623 6 3 5 5 0 5189 5813 5969 5190 5814 5970
10624 6 3 5 5 0 5190 5814 5970 5191 5815 5971
10625 6 3 5 5 0 5191 5815 5971 5192 5816 5972
10626 6 3 5 5 0 5192 5816 5972 5193 5817 5973
10627 6 3 5 5 0 5193 5817 5973 5194 5818 5974
10628 6 3 5 5 0 5194 5818 5974 5195 5819 5975
10629 6 3 5 5 0 5195 5819 5975 5196 5820 5976
10630 6 3 5 5 0 5196 5820 5976 5197 5821 5977
10631 6 3 5 5 0 5197 5821 5977 5198 5822 5978
10632 6 3 5 5 0 5198 5822 5978 5199 5823 5979
10633 6 3 5 5 0 5199 5823 5979 5200 5824 5980
10634 6 3 5 5 0 5200 5824 5980 5201 5825 5981
10635 6 3 5 5 0 5201 5825 5981 5202 5826 5982
10636 6 3 5 5 0 5202 5826 5982 5203 5827 5983
10637 6 3 5 5 0 5203 5827 5983 5204 5828 5984
10638 6 3 5 5 0 5204 5828 5984 5205 5829 5985
10639 6 3 5 5 0 5205 5829 5985 5206 5830 5986
10640 6 3 5 5 0 5206 5830 5986 5207 5831 5987
10641 6 3 5 5 0 5207 5831 5987 5208 5832 5988
10642 6 3 5 5 0 5208 5832 5988 5209 5833 5989
10643 6 3 5 5 0 5209 5833 5989 5210 5834 5990
10644 6 3 5 5 0 5210 5834 5990 5211 5835 5991
10645 6 3 5 5 0 5211 5835 5991 5212 5836 5992
10646 6 3 5 5 0 5212 5836 5992 5213 5837 5993
10647 6 3 5 5 0 5213 5837 5993 5214 5838 5994
10648 6 3 5 5 0 5214 5838 5994 5215 5839 5995
10649 6 3 5 5 0 5215 5839 5995 5216 5840 5996
10650 6 3 5 5 0 5216 5840 5996 5217 5841 5997
10651 6 3 5 5 0 5217 5841 5997 5218 5842 5998
10652 6 3 5 5 0 5218 5842 5998 5219 5843 5999
10653 6 3 5 5 0 5219 5843 5999 5220 5844 6000
10654 6 3 5 5 0 5220 5844 6000 5221 5845 6001
10655 6 3 5 5 0 5221 5845 6001 5222 5846 6002
10656 6 3 5 5 0 5222 5846 6002 5223 5847 6003
10657 6 3 5 5 0 5223 5847 6003 5224 5848 6004
10658 6 3 5 5 0 5224 5848 6004 5225 5849 6005
10659 6 3 5 5 0 5225 5849 6005 5226 5850 6006
10660 6 3 5 5 0 5226 5850 6006 2960 2976 2980
10661 6 3 5 5 0 2248 2242 2227 5968 5734 5149
10662 6 3 5 5 0 5968 5734 5149 5969 5735 5150
10663 6 3 5 5 0 5969 5735 5150 5970 5736 5151
10664 6 3 5 5 0 5970 5736 5151 5971 5737 5152
10665 6 3 5 5 0 5971 5737 5152 5972 5738 5153
10666 6 3 5 5 0 5972 5738 5153 5973 5739 5154
10667 6 3 5 5 0 5973 5739 5154 5974 5740 5155
10668 6 3 5 5 0 5974 5740 5155 5975 5741 5156
10669 6 3 5 5 0 5975 5741 5156 5976 5742 5157
10670 6 3 5 5 0 5976 5742 5157 5977 5743 5158
10671 6 3 5 5 0 5977 5743 5158 5978 5744 5159
10672 6 3 5 5 0 5978 5744 5159 5979 5745 5160
10673 6 3 5 5 0 5979 5745 5160 5980 5746 5161
10674 6 3 5 5 0 5980 5746 5161 5981 5747 5162
10675 6 3 5 5 0 5981 5747 5162 5982 5748 5163
10676 6 3 5 5 0 5982 5748 5163 5983 5749 5164
10677 6 3 5 5 0 5983 5749 5164 5984 5750 5165
10678 6 3 5 5 0 5984 5750 5165 5985 5751 5166
10679 6 3 5 5 0 5985 5751 5166 5986 5752 5167
10680 6 3 5 5 0 5986 5752 5167 5987 5753 5168
10681 6 3 5 5 0 5987 5753 5168 5988 5754 5169
10682 6 3 5 5 0 5988 5754 5169 5989 5755 5170
10683 6 3 5 5 0 5989 5755 5170 5990 5756 5171
10684 6 3 5 5 0 5990 5756 5171 5991 5757 5172
10685 6 3 5 5 0 5991 5757 5172 5992 5758 5173
10686 6 3 5 5 0 5992 5758 5173 5993 5759 5174
10687 6 3 5 5 0 5993 5759 5174 5994 5760 5175
10688 6 3 5 5 0 5994 5760 5175 5995 5761 5176
10689 6 3 5 5 0 5995 5761 5176 5996 5762 5177
10690 6 3 5 5 0 5996 5762 5177 5997 5763 5178
10691 6 3 5 5 0 5997 5763 5178 5998 5764 5179
10692 6 3 5 5 0 5998 5764 5179 5999 5765 5180
10693 6 3 5 5 0 5999 5765 5180 6000 5766 5181
10694 6 3 5 5 0 6000 5766 5181 6001 5767 5182
10695 6 3 5 5 0 6001 5767 5182 6002 5768 5183
10696 6 3 5 5 0 6002 5768 5183 6003 5769 5184
10697 6 3 5 5 0 6003 5769 5184 6004 5770 5185
10698 6 3 5 5 0 6004 5770 5185 6005 5771 5186
10699 6 3 5 5 0 6005 5771 5186 6006 5772 5187
10700 6 3 5 5 0 6006 5772 5187 2980 2974 2959
10701 6 3 5 5 0 2243 29 2249 5773 733 6007
10702 6 3 5 5 0 5773 733 6007 5774 734 6008
10703 6 3 5 5 0 5774 734 6008 5775 735 6009
10704 6 3 5 5 0 5775 735 6009 5776 736 6010
10705 6 3 5 5 0 5776 736 6010 5777 737 6011
10706 6 3 5 5 0 5777 737 6011 5778 738 6012
10707 6 3 5 5 0 5778 738 6012 5779 739 6013
10708 6 3 5 5 0 5779 739 6013 5780 740 6014
10709 6 3 5 5 0 5780 740 6014 5781 741 6015
10710 6 3 5 5 0 5781 741 6015 5782 742 6016
10711 6 3 5 5 0 5782 742 6016 5783 743 6017
10712 6 3 5 5 0 5783 743 6017 5784 744 6018
10713 6 3 5 5 0 5784 744 6018 5785 745 6019
10714 6 3 5 5 0 5785 745 6019 5786 746 6020
10715 6 3 5 5 0 5786 746 6020 5787 747 6021
10716 6 3 5 5 0 5787 747 6021 5788 748 6022
10717 6 3 5 5 0 5788 748 6022 5789 749 6023
10718 6 3 5 5 0 5789 749 6023 5790 750 6024
10719 6 3 5 5 0 5790 750 6024 5791 751 6025
10720 6 3 5 5 0 5791 751 6025 5792 752 6026
10721 6 3 5 5 0 5792 752 6026 5793 753 6027
10722 6 3 5 5 0 5793 753 6027 5794 754 6028
10723 6 3 5 5 0 5794 754 6028 5795 755 6029
10724 6 3 5 5 0 5795 755 6029 5796 756 6030
10725 6 3 5 5 0 5796 756 6030 5797 757 6031
10726 6 3 5 5 0 5797 757 6031 5798 758 6032
10727 6 3 5 5 0 5798 758 6032 5799 759 6033
10728 6 3 5 5 0 5799 759 6033 5800 760 6034
10729 6 3 5 5 0 5800 760 6034 5801 761 6035
10730 6 3 5 5 0 5801 761 6035 5802 762 6036
10731 6 3 5 5 0 5802 762 6036 5803 763 6037
10732 6 3 5 5 0 5803 763 6037 5804 764 6038
10733 6 3 5 5 0 5804 764 6038 5805 765 6039
10734 6 3 5 5 0 5805 765 6039 5806 766 6040
10735 6 3 5 5 0 5806 766 6040 5807 767 6041
10736 6 3 5 5 0 5807 767 6041 5808 768 6042
10737 6 3 5 5 0 5808 768 6042 5809 769 6043
10738 6 3 5 5 0 5809 769 6043 5810 770 6044
10739 6 3 5 5 0 5810 770 6044 5811 771 6045
10740 6 3 5 5 0 5811 771 6045 2975 35 2981
10741 6 3 5 5 0 2249 29 487 6007 733 2725
10742 6 3 5 5 0 6007 733 2725 6008 734 2726
10743 6 3 5 5 0 6008 734 2726 6009 735 2727
10744 6 3 5 5 0 6009 735 2727 6010 736 2728
10745 6 3 5 5 0 6010 736 2728 6011 737 2729
10746 6 3 5 5 0 6011 737 2729 6012 738 2730
10747 6 3 5 5 0 6012 738 2730 6013 739 2731
10748 6 3 5 5 0 6013 739 2731 6014 740 2732
10749 6 3 5 5 0 6014 740 2732 6015 741 2733
10750 6 3 5 5 0 6015 741 2733 6016 742 2734
10751 6 3 5 5 0 6016 742 2734 6017 743 2735
10752 6 3 5 5 0 6017 743 2735 6018 744 2736
10753 6 3 5 5 0 6018 744 2736 6019 745 2737
10754 6 3 5 5 0 6019 745 2737 6020 746 2738
10755 6 3 5 5 0 6020 746 2738 6021 747 2739
10756 6 3 5 5 0 6021 747 2739 6022 748 2740
10757 6 3 5 5 0 6022 748 2740 6023 749 2741
10758 6 3 5 5 0 6023 749 2741 6024 750 2742
10759 6 3 5 5 0 6024 750 2742 6025 751 2743
10760 6 3 5 5 0 6025 751 2743 6026 752 2744
10761 6 3 5 5 0 6026 752 2744 6027 753 2745
10762 6 3 5 5 0 6027 753 2745 6028 754 2746
10763 6 3 5 5 0 6028 754 2746 6029 755 2747
10764 6 3 5 5 0 6029 755 2747 6030 756 2748
10765 6 3 5 5 0 6030 756 2748 6031 757 2749
10766 6 3 5 5 0 6031 757 2749 6032 758 2750
10767 6 3 5 5 0 6032 758 2750 6033 759 2751
10768 6 3 5 5 0 6033 759 2751 6034 760 2752
10769 6 3 5 5 0 6034 760 2752 6035 761 2753
10770 6 3 5 5 0 6035 761 2753 6036 762 2754
10771 6 3 5 5 0 6036 762 2754 6037 763 2755
10772 6 3 5 5 0 6037 763 2755 6038 764 2756
10773 6 3 5 5 0 6038 764 2756 6039 765 2757
10774 6 3 5 5 0 6039 765 2757 6040 766 2758
10775 6 3 5 5 0 6040 766 2758 6041 767 2759
10776 6 3 5 5 0 6041 767 2759 6042 768 2760
10777 6 3 5 5 0 6042 768 2760 6043 769 2761
10778 6 3 5 5 0 6043 769 2761 6044 770 2762
10779 6 3 5 5 0 6044 770 2762 6045 771 2763
10780 6 3 5 5 0 6045 771 2763 2981 35 571
10781 6 3 5 5 0 479 480 2250 2413 2452 6046
10782 6 3 5 5 0 2413 2452 6046 2414 2453 6047
10783 6 3 5 5 0 2414 2453 6047 2415 2454 6048
10784 6 3 5 5 0 2415 2454 6048 2416 2455 6049
10785 6 3 5 5 0 2416 2455 6049 2417 2456 6050
10786 6 3 5 5 0 2417 2456 6050 2418 2457 6051
10787 6 3 5 5 0 2418 2457 6051 2419 2458 6052
10788 6 3 5 5 0 2419 2458 6052 2420 2459 6053
10789 6 3 5 5 0 2420 2459 6053 2421 2460 6054
10790 6 3 5 5 0 2421 2460 6054 2422 2461 6055
10791 6 3 5 5 0 2422 2461 6055 2423 2462 6056
10792 6 3 5 5 0 2423 2462 6056 2424 2463 6057
10793 6 3 5 5 0 2424 2463 6057 2425 2464 6058
10794 6 3 5 5 0 2425 2464 6058 2426 2465 6059
10795 6 3 5 5 0 2426 2465 6059 2427 2466 6060
10796 6 3 5 5 0 2427 2466 6060 2428 2467 6061
10797 6 3 5 5 0 2428 2467 6061 2429 2468 6062
10798 6 3 5 5 0 2429 2468 6062 2430 2469 6063
10799 6 3 5 5 0 2430 2469 6063 2431 2470 6064
10800 6 3 5 5 0 2431 2470 6064 2432 2471 6065
10801 6 3 5 5 0 2432 2471 6065 2433 2472 6066
10802 6 3 5 5 0 2433 2472 6066 2434 2473 6067
10803 6 3 5 5 0 2434 2473 6067 2435 2474 6068
10804 6 3 5 5 0 2435 2474 6068 2436 2475 6069
10805 6 3 5 5 0 2436 2475 6069 2437 2476 6070
10806 6 3 5 5 0 2437 2476 6070 2438 2477 6071
10807 6 3 5 5 0 2438 2477 6071 2439 2478 6072
10808 6 3 5 5 0 2439 2478 6072 2440 2479 6073
10809 6 3 5 5 0 2440 2479 6073 2441 2480 6074
10810 6 3 5 5 0 2441 2480 6074 2442 2481 6075
10811 6 3 5 5 0 2442 2481 6075 2443 2482 6076
10812 6 3 5 5 0 2443 2482 6076 2444 2483 6077
10813 6 3 5 5 0 2444 2483 6077 2445 2484 6078
10814 6 3 5 5 0 2445 2484 6078 2446 2485 6079
10815 6 3 5 5 0 2446 2485 6079 2447 2486 6080
10816 6 3 5 5 0 2447 2486 6080 2448 2487 6081
10817 6 3 5 5 0 2448 2487 6081 2449 2488 6082
10818 6 3 5 5 0 2449 2488 6082 2450 2489 6083
10819 6 3 5 5 0 2450 2489 6083 2451 2490 6084
10820 6 3 5 5 0 2451 2490 6084 563 564 2982
10821 6 3 5 5 0 2250 480 2247 6046 2452 5929
10822 6 3 5 5 0 6046 2452 5929 6047 2453 5930
10823 6 3 5 5 0 6047 2453 5930 6048 2454 5931
10824 6 3 5 5 0 6048 2454 5931 6049 2455 5932
10825 6 3 5 5 0 6049 2455 5932 6050 2456 5933
10826 6 3 5 5 0 6050 2456 5933 6051 2457 5934
10827 6 3 5 5 0 6051 2457 5934 6052 2458 5935
10828 6 3 5 5 0 6052 2458 5935 6053 2459 5936
10829 6 3 5 5 0 6053 2459 5936 6054 2460 5937
10830 6 3 5 5 0 6054 2460 5937 6055 2461 5938
10831 6 3 5 5 0 6055 2461 5938 6056 2462 5939
10832 6 3 5 5 0 6056 2462 5939 6057 2463 5940
10833 6 3 5 5 0 6057 2463 5940 6058 2464 5941
10834 6 3 5 5 0 6058 2464 5941 6059 2465 5942
10835 6 3 5 5 0 6059 2465 5942 6060 2466 5943
10836 6 3 5 5 0 6060 2466 5943 6061 2467 5944
10837 6 3 5 5 0 6061 2467 5944 6062 2468 5945
10838 6 3 5 5 0 6062 2468 5945 6063 2469 5946
10839 6 3 5 5 0 6063 2469 5946 6064 2470 5947
10840 6 3 5 5 0 6064 2470 5947 6065 2471 5948
10841 6 3 5 5 0 6065 2471 5948 6066 2472 5949
10842 6 3 5 5 0 6066 2472 5949 6067 2473 5950
10843 6 3 5 5 0 6067 2473 5950 6068 2474 5951
10844 6 3 5 5 0 6068 2474 5951 6069 2475 5952
10845 6 3 5 5 0 6069 2475 5952 6070 2476 5953
10846 6 3 5 5 0 6070 2476 5953 6071 2477 5954
10847 6 3 5 5 0 6071 2477 5954 6072 2478 5955
10848 6 3 5 5 0 6072 2478 5955 6073 2479 5956
10849 6 3 5 5 0 6073 2479 5956 6074 2480 5957
10850 6 3 5 5 0 6074 2480 5957 6075 2481 5958
10851 6 3 5 5 0 6075 2481 5958 6076 2482 5959
10852 6 3 5 5 0 6076 2482 5959 6077 2483 5960
10853 6 3 5 5 0 6077 2483 5960 6078 2484 5961
10854 6 3 5 5 0 6078 2484 5961 6079 2485 5962
10855 6 3 5 5 0 6079 2485 5962 6080 2486 5963
10856 6 3 5 5 0 6080 2486 5963 6081 2487 5964
10857 6 3 5 5 0 6081 2487 5964 6082 2488 5965
10858 6 3 5 5 0 6082 2488 5965 6083 2489 5966
10859 6 3 5 5 0 6083 2489 5966 6084 2490 5967
10860 6 3 5 5 0 6084 2490 5967 2982 564 2979
10861 6 3 5 5 0 2244 485 2243 5812 2647 5773
10862 6 3 5 5 0 5812 2647 5773 5813 2648 5774
10863 6 3 5 5 0 5813 2648 5774 5814 2649 5775
10864 6 3 5 5 0 5814 2649 5775 5815 2650 5776
10865 6 3 5 5 0 5815 2650 5776 5816 2651 5777
10866 6 3 5 5 0 5816 2651 5777 5817 2652 5778
10867 6 3 5 5 0 5817 2652 5778 5818 2653 5779
10868 6 3 5 5 0 5818 2653 5779 5819 2654 5780
10869 6 3 5 5 0 5819 2654 5780 5820 2655 5781
10870 6 3 5 5 0 5820 2655 5781 5821 2656 5782
10871 6 3 5 5 0 5821 2656 5782 5822 2657 5783
10872 6 3 5 5 0 5822 2657 5783 5823 2658 5784
10873 6 3 5 5 0 5823 2658 5784 5824 2659 5785
10874 6 3 5 5 0 5824 2659 5785 5825 2660 5786
10875 6 3 5 5 0 5825 2660 5786 5826 2661 5787
10876 6 3 5 5 0 5826 2661 5787 5827 2662 5788
10877 6 3 5 5 0 5827 2662 5788 5828 2663 5789
10878 6 3 5 5 0 5828 2663 5789 5829 2664 5790
10879 6 3 5 5 0 5829 2664 5790 5830 2665 5791
10880 6 3 5 5 0 5830 2665 5791 5831 2666 5792
10881 6 3 5 5 0 5831 2666 5792 5832 2667 5793
10882 6 3 5 5 0 5832 2667 5793 5833 2668 5794
10883 6 3 5 5 0 5833 2668 5794 5834 2669 5795
10884 6 3 5 5 0 5834 2669 5795 5835 2670 5796
10885 6 3 5 5 0 5835 2670 5796 5836 2671 5797
10886 6 3 5 5 0 5836 2671 5797 5837 2672 5798
10887 6 3 5 5 0 5837 2672 5798 5838 2673 5799
10888 6 3 5 5 0 5838 2673 5799 5839 2674 5800
10889 6 3 5 5 0 5839 2674 5800 5840 2675 5801
10890 6 3 5 5 0 5840 2675 5801 5841 2676 5802
10891 6 3 5 5 0 5841 2676 5802 5842 2677 5803
10892 6 3 5 5 0 5842 2677 5803 5843 2678 5804
10893 6 3 5 5 0 5843 2678 5804 5844 2679 5805
10894 6 3 5 5 0 5844 2679 5805 5845 2680 5806
10895 6 3 5 5 0 5845 2680 5806 5846 2681 5807
10896 6 3 5 5 0 5846 2681 5807 5847 2682 5808
10897 6 3 5 5 0 5847 2682 5808 5848 2683 5809
10898 6 3 5 5 0 5848 2683 5809 5849 2684 5810
10899 6 3 5 5 0 5849 2684 5810 5850 2685 5811
10900 6 3 5 5 0 5850 2685 5811 2976 569 2975
10901 6 3 5 5 0 2244 2243 2242 5812 5773 5734
10902 6 3 5 5 0 5812 5773 5734 5813 5774 5735
10903 6 3 5 5 0 5813 5774 5735 5814 5775 5736
10904 6 3 5 5 0 5814 5775 5736 5815 5776 5737
10905 6 3 5 5 0 5815 5776 5737 5816 5777 5738
10906 6 3 5 5 0 5816 5777 5738 5817 5778 5739
10907 6 3 5 5 0 5817 5778 5739 5818 5779 5740
10908 6 3 5 5 0 5818 5779 5740 5819 5780 5741
10909 6 3 5 5 0 5819 5780 5741 5820 5781 5742
10910 6 3 5 5 0 5820 5781 5742 5821 5782 5743
10911 6 3 5 5 0 5821 5782 5743 5822 5783 5744
10912 6 3 5 5 0 5822 5783 5744 5823 5784 5745
10913 6 3 5 5 0 5823 5784 5745 5824 5785 5746
10914 6 3 5 5 0 5824 5785 5746 5825 5786 5747
10915 6 3 5 5 0 5825 5786 5747 5826 5787 5748
10916 6 3 5 5 0 5826 5787 5748 5827 5788 5749
10917 6 3 5 5 0 5827 5788 5749 5828 5789 5750
10918 6 3 5 5 0 5828 5789 5750 5829 5790 5751
10919 6 3 5 5 0 5829 5790 5751 5830 5791 5752
10920 6 3 5 5 0 5830 5791 5752 5831 5792 5753
10921 6 3 5 5 0 5831 5792 5753 5832 5793 5754
10922 6 3 5 5 0 5832 5793 5754 5833 5794 5755
10923 6 3 5 5 0 5833 5794 5755 5834 5795 5756
10924 6 3 5 5 0 5834 5795 5756 5835 5796 5757
10925 6 3 5 5 0 5835 5796 5757 5836 5797 5758
10926 6 3 5 5 0 5836 5797 5758 5837 5798 5759
10927 6 3 5 5 0 5837 5798 5759 5838 5799 5760
10928 6 3 5 5 0 5838 5799 5760 5839 5800 5761
10929 6 3 5 5 0 5839 5800 5761 5840 5801 5762
10930 6 3 5 5 0 5840 5801 5762 5841 5802 5763
10931 6 3 5 5 0 5841 5802 5763 5842 5803 5764
10932 6 3 5 5 0 5842 5803 5764 5843 5804 5765
10933 6 3 5 5 0 5843 5804 5765 5844 5805 5766
10934 6 3 5 5 0 5844 5805 5766 5845 5806 5767
10935 6 3 5 5 0 5845 5806 5767 5846 5807 5768
10936 6 3 5 5 0 5846 5807 5768 5847 5808 5769
10937 6 3 5 5 0 5847 5808 5769 5848 5809 5770
10938 6 3 5 5 0 5848 5809 5770 5849 5810 5771
10939 6 3 5 5 0 5849 5810 5771 5850 5811 5772
10940 6 3 5 5 0 5850 5811 5772 2976 2975 2974
10941 6 3 5 5 0 2244 2242 2248 5812 5734 5968
10942 6 3 5 5 0 5812 5734 5968 5813 5735 5969
10943 6 3 5 5 0 5813 5735 5969 5814 5736 5970
10944 6 3 5 5 0 5814 5736 5970 5815 5737 5971
10945 6 3 5 5 0 5815 5737 5971 5816 5738 5972
10946 6 3 5 5 0 5816 5738 5972 5817 5739 5973
10947 6 3 5 5 0 5817 5739 5973 5818 5740 5974
10948 6 3 5 5 0 5818 5740 5974 5819 5741 5975
10949 6 3 5 5 0 5819 5741 5975 5820 5742 5976
10950 6 3 5 5 0 5820 5742 5976 5821 5743 5977
10951 6 3 5 5 0 5821 5743 5977 5822 5744 5978
10952 6 3 5 5 0 5822 5744 5978 5823 5745 5979
10953 6 3 5 5 0 5823 5745 5979 5824 5746 5980
10954 6 3 5 5 0 5824 5746 5980 5825 5747 5981
10955 6 3 5 5 0 5825 5747 5981 5826 5748 5982
10956 6 3 5 5 0 5826 5748 5982 5827 5749 5983
10957 6 3 5 5 0 5827 5749 5983 5828 5750 5984
10958 6 3 5 5 0 5828 5750 5984 5829 5751 5985
10959 6 3 5 5 0 5829 5751 5985 5830 5752 5986
10960 6 3 5 5 0 5830 5752 5986 5831 5753 5987
10961 6 3 5 5 0 5831 5753 5987 5832 5754 5988
10962 6 3 5 5 0 5832 5754 5988 5833 5755 5989
10963 6 3 5 5 0 5833 5755 5989 5834 5756 5990
10964 6 3 5 5 0 5834 5756 5990 5835 5757 5991
10965 6 3 5 5 0 5835 5757 5991 5836 5758 5992
10966 6 3 5 5 0 5836 5758 5992 5837 5759 5993
10967 6 3 5 5 0 5837 5759 5993 5838 5760 5994
10968 6 3 5 5 0 5838 5760 5994 5839 5761 5995
10969 6 3 5 5 0 5839 5761 5995 5840 5762 5996
10970 6 3 5 5 0 5840 5762 5996 5841 5763 5997
10971 6 3 5 5 0 5841 5763 5997 5842 5764 5998
10972 6 3 5 5 0 5842 5764 5998 5843 5765 5999
10973 6 3 5 5 0 5843 5765 5999 5844 5766 6000
10974 6 3 5 5 0 5844 5766 6000 5845 5767 6001
10975 6 3 5 5 0 5845 5767 6001 5846 5768 6002
10976 6 3 5 5 0 5846 5768 6002 5847 5769 6003
10977 6 3 5 5 0 5847 5769 6003 5848 5770 6004
10978 6 3 5 5 0 5848 5770 6004 5849 5771 6005
10979 6 3 5 5 0 5849 5771 6005 5850 5772 6006
10980 6 3 5 5 0 5850 5772 6006 2976 2974 2980
10981 6 3 5 5 0 2249 487 2241 6007 2725 5695
10982 6 3 5 5 0 6007 2725 5695 6008 2726 5696
10983 6 3 5 5 0 6008 2726 5696 6009 2727 5697
10984 6 3 5 5 0 6009 2727 5697 6010 2728 5698
10985 6 3 5 5 0 6010 2728 5698 6011 2729 5699
10986 6 3 5 5 0 6011 2729 5699 6012 2730 5700
10987 6 3 5 5 0 6012 2730 5700 6013 2731 5701
10988 6 3 5 5 0 6013 2731 5701 6014 2732 5702
10989 6 3 5 5 0 6014 2732 5702 6015 2733 5703
10990 6 3 5 5 0 6015 2733 5703 6016 2734 5704
10991 6 3 5 5 0 6016 2734 5704 6017 2735 5705
10992 6 3 5 5 0 6017 2735 5705 6018 2736 5706
10993 6 3 5 5 0 6018 2736 5706 6019 2737 5707
10994 6 3 5 5 0 6019 2737 5707 6020 2738 5708
10995 6 3 5 5 0 6020 2738 5708 6021 2739 5709
10996 6 3 5 5 0 6021 2739 5709 6022 2740 5710
10997 6 3 5 5 0 6022 2740 5710 6023 2741 5711
10998 6 3 5 5 0 6023 2741 5711 6024 2742 5712
10999 6 3 5 5 0 6024 2742 5712 6025 2743 5713
11000 6 3 5 5 0 6025 2743 5713 6026 2744 5714
11001 6 3 5 5 0 6026 2744 5714 6027 2745 5715
11002 6 3 5 5 0 6027 2745 5715 6028 2746 5716
11003 6 3 5 5 0 6028 2746 5716 6029 2747 5717
11004 6 3 5 5 0 6029 2747 5717 6030 2748 5718
11005 6 3 5 5 0 6030 2748 5718 6031 2749 5719
11006 6 3 5 5 0 6031 2749 5719 6032 2750 5720
11007 6 3 5 5 0 6032 2750 5720 6033 2751 5721
11008 6 3 5 5 0 6033 2751 5721 6034 2752 5722
11009 6 3 5 5 0 6034 2752 5722 6035 2753 5723
11010 6 3 5 5 0 6035 2753 5723 6036 2754 5724
11011 6 3 5 5 0 6036 2754 5724 6037 2755 5725
11012 6 3 5 5 0 6037 2755 5725 6038 2756 5726
11013 6 3 5 5 0 6038 2756 5726 6039 2757 5727
11014 6 3 5 5 0 6039 2757 5727 6040 2758 5728
11015 6 3 5 5 0 6040 2758 5728 6041 2759 5729
11016 6 3 5 5 0 6041 2759 5729 6042 2760 5730
11017 6 3 5 5 0 6042 2760 5730 6043 2761 5731
11018 6 3 5 5 0 6043 2761 5731 6044 2762 5732
11019 6 3 5 5 0 6044 2762 5732 6045 2763 5733
11020 6 3 5 5 0 6045 2763 5733 2981 571 2973
11021 6 3 5 5 0 2231 2249 2241 5305 6007 5695
11022 6 3 5 5 0 5305 6007 5695 5306 6008 5696
11023 6 3 5 5 0 5306 6008 5696 5307 6009 5697
11024 6 3 5 5 0 5307 6009 5697 5308 6010 5698
11025 6 3 5 5 0 5308 6010 5698 5309 6011 5699
11026 6 3 5 5 0 5309 6011 5699 5310 6012 5700
11027 6 3 5 5 0 5310 6012 5700 5311 6013 5701
11028 6 3 5 5 0 5311 6013 5701 5312 6014 5702
11029 6 3 5 5 0 5312 6014 5702 5313 6015 5703
11030 6 3 5 5 0 5313 6015 5703 5314 6016 5704
11031 6 3 5 5 0 5314 6016 5704 5315 6017 5705
11032 6 3 5 5 0 5315 6017 5705 5316 6018 5706
11033 6 3 5 5 0 5316 6018 5706 5317 6019 5707
11034 6 3 5 5 0 5317 6019 5707 5318 6020 5708
11035 6 3 5 5 0 5318 6020 5708 5319 6021 5709
11036 6 3 5 5 0 5319 6021 5709 5320 6022 5710
11037 6 3 5 5 0 5320 6022 5710 5321 6023 5711
11038 6 3 5 5 0 5321 6023 5711 5322 6024 5712
11039 6 3 5 5 0 5322 6024 5712 5323 6025 5713
11040 6 3 5 5 0 5323 6025 5713 5324 6026 5714
11041 6 3 5 5 0 5324 6026 5714 5325 6027 5715
11042 6 3 5 5 0 5325 6027 5715 5326 6028 5716
11043 6 3 5 5 0 5326 6028 5716 5327 6029 5717
11044 6 3 5 5 0 5327 6029 5717 5328 6030 5718
11045 6 3 5 5 0 5328 6030 5718 5329 6031 5719
11046 6 3 5 5 0 5329 6031 5719 5330 6032 5720
11047 6 3 5 5 0 5330 6032 5720 5331 6033 5721
11048 6 3 5 5 0 5331 6033 5721 5332 6034 5722
11049 6 3 5 5 0 5332 6034 5722 5333 6035 5723
11050 6 3 5 5 0 5333 6035 5723 5334 6036 5724
11051 6 3 5 5 0 5334 6036 5724 5335 6037 5725
11052 6 3 5 5 0 5335 6037 5725 5336 6038 5726
11053 6 3 5 5 0 5336 6038 5726 5337 6039 5727
11054 6 3 5 5 0 5337 6039 5727 5338 6040 5728
11055 6 3 5 5 0 5338 6040 5728 5339 6041 5729
11056 6 3 5 5 0 5339 6041 5729 5340 6042 5730
11057 6 3 5 5 0 5340 6042 5730 5341 6043 5731
11058 6 3 5 5 0 5341 6043 5731 5342 6044 5732
11059 6 3 5 5 0 5342 6044 5732 5343 6045 5733
11060 6 3 5 5 0 5343 6045 5733 2963 2981 2973
11061 6 3 5 5 0 2249 2231 2242 6007 5305 5734
11062 6 3 5 5 0 6007 5305 5734 6008 5306 5735
11063 6 3 5 5 0 6008 5306 5735 6009 5307 5736
11064 6 3 5 5 0 6009 5307 5736 6010 5308 5737
11065 6 3 5 5 0 6010 5308 5737 6011 5309 5738
11066 6 3 5 5 0 6011 5309 5738 6012 5310 5739
11067 6 3 5 5 0 6012 5310 5739 6013 5311 5740
11068 6 3 5 5 0 6013 5311 5740 6014 5312 5741
11069 6 3 5 5 0 6014 5312 5741 6015 5313 5742
11070 6 3 5 5 0 6015 5313 5742 6016 5314 5743
11071 6 3 5 5 0 6016 5314 5743 6017 5315 5744
11072 6 3 5 5 0 6017 5315 5744 6018 5316 5745
11073 6 3 5 5 0 6018 5316 5745 6019 5317 5746
11074 6 3 5 5 0 6019 5317 5746 6020 5318 5747
11075 6 3 5 5 0 6020 5318 5747 6021 5319 5748
11076 6 3 5 5 0 6021 5319 5748 6022 5320 5749
11077 6 3 5 5 0 6022 5320 5749 6023 5321 5750
11078 6 3 5 5 0 6023 5321 5750 6024 5322 5751
11079 6 3 5 5 0 6024 5322 5751 6025 5323 5752
11080 6 3 5 5 0 6025 5323 5752 6026 5324 5753
11081 6 3 5 5 0 6026 5324 5753 6027 5325 5754
11082 6 3 5 5 0 6027 5325 5754 6028 5326 5755
11083 6 3 5 5 0 6028 5326 5755 6029 5327 5756
11084 6 3 5 5 0 6029 5327 5756 6030 5328 5757
11085 6 3 5 5 0 6030 5328 5757 6031 5329 5758
11086 6 3 5 5 0 6031 5329 5758 6032 5330 5759
11087 6 3 5 5 0 6032 5330 5759 6033 5331 5760
11088 6 3 5 5 0 6033 5331 5760 6034 5332 5761
11089 6 3 5 5 0 6034 5332 5761 6035 5333 5762
11090 6 3 5 5 0 6035 5333 5762 6036 5334 5763
11091 6 3 5 5 0 6036 5334 5763 6037 5335 5764
11092 6 3 5 5 0 6037 5335 5764 6038 5336 5765
11093 6 3 5 5 0 6038 5336 5765 6039 5337 5766
11094 6 3 5 5 0 6039 5337 5766 6040 5338 5767
11095 6 3 5 5 0 6040 5338 5767 6041 5339 5768
11096 6 3 5 5 0 6041 5339 5768 6042 5340 5769
11097 6 3 5 5 0 6042 5340 5769 6043 5341 5770
11098 6 3 5 5 0 6043 5341 5770 6044 5342 5771
11099 6 3 5 5 0 6044 5342 5771 6045 5343 5772
11100 6 3 5 5 0 6045 5343 5772 2981 2963 2974
11101 6 3 5 5 0 2242 2243 2249 5734 5773 6007
11102 6 3 5 5 0 5734 5773 6007 5735 5774 6008
11103 6 3 5 5 0 5735 5774 6008 5736 5775 6009
11104 6 3 5 5 0 5736 5775 6009 5737 5776 6010
11105 6 3 5 5 0 5737 5776 6010 5738 5777 6011
11106 6 3 5 5 0 5738 5777 6011 5739 5778 6012
11107 6 3 5 5 0 5739 5778 6012 5740 5779 6013
11108 6 3 5 5 0 5740 5779 6013 5741 5780 6014
11109 6 3 5 5 0 5741 5780 6014 5742 5781 6015
11110 6 3 5 5 0 5742 5781 6015 5743 5782 6016
11111 6 3 5 5 0 5743 5782 6016 5744 5783 6017
11112 6 3 5 5 0 5744 5783 6017 5745 5784 6018
11113 6 3 5 5 0 5745 5784 6018 5746 5785 6019
11114 6 3 5 5 0 5746 5785 6019 5747 5786 6020
11115 6 3 5 5 0 5747 5786 6020 5748 5787 6021
11116 6 3 5 5 0 5748 5787 6021 5749 5788 6022
11117 6 3 5 5 0 5749 5788 6022 5750 5789 6023
11118 6 3 5 5 0 5750 5789 6023 5751 5790 6024
11119 6 3 5 5 0 5751 5790 6024 5752 5791 6025
11120 6 3 5 5 0 5752 5791 6025 5753 5792 6026
11121 6 3 5 5 0 5753 5792 6026 5754 5793 6027
11122 6 3 5 5 0 5754 5793 6027 5755 5794 6028
11123 6 3 5 5 0 5755 5794 6028 5756 5795 6029
11124 6 3 5 5 0 5756 5795 6029 5757 5796 6030
11125 6 3 5 5 0 5757 5796 6030 5758 5797 6031
11126 6 3 5 5 0 5758 5797 6031 5759 5798 6032
11127 6 3 5 5 0 5759 5798 6032 5760 5799 6033
11128 6 3 5 5 0 5760 5799 6033 5761 5800 6034
11129 6 3 5 5 0 5761 5800 6034 5762 5801 6035
11130 6 3 5 5 0 5762 5801 6035 5763 5802 6036
11131 6 3 5 5 0 5763 5802 6036 5764 5803 6037
11132 6 3 5 5 0 5764 5803 6037 5765 5804 6038
11133 6 3 5 5 0 5765 5804 6038 5766 5805 6039
11134 6 3 5 5 0 5766 5805 6039 5767 5806 6040
11135 6 3 5 5 0 5767 5806 6040 5768 5807 6041
11136 6 3 5 5 0 5768 5807 6041 5769 5808 6042
11137 6 3 5 5 0 5769 5808 6042 5770 5809 6043
11138 6 3 5 5 0 5770 5809 6043 5771 5810 6044
11139 6 3 5 5 0 5771 5810 6044 5772 5811 6045
11140 6 3 5 5 0 5772 5811 6045 2974 2975 2981
11141 6 3 5 5 0 2251 2227 2231 6085 5149 5305
11142 6 3 5 5 0 6085 5149 5305 6086 5150 5306
11143 6 3 5 5 0 6086 5150 5306 6087 5151 5307
11144 6 3 5 5 0 6087 5151 5307 6088 5152 5308
11145 6 3 5 5 0 6088 5152 5308 6089 5153 5309
11146 6 3 5 5 0 6089 5153 5309 6090 5154 5310
11147 6 3 5 5 0 6090 5154 5310 6091 5155 5311
11148 6 3 5 5 0 6091 5155 5311 6092 5156 5312
11149 6 3 5 5 0 6092 5156 5312 6093 5157 5313
11150 6 3 5 5 0 6093 5157 5313 6094 5158 5314
11151 6 3 5 5 0 6094 5158 5314 6095 5159 5315
11152 6 3 5 5 0 6095 5159 5315 6096 5160 5316
11153 6 3 5 5 0 6096 5160 5316 6097 5161 5317
11154 6 3 5 5 0 6097 5161 5317 6098 5162 5318
11155 6 3 5 5 0 6098 5162 5318 6099 5163 5319
11156 6 3 5 5 0 6099 5163 5319 6100 5164 5320
11157 6 3 5 5 0 6100 5164 5320 6101 5165 5321
11158 6 3 5 5 0 6101 5165 5321 6102 5166 5322
11159 6 3 5 5 0 6102 5166 5322 6103 5167 5323
11160 6 3 5 5 0 6103 5167 5323 6104 5168 5324
11161 6 3 5 5 0 6104 5168 5324 6105 5169 5325
11162 6 3 5 5 0 6105 5169 5325 6106 5170 5326
11163 6 3 5 5 0 6106 5170 5326 6107 5171 5327
11164 6 3 5 5 0 6107 5171 5327 6108 5172 5328
11165 6 3 5 5 0 6108 5172 5328 6109 5173 5329
11166 6 3 5 5 0 6109 5173 5329 6110 5174 5330
11167 6 3 5 5 0 6110 5174 5330 6111 5175 5331
11168 6 3 5 5 0 6111 5175 5331 6112 5176 5332
11169 6 3 5 5 0 6112 5176 5332 6113 5177 5333
11170 6 3 5 5 0 6113 5177 5333 6114 5178 5334
11171 6 3 5 5 0 6114 5178 5334 6115 5179 5335
11172 6 3 5 5 0 6115 5179 5335 6116 5180 5336
11173 6 3 5 5 0 6116 5180 5336 6117 5181 5337
11174 6 3 5 5 0 6117 5181 5337 6118 5182 5338
11175 6 3 5 5 0 6118 5182 5338 6119 5183 5339
11176 6 3 5 5 0 6119 5183 5339 6120 5184 5340
11177 6 3 5 5 0 6120 5184 5340 6121 5185 5341
11178 6 3 5 5 0 6121 5185 5341 6122 5186 5342
11179 6 3 5 5 0 6122 5186 5342 6123 5187 5343
11180 6 3 5 5 0 6123 5187 5343 2983 2959 2963
11181 6 3 5 5 0 2234 2227 2251 5422 5149 6085
11182 6 3 5 5 0 5422 5149 6085 5423 5150 6086
11183 6 3 5 5 0 5423 5150 6086 5424 5151 6087
11184 6 3 5 5 0 5424 5151 6087 5425 5152 6088
11185 6 3 5 5 0 5425 5152 6088 5426 5153 6089
11186 6 3 5 5 0 5426 5153 6089 5427 5154 6090
11187 6 3 5 5 0 5427 5154 6090 5428 5155 6091
11188 6 3 5 5 0 5428 5155 6091 5429 5156 6092
11189 6 3 5 5 0 5429 5156 6092 5430 5157 6093
11190 6 3 5 5 0 5430 5157 6093 5431 5158 6094
11191 6 3 5 5 0 5431 5158 6094 5432 5159 6095
11192 6 3 5 5 0 5432 5159 6095 5433 5160 6096
11193 6 3 5 5 0 5433 5160 6096 5434 5161 6097
11194 6 3 5 5 0 5434 5161 6097 5435 5162 6098
11195 6 3 5 5 0 5435 5162 6098 5436 5163 6099
11196 6 3 5 5 0 5436 5163 6099 5437 5164 6100
11197 6 3 5 5 0 5437 5164 6100 5438 5165 6101
11198 6 3 5 5 0 5438 5165 6101 5439 5166 6102
11199 6 3 5 5 0 5439 5166 6102 5440 5167 6103
11200 6 3 5 5 0 5440 5167 6103 5441 5168 6104
11201 6 3 5 5 0 5441 5168 6104 5442 5169 6105
11202 6 3 5 5 0 5442 5169 6105 5443 5170 6106
11203 6 3 5 5 0 5443 5170 6106 5444 5171 6107
11204 6 3 5 5 0 5444 5171 6107 5445 5172 6108
11205 6 3 5 5 0 5445 5172 6108 5446 5173 6109
11206 6 3 5 5 0 5446 5173 6109 5447 5174 6110
11207 6 3 5 5 0 5447 5174 6110 5448 5175 6111
11208 6 3 5 5 0 5448 5175 6111 5449 5176 6112
11209 6 3 5 5 0 5449 5176 6112 5450 5177 6113
11210 6 3 5 5 0 5450 5177 6113 5451 5178 6114
11211 6 3 5 5 0 5451 5178 6114 5452 5179 6115
11212 6 3 5 5 0 5452 5179 6115 5453 5180 6116
11213 6 3 5 5 0 5453 5180 6116 5454 5181 6117
11214 6 3 5 5 0 5454 5181 6117 5455 5182 6118
11215 6 3 5 5 0 5455 5182 6118 5456 5183 6119
11216 6 3 5 5 0 5456 5183 6119 5457 5184 6120
11217 6 3 5 5 0 5457 5184 6120 5458 5185 6121
11218 6 3 5 5 0 5458 5185 6121 5459 5186 6122
11219 6 3 5 5 0 5459 5186 6122 5460 5187 6123
11220 6 3 5 5 0 5460 5187 6123 2966 2959 2983
11221 6 3 5 5 0 2247 2252 2253 5929 6124 6163
11222 6 3 5 5 0 5929 6124 6163 5930 6125 6164
11223 6 3 5 5 0 5930 6125 6164 5931 6126 6165
11224 6 3 5 5 0 5931 6126 6165 5932 6127 6166
11225 6 3 5 5 0 5932 6127 6166 5933 6128 6167
11226 6 3 5 5 0 5933 6128 6167 5934 6129 6168
11227 6 3 5 5 0 5934 6129 6168 5935 6130 6169
11228 6 3 5 5 0 5935 6130 6169 5936 6131 6170
11229 6 3 5 5 0 5936 6131 6170 5937 6132 6171
11230 6 3 5 5 0 5937 6132 6171 5938 6133 6172
11231 6 3 5 5 0 5938 6133 6172 5939 6134 6173
11232 6 3 5 5 0 5939 6134 6173 5940 6135 6174
11233 6 3 5 5 0 5940 6135 6174 5941 6136 6175
11234 6 3 5 5 0 5941 6136 6175 5942 6137 6176
11235 6 3 5 5 0 5942 6137 6176 5943 6138 6177
11236 6 3 5 5 0 5943 6138 6177 5944 6139 6178
11237 6 3 5 5 0 5944 6139 6178 5945 6140 6179
11238 6 3 5 5 0 5945 6140 6179 5946 6141 6180
11239 6 3 5 5 0 5946 6141 6180 5947 6142 6181
11240 6 3 5 5 0 5947 6142 6181 5948 6143 6182
11241 6 3 5 5 0 5948 6143 6182 5949 6144 6183
11242 6 3 5 5 0 5949 6144 6183 5950 6145 6184
11243 6 3 5 5 0 5950 6145 6184 5951 6146 6185
11244 6 3 5 5 0 5951 6146 6185 5952 6147 6186
11245 6 3 5 5 0 5952 6147 6186 5953 6148 6187
11246 6 3 5 5 0 5953 6148 6187 5954 6149 6188
11247 6 3 5 5 0 5954 6149 6188 5955 6150 6189
11248 6 3 5 5 0 5955 6150 6189 5956 6151 6190
11249 6 3 5 5 0 5956 6151 6190 5957 6152 6191
11250 6 3 5 5 0 5957 6152 6191 5958 6153 6192
11251 6 3 5 5 0 5958 6153 6192 5959 6154 6193
11252 6 3 5 5 0 5959 6154 6193 5960 6155 6194
11253 6 3 5 5 0 5960 6155 6194 5961 6156 6195
11254 6 3 5 5 0 5961 6156 6195 5962 6157 6196
11255 6 3 5 5 0 5962 6157 6196 5963 6158 6197
11256 6 3 5 5 0 5963 6158 6197 5964 6159 6198
11257 6 3 5 5 0 5964 6159 6198 5965 6160 6199
11258 6 3 5 5 0 5965 6160 6199 5966 6161 6200
11259 6 3 5 5 0 5966 6161 6200 5967 6162 6201
11260 6 3 5 5 0 5967 6162 6201 2979 2984 2985
11261 6 3 5 5 0 481 482 2252 2491 2530 6124
11262 6 3 5 5 0 2491 2530 6124 2492 2531 6125
11263 6 3 5 5 0 2492 2531 6125 2493 2532 6126
11264 6 3 5 5 0 2493 2532 6126 2494 2533 6127
11265 6 3 5 5 0 2494 2533 6127 2495 2534 6128
11266 6 3 5 5 0 2495 2534 6128 2496 2535 6129
11267 6 3 5 5 0 2496 2535 6129 2497 2536 6130
11268 6 3 5 5 0 2497 2536 6130 2498 2537 6131
11269 6 3 5 5 0 2498 2537 6131 2499 2538 6132
11270 6 3 5 5 0 2499 2538 6132 2500 2539 6133
11271 6 3 5 5 0 2500 2539 6133 2501 2540 6134
11272 6 3 5 5 0 2501 2540 6134 2502 2541 6135
11273 6 3 5 5 0 2502 2541 6135 2503 2542 6136
11274 6 3 5 5 0 2503 2542 6136 2504 2543 6137
11275 6 3 5 5 0 2504 2543 6137 2505 2544 6138
11276 6 3 5 5 0 2505 2544 6138 2506 2545 6139
11277 6 3 5 5 0 2506 2545 6139 2507 2546 6140
11278 6 3 5 5 0 2507 2546 6140 2508 2547 6141
11279 6 3 5 5 0 2508 2547 6141 2509 2548 6142
11280 6 3 5 5 0 2509 2548 6142 2510 2549 6143
11281 6 3 5 5 0 2510 2549 6143 2511 2550 6144
11282 6 3 5 5 0 2511 2550 6144 2512 2551 6145
11283 6 3 5 5 0 2512 2551 6145 2513 2552 6146
11284 6 3 5 5 0 2513 2552 6146 2514 2553 6147
11285 6 3 5 5 0 2514 2553 6147 2515 2554 6148
11286 6 3 5 5 0 2515 2554 6148 2516 2555 6149
11287 6 3 5 5 0 2516 2555 6149 2517 2556 6150
11288 6 3 5 5 0 2517 2556 6150 2518 2557 6151
11289 6 3 5 5 0 2518 2557 6151 2519 2558 6152
11290 6 3 5 5 0 2519 2558 6152 2520 2559 6153
11291 6 3 5 5 0 2520 2559 6153 2521 2560 6154
11292 6 3 5 5 0 2521 2560 6154 2522 2561 6155
11293 6 3 5 5 0 2522 2561 6155 2523 2562 6156
11294 6 3 5 5 0 2523 2562 6156 2524 2563 6157
11295 6 3 5 5 0 2524 2563 6157 2525 2564 6158
11296 6 3 5 5 0 2525 2564 6158 2526 2565 6159
11297 6 3 5 5 0 2526 2565 6159 2527 2566 6160
11298 6 3 5 5 0 2527 2566 6160 2528 2567 6161
11299 6 3 5 5 0 2528 2567 6161 2529 2568 6162
11300 6 3 5 5 0 2529 2568 6162 565 566 2984
11301 6 3 5 5 0 2252 2247 481 6124 5929 2491
11302 6 3 5 5 0 6124 5929 2491 6125 5930 2492
11303 6 3 5 5 0 6125 5930 2492 6126 5931 2493
11304 6 3 5 5 0 6126 5931 2493 6127 5932 2494
11305 6 3 5 5 0 6127 5932 2494 6128 5933 2495
11306 6 3 5 5 0 6128 5933 2495 6129 5934 2496
11307 6 3 5 5 0 6129 5934 2496 6130 5935 2497
11308 6 3 5 5 0 6130 5935 2497 6131 5936 2498
11309 6 3 5 5 0 6131 5936 2498 6132 5937 2499
11310 6 3 5 5 0 6132 5937 2499 6133 5938 2500
11311 6 3 5 5 0 6133 5938 2500 6134 5939 2501
11312 6 3 5 5 0 6134 5939 2501 6135 5940 2502
11313 6 3 5 5 0 6135 5940 2502 6136 5941 2503
11314 6 3 5 5 0 6136 5941 2503 6137 5942 2504
11315 6 3 5 5 0 6137 5942 2504 6138 5943 2505
11316 6 3 5 5 0 6138 5943 2505 6139 5944 2506
11317 6 3 5 5 0 6139 5944 2506 6140 5945 2507
11318 6 3 5 5 0 6140 5945 2507 6141 5946 2508
11319 6 3 5 5 0 6141 5946 2508 6142 5947 2509
11320 6 3 5 5 0 6142 5947 2509 6143 5948 2510
11321 6 3 5 5 0 6143 5948 2510 6144 5949 2511
11322 6 3 5 5 0 6144 5949 2511 6145 5950 2512
11323 6 3 5 5 0 6145 5950 2512 6146 5951 2513
11324 6 3 5 5 0 6146 5951 2513 6147 5952 2514
11325 6 3 5 5 0 6147 5952 2514 6148 5953 2515
11326 6 3 5 5 0 6148 5953 2515 6149 5954 2516
11327 6 3 5 5 0 6149 5954 2516 6150 5955 2517
11328 6 3 5 5 0 6150 5955 2517 6151 5956 2518
11329 6 3 5 5 0 6151 5956 2518 6152 5957 2519
11330 6 3 5 5 0 6152 5957 2519 6153 5958 2520
11331 6 3 5 5 0 6153 5958 2520 6154 5959 2521
11332 6 3 5 5 0 6154 5959 2521 6155 5960 2522
11333 6 3 5 5 0 6155 5960 2522 6156 5961 2523
11334 6 3 5 5 0 6156 5961 2523 6157 5962 2524
11335 6 3 5 5 0 6157 5962 2524 6158 5963 2525
11336 6 3 5 5 0 6158 5963 2525 6159 5964 2526
11337 6 3 5 5 0 6159 5964 2526 6160 5965 2527
11338 6 3 5 5 0 6160 5965 2527 6161 5966 2528
11339 6 3 5 5 0 6161 5966 2528 6162 5967 2529
11340 6 3 5 5 0 6162 5967 2529 2984 2979 565
11341 6 3 5 5 0 2232 2239 2254 5344 5617 6202
11342 6 3 5 5 0 5344 5617 6202 5345 5618 6203
11343 6 3 5 5 0 5345 5618 6203 5346 5619 6204
11344 6 3 5 5 0 5346 5619 6204 5347 5620 6205
11345 6 3 5 5 0 5347 5620 6205 5348 5621 6206
11346 6 3 5 5 0 5348 5621 6206 5349 5622 6207
11347 6 3 5 5 0 5349 5622 6207 5350 5623 6208
11348 6 3 5 5 0 5350 5623 6208 5351 5624 6209
11349 6 3 5 5 0 5351 5624 6209 5352 5625 6210
11350 6 3 5 5 0 5352 5625 6210 5353 5626 6211
11351 6 3 5 5 0 5353 5626 6211 5354 5627 6212
11352 6 3 5 5 0 5354 5627 6212 5355 5628 6213
11353 6 3 5 5 0 5355 5628 6213 5356 5629 6214
11354 6 3 5 5 0 5356 5629 6214 5357 5630 6215
11355 6 3 5 5 0 5357 5630 6215 5358 5631 6216
11356 6 3 5 5 0 5358 5631 6216 5359 5632 6217
11357 6 3 5 5 0 5359 5632 6217 5360 5633 6218
11358 6 3 5 5 0 5360 5633 6218 5361 5634 6219
11359 6 3 5 5 0 5361 5634 6219 5362 5635 6220
11360 6 3 5 5 0 5362 5635 6220 5363 5636 6221
11361 6 3 5 5 0 5363 5636 6221 5364 5637 6222
11362 6 3 5 5 0 5364 5637 6222 5365 5638 6223
11363 6 3 5 5 0 5365 5638 6223 5366 5639 6224
11364 6 3 5 5 0 5366 5639 6224 5367 5640 6225
11365 6 3 5 5 0 5367 5640 6225 5368 5641 6226
11366 6 3 5 5 0 5368 5641 6226 5369 5642 6227
11367 6 3 5 5 0 5369 5642 6227 5370 5643 6228
11368 6 3 5 5 0 5370 5643 6228 5371 5644 6229
11369 6 3 5 5 0 5371 5644 6229 5372 5645 6230
11370 6 3 5 5 0 5372 5645 6230 5373 5646 6231
11371 6 3 5 5 0 5373 5646 6231 5374 5647 6232
11372 6 3 5 5 0 5374 5647 6232 5375 5648 6233
11373 6 3 5 5 0 5375 5648 6233 5376 5649 6234
11374 6 3 5 5 0 5376 5649 6234 5377 5650 6235
11375 6 3 5 5 0 5377 5650 6235 5378 5651 6236
11376 6 3 5 5 0 5378 5651 6236 5379 5652 6237
11377 6 3 5 5 0 5379 5652 6237 5380 5653 6238
11378 6 3 5 5 0 5380 5653 6238 5381 5654 6239
11379 6 3 5 5 0 5381 5654 6239 5382 5655 6240
11380 6 3 5 5 0 5382 5655 6240 2964 2971 2986
11381 6 3 5 5 0 2254 2239 2253 6202 5617 6163
11382 6 3 5 5 0 6202 5617 6163 6203 5618 6164
11383 6 3 5 5 0 6203 5618 6164 6204 5619 6165
11384 6 3 5 5 0 6204 5619 6165 6205 5620 6166
11385 6 3 5 5 0 6205 5620 6166 6206 5621 6167
11386 6 3 5 5 0 6206 5621 6167 6207 5622 6168
11387 6 3 5 5 0 6207 5622 6168 6208 5623 6169
11388 6 3 5 5 0 6208 5623 6169 6209 5624 6170
11389 6 3 5 5 0 6209 5624 6170 6210 5625 6171
11390 6 3 5 5 0 6210 5625 6171 6211 5626 6172
11391 6 3 5 5 0 6211 5626 6172 6212 5627 6173
11392 6 3 5 5 0 6212 5627 6173 6213 5628 6174
11393 6 3 5 5 0 6213 5628 6174 6214 5629 6175
11394 6 3 5 5 0 6214 5629 6175 6215 5630 6176
11395 6 3 5 5 0 6215 5630 6176 6216 5631 6177
11396 6 3 5 5 0 6216 5631 6177 6217 5632 6178
11397 6 3 5 5 0 6217 5632 6178 6218 5633 6179
11398 6 3 5 5 0 6218 5633 6179 6219 5634 6180
11399 6 3 5 5 0 6219 5634 6180 6220 5635 6181
11400 6 3 5 5 0 6220 5635 6181 6221 5636 6182
11401 6 3 5 5 0 6221 5636 6182 6222 5637 6183
11402 6 3 5 5 0 6222 5637 6183 6223 5638 6184
11403 6 3 5 5 0 6223 5638 6184 6224 5639 6185
11404 6 3 5 5 0 6224 5639 6185 6225 5640 6186
11405 6 3 5 5 0 6225 5640 6186 6226 5641 6187
11406 6 3 5 5 0 6226 5641 6187 6227 5642 6188
11407 6 3 5 5 0 6227 5642 6188 6228 5643 6189
11408 6 3 5 5 0 6228 5643 6189 6229 5644 6190
11409 6 3 5 5 0 6229 5644 6190 6230 5645 6191
11410 6 3 5 5 0 6230 5645 6191 6231 5646 6192
11411 6 3 5 5 0 6231 5646 6192 6232 5647 6193
11412 6 3 5 5 0 6232 5647 6193 6233 5648 6194
11413 6 3 5 5 0 6233 5648 6194 6234 5649 6195
11414 6 3 5 5 0 6234 5649 6195 6235 5650 6196
11415 6 3 5 5 0 6235 5650 6196 6236 5651 6197
11416 6 3 5 5 0 6236 5651 6197 6237 5652 6198
11417 6 3 5 5 0 6237 5652 6198 6238 5653 6199
11418 6 3 5 5 0 6238 5653 6199 6239 5654 6200
11419 6 3 5 5 0 6239 5654 6200 6240 5655 6201
11420 6 3 5 5 0 6240 5655 6201 2986 2971 2985
11421 6 3 5 5 0 2250 2245 479 6046 5851 2413
11422 6 3 5 5 0 6046 5851 2413 6047 5852 2414
11423 6 3 5 5 0 6047 5852 2414 6048 5853 2415
11424 6 3 5 5 0 6048 5853 2415 6049 5854 2416
11425 6 3 5 5 0 6049 5854 2416 6050 5855 2417
11426 6 3 5 5 0 6050 5855 2417 6051 5856 2418
11427 6 3 5 5 0 6051 5856 2418 6052 5857 2419
11428 6 3 5 5 0 6052 5857 2419 6053 5858 2420
11429 6 3 5 5 0 6053 5858 2420 6054 5859 2421
11430 6 3 5 5 0 6054 5859 2421 6055 5860 2422
11431 6 3 5 5 0 6055 5860 2422 6056 5861 2423
11432 6 3 5 5 0 6056 5861 2423 6057 5862 2424
11433 6 3 5 5 0 6057 5862 2424 6058 5863 2425
11434 6 3 5 5 0 6058 5863 2425 6059 5864 2426
11435 6 3 5 5 0 6059 5864 2426 6060 5865 2427
11436 6 3 5 5 0 6060 5865 2427 6061 5866 2428
11437 6 3 5 5 0 6061 5866 2428 6062 5867 2429
11438 6 3 5 5 0 6062 5867 2429 6063 5868 2430
11439 6 3 5 5 0 6063 5868 2430 6064 5869 2431
11440 6 3 5 5 0 6064 5869 2431 6065 5870 2432
11441 6 3 5 5 0 6065 5870 2432 6066 5871 2433
11442 6 3 5 5 0 6066 5871 2433 6067 5872 2434
11443 6 3 5 5 0 6067 5872 2434 6068 5873 2435
11444 6 3 5 5 0 6068 5873 2435 6069 5874 2436
11445 6 3 5 5 0 6069 5874 2436 6070 5875 2437
11446 6 3 5 5 0 6070 5875 2437 6071 5876 2438
11447 6 3 5 5 0 6071 5876 2438 6072 5877 2439
11448 6 3 5 5 0 6072 5877 2439 6073 5878 2440
11449 6 3 5 5 0 6073 5878 2440 6074 5879 2441
11450 6 3 5 5 0 6074 5879 2441 6075 5880 2442
11451 6 3 5 5 0 6075 5880 2442 6076 5881 2443
11452 6 3 5 5 0 6076 5881 2443 6077 5882 2444
11453 6 3 5 5 0 6077 5882 2444 6078 5883 2445
11454 6 3 5 5 0 6078 5883 2445 6079 5884 2446
11455 6 3 5 5 0 6079 5884 2446 6080 5885 2447
11456 6 3 5 5 0 6080 5885 2447 6081 5886 2448
11457 6 3 5 5 0 6081 5886 2448 6082 5887 2449
11458 6 3 5 5 0 6082 5887 2449 6083 5888 2450
11459 6 3 5 5 0 6083 5888 2450 6084 5889 2451
11460 6 3 5 5 0 6084 5889 2451 2982 2977 563
11461 6 3 5 5 0 2239 2245 2250 5617 5851 6046
11462 6 3 5 5 0 5617 5851 6046 5618 5852 6047
11463 6 3 5 5 0 5618 5852 6047 5619 5853 6048
11464 6 3 5 5 0 5619 5853 6048 5620 5854 6049
11465 6 3 5 5 0 5620 5854 6049 5621 5855 6050
11466 6 3 5 5 0 5621 5855 6050 5622 5856 6051
11467 6 3 5 5 0 5622 5856 6051 5623 5857 6052
11468 6 3 5 5 0 5623 5857 6052 5624 5858 6053
11469 6 3 5 5 0 5624 5858 6053 5625 5859 6054
11470 6 3 5 5 0 5625 5859 6054 5626 5860 6055
11471 6 3 5 5 0 5626 5860 6055 5627 5861 6056
11472 6 3 5 5 0 5627 5861 6056 5628 5862 6057
11473 6 3 5 5 0 5628 5862 6057 5629 5863 6058
11474 6 3 5 5 0 5629 5863 6058 5630 5864 6059
11475 6 3 5 5 0 5630 5864 6059 5631 5865 6060
11476 6 3 5 5 0 5631 5865 6060 5632 5866 6061
11477 6 3 5 5 0 5632 5866 6061 5633 5867 6062
11478 6 3 5 5 0 5633 5867 6062 5634 5868 6063
11479 6 3 5 5 0 5634 5868 6063 5635 5869 6064
11480 6 3 5 5 0 5635 5869 6064 5636 5870 6065
11481 6 3 5 5 0 5636 5870 6065 5637 5871 6066
11482 6 3 5 5 0 5637 5871 6066 5638 5872 6067
11483 6 3 5 5 0 5638 5872 6067 5639 5873 6068
11484 6 3 5 5 0 5639 5873 6068 5640 5874 6069
11485 6 3 5 5 0 5640 5874 6069 5641 5875 6070
11486 6 3 5 5 0 5641 5875 6070 5642 5876 6071
11487 6 3 5 5 0 5642 5876 6071 5643 5877 6072
11488 6 3 5 5 0 5643 5877 6072 5644 5878 6073
11489 6 3 5 5 0 5644 5878 6073 5645 5879 6074
11490 6 3 5 5 0 5645 5879 6074 5646 5880 6075
11491 6 3 5 5 0 5646 5880 6075 5647 5881 6076
11492 6 3 5 5 0 5647 5881 6076 5648 5882 6077
11493 6 3 5 5 0 5648 5882 6077 5649 5883 6078
11494 6 3 5 5 0 5649 5883 6078 5650 5884 6079
11495 6 3 5 5 0 5650 5884 6079 5651 5885 6080
11496 6 3 5 5 0 5651 5885 6080 5652 5886 6081
11497 6 3 5 5 0 5652 5886 6081 5653 5887 6082
11498 6 3 5 5 0 5653 5887 6082 5654 5888 6083
11499 6 3 5 5 0 5654 5888 6083 5655 5889 6084
11500 6 3 5 5 0 5655 5889 6084 2971 2977 2982
11501 6 3 5 5 0 2250 2253 2239 6046 6163 5617
11502 6 3 5 5 0 6046 6163 5617 6047 6164 5618
11503 6 3 5 5 0 6047 6164 5618 6048 6165 5619
11504 6 3 5 5 0 6048 6165 5619 6049 6166 5620
11505 6 3 5 5 0 6049 6166 5620 6050 6167 5621
11506 6 3 5 5 0 6050 6167 5621 6051 6168 5622
11507 6 3 5 5 0 6051 6168 5622 6052 6169 5623
11508 6 3 5 5 0 6052 6169 5623 6053 6170 5624
11509 6 3 5 5 0 6053 6170 5624 6054 6171 5625
11510 6 3 5 5 0 6054 6171 5625 6055 6172 5626
11511 6 3 5 5 0 6055 6172 5626 6056 6173 5627
11512 6 3 5 5 0 6056 6173 5627 6057 6174 5628
11513 6 3 5 5 0 6057 6174 5628 6058 6175 5629
11514 6 3 5 5 0 6058 6175 5629 6059 6176 5630
11515 6 3 5 5 0 6059 6176 5630 6060 6177 5631
11516 6 3 5 5 0 6060 6177 5631 6061 6178 5632
11517 6 3 5 5 0 6061 6178 5632 6062 6179 5633
11518 6 3 5 5 0 6062 6179 5633 6063 6180 5634
11519 6 3 5 5 0 6063 6180 5634 6064 6181 5635
11520 6 3 5 5 0 6064 6181 5635 6065 6182 5636
11521 6 3 5 5 0 6065 6182 5636 6066 6183 5637
11522 6 3 5 5 0 6066 6183 5637 6067 6184 5638
11523 6 3 5 5 0 6067 6184 5638 6068 6185 5639
11524 6 3 5 5 0 6068 6185 5639 6069 6186 5640
11525 6 3 5 5 0 6069 6186 5640 6070 6187 5641
11526 6 3 5 5 0 6070 6187 5641 6071 6188 5642
11527 6 3 5 5 0 6071 6188 5642 6072 6189 5643
11528 6 3 5 5 0 6072 6189 5643 6073 6190 5644
11529 6 3 5 5 0 6073 6190 5644 6074 6191 5645
11530 6 3 5 5 0 6074 6191 5645 6075 6192 5646
11531 6 3 5 5 0 6075 6192 5646 6076 6193 5647
11532 6 3 5 5 0 6076 6193 5647 6077 6194 5648
11533 6 3 5 5 0 6077 6194 5648 6078 6195 5649
11534 6 3 5 5 0 6078 6195 5649 6079 6196 5650
11535 6 3 5 5 0 6079 6196 5650 6080 6197 5651
11536 6 3 5 5 0 6080 6197 5651 6081 6198 5652
11537 6 3 5 5 0 6081 6198 5652 6082 6199 5653
11538 6 3 5 5 0 6082 6199 5653 6083 6200 5654
11539 6 3 5 5 0 6083 6200 5654 6084 6201 5655
11540 6 3 5 5 0 6084 6201 5655 2982 2985 2971
11541 6 3 5 5 0 2250 2247 2253 6046 5929 6163
11542 6 3 5 5 0 6046 5929 6163 6047 5930 6164
11543 6 3 5 5 0 6047 5930 6164 6048 5931 6165
11544 6 3 5 5 0 6048 5931 6165 6049 5932 6166
11545 6 3 5 5 0 6049 5932 6166 6050 5933 6167
11546 6 3 5 5 0 6050 5933 6167 6051 5934 6168
11547 6 3 5 5 0 6051 5934 6168 6052 5935 6169
11548 6 3 5 5 0 6052 5935 6169 6053 5936 6170
11549 6 3 5 5 0 6053 5936 6170 6054 5937 6171
11550 6 3 5 5 0 6054 5937 6171 6055 5938 6172
11551 6 3 5 5 0 6055 5938 6172 6056 5939 6173
11552 6 3 5 5 0 6056 5939 6173 6057 5940 6174
11553 6 3 5 5 0 6057 5940 6174 6058 5941 6175
11554 6 3 5 5 0 6058 5941 6175 6059 5942 6176
11555 6 3 5 5 0 6059 5942 6176 6060 5943 6177
11556 6 3 5 5 0 6060 5943 6177 6061 5944 6178
11557 6 3 5 5 0 6061 5944 6178 6062 5945 6179
11558 6 3 5 5 0 6062 5945 6179 6063 5946 6180
11559 6 3 5 5 0 6063 5946 6180 6064 5947 6181
11560 6 3 5 5 0 6064 5947 6181 6065 5948 6182
11561 6 3 5 5 0 6065 5948 6182 6066 5949 6183
11562 6 3 5 5 0 6066 5949 6183 6067 5950 6184
11563 6 3 5 5 0 6067 5950 6184 6068 5951 6185
11564 6 3 5 5 0 6068 5951 6185 6069 5952 6186
11565 6 3 5 5 0 6069 5952 6186 6070 5953 6187
11566 6 3 5 5 0 6070 5953 6187 6071 5954 6188
11567 6 3 5 5 0 6071 5954 6188 6072 5955 6189
11568 6 3 5 5 0 6072 5955 6189 6073 5956 6190
11569 6 3 5 5 0 6073 5956 6190 6074 5957 6191
11570 6 3 5 5 0 6074 5957 6191 6075 5958 6192
11571 6 3 5 5 0 6075 5958 6192 6076 5959 6193
11572 6 3 5 5 0 6076 5959 6193 6077 5960 6194
11573 6 3 5 5 0 6077 5960 6194 6078 5961 6195
11574 6 3 5 5 0 6078 5961 6195 6079 5962 6196
11575 6 3 5 5 0 6079 5962 6196 6080 5963 6197
11576 6 3 5 5 0 6080 5963 6197 6081 5964 6198
11577 6 3 5 5 0 6081 5964 6198 6082 5965 6199
11578 6 3 5 5 0 6082 5965 6199 6083 5966 6200
11579 6 3 5 5 0 6083 5966 6200 6084 5967 6201
11580 6 3 5 5 0 6084 5967 6201 2982 2979 2985
11581 6 3 5 5 0 2251 2229 2230 6085 5227 5266
11582 6 3 5 5 0 6085 5227 5266 6086 5228 5267
11583 6 3 5 5 0 6086 5228 5267 6087 5229 5268
11584 6 3 5 5 0 6087 5229 5268 6088 5230 5269
11585 6 3 5 5 0 6088 5230 5269 6089 5231 5270
11586 6 3 5 5 0 6089 5231 5270 6090 5232 5271
11587 6 3 5 5 0 6090 5232 5271 6091 5233 5272
11588 6 3 5 5 0 6091 5233 5272 6092 5234 5273
11589 6 3 5 5 0 6092 5234 5273 6093 5235 5274
11590 6 3 5 5 0 6093 5235 5274 6094 5236 5275
11591 6 3 5 5 0 6094 5236 5275 6095 5237 5276
11592 6 3 5 5 0 6095 5237 5276 6096 5238 5277
11593 6 3 5 5 0 6096 5238 5277 6097 5239 5278
11594 6 3 5 5 0 6097 5239 5278 6098 5240 5279
11595 6 3 5 5 0 6098 5240 5279 6099 5241 5280
11596 6 3 5 5 0 6099 5241 5280 6100 5242 5281
11597 6 3 5 5 0 6100 5242 5281 6101 5243 5282
11598 6 3 5 5 0 6101 5243 5282 6102 5244 5283
11599 6 3 5 5 0 6102 5244 5283 6103 5245 5284
11600 6 3 5 5 0 6103 5245 5284 6104 5246 5285
11601 6 3 5 5 0 6104 5246 5285 6105 5247 5286
11602 6 3 5 5 0 6105 5247 5286 6106 5248 5287
11603 6 3 5 5 0 6106 5248 5287 6107 5249 5288
11604 6 3 5 5 0 6107 5249 5288 6108 5250 5289
11605 6 3 5 5 0 6108 5250 5289 6109 5251 5290
11606 6 3 5 5 0 6109 5251 5290 6110 5252 5291
11607 6 3 5 5 0 6110 5252 5291 6111 5253 5292
11608 6 3 5 5 0 6111 5253 5292 6112 5254 5293
11609 6 3 5 5 0 6112 5254 5293 6113 5255 5294
11610 6 3 5 5 0 6113 5255 5294 6114 5256 5295
11611 6 3 5 5 0 6114 5256 5295 6115 5257 5296
11612 6 3 5 5 0 6115 5257 5296 6116 5258 5297
11613 6 3 5 5 0 6116 5258 5297 6117 5259 5298
11614 6 3 5 5 0 6117 5259 5298 6118 5260 5299
11615 6 3 5 5 0 6118 5260 5299 6119 5261 5300
11616 6 3 5 5 0 6119 5261 5300 6120 5262 5301
11617 6 3 5 5 0 6120 5262 5301 6121 5263 5302
11618 6 3 5 5 0 6121 5263 5302 6122 5264 5303
11619 6 3 5 5 0 6122 5264 5303 6123 5265 5304
11620 6 3 5 5 0 6123 5265 5304 2983 2961 2962
11621 6 3 5 5 0 2230 2234 2251 5266 5422 6085
11622 6 3 5 5 0 5266 5422 6085 5267 5423 6086
11623 6 3 5 5 0 5267 5423 6086 5268 5424 6087
11624 6 3 5 5 0 5268 5424 6087 5269 5425 6088
11625 6 3 5 5 0 5269 5425 6088 5270 5426 6089
11626 6 3 5 5 0 5270 5426 6089 5271 5427 6090
11627 6 3 5 5 0 5271 5427 6090 5272 5428 6091
11628 6 3 5 5 0 5272 5428 6091 5273 5429 6092
11629 6 3 5 5 0 5273 5429 6092 5274 5430 6093
11630 6 3 5 5 0 5274 5430 6093 5275 5431 6094
11631 6 3 5 5 0 5275 5431 6094 5276 5432 6095
11632 6 3 5 5 0 5276 5432 6095 5277 5433 6096
11633 6 3 5 5 0 5277 5433 6096 5278 5434 6097
11634 6 3 5 5 0 5278 5434 6097 5279 5435 6098
11635 6 3 5 5 0 5279 5435 6098 5280 5436 6099
11636 6 3 5 5 0 5280 5436 6099 5281 5437 6100
11637 6 3 5 5 0 5281 5437 6100 5282 5438 6101
11638 6 3 5 5 0 5282 5438 6101 5283 5439 6102
11639 6 3 5 5 0 5283 5439 6102 5284 5440 6103
11640 6 3 5 5 0 5284 5440 6103 5285 5441 6104
11641 6 3 5 5 0 5285 5441 6104 5286 5442 6105
11642 6 3 5 5 0 5286 5442 6105 5287 5443 6106
11643 6 3 5 5 0 5287 5443 6106 5288 5444 6107
11644 6 3 5 5 0 5288 5444 6107 5289 5445 6108
11645 6 3 5 5 0 5289 5445 6108 5290 5446 6109
11646 6 3 5 5 0 5290 5446 6109 5291 5447 6110
11647 6 3 5 5 0 5291 5447 6110 5292 5448 6111
11648 6 3 5 5 0 5292 5448 6111 5293 5449 6112
11649 6 3 5 5 0 5293 5449 6112 5294 5450 6113
11650 6 3 5 5 0 5294 5450 6113 5295 5451 6114
11651 6 3 5 5 0 5295 5451 6114 5296 5452 6115
11652 6 3 5 5 0 5296 5452 6115 5297 5453 6116
11653 6 3 5 5 0 5297 5453 6116 5298 5454 6117
11654 6 3 5 5 0 5298 5454 6117 5299 5455 6118
11655 6 3 5 5 0 5299 5455 6118 5300 5456 6119
11656 6 3 5 5 0 5300 5456 6119 5301 5457 6120
11657 6 3 5 5 0 5301 5457 6120 5302 5458 6121
11658 6 3 5 5 0 5302 5458 6121 5303 5459 6122
11659 6 3 5 5 0 5303 5459 6122 5304 5460 6123
11660 6 3 5 5 0 5304 5460 6123 2962 2966 2983
11661 6 3 5 5 0 2233 2229 2251 5383 5227 6085
11662 6 3 5 5 0 5383 5227 6085 5384 5228 6086
11663 6 3 5 5 0 5384 5228 6086 5385 5229 6087
11664 6 3 5 5 0 5385 5229 6087 5386 5230 6088
11665 6 3 5 5 0 5386 5230 6088 5387 5231 6089
11666 6 3 5 5 0 5387 5231 6089 5388 5232 6090
11667 6 3 5 5 0 5388 5232 6090 5389 5233 6091
11668 6 3 5 5 0 5389 5233 6091 5390 5234 6092
11669 6 3 5 5 0 5390 5234 6092 5391 5235 6093
11670 6 3 5 5 0 5391 5235 6093 5392 5236 6094
11671 6 3 5 5 0 5392 5236 6094 5393 5237 6095
11672 6 3 5 5 0 5393 5237 6095 5394 5238 6096
11673 6 3 5 5 0 5394 5238 6096 5395 5239 6097
11674 6 3 5 5 0 5395 5239 6097 5396 5240 6098
11675 6 3 5 5 0 5396 5240 6098 5397 5241 6099
11676 6 3 5 5 0 5397 5241 6099 5398 5242 6100
11677 6 3 5 5 0 5398 5242 6100 5399 5243 6101
11678 6 3 5 5 0 5399 5243 6101 5400 5244 6102
11679 6 3 5 5 0 5400 5244 6102 5401 5245 6103
11680 6 3 5 5 0 5401 5245 6103 5402 5246 6104
11681 6 3 5 5 0 5402 5246 6104 5403 5247 6105
11682 6 3 5 5 0 5403 5247 6105 5404 5248 6106
11683 6 3 5 5 0 5404 5248 6106 5405 5249 6107
11684 6 3 5 5 0 5405 5249 6107 5406 5250 6108
11685 6 3 5 5 0 5406 5250 6108 5407 5251 6109
11686 6 3 5 5 0 5407 5251 6109 5408 5252 6110
11687 6 3 5 5 0 5408 5252 6110 5409 5253 6111
11688 6 3 5 5 0 5409 5253 6111 5410 5254 6112
11689 6 3 5 5 0 5410 5254 6112 5411 5255 6113
11690 6 3 5 5 0 5411 5255 6113 5412 5256 6114
11691 6 3 5 5 0 5412 5256 6114 5413 5257 6115
11692 6 3 5 5 0 5413 5257 6115 5414 5258 6116
11693 6 3 5 5 0 5414 5258 6116 5415 5259 6117
11694 6 3 5 5 0 5415 5259 6117 5416 5260 6118
11695 6 3 5 5 0 5416 5260 6118 5417 5261 6119
11696 6 3 5 5 0 5417 5261 6119 5418 5262 6120
11697 6 3 5 5 0 5418 5262 6120 5419 5263 6121
11698 6 3 5 5 0 5419 5263 6121 5420 5264 6122
11699 6 3 5 5 0 5420 5264 6122 5421 5265 6123
11700 6 3 5 5 0 5421 5265 6123 2965 2961 2983
11701 6 3 5 5 0 2231 2233 2251 5305 5383 6085
11702 6 3 5 5 0 5305 5383 6085 5306 5384 6086
11703 6 3 5 5 0 5306 5384 6086 5307 5385 6087
11704 6 3 5 5 0 5307 5385 6087 5308 5386 6088
11705 6 3 5 5 0 5308 5386 6088 5309 5387 6089
11706 6 3 5 5 0 5309 5387 6089 5310 5388 6090
11707 6 3 5 5 0 5310 5388 6090 5311 5389 6091
11708 6 3 5 5 0 5311 5389 6091 5312 5390 6092
11709 6 3 5 5 0 5312 5390 6092 5313 5391 6093
11710 6 3 5 5 0 5313 5391 6093 5314 5392 6094
11711 6 3 5 5 0 5314 5392 6094 5315 5393 6095
11712 6 3 5 5 0 5315 5393 6095 5316 5394 6096
11713 6 3 5 5 0 5316 5394 6096 5317 5395 6097
11714 6 3 5 5 0 5317 5395 6097 5318 5396 6098
11715 6 3 5 5 0 5318 5396 6098 5319 5397 6099
11716 6 3 5 5 0 5319 5397 6099 5320 5398 6100
11717 6 3 5 5 0 5320 5398 6100 5321 5399 6101
11718 6 3 5 5 0 5321 5399 6101 5322 5400 6102
11719 6 3 5 5 0 5322 5400 6102 5323 5401 6103
11720 6 3 5 5 0 5323 5401 6103 5324 5402 6104
11721 6 3 5 5 0 5324 5402 6104 5325 5403 6105
11722 6 3 5 5 0 5325 5403 6105 5326 5404 6106
11723 6 3 5 5 0 5326 5404 6106 5327 5405 6107
11724 6 3 5 5 0 5327 5405 6107 5328 5406 6108
11725 6 3 5 5 0 5328 5406 6108 5329 5407 6109
11726 6 3 5 5 0 5329 5407 6109 5330 5408 6110
11727 6 3 5 5 0 5330 5408 6110 5331 5409 6111
11728 6 3 5 5 0 5331 5409 6111 5332 5410 6112
11729 6 3 5 5 0 5332 5410 6112 5333 5411 6113
11730 6 3 5 5 0 5333 5411 6113 5334 5412 6114
11731 6 3 5 5 0 5334 5412 6114 5335 5413 6115
11732 6 3 5 5 0 5335 5413 6115 5336 5414 6116
11733 6 3 5 5 0 5336 5414 6116 5337 5415 6117
11734 6 3 5 5 0 5337 5415 6117 5338 5416 6118
11735 6 3 5 5 0 5338 5416 6118 5339 5417 6119
11736 6 3 5 5 0 5339 5417 6119 5340 5418 6120
11737 6 3 5 5 0 5340 5418 6120 5341 5419 6121
11738 6 3 5 5 0 5341 5419 6121 5342 5420 6122
11739 6 3 5 5 0 5342 5420 6122 5343 5421 6123
11740 6 3 5 5 0 5343 5421 6123 2963 2965 2983
11741 6 3 5 5 0 483 2228 2255 2569 5188 6241
11742 6 3 5 5 0 2569 5188 6241 2570 5189 6242
11743 6 3 5 5 0 2570 5189 6242 2571 5190 6243
11744 6 3 5 5 0 2571 5190 6243 2572 5191 6244
11745 6 3 5 5 0 2572 5191 6244 2573 5192 6245
11746 6 3 5 5 0 2573 5192 6245 2574 5193 6246
11747 6 3 5 5 0 2574 5193 6246 2575 5194 6247
11748 6 3 5 5 0 2575 5194 6247 2576 5195 6248
11749 6 3 5 5 0 2576 5195 6248 2577 5196 6249
11750 6 3 5 5 0 2577 5196 6249 2578 5197 6250
11751 6 3 5 5 0 2578 5197 6250 2579 5198 6251
11752 6 3 5 5 0 2579 5198 6251 2580 5199 6252
11753 6 3 5 5 0 2580 5199 6252 2581 5200 6253
11754 6 3 5 5 0 2581 5200 6253 2582 5201 6254
11755 6 3 5 5 0 2582 5201 6254 2583 5202 6255
11756 6 3 5 5 0 2583 5202 6255 2584 5203 6256
11757 6 3 5 5 0 2584 5203 6256 2585 5204 6257
11758 6 3 5 5 0 2585 5204 6257 2586 5205 6258
11759 6 3 5 5 0 2586 5205 6258 2587 5206 6259
11760 6 3 5 5 0 2587 5206 6259 2588 5207 6260
11761 6 3 5 5 0 2588 5207 6260 2589 5208 6261
11762 6 3 5 5 0 2589 5208 6261 2590 5209 6262
11763 6 3 5 5 0 2590 5209 6262 2591 5210 6263
11764 6 3 5 5 0 2591 5210 6263 2592 5211 6264
11765 6 3 5 5 0 2592 5211 6264 2593 5212 6265
11766 6 3 5 5 0 2593 5212 6265 2594 5213 6266
11767 6 3 5 5 0 2594 5213 6266 2595 5214 6267
11768 6 3 5 5 0 2595 5214 6267 2596 5215 6268
11769 6 3 5 5 0 2596 5215 6268 2597 5216 6269
11770 6 3 5 5 0 2597 5216 6269 2598 5217 6270
11771 6 3 5 5 0 2598 5217 6270 2599 5218 6271
11772 6 3 5 5 0 2599 5218 6271 2600 5219 6272
11773 6 3 5 5 0 2600 5219 6272 2601 5220 6273
11774 6 3 5 5 0 2601 5220 6273 2602 5221 6274
11775 6 3 5 5 0 2602 5221 6274 2603 5222 6275
11776 6 3 5 5 0 2603 5222 6275 2604 5223 6276
11777 6 3 5 5 0 2604 5223 6276 2605 5224 6277
11778 6 3 5 5 0 2605 5224 6277 2606 5225 6278
11779 6 3 5 5 0 2606 5225 6278 2607 5226 6279
11780 6 3 5 5 0 2607 5226 6279 567 2960 2987
11781 6 3 5 5 0 2253 2252 2256 6163 6124 6280
11782 6 3 5 5 0 6163 6124 6280 6164 6125 6281
11783 6 3 5 5 0 6164 6125 6281 6165 6126 6282
11784 6 3 5 5 0 6165 6126 6282 6166 6127 6283
11785 6 3 5 5 0 6166 6127 6283 6167 6128 6284
11786 6 3 5 5 0 6167 6128 6284 6168 6129 6285
11787 6 3 5 5 0 6168 6129 6285 6169 6130 6286
11788 6 3 5 5 0 6169 6130 6286 6170 6131 6287
11789 6 3 5 5 0 6170 6131 6287 6171 6132 6288
11790 6 3 5 5 0 6171 6132 6288 6172 6133 6289
11791 6 3 5 5 0 6172 6133 6289 6173 6134 6290
11792 6 3 5 5 0 6173 6134 6290 6174 6135 6291
11793 6 3 5 5 0 6174 6135 6291 6175 6136 6292
11794 6 3 5 5 0 6175 6136 6292 6176 6137 6293
11795 6 3 5 5 0 6176 6137 6293 6177 6138 6294
11796 6 3 5 5 0 6177 6138 6294 6178 6139 6295
11797 6 3 5 5 0 6178 6139 6295 6179 6140 6296
11798 6 3 5 5 0 6179 6140 6296 6180 6141 6297
11799 6 3 5 5 0 6180 6141 6297 6181 6142 6298
11800 6 3 5 5 0 6181 6142 6298 6182 6143 6299
11801 6 3 5 5 0 6182 6143 6299 6183 6144 6300
11802 6 3 5 5 0 6183 6144 6300 6184 6145 6301
11803 6 3 5 5 0 6184 6145 6301 6185 6146 6302
11804 6 3 5 5 0 6185 6146 6302 6186 6147 6303
11805 6 3 5 5 0 6186 6147 6303 6187 6148 6304
11806 6 3 5 5 0 6187 6148 6304 6188 6149 6305
11807 6 3 5 5 0 6188 6149 6305 6189 6150 6306
11808 6 3 5 5 0 6189 6150 6306 6190 6151 6307
11809 6 3 5 5 0 6190 6151 6307 6191 6152 6308
11810 6 3 5 5 0 6191 6152 6308 6192 6153 6309
11811 6 3 5 5 0 6192 6153 6309 6193 6154 6310
11812 6 3 5 5 0 6193 6154 6310 6194 6155 6311
11813 6 3 5 5 0 6194 6155 6311 6195 6156 6312
11814 6 3 5 5 0 6195 6156 6312 6196 6157 6313
11815 6 3 5 5 0 6196 6157 6313 6197 6158 6314
11816 6 3 5 5 0 6197 6158 6314 6198 6159 6315
11817 6 3 5 5 0 6198 6159 6315 6199 6160 6316
11818 6 3 5 5 0 6199 6160 6316 6200 6161 6317
11819 6 3 5 5 0 6200 6161 6317 6201 6162 6318
11820 6 3 5 5 0 6201 6162 6318 2985 2984 2988
11821 6 3 5 5 0 482 483 2255 2530 2569 6241
11822 6 3 5 5 0 2530 2569 6241 2531 2570 6242
11823 6 3 5 5 0 2531 2570 6242 2532 2571 6243
11824 6 3 5 5 0 2532 2571 6243 2533 2572 6244
11825 6 3 5 5 0 2533 2572 6244 2534 2573 6245
11826 6 3 5 5 0 2534 2573 6245 2535 2574 6246
11827 6 3 5 5 0 2535 2574 6246 2536 2575 6247
11828 6 3 5 5 0 2536 2575 6247 2537 2576 6248
11829 6 3 5 5 0 2537 2576 6248 2538 2577 6249
11830 6 3 5 5 0 2538 2577 6249 2539 2578 6250
11831 6 3 5 5 0 2539 2578 6250 2540 2579 6251
11832 6 3 5 5 0 2540 2579 6251 2541 2580 6252
11833 6 3 5 5 0 2541 2580 6252 2542 2581 6253
11834 6 3 5 5 0 2542 2581 6253 2543 2582 6254
11835 6 3 5 5 0 2543 2582 6254 2544 2583 6255
11836 6 3 5 5 0 2544 2583 6255 2545 2584 6256
11837 6 3 5 5 0 2545 2584 6256 2546 2585 6257
11838 6 3 5 5 0 2546 2585 6257 2547 2586 6258
11839 6 3 5 5 0 2547 2586 6258 2548 2587 6259
11840 6 3 5 5 0 2548 2587 6259 2549 2588 6260
11841 6 3 5 5 0 2549 2588 6260 2550 2589 6261
11842 6 3 5 5 0 2550 2589 6261 2551 2590 6262
11843 6 3 5 5 0 2551 2590 6262 2552 2591 6263
11844 6 3 5 5 0 2552 2591 6263 2553 2592 6264
11845 6 3 5 5 0 2553 2592 6264 2554 2593 6265
11846 6 3 5 5 0 2554 2593 6265 2555 2594 6266
11847 6 3 5 5 0 2555 2594 6266 2556 2595 6267
11848 6 3 5 5 0 2556 2595 6267 2557 2596 6268
11849 6 3 5 5 0 2557 2596 6268 2558 2597 6269
11850 6 3 5 5 0 2558 2597 6269 2559 2598 6270
11851 6 3 5 5 0 2559 2598 6270 2560 2599 6271
11852 6 3 5 5 0 2560 2599 6271 2561 2600 6272
11853 6 3 5 5 0 2561 2600 6272 2562 2601 6273
11854 6 3 5 5 0 2562 2601 6273 2563 2602 6274
11855 6 3 5 5 0 2563 2602 6274 2564 2603 6275
11856 6 3 5 5 0 2564 2603 6275 2565 2604 6276
11857 6 3 5 5 0 2565 2604 6276 2566 2605 6277
11858 6 3 5 5 0 2566 2605 6277 2567 2606 6278
11859 6 3 5 5 0 2567 2606 6278 2568 2607 6279
11860 6 3 5 5 0 2568 2607 6279 566 567 2987
11861 6 3 5 5 0 2255 2252 482 6241 6124 2530
11862 6 3 5 5 0 6241 6124 2530 6242 6125 2531
11863 6 3 5 5 0 6242 6125 2531 6243 6126 2532
11864 6 3 5 5 0 6243 6126 2532 6244 6127 2533
11865 6 3 5 5 0 6244 6127 2533 6245 6128 2534
11866 6 3 5 5 0 6245 6128 2534 6246 6129 2535
11867 6 3 5 5 0 6246 6129 2535 6247 6130 2536
11868 6 3 5 5 0 6247 6130 2536 6248 6131 2537
11869 6 3 5 5 0 6248 6131 2537 6249 6132 2538
11870 6 3 5 5 0 6249 6132 2538 6250 6133 2539
11871 6 3 5 5 0 6250 6133 2539 6251 6134 2540
11872 6 3 5 5 0 6251 6134 2540 6252 6135 2541
11873 6 3 5 5 0 6252 6135 2541 6253 6136 2542
11874 6 3 5 5 0 6253 6136 2542 6254 6137 2543
11875 6 3 5 5 0 6254 6137 2543 6255 6138 2544
11876 6 3 5 5 0 6255 6138 2544 6256 6139 2545
11877 6 3 5 5 0 6256 6139 2545 6257 6140 2546
11878 6 3 5 5 0 6257 6140 2546 6258 6141 2547
11879 6 3 5 5 0 6258 6141 2547 6259 6142 2548
11880 6 3 5 5 0 6259 6142 2548 6260 6143 2549
11881 6 3 5 5 0 6260 6143 2549 6261 6144 2550
11882 6 3 5 5 0 6261 6144 2550 6262 6145 2551
11883 6 3 5 5 0 6262 6145 2551 6263 6146 2552
11884 6 3 5 5 0 6263 6146 2552 6264 6147 2553
11885 6 3 5 5 0 6264 6147 2553 6265 6148 2554
11886 6 3 5 5 0 6265 6148 2554 6266 6149 2555
11887 6 3 5 5 0 6266 6149 2555 6267 6150 2556
11888 6 3 5 5 0 6267 6150 2556 6268 6151 2557
11889 6 3 5 5 0 6268 6151 2557 6269 6152 2558
11890 6 3 5 5 0 6269 6152 2558 6270 6153 2559
11891 6 3 5 5 0 6270 6153 2559 6271 6154 2560
11892 6 3 5 5 0 6271 6154 2560 6272 6155 2561
11893 6 3 5 5 0 6272 6155 2561 6273 6156 2562
11894 6 3 5 5 0 6273 6156 2562 6274 6157 2563
11895 6 3 5 5 0 6274 6157 2563 6275 6158 2564
11896 6 3 5 5 0 6275 6158 2564 6276 6159 2565
11897 6 3 5 5 0 6276 6159 2565 6277 6160 2566
11898 6 3 5 5 0 6277 6160 2566 6278 6161 2567
11899 6 3 5 5 0 6278 6161 2567 6279 6162 2568
11900 6 3 5 5 0 6279 6162 2568 2987 2984 566
11901 6 3 5 5 0 2256 2248 2227 6280 5968 5149
11902 6 3 5 5 0 6280 5968 5149 6281 5969 5150
11903 6 3 5 5 0 6281 5969 5150 6282 5970 5151
11904 6 3 5 5 0 6282 5970 5151 6283 5971 5152
11905 6 3 5 5 0 6283 5971 5152 6284 5972 5153
11906 6 3 5 5 0 6284 5972 5153 6285 5973 5154
11907 6 3 5 5 0 6285 5973 5154 6286 5974 5155
11908 6 3 5 5 0 6286 5974 5155 6287 5975 5156
11909 6 3 5 5 0 6287 5975 5156 6288 5976 5157
11910 6 3 5 5 0 6288 5976 5157 6289 5977 5158
11911 6 3 5 5 0 6289 5977 5158 6290 5978 5159
11912 6 3 5 5 0 6290 5978 5159 6291 5979 5160
11913 6 3 5 5 0 6291 5979 5160 6292 5980 5161
11914 6 3 5 5 0 6292 5980 5161 6293 5981 5162
11915 6 3 5 5 0 6293 5981 5162 6294 5982 5163
11916 6 3 5 5 0 6294 5982 5163 6295 5983 5164
11917 6 3 5 5 0 6295 5983 5164 6296 5984 5165
11918 6 3 5 5 0 6296 5984 5165 6297 5985 5166
11919 6 3 5 5 0 6297 5985 5166 6298 5986 5167
11920 6 3 5 5 0 6298 5986 5167 6299 5987 5168
11921 6 3 5 5 0 6299 5987 5168 6300 5988 5169
11922 6 3 5 5 0 6300 5988 5169 6301 5989 5170
11923 6 3 5 5 0 6301 5989 5170 6302 5990 5171
11924 6 3 5 5 0 6302 5990 5171 6303 5991 5172
11925 6 3 5 5 0 6303 5991 5172 6304 5992 5173
11926 6 3 5 5 0 6304 5992 5173 6305 5993 5174
11927 6 3 5 5 0 6305 5993 5174 6306 5994 5175
11928 6 3 5 5 0 6306 5994 5175 6307 5995 5176
11929 6 3 5 5 0 6307 5995 5176 6308 5996 5177
11930 6 3 5 5 0 6308 5996 5177 6309 5997 5178
11931 6 3 5 5 0 6309 5997 5178 6310 5998 5179
11932 6 3 5 5 0 6310 5998 5179 6311 5999 5180
11933 6 3 5 5 0 6311 5999 5180 6312 6000 5181
11934 6 3 5 5 0 6312 6000 5181 6313 6001 5182
11935 6 3 5 5 0 6313 6001 5182 6314 6002 5183
11936 6 3 5 5 0 6314 6002 5183 6315 6003 5184
11937 6 3 5 5 0 6315 6003 5184 6316 6004 5185
11938 6 3 5 5 0 6316 6004 5185 6317 6005 5186
11939 6 3 5 5 0 6317 6005 5186 6318 6006 5187
11940 6 3 5 5 0 6318 6006 5187 2988 2980 2959
11941 6 3 5 5 0 2227 2234 2254 5149 5422 6202
11942 6 3 5 5 0 5149 5422 6202 5150 5423 6203
11943 6 3 5 5 0 5150 5423 6203 5151 5424 6204
11944 6 3 5 5 0 5151 5424 6204 5152 5425 6205
11945 6 3 5 5 0 5152 5425 6205 5153 5426 6206
11946 6 3 5 5 0 5153 5426 6206 5154 5427 6207
11947 6 3 5 5 0 5154 5427 6207 5155 5428 6208
11948 6 3 5 5 0 5155 5428 6208 5156 5429 6209
11949 6 3 5 5 0 5156 5429 6209 5157 5430 6210
11950 6 3 5 5 0 5157 5430 6210 5158 5431 6211
11951 6 3 5 5 0 5158 5431 6211 5159 5432 6212
11952 6 3 5 5 0 5159 5432 6212 5160 5433 6213
11953 6 3 5 5 0 5160 5433 6213 5161 5434 6214
11954 6 3 5 5 0 5161 5434 6214 5162 5435 6215
11955 6 3 5 5 0 5162 5435 6215 5163 5436 6216
11956 6 3 5 5 0 5163 5436 6216 5164 5437 6217
11957 6 3 5 5 0 5164 5437 6217 5165 5438 6218
11958 6 3 5 5 0 5165 5438 6218 5166 5439 6219
11959 6 3 5 5 0 5166 5439 6219 5167 5440 6220
11960 6 3 5 5 0 5167 5440 6220 5168 5441 6221
11961 6 3 5 5 0 5168 5441 6221 5169 5442 6222
11962 6 3 5 5 0 5169 5442 6222 5170 5443 6223
11963 6 3 5 5 0 5170 5443 6223 5171 5444 6224
11964 6 3 5 5 0 5171 5444 6224 5172 5445 6225
11965 6 3 5 5 0 5172 5445 6225 5173 5446 6226
11966 6 3 5 5 0 5173 5446 6226 5174 5447 6227
11967 6 3 5 5 0 5174 5447 6227 5175 5448 6228
11968 6 3 5 5 0 5175 5448 6228 5176 5449 6229
11969 6 3 5 5 0 5176 5449 6229 5177 5450 6230
11970 6 3 5 5 0 5177 5450 6230 5178 5451 6231
11971 6 3 5 5 0 5178 5451 6231 5179 5452 6232
11972 6 3 5 5 0 5179 5452 6232 5180 5453 6233
11973 6 3 5 5 0 5180 5453 6233 5181 5454 6234
11974 6 3 5 5 0 5181 5454 6234 5182 5455 6235
11975 6 3 5 5 0 5182 5455 6235 5183 5456 6236
11976 6 3 5 5 0 5183 5456 6236 5184 5457 6237
11977 6 3 5 5 0 5184 5457 6237 5185 5458 6238
11978 6 3 5 5 0 5185 5458 6238 5186 5459 6239
11979 6 3 5 5 0 5186 5459 6239 5187 5460 6240
11980 6 3 5 5 0 5187 5460 6240 2959 2966 2986
11981 6 3 5 5 0 2227 2254 2256 5149 6202 6280
11982 6 3 5 5 0 5149 6202 6280 5150 6203 6281
11983 6 3 5 5 0 5150 6203 6281 5151 6204 6282
11984 6 3 5 5 0 5151 6204 6282 5152 6205 6283
11985 6 3 5 5 0 5152 6205 6283 5153 6206 6284
11986 6 3 5 5 0 5153 6206 6284 5154 6207 6285
11987 6 3 5 5 0 5154 6207 6285 5155 6208 6286
11988 6 3 5 5 0 5155 6208 6286 5156 6209 6287
11989 6 3 5 5 0 5156 6209 6287 5157 6210 6288
11990 6 3 5 5 0 5157 6210 6288 5158 6211 6289
11991 6 3 5 5 0 5158 6211 6289 5159 6212 6290
11992 6 3 5 5 0 5159 6212 6290 5160 6213 6291
11993 6 3 5 5 0 5160 6213 6291 5161 6214 6292
11994 6 3 5 5 0 5161 6214 6292 5162 6215 6293
11995 6 3 5 5 0 5162 6215 6293 5163 6216 6294
11996 6 3 5 5 0 5163 6216 6294 5164 6217 6295
11997 6 3 5 5 0 5164 6217 6295 5165 6218 6296
11998 6 3 5 5 0 5165 6218 6296 5166 6219 6297
11999 6 3 5 5 0 5166 6219 6297 5167 6220 6298
12000 6 3 5 5 0 5167 6220 6298 5168 6221 6299
12001 6 3 5 5 0 5168 6221 6299 5169 6222 6300
12002 6 3 5 5 0 5169 6222 6300 5170 6223 6301
12003 6 3 5 5 0 5170 6223 6301 5171 6224 6302
12004 6 3 5 5 0 5171 6224 6302 5172 6225 6303
12005 6 3 5 5 0 5172 6225 6303 5173 6226 6304
12006 6 3 5 5 0 5173 6226 6304 5174 6227 6305
12007 6 3 5 5 0 5174 6227 6305 5175 6228 6306
12008 6 3 5 5 0 5175 6228 6306 5176 6229 6307
12009 6 3 5 5 0 5176 6229 6307 5177 6230 6308
12010 6 3 5 5 0 5177 6230 6308 5178 6231 6309
12011 6 3 5 5 0 5178 6231 6309 5179 6232 6310
12012 6 3 5 5 0 5179 6232 6310 5180 6233 6311
12013 6 3 5 5 0 5180 6233 6311 5181 6234 6312
12014 6 3 5 5 0 5181 6234 6312 5182 6235 6313
12015 6 3 5 5 0 5182 6235 6313 5183 6236 6314
12016 6 3 5 5 0 5183 6236 6314 5184 6237 6315
12017 6 3 5 5 0 5184 6237 6315 5185 6238 6316
12018 6 3 5 5 0 5185 6238 6316 5186 6239 6317
12019 6 3 5 5 0 5186 6239 6317 5187 6240 6318
12020 6 3 5 5 0 5187 6240 6318 2959 2986 2988
12021 6 3 5 5 0 2254 2234 2232 6202 5422 5344
12022 6 3 5 5 0 6202 5422 5344 6203 5423 5345
12023 6 3 5 5 0 6203 5423 5345 6204 5424 5346
12024 6 3 5 5 0 6204 5424 5346 6205 5425 5347
12025 6 3 5 5 0 6205 5425 5347 6206 5426 5348
12026 6 3 5 5 0 6206 5426 5348 6207 5427 5349
12027 6 3 5 5 0 6207 5427 5349 6208 5428 5350
12028 6 3 5 5 0 6208 5428 5350 6209 5429 5351
12029 6 3 5 5 0 6209 5429 5351 6210 5430 5352
12030 6 3 5 5 0 6210 5430 5352 6211 5431 5353
12031 6 3 5 5 0 6211 5431 5353 6212 5432 5354
12032 6 3 5 5 0 6212 5432 5354 6213 5433 5355
12033 6 3 5 5 0 6213 5433 5355 6214 5434 5356
12034 6 3 5 5 0 6214 5434 5356 6215 5435 5357
12035 6 3 5 5 0 6215 5435 5357 6216 5436 5358
12036 6 3 5 5 0 6216 5436 5358 6217 5437 5359
12037 6 3 5 5 0 6217 5437 5359 6218 5438 5360
12038 6 3 5 5 0 6218 5438 5360 6219 5439 5361
12039 6 3 5 5 0 6219 5439 5361 6220 5440 5362
12040 6 3 5 5 0 6220 5440 5362 6221 5441 5363
12041 6 3 5 5 0 6221 5441 5363 6222 5442 5364
12042 6 3 5 5 0 6222 5442 5364 6223 5443 5365
12043 6 3 5 5 0 6223 5443 5365 6224 5444 5366
12044 6 3 5 5 0 6224 5444 5366 6225 5445 5367
12045 6 3 5 5 0 6225 5445 5367 6226 5446 5368
12046 6 3 5 5 0 6226 5446 5368 6227 5447 5369
12047 6 3 5 5 0 6227 5447 5369 6228 5448 5370
12048 6 3 5 5 0 6228 5448 5370 6229 5449 5371
12049 6 3 5 5 0 6229 5449 5371 6230 5450 5372
12050 6 3 5 5 0 6230 5450 5372 6231 5451 5373
12051 6 3 5 5 0 6231 5451 5373 6232 5452 5374
12052 6 3 5 5 0 6232 5452 5374 6233 5453 5375
12053 6 3 5 5 0 6233 5453 5375 6234 5454 5376
12054 6 3 5 5 0 6234 5454 5376 6235 5455 5377
12055 6 3 5 5 0 6235 5455 5377 6236 5456 5378
12056 6 3 5 5 0 6236 5456 5378 6237 5457 5379
12057 6 3 5 5 0 6237 5457 5379 6238 5458 5380
12058 6 3 5 5 0 6238 5458 5380 6239 5459 5381
12059 6 3 5 5 0 6239 5459 5381 6240 5460 5382
12060 6 3 5 5 0 6240 5460 5382 2986 2966 2964
12061 6 3 5 5 0 2254 2253 2256 6202 6163 6280
12062 6 3 5 5 0 6202 6163 6280 6203 6164 6281
12063 6 3 5 5 0 6203 6164 6281 6204 6165 6282
12064 6 3 5 5 0 6204 6165 6282 6205 6166 6283
12065 6 3 5 5 0 6205 6166 6283 6206 6167 6284
12066 6 3 5 5 0 6206 6167 6284 6207 6168 6285
12067 6 3 5 5 0 6207 6168 6285 6208 6169 6286
12068 6 3 5 5 0 6208 6169 6286 6209 6170 6287
12069 6 3 5 5 0 6209 6170 6287 6210 6171 6288
12070 6 3 5 5 0 6210 6171 6288 6211 6172 6289
12071 6 3 5 5 0 6211 6172 6289 6212 6173 6290
12072 6 3 5 5 0 6212 6173 6290 6213 6174 6291
12073 6 3 5 5 0 6213 6174 6291 6214 6175 6292
12074 6 3 5 5 0 6214 6175 6292 6215 6176 6293
12075 6 3 5 5 0 6215 6176 6293 6216 6177 6294
12076 6 3 5 5 0 6216 6177 6294 6217 6178 6295
12077 6 3 5 5 0 6217 6178 6295 6218 6179 6296
12078 6 3 5 5 0 6218 6179 6296 6219 6180 6297
12079 6 3 5 5 0 6219 6180 6297 6220 6181 6298
12080 6 3 5 5 0 6220 6181 6298 6221 6182 6299
12081 6 3 5 5 0 6221 6182 6299 6222 6183 6300
12082 6 3 5 5 0 6222 6183 6300 6223 6184 6301
12083 6 3 5 5 0 6223 6184 6301 6224 6185 6302
12084 6 3 5 5 0 6224 6185 6302 6225 6186 6303
12085 6 3 5 5 0 6225 6186 6303 6226 6187 6304
12086 6 3 5 5 0 6226 6187 6304 6227 6188 6305
12087 6 3 5 5 0 6227 6188 6305 6228 6189 6306
12088 6 3 5 5 0 6228 6189 6306 6229 6190 6307
12089 6 3 5 5 0 6229 6190 6307 6230 6191 6308
12090 6 3 5 5 0 6230 6191 6308 6231 6192 6309
12091 6 3 5 5 0 6231 6192 6309 6232 6193 6310
12092 6 3 5 5 0 6232 6193 6310 6233 6194 6311
12093 6 3 5 5 0 6233 6194 6311 6234 6195 6312
12094 6 3 5 5 0 6234 6195 6312 6235 6196 6313
12095 6 3 5 5 0 6235 6196 6313 6236 6197 6314
12096 6 3 5 5 0 6236 6197 6314 6237 6198 6315
12097 6 3 5 5 0 6237 6198 6315 6238 6199 6316
12098 6 3 5 5 0 6238 6199 6316 6239 6200 6317
12099 6 3 5 5 0 6239 6200 6317 6240 6201 6318
12100 6 3 5 5 0 6240 6201 6318 2986 2985 2988
12101 6 3 5 5 0 2248 2255 2228 5968 6241 5188
12102 6 3 5 5 0 5968 6241 5188 5969 6242 5189
12103 6 3 5 5 0 5969 6242 5189 5970 6243 5190
12104 6 3 5 5 0 5970 6243 5190 5971 6244 5191
12105 6 3 5 5 0 5971 6244 5191 5972 6245 5192
12106 6 3 5 5 0 5972 6245 5192 5973 6246 5193
12107 6 3 5 5 0 5973 6246 5193 5974 6247 5194
12108 6 3 5 5 0 5974 6247 5194 5975 6248 5195
12109 6 3 5 5 0 5975 6248 5195 5976 6249 5196
12110 6 3 5 5 0 5976 6249 5196 5977 6250 5197
12111 6 3 5 5 0 5977 6250 5197 5978 6251 5198
12112 6 3 5 5 0 5978 6251 5198 5979 6252 5199
12113 6 3 5 5 0 5979 6252 5199 5980 6253 5200
12114 6 3 5 5 0 5980 6253 5200 5981 6254 5201
12115 6 3 5 5 0 5981 6254 5201 5982 6255 5202
12116 6 3 5 5 0 5982 6255 5202 5983 6256 5203
12117 6 3 5 5 0 5983 6256 5203 5984 6257 5204
12118 6 3 5 5 0 5984 6257 5204 5985 6258 5205
12119 6 3 5 5 0 5985 6258 5205 5986 6259 5206
12120 6 3 5 5 0 5986 6259 5206 5987 6260 5207
12121 6 3 5 5 0 5987 6260 5207 5988 6261 5208
12122 6 3 5 5 0 5988 6261 5208 5989 6262 5209
12123 6 3 5 5 0 5989 6262 5209 5990 6263 5210
12124 6 3 5 5 0 5990 6263 5210 5991 6264 5211
12125 6 3 5 5 0 5991 6264 5211 5992 6265 5212
12126 6 3 5 5 0 5992 6265 5212 5993 6266 5213
12127 6 3 5 5 0 5993 6266 5213 5994 6267 5214
12128 6 3 5 5 0 5994 6267 5214 5995 6268 5215
12129 6 3 5 5 0 5995 6268 5215 5996 6269 5216
12130 6 3 5 5 0 5996 6269 5216 5997 6270 5217
12131 6 3 5 5 0 5997 6270 5217 5998 6271 5218
12132 6 3 5 5 0 5998 6271 5218 5999 6272 5219
12133 6 3 5 5 0 5999 6272 5219 6000 6273 5220
12134 6 3 5 5 0 6000 6273 5220 6001 6274 5221
12135 6 3 5 5 0 6001 6274 5221 6002 6275 5222
12136 6 3 5 5 0 6002 6275 5222 6003 6276 5223
12137 6 3 5 5 0 6003 6276 5223 6004 6277 5224
12138 6 3 5 5 0 6004 6277 5224 6005 6278 5225
12139 6 3 5 5 0 6005 6278 5225 6006 6279 5226
12140 6 3 5 5 0 6006 6279 5226 2980 2987 2960
12141 6 3 5 5 0 2255 2248 2256 6241 5968 6280
12142 6 3 5 5 0 6241 5968 6280 6242 5969 6281
12143 6 3 5 5 0 6242 5969 6281 6243 5970 6282
12144 6 3 5 5 0 6243 5970 6282 6244 5971 6283
12145 6 3 5 5 0 6244 5971 6283 6245 5972 6284
12146 6 3 5 5 0 6245 5972 6284 6246 5973 6285
12147 6 3 5 5 0 6246 5973 6285 6247 5974 6286
12148 6 3 5 5 0 6247 5974 6286 6248 5975 6287
12149 6 3 5 5 0 6248 5975 6287 6249 5976 6288
12150 6 3 5 5 0 6249 5976 6288 6250 5977 6289
12151 6 3 5 5 0 6250 5977 6289 6251 5978 6290
12152 6 3 5 5 0 6251 5978 6290 6252 5979 6291
12153 6 3 5 5 0 6252 5979 6291 6253 5980 6292
12154 6 3 5 5 0 6253 5980 6292 6254 5981 6293
12155 6 3 5 5 0 6254 5981 6293 6255 5982 6294
12156 6 3 5 5 0 6255 5982 6294 6256 5983 6295
12157 6 3 5 5 0 6256 5983 6295 6257 5984 6296
12158 6 3 5 5 0 6257 5984 6296 6258 5985 6297
12159 6 3 5 5 0 6258 5985 6297 6259 5986 6298
12160 6 3 5 5 0 6259 5986 6298 6260 5987 6299
12161 6 3 5 5 0 6260 5987 6299 6261 5988 6300
12162 6 3 5 5 0 6261 5988 6300 6262 5989 6301
12163 6 3 5 5 0 6262 5989 6301 6263 5990 6302
12164 6 3 5 5 0 6263 5990 6302 6264 5991 6303
12165 6 3 5 5 0 6264 5991 6303 6265 5992 6304
12166 6 3 5 5 0 6265 5992 6304 6266 5993 6305
12167 6 3 5 5 0 6266 5993 6305 6267 5994 6306
12168 6 3 5 5 0 6267 5994 6306 6268 5995 6307
12169 6 3 5 5 0 6268 5995 6307 6269 5996 6308
12170 6 3 5 5 0 6269 5996 6308 6270 5997 6309
12171 6 3 5 5 0 6270 5997 6309 6271 5998 6310
12172 6 3 5 5 0 6271 5998 6310 6272 5999 6311
12173 6 3 5 5 0 6272 5999 6311 6273 6000 6312
12174 6 3 5 5 0 6273 6000 6312 6274 6001 6313
12175 6 3 5 5 0 6274 6001 6313 6275 6002 6314
12176 6 3 5 5 0 6275 6002 6314 6276 6003 6315
12177 6 3 5 5 0 6276 6003 6315 6277 6004 6316
12178 6 3 5 5 0 6277 6004 6316 6278 6005 6317
12179 6 3 5 5 0 6278 6005 6317 6279 6006 6318
12180 6 3 5 5 0 6279 6006 6318 2987 2980 2988
12181 6 3 5 5 0 2256 2252 2255 6280 6124 6241
12182 6 3 5 5 0 6280 6124 6241 6281 6125 6242
12183 6 3 5 5 0 6281 6125 6242 6282 6126 6243
12184 6 3 5 5 0 6282 6126 6243 6283 6127 6244
12185 6 3 5 5 0 6283 6127 6244 6284 6128 6245
12186 6 3 5 5 0 6284 6128 6245 6285 6129 6246
12187 6 3 5 5 0 6285 6129 6246 6286 6130 6247
12188 6 3 5 5 0 6286 6130 6247 6287 6131 6248
12189 6 3 5 5 0 6287 6131 6248 6288 6132 6249
12190 6 3 5 5 0 6288 6132 6249 6289 6133 6250
12191 6 3 5 5 0 6289 6133 6250 6290 6134 6251
12192 6 3 5 5 0 6290 6134 6251 6291 6135 6252
12193 6 3 5 5 0 6291 6135 6252 6292 6136 6253
12194 6 3 5 5 0 6292 6136 6253 6293 6137 6254
12195 6 3 5 5 0 6293 6137 6254 6294 6138 6255
12196 6 3 5 5 0 6294 6138 6255 6295 6139 6256
12197 6 3 5 5 0 6295 6139 6256 6296 6140 6257
12198 6 3 5 5 0 6296 6140 6257 6297 6141 6258
12199 6 3 5 5 0 6297 6141 6258 6298 6142 6259
12200 6 3 5 5 0 6298 6142 6259 6299 6143 6260
12201 6 3 5 5 0 6299 6143 6260 6300 6144 6261
12202 6 3 5 5 0 6300 6144 6261 6301 6145 6262
12203 6 3 5 5 0 6301 6145 6262 6302 6146 6263
12204 6 3 5 5 0 6302 6146 6263 6303 6147 6264
12205 6 3 5 5 0 6303 6147 6264 6304 6148 6265
12206 6 3 5 5 0 6304 6148 6265 6305 6149 6266
12207 6 3 5 5 0 6305 6149 6266 6306 6150 6267
12208 6 3 5 5 0 6306 6150 6267 6307 6151 6268
12209 6 3 5 5 0 6307 6151 6268 6308 6152 6269
12210 6 3 5 5 0 6308 6152 6269 6309 6153 6270
12211 6 3 5 5 0 6309 6153 6270 6310 6154 6271
12212 6 3 5 5 0 6310 6154 6271 6311 6155 6272
12213 6 3 5 5 0 6311 6155 6272 6312 6156 6273
12214 6 3 5 5 0 6312 6156 6273 6313 6157 6274
12215 6 3 5 5 0 6313 6157 6274 6314 6158 6275
12216 6 3 5 5 0 6314 6158 6275 6315 6159 6276
12217 6 3 5 5 0 6315 6159 6276 6316 6160 6277
12218 6 3 5 5 0 6316 6160 6277 6317 6161 6278
12219 6 3 5 5 0 6317 6161 6278 6318 6162 6279
12220 6 3 5 5 0 6318 6162 6279 2988 2984 2987
12221 6 3 5 5 0 492 25 2236 2920 577 5500
12222 6 3 5 5 0 2920 577 5500 2921 578 5501
12223 6 3 5 5 0 2921 578 5501 2922 579 5502
12224 6 3 5 5 0 2922 579 5502 2923 580 5503
12225 6 3 5 5 0 2923 580 5503 2924 581 5504
12226 6 3 5 5 0 2924 581 5504 2925 582 5505
12227 6 3 5 5 0 2925 582 5505 2926 583 5506
12228 6 3 5 5 0 2926 583 5506 2927 584 5507
12229 6 3 5 5 0 2927 584 5507 2928 585 5508
12230 6 3 5 5 0 2928 585 5508 2929 586 5509
12231 6 3 5 5 0 2929 586 5509 2930 587 5510
12232 6 3 5 5 0 2930 587 5510 2931 588 5511
12233 6 3 5 5 0 2931 588 5511 2932 589 5512
12234 6 3 5 5 0 2932 589 5512 2933 590 5513
12235 6 3 5 5 0 2933 590 5513 2934 591 5514
12236 6 3 5 5 0 2934 591 5514 2935 592 5515
12237 6 3 5 5 0 2935 592 5515 2936 593 5516
12238 6 3 5 5 0 2936 593 5516 2937 594 5517
12239 6 3 5 5 0 2937 594 5517 2938 595 5518
12240 6 3 5 5 0 2938 595 5518 2939 596 5519
12241 6 3 5 5 0 2939 596 5519 2940 597 5520
12242 6 3 5 5 0 2940 597 5520 2941 598 5521
12243 6 3 5 5 0 2941 598 5521 2942 599 5522
12244 6 3 5 5 0 2942 599 5522 2943 600 5523
12245 6 3 5 5 0 2943 600 5523 2944 601 5524
12246 6 3 5 5 0 2944 601 5524 2945 602 5525
12247 6 3 5 5 0 2945 602 5525 2946 603 5526
12248 6 3 5 5 0 2946 603 5526 2947 604 5527
12249 6 3 5 5 0 2947 604 5527 2948 605 5528
12250 6 3 5 5 0 2948 605 5528 2949 606 5529
12251 6 3 5 5 0 2949 606 5529 2950 607 5530
12252 6 3 5 5 0 2950 607 5530 2951 608 5531
12253 6 3 5 5 0 2951 608 5531 2952 609 5532
12254 6 3 5 5 0 2952 609 5532 2953 610 5533
12255 6 3 5 5 0 2953 610 5533 2954 611 5534
12256 6 3 5 5 0 2954 611 5534 2955 612 5535
12257 6 3 5 5 0 2955 612 5535 2956 613 5536
12258 6 3 5 5 0 2956 613 5536 2957 614 5537
12259 6 3 5 5 0 2957 614 5537 2958 615 5538
12260 6 3 5 5 0 2958 615 5538 576 31 2968
12261 6 3 5 5 0 2236 2240 492 5500 5656 2920
12262 6 3 5 5 0 5500 5656 2920 5501 5657 2921
12263 6 3 5 5 0 5501 5657 2921 5502 5658 2922
12264 6 3 5 5 0 5502 5658 2922 5503 5659 2923
12265 6 3 5 5 0 5503 5659 2923 5504 5660 2924
12266 6 3 5 5 0 5504 5660 2924 5505 5661 2925
12267 6 3 5 5 0 5505 5661 2925 5506 5662 2926
12268 6 3 5 5 0 5506 5662 2926 5507 5663 2927
12269 6 3 5 5 0 5507 5663 2927 5508 5664 2928
12270 6 3 5 5 0 5508 5664 2928 5509 5665 2929
12271 6 3 5 5 0 5509 5665 2929 5510 5666 2930
12272 6 3 5 5 0 5510 5666 2930 5511 5667 2931
12273 6 3 5 5 0 5511 5667 2931 5512 5668 2932
12274 6 3 5 5 0 5512 5668 2932 5513 5669 2933
12275 6 3 5 5 0 5513 5669 2933 5514 5670 2934
12276 6 3 5 5 0 5514 5670 2934 5515 5671 2935
12277 6 3 5 5 0 5515 5671 2935 5516 5672 2936
12278 6 3 5 5 0 5516 5672 2936 5517 5673 2937
12279 6 3 5 5 0 5517 5673 2937 5518 5674 2938
12280 6 3 5 5 0 5518 5674 2938 5519 5675 2939
12281 6 3 5 5 0 5519 5675 2939 5520 5676 2940
12282 6 3 5 5 0 5520 5676 2940 5521 5677 2941
12283 6 3 5 5 0 5521 5677 2941 5522 5678 2942
12284 6 3 5 5 0 5522 5678 2942 5523 5679 2943
12285 6 3 5 5 0 5523 5679 2943 5524 5680 2944
12286 6 3 5 5 0 5524 5680 2944 5525 5681 2945
12287 6 3 5 5 0 5525 5681 2945 5526 5682 2946
12288 6 3 5 5 0 5526 5682 2946 5527 5683 2947
12289 6 3 5 5 0 5527 5683 2947 5528 5684 2948
12290 6 3 5 5 0 5528 5684 2948 5529 5685 2949
12291 6 3 5 5 0 5529 5685 2949 5530 5686 2950
12292 6 3 5 5 0 5530 5686 2950 5531 5687 2951
12293 6 3 5 5 0 5531 5687 2951 5532 5688 2952
12294 6 3 5 5 0 5532 5688 2952 5533 5689 2953
12295 6 3 5 5 0 5533 5689 2953 5534 5690 2954
12296 6 3 5 5 0 5534 5690 2954 5535 5691 2955
12297 6 3 5 5 0 5535 5691 2955 5536 5692 2956
12298 6 3 5 5 0 5536 5692 2956 5537 5693 2957
12299 6 3 5 5 0 5537 5693 2957 5538 5694 2958
12300 6 3 5 5 0 5538 5694 2958 2968 2972 576
12301 6 3 5 5 0 2246 475 476 5890 2257 2296
12302 6 3 5 5 0 5890 2257 2296 5891 2258 2297
12303 6 3 5 5 0 5891 2258 2297 5892 2259 2298
12304 6 3 5 5 0 5892 2259 2298 5893 2260 2299
12305 6 3 5 5 0 5893 2260 2299 5894 2261 2300
12306 6 3 5 5 0 5894 2261 2300 5895 2262 2301
12307 6 3 5 5 0 5895 2262 2301 5896 2263 2302
12308 6 3 5 5 0 5896 2263 2302 5897 2264 2303
12309 6 3 5 5 0 5897 2264 2303 5898 2265 2304
12310 6 3 5 5 0 5898 2265 2304 5899 2266 2305
12311 6 3 5 5 0 5899 2266 2305 5900 2267 2306
12312 6 3 5 5 0 5900 2267 2306 5901 2268 2307
12313 6 3 5 5 0 5901 2268 2307 5902 2269 2308
12314 6 3 5 5 0 5902 2269 2308 5903 2270 2309
12315 6 3 5 5 0 5903 2270 2309 5904 2271 2310
12316 6 3 5 5 0 5904 2271 2310 5905 2272 2311
12317 6 3 5 5 0 5905 2272 2311 5906 2273 2312
12318 6 3 5 5 0 5906 2273 2312 5907 2274 2313
12319 6 3 5 5 0 5907 2274 2313 5908 2275 2314
12320 6 3 5 5 0 5908 2275 2314 5909 2276 2315
12321 6 3 5 5 0 5909 2276 2315 5910 2277 2316
12322 6 3 5 5 0 5910 2277 2316 5911 2278 2317
12323 6 3 5 5 0 5911 2278 2317 5912 2279 2318
12324 6 3 5 5 0 5912 2279 2318 5913 2280 2319
12325 6 3 5 5 0 5913 2280 2319 5914 2281 2320
12326 6 3 5 5 0 5914 2281 2320 5915 2282 2321
12327 6 3 5 5 0 5915 2282 2321 5916 2283 2322
12328 6 3 5 5 0 5916 2283 2322 5917 2284 2323
12329 6 3 5 5 0 5917 2284 2323 5918 2285 2324
12330 6 3 5 5 0 5918 2285 2324 5919 2286 2325
12331 6 3 5 5 0 5919 2286 2325 5920 2287 2326
12332 6 3 5 5 0 5920 2287 2326 5921 2288 2327
12333 6 3 5 5 0 5921 2288 2327 5922 2289 2328
12334 6 3 5 5 0 5922 2289 2328 5923 2290 2329
12335 6 3 5 5 0 5923 2290 2329 5924 2291 2330
12336 6 3 5 5 0 5924 2291 2330 5925 2292 2331
12337 6 3 5 5 0 5925 2292 2331 5926 2293 2332
12338 6 3 5 5 0 5926 2293 2332 5927 2294 2333
12339 6 3 5 5 0 5927 2294 2333 5928 2295 2334
12340 6 3 5 5 0 5928 2295 2334 2978 559 560
12341 6 3 5 5 0 2236 475 2246 5500 2257 5890
12342 6 3 5 5 0 5500 2257 5890 5501 2258 5891
12343 6 3 5 5 0 5501 2258 5891 5502 2259 5892
12344 6 3 5 5 0 5502 2259 5892 5503 2260 5893
12345 6 3 5 5 0 5503 2260 5893 5504 2261 5894
12346 6 3 5 5 0 5504 2261 5894 5505 2262 5895
12347 6 3 5 5 0 5505 2262 5895 5506 2263 5896
12348 6 3 5 5 0 5506 2263 5896 5507 2264 5897
12349 6 3 5 5 0 5507 2264 5897 5508 2265 5898
12350 6 3 5 5 0 5508 2265 5898 5509 2266 5899
12351 6 3 5 5 0 5509 2266 5899 5510 2267 5900
12352 6 3 5 5 0 5510 2267 5900 5511 2268 5901
12353 6 3 5 5 0 5511 2268 5901 5512 2269 5902
12354 6 3 5 5 0 5512 2269 5902 5513 2270 5903
12355 6 3 5 5 0 5513 2270 5903 5514 2271 5904
12356 6 3 5 5 0 5514 2271 5904 5515 2272 5905
12357 6 3 5 5 0 5515 2272 5905 5516 2273 5906
12358 6 3 5 5 0 5516 2273 5906 5517 2274 5907
12359 6 3 5 5 0 5517 2274 5907 5518 2275 5908
12360 6 3 5 5 0 5518 2275 5908 5519 2276 5909
12361 6 3 5 5 0 5519 2276 5909 5520 2277 5910
12362 6 3 5 5 0 5520 2277 5910 5521 2278 5911
12363 6 3 5 5 0 5521 2278 5911 5522 2279 5912
12364 6 3 5 5 0 5522 2279 5912 5523 2280 5913
12365 6 3 5 5 0 5523 2280 5913 5524 2281 5914
12366 6 3 5 5 0 5524 2281 5914 5525 2282 5915
12367 6 3 5 5 0 5525 2282 5915 5526 2283 5916
12368 6 3 5 5 0 5526 2283 5916 5527 2284 5917
12369 6 3 5 5 0 5527 2284 5917 5528 2285 5918
12370 6 3 5 5 0 5528 2285 5918 5529 2286 5919
12371 6 3 5 5 0 5529 2286 5919 5530 2287 5920
12372 6 3 5 5 0 5530 2287 5920 5531 2288 5921
12373 6 3 5 5 0 5531 2288 5921 5532 2289 5922
12374 6 3 5 5 0 5532 2289 5922 5533 2290 5923
12375 6 3 5 5 0 5533 2290 5923 5534 2291 5924
12376 6 3 5 5 0 5534 2291 5924 5535 2292 5925
12377 6 3 5 5 0 5535 2292 5925 5536 2293 5926
12378 6 3 5 5 0 5536 2293 5926 5537 2294 5927
12379 6 3 5 5 0 5537 2294 5927 5538 2295 5928
12380 6 3 5 5 0 5538 2295 5928 2968 559 2978
12381 6 3 5 5 0 477 26 2245 2335 616 5851
12382 6 3 5 5 0 2335 616 5851 2336 617 5852
12383 6 3 5 5 0 2336 617 5852 2337 618 5853
12384 6 3 5 5 0 2337 618 5853 2338 619 5854
12385 6 3 5 5 0 2338 619 5854 2339 620 5855
12386 6 3 5 5 0 2339 620 5855 2340 621 5856
12387 6 3 5 5 0 2340 621 5856 2341 622 5857
12388 6 3 5 5 0 2341 622 5857 2342 623 5858
12389 6 3 5 5 0 2342 623 5858 2343 624 5859
12390 6 3 5 5 0 2343 624 5859 2344 625 5860
12391 6 3 5 5 0 2344 625 5860 2345 626 5861
12392 6 3 5 5 0 2345 626 5861 2346 627 5862
12393 6 3 5 5 0 2346 627 5862 2347 628 5863
12394 6 3 5 5 0 2347 628 5863 2348 629 5864
12395 6 3 5 5 0 2348 629 5864 2349 630 5865
12396 6 3 5 5 0 2349 630 5865 2350 631 5866
12397 6 3 5 5 0 2350 631 5866 2351 632 5867
12398 6 3 5 5 0 2351 632 5867 2352 633 5868
12399 6 3 5 5 0 2352 633 5868 2353 634 5869
12400 6 3 5 5 0 2353 634 5869 2354 635 5870
12401 6 3 5 5 0 2354 635 5870 2355 636 5871
12402 6 3 5 5 0 2355 636 5871 2356 637 5872
12403 6 3 5 5 0 2356 637 5872 2357 638 5873
12404 6 3 5 5 0 2357 638 5873 2358 639 5874
12405 6 3 5 5 0 2358 639 5874 2359 640 5875
12406 6 3 5 5 0 2359 640 5875 2360 641 5876
12407 6 3 5 5 0 2360 641 5876 2361 642 5877
12408 6 3 5 5 0 2361 642 5877 2362 643 5878
12409 6 3 5 5 0 2362 643 5878 2363 644 5879
12410 6 3 5 5 0 2363 644 5879 2364 645 5880
12411 6 3 5 5 0 2364 645 5880 2365 646 5881
12412 6 3 5 5 0 2365 646 5881 2366 647 5882
12413 6 3 5 5 0 2366 647 5882 2367 648 5883
12414 6 3 5 5 0 2367 648 5883 2368 649 5884
12415 6 3 5 5 0 2368 649 5884 2369 650 5885
12416 6 3 5 5 0 2369 650 5885 2370 651 5886
12417 6 3 5 5 0 2370 651 5886 2371 652 5887
12418 6 3 5 5 0 2371 652 5887 2372 653 5888
12419 6 3 5 5 0 2372 653 5888 2373 654 5889
12420 6 3 5 5 0 2373 654 5889 561 32 2977
12421 6 3 5 5 0 2245 2238 477 5851 5578 2335
12422 6 3 5 5 0 5851 5578 2335 5852 5579 2336
12423 6 3 5 5 0 5852 5579 2336 5853 5580 2337
12424 6 3 5 5 0 5853 5580 2337 5854 5581 2338
12425 6 3 5 5 0 5854 5581 2338 5855 5582 2339
12426 6 3 5 5 0 5855 5582 2339 5856 5583 2340
12427 6 3 5 5 0 5856 5583 2340 5857 5584 2341
12428 6 3 5 5 0 5857 5584 2341 5858 5585 2342
12429 6 3 5 5 0 5858 5585 2342 5859 5586 2343
12430 6 3 5 5 0 5859 5586 2343 5860 5587 2344
12431 6 3 5 5 0 5860 5587 2344 5861 5588 2345
12432 6 3 5 5 0 5861 5588 2345 5862 5589 2346
12433 6 3 5 5 0 5862 5589 2346 5863 5590 2347
12434 6 3 5 5 0 5863 5590 2347 5864 5591 2348
12435 6 3 5 5 0 5864 5591 2348 5865 5592 2349
12436 6 3 5 5 0 5865 5592 2349 5866 5593 2350
12437 6 3 5 5 0 5866 5593 2350 5867 5594 2351
12438 6 3 5 5 0 5867 5594 2351 5868 5595 2352
12439 6 3 5 5 0 5868 5595 2352 5869 5596 2353
12440 6 3 5 5 0 5869 5596 2353 5870 5597 2354
12441 6 3 5 5 0 5870 5597 2354 5871 5598 2355
12442 6 3 5 5 0 5871 5598 2355 5872 5599 2356
12443 6 3 5 5 0 5872 5599 2356 5873 5600 2357
12444 6 3 5 5 0 5873 5600 2357 5874 5601 2358
12445 6 3 5 5 0 5874 5601 2358 5875 5602 2359
12446 6 3 5 5 0 5875 5602 2359 5876 5603 2360
12447 6 3 5 5 0 5876 5603 2360 5877 5604 2361
12448 6 3 5 5 0 5877 5604 2361 5878 5605 2362
12449 6 3 5 5 0 5878 5605 2362 5879 5606 2363
12450 6 3 5 5 0 5879 5606 2363 5880 5607 2364
12451 6 3 5 5 0 5880 5607 2364 5881 5608 2365
12452 6 3 5 5 0 5881 5608 2365 5882 5609 2366
12453 6 3 5 5 0 5882 5609 2366 5883 5610 2367
12454 6 3 5 5 0 5883 5610 2367 5884 5611 2368
12455 6 3 5 5 0 5884 5611 2368 5885 5612 2369
12456 6 3 5 5 0 5885 5612 2369 5886 5613 2370
12457 6 3 5 5 0 5886 5613 2370 5887 5614 2371
12458 6 3 5 5 0 5887 5614 2371 5888 5615 2372
12459 6 3 5 5 0 5888 5615 2372 5889 5616 2373
12460 6 3 5 5 0 5889 5616 2373 2977 2970 561
$EndElements
