$MeshFormat
2 0 8
$EndMeshFormat
$Nodes
4123
1 0 0 0
2 150 0 0
3 150 60 0
4 120 60 0
5 75 60 0
6 0 60 0
7 75 90 0
8 30 90 0
9 0 90 0
10 300 0 0
11 0 300 0
12 300 300 0
13 0 84 0
14 75 84 0
15 12.50000000000003 0 0
16 25.00000000000006 0 0
17 37.50000000000009 0 0
18 49.99999999999988 0 0
19 62.49999999999967 0 0
20 74.99999999999946 0 0
21 87.49999999999896 0 0
22 99.99999999999847 0 0
23 112.499999999998 0 0
24 124.9999999999986 0 0
25 137.4999999999993 0 0
26 150 11.63969352368767 0
27 150 21.24716044153837 0
28 150 29.17724246667508 0
29 150 35.72272898948457 0
30 150 41.1254132259163 0
31 150 45.58481387527792 0
32 150 49.26561260790797 0
33 150 52.30376253461904 0
34 150 54.81146686689318 0
35 150 56.8813370059563 0
36 150 58.58981307066959 0
37 148.8 60 0
38 147.6 60 0
39 146.4 60 0
40 145.2 60 0
41 144 60 0
42 142.8 60 0
43 141.6 60 0
44 140.4 60 0
45 139.2 60 0
46 138 60 0
47 136.8 60 0
48 135.6 60 0
49 134.4 60 0
50 133.2 60 0
51 132 60 0
52 130.8 60 0
53 129.6 60 0
54 128.4 60 0
55 127.2 60 0
56 126 60 0
57 124.8 60 0
58 123.6 60 0
59 122.4 60 0
60 121.2 60 0
61 118.7753448618993 60 0
62 117.5340285446834 60 0
63 116.2758135711027 60 0
64 115.0004906717617 60 0
65 113.7078031097458 60 0
66 112.3975309985509 60 0
67 111.0694304866074 60 0
68 109.7232642227546 60 0
69 108.3587667973344 60 0
70 106.9757128852316 60 0
71 105.5738369739157 60 0
72 104.1528807003614 60 0
73 102.7125925661013 60 0
74 101.2527061797869 60 0
75 99.77295787475779 60 0
76 98.27306947871678 60 0
77 96.75277025839112 60 0
78 95.21179429098608 60 0
79 93.64983831187897 60 0
80 92.0666328604031 60 0
81 90.46188650033211 60 0
82 88.83529598351647 60 0
83 87.18657816976283 60 0
84 85.51542514633213 60 0
85 83.82153235203124 60 0
86 82.10459329387827 60 0
87 80.36429160749503 60 0
88 78.6003058900105 60 0
89 76.81231143821853 60 0
90 73.17073170731713 60 0
91 71.34146341463426 60 0
92 69.51219512195139 60 0
93 67.68292682926851 60 0
94 65.85365853658564 60 0
95 64.02439024390277 60 0
96 62.1951219512199 60 0
97 60.36585365853703 60 0
98 58.53658536585416 60 0
99 56.70731707317129 60 0
100 54.87804878048841 60 0
101 53.04878048780554 60 0
102 51.21951219512268 60 0
103 49.39024390243981 60 0
104 47.56097560975694 60 0
105 45.73170731707406 60 0
106 43.90243902439119 60 0
107 42.07317073170832 60 0
108 40.24390243902545 60 0
109 38.41463414634258 60 0
110 36.58536585365969 60 0
111 34.75609756097677 60 0
112 32.92682926829385 60 0
113 31.09756097561094 60 0
114 29.26829268292803 60 0
115 27.43902439024511 60 0
116 25.6097560975622 60 0
117 23.78048780487928 60 0
118 21.95121951219637 60 0
119 20.12195121951345 60 0
120 18.2926829268305 60 0
121 16.46341463414745 60 0
122 14.6341463414644 60 0
123 12.80487804878136 60 0
124 10.9756097560983 60 0
125 9.146341463415258 60 0
126 7.317073170732205 60 0
127 5.48780487804916 60 0
128 3.658536585366106 60 0
129 1.829268292683053 60 0
130 0 58.00696752923264 0
131 0 55.6387839200928 0
132 0 52.82483904461698 0
133 0 49.4812219403184 0
134 0 45.50821879139619 0
135 0 40.78740120409299 0
136 0 35.17796193660645 0
137 0 28.5126610227931 0
138 0 20.59272793331584 0
139 0 11.18204106549036 0
140 75 61.88675743506201 0
141 75 63.87239483100876 0
142 75 65.96209543384282 0
143 75 68.16131781250111 0
144 75 70.47580624523037 0
145 75 72.91159251573258 0
146 75 75.47503515123094 0
147 75 78.17283242194729 0
148 75 81.01202215765242 0
149 75 87 0
150 72.05410491731423 90 0
151 69.29720674565759 90 0
152 66.71717651965437 90 0
153 64.30266663632096 90 0
154 62.04305677373061 90 0
155 59.92841226988136 90 0
156 57.94943459441382 90 0
157 56.09742344395605 90 0
158 54.36422945469785 90 0
159 52.74222487947706 90 0
160 51.22426916253717 90 0
161 49.80370870671921 90 0
162 48.47428247614829 90 0
163 47.23014568902345 90 0
164 46.06582710217391 90 0
165 44.97620692506163 90 0
166 43.95648854157371 90 0
167 43.00219250850867 90 0
168 42.10911689159827 90 0
169 41.2733376704101 90 0
170 40.49117745830341 90 0
171 39.75919824272152 90 0
172 39.07417750132507 90 0
173 38.43310645670396 90 0
174 37.83316070016653 90 0
175 37.27170659785832 90 0
176 36.74627170568871 90 0
177 36.25454774007017 90 0
178 35.79436954090588 90 0
179 35.36371318639566 90 0
180 34.96068467569628 90 0
181 34.58351422071211 90 0
182 34.23054040326113 90 0
183 33.90021159754806 90 0
184 33.59107598846265 90 0
185 33.30177200628896 90 0
186 33.03102916321689 90 0
187 32.77765572770663 90 0
188 32.54053740781769 90 0
189 32.31863058485428 90 0
190 32.11096149368863 90 0
191 31.91661397860685 90 0
192 31.73473572372204 90 0
193 31.56452576342915 90 0
194 31.40523564786467 90 0
195 31.25616480203358 90 0
196 31.11665765076592 90 0
197 30.98610013685279 90 0
198 30.86391940027659 90 0
199 30.74957639591847 90 0
200 30.64256932995631 90 0
201 30.5424272780178 90 0
202 30.44871002577314 90 0
203 30.36100504532763 90 0
204 30.27892683038109 90 0
205 30.20211440004343 90 0
206 30.13022984066836 90 0
207 30.06295703707768 90 0
208 29.93987975951904 90 0
209 29.87975951903808 90 0
210 29.81963927855712 90 0
211 29.75951903807616 90 0
212 29.6993987975952 90 0
213 29.63927855711424 90 0
214 29.57915831663328 90 0
215 29.51903807615232 90 0
216 29.45891783567136 90 0
217 29.39879759519041 90 0
218 29.33867735470945 90 0
219 29.27855711422849 90 0
220 29.21843687374753 90 0
221 29.15831663326657 90 0
222 29.09819639278561 90 0
223 29.03807615230465 90 0
224 28.97795591182369 90 0
225 28.91783567134273 90 0
226 28.85771543086177 90 0
227 28.79759519038081 90 0
228 28.73747494989985 90 0
229 28.67735470941889 90 0
230 28.61723446893793 90 0
231 28.55711422845697 90 0
232 28.49699398797601 90 0
233 28.43687374749505 90 0
234 28.37675350701409 90 0
235 28.31663326653313 90 0
236 28.25651302605218 90 0
237 28.19639278557122 90 0
238 28.13627254509026 90 0
239 28.0761523046093 90 0
240 28.01603206412834 90 0
241 27.95591182364738 90 0
242 27.89579158316642 90 0
243 27.83567134268546 90 0
244 27.7755511022045 90 0
245 27.71543086172354 90 0
246 27.65531062124258 90 0
247 27.59519038076162 90 0
248 27.53507014028066 90 0
249 27.4749498997997 90 0
250 27.41482965931874 90 0
251 27.35470941883778 90 0
252 27.29458917835682 90 0
253 27.23446893787586 90 0
254 27.1743486973949 90 0
255 27.11422845691395 90 0
256 27.05410821643299 90 0
257 26.99398797595203 90 0
258 26.93386773547107 90 0
259 26.87374749499011 90 0
260 26.81362725450915 90 0
261 26.75350701402819 90 0
262 26.69338677354723 90 0
263 26.63326653306627 90 0
264 26.57314629258531 90 0
265 26.51302605210435 90 0
266 26.45290581162339 90 0
267 26.39278557114243 90 0
268 26.33266533066147 90 0
269 26.27254509018051 90 0
270 26.21242484969955 90 0
271 26.15230460921859 90 0
272 26.09218436873763 90 0
273 26.03206412825667 90 0
274 25.97194388777572 90 0
275 25.91182364729476 90 0
276 25.8517034068138 90 0
277 25.79158316633284 90 0
278 25.73146292585188 90 0
279 25.67134268537092 90 0
280 25.61122244488996 90 0
281 25.551102204409 90 0
282 25.49098196392804 90 0
283 25.43086172344708 90 0
284 25.37074148296612 90 0
285 25.31062124248516 90 0
286 25.2505010020042 90 0
287 25.19038076152324 90 0
288 25.13026052104228 90 0
289 25.07014028056132 90 0
290 25.01002004008036 90 0
291 24.9498997995994 90 0
292 24.88977955911844 90 0
293 24.82965931863749 90 0
294 24.76953907815653 90 0
295 24.70941883767557 90 0
296 24.64929859719461 90 0
297 24.58917835671365 90 0
298 24.52905811623269 90 0
299 24.46893787575173 90 0
300 24.40881763527077 90 0
301 24.34869739478981 90 0
302 24.28857715430885 90 0
303 24.22845691382789 90 0
304 24.16833667334693 90 0
305 24.10821643286597 90 0
306 24.04809619238501 90 0
307 23.98797595190405 90 0
308 23.92785571142309 90 0
309 23.86773547094213 90 0
310 23.80761523046117 90 0
311 23.74749498998021 90 0
312 23.68737474949926 90 0
313 23.6272545090183 90 0
314 23.56713426853734 90 0
315 23.50701402805637 90 0
316 23.44689378757542 90 0
317 23.38677354709446 90 0
318 23.3266533066135 90 0
319 23.26653306613254 90 0
320 23.20641282565158 90 0
321 23.14629258517062 90 0
322 23.08617234468966 90 0
323 23.0260521042087 90 0
324 22.96593186372774 90 0
325 22.90581162324678 90 0
326 22.84569138276582 90 0
327 22.78557114228486 90 0
328 22.7254509018039 90 0
329 22.66533066132294 90 0
330 22.60521042084198 90 0
331 22.54509018036103 90 0
332 22.48496993988007 90 0
333 22.4248496993991 90 0
334 22.36472945891814 90 0
335 22.30460921843718 90 0
336 22.24448897795622 90 0
337 22.18436873747526 90 0
338 22.1242484969943 90 0
339 22.06412825651334 90 0
340 22.00400801603238 90 0
341 21.94388777555141 90 0
342 21.88376753507045 90 0
343 21.82364729458949 90 0
344 21.76352705410853 90 0
345 21.70340681362757 90 0
346 21.64328657314661 90 0
347 21.58316633266565 90 0
348 21.52304609218469 90 0
349 21.46292585170372 90 0
350 21.40280561122276 90 0
351 21.3426853707418 90 0
352 21.28256513026084 90 0
353 21.22244488977988 90 0
354 21.16232464929892 90 0
355 21.10220440881796 90 0
356 21.042084168337 90 0
357 20.98196392785603 90 0
358 20.92184368737507 90 0
359 20.86172344689411 90 0
360 20.80160320641315 90 0
361 20.74148296593219 90 0
362 20.68136272545123 90 0
363 20.62124248497027 90 0
364 20.5611222444893 90 0
365 20.50100200400835 90 0
366 20.44088176352738 90 0
367 20.38076152304642 90 0
368 20.32064128256546 90 0
369 20.2605210420845 90 0
370 20.20040080160354 90 0
371 20.14028056112258 90 0
372 20.08016032064162 90 0
373 20.02004008016065 90 0
374 19.95991983967969 90 0
375 19.89979959919873 90 0
376 19.83967935871777 90 0
377 19.77955911823681 90 0
378 19.71943887775585 90 0
379 19.65931863727489 90 0
380 19.59919839679392 90 0
381 19.53907815631296 90 0
382 19.478957915832 90 0
383 19.41883767535104 90 0
384 19.35871743487008 90 0
385 19.29859719438912 90 0
386 19.23847695390816 90 0
387 19.1783567134272 90 0
388 19.11823647294624 90 0
389 19.05811623246527 90 0
390 18.99799599198431 90 0
391 18.93787575150335 90 0
392 18.87775551102239 90 0
393 18.81763527054143 90 0
394 18.75751503006047 90 0
395 18.6973947895795 90 0
396 18.63727454909855 90 0
397 18.57715430861758 90 0
398 18.51703406813662 90 0
399 18.45691382765566 90 0
400 18.3967935871747 90 0
401 18.33667334669374 90 0
402 18.27655310621278 90 0
403 18.21643286573181 90 0
404 18.15631262525086 90 0
405 18.09619238476989 90 0
406 18.03607214428893 90 0
407 17.97595190380797 90 0
408 17.91583166332701 90 0
409 17.85571142284605 90 0
410 17.79559118236509 90 0
411 17.73547094188413 90 0
412 17.67535070140316 90 0
413 17.61523046092221 90 0
414 17.55511022044124 90 0
415 17.49498997996028 90 0
416 17.43486973947932 90 0
417 17.37474949899836 90 0
418 17.3146292585174 90 0
419 17.25450901803644 90 0
420 17.19438877755547 90 0
421 17.13426853707452 90 0
422 17.07414829659355 90 0
423 17.01402805611259 90 0
424 16.95390781563163 90 0
425 16.89378757515067 90 0
426 16.83366733466971 90 0
427 16.77354709418875 90 0
428 16.71342685370778 90 0
429 16.65330661322682 90 0
430 16.59318637274586 90 0
431 16.5330661322649 90 0
432 16.47294589178394 90 0
433 16.41282565130298 90 0
434 16.35270541082202 90 0
435 16.29258517034106 90 0
436 16.2324649298601 90 0
437 16.17234468937913 90 0
438 16.11222444889817 90 0
439 16.05210420841721 90 0
440 15.99198396793625 90 0
441 15.93186372745529 90 0
442 15.87174348697433 90 0
443 15.81162324649337 90 0
444 15.7515030060124 90 0
445 15.69138276553144 90 0
446 15.63126252505048 90 0
447 15.57114228456952 90 0
448 15.51102204408856 90 0
449 15.4509018036076 90 0
450 15.39078156312664 90 0
451 15.33066132264567 90 0
452 15.27054108216472 90 0
453 15.21042084168375 90 0
454 15.15030060120279 90 0
455 15.09018036072183 90 0
456 15.03006012024087 90 0
457 14.96993987975991 90 0
458 14.90981963927895 90 0
459 14.84969939879798 90 0
460 14.78957915831702 90 0
461 14.72945891783606 90 0
462 14.6693386773551 90 0
463 14.60921843687414 90 0
464 14.54909819639317 90 0
465 14.48897795591221 90 0
466 14.42885771543125 90 0
467 14.36873747495029 90 0
468 14.30861723446933 90 0
469 14.24849699398836 90 0
470 14.1883767535074 90 0
471 14.12825651302644 90 0
472 14.06813627254548 90 0
473 14.00801603206452 90 0
474 13.94789579158355 90 0
475 13.88777555110259 90 0
476 13.82765531062163 90 0
477 13.76753507014066 90 0
478 13.7074148296597 90 0
479 13.64729458917874 90 0
480 13.58717434869778 90 0
481 13.52705410821682 90 0
482 13.46693386773585 90 0
483 13.40681362725489 90 0
484 13.34669338677393 90 0
485 13.28657314629297 90 0
486 13.22645290581201 90 0
487 13.16633266533104 90 0
488 13.10621242485008 90 0
489 13.04609218436912 90 0
490 12.98597194388816 90 0
491 12.9258517034072 90 0
492 12.86573146292623 90 0
493 12.80561122244527 90 0
494 12.74549098196431 90 0
495 12.68537074148335 90 0
496 12.62525050100239 90 0
497 12.56513026052142 90 0
498 12.50501002004046 90 0
499 12.4448897795595 90 0
500 12.38476953907854 90 0
501 12.32464929859757 90 0
502 12.26452905811661 90 0
503 12.20440881763565 90 0
504 12.14428857715469 90 0
505 12.08416833667373 90 0
506 12.02404809619276 90 0
507 11.9639278557118 90 0
508 11.90380761523084 90 0
509 11.84368737474988 90 0
510 11.78356713426892 90 0
511 11.72344689378795 90 0
512 11.66332665330699 90 0
513 11.60320641282603 90 0
514 11.54308617234507 90 0
515 11.48296593186411 90 0
516 11.42284569138314 90 0
517 11.36272545090218 90 0
518 11.30260521042122 90 0
519 11.24248496994025 90 0
520 11.18236472945929 90 0
521 11.12224448897833 90 0
522 11.06212424849737 90 0
523 11.00200400801641 90 0
524 10.94188376753544 90 0
525 10.88176352705448 90 0
526 10.82164328657352 90 0
527 10.76152304609256 90 0
528 10.7014028056116 90 0
529 10.64128256513063 90 0
530 10.58116232464967 90 0
531 10.52104208416871 90 0
532 10.46092184368775 90 0
533 10.40080160320679 90 0
534 10.34068136272582 90 0
535 10.28056112224486 90 0
536 10.2204408817639 90 0
537 10.16032064128294 90 0
538 10.10020040080198 90 0
539 10.04008016032101 90 0
540 9.979959919840049 90 0
541 9.919839679359088 90 0
542 9.859719438878125 90 0
543 9.799599198397162 90 0
544 9.739478957916202 90 0
545 9.679358717435239 90 0
546 9.619238476954276 90 0
547 9.559118236473315 90 0
548 9.498997995992353 90 0
549 9.438877755511392 90 0
550 9.378757515030429 90 0
551 9.318637274549467 90 0
552 9.258517034068506 90 0
553 9.198396793587543 90 0
554 9.138276553106582 90 0
555 9.07815631262562 90 0
556 9.018036072144657 90 0
557 8.957915831663696 90 0
558 8.897795591182733 90 0
559 8.837675350701771 90 0
560 8.77755511022081 90 0
561 8.717434869739847 90 0
562 8.657314629258883 90 0
563 8.59719438877792 90 0
564 8.537074148296957 90 0
565 8.476953907815997 90 0
566 8.416833667335034 90 0
567 8.356713426854071 90 0
568 8.29659318637311 90 0
569 8.236472945892148 90 0
570 8.176352705411187 90 0
571 8.116232464930224 90 0
572 8.056112224449262 90 0
573 7.995991983968301 90 0
574 7.935871743487338 90 0
575 7.875751503006376 90 0
576 7.815631262525415 90 0
577 7.755511022044452 90 0
578 7.69539078156349 90 0
579 7.635270541082528 90 0
580 7.575150300601567 90 0
581 7.515030060120605 90 0
582 7.454909819639639 90 0
583 7.394789579158674 90 0
584 7.334669338677708 90 0
585 7.274549098196744 90 0
586 7.214428857715781 90 0
587 7.154308617234816 90 0
588 7.09418837675385 90 0
589 7.034068136272885 90 0
590 6.97394789579192 90 0
591 6.913827655310954 90 0
592 6.853707414829989 90 0
593 6.793587174349027 90 0
594 6.733466933868062 90 0
595 6.673346693387097 90 0
596 6.613226452906131 90 0
597 6.553106212425166 90 0
598 6.492985971944201 90 0
599 6.432865731463235 90 0
600 6.372745490982274 90 0
601 6.312625250501308 90 0
602 6.252505010020343 90 0
603 6.192384769539378 90 0
604 6.132264529058412 90 0
605 6.072144288577447 90 0
606 6.012024048096482 90 0
607 5.951903807615519 90 0
608 5.891783567134555 90 0
609 5.831663326653588 90 0
610 5.771543086172624 90 0
611 5.711422845691658 90 0
612 5.651302605210693 90 0
613 5.591182364729731 90 0
614 5.531062124248765 90 0
615 5.4709418837678 90 0
616 5.410821643286835 90 0
617 5.350701402805869 90 0
618 5.290581162324904 90 0
619 5.230460921843939 90 0
620 5.170340681362977 90 0
621 5.110220440882012 90 0
622 5.050100200401046 90 0
623 4.989979959920081 90 0
624 4.929859719439116 90 0
625 4.869739478958151 90 0
626 4.809619238477185 90 0
627 4.749498997996223 90 0
628 4.689378757515258 90 0
629 4.629258517034293 90 0
630 4.569138276553327 90 0
631 4.509018036072362 90 0
632 4.448897795591397 90 0
633 4.388777555110435 90 0
634 4.328657314629469 90 0
635 4.268537074148504 90 0
636 4.208416833667538 90 0
637 4.148296593186574 90 0
638 4.088176352705608 90 0
639 4.028056112224643 90 0
640 3.967935871743681 90 0
641 3.907815631262715 90 0
642 3.84769539078175 90 0
643 3.787575150300785 90 0
644 3.727454909819819 90 0
645 3.667334669338854 90 0
646 3.607214428857889 90 0
647 3.547094188376927 90 0
648 3.486973947895962 90 0
649 3.426853707414996 90 0
650 3.366733466934031 90 0
651 3.306613226453066 90 0
652 3.2464929859721 90 0
653 3.186372745491135 90 0
654 3.126252505010173 90 0
655 3.066132264529208 90 0
656 3.006012024048243 90 0
657 2.945891783567277 90 0
658 2.885771543086312 90 0
659 2.825651302605347 90 0
660 2.765531062124384 90 0
661 2.705410821643419 90 0
662 2.645290581162454 90 0
663 2.585170340681489 90 0
664 2.525050100200523 90 0
665 2.464929859719558 90 0
666 2.404809619238593 90 0
667 2.34468937875763 90 0
668 2.284569138276665 90 0
669 2.2244488977957 90 0
670 2.164328657314734 90 0
671 2.104208416833769 90 0
672 2.044088176352804 90 0
673 1.983967935871839 90 0
674 1.923847695390877 90 0
675 1.863727454909911 90 0
676 1.803607214428946 90 0
677 1.743486973947981 90 0
678 1.683366733467015 90 0
679 1.62324649298605 90 0
680 1.563126252505085 90 0
681 1.503006012024123 90 0
682 1.442885771543158 90 0
683 1.382765531062192 90 0
684 1.322645290581227 90 0
685 1.262525050100262 90 0
686 1.202404809619296 90 0
687 1.142284569138334 90 0
688 1.082164328657369 90 0
689 1.022044088176404 90 0
690 0.9619238476954384 90 0
691 0.9018036072144731 90 0
692 0.8416833667335077 90 0
693 0.7815631262525424 90 0
694 0.7214428857715804 90 0
695 0.6613226452906151 90 0
696 0.6012024048096498 90 0
697 0.5410821643286845 90 0
698 0.4809619238477192 90 0
699 0.4208416833667539 90 0
700 0.3607214428857886 90 0
701 0.3006012024048266 90 0
702 0.2404809619238613 90 0
703 0.1803607214428959 90 0
704 0.1202404809619306 90 0
705 0.06012024048096531 90 0
706 0 89.9083248812717 0
707 0 89.74801501928638 0
708 0 89.46768402836611 0
709 0 88.97747616331486 0
710 0 88.12025832599184 0
711 0 86.62125890933783 0
712 0 81.01202215765242 0
713 0 78.17283242194728 0
714 0 75.47503515123093 0
715 0 72.91159251573256 0
716 0 70.47580624523037 0
717 0 68.16131781250111 0
718 0 65.96209543384282 0
719 0 63.87239483100876 0
720 0 61.88675743506199 0
721 3.125000000000007 84 0
722 6.250000000000014 84 0
723 9.375000000000023 84 0
724 12.50000000000003 84 0
725 15.62500000000004 84 0
726 18.75000000000005 84 0
727 21.87499999999999 84 0
728 24.99999999999994 84 0
729 28.12499999999989 84 0
730 31.24999999999984 84 0
731 34.37499999999978 84 0
732 37.49999999999973 84 0
733 40.62499999999961 84 0
734 43.74999999999948 84 0
735 46.87499999999935 84 0
736 49.99999999999923 84 0
737 53.1249999999991 84 0
738 56.24999999999898 84 0
739 59.37499999999915 84 0
740 62.49999999999931 84 0
741 65.62499999999949 84 0
742 68.74999999999966 84 0
743 71.87499999999983 84 0
744 0 90.07010990567856 0
745 0 90.16360242030768 0
746 0 90.28827686053235 0
747 0 90.45453323643628 0
748 0 90.67623900872759 0
749 0 90.97188960401731 0
750 0 91.36614469513381 0
751 0 91.89189365347183 0
752 0 92.59298968581582 0
753 0 93.52791616178266 0
754 0 94.7746635190025 0
755 0 96.43722242471414 0
756 0 98.65429013665361 0
757 0 101.6107801676628 0
758 0 105.5533366715582 0
759 0 110.8108157100167 0
760 0 117.8217828279666 0
761 0 127.1710747338448 0
762 0 139.638494888873 0
763 0 156.2641144854483 0
764 0 178.4347405724741 0
765 0 207.9997243361824 0
766 0 247.4252894299227 0
767 75.00000000000017 300 0
768 149.9999999999989 300 0
769 224.9999999999959 300 0
770 300 240.0000000000018 0
771 300 180.0000000000036 0
772 300 120.0000000000047 0
773 300 60.00000000000401 0
774 248.3962151857475 0 0
775 210.9948607025825 0 0
776 183.8870534435456 0 0
777 164.2398966535705 0 0
778 34.96844818494008 27.65946359607889 0
779 10.63937851010725 45.78250619789463 0
780 63.94851620190409 23.62512506950767 0
781 101.9179463672532 57.91584927299593 0
782 145.0660295159739 57.00933178103663 0
783 147.4066281234581 56.58219479262619 0
784 3.468888930749294 50.32292024829638 0
785 45.51574747893046 25.57696583170953 0
786 98.99535921329742 36.64944769051613 0
787 6.730228121610634 51.90197332735958 0
788 61.44590042678908 41.35851726243056 0
789 64.1666953128093 14.22866078104533 0
790 75.24777590031404 46.57243878061088 0
791 98.54581596052522 42.4575361492527 0
792 146.7954451405683 58.50071158006899 0
793 75.50121444117592 58.15266612191819 0
794 114.1024680529428 57.35325866101618 0
795 118.7049544750725 45.01506979910894 0
796 119.9956864027011 54.27293458674475 0
797 135.5747899972829 58.9543806144455 0
798 12.44936564604988 57.87260558273658 0
799 148.4798208977851 58.47746071673576 0
800 145.9263828231805 54.71069089217363 0
801 121.3538541286735 56.06901380184647 0
802 111.2102648006011 45.42536508761961 0
803 91.01546916617345 26.91050852187447 0
804 131.0903236506283 33.17011731036875 0
805 125.0662620266804 57.63473667390731 0
806 6.871508888194877 47.62732285451327 0
807 4.602574357519489 58.14496537015626 0
808 77.95501664133867 58.11264480287569 0
809 72.76375865713079 57.29520311543602 0
810 109.4427192184638 49.35622374991047 0
811 114.2537899686667 54.72303696275656 0
812 131.231120115685 58.63040686191319 0
813 145.8554849395333 44.30968719736575 0
814 7.223683052164371 58.96371334837048 0
815 34.55933607128808 7.854430876898755 0
816 27.4747481058268 21.93302232274937 0
817 120.7797778745735 25.57558036224707 0
818 145.2241584593785 58.94776649977781 0
819 3.017261321392024 47.05440527129129 0
820 7.012501132117284 57.17584073786422 0
821 2.309616198264742 58.6226330352077 0
822 89.61128191041132 57.61842867577827 0
823 6.600616198899473 34.55743661174645 0
824 113.7492813434902 59.11353939151795 0
825 117.2051187537618 54.11265565832853 0
826 126.6632830571148 57.91744561196128 0
827 14.88054675645437 56.1552871440399 0
828 135.790589371857 56.91154481540455 0
829 134.0674313426802 58.36776639275714 0
830 74.11894955863882 8.140300609091701 0
831 2.682351264732534 56.42406697648627 0
832 99.59869707264059 57.83362066808057 0
833 120.7449182999609 57.31967377379485 0
834 44.85529572340835 35.87316668033625 0
835 112.9880830454156 49.34130508615228 0
836 112.3060416110201 56.47826682730851 0
837 111.5155633081125 54.3378359690613 0
838 75.96314106926413 31.11782467838136 0
839 93.65773446739753 56.9808751754945 0
840 123.6160377936239 58.74971842017882 0
841 148.2424384920542 54.11206799706189 0
842 106.2721790453956 23.43457958081203 0
843 132.1859455393473 52.56814532562401 0
844 82.03949920851866 52.90735910654172 0
845 96.86735374087468 52.59092529089609 0
846 94.51300487648895 49.75728813047868 0
847 40.5855807810709 54.10542088638099 0
848 101.2404761235702 55.77309703819743 0
849 97.47743881784992 57.26402288719983 0
850 138.8284307113033 58.63317845354143 0
851 137.2055490594549 58.59180148459942 0
852 115.6089307360686 32.1097860532712 0
853 79.5306200712029 38.26848001523005 0
854 91.82252845487692 58.47367852849464 0
855 121.793084578102 58.65006475715353 0
856 124.5629569135295 58.97123745960103 0
857 127.5934742662881 58.88192023086727 0
858 139.6723343736778 28.98036843257135 0
859 140.3865285350203 21.91198589314733 0
860 146.7983765952243 48.68668136785691 0
861 18.62061636564767 26.63550425506806 0
862 59.7593487892742 35.03242318713171 0
863 85.56029937585062 58.83660118140373 0
864 114.9030347445534 41.43381110037969 0
865 4.812075113745757 43.87072828219845 0
866 14.64935445650466 58.63536024264383 0
867 41.21667953592495 32.15299546308208 0
868 95.83701523440436 55.78398164727022 0
869 70.29818012489035 57.97560142055412 0
870 99.88748568742977 53.45639659136083 0
871 12.32644157357944 51.87888213419389 0
872 22.73719590641708 57.75860171157414 0
873 100.9847300550178 58.86573035858387 0
874 102.3210881459854 59.23401645870822 0
875 64.04739965782611 58.25673125042169 0
876 40.42778325718238 58.70390766262189 0
877 46.31338593660553 50.88419119765127 0
878 93.78454788681842 59.1762167873936 0
879 110.6627218014929 51.91400991878417 0
880 108.972999754173 54.76065272255141 0
881 110.4580139917918 56.16720204619058 0
882 110.4285030443724 58.0918716895117 0
883 109.0690961305505 56.97896106023768 0
884 50.94166405385834 57.10295713319203 0
885 112.3461752340387 58.49755860139667 0
886 47.6123383300602 40.3900751939259 0
887 93.14446546484157 45.57895077653458 0
888 68.80422549841086 58.25357874835468 0
889 103.1504690928054 49.34266027052124 0
890 128.0305696693632 46.400148005921 0
891 72.04420770550156 37.19596149646981 0
892 115.4915613880346 58.57435292834619 0
893 119.9559395050426 58.9100444837385 0
894 129.9289550145365 58.43586528783414 0
895 136.3380670995066 34.46149404028352 0
896 144.5135752634962 27.73046028848091 0
897 2.978175016067534 53.69931274490023 0
898 115.5817461995723 51.89595102525941 0
899 135.1625175109728 54.01718904466582 0
900 118.7571910155577 51.76566378814925 0
901 141.9973840474085 11.5164703771494 0
902 97.97029818105301 58.93698138298613 0
903 95.80505766511325 58.25000741066619 0
904 113.0804935762132 26.45096787057188 0
905 52.29495289994966 42.19920503451181 0
906 9.930893578937702 52.57660087799577 0
907 11.8588050703028 54.87032985928368 0
908 88.30609951505224 53.14366104444249 0
909 48.01513165933646 45.91158104906805 0
910 42.98295843970567 52.26961883749761 0
911 117.2084881533945 58.49801431134202 0
912 55.77014087558224 21.85138130821349 0
913 108.4248474251881 41.06171557451211 0
914 103.1929780757418 39.49922808447065 0
915 106.8907273801932 33.18658381466874 0
916 3.845103369189138 39.10668639306549 0
917 98.60658022293781 29.44604891573197 0
918 28.51237347462157 50.28033236206138 0
919 31.47722722424171 52.88450250564632 0
920 10.28224850040185 50.18556365938212 0
921 15.19519514913489 52.65031202782187 0
922 103.70529547684 54.93887051382239 0
923 101.8696270611232 52.79689326052039 0
924 90.02913385092624 54.64160552632298 0
925 66.75680316912393 58.20339106922049 0
926 36.74539014630768 49.36960905532015 0
927 107.2763921886717 56.73226085154045 0
928 52.40391232413865 36.22418991664706 0
929 79.38816529589432 54.24414610300706 0
930 13.92594305563323 33.97772415968758 0
931 129.6346800502021 53.44174419484401 0
932 80.6476070196664 49.11992127801369 0
933 26.69028849539457 30.94784047621629 0
934 33.32751691190008 35.82589999503517 0
935 106.1222423611924 58.56784835311935 0
936 98.21915535750863 55.69694270068234 0
937 143.6202963042167 33.71626442968139 0
938 40.12994837171356 50.50241630388697 0
939 62.30112126888815 51.69496588258777 0
940 8.401979149324381 54.96985115885241 0
941 112.7326323173077 36.94582725448676 0
942 50.7860243371456 54.21215503595172 0
943 84.23270296572714 55.24648411241759 0
944 77.18397842154612 49.39068998714777 0
945 62.38776984005305 46.70435758362303 0
946 5.407554378241443 55.41187049888446 0
947 108.2695051113246 58.66767720435972 0
948 53.04970286395962 47.69083894901893 0
949 134.1169737074285 19.11648159353221 0
950 128.3253403816629 26.45896519721319 0
951 134.2196187596533 26.68346149168715 0
952 34.67250601077769 54.8109010335414 0
953 7.274644600312174 12.62404636285835 0
954 37.17172711821433 18.06785998892908 0
955 117.0506553987498 48.79585878251842 0
956 24.08468099348496 54.97560032726289 0
957 129.0532089094406 50.17140868228148 0
958 140.5774031299181 43.71950193594103 0
959 42.64272410405817 55.61469278300782 0
960 118.7305759979121 57.42970155811529 0
961 116.4555618792294 56.61117239039471 0
962 27.75751561121253 53.91538780105843 0
963 105.143312718629 56.70697616573138 0
964 80.69788366512397 58.5527890766537 0
965 68.57331612342118 56.81660061935641 0
966 32.26334074549435 48.36874389252072 0
967 125.1098129249733 55.72516852782579 0
968 131.1446214395806 55.13368399526231 0
969 143.3828328489926 58.54400887585531 0
970 58.70375763987204 57.91820023034296 0
971 134.9597761734522 50.56925200220017 0
972 9.581183609924611 57.69319152672962 0
973 93.28385361490525 53.90577053191784 0
974 87.2573801361293 58.19398570088941 0
975 57.78556477274626 55.60014660357547 0
976 36.72698988568438 56.72168491377773 0
977 131.3499994004005 57.1507400689037 0
978 49.98887779528095 50.76458206044472 0
979 12.1345816600955 20.65970038361392 0
980 87.17933716576023 55.58070906461045 0
981 106.2730651515733 54.10077498694729 0
982 60.43648394542394 59.13268563626838 0
983 43.45931839535388 47.83119102145196 0
984 41.27918659364602 40.3560295812891 0
985 79.04963809995971 52.12451318116302 0
986 90.69804703660408 50.73751377978999 0
987 77.44741345947862 55.81607943282506 0
988 142.4510166725009 47.57972227591723 0
989 128.2422651309632 57.85372904318817 0
990 117.8356213005355 36.93723972960202 0
991 140.2196651840547 38.5790184150876 0
992 22.46191316992458 48.85078263110012 0
993 56.89423399115348 39.82494042567216 0
994 18.28834598278364 49.22747633830727 0
995 48.10877137312151 53.36016163065805 0
996 82.67728273254266 56.76621209211297 0
997 85.1714881890678 57.12817528208209 0
998 85.64727359300754 53.09262311034032 0
999 74.0452283783123 50.63406958856913 0
1000 66.63562807351035 49.54250135718964 0
1001 76.5493976839047 53.04706029083587 0
1002 17.64664688191649 39.39840900881117 0
1003 137.5613685149199 54.96423164756437 0
1004 131.0473892804936 9.526655634530341 0
1005 140.0842291294501 50.7938043679386 0
1006 143.6444665197346 50.94108187198367 0
1007 29.90093951158268 58.42015406628749 0
1008 48.36582717234248 55.93280178286357 0
1009 46.71055899292005 57.81038015487197 0
1010 119.5932530103229 55.92780452333742 0
1011 118.4476527974235 58.97087129710589 0
1012 118.1969308398935 55.58718665285819 0
1013 131.4908283471861 43.71423258916882 0
1014 80.03403926080888 56.4726699690093 0
1015 67.9164661409272 53.58073154051016 0
1016 21.52895586349474 44.64906979288666 0
1017 122.8471453684066 54.23788138761162 0
1018 126.7405834595886 51.96751977938052 0
1019 114.9947889974917 45.7281915855443 0
1020 125.9837108948018 59.05790571090527 0
1021 60.19892800700319 29.14454079252802 0
1022 54.10614108455086 30.04511263087027 0
1023 57.94230612982486 52.68765092115421 0
1024 125.1698631321711 17.27586958945242 0
1025 132.03804752219 48.3285443414893 0
1026 57.84009742147106 45.05902154129275 0
1027 28.48337764876919 56.82346970400427 0
1028 70.60113246910899 55.30883784753706 0
1029 42.23157637300354 58.12678975654347 0
1030 97.22205377686245 48.97455088984204 0
1031 103.9558051093203 58.69218487010978 0
1032 146.1134564599587 52.16596028673572 0
1033 25.40051432689134 47.54851512412635 0
1034 140.369000140479 57.17195348426607 0
1035 19.23684599453151 57.92656217479821 0
1036 26.60945466856232 58.21966965567777 0
1037 53.77847952069946 11.33551597713339 0
1038 139.2470150467322 48.04023735735926 0
1039 135.7207454329361 41.04404030603166 0
1040 137.3655384120115 52.45176282073328 0
1041 30.96847173264278 42.95651349055466 0
1042 145.0458990929799 39.50648128348427 0
1043 99.04613193184296 46.63069275559477 0
1044 99.69052637817997 50.75457179311932 0
1045 87.60311239505866 46.87458805624811 0
1046 17.54825011232053 55.59515444091482 0
1047 20.65158127378704 55.72908070402211 0
1048 37.69426349246719 53.44428796378496 0
1049 38.27682236309478 58.70831410033064 0
1050 129.2857749878265 56.15615810443843 0
1051 93.18455514362064 11.9343176995922 0
1052 39.608050448146 45.88230958347706 0
1053 44.11177533703327 43.97776566386536 0
1054 87.55944637339569 51.069222091669 0
1055 128.8776645174778 59.07845528112816 0
1056 120.8672923965974 40.74626109973574 0
1057 21.50652989491746 52.18655123585003 0
1058 81.66030267742484 55.11728185183419 0
1059 83.33884660141577 58.54729627204208 0
1060 71.46395146748969 46.5434114048624 0
1061 73.26730872272589 53.96396910839268 0
1062 15.28241678521552 44.70026600941549 0
1063 20.67217123128896 34.39058956950105 0
1064 142.1201448317962 53.15543583139574 0
1065 30.45869615308755 55.29592982771862 0
1066 33.85232504620705 57.70686971263723 0
1067 96.34023326377383 46.70466880333085 0
1068 103.1081603242608 44.1408552266769 0
1069 45.68972977891665 54.81547162312181 0
1070 126.2954852864091 41.34247794050653 0
1071 63.22263579821828 55.24002352209848 0
1072 65.16255902976972 53.15675885449046 0
1073 10.39316855924384 40.19910809468847 0
1074 125.3991122957177 49.05251777807103 0
1075 123.9090838009137 51.42820404169595 0
1076 125.3532964326377 53.37345602940225 0
1077 123.3840592756113 45.31885474825092 0
1078 121.2771686593887 49.02897141089629 0
1079 132.523512441671 58.41116943821651 0
1080 86.9402039016181 30.8389253019215 0
1081 72.90264731217732 21.28208438596904 0
1082 122.9466120057665 56.86716025740925 0
1083 86.26105129305961 37.3829434844757 0
1084 53.22399923870023 58.30366490436964 0
1085 65.94652998654773 55.87570614268295 0
1086 84.79967699778602 50.18817001421137 0
1087 106.3288096192291 11.97690269603503 0
1088 9.302693815129915 28.48664698832182 0
1089 13.6671233699102 48.95107968040534 0
1090 18.76669729590381 13.47349494986139 0
1091 106.9361913558674 46.80033271394651 0
1092 59.4456076111618 49.21380259550312 0
1093 24.95934681869807 57.73624099751991 0
1094 143.5564280230674 55.02449139304795 0
1095 35.95738798145111 58.70585837661836 0
1096 53.39003965159657 55.56850039222706 0
1097 53.91094306189979 51.96758888049619 0
1098 55.79506204410588 57.39736636887206 0
1099 25.06333679096459 51.20496901818098 0
1100 133.1749452923585 56.08003415440486 0
1101 142.1073550077891 59.07289409980088 0
1102 140.6910357649629 58.98692478144226 0
1103 31.25766066798683 57.18856124070413 0
1104 49.03146365440671 58.47435651182126 0
1105 123.8693291331858 34.2896768268825 0
1106 56.37891313846622 49.17294963063537 0
1107 44.48478926506061 57.72788905292418 0
1108 25.30309988960717 38.90027821753974 0
1109 21.05998594038943 58.33818576979208 0
1110 16.88586795875797 58.02802465176421 0
1111 28.34021778041747 58.6926586851939 0
1112 26.3435380467257 56.21068571731043 0
1113 130.800796491642 38.00367316887363 0
1114 36.51147303341153 41.22586993410069 0
1115 84.15979550951512 42.5401518325714 0
1116 79.37383362946174 44.89927033978607 0
1117 39.63945868701801 56.60568311832866 0
1118 67.26171115181322 30.82806228961945 0
1119 106.3289144307156 50.65765072177862 0
1120 38.56493213323749 37.32778310824345 0
1121 127.0977386747913 56.6534674890685 0
1122 127.2311296615254 54.49136501299549 0
1123 69.94436059591071 41.49925458895784 0
1124 70.6549525420124 51.59558680784352 0
1125 139.6410503876664 53.73862176259578 0
1126 31.80827916750837 58.6834512747058 0
1127 32.34368302046017 55.57735286404954 0
1128 91.6934111855534 56.43902190388071 0
1129 137.3815124598821 49.94979015372977 0
1130 142.6141125607372 56.83954938172044 0
1131 26.28764811061259 44.13362518977313 0
1132 108.2899226315503 52.3769956282881 0
1133 141.9331181288703 58.02948887743236 0
1134 139.1690311307255 55.61456641778177 0
1135 75.16627972006305 55.66534730965004 0
1136 92.30871930981456 34.6372903412277 0
1137 83.1151891707181 46.75773314283011 0
1138 115.1657686904046 19.03097870843942 0
1139 28.36229033944448 12.46219132473999 0
1140 55.87670715216635 54.39105245158932 0
1141 35.1822841678409 45.42312041703436 0
1142 104.194618860433 52.53201830491874 0
1143 66.18028250104608 43.76578744235808 0
1144 18.48932115855991 53.13139839622676 0
1145 112.9228428759453 52.44076382587438 0
1146 34.4935923549812 51.83438746251234 0
1147 121.4165751767831 52.11061649943167 0
1148 148.2506020377821 51.32906360042912 0
1149 43.16019139549079 9.326331159961709 0
1150 141.37726670704 55.2580218786843 0
1151 144.2995754294776 53.26488710205782 0
1152 97.13059140591088 21.04913989846256 0
1153 47.61955522939066 31.97448610452903 0
1154 28.64940862469296 46.52005723764695 0
1155 138.1539948214566 56.98121271719293 0
1156 82.38947578278264 32.56427641980174 0
1157 82.20772604197187 25.77718767303509 0
1158 94.42739043124273 40.66999319030348 0
1159 119.3634888948449 9.471972151518088 0
1160 89.74516621254996 41.25037475613031 0
1161 47.13946800472372 17.3353695848174 0
1162 103.1925671591225 56.80539557217139 0
1163 61.48215496271062 57.95631816329472 0
1164 60.17839887989177 55.33796637637531 0
1165 6.071149807248221 22.12026758422861 0
1166 74.93495747717266 42.68249756944578 0
1167 66.015188977568 38.39847641734857 0
1168 83.19646915376666 14.54657736397868 0
1169 89.27780121113027 20.06553026314503 0
1170 135.8813820593509 46.47234652173081 0
1171 20.62285566811603 69.72507225001097 0
1172 41.48335732963906 75.84511529880568 0
1173 42.88495741328094 64.69906838485358 0
1174 61.33251177424179 65.00551176009655 0
1175 10.645967514597 65.67835931009442 0
1176 27.7454904900037 70.9959811384556 0
1177 63.58997423199907 78.13464196850596 0
1178 5.5398240329552 75.86042568246485 0
1179 46.07263636950363 70.31284531912419 0
1180 3.965373421280788 64.40735736717683 0
1181 23.26348420786189 72.54693374752428 0
1182 18.77968078516699 71.51215160434225 0
1183 62.51921831888262 74.77689685705114 0
1184 21.22208384406578 71.97353317391368 0
1185 25.7619103936901 68.9926048061978 0
1186 51.39404321617403 71.26207246540511 0
1187 41.00483331243167 69.37055990903393 0
1188 72.1901450064175 79.1752875616065 0
1189 44.416709371621 65.95613717817103 0
1190 64.08090719166582 62.33999499094875 0
1191 59.14114161480384 65.55423219292523 0
1192 56.05160026193641 61.69726878520121 0
1193 47.80761493872387 78.31857791072231 0
1194 60.40186837529207 61.70389868356061 0
1195 60.51967622501909 66.74362838424783 0
1196 61.0047219525827 79.71003148765593 0
1197 1.799229864195737 65.34174472115102 0
1198 10.70382873275533 61.91306401228469 0
1199 7.276232642160668 63.39274389682773 0
1200 6.651513491288804 61.71611678139319 0
1201 14.69816099588604 67.321946668785 0
1202 49.67323780854645 62.54840265340437 0
1203 45.20505306907702 68.33561934233651 0
1204 50.54671619836108 80.03570504745582 0
1205 44.50658641690314 77.12362333539915 0
1206 43.95930760872006 74.03861326530868 0
1207 63.31489055667469 64.48096109226357 0
1208 37.48977336843132 66.61412157822853 0
1209 70.25550474867119 63.574998492624 0
1210 5.789321888342343 81.77725891398336 0
1211 1.590085670759203 73.33952164541449 0
1212 3.965136200622045 69.62664475136647 0
1213 4.036702986094341 61.92112474788764 0
1214 27.38615657922828 75.45670190113601 0
1215 29.28514116562143 73.24157546553811 0
1216 23.1259085637978 70.57878399768403 0
1217 25.0688259504582 73.83459691602557 0
1218 10.2943652952453 77.67725387144471 0
1219 10.35822058741603 72.70012890289662 0
1220 28.86201575770827 68.78560869942406 0
1221 25.01742391699429 71.5802242828332 0
1222 72.80811384414334 63.14648231147969 0
1223 42.55109290341511 67.38938869472001 0
1224 72.32229654036985 73.99722878039391 0
1225 30.14171244245626 81.26911491223665 0
1226 22.68473054376791 68.00111983423785 0
1227 54.27743851295494 72.7081266754075 0
1228 4.024398937383729 66.99580735733628 0
1229 8.548106436924332 61.78085991101401 0
1230 19.48262257355934 81.1181770164571 0
1231 20.03904642208229 66.90876043344549 0
1232 12.20887689823058 63.31510329915972 0
1233 48.09159146753904 65.45849859640916 0
1234 49.06577538258389 73.46275008845186 0
1235 48.5320326848264 70.80286586662521 0
1236 43.69993582128981 70.6141920932469 0
1237 60.38482891561642 77.39940503131935 0
1238 73.01356116179635 61.04223834840548 0
1239 44.84003538115994 80.59506400592581 0
1240 46.96781985241406 75.29997204843654 0
1241 46.21714540998789 64.70078989072617 0
1242 46.83883194533222 66.79851345417859 0
1243 66.42140710536844 62.4311680988934 0
1244 67.12348694061419 66.16186242646961 0
1245 22.51094670356931 76.8262981789256 0
1246 57.85768492362936 76.56598431291125 0
1247 62.12353223887337 61.14855055623561 0
1248 61.8236686111095 62.93144023665972 0
1249 64.84174657289246 66.82219907853398 0
1250 62.4709014437413 81.73080755359186 0
1251 12.14535433237648 61.71536267961187 0
1252 9.803328120566 63.56372841684799 0
1253 8.242444073008887 64.82627710639365 0
1254 47.88744243678308 63.68230520201897 0
1255 51.83759742973681 74.94007997530005 0
1256 53.21385623254404 81.53868632190348 0
1257 71.28718200340747 67.34479388273949 0
1258 69.31434922792413 65.57613604482059 0
1259 29.13100564510856 78.35267940875207 0
1260 70.93661455122525 61.65991843963462 0
1261 1.718575223269085 62.98423750796729 0
1262 13.38221348436175 72.14288274609143 0
1263 56.13380285480253 79.4919001027049 0
1264 17.26275285312585 67.06480496732108 0
1265 5.705911303763591 63.4519065727848 0
1266 41.82246073489845 78.47985725448552 0
1267 47.47096762435851 61.714522927014 0
1268 25.66539928338901 78.06391958502954 0
1269 41.49460011178174 81.11540864282485 0
1270 43.64026929877105 62.57393052098411 0
1271 11.15520828432911 80.52076570296343 0
1272 1.873847181235431 61.13201994848615 0
1273 7.272282720062271 72.99123536941438 0
1274 8.412834030256716 79.85095345555344 0
1275 2.858216984772843 78.11599947508306 0
1276 8.007263424047251 77.48423364076214 0
1277 12.31764510705795 67.75409985926325 0
1278 34.75899767167993 71.72877989345956 0
1279 72.33581616771474 76.38844902209546 0
1280 60.67353163033975 69.17157425902251 0
1281 1.666546076523694 68.21125342796066 0
1282 13.90916751944455 61.59584940042577 0
1283 33.22160650415925 65.13156161858308 0
1284 34.99397262717736 66.35022524446744 0
1285 69.05073061771968 68.08856591444415 0
1286 48.01387330364869 81.38986939282078 0
1287 46.42238404982036 72.50460886661736 0
1288 47.78007153472206 68.77485274017243 0
1289 69.90471167861872 81.5654842450965 0
1290 65.5105628703114 61.3432195018897 0
1291 31.86432595374169 78.75755892494449 0
1292 57.41915245439008 63.57245850379621 0
1293 52.12681702322087 68.392635208657 0
1294 53.88213487408303 64.68563268930315 0
1295 49.79121359475072 64.77210015323703 0
1296 45.71456867723688 63.02892554923992 0
1297 50.76388384962739 77.19052488196823 0
1298 49.23419565721212 76.04570885978924 0
1299 71.78333043388615 65.21279389879682 0
1300 33.02783430322976 81.13588110409411 0
1301 39.83794452972588 67.12267490130182 0
1302 2.24468031837743 80.99873143670222 0
1303 15.79483147401141 61.70752306344355 0
1304 8.973514773092871 75.30831427639679 0
1305 69.67821152964358 76.85640829933301 0
1306 12.55794282636673 75.33254172543958 0
1307 73.42888378497052 66.66423904102845 0
1308 59.01090199494575 81.32839267266303 0
1309 16.99130680052853 63.28056756841975 0
1310 66.92549818575235 77.4781327933273 0
1311 51.84377752759982 65.95096123397742 0
1312 5.172405910612565 79.11004583869787 0
1313 26.65011126890676 72.90408578492497 0
1314 13.96425850622444 69.61615594980412 0
1315 58.3673287286724 61.51122585150483 0
1316 67.33739082612009 60.95356272214121 0
1317 55.02434626329801 75.78488081136865 0
1318 58.83098571854979 79.03761689202545 0
1319 61.7441202545231 72.05057894526632 0
1320 28.50203069278438 62.02075010929104 0
1321 35.9878261232312 77.16320990977472 0
1322 8.995077426212905 82.30403296768461 0
1323 2.3071674180501 75.45283748184006 0
1324 15.79763348985018 69.0710676239058 0
1325 11.34002928521419 70.1651479334877 0
1326 59.73597697264594 74.40097448075188 0
1327 65.27928459244491 74.96587697203144 0
1328 67.75673225688867 63.91010935489101 0
1329 59.80488965917159 63.45041641438565 0
1330 58.58544425874558 67.57749322856914 0
1331 58.12266074588008 69.53675638772491 0
1332 66.6522140760359 68.8354965674073 0
1333 22.57705377497671 65.41491282155367 0
1334 22.81800294895052 63.28462118033485 0
1335 56.4261819646038 65.74900505328999 0
1336 33.18038626867328 76.45680811844828 0
1337 30.64485167469522 75.90470229883658 0
1338 37.88120092438769 74.51406823896767 0
1339 38.48026366019162 69.35132071132632 0
1340 13.42974838298568 65.42120620395816 0
1341 72.84560524774614 81.80974640782236 0
1342 7.924037361804617 68.09054326738786 0
1343 21.50728499730737 61.84013695668602 0
1344 55.50906392683795 63.51363058684036 0
1345 66.55946111129298 71.89488306282765 0
1346 51.8122315637537 63.59183982312074 0
1347 24.82526917809632 66.11723011341701 0
1348 33.47016476286184 63.10849353578571 0
1349 45.63668084929041 61.19097426253477 0
1350 44.53900499143898 64.12342708468397 0
1351 41.45034831600873 61.51954319337066 0
1352 68.5164690046241 70.15589264767763 0
1353 8.64797777696884 66.54783056879292 0
1354 72.8543473547835 69.1100550036157 0
1355 73.60594899420023 64.97011362008871 0
1356 14.69041849975143 63.43252502113205 0
1357 15.9781041864722 65.15231003166373 0
1358 54.07125574687576 67.13870341454695 0
1359 68.6888490161549 62.19579148529854 0
1360 59.08223218780103 71.7104200237232 0
1361 39.21714618933238 78.06999507411986 0
1362 37.62597852771952 71.57795466085848 0
1363 34.68363418013194 61.4932567439714 0
1364 65.63118844254585 64.28588094564162 0
1365 62.4382348734839 67.00067486102104 0
1366 16.12984582173154 71.22458763943818 0
1367 6.037273626557238 70.84029623320264 0
1368 53.85292491078403 62.1728973590853 0
1369 1.802543570147424 71.19171513783162 0
1370 26.83656950961523 81.05656035318397 0
1371 56.43761501903938 70.97298503296184 0
1372 56.94596322570602 73.64570210684489 0
1373 56.25879574109648 68.50264857991225 0
1374 23.5046333297792 61.00646304349351 0
1375 41.54771305968852 63.38230855461727 0
1376 40.81669806028633 65.13101036033746 0
1377 25.94437632857297 64.12271640130913 0
1378 32.49677811523114 61.62768199803579 0
1379 67.90867470990581 74.770191420421 0
1380 70.48351829988556 69.84527741959306 0
1381 69.67948961027155 72.46872413398775 0
1382 32.33024378930734 73.78335117294759 0
1383 34.52932287885296 68.82445320427153 0
1384 63.95169627253381 72.66487930844012 0
1385 34.22230345415733 78.62781649361877 0
1386 36.21638029367127 80.57245454319785 0
1387 40.59069674062563 72.18740345393539 0
1388 6.492093700007234 65.78476499280302 0
1389 68.55147784820159 79.26033501670705 0
1390 54.01848651845577 69.7218472120268 0
1391 6.150374083686754 68.56565380572407 0
1392 53.10349912630721 78.12649604470977 0
1393 24.69432619180957 62.45899156620265 0
1394 24.12605090539083 64.24319745339568 0
1395 38.95648916879024 81.38183452460244 0
1396 36.17219429877522 68.19440813159443 0
1397 14.51420177122083 81.47834935530643 0
1398 31.68680811192152 63.67130381731181 0
1399 18.44224389564605 64.35045331795145 0
1400 72.55660863421841 71.46811401642556 0
1401 70.40558225572575 74.83593892422313 0
1402 63.83728639872885 69.77718372607414 0
1403 4.073473319879068 72.7575251859335 0
1404 66.5453661983303 80.88134308246124 0
1405 49.48358370408073 67.04259894564062 0
1406 51.49948847807537 61.38552330593507 0
1407 22.99541132441828 80.33955935361641 0
1408 9.881893403373324 68.0792060755892 0
1409 28.11388083595628 64.3106929963065 0
1410 16.65133639571366 78.96979528715408 0
1411 37.06611121104702 64.42859977113287 0
1412 30.98710348406724 70.98424250174017 0
1413 36.32518694627755 69.94789520495124 0
1414 39.42243244238078 63.30269252586962 0
1415 37.13140495751777 62.08308470440175 0
1416 14.98866120868328 76.42788879050613 0
1417 30.09426678990222 64.05034715837741 0
1418 27.2757459001719 66.49277729410004 0
1419 31.59929245724316 65.73099408191703 0
1420 30.51656573450053 61.94053119749226 0
1421 20.859728557662 63.99581177160113 0
1422 24.86279198872366 75.94918212488157 0
1423 22.76729042676533 74.21507205928738 0
1424 13.32335225049761 78.54044875960754 0
1425 26.71652355452811 62.16164492000016 0
1426 39.32251121609578 61.37787075212353 0
1427 8.415703374597348 70.23925551450904 0
1428 35.09448237381586 63.76587026972371 0
1429 38.77652629084166 65.21860122001543 0
1430 15.33219071247209 74.04950663535055 0
1431 17.24849452872495 75.66237375809258 0
1432 32.64403857558585 67.21852953046267 0
1433 29.95966375639733 66.4642035524715 0
1434 17.98302432252664 61.64493283849286 0
1435 34.82773095545589 74.72924346671957 0
1436 17.9878454572945 69.34349618654157 0
1437 49.91278283540039 69.15063123285279 0
1438 32.80957371767992 69.48329604732935 0
1439 19.7828465985311 62.36626697694629 0
1440 17.06575815810945 81.77365825678436 0
1441 31.12840597821364 68.66047510671282 0
1442 19.76073689864978 77.8460153014499 0
1443 19.96034250424913 74.4795922351924 0
1444 17.43316434280174 73.32170157033542 0
1445 73.18378731370734 86.97916666666667 0
1446 70.53624775211517 87.25090129361298 0
1447 0.2931265502978547 89.97305192019567 0
1448 11.18614134951178 89.59621010993466 0
1449 0.2089284359334247 89.83575265823939 0
1450 45.78764596690092 88.78363733287816 0
1451 42.63874851121382 89.04182074376189 0
1452 38.27821558894553 86.19818303728557 0
1453 5.298970829773663 89.73378795937549 0
1454 23.14933609253747 89.64000720199012 0
1455 51.55169148471575 86.55923908436894 0
1456 8.805231194379184 89.94007030397351 0
1457 3.375360203341151 89.95838277221617 0
1458 26.10033661436389 89.98582364862587 0
1459 25.7089212848071 89.81933779009303 0
1460 3.015540075288572 89.97013596297991 0
1461 2.220712730021633 89.86305722477971 0
1462 16.36726222930248 89.5024690285564 0
1463 8.552613860971924 89.94414760586683 0
1464 9.082847885012848 89.95373324146169 0
1465 3.418235454498006 89.8630441966712 0
1466 3.473936656182079 89.96116914333616 0
1467 3.067299510177912 89.72641577184388 0
1468 1.213126950812241 89.94047035652814 0
1469 3.278690658573421 89.88262573198618 0
1470 26.08036768973195 89.82254683814443 0
1471 21.75900866976998 89.92424643208345 0
1472 0.3707100277908668 89.941031331847 0
1473 7.220194231227477 89.90906532235545 0
1474 15.08741381242776 89.92820723583371 0
1475 20.98545901879411 89.95355189243763 0
1476 15.66409221073745 89.81441741192371 0
1477 7.567398967580207 89.90753514416107 0
1478 28.24627360157299 89.92175271138835 0
1479 20.58128732302774 89.13101653450592 0
1480 10.87176139623402 89.48555535895478 0
1481 10.65559530833044 89.86423684842002 0
1482 1.920071357729857 89.95186807477296 0
1483 6.651237927012874 89.94067649372906 0
1484 3.740728264411852 89.74126274160156 0
1485 2.941583640081066 89.96411873115609 0
1486 2.023743754653553 89.93211929869383 0
1487 2.362004714888937 89.83036633085597 0
1488 27.73694950666811 89.38177425728887 0
1489 20.4398264139277 89.5193408723528 0
1490 3.858809522262617 89.90931607786145 0
1491 10.38933770530728 89.92657284346876 0
1492 67.0379243688582 87.5063646844734 0
1493 32.34978653080309 89.51056361776851 0
1494 23.29865360407007 89.7914211871212 0
1495 31.17641177918924 89.83604415100488 0
1496 21.86385429827597 89.93862621747974 0
1497 15.76956851152146 89.87087918831932 0
1498 21.66298857582093 89.81280224986725 0
1499 12.71015488486768 89.9092611510473 0
1500 20.78771272525355 89.94365118700964 0
1501 6.283070160501498 89.92974697882093 0
1502 4.333911598230437 89.95290458112369 0
1503 25.73541520140114 89.95798422746469 0
1504 18.95400426718038 89.87469641973931 0
1505 3.175501357242298 89.83701902445804 0
1506 12.86956720430504 89.95833615149711 0
1507 15.57141097399805 89.96374368625239 0
1508 6.836925601751934 89.93959513175467 0
1509 32.78094604976543 89.17713359637752 0
1510 25.96360251834603 89.89698808413938 0
1511 32.16867185203338 89.85505923203846 0
1512 7.147850057861747 89.95945667416287 0
1513 4.165421369913796 89.80354369743827 0
1514 30.94530818418759 89.67307801623045 0
1515 9.257553340269812 89.91328525985303 0
1516 10.67801320726555 89.94575843338069 0
1517 28.04490231344293 89.55218506313572 0
1518 6.57386748105724 89.94340763881193 0
1519 13.38786373322439 89.94267234979793 0
1520 14.99196700020441 89.88389765167766 0
1521 23.66789591397399 89.92101791934884 0
1522 12.80977235061358 89.92872932422995 0
1523 12.80677582996892 89.82343030991642 0
1524 7.475564579235683 89.93910628285133 0
1525 7.662602046176448 89.92709070658518 0
1526 11.76520695659792 89.93084071550821 0
1527 14.44727658634164 89.92406779913142 0
1528 47.93241149793035 88.64306726154859 0
1529 0.1257551674059609 89.81476201060761 0
1530 0.1184674263694631 89.93550614403091 0
1531 9.537173785162656 89.94893048453127 0
1532 27.24449841645725 89.96089643580541 0
1533 4.711346223429233 89.94038854183245 0
1534 4.421640948814658 89.932933972309 0
1535 2.505896519023425 89.94252997967926 0
1536 1.814684864644541 89.93089776982201 0
1537 0.5658790026487076 89.82889013110854 0
1538 6.6476975353809 89.83816725672445 0
1539 26.04353111231671 89.94917711044565 0
1540 29.84539840218239 89.94401947741439 0
1541 7.471584334002742 89.85078483080378 0
1542 2.857785442056121 89.74671972266366 0
1543 37.47934049414162 89.40693131096073 0
1544 16.70244324855867 89.31985709562149 0
1545 3.751823212860664 89.9094281093959 0
1546 3.644197700067167 89.8982141146565 0
1547 5.515759786499461 89.92731878196462 0
1548 14.24981678942047 89.94511378133886 0
1549 26.14274570809399 89.94805757785484 0
1550 21.27110562108836 89.92976938721829 0
1551 5.433775125038188 86.28800722201713 0
1552 1.8750417096253 86.22852946624886 0
1553 57.77613655890775 87.16944533103353 0
1554 10.58295451250876 89.94201283309233 0
1555 0.6462517054473694 89.94175647061486 0
1556 63.69291386774095 87.12320377655033 0
1557 43.89038743447186 89.01970417503507 0
1558 12.09754731455906 89.9424410426459 0
1559 11.06706872296555 89.95212729670237 0
1560 50.03912728984222 88.68395285976646 0
1561 16.27499844490954 89.86473955637142 0
1562 19.94328229487859 89.94068526693826 0
1563 11.31999700105017 89.91304496594216 0
1564 11.19125062503251 89.96423314180963 0
1565 27.87035781573063 89.8702082047774 0
1566 28.00210232453313 89.86221334060666 0
1567 29.33187561545697 89.93010158548991 0
1568 3.976079032844631 89.9386111364867 0
1569 26.31252936799456 89.92698426596885 0
1570 20.68325909686438 89.89824832372342 0
1571 12.62523761225521 89.92920910354729 0
1572 22.65629679161249 89.97102611790251 0
1573 13.99352429543621 89.9345836772745 0
1574 25.61747962934002 89.93482333556047 0
1575 19.09860609031497 89.89867960678089 0
1576 21.14752862012595 89.93983394775923 0
1577 28.46767846885907 89.87061614608257 0
1578 23.27027573319046 89.9328090564246 0
1579 11.28896159047131 89.15874134485155 0
1580 11.39061067164853 88.27000294068576 0
1581 20.42851825879884 89.91638868974587 0
1582 16.33039073232192 89.95359721882515 0
1583 9.178550605417209 89.94361715792577 0
1584 13.67354477629401 89.92136908604428 0
1585 25.42136077360587 89.80794238293419 0
1586 19.77289215189981 89.85091761178207 0
1587 19.91456944036812 89.82729527291359 0
1588 21.94885238281612 89.8924479662406 0
1589 24.42448542766379 89.93713767467089 0
1590 11.13721370438504 89.93354346421516 0
1591 11.26130539252925 89.95512623196228 0
1592 11.21769324639265 89.90487539499115 0
1593 51.73013503488496 88.86090131442617 0
1594 10.48728184014796 89.42723629407863 0
1595 10.24745255284608 89.90900317904102 0
1596 20.29432006168122 89.81334506575332 0
1597 26.94531724285962 89.92677561322546 0
1598 4.46095389674868 89.59881354505637 0
1599 1.685046516487744 89.93028959502431 0
1600 6.506750357753624 89.90823141915773 0
1601 29.94966173512781 89.86293902256872 0
1602 6.839806667014735 89.83765241165229 0
1603 2.847759445547465 89.91090000797159 0
1604 2.683431552508973 89.95548229592741 0
1605 37.15561142509275 88.56010924416863 0
1606 8.768245613184131 89.64985804072808 0
1607 13.23280995323727 89.27472483652065 0
1608 17.79992579931563 89.97218784310722 0
1609 14.16552098298584 89.93560257274844 0
1610 14.63765156102614 89.90796294199495 0
1611 14.84899697372857 89.94446629566983 0
1612 15.80082366401519 89.94610052076794 0
1613 17.12881886982068 89.95800358037847 0
1614 24.06562956507639 89.88746132789136 0
1615 3.786535838260627 88.55763681656376 0
1616 1.57561708701487 89.94899804114306 0
1617 27.23360040814723 89.25452847103581 0
1618 24.70277491844409 89.92681772123336 0
1619 8.649162677494408 89.9062148278327 0
1620 31.36706481127031 89.84820805414925 0
1621 11.69299402393837 89.92523805913997 0
1622 42.3548165819883 88.01707935490556 0
1623 8.74271342714975 89.94429454866059 0
1624 17.77109761299551 89.90178160671604 0
1625 16.94920802179981 89.96954749803028 0
1626 15.84875056453445 89.92820674572324 0
1627 17.44785806537462 89.93506405001897 0
1628 55.6771292418818 88.59145156009345 0
1629 8.934797480423875 89.78822484410846 0
1630 22.01182034070435 89.73738214798753 0
1631 30.29017651265409 89.76364706048686 0
1632 21.5402157805992 89.84838654707971 0
1633 21.64877025434691 89.92127207945292 0
1634 15.64371313219408 89.92979484522523 0
1635 19.24387158520771 89.84807676371122 0
1636 14.08132391636085 89.9352894958362 0
1637 17.59799238564876 89.96690878831876 0
1638 22.35127152053878 89.93055344060735 0
1639 23.75768587202874 89.84084774490339 0
1640 5.260596906975901 89.9090143949896 0
1641 13.56964943627862 89.92929054782736 0
1642 14.25717277585217 89.83858775967826 0
1643 48.91502438876225 86.58619615267833 0
1644 23.20547484761658 89.95536502836562 0
1645 40.13837463567387 87.44975051213578 0
1646 0.9095772437137608 89.93709669695592 0
1647 3.19765465532116 89.92749717165972 0
1648 21.10379072832582 88.0394120366436 0
1649 18.37662577040184 89.85019692734802 0
1650 22.6468517119189 89.90924238248246 0
1651 18.01812180036236 89.93082815218736 0
1652 20.32361924080943 89.93970213195637 0
1653 23.03815395778468 89.93764338826382 0
1654 22.99702558659654 87.98257322038458 0
1655 16.39802770962075 89.87939155987318 0
1656 31.55012380134374 89.8442812601164 0
1657 16.25184160702955 89.95855682346784 0
1658 10.13473024033656 89.81487280583764 0
1659 17.32606222929675 89.92155719761311 0
1660 16.88590964221887 89.93533965062474 0
1661 27.8436711640545 89.95954450761604 0
1662 27.74807873530069 89.84801909342578 0
1663 4.088989798797495 89.92160000625843 0
1664 3.985739016828968 89.77720570038298 0
1665 20.81950830887994 89.78445803156491 0
1666 24.17211971468732 89.7772725406805 0
1667 17.08437087000448 89.83997207377892 0
1668 18.48944230637268 89.90928050200419 0
1669 16.43502960788107 89.95325910859889 0
1670 28.6343483322691 89.77022333917633 0
1671 22.71833704001982 89.95166738844354 0
1672 11.11175081368739 89.84196981446846 0
1673 19.68573760331426 89.91862693374999 0
1674 25.11622866611538 89.93543729285385 0
1675 19.28712940658735 89.94441022405505 0
1676 9.725784117592353 89.93225607757184 0
1677 16.79163504067981 89.83586398737566 0
1678 35.23642045834005 89.56987029769103 0
1679 34.36110013255143 88.15573890565032 0
1680 35.87340252570467 88.55968892684857 0
1681 23.3726402971555 89.92532665807599 0
1682 3.846403605781961 89.21064104757539 0
1683 5.407583411389303 89.46337474865592 0
1684 26.75313787811574 89.7096636724267 0
1685 26.75540372513104 89.91990569119478 0
1686 31.4188092792297 86.87926162631862 0
1687 13.13255785060943 89.87707590783243 0
1688 13.82250851501552 89.8637772769798 0
1689 25.58598202705717 89.1520316961354 0
1690 19.8582969938833 89.93648302527231 0
1691 30.11329217169197 89.76212687833755 0
1692 5.923675856548225 89.89646535545114 0
1693 15.4964743405722 89.92439137944393 0
1694 15.27300423471433 89.93467200339229 0
1695 24.35641954158161 89.93002292622749 0
1696 24.18400645109657 89.91707157249114 0
1697 11.30484840630461 89.766773703418 0
1698 15.16730630819622 89.54094895335864 0
1699 8.295949577957723 89.73468532616846 0
1700 26.8553543432634 89.88979890613234 0
1701 28.90489090580641 89.88880521786898 0
1702 1.76286565148712 89.78598742846434 0
1703 1.757504000086175 89.57918080498787 0
1704 30.1548833539113 89.90972406787169 0
1705 7.03961984348148 89.69539915561596 0
1706 7.101575982319882 89.89347975618647 0
1707 37.13762798176869 87.46378811808574 0
1708 38.23239567390574 87.76740809548353 0
1709 15.5488333601031 89.90355253381298 0
1710 15.72943258178969 89.92637635711581 0
1711 9.356287201976087 89.91286252391116 0
1712 8.760334642308456 89.85060921625031 0
1713 14.90886647699075 89.26835874158189 0
1714 13.9390757454175 89.83282226107451 0
1715 21.16306925484424 89.82180365657813 0
1716 21.66966164517084 88.8727915552124 0
1717 22.87563615475691 88.73359087361432 0
1718 7.279424474533435 89.6100241539891 0
1719 1.141019946383862 89.90049420603133 0
1720 14.53362886331336 89.93536532891171 0
1721 14.76088047208879 89.90451112938705 0
1722 2.271160890067042 89.93894152463724 0
1723 16.21743060284802 89.74793915678289 0
1724 3.529322037107864 89.90858338521745 0
1725 4.516220946505081 89.83573562235549 0
1726 17.18084384086054 89.33132845949741 0
1727 38.51894640894584 89.04079684110093 0
1728 1.392934012328154 89.91203824640395 0
1729 4.651751427170562 89.87526354894851 0
1730 20.64188453717744 89.73391916627293 0
1731 23.75652745278452 89.96864237284132 0
1732 30.5073063572677 89.7067235973998 0
1733 12.30099388915954 89.93589039218126 0
1734 20.56022539359824 89.90372175613413 0
1735 9.122776027098881 89.84894432157428 0
1736 13.31443799852645 89.92773832377577 0
1737 2.167364871295547 89.60405299813767 0
1738 23.84311096453035 89.93996952130378 0
1739 0.4709642419946495 89.9294855079733 0
1740 24.60003026384035 89.89401388809058 0
1741 3.267120598935983 89.74067575341832 0
1742 10.78594612234449 88.98308548074682 0
1743 24.05368580337479 89.64764371589968 0
1744 12.89478737900359 89.87655647254533 0
1745 4.812405651743739 89.89948196577122 0
1746 10.63881463885056 89.71474711968528 0
1747 0.4932782057821874 89.63485364766642 0
1748 9.547662892943606 89.23059030393402 0
1749 1.436630376196071 89.68055510322478 0
1750 30.05596730569922 89.89915278568925 0
1751 7.390126861572216 89.93068369464848 0
1752 60.88591991170986 87.04877485126399 0
1753 53.40315561196295 88.23686847719999 0
1754 14.86782714606551 89.83643842825242 0
1755 28.01328786291092 89.9620194297497 0
1756 28.11757048814565 89.93276190426107 0
1757 19.56245480151914 89.731122917099 0
1758 0.7104083274048246 89.89564536908546 0
1759 13.49311072104818 89.92222132784637 0
1760 22.28333720086168 89.81406570845317 0
1761 18.23122527730516 89.86092491337904 0
1762 17.67883846308087 89.88514906515202 0
1763 18.39052802177975 89.94759254166068 0
1764 29.47315386331613 89.91581860802263 0
1765 22.81258363521237 89.9324990289313 0
1766 24.4950404900546 89.93038014891484 0
1767 4.772275493333013 89.96208323626449 0
1768 5.152324665669211 89.93690069614293 0
1769 0.5702309492292625 89.94053385787349 0
1770 8.332497548424445 89.92278979629998 0
1771 5.624721343646635 89.87842997418554 0
1772 14.46216277720171 89.78957809122761 0
1773 14.69183436326981 89.73888056087873 0
1774 14.22623958845528 89.58566439967534 0
1775 43.99452111055606 87.11252265531128 0
1776 18.87375192662366 89.08919171115568 0
1777 17.70371824673788 89.95268584038165 0
1778 17.04197733646049 89.95939985719212 0
1779 23.57263378486496 89.93838750579694 0
1780 8.869878277537447 89.91812758887443 0
1781 22.12988121797874 89.8005210298704 0
1782 20.21855883533639 89.95090656467515 0
1783 16.62359953801566 89.66664586104149 0
1784 16.39368815738673 89.74739703651318 0
1785 23.15477168599136 89.8629385403718 0
1786 19.38582576014539 89.8741131547806 0
1787 17.53236646753141 89.9492182770386 0
1788 4.930140799652316 89.82514974375431 0
1789 5.1030232104156 89.78546522568415 0
1790 21.00723236510728 89.74175775234123 0
1791 21.07145543304815 89.94697023112521 0
1792 9.717337257523871 89.76623054129388 0
1793 10.00396496056903 89.92332424235283 0
1794 12.84447879622399 89.72560076936998 0
1795 39.88255516499046 89.23443106412584 0
1796 41.26973241631117 89.10615452498986 0
1797 6.474547338705643 89.30384102719951 0
1798 7.964945503054865 89.90186784211392 0
1799 23.20787501882569 89.22211824667988 0
1800 18.33134090357512 88.85368200169802 0
1801 22.91622687533036 89.90715199155738 0
1802 16.81047407689261 89.95355805147369 0
1803 16.71458240418994 89.94455466617703 0
1804 22.06974745732538 86.92578862082691 0
1805 7.066761812998802 89.32649960173308 0
1806 2.495540069429946 89.88132780022136 0
1807 2.548766546427035 88.86048317155428 0
1808 2.551440973749338 89.43517878036056 0
1809 3.867260350594655 89.54860064631089 0
1810 27.93018709567383 89.94233091379164 0
1811 27.77329377762779 89.93881485694401 0
1812 27.67469736471353 89.65984347095407 0
1813 28.14947331184018 89.75848379465678 0
1814 33.54964313582835 89.1694840325533 0
1815 12.65551711254919 89.79089891755635 0
1816 12.50801627455768 89.88454987734131 0
1817 16.51747745779918 89.9575918342226 0
1818 28.51627978375697 89.59658316370974 0
1819 28.69534720908813 89.91555074488812 0
1820 22.59279830996847 89.83661935987139 0
1821 17.20850736592373 89.90474151092401 0
1822 9.860149689258625 89.48699671341831 0
1823 10.08661046666761 89.03964314275484 0
1824 10.1421940428331 89.54763904419838 0
1825 9.032710213562105 89.65118597861026 0
1826 9.81802192767096 89.90032901346403 0
1827 22.15324685790432 89.93203138226272 0
1828 35.85034690389083 86.37928105640431 0
1829 23.42205983845341 89.80736177738682 0
1830 11.78770276748656 89.7531209468827 0
1831 26.65776414222435 89.89568460349683 0
1832 10.74815546002027 89.89899410946718 0
1833 10.98340137751909 89.92800351180024 0
1834 10.88153878831717 89.90433560719514 0
1835 29.61433244590906 89.76016750077193 0
1836 29.56297625056735 89.55172831129697 0
1837 30.39988546030348 88.11607194321982 0
1838 13.22935993514811 89.94250974165681 0
1839 25.90032050167391 89.29182601459263 0
1840 25.82378947021236 88.60081406646123 0
1841 25.5572645295198 89.81381756441196 0
1842 25.4923644518932 89.92779493477885 0
1843 20.13482537124013 89.05506528164472 0
1844 11.5635708414368 89.81205272084314 0
1845 18.88220265416368 89.94415284953946 0
1846 18.80880586473915 89.81913346362406 0
1847 16.21839432042121 89.10094095344434 0
1848 27.46698958081431 89.93957776907737 0
1849 22.29623260831618 89.12970410041218 0
1850 12.71256469987456 88.95491958620839 0
1851 17.75056406646595 89.75675411237256 0
1852 17.56875949196051 89.83674337806808 0
1853 27.16281580005099 89.80529439338704 0
1854 28.92584652775607 89.51216947614513 0
1855 21.04015905712766 89.87694707861056 0
1856 4.31559240677183 89.25361970122299 0
1857 1.608369557952557 89.80457063384661 0
1858 7.342521988776694 89.81640875194482 0
1859 18.48057424211612 86.55927943521347 0
1860 24.40223762502992 89.5887222389762 0
1861 24.8867649329077 89.56353676105503 0
1862 24.55604103841168 89.39727939418509 0
1863 24.61185811247431 89.67386535840249 0
1864 14.81401739940966 88.92203536545087 0
1865 14.47394432036769 88.54921400232202 0
1866 14.06725373214184 89.82241833722351 0
1867 21.38483118682738 89.39178261338087 0
1868 21.03319409254562 88.93532108909234 0
1869 6.986597486298625 88.7686320090106 0
1870 7.75020850044191 89.68805374692192 0
1871 7.513168755188834 89.34945613435676 0
1872 9.408419986352982 86.89670921359907 0
1873 1.285222324409037 87.64481919875149 0
1874 0.213599814161948 89.6755987151794 0
1875 29.60274044954912 89.93653708681097 0
1876 6.375078763983131 89.90444819266163 0
1877 5.398053079498912 89.90695060457099 0
1878 4.220944903155464 89.92670772309738 0
1879 0.252334364730527 89.9252096021286 0
1880 29.20736670535568 89.86076088112667 0
1881 6.739438361823519 89.93658447055148 0
1882 2.440660283234315 89.93200398213708 0
1883 32.51317615129709 89.86109032089011 0
1884 25.06637174753124 89.8136990907676 0
1885 2.504728845768487 87.77276076599601 0
1886 31.86631703846842 89.66052338780652 0
1887 19.59124468099342 89.92604329985552 0
1888 25.01519435749263 89.93104838261262 0
1889 0.3679562990060444 89.82440308487752 0
1890 14.34896393970593 89.91622457189602 0
1891 1.027520292450171 89.90604836331218 0
1892 11.986926090097 88.98833868738267 0
1893 29.44970491457399 86.4663061195054 0
1894 19.72713122189065 89.37859418292381 0
1895 20.91766265849025 89.90005227742343 0
1896 36.63410913788699 89.4124315475437 0
1897 6.455146272458078 89.70736344184672 0
1898 6.198946437933376 89.93735975602677 0
1899 30.69718664278096 89.77725594457722 0
1900 2.974970863127506 89.88166054331106 0
1901 25.84100018922965 89.91085257365546 0
1902 19.49606649835899 89.92187989528918 0
1903 28.81765246488521 89.93486465425939 0
1904 42.17254246564346 86.11587050447052 0
1905 22.04714065281992 89.89266279581376 0
1906 18.98825409425538 89.95304559606826 0
1907 22.27099573584782 88.27160127193208 0
1908 13.89309137029849 89.94469350775616 0
1909 26.23392274511451 89.96549192838251 0
1910 9.624870566922366 89.90521370779938 0
1911 5.846632479847979 89.39944094455112 0
1912 15.41910576206974 88.87145093837771 0
1913 15.16233990959709 89.20375209227561 0
1914 3.101215497023496 89.91784105928159 0
1915 5.478579103382851 89.77853309566733 0
1916 19.08161066855859 89.5293250289664 0
1917 12.41597973842885 89.93828945741764 0
1918 31.46621181720441 88.20659982226383 0
1919 17.23737230978258 89.71839121815118 0
1920 17.55862233411489 89.57707236572307 0
1921 24.45269076678443 89.82074918181272 0
1922 46.29755811937394 86.54320754751971 0
1923 13.36691639260298 88.58555029043542 0
1924 15.17088645511765 89.9096497184165 0
1925 28.91301243789713 89.9611147051905 0
1926 6.428092920475265 87.73725370784666 0
1927 7.528403594927789 86.39472091203531 0
1928 10.36572274178249 89.73907174119458 0
1929 28.803979791471 89.77784810064392 0
1930 8.206562125308198 89.89192359556979 0
1931 3.567056668180648 89.44701035256854 0
1932 12.58083233719164 87.94448988421729 0
1933 4.333041054143905 89.80890577686125 0
1934 24.90643863610247 89.85892687693926 0
1935 9.261957647373196 89.77552068422581 0
1936 0.8159274037767682 89.41781571473985 0
1937 9.475556446093158 89.80162979751807 0
1938 28.34946811898716 89.90993026982713 0
1939 28.34000175095653 89.75728249166468 0
1940 6.97233287446126 89.90825312799905 0
1941 2.762246939854743 89.94156955565043 0
1942 2.589874909474333 89.94594920323185 0
1943 25.37750033900262 89.93798126054524 0
1944 11.61393155075919 89.93700434363258 0
1945 32.77769387287071 89.6568873583157 0
1946 21.5669018141078 89.96160977108877 0
1947 21.42087226282049 89.70232671432937 0
1948 23.80631059013422 86.6637111564377 0
1949 24.68316598630535 88.98044623638975 0
1950 25.24408228463387 89.89640428599805 0
1951 32.69725527283744 88.11060703614655 0
1952 34.83945372292634 89.161529959996 0
1953 5.720814846024404 89.91899039299771 0
1954 15.38999890895155 89.91457282636635 0
1955 15.44902472486747 89.74074968985254 0
1956 3.48500941412037 89.72968462001789 0
1957 23.91545682625614 89.84034380486139 0
1958 16.94797847924004 89.86286056555439 0
1959 22.47366219793103 89.9416175530542 0
1960 16.93832047530597 89.65355989443151 0
1961 11.56805367487001 89.55566254399342 0
1962 5.815559710132788 89.9262543903498 0
1963 21.85923020299725 89.44988942764383 0
1964 35.83698661965641 89.58143418511202 0
1965 16.07423164599026 89.55365911474975 0
1966 1.486766414727709 89.89363271253292 0
1967 1.306105667286753 89.89797525512819 0
1968 6.261164129894428 89.81376720660221 0
1969 6.753929911673272 89.61815381579532 0
1970 25.89043856965198 89.69935933907661 0
1971 22.58719774852977 89.94068100595818 0
1972 19.28865281492501 89.67223185837334 0
1973 15.42972833866627 89.39110849591138 0
1974 2.095889911744395 89.79260746174411 0
1975 2.300635926932482 89.69843207958877 0
1976 1.923988883520227 89.8481392904925 0
1977 2.089639203824647 89.3775546501878 0
1978 6.890289499786205 89.93558153653889 0
1979 24.78479631700895 89.93977579364685 0
1980 22.17626938923095 89.59859179907069 0
1981 4.893948220594472 89.60707928140404 0
1982 10.52109214428346 89.85454853809431 0
1983 12.19128200296491 89.88550280999327 0
1984 33.33313999515039 86.27499983161847 0
1985 30.88369537199463 89.06353701002926 0
1986 30.32233337818656 89.5097892636544 0
1987 29.89844908124373 89.62103175619517 0
1988 1.237694302836578 89.83638847793898 0
1989 8.983435309294878 89.9298614280027 0
1990 18.29788832403002 89.69553841556528 0
1991 24.2983636189642 89.79792375823649 0
1992 54.60414437864201 86.36180778231271 0
1993 14.91402818379155 89.92887052116086 0
1994 15.05544777076869 89.77859116103971 0
1995 14.87603325842954 89.57845068660934 0
1996 29.69687700419548 89.88962728921399 0
1997 2.680264849131976 89.84727037470685 0
1998 2.936132061759376 89.52389269895595 0
1999 14.58302246741525 89.4190015068619 0
2000 0.9339405520786025 89.7858379081983 0
2001 0.759081653179603 89.71427941181385 0
2002 18.3063486324893 89.93908608488918 0
2003 16.51821566019103 89.86096371780557 0
2004 16.59947069793378 89.94564082252143 0
2005 11.85849230922873 89.90249239202218 0
2006 12.01399365387684 89.84069649409039 0
2007 17.89344450919221 89.9506145063733 0
2008 29.80479204523138 89.82087323788137 0
2009 31.39426535522661 89.54810047394008 0
2010 31.91978249090001 89.03958070633317 0
2011 22.77352359036112 89.78579069801451 0
2012 13.57081898373949 89.80927942073843 0
2013 13.45516385521631 89.59171758533709 0
2014 4.85744304025152 89.96774398115703 0
2015 5.039285269590266 89.92692591819524 0
2016 27.75698933545018 88.76245661413977 0
2017 17.67200458957882 88.98196500831897 0
2018 29.01744777672222 89.80323723751702 0
2019 29.00674846020561 89.93911554113721 0
2020 10.1295985482745 89.94960003246163 0
2021 19.3392053733034 89.3733424591599 0
2022 19.50163080630337 88.83958905644117 0
2023 21.8182022965692 89.77416881706499 0
2024 8.473584033365773 87.8669408841303 0
2025 9.349229665208862 88.46147826342231 0
2026 10.38465978071615 88.02817076534355 0
2027 20.01860381565733 89.89360359594396 0
2028 20.05006580241889 89.64386661026477 0
2029 4.92651907343284 89.93655026814629 0
2030 12.83656508599082 89.49995841476321 0
2031 13.39067135035839 89.82631890423271 0
2032 5.77549674558347 89.76890398504896 0
2033 5.092823460717048 88.0466306566495 0
2034 7.738701113785839 89.89801437388716 0
2035 8.0860699068875 89.93948262922495 0
2036 7.846148292410074 89.87088219850266 0
2037 18.48795096969158 89.40566229064721 0
2038 17.9441261081068 88.05700212597075 0
2039 6.041584454197235 88.70499758054841 0
2040 2.370901202104586 89.94022559218786 0
2041 2.513464786218075 89.72382144050216 0
2042 27.67755252411659 89.93783500455943 0
2043 27.8778431349767 89.7087094202486 0
2044 27.56543745455164 89.8305938711774 0
2045 12.43902614848076 89.7146998632234 0
2046 28.31013418534135 89.48415563537664 0
2047 22.8894189193159 89.56036647505664 0
2048 22.7130329880523 89.87154178333654 0
2049 21.29260330382731 89.79883599869517 0
2050 8.556587483874067 88.89526580589114 0
2051 9.920846294044441 89.77654076648254 0
2052 16.18835820456648 89.91880759135243 0
2053 15.84193748922309 89.74086070368847 0
2054 16.05140710857533 89.85826578140845 0
2055 8.267531989710527 89.96911889864496 0
2056 3.22840517564107 89.50900179599167 0
2057 23.78588125388435 89.58717636265146 0
2058 23.42366633971292 89.56304568050753 0
2059 23.58082746127553 89.79596498645661 0
2060 23.78541175785911 88.51768265241581 0
2061 11.99148424979478 89.5518328455547 0
2062 26.2312471888725 89.83173818314982 0
2063 26.5386643926739 89.80043265663853 0
2064 10.96880953099547 89.75011984689287 0
2065 27.90285438605281 87.7009828968208 0
2066 25.99171052664999 87.09835810992526 0
2067 27.50592623601964 85.82966118298387 0
2068 14.14484755947394 89.13304895542869 0
2069 13.89973958612621 89.61068127204462 0
2070 26.82825239994344 88.54689129023309 0
2071 25.5636298629327 89.56815913823506 0
2072 25.22505747234255 89.28478405775321 0
2073 20.07248404834069 88.1665197544847 0
2074 20.15669708709082 86.42032428503617 0
2075 6.176075556363481 89.63408528882645 0
2076 6.090181375987415 89.87264204830851 0
2077 27.14929857780146 89.93758030846395 0
2078 11.43475621173812 89.92645158703327 0
2079 11.70969255242147 89.86256733408173 0
2080 18.77534030768089 89.94941796428218 0
2081 18.58056331342218 89.92604247606994 0
2082 18.56532927206492 89.75964523074981 0
2083 16.12546850270324 88.15540789045076 0
2084 27.33746446217737 89.93663298488345 0
2085 27.34772529588455 89.80904994424655 0
2086 11.29864566809287 86.5068478939161 0
2087 18.01221409558151 89.4882131094022 0
2088 17.92121871668372 89.80228637089023 0
2089 26.18366234256993 89.57622567411934 0
2090 27.19354259698997 89.63441637589192 0
2091 27.24568699075291 89.88818817311989 0
2092 26.75948106370465 89.26861053509214 0
2093 26.99089246397478 89.78244845994709 0
2094 28.70643278776439 89.21718456221524 0
2095 28.69813422505902 89.54439581253708 0
2096 29.38637502528364 89.78392408308559 0
2097 4.841511019661631 89.11364962317025 0
2098 4.196374197769848 89.56688338942595 0
2099 8.611507700645156 89.82562909052119 0
2100 25.23454451232566 89.65575428612385 0
2101 24.1135120217001 89.27643293619471 0
2102 24.2735819692 89.59202517162288 0
2103 24.74877719679631 89.80948939989462 0
2104 9.288372985472805 89.54530110142258 0
2105 13.84816344487945 87.89917356178717 0
2106 16.60570466986257 86.64339952778315 0
2107 20.88833274981274 89.48172606003816 0
2108 21.19282352053991 89.65637213256049 0
2109 21.62611539417172 89.64651320996455 0
2110 7.510041806158874 89.7202877004114 0
2111 8.069037095303846 89.43724523040193 0
2112 7.548169645083424 88.00242814419715 0
2113 1.143599459083896 89.72081369214051 0
2114 1.200449314913175 89.39061521167059 0
2115 1.110484547606666 88.85226175145954 0
2116 1.713838804150953 89.17529867819745 0
2117 30.84841815200328 89.89006679216153 0
2118 19.20928814988908 89.93823331890943 0
2119 9.898517424773875 89.92036260465495 0
2120 11.43649771320163 89.78904398732246 0
2121 13.72676582457766 89.75884090241846 0
2122 20.58852363673989 88.68865465721841 0
2123 4.575077440667125 89.9421998342608 0
2124 4.662068080471409 89.69202110834976 0
2125 4.783253911738418 89.7826630165724 0
2126 17.42758044496801 89.80091280215105 0
2127 30.64975374480232 89.54627061789571 0
2128 18.98737926978033 89.73390107413285 0
2129 25.2905777684309 88.76865371207425 0
2130 1.950997342235609 89.67056580133179 0
2131 24.87159474037182 89.9641346389823 0
2132 5.145895780653372 89.55939858592753 0
2133 12.22031168675423 89.96490944389235 0
2134 29.76344372370722 89.93112929786443 0
2135 29.09761519366714 89.92062273195617 0
2136 12.59731344012758 89.6437307050094 0
2137 5.617153713724134 89.6570228447721 0
2138 12.35021302962787 89.81875179964447 0
2139 21.39045911457195 89.89704552104607 0
2140 23.6568163428654 89.2127770201982 0
2141 26.359494795466 89.74368108232443 0
2142 13.61990124030805 89.28116194169003 0
2143 13.6513244836199 89.6077161018666 0
2144 5.945156161427474 89.69945877956157 0
2145 11.52766214162866 89.9351017303018 0
2146 18.6801577470073 89.90896010735321 0
2147 18.8011998808546 89.5623476633865 0
2148 27.45865877115917 89.59503439843242 0
2149 26.32934160938683 89.14248833815664 0
2150 27.04940337951198 89.9086831291706 0
2151 28.40066884267578 88.70335496543063 0
2152 7.645985622588299 89.81975114070239 0
2153 8.086292341090463 89.782586966891 0
2154 7.857857416519095 88.71999470133132 0
2155 16.64950066820204 89.85073381098425 0
2156 13.09174650153604 89.96401482835991 0
2157 7.305991695674915 89.93536780364536 0
2158 24.27116473595582 89.92900365139101 0
2159 20.48542227843775 89.77803203358705 0
2160 10.82511456852194 89.75323178220576 0
2161 28.13450619774177 89.1436157688163 0
2162 22.97521498156965 89.78332392043723 0
2163 3.209248695685722 89.22054923765288 0
2164 18.10266497946812 89.78460024295141 0
2165 0.9757590363298091 89.54820482809329 0
2166 23.48567652832825 89.91334212897614 0
2167 24.89682768326532 88.104944322284 0
2168 15.25094473376932 89.80319739207101 0
2169 18.9509457095775 87.97299003267689 0
2170 4.668895999767555 89.44727005690521 0
2171 19.80560443354915 89.69133116296041 0
2172 2.690902183175771 89.65035327727954 0
2173 5.42081303913884 88.97418713803302 0
2174 9.579574368802891 89.5589793369605 0
2175 29.3007687384614 89.27918620745713 0
2176 7.202778374744526 89.7821840178693 0
2177 26.57272555081193 89.94410560072096 0
2178 19.149947957806 89.74016321654996 0
2179 2.121776694113617 89.91755679704355 0
2180 11.9595891647524 89.94151776544197 0
2181 26.43392952468989 89.90953695000117 0
2182 26.97932456308068 89.54860923444237 0
2183 13.94438955192025 86.35454234854298 0
2184 30.29644115793623 89.92245213615723 0
2185 30.60510113487352 89.89088687176032 0
2186 29.20786328631351 89.62508892210512 0
2187 0.8227090448938067 89.88880989767559 0
2188 13.19820096774549 89.67608597802091 0
2189 29.24109191049115 89.95886102143139 0
2190 12.20350693537986 89.71947814442471 0
2191 26.48630302939975 89.53969398245194 0
2192 33.19961533419445 89.673292235381 0
2193 0.5431799638554429 88.6053991693247 0
2194 13.24980504431673 89.85024421833268 0
2195 1.8533976400029 88.4864400542973 0
2196 12.98568791034897 89.76637929608317 0
2197 30.43588107312145 89.89767280940062 0
2198 10.49412795892125 89.9406498427048 0
2199 26.5053112534705 89.93882271782543 0
2200 7.931651871646045 89.73735722809292 0
2201 15.7499694796799 89.37451387196803 0
2202 22.7517948835569 89.25149107702548 0
2203 18.13532166284594 89.92981049628446 0
2204 8.540427261440785 89.44788611399065 0
2205 9.011890873669481 89.26879508685701 0
2206 28.57830522059583 89.92631113118016 0
2207 13.00895649616607 89.92628950068868 0
2208 29.93317704769752 89.07440965224309 0
2209 22.52522070343302 89.60021447948758 0
2210 15.63062384758718 89.61523542963577 0
2211 8.510991919553447 89.70968908501889 0
2212 33.92508604859903 89.74332243355286 0
2213 34.24371371959578 89.40364563612864 0
2214 15.93318857154488 89.90546664616404 0
2215 12.38872237705843 89.45370025655423 0
2216 3.679409015886024 86.85865588856042 0
2217 15.06946270863382 87.74553137821063 0
2218 16.92128361144169 88.5128430087267 0
2219 8.456764026100533 89.87670584341076 0
2220 0.4537814193118591 89.23301274143584 0
2221 29.16413105312551 88.37952307384896 0
2222 22.43839072585292 89.82508661799666 0
2223 20.13366489947634 89.8836203061062 0
2224 76.70850769385622 62.65002232326851 0
2225 0.4088058521707805 90.099302475692 0
2226 0.1455055824423018 90.08995441606692 0
2227 105.5657981189305 62.76680213085324 0
2228 76.2857526471184 61.02833838113899 0
2229 0.7514984040976849 90.29503490099509 0
2230 101.9710816004932 72.66874072488763 0
2231 93.48613908953833 73.32476123098932 0
2232 85.76251863629302 69.04719393466598 0
2233 76.66026894419542 67.82399412080507 0
2234 77.40656412748767 73.16300857181686 0
2235 84.27259655385109 73.68223692472702 0
2236 79.91909766166965 78.07925708862507 0
2237 81.60979075912455 69.14701202273946 0
2238 109.1373822420781 60.9468022636897 0
2239 98.01627692633087 68.46236045123221 0
2240 102.3257083046411 61.24457599194884 0
2241 43.70563765395387 91.93496775308157 0
2242 3.318549571251977 90.15540774591186 0
2243 65.09413754123038 92.73877171450739 0
2244 49.47592994916071 91.27526400405668 0
2245 8.645946316632608 90.26665661459941 0
2246 0.367396581857945 90.04585306511069 0
2247 21.35248836230186 90.38239300155892 0
2248 250.2927626498577 221.9583649011939 0
2249 119.6169666846684 70.53317296630806 0
2250 106.4775313837679 64.18095524605991 0
2251 119.8634024993009 74.64819516157196 0
2252 88.42499231950217 75.73521082963306 0
2253 82.81810390075523 67.79664903650607 0
2254 82.58117109575169 71.35611517633875 0
2255 109.3641919688666 62.35462711052836 0
2256 5.593923277445848 90.46817035464201 0
2257 107.8287494027837 61.18489840347397 0
2258 98.06266643593587 62.86635750742605 0
2259 93.76009536034701 65.61913945869433 0
2260 87.15393605674728 70.79495339847254 0
2261 89.03073940865444 72.618529467917 0
2262 0.9205334905647496 90.07994378764374 0
2263 9.170285857994118 92.34134491437534 0
2264 88.35939357714913 66.35618761571011 0
2265 92.98543005945923 69.51360625007899 0
2266 89.37830407229929 68.04130850473474 0
2267 96.31746030460313 67.91954616473176 0
2268 109.3864403992645 65.06597196368268 0
2269 113.1254394952955 61.01619982842573 0
2270 2.36446741150392 92.33298799101559 0
2271 173.1633429321869 227.4170985432814 0
2272 123.6580882798771 64.02113039063092 0
2273 78.19438399603165 61.33746053455214 0
2274 78.70190255521869 65.93604870169649 0
2275 81.02383300759324 66.55144487759978 0
2276 98.22570508578849 61.3242973471042 0
2277 79.75834997599532 74.84821007166653 0
2278 19.33769381954011 90.31796434434901 0
2279 3.165848789996454 90.07101439959813 0
2280 54.90435637619389 96.4481584879665 0
2281 6.382698488020575 90.05696677615408 0
2282 4.756966621124659 105.9684331162617 0
2283 1.327249953886956 90.04690968212253 0
2284 2.52866456140865 90.05143912590185 0
2285 1.01878175132531 90.06508752159714 0
2286 15.99487832821825 90.03747024226817 0
2287 51.39815701839636 90.21111459810463 0
2288 2.113934644254629 90.03974117652199 0
2289 0.5077138625702372 90.07069426748819 0
2290 4.527143849046454 90.07381223937965 0
2291 9.799903954964652 90.05909607546371 0
2292 12.93478888291442 90.04719119309082 0
2293 99.77584926070521 71.61609477951825 0
2294 104.0041561881505 73.59440332773599 0
2295 97.7635068223254 75.32282337940978 0
2296 92.48761909826554 104.5425874472082 0
2297 101.8422697425274 97.77666281480492 0
2298 90.39841219983667 78.11281612427335 0
2299 105.8084956457301 66.08679157529083 0
2300 101.2442455831751 67.32993484435522 0
2301 116.8933915277892 69.84168429162119 0
2302 83.70329204580469 69.36823026790837 0
2303 84.85766496594792 64.34804963302631 0
2304 107.305243251205 62.51987302485907 0
2305 90.97641528008182 74.55047376801186 0
2306 22.89752276266467 101.2428266942379 0
2307 102.8175617384381 64.46980796376165 0
2308 106.2563355403258 61.26497745787002 0
2309 4.849480680366152 90.04453231098339 0
2310 28.13093516788562 90.12590728476549 0
2311 116.1637521392199 76.09584413051637 0
2312 78.11201505150622 83.08597098877625 0
2313 104.7164102920534 64.31432547708015 0
2314 112.0843393138043 61.1795737005633 0
2315 3.203601211062018 90.21044595893939 0
2316 17.24141870670151 90.19268415501445 0
2317 8.137727804065849 90.13138562570164 0
2318 5.113760973202507 90.24051467493543 0
2319 4.865730334919424 91.05289014759568 0
2320 50.92642447461635 91.48568143081501 0
2321 6.634430270260069 90.06610839495833 0
2322 21.60889260931177 90.2929743254272 0
2323 4.875535693722709 90.16843093281425 0
2324 76.75564075070361 64.96457118801827 0
2325 88.41321396940913 64.25822504944189 0
2326 8.735443616274518 90.71752540149134 0
2327 178.1706819919526 88.54927906492945 0
2328 201.1391911802102 108.0442137432688 0
2329 97.63275449996713 72.73894856791036 0
2330 104.3220897634605 109.0472791867294 0
2331 111.2942875223848 97.53062488559817 0
2332 12.34389128701653 90.63584429272001 0
2333 129.5972530879817 64.03547157503193 0
2334 131.1550682153948 65.0304291793769 0
2335 82.37823499355828 79.16254549740296 0
2336 90.48040277396473 66.75747476887653 0
2337 95.93450798616672 65.6890805649975 0
2338 84.95091796741795 71.18648850185778 0
2339 86.61172699942421 73.42686564194389 0
2340 36.26353192665923 91.97587127983006 0
2341 36.65593097468043 90.31013147791887 0
2342 89.44327090777681 70.01737921741604 0
2343 98.29035707468518 64.93454663871002 0
2344 7.744774004368772 92.20705992718503 0
2345 115.0454461213372 62.45711723853282 0
2346 114.3533762875442 61.04390178034031 0
2347 22.55684316888727 95.53600140523915 0
2348 153.9080928210795 165.0346330258095 0
2349 120.1140180016492 60.71432982922506 0
2350 117.8616240672908 61.34045347836374 0
2351 145.0847083366868 61.38435907845436 0
2352 28.77396788627482 90.13230422531853 0
2353 12.33136861116506 90.12043196336364 0
2354 12.26381844405879 90.04845292309403 0
2355 5.196384149964324 90.0726737833313 0
2356 3.011906816695564 90.16188570936687 0
2357 14.63365898553495 90.08929744505929 0
2358 3.063187730672593 90.06508547763453 0
2359 15.77264435199876 90.06297953893123 0
2360 9.974575601312145 90.53584348931267 0
2361 10.25033020207533 90.04616665803439 0
2362 6.53632732944932 90.10721773594595 0
2363 6.293602956221797 90.07408986529549 0
2364 13.89992159406237 93.13586007846331 0
2365 61.79993471842926 91.73917482302608 0
2366 1.24606992213624 90.06860075657373 0
2367 7.993966938465425 90.07203665517314 0
2368 24.61302997057851 90.0438003240837 0
2369 24.44527983241013 90.05359932956645 0
2370 14.74407469861167 90.04053592933568 0
2371 15.83040256392381 90.31039138439924 0
2372 52.79073768480345 91.20323846561075 0
2373 25.22749478291134 90.09566674071971 0
2374 15.08955591193398 90.0609186984853 0
2375 15.23831281592135 90.09066079469785 0
2376 0.439277830819009 90.04414030560174 0
2377 0.5912085051561852 90.05521846472885 0
2378 22.25654183970134 90.06753685484573 0
2379 33.03225149541184 90.60206423694071 0
2380 6.683373005893033 90.42011084569864 0
2381 52.3070022949836 93.53966040490957 0
2382 50.62473314880237 96.39688206937414 0
2383 13.73485387343081 90.2333610278281 0
2384 13.99333113855963 90.05750158116041 0
2385 13.13778768366629 90.07090244025187 0
2386 21.49109111774954 90.07021395542793 0
2387 29.47161410877608 90.06934614713968 0
2388 89.06438430162163 63.05080133594763 0
2389 1.596921311765072 90.07418731280295 0
2390 11.8164901297242 90.08399868299362 0
2391 4.694996519308587 112.3920538163917 0
2392 122.2028219565713 60.85778907733359 0
2393 143.2296816277763 61.09213393334981 0
2394 3.23209160389102 90.05277358402238 0
2395 17.44836688688694 90.18024261072924 0
2396 8.267887247083646 90.22592653038123 0
2397 13.78682302678645 90.06315884488551 0
2398 100.0315846774468 69.16376357000122 0
2399 129.4067514844932 62.24939560351603 0
2400 9.481750968155442 90.32095386408511 0
2401 9.450988009806329 90.12550203160205 0
2402 92.21627943957175 164.1554517236644 0
2403 146.6003187634137 60.83262447021018 0
2404 24.55868797978443 90.33302707105227 0
2405 3.580239925288884 90.09220543897443 0
2406 21.41621960049049 90.10433744737963 0
2407 28.52848633425323 90.14072994175336 0
2408 28.22413212168133 90.1330677223165 0
2409 5.301869609837591 90.06550178635926 0
2410 1.555414438558961 90.01381990016702 0
2411 16.97627016435135 90.47513963713702 0
2412 10.3390139748154 90.45184450276334 0
2413 10.87370211326624 90.05809248403499 0
2414 8.289466323427629 90.03762921282801 0
2415 24.50155455541833 90.11777641792551 0
2416 24.98689014267666 90.15743576318735 0
2417 29.92324687328396 90.22079123379584 0
2418 21.54139490182646 90.48772455121001 0
2419 7.478498273322529 90.08711970954278 0
2420 4.602764884539818 90.07652449019308 0
2421 14.18319324312175 90.03780150577718 0
2422 13.91641829545574 90.05704724227269 0
2423 9.797622513717235 90.12793832007067 0
2424 21.34705677065401 90.18708770339833 0
2425 21.4659624213922 90.15370257563862 0
2426 11.39259833168543 90.05696549216333 0
2427 21.47903730839184 90.27336422120781 0
2428 101.7044228136978 68.67031334351343 0
2429 121.5850666527915 66.3366156765815 0
2430 106.7902710714439 92.14881970305446 0
2431 79.22013889710668 68.61924479774173 0
2432 13.10875213780973 90.29304227021569 0
2433 4.754202178220335 90.21017543031599 0
2434 0.2285451987152941 90.06394471521101 0
2435 29.91553004133023 93.87705713740991 0
2436 8.106536585755402 96.29476673134339 0
2437 77.20276235435666 70.77387663849301 0
2438 9.788749798146389 91.83535918254078 0
2439 101.8409715937723 70.32750072650613 0
2440 99.34564464878611 66.98689445470895 0
2441 114.7795638384945 70.68854455216783 0
2442 118.1008928415483 66.59446587695817 0
2443 5.748737720872196 90.59506520842915 0
2444 6.065507954404088 90.05193903321086 0
2445 6.163880494957029 90.17753471307631 0
2446 15.97392537544843 90.28854260546564 0
2447 105.3606729448706 76.04631456949228 0
2448 119.7007303896892 67.69488623859469 0
2449 110.440848022352 63.94410736862417 0
2450 132.1446932430657 61.07931748226051 0
2451 132.4449827169274 62.71769339073451 0
2452 77.34275502309532 76.54598245363384 0
2453 104.8882807221508 61.21871559583792 0
2454 4.937249811996032 90.06114317472745 0
2455 19.32947217905112 90.23869590955388 0
2456 8.577381820541582 91.35261806803445 0
2457 4.0345633053477 90.6993755051062 0
2458 17.35220511423175 90.12044044592645 0
2459 5.387399176583354 90.24272229869187 0
2460 8.230457610416533 90.15016275225972 0
2461 8.550578652324029 90.20190624865036 0
2462 49.73234141377939 93.40613951940757 0
2463 21.87835236659106 90.26908536493147 0
2464 13.81846141245279 90.15067309166905 0
2465 10.03394097001151 90.31916538210373 0
2466 5.701102757539471 90.39203533855975 0
2467 0.2265520859976044 90.15319070041234 0
2468 0.06905124630361556 90.05011421682569 0
2469 92.950906865817 76.2979402542621 0
2470 99.77071053337265 74.12480292785811 0
2471 95.57434100655222 74.68605072161888 0
2472 120.8943279535427 63.12839441929864 0
2473 111.1026972627466 65.24710397519674 0
2474 119.4482093768403 61.93514239503133 0
2475 129.4654666111655 60.96667364822395 0
2476 130.6551408247516 62.9540278222499 0
2477 96.47092511509847 63.56539579312776 0
2478 15.32643003548009 91.09203549791665 0
2479 54.78390123508953 92.35164372904188 0
2480 19.31444776569794 90.87041056411907 0
2481 12.5468631523462 90.26207564642942 0
2482 91.11558869091085 68.91842783263958 0
2483 92.89039836461156 67.51531894047191 0
2484 35.34389826138513 98.99101024021229 0
2485 19.57762380980548 91.85186144504507 0
2486 1.11991521446402 91.67317743486315 0
2487 9.168521257277966 103.736196114839 0
2488 57.4773122555914 115.0365041335981 0
2489 116.1645035962856 66.08684669223257 0
2490 11.89375669862318 97.30194871605865 0
2491 13.0299253824155 95.79197673303193 0
2492 23.78466203310908 94.53333043996436 0
2493 122.583693471575 68.8250310021614 0
2494 122.7628899039728 62.39000772831926 0
2495 80.10348773812795 64.34034529683994 0
2496 147.8545340956332 60.7581135033088 0
2497 28.78548505552663 90.05473485502581 0
2498 12.40645834406466 90.05413046691343 0
2499 23.17013284164005 90.09644380373091 0
2500 23.32333940385866 90.06848677872348 0
2501 24.57942537896663 91.54551310225844 0
2502 25.88863199303788 90.87250756044435 0
2503 9.062986621742448 91.56466105107674 0
2504 20.778146757052 90.1268354139966 0
2505 28.51080655968421 90.04909340162015 0
2506 17.33200219844484 90.40880397462705 0
2507 4.70401346174401 98.76468993406252 0
2508 16.57758100964065 90.06774896122333 0
2509 28.13311882163194 90.76998062763629 0
2510 17.32278691715721 90.05296636901323 0
2511 2.19887261715082 90.06092945616911 0
2512 10.8754466145919 90.15552536349468 0
2513 8.228030284935796 90.06600725376977 0
2514 8.085263854471968 90.06899601628827 0
2515 24.71710134345958 90.02313282460389 0
2516 24.53970894831183 90.04872494969545 0
2517 24.38859848219024 90.04309794550589 0
2518 12.01957487261233 90.01681506735484 0
2519 5.758947186908077 90.10360346222365 0
2520 0.6004596460392336 90.14252259978322 0
2521 9.441812030946586 90.04302394164931 0
2522 29.17673420120869 90.45275151454128 0
2523 29.32595094404839 90.05240112940386 0
2524 25.24779235004914 90.03711620978869 0
2525 9.125965270921208 90.26157750239317 0
2526 29.38280735991515 90.36007110162022 0
2527 29.65944484945643 90.21633700980641 0
2528 14.91589535768212 90.0806009595574 0
2529 25.80541499794711 90.05555492683489 0
2530 13.65006601428601 90.14146568647818 0
2531 13.40422995662675 90.0788275161146 0
2532 28.21831868405117 90.04323396035436 0
2533 8.708316972156508 90.04636099536043 0
2534 23.12405696661546 90.04399350755017 0
2535 26.85500440108079 90.02673146809745 0
2536 19.05286449752296 90.06285842257175 0
2537 33.92269163014215 90.62165742999392 0
2538 6.779662858826943 90.60615456866761 0
2539 6.709437637525884 90.23754003877565 0
2540 7.898480300830616 90.06696141710675 0
2541 4.68479743816882 90.05249228818798 0
2542 20.71765735041405 90.05433503645895 0
2543 20.79678557661692 90.04477237141509 0
2544 13.92877146744054 90.14525993280988 0
2545 14.08520911463635 90.05067274494351 0
2546 13.03744358423631 90.05313924491747 0
2547 21.78970369973355 90.06848407906666 0
2548 21.6296142420922 90.07261243476982 0
2549 11.31431549027089 90.0399711403539 0
2550 16.07640419344771 90.06885371221064 0
2551 84.84649866856127 66.78688637138893 0
2552 4.197885909487554 90.07357633407891 0
2553 103.7723658713087 62.57246159145789 0
2554 95.8262141205787 77.6122451530873 0
2555 83.15489807241015 65.4911323809096 0
2556 103.5891608168856 61.02595215235704 0
2557 57.23277601054304 101.1875171868493 0
2558 27.37383176459154 90.07921150084148 0
2559 20.3245116793752 90.05001448171524 0
2560 4.365966049218836 90.06499432322168 0
2561 16.30586871390781 90.03518878578339 0
2562 108.6628069892665 75.43144247786843 0
2563 21.43600008303991 104.3763778816054 0
2564 22.38796234400937 90.17915042286215 0
2565 19.20094590444607 90.38064033289568 0
2566 15.34196158056538 90.06343363742575 0
2567 15.70020625287216 90.03776770350703 0
2568 1.508632434192962 90.05907324410349 0
2569 15.16161587107879 90.04715017652718 0
2570 28.07839391050995 90.05935421537686 0
2571 7.071949539961802 90.4374499546948 0
2572 13.55618000891232 90.08035535210755 0
2573 21.566087480944 90.15554698176682 0
2574 29.0054575758265 90.31972533643604 0
2575 6.195176276574656 90.81193104778863 0
2576 93.35448350467698 61.21189560620679 0
2577 116.5833279677176 72.33355678569133 0
2578 19.35323821459444 90.05277677741411 0
2579 1.418077527945441 90.08917925556902 0
2580 24.1999554344155 90.07766822830665 0
2581 15.94352200807931 90.08644113836444 0
2582 15.79299189953471 90.17189493571415 0
2583 0.1092181237584759 90.21654881981519 0
2584 103.9895474410161 70.8989249303426 0
2585 2.051925348759462 91.6403658606273 0
2586 149.6632457903305 61.75486511679415 0
2587 147.0160670846628 62.41941391688644 0
2588 100.7597675381085 65.33961683344468 0
2589 12.3356207127344 90.03468250198875 0
2590 23.23584447197013 90.05025775291985 0
2591 23.57389628876575 90.03445602935962 0
2592 24.96179804948693 90.07571535454265 0
2593 22.43167962643883 90.06013620213442 0
2594 15.69499518421741 90.1233373680497 0
2595 21.27965928454937 90.08757582195646 0
2596 20.82321196266136 90.36548696193468 0
2597 10.79549313798901 90.1033737412214 0
2598 24.74911961026464 90.16157606253769 0
2599 24.78732149094659 90.06936385854559 0
2600 11.96075826103718 90.06755512201603 0
2601 17.17394700700416 90.04698847320667 0
2602 29.39862598164127 90.04627250070378 0
2603 30.20796816030801 90.0723532638592 0
2604 15.00297003413156 90.06693612974203 0
2605 25.63154195821672 90.0534052591086 0
2606 22.17725982692358 90.03724886860523 0
2607 27.18394332745353 90.13808427293785 0
2608 21.55693928261171 90.04904528168569 0
2609 6.278256098046843 90.55884215795854 0
2610 94.24889896160947 70.97909562497678 0
2611 107.3886218229797 79.93795676149217 0
2612 80.16236276152767 62.53888382506887 0
2613 5.528872872694768 90.66913165966689 0
2614 82.06883203444397 74.01829634136207 0
2615 79.91768476601207 71.50511439840362 0
2616 7.595981702307737 91.55257612818257 0
2617 9.516753082153775 93.31805592705332 0
2618 116.6195965409425 62.09674388131048 0
2619 130.7662525221104 61.65028511517454 0
2620 87.66399241012321 68.57902066389597 0
2621 39.65992225660602 91.65931112882699 0
2622 10.1884628887076 90.06088457236854 0
2623 11.88175728783564 90.06258284322963 0
2624 12.89470488255294 90.1183421098487 0
2625 95.27744341821138 83.5964499000542 0
2626 121.0999419955407 61.50445444841804 0
2627 127.9942793679189 61.36404012623176 0
2628 6.615552722147279 90.17881734119823 0
2629 22.14534200880828 91.04380900562927 0
2630 14.53658393598864 90.065223260693 0
2631 14.97740080789983 90.17821238150628 0
2632 9.898331495534661 90.07076081370406 0
2633 9.985676724730853 90.04372955179555 0
2634 3.488523034833532 90.06959502689035 0
2635 3.310990654776087 90.06689917450447 0
2636 3.411989848393836 90.09008934811342 0
2637 28.28912477133251 90.05573777968806 0
2638 28.15836097550726 90.06798672848456 0
2639 10.77250994389993 90.03965630109495 0
2640 24.50869646699298 90.21801156677938 0
2641 5.557469547442106 90.06414007972455 0
2642 21.86540262454628 90.13530162393424 0
2643 8.6492264663997 90.05898445343392 0
2644 22.17003734633038 90.14282429016215 0
2645 4.54799200980047 90.16413491292889 0
2646 14.06061720132086 90.15550622236917 0
2647 14.18417498117795 90.26623056458541 0
2648 3.023324113205272 90.93727505638208 0
2649 7.325582672947278 90.09673765297025 0
2650 114.8678822852074 68.2300531621829 0
2651 0.3100928607083937 90.08991932931995 0
2652 10.44373868067546 90.17060187876558 0
2653 122.2177487583753 64.35489896157354 0
2654 9.975333938355217 92.60357352124799 0
2655 117.93224263273 64.85880600993519 0
2656 5.979302059320719 90.04676403129538 0
2657 35.38227933559042 90.47495502837616 0
2658 99.00583613208164 88.85706485312483 0
2659 117.4457590263447 68.27539380342161 0
2660 23.9637754329609 96.47739728763955 0
2661 133.6906907341986 61.45929883681033 0
2662 24.26810145865068 90.42016444802842 0
2663 19.14042886636646 90.13425383677659 0
2664 19.43364158807807 90.0598705412591 0
2665 14.3234085186991 90.42382302071435 0
2666 14.3475864603931 90.26366963915403 0
2667 17.24813047195951 90.0901640851131 0
2668 8.259114018907505 90.37487926371584 0
2669 8.125243045140838 90.25315369767883 0
2670 5.251188160488574 90.170714605697 0
2671 8.663553135995114 90.13201396409738 0
2672 16.12661094673673 90.18805089052906 0
2673 16.16732253435294 90.06276545441976 0
2674 21.73812547286446 90.37304937047628 0
2675 4.470462452748505 90.13855358628086 0
2676 9.626326723457774 90.99700650218392 0
2677 29.27731000146121 90.15416709690608 0
2678 2.586432728929935 90.96381581471772 0
2679 0.2084774493878968 90.53722547698845 0
2680 106.257487808958 72.80229054960078 0
2681 1.51975454447444 90.42530700044601 0
2682 119.4477194725378 63.87875349247068 0
2683 120.6165389994089 64.73933361796728 0
2684 109.6131975082123 66.55540469114703 0
2685 10.48804482097125 90.08144381198473 0
2686 10.32192156099748 90.05020935028676 0
2687 6.376746193980726 90.14835623717153 0
2688 15.00214163722115 91.34390634010315 0
2689 15.58685985541631 90.5423169884068 0
2690 14.9797162472947 90.60233104105608 0
2691 120.8179530374641 108.412296488358 0
2692 9.537769970414578 90.18886437637568 0
2693 9.736979470563629 90.05934127208964 0
2694 8.67453487024596 94.52678093451786 0
2695 123.8910307784457 65.39027862700343 0
2696 81.64177313334186 64.05215620870007 0
2697 102.2532851418039 62.78760864555882 0
2698 28.85351359241768 90.03376582448989 0
2699 12.47667212643593 90.04225405340688 0
2700 23.69547396862385 90.07550390740964 0
2701 25.07416782351028 90.07723369585688 0
2702 18.8901872340967 90.11209775901715 0
2703 25.22674344530548 90.29950771984632 0
2704 4.336890438601019 90.13987563337828 0
2705 4.833504284319696 90.70254887966827 0
2706 4.572753976532797 90.80939621069234 0
2707 4.764224599953662 90.47063357639948 0
2708 17.84358621988546 90.07739845641203 0
2709 22.57809478093998 90.07535032225894 0
2710 20.59770596001377 90.73179598490377 0
2711 22.72070317754294 90.1345368008072 0
2712 21.41829370701278 90.04163319982007 0
2713 28.70630124113913 90.06591357527981 0
2714 17.16382243345825 90.4165413077712 0
2715 6.324697631425727 101.0233475145291 0
2716 2.865631505121123 102.0061899148014 0
2717 3.713902129111725 96.87406123873218 0
2718 16.83726109722799 90.08037188342081 0
2719 16.68307388911801 90.09869029854899 0
2720 5.477880594125089 90.04381623166017 0
2721 18.08336079613512 90.04034428624676 0
2722 28.42536815486902 90.7268579565178 0
2723 28.28173627458407 90.99869328544574 0
2724 28.39434995502148 90.40536477436116 0
2725 17.55738351268826 90.04796158609849 0
2726 17.39284028628892 90.04507733888325 0
2727 2.246076715783237 90.05349045623697 0
2728 6.816792019133286 90.84573708703618 0
2729 24.39981335137023 90.13385861080567 0
2730 24.32438431242548 90.0634730923267 0
2731 12.04894881543796 90.07519245659269 0
2732 5.97842309496789 90.12614830762041 0
2733 5.902219985352223 90.0538902911442 0
2734 25.1726837915144 90.05643755685698 0
2735 9.272086896815575 90.56845715511535 0
2736 9.095338750082462 90.44564732426664 0
2737 33.22721011060481 90.17993841429423 0
2738 32.9270655695197 90.21867124673561 0
2739 29.50287308049283 90.23366727511572 0
2740 29.99737288871798 90.08017718158342 0
2741 30.66697211687324 90.07706181383298 0
2742 25.72232360662143 90.05255447558434 0
2743 25.68338509485635 90.1296922533609 0
2744 7.053956370634478 90.10533291937374 0
2745 11.79947730624279 91.45480108829935 0
2746 27.47778521693533 90.11065058461075 0
2747 27.51775510072583 90.05180223217695 0
2748 19.98154962200118 90.06390284999857 0
2749 8.521553387699688 90.3380117486914 0
2750 8.629053875942949 90.44324142429348 0
2751 3.905183964097479 90.14236577158142 0
2752 26.98542051080569 90.05799161079193 0
2753 18.97090207794845 90.06061303460778 0
2754 19.12612610140354 90.04033639225393 0
2755 22.33427045896221 90.07441119068164 0
2756 7.272099765114246 90.50393421308247 0
2757 6.852694692881322 90.27649435208336 0
2758 6.5523677325736 90.29841360726151 0
2759 4.16257440856016 90.18167313037483 0
2760 20.75040941277982 90.24226426872518 0
2761 13.85642421075075 90.06492373078351 0
2762 14.00290072225426 90.28922500361739 0
2763 14.17375972558454 90.1200128044228 0
2764 29.73465774992906 90.76177772953159 0
2765 30.09271806447085 90.15806496249145 0
2766 30.66386993552524 90.27097773693083 0
2767 159.1023408805684 27.17406533270051 0
2768 97.5541918700383 66.74165428238754 0
2769 2.875709504203539 90.04685520862591 0
2770 108.3478325474995 63.86513847008302 0
2771 102.1266615596871 75.68596747299988 0
2772 96.97083579789287 62.12547637401033 0
2773 91.61235462829015 71.4174676274328 0
2774 6.488195127687487 90.19323749522989 0
2775 19.04223104579588 91.79525857957383 0
2776 46.11494480707999 91.08965578044062 0
2777 141.8440775259658 61.60700297360317 0
2778 21.17058053006038 90.43931680442918 0
2779 30.8341421504351 90.14408547471778 0
2780 116.8014820199924 60.89917119372154 0
2781 24.49887979877982 90.47780273669598 0
2782 5.006709775436671 90.15620656553642 0
2783 5.038711054223323 90.06796555611834 0
2784 3.727618747449664 90.07021235182479 0
2785 12.02126601528605 90.15723908849087 0
2786 4.252364480754308 90.32066352533059 0
2787 13.84911582636423 90.26877543760376 0
2788 27.43454175398534 90.03903899629154 0
2789 73.89979838744394 92.88528982817503 0
2790 23.36853961085193 90.17734108638017 0
2791 24.64282295311443 90.22083731577824 0
2792 22.09246290332891 90.06652255109164 0
2793 13.22678801026328 90.05590449545478 0
2794 11.68041148871511 90.64233910506604 0
2795 29.4178814517827 90.60479218884517 0
2796 93.30326156509632 79.78343039813302 0
2797 4.447894430343037 90.06320630298147 0
2798 18.42974727781413 90.88800649068237 0
2799 9.509535569669122 90.50283393022883 0
2800 29.58657163303781 90.14278475985967 0
2801 116.5411773526848 153.7754289824752 0
2802 9.515371275536404 90.07836230104749 0
2803 22.45483995306228 91.20066600886383 0
2804 18.91880018792834 90.33373939927415 0
2805 25.11830502132127 90.59805921504066 0
2806 17.46542655548452 90.0758758189954 0
2807 7.999901655168466 90.18761146008427 0
2808 25.09426341999773 90.21374519895957 0
2809 29.4991655176227 90.12829926272541 0
2810 13.47334220555743 90.04223584419371 0
2811 26.93761047213579 90.93688480878366 0
2812 26.90363018409731 90.07951284332141 0
2813 27.11354804383125 90.07716531942424 0
2814 12.45199855136474 90.10521945416838 0
2815 77.70503216444153 79.90355232274747 0
2816 83.5831135310609 76.63385120713613 0
2817 90.53175326160768 63.82661657278735 0
2818 88.0427348922458 61.57094467951069 0
2819 11.44372920419582 90.13148310240798 0
2820 86.76677631399274 63.11664202274678 0
2821 84.15193686335465 62.04485870767098 0
2822 91.74269800175854 65.51267482358752 0
2823 90.71327533099026 82.17436349990156 0
2824 84.49214361950602 78.93874796018731 0
2825 43.00255828524589 93.75386582617371 0
2826 128.3996835798434 62.98805598431291 0
2827 45.98192309470335 115.6697045369602 0
2828 1.160956953451198 90.08463376426236 0
2829 29.19717028452488 90.25758743656813 0
2830 78.4594521697291 86.57895367363624 0
2831 26.81646952589963 90.50208104898641 0
2832 2.960456806295493 90.06418174019376 0
2833 8.14515626049845 90.05234921242452 0
2834 4.768795879148041 90.09063279093115 0
2835 29.34957800524828 90.24254812837192 0
2836 32.9736837050423 91.22571424413202 0
2837 33.59863828917491 91.95038573763306 0
2838 20.41060737794907 90.06338945122151 0
2839 0.5986722592281165 90.81943315587064 0
2840 21.06791775693054 109.9352240679717 0
2841 123.4550718604823 60.77409478258433 0
2842 5.840728540889907 90.38804316478671 0
2843 6.021565950569711 90.55416846765523 0
2844 6.008786992581419 91.16730163009582 0
2845 19.2855744382065 90.04305154004007 0
2846 69.24621630275301 93.07866101390337 0
2847 24.25814420514599 90.05417507281426 0
2848 15.86544284760036 90.06791497429906 0
2849 15.90555947599199 90.17084612320576 0
2850 16.01023948433516 90.13029979643768 0
2851 0.1320373033463018 90.36741900683352 0
2852 0.06746767301830053 90.11927740108285 0
2853 1.577954086239804 92.10561951911639 0
2854 23.45869854088276 90.0326483482522 0
2855 24.88016644558057 90.05046459177255 0
2856 22.49899315162959 90.13074960672542 0
2857 5.401536601279241 90.06366702689127 0
2858 10.96565848304711 90.07323017373631 0
2859 30.23088603300285 90.20557013201966 0
2860 30.10157028279269 90.06561518323332 0
2861 25.55701913262208 90.0464683039407 0
2862 28.05064072034757 90.15770186673409 0
2863 9.030628959334772 90.0762893328433 0
2864 8.848571831539784 90.17964883087222 0
2865 26.97303705516444 90.153388366333 0
2866 81.94594229999873 62.02291665167287 0
2867 78.46316531095127 63.54287171748794 0
2868 144.4646267401491 63.33771538365701 0
2869 8.378610910373562 91.86827102273891 0
2870 11.43552341122828 90.88450521918548 0
2871 86.67966871749964 67.01438757336459 0
2872 18.3013412746451 90.2311963807151 0
2873 0.6713130851671459 90.07429673773338 0
2874 0.7576337740612128 90.07754583842011 0
2875 0.8364644851331496 90.05313764361732 0
2876 12.12043847185579 90.1132487448089 0
2877 112.476981932996 69.77252561057851 0
2878 13.73079811785311 90.36490703679215 0
2879 12.94198923882644 90.36593427973439 0
2880 12.98269275142699 90.11395193716486 0
2881 11.56754451151416 90.29206560872048 0
2882 11.54698662676915 90.14706561384908 0
2883 11.61158758068837 90.06807515763251 0
2884 23.48159832260082 90.16836782826321 0
2885 23.67527635705611 90.21435646570052 0
2886 17.10297151749842 91.32476065170255 0
2887 14.3522395596021 90.06659014983597 0
2888 14.43264453023481 90.06444552623192 0
2889 15.53527065932814 90.20712247019041 0
2890 15.15170569407765 90.1322438689058 0
2891 28.33894295446814 90.13746802183199 0
2892 14.80346988537396 90.49982992589557 0
2893 27.71598277285148 90.13705756859893 0
2894 22.25591706437758 90.2728914855543 0
2895 7.748397470068227 90.19508678918473 0
2896 4.663884142055257 90.15128124358613 0
2897 24.41976142010353 90.3366197694139 0
2898 114.0198015791421 66.18094955999833 0
2899 116.3251726772404 63.80120968012046 0
2900 6.061258749234721 90.23802356360208 0
2901 33.5179104004775 91.01686302777027 0
2902 97.76067865567173 80.13274872590902 0
2903 19.27757516770207 90.13228126308039 0
2904 19.20775637350232 90.05832050535849 0
2905 10.0654764258127 90.17302181917331 0
2906 9.752621210676748 90.48260635103068 0
2907 8.566188391065596 90.08094146012535 0
2908 8.495558744183809 90.0466602699115 0
2909 16.36770206072006 90.05625580513799 0
2910 9.93399423842707 91.25114585574693 0
2911 29.40561040460827 90.13611504289277 0
2912 29.56743339023305 90.06222432001027 0
2913 5.280333380725511 91.28561847043714 0
2914 2.984670543332316 91.18478362239634 0
2915 27.4005677241504 90.20944180151189 0
2916 27.38011238937949 90.42758721942417 0
2917 0.3040631430424989 90.38175830185777 0
2918 119.4813331456864 65.65532477796376 0
2919 10.55307888882544 90.06711284396398 0
2920 23.15166514842955 91.50399798922338 0
2921 8.707211772118001 118.7400020319371 0
2922 174.184116905516 124.0270343249122 0
2923 9.665726010154419 90.06363063006367 0
2924 9.681146000519174 90.14873773061625 0
2925 9.59507615570814 90.08434661463237 0
2926 152.5503423812623 63.38305869575077 0
2927 148.4605969818101 65.9938607175288 0
2928 162.5918740095832 68.78784002344514 0
2929 23.99103469003724 90.04444589937042 0
2930 23.1952851862482 90.41931656289121 0
2931 26.76313963111857 90.04939826413936 0
2932 26.82132399781049 90.09504791298224 0
2933 21.59160220911043 95.03610707099399 0
2934 18.85371643751663 90.05170100050408 0
2935 18.93638418371043 90.24652641173611 0
2936 18.14420984800956 90.05576211566105 0
2937 4.832839262997584 90.33028943087135 0
2938 19.14977701493733 90.45890320606891 0
2939 19.49324271988815 90.07831382008665 0
2940 22.62998566152522 90.12548123267041 0
2941 10.71380707686169 90.07242094365661 0
2942 10.62960577339602 90.10160917987992 0
2943 10.5455979626725 90.15237474877615 0
2944 61.38492433563771 99.8838885318202 0
2945 61.76981448109199 95.45740649467662 0
2946 75.52229095751983 107.1916035351587 0
2947 71.11752221538383 99.29200497410018 0
2948 3.648894020484539 90.12259827604085 0
2949 29.16019464910019 90.03477217891462 0
2950 29.23659537855701 90.05853379301549 0
2951 6.091432105303182 90.13331307263817 0
2952 15.62923564463109 90.7970845974213 0
2953 17.63810147397522 90.06619913185931 0
2954 2.129189097347848 90.09937575628783 0
2955 1.998547493683793 90.34485242339201 0
2956 2.289603851844945 93.28813250382657 0
2957 1.99448021555777 95.69520799851171 0
2958 7.914005886806583 90.1353627499341 0
2959 7.984722691386838 90.30268958483681 0
2960 24.36075654401776 90.22168454067 0
2961 12.20771617733456 90.13076145087206 0
2962 5.859927374415498 90.13615745432837 0
2963 5.921808374599869 90.2471403862869 0
2964 17.07533120354099 90.05949522338133 0
2965 25.2486176992247 90.16583245656862 0
2966 25.23911882290674 90.43839311896826 0
2967 14.82428104027718 90.05378893517468 0
2968 25.87053055991337 90.07779433469931 0
2969 13.23880432458687 90.41559179331831 0
2970 13.70692371261596 90.05184752962727 0
2971 26.94932852868119 91.69310483618806 0
2972 19.43310565062003 90.30441870434879 0
2973 20.19081573797549 90.25145780801897 0
2974 3.972057566042909 90.05028054938903 0
2975 19.08807336417679 90.26588884284446 0
2976 7.066246013324772 90.65214059056184 0
2977 6.526620970126684 90.66204597096655 0
2978 6.437795994054035 90.42349697377507 0
2979 4.037073000824301 90.14356577958799 0
2980 26.63936437934143 90.19693533054499 0
2981 26.8630024995848 90.17643771674472 0
2982 20.66145613243507 90.15629268333932 0
2983 14.27059921030231 90.14782364326855 0
2984 12.41210956804437 90.20898373636847 0
2985 110.5996073099038 61.17606410657734 0
2986 9.396376995273437 90.20743658686901 0
2987 16.46720288661571 90.05938936474305 0
2988 1.897581185762181 98.58023171903662 0
2989 20.63965316309403 90.05046417013055 0
2990 0.3778462462593764 91.12286680505925 0
2991 100.8979461189649 61.89065673303948 0
2992 2.035248432694379 90.82268529567466 0
2993 11.88920465874125 90.16295724906162 0
2994 10.08572391397224 90.06383837196553 0
2995 11.23234346997036 90.07662950412968 0
2996 19.40223745929734 90.15054151588377 0
2997 24.1676792554076 90.30787962166282 0
2998 99.82253525110791 63.42528926295189 0
2999 14.67424717029592 90.03863352872411 0
3000 8.42241312991799 90.04908155352403 0
3001 1.324856158654435 90.13661635430896 0
3002 138.0631131529387 64.73643458777771 0
3003 20.50918285136551 90.46835549247969 0
3004 20.74638927183798 90.554842226692 0
3005 4.278452122539973 90.05970062424483 0
3006 1.408057590895695 90.19911792957451 0
3007 110.3007200542295 125.7683300747307 0
3008 29.39741129183518 102.2966187100032 0
3009 12.07444120555884 90.24347293137694 0
3010 102.3492128828531 79.71290802876781 0
3011 8.458897260236002 90.12569024086234 0
3012 112.115606755558 67.11870165472227 0
3013 10.40989197730926 90.0696805851175 0
3014 6.205134162402119 90.34694283686402 0
3015 4.415871171829339 90.13003287431459 0
3016 16.50500762634537 90.1595759769848 0
3017 6.182457186517108 90.07699437348572 0
3018 7.274684332320968 90.03604882199576 0
3019 13.30960678191887 90.07804035844634 0
3020 20.63883019875081 90.3220346171094 0
3021 33.50456449764587 90.43554894921085 0
3022 0.9168277403648021 92.33340671736482 0
3023 11.78103011883639 90.20048690628273 0
3024 78.26739052406386 97.69310649983397 0
3025 15.07254444367444 90.12862345699213 0
3026 28.88330277108052 90.18936324805418 0
3027 22.47731755332036 90.88343734160435 0
3028 8.067071251733232 90.14128526766098 0
3029 20.2753823400074 90.13485828329601 0
3030 24.17876159771247 90.18076855844724 0
3031 11.06656323009669 90.05841614378376 0
3032 27.97878166384396 90.08315884041458 0
3033 8.740286821467862 90.19455062634377 0
3034 32.21850598547194 90.29000906733428 0
3035 111.9895127212585 78.48662882997061 0
3036 12.13571553139821 90.16813192236243 0
3037 17.02785670856033 90.15061195658508 0
3038 14.38885502001691 90.15344072922528 0
3039 21.70838790065313 90.05589584269138 0
3040 5.598474937287539 91.00664110774125 0
3041 26.65865357377212 90.07886387571658 0
3042 1.055193888621353 90.32063816833424 0
3043 16.60907157966349 90.16523307645119 0
3044 6.97007082207314 91.30253562351751 0
3045 12.11310169455084 90.05464959065263 0
3046 12.85131184382926 90.21892393168669 0
3047 21.3555461582442 90.59428625665126 0
3048 13.63289126852493 90.05363172985069 0
3049 23.513096425445 90.07526812188313 0
3050 18.26943177271706 90.05443172627078 0
3051 25.47464963682582 90.08242696468706 0
3052 95.5921775347751 72.2487130650417 0
3053 96.51519625765914 70.31130595903133 0
3054 94.87271941558372 67.22165639545005 0
3055 128.3916271883659 64.53017985827694 0
3056 103.9676526592603 66.10613142326322 0
3057 102.9238233667726 67.50025674189742 0
3058 102.4622580189898 66.26147307417723 0
3059 18.59698613607112 90.15213527257292 0
3060 2.441678392082103 90.11369926741423 0
3061 34.91736677049189 90.95920114152888 0
3062 24.27426413334658 90.1458758829164 0
3063 4.27929872887129 90.20405572572452 0
3064 4.251357461816088 90.1319097926808 0
3065 2.968841551100798 94.17270052097297 0
3066 5.906001465521791 96.05726630777994 0
3067 3.84233243527376 92.41595144018773 0
3068 20.85901339985953 90.21292639339475 0
3069 21.23381310062661 90.27101068898 0
3070 21.20873283164718 90.14706802052056 0
3071 23.63858949311127 90.04432297082128 0
3072 117.9444892854217 62.97961109744318 0
3073 103.1446600926334 68.98137443778009 0
3074 20.3563764849606 90.59550595583825 0
3075 99.21766527982898 77.22695001049729 0
3076 27.95937365626115 91.14082664446772 0
3077 13.27172120825433 90.26738730257007 0
3078 44.75128327037646 90.94862030207291 0
3079 0.4722232200224578 91.73011027350844 0
3080 19.57778411913293 90.22517620997166 0
3081 19.57168559549803 90.09589010321831 0
3082 5.122846953186591 90.12677367949659 0
3083 9.386576936063246 90.77687277075756 0
3084 9.062451569919789 90.73694822218479 0
3085 32.42476097938842 91.61825357884744 0
3086 22.79995377462256 90.09664790857092 0
3087 22.8099391896152 90.24756959050181 0
3088 24.58217308920014 90.12200671376563 0
3089 13.07409610746182 90.14535305934344 0
3090 9.710662486208344 90.68803315141041 0
3091 67.44101238065345 183.877434759743 0
3092 28.60791995425075 90.06060567688375 0
3093 3.182352042427702 92.06124229418032 0
3094 7.886802807636872 90.22225060054113 0
3095 27.04175271112955 90.09954593771815 0
3096 4.085701965695167 90.26016988172562 0
3097 90.07283409256664 61.72728923210491 0
3098 89.90019654329568 65.25437230516914 0
3099 86.75706018517168 65.30932860799875 0
3100 94.68074180241121 63.88372052100812 0
3101 20.40281568633896 90.88916717872887 0
3102 18.59441397539885 90.29711084730674 0
3103 82.51149797071889 84.89462411281613 0
3104 84.15659286764931 81.63019525107531 0
3105 11.34048486105857 90.12930116027549 0
3106 19.05763174160019 91.10709312116103 0
3107 20.12541804796889 91.58019096047782 0
3108 27.06450067213537 90.50707366257559 0
3109 112.1987943146742 63.90494241268953 0
3110 113.2045269400415 62.34210362537576 0
3111 111.3795351609098 62.46485725581008 0
3112 26.48938862019386 90.08234150466332 0
3113 26.57465773105706 90.12024884222643 0
3114 20.17897844772097 90.12397799163989 0
3115 13.46517286608528 90.14094761008118 0
3116 23.13795365999322 90.20640169165327 0
3117 36.09360541566531 95.93700517942955 0
3118 35.0417835171102 92.08337867718208 0
3119 8.399838784771855 90.26334173801227 0
3120 4.3199154789173 90.57462515864232 0
3121 9.177972769690918 90.08112044474213 0
3122 25.54221785402969 90.27460691220375 0
3123 27.94216559646009 90.0220778828229 0
3124 27.72596733142883 90.20538710173037 0
3125 8.878936506396212 90.07497788919231 0
3126 8.779270818354009 90.08965032940945 0
3127 8.957925607612799 90.04185344459681 0
3128 27.09477182946959 90.199757095121 0
3129 31.92638278982026 90.51343436742161 0
3130 112.0340052738281 74.79227991361442 0
3131 118.6012887238837 80.92048686308878 0
3132 113.4044606279388 86.99017707893397 0
3133 11.10328939755227 91.15030169109086 0
3134 7.704845420773933 91.1346653537819 0
3135 7.377574700333453 91.1436604521158 0
3136 1.465745121854404 90.28560356063069 0
3137 106.4908357428888 70.26621395020155 0
3138 110.3100878796431 68.5740080591502 0
3139 17.26238769268766 90.30253460014792 0
3140 8.499123291111076 90.93365612104161 0
3141 8.27581804510668 90.55680693533949 0
3142 12.97243029996947 90.20573407862385 0
3143 11.71969420391311 90.07796509938774 0
3144 11.52895179871302 90.05417257654355 0
3145 23.42200764178894 90.08701869391705 0
3146 23.59191686823734 90.11278853177078 0
3147 23.43568801933129 90.29775570213268 0
3148 23.63157047930853 90.32342942491231 0
3149 28.43302720057875 90.0963311369316 0
3150 28.36522590790362 90.04825615640861 0
3151 22.2832586893052 90.48223171664046 0
3152 22.28371346127526 90.14663059257708 0
3153 140.0724705263615 126.2685047766925 0
3154 154.3963746209132 100.972453526462 0
3155 6.010099155539265 90.354863683839 0
3156 135.6170178665723 64.13255845485746 0
3157 19.22903155021377 90.24495408825 0
3158 10.15772676194352 90.12969967630607 0
3159 2.535109528340006 90.30017618095697 0
3160 4.817459691263693 91.57551903607309 0
3161 0.2201053798497585 90.2592283696825 0
3162 3.012531250680583 90.51643772985135 0
3163 10.58928308531913 92.16985958403872 0
3164 12.79678684632245 90.42137261208551 0
3165 29.58907612641666 91.25621620041653 0
3166 29.12222202085811 90.74246398565982 0
3167 48.79194893790412 100.1092202611649 0
3168 18.21899978768607 118.9154808040604 0
3169 206.8754106477078 159.8534231505808 0
3170 126.655416915739 68.9839461068395 0
3171 126.3442556642651 65.40609966736776 0
3172 22.24179855235127 90.72580191180295 0
3173 21.83164912136982 97.28697377673119 0
3174 18.45258874676261 96.20129642016188 0
3175 19.03636011103822 90.36941428825516 0
3176 1.081188148447282 90.51689527933151 0
3177 1.120789294430178 90.21375007664734 0
3178 0.8966822136292854 90.38703602707093 0
3179 0.8810103947886555 90.68959626155113 0
3180 15.55148922692245 90.37652763266607 0
3181 15.62980665117647 90.05793284199835 0
3182 3.64188700719269 90.21624061453052 0
3183 3.66193387878892 90.04684662515069 0
3184 21.35512248988646 90.05994210761436 0
3185 17.50316043171482 90.30380190922085 0
3186 27.76207745399402 90.45267098390021 0
3187 27.79336894326468 90.76043757373016 0
3188 29.08047118829899 90.05549415603234 0
3189 29.16320723919569 90.1174787701532 0
3190 2.339183743844652 90.64675313271239 0
3191 2.226401940546793 90.14426001401868 0
3192 25.40118997535539 90.34560029809826 0
3193 9.304073030732374 90.35378216562503 0
3194 14.73419530851253 90.34246391560832 0
3195 14.68456665991014 90.17257975752 0
3196 6.720163416997873 90.12062898080507 0
3197 7.187543218385042 90.31968624605173 0
3198 7.233917572581713 90.09252855655383 0
3199 11.2328429352392 92.49898700202084 0
3200 13.40243404498353 90.53546064430918 0
3201 13.65969706459778 90.60215027659805 0
3202 13.614818729183 90.27522409619037 0
3203 19.91210918150561 90.52549713849102 0
3204 20.33208893543447 90.2068958583272 0
3205 20.42795022207479 90.15627237246092 0
3206 7.855914296081915 90.90381606542924 0
3207 22.9315480728106 90.05441501067872 0
3208 19.01244486857432 90.1455334143519 0
3209 6.388053147221766 90.2649209089945 0
3210 7.634605843371055 90.05783643781923 0
3211 4.130029406506727 90.08551354205102 0
3212 11.00671889964984 90.28631675209041 0
3213 10.90855432267295 90.58907698727346 0
3214 10.90378090891074 90.36512425021461 0
3215 28.38547253594615 94.53655254759228 0
3216 30.48975229456674 91.3580596496256 0
3217 33.92010551638424 90.22259938839863 0
3218 2.352886493425864 90.12227886937595 0
3219 17.18838497021234 90.59016493737005 0
3220 24.67726672210836 90.09153101418782 0
3221 34.86361040269815 90.32999552519827 0
3222 101.4018147098732 63.71280622972218 0
3223 29.86754152630033 90.43701852978474 0
3224 27.72841342224428 90.06039661777459 0
3225 20.44294333693652 90.28400452778345 0
3226 4.068620069209854 90.04731921173538 0
3227 23.1751495061367 90.03885090578345 0
3228 27.18225046049825 90.05268976610949 0
3229 30.00504881915343 98.64333800476219 0
3230 18.68299273549002 90.06770730667357 0
3231 17.36647770396596 90.24973469218332 0
3232 7.757762323488902 90.07366847187521 0
3233 12.69837386792192 90.0705241177895 0
3234 5.257020805526412 90.33526194026574 0
3235 37.07118842250702 91.52017028541282 0
3236 11.45338273091926 90.04702547725921 0
3237 24.09706844617834 90.07961020888222 0
3238 1.359773028925615 91.28288738438623 0
3239 24.30470547888235 91.08628715917105 0
3240 27.27419961168493 90.10545443183955 0
3241 113.6177493249942 72.48130018531519 0
3242 14.93753453851068 90.91866066030236 0
3243 7.403981845987837 90.06385513645868 0
3244 16.93920965706188 90.07772570714155 0
3245 1.961301950650146 90.09636470186975 0
3246 115.7036701956953 61.07763899739353 0
3247 77.24911552754607 90.4414338701086 0
3248 1.074221007376323 90.12319169429898 0
3249 80.68195409848275 81.04355504382031 0
3250 26.15705341349998 90.04312114919657 0
3251 21.85721695102439 90.05017635046829 0
3252 31.63057542337279 90.21315788607048 0
3253 14.258764602948 90.06204214559288 0
3254 28.4252677066796 90.21427649245858 0
3255 10.11404739532741 94.37829075382676 0
3256 9.849866773952714 90.33401682371657 0
3257 15.87139565515393 90.53815168423104 0
3258 8.846428720540993 109.5502792694369 0
3259 23.42212716302837 90.45028147897052 0
3260 22.49755732636135 90.2323822152126 0
3261 4.510290387134959 91.17464346154145 0
3262 16.99911605213832 90.05266941548069 0
3263 14.73462245901518 90.08655229019972 0
3264 26.77803606277437 90.27954166972343 0
3265 27.58977368168912 90.04152613494473 0
3266 28.67248020310604 91.68843984950104 0
3267 4.421835198094825 90.2237318964231 0
3268 1.21332977414943 90.33744686031821 0
3269 14.23180794678485 95.38207543740243 0
3270 17.14391606862602 90.12790506751783 0
3271 11.42094448584792 90.57357467129394 0
3272 56.57004525233806 128.6396101336999 0
3273 23.28026512724029 90.67459610069227 0
3274 25.99336200284506 90.26272253662638 0
3275 30.08172212160534 90.34297010684834 0
3276 18.18641936654247 90.09603039568721 0
3277 25.77742923598744 90.12983757306385 0
3278 43.14342886420725 90.79713372697861 0
3279 26.96174084898437 90.67563916078082 0
3280 18.84834539865849 172.2006906792165 0
3281 4.093561837127562 90.42529247940591 0
3282 27.7916738041092 90.13862488330298 0
3283 8.782111607834226 90.30036721701028 0
3284 2.454950816494586 90.47073333082488 0
3285 13.49572123388071 91.65373200286965 0
3286 7.510295322065215 90.48101619553078 0
3287 0.7044108814195905 90.17575068519314 0
3288 11.12289949544775 90.26694266310335 0
3289 2.629941734100105 90.19985578699355 0
3290 0.4271134676629614 90.56165601446129 0
3291 3.61251508118796 90.16878310351835 0
3292 3.71389846415929 90.14133230663128 0
3293 17.71858757686172 90.25002243956155 0
3294 12.3760570539739 91.04838698459412 0
3295 12.93671097055096 91.90574425702616 0
3296 83.75571388502735 104.8841830363702 0
3297 154.4613106380663 58.98467133878697 0
3298 34.4165682665171 90.45238302490441 0
3299 21.32906880232319 93.9372789937913 0
3300 7.150553777189028 90.06239315126304 0
3301 7.152522868213532 90.1764974316506 0
3302 172.6626829650304 16.96485844177532 0
3303 26.42623648520598 91.44723526046596 0
3304 7.831366157751565 90.12645262524312 0
3305 25.16344550343169 90.12178312979235 0
3306 81.55255633869005 76.37859469150143 0
3307 85.82033796381275 76.56673579742029 0
3308 83.25069614039488 63.5016011685973 0
3309 10.14567852554111 90.44636857074875 0
3310 91.94386452059888 86.92496411442865 0
3311 87.43174286579732 79.66506559718827 0
3312 5.855495668089134 90.83484328279002 0
3313 23.25574149639975 90.1488149862712 0
3314 15.41032814712695 91.66399244995307 0
3315 18.58140114069683 90.56223153782783 0
3316 18.29898545253951 90.62627668348044 0
3317 28.15648203934817 90.22041195662774 0
3318 28.19564906152695 90.36992375367346 0
3319 28.23890241648358 90.52191467139411 0
3320 7.520387590375877 90.28199016901969 0
3321 18.8961495280993 90.03948878337903 0
3322 22.66743879226184 90.23511675648756 0
3323 22.66609210934205 90.05289801099306 0
3324 10.5099650615699 90.30845015549804 0
3325 18.07313947519135 90.11648502335026 0
3326 26.75392002406696 90.14603746164188 0
3327 96.79804582198619 60.89412786690472 0
3328 12.52507309556379 90.05849948641304 0
3329 126.6270657811585 61.59026804066274 0
3330 19.9880471708098 90.11287322670941 0
3331 15.43493240985592 90.12329500318525 0
3332 144.048653063863 87.98360429540153 0
3333 69.12267334696467 151.528372008194 0
3334 17.92052844237006 90.05809798946778 0
3335 29.01285742307851 90.05567015512148 0
3336 6.927485791849167 90.07107484712419 0
3337 58.68398823239693 97.35405663278739 0
3338 99.356362153311 61.90132017010433 0
3339 9.987847308177288 90.10337135608088 0
3340 27.5439006013215 90.17913607658363 0
3341 22.99159752883519 90.31462583608004 0
3342 10.74264628440883 90.18965907092465 0
3343 10.92556211211799 90.24094480199562 0
3344 140.7522051777691 64.17254574792973 0
3345 4.104907774493264 91.08486764326717 0
3346 31.99424317702571 105.9026203598778 0
3347 26.01898811375321 105.3097340028837 0
3348 87.06334434223783 83.88851097266858 0
3349 137.8653481824837 61.75971095478326 0
3350 12.38709491580814 90.38419240038348 0
3351 28.15783736491806 92.3039963335289 0
3352 9.7785525627982 90.20467668171061 0
3353 4.579167365258353 90.53007377052717 0
3354 11.72414143188442 90.37479795093365 0
3355 1.364359857302456 93.91764253528537 0
3356 38.16378537109505 98.55919382774357 0
3357 93.67106514909301 62.77545428593179 0
3358 95.30827021173495 62.06515292102707 0
3359 1.228681546378224 90.1772694681017 0
3360 16.23649753219831 99.12672173628259 0
3361 27.20615896317214 90.45201970116821 0
3362 26.27747605585859 90.19060548609127 0
3363 26.28858635574676 90.08506826911103 0
3364 115.9524052567712 81.32096983869488 0
3365 110.4834995566847 82.59347202916244 0
3366 1.796196370573718 90.06034879934798 0
3367 14.56525057424498 90.16395483498091 0
3368 16.56004735624351 90.25314579747591 0
3369 16.12422887313497 90.39122703977652 0
3370 68.98122961434312 117.9482434786142 0
3371 12.97038199755052 90.8635836142208 0
3372 16.61972807847861 90.88615450838785 0
3373 16.65240695938245 90.63604655277507 0
3374 6.727684454936107 90.04163323368296 0
3375 23.07432042205691 90.07566812698006 0
3376 26.27046671758854 90.98362498015052 0
3377 21.92473420319459 90.46925895184638 0
3378 25.57897172425166 90.14974005400323 0
3379 98.39433232442181 70.45849466553867 0
3380 94.63835056058771 68.91008822245679 0
3381 104.8624902630208 68.20644593176108 0
3382 24.27864033353341 90.29527047197598 0
3383 25.70665894475397 90.26292390535355 0
3384 20.98054471135229 90.32134938336917 0
3385 21.10011794966488 90.2126316244523 0
3386 30.06182592761458 90.63081547253888 0
3387 124.7301510557765 62.92509011131278 0
3388 12.04149120762284 90.37099322350991 0
3389 28.93120542245625 90.07525235858989 0
3390 28.84091021507184 90.09723438451812 0
3391 47.67848159991247 92.06349071413705 0
3392 20.93984322387851 90.86208068466559 0
3393 123.7476521765717 72.04371797286721 0
3394 9.528814757735272 91.34821900296321 0
3395 9.232016406902682 91.09292242326769 0
3396 5.633057367577598 90.1313276300432 0
3397 26.45484185495225 92.09878334837029 0
3398 3.592940091648278 90.87020848851509 0
3399 17.56184912217569 90.15129640078953 0
3400 7.142010553386096 90.95017841609366 0
3401 7.463149019783283 90.79352343640946 0
3402 254.7799045593862 82.0741911383373 0
3403 212.1950326685928 77.98213250823029 0
3404 85.91416395628657 61.12207423498808 0
3405 26.61543251326919 90.95616901888538 0
3406 26.80025363710024 94.09447339852626 0
3407 114.2598098207257 64.28939579715832 0
3408 26.57799410140862 90.04410378616832 0
3409 34.23582647898562 91.18064483983544 0
3410 36.31822572749771 93.53000669277544 0
3411 30.39147988969188 90.19087728766431 0
3412 13.35520420518123 90.17560331948425 0
3413 38.93988514595071 92.7733799659368 0
3414 33.85428235509126 96.09457097695025 0
3415 25.96671492719345 90.14086866441359 0
3416 26.09158276957509 90.07006155333583 0
3417 24.8685050845365 90.1502008124618 0
3418 4.29522045428017 90.87665406712547 0
3419 9.112052057780236 90.14101008514518 0
3420 25.56693917451543 90.41611352439124 0
3421 27.54848327244629 90.42481485963305 0
3422 8.87726445633316 90.48417140257881 0
3423 8.960637950890204 90.28328142506881 0
3424 26.96088524604162 90.30798356507562 0
3425 31.11378103451524 90.7027086344973 0
3426 13.95286412834573 91.10182497727506 0
3427 14.61225664386207 91.24130368677891 0
3428 7.799780569860961 90.5942907080794 0
3429 17.01295045779842 90.29976281926663 0
3430 17.14205867797203 90.24833998438385 0
3431 8.426291529245153 90.46811897783689 0
3432 8.374127677920935 90.67853448465401 0
3433 23.53765904854513 90.36767820854205 0
3434 23.56330662536677 90.23504197175767 0
3435 17.60731567912899 90.88172940218921 0
3436 19.79178027884412 90.17602511020766 0
3437 19.68927919284574 90.28128267011188 0
3438 15.28665987526919 90.64885305404675 0
3439 10.72084834980194 90.39561708576079 0
3440 29.03909598635162 90.15293878013645 0
3441 11.14015517668925 90.13810686900496 0
3442 11.3669105360784 90.2514047427798 0
3443 11.25983274611257 90.40429814594388 0
3444 10.00354960678475 96.03858758922797 0
3445 24.1168537924936 92.9191758892153 0
3446 136.2700312676893 65.58313083276732 0
3447 136.7346536923577 63.52493770466199 0
3448 135.465168523755 61.99434692977128 0
3449 134.3484691906731 63.08392255728593 0
3450 142.8211595354572 75.90517310201471 0
3451 2.600335958786166 90.08706073521672 0
3452 2.674568826040221 90.1149922844987 0
3453 29.66940775503443 90.08536944365835 0
3454 29.80863663927367 90.05232609773799 0
3455 11.25788132886502 91.74343520772398 0
3456 10.65317892712018 91.06962950242543 0
3457 29.23014594949278 91.72830156001673 0
3458 28.23595380936375 91.46366635434008 0
3459 40.88929649112685 101.855956571358 0
3460 32.7958110431432 101.7436683832466 0
3461 52.57002380245724 100.514036949805 0
3462 14.47563719791774 111.3433304700151 0
3463 10.07600573204645 129.5216477596123 0
3464 123.9030410900222 67.19572169636197 0
3465 144.3027809517475 67.5964876009792 0
3466 23.84048911196858 90.19157799333544 0
3467 22.09432485825959 91.42951125240572 0
3468 21.21258838541814 90.73454743153832 0
3469 20.6936525659475 91.05812092601229 0
3470 21.01719288061329 91.72310271283486 0
3471 22.69946638916323 90.41211313609485 0
3472 22.86149779758636 90.46010335079102 0
3473 22.0984710553858 90.57442702982715 0
3474 18.25677636554461 90.13524494970019 0
3475 18.14587881339738 90.21946454271274 0
3476 17.9885580500554 90.20651962119928 0
3477 15.67832179079455 90.25962051894267 0
3478 63.68932160772688 105.6679540509893 0
3479 52.9907894045066 106.2220656816407 0
3480 3.528309702345427 90.26823014249238 0
3481 16.70495672257206 90.25595010751924 0
3482 16.92211563015925 90.17906429602294 0
3483 17.24192992813075 90.9110005266418 0
3484 27.22331430660963 90.70253354378724 0
3485 27.22754750165331 91.15862958113988 0
3486 16.77930614051462 90.47064085942519 0
3487 16.88820609692582 91.09248105910213 0
3488 17.69356490556058 90.14322589939759 0
3489 17.71979760071563 90.04467481233435 0
3490 2.051349417419317 90.06837241247007 0
3491 6.138022193387965 92.072195860446 0
3492 5.286880899421647 94.29511033199327 0
3493 23.81672672472556 90.98401753154674 0
3494 23.66541175529077 90.44216226541302 0
3495 24.075335893992 90.33658829594022 0
3496 25.45732944682146 90.19865677948155 0
3497 24.95240437797343 90.73728080194368 0
3498 25.03332417464659 90.40473256843075 0
3499 24.83311517612297 90.41595893924227 0
3500 9.247456760903171 90.16956875396602 0
3501 7.024115014177863 90.27451606213705 0
3502 12.2868443644878 91.61128017783322 0
3503 11.77505072496383 92.11209590141448 0
3504 10.70879227272036 93.25954096249252 0
3505 12.808829442353 93.10132639190913 0
3506 13.72109642794843 90.89287854370669 0
3507 13.54616933646084 90.19144232691474 0
3508 13.55813755288553 90.41394851131076 0
3509 20.49158298570865 90.06419820150084 0
3510 7.859899334498002 90.35038708873564 0
3511 7.70477575010059 90.04673009732794 0
3512 7.647259890736241 90.13640045408243 0
3513 7.405878639517719 90.17638989594572 0
3514 26.13724351320404 90.24667299161348 0
3515 29.50261210134353 92.41008469266772 0
3516 32.72598257558997 92.74090405525044 0
3517 31.0613053480717 91.33448216260707 0
3518 30.58113150341915 90.52146063532956 0
3519 6.476939740640504 90.05294912024561 0
3520 107.8631901344916 65.59878733178489 0
3521 45.29382675636573 93.01897308370032 0
3522 0.4899384436551991 90.19622286320691 0
3523 3.122089050309522 90.14654086301653 0
3524 38.15270282281632 91.47762593047983 0
3525 36.2696580577987 90.77824865177222 0
3526 256.4893390259573 157.6355392961604 0
3527 25.93404336744005 99.17776076037809 0
3528 5.114767246670046 90.04456883649102 0
3529 21.20521397962774 90.04745699658609 0
3530 3.817302035936097 90.08112297426548 0
3531 9.35622322333869 90.08594822311737 0
3532 65.38365608063729 97.68644779666617 0
3533 105.5831027987821 84.83647011419076 0
3534 2.170376500436887 90.32023768869044 0
3535 3.132317046712346 90.33634689938469 0
3536 3.894246056045513 90.04843140463741 0
3537 24.2989649087834 90.56788872383365 0
3538 0.8344035887656533 90.18111686988918 0
3539 14.93588193609772 90.35718980083915 0
3540 0.347900303630935 90.2217583142921 0
3541 5.648503582748154 91.41129527530057 0
3542 4.9901371775475 90.30181130365128 0
3543 17.69119593023418 90.37430393653646 0
3544 12.92723387630605 90.57869048155628 0
3545 6.472775038892858 91.07813980293395 0
3546 9.658081609953891 90.32122042881085 0
3547 15.86719579320569 95.48298299415417 0
3548 12.17650123685537 90.05671918499245 0
3549 20.876227027663 90.08716444031575 0
3550 5.440211273188463 92.00446108335851 0
3551 5.934179511976597 91.61506671758055 0
3552 15.53174815554098 90.07235672861562 0
3553 25.37284431047343 90.57594532694932 0
3554 2.672394296358423 91.55480137339039 0
3555 1.811582419625889 90.29298783237547 0
3556 3.141702878369584 92.93775231759817 0
3557 18.76591323807553 90.83523850431754 0
3558 0.9206641747394488 91.12168782998718 0
3559 42.30611413778638 91.96097445160107 0
3560 30.50825254147516 90.13110049248124 0
3561 9.259533976023048 90.05610623697093 0
3562 30.87152698042201 90.44351755574165 0
3563 15.27572669420805 90.35039453143693 0
3564 28.57693295978752 91.12880073748711 0
3565 20.56376030490785 91.38114605741534 0
3566 2.438783715085228 90.19753554104147 0
3567 27.74680811754143 96.36180770687361 0
3568 37.18154378125502 90.72078464352806 0
3569 1.407192515991741 90.91966871259774 0
3570 21.92822972990073 90.06742335369751 0
3571 109.678451977515 71.48844999347121 0
3572 28.29333688294862 90.24642992750206 0
3573 32.60741681982017 90.2711393072188 0
3574 13.43155778345258 90.30195070052235 0
3575 8.304656400363898 92.95662101553285 0
3576 13.98499337585624 90.70771014033406 0
3577 2.574650339295278 90.65278689897806 0
3578 17.47305124181819 90.58202795927119 0
3579 2.877766050556298 90.1585396750245 0
3580 15.10220429483061 90.25822357683253 0
3581 7.360425106972751 90.33154288224353 0
3582 18.7952607096658 90.09100565442637 0
3583 8.33171300845544 90.11472991020467 0
3584 11.8847104278377 90.3215175150886 0
3585 21.0249533429205 90.08213040636285 0
3586 28.68730058922653 90.30006049716478 0
3587 26.18305706669036 90.12469487803284 0
3588 14.46990333084748 90.23017537540254 0
3589 21.72307079959205 90.17786875288299 0
3590 87.92254650771031 117.6900695297801 0
3591 26.07065467045017 90.40670719382537 0
3592 25.37319338231212 90.13205559434148 0
3593 21.11938862701698 90.06797761978035 0
3594 125.9377974735835 63.28063852980034 0
3595 25.81067782959562 91.7777310119491 0
3596 30.31179843321497 90.42692170379364 0
3597 25.68097744124612 90.62165820106475 0
3598 31.85326578752879 91.11807322064747 0
3599 8.141670600104788 90.76873570420612 0
3600 23.75068981637967 90.27406473356876 0
3601 19.82032117905602 90.0715895167459 0
3602 19.88150289222378 90.13225865938219 0
3603 9.348970110014877 99.07757783905518 0
3604 2.673016147646949 90.05143592987665 0
3605 2.744465126090567 90.18717323568171 0
3606 16.2815597869577 90.25844429262507 0
3607 12.59473471667897 90.48641295671773 0
3608 29.05994539659228 91.1673220498221 0
3609 23.75252007735632 90.16307426020542 0
3610 15.60842039004079 90.14626582114393 0
3611 3.714007363108686 90.61336956613253 0
3612 28.65814213786486 90.16850281953289 0
3613 6.971977677511766 92.03117427275096 0
3614 23.86242264172334 90.6279559004419 0
3615 8.063749757857945 90.45727756894173 0
3616 28.74631702004779 93.14927549051451 0
3617 157.7191094551981 12.79638932468704 0
3618 16.26822905634759 90.10623162061471 0
3619 107.8038213073574 68.11087164754382 0
3620 25.94593247503615 90.06291046090618 0
3621 1.538871806234647 92.88608478522434 0
3622 12.22513330229106 90.25894789266093 0
3623 99.68872330294931 83.61981332778983 0
3624 14.77172492512845 90.68302897900679 0
3625 14.25856248401048 91.03029413470612 0
3626 18.58505352845453 90.0519697203771 0
3627 18.4988793733133 90.09197574301619 0
3628 10.25623493120768 90.12560272790519 0
3629 10.19237345690867 90.26987795696323 0
3630 10.34994535239067 90.13425051928192 0
3631 10.34854524292797 90.24343795686288 0
3632 18.34208229549587 90.09640307570763 0
3633 18.42136993673176 90.07372222279803 0
3634 27.47965050216526 90.85396328099493 0
3635 27.60645666731699 91.6467603117179 0
3636 31.71400377043474 147.9287663520961 0
3637 25.82073452735833 129.7031195054577 0
3638 22.01079033730488 90.05442594052018 0
3639 31.9113089652743 90.1673149141414 0
3640 11.65841091677895 90.1931949488054 0
3641 15.67889208288142 92.65541142797402 0
3642 16.23737660756813 91.89004367506566 0
3643 16.62427111698957 92.65223352018633 0
3644 19.72502208642115 90.06558431538711 0
3645 19.66638772953685 90.15102516494066 0
3646 3.120635750926068 90.68830082324796 0
3647 15.46860557171174 90.04619264135781 0
3648 14.8295490813421 90.18162686291508 0
3649 20.33867160268514 90.37639216822004 0
3650 20.36384918636491 90.11209745784798 0
3651 22.89366835593793 90.14055702501518 0
3652 23.00361381498449 90.14073696201233 0
3653 20.09906543687899 90.0717643508362 0
3654 133.7589222026593 65.4301936180569 0
3655 14.13774976351329 91.55168467693159 0
3656 18.41218060001924 90.18023229526636 0
3657 26.63943363302546 90.34777207593731 0
3658 2.350911379985336 90.28625267565197 0
3659 2.464361393574902 90.04880385360029 0
3660 2.524384285951406 90.16524323424424 0
3661 40.94131075972864 91.1930196072789 0
3662 112.860423516359 65.25260137115875 0
3663 34.352018474762 93.77318881155385 0
3664 10.6961633575319 90.69799656716474 0
3665 2.219906782740393 91.23313519175282 0
3666 2.105949480085746 90.52195035142365 0
3667 16.8427957754309 104.5263565901936 0
3668 29.62001421562126 90.4091582262737 0
3669 7.835798309520574 90.05341650284501 0
3670 12.61117440173782 90.05881277477205 0
3671 5.11699247331511 90.38581979849602 0
3672 24.07933528936407 90.21296261475813 0
3673 1.599334431361534 91.56456924354666 0
3674 1.753533106959766 91.18400761435407 0
3675 1.882491102068404 90.50998741157723 0
3676 18.03439237565345 90.60584473016333 0
3677 2.070600721639638 90.18550899344113 0
3678 109.4104925923858 250.0962592761123 0
3679 49.37628819892649 235.1666589388621 0
3680 108.8652408167841 197.0747093214212 0
3681 19.67799752275953 90.44154833544049 0
3682 19.21755331257995 90.57129722135592 0
3683 0.9886578906732646 90.19582344935451 0
3684 23.57325682882442 90.67504624242132 0
3685 23.29837268986761 90.28369022282033 0
3686 27.63358688906382 90.10013178038525 0
3687 27.55617390228492 90.09563595115209 0
3688 4.626399324510011 90.30739145318995 0
3689 4.43993636950696 90.39129716082263 0
3690 1.735135879366816 90.15982458106794 0
3691 1.525026645415485 90.15705985047063 0
3692 1.689537613276918 90.06162757189308 0
3693 25.75995524771425 90.45984229908316 0
3694 25.89423344404041 90.37218970157539 0
3695 22.3766470820336 91.78509433382224 0
3696 21.72349471865257 92.0653166321907 0
3697 12.09753195969486 91.18527332379415 0
3698 11.81637048799496 90.99933189436122 0
3699 178.5973077383063 64.0795068463401 0
3700 28.02112680038272 90.52866437133464 0
3701 13.19901460553709 91.29313434671143 0
3702 0.6241878771509607 90.27503304267442 0
3703 14.11291249996155 90.46347628611825 0
3704 10.25521576207574 90.9896712299613 0
3705 131.4923423202202 68.63566830205038 0
3706 128.9393272319944 66.10363244815723 0
3707 0.2719316897378731 90.78568291388292 0
3708 0.6658565086045994 90.48319151233513 0
3709 0.4818309436745323 90.35455118372232 0
3710 2.843325146725256 90.69068849691514 0
3711 2.656310874640429 90.47893144900382 0
3712 3.52017800019463 90.15447253758707 0
3713 17.84667102299571 90.27544377072377 0
3714 13.66579547628238 92.27099585541436 0
3715 175.4698506218598 33.95089029497131 0
3716 171.3224228754702 49.22543658938443 0
3717 157.7891543934369 41.65864005917503 0
3718 156.8146482831321 52.06475522675088 0
3719 1.12009825035592 90.76046495208783 0
3720 1.65580081928049 90.64475818376798 0
3721 5.431672430881321 90.42402438723103 0
3722 27.80974822648467 90.25804636796541 0
3723 27.87665559481302 90.065318376882 0
3724 2.966469365967118 90.30250084677492 0
3725 9.915948292857758 90.19042159950855 0
3726 5.194407768126466 90.82488464863393 0
3727 4.998722414505516 90.50624912344706 0
3728 10.18848854298744 90.65511265762855 0
3729 18.41268135157132 90.35981967488547 0
3730 18.84161998810041 90.2151810951318 0
3731 18.72018516073011 90.18975237018357 0
3732 22.74183922565457 90.05412888197039 0
3733 10.44573040097656 90.72402139447244 0
3734 12.6252340633849 90.13394211332135 0
3735 127.3317264628778 63.2415565655058 0
3736 125.3840591918465 61.55748496845115 0
3737 20.03005291414634 90.0491995412813 0
3738 15.41037447086863 90.0491359305428 0
3739 15.3189267981172 90.18562024899666 0
3740 91.72757895714524 140.9476884599493 0
3741 17.79267270108008 90.16983140437912 0
3742 6.986670849998529 90.06787522844967 0
3743 6.832464834524775 90.13923711988475 0
3744 58.23965816893161 92.9188050209373 0
3745 27.50563290843684 90.30986454335221 0
3746 27.64555322181286 90.18717011364288 0
3747 27.64620899165564 90.2919817761745 0
3748 5.366407693367014 90.13577009002549 0
3749 21.66709906329224 91.27837878436387 0
3750 21.91331006102459 90.76969960683336 0
3751 3.26526578038623 91.46066583416605 0
3752 28.212747842014 114.1291107684179 0
3753 85.86660791619381 96.87122140637875 0
3754 92.95587687099179 94.11160678863075 0
3755 81.25576482371439 90.8385362256209 0
3756 12.11388774039323 90.86019042265382 0
3757 13.21351925444979 90.15564953990078 0
3758 11.97682235556951 90.25325834596337 0
3759 41.49336054296448 96.7271923168057 0
3760 28.90991988020704 90.52909931966654 0
3761 28.65324341311888 90.48100531332479 0
3762 1.338993917601353 90.25553910702571 0
3763 11.56630558139008 90.44757633546104 0
3764 14.03112388223229 97.30263261413675 0
3765 19.61617567024437 100.4600921832021 0
3766 27.23800576293687 90.26985079977007 0
3767 27.12628649524801 90.35661107638778 0
3768 26.39407565149547 90.14153246001129 0
3769 1.939650739909358 90.21301053396239 0
3770 11.15857150265583 90.70807921138297 0
3771 14.56686976569888 90.51341054771829 0
3772 14.57854130199782 90.29650859378599 0
3773 16.55589269605256 90.42670080272619 0
3774 16.17827363911447 90.64503105124386 0
3775 12.72183047925336 91.2507750044736 0
3776 13.39606441532709 90.86757628031316 0
3777 19.88738342844602 92.03225193829817 0
3778 16.58288811267613 91.31801761219594 0
3779 16.33717757040478 90.92594787391191 0
3780 12.79505195875323 90.08567487155518 0
3781 21.73447943783946 90.57818176305864 0
3782 22.00932527786868 90.15866512163518 0
3783 25.3112368167209 90.06932614491292 0
3784 25.34394652774523 90.22874266260752 0
3785 19.88300788253639 90.80159547419193 0
3786 20.96281250403025 90.159568447724 0
3787 30.36700120717208 90.81084892132272 0
3788 124.929977830577 64.32289426077504 0
3789 124.2093408405605 61.54891312893098 0
3790 47.33504866942153 95.69731440689203 0
3791 14.82931351025044 93.80168118451813 0
3792 14.62834815179762 92.38746937850767 0
3793 19.30329241272945 90.41141494682466 0
3794 20.97744286303262 90.55160977773942 0
3795 22.80639555544277 91.40662254667949 0
3796 22.50194362751764 90.55667961441863 0
3797 8.843983565353097 91.08151197466658 0
3798 5.482515007861281 90.13637226956328 0
3799 5.571134313103386 90.29005538768078 0
3800 5.694064414611707 90.05073296453035 0
3801 5.755243702147687 90.24119468912991 0
3802 27.12345041369037 92.56394724451074 0
3803 25.16884131480109 91.45165283314918 0
3804 24.98630740312299 92.26985919252199 0
3805 3.292143205877693 90.97435666261285 0
3806 17.6336715933094 90.24453011710121 0
3807 239.7025763834561 36.303218421556 0
3808 238.9510290191468 114.8570782194394 0
3809 195.8002269192353 22.83024169500267 0
3810 31.02964516815327 90.19109438520366 0
3811 31.35908627692278 90.22813869177594 0
3812 27.86529089299086 93.35021331220692 0
3813 25.22156068265677 93.73008799852634 0
3814 19.45830309043565 91.32053202855377 0
3815 19.7519001913502 91.65158394044421 0
3816 19.85225759341428 91.17973011313124 0
3817 20.16018143185694 91.07279685525225 0
3818 26.51632567395306 90.22391789334729 0
3819 26.4178740272342 90.0557838630063 0
3820 32.95575749470051 98.18433493824016 0
3821 9.948210559078085 90.85280214770728 0
3822 30.35008494619242 90.08378150476901 0
3823 40.68797507039238 93.2635753391106 0
3824 37.55270812200809 92.6780810665423 0
3825 25.8746400756467 90.21230621968893 0
3826 26.00869976080292 90.06716480615842 0
3827 9.107417330507626 90.05968397254613 0
3828 31.68697439785661 91.90707122997972 0
3829 32.43727096795911 90.78723059952098 0
3830 31.4930976978219 90.59671098382275 0
3831 30.7163109502951 90.86851187760861 0
3832 133.2273668091227 82.39474604876987 0
3833 135.7198466506866 99.42287454410581 0
3834 122.5209569934856 90.63920060165448 0
3835 7.26041592353634 93.72134791331773 0
3836 18.14049880757415 90.94182666118047 0
3837 18.13024908084793 91.23860640213894 0
3838 8.531846904373575 90.64750875506668 0
3839 24.14582397250563 90.73651428159413 0
3840 19.90769394278591 90.05546353037644 0
3841 11.01471485880579 90.17421182388701 0
3842 11.24535683922343 90.20143573346921 0
3843 11.43848598898881 90.35510434129104 0
3844 11.4735887421277 90.22571631301869 0
3845 17.47596846349401 92.33567484116789 0
3846 19.65724288424219 92.26121690795553 0
3847 18.71873735112342 93.70302166448273 0
3848 12.85921282110255 101.0053629891409 0
3849 22.24682549109004 92.25767295866527 0
3850 22.87176983968586 91.99604330548875 0
3851 22.95638810274802 92.96345058870814 0
3852 41.16888338100598 130.5913133287483 0
3853 138.5941454903944 68.53800320064593 0
3854 150.0678884630746 70.39494447026625 0
3855 155.0252671431807 81.59743947408117 0
3856 2.503302016478342 90.09860206303752 0
3857 2.76776485511384 90.06987454171343 0
3858 16.43951197761113 90.28009067087835 0
3859 4.16369472032568 91.66965612449046 0
3860 10.81634807818911 91.49653503167943 0
3861 10.90633350521928 90.89402794912195 0
3862 10.34096745385056 91.47220178746085 0
3863 12.76697047204651 90.63742373969976 0
3864 12.62006401322051 90.82800209193321 0
3865 38.28395415231795 109.2457141388059 0
3866 23.80007784300834 90.06824686042181 0
3867 23.96270118225724 90.21501161908365 0
3868 20.23216312367074 92.13512890391141 0
3869 21.52896012407032 90.78024912630865 0
3870 22.71877494594427 91.04330180713114 0
3871 23.08389364106477 91.01623341942162 0
3872 18.20130014106014 90.40017877396257 0
3873 3.536841866672913 90.43127084182218 0
3874 3.864627124829059 90.26752365194936 0
3875 28.55779835602743 90.28498997309926 0
3876 16.760173025024 90.13686421665116 0
3877 16.86999583395753 90.31018930676471 0
3878 26.84206966425563 91.25080798481252 0
3879 16.91630894765704 90.71981433935208 0
3880 6.402301122516755 91.54621018503316 0
3881 5.869727789340433 92.68783887598886 0
3882 6.565473744053224 92.82415571535076 0
3883 4.016676785627179 95.10993403183794 0
3884 6.090051943831992 93.51562250365843 0
3885 4.118163738539275 93.42081701751161 0
3886 5.228077008075965 93.03853315664713 0
3887 23.55224429561092 92.02253164680019 0
3888 24.77950253818641 91.01395393618894 0
3889 25.22313175006003 90.9095322913608 0
3890 24.73010589517881 90.60916810534276 0
3891 24.66182871285575 90.37488674495113 0
3892 24.7819922085168 90.26699269259227 0
3893 24.89429638081375 90.53666508007987 0
3894 24.93224764428329 90.26985736405452 0
3895 6.906242353724668 90.44318315535465 0
3896 12.32119740455351 92.35938521178991 0
3897 11.71955544012096 94.65002739960998 0
3898 13.41989221933119 94.31049120415582 0
3899 11.76104470332514 92.99689381153946 0
3900 13.65793297349862 91.22949793904731 0
3901 19.92383410439134 90.20765698127998 0
3902 20.57515905039009 90.08742927682357 0
3903 20.53965365438265 90.17837194650292 0
3904 8.135163706161935 91.21400053775501 0
3905 7.621091762947748 90.1986013988855 0
3906 7.680608780035053 90.10214557694528 0
3907 7.27737201358696 90.19908243373887 0
3908 7.570295408560663 90.09430479121565 0
3909 26.61930304838148 90.58234769780522 0
3910 31.49604133881638 95.69331172057041 0
3911 32.76644247037331 94.30514144555532 0
3912 31.40388760760694 93.22373166345167 0
3913 29.87152721832584 91.62038338238982 0
3914 29.99714869816805 91.08979165302027 0
3915 30.49049694292921 90.31927827765347 0
3916 20.24083339770943 90.07520798010069 0
3917 11.48605237443076 91.24145447554494 0
3918 29.43022996480118 90.91021952129022 0
3919 8.952379838986166 90.13871473027541 0
3920 24.25058171564228 91.99670106988646 0
3921 27.61685867784274 91.13844298588387 0
3922 2.398774312464171 90.05342058240819 0
3923 29.76892515875716 90.28175756464888 0
3924 10.54234422893914 90.51558594113186 0
3925 17.88786431607014 90.16107257349428 0
3926 25.61732268456793 91.17430208291044 0
3927 7.387220153874763 92.71348646954178 0
3928 7.520431728824905 90.18017553817958 0
3929 22.4182093504573 90.34157662858645 0
3930 22.57530961060674 90.18168121075206 0
3931 45.54702578001294 166.5396425549276 0
3932 10.83365685396628 90.26937411447807 0
3933 10.62973268636984 90.22954204816793 0
3934 9.036233068572695 90.17617517597942 0
3935 45.19222012262022 105.3695226521185 0
3936 12.08741229563705 90.59892181553766 0
3937 11.06005964590828 90.43663966833479 0
3938 28.7731102691997 90.22613143148453 0
3939 26.06719833798266 90.155988752479 0
3940 14.45046217277289 90.35646713148587 0
3941 14.47723887272624 90.13886501857893 0
3942 25.99205339433229 91.28442221110771 0
3943 24.09619948511688 90.51762013080292 0
3944 6.921432558211478 98.22522043892808 0
3945 0.7587215763790335 93.0787922576768 0
3946 22.99259485027309 90.05275408166662 0
3947 42.03370574745097 90.79727071526824 0
3948 19.01858691078843 90.7537699344014 0
3949 1.648409530831773 90.13703231003285 0
3950 129.2987530030394 73.31044583090733 0
3951 27.92891767232516 90.1625548450108 0
3952 2.70270011497786 90.31360332030823 0
3953 3.084684337832355 90.24558400681509 0
3954 5.258951335278591 90.52775622640911 0
3955 12.53817647717477 90.14079365967284 0
3956 15.21590809387749 90.20226841733273 0
3957 6.799317015026194 90.06159192838352 0
3958 3.637194750040032 91.72746898679642 0
3959 3.716314553013778 91.24916484210321 0
3960 86.5890638162834 89.69714009583917 0
3961 44.80160336232842 99.22014199252392 0
3962 28.82332507642549 90.34751761582437 0
3963 16.33848997816983 90.43976103965052 0
3964 16.43597321147435 90.66233871602971 0
3965 13.16753338300894 90.62051691385176 0
3966 25.39518710348444 90.05562815243135 0
3967 44.42240546685822 95.66635320793637 0
3968 5.625274737730019 90.05168901715417 0
3969 31.18084066699556 90.39665858711949 0
3970 135.2076318442167 72.84773454391495 0
3971 7.356643434957388 95.08596243467582 0
3972 135.0204717193771 68.53261262933596 0
3973 21.21458256320125 91.09926441067847 0
3974 3.894582823758744 90.42292829738479 0
3975 16.82206740517264 90.18611581439663 0
3976 6.385281980641729 94.53779377638065 0
3977 4.605387027989381 92.34962127439472 0
3978 24.01606870784443 91.48840181351279 0
3979 25.55270200309666 90.81553184334331 0
3980 26.7827732621781 90.73150344585123 0
3981 29.50337195530951 95.81833286285716 0
3982 6.446665234251785 90.11245797028728 0
3983 6.551169329604232 90.03771254185831 0
3984 22.57247508963287 90.32727634527284 0
3985 20.95326382181313 90.06604845567982 0
3986 27.52901471393425 90.60555533908787 0
3987 35.55387274072142 91.2240764991117 0
3988 12.49282449194033 105.9661073134209 0
3989 1.096970537614738 90.05312361867841 0
3990 18.00869754018879 90.05681441018804 0
3991 22.01632392222274 90.29936065102356 0
3992 3.83570215844386 90.90784578970316 0
3993 25.61114328024175 95.80338989989328 0
3994 26.03014394987298 92.76029917103688 0
3995 36.38295487896057 102.8040884158269 0
3996 14.45961129237517 146.5325888332401 0
3997 17.9631324793393 90.12595916206341 0
3998 3.974242968292153 90.27399250824601 0
3999 6.268079672632631 90.17907830366495 0
4000 15.42986554807753 90.43756671798857 0
4001 22.12009912524578 90.38407887142894 0
4002 17.77188728018133 90.08890584449762 0
4003 22.26885167522 94.03124278056968 0
4004 74.26207704171043 132.7684784408515 0
4005 22.77144707876576 90.7095855820604 0
4006 31.40929465905655 91.11669354905166 0
4007 12.85938487557134 90.04996247881834 0
4008 3.231967877057298 90.12692221317218 0
4009 13.74253056315601 90.13042766715604 0
4010 27.8025206432418 90.05345900571515 0
4011 91.97581749889002 62.52258927574724 0
4012 1.856221113947326 90.14533871873363 0
4013 28.7887747277748 90.79891152767932 0
4014 31.1886034234482 90.16230469364299 0
4015 26.36021448171586 90.05504535035691 0
4016 16.38820223243293 90.15333128849733 0
4017 16.75349639185331 90.06318527972419 0
4018 2.826792246528746 90.43351917350651 0
4019 3.780936560306425 90.2049663435987 0
4020 13.07028163929959 90.46219866939283 0
4021 23.40520121612494 90.88522992313069 0
4022 23.50238276243268 91.28995087156642 0
4023 2.822889427147322 90.27664127582618 0
4024 18.01452157855409 90.35847063181838 0
4025 22.11434054720903 90.25156408396082 0
4026 18.50033274046126 90.22062643880936 0
4027 29.78393332784605 90.1414016080557 0
4028 13.88181235726044 90.43610157821782 0
4029 35.89364859947992 119.867792455678 0
4030 164.1296500749513 58.20369659048955 0
4031 140.0321624543704 61.52862090601701 0
4032 11.92845783382125 90.73560452724237 0
4033 11.89696427028057 90.50852713934454 0
4034 12.21112920139647 90.44461551305037 0
4035 38.98517635264121 90.57208076598678 0
4036 18.98704859665601 90.48916276360994 0
4037 1.629433588553234 90.25835145031859 0
4038 27.98923456777275 90.30713916360662 0
4039 6.865876085444353 90.05515852147717 0
4040 195.4543710321041 47.53918203087368 0
4041 3.709756976744327 90.34587814844848 0
4042 7.673452347887065 90.34642718961415 0
4043 15.7115714078861 90.43165885788754 0
4044 21.80773969867704 93.06945477548699 0
4045 38.46422077079625 94.78120491262055 0
4046 14.5574967232707 90.83095771631282 0
4047 48.94629980992252 145.143308402991 0
4048 23.0306643932901 90.59907680865609 0
4049 18.27444484580326 91.98919036507563 0
4050 3.190369075485624 90.45485624071216 0
4051 20.92181170193501 91.21722772435949 0
4052 20.18519074190983 90.04909834048529 0
4053 91.59796620975273 61.12007276074144 0
4054 92.72702851235124 64.02336582295939 0
4055 17.5918358061034 91.54618513389751 0
4056 40.10173135087122 90.66226016803812 0
4057 6.945896847348979 90.15678571945763 0
4058 14.77643648846646 91.63265997629918 0
4059 26.22082976493311 90.05496017390814 0
4060 1.880261122645789 90.06041336972271 0
4061 24.45535186503615 90.75047941288705 0
4062 15.9560733895752 90.89861946268259 0
4063 15.12791043853507 90.45043439784533 0
4064 20.05699124120543 90.18413490289021 0
4065 15.42227640652326 90.2815330764909 0
4066 19.82603447163372 90.32818154906461 0
4067 17.74736955486145 90.60439102831289 0
4068 19.47325463278765 90.54455175958338 0
4069 24.00281125929956 90.12103637017529 0
4070 17.80416665856414 91.11587846315369 0
4071 23.8950490589408 90.3714728289075 0
4072 29.88880483461313 90.08244935352883 0
4073 26.1447602683924 90.63813640811365 0
4074 17.48726517306905 91.21139042152679 0
4075 29.74773046824298 90.05578608680874 0
4076 37.04562211824442 192.3953138876852 0
4077 19.61060397269356 90.86520007988986 0
4078 19.4984786157058 90.16953493246629 0
4079 28.83954396289804 92.27320648580005 0
4080 19.70096179249893 90.63209428664734 0
4081 19.57028422362918 90.35939553589124 0
4082 1.696962303095664 90.42852544578142 0
4083 1.338093972143603 90.56864324810098 0
4084 17.86685821541666 90.44013522411754 0
4085 37.97623278524024 90.46174855666578 0
4086 14.30223810491234 90.65246969495068 0
4087 17.86318661091679 90.83802613480897 0
4088 22.5077655358499 90.05324722622376 0
4089 26.39960090694572 90.6411393039042 0
4090 19.64277510447915 90.06219258074728 0
4091 26.47264965778183 90.39003228258321 0
4092 31.01360667953294 91.92527672196063 0
4093 16.96174406433329 91.78696819672105 0
4094 3.421944448113075 90.18330251367271 0
4095 2.27787066556799 90.4485471046554 0
4096 23.91324360984803 90.09147410605523 0
4097 5.827253047875838 90.0582611867577 0
4098 1.369293752305917 90.37596174815752 0
4099 20.15251882277279 90.7227826615625 0
4100 26.38684990214925 90.24842864598521 0
4101 15.66507144644402 91.14375366246387 0
4102 20.01840116769165 90.32484362443624 0
4103 20.16148216626521 90.46607989276117 0
4104 16.02699944743475 91.32397473627464 0
4105 16.06124212515879 93.67786433670827 0
4106 11.14873421903879 90.05463050338368 0
4107 30.36733805210003 92.38157601659611 0
4108 18.12532311846565 92.87460488730453 0
4109 20.85360166470073 92.93453433040393 0
4110 19.69153789598105 93.04423088544603 0
4111 26.26989071068315 90.39453175887377 0
4112 3.335589737193121 90.31599240566624 0
4113 124.5432367009007 78.99279874647661 0
4114 18.77317032019216 90.38671478662779 0
4115 18.61670287165615 91.30889891049155 0
4116 20.35268368448161 94.59192044885872 0
4117 2.294969923449831 90.0637088044418 0
4118 3.39750387013034 90.62119357552986 0
4119 18.82522404128179 90.60542350535691 0
4120 17.30653812246682 93.79701255670875 0
4121 18.91825285690191 92.61125388163971 0
4122 25.90653551081354 90.56184022735113 0
4123 12.70119377846242 90.23984660708363 0
$EndNodes
$Elements
8716
1 1 3 4 1 0 1 15
2 1 3 4 1 0 15 16
3 1 3 4 1 0 16 17
4 1 3 4 1 0 17 18
5 1 3 4 1 0 18 19
6 1 3 4 1 0 19 20
7 1 3 4 1 0 20 21
8 1 3 4 1 0 21 22
9 1 3 4 1 0 22 23
10 1 3 4 1 0 23 24
11 1 3 4 1 0 24 25
12 1 3 4 1 0 25 2
13 1 3 2 3 0 3 37
14 1 3 2 3 0 37 38
15 1 3 2 3 0 38 39
16 1 3 2 3 0 39 40
17 1 3 2 3 0 40 41
18 1 3 2 3 0 41 42
19 1 3 2 3 0 42 43
20 1 3 2 3 0 43 44
21 1 3 2 3 0 44 45
22 1 3 2 3 0 45 46
23 1 3 2 3 0 46 47
24 1 3 2 3 0 47 48
25 1 3 2 3 0 48 49
26 1 3 2 3 0 49 50
27 1 3 2 3 0 50 51
28 1 3 2 3 0 51 52
29 1 3 2 3 0 52 53
30 1 3 2 3 0 53 54
31 1 3 2 3 0 54 55
32 1 3 2 3 0 55 56
33 1 3 2 3 0 56 57
34 1 3 2 3 0 57 58
35 1 3 2 3 0 58 59
36 1 3 2 3 0 59 60
37 1 3 2 3 0 60 4
38 1 3 1 10 0 8 208
39 1 3 1 10 0 208 209
40 1 3 1 10 0 209 210
41 1 3 1 10 0 210 211
42 1 3 1 10 0 211 212
43 1 3 1 10 0 212 213
44 1 3 1 10 0 213 214
45 1 3 1 10 0 214 215
46 1 3 1 10 0 215 216
47 1 3 1 10 0 216 217
48 1 3 1 10 0 217 218
49 1 3 1 10 0 218 219
50 1 3 1 10 0 219 220
51 1 3 1 10 0 220 221
52 1 3 1 10 0 221 222
53 1 3 1 10 0 222 223
54 1 3 1 10 0 223 224
55 1 3 1 10 0 224 225
56 1 3 1 10 0 225 226
57 1 3 1 10 0 226 227
58 1 3 1 10 0 227 228
59 1 3 1 10 0 228 229
60 1 3 1 10 0 229 230
61 1 3 1 10 0 230 231
62 1 3 1 10 0 231 232
63 1 3 1 10 0 232 233
64 1 3 1 10 0 233 234
65 1 3 1 10 0 234 235
66 1 3 1 10 0 235 236
67 1 3 1 10 0 236 237
68 1 3 1 10 0 237 238
69 1 3 1 10 0 238 239
70 1 3 1 10 0 239 240
71 1 3 1 10 0 240 241
72 1 3 1 10 0 241 242
73 1 3 1 10 0 242 243
74 1 3 1 10 0 243 244
75 1 3 1 10 0 244 245
76 1 3 1 10 0 245 246
77 1 3 1 10 0 246 247
78 1 3 1 10 0 247 248
79 1 3 1 10 0 248 249
80 1 3 1 10 0 249 250
81 1 3 1 10 0 250 251
82 1 3 1 10 0 251 252
83 1 3 1 10 0 252 253
84 1 3 1 10 0 253 254
85 1 3 1 10 0 254 255
86 1 3 1 10 0 255 256
87 1 3 1 10 0 256 257
88 1 3 1 10 0 257 258
89 1 3 1 10 0 258 259
90 1 3 1 10 0 259 260
91 1 3 1 10 0 260 261
92 1 3 1 10 0 261 262
93 1 3 1 10 0 262 263
94 1 3 1 10 0 263 264
95 1 3 1 10 0 264 265
96 1 3 1 10 0 265 266
97 1 3 1 10 0 266 267
98 1 3 1 10 0 267 268
99 1 3 1 10 0 268 269
100 1 3 1 10 0 269 270
101 1 3 1 10 0 270 271
102 1 3 1 10 0 271 272
103 1 3 1 10 0 272 273
104 1 3 1 10 0 273 274
105 1 3 1 10 0 274 275
106 1 3 1 10 0 275 276
107 1 3 1 10 0 276 277
108 1 3 1 10 0 277 278
109 1 3 1 10 0 278 279
110 1 3 1 10 0 279 280
111 1 3 1 10 0 280 281
112 1 3 1 10 0 281 282
113 1 3 1 10 0 282 283
114 1 3 1 10 0 283 284
115 1 3 1 10 0 284 285
116 1 3 1 10 0 285 286
117 1 3 1 10 0 286 287
118 1 3 1 10 0 287 288
119 1 3 1 10 0 288 289
120 1 3 1 10 0 289 290
121 1 3 1 10 0 290 291
122 1 3 1 10 0 291 292
123 1 3 1 10 0 292 293
124 1 3 1 10 0 293 294
125 1 3 1 10 0 294 295
126 1 3 1 10 0 295 296
127 1 3 1 10 0 296 297
128 1 3 1 10 0 297 298
129 1 3 1 10 0 298 299
130 1 3 1 10 0 299 300
131 1 3 1 10 0 300 301
132 1 3 1 10 0 301 302
133 1 3 1 10 0 302 303
134 1 3 1 10 0 303 304
135 1 3 1 10 0 304 305
136 1 3 1 10 0 305 306
137 1 3 1 10 0 306 307
138 1 3 1 10 0 307 308
139 1 3 1 10 0 308 309
140 1 3 1 10 0 309 310
141 1 3 1 10 0 310 311
142 1 3 1 10 0 311 312
143 1 3 1 10 0 312 313
144 1 3 1 10 0 313 314
145 1 3 1 10 0 314 315
146 1 3 1 10 0 315 316
147 1 3 1 10 0 316 317
148 1 3 1 10 0 317 318
149 1 3 1 10 0 318 319
150 1 3 1 10 0 319 320
151 1 3 1 10 0 320 321
152 1 3 1 10 0 321 322
153 1 3 1 10 0 322 323
154 1 3 1 10 0 323 324
155 1 3 1 10 0 324 325
156 1 3 1 10 0 325 326
157 1 3 1 10 0 326 327
158 1 3 1 10 0 327 328
159 1 3 1 10 0 328 329
160 1 3 1 10 0 329 330
161 1 3 1 10 0 330 331
162 1 3 1 10 0 331 332
163 1 3 1 10 0 332 333
164 1 3 1 10 0 333 334
165 1 3 1 10 0 334 335
166 1 3 1 10 0 335 336
167 1 3 1 10 0 336 337
168 1 3 1 10 0 337 338
169 1 3 1 10 0 338 339
170 1 3 1 10 0 339 340
171 1 3 1 10 0 340 341
172 1 3 1 10 0 341 342
173 1 3 1 10 0 342 343
174 1 3 1 10 0 343 344
175 1 3 1 10 0 344 345
176 1 3 1 10 0 345 346
177 1 3 1 10 0 346 347
178 1 3 1 10 0 347 348
179 1 3 1 10 0 348 349
180 1 3 1 10 0 349 350
181 1 3 1 10 0 350 351
182 1 3 1 10 0 351 352
183 1 3 1 10 0 352 353
184 1 3 1 10 0 353 354
185 1 3 1 10 0 354 355
186 1 3 1 10 0 355 356
187 1 3 1 10 0 356 357
188 1 3 1 10 0 357 358
189 1 3 1 10 0 358 359
190 1 3 1 10 0 359 360
191 1 3 1 10 0 360 361
192 1 3 1 10 0 361 362
193 1 3 1 10 0 362 363
194 1 3 1 10 0 363 364
195 1 3 1 10 0 364 365
196 1 3 1 10 0 365 366
197 1 3 1 10 0 366 367
198 1 3 1 10 0 367 368
199 1 3 1 10 0 368 369
200 1 3 1 10 0 369 370
201 1 3 1 10 0 370 371
202 1 3 1 10 0 371 372
203 1 3 1 10 0 372 373
204 1 3 1 10 0 373 374
205 1 3 1 10 0 374 375
206 1 3 1 10 0 375 376
207 1 3 1 10 0 376 377
208 1 3 1 10 0 377 378
209 1 3 1 10 0 378 379
210 1 3 1 10 0 379 380
211 1 3 1 10 0 380 381
212 1 3 1 10 0 381 382
213 1 3 1 10 0 382 383
214 1 3 1 10 0 383 384
215 1 3 1 10 0 384 385
216 1 3 1 10 0 385 386
217 1 3 1 10 0 386 387
218 1 3 1 10 0 387 388
219 1 3 1 10 0 388 389
220 1 3 1 10 0 389 390
221 1 3 1 10 0 390 391
222 1 3 1 10 0 391 392
223 1 3 1 10 0 392 393
224 1 3 1 10 0 393 394
225 1 3 1 10 0 394 395
226 1 3 1 10 0 395 396
227 1 3 1 10 0 396 397
228 1 3 1 10 0 397 398
229 1 3 1 10 0 398 399
230 1 3 1 10 0 399 400
231 1 3 1 10 0 400 401
232 1 3 1 10 0 401 402
233 1 3 1 10 0 402 403
234 1 3 1 10 0 403 404
235 1 3 1 10 0 404 405
236 1 3 1 10 0 405 406
237 1 3 1 10 0 406 407
238 1 3 1 10 0 407 408
239 1 3 1 10 0 408 409
240 1 3 1 10 0 409 410
241 1 3 1 10 0 410 411
242 1 3 1 10 0 411 412
243 1 3 1 10 0 412 413
244 1 3 1 10 0 413 414
245 1 3 1 10 0 414 415
246 1 3 1 10 0 415 416
247 1 3 1 10 0 416 417
248 1 3 1 10 0 417 418
249 1 3 1 10 0 418 419
250 1 3 1 10 0 419 420
251 1 3 1 10 0 420 421
252 1 3 1 10 0 421 422
253 1 3 1 10 0 422 423
254 1 3 1 10 0 423 424
255 1 3 1 10 0 424 425
256 1 3 1 10 0 425 426
257 1 3 1 10 0 426 427
258 1 3 1 10 0 427 428
259 1 3 1 10 0 428 429
260 1 3 1 10 0 429 430
261 1 3 1 10 0 430 431
262 1 3 1 10 0 431 432
263 1 3 1 10 0 432 433
264 1 3 1 10 0 433 434
265 1 3 1 10 0 434 435
266 1 3 1 10 0 435 436
267 1 3 1 10 0 436 437
268 1 3 1 10 0 437 438
269 1 3 1 10 0 438 439
270 1 3 1 10 0 439 440
271 1 3 1 10 0 440 441
272 1 3 1 10 0 441 442
273 1 3 1 10 0 442 443
274 1 3 1 10 0 443 444
275 1 3 1 10 0 444 445
276 1 3 1 10 0 445 446
277 1 3 1 10 0 446 447
278 1 3 1 10 0 447 448
279 1 3 1 10 0 448 449
280 1 3 1 10 0 449 450
281 1 3 1 10 0 450 451
282 1 3 1 10 0 451 452
283 1 3 1 10 0 452 453
284 1 3 1 10 0 453 454
285 1 3 1 10 0 454 455
286 1 3 1 10 0 455 456
287 1 3 1 10 0 456 457
288 1 3 1 10 0 457 458
289 1 3 1 10 0 458 459
290 1 3 1 10 0 459 460
291 1 3 1 10 0 460 461
292 1 3 1 10 0 461 462
293 1 3 1 10 0 462 463
294 1 3 1 10 0 463 464
295 1 3 1 10 0 464 465
296 1 3 1 10 0 465 466
297 1 3 1 10 0 466 467
298 1 3 1 10 0 467 468
299 1 3 1 10 0 468 469
300 1 3 1 10 0 469 470
301 1 3 1 10 0 470 471
302 1 3 1 10 0 471 472
303 1 3 1 10 0 472 473
304 1 3 1 10 0 473 474
305 1 3 1 10 0 474 475
306 1 3 1 10 0 475 476
307 1 3 1 10 0 476 477
308 1 3 1 10 0 477 478
309 1 3 1 10 0 478 479
310 1 3 1 10 0 479 480
311 1 3 1 10 0 480 481
312 1 3 1 10 0 481 482
313 1 3 1 10 0 482 483
314 1 3 1 10 0 483 484
315 1 3 1 10 0 484 485
316 1 3 1 10 0 485 486
317 1 3 1 10 0 486 487
318 1 3 1 10 0 487 488
319 1 3 1 10 0 488 489
320 1 3 1 10 0 489 490
321 1 3 1 10 0 490 491
322 1 3 1 10 0 491 492
323 1 3 1 10 0 492 493
324 1 3 1 10 0 493 494
325 1 3 1 10 0 494 495
326 1 3 1 10 0 495 496
327 1 3 1 10 0 496 497
328 1 3 1 10 0 497 498
329 1 3 1 10 0 498 499
330 1 3 1 10 0 499 500
331 1 3 1 10 0 500 501
332 1 3 1 10 0 501 502
333 1 3 1 10 0 502 503
334 1 3 1 10 0 503 504
335 1 3 1 10 0 504 505
336 1 3 1 10 0 505 506
337 1 3 1 10 0 506 507
338 1 3 1 10 0 507 508
339 1 3 1 10 0 508 509
340 1 3 1 10 0 509 510
341 1 3 1 10 0 510 511
342 1 3 1 10 0 511 512
343 1 3 1 10 0 512 513
344 1 3 1 10 0 513 514
345 1 3 1 10 0 514 515
346 1 3 1 10 0 515 516
347 1 3 1 10 0 516 517
348 1 3 1 10 0 517 518
349 1 3 1 10 0 518 519
350 1 3 1 10 0 519 520
351 1 3 1 10 0 520 521
352 1 3 1 10 0 521 522
353 1 3 1 10 0 522 523
354 1 3 1 10 0 523 524
355 1 3 1 10 0 524 525
356 1 3 1 10 0 525 526
357 1 3 1 10 0 526 527
358 1 3 1 10 0 527 528
359 1 3 1 10 0 528 529
360 1 3 1 10 0 529 530
361 1 3 1 10 0 530 531
362 1 3 1 10 0 531 532
363 1 3 1 10 0 532 533
364 1 3 1 10 0 533 534
365 1 3 1 10 0 534 535
366 1 3 1 10 0 535 536
367 1 3 1 10 0 536 537
368 1 3 1 10 0 537 538
369 1 3 1 10 0 538 539
370 1 3 1 10 0 539 540
371 1 3 1 10 0 540 541
372 1 3 1 10 0 541 542
373 1 3 1 10 0 542 543
374 1 3 1 10 0 543 544
375 1 3 1 10 0 544 545
376 1 3 1 10 0 545 546
377 1 3 1 10 0 546 547
378 1 3 1 10 0 547 548
379 1 3 1 10 0 548 549
380 1 3 1 10 0 549 550
381 1 3 1 10 0 550 551
382 1 3 1 10 0 551 552
383 1 3 1 10 0 552 553
384 1 3 1 10 0 553 554
385 1 3 1 10 0 554 555
386 1 3 1 10 0 555 556
387 1 3 1 10 0 556 557
388 1 3 1 10 0 557 558
389 1 3 1 10 0 558 559
390 1 3 1 10 0 559 560
391 1 3 1 10 0 560 561
392 1 3 1 10 0 561 562
393 1 3 1 10 0 562 563
394 1 3 1 10 0 563 564
395 1 3 1 10 0 564 565
396 1 3 1 10 0 565 566
397 1 3 1 10 0 566 567
398 1 3 1 10 0 567 568
399 1 3 1 10 0 568 569
400 1 3 1 10 0 569 570
401 1 3 1 10 0 570 571
402 1 3 1 10 0 571 572
403 1 3 1 10 0 572 573
404 1 3 1 10 0 573 574
405 1 3 1 10 0 574 575
406 1 3 1 10 0 575 576
407 1 3 1 10 0 576 577
408 1 3 1 10 0 577 578
409 1 3 1 10 0 578 579
410 1 3 1 10 0 579 580
411 1 3 1 10 0 580 581
412 1 3 1 10 0 581 582
413 1 3 1 10 0 582 583
414 1 3 1 10 0 583 584
415 1 3 1 10 0 584 585
416 1 3 1 10 0 585 586
417 1 3 1 10 0 586 587
418 1 3 1 10 0 587 588
419 1 3 1 10 0 588 589
420 1 3 1 10 0 589 590
421 1 3 1 10 0 590 591
422 1 3 1 10 0 591 592
423 1 3 1 10 0 592 593
424 1 3 1 10 0 593 594
425 1 3 1 10 0 594 595
426 1 3 1 10 0 595 596
427 1 3 1 10 0 596 597
428 1 3 1 10 0 597 598
429 1 3 1 10 0 598 599
430 1 3 1 10 0 599 600
431 1 3 1 10 0 600 601
432 1 3 1 10 0 601 602
433 1 3 1 10 0 602 603
434 1 3 1 10 0 603 604
435 1 3 1 10 0 604 605
436 1 3 1 10 0 605 606
437 1 3 1 10 0 606 607
438 1 3 1 10 0 607 608
439 1 3 1 10 0 608 609
440 1 3 1 10 0 609 610
441 1 3 1 10 0 610 611
442 1 3 1 10 0 611 612
443 1 3 1 10 0 612 613
444 1 3 1 10 0 613 614
445 1 3 1 10 0 614 615
446 1 3 1 10 0 615 616
447 1 3 1 10 0 616 617
448 1 3 1 10 0 617 618
449 1 3 1 10 0 618 619
450 1 3 1 10 0 619 620
451 1 3 1 10 0 620 621
452 1 3 1 10 0 621 622
453 1 3 1 10 0 622 623
454 1 3 1 10 0 623 624
455 1 3 1 10 0 624 625
456 1 3 1 10 0 625 626
457 1 3 1 10 0 626 627
458 1 3 1 10 0 627 628
459 1 3 1 10 0 628 629
460 1 3 1 10 0 629 630
461 1 3 1 10 0 630 631
462 1 3 1 10 0 631 632
463 1 3 1 10 0 632 633
464 1 3 1 10 0 633 634
465 1 3 1 10 0 634 635
466 1 3 1 10 0 635 636
467 1 3 1 10 0 636 637
468 1 3 1 10 0 637 638
469 1 3 1 10 0 638 639
470 1 3 1 10 0 639 640
471 1 3 1 10 0 640 641
472 1 3 1 10 0 641 642
473 1 3 1 10 0 642 643
474 1 3 1 10 0 643 644
475 1 3 1 10 0 644 645
476 1 3 1 10 0 645 646
477 1 3 1 10 0 646 647
478 1 3 1 10 0 647 648
479 1 3 1 10 0 648 649
480 1 3 1 10 0 649 650
481 1 3 1 10 0 650 651
482 1 3 1 10 0 651 652
483 1 3 1 10 0 652 653
484 1 3 1 10 0 653 654
485 1 3 1 10 0 654 655
486 1 3 1 10 0 655 656
487 1 3 1 10 0 656 657
488 1 3 1 10 0 657 658
489 1 3 1 10 0 658 659
490 1 3 1 10 0 659 660
491 1 3 1 10 0 660 661
492 1 3 1 10 0 661 662
493 1 3 1 10 0 662 663
494 1 3 1 10 0 663 664
495 1 3 1 10 0 664 665
496 1 3 1 10 0 665 666
497 1 3 1 10 0 666 667
498 1 3 1 10 0 667 668
499 1 3 1 10 0 668 669
500 1 3 1 10 0 669 670
501 1 3 1 10 0 670 671
502 1 3 1 10 0 671 672
503 1 3 1 10 0 672 673
504 1 3 1 10 0 673 674
505 1 3 1 10 0 674 675
506 1 3 1 10 0 675 676
507 1 3 1 10 0 676 677
508 1 3 1 10 0 677 678
509 1 3 1 10 0 678 679
510 1 3 1 10 0 679 680
511 1 3 1 10 0 680 681
512 1 3 1 10 0 681 682
513 1 3 1 10 0 682 683
514 1 3 1 10 0 683 684
515 1 3 1 10 0 684 685
516 1 3 1 10 0 685 686
517 1 3 1 10 0 686 687
518 1 3 1 10 0 687 688
519 1 3 1 10 0 688 689
520 1 3 1 10 0 689 690
521 1 3 1 10 0 690 691
522 1 3 1 10 0 691 692
523 1 3 1 10 0 692 693
524 1 3 1 10 0 693 694
525 1 3 1 10 0 694 695
526 1 3 1 10 0 695 696
527 1 3 1 10 0 696 697
528 1 3 1 10 0 697 698
529 1 3 1 10 0 698 699
530 1 3 1 10 0 699 700
531 1 3 1 10 0 700 701
532 1 3 1 10 0 701 702
533 1 3 1 10 0 702 703
534 1 3 1 10 0 703 704
535 1 3 1 10 0 704 705
536 1 3 1 10 0 705 9
537 1 3 3 15 0 11 767
538 1 3 3 15 0 767 768
539 1 3 3 15 0 768 769
540 1 3 3 15 0 769 12
541 1 3 3 16 0 12 770
542 1 3 3 16 0 770 771
543 1 3 3 16 0 771 772
544 1 3 3 16 0 772 773
545 1 3 3 16 0 773 10
546 1 3 3 17 0 10 774
547 1 3 3 17 0 774 775
548 1 3 3 17 0 775 776
549 1 3 3 17 0 776 777
550 1 3 3 17 0 777 2
551 2 3 1 19 0 130 129 6
552 2 3 1 19 0 36 3 37
553 2 3 1 19 0 132 133 784
554 2 3 1 19 0 123 124 798
555 2 3 1 19 0 792 38 39
556 2 3 1 19 0 793 89 5
557 2 3 1 19 0 797 48 49
558 2 3 1 19 0 799 37 38
559 2 3 1 19 0 38 792 799
560 2 3 1 19 0 807 127 128
561 2 3 1 19 0 30 31 813
562 2 3 1 19 0 782 792 818
563 2 3 1 19 0 821 807 128
564 2 3 1 19 0 799 35 36
565 2 3 1 19 0 35 799 783
566 2 3 1 19 0 36 37 799
567 2 3 1 19 0 783 799 792
568 2 3 1 19 0 806 787 784
569 2 3 1 19 0 819 806 784
570 2 3 1 19 0 89 793 808
571 2 3 1 19 0 88 89 808
572 2 3 1 19 0 812 51 52
573 2 3 1 19 0 127 807 814
574 2 3 1 19 0 814 125 126
575 2 3 1 19 0 814 126 127
576 2 3 1 19 0 16 17 815
577 2 3 1 19 0 819 133 134
578 2 3 1 19 0 784 133 819
579 2 3 1 19 0 807 820 814
580 2 3 1 19 0 129 130 821
581 2 3 1 19 0 821 128 129
582 2 3 1 19 0 822 81 82
583 2 3 1 19 0 824 64 65
584 2 3 1 19 0 824 65 66
585 2 3 1 19 0 797 49 829
586 2 3 1 19 0 130 131 831
587 2 3 1 19 0 831 821 130
588 2 3 1 19 0 840 58 59
589 2 3 1 19 0 80 81 854
590 2 3 1 19 0 854 81 822
591 2 3 1 19 0 856 57 58
592 2 3 1 19 0 857 54 55
593 2 3 1 19 0 818 40 41
594 2 3 1 19 0 823 136 137
595 2 3 1 19 0 830 789 19
596 2 3 1 19 0 19 20 830
597 2 3 1 19 0 836 811 794
598 2 3 1 19 0 836 837 811
599 2 3 1 19 0 855 840 59
600 2 3 1 19 0 781 832 848
601 2 3 1 19 0 45 46 850
602 2 3 1 19 0 797 828 851
603 2 3 1 19 0 855 59 60
604 2 3 1 19 0 805 856 840
605 2 3 1 19 0 856 58 840
606 2 3 1 19 0 860 813 31
607 2 3 1 19 0 31 32 860
608 2 3 1 19 0 863 84 85
609 2 3 1 19 0 806 819 865
610 2 3 1 19 0 865 779 806
611 2 3 1 19 0 74 75 873
612 2 3 1 19 0 873 75 832
613 2 3 1 19 0 874 73 74
614 2 3 1 19 0 888 92 93
615 2 3 1 19 0 893 60 4
616 2 3 1 19 0 894 812 52
617 2 3 1 19 0 52 53 894
618 2 3 1 19 0 83 84 863
619 2 3 1 19 0 134 135 865
620 2 3 1 19 0 134 865 819
621 2 3 1 19 0 121 122 866
622 2 3 1 19 0 798 827 866
623 2 3 1 19 0 117 118 872
624 2 3 1 19 0 74 873 874
625 2 3 1 19 0 781 873 832
626 2 3 1 19 0 874 873 781
627 2 3 1 19 0 107 108 876
628 2 3 1 19 0 878 78 79
629 2 3 1 19 0 79 80 878
630 2 3 1 19 0 837 836 881
631 2 3 1 19 0 883 880 881
632 2 3 1 19 0 824 66 885
633 2 3 1 19 0 885 66 67
634 2 3 1 19 0 885 794 824
635 2 3 1 19 0 836 794 885
636 2 3 1 19 0 892 64 824
637 2 3 1 19 0 824 794 892
638 2 3 1 19 0 27 28 896
639 2 3 1 19 0 896 859 27
640 2 3 1 19 0 858 859 896
641 2 3 1 19 0 897 784 787
642 2 3 1 19 0 75 76 902
643 2 3 1 19 0 902 832 75
644 2 3 1 19 0 903 77 78
645 2 3 1 19 0 93 94 925
646 2 3 1 19 0 831 807 821
647 2 3 1 19 0 818 39 40
648 2 3 1 19 0 39 818 792
649 2 3 1 19 0 67 68 882
650 2 3 1 19 0 67 882 885
651 2 3 1 19 0 881 882 883
652 2 3 1 19 0 63 64 892
653 2 3 1 19 0 4 61 893
654 2 3 1 19 0 898 825 811
655 2 3 1 19 0 901 26 27
656 2 3 1 19 0 27 859 901
657 2 3 1 19 0 901 25 2
658 2 3 1 19 0 2 26 901
659 2 3 1 19 0 904 817 852
660 2 3 1 19 0 909 886 905
661 2 3 1 19 0 907 906 871
662 2 3 1 19 0 871 906 920
663 2 3 1 19 0 827 798 907
664 2 3 1 19 0 914 791 786
665 2 3 1 19 0 916 135 136
666 2 3 1 19 0 136 823 916
667 2 3 1 19 0 865 135 916
668 2 3 1 19 0 842 915 917
669 2 3 1 19 0 920 806 779
670 2 3 1 19 0 806 920 787
671 2 3 1 19 0 906 787 920
672 2 3 1 19 0 925 888 93
673 2 3 1 19 0 927 880 883
674 2 3 1 19 0 934 778 867
675 2 3 1 19 0 70 71 935
676 2 3 1 19 0 936 845 870
677 2 3 1 19 0 868 845 936
678 2 3 1 19 0 940 787 906
679 2 3 1 19 0 941 864 913
680 2 3 1 19 0 946 807 831
681 2 3 1 19 0 882 68 947
682 2 3 1 19 0 947 68 69
683 2 3 1 19 0 964 87 88
684 2 3 1 19 0 88 808 964
685 2 3 1 19 0 931 843 968
686 2 3 1 19 0 953 138 139
687 2 3 1 19 0 835 810 802
688 2 3 1 19 0 913 864 802
689 2 3 1 19 0 878 80 854
690 2 3 1 19 0 854 839 878
691 2 3 1 19 0 875 95 96
692 2 3 1 19 0 878 839 903
693 2 3 1 19 0 903 78 878
694 2 3 1 19 0 834 928 886
695 2 3 1 19 0 905 886 928
696 2 3 1 19 0 933 861 816
697 2 3 1 19 0 933 816 778
698 2 3 1 19 0 937 28 29
699 2 3 1 19 0 28 937 896
700 2 3 1 19 0 896 937 858
701 2 3 1 19 0 895 858 937
702 2 3 1 19 0 938 910 847
703 2 3 1 19 0 940 906 907
704 2 3 1 19 0 820 807 946
705 2 3 1 19 0 940 820 946
706 2 3 1 19 0 787 946 897
707 2 3 1 19 0 946 787 940
708 2 3 1 19 0 905 948 909
709 2 3 1 19 0 951 949 859
710 2 3 1 19 0 901 859 949
711 2 3 1 19 0 951 859 858
712 2 3 1 19 0 951 858 895
713 2 3 1 19 0 895 804 951
714 2 3 1 19 0 954 778 816
715 2 3 1 19 0 898 835 955
716 2 3 1 19 0 843 931 957
717 2 3 1 19 0 847 910 959
718 2 3 1 19 0 833 893 960
719 2 3 1 19 0 961 960 911
720 2 3 1 19 0 86 87 964
721 2 3 1 19 0 965 869 888
722 2 3 1 19 0 888 925 965
723 2 3 1 19 0 972 798 124
724 2 3 1 19 0 124 125 972
725 2 3 1 19 0 82 83 974
726 2 3 1 19 0 974 822 82
727 2 3 1 19 0 812 894 977
728 2 3 1 19 0 877 909 978
729 2 3 1 19 0 978 909 948
730 2 3 1 19 0 983 909 877
731 2 3 1 19 0 985 844 929
732 2 3 1 19 0 985 944 932
733 2 3 1 19 0 932 844 985
734 2 3 1 19 0 991 895 937
735 2 3 1 19 0 993 905 928
736 2 3 1 19 0 995 978 942
737 2 3 1 19 0 877 978 995
738 2 3 1 19 0 943 980 997
739 2 3 1 19 0 908 980 998
740 2 3 1 19 0 998 980 943
741 2 3 1 19 0 944 985 1001
742 2 3 1 19 0 1001 985 929
743 2 3 1 19 0 1004 901 949
744 2 3 1 19 0 25 901 1004
745 2 3 1 19 0 942 884 1008
746 2 3 1 19 0 1008 995 942
747 2 3 1 19 0 801 833 1010
748 2 3 1 19 0 1010 833 960
749 2 3 1 19 0 1010 796 801
750 2 3 1 19 0 1012 825 796
751 2 3 1 19 0 961 825 1012
752 2 3 1 19 0 33 34 841
753 2 3 1 19 0 800 841 783
754 2 3 1 19 0 869 91 92
755 2 3 1 19 0 869 92 888
756 2 3 1 19 0 897 132 784
757 2 3 1 19 0 131 132 897
758 2 3 1 19 0 897 831 131
759 2 3 1 19 0 831 897 946
760 2 3 1 19 0 902 76 77
761 2 3 1 19 0 902 77 903
762 2 3 1 19 0 849 832 902
763 2 3 1 19 0 902 903 849
764 2 3 1 19 0 911 62 63
765 2 3 1 19 0 62 911 1011
766 2 3 1 19 0 892 911 63
767 2 3 1 19 0 961 911 892
768 2 3 1 19 0 1011 911 960
769 2 3 1 19 0 848 832 936
770 2 3 1 19 0 936 870 848
771 2 3 1 19 0 936 832 849
772 2 3 1 19 0 936 849 868
773 2 3 1 19 0 951 804 950
774 2 3 1 19 0 950 949 951
775 2 3 1 19 0 918 966 919
776 2 3 1 19 0 969 782 818
777 2 3 1 19 0 972 125 814
778 2 3 1 19 0 814 820 972
779 2 3 1 19 0 940 972 820
780 2 3 1 19 0 83 863 974
781 2 3 1 19 0 997 980 974
782 2 3 1 19 0 982 96 97
783 2 3 1 19 0 982 97 98
784 2 3 1 19 0 98 970 982
785 2 3 1 19 0 983 877 910
786 2 3 1 19 0 910 938 983
787 2 3 1 19 0 984 834 886
788 2 3 1 19 0 989 857 826
789 2 3 1 19 0 852 990 941
790 2 3 1 19 0 990 864 941
791 2 3 1 19 0 993 862 788
792 2 3 1 19 0 928 862 993
793 2 3 1 19 0 1014 996 964
794 2 3 1 19 0 997 974 863
795 2 3 1 19 0 997 996 943
796 2 3 1 19 0 943 844 998
797 2 3 1 19 0 999 790 944
798 2 3 1 19 0 987 1001 929
799 2 3 1 19 0 999 944 1001
800 2 3 1 19 0 1011 893 61
801 2 3 1 19 0 61 62 1011
802 2 3 1 19 0 960 893 1011
803 2 3 1 19 0 796 1010 1012
804 2 3 1 19 0 1012 1010 960
805 2 3 1 19 0 960 961 1012
806 2 3 1 19 0 1014 964 808
807 2 3 1 19 0 1019 864 795
808 2 3 1 19 0 802 864 1019
809 2 3 1 19 0 1020 805 826
810 2 3 1 19 0 856 805 1020
811 2 3 1 19 0 912 1021 1022
812 2 3 1 19 0 1022 1021 862
813 2 3 1 19 0 1024 950 817
814 2 3 1 19 0 949 950 1024
815 2 3 1 19 0 957 890 1025
816 2 3 1 19 0 1026 788 945
817 2 3 1 19 0 1028 809 869
818 2 3 1 19 0 869 965 1028
819 2 3 1 19 0 1029 106 107
820 2 3 1 19 0 107 876 1029
821 2 3 1 19 0 1030 845 846
822 2 3 1 19 0 1044 1043 889
823 2 3 1 19 0 1053 886 909
824 2 3 1 19 0 984 886 1053
825 2 3 1 19 0 1054 1045 986
826 2 3 1 19 0 54 857 1055
827 2 3 1 19 0 1055 857 989
828 2 3 1 19 0 795 864 1056
829 2 3 1 19 0 1056 864 990
830 2 3 1 19 0 1057 994 992
831 2 3 1 19 0 844 943 1058
832 2 3 1 19 0 1058 943 996
833 2 3 1 19 0 1059 997 863
834 2 3 1 19 0 996 997 1059
835 2 3 1 19 0 1002 1016 1062
836 2 3 1 19 0 889 1043 1068
837 2 3 1 19 0 1073 779 865
838 2 3 1 19 0 865 916 1073
839 2 3 1 19 0 1075 1074 1018
840 2 3 1 19 0 988 813 860
841 2 3 1 19 0 810 835 879
842 2 3 1 19 0 825 900 796
843 2 3 1 19 0 778 934 933
844 2 3 1 19 0 927 935 963
845 2 3 1 19 0 973 868 839
846 2 3 1 19 0 808 793 987
847 2 3 1 19 0 808 987 1014
848 2 3 1 19 0 1014 987 929
849 2 3 1 19 0 24 25 1004
850 2 3 1 19 0 1007 113 114
851 2 3 1 19 0 104 105 1009
852 2 3 1 19 0 992 1016 1033
853 2 3 1 19 0 1019 835 802
854 2 3 1 19 0 955 835 1019
855 2 3 1 19 0 1019 795 955
856 2 3 1 19 0 1022 785 912
857 2 3 1 19 0 1022 862 928
858 2 3 1 19 0 1004 949 1024
859 2 3 1 19 0 1013 1025 890
860 2 3 1 19 0 788 1026 993
861 2 3 1 19 0 905 1026 948
862 2 3 1 19 0 1026 905 993
863 2 3 1 19 0 1031 72 73
864 2 3 1 19 0 1031 73 874
865 2 3 1 19 0 1031 874 781
866 2 3 1 19 0 1032 841 800
867 2 3 1 19 0 119 120 1035
868 2 3 1 19 0 115 116 1036
869 2 3 1 19 0 1039 991 958
870 2 3 1 19 0 958 991 1042
871 2 3 1 19 0 30 813 1042
872 2 3 1 19 0 937 1042 991
873 2 3 1 19 0 1067 791 1043
874 2 3 1 19 0 976 952 1048
875 2 3 1 19 0 847 1048 938
876 2 3 1 19 0 1048 926 938
877 2 3 1 19 0 1049 109 110
878 2 3 1 19 0 1053 909 983
879 2 3 1 19 0 1055 894 53
880 2 3 1 19 0 53 54 1055
881 2 3 1 19 0 989 894 1055
882 2 3 1 19 0 929 844 1058
883 2 3 1 19 0 1058 1014 929
884 2 3 1 19 0 996 1014 1058
885 2 3 1 19 0 1059 863 85
886 2 3 1 19 0 1059 85 86
887 2 3 1 19 0 1059 964 996
888 2 3 1 19 0 86 964 1059
889 2 3 1 19 0 930 861 1063
890 2 3 1 19 0 1063 1002 930
891 2 3 1 19 0 1063 861 933
892 2 3 1 19 0 1064 1005 1006
893 2 3 1 19 0 962 1065 1027
894 2 3 1 19 0 1066 111 112
895 2 3 1 19 0 1043 791 1068
896 2 3 1 19 0 910 1069 959
897 2 3 1 19 0 823 1073 916
898 2 3 1 19 0 930 1073 823
899 2 3 1 19 0 795 1056 1077
900 2 3 1 19 0 795 1077 1078
901 2 3 1 19 0 1077 1056 1070
902 2 3 1 19 0 812 977 1079
903 2 3 1 19 0 805 840 1082
904 2 3 1 19 0 1082 967 805
905 2 3 1 19 0 100 101 1084
906 2 3 1 19 0 844 932 1086
907 2 3 1 19 0 1086 998 844
908 2 3 1 19 0 930 823 1088
909 2 3 1 19 0 921 871 1089
910 2 3 1 19 0 1089 994 921
911 2 3 1 19 0 1092 939 1023
912 2 3 1 19 0 1092 1026 945
913 2 3 1 19 0 1095 976 1049
914 2 3 1 19 0 1066 976 1095
915 2 3 1 19 0 1099 1057 992
916 2 3 1 19 0 956 1057 1099
917 2 3 1 19 0 1007 1027 1103
918 2 3 1 19 0 1103 1027 1065
919 2 3 1 19 0 1110 120 121
920 2 3 1 19 0 1035 120 1110
921 2 3 1 19 0 1111 1027 1007
922 2 3 1 19 0 1036 1027 1111
923 2 3 1 19 0 1112 1093 956
924 2 3 1 19 0 1036 1093 1112
925 2 3 1 19 0 1117 876 1049
926 2 3 1 19 0 1049 976 1117
927 2 3 1 19 0 1120 934 867
928 2 3 1 19 0 805 967 1121
929 2 3 1 19 0 1124 1000 1060
930 2 3 1 19 0 1040 1005 1125
931 2 3 1 19 0 1125 1005 1064
932 2 3 1 19 0 1126 1103 1066
933 2 3 1 19 0 1007 1103 1126
934 2 3 1 19 0 1066 1103 1127
935 2 3 1 19 0 1127 1103 1065
936 2 3 1 19 0 848 870 923
937 2 3 1 19 0 848 923 922
938 2 3 1 19 0 1013 890 1070
939 2 3 1 19 0 1077 1070 890
940 2 3 1 19 0 890 1074 1077
941 2 3 1 19 0 947 69 70
942 2 3 1 19 0 935 947 70
943 2 3 1 19 0 883 882 947
944 2 3 1 19 0 927 883 947
945 2 3 1 19 0 947 935 927
946 2 3 1 19 0 927 981 880
947 2 3 1 19 0 1104 1008 884
948 2 3 1 19 0 1069 995 1008
949 2 3 1 19 0 1009 1008 1104
950 2 3 1 19 0 801 796 1017
951 2 3 1 19 0 1076 967 1017
952 2 3 1 19 0 1020 55 56
953 2 3 1 19 0 1020 56 57
954 2 3 1 19 0 857 55 1020
955 2 3 1 19 0 1020 57 856
956 2 3 1 19 0 826 857 1020
957 2 3 1 19 0 1044 870 845
958 2 3 1 19 0 1044 845 1030
959 2 3 1 19 0 1044 1030 1043
960 2 3 1 19 0 923 870 1044
961 2 3 1 19 0 1044 889 923
962 2 3 1 19 0 1047 1035 1046
963 2 3 1 19 0 1109 1047 872
964 2 3 1 19 0 1035 1047 1109
965 2 3 1 19 0 968 1050 931
966 2 3 1 19 0 931 1050 1122
967 2 3 1 19 0 977 1050 968
968 2 3 1 19 0 1052 983 938
969 2 3 1 19 0 983 1052 1053
970 2 3 1 19 0 1053 1052 984
971 2 3 1 19 0 999 1001 1061
972 2 3 1 19 0 1062 779 1073
973 2 3 1 19 0 846 887 1067
974 2 3 1 19 0 1043 1030 1067
975 2 3 1 19 0 1067 1030 846
976 2 3 1 19 0 1076 1075 1018
977 2 3 1 19 0 1017 1075 1076
978 2 3 1 19 0 1078 1074 1075
979 2 3 1 19 0 1077 1074 1078
980 2 3 1 19 0 1078 900 955
981 2 3 1 19 0 955 795 1078
982 2 3 1 19 0 789 912 1037
983 2 3 1 19 0 1046 827 921
984 2 3 1 19 0 986 908 1054
985 2 3 1 19 0 1054 908 998
986 2 3 1 19 0 791 914 1068
987 2 3 1 19 0 889 1068 1091
988 2 3 1 19 0 1079 50 51
989 2 3 1 19 0 1079 51 812
990 2 3 1 19 0 780 789 1081
991 2 3 1 19 0 830 1081 789
992 2 3 1 19 0 855 833 1082
993 2 3 1 19 0 1082 840 855
994 2 3 1 19 0 1082 833 801
995 2 3 1 19 0 1017 1082 801
996 2 3 1 19 0 967 1082 1017
997 2 3 1 19 0 101 102 1084
998 2 3 1 19 0 875 1085 925
999 2 3 1 19 0 965 925 1085
1000 2 3 1 19 0 998 1086 1054
1001 2 3 1 19 0 1054 1086 1045
1002 2 3 1 19 0 823 137 1088
1003 2 3 1 19 0 1089 871 920
1004 2 3 1 19 0 920 779 1089
1005 2 3 1 19 0 1089 779 1062
1006 2 3 1 19 0 953 1090 979
1007 2 3 1 19 0 1091 802 810
1008 2 3 1 19 0 1093 116 117
1009 2 3 1 19 0 117 872 1093
1010 2 3 1 19 0 1036 116 1093
1011 2 3 1 19 0 111 1066 1095
1012 2 3 1 19 0 1095 110 111
1013 2 3 1 19 0 1049 110 1095
1014 2 3 1 19 0 1084 884 1096
1015 2 3 1 19 0 942 978 1097
1016 2 3 1 19 0 1023 1097 1106
1017 2 3 1 19 0 1099 1033 918
1018 2 3 1 19 0 992 1033 1099
1019 2 3 1 19 0 968 1100 977
1020 2 3 1 19 0 977 1100 1079
1021 2 3 1 19 0 1079 1100 829
1022 2 3 1 19 0 42 43 1101
1023 2 3 1 19 0 1102 43 44
1024 2 3 1 19 0 103 104 1104
1025 2 3 1 19 0 1104 104 1009
1026 2 3 1 19 0 1105 950 804
1027 2 3 1 19 0 1106 1092 1023
1028 2 3 1 19 0 1026 1092 1106
1029 2 3 1 19 0 1106 948 1026
1030 2 3 1 19 0 1107 105 106
1031 2 3 1 19 0 106 1029 1107
1032 2 3 1 19 0 1009 105 1107
1033 2 3 1 19 0 1063 1108 1002
1034 2 3 1 19 0 1108 1016 1002
1035 2 3 1 19 0 118 119 1109
1036 2 3 1 19 0 1109 872 118
1037 2 3 1 19 0 1109 119 1035
1038 2 3 1 19 0 1110 121 866
1039 2 3 1 19 0 1110 1046 1035
1040 2 3 1 19 0 1111 114 115
1041 2 3 1 19 0 115 1036 1111
1042 2 3 1 19 0 1007 114 1111
1043 2 3 1 19 0 956 962 1112
1044 2 3 1 19 0 1027 1036 1112
1045 2 3 1 19 0 1112 962 1027
1046 2 3 1 19 0 1013 1070 1113
1047 2 3 1 19 0 1105 804 1113
1048 2 3 1 19 0 1052 1114 984
1049 2 3 1 19 0 1114 934 1120
1050 2 3 1 19 0 1117 847 959
1051 2 3 1 19 0 847 1117 1048
1052 2 3 1 19 0 876 1117 1029
1053 2 3 1 19 0 959 1029 1117
1054 2 3 1 19 0 1048 1117 976
1055 2 3 1 19 0 780 1118 1021
1056 2 3 1 19 0 1021 1118 862
1057 2 3 1 19 0 867 834 1120
1058 2 3 1 19 0 1120 834 984
1059 2 3 1 19 0 984 1114 1120
1060 2 3 1 19 0 826 805 1121
1061 2 3 1 19 0 989 826 1121
1062 2 3 1 19 0 1121 1050 989
1063 2 3 1 19 0 1122 1050 1121
1064 2 3 1 19 0 1018 931 1122
1065 2 3 1 19 0 1018 1122 1076
1066 2 3 1 19 0 1076 1122 967
1067 2 3 1 19 0 1122 1121 967
1068 2 3 1 19 0 1124 1060 999
1069 2 3 1 19 0 999 1061 1124
1070 2 3 1 19 0 112 113 1126
1071 2 3 1 19 0 1126 1066 112
1072 2 3 1 19 0 1126 113 1007
1073 2 3 1 19 0 1127 919 952
1074 2 3 1 19 0 1065 919 1127
1075 2 3 1 19 0 887 791 1067
1076 2 3 1 19 0 836 885 882
1077 2 3 1 19 0 882 881 836
1078 2 3 1 19 0 1068 914 913
1079 2 3 1 19 0 962 918 919
1080 2 3 1 19 0 919 1065 962
1081 2 3 1 19 0 1 15 953
1082 2 3 1 19 0 953 139 1
1083 2 3 1 19 0 961 892 794
1084 2 3 1 19 0 1028 965 1015
1085 2 3 1 19 0 957 931 1018
1086 2 3 1 19 0 880 879 837
1087 2 3 1 19 0 837 881 880
1088 2 3 1 19 0 1108 1063 933
1089 2 3 1 19 0 790 999 1060
1090 2 3 1 19 0 907 871 921
1091 2 3 1 19 0 921 827 907
1092 2 3 1 19 0 1031 963 935
1093 2 3 1 19 0 29 30 1042
1094 2 3 1 19 0 1042 937 29
1095 2 3 1 19 0 108 109 1049
1096 2 3 1 19 0 1049 876 108
1097 2 3 1 19 0 1052 938 926
1098 2 3 1 19 0 1009 1107 1069
1099 2 3 1 19 0 1069 1008 1009
1100 2 3 1 19 0 1113 804 895
1101 2 3 1 19 0 854 822 1128
1102 2 3 1 19 0 1128 822 924
1103 2 3 1 19 0 1038 1005 1129
1104 2 3 1 19 0 1040 971 1129
1105 2 3 1 19 0 1129 1005 1040
1106 2 3 1 19 0 1131 1016 1108
1107 2 3 1 19 0 1108 1041 1131
1108 2 3 1 19 0 1033 1016 1131
1109 2 3 1 19 0 1132 810 879
1110 2 3 1 19 0 1119 810 1132
1111 2 3 1 19 0 1133 1130 969
1112 2 3 1 19 0 1034 1130 1133
1113 2 3 1 19 0 1003 1125 1134
1114 2 3 1 19 0 1135 1001 987
1115 2 3 1 19 0 1061 1001 1135
1116 2 3 1 19 0 1137 1045 1086
1117 2 3 1 19 0 1115 1045 1137
1118 2 3 1 19 0 1139 16 815
1119 2 3 1 19 0 1090 16 1139
1120 2 3 1 19 0 1140 1023 975
1121 2 3 1 19 0 1097 1023 1140
1122 2 3 1 19 0 1141 1052 926
1123 2 3 1 19 0 1114 1052 1141
1124 2 3 1 19 0 1144 921 994
1125 2 3 1 19 0 1046 921 1144
1126 2 3 1 19 0 879 835 1145
1127 2 3 1 19 0 1145 835 898
1128 2 3 1 19 0 926 1048 1146
1129 2 3 1 19 0 1146 1048 952
1130 2 3 1 19 0 900 1078 1147
1131 2 3 1 19 0 1147 1078 1075
1132 2 3 1 19 0 1149 17 18
1133 2 3 1 19 0 815 17 1149
1134 2 3 1 19 0 1151 1064 1006
1135 2 3 1 19 0 1094 1064 1151
1136 2 3 1 19 0 46 47 851
1137 2 3 1 19 0 851 850 46
1138 2 3 1 19 0 839 854 1128
1139 2 3 1 19 0 1128 973 839
1140 2 3 1 19 0 924 973 1128
1141 2 3 1 19 0 790 1116 944
1142 2 3 1 19 0 988 860 1006
1143 2 3 1 19 0 71 72 1031
1144 2 3 1 19 0 1031 935 71
1145 2 3 1 19 0 894 989 1050
1146 2 3 1 19 0 1050 977 894
1147 2 3 1 19 0 1032 1006 860
1148 2 3 1 19 0 1032 860 1148
1149 2 3 1 19 0 1148 860 32
1150 2 3 1 19 0 1066 1127 952
1151 2 3 1 19 0 952 976 1066
1152 2 3 1 19 0 1069 910 877
1153 2 3 1 19 0 877 995 1069
1154 2 3 1 19 0 1132 879 880
1155 2 3 1 19 0 880 981 1132
1156 2 3 1 19 0 1119 1132 981
1157 2 3 1 19 0 1133 969 1101
1158 2 3 1 19 0 1034 1133 1102
1159 2 3 1 19 0 793 809 1135
1160 2 3 1 19 0 1135 987 793
1161 2 3 1 19 0 990 1105 1056
1162 2 3 1 19 0 917 786 1136
1163 2 3 1 19 0 1137 1086 932
1164 2 3 1 19 0 1138 1024 817
1165 2 3 1 19 0 1138 817 904
1166 2 3 1 19 0 815 954 1139
1167 2 3 1 19 0 816 1090 1139
1168 2 3 1 19 0 1139 954 816
1169 2 3 1 19 0 1091 1068 913
1170 2 3 1 19 0 913 802 1091
1171 2 3 1 19 0 1094 800 782
1172 2 3 1 19 0 948 1106 1097
1173 2 3 1 19 0 1097 978 948
1174 2 3 1 19 0 1140 1098 1096
1175 2 3 1 19 0 1096 1097 1140
1176 2 3 1 19 0 975 970 1098
1177 2 3 1 19 0 1098 1140 975
1178 2 3 1 19 0 829 828 797
1179 2 3 1 19 0 1100 828 829
1180 2 3 1 19 0 817 950 1105
1181 2 3 1 19 0 1141 926 966
1182 2 3 1 19 0 1141 1041 1114
1183 2 3 1 19 0 1142 889 1119
1184 2 3 1 19 0 923 889 1142
1185 2 3 1 19 0 1091 810 1119
1186 2 3 1 19 0 1119 889 1091
1187 2 3 1 19 0 945 788 1143
1188 2 3 1 19 0 1000 945 1143
1189 2 3 1 19 0 1123 1060 1143
1190 2 3 1 19 0 1143 1060 1000
1191 2 3 1 19 0 980 908 924
1192 2 3 1 19 0 1144 1047 1046
1193 2 3 1 19 0 1144 994 1057
1194 2 3 1 19 0 1057 1047 1144
1195 2 3 1 19 0 1145 811 837
1196 2 3 1 19 0 837 879 1145
1197 2 3 1 19 0 898 811 1145
1198 2 3 1 19 0 919 966 1146
1199 2 3 1 19 0 1146 952 919
1200 2 3 1 19 0 1146 966 926
1201 2 3 1 19 0 1015 965 1085
1202 2 3 1 19 0 1085 1072 1015
1203 2 3 1 19 0 1147 796 900
1204 2 3 1 19 0 1147 1075 1017
1205 2 3 1 19 0 1017 796 1147
1206 2 3 1 19 0 956 1093 872
1207 2 3 1 19 0 33 841 1148
1208 2 3 1 19 0 1148 32 33
1209 2 3 1 19 0 1148 841 1032
1210 2 3 1 19 0 954 815 1149
1211 2 3 1 19 0 1149 18 1037
1212 2 3 1 19 0 1150 1130 1034
1213 2 3 1 19 0 1094 1130 1150
1214 2 3 1 19 0 1150 1064 1094
1215 2 3 1 19 0 1034 1134 1150
1216 2 3 1 19 0 1150 1134 1125
1217 2 3 1 19 0 1125 1064 1150
1218 2 3 1 19 0 1032 800 1151
1219 2 3 1 19 0 1151 1006 1032
1220 2 3 1 19 0 1151 800 1094
1221 2 3 1 19 0 1152 917 803
1222 2 3 1 19 0 842 917 1152
1223 2 3 1 19 0 785 1022 1153
1224 2 3 1 19 0 1153 1022 928
1225 2 3 1 19 0 966 918 1154
1226 2 3 1 19 0 1154 918 1033
1227 2 3 1 19 0 1158 786 791
1228 2 3 1 19 0 1136 786 1158
1229 2 3 1 19 0 1045 1115 1160
1230 2 3 1 19 0 1104 102 103
1231 2 3 1 19 0 1038 958 988
1232 2 3 1 19 0 861 930 1088
1233 2 3 1 19 0 1088 979 861
1234 2 3 1 19 0 932 944 1116
1235 2 3 1 19 0 1116 1137 932
1236 2 3 1 19 0 899 1040 1003
1237 2 3 1 19 0 1040 1125 1003
1238 2 3 1 19 0 1037 18 19
1239 2 3 1 19 0 19 789 1037
1240 2 3 1 19 0 866 827 1110
1241 2 3 1 19 0 1110 827 1046
1242 2 3 1 19 0 853 1083 1115
1243 2 3 1 19 0 1156 1083 853
1244 2 3 1 19 0 1080 1083 1156
1245 2 3 1 19 0 22 23 1087
1246 2 3 1 19 0 942 1096 884
1247 2 3 1 19 0 1097 1096 942
1248 2 3 1 19 0 1105 990 852
1249 2 3 1 19 0 1105 852 817
1250 2 3 1 19 0 1115 1137 1116
1251 2 3 1 19 0 1142 922 923
1252 2 3 1 19 0 981 922 1142
1253 2 3 1 19 0 981 1142 1119
1254 2 3 1 19 0 924 908 986
1255 2 3 1 19 0 986 973 924
1256 2 3 1 19 0 900 825 898
1257 2 3 1 19 0 898 955 900
1258 2 3 1 19 0 918 962 1099
1259 2 3 1 19 0 1099 962 956
1260 2 3 1 19 0 1029 959 1107
1261 2 3 1 19 0 1107 959 1069
1262 2 3 1 19 0 1051 21 22
1263 2 3 1 19 0 22 1087 1051
1264 2 3 1 19 0 783 792 782
1265 2 3 1 19 0 782 800 783
1266 2 3 1 19 0 829 49 50
1267 2 3 1 19 0 50 1079 829
1268 2 3 1 19 0 785 1153 867
1269 2 3 1 19 0 1153 928 834
1270 2 3 1 19 0 834 867 1153
1271 2 3 1 19 0 915 842 904
1272 2 3 1 19 0 778 785 867
1273 2 3 1 19 0 954 785 778
1274 2 3 1 19 0 961 794 811
1275 2 3 1 19 0 811 825 961
1276 2 3 1 19 0 884 1084 102
1277 2 3 1 19 0 102 1104 884
1278 2 3 1 19 0 1039 1013 1113
1279 2 3 1 19 0 1084 1096 1098
1280 2 3 1 19 0 1102 44 45
1281 2 3 1 19 0 1155 850 851
1282 2 3 1 19 0 1134 1155 1003
1283 2 3 1 19 0 1034 1155 1134
1284 2 3 1 19 0 1157 803 1080
1285 2 3 1 19 0 1156 1157 1080
1286 2 3 1 19 0 838 1157 1156
1287 2 3 1 19 0 1071 1085 875
1288 2 3 1 19 0 1158 791 887
1289 2 3 1 19 0 1136 1083 1080
1290 2 3 1 19 0 1004 1024 1159
1291 2 3 1 19 0 1159 24 1004
1292 2 3 1 19 0 1159 1024 1138
1293 2 3 1 19 0 23 24 1159
1294 2 3 1 19 0 1159 1087 23
1295 2 3 1 19 0 1138 1087 1159
1296 2 3 1 19 0 1083 1136 1160
1297 2 3 1 19 0 1115 1083 1160
1298 2 3 1 19 0 887 1160 1158
1299 2 3 1 19 0 1158 1160 1136
1300 2 3 1 19 0 1161 912 785
1301 2 3 1 19 0 1037 912 1161
1302 2 3 1 19 0 1161 1149 1037
1303 2 3 1 19 0 1161 785 954
1304 2 3 1 19 0 954 1149 1161
1305 2 3 1 19 0 922 963 1162
1306 2 3 1 19 0 1162 963 1031
1307 2 3 1 19 0 1163 875 96
1308 2 3 1 19 0 1071 875 1163
1309 2 3 1 19 0 1165 137 138
1310 2 3 1 19 0 1088 137 1165
1311 2 3 1 19 0 866 122 123
1312 2 3 1 19 0 123 798 866
1313 2 3 1 19 0 1102 850 1034
1314 2 3 1 19 0 850 1155 1034
1315 2 3 1 19 0 958 813 988
1316 2 3 1 19 0 1042 813 958
1317 2 3 1 19 0 1087 1152 1051
1318 2 3 1 19 0 842 1152 1087
1319 2 3 1 19 0 875 925 94
1320 2 3 1 19 0 94 95 875
1321 2 3 1 19 0 912 789 780
1322 2 3 1 19 0 780 1021 912
1323 2 3 1 19 0 868 849 903
1324 2 3 1 19 0 903 839 868
1325 2 3 1 19 0 963 922 981
1326 2 3 1 19 0 981 927 963
1327 2 3 1 19 0 1045 1160 887
1328 2 3 1 19 0 781 848 1162
1329 2 3 1 19 0 1162 1031 781
1330 2 3 1 19 0 1162 848 922
1331 2 3 1 19 0 1081 1157 838
1332 2 3 1 19 0 1102 45 850
1333 2 3 1 19 0 1101 43 1102
1334 2 3 1 19 0 1102 1133 1101
1335 2 3 1 19 0 853 1115 1116
1336 2 3 1 19 0 1166 853 1116
1337 2 3 1 19 0 891 853 1166
1338 2 3 1 19 0 988 1006 1005
1339 2 3 1 19 0 1005 1038 988
1340 2 3 1 19 0 1136 1080 803
1341 2 3 1 19 0 803 917 1136
1342 2 3 1 19 0 1163 96 982
1343 2 3 1 19 0 982 970 1163
1344 2 3 1 19 0 1071 1163 1164
1345 2 3 1 19 0 1164 1163 970
1346 2 3 1 19 0 1164 970 975
1347 2 3 1 19 0 975 1023 1164
1348 2 3 1 19 0 1164 1023 939
1349 2 3 1 19 0 138 953 1165
1350 2 3 1 19 0 979 1088 1165
1351 2 3 1 19 0 1165 953 979
1352 2 3 1 19 0 838 1156 853
1353 2 3 1 19 0 853 891 838
1354 2 3 1 19 0 973 986 846
1355 2 3 1 19 0 100 1084 1098
1356 2 3 1 19 0 99 100 1098
1357 2 3 1 19 0 1166 1116 790
1358 2 3 1 19 0 1166 1060 1123
1359 2 3 1 19 0 891 1166 1123
1360 2 3 1 19 0 790 1060 1166
1361 2 3 1 19 0 1016 992 994
1362 2 3 1 19 0 1071 1164 939
1363 2 3 1 19 0 788 862 1167
1364 2 3 1 19 0 1167 862 1118
1365 2 3 1 19 0 1081 830 1168
1366 2 3 1 19 0 1168 1157 1081
1367 2 3 1 19 0 803 1157 1169
1368 2 3 1 19 0 1015 1124 1028
1369 2 3 1 19 0 1028 1124 1061
1370 2 3 1 19 0 915 904 852
1371 2 3 1 19 0 852 941 915
1372 2 3 1 19 0 939 1092 945
1373 2 3 1 19 0 1168 21 1051
1374 2 3 1 19 0 1169 1157 1168
1375 2 3 1 19 0 838 891 1118
1376 2 3 1 19 0 1039 1113 895
1377 2 3 1 19 0 895 991 1039
1378 2 3 1 19 0 1169 1051 1152
1379 2 3 1 19 0 1168 1051 1169
1380 2 3 1 19 0 1152 803 1169
1381 2 3 1 19 0 1118 891 1167
1382 2 3 1 19 0 1143 1167 1123
1383 2 3 1 19 0 1123 1167 891
1384 2 3 1 19 0 788 1167 1143
1385 2 3 1 19 0 809 1028 1061
1386 2 3 1 19 0 1061 1135 809
1387 2 3 1 19 0 971 1025 1170
1388 2 3 1 19 0 1154 1033 1131
1389 2 3 1 19 0 1041 1154 1131
1390 2 3 1 19 0 1129 971 1170
1391 2 3 1 19 0 1129 1170 1038
1392 2 3 1 19 0 830 20 21
1393 2 3 1 19 0 21 1168 830
1394 2 3 1 19 0 1170 958 1038
1395 2 3 1 19 0 1039 958 1170
1396 2 3 1 19 0 1039 1170 1013
1397 2 3 1 19 0 1013 1170 1025
1398 2 3 1 19 0 899 843 971
1399 2 3 1 19 0 971 1040 899
1400 2 3 1 19 0 934 1114 1041
1401 2 3 1 19 0 1025 843 957
1402 2 3 1 19 0 843 1025 971
1403 2 3 1 19 0 797 47 48
1404 2 3 1 19 0 851 47 797
1405 2 3 1 19 0 969 818 41
1406 2 3 1 19 0 969 41 42
1407 2 3 1 19 0 1101 969 42
1408 2 3 1 19 0 957 1018 1074
1409 2 3 1 19 0 1074 890 957
1410 2 3 1 19 0 915 914 786
1411 2 3 1 19 0 786 917 915
1412 2 3 1 19 0 913 914 915
1413 2 3 1 19 0 915 941 913
1414 2 3 1 19 0 809 90 91
1415 2 3 1 19 0 91 869 809
1416 2 3 1 19 0 1041 1141 966
1417 2 3 1 19 0 966 1154 1041
1418 2 3 1 19 0 994 1089 1062
1419 2 3 1 19 0 1062 1016 994
1420 2 3 1 19 0 828 1100 899
1421 2 3 1 19 0 899 1003 828
1422 2 3 1 19 0 822 974 980
1423 2 3 1 19 0 980 924 822
1424 2 3 1 19 0 970 98 99
1425 2 3 1 19 0 99 1098 970
1426 2 3 1 19 0 893 833 855
1427 2 3 1 19 0 855 60 893
1428 2 3 1 19 0 986 1045 887
1429 2 3 1 19 0 887 846 986
1430 2 3 1 19 0 939 945 1000
1431 2 3 1 19 0 1072 939 1000
1432 2 3 1 19 0 1000 1124 1015
1433 2 3 1 19 0 1015 1072 1000
1434 2 3 1 19 0 861 979 1090
1435 2 3 1 19 0 1090 816 861
1436 2 3 1 19 0 956 872 1047
1437 2 3 1 19 0 1047 1057 956
1438 2 3 1 19 0 1105 1113 1070
1439 2 3 1 19 0 1070 1056 1105
1440 2 3 1 19 0 15 16 1090
1441 2 3 1 19 0 1090 953 15
1442 2 3 1 19 0 1100 968 843
1443 2 3 1 19 0 843 899 1100
1444 2 3 1 19 0 1108 933 934
1445 2 3 1 19 0 934 1041 1108
1446 2 3 1 19 0 1002 1062 1073
1447 2 3 1 19 0 1073 930 1002
1448 2 3 1 19 0 907 798 972
1449 2 3 1 19 0 972 940 907
1450 2 3 1 19 0 841 34 35
1451 2 3 1 19 0 35 783 841
1452 2 3 1 19 0 845 868 973
1453 2 3 1 19 0 846 845 973
1454 2 3 1 19 0 1130 1094 782
1455 2 3 1 19 0 782 969 1130
1456 2 3 1 19 0 1138 904 842
1457 2 3 1 19 0 842 1087 1138
1458 2 3 1 19 0 793 5 90
1459 2 3 1 19 0 793 90 809
1460 2 3 1 19 0 1155 851 828
1461 2 3 1 19 0 828 1003 1155
1462 2 3 1 19 0 1071 939 1072
1463 2 3 1 19 0 1072 1085 1071
1464 2 3 1 19 0 1118 780 1081
1465 2 3 1 19 0 1081 838 1118
1466 2 3 2 21 0 1184 1171 1182
1467 2 3 2 21 0 1198 124 125
1468 2 3 2 21 0 1210 721 722
1469 2 3 2 21 0 1192 99 100
1470 2 3 2 21 0 1174 1191 1195
1471 2 3 2 21 0 718 1197 719
1472 2 3 2 21 0 127 1200 126
1473 2 3 2 21 0 1216 1171 1184
1474 2 3 2 21 0 1181 1216 1184
1475 2 3 2 21 0 1181 1221 1216
1476 2 3 2 21 0 1221 1185 1216
1477 2 3 2 21 0 730 1225 729
1478 2 3 2 21 0 1247 96 97
1479 2 3 2 21 0 1194 1247 97
1480 2 3 2 21 0 740 1250 739
1481 2 3 2 21 0 1188 148 147
1482 2 3 2 21 0 1193 1240 1205
1483 2 3 2 21 0 1172 1205 1206
1484 2 3 2 21 0 1240 1206 1205
1485 2 3 2 21 0 1211 715 714
1486 2 3 2 21 0 1200 127 1213
1487 2 3 2 21 0 128 1213 127
1488 2 3 2 21 0 1221 1176 1185
1489 2 3 2 21 0 140 1222 141
1490 2 3 2 21 0 140 1238 1222
1491 2 3 2 21 0 1173 1223 1189
1492 2 3 2 21 0 1189 1223 1203
1493 2 3 2 21 0 145 1224 146
1494 2 3 2 21 0 1226 1171 1216
1495 2 3 2 21 0 1185 1226 1216
1496 2 3 2 21 0 1228 1180 1197
1497 2 3 2 21 0 1229 125 126
1498 2 3 2 21 0 125 1229 1198
1499 2 3 2 21 0 1252 1175 1232
1500 2 3 2 21 0 1251 1198 1232
1501 2 3 2 21 0 1198 1252 1232
1502 2 3 2 21 0 1186 1235 1234
1503 2 3 2 21 0 1236 1179 1203
1504 2 3 2 21 0 1177 1237 1196
1505 2 3 2 21 0 1238 5 90
1506 2 3 2 21 0 5 1238 140
1507 2 3 2 21 0 1239 734 735
1508 2 3 2 21 0 1189 1242 1241
1509 2 3 2 21 0 1242 1233 1241
1510 2 3 2 21 0 1203 1242 1189
1511 2 3 2 21 0 1250 1177 1196
1512 2 3 2 21 0 1251 123 124
1513 2 3 2 21 0 1198 1251 124
1514 2 3 2 21 0 1253 1175 1252
1515 2 3 2 21 0 1229 1252 1198
1516 2 3 2 21 0 1199 1253 1252
1517 2 3 2 21 0 1252 1229 1199
1518 2 3 2 21 0 1241 1233 1254
1519 2 3 2 21 0 92 1260 91
1520 2 3 2 21 0 1261 720 719
1521 2 3 2 21 0 1266 1205 1172
1522 2 3 2 21 0 1272 6 720
1523 2 3 2 21 0 6 1272 129
1524 2 3 2 21 0 1279 147 146
1525 2 3 2 21 0 1224 1279 146
1526 2 3 2 21 0 1286 1204 1193
1527 2 3 2 21 0 1179 1288 1203
1528 2 3 2 21 0 1288 1242 1203
1529 2 3 2 21 0 1254 1296 1241
1530 2 3 2 21 0 1204 1297 1193
1531 2 3 2 21 0 1255 1298 1297
1532 2 3 2 21 0 1298 1193 1297
1533 2 3 2 21 0 1257 1299 1258
1534 2 3 2 21 0 1299 1209 1258
1535 2 3 2 21 0 1300 730 731
1536 2 3 2 21 0 1200 1229 126
1537 2 3 2 21 0 1229 1200 1199
1538 2 3 2 21 0 1265 1199 1200
1539 2 3 2 21 0 1213 1265 1200
1540 2 3 2 21 0 1221 1181 1217
1541 2 3 2 21 0 1238 90 91
1542 2 3 2 21 0 1260 1238 91
1543 2 3 2 21 0 1238 1260 1222
1544 2 3 2 21 0 96 1247 95
1545 2 3 2 21 0 1247 1190 95
1546 2 3 2 21 0 1248 1190 1247
1547 2 3 2 21 0 1194 1248 1247
1548 2 3 2 21 0 1248 1174 1207
1549 2 3 2 21 0 1190 1248 1207
1550 2 3 2 21 0 1256 737 738
1551 2 3 2 21 0 1197 1261 719
1552 2 3 2 21 0 1261 1197 1180
1553 2 3 2 21 0 1213 1261 1180
1554 2 3 2 21 0 1180 1265 1213
1555 2 3 2 21 0 1205 1266 1239
1556 2 3 2 21 0 1202 1267 1254
1557 2 3 2 21 0 104 1267 103
1558 2 3 2 21 0 1267 1202 103
1559 2 3 2 21 0 1218 1276 1274
1560 2 3 2 21 0 1274 1271 1218
1561 2 3 2 21 0 147 1279 1188
1562 2 3 2 21 0 717 1281 718
1563 2 3 2 21 0 1281 717 716
1564 2 3 2 21 0 1282 1251 1232
1565 2 3 2 21 0 1282 123 1251
1566 2 3 2 21 0 123 1282 122
1567 2 3 2 21 0 1285 1258 1244
1568 2 3 2 21 0 1286 735 736
1569 2 3 2 21 0 735 1286 1239
1570 2 3 2 21 0 1204 1286 736
1571 2 3 2 21 0 1287 1179 1236
1572 2 3 2 21 0 1287 1206 1240
1573 2 3 2 21 0 1206 1287 1236
1574 2 3 2 21 0 1179 1287 1235
1575 2 3 2 21 0 1234 1287 1240
1576 2 3 2 21 0 1287 1234 1235
1577 2 3 2 21 0 1235 1288 1179
1578 2 3 2 21 0 1290 95 1190
1579 2 3 2 21 0 95 1290 94
1580 2 3 2 21 0 1243 1290 1190
1581 2 3 2 21 0 1225 1291 1259
1582 2 3 2 21 0 1233 1295 1254
1583 2 3 2 21 0 1295 1202 1254
1584 2 3 2 21 0 1267 1296 1254
1585 2 3 2 21 0 1240 1193 1298
1586 2 3 2 21 0 1298 1234 1240
1587 2 3 2 21 0 1255 1234 1298
1588 2 3 2 21 0 1300 1225 730
1589 2 3 2 21 0 1225 1300 1291
1590 2 3 2 21 0 1302 713 712
1591 2 3 2 21 0 713 1302 1275
1592 2 3 2 21 0 1303 122 1282
1593 2 3 2 21 0 1306 1219 1304
1594 2 3 2 21 0 1250 1308 739
1595 2 3 2 21 0 1308 1250 1196
1596 2 3 2 21 0 1313 1176 1221
1597 2 3 2 21 0 1217 1313 1221
1598 2 3 2 21 0 1315 97 98
1599 2 3 2 21 0 1322 723 724
1600 2 3 2 21 0 1271 1322 724
1601 2 3 2 21 0 1237 1326 1246
1602 2 3 2 21 0 1268 1259 1214
1603 2 3 2 21 0 1337 1259 1291
1604 2 3 2 21 0 1219 1306 1262
1605 2 3 2 21 0 1325 1219 1262
1606 2 3 2 21 0 1318 1246 1263
1607 2 3 2 21 0 129 1272 128
1608 2 3 2 21 0 1272 1213 128
1609 2 3 2 21 0 720 1261 1272
1610 2 3 2 21 0 1261 1213 1272
1611 2 3 2 21 0 1289 742 743
1612 2 3 2 21 0 1302 13 721
1613 2 3 2 21 0 1302 712 13
1614 2 3 2 21 0 721 1210 1302
1615 2 3 2 21 0 1312 1275 1302
1616 2 3 2 21 0 1210 1312 1302
1617 2 3 2 21 0 122 1303 121
1618 2 3 2 21 0 1279 1305 1188
1619 2 3 2 21 0 1304 1218 1306
1620 2 3 2 21 0 1307 143 142
1621 2 3 2 21 0 1257 1307 1299
1622 2 3 2 21 0 1178 1275 1312
1623 2 3 2 21 0 1276 1178 1312
1624 2 3 2 21 0 1276 1312 1274
1625 2 3 2 21 0 1210 1274 1312
1626 2 3 2 21 0 1313 1215 1176
1627 2 3 2 21 0 1215 1313 1214
1628 2 3 2 21 0 1313 1217 1214
1629 2 3 2 21 0 1315 1194 97
1630 2 3 2 21 0 1329 1194 1315
1631 2 3 2 21 0 1292 1329 1315
1632 2 3 2 21 0 1192 1292 1315
1633 2 3 2 21 0 1315 98 99
1634 2 3 2 21 0 1192 1315 99
1635 2 3 2 21 0 94 1316 93
1636 2 3 2 21 0 94 1290 1316
1637 2 3 2 21 0 1290 1243 1316
1638 2 3 2 21 0 1316 92 93
1639 2 3 2 21 0 1318 1196 1237
1640 2 3 2 21 0 1246 1318 1237
1641 2 3 2 21 0 713 1323 714
1642 2 3 2 21 0 1323 1211 714
1643 2 3 2 21 0 1275 1323 713
1644 2 3 2 21 0 1178 1323 1275
1645 2 3 2 21 0 1201 1314 1324
1646 2 3 2 21 0 1183 1326 1237
1647 2 3 2 21 0 1258 1328 1244
1648 2 3 2 21 0 1328 1258 1209
1649 2 3 2 21 0 1330 1195 1191
1650 2 3 2 21 0 1330 1280 1195
1651 2 3 2 21 0 1191 1292 1335
1652 2 3 2 21 0 1330 1191 1335
1653 2 3 2 21 0 1341 1188 1289
1654 2 3 2 21 0 743 1341 1289
1655 2 3 2 21 0 1343 118 119
1656 2 3 2 21 0 1346 1311 1294
1657 2 3 2 21 0 1349 1270 1296
1658 2 3 2 21 0 1270 1349 106
1659 2 3 2 21 0 1270 1350 1296
1660 2 3 2 21 0 1350 1241 1296
1661 2 3 2 21 0 1354 144 143
1662 2 3 2 21 0 1307 1354 143
1663 2 3 2 21 0 141 1355 142
1664 2 3 2 21 0 1355 1307 142
1665 2 3 2 21 0 1356 1309 1303
1666 2 3 2 21 0 1282 1356 1303
1667 2 3 2 21 0 1358 1311 1293
1668 2 3 2 21 0 1359 1260 92
1669 2 3 2 21 0 1316 1359 92
1670 2 3 2 21 0 1319 1360 1326
1671 2 3 2 21 0 1172 1361 1266
1672 2 3 2 21 0 1237 1177 1183
1673 2 3 2 21 0 1249 1332 1244
1674 2 3 2 21 0 1244 1332 1285
1675 2 3 2 21 0 1257 1258 1285
1676 2 3 2 21 0 1178 1276 1304
1677 2 3 2 21 0 1273 1304 1219
1678 2 3 2 21 0 1276 1218 1304
1679 2 3 2 21 0 739 1308 738
1680 2 3 2 21 0 1196 1318 1308
1681 2 3 2 21 0 1308 1318 1263
1682 2 3 2 21 0 1255 1317 1227
1683 2 3 2 21 0 1174 1329 1191
1684 2 3 2 21 0 1191 1329 1292
1685 2 3 2 21 0 1194 1329 1248
1686 2 3 2 21 0 1329 1174 1248
1687 2 3 2 21 0 1280 1330 1331
1688 2 3 2 21 0 1336 1337 1291
1689 2 3 2 21 0 723 1322 722
1690 2 3 2 21 0 1322 1210 722
1691 2 3 2 21 0 1322 1274 1210
1692 2 3 2 21 0 1271 1274 1322
1693 2 3 2 21 0 1341 14 148
1694 2 3 2 21 0 14 1341 743
1695 2 3 2 21 0 1188 1341 148
1696 2 3 2 21 0 1344 1292 1192
1697 2 3 2 21 0 1292 1344 1335
1698 2 3 2 21 0 1185 1347 1226
1699 2 3 2 21 0 1347 1333 1226
1700 2 3 2 21 0 1350 1173 1189
1701 2 3 2 21 0 1270 1173 1350
1702 2 3 2 21 0 1241 1350 1189
1703 2 3 2 21 0 1332 1352 1285
1704 2 3 2 21 0 1175 1253 1353
1705 2 3 2 21 0 1355 141 1222
1706 2 3 2 21 0 1299 1355 1222
1707 2 3 2 21 0 1355 1299 1307
1708 2 3 2 21 0 1282 1232 1356
1709 2 3 2 21 0 1356 1232 1340
1710 2 3 2 21 0 1357 1201 1264
1711 2 3 2 21 0 1357 1309 1356
1712 2 3 2 21 0 1357 1340 1201
1713 2 3 2 21 0 1340 1357 1356
1714 2 3 2 21 0 1260 1359 1209
1715 2 3 2 21 0 1359 1328 1209
1716 2 3 2 21 0 1316 1243 1359
1717 2 3 2 21 0 1328 1359 1243
1718 2 3 2 21 0 1360 1319 1280
1719 2 3 2 21 0 1331 1360 1280
1720 2 3 2 21 0 1361 1338 1321
1721 2 3 2 21 0 1363 110 111
1722 2 3 2 21 0 1207 1364 1190
1723 2 3 2 21 0 1364 1243 1190
1724 2 3 2 21 0 1174 1365 1207
1725 2 3 2 21 0 1365 1249 1207
1726 2 3 2 21 0 716 1369 1281
1727 2 3 2 21 0 1369 1212 1281
1728 2 3 2 21 0 1225 1370 729
1729 2 3 2 21 0 1331 1371 1360
1730 2 3 2 21 0 1372 1326 1360
1731 2 3 2 21 0 1373 1331 1330
1732 2 3 2 21 0 1335 1373 1330
1733 2 3 2 21 0 1270 1375 1173
1734 2 3 2 21 0 1327 1379 1345
1735 2 3 2 21 0 1381 1352 1345
1736 2 3 2 21 0 1385 1291 1300
1737 2 3 2 21 0 1266 1269 1239
1738 2 3 2 21 0 1269 1266 1361
1739 2 3 2 21 0 1339 1301 1208
1740 2 3 2 21 0 1361 1172 1338
1741 2 3 2 21 0 1345 1352 1332
1742 2 3 2 21 0 1349 105 106
1743 2 3 2 21 0 105 1349 104
1744 2 3 2 21 0 1267 104 1349
1745 2 3 2 21 0 1296 1267 1349
1746 2 3 2 21 0 1354 1307 1257
1747 2 3 2 21 0 1358 1294 1311
1748 2 3 2 21 0 112 1363 111
1749 2 3 2 21 0 112 1378 1363
1750 2 3 2 21 0 1378 1348 1363
1751 2 3 2 21 0 1294 1344 1368
1752 2 3 2 21 0 1344 1192 1368
1753 2 3 2 21 0 100 1368 1192
1754 2 3 2 21 0 1368 100 101
1755 2 3 2 21 0 1370 1259 1268
1756 2 3 2 21 0 1259 1370 1225
1757 2 3 2 21 0 1371 1372 1360
1758 2 3 2 21 0 1246 1372 1317
1759 2 3 2 21 0 1372 1246 1326
1760 2 3 2 21 0 1358 1373 1335
1761 2 3 2 21 0 117 1374 116
1762 2 3 2 21 0 1374 117 118
1763 2 3 2 21 0 118 1343 1374
1764 2 3 2 21 0 1374 1343 1334
1765 2 3 2 21 0 113 1378 112
1766 2 3 2 21 0 1305 1379 1310
1767 2 3 2 21 0 1379 1327 1310
1768 2 3 2 21 0 1352 1381 1380
1769 2 3 2 21 0 1352 1380 1285
1770 2 3 2 21 0 1257 1380 1354
1771 2 3 2 21 0 1380 1257 1285
1772 2 3 2 21 0 1379 1381 1345
1773 2 3 2 21 0 1327 1384 1183
1774 2 3 2 21 0 1384 1327 1345
1775 2 3 2 21 0 1321 1386 1361
1776 2 3 2 21 0 1386 1385 1300
1777 2 3 2 21 0 1387 1236 1187
1778 2 3 2 21 0 1389 1289 1188
1779 2 3 2 21 0 1305 1389 1188
1780 2 3 2 21 0 1293 1390 1358
1781 2 3 2 21 0 1392 1317 1255
1782 2 3 2 21 0 1374 1393 116
1783 2 3 2 21 0 1395 1269 1361
1784 2 3 2 21 0 1386 1395 1361
1785 2 3 2 21 0 1208 1396 1339
1786 2 3 2 21 0 1357 1399 1309
1787 2 3 2 21 0 1400 1380 1381
1788 2 3 2 21 0 1224 1400 1381
1789 2 3 2 21 0 1401 1381 1379
1790 2 3 2 21 0 1305 1401 1379
1791 2 3 2 21 0 1325 1314 1277
1792 2 3 2 21 0 1214 1337 1215
1793 2 3 2 21 0 1259 1337 1214
1794 2 3 2 21 0 1337 1382 1215
1795 2 3 2 21 0 1382 1337 1336
1796 2 3 2 21 0 1202 1295 1346
1797 2 3 2 21 0 1351 107 108
1798 2 3 2 21 0 1375 1270 1351
1799 2 3 2 21 0 1364 1328 1243
1800 2 3 2 21 0 1364 1207 1249
1801 2 3 2 21 0 1244 1364 1249
1802 2 3 2 21 0 1244 1328 1364
1803 2 3 2 21 0 1365 1195 1280
1804 2 3 2 21 0 1195 1365 1174
1805 2 3 2 21 0 1291 1385 1336
1806 2 3 2 21 0 1385 1321 1336
1807 2 3 2 21 0 1386 1321 1385
1808 2 3 2 21 0 1338 1172 1387
1809 2 3 2 21 0 1362 1338 1387
1810 2 3 2 21 0 1199 1265 1388
1811 2 3 2 21 0 1388 1253 1199
1812 2 3 2 21 0 1388 1353 1253
1813 2 3 2 21 0 1391 1388 1228
1814 2 3 2 21 0 1353 1388 1342
1815 2 3 2 21 0 1388 1391 1342
1816 2 3 2 21 0 1310 1389 1305
1817 2 3 2 21 0 1212 1367 1391
1818 2 3 2 21 0 1297 1204 1392
1819 2 3 2 21 0 1392 1204 1256
1820 2 3 2 21 0 1255 1297 1392
1821 2 3 2 21 0 1263 1392 1256
1822 2 3 2 21 0 1393 1374 1334
1823 2 3 2 21 0 1334 1394 1393
1824 2 3 2 21 0 1394 1377 1393
1825 2 3 2 21 0 1333 1394 1334
1826 2 3 2 21 0 1394 1333 1347
1827 2 3 2 21 0 1377 1394 1347
1828 2 3 2 21 0 1395 732 733
1829 2 3 2 21 0 732 1395 1386
1830 2 3 2 21 0 1269 1395 733
1831 2 3 2 21 0 1396 1208 1284
1832 2 3 2 21 0 1397 724 725
1833 2 3 2 21 0 1397 1271 724
1834 2 3 2 21 0 1398 1348 1378
1835 2 3 2 21 0 1348 1398 1283
1836 2 3 2 21 0 1224 1401 1279
1837 2 3 2 21 0 1401 1224 1381
1838 2 3 2 21 0 1401 1305 1279
1839 2 3 2 21 0 1384 1402 1319
1840 2 3 2 21 0 1212 1403 1367
1841 2 3 2 21 0 1245 1407 1268
1842 2 3 2 21 0 1408 1353 1342
1843 2 3 2 21 0 1413 1339 1396
1844 2 3 2 21 0 1377 1418 1409
1845 2 3 2 21 0 113 1420 1378
1846 2 3 2 21 0 1420 1398 1378
1847 2 3 2 21 0 1320 114 115
1848 2 3 2 21 0 1383 1396 1284
1849 2 3 2 21 0 1224 145 1400
1850 2 3 2 21 0 144 1400 145
1851 2 3 2 21 0 1354 1400 144
1852 2 3 2 21 0 1354 1380 1400
1853 2 3 2 21 0 1383 1413 1396
1854 2 3 2 21 0 1371 1390 1227
1855 2 3 2 21 0 1227 1390 1186
1856 2 3 2 21 0 1186 1390 1293
1857 2 3 2 21 0 1323 1178 1403
1858 2 3 2 21 0 1211 1323 1403
1859 2 3 2 21 0 1367 1403 1273
1860 2 3 2 21 0 1389 1310 1404
1861 2 3 2 21 0 1404 741 742
1862 2 3 2 21 0 742 1289 1404
1863 2 3 2 21 0 1289 1389 1404
1864 2 3 2 21 0 1407 727 728
1865 2 3 2 21 0 1277 1408 1325
1866 2 3 2 21 0 1208 1411 1284
1867 2 3 2 21 0 1413 1362 1339
1868 2 3 2 21 0 1362 1413 1278
1869 2 3 2 21 0 1415 110 1363
1870 2 3 2 21 0 1415 109 110
1871 2 3 2 21 0 1419 1398 1417
1872 2 3 2 21 0 1419 1283 1398
1873 2 3 2 21 0 114 1420 113
1874 2 3 2 21 0 1420 114 1320
1875 2 3 2 21 0 1334 1421 1333
1876 2 3 2 21 0 1421 1334 1343
1877 2 3 2 21 0 1217 1422 1214
1878 2 3 2 21 0 1422 1268 1214
1879 2 3 2 21 0 1423 1217 1181
1880 2 3 2 21 0 1424 1306 1218
1881 2 3 2 21 0 1426 109 1415
1882 2 3 2 21 0 1414 1426 1415
1883 2 3 2 21 0 1208 1429 1411
1884 2 3 2 21 0 1429 1414 1411
1885 2 3 2 21 0 1419 1433 1432
1886 2 3 2 21 0 1369 715 1211
1887 2 3 2 21 0 1369 1211 1403
1888 2 3 2 21 0 715 1369 716
1889 2 3 2 21 0 1403 1212 1369
1890 2 3 2 21 0 729 1370 728
1891 2 3 2 21 0 1375 1376 1173
1892 2 3 2 21 0 1376 1375 1414
1893 2 3 2 21 0 1390 1373 1358
1894 2 3 2 21 0 1371 1331 1373
1895 2 3 2 21 0 1373 1390 1371
1896 2 3 2 21 0 1405 1233 1242
1897 2 3 2 21 0 1295 1233 1405
1898 2 3 2 21 0 1288 1405 1242
1899 2 3 2 21 0 1311 1405 1293
1900 2 3 2 21 0 102 1406 101
1901 2 3 2 21 0 1346 1406 1202
1902 2 3 2 21 0 1368 101 1406
1903 2 3 2 21 0 1415 1411 1414
1904 2 3 2 21 0 1409 1417 1320
1905 2 3 2 21 0 1417 1420 1320
1906 2 3 2 21 0 1420 1417 1398
1907 2 3 2 21 0 1412 1215 1382
1908 2 3 2 21 0 1185 1418 1347
1909 2 3 2 21 0 1418 1377 1347
1910 2 3 2 21 0 1217 1423 1422
1911 2 3 2 21 0 1422 1245 1268
1912 2 3 2 21 0 1423 1181 1184
1913 2 3 2 21 0 1245 1422 1423
1914 2 3 2 21 0 1271 1424 1218
1915 2 3 2 21 0 1271 1397 1424
1916 2 3 2 21 0 1397 1410 1424
1917 2 3 2 21 0 116 1425 115
1918 2 3 2 21 0 1425 116 1393
1919 2 3 2 21 0 1425 1320 115
1920 2 3 2 21 0 1320 1425 1409
1921 2 3 2 21 0 1425 1377 1409
1922 2 3 2 21 0 1377 1425 1393
1923 2 3 2 21 0 1426 108 109
1924 2 3 2 21 0 108 1426 1351
1925 2 3 2 21 0 1219 1427 1273
1926 2 3 2 21 0 1427 1367 1273
1927 2 3 2 21 0 1408 1342 1427
1928 2 3 2 21 0 1367 1427 1391
1929 2 3 2 21 0 1391 1427 1342
1930 2 3 2 21 0 1428 1283 1284
1931 2 3 2 21 0 1283 1428 1348
1932 2 3 2 21 0 1411 1428 1284
1933 2 3 2 21 0 1363 1428 1415
1934 2 3 2 21 0 1428 1363 1348
1935 2 3 2 21 0 1428 1411 1415
1936 2 3 2 21 0 1429 1301 1376
1937 2 3 2 21 0 1301 1429 1208
1938 2 3 2 21 0 1414 1429 1376
1939 2 3 2 21 0 1262 1430 1366
1940 2 3 2 21 0 1430 1262 1306
1941 2 3 2 21 0 1283 1432 1284
1942 2 3 2 21 0 1432 1283 1419
1943 2 3 2 21 0 1432 1383 1284
1944 2 3 2 21 0 1433 1418 1220
1945 2 3 2 21 0 1433 1419 1417
1946 2 3 2 21 0 1399 1434 1309
1947 2 3 2 21 0 1303 1309 1434
1948 2 3 2 21 0 1212 1228 1281
1949 2 3 2 21 0 1228 1212 1391
1950 2 3 2 21 0 1222 1209 1299
1951 2 3 2 21 0 1209 1222 1260
1952 2 3 2 21 0 1327 1177 1310
1953 2 3 2 21 0 1177 1327 1183
1954 2 3 2 21 0 1324 1264 1201
1955 2 3 2 21 0 1340 1175 1277
1956 2 3 2 21 0 1175 1340 1232
1957 2 3 2 21 0 1386 731 732
1958 2 3 2 21 0 731 1386 1300
1959 2 3 2 21 0 1402 1249 1365
1960 2 3 2 21 0 1249 1402 1332
1961 2 3 2 21 0 1402 1280 1319
1962 2 3 2 21 0 1280 1402 1365
1963 2 3 2 21 0 1178 1273 1403
1964 2 3 2 21 0 1273 1178 1304
1965 2 3 2 21 0 1187 1301 1339
1966 2 3 2 21 0 1301 1187 1223
1967 2 3 2 21 0 1319 1183 1384
1968 2 3 2 21 0 1183 1319 1326
1969 2 3 2 21 0 1351 1414 1375
1970 2 3 2 21 0 1414 1351 1426
1971 2 3 2 21 0 1416 1306 1424
1972 2 3 2 21 0 1306 1416 1430
1973 2 3 2 21 0 1410 1416 1424
1974 2 3 2 21 0 1435 1278 1382
1975 2 3 2 21 0 1336 1435 1382
1976 2 3 2 21 0 1182 1436 1366
1977 2 3 2 21 0 1436 1324 1366
1978 2 3 2 21 0 1437 1186 1293
1979 2 3 2 21 0 1405 1437 1293
1980 2 3 2 21 0 1421 1439 1399
1981 2 3 2 21 0 1439 1434 1399
1982 2 3 2 21 0 1440 726 1230
1983 2 3 2 21 0 1410 1440 1230
1984 2 3 2 21 0 1435 1321 1338
1985 2 3 2 21 0 1321 1435 1336
1986 2 3 2 21 0 1436 1264 1324
1987 2 3 2 21 0 1264 1436 1231
1988 2 3 2 21 0 1223 1376 1301
1989 2 3 2 21 0 1376 1223 1173
1990 2 3 2 21 0 1324 1314 1366
1991 2 3 2 21 0 1235 1437 1288
1992 2 3 2 21 0 1437 1235 1186
1993 2 3 2 21 0 1437 1405 1288
1994 2 3 2 21 0 1438 1383 1432
1995 2 3 2 21 0 1439 1343 119
1996 2 3 2 21 0 1343 1439 1421
1997 2 3 2 21 0 725 1440 1397
1998 2 3 2 21 0 1440 725 726
1999 2 3 2 21 0 1440 1410 1397
2000 2 3 2 21 0 1433 1441 1432
2001 2 3 2 21 0 1441 1438 1432
2002 2 3 2 21 0 1197 1281 1228
2003 2 3 2 21 0 1281 1197 718
2004 2 3 2 21 0 1346 1295 1311
2005 2 3 2 21 0 1295 1405 1311
2006 2 3 2 21 0 1410 1431 1416
2007 2 3 2 21 0 1431 1430 1416
2008 2 3 2 21 0 1182 1171 1436
2009 2 3 2 21 0 1171 1231 1436
2010 2 3 2 21 0 1269 733 734
2011 2 3 2 21 0 1239 1269 734
2012 2 3 2 21 0 1383 1278 1413
2013 2 3 2 21 0 1278 1383 1438
2014 2 3 2 21 0 1294 1335 1344
2015 2 3 2 21 0 1335 1294 1358
2016 2 3 2 21 0 1441 1220 1412
2017 2 3 2 21 0 1220 1441 1433
2018 2 3 2 21 0 1438 1441 1412
2019 2 3 2 21 0 1346 1368 1406
2020 2 3 2 21 0 1368 1346 1294
2021 2 3 2 21 0 1314 1201 1277
2022 2 3 2 21 0 1201 1340 1277
2023 2 3 2 21 0 1317 1372 1227
2024 2 3 2 21 0 1372 1371 1227
2025 2 3 2 21 0 1182 1443 1184
2026 2 3 2 21 0 1443 1423 1184
2027 2 3 2 21 0 1442 1443 1431
2028 2 3 2 21 0 1366 1444 1182
2029 2 3 2 21 0 1444 1443 1182
2030 2 3 2 21 0 1246 1317 1263
2031 2 3 2 21 0 1317 1392 1263
2032 2 3 2 21 0 1314 1325 1262
2033 2 3 2 21 0 1366 1314 1262
2034 2 3 2 21 0 103 1406 102
2035 2 3 2 21 0 1406 103 1202
2036 2 3 2 21 0 1410 1230 1442
2037 2 3 2 21 0 1431 1410 1442
2038 2 3 2 21 0 1430 1444 1366
2039 2 3 2 21 0 1444 1430 1431
2040 2 3 2 21 0 1443 1444 1431
2041 2 3 2 21 0 1325 1427 1219
2042 2 3 2 21 0 1427 1325 1408
2043 2 3 2 21 0 727 1230 726
2044 2 3 2 21 0 1230 727 1407
2045 2 3 2 21 0 1408 1277 1175
2046 2 3 2 21 0 1353 1408 1175
2047 2 3 2 21 0 1404 1250 741
2048 2 3 2 21 0 1250 740 741
2049 2 3 2 21 0 1177 1404 1310
2050 2 3 2 21 0 1404 1177 1250
2051 2 3 2 21 0 1206 1387 1172
2052 2 3 2 21 0 1387 1206 1236
2053 2 3 2 21 0 1421 1231 1333
2054 2 3 2 21 0 1231 1421 1399
2055 2 3 2 21 0 1278 1412 1382
2056 2 3 2 21 0 1412 1278 1438
2057 2 3 2 21 0 1409 1433 1417
2058 2 3 2 21 0 1433 1409 1418
2059 2 3 2 21 0 121 1434 120
2060 2 3 2 21 0 1434 121 1303
2061 2 3 2 21 0 1186 1255 1227
2062 2 3 2 21 0 1255 1186 1234
2063 2 3 2 21 0 1223 1236 1203
2064 2 3 2 21 0 1236 1223 1187
2065 2 3 2 21 0 1387 1339 1362
2066 2 3 2 21 0 1339 1387 1187
2067 2 3 2 21 0 1239 1193 1205
2068 2 3 2 21 0 1193 1239 1286
2069 2 3 2 21 0 1278 1338 1362
2070 2 3 2 21 0 1338 1278 1435
2071 2 3 2 21 0 1351 106 107
2072 2 3 2 21 0 106 1351 1270
2073 2 3 2 21 0 1180 1388 1265
2074 2 3 2 21 0 1388 1180 1228
2075 2 3 2 21 0 1402 1345 1332
2076 2 3 2 21 0 1345 1402 1384
2077 2 3 2 21 0 1176 1412 1220
2078 2 3 2 21 0 1412 1176 1215
2079 2 3 2 21 0 1185 1220 1418
2080 2 3 2 21 0 1220 1185 1176
2081 2 3 2 21 0 1231 1226 1333
2082 2 3 2 21 0 1226 1231 1171
2083 2 3 2 21 0 1399 1264 1231
2084 2 3 2 21 0 1264 1399 1357
2085 2 3 2 21 0 1434 119 120
2086 2 3 2 21 0 119 1434 1439
2087 2 3 2 21 0 738 1263 1256
2088 2 3 2 21 0 1263 738 1308
2089 2 3 2 21 0 1256 736 737
2090 2 3 2 21 0 736 1256 1204
2091 2 3 2 21 0 1407 1370 1268
2092 2 3 2 21 0 1370 1407 728
2093 2 3 2 21 0 1442 1407 1245
2094 2 3 2 21 0 1407 1442 1230
2095 2 3 2 21 0 1245 1443 1442
2096 2 3 2 21 0 1443 1245 1423
2097 2 3 2 23 0 1445 14 149
2098 2 3 2 23 0 743 14 1445
2099 2 3 2 23 0 149 7 1445
2100 2 3 2 23 0 1445 7 150
2101 2 3 2 23 0 1446 742 743
2102 2 3 2 23 0 743 1445 1446
2103 2 3 2 23 0 150 151 1446
2104 2 3 2 23 0 1446 1445 150
2105 2 3 2 23 0 701 702 1447
2106 2 3 2 23 0 1447 700 701
2107 2 3 2 23 0 1450 164 165
2108 2 3 2 23 0 1450 163 164
2109 2 3 2 23 0 732 733 1452
2110 2 3 2 23 0 736 737 1455
2111 2 3 2 23 0 559 560 1456
2112 2 3 2 23 0 1460 655 656
2113 2 3 2 23 0 1464 554 555
2114 2 3 2 23 0 648 649 1466
2115 2 3 2 23 0 1457 649 650
2116 2 3 2 23 0 1466 649 1457
2117 2 3 2 23 0 650 651 1457
2118 2 3 2 23 0 272 273 1458
2119 2 3 2 23 0 1458 271 272
2120 2 3 2 23 0 1468 685 686
2121 2 3 2 23 0 1469 651 652
2122 2 3 2 23 0 699 700 1472
2123 2 3 2 23 0 533 534 1491
2124 2 3 2 23 0 563 564 1463
2125 2 3 2 23 0 647 648 1466
2126 2 3 2 23 0 1457 1465 1466
2127 2 3 2 23 0 1457 651 1469
2128 2 3 2 23 0 1469 1465 1457
2129 2 3 2 23 0 1471 343 344
2130 2 3 2 23 0 1471 344 345
2131 2 3 2 23 0 1447 1472 700
2132 2 3 2 23 0 1474 455 456
2133 2 3 2 23 0 454 455 1474
2134 2 3 2 23 0 1475 357 358
2135 2 3 2 23 0 356 357 1475
2136 2 3 2 23 0 1477 579 580
2137 2 3 2 23 0 580 581 1477
2138 2 3 2 23 0 1485 1460 656
2139 2 3 2 23 0 1485 656 657
2140 2 3 2 23 0 657 658 1485
2141 2 3 2 23 0 641 642 1490
2142 2 3 2 23 0 151 152 1492
2143 2 3 2 23 0 1492 1446 151
2144 2 3 2 23 0 1510 274 275
2145 2 3 2 23 0 1511 189 190
2146 2 3 2 23 0 1512 586 587
2147 2 3 2 23 0 596 597 1518
2148 2 3 2 23 0 493 494 1522
2149 2 3 2 23 0 1477 581 1524
2150 2 3 2 23 0 1528 162 163
2151 2 3 2 23 0 163 1450 1528
2152 2 3 2 23 0 1529 706 707
2153 2 3 2 23 0 547 548 1531
2154 2 3 2 23 0 1549 271 1458
2155 2 3 2 23 0 1545 1484 1490
2156 2 3 2 23 0 1473 585 586
2157 2 3 2 23 0 1473 586 1512
2158 2 3 2 23 0 672 673 1486
2159 2 3 2 23 0 1482 673 674
2160 2 3 2 23 0 1486 673 1482
2161 2 3 2 23 0 1483 595 596
2162 2 3 2 23 0 1492 741 742
2163 2 3 2 23 0 1492 742 1446
2164 2 3 2 23 0 342 343 1496
2165 2 3 2 23 0 341 342 1496
2166 2 3 2 23 0 1499 494 495
2167 2 3 2 23 0 1522 494 1499
2168 2 3 2 23 0 1501 601 602
2169 2 3 2 23 0 1502 634 635
2170 2 3 2 23 0 1503 278 279
2171 2 3 2 23 0 277 278 1503
2172 2 3 2 23 0 492 493 1506
2173 2 3 2 23 0 491 492 1506
2174 2 3 2 23 0 1519 483 484
2175 2 3 2 23 0 1474 456 1520
2176 2 3 2 23 0 1520 456 457
2177 2 3 2 23 0 581 582 1524
2178 2 3 2 23 0 578 579 1525
2179 2 3 2 23 0 1525 579 1477
2180 2 3 2 23 0 1526 509 510
2181 2 3 2 23 0 1526 510 511
2182 2 3 2 23 0 703 704 1530
2183 2 3 2 23 0 704 705 1530
2184 2 3 2 23 0 1530 706 1529
2185 2 3 2 23 0 1529 1449 1530
2186 2 3 2 23 0 252 253 1532
2187 2 3 2 23 0 1533 628 629
2188 2 3 2 23 0 1534 632 633
2189 2 3 2 23 0 664 665 1535
2190 2 3 2 23 0 1536 676 677
2191 2 3 2 23 0 1483 1518 1538
2192 2 3 2 23 0 174 175 1543
2193 2 3 2 23 0 1545 643 644
2194 2 3 2 23 0 1546 1484 1545
2195 2 3 2 23 0 1547 613 614
2196 2 3 2 23 0 1547 614 615
2197 2 3 2 23 0 721 722 1551
2198 2 3 2 23 0 1552 13 721
2199 2 3 2 23 0 711 13 1552
2200 2 3 2 23 0 1554 530 531
2201 2 3 2 23 0 1556 153 154
2202 2 3 2 23 0 1560 161 162
2203 2 3 2 23 0 162 1528 1560
2204 2 3 2 23 0 1569 268 269
2205 2 3 2 23 0 366 367 1581
2206 2 3 2 23 0 299 300 1589
2207 2 3 2 23 0 258 259 1597
2208 2 3 2 23 0 677 678 1599
2209 2 3 2 23 0 1599 1536 677
2210 2 3 2 23 0 658 659 1603
2211 2 3 2 23 0 1604 661 662
2212 2 3 2 23 0 409 410 1608
2213 2 3 2 23 0 305 306 1614
2214 2 3 2 23 0 236 237 1478
2215 2 3 2 23 0 235 236 1478
2216 2 3 2 23 0 360 361 1500
2217 2 3 2 23 0 446 447 1507
2218 2 3 2 23 0 1507 447 448
2219 2 3 2 23 0 1511 190 191
2220 2 3 2 23 0 587 588 1512
2221 2 3 2 23 0 352 353 1550
2222 2 3 2 23 0 1550 351 352
2223 2 3 2 23 0 1516 528 529
2224 2 3 2 23 0 1483 596 1518
2225 2 3 2 23 0 482 483 1519
2226 2 3 2 23 0 1506 493 1522
2227 2 3 2 23 0 1458 273 1539
2228 2 3 2 23 0 1539 273 274
2229 2 3 2 23 0 274 1510 1539
2230 2 3 2 23 0 1539 1470 1549
2231 2 3 2 23 0 1549 1458 1539
2232 2 3 2 23 0 1548 468 469
2233 2 3 2 23 0 1548 469 470
2234 2 3 2 23 0 165 166 1557
2235 2 3 2 23 0 504 505 1558
2236 2 3 2 23 0 1559 522 523
2237 2 3 2 23 0 160 161 1560
2238 2 3 2 23 0 1563 517 518
2239 2 3 2 23 0 218 219 1567
2240 2 3 2 23 0 1568 641 1490
2241 2 3 2 23 0 640 641 1568
2242 2 3 2 23 0 639 640 1568
2243 2 3 2 23 0 495 1571 1499
2244 2 3 2 23 0 1571 495 496
2245 2 3 2 23 0 1571 496 497
2246 2 3 2 23 0 1572 329 330
2247 2 3 2 23 0 1574 279 280
2248 2 3 2 23 0 1503 279 1574
2249 2 3 2 23 0 1448 1480 1579
2250 2 3 2 23 0 1583 552 553
2251 2 3 2 23 0 1583 553 554
2252 2 3 2 23 0 1583 554 1464
2253 2 3 2 23 0 341 1496 1588
2254 2 3 2 23 0 1588 340 341
2255 2 3 2 23 0 518 519 1591
2256 2 3 2 23 0 1591 519 1564
2257 2 3 2 23 0 1563 518 1591
2258 2 3 2 23 0 1592 1564 1590
2259 2 3 2 23 0 1564 1592 1591
2260 2 3 2 23 0 1593 159 160
2261 2 3 2 23 0 160 1560 1593
2262 2 3 2 23 0 1593 1560 1455
2263 2 3 2 23 0 535 536 1595
2264 2 3 2 23 0 678 679 1599
2265 2 3 2 23 0 1538 1518 1600
2266 2 3 2 23 0 1600 597 598
2267 2 3 2 23 0 1518 597 1600
2268 2 3 2 23 0 462 463 1610
2269 2 3 2 23 0 458 459 1611
2270 2 3 2 23 0 1612 443 444
2271 2 3 2 23 0 1616 680 681
2272 2 3 2 23 0 563 1463 1619
2273 2 3 2 23 0 1623 561 562
2274 2 3 2 23 0 345 346 1633
2275 2 3 2 23 0 445 446 1634
2276 2 3 2 23 0 1634 446 1507
2277 2 3 2 23 0 1643 1560 1528
2278 2 3 2 23 0 1455 1560 1643
2279 2 3 2 23 0 652 653 1647
2280 2 3 2 23 0 638 639 1663
2281 2 3 2 23 0 1592 1590 1672
2282 2 3 2 23 0 1673 378 379
2283 2 3 2 23 0 1674 287 288
2284 2 3 2 23 0 544 545 1676
2285 2 3 2 23 0 303 304 1696
2286 2 3 2 23 0 1702 1536 1599
2287 2 3 2 23 0 1605 1680 1707
2288 2 3 2 23 0 1605 1707 1708
2289 2 3 2 23 0 1708 1707 1452
2290 2 3 2 23 0 549 550 1711
2291 2 3 2 23 0 167 168 1451
2292 2 3 2 23 0 633 634 1502
2293 2 3 2 23 0 1534 633 1502
2294 2 3 2 23 0 1524 1541 1477
2295 2 3 2 23 0 1527 465 466
2296 2 3 2 23 0 1508 592 593
2297 2 3 2 23 0 1555 695 696
2298 2 3 2 23 0 1591 1592 1563
2299 2 3 2 23 0 1697 1563 1592
2300 2 3 2 23 0 1564 519 520
2301 2 3 2 23 0 520 521 1564
2302 2 3 2 23 0 1564 521 1590
2303 2 3 2 23 0 1573 472 473
2304 2 3 2 23 0 1574 280 281
2305 2 3 2 23 0 1554 529 530
2306 2 3 2 23 0 1516 529 1554
2307 2 3 2 23 0 1554 1481 1516
2308 2 3 2 23 0 694 695 1555
2309 2 3 2 23 0 1582 434 435
2310 2 3 2 23 0 1522 1499 1523
2311 2 3 2 23 0 1562 374 375
2312 2 3 2 23 0 421 422 1613
2313 2 3 2 23 0 1578 318 319
2314 2 3 2 23 0 1578 319 1644
2315 2 3 2 23 0 410 411 1608
2316 2 3 2 23 0 1609 470 471
2317 2 3 2 23 0 1548 470 1609
2318 2 3 2 23 0 420 421 1613
2319 2 3 2 23 0 679 680 1616
2320 2 3 2 23 0 1616 1599 679
2321 2 3 2 23 0 1618 295 296
2322 2 3 2 23 0 562 563 1619
2323 2 3 2 23 0 562 1619 1623
2324 2 3 2 23 0 1451 1622 1557
2325 2 3 2 23 0 1623 560 561
2326 2 3 2 23 0 1456 560 1623
2327 2 3 2 23 0 1625 423 424
2328 2 3 2 23 0 1625 424 425
2329 2 3 2 23 0 1625 425 1660
2330 2 3 2 23 0 1626 441 442
2331 2 3 2 23 0 1626 442 443
2332 2 3 2 23 0 1612 1497 1626
2333 2 3 2 23 0 443 1612 1626
2334 2 3 2 23 0 1606 1629 1712
2335 2 3 2 23 0 1471 345 1633
2336 2 3 2 23 0 1633 1498 1471
2337 2 3 2 23 0 1636 471 472
2338 2 3 2 23 0 1609 471 1636
2339 2 3 2 23 0 472 1573 1636
2340 2 3 2 23 0 1637 413 414
2341 2 3 2 23 0 412 413 1637
2342 2 3 2 23 0 1641 480 481
2343 2 3 2 23 0 1646 690 691
2344 2 3 2 23 0 1647 1505 1469
2345 2 3 2 23 0 1469 652 1647
2346 2 3 2 23 0 406 407 1651
2347 2 3 2 23 0 405 406 1651
2348 2 3 2 23 0 368 369 1652
2349 2 3 2 23 0 1657 435 436
2350 2 3 2 23 0 1582 435 1657
2351 2 3 2 23 0 243 244 1661
2352 2 3 2 23 0 242 243 1661
2353 2 3 2 23 0 1668 398 399
2354 2 3 2 23 0 384 385 1675
2355 2 3 2 23 0 385 386 1675
2356 2 3 2 23 0 1562 375 1690
2357 2 3 2 23 0 1692 607 608
2358 2 3 2 23 0 1709 1507 1693
2359 2 3 2 23 0 1693 448 449
2360 2 3 2 23 0 1507 448 1693
2361 2 3 2 23 0 300 301 1695
2362 2 3 2 23 0 1589 300 1695
2363 2 3 2 23 0 301 302 1695
2364 2 3 2 23 0 1700 1597 259
2365 2 3 2 23 0 259 260 1700
2366 2 3 2 23 0 1704 205 206
2367 2 3 2 23 0 1631 1704 1691
2368 2 3 2 23 0 1473 1512 1706
2369 2 3 2 23 0 1706 1512 588
2370 2 3 2 23 0 1710 1476 1497
2371 2 3 2 23 0 1497 1612 1710
2372 2 3 2 23 0 444 445 1710
2373 2 3 2 23 0 1710 1612 444
2374 2 3 2 23 0 1711 550 551
2375 2 3 2 23 0 1712 1456 1623
2376 2 3 2 23 0 1712 1623 1619
2377 2 3 2 23 0 463 464 1720
2378 2 3 2 23 0 1720 1610 463
2379 2 3 2 23 0 172 173 1727
2380 2 3 2 23 0 1728 683 684
2381 2 3 2 23 0 1735 1515 1583
2382 2 3 2 23 0 1583 1464 1735
2383 2 3 2 23 0 1739 698 699
2384 2 3 2 23 0 699 1472 1739
2385 2 3 2 23 0 1579 1480 1742
2386 2 3 2 23 0 1742 1580 1579
2387 2 3 2 23 0 1601 1691 1750
2388 2 3 2 23 0 1750 1691 1704
2389 2 3 2 23 0 1753 158 159
2390 2 3 2 23 0 159 1593 1753
2391 2 3 2 23 0 1755 240 241
2392 2 3 2 23 0 1555 1537 1758
2393 2 3 2 23 0 481 482 1759
2394 2 3 2 23 0 1759 1641 481
2395 2 3 2 23 0 399 400 1763
2396 2 3 2 23 0 1767 627 628
2397 2 3 2 23 0 628 1533 1767
2398 2 3 2 23 0 1769 1537 1555
2399 2 3 2 23 0 1795 170 171
2400 2 3 2 23 0 168 169 1796
2401 2 3 2 23 0 241 242 1810
2402 2 3 2 23 0 1810 242 1661
2403 2 3 2 23 0 1811 1565 1661
2404 2 3 2 23 0 1662 1565 1811
2405 2 3 2 23 0 431 432 1817
2406 2 3 2 23 0 1821 420 1613
2407 2 3 2 23 0 1824 1823 1594
2408 2 3 2 23 0 1629 1606 1825
2409 2 3 2 23 0 1827 337 338
2410 2 3 2 23 0 524 525 1834
2411 2 3 2 23 0 486 487 1838
2412 2 3 2 23 0 668 669 1722
2413 2 3 2 23 0 555 556 1464
2414 2 3 2 23 0 209 210 1540
2415 2 3 2 23 0 1604 660 661
2416 2 3 2 23 0 1569 267 268
2417 2 3 2 23 0 1557 166 167
2418 2 3 2 23 0 167 1451 1557
2419 2 3 2 23 0 478 479 1584
2420 2 3 2 23 0 1526 511 1621
2421 2 3 2 23 0 511 512 1621
2422 2 3 2 23 0 1632 1498 1633
2423 2 3 2 23 0 1709 1476 1634
2424 2 3 2 23 0 1634 1476 1710
2425 2 3 2 23 0 1634 1507 1709
2426 2 3 2 23 0 1710 445 1634
2427 2 3 2 23 0 1609 1642 1548
2428 2 3 2 23 0 1643 735 736
2429 2 3 2 23 0 1643 736 1455
2430 2 3 2 23 0 1644 319 320
2431 2 3 2 23 0 1644 320 321
2432 2 3 2 23 0 1708 1452 1645
2433 2 3 2 23 0 1646 691 692
2434 2 3 2 23 0 1572 1650 1671
2435 2 3 2 23 0 367 368 1652
2436 2 3 2 23 0 322 323 1653
2437 2 3 2 23 0 193 194 1656
2438 2 3 2 23 0 417 418 1659
2439 2 3 2 23 0 1663 637 638
2440 2 3 2 23 0 1669 433 434
2441 2 3 2 23 0 1669 434 1582
2442 2 3 2 23 0 1655 1669 1582
2443 2 3 2 23 0 327 328 1671
2444 2 3 2 23 0 328 329 1671
2445 2 3 2 23 0 1671 329 1572
2446 2 3 2 23 0 1559 1672 1590
2447 2 3 2 23 0 179 180 1678
2448 2 3 2 23 0 1685 261 262
2449 2 3 2 23 0 1648 1716 1868
2450 2 3 2 23 0 1459 1503 1574
2451 2 3 2 23 0 1459 1574 1841
2452 2 3 2 23 0 451 452 1694
2453 2 3 2 23 0 1802 1677 1660
2454 2 3 2 23 0 1521 1639 1731
2455 2 3 2 23 0 432 433 1669
2456 2 3 2 23 0 1817 432 1669
2457 2 3 2 23 0 317 318 1681
2458 2 3 2 23 0 316 317 1681
2459 2 3 2 23 0 1690 375 376
2460 2 3 2 23 0 1690 376 377
2461 2 3 2 23 0 1724 647 1466
2462 2 3 2 23 0 1466 1465 1724
2463 2 3 2 23 0 1543 1605 1727
2464 2 3 2 23 0 1708 1727 1605
2465 2 3 2 23 0 682 683 1728
2466 2 3 2 23 0 1731 312 1521
2467 2 3 2 23 0 311 312 1731
2468 2 3 2 23 0 310 311 1731
2469 2 3 2 23 0 501 502 1733
2470 2 3 2 23 0 484 485 1736
2471 2 3 2 23 0 1736 1519 484
2472 2 3 2 23 0 1731 1639 1738
2473 2 3 2 23 0 1739 697 698
2474 2 3 2 23 0 1739 1537 1769
2475 2 3 2 23 0 1505 1467 1741
2476 2 3 2 23 0 1480 1594 1742
2477 2 3 2 23 0 1742 1594 1823
2478 2 3 2 23 0 1594 1480 1746
2479 2 3 2 23 0 1750 207 8
2480 2 3 2 23 0 1751 583 584
2481 2 3 2 23 0 1751 1541 1524
2482 2 3 2 23 0 154 155 1752
2483 2 3 2 23 0 1752 1556 154
2484 2 3 2 23 0 1752 739 740
2485 2 3 2 23 0 740 1556 1752
2486 2 3 2 23 0 1553 739 1752
2487 2 3 2 23 0 1455 1753 1593
2488 2 3 2 23 0 1755 239 240
2489 2 3 2 23 0 1755 1566 1756
2490 2 3 2 23 0 1756 237 238
2491 2 3 2 23 0 1756 238 239
2492 2 3 2 23 0 1756 239 1755
2493 2 3 2 23 0 1758 694 1555
2494 2 3 2 23 0 1759 482 1519
2495 2 3 2 23 0 1777 1762 1624
2496 2 3 2 23 0 1763 1649 1668
2497 2 3 2 23 0 1668 399 1763
2498 2 3 2 23 0 326 327 1765
2499 2 3 2 23 0 1766 299 1589
2500 2 3 2 23 0 298 299 1766
2501 2 3 2 23 0 1767 626 627
2502 2 3 2 23 0 1768 620 621
2503 2 3 2 23 0 619 620 1768
2504 2 3 2 23 0 1769 696 697
2505 2 3 2 23 0 697 1739 1769
2506 2 3 2 23 0 1555 696 1769
2507 2 3 2 23 0 1771 612 613
2508 2 3 2 23 0 1557 1622 1775
2509 2 3 2 23 0 1777 1624 1608
2510 2 3 2 23 0 1608 411 1777
2511 2 3 2 23 0 1778 423 1625
2512 2 3 2 23 0 313 314 1779
2513 2 3 2 23 0 1456 1712 1780
2514 2 3 2 23 0 1780 1712 1629
2515 2 3 2 23 0 369 370 1782
2516 2 3 2 23 0 1652 369 1782
2517 2 3 2 23 0 1723 1462 1784
2518 2 3 2 23 0 1784 1561 1723
2519 2 3 2 23 0 1675 1635 1786
2520 2 3 2 23 0 1787 414 415
2521 2 3 2 23 0 1637 414 1787
2522 2 3 2 23 0 356 1475 1791
2523 2 3 2 23 0 1791 355 356
2524 2 3 2 23 0 1796 1622 1451
2525 2 3 2 23 0 1451 168 1796
2526 2 3 2 23 0 426 427 1802
2527 2 3 2 23 0 425 426 1802
2528 2 3 2 23 0 1660 425 1802
2529 2 3 2 23 0 1811 1661 244
2530 2 3 2 23 0 1815 1523 1499
2531 2 3 2 23 0 1571 1815 1499
2532 2 3 2 23 0 1816 1815 1571
2533 2 3 2 23 0 228 229 1819
2534 2 3 2 23 0 1821 419 420
2535 2 3 2 23 0 1822 1823 1824
2536 2 3 2 23 0 1823 1822 1748
2537 2 3 2 23 0 1735 1629 1825
2538 2 3 2 23 0 1676 1792 1826
2539 2 3 2 23 0 1826 542 543
2540 2 3 2 23 0 1827 338 339
2541 2 3 2 23 0 1827 1781 1760
2542 2 3 2 23 0 731 732 1828
2543 2 3 2 23 0 1828 732 1452
2544 2 3 2 23 0 1828 1452 1707
2545 2 3 2 23 0 1829 1681 1494
2546 2 3 2 23 0 1833 523 524
2547 2 3 2 23 0 1834 1833 524
2548 2 3 2 23 0 523 1833 1559
2549 2 3 2 23 0 1672 1559 1833
2550 2 3 2 23 0 1834 525 526
2551 2 3 2 23 0 485 486 1838
2552 2 3 2 23 0 1838 1736 485
2553 2 3 2 23 0 1689 1840 1839
2554 2 3 2 23 0 1585 1841 1842
2555 2 3 2 23 0 282 283 1842
2556 2 3 2 23 0 281 282 1842
2557 2 3 2 23 0 1479 1489 1843
2558 2 3 2 23 0 1845 392 393
2559 2 3 2 23 0 1847 1544 1462
2560 2 3 2 23 0 248 249 1848
2561 2 3 2 23 0 1624 1762 1851
2562 2 3 2 23 0 1791 1475 1855
2563 2 3 2 23 0 1715 1576 1855
2564 2 3 2 23 0 1855 1576 1791
2565 2 3 2 23 0 1790 1715 1855
2566 2 3 2 23 0 1599 1616 1857
2567 2 3 2 23 0 1857 1702 1599
2568 2 3 2 23 0 1751 1858 1541
2569 2 3 2 23 0 1860 1862 1863
2570 2 3 2 23 0 1573 1866 1636
2571 2 3 2 23 0 1868 1716 1867
2572 2 3 2 23 0 711 1552 1873
2573 2 3 2 23 0 1873 710 711
2574 2 3 2 23 0 214 215 1875
2575 2 3 2 23 0 599 600 1876
2576 2 3 2 23 0 1882 665 666
2577 2 3 2 23 0 1882 1806 1535
2578 2 3 2 23 0 1535 665 1882
2579 2 3 2 23 0 187 188 1883
2580 2 3 2 23 0 1887 380 381
2581 2 3 2 23 0 1888 290 291
2582 2 3 2 23 0 1891 690 1646
2583 2 3 2 23 0 729 730 1893
2584 2 3 2 23 0 1893 730 1686
2585 2 3 2 23 0 1896 1680 1605
2586 2 3 2 23 0 602 603 1898
2587 2 3 2 23 0 1898 1501 602
2588 2 3 2 23 0 275 276 1901
2589 2 3 2 23 0 1901 1510 275
2590 2 3 2 23 0 1903 227 228
2591 2 3 2 23 0 228 1819 1903
2592 2 3 2 23 0 734 1775 1904
2593 2 3 2 23 0 1904 1775 1622
2594 2 3 2 23 0 1905 339 340
2595 2 3 2 23 0 340 1588 1905
2596 2 3 2 23 0 1907 1804 1654
2597 2 3 2 23 0 1648 1804 1907
2598 2 3 2 23 0 474 475 1908
2599 2 3 2 23 0 1909 270 271
2600 2 3 2 23 0 271 1549 1909
2601 2 3 2 23 0 1713 1864 1913
2602 2 3 2 23 0 499 500 1917
2603 2 3 2 23 0 1528 1450 1922
2604 2 3 2 23 0 1922 1643 1528
2605 2 3 2 23 0 1711 1515 1935
2606 2 3 2 23 0 1938 234 235
2607 2 3 2 23 0 1942 662 663
2608 2 3 2 23 0 1604 662 1942
2609 2 3 2 23 0 1944 512 513
2610 2 3 2 23 0 1621 512 1944
2611 2 3 2 23 0 186 187 1945
2612 2 3 2 23 0 1946 1633 346
2613 2 3 2 23 0 1632 1633 1946
2614 2 3 2 23 0 1625 1660 1958
2615 2 3 2 23 0 1964 178 179
2616 2 3 2 23 0 179 1678 1964
2617 2 3 2 23 0 1967 684 685
2618 2 3 2 23 0 1728 684 1967
2619 2 3 2 23 0 1969 1705 1602
2620 2 3 2 23 0 1508 1602 1978
2621 2 3 2 23 0 295 1618 1979
2622 2 3 2 23 0 1979 294 295
2623 2 3 2 23 0 1992 1455 737
2624 2 3 2 23 0 1753 1455 1992
2625 2 3 2 23 0 458 1611 1993
2626 2 3 2 23 0 1993 1611 1754
2627 2 3 2 23 0 1754 1773 1995
2628 2 3 2 23 0 1999 1864 1713
2629 2 3 2 23 0 625 626 2014
2630 2 3 2 23 0 2014 626 1767
2631 2 3 2 23 0 2015 621 622
2632 2 3 2 23 0 1768 621 2015
2633 2 3 2 23 0 1788 2015 2029
2634 2 3 2 23 0 1519 1736 2031
2635 2 3 2 23 0 2034 577 578
2636 2 3 2 23 0 578 1525 2034
2637 2 3 2 23 0 1800 1776 2037
2638 2 3 2 23 0 2040 1487 1806
2639 2 3 2 23 0 2041 1975 1808
2640 2 3 2 23 0 2042 246 247
2641 2 3 2 23 0 1813 1566 2043
2642 2 3 2 23 0 2043 1517 1813
2643 2 3 2 23 0 2048 2011 1765
2644 2 3 2 23 0 1826 1792 2051
2645 2 3 2 23 0 2052 437 438
2646 2 3 2 23 0 2064 1833 1834
2647 2 3 2 23 0 1624 1851 2088
2648 2 3 2 23 0 2093 2090 1853
2649 2 3 2 23 0 1479 1868 2107
2650 2 3 2 23 0 1867 1947 2108
2651 2 3 2 23 0 1529 1874 1449
2652 2 3 2 23 0 551 552 1515
2653 2 3 2 23 0 1711 551 1515
2654 2 3 2 23 0 1515 552 1583
2655 2 3 2 23 0 1559 521 522
2656 2 3 2 23 0 1590 521 1559
2657 2 3 2 23 0 1561 1784 1655
2658 2 3 2 23 0 1561 1655 1582
2659 2 3 2 23 0 1561 1582 1657
2660 2 3 2 23 0 1550 353 1576
2661 2 3 2 23 0 354 355 1576
2662 2 3 2 23 0 1576 355 1791
2663 2 3 2 23 0 353 354 1576
2664 2 3 2 23 0 1636 1866 1609
2665 2 3 2 23 0 1570 362 363
2666 2 3 2 23 0 1513 1663 1664
2667 2 3 2 23 0 464 465 1720
2668 2 3 2 23 0 1720 465 1527
2669 2 3 2 23 0 459 460 1611
2670 2 3 2 23 0 1573 473 474
2671 2 3 2 23 0 1908 1573 474
2672 2 3 2 23 0 1866 1573 1714
2673 2 3 2 23 0 1610 1773 1721
2674 2 3 2 23 0 1611 1721 1754
2675 2 3 2 23 0 1754 1721 1773
2676 2 3 2 23 0 415 416 1627
2677 2 3 2 23 0 416 417 1627
2678 2 3 2 23 0 1672 1697 1592
2679 2 3 2 23 0 1734 364 365
2680 2 3 2 23 0 309 310 1738
2681 2 3 2 23 0 1738 310 1731
2682 2 3 2 23 0 1741 1465 1469
2683 2 3 2 23 0 1469 1505 1741
2684 2 3 2 23 0 400 401 1763
2685 2 3 2 23 0 411 412 1777
2686 2 3 2 23 0 1637 1777 412
2687 2 3 2 23 0 1777 1637 1762
2688 2 3 2 23 0 1667 1613 1778
2689 2 3 2 23 0 1613 422 1778
2690 2 3 2 23 0 1958 1778 1625
2691 2 3 2 23 0 1778 422 423
2692 2 3 2 23 0 1785 1494 1578
2693 2 3 2 23 0 1644 1785 1578
2694 2 3 2 23 0 1785 1454 1494
2695 2 3 2 23 0 1793 540 541
2696 2 3 2 23 0 1793 539 540
2697 2 3 2 23 0 1795 171 172
2698 2 3 2 23 0 1727 1795 172
2699 2 3 2 23 0 1801 324 325
2700 2 3 2 23 0 1803 428 429
2701 2 3 2 23 0 1805 1718 1705
2702 2 3 2 23 0 1805 1871 1718
2703 2 3 2 23 0 1871 1805 1869
2704 2 3 2 23 0 241 1810 1755
2705 2 3 2 23 0 1810 1661 1565
2706 2 3 2 23 0 1565 1566 1810
2707 2 3 2 23 0 1810 1566 1755
2708 2 3 2 23 0 1832 1481 1746
2709 2 3 2 23 0 1703 1702 1857
2710 2 3 2 23 0 1797 1869 1805
2711 2 3 2 23 0 687 688 1719
2712 2 3 2 23 0 1765 327 1671
2713 2 3 2 23 0 260 261 1685
2714 2 3 2 23 0 1802 427 1803
2715 2 3 2 23 0 427 428 1803
2716 2 3 2 23 0 1803 1677 1802
2717 2 3 2 23 0 1832 527 528
2718 2 3 2 23 0 1516 1481 1832
2719 2 3 2 23 0 1832 528 1516
2720 2 3 2 23 0 1506 1522 1744
2721 2 3 2 23 0 1523 1744 1522
2722 2 3 2 23 0 1787 415 1627
2723 2 3 2 23 0 1523 1815 1794
2724 2 3 2 23 0 1744 1523 1794
2725 2 3 2 23 0 1645 1796 1795
2726 2 3 2 23 0 1796 169 170
2727 2 3 2 23 0 1796 170 1795
2728 2 3 2 23 0 1756 1566 1813
2729 2 3 2 23 0 2080 1846 1845
2730 2 3 2 23 0 1637 1852 1762
2731 2 3 2 23 0 1787 1852 1637
2732 2 3 2 23 0 1876 1501 1968
2733 2 3 2 23 0 616 617 1877
2734 2 3 2 23 0 1915 1547 1877
2735 2 3 2 23 0 1878 635 636
2736 2 3 2 23 0 1447 702 1879
2737 2 3 2 23 0 1879 1472 1447
2738 2 3 2 23 0 593 594 1881
2739 2 3 2 23 0 1881 594 595
2740 2 3 2 23 0 593 1881 1508
2741 2 3 2 23 0 1881 595 1483
2742 2 3 2 23 0 1483 1538 1881
2743 2 3 2 23 0 1602 1508 1881
2744 2 3 2 23 0 188 189 1883
2745 2 3 2 23 0 1883 189 1511
2746 2 3 2 23 0 1493 1883 1511
2747 2 3 2 23 0 191 192 1886
2748 2 3 2 23 0 1887 379 380
2749 2 3 2 23 0 1673 379 1887
2750 2 3 2 23 0 1888 289 290
2751 2 3 2 23 0 1888 1884 1674
2752 2 3 2 23 0 1889 1739 1472
2753 2 3 2 23 0 1472 1879 1889
2754 2 3 2 23 0 1889 1449 1874
2755 2 3 2 23 0 1889 1879 1449
2756 2 3 2 23 0 1889 1874 1747
2757 2 3 2 23 0 1891 689 690
2758 2 3 2 23 0 729 1893 2067
2759 2 3 2 23 0 1895 358 359
2760 2 3 2 23 0 1790 1895 1665
2761 2 3 2 23 0 1475 358 1895
2762 2 3 2 23 0 1855 1475 1895
2763 2 3 2 23 0 1895 1790 1855
2764 2 3 2 23 0 175 176 1896
2765 2 3 2 23 0 1543 175 1896
2766 2 3 2 23 0 1896 176 177
2767 2 3 2 23 0 1896 1605 1543
2768 2 3 2 23 0 603 604 1898
2769 2 3 2 23 0 1485 1900 1460
2770 2 3 2 23 0 1542 1467 1900
2771 2 3 2 23 0 276 277 1901
2772 2 3 2 23 0 1901 277 1503
2773 2 3 2 23 0 1503 1459 1901
2774 2 3 2 23 0 1902 381 382
2775 2 3 2 23 0 381 1902 1887
2776 2 3 2 23 0 226 227 1903
2777 2 3 2 23 0 1903 1701 1925
2778 2 3 2 23 0 733 734 1904
2779 2 3 2 23 0 1781 1905 1630
2780 2 3 2 23 0 1827 339 1905
2781 2 3 2 23 0 1827 1905 1781
2782 2 3 2 23 0 1906 390 391
2783 2 3 2 23 0 1907 1716 1648
2784 2 3 2 23 0 1907 1654 1717
2785 2 3 2 23 0 1849 1907 1717
2786 2 3 2 23 0 1849 1716 1907
2787 2 3 2 23 0 1908 475 476
2788 2 3 2 23 0 1714 1908 1688
2789 2 3 2 23 0 1573 1908 1714
2790 2 3 2 23 0 1569 269 1909
2791 2 3 2 23 0 1569 1909 2062
2792 2 3 2 23 0 269 270 1909
2793 2 3 2 23 0 1910 545 546
2794 2 3 2 23 0 1676 545 1910
2795 2 3 2 23 0 1913 1864 1912
2796 2 3 2 23 0 1698 1713 1913
2797 2 3 2 23 0 654 655 1914
2798 2 3 2 23 0 1914 1505 1647
2799 2 3 2 23 0 1914 655 1460
2800 2 3 2 23 0 1914 1460 1900
2801 2 3 2 23 0 1914 1467 1505
2802 2 3 2 23 0 1900 1467 1914
2803 2 3 2 23 0 1683 1915 1453
2804 2 3 2 23 0 1726 1920 1919
2805 2 3 2 23 0 1589 1921 1766
2806 2 3 2 23 0 1766 1921 1740
2807 2 3 2 23 0 1921 1860 1863
2808 2 3 2 23 0 1589 1695 1921
2809 2 3 2 23 0 1922 1450 1775
2810 2 3 2 23 0 1922 735 1643
2811 2 3 2 23 0 734 735 1922
2812 2 3 2 23 0 1775 734 1922
2813 2 3 2 23 0 225 226 1925
2814 2 3 2 23 0 1925 226 1903
2815 2 3 2 23 0 722 723 1927
2816 2 3 2 23 0 1872 1927 723
2817 2 3 2 23 0 1927 1872 2024
2818 2 3 2 23 0 1824 1594 1928
2819 2 3 2 23 0 1701 1903 1929
2820 2 3 2 23 0 1931 1682 1809
2821 2 3 2 23 0 1923 1850 1932
2822 2 3 2 23 0 1884 1888 1934
2823 2 3 2 23 0 1938 235 1478
2824 2 3 2 23 0 1577 1938 1939
2825 2 3 2 23 0 1939 1478 1813
2826 2 3 2 23 0 1478 1939 1938
2827 2 3 2 23 0 1978 1602 1940
2828 2 3 2 23 0 589 590 1940
2829 2 3 2 23 0 1940 590 591
2830 2 3 2 23 0 1941 660 1604
2831 2 3 2 23 0 664 1535 1942
2832 2 3 2 23 0 663 664 1942
2833 2 3 2 23 0 284 285 1943
2834 2 3 2 23 0 1585 1842 1943
2835 2 3 2 23 0 1493 1509 1945
2836 2 3 2 23 0 1945 1883 1493
2837 2 3 2 23 0 1883 1945 187
2838 2 3 2 23 0 1946 346 347
2839 2 3 2 23 0 1946 347 348
2840 2 3 2 23 0 1804 1948 1654
2841 2 3 2 23 0 2101 1949 1862
2842 2 3 2 23 0 2072 1861 1949
2843 2 3 2 23 0 1943 1950 1585
2844 2 3 2 23 0 1953 610 611
2845 2 3 2 23 0 1953 611 612
2846 2 3 2 23 0 612 1771 1953
2847 2 3 2 23 0 449 450 1954
2848 2 3 2 23 0 1954 1693 449
2849 2 3 2 23 0 1709 1693 1955
2850 2 3 2 23 0 1955 1476 1709
2851 2 3 2 23 0 1465 1956 1724
2852 2 3 2 23 0 1958 1667 1778
2853 2 3 2 23 0 1958 1660 1677
2854 2 3 2 23 0 1960 1958 1677
2855 2 3 2 23 0 1959 332 333
2856 2 3 2 23 0 1962 609 610
2857 2 3 2 23 0 610 1953 1962
2858 2 3 2 23 0 1963 1867 1716
2859 2 3 2 23 0 1964 177 178
2860 2 3 2 23 0 1462 1723 1965
2861 2 3 2 23 0 1965 1847 1462
2862 2 3 2 23 0 1857 1616 1966
2863 2 3 2 23 0 1966 1749 1857
2864 2 3 2 23 0 681 682 1966
2865 2 3 2 23 0 682 1728 1966
2866 2 3 2 23 0 1966 1616 681
2867 2 3 2 23 0 1967 685 1468
2868 2 3 2 23 0 1988 1967 1468
2869 2 3 2 23 0 1749 1967 1988
2870 2 3 2 23 0 1898 1968 1501
2871 2 3 2 23 0 1538 1897 1969
2872 2 3 2 23 0 1805 1969 1797
2873 2 3 2 23 0 1705 1969 1805
2874 2 3 2 23 0 1572 330 1971
2875 2 3 2 23 0 1971 1650 1572
2876 2 3 2 23 0 1971 330 331
2877 2 3 2 23 0 1635 1972 1786
2878 2 3 2 23 0 1976 1486 1482
2879 2 3 2 23 0 1536 1702 1976
2880 2 3 2 23 0 1978 591 592
2881 2 3 2 23 0 592 1508 1978
2882 2 3 2 23 0 1940 591 1978
2883 2 3 2 23 0 293 294 1979
2884 2 3 2 23 0 1781 1630 1980
2885 2 3 2 23 0 1789 1788 1981
2886 2 3 2 23 0 1982 1746 1481
2887 2 3 2 23 0 1982 1481 1554
2888 2 3 2 23 0 1984 730 731
2889 2 3 2 23 0 1686 730 1984
2890 2 3 2 23 0 1984 1951 1686
2891 2 3 2 23 0 1984 731 1828
2892 2 3 2 23 0 1984 1679 1951
2893 2 3 2 23 0 1988 1468 1719
2894 2 3 2 23 0 1989 556 557
2895 2 3 2 23 0 1464 556 1989
2896 2 3 2 23 0 1629 1989 1780
2897 2 3 2 23 0 1629 1735 1989
2898 2 3 2 23 0 1989 1735 1464
2899 2 3 2 23 0 1991 1696 1666
2900 2 3 2 23 0 1921 1695 1991
2901 2 3 2 23 0 1991 1860 1921
2902 2 3 2 23 0 1992 737 738
2903 2 3 2 23 0 1992 1628 1753
2904 2 3 2 23 0 1993 1520 457
2905 2 3 2 23 0 457 458 1993
2906 2 3 2 23 0 1754 1520 1993
2907 2 3 2 23 0 1520 1754 1994
2908 2 3 2 23 0 1474 1520 1994
2909 2 3 2 23 0 1604 1942 1997
2910 2 3 2 23 0 1604 1997 1941
2911 2 3 2 23 0 1998 1467 1542
2912 2 3 2 23 0 1999 1713 1995
2913 2 3 2 23 0 1646 2000 1891
2914 2 3 2 23 0 1763 401 2002
2915 2 3 2 23 0 2002 1649 1763
2916 2 3 2 23 0 2002 401 402
2917 2 3 2 23 0 430 431 2004
2918 2 3 2 23 0 2004 431 1817
2919 2 3 2 23 0 2004 429 430
2920 2 3 2 23 0 1803 429 2004
2921 2 3 2 23 0 1817 2003 2004
2922 2 3 2 23 0 509 1526 2005
2923 2 3 2 23 0 2007 409 1608
2924 2 3 2 23 0 1608 1624 2007
2925 2 3 2 23 0 408 409 2007
2926 2 3 2 23 0 2009 1620 1495
2927 2 3 2 23 0 1509 1493 2010
2928 2 3 2 23 0 1584 1641 2012
2929 2 3 2 23 0 2012 1641 1759
2930 2 3 2 23 0 624 625 2014
2931 2 3 2 23 0 2014 1767 1745
2932 2 3 2 23 0 2016 1488 1617
2933 2 3 2 23 0 1701 1929 2018
2934 2 3 2 23 0 2018 1929 1854
2935 2 3 2 23 0 2019 223 224
2936 2 3 2 23 0 1925 1701 2019
2937 2 3 2 23 0 2019 1701 2018
2938 2 3 2 23 0 537 538 2020
2939 2 3 2 23 0 2020 1658 1595
2940 2 3 2 23 0 1916 1776 2021
2941 2 3 2 23 0 1916 2021 1972
2942 2 3 2 23 0 1776 2022 2021
2943 2 3 2 23 0 1471 1498 2023
2944 2 3 2 23 0 1588 1496 2023
2945 2 3 2 23 0 2024 1872 2025
2946 2 3 2 23 0 2026 1580 1742
2947 2 3 2 23 0 1742 1823 2026
2948 2 3 2 23 0 372 373 2027
2949 2 3 2 23 0 623 624 2029
2950 2 3 2 23 0 2014 2029 624
2951 2 3 2 23 0 1759 1519 2031
2952 2 3 2 23 0 2012 1759 2031
2953 2 3 2 23 0 2031 2013 2012
2954 2 3 2 23 0 571 572 2035
2955 2 3 2 23 0 666 667 2040
2956 2 3 2 23 0 1806 1882 2040
2957 2 3 2 23 0 2040 1882 666
2958 2 3 2 23 0 245 246 2042
2959 2 3 2 23 0 1811 2042 1662
2960 2 3 2 23 0 2043 1565 1662
2961 2 3 2 23 0 1662 1812 2043
2962 2 3 2 23 0 2043 1566 1565
2963 2 3 2 23 0 2043 1488 1517
2964 2 3 2 23 0 1812 1488 2043
2965 2 3 2 23 0 1662 2044 1812
2966 2 3 2 23 0 2044 1662 2042
2967 2 3 2 23 0 1813 1517 2046
2968 2 3 2 23 0 2046 1939 1813
2969 2 3 2 23 0 1818 1939 2046
2970 2 3 2 23 0 1650 1820 2048
2971 2 3 2 23 0 2048 1671 1650
2972 2 3 2 23 0 1765 1671 2048
2973 2 3 2 23 0 2108 1947 2049
2974 2 3 2 23 0 1824 1658 2051
2975 2 3 2 23 0 2051 1792 1822
2976 2 3 2 23 0 1822 1824 2051
2977 2 3 2 23 0 1657 436 2052
2978 2 3 2 23 0 2052 1561 1657
2979 2 3 2 23 0 2052 436 437
2980 2 3 2 23 0 2055 568 569
2981 2 3 2 23 0 1717 1654 2060
2982 2 3 2 23 0 2062 1549 1470
2983 2 3 2 23 0 1549 2062 1909
2984 2 3 2 23 0 1480 1448 2064
2985 2 3 2 23 0 1833 2064 1672
2986 2 3 2 23 0 2067 1893 2065
2987 2 3 2 23 0 728 2066 1948
2988 2 3 2 23 0 2067 728 729
2989 2 3 2 23 0 2066 728 2067
2990 2 3 2 23 0 2066 2067 2065
2991 2 3 2 23 0 2068 1864 1999
2992 2 3 2 23 0 1617 2070 2016
2993 2 3 2 23 0 2070 2065 2016
2994 2 3 2 23 0 1839 2071 1689
2995 2 3 2 23 0 2072 1689 2071
2996 2 3 2 23 0 2100 2072 2071
2997 2 3 2 23 0 2074 1804 1648
2998 2 3 2 23 0 726 727 2074
2999 2 3 2 23 0 1804 2074 727
3000 2 3 2 23 0 726 2074 1859
3001 2 3 2 23 0 2077 254 255
3002 2 3 2 23 0 516 517 2078
3003 2 3 2 23 0 515 516 2078
3004 2 3 2 23 0 2078 517 1563
3005 2 3 2 23 0 1944 1844 2079
3006 2 3 2 23 0 1621 1944 2079
3007 2 3 2 23 0 2079 1526 1621
3008 2 3 2 23 0 1526 2079 2005
3009 2 3 2 23 0 2080 394 395
3010 2 3 2 23 0 396 397 2081
3011 2 3 2 23 0 251 252 2084
3012 2 3 2 23 0 250 251 2084
3013 2 3 2 23 0 1853 2085 2091
3014 2 3 2 23 0 2091 2085 2084
3015 2 3 2 23 0 723 724 2086
3016 2 3 2 23 0 723 2086 1872
3017 2 3 2 23 0 2088 2007 1624
3018 2 3 2 23 0 2085 1853 2090
3019 2 3 2 23 0 2093 1597 1700
3020 2 3 2 23 0 2095 2094 1854
3021 2 3 2 23 0 2095 1670 1818
3022 2 3 2 23 0 2095 1854 1929
3023 2 3 2 23 0 1929 1670 2095
3024 2 3 2 23 0 1764 1567 2096
3025 2 3 2 23 0 1880 2096 1567
3026 2 3 2 23 0 1809 1682 2098
3027 2 3 2 23 0 2098 1682 1856
3028 2 3 2 23 0 1950 2100 1585
3029 2 3 2 23 0 2102 2101 1862
3030 2 3 2 23 0 2102 1862 1860
3031 2 3 2 23 0 1860 1991 2102
3032 2 3 2 23 0 1743 2102 1666
3033 2 3 2 23 0 1666 2102 1991
3034 2 3 2 23 0 1979 1618 2103
3035 2 3 2 23 0 2104 1935 1825
3036 2 3 2 23 0 1923 1932 2105
3037 2 3 2 23 0 725 726 2106
3038 2 3 2 23 0 1859 2106 726
3039 2 3 2 23 0 1489 1479 2107
3040 2 3 2 23 0 2108 2049 1715
3041 2 3 2 23 0 2108 1715 1790
3042 2 3 2 23 0 1790 2107 2108
3043 2 3 2 23 0 1632 1947 2109
3044 2 3 2 23 0 2109 1947 1867
3045 2 3 2 23 0 1867 1963 2109
3046 2 3 2 23 0 2109 1963 2023
3047 2 3 2 23 0 2109 2023 1498
3048 2 3 2 23 0 2109 1498 1632
3049 2 3 2 23 0 1858 1718 2110
3050 2 3 2 23 0 2110 1541 1858
3051 2 3 2 23 0 2110 1477 1541
3052 2 3 2 23 0 2112 1869 1926
3053 2 3 2 23 0 1926 1927 2112
3054 2 3 2 23 0 2112 1927 2024
3055 2 3 2 23 0 1719 2113 1988
3056 2 3 2 23 0 2116 1977 1703
3057 2 3 2 23 0 1845 1846 1504
3058 2 3 2 23 0 1908 476 1688
3059 2 3 2 23 0 1627 417 1659
3060 2 3 2 23 0 686 687 1468
3061 2 3 2 23 0 1468 687 1719
3062 2 3 2 23 0 1556 740 741
3063 2 3 2 23 0 741 1492 1556
3064 2 3 2 23 0 157 158 1628
3065 2 3 2 23 0 1628 158 1753
3066 2 3 2 23 0 738 739 1553
3067 2 3 2 23 0 1462 1544 1783
3068 2 3 2 23 0 1783 1784 1462
3069 2 3 2 23 0 1743 2057 2101
3070 2 3 2 23 0 1743 2101 2102
3071 2 3 2 23 0 1597 257 258
3072 2 3 2 23 0 500 501 1733
3073 2 3 2 23 0 1733 1917 500
3074 2 3 2 23 0 2003 1655 1784
3075 2 3 2 23 0 1784 1783 2003
3076 2 3 2 23 0 1957 1738 1639
3077 2 3 2 23 0 192 193 1656
3078 2 3 2 23 0 1656 1886 192
3079 2 3 2 23 0 1614 1666 1696
3080 2 3 2 23 0 582 583 1751
3081 2 3 2 23 0 1751 1524 582
3082 2 3 2 23 0 1478 237 1756
3083 2 3 2 23 0 1756 1813 1478
3084 2 3 2 23 0 1527 1890 1772
3085 2 3 2 23 0 1772 1720 1527
3086 2 3 2 23 0 1808 1975 1737
3087 2 3 2 23 0 1737 1977 1808
3088 2 3 2 23 0 244 245 1811
3089 2 3 2 23 0 1811 245 2042
3090 2 3 2 23 0 2052 1723 1561
3091 2 3 2 23 0 1866 1714 2069
3092 2 3 2 23 0 2069 1774 1866
3093 2 3 2 23 0 2071 1841 1585
3094 2 3 2 23 0 1585 2100 2071
3095 2 3 2 23 0 2074 1648 2073
3096 2 3 2 23 0 1944 513 514
3097 2 3 2 23 0 2079 1844 1830
3098 2 3 2 23 0 1961 1830 1844
3099 2 3 2 23 0 391 392 1845
3100 2 3 2 23 0 1850 1923 1607
3101 2 3 2 23 0 1607 2030 1850
3102 2 3 2 23 0 1598 2098 1856
3103 2 3 2 23 0 1861 1863 1862
3104 2 3 2 23 0 1862 1949 1861
3105 2 3 2 23 0 1935 1515 1735
3106 2 3 2 23 0 1735 1825 1935
3107 2 3 2 23 0 1912 1864 1865
3108 2 3 2 23 0 1642 1609 1866
3109 2 3 2 23 0 2008 1996 1835
3110 2 3 2 23 0 2117 197 198
3111 2 3 2 23 0 386 387 2118
3112 2 3 2 23 0 1826 2051 2119
3113 2 3 2 23 0 1844 2078 2120
3114 2 3 2 23 0 2120 1961 1844
3115 2 3 2 23 0 2121 1584 2012
3116 2 3 2 23 0 2122 1648 1868
3117 2 3 2 23 0 2073 1648 2122
3118 2 3 2 23 0 2123 1725 1729
3119 2 3 2 23 0 1729 2124 2125
3120 2 3 2 23 0 2126 1627 1659
3121 2 3 2 23 0 1899 1732 2127
3122 2 3 2 23 0 1702 1703 2130
3123 2 3 2 23 0 2130 1703 1977
3124 2 3 2 23 0 292 293 2131
3125 2 3 2 23 0 2131 293 1979
3126 2 3 2 23 0 1453 1789 2132
3127 2 3 2 23 0 2132 1789 1981
3128 2 3 2 23 0 2135 2018 1880
3129 2 3 2 23 0 2019 2018 2135
3130 2 3 2 23 0 2030 1794 2136
3131 2 3 2 23 0 2137 1771 1915
3132 2 3 2 23 0 2141 1569 2062
3133 2 3 2 23 0 2143 2142 2069
3134 2 3 2 23 0 2013 2142 2143
3135 2 3 2 23 0 514 515 2145
3136 2 3 2 23 0 2145 515 2078
3137 2 3 2 23 0 2148 1617 1488
3138 2 3 2 23 0 2090 1617 2148
3139 2 3 2 23 0 2150 1853 2077
3140 2 3 2 23 0 2093 1853 2150
3141 2 3 2 23 0 2151 2016 2065
3142 2 3 2 23 0 2110 1870 2152
3143 2 3 2 23 0 1473 1858 2157
3144 2 3 2 23 0 2157 1858 1751
3145 2 3 2 23 0 302 303 2158
3146 2 3 2 23 0 2158 303 1696
3147 2 3 2 23 0 1596 1489 2159
3148 2 3 2 23 0 2159 1489 1730
3149 2 3 2 23 0 1746 1480 2160
3150 2 3 2 23 0 2160 1480 2064
3151 2 3 2 23 0 2165 2113 2000
3152 2 3 2 23 0 315 316 2166
3153 2 3 2 23 0 2166 316 1681
3154 2 3 2 23 0 1859 2074 2169
3155 2 3 2 23 0 2169 2074 2073
3156 2 3 2 23 0 2170 2124 1598
3157 2 3 2 23 0 1780 558 559
3158 2 3 2 23 0 1456 1780 559
3159 2 3 2 23 0 2117 198 199
3160 2 3 2 23 0 2117 1899 1514
3161 2 3 2 23 0 1527 466 467
3162 2 3 2 23 0 467 1890 1527
3163 2 3 2 23 0 1504 1575 1906
3164 2 3 2 23 0 1470 1539 1510
3165 2 3 2 23 0 1578 1494 1681
3166 2 3 2 23 0 1681 318 1578
3167 2 3 2 23 0 1690 1587 1562
3168 2 3 2 23 0 1586 1587 1690
3169 2 3 2 23 0 1575 1635 2118
3170 2 3 2 23 0 1675 386 2118
3171 2 3 2 23 0 2118 1635 1675
3172 2 3 2 23 0 1722 1461 1487
3173 2 3 2 23 0 1486 1976 1974
3174 2 3 2 23 0 296 297 1740
3175 2 3 2 23 0 1740 1618 296
3176 2 3 2 23 0 1771 613 1547
3177 2 3 2 23 0 1547 1915 1771
3178 2 3 2 23 0 1783 1960 1677
3179 2 3 2 23 0 2155 1783 1677
3180 2 3 2 23 0 2003 1783 2155
3181 2 3 2 23 0 1667 1919 1821
3182 2 3 2 23 0 1821 1613 1667
3183 2 3 2 23 0 1494 2058 1829
3184 2 3 2 23 0 1652 1596 1581
3185 2 3 2 23 0 1581 367 1652
3186 2 3 2 23 0 1620 194 195
3187 2 3 2 23 0 1656 194 1620
3188 2 3 2 23 0 1727 173 174
3189 2 3 2 23 0 174 1543 1727
3190 2 3 2 23 0 1743 1666 1614
3191 2 3 2 23 0 1614 1957 1743
3192 2 3 2 23 0 1745 1767 1533
3193 2 3 2 23 0 1533 1729 1745
3194 2 3 2 23 0 1596 1652 1782
3195 2 3 2 23 0 1786 383 384
3196 2 3 2 23 0 384 1675 1786
3197 2 3 2 23 0 2119 541 542
3198 2 3 2 23 0 542 1826 2119
3199 2 3 2 23 0 1793 541 2119
3200 2 3 2 23 0 707 708 1874
3201 2 3 2 23 0 1874 1529 707
3202 2 3 2 23 0 1603 1542 1900
3203 2 3 2 23 0 389 390 1906
3204 2 3 2 23 0 1819 1670 1929
3205 2 3 2 23 0 1929 1903 1819
3206 2 3 2 23 0 2008 1601 1540
3207 2 3 2 23 0 2134 2008 1540
3208 2 3 2 23 0 1996 2008 2134
3209 2 3 2 23 0 2011 2048 1820
3210 2 3 2 23 0 1793 2119 2051
3211 2 3 2 23 0 1840 2070 2149
3212 2 3 2 23 0 2149 2070 2092
3213 2 3 2 23 0 1479 1843 2122
3214 2 3 2 23 0 2122 1868 1479
3215 2 3 2 23 0 2073 2122 1843
3216 2 3 2 23 0 630 631 2123
3217 2 3 2 23 0 2123 629 630
3218 2 3 2 23 0 2124 1729 1725
3219 2 3 2 23 0 2125 1788 1745
3220 2 3 2 23 0 1981 1788 2125
3221 2 3 2 23 0 1730 1570 1734
3222 2 3 2 23 0 1749 1966 1728
3223 2 3 2 23 0 1728 1967 1749
3224 2 3 2 23 0 1793 2051 1658
3225 2 3 2 23 0 1836 1835 2096
3226 2 3 2 23 0 1700 260 1685
3227 2 3 2 23 0 1586 1673 1757
3228 2 3 2 23 0 491 1506 1744
3229 2 3 2 23 0 1453 1915 1877
3230 2 3 2 23 0 1877 1640 1453
3231 2 3 2 23 0 288 289 1674
3232 2 3 2 23 0 1674 289 1888
3233 2 3 2 23 0 1890 467 468
3234 2 3 2 23 0 688 689 1891
3235 2 3 2 23 0 1891 1719 688
3236 2 3 2 23 0 1901 1459 1970
3237 2 3 2 23 0 2128 1575 1504
3238 2 3 2 23 0 2128 1504 1846
3239 2 3 2 23 0 1916 2128 2147
3240 2 3 2 23 0 1659 1821 1919
3241 2 3 2 23 0 659 660 1941
3242 2 3 2 23 0 1941 1603 659
3243 2 3 2 23 0 2129 1840 1689
3244 2 3 2 23 0 1689 2072 2129
3245 2 3 2 23 0 2129 2072 1949
3246 2 3 2 23 0 1971 1820 1650
3247 2 3 2 23 0 1960 1783 1544
3248 2 3 2 23 0 1544 1726 1960
3249 2 3 2 23 0 2032 1692 1962
3250 2 3 2 23 0 1962 1953 2032
3251 2 3 2 23 0 1896 177 1964
3252 2 3 2 23 0 1964 1680 1896
3253 2 3 2 23 0 1974 1737 1975
3254 2 3 2 23 0 1975 1461 1974
3255 2 3 2 23 0 1975 1487 1461
3256 2 3 2 23 0 674 675 1482
3257 2 3 2 23 0 1976 1702 2130
3258 2 3 2 23 0 2130 1974 1976
3259 2 3 2 23 0 2130 1977 1737
3260 2 3 2 23 0 1737 1974 2130
3261 2 3 2 23 0 1979 2103 1934
3262 2 3 2 23 0 1683 1453 2132
3263 2 3 2 23 0 2132 2097 1683
3264 2 3 2 23 0 1981 2097 2132
3265 2 3 2 23 0 1983 504 1558
3266 2 3 2 23 0 504 1983 2133
3267 2 3 2 23 0 503 504 2133
3268 2 3 2 23 0 1995 1713 1698
3269 2 3 2 23 0 1994 1754 1995
3270 2 3 2 23 0 1995 1698 1994
3271 2 3 2 23 0 211 212 2134
3272 2 3 2 23 0 1996 2134 212
3273 2 3 2 23 0 1669 1655 2003
3274 2 3 2 23 0 2003 1817 1669
3275 2 3 2 23 0 1691 1601 1987
3276 2 3 2 23 0 1987 1601 2008
3277 2 3 2 23 0 1835 1987 2008
3278 2 3 2 23 0 221 222 2135
3279 2 3 2 23 0 2023 1963 1630
3280 2 3 2 23 0 1562 1587 2027
3281 2 3 2 23 0 1487 1975 2041
3282 2 3 2 23 0 2041 1806 1487
3283 2 3 2 23 0 1815 2136 1794
3284 2 3 2 23 0 2138 1816 1917
3285 2 3 2 23 0 2045 1816 2138
3286 2 3 2 23 0 2139 349 350
3287 2 3 2 23 0 2139 350 351
3288 2 3 2 23 0 2139 1550 2049
3289 2 3 2 23 0 351 1550 2139
3290 2 3 2 23 0 1723 2052 2054
3291 2 3 2 23 0 2058 1799 2140
3292 2 3 2 23 0 2057 2058 2140
3293 2 3 2 23 0 2140 2101 2057
3294 2 3 2 23 0 2060 2101 2140
3295 2 3 2 23 0 1829 2058 2059
3296 2 3 2 23 0 1521 1779 2059
3297 2 3 2 23 0 2059 1639 1521
3298 2 3 2 23 0 2060 1654 1948
3299 2 3 2 23 0 1672 1448 1697
3300 2 3 2 23 0 2064 1448 1672
3301 2 3 2 23 0 2167 2066 1840
3302 2 3 2 23 0 1948 2066 2167
3303 2 3 2 23 0 1607 1923 2142
3304 2 3 2 23 0 2142 2013 1607
3305 2 3 2 23 0 2142 1923 2068
3306 2 3 2 23 0 2012 2013 2143
3307 2 3 2 23 0 2143 2121 2012
3308 2 3 2 23 0 2069 2121 2143
3309 2 3 2 23 0 1459 1841 2071
3310 2 3 2 23 0 1897 1968 2075
3311 2 3 2 23 0 1692 2032 2144
3312 2 3 2 23 0 2145 1844 1944
3313 2 3 2 23 0 1944 514 2145
3314 2 3 2 23 0 2078 1844 2145
3315 2 3 2 23 0 1697 2120 1563
3316 2 3 2 23 0 1563 2120 2078
3317 2 3 2 23 0 2079 1830 2005
3318 2 3 2 23 0 395 396 2146
3319 2 3 2 23 0 2146 2080 395
3320 2 3 2 23 0 2146 396 2081
3321 2 3 2 23 0 1846 2080 2146
3322 2 3 2 23 0 2081 2082 2146
3323 2 3 2 23 0 2081 397 398
3324 2 3 2 23 0 398 1668 2081
3325 2 3 2 23 0 2147 1776 1916
3326 2 3 2 23 0 2147 2082 2037
3327 2 3 2 23 0 2037 1776 2147
3328 2 3 2 23 0 2089 2141 2062
3329 2 3 2 23 0 2077 1853 2091
3330 2 3 2 23 0 2070 1617 2092
3331 2 3 2 23 0 1597 2093 2150
3332 2 3 2 23 0 257 1597 2150
3333 2 3 2 23 0 2150 256 257
3334 2 3 2 23 0 1730 1489 2107
3335 2 3 2 23 0 1525 1477 2152
3336 2 3 2 23 0 2152 2034 1525
3337 2 3 2 23 0 2152 1477 2110
3338 2 3 2 23 0 1871 1869 2154
3339 2 3 2 23 0 2154 1869 2112
3340 2 3 2 23 0 2154 2024 2050
3341 2 3 2 23 0 2112 2024 2154
3342 2 3 2 23 0 2114 2115 2116
3343 2 3 2 23 0 1803 2004 2155
3344 2 3 2 23 0 2155 1677 1803
3345 2 3 2 23 0 2155 2004 2003
3346 2 3 2 23 0 373 374 1562
3347 2 3 2 23 0 1562 2027 373
3348 2 3 2 23 0 331 332 1959
3349 2 3 2 23 0 1959 1971 331
3350 2 3 2 23 0 1667 1958 1960
3351 2 3 2 23 0 1575 388 389
3352 2 3 2 23 0 389 1906 1575
3353 2 3 2 23 0 2156 487 488
3354 2 3 2 23 0 488 489 2156
3355 2 3 2 23 0 1698 1913 1973
3356 2 3 2 23 0 2157 584 585
3357 2 3 2 23 0 585 1473 2157
3358 2 3 2 23 0 1751 584 2157
3359 2 3 2 23 0 2159 1734 1581
3360 2 3 2 23 0 1581 1596 2159
3361 2 3 2 23 0 1734 2159 1730
3362 2 3 2 23 0 1771 2137 2032
3363 2 3 2 23 0 2032 1953 1771
3364 2 3 2 23 0 2160 1834 1832
3365 2 3 2 23 0 1832 1746 2160
3366 2 3 2 23 0 2064 1834 2160
3367 2 3 2 23 0 1865 1864 2068
3368 2 3 2 23 0 2009 1495 1514
3369 2 3 2 23 0 1514 1985 2009
3370 2 3 2 23 0 2161 2046 1517
3371 2 3 2 23 0 1517 1488 2161
3372 2 3 2 23 0 2161 1488 2016
3373 2 3 2 23 0 2016 2151 2161
3374 2 3 2 23 0 2161 2151 2094
3375 2 3 2 23 0 1773 1999 1995
3376 2 3 2 23 0 1730 2107 1665
3377 2 3 2 23 0 1665 2107 1790
3378 2 3 2 23 0 1454 1785 2162
3379 2 3 2 23 0 2011 2047 2162
3380 2 3 2 23 0 1653 2162 1785
3381 2 3 2 23 0 1801 2162 1653
3382 2 3 2 23 0 1668 2082 2081
3383 2 3 2 23 0 1651 2088 2164
3384 2 3 2 23 0 1840 2149 1839
3385 2 3 2 23 0 1839 2149 2089
3386 2 3 2 23 0 2103 1863 1861
3387 2 3 2 23 0 2165 2000 2001
3388 2 3 2 23 0 2001 1936 2165
3389 2 3 2 23 0 2165 1936 2114
3390 2 3 2 23 0 1948 2167 2060
3391 2 3 2 23 0 1949 2167 2129
3392 2 3 2 23 0 2129 2167 1840
3393 2 3 2 23 0 1807 1808 1977
3394 2 3 2 23 0 2168 1994 1698
3395 2 3 2 23 0 2168 1694 1924
3396 2 3 2 23 0 1924 1994 2168
3397 2 3 2 23 0 1642 1866 1774
3398 2 3 2 23 0 2038 1859 2169
3399 2 3 2 23 0 2169 1800 2038
3400 2 3 2 23 0 2169 2073 2022
3401 2 3 2 23 0 2169 2022 1776
3402 2 3 2 23 0 1776 1800 2169
3403 2 3 2 23 0 1835 1996 1875
3404 2 3 2 23 0 2170 1598 1856
3405 2 3 2 23 0 1856 2097 2170
3406 2 3 2 23 0 2170 2097 1981
3407 2 3 2 23 0 2171 2028 1587
3408 2 3 2 23 0 2039 1911 2173
3409 2 3 2 23 0 2174 1748 1822
3410 2 3 2 23 0 2104 1748 2174
3411 2 3 2 23 0 1705 1718 2176
3412 2 3 2 23 0 2176 1718 1858
3413 2 3 2 23 0 2176 1706 1705
3414 2 3 2 23 0 2177 263 264
3415 2 3 2 23 0 1831 263 2177
3416 2 3 2 23 0 2178 1916 1972
3417 2 3 2 23 0 2128 1916 2178
3418 2 3 2 23 0 1569 2141 2181
3419 2 3 2 23 0 2181 2141 2063
3420 2 3 2 23 0 2090 2093 2182
3421 2 3 2 23 0 724 725 2183
3422 2 3 2 23 0 204 205 2184
3423 2 3 2 23 0 2184 205 1704
3424 2 3 2 23 0 1487 2040 1722
3425 2 3 2 23 0 738 1553 1992
3426 2 3 2 23 0 1992 1553 1628
3427 2 3 2 23 0 1568 1664 1663
3428 2 3 2 23 0 1663 639 1568
3429 2 3 2 23 0 1485 658 1603
3430 2 3 2 23 0 1900 1485 1603
3431 2 3 2 23 0 1495 195 196
3432 2 3 2 23 0 1620 195 1495
3433 2 3 2 23 0 1686 1918 1837
3434 2 3 2 23 0 1837 1893 1686
3435 2 3 2 23 0 1502 635 1878
3436 2 3 2 23 0 1511 191 1886
3437 2 3 2 23 0 1493 1511 1886
3438 2 3 2 23 0 1924 453 454
3439 2 3 2 23 0 1474 1924 454
3440 2 3 2 23 0 1994 1924 1474
3441 2 3 2 23 0 2001 1758 1537
3442 2 3 2 23 0 1721 460 461
3443 2 3 2 23 0 1611 460 1721
3444 2 3 2 23 0 1729 2125 1745
3445 2 3 2 23 0 1581 365 366
3446 2 3 2 23 0 1734 365 1581
3447 2 3 2 23 0 1852 2126 1920
3448 2 3 2 23 0 1919 1920 2126
3449 2 3 2 23 0 1919 2126 1659
3450 2 3 2 23 0 1620 2009 1656
3451 2 3 2 23 0 1656 2009 1886
3452 2 3 2 23 0 1863 1740 1921
3453 2 3 2 23 0 1923 2105 1865
3454 2 3 2 23 0 1865 2068 1923
3455 2 3 2 23 0 1937 1711 1935
3456 2 3 2 23 0 1910 1792 1676
3457 2 3 2 23 0 1956 1465 1741
3458 2 3 2 23 0 1962 1692 608
3459 2 3 2 23 0 608 609 1962
3460 2 3 2 23 0 1976 1482 1536
3461 2 3 2 23 0 2131 291 292
3462 2 3 2 23 0 1934 2131 1979
3463 2 3 2 23 0 1899 2127 1514
3464 2 3 2 23 0 1514 2127 1985
3465 2 3 2 23 0 1535 1806 1942
3466 2 3 2 23 0 1925 224 225
3467 2 3 2 23 0 2019 224 1925
3468 2 3 2 23 0 1471 1496 343
3469 2 3 2 23 0 2023 1496 1471
3470 2 3 2 23 0 1588 1630 1905
3471 2 3 2 23 0 2023 1630 1588
3472 2 3 2 23 0 2137 1915 1683
3473 2 3 2 23 0 1683 1911 2137
3474 2 3 2 23 0 1715 1550 1576
3475 2 3 2 23 0 2049 1550 1715
3476 2 3 2 23 0 1632 2139 1947
3477 2 3 2 23 0 1947 2139 2049
3478 2 3 2 23 0 2050 2024 2025
3479 2 3 2 23 0 2053 1497 1476
3480 2 3 2 23 0 2059 2058 2057
3481 2 3 2 23 0 1639 2059 2057
3482 2 3 2 23 0 2058 1494 1454
3483 2 3 2 23 0 2144 1911 2075
3484 2 3 2 23 0 1532 254 2077
3485 2 3 2 23 0 2091 1532 2077
3486 2 3 2 23 0 253 254 1532
3487 2 3 2 23 0 2099 1712 1619
3488 2 3 2 23 0 2099 1619 1463
3489 2 3 2 23 0 2106 1859 2038
3490 2 3 2 23 0 2158 1695 302
3491 2 3 2 23 0 2158 1696 1991
3492 2 3 2 23 0 1991 1695 2158
3493 2 3 2 23 0 618 619 1640
3494 2 3 2 23 0 1640 619 1768
3495 2 3 2 23 0 1779 314 315
3496 2 3 2 23 0 1798 2153 2035
3497 2 3 2 23 0 2035 2153 1930
3498 2 3 2 23 0 2056 1998 2163
3499 2 3 2 23 0 2163 1931 2056
3500 2 3 2 23 0 1943 283 284
3501 2 3 2 23 0 1842 283 1943
3502 2 3 2 23 0 2080 393 394
3503 2 3 2 23 0 1845 393 2080
3504 2 3 2 23 0 2168 1954 1694
3505 2 3 2 23 0 1761 2164 1990
3506 2 3 2 23 0 2133 502 503
3507 2 3 2 23 0 2133 1983 1733
3508 2 3 2 23 0 1733 502 2133
3509 2 3 2 23 0 1812 2044 2148
3510 2 3 2 23 0 1488 1812 2148
3511 2 3 2 23 0 2085 2090 2148
3512 2 3 2 23 0 1681 1829 2166
3513 2 3 2 23 0 2166 1829 2059
3514 2 3 2 23 0 2059 1779 2166
3515 2 3 2 23 0 315 2166 1779
3516 2 3 2 23 0 1659 418 419
3517 2 3 2 23 0 419 1821 1659
3518 2 3 2 23 0 1665 1500 1570
3519 2 3 2 23 0 1570 1730 1665
3520 2 3 2 23 0 1696 304 305
3521 2 3 2 23 0 305 1614 1696
3522 2 3 2 23 0 2172 1808 1998
3523 2 3 2 23 0 2041 1808 2172
3524 2 3 2 23 0 2100 1884 1861
3525 2 3 2 23 0 1861 2072 2100
3526 2 3 2 23 0 1785 1644 321
3527 2 3 2 23 0 1587 1586 2171
3528 2 3 2 23 0 1757 2171 1586
3529 2 3 2 23 0 1733 2138 1917
3530 2 3 2 23 0 1983 2138 1733
3531 2 3 2 23 0 1930 2153 1699
3532 2 3 2 23 0 1951 1509 2010
3533 2 3 2 23 0 1894 2021 2022
3534 2 3 2 23 0 2172 1542 1997
3535 2 3 2 23 0 1997 2041 2172
3536 2 3 2 23 0 1998 1542 2172
3537 2 3 2 23 0 1692 2144 2076
3538 2 3 2 23 0 2094 2095 1818
3539 2 3 2 23 0 2174 1822 1792
3540 2 3 2 23 0 1792 1937 2174
3541 2 3 2 23 0 2113 2165 2114
3542 2 3 2 23 0 2124 2170 1981
3543 2 3 2 23 0 1981 2125 2124
3544 2 3 2 23 0 1854 2094 2175
3545 2 3 2 23 0 2179 1486 1974
3546 2 3 2 23 0 217 218 1567
3547 2 3 2 23 0 1600 598 599
3548 2 3 2 23 0 599 1876 1600
3549 2 3 2 23 0 156 157 1628
3550 2 3 2 23 0 1548 1890 468
3551 2 3 2 23 0 1642 1890 1548
3552 2 3 2 23 0 308 309 1738
3553 2 3 2 23 0 2015 1789 1768
3554 2 3 2 23 0 1788 1789 2015
3555 2 3 2 23 0 1873 1552 1885
3556 2 3 2 23 0 1940 1602 1705
3557 2 3 2 23 0 1705 1706 1940
3558 2 3 2 23 0 536 537 2020
3559 2 3 2 23 0 2020 1595 536
3560 2 3 2 23 0 1729 1533 629
3561 2 3 2 23 0 629 2123 1729
3562 2 3 2 23 0 2185 1732 1899
3563 2 3 2 23 0 1876 1968 1897
3564 2 3 2 23 0 1899 2117 199
3565 2 3 2 23 0 1902 382 383
3566 2 3 2 23 0 383 1786 1902
3567 2 3 2 23 0 1846 2147 2128
3568 2 3 2 23 0 1635 1575 2178
3569 2 3 2 23 0 2178 1972 1635
3570 2 3 2 23 0 2178 1575 2128
3571 2 3 2 23 0 1933 1513 2098
3572 2 3 2 23 0 2098 1598 1933
3573 2 3 2 23 0 285 286 1950
3574 2 3 2 23 0 1950 1943 285
3575 2 3 2 23 0 1980 1630 1963
3576 2 3 2 23 0 1760 1781 1980
3577 2 3 2 23 0 1985 2127 1986
3578 2 3 2 23 0 1986 2127 1732
3579 2 3 2 23 0 2180 506 507
3580 2 3 2 23 0 507 508 2180
3581 2 3 2 23 0 1765 2011 1801
3582 2 3 2 23 0 2011 2162 1801
3583 2 3 2 23 0 2029 2014 1745
3584 2 3 2 23 0 1745 1788 2029
3585 2 3 2 23 0 266 267 2181
3586 2 3 2 23 0 2181 267 1569
3587 2 3 2 23 0 2069 2142 2068
3588 2 3 2 23 0 1617 2090 2182
3589 2 3 2 23 0 2182 2092 1617
3590 2 3 2 23 0 1831 2063 1684
3591 2 3 2 23 0 1684 2092 2182
3592 2 3 2 23 0 1764 2096 1835
3593 2 3 2 23 0 1835 1875 1764
3594 2 3 2 23 0 1683 2173 1911
3595 2 3 2 23 0 2097 2173 1683
3596 2 3 2 23 0 2098 1513 1664
3597 2 3 2 23 0 1664 1809 2098
3598 2 3 2 23 0 2086 724 2183
3599 2 3 2 23 0 2105 1932 2183
3600 2 3 2 23 0 2183 1932 2086
3601 2 3 2 23 0 1749 1988 2113
3602 2 3 2 23 0 2113 2114 1749
3603 2 3 2 23 0 2185 199 200
3604 2 3 2 23 0 200 201 2185
3605 2 3 2 23 0 199 2185 1899
3606 2 3 2 23 0 1706 2176 1473
3607 2 3 2 23 0 1473 2176 1858
3608 2 3 2 23 0 1694 452 453
3609 2 3 2 23 0 453 1924 1694
3610 2 3 2 23 0 1987 1835 1836
3611 2 3 2 23 0 1880 2018 2186
3612 2 3 2 23 0 2186 2096 1880
3613 2 3 2 23 0 2187 692 693
3614 2 3 2 23 0 2188 2013 2031
3615 2 3 2 23 0 2189 219 220
3616 2 3 2 23 0 1567 219 2189
3617 2 3 2 23 0 2089 2149 2191
3618 2 3 2 23 0 2191 2149 2092
3619 2 3 2 23 0 1945 1509 2192
3620 2 3 2 23 0 2194 2188 2031
3621 2 3 2 23 0 2031 1736 2194
3622 2 3 2 23 0 1687 2188 2194
3623 2 3 2 23 0 2195 1873 1885
3624 2 3 2 23 0 2115 1873 2195
3625 2 3 2 23 0 2197 2185 201
3626 2 3 2 23 0 1732 2185 2197
3627 2 3 2 23 0 266 2181 2199
3628 2 3 2 23 0 2199 2181 2063
3629 2 3 2 23 0 1798 2036 2200
3630 2 3 2 23 0 1558 505 506
3631 2 3 2 23 0 2058 1454 1799
3632 2 3 2 23 0 2047 1454 2162
3633 2 3 2 23 0 2196 1744 1794
3634 2 3 2 23 0 2192 1509 1814
3635 2 3 2 23 0 1770 2055 1930
3636 2 3 2 23 0 1699 1770 1930
3637 2 3 2 23 0 249 250 1848
3638 2 3 2 23 0 1848 250 2084
3639 2 3 2 23 0 543 544 1676
3640 2 3 2 23 0 1676 1826 543
3641 2 3 2 23 0 1649 2002 1761
3642 2 3 2 23 0 1761 1990 1649
3643 2 3 2 23 0 622 623 2015
3644 2 3 2 23 0 2015 623 2029
3645 2 3 2 23 0 1845 1504 1906
3646 2 3 2 23 0 1906 391 1845
3647 2 3 2 23 0 2082 1668 1649
3648 2 3 2 23 0 2046 2161 2094
3649 2 3 2 23 0 1818 2046 2094
3650 2 3 2 23 0 1831 262 263
3651 2 3 2 23 0 1685 262 1831
3652 2 3 2 23 0 1734 363 364
3653 2 3 2 23 0 1570 363 1734
3654 2 3 2 23 0 2056 1467 1998
3655 2 3 2 23 0 1467 2056 1741
3656 2 3 2 23 0 2056 1931 1956
3657 2 3 2 23 0 1741 2056 1956
3658 2 3 2 23 0 2179 670 671
3659 2 3 2 23 0 2179 1974 1461
3660 2 3 2 23 0 1983 1558 2006
3661 2 3 2 23 0 1631 1691 1986
3662 2 3 2 23 0 1732 1631 1986
3663 2 3 2 23 0 1894 2022 1843
3664 2 3 2 23 0 1843 2022 2073
3665 2 3 2 23 0 1536 675 676
3666 2 3 2 23 0 1482 675 1536
3667 2 3 2 23 0 2177 264 265
3668 2 3 2 23 0 2177 2063 1831
3669 2 3 2 23 0 2184 203 204
3670 2 3 2 23 0 2184 1704 1631
3671 2 3 2 23 0 1598 1725 1933
3672 2 3 2 23 0 2124 1725 1598
3673 2 3 2 23 0 359 360 1500
3674 2 3 2 23 0 1704 206 207
3675 2 3 2 23 0 207 1750 1704
3676 2 3 2 23 0 1848 2084 2085
3677 2 3 2 23 0 1887 1902 1757
3678 2 3 2 23 0 1757 1673 1887
3679 2 3 2 23 0 1920 1726 2017
3680 2 3 2 23 0 1534 1502 1933
3681 2 3 2 23 0 1933 1725 1534
3682 2 3 2 23 0 1878 1513 1933
3683 2 3 2 23 0 1933 1502 1878
3684 2 3 2 23 0 2084 252 1532
3685 2 3 2 23 0 1532 2091 2084
3686 2 3 2 23 0 1684 2182 2093
3687 2 3 2 23 0 2093 1700 1684
3688 2 3 2 23 0 156 1628 1553
3689 2 3 2 23 0 2186 2018 1854
3690 2 3 2 23 0 2096 2186 1836
3691 2 3 2 23 0 2175 2186 1854
3692 2 3 2 23 0 1836 2186 2175
3693 2 3 2 23 0 1664 1568 1490
3694 2 3 2 23 0 2010 1493 1886
3695 2 3 2 23 0 1911 2144 2032
3696 2 3 2 23 0 2032 2137 1911
3697 2 3 2 23 0 1580 2026 2086
3698 2 3 2 23 0 2086 1932 1580
3699 2 3 2 23 0 2089 2062 1470
3700 2 3 2 23 0 2001 2187 1758
3701 2 3 2 23 0 2187 1646 692
3702 2 3 2 23 0 2000 1646 2187
3703 2 3 2 23 0 2187 2001 2000
3704 2 3 2 23 0 2188 1607 2013
3705 2 3 2 23 0 2030 1607 2188
3706 2 3 2 23 0 1531 548 549
3707 2 3 2 23 0 2190 1983 2006
3708 2 3 2 23 0 2006 2061 2190
3709 2 3 2 23 0 1983 2190 2138
3710 2 3 2 23 0 2138 2190 2045
3711 2 3 2 23 0 2115 2114 1936
3712 2 3 2 23 0 710 1873 2193
3713 2 3 2 23 0 2193 709 710
3714 2 3 2 23 0 2193 1873 2115
3715 2 3 2 23 0 1463 564 565
3716 2 3 2 23 0 334 335 1638
3717 2 3 2 23 0 2087 1990 2164
3718 2 3 2 23 0 671 672 1486
3719 2 3 2 23 0 1486 2179 671
3720 2 3 2 23 0 573 574 1798
3721 2 3 2 23 0 2196 2188 1687
3722 2 3 2 23 0 2196 1794 2030
3723 2 3 2 23 0 2030 2188 2196
3724 2 3 2 23 0 201 202 2197
3725 2 3 2 23 0 2197 202 203
3726 2 3 2 23 0 2197 1631 1732
3727 2 3 2 23 0 2184 2197 203
3728 2 3 2 23 0 1631 2197 2184
3729 2 3 2 23 0 1894 2171 1757
3730 2 3 2 23 0 2198 1554 531
3731 2 3 2 23 0 531 532 2198
3732 2 3 2 23 0 1982 1554 2198
3733 2 3 2 23 0 1491 1928 1982
3734 2 3 2 23 0 1982 2198 1491
3735 2 3 2 23 0 2199 265 266
3736 2 3 2 23 0 2177 265 2199
3737 2 3 2 23 0 2199 2063 2177
3738 2 3 2 23 0 532 533 1491
3739 2 3 2 23 0 1491 2198 532
3740 2 3 2 23 0 1870 2111 2200
3741 2 3 2 23 0 2153 1798 2200
3742 2 3 2 23 0 2200 2111 2153
3743 2 3 2 23 0 1965 2053 2201
3744 2 3 2 23 0 403 404 2203
3745 2 3 2 23 0 2055 569 570
3746 2 3 2 23 0 1930 2055 570
3747 2 3 2 23 0 2037 1990 2087
3748 2 3 2 23 0 1615 1682 2163
3749 2 3 2 23 0 1931 2163 1682
3750 2 3 2 23 0 1606 1712 2099
3751 2 3 2 23 0 2045 2136 1815
3752 2 3 2 23 0 1815 1816 2045
3753 2 3 2 23 0 1970 1839 2089
3754 2 3 2 23 0 1470 1970 2089
3755 2 3 2 23 0 1551 722 1927
3756 2 3 2 23 0 220 221 2189
3757 2 3 2 23 0 1880 1567 2189
3758 2 3 2 23 0 2063 2141 2191
3759 2 3 2 23 0 2063 2191 1684
3760 2 3 2 23 0 2092 1684 2191
3761 2 3 2 23 0 2191 2141 2089
3762 2 3 2 23 0 312 313 1521
3763 2 3 2 23 0 1521 313 1779
3764 2 3 2 23 0 450 451 1954
3765 2 3 2 23 0 1954 451 1694
3766 2 3 2 23 0 323 324 1653
3767 2 3 2 23 0 1653 324 1801
3768 2 3 2 23 0 1764 215 216
3769 2 3 2 23 0 1875 215 1764
3770 2 3 2 23 0 1872 2026 2025
3771 2 3 2 23 0 2086 2026 1872
3772 2 3 2 23 0 2083 1847 1912
3773 2 3 2 23 0 2195 1885 1807
3774 2 3 2 23 0 2195 2116 2115
3775 2 3 2 23 0 185 186 2192
3776 2 3 2 23 0 184 185 2192
3777 2 3 2 23 0 2192 186 1945
3778 2 3 2 23 0 1595 1928 1491
3779 2 3 2 23 0 1584 2121 1688
3780 2 3 2 23 0 1878 636 637
3781 2 3 2 23 0 1910 1531 1937
3782 2 3 2 23 0 1937 1792 1910
3783 2 3 2 23 0 1678 1680 1964
3784 2 3 2 23 0 1870 2200 2036
3785 2 3 2 23 0 1680 1678 1952
3786 2 3 2 23 0 1772 1774 1999
3787 2 3 2 23 0 1999 1773 1772
3788 2 3 2 23 0 1852 1920 1851
3789 2 3 2 23 0 1851 1762 1852
3790 2 3 2 23 0 2006 2180 2005
3791 2 3 2 23 0 1965 1723 2054
3792 2 3 2 23 0 1579 1580 1892
3793 2 3 2 23 0 1847 1965 2201
3794 2 3 2 23 0 2201 1912 1847
3795 2 3 2 23 0 208 209 1540
3796 2 3 2 23 0 2035 572 573
3797 2 3 2 23 0 573 1798 2035
3798 2 3 2 23 0 1926 2033 1551
3799 2 3 2 23 0 1551 1927 1926
3800 2 3 2 23 0 2202 1717 1799
3801 2 3 2 23 0 1849 1717 2202
3802 2 3 2 23 0 404 405 2203
3803 2 3 2 23 0 2203 405 1651
3804 2 3 2 23 0 2203 1651 2164
3805 2 3 2 23 0 2203 2164 1761
3806 2 3 2 23 0 1687 2194 1838
3807 2 3 2 23 0 1838 2194 1736
3808 2 3 2 23 0 1670 1819 2206
3809 2 3 2 23 0 2205 1748 2104
3810 2 3 2 23 0 2025 1748 2205
3811 2 3 2 23 0 2205 2050 2025
3812 2 3 2 23 0 1825 2205 2104
3813 2 3 2 23 0 1606 2205 1825
3814 2 3 2 23 0 1931 1809 1484
3815 2 3 2 23 0 1484 1956 1931
3816 2 3 2 23 0 1937 1935 2104
3817 2 3 2 23 0 2104 2174 1937
3818 2 3 2 23 0 2207 490 491
3819 2 3 2 23 0 491 1744 2207
3820 2 3 2 23 0 2210 2201 2053
3821 2 3 2 23 0 1973 2201 2210
3822 2 3 2 23 0 2211 1699 2204
3823 2 3 2 23 0 181 182 2213
3824 2 3 2 23 0 1530 1449 1879
3825 2 3 2 23 0 1879 703 1530
3826 2 3 2 23 0 1849 1963 1716
3827 2 3 2 23 0 1963 1849 1980
3828 2 3 2 23 0 213 214 1875
3829 2 3 2 23 0 2210 1955 1973
3830 2 3 2 23 0 231 232 2206
3831 2 3 2 23 0 2206 230 231
3832 2 3 2 23 0 2206 1577 1670
3833 2 3 2 23 0 1680 1952 1679
3834 2 3 2 23 0 1684 1700 1685
3835 2 3 2 23 0 1685 1831 1684
3836 2 3 2 23 0 1828 1707 1680
3837 2 3 2 23 0 1823 1748 2025
3838 2 3 2 23 0 2025 2026 1823
3839 2 3 2 23 0 1852 1787 1627
3840 2 3 2 23 0 1627 2126 1852
3841 2 3 2 23 0 2033 1926 2039
3842 2 3 2 23 0 2039 2173 2033
3843 2 3 2 23 0 508 509 2005
3844 2 3 2 23 0 2005 2180 508
3845 2 3 2 23 0 2033 2173 2097
3846 2 3 2 23 0 1699 2153 2111
3847 2 3 2 23 0 2111 2204 1699
3848 2 3 2 23 0 1897 2075 1797
3849 2 3 2 23 0 1797 1969 1897
3850 2 3 2 23 0 2207 489 490
3851 2 3 2 23 0 489 2207 2156
3852 2 3 2 23 0 2156 2207 1687
3853 2 3 2 23 0 1490 642 643
3854 2 3 2 23 0 643 1545 1490
3855 2 3 2 23 0 1987 1836 2208
3856 2 3 2 23 0 2175 2208 1836
3857 2 3 2 23 0 1546 645 646
3858 2 3 2 23 0 1747 1936 2001
3859 2 3 2 23 0 1912 2201 1973
3860 2 3 2 23 0 1973 1913 1912
3861 2 3 2 23 0 2211 1606 2099
3862 2 3 2 23 0 2204 1606 2211
3863 2 3 2 23 0 2040 667 668
3864 2 3 2 23 0 668 1722 2040
3865 2 3 2 23 0 183 184 2212
3866 2 3 2 23 0 2212 182 183
3867 2 3 2 23 0 2212 2213 182
3868 2 3 2 23 0 1814 2213 2212
3869 2 3 2 23 0 1679 2213 1814
3870 2 3 2 23 0 2213 1679 1952
3871 2 3 2 23 0 1879 702 703
3872 2 3 2 23 0 1577 1939 1818
3873 2 3 2 23 0 1818 1670 1577
3874 2 3 2 23 0 440 441 2214
3875 2 3 2 23 0 2061 1892 2215
3876 2 3 2 23 0 2215 2190 2061
3877 2 3 2 23 0 2216 1551 2033
3878 2 3 2 23 0 2033 1615 2216
3879 2 3 2 23 0 1912 1865 2217
3880 2 3 2 23 0 2217 2083 1912
3881 2 3 2 23 0 2218 2017 1726
3882 2 3 2 23 0 1726 1544 2218
3883 2 3 2 23 0 565 566 2219
3884 2 3 2 23 0 2219 1463 565
3885 2 3 2 23 0 1874 708 2220
3886 2 3 2 23 0 2220 1747 1874
3887 2 3 2 23 0 2221 1837 2208
3888 2 3 2 23 0 2208 2175 2221
3889 2 3 2 23 0 371 372 2223
3890 2 3 2 23 0 2223 372 2027
3891 2 3 2 23 0 1837 1918 1985
3892 2 3 2 23 0 1985 2208 1837
3893 2 3 2 23 0 2208 1985 1986
3894 2 3 2 23 0 1889 1747 1537
3895 2 3 2 23 0 2001 1537 1747
3896 2 3 2 23 0 1537 1739 1889
3897 2 3 2 23 0 1678 180 181
3898 2 3 2 23 0 1722 669 670
3899 2 3 2 23 0 1638 1760 2222
3900 2 3 2 23 0 1980 2209 1760
3901 2 3 2 23 0 2222 1760 2209
3902 2 3 2 23 0 2207 2196 1687
3903 2 3 2 23 0 1744 2196 2207
3904 2 3 2 23 0 1577 232 233
3905 2 3 2 23 0 233 234 1577
3906 2 3 2 23 0 2206 232 1577
3907 2 3 2 23 0 1955 1693 1954
3908 2 3 2 23 0 1954 2168 1955
3909 2 3 2 23 0 1820 2209 2011
3910 2 3 2 23 0 1626 1497 2053
3911 2 3 2 23 0 1664 1490 1484
3912 2 3 2 23 0 1484 1809 1664
3913 2 3 2 23 0 2214 441 1626
3914 2 3 2 23 0 2053 2214 1626
3915 2 3 2 23 0 1850 2030 2215
3916 2 3 2 23 0 1850 2215 1892
3917 2 3 2 23 0 2045 2215 2136
3918 2 3 2 23 0 2190 2215 2045
3919 2 3 2 23 0 2136 2215 2030
3920 2 3 2 23 0 1961 2120 1697
3921 2 3 2 23 0 2216 721 1551
3922 2 3 2 23 0 1552 721 2216
3923 2 3 2 23 0 1885 1552 2216
3924 2 3 2 23 0 1885 2216 1615
3925 2 3 2 23 0 184 2192 1814
3926 2 3 2 23 0 1814 2212 184
3927 2 3 2 23 0 1865 2105 2217
3928 2 3 2 23 0 2083 2217 2106
3929 2 3 2 23 0 2183 2217 2105
3930 2 3 2 23 0 1875 1996 212
3931 2 3 2 23 0 212 213 1875
3932 2 3 2 23 0 377 378 1673
3933 2 3 2 23 0 1955 2210 1476
3934 2 3 2 23 0 1476 2210 2053
3935 2 3 2 23 0 631 632 1534
3936 2 3 2 23 0 1584 479 480
3937 2 3 2 23 0 480 1641 1584
3938 2 3 2 23 0 1679 1984 1828
3939 2 3 2 23 0 1828 1680 1679
3940 2 3 2 23 0 1856 1682 1615
3941 2 3 2 23 0 567 568 2055
3942 2 3 2 23 0 2055 1770 567
3943 2 3 2 23 0 1799 1717 2060
3944 2 3 2 23 0 2060 2140 1799
3945 2 3 2 23 0 1540 210 211
3946 2 3 2 23 0 211 2134 1540
3947 2 3 2 23 0 1687 1838 487
3948 2 3 2 23 0 487 2156 1687
3949 2 3 2 23 0 1770 1699 2219
3950 2 3 2 23 0 1463 2219 2099
3951 2 3 2 23 0 2099 2219 2211
3952 2 3 2 23 0 2219 1699 2211
3953 2 3 2 23 0 708 709 2220
3954 2 3 2 23 0 2193 2220 709
3955 2 3 2 23 0 2220 2193 2115
3956 2 3 2 23 0 1747 2220 1936
3957 2 3 2 23 0 2115 1936 2220
3958 2 3 2 23 0 1968 1898 2076
3959 2 3 2 23 0 336 337 1827
3960 2 3 2 23 0 546 547 1531
3961 2 3 2 23 0 1531 1910 546
3962 2 3 2 23 0 646 647 1724
3963 2 3 2 23 0 1724 1546 646
3964 2 3 2 23 0 1725 2123 631
3965 2 3 2 23 0 631 1534 1725
3966 2 3 2 23 0 566 567 1770
3967 2 3 2 23 0 1770 2219 566
3968 2 3 2 23 0 1688 476 477
3969 2 3 2 23 0 1846 2146 2082
3970 2 3 2 23 0 2082 2147 1846
3971 2 3 2 23 0 1820 1971 1959
3972 2 3 2 23 0 2221 1893 1837
3973 2 3 2 23 0 2065 1893 2221
3974 2 3 2 23 0 2065 2221 2151
3975 2 3 2 23 0 2151 2221 2094
3976 2 3 2 23 0 2094 2221 2175
3977 2 3 2 23 0 2034 2152 1870
3978 2 3 2 23 0 1870 2036 2034
3979 2 3 2 23 0 1799 1454 2047
3980 2 3 2 23 0 2047 2202 1799
3981 2 3 2 23 0 1601 1750 8
3982 2 3 2 23 0 1961 1579 1892
3983 2 3 2 23 0 2038 1800 2017
3984 2 3 2 23 0 2017 2218 2038
3985 2 3 2 23 0 1843 1489 2028
3986 2 3 2 23 0 2028 2171 1894
3987 2 3 2 23 0 1894 1843 2028
3988 2 3 2 23 0 498 499 1917
3989 2 3 2 23 0 1917 1816 498
3990 2 3 2 23 0 1849 2202 2209
3991 2 3 2 23 0 2209 1980 1849
3992 2 3 2 23 0 1959 1638 2222
3993 2 3 2 23 0 1959 2222 1820
3994 2 3 2 23 0 2209 1820 2222
3995 2 3 2 23 0 670 2179 1461
3996 2 3 2 23 0 1461 1722 670
3997 2 3 2 23 0 644 645 1546
3998 2 3 2 23 0 1546 1545 644
3999 2 3 2 23 0 693 694 1758
4000 2 3 2 23 0 1758 2187 693
4001 2 3 2 23 0 615 616 1877
4002 2 3 2 23 0 1877 1547 615
4003 2 3 2 23 0 1586 1690 377
4004 2 3 2 23 0 377 1673 1586
4005 2 3 2 23 0 1740 297 298
4006 2 3 2 23 0 298 1766 1740
4007 2 3 2 23 0 221 2135 1880
4008 2 3 2 23 0 1880 2189 221
4009 2 3 2 23 0 2002 402 403
4010 2 3 2 23 0 2028 1489 1596
4011 2 3 2 23 0 1603 1941 1997
4012 2 3 2 23 0 1997 1542 1603
4013 2 3 2 23 0 506 2180 2006
4014 2 3 2 23 0 2006 1558 506
4015 2 3 2 23 0 2010 1886 2009
4016 2 3 2 23 0 2106 2038 2218
4017 2 3 2 23 0 2218 2083 2106
4018 2 3 2 23 0 570 571 2035
4019 2 3 2 23 0 2035 1930 570
4020 2 3 2 23 0 1946 348 349
4021 2 3 2 23 0 1495 196 197
4022 2 3 2 23 0 387 388 1575
4023 2 3 2 23 0 1575 2118 387
4024 2 3 2 23 0 1614 306 307
4025 2 3 2 23 0 1703 1857 1749
4026 2 3 2 23 0 336 1827 1760
4027 2 3 2 23 0 325 326 1765
4028 2 3 2 23 0 1765 1801 325
4029 2 3 2 23 0 1782 370 371
4030 2 3 2 23 0 1819 229 230
4031 2 3 2 23 0 230 2206 1819
4032 2 3 2 23 0 407 408 2007
4033 2 3 2 23 0 2044 2042 247
4034 2 3 2 23 0 2054 2052 438
4035 2 3 2 23 0 2069 1714 1688
4036 2 3 2 23 0 1688 2121 2069
4037 2 3 2 23 0 2077 255 256
4038 2 3 2 23 0 256 2150 2077
4039 2 3 2 23 0 526 527 1832
4040 2 3 2 23 0 1832 1834 526
4041 2 3 2 23 0 1892 1580 1932
4042 2 3 2 23 0 1932 1850 1892
4043 2 3 2 23 0 181 2213 1952
4044 2 3 2 23 0 1952 1678 181
4045 2 3 2 23 0 222 223 2019
4046 2 3 2 23 0 2019 2135 222
4047 2 3 2 23 0 2020 538 539
4048 2 3 2 23 0 576 577 2034
4049 2 3 2 23 0 440 2214 2054
4050 2 3 2 23 0 2070 1840 2066
4051 2 3 2 23 0 2066 2065 2070
4052 2 3 2 23 0 2087 2017 1800
4053 2 3 2 23 0 1800 2037 2087
4054 2 3 2 23 0 1610 1720 1772
4055 2 3 2 23 0 1772 1773 1610
4056 2 3 2 23 0 461 462 1610
4057 2 3 2 23 0 1610 1721 461
4058 2 3 2 23 0 1798 574 575
4059 2 3 2 23 0 575 2036 1798
4060 2 3 2 23 0 403 2203 1761
4061 2 3 2 23 0 1761 2002 403
4062 2 3 2 23 0 1789 1453 1640
4063 2 3 2 23 0 1640 1768 1789
4064 2 3 2 23 0 653 654 1914
4065 2 3 2 23 0 1914 1647 653
4066 2 3 2 23 0 1956 1484 1546
4067 2 3 2 23 0 1546 1724 1956
4068 2 3 2 23 0 1989 557 558
4069 2 3 2 23 0 558 1780 1989
4070 2 3 2 23 0 2027 1587 2028
4071 2 3 2 23 0 1807 1977 2116
4072 2 3 2 23 0 2116 2195 1807
4073 2 3 2 23 0 1876 600 601
4074 2 3 2 23 0 601 1501 1876
4075 2 3 2 23 0 1934 1888 291
4076 2 3 2 23 0 291 2131 1934
4077 2 3 2 23 0 1950 286 287
4078 2 3 2 23 0 287 1674 1950
4079 2 3 2 23 0 308 1738 1957
4080 2 3 2 23 0 371 2223 1782
4081 2 3 2 23 0 2223 1596 1782
4082 2 3 2 23 0 2028 2223 2027
4083 2 3 2 23 0 1596 2223 2028
4084 2 3 2 23 0 2076 2144 2075
4085 2 3 2 23 0 2075 1968 2076
4086 2 3 2 23 0 2076 1898 604
4087 2 3 2 23 0 604 605 2076
4088 2 3 2 23 0 2103 1618 1740
4089 2 3 2 23 0 1740 1863 2103
4090 2 3 2 23 0 2113 1719 1891
4091 2 3 2 23 0 1891 2000 2113
4092 2 3 2 23 0 1500 361 362
4093 2 3 2 23 0 362 1570 1500
4094 2 3 2 23 0 197 2117 1514
4095 2 3 2 23 0 1514 1495 197
4096 2 3 2 23 0 617 618 1640
4097 2 3 2 23 0 1640 1877 617
4098 2 3 2 23 0 1706 588 589
4099 2 3 2 23 0 589 1940 1706
4100 2 3 2 23 0 1772 1890 1642
4101 2 3 2 23 0 1772 1642 1774
4102 2 3 2 23 0 1557 1775 1450
4103 2 3 2 23 0 1450 165 1557
4104 2 3 2 23 0 1645 1904 1622
4105 2 3 2 23 0 1622 1796 1645
4106 2 3 2 23 0 1658 1824 1928
4107 2 3 2 23 0 1928 1595 1658
4108 2 3 2 23 0 1861 1884 1934
4109 2 3 2 23 0 2103 1861 1934
4110 2 3 2 23 0 1970 1470 1510
4111 2 3 2 23 0 1970 1510 1901
4112 2 3 2 23 0 1867 2108 2107
4113 2 3 2 23 0 2107 1868 1867
4114 2 3 2 23 0 1871 1870 2110
4115 2 3 2 23 0 2110 1718 1871
4116 2 3 2 23 0 1786 1972 1757
4117 2 3 2 23 0 1757 1902 1786
4118 2 3 2 23 0 1797 2075 1911
4119 2 3 2 23 0 1911 2039 1797
4120 2 3 2 23 0 1746 1982 1928
4121 2 3 2 23 0 1928 1594 1746
4122 2 3 2 23 0 727 728 1948
4123 2 3 2 23 0 1948 1804 727
4124 2 3 2 23 0 1955 1698 1973
4125 2 3 2 23 0 1955 2168 1698
4126 2 3 2 23 0 307 308 1957
4127 2 3 2 23 0 307 1957 1614
4128 2 3 2 23 0 1960 1726 1919
4129 2 3 2 23 0 1960 1919 1667
4130 2 3 2 23 0 2071 1839 1970
4131 2 3 2 23 0 2071 1970 1459
4132 2 3 2 23 0 1985 1918 2010
4133 2 3 2 23 0 2009 1985 2010
4134 2 3 2 23 0 2007 2088 1651
4135 2 3 2 23 0 2007 1651 407
4136 2 3 2 23 0 1793 1658 2020
4137 2 3 2 23 0 539 1793 2020
4138 2 3 2 23 0 1757 1972 2021
4139 2 3 2 23 0 2021 1894 1757
4140 2 3 2 23 0 2039 1926 1869
4141 2 3 2 23 0 1869 1797 2039
4142 2 3 2 23 0 2057 1743 1957
4143 2 3 2 23 0 2057 1957 1639
4144 2 3 2 23 0 1949 2101 2060
4145 2 3 2 23 0 2060 2167 1949
4146 2 3 2 23 0 605 606 2076
4147 2 3 2 23 0 1990 2037 2082
4148 2 3 2 23 0 1649 1990 2082
4149 2 3 2 23 0 2097 1856 1615
4150 2 3 2 23 0 2097 1615 2033
4151 2 3 2 23 0 606 607 1692
4152 2 3 2 23 0 606 1692 2076
4153 2 3 2 23 0 9 706 1530
4154 2 3 2 23 0 1530 705 9
4155 2 3 2 23 0 477 478 1584
4156 2 3 2 23 0 477 1584 1688
4157 2 3 2 23 0 349 2139 1632
4158 2 3 2 23 0 349 1632 1946
4159 2 3 2 23 0 1645 1452 733
4160 2 3 2 23 0 733 1904 1645
4161 2 3 2 23 0 1663 1513 1878
4162 2 3 2 23 0 637 1663 1878
4163 2 3 2 23 0 1645 1795 1727
4164 2 3 2 23 0 1727 1708 1645
4165 2 3 2 23 0 1842 1841 1574
4166 2 3 2 23 0 1574 281 1842
4167 2 3 2 23 0 1615 2163 1807
4168 2 3 2 23 0 1885 1615 1807
4169 2 3 2 23 0 321 322 1653
4170 2 3 2 23 0 321 1653 1785
4171 2 3 2 23 0 1764 216 217
4172 2 3 2 23 0 1567 1764 217
4173 2 3 2 23 0 2068 1999 1774
4174 2 3 2 23 0 2068 1774 2069
4175 2 3 2 23 0 1884 2100 1950
4176 2 3 2 23 0 1950 1674 1884
4177 2 3 2 23 0 1918 1686 1951
4178 2 3 2 23 0 2010 1918 1951
4179 2 3 2 23 0 1959 333 334
4180 2 3 2 23 0 1638 1959 334
4181 2 3 2 23 0 1553 1752 155
4182 2 3 2 23 0 155 156 1553
4183 2 3 2 23 0 497 498 1816
4184 2 3 2 23 0 1816 1571 497
4185 2 3 2 23 0 1500 1665 1895
4186 2 3 2 23 0 1895 359 1500
4187 2 3 2 23 0 1897 1538 1600
4188 2 3 2 23 0 1897 1600 1876
4189 2 3 2 23 0 549 1711 1937
4190 2 3 2 23 0 549 1937 1531
4191 2 3 2 23 0 1830 2061 2006
4192 2 3 2 23 0 2005 1830 2006
4193 2 3 2 23 0 2085 2148 2044
4194 2 3 2 23 0 2085 2044 1848
4195 2 3 2 23 0 2116 1703 1749
4196 2 3 2 23 0 1749 2114 2116
4197 2 3 2 23 0 1492 152 153
4198 2 3 2 23 0 153 1556 1492
4199 2 3 2 23 0 247 248 1848
4200 2 3 2 23 0 247 1848 2044
4201 2 3 2 23 0 2154 2050 2111
4202 2 3 2 23 0 2111 2050 2204
4203 2 3 2 23 0 2087 2164 2088
4204 2 3 2 23 0 2088 1851 2087
4205 2 3 2 23 0 1538 1969 1602
4206 2 3 2 23 0 1602 1881 1538
4207 2 3 2 23 0 1871 2154 2111
4208 2 3 2 23 0 2111 1870 1871
4209 2 3 2 23 0 2163 1998 1808
4210 2 3 2 23 0 1808 1807 2163
4211 2 3 2 23 0 1601 8 208
4212 2 3 2 23 0 1540 1601 208
4213 2 3 2 23 0 1814 1509 1951
4214 2 3 2 23 0 1951 1679 1814
4215 2 3 2 23 0 1920 2017 2087
4216 2 3 2 23 0 1851 1920 2087
4217 2 3 2 23 0 2218 1544 1847
4218 2 3 2 23 0 1847 2083 2218
4219 2 3 2 23 0 1638 335 336
4220 2 3 2 23 0 1760 1638 336
4221 2 3 2 23 0 1491 534 535
4222 2 3 2 23 0 535 1595 1491
4223 2 3 2 23 0 2036 575 576
4224 2 3 2 23 0 2034 2036 576
4225 2 3 2 23 0 2054 438 439
4226 2 3 2 23 0 439 440 2054
4227 2 3 2 23 0 1986 1691 1987
4228 2 3 2 23 0 1987 2208 1986
4229 2 3 2 23 0 1997 1942 1806
4230 2 3 2 23 0 1806 2041 1997
4231 2 3 2 23 0 2205 1606 2204
4232 2 3 2 23 0 2204 2050 2205
4233 2 3 2 23 0 2053 1965 2054
4234 2 3 2 23 0 2054 2214 2053
4235 2 3 2 23 0 1448 1579 1961
4236 2 3 2 23 0 1697 1448 1961
4237 2 3 2 23 0 1961 1892 2061
4238 2 3 2 23 0 2061 1830 1961
4239 2 3 2 23 0 2106 2183 725
4240 2 3 2 23 0 2217 2183 2106
4241 2 3 2 23 0 2209 2202 2047
4242 2 3 2 23 0 2047 2011 2209
4243 2 3 2 23 0 234 1938 1577
4244 2 3 3 25 0 141 2224 140
4245 2 3 3 25 0 2226 703 704
4246 2 3 3 25 0 2228 5 140
4247 2 3 3 25 0 2224 2228 140
4248 2 3 3 25 0 5 2228 89
4249 2 3 3 25 0 143 2233 142
4250 2 3 3 25 0 146 2234 145
4251 2 3 3 25 0 2238 68 69
4252 2 3 3 25 0 2240 73 74
4253 2 3 3 25 0 2243 152 153
4254 2 3 3 25 0 2244 161 162
4255 2 3 3 25 0 700 2246 699
4256 2 3 3 25 0 701 2246 700
4257 2 3 3 25 0 2248 770 771
4258 2 3 3 25 0 70 2257 69
4259 2 3 3 25 0 2257 2238 69
4260 2 3 3 25 0 89 2273 88
4261 2 3 3 25 0 759 2282 758
4262 2 3 3 25 0 2284 663 664
4263 2 3 3 25 0 2228 2273 89
4264 2 3 3 25 0 2228 2224 2273
4265 2 3 3 25 0 144 2233 143
4266 2 3 3 25 0 2269 65 66
4267 2 3 3 25 0 2275 2237 2253
4268 2 3 3 25 0 76 2276 75
4269 2 3 3 25 0 654 2279 653
4270 2 3 3 25 0 600 2281 599
4271 2 3 3 25 0 601 2281 600
4272 2 3 3 25 0 2285 689 690
4273 2 3 3 25 0 2286 440 441
4274 2 3 3 25 0 2286 439 440
4275 2 3 3 25 0 2287 160 161
4276 2 3 3 25 0 160 2287 159
4277 2 3 3 25 0 671 2288 670
4278 2 3 3 25 0 2288 671 672
4279 2 3 3 25 0 698 2289 697
4280 2 3 3 25 0 631 2290 630
4281 2 3 3 25 0 543 2291 542
4282 2 3 3 25 0 491 2292 490
4283 2 3 3 25 0 492 2292 491
4284 2 3 3 25 0 2309 625 626
4285 2 3 3 25 0 14 2312 148
4286 2 3 3 25 0 2244 2320 161
4287 2 3 3 25 0 2320 2287 161
4288 2 3 3 25 0 2341 176 177
4289 2 3 3 25 0 2349 60 4
4290 2 3 3 25 0 655 2358 654
4291 2 3 3 25 0 2358 2279 654
4292 2 3 3 25 0 602 2363 601
4293 2 3 3 25 0 2363 2281 601
4294 2 3 3 25 0 155 2365 154
4295 2 3 3 25 0 2367 573 574
4296 2 3 3 25 0 2372 158 159
4297 2 3 3 25 0 2287 2372 159
4298 2 3 3 25 0 2375 452 453
4299 2 3 3 25 0 699 2376 698
4300 2 3 3 25 0 2376 2289 698
4301 2 3 3 25 0 2382 2280 2381
4302 2 3 3 25 0 2238 2257 2255
4303 2 3 3 25 0 2262 2285 690
4304 2 3 3 25 0 2250 2313 2299
4305 2 3 3 25 0 2302 2237 2254
4306 2 3 3 25 0 2237 2302 2253
4307 2 3 3 25 0 2304 2227 2250
4308 2 3 3 25 0 2304 2255 2257
4309 2 3 3 25 0 2308 70 71
4310 2 3 3 25 0 2227 2313 2250
4311 2 3 3 25 0 66 2314 2269
4312 2 3 3 25 0 2314 66 67
4313 2 3 3 25 0 596 2321 595
4314 2 3 3 25 0 2232 2302 2338
4315 2 3 3 25 0 2235 2338 2254
4316 2 3 3 25 0 2302 2254 2338
4317 2 3 3 25 0 2260 2339 2261
4318 2 3 3 25 0 2338 2235 2339
4319 2 3 3 25 0 2260 2338 2339
4320 2 3 3 25 0 2342 2260 2261
4321 2 3 3 25 0 2269 2346 65
4322 2 3 3 25 0 2346 64 65
4323 2 3 3 25 0 2351 40 41
4324 2 3 3 25 0 2354 502 503
4325 2 3 3 25 0 2354 501 502
4326 2 3 3 25 0 620 2355 619
4327 2 3 3 25 0 2359 443 444
4328 2 3 3 25 0 2366 685 686
4329 2 3 3 25 0 2367 572 573
4330 2 3 3 25 0 2368 296 297
4331 2 3 3 25 0 300 2369 299
4332 2 3 3 25 0 2370 460 461
4333 2 3 3 25 0 2320 2372 2287
4334 2 3 3 25 0 456 2374 455
4335 2 3 3 25 0 2246 2376 699
4336 2 3 3 25 0 2376 2246 2225
4337 2 3 3 25 0 2289 2376 2225
4338 2 3 3 25 0 696 2377 695
4339 2 3 3 25 0 2377 696 697
4340 2 3 3 25 0 2289 2377 697
4341 2 3 3 25 0 2378 335 336
4342 2 3 3 25 0 474 2384 473
4343 2 3 3 25 0 488 2385 487
4344 2 3 3 25 0 2386 348 349
4345 2 3 3 25 0 2387 215 216
4346 2 3 3 25 0 2390 509 510
4347 2 3 3 25 0 41 2393 2351
4348 2 3 3 25 0 2403 40 2351
4349 2 3 3 25 0 618 2409 617
4350 2 3 3 25 0 2414 567 568
4351 2 3 3 25 0 2421 469 470
4352 2 3 3 25 0 475 2422 474
4353 2 3 3 25 0 2422 2384 474
4354 2 3 3 25 0 2425 2386 2406
4355 2 3 3 25 0 2275 2431 2237
4356 2 3 3 25 0 2431 2275 2274
4357 2 3 3 25 0 2434 703 2226
4358 2 3 3 25 0 144 2437 2233
4359 2 3 3 25 0 2293 2439 2398
4360 2 3 3 25 0 51 2450 50
4361 2 3 3 25 0 2452 2234 146
4362 2 3 3 25 0 2234 2452 2277
4363 2 3 3 25 0 2453 71 72
4364 2 3 3 25 0 625 2454 624
4365 2 3 3 25 0 2454 625 2309
4366 2 3 3 25 0 2320 2462 2381
4367 2 3 3 25 0 2468 9 744
4368 2 3 3 25 0 2293 2470 2230
4369 2 3 3 25 0 54 2475 53
4370 2 3 3 25 0 2476 2333 2334
4371 2 3 3 25 0 2482 2266 2342
4372 2 3 3 25 0 2510 418 419
4373 2 3 3 25 0 2514 571 572
4374 2 3 3 25 0 2367 2514 572
4375 2 3 3 25 0 2516 298 299
4376 2 3 3 25 0 2518 506 507
4377 2 3 3 25 0 2520 2377 2289
4378 2 3 3 25 0 2534 321 322
4379 2 3 3 25 0 2541 627 628
4380 2 3 3 25 0 2542 361 362
4381 2 3 3 25 0 2544 2384 2422
4382 2 3 3 25 0 2547 343 344
4383 2 3 3 25 0 2548 346 347
4384 2 3 3 25 0 2549 517 518
4385 2 3 3 25 0 2434 702 703
4386 2 3 3 25 0 2232 2338 2260
4387 2 3 3 25 0 2324 2224 141
4388 2 3 3 25 0 142 2324 141
4389 2 3 3 25 0 656 2358 655
4390 2 3 3 25 0 2350 61 62
4391 2 3 3 25 0 2308 2227 2304
4392 2 3 3 25 0 2257 2308 2304
4393 2 3 3 25 0 70 2308 2257
4394 2 3 3 25 0 2330 2331 2297
4395 2 3 3 25 0 2430 2297 2331
4396 2 3 3 25 0 2349 4 61
4397 2 3 3 25 0 2361 535 536
4398 2 3 3 25 0 760 2391 759
4399 2 3 3 25 0 2391 2282 759
4400 2 3 3 25 0 2392 59 60
4401 2 3 3 25 0 2394 652 653
4402 2 3 3 25 0 2279 2394 653
4403 2 3 3 25 0 477 2397 476
4404 2 3 3 25 0 2440 2239 2398
4405 2 3 3 25 0 2428 2300 2398
4406 2 3 3 25 0 2300 2440 2398
4407 2 3 3 25 0 2403 39 40
4408 2 3 3 25 0 39 2403 38
4409 2 3 3 25 0 2405 646 647
4410 2 3 3 25 0 681 2410 680
4411 2 3 3 25 0 2410 679 680
4412 2 3 3 25 0 679 2410 2389
4413 2 3 3 25 0 2420 629 630
4414 2 3 3 25 0 2290 2420 630
4415 2 3 3 25 0 517 2549 2426
4416 2 3 3 25 0 2426 516 517
4417 2 3 3 25 0 702 2434 701
4418 2 3 3 25 0 2439 2293 2230
4419 2 3 3 25 0 2444 605 606
4420 2 3 3 25 0 2444 604 605
4421 2 3 3 25 0 2451 2476 2334
4422 2 3 3 25 0 2453 2308 71
4423 2 3 3 25 0 2308 2453 2227
4424 2 3 3 25 0 2454 623 624
4425 2 3 3 25 0 2323 2454 2309
4426 2 3 3 25 0 2462 2382 2381
4427 2 3 3 25 0 2244 2462 2320
4428 2 3 3 25 0 2468 705 9
4429 2 3 3 25 0 2468 704 705
4430 2 3 3 25 0 2226 704 2468
4431 2 3 3 25 0 2470 2293 2329
4432 2 3 3 25 0 2295 2470 2329
4433 2 3 3 25 0 2329 2471 2295
4434 2 3 3 25 0 2333 2476 2399
4435 2 3 3 25 0 158 2479 157
4436 2 3 3 25 0 2266 2482 2336
4437 2 3 3 25 0 2265 2483 2482
4438 2 3 3 25 0 2483 2336 2482
4439 2 3 3 25 0 2495 2274 2275
4440 2 3 3 25 0 38 2496 37
4441 2 3 3 25 0 2496 38 2403
4442 2 3 3 25 0 228 2497 227
4443 2 3 3 25 0 2498 499 500
4444 2 3 3 25 0 2500 318 319
4445 2 3 3 25 0 318 2500 317
4446 2 3 3 25 0 2505 232 233
4447 2 3 3 25 0 232 2505 231
4448 2 3 3 25 0 2510 417 418
4449 2 3 3 25 0 295 2515 294
4450 2 3 3 25 0 2515 295 296
4451 2 3 3 25 0 300 2517 2369
4452 2 3 3 25 0 2517 300 301
4453 2 3 3 25 0 2518 505 506
4454 2 3 3 25 0 549 2521 548
4455 2 3 3 25 0 2521 549 550
4456 2 3 3 25 0 218 2523 217
4457 2 3 3 25 0 219 2523 218
4458 2 3 3 25 0 286 2524 285
4459 2 3 3 25 0 287 2524 286
4460 2 3 3 25 0 458 2528 457
4461 2 3 3 25 0 277 2529 276
4462 2 3 3 25 0 2531 483 484
4463 2 3 3 25 0 237 2532 236
4464 2 3 3 25 0 2532 237 238
4465 2 3 3 25 0 259 2535 258
4466 2 3 3 25 0 260 2535 259
4467 2 3 3 25 0 390 2536 389
4468 2 3 3 25 0 2540 574 575
4469 2 3 3 25 0 2545 472 473
4470 2 3 3 25 0 2545 471 472
4471 2 3 3 25 0 2384 2545 473
4472 2 3 3 25 0 2549 518 519
4473 2 3 3 25 0 2232 2551 2302
4474 2 3 3 25 0 2551 2253 2302
4475 2 3 3 25 0 2552 636 637
4476 2 3 3 25 0 2553 2227 2453
4477 2 3 3 25 0 72 2556 2453
4478 2 3 3 25 0 2559 367 368
4479 2 3 3 25 0 2560 633 634
4480 2 3 3 25 0 2561 434 435
4481 2 3 3 25 0 682 2568 681
4482 2 3 3 25 0 2568 2410 681
4483 2 3 3 25 0 2570 239 240
4484 2 3 3 25 0 2249 2577 2251
4485 2 3 3 25 0 2577 2249 2301
4486 2 3 3 25 0 683 2579 682
4487 2 3 3 25 0 441 2581 2286
4488 2 3 3 25 0 2586 3 37
4489 2 3 3 25 0 2496 2586 37
4490 2 3 3 25 0 2587 2496 2403
4491 2 3 3 25 0 2589 2354 2353
4492 2 3 3 25 0 2498 2589 2353
4493 2 3 3 25 0 2515 2599 294
4494 2 3 3 25 0 2599 293 294
4495 2 3 3 25 0 2600 2518 507
4496 2 3 3 25 0 2605 279 280
4497 2 3 3 25 0 2606 337 338
4498 2 3 3 25 0 2237 2615 2254
4499 2 3 3 25 0 2620 2232 2260
4500 2 3 3 25 0 2342 2620 2260
4501 2 3 3 25 0 2349 2626 60
4502 2 3 3 25 0 2626 2392 60
4503 2 3 3 25 0 2528 2631 2604
4504 2 3 3 25 0 648 2634 647
4505 2 3 3 25 0 2634 2405 647
4506 2 3 3 25 0 2408 2638 2310
4507 2 3 3 25 0 614 2641 613
4508 2 3 3 25 0 607 2656 606
4509 2 3 3 25 0 2656 2444 606
4510 2 3 3 25 0 2458 2667 2316
4511 2 3 3 25 0 2684 2473 2268
4512 2 3 3 25 0 2685 531 532
4513 2 3 3 25 0 2693 544 545
4514 2 3 3 25 0 2698 226 227
4515 2 3 3 25 0 2497 2698 227
4516 2 3 3 25 0 2699 498 499
4517 2 3 3 25 0 2498 2699 499
4518 2 3 3 25 0 2700 311 312
4519 2 3 3 25 0 2708 409 410
4520 2 3 3 25 0 2709 330 331
4521 2 3 3 25 0 2713 228 229
4522 2 3 3 25 0 2487 2715 2282
4523 2 3 3 25 0 2507 2716 2715
4524 2 3 3 25 0 2716 2282 2715
4525 2 3 3 25 0 2721 405 406
4526 2 3 3 25 0 2726 2510 2458
4527 2 3 3 25 0 2727 668 669
4528 2 3 3 25 0 2511 2727 669
4529 2 3 3 25 0 2518 2731 505
4530 2 3 3 25 0 2733 607 608
4531 2 3 3 25 0 288 2734 287
4532 2 3 3 25 0 2734 2524 287
4533 2 3 3 25 0 2737 185 186
4534 2 3 3 25 0 2741 199 200
4535 2 3 3 25 0 2742 278 279
4536 2 3 3 25 0 2461 2749 2245
4537 2 3 3 25 0 2752 257 258
4538 2 3 3 25 0 391 2753 390
4539 2 3 3 25 0 2753 2536 390
4540 2 3 3 25 0 2761 2397 2464
4541 2 3 3 25 0 2336 2264 2266
4542 2 3 3 25 0 2477 2343 2258
4543 2 3 3 25 0 176 2341 175
4544 2 3 3 25 0 2628 2321 2362
4545 2 3 3 25 0 2369 2516 299
4546 2 3 3 25 0 2517 2729 2369
4547 2 3 3 25 0 2729 2415 2369
4548 2 3 3 25 0 2409 618 619
4549 2 3 3 25 0 2355 2409 619
4550 2 3 3 25 0 2439 2428 2398
4551 2 3 3 25 0 2437 144 145
4552 2 3 3 25 0 2234 2437 145
4553 2 3 3 25 0 2466 2256 2443
4554 2 3 3 25 0 2249 2493 2448
4555 2 3 3 25 0 2268 2473 2449
4556 2 3 3 25 0 2467 2434 2226
4557 2 3 3 25 0 2651 2434 2467
4558 2 3 3 25 0 2543 2542 2504
4559 2 3 3 25 0 2460 2513 2317
4560 2 3 3 25 0 2541 628 629
4561 2 3 3 25 0 629 2420 2541
4562 2 3 3 25 0 471 2545 2421
4563 2 3 3 25 0 2545 2763 2421
4564 2 3 3 25 0 471 2421 470
4565 2 3 3 25 0 2413 525 526
4566 2 3 3 25 0 2413 524 525
4567 2 3 3 25 0 297 2516 2368
4568 2 3 3 25 0 2516 297 298
4569 2 3 3 25 0 2516 2369 2415
4570 2 3 3 25 0 2493 2429 2448
4571 2 3 3 25 0 2513 569 570
4572 2 3 3 25 0 2543 360 361
4573 2 3 3 25 0 2543 359 360
4574 2 3 3 25 0 2542 2543 361
4575 2 3 3 25 0 2508 430 431
4576 2 3 3 25 0 574 2540 2367
4577 2 3 3 25 0 2546 489 490
4578 2 3 3 25 0 2550 438 439
4579 2 3 3 25 0 2286 2550 439
4580 2 3 3 25 0 2555 2275 2253
4581 2 3 3 25 0 2555 2253 2551
4582 2 3 3 25 0 2303 2555 2551
4583 2 3 3 25 0 2240 2556 73
4584 2 3 3 25 0 2556 72 73
4585 2 3 3 25 0 2559 368 369
4586 2 3 3 25 0 436 2561 435
4587 2 3 3 25 0 451 2566 450
4588 2 3 3 25 0 2594 2359 2567
4589 2 3 3 25 0 446 2567 445
4590 2 3 3 25 0 445 2567 444
4591 2 3 3 25 0 2567 2359 444
4592 2 3 3 25 0 454 2569 453
4593 2 3 3 25 0 2569 454 455
4594 2 3 3 25 0 2569 2375 453
4595 2 3 3 25 0 2374 2569 455
4596 2 3 3 25 0 2573 2386 2425
4597 2 3 3 25 0 2608 2386 2573
4598 2 3 3 25 0 2548 2608 2573
4599 2 3 3 25 0 2576 79 80
4600 2 3 3 25 0 384 2578 383
4601 2 3 3 25 0 2578 384 385
4602 2 3 3 25 0 2580 303 304
4603 2 3 3 25 0 2359 2594 2582
4604 2 3 3 25 0 746 2583 745
4605 2 3 3 25 0 2583 2467 2226
4606 2 3 3 25 0 2496 2587 2586
4607 2 3 3 25 0 2587 2403 2351
4608 2 3 3 25 0 2588 2440 2300
4609 2 3 3 25 0 2589 500 501
4610 2 3 3 25 0 500 2589 2498
4611 2 3 3 25 0 2354 2589 501
4612 2 3 3 25 0 2755 2564 2593
4613 2 3 3 25 0 2413 2597 2512
4614 2 3 3 25 0 2413 2639 2597
4615 2 3 3 25 0 216 2602 2387
4616 2 3 3 25 0 2602 216 217
4617 2 3 3 25 0 2523 2602 217
4618 2 3 3 25 0 206 2603 205
4619 2 3 3 25 0 457 2604 456
4620 2 3 3 25 0 2604 457 2528
4621 2 3 3 25 0 2604 2374 456
4622 2 3 3 25 0 2608 347 348
4623 2 3 3 25 0 347 2608 2548
4624 2 3 3 25 0 2386 2608 348
4625 2 3 3 25 0 2562 2447 2611
4626 2 3 3 25 0 2495 2696 2612
4627 2 3 3 25 0 2613 2443 2256
4628 2 3 3 25 0 2614 2235 2254
4629 2 3 3 25 0 2615 2614 2254
4630 2 3 3 25 0 2277 2615 2234
4631 2 3 3 25 0 2614 2615 2277
4632 2 3 3 25 0 2234 2615 2437
4633 2 3 3 25 0 2476 2619 2399
4634 2 3 3 25 0 2619 2476 2451
4635 2 3 3 25 0 2620 2266 2264
4636 2 3 3 25 0 2266 2620 2342
4637 2 3 3 25 0 537 2622 536
4638 2 3 3 25 0 2622 2361 536
4639 2 3 3 25 0 2623 508 509
4640 2 3 3 25 0 2390 2623 509
4641 2 3 3 25 0 2392 2626 2494
4642 2 3 3 25 0 2630 464 465
4643 2 3 3 25 0 2632 541 542
4644 2 3 3 25 0 2291 2632 542
4645 2 3 3 25 0 2423 2632 2291
4646 2 3 3 25 0 2633 539 540
4647 2 3 3 25 0 2634 648 649
4648 2 3 3 25 0 2636 2634 649
4649 2 3 3 25 0 2637 235 236
4650 2 3 3 25 0 2532 2637 236
4651 2 3 3 25 0 2637 2532 2408
4652 2 3 3 25 0 2638 2532 238
4653 2 3 3 25 0 2532 2638 2408
4654 2 3 3 25 0 2639 526 527
4655 2 3 3 25 0 526 2639 2413
4656 2 3 3 25 0 563 2643 562
4657 2 3 3 25 0 2644 2378 2606
4658 2 3 3 25 0 2650 2659 2489
4659 2 3 3 25 0 2441 2301 2650
4660 2 3 3 25 0 2659 2650 2301
4661 2 3 3 25 0 2246 2651 2225
4662 2 3 3 25 0 701 2651 2246
4663 2 3 3 25 0 2651 701 2434
4664 2 3 3 25 0 2617 2654 2263
4665 2 3 3 25 0 2263 2654 2438
4666 2 3 3 25 0 2659 2301 2249
4667 2 3 3 25 0 2448 2659 2249
4668 2 3 3 25 0 2660 2492 2347
4669 2 3 3 25 0 2754 2536 2663
4670 2 3 3 25 0 2664 382 383
4671 2 3 3 25 0 2578 2664 383
4672 2 3 3 25 0 2510 2667 2458
4673 2 3 3 25 0 419 2667 2510
4674 2 3 3 25 0 2669 2396 2460
4675 2 3 3 25 0 2669 2668 2396
4676 2 3 3 25 0 2317 2669 2460
4677 2 3 3 25 0 2533 2643 2671
4678 2 3 3 25 0 438 2673 437
4679 2 3 3 25 0 2673 438 2550
4680 2 3 3 25 0 2675 2645 2290
4681 2 3 3 25 0 2679 747 748
4682 2 3 3 25 0 2447 2680 2294
4683 2 3 3 25 0 2680 2584 2294
4684 2 3 3 25 0 2680 2447 2562
4685 2 3 3 25 0 2653 2683 2429
4686 2 3 3 25 0 534 2686 533
4687 2 3 3 25 0 2361 2686 535
4688 2 3 3 25 0 2686 534 535
4689 2 3 3 25 0 2693 2291 543
4690 2 3 3 25 0 2291 2693 2423
4691 2 3 3 25 0 544 2693 543
4692 2 3 3 25 0 2696 2495 2275
4693 2 3 3 25 0 2555 2696 2275
4694 2 3 3 25 0 2698 225 226
4695 2 3 3 25 0 2319 2705 2706
4696 2 3 3 25 0 350 2712 349
4697 2 3 3 25 0 2712 2386 349
4698 2 3 3 25 0 2386 2712 2406
4699 2 3 3 25 0 2713 2497 228
4700 2 3 3 25 0 2497 2713 2352
4701 2 3 3 25 0 2716 757 758
4702 2 3 3 25 0 2282 2716 758
4703 2 3 3 25 0 2641 614 2720
4704 2 3 3 25 0 2721 404 405
4705 2 3 3 25 0 2509 2723 2722
4706 2 3 3 25 0 417 2726 416
4707 2 3 3 25 0 2726 417 2510
4708 2 3 3 25 0 2517 2730 2729
4709 2 3 3 25 0 2730 301 302
4710 2 3 3 25 0 301 2730 2517
4711 2 3 3 25 0 2600 2731 2518
4712 2 3 3 25 0 2734 2373 2524
4713 2 3 3 25 0 187 2738 186
4714 2 3 3 25 0 2738 2737 186
4715 2 3 3 25 0 8 2740 207
4716 2 3 3 25 0 374 2748 373
4717 2 3 3 25 0 2752 256 257
4718 2 3 3 25 0 388 2754 387
4719 2 3 3 25 0 2536 2754 389
4720 2 3 3 25 0 2754 388 389
4721 2 3 3 25 0 2378 2755 335
4722 2 3 3 25 0 2755 334 335
4723 2 3 3 25 0 2539 2758 2380
4724 2 3 3 25 0 2758 2539 2628
4725 2 3 3 25 0 2767 27 28
4726 2 3 3 25 0 2768 2239 2440
4727 2 3 3 25 0 2343 2768 2440
4728 2 3 3 25 0 2770 2255 2304
4729 2 3 3 25 0 2255 2770 2449
4730 2 3 3 25 0 2230 2771 2294
4731 2 3 3 25 0 2771 2230 2470
4732 2 3 3 25 0 2276 2772 2258
4733 2 3 3 25 0 2773 2231 2610
4734 2 3 3 25 0 2362 2774 2628
4735 2 3 3 25 0 2779 197 198
4736 2 3 3 25 0 2780 62 63
4737 2 3 3 25 0 62 2780 2350
4738 2 3 3 25 0 2784 643 644
4739 2 3 3 25 0 2792 338 339
4740 2 3 3 25 0 2797 631 632
4741 2 3 3 25 0 631 2797 2290
4742 2 3 3 25 0 2527 2800 2739
4743 2 3 3 25 0 2806 415 416
4744 2 3 3 25 0 415 2806 2725
4745 2 3 3 25 0 2809 2739 2800
4746 2 3 3 25 0 2535 2812 258
4747 2 3 3 25 0 2812 2752 258
4748 2 3 3 25 0 2815 147 148
4749 2 3 3 25 0 2312 2815 148
4750 2 3 3 25 0 2828 686 687
4751 2 3 3 25 0 686 2828 2366
4752 2 3 3 25 0 2832 656 657
4753 2 3 3 25 0 571 2833 570
4754 2 3 3 25 0 2833 2513 570
4755 2 3 3 25 0 2541 2834 627
4756 2 3 3 25 0 2834 626 627
4757 2 3 3 25 0 2835 2526 2739
4758 2 3 3 25 0 2838 366 367
4759 2 3 3 25 0 2559 2838 367
4760 2 3 3 25 0 2841 57 58
4761 2 3 3 25 0 2843 2575 2609
4762 2 3 3 25 0 386 2845 385
4763 2 3 3 25 0 2845 2578 385
4764 2 3 3 25 0 2849 2581 2848
4765 2 3 3 25 0 2581 2850 2286
4766 2 3 3 25 0 747 2851 746
4767 2 3 3 25 0 2851 2583 746
4768 2 3 3 25 0 2851 747 2679
4769 2 3 3 25 0 2468 2852 2226
4770 2 3 3 25 0 2852 2583 2226
4771 2 3 3 25 0 2854 316 317
4772 2 3 3 25 0 617 2857 616
4773 2 3 3 25 0 2858 2413 2512
4774 2 3 3 25 0 207 2860 206
4775 2 3 3 25 0 2860 2603 206
4776 2 3 3 25 0 2224 2867 2273
4777 2 3 3 25 0 2867 2612 2273
4778 2 3 3 25 0 2232 2871 2551
4779 2 3 3 25 0 2874 693 694
4780 2 3 3 25 0 2888 465 466
4781 2 3 3 25 0 465 2888 2630
4782 2 3 3 25 0 2903 2578 2845
4783 2 3 3 25 0 386 2904 2845
4784 2 3 3 25 0 2911 2602 2523
4785 2 3 3 25 0 2677 2911 2523
4786 2 3 3 25 0 215 2912 214
4787 2 3 3 25 0 2918 2448 2429
4788 2 3 3 25 0 2683 2918 2429
4789 2 3 3 25 0 2919 530 531
4790 2 3 3 25 0 2685 2919 531
4791 2 3 3 25 0 547 2925 546
4792 2 3 3 25 0 2931 2535 260
4793 2 3 3 25 0 2936 404 2721
4794 2 3 3 25 0 2945 2243 2365
4795 2 3 3 25 0 222 2949 221
4796 2 3 3 25 0 2964 421 422
4797 2 3 3 25 0 2970 477 478
4798 2 3 3 25 0 2976 2756 2571
4799 2 3 3 25 0 2504 2982 2760
4800 2 3 3 25 0 684 2283 683
4801 2 3 3 25 0 685 2283 684
4802 2 3 3 25 0 685 2366 2283
4803 2 3 3 25 0 2431 2274 2233
4804 2 3 3 25 0 2437 2431 2233
4805 2 3 3 25 0 2431 2615 2237
4806 2 3 3 25 0 2615 2431 2437
4807 2 3 3 25 0 2659 2448 2442
4808 2 3 3 25 0 2442 2489 2659
4809 2 3 3 25 0 2452 2236 2277
4810 2 3 3 25 0 2452 146 147
4811 2 3 3 25 0 2469 2471 2231
4812 2 3 3 25 0 2554 2295 2471
4813 2 3 3 25 0 2554 2471 2469
4814 2 3 3 25 0 53 2475 52
4815 2 3 3 25 0 2475 2619 52
4816 2 3 3 25 0 2619 2475 2399
4817 2 3 3 25 0 2533 561 562
4818 2 3 3 25 0 2643 2533 562
4819 2 3 3 25 0 2533 560 561
4820 2 3 3 25 0 2450 51 52
4821 2 3 3 25 0 2619 2450 52
4822 2 3 3 25 0 2619 2451 2450
4823 2 3 3 25 0 2424 2425 2406
4824 2 3 3 25 0 2425 2424 2427
4825 2 3 3 25 0 2472 2626 2474
4826 2 3 3 25 0 2474 2626 2349
4827 2 3 3 25 0 2442 2655 2489
4828 2 3 3 25 0 2898 2650 2489
4829 2 3 3 25 0 2655 2899 2489
4830 2 3 3 25 0 2556 2240 2553
4831 2 3 3 25 0 2697 2553 2240
4832 2 3 3 25 0 2556 2553 2453
4833 2 3 3 25 0 2227 2553 2313
4834 2 3 3 25 0 2579 2568 682
4835 2 3 3 25 0 2410 2568 2389
4836 2 3 3 25 0 481 2572 480
4837 2 3 3 25 0 2810 2572 481
4838 2 3 3 25 0 2577 2311 2251
4839 2 3 3 25 0 2441 2577 2301
4840 2 3 3 25 0 2591 314 315
4841 2 3 3 25 0 2601 420 421
4842 2 3 3 25 0 2605 2742 279
4843 2 3 3 25 0 2826 2399 2627
4844 2 3 3 25 0 2475 2627 2399
4845 2 3 3 25 0 2475 54 2627
4846 2 3 3 25 0 2627 54 55
4847 2 3 3 25 0 652 2394 2635
4848 2 3 3 25 0 2639 527 528
4849 2 3 3 25 0 2384 2544 2646
4850 2 3 3 25 0 2646 2545 2384
4851 2 3 3 25 0 2544 2762 2646
4852 2 3 3 25 0 2763 2545 2646
4853 2 3 3 25 0 2494 2653 2272
4854 2 3 3 25 0 2472 2683 2653
4855 2 3 3 25 0 179 2657 178
4856 2 3 3 25 0 180 2657 179
4857 2 3 3 25 0 2683 2472 2682
4858 2 3 3 25 0 615 2720 614
4859 2 3 3 25 0 2720 615 616
4860 2 3 3 25 0 2733 608 609
4861 2 3 3 25 0 185 2737 184
4862 2 3 3 25 0 2737 2738 2379
4863 2 3 3 25 0 278 2742 277
4864 2 3 3 25 0 2742 2529 277
4865 2 3 3 25 0 2605 2743 2742
4866 2 3 3 25 0 2749 2750 2245
4867 2 3 3 25 0 475 2761 2422
4868 2 3 3 25 0 476 2761 475
4869 2 3 3 25 0 2761 2544 2422
4870 2 3 3 25 0 2761 476 2397
4871 2 3 3 25 0 652 2635 651
4872 2 3 3 25 0 651 2635 650
4873 2 3 3 25 0 2570 238 239
4874 2 3 3 25 0 2570 2638 238
4875 2 3 3 25 0 2638 2570 2310
4876 2 3 3 25 0 320 2590 319
4877 2 3 3 25 0 2590 2500 319
4878 2 3 3 25 0 2591 313 314
4879 2 3 3 25 0 336 2606 2378
4880 2 3 3 25 0 2606 336 337
4881 2 3 3 25 0 2474 2682 2472
4882 2 3 3 25 0 2661 49 50
4883 2 3 3 25 0 2450 2661 50
4884 2 3 3 25 0 2451 2661 2450
4885 2 3 3 25 0 2691 2331 2330
4886 2 3 3 25 0 2725 414 415
4887 2 3 3 25 0 2725 413 414
4888 2 3 3 25 0 2953 413 2725
4889 2 3 3 25 0 2733 2732 2656
4890 2 3 3 25 0 607 2733 2656
4891 2 3 3 25 0 2768 2267 2239
4892 2 3 3 25 0 2267 2768 2337
4893 2 3 3 25 0 2449 2770 2268
4894 2 3 3 25 0 2304 2250 2770
4895 2 3 3 25 0 2447 2294 2771
4896 2 3 3 25 0 2774 2758 2628
4897 2 3 3 25 0 2776 163 164
4898 2 3 3 25 0 199 2779 198
4899 2 3 3 25 0 199 2741 2779
4900 2 3 3 25 0 2323 2782 2454
4901 2 3 3 25 0 623 2783 622
4902 2 3 3 25 0 2783 623 2454
4903 2 3 3 25 0 2782 2783 2454
4904 2 3 3 25 0 2731 2600 2785
4905 2 3 3 25 0 2878 2787 2383
4906 2 3 3 25 0 250 2788 249
4907 2 3 3 25 0 251 2788 250
4908 2 3 3 25 0 2788 251 2558
4909 2 3 3 25 0 2789 7 150
4910 2 3 3 25 0 2791 2640 2404
4911 2 3 3 25 0 2792 2606 338
4912 2 3 3 25 0 2792 2644 2606
4913 2 3 3 25 0 2385 2793 487
4914 2 3 3 25 0 2793 486 487
4915 2 3 3 25 0 486 2793 485
4916 2 3 3 25 0 2795 2526 2522
4917 2 3 3 25 0 2797 632 633
4918 2 3 3 25 0 633 2560 2797
4919 2 3 3 25 0 2290 2797 2675
4920 2 3 3 25 0 2802 2401 2692
4921 2 3 3 25 0 2726 2806 416
4922 2 3 3 25 0 2806 2458 2395
4923 2 3 3 25 0 2806 2726 2458
4924 2 3 3 25 0 2807 2959 2669
4925 2 3 3 25 0 482 2810 481
4926 2 3 3 25 0 2813 255 256
4927 2 3 3 25 0 2498 2814 2699
4928 2 3 3 25 0 2325 2817 2388
4929 2 3 3 25 0 83 2818 82
4930 2 3 3 25 0 2388 2820 2325
4931 2 3 3 25 0 2388 2818 2820
4932 2 3 3 25 0 2259 2822 2483
4933 2 3 3 25 0 2822 2336 2483
4934 2 3 3 25 0 2826 2333 2399
4935 2 3 3 25 0 2829 2522 2526
4936 2 3 3 25 0 2829 2574 2522
4937 2 3 3 25 0 2830 2312 14
4938 2 3 3 25 0 149 2830 14
4939 2 3 3 25 0 2514 2833 571
4940 2 3 3 25 0 2833 2514 2317
4941 2 3 3 25 0 2513 2833 2317
4942 2 3 3 25 0 2841 2392 2494
4943 2 3 3 25 0 2392 2841 59
4944 2 3 3 25 0 2841 58 59
4945 2 3 3 25 0 2842 2466 2443
4946 2 3 3 25 0 151 2846 150
4947 2 3 3 25 0 2846 151 152
4948 2 3 3 25 0 2243 2846 152
4949 2 3 3 25 0 2847 302 303
4950 2 3 3 25 0 302 2847 2730
4951 2 3 3 25 0 2580 2847 303
4952 2 3 3 25 0 2582 2848 2359
4953 2 3 3 25 0 2582 2371 2849
4954 2 3 3 25 0 2848 2582 2849
4955 2 3 3 25 0 2550 2286 2850
4956 2 3 3 25 0 2672 2850 2446
4957 2 3 3 25 0 2852 744 745
4958 2 3 3 25 0 744 2852 2468
4959 2 3 3 25 0 2583 2852 745
4960 2 3 3 25 0 291 2855 2592
4961 2 3 3 25 0 292 2855 291
4962 2 3 3 25 0 2855 292 293
4963 2 3 3 25 0 2599 2855 293
4964 2 3 3 25 0 2413 2858 524
4965 2 3 3 25 0 2858 523 524
4966 2 3 3 25 0 2859 2603 2765
4967 2 3 3 25 0 2603 2860 2765
4968 2 3 3 25 0 2740 2860 207
4969 2 3 3 25 0 2860 2740 2765
4970 2 3 3 25 0 2570 2862 2310
4971 2 3 3 25 0 2866 2612 2696
4972 2 3 3 25 0 2612 2867 2495
4973 2 3 3 25 0 2495 2867 2274
4974 2 3 3 25 0 2324 2867 2224
4975 2 3 3 25 0 2867 2324 2274
4976 2 3 3 25 0 2393 2868 2351
4977 2 3 3 25 0 2351 2868 2587
4978 2 3 3 25 0 2456 2869 2503
4979 2 3 3 25 0 2871 2232 2620
4980 2 3 3 25 0 2264 2871 2620
4981 2 3 3 25 0 2873 2377 2520
4982 2 3 3 25 0 2377 2873 695
4983 2 3 3 25 0 693 2875 692
4984 2 3 3 25 0 693 2874 2875
4985 2 3 3 25 0 2785 2876 2731
4986 2 3 3 25 0 2877 2441 2650
4987 2 3 3 25 0 513 2883 512
4988 2 3 3 25 0 2887 467 468
4989 2 3 3 25 0 2408 2891 2637
4990 2 3 3 25 0 2420 2896 2541
4991 2 3 3 25 0 2345 2899 2618
4992 2 3 3 25 0 2904 2903 2845
4993 2 3 3 25 0 2904 386 387
4994 2 3 3 25 0 387 2754 2904
4995 2 3 3 25 0 2904 2754 2663
4996 2 3 3 25 0 565 2908 564
4997 2 3 3 25 0 2387 2602 2911
4998 2 3 3 25 0 2911 2809 2387
4999 2 3 3 25 0 2911 2835 2739
5000 2 3 3 25 0 2809 2911 2739
5001 2 3 3 25 0 214 2912 213
5002 2 3 3 25 0 2912 2809 2800
5003 2 3 3 25 0 2387 2912 215
5004 2 3 3 25 0 2912 2387 2809
5005 2 3 3 25 0 2914 2648 2678
5006 2 3 3 25 0 2679 2917 2851
5007 2 3 3 25 0 761 2921 760
5008 2 3 3 25 0 2391 760 2921
5009 2 3 3 25 0 2327 2922 2328
5010 2 3 3 25 0 2923 545 546
5011 2 3 3 25 0 545 2923 2693
5012 2 3 3 25 0 2925 2923 546
5013 2 3 3 25 0 2924 2925 2692
5014 2 3 3 25 0 2925 2802 2692
5015 2 3 3 25 0 2927 2586 2587
5016 2 3 3 25 0 2868 2927 2587
5017 2 3 3 25 0 2929 306 307
5018 2 3 3 25 0 2535 2931 2932
5019 2 3 3 25 0 2936 403 404
5020 2 3 3 25 0 2941 2639 528
5021 2 3 3 25 0 2941 2597 2639
5022 2 3 3 25 0 2949 220 221
5023 2 3 3 25 0 2523 2950 2677
5024 2 3 3 25 0 2950 219 220
5025 2 3 3 25 0 219 2950 2523
5026 2 3 3 25 0 2949 2950 220
5027 2 3 3 25 0 2900 2951 2732
5028 2 3 3 25 0 2958 2367 2540
5029 2 3 3 25 0 2367 2958 2807
5030 2 3 3 25 0 2964 422 423
5031 2 3 3 25 0 2964 2601 421
5032 2 3 3 25 0 2370 2967 460
5033 2 3 3 25 0 2967 459 460
5034 2 3 3 25 0 2455 2278 2972
5035 2 3 3 25 0 2974 640 641
5036 2 3 3 25 0 640 2974 639
5037 2 3 3 25 0 2728 2976 2538
5038 2 3 3 25 0 2538 2380 2977
5039 2 3 3 25 0 2728 2538 2977
5040 2 3 3 25 0 2977 2609 2575
5041 2 3 3 25 0 2977 2978 2609
5042 2 3 3 25 0 2758 2978 2380
5043 2 3 3 25 0 2978 2977 2380
5044 2 3 3 25 0 2751 2979 2974
5045 2 3 3 25 0 2982 2504 2542
5046 2 3 3 25 0 2985 2314 67
5047 2 3 3 25 0 2988 755 756
5048 2 3 3 25 0 364 2989 363
5049 2 3 3 25 0 2995 2549 519
5050 2 3 3 25 0 2996 2578 2903
5051 2 3 3 25 0 2578 2996 2664
5052 2 3 3 25 0 2999 463 2357
5053 2 3 3 25 0 463 2999 462
5054 2 3 3 25 0 3000 565 566
5055 2 3 3 25 0 565 3000 2908
5056 2 3 3 25 0 635 3005 634
5057 2 3 3 25 0 3005 2560 634
5058 2 3 3 25 0 3007 2691 2330
5059 2 3 3 25 0 2685 3013 2652
5060 2 3 3 25 0 604 3017 603
5061 2 3 3 25 0 3018 584 585
5062 2 3 3 25 0 584 3018 2649
5063 2 3 3 25 0 3021 184 2737
5064 2 3 3 25 0 2604 3025 2374
5065 2 3 3 25 0 3025 2604 2631
5066 2 3 3 25 0 2803 3027 2629
5067 2 3 3 25 0 2317 3028 2669
5068 2 3 3 25 0 3028 2807 2669
5069 2 3 3 25 0 3031 523 2858
5070 2 3 3 25 0 523 3031 522
5071 2 3 3 25 0 3032 2862 2570
5072 2 3 3 25 0 240 3032 2570
5073 2 3 3 25 0 3033 2671 2245
5074 2 3 3 25 0 3035 2562 2611
5075 2 3 3 25 0 2876 3036 2961
5076 2 3 3 25 0 346 3039 345
5077 2 3 3 25 0 3039 346 2548
5078 2 3 3 25 0 3043 2719 2508
5079 2 3 3 25 0 3045 2731 2876
5080 2 3 3 25 0 3048 479 480
5081 2 3 3 25 0 2572 3048 480
5082 2 3 3 25 0 3049 2591 315
5083 2 3 3 25 0 403 3050 402
5084 2 3 3 25 0 3052 2471 2329
5085 2 3 3 25 0 3054 2259 2483
5086 2 3 3 25 0 3057 2300 2428
5087 2 3 3 25 0 3062 2730 2847
5088 2 3 3 25 0 2786 3063 2759
5089 2 3 3 25 0 3068 2760 2596
5090 2 3 3 25 0 2247 3069 2778
5091 2 3 3 25 0 3071 312 313
5092 2 3 3 25 0 2591 3071 313
5093 2 3 3 25 0 3072 2682 2474
5094 2 3 3 25 0 2350 3072 2474
5095 2 3 3 25 0 2439 3073 2428
5096 2 3 3 25 0 3075 2470 2295
5097 2 3 3 25 0 2470 3075 2771
5098 2 3 3 25 0 2969 3077 2432
5099 2 3 3 25 0 2736 3084 2735
5100 2 3 3 25 0 3092 229 230
5101 2 3 3 25 0 3096 2759 2979
5102 2 3 3 25 0 2264 3098 2325
5103 2 3 3 25 0 3098 2817 2325
5104 2 3 3 25 0 2820 3099 2325
5105 2 3 3 25 0 3099 2820 2303
5106 2 3 3 25 0 2830 3103 2312
5107 2 3 3 25 0 2426 3105 2819
5108 2 3 3 25 0 240 3123 3032
5109 2 3 3 25 0 3127 556 557
5110 2 3 3 25 0 3135 2616 3134
5111 2 3 3 25 0 2506 3139 2714
5112 2 3 3 25 0 514 3144 513
5113 2 3 3 25 0 3144 2883 513
5114 2 3 3 25 0 3145 2884 3049
5115 2 3 3 25 0 3147 2884 2790
5116 2 3 3 25 0 235 3150 234
5117 2 3 3 25 0 3150 235 2637
5118 2 3 3 25 0 2755 3152 2564
5119 2 3 3 25 0 2922 3154 3153
5120 2 3 3 25 0 2903 3157 2455
5121 2 3 3 25 0 3161 2583 2851
5122 2 3 3 25 0 2917 3161 2851
5123 2 3 3 25 0 2922 3169 2328
5124 2 3 3 25 0 2567 3181 2594
5125 2 3 3 25 0 3181 2567 446
5126 2 3 3 25 0 3183 646 2405
5127 2 3 3 25 0 2948 3183 2405
5128 2 3 3 25 0 352 3184 351
5129 2 3 3 25 0 3184 352 2595
5130 2 3 3 25 0 223 3188 222
5131 2 3 3 25 0 3188 2949 222
5132 2 3 3 25 0 3189 2950 2949
5133 2 3 3 25 0 2950 3189 2677
5134 2 3 3 25 0 3193 2736 2735
5135 2 3 3 25 0 3196 2628 2539
5136 2 3 3 25 0 3197 2571 2756
5137 2 3 3 25 0 3208 2663 2536
5138 2 3 3 25 0 2663 3208 2975
5139 2 3 3 25 0 580 3210 579
5140 2 3 3 25 0 2552 3211 2759
5141 2 3 3 25 0 3211 2979 2759
5142 2 3 3 25 0 68 2985 67
5143 2 3 3 25 0 68 2238 2985
5144 2 3 3 25 0 2296 2330 2297
5145 2 3 3 25 0 2393 42 43
5146 2 3 3 25 0 2393 41 42
5147 2 3 3 25 0 43 2777 2393
5148 2 3 3 25 0 569 2414 568
5149 2 3 3 25 0 569 2513 2414
5150 2 3 3 25 0 2511 669 670
5151 2 3 3 25 0 2288 2511 670
5152 2 3 3 25 0 2511 2288 2954
5153 2 3 3 25 0 2272 2653 2695
5154 2 3 3 25 0 2695 2653 2429
5155 2 3 3 25 0 249 2747 248
5156 2 3 3 25 0 2788 2747 249
5157 2 3 3 25 0 2701 2592 2416
5158 2 3 3 25 0 2592 290 291
5159 2 3 3 25 0 205 2603 204
5160 2 3 3 25 0 2415 2729 2640
5161 2 3 3 25 0 2729 2960 2640
5162 2 3 3 25 0 2740 8 208
5163 2 3 3 25 0 2769 658 659
5164 2 3 3 25 0 2769 657 658
5165 2 3 3 25 0 2769 2832 657
5166 2 3 3 25 0 2772 2477 2258
5167 2 3 3 25 0 2265 2482 2773
5168 2 3 3 25 0 2773 2610 2265
5169 2 3 3 25 0 2342 2261 2773
5170 2 3 3 25 0 2773 2482 2342
5171 2 3 3 25 0 2535 2932 2812
5172 2 3 3 25 0 2812 2865 2752
5173 2 3 3 25 0 2981 2812 2932
5174 2 3 3 25 0 2981 2865 2812
5175 2 3 3 25 0 2452 2815 2236
5176 2 3 3 25 0 2815 2452 147
5177 2 3 3 25 0 2235 2614 2816
5178 2 3 3 25 0 2824 2816 2335
5179 2 3 3 25 0 2625 2796 2823
5180 2 3 3 25 0 2298 2823 2796
5181 2 3 3 25 0 2309 2834 2323
5182 2 3 3 25 0 626 2834 2309
5183 2 3 3 25 0 2834 2433 2323
5184 2 3 3 25 0 2901 2379 2836
5185 2 3 3 25 0 2836 3085 2837
5186 2 3 3 25 0 2842 2443 2843
5187 2 3 3 25 0 2861 281 282
5188 2 3 3 25 0 282 3051 2861
5189 2 3 3 25 0 2861 2605 280
5190 2 3 3 25 0 281 2861 280
5191 2 3 3 25 0 556 3127 2863
5192 2 3 3 25 0 2888 466 467
5193 2 3 3 25 0 2887 2888 467
5194 2 3 3 25 0 2375 2569 2890
5195 2 3 3 25 0 2374 2890 2569
5196 2 3 3 25 0 2640 2897 2404
5197 2 3 3 25 0 2897 2781 2404
5198 2 3 3 25 0 2960 2897 2640
5199 2 3 3 25 0 2897 2662 2781
5200 2 3 3 25 0 2901 2836 2837
5201 2 3 3 25 0 2643 2907 2671
5202 2 3 3 25 0 564 2907 563
5203 2 3 3 25 0 564 2908 2907
5204 2 3 3 25 0 2907 2643 563
5205 2 3 3 25 0 2918 2442 2448
5206 2 3 3 25 0 2655 2442 2918
5207 2 3 3 25 0 2682 2655 2918
5208 2 3 3 25 0 2683 2682 2918
5209 2 3 3 25 0 2934 392 393
5210 2 3 3 25 0 2943 2685 2652
5211 2 3 3 25 0 2685 2943 2919
5212 2 3 3 25 0 2943 2942 2919
5213 2 3 3 25 0 2911 2677 2835
5214 2 3 3 25 0 2835 2677 2829
5215 2 3 3 25 0 2829 2526 2835
5216 2 3 3 25 0 2802 2521 2401
5217 2 3 3 25 0 2521 2802 548
5218 2 3 3 25 0 548 2802 547
5219 2 3 3 25 0 2925 547 2802
5220 2 3 3 25 0 2788 2558 2746
5221 2 3 3 25 0 2747 2788 2746
5222 2 3 3 25 0 316 2854 315
5223 2 3 3 25 0 2854 3049 315
5224 2 3 3 25 0 2854 3145 3049
5225 2 3 3 25 0 2807 3094 2959
5226 2 3 3 25 0 2810 482 483
5227 2 3 3 25 0 2531 2810 483
5228 2 3 3 25 0 477 2970 2397
5229 2 3 3 25 0 2970 478 479
5230 2 3 3 25 0 442 2848 441
5231 2 3 3 25 0 2581 441 2848
5232 2 3 3 25 0 2359 2848 443
5233 2 3 3 25 0 2848 442 443
5234 2 3 3 25 0 2565 3175 2938
5235 2 3 3 25 0 2985 2238 2255
5236 2 3 3 25 0 2400 2692 2986
5237 2 3 3 25 0 2692 2401 2986
5238 2 3 3 25 0 2717 2988 2507
5239 2 3 3 25 0 2716 2507 2988
5240 2 3 3 25 0 2989 2542 362
5241 2 3 3 25 0 2542 2989 2982
5242 2 3 3 25 0 2989 362 363
5243 2 3 3 25 0 750 2990 749
5244 2 3 3 25 0 74 2991 2240
5245 2 3 3 25 0 2991 2697 2240
5246 2 3 3 25 0 2994 538 539
5247 2 3 3 25 0 539 2633 2994
5248 2 3 3 25 0 2996 2903 2455
5249 2 3 3 25 0 2996 2455 2972
5250 2 3 3 25 0 2996 2939 2664
5251 2 3 3 25 0 2998 2258 2343
5252 2 3 3 25 0 462 2999 461
5253 2 3 3 25 0 461 2999 2370
5254 2 3 3 25 0 3000 566 567
5255 2 3 3 25 0 3000 3011 2908
5256 2 3 3 25 0 3001 2283 2366
5257 2 3 3 25 0 3006 2579 3001
5258 2 3 3 25 0 2461 2907 3011
5259 2 3 3 25 0 2908 3011 2907
5260 2 3 3 25 0 3013 532 533
5261 2 3 3 25 0 533 2686 3013
5262 2 3 3 25 0 3013 2685 532
5263 2 3 3 25 0 3015 2675 2797
5264 2 3 3 25 0 2704 3015 2560
5265 2 3 3 25 0 2797 2560 3015
5266 2 3 3 25 0 3017 2951 2445
5267 2 3 3 25 0 485 3019 484
5268 2 3 3 25 0 2793 3019 485
5269 2 3 3 25 0 3019 2531 484
5270 2 3 3 25 0 2379 3021 2737
5271 2 3 3 25 0 2537 3021 2901
5272 2 3 3 25 0 2379 2901 3021
5273 2 3 3 25 0 2947 3024 2789
5274 2 3 3 25 0 2374 3025 2890
5275 2 3 3 25 0 3028 2514 2367
5276 2 3 3 25 0 2514 3028 2317
5277 2 3 3 25 0 2807 3028 2367
5278 2 3 3 25 0 3034 189 190
5279 2 3 3 25 0 3130 3035 2311
5280 2 3 3 25 0 3038 2983 2666
5281 2 3 3 25 0 2887 2983 3038
5282 2 3 3 25 0 2888 2887 3038
5283 2 3 3 25 0 345 3039 344
5284 2 3 3 25 0 3039 2547 344
5285 2 3 3 25 0 3041 262 263
5286 2 3 3 25 0 3041 3113 2980
5287 2 3 3 25 0 3045 504 505
5288 2 3 3 25 0 2731 3045 505
5289 2 3 3 25 0 3164 2879 3046
5290 2 3 3 25 0 2247 3047 2418
5291 2 3 3 25 0 2247 2778 3047
5292 2 3 3 25 0 3048 2572 2530
5293 2 3 3 25 0 2970 3048 2530
5294 2 3 3 25 0 3048 2970 479
5295 2 3 3 25 0 402 3050 401
5296 2 3 3 25 0 283 3051 282
5297 2 3 3 25 0 3052 2231 2471
5298 2 3 3 25 0 2231 3052 2610
5299 2 3 3 25 0 2267 3053 2239
5300 2 3 3 25 0 2259 3054 2337
5301 2 3 3 25 0 3054 2267 2337
5302 2 3 3 25 0 2333 2826 3055
5303 2 3 3 25 0 2307 3056 2313
5304 2 3 3 25 0 2307 3058 3056
5305 2 3 3 25 0 3056 2299 2313
5306 2 3 3 25 0 3073 3057 2428
5307 2 3 3 25 0 3058 3057 3056
5308 2 3 3 25 0 3058 2307 2588
5309 2 3 3 25 0 2300 3058 2588
5310 2 3 3 25 0 2300 3057 3058
5311 2 3 3 25 0 2847 2580 3062
5312 2 3 3 25 0 3030 3062 2580
5313 2 3 3 25 0 3062 2729 2730
5314 2 3 3 25 0 2729 3062 2960
5315 2 3 3 25 0 2704 3064 3063
5316 2 3 3 25 0 3064 2759 3063
5317 2 3 3 25 0 2759 3064 2552
5318 2 3 3 25 0 2504 2760 3068
5319 2 3 3 25 0 2682 3072 2655
5320 2 3 3 25 0 2584 3073 2439
5321 2 3 3 25 0 2554 2902 3075
5322 2 3 3 25 0 2295 2554 3075
5323 2 3 3 25 0 165 3078 164
5324 2 3 3 25 0 3078 2776 164
5325 2 3 3 25 0 3079 3022 2486
5326 2 3 3 25 0 3079 750 751
5327 2 3 3 25 0 381 3081 380
5328 2 3 3 25 0 2782 2318 3082
5329 2 3 3 25 0 2676 3090 3083
5330 2 3 3 25 0 3083 2799 2735
5331 2 3 3 25 0 3090 2799 3083
5332 2 3 3 25 0 3084 3083 2735
5333 2 3 3 25 0 3086 326 327
5334 2 3 3 25 0 2799 3090 2906
5335 2 3 3 25 0 3096 2786 2759
5336 2 3 3 25 0 2388 2817 3097
5337 2 3 3 25 0 3097 2818 2388
5338 2 3 3 25 0 3098 2336 2822
5339 2 3 3 25 0 2336 3098 2264
5340 2 3 3 25 0 2817 3098 2822
5341 2 3 3 25 0 3099 2303 2551
5342 2 3 3 25 0 3099 2264 2325
5343 2 3 3 25 0 2871 2264 3099
5344 2 3 3 25 0 2871 3099 2551
5345 2 3 3 25 0 3104 2824 2335
5346 2 3 3 25 0 2549 3105 2426
5347 2 3 3 25 0 3110 2345 2346
5348 2 3 3 25 0 2269 3110 2346
5349 2 3 3 25 0 3110 2269 2314
5350 2 3 3 25 0 2314 3111 3110
5351 2 3 3 25 0 266 3112 265
5352 2 3 3 25 0 3115 2810 2531
5353 2 3 3 25 0 2810 3115 2572
5354 2 3 3 25 0 2668 3119 2396
5355 2 3 3 25 0 2749 2461 3119
5356 2 3 3 25 0 554 3121 553
5357 2 3 3 25 0 241 3123 240
5358 2 3 3 25 0 3123 241 242
5359 2 3 3 25 0 2533 3126 560
5360 2 3 3 25 0 3125 3126 2864
5361 2 3 3 25 0 3126 3033 2864
5362 2 3 3 25 0 3127 557 558
5363 2 3 3 25 0 558 3125 3127
5364 2 3 3 25 0 3128 2607 2813
5365 2 3 3 25 0 2813 3095 3128
5366 2 3 3 25 0 3095 2865 3128
5367 2 3 3 25 0 3132 2430 2331
5368 2 3 3 25 0 3137 2584 2680
5369 2 3 3 25 0 3012 3138 2877
5370 2 3 3 25 0 2879 3142 3046
5371 2 3 3 25 0 2700 3146 2885
5372 2 3 3 25 0 3146 2591 3049
5373 2 3 3 25 0 2884 3146 3049
5374 2 3 3 25 0 3149 2407 2505
5375 2 3 3 25 0 2637 2891 3150
5376 2 3 3 25 0 3149 3150 2891
5377 2 3 3 25 0 3150 233 234
5378 2 3 3 25 0 3152 2378 2644
5379 2 3 3 25 0 2378 3152 2755
5380 2 3 3 25 0 3154 2922 2327
5381 2 3 3 25 0 2843 3155 2842
5382 2 3 3 25 0 3157 2663 2975
5383 2 3 3 25 0 2975 2565 3157
5384 2 3 3 25 0 2455 3157 2278
5385 2 3 3 25 0 3157 2565 2278
5386 2 3 3 25 0 2994 3158 2622
5387 2 3 3 25 0 3158 2994 2905
5388 2 3 3 25 0 2583 3161 2467
5389 2 3 3 25 0 3172 2629 3027
5390 2 3 3 25 0 3181 446 447
5391 2 3 3 25 0 3184 2595 2424
5392 2 3 3 25 0 2712 350 3184
5393 2 3 3 25 0 3184 2406 2712
5394 2 3 3 25 0 3184 350 351
5395 2 3 3 25 0 2406 3184 2424
5396 2 3 3 25 0 2829 2677 3189
5397 2 3 3 25 0 3192 2703 2966
5398 2 3 3 25 0 3193 2525 2736
5399 2 3 3 25 0 2986 3193 2400
5400 2 3 3 25 0 3196 2321 2628
5401 2 3 3 25 0 3202 2383 2530
5402 2 3 3 25 0 3202 2878 2383
5403 2 3 3 25 0 2774 3209 2758
5404 2 3 3 25 0 3209 2774 2687
5405 2 3 3 25 0 3209 2978 2758
5406 2 3 3 25 0 3211 2552 637
5407 2 3 3 25 0 184 3217 183
5408 2 3 3 25 0 3217 184 3021
5409 2 3 3 25 0 3219 2506 2714
5410 2 3 3 25 0 3220 296 2368
5411 2 3 3 25 0 296 3220 2515
5412 2 3 3 25 0 2657 3221 3061
5413 2 3 3 25 0 2307 3222 2588
5414 2 3 3 25 0 3222 2307 2697
5415 2 3 3 25 0 245 3224 244
5416 2 3 3 25 0 3226 637 638
5417 2 3 3 25 0 637 3226 3211
5418 2 3 3 25 0 3227 2534 2499
5419 2 3 3 25 0 2590 3227 2499
5420 2 3 3 25 0 396 3230 395
5421 2 3 3 25 0 3231 2458 2316
5422 2 3 3 25 0 2458 3231 2395
5423 2 3 3 25 0 3232 576 577
5424 2 3 3 25 0 2580 3237 3030
5425 2 3 3 25 0 425 3244 424
5426 2 3 3 25 0 64 3246 63
5427 2 3 3 25 0 3246 2780 63
5428 2 3 3 25 0 3247 2789 3024
5429 2 3 3 25 0 3249 2312 3103
5430 2 3 3 25 0 3250 270 271
5431 2 3 3 25 0 3252 192 193
5432 2 3 3 25 0 2887 3253 2983
5433 2 3 3 25 0 3253 2887 468
5434 2 3 3 25 0 2891 3254 3149
5435 2 3 3 25 0 2694 3255 2617
5436 2 3 3 25 0 3261 2319 2706
5437 2 3 3 25 0 2964 3262 3037
5438 2 3 3 25 0 3262 2964 423
5439 2 3 3 25 0 2357 3263 2999
5440 2 3 3 25 0 3263 2357 3195
5441 2 3 3 25 0 3267 2675 3015
5442 2 3 3 25 0 3037 3270 2964
5443 2 3 3 25 0 2936 3276 403
5444 2 3 3 25 0 3276 3050 403
5445 2 3 3 25 0 2245 3283 3033
5446 2 3 3 25 0 3283 2245 2750
5447 2 3 3 25 0 3290 2917 2679
5448 2 3 3 25 0 3182 3292 3291
5449 2 3 3 25 0 3292 2948 3291
5450 2 3 3 25 0 182 3298 181
5451 2 3 3 25 0 3300 587 588
5452 2 3 3 25 0 2373 3305 2965
5453 2 3 3 25 0 3306 2236 2335
5454 2 3 3 25 0 2816 3306 2335
5455 2 3 3 25 0 3307 2816 2824
5456 2 3 3 25 0 3308 2555 2303
5457 2 3 3 25 0 2821 3308 2303
5458 2 3 3 25 0 2360 3309 2465
5459 2 3 3 25 0 2823 3310 2625
5460 2 3 3 25 0 2843 3312 2575
5461 2 3 3 25 0 3312 2843 2443
5462 2 3 3 25 0 2590 3313 2500
5463 2 3 3 25 0 2753 3321 2702
5464 2 3 3 25 0 3321 2934 2702
5465 2 3 3 25 0 3324 2943 2652
5466 2 3 3 25 0 2276 3327 2772
5467 2 3 3 25 0 224 3335 223
5468 2 3 3 25 0 2557 3337 2280
5469 2 3 3 25 0 2276 3338 75
5470 2 3 3 25 0 2994 3339 2905
5471 2 3 3 25 0 3339 2994 2633
5472 2 3 3 25 0 3035 3364 2311
5473 2 3 3 25 0 3131 3364 3132
5474 2 3 3 25 0 3364 3131 2311
5475 2 3 3 25 0 3365 3132 3364
5476 2 3 3 25 0 3035 3365 3364
5477 2 3 3 25 0 2630 3367 2357
5478 2 3 3 25 0 3374 2321 3196
5479 2 3 3 25 0 2293 3379 2329
5480 2 3 3 25 0 3379 3053 2329
5481 2 3 3 25 0 3053 3380 2610
5482 2 3 3 25 0 3380 3053 2267
5483 2 3 3 25 0 3056 3381 2299
5484 2 3 3 25 0 3381 3056 3057
5485 2 3 3 25 0 2997 3382 3030
5486 2 3 3 25 0 3382 3062 3030
5487 2 3 3 25 0 3389 225 2698
5488 2 3 3 25 0 2497 3390 2698
5489 2 3 3 25 0 162 3391 2244
5490 2 3 3 25 0 3391 162 163
5491 2 3 3 25 0 3084 3395 3083
5492 2 3 3 25 0 2725 3399 2953
5493 2 3 3 25 0 2728 3400 2976
5494 2 3 3 25 0 3400 2728 3044
5495 2 3 3 25 0 3408 3112 3113
5496 2 3 3 25 0 3041 3408 3113
5497 2 3 3 25 0 2750 3422 3283
5498 2 3 3 25 0 2316 3430 3139
5499 2 3 3 25 0 3462 3168 2840
5500 2 3 3 25 0 673 3490 672
5501 2 3 3 25 0 3508 3201 2878
5502 2 3 3 25 0 3202 3508 2878
5503 2 3 3 25 0 3131 2251 2311
5504 2 3 3 25 0 2305 2469 2231
5505 2 3 3 25 0 2298 2305 2252
5506 2 3 3 25 0 2305 2298 2469
5507 2 3 3 25 0 153 2365 2243
5508 2 3 3 25 0 2365 153 154
5509 2 3 3 25 0 2479 2381 2280
5510 2 3 3 25 0 2355 2670 2409
5511 2 3 3 25 0 2796 2469 2298
5512 2 3 3 25 0 2902 2796 2625
5513 2 3 3 25 0 2554 2469 2796
5514 2 3 3 25 0 2554 2796 2902
5515 2 3 3 25 0 2880 2292 2624
5516 2 3 3 25 0 434 2561 2909
5517 2 3 3 25 0 3 2586 2926
5518 2 3 3 25 0 2927 2926 2586
5519 2 3 3 25 0 2931 261 262
5520 2 3 3 25 0 2931 260 261
5521 2 3 3 25 0 2939 381 382
5522 2 3 3 25 0 3081 381 2939
5523 2 3 3 25 0 382 2664 2939
5524 2 3 3 25 0 2968 275 276
5525 2 3 3 25 0 2529 2968 276
5526 2 3 3 25 0 2409 2857 617
5527 2 3 3 25 0 616 2857 2720
5528 2 3 3 25 0 2785 3036 2876
5529 2 3 3 25 0 2785 3009 3036
5530 2 3 3 25 0 2741 2766 2779
5531 2 3 3 25 0 2853 2270 2585
5532 2 3 3 25 0 2486 3022 2853
5533 2 3 3 25 0 3094 2807 2958
5534 2 3 3 25 0 2900 2445 2951
5535 2 3 3 25 0 2445 2900 3014
5536 2 3 3 25 0 2900 3155 3014
5537 2 3 3 25 0 2924 2423 2693
5538 2 3 3 25 0 2693 2923 2924
5539 2 3 3 25 0 2923 2925 2924
5540 2 3 3 25 0 2961 2353 2354
5541 2 3 3 25 0 3105 2549 2995
5542 2 3 3 25 0 3010 2611 2447
5543 2 3 3 25 0 3010 2447 2771
5544 2 3 3 25 0 2771 3075 3010
5545 2 3 3 25 0 3010 3075 2902
5546 2 3 3 25 0 3016 3043 2508
5547 2 3 3 25 0 586 3018 585
5548 2 3 3 25 0 3198 2649 3018
5549 2 3 3 25 0 3198 3018 586
5550 2 3 3 25 0 3053 3052 2329
5551 2 3 3 25 0 3052 3053 2610
5552 2 3 3 25 0 3071 2700 312
5553 2 3 3 25 0 3146 2700 3071
5554 2 3 3 25 0 2591 3146 3071
5555 2 3 3 25 0 3088 2368 2516
5556 2 3 3 25 0 2415 2640 3088
5557 2 3 3 25 0 2415 3088 2516
5558 2 3 3 25 0 2791 3088 2640
5559 2 3 3 25 0 2752 3095 256
5560 2 3 3 25 0 3095 2752 2865
5561 2 3 3 25 0 3095 2813 256
5562 2 3 3 25 0 3104 3249 3103
5563 2 3 3 25 0 3111 3109 3110
5564 2 3 3 25 0 2562 3035 3130
5565 2 3 3 25 0 3143 511 512
5566 2 3 3 25 0 2883 3143 512
5567 2 3 3 25 0 3144 514 515
5568 2 3 3 25 0 515 3236 3144
5569 2 3 3 25 0 2819 2882 3144
5570 2 3 3 25 0 3236 2819 3144
5571 2 3 3 25 0 2882 2883 3144
5572 2 3 3 25 0 3464 3170 3171
5573 2 3 3 25 0 2565 2975 3175
5574 2 3 3 25 0 3175 2935 2804
5575 2 3 3 25 0 2975 2935 3175
5576 2 3 3 25 0 3178 3176 3042
5577 2 3 3 25 0 3183 645 646
5578 2 3 3 25 0 3183 644 645
5579 2 3 3 25 0 3183 2784 644
5580 2 3 3 25 0 3183 2948 2784
5581 2 3 3 25 0 2949 3188 3189
5582 2 3 3 25 0 3335 3188 223
5583 2 3 3 25 0 757 2988 756
5584 2 3 3 25 0 2988 757 2716
5585 2 3 3 25 0 636 3005 635
5586 2 3 3 25 0 3005 636 2552
5587 2 3 3 25 0 2552 3064 3005
5588 2 3 3 25 0 3064 2704 3005
5589 2 3 3 25 0 2560 3005 2704
5590 2 3 3 25 0 3072 2618 2899
5591 2 3 3 25 0 2655 3072 2899
5592 2 3 3 25 0 3090 2360 2906
5593 2 3 3 25 0 3109 2449 2473
5594 2 3 3 25 0 3439 3213 3214
5595 2 3 3 25 0 3473 3172 3151
5596 2 3 3 25 0 183 3217 182
5597 2 3 3 25 0 3298 182 3217
5598 2 3 3 25 0 3021 2537 3217
5599 2 3 3 25 0 2714 2411 3219
5600 2 3 3 25 0 2368 3088 3220
5601 2 3 3 25 0 3220 2599 2515
5602 2 3 3 25 0 2598 2599 3220
5603 2 3 3 25 0 3221 180 181
5604 2 3 3 25 0 180 3221 2657
5605 2 3 3 25 0 3226 638 639
5606 2 3 3 25 0 2974 3226 639
5607 2 3 3 25 0 2979 3226 2974
5608 2 3 3 25 0 3211 3226 2979
5609 2 3 3 25 0 3227 320 321
5610 2 3 3 25 0 320 3227 2590
5611 2 3 3 25 0 2534 3227 321
5612 2 3 3 25 0 3139 3231 2316
5613 2 3 3 25 0 3185 2395 3231
5614 2 3 3 25 0 3185 3231 2506
5615 2 3 3 25 0 3231 3139 2506
5616 2 3 3 25 0 495 3233 494
5617 2 3 3 25 0 516 3236 515
5618 2 3 3 25 0 3236 516 2426
5619 2 3 3 25 0 2819 3236 2426
5620 2 3 3 25 0 3228 2607 3240
5621 2 3 3 25 0 3241 2311 2577
5622 2 3 3 25 0 3241 3130 2311
5623 2 3 3 25 0 3241 2577 2441
5624 2 3 3 25 0 2877 3241 2441
5625 2 3 3 25 0 3243 583 584
5626 2 3 3 25 0 3243 582 583
5627 2 3 3 25 0 2649 3243 584
5628 2 3 3 25 0 3243 2419 582
5629 2 3 3 25 0 3490 673 3245
5630 2 3 3 25 0 3250 271 272
5631 2 3 3 25 0 2547 3251 343
5632 2 3 3 25 0 3251 342 343
5633 2 3 3 25 0 2407 3149 3254
5634 2 3 3 25 0 2465 3256 2360
5635 2 3 3 25 0 3256 2906 2360
5636 2 3 3 25 0 3258 2282 2391
5637 2 3 3 25 0 3258 2487 2282
5638 2 3 3 25 0 3433 3147 3259
5639 2 3 3 25 0 3418 3261 2706
5640 2 3 3 25 0 2967 2370 3263
5641 2 3 3 25 0 3263 2370 2999
5642 2 3 3 25 0 247 3265 246
5643 2 3 3 25 0 3265 247 248
5644 2 3 3 25 0 2747 3265 248
5645 2 3 3 25 0 3015 2704 3267
5646 2 3 3 25 0 2704 3063 3267
5647 2 3 3 25 0 3268 3177 3042
5648 2 3 3 25 0 3176 3268 3042
5649 2 3 3 25 0 2765 3275 2859
5650 2 3 3 25 0 2742 3277 2529
5651 2 3 3 25 0 3277 2742 2743
5652 2 3 3 25 0 2968 2529 3277
5653 2 3 3 25 0 2831 3279 3108
5654 2 3 3 25 0 765 3280 764
5655 2 3 3 25 0 3282 2893 3124
5656 2 3 3 25 0 2893 3282 3224
5657 2 3 3 25 0 3283 2864 3033
5658 2 3 3 25 0 2874 2873 3287
5659 2 3 3 25 0 2873 2520 3287
5660 2 3 3 25 0 2948 2405 3291
5661 2 3 3 25 0 3298 3221 181
5662 2 3 3 25 0 3409 3298 2537
5663 2 3 3 25 0 3298 3217 2537
5664 2 3 3 25 0 3221 3298 3061
5665 2 3 3 25 0 3298 3409 3061
5666 2 3 3 25 0 3094 3304 2895
5667 2 3 3 25 0 3304 3232 2895
5668 2 3 3 25 0 3094 2958 3304
5669 2 3 3 25 0 2540 3304 2958
5670 2 3 3 25 0 2734 3305 2373
5671 2 3 3 25 0 3305 2734 2701
5672 2 3 3 25 0 3306 2277 2236
5673 2 3 3 25 0 2277 3306 2614
5674 2 3 3 25 0 3306 2816 2614
5675 2 3 3 25 0 2339 3307 2252
5676 2 3 3 25 0 2816 3307 2235
5677 2 3 3 25 0 3307 2339 2235
5678 2 3 3 25 0 2696 2555 3308
5679 2 3 3 25 0 3308 2866 2696
5680 2 3 3 25 0 2866 3308 2821
5681 2 3 3 25 0 2823 3348 3310
5682 2 3 3 25 0 2443 2613 3312
5683 2 3 3 25 0 2844 2575 3312
5684 2 3 3 25 0 2613 3040 3312
5685 2 3 3 25 0 3312 3040 2844
5686 2 3 3 25 0 2590 2499 3313
5687 2 3 3 25 0 3116 3313 2499
5688 2 3 3 25 0 3319 2509 2722
5689 2 3 3 25 0 2724 3319 2722
5690 2 3 3 25 0 3321 391 392
5691 2 3 3 25 0 391 3321 2753
5692 2 3 3 25 0 2934 3321 392
5693 2 3 3 25 0 3322 2711 2940
5694 2 3 3 25 0 329 3323 328
5695 2 3 3 25 0 2711 3323 2940
5696 2 3 3 25 0 330 3323 329
5697 2 3 3 25 0 2721 3325 2936
5698 2 3 3 25 0 2932 3326 2981
5699 2 3 3 25 0 3326 2932 2931
5700 2 3 3 25 0 3326 3041 2980
5701 2 3 3 25 0 3327 76 77
5702 2 3 3 25 0 76 3327 2276
5703 2 3 3 25 0 498 3328 497
5704 2 3 3 25 0 3328 498 2699
5705 2 3 3 25 0 2699 2814 3328
5706 2 3 3 25 0 3329 2627 55
5707 2 3 3 25 0 56 3329 55
5708 2 3 3 25 0 408 3334 407
5709 2 3 3 25 0 591 3336 590
5710 2 3 3 25 0 3337 2557 2944
5711 2 3 3 25 0 2945 3337 2944
5712 2 3 3 25 0 3338 2276 2258
5713 2 3 3 25 0 3338 2998 2991
5714 2 3 3 25 0 2998 3338 2258
5715 2 3 3 25 0 2915 3340 2746
5716 2 3 3 25 0 2840 3347 2563
5717 2 3 3 25 0 3346 3008 3347
5718 2 3 3 25 0 3347 2306 2563
5719 2 3 3 25 0 2924 3352 2423
5720 2 3 3 25 0 2705 3353 2706
5721 2 3 3 25 0 2707 3353 2705
5722 2 3 3 25 0 3355 753 754
5723 2 3 3 25 0 3065 2956 3355
5724 2 3 3 25 0 3355 2957 3065
5725 2 3 3 25 0 3359 2366 2828
5726 2 3 3 25 0 2366 3359 3001
5727 2 3 3 25 0 3268 3359 3177
5728 2 3 3 25 0 3367 3195 2357
5729 2 3 3 25 0 3374 594 595
5730 2 3 3 25 0 594 3374 593
5731 2 3 3 25 0 2321 3374 595
5732 2 3 3 25 0 3375 2534 322
5733 2 3 3 25 0 3375 2499 2534
5734 2 3 3 25 0 2674 3377 2463
5735 2 3 3 25 0 3378 2743 2605
5736 2 3 3 25 0 2605 2861 3378
5737 2 3 3 25 0 2398 3379 2293
5738 2 3 3 25 0 3379 2398 2239
5739 2 3 3 25 0 3053 3379 2239
5740 2 3 3 25 0 3073 2584 3381
5741 2 3 3 25 0 2584 3137 3381
5742 2 3 3 25 0 3057 3073 3381
5743 2 3 3 25 0 3382 2960 3062
5744 2 3 3 25 0 3382 2897 2960
5745 2 3 3 25 0 3382 2997 2662
5746 2 3 3 25 0 2897 3382 2662
5747 2 3 3 25 0 3384 3068 2596
5748 2 3 3 25 0 3387 2494 2272
5749 2 3 3 25 0 3390 3389 2698
5750 2 3 3 25 0 225 3389 224
5751 2 3 3 25 0 2352 3390 2497
5752 2 3 3 25 0 3390 2352 3026
5753 2 3 3 25 0 3026 3389 3390
5754 2 3 3 25 0 2244 3391 2462
5755 2 3 3 25 0 2776 3391 163
5756 2 3 3 25 0 3394 3395 2503
5757 2 3 3 25 0 773 3402 772
5758 2 3 3 25 0 3403 2327 2328
5759 2 3 3 25 0 2345 3407 2899
5760 2 3 3 25 0 3408 263 264
5761 2 3 3 25 0 263 3408 3041
5762 2 3 3 25 0 265 3408 264
5763 2 3 3 25 0 3112 3408 265
5764 2 3 3 25 0 3409 2901 2837
5765 2 3 3 25 0 3061 3409 3118
5766 2 3 3 25 0 2901 3409 2537
5767 2 3 3 25 0 3412 3115 2531
5768 2 3 3 25 0 3019 3412 2531
5769 2 3 3 25 0 3416 272 273
5770 2 3 3 25 0 3416 3250 272
5771 2 3 3 25 0 2457 3418 3120
5772 2 3 3 25 0 3418 2457 3345
5773 2 3 3 25 0 3420 3122 3192
5774 2 3 3 25 0 3424 2865 2981
5775 2 3 3 25 0 2831 3108 3424
5776 2 3 3 25 0 3242 3427 2688
5777 2 3 3 25 0 3429 2411 2714
5778 2 3 3 25 0 3270 3037 3430
5779 2 3 3 25 0 3139 3430 2714
5780 2 3 3 25 0 3430 3429 2714
5781 2 3 3 25 0 3431 3119 2668
5782 2 3 3 25 0 3119 3431 2749
5783 2 3 3 25 0 3141 3431 2668
5784 2 3 3 25 0 3431 2750 2749
5785 2 3 3 25 0 3431 3141 3432
5786 2 3 3 25 0 2884 3434 3146
5787 2 3 3 25 0 3434 2884 3147
5788 2 3 3 25 0 3434 2885 3146
5789 2 3 3 25 0 3434 3147 3433
5790 2 3 3 25 0 3148 3434 3433
5791 2 3 3 25 0 3434 3148 2885
5792 2 3 3 25 0 3440 3189 3188
5793 2 3 3 25 0 3442 2819 3105
5794 2 3 3 25 0 3444 2694 2436
5795 2 3 3 25 0 2694 3444 3255
5796 2 3 3 25 0 3002 3447 3446
5797 2 3 3 25 0 3447 3156 3446
5798 2 3 3 25 0 2451 3449 2661
5799 2 3 3 25 0 663 3451 662
5800 2 3 3 25 0 663 2284 3451
5801 2 3 3 25 0 3452 3451 3289
5802 2 3 3 25 0 2800 2527 3453
5803 2 3 3 25 0 2912 3453 213
5804 2 3 3 25 0 3453 2912 2800
5805 2 3 3 25 0 3455 3163 3199
5806 2 3 3 25 0 2280 3461 2557
5807 2 3 3 25 0 3461 2280 2382
5808 2 3 3 25 0 3167 3461 2382
5809 2 3 3 25 0 3168 3462 2921
5810 2 3 3 25 0 3463 761 762
5811 2 3 3 25 0 2629 3467 2803
5812 2 3 3 25 0 3469 2710 3101
5813 2 3 3 25 0 2710 3469 3392
5814 2 3 3 25 0 3474 3050 3276
5815 2 3 3 25 0 3167 3479 3461
5816 2 3 3 25 0 3399 3488 2953
5817 2 3 3 25 0 3489 410 411
5818 2 3 3 25 0 3489 411 412
5819 2 3 3 25 0 2953 3488 3489
5820 2 3 3 25 0 3490 2954 2288
5821 2 3 3 25 0 672 3490 2288
5822 2 3 3 25 0 3494 3148 3433
5823 2 3 3 25 0 3259 3494 3433
5824 2 3 3 25 0 3496 3122 3378
5825 2 3 3 25 0 3122 3496 3192
5826 2 3 3 25 0 3498 2703 2808
5827 2 3 3 25 0 3498 2966 2703
5828 2 3 3 25 0 2966 3498 2805
5829 2 3 3 25 0 3197 3501 2571
5830 2 3 3 25 0 3503 3455 3199
5831 2 3 3 25 0 3504 2654 2617
5832 2 3 3 25 0 3255 3504 2617
5833 2 3 3 25 0 2572 3507 2530
5834 2 3 3 25 0 3507 2572 3115
5835 2 3 3 25 0 3507 3202 2530
5836 2 3 3 25 0 3201 3508 3200
5837 2 3 3 25 0 3509 364 365
5838 2 3 3 25 0 3205 3509 2838
5839 2 3 3 25 0 578 3511 577
5840 2 3 3 25 0 3511 3232 577
5841 2 3 3 25 0 3085 3516 2837
5842 2 3 3 25 0 3519 598 599
5843 2 3 3 25 0 3520 2250 2299
5844 2 3 3 25 0 2250 3520 2770
5845 2 3 3 25 0 3521 2241 2825
5846 2 3 3 25 0 2241 3521 3078
5847 2 3 3 25 0 3522 2289 2225
5848 2 3 3 25 0 2289 3522 2520
5849 2 3 3 25 0 3526 771 772
5850 2 3 3 25 0 622 3528 621
5851 2 3 3 25 0 3528 622 2783
5852 2 3 3 25 0 3529 352 353
5853 2 3 3 25 0 352 3529 2595
5854 2 3 3 25 0 643 3530 642
5855 2 3 3 25 0 3530 643 2784
5856 2 3 3 25 0 550 3531 2521
5857 2 3 3 25 0 2846 3532 2947
5858 2 3 3 25 0 3532 2846 2243
5859 2 3 3 25 0 3536 641 642
5860 2 3 3 25 0 3537 2781 2662
5861 2 3 3 25 0 3540 2651 2467
5862 2 3 3 25 0 3541 2844 3040
5863 2 3 3 25 0 2913 3541 3040
5864 2 3 3 25 0 2977 3545 2728
5865 2 3 3 25 0 3545 2977 2575
5866 2 3 3 25 0 2924 3546 3352
5867 2 3 3 25 0 2961 3548 2876
5868 2 3 3 25 0 3548 3045 2876
5869 2 3 3 25 0 3551 2844 3541
5870 2 3 3 25 0 3552 447 448
5871 2 3 3 25 0 447 3552 3181
5872 2 3 3 25 0 3553 3192 2966
5873 2 3 3 25 0 2270 3556 3093
5874 2 3 3 25 0 3556 2270 2956
5875 2 3 3 25 0 202 3560 201
5876 2 3 3 25 0 553 3561 552
5877 2 3 3 25 0 3561 553 3121
5878 2 3 3 25 0 3568 2341 3525
5879 2 3 3 25 0 3235 3568 3525
5880 2 3 3 25 0 342 3570 341
5881 2 3 3 25 0 3570 342 3251
5882 2 3 3 25 0 2738 3573 2379
5883 2 3 3 25 0 3576 3201 3506
5884 2 3 3 25 0 2769 3579 2832
5885 2 3 3 25 0 3580 2890 3025
5886 2 3 3 25 0 3585 356 357
5887 2 3 3 25 0 3588 3038 2666
5888 2 3 3 25 0 3051 3592 3496
5889 2 3 3 25 0 3596 3411 2859
5890 2 3 3 25 0 377 3601 376
5891 2 3 3 25 0 3604 661 662
5892 2 3 3 25 0 3604 3451 3452
5893 2 3 3 25 0 3451 3604 662
5894 2 3 3 25 0 3605 3452 3289
5895 2 3 3 25 0 3457 3608 3266
5896 2 3 3 25 0 3609 2700 2885
5897 2 3 3 25 0 3181 3610 2594
5898 2 3 3 25 0 2668 3615 3141
5899 2 3 3 25 0 2767 3617 27
5900 2 3 3 25 0 3620 274 275
5901 2 3 3 25 0 3620 2968 3415
5902 2 3 3 25 0 2968 3620 275
5903 2 3 3 25 0 3622 2961 3036
5904 2 3 3 25 0 3623 3010 2902
5905 2 3 3 25 0 2690 3624 3242
5906 2 3 3 25 0 2622 3628 2361
5907 2 3 3 25 0 3628 2622 3158
5908 2 3 3 25 0 3630 3013 2686
5909 2 3 3 25 0 3633 399 400
5910 2 3 3 25 0 341 3638 340
5911 2 3 3 25 0 3639 190 191
5912 2 3 3 25 0 190 3639 3034
5913 2 3 3 25 0 2882 3640 2883
5914 2 3 3 25 0 3640 3143 2883
5915 2 3 3 25 0 3644 378 379
5916 2 3 3 25 0 449 3647 448
5917 2 3 3 25 0 3648 2528 2967
5918 2 3 3 25 0 2838 3650 3205
5919 2 3 3 25 0 3650 3204 3205
5920 2 3 3 25 0 3652 3207 3651
5921 2 3 3 25 0 372 3653 371
5922 2 3 3 25 0 3156 3654 3446
5923 2 3 3 25 0 3660 3289 3451
5924 2 3 3 25 0 3662 2898 3407
5925 2 3 3 25 0 3109 3662 3407
5926 2 3 3 25 0 2540 3669 3304
5927 2 3 3 25 0 3669 3232 3304
5928 2 3 3 25 0 3671 3234 2318
5929 2 3 3 25 0 3237 3672 3030
5930 2 3 3 25 0 2853 3673 2486
5931 2 3 3 25 0 3673 3238 2486
5932 2 3 3 25 0 3685 3116 2930
5933 2 3 3 25 0 3687 3340 3686
5934 2 3 3 25 0 3265 3687 3686
5935 2 3 3 25 0 3689 3353 3688
5936 2 3 3 25 0 3695 2803 3467
5937 2 3 3 25 0 2333 3706 2334
5938 2 3 3 25 0 3707 2990 2839
5939 2 3 3 25 0 2678 3710 3577
5940 2 3 3 25 0 243 3723 242
5941 2 3 3 25 0 3725 2632 2423
5942 2 3 3 25 0 2632 3725 3339
5943 2 3 3 25 0 3727 2707 2705
5944 2 3 3 25 0 3309 3728 2412
5945 2 3 3 25 0 3086 3732 2711
5946 2 3 3 25 0 3732 3323 2711
5947 2 3 3 25 0 3735 3329 3594
5948 2 3 3 25 0 3329 3735 2627
5949 2 3 3 25 0 3736 3387 3594
5950 2 3 3 25 0 3329 3736 3594
5951 2 3 3 25 0 3737 373 2748
5952 2 3 3 25 0 3330 3737 2748
5953 2 3 3 25 0 449 3738 3647
5954 2 3 3 25 0 3738 3331 3647
5955 2 3 3 25 0 3740 3333 2402
5956 2 3 3 25 0 3745 3340 2915
5957 2 3 3 25 0 3745 2916 3421
5958 2 3 3 25 0 3421 3747 3745
5959 2 3 3 25 0 3747 3340 3745
5960 2 3 3 25 0 3749 3467 2629
5961 2 3 3 25 0 3762 3006 3001
5962 2 3 3 25 0 3359 3762 3001
5963 2 3 3 25 0 3354 3763 2794
5964 2 3 3 25 0 3763 3354 2881
5965 2 3 3 25 0 2491 3764 3269
5966 2 3 3 25 0 3767 3108 3361
5967 2 3 3 25 0 3772 3194 3195
5968 2 3 3 25 0 3367 3772 3195
5969 2 3 3 25 0 3784 3192 3496
5970 2 3 3 25 0 3384 3786 3068
5971 2 3 3 25 0 3387 3788 3594
5972 2 3 3 25 0 3788 3171 3594
5973 2 3 3 25 0 3789 3387 3736
5974 2 3 3 25 0 612 3800 611
5975 2 3 3 25 0 3399 3806 3488
5976 2 3 3 25 0 3806 3293 3488
5977 2 3 3 25 0 3807 3403 3402
5978 2 3 3 25 0 3403 3808 3402
5979 2 3 3 25 0 3808 3403 2328
5980 2 3 3 25 0 3811 194 195
5981 2 3 3 25 0 2485 3815 3814
5982 2 3 3 25 0 202 3822 3560
5983 2 3 3 25 0 3822 3411 3560
5984 2 3 3 25 0 3277 3825 2968
5985 2 3 3 25 0 3825 3415 2968
5986 2 3 3 25 0 3827 554 555
5987 2 3 3 25 0 554 3827 3121
5988 2 3 3 25 0 2379 3829 2836
5989 2 3 3 25 0 3834 3131 3132
5990 2 3 3 25 0 3838 2750 3431
5991 2 3 3 25 0 3432 3838 3431
5992 2 3 3 25 0 3844 3442 3843
5993 2 3 3 25 0 2881 3844 3843
5994 2 3 3 25 0 3450 3855 3854
5995 2 3 3 25 0 3855 3450 3332
5996 2 3 3 25 0 3451 3856 3660
5997 2 3 3 25 0 3856 3060 3660
5998 2 3 3 25 0 3861 3213 3664
5999 2 3 3 25 0 3456 3861 3664
6000 2 3 3 25 0 3862 3456 3704
6001 2 3 3 25 0 3294 3864 2332
6002 2 3 3 25 0 3866 2700 3609
6003 2 3 3 25 0 3254 3875 2407
6004 2 3 3 25 0 3878 3303 2971
6005 2 3 3 25 0 3485 3878 2971
6006 2 3 3 25 0 3879 3486 3373
6007 2 3 3 25 0 3486 3879 2411
6008 2 3 3 25 0 3880 2844 3551
6009 2 3 3 25 0 3491 3880 3551
6010 2 3 3 25 0 3891 2781 3890
6011 2 3 3 25 0 3499 3891 3890
6012 2 3 3 25 0 3893 3499 3890
6013 2 3 3 25 0 3497 3893 3890
6014 2 3 3 25 0 2808 3894 3498
6015 2 3 3 25 0 3894 3499 3498
6016 2 3 3 25 0 2491 3898 3897
6017 2 3 3 25 0 3503 3899 3896
6018 2 3 3 25 0 3899 3505 3896
6019 2 3 3 25 0 3509 3903 3902
6020 2 3 3 25 0 3903 3509 3205
6021 2 3 3 25 0 3140 3904 2456
6022 2 3 3 25 0 3906 3511 3210
6023 2 3 3 25 0 3512 3906 3210
6024 2 3 3 25 0 3915 3411 3596
6025 2 3 3 25 0 2479 158 2372
6026 2 3 3 25 0 2381 2372 2320
6027 2 3 3 25 0 2372 2381 2479
6028 2 3 3 25 0 2390 2993 2623
6029 2 3 3 25 0 2390 3023 2993
6030 2 3 3 25 0 3023 2390 3143
6031 2 3 3 25 0 2573 2427 2322
6032 2 3 3 25 0 2573 2425 2427
6033 2 3 3 25 0 2633 540 541
6034 2 3 3 25 0 541 2632 2633
6035 2 3 3 25 0 2633 2632 3339
6036 2 3 3 25 0 2430 2658 2297
6037 2 3 3 25 0 3251 2547 2642
6038 2 3 3 25 0 3039 3589 2547
6039 2 3 3 25 0 2675 3267 2645
6040 2 3 3 25 0 2963 2900 2732
6041 2 3 3 25 0 3155 2900 2963
6042 2 3 3 25 0 2842 3155 2963
6043 2 3 3 25 0 2993 2600 2623
6044 2 3 3 25 0 2993 2785 2600
6045 2 3 3 25 0 2993 3758 2785
6046 2 3 3 25 0 3020 2596 2760
6047 2 3 3 25 0 3016 3368 3043
6048 2 3 3 25 0 3092 230 231
6049 2 3 3 25 0 2449 3111 2255
6050 2 3 3 25 0 3111 2985 2255
6051 2 3 3 25 0 2985 3111 2314
6052 2 3 3 25 0 2449 3109 3111
6053 2 3 3 25 0 2511 3191 2727
6054 2 3 3 25 0 3191 2511 2954
6055 2 3 3 25 0 3208 2702 2935
6056 2 3 3 25 0 2702 3208 2753
6057 2 3 3 25 0 2935 2975 3208
6058 2 3 3 25 0 3208 2536 2753
6059 2 3 3 25 0 3011 3119 2461
6060 2 3 3 25 0 2670 2355 3082
6061 2 3 3 25 0 3091 2402 3333
6062 2 3 3 25 0 3145 2790 2884
6063 2 3 3 25 0 317 2500 3145
6064 2 3 3 25 0 3145 2854 317
6065 2 3 3 25 0 2828 3248 3177
6066 2 3 3 25 0 3359 2828 3177
6067 2 3 3 25 0 2588 3222 2998
6068 2 3 3 25 0 2697 2991 3222
6069 2 3 3 25 0 2998 3222 2991
6070 2 3 3 25 0 3228 254 255
6071 2 3 3 25 0 3228 253 254
6072 2 3 3 25 0 255 2813 3228
6073 2 3 3 25 0 2813 2607 3228
6074 2 3 3 25 0 2346 3246 64
6075 2 3 3 25 0 3246 2346 2345
6076 2 3 3 25 0 3246 2618 2780
6077 2 3 3 25 0 2618 3246 2345
6078 2 3 3 25 0 3247 7 2789
6079 2 3 3 25 0 7 3247 149
6080 2 3 3 25 0 2830 149 3247
6081 2 3 3 25 0 2312 3249 2815
6082 2 3 3 25 0 2815 3249 2236
6083 2 3 3 25 0 3249 2335 2236
6084 2 3 3 25 0 3104 2335 3249
6085 2 3 3 25 0 3253 468 469
6086 2 3 3 25 0 2421 3253 469
6087 2 3 3 25 0 3253 2421 2763
6088 2 3 3 25 0 2763 2983 3253
6089 2 3 3 25 0 3264 3326 2980
6090 2 3 3 25 0 3326 3264 2981
6091 2 3 3 25 0 2667 3270 2316
6092 2 3 3 25 0 3270 3430 2316
6093 2 3 3 25 0 2601 2964 3270
6094 2 3 3 25 0 3270 2667 2601
6095 2 3 3 25 0 167 3278 166
6096 2 3 3 25 0 2784 2948 3292
6097 2 3 3 25 0 587 3300 586
6098 2 3 3 25 0 3300 3198 586
6099 2 3 3 25 0 3348 2823 3311
6100 2 3 3 25 0 2824 3104 3311
6101 2 3 3 25 0 2252 3311 2298
6102 2 3 3 25 0 2252 3307 3311
6103 2 3 3 25 0 3311 3307 2824
6104 2 3 3 25 0 3311 2823 2298
6105 2 3 3 25 0 3317 2408 2310
6106 2 3 3 25 0 3317 2310 2862
6107 2 3 3 25 0 3319 2724 3318
6108 2 3 3 25 0 3389 3335 224
6109 2 3 3 25 0 3335 3440 3188
6110 2 3 3 25 0 2597 3342 2512
6111 2 3 3 25 0 3343 3214 3212
6112 2 3 3 25 0 3002 3853 3344
6113 2 3 3 25 0 3104 3103 3348
6114 2 3 3 25 0 3311 3104 3348
6115 2 3 3 25 0 3327 3358 2772
6116 2 3 3 25 0 3358 3100 2477
6117 2 3 3 25 0 2477 2772 3358
6118 2 3 3 25 0 2267 3054 3380
6119 2 3 3 25 0 2610 3380 2265
6120 2 3 3 25 0 2483 2265 3380
6121 2 3 3 25 0 3380 3054 2483
6122 2 3 3 25 0 3170 2493 3393
6123 2 3 3 25 0 3394 2910 2676
6124 2 3 3 25 0 2910 3394 2438
6125 2 3 3 25 0 3400 3044 3135
6126 2 3 3 25 0 3401 3135 3134
6127 2 3 3 25 0 3400 3135 3401
6128 2 3 3 25 0 3404 83 84
6129 2 3 3 25 0 3824 2340 3410
6130 2 3 3 25 0 3414 3820 2484
6131 2 3 3 25 0 3500 3419 2525
6132 2 3 3 25 0 2750 2326 3422
6133 2 3 3 25 0 3442 3842 3443
6134 2 3 3 25 0 3447 3002 3349
6135 2 3 3 25 0 3448 3156 3447
6136 2 3 3 25 0 3349 3448 3447
6137 2 3 3 25 0 2723 3076 3458
6138 2 3 3 25 0 3458 3351 3266
6139 2 3 3 25 0 3820 3460 2484
6140 2 3 3 25 0 3460 3229 3008
6141 2 3 3 25 0 2493 3464 2429
6142 2 3 3 25 0 3464 2493 3170
6143 2 3 3 25 0 3464 2695 2429
6144 2 3 3 25 0 3465 2927 2868
6145 2 3 3 25 0 3475 3474 3276
6146 2 3 3 25 0 3474 3475 2872
6147 2 3 3 25 0 2557 3461 3479
6148 2 3 3 25 0 3877 3429 3482
6149 2 3 3 25 0 3484 3279 2811
6150 2 3 3 25 0 3484 3361 3108
6151 2 3 3 25 0 3279 3484 3108
6152 2 3 3 25 0 3495 2662 2997
6153 2 3 3 25 0 2745 3503 3502
6154 2 3 3 25 0 3502 3697 2745
6155 2 3 3 25 0 2832 2356 2358
6156 2 3 3 25 0 2915 2746 2558
6157 2 3 3 25 0 168 3278 167
6158 2 3 3 25 0 3559 2241 3278
6159 2 3 3 25 0 3207 324 325
6160 2 3 3 25 0 3122 3420 3383
6161 2 3 3 25 0 3693 3383 3420
6162 2 3 3 25 0 3281 2786 3096
6163 2 3 3 25 0 2661 3449 3448
6164 2 3 3 25 0 3449 3156 3448
6165 2 3 3 25 0 3843 3442 3443
6166 2 3 3 25 0 3365 3035 2611
6167 2 3 3 25 0 3070 3385 3069
6168 2 3 3 25 0 3460 3008 3346
6169 2 3 3 25 0 3419 3500 3121
6170 2 3 3 25 0 2281 3519 599
6171 2 3 3 25 0 2770 3520 2268
6172 2 3 3 25 0 3520 2684 2268
6173 2 3 3 25 0 2776 3078 3521
6174 2 3 3 25 0 3521 3391 2776
6175 2 3 3 25 0 3523 2279 2358
6176 2 3 3 25 0 3525 2340 3235
6177 2 3 3 25 0 771 3526 2248
6178 2 3 3 25 0 3229 3527 3008
6179 2 3 3 25 0 3528 620 621
6180 2 3 3 25 0 2355 3528 3082
6181 2 3 3 25 0 620 3528 2355
6182 2 3 3 25 0 3529 353 354
6183 2 3 3 25 0 3070 2595 3529
6184 2 3 3 25 0 3530 3536 642
6185 2 3 3 25 0 3531 2401 2521
6186 2 3 3 25 0 3531 2986 2401
6187 2 3 3 25 0 3531 550 551
6188 2 3 3 25 0 2243 2945 3532
6189 2 3 3 25 0 2945 2944 3532
6190 2 3 3 25 0 3132 3533 2430
6191 2 3 3 25 0 2658 2430 3533
6192 2 3 3 25 0 3132 3365 3533
6193 2 3 3 25 0 2611 3010 3533
6194 2 3 3 25 0 3365 2611 3533
6195 2 3 3 25 0 3010 3623 3533
6196 2 3 3 25 0 2974 641 3536
6197 2 3 3 25 0 2751 2974 3536
6198 2 3 3 25 0 3536 3530 2751
6199 2 3 3 25 0 2229 3538 3287
6200 2 3 3 25 0 3540 2225 2651
6201 2 3 3 25 0 2225 3540 3522
6202 2 3 3 25 0 3161 3540 2467
6203 2 3 3 25 0 3540 3161 2917
6204 2 3 3 25 0 2575 2844 3545
6205 2 3 3 25 0 3044 2728 3545
6206 2 3 3 25 0 2692 3546 2924
6207 2 3 3 25 0 3546 2692 2400
6208 2 3 3 25 0 2799 3546 2400
6209 2 3 3 25 0 2906 3546 2799
6210 2 3 3 25 0 2906 3256 3546
6211 2 3 3 25 0 3352 3546 3256
6212 2 3 3 25 0 3548 504 3045
6213 2 3 3 25 0 3548 503 504
6214 2 3 3 25 0 3548 2961 2354
6215 2 3 3 25 0 503 3548 2354
6216 2 3 3 25 0 359 3549 358
6217 2 3 3 25 0 3786 3549 3068
6218 2 3 3 25 0 3551 3550 3491
6219 2 3 3 25 0 3550 3551 3541
6220 2 3 3 25 0 3647 3552 448
6221 2 3 3 25 0 3553 2966 2805
6222 2 3 3 25 0 2956 3065 3556
6223 2 3 3 25 0 3067 3093 3556
6224 2 3 3 25 0 3238 3558 2486
6225 2 3 3 25 0 2241 3559 2825
6226 2 3 3 25 0 2766 2741 3560
6227 2 3 3 25 0 3411 3915 3560
6228 2 3 3 25 0 3561 551 552
6229 2 3 3 25 0 3561 3531 551
6230 2 3 3 25 0 3500 3561 3121
6231 2 3 3 25 0 2723 3564 2722
6232 2 3 3 25 0 3458 3564 2723
6233 2 3 3 25 0 3469 3101 3565
6234 2 3 3 25 0 3660 3060 3566
6235 2 3 3 25 0 3568 175 2341
6236 2 3 3 25 0 3638 341 3570
6237 2 3 3 25 0 3570 3251 2642
6238 2 3 3 25 0 3254 3572 2724
6239 2 3 3 25 0 3572 3318 2724
6240 2 3 3 25 0 2891 3572 3254
6241 2 3 3 25 0 3318 3572 3317
6242 2 3 3 25 0 3829 2379 3573
6243 2 3 3 25 0 3202 3507 3574
6244 2 3 3 25 0 3574 3508 3202
6245 2 3 3 25 0 3412 3077 3574
6246 2 3 3 25 0 3508 3574 3200
6247 2 3 3 25 0 3580 3025 2631
6248 2 3 3 25 0 2756 3581 3197
6249 2 3 3 25 0 3513 3581 3320
6250 2 3 3 25 0 3513 3907 3581
6251 2 3 3 25 0 2934 3582 2702
6252 2 3 3 25 0 3583 2414 2513
6253 2 3 3 25 0 3583 2513 2460
6254 2 3 3 25 0 2396 3583 2460
6255 2 3 3 25 0 3584 3023 3354
6256 2 3 3 25 0 3023 3584 2993
6257 2 3 3 25 0 3758 2993 3584
6258 2 3 3 25 0 3592 3784 3496
6259 2 3 3 25 0 355 3593 354
6260 2 3 3 25 0 3593 3529 354
6261 2 3 3 25 0 3593 3070 3529
6262 2 3 3 25 0 3599 3140 3432
6263 2 3 3 25 0 3904 3140 3599
6264 2 3 3 25 0 3141 3599 3432
6265 2 3 3 25 0 3600 2885 3148
6266 2 3 3 25 0 3602 3601 3436
6267 2 3 3 25 0 2332 3607 3350
6268 2 3 3 25 0 3165 3608 3457
6269 2 3 3 25 0 2889 3610 3552
6270 2 3 3 25 0 3610 3181 3552
6271 2 3 3 25 0 2713 3612 2352
6272 2 3 3 25 0 3612 3092 2407
6273 2 3 3 25 0 3875 3612 2407
6274 2 3 3 25 0 3615 3599 3141
6275 2 3 3 25 0 3616 3215 2435
6276 2 3 3 25 0 27 3617 26
6277 2 3 3 25 0 3619 3138 2684
6278 2 3 3 25 0 2684 3520 3619
6279 2 3 3 25 0 3621 3355 2956
6280 2 3 3 25 0 3022 3621 2853
6281 2 3 3 25 0 3009 3622 3036
6282 2 3 3 25 0 3533 3623 2658
6283 2 3 3 25 0 2625 2658 3623
6284 2 3 3 25 0 2902 2625 3623
6285 2 3 3 25 0 2892 3624 2690
6286 2 3 3 25 0 397 3626 396
6287 2 3 3 25 0 398 3626 397
6288 2 3 3 25 0 3626 3627 3059
6289 2 3 3 25 0 3626 398 3627
6290 2 3 3 25 0 2686 2361 3628
6291 2 3 3 25 0 3629 3628 3158
6292 2 3 3 25 0 3628 3630 2686
6293 2 3 3 25 0 3631 3628 3629
6294 2 3 3 25 0 3629 2905 2465
6295 2 3 3 25 0 3309 3629 2465
6296 2 3 3 25 0 3158 2905 3629
6297 2 3 3 25 0 3630 2652 3013
6298 2 3 3 25 0 3631 2412 3324
6299 2 3 3 25 0 2652 3631 3324
6300 2 3 3 25 0 2652 3630 3631
6301 2 3 3 25 0 3630 3628 3631
6302 2 3 3 25 0 3050 3474 3632
6303 2 3 3 25 0 3632 3656 3633
6304 2 3 3 25 0 2971 3635 3485
6305 2 3 3 25 0 3637 3168 3463
6306 2 3 3 25 0 3638 2792 339
6307 2 3 3 25 0 3638 339 340
6308 2 3 3 25 0 3034 3639 3129
6309 2 3 3 25 0 192 3639 191
6310 2 3 3 25 0 192 3252 3639
6311 2 3 3 25 0 2881 3640 2882
6312 2 3 3 25 0 3640 3023 3143
6313 2 3 3 25 0 2648 3805 3646
6314 2 3 3 25 0 3648 3195 3194
6315 2 3 3 25 0 3263 3195 3648
6316 2 3 3 25 0 3648 2967 3263
6317 2 3 3 25 0 3648 2631 2528
6318 2 3 3 25 0 3204 3649 3225
6319 2 3 3 25 0 3650 2559 3029
6320 2 3 3 25 0 2559 3650 2838
6321 2 3 3 25 0 3204 3650 3029
6322 2 3 3 25 0 2334 3654 2451
6323 2 3 3 25 0 3449 2451 3654
6324 2 3 3 25 0 3156 3449 3654
6325 2 3 3 25 0 3627 3633 3656
6326 2 3 3 25 0 2980 3657 3264
6327 2 3 3 25 0 3264 3657 2831
6328 2 3 3 25 0 3659 665 666
6329 2 3 3 25 0 665 3659 664
6330 2 3 3 25 0 3659 2284 664
6331 2 3 3 25 0 3012 3662 2473
6332 2 3 3 25 0 3662 3012 2898
6333 2 3 3 25 0 3662 3109 2473
6334 2 3 3 25 0 3669 575 576
6335 2 3 3 25 0 575 3669 2540
6336 2 3 3 25 0 3232 3669 576
6337 2 3 3 25 0 3030 3672 2997
6338 2 3 3 25 0 3495 2997 3672
6339 2 3 3 25 0 3673 2853 2585
6340 2 3 3 25 0 3569 3238 3674
6341 2 3 3 25 0 3673 3674 3238
6342 2 3 3 25 0 3674 3673 2585
6343 2 3 3 25 0 3666 2955 3675
6344 2 3 3 25 0 3666 3675 2992
6345 2 3 3 25 0 2954 3490 3677
6346 2 3 3 25 0 768 3678 767
6347 2 3 3 25 0 3678 768 2271
6348 2 3 3 25 0 767 3678 3679
6349 2 3 3 25 0 3680 2801 2402
6350 2 3 3 25 0 2402 3091 3680
6351 2 3 3 25 0 3177 3683 3042
6352 2 3 3 25 0 3614 3684 3493
6353 2 3 3 25 0 3147 2790 3685
6354 2 3 3 25 0 2790 3313 3685
6355 2 3 3 25 0 3685 3313 3116
6356 2 3 3 25 0 3259 3147 3685
6357 2 3 3 25 0 246 3265 3686
6358 2 3 3 25 0 3687 2747 2746
6359 2 3 3 25 0 2747 3687 3265
6360 2 3 3 25 0 3340 3687 2746
6361 2 3 3 25 0 3353 2707 3688
6362 2 3 3 25 0 2896 2645 3688
6363 2 3 3 25 0 2433 2896 3688
6364 2 3 3 25 0 3688 2937 2433
6365 2 3 3 25 0 3689 3120 3353
6366 2 3 3 25 0 3120 3689 2786
6367 2 3 3 25 0 3692 677 678
6368 2 3 3 25 0 3597 3693 3420
6369 2 3 3 25 0 3693 3694 3383
6370 2 3 3 25 0 3699 2327 3403
6371 2 3 3 25 0 2509 3319 3700
6372 2 3 3 25 0 3319 3318 3700
6373 2 3 3 25 0 3371 3775 3701
6374 2 3 3 25 0 3055 3706 2333
6375 2 3 3 25 0 3171 3706 3055
6376 2 3 3 25 0 3707 3290 2679
6377 2 3 3 25 0 3707 2679 748
6378 2 3 3 25 0 2990 3707 749
6379 2 3 3 25 0 749 3707 748
6380 2 3 3 25 0 3709 3702 3522
6381 2 3 3 25 0 3290 3709 2917
6382 2 3 3 25 0 3709 3540 2917
6383 2 3 3 25 0 3540 3709 3522
6384 2 3 3 25 0 2648 3710 2678
6385 2 3 3 25 0 2648 3646 3710
6386 2 3 3 25 0 3646 3162 3710
6387 2 3 3 25 0 3710 3711 3577
6388 2 3 3 25 0 3712 3291 2405
6389 2 3 3 25 0 3712 2405 2634
6390 2 3 3 25 0 2636 3712 2634
6391 2 3 3 25 0 3543 3713 3293
6392 2 3 3 25 0 3714 3285 3295
6393 2 3 3 25 0 3717 29 30
6394 2 3 3 25 0 3179 3719 3176
6395 2 3 3 25 0 3721 2613 2256
6396 2 3 3 25 0 2459 3234 3721
6397 2 3 3 25 0 3282 3124 3722
6398 2 3 3 25 0 3123 3723 3032
6399 2 3 3 25 0 3723 3123 242
6400 2 3 3 25 0 3352 3725 2423
6401 2 3 3 25 0 3256 2465 3725
6402 2 3 3 25 0 2905 3725 2465
6403 2 3 3 25 0 3725 3352 3256
6404 2 3 3 25 0 3725 2905 3339
6405 2 3 3 25 0 3040 2613 3726
6406 2 3 3 25 0 2360 3728 3309
6407 2 3 3 25 0 2702 3730 2935
6408 2 3 3 25 0 3730 2702 3582
6409 2 3 3 25 0 3732 327 328
6410 2 3 3 25 0 327 3732 3086
6411 2 3 3 25 0 3323 3732 328
6412 2 3 3 25 0 3233 3670 3734
6413 2 3 3 25 0 2627 3735 2826
6414 2 3 3 25 0 2826 3735 3055
6415 2 3 3 25 0 3737 372 373
6416 2 3 3 25 0 372 3737 3653
6417 2 3 3 25 0 3737 3330 3653
6418 2 3 3 25 0 3738 450 2566
6419 2 3 3 25 0 450 3738 449
6420 2 3 3 25 0 3331 3738 2566
6421 2 3 3 25 0 3739 3331 2566
6422 2 3 3 25 0 3007 3740 2801
6423 2 3 3 25 0 2801 3740 2402
6424 2 3 3 25 0 3741 3488 3293
6425 2 3 3 25 0 3293 3713 3741
6426 2 3 3 25 0 3742 589 590
6427 2 3 3 25 0 3336 3742 590
6428 2 3 3 25 0 3337 2945 3744
6429 2 3 3 25 0 2893 3746 3124
6430 2 3 3 25 0 3746 2893 3686
6431 2 3 3 25 0 3340 3746 3686
6432 2 3 3 25 0 3124 3746 3747
6433 2 3 3 25 0 3747 3722 3124
6434 2 3 3 25 0 3421 3186 3747
6435 2 3 3 25 0 3746 3340 3747
6436 2 3 3 25 0 2670 3748 2409
6437 2 3 3 25 0 3748 2857 2409
6438 2 3 3 25 0 3172 3750 2629
6439 2 3 3 25 0 3473 3750 3172
6440 2 3 3 25 0 3296 2296 3753
6441 2 3 3 25 0 3754 3753 2296
6442 2 3 3 25 0 2830 3755 3103
6443 2 3 3 25 0 3755 2830 3247
6444 2 3 3 25 0 3756 3294 2332
6445 2 3 3 25 0 3756 3697 3294
6446 2 3 3 25 0 3697 3756 3698
6447 2 3 3 25 0 3757 3019 2793
6448 2 3 3 25 0 3019 3757 3412
6449 2 3 3 25 0 3412 3757 3077
6450 2 3 3 25 0 3758 3009 2785
6451 2 3 3 25 0 3388 3009 3758
6452 2 3 3 25 0 2574 3760 2522
6453 2 3 3 25 0 2724 2722 3761
6454 2 3 3 25 0 3006 3762 3136
6455 2 3 3 25 0 3268 3762 3359
6456 2 3 3 25 0 3843 3763 2881
6457 2 3 3 25 0 2490 3764 2491
6458 2 3 3 25 0 2306 3765 2563
6459 2 3 3 25 0 3765 3667 2563
6460 2 3 3 25 0 3766 3767 3361
6461 2 3 3 25 0 3108 3767 3424
6462 2 3 3 25 0 3766 3128 3767
6463 2 3 3 25 0 2870 3271 3770
6464 2 3 3 25 0 3624 2892 3771
6465 2 3 3 25 0 3588 3772 3367
6466 2 3 3 25 0 3368 3858 3773
6467 2 3 3 25 0 3900 3506 3776
6468 2 3 3 25 0 3487 3372 3778
6469 2 3 3 25 0 2674 2418 3781
6470 2 3 3 25 0 3781 3377 2674
6471 2 3 3 25 0 3783 285 2524
6472 2 3 3 25 0 2373 3783 2524
6473 2 3 3 25 0 2965 3783 2373
6474 2 3 3 25 0 3783 284 285
6475 2 3 3 25 0 2965 2703 3784
6476 2 3 3 25 0 3192 3784 2703
6477 2 3 3 25 0 3786 3384 3385
6478 2 3 3 25 0 3585 3786 3385
6479 2 3 3 25 0 3787 3596 3386
6480 2 3 3 25 0 3596 3787 3518
6481 2 3 3 25 0 2695 3788 2272
6482 2 3 3 25 0 3788 3387 2272
6483 2 3 3 25 0 3789 2841 2494
6484 2 3 3 25 0 2841 3789 57
6485 2 3 3 25 0 3387 3789 2494
6486 2 3 3 25 0 2382 2462 3790
6487 2 3 3 25 0 3793 2972 2278
6488 2 3 3 25 0 2565 3793 2278
6489 2 3 3 25 0 3794 2778 3384
6490 2 3 3 25 0 3794 3392 3468
6491 2 3 3 25 0 3794 2596 3004
6492 2 3 3 25 0 2596 3794 3384
6493 2 3 3 25 0 3795 2803 3695
6494 2 3 3 25 0 2456 3797 3140
6495 2 3 3 25 0 3395 3797 2503
6496 2 3 3 25 0 3797 2456 2503
6497 2 3 3 25 0 2326 3797 3084
6498 2 3 3 25 0 3797 2326 3140
6499 2 3 3 25 0 3797 3395 3084
6500 2 3 3 25 0 3798 2641 2720
6501 2 3 3 25 0 3798 3748 2459
6502 2 3 3 25 0 3799 3798 2459
6503 2 3 3 25 0 2466 3799 2256
6504 2 3 3 25 0 2842 3801 2466
6505 2 3 3 25 0 2963 3801 2842
6506 2 3 3 25 0 3801 2963 2962
6507 2 3 3 25 0 3802 2971 3397
6508 2 3 3 25 0 2648 2914 3805
6509 2 3 3 25 0 3805 2914 3751
6510 2 3 3 25 0 3806 3543 3293
6511 2 3 3 25 0 3543 3806 3185
6512 2 3 3 25 0 3402 773 3807
6513 2 3 3 25 0 3402 3808 772
6514 2 3 3 25 0 3808 3526 772
6515 2 3 3 25 0 2328 3169 3808
6516 2 3 3 25 0 3169 3526 3808
6517 2 3 3 25 0 2779 3810 197
6518 2 3 3 25 0 3812 3406 3215
6519 2 3 3 25 0 3616 3812 3215
6520 2 3 3 25 0 3815 2485 3777
6521 2 3 3 25 0 3107 3815 3777
6522 2 3 3 25 0 3815 3107 3816
6523 2 3 3 25 0 3815 3816 3814
6524 2 3 3 25 0 3816 3817 3785
6525 2 3 3 25 0 3817 3565 3101
6526 2 3 3 25 0 3565 3817 3107
6527 2 3 3 25 0 3817 3816 3107
6528 2 3 3 25 0 3460 3820 3229
6529 2 3 3 25 0 3821 2360 3090
6530 2 3 3 25 0 3728 2360 3821
6531 2 3 3 25 0 203 3822 202
6532 2 3 3 25 0 204 3822 203
6533 2 3 3 25 0 3411 3822 2859
6534 2 3 3 25 0 3822 2603 2859
6535 2 3 3 25 0 3822 204 2603
6536 2 3 3 25 0 3559 3823 2825
6537 2 3 3 25 0 3824 3235 2340
6538 2 3 3 25 0 3383 3825 3277
6539 2 3 3 25 0 3383 3694 3825
6540 2 3 3 25 0 273 3826 3416
6541 2 3 3 25 0 274 3826 273
6542 2 3 3 25 0 3415 3826 3620
6543 2 3 3 25 0 3826 274 3620
6544 2 3 3 25 0 3827 3419 3121
6545 2 3 3 25 0 3419 3827 2863
6546 2 3 3 25 0 2836 3829 3085
6547 2 3 3 25 0 3129 3830 3598
6548 2 3 3 25 0 3831 3216 3517
6549 2 3 3 25 0 3831 3425 3562
6550 2 3 3 25 0 3518 3831 3562
6551 2 3 3 25 0 3332 3833 3154
6552 2 3 3 25 0 2331 3834 3132
6553 2 3 3 25 0 3838 2326 2750
6554 2 3 3 25 0 2326 3838 3140
6555 2 3 3 25 0 3838 3432 3140
6556 2 3 3 25 0 3839 3614 3493
6557 2 3 3 25 0 3840 375 376
6558 2 3 3 25 0 375 3840 374
6559 2 3 3 25 0 3601 3840 376
6560 2 3 3 25 0 2748 374 3840
6561 2 3 3 25 0 3840 3330 2748
6562 2 3 3 25 0 3840 3601 3602
6563 2 3 3 25 0 3841 2858 2512
6564 2 3 3 25 0 3343 3841 2512
6565 2 3 3 25 0 3288 3841 3212
6566 2 3 3 25 0 3343 3212 3841
6567 2 3 3 25 0 3841 3031 2858
6568 2 3 3 25 0 3842 3105 2995
6569 2 3 3 25 0 3105 3842 3442
6570 2 3 3 25 0 3288 3443 3842
6571 2 3 3 25 0 3844 2882 2819
6572 2 3 3 25 0 2882 3844 2881
6573 2 3 3 25 0 3442 3844 2819
6574 2 3 3 25 0 3850 3849 3851
6575 2 3 3 25 0 3852 3637 3636
6576 2 3 3 25 0 3446 3853 3002
6577 2 3 3 25 0 3465 3853 3450
6578 2 3 3 25 0 3854 2928 2926
6579 2 3 3 25 0 2927 3854 2926
6580 2 3 3 25 0 2927 3465 3854
6581 2 3 3 25 0 3465 3450 3854
6582 2 3 3 25 0 3855 3154 2327
6583 2 3 3 25 0 2928 3854 3855
6584 2 3 3 25 0 3855 3332 3154
6585 2 3 3 25 0 2284 3856 3451
6586 2 3 3 25 0 3856 2284 3659
6587 2 3 3 25 0 3060 3856 3659
6588 2 3 3 25 0 660 3857 659
6589 2 3 3 25 0 3605 3857 3452
6590 2 3 3 25 0 661 3857 660
6591 2 3 3 25 0 3857 661 3604
6592 2 3 3 25 0 3452 3857 3604
6593 2 3 3 25 0 3858 3368 3016
6594 2 3 3 25 0 3859 3160 3261
6595 2 3 3 25 0 3860 3455 3133
6596 2 3 3 25 0 3455 3860 3163
6597 2 3 3 25 0 3456 3860 3133
6598 2 3 3 25 0 3861 3456 3133
6599 2 3 3 25 0 3770 3861 3133
6600 2 3 3 25 0 3861 3770 3213
6601 2 3 3 25 0 3862 2910 2438
6602 2 3 3 25 0 3860 3456 3862
6603 2 3 3 25 0 3163 3860 3862
6604 2 3 3 25 0 3607 3863 3164
6605 2 3 3 25 0 3544 3863 3371
6606 2 3 3 25 0 3864 3294 3775
6607 2 3 3 25 0 3775 3371 3864
6608 2 3 3 25 0 3371 3863 3864
6609 2 3 3 25 0 3865 3346 3752
6610 2 3 3 25 0 311 3866 310
6611 2 3 3 25 0 3866 311 2700
6612 2 3 3 25 0 3781 3869 3750
6613 2 3 3 25 0 2418 3047 3869
6614 2 3 3 25 0 3869 3781 2418
6615 2 3 3 25 0 3468 3869 3047
6616 2 3 3 25 0 3027 2803 3870
6617 2 3 3 25 0 3795 3870 2803
6618 2 3 3 25 0 2724 3875 3254
6619 2 3 3 25 0 3612 3875 3586
6620 2 3 3 25 0 3877 2411 3429
6621 2 3 3 25 0 2411 3877 3486
6622 2 3 3 25 0 3878 2811 3405
6623 2 3 3 25 0 2811 3878 3485
6624 2 3 3 25 0 2411 3879 3219
6625 2 3 3 25 0 3487 3879 3372
6626 2 3 3 25 0 3879 3487 3483
6627 2 3 3 25 0 3483 3219 3879
6628 2 3 3 25 0 3372 3879 3373
6629 2 3 3 25 0 3880 3491 3613
6630 2 3 3 25 0 3880 3545 2844
6631 2 3 3 25 0 3880 3044 3545
6632 2 3 3 25 0 3044 3880 3613
6633 2 3 3 25 0 3882 3491 3881
6634 2 3 3 25 0 3550 3881 3491
6635 2 3 3 25 0 3491 3882 3613
6636 2 3 3 25 0 2717 3883 2957
6637 2 3 3 25 0 3883 3065 2957
6638 2 3 3 25 0 3884 3882 3881
6639 2 3 3 25 0 3884 3835 3882
6640 2 3 3 25 0 3492 3885 3883
6641 2 3 3 25 0 3065 3885 3556
6642 2 3 3 25 0 3885 3065 3883
6643 2 3 3 25 0 2805 3889 3553
6644 2 3 3 25 0 3891 2404 2781
6645 2 3 3 25 0 2404 3891 2791
6646 2 3 3 25 0 3499 3892 3891
6647 2 3 3 25 0 3892 2791 3891
6648 2 3 3 25 0 3892 2598 2791
6649 2 3 3 25 0 2598 3892 3417
6650 2 3 3 25 0 3893 3497 2805
6651 2 3 3 25 0 3893 3498 3499
6652 2 3 3 25 0 3498 3893 2805
6653 2 3 3 25 0 2416 3894 2808
6654 2 3 3 25 0 3894 2416 3417
6655 2 3 3 25 0 2976 2571 3895
6656 2 3 3 25 0 2380 2538 3895
6657 2 3 3 25 0 2538 2976 3895
6658 2 3 3 25 0 3502 3896 3295
6659 2 3 3 25 0 3896 3502 3503
6660 2 3 3 25 0 3444 3897 3255
6661 2 3 3 25 0 3269 3898 2491
6662 2 3 3 25 0 3199 3899 3503
6663 2 3 3 25 0 3504 3899 3199
6664 2 3 3 25 0 3900 3426 3506
6665 2 3 3 25 0 3902 2989 364
6666 2 3 3 25 0 2989 3902 2982
6667 2 3 3 25 0 3509 3902 364
6668 2 3 3 25 0 3904 3206 3134
6669 2 3 3 25 0 3599 3206 3904
6670 2 3 3 25 0 3904 3134 2616
6671 2 3 3 25 0 3905 2895 3512
6672 2 3 3 25 0 3232 3906 2895
6673 2 3 3 25 0 3906 3232 3511
6674 2 3 3 25 0 3906 3512 2895
6675 2 3 3 25 0 3198 3907 2649
6676 2 3 3 25 0 3301 3907 3198
6677 2 3 3 25 0 3512 3210 3908
6678 2 3 3 25 0 3820 3910 3229
6679 2 3 3 25 0 3414 3911 3910
6680 2 3 3 25 0 3414 3910 3820
6681 2 3 3 25 0 3663 3911 3414
6682 2 3 3 25 0 3912 3911 3516
6683 2 3 3 25 0 3457 3515 3913
6684 2 3 3 25 0 3216 3787 3914
6685 2 3 3 25 0 3560 3915 2766
6686 2 3 3 25 0 3518 3915 3596
6687 2 3 3 25 0 2600 507 508
6688 2 3 3 25 0 508 2623 2600
6689 2 3 3 25 0 2297 3754 2296
6690 2 3 3 25 0 2297 2658 3754
6691 2 3 3 25 0 3505 3898 2364
6692 2 3 3 25 0 2472 2494 2626
6693 2 3 3 25 0 2494 2472 2653
6694 2 3 3 25 0 2546 488 489
6695 2 3 3 25 0 488 2546 2385
6696 2 3 3 25 0 2584 2230 2294
6697 2 3 3 25 0 2230 2584 2439
6698 2 3 3 25 0 3034 3829 3573
6699 2 3 3 25 0 2385 2546 3089
6700 2 3 3 25 0 2261 2252 2305
6701 2 3 3 25 0 2252 2261 2339
6702 2 3 3 25 0 2233 2324 142
6703 2 3 3 25 0 2324 2233 2274
6704 2 3 3 25 0 2464 2544 2761
6705 2 3 3 25 0 2618 2350 2780
6706 2 3 3 25 0 2350 2618 3072
6707 2 3 3 25 0 2671 2461 2245
6708 2 3 3 25 0 2461 2671 2907
6709 2 3 3 25 0 2307 2553 2697
6710 2 3 3 25 0 2553 2307 2313
6711 2 3 3 25 0 2777 2868 2393
6712 2 3 3 25 0 2868 2777 3344
6713 2 3 3 25 0 2663 2903 2904
6714 2 3 3 25 0 2903 2663 3157
6715 2 3 3 25 0 2789 2846 2947
6716 2 3 3 25 0 2846 2789 150
6717 2 3 3 25 0 2710 3074 3101
6718 2 3 3 25 0 3074 2710 3003
6719 2 3 3 25 0 3082 2783 2782
6720 2 3 3 25 0 2783 3082 3528
6721 2 3 3 25 0 3404 2818 83
6722 2 3 3 25 0 2818 3404 2820
6723 2 3 3 25 0 2808 2701 2416
6724 2 3 3 25 0 2701 2808 3305
6725 2 3 3 25 0 3079 2990 750
6726 2 3 3 25 0 3107 3777 3868
6727 2 3 3 25 0 2910 3862 3704
6728 2 3 3 25 0 2910 3704 3821
6729 2 3 3 25 0 2741 200 201
6730 2 3 3 25 0 3560 2741 201
6731 2 3 3 25 0 3117 3414 2484
6732 2 3 3 25 0 3252 3129 3639
6733 2 3 3 25 0 3830 3129 3252
6734 2 3 3 25 0 213 3453 212
6735 2 3 3 25 0 3160 2319 3261
6736 2 3 3 25 0 2319 3160 2913
6737 2 3 3 25 0 582 2419 581
6738 2 3 3 25 0 2937 3688 2707
6739 2 3 3 25 0 2983 2647 2666
6740 2 3 3 25 0 2647 2983 2763
6741 2 3 3 25 0 2424 3070 3069
6742 2 3 3 25 0 3070 2424 2595
6743 2 3 3 25 0 2670 3082 2318
6744 2 3 3 25 0 3234 2670 2318
6745 2 3 3 25 0 3120 2706 3353
6746 2 3 3 25 0 2706 3120 3418
6747 2 3 3 25 0 3539 3194 2892
6748 2 3 3 25 0 2743 3383 3277
6749 2 3 3 25 0 3578 2506 3219
6750 2 3 3 25 0 3424 3128 2865
6751 2 3 3 25 0 3128 3424 3767
6752 2 3 3 25 0 2832 2358 656
6753 2 3 3 25 0 3076 2509 3187
6754 2 3 3 25 0 2509 3076 2723
6755 2 3 3 25 0 3262 423 424
6756 2 3 3 25 0 3244 3262 424
6757 2 3 3 25 0 3163 2438 2654
6758 2 3 3 25 0 2438 3163 3862
6759 2 3 3 25 0 3504 3163 2654
6760 2 3 3 25 0 3163 3504 3199
6761 2 3 3 25 0 3735 3171 3055
6762 2 3 3 25 0 3171 3735 3594
6763 2 3 3 25 0 2938 3793 2565
6764 2 3 3 25 0 3793 2938 3682
6765 2 3 3 25 0 3275 3596 2859
6766 2 3 3 25 0 3596 3275 3386
6767 2 3 3 25 0 777 3302 776
6768 2 3 3 25 0 3302 777 3617
6769 2 3 3 25 0 3579 2356 2832
6770 2 3 3 25 0 3322 3087 2711
6771 2 3 3 25 0 3552 3331 2889
6772 2 3 3 25 0 3331 3552 3647
6773 2 3 3 25 0 2720 2857 3798
6774 2 3 3 25 0 3798 2857 3748
6775 2 3 3 25 0 3345 3261 3418
6776 2 3 3 25 0 3616 3351 3812
6777 2 3 3 25 0 3356 3117 2484
6778 2 3 3 25 0 3589 2642 2547
6779 2 3 3 25 0 3437 3436 3645
6780 2 3 3 25 0 3395 2676 3083
6781 2 3 3 25 0 2676 3395 3394
6782 2 3 3 25 0 2806 3399 2725
6783 2 3 3 25 0 3399 2806 2395
6784 2 3 3 25 0 3406 3567 3215
6785 2 3 3 25 0 3506 3426 3576
6786 2 3 3 25 0 3494 3684 3614
6787 2 3 3 25 0 3454 209 210
6788 2 3 3 25 0 2921 3463 3168
6789 2 3 3 25 0 3463 2921 761
6790 2 3 3 25 0 3368 3481 3043
6791 2 3 3 25 0 366 3509 365
6792 2 3 3 25 0 3509 366 2838
6793 2 3 3 25 0 3562 2766 3518
6794 2 3 3 25 0 2766 3915 3518
6795 2 3 3 25 0 369 3916 2559
6796 2 3 3 25 0 3916 3029 2559
6797 2 3 3 25 0 3917 3133 3455
6798 2 3 3 25 0 2764 3918 3165
6799 2 3 3 25 0 3166 3918 2795
6800 2 3 3 25 0 3918 2764 2795
6801 2 3 3 25 0 3919 2863 3127
6802 2 3 3 25 0 3125 3919 3127
6803 2 3 3 25 0 3920 3445 3804
6804 2 3 3 25 0 3921 3076 3187
6805 2 3 3 25 0 3634 3921 3187
6806 2 3 3 25 0 3076 3921 3635
6807 2 3 3 25 0 3922 3218 3060
6808 2 3 3 25 0 3659 3922 3060
6809 2 3 3 25 0 3924 3733 3664
6810 2 3 3 25 0 3925 3334 2708
6811 2 3 3 25 0 3741 3925 2708
6812 2 3 3 25 0 3803 3926 3889
6813 2 3 3 25 0 3927 3613 3882
6814 2 3 3 25 0 3835 3927 3882
6815 2 3 3 25 0 3513 3928 2419
6816 2 3 3 25 0 3928 3908 2419
6817 2 3 3 25 0 3929 3151 3796
6818 2 3 3 25 0 3342 3932 2512
6819 2 3 3 25 0 3932 3343 2512
6820 2 3 3 25 0 3934 2863 3919
6821 2 3 3 25 0 3423 3934 3919
6822 2 3 3 25 0 3415 3939 3826
6823 2 3 3 25 0 3939 3415 3274
6824 2 3 3 25 0 3588 3940 3772
6825 2 3 3 25 0 3940 3771 3772
6826 2 3 3 25 0 2630 3941 3367
6827 2 3 3 25 0 3941 3588 3367
6828 2 3 3 25 0 3066 3944 2436
6829 2 3 3 25 0 3944 3603 2436
6830 2 3 3 25 0 3945 753 3355
6831 2 3 3 25 0 3621 3945 3355
6832 2 3 3 25 0 3278 3947 3559
6833 2 3 3 25 0 3947 3661 3559
6834 2 3 3 25 0 3722 3951 3282
6835 2 3 3 25 0 3951 3723 3282
6836 2 3 3 25 0 3721 3954 2613
6837 2 3 3 25 0 3954 3726 2613
6838 2 3 3 25 0 3955 2984 2481
6839 2 3 3 25 0 3743 3957 3196
6840 2 3 3 25 0 3067 3958 3093
6841 2 3 3 25 0 3958 3751 3093
6842 2 3 3 25 0 3959 3398 3805
6843 2 3 3 25 0 3751 3959 3805
6844 2 3 3 25 0 3965 3544 3371
6845 2 3 3 25 0 3966 283 284
6846 2 3 3 25 0 3783 3966 284
6847 2 3 3 25 0 3967 3759 3961
6848 2 3 3 25 0 3790 3967 3961
6849 2 3 3 25 0 3968 2641 3396
6850 2 3 3 25 0 3800 3968 3396
6851 2 3 3 25 0 3969 3425 3830
6852 2 3 3 25 0 3970 3705 3950
6853 2 3 3 25 0 3971 2436 2694
6854 2 3 3 25 0 3835 3971 2694
6855 2 3 3 25 0 2436 3971 3066
6856 2 3 3 25 0 3876 3975 2718
6857 2 3 3 25 0 2501 3978 3920
6858 2 3 3 25 0 3978 3887 3920
6859 2 3 3 25 0 3979 3597 3553
6860 2 3 3 25 0 3889 3979 3553
6861 2 3 3 25 0 3981 3567 3229
6862 2 3 3 25 0 3910 3981 3229
6863 2 3 3 25 0 2362 3982 2774
6864 2 3 3 25 0 3982 2687 2774
6865 2 3 3 25 0 3983 596 597
6866 2 3 3 25 0 3983 2362 2321
6867 2 3 3 25 0 596 3983 2321
6868 2 3 3 25 0 3985 357 358
6869 2 3 3 25 0 3549 3985 358
6870 2 3 3 25 0 3987 3118 2340
6871 2 3 3 25 0 3525 3987 2340
6872 2 3 3 25 0 3258 3988 2487
6873 2 3 3 25 0 3988 3848 2487
6874 2 3 3 25 0 3989 687 688
6875 2 3 3 25 0 3989 3248 2828
6876 2 3 3 25 0 687 3989 2828
6877 2 3 3 25 0 407 3990 406
6878 2 3 3 25 0 3994 3813 3406
6879 2 3 3 25 0 3995 3346 3865
6880 2 3 3 25 0 3459 3995 3865
6881 2 3 3 25 0 763 3996 762
6882 2 3 3 25 0 3996 3463 762
6883 2 3 3 25 0 3476 3997 3925
6884 2 3 3 25 0 3997 3334 3925
6885 2 3 3 25 0 3998 2979 2751
6886 2 3 3 25 0 3874 3998 2751
6887 2 3 3 25 0 4002 2708 410
6888 2 3 3 25 0 3489 4002 410
6889 2 3 3 25 0 4004 3333 3740
6890 2 3 3 25 0 3590 4004 3740
6891 2 3 3 25 0 3425 4006 3830
6892 2 3 3 25 0 4006 3598 3830
6893 2 3 3 25 0 2343 2337 2768
6894 2 3 3 25 0 2337 2343 2477
6895 2 3 3 25 0 2418 2322 2427
6896 2 3 3 25 0 2322 2418 2674
6897 2 3 3 25 0 2418 2427 2247
6898 2 3 3 25 0 2601 419 420
6899 2 3 3 25 0 419 2601 2667
6900 2 3 3 25 0 2283 2579 683
6901 2 3 3 25 0 2579 2283 3001
6902 2 3 3 25 0 2670 2459 3748
6903 2 3 3 25 0 2459 2670 3234
6904 2 3 3 25 0 2732 2444 2656
6905 2 3 3 25 0 2444 2732 2951
6906 2 3 3 25 0 2305 2773 2261
6907 2 3 3 25 0 2773 2305 2231
6908 2 3 3 25 0 2787 2464 2383
6909 2 3 3 25 0 2850 2849 2446
6910 2 3 3 25 0 2849 2850 2581
6911 2 3 3 25 0 2894 2564 3152
6912 2 3 3 25 0 2909 433 434
6913 2 3 3 25 0 3930 2709 2856
6914 2 3 3 25 0 2701 288 289
6915 2 3 3 25 0 288 2701 2734
6916 2 3 3 25 0 2793 2385 3757
6917 2 3 3 25 0 2671 3126 2533
6918 2 3 3 25 0 3126 2671 3033
6919 2 3 3 25 0 2870 3917 3698
6920 2 3 3 25 0 2987 431 432
6921 2 3 3 25 0 3026 3962 2574
6922 2 3 3 25 0 3962 3760 2574
6923 2 3 3 25 0 559 3125 558
6924 2 3 3 25 0 2522 3166 2795
6925 2 3 3 25 0 3166 2522 3760
6926 2 3 3 25 0 3173 2660 2347
6927 2 3 3 25 0 3210 578 579
6928 2 3 3 25 0 578 3210 3511
6929 2 3 3 25 0 2296 3296 3590
6930 2 3 3 25 0 3171 2695 3464
6931 2 3 3 25 0 2695 3171 3788
6932 2 3 3 25 0 2791 3220 3088
6933 2 3 3 25 0 3220 2791 2598
6934 2 3 3 25 0 2478 3242 2688
6935 2 3 3 25 0 3258 2921 3462
6936 2 3 3 25 0 2921 3258 2391
6937 2 3 3 25 0 3370 3478 2488
6938 2 3 3 25 0 323 3375 322
6939 2 3 3 25 0 323 3946 3375
6940 2 3 3 25 0 3946 3652 3375
6941 2 3 3 25 0 3376 3942 3303
6942 2 3 3 25 0 3942 3595 3303
6943 2 3 3 25 0 3440 3389 3026
6944 2 3 3 25 0 3389 3440 3335
6945 2 3 3 25 0 3417 2855 2599
6946 2 3 3 25 0 3417 2599 2598
6947 2 3 3 25 0 2745 3455 3503
6948 2 3 3 25 0 3455 2745 3917
6949 2 3 3 25 0 2946 3478 3370
6950 2 3 3 25 0 3243 3513 2419
6951 2 3 3 25 0 3513 3243 2649
6952 2 3 3 25 0 3513 2649 3907
6953 2 3 3 25 0 3497 3890 3888
6954 2 3 3 25 0 2690 3539 2892
6955 2 3 3 25 0 3549 2504 3068
6956 2 3 3 25 0 3553 3420 3192
6957 2 3 3 25 0 3420 3553 3597
6958 2 3 3 25 0 3567 3527 3229
6959 2 3 3 25 0 3571 3137 2680
6960 2 3 3 25 0 3115 3574 3507
6961 2 3 3 25 0 3574 3115 3412
6962 2 3 3 25 0 3591 3274 3694
6963 2 3 3 25 0 3598 3085 3829
6964 2 3 3 25 0 3621 2270 2853
6965 2 3 3 25 0 2270 3621 2956
6966 2 3 3 25 0 3922 666 667
6967 2 3 3 25 0 666 3922 3659
6968 2 3 3 25 0 3923 2527 3668
6969 2 3 3 25 0 3248 3683 3177
6970 2 3 3 25 0 3691 3949 2389
6971 2 3 3 25 0 3949 3692 2389
6972 2 3 3 25 0 3702 3287 2520
6973 2 3 3 25 0 3287 3702 2229
6974 2 3 3 25 0 3290 3707 2839
6975 2 3 3 25 0 3708 3290 2839
6976 2 3 3 25 0 3730 2804 2935
6977 2 3 3 25 0 3924 3324 2412
6978 2 3 3 25 0 3736 57 3789
6979 2 3 3 25 0 3459 3759 3356
6980 2 3 3 25 0 3927 2344 3613
6981 2 3 3 25 0 2344 3927 3575
6982 2 3 3 25 0 3345 3859 3261
6983 2 3 3 25 0 3885 3067 3556
6984 2 3 3 25 0 3977 3067 3885
6985 2 3 3 25 0 3886 3977 3885
6986 2 3 3 25 0 3928 3513 3320
6987 2 3 3 25 0 3905 3928 3320
6988 2 3 3 25 0 3908 3905 3512
6989 2 3 3 25 0 3905 3908 3928
6990 2 3 3 25 0 2811 3980 3405
6991 2 3 3 25 0 3066 3883 2717
6992 2 3 3 25 0 2507 3066 2717
6993 2 3 3 25 0 3113 3818 2980
6994 2 3 3 25 0 3930 2940 2709
6995 2 3 3 25 0 2940 3930 3322
6996 2 3 3 25 0 3078 3278 2241
6997 2 3 3 25 0 2928 3297 2926
6998 2 3 3 25 0 3931 3091 3333
6999 2 3 3 25 0 3932 3214 3343
7000 2 3 3 25 0 3214 3932 3439
7001 2 3 3 25 0 3324 3933 2943
7002 2 3 3 25 0 3933 2942 2943
7003 2 3 3 25 0 3327 77 78
7004 2 3 3 25 0 3358 3327 78
7005 2 3 3 25 0 3584 3388 3758
7006 2 3 3 25 0 3934 3419 2863
7007 2 3 3 25 0 3419 3934 2525
7008 2 3 3 25 0 3934 3423 2525
7009 2 3 3 25 0 3602 3436 3901
7010 2 3 3 25 0 3344 3465 2868
7011 2 3 3 25 0 3465 3344 3853
7012 2 3 3 25 0 3167 3935 3479
7013 2 3 3 25 0 3167 3961 3935
7014 2 3 3 25 0 3865 3935 3459
7015 2 3 3 25 0 2944 2557 3478
7016 2 3 3 25 0 3244 3037 3262
7017 2 3 3 25 0 3037 3244 3482
7018 2 3 3 25 0 3936 3756 2332
7019 2 3 3 25 0 3212 3937 3288
7020 2 3 3 25 0 3937 3212 3214
7021 2 3 3 25 0 3937 3443 3288
7022 2 3 3 25 0 3213 3937 3214
7023 2 3 3 25 0 3937 3213 3770
7024 2 3 3 25 0 3080 3437 3645
7025 2 3 3 25 0 2778 3468 3047
7026 2 3 3 25 0 3468 2778 3794
7027 2 3 3 25 0 3510 2959 3094
7028 2 3 3 25 0 2959 3510 3615
7029 2 3 3 25 0 2281 2363 2687
7030 2 3 3 25 0 177 3525 2341
7031 2 3 3 25 0 3292 3530 2784
7032 2 3 3 25 0 3478 3532 2944
7033 2 3 3 25 0 3566 3658 3159
7034 2 3 3 25 0 3554 2270 3093
7035 2 3 3 25 0 3564 3266 3608
7036 2 3 3 25 0 3266 3564 3458
7037 2 3 3 25 0 3660 3566 3159
7038 2 3 3 25 0 3539 3580 2631
7039 2 3 3 25 0 3938 2352 3612
7040 2 3 3 25 0 2352 3938 3026
7041 2 3 3 25 0 3586 3938 3612
7042 2 3 3 25 0 3416 3826 3939
7043 2 3 3 25 0 3941 2888 3038
7044 2 3 3 25 0 2888 3941 2630
7045 2 3 3 25 0 3588 3941 3038
7046 2 3 3 25 0 2502 3942 3376
7047 2 3 3 25 0 3942 2502 3926
7048 2 3 3 25 0 3595 3942 3926
7049 2 3 3 25 0 2662 3495 3943
7050 2 3 3 25 0 3600 3609 2885
7051 2 3 3 25 0 2487 3603 2715
7052 2 3 3 25 0 753 3945 752
7053 2 3 3 25 0 3022 3945 3621
7054 2 3 3 25 0 3945 3022 752
7055 2 3 3 25 0 3634 3485 3921
7056 2 3 3 25 0 3485 3635 3921
7057 2 3 3 25 0 3484 2811 3485
7058 2 3 3 25 0 3634 3484 3485
7059 2 3 3 25 0 3634 3986 3484
7060 2 3 3 25 0 3638 3782 2792
7061 2 3 3 25 0 3644 377 378
7062 2 3 3 25 0 377 3644 3601
7063 2 3 3 25 0 3946 324 3207
7064 2 3 3 25 0 324 3946 323
7065 2 3 3 25 0 3652 3946 3207
7066 2 3 3 25 0 169 3947 168
7067 2 3 3 25 0 3947 169 3661
7068 2 3 3 25 0 3947 3278 168
7069 2 3 3 25 0 2840 3667 3462
7070 2 3 3 25 0 3667 2840 2563
7071 2 3 3 25 0 3948 2480 3682
7072 2 3 3 25 0 3224 3686 2893
7073 2 3 3 25 0 3949 3690 3692
7074 2 3 3 25 0 679 3692 678
7075 2 3 3 25 0 3692 679 2389
7076 2 3 3 25 0 3696 3695 3467
7077 2 3 3 25 0 3695 3696 3849
7078 2 3 3 25 0 3698 2745 3697
7079 2 3 3 25 0 2745 3698 3917
7080 2 3 3 25 0 3187 3700 3186
7081 2 3 3 25 0 3700 3187 2509
7082 2 3 3 25 0 3950 3170 3393
7083 2 3 3 25 0 3708 3178 2229
7084 2 3 3 25 0 3712 3182 3291
7085 2 3 3 25 0 3182 3712 3480
7086 2 3 3 25 0 3714 3655 3285
7087 2 3 3 25 0 3289 3952 3605
7088 2 3 3 25 0 3954 3671 3727
7089 2 3 3 25 0 3726 2913 3040
7090 2 3 3 25 0 2913 3726 2319
7091 2 3 3 25 0 3955 2814 2984
7092 2 3 3 25 0 3955 3328 2814
7093 2 3 3 25 0 3955 3734 3670
7094 2 3 3 25 0 3328 3955 3670
7095 2 3 3 25 0 3956 2890 3580
7096 2 3 3 25 0 2890 3956 2375
7097 2 3 3 25 0 3957 592 593
7098 2 3 3 25 0 3859 3958 3067
7099 2 3 3 25 0 3345 3992 3959
7100 2 3 3 25 0 3859 3345 3959
7101 2 3 3 25 0 3751 3958 3959
7102 2 3 3 25 0 3958 3859 3959
7103 2 3 3 25 0 3992 3398 3959
7104 2 3 3 25 0 3752 2840 3168
7105 2 3 3 25 0 3755 3024 3753
7106 2 3 3 25 0 3024 3755 3247
7107 2 3 3 25 0 3960 3348 3103
7108 2 3 3 25 0 3348 3960 3310
7109 2 3 3 25 0 3755 3960 3103
7110 2 3 3 25 0 3754 3960 3753
7111 2 3 3 25 0 3960 3754 3310
7112 2 3 3 25 0 3960 3755 3753
7113 2 3 3 25 0 3757 2432 3077
7114 2 3 3 25 0 3938 3586 3962
7115 2 3 3 25 0 3586 3761 3962
7116 2 3 3 25 0 3760 3962 3761
7117 2 3 3 25 0 3026 3938 3962
7118 2 3 3 25 0 3843 3443 3271
7119 2 3 3 25 0 3763 3843 3271
7120 2 3 3 25 0 2916 3766 3361
7121 2 3 3 25 0 3963 3369 3774
7122 2 3 3 25 0 3963 3606 3369
7123 2 3 3 25 0 3963 3773 3858
7124 2 3 3 25 0 3606 3963 3858
7125 2 3 3 25 0 2880 2624 3142
7126 2 3 3 25 0 3377 3991 2463
7127 2 3 3 25 0 283 3966 3051
7128 2 3 3 25 0 3592 3966 3783
7129 2 3 3 25 0 3966 3592 3051
7130 2 3 3 25 0 2825 3967 3521
7131 2 3 3 25 0 3967 2825 3759
7132 2 3 3 25 0 3795 3695 3850
7133 2 3 3 25 0 3695 3849 3850
7134 2 3 3 25 0 3799 3721 2256
7135 2 3 3 25 0 3721 3799 2459
7136 2 3 3 25 0 613 3968 612
7137 2 3 3 25 0 3968 613 2641
7138 2 3 3 25 0 3968 3800 612
7139 2 3 3 25 0 776 3809 775
7140 2 3 3 25 0 3809 776 3302
7141 2 3 3 25 0 3425 3969 3562
7142 2 3 3 25 0 3969 3810 3562
7143 2 3 3 25 0 2676 3821 3090
7144 2 3 3 25 0 3821 2676 2910
7145 2 3 3 25 0 3825 3274 3415
7146 2 3 3 25 0 3274 3825 3694
7147 2 3 3 25 0 2485 3846 3777
7148 2 3 3 25 0 3848 3360 3764
7149 2 3 3 25 0 3972 3446 3654
7150 2 3 3 25 0 3446 3972 3853
7151 2 3 3 25 0 3705 3972 3654
7152 2 3 3 25 0 3468 3973 3869
7153 2 3 3 25 0 3973 3468 3392
7154 2 3 3 25 0 3973 3749 3869
7155 2 3 3 25 0 3281 3974 2457
7156 2 3 3 25 0 3974 3611 2457
7157 2 3 3 25 0 3492 3976 3884
7158 2 3 3 25 0 3976 3066 3971
7159 2 3 3 25 0 3835 3976 3971
7160 2 3 3 25 0 3976 3835 3884
7161 2 3 3 25 0 3977 3859 3067
7162 2 3 3 25 0 3977 3160 3859
7163 2 3 3 25 0 3160 3977 3550
7164 2 3 3 25 0 3492 3886 3885
7165 2 3 3 25 0 3887 3445 3920
7166 2 3 3 25 0 3239 3978 2501
7167 2 3 3 25 0 3979 2502 3597
7168 2 3 3 25 0 2502 3979 3926
7169 2 3 3 25 0 3979 3889 3926
7170 2 3 3 25 0 2869 3904 2616
7171 2 3 3 25 0 3904 2869 2456
7172 2 3 3 25 0 580 3908 3210
7173 2 3 3 25 0 3980 3279 2831
7174 2 3 3 25 0 3279 3980 2811
7175 2 3 3 25 0 3215 3981 2435
7176 2 3 3 25 0 3981 3215 3567
7177 2 3 3 25 0 3386 3914 3787
7178 2 3 3 25 0 3914 3386 2764
7179 2 3 3 25 0 3914 2764 3165
7180 2 3 3 25 0 2687 3982 2281
7181 2 3 3 25 0 3519 3982 2362
7182 2 3 3 25 0 3982 3519 2281
7183 2 3 3 25 0 2548 3589 3039
7184 2 3 3 25 0 3984 3260 3929
7185 2 3 3 25 0 3796 3984 3929
7186 2 3 3 25 0 3984 3796 3471
7187 2 3 3 25 0 3260 3984 3930
7188 2 3 3 25 0 3322 3984 3471
7189 2 3 3 25 0 3984 3322 3930
7190 2 3 3 25 0 2863 555 556
7191 2 3 3 25 0 555 2863 3827
7192 2 3 3 25 0 593 3374 3957
7193 2 3 3 25 0 3374 3196 3957
7194 2 3 3 25 0 3850 2920 3795
7195 2 3 3 25 0 2920 3850 3887
7196 2 3 3 25 0 2933 3173 2347
7197 2 3 3 25 0 3985 3549 3786
7198 2 3 3 25 0 3985 3585 357
7199 2 3 3 25 0 3585 3985 3786
7200 2 3 3 25 0 3986 3421 2916
7201 2 3 3 25 0 3986 3186 3421
7202 2 3 3 25 0 3986 3634 3187
7203 2 3 3 25 0 3186 3986 3187
7204 2 3 3 25 0 3303 3397 2971
7205 2 3 3 25 0 3397 3303 3595
7206 2 3 3 25 0 2673 2550 2672
7207 2 3 3 25 0 2550 2850 2672
7208 2 3 3 25 0 3061 3987 2657
7209 2 3 3 25 0 3987 3061 3118
7210 2 3 3 25 0 3987 3525 2657
7211 2 3 3 25 0 3205 3204 3225
7212 2 3 3 25 0 3903 3205 3225
7213 2 3 3 25 0 3167 3790 3961
7214 2 3 3 25 0 3790 3167 2382
7215 2 3 3 25 0 3988 3258 3462
7216 2 3 3 25 0 3667 3988 3462
7217 2 3 3 25 0 3223 3386 3275
7218 2 3 3 25 0 3186 3722 3747
7219 2 3 3 25 0 2347 4003 2933
7220 2 3 3 25 0 2709 3323 330
7221 2 3 3 25 0 3323 2709 2940
7222 2 3 3 25 0 3334 3990 407
7223 2 3 3 25 0 409 3334 408
7224 2 3 3 25 0 3334 409 2708
7225 2 3 3 25 0 677 3366 676
7226 2 3 3 25 0 3992 2457 3611
7227 2 3 3 25 0 2457 3992 3345
7228 2 3 3 25 0 3611 3398 3992
7229 2 3 3 25 0 3993 3567 3406
7230 2 3 3 25 0 2660 3993 2492
7231 2 3 3 25 0 3813 3993 3406
7232 2 3 3 25 0 3993 3813 2492
7233 2 3 3 25 0 3994 3595 3804
7234 2 3 3 25 0 3595 3994 3397
7235 2 3 3 25 0 3517 3425 3831
7236 2 3 3 25 0 3456 3733 3704
7237 2 3 3 25 0 3733 3456 3664
7238 2 3 3 25 0 3995 3459 3356
7239 2 3 3 25 0 3995 3460 3346
7240 2 3 3 25 0 3325 3990 3997
7241 2 3 3 25 0 3990 3334 3997
7242 2 3 3 25 0 2718 3482 3244
7243 2 3 3 25 0 3482 2718 3975
7244 2 3 3 25 0 3505 3295 3896
7245 2 3 3 25 0 3913 3165 3457
7246 2 3 3 25 0 3999 2687 2363
7247 2 3 3 25 0 3999 3017 2445
7248 2 3 3 25 0 3180 4000 2689
7249 2 3 3 25 0 4000 3438 2689
7250 2 3 3 25 0 3473 4001 3377
7251 2 3 3 25 0 4001 3473 3151
7252 2 3 3 25 0 4003 2347 2492
7253 2 3 3 25 0 3333 4004 3272
7254 2 3 3 25 0 3370 4004 3590
7255 2 3 3 25 0 3356 2484 3995
7256 2 3 3 25 0 2484 3460 3995
7257 2 3 3 25 0 3870 4005 3027
7258 2 3 3 25 0 4005 3472 3471
7259 2 3 3 25 0 3796 4005 3471
7260 2 3 3 25 0 4005 3796 3027
7261 2 3 3 25 0 4006 3517 3828
7262 2 3 3 25 0 3425 3517 4006
7263 2 3 3 25 0 493 4007 492
7264 2 3 3 25 0 2624 4007 3780
7265 2 3 3 25 0 4007 493 3780
7266 2 3 3 25 0 4009 2464 2397
7267 2 3 3 25 0 2970 4009 2397
7268 2 3 3 25 0 4010 243 244
7269 2 3 3 25 0 3224 4010 244
7270 2 3 3 25 0 3564 4013 2722
7271 2 3 3 25 0 4013 3761 2722
7272 2 3 3 25 0 3811 4014 3969
7273 2 3 3 25 0 4014 3810 3969
7274 2 3 3 25 0 268 4015 267
7275 2 3 3 25 0 4015 3819 267
7276 2 3 3 25 0 2987 4016 3016
7277 2 3 3 25 0 4016 3858 3016
7278 2 3 3 25 0 3162 4018 3710
7279 2 3 3 25 0 4018 3711 3710
7280 2 3 3 25 0 4019 2751 3530
7281 2 3 3 25 0 2751 4019 3874
7282 2 3 3 25 0 4020 2879 3544
7283 2 3 3 25 0 3684 4021 3493
7284 2 3 3 25 0 4022 3871 2920
7285 2 3 3 25 0 4024 3476 3713
7286 2 3 3 25 0 2787 4028 2762
7287 2 3 3 25 0 4028 3703 2762
7288 2 3 3 25 0 4029 2827 3865
7289 2 3 3 25 0 3752 4029 3865
7290 2 3 3 25 0 2827 4029 3852
7291 2 3 3 25 0 4032 3698 3756
7292 2 3 3 25 0 3936 4032 3756
7293 2 3 3 25 0 3698 4032 2794
7294 2 3 3 25 0 3936 4033 4032
7295 2 3 3 25 0 4033 2794 4032
7296 2 3 3 25 0 4035 172 173
7297 2 3 3 25 0 4037 3690 3949
7298 2 3 3 25 0 4038 3317 2862
7299 2 3 3 25 0 3317 4038 3318
7300 2 3 3 25 0 3336 4039 3743
7301 2 3 3 25 0 4039 3957 3743
7302 2 3 3 25 0 4040 3716 3699
7303 2 3 3 25 0 3874 4041 3974
7304 2 3 3 25 0 3905 4042 2895
7305 2 3 3 25 0 3477 4043 2371
7306 2 3 3 25 0 3012 2684 3138
7307 2 3 3 25 0 2684 3012 2473
7308 2 3 3 25 0 2713 3092 3612
7309 2 3 3 25 0 3092 2713 229
7310 2 3 3 25 0 3114 3029 3916
7311 2 3 3 25 0 3149 2505 233
7312 2 3 3 25 0 3150 3149 233
7313 2 3 3 25 0 3608 3165 3918
7314 2 3 3 25 0 3166 3608 3918
7315 2 3 3 25 0 3286 2756 3401
7316 2 3 3 25 0 2673 436 437
7317 2 3 3 25 0 3283 3423 2864
7318 2 3 3 25 0 3422 3423 3283
7319 2 3 3 25 0 3269 3764 3547
7320 2 3 3 25 0 3264 3424 2981
7321 2 3 3 25 0 3424 3264 2831
7322 2 3 3 25 0 3440 3026 2574
7323 2 3 3 25 0 3301 3501 3197
7324 2 3 3 25 0 2543 3549 359
7325 2 3 3 25 0 2504 3549 2543
7326 2 3 3 25 0 2270 3554 2585
7327 2 3 3 25 0 3554 3665 2585
7328 2 3 3 25 0 3583 3011 3000
7329 2 3 3 25 0 3602 3330 3840
7330 2 3 3 25 0 3330 3602 3901
7331 2 3 3 25 0 3619 3381 3137
7332 2 3 3 25 0 3619 2299 3381
7333 2 3 3 25 0 2299 3619 3520
7334 2 3 3 25 0 3702 2520 3522
7335 2 3 3 25 0 3089 3757 2385
7336 2 3 3 25 0 2432 3757 3089
7337 2 3 3 25 0 3486 3773 3373
7338 2 3 3 25 0 3497 3889 2805
7339 2 3 3 25 0 2880 3089 2546
7340 2 3 3 25 0 3089 2880 3142
7341 2 3 3 25 0 2790 3145 2500
7342 2 3 3 25 0 3313 2790 2500
7343 2 3 3 25 0 2593 2564 2856
7344 2 3 3 25 0 3711 3284 3577
7345 2 3 3 25 0 2891 2408 3572
7346 2 3 3 25 0 2408 3317 3572
7347 2 3 3 25 0 3100 3358 3357
7348 2 3 3 25 0 3206 3401 3134
7349 2 3 3 25 0 3417 3892 3894
7350 2 3 3 25 0 3892 3499 3894
7351 2 3 3 25 0 3125 2864 3919
7352 2 3 3 25 0 2864 3423 3919
7353 2 3 3 25 0 426 2718 425
7354 2 3 3 25 0 2718 3244 425
7355 2 3 3 25 0 2356 3523 2358
7356 2 3 3 25 0 3953 3523 2356
7357 2 3 3 25 0 3724 3953 2356
7358 2 3 3 25 0 3544 3164 3863
7359 2 3 3 25 0 3164 3544 2879
7360 2 3 3 25 0 2965 3592 3783
7361 2 3 3 25 0 3592 2965 3784
7362 2 3 3 25 0 2715 3944 2507
7363 2 3 3 25 0 3944 2715 3603
7364 2 3 3 25 0 3066 2507 3944
7365 2 3 3 25 0 3388 3622 3009
7366 2 3 3 25 0 4034 3622 3388
7367 2 3 3 25 0 3936 4034 3388
7368 2 3 3 25 0 3714 3505 2364
7369 2 3 3 25 0 3295 3505 3714
7370 2 3 3 25 0 3302 3617 2767
7371 2 3 3 25 0 3715 3302 2767
7372 2 3 3 25 0 4030 2928 3699
7373 2 3 3 25 0 3716 4030 3699
7374 2 3 3 25 0 3558 3719 3179
7375 2 3 3 25 0 3234 3671 3954
7376 2 3 3 25 0 3721 3234 3954
7377 2 3 3 25 0 2862 3032 3951
7378 2 3 3 25 0 3032 3723 3951
7379 2 3 3 25 0 3523 3953 2315
7380 2 3 3 25 0 3953 3535 2315
7381 2 3 3 25 0 3730 3582 3731
7382 2 3 3 25 0 3554 3751 2914
7383 2 3 3 25 0 3751 3554 3093
7384 2 3 3 25 0 3766 2607 3128
7385 2 3 3 25 0 3373 3964 3372
7386 2 3 3 25 0 3779 3964 3774
7387 2 3 3 25 0 3964 3779 3372
7388 2 3 3 25 0 3964 3373 3773
7389 2 3 3 25 0 3773 3963 3964
7390 2 3 3 25 0 3963 3774 3964
7391 2 3 3 25 0 3285 3900 3701
7392 2 3 3 25 0 3900 3776 3701
7393 2 3 3 25 0 3704 3733 3728
7394 2 3 3 25 0 3821 3704 3728
7395 2 3 3 25 0 3970 3450 3853
7396 2 3 3 25 0 3972 3705 3970
7397 2 3 3 25 0 3853 3972 3970
7398 2 3 3 25 0 3846 3868 3777
7399 2 3 3 25 0 3795 3871 3870
7400 2 3 3 25 0 3871 3795 2920
7401 2 3 3 25 0 3975 3481 3877
7402 2 3 3 25 0 3876 3481 3975
7403 2 3 3 25 0 3482 3975 3877
7404 2 3 3 25 0 3886 3884 3881
7405 2 3 3 25 0 3884 3886 3492
7406 2 3 3 25 0 3888 2501 3803
7407 2 3 3 25 0 3888 3239 2501
7408 2 3 3 25 0 3903 2982 3902
7409 2 3 3 25 0 2869 2616 2344
7410 2 3 3 25 0 334 2593 333
7411 2 3 3 25 0 2593 334 2755
7412 2 3 3 25 0 2814 2353 2984
7413 2 3 3 25 0 2353 2814 2498
7414 2 3 3 25 0 3280 763 764
7415 2 3 3 25 0 2365 3744 2945
7416 2 3 3 25 0 3458 3076 3635
7417 2 3 3 25 0 3351 3458 3635
7418 2 3 3 25 0 2666 2665 3940
7419 2 3 3 25 0 3588 2666 3940
7420 2 3 3 25 0 3257 3774 3369
7421 2 3 3 25 0 3377 4001 3991
7422 2 3 3 25 0 3796 3172 3027
7423 2 3 3 25 0 3172 3796 3151
7424 2 3 3 25 0 3429 3430 3037
7425 2 3 3 25 0 3482 3429 3037
7426 2 3 3 25 0 522 3031 521
7427 2 3 3 25 0 3463 3996 3637
7428 2 3 3 25 0 3996 3636 3637
7429 2 3 3 25 0 413 2953 412
7430 2 3 3 25 0 2953 3489 412
7431 2 3 3 25 0 4002 3489 3488
7432 2 3 3 25 0 4002 3741 2708
7433 2 3 3 25 0 3741 4002 3488
7434 2 3 3 25 0 3983 597 598
7435 2 3 3 25 0 3519 3983 598
7436 2 3 3 25 0 3983 3519 2362
7437 2 3 3 25 0 57 3736 56
7438 2 3 3 25 0 3736 3329 56
7439 2 3 3 25 0 3078 165 166
7440 2 3 3 25 0 3278 3078 166
7441 2 3 3 25 0 4027 3923 2417
7442 2 3 3 25 0 3965 4020 3544
7443 2 3 3 25 0 3200 2969 3965
7444 2 3 3 25 0 3776 3200 3965
7445 2 3 3 25 0 3142 2624 3046
7446 2 3 3 25 0 3113 3112 3818
7447 2 3 3 25 0 3096 3998 3281
7448 2 3 3 25 0 3281 3998 3974
7449 2 3 3 25 0 3998 3874 3974
7450 2 3 3 25 0 3998 3096 2979
7451 2 3 3 25 0 3802 3397 3994
7452 2 3 3 25 0 3406 3802 3994
7453 2 3 3 25 0 3802 3406 3812
7454 2 3 3 25 0 2247 2424 3069
7455 2 3 3 25 0 2424 2247 2427
7456 2 3 3 25 0 2635 2242 2636
7457 2 3 3 25 0 2635 4008 2242
7458 2 3 3 25 0 4008 2315 2242
7459 2 3 3 25 0 650 2636 649
7460 2 3 3 25 0 2636 650 2635
7461 2 3 3 25 0 2645 2420 2290
7462 2 3 3 25 0 2420 2645 2896
7463 2 3 3 25 0 2315 4008 3523
7464 2 3 3 25 0 2394 4008 2635
7465 2 3 3 25 0 2279 4008 2394
7466 2 3 3 25 0 4008 2279 3523
7467 2 3 3 25 0 2794 2870 3698
7468 2 3 3 25 0 3151 2894 4001
7469 2 3 3 25 0 2894 3151 3929
7470 2 3 3 25 0 4017 3876 2718
7471 2 3 3 25 0 2464 4009 2383
7472 2 3 3 25 0 2530 4009 2970
7473 2 3 3 25 0 4009 2530 2383
7474 2 3 3 25 0 3051 3378 2861
7475 2 3 3 25 0 3378 3051 3496
7476 2 3 3 25 0 3502 3294 3697
7477 2 3 3 25 0 3294 3502 3775
7478 2 3 3 25 0 3787 3216 3831
7479 2 3 3 25 0 3518 3787 3831
7480 2 3 3 25 0 2327 2928 3855
7481 2 3 3 25 0 2928 2327 3699
7482 2 3 3 25 0 4010 3224 3282
7483 2 3 3 25 0 4010 3723 243
7484 2 3 3 25 0 3723 4010 3282
7485 2 3 3 25 0 4011 3097 2817
7486 2 3 3 25 0 3357 2576 4011
7487 2 3 3 25 0 3370 3272 4004
7488 2 3 3 25 0 3272 3370 2488
7489 2 3 3 25 0 3542 2318 2782
7490 2 3 3 25 0 2318 3542 3671
7491 2 3 3 25 0 3558 2839 2990
7492 2 3 3 25 0 2839 3558 3179
7493 2 3 3 25 0 3575 2869 2344
7494 2 3 3 25 0 2263 3575 2617
7495 2 3 3 25 0 3494 3600 3148
7496 2 3 3 25 0 3610 3477 2594
7497 2 3 3 25 0 4012 3366 3690
7498 2 3 3 25 0 3245 4012 3769
7499 2 3 3 25 0 3422 3084 2736
7500 2 3 3 25 0 3084 3422 2326
7501 2 3 3 25 0 3 3297 36
7502 2 3 3 25 0 3297 3 2926
7503 2 3 3 25 0 3527 3347 3008
7504 2 3 3 25 0 3347 3527 2306
7505 2 3 3 25 0 3550 3886 3881
7506 2 3 3 25 0 3886 3550 3977
7507 2 3 3 25 0 3571 2877 3138
7508 2 3 3 25 0 3864 3607 2332
7509 2 3 3 25 0 3607 3864 3863
7510 2 3 3 25 0 3670 495 496
7511 2 3 3 25 0 495 3670 3233
7512 2 3 3 25 0 3665 3674 2585
7513 2 3 3 25 0 3674 3665 2992
7514 2 3 3 25 0 3179 3708 2839
7515 2 3 3 25 0 3729 3656 2872
7516 2 3 3 25 0 4026 3656 3729
7517 2 3 3 25 0 3102 4026 3729
7518 2 3 3 25 0 2481 3734 3955
7519 2 3 3 25 0 3744 155 156
7520 2 3 3 25 0 155 3744 2365
7521 2 3 3 25 0 4014 195 196
7522 2 3 3 25 0 195 4014 3811
7523 2 3 3 25 0 3830 3811 3969
7524 2 3 3 25 0 3811 3830 3252
7525 2 3 3 25 0 428 4017 427
7526 2 3 3 25 0 4017 428 2719
7527 2 3 3 25 0 3876 4017 2719
7528 2 3 3 25 0 3711 4018 3952
7529 2 3 3 25 0 3724 4018 3162
7530 2 3 3 25 0 3724 4023 4018
7531 2 3 3 25 0 4023 3952 4018
7532 2 3 3 25 0 3375 3116 2499
7533 2 3 3 25 0 3386 3223 2764
7534 2 3 3 25 0 3668 3223 3923
7535 2 3 3 25 0 3530 3292 4019
7536 2 3 3 25 0 4019 3292 3182
7537 2 3 3 25 0 4020 2432 2879
7538 2 3 3 25 0 2432 4020 2969
7539 2 3 3 25 0 4020 3965 2969
7540 2 3 3 25 0 3943 3614 3839
7541 2 3 3 25 0 3950 3832 3970
7542 2 3 3 25 0 3605 4023 3579
7543 2 3 3 25 0 4023 3605 3952
7544 2 3 3 25 0 3691 2389 2568
7545 2 3 3 25 0 44 2777 43
7546 2 3 3 25 0 44 4031 2777
7547 2 3 3 25 0 4031 3344 2777
7548 2 3 3 25 0 2564 2894 3929
7549 2 3 3 25 0 3260 2564 3929
7550 2 3 3 25 0 2894 4025 4001
7551 2 3 3 25 0 4025 3991 4001
7552 2 3 3 25 0 3991 4025 3782
7553 2 3 3 25 0 2856 3260 3930
7554 2 3 3 25 0 3260 2856 2564
7555 2 3 3 25 0 433 2987 432
7556 2 3 3 25 0 3142 2432 3089
7557 2 3 3 25 0 2432 3142 2879
7558 2 3 3 25 0 2915 2916 3745
7559 2 3 3 25 0 2916 2915 3766
7560 2 3 3 25 0 2946 3024 2947
7561 2 3 3 25 0 3581 3286 3320
7562 2 3 3 25 0 3286 3581 2756
7563 2 3 3 25 0 3444 3603 2490
7564 2 3 3 25 0 3603 3444 2436
7565 2 3 3 25 0 2271 3680 3678
7566 2 3 3 25 0 2878 4028 2787
7567 2 3 3 25 0 4028 3576 3703
7568 2 3 3 25 0 4028 2878 3201
7569 2 3 3 25 0 3576 4028 3201
7570 2 3 3 25 0 3733 2412 3728
7571 2 3 3 25 0 2412 3733 3924
7572 2 3 3 25 0 3909 3405 3980
7573 2 3 3 25 0 3492 3066 3976
7574 2 3 3 25 0 3066 3492 3883
7575 2 3 3 25 0 4030 3297 2928
7576 2 3 3 25 0 3718 3297 4030
7577 2 3 3 25 0 45 4031 44
7578 2 3 3 25 0 3479 2827 2488
7579 2 3 3 25 0 4033 3354 2794
7580 2 3 3 25 0 3388 3584 4033
7581 2 3 3 25 0 3388 4033 3936
7582 2 3 3 25 0 3354 4033 3584
7583 2 3 3 25 0 3350 4034 2332
7584 2 3 3 25 0 4034 3350 3622
7585 2 3 3 25 0 4034 3936 2332
7586 2 3 3 25 0 2736 3423 3422
7587 2 3 3 25 0 3423 2736 2525
7588 2 3 3 25 0 172 4035 171
7589 2 3 3 25 0 4036 2938 3175
7590 2 3 3 25 0 2938 4036 3682
7591 2 3 3 25 0 3948 3682 4036
7592 2 3 3 25 0 2562 3571 2680
7593 2 3 3 25 0 3571 2562 3130
7594 2 3 3 25 0 3583 3119 3011
7595 2 3 3 25 0 3119 3583 2396
7596 2 3 3 25 0 3590 2330 2296
7597 2 3 3 25 0 3593 3385 3070
7598 2 3 3 25 0 3385 3593 3585
7599 2 3 3 25 0 3943 3537 2662
7600 2 3 3 25 0 3848 2490 3603
7601 2 3 3 25 0 2490 3848 3764
7602 2 3 3 25 0 2616 3613 2344
7603 2 3 3 25 0 3636 3280 3931
7604 2 3 3 25 0 3570 3782 3638
7605 2 3 3 25 0 2739 3668 2527
7606 2 3 3 25 0 3668 2739 2526
7607 2 3 3 25 0 3690 4037 3555
7608 2 3 3 25 0 3949 3691 4037
7609 2 3 3 25 0 3171 3170 3706
7610 2 3 3 25 0 3715 3809 3302
7611 2 3 3 25 0 3716 3718 4030
7612 2 3 3 25 0 4038 3700 3318
7613 2 3 3 25 0 3951 3722 4038
7614 2 3 3 25 0 2862 3951 4038
7615 2 3 3 25 0 592 4039 591
7616 2 3 3 25 0 4039 592 3957
7617 2 3 3 25 0 4039 3336 591
7618 2 3 3 25 0 3750 3377 3781
7619 2 3 3 25 0 3377 3750 3473
7620 2 3 3 25 0 2665 3771 3940
7621 2 3 3 25 0 3295 3775 3502
7622 2 3 3 25 0 3782 2463 3991
7623 2 3 3 25 0 4040 3403 3807
7624 2 3 3 25 0 4040 3699 3403
7625 2 3 3 25 0 3809 4040 3807
7626 2 3 3 25 0 3716 4040 3715
7627 2 3 3 25 0 3809 3715 4040
7628 2 3 3 25 0 3818 3657 2980
7629 2 3 3 25 0 3829 3129 3598
7630 2 3 3 25 0 3129 3829 3034
7631 2 3 3 25 0 2691 3834 2331
7632 2 3 3 25 0 3834 2691 3833
7633 2 3 3 25 0 3316 3872 3676
7634 2 3 3 25 0 3441 3842 2995
7635 2 3 3 25 0 3611 3974 4041
7636 2 3 3 25 0 3182 4041 4019
7637 2 3 3 25 0 4041 3874 4019
7638 2 3 3 25 0 3041 2931 262
7639 2 3 3 25 0 2931 3041 3326
7640 2 3 3 25 0 3006 3136 3691
7641 2 3 3 25 0 4043 3180 2689
7642 2 3 3 25 0 3180 4043 3477
7643 2 3 3 25 0 2955 3769 3555
7644 2 3 3 25 0 3299 2933 4003
7645 2 3 3 25 0 4044 3299 4003
7646 2 3 3 25 0 3696 4044 3849
7647 2 3 3 25 0 4044 3851 3849
7648 2 3 3 25 0 3851 4044 4003
7649 2 3 3 25 0 3014 3999 2445
7650 2 3 3 25 0 3771 4046 3624
7651 2 3 3 25 0 4047 3272 3852
7652 2 3 3 25 0 3636 4047 3852
7653 2 3 3 25 0 4050 3162 3646
7654 2 3 3 25 0 3392 4051 3973
7655 2 3 3 25 0 4051 3470 3973
7656 2 3 3 25 0 4052 371 3653
7657 2 3 3 25 0 3114 4052 3653
7658 2 3 3 25 0 4053 81 3097
7659 2 3 3 25 0 4011 4053 3097
7660 2 3 3 25 0 81 4053 80
7661 2 3 3 25 0 4054 2259 3100
7662 2 3 3 25 0 4056 2621 3661
7663 2 3 3 25 0 4058 3427 3655
7664 2 3 3 25 0 4059 3250 3587
7665 2 3 3 25 0 3363 4059 3587
7666 2 3 3 25 0 675 4060 674
7667 2 3 3 25 0 2544 2787 2762
7668 2 3 3 25 0 2787 2544 2464
7669 2 3 3 25 0 3713 3476 3925
7670 2 3 3 25 0 3741 3713 3925
7671 2 3 3 25 0 3241 3571 3130
7672 2 3 3 25 0 2877 3571 3241
7673 2 3 3 25 0 3615 3510 3428
7674 2 3 3 25 0 2 3617 777
7675 2 3 3 25 0 3617 2 26
7676 2 3 3 25 0 3224 245 246
7677 2 3 3 25 0 3686 3224 246
7678 2 3 3 25 0 3535 3724 3162
7679 2 3 3 25 0 3724 3535 3953
7680 2 3 3 25 0 2375 3739 2566
7681 2 3 3 25 0 3739 2375 3956
7682 2 3 3 25 0 3807 774 775
7683 2 3 3 25 0 3809 3807 775
7684 2 3 3 25 0 3839 3537 3943
7685 2 3 3 25 0 3165 3913 3914
7686 2 3 3 25 0 3913 3216 3914
7687 2 3 3 25 0 3450 3832 3332
7688 2 3 3 25 0 3832 3450 3970
7689 2 3 3 25 0 2505 3092 231
7690 2 3 3 25 0 3092 2505 2407
7691 2 3 3 25 0 3358 2576 3357
7692 2 3 3 25 0 3341 3087 3472
7693 2 3 3 25 0 3467 3749 3696
7694 2 3 3 25 0 2446 2849 2371
7695 2 3 3 25 0 333 2593 332
7696 2 3 3 25 0 2922 2348 3169
7697 2 3 3 25 0 3477 3610 2889
7698 2 3 3 25 0 3618 2909 2561
7699 2 3 3 25 0 2909 3618 4016
7700 2 3 3 25 0 3024 2946 3296
7701 2 3 3 25 0 3296 3753 3024
7702 2 3 3 25 0 4013 3564 3608
7703 2 3 3 25 0 4013 3760 3761
7704 2 3 3 25 0 3166 3760 4013
7705 2 3 3 25 0 3166 4013 3608
7706 2 3 3 25 0 4021 3684 3273
7707 2 3 3 25 0 3871 4021 3273
7708 2 3 3 25 0 3871 4022 4021
7709 2 3 3 25 0 4022 2920 3887
7710 2 3 3 25 0 3887 3978 4022
7711 2 3 3 25 0 3978 3493 4022
7712 2 3 3 25 0 4021 4022 3493
7713 2 3 3 25 0 3872 3475 4024
7714 2 3 3 25 0 4026 3059 3627
7715 2 3 3 25 0 3656 4026 3627
7716 2 3 3 25 0 2527 4027 3453
7717 2 3 3 25 0 4027 2527 3923
7718 2 3 3 25 0 3759 3459 3961
7719 2 3 3 25 0 3459 3935 3961
7720 2 3 3 25 0 3301 3197 3907
7721 2 3 3 25 0 3197 3581 3907
7722 2 3 3 25 0 4041 3873 3611
7723 2 3 3 25 0 3705 3706 3170
7724 2 3 3 25 0 3950 3705 3170
7725 2 3 3 25 0 3320 4042 3905
7726 2 3 3 25 0 3286 4042 3320
7727 2 3 3 25 0 3510 4042 3428
7728 2 3 3 25 0 3286 3428 4042
7729 2 3 3 25 0 3909 2831 3657
7730 2 3 3 25 0 2831 3909 3980
7731 2 3 3 25 0 4045 3117 3356
7732 2 3 3 25 0 4045 3410 3117
7733 2 3 3 25 0 4045 3413 3824
7734 2 3 3 25 0 3410 4045 3824
7735 2 3 3 25 0 3999 2363 3017
7736 2 3 3 25 0 2526 2795 3668
7737 2 3 3 25 0 763 3280 3996
7738 2 3 3 25 0 3280 3636 3996
7739 2 3 3 25 0 3413 4045 3823
7740 2 3 3 25 0 2337 3100 2259
7741 2 3 3 25 0 3100 2337 2477
7742 2 3 3 25 0 3153 3007 2801
7743 2 3 3 25 0 3366 675 676
7744 2 3 3 25 0 3481 3486 3877
7745 2 3 3 25 0 3550 2913 3160
7746 2 3 3 25 0 2913 3550 3541
7747 2 3 3 25 0 3555 3675 2955
7748 2 3 3 25 0 2323 3542 2782
7749 2 3 3 25 0 3803 3595 3926
7750 2 3 3 25 0 3640 3354 3023
7751 2 3 3 25 0 3354 3640 2881
7752 2 3 3 25 0 3649 3003 3225
7753 2 3 3 25 0 3668 2764 3223
7754 2 3 3 25 0 2764 3668 2795
7755 2 3 3 25 0 3810 196 197
7756 2 3 3 25 0 196 3810 4014
7757 2 3 3 25 0 2799 3193 2735
7758 2 3 3 25 0 3193 2799 2400
7759 2 3 3 25 0 3563 3956 3580
7760 2 3 3 25 0 3426 3625 3576
7761 2 3 3 25 0 2644 2894 3152
7762 2 3 3 25 0 2894 2644 4025
7763 2 3 3 25 0 3133 2870 3770
7764 2 3 3 25 0 2870 3133 3917
7765 2 3 3 25 0 3169 2248 3526
7766 2 3 3 25 0 3242 4046 3427
7767 2 3 3 25 0 3624 4046 3242
7768 2 3 3 25 0 3484 2916 3361
7769 2 3 3 25 0 2916 3484 3986
7770 2 3 3 25 0 4047 3333 3272
7771 2 3 3 25 0 3333 4047 3931
7772 2 3 3 25 0 4047 3636 3931
7773 2 3 3 25 0 3555 4012 3690
7774 2 3 3 25 0 4012 3555 3769
7775 2 3 3 25 0 2930 4048 3273
7776 2 3 3 25 0 3472 4005 4048
7777 2 3 3 25 0 3351 3802 3812
7778 2 3 3 25 0 3363 3768 4015
7779 2 3 3 25 0 3768 3819 4015
7780 2 3 3 25 0 3495 3672 3867
7781 2 3 3 25 0 4050 3535 3162
7782 2 3 3 25 0 4051 3469 3565
7783 2 3 3 25 0 3469 4051 3392
7784 2 3 3 25 0 3470 4051 3565
7785 2 3 3 25 0 2955 3666 3534
7786 2 3 3 25 0 3017 602 603
7787 2 3 3 25 0 602 3017 2363
7788 2 3 3 25 0 369 4052 3916
7789 2 3 3 25 0 370 4052 369
7790 2 3 3 25 0 4052 3114 3916
7791 2 3 3 25 0 4052 370 371
7792 2 3 3 25 0 306 3237 305
7793 2 3 3 25 0 3272 2827 3852
7794 2 3 3 25 0 2827 3272 2488
7795 2 3 3 25 0 2576 80 4053
7796 2 3 3 25 0 4011 2576 4053
7797 2 3 3 25 0 2822 4054 2817
7798 2 3 3 25 0 4054 2822 2259
7799 2 3 3 25 0 4054 4011 2817
7800 2 3 3 25 0 3100 3357 4054
7801 2 3 3 25 0 3357 4011 4054
7802 2 3 3 25 0 3819 266 267
7803 2 3 3 25 0 266 3819 3112
7804 2 3 3 25 0 308 2929 307
7805 2 3 3 25 0 3524 3235 3824
7806 2 3 3 25 0 2579 3691 2568
7807 2 3 3 25 0 3691 2579 3006
7808 2 3 3 25 0 171 4056 170
7809 2 3 3 25 0 4056 171 4035
7810 2 3 3 25 0 2621 4056 4035
7811 2 3 3 25 0 3392 3004 2710
7812 2 3 3 25 0 3004 3392 3794
7813 2 3 3 25 0 170 3661 169
7814 2 3 3 25 0 3661 170 4056
7815 2 3 3 25 0 3743 4057 3336
7816 2 3 3 25 0 3501 4057 2757
7817 2 3 3 25 0 4057 3743 2757
7818 2 3 3 25 0 4057 3742 3336
7819 2 3 3 25 0 3742 4057 2744
7820 2 3 3 25 0 2688 4058 3314
7821 2 3 3 25 0 4058 2688 3427
7822 2 3 3 25 0 3895 3501 2757
7823 2 3 3 25 0 3501 3895 2571
7824 2 3 3 25 0 2827 3935 3865
7825 2 3 3 25 0 3935 2827 3479
7826 2 3 3 25 0 211 3454 210
7827 2 3 3 25 0 270 4059 269
7828 2 3 3 25 0 4059 270 3250
7829 2 3 3 25 0 4059 3363 269
7830 2 3 3 25 0 3363 3362 3768
7831 2 3 3 25 0 3362 3363 3587
7832 2 3 3 25 0 4060 675 3366
7833 2 3 3 25 0 4060 4012 3245
7834 2 3 3 25 0 4012 4060 3366
7835 2 3 3 25 0 2895 3510 3094
7836 2 3 3 25 0 3510 2895 4042
7837 2 3 3 25 0 3527 3993 2660
7838 2 3 3 25 0 3993 3527 3567
7839 2 3 3 25 0 3537 4061 2781
7840 2 3 3 25 0 4061 3890 2781
7841 2 3 3 25 0 3539 4063 3580
7842 2 3 3 25 0 4063 3563 3580
7843 2 3 3 25 0 3653 4064 3114
7844 2 3 3 25 0 4065 3331 3739
7845 2 3 3 25 0 3331 4065 2889
7846 2 3 3 25 0 4066 3436 3437
7847 2 3 3 25 0 3436 4066 3901
7848 2 3 3 25 0 4068 2972 3793
7849 2 3 3 25 0 3237 4069 3672
7850 2 3 3 25 0 4069 3867 3672
7851 2 3 3 25 0 3867 4071 3495
7852 2 3 3 25 0 2417 4072 4027
7853 2 3 3 25 0 4072 3454 4027
7854 2 3 3 25 0 4074 4055 4070
7855 2 3 3 25 0 3435 4074 4070
7856 2 3 3 25 0 212 4075 211
7857 2 3 3 25 0 4075 3454 211
7858 2 3 3 25 0 4076 3280 765
7859 2 3 3 25 0 4007 2292 492
7860 2 3 3 25 0 2624 2292 4007
7861 2 3 3 25 0 2962 2732 2733
7862 2 3 3 25 0 2732 2962 2963
7863 2 3 3 25 0 2506 3578 3185
7864 2 3 3 25 0 3578 3543 3185
7865 2 3 3 25 0 3393 2249 2251
7866 2 3 3 25 0 2249 3393 2493
7867 2 3 3 25 0 2744 3301 3300
7868 2 3 3 25 0 3301 3198 3300
7869 2 3 3 25 0 3538 2875 2874
7870 2 3 3 25 0 3287 3538 2874
7871 2 3 3 25 0 2724 3761 3875
7872 2 3 3 25 0 3761 3586 3875
7873 2 3 3 25 0 2687 3999 3209
7874 2 3 3 25 0 3999 3014 3209
7875 2 3 3 25 0 2621 3413 3823
7876 2 3 3 25 0 3007 3153 2691
7877 2 3 3 25 0 3654 2334 3705
7878 2 3 3 25 0 2334 3706 3705
7879 2 3 3 25 0 3800 610 611
7880 2 3 3 25 0 3574 2969 3200
7881 2 3 3 25 0 2969 3574 3077
7882 2 3 3 25 0 2262 690 691
7883 2 3 3 25 0 2875 3538 2262
7884 2 3 3 25 0 2262 3538 3683
7885 2 3 3 25 0 3600 3466 3609
7886 2 3 3 25 0 3180 3477 2889
7887 2 3 3 25 0 3670 496 497
7888 2 3 3 25 0 3328 3670 497
7889 2 3 3 25 0 3800 2519 610
7890 2 3 3 25 0 2765 2417 3275
7891 2 3 3 25 0 2417 2765 2740
7892 2 3 3 25 0 2988 2957 755
7893 2 3 3 25 0 2957 2988 2717
7894 2 3 3 25 0 3284 3190 3577
7895 2 3 3 25 0 3118 3410 2340
7896 2 3 3 25 0 3410 3118 3663
7897 2 3 3 25 0 3416 3587 3250
7898 2 3 3 25 0 3587 3416 3939
7899 2 3 3 25 0 399 3627 398
7900 2 3 3 25 0 3627 399 3633
7901 2 3 3 25 0 3259 3684 3494
7902 2 3 3 25 0 3684 3259 3273
7903 2 3 3 25 0 3003 3020 3225
7904 2 3 3 25 0 3524 3568 3235
7905 2 3 3 25 0 3703 2647 2762
7906 2 3 3 25 0 4062 3774 3257
7907 2 3 3 25 0 4062 3779 3774
7908 2 3 3 25 0 3780 3046 2624
7909 2 3 3 25 0 3661 3823 3559
7910 2 3 3 25 0 3823 3661 2621
7911 2 3 3 25 0 2872 3872 3729
7912 2 3 3 25 0 3872 2872 3475
7913 2 3 3 25 0 2946 3590 3296
7914 2 3 3 25 0 3590 2946 3370
7915 2 3 3 25 0 3677 3191 2954
7916 2 3 3 25 0 3997 3476 3325
7917 2 3 3 25 0 4064 3330 3901
7918 2 3 3 25 0 3330 4064 3653
7919 2 3 3 25 0 4064 2973 3114
7920 2 3 3 25 0 3239 3493 3978
7921 2 3 3 25 0 3493 3239 3839
7922 2 3 3 25 0 4000 3180 4065
7923 2 3 3 25 0 4065 3180 2889
7924 2 3 3 25 0 4065 3563 4000
7925 2 3 3 25 0 3316 3836 2798
7926 2 3 3 25 0 3836 3316 3676
7927 2 3 3 25 0 3625 3427 4046
7928 2 3 3 25 0 3681 3203 4066
7929 2 3 3 25 0 3437 3681 4066
7930 2 3 3 25 0 3020 3004 2596
7931 2 3 3 25 0 3542 3727 3671
7932 2 3 3 25 0 3683 3178 3042
7933 2 3 3 25 0 3832 3833 3332
7934 2 3 3 25 0 4067 3543 3578
7935 2 3 3 25 0 4068 3793 3682
7936 2 3 3 25 0 3692 3366 677
7937 2 3 3 25 0 3366 3692 3690
7938 2 3 3 25 0 3587 3514 3362
7939 2 3 3 25 0 3759 4045 3356
7940 2 3 3 25 0 4037 3136 2681
7941 2 3 3 25 0 3136 4037 3691
7942 2 3 3 25 0 2417 3223 3275
7943 2 3 3 25 0 3223 2417 3923
7944 2 3 3 25 0 326 3207 325
7945 2 3 3 25 0 3743 2539 2757
7946 2 3 3 25 0 2539 3743 3196
7947 2 3 3 25 0 4048 3871 3273
7948 2 3 3 25 0 2519 3801 2962
7949 2 3 3 25 0 3363 268 269
7950 2 3 3 25 0 268 3363 4015
7951 2 3 3 25 0 4071 3600 3494
7952 2 3 3 25 0 3614 4071 3494
7953 2 3 3 25 0 3614 3943 4071
7954 2 3 3 25 0 3943 3495 4071
7955 2 3 3 25 0 3600 4071 3466
7956 2 3 3 25 0 4071 3867 3466
7957 2 3 3 25 0 2757 2380 3895
7958 2 3 3 25 0 2380 2757 2539
7959 2 3 3 25 0 3779 3778 3372
7960 2 3 3 25 0 3413 3524 3824
7961 2 3 3 25 0 3524 3413 2621
7962 2 3 3 25 0 2875 691 692
7963 2 3 3 25 0 691 2875 2262
7964 2 3 3 25 0 3655 3792 4058
7965 2 3 3 25 0 4075 212 3453
7966 2 3 3 25 0 4075 4027 3454
7967 2 3 3 25 0 4027 4075 3453
7968 2 3 3 25 0 4076 3679 3091
7969 2 3 3 25 0 4076 3931 3280
7970 2 3 3 25 0 3931 4076 3091
7971 2 3 3 25 0 2480 4068 3682
7972 2 3 3 25 0 4077 2480 3814
7973 2 3 3 25 0 4068 2480 4077
7974 2 3 3 25 0 3785 4077 3816
7975 2 3 3 25 0 4077 3814 3816
7976 2 3 3 25 0 3201 3776 3506
7977 2 3 3 25 0 3776 3201 3200
7978 2 3 3 25 0 4078 2996 2972
7979 2 3 3 25 0 3080 4078 2972
7980 2 3 3 25 0 3351 4079 3266
7981 2 3 3 25 0 3515 4079 3616
7982 2 3 3 25 0 4079 3351 3616
7983 2 3 3 25 0 4080 3681 4068
7984 2 3 3 25 0 4077 4080 4068
7985 2 3 3 25 0 4081 2972 4068
7986 2 3 3 25 0 3681 4081 4068
7987 2 3 3 25 0 2681 4082 4037
7988 2 3 3 25 0 4082 3555 4037
7989 2 3 3 25 0 4084 3713 3543
7990 2 3 3 25 0 4067 4084 3543
7991 2 3 3 25 0 175 4085 174
7992 2 3 3 25 0 3625 4086 3576
7993 2 3 3 25 0 4086 3703 3576
7994 2 3 3 25 0 4070 4087 3435
7995 2 3 3 25 0 331 4088 2709
7996 2 3 3 25 0 4088 2856 2709
7997 2 3 3 25 0 3405 4089 3376
7998 2 3 3 25 0 4089 4073 3376
7999 2 3 3 25 0 3204 2973 3649
8000 2 3 3 25 0 3029 2973 3204
8001 2 3 3 25 0 3029 3114 2973
8002 2 3 3 25 0 3087 3341 3651
8003 2 3 3 25 0 3341 3652 3651
8004 2 3 3 25 0 2582 3477 2371
8005 2 3 3 25 0 3477 2582 2594
8006 2 3 3 25 0 3828 3598 4006
8007 2 3 3 25 0 3828 3085 3598
8008 2 3 3 25 0 3085 3828 3516
8009 2 3 3 25 0 2886 3487 3778
8010 2 3 3 25 0 3487 2886 3483
8011 2 3 3 25 0 2804 4036 3175
8012 2 3 3 25 0 2689 3257 4043
8013 2 3 3 25 0 2909 2987 433
8014 2 3 3 25 0 2987 2909 4016
8015 2 3 3 25 0 3537 3839 4061
8016 2 3 3 25 0 4061 3888 3890
8017 2 3 3 25 0 3239 3888 4061
8018 2 3 3 25 0 3839 3239 4061
8019 2 3 3 25 0 3276 3325 3475
8020 2 3 3 25 0 2936 3325 3276
8021 2 3 3 25 0 2690 4063 3539
8022 2 3 3 25 0 4063 2690 3438
8023 2 3 3 25 0 208 4072 2740
8024 2 3 3 25 0 2740 4072 2417
8025 2 3 3 25 0 3454 4072 209
8026 2 3 3 25 0 4072 208 209
8027 2 3 3 25 0 3524 2621 4035
8028 2 3 3 25 0 2886 4055 4074
8029 2 3 3 25 0 2886 4074 3483
8030 2 3 3 25 0 3435 3483 4074
8031 2 3 3 25 0 2433 2937 2323
8032 2 3 3 25 0 2937 3542 2323
8033 2 3 3 25 0 2292 2546 490
8034 2 3 3 25 0 2546 2292 2880
8035 2 3 3 25 0 4078 2939 2996
8036 2 3 3 25 0 2939 4078 3081
8037 2 3 3 25 0 3081 3080 3645
8038 2 3 3 25 0 3080 3081 4078
8039 2 3 3 25 0 3303 3405 3376
8040 2 3 3 25 0 3405 3303 3878
8041 2 3 3 25 0 3399 3185 3806
8042 2 3 3 25 0 3185 3399 2395
8043 2 3 3 25 0 3295 3701 3775
8044 2 3 3 25 0 3701 3295 3285
8045 2 3 3 25 0 3466 3866 3609
8046 2 3 3 25 0 3900 3655 3426
8047 2 3 3 25 0 3655 3900 3285
8048 2 3 3 25 0 3632 2872 3656
8049 2 3 3 25 0 2872 3632 3474
8050 2 3 3 25 0 3020 3903 3225
8051 2 3 3 25 0 3680 3679 3678
8052 2 3 3 25 0 3679 3680 3091
8053 2 3 3 25 0 3677 3534 3191
8054 2 3 3 25 0 3471 3087 3322
8055 2 3 3 25 0 3087 3471 3472
8056 2 3 3 25 0 4024 3676 3872
8057 2 3 3 25 0 3681 4080 3203
8058 2 3 3 25 0 3785 4080 4077
8059 2 3 3 25 0 4080 3785 3203
8060 2 3 3 25 0 3080 4081 3437
8061 2 3 3 25 0 4081 3080 2972
8062 2 3 3 25 0 4081 3681 3437
8063 2 3 3 25 0 4082 2681 3720
8064 2 3 3 25 0 4082 3675 3555
8065 2 3 3 25 0 3675 4082 3720
8066 2 3 3 25 0 3750 3749 2629
8067 2 3 3 25 0 3749 3750 3869
8068 2 3 3 25 0 3837 2798 3836
8069 2 3 3 25 0 3719 4083 3176
8070 2 3 3 25 0 4083 3268 3176
8071 2 3 3 25 0 4084 4024 3713
8072 2 3 3 25 0 4024 4084 3676
8073 2 3 3 25 0 4084 4067 3676
8074 2 3 3 25 0 4085 175 3568
8075 2 3 3 25 0 3524 4085 3568
8076 2 3 3 25 0 4085 3524 4035
8077 2 3 3 25 0 4085 173 174
8078 2 3 3 25 0 173 4085 4035
8079 2 3 3 25 0 3257 2371 4043
8080 2 3 3 25 0 4086 2665 3703
8081 2 3 3 25 0 4086 3771 2665
8082 2 3 3 25 0 4086 3625 4046
8083 2 3 3 25 0 3771 4086 4046
8084 2 3 3 25 0 3676 4087 3836
8085 2 3 3 25 0 4087 3676 4067
8086 2 3 3 25 0 4087 4070 3836
8087 2 3 3 25 0 4067 3435 4087
8088 2 3 3 25 0 3435 4067 3578
8089 2 3 3 25 0 3739 3563 4065
8090 2 3 3 25 0 3563 3739 3956
8091 2 3 3 25 0 2566 452 2375
8092 2 3 3 25 0 452 2566 451
8093 2 3 3 25 0 4088 332 2593
8094 2 3 3 25 0 332 4088 331
8095 2 3 3 25 0 2856 4088 2593
8096 2 3 3 25 0 3909 4089 3405
8097 2 3 3 25 0 4073 2502 3376
8098 2 3 3 25 0 3059 3102 3731
8099 2 3 3 25 0 3102 3059 4026
8100 2 3 3 25 0 4090 379 380
8101 2 3 3 25 0 3081 4090 380
8102 2 3 3 25 0 4093 2886 3778
8103 2 3 3 25 0 2242 4094 2636
8104 2 3 3 25 0 3712 4094 3480
8105 2 3 3 25 0 4094 3712 2636
8106 2 3 3 25 0 309 4096 308
8107 2 3 3 25 0 3136 4098 2681
8108 2 3 3 25 0 4098 4083 2681
8109 2 3 3 25 0 3314 2478 2688
8110 2 3 3 25 0 2647 2665 2666
8111 2 3 3 25 0 2647 3703 2665
8112 2 3 3 25 0 3837 3836 4070
8113 2 3 3 25 0 3003 3649 3074
8114 2 3 3 25 0 2721 406 3990
8115 2 3 3 25 0 3325 2721 3990
8116 2 3 3 25 0 3325 3476 3475
8117 2 3 3 25 0 3476 4024 3475
8118 2 3 3 25 0 695 2873 694
8119 2 3 3 25 0 2873 2874 694
8120 2 3 3 25 0 4097 2519 2962
8121 2 3 3 25 0 2733 4097 2962
8122 2 3 3 25 0 2929 3237 306
8123 2 3 3 25 0 3237 2929 4069
8124 2 3 3 25 0 4090 3081 3645
8125 2 3 3 25 0 4090 3644 379
8126 2 3 3 25 0 3644 4090 3645
8127 2 3 3 25 0 3828 3912 3516
8128 2 3 3 25 0 3828 4092 3912
8129 2 3 3 25 0 3315 3102 3729
8130 2 3 3 25 0 3866 309 310
8131 2 3 3 25 0 4096 309 3866
8132 2 3 3 25 0 3818 4091 3657
8133 2 3 3 25 0 4091 3909 3657
8134 2 3 3 25 0 3909 4091 4089
8135 2 3 3 25 0 3517 4092 3828
8136 2 3 3 25 0 4092 3517 3216
8137 2 3 3 25 0 3259 2930 3273
8138 2 3 3 25 0 2930 3259 3685
8139 2 3 3 25 0 4096 3866 3466
8140 2 3 3 25 0 3867 4096 3466
8141 2 3 3 25 0 2929 308 4096
8142 2 3 3 25 0 4069 2929 4096
8143 2 3 3 25 0 3867 4069 4096
8144 2 3 3 25 0 4097 609 610
8145 2 3 3 25 0 609 4097 2733
8146 2 3 3 25 0 2519 4097 610
8147 2 3 3 25 0 3762 4098 3136
8148 2 3 3 25 0 4098 3762 3268
8149 2 3 3 25 0 4083 4098 3268
8150 2 3 3 25 0 3731 3230 3059
8151 2 3 3 25 0 3230 3731 3582
8152 2 3 3 25 0 3569 4083 3719
8153 2 3 3 25 0 2508 429 430
8154 2 3 3 25 0 3203 3785 4099
8155 2 3 3 25 0 3074 4099 3101
8156 2 3 3 25 0 3101 4099 3817
8157 2 3 3 25 0 4099 3785 3817
8158 2 3 3 25 0 4101 2478 3314
8159 2 3 3 25 0 4102 4066 3203
8160 2 3 3 25 0 3004 3003 2710
8161 2 3 3 25 0 3004 3020 3003
8162 2 3 3 25 0 3868 3565 3107
8163 2 3 3 25 0 3565 3868 3470
8164 2 3 3 25 0 3939 3514 3587
8165 2 3 3 25 0 3514 3939 3274
8166 2 3 3 25 0 2519 3396 3801
8167 2 3 3 25 0 3396 2519 3800
8168 2 3 3 25 0 4055 3845 4049
8169 2 3 3 25 0 3284 4095 3190
8170 2 3 3 25 0 3666 4095 3534
8171 2 3 3 25 0 4095 3666 3190
8172 2 3 3 25 0 3644 3436 3601
8173 2 3 3 25 0 3436 3644 3645
8174 2 3 3 25 0 429 2719 428
8175 2 3 3 25 0 2719 429 2508
8176 2 3 3 25 0 2647 2646 2762
8177 2 3 3 25 0 2646 2647 2763
8178 2 3 3 25 0 2285 688 689
8179 2 3 3 25 0 2285 3989 688
8180 2 3 3 25 0 3248 3989 2285
8181 2 3 3 25 0 4100 4091 3818
8182 2 3 3 25 0 3582 393 394
8183 2 3 3 25 0 2934 393 3582
8184 2 3 3 25 0 2982 3020 2760
8185 2 3 3 25 0 3020 2982 3903
8186 2 3 3 25 0 2952 4101 4062
8187 2 3 3 25 0 4101 2952 2478
8188 2 3 3 25 0 3901 4102 4064
8189 2 3 3 25 0 4102 3901 4066
8190 2 3 3 25 0 4064 4102 2973
8191 2 3 3 25 0 4103 4099 3074
8192 2 3 3 25 0 4099 4103 3203
8193 2 3 3 25 0 4103 4102 3203
8194 2 3 3 25 0 4103 3649 2973
8195 2 3 3 25 0 3649 4103 3074
8196 2 3 3 25 0 4102 4103 2973
8197 2 3 3 25 0 4104 3779 4062
8198 2 3 3 25 0 3779 4104 3778
8199 2 3 3 25 0 3768 3818 3112
8200 2 3 3 25 0 3768 4100 3818
8201 2 3 3 25 0 3819 3768 3112
8202 2 3 3 25 0 4100 3768 3362
8203 2 3 3 25 0 2886 4093 4055
8204 2 3 3 25 0 3845 4093 3643
8205 2 3 3 25 0 3845 4055 4093
8206 2 3 3 25 0 4093 3642 3643
8207 2 3 3 25 0 3438 2952 2689
8208 2 3 3 25 0 2952 3438 2478
8209 2 3 3 25 0 2480 3106 3814
8210 2 3 3 25 0 3106 2480 3948
8211 2 3 3 25 0 3910 2435 3981
8212 2 3 3 25 0 3441 3288 3842
8213 2 3 3 25 0 4101 4104 4062
8214 2 3 3 25 0 674 3245 673
8215 2 3 3 25 0 3245 674 4060
8216 2 3 3 25 0 3230 394 395
8217 2 3 3 25 0 394 3230 3582
8218 2 3 3 25 0 2492 3851 4003
8219 2 3 3 25 0 3791 4105 3641
8220 2 3 3 25 0 4079 3457 3266
8221 2 3 3 25 0 3515 3457 4079
8222 2 3 3 25 0 2485 3814 2775
8223 2 3 3 25 0 3814 3106 2775
8224 2 3 3 25 0 3173 3765 2306
8225 2 3 3 25 0 3257 2952 4062
8226 2 3 3 25 0 2952 3257 2689
8227 2 3 3 25 0 2435 3515 3616
8228 2 3 3 25 0 520 2995 519
8229 2 3 3 25 0 520 4106 2995
8230 2 3 3 25 0 4106 3441 2995
8231 2 3 3 25 0 3677 3245 3769
8232 2 3 3 25 0 3245 3677 3490
8233 2 3 3 25 0 3625 3655 3427
8234 2 3 3 25 0 3655 3625 3426
8235 2 3 3 25 0 3557 3106 3948
8236 2 3 3 25 0 4106 521 3031
8237 2 3 3 25 0 521 4106 520
8238 2 3 3 25 0 3441 4106 3031
8239 2 3 3 25 0 3841 3441 3031
8240 2 3 3 25 0 3441 3841 3288
8241 2 3 3 25 0 2775 3846 2485
8242 2 3 3 25 0 3547 3791 3269
8243 2 3 3 25 0 3791 3547 4105
8244 2 3 3 25 0 4107 3216 3913
8245 2 3 3 25 0 3216 4107 4092
8246 2 3 3 25 0 3218 3566 3060
8247 2 3 3 25 0 3573 187 188
8248 2 3 3 25 0 2738 187 3573
8249 2 3 3 25 0 3289 3159 3952
8250 2 3 3 25 0 3159 3711 3952
8251 2 3 3 25 0 3159 3289 3660
8252 2 3 3 25 0 3284 3711 3159
8253 2 3 3 25 0 3898 3791 2364
8254 2 3 3 25 0 3791 3898 3269
8255 2 3 3 25 0 4055 3837 4070
8256 2 3 3 25 0 3837 4055 4049
8257 2 3 3 25 0 3360 3547 3764
8258 2 3 3 25 0 3547 3360 3174
8259 2 3 3 25 0 3642 3778 4104
8260 2 3 3 25 0 3778 3642 4093
8261 2 3 3 25 0 667 3218 3922
8262 2 3 3 25 0 3913 3515 4107
8263 2 3 3 25 0 4092 4107 3912
8264 2 3 3 25 0 3515 2435 4107
8265 2 3 3 25 0 4107 2435 3912
8266 2 3 3 25 0 3658 3534 4095
8267 2 3 3 25 0 3845 4108 4049
8268 2 3 3 25 0 2992 3190 3666
8269 2 3 3 25 0 3284 3658 4095
8270 2 3 3 25 0 3658 3284 3159
8271 2 3 3 25 0 3050 3632 401
8272 2 3 3 25 0 3190 2678 3577
8273 2 3 3 25 0 3708 2229 3702
8274 2 3 3 25 0 3852 4029 3637
8275 2 3 3 25 0 3920 3804 2501
8276 2 3 3 25 0 3342 2597 2941
8277 2 3 3 25 0 36 3297 35
8278 2 3 3 25 0 3718 32 33
8279 2 3 3 25 0 3967 3790 3521
8280 2 3 3 25 0 4110 3868 3846
8281 2 3 3 25 0 4111 3362 3514
8282 2 3 3 25 0 3362 4111 4100
8283 2 3 3 25 0 4112 2242 2315
8284 2 3 3 25 0 2242 4112 4094
8285 2 3 3 25 0 3393 4113 3950
8286 2 3 3 25 0 4113 3393 2251
8287 2 3 3 25 0 3730 4114 2804
8288 2 3 3 25 0 4115 3557 2798
8289 2 3 3 25 0 3557 4115 3106
8290 2 3 3 25 0 668 4117 667
8291 2 3 3 25 0 4117 3218 667
8292 2 3 3 25 0 4117 668 2727
8293 2 3 3 25 0 3557 4119 3315
8294 2 3 3 25 0 4121 4108 3847
8295 2 3 3 25 0 4122 2502 4073
8296 2 3 3 25 0 3591 4122 4073
8297 2 3 3 25 0 4123 3233 3734
8298 2 3 3 25 0 2840 3752 3347
8299 2 3 3 25 0 3752 3346 3347
8300 2 3 3 25 0 3182 3480 4041
8301 2 3 3 25 0 3480 3873 4041
8302 2 3 3 25 0 2678 3554 2914
8303 2 3 3 25 0 3554 2678 3665
8304 2 3 3 25 0 3191 3218 4117
8305 2 3 3 25 0 3191 4117 2727
8306 2 3 3 25 0 2798 3315 3316
8307 2 3 3 25 0 3315 2798 3557
8308 2 3 3 25 0 4044 4109 3299
8309 2 3 3 25 0 3868 4110 4109
8310 2 3 3 25 0 3470 3868 4109
8311 2 3 3 25 0 3696 3470 4109
8312 2 3 3 25 0 4044 3696 4109
8313 2 3 3 25 0 4116 4110 3847
8314 2 3 3 25 0 4110 4121 3847
8315 2 3 3 25 0 4110 4116 4109
8316 2 3 3 25 0 494 3780 493
8317 2 3 3 25 0 3780 494 3233
8318 2 3 3 25 0 4091 4100 4111
8319 2 3 3 25 0 4089 4091 4111
8320 2 3 3 25 0 3591 4073 4111
8321 2 3 3 25 0 4073 4089 4111
8322 2 3 3 25 0 3480 4094 4112
8323 2 3 3 25 0 3480 4112 3873
8324 2 3 3 25 0 3535 4112 2315
8325 2 3 3 25 0 4112 4118 3873
8326 2 3 3 25 0 3535 4050 4112
8327 2 3 3 25 0 4118 4112 4050
8328 2 3 3 25 0 3832 3950 4113
8329 2 3 3 25 0 3131 4113 2251
8330 2 3 3 25 0 3834 4113 3131
8331 2 3 3 25 0 4036 2804 4114
8332 2 3 3 25 0 3102 3315 4114
8333 2 3 3 25 0 4119 4114 3315
8334 2 3 3 25 0 4114 3731 3102
8335 2 3 3 25 0 3731 4114 3730
8336 2 3 3 25 0 2775 4115 4049
8337 2 3 3 25 0 2775 3106 4115
8338 2 3 3 25 0 4115 3837 4049
8339 2 3 3 25 0 4115 2798 3837
8340 2 3 3 25 0 3847 3174 4116
8341 2 3 3 25 0 4116 3173 2933
8342 2 3 3 25 0 3314 3641 3642
8343 2 3 3 25 0 3314 4104 4101
8344 2 3 3 25 0 4104 3314 3642
8345 2 3 3 25 0 4118 3646 3805
8346 2 3 3 25 0 4118 4050 3646
8347 2 3 3 25 0 3398 4118 3805
8348 2 3 3 25 0 3591 3514 3274
8349 2 3 3 25 0 3514 3591 4111
8350 2 3 3 25 0 3765 3174 3360
8351 2 3 3 25 0 3117 3663 3414
8352 2 3 3 25 0 3663 3117 3410
8353 2 3 3 25 0 4119 3557 3948
8354 2 3 3 25 0 4036 4119 3948
8355 2 3 3 25 0 4119 4036 4114
8356 2 3 3 25 0 4108 4120 3847
8357 2 3 3 25 0 3174 3847 4120
8358 2 3 3 25 0 3547 4120 4105
8359 2 3 3 25 0 4120 3547 3174
8360 2 3 3 25 0 3643 4120 3845
8361 2 3 3 25 0 4120 3643 4105
8362 2 3 3 25 0 4120 4108 3845
8363 2 3 3 25 0 3846 4121 4110
8364 2 3 3 25 0 2775 4121 3846
8365 2 3 3 25 0 4108 4121 4049
8366 2 3 3 25 0 4121 2775 4049
8367 2 3 3 25 0 3912 3910 3911
8368 2 3 3 25 0 3910 3912 2435
8369 2 3 3 25 0 3792 3314 4058
8370 2 3 3 25 0 3314 3792 3641
8371 2 3 3 25 0 3632 400 401
8372 2 3 3 25 0 400 3632 3633
8373 2 3 3 25 0 2348 3153 2801
8374 2 3 3 25 0 3153 2348 2922
8375 2 3 3 25 0 3727 2937 2707
8376 2 3 3 25 0 2937 3727 3542
8377 2 3 3 25 0 3341 2930 3116
8378 2 3 3 25 0 3087 3086 2711
8379 2 3 3 25 0 3086 3087 3651
8380 2 3 3 25 0 3591 3694 4122
8381 2 3 3 25 0 3693 4122 3694
8382 2 3 3 25 0 3597 4122 3693
8383 2 3 3 25 0 4122 3597 2502
8384 2 3 3 25 0 3729 3316 3315
8385 2 3 3 25 0 3316 3729 3872
8386 2 3 3 25 0 3679 765 766
8387 2 3 3 25 0 765 3679 4076
8388 2 3 3 25 0 3153 3833 2691
8389 2 3 3 25 0 3833 3153 3154
8390 2 3 3 25 0 2285 3683 3248
8391 2 3 3 25 0 3683 2285 2262
8392 2 3 3 25 0 3780 4123 3046
8393 2 3 3 25 0 4123 3780 3233
8394 2 3 3 25 0 4123 3164 3046
8395 2 3 3 25 0 3734 2481 4123
8396 2 3 3 25 0 3350 2481 2984
8397 2 3 3 25 0 2481 3350 3607
8398 2 3 3 25 0 3563 3438 4000
8399 2 3 3 25 0 3438 3563 4063
8400 2 3 3 25 0 3871 4005 3870
8401 2 3 3 25 0 4005 3871 4048
8402 2 3 3 25 0 3717 3718 3716
8403 2 3 3 25 0 3481 2719 3043
8404 2 3 3 25 0 2719 3481 3876
8405 2 3 3 25 0 3349 45 46
8406 2 3 3 25 0 45 3349 4031
8407 2 3 3 25 0 2576 78 79
8408 2 3 3 25 0 78 2576 3358
8409 2 3 3 25 0 3823 3759 2825
8410 2 3 3 25 0 3759 3823 4045
8411 2 3 3 25 0 47 3349 46
8412 2 3 3 25 0 3575 2694 2617
8413 2 3 3 25 0 3579 3724 2356
8414 2 3 3 25 0 3724 3579 4023
8415 2 3 3 25 0 3589 2463 2642
8416 2 3 3 25 0 3709 3708 3702
8417 2 3 3 25 0 3708 3709 3290
8418 2 3 3 25 0 31 3717 30
8419 2 3 3 25 0 3752 3637 4029
8420 2 3 3 25 0 3637 3752 3168
8421 2 3 3 25 0 3804 3803 2501
8422 2 3 3 25 0 3803 3804 3595
8423 2 3 3 25 0 3897 2490 2491
8424 2 3 3 25 0 2490 3897 3444
8425 2 3 3 25 0 2942 3342 2941
8426 2 3 3 25 0 3342 2942 3933
8427 2 3 3 25 0 3297 34 35
8428 2 3 3 25 0 3766 3240 2607
8429 2 3 3 25 0 3835 3575 3927
8430 2 3 3 25 0 3575 3835 2694
8431 2 3 3 25 0 2808 2965 3305
8432 2 3 3 25 0 2965 2808 2703
8433 2 3 3 25 0 3773 3481 3368
8434 2 3 3 25 0 3481 3773 3486
8435 2 3 3 25 0 530 2942 529
8436 2 3 3 25 0 2942 530 2919
8437 2 3 3 25 0 427 2718 426
8438 2 3 3 25 0 2718 427 4017
8439 2 3 3 25 0 3126 559 560
8440 2 3 3 25 0 559 3126 3125
8441 2 3 3 25 0 3439 3324 3924
8442 2 3 3 25 0 3324 3439 3933
8443 2 3 3 25 0 3629 2412 3631
8444 2 3 3 25 0 2412 3629 3309
8445 2 3 3 25 0 3439 3664 3213
8446 2 3 3 25 0 3664 3439 3924
8447 2 3 3 25 0 3715 3717 3716
8448 2 3 3 25 0 3717 3715 2767
8449 2 3 3 25 0 3579 3857 3605
8450 2 3 3 25 0 290 2701 289
8451 2 3 3 25 0 2701 290 2592
8452 2 3 3 25 0 2744 589 3742
8453 2 3 3 25 0 529 2941 528
8454 2 3 3 25 0 2941 529 2942
8455 2 3 3 25 0 3500 3193 2986
8456 2 3 3 25 0 3193 3500 2525
8457 2 3 3 25 0 3267 2786 3689
8458 2 3 3 25 0 2786 3267 3063
8459 2 3 3 25 0 356 3593 355
8460 2 3 3 25 0 3593 356 3585
8461 2 3 3 25 0 34 3718 33
8462 2 3 3 25 0 3718 34 3297
8463 2 3 3 25 0 2744 3501 3301
8464 2 3 3 25 0 3501 2744 4057
8465 2 3 3 25 0 157 3744 156
8466 2 3 3 25 0 3744 157 2479
8467 2 3 3 25 0 3391 3790 2462
8468 2 3 3 25 0 3790 3391 3521
8469 2 3 3 25 0 3342 3439 3932
8470 2 3 3 25 0 3439 3342 3933
8471 2 3 3 25 0 3349 3344 4031
8472 2 3 3 25 0 3344 3349 3002
8473 2 3 3 25 0 3428 3401 3206
8474 2 3 3 25 0 3401 3428 3286
8475 2 3 3 25 0 3383 3378 3122
8476 2 3 3 25 0 3378 3383 2743
8477 2 3 3 25 0 49 3448 48
8478 2 3 3 25 0 3448 49 2661
8479 2 3 3 25 0 3500 3531 3561
8480 2 3 3 25 0 3531 3500 2986
8481 2 3 3 25 0 3079 3558 2990
8482 2 3 3 25 0 3558 3079 2486
8483 2 3 3 25 0 189 3573 188
8484 2 3 3 25 0 3573 189 3034
8485 2 3 3 25 0 2674 3589 2322
8486 2 3 3 25 0 3589 2674 2463
8487 2 3 3 25 0 3622 2353 2961
8488 2 3 3 25 0 3727 3726 3954
8489 2 3 3 25 0 3813 3804 3445
8490 2 3 3 25 0 3804 3813 3994
8491 2 3 3 25 0 3667 3848 3988
8492 2 3 3 25 0 3897 3504 3255
8493 2 3 3 25 0 3504 3897 3899
8494 2 3 3 25 0 2957 754 755
8495 2 3 3 25 0 754 2957 3355
8496 2 3 3 25 0 2994 537 538
8497 2 3 3 25 0 537 2994 2622
8498 2 3 3 25 0 510 3143 2390
8499 2 3 3 25 0 3143 510 511
8500 2 3 3 25 0 2280 3744 2479
8501 2 3 3 25 0 3744 2280 3337
8502 2 3 3 25 0 2672 2446 3369
8503 2 3 3 25 0 3369 3606 2672
8504 2 3 3 25 0 2503 2438 3394
8505 2 3 3 25 0 2438 2503 2263
8506 2 3 3 25 0 75 2991 74
8507 2 3 3 25 0 2991 75 3338
8508 2 3 3 25 0 2896 2834 2541
8509 2 3 3 25 0 2834 2896 2433
8510 2 3 3 25 0 2616 3044 3613
8511 2 3 3 25 0 3044 2616 3135
8512 2 3 3 25 0 3281 3120 2786
8513 2 3 3 25 0 3120 3281 2457
8514 2 3 3 25 0 3385 2778 3069
8515 2 3 3 25 0 2778 3385 3384
8516 2 3 3 25 0 3407 3110 3109
8517 2 3 3 25 0 3110 3407 2345
8518 2 3 3 25 0 2592 3417 2416
8519 2 3 3 25 0 2855 3417 2592
8520 2 3 3 25 0 194 3252 193
8521 2 3 3 25 0 3252 194 3811
8522 2 3 3 25 0 2947 3478 2946
8523 2 3 3 25 0 3532 3478 2947
8524 2 3 3 25 0 3562 2779 2766
8525 2 3 3 25 0 3562 3810 2779
8526 2 3 3 25 0 3267 3688 2645
8527 2 3 3 25 0 3688 3267 3689
8528 2 3 3 25 0 3889 3888 3803
8529 2 3 3 25 0 3888 3889 3497
8530 2 3 3 25 0 3505 3897 3898
8531 2 3 3 25 0 3505 3899 3897
8532 2 3 3 25 0 2658 3310 3754
8533 2 3 3 25 0 3310 2658 2625
8534 2 3 3 25 0 3626 3230 396
8535 2 3 3 25 0 3230 3626 3059
8536 2 3 3 25 0 48 3349 47
8537 2 3 3 25 0 3448 3349 48
8538 2 3 3 25 0 3401 2976 3400
8539 2 3 3 25 0 3401 2756 2976
8540 2 3 3 25 0 3478 3479 2488
8541 2 3 3 25 0 3479 3478 2557
8542 2 3 3 25 0 3240 2915 2558
8543 2 3 3 25 0 3240 3766 2915
8544 2 3 3 25 0 3443 3770 3271
8545 2 3 3 25 0 3770 3443 3937
8546 2 3 3 25 0 178 3525 177
8547 2 3 3 25 0 3525 178 2657
8548 2 3 3 25 0 3589 2573 2322
8549 2 3 3 25 0 3589 2548 2573
8550 2 3 3 25 0 3428 3599 3615
8551 2 3 3 25 0 3599 3428 3206
8552 2 3 3 25 0 3615 2669 2959
8553 2 3 3 25 0 2669 3615 2668
8554 2 3 3 25 0 2984 3622 3350
8555 2 3 3 25 0 2353 3622 2984
8556 2 3 3 25 0 3539 3648 3194
8557 2 3 3 25 0 3648 3539 2631
8558 2 3 3 25 0 3652 3116 3375
8559 2 3 3 25 0 3116 3652 3341
8560 2 3 3 25 0 3360 3667 3765
8561 2 3 3 25 0 3848 3667 3360
8562 2 3 3 25 0 2955 3677 3769
8563 2 3 3 25 0 3534 3677 2955
8564 2 3 3 25 0 3726 2705 2319
8565 2 3 3 25 0 3726 3727 2705
8566 2 3 3 25 0 3782 3570 2642
8567 2 3 3 25 0 2463 3782 2642
8568 2 3 3 25 0 3791 3792 2364
8569 2 3 3 25 0 3641 3792 3791
8570 2 3 3 25 0 3857 2769 659
8571 2 3 3 25 0 3857 3579 2769
8572 2 3 3 25 0 3851 3887 3850
8573 2 3 3 25 0 3887 3851 3445
8574 2 3 3 25 0 581 3908 580
8575 2 3 3 25 0 3908 581 2419
8576 2 3 3 25 0 2273 87 88
8577 2 3 3 25 0 87 2273 2612
8578 2 3 3 25 0 2271 3169 2348
8579 2 3 3 25 0 2248 3169 2271
8580 2 3 3 25 0 12 2248 769
8581 2 3 3 25 0 2248 12 770
8582 2 3 3 25 0 2343 2588 2998
8583 2 3 3 25 0 2588 2343 2440
8584 2 3 3 25 0 2630 463 464
8585 2 3 3 25 0 463 2630 2357
8586 2 3 3 25 0 2474 61 2350
8587 2 3 3 25 0 61 2474 2349
8588 2 3 3 25 0 3440 2829 3189
8589 2 3 3 25 0 2829 3440 2574
8590 2 3 3 25 0 2821 2820 3404
8591 2 3 3 25 0 2820 2821 2303
8592 2 3 3 25 0 86 2821 85
8593 2 3 3 25 0 2821 86 2866
8594 2 3 3 25 0 3407 2489 2899
8595 2 3 3 25 0 2489 3407 2898
8596 2 3 3 25 0 3012 2650 2898
8597 2 3 3 25 0 2650 3012 2877
8598 2 3 3 25 0 3014 2843 2609
8599 2 3 3 25 0 2843 3014 3155
8600 2 3 3 25 0 2444 3017 604
8601 2 3 3 25 0 3017 2444 2951
8602 2 3 3 25 0 82 3097 81
8603 2 3 3 25 0 3097 82 2818
8604 2 3 3 25 0 87 2866 86
8605 2 3 3 25 0 2866 87 2612
8606 2 3 3 25 0 11 3679 766
8607 2 3 3 25 0 3679 11 767
8608 2 3 3 25 0 2837 3118 3409
8609 2 3 3 25 0 3118 2837 3663
8610 2 3 3 25 0 3237 304 305
8611 2 3 3 25 0 304 3237 2580
8612 2 3 3 25 0 32 3717 31
8613 2 3 3 25 0 3718 3717 32
8614 2 3 3 25 0 3242 3438 2690
8615 2 3 3 25 0 2478 3438 3242
8616 2 3 3 25 0 2869 2263 2503
8617 2 3 3 25 0 2869 3575 2263
8618 2 3 3 25 0 2978 3014 2609
8619 2 3 3 25 0 3014 2978 3209
8620 2 3 3 25 0 752 3079 751
8621 2 3 3 25 0 3079 752 3022
8622 2 3 3 25 0 3178 3179 3176
8623 2 3 3 25 0 3708 3179 3178
8624 2 3 3 25 0 253 3240 252
8625 2 3 3 25 0 3240 253 3228
8626 2 3 3 25 0 3271 2794 3763
8627 2 3 3 25 0 2794 3271 2870
8628 2 3 3 25 0 85 3404 84
8629 2 3 3 25 0 3404 85 2821
8630 2 3 3 25 0 3680 2348 2801
8631 2 3 3 25 0 3680 2271 2348
8632 2 3 3 25 0 3396 3798 3799
8633 2 3 3 25 0 3798 3396 2641
8634 2 3 3 25 0 3538 3178 3683
8635 2 3 3 25 0 3178 3538 2229
8636 2 3 3 25 0 3771 3194 3772
8637 2 3 3 25 0 3194 3771 2892
8638 2 3 3 25 0 3799 3801 3396
8639 2 3 3 25 0 3801 3799 2466
8640 2 3 3 25 0 3832 3834 3833
8641 2 3 3 25 0 4113 3834 3832
8642 2 3 3 25 0 3527 3173 2306
8643 2 3 3 25 0 3173 3527 2660
8644 2 3 3 25 0 3571 3619 3137
8645 2 3 3 25 0 3619 3571 3138
8646 2 3 3 25 0 3583 567 2414
8647 2 3 3 25 0 567 3583 3000
8648 2 3 3 25 0 3848 3603 2487
8649 2 3 3 25 0 4123 3607 3164
8650 2 3 3 25 0 3607 4123 2481
8651 2 3 3 25 0 252 2558 251
8652 2 3 3 25 0 2558 252 3240
8653 2 3 3 25 0 29 2767 28
8654 2 3 3 25 0 2767 29 3717
8655 2 3 3 25 0 3483 3578 3219
8656 2 3 3 25 0 3578 3483 3435
8657 2 3 3 25 0 3618 2672 3606
8658 2 3 3 25 0 2672 3618 2673
8659 2 3 3 25 0 3663 3516 3911
8660 2 3 3 25 0 3663 2837 3516
8661 2 3 3 25 0 3807 10 774
8662 2 3 3 25 0 10 3807 773
8663 2 3 3 25 0 769 2271 768
8664 2 3 3 25 0 2271 769 2248
8665 2 3 3 25 0 3802 3635 2971
8666 2 3 3 25 0 3802 3351 3635
8667 2 3 3 25 0 3792 3714 2364
8668 2 3 3 25 0 3792 3655 3714
8669 2 3 3 25 0 2644 3782 4025
8670 2 3 3 25 0 3782 2644 2792
8671 2 3 3 25 0 3611 4118 3398
8672 2 3 3 25 0 4118 3611 3873
8673 2 3 3 25 0 3186 4038 3722
8674 2 3 3 25 0 4038 3186 3700
8675 2 3 3 25 0 2967 458 459
8676 2 3 3 25 0 458 2967 2528
8677 2 3 3 25 0 3371 3776 3965
8678 2 3 3 25 0 3776 3371 3701
8679 2 3 3 25 0 3590 3007 2330
8680 2 3 3 25 0 3007 3590 3740
8681 2 3 3 25 0 3341 4048 2930
8682 2 3 3 25 0 4048 3341 3472
8683 2 3 3 25 0 3651 326 3086
8684 2 3 3 25 0 326 3651 3207
8685 2 3 3 25 0 3470 3749 3973
8686 2 3 3 25 0 3749 3470 3696
8687 2 3 3 25 0 2446 3257 3369
8688 2 3 3 25 0 2371 3257 2446
8689 2 3 3 25 0 3606 4016 3618
8690 2 3 3 25 0 4016 3606 3858
8691 2 3 3 25 0 2987 2508 431
8692 2 3 3 25 0 2508 2987 3016
8693 2 3 3 25 0 4083 3720 2681
8694 2 3 3 25 0 4083 3569 3720
8695 2 3 3 25 0 436 3618 2561
8696 2 3 3 25 0 3618 436 2673
8697 2 3 3 25 0 3558 3569 3719
8698 2 3 3 25 0 3569 3558 3238
8699 2 3 3 25 0 2744 588 589
8700 2 3 3 25 0 588 2744 3300
8701 2 3 3 25 0 2492 3445 3851
8702 2 3 3 25 0 2492 3813 3445
8703 2 3 3 25 0 3174 3173 4116
8704 2 3 3 25 0 3174 3765 3173
8705 2 3 3 25 0 3643 3641 4105
8706 2 3 3 25 0 3641 3643 3642
8707 2 3 3 25 0 3720 2992 3675
8708 2 3 3 25 0 3218 3658 3566
8709 2 3 3 25 0 3658 3218 3191
8710 2 3 3 25 0 3658 3191 3534
8711 2 3 3 25 0 3299 4116 2933
8712 2 3 3 25 0 4116 3299 4109
8713 2 3 3 25 0 2678 2992 3665
8714 2 3 3 25 0 2992 2678 3190
8715 2 3 3 25 0 3674 3720 3569
8716 2 3 3 25 0 2992 3720 3674
$EndElements
