$MeshFormat
2.1 0 8
$EndMeshFormat
$PhysicalNames
7
1 4 "source"
1 5 "gate"
1 6 "drain"
1 7 "backcontact"
2 1 "substrate"
2 2 "contact"
2 3 "oxide"
$EndPhysicalNames
$Nodes
3047
1 0 -0.25 0
2 0 0 0
3 0.1375 -0.25 0
4 -0.1375 -0.25 0
5 0.1375 0 0
6 -0.1375 0 0
7 -0.0475 0 0
8 -0.0425 0 0
9 0.0425 0 0
10 0.0475 0 0
11 -0.0375 0 0
12 0.0375 0 0
13 0.1375 -0.02 0
14 -0.1375 -0.02 0
15 -0.0425 -0.02 0
16 0.0425 -0.02 0
17 -0.0425 0.0025 0
18 0.0425 0.0025 0
19 0 0.0025 0
20 -0.1031250000000867 -0.25 0
21 -0.06875000000017348 -0.25 0
22 -0.03437500000008674 -0.25 0
23 0.1375 -0.2198175941176909 0
24 0.1375 -0.1922756964839504 0
25 0.1375 -0.1671433159541175 0
26 0.1375 -0.1442096399989259 0
27 0.1375 -0.1232823273169193 0
28 0.1375 -0.1041858442595378 0
29 0.1375 -0.0867600211560447 0
30 0.1375 -0.07085870234063604 0
31 0.1375 -0.05634851366517418 0
32 0.1375 -0.0431077526940439 0
33 0.1375 -0.03102536025624344 0
34 -0.1375 -0.2198175941176909 0
35 -0.1375 -0.1922756964839504 0
36 -0.1375 -0.1671433159541175 0
37 -0.1375 -0.1442096399989259 0
38 -0.1375 -0.1232823273169193 0
39 -0.1375 -0.1041858442595378 0
40 -0.1375 -0.0867600211560447 0
41 -0.1375 -0.07085870234063604 0
42 -0.1375 -0.05634851366517418 0
43 -0.1375 -0.0431077526940439 0
44 -0.1375 -0.03102536025624344 0
45 0.047 0 0
46 0.0465 0 0
47 0.046 0 0
48 0.0455 0 0
49 0.045 0 0
50 0.0445 0 0
51 0.044 0 0
52 0.0435 0 0
53 0.043 0 0
54 0.03699324324324324 0 0
55 0.03648648648648649 0 0
56 0.03597972972972973 0 0
57 0.03547297297297297 0 0
58 0.03496621621621621 0 0
59 0.03445945945945945 0 0
60 0.0339527027027027 0 0
61 0.03344594594594594 0 0
62 0.03293918918918919 0 0
63 0.03243243243243243 0 0
64 0.03192567567567568 0 0
65 0.03141891891891892 0 0
66 0.03091216216216216 0 0
67 0.0304054054054054 0 0
68 0.02989864864864865 0 0
69 0.02939189189189189 0 0
70 0.02888513513513513 0 0
71 0.02837837837837838 0 0
72 0.0278716216216222 0 0
73 0.02736486486486662 0 0
74 0.02685810810811104 0 0
75 0.02635135135135545 0 0
76 0.02584459459459987 0 0
77 0.02533783783784428 0 0
78 0.0248310810810887 0 0
79 0.02432432432433311 0 0
80 0.02381756756757753 0 0
81 0.02331081081082195 0 0
82 0.02280405405406636 0 0
83 0.02229729729731077 0 0
84 0.02179054054055519 0 0
85 0.02128378378379961 0 0
86 0.02077702702704402 0 0
87 0.02027027027028844 0 0
88 0.01976351351353285 0 0
89 0.01925675675677727 0 0
90 0.01875000000002169 0 0
91 0.01824324324326492 0 0
92 0.01773648648650817 0 0
93 0.01722972972975141 0 0
94 0.01672297297299466 0 0
95 0.0162162162162379 0 0
96 0.01570945945948114 0 0
97 0.01520270270272439 0 0
98 0.01469594594596763 0 0
99 0.01418918918921087 0 0
100 0.01368243243245412 0 0
101 0.01317567567569736 0 0
102 0.01266891891894061 0 0
103 0.01216216216218384 0 0
104 0.01165540540542708 0 0
105 0.01114864864867033 0 0
106 0.01064189189191358 0 0
107 0.01013513513515682 0 0
108 0.009628378378400061 0 0
109 0.00912162162164272 0 0
110 0.008614864864884789 0 0
111 0.008108108108126861 0 0
112 0.00760135135136893 0 0
113 0.007094594594611002 0 0
114 0.006587837837853074 0 0
115 0.006081081081095147 0 0
116 0.005574324324337215 0 0
117 0.005067567567579284 0 0
118 0.00456081081082136 0 0
119 0.004054054054063429 0 0
120 0.003547297297305498 0 0
121 0.003040540540547573 0 0
122 0.002533783783789642 0 0
123 0.002027027027031711 0 0
124 0.00152027027027378 0 0
125 0.001013513513515855 0 0
126 0.0005067567567579243 0 0
127 -0.043 0 0
128 -0.0435 0 0
129 -0.044 0 0
130 -0.0445 0 0
131 -0.045 0 0
132 -0.0455 0 0
133 -0.046 0 0
134 -0.0465 0 0
135 -0.047 0 0
136 -0.03799999999999133 0 0
137 -0.03849999999998265 0 0
138 -0.03899999999998265 0 0
139 -0.03949999999999133 0 0
140 -0.03999999999999999 0 0
141 -0.04050000000000867 0 0
142 -0.04100000000001734 0 0
143 -0.04150000000001734 0 0
144 -0.04200000000000867 0 0
145 0.04194444444446371 0 0
146 0.04138888888892744 0 0
147 0.0408333333333767 0 0
148 0.04027777777782114 0 0
149 0.03972222222225595 0 0
150 0.03916666666668112 0 0
151 0.03861111111111111 0 0
152 0.03805555555555555 0 0
153 -0.04803490137357846 0 0
154 -0.0486302058095903 0 0
155 -0.04929273398771689 0 0
156 -0.05003007724944786 0 0
157 -0.05085068397791229 0 0
158 -0.05176395672390115 0 0
159 -0.05278035943212084 0 0
160 -0.05391153800642983 0 0
161 -0.05517045355452985 0 0
162 -0.05657153014734764 0 0
163 -0.05813082132770095 0 0
164 -0.05986619332552945 0 0
165 -0.06179752986692841 0 0
166 -0.0639469598406059 0 0
167 -0.06633911169453136 0 0
168 -0.06900139326493226 0 0
169 -0.07196430967791076 0 0
170 -0.07526180896490944 0 0
171 -0.0789316739897645 0 0
172 -0.08301595378303891 0 0
173 -0.08756144498613343 0 0
174 -0.09262023022013027 0 0
175 -0.09825027047480853 0 0
176 -0.1045160751207207 0 0
177 -0.1114894377684635 0 0
178 -0.1192502577195843 0 0
179 -0.127887457293201 0 0
180 0.1278874572932683 0 0
181 0.1192502577197119 0 0
182 0.1114894377686391 0 0
183 0.1045160751209336 0 0
184 0.09825027047504947 0 0
185 0.09262023022039115 0 0
186 0.08756144498635528 0 0
187 0.08301595378322635 0 0
188 0.07893167398992224 0 0
189 0.07526180896504153 0 0
190 0.07196430967802081 0 0
191 0.06900139326502355 0 0
192 0.0663391116946062 0 0
193 0.06394695984066685 0 0
194 0.06179752986697741 0 0
195 0.05986619332556839 0 0
196 0.05813082132773212 0 0
197 0.05657153014737372 0 0
198 0.05517045355455139 0 0
199 0.05391153800644734 0 0
200 0.0527803594321348 0 0
201 0.05176395672391189 0 0
202 0.0508506839779202 0 0
203 0.05003007724945344 0 0
204 0.0492927339877206 0 0
205 0.04863020580959247 0 0
206 0.04803490137357946 0 0
207 0.034374999999937 -0.25 0
208 0.06874999999990018 -0.25 0
209 0.1031249999999501 -0.25 0
210 -0.0005067567567551886 0 0
211 -0.001013513513510377 0 0
212 -0.001520270270265566 0 0
213 -0.002027027027020754 0 0
214 -0.002533783783775943 0 0
215 -0.003040540540531132 0 0
216 -0.003547297297286321 0 0
217 -0.004054054054041509 0 0
218 -0.004560810810796697 0 0
219 -0.005067567567551887 0 0
220 -0.005574324324307075 0 0
221 -0.006081081081062264 0 0
222 -0.006587837837817453 0 0
223 -0.007094594594572641 0 0
224 -0.00760135135132783 0 0
225 -0.008108108108083018 0 0
226 -0.008614864864838206 0 0
227 -0.009121621621593395 0 0
228 -0.009628378378349045 0 0
229 -0.01013513513510515 0 0
230 -0.01064189189186126 0 0
231 -0.01114864864861737 0 0
232 -0.01165540540537347 0 0
233 -0.01216216216212958 0 0
234 -0.01266891891888569 0 0
235 -0.0131756756756418 0 0
236 -0.0136824324323979 0 0
237 -0.01418918918915401 0 0
238 -0.01469594594591012 0 0
239 -0.01520270270266623 0 0
240 -0.01570945945942233 0 0
241 -0.01621621621617844 0 0
242 -0.01672297297293455 0 0
243 -0.01722972972969065 0 0
244 -0.01773648648644676 0 0
245 -0.01824324324320287 0 0
246 -0.01874999999995898 0 0
247 -0.01925675675671626 0 0
248 -0.01976351351347353 0 0
249 -0.02027027027023081 0 0
250 -0.0207770270269881 0 0
251 -0.02128378378374537 0 0
252 -0.02179054054050266 0 0
253 -0.02229729729725994 0 0
254 -0.02280405405401721 0 0
255 -0.02331081081077449 0 0
256 -0.02381756756753177 0 0
257 -0.02432432432428905 0 0
258 -0.02483108108104633 0 0
259 -0.02533783783780361 0 0
260 -0.02584459459456089 0 0
261 -0.02635135135131817 0 0
262 -0.02685810810807545 0 0
263 -0.02736486486483273 0 0
264 -0.02787162162159001 0 0
265 -0.02837837837834787 0 0
266 -0.02888513513510632 0 0
267 -0.02939189189186477 0 0
268 -0.02989864864862323 0 0
269 -0.03040540540538168 0 0
270 -0.03091216216214013 0 0
271 -0.03141891891889859 0 0
272 -0.03192567567565703 0 0
273 -0.03243243243241548 0 0
274 -0.03293918918917394 0 0
275 -0.03344594594593239 0 0
276 -0.03395270270269084 0 0
277 -0.03445945945944929 0 0
278 -0.03496621621620774 0 0
279 -0.03547297297296619 0 0
280 -0.03597972972972465 0 0
281 -0.0364864864864831 0 0
282 -0.03699324324324155 0 0
283 -0.1278552695515348 -0.02 0
284 -0.1189938711704752 -0.02 0
285 -0.1108521851776288 -0.02 0
286 -0.1033717577763741 -0.02 0
287 -0.09649888084434281 -0.02 0
288 -0.09018421052723184 -0.02 0
289 -0.08438241090406898 -0.02 0
290 -0.07905182550712574 -0.02 0
291 -0.07415418490780157 -0.02 0
292 -0.06965432368063949 -0.02 0
293 -0.06551993585601254 -0.02 0
294 -0.06172133858561557 -0.02 0
295 -0.05823125852786816 -0.02 0
296 -0.05502463813724298 -0.02 0
297 -0.0520784559718802 -0.02 0
298 -0.04937155961195888 -0.02 0
299 -0.04688451330690424 -0.02 0
300 -0.04459946208356604 -0.02 0
301 -0.0420309024292217 -0.01812360971688682 0
302 -0.04159481266083853 -0.01637925064335415 0
303 -0.04118940821256063 -0.01475763285024255 0
304 -0.04081252990799439 -0.01325011963197757 0
305 -0.04046217051267914 -0.01184868205071659 0
306 -0.04013646401981211 -0.01054585607924847 0
307 -0.03983367576493577 -0.009334703059743097 0
308 -0.03955219308390279 -0.008208772335611179 0
309 -0.03929051684968181 -0.007162067398727243 0
310 -0.03904725338529692 -0.006189013541187669 0
311 -0.03882110703702912 -0.005284428148116478 0
312 -0.03861087336057963 -0.004443493442318527 0
313 -0.03841543274749649 -0.00366173098998596 0
314 -0.03823374423987552 -0.002934976959502105 0
315 -0.03806484018842434 -0.002259360753697363 0
316 -0.03790782099425758 -0.001631283977030325 0
317 -0.03776185039593128 -0.00104740158372512 0
318 -0.03762615099875878 -0.0005046039950351404 0
319 0.0420309024292217 -0.01812360971688682 0
320 0.04159481266083853 -0.01637925064335415 0
321 0.04118940821256063 -0.01475763285024255 0
322 0.04081252990799439 -0.01325011963197757 0
323 0.04046217051267914 -0.01184868205071659 0
324 0.04013646401981211 -0.01054585607924847 0
325 0.03983367576493577 -0.009334703059743097 0
326 0.03955219308390279 -0.008208772335611179 0
327 0.03929051684968181 -0.007162067398727243 0
328 0.03904725338529692 -0.006189013541187669 0
329 0.03882110703702912 -0.005284428148116478 0
330 0.03861087336057963 -0.004443493442318527 0
331 0.03841543274749649 -0.00366173098998596 0
332 0.03823374423987552 -0.002934976959502105 0
333 0.03806484018842434 -0.002259360753697363 0
334 0.03790782099425758 -0.001631283977030325 0
335 0.03776185039593128 -0.00104740158372512 0
336 0.03762615099875878 -0.0005046039950351404 0
337 0.04459946208356022 -0.02 0
338 0.04688451330689105 -0.02 0
339 0.04937155961193754 -0.02 0
340 0.05207845597185032 -0.02 0
341 0.05502463813720244 -0.02 0
342 0.05823125852781146 -0.02 0
343 0.06172133858554013 -0.02 0
344 0.06551993585591602 -0.02 0
345 0.06965432368051803 -0.02 0
346 0.07415418490765288 -0.02 0
347 0.07905182550694412 -0.02 0
348 0.08438241090385085 -0.02 0
349 0.0901842105269734 -0.02 0
350 0.0964988808441099 -0.02 0
351 0.1033717577761732 -0.02 0
352 0.1108521851774685 -0.02 0
353 0.1189938711703637 -0.02 0
354 0.1278552695514775 -0.02 0
355 -0.0425 0.0009150635881453789 0
356 0.0425 0.0009150635881453789 0
357 0.0409821428571475 0.0025 0
358 0.039464285714295 0.0025 0
359 0.03794642857144251 0.0025 0
360 0.03642857142859001 0.0025 0
361 0.03491071428573751 0.0025 0
362 0.03339285714288502 0.0025 0
363 0.03187500000003252 0.0025 0
364 0.03035714285718313 0.0025 0
365 0.02883928571433372 0.0025 0
366 0.02732142857148433 0.0025 0
367 0.02580357142863493 0.0025 0
368 0.02428571428578553 0.0025 0
369 0.02276785714293613 0.0025 0
370 0.02125000000008673 0.0025 0
371 0.01973214285722494 0.0025 0
372 0.01821428571436315 0.0025 0
373 0.01669642857150136 0.0025 0
374 0.01517857142863958 0.0025 0
375 0.01366071428577779 0.0025 0
376 0.012142857142916 0.0025 0
377 0.0106250000000542 0.0025 0
378 0.009107142857189318 0.0025 0
379 0.007589285714324434 0.0025 0
380 0.006071428571459543 0.0025 0
381 0.004553571428594659 0.0025 0
382 0.003035714285729768 0.0025 0
383 0.001517857142864884 0.0025 0
384 -0.001517857142851826 0.0025 0
385 -0.003035714285703652 0.0025 0
386 -0.004553571428555478 0.0025 0
387 -0.006071428571407305 0.0025 0
388 -0.00758928571425913 0.0025 0
389 -0.009107142857110955 0.0025 0
390 -0.01062499999996278 0.0025 0
391 -0.01214285714281447 0.0025 0
392 -0.01366071428566615 0.0025 0
393 -0.01517857142851784 0.0025 0
394 -0.01669642857136953 0.0025 0
395 -0.01821428571422121 0.0025 0
396 -0.0197321428570729 0.0025 0
397 -0.02124999999992459 0.0025 0
398 -0.02276785714278557 0.0025 0
399 -0.02428571428564655 0.0025 0
400 -0.02580357142850753 0.0025 0
401 -0.02732142857136851 0.0025 0
402 -0.02883928571422949 0.0025 0
403 -0.03035714285709047 0.0025 0
404 -0.03187499999995145 0.0025 0
405 -0.03339285714281553 0.0025 0
406 -0.0349107142856796 0.0025 0
407 -0.03642857142854368 0.0025 0
408 -0.03794642857140776 0.0025 0
409 -0.03946428571427184 0.0025 0
410 -0.04098214285713591 0.0025 0
411 0.0105602485466808 -0.007281029947994566 0
412 -0.009951499437197321 -0.006402263165385252 0
413 -0.01546223437632445 -0.006499413842231075 0
414 0.02227846007088817 -0.01096659240537235 0
415 -0.02078793355359545 -0.01024159400087059 0
416 0.01714572232898963 -0.007321140782334645 0
417 -0.02420772090567736 -0.01036880124785497 0
418 0.02543857462316957 -0.009979629015244022 0
419 -0.01997809033069916 -0.006740917047631003 0
420 0.02048705138126266 -0.00635727442785916 0
421 -0.0178808445356189 -0.002987114153810413 0
422 0.02731445130273833 -0.01013362719805128 0
423 -0.02771427729009566 -0.0090911349261597 0
424 -0.0290770333119133 -0.01065929360497083 0
425 0.03027381853556084 -0.01082023966246205 0
426 -0.02662744133630822 -0.006408365889662756 0
427 0.03282851532803531 -0.01162811773873891 0
428 0.02700392696891802 -0.006433672717679664 0
429 -0.03283621548081815 -0.01121320353226241 0
430 -0.03112350549858068 -0.009500604586739004 0
431 0.02900713639847614 -0.006330295123189741 0
432 0.02757515255791265 -0.003250450909887877 0
433 0.03205460887343305 -0.008639784716580974 0
434 -0.03283254201535182 -0.006583846402576826 0
435 0.03264304191816243 -0.006619189569804561 0
436 -0.03004655038785017 -0.003174965671754824 0
437 0.02935550828198477 -0.002633658786309562 0
438 0.03105818899087829 -0.001269815798099956 0
439 -0.03048811891806551 -0.002035494418079887 0
440 -0.0337278642208059 -0.004827090683547018 0
441 -0.03272393435587415 -0.002077724991732212 0
442 0.03410513165569791 -0.002748850233425532 0
443 -0.0354032982671067 -0.003343335249366268 0
444 0.03622209201060591 -0.00383457659330668 0
445 0.0364337995366167 -0.1341249379662131 0
446 -0.03770224965484397 -0.1379659645084256 0
447 0.077014632095199 -0.123613147374723 0
448 -0.07526709712352204 -0.1274859065480927 0
449 0.07949980936254601 -0.0911679877693852 0
450 -0.07936729096506705 -0.09146945589201272 0
451 0.09064403749002416 -0.05769438040827291 0
452 -0.090621668740527 -0.05774450064954354 0
453 0.03547040415644134 -0.001396220953576768 0
454 -0.0353994907022862 -0.002017691563668528 0
455 0.1036716153937235 -0.06200501086517555 0
456 -0.1034937856353438 -0.06140947256685686 0
457 0.03653842584357302 -0.001278653684760518 0
458 0.1004990138479228 -0.04058813976640824 0
459 -0.1004949234109163 -0.04059731181328841 0
460 0.08782915683897695 -0.190597660995507 0
461 -0.08675284341035638 -0.1908184576919002 0
462 0.1109011976498954 -0.2123723385286703 0
463 -0.1105657909566019 -0.2123841661600221 0
464 -0.0371965577812963 -0.0004694153662317322 0
465 0.03694870091115373 -0.0003507996351283282 0
466 -0.013265053509749 -0.00568009377309333 0
467 0.01234320404998906 -0.004481813806475067 0
468 -0.01181589453564521 -0.003555635849703565 0
469 -0.01300497834126558 -0.00317401277845659 0
470 -0.01535667592703886 -0.004689553826378075 0
471 0.01527163031102193 -0.005732862969018111 0
472 -0.01822366507857351 -0.005392234161575473 0
473 0.01794179307599337 -0.00516887241477491 0
474 0.02472283784047447 -0.01406343039147945 0
475 -0.0242677674960534 -0.01366074185145059 0
476 0.01897951419423255 -0.00436046238534495 0
477 -0.01951545616121756 -0.00404757494303932 0
478 0.01777333274371157 -0.002187819144770807 0
479 0.02066077338383347 -0.03540230064664888 0
480 -0.0213860357571138 -0.03417323140510112 0
481 -0.01913756259398638 -0.002160293356845633 0
482 0.01930365961831015 -0.002749488308286923 0
483 0.00919406734088684 -0.001072776293688419 0
484 -0.02161899729370918 -0.003920219602328755 0
485 0.02172392205752131 -0.004002634102392723 0
486 -0.007998746529555166 -0.001552900608792633 0
487 0.008379537418709315 -0.001756592148171554 0
488 0.02450402678914535 -0.005577013986267349 0
489 -0.02292522913459895 -0.004649708401129176 0
490 -0.02490248101381569 -0.00439057833900687 0
491 0.01050448618583269 -0.001870675615495048 0
492 -0.009638739791131334 -0.002980860410629935 0
493 0.009267407449112286 -0.00254307020854782 0
494 0.0212039679124179 -0.001832690652183307 0
495 0.01435612837385096 -0.002233894449964409 0
496 -0.0117510015658006 -0.001045706001718883 0
497 0.02265338340555196 -0.001877937716022647 0
498 0.004279901878941309 -0.002775834510429228 0
499 0.0153129465791698 -0.001464449366211948 0
500 0.01174967631679234 -0.002268838890545336 0
501 -0.005159481639063463 -0.002697116397502787 0
502 -0.01518389434612845 -0.003072638393969397 0
503 -0.0260496563421733 -0.003318943092142718 0
504 0.0297584810491735 -0.01895041648355615 0
505 -0.02093190895014017 -0.001414975215384045 0
506 0.02507238584770857 -0.003220776101324895 0
507 -0.007284823002278867 -0.002063946145318216 0
508 0.008028986952264413 -0.004494819417215453 0
509 0.01695100896656732 -0.002929952535571014 0
510 0.02425389235198526 -0.002904400200658866 0
511 -0.01379983803383258 -0.001113570414156302 0
512 -0.02308468750844894 -0.002312699798736734 0
513 -0.03014012704743309 -0.01525922717740445 0
514 0.02594485450815791 -0.003425843695747048 0
515 0.02921267036456446 -0.003989371137095701 0
516 -0.02894712676238079 -0.002485585116382425 0
517 -0.003414376303903126 -0.006144399948921404 0
518 0.003064774401173409 -0.005790314642227687 0
519 0.001620609149304515 -0.01077621458085079 0
520 -0.0001457238757513822 -0.007695627373500069 0
521 0.01952648968926805 -0.08333432566486965 0
522 -0.01939761289078439 -0.08356980349817232 0
523 0.06359227335367516 -0.0507583420846918 0
524 -0.06452890218871862 -0.05274579743825297 0
525 -0.02496296257501575 -0.001954359467372106 0
526 0.0342962890639916 -0.0150775130062841 0
527 -0.01591463615705961 -0.00149606892902981 0
528 0.03987061255594599 -0.01544601630813507 0
529 -0.02425407484236685 -0.008000548586386476 0
530 -0.04002612094327548 -0.01581815110539533 0
531 0.03680453763217704 -0.01189338356525746 0
532 0.0256521512334428 -0.001502962187805723 0
533 0.03268306797868988 -0.002304642224888518 0
534 0.02112504323907527 -0.008424356000359861 0
535 -0.03608598334944894 -0.01253345830698034 0
536 0.0175161787799407 -0.01295839186679216 0
537 -0.01706475500520018 -0.01304986074087625 0
538 0.009015550805652563 -0.01400697100976167 0
539 -0.00917562095367931 -0.01428220147306002 0
540 -0.01719990477316766 -0.00755605296542725 0
541 0.01880209071050973 -0.00816144260440994 0
542 -0.06431821769160861 -0.02804530869270386 0
543 0.06432635662039472 -0.02802834635591378 0
544 0.0329823809986205 -0.001066482840550956 0
545 0.01950759733391397 -0.007116299138274075 0
546 0.08616198944396372 -0.03971677295901197 0
547 -0.08615336527137177 -0.03973562277611343 0
548 -0.03246176385520494 -0.003531535170328393 0
549 0.02802206599032634 -0.001363550473995296 0
550 -0.02838200275705923 -0.001357850020720942 0
551 0.03098832467016871 -0.004877728299672766 0
552 -0.03002556242356683 -0.004943338344540265 0
553 0.0335160407507596 -0.001420017619906568 0
554 -0.03187188378665477 -0.003980835820711385 0
555 0.02171815898207912 -0.006611400695362465 0
556 -0.03771150009723848 -0.007177062533917583 0
557 0.03464555383311836 -0.001604362260800585 0
558 -0.03393512547138972 -0.00157914174096523 0
559 0.0375868624751594 -0.006794130909479841 0
560 0.03250661714594304 -0.003599177882251792 0
561 0.02957770283789977 -0.005797144097641646 0
562 -0.03614023712514068 -0.005541180575441482 0
563 -0.06076308666949837 -0.1075153185491241 0
564 0.06086242117511356 -0.1071351832542744 0
565 0.0355371790446211 -0.007677759508032758 0
566 -0.0352074467791702 -0.007744399208470797 0
567 0.03640278052686845 -0.004861989234408213 0
568 0.02945554910064685 -0.0007874687508969755 0
569 0.02907182595373163 -0.001251762231925995 0
570 0.03948690399470823 -0.01408851338610799 0
571 -0.03696931389943483 -0.004193020758191853 0
572 -0.03387694826843038 -0.008496871145886428 0
573 0.03433632905407494 -0.007865585599981437 0
574 -0.0331211555001787 -0.009645922040191676 0
575 0.03421732650935164 -0.0004626399182711176 0
576 -0.03729906044734516 -0.003608309776964214 0
577 0.03687388461821684 -0.002445299070448246 0
578 -0.03397647302492142 -0.003050931216644509 0
579 -0.02928292567250141 -0.001442678217382736 0
580 0.03012268605319054 -0.0008938586291785678 0
581 -0.03680206096450544 -0.003028909699578487 0
582 0.03623691948621382 -0.002950247044750271 0
583 -0.02879074342225826 -0.00723980194719864 0
584 0.02809375259240821 -0.1902191393036189 0
585 -0.03112345799481392 -0.0008053830985983173 0
586 -0.03511711645873626 -0.001013807575063358 0
587 -0.02819965057856035 -0.1902642292538734 0
588 -0.03698106119592896 -0.002341643984037141 0
589 0.03670643994929047 -0.001732525077227525 0
590 -0.03929335964659158 -0.01309260125335508 0
591 0.03947524217402433 -0.01212410353504339 0
592 -0.02994406799400793 -0.0007154130872673005 0
593 -0.03197850301645806 -0.002263274003576429 0
594 0.06943398224954081 -0.1705913185590354 0
595 -0.06750898938711225 -0.1722944791470215 0
596 0.02784567086018626 -0.004751720780018046 0
597 0.02985509539690673 -0.008151431062068665 0
598 0.03762761270166321 -0.00344483286900049 0
599 0.09383850186370317 -0.1663179555252036 0
600 -0.09088908661208317 -0.1639319350753349 0
601 0.01333576353547269 -0.00800299826366439 0
602 -0.01347583686485353 -0.008057442731372277 0
603 0.03697130531283213 -0.001233271260951953 0
604 -0.1024015128695593 -0.140979278731453 0
605 0.1028304028017269 -0.1457083258442824 0
606 -0.03764205026448365 -0.009499271583281468 0
607 0.03777799240709094 -0.009240095071220453 0
608 0.0007561803252361297 -0.1385754877778302 0
609 0.02856841346400265 -0.008609504478327239 0
610 -0.03576658250056452 -0.0003695144332207528 0
611 -0.03724309081175716 -0.001602949142694733 0
612 0.09867265657234194 -0.04966461038465586 0
613 -0.09866476114403448 -0.04968241847334032 0
614 -0.09036337132963806 -0.02735578747204643 0
615 0.09036581415471867 -0.02735045185088504 0
616 0.03532254137053136 -0.003480580774751796 0
617 -0.02681409929181228 -0.01142007433579973 0
618 0.03588627860234587 -0.0004165752221513289 0
619 -0.1093838492149857 -0.05516991832982276 0
620 0.1092089760462378 -0.05484490710334539 0
621 0.03557738513201752 -0.002562720231512403 0
622 -0.1091161157565914 -0.04485929066337146 0
623 0.1091018901088257 -0.04479375953287992 0
624 -0.08643203294405628 -0.06928457825874111 0
625 0.086205317750267 -0.06824262588805874 0
626 -0.03208770528307046 -0.007497689859731886 0
627 0.03208330066556227 -0.007468428985789718 0
628 -0.03673026021400206 -0.0006740889622891717 0
629 0.07628092186528777 -0.2182688072578099 0
630 -0.07578187831736752 -0.2185968717315724 0
631 -0.03355281321456775 -0.005729724842881951 0
632 0.03363044846976202 -0.006099232886068329 0
633 -0.03606086440457775 -0.001593714546213722 0
634 0.03710719659506154 -0.0007962475983071648 0
635 -0.1155985314389649 -0.03689004111111794 0
636 0.1156080845437173 -0.03687301522267552 0
637 0.04993845843197801 -0.04532058500864229 0
638 0.00660407808042229 -0.05057603220181803 0
639 0.03716275392148172 -0.03123997949967436 0
640 -0.001678793902416666 -0.004428311278609643 0
641 0.001405742950804958 -0.004334551050478151 0
642 -0.02908299297404441 -0.01985917739982822 0
643 0.03672701594658438 -0.05299729921056745 0
644 -0.03553490300733826 -0.05206674870571196 0
645 -0.006440538934599233 -0.006543144004002239 0
646 0.05399805831944443 -0.02986369720639215 0
647 -0.05558571100527108 -0.0298022520499687 0
648 0.01721028900573726 -0.02013258596101197 0
649 -0.008365017235112232 -0.004255512371029803 0
650 0.02080099259383855 -0.06045610382195739 0
651 -0.02040246233950044 -0.06061619856911833 0
652 -0.01073545856114266 -0.001929275958227853 0
653 0.007069804456260988 -0.002451108168315968 0
654 0.008451245888832087 -0.008078157610255595 0
655 0.0244220851547361 -0.01845531303950435 0
656 0.03461642806760909 -0.01948757689017502 0
657 -0.0235300187150062 -0.01807476772993068 0
658 0.02118373234780305 -0.01400098042783948 0
659 -0.02066410881661765 -0.01380780323930357 0
660 0.006054955070860037 -0.009431008439926402 0
661 0.003246457047153124 -0.000862681226831584 0
662 0.006671068418286488 -0.005828497195740236 0
663 0.0103801624327581 -0.00330803037809362 0
664 -0.01664950396683306 -0.001562196555216653 0
665 0.008453784497507024 -0.03405402694805388 0
666 -0.0108475497348661 -0.02966859737998407 0
667 -0.006896020727707941 -0.003027848492655494 0
668 0.004134745000862888 -0.01344031760626831 0
669 -0.003927831948092588 -0.01338335787857875 0
670 -0.003968014766769379 -0.001113481842805968 0
671 0.01651693556817316 -0.004115367284538084 0
672 0.02677782711092075 -0.02524673576340037 0
673 -0.01776374519384826 -0.001549187833276562 0
674 0.01009779110459095 -0.004899915176689097 0
675 0.02319680824393651 -0.00373126575896296 0
676 0.01831228128297272 -0.00122022519649497 0
677 0.02372297852028699 -0.001295323224319355 0
678 -0.01071287579750315 -0.0008410287124588309 0
679 0.01189748259107011 -0.01040548213820886 0
680 -0.01842751375599696 -0.0008683197553541037 0
681 -0.004600260927284946 -0.001201115167572498 0
682 0.004198608981140787 -0.001172663413182994 0
683 -0.009334211702212394 -0.001329135369295328 0
684 0.0742988867188191 -0.03309924418616385 0
685 -0.07428912024027273 -0.03312028332621877 0
686 -0.01187668296877933 -0.01073057102161102 0
687 -0.009294346088149535 -0.008990301956425318 0
688 0.005963449051942617 -0.001560533027213253 0
689 -0.005229586839778702 -0.001322269468085782 0
690 -0.02589060433806994 -0.001631392754332728 0
691 0.008917227376448211 -0.009723260541294019 0
692 0.01931887718273812 -0.001284389713797646 0
693 0.008582042627774001 -0.001155442072821739 0
694 -0.06756901422672733 -0.0369897744408261 0
695 0.06758935857956384 -0.03694847832367074 0
696 0.01349984977885849 -0.0009761088677197417 0
697 0.007350300861869252 -0.0009995293429756367 0
698 -0.01434953211654322 -0.002250024952741011 0
699 -0.01413151275891401 -0.004234914596431339 0
700 0.02023217417916573 -0.0006364687058736964 0
701 -0.0445077582289639 -0.09199175794134858 0
702 0.01283569319582107 -0.00219100518413882 0
703 0.04481937971775449 -0.09171449224411744 0
704 -0.0264882097537831 -0.004578956919157448 0
705 0.01929091928936391 -0.01095070264810193 0
706 -0.01679216216592284 -0.002072126060032187 0
707 -0.004641516676600965 -0.004337775174478114 0
708 0.004387146755745021 -0.003594821842017558 0
709 -0.0195201209597264 -0.0009207526456063758 0
710 -0.01003949021472052 -0.004590554891982132 0
711 0.01492883102705654 -0.003812280597812231 0
712 -0.02760194880399697 -0.003125863996887022 0
713 0.0172718187472336 -0.0008509326716778285 0
714 0.01444009282360123 -0.0009826460172436275 0
715 -0.01329135561749156 -0.002079652151803241 0
716 0.006712605131206951 -0.003203302997485718 0
717 -0.01505113227947053 -0.001016531607761267 0
718 0.01570165198302576 -0.002742989715134997 0
719 0.02048297649450238 -0.003348715748512735 0
720 -0.01405511386692323 -0.00294031046592284 0
721 -0.02021755153433584 -0.003009941595673887 0
722 0.01434908305303835 -0.1090386553739527 0
723 -0.01236283165474123 -0.1053750231830842 0
724 0.02234987169268558 -0.002815903176999377 0
725 0.02614038313475897 -0.004874369252087504 0
726 0.01360706462857436 -0.01503722926431676 0
727 0.008662823332198481 -0.005996137152583532 0
728 0.0136321493414041 -0.003560805671251204 0
729 0.02544958189269729 -0.00781503900082536 0
730 0.009716346366393359 -0.0008950184937918515 0
731 -0.02298288362775155 -0.01111853931736581 0
732 -0.03811295831574912 -0.01911813279435583 0
733 -0.0224291942321142 -0.006918958575761054 0
734 0.03174303003243741 -0.001092985864168811 0
735 -0.01101612190075449 -0.004695660818573429 0
736 -0.02296751776628398 -0.003760887496095759 0
737 0.01643491471261073 -0.001763967847606922 0
738 -0.02875070344168246 -0.006084180756424312 0
739 0.02994690641022868 -0.003592324922239739 0
740 -0.0281184052471906 -0.01202809162010231 0
741 0.02395426032427795 -0.003983306789829551 0
742 0.02025951791733339 -0.004665535702887544 0
743 -0.0139026867203679 -0.01451782312000771 0
744 -0.03302906422692012 -0.01314581870881402 0
745 -0.02803704207915686 -0.001799073673918209 0
746 0.0272794880067407 -0.01537858555468819 0
747 0.02027693106348609 -0.009648724121999163 0
748 -0.02042538443198058 -0.00168542186042058 0
749 0.01102852167928044 -0.0008098399663240616 0
750 0.06510157217375342 -0.0604215910582539 0
751 -0.07483212163164384 -0.07223901456547584 0
752 -0.02766848856841502 -0.006235504892145209 0
753 -0.02191037527888147 -0.001863238874889448 0
754 -0.02275786291309879 -0.001055276901775262 0
755 0.02267698324230551 -0.006376439482790948 0
756 -0.01631314531257983 -0.003246711648458825 0
757 -0.0266934909522502 -0.01661221984659548 0
758 -0.02745182478625561 -0.003827869096257973 0
759 -0.03401246125168562 -0.07244014066149418 0
760 0.02874633544836168 -0.002839938374994078 0
761 0.03421679967904885 -0.07247008703859262 0
762 -0.01671969350547864 -0.004021838797291145 0
763 0.02863741442922975 -0.001732115613730463 0
764 -0.03331488134033589 -0.01721018359759086 0
765 0.02724552403797723 -0.008447593705833279 0
766 0.02263747793558976 -0.0008225739282078721 0
767 0.02279005609217305 -0.004915719242229093 0
768 0.01483823535865017 -0.01024815670872737 0
769 -0.02995291441471256 -0.01182268719453016 0
770 -0.02354055049872306 -0.005627862064254564 0
771 -0.037174421526085 -0.005151625537474338 0
772 0.01751583507097326 -0.004182838737911877 0
773 -0.01268589290197938 -0.001233906729322983 0
774 0.02536099393845984 -0.004530030507189823 0
775 -0.01473905887802589 -0.0105077643936784 0
776 0.02048936892829003 -0.001963951909864203 0
777 -0.01414365122760504 -0.005062250246773646 0
778 -0.02582933550119713 -0.005759573905633836 0
779 0.01034721716209659 -0.0007763176832164315 0
780 0.0269081183424458 -0.00227562160766262 0
781 0.03112551146340415 -0.0005971957844149873 0
782 0.01472134399326913 -0.0004561516789397255 0
783 0.02529589410718415 -0.009050774108017703 0
784 -0.03648516266599627 -0.008640173687278541 0
785 -0.02477196709551362 -0.005812752082363454 0
786 -0.03459993463680207 -0.001767626952677308 0
787 -0.02553946820582571 -0.003706822789883572 0
788 0.0234443427039403 -0.002354726919348965 0
789 0.01587523899303447 -0.007696407700246426 0
790 -0.01259016409282858 -0.00455374584385868 0
791 -0.007405448068090483 -0.0007123993756459989 0
792 -0.02920030750125437 -0.003798809214228038 0
793 0.01618735023659193 -0.0007095840745188905 0
794 0.01405981653374482 -0.004998582960132977 0
795 0.02948917646928205 -0.1585970125611698 0
796 -0.03403753330844596 -0.002264475466369567 0
797 -0.01575809678719484 -0.007724520516409446 0
798 -0.03213873284223381 -0.00485799589536712 0
799 -0.0262674721387588 -0.0005368669970407512 0
800 -0.03090338970322338 -0.002736295856920252 0
801 -0.02389270066769179 -0.0009177577727140819 0
802 -0.02070486459494798 -0.007698586939060379 0
803 -0.01265384597512245 -0.1715564601768345 0
804 -0.03108764860336937 -0.006675541507172443 0
805 0.005958754679472285 -0.1689669658971387 0
806 -0.03049322430967633 -0.1603027589872156 0
807 0.05864876479191805 -0.09412327510635697 0
808 0.02777572737588244 -0.007404705103791966 0
809 0.02530703167813321 -0.006043339711834238 0
810 0.03663278595663785 -0.008388577748931638 0
811 -0.05844387869735942 -0.09443975652435425 0
812 0.0221023776976022 -0.008372811283032187 0
813 0.03788449773569195 -0.004962276881908495 0
814 -0.03106114466479417 -0.01073329061790876 0
815 0.01925545519597359 -0.003526323992917412 0
816 0.01125900952459823 -0.001677670676815835 0
817 -0.0287175028132369 -0.001794666937962709 0
818 -0.0120509632923011 -0.002185837464473129 0
819 -0.01680639912457007 -0.004834940287164095 0
820 -0.01861560313063165 -0.007063269325293822 0
821 -0.01126527146164977 -0.0005860870742023664 0
822 -0.03677842799010298 -0.01092036788876635 0
823 0.02116683808070968 -0.0007969365166703356 0
824 0.02712963050503976 -0.0005452285144159284 0
825 0.02788887818641529 -0.00193626547823642 0
826 0.02242101447325883 -0.007370234882709041 0
827 -0.02557992922285102 -0.002185017303360296 0
828 -0.03334038966803075 -0.002526200102219454 0
829 0.02396678702326711 -0.007258618414741971 0
830 -0.01115830063730523 -0.003360438074256352 0
831 0.03283617979887932 -0.004979432569159466 0
832 -0.01440193477263457 -0.005987162283140634 0
833 0.02344818831744474 -0.01164454719114652 0
834 0.03337195073649567 -0.0008241361173118167 0
835 -0.0164684520653193 -0.005784838722094287 0
836 0.03190347474128197 -0.005614245115771421 0
837 0.03457416957714939 -0.01166951549861867 0
838 -0.02246701452246775 -0.005269558871686076 0
839 -0.02517854631935439 -0.0006465360330922927 0
840 -0.03149164522015867 -0.001388419036809702 0
841 -0.02682588431666474 -0.005428483917977121 0
842 -0.01537112645196661 -0.002466037982274062 0
843 0.03005420659674271 -0.004427598476185198 0
844 -0.02902817421650897 -0.005187304563598442 0
845 0.02670199156358629 -0.002914435086496423 0
846 0.02540066418654465 -0.002009951562976917 0
847 -0.03023971773282561 -0.001254368230148293 0
848 -0.03909412166054588 -0.01135896475957553 0
849 0.01207334602435979 -0.006061218489011884 0
850 -0.008396071770334704 -0.0004596591939753708 0
851 -0.02993372713094378 -0.006619425169590976 0
852 -0.03790860904396835 -0.0139521128967898 0
853 -0.02545270480599527 -0.006709181565178701 0
854 0.02868596185301364 -0.0102188356390836 0
855 -0.03444337839989081 -0.00529543825045693 0
856 -0.03175011850398098 -0.003085803778478546 0
857 -0.01611418225768283 -0.0003563536892753344 0
858 0.06873001152907636 -0.08352442012868384 0
859 -0.02046455368995426 -0.0005475490947827747 0
860 -0.02933388487312369 -0.000825310666946158 0
861 -0.06940021213613676 -0.08412127641073666 0
862 0.01214948385914001 -0.007342021772900232 0
863 -0.03705183161934981 -0.006296416537786602 0
864 -0.03772049196758347 -0.0122511713548767 0
865 0.02937192154874968 -0.004849529722768584 0
866 -0.02831590619286652 -0.003546131636191444 0
867 -0.02970421376390927 -0.002474706628236561 0
868 0.02469323726561809 -0.001910695478588209 0
869 -0.03097567929228491 -0.003598139905820929 0
870 -0.03146416551949924 -0.01228585032134612 0
871 0.03811422595483847 -0.01519082393433586 0
872 -0.03441079225730357 -0.01043851106380326 0
873 -0.01857457417898027 -0.002600902239933712 0
874 0.07801327242007422 -0.05906452672085358 0
875 -0.07944628225699107 -0.06139879907848952 0
876 -0.01154960590910486 -0.007879826454749593 0
877 0.03443821379213906 -0.002138729251677046 0
878 0.03383914018157298 -0.002027576087016229 0
879 0.02971516561424757 -0.001408650879614193 0
880 0.01329826777750349 -0.006217147179285141 0
881 0.03247885571266609 -0.01629715003074214 0
882 0.02884582374264739 -0.007250959421049408 0
883 -0.03376692229858272 -0.006607538562201388 0
884 -0.03366839661419799 -0.0004398606946529193 0
885 0.02126258075105768 -0.005629064181891665 0
886 0.05327241863826172 -0.1541463722891497 0
887 0.02747603228268043 -0.001549694996386882 0
888 -0.03666204302205144 -0.007413971252515555 0
889 -0.05158743116915452 -0.1564231677380868 0
890 0.03365477082780953 -0.01332175732497425 0
891 0.0279784473035884 -0.0008962803281290499 0
892 0.03682429367495814 -0.005988805430713881 0
893 0.02187643258191191 -0.001769070511309765 0
894 0.01226957034976879 -0.0009935271879134575 0
895 0.03749136456665576 -0.01064296094462663 0
896 0.03377310127862088 -0.004453040347269272 0
897 0.03345371331267983 -0.0034340692155654 0
898 0.03761827265058592 -0.007906562741858322 0
899 -0.03316648296019878 -0.003461568755695148 0
900 -0.03293380518906756 -0.004280791225818345 0
901 -0.03086363987320698 -0.001390580723453632 0
902 -0.03471335851664307 -0.001144309365983726 0
903 0.03783306245660429 -0.01321829053754529 0
904 -0.03293954390978351 -0.001158710748133161 0
905 0.03204362898386953 -0.004480521936125065 0
906 0.02269786839123698 -0.009418768461364744 0
907 0.03487226383314553 -0.002701170542272912 0
908 0.0350988284564888 -0.001952537211053544 0
909 0.01875236963600463 -0.002451857502375598 0
910 -0.01753395495443447 -0.006323613307837004 0
911 0.03002503869175375 -0.006913295612386068 0
912 0.03391239579619632 -0.000943761301268815 0
913 0.03467134519491089 -0.006636515703102663 0
914 0.02841108418769315 -0.003512586170290599 0
915 -0.092170959826397 -0.09076173263196934 0
916 -0.02976851938621093 -0.001715264060997683 0
917 0.09219516067938034 -0.09062588017633882 0
918 0.03042211375127953 -0.001383730991227696 0
919 -0.03222227847212451 -0.001483883373919104 0
920 0.008963599240384557 -0.0006393944487885304 0
921 0.09668892447842002 -0.07859122862871938 0
922 0.019334551106971 -0.006073332758723196 0
923 -0.03332424836011187 -0.001780781844497395 0
924 -0.09621369319824187 -0.07833261778839773 0
925 0.03044709155544974 -0.002362776258208825 0
926 -0.04707053640770253 -0.1175786015977352 0
927 0.04868936183255929 -0.1182866027150367 0
928 0.03116407760342094 -0.009712832982061761 0
929 0.02151412342786116 -0.009711313623709524 0
930 0.0367099596873125 -0.007224185686447404 0
931 0.02990487281351338 -0.009322394072949452 0
932 -0.07912525907679513 -0.04367228080629127 0
933 0.07914448362017638 -0.04363103787816749 0
934 -0.03051730817097026 -0.0008059854371900342 0
935 -0.01927532711457676 -0.003516413385433968 0
936 0.01730649129962147 -0.006073285441236641 0
937 -0.03480663458712324 -0.002693890512950276 0
938 -0.08875294484228186 -0.03427455752563614 0
939 0.08875841788616262 -0.03426260133070138 0
940 0.02772123419881719 -0.004042053000529013 0
941 0.008632154750544577 -0.003126245581965159 0
942 0.03052975261959819 -0.0004836347506130705 0
943 0.03696821507159327 -0.004055582498681232 0
944 0.0097971836516818 -0.001908300169591997 0
945 -0.02927799816350392 -0.002020766871086267 0
946 -0.03584464143063285 -0.006596953872038181 0
947 0.03580854961529999 -0.01332033131691962 0
948 -0.02165542466534993 -0.0005575594952542536 0
949 -0.03770823947796007 -0.008196136340333808 0
950 0.02439527480758332 -0.0004105091096259901 0
951 -0.03285995211715178 -0.008432059879330727 0
952 0.03531517115395938 -0.005008928192759513 0
953 -0.01222482475996334 -0.006040949373876902 0
954 -0.03593624870038482 -0.009958095586617546 0
955 0.09776691745532677 -0.0326172508484658 0
956 -0.09776436771426393 -0.0326229144398696 0
957 -0.01447862209459591 -0.007195807289520489 0
958 0.03657365826532449 -0.009616503798712386 0
959 -0.03622497175276005 -0.002385698584120213 0
960 0.01837105283534455 -0.006979243834333675 0
961 7.607413699871914e-05 -0.1925257524104502 0
962 0.03473769081062435 -0.004332966655074801 0
963 -0.03085071334844409 -0.00866519519443539 0
964 0.03267185038725313 -0.01011201833166957 0
965 0.009569691928819594 -0.001369698593526785 0
966 -0.0154140785408777 -0.003868463011490159 0
967 -0.02842663096478765 -0.0008182691945877524 0
968 -0.08330680098591282 -0.08085151288234245 0
969 0.01752827675530224 -0.138905315710618 0
970 0.03135978892480758 -0.01171258656858138 0
971 0.08231495777360937 -0.07962107419060847 0
972 -0.02876858009535936 -0.008487837175503339 0
973 -0.02448690335892001 -0.01188073333030534 0
974 -0.01739457483180721 -0.1381172330264375 0
975 -0.03071490492314467 -0.0003925055421046432 0
976 -0.01319212507728976 -0.006831429590853851 0
977 -0.0349923514558081 -0.009102911147510192 0
978 0.03521763552145964 -0.009088182074959152 0
979 -0.03858745389257571 -0.007692239084552958 0
980 0.02735958121330561 -0.005400814994773091 0
981 0.1238473301790729 -0.07634922353715444 0
982 -0.1225842094657391 -0.07814012664483748 0
983 0.08194038893849059 -0.05182160039144812 0
984 -0.08191160262038751 -0.05188056957772036 0
985 -0.06740252445267987 -0.02478508727790244 0
986 0.06740559567602254 -0.02477870891181165 0
987 -0.03127759520236609 -0.002019493898109048 0
988 0.1087811412228874 -0.02845797056965524 0
989 -0.1087801120317924 -0.02846029146650911 0
990 0.03582276909390904 -0.01071777317386288 0
991 0.03311215234669313 -0.00777470399735021 0
992 -0.03896878350756947 -0.009980638342913732 0
993 0.03879560231573053 -0.01042337254512446 0
994 0.03809629186601134 -0.01168237773516347 0
995 -0.03552776019254806 -0.001291990576661534 0
996 -0.03204000410081137 -0.01009871177529727 0
997 -0.03550628560489152 -0.01130164190441104 0
998 0.01433440773631912 -0.006624678353172851 0
999 -0.02782481332866193 -0.001083796991113394 0
1000 -0.03776806218932124 -0.004277235191563258 0
1001 -0.024151675971449 -0.004202568261856968 0
1002 -0.01648360109162936 -0.006927455099135843 0
1003 0.02943003279068322 -0.0004073455591008587 0
1004 -0.03544081094544095 -0.004845451882946337 0
1005 -0.03758237068209215 -0.002188727162062911 0
1006 0.02804715063109373 -0.006328808391936675 0
1007 0.03504660755126159 -0.001398130908839672 0
1008 -0.03034242183990863 -0.002603018602416673 0
1009 -0.01912796443370412 -0.2209264558774922 0
1010 0.02071419662742511 -0.2206052722728684 0
1011 -0.03322645549516699 -0.0074737180854028 0
1012 -0.03666759940165132 -0.003535553306897116 0
1013 0.03617580688721603 -0.002136896180684797 0
1014 0.03434384015081678 -0.00532952407322436 0
1015 0.02853953675514095 -0.005349979553607469 0
1016 0.03739425222148399 -0.001826281684267106 0
1017 -0.02969809136080829 -0.001156159883379555 0
1018 0.02884273835248202 -0.0005565312741418372 0
1019 0.04994988308390652 -0.1793928390836808 0
1020 0.03755765209940291 -0.002681265531311677 0
1021 -0.01543955906543659 -0.005490566346788049 0
1022 0.04909042665980734 -0.2060592142564267 0
1023 -0.02882488384104232 -0.001145310798084634 0
1024 -0.04813535927748283 -0.2070785473114885 0
1025 0.009078009468127438 -0.001769671067015462 0
1026 -0.02993281463420668 -0.009459918590093144 0
1027 -0.02230575430397606 -0.004102521899087717 0
1028 -0.04913601857583441 -0.1800824954928895 0
1029 0.03846049169989763 -0.006667073415041627 0
1030 0.03111433848069552 -0.007801625769116565 0
1031 -0.02725763786495172 -0.006950778580854022 0
1032 0.07156980579967817 -0.1104375702696449 0
1033 -0.07503620031936263 -0.1140018541951644 0
1034 -0.002278725104868421 -0.007956244067092782 0
1035 0.002530504885785692 -0.007875996540366871 0
1036 0.02850743195035388 -0.004332938181477859 0
1037 0.03432687670545476 -0.003608488586902436 0
1038 -0.03489282402277014 -0.0005392912674589569 0
1039 -0.03189272281007041 -0.008761278283938143 0
1040 0.02415442860733522 -0.009472654551671813 0
1041 0.03514597710482297 -0.0009234480343627513 0
1042 0.01991758670301941 -0.008366831872870359 0
1043 0.02351024409028444 -0.01054426940949013 0
1044 -0.02783328121810844 -0.01047931757661608 0
1045 0.02626399841964587 -0.001227343877479756 0
1046 0.06671548187597183 -0.1922447509357625 0
1047 -0.06933249073410394 -0.1537473785786667 0
1048 -0.0360320169671365 -0.003988298725012702 0
1049 -0.06596745794388854 -0.1929706150039311 0
1050 0.03286690809174363 -0.001666068638418643 0
1051 0.1170000135798396 -0.1578457554961251 0
1052 -0.1165978109930698 -0.1571647506847634 0
1053 0.01615080709168759 -0.006558140802299154 0
1054 0.03418912951857056 -0.00151123605995758 0
1055 0.02845165502617472 -0.001019803542695822 0
1056 0.08757844978918894 -0.04769336032340341 0
1057 -0.08756431681425524 -0.04772413836514649 0
1058 0.03691389183500258 -0.003237802393997496 0
1059 0.03303805409962923 -0.0004172787715955663 0
1060 -0.025511981448307 -0.010956671001388 0
1061 0.03557709915159961 -0.004306846903604613 0
1062 -0.02581332139870044 -0.01273671489895899 0
1063 -0.03543169066479663 -0.0007311437959336887 0
1064 -0.03877469182900473 -0.008804663771234634 0
1065 0.05925887261429896 -0.1341056587313584 0
1066 -0.0610887563849218 -0.1369256473213902 0
1067 -0.02964066196955245 -0.000373294821427916 0
1068 0.03531903913941106 -0.0004414673525813698 0
1069 -0.08285558751596508 -0.141400294575841 0
1070 -0.09003868442286504 -0.1224665331239297 0
1071 0.03457532593289971 -0.001024462527552099 0
1072 0.03479486333414219 -0.0004726499429369901 0
1073 0.08480651875908106 -0.1066313966209995 0
1074 0.06330618259851764 -0.1197210372591071 0
1075 0.04955923089446243 -0.2287335263505466 0
1076 -0.06371859696666955 -0.1204590123770976 0
1077 -0.04905233879493695 -0.2290141617865812 0
1078 0.03213933074639233 -0.0005761855639738876 0
1079 -0.08479162268548629 -0.1041732400313447 0
1080 0.03566294486743263 -0.0008798936477196596 0
1081 -0.1206226066069269 -0.1342211856894716 0
1082 0.1205396587255426 -0.1347006240622948 0
1083 0.1137608048450776 -0.1807378137868884 0
1084 -0.1129883149683596 -0.1802717460361953 0
1085 0.03567001668015916 -0.001862451603267805 0
1086 -0.03257232798502422 -0.002835657992275197 0
1087 0.03363083312854793 -0.008929540478962847 0
1088 0.09274731890414338 -0.04056745650338689 0
1089 -0.09274152409415026 -0.0405802453256676 0
1090 0.03842974592444294 -0.008449941271164408 0
1091 -0.03664537110821807 -0.001847154608514726 0
1092 0.02758055325195583 -0.009300798241685244 0
1093 0.03646043684727601 -0.0008471243937149593 0
1094 -0.071028760280804 -0.09861836720313603 0
1095 0.07115491692234312 -0.09832471846851283 0
1096 -0.03664792347558548 -0.001259021997702107 0
1097 -0.0363739992402811 -0.004653689458343888 0
1098 -0.02428059631186122 -0.001636916805668339 0
1099 -0.03612799989195553 -0.003200818930340715 0
1100 0.03466068214315633 -0.003168804132098474 0
1101 -0.03608491716409162 -0.0009085219655985548 0
1102 0.03212250648819477 -0.001805336924288182 0
1103 -0.0315065860512196 -0.0004155641072968567 0
1104 -0.03833035043005776 -0.006519654370589207 0
1105 0.02475906596850432 -0.01097713032761526 0
1106 0.03609720413213828 -0.001436638816515391 0
1107 -0.03557959276981139 -0.002750866011866794 0
1108 0.1160545631479265 -0.06285676102859826 0
1109 -0.1155746157312968 -0.06444545606061049 0
1110 0.02989248583529192 -0.0003525903710695318 0
1111 -0.03020529783289412 -0.0003725072638031554 0
1112 0.03011715014853831 -0.00519900117591946 0
1113 0.03430368730069313 -0.01022533995075502 0
1114 -0.09779051534971574 -0.06861075511027712 0
1115 -0.1032197324064285 -0.106701845726785 0
1116 0.08020358213204812 -0.1456881815010732 0
1117 0.1044706431850119 -0.1049481969604302 0
1118 0.02078591359231736 -0.007382760587103476 0
1119 -0.03754053016820517 -0.002855093381054459 0
1120 0.09759083971475284 -0.06857603649353504 0
1121 -1.063322391477071e-05 -0.001914373273142601 0
1122 0.04597855854954338 -0.02884486652889033 0
1123 -0.04674335537511215 -0.02701441155275739 0
1124 -0.001283622912849467 -0.001269948086642021 0
1125 0.00124430410452628 -0.001141557369993003 0
1126 -0.0360562501206921 -0.0396985742537664 0
1127 -0.04135446739858049 -0.02249217316145017 0
1128 -0.04416799048429296 -0.0359680821412913 0
1129 0.04030478354040863 -0.02430110707303473 0
1130 0.01963629477522555 -0.02643487422917446 0
1131 -0.002226594847136767 -0.001076883282823784 0
1132 0.02291931655470775 -0.04738655163378575 0
1133 0.03267709320621609 -0.04105250276113296 0
1134 -0.02861081688228376 -0.04383188097622392 0
1135 0.01550997913964249 -0.02775868928360772 0
1136 -0.01856302877769364 -0.02571100896130856 0
1137 0.04396889440657827 -0.03818731076963705 0
1138 -0.01584287004601294 -0.02642504755758217 0
1139 0.003713863586784698 -0.04067447789922159 0
1140 0.02667834975280704 -0.04298762171929671 0
1141 -0.001098322001181138 -0.04079679224220135 0
1142 -0.02997040240383135 -0.03249114790326275 0
1143 0.0006226192092810757 -0.02058286514296061 0
1144 0.01640706038624674 -0.04470644888029127 0
1145 0.03534938777631878 -0.02421734847655143 0
1146 -0.005650885435761589 -0.004142285134463995 0
1147 0.01009134480725492 -0.04048487888181183 0
1148 0.002324044559477494 -0.0008890031703928861 0
1149 0.001437937158322252 -0.002705345527118993 0
1150 0.004432856391106779 -0.01542152349486491 0
1151 -0.004335243988795305 -0.01540430418653311 0
1152 -0.0388662099678314 -0.02143377573599298 0
1153 0.02938462724266609 -0.03365986571929721 0
1154 0.008010432486378947 -0.01070387661038407 0
1155 -0.003674497029898374 -0.06693339580400308 0
1156 -0.01004093685524629 -0.07405858118254037 0
1157 -0.004356681686055907 -0.002864368895770693 0
1158 0.004227675053348832 -0.06575888633278089 0
1159 0.03859081916412938 -0.02062426940976738 0
1160 -0.02520357863863575 -0.02656218661979911 0
1161 0.01165092642333226 -0.073933269226805 0
1162 -0.06199918227562856 -0.03924847708680621 0
1163 0.0613957312787082 -0.0389592400612267 0
1164 0.01107418028007805 -0.01756137284200877 0
1165 0.003197063603752511 -0.009311326758118786 0
1166 -0.001516356927825888 -0.02607848752820508 0
1167 -0.01042896148301062 -0.01747432109218485 0
1168 0.004434207676076529 -0.006994994316119041 0
1169 0.002886441275770771 -0.02676679067632218 0
1170 0.003461226163821475 -0.001423571267023705 0
1171 0.002011751499931171 -0.006479115848450894 0
1172 -0.007166347761677988 -0.01140624310058761 0
1173 -0.003096415544016268 -0.003597297689415185 0
1174 -0.00225543833975458 -0.006548134697289481 0
1175 -0.00791684930954255 -0.01766625076183652 0
1176 0.02219905545239742 -0.01635204943603133 0
1177 0.00609248487124262 -0.002410418303900188 0
1178 0.005272207627360853 -0.001957128825770367 0
1179 0.01758317924510506 -0.01521456865288683 0
1180 -0.004464776236427812 -0.007413431612934479 0
1181 -0.002729879114084721 -0.009078949724446381 0
1182 0.01172941459986544 -0.02750141830855329 0
1183 -0.008678398452441493 -0.006453505997100242 0
1184 -0.0124239532328879 -0.0266901253479275 0
1185 0.04536232771345309 -0.06275636649165353 0
1186 0.007795968173227895 -0.02667113980244943 0
1187 -0.03131335564519935 -0.02465893320474039 0
1188 -0.002729903444981961 -0.004257271020200942 0
1189 -0.01735085634129559 -0.01506663703018377 0
1190 -0.007922039941959252 -0.02680323383747514 0
1191 0.05593393431366119 -0.04800977543888319 0
1192 -0.05645360828392149 -0.05203103617620928 0
1193 -0.05371257498154222 -0.02274073039192399 0
1194 -0.01720000024079595 -0.0008583595772228919 0
1195 -0.01777181323952197 -0.0009068489240738339 0
1196 0.01107315686318172 -0.003658716964428993 0
1197 -0.003517065126424434 -0.001675617295059614 0
1198 0.01976992988339047 -0.0162597867282895 0
1199 0.06042633517188497 -0.04461953953957758 0
1200 -0.06016428552010753 -0.04567957343843746 0
1201 -0.02980787883750419 -0.01747685387300429 0
1202 -0.009555921152551277 -0.002112854022101796 0
1203 -0.009082037965008311 -0.01068662231974424 0
1204 -0.009104786103957265 -0.005300116970935519 0
1205 -0.004740886065113868 -0.001754828214924705 0
1206 -0.01174602724277552 -0.03319822778327529 0
1207 0.0130607294222202 -0.01715954348750512 0
1208 0.01259991261411529 -0.01203326655378253 0
1209 0.02223235098365218 -0.0005497451562724837 0
1210 0.002752623430602694 -0.01712015323249525 0
1211 -0.002545988902993632 -0.01721002883534285 0
1212 0.0155046429596777 -0.01619262634168337 0
1213 0.003590321190380803 -0.00795290657301263 0
1214 0.0002039674237870534 -0.01301852425905743 0
1215 -0.008019903806192797 -0.007905495110637092 0
1216 0.004407585868459505 -0.001988989612895229 0
1217 0.006355085251016056 -0.01338634994680049 0
1218 -0.006539296703395772 -0.01354533229107177 0
1219 -0.003700515624487758 -0.00830686023514997 0
1220 0.005310568534550607 -0.005661774250329329 0
1221 -0.005118635150209098 -0.006279481769588194 0
1222 0.02314366149470936 -0.02810197877088816 0
1223 -0.01550611538540276 -0.01598473694949488 0
1224 0.02844005797844466 -0.02167728600322353 0
1225 0.006684190182103569 -0.001282939833364693 0
1226 0.01050671734653414 -0.01212372378134125 0
1227 0.02350147097815577 -0.0006161039147652107 0
1228 -0.005235633548628018 -0.005175875053306296 0
1229 -0.05396211617206863 -0.03410190133819776 0
1230 0.05268932264837732 -0.03479125486864851 0
1231 -0.01320301933156864 -0.01733628935232883 0
1232 -0.008001045935583583 -0.005369924281732545 0
1233 0.002602770061933427 -0.00413789345017366 0
1234 -0.04336218339456706 -0.04740469286788877 0
1235 0.03227285115101036 -0.01825259527348518 0
1236 0.00655214897960339 -0.001820705461864146 0
1237 -0.02199452465758329 -0.01601634171309638 0
1238 0.06312353578000872 -0.03289200401125544 0
1239 -0.06324273994131994 -0.03289694944396526 0
1240 0.004607533639793907 -0.01190930098417876 0
1241 0.009289016187270771 -0.003944572809663324 0
1242 0.0126382383889152 -0.03519604650239695 0
1243 -0.01971472858894189 -0.01565917770235875 0
1244 -0.01009735664061645 -0.001697885950195329 0
1245 -0.01021544660498876 -0.002390216535409533 0
1246 0.005788398793851693 -0.007010174821630844 0
1247 -0.008720557755957337 -0.001873023862865366 0
1248 0.02427616216698547 -0.01578551759458375 0
1249 0.01259181710818916 -0.001472638881853345 0
1250 0.02704871083486572 -0.01920101379992348 0
1251 0.007297497612281535 -0.00693329112900078 0
1252 0.01746167701393319 -0.001519053741470778 0
1253 -0.02374479839985342 -0.01576610487987552 0
1254 -0.02727677560330792 -0.01392193396452393 0
1255 0.01397511024222969 -0.001479059336845113 0
1256 -0.03322157178370914 -0.01502460614334656 0
1257 -0.00278028344992062 -0.005207815597954807 0
1258 -0.0124443272851875 -0.01257617738540393 0
1259 -0.010724289217427 -0.01161685838827353 0
1260 -0.005936552686632841 -0.003184150918166751 0
1261 0.01123460958196485 -0.004526630151499051 0
1262 -0.01877078581487754 -0.001456784008207161 0
1263 0.01034686576117183 -0.006105838992019546 0
1264 -0.02025580355302563 -0.0709564930105504 0
1265 -2.587273632887648e-05 -0.05100750902295082 0
1266 -0.03546023278341084 -0.06538511500145372 0
1267 0.0192047962357956 -0.0007205165200274091 0
1268 -0.02078204987660336 -0.01166992633980091 0
1269 0.007855994500414467 -0.001454889174015286 0
1270 0.02039343836648419 -0.07088344012178281 0
1271 0.009188753819819765 -0.01105578023194797 0
1272 -0.01935397165555836 -0.001412870835473406 0
1273 0.01159787086241515 -0.003066951264294642 0
1274 0.008030288694215846 -0.0009299650872408695 0
1275 0.02484777806503384 -0.02188984720869955 0
1276 0.06044468860863238 -0.02570601406250975 0
1277 -0.06072227105390447 -0.02560168525896452 0
1278 0.002829417061341489 -0.001153011521346916 0
1279 -0.004879053676796939 -0.01145329795704964 0
1280 0.03712689224609204 -0.06362059189438543 0
1281 0.03086591217205958 -0.01537830316232879 0
1282 0.007634246711639224 -0.003214206526036167 0
1283 0.007191824321066363 -0.001674820487969255 0
1284 0.01913478520090811 -0.01381675549281266 0
1285 0.01443844413993595 -0.01190027620573618 0
1286 -0.0103777112267062 -0.02172432420759924 0
1287 -0.0226762299918897 -0.09791744446227733 0
1288 0.01163329378252461 -0.01401360572624387 0
1289 0.02302967187435511 -0.09774620189135851 0
1290 0.004844851844580966 -0.00140423938124151 0
1291 0.002055980742619215 -0.01493953038996559 0
1292 0.008906820275456034 -0.004632364580803593 0
1293 0.02623454914870052 -0.01676657307966554 0
1294 0.01290784064414884 -0.001035760092513596 0
1295 -0.001771059026807278 -0.01494624278313206 0
1296 -0.01001192774535519 -0.001002356513546586 0
1297 0.007698920148367682 -0.00592389556155445 0
1298 -0.01150611746069084 -0.01490680572435617 0
1299 -0.02575057945298783 -0.0006288678718086862 0
1300 0.006390952902813789 -0.003809830185465615 0
1301 -0.007751300265617511 -0.009695406648805992 0
1302 -0.02285407456154724 -0.00169008887407795 0
1303 -0.01873899850110849 -0.01346610883249416 0
1304 0.002464032182064208 -0.005116591316949475 0
1305 0.02496735510602593 -0.0006782566038062789 0
1306 0.009639050538071016 -0.003263588037766666 0
1307 0.005684913325201778 -0.0006173849731145287 0
1308 0.02117292948810973 -0.01870826282192185 0
1309 -0.02799270594236 -0.0176970884992001 0
1310 -0.01425670434192262 -0.0121700074764001 0
1311 0.01467820918159927 -0.002980186817454535 0
1312 -0.02450936941381637 -0.0008158351154125438 0
1313 0.01821784753455704 -0.0007544811365034472 0
1314 0.02221081088178571 -0.001207414057925398 0
1315 -0.02637382264702131 -0.01886001369483038 0
1316 -0.008756122724905373 -0.0008462433749512058 0
1317 -0.03151130922534081 -0.01870484677887401 0
1318 -0.0222625999929769 -0.0008326417260148431 0
1319 -0.006863728379164805 -0.001520305821393249 0
1320 -0.002857420281186848 -0.09334740588619228 0
1321 -0.002822190924420745 -0.03269000310102703 0
1322 0.01685370280703579 -0.001358376632452588 0
1323 0.01708597572583846 -0.001970650734463995 0
1324 -0.07294547624971638 -0.02592370353657084 0
1325 0.07294870919683209 -0.0259168502719238 0
1326 0.01167158150682776 -0.0008846595739394077 0
1327 -0.002120429993221352 -0.003656087174159497 0
1328 -0.01990360793253719 -0.001310530069812942 0
1329 0.02013512632180656 -0.01235888304705468 0
1330 -0.008993696661624286 -0.003584038837426867 0
1331 -0.01098144248835874 -0.002630360913127877 0
1332 0.007949097512369715 -0.002639419965479012 0
1333 -0.03164586177756668 -0.01642715754353291 0
1334 0.023121973873107 -0.001002614680904175 0
1335 -0.01810404525178831 -0.0004443435717678643 0
1336 -0.008239307823953053 -0.003179750782385828 0
1337 -0.02941555719301438 -0.01365813440208156 0
1338 -0.02851502370870602 -0.01577489898344871 0
1339 0.01432337511995468 -0.02190031744684346 0
1340 0.0073800874745664 -0.00952773327654796 0
1341 -0.011778194110311 -0.05570913522880599 0
1342 0.02028947729841606 -0.001276380694067488 0
1343 -0.008668683936795152 -0.001322863429668422 0
1344 -0.02181322002580841 -0.001181066315977734 0
1345 -0.005826419143074067 -0.002347075742524124 0
1346 0.004095025606750929 -0.03353854389533216 0
1347 0.009511060937060329 -0.006571584963441623 0
1348 0.02318689312828181 -0.01431367964831175 0
1349 0.02028514291906841 -0.00548659531297778 0
1350 0.01787879772453882 -0.001054761668781146 0
1351 0.002745364369851925 -0.000540203972246906 0
1352 -0.009296172109052739 -0.0003324306577048199 0
1353 0.01346448278062915 -0.05671868978298935 0
1354 -0.03111982575568109 -0.08981837129982866 0
1355 0.03159110871508564 -0.08969145781682986 0
1356 0.009815086522269719 -0.09306902654815165 0
1357 -0.004966234451047341 -0.0006393621446516113 0
1358 -0.01240268029616317 -0.09235984356131775 0
1359 -0.007509717471597492 -0.003596926039692085 0
1360 0.01275519729751566 -0.005358224050314342 0
1361 0.02604532078698912 -0.01315007640562499 0
1362 0.007454519602078469 -0.005006323851087484 0
1363 -0.005614782254063672 -0.000460654996508329 0
1364 0.01665974457993923 -0.0008218041156108904 0
1365 -0.02383256707141461 -0.003419226912199043 0
1366 0.0209242864263756 -0.004361558913171601 0
1367 -0.02103060885650419 -0.0005264165595142505 0
1368 0.03096065757167507 -0.002717093166445861 0
1369 0.02096338634077684 -0.003684743377740734 0
1370 0.02066060305774469 -0.000869459522320965 0
1371 -0.02732493993320298 -0.004575511089879802 0
1372 0.01979308327285746 -0.001597401271471188 0
1373 -0.0350034391598105 -0.01567355916515191 0
1374 0.0072683171031853 -0.004039110960168109 0
1375 0.01602354029098053 -0.003382719708150395 0
1376 0.01325001890082672 -0.004746622466913811 0
1377 -0.0194908880651193 -0.01211670377728561 0
1378 -0.02541974547549502 -0.00297660342475629 0
1379 0.02041775818220742 -0.002724126186801226 0
1380 -0.009525921284698131 -0.007513042579805212 0
1381 -0.0255440364455812 -0.001135378418887809 0
1382 -0.03880912535143414 -0.0812308922175629 0
1383 0.004446469065711272 -0.0005183465871677238 0
1384 0.03798869413555117 -0.005898254816654631 0
1385 0.01360831668107382 -0.002235752463566502 0
1386 0.03910495499111007 -0.08109583261703535 0
1387 0.01638970818549109 -0.002865994802899233 0
1388 -0.005886639415941935 -0.007538144964490122 0
1389 -0.002064453111453778 -0.0124944091925426 0
1390 -0.01273062193496245 -0.002169921540772547 0
1391 0.02214883522900684 -0.005208727895630935 0
1392 0.02212045394550293 -0.003330114784477877 0
1393 0.01578907992481273 -0.001641075335131663 0
1394 -0.02263947776040539 -0.01413656435610719 0
1395 -0.02337144159814549 -0.0008542867806665262 0
1396 -0.01057028871643439 -0.009995373292986635 0
1397 0.0102922420604341 -0.003943232550845906 0
1398 -0.02080009659086285 -0.003602496901136055 0
1399 -0.01529934654862058 -0.001668066175549369 0
1400 0.01115811203778669 -0.005595796253710812 0
1401 0.01334576201766983 -0.01038847974434059 0
1402 -0.02233201482890057 -0.001421086308897664 0
1403 -0.02518920743641626 -0.01685099417319395 0
1404 -0.07993100805822193 -0.02398675894435421 0
1405 0.07993314280633654 -0.02398217804081723 0
1406 -0.02686441194137473 -0.0004474735836859371 0
1407 -0.02322071042946969 -0.001403517978517271 0
1408 0.01853532518067639 -0.00181738087092462 0
1409 0.001780082271218335 -0.008993065118644863 0
1410 -0.02148649175192836 -0.00307381256003709 0
1411 0.03063926514696578 -0.004102948916349427 0
1412 -0.01045522298231866 -0.005426104960450065 0
1413 0.01627267271778519 -0.001215292983801836 0
1414 0.01519216206090341 -0.004628399519136388 0
1415 0.01669380183088547 -0.00238811150348012 0
1416 -0.008830196122721831 -0.002657717943569118 0
1417 0.02274193032090778 -0.001332993017929949 0
1418 -0.009226563157631224 -0.004310363572088505 0
1419 0.01971729109066539 -0.0003974975943779816 0
1420 0.02610552374433512 -0.00416984569017354 0
1421 0.01187341506539318 -0.001479028325758102 0
1422 -0.01793608981478592 -0.002144364367327636 0
1423 0.01593579255805126 -0.01165751201046824 0
1424 0.0107190629666203 -0.001265709259849358 0
1425 -0.01136961496923521 -0.002090456058567178 0
1426 0.01378881116751122 -0.004212767361733763 0
1427 0.01570942635449719 -0.001007038850056615 0
1428 -0.01975605972054091 -0.002565728476876156 0
1429 -0.01061134538136646 -0.008426180792270668 0
1430 0.03160944394469905 -0.00235474455407994 0
1431 -0.006968809084390457 -0.0003487378976595792 0
1432 -0.007759068276823364 -0.001064538340688585 0
1433 0.02400100462504934 -0.0006660032103987176 0
1434 0.01395011760302749 -0.002957662481507725 0
1435 -0.01981817098456301 -0.001910194451159705 0
1436 0.01921529593535112 -0.001921799209153018 0
1437 0.02748480856639007 -0.0138407759337457 0
1438 -0.02484677987964976 -0.001275989081325726 0
1439 -0.02209702301777238 -0.01238219274152606 0
1440 -0.007355383700343276 -0.00129781013021516 0
1441 -0.01939962851807503 -0.009310305939566188 0
1442 0.01390982766748228 -0.009027478228738893 0
1443 -0.02192462026652503 -0.02042449958137615 0
1444 0.0132485255817113 -0.001581500216433085 0
1445 -0.007920030544104412 -0.0005365851929112417 0
1446 0.02151789780645273 -0.003370794607495321 0
1447 -0.01114908949364684 -0.001368547225583293 0
1448 -0.01366206144996671 -0.003648107614480683 0
1449 -0.02668884540715203 -0.001069101242171843 0
1450 -0.05975301451050624 -0.02941700053708762 0
1451 0.0130753744262481 -0.003949321792321121 0
1452 0.05950179473273018 -0.0295633684544504 0
1453 -0.005877745063281039 -0.001705147962290607 0
1454 0.01801404931158944 -0.001699159212266914 0
1455 0.009419113608431796 -0.007488836193270692 0
1456 0.01325365594064293 -0.0005301079657485671 0
1457 -0.1179818883477558 -0.02789446607512546 0
1458 0.1190200593935324 -0.02690300828571631 0
1459 -0.0247240412114878 -0.003610089477864826 0
1460 -0.01619233468834011 -0.0009407752526223634 0
1461 -0.01730423644730552 -0.001863909706741101 0
1462 -0.0204098597456376 -0.001112964189630647 0
1463 0.03705917830079677 -0.01691850204481756 0
1464 -0.01665627721593547 -0.0005164221789222554 0
1465 0.00779683172094429 -0.0004683322248923345 0
1466 0.0004162593955370665 -0.009288552720164633 0
1467 -0.06317140645371734 -0.02350125505787571 0
1468 0.06311968592743035 -0.02353331837734616 0
1469 -0.01727082570608373 -0.001303761525800473 0
1470 0.01237275159055731 -0.003581139018358509 0
1471 0.02817196652654649 -0.01697818997386531 0
1472 0.01552300462313923 -0.01374725547393334 0
1473 0.02451586133875623 -0.0011820494706574 0
1474 -0.01229343877305659 -0.001555354469396116 0
1475 -0.01385031112399088 -0.009234330451665258 0
1476 -0.01528926539926319 -0.009035763763466383 0
1477 -0.02681191775781306 -0.003322585567592063 0
1478 -0.01409378110478432 -0.001661813831529948 0
1479 -0.0230816590108973 -0.002965863924823916 0
1480 -0.02538815732580956 -0.001597408063269241 0
1481 -0.01560027807534009 -0.001123103206556672 0
1482 -0.0111579948574836 -0.00620408887969211 0
1483 -0.02837713930403141 -0.00231437423909072 0
1484 -0.03011362048966695 -0.05810814544602722 0
1485 0.009311512516343691 -0.005569276251761067 0
1486 0.0159520028304979 -0.00485336473405452 0
1487 -0.02817834129985046 -0.06708113173992114 0
1488 0.00259553561207779 -0.01246311900720356 0
1489 -0.01224135410891896 -0.009087857724432638 0
1490 0.025666458654115 -0.002596749363410119 0
1491 0.02253745777746465 -0.003821634084103388 0
1492 0.01603514418856524 -0.002268156943247904 0
1493 -0.02549756021443027 -0.01492478493576641 0
1494 0.0221399622695704 -0.005872346876165244 0
1495 -0.02037013274567064 -0.002311324947342321 0
1496 -0.01290106150968457 -0.003940204420660134 0
1497 -0.0118918627500765 -0.004687981402052815 0
1498 -0.03635487572889706 -0.0003302988065177802 0
1499 0.01536172286182026 -0.008829603697233224 0
1500 -0.02083450993544245 -0.0009201680898435838 0
1501 0.02833333835171859 -0.06721759819267235 0
1502 0.02092406103698614 -0.002360708743424472 0
1503 0.0230129963821716 -0.0004697314059831293 0
1504 0.01425121986495288 -0.003657678439841626 0
1505 -0.05789666828689512 -0.02678417103484771 0
1506 0.02688945069588582 -0.007565588598620041 0
1507 0.05698685166223987 -0.02605408437833024 0
1508 0.0316691214955056 -0.0004465804904103777 0
1509 0.009814934161343733 -0.00855370049952052 0
1510 -0.008250135689967079 -0.0009829142471574944 0
1511 0.01811211073706078 -0.002786324843418716 0
1512 -0.1005014772017326 -0.02549150322628312 0
1513 0.1005023625263549 -0.02548953040332017 0
1514 0.02958033267141667 -0.05794970256406576 0
1515 -0.01750736634177544 -0.004507872680192793 0
1516 0.01535436258439327 -0.003172921963710066 0
1517 -0.01599601194974536 -0.01177720330000322 0
1518 -0.01820909323780568 -0.001508933736321993 0
1519 -0.01077571879841789 -0.007219122575917687 0
1520 0.003337897789003764 -0.004874766912039102 0
1521 0.03031500845468271 -0.002921084813312182 0
1522 0.01047814724587388 -0.009916003551937513 0
1523 0.03016432845626841 -0.001905569771750496 0
1524 -0.0199662371737666 -0.0003253323126134463 0
1525 -0.01325961607985812 -0.01068925086722345 0
1526 -0.02327533192785371 -0.007416189652456042 0
1527 -0.08083208079386266 -0.035624295077453 0
1528 0.08084210050135957 -0.03560286599507823 0
1529 -0.01898326882276085 -0.0008393254783592393 0
1530 -0.006564022091809366 -0.1213726130508872 0
1531 -0.02577060206705841 -0.004437645576757651 0
1532 0.02132318213593171 -0.01237435793972192 0
1533 0.02151928983674718 -0.004785131641629185 0
1534 -0.01479118712849857 -0.000500693337707266 0
1535 0.01187427548845097 -0.00518783917180031 0
1536 0.01750839002623371 -0.0032844922823991 0
1537 -0.01178463463097022 -0.002859246132026409 0
1538 -0.03428661810064704 -0.000638656103957432 0
1539 -0.09474830922558365 -0.02515499960721018 0
1540 -0.02888881341604753 -0.0776447477861729 0
1541 0.0947493576786417 -0.02515267645747514 0
1542 -0.00580738455913206 -0.00104610742930401 0
1543 0.03083431858170617 -0.003429162864360971 0
1544 0.0123045850901996 -0.009108973777652265 0
1545 0.006667290709159993 -0.008175967165643946 0
1546 -0.007552564515330211 -0.002816850241211308 0
1547 0.03848968044727841 -0.007531424678647103 0
1548 -0.02093891345215013 -0.001998665061964307 0
1549 -0.006332229663805409 -0.000607625286923731 0
1550 0.0321578827748998 -0.002910719189290604 0
1551 -0.02241385385199208 -0.00211910337912882 0
1552 -0.0144234949218174 -0.001102708759583114 0
1553 -0.02547697288555202 -0.007820178275224634 0
1554 -0.01063356017815695 -0.003952089688671828 0
1555 -0.003433809434853818 -0.001035315895208518 0
1556 -0.0199397354215909 -0.0007663175325705544 0
1557 0.01952683524045141 -0.005008919120576252 0
1558 0.01450437565964367 -0.004424191898969429 0
1559 0.026540715993575 -0.005646163946314097 0
1560 0.02918745974457121 -0.07763537740640376 0
1561 0.01641251907494198 -0.0004048958983522241 0
1562 -0.0135348581993824 -0.001613298528161735 0
1563 0.01836487875809226 -0.0059197390087437 0
1564 0.01883172528325713 -0.00302512361316712 0
1565 -0.006377232713999436 -0.001289058834193431 0
1566 0.01984665125322947 -0.002389354889964033 0
1567 -0.03212998590817717 -0.0004254181197723998 0
1568 -0.02622075116090299 -0.002591827171870083 0
1569 -0.01939339707802491 -0.01068277797112352 0
1570 -0.02279558042271112 -0.000447843586493472 0
1571 0.02149769465754308 -0.002347541526561426 0
1572 -0.01729260214805066 -0.002501017650937142 0
1573 -0.01561793404879913 -0.01387727301624879 0
1574 -0.01474981530739147 -0.004436282248335313 0
1575 0.03481176639681995 -0.01717822665257719 0
1576 0.02901674847011599 -0.01515768733383789 0
1577 -0.06857471094465588 -0.04373732184058009 0
1578 0.02085016357011645 -0.004985577150511555 0
1579 0.06859832047693677 -0.04369124760979825 0
1580 -0.008106557209930379 -0.08388700752927861 0
1581 -0.0148630955910742 -0.002149852761821744 0
1582 -0.01312674083512161 -0.002594952195273448 0
1583 0.01872360723128646 -0.005154086031532934 0
1584 -0.02197264526351979 -0.00460483384980663 0
1585 -0.05370763814135528 -0.08069857756793054 0
1586 -0.01253455944476457 -0.002740842028293673 0
1587 -0.01217882848689405 -0.004036214087353551 0
1588 0.05417108828803078 -0.07998977395472985 0
1589 0.01086296269314028 -0.003006361051783935 0
1590 0.008324663206358445 -0.005251837287218748 0
1591 -0.06828734811707575 -0.03048459470367421 0
1592 0.06828940955323277 -0.03048077821681333 0
1593 -0.01040707239943957 -0.003175777115193975 0
1594 0.0190941303445303 -0.009370559674221762 0
1595 -0.03332104956584603 -0.0007902200381593546 0
1596 0.01971827773549435 -0.0009918579537846713 0
1597 0.0454198791622788 -0.07023261975686906 0
1598 -0.02701622452275302 -0.002501716330529152 0
1599 -0.001352137463243884 -0.009039047518648174 0
1600 -0.006883805268298977 -0.0009626562243385247 0
1601 -0.02005686886512595 -0.005365382713789808 0
1602 -0.04258580840027109 -0.07151327411204701 0
1603 -0.04045059195082076 -0.01974513263402408 0
1604 0.01131773403003627 -0.006466933651795443 0
1605 0.02598744751476227 -0.01484371550619832 0
1606 -0.028855378155921 -0.0006843960821052104 0
1607 -0.01856126523595006 -0.0004245648938281428 0
1608 0.02922707575728457 -0.001726193342299596 0
1609 0.007862071724781724 -0.002038576630884268 0
1610 0.02446999171442839 -0.003557918958079396 0
1611 0.02320586624260313 -0.001632518037054771 0
1612 -0.02625128816546208 -0.003907612703612105 0
1613 -0.02066448567631687 -0.008830915153377599 0
1614 0.01735372848346736 -0.002598898419789241 0
1615 0.003704498211609451 -0.0008801535451442102 0
1616 -0.003155776652365062 -0.0005647991010496814 0
1617 0.0258393125252669 -0.01181567814370831 0
1618 0.03347510274880199 -0.005338821412305772 0
1619 0.008528046387274175 -0.002312262600343879 0
1620 -0.01915826654874126 -0.0029099426889494 0
1621 0.00329228955308862 -0.006818991580622003 0
1622 0.03887784189922059 -0.009131376856572721 0
1623 -0.004142217107275911 -0.005302803180830084 0
1624 0.03037087274244543 -0.01242905561902774 0
1625 -0.006494710543386914 -0.002505931152101488 0
1626 -0.02459740685307222 -0.002324989359222427 0
1627 0.03721945812628803 -0.005306372881010777 0
1628 -0.01801433585452526 -0.009715238861727983 0
1629 0.02905716106486643 -0.0130880182945519 0
1630 -0.02940102141490242 -0.004521733881533497 0
1631 0.0036184803068793 -0.0004514247649837079 0
1632 -0.03644592371485831 -0.01425928967253286 0
1633 0.02278994343139186 -0.00326161899447222 0
1634 -0.03803545084844949 -0.004998627133861706 0
1635 0.01968713046742645 -0.004166866977356012 0
1636 -0.01466863261877113 -0.001608139551006217 0
1637 -0.01249975193471378 -0.005192817707089557 0
1638 0.02618480305385818 -0.007215824508718803 0
1639 0.1107886719608944 -0.08889560100950107 0
1640 -0.02353976351727637 -0.001807335005352225 0
1641 -0.01599806006148937 -0.002590160332258304 0
1642 -0.1080324924808232 -0.08829805971289127 0
1643 -0.009823187067117314 -0.003765614085998873 0
1644 -0.02526458911044123 -0.005103399827061317 0
1645 -0.02405048501579741 -0.0004707527660870216 0
1646 -0.01714158058089951 -0.003274684140191107 0
1647 0.02367469441259616 -0.006181543593904151 0
1648 0.02755749897205549 -0.0009918096059807122 0
1649 0.03722416805149815 -0.004663995471202913 0
1650 -0.01267604268579287 -0.000707095620832444 0
1651 0.02604602728532287 -0.006241690036579164 0
1652 -0.02611969137666513 -0.001131402406133376 0
1653 -0.0243324055467021 -0.005061717757940606 0
1654 -0.006446911580913611 -0.001914233131032499 0
1655 0.01470543142980038 -0.00509508539679508 0
1656 -0.03472979920541742 -0.01390836757774953 0
1657 -0.01331332235478024 -0.004616019171769624 0
1658 -0.01292230513762737 -0.001597699925147556 0
1659 -0.02128218690438892 -0.00103837731612137 0
1660 0.02960050029481209 -0.002046746756995263 0
1661 0.0222943521221167 -0.0044942032994101 0
1662 -0.02422834987599144 -0.001184006198496063 0
1663 0.01770710771557285 -0.0112771594118485 0
1664 -0.01453523162182471 -0.003591929053195519 0
1665 -0.03702602385302921 -0.01572751975811178 0
1666 -0.01647810898146415 -0.01012081756228207 0
1667 -0.01144909474813874 -0.004048003320101923 0
1668 -0.003210241120529345 -0.007214507275204016 0
1669 0.03142220160487127 -0.00320955120759336 0
1670 0.02528255505428204 -0.00386015830271247 0
1671 -0.03720097227955518 -0.0009262468412796674 0
1672 0.02821979591171567 -0.002912445382740878 0
1673 -0.01627791617462658 -0.002049084736078356 0
1674 0.02904071911604582 -0.002223349361187666 0
1675 0.01670410455434084 -0.009961462900203655 0
1676 -0.02384942925973191 -0.002464069546710124 0
1677 -0.01192348783680574 -0.00702410582941003 0
1678 -0.001256632550462268 -0.007337304789293772 0
1679 -0.03788263229219424 -0.005650150345565666 0
1680 0.01427221721532224 -0.00570841848182099 0
1681 -0.01154096319755173 -0.00537460052362248 0
1682 -0.01788235649074109 -0.01156124443511326 0
1683 0.001221220886455581 -0.007831623976807884 0
1684 0.007215303175145173 -0.0003754971146076385 0
1685 -0.02158065361998524 -0.007373437910851464 0
1686 0.01507495233243288 -0.0008642787321359256 0
1687 0.01418904733592697 -0.0003970160910440117 0
1688 0.03434301107560082 -0.09875699020631454 0
1689 0.01473567855895531 -0.001551387503426338 0
1690 -0.01733929885003891 -0.005353683739877322 0
1691 -0.01603194703896976 -0.004638596586310263 0
1692 0.01125122351008085 -0.00125101103022095 0
1693 0.01449919565477995 -0.007762034107250828 0
1694 0.03242397064523878 -0.001125250357241483 0
1695 0.02994998099080356 -0.002477722808881408 0
1696 -0.03600978086676952 -0.1031950649728195 0
1697 0.01352710354498259 -0.005405799027693453 0
1698 0.02366282364003205 -0.001858592707070877 0
1699 0.01682102605193377 -0.008476368769350004 0
1700 0.009914221956787017 -0.0004233295783160845 0
1701 -0.02377554891603744 -0.001335107087827413 0
1702 0.02219024018123315 -0.002349312885845414 0
1703 -0.01457042645397967 -0.008249572950486771 0
1704 -0.01083964555098312 -0.0003156902724228532 0
1705 0.01396553052699578 -0.0008566099776687122 0
1706 -0.008104365958299411 -0.002357364930690412 0
1707 -0.01036411723600103 -0.0004730567962236251 0
1708 -0.02862170949634267 -0.0003559591712667451 0
1709 0.01103497569466316 -0.002419633557759026 0
1710 0.02766686242763803 -0.000447131551773568 0
1711 0.03778846661142046 -0.004205318692182936 0
1712 -0.01961721504449289 -0.008020896211005117 0
1713 0.0252305423979001 -0.001201736699704254 0
1714 0.03192455099831943 -0.01303269248068828 0
1715 0.02463377992440751 -0.006469072765044836 0
1716 -0.02419601457133018 -0.006727640956131709 0
1717 -0.01823933504033059 -0.00844104425394915 0
1718 0.02441374878871818 -0.004765736481548033 0
1719 -0.02645005298974107 -0.00179483053728987 0
1720 -0.03385411302921895 -0.0009922702330632737 0
1721 -0.0229692784511131 -0.008621034937720051 0
1722 -0.02335509795997569 -0.01260741942202793 0
1723 -0.02603572414982893 -0.005061612029317475 0
1724 0.02284378628404515 -0.002661666749306089 0
1725 0.01563341974840335 -0.003955317537124421 0
1726 0.000229035617146806 -0.003865207833630542 0
1727 -0.0006138606705010497 -0.004531549582083242 0
1728 0.01524540017179654 -0.002256882761785233 0
1729 -0.03104294472696441 -0.007782727618738897 0
1730 0.03064556631862638 -0.0009373934194451164 0
1731 0.02419276328507247 -0.002226600158520081 0
1732 -0.0123699928248707 -0.00338435921608232 0
1733 0.01834244307424417 -0.003651250908027682 0
1734 -0.02204549700695955 -0.009759388419257482 0
1735 0.1193985642649033 -0.1014069839599869 0
1736 -0.03409803276379163 -0.009387672690230806 0
1737 -0.1221172643785062 -0.09711297038483936 0
1738 -0.01575581087030759 -0.003159977101239673 0
1739 -0.03516942469205078 -0.005800630673996246 0
1740 0.01884251685734888 -0.001309003589683963 0
1741 -0.04935900817405875 -0.1029440999170763 0
1742 -0.03440707566905015 -0.01207941387313577 0
1743 0.02484648801416652 -0.007361556818875006 0
1744 0.03620172322388709 -0.0153257365298885 0
1745 0.02355113239400071 -0.005209408614581322 0
1746 0.04550263846181227 -0.1035876377073918 0
1747 0.01307942862718668 -0.003020442305120228 0
1748 0.02330523012491183 -0.008193760027159382 0
1749 0.0243875294906056 -0.01275001696029704 0
1750 0.02035836118434207 -0.003942816931389215 0
1751 0.02327369539933624 -0.004427034771048917 0
1752 0.02176995261498138 -0.00287454727002574 0
1753 0.01023584858520026 -0.002627303847619365 0
1754 -0.03785136595844871 -0.003467469259813999 0
1755 -0.01247648195939457 -0.007776132466163678 0
1756 -0.03136383027442662 -0.01410040681747841 0
1757 0.03515938749814539 -0.005847966643285342 0
1758 -0.02090505738977134 -0.002686130905479131 0
1759 -0.01946987899857527 -0.0004638755038053236 0
1760 -0.03145418736450668 -0.002521220234080627 0
1761 0.02609292466396671 -0.0005463072771897512 0
1762 0.07423113728342237 -0.03835919104515969 0
1763 -0.02368962023287526 -0.004905035452098564 0
1764 -0.02912171321521746 -0.003115311557369951 0
1765 -0.01660868205256467 -0.002655593111376153 0
1766 -0.03001418284992369 -0.01068964030397028 0
1767 0.03589935673314657 -0.005653419655379219 0
1768 -0.07421485256500283 -0.03839279034794406 0
1769 -0.03235277869568678 -0.0008925153632422156 0
1770 0.01816097465705782 -0.0101148008930693 0
1771 0.0167527420751105 -0.003431200027973992 0
1772 0.03189719816507838 -0.003655752179805136 0
1773 0.008312028808861907 -0.003900582343347979 0
1774 0.0123170590781004 -0.002687880151266867 0
1775 -0.02163365862573897 -0.006379777172376383 0
1776 -0.02809735210445031 -0.0004816887492034275 0
1777 -0.02095411970870698 -0.006710746891768706 0
1778 0.01790218041838478 -0.009020018757727682 0
1779 -0.0135141145457191 -0.002960493399394485 0
1780 0.02415486149713572 -0.001674015300091164 0
1781 0.02749009655249608 -0.01181953882486127 0
1782 -0.02800593079252074 -0.006929526235154697 0
1783 0.02551055210320475 -0.005376825838159153 0
1784 -0.02727198050827789 -0.001633145129116606 0
1785 -0.01481832726002131 -0.005133162990283144 0
1786 0.09861645280070123 -0.1252564002434559 0
1787 -0.03113520601004338 -0.0003226905495999634 0
1788 0.02108196101906428 -0.002958739637223093 0
1789 0.01524091909992009 -0.006850348816729532 0
1790 0.02320894185526789 -0.0070761192802611 0
1791 -0.02106528978998237 -0.004697011502555096 0
1792 0.0266467526407559 -0.0003873489477568309 0
1793 0.0281982838516473 -0.0004866244494567128 0
1794 -0.1067667836922802 -0.03672443865060482 0
1795 0.1067695306806079 -0.0367182514385548 0
1796 0.02631165637055368 -0.01071275463958473 0
1797 -0.1075764673246656 -0.1244007044519054 0
1798 0.02359898594211928 -0.003198287068385783 0
1799 -0.03275024419995817 -0.0005147062208961049 0
1800 0.0296997009583467 -0.002987294128647386 0
1801 0.03338336036502876 -0.002593514206836355 0
1802 0.0178307561919362 -0.008035477705111432 0
1803 0.02029405872994435 -0.1233301995425284 0
1804 -0.02174729858714804 -0.008385340150310444 0
1805 -0.03455196387620198 -0.004405030759411596 0
1806 0.03284611883073359 -0.002946941689144185 0
1807 -0.02249838263554173 -0.006022069280054044 0
1808 0.008506776921195319 -0.006831983768351112 0
1809 -0.02838348358065362 -0.004376615257535466 0
1810 -0.01554930328637212 -0.0005598961663473125 0
1811 0.02686461693299425 -0.003761197194119749 0
1812 -0.0214135561787572 -0.002328663328024011 0
1813 0.0254112853080976 -0.006857753806979569 0
1814 -0.01317048910899664 -0.001065508040582634 0
1815 -0.02778519682253588 -0.002372273645744151 0
1816 -0.03427782995094017 -0.001224400879329394 0
1817 -0.03472794574415494 -0.006718029074993095 0
1818 -0.01999010320611304 -0.003568933374711253 0
1819 0.03163586006504115 -0.01078247138722051 0
1820 0.07287580098576175 -0.05118423516351916 0
1821 -0.01474316426581958 -0.002725290224259551 0
1822 0.02283027727327544 -0.005627364284216949 0
1823 0.02671240463058268 -0.0009342137722416422 0
1824 -0.07825276317037363 -0.02990135581434602 0
1825 0.03063866496218422 -0.005834779813222648 0
1826 -0.07393873545789839 -0.0532368003550718 0
1827 0.07825888774786831 -0.02988821354512888 0
1828 -0.02752079204480902 -0.0004706971345087305 0
1829 -0.02860601109870735 -0.009615144980034646 0
1830 -0.03346924950201357 -0.001231874072092603 0
1831 -0.02252018416088505 -0.002683896459811344 0
1832 0.01358859553316584 -0.007156768980200462 0
1833 -0.03383970043207746 -0.003891466446709509 0
1834 0.02620366040415644 -0.008259535407095116 0
1835 -0.02143346068601609 -0.00161262213907987 0
1836 0.0283540696986219 -0.002373420315681586 0
1837 0.02757004182150505 -0.002538548923707835 0
1838 0.03635232651539837 -0.0003228998501989233 0
1839 0.03088343780614388 -0.001952018073939704 0
1840 -0.02801702692427774 -0.005302915182678804 0
1841 0.03148332145247068 -0.001694980242915319 0
1842 -0.02225537754306797 -0.003320673195554115 0
1843 -0.02351332203532436 -0.004187485304675902 0
1844 -0.01790034524902452 -0.003791046731177551 0
1845 0.01584366462650211 -0.0003992107933102456 0
1846 0.03238717096512569 -0.01462735928388912 0
1847 0.01990742748514165 -0.00326395614788965 0
1848 0.02450306829492702 -0.008192067153548539 0
1849 -0.03416114371710104 -0.007408111215390902 0
1850 0.02631353182055499 -0.002620166633776962 0
1851 -0.03997615874783726 -0.0178350399594227 0
1852 -0.03462833370879588 -0.003581234243661473 0
1853 -0.01213013567676279 -0.0004813399851653194 0
1854 0.03081859863359392 -0.008725613720555482 0
1855 -0.01905860762607552 -0.005928482940526108 0
1856 -0.02696184513812351 -0.01249783672264932 0
1857 -0.02970191485382493 -0.005634189226192693 0
1858 -0.03507153210140314 -0.001447085206810891 0
1859 -0.0299563530191935 -0.007931098668190644 0
1860 0.01824615607925541 -0.002202559309172241 0
1861 -0.02836276813515049 -0.002847401737294788 0
1862 -0.01229219783230212 -0.001049031349188626 0
1863 0.02488156388957977 -0.002514058434377111 0
1864 -0.01603150946890489 -0.003782474779062304 0
1865 -0.03875848442317211 -0.01493655044732736 0
1866 0.03138253880977868 -0.006675186436607999 0
1867 0.01742231823112086 -0.0003119247668628334 0
1868 -0.02763134363326527 -0.007758952144438521 0
1869 0.03964883778477897 -0.01728173216585288 0
1870 0.03577237842142924 -0.006503394046011681 0
1871 -0.02239924381034683 -0.007779733333140028 0
1872 -0.01879367969040984 -0.004041031001975395 0
1873 0.01197861390114326 -0.0004658166572308402 0
1874 0.03265453554645208 -0.0005290110536067888 0
1875 0.0268809374853178 -0.001568432519590788 0
1876 0.02615276536047303 -0.001959645658422594 0
1877 0.02693967515399606 -0.004663737836859291 0
1878 0.03059544665041492 -0.0140156341507409 0
1879 -0.01675603506619663 -0.008798990832913252 0
1880 0.02645597281841611 -0.009433330093133499 0
1881 -0.02912144358698515 -0.0003731601236243382 0
1882 -0.01833332238421006 -0.004508957790648789 0
1883 0.008459622411139008 -0.0004561619762490677 0
1884 -0.02199997312758535 -0.002564897966240805 0
1885 -0.03180445539036344 -0.000901863849939766 0
1886 -0.007970807091513548 -0.1544717328670644 0
1887 -0.01370787439076495 -0.0003757777566741445 0
1888 0.01226693387582987 -0.001998904245143666 0
1889 -0.01370935661228078 -0.002300077932118101 0
1890 -0.02655548741233186 -0.007277479563229283 0
1891 0.01010217223767568 -0.001345051783672122 0
1892 -0.01920051487441919 -0.004771681579484365 0
1893 -0.03431209705530364 -0.006005048541793013 0
1894 -0.02173198316105501 -0.005393714890530463 0
1895 0.03365639596505358 -0.0004413026847412193 0
1896 0.03298824531963669 -0.004283886469311037 0
1897 -0.03802359064766522 -0.01079353053884587 0
1898 0.02506118068936457 -0.001602261339238898 0
1899 0.03364668116130615 -0.01092767424770639 0
1900 0.02163050159686656 -0.007632312689713405 0
1901 -0.03242871534148129 -0.005768670250204011 0
1902 -0.01971018352036336 -0.003119065918148626 0
1903 0.00988316205518722 -0.1520854184507427 0
1904 -0.02687437753548636 -0.004048448583111492 0
1905 0.02922870094186324 -0.003259195586596178 0
1906 0.04515346230116946 -0.02245300527658714 0
1907 2.891123681957237e-05 -0.002881416883914435 0
1908 -0.04281373033644344 -0.0280135260956164 0
1909 0.04190171090547407 -0.03022145524602653 0
1910 -0.04140175130572082 -0.03232340883549246 0
1911 0.0209340710649413 -0.04154269271340529 0
1912 -0.001843495592325465 -0.001556639211459812 0
1913 -0.03715037904530158 -0.03392438713934934 0
1914 -0.000787869766816969 -0.002446181529053739 0
1915 0.001349895418767912 -0.001931265295118463 0
1916 -0.001365333079973032 -0.002049680931663872 0
1917 0.005047091731100288 -0.0004311152624491614 0
1918 -0.03432978763275441 -0.02626834036873344 0
1919 -0.04725123520081963 -0.02255873868453907 0
1920 0.03919132576069081 -0.02747983473511563 0
1921 -0.02419439570484928 -0.03905853633136167 0
1922 -0.01890162338468445 -0.02941733080586998 0
1923 0.0006671843967199386 -0.002290467124186801 0
1924 0.01959034916545024 -0.03014416089191782 0
1925 0.04065425876246827 -0.03471360806742451 0
1926 -0.04584953610570743 -0.03135006298324964 0
1927 -0.0306624997359643 -0.02816413589991188 0
1928 0.04309794486804336 -0.02597550503804691 0
1929 -0.02348979513430023 -0.02978257274889404 0
1930 0.02445640755298745 -0.03864535941006879 0
1931 -0.05073514971005856 -0.03001543120436039 0
1932 -0.0185105988620761 -0.03928654584341416 0
1933 -0.02712442121332385 -0.02921673418271142 0
1934 0.04929138818006665 -0.03170583432776476 0
1935 -0.03388639762575357 -0.03057960707609007 0
1936 -0.001210204646403612 -0.0005913525527294801 0
1937 -0.04405814051097349 -0.02462074626767112 0
1938 0.001794938364047958 -0.001603769100379228 0
1939 -0.03777927612999041 -0.02392593075008628 0
1940 0.02857971741461932 -0.03782490356261543 0
1941 0.0005826465463005528 -0.001550440518681683 0
1942 -0.02921465424534316 -0.03767022477946675 0
1943 0.005228108011397281 -0.0009823619560792329 0
1944 0.05315011511684253 -0.02519466446128508 0
1945 0.0452683681062229 -0.03362915500012096 0
1946 0.0360528819597845 -0.035736946574407 0
1947 -0.0007292444934805303 -0.001647746418242114 0
1948 0.001060175071198161 -0.000517400330874707 0
1949 -0.01310353943150646 -0.03828760998812537 0
1950 -0.02609547331243673 -0.03397132722348573 0
1951 0.03205260029468458 -0.03601939892086012 0
1952 0.0373653816057289 -0.02213429650448619 0
1953 -0.05076975518873254 -0.02514447627603869 0
1954 0.01944924516138126 -0.02090656924055116 0
1955 -0.002899189408593063 -0.001219131393535347 0
1956 -0.002140400019452041 -0.002138962643391502 0
1957 -0.03448045572883787 -0.04549112645243945 0
1958 0.01608455874031239 -0.0380585240566771 0
1959 -0.04390319278002532 -0.05401370771602561 0
1960 -0.03312374319810901 -0.03607128050881931 0
1961 0.0253716812341628 -0.03476438156260371 0
1962 -0.05473637313475876 -0.02614010817582922 0
1963 0.04403609305373048 -0.05571549717175881 0
1964 0.04867777860572528 -0.03679676577245094 0
1965 -0.004980146711515869 -0.023565435814005 0
1966 0.03322538659283197 -0.03259661744192605 0
1967 0.005226158037566595 -0.02337252646893261 0
1968 0.002305563012676327 -0.001495258625943184 0
1969 0.02995083760525017 -0.04939527245809862 0
1970 -0.04921156130514642 -0.03577473304342876 0
1971 0.01000735916369065 -0.01599720305330221 0
1972 0.006178404612609545 -0.0009048620295192995 0
1973 -0.01457009532775645 -0.03012903323956863 0
1974 -0.02804669237084446 -0.02524317986688623 0
1975 0.0001604859750176134 -0.0153046064024761 0
1976 -0.0001296330373005244 -0.006378430692131116 0
1977 -0.03963921257496827 -0.04235727113908312 0
1978 0.001462279365560291 -0.02361971958448454 0
1979 -0.009179485698494161 -0.01596159302275736 0
1980 0.0376946514926944 -0.02483744139497579 0
1981 -0.01770623099129397 -0.0004321481677262755 0
1982 -0.02174288944294632 -0.02628566069787807 0
1983 -0.001715316164887505 -0.000999909432183697 0
1984 0.0082093188375201 -0.01205513847866986 0
1985 0.04235345075821383 -0.02225309011980979 0
1986 -0.03423290616796867 -0.02302406642285024 0
1987 0.02281552178860786 -0.03214834570567933 0
1988 -0.004195135237470211 -0.001728228038456989 0
1989 -0.0234463766969726 -0.0003554273153062802 0
1990 -0.001686128780040903 -0.02214274022797562 0
1991 0.006773692431695906 -0.04472879350780991 0
1992 0.01715634973223924 -0.02369610814175827 0
1993 0.005596593271974172 -0.03722959143122957 0
1994 0.02676271409871979 -0.0300514105712362 0
1995 0.03119607873495007 -0.02938996587005786 0
1996 0.01222048271189784 -0.03092550226529921 0
1997 -0.01172282161880807 -0.00164918024394772 0
1998 0.01740808897729275 -0.01739677757583423 0
1999 0.04800787898649873 -0.04090614576011662 0
2000 0.00633216686146261 -0.02081276938595751 0
2001 0.03670474736517801 -0.02027565385138788 0
2002 -0.002963849303120789 -0.002080182530596324 0
2003 -0.006997075166247016 -0.02052449804925701 0
2004 0.03056769211340705 -0.02386251604084827 0
2005 -0.0120227079960558 -0.06379745658640436 0
2006 -0.003805141994081619 -0.02893066244391801 0
2007 -0.006875664425829816 -0.00557662781650176 0
2008 0.00401286509658844 -0.0005948495554172683 0
2009 -0.04043233561283244 -0.03772182676132042 0
2010 0.000676780952401278 -0.0306155889916789 0
2011 0.03872716022312456 -0.0402506641001367 0
2012 0.002857761445661809 -0.001855209056505653 0
2013 -0.04398278175616777 -0.02193611024490279 0
2014 0.0009155387714847211 -0.03602436128619062 0
2015 0.01260753311296218 -0.06340077899195638 0
2016 -0.008993187704941652 -0.01247429788504426 0
2017 0.02080312371822294 -0.01100176229765993 0
2018 -0.01667489747198917 -0.03389590591951382 0
2019 0.01126852435008312 -0.0240081683946904 0
2020 0.04043969842661758 -0.01987526154517717 0
2021 0.0009628916028628312 -0.005588491992204588 0
2022 0.008455475270111272 -0.01874107485764043 0
2023 -0.001469177447264775 -0.005324828613747338 0
2024 -0.02052706222787478 -0.01771598800486325 0
2025 0.01138854456604801 -0.0004193776729867757 0
2026 0.03130415619210997 -0.003959277567317788 0
2027 0.0002090022300074908 -0.01732068999503051 0
2028 0.00567406657379207 -0.001085623134273764 0
2029 -0.01784763902771348 -0.01688528657500955 0
2030 -0.01683208626860826 -0.02290688825882328 0
2031 0.007193620420280954 -0.01594131281856339 0
2032 0.00750624212683702 -0.1230728059436075 0
2033 0.03626725835625575 -0.01853224199396997 0
2034 0.006784608734108916 -0.0005510083890738743 0
2035 -0.003291726662429235 -0.05864903877804528 0
2036 0.01371810320297566 -0.0005519685804362066 0
2037 0.03325344300516938 -0.02318797650747855 0
2038 -0.006552698139661956 -0.003893750996028444 0
2039 0.02291501146072652 -0.02512125539460476 0
2040 0.01263091965607509 -0.0004321731290580659 0
2041 -0.004382262151877253 -0.0454475554526269 0
2042 0.008638879507563885 -0.0228371265016687 0
2043 0.02469630996403328 -0.004139430207871855 0
2044 0.004734022225732172 -0.01017483297050652 0
2045 -0.006013486275522115 -0.009890944741611793 0
2046 -0.00689914732861363 -0.01580316109175809 0
2047 -0.02946322373628525 -0.02276547796778735 0
2048 -0.00623808472486777 -0.004823594330589292 0
2049 -0.009578264661903849 -0.0195497610852511 0
2050 0.002070260115289622 -0.0004245252853091443 0
2051 0.02918209995015045 -0.01159654434453964 0
2052 0.05731618449995662 -0.03443996853488753 0
2053 0.03945813083129879 -0.02233757767454184 0
2054 -0.005948984220029233 -0.005616801937123131 0
2055 0.001888973076811774 -0.001011170639331791 0
2056 0.003546249073127667 -0.002302295016226053 0
2057 0.030427469180262 -0.01683572370963591 0
2058 -0.01054134164765286 -0.001367818872002379 0
2059 0.03811842323295941 -0.01891794350182881 0
2060 0.01864588378171742 -0.0007900042090878771 0
2061 -0.02408515360168003 -0.02351974071654012 0
2062 -0.04977050614466596 -0.05134608881839046 0
2063 -0.05492382690513378 -0.03937924537310294 0
2064 -0.004317291704211158 -0.009707621033451557 0
2065 -0.0256828893570805 -0.1173602778288095 0
2066 0.02263466424849251 -0.01267502909544818 0
2067 -0.001677028878694448 -0.002771066904715978 0
2068 -0.01485771222878509 -0.02002571221358 0
2069 -0.0246916286722115 -0.02074519692729707 0
2070 0.0009278845124135259 -0.003297502859670466 0
2071 -0.02318789477311257 -0.006542544105731482 0
2072 -0.01322289447405813 -0.000414214278328147 0
2073 -0.01134755956741689 -0.04823013322171148 0
2074 0.05084518182712949 -0.05180921484659243 0
2075 0.03531333746559283 -0.02788197712375359 0
2076 -0.0106080268471287 -0.02443025964976198 0
2077 0.01830063852934596 -0.004503502095518471 0
2078 0.02201230674540081 -0.02077856666230763 0
2079 -0.008892978421652991 -0.0003722376735914657 0
2080 0.009421806960614031 -0.0005027699570253072 0
2081 0.03369164472937124 -0.006962068092693842 0
2082 -0.01577221707875255 -0.00205388363103798 0
2083 -0.0352112847529364 -0.004032670172079675 0
2084 0.004965184695030613 -0.008413829169263771 0
2085 0.0348561205381207 -0.02163884900059243 0
2086 -0.05815683161208846 -0.03434955132137952 0
2087 0.002164095365508974 -0.002352050640594681 0
2088 0.03326349330047286 -0.002013297278006536 0
2089 -0.01793034655114282 -0.05234057545740668 0
2090 -0.0185984971138137 -0.003326211773659167 0
2091 -0.008176999978711404 -0.02340955031161968 0
2092 -0.03280250127447351 -0.001625275239570468 0
2093 -0.007528120235588731 -0.006597023766534686 0
2094 -0.004504293936166528 -0.002264414478969193 0
2095 0.05432747750320033 -0.04079424750946926 0
2096 -0.0332249651030217 -0.0003489573907416757 0
2097 -0.02216028858376011 -0.0003676089615525137 0
2098 0.02152115500695155 -0.001288955365855683 0
2099 0.00145580692858493 -0.07900632880237467 0
2100 0.02090329400624077 -0.001292554745030093 0
2101 -0.03157490705461487 -0.005626237879200663 0
2102 -0.02526553178213644 -0.009204517464441588 0
2103 -0.005201280486093442 -0.002017793532137414 0
2104 0.01789605445441816 -0.0004652597568711703 0
2105 -0.05010246260483156 -0.05759692671530395 0
2106 -0.02505611375547107 -0.002466092110745844 0
2107 -0.0305491168504132 -0.01296676968385906 0
2108 0.005766917889595431 -0.05740760914012043 0
2109 0.004767449012653827 -0.0008997133207826443 0
2110 0.03253503606471222 -0.02588919777962012 0
2111 0.002868548848592966 -0.003117725348827077 0
2112 0.02956786962454198 -0.02688796520503257 0
2113 0.05294032753401007 -0.05905327875365354 0
2114 -0.007257037988775475 -0.004586055972595655 0
2115 0.001507359002483112 -0.1077944127712481 0
2116 -0.04668117056241789 -0.04061284742037715 0
2117 -0.009768124673842781 -0.0004004894637320714 0
2118 -0.05819491042693996 -0.02311196123524851 0
2119 -0.04157261026800125 -0.06132332508695933 0
2120 0.003400023029236843 -0.01092940317976765 0
2121 -0.0002908140679559254 -0.005454220197842932 0
2122 -0.03530605727546104 -0.0003279898993226797 0
2123 0.001901163149596017 -0.003324178146143838 0
2124 0.01178363863250051 -0.003900392783278733 0
2125 -0.004090875793391618 -0.003574195099490638 0
2126 0.01695318388933029 -0.000398259575417296 0
2127 0.003239627912347484 -0.0003708619928124396 0
2128 -0.03174250547777684 -0.001788767578103571 0
2129 -0.009343256229503579 -0.0007138155088035795 0
2130 -0.02668314575859429 -0.009898557889412284 0
2131 0.00587731148159738 -0.00318488192814031 0
2132 0.02734480162367288 -0.001973712705116909 0
2133 -0.03229718403505318 -0.04055261739414316 0
2134 0.03196643912899068 -0.02100817374276559 0
2135 0.01845060086226089 -0.0003932236161256302 0
2136 0.1204497319062991 -0.1155049293403879 0
2137 0.03698939031265746 -0.01426379557967232 0
2138 0.005395710694150339 -0.001418912716821673 0
2139 -0.0009684339450950522 -0.003520028144214521 0
2140 -0.01731724641929453 -0.003898860587213149 0
2141 0.003657765878881882 -0.003162558596719695 0
2142 0.0110614797806476 -0.008440345910001019 0
2143 -0.01056870852438526 -0.01317126817122758 0
2144 -0.003958554479897377 -0.02067882622760129 0
2145 -0.003728076100266768 -0.004328364254460555 0
2146 -0.02173863833590123 -0.01099634331149526 0
2147 -0.03300938452918027 -0.005123033120322693 0
2148 -0.06308036895105874 -0.07160398872643876 0
2149 0.006478776426552517 -0.01102689152957344 0
2150 0.003513081445215057 -0.003929217461246283 0
2151 0.02715130077513523 -0.001117875881723191 0
2152 0.003452111379876045 -0.02089406261768897 0
2153 0.01186629613768088 -0.01580967270897422 0
2154 -0.002569976942289452 -0.002853732865147115 0
2155 0.01176022079744614 -0.04673892918092339 0
2156 0.01897909176163396 -0.01815096250052595 0
2157 -0.02457988393777877 -0.002876845138583092 0
2158 0.005500213639094448 -0.03035612608403995 0
2159 0.01545768650403914 -0.0005676320938756965 0
2160 -0.1214226784527545 -0.1149841463049098 0
2161 0.03180594636627527 -0.112124460771828 0
2162 0.01688298306046619 -0.005011421286124268 0
2163 -0.002788398015967528 -0.01066443328706418 0
2164 -0.01679378836359766 -0.001036303017956928 0
2165 -0.01728907298237419 -0.0003876826925636081 0
2166 0.01875682346151843 -0.01227237849332199 0
2167 -0.01170045352739666 -0.0005282832652716424 0
2168 -0.002628181392756805 -0.0005490861951571373 0
2169 0.01631278291865901 -0.005645815046546539 0
2170 -0.08422116394912869 -0.02911536153748358 0
2171 0.03575250647963386 -0.01190025088866466 0
2172 0.1259687231546535 -0.09160667852962948 0
2173 -0.03015612437900577 -0.004125934237854587 0
2174 -0.02151774971052742 -0.04630896795767352 0
2175 0.01815913193798226 -0.05183291053134123 0
2176 -0.00430563603178328 -0.0005668724548354264 0
2177 0.08422572885126332 -0.02910551937576937 0
2178 -0.0006879159953812655 -0.01086977648653892 0
2179 -0.008616765539838723 -0.03671735699119604 0
2180 -0.02900119146573867 -0.05016511273884636 0
2181 0.0107985452810117 -0.0003952344430650308 0
2182 -0.003744098039516561 -0.0005467448823165988 0
2183 -0.003791561571393348 -0.002257274803270286 0
2184 -0.03195955702965454 -0.006445409748197383 0
2185 -0.0005210110214834362 -0.0005815448754665137 0
2186 -0.1224250398435397 -0.05013994524753246 0
2187 0.1225050743774379 -0.04900551745306927 0
2188 0.03617196234386224 -0.04589868984957425 0
2189 -0.009378957232193379 -0.04224825684717673 0
2190 -0.02695725233368116 -0.02183213109552823 0
2191 -0.001991071247138587 -0.0004608232137091061 0
2192 -0.02389198708884492 -0.05350419959630238 0
2193 0.001572128051593185 -0.0006189385396567696 0
2194 -0.0001377530920776666 -0.001145790234555518 0
2195 -0.005554714552110179 -0.04007875640210413 0
2196 0.006148528319200946 -0.000345542565284617 0
2197 0.0466646274537365 -0.02476955329955194 0
2198 3.657342711789921e-05 -0.0004410953370226875 0
2199 0.0007841419699166172 -0.006759833415125071 0
2200 0.01123380120386562 -0.02015807843119709 0
2201 -0.0007792837462762473 -0.001055837211413894 0
2202 -0.05173230064549065 -0.06696473421144632 0
2203 -0.1075347635744761 -0.07397551642603464 0
2204 -0.001102892716156681 -0.006184400026966953 0
2205 0.0210028309900012 -0.02313787014618264 0
2206 0.1087241254786873 -0.073043109824625 0
2207 -0.01900423396279228 -0.0003455531751985412 0
2208 -0.003488055046600952 -0.01200793109677198 0
2209 -0.06909844932969908 -0.06180644939627925 0
2210 0.05467926663892603 -0.06702741068996824 0
2211 -0.0506367161909867 -0.02208878907050035 0
2212 0.07424092276813506 -0.07009751201851801 0
2213 -0.01321563853793288 -0.02312757167534654 0
2214 0.0147901544481247 -0.0188233215406792 0
2215 0.01886160752731457 -0.0003807488690481833 0
2216 -0.02326792715267809 -0.009778959391992846 0
2217 -0.003421737915231817 -0.002878800248604206 0
2218 0.0138542059772839 -0.02495172307979168 0
2219 -0.0408174376229097 -0.02512214538225753 0
2220 -0.01359887190711265 -0.0007309948413309062 0
2221 -0.004555921393845657 -0.02634445490590081 0
2222 0.001815701724312577 -0.04531364093563051 0
2223 -0.01852562112808715 -0.001974255541727228 0
2224 0.005438722194074387 -0.002571355808804327 0
2225 -0.02603533442789126 -0.002050766941713245 0
2226 0.004981926054915728 -0.01827583863142315 0
2227 0.01611739692167527 -0.03291420394109128 0
2228 0.02428212227263908 -0.05340410820184974 0
2229 -0.006764743778024003 -0.008612692012005358 0
2230 -0.006902068228234614 -0.007466357493928816 0
2231 -0.01839344244277605 -0.00616580790090967 0
2232 -0.02470223096741385 -0.0003294794889263061 0
2233 0.009215615234774164 -0.03002405583367508 0
2234 -0.002414705834125625 -0.001614359812361353 0
2235 0.005071803195431947 -0.003061303820934903 0
2236 -0.003949553038305419 -0.03630406680173233 0
2237 -0.03149124404286387 -0.0215093835243767 0
2238 0.02556570876230681 -0.0009172963416371258 0
2239 -0.005191242172435797 -0.00857828243327388 0
2240 -0.001857272218629498 -0.01946211916112012 0
2241 0.01356034395765789 -0.01334632664480254 0
2242 0.004897306589169981 -0.002507715269537963 0
2243 -0.01601613949487448 -0.04790195141602203 0
2244 -0.03106338145452755 -0.004673112577453548 0
2245 0.1266647479776942 -0.03448577565195807 0
2246 -0.1263632377061105 -0.03606606444585085 0
2247 -0.02085443304028187 -0.005874325055458297 0
2248 -0.02026901835128817 -0.02294783099138875 0
2249 0.002254628630969736 -0.01899997401275154 0
2250 -0.02653913770494305 -0.008493975966991226 0
2251 -0.004855768456505991 -0.01809057569332147 0
2252 -0.007101324059463912 -0.03204459261980113 0
2253 -0.0304459683536466 -0.007253408501349261 0
2254 -0.01413538302012877 -0.0005855691504102079 0
2255 -0.004972665652917731 -0.003466648603312163 0
2256 0.003941470444786994 -0.00579334428969441 0
2257 -0.01190845761183493 -0.01989834423182474 0
2258 -0.03704025201896477 -0.01324900805779492 0
2259 0.04355283065243577 -0.04638567583962819 0
2260 0.002859163683222854 -0.002406820015538366 0
2261 0.05935924819988572 -0.02298646117882229 0
2262 0.000338599086471524 -0.004754804131247891 0
2263 0.01061207739086374 -0.08233573756055024 0
2264 0.02259683533055814 -0.000368410098092697 0
2265 -0.02552788955117668 -0.0003188509762252447 0
2266 0.03289764953537755 -0.005730184310621909 0
2267 0.02173537173096585 -0.0006934200891914864 0
2268 -0.005404497026005444 -0.0008670985096374331 0
2269 0.02076624125118222 -0.0004367223638816692 0
2270 -0.006165123045672652 -0.0518086743408281 0
2271 -0.0239767469184637 -0.009222731702292021 0
2272 -0.01445292632092287 -0.0002715656220293685 0
2273 -0.01497909071643245 -0.04371057754568721 0
2274 -0.02723416864605512 -0.0009408428161193022 0
2275 -0.01825412546332641 -0.01985031395082732 0
2276 0.006251728641324952 -0.004760401402848826 0
2277 -0.05916601533395336 -0.06045815544398842 0
2278 0.005368945085965306 -0.003988123660557154 0
2279 0.05814968821041618 -0.0541798433693644 0
2280 0.05017189558677036 -0.02311860246447478 0
2281 0.01036740228539314 -0.0003189763409195094 0
2282 -0.0858164329536579 -0.02409158159077684 0
2283 0.08581826144862856 -0.02408762985349433 0
2284 -0.01593372228735928 -0.01801646780824812 0
2285 -0.0008128714845381536 -0.0002932243570489985 0
2286 0.03214322529662087 -0.002343860723136811 0
2287 0.003903417521637358 -0.001721879827331995 0
2288 0.0558877394830336 -0.0227813303364108 0
2289 -0.03618885045564544 -0.02079367371540973 0
2290 0.04979151041373494 -0.0272916974584155 0
2291 -0.05189259680180228 -0.04607558068240101 0
2292 0.004452059281365134 -0.004671035633732687 0
2293 0.1274813935408874 -0.06308374360492644 0
2294 -0.1271167730081151 -0.06398654879175814 0
2295 0.04757267528507101 -0.02212153003204373 0
2296 0.02543991700763872 -0.0003569767037721927 0
2297 -0.02010472158128683 -0.004342180169119316 0
2298 -0.03831125138555342 -0.02859390652108936 0
2299 -0.02484494177631108 -0.00731438734573038 0
2300 0.0005999800884742925 -0.0003675370965982204 0
2301 0.0005643210242565864 -0.0008606368146209699 0
2302 0.06338457227958433 -0.07221214157003077 0
2303 -0.03361038133490016 -0.01976774464504994 0
2304 -0.03056452358680789 -0.005695307450691765 0
2305 -0.03584906764374134 -0.01797078917761614 0
2306 0.005345825385801499 -0.004770333736867 0
2307 0.05326256885913985 -0.02221891945243413 0
2308 -0.03834075160504662 -0.01694982509980321 0
2309 0.1222565494124614 -0.2330474831615903 0
2310 -0.1221726977391722 -0.2330504400694283 0
2311 -0.127699044462646 -0.02583098179620329 0
2312 -0.04001598062671884 -0.01437101105765958 0
2313 0.02125330040237609 -0.0003211798282905819 0
2314 0.04293538118937823 -0.005648495627530766 0
2315 0.04248846732280701 -0.00302605413802142 0
2316 0.040991614489745 -0.004527449327615888 0
2317 0.04874390147839224 -0.01182042432937974 0
2318 0.04143746101826692 -0.001996194343018216 0
2319 0.05229927568114393 -0.008177474454953522 0
2320 0.0395353785494614 -0.003022443424665006 0
2321 0.03984156798106726 -0.002389816897779758 0
2322 0.06083579408814552 -0.01032512906713488 0
2323 0.03962845028266431 -0.001442586723126609 0
2324 0.07101694368728802 -0.009497263006594842 0
2325 0.07574134974920589 -0.00704602327959352 0
2326 0.04501555247802165 -0.01690662718683184 0
2327 0.07860024807234969 -0.009902355515046935 0
2328 0.038791301868785 -0.0008189270796101508 0
2329 0.09752056255901452 -0.007090597057482675 0
2330 0.101368267762124 -0.01327935801128545 0
2331 0.04400563863650257 -0.002761822282980066 0
2332 0.04374288484343068 -0.00115071412538327 0
2333 0.04240695121420462 -0.001814718527849771 0
2334 0.04556347286594831 -0.00201923622316466 0
2335 0.04746247535144116 -0.001300189467689594 0
2336 0.04169368556393319 -0.00743274103019316 0
2337 0.05174625262987294 -0.003180285037460482 0
2338 0.05325297437388033 -0.01231247338616439 0
2339 0.04362683903492007 -0.01169637103837851 0
2340 0.05015579177311947 -0.005725829751417173 0
2341 0.04795685321893322 -0.00803284255658269 0
2342 0.05101274222503387 -0.01575419304538351 0
2343 0.04197288144840371 -0.0009923586346715395 0
2344 0.0408883338741831 -0.005718986983587736 0
2345 0.04908365808940281 -0.01697285786832542 0
2346 0.04074848027798143 -0.001001199963592204 0
2347 0.05767894278142282 -0.01327507824864717 0
2348 0.04584980287488818 -0.0153370535060434 0
2349 0.06180769508064676 -0.005397042335829625 0
2350 0.0586194430867213 -0.004348736495393959 0
2351 0.05568788214678687 -0.001644048813200692 0
2352 0.04474943696707637 -0.0045811194268694 0
2353 0.04181445894433172 -0.004368307492331093 0
2354 0.06297715655759478 -0.01609590669470316 0
2355 0.04014209434286894 -0.001971968347556741 0
2356 0.03902754438571613 -0.001857358828584618 0
2357 0.05073296236535671 -0.00858395244409369 0
2358 0.04677141018439787 -0.01691790663455826 0
2359 0.06634068642529357 -0.002466014191119272 0
2360 0.07677638609458041 -0.0149394824724965 0
2361 0.04140803846435846 -0.003726447871775086 0
2362 0.05573995602544686 -0.008470885672182949 0
2363 0.04087756245815033 -0.003148092385009068 0
2364 0.06641652207308159 -0.009443154089539238 0
2365 0.08010437505582184 -0.0047059382575986 0
2366 0.03920851900821948 -0.002483794851589549 0
2367 0.04166799878331465 -0.002726235545295573 0
2368 0.07512058757379078 -0.002841765105716036 0
2369 0.08160019844750077 -0.01498613355596959 0
2370 0.04022991621070079 -0.002697199245675389 0
2371 0.08539920308278019 -0.006001723489847362 0
2372 0.038476281568747 -0.001378262831568874 0
2373 0.04577054135942926 -0.01830787303532889 0
2374 0.04267890773647782 -0.01509133134456211 0
2375 0.0390087964810066 -0.001237596376822532 0
2376 0.04014953040590869 -0.003480842037045863 0
2377 0.03830549809224421 -0.0005798485602665854 0
2378 0.03960900932695969 -0.00198111801047804 0
2379 0.05297420849057116 -0.00670826777361395 0
2380 0.03927233978612198 -0.003782982159572399 0
2381 0.1143698043596698 -0.005425420232076927 0
2382 0.04324197577502155 -0.004058399735338358 0
2383 0.09399025563958822 -0.01365241400655339 0
2384 0.05931051400756505 -0.008467308690484406 0
2385 0.03954188808098414 -0.0004453008441096514 0
2386 0.1057179694390162 -0.005619374131154142 0
2387 0.05739863771892147 -0.007566040190963186 0
2388 0.04466323016745453 -0.001489894998911457 0
2389 0.04915805266173343 -0.003646640657373332 0
2390 0.04669044938574973 -0.00947299770395575 0
2391 0.04618110777492659 -0.006161761513910231 0
2392 0.04558903854775448 -0.01132686995107889 0
2393 0.04472507381790384 -0.0003461099104371232 0
2394 0.04485839538626 -0.005720155774580835 0
2395 0.04419865705077775 -0.01007471311691769 0
2396 0.050625249349716 -0.002170165312325954 0
2397 0.04568926447440488 -0.0008434497037445797 0
2398 0.04303668163804395 -0.002120892671784029 0
2399 0.04281139647604492 -0.001007951373571024 0
2400 0.04296053765390714 -0.007544146630580588 0
2401 0.04407840566171967 -0.001846870417518956 0
2402 0.04757640503616824 -0.006476025472997131 0
2403 0.04478884782116344 -0.00219476451839478 0
2404 0.05470790123900421 -0.01408981446098367 0
2405 0.06162381182017498 -0.003103174202658832 0
2406 0.04290511040788749 -0.001494529816430859 0
2407 0.04346089819927314 -0.008759796896589274 0
2408 0.05201424099724435 -0.0007415427757035232 0
2409 0.05106812958295465 -0.004521419744064519 0
2410 0.04777118313485574 -0.0006597967917303634 0
2411 0.04635509605337517 -0.00448390191907046 0
2412 0.043757342185732 -0.006446092067966024 0
2413 0.05407371016342605 -0.00230719606413182 0
2414 0.04856919967755527 -0.005533510282798131 0
2415 0.0417859974401658 -0.001513104563336353 0
2416 0.04494397763082871 -0.01337389974004807 0
2417 0.04015412576504598 -0.000613212458090014 0
2418 0.04660195202811229 -0.007606020746932253 0
2419 0.04827020674327065 -0.009869034417293514 0
2420 0.04185499293484776 -0.005769877224818453 0
2421 0.04315930122321615 -0.00283021477229807 0
2422 0.05728982489031387 -0.003049034923788752 0
2423 0.04831953427148554 -0.001855085872563478 0
2424 0.05694748846037301 -0.0165293932565052 0
2425 0.04948309756304253 -0.01410146670445224 0
2426 0.05342451441552431 -0.005141424773469536 0
2427 0.04669695151732305 -0.0004230691969532146 0
2428 0.04701597128512841 -0.01326801914769563 0
2429 0.05127926898175995 -0.006970099296635158 0
2430 0.04427375550725479 -0.003638490227175478 0
2431 0.05915541800708431 -0.002161925904966073 0
2432 0.04113564464367208 -0.001574293539695153 0
2433 0.05520784274346496 -0.003902650386570332 0
2434 0.05008933639178257 -0.007151455060080634 0
2435 0.04360434168310725 -0.003500197627254106 0
2436 0.05078638061748919 -0.01215133050461644 0
2437 0.04354718539832608 -0.01368389243552379 0
2438 0.04386693221514117 -0.005202720974173704 0
2439 0.06620786626860688 -0.00567686660645371 0
2440 0.05213114613800412 -0.01004009411890769 0
2441 0.0404112747728343 -0.007381297334229288 0
2442 0.04242173155505947 -0.006514775061560924 0
2443 0.04626211090376634 -0.001668803335090234 0
2444 0.04141926668999127 -0.001020960583380635 0
2445 0.06482967290403986 -0.01272892122714372 0
2446 0.0427443211897873 -0.009967211833694751 0
2447 0.04245686816244931 -0.002433025856885869 0
2448 0.06002885084662274 -0.01740319005248529 0
2449 0.05478820088783248 -0.0103668037257725 0
2450 0.05556496717769967 -0.01222055102889046 0
2451 0.04888454263828847 -0.006751267565341099 0
2452 0.06834705925939441 -0.01330016762942427 0
2453 0.04135934299086003 -0.005122945935873189 0
2454 0.0401898075957789 -0.001302530371492179 0
2455 0.0598982751076803 -0.01469630851676968 0
2456 0.06897559356615232 -0.006847211227428632 0
2457 0.0434489464963279 -0.0005262076719445257 0
2458 0.04018939461838991 -0.00634389495173664 0
2459 0.05944122904951893 -0.006204158135118133 0
2460 0.04992925775464727 -0.01003177853260307 0
2461 0.04316452470666885 -0.004753156432640606 0
2462 0.04228107088384817 -0.00499183287777542 0
2463 0.04127644653976056 -0.006510666248117005 0
2464 0.05761821496676619 -0.01036841543140477 0
2465 0.04195105532368026 -0.002096655767277156 0
2466 0.06891101686762317 -0.003776339510567845 0
2467 0.06022648922344794 -0.004351846284407065 0
2468 0.04257011710505742 -0.004195613212473346 0
2469 0.04752309635823568 -0.01540801474585153 0
2470 0.06384572938969064 -0.006956668126466638 0
2471 0.06614109723032822 -0.01578676071485273 0
2472 0.04018658356843944 -0.005226637143382215 0
2473 0.05205094143355287 -0.01410843993637513 0
2474 0.04417907353546448 -0.01553130859515067 0
2475 0.04932189407914437 -0.008347758324224316 0
2476 0.0571488608303938 -0.005152767883703973 0
2477 0.04380951891035658 -0.004245272771637237 0
2478 0.06200271728653095 -0.01257680127658944 0
2479 0.05440871441888802 -0.001022086423886864 0
2480 0.05092179369621833 -0.0177936824860719 0
2481 0.06157696339893622 -0.008145365065044723 0
2482 0.04086465471283866 -0.002268333703551801 0
2483 0.04213875811714051 -0.003603629818236271 0
2484 0.04239566611528309 -0.001243072409447672 0
2485 0.06328227557623775 -0.01009136333683225 0
2486 0.05962870704709566 -0.0122555268271626 0
2487 0.04113539659062834 -0.0004999051401903654 0
2488 0.04286364975940341 -0.003542681658019112 0
2489 0.05515160884002731 -0.006325198435138639 0
2490 0.04009127669314327 -0.004162895699831044 0
2491 0.1110477496010219 -0.01326112062409404 0
2492 0.04067158573301384 -0.003832932646796488 0
2493 0.07136432143894225 -0.002420256933546749 0
2494 0.03929606144666627 -0.0008897230225316895 0
2495 0.07239543723798879 -0.01424959723778093 0
2496 0.04348865683140198 -0.01762450224856805 0
2497 0.1224149156707876 -0.008383791550881568 0
2498 0.08263010244795238 -0.01018224809116064 0
2499 0.05393323848702809 -0.008372140317358499 0
2500 0.04568943680435621 -0.001427269338150902 0
2501 0.04610809477092396 -0.001111101226618342 0
2502 0.04520205809778811 -0.001129192877220572 0
2503 0.04618450280153027 -0.0005476179911530797 0
2504 0.04518053414126272 -0.0005156010367485615 0
2505 0.04290668542937224 -0.0005437293537148588 0
2506 0.04668685608814644 -0.001064229085363268 0
2507 0.04424572164037242 -0.001249199611994758 0
2508 0.04976839791358048 -0.0008382809032871107 0
2509 0.03976206663422792 -0.0009386706838700285 0
2510 0.04541472339693855 -0.008383525736844146 0
2511 0.04515268109024412 -0.007011873722088759 0
2512 0.04612010030845808 -0.003550925087463305 0
2513 0.04321530242069033 -0.001071217787538341 0
2514 0.04711672622158499 -0.005202782372227851 0
2515 0.05733784521308612 -0.001390744165704056 0
2516 0.04543468670524162 -0.002772099426369182 0
2517 0.04402266877995799 -0.0007387532843417317 0
2518 0.04886588052973856 -0.0008978167502166175 0
2519 0.03895208787774531 -0.0004556332510863462 0
2520 0.04801521215871513 -0.00344237723259734 0
2521 0.04949626888040604 -0.001793552931496344 0
2522 0.04518140915134212 -0.001652071591168474 0
2523 0.05324913730903358 -0.01689650331218849 0
2524 0.03941733418468656 -0.004682219961594058 0
2525 0.04445800456477905 -0.008908206985781045 0
2526 0.0532528118102619 -0.003570449557300172 0
2527 0.0475763365104117 -0.01843972750764252 0
2528 0.05183257647722329 -0.001756347806103365 0
2529 0.040616136314628 -0.001623665185177615 0
2530 0.0718242998102529 -0.005483180051449866 0
2531 0.04828603491764973 -0.0005516565352501516 0
2532 0.04171065346294117 -0.0005368213598373601 0
2533 0.04461743755704237 -0.0008269353494662153 0
2534 0.0461076256909425 -0.002453568869313855 0
2535 0.04061597578261415 -0.0004204872316253567 0
2536 0.04716990204088792 -0.000601384449387619 0
2537 0.0434396410553286 -0.001685175664966224 0
2538 0.04880999864087493 -0.002784140517060267 0
2539 0.04354393364296218 -0.002248995161909469 0
2540 0.04416154914270501 -0.007836823628943305 0
2541 0.04812800374048243 -0.001200669134303777 0
2542 0.04161369057192504 -0.01146618017607245 0
2543 0.04511032962691203 -0.003641089620211046 0
2544 0.04476271595081692 -0.002986760303674685 0
2545 0.0496072312919266 -0.004588898332415495 0
2546 0.06394494762498927 -0.004230120856515461 0
2547 0.05035679967582211 -0.003469424838806403 0
2548 0.04579174161839216 -0.005117577762373802 0
2549 0.07504638790432099 -0.01095186229517751 0
2550 0.0472619134880591 -0.0111514691098807 0
2551 0.0496892738417105 -0.00277278485141246 0
2552 0.05187461755845597 -0.005614723295091727 0
2553 0.0522894613739906 -0.004425026788626144 0
2554 0.04534807064205439 -0.009602012952445064 0
2555 0.05307224750387888 -0.001152540383993284 0
2556 0.04232024676807269 -0.0006177047330346364 0
2557 0.04782367433362403 -0.002593775799621432 0
2558 0.05087926520097092 -0.0008508222516552869 0
2559 0.04385087830616857 -0.0003169513365791122 0
2560 0.09137593237261983 -0.006518276582619062 0
2561 0.05278107891194818 -0.002426249777557252 0
2562 0.03886609551574384 -0.003060225300042968 0
2563 0.0422607785402833 -0.01330967825102291 0
2564 0.04125273079799894 -0.009645342347468404 0
2565 0.04690947101757561 -0.001635678623134039 0
2566 0.04666646083825107 -0.00214769889589302 0
2567 0.04214323292409853 -0.008645285062248624 0
2568 0.06125736995706558 -0.00140921195683792 0
2569 0.03854069227156913 -0.002229323357430829 0
2570 0.08708033048875223 -0.01304868510373572 0
2571 0.04704115265309462 -0.002954904731967343 0
2572 0.04081446548461725 -0.008441356861582292 0
2573 0.05019229533616835 -0.001413205349691173 0
2574 0.04571086028343957 -0.0003813337463292441 0
2575 0.0456318288276463 -0.004235927356847616 0
2576 0.04736555116515895 -0.002061265968090017 0
2577 0.09494174890676874 -0.003402218410025434 0
2578 0.048275977681338 -0.004474821691367431 0
2579 0.06360720246139627 -0.001601217315304498 0
2580 0.04715404417942767 -0.004018285505782288 0
2581 0.03936806954386301 -0.005345574698570105 0
2582 0.04428600974351213 -0.000371458313470697 0
2583 0.06936867302863306 -0.01722275426367632 0
2584 0.0004213187878170058 0.001412077373480742 0
2585 -0.003372998609897847 0.001385088620710281 0
2586 -0.006573381397758219 0.001349167794564088 0
2587 0.007002071747148228 0.00147701745510238 0
2588 -0.00978959393760272 0.00164802398520172 0
2589 -0.01138718089364609 0.001322831641298354 0
2590 -0.01412252415397073 0.001294114086444586 0
2591 0.01603929660598759 0.001459289365082604 0
2592 -0.01611321282308889 0.001434492909717346 0
2593 -0.01725482836225519 0.001501614225286225 0
2594 -0.01899149704873058 0.001485458664021164 0
2595 0.02036390524117538 0.001350854385163045 0
2596 0.02335978315411182 0.001376197710260686 0
2597 -0.02350351208149827 0.001255308172765388 0
2598 0.026658265762718 0.001294447842162811 0
2599 -0.02650973081137249 0.001328710556486059 0
2600 0.03149677565273043 0.001451903093184291 0
2601 -0.03266459628651339 0.00130832427615787 0
2602 -0.02529988943872509 0.001357057589413458 0
2603 0.02217491071296092 0.001320610172864985 0
2604 -0.01313423049141896 0.001341866082455217 0
2605 0.007477115450590812 0.0005836919132801513 0
2606 -0.005477564439329972 0.001342713580253277 0
2607 -0.0003067100134642346 0.0006714567130241017 0
2608 0.03788307777975308 0.00120559624542425 0
2609 -0.04149513065441864 0.001437338697265857 0
2610 0.03681710022893435 0.001416718548449308 0
2611 -0.001849800145636718 0.0004164053644734045 0
2612 -0.006836003182976303 0.0004345343203265019 0
2613 -0.014292054941821 0.0004559802822139982 0
2614 0.0202813972930627 0.0004489022588424804 0
2615 -0.02661554141936828 0.0004340415147763097 0
2616 0.03134080345677147 0.0004927284509559715 0
2617 -0.03276405518049737 0.0004012670685232954 0
2618 0.01122982953996449 0.001321997957402126 0
2619 0.03888430063063624 0.001427764457243423 0
2620 0.01884481174554125 0.001352470925860493 0
2621 0.01243914085183996 0.001175359580990119 0
2622 -0.01295177317505259 0.0004530350556302447 0
2623 -0.02511990096570863 0.0004574714650232366 0
2624 0.03730007138839073 0.0005965025590419089 0
2625 0.03975688155988327 0.0006992074193028851 0
2626 -0.02581950177965298 0.0004966924758184524 0
2627 0.02282893968713882 0.0004965292363217008 0
2628 0.01950680975933775 0.0008622119017373559 0
2629 -0.01362678261405026 0.0004789186507936509 0
2630 -0.006074899349119817 0.0005367003883951649 0
2631 0.004182224785073832 0.001411909856581067 0
2632 0.0006247052940637354 0.000418466218291843 0
2633 -0.04155862300298018 0.0004521021085963043 0
2634 0.006608462123127125 0.0006271577677507818 0
2635 -0.00350117351158198 0.00040746287129041 0
2636 0.0366409398560136 0.0005553734122767927 0
2637 0.01192666490497089 0.0006826217172849334 0
2638 0.008774200915700572 0.0008834607290848718 0
2639 0.008144174965768136 0.0005765786429844823 0
2640 0.008015665275120249 0.001420124790075314 0
2641 0.03068917583099518 0.0005294468657145183 0
2642 -0.03207326048386669 0.000572321097195315 0
2643 -0.01163489250806104 0.0003967606021735666 0
2644 -0.02379441667748039 0.0003969037868046996 0
2645 -0.02982390119929428 0.001263147433292479 0
2646 -0.03060286258755221 0.0007057567569440714 0
2647 0.01254234693994925 0.0005073207920939241 0
2648 -0.03137279127659427 0.0004028776623432238 0
2649 0.01115449801910543 0.0004108739953760752 0
2650 -0.009757255938898821 0.0007213143568606737 0
2651 -0.02176127981420611 0.0004082373886618008 0
2652 -0.03136148499261326 0.001293112494740322 0
2653 -0.01091856235011905 0.0005646411657212178 0
2654 -0.02315071062292924 0.0004237095364337303 0
2655 -0.01045925970301789 0.001218816011005627 0
2656 0.03837938037249051 0.0006103721129267271 0
2657 -0.03373622647330941 0.001137128527622251 0
2658 -0.03923532876180735 0.0005925859578920196 0
2659 0.001414260228235314 0.000805251566312865 0
2660 -0.03324669892008603 0.0005595692478238551 0
2661 0.01876978689078837 0.0004465702535617789 0
2662 -0.02167680956473017 0.001356882072536896 0
2663 -0.01823558627629806 0.001213445800846434 0
2664 -0.01978035653234739 0.001156669438039265 0
2665 -0.008919020076351836 0.001435492245334004 0
2666 0.00327723961866568 0.0008862438274004349 0
2667 -0.001118739324623511 0.0007529410899283184 0
2668 -0.02445644224908693 0.0008620732604399277 0
2669 -0.0122974307560012 0.0008592133402224832 0
2670 -0.02039037952954874 0.0005495099097168473 0
2671 -0.01897809300793643 0.0006716237483619241 0
2672 -0.01757806483307052 0.0006608723231659331 0
2673 -0.008215151285393039 0.0007937636764076134 0
2674 0.01022156346011121 0.001561837458558807 0
2675 -0.002024247700435801 0.001422547752096189 0
2676 -0.02113652596183105 0.0005183391998922771 0
2677 -0.009055690724848445 0.0004498514535365346 0
2678 0.03902098515783075 0.0004970372489500526 0
2679 0.005273968844758794 0.001493757166199287 0
2680 -0.0007221999247976641 0.001577289743255643 0
2681 -0.02057926295857278 0.001365553393753323 0
2682 0.005658538048784389 0.0005689015586348434 0
2683 0.01490452323124625 0.0005452918877949688 0
2684 -0.04090710997016626 0.0006520992326638827 0
2685 0.01649417495660586 0.0006757216987926224 0
2686 0.02462485290474499 0.001362802949355597 0
2687 0.03782361701923797 0.0004824941834785773 0
2688 -0.002744586181411234 0.0006323958657764981 0
2689 0.02189046935576151 0.0003901158473113638 0
2690 -0.0051657133485991 0.0003879890553476648 0
2691 -0.04037061831138249 0.001482922902337456 0
2692 0.01709394109004813 0.001368218177279069 0
2693 -0.02758868811089898 0.001563221372717958 0
2694 0.01311438462745409 0.001549695912122101 0
2695 0.03996252713240121 0.001545178740327924 0
2696 -0.0007364299020883278 0.0003560994507381051 0
2697 0.01801680880120355 0.000922156740182632 0
2698 -0.02721206808573192 0.0006421585650695971 0
2699 -0.03925270885040832 0.001403220101728509 0
2700 -0.03604380267493996 0.0005491474589150421 0
2701 0.006125417885183043 0.001349471442160384 0
2702 0.00483749617135729 0.0006489432404429811 0
2703 0.01733434080392744 0.0005695577100842005 0
2704 0.03214596022697603 0.0006522202527426156 0
2705 -0.01975768568066895 0.0003927847410704638 0
2706 0.01565642895370127 0.0005603722769593099 0
2707 0.02476730436532225 0.0004670652115710386 0
2708 0.03278535435389234 0.001358233497250994 0
2709 0.004122794762839408 0.0004797255345266963 0
2710 -0.01038242100380043 0.0005009543067175037 0
2711 0.02114592763055584 0.0008586403805974105 0
2712 -0.01579489680367085 0.0005185659801084647 0
2713 -0.0280609274952769 0.0008452377724760895 0
2714 0.03290108799265588 0.0004345227846142174 0
2715 -0.004383698028971797 0.0008604648753716618 0
2716 -0.02256593151106093 0.0008491624529139737 0
2717 0.01050410899261271 0.00068312839208382 0
2718 -0.03995888191041374 0.0005839678527712881 0
2719 0.02934589750826788 0.001391584006825393 0
2720 0.04149620691640619 0.0005076203769718231 0
2721 -0.03526838001681946 0.0007988414678392067 0
2722 0.02381863534605296 0.0005247407431064574 0
2723 -0.01497047499302545 0.0008615865530444993 0
2724 0.04164067493471953 0.001404321158042103 0
2725 -0.03053630321710255 0.001380183459404769 0
2726 -0.0182327098346104 0.0004083945775652137 0
2727 0.01439487292875704 0.0004428354828243931 0
2728 0.01324270906205018 0.0008168769685888566 0
2729 -0.03560738728328904 0.001494853534637748 0
2730 0.03077673564684339 0.00117130670826153 0
2731 0.04070707778739364 0.0009509039563778193 0
2732 0.02571410884856249 0.000808814031195372 0
2733 0.002338018072424561 0.001288274555119993 0
2734 0.03610802184068893 0.0007412125857392368 0
2735 0.03420369320124097 0.001330401534616061 0
2736 0.002671411496442331 0.0005404538609363596 0
2737 -0.03456936407525842 0.001482360045656492 0
2738 0.02834341455615323 0.001379989744115872 0
2739 -0.0289129687193381 0.000839950848962304 0
2740 -0.03854070983316236 0.0007598438973751429 0
2741 -0.03462897137987146 0.0005612893793939519 0
2742 0.0269929724552626 0.0005498889932086115 0
2743 0.01417370491127578 0.001261368017598741 0
2744 0.02900764397571998 0.0006425442576770068 0
2745 0.009641735908687632 0.0008040609399610713 0
2746 0.02611223143839304 0.0003299122503864786 0
2747 0.01380976403324089 0.0004201800781686651 0
2748 0.0283370133741285 0.0004887346963345535 0
2749 0.002111625662609391 0.0004976980760702997 0
2750 -0.02949018443184093 0.000431319897402705 0
2751 0.03553916561076555 0.001392484947301642 0
2752 0.02656421245624254 0.0005162839960870497 0
2753 0.001766773082313296 0.0003254963075400425 0
2754 -0.03391166748022324 0.000376331192473343 0
2755 -0.03664584037142408 0.0004236527310898171 0
2756 0.03358702613512192 0.0006071568446910878 0
2757 -0.007391107129457288 0.000781058478410196 0
2758 -0.03785050264855451 0.0008231012220076474 0
2759 0.02952877249221303 0.0005833166791910536 0
2760 0.03480980623545517 0.0006550237441698726 0
2761 -0.03665623419463594 0.001387219322884284 0
2762 0.0301431111985081 0.0008822363228560708 0
2763 0.03627468987894263 0.000322049918131097 0
2764 -0.01670141739155559 0.0005879350626111383 0
2765 -0.03726537483821064 0.0008556622126636246 0
2766 0.0151905050261701 0.001265264309487125 0
2767 0.02755330081612117 0.0008917000324858003 0
2768 0.0342333726142937 0.0005197832516652541 0
2769 -0.03002856099681889 0.0004848211021614477 0
2770 0.03547931876763809 0.0004647868795351251 0
2771 -0.007827982379913856 0.0003899435575731674 0
2772 -0.02762348192764743 0.0003713336430132647 0
2773 -0.04715346702392683 -0.004356938401687557 0
2774 -0.0431801023938524 -0.005339729833707255 0
2775 -0.04241295964572046 -0.004135109086646375 0
2776 -0.04224277050734019 -0.002275256862370267 0
2777 -0.04111792582324131 -0.003237922919032671 0
2778 -0.05229352943166541 -0.00816280410370963 0
2779 -0.04060427210596159 -0.001778587942847721 0
2780 -0.04027730678048814 -0.002317274398004676 0
2781 -0.06083579408815843 -0.01032512906713488 0
2782 -0.03906693087922491 -0.001062944601564805 0
2783 -0.0710169436872935 -0.009497263006594842 0
2784 -0.07574134974917313 -0.00704602327959352 0
2785 -0.0450156876029256 -0.01690579286008197 0
2786 -0.0796063473540216 -0.0107414891925645 0
2787 -0.03858174267728828 -0.0008307464939994449 0
2788 -0.0947334597021925 -0.006850407001924025 0
2789 -0.1009391883058764 -0.01236834485322696 0
2790 -0.1070096341288929 -0.006623950806292129 0
2791 -0.03830571510134129 -0.0004556446381174752 0
2792 -0.04328716975435955 -0.002844859434495226 0
2793 -0.04367012597148306 -0.0009560322746097061 0
2794 -0.04931026530794819 -0.00215033156708934 0
2795 -0.04556684323691901 -0.001916675388285509 0
2796 -0.04515987367122597 -0.007764043758185818 0
2797 -0.04610277357368195 -0.001417632941476283 0
2798 -0.04690290145747898 -0.001418573842329072 0
2799 -0.04181618425232951 -0.006973112753397424 0
2800 -0.0515949687882215 -0.003005116536105266 0
2801 -0.04282340850280965 -0.001218326074288762 0
2802 -0.05325208651792301 -0.01231002339071996 0
2803 -0.04395561050518893 -0.01179842577146112 0
2804 -0.05012775483982631 -0.005672706386161666 0
2805 -0.04793342849635945 -0.007947711754091681 0
2806 -0.05101255950582478 -0.01575302761272506 0
2807 -0.04116404427411745 -0.005532280226246889 0
2808 -0.04164788723284708 -0.001204649719863543 0
2809 -0.0405959246589787 -0.004868420063272282 0
2810 -0.0490836349840337 -0.0169717943415425 0
2811 -0.05767894278144785 -0.01327507824864717 0
2812 -0.04585011325576837 -0.01533513706377209 0
2813 -0.06180769244143971 -0.005397036280761616 0
2814 -0.05861942469751406 -0.004348694305242681 0
2815 -0.03975271587109775 -0.003652858577595495 0
2816 -0.05568827051873954 -0.001642122675869104 0
2817 -0.04487924085600051 -0.004763338982842999 0
2818 -0.04088268668415675 -0.0007256992845757346 0
2819 -0.04002574658757272 -0.0008611996491150919 0
2820 -0.06297715655764916 -0.01609590669470316 0
2821 -0.05072195027734393 -0.008554722754020853 0
2822 -0.04677150683256553 -0.01691672548085951 0
2823 -0.03920509451490869 -0.002979789202556087 0
2824 -0.06634068759275055 -0.002466010883142991 0
2825 -0.07677635826366866 -0.01493653787748875 0
2826 -0.03949345908050867 -0.0007399442653385162 0
2827 -0.05574045052859593 -0.008467187268854004 0
2828 -0.06641652207308844 -0.009443154089539238 0
2829 -0.08015999900130737 -0.004973851883644172 0
2830 -0.07512058757370055 -0.002841765105716036 0
2831 -0.08217291656492441 -0.01570705167809805 0
2832 -0.03864298597357197 -0.001904956786881163 0
2833 -0.08551883628000168 -0.004440565895558177 0
2834 -0.04105654384870942 -0.002412939822590208 0
2835 -0.04577060076967377 -0.01830739874968243 0
2836 -0.04258418040241827 -0.01524116794785202 0
2837 -0.03843348508142889 -0.001270301269737669 0
2838 -0.05297622194785733 -0.006686368278642922 0
2839 -0.09218013907423332 -0.01374808578628603 0
2840 -0.05931047521041414 -0.008467206938066775 0
2841 -0.05739964191720881 -0.007563685431358336 0
2842 -0.03814431443218056 -0.0008076361791147894 0
2843 -0.04449296552858722 -0.001316462699807897 0
2844 -0.04668214534611979 -0.009409499887734474 0
2845 -0.04611315766434754 -0.005967735220532037 0
2846 -0.04915935248775776 -0.003517828504399419 0
2847 -0.04827554673436615 -0.003229930374181693 0
2848 -0.04544089297756675 -0.0007912803746178722 0
2849 -0.0455456478828259 -0.01112977425397032 0
2850 -0.04420775476861147 -0.01003211738165032 0
2851 -0.04539700328612769 -0.003347313484630698 0
2852 -0.04482471649967801 -0.005671512710640237 0
2853 -0.04332695524818526 -0.004379313949003652 0
2854 -0.05076839481378098 -0.002061056068197541 0
2855 -0.04753718480389688 -0.006382973207763435 0
2856 -0.04401814444844058 -0.002548589801724206 0
2857 -0.04639771750886459 -0.0008937665709162739 0
2858 -0.04318318888882981 -0.007272070583888017 0
2859 -0.04382214905146053 -0.003431491009766465 0
2860 -0.05470756575464047 -0.01408874088498907 0
2861 -0.04841443154981116 -0.005313517414356238 0
2862 -0.04323056701350422 -0.008745763087736331 0
2863 -0.04376484440752402 -0.006099848228916408 0
2864 -0.06162384630640767 -0.003103095227146383 0
2865 -0.04248665622376949 -0.003067976528335405 0
2866 -0.05211579351076618 -0.0009714097780659418 0
2867 -0.05089588701012192 -0.004379071342926815 0
2868 -0.04682523603393339 -0.0006190797552363518 0
2869 -0.04834792170655004 -0.009920132613123495 0
2870 -0.04258214104630654 -0.006357244314107043 0
2871 -0.05407461358264584 -0.00229700637026044 0
2872 -0.04518900347276745 -0.01329140424551223 0
2873 -0.04210836715505021 -0.00559297768785882 0
2874 -0.04332746757145502 -0.00148651294476707 0
2875 -0.04628332658947594 -0.007528445985582807 0
2876 -0.0572908641698068 -0.003047189394847551 0
2877 -0.05694742944703687 -0.01652920659298897 0
2878 -0.04172538275435427 -0.0006215320178213064 0
2879 -0.04943572263645118 -0.01433644552687829 0
2880 -0.05127184576843023 -0.006934722703671291 0
2881 -0.05342613128786049 -0.005119648657550491 0
2882 -0.04722016607004479 -0.01342757835634264 0
2883 -0.05006626355319814 -0.007096570719732307 0
2884 -0.05915558646914596 -0.002161579789793815 0
2885 -0.04780359496418437 -0.001575223841965954 0
2886 -0.05521227967787719 -0.003892480451681565 0
2887 -0.03950999208007933 -0.004527967396161682 0
2888 -0.05095265992714357 -0.01227136239958491 0
2889 -0.0426674818665694 -0.001741602669305157 0
2890 -0.04576059436560204 -0.004217756610331065 0
2891 -0.04337075112232824 -0.01354169308667021 0
2892 -0.04033340824731681 -0.001254284695827345 0
2893 -0.06620786626858199 -0.00567686660645371 0
2894 -0.04174162800750335 -0.004897601783510812 0
2895 -0.04274442526684448 -0.0006207533261313615 0
2896 -0.04019640670972854 -0.006064853030381114 0
2897 -0.05212754703982372 -0.01003017363863758 0
2898 -0.0648296729040736 -0.01272892122714372 0
2899 -0.04223930857217491 -0.001100097650635484 0
2900 -0.04254957185901033 -0.0103442765865767 0
2901 -0.04402307312445308 -0.005092079596165336 0
2902 -0.04042333194209508 -0.00348353953907417 0
2903 -0.06002884722277278 -0.01740318005250389 0
2904 -0.04054988496137976 -0.002888215764725935 0
2905 -0.03945593491884198 -0.002255607826817537 0
2906 -0.05478744795404113 -0.01036473026033361 0
2907 -0.05556461365244882 -0.01221957633684396 0
2908 -0.04147464157121007 -0.004343663599022723 0
2909 -0.0488533496379631 -0.006680339597043988 0
2910 -0.0407880687161996 -0.00115903357872938 0
2911 -0.06834705836300746 -0.01330007278440129 0
2912 -0.04191665115225043 -0.001721376766317204 0
2913 -0.04170157264458588 -0.002159588709199015 0
2914 -0.05989827148381486 -0.01469629851678828 0
2915 -0.06897559356613187 -0.006847211227428632 0
2916 -0.04128567518656939 -0.001629043539462138 0
2917 -0.05007080407211053 -0.01031332988968656 0
2918 -0.04119919421066388 -0.000441792928899022 0
2919 -0.05944147701177175 -0.006203599228259611 0
2920 -0.04177422067151421 -0.003630128051572569 0
2921 -0.05761825548827042 -0.01036725501040153 0
2922 -0.06891101684004423 -0.003776339447381555 0
2923 -0.06022648232748179 -0.004351830463100335 0
2924 -0.04045157016041955 -0.0007874104538225453 0
2925 -0.04095014819108852 -0.003940443317517701 0
2926 -0.04752318747530584 -0.01540515192933161 0
2927 -0.0389546421356729 -0.003700136094686643 0
2928 -0.06384572868472714 -0.006956666501295168 0
2929 -0.04930407333442218 -0.008295248374655902 0
2930 -0.04127228838553042 -0.0009613583876750087 0
2931 -0.06614109696570901 -0.01578673271073621 0
2932 -0.05200870689124127 -0.0141397219279314 0
2933 -0.0441794756856532 -0.01552834274906528 0
2934 -0.04328291691997668 -0.0004372836001754679 0
2935 -0.05714966036643473 -0.005151379044114432 0
2936 -0.04029036874069671 -0.004099298071259651 0
2937 -0.04255517190893915 -0.004862043872311702 0
2938 -0.06200271668257506 -0.01257679960992587 0
2939 -0.03991322517823131 -0.002897792270428272 0
2940 -0.04181240356760846 -0.007847826287950168 0
2941 -0.03970075448538153 -0.001199515325102027 0
2942 -0.05440894596797498 -0.001018707469801083 0
2943 -0.05092173845903371 -0.01779319408045239 0
2944 -0.06157696212190902 -0.008145362135173107 0
2945 -0.04178583727338699 -0.002828148503219857 0
2946 -0.04066923868182054 -0.0003881915673957918 0
2947 -0.04314634199371253 -0.0009467405201437293 0
2948 -0.06328227526274817 -0.01009136257074305 0
2949 -0.04136991615764526 -0.006222954895343878 0
2950 -0.0596286777738483 -0.0122554465319735 0
2951 -0.04386442836059155 -0.0004368013113262438 0
2952 -0.05515652858833515 -0.006316666261375883 0
2953 -0.03888412699832103 -0.0004835315113282829 0
2954 -0.03923677163940983 -0.001561117468056105 0
2955 -0.03993474136289998 -0.001727731276109235 0
2956 -0.08842372437522111 -0.008438537531474498 0
2957 -0.0713643214333595 -0.002420256920909491 0
2958 -0.03998513197003002 -0.0003840233144937104 0
2959 -0.07239543237898645 -0.01424908313518255 0
2960 -0.04348876458681933 -0.01762377656736224 0
2961 -0.05393172923482775 -0.008364742192902263 0
2962 -0.04494541979964989 -0.001590173923368021 0
2963 -0.04488782590672973 -0.0009384784246700414 0
2964 -0.04548366730434004 -0.001238787016906045 0
2965 -0.04841633953906885 -0.001263331199488929 0
2966 -0.04730668704889795 -0.002106712550201522 0
2967 -0.0495495937258035 -0.000732869321730159 0
2968 -0.04570870952166401 -0.0003833479943298468 0
2969 -0.04732238649836235 -0.002803666673097162 0
2970 -0.04566594871380479 -0.008602550509567958 0
2971 -0.04644392445896465 -0.003315203065604222 0
2972 -0.04433446272131852 -0.001867723505553096 0
2973 -0.04809355188096485 -0.002419270706406756 0
2974 -0.05733815892854523 -0.001389933642082199 0
2975 -0.0489987219260663 -0.001380348514848372 0
2976 -0.0439757072843155 -0.001428693403840414 0
2977 -0.04486184100056617 -0.002278686883632815 0
2978 -0.04463964359364836 -0.008693211455067518 0
2979 -0.04561718528080948 -0.005149368866165273 0
2980 -0.04515810069388728 -0.0004203784652236428 0
2981 -0.04889734907716645 -0.002697474902630385 0
2982 -0.04496561434811107 -0.003991674740587399 0
2983 -0.04987044755770553 -0.001642829078732602 0
2984 -0.04066456643744014 -0.007224658797836844 0
2985 -0.04752510530173409 -0.003570824771710757 0
2986 -0.04841787226667594 -0.004117510283292472 0
2987 -0.05324301345241433 -0.01690055587129813 0
2988 -0.04588887219982297 -0.0008599296087868735 0
2989 -0.04757636310102722 -0.01843918371441689 0
2990 -0.05158519416099658 -0.001815434994568746 0
2991 -0.04638253933211752 -0.005007961321967559 0
2992 -0.07182429981020964 -0.005483180051449866 0
2993 -0.05323493514762762 -0.00353741145195489 0
2994 -0.0447609951118554 -0.006827326328825064 0
2995 -0.04556853785667665 -0.002695582571173081 0
2996 -0.04712015607481999 -0.005405825113261364 0
2997 -0.04309293364697207 -0.003538446506554437 0
2998 -0.03937254360976674 -0.0003214998182321019 0
2999 -0.04429475918260598 -0.004122170821215293 0
3000 -0.04647261095922307 -0.002226707424826065 0
3001 -0.03963413677422252 -0.005386936435823844 0
3002 -0.04474413653823871 -0.003188062688501896 0
3003 -0.04859793042810991 -0.001925644097342298 0
3004 -0.0495069518173005 -0.004327449434380896 0
3005 -0.04129040745195425 -0.01094798486850675 0
3006 -0.04422531698156284 -0.0009130861330803715 0
3007 -0.04619947231282046 -0.0004347627544749205 0
3008 -0.04420506404149778 -0.007847692039005224 0
3009 -0.05214881061642591 -0.004327610813048799 0
3010 -0.04744464863371365 -0.0004186857088715757 0
3011 -0.04224182331867647 -0.0004684765989176304 0
3012 -0.06394495340059671 -0.004230104763412349 0
3013 -0.0387205199671245 -0.002466938305890851 0
3014 -0.04208385092782045 -0.0137788518392457 0
3015 -0.1302255806765139 -0.009828218285618967 0
3016 -0.07504638790434524 -0.01095186229517751 0
3017 -0.0471673392913082 -0.01135842126567157 0
3018 -0.04535706291446858 -0.009606843739456987 0
3019 -0.05180777524508703 -0.005520021363666997 0
3020 -0.05332114751349842 -0.001074063500374718 0
3021 -0.05000045210750036 -0.002972644679307783 0
3022 -0.04887107207305327 -0.01192911039722142 0
3023 -0.08978446809858505 -0.004324901820489148 0
3024 -0.1007781953096802 -0.004952085700241318 0
3025 -0.04871542187691381 -0.0005949467201811058 0
3026 -0.05078624811638647 -0.0008860674013210586 0
3027 -0.0418495244291372 -0.009022269859019471 0
3028 -0.04238475375335223 -0.0123204162350525 0
3029 -0.05266056557582779 -0.002153525189153922 0
3030 -0.1139727074607045 -0.005981226732496359 0
3031 -0.06125741101553692 -0.001409125619722885 0
3032 -0.0479749776443448 -0.0008211708718589152 0
3033 -0.08551519861599699 -0.01228572242336128 0
3034 -0.04073600259064558 -0.00849278994189465 0
3035 -0.04451938170611019 -0.0003869634763286142 0
3036 -0.1214163107172517 -0.009992933778030023 0
3037 -0.1109365221053148 -0.01356663659572078 0
3038 -0.04106594101924921 -0.009781313399164855 0
3039 -0.04739027174673104 -0.0009705468040523737 0
3040 -0.04331914510656731 -0.002146299161500851 0
3041 -0.04628053917923659 -0.01230179453037419 0
3042 -0.08384482112530975 -0.008176033385320525 0
3043 -0.08688697513729111 -0.01634817197754907 0
3044 -0.0636072142453368 -0.001601190927632087 0
3045 -0.04379498542641939 -0.001895563763477128 0
3046 -0.04280064469172119 -0.002415198931201381 0
3047 -0.06936867202535942 -0.01722264810505334 0
$EndNodes
$Elements
6042
1 1 3 7 1 0 4 20
2 1 3 7 1 0 20 21
3 1 3 7 1 0 21 22
4 1 3 7 1 0 22 1
5 1 3 4 13 0 7 153
6 1 3 4 13 0 153 154
7 1 3 4 13 0 154 155
8 1 3 4 13 0 155 156
9 1 3 4 13 0 156 157
10 1 3 4 13 0 157 158
11 1 3 4 13 0 158 159
12 1 3 4 13 0 159 160
13 1 3 4 13 0 160 161
14 1 3 4 13 0 161 162
15 1 3 4 13 0 162 163
16 1 3 4 13 0 163 164
17 1 3 4 13 0 164 165
18 1 3 4 13 0 165 166
19 1 3 4 13 0 166 167
20 1 3 4 13 0 167 168
21 1 3 4 13 0 168 169
22 1 3 4 13 0 169 170
23 1 3 4 13 0 170 171
24 1 3 4 13 0 171 172
25 1 3 4 13 0 172 173
26 1 3 4 13 0 173 174
27 1 3 4 13 0 174 175
28 1 3 4 13 0 175 176
29 1 3 4 13 0 176 177
30 1 3 4 13 0 177 178
31 1 3 4 13 0 178 179
32 1 3 4 13 0 179 6
33 1 3 6 19 0 5 180
34 1 3 6 19 0 180 181
35 1 3 6 19 0 181 182
36 1 3 6 19 0 182 183
37 1 3 6 19 0 183 184
38 1 3 6 19 0 184 185
39 1 3 6 19 0 185 186
40 1 3 6 19 0 186 187
41 1 3 6 19 0 187 188
42 1 3 6 19 0 188 189
43 1 3 6 19 0 189 190
44 1 3 6 19 0 190 191
45 1 3 6 19 0 191 192
46 1 3 6 19 0 192 193
47 1 3 6 19 0 193 194
48 1 3 6 19 0 194 195
49 1 3 6 19 0 195 196
50 1 3 6 19 0 196 197
51 1 3 6 19 0 197 198
52 1 3 6 19 0 198 199
53 1 3 6 19 0 199 200
54 1 3 6 19 0 200 201
55 1 3 6 19 0 201 202
56 1 3 6 19 0 202 203
57 1 3 6 19 0 203 204
58 1 3 6 19 0 204 205
59 1 3 6 19 0 205 206
60 1 3 6 19 0 206 10
61 1 3 7 28 0 1 207
62 1 3 7 28 0 207 208
63 1 3 7 28 0 208 209
64 1 3 7 28 0 209 3
65 1 3 5 38 0 18 357
66 1 3 5 38 0 357 358
67 1 3 5 38 0 358 359
68 1 3 5 38 0 359 360
69 1 3 5 38 0 360 361
70 1 3 5 38 0 361 362
71 1 3 5 38 0 362 363
72 1 3 5 38 0 363 364
73 1 3 5 38 0 364 365
74 1 3 5 38 0 365 366
75 1 3 5 38 0 366 367
76 1 3 5 38 0 367 368
77 1 3 5 38 0 368 369
78 1 3 5 38 0 369 370
79 1 3 5 38 0 370 371
80 1 3 5 38 0 371 372
81 1 3 5 38 0 372 373
82 1 3 5 38 0 373 374
83 1 3 5 38 0 374 375
84 1 3 5 38 0 375 376
85 1 3 5 38 0 376 377
86 1 3 5 38 0 377 378
87 1 3 5 38 0 378 379
88 1 3 5 38 0 379 380
89 1 3 5 38 0 380 381
90 1 3 5 38 0 381 382
91 1 3 5 38 0 382 383
92 1 3 5 38 0 383 19
93 1 3 5 39 0 19 384
94 1 3 5 39 0 384 385
95 1 3 5 39 0 385 386
96 1 3 5 39 0 386 387
97 1 3 5 39 0 387 388
98 1 3 5 39 0 388 389
99 1 3 5 39 0 389 390
100 1 3 5 39 0 390 391
101 1 3 5 39 0 391 392
102 1 3 5 39 0 392 393
103 1 3 5 39 0 393 394
104 1 3 5 39 0 394 395
105 1 3 5 39 0 395 396
106 1 3 5 39 0 396 397
107 1 3 5 39 0 397 398
108 1 3 5 39 0 398 399
109 1 3 5 39 0 399 400
110 1 3 5 39 0 400 401
111 1 3 5 39 0 401 402
112 1 3 5 39 0 402 403
113 1 3 5 39 0 403 404
114 1 3 5 39 0 404 405
115 1 3 5 39 0 405 406
116 1 3 5 39 0 406 407
117 1 3 5 39 0 407 408
118 1 3 5 39 0 408 409
119 1 3 5 39 0 409 410
120 1 3 5 39 0 410 17
121 2 3 1 41 0 282 11 464
122 2 3 1 41 0 464 11 318
123 2 3 1 41 0 465 12 54
124 2 3 1 41 0 336 12 465
125 2 3 1 41 0 23 24 462
126 2 3 1 41 0 463 35 34
127 2 3 1 41 0 279 280 610
128 2 3 1 41 0 456 613 619
129 2 3 1 41 0 620 612 455
130 2 3 1 41 0 622 613 459
131 2 3 1 41 0 458 612 623
132 2 3 1 41 0 335 336 634
133 2 3 1 41 0 634 336 465
134 2 3 1 41 0 451 455 612
135 2 3 1 41 0 613 456 452
136 2 3 1 41 0 570 321 322
137 2 3 1 41 0 59 60 575
138 2 3 1 41 0 600 461 595
139 2 3 1 41 0 594 460 599
140 2 3 1 41 0 598 331 332
141 2 3 1 41 0 591 323 324
142 2 3 1 41 0 620 623 612
143 2 3 1 41 0 613 622 619
144 2 3 1 41 0 603 335 634
145 2 3 1 41 0 618 56 57
146 2 3 1 41 0 611 317 316
147 2 3 1 41 0 603 457 589
148 2 3 1 41 0 305 304 590
149 2 3 1 41 0 591 570 322
150 2 3 1 41 0 591 322 323
151 2 3 1 41 0 303 302 530
152 2 3 1 41 0 461 463 630
153 2 3 1 41 0 629 462 460
154 2 3 1 41 0 528 320 321
155 2 3 1 41 0 570 528 321
156 2 3 1 41 0 769 740 424
157 2 3 1 41 0 558 786 796
158 2 3 1 41 0 584 795 805
159 2 3 1 41 0 587 803 806
160 2 3 1 41 0 808 765 609
161 2 3 1 41 0 817 745 550
162 2 3 1 41 0 73 74 824
163 2 3 1 41 0 826 755 555
164 2 3 1 41 0 828 796 578
165 2 3 1 41 0 466 777 832
166 2 3 1 41 0 834 544 553
167 2 3 1 41 0 841 752 426
168 2 3 1 41 0 843 739 515
169 2 3 1 41 0 583 738 851
170 2 3 1 41 0 853 778 426
171 2 3 1 41 0 856 548 554
172 2 3 1 41 0 562 771 863
173 2 3 1 41 0 535 822 864
174 2 3 1 41 0 590 852 864
175 2 3 1 41 0 865 843 515
176 2 3 1 41 0 436 800 869
177 2 3 1 41 0 429 744 870
178 2 3 1 41 0 429 574 872
179 2 3 1 41 0 625 451 874
180 2 3 1 41 0 875 452 624
181 2 3 1 41 0 442 877 878
182 2 3 1 41 0 882 808 609
183 2 3 1 41 0 609 597 882
184 2 3 1 41 0 445 795 886
185 2 3 1 41 0 888 784 566
186 2 3 1 41 0 888 863 556
187 2 3 1 41 0 889 806 446
188 2 3 1 41 0 890 837 427
189 2 3 1 41 0 898 810 607
190 2 3 1 41 0 899 828 578
191 2 3 1 41 0 585 840 901
192 2 3 1 41 0 439 847 901
193 2 3 1 41 0 570 591 903
194 2 3 1 41 0 907 877 442
195 2 3 1 41 0 557 877 908
196 2 3 1 41 0 910 820 540
197 2 3 1 41 0 912 834 553
198 2 3 1 41 0 913 573 565
199 2 3 1 41 0 916 847 439
200 2 3 1 41 0 439 867 916
201 2 3 1 41 0 558 796 923
202 2 3 1 41 0 929 812 534
203 2 3 1 41 0 534 747 929
204 2 3 1 41 0 565 810 930
205 2 3 1 41 0 931 854 425
206 2 3 1 41 0 609 854 931
207 2 3 1 41 0 934 847 592
208 2 3 1 41 0 937 786 454
209 2 3 1 41 0 940 914 432
210 2 3 1 41 0 66 67 942
211 2 3 1 41 0 942 781 66
212 2 3 1 41 0 943 444 567
213 2 3 1 41 0 516 817 945
214 2 3 1 41 0 945 817 579
215 2 3 1 41 0 945 867 516
216 2 3 1 41 0 562 863 946
217 2 3 1 41 0 606 784 949
218 2 3 1 41 0 951 572 574
219 2 3 1 41 0 606 822 954
220 2 3 1 41 0 954 784 606
221 2 3 1 41 0 615 939 955
222 2 3 1 41 0 956 938 614
223 2 3 1 41 0 413 797 957
224 2 3 1 41 0 957 832 413
225 2 3 1 41 0 958 895 607
226 2 3 1 41 0 607 810 958
227 2 3 1 41 0 960 541 545
228 2 3 1 41 0 961 803 587
229 2 3 1 41 0 433 928 964
230 2 3 1 41 0 965 730 483
231 2 3 1 41 0 968 751 624
232 2 3 1 41 0 968 915 450
233 2 3 1 41 0 969 795 445
234 2 3 1 41 0 449 917 971
235 2 3 1 41 0 973 731 417
236 2 3 1 41 0 269 270 975
237 2 3 1 41 0 585 934 975
238 2 3 1 41 0 466 832 976
239 2 3 1 41 0 978 810 565
240 2 3 1 41 0 979 309 308
241 2 3 1 41 0 979 949 556
242 2 3 1 41 0 29 30 981
243 2 3 1 41 0 982 41 40
244 2 3 1 41 0 983 874 451
245 2 3 1 41 0 452 875 984
246 2 3 1 41 0 987 800 439
247 2 3 1 41 0 531 895 990
248 2 3 1 41 0 992 307 306
249 2 3 1 41 0 306 848 992
250 2 3 1 41 0 324 325 993
251 2 3 1 41 0 994 895 531
252 2 3 1 41 0 994 903 591
253 2 3 1 41 0 531 903 994
254 2 3 1 41 0 996 574 429
255 2 3 1 41 0 996 814 430
256 2 3 1 41 0 429 814 996
257 2 3 1 41 0 997 822 535
258 2 3 1 41 0 550 745 999
259 2 3 1 41 0 1000 313 312
260 2 3 1 41 0 1002 797 413
261 2 3 1 41 0 540 797 1002
262 2 3 1 41 0 413 835 1002
263 2 3 1 41 0 428 808 1006
264 2 3 1 41 0 1006 980 428
265 2 3 1 41 0 557 908 1007
266 2 3 1 41 0 1007 908 453
267 2 3 1 41 0 1008 800 436
268 2 3 1 41 0 1008 867 439
269 2 3 1 41 0 439 800 1008
270 2 3 1 41 0 436 867 1008
271 2 3 1 41 0 434 883 1011
272 2 3 1 41 0 581 576 1012
273 2 3 1 41 0 1012 576 571
274 2 3 1 41 0 1013 582 577
275 2 3 1 41 0 621 582 1013
276 2 3 1 41 0 596 980 1015
277 2 3 1 41 0 1016 603 589
278 2 3 1 41 0 1017 860 592
279 2 3 1 41 0 592 847 1017
280 2 3 1 41 0 579 860 1017
281 2 3 1 41 0 1019 795 584
282 2 3 1 41 0 584 1010 1022
283 2 3 1 41 0 1022 1019 584
284 2 3 1 41 0 1023 817 550
285 2 3 1 41 0 579 817 1023
286 2 3 1 41 0 1024 1009 587
287 2 3 1 41 0 483 693 1025
288 2 3 1 41 0 493 944 1025
289 2 3 1 41 0 587 806 1028
290 2 3 1 41 0 1028 1024 587
291 2 3 1 41 0 426 752 1031
292 2 3 1 41 0 1036 865 515
293 2 3 1 41 0 515 914 1036
294 2 3 1 41 0 1039 996 430
295 2 3 1 41 0 574 996 1039
296 2 3 1 41 0 1041 1007 453
297 2 3 1 41 0 414 833 1043
298 2 3 1 41 0 1043 906 414
299 2 3 1 41 0 1046 460 594
300 2 3 1 41 0 629 460 1046
301 2 3 1 41 0 594 1019 1046
302 2 3 1 41 0 595 889 1047
303 2 3 1 41 0 1047 600 595
304 2 3 1 41 0 1048 1012 571
305 2 3 1 41 0 595 461 1049
306 2 3 1 41 0 630 1024 1049
307 2 3 1 41 0 1049 461 630
308 2 3 1 41 0 605 599 1051
309 2 3 1 41 0 1052 600 604
310 2 3 1 41 0 1053 789 416
311 2 3 1 41 0 1054 877 557
312 2 3 1 41 0 1054 912 553
313 2 3 1 41 0 549 763 1055
314 2 3 1 41 0 1055 763 569
315 2 3 1 41 0 451 612 1056
316 2 3 1 41 0 546 933 1056
317 2 3 1 41 0 1057 613 452
318 2 3 1 41 0 1057 932 547
319 2 3 1 41 0 1060 973 417
320 2 3 1 41 0 567 444 1061
321 2 3 1 41 0 1061 952 567
322 2 3 1 41 0 475 973 1062
323 2 3 1 41 0 308 307 1064
324 2 3 1 41 0 606 949 1064
325 2 3 1 41 0 445 886 1065
326 2 3 1 41 0 1065 927 445
327 2 3 1 41 0 1066 889 446
328 2 3 1 41 0 446 926 1066
329 2 3 1 41 0 267 268 1067
330 2 3 1 41 0 592 860 1067
331 2 3 1 41 0 57 58 1068
332 2 3 1 41 0 1069 604 600
333 2 3 1 41 0 604 1069 1070
334 2 3 1 41 0 1070 1069 448
335 2 3 1 41 0 557 1007 1071
336 2 3 1 41 0 59 575 1072
337 2 3 1 41 0 1072 58 59
338 2 3 1 41 0 1073 917 449
339 2 3 1 41 0 564 927 1074
340 2 3 1 41 0 207 208 1075
341 2 3 1 41 0 1075 208 629
342 2 3 1 41 0 1075 1010 207
343 2 3 1 41 0 1076 926 563
344 2 3 1 41 0 1077 21 22
345 2 3 1 41 0 630 21 1077
346 2 3 1 41 0 22 1009 1077
347 2 3 1 41 0 1078 63 64
348 2 3 1 41 0 450 915 1079
349 2 3 1 41 0 1080 1041 453
350 2 3 1 41 0 38 37 1081
351 2 3 1 41 0 1082 26 27
352 2 3 1 41 0 462 24 1083
353 2 3 1 41 0 1083 460 462
354 2 3 1 41 0 1084 35 463
355 2 3 1 41 0 463 461 1084
356 2 3 1 41 0 453 908 1085
357 2 3 1 41 0 1085 908 621
358 2 3 1 41 0 441 828 1086
359 2 3 1 41 0 433 964 1087
360 2 3 1 41 0 546 1056 1088
361 2 3 1 41 0 1088 1056 612
362 2 3 1 41 0 1089 1057 547
363 2 3 1 41 0 613 1057 1089
364 2 3 1 41 0 1091 611 588
365 2 3 1 41 0 1092 854 609
366 2 3 1 41 0 609 765 1092
367 2 3 1 41 0 422 854 1092
368 2 3 1 41 0 618 1080 1093
369 2 3 1 41 0 1094 1033 563
370 2 3 1 41 0 563 811 1094
371 2 3 1 41 0 564 1032 1095
372 2 3 1 41 0 1095 807 564
373 2 3 1 41 0 611 1091 1096
374 2 3 1 41 0 1097 771 562
375 2 3 1 41 0 571 771 1097
376 2 3 1 41 0 581 1012 1099
377 2 3 1 41 0 1099 959 581
378 2 3 1 41 0 310 309 1104
379 2 3 1 41 0 1106 1080 453
380 2 3 1 41 0 454 959 1107
381 2 3 1 41 0 1108 620 455
382 2 3 1 41 0 456 619 1109
383 2 3 1 41 0 1111 268 269
384 2 3 1 41 0 1111 934 592
385 2 3 1 41 0 551 843 1112
386 2 3 1 41 0 1114 452 456
387 2 3 1 41 0 624 452 1114
388 2 3 1 41 0 455 451 1120
389 2 3 1 41 0 1120 451 625
390 2 3 1 41 0 1104 309 979
391 2 3 1 41 0 556 1104 979
392 2 3 1 41 0 1033 448 1076
393 2 3 1 41 0 1033 1076 563
394 2 3 1 41 0 1074 447 1032
395 2 3 1 41 0 564 1074 1032
396 2 3 1 41 0 1067 268 1111
397 2 3 1 41 0 1067 1111 592
398 2 3 1 41 0 1047 1069 600
399 2 3 1 41 0 1016 334 335
400 2 3 1 41 0 603 1016 335
401 2 3 1 41 0 1064 307 992
402 2 3 1 41 0 606 1064 992
403 2 3 1 41 0 1068 58 1072
404 2 3 1 41 0 604 1081 1052
405 2 3 1 41 0 1051 1082 605
406 2 3 1 41 0 693 487 1025
407 2 3 1 41 0 841 426 778
408 2 3 1 41 0 712 866 758
409 2 3 1 41 0 736 489 1027
410 2 3 1 41 0 838 489 770
411 2 3 1 41 0 875 624 751
412 2 3 1 41 0 858 449 971
413 2 3 1 41 0 968 450 861
414 2 3 1 41 0 751 968 861
415 2 3 1 41 0 763 549 825
416 2 3 1 41 0 814 429 870
417 2 3 1 41 0 814 870 769
418 2 3 1 41 0 1021 413 832
419 2 3 1 41 0 930 559 892
420 2 3 1 41 0 778 853 785
421 2 3 1 41 0 825 549 887
422 2 3 1 41 0 888 556 949
423 2 3 1 41 0 888 949 784
424 2 3 1 41 0 937 578 796
425 2 3 1 41 0 786 937 796
426 2 3 1 41 0 905 551 836
427 2 3 1 41 0 1019 594 886
428 2 3 1 41 0 795 1019 886
429 2 3 1 41 0 828 441 923
430 2 3 1 41 0 828 923 796
431 2 3 1 41 0 856 554 869
432 2 3 1 41 0 856 869 800
433 2 3 1 41 0 974 446 806
434 2 3 1 41 0 961 584 805
435 2 3 1 41 0 803 961 805
436 2 3 1 41 0 889 595 1028
437 2 3 1 41 0 889 1028 806
438 2 3 1 41 0 1095 449 858
439 2 3 1 41 0 807 1095 858
440 2 3 1 41 0 882 431 1006
441 2 3 1 41 0 882 1006 808
442 2 3 1 41 0 810 978 958
443 2 3 1 41 0 898 559 930
444 2 3 1 41 0 898 930 810
445 2 3 1 41 0 861 450 1094
446 2 3 1 41 0 861 1094 811
447 2 3 1 41 0 929 414 906
448 2 3 1 41 0 812 929 906
449 2 3 1 41 0 903 531 947
450 2 3 1 41 0 835 413 1021
451 2 3 1 41 0 848 590 864
452 2 3 1 41 0 899 548 1086
453 2 3 1 41 0 899 1086 828
454 2 3 1 41 0 957 602 976
455 2 3 1 41 0 957 976 832
456 2 3 1 41 0 910 540 1002
457 2 3 1 41 0 910 1002 835
458 2 3 1 41 0 911 597 1030
459 2 3 1 41 0 987 439 901
460 2 3 1 41 0 840 987 901
461 2 3 1 41 0 865 561 1112
462 2 3 1 41 0 865 1112 843
463 2 3 1 41 0 916 579 1017
464 2 3 1 41 0 916 1017 847
465 2 3 1 41 0 934 585 901
466 2 3 1 41 0 847 934 901
467 2 3 1 41 0 862 880 849
468 2 3 1 41 0 888 566 946
469 2 3 1 41 0 888 946 863
470 2 3 1 41 0 945 579 916
471 2 3 1 41 0 867 945 916
472 2 3 1 41 0 953 466 976
473 2 3 1 41 0 883 434 631
474 2 3 1 41 0 1054 553 878
475 2 3 1 41 0 877 1054 878
476 2 3 1 41 0 907 621 908
477 2 3 1 41 0 907 908 877
478 2 3 1 41 0 420 555 885
479 2 3 1 41 0 958 990 895
480 2 3 1 41 0 1037 442 897
481 2 3 1 41 0 896 1037 897
482 2 3 1 41 0 924 624 1114
483 2 3 1 41 0 1120 625 921
484 2 3 1 41 0 1053 416 936
485 2 3 1 41 0 936 416 960
486 2 3 1 41 0 906 1043 1040
487 2 3 1 41 0 922 545 420
488 2 3 1 41 0 940 596 1036
489 2 3 1 41 0 940 1036 914
490 2 3 1 41 0 968 624 924
491 2 3 1 41 0 915 968 924
492 2 3 1 41 0 921 625 971
493 2 3 1 41 0 921 971 917
494 2 3 1 41 0 926 1076 1066
495 2 3 1 41 0 1065 1074 927
496 2 3 1 41 0 1057 452 984
497 2 3 1 41 0 932 1057 984
498 2 3 1 41 0 983 451 1056
499 2 3 1 41 0 983 1056 933
500 2 3 1 41 0 1111 269 975
501 2 3 1 41 0 934 1111 975
502 2 3 1 41 0 965 483 1025
503 2 3 1 41 0 965 1025 944
504 2 3 1 41 0 979 308 1064
505 2 3 1 41 0 979 1064 949
506 2 3 1 41 0 952 1061 962
507 2 3 1 41 0 1099 1107 959
508 2 3 1 41 0 964 1113 1087
509 2 3 1 41 0 995 586 1063
510 2 3 1 41 0 1060 617 1062
511 2 3 1 41 0 1060 1062 973
512 2 3 1 41 0 1006 431 1015
513 2 3 1 41 0 1006 1015 980
514 2 3 1 41 0 1097 562 1004
515 2 3 1 41 0 1041 1071 1007
516 2 3 1 41 0 1024 630 1077
517 2 3 1 41 0 1024 1077 1009
518 2 3 1 41 0 1075 629 1022
519 2 3 1 41 0 1010 1075 1022
520 2 3 1 41 0 1048 1099 1012
521 2 3 1 41 0 1022 629 1046
522 2 3 1 41 0 1022 1046 1019
523 2 3 1 41 0 1028 595 1049
524 2 3 1 41 0 1028 1049 1024
525 2 3 1 41 0 1073 449 1095
526 2 3 1 41 0 1073 1095 1032
527 2 3 1 41 0 1094 450 1079
528 2 3 1 41 0 1033 1094 1079
529 2 3 1 41 0 459 613 1089
530 2 3 1 41 0 1088 612 458
531 2 3 1 41 0 1106 457 1093
532 2 3 1 41 0 1080 1106 1093
533 2 3 1 41 0 1100 907 442
534 2 3 1 41 0 1037 1100 442
535 2 3 1 41 0 890 947 837
536 2 3 1 41 0 879 568 569
537 2 3 1 41 0 1039 951 574
538 2 3 1 41 0 1026 963 430
539 2 3 1 41 0 1018 569 568
540 2 3 1 41 0 1003 1018 568
541 2 3 1 41 0 631 440 855
542 2 3 1 41 0 438 734 781
543 2 3 1 41 0 850 225 226
544 2 3 1 41 0 857 240 241
545 2 3 1 41 0 1023 860 579
546 2 3 1 41 0 275 276 884
547 2 3 1 41 0 1055 891 549
548 2 3 1 41 0 693 483 920
549 2 3 1 41 0 1090 898 607
550 2 3 1 41 0 1104 556 863
551 2 3 1 41 0 821 231 232
552 2 3 1 41 0 859 249 250
553 2 3 1 41 0 948 251 252
554 2 3 1 41 0 967 550 999
555 2 3 1 41 0 1023 550 967
556 2 3 1 41 0 1018 70 71
557 2 3 1 41 0 1055 569 1018
558 2 3 1 41 0 586 1038 1063
559 2 3 1 41 0 277 278 1038
560 2 3 1 41 0 1038 586 902
561 2 3 1 41 0 900 798 554
562 2 3 1 41 0 443 937 1107
563 2 3 1 41 0 1107 937 454
564 2 3 1 41 0 67 68 1110
565 2 3 1 41 0 1110 942 67
566 2 3 1 41 0 580 942 1110
567 2 3 1 41 0 1110 68 69
568 2 3 1 41 0 1003 1110 69
569 2 3 1 41 0 1110 568 580
570 2 3 1 41 0 568 1110 1003
571 2 3 1 41 0 599 605 1116
572 2 3 1 41 0 1103 271 272
573 2 3 1 41 0 305 848 306
574 2 3 1 41 0 590 848 305
575 2 3 1 41 0 327 328 1029
576 2 3 1 41 0 332 333 1020
577 2 3 1 41 0 1020 598 332
578 2 3 1 41 0 1058 1020 577
579 2 3 1 41 0 598 1020 1058
580 2 3 1 41 0 329 330 813
581 2 3 1 41 0 333 334 1016
582 2 3 1 41 0 333 1016 1020
583 2 3 1 41 0 589 577 1016
584 2 3 1 41 0 1020 1016 577
585 2 3 1 41 0 293 292 985
586 2 3 1 41 0 986 345 344
587 2 3 1 41 0 1118 555 420
588 2 3 1 41 0 420 545 1118
589 2 3 1 41 0 534 1118 1042
590 2 3 1 41 0 1042 1118 545
591 2 3 1 41 0 911 561 431
592 2 3 1 41 0 431 882 911
593 2 3 1 41 0 911 882 597
594 2 3 1 41 0 616 444 582
595 2 3 1 41 0 621 616 582
596 2 3 1 41 0 907 616 621
597 2 3 1 41 0 616 907 1100
598 2 3 1 41 0 1005 316 315
599 2 3 1 41 0 316 1005 611
600 2 3 1 41 0 588 611 1005
601 2 3 1 41 0 424 740 1044
602 2 3 1 41 0 1044 740 617
603 2 3 1 41 0 1088 458 955
604 2 3 1 41 0 1088 939 546
605 2 3 1 41 0 939 1088 955
606 2 3 1 41 0 956 459 1089
607 2 3 1 41 0 547 938 1089
608 2 3 1 41 0 956 1089 938
609 2 3 1 41 0 1115 1079 915
610 2 3 1 41 0 917 1073 1117
611 2 3 1 41 0 1058 577 582
612 2 3 1 41 0 1058 582 444
613 2 3 1 41 0 1058 943 598
614 2 3 1 41 0 444 943 1058
615 2 3 1 41 0 465 54 55
616 2 3 1 41 0 610 1101 1063
617 2 3 1 41 0 995 1063 1101
618 2 3 1 41 0 995 1101 633
619 2 3 1 41 0 1009 22 1
620 2 3 1 41 0 587 1009 961
621 2 3 1 41 0 1 207 1010
622 2 3 1 41 0 1010 1009 1
623 2 3 1 41 0 1010 584 961
624 2 3 1 41 0 1009 1010 961
625 2 3 1 41 0 978 565 573
626 2 3 1 41 0 545 922 960
627 2 3 1 41 0 418 783 1040
628 2 3 1 41 0 871 528 570
629 2 3 1 41 0 903 871 570
630 2 3 1 41 0 1061 444 616
631 2 3 1 41 0 1061 616 962
632 2 3 1 41 0 1100 1037 616
633 2 3 1 41 0 454 633 959
634 2 3 1 41 0 588 581 959
635 2 3 1 41 0 588 959 1091
636 2 3 1 41 0 1091 959 633
637 2 3 1 41 0 548 856 1086
638 2 3 1 41 0 1086 856 593
639 2 3 1 41 0 593 441 1086
640 2 3 1 41 0 1014 632 913
641 2 3 1 41 0 1014 952 962
642 2 3 1 41 0 831 905 836
643 2 3 1 41 0 1085 1106 453
644 2 3 1 41 0 589 457 1106
645 2 3 1 41 0 1013 577 589
646 2 3 1 41 0 589 1106 1013
647 2 3 1 41 0 1085 621 1013
648 2 3 1 41 0 1106 1085 1013
649 2 3 1 41 0 1097 1048 571
650 2 3 1 41 0 1048 1097 1004
651 2 3 1 41 0 627 433 991
652 2 3 1 41 0 991 435 627
653 2 3 1 41 0 1015 431 561
654 2 3 1 41 0 561 865 1015
655 2 3 1 41 0 1036 596 1015
656 2 3 1 41 0 865 1036 1015
657 2 3 1 41 0 1087 991 433
658 2 3 1 41 0 573 991 1087
659 2 3 1 41 0 61 62 1059
660 2 3 1 41 0 544 834 1059
661 2 3 1 41 0 571 576 1000
662 2 3 1 41 0 1000 771 571
663 2 3 1 41 0 618 57 1068
664 2 3 1 41 0 1080 618 1068
665 2 3 1 41 0 1041 1080 1068
666 2 3 1 41 0 988 352 351
667 2 3 1 41 0 286 285 989
668 2 3 1 41 0 1054 557 1071
669 2 3 1 41 0 575 912 1071
670 2 3 1 41 0 1072 575 1071
671 2 3 1 41 0 912 1054 1071
672 2 3 1 41 0 890 526 947
673 2 3 1 41 0 1042 747 534
674 2 3 1 41 0 1042 545 541
675 2 3 1 41 0 1102 533 1050
676 2 3 1 41 0 1050 553 544
677 2 3 1 41 0 580 568 879
678 2 3 1 41 0 580 879 918
679 2 3 1 41 0 1037 896 962
680 2 3 1 41 0 1014 962 896
681 2 3 1 41 0 1037 962 616
682 2 3 1 41 0 433 627 1030
683 2 3 1 41 0 603 1093 457
684 2 3 1 41 0 634 1093 603
685 2 3 1 41 0 634 465 1093
686 2 3 1 41 0 928 931 425
687 2 3 1 41 0 597 609 931
688 2 3 1 41 0 995 633 454
689 2 3 1 41 0 591 324 993
690 2 3 1 41 0 994 591 993
691 2 3 1 41 0 607 895 993
692 2 3 1 41 0 895 994 993
693 2 3 1 41 0 977 572 566
694 2 3 1 41 0 784 954 977
695 2 3 1 41 0 566 784 977
696 2 3 1 41 0 354 33 13
697 2 3 1 41 0 1116 886 594
698 2 3 1 41 0 594 599 1116
699 2 3 1 41 0 837 990 1113
700 2 3 1 41 0 900 554 548
701 2 3 1 41 0 899 900 548
702 2 3 1 41 0 315 314 1119
703 2 3 1 41 0 1119 576 581
704 2 3 1 41 0 581 588 1119
705 2 3 1 41 0 315 1119 1005
706 2 3 1 41 0 1005 1119 588
707 2 3 1 41 0 572 951 1011
708 2 3 1 41 0 1011 951 626
709 2 3 1 41 0 626 434 1011
710 2 3 1 41 0 919 441 593
711 2 3 1 41 0 1003 69 70
712 2 3 1 41 0 1018 1003 70
713 2 3 1 41 0 37 36 1052
714 2 3 1 41 0 37 1052 1081
715 2 3 1 41 0 1051 25 26
716 2 3 1 41 0 1082 1051 26
717 2 3 1 41 0 716 653 1177
718 2 3 1 41 0 1178 1177 688
719 2 3 1 41 0 1190 1184 666
720 2 3 1 41 0 1198 1176 658
721 2 3 1 41 0 1199 1191 523
722 2 3 1 41 0 524 1192 1200
723 2 3 1 41 0 412 1183 1204
724 2 3 1 41 0 726 1207 1212
725 2 3 1 41 0 1035 1165 1213
726 2 3 1 41 0 668 1150 1217
727 2 3 1 41 0 1218 1151 669
728 2 3 1 41 0 1219 1181 1034
729 2 3 1 41 0 1221 1180 517
730 2 3 1 41 0 1226 1208 679
731 2 3 1 41 0 707 1146 1228
732 2 3 1 41 0 743 1223 1231
733 2 3 1 41 0 1236 1177 653
734 2 3 1 41 0 1236 1225 688
735 2 3 1 41 0 688 1177 1236
736 2 3 1 41 0 1238 1163 695
737 2 3 1 41 0 694 1162 1239
738 2 3 1 41 0 659 1237 1243
739 2 3 1 41 0 1244 1202 683
740 2 3 1 41 0 492 1202 1245
741 2 3 1 41 0 683 1202 1247
742 2 3 1 41 0 1248 1176 655
743 2 3 1 41 0 1250 1224 504
744 2 3 1 41 0 662 1246 1251
745 2 3 1 41 0 657 1237 1253
746 2 3 1 41 0 517 1174 1257
747 2 3 1 41 0 640 1188 1257
748 2 3 1 41 0 686 1258 1259
749 2 3 1 41 0 522 1156 1264
750 2 3 1 41 0 487 693 1269
751 2 3 1 41 0 1270 1161 521
752 2 3 1 41 0 691 1154 1271
753 2 3 1 41 0 481 1262 1272
754 2 3 1 41 0 697 1269 1274
755 2 3 1 41 0 1274 1269 693
756 2 3 1 41 0 672 1224 1275
757 2 3 1 41 0 1278 1170 661
758 2 3 1 41 0 1282 653 716
759 2 3 1 41 0 1283 1269 697
760 2 3 1 41 0 697 1225 1283
761 2 3 1 41 0 536 1179 1284
762 2 3 1 41 0 1291 1150 668
763 2 3 1 41 0 674 1241 1292
764 2 3 1 41 0 1293 1248 655
765 2 3 1 41 0 655 1250 1293
766 2 3 1 41 0 894 1249 1294
767 2 3 1 41 0 669 1151 1295
768 2 3 1 41 0 1296 1244 683
769 2 3 1 41 0 662 1251 1297
770 2 3 1 41 0 1298 1258 743
771 2 3 1 41 0 1301 1215 687
772 2 3 1 41 0 1303 1189 537
773 2 3 1 41 0 1304 1171 518
774 2 3 1 41 0 1304 1233 641
775 2 3 1 41 0 941 1241 1306
776 2 3 1 41 0 1306 493 941
777 2 3 1 41 0 655 1176 1308
778 2 3 1 41 0 1309 1201 642
779 2 3 1 41 0 743 1258 1310
780 2 3 1 41 0 893 497 1314
781 2 3 1 41 0 766 1209 1314
782 2 3 1 41 0 757 1309 1315
783 2 3 1 41 0 642 1201 1317
784 2 3 1 41 0 1322 1252 713
785 2 3 1 41 0 478 1252 1323
786 2 3 1 41 0 1328 1272 709
787 2 3 1 41 0 1329 1284 658
788 2 3 1 41 0 1331 1245 652
789 2 3 1 41 0 1332 1282 941
790 2 3 1 41 0 653 1282 1332
791 2 3 1 41 0 1333 1201 513
792 2 3 1 41 0 1333 1256 764
793 2 3 1 41 0 677 1227 1334
794 2 3 1 41 0 244 245 1335
795 2 3 1 41 0 680 1195 1335
796 2 3 1 41 0 1336 1330 649
797 2 3 1 41 0 1337 1254 740
798 2 3 1 41 0 740 769 1337
799 2 3 1 41 0 513 1201 1338
800 2 3 1 41 0 757 1254 1338
801 2 3 1 41 0 1340 1154 691
802 2 3 1 41 0 691 654 1340
803 2 3 1 41 0 1343 1247 486
804 2 3 1 41 0 1343 1316 683
805 2 3 1 41 0 683 1247 1343
806 2 3 1 41 0 948 1318 1344
807 2 3 1 41 0 1345 1260 501
808 2 3 1 41 0 411 1263 1347
809 2 3 1 41 0 658 1176 1348
810 2 3 1 41 0 420 885 1349
811 2 3 1 41 0 1349 922 420
812 2 3 1 41 0 713 1252 1350
813 2 3 1 41 0 1354 1287 522
814 2 3 1 41 0 521 1289 1355
815 2 3 1 41 0 1356 1289 521
816 2 3 1 41 0 722 1289 1356
817 2 3 1 41 0 522 1287 1358
818 2 3 1 41 0 723 1320 1358
819 2 3 1 41 0 1358 1287 723
820 2 3 1 41 0 1359 1336 649
821 2 3 1 41 0 1360 849 880
822 2 3 1 41 0 662 1297 1362
823 2 3 1 41 0 1364 1322 713
824 2 3 1 41 0 859 250 1367
825 2 3 1 41 0 1369 1366 485
826 2 3 1 41 0 1371 841 704
827 2 3 1 41 0 776 1342 1372
828 2 3 1 41 0 764 1256 1373
829 2 3 1 41 0 716 1300 1374
830 2 3 1 41 0 1374 1282 716
831 2 3 1 41 0 467 1360 1376
832 2 3 1 41 0 1377 1268 659
833 2 3 1 41 0 659 1303 1377
834 2 3 1 41 0 1378 503 787
835 2 3 1 41 0 1380 1183 412
836 2 3 1 41 0 839 1299 1381
837 2 3 1 41 0 701 1354 1382
838 2 3 1 41 0 1384 329 813
839 2 3 1 41 0 495 1255 1385
840 2 3 1 41 0 1386 1355 703
841 2 3 1 41 0 718 1375 1387
842 2 3 1 41 0 1394 1237 659
843 2 3 1 41 0 1396 1203 687
844 2 3 1 41 0 1397 1196 663
845 2 3 1 41 0 1397 1241 674
846 2 3 1 41 0 1400 1261 674
847 2 3 1 41 0 674 1263 1400
848 2 3 1 41 0 679 1208 1401
849 2 3 1 41 0 1402 1318 754
850 2 3 1 41 0 754 1302 1402
851 2 3 1 41 0 657 1253 1403
852 2 3 1 41 0 757 1315 1403
853 2 3 1 41 0 1403 1315 657
854 2 3 1 41 0 291 290 1404
855 2 3 1 41 0 1404 1324 291
856 2 3 1 41 0 1405 347 346
857 2 3 1 41 0 346 1325 1405
858 2 3 1 41 0 1407 1302 754
859 2 3 1 41 0 754 1395 1407
860 2 3 1 41 0 1409 1165 1035
861 2 3 1 41 0 519 1165 1409
862 2 3 1 41 0 484 1398 1410
863 2 3 1 41 0 739 843 1411
864 2 3 1 41 0 1411 843 551
865 2 3 1 41 0 737 1322 1413
866 2 3 1 41 0 1413 1393 737
867 2 3 1 41 0 1415 1323 737
868 2 3 1 41 0 1415 1387 509
869 2 3 1 41 0 1416 1202 492
870 2 3 1 41 0 492 1330 1416
871 2 3 1 41 0 1417 1314 497
872 2 3 1 41 0 1417 1334 766
873 2 3 1 41 0 766 1314 1417
874 2 3 1 41 0 1418 1204 649
875 2 3 1 41 0 710 1204 1418
876 2 3 1 41 0 649 1330 1418
877 2 3 1 41 0 1419 88 89
878 2 3 1 41 0 89 1267 1419
879 2 3 1 41 0 1420 774 725
880 2 3 1 41 0 894 1326 1421
881 2 3 1 41 0 768 1285 1423
882 2 3 1 41 0 491 816 1424
883 2 3 1 41 0 1425 1331 652
884 2 3 1 41 0 1426 1376 794
885 2 3 1 41 0 499 1393 1427
886 2 3 1 41 0 687 1380 1429
887 2 3 1 41 0 1429 1396 687
888 2 3 1 41 0 222 223 1431
889 2 3 1 41 0 1433 1227 677
890 2 3 1 41 0 1434 1311 495
891 2 3 1 41 0 481 1272 1435
892 2 3 1 41 0 1435 1428 481
893 2 3 1 41 0 1436 1408 909
894 2 3 1 41 0 1438 1312 839
895 2 3 1 41 0 659 1268 1439
896 2 3 1 41 0 1439 1394 659
897 2 3 1 41 0 507 1319 1440
898 2 3 1 41 0 791 1432 1440
899 2 3 1 41 0 1442 1401 768
900 2 3 1 41 0 1444 1249 702
901 2 3 1 41 0 1444 1255 696
902 2 3 1 41 0 1445 1432 791
903 2 3 1 41 0 1446 1369 485
904 2 3 1 41 0 485 1392 1446
905 2 3 1 41 0 799 1406 1449
906 2 3 1 41 0 542 1239 1450
907 2 3 1 41 0 1450 1277 542
908 2 3 1 41 0 467 1376 1451
909 2 3 1 41 0 1452 1238 543
910 2 3 1 41 0 543 1276 1452
911 2 3 1 41 0 1454 1252 478
912 2 3 1 41 0 1454 1408 676
913 2 3 1 41 0 411 1347 1455
914 2 3 1 41 0 1459 1378 787
915 2 3 1 41 0 1460 664 527
916 2 3 1 41 0 706 664 1461
917 2 3 1 41 0 1462 505 748
918 2 3 1 41 0 748 1328 1462
919 2 3 1 41 0 1464 1460 857
920 2 3 1 41 0 697 1274 1465
921 2 3 1 41 0 519 1409 1466
922 2 3 1 41 0 293 985 1467
923 2 3 1 41 0 1467 985 542
924 2 3 1 41 0 1468 986 344
925 2 3 1 41 0 543 986 1468
926 2 3 1 41 0 673 1461 1469
927 2 3 1 41 0 1469 1461 664
928 2 3 1 41 0 467 1451 1470
929 2 3 1 41 0 1471 1250 504
930 2 3 1 41 0 1472 1179 536
931 2 3 1 41 0 1473 1305 950
932 2 3 1 41 0 775 1475 1476
933 2 3 1 41 0 1480 827 525
934 2 3 1 41 0 1480 1381 690
935 2 3 1 41 0 690 827 1480
936 2 3 1 41 0 1481 1460 527
937 2 3 1 41 0 412 1412 1482
938 2 3 1 41 0 745 817 1483
939 2 3 1 41 0 1483 817 516
940 2 3 1 41 0 1485 1263 674
941 2 3 1 41 0 674 1292 1485
942 2 3 1 41 0 1486 1414 471
943 2 3 1 41 0 1487 1264 651
944 2 3 1 41 0 1487 1266 759
945 2 3 1 41 0 519 1214 1488
946 2 3 1 41 0 686 1396 1489
947 2 3 1 41 0 1490 506 514
948 2 3 1 41 0 1491 1392 485
949 2 3 1 41 0 718 1387 1492
950 2 3 1 41 0 737 1393 1492
951 2 3 1 41 0 1493 1253 475
952 2 3 1 41 0 1494 555 755
953 2 3 1 41 0 1494 1391 885
954 2 3 1 41 0 885 555 1494
955 2 3 1 41 0 721 1428 1495
956 2 3 1 41 0 469 1448 1496
957 2 3 1 41 0 1101 610 1498
958 2 3 1 41 0 1498 628 1101
959 2 3 1 41 0 1499 1442 768
960 2 3 1 41 0 1500 1462 859
961 2 3 1 41 0 859 1367 1500
962 2 3 1 41 0 505 1462 1500
963 2 3 1 41 0 650 1270 1501
964 2 3 1 41 0 761 1280 1501
965 2 3 1 41 0 776 1379 1502
966 2 3 1 41 0 1502 494 776
967 2 3 1 41 0 81 82 1503
968 2 3 1 41 0 1503 1227 81
969 2 3 1 41 0 711 1311 1504
970 2 3 1 41 0 728 1426 1504
971 2 3 1 41 0 765 808 1506
972 2 3 1 41 0 1506 808 428
973 2 3 1 41 0 1508 734 1078
974 2 3 1 41 0 781 734 1508
975 2 3 1 41 0 411 1455 1509
976 2 3 1 41 0 850 1316 1510
977 2 3 1 41 0 486 1432 1510
978 2 3 1 41 0 287 286 1512
979 2 3 1 41 0 989 956 1512
980 2 3 1 41 0 1512 286 989
981 2 3 1 41 0 1513 351 350
982 2 3 1 41 0 1513 955 988
983 2 3 1 41 0 988 351 1513
984 2 3 1 41 0 1514 1280 643
985 2 3 1 41 0 1516 1311 711
986 2 3 1 41 0 1516 1375 718
987 2 3 1 41 0 1517 1310 775
988 2 3 1 41 0 673 1195 1518
989 2 3 1 41 0 680 1262 1518
990 2 3 1 41 0 1518 1195 680
991 2 3 1 41 0 1519 1380 412
992 2 3 1 41 0 412 1482 1519
993 2 3 1 41 0 1521 1368 925
994 2 3 1 41 0 1522 1226 679
995 2 3 1 41 0 1523 918 879
996 2 3 1 41 0 248 249 1524
997 2 3 1 41 0 1524 249 859
998 2 3 1 41 0 1525 1258 686
999 2 3 1 41 0 1527 938 547
1000 2 3 1 41 0 546 939 1528
1001 2 3 1 41 0 1529 1262 680
1002 2 3 1 41 0 490 787 1531
1003 2 3 1 41 0 485 1366 1533
1004 2 3 1 41 0 885 1391 1533
1005 2 3 1 41 0 238 239 1534
1006 2 3 1 41 0 467 1261 1535
1007 2 3 1 41 0 849 1360 1535
1008 2 3 1 41 0 1535 1360 467
1009 2 3 1 41 0 1539 1512 956
1010 2 3 1 41 0 956 614 1539
1011 2 3 1 41 0 287 1512 1539
1012 2 3 1 41 0 522 1264 1540
1013 2 3 1 41 0 1540 1354 522
1014 2 3 1 41 0 955 1513 1541
1015 2 3 1 41 0 1541 615 955
1016 2 3 1 41 0 1541 1513 350
1017 2 3 1 41 0 1542 1453 689
1018 2 3 1 41 0 739 1411 1543
1019 2 3 1 41 0 660 1340 1545
1020 2 3 1 41 0 1545 1340 654
1021 2 3 1 41 0 667 507 1546
1022 2 3 1 41 0 1547 327 1029
1023 2 3 1 41 0 1547 898 1090
1024 2 3 1 41 0 222 1431 1549
1025 2 3 1 41 0 1551 1302 512
1026 2 3 1 41 0 1552 1478 511
1027 2 3 1 41 0 1554 735 710
1028 2 3 1 41 0 670 1197 1555
1029 2 3 1 41 0 1556 1328 709
1030 2 3 1 41 0 1556 1524 859
1031 2 3 1 41 0 922 1349 1557
1032 2 3 1 41 0 1557 1349 742
1033 2 3 1 41 0 1558 1414 711
1034 2 3 1 41 0 1558 1426 794
1035 2 3 1 41 0 428 980 1559
1036 2 3 1 41 0 1560 1270 521
1037 2 3 1 41 0 521 1355 1560
1038 2 3 1 41 0 94 95 1561
1039 2 3 1 41 0 793 1364 1561
1040 2 3 1 41 0 511 1478 1562
1041 2 3 1 41 0 936 960 1563
1042 2 3 1 41 0 1563 473 936
1043 2 3 1 41 0 1563 960 922
1044 2 3 1 41 0 815 482 1564
1045 2 3 1 41 0 909 1511 1564
1046 2 3 1 41 0 1564 482 909
1047 2 3 1 41 0 1566 1379 776
1048 2 3 1 41 0 1567 1103 272
1049 2 3 1 41 0 415 1268 1569
1050 2 3 1 41 0 1569 1441 415
1051 2 3 1 41 0 893 494 1571
1052 2 3 1 41 0 537 1189 1573
1053 2 3 1 41 0 743 1310 1573
1054 2 3 1 41 0 1574 777 699
1055 2 3 1 41 0 1574 966 470
1056 2 3 1 41 0 1575 1235 656
1057 2 3 1 41 0 881 1235 1575
1058 2 3 1 41 0 1576 1437 746
1059 2 3 1 41 0 1577 1162 694
1060 2 3 1 41 0 742 1349 1578
1061 2 3 1 41 0 1578 1349 885
1062 2 3 1 41 0 1578 1366 742
1063 2 3 1 41 0 695 1163 1579
1064 2 3 1 41 0 1580 1156 522
1065 2 3 1 41 0 1581 1399 842
1066 2 3 1 41 0 1582 1390 715
1067 2 3 1 41 0 1583 1563 922
1068 2 3 1 41 0 473 1563 1583
1069 2 3 1 41 0 484 1027 1584
1070 2 3 1 41 0 1586 1537 818
1071 2 3 1 41 0 818 1390 1586
1072 2 3 1 41 0 790 1497 1587
1073 2 3 1 41 0 1587 1496 790
1074 2 3 1 41 0 663 1196 1589
1075 2 3 1 41 0 1590 1292 508
1076 2 3 1 41 0 1590 1297 727
1077 2 3 1 41 0 1591 1239 542
1078 2 3 1 41 0 694 1239 1591
1079 2 3 1 41 0 543 1238 1592
1080 2 3 1 41 0 1592 1238 695
1081 2 3 1 41 0 492 1245 1593
1082 2 3 1 41 0 830 1554 1593
1083 2 3 1 41 0 1596 1267 692
1084 2 3 1 41 0 1596 1342 700
1085 2 3 1 41 0 761 1386 1597
1086 2 3 1 41 0 1599 1466 520
1087 2 3 1 41 0 1600 1431 791
1088 2 3 1 41 0 1602 1382 759
1089 2 3 1 41 0 1603 301 15
1090 2 3 1 41 0 411 862 1604
1091 2 3 1 41 0 1604 862 849
1092 2 3 1 41 0 1604 1263 411
1093 2 3 1 41 0 474 1248 1605
1094 2 3 1 41 0 1605 1361 474
1095 2 3 1 41 0 1606 1023 967
1096 2 3 1 41 0 860 1023 1606
1097 2 3 1 41 0 879 569 1608
1098 2 3 1 41 0 1608 569 763
1099 2 3 1 41 0 487 1269 1609
1100 2 3 1 41 0 653 1332 1609
1101 2 3 1 41 0 506 510 1610
1102 2 3 1 41 0 497 788 1611
1103 2 3 1 41 0 677 1334 1611
1104 2 3 1 41 0 1612 787 503
1105 2 3 1 41 0 503 1477 1612
1106 2 3 1 41 0 415 1441 1613
1107 2 3 1 41 0 478 1323 1614
1108 2 3 1 41 0 661 1170 1615
1109 2 3 1 41 0 1615 1170 682
1110 2 3 1 41 0 1014 896 1618
1111 2 3 1 41 0 1618 632 1014
1112 2 3 1 41 0 1618 896 831
1113 2 3 1 41 0 1619 1025 487
1114 2 3 1 41 0 493 1025 1619
1115 2 3 1 41 0 1620 873 481
1116 2 3 1 41 0 481 1428 1620
1117 2 3 1 41 0 1621 1171 1035
1118 2 3 1 41 0 518 1171 1621
1119 2 3 1 41 0 993 325 1622
1120 2 3 1 41 0 1090 607 1622
1121 2 3 1 41 0 1622 607 993
1122 2 3 1 41 0 1623 1221 517
1123 2 3 1 41 0 1625 507 667
1124 2 3 1 41 0 667 1260 1625
1125 2 3 1 41 0 892 1384 1627
1126 2 3 1 41 0 1627 567 892
1127 2 3 1 41 0 1627 1384 813
1128 2 3 1 41 0 724 1392 1633
1129 2 3 1 41 0 815 476 1635
1130 2 3 1 41 0 717 1399 1636
1131 2 3 1 41 0 698 1478 1636
1132 2 3 1 41 0 1637 466 953
1133 2 3 1 41 0 1637 1497 790
1134 2 3 1 41 0 1638 1506 428
1135 2 3 1 41 0 921 917 1639
1136 2 3 1 41 0 1642 915 924
1137 2 3 1 41 0 1643 1330 492
1138 2 3 1 41 0 1643 1554 710
1139 2 3 1 41 0 778 785 1644
1140 2 3 1 41 0 490 1531 1644
1141 2 3 1 41 0 887 549 1648
1142 2 3 1 41 0 1648 549 891
1143 2 3 1 41 0 1649 943 567
1144 2 3 1 41 0 1649 1627 813
1145 2 3 1 41 0 567 1627 1649
1146 2 3 1 41 0 428 1559 1651
1147 2 3 1 41 0 1651 1638 428
1148 2 3 1 41 0 1652 1299 799
1149 2 3 1 41 0 1001 490 1653
1150 2 3 1 41 0 785 770 1653
1151 2 3 1 41 0 1654 1319 507
1152 2 3 1 41 0 507 1625 1654
1153 2 3 1 41 0 471 1414 1655
1154 2 3 1 41 0 1656 1256 744
1155 2 3 1 41 0 777 466 1657
1156 2 3 1 41 0 1658 1562 715
1157 2 3 1 41 0 1659 1367 948
1158 2 3 1 41 0 948 1344 1659
1159 2 3 1 41 0 879 1608 1660
1160 2 3 1 41 0 1660 1523 879
1161 2 3 1 41 0 1661 1391 767
1162 2 3 1 41 0 1661 1491 485
1163 2 3 1 41 0 801 1312 1662
1164 2 3 1 41 0 775 1476 1666
1165 2 3 1 41 0 1667 1497 735
1166 2 3 1 41 0 1668 1174 517
1167 2 3 1 41 0 1034 1174 1668
1168 2 3 1 41 0 517 1180 1668
1169 2 3 1 41 0 1670 1420 514
1170 2 3 1 41 0 774 1420 1670
1171 2 3 1 41 0 1671 628 464
1172 2 3 1 41 0 1671 317 611
1173 2 3 1 41 0 1672 914 760
1174 2 3 1 41 0 432 914 1672
1175 2 3 1 41 0 527 664 1673
1176 2 3 1 41 0 1673 664 706
1177 2 3 1 41 0 1674 760 437
1178 2 3 1 41 0 1674 1608 763
1179 2 3 1 41 0 1675 1499 768
1180 2 3 1 41 0 1677 1482 953
1181 2 3 1 41 0 953 976 1677
1182 2 3 1 41 0 1679 863 771
1183 2 3 1 41 0 1104 863 1679
1184 2 3 1 41 0 771 1634 1679
1185 2 3 1 41 0 1680 880 998
1186 2 3 1 41 0 1680 1655 794
1187 2 3 1 41 0 1681 1412 735
1188 2 3 1 41 0 735 1497 1681
1189 2 3 1 41 0 1683 1409 1035
1190 2 3 1 41 0 1687 98 99
1191 2 3 1 41 0 782 98 1687
1192 2 3 1 41 0 1690 910 835
1193 2 3 1 41 0 835 819 1690
1194 2 3 1 41 0 472 910 1690
1195 2 3 1 41 0 1692 1326 749
1196 2 3 1 41 0 1692 1424 816
1197 2 3 1 41 0 749 1424 1692
1198 2 3 1 41 0 601 1442 1693
1199 2 3 1 41 0 1050 544 1694
1200 2 3 1 41 0 925 1523 1695
1201 2 3 1 41 0 1695 1521 925
1202 2 3 1 41 0 880 1680 1697
1203 2 3 1 41 0 1697 1360 880
1204 2 3 1 41 0 1697 1680 794
1205 2 3 1 41 0 1698 1611 788
1206 2 3 1 41 0 677 1611 1698
1207 2 3 1 41 0 1701 1395 801
1208 2 3 1 41 0 893 1571 1702
1209 2 3 1 41 0 1702 497 893
1210 2 3 1 41 0 602 957 1703
1211 2 3 1 41 0 1703 957 797
1212 2 3 1 41 0 1703 1475 602
1213 2 3 1 41 0 1704 230 231
1214 2 3 1 41 0 1704 821 678
1215 2 3 1 41 0 231 821 1704
1216 2 3 1 41 0 696 1255 1705
1217 2 3 1 41 0 1705 1255 714
1218 2 3 1 41 0 507 486 1706
1219 2 3 1 41 0 1706 1546 507
1220 2 3 1 41 0 229 230 1707
1221 2 3 1 41 0 1708 265 266
1222 2 3 1 41 0 1708 1606 967
1223 2 3 1 41 0 1709 500 816
1224 2 3 1 41 0 1710 1648 891
1225 2 3 1 41 0 824 1648 1710
1226 2 3 1 41 0 598 943 1711
1227 2 3 1 41 0 1712 820 419
1228 2 3 1 41 0 970 1624 1714
1229 2 3 1 41 0 809 488 1715
1230 2 3 1 41 0 785 853 1716
1231 2 3 1 41 0 540 820 1717
1232 2 3 1 41 0 1720 1595 884
1233 2 3 1 41 0 884 1538 1720
1234 2 3 1 41 0 1722 973 475
1235 2 3 1 41 0 731 973 1722
1236 2 3 1 41 0 475 1394 1722
1237 2 3 1 41 0 704 841 1723
1238 2 3 1 41 0 1723 841 778
1239 2 3 1 41 0 1723 1531 704
1240 2 3 1 41 0 788 497 1724
1241 2 3 1 41 0 671 1375 1725
1242 2 3 1 41 0 711 1414 1725
1243 2 3 1 41 0 1729 804 626
1244 2 3 1 41 0 1730 438 781
1245 2 3 1 41 0 918 438 1730
1246 2 3 1 41 0 788 510 1731
1247 2 3 1 41 0 1731 1698 788
1248 2 3 1 41 0 469 1496 1732
1249 2 3 1 41 0 468 1537 1732
1250 2 3 1 41 0 1736 872 574
1251 2 3 1 41 0 1736 572 977
1252 2 3 1 41 0 977 872 1736
1253 2 3 1 41 0 574 572 1736
1254 2 3 1 41 0 1738 966 502
1255 2 3 1 41 0 1738 1641 756
1256 2 3 1 41 0 676 1408 1740
1257 2 3 1 41 0 1741 811 563
1258 2 3 1 41 0 701 811 1741
1259 2 3 1 41 0 1742 1656 744
1260 2 3 1 41 0 535 1656 1742
1261 2 3 1 41 0 1743 1715 829
1262 2 3 1 41 0 1745 1647 488
1263 2 3 1 41 0 564 807 1746
1264 2 3 1 41 0 1746 807 703
1265 2 3 1 41 0 1747 1451 728
1266 2 3 1 41 0 812 906 1748
1267 2 3 1 41 0 1748 826 812
1268 2 3 1 41 0 1749 1348 474
1269 2 3 1 41 0 1750 1635 742
1270 2 3 1 41 0 742 1366 1750
1271 2 3 1 41 0 675 1491 1751
1272 2 3 1 41 0 1752 1392 724
1273 2 3 1 41 0 313 1000 1754
1274 2 3 1 41 0 576 1119 1754
1275 2 3 1 41 0 1754 1000 576
1276 2 3 1 41 0 1014 913 1757
1277 2 3 1 41 0 1757 952 1014
1278 2 3 1 41 0 1758 1398 721
1279 2 3 1 41 0 593 856 1760
1280 2 3 1 41 0 800 987 1760
1281 2 3 1 41 0 1760 856 800
1282 2 3 1 41 0 1760 987 593
1283 2 3 1 41 0 695 1579 1762
1284 2 3 1 41 0 1762 1579 933
1285 2 3 1 41 0 770 489 1763
1286 2 3 1 41 0 1001 1653 1763
1287 2 3 1 41 0 1763 1653 770
1288 2 3 1 41 0 792 866 1764
1289 2 3 1 41 0 1766 769 424
1290 2 3 1 41 0 814 769 1766
1291 2 3 1 41 0 424 1026 1766
1292 2 3 1 41 0 1767 892 567
1293 2 3 1 41 0 567 952 1767
1294 2 3 1 41 0 1768 1577 694
1295 2 3 1 41 0 932 1577 1768
1296 2 3 1 41 0 705 1594 1770
1297 2 3 1 41 0 1771 1536 509
1298 2 3 1 41 0 772 1536 1771
1299 2 3 1 41 0 941 1282 1773
1300 2 3 1 41 0 1773 1241 941
1301 2 3 1 41 0 733 1685 1775
1302 2 3 1 41 0 264 265 1776
1303 2 3 1 41 0 1777 1685 802
1304 2 3 1 41 0 802 419 1777
1305 2 3 1 41 0 1778 1594 541
1306 2 3 1 41 0 1779 1448 469
1307 2 3 1 41 0 720 1448 1779
1308 2 3 1 41 0 469 1582 1779
1309 2 3 1 41 0 677 1698 1780
1310 2 3 1 41 0 738 583 1782
1311 2 3 1 41 0 1031 752 1782
1312 2 3 1 41 0 1782 752 738
1313 2 3 1 41 0 1783 1559 725
1314 2 3 1 41 0 1785 832 777
1315 2 3 1 41 0 1021 832 1785
1316 2 3 1 41 0 975 270 1787
1317 2 3 1 41 0 1103 585 1787
1318 2 3 1 41 0 1787 585 975
1319 2 3 1 41 0 1788 1379 719
1320 2 3 1 41 0 719 1369 1788
1321 2 3 1 41 0 998 1693 1789
1322 2 3 1 41 0 1789 1693 789
1323 2 3 1 41 0 1790 755 826
1324 2 3 1 41 0 484 1584 1791
1325 2 3 1 41 0 74 75 1792
1326 2 3 1 41 0 1792 824 74
1327 2 3 1 41 0 71 72 1793
1328 2 3 1 41 0 622 459 1794
1329 2 3 1 41 0 989 635 1794
1330 2 3 1 41 0 1794 635 622
1331 2 3 1 41 0 1795 458 623
1332 2 3 1 41 0 1795 636 988
1333 2 3 1 41 0 623 636 1795
1334 2 3 1 41 0 1105 1617 1796
1335 2 3 1 41 0 1796 418 1105
1336 2 3 1 41 0 1797 1070 1115
1337 2 3 1 41 0 675 741 1798
1338 2 3 1 41 0 739 1521 1800
1339 2 3 1 41 0 1802 960 416
1340 2 3 1 41 0 541 960 1802
1341 2 3 1 41 0 416 1699 1802
1342 2 3 1 41 0 969 445 1803
1343 2 3 1 41 0 802 1685 1804
1344 2 3 1 41 0 1804 1613 802
1345 2 3 1 41 0 855 440 1805
1346 2 3 1 41 0 1806 560 897
1347 2 3 1 41 0 1808 1251 654
1348 2 3 1 41 0 1808 1347 727
1349 2 3 1 41 0 1810 239 240
1350 2 3 1 41 0 1811 432 845
1351 2 3 1 41 0 729 1638 1813
1352 2 3 1 41 0 809 1715 1813
1353 2 3 1 41 0 745 1483 1815
1354 2 3 1 41 0 1816 786 558
1355 2 3 1 41 0 1816 1538 902
1356 2 3 1 41 0 902 786 1816
1357 2 3 1 41 0 1817 1739 946
1358 2 3 1 41 0 946 566 1817
1359 2 3 1 41 0 1818 477 935
1360 2 3 1 41 0 928 425 1819
1361 2 3 1 41 0 1819 425 970
1362 2 3 1 41 0 1819 964 928
1363 2 3 1 41 0 983 933 1820
1364 2 3 1 41 0 1821 1664 720
1365 2 3 1 41 0 502 1664 1821
1366 2 3 1 41 0 767 1391 1822
1367 2 3 1 41 0 755 1647 1822
1368 2 3 1 41 0 685 1324 1824
1369 2 3 1 41 0 561 911 1825
1370 2 3 1 41 0 1825 1112 561
1371 2 3 1 41 0 1826 932 984
1372 2 3 1 41 0 1827 1325 684
1373 2 3 1 41 0 1829 1026 424
1374 2 3 1 41 0 972 1026 1829
1375 2 3 1 41 0 558 923 1830
1376 2 3 1 41 0 904 1595 1830
1377 2 3 1 41 0 1830 923 904
1378 2 3 1 41 0 512 1479 1831
1379 2 3 1 41 0 1832 862 601
1380 2 3 1 41 0 1832 998 880
1381 2 3 1 41 0 880 862 1832
1382 2 3 1 41 0 1833 440 900
1383 2 3 1 41 0 1835 1344 753
1384 2 3 1 41 0 1835 1548 505
1385 2 3 1 41 0 760 1674 1836
1386 2 3 1 41 0 1836 1674 763
1387 2 3 1 41 0 432 1672 1837
1388 2 3 1 41 0 1093 465 1838
1389 2 3 1 41 0 1838 618 1093
1390 2 3 1 41 0 1838 465 55
1391 2 3 1 41 0 734 438 1841
1392 2 3 1 41 0 1843 489 736
1393 2 3 1 41 0 1845 95 96
1394 2 3 1 41 0 815 1635 1847
1395 2 3 1 41 0 1848 1040 783
1396 2 3 1 41 0 1849 566 572
1397 2 3 1 41 0 1849 1011 883
1398 2 3 1 41 0 572 1011 1849
1399 2 3 1 41 0 845 780 1850
1400 2 3 1 41 0 1852 937 443
1401 2 3 1 41 0 578 937 1852
1402 2 3 1 41 0 928 433 1854
1403 2 3 1 41 0 1854 433 1030
1404 2 3 1 41 0 1854 931 928
1405 2 3 1 41 0 1856 617 740
1406 2 3 1 41 0 1856 1254 1062
1407 2 3 1 41 0 1062 617 1856
1408 2 3 1 41 0 740 1254 1856
1409 2 3 1 41 0 844 552 1857
1410 2 3 1 41 0 851 738 1857
1411 2 3 1 41 0 1857 738 844
1412 2 3 1 41 0 1858 454 786
1413 2 3 1 41 0 995 454 1858
1414 2 3 1 41 0 786 902 1858
1415 2 3 1 41 0 909 1408 1860
1416 2 3 1 41 0 1861 1764 866
1417 2 3 1 41 0 516 1764 1861
1418 2 3 1 41 0 1862 1650 773
1419 2 3 1 41 0 506 1490 1863
1420 2 3 1 41 0 1863 1490 846
1421 2 3 1 41 0 1864 756 762
1422 2 3 1 41 0 1869 528 871
1423 2 3 1 41 0 930 892 1870
1424 2 3 1 41 0 1871 1685 733
1425 2 3 1 41 0 1874 544 1059
1426 2 3 1 41 0 980 596 1877
1427 2 3 1 41 0 1880 1834 783
1428 2 3 1 41 0 783 418 1880
1429 2 3 1 41 0 266 267 1881
1430 2 3 1 41 0 860 1606 1881
1431 2 3 1 41 0 1885 840 585
1432 2 3 1 41 0 585 1103 1885
1433 2 3 1 41 0 1886 806 803
1434 2 3 1 41 0 974 806 1886
1435 2 3 1 41 0 702 1249 1888
1436 2 3 1 41 0 1889 1582 715
1437 2 3 1 41 0 1890 853 426
1438 2 3 1 41 0 779 730 1891
1439 2 3 1 41 0 1891 730 965
1440 2 3 1 41 0 1893 631 855
1441 2 3 1 41 0 883 631 1893
1442 2 3 1 41 0 855 1739 1893
1443 2 3 1 41 0 1894 1584 838
1444 2 3 1 41 0 61 1059 1895
1445 2 3 1 41 0 1895 1059 834
1446 2 3 1 41 0 1896 897 560
1447 2 3 1 41 0 896 897 1896
1448 2 3 1 41 0 606 992 1897
1449 2 3 1 41 0 1897 992 848
1450 2 3 1 41 0 846 532 1898
1451 2 3 1 41 0 1898 868 846
1452 2 3 1 41 0 1899 964 427
1453 2 3 1 41 0 1899 837 1113
1454 2 3 1 41 0 1113 964 1899
1455 2 3 1 41 0 427 837 1899
1456 2 3 1 41 0 826 555 1900
1457 2 3 1 41 0 1900 555 1118
1458 2 3 1 41 0 1900 812 826
1459 2 3 1 41 0 1901 631 434
1460 2 3 1 41 0 1902 1428 721
1461 2 3 1 41 0 1903 969 608
1462 2 3 1 41 0 1904 1371 704
1463 2 3 1 41 0 1904 1477 758
1464 2 3 1 41 0 758 1371 1904
1465 2 3 1 41 0 1905 914 515
1466 2 3 1 41 0 760 914 1905
1467 2 3 1 41 0 1671 611 1096
1468 2 3 1 41 0 628 1671 1096
1469 2 3 1 41 0 288 287 1539
1470 2 3 1 41 0 288 1539 614
1471 2 3 1 41 0 1541 350 349
1472 2 3 1 41 0 615 1541 349
1473 2 3 1 41 0 1880 418 1796
1474 2 3 1 41 0 422 1880 1796
1475 2 3 1 41 0 1888 500 1774
1476 2 3 1 41 0 1571 494 1502
1477 2 3 1 41 0 1664 699 1448
1478 2 3 1 41 0 720 1664 1448
1479 2 3 1 41 0 1724 497 1702
1480 2 3 1 41 0 724 1724 1702
1481 2 3 1 41 0 940 432 1811
1482 2 3 1 41 0 1610 510 1798
1483 2 3 1 41 0 1610 1798 741
1484 2 3 1 41 0 1635 476 1557
1485 2 3 1 41 0 742 1635 1557
1486 2 3 1 41 0 1534 239 1810
1487 2 3 1 41 0 1875 1876 780
1488 2 3 1 41 0 1653 490 1644
1489 2 3 1 41 0 785 1653 1644
1490 2 3 1 41 0 1612 704 1531
1491 2 3 1 41 0 787 1612 1531
1492 2 3 1 41 0 1657 466 1637
1493 2 3 1 41 0 790 1657 1637
1494 2 3 1 41 0 1712 1717 820
1495 2 3 1 41 0 1748 1790 826
1496 2 3 1 41 0 1568 503 1378
1497 2 3 1 41 0 827 1568 1378
1498 2 3 1 41 0 1715 488 1647
1499 2 3 1 41 0 829 1715 1647
1500 2 3 1 41 0 1647 755 1790
1501 2 3 1 41 0 1647 1790 829
1502 2 3 1 41 0 853 1890 1553
1503 2 3 1 41 0 1881 267 1067
1504 2 3 1 41 0 860 1881 1067
1505 2 3 1 41 0 1817 566 1849
1506 2 3 1 41 0 1817 1849 883
1507 2 3 1 41 0 1767 1870 892
1508 2 3 1 41 0 1557 476 1583
1509 2 3 1 41 0 1557 1583 922
1510 2 3 1 41 0 1826 524 1577
1511 2 3 1 41 0 932 1826 1577
1512 2 3 1 41 0 1579 523 1820
1513 2 3 1 41 0 1579 1820 933
1514 2 3 1 41 0 1649 813 1711
1515 2 3 1 41 0 1649 1711 943
1516 2 3 1 41 0 1433 1473 950
1517 2 3 1 41 0 1757 1767 952
1518 2 3 1 41 0 1738 756 1864
1519 2 3 1 41 0 1738 1864 966
1520 2 3 1 41 0 1776 265 1708
1521 2 3 1 41 0 967 1776 1708
1522 2 3 1 41 0 1656 535 1632
1523 2 3 1 41 0 955 458 1795
1524 2 3 1 41 0 955 1795 988
1525 2 3 1 41 0 1794 459 956
1526 2 3 1 41 0 989 1794 956
1527 2 3 1 41 0 1832 601 1693
1528 2 3 1 41 0 998 1832 1693
1529 2 3 1 41 0 489 838 1584
1530 2 3 1 41 0 489 1584 1027
1531 2 3 1 41 0 532 1876 1045
1532 2 3 1 41 0 1640 512 1302
1533 2 3 1 41 0 1622 325 326
1534 2 3 1 41 0 1090 1622 326
1535 2 3 1 41 0 1787 270 271
1536 2 3 1 41 0 1103 1787 271
1537 2 3 1 41 0 534 812 1900
1538 2 3 1 41 0 534 1900 1118
1539 2 3 1 41 0 314 313 1754
1540 2 3 1 41 0 314 1754 1119
1541 2 3 1 41 0 1707 230 1704
1542 2 3 1 41 0 678 1707 1704
1543 2 3 1 41 0 1903 805 795
1544 2 3 1 41 0 969 1903 795
1545 2 3 1 41 0 427 964 1819
1546 2 3 1 41 0 427 1819 970
1547 2 3 1 41 0 1404 290 289
1548 2 3 1 41 0 348 347 1405
1549 2 3 1 41 0 1561 95 1845
1550 2 3 1 41 0 1561 1845 793
1551 2 3 1 41 0 326 327 1547
1552 2 3 1 41 0 326 1547 1090
1553 2 3 1 41 0 1384 892 559
1554 2 3 1 41 0 1029 1384 559
1555 2 3 1 41 0 1567 1885 1103
1556 2 3 1 41 0 64 65 1508
1557 2 3 1 41 0 64 1508 1078
1558 2 3 1 41 0 559 898 1547
1559 2 3 1 41 0 559 1547 1029
1560 2 3 1 41 0 604 1070 1797
1561 2 3 1 41 0 604 1797 1081
1562 2 3 1 41 0 1082 1786 605
1563 2 3 1 41 0 597 931 1854
1564 2 3 1 41 0 597 1854 1030
1565 2 3 1 41 0 1858 902 586
1566 2 3 1 41 0 995 1858 586
1567 2 3 1 41 0 1458 354 353
1568 2 3 1 41 0 318 317 1671
1569 2 3 1 41 0 318 1671 464
1570 2 3 1 41 0 1242 665 1147
1571 2 3 1 41 0 1152 732 1603
1572 2 3 1 41 0 1150 1291 1210
1573 2 3 1 41 0 1211 1295 1151
1574 2 3 1 41 0 1683 1035 1171
1575 2 3 1 41 0 1174 1034 1678
1576 2 3 1 41 0 1240 668 1217
1577 2 3 1 41 0 1577 524 1200
1578 2 3 1 41 0 1162 1577 1200
1579 2 3 1 41 0 1199 523 1579
1580 2 3 1 41 0 1199 1579 1163
1581 2 3 1 41 0 1488 668 1240
1582 2 3 1 41 0 1298 743 1231
1583 2 3 1 41 0 1167 1298 1231
1584 2 3 1 41 0 1621 1035 1213
1585 2 3 1 41 0 1168 1621 1213
1586 2 3 1 41 0 1246 662 1220
1587 2 3 1 41 0 1168 1246 1220
1588 2 3 1 41 0 1218 669 1279
1589 2 3 1 41 0 1218 1279 1172
1590 2 3 1 41 0 1301 687 1203
1591 2 3 1 41 0 1172 1301 1203
1592 2 3 1 41 0 1188 640 1327
1593 2 3 1 41 0 1188 1327 1173
1594 2 3 1 41 0 1248 474 1348
1595 2 3 1 41 0 1248 1348 1176
1596 2 3 1 41 0 1198 1308 1176
1597 2 3 1 41 0 1290 682 1216
1598 2 3 1 41 0 1178 1290 1216
1599 2 3 1 41 0 1198 658 1284
1600 2 3 1 41 0 1198 1284 1179
1601 2 3 1 41 0 1472 726 1212
1602 2 3 1 41 0 1179 1472 1212
1603 2 3 1 41 0 1221 645 1388
1604 2 3 1 41 0 1221 1388 1180
1605 2 3 1 41 0 1219 1034 1668
1606 2 3 1 41 0 1219 1668 1180
1607 2 3 1 41 0 1602 759 1266
1608 2 3 1 41 0 1232 649 1204
1609 2 3 1 41 0 1183 1232 1204
1610 2 3 1 41 0 1380 687 1215
1611 2 3 1 41 0 1183 1380 1215
1612 2 3 1 41 0 1280 761 1597
1613 2 3 1 41 0 1280 1597 1185
1614 2 3 1 41 0 1623 517 1257
1615 2 3 1 41 0 1303 659 1243
1616 2 3 1 41 0 1189 1303 1243
1617 2 3 1 41 0 1223 743 1573
1618 2 3 1 41 0 1223 1573 1189
1619 2 3 1 41 0 1389 669 1295
1620 2 3 1 41 0 1195 673 1469
1621 2 3 1 41 0 1195 1469 1194
1622 2 3 1 41 0 1397 674 1261
1623 2 3 1 41 0 1196 1397 1261
1624 2 3 1 41 0 1333 764 1317
1625 2 3 1 41 0 1201 1333 1317
1626 2 3 1 41 0 1309 757 1338
1627 2 3 1 41 0 1309 1338 1201
1628 2 3 1 41 0 1244 652 1245
1629 2 3 1 41 0 1244 1245 1202
1630 2 3 1 41 0 1202 1416 1247
1631 2 3 1 41 0 1396 686 1259
1632 2 3 1 41 0 1203 1396 1259
1633 2 3 1 41 0 1226 538 1288
1634 2 3 1 41 0 1226 1288 1208
1635 2 3 1 41 0 1285 768 1401
1636 2 3 1 41 0 1285 1401 1208
1637 2 3 1 41 0 1291 668 1488
1638 2 3 1 41 0 1291 1488 1214
1639 2 3 1 41 0 1623 707 1228
1640 2 3 1 41 0 1221 1623 1228
1641 2 3 1 41 0 1250 655 1275
1642 2 3 1 41 0 1250 1275 1224
1643 2 3 1 41 0 1236 653 1283
1644 2 3 1 41 0 1236 1283 1225
1645 2 3 1 41 0 1522 691 1271
1646 2 3 1 41 0 1226 1522 1271
1647 2 3 1 41 0 1503 766 1334
1648 2 3 1 41 0 1227 1503 1334
1649 2 3 1 41 0 1304 518 1520
1650 2 3 1 41 0 1304 1520 1233
1651 2 3 1 41 0 1394 475 1253
1652 2 3 1 41 0 1237 1394 1253
1653 2 3 1 41 0 1773 508 1292
1654 2 3 1 41 0 1241 1773 1292
1655 2 3 1 41 0 1397 663 1306
1656 2 3 1 41 0 1241 1397 1306
1657 2 3 1 41 0 1331 830 1593
1658 2 3 1 41 0 1331 1593 1245
1659 2 3 1 41 0 1545 654 1251
1660 2 3 1 41 0 1246 1545 1251
1661 2 3 1 41 0 1293 746 1605
1662 2 3 1 41 0 1293 1605 1248
1663 2 3 1 41 0 1444 696 1294
1664 2 3 1 41 0 1249 1444 1294
1665 2 3 1 41 0 1471 746 1293
1666 2 3 1 41 0 1250 1471 1293
1667 2 3 1 41 0 1808 727 1297
1668 2 3 1 41 0 1251 1808 1297
1669 2 3 1 41 0 1454 676 1350
1670 2 3 1 41 0 1252 1454 1350
1671 2 3 1 41 0 1322 737 1323
1672 2 3 1 41 0 1322 1323 1252
1673 2 3 1 41 0 1493 757 1403
1674 2 3 1 41 0 1253 1493 1403
1675 2 3 1 41 0 1337 513 1338
1676 2 3 1 41 0 1337 1338 1254
1677 2 3 1 41 0 1444 702 1385
1678 2 3 1 41 0 1255 1444 1385
1679 2 3 1 41 0 1256 1656 1373
1680 2 3 1 41 0 1525 775 1310
1681 2 3 1 41 0 1258 1525 1310
1682 2 3 1 41 0 1345 1625 1260
1683 2 3 1 41 0 1400 849 1535
1684 2 3 1 41 0 1400 1535 1261
1685 2 3 1 41 0 1529 709 1272
1686 2 3 1 41 0 1262 1529 1272
1687 2 3 1 41 0 1485 727 1347
1688 2 3 1 41 0 1263 1485 1347
1689 2 3 1 41 0 1604 849 1400
1690 2 3 1 41 0 1263 1604 1400
1691 2 3 1 41 0 1707 678 1296
1692 2 3 1 41 0 1487 759 1540
1693 2 3 1 41 0 1487 1540 1264
1694 2 3 1 41 0 1487 651 1484
1695 2 3 1 41 0 1266 1487 1484
1696 2 3 1 41 0 1596 700 1419
1697 2 3 1 41 0 1267 1596 1419
1698 2 3 1 41 0 1377 1569 1268
1699 2 3 1 41 0 1283 653 1609
1700 2 3 1 41 0 1283 1609 1269
1701 2 3 1 41 0 1560 761 1501
1702 2 3 1 41 0 1270 1560 1501
1703 2 3 1 41 0 1328 748 1435
1704 2 3 1 41 0 1328 1435 1272
1705 2 3 1 41 0 1507 646 1452
1706 2 3 1 41 0 1276 1507 1452
1707 2 3 1 41 0 1450 647 1505
1708 2 3 1 41 0 1450 1505 1277
1709 2 3 1 41 0 1514 650 1501
1710 2 3 1 41 0 1280 1514 1501
1711 2 3 1 41 0 1576 746 1471
1712 2 3 1 41 0 1843 736 1365
1713 2 3 1 41 0 1374 508 1773
1714 2 3 1 41 0 1374 1773 1282
1715 2 3 1 41 0 1472 536 1423
1716 2 3 1 41 0 1285 1472 1423
1717 2 3 1 41 0 1354 701 1696
1718 2 3 1 41 0 1354 1696 1287
1719 2 3 1 41 0 1688 703 1355
1720 2 3 1 41 0 1289 1688 1355
1721 2 3 1 41 0 1590 727 1485
1722 2 3 1 41 0 1292 1590 1485
1723 2 3 1 41 0 1590 508 1362
1724 2 3 1 41 0 1297 1590 1362
1725 2 3 1 41 0 1652 690 1381
1726 2 3 1 41 0 1299 1652 1381
1727 2 3 1 41 0 1362 508 1374
1728 2 3 1 41 0 1551 753 1402
1729 2 3 1 41 0 1302 1551 1402
1730 2 3 1 41 0 1473 1713 1305
1731 2 3 1 41 0 1370 700 1342
1732 2 3 1 41 0 642 1315 1309
1733 2 3 1 41 0 1517 537 1573
1734 2 3 1 41 0 1517 1573 1310
1735 2 3 1 41 0 1434 728 1504
1736 2 3 1 41 0 1434 1504 1311
1737 2 3 1 41 0 1438 1098 1662
1738 2 3 1 41 0 1438 1662 1312
1739 2 3 1 41 0 1343 486 1510
1740 2 3 1 41 0 1343 1510 1316
1741 2 3 1 41 0 1402 753 1344
1742 2 3 1 41 0 1318 1402 1344
1743 2 3 1 41 0 1319 1654 1565
1744 2 3 1 41 0 1600 791 1440
1745 2 3 1 41 0 1319 1600 1440
1746 2 3 1 41 0 1580 522 1358
1747 2 3 1 41 0 1320 1580 1358
1748 2 3 1 41 0 1365 736 1479
1749 2 3 1 41 0 1364 793 1413
1750 2 3 1 41 0 1364 1413 1322
1751 2 3 1 41 0 1415 509 1614
1752 2 3 1 41 0 1415 1614 1323
1753 2 3 1 41 0 1404 1824 1324
1754 2 3 1 41 0 1325 1827 1405
1755 2 3 1 41 0 1692 816 1421
1756 2 3 1 41 0 1326 1692 1421
1757 2 3 1 41 0 1556 859 1462
1758 2 3 1 41 0 1328 1556 1462
1759 2 3 1 41 0 1643 710 1418
1760 2 3 1 41 0 1330 1643 1418
1761 2 3 1 41 0 1336 1416 1330
1762 2 3 1 41 0 1417 497 1611
1763 2 3 1 41 0 1417 1611 1334
1764 2 3 1 41 0 1359 667 1546
1765 2 3 1 41 0 1359 1546 1336
1766 2 3 1 41 0 1596 692 1372
1767 2 3 1 41 0 1342 1596 1372
1768 2 3 1 41 0 1835 505 1659
1769 2 3 1 41 0 1344 1835 1659
1770 2 3 1 41 0 1808 654 1455
1771 2 3 1 41 0 1347 1808 1455
1772 2 3 1 41 0 1540 759 1382
1773 2 3 1 41 0 1354 1540 1382
1774 2 3 1 41 0 1572 706 1461
1775 2 3 1 41 0 1386 761 1560
1776 2 3 1 41 0 1386 1560 1355
1777 2 3 1 41 0 1566 776 1372
1778 2 3 1 41 0 1474 496 1862
1779 2 3 1 41 0 1658 715 1390
1780 2 3 1 41 0 1697 794 1376
1781 2 3 1 41 0 1360 1697 1376
1782 2 3 1 41 0 1605 746 1437
1783 2 3 1 41 0 1361 1605 1437
1784 2 3 1 41 0 1369 719 1750
1785 2 3 1 41 0 1369 1750 1366
1786 2 3 1 41 0 1578 885 1533
1787 2 3 1 41 0 1366 1578 1533
1788 2 3 1 41 0 1659 505 1500
1789 2 3 1 41 0 1367 1659 1500
1790 2 3 1 41 0 1521 739 1543
1791 2 3 1 41 0 1521 1543 1368
1792 2 3 1 41 0 1446 1788 1369
1793 2 3 1 41 0 1516 711 1725
1794 2 3 1 41 0 1516 1725 1375
1795 2 3 1 41 0 1426 728 1451
1796 2 3 1 41 0 1426 1451 1376
1797 2 3 1 41 0 1379 1788 1502
1798 2 3 1 41 0 1519 876 1429
1799 2 3 1 41 0 1380 1519 1429
1800 2 3 1 41 0 1434 495 1385
1801 2 3 1 41 0 1529 680 1607
1802 2 3 1 41 0 1415 737 1492
1803 2 3 1 41 0 1415 1492 1387
1804 2 3 1 41 0 1663 705 1770
1805 2 3 1 41 0 1675 768 1423
1806 2 3 1 41 0 1517 775 1666
1807 2 3 1 41 0 1582 469 1586
1808 2 3 1 41 0 1582 1586 1390
1809 2 3 1 41 0 1661 485 1533
1810 2 3 1 41 0 1391 1661 1533
1811 2 3 1 41 0 1494 755 1822
1812 2 3 1 41 0 1494 1822 1391
1813 2 3 1 41 0 1491 675 1633
1814 2 3 1 41 0 1491 1633 1392
1815 2 3 1 41 0 1392 1752 1446
1816 2 3 1 41 0 1413 793 1427
1817 2 3 1 41 0 1413 1427 1393
1818 2 3 1 41 0 1439 731 1722
1819 2 3 1 41 0 1439 1722 1394
1820 2 3 1 41 0 1395 1701 1407
1821 2 3 1 41 0 1429 876 1489
1822 2 3 1 41 0 1429 1489 1396
1823 2 3 1 41 0 1398 1758 1410
1824 2 3 1 41 0 1581 698 1636
1825 2 3 1 41 0 1581 1636 1399
1826 2 3 1 41 0 1454 478 1860
1827 2 3 1 41 0 1454 1860 1408
1828 2 3 1 41 0 1436 692 1740
1829 2 3 1 41 0 1436 1740 1408
1830 2 3 1 41 0 1683 520 1466
1831 2 3 1 41 0 1409 1683 1466
1832 2 3 1 41 0 1681 953 1482
1833 2 3 1 41 0 1412 1681 1482
1834 2 3 1 41 0 1486 671 1725
1835 2 3 1 41 0 1486 1725 1414
1836 2 3 1 41 0 1558 794 1655
1837 2 3 1 41 0 1558 1655 1414
1838 2 3 1 41 0 1558 711 1504
1839 2 3 1 41 0 1426 1558 1504
1840 2 3 1 41 0 1902 935 1620
1841 2 3 1 41 0 1428 1902 1620
1842 2 3 1 41 0 1435 748 1495
1843 2 3 1 41 0 1435 1495 1428
1844 2 3 1 41 0 1430 1669 1550
1845 2 3 1 41 0 1652 799 1449
1846 2 3 1 41 0 1431 1600 1549
1847 2 3 1 41 0 486 507 1440
1848 2 3 1 41 0 486 1440 1432
1849 2 3 1 41 0 1445 850 1510
1850 2 3 1 41 0 1445 1510 1432
1851 2 3 1 41 0 1576 1629 1437
1852 2 3 1 41 0 1475 775 1525
1853 2 3 1 41 0 1489 876 1755
1854 2 3 1 41 0 1499 789 1693
1855 2 3 1 41 0 1499 1693 1442
1856 2 3 1 41 0 1511 909 1860
1857 2 3 1 41 0 1614 509 1536
1858 2 3 1 41 0 1451 1747 1470
1859 2 3 1 41 0 1542 1565 1453
1860 2 3 1 41 0 654 691 1509
1861 2 3 1 41 0 654 1509 1455
1862 2 3 1 41 0 1509 691 1522
1863 2 3 1 41 0 1815 712 1598
1864 2 3 1 41 0 1758 721 1495
1865 2 3 1 41 0 1703 797 1476
1866 2 3 1 41 0 1475 1703 1476
1867 2 3 1 41 0 1904 704 1612
1868 2 3 1 41 0 1477 1904 1612
1869 2 3 1 41 0 1552 717 1636
1870 2 3 1 41 0 1552 1636 1478
1871 2 3 1 41 0 1677 876 1519
1872 2 3 1 41 0 1482 1677 1519
1873 2 3 1 41 0 1765 706 1572
1874 2 3 1 41 0 1661 767 1751
1875 2 3 1 41 0 1661 1751 1491
1876 2 3 1 41 0 1587 468 1732
1877 2 3 1 41 0 1587 1732 1496
1878 2 3 1 41 0 1667 468 1587
1879 2 3 1 41 0 1497 1667 1587
1880 2 3 1 41 0 1637 953 1681
1881 2 3 1 41 0 1637 1681 1497
1882 2 3 1 41 0 1551 512 1831
1883 2 3 1 41 0 1765 756 1641
1884 2 3 1 41 0 1733 815 1564
1885 2 3 1 41 0 1511 1733 1564
1886 2 3 1 41 0 1646 421 1844
1887 2 3 1 41 0 1871 733 1526
1888 2 3 1 41 0 1695 437 1800
1889 2 3 1 41 0 1695 1800 1521
1890 2 3 1 41 0 1660 437 1695
1891 2 3 1 41 0 1660 1695 1523
1892 2 3 1 41 0 1599 520 1678
1893 2 3 1 41 0 1723 778 1644
1894 2 3 1 41 0 1531 1723 1644
1895 2 3 1 41 0 1586 469 1732
1896 2 3 1 41 0 1586 1732 1537
1897 2 3 1 41 0 1816 558 1720
1898 2 3 1 41 0 1538 1816 1720
1899 2 3 1 41 0 1835 753 1812
1900 2 3 1 41 0 1548 1835 1812
1901 2 3 1 41 0 1643 492 1593
1902 2 3 1 41 0 1554 1643 1593
1903 2 3 1 41 0 1783 809 1651
1904 2 3 1 41 0 1559 1783 1651
1905 2 3 1 41 0 1814 773 1650
1906 2 3 1 41 0 1752 724 1702
1907 2 3 1 41 0 1571 1752 1702
1908 2 3 1 41 0 1594 705 747
1909 2 3 1 41 0 1889 720 1779
1910 2 3 1 41 0 1582 1889 1779
1911 2 3 1 41 0 1584 1894 1791
1912 2 3 1 41 0 1724 724 1633
1913 2 3 1 41 0 1594 1778 1770
1914 2 3 1 41 0 1720 558 1830
1915 2 3 1 41 0 1720 1830 1595
1916 2 3 1 41 0 1708 266 1881
1917 2 3 1 41 0 1708 1881 1606
1918 2 3 1 41 0 1674 437 1660
1919 2 3 1 41 0 1608 1674 1660
1920 2 3 1 41 0 1624 1878 1714
1921 2 3 1 41 0 1879 540 1717
1922 2 3 1 41 0 1628 1879 1717
1923 2 3 1 41 0 311 1679 1634
1924 2 3 1 41 0 1750 719 1847
1925 2 3 1 41 0 1750 1847 1635
1926 2 3 1 41 0 1651 809 1813
1927 2 3 1 41 0 1651 1813 1638
1928 2 3 1 41 0 1738 502 842
1929 2 3 1 41 0 1641 1738 842
1930 2 3 1 41 0 1745 767 1822
1931 2 3 1 41 0 1745 1822 1647
1932 2 3 1 41 0 1862 496 1853
1933 2 3 1 41 0 1650 1862 1853
1934 2 3 1 41 0 1680 998 471
1935 2 3 1 41 0 1655 1680 471
1936 2 3 1 41 0 1745 488 1718
1937 2 3 1 41 0 1818 935 1902
1938 2 3 1 41 0 562 946 1739
1939 2 3 1 41 0 1685 1777 1775
1940 2 3 1 41 0 1685 1871 1804
1941 2 3 1 41 0 470 1021 1785
1942 2 3 1 41 0 1731 868 1780
1943 2 3 1 41 0 1731 1780 1698
1944 2 3 1 41 0 1778 541 1802
1945 2 3 1 41 0 1778 1802 1699
1946 2 3 1 41 0 1743 729 1813
1947 2 3 1 41 0 1743 1813 1715
1948 2 3 1 41 0 1105 833 1749
1949 2 3 1 41 0 1817 883 1893
1950 2 3 1 41 0 1817 1893 1739
1951 2 3 1 41 0 976 602 1755
1952 2 3 1 41 0 1004 855 1805
1953 2 3 1 41 0 1846 881 526
1954 2 3 1 41 0 482 815 1847
1955 2 3 1 41 0 736 1027 1842
1956 2 3 1 41 0 1834 1880 765
1957 2 3 1 41 0 1880 422 1092
1958 2 3 1 41 0 765 1880 1092
1959 2 3 1 41 0 1603 15 1127
1960 2 3 1 41 0 1662 1701 801
1961 2 3 1 41 0 1098 1701 1662
1962 2 3 1 41 0 1098 525 1626
1963 2 3 1 41 0 294 293 1467
1964 2 3 1 41 0 542 1277 1467
1965 2 3 1 41 0 1468 344 343
1966 2 3 1 41 0 1468 1276 543
1967 2 3 1 41 0 281 1498 280
1968 2 3 1 41 0 280 1498 610
1969 2 3 1 41 0 1193 297 296
1970 2 3 1 41 0 1753 944 493
1971 2 3 1 41 0 493 1306 1753
1972 2 3 1 41 0 1753 1306 663
1973 2 3 1 41 0 1728 1393 499
1974 2 3 1 41 0 1728 718 1492
1975 2 3 1 41 0 1728 1492 1393
1976 2 3 1 41 0 525 1098 1438
1977 2 3 1 41 0 1480 525 1438
1978 2 3 1 41 0 839 1381 1438
1979 2 3 1 41 0 1381 1480 1438
1980 2 3 1 41 0 1839 438 918
1981 2 3 1 41 0 918 1523 1839
1982 2 3 1 41 0 1839 1523 925
1983 2 3 1 41 0 1851 530 302
1984 2 3 1 41 0 302 301 1851
1985 2 3 1 41 0 732 1851 1603
1986 2 3 1 41 0 1851 301 1603
1987 2 3 1 41 0 1357 218 219
1988 2 3 1 41 0 1357 689 681
1989 2 3 1 41 0 118 119 1383
1990 2 3 1 41 0 219 220 1363
1991 2 3 1 41 0 1363 1357 219
1992 2 3 1 41 0 692 1267 1740
1993 2 3 1 41 0 227 228 1352
1994 2 3 1 41 0 580 918 1730
1995 2 3 1 41 0 1730 942 580
1996 2 3 1 41 0 781 942 1730
1997 2 3 1 41 0 513 1337 1756
1998 2 3 1 41 0 1616 215 216
1999 2 3 1 41 0 676 1313 1350
2000 2 3 1 41 0 1278 661 1351
2001 2 3 1 41 0 121 122 1351
2002 2 3 1 41 0 1148 1278 1351
2003 2 3 1 41 0 119 120 1631
2004 2 3 1 41 0 1615 1631 661
2005 2 3 1 41 0 221 222 1549
2006 2 3 1 41 0 1549 1542 1363
2007 2 3 1 41 0 1456 100 101
2008 2 3 1 41 0 696 1456 1294
2009 2 3 1 41 0 112 113 1684
2010 2 3 1 41 0 697 1465 1684
2011 2 3 1 41 0 608 974 1886
2012 2 3 1 41 0 608 1886 1903
2013 2 3 1 41 0 803 805 1886
2014 2 3 1 41 0 1903 1886 805
2015 2 3 1 41 0 1570 254 255
2016 2 3 1 41 0 754 1570 1395
2017 2 3 1 41 0 253 254 1570
2018 2 3 1 41 0 754 1318 1570
2019 2 3 1 41 0 1645 256 257
2020 2 3 1 41 0 1645 1312 801
2021 2 3 1 41 0 245 246 1607
2022 2 3 1 41 0 1607 1335 245
2023 2 3 1 41 0 680 1335 1607
2024 2 3 1 41 0 1873 103 104
2025 2 3 1 41 0 1873 1326 894
2026 2 3 1 41 0 92 93 1867
2027 2 3 1 41 0 1529 1759 709
2028 2 3 1 41 0 1759 247 248
2029 2 3 1 41 0 248 1524 1759
2030 2 3 1 41 0 1556 709 1759
2031 2 3 1 41 0 1556 1759 1524
2032 2 3 1 41 0 60 61 1895
2033 2 3 1 41 0 834 912 1895
2034 2 3 1 41 0 1686 1689 499
2035 2 3 1 41 0 1686 782 714
2036 2 3 1 41 0 1689 1686 714
2037 2 3 1 41 0 841 1371 1840
2038 2 3 1 41 0 1840 752 841
2039 2 3 1 41 0 312 311 1634
2040 2 3 1 41 0 1634 1000 312
2041 2 3 1 41 0 771 1000 1634
2042 2 3 1 41 0 1785 1574 470
2043 2 3 1 41 0 777 1574 1785
2044 2 3 1 41 0 499 1427 1686
2045 2 3 1 41 0 1714 890 427
2046 2 3 1 41 0 427 970 1714
2047 2 3 1 41 0 819 835 1691
2048 2 3 1 41 0 1691 835 1021
2049 2 3 1 41 0 1021 470 1691
2050 2 3 1 41 0 495 1311 1728
2051 2 3 1 41 0 1516 718 1728
2052 2 3 1 41 0 1516 1728 1311
2053 2 3 1 41 0 1711 330 331
2054 2 3 1 41 0 331 598 1711
2055 2 3 1 41 0 813 330 1711
2056 2 3 1 41 0 1664 1574 699
2057 2 3 1 41 0 966 1574 1664
2058 2 3 1 41 0 1664 502 966
2059 2 3 1 41 0 56 1838 55
2060 2 3 1 41 0 618 1838 56
2061 2 3 1 41 0 40 39 1737
2062 2 3 1 41 0 982 40 1737
2063 2 3 1 41 0 1101 628 1096
2064 2 3 1 41 0 633 1096 1091
2065 2 3 1 41 0 1101 1096 633
2066 2 3 1 41 0 523 750 1820
2067 2 3 1 41 0 874 983 1820
2068 2 3 1 41 0 1820 750 874
2069 2 3 1 41 0 81 1227 80
2070 2 3 1 41 0 79 80 950
2071 2 3 1 41 0 1433 950 80
2072 2 3 1 41 0 1227 1433 80
2073 2 3 1 41 0 1826 984 875
2074 2 3 1 41 0 1624 970 425
2075 2 3 1 41 0 526 881 1575
2076 2 3 1 41 0 1665 852 1865
2077 2 3 1 41 0 1632 852 1665
2078 2 3 1 41 0 1687 99 100
2079 2 3 1 41 0 714 782 1687
2080 2 3 1 41 0 714 1687 1705
2081 2 3 1 41 0 1859 583 851
2082 2 3 1 41 0 1859 1729 963
2083 2 3 1 41 0 601 862 1544
2084 2 3 1 41 0 1442 601 1544
2085 2 3 1 41 0 679 1401 1544
2086 2 3 1 41 0 1401 1442 1544
2087 2 3 1 41 0 684 695 1762
2088 2 3 1 41 0 1768 694 685
2089 2 3 1 41 0 273 1567 272
2090 2 3 1 41 0 738 752 1840
2091 2 3 1 41 0 844 738 1840
2092 2 3 1 41 0 470 966 1691
2093 2 3 1 41 0 762 819 1691
2094 2 3 1 41 0 762 1691 1864
2095 2 3 1 41 0 1864 1691 966
2096 2 3 1 41 0 1214 1389 1295
2097 2 3 1 41 0 735 1554 1667
2098 2 3 1 41 0 1667 1554 830
2099 2 3 1 41 0 830 468 1667
2100 2 3 1 41 0 1809 1371 758
2101 2 3 1 41 0 758 866 1809
2102 2 3 1 41 0 415 1613 1734
2103 2 3 1 41 0 1613 1804 1734
2104 2 3 1 41 0 850 1445 225
2105 2 3 1 41 0 1493 1254 757
2106 2 3 1 41 0 1062 1254 1493
2107 2 3 1 41 0 1493 475 1062
2108 2 3 1 41 0 681 689 1205
2109 2 3 1 41 0 1689 1255 495
2110 2 3 1 41 0 714 1255 1689
2111 2 3 1 41 0 527 1399 1481
2112 2 3 1 41 0 717 1481 1399
2113 2 3 1 41 0 819 762 1515
2114 2 3 1 41 0 1515 1690 819
2115 2 3 1 41 0 472 1515 1882
2116 2 3 1 41 0 1515 472 1690
2117 2 3 1 41 0 1781 854 422
2118 2 3 1 41 0 1781 422 1796
2119 2 3 1 41 0 1781 1796 1617
2120 2 3 1 41 0 1866 627 435
2121 2 3 1 41 0 435 836 1866
2122 2 3 1 41 0 1588 807 858
2123 2 3 1 41 0 491 944 1753
2124 2 3 1 41 0 1753 663 1589
2125 2 3 1 41 0 861 811 1585
2126 2 3 1 41 0 1640 1302 1407
2127 2 3 1 41 0 1701 1640 1407
2128 2 3 1 41 0 1701 1098 1640
2129 2 3 1 41 0 876 1677 1755
2130 2 3 1 41 0 1755 1677 976
2131 2 3 1 41 0 1845 1427 793
2132 2 3 1 41 0 1855 419 820
2133 2 3 1 41 0 857 1460 1810
2134 2 3 1 41 0 1810 240 857
2135 2 3 1 41 0 1481 1810 1460
2136 2 3 1 41 0 1700 107 108
2137 2 3 1 41 0 1700 730 779
2138 2 3 1 41 0 565 930 1870
2139 2 3 1 41 0 1870 913 565
2140 2 3 1 41 0 1065 447 1074
2141 2 3 1 41 0 447 1065 1116
2142 2 3 1 41 0 1065 886 1116
2143 2 3 1 41 0 412 1204 1412
2144 2 3 1 41 0 1412 1204 710
2145 2 3 1 41 0 710 735 1412
2146 2 3 1 41 0 974 608 1530
2147 2 3 1 41 0 701 1741 1696
2148 2 3 1 41 0 1741 563 926
2149 2 3 1 41 0 1688 1746 703
2150 2 3 1 41 0 927 564 1746
2151 2 3 1 41 0 1772 905 560
2152 2 3 1 41 0 1041 1072 1071
2153 2 3 1 41 0 1072 1041 1068
2154 2 3 1 41 0 1842 1479 736
2155 2 3 1 41 0 1842 1831 1479
2156 2 3 1 41 0 679 1544 1522
2157 2 3 1 41 0 1107 1099 443
2158 2 3 1 41 0 1099 1048 443
2159 2 3 1 41 0 1842 1027 484
2160 2 3 1 41 0 484 1410 1842
2161 2 3 1 41 0 1410 1884 1842
2162 2 3 1 41 0 935 477 1872
2163 2 3 1 41 0 963 1026 1859
2164 2 3 1 41 0 1859 1026 972
2165 2 3 1 41 0 972 583 1859
2166 2 3 1 41 0 1566 482 1847
2167 2 3 1 41 0 719 1379 1847
2168 2 3 1 41 0 1566 1847 1379
2169 2 3 1 41 0 1890 426 1031
2170 2 3 1 41 0 1868 1890 1031
2171 2 3 1 41 0 741 675 1751
2172 2 3 1 41 0 741 1751 1718
2173 2 3 1 41 0 1745 1751 767
2174 2 3 1 41 0 1751 1745 1718
2175 2 3 1 41 0 1333 513 1756
2176 2 3 1 41 0 744 1256 1756
2177 2 3 1 41 0 1756 870 744
2178 2 3 1 41 0 1333 1756 1256
2179 2 3 1 41 0 282 464 628
2180 2 3 1 41 0 1829 1044 423
2181 2 3 1 41 0 423 972 1829
2182 2 3 1 41 0 424 1044 1829
2183 2 3 1 41 0 1712 419 802
2184 2 3 1 41 0 1712 802 1613
2185 2 3 1 41 0 1712 1613 1441
2186 2 3 1 41 0 1865 852 590
2187 2 3 1 41 0 675 1798 1633
2188 2 3 1 41 0 1798 510 788
2189 2 3 1 41 0 1724 1798 788
2190 2 3 1 41 0 1798 1724 1633
2191 2 3 1 41 0 1744 947 526
2192 2 3 1 41 0 526 1575 1744
2193 2 3 1 41 0 1152 1603 1127
2194 2 3 1 41 0 630 463 20
2195 2 3 1 41 0 20 21 630
2196 2 3 1 41 0 209 462 629
2197 2 3 1 41 0 629 208 209
2198 2 3 1 41 0 421 1646 1572
2199 2 3 1 41 0 1646 762 756
2200 2 3 1 41 0 1765 1646 756
2201 2 3 1 41 0 1646 1765 1572
2202 2 3 1 41 0 1765 1673 706
2203 2 3 1 41 0 1673 1765 1641
2204 2 3 1 41 0 63 1078 1874
2205 2 3 1 41 0 329 1384 328
2206 2 3 1 41 0 328 1384 1029
2207 2 3 1 41 0 1739 1004 562
2208 2 3 1 41 0 855 1004 1739
2209 2 3 1 41 0 1552 1534 717
2210 2 3 1 41 0 878 1801 442
2211 2 3 1 41 0 442 1801 897
2212 2 3 1 41 0 1806 1801 533
2213 2 3 1 41 0 897 1801 1806
2214 2 3 1 41 0 899 578 1833
2215 2 3 1 41 0 1833 900 899
2216 2 3 1 41 0 789 1499 1699
2217 2 3 1 41 0 1699 416 789
2218 2 3 1 41 0 1499 1675 1699
2219 2 3 1 41 0 1846 1281 881
2220 2 3 1 41 0 474 1361 1749
2221 2 3 1 41 0 1617 1105 1749
2222 2 3 1 41 0 1617 1749 1361
2223 2 3 1 41 0 1771 509 1387
2224 2 3 1 41 0 1771 1375 671
2225 2 3 1 41 0 671 772 1771
2226 2 3 1 41 0 1375 1771 1387
2227 2 3 1 41 0 1811 845 514
2228 2 3 1 41 0 514 1420 1811
2229 2 3 1 41 0 1821 842 502
2230 2 3 1 41 0 1821 720 698
2231 2 3 1 41 0 1581 1821 698
2232 2 3 1 41 0 842 1821 1581
2233 2 3 1 41 0 1809 866 792
2234 2 3 1 41 0 1630 1809 792
2235 2 3 1 41 0 1568 1477 503
2236 2 3 1 41 0 712 758 1477
2237 2 3 1 41 0 712 1477 1598
2238 2 3 1 41 0 1568 1598 1477
2239 2 3 1 41 0 251 1367 250
2240 2 3 1 41 0 948 1367 251
2241 2 3 1 41 0 1855 1601 419
2242 2 3 1 41 0 437 760 1905
2243 2 3 1 41 0 437 1905 1800
2244 2 3 1 41 0 515 739 1905
2245 2 3 1 41 0 1800 1905 739
2246 2 3 1 41 0 1799 1595 904
2247 2 3 1 41 0 1083 24 25
2248 2 3 1 41 0 1083 599 460
2249 2 3 1 41 0 25 1051 1083
2250 2 3 1 41 0 1051 599 1083
2251 2 3 1 41 0 658 1532 1329
2252 2 3 1 41 0 822 606 1897
2253 2 3 1 41 0 1897 864 822
2254 2 3 1 41 0 848 864 1897
2255 2 3 1 41 0 1425 818 1537
2256 2 3 1 41 0 830 1331 1537
2257 2 3 1 41 0 1537 468 830
2258 2 3 1 41 0 1331 1425 1537
2259 2 3 1 41 0 36 35 1084
2260 2 3 1 41 0 461 600 1084
2261 2 3 1 41 0 1084 1052 36
2262 2 3 1 41 0 1084 600 1052
2263 2 3 1 41 0 1769 904 919
2264 2 3 1 41 0 904 1769 1799
2265 2 3 1 41 0 925 1368 1839
2266 2 3 1 41 0 1841 438 1839
2267 2 3 1 41 0 1430 1839 1368
2268 2 3 1 41 0 748 505 1548
2269 2 3 1 41 0 748 1548 1495
2270 2 3 1 41 0 1548 1758 1495
2271 2 3 1 41 0 1038 902 1538
2272 2 3 1 41 0 1538 277 1038
2273 2 3 1 41 0 677 1473 1433
2274 2 3 1 41 0 1780 1473 677
2275 2 3 1 41 0 868 1473 1780
2276 2 3 1 41 0 954 822 997
2277 2 3 1 41 0 954 872 977
2278 2 3 1 41 0 997 872 954
2279 2 3 1 41 0 1791 1398 484
2280 2 3 1 41 0 1424 749 779
2281 2 3 1 41 0 1891 1424 779
2282 2 3 1 41 0 1837 845 432
2283 2 3 1 41 0 780 845 1837
2284 2 3 1 41 0 529 1526 1716
2285 2 3 1 41 0 770 785 1716
2286 2 3 1 41 0 1882 1892 472
2287 2 3 1 41 0 477 1892 1872
2288 2 3 1 41 0 1872 1892 1882
2289 2 3 1 41 0 1879 1476 797
2290 2 3 1 41 0 797 540 1879
2291 2 3 1 41 0 1476 1879 1666
2292 2 3 1 41 0 702 1747 1385
2293 2 3 1 41 0 1434 1747 728
2294 2 3 1 41 0 1747 1434 1385
2295 2 3 1 41 0 1836 1672 760
2296 2 3 1 41 0 1836 763 825
2297 2 3 1 41 0 1836 825 1837
2298 2 3 1 41 0 1836 1837 1672
2299 2 3 1 41 0 699 777 1657
2300 2 3 1 41 0 1657 1448 699
2301 2 3 1 41 0 1657 790 1496
2302 2 3 1 41 0 1657 1496 1448
2303 2 3 1 41 0 1670 514 506
2304 2 3 1 41 0 1610 1670 506
2305 2 3 1 41 0 1848 783 729
2306 2 3 1 41 0 1743 1848 729
2307 2 3 1 41 0 829 1848 1743
2308 2 3 1 41 0 1421 816 500
2309 2 3 1 41 0 1421 500 1888
2310 2 3 1 41 0 1421 1249 894
2311 2 3 1 41 0 1421 1888 1249
2312 2 3 1 41 0 1775 1807 733
2313 2 3 1 41 0 838 770 1807
2314 2 3 1 41 0 838 1807 1894
2315 2 3 1 41 0 1807 1775 1894
2316 2 3 1 41 0 729 783 1834
2317 2 3 1 41 0 1638 729 1834
2318 2 3 1 41 0 765 1506 1834
2319 2 3 1 41 0 1638 1834 1506
2320 2 3 1 41 0 1528 933 546
2321 2 3 1 41 0 684 1528 1827
2322 2 3 1 41 0 1762 1528 684
2323 2 3 1 41 0 933 1528 1762
2324 2 3 1 41 0 547 932 1527
2325 2 3 1 41 0 1824 1527 685
2326 2 3 1 41 0 685 1527 1768
2327 2 3 1 41 0 1768 1527 932
2328 2 3 1 41 0 652 1447 1425
2329 2 3 1 41 0 1447 678 821
2330 2 3 1 41 0 1447 821 496
2331 2 3 1 41 0 1861 1483 516
2332 2 3 1 41 0 1861 866 712
2333 2 3 1 41 0 1861 712 1815
2334 2 3 1 41 0 1861 1815 1483
2335 2 3 1 41 0 1436 909 482
2336 2 3 1 41 0 1566 1436 482
2337 2 3 1 41 0 692 1436 1372
2338 2 3 1 41 0 1436 1566 1372
2339 2 3 1 41 0 1863 510 506
2340 2 3 1 41 0 1863 846 868
2341 2 3 1 41 0 868 1731 1863
2342 2 3 1 41 0 1731 510 1863
2343 2 3 1 41 0 967 999 1776
2344 2 3 1 41 0 999 1828 1776
2345 2 3 1 41 0 871 1463 1869
2346 2 3 1 41 0 1463 871 1744
2347 2 3 1 41 0 1463 1744 1575
2348 2 3 1 41 0 1588 1386 703
2349 2 3 1 41 0 703 807 1588
2350 2 3 1 41 0 1588 1597 1386
2351 2 3 1 41 0 490 1001 1459
2352 2 3 1 41 0 1459 787 490
2353 2 3 1 41 0 701 1382 1585
2354 2 3 1 41 0 1585 811 701
2355 2 3 1 41 0 1382 1602 1585
2356 2 3 1 41 0 698 720 1889
2357 2 3 1 41 0 1889 1478 698
2358 2 3 1 41 0 1889 715 1562
2359 2 3 1 41 0 1478 1889 1562
2360 2 3 1 41 0 285 284 1457
2361 2 3 1 41 0 635 989 1457
2362 2 3 1 41 0 285 1457 989
2363 2 3 1 41 0 1458 353 352
2364 2 3 1 41 0 1458 988 636
2365 2 3 1 41 0 988 1458 352
2366 2 3 1 41 0 1783 725 774
2367 2 3 1 41 0 1718 1783 774
2368 2 3 1 41 0 1783 488 809
2369 2 3 1 41 0 488 1783 1718
2370 2 3 1 41 0 986 543 1592
2371 2 3 1 41 0 1592 695 684
2372 2 3 1 41 0 684 1325 1592
2373 2 3 1 41 0 1592 1325 986
2374 2 3 1 41 0 511 1562 1814
2375 2 3 1 41 0 1658 773 1814
2376 2 3 1 41 0 1562 1658 1814
2377 2 3 1 41 0 1710 72 73
2378 2 3 1 41 0 73 824 1710
2379 2 3 1 41 0 891 1793 1710
2380 2 3 1 41 0 1793 72 1710
2381 2 3 1 41 0 1658 1474 773
2382 2 3 1 41 0 773 1474 1862
2383 2 3 1 41 0 818 1474 1390
2384 2 3 1 41 0 1474 1658 1390
2385 2 3 1 41 0 1591 542 985
2386 2 3 1 41 0 685 694 1591
2387 2 3 1 41 0 1591 1324 685
2388 2 3 1 41 0 985 1324 1591
2389 2 3 1 41 0 1709 816 491
2390 2 3 1 41 0 1753 1709 491
2391 2 3 1 41 0 1753 1589 1709
2392 2 3 1 41 0 1823 824 1792
2393 2 3 1 41 0 1823 1761 1045
2394 2 3 1 41 0 573 1087 978
2395 2 3 1 41 0 1113 978 1087
2396 2 3 1 41 0 891 1055 1793
2397 2 3 1 41 0 1793 1055 1018
2398 2 3 1 41 0 1018 71 1793
2399 2 3 1 41 0 978 990 958
2400 2 3 1 41 0 1113 990 978
2401 2 3 1 41 0 560 905 1896
2402 2 3 1 41 0 1896 905 831
2403 2 3 1 41 0 831 896 1896
2404 2 3 1 41 0 1614 1511 478
2405 2 3 1 41 0 478 1511 1860
2406 2 3 1 41 0 1511 1614 1536
2407 2 3 1 41 0 1069 1066 448
2408 2 3 1 41 0 1076 448 1066
2409 2 3 1 41 0 1047 889 1066
2410 2 3 1 41 0 1047 1066 1069
2411 2 3 1 41 0 1475 1489 602
2412 2 3 1 41 0 602 1489 1755
2413 2 3 1 41 0 686 1489 1525
2414 2 3 1 41 0 1475 1525 1489
2415 2 3 1 41 0 721 1398 1818
2416 2 3 1 41 0 721 1818 1902
2417 2 3 1 41 0 536 1663 1423
2418 2 3 1 41 0 1663 1675 1423
2419 2 3 1 41 0 1866 911 1030
2420 2 3 1 41 0 1030 627 1866
2421 2 3 1 41 0 1866 1825 911
2422 2 3 1 41 0 972 423 1868
2423 2 3 1 41 0 1868 583 972
2424 2 3 1 41 0 1782 1868 1031
2425 2 3 1 41 0 1782 583 1868
2426 2 3 1 41 0 963 1039 430
2427 2 3 1 41 0 951 1039 626
2428 2 3 1 41 0 626 1039 1729
2429 2 3 1 41 0 1729 1039 963
2430 2 3 1 41 0 476 815 1733
2431 2 3 1 41 0 436 792 1764
2432 2 3 1 41 0 1764 867 436
2433 2 3 1 41 0 516 867 1764
2434 2 3 1 41 0 1619 487 1609
2435 2 3 1 41 0 1619 1332 941
2436 2 3 1 41 0 941 493 1619
2437 2 3 1 41 0 1619 1609 1332
2438 2 3 1 41 0 233 1853 232
2439 2 3 1 41 0 277 1538 276
2440 2 3 1 41 0 276 1538 884
2441 2 3 1 41 0 780 1876 1850
2442 2 3 1 41 0 1877 725 1559
2443 2 3 1 41 0 980 1877 1559
2444 2 3 1 41 0 1763 489 1843
2445 2 3 1 41 0 1763 1843 1001
2446 2 3 1 41 0 430 814 1766
2447 2 3 1 41 0 430 1766 1026
2448 2 3 1 41 0 62 63 1874
2449 2 3 1 41 0 62 1874 1059
2450 2 3 1 41 0 241 242 1464
2451 2 3 1 41 0 241 1464 857
2452 2 3 1 41 0 1679 311 310
2453 2 3 1 41 0 1104 1679 310
2454 2 3 1 41 0 1098 1626 1676
2455 2 3 1 41 0 1098 1676 1640
2456 2 3 1 41 0 1465 111 112
2457 2 3 1 41 0 1684 1465 112
2458 2 3 1 41 0 514 845 1850
2459 2 3 1 41 0 514 1850 1490
2460 2 3 1 41 0 281 282 628
2461 2 3 1 41 0 281 628 1498
2462 2 3 1 41 0 1911 1144 1132
2463 2 3 1 41 0 1132 1140 1911
2464 2 3 1 41 0 1914 1907 1121
2465 2 3 1 41 0 1124 1912 1916
2466 2 3 1 41 0 639 1909 1920
2467 2 3 1 41 0 1121 1907 1923
2468 2 3 1 41 0 1149 1915 1923
2469 2 3 1 41 0 1925 1909 639
2470 2 3 1 41 0 1926 1908 1123
2471 2 3 1 41 0 1187 1918 1927
2472 2 3 1 41 0 1928 1909 1122
2473 2 3 1 41 0 1930 1911 1140
2474 2 3 1 41 0 479 1911 1930
2475 2 3 1 41 0 1933 1927 1142
2476 2 3 1 41 0 1933 1929 1160
2477 2 3 1 41 0 1123 1908 1937
2478 2 3 1 41 0 1125 1915 1938
2479 2 3 1 41 0 1140 1133 1940
2480 2 3 1 41 0 1940 1930 1140
2481 2 3 1 41 0 1941 1915 1125
2482 2 3 1 41 0 1134 1921 1942
2483 2 3 1 41 0 1307 1917 1943
2484 2 3 1 41 0 646 1507 1944
2485 2 3 1 41 0 1122 1909 1945
2486 2 3 1 41 0 1945 1934 1122
2487 2 3 1 41 0 1946 1925 639
2488 2 3 1 41 0 1947 1914 1121
2489 2 3 1 41 0 1950 1921 480
2490 2 3 1 41 0 480 1929 1950
2491 2 3 1 41 0 1951 1940 1133
2492 2 3 1 41 0 1153 1940 1951
2493 2 3 1 41 0 1133 1946 1951
2494 2 3 1 41 0 1953 1931 1123
2495 2 3 1 41 0 1958 1147 1144
2496 2 3 1 41 0 1242 1147 1958
2497 2 3 1 41 0 644 1234 1959
2498 2 3 1 41 0 1960 1913 1126
2499 2 3 1 41 0 1960 1942 1142
2500 2 3 1 41 0 479 1930 1961
2501 2 3 1 41 0 1962 1505 647
2502 2 3 1 41 0 647 1931 1962
2503 2 3 1 41 0 643 1280 1963
2504 2 3 1 41 0 1963 1280 1185
2505 2 3 1 41 0 1230 1934 1964
2506 2 3 1 41 0 1966 1946 639
2507 2 3 1 41 0 1169 1186 1967
2508 2 3 1 41 0 1968 1278 1148
2509 2 3 1 41 0 1140 1132 1969
2510 2 3 1 41 0 1971 1288 538
2511 2 3 1 41 0 1972 688 1225
2512 2 3 1 41 0 1973 666 1184
2513 2 3 1 41 0 1206 666 1973
2514 2 3 1 41 0 1187 1927 1974
2515 2 3 1 41 0 1214 1295 1975
2516 2 3 1 41 0 1975 1291 1214
2517 2 3 1 41 0 1169 1967 1978
2518 2 3 1 41 0 1978 1166 1169
2519 2 3 1 41 0 1979 1298 1167
2520 2 3 1 41 0 1167 1175 1979
2521 2 3 1 41 0 539 1298 1979
2522 2 3 1 41 0 1980 1920 1129
2523 2 3 1 41 0 1980 1952 1145
2524 2 3 1 41 0 244 1335 1981
2525 2 3 1 41 0 1981 1335 1195
2526 2 3 1 41 0 1983 1912 1124
2527 2 3 1 41 0 1131 1912 1983
2528 2 3 1 41 0 1984 1217 538
2529 2 3 1 41 0 1984 1271 1154
2530 2 3 1 41 0 1986 1918 1187
2531 2 3 1 41 0 479 1961 1987
2532 2 3 1 41 0 1197 670 1988
2533 2 3 1 41 0 1989 1570 255
2534 2 3 1 41 0 1395 1570 1989
2535 2 3 1 41 0 1166 1978 1990
2536 2 3 1 41 0 1990 1965 1166
2537 2 3 1 41 0 1990 1978 1143
2538 2 3 1 41 0 1991 1147 1139
2539 2 3 1 41 0 1993 1147 665
2540 2 3 1 41 0 1139 1147 1993
2541 2 3 1 41 0 665 1346 1993
2542 2 3 1 41 0 1994 1961 1153
2543 2 3 1 41 0 1153 1966 1995
2544 2 3 1 41 0 1997 1447 496
2545 2 3 1 41 0 1425 1447 1997
2546 2 3 1 41 0 496 1474 1997
2547 2 3 1 41 0 1999 1964 1137
2548 2 3 1 41 0 2001 1952 1159
2549 2 3 1 41 0 2004 1224 672
2550 2 3 1 41 0 1341 651 2005
2551 2 3 1 41 0 1156 1155 2005
2552 2 3 1 41 0 1383 119 2008
2553 2 3 1 41 0 1631 1615 2008
2554 2 3 1 41 0 2008 119 1631
2555 2 3 1 41 0 2009 1910 1128
2556 2 3 1 41 0 2009 1977 1126
2557 2 3 1 41 0 1137 1925 2011
2558 2 3 1 41 0 1170 1278 2012
2559 2 3 1 41 0 2013 15 300
2560 2 3 1 41 0 1127 15 2013
2561 2 3 1 41 0 2015 650 1353
2562 2 3 1 41 0 2015 1158 1161
2563 2 3 1 41 0 1203 1259 2016
2564 2 3 1 41 0 705 1329 2017
2565 2 3 1 41 0 2017 1329 1532
2566 2 3 1 41 0 2018 1922 480
2567 2 3 1 41 0 480 1932 2018
2568 2 3 1 41 0 2020 1985 16
2569 2 3 1 41 0 2021 1304 641
2570 2 3 1 41 0 1171 1304 2021
2571 2 3 1 41 0 640 1257 2023
2572 2 3 1 41 0 2023 1257 1174
2573 2 3 1 41 0 1237 657 2024
2574 2 3 1 41 0 2024 657 1443
2575 2 3 1 41 0 1326 1873 2025
2576 2 3 1 41 0 2025 1873 104
2577 2 3 1 41 0 551 905 2026
2578 2 3 1 41 0 2026 905 1772
2579 2 3 1 41 0 2026 1411 551
2580 2 3 1 41 0 2028 1972 1307
2581 2 3 1 41 0 1307 1943 2028
2582 2 3 1 41 0 688 1972 2028
2583 2 3 1 41 0 1189 1243 2029
2584 2 3 1 41 0 2029 1223 1189
2585 2 3 1 41 0 1217 1150 2031
2586 2 3 1 41 0 1803 722 2032
2587 2 3 1 41 0 1530 608 2032
2588 2 3 1 41 0 2033 1575 656
2589 2 3 1 41 0 1463 1575 2033
2590 2 3 1 41 0 656 2001 2033
2591 2 3 1 41 0 1225 697 2034
2592 2 3 1 41 0 2034 697 1684
2593 2 3 1 41 0 1155 1158 2035
2594 2 3 1 41 0 2036 100 1456
2595 2 3 1 41 0 2036 1705 1687
2596 2 3 1 41 0 1687 100 2036
2597 2 3 1 41 0 2038 1146 1260
2598 2 3 1 41 0 672 1275 2039
2599 2 3 1 41 0 2040 894 1294
2600 2 3 1 41 0 1873 894 2040
2601 2 3 1 41 0 2043 1718 774
2602 2 3 1 41 0 774 1670 2043
2603 2 3 1 41 0 741 1718 2043
2604 2 3 1 41 0 2045 1301 1172
2605 2 3 1 41 0 1172 1279 2045
2606 2 3 1 41 0 2046 1151 1218
2607 2 3 1 41 0 1228 1146 2048
2608 2 3 1 41 0 2051 1629 1624
2609 2 3 1 41 0 1781 1629 2051
2610 2 3 1 41 0 2052 646 1230
2611 2 3 1 41 0 2052 1163 1238
2612 2 3 1 41 0 1159 1952 2053
2613 2 3 1 41 0 1129 1985 2053
2614 2 3 1 41 0 645 1221 2054
2615 2 3 1 41 0 2054 1221 1228
2616 2 3 1 41 0 2054 2007 645
2617 2 3 1 41 0 1125 1938 2055
2618 2 3 1 41 0 1471 504 2057
2619 2 3 1 41 0 2058 652 1244
2620 2 3 1 41 0 1447 652 2058
2621 2 3 1 41 0 2059 2001 1159
2622 2 3 1 41 0 1313 676 2060
2623 2 3 1 41 0 2060 676 1740
2624 2 3 1 41 0 1162 1200 2063
2625 2 3 1 41 0 1181 1219 2064
2626 2 3 1 41 0 1530 723 2065
2627 2 3 1 41 0 2066 658 1348
2628 2 3 1 41 0 1532 658 2066
2629 2 3 1 41 0 1443 657 2069
2630 2 3 1 41 0 2071 770 1716
2631 2 3 1 41 0 1807 770 2071
2632 2 3 1 41 0 1716 1526 2071
2633 2 3 1 41 0 2072 1814 1650
2634 2 3 1 41 0 2074 1191 637
2635 2 3 1 41 0 2075 1966 639
2636 2 3 1 41 0 2077 476 1733
2637 2 3 1 41 0 2077 772 473
2638 2 3 1 41 0 2078 1275 655
2639 2 3 1 41 0 2079 850 226
2640 2 3 1 41 0 1316 850 2079
2641 2 3 1 41 0 2080 730 1700
2642 2 3 1 41 0 2080 109 920
2643 2 3 1 41 0 573 913 2081
2644 2 3 1 41 0 2081 991 573
2645 2 3 1 41 0 2082 1399 527
2646 2 3 1 41 0 842 1399 2082
2647 2 3 1 41 0 527 1673 2082
2648 2 3 1 41 0 443 1048 2083
2649 2 3 1 41 0 2083 1048 1004
2650 2 3 1 41 0 1145 1952 2085
2651 2 3 1 41 0 1229 647 2086
2652 2 3 1 41 0 1239 1162 2086
2653 2 3 1 41 0 2088 878 553
2654 2 3 1 41 0 1801 878 2088
2655 2 3 1 41 0 553 1050 2088
2656 2 3 1 41 0 1872 1844 2090
2657 2 3 1 41 0 2090 935 1872
2658 2 3 1 41 0 2092 441 919
2659 2 3 1 41 0 2092 904 923
2660 2 3 1 41 0 923 441 2092
2661 2 3 1 41 0 919 904 2092
2662 2 3 1 41 0 2093 1232 1183
2663 2 3 1 41 0 2094 501 1157
2664 2 3 1 41 0 2094 1988 1205
2665 2 3 1 41 0 1230 1964 2095
2666 2 3 1 41 0 274 275 2096
2667 2 3 1 41 0 1595 1799 2096
2668 2 3 1 41 0 253 1570 2097
2669 2 3 1 41 0 2097 1570 1318
2670 2 3 1 41 0 776 494 2100
2671 2 3 1 41 0 2103 1453 1345
2672 2 3 1 41 0 1345 501 2103
2673 2 3 1 41 0 2104 91 92
2674 2 3 1 41 0 2107 1337 769
2675 2 3 1 41 0 2107 870 1756
2676 2 3 1 41 0 1756 1337 2107
2677 2 3 1 41 0 769 870 2107
2678 2 3 1 41 0 2108 1353 638
2679 2 3 1 41 0 2109 682 1290
2680 2 3 1 41 0 2109 1917 1383
2681 2 3 1 41 0 1383 682 2109
2682 2 3 1 41 0 1145 2037 2110
2683 2 3 1 41 0 2112 2004 672
2684 2 3 1 41 0 649 1232 2114
2685 2 3 1 41 0 2114 1359 649
2686 2 3 1 41 0 2115 1320 723
2687 2 3 1 41 0 723 1530 2115
2688 2 3 1 41 0 1234 1977 2116
2689 2 3 1 41 0 295 294 2118
2690 2 3 1 41 0 2119 1484 644
2691 2 3 1 41 0 1266 1484 2119
2692 2 3 1 41 0 1165 519 2120
2693 2 3 1 41 0 1488 1240 2120
2694 2 3 1 41 0 2120 519 1488
2695 2 3 1 41 0 2122 278 279
2696 2 3 1 41 0 2122 1063 1038
2697 2 3 1 41 0 1038 278 2122
2698 2 3 1 41 0 641 1233 2123
2699 2 3 1 41 0 2124 1261 467
2700 2 3 1 41 0 2124 1273 1196
2701 2 3 1 41 0 1196 1261 2124
2702 2 3 1 41 0 2126 94 1561
2703 2 3 1 41 0 1561 1364 2126
2704 2 3 1 41 0 2127 121 1351
2705 2 3 1 41 0 2127 661 1631
2706 2 3 1 41 0 1351 661 2127
2707 2 3 1 41 0 593 987 2128
2708 2 3 1 41 0 840 919 2128
2709 2 3 1 41 0 2128 987 840
2710 2 3 1 41 0 2128 919 593
2711 2 3 1 41 0 1044 617 2130
2712 2 3 1 41 0 2130 423 1044
2713 2 3 1 41 0 2132 1875 780
2714 2 3 1 41 0 2132 1837 825
2715 2 3 1 41 0 780 1837 2132
2716 2 3 1 41 0 1134 1942 2133
2717 2 3 1 41 0 90 91 2135
2718 2 3 1 41 0 1082 27 2136
2719 2 3 1 41 0 2136 1786 1082
2720 2 3 1 41 0 2137 871 903
2721 2 3 1 41 0 2137 947 1744
2722 2 3 1 41 0 1744 871 2137
2723 2 3 1 41 0 903 947 2137
2724 2 3 1 41 0 2138 1178 688
2725 2 3 1 41 0 2138 1943 1290
2726 2 3 1 41 0 1290 1178 2138
2727 2 3 1 41 0 1515 762 2140
2728 2 3 1 41 0 1646 1844 2140
2729 2 3 1 41 0 2140 762 1646
2730 2 3 1 41 0 708 498 2141
2731 2 3 1 41 0 1509 1522 2142
2732 2 3 1 41 0 2142 1522 1544
2733 2 3 1 41 0 2143 1258 1298
2734 2 3 1 41 0 1298 539 2143
2735 2 3 1 41 0 1259 1258 2143
2736 2 3 1 41 0 707 1623 2145
2737 2 3 1 41 0 2146 731 1439
2738 2 3 1 41 0 1734 731 2146
2739 2 3 1 41 0 1439 1268 2146
2740 2 3 1 41 0 900 440 2147
2741 2 3 1 41 0 2147 798 900
2742 2 3 1 41 0 2147 440 631
2743 2 3 1 41 0 2150 2111 1233
2744 2 3 1 41 0 1233 1520 2150
2745 2 3 1 41 0 887 1648 2151
2746 2 3 1 41 0 1207 726 2153
2747 2 3 1 41 0 2153 726 1288
2748 2 3 1 41 0 2153 1164 1207
2749 2 3 1 41 0 2156 1308 1198
2750 2 3 1 41 0 1626 2106 2157
2751 2 3 1 41 0 1186 1169 2158
2752 2 3 1 41 0 2159 1427 1845
2753 2 3 1 41 0 1686 1427 2159
2754 2 3 1 41 0 2160 38 1081
2755 2 3 1 41 0 1081 1797 2160
2756 2 3 1 41 0 2161 1289 722
2757 2 3 1 41 0 722 1803 2161
2758 2 3 1 41 0 2162 936 473
2759 2 3 1 41 0 2164 1469 664
2760 2 3 1 41 0 1194 1469 2164
2761 2 3 1 41 0 1329 705 2166
2762 2 3 1 41 0 2166 705 1663
2763 2 3 1 41 0 821 232 2167
2764 2 3 1 41 0 1853 496 2167
2765 2 3 1 41 0 2167 232 1853
2766 2 3 1 41 0 2167 496 821
2767 2 3 1 41 0 471 1053 2169
2768 2 3 1 41 0 2169 1486 471
2769 2 3 1 41 0 2170 938 1527
2770 2 3 1 41 0 614 938 2170
2771 2 3 1 41 0 531 990 2171
2772 2 3 1 41 0 837 947 2171
2773 2 3 1 41 0 2171 990 837
2774 2 3 1 41 0 2171 947 531
2775 2 3 1 41 0 2172 29 981
2776 2 3 1 41 0 2173 792 436
2777 2 3 1 41 0 1528 939 2177
2778 2 3 1 41 0 2177 939 615
2779 2 3 1 41 0 2178 1389 1214
2780 2 3 1 41 0 1214 519 2178
2781 2 3 1 41 0 216 217 2182
2782 2 3 1 41 0 1197 1988 2183
2783 2 3 1 41 0 2184 434 626
2784 2 3 1 41 0 626 804 2184
2785 2 3 1 41 0 2077 473 1583
2786 2 3 1 41 0 476 2077 1583
2787 2 3 1 41 0 2069 657 1315
2788 2 3 1 41 0 1901 434 2184
2789 2 3 1 41 0 2147 631 1901
2790 2 3 1 41 0 798 2147 1901
2791 2 3 1 41 0 2130 617 1060
2792 2 3 1 41 0 483 730 2080
2793 2 3 1 41 0 483 2080 920
2794 2 3 1 41 0 2090 873 1620
2795 2 3 1 41 0 935 2090 1620
2796 2 3 1 41 0 2122 279 610
2797 2 3 1 41 0 1063 2122 610
2798 2 3 1 41 0 2038 2048 1146
2799 2 3 1 41 0 2005 651 1264
2800 2 3 1 41 0 1156 2005 1264
2801 2 3 1 41 0 1270 650 2015
2802 2 3 1 41 0 1270 2015 1161
2803 2 3 1 41 0 2103 501 2094
2804 2 3 1 41 0 1205 2103 2094
2805 2 3 1 41 0 2093 645 2007
2806 2 3 1 41 0 1232 2093 2007
2807 2 3 1 41 0 2007 2114 1232
2808 2 3 1 41 0 1452 646 2052
2809 2 3 1 41 0 1452 2052 1238
2810 2 3 1 41 0 2086 647 1450
2811 2 3 1 41 0 1239 2086 1450
2812 2 3 1 41 0 2143 539 2016
2813 2 3 1 41 0 1259 2143 2016
2814 2 3 1 41 0 1984 538 1226
2815 2 3 1 41 0 1271 1984 1226
2816 2 3 1 41 0 2124 467 1470
2817 2 3 1 41 0 1273 2124 1470
2818 2 3 1 41 0 1968 2012 1278
2819 2 3 1 41 0 1971 1164 2153
2820 2 3 1 41 0 1971 2153 1288
2821 2 3 1 41 0 2135 91 2104
2822 2 3 1 41 0 1313 2135 2104
2823 2 3 1 41 0 2158 1169 2010
2824 2 3 1 41 0 1346 2158 2010
2825 2 3 1 41 0 2108 1158 2015
2826 2 3 1 41 0 1353 2108 2015
2827 2 3 1 41 0 2103 1205 689
2828 2 3 1 41 0 1453 2103 689
2829 2 3 1 41 0 2057 1281 1576
2830 2 3 1 41 0 1471 2057 1576
2831 2 3 1 41 0 1824 2170 1527
2832 2 3 1 41 0 1528 2177 1827
2833 2 3 1 41 0 1257 1188 2145
2834 2 3 1 41 0 1257 2145 1623
2835 2 3 1 41 0 2088 1050 533
2836 2 3 1 41 0 1801 2088 533
2837 2 3 1 41 0 2132 825 887
2838 2 3 1 41 0 1875 2132 887
2839 2 3 1 41 0 2151 1648 824
2840 2 3 1 41 0 1823 2151 824
2841 2 3 1 41 0 1949 2179 1206
2842 2 3 1 41 0 2036 1456 696
2843 2 3 1 41 0 1705 2036 696
2844 2 3 1 41 0 682 1383 2008
2845 2 3 1 41 0 682 2008 1615
2846 2 3 1 41 0 818 1425 1997
2847 2 3 1 41 0 818 1997 1474
2848 2 3 1 41 0 28 29 2172
2849 2 3 1 41 0 28 2172 1735
2850 2 3 1 41 0 2168 214 215
2851 2 3 1 41 0 1616 2168 215
2852 2 3 1 41 0 120 121 2127
2853 2 3 1 41 0 120 2127 1631
2854 2 3 1 41 0 2025 104 105
2855 2 3 1 41 0 105 106 2181
2856 2 3 1 41 0 1989 255 256
2857 2 3 1 41 0 1645 1989 256
2858 2 3 1 41 0 93 94 2126
2859 2 3 1 41 0 93 2126 1867
2860 2 3 1 41 0 2126 1364 713
2861 2 3 1 41 0 1867 2126 713
2862 2 3 1 41 0 2032 722 2115
2863 2 3 1 41 0 2032 2115 1530
2864 2 3 1 41 0 1988 670 681
2865 2 3 1 41 0 1205 1988 681
2866 2 3 1 41 0 2032 608 969
2867 2 3 1 41 0 1803 2032 969
2868 2 3 1 41 0 1641 842 2082
2869 2 3 1 41 0 1641 2082 1673
2870 2 3 1 41 0 2146 1268 415
2871 2 3 1 41 0 1734 2146 415
2872 2 3 1 41 0 108 109 2080
2873 2 3 1 41 0 108 2080 1700
2874 2 3 1 41 0 421 873 2090
2875 2 3 1 41 0 421 2090 1844
2876 2 3 1 41 0 2096 275 884
2877 2 3 1 41 0 1595 2096 884
2878 2 3 1 41 0 1543 1411 2026
2879 2 3 1 41 0 2083 1004 1805
2880 2 3 1 41 0 2136 27 28
2881 2 3 1 41 0 1735 2136 28
2882 2 3 1 41 0 2136 1735 1117
2883 2 3 1 41 0 1786 2136 1117
2884 2 3 1 41 0 39 38 2160
2885 2 3 1 41 0 39 2160 1737
2886 2 3 1 41 0 1115 1737 2160
2887 2 3 1 41 0 1115 2160 1797
2888 2 3 1 41 0 1610 741 2043
2889 2 3 1 41 0 1610 2043 1670
2890 2 3 1 41 0 2115 722 1356
2891 2 3 1 41 0 1320 2115 1356
2892 2 3 1 41 0 2118 294 1467
2893 2 3 1 41 0 1277 2118 1467
2894 2 3 1 41 0 1926 1128 1910
2895 2 3 1 41 0 1908 1926 1910
2896 2 3 1 41 0 1921 1134 2174
2897 2 3 1 41 0 1937 1127 2013
2898 2 3 1 41 0 1925 1137 1945
2899 2 3 1 41 0 1925 1945 1909
2900 2 3 1 41 0 1928 1129 1920
2901 2 3 1 41 0 1909 1928 1920
2902 2 3 1 41 0 2009 1126 1913
2903 2 3 1 41 0 1910 2009 1913
2904 2 3 1 41 0 1982 1160 1929
2905 2 3 1 41 0 1912 1956 1916
2906 2 3 1 41 0 1960 1142 1935
2907 2 3 1 41 0 1913 1960 1935
2908 2 3 1 41 0 1947 1124 1916
2909 2 3 1 41 0 1914 1947 1916
2910 2 3 1 41 0 1941 1121 1923
2911 2 3 1 41 0 1915 1941 1923
2912 2 3 1 41 0 2109 1290 1943
2913 2 3 1 41 0 1917 2109 1943
2914 2 3 1 41 0 1935 1142 1927
2915 2 3 1 41 0 1918 1935 1927
2916 2 3 1 41 0 1970 1128 1926
2917 2 3 1 41 0 1130 1135 1924
2918 2 3 1 41 0 1950 1142 1942
2919 2 3 1 41 0 1921 1950 1942
2920 2 3 1 41 0 1946 1133 2011
2921 2 3 1 41 0 1946 2011 1925
2922 2 3 1 41 0 1933 1160 1974
2923 2 3 1 41 0 1933 1974 1927
2924 2 3 1 41 0 1933 1142 1950
2925 2 3 1 41 0 1933 1950 1929
2926 2 3 1 41 0 1940 1153 1961
2927 2 3 1 41 0 1940 1961 1930
2928 2 3 1 41 0 1953 1193 1962
2929 2 3 1 41 0 1953 1962 1931
2930 2 3 1 41 0 1934 1230 646
2931 2 3 1 41 0 1949 1206 2018
2932 2 3 1 41 0 1949 2018 1932
2933 2 3 1 41 0 1152 1127 1939
2934 2 3 1 41 0 1945 1137 1964
2935 2 3 1 41 0 1945 1964 1934
2936 2 3 1 41 0 1968 1148 2055
2937 2 3 1 41 0 1968 2055 1938
2938 2 3 1 41 0 1957 1134 2133
2939 2 3 1 41 0 1960 1126 2133
2940 2 3 1 41 0 1960 2133 1942
2941 2 3 1 41 0 2002 1197 2183
2942 2 3 1 41 0 2138 688 2028
2943 2 3 1 41 0 1943 2138 2028
2944 2 3 1 41 0 1966 1153 1951
2945 2 3 1 41 0 1946 1966 1951
2946 2 3 1 41 0 2001 656 2085
2947 2 3 1 41 0 2001 2085 1952
2948 2 3 1 41 0 1980 1129 2053
2949 2 3 1 41 0 1980 2053 1952
2950 2 3 1 41 0 1974 1160 2061
2951 2 3 1 41 0 2154 1327 2067
2952 2 3 1 41 0 1956 2154 2067
2953 2 3 1 41 0 1994 1222 1987
2954 2 3 1 41 0 1961 1994 1987
2955 2 3 1 41 0 1999 637 2095
2956 2 3 1 41 0 1999 2095 1964
2957 2 3 1 41 0 1966 2075 1995
2958 2 3 1 41 0 1969 1514 643
2959 2 3 1 41 0 2009 1128 2116
2960 2 3 1 41 0 2009 2116 1977
2961 2 3 1 41 0 2020 1159 2053
2962 2 3 1 41 0 2020 2053 1985
2963 2 3 1 41 0 2094 1157 2183
2964 2 3 1 41 0 2094 2183 1988
2965 2 3 1 41 0 747 705 2017
2966 2 3 1 41 0 2037 1145 2085
2967 2 3 1 41 0 2059 1463 2033
2968 2 3 1 41 0 2001 2059 2033
2969 2 3 1 41 0 2056 1170 2012
2970 2 3 1 41 0 2054 1228 2048
2971 2 3 1 41 0 2007 2054 2048
2972 2 3 1 41 0 2044 1240 2149
2973 2 3 1 41 0 2060 1740 1267
2974 2 3 1 41 0 2086 1162 2063
2975 2 3 1 41 0 2051 1624 425
2976 2 3 1 41 0 1342 776 2100
2977 2 3 1 41 0 1707 1296 2117
2978 2 3 1 41 0 2162 473 772
2979 2 3 1 41 0 827 1378 2106
2980 2 3 1 41 0 2145 1188 1173
2981 2 3 1 41 0 1378 1459 2157
2982 2 3 1 41 0 1378 2157 2106
2983 2 3 1 41 0 411 1509 2142
2984 2 3 1 41 0 2150 708 2141
2985 2 3 1 41 0 2111 2150 2141
2986 2 3 1 41 0 218 1357 2176
2987 2 3 1 41 0 2044 1165 2120
2988 2 3 1 41 0 1240 2044 2120
2989 2 3 1 41 0 2086 2063 1229
2990 2 3 1 41 0 1906 338 337
2991 2 3 1 41 0 1937 1919 1123
2992 2 3 1 41 0 1937 2013 1919
2993 2 3 1 41 0 1919 299 298
2994 2 3 1 41 0 1123 1919 1953
2995 2 3 1 41 0 234 235 2072
2996 2 3 1 41 0 337 16 1985
2997 2 3 1 41 0 1985 1906 337
2998 2 3 1 41 0 1985 1129 1928
2999 2 3 1 41 0 1906 1985 1928
3000 2 3 1 41 0 2084 660 1545
3001 2 3 1 41 0 2084 1246 1168
3002 2 3 1 41 0 1168 1213 2084
3003 2 3 1 41 0 1246 2084 1545
3004 2 3 1 41 0 1139 1993 2014
3005 2 3 1 41 0 2014 1993 1346
3006 2 3 1 41 0 2166 536 1284
3007 2 3 1 41 0 1284 1329 2166
3008 2 3 1 41 0 1663 536 2166
3009 2 3 1 41 0 1936 211 212
3010 2 3 1 41 0 2020 16 319
3011 2 3 1 41 0 2020 2059 1159
3012 2 3 1 41 0 124 125 1948
3013 2 3 1 41 0 1308 1954 2078
3014 2 3 1 41 0 2078 655 1308
3015 2 3 1 41 0 2070 1149 1923
3016 2 3 1 41 0 1907 2070 1923
3017 2 3 1 41 0 1243 1237 2024
3018 2 3 1 41 0 2024 2029 1243
3019 2 3 1 41 0 1805 440 1833
3020 2 3 1 41 0 2050 123 124
3021 2 3 1 41 0 2055 1148 2050
3022 2 3 1 41 0 122 123 2050
3023 2 3 1 41 0 2050 1351 122
3024 2 3 1 41 0 1148 1351 2050
3025 2 3 1 41 0 1914 2139 1907
3026 2 3 1 41 0 2142 862 411
3027 2 3 1 41 0 1544 862 2142
3028 2 3 1 41 0 2079 226 227
3029 2 3 1 41 0 227 1352 2079
3030 2 3 1 41 0 1316 2079 2129
3031 2 3 1 41 0 2129 2079 1352
3032 2 3 1 41 0 2097 948 252
3033 2 3 1 41 0 252 253 2097
3034 2 3 1 41 0 1318 948 2097
3035 2 3 1 41 0 2165 243 244
3036 2 3 1 41 0 1981 2165 244
3037 2 3 1 41 0 664 1460 2164
3038 2 3 1 41 0 1464 1194 2164
3039 2 3 1 41 0 2164 1460 1464
3040 2 3 1 41 0 2156 1998 648
3041 2 3 1 41 0 1179 1212 1998
3042 2 3 1 41 0 1998 1198 1179
3043 2 3 1 41 0 1198 1998 2156
3044 2 3 1 41 0 2181 779 749
3045 2 3 1 41 0 504 1224 2134
3046 2 3 1 41 0 2134 1235 504
3047 2 3 1 41 0 480 1922 1929
3048 2 3 1 41 0 1922 1138 1136
3049 2 3 1 41 0 1982 1922 1136
3050 2 3 1 41 0 1922 1982 1929
3051 2 3 1 41 0 2125 2145 1173
3052 2 3 1 41 0 2155 1991 638
3053 2 3 1 41 0 1147 1991 2155
3054 2 3 1 41 0 2155 1144 1147
3055 2 3 1 41 0 1987 1924 479
3056 2 3 1 41 0 1924 1222 1130
3057 2 3 1 41 0 1222 1924 1987
3058 2 3 1 41 0 1757 913 1870
3059 2 3 1 41 0 1767 1757 1870
3060 2 3 1 41 0 1973 1184 1138
3061 2 3 1 41 0 1138 1922 1973
3062 2 3 1 41 0 2018 1206 1973
3063 2 3 1 41 0 1922 2018 1973
3064 2 3 1 41 0 2070 1726 641
3065 2 3 1 41 0 2123 2070 641
3066 2 3 1 41 0 1884 1831 1842
3067 2 3 1 41 0 747 2017 929
3068 2 3 1 41 0 1532 414 2017
3069 2 3 1 41 0 2017 414 929
3070 2 3 1 41 0 2139 1327 640
3071 2 3 1 41 0 640 1727 2139
3072 2 3 1 41 0 1327 2139 2067
3073 2 3 1 41 0 539 1218 2016
3074 2 3 1 41 0 2016 1218 1172
3075 2 3 1 41 0 1172 1203 2016
3076 2 3 1 41 0 681 670 2176
3077 2 3 1 41 0 2176 1357 681
3078 2 3 1 41 0 2108 2035 1158
3079 2 3 1 41 0 1265 2035 2108
3080 2 3 1 41 0 2108 638 1265
3081 2 3 1 41 0 2062 1959 1234
3082 2 3 1 41 0 998 1789 471
3083 2 3 1 41 0 471 1789 1053
3084 2 3 1 41 0 1789 789 1053
3085 2 3 1 41 0 228 2117 1352
3086 2 3 1 41 0 2117 229 1707
3087 2 3 1 41 0 228 229 2117
3088 2 3 1 41 0 2106 525 827
3089 2 3 1 41 0 1626 525 2106
3090 2 3 1 41 0 660 2084 2044
3091 2 3 1 41 0 2084 1213 1165
3092 2 3 1 41 0 1165 2044 2084
3093 2 3 1 41 0 2005 1155 2035
3094 2 3 1 41 0 2005 2035 1341
3095 2 3 1 41 0 1898 532 1713
3096 2 3 1 41 0 1898 1473 868
3097 2 3 1 41 0 1473 1898 1713
3098 2 3 1 41 0 2165 242 243
3099 2 3 1 41 0 2165 1194 1464
3100 2 3 1 41 0 1464 242 2165
3101 2 3 1 41 0 2158 1346 665
3102 2 3 1 41 0 693 920 1883
3103 2 3 1 41 0 1883 1274 693
3104 2 3 1 41 0 2019 1186 1182
3105 2 3 1 41 0 1186 2019 2042
3106 2 3 1 41 0 1974 2047 1187
3107 2 3 1 41 0 2093 1183 1215
3108 2 3 1 41 0 1594 1042 541
3109 2 3 1 41 0 747 1042 1594
3110 2 3 1 41 0 1175 1167 2049
3111 2 3 1 41 0 1175 2049 2003
3112 2 3 1 41 0 1184 1190 2076
3113 2 3 1 41 0 1286 2076 2091
3114 2 3 1 41 0 2091 2076 1190
3115 2 3 1 41 0 1430 1368 1669
3116 2 3 1 41 0 1669 1368 1543
3117 2 3 1 41 0 1669 1543 2026
3118 2 3 1 41 0 1669 2026 1772
3119 2 3 1 41 0 656 1235 2134
3120 2 3 1 41 0 656 2134 2085
3121 2 3 1 41 0 2037 2085 2134
3122 2 3 1 41 0 1895 575 60
3123 2 3 1 41 0 912 575 1895
3124 2 3 1 41 0 1296 678 2058
3125 2 3 1 41 0 2058 1244 1296
3126 2 3 1 41 0 2058 678 1447
3127 2 3 1 41 0 1882 1515 1844
3128 2 3 1 41 0 1844 1515 2140
3129 2 3 1 41 0 1872 1882 1844
3130 2 3 1 41 0 672 1222 1994
3131 2 3 1 41 0 672 1994 2112
3132 2 3 1 41 0 1995 1994 1153
3133 2 3 1 41 0 1995 2112 1994
3134 2 3 1 41 0 751 861 2148
3135 2 3 1 41 0 2148 861 1585
3136 2 3 1 41 0 1918 1986 1939
3137 2 3 1 41 0 2175 1132 1144
3138 2 3 1 41 0 2155 2175 1144
3139 2 3 1 41 0 2098 893 1314
3140 2 3 1 41 0 494 893 2098
3141 2 3 1 41 0 1878 1846 1714
3142 2 3 1 41 0 1878 1281 1846
3143 2 3 1 41 0 472 1892 1855
3144 2 3 1 41 0 425 854 2051
3145 2 3 1 41 0 2051 854 1781
3146 2 3 1 41 0 529 1721 1526
3147 2 3 1 41 0 1721 1871 1526
3148 2 3 1 41 0 2010 1169 1166
3149 2 3 1 41 0 2006 2010 1166
3150 2 3 1 41 0 1321 2010 2006
3151 2 3 1 41 0 717 1810 1481
3152 2 3 1 41 0 1534 1810 717
3153 2 3 1 41 0 1453 1654 1345
3154 2 3 1 41 0 1345 1654 1625
3155 2 3 1 41 0 1654 1453 1565
3156 2 3 1 41 0 2056 498 1216
3157 2 3 1 41 0 2141 498 2056
3158 2 3 1 41 0 2176 217 218
3159 2 3 1 41 0 2182 217 2176
3160 2 3 1 41 0 1422 873 421
3161 2 3 1 41 0 1572 1422 421
3162 2 3 1 41 0 673 1422 1461
3163 2 3 1 41 0 1422 1572 1461
3164 2 3 1 41 0 2100 1370 1342
3165 2 3 1 41 0 823 1370 2100
3166 2 3 1 41 0 1225 2034 1972
3167 2 3 1 41 0 1891 944 491
3168 2 3 1 41 0 491 1424 1891
3169 2 3 1 41 0 965 944 1891
3170 2 3 1 41 0 651 1341 2089
3171 2 3 1 41 0 98 782 97
3172 2 3 1 41 0 1959 2119 644
3173 2 3 1 41 0 2175 1353 650
3174 2 3 1 41 0 102 2040 101
3175 2 3 1 41 0 1294 1456 2040
3176 2 3 1 41 0 101 2040 1456
3177 2 3 1 41 0 2042 1967 1186
3178 2 3 1 41 0 940 1877 596
3179 2 3 1 41 0 725 1877 1420
3180 2 3 1 41 0 940 1811 1877
3181 2 3 1 41 0 1811 1420 1877
3182 2 3 1 41 0 1887 236 237
3183 2 3 1 41 0 345 1325 346
3184 2 3 1 41 0 986 1325 345
3185 2 3 1 41 0 291 1324 292
3186 2 3 1 41 0 292 1324 985
3187 2 3 1 41 0 224 1445 791
3188 2 3 1 41 0 1431 224 791
3189 2 3 1 41 0 1431 223 224
3190 2 3 1 41 0 1445 224 225
3191 2 3 1 41 0 1135 1182 1996
3192 2 3 1 41 0 1996 665 1242
3193 2 3 1 41 0 1313 2060 2135
3194 2 3 1 41 0 1676 1626 2157
3195 2 3 1 41 0 1936 1983 1124
3196 2 3 1 41 0 1799 273 274
3197 2 3 1 41 0 1567 273 1799
3198 2 3 1 41 0 1799 274 2096
3199 2 3 1 41 0 1769 1567 1799
3200 2 3 1 41 0 538 1217 2031
3201 2 3 1 41 0 2031 1971 538
3202 2 3 1 41 0 1115 915 1642
3203 2 3 1 41 0 1642 1737 1115
3204 2 3 1 41 0 1694 544 1874
3205 2 3 1 41 0 1078 734 1694
3206 2 3 1 41 0 1874 1078 1694
3207 2 3 1 41 0 110 111 1883
3208 2 3 1 41 0 111 1465 1883
3209 2 3 1 41 0 1465 1274 1883
3210 2 3 1 41 0 1639 917 1117
3211 2 3 1 41 0 1117 1735 1639
3212 2 3 1 41 0 1735 2172 1639
3213 2 3 1 41 0 1532 2066 414
3214 2 3 1 41 0 2066 1348 1749
3215 2 3 1 41 0 1749 833 2066
3216 2 3 1 41 0 2066 833 414
3217 2 3 1 41 0 117 1917 116
3218 2 3 1 41 0 116 1917 1307
3219 2 3 1 41 0 1422 673 1518
3220 2 3 1 41 0 526 890 1846
3221 2 3 1 41 0 1714 1846 890
3222 2 3 1 41 0 950 1305 78
3223 2 3 1 41 0 78 79 950
3224 2 3 1 41 0 716 1177 2131
3225 2 3 1 41 0 2131 1300 716
3226 2 3 1 41 0 1190 1965 2091
3227 2 3 1 41 0 982 1737 1642
3228 2 3 1 41 0 981 1639 2172
3229 2 3 1 41 0 781 1508 65
3230 2 3 1 41 0 65 66 781
3231 2 3 1 41 0 528 1869 320
3232 2 3 1 41 0 2059 1869 1463
3233 2 3 1 41 0 1869 319 320
3234 2 3 1 41 0 319 1869 2020
3235 2 3 1 41 0 2020 1869 2059
3236 2 3 1 41 0 2162 772 671
3237 2 3 1 41 0 671 1486 2162
3238 2 3 1 41 0 2002 1955 1197
3239 2 3 1 41 0 1555 1197 1955
3240 2 3 1 41 0 1555 1955 1616
3241 2 3 1 41 0 2046 1218 539
3242 2 3 1 41 0 539 1979 2046
3243 2 3 1 41 0 2046 1979 1175
3244 2 3 1 41 0 2118 296 295
3245 2 3 1 41 0 2118 1193 296
3246 2 3 1 41 0 1962 1193 2118
3247 2 3 1 41 0 2118 1277 1505
3248 2 3 1 41 0 1505 1962 2118
3249 2 3 1 41 0 2030 1136 1138
3250 2 3 1 41 0 1728 1689 495
3251 2 3 1 41 0 499 1689 1728
3252 2 3 1 41 0 2038 1260 667
3253 2 3 1 41 0 667 1359 2038
3254 2 3 1 41 0 1359 2114 2038
3255 2 3 1 41 0 1957 1234 644
3256 2 3 1 41 0 1977 1957 1126
3257 2 3 1 41 0 1126 1957 2133
3258 2 3 1 41 0 1234 1957 1977
3259 2 3 1 41 0 2104 1350 1313
3260 2 3 1 41 0 2104 92 1867
3261 2 3 1 41 0 713 2104 1867
3262 2 3 1 41 0 713 1350 2104
3263 2 3 1 41 0 1871 1721 1804
3264 2 3 1 41 0 1804 1721 1734
3265 2 3 1 41 0 2173 436 869
3266 2 3 1 41 0 1976 1678 520
3267 2 3 1 41 0 1825 836 551
3268 2 3 1 41 0 551 1112 1825
3269 2 3 1 41 0 1866 836 1825
3270 2 3 1 41 0 1957 2180 1134
3271 2 3 1 41 0 1134 2180 2174
3272 2 3 1 41 0 2180 644 1484
3273 2 3 1 41 0 644 2180 1957
3274 2 3 1 41 0 1885 919 840
3275 2 3 1 41 0 1885 1769 919
3276 2 3 1 41 0 1885 1567 1769
3277 2 3 1 41 0 1992 1135 1130
3278 2 3 1 41 0 648 1339 1992
3279 2 3 1 41 0 648 1992 1954
3280 2 3 1 41 0 1550 1806 533
3281 2 3 1 41 0 1669 1772 1550
3282 2 3 1 41 0 1806 1550 560
3283 2 3 1 41 0 1550 1772 560
3284 2 3 1 41 0 1040 1105 418
3285 2 3 1 41 0 1043 833 1105
3286 2 3 1 41 0 1043 1105 1040
3287 2 3 1 41 0 234 1853 233
3288 2 3 1 41 0 234 1650 1853
3289 2 3 1 41 0 2072 1650 234
3290 2 3 1 41 0 1652 1719 690
3291 2 3 1 41 0 1719 1652 1449
3292 2 3 1 41 0 1712 1441 1717
3293 2 3 1 41 0 1576 1281 1878
3294 2 3 1 41 0 1576 1878 1629
3295 2 3 1 41 0 1629 1878 1624
3296 2 3 1 41 0 1536 772 1733
3297 2 3 1 41 0 1733 772 2077
3298 2 3 1 41 0 1733 1511 1536
3299 2 3 1 41 0 1568 1719 1598
3300 2 3 1 41 0 639 1920 2075
3301 2 3 1 41 0 2110 2075 1145
3302 2 3 1 41 0 1980 1145 2075
3303 2 3 1 41 0 1920 1980 2075
3304 2 3 1 41 0 1034 1181 1599
3305 2 3 1 41 0 1034 1599 1678
3306 2 3 1 41 0 1181 2163 1599
3307 2 3 1 41 0 1761 75 76
3308 2 3 1 41 0 1792 75 1761
3309 2 3 1 41 0 1823 1792 1761
3310 2 3 1 41 0 1373 1656 1632
3311 2 3 1 41 0 1373 1632 1665
3312 2 3 1 41 0 512 1676 1479
3313 2 3 1 41 0 1640 1676 512
3314 2 3 1 41 0 1365 1479 1676
3315 2 3 1 41 0 1365 1676 2157
3316 2 3 1 41 0 700 87 1419
3317 2 3 1 41 0 87 88 1419
3318 2 3 1 41 0 1888 1774 702
3319 2 3 1 41 0 702 1774 1747
3320 2 3 1 41 0 1774 1273 1470
3321 2 3 1 41 0 1747 1774 1470
3322 2 3 1 41 0 2168 1955 1131
3323 2 3 1 41 0 1616 1955 2168
3324 2 3 1 41 0 2095 637 1191
3325 2 3 1 41 0 2095 1199 1163
3326 2 3 1 41 0 2095 1163 2052
3327 2 3 1 41 0 1199 2095 1191
3328 2 3 1 41 0 2095 2052 1230
3329 2 3 1 41 0 1551 1884 753
3330 2 3 1 41 0 753 1884 1812
3331 2 3 1 41 0 1551 1831 1884
3332 2 3 1 41 0 1128 1970 2116
3333 2 3 1 41 0 1173 1327 2154
3334 2 3 1 41 0 1742 744 429
3335 2 3 1 41 0 429 872 1742
3336 2 3 1 41 0 997 535 1742
3337 2 3 1 41 0 872 997 1742
3338 2 3 1 41 0 1141 1139 2014
3339 2 3 1 41 0 1133 1140 1969
3340 2 3 1 41 0 1778 1699 1675
3341 2 3 1 41 0 1778 1675 1770
3342 2 3 1 41 0 1675 1663 1770
3343 2 3 1 41 0 1982 2061 1160
3344 2 3 1 41 0 2069 2061 1443
3345 2 3 1 41 0 1181 2064 2163
3346 2 3 1 41 0 1706 486 1247
3347 2 3 1 41 0 1416 1706 1247
3348 2 3 1 41 0 1706 1336 1546
3349 2 3 1 41 0 1336 1706 1416
3350 2 3 1 41 0 1752 1788 1446
3351 2 3 1 41 0 1788 1571 1502
3352 2 3 1 41 0 1752 1571 1788
3353 2 3 1 41 0 2063 1970 1229
3354 2 3 1 41 0 1970 2063 2116
3355 2 3 1 41 0 1958 1911 479
3356 2 3 1 41 0 1144 1911 1958
3357 2 3 1 41 0 84 1209 83
3358 2 3 1 41 0 1828 1406 263
3359 2 3 1 41 0 263 1406 262
3360 2 3 1 41 0 2151 1875 887
3361 2 3 1 41 0 1875 1045 1876
3362 2 3 1 41 0 1823 1045 1875
3363 2 3 1 41 0 1823 1875 2151
3364 2 3 1 41 0 2152 1143 1978
3365 2 3 1 41 0 1967 2152 1978
3366 2 3 1 41 0 1630 844 1809
3367 2 3 1 41 0 844 1840 1809
3368 2 3 1 41 0 1840 1371 1809
3369 2 3 1 41 0 1990 2144 1965
3370 2 3 1 41 0 1123 1931 1926
3371 2 3 1 41 0 1931 647 1229
3372 2 3 1 41 0 1970 1931 1229
3373 2 3 1 41 0 1931 1970 1926
3374 2 3 1 41 0 2182 1555 1616
3375 2 3 1 41 0 1616 216 2182
3376 2 3 1 41 0 1884 1410 1812
3377 2 3 1 41 0 1758 1812 1410
3378 2 3 1 41 0 1758 1548 1812
3379 2 3 1 41 0 1790 1748 829
3380 2 3 1 41 0 1848 829 1748
3381 2 3 1 41 0 1748 906 1040
3382 2 3 1 41 0 1748 1040 1848
3383 2 3 1 41 0 1070 448 1033
3384 2 3 1 41 0 1070 1033 1079
3385 2 3 1 41 0 1115 1070 1079
3386 2 3 1 41 0 683 1316 2129
3387 2 3 1 41 0 2129 1296 683
3388 2 3 1 41 0 2117 2129 1352
3389 2 3 1 41 0 1296 2129 2117
3390 2 3 1 41 0 2065 723 1287
3391 2 3 1 41 0 2156 648 1954
3392 2 3 1 41 0 1308 2156 1954
3393 2 3 1 41 0 113 114 2034
3394 2 3 1 41 0 113 2034 1684
3395 2 3 1 41 0 920 109 110
3396 2 3 1 41 0 1883 920 110
3397 2 3 1 41 0 1727 640 2023
3398 2 3 1 41 0 1727 2023 2121
3399 2 3 1 41 0 1981 1195 1194
3400 2 3 1 41 0 2165 1981 1194
3401 2 3 1 41 0 2145 2125 707
3402 2 3 1 41 0 2072 235 236
3403 2 3 1 41 0 1887 2072 236
3404 2 3 1 41 0 2155 638 1353
3405 2 3 1 41 0 2175 2155 1353
3406 2 3 1 41 0 1341 2073 2089
3407 2 3 1 41 0 96 97 2159
3408 2 3 1 41 0 96 2159 1845
3409 2 3 1 41 0 2159 97 782
3410 2 3 1 41 0 1686 2159 782
3411 2 3 1 41 0 1109 619 2186
3412 2 3 1 41 0 2187 620 1108
3413 2 3 1 41 0 1969 643 2188
3414 2 3 1 41 0 2179 1949 2189
3415 2 3 1 41 0 2190 1974 2061
3416 2 3 1 41 0 2047 1974 2190
3417 2 3 1 41 0 1484 651 2192
3418 2 3 1 41 0 2192 651 2089
3419 2 3 1 41 0 2192 2180 1484
3420 2 3 1 41 0 2193 124 1948
3421 2 3 1 41 0 2193 2055 2050
3422 2 3 1 41 0 2050 124 2193
3423 2 3 1 41 0 2041 1141 2195
3424 2 3 1 41 0 2196 114 115
3425 2 3 1 41 0 2034 114 2196
3426 2 3 1 41 0 1906 1928 2197
3427 2 3 1 41 0 2197 1928 1122
3428 2 3 1 41 0 126 2 2198
3429 2 3 1 41 0 1683 1171 2199
3430 2 3 1 41 0 2200 1164 2022
3431 2 3 1 41 0 1936 1124 2201
3432 2 3 1 41 0 2201 1124 1947
3433 2 3 1 41 0 2201 2185 1936
3434 2 3 1 41 0 2148 1585 2202
3435 2 3 1 41 0 2202 1585 1602
3436 2 3 1 41 0 1109 982 2203
3437 2 3 1 41 0 2203 982 1642
3438 2 3 1 41 0 2204 2023 1174
3439 2 3 1 41 0 2204 1678 1976
3440 2 3 1 41 0 1174 1678 2204
3441 2 3 1 41 0 1954 1992 2205
3442 2 3 1 41 0 2205 1992 1130
3443 2 3 1 41 0 2206 981 1108
3444 2 3 1 41 0 1639 981 2206
3445 2 3 1 41 0 2207 1607 246
3446 2 3 1 41 0 1529 1607 2207
3447 2 3 1 41 0 1279 669 2208
3448 2 3 1 41 0 1389 2163 2208
3449 2 3 1 41 0 2208 669 1389
3450 2 3 1 41 0 2208 2163 1279
3451 2 3 1 41 0 2209 751 2148
3452 2 3 1 41 0 875 751 2209
3453 2 3 1 41 0 1597 1588 2210
3454 2 3 1 41 0 297 1193 2211
3455 2 3 1 41 0 2211 1193 1953
3456 2 3 1 41 0 874 750 2212
3457 2 3 1 41 0 1998 1212 2214
3458 2 3 1 41 0 2215 89 90
3459 2 3 1 41 0 2215 2060 1267
3460 2 3 1 41 0 1267 89 2215
3461 2 3 1 41 0 2216 417 731
3462 2 3 1 41 0 2216 1734 1721
3463 2 3 1 41 0 731 1734 2216
3464 2 3 1 41 0 2217 1173 2154
3465 2 3 1 41 0 2217 2183 1157
3466 2 3 1 41 0 1182 1135 2218
3467 2 3 1 41 0 2218 1135 1992
3468 2 3 1 41 0 1127 1937 2219
3469 2 3 1 41 0 2219 1937 1908
3470 2 3 1 41 0 2220 511 1814
3471 2 3 1 41 0 2220 2072 1887
3472 2 3 1 41 0 1814 2072 2220
3473 2 3 1 41 0 2221 1166 1965
3474 2 3 1 41 0 2221 1190 2006
3475 2 3 1 41 0 2006 1166 2221
3476 2 3 1 41 0 1965 1190 2221
3477 2 3 1 41 0 1991 1139 2222
3478 2 3 1 41 0 2041 1265 2222
3479 2 3 1 41 0 481 873 2223
3480 2 3 1 41 0 2223 873 1422
3481 2 3 1 41 0 2223 1262 481
3482 2 3 1 41 0 2131 1177 2224
3483 2 3 1 41 0 2224 1177 1178
3484 2 3 1 41 0 2225 1568 827
3485 2 3 1 41 0 2225 690 1719
3486 2 3 1 41 0 1719 1568 2225
3487 2 3 1 41 0 827 690 2225
3488 2 3 1 41 0 1150 1210 2226
3489 2 3 1 41 0 1924 1135 2227
3490 2 3 1 41 0 2227 1135 1996
3491 2 3 1 41 0 2228 650 1514
3492 2 3 1 41 0 2175 650 2228
3493 2 3 1 41 0 2229 1215 1301
3494 2 3 1 41 0 2230 2093 1215
3495 2 3 1 41 0 2230 2229 1388
3496 2 3 1 41 0 1215 2229 2230
3497 2 3 1 41 0 2231 820 910
3498 2 3 1 41 0 2231 472 1855
3499 2 3 1 41 0 1855 820 2231
3500 2 3 1 41 0 910 472 2231
3501 2 3 1 41 0 2233 665 1996
3502 2 3 1 41 0 2158 665 2233
3503 2 3 1 41 0 1912 1131 2234
3504 2 3 1 41 0 2234 1131 1955
3505 2 3 1 41 0 2131 2224 2235
3506 2 3 1 41 0 2014 1321 2236
3507 2 3 1 41 0 2236 1141 2014
3508 2 3 1 41 0 1045 1761 2238
3509 2 3 1 41 0 2238 532 1045
3510 2 3 1 41 0 1388 2229 2239
3511 2 3 1 41 0 2240 1143 2027
3512 2 3 1 41 0 2027 1211 2240
3513 2 3 1 41 0 2241 1472 1285
3514 2 3 1 41 0 1285 1208 2241
3515 2 3 1 41 0 726 1472 2241
3516 2 3 1 41 0 2242 1216 498
3517 2 3 1 41 0 2242 2224 1178
3518 2 3 1 41 0 1178 1216 2242
3519 2 3 1 41 0 2089 2073 2243
3520 2 3 1 41 0 869 554 2244
3521 2 3 1 41 0 32 33 2245
3522 2 3 1 41 0 2246 44 43
3523 2 3 1 41 0 2247 1791 1894
3524 2 3 1 41 0 1136 2030 2248
3525 2 3 1 41 0 2027 1143 2249
3526 2 3 1 41 0 2249 1143 2152
3527 2 3 1 41 0 2249 1210 2027
3528 2 3 1 41 0 1868 423 2250
3529 2 3 1 41 0 2250 1890 1868
3530 2 3 1 41 0 2251 1211 1151
3531 2 3 1 41 0 1321 2006 2252
3532 2 3 1 41 0 2253 851 804
3533 2 3 1 41 0 2253 1729 1859
3534 2 3 1 41 0 1859 851 2253
3535 2 3 1 41 0 804 1729 2253
3536 2 3 1 41 0 1552 511 2254
3537 2 3 1 41 0 2255 501 1260
3538 2 3 1 41 0 1260 1146 2255
3539 2 3 1 41 0 2256 1168 1220
3540 2 3 1 41 0 2258 535 864
3541 2 3 1 41 0 2258 852 1632
3542 2 3 1 41 0 1632 535 2258
3543 2 3 1 41 0 864 852 2258
3544 2 3 1 41 0 2259 1999 1137
3545 2 3 1 41 0 2256 518 1621
3546 2 3 1 41 0 1168 2256 1621
3547 2 3 1 41 0 2217 1157 2125
3548 2 3 1 41 0 1173 2217 2125
3549 2 3 1 41 0 1288 726 2241
3550 2 3 1 41 0 1288 2241 1208
3551 2 3 1 41 0 2045 2229 1301
3552 2 3 1 41 0 2254 511 2220
3553 2 3 1 41 0 1887 2254 2220
3554 2 3 1 41 0 2002 2234 1955
3555 2 3 1 41 0 2259 1137 2011
3556 2 3 1 41 0 1999 2259 637
3557 2 3 1 41 0 1190 666 2252
3558 2 3 1 41 0 1190 2252 2006
3559 2 3 1 41 0 2240 1211 2251
3560 2 3 1 41 0 2240 2251 2144
3561 2 3 1 41 0 2226 1210 2249
3562 2 3 1 41 0 2226 2249 2152
3563 2 3 1 41 0 2193 1948 1125
3564 2 3 1 41 0 2055 2193 1125
3565 2 3 1 41 0 2237 1986 1187
3566 2 3 1 41 0 2047 2237 1187
3567 2 3 1 41 0 642 1317 2237
3568 2 3 1 41 0 642 2237 2047
3569 2 3 1 41 0 2222 1139 1141
3570 2 3 1 41 0 2041 2222 1141
3571 2 3 1 41 0 2230 1388 645
3572 2 3 1 41 0 2093 2230 645
3573 2 3 1 41 0 623 620 2187
3574 2 3 1 41 0 2186 619 622
3575 2 3 1 41 0 2214 1212 1207
3576 2 3 1 41 0 2215 90 2135
3577 2 3 1 41 0 2060 2215 2135
3578 2 3 1 41 0 1518 1262 2223
3579 2 3 1 41 0 1518 2223 1422
3580 2 3 1 41 0 520 1683 2199
3581 2 3 1 41 0 520 2199 1976
3582 2 3 1 41 0 2217 2154 2002
3583 2 3 1 41 0 2183 2217 2002
3584 2 3 1 41 0 1133 1969 2188
3585 2 3 1 41 0 1990 1143 2240
3586 2 3 1 41 0 1990 2240 2144
3587 2 3 1 41 0 2195 1141 2236
3588 2 3 1 41 0 2195 2236 2179
3589 2 3 1 41 0 1182 2218 2019
3590 2 3 1 41 0 2222 1265 638
3591 2 3 1 41 0 1991 2222 638
3592 2 3 1 41 0 2194 1121 1941
3593 2 3 1 41 0 921 1639 2206
3594 2 3 1 41 0 2203 1642 924
3595 2 3 1 41 0 1186 2158 2233
3596 2 3 1 41 0 2242 498 2235
3597 2 3 1 41 0 2224 2242 2235
3598 2 3 1 41 0 2229 2045 2239
3599 2 3 1 41 0 1520 518 2256
3600 2 3 1 41 0 2228 1969 1132
3601 2 3 1 41 0 1132 2175 2228
3602 2 3 1 41 0 1514 1969 2228
3603 2 3 1 41 0 1963 1185 2113
3604 2 3 1 41 0 2074 1963 2113
3605 2 3 1 41 0 298 297 2211
3606 2 3 1 41 0 2211 1919 298
3607 2 3 1 41 0 1953 1919 2211
3608 2 3 1 41 0 2213 1138 1184
3609 2 3 1 41 0 1184 2076 2213
3610 2 3 1 41 0 2030 1138 2213
3611 2 3 1 41 0 417 2102 1060
3612 2 3 1 41 0 2102 2130 1060
3613 2 3 1 41 0 2049 1167 2257
3614 2 3 1 41 0 2257 1286 2049
3615 2 3 1 41 0 2068 2257 1231
3616 2 3 1 41 0 2257 1167 1231
3617 2 3 1 41 0 212 213 2191
3618 2 3 1 41 0 2191 1936 212
3619 2 3 1 41 0 1983 1936 2191
3620 2 3 1 41 0 2207 246 247
3621 2 3 1 41 0 247 1759 2207
3622 2 3 1 41 0 2207 1759 1529
3623 2 3 1 41 0 2214 1339 648
3624 2 3 1 41 0 648 1998 2214
3625 2 3 1 41 0 2233 1182 1186
3626 2 3 1 41 0 1996 1182 2233
3627 2 3 1 41 0 2062 1192 2105
3628 2 3 1 41 0 2105 1959 2062
3629 2 3 1 41 0 43 42 2186
3630 2 3 1 41 0 2187 31 32
3631 2 3 1 41 0 2073 2041 2189
3632 2 3 1 41 0 2179 2189 2195
3633 2 3 1 41 0 2195 2189 2041
3634 2 3 1 41 0 2081 913 632
3635 2 3 1 41 0 632 435 2081
3636 2 3 1 41 0 2081 435 991
3637 2 3 1 41 0 2196 115 116
3638 2 3 1 41 0 1972 2034 2196
3639 2 3 1 41 0 2196 1307 1972
3640 2 3 1 41 0 1307 2196 116
3641 2 3 1 41 0 1879 1628 1666
3642 2 3 1 41 0 2039 1130 1222
3643 2 3 1 41 0 1222 672 2039
3644 2 3 1 41 0 2205 1130 2039
3645 2 3 1 41 0 2007 2048 2114
3646 2 3 1 41 0 2114 2048 2038
3647 2 3 1 41 0 1784 999 745
3648 2 3 1 41 0 2204 1976 2121
3649 2 3 1 41 0 2023 2204 2121
3650 2 3 1 41 0 2083 1852 443
3651 2 3 1 41 0 1833 578 1852
3652 2 3 1 41 0 1833 1852 1805
3653 2 3 1 41 0 1852 2083 1805
3654 2 3 1 41 0 1784 1719 1449
3655 2 3 1 41 0 2254 1887 237
3656 2 3 1 41 0 2254 1534 1552
3657 2 3 1 41 0 2149 1340 660
3658 2 3 1 41 0 2044 2149 660
3659 2 3 1 41 0 1154 1340 2149
3660 2 3 1 41 0 1815 1784 745
3661 2 3 1 41 0 1784 1815 1598
3662 2 3 1 41 0 1719 1784 1598
3663 2 3 1 41 0 1286 2213 2076
3664 2 3 1 41 0 2257 2213 1286
3665 2 3 1 41 0 2068 2213 2257
3666 2 3 1 41 0 1982 1136 2248
3667 2 3 1 41 0 1443 2061 2248
3668 2 3 1 41 0 1982 2248 2061
3669 2 3 1 41 0 2099 1156 1580
3670 2 3 1 41 0 1580 1320 2099
3671 2 3 1 41 0 2087 1915 1149
3672 2 3 1 41 0 1915 2087 1938
3673 2 3 1 41 0 2031 1150 2226
3674 2 3 1 41 0 2226 2152 2000
3675 2 3 1 41 0 2251 1151 2046
3676 2 3 1 41 0 2003 2144 2251
3677 2 3 1 41 0 2251 1175 2003
3678 2 3 1 41 0 1175 2251 2046
3679 2 3 1 41 0 494 2098 2100
3680 2 3 1 41 0 2098 823 2100
3681 2 3 1 41 0 2149 1984 1154
3682 2 3 1 41 0 1217 1984 2149
3683 2 3 1 41 0 2149 1240 1217
3684 2 3 1 41 0 1947 1121 2194
3685 2 3 1 41 0 2201 1947 2194
3686 2 3 1 41 0 2185 2201 2194
3687 2 3 1 41 0 2243 2174 2089
3688 2 3 1 41 0 2192 2089 2174
3689 2 3 1 41 0 2180 2192 2174
3690 2 3 1 41 0 1286 2003 2049
3691 2 3 1 41 0 2003 1286 2091
3692 2 3 1 41 0 2091 1965 2003
3693 2 3 1 41 0 2003 1965 2144
3694 2 3 1 41 0 1053 936 2169
3695 2 3 1 41 0 2169 936 2162
3696 2 3 1 41 0 2162 1486 2169
3697 2 3 1 41 0 2004 2112 2110
3698 2 3 1 41 0 2191 213 214
3699 2 3 1 41 0 2191 1131 1983
3700 2 3 1 41 0 1131 2191 2168
3701 2 3 1 41 0 2191 214 2168
3702 2 3 1 41 0 1968 1938 2087
3703 2 3 1 41 0 1968 2087 2012
3704 2 3 1 41 0 261 262 1406
3705 2 3 1 41 0 261 1406 799
3706 2 3 1 41 0 2218 1339 2019
3707 2 3 1 41 0 1992 1339 2218
3708 2 3 1 41 0 2000 1967 2042
3709 2 3 1 41 0 2152 1967 2000
3710 2 3 1 41 0 1155 1156 2099
3711 2 3 1 41 0 1158 1155 2099
3712 2 3 1 41 0 2099 1161 1158
3713 2 3 1 41 0 1555 2182 670
3714 2 3 1 41 0 2176 670 2182
3715 2 3 1 41 0 1746 2161 927
3716 2 3 1 41 0 1688 1289 2161
3717 2 3 1 41 0 2161 1746 1688
3718 2 3 1 41 0 2111 2141 2056
3719 2 3 1 41 0 1939 1127 2219
3720 2 3 1 41 0 1995 2110 2112
3721 2 3 1 41 0 2075 2110 1995
3722 2 3 1 41 0 1114 2203 924
3723 2 3 1 41 0 2203 456 1109
3724 2 3 1 41 0 1114 456 2203
3725 2 3 1 41 0 2161 445 927
3726 2 3 1 41 0 1803 445 2161
3727 2 3 1 41 0 1843 1365 1001
3728 2 3 1 41 0 1365 1459 1001
3729 2 3 1 41 0 2157 1459 1365
3730 2 3 1 41 0 447 1116 1786
3731 2 3 1 41 0 1786 1116 605
3732 2 3 1 41 0 846 1876 532
3733 2 3 1 41 0 1876 846 1490
3734 2 3 1 41 0 1876 1490 1850
3735 2 3 1 41 0 2010 1321 2014
3736 2 3 1 41 0 2014 1346 2010
3737 2 3 1 41 0 1466 2178 519
3738 2 3 1 41 0 1389 2178 2163
3739 2 3 1 41 0 2178 1466 1599
3740 2 3 1 41 0 2163 2178 1599
3741 2 3 1 41 0 1901 2101 798
3742 2 3 1 41 0 2184 804 2101
3743 2 3 1 41 0 1901 2184 2101
3744 2 3 1 41 0 221 1549 1363
3745 2 3 1 41 0 1363 220 221
3746 2 3 1 41 0 1356 2099 1320
3747 2 3 1 41 0 2199 1171 2021
3748 2 3 1 41 0 2121 1976 2021
3749 2 3 1 41 0 2021 1976 2199
3750 2 3 1 41 0 1600 1319 1565
3751 2 3 1 41 0 1542 1549 1565
3752 2 3 1 41 0 1600 1565 1549
3753 2 3 1 41 0 118 1917 117
3754 2 3 1 41 0 1383 1917 118
3755 2 3 1 41 0 1569 1628 1441
3756 2 3 1 41 0 1717 1441 1628
3757 2 3 1 41 0 1682 1628 1569
3758 2 3 1 41 0 2134 1224 2004
3759 2 3 1 41 0 2037 2134 2004
3760 2 3 1 41 0 2110 2037 2004
3761 2 3 1 41 0 1553 2102 529
3762 2 3 1 41 0 2039 1275 2205
3763 2 3 1 41 0 2205 1275 2078
3764 2 3 1 41 0 2078 1954 2205
3765 2 3 1 41 0 1841 1102 734
3766 2 3 1 41 0 1694 734 1102
3767 2 3 1 41 0 1694 1102 1050
3768 2 3 1 41 0 257 258 2232
3769 2 3 1 41 0 2232 839 1312
3770 2 3 1 41 0 1312 1645 2232
3771 2 3 1 41 0 2232 1645 257
3772 2 3 1 41 0 642 2190 1315
3773 2 3 1 41 0 2190 642 2047
3774 2 3 1 41 0 2190 2069 1315
3775 2 3 1 41 0 2190 2061 2069
3776 2 3 1 41 0 2139 1727 1726
3777 2 3 1 41 0 2070 1907 1726
3778 2 3 1 41 0 1726 1907 2139
3779 2 3 1 41 0 666 1206 2252
3780 2 3 1 41 0 2252 1206 2179
3781 2 3 1 41 0 2179 2236 2252
3782 2 3 1 41 0 2236 1321 2252
3783 2 3 1 41 0 2067 1914 1916
3784 2 3 1 41 0 1914 2067 2139
3785 2 3 1 41 0 1956 2067 1916
3786 2 3 1 41 0 1827 2177 1405
3787 2 3 1 41 0 2065 446 974
3788 2 3 1 41 0 974 1530 2065
3789 2 3 1 41 0 926 446 2065
3790 2 3 1 41 0 1404 2170 1824
3791 2 3 1 41 0 1273 500 1709
3792 2 3 1 41 0 1774 500 1273
3793 2 3 1 41 0 1589 1196 1273
3794 2 3 1 41 0 1273 1709 1589
3795 2 3 1 41 0 2235 498 708
3796 2 3 1 41 0 1777 419 2247
3797 2 3 1 41 0 2247 419 1601
3798 2 3 1 41 0 1777 2247 1775
3799 2 3 1 41 0 1775 2247 1894
3800 2 3 1 41 0 2074 637 2259
3801 2 3 1 41 0 1963 2259 643
3802 2 3 1 41 0 2188 643 2259
3803 2 3 1 41 0 2259 1963 2074
3804 2 3 1 41 0 504 1235 2057
3805 2 3 1 41 0 2057 1235 881
3806 2 3 1 41 0 881 1281 2057
3807 2 3 1 41 0 1781 1361 1437
3808 2 3 1 41 0 1617 1361 1781
3809 2 3 1 41 0 1781 1437 1629
3810 2 3 1 41 0 105 2181 2025
3811 2 3 1 41 0 749 1326 2025
3812 2 3 1 41 0 749 2025 2181
3813 2 3 1 41 0 801 1395 1989
3814 2 3 1 41 0 801 1989 1645
3815 2 3 1 41 0 2013 300 299
3816 2 3 1 41 0 1919 2013 299
3817 2 3 1 41 0 1185 1597 2210
3818 2 3 1 41 0 1185 2210 2113
3819 2 3 1 41 0 2056 2012 2260
3820 2 3 1 41 0 2087 2111 2260
3821 2 3 1 41 0 2260 2012 2087
3822 2 3 1 41 0 2260 2111 2056
3823 2 3 1 41 0 2261 343 342
3824 2 3 1 41 0 2262 641 1726
3825 2 3 1 41 0 2262 2121 2021
3826 2 3 1 41 0 2021 641 2262
3827 2 3 1 41 0 521 1161 2263
3828 2 3 1 41 0 2099 1356 2263
3829 2 3 1 41 0 2263 1161 2099
3830 2 3 1 41 0 2263 1356 521
3831 2 3 1 41 0 2264 1503 82
3832 2 3 1 41 0 766 1503 2264
3833 2 3 1 41 0 2265 839 259
3834 2 3 1 41 0 1299 839 2265
3835 2 3 1 41 0 435 632 2266
3836 2 3 1 41 0 831 836 2266
3837 2 3 1 41 0 2266 836 435
3838 2 3 1 41 0 2267 1314 1209
3839 2 3 1 41 0 2098 1314 2267
3840 2 3 1 41 0 2268 1542 689
3841 2 3 1 41 0 2268 1357 1363
3842 2 3 1 41 0 1363 1542 2268
3843 2 3 1 41 0 689 1357 2268
3844 2 3 1 41 0 1265 2041 2270
3845 2 3 1 41 0 2270 2041 2073
3846 2 3 1 41 0 2271 529 2102
3847 2 3 1 41 0 2102 417 2271
3848 2 3 1 41 0 1721 529 2271
3849 2 3 1 41 0 2272 237 238
3850 2 3 1 41 0 2272 1534 2254
3851 2 3 1 41 0 2254 237 2272
3852 2 3 1 41 0 238 1534 2272
3853 2 3 1 41 0 2243 2073 2273
3854 2 3 1 41 0 2273 2073 2189
3855 2 3 1 41 0 1449 1406 2274
3856 2 3 1 41 0 2274 1406 1828
3857 2 3 1 41 0 2275 2029 2024
3858 2 3 1 41 0 2276 1374 1300
3859 2 3 1 41 0 1362 1374 2276
3860 2 3 1 41 0 2278 2131 2235
3861 2 3 1 41 0 1300 2131 2278
3862 2 3 1 41 0 2279 750 523
3863 2 3 1 41 0 2113 750 2279
3864 2 3 1 41 0 523 1191 2279
3865 2 3 1 41 0 107 1700 2281
3866 2 3 1 41 0 779 2181 2281
3867 2 3 1 41 0 2281 1700 779
3868 2 3 1 41 0 289 288 2282
3869 2 3 1 41 0 614 2170 2282
3870 2 3 1 41 0 2282 288 614
3871 2 3 1 41 0 2283 349 348
3872 2 3 1 41 0 2283 2177 615
3873 2 3 1 41 0 615 349 2283
3874 2 3 1 41 0 2284 2068 1231
3875 2 3 1 41 0 1231 1223 2284
3876 2 3 1 41 0 211 1936 2285
3877 2 3 1 41 0 2285 1936 2185
3878 2 3 1 41 0 2285 210 211
3879 2 3 1 41 0 1550 533 2286
3880 2 3 1 41 0 2286 533 1102
3881 2 3 1 41 0 2287 682 1170
3882 2 3 1 41 0 2287 2056 1216
3883 2 3 1 41 0 1216 682 2287
3884 2 3 1 41 0 1170 2056 2287
3885 2 3 1 41 0 2266 632 1618
3886 2 3 1 41 0 831 2266 1618
3887 2 3 1 41 0 1550 2286 1430
3888 2 3 1 41 0 2262 1726 1727
3889 2 3 1 41 0 2121 2262 1727
3890 2 3 1 41 0 2271 417 2216
3891 2 3 1 41 0 1721 2271 2216
3892 2 3 1 41 0 2279 1191 2074
3893 2 3 1 41 0 2113 2279 2074
3894 2 3 1 41 0 2284 1223 2029
3895 2 3 1 41 0 2265 259 260
3896 2 3 1 41 0 2283 348 1405
3897 2 3 1 41 0 2177 2283 1405
3898 2 3 1 41 0 1404 289 2282
3899 2 3 1 41 0 1404 2282 2170
3900 2 3 1 41 0 106 107 2281
3901 2 3 1 41 0 106 2281 2181
3902 2 3 1 41 0 1468 343 2261
3903 2 3 1 41 0 1468 2261 1276
3904 2 3 1 41 0 823 2098 2267
3905 2 3 1 41 0 2261 1507 1276
3906 2 3 1 41 0 2213 2068 2030
3907 2 3 1 41 0 86 87 2269
3908 2 3 1 41 0 2269 87 700
3909 2 3 1 41 0 700 1370 2269
3910 2 3 1 41 0 2264 82 83
3911 2 3 1 41 0 83 1209 2264
3912 2 3 1 41 0 2264 1209 766
3913 2 3 1 41 0 799 1299 260
3914 2 3 1 41 0 799 260 261
3915 2 3 1 41 0 2265 260 1299
3916 2 3 1 41 0 2269 1370 823
3917 2 3 1 41 0 1430 1102 1841
3918 2 3 1 41 0 1102 1430 2286
3919 2 3 1 41 0 1430 1841 1839
3920 2 3 1 41 0 2234 1956 1912
3921 2 3 1 41 0 2002 2154 1956
3922 2 3 1 41 0 2002 1956 2234
3923 2 3 1 41 0 524 2277 1192
3924 2 3 1 41 0 2105 1192 2277
3925 2 3 1 41 0 2070 2123 1149
3926 2 3 1 41 0 1149 2123 2087
3927 2 3 1 41 0 2111 2123 1233
3928 2 3 1 41 0 2123 2111 2087
3929 2 3 1 41 0 1133 2188 2011
3930 2 3 1 41 0 2188 2259 2011
3931 2 3 1 41 0 2267 1209 84
3932 2 3 1 41 0 2277 2202 2105
3933 2 3 1 41 0 2148 2202 2277
3934 2 3 1 41 0 2035 1265 2270
3935 2 3 1 41 0 2270 1341 2035
3936 2 3 1 41 0 2073 1341 2270
3937 2 3 1 41 0 2245 33 354
3938 2 3 1 41 0 2245 1458 636
3939 2 3 1 41 0 1458 2245 354
3940 2 3 1 41 0 635 1457 2246
3941 2 3 1 41 0 1682 1303 537
3942 2 3 1 41 0 1303 1682 1377
3943 2 3 1 41 0 1682 1569 1377
3944 2 3 1 41 0 926 1696 1741
3945 2 3 1 41 0 926 2065 1696
3946 2 3 1 41 0 1696 2065 1287
3947 2 3 1 41 0 2045 1279 2064
3948 2 3 1 41 0 2064 1279 2163
3949 2 3 1 41 0 2045 2064 2239
3950 2 3 1 41 0 2200 1207 1164
3951 2 3 1 41 0 2200 2214 1207
3952 2 3 1 41 0 2200 1339 2214
3953 2 3 1 41 0 1517 1682 537
3954 2 3 1 41 0 1517 1666 1682
3955 2 3 1 41 0 1628 1682 1666
3956 2 3 1 41 0 921 2206 1120
3957 2 3 1 41 0 1108 455 2206
3958 2 3 1 41 0 2206 455 1120
3959 2 3 1 41 0 2255 1157 501
3960 2 3 1 41 0 2255 1146 707
3961 2 3 1 41 0 2125 2255 707
3962 2 3 1 41 0 2125 1157 2255
3963 2 3 1 41 0 1291 2027 1210
3964 2 3 1 41 0 1211 2027 1295
3965 2 3 1 41 0 2027 1291 1975
3966 2 3 1 41 0 1975 1295 2027
3967 2 3 1 41 0 1949 1932 2273
3968 2 3 1 41 0 2189 1949 2273
3969 2 3 1 41 0 2273 2174 2243
3970 2 3 1 41 0 1713 532 2238
3971 2 3 1 41 0 2238 1305 1713
3972 2 3 1 41 0 2244 554 798
3973 2 3 1 41 0 2101 2244 798
3974 2 3 1 41 0 479 1924 2227
3975 2 3 1 41 0 2227 1958 479
3976 2 3 1 41 0 2227 1242 1958
3977 2 3 1 41 0 1996 1242 2227
3978 2 3 1 41 0 2042 2019 2200
3979 2 3 1 41 0 2019 1339 2200
3980 2 3 1 41 0 2250 2130 2102
3981 2 3 1 41 0 2102 1553 2250
3982 2 3 1 41 0 1890 2250 1553
3983 2 3 1 41 0 2250 423 2130
3984 2 3 1 41 0 2119 1602 1266
3985 2 3 1 41 0 2202 1602 2119
3986 2 3 1 41 0 1959 2105 2119
3987 2 3 1 41 0 2105 2202 2119
3988 2 3 1 41 0 1032 447 1073
3989 2 3 1 41 0 1073 447 1786
3990 2 3 1 41 0 1073 1786 1117
3991 2 3 1 41 0 1601 1791 2247
3992 2 3 1 41 0 1892 1601 1855
3993 2 3 1 41 0 625 2212 971
3994 2 3 1 41 0 2212 625 874
3995 2 3 1 41 0 858 971 2212
3996 2 3 1 41 0 1921 1932 480
3997 2 3 1 41 0 1921 2174 1932
3998 2 3 1 41 0 2174 2273 1932
3999 2 3 1 41 0 1180 1388 2239
4000 2 3 1 41 0 2239 1219 1180
4001 2 3 1 41 0 1219 2239 2064
4002 2 3 1 41 0 258 259 839
4003 2 3 1 41 0 258 839 2232
4004 2 3 1 41 0 2022 2000 2042
4005 2 3 1 41 0 2022 2042 2200
4006 2 3 1 41 0 1507 2261 2288
4007 2 3 1 41 0 2289 1152 1939
4008 2 3 1 41 0 1939 1986 2289
4009 2 3 1 41 0 2290 2280 2197
4010 2 3 1 41 0 2197 1122 2290
4011 2 3 1 41 0 2063 1200 2291
4012 2 3 1 41 0 2291 1200 1192
4013 2 3 1 41 0 31 2187 2293
4014 2 3 1 41 0 2293 2187 1108
4015 2 3 1 41 0 2293 30 31
4016 2 3 1 41 0 41 982 2294
4017 2 3 1 41 0 2294 982 1109
4018 2 3 1 41 0 2295 339 338
4019 2 3 1 41 0 338 1906 2295
4020 2 3 1 41 0 77 78 2296
4021 2 3 1 41 0 2296 78 1305
4022 2 3 1 41 0 1818 1398 2297
4023 2 3 1 41 0 2297 1398 1791
4024 2 3 1 41 0 1939 2219 2298
4025 2 3 1 41 0 2298 1918 1939
4026 2 3 1 41 0 1553 529 2299
4027 2 3 1 41 0 1716 853 2299
4028 2 3 1 41 0 2299 529 1716
4029 2 3 1 41 0 2299 853 1553
4030 2 3 1 41 0 2292 708 2150
4031 2 3 1 41 0 1520 2292 2150
4032 2 3 1 41 0 1944 1507 2288
4033 2 3 1 41 0 2295 1906 2197
4034 2 3 1 41 0 2280 2295 2197
4035 2 3 1 41 0 342 341 2288
4036 2 3 1 41 0 342 2288 2261
4037 2 3 1 41 0 2280 2290 1944
4038 2 3 1 41 0 981 30 2293
4039 2 3 1 41 0 981 2293 1108
4040 2 3 1 41 0 42 41 2294
4041 2 3 1 41 0 2294 2186 42
4042 2 3 1 41 0 1109 2186 2294
4043 2 3 1 41 0 2274 999 1784
4044 2 3 1 41 0 1784 1449 2274
4045 2 3 1 41 0 1828 999 2274
4046 2 3 1 41 0 2292 1520 2256
4047 2 3 1 41 0 2256 1220 2292
4048 2 3 1 41 0 2198 2185 2194
4049 2 3 1 41 0 2291 1192 2062
4050 2 3 1 41 0 1234 2291 2062
4051 2 3 1 41 0 2291 1234 2116
4052 2 3 1 41 0 2063 2291 2116
4053 2 3 1 41 0 76 77 2296
4054 2 3 1 41 0 2296 1761 76
4055 2 3 1 41 0 2238 1761 2296
4056 2 3 1 41 0 2296 1305 2238
4057 2 3 1 41 0 1826 2209 524
4058 2 3 1 41 0 524 2209 2277
4059 2 3 1 41 0 875 2209 1826
4060 2 3 1 41 0 2277 2209 2148
4061 2 3 1 41 0 2275 2024 1443
4062 2 3 1 41 0 2275 1443 2248
4063 2 3 1 41 0 2248 2030 2275
4064 2 3 1 41 0 2244 552 2173
4065 2 3 1 41 0 2244 2173 869
4066 2 3 1 41 0 1971 2022 1164
4067 2 3 1 41 0 2022 1971 2031
4068 2 3 1 41 0 2000 2022 2226
4069 2 3 1 41 0 2031 2226 2022
4070 2 3 1 41 0 264 1776 1828
4071 2 3 1 41 0 1828 263 264
4072 2 3 1 41 0 635 2186 622
4073 2 3 1 41 0 635 2246 2186
4074 2 3 1 41 0 43 2186 2246
4075 2 3 1 41 0 623 2187 636
4076 2 3 1 41 0 2187 2245 636
4077 2 3 1 41 0 2245 2187 32
4078 2 3 1 41 0 2275 2284 2029
4079 2 3 1 41 0 2275 2068 2284
4080 2 3 1 41 0 2030 2068 2275
4081 2 3 1 41 0 750 2113 2210
4082 2 3 1 41 0 2298 1908 1910
4083 2 3 1 41 0 1908 2298 2219
4084 2 3 1 41 0 2298 1910 1913
4085 2 3 1 41 0 2298 1913 1935
4086 2 3 1 41 0 1935 1918 2298
4087 2 3 1 41 0 126 2198 2300
4088 2 3 1 41 0 2194 1941 2301
4089 2 3 1 41 0 2301 2198 2194
4090 2 3 1 41 0 2302 750 2210
4091 2 3 1 41 0 2212 750 2302
4092 2 3 1 41 0 2300 2198 2301
4093 2 3 1 41 0 2300 1948 125
4094 2 3 1 41 0 125 126 2300
4095 2 3 1 41 0 1630 552 844
4096 2 3 1 41 0 2173 552 1630
4097 2 3 1 41 0 1630 792 2173
4098 2 3 1 41 0 339 2295 2280
4099 2 3 1 41 0 2302 1588 858
4100 2 3 1 41 0 858 2212 2302
4101 2 3 1 41 0 2210 1588 2302
4102 2 3 1 41 0 2185 210 2285
4103 2 3 1 41 0 210 2185 2198
4104 2 3 1 41 0 2198 2 210
4105 2 3 1 41 0 708 2278 2235
4106 2 3 1 41 0 2278 708 2292
4107 2 3 1 41 0 1944 2290 646
4108 2 3 1 41 0 2290 1934 646
4109 2 3 1 41 0 1934 2290 1122
4110 2 3 1 41 0 2297 477 1818
4111 2 3 1 41 0 1892 477 2297
4112 2 3 1 41 0 2297 1601 1892
4113 2 3 1 41 0 1791 1601 2297
4114 2 3 1 41 0 2237 1317 2303
4115 2 3 1 41 0 2303 1986 2237
4116 2 3 1 41 0 552 2244 2304
4117 2 3 1 41 0 2304 2244 2101
4118 2 3 1 41 0 2305 764 1373
4119 2 3 1 41 0 2278 2292 2306
4120 2 3 1 41 0 2306 2292 1220
4121 2 3 1 41 0 2303 1317 764
4122 2 3 1 41 0 2289 732 1152
4123 2 3 1 41 0 2289 1986 2303
4124 2 3 1 41 0 662 1362 2276
4125 2 3 1 41 0 2276 1220 662
4126 2 3 1 41 0 2276 1300 2278
4127 2 3 1 41 0 1220 2276 2306
4128 2 3 1 41 0 2306 2276 2278
4129 2 3 1 41 0 2305 1373 1665
4130 2 3 1 41 0 2280 340 339
4131 2 3 1 41 0 1941 1125 2301
4132 2 3 1 41 0 2301 1125 1948
4133 2 3 1 41 0 2301 1948 2300
4134 2 3 1 41 0 2305 2303 764
4135 2 3 1 41 0 2305 732 2289
4136 2 3 1 41 0 2289 2303 2305
4137 2 3 1 41 0 340 2280 2307
4138 2 3 1 41 0 1944 2288 2307
4139 2 3 1 41 0 2307 2280 1944
4140 2 3 1 41 0 732 2305 2308
4141 2 3 1 41 0 2308 2305 1665
4142 2 3 1 41 0 2309 462 209
4143 2 3 1 41 0 2309 3 23
4144 2 3 1 41 0 23 462 2309
4145 2 3 1 41 0 209 3 2309
4146 2 3 1 41 0 20 463 2310
4147 2 3 1 41 0 34 4 2310
4148 2 3 1 41 0 2310 463 34
4149 2 3 1 41 0 2310 4 20
4150 2 3 1 41 0 2311 44 2246
4151 2 3 1 41 0 2246 1457 2311
4152 2 3 1 41 0 284 283 2311
4153 2 3 1 41 0 284 2311 1457
4154 2 3 1 41 0 14 44 2311
4155 2 3 1 41 0 14 2311 283
4156 2 3 1 41 0 341 340 2307
4157 2 3 1 41 0 341 2307 2288
4158 2 3 1 41 0 1851 732 2308
4159 2 3 1 41 0 1665 1865 2308
4160 2 3 1 41 0 530 1851 2308
4161 2 3 1 41 0 530 2308 1865
4162 2 3 1 41 0 1857 552 2304
4163 2 3 1 41 0 2304 2101 804
4164 2 3 1 41 0 804 851 2304
4165 2 3 1 41 0 1857 2304 851
4166 2 3 1 41 0 2071 1526 733
4167 2 3 1 41 0 1807 2071 733
4168 2 3 1 41 0 2040 102 103
4169 2 3 1 41 0 1873 2040 103
4170 2 3 1 41 0 2312 590 304
4171 2 3 1 41 0 1865 590 2312
4172 2 3 1 41 0 304 303 2312
4173 2 3 1 41 0 2312 303 530
4174 2 3 1 41 0 1865 2312 530
4175 2 3 1 41 0 2313 84 85
4176 2 3 1 41 0 2267 84 2313
4177 2 3 1 41 0 2313 85 86
4178 2 3 1 41 0 2313 2269 823
4179 2 3 1 41 0 823 2267 2313
4180 2 3 1 41 0 2269 2313 86
4181 2 3 2 44 0 336 152 12
4182 2 3 2 44 0 2316 2353 2361
4183 2 3 2 44 0 2366 2320 2321
4184 2 3 2 44 0 2370 2355 2321
4185 2 3 2 44 0 321 320 2374
4186 2 3 2 44 0 2375 2356 2323
4187 2 3 2 44 0 151 152 2377
4188 2 3 2 44 0 2321 2355 2378
4189 2 3 2 44 0 2323 2356 2378
4190 2 3 2 44 0 2378 2355 2323
4191 2 3 2 44 0 2381 181 182
4192 2 3 2 44 0 2386 182 183
4193 2 3 2 44 0 335 334 2372
4194 2 3 2 44 0 2381 182 2386
4195 2 3 2 44 0 2377 152 336
4196 2 3 2 44 0 2348 2326 2358
4197 2 3 2 44 0 2361 2367 2363
4198 2 3 2 44 0 2325 2327 2365
4199 2 3 2 44 0 2368 189 190
4200 2 3 2 44 0 2371 186 187
4201 2 3 2 44 0 187 188 2365
4202 2 3 2 44 0 187 2365 2371
4203 2 3 2 44 0 2330 2329 2383
4204 2 3 2 44 0 188 189 2368
4205 2 3 2 44 0 188 2368 2365
4206 2 3 2 44 0 2325 2365 2368
4207 2 3 2 44 0 149 150 2385
4208 2 3 2 44 0 2366 2321 2378
4209 2 3 2 44 0 2366 2378 2356
4210 2 3 2 44 0 2386 183 184
4211 2 3 2 44 0 2329 2330 2386
4212 2 3 2 44 0 349 350 2383
4213 2 3 2 44 0 2327 2360 2369
4214 2 3 2 44 0 2380 331 330
4215 2 3 2 44 0 2376 2320 2380
4216 2 3 2 44 0 2375 2328 2372
4217 2 3 2 44 0 2356 2375 2372
4218 2 3 2 44 0 2369 347 348
4219 2 3 2 44 0 2373 337 338
4220 2 3 2 44 0 2373 2358 2326
4221 2 3 2 44 0 2354 343 344
4222 2 3 2 44 0 2370 2321 2320
4223 2 3 2 44 0 2370 2320 2376
4224 2 3 2 44 0 2370 2376 2363
4225 2 3 2 44 0 49 50 2393
4226 2 3 2 44 0 2333 2398 2406
4227 2 3 2 44 0 206 10 2410
4228 2 3 2 44 0 2416 2392 2339
4229 2 3 2 44 0 2418 2390 2341
4230 2 3 2 44 0 2341 2390 2419
4231 2 3 2 44 0 2428 2425 2317
4232 2 3 2 44 0 2429 2357 2319
4233 2 3 2 44 0 2318 2415 2432
4234 2 3 2 44 0 2433 2422 2351
4235 2 3 2 44 0 2357 2429 2434
4236 2 3 2 44 0 2434 2429 2340
4237 2 3 2 44 0 2331 2421 2435
4238 2 3 2 44 0 2435 2430 2331
4239 2 3 2 44 0 2437 2416 2339
4240 2 3 2 44 0 2438 2394 2352
4241 2 3 2 44 0 2440 2436 2338
4242 2 3 2 44 0 2336 2400 2442
4243 2 3 2 44 0 2314 2420 2442
4244 2 3 2 44 0 2444 2415 2343
4245 2 3 2 44 0 2339 2395 2446
4246 2 3 2 44 0 2447 2367 2315
4247 2 3 2 44 0 2447 2398 2333
4248 2 3 2 44 0 342 343 2448
4249 2 3 2 44 0 2448 343 2354
4250 2 3 2 44 0 2448 2424 342
4251 2 3 2 44 0 2338 2404 2450
4252 2 3 2 44 0 2450 2404 2347
4253 2 3 2 44 0 2451 2402 2341
4254 2 3 2 44 0 2451 2434 2340
4255 2 3 2 44 0 2364 2445 2452
4256 2 3 2 44 0 2452 2324 2364
4257 2 3 2 44 0 2353 2316 2453
4258 2 3 2 44 0 2344 2420 2453
4259 2 3 2 44 0 2347 2424 2455
4260 2 3 2 44 0 2456 2439 2364
4261 2 3 2 44 0 2364 2324 2456
4262 2 3 2 44 0 2460 2419 2317
4263 2 3 2 44 0 2317 2436 2460
4264 2 3 2 44 0 2314 2438 2461
4265 2 3 2 44 0 2462 2420 2314
4266 2 3 2 44 0 2314 2461 2462
4267 2 3 2 44 0 2463 2420 2344
4268 2 3 2 44 0 2465 2415 2318
4269 2 3 2 44 0 2333 2415 2465
4270 2 3 2 44 0 2359 2439 2466
4271 2 3 2 44 0 2349 2405 2467
4272 2 3 2 44 0 2350 2459 2467
4273 2 3 2 44 0 2467 2459 2349
4274 2 3 2 44 0 2468 2461 2382
4275 2 3 2 44 0 2469 2358 2345
4276 2 3 2 44 0 2348 2358 2469
4277 2 3 2 44 0 2345 2425 2469
4278 2 3 2 44 0 2364 2439 2470
4279 2 3 2 44 0 2354 344 2471
4280 2 3 2 44 0 2471 2445 2354
4281 2 3 2 44 0 2472 2458 2344
4282 2 3 2 44 0 2473 2404 2338
4283 2 3 2 44 0 2474 2326 2348
4284 2 3 2 44 0 2348 2416 2474
4285 2 3 2 44 0 2341 2419 2475
4286 2 3 2 44 0 2357 2434 2475
4287 2 3 2 44 0 2350 2422 2476
4288 2 3 2 44 0 2352 2430 2477
4289 2 3 2 44 0 2477 2438 2352
4290 2 3 2 44 0 2478 2455 2354
4291 2 3 2 44 0 2354 2445 2478
4292 2 3 2 44 0 2479 198 199
4293 2 3 2 44 0 2351 198 2479
4294 2 3 2 44 0 2481 2384 2322
4295 2 3 2 44 0 2481 2470 2349
4296 2 3 2 44 0 2318 2432 2482
4297 2 3 2 44 0 2315 2367 2483
4298 2 3 2 44 0 2483 2367 2361
4299 2 3 2 44 0 2343 2415 2484
4300 2 3 2 44 0 2484 2415 2333
4301 2 3 2 44 0 2364 2470 2485
4302 2 3 2 44 0 2485 2445 2364
4303 2 3 2 44 0 2347 2455 2486
4304 2 3 2 44 0 2488 2421 2315
4305 2 3 2 44 0 2489 2362 2387
4306 2 3 2 44 0 2490 2472 2316
4307 2 3 2 44 0 2316 2361 2492
4308 2 3 2 44 0 2363 2376 2492
4309 2 3 2 44 0 2492 2361 2363
4310 2 3 2 44 0 319 16 2496
4311 2 3 2 44 0 181 2381 2497
4312 2 3 2 44 0 2497 180 181
4313 2 3 2 44 0 2498 2371 2365
4314 2 3 2 44 0 2365 2327 2498
4315 2 3 2 44 0 2499 2379 2319
4316 2 3 2 44 0 2495 2324 2452
4317 2 3 2 44 0 2499 2362 2489
4318 2 3 2 44 0 2379 2499 2489
4319 2 3 2 44 0 2491 2497 2381
4320 2 3 2 44 0 2481 2349 2459
4321 2 3 2 44 0 2384 2481 2459
4322 2 3 2 44 0 2459 2350 2476
4323 2 3 2 44 0 2459 2476 2387
4324 2 3 2 44 0 2453 2316 2472
4325 2 3 2 44 0 2453 2472 2344
4326 2 3 2 44 0 2496 16 337
4327 2 3 2 44 0 2373 2496 337
4328 2 3 2 44 0 2401 2331 2403
4329 2 3 2 44 0 2401 2403 2388
4330 2 3 2 44 0 2395 2339 2392
4331 2 3 2 44 0 2418 2341 2402
4332 2 3 2 44 0 2391 2418 2402
4333 2 3 2 44 0 2416 2348 2428
4334 2 3 2 44 0 2416 2428 2392
4335 2 3 2 44 0 2438 2314 2412
4336 2 3 2 44 0 2394 2438 2412
4337 2 3 2 44 0 2407 2446 2395
4338 2 3 2 44 0 2447 2315 2421
4339 2 3 2 44 0 2398 2447 2421
4340 2 3 2 44 0 2484 2333 2406
4341 2 3 2 44 0 2399 2484 2406
4342 2 3 2 44 0 2413 2351 2479
4343 2 3 2 44 0 2412 2314 2442
4344 2 3 2 44 0 2412 2442 2400
4345 2 3 2 44 0 2408 200 201
4346 2 3 2 44 0 2451 2340 2414
4347 2 3 2 44 0 2402 2451 2414
4348 2 3 2 44 0 2433 2351 2413
4349 2 3 2 44 0 2444 2346 2432
4350 2 3 2 44 0 2415 2444 2432
4351 2 3 2 44 0 2437 2374 2474
4352 2 3 2 44 0 2437 2474 2416
4353 2 3 2 44 0 2460 2357 2475
4354 2 3 2 44 0 2460 2475 2419
4355 2 3 2 44 0 2462 2353 2453
4356 2 3 2 44 0 2420 2462 2453
4357 2 3 2 44 0 2463 2336 2442
4358 2 3 2 44 0 2420 2463 2442
4359 2 3 2 44 0 2488 2382 2435
4360 2 3 2 44 0 2421 2488 2435
4361 2 3 2 44 0 2433 2476 2422
4362 2 3 2 44 0 2473 2338 2436
4363 2 3 2 44 0 2448 2354 2455
4364 2 3 2 44 0 2448 2455 2424
4365 2 3 2 44 0 2428 2348 2469
4366 2 3 2 44 0 2428 2469 2425
4367 2 3 2 44 0 2431 195 196
4368 2 3 2 44 0 2435 2382 2477
4369 2 3 2 44 0 2435 2477 2430
4370 2 3 2 44 0 2451 2341 2475
4371 2 3 2 44 0 2451 2475 2434
4372 2 3 2 44 0 2440 2357 2460
4373 2 3 2 44 0 2440 2460 2436
4374 2 3 2 44 0 2477 2382 2461
4375 2 3 2 44 0 2438 2477 2461
4376 2 3 2 44 0 2449 2362 2499
4377 2 3 2 44 0 2456 2466 2439
4378 2 3 2 44 0 2485 2322 2478
4379 2 3 2 44 0 2445 2485 2478
4380 2 3 2 44 0 2445 2471 2452
4381 2 3 2 44 0 2468 2382 2488
4382 2 3 2 44 0 2449 2338 2450
4383 2 3 2 44 0 2478 2322 2486
4384 2 3 2 44 0 2478 2486 2455
4385 2 3 2 44 0 2468 2353 2462
4386 2 3 2 44 0 2461 2468 2462
4387 2 3 2 44 0 2481 2322 2485
4388 2 3 2 44 0 2481 2485 2470
4389 2 3 2 44 0 352 353 2491
4390 2 3 2 44 0 2490 2316 2492
4391 2 3 2 44 0 2496 2373 2326
4392 2 3 2 44 0 2486 2464 2347
4393 2 3 2 44 0 2464 2322 2384
4394 2 3 2 44 0 2322 2464 2486
4395 2 3 2 44 0 2427 45 46
4396 2 3 2 44 0 2328 2375 2494
4397 2 3 2 44 0 2431 2422 2350
4398 2 3 2 44 0 2431 2350 2467
4399 2 3 2 44 0 2431 2467 2405
4400 2 3 2 44 0 2457 52 53
4401 2 3 2 44 0 2480 339 340
4402 2 3 2 44 0 2480 2342 2345
4403 2 3 2 44 0 2347 2464 2450
4404 2 3 2 44 0 2449 2464 2362
4405 2 3 2 44 0 2449 2450 2464
4406 2 3 2 44 0 327 326 2441
4407 2 3 2 44 0 2463 2441 2336
4408 2 3 2 44 0 146 147 2487
4409 2 3 2 44 0 2346 2444 2487
4410 2 3 2 44 0 320 319 2496
4411 2 3 2 44 0 2496 2326 2474
4412 2 3 2 44 0 2496 2374 320
4413 2 3 2 44 0 2374 2496 2474
4414 2 3 2 44 0 2458 328 327
4415 2 3 2 44 0 327 2441 2458
4416 2 3 2 44 0 2463 2344 2458
4417 2 3 2 44 0 2441 2463 2458
4418 2 3 2 44 0 2351 197 198
4419 2 3 2 44 0 341 342 2424
4420 2 3 2 44 0 2347 2404 2424
4421 2 3 2 44 0 149 2417 148
4422 2 3 2 44 0 2385 2417 149
4423 2 3 2 44 0 2315 2483 2488
4424 2 3 2 44 0 2483 2361 2353
4425 2 3 2 44 0 2468 2483 2353
4426 2 3 2 44 0 2468 2488 2483
4427 2 3 2 44 0 2489 2387 2476
4428 2 3 2 44 0 2433 2489 2476
4429 2 3 2 44 0 2465 2447 2333
4430 2 3 2 44 0 2367 2447 2465
4431 2 3 2 44 0 2465 2318 2367
4432 2 3 2 44 0 2426 2379 2489
4433 2 3 2 44 0 2433 2426 2489
4434 2 3 2 44 0 2329 2386 184
4435 2 3 2 44 0 350 2330 2383
4436 2 3 2 44 0 2323 2355 2454
4437 2 3 2 44 0 2346 2417 2454
4438 2 3 2 44 0 2317 2425 2436
4439 2 3 2 44 0 2425 2345 2342
4440 2 3 2 44 0 2473 2425 2342
4441 2 3 2 44 0 2425 2473 2436
4442 2 3 2 44 0 2319 2357 2440
4443 2 3 2 44 0 2319 2440 2499
4444 2 3 2 44 0 2449 2440 2338
4445 2 3 2 44 0 2449 2499 2440
4446 2 3 2 44 0 2429 2319 2379
4447 2 3 2 44 0 2482 2367 2318
4448 2 3 2 44 0 2482 2355 2370
4449 2 3 2 44 0 2482 2370 2363
4450 2 3 2 44 0 2363 2367 2482
4451 2 3 2 44 0 2493 2368 190
4452 2 3 2 44 0 2493 190 191
4453 2 3 2 44 0 2490 2492 2376
4454 2 3 2 44 0 2490 2376 2380
4455 2 3 2 44 0 2497 353 354
4456 2 3 2 44 0 353 2497 2491
4457 2 3 2 44 0 2494 2375 2323
4458 2 3 2 44 0 2330 350 351
4459 2 3 2 44 0 2480 2345 339
4460 2 3 2 44 0 2334 2443 2500
4461 2 3 2 44 0 2397 2500 2501
4462 2 3 2 44 0 2501 2500 2443
4463 2 3 2 44 0 2502 2500 2397
4464 2 3 2 44 0 46 47 2503
4465 2 3 2 44 0 2504 48 49
4466 2 3 2 44 0 2505 2457 53
4467 2 3 2 44 0 2507 2401 2388
4468 2 3 2 44 0 2332 2401 2507
4469 2 3 2 44 0 2323 2454 2509
4470 2 3 2 44 0 2509 2454 2417
4471 2 3 2 44 0 2509 2494 2323
4472 2 3 2 44 0 2390 2418 2510
4473 2 3 2 44 0 2511 2418 2391
4474 2 3 2 44 0 2399 2406 2513
4475 2 3 2 44 0 2332 2457 2513
4476 2 3 2 44 0 2402 2414 2514
4477 2 3 2 44 0 2515 2431 196
4478 2 3 2 44 0 2422 2431 2515
4479 2 3 2 44 0 2334 2403 2516
4480 2 3 2 44 0 2332 2507 2517
4481 2 3 2 44 0 150 151 2519
4482 2 3 2 44 0 2328 2494 2519
4483 2 3 2 44 0 2522 2403 2334
4484 2 3 2 44 0 2388 2403 2522
4485 2 3 2 44 0 2334 2500 2522
4486 2 3 2 44 0 2523 2342 2480
4487 2 3 2 44 0 2490 2380 2524
4488 2 3 2 44 0 2524 2380 330
4489 2 3 2 44 0 2525 2407 2395
4490 2 3 2 44 0 2426 2433 2526
4491 2 3 2 44 0 2526 2433 2413
4492 2 3 2 44 0 2527 339 2345
4493 2 3 2 44 0 2345 2358 2527
4494 2 3 2 44 0 338 339 2527
4495 2 3 2 44 0 2454 2355 2529
4496 2 3 2 44 0 2482 2432 2529
4497 2 3 2 44 0 2529 2355 2482
4498 2 3 2 44 0 2530 2368 2493
4499 2 3 2 44 0 2325 2368 2530
4500 2 3 2 44 0 2444 2343 2532
4501 2 3 2 44 0 2533 2507 2388
4502 2 3 2 44 0 2334 2516 2534
4503 2 3 2 44 0 2417 2346 2535
4504 2 3 2 44 0 2535 2346 2487
4505 2 3 2 44 0 2536 2335 2410
4506 2 3 2 44 0 2401 2332 2537
4507 2 3 2 44 0 2406 2398 2537
4508 2 3 2 44 0 2331 2401 2539
4509 2 3 2 44 0 2398 2421 2539
4510 2 3 2 44 0 2539 2421 2331
4511 2 3 2 44 0 2410 2335 2541
4512 2 3 2 44 0 2541 2335 2423
4513 2 3 2 44 0 2542 2339 2446
4514 2 3 2 44 0 2543 2430 2352
4515 2 3 2 44 0 2544 2403 2331
4516 2 3 2 44 0 2331 2430 2544
4517 2 3 2 44 0 2340 2409 2545
4518 2 3 2 44 0 2545 2414 2340
4519 2 3 2 44 0 2409 2337 2547
4520 2 3 2 44 0 2548 2352 2394
4521 2 3 2 44 0 2549 2327 2325
4522 2 3 2 44 0 2360 2327 2549
4523 2 3 2 44 0 2550 2428 2317
4524 2 3 2 44 0 2392 2428 2550
4525 2 3 2 44 0 2389 2547 2551
4526 2 3 2 44 0 2409 2340 2552
4527 2 3 2 44 0 2552 2340 2429
4528 2 3 2 44 0 2553 2337 2409
4529 2 3 2 44 0 2554 2392 2390
4530 2 3 2 44 0 2395 2392 2554
4531 2 3 2 44 0 2390 2510 2554
4532 2 3 2 44 0 2555 200 2408
4533 2 3 2 44 0 2373 338 2527
4534 2 3 2 44 0 2373 2527 2358
4535 2 3 2 44 0 2556 2343 2484
4536 2 3 2 44 0 2399 2556 2484
4537 2 3 2 44 0 2537 2398 2539
4538 2 3 2 44 0 2537 2539 2401
4539 2 3 2 44 0 2403 2544 2516
4540 2 3 2 44 0 2473 2342 2523
4541 2 3 2 44 0 2473 2523 2404
4542 2 3 2 44 0 2537 2332 2513
4543 2 3 2 44 0 2406 2537 2513
4544 2 3 2 44 0 2547 2389 2545
4545 2 3 2 44 0 2409 2547 2545
4546 2 3 2 44 0 2418 2511 2510
4547 2 3 2 44 0 2526 2337 2553
4548 2 3 2 44 0 2526 2553 2426
4549 2 3 2 44 0 2506 2335 2536
4550 2 3 2 44 0 2506 2536 2427
4551 2 3 2 44 0 2543 2544 2430
4552 2 3 2 44 0 2529 2432 2346
4553 2 3 2 44 0 2454 2529 2346
4554 2 3 2 44 0 2385 150 2519
4555 2 3 2 44 0 2385 2519 2494
4556 2 3 2 44 0 2505 2399 2513
4557 2 3 2 44 0 2505 2513 2457
4558 2 3 2 44 0 2519 151 2377
4559 2 3 2 44 0 2328 2519 2377
4560 2 3 2 44 0 2509 2417 2385
4561 2 3 2 44 0 2494 2509 2385
4562 2 3 2 44 0 199 200 2555
4563 2 3 2 44 0 199 2555 2479
4564 2 3 2 44 0 2533 2388 2502
4565 2 3 2 44 0 2502 2388 2522
4566 2 3 2 44 0 2502 2522 2500
4567 2 3 2 44 0 2501 2443 2506
4568 2 3 2 44 0 2556 2399 2505
4569 2 3 2 44 0 2507 2533 2517
4570 2 3 2 44 0 2518 2521 2508
4571 2 3 2 44 0 2391 2402 2514
4572 2 3 2 44 0 2525 2395 2554
4573 2 3 2 44 0 2525 2554 2510
4574 2 3 2 44 0 2531 2410 2541
4575 2 3 2 44 0 2511 2391 2394
4576 2 3 2 44 0 2515 196 197
4577 2 3 2 44 0 2553 2409 2552
4578 2 3 2 44 0 147 148 2535
4579 2 3 2 44 0 2535 2487 147
4580 2 3 2 44 0 2535 148 2417
4581 2 3 2 44 0 53 9 2505
4582 2 3 2 44 0 9 2556 2505
4583 2 3 2 44 0 197 2351 2515
4584 2 3 2 44 0 2515 2351 2422
4585 2 3 2 44 0 2546 2405 2349
4586 2 3 2 44 0 2546 2349 2470
4587 2 3 2 44 0 2546 2439 2359
4588 2 3 2 44 0 2546 2470 2439
4589 2 3 2 44 0 2407 2525 2540
4590 2 3 2 44 0 2540 2400 2407
4591 2 3 2 44 0 2412 2400 2540
4592 2 3 2 44 0 2394 2412 2511
4593 2 3 2 44 0 2540 2511 2412
4594 2 3 2 44 0 204 2508 203
4595 2 3 2 44 0 2408 2528 2555
4596 2 3 2 44 0 2413 2479 2555
4597 2 3 2 44 0 2443 2334 2534
4598 2 3 2 44 0 205 206 2531
4599 2 3 2 44 0 2531 206 2410
4600 2 3 2 44 0 2549 2325 2324
4601 2 3 2 44 0 2324 2495 2549
4602 2 3 2 44 0 2549 2495 2360
4603 2 3 2 44 0 346 2360 2495
4604 2 3 2 44 0 2548 2394 2391
4605 2 3 2 44 0 2523 341 2424
4606 2 3 2 44 0 2424 2404 2523
4607 2 3 2 44 0 340 2523 2480
4608 2 3 2 44 0 340 341 2523
4609 2 3 2 44 0 2391 2514 2548
4610 2 3 2 44 0 2548 2514 2411
4611 2 3 2 44 0 2330 2491 2386
4612 2 3 2 44 0 2381 2386 2491
4613 2 3 2 44 0 2464 2387 2362
4614 2 3 2 44 0 2387 2384 2459
4615 2 3 2 44 0 2384 2387 2464
4616 2 3 2 44 0 323 2542 324
4617 2 3 2 44 0 2423 2518 2541
4618 2 3 2 44 0 2531 2541 2518
4619 2 3 2 44 0 2491 2330 351
4620 2 3 2 44 0 351 352 2491
4621 2 3 2 44 0 2317 2419 2550
4622 2 3 2 44 0 2550 2419 2390
4623 2 3 2 44 0 2390 2392 2550
4624 2 3 2 44 0 330 329 2524
4625 2 3 2 44 0 2524 2472 2490
4626 2 3 2 44 0 2324 2325 2530
4627 2 3 2 44 0 2456 2324 2530
4628 2 3 2 44 0 2456 2530 2466
4629 2 3 2 44 0 2493 2466 2530
4630 2 3 2 44 0 2517 2457 2332
4631 2 3 2 44 0 2501 2503 2397
4632 2 3 2 44 0 2427 46 2503
4633 2 3 2 44 0 2427 2503 2506
4634 2 3 2 44 0 2501 2506 2503
4635 2 3 2 44 0 2504 49 2393
4636 2 3 2 44 0 2533 2504 2393
4637 2 3 2 44 0 2397 2504 2502
4638 2 3 2 44 0 2504 2533 2502
4639 2 3 2 44 0 336 335 2377
4640 2 3 2 44 0 335 2372 2377
4641 2 3 2 44 0 2328 2377 2372
4642 2 3 2 44 0 2551 2538 2389
4643 2 3 2 44 0 2557 2538 2423
4644 2 3 2 44 0 2559 51 52
4645 2 3 2 44 0 2559 2457 2517
4646 2 3 2 44 0 52 2457 2559
4647 2 3 2 44 0 2560 2383 2329
4648 2 3 2 44 0 2555 2528 2561
4649 2 3 2 44 0 2561 2413 2555
4650 2 3 2 44 0 2561 2528 2337
4651 2 3 2 44 0 2562 332 331
4652 2 3 2 44 0 331 2380 2562
4653 2 3 2 44 0 2339 2542 2563
4654 2 3 2 44 0 2542 2446 2564
4655 2 3 2 44 0 2565 2506 2443
4656 2 3 2 44 0 2335 2506 2565
4657 2 3 2 44 0 2566 2565 2443
4658 2 3 2 44 0 2443 2534 2566
4659 2 3 2 44 0 2400 2336 2567
4660 2 3 2 44 0 2567 2407 2400
4661 2 3 2 44 0 195 2431 2568
4662 2 3 2 44 0 2568 2431 2405
4663 2 3 2 44 0 333 332 2569
4664 2 3 2 44 0 349 2383 2570
4665 2 3 2 44 0 2569 332 2562
4666 2 3 2 44 0 2366 2569 2562
4667 2 3 2 44 0 2320 2366 2562
4668 2 3 2 44 0 2320 2562 2380
4669 2 3 2 44 0 2561 2337 2526
4670 2 3 2 44 0 2413 2561 2526
4671 2 3 2 44 0 2437 2339 2563
4672 2 3 2 44 0 2534 2571 2566
4673 2 3 2 44 0 194 195 2568
4674 2 3 2 44 0 2569 2366 2356
4675 2 3 2 44 0 203 2508 2558
4676 2 3 2 44 0 2558 202 203
4677 2 3 2 44 0 348 349 2570
4678 2 3 2 44 0 2570 2369 348
4679 2 3 2 44 0 2369 2498 2327
4680 2 3 2 44 0 146 2487 2532
4681 2 3 2 44 0 146 2532 145
4682 2 3 2 44 0 2532 2487 2444
4683 2 3 2 44 0 2538 2520 2389
4684 2 3 2 44 0 2520 2538 2557
4685 2 3 2 44 0 2396 2528 2558
4686 2 3 2 44 0 2558 2408 201
4687 2 3 2 44 0 2558 2528 2408
4688 2 3 2 44 0 201 202 2558
4689 2 3 2 44 0 347 2369 2360
4690 2 3 2 44 0 2360 346 347
4691 2 3 2 44 0 2552 2379 2426
4692 2 3 2 44 0 2553 2552 2426
4693 2 3 2 44 0 2429 2379 2552
4694 2 3 2 44 0 2510 2511 2540
4695 2 3 2 44 0 2540 2525 2510
4696 2 3 2 44 0 2532 2343 2556
4697 2 3 2 44 0 2371 2560 186
4698 2 3 2 44 0 186 2560 185
4699 2 3 2 44 0 10 45 2536
4700 2 3 2 44 0 2410 10 2536
4701 2 3 2 44 0 2536 45 2427
4702 2 3 2 44 0 2521 2551 2396
4703 2 3 2 44 0 2569 334 333
4704 2 3 2 44 0 2569 2356 2372
4705 2 3 2 44 0 334 2569 2372
4706 2 3 2 44 0 2564 325 324
4707 2 3 2 44 0 2564 324 2542
4708 2 3 2 44 0 2466 2493 191
4709 2 3 2 44 0 2359 2466 191
4710 2 3 2 44 0 191 192 2359
4711 2 3 2 44 0 2544 2543 2516
4712 2 3 2 44 0 2423 2521 2518
4713 2 3 2 44 0 2538 2521 2423
4714 2 3 2 44 0 2521 2538 2551
4715 2 3 2 44 0 2572 2441 326
4716 2 3 2 44 0 326 325 2572
4717 2 3 2 44 0 2521 2396 2573
4718 2 3 2 44 0 2558 2508 2573
4719 2 3 2 44 0 2573 2396 2558
4720 2 3 2 44 0 2573 2508 2521
4721 2 3 2 44 0 48 2504 2574
4722 2 3 2 44 0 2574 2504 2397
4723 2 3 2 44 0 2352 2548 2575
4724 2 3 2 44 0 2575 2548 2411
4725 2 3 2 44 0 2575 2543 2352
4726 2 3 2 44 0 2576 2423 2335
4727 2 3 2 44 0 2577 184 185
4728 2 3 2 44 0 2577 2560 2329
4729 2 3 2 44 0 2329 184 2577
4730 2 3 2 44 0 185 2560 2577
4731 2 3 2 44 0 2423 2576 2557
4732 2 3 2 44 0 2575 2411 2512
4733 2 3 2 44 0 2543 2575 2512
4734 2 3 2 44 0 2576 2335 2565
4735 2 3 2 44 0 2566 2576 2565
4736 2 3 2 44 0 2336 2441 2572
4737 2 3 2 44 0 2572 325 2564
4738 2 3 2 44 0 2574 2503 47
4739 2 3 2 44 0 47 48 2574
4740 2 3 2 44 0 2397 2503 2574
4741 2 3 2 44 0 2570 2498 2369
4742 2 3 2 44 0 2498 2570 2371
4743 2 3 2 44 0 2570 2383 2560
4744 2 3 2 44 0 2371 2570 2560
4745 2 3 2 44 0 2534 2516 2512
4746 2 3 2 44 0 2543 2512 2516
4747 2 3 2 44 0 2571 2534 2512
4748 2 3 2 44 0 145 2556 9
4749 2 3 2 44 0 2532 2556 145
4750 2 3 2 44 0 2414 2545 2578
4751 2 3 2 44 0 2545 2389 2578
4752 2 3 2 44 0 2578 2389 2520
4753 2 3 2 44 0 2518 204 205
4754 2 3 2 44 0 2518 2508 204
4755 2 3 2 44 0 2531 2518 205
4756 2 3 2 44 0 322 321 2563
4757 2 3 2 44 0 2437 2563 2374
4758 2 3 2 44 0 2563 321 2374
4759 2 3 2 44 0 2514 2414 2578
4760 2 3 2 44 0 2547 2337 2396
4761 2 3 2 44 0 2396 2337 2528
4762 2 3 2 44 0 2551 2547 2396
4763 2 3 2 44 0 2546 2359 2579
4764 2 3 2 44 0 2411 2514 2580
4765 2 3 2 44 0 2580 2514 2578
4766 2 3 2 44 0 192 193 2579
4767 2 3 2 44 0 192 2579 2359
4768 2 3 2 44 0 2579 193 194
4769 2 3 2 44 0 2579 194 2568
4770 2 3 2 44 0 2579 2405 2546
4771 2 3 2 44 0 2405 2579 2568
4772 2 3 2 44 0 2557 2571 2520
4773 2 3 2 44 0 2576 2571 2557
4774 2 3 2 44 0 2576 2566 2571
4775 2 3 2 44 0 2336 2572 2567
4776 2 3 2 44 0 2407 2567 2446
4777 2 3 2 44 0 2564 2446 2567
4778 2 3 2 44 0 2567 2572 2564
4779 2 3 2 44 0 2411 2580 2512
4780 2 3 2 44 0 2512 2580 2571
4781 2 3 2 44 0 2520 2580 2578
4782 2 3 2 44 0 2580 2520 2571
4783 2 3 2 44 0 2581 2524 329
4784 2 3 2 44 0 2472 2524 2581
4785 2 3 2 44 0 329 328 2581
4786 2 3 2 44 0 2581 328 2458
4787 2 3 2 44 0 2472 2581 2458
4788 2 3 2 44 0 2542 323 322
4789 2 3 2 44 0 2563 2542 322
4790 2 3 2 44 0 50 51 2582
4791 2 3 2 44 0 2582 2393 50
4792 2 3 2 44 0 2533 2393 2582
4793 2 3 2 44 0 2533 2582 2517
4794 2 3 2 44 0 2582 51 2559
4795 2 3 2 44 0 2517 2582 2559
4796 2 3 2 44 0 13 2497 354
4797 2 3 2 44 0 2452 2471 2583
4798 2 3 2 44 0 2583 2495 2452
4799 2 3 2 44 0 2583 345 346
4800 2 3 2 44 0 2495 2583 346
4801 2 3 2 44 0 344 345 2583
4802 2 3 2 44 0 344 2583 2471
4803 2 3 2 44 0 13 5 180
4804 2 3 2 44 0 2497 13 180
4805 2 3 3 46 0 144 8 355
4806 2 3 3 46 0 379 2587 380
4807 2 3 3 46 0 2589 391 390
4808 2 3 3 46 0 373 2591 374
4809 2 3 3 46 0 370 2595 371
4810 2 3 3 46 0 2597 399 398
4811 2 3 3 46 0 366 2598 367
4812 2 3 3 46 0 2599 401 400
4813 2 3 3 46 0 2601 405 404
4814 2 3 3 46 0 410 2609 17
4815 2 3 3 46 0 2609 355 17
4816 2 3 3 46 0 210 2607 2
4817 2 3 3 46 0 400 2602 2599
4818 2 3 3 46 0 387 2606 2586
4819 2 3 3 46 0 392 2604 2590
4820 2 3 3 46 0 2603 369 2596
4821 2 3 3 46 0 2610 360 359
4822 2 3 3 46 0 2608 2610 359
4823 2 3 3 46 0 2618 377 376
4824 2 3 3 46 0 2619 359 358
4825 2 3 3 46 0 2620 372 371
4826 2 3 3 46 0 2622 234 235
4827 2 3 3 46 0 2623 258 259
4828 2 3 3 46 0 54 2624 12
4829 2 3 3 46 0 260 2626 259
4830 2 3 3 46 0 2627 82 83
4831 2 3 3 46 0 236 2629 235
4832 2 3 3 46 0 221 2630 220
4833 2 3 3 46 0 2632 126 2
4834 2 3 3 46 0 2607 2632 2
4835 2 3 3 46 0 144 2633 143
4836 2 3 3 46 0 2633 144 355
4837 2 3 3 46 0 2634 114 115
4838 2 3 3 46 0 2637 103 104
4839 2 3 3 46 0 2626 2623 259
4840 2 3 3 46 0 2602 2623 2626
4841 2 3 3 46 0 2629 2622 235
4842 2 3 3 46 0 2604 2622 2629
4843 2 3 3 46 0 2619 2608 359
4844 2 3 3 46 0 2621 2618 376
4845 2 3 3 46 0 2614 86 87
4846 2 3 3 46 0 262 2615 261
4847 2 3 3 46 0 274 2617 273
4848 2 3 3 46 0 223 2612 222
4849 2 3 3 46 0 214 2611 213
4850 2 3 3 46 0 238 2613 237
4851 2 3 3 46 0 2616 65 66
4852 2 3 3 46 0 2636 54 55
4853 2 3 3 46 0 2624 54 2636
4854 2 3 3 46 0 2595 2614 2628
4855 2 3 3 46 0 261 2626 260
4856 2 3 3 46 0 261 2615 2626
4857 2 3 3 46 0 2602 2626 2599
4858 2 3 3 46 0 2615 2599 2626
4859 2 3 3 46 0 2627 81 82
4860 2 3 3 46 0 2627 2603 2596
4861 2 3 3 46 0 222 2630 221
4862 2 3 3 46 0 222 2612 2630
4863 2 3 3 46 0 2606 2630 2586
4864 2 3 3 46 0 2612 2586 2630
4865 2 3 3 46 0 237 2629 236
4866 2 3 3 46 0 237 2613 2629
4867 2 3 3 46 0 2604 2629 2590
4868 2 3 3 46 0 2613 2590 2629
4869 2 3 3 46 0 2634 113 114
4870 2 3 3 46 0 2634 2587 2605
4871 2 3 3 46 0 217 2635 216
4872 2 3 3 46 0 2637 2618 2621
4873 2 3 3 46 0 355 2609 2633
4874 2 3 3 46 0 386 2606 387
4875 2 3 3 46 0 2603 370 369
4876 2 3 3 46 0 2632 125 126
4877 2 3 3 46 0 2584 2632 2607
4878 2 3 3 46 0 88 2614 87
4879 2 3 3 46 0 88 2628 2614
4880 2 3 3 46 0 2611 212 213
4881 2 3 3 46 0 379 2640 2587
4882 2 3 3 46 0 2640 2605 2587
4883 2 3 3 46 0 2641 66 67
4884 2 3 3 46 0 66 2641 2616
4885 2 3 3 46 0 273 2642 272
4886 2 3 3 46 0 2642 273 2617
4887 2 3 3 46 0 233 2643 232
4888 2 3 3 46 0 257 2644 256
4889 2 3 3 46 0 2601 2642 2617
4890 2 3 3 46 0 113 2605 112
4891 2 3 3 46 0 2605 113 2634
4892 2 3 3 46 0 2638 2639 2640
4893 2 3 3 46 0 2639 2605 2640
4894 2 3 3 46 0 111 2639 110
4895 2 3 3 46 0 2639 2638 110
4896 2 3 3 46 0 2608 2624 2610
4897 2 3 3 46 0 2624 2636 2610
4898 2 3 3 46 0 2644 255 256
4899 2 3 3 46 0 2643 231 232
4900 2 3 3 46 0 395 2594 396
4901 2 3 3 46 0 394 2593 395
4902 2 3 3 46 0 393 2592 394
4903 2 3 3 46 0 389 2588 390
4904 2 3 3 46 0 112 2639 111
4905 2 3 3 46 0 112 2605 2639
4906 2 3 3 46 0 2621 2647 2637
4907 2 3 3 46 0 2648 270 271
4908 2 3 3 46 0 270 2648 2646
4909 2 3 3 46 0 2649 2618 2637
4910 2 3 3 46 0 2589 2653 2643
4911 2 3 3 46 0 2653 231 2643
4912 2 3 3 46 0 2597 2654 2644
4913 2 3 3 46 0 2654 255 2644
4914 2 3 3 46 0 2588 2655 390
4915 2 3 3 46 0 2655 2589 390
4916 2 3 3 46 0 2657 405 2601
4917 2 3 3 46 0 2661 90 91
4918 2 3 3 46 0 2593 2663 395
4919 2 3 3 46 0 2663 2594 395
4920 2 3 3 46 0 2594 2664 396
4921 2 3 3 46 0 2665 2588 389
4922 2 3 3 46 0 257 2668 2644
4923 2 3 3 46 0 233 2669 2643
4924 2 3 3 46 0 272 2648 271
4925 2 3 3 46 0 2655 2653 2589
4926 2 3 3 46 0 2665 2650 2588
4927 2 3 3 46 0 2632 2584 2659
4928 2 3 3 46 0 258 2668 257
4929 2 3 3 46 0 258 2623 2668
4930 2 3 3 46 0 234 2669 233
4931 2 3 3 46 0 234 2622 2669
4932 2 3 3 46 0 2642 2648 272
4933 2 3 3 46 0 2646 2648 2652
4934 2 3 3 46 0 138 139 2658
4935 2 3 3 46 0 269 270 2646
4936 2 3 3 46 0 143 2633 142
4937 2 3 3 46 0 104 105 2649
4938 2 3 3 46 0 2637 104 2649
4939 2 3 3 46 0 102 103 2647
4940 2 3 3 46 0 103 2637 2647
4941 2 3 3 46 0 2628 2661 2620
4942 2 3 3 46 0 2588 2650 2655
4943 2 3 3 46 0 2643 2669 2589
4944 2 3 3 46 0 2622 2604 2669
4945 2 3 3 46 0 2644 2668 2597
4946 2 3 3 46 0 2623 2602 2668
4947 2 3 3 46 0 90 2661 89
4948 2 3 3 46 0 2628 88 89
4949 2 3 3 46 0 2628 89 2661
4950 2 3 3 46 0 392 2590 393
4951 2 3 3 46 0 2656 151 152
4952 2 3 3 46 0 2656 2608 2619
4953 2 3 3 46 0 2660 274 275
4954 2 3 3 46 0 2601 2617 2660
4955 2 3 3 46 0 2660 2657 2601
4956 2 3 3 46 0 274 2660 2617
4957 2 3 3 46 0 371 2628 2620
4958 2 3 3 46 0 2628 371 2595
4959 2 3 3 46 0 2635 215 216
4960 2 3 3 46 0 106 2649 105
4961 2 3 3 46 0 403 2652 404
4962 2 3 3 46 0 384 2675 385
4963 2 3 3 46 0 250 2676 2670
4964 2 3 3 46 0 2679 381 380
4965 2 3 3 46 0 19 2680 384
4966 2 3 3 46 0 2681 2664 2670
4967 2 3 3 46 0 115 2682 2634
4968 2 3 3 46 0 142 2684 141
4969 2 3 3 46 0 2684 142 2633
4970 2 3 3 46 0 2687 2624 2608
4971 2 3 3 46 0 2687 2656 152
4972 2 3 3 46 0 2656 2687 2608
4973 2 3 3 46 0 2688 214 215
4974 2 3 3 46 0 214 2688 2611
4975 2 3 3 46 0 2609 2684 2633
4976 2 3 3 46 0 2635 2688 215
4977 2 3 3 46 0 151 2678 150
4978 2 3 3 46 0 151 2656 2678
4979 2 3 3 46 0 2678 2619 2625
4980 2 3 3 46 0 2656 2619 2678
4981 2 3 3 46 0 2675 2585 385
4982 2 3 3 46 0 227 2677 226
4983 2 3 3 46 0 251 2676 250
4984 2 3 3 46 0 12 2687 152
4985 2 3 3 46 0 12 2624 2687
4986 2 3 3 46 0 2681 2676 2662
4987 2 3 3 46 0 2670 2676 2681
4988 2 3 3 46 0 2680 2607 2667
4989 2 3 3 46 0 249 250 2670
4990 2 3 3 46 0 246 247 2671
4991 2 3 3 46 0 243 244 2672
4992 2 3 3 46 0 226 2673 225
4993 2 3 3 46 0 226 2677 2673
4994 2 3 3 46 0 2677 2665 2673
4995 2 3 3 46 0 116 2682 115
4996 2 3 3 46 0 2680 19 2584
4997 2 3 3 46 0 2607 2680 2584
4998 2 3 3 46 0 2680 2675 384
4999 2 3 3 46 0 2611 2675 2667
5000 2 3 3 46 0 2667 2675 2680
5001 2 3 3 46 0 396 2681 397
5002 2 3 3 46 0 2664 2681 396
5003 2 3 3 46 0 2681 2662 397
5004 2 3 3 46 0 228 2677 227
5005 2 3 3 46 0 2677 228 2650
5006 2 3 3 46 0 2665 2677 2650
5007 2 3 3 46 0 2662 2676 2651
5008 2 3 3 46 0 2671 2594 2663
5009 2 3 3 46 0 2594 2671 2664
5010 2 3 3 46 0 2593 2672 2663
5011 2 3 3 46 0 254 255 2654
5012 2 3 3 46 0 230 231 2653
5013 2 3 3 46 0 2601 2652 2642
5014 2 3 3 46 0 404 2652 2601
5015 2 3 3 46 0 2642 2652 2648
5016 2 3 3 46 0 149 2678 2625
5017 2 3 3 46 0 2678 149 150
5018 2 3 3 46 0 391 2669 2604
5019 2 3 3 46 0 2669 391 2589
5020 2 3 3 46 0 2604 392 391
5021 2 3 3 46 0 399 2668 2602
5022 2 3 3 46 0 2668 399 2597
5023 2 3 3 46 0 2602 400 399
5024 2 3 3 46 0 2635 2585 2688
5025 2 3 3 46 0 2675 2611 2688
5026 2 3 3 46 0 2688 2585 2675
5027 2 3 3 46 0 2600 364 363
5028 2 3 3 46 0 2679 2631 381
5029 2 3 3 46 0 83 2689 2627
5030 2 3 3 46 0 2689 2603 2627
5031 2 3 3 46 0 2690 220 2630
5032 2 3 3 46 0 2606 2690 2630
5033 2 3 3 46 0 410 2691 2609
5034 2 3 3 46 0 2691 2684 2609
5035 2 3 3 46 0 2692 373 372
5036 2 3 3 46 0 2693 401 2599
5037 2 3 3 46 0 2695 358 357
5038 2 3 3 46 0 210 2696 2607
5039 2 3 3 46 0 2696 2667 2607
5040 2 3 3 46 0 2697 91 92
5041 2 3 3 46 0 91 2697 2661
5042 2 3 3 46 0 2587 2701 380
5043 2 3 3 46 0 2679 2701 2682
5044 2 3 3 46 0 2701 2679 380
5045 2 3 3 46 0 118 2702 117
5046 2 3 3 46 0 2704 63 64
5047 2 3 3 46 0 2705 2670 2664
5048 2 3 3 46 0 2697 2620 2661
5049 2 3 3 46 0 249 2705 248
5050 2 3 3 46 0 249 2670 2705
5051 2 3 3 46 0 2694 376 375
5052 2 3 3 46 0 2621 376 2694
5053 2 3 3 46 0 2695 2619 358
5054 2 3 3 46 0 2625 2619 2695
5055 2 3 3 46 0 211 2696 210
5056 2 3 3 46 0 2634 2701 2587
5057 2 3 3 46 0 2634 2682 2701
5058 2 3 3 46 0 409 2691 410
5059 2 3 3 46 0 84 2689 83
5060 2 3 3 46 0 2690 219 220
5061 2 3 3 46 0 373 2692 2591
5062 2 3 3 46 0 2692 2685 2591
5063 2 3 3 46 0 2703 2685 2692
5064 2 3 3 46 0 93 2703 92
5065 2 3 3 46 0 2703 2697 92
5066 2 3 3 46 0 2667 2696 211
5067 2 3 3 46 0 2702 2631 2679
5068 2 3 3 46 0 2702 2679 2682
5069 2 3 3 46 0 2616 2600 2704
5070 2 3 3 46 0 2650 228 229
5071 2 3 3 46 0 2651 252 253
5072 2 3 3 46 0 2697 372 2620
5073 2 3 3 46 0 2697 2692 372
5074 2 3 3 46 0 2703 2692 2697
5075 2 3 3 46 0 2698 262 263
5076 2 3 3 46 0 2599 2615 2698
5077 2 3 3 46 0 2698 2693 2599
5078 2 3 3 46 0 262 2698 2615
5079 2 3 3 46 0 94 2703 93
5080 2 3 3 46 0 94 2685 2703
5081 2 3 3 46 0 2651 251 252
5082 2 3 3 46 0 2676 251 2651
5083 2 3 3 46 0 145 356 9
5084 2 3 3 46 0 212 2667 211
5085 2 3 3 46 0 212 2611 2667
5086 2 3 3 46 0 2699 2691 409
5087 2 3 3 46 0 2618 2674 377
5088 2 3 3 46 0 2616 64 65
5089 2 3 3 46 0 2704 64 2616
5090 2 3 3 46 0 2706 2591 2685
5091 2 3 3 46 0 229 2710 2650
5092 2 3 3 46 0 2655 2710 2653
5093 2 3 3 46 0 2710 2655 2650
5094 2 3 3 46 0 2711 86 2614
5095 2 3 3 46 0 217 2715 2635
5096 2 3 3 46 0 253 2716 2651
5097 2 3 3 46 0 107 2717 106
5098 2 3 3 46 0 2718 141 2684
5099 2 3 3 46 0 141 2718 140
5100 2 3 3 46 0 2595 2711 2614
5101 2 3 3 46 0 2717 2649 106
5102 2 3 3 46 0 218 2715 217
5103 2 3 3 46 0 2711 85 86
5104 2 3 3 46 0 2709 2666 2631
5105 2 3 3 46 0 2702 2709 2631
5106 2 3 3 46 0 240 2712 239
5107 2 3 3 46 0 2693 2698 2713
5108 2 3 3 46 0 229 230 2710
5109 2 3 3 46 0 230 2653 2710
5110 2 3 3 46 0 2716 253 254
5111 2 3 3 46 0 254 2654 2716
5112 2 3 3 46 0 119 2709 118
5113 2 3 3 46 0 2702 118 2709
5114 2 3 3 46 0 95 96 2706
5115 2 3 3 46 0 2685 95 2706
5116 2 3 3 46 0 2685 94 95
5117 2 3 3 46 0 218 219 2690
5118 2 3 3 46 0 84 85 2689
5119 2 3 3 46 0 248 2705 247
5120 2 3 3 46 0 247 2705 2671
5121 2 3 3 46 0 2705 2664 2671
5122 2 3 3 46 0 116 117 2682
5123 2 3 3 46 0 117 2702 2682
5124 2 3 3 46 0 2699 2658 2718
5125 2 3 3 46 0 2684 2691 2718
5126 2 3 3 46 0 2718 2691 2699
5127 2 3 3 46 0 2584 19 383
5128 2 3 3 46 0 2709 119 120
5129 2 3 3 46 0 120 2666 2709
5130 2 3 3 46 0 368 2686 2596
5131 2 3 3 46 0 2596 369 368
5132 2 3 3 46 0 2649 2717 2618
5133 2 3 3 46 0 2717 2674 2618
5134 2 3 3 46 0 2716 2654 2597
5135 2 3 3 46 0 2662 2651 2716
5136 2 3 3 46 0 2718 139 140
5137 2 3 3 46 0 2658 139 2718
5138 2 3 3 46 0 96 97 2706
5139 2 3 3 46 0 97 2683 2706
5140 2 3 3 46 0 98 2683 97
5141 2 3 3 46 0 2585 2635 2715
5142 2 3 3 46 0 2690 2606 2715
5143 2 3 3 46 0 2715 218 2690
5144 2 3 3 46 0 370 2711 2595
5145 2 3 3 46 0 2603 2689 2711
5146 2 3 3 46 0 2711 370 2603
5147 2 3 3 46 0 85 2711 2689
5148 2 3 3 46 0 125 2659 124
5149 2 3 3 46 0 125 2632 2659
5150 2 3 3 46 0 63 2714 62
5151 2 3 3 46 0 63 2704 2714
5152 2 3 3 46 0 2720 146 147
5153 2 3 3 46 0 238 2723 2613
5154 2 3 3 46 0 356 2724 18
5155 2 3 3 46 0 2724 357 18
5156 2 3 3 46 0 2645 2725 403
5157 2 3 3 46 0 2652 2725 2646
5158 2 3 3 46 0 2725 2652 403
5159 2 3 3 46 0 2725 2645 2646
5160 2 3 3 46 0 2672 2726 2663
5161 2 3 3 46 0 2722 79 80
5162 2 3 3 46 0 2726 244 245
5163 2 3 3 46 0 2672 244 2726
5164 2 3 3 46 0 145 2720 356
5165 2 3 3 46 0 145 146 2720
5166 2 3 3 46 0 2720 2724 356
5167 2 3 3 46 0 238 239 2723
5168 2 3 3 46 0 239 2712 2723
5169 2 3 3 46 0 121 2666 120
5170 2 3 3 46 0 148 149 2625
5171 2 3 3 46 0 78 79 2707
5172 2 3 3 46 0 386 2715 2606
5173 2 3 3 46 0 2715 386 2585
5174 2 3 3 46 0 385 2585 386
5175 2 3 3 46 0 2590 2613 2723
5176 2 3 3 46 0 2723 393 2590
5177 2 3 3 46 0 393 2723 2592
5178 2 3 3 46 0 2723 2712 2592
5179 2 3 3 46 0 281 2700 280
5180 2 3 3 46 0 363 2708 2600
5181 2 3 3 46 0 2708 363 362
5182 2 3 3 46 0 2708 2704 2600
5183 2 3 3 46 0 2708 2714 2704
5184 2 3 3 46 0 2722 2707 79
5185 2 3 3 46 0 2686 2707 2722
5186 2 3 3 46 0 2729 407 406
5187 2 3 3 46 0 147 2731 2720
5188 2 3 3 46 0 2616 2730 2600
5189 2 3 3 46 0 2616 2641 2730
5190 2 3 3 46 0 2731 148 2625
5191 2 3 3 46 0 148 2731 147
5192 2 3 3 46 0 2700 2729 2721
5193 2 3 3 46 0 98 99 2727
5194 2 3 3 46 0 2683 98 2727
5195 2 3 3 46 0 2728 2647 2621
5196 2 3 3 46 0 2694 2728 2621
5197 2 3 3 46 0 78 2707 77
5198 2 3 3 46 0 2671 2726 246
5199 2 3 3 46 0 2726 2671 2663
5200 2 3 3 46 0 2726 245 246
5201 2 3 3 46 0 2610 2636 2734
5202 2 3 3 46 0 2731 2695 357
5203 2 3 3 46 0 357 2724 2731
5204 2 3 3 46 0 2695 2731 2625
5205 2 3 3 46 0 2720 2731 2724
5206 2 3 3 46 0 2640 379 378
5207 2 3 3 46 0 2722 80 81
5208 2 3 3 46 0 2722 81 2627
5209 2 3 3 46 0 2596 2722 2627
5210 2 3 3 46 0 2722 2596 2686
5211 2 3 3 46 0 241 2712 240
5212 2 3 3 46 0 2647 101 102
5213 2 3 3 46 0 2728 101 2647
5214 2 3 3 46 0 361 2735 362
5215 2 3 3 46 0 2736 121 122
5216 2 3 3 46 0 2736 2733 2666
5217 2 3 3 46 0 121 2736 2666
5218 2 3 3 46 0 2743 2728 2694
5219 2 3 3 46 0 2737 2729 406
5220 2 3 3 46 0 2721 2729 2737
5221 2 3 3 46 0 405 2737 406
5222 2 3 3 46 0 405 2657 2737
5223 2 3 3 46 0 365 2719 2738
5224 2 3 3 46 0 2674 2717 2745
5225 2 3 3 46 0 2658 2699 2740
5226 2 3 3 46 0 278 2741 277
5227 2 3 3 46 0 2741 2737 2657
5228 2 3 3 46 0 2737 2741 2721
5229 2 3 3 46 0 2743 375 374
5230 2 3 3 46 0 2743 2694 375
5231 2 3 3 46 0 2727 2743 2683
5232 2 3 3 46 0 382 2733 383
5233 2 3 3 46 0 2707 2686 2732
5234 2 3 3 46 0 2600 2730 364
5235 2 3 3 46 0 2719 365 364
5236 2 3 3 46 0 2735 2708 362
5237 2 3 3 46 0 2746 75 76
5238 2 3 3 46 0 2727 2747 2743
5239 2 3 3 46 0 2747 2728 2743
5240 2 3 3 46 0 2748 2738 2744
5241 2 3 3 46 0 2749 2733 2736
5242 2 3 3 46 0 2733 2749 2659
5243 2 3 3 46 0 2739 2750 2645
5244 2 3 3 46 0 2751 361 360
5245 2 3 3 46 0 75 2752 74
5246 2 3 3 46 0 2753 123 124
5247 2 3 3 46 0 2753 2659 2749
5248 2 3 3 46 0 2659 2753 124
5249 2 3 3 46 0 123 2753 2749
5250 2 3 3 46 0 2754 2741 2657
5251 2 3 3 46 0 2660 2754 2657
5252 2 3 3 46 0 2755 281 282
5253 2 3 3 46 0 281 2755 2700
5254 2 3 3 46 0 69 2759 68
5255 2 3 3 46 0 59 2760 58
5256 2 3 3 46 0 2761 2729 2700
5257 2 3 3 46 0 2763 2636 55
5258 2 3 3 46 0 2636 2763 2734
5259 2 3 3 46 0 11 2765 282
5260 2 3 3 46 0 2591 2766 374
5261 2 3 3 46 0 2743 2766 2683
5262 2 3 3 46 0 2766 2743 374
5263 2 3 3 46 0 2754 275 276
5264 2 3 3 46 0 2660 275 2754
5265 2 3 3 46 0 2706 2766 2591
5266 2 3 3 46 0 2706 2683 2766
5267 2 3 3 46 0 277 2754 276
5268 2 3 3 46 0 277 2741 2754
5269 2 3 3 46 0 2765 2755 282
5270 2 3 3 46 0 2755 2761 2700
5271 2 3 3 46 0 56 2763 55
5272 2 3 3 46 0 2749 122 123
5273 2 3 3 46 0 2736 122 2749
5274 2 3 3 46 0 268 2750 267
5275 2 3 3 46 0 2750 266 267
5276 2 3 3 46 0 2610 2751 360
5277 2 3 3 46 0 2610 2734 2751
5278 2 3 3 46 0 99 2747 2727
5279 2 3 3 46 0 2747 99 100
5280 2 3 3 46 0 101 2728 2747
5281 2 3 3 46 0 101 2747 100
5282 2 3 3 46 0 2751 2735 361
5283 2 3 3 46 0 71 72 2748
5284 2 3 3 46 0 75 2746 2752
5285 2 3 3 46 0 2752 2598 2742
5286 2 3 3 46 0 2598 2752 2732
5287 2 3 3 46 0 2746 2732 2752
5288 2 3 3 46 0 279 280 2700
5289 2 3 3 46 0 2721 279 2700
5290 2 3 3 46 0 2761 407 2729
5291 2 3 3 46 0 2762 2730 2641
5292 2 3 3 46 0 2744 69 70
5293 2 3 3 46 0 2759 69 2744
5294 2 3 3 46 0 2744 2738 2719
5295 2 3 3 46 0 2738 2748 2767
5296 2 3 3 46 0 2767 2742 2598
5297 2 3 3 46 0 2755 2765 2761
5298 2 3 3 46 0 2592 2712 2764
5299 2 3 3 46 0 2672 2593 2764
5300 2 3 3 46 0 2758 11 136
5301 2 3 3 46 0 2765 11 2758
5302 2 3 3 46 0 2738 366 365
5303 2 3 3 46 0 2751 2760 2735
5304 2 3 3 46 0 61 2756 60
5305 2 3 3 46 0 2757 223 224
5306 2 3 3 46 0 223 2757 2612
5307 2 3 3 46 0 2586 2612 2757
5308 2 3 3 46 0 2748 70 71
5309 2 3 3 46 0 2744 70 2748
5310 2 3 3 46 0 2742 74 2752
5311 2 3 3 46 0 2742 73 74
5312 2 3 3 46 0 2721 278 279
5313 2 3 3 46 0 2721 2741 278
5314 2 3 3 46 0 2719 2759 2744
5315 2 3 3 46 0 2719 2762 2759
5316 2 3 3 46 0 2768 2756 2735
5317 2 3 3 46 0 2768 2760 59
5318 2 3 3 46 0 2760 2768 2735
5319 2 3 3 46 0 2769 2645 2750
5320 2 3 3 46 0 2645 2769 2646
5321 2 3 3 46 0 268 2769 2750
5322 2 3 3 46 0 2734 2770 2751
5323 2 3 3 46 0 2770 2760 2751
5324 2 3 3 46 0 58 2770 57
5325 2 3 3 46 0 58 2760 2770
5326 2 3 3 46 0 2770 56 57
5327 2 3 3 46 0 59 60 2768
5328 2 3 3 46 0 60 2756 2768
5329 2 3 3 46 0 2762 2719 364
5330 2 3 3 46 0 2730 2762 364
5331 2 3 3 46 0 268 269 2769
5332 2 3 3 46 0 269 2646 2769
5333 2 3 3 46 0 2666 382 2631
5334 2 3 3 46 0 382 2666 2733
5335 2 3 3 46 0 381 2631 382
5336 2 3 3 46 0 138 2740 137
5337 2 3 3 46 0 138 2658 2740
5338 2 3 3 46 0 2732 77 2707
5339 2 3 3 46 0 2732 76 77
5340 2 3 3 46 0 2746 76 2732
5341 2 3 3 46 0 2762 67 68
5342 2 3 3 46 0 67 2762 2641
5343 2 3 3 46 0 2759 2762 68
5344 2 3 3 46 0 366 2767 2598
5345 2 3 3 46 0 2767 366 2738
5346 2 3 3 46 0 2756 2708 2735
5347 2 3 3 46 0 2770 2763 56
5348 2 3 3 46 0 2734 2763 2770
5349 2 3 3 46 0 225 2771 224
5350 2 3 3 46 0 2757 2771 2673
5351 2 3 3 46 0 2771 2757 224
5352 2 3 3 46 0 2771 225 2673
5353 2 3 3 46 0 2767 72 73
5354 2 3 3 46 0 72 2767 2748
5355 2 3 3 46 0 2742 2767 73
5356 2 3 3 46 0 2764 241 242
5357 2 3 3 46 0 241 2764 2712
5358 2 3 3 46 0 110 2638 109
5359 2 3 3 46 0 243 2764 242
5360 2 3 3 46 0 2764 243 2672
5361 2 3 3 46 0 2756 2714 2708
5362 2 3 3 46 0 2714 2756 61
5363 2 3 3 46 0 62 2714 61
5364 2 3 3 46 0 2592 2593 394
5365 2 3 3 46 0 2593 2592 2764
5366 2 3 3 46 0 2713 264 265
5367 2 3 3 46 0 401 2693 402
5368 2 3 3 46 0 264 2772 263
5369 2 3 3 46 0 2698 2772 2713
5370 2 3 3 46 0 2772 2698 263
5371 2 3 3 46 0 2772 264 2713
5372 2 3 3 46 0 402 2739 2645
5373 2 3 3 46 0 2645 403 402
5374 2 3 3 46 0 2716 398 2662
5375 2 3 3 46 0 398 2716 2597
5376 2 3 3 46 0 397 2662 398
5377 2 3 3 46 0 408 2765 2758
5378 2 3 3 46 0 2740 408 2758
5379 2 3 3 46 0 407 2761 408
5380 2 3 3 46 0 2765 408 2761
5381 2 3 3 46 0 2699 409 408
5382 2 3 3 46 0 408 2740 2699
5383 2 3 3 46 0 2745 107 108
5384 2 3 3 46 0 107 2745 2717
5385 2 3 3 46 0 367 2732 2686
5386 2 3 3 46 0 2732 367 2598
5387 2 3 3 46 0 2686 368 367
5388 2 3 3 46 0 383 2659 2584
5389 2 3 3 46 0 2659 383 2733
5390 2 3 3 46 0 2740 136 137
5391 2 3 3 46 0 136 2740 2758
5392 2 3 3 46 0 2745 109 2638
5393 2 3 3 46 0 109 2745 108
5394 2 3 3 46 0 2757 388 2586
5395 2 3 3 46 0 2673 388 2757
5396 2 3 3 46 0 387 2586 388
5397 2 3 3 46 0 2665 389 388
5398 2 3 3 46 0 388 2673 2665
5399 2 3 3 46 0 2739 265 266
5400 2 3 3 46 0 265 2739 2713
5401 2 3 3 46 0 2750 2739 266
5402 2 3 3 46 0 2745 378 2674
5403 2 3 3 46 0 378 2745 2638
5404 2 3 3 46 0 2638 2640 378
5405 2 3 3 46 0 377 2674 378
5406 2 3 3 46 0 2693 2739 402
5407 2 3 3 46 0 2713 2739 2693
5408 2 3 2 47 0 136 2791 318
5409 2 3 2 47 0 136 318 11
5410 2 3 2 47 0 136 137 2791
5411 2 3 2 47 0 315 316 2832
5412 2 3 2 47 0 2836 302 303
5413 2 3 2 47 0 316 317 2837
5414 2 3 2 47 0 2822 2785 2812
5415 2 3 2 47 0 2829 2786 2784
5416 2 3 2 47 0 2791 2787 2842
5417 2 3 2 47 0 2842 2837 317
5418 2 3 2 47 0 317 318 2842
5419 2 3 2 47 0 2842 318 2791
5420 2 3 2 47 0 169 170 2830
5421 2 3 2 47 0 172 173 2833
5422 2 3 2 47 0 2829 171 172
5423 2 3 2 47 0 2833 2829 172
5424 2 3 2 47 0 2780 2779 2834
5425 2 3 2 47 0 2839 2788 2789
5426 2 3 2 47 0 2830 170 171
5427 2 3 2 47 0 2829 2830 171
5428 2 3 2 47 0 2830 2829 2784
5429 2 3 2 47 0 2839 287 288
5430 2 3 2 47 0 2837 2832 316
5431 2 3 2 47 0 2831 2825 2786
5432 2 3 2 47 0 289 290 2831
5433 2 3 2 47 0 299 300 2835
5434 2 3 2 47 0 2785 2822 2835
5435 2 3 2 47 0 293 294 2820
5436 2 3 2 47 0 2837 2787 2782
5437 2 3 2 47 0 2787 2837 2842
5438 2 3 2 47 0 2857 2798 2797
5439 2 3 2 47 0 134 135 2868
5440 2 3 2 47 0 2798 2857 2868
5441 2 3 2 47 0 2869 2844 2805
5442 2 3 2 47 0 2870 2858 2799
5443 2 3 2 47 0 2803 2849 2872
5444 2 3 2 47 0 2774 2870 2873
5445 2 3 2 47 0 2805 2844 2875
5446 2 3 2 47 0 2778 2821 2880
5447 2 3 2 47 0 2883 2880 2821
5448 2 3 2 47 0 2804 2880 2883
5449 2 3 2 47 0 2816 2876 2886
5450 2 3 2 47 0 2801 2874 2889
5451 2 3 2 47 0 2803 2872 2891
5452 2 3 2 47 0 2894 2873 2807
5453 2 3 2 47 0 2807 2809 2894
5454 2 3 2 47 0 2802 2888 2897
5455 2 3 2 47 0 2801 2889 2899
5456 2 3 2 47 0 2900 2850 2803
5457 2 3 2 47 0 2817 2852 2901
5458 2 3 2 47 0 2774 2853 2901
5459 2 3 2 47 0 2903 294 295
5460 2 3 2 47 0 2820 294 2903
5461 2 3 2 47 0 295 2877 2903
5462 2 3 2 47 0 2904 2834 2777
5463 2 3 2 47 0 2780 2834 2904
5464 2 3 2 47 0 2777 2902 2904
5465 2 3 2 47 0 2907 2860 2802
5466 2 3 2 47 0 2811 2860 2907
5467 2 3 2 47 0 2908 2894 2809
5468 2 3 2 47 0 2775 2894 2908
5469 2 3 2 47 0 2805 2855 2909
5470 2 3 2 47 0 2804 2883 2909
5471 2 3 2 47 0 2779 2892 2910
5472 2 3 2 47 0 2911 2898 2828
5473 2 3 2 47 0 2828 2783 2911
5474 2 3 2 47 0 2912 2889 2776
5475 2 3 2 47 0 2914 2877 2811
5476 2 3 2 47 0 2828 2893 2915
5477 2 3 2 47 0 2915 2783 2828
5478 2 3 2 47 0 2779 2910 2916
5479 2 3 2 47 0 2918 142 143
5480 2 3 2 47 0 143 2878 2918
5481 2 3 2 47 0 2775 2908 2920
5482 2 3 2 47 0 2922 2893 2824
5483 2 3 2 47 0 2923 2864 2813
5484 2 3 2 47 0 2923 2919 2814
5485 2 3 2 47 0 2813 2919 2923
5486 2 3 2 47 0 2924 2892 2819
5487 2 3 2 47 0 2925 2902 2777
5488 2 3 2 47 0 2925 2908 2809
5489 2 3 2 47 0 2810 2822 2926
5490 2 3 2 47 0 2926 2822 2812
5491 2 3 2 47 0 2926 2879 2810
5492 2 3 2 47 0 2927 2823 2815
5493 2 3 2 47 0 2928 2893 2828
5494 2 3 2 47 0 2929 2869 2805
5495 2 3 2 47 0 2929 2883 2821
5496 2 3 2 47 0 2930 2878 2808
5497 2 3 2 47 0 2930 2910 2818
5498 2 3 2 47 0 2931 293 2820
5499 2 3 2 47 0 2820 2898 2931
5500 2 3 2 47 0 2802 2860 2932
5501 2 3 2 47 0 2812 2785 2933
5502 2 3 2 47 0 2933 2872 2812
5503 2 3 2 47 0 127 128 2934
5504 2 3 2 47 0 2934 2895 127
5505 2 3 2 47 0 2935 2876 2814
5506 2 3 2 47 0 2815 2902 2936
5507 2 3 2 47 0 2937 2853 2774
5508 2 3 2 47 0 2775 2853 2937
5509 2 3 2 47 0 2774 2873 2937
5510 2 3 2 47 0 2820 2914 2938
5511 2 3 2 47 0 2938 2898 2820
5512 2 3 2 47 0 2939 2902 2815
5513 2 3 2 47 0 2815 2823 2939
5514 2 3 2 47 0 2799 2858 2940
5515 2 3 2 47 0 2819 2892 2941
5516 2 3 2 47 0 160 161 2942
5517 2 3 2 47 0 2942 161 2816
5518 2 3 2 47 0 2781 2840 2944
5519 2 3 2 47 0 2813 2928 2944
5520 2 3 2 47 0 2776 2865 2945
5521 2 3 2 47 0 141 142 2946
5522 2 3 2 47 0 2801 2895 2947
5523 2 3 2 47 0 2948 2928 2828
5524 2 3 2 47 0 2828 2898 2948
5525 2 3 2 47 0 2949 2870 2799
5526 2 3 2 47 0 2950 2914 2811
5527 2 3 2 47 0 2951 128 129
5528 2 3 2 47 0 2841 2827 2952
5529 2 3 2 47 0 2953 2782 2787
5530 2 3 2 47 0 2826 2782 2953
5531 2 3 2 47 0 2954 2837 2782
5532 2 3 2 47 0 2832 2837 2954
5533 2 3 2 47 0 2779 2780 2955
5534 2 3 2 47 0 2955 2892 2779
5535 2 3 2 47 0 2960 15 301
5536 2 3 2 47 0 2778 2838 2961
5537 2 3 2 47 0 2905 2780 2939
5538 2 3 2 47 0 2905 2939 2823
5539 2 3 2 47 0 2911 2783 2959
5540 2 3 2 47 0 2952 2827 2961
5541 2 3 2 47 0 2952 2961 2838
5542 2 3 2 47 0 2934 128 2951
5543 2 3 2 47 0 2934 2951 2793
5544 2 3 2 47 0 2919 2813 2944
5545 2 3 2 47 0 2919 2944 2840
5546 2 3 2 47 0 2935 2814 2919
5547 2 3 2 47 0 2841 2935 2919
5548 2 3 2 47 0 2946 142 2918
5549 2 3 2 47 0 2818 2946 2918
5550 2 3 2 47 0 300 15 2960
5551 2 3 2 47 0 300 2960 2835
5552 2 3 2 47 0 2849 2803 2850
5553 2 3 2 47 0 2855 2805 2875
5554 2 3 2 47 0 2855 2875 2845
5555 2 3 2 47 0 2882 2812 2872
5556 2 3 2 47 0 2850 2900 2862
5557 2 3 2 47 0 2859 2792 2856
5558 2 3 2 47 0 2863 2774 2901
5559 2 3 2 47 0 2863 2901 2852
5560 2 3 2 47 0 2861 2804 2909
5561 2 3 2 47 0 2861 2909 2855
5562 2 3 2 47 0 2942 2816 2871
5563 2 3 2 47 0 2862 2940 2858
5564 2 3 2 47 0 2870 2774 2863
5565 2 3 2 47 0 2858 2870 2863
5566 2 3 2 47 0 158 159 2866
5567 2 3 2 47 0 2871 2816 2886
5568 2 3 2 47 0 2929 2821 2917
5569 2 3 2 47 0 2869 2929 2917
5570 2 3 2 47 0 2949 2807 2873
5571 2 3 2 47 0 2870 2949 2873
5572 2 3 2 47 0 2933 2836 2891
5573 2 3 2 47 0 2872 2933 2891
5574 2 3 2 47 0 2894 2775 2937
5575 2 3 2 47 0 2894 2937 2873
5576 2 3 2 47 0 2876 2935 2886
5577 2 3 2 47 0 2888 2802 2932
5578 2 3 2 47 0 2914 2820 2903
5579 2 3 2 47 0 2877 2914 2903
5580 2 3 2 47 0 2930 2818 2918
5581 2 3 2 47 0 2878 2930 2918
5582 2 3 2 47 0 2926 2812 2882
5583 2 3 2 47 0 2879 2926 2882
5584 2 3 2 47 0 163 164 2884
5585 2 3 2 47 0 2929 2805 2909
5586 2 3 2 47 0 2883 2929 2909
5587 2 3 2 47 0 2912 2776 2913
5588 2 3 2 47 0 2917 2821 2897
5589 2 3 2 47 0 2888 2917 2897
5590 2 3 2 47 0 2912 2808 2899
5591 2 3 2 47 0 2889 2912 2899
5592 2 3 2 47 0 2924 2818 2910
5593 2 3 2 47 0 2892 2924 2910
5594 2 3 2 47 0 2892 2955 2941
5595 2 3 2 47 0 2961 2827 2906
5596 2 3 2 47 0 2893 2922 2915
5597 2 3 2 47 0 2934 2793 2947
5598 2 3 2 47 0 2934 2947 2895
5599 2 3 2 47 0 2938 2781 2948
5600 2 3 2 47 0 2938 2948 2898
5601 2 3 2 47 0 2911 2931 2898
5602 2 3 2 47 0 2907 2802 2906
5603 2 3 2 47 0 2925 2809 2936
5604 2 3 2 47 0 2925 2936 2902
5605 2 3 2 47 0 2939 2780 2904
5606 2 3 2 47 0 2902 2939 2904
5607 2 3 2 47 0 2925 2777 2920
5608 2 3 2 47 0 2908 2925 2920
5609 2 3 2 47 0 2930 2808 2916
5610 2 3 2 47 0 2910 2930 2916
5611 2 3 2 47 0 2950 2781 2938
5612 2 3 2 47 0 2914 2950 2938
5613 2 3 2 47 0 2946 2818 2924
5614 2 3 2 47 0 2948 2781 2944
5615 2 3 2 47 0 2928 2948 2944
5616 2 3 2 47 0 2785 2835 2960
5617 2 3 2 47 0 2811 2921 2950
5618 2 3 2 47 0 2840 2781 2921
5619 2 3 2 47 0 2950 2921 2781
5620 2 3 2 47 0 2941 2782 2826
5621 2 3 2 47 0 2826 2819 2941
5622 2 3 2 47 0 2814 2876 2884
5623 2 3 2 47 0 2878 143 144
5624 2 3 2 47 0 2899 2808 2878
5625 2 3 2 47 0 8 127 2895
5626 2 3 2 47 0 2899 2895 2801
5627 2 3 2 47 0 2923 2814 2884
5628 2 3 2 47 0 2864 2923 2884
5629 2 3 2 47 0 139 140 2958
5630 2 3 2 47 0 2819 2826 2958
5631 2 3 2 47 0 2958 140 141
5632 2 3 2 47 0 2946 2958 141
5633 2 3 2 47 0 2819 2958 2924
5634 2 3 2 47 0 2958 2946 2924
5635 2 3 2 47 0 297 298 2943
5636 2 3 2 47 0 2810 2806 2943
5637 2 3 2 47 0 2907 2921 2811
5638 2 3 2 47 0 2827 2921 2906
5639 2 3 2 47 0 2921 2907 2906
5640 2 3 2 47 0 2896 2809 2807
5641 2 3 2 47 0 2960 301 302
5642 2 3 2 47 0 2933 2785 2960
5643 2 3 2 47 0 302 2836 2960
5644 2 3 2 47 0 2933 2960 2836
5645 2 3 2 47 0 2887 311 312
5646 2 3 2 47 0 2809 2887 2936
5647 2 3 2 47 0 2936 2887 2815
5648 2 3 2 47 0 312 313 2927
5649 2 3 2 47 0 2927 2887 312
5650 2 3 2 47 0 2815 2887 2927
5651 2 3 2 47 0 309 310 2896
5652 2 3 2 47 0 2896 2807 2949
5653 2 3 2 47 0 161 162 2816
5654 2 3 2 47 0 2877 295 296
5655 2 3 2 47 0 2877 2860 2811
5656 2 3 2 47 0 2776 2945 2913
5657 2 3 2 47 0 2777 2834 2945
5658 2 3 2 47 0 2913 2945 2834
5659 2 3 2 47 0 2935 2841 2952
5660 2 3 2 47 0 2935 2952 2886
5661 2 3 2 47 0 2952 2838 2881
5662 2 3 2 47 0 2952 2881 2886
5663 2 3 2 47 0 2912 2916 2808
5664 2 3 2 47 0 2834 2779 2916
5665 2 3 2 47 0 2834 2916 2913
5666 2 3 2 47 0 2912 2913 2916
5667 2 3 2 47 0 2806 2810 2879
5668 2 3 2 47 0 2806 2879 2932
5669 2 3 2 47 0 2888 2932 2879
5670 2 3 2 47 0 2897 2821 2778
5671 2 3 2 47 0 2961 2897 2778
5672 2 3 2 47 0 2802 2897 2906
5673 2 3 2 47 0 2897 2961 2906
5674 2 3 2 47 0 2775 2920 2865
5675 2 3 2 47 0 2945 2920 2777
5676 2 3 2 47 0 2945 2865 2920
5677 2 3 2 47 0 2838 2778 2880
5678 2 3 2 47 0 2954 2905 2832
5679 2 3 2 47 0 2954 2782 2941
5680 2 3 2 47 0 169 2830 2957
5681 2 3 2 47 0 168 169 2957
5682 2 3 2 47 0 2793 2874 2947
5683 2 3 2 47 0 2947 2874 2801
5684 2 3 2 47 0 176 177 2790
5685 2 3 2 47 0 298 2810 2943
5686 2 3 2 47 0 2963 2962 2843
5687 2 3 2 47 0 2964 2797 2795
5688 2 3 2 47 0 2795 2962 2964
5689 2 3 2 47 0 2966 2798 2885
5690 2 3 2 47 0 2968 132 133
5691 2 3 2 47 0 2970 2875 2844
5692 2 3 2 47 0 2796 2875 2970
5693 2 3 2 47 0 2843 2962 2972
5694 2 3 2 47 0 2973 2966 2885
5695 2 3 2 47 0 163 2884 2974
5696 2 3 2 47 0 2974 2884 2876
5697 2 3 2 47 0 2874 2793 2976
5698 2 3 2 47 0 2977 2962 2795
5699 2 3 2 47 0 2850 2862 2978
5700 2 3 2 47 0 2796 2970 2978
5701 2 3 2 47 0 2979 2852 2817
5702 2 3 2 47 0 2845 2852 2979
5703 2 3 2 47 0 2817 2890 2979
5704 2 3 2 47 0 131 132 2980
5705 2 3 2 47 0 2982 2890 2817
5706 2 3 2 47 0 2851 2890 2982
5707 2 3 2 47 0 2896 2949 2984
5708 2 3 2 47 0 2984 309 2896
5709 2 3 2 47 0 2847 2846 2986
5710 2 3 2 47 0 2986 2985 2847
5711 2 3 2 47 0 2943 2806 2987
5712 2 3 2 47 0 2848 2968 2988
5713 2 3 2 47 0 2810 298 2989
5714 2 3 2 47 0 2989 2822 2810
5715 2 3 2 47 0 2989 298 299
5716 2 3 2 47 0 2957 2830 2992
5717 2 3 2 47 0 2992 2830 2784
5718 2 3 2 47 0 2993 2886 2881
5719 2 3 2 47 0 2871 2886 2993
5720 2 3 2 47 0 2995 2977 2795
5721 2 3 2 47 0 2773 2861 2996
5722 2 3 2 47 0 2996 2861 2855
5723 2 3 2 47 0 2996 2991 2773
5724 2 3 2 47 0 2853 2775 2997
5725 2 3 2 47 0 2997 2775 2865
5726 2 3 2 47 0 2998 138 139
5727 2 3 2 47 0 2998 2826 2953
5728 2 3 2 47 0 2817 2901 2999
5729 2 3 2 47 0 2999 2901 2853
5730 2 3 2 47 0 3001 310 311
5731 2 3 2 47 0 2896 310 3001
5732 2 3 2 47 0 3003 2973 2885
5733 2 3 2 47 0 2885 2965 3003
5734 2 3 2 47 0 2804 2861 3004
5735 2 3 2 47 0 3004 2867 2804
5736 2 3 2 47 0 3006 2963 2843
5737 2 3 2 47 0 133 134 3007
5738 2 3 2 47 0 3007 2968 133
5739 2 3 2 47 0 2867 2800 3009
5740 2 3 2 47 0 3011 2899 2878
5741 2 3 2 47 0 2895 2899 3011
5742 2 3 2 47 0 3013 2905 2823
5743 2 3 2 47 0 2832 2905 3013
5744 2 3 2 47 0 3014 303 304
5745 2 3 2 47 0 2784 2786 3016
5746 2 3 2 47 0 3016 2786 2825
5747 2 3 2 47 0 2844 2849 3018
5748 2 3 2 47 0 3018 2849 2850
5749 2 3 2 47 0 3018 2970 2844
5750 2 3 2 47 0 3019 2804 2867
5751 2 3 2 47 0 2880 2804 3019
5752 2 3 2 47 0 2866 159 3020
5753 2 3 2 47 0 2846 2981 3021
5754 2 3 2 47 0 3022 2888 2879
5755 2 3 2 47 0 2879 2882 3022
5756 2 3 2 47 0 2989 299 2835
5757 2 3 2 47 0 2822 2989 2835
5758 2 3 2 47 0 2980 132 2968
5759 2 3 2 47 0 2848 2980 2968
5760 2 3 2 47 0 3007 134 2868
5761 2 3 2 47 0 2857 3007 2868
5762 2 3 2 47 0 2987 2806 2932
5763 2 3 2 47 0 2860 2987 2932
5764 2 3 2 47 0 2986 2846 3004
5765 2 3 2 47 0 2986 3004 2861
5766 2 3 2 47 0 3009 2800 2993
5767 2 3 2 47 0 2881 3009 2993
5768 2 3 2 47 0 2836 303 3014
5769 2 3 2 47 0 2836 3014 2891
5770 2 3 2 47 0 3020 159 160
5771 2 3 2 47 0 2942 3020 160
5772 2 3 2 47 0 2998 139 2958
5773 2 3 2 47 0 2826 2998 2958
5774 2 3 2 47 0 2977 2856 2972
5775 2 3 2 47 0 2962 2977 2972
5776 2 3 2 47 0 2963 2848 2964
5777 2 3 2 47 0 2963 2964 2962
5778 2 3 2 47 0 2969 2847 2985
5779 2 3 2 47 0 2975 2794 3003
5780 2 3 2 47 0 2975 3003 2965
5781 2 3 2 47 0 2973 2847 2969
5782 2 3 2 47 0 2966 2973 2969
5783 2 3 2 47 0 2983 2794 2975
5784 2 3 2 47 0 2967 2983 2975
5785 2 3 2 47 0 3007 2857 2988
5786 2 3 2 47 0 2968 3007 2988
5787 2 3 2 47 0 3018 2850 2978
5788 2 3 2 47 0 2970 3018 2978
5789 2 3 2 47 0 2976 2843 2972
5790 2 3 2 47 0 2971 2851 2995
5791 2 3 2 47 0 162 163 2974
5792 2 3 2 47 0 3002 2851 2982
5793 2 3 2 47 0 2981 2846 2847
5794 2 3 2 47 0 3002 2859 2856
5795 2 3 2 47 0 2986 2861 2773
5796 2 3 2 47 0 2985 2986 2773
5797 2 3 2 47 0 2890 2773 2991
5798 2 3 2 47 0 2996 2855 2845
5799 2 3 2 47 0 2991 2996 2845
5800 2 3 2 47 0 3019 2867 3009
5801 2 3 2 47 0 2974 2816 162
5802 2 3 2 47 0 2876 2816 2974
5803 2 3 2 47 0 3008 2994 2796
5804 2 3 2 47 0 2863 2852 2994
5805 2 3 2 47 0 2994 2858 2863
5806 2 3 2 47 0 2858 2994 3008
5807 2 3 2 47 0 3000 2797 2798
5808 2 3 2 47 0 2798 2966 3000
5809 2 3 2 47 0 156 2967 155
5810 2 3 2 47 0 2994 2875 2796
5811 2 3 2 47 0 2845 2875 2994
5812 2 3 2 47 0 2994 2852 2845
5813 2 3 2 47 0 2813 2864 3012
5814 2 3 2 47 0 2928 2813 3012
5815 2 3 2 47 0 2824 2893 3012
5816 2 3 2 47 0 2893 2928 3012
5817 2 3 2 47 0 3013 2823 314
5818 2 3 2 47 0 2845 2979 2991
5819 2 3 2 47 0 2991 2979 2890
5820 2 3 2 47 0 2796 2978 3008
5821 2 3 2 47 0 3008 2978 2862
5822 2 3 2 47 0 2862 2858 3008
5823 2 3 2 47 0 2976 3006 2843
5824 2 3 2 47 0 3006 2793 2951
5825 2 3 2 47 0 2976 2793 3006
5826 2 3 2 47 0 3020 2942 2871
5827 2 3 2 47 0 3001 311 2887
5828 2 3 2 47 0 2887 2809 3001
5829 2 3 2 47 0 3001 2809 2896
5830 2 3 2 47 0 2848 2963 2980
5831 2 3 2 47 0 2795 2797 3000
5832 2 3 2 47 0 2795 3000 2995
5833 2 3 2 47 0 2971 2995 3000
5834 2 3 2 47 0 2783 2784 3016
5835 2 3 2 47 0 3016 2959 2783
5836 2 3 2 47 0 2825 2959 3016
5837 2 3 2 47 0 2959 2825 291
5838 2 3 2 47 0 144 8 3011
5839 2 3 2 47 0 3011 2878 144
5840 2 3 2 47 0 3011 8 2895
5841 2 3 2 47 0 3013 314 315
5842 2 3 2 47 0 3013 315 2832
5843 2 3 2 47 0 2956 2788 2839
5844 2 3 2 47 0 2877 296 2987
5845 2 3 2 47 0 2987 2860 2877
5846 2 3 2 47 0 2943 2987 297
5847 2 3 2 47 0 2987 296 297
5848 2 3 2 47 0 2955 2780 2905
5849 2 3 2 47 0 2955 2905 2954
5850 2 3 2 47 0 2954 2941 2955
5851 2 3 2 47 0 2995 2851 3002
5852 2 3 2 47 0 2856 2977 3002
5853 2 3 2 47 0 2977 2995 3002
5854 2 3 2 47 0 2788 174 175
5855 2 3 2 47 0 305 306 3005
5856 2 3 2 47 0 2827 2841 2921
5857 2 3 2 47 0 2919 2840 2841
5858 2 3 2 47 0 2921 2841 2840
5859 2 3 2 47 0 2817 2999 2982
5860 2 3 2 47 0 2999 2853 2859
5861 2 3 2 47 0 3002 2999 2859
5862 2 3 2 47 0 2999 3002 2982
5863 2 3 2 47 0 2953 137 138
5864 2 3 2 47 0 2953 138 2998
5865 2 3 2 47 0 2791 2953 2787
5866 2 3 2 47 0 2791 137 2953
5867 2 3 2 47 0 2992 2784 2783
5868 2 3 2 47 0 2992 2783 2915
5869 2 3 2 47 0 2922 2992 2915
5870 2 3 2 47 0 2992 2922 2957
5871 2 3 2 47 0 2844 2869 3017
5872 2 3 2 47 0 3017 2849 2844
5873 2 3 2 47 0 2890 2851 2971
5874 2 3 2 47 0 2773 2890 2971
5875 2 3 2 47 0 2773 2971 2985
5876 2 3 2 47 0 2969 2985 2971
5877 2 3 2 47 0 313 314 2823
5878 2 3 2 47 0 313 2823 2927
5879 2 3 2 47 0 3015 6 14
5880 2 3 2 47 0 283 3015 14
5881 2 3 2 47 0 179 6 3015
5882 2 3 2 47 0 3023 174 2788
5883 2 3 2 47 0 3023 2956 2833
5884 2 3 2 47 0 2788 2956 3023
5885 2 3 2 47 0 3024 2788 175
5886 2 3 2 47 0 2789 2788 3024
5887 2 3 2 47 0 3020 2871 3029
5888 2 3 2 47 0 2800 2990 3029
5889 2 3 2 47 0 2790 177 3030
5890 2 3 2 47 0 3031 2884 164
5891 2 3 2 47 0 2864 2884 3031
5892 2 3 2 47 0 3032 3025 2965
5893 2 3 2 47 0 2993 2800 3029
5894 2 3 2 47 0 2993 3029 2871
5895 2 3 2 47 0 3030 177 178
5896 2 3 2 47 0 2900 2803 3028
5897 2 3 2 47 0 2900 3028 3005
5898 2 3 2 47 0 3028 2803 2891
5899 2 3 2 47 0 3014 3028 2891
5900 2 3 2 47 0 3029 2990 2866
5901 2 3 2 47 0 3020 3029 2866
5902 2 3 2 47 0 3031 164 165
5903 2 3 2 47 0 154 3025 153
5904 2 3 2 47 0 3025 3032 153
5905 2 3 2 47 0 3026 2967 156
5906 2 3 2 47 0 156 157 3026
5907 2 3 2 47 0 3026 2854 2983
5908 2 3 2 47 0 2967 3026 2983
5909 2 3 2 47 0 3032 2965 2885
5910 2 3 2 47 0 3024 175 176
5911 2 3 2 47 0 176 2790 3024
5912 2 3 2 47 0 3024 2790 2789
5913 2 3 2 47 0 2900 3027 2862
5914 2 3 2 47 0 2862 3027 2940
5915 2 3 2 47 0 174 3023 173
5916 2 3 2 47 0 173 3023 2833
5917 2 3 2 47 0 3019 2838 2880
5918 2 3 2 47 0 2881 2838 3019
5919 2 3 2 47 0 2881 3019 3009
5920 2 3 2 47 0 2988 2857 2797
5921 2 3 2 47 0 2797 2964 2988
5922 2 3 2 47 0 2988 2964 2848
5923 2 3 2 47 0 135 7 3010
5924 2 3 2 47 0 3010 2868 135
5925 2 3 2 47 0 2825 2831 290
5926 2 3 2 47 0 290 291 2825
5927 2 3 2 47 0 3026 2990 2854
5928 2 3 2 47 0 158 2866 3026
5929 2 3 2 47 0 2866 2990 3026
5930 2 3 2 47 0 3026 157 158
5931 2 3 2 47 0 3021 2981 2794
5932 2 3 2 47 0 2794 2983 3021
5933 2 3 2 47 0 2854 3021 2983
5934 2 3 2 47 0 2997 2792 2859
5935 2 3 2 47 0 2859 2853 2997
5936 2 3 2 47 0 2865 2792 2997
5937 2 3 2 47 0 154 155 3025
5938 2 3 2 47 0 155 2967 3025
5939 2 3 2 47 0 2975 2965 3025
5940 2 3 2 47 0 3025 2967 2975
5941 2 3 2 47 0 287 2839 2789
5942 2 3 2 47 0 3000 2966 2969
5943 2 3 2 47 0 2969 2971 3000
5944 2 3 2 47 0 3022 2869 2917
5945 2 3 2 47 0 3017 2869 3022
5946 2 3 2 47 0 3022 2882 3017
5947 2 3 2 47 0 2917 2888 3022
5948 2 3 2 47 0 3021 2800 2867
5949 2 3 2 47 0 3004 3021 2867
5950 2 3 2 47 0 3004 2846 3021
5951 2 3 2 47 0 168 2957 2922
5952 2 3 2 47 0 168 2922 2824
5953 2 3 2 47 0 2824 167 168
5954 2 3 2 47 0 3003 2794 2981
5955 2 3 2 47 0 2847 2973 2981
5956 2 3 2 47 0 2973 3003 2981
5957 2 3 2 47 0 3028 3014 304
5958 2 3 2 47 0 286 287 2789
5959 2 3 2 47 0 3028 304 305
5960 2 3 2 47 0 3005 3028 305
5961 2 3 2 47 0 3006 2951 3035
5962 2 3 2 47 0 3030 178 3036
5963 2 3 2 47 0 3039 2885 2798
5964 2 3 2 47 0 3039 3010 3032
5965 2 3 2 47 0 3032 2885 3039
5966 2 3 2 47 0 3041 2872 2849
5967 2 3 2 47 0 3041 3017 2882
5968 2 3 2 47 0 2882 2872 3041
5969 2 3 2 47 0 2849 3017 3041
5970 2 3 2 47 0 3039 2798 2868
5971 2 3 2 47 0 3010 3039 2868
5972 2 3 2 47 0 129 130 3035
5973 2 3 2 47 0 129 3035 2951
5974 2 3 2 47 0 3036 178 179
5975 2 3 2 47 0 3015 3036 179
5976 2 3 2 47 0 283 284 3036
5977 2 3 2 47 0 283 3036 3015
5978 2 3 2 47 0 306 307 3038
5979 2 3 2 47 0 3005 306 3038
5980 2 3 2 47 0 307 308 3034
5981 2 3 2 47 0 307 3034 3038
5982 2 3 2 47 0 2940 3027 3034
5983 2 3 2 47 0 3038 3034 3027
5984 2 3 2 47 0 284 285 3037
5985 2 3 2 47 0 3037 3036 284
5986 2 3 2 47 0 3036 3037 3030
5987 2 3 2 47 0 2990 2800 2854
5988 2 3 2 47 0 2854 2800 3021
5989 2 3 2 47 0 2984 308 309
5990 2 3 2 47 0 308 2984 3034
5991 2 3 2 47 0 2984 2799 2940
5992 2 3 2 47 0 2799 2984 2949
5993 2 3 2 47 0 3034 2984 2940
5994 2 3 2 47 0 3037 285 286
5995 2 3 2 47 0 3037 2790 3030
5996 2 3 2 47 0 3037 2789 2790
5997 2 3 2 47 0 3037 286 2789
5998 2 3 2 47 0 2980 2963 3035
5999 2 3 2 47 0 2980 3035 131
6000 2 3 2 47 0 3035 2963 3006
6001 2 3 2 47 0 3035 130 131
6002 2 3 2 47 0 2956 2839 3033
6003 2 3 2 47 0 2786 3033 2831
6004 2 3 2 47 0 3010 7 153
6005 2 3 2 47 0 3032 3010 153
6006 2 3 2 47 0 2829 2833 3042
6007 2 3 2 47 0 3033 2786 3042
6008 2 3 2 47 0 3042 2786 2829
6009 2 3 2 47 0 3043 2839 288
6010 2 3 2 47 0 3033 2839 3043
6011 2 3 2 47 0 288 289 3043
6012 2 3 2 47 0 3044 2824 3012
6013 2 3 2 47 0 3044 166 167
6014 2 3 2 47 0 2824 3044 167
6015 2 3 2 47 0 3043 289 2831
6016 2 3 2 47 0 3033 3043 2831
6017 2 3 2 47 0 3042 2833 2956
6018 2 3 2 47 0 3033 3042 2956
6019 2 3 2 47 0 2900 3005 3038
6020 2 3 2 47 0 3038 3027 2900
6021 2 3 2 47 0 165 166 3044
6022 2 3 2 47 0 3031 165 3044
6023 2 3 2 47 0 3012 2864 3044
6024 2 3 2 47 0 3031 3044 2864
6025 2 3 2 47 0 2874 3040 2889
6026 2 3 2 47 0 2856 2792 3040
6027 2 3 2 47 0 2972 2856 3045
6028 2 3 2 47 0 3045 2856 3040
6029 2 3 2 47 0 3045 2976 2972
6030 2 3 2 47 0 2776 2889 3046
6031 2 3 2 47 0 3046 2889 3040
6032 2 3 2 47 0 2874 2976 3045
6033 2 3 2 47 0 2874 3045 3040
6034 2 3 2 47 0 2865 2776 3046
6035 2 3 2 47 0 3046 2792 2865
6036 2 3 2 47 0 3040 2792 3046
6037 2 3 2 47 0 3047 2931 2911
6038 2 3 2 47 0 2911 2959 3047
6039 2 3 2 47 0 291 292 3047
6040 2 3 2 47 0 291 3047 2959
6041 2 3 2 47 0 3047 292 293
6042 2 3 2 47 0 2931 3047 293
$EndElements
