# ASCII 1D datafile generated by TiberCAD
# x Ec Ev eQFermi hQFermi eDensity hDensity eMobility hMobility ElField_x ElField_y ElField_z Polarization_x Polarization_y Polarization_z eCurrentDensity_x eCurrentDensity_y eCurrentDensity_z hCurrentDensity_x hCurrentDensity_y hCurrentDensity_z 
0 0.0149116 -3.85479 0 -2.21254 1.26433e+18 6.25307e-09 1260 162.8 -1.08439 0 0 -0.04184 0 0 -276.777 0 0 -1.02689e-20 0 0 
9.97664 0.0149105 -3.85479 -1.08186e-06 -2.21267 1.26433e+18 6.28375e-09 1260 162.8 -1.08439 0 0 -0.04184 0 0 -276.777 0 0 -1.05206e-20 0 0 
19.8873 0.0149095 -3.85479 -2.15657e-06 -2.2128 1.26433e+18 6.31589e-09 1260 162.8 -1.08439 0 0 -0.04184 0 0 -276.777 0 0 -1.10218e-20 0 0 
29.7324 0.0149084 -3.8548 -3.22417e-06 -2.21294 1.26433e+18 6.3495e-09 1260 162.8 -1.08439 0 0 -0.04184 0 0 -276.777 0 0 -1.15223e-20 0 0 
39.5124 0.0149073 -3.8548 -4.2847e-06 -2.21308 1.26433e+18 6.38456e-09 1260 162.8 -1.08439 0 0 -0.04184 0 0 -276.777 0 0 -1.20222e-20 0 0 
49.2277 0.0149063 -3.8548 -5.33822e-06 -2.21323 1.26433e+18 6.42108e-09 1260 162.8 -1.08439 0 0 -0.04184 0 0 -276.777 0 0 -1.25216e-20 0 0 
58.8787 0.0149052 -3.8548 -6.38477e-06 -2.21338 1.26433e+18 6.45906e-09 1260 162.8 -1.08439 0 0 -0.04184 0 0 -276.777 0 0 -1.30205e-20 0 0 
68.4659 0.0149042 -3.8548 -7.4244e-06 -2.21354 1.26433e+18 6.49851e-09 1260 162.8 -1.08439 0 0 -0.04184 0 0 -276.777 0 0 -1.35191e-20 0 0 
77.9897 0.0149032 -3.8548 -8.45716e-06 -2.2137 1.26433e+18 6.53944e-09 1260 162.8 -1.08439 0 0 -0.04184 0 0 -276.777 0 0 -1.40176e-20 0 0 
87.4504 0.0149021 -3.8548 -9.48308e-06 -2.21387 1.26433e+18 6.58184e-09 1260 162.8 -1.08439 0 0 -0.04184 0 0 -276.777 0 0 -1.45158e-20 0 0 
96.8487 0.0149011 -3.8548 -1.05022e-05 -2.21405 1.26433e+18 6.62573e-09 1260 162.8 -1.08439 0 0 -0.04184 0 0 -276.777 0 0 -1.50141e-20 0 0 
106.185 0.0149001 -3.8548 -1.15146e-05 -2.21422 1.26433e+18 6.67112e-09 1260 162.8 -1.08439 0 0 -0.04184 0 0 -276.777 0 0 -1.55124e-20 0 0 
115.459 0.0148991 -3.8548 -1.25203e-05 -2.21441 1.26433e+18 6.718e-09 1260 162.8 -1.08439 0 0 -0.04184 0 0 -276.777 0 0 -1.60108e-20 0 0 
124.672 0.0148981 -3.85481 -1.35194e-05 -2.21459 1.26433e+18 6.7664e-09 1260 162.8 -1.08439 0 0 -0.04184 0 0 -276.777 0 0 -1.65094e-20 0 0 
133.824 0.0148971 -3.85481 -1.45118e-05 -2.21478 1.26433e+18 6.81633e-09 1260 162.8 -1.08439 0 0 -0.04184 0 0 -276.777 0 0 -1.70084e-20 0 0 
142.915 0.0148961 -3.85481 -1.54977e-05 -2.21498 1.26433e+18 6.86778e-09 1260 162.8 -1.08439 0 0 -0.04184 0 0 -276.777 0 0 -1.75078e-20 0 0 
151.947 0.0148951 -3.85481 -1.6477e-05 -2.21518 1.26433e+18 6.92079e-09 1260 162.8 -1.08439 0 0 -0.04184 0 0 -276.777 0 0 -1.80076e-20 0 0 
160.918 0.0148942 -3.85481 -1.74499e-05 -2.21538 1.26433e+18 6.97536e-09 1260 162.8 -1.08439 0 0 -0.04184 0 0 -276.777 0 0 -1.85081e-20 0 0 
169.831 0.0148932 -3.85481 -1.84163e-05 -2.21559 1.26433e+18 7.0315e-09 1260 162.8 -1.08439 0 0 -0.04184 0 0 -276.777 0 0 -1.90091e-20 0 0 
178.684 0.0148922 -3.85481 -1.93764e-05 -2.2158 1.26433e+18 7.08923e-09 1260 162.8 -1.08439 0 0 -0.04184 0 0 -276.777 0 0 -1.95109e-20 0 0 
187.479 0.0148913 -3.85481 -2.03301e-05 -2.21602 1.26433e+18 7.14857e-09 1260 162.8 -1.08439 0 0 -0.04184 0 0 -276.777 0 0 -2.00135e-20 0 0 
196.215 0.0148903 -3.85481 -2.12775e-05 -2.21624 1.26433e+18 7.20953e-09 1260 162.8 -1.08439 0 0 -0.04184 0 0 -276.777 0 0 -2.0517e-20 0 0 
204.894 0.0148894 -3.85481 -2.22186e-05 -2.21646 1.26433e+18 7.27214e-09 1260 162.8 -1.08439 0 0 -0.04184 0 0 -276.777 0 0 -2.10215e-20 0 0 
213.515 0.0148885 -3.85481 -2.31535e-05 -2.21669 1.26433e+18 7.33641e-09 1260 162.8 -1.08439 0 0 -0.04184 0 0 -276.777 0 0 -2.15271e-20 0 0 
222.08 0.0148875 -3.85482 -2.40822e-05 -2.21692 1.26433e+18 7.40236e-09 1260 162.8 -1.08439 0 0 -0.04184 0 0 -276.777 0 0 -2.20337e-20 0 0 
230.587 0.0148866 -3.85482 -2.50048e-05 -2.21716 1.26433e+18 7.47001e-09 1260 162.8 -1.08439 0 0 -0.04184 0 0 -276.777 0 0 -2.25416e-20 0 0 
239.039 0.0148857 -3.85482 -2.59212e-05 -2.2174 1.26433e+18 7.53939e-09 1260 162.8 -1.08439 0 0 -0.04184 0 0 -276.777 0 0 -2.30508e-20 0 0 
247.434 0.0148848 -3.85482 -2.68316e-05 -2.21764 1.26433e+18 7.61051e-09 1260 162.8 -1.08439 0 0 -0.04184 0 0 -276.777 0 0 -2.35613e-20 0 0 
255.774 0.0148839 -3.85482 -2.7736e-05 -2.21789 1.26433e+18 7.6834e-09 1260 162.8 -1.08439 0 0 -0.04184 0 0 -276.777 0 0 -2.40733e-20 0 0 
264.059 0.014883 -3.85482 -2.86344e-05 -2.21814 1.26433e+18 7.75808e-09 1260 162.8 -1.08439 0 0 -0.04184 0 0 -276.777 0 0 -2.45868e-20 0 0 
272.289 0.0148821 -3.85482 -2.95269e-05 -2.2184 1.26433e+18 7.83459e-09 1260 162.8 -1.08439 0 0 -0.04184 0 0 -276.777 0 0 -2.51019e-20 0 0 
280.465 0.0148812 -3.85482 -3.04134e-05 -2.21866 1.26433e+18 7.91294e-09 1260 162.8 -1.08439 0 0 -0.04184 0 0 -276.777 0 0 -2.56187e-20 0 0 
288.586 0.0148803 -3.85482 -3.12941e-05 -2.21892 1.26433e+18 7.99317e-09 1260 162.8 -1.08439 0 0 -0.04184 0 0 -276.777 0 0 -2.61372e-20 0 0 
296.654 0.0148795 -3.85482 -3.2169e-05 -2.21918 1.26433e+18 8.07529e-09 1260 162.8 -1.08439 0 0 -0.04184 0 0 -276.777 0 0 -2.66576e-20 0 0 
304.668 0.0148786 -3.85482 -3.30381e-05 -2.21945 1.26433e+18 8.15935e-09 1260 162.8 -1.08439 0 0 -0.04184 0 0 -276.777 0 0 -2.71798e-20 0 0 
312.63 0.0148777 -3.85483 -3.39014e-05 -2.21972 1.26433e+18 8.24537e-09 1260 162.8 -1.08439 0 0 -0.04184 0 0 -276.777 0 0 -2.77041e-20 0 0 
320.539 0.0148769 -3.85483 -3.4759e-05 -2.22 1.26433e+18 8.33339e-09 1260 162.8 -1.08439 0 0 -0.04184 0 0 -276.777 0 0 -2.82304e-20 0 0 
328.395 0.014876 -3.85483 -3.5611e-05 -2.22028 1.26433e+18 8.42343e-09 1260 162.8 -1.08439 0 0 -0.04184 0 0 -276.777 0 0 -2.87588e-20 0 0 
336.199 0.0148752 -3.85483 -3.64573e-05 -2.22056 1.26433e+18 8.51553e-09 1260 162.8 -1.08439 0 0 -0.04184 0 0 -276.777 0 0 -2.92894e-20 0 0 
343.952 0.0148743 -3.85483 -3.7298e-05 -2.22084 1.26433e+18 8.60972e-09 1260 162.8 -1.08439 0 0 -0.04184 0 0 -276.777 0 0 -2.98223e-20 0 0 
351.654 0.0148735 -3.85483 -3.81332e-05 -2.22113 1.26433e+18 8.70604e-09 1260 162.8 -1.08439 0 0 -0.04184 0 0 -276.777 0 0 -3.03576e-20 0 0 
359.305 0.0148727 -3.85483 -3.89628e-05 -2.22142 1.26433e+18 8.80453e-09 1260 162.8 -1.08439 0 0 -0.04184 0 0 -276.777 0 0 -3.08954e-20 0 0 
366.905 0.0148718 -3.85483 -3.97869e-05 -2.22172 1.26433e+18 8.90523e-09 1260 162.8 -1.08439 0 0 -0.04184 0 0 -276.777 0 0 -3.14356e-20 0 0 
374.454 0.014871 -3.85483 -4.06056e-05 -2.22202 1.26433e+18 9.00817e-09 1260 162.8 -1.08439 0 0 -0.04184 0 0 -276.777 0 0 -3.19785e-20 0 0 
381.954 0.0148702 -3.85483 -4.14189e-05 -2.22232 1.26433e+18 9.11339e-09 1260 162.8 -1.08439 0 0 -0.04184 0 0 -276.777 0 0 -3.2524e-20 0 0 
389.404 0.0148694 -3.85483 -4.22268e-05 -2.22262 1.26433e+18 9.22093e-09 1260 162.8 -1.08439 0 0 -0.04184 0 0 -276.777 0 0 -3.30723e-20 0 0 
396.805 0.0148686 -3.85483 -4.30293e-05 -2.22293 1.26433e+18 9.33085e-09 1260 162.8 -1.08439 0 0 -0.04184 0 0 -276.777 0 0 -3.36234e-20 0 0 
404.157 0.0148678 -3.85484 -4.38266e-05 -2.22324 1.26433e+18 9.44318e-09 1260 162.8 -1.08439 0 0 -0.04184 0 0 -276.777 0 0 -3.41774e-20 0 0 
411.461 0.014867 -3.85484 -4.46186e-05 -2.22355 1.26433e+18 9.55797e-09 1260 162.8 -1.08439 0 0 -0.04184 0 0 -276.777 0 0 -3.47344e-20 0 0 
418.716 0.0148662 -3.85484 -4.54053e-05 -2.22387 1.26433e+18 9.67526e-09 1260 162.8 -1.08439 0 0 -0.04184 0 0 -276.777 0 0 -3.52945e-20 0 0 
425.923 0.0148654 -3.85484 -4.61868e-05 -2.22419 1.26433e+18 9.7951e-09 1260 162.8 -1.08439 0 0 -0.04184 0 0 -276.777 0 0 -3.58578e-20 0 0 
433.082 0.0148647 -3.85484 -4.69632e-05 -2.22451 1.26433e+18 9.91755e-09 1260 162.8 -1.08439 0 0 -0.04184 0 0 -276.777 0 0 -3.64243e-20 0 0 
440.194 0.0148639 -3.85484 -4.77344e-05 -2.22483 1.26433e+18 1.00427e-08 1260 162.8 -1.08439 0 0 -0.04184 0 0 -276.777 0 0 -3.69941e-20 0 0 
447.259 0.0148631 -3.85484 -4.85005e-05 -2.22516 1.26433e+18 1.01705e-08 1260 162.8 -1.08439 0 0 -0.04184 0 0 -276.777 0 0 -3.75673e-20 0 0 
454.277 0.0148624 -3.85484 -4.92616e-05 -2.22549 1.26433e+18 1.0301e-08 1260 162.8 -1.08439 0 0 -0.04184 0 0 -276.777 0 0 -3.8144e-20 0 0 
461.249 0.0148616 -3.85484 -5.00176e-05 -2.22583 1.26433e+18 1.04344e-08 1260 162.8 -1.08439 0 0 -0.04184 0 0 -276.777 0 0 -3.87243e-20 0 0 
468.175 0.0148609 -3.85484 -5.07686e-05 -2.22616 1.26433e+18 1.05707e-08 1260 162.8 -1.08439 0 0 -0.04184 0 0 -276.777 0 0 -3.93082e-20 0 0 
475.055 0.0148601 -3.85484 -5.15147e-05 -2.2265 1.26433e+18 1.07098e-08 1260 162.8 -1.08439 0 0 -0.04184 0 0 -276.777 0 0 -3.98958e-20 0 0 
481.889 0.0148594 -3.85484 -5.22558e-05 -2.22684 1.26433e+18 1.0852e-08 1260 162.8 -1.08439 0 0 -0.04184 0 0 -276.777 0 0 -4.04874e-20 0 0 
488.678 0.0148586 -3.85484 -5.2992e-05 -2.22719 1.26433e+18 1.09972e-08 1260 162.8 -1.08439 0 0 -0.04184 0 0 -276.777 0 0 -4.10828e-20 0 0 
495.423 0.0148579 -3.85485 -5.37234e-05 -2.22753 1.26433e+18 1.11456e-08 1260 162.8 -1.08439 0 0 -0.04184 0 0 -276.777 0 0 -4.16822e-20 0 0 
502.122 0.0148572 -3.85485 -5.44499e-05 -2.22788 1.26433e+18 1.12971e-08 1260 162.8 -1.08439 0 0 -0.04184 0 0 -276.777 0 0 -4.22857e-20 0 0 
508.778 0.0148564 -3.85485 -5.51716e-05 -2.22824 1.26433e+18 1.14519e-08 1260 162.8 -1.08439 0 0 -0.04184 0 0 -276.777 0 0 -4.28934e-20 0 0 
515.389 0.0148557 -3.85485 -5.58885e-05 -2.22859 1.26433e+18 1.161e-08 1260 162.8 -1.08439 0 0 -0.04184 0 0 -276.777 0 0 -4.35055e-20 0 0 
521.956 0.014855 -3.85485 -5.66007e-05 -2.22895 1.26433e+18 1.17715e-08 1260 162.8 -1.08439 0 0 -0.04184 0 0 -276.777 0 0 -4.41218e-20 0 0 
528.481 0.0148543 -3.85485 -5.73082e-05 -2.22931 1.26433e+18 1.19364e-08 1260 162.8 -1.08439 0 0 -0.04184 0 0 -276.777 0 0 -4.47427e-20 0 0 
534.962 0.0148536 -3.85485 -5.8011e-05 -2.22967 1.26433e+18 1.21049e-08 1260 162.8 -1.08439 0 0 -0.04184 0 0 -276.777 0 0 -4.53681e-20 0 0 
541.4 0.0148529 -3.85485 -5.87091e-05 -2.23004 1.26433e+18 1.2277e-08 1260 162.8 -1.08439 0 0 -0.04184 0 0 -276.777 0 0 -4.59982e-20 0 0 
547.795 0.0148522 -3.85485 -5.94026e-05 -2.23041 1.26433e+18 1.24528e-08 1260 162.8 -1.08439 0 0 -0.04184 0 0 -276.777 0 0 -4.6633e-20 0 0 
554.149 0.0148515 -3.85485 -6.00916e-05 -2.23078 1.26433e+18 1.26324e-08 1260 162.8 -1.08439 0 0 -0.04184 0 0 -276.777 0 0 -4.72727e-20 0 0 
560.46 0.0148508 -3.85485 -6.0776e-05 -2.23115 1.26433e+18 1.28159e-08 1260 162.8 -1.08439 0 0 -0.04184 0 0 -276.777 0 0 -4.79174e-20 0 0 
566.729 0.0148502 -3.85485 -6.14558e-05 -2.23153 1.26433e+18 1.30033e-08 1260 162.8 -1.08439 0 0 -0.04184 0 0 -276.777 0 0 -4.85672e-20 0 0 
572.957 0.0148495 -3.85485 -6.21312e-05 -2.23191 1.26433e+18 1.31947e-08 1260 162.8 -1.08439 0 0 -0.04184 0 0 -276.777 0 0 -4.92221e-20 0 0 
579.144 0.0148488 -3.85485 -6.28021e-05 -2.23229 1.26433e+18 1.33903e-08 1260 162.8 -1.08439 0 0 -0.04184 0 0 -276.777 0 0 -4.98823e-20 0 0 
585.29 0.0148482 -3.85486 -6.34685e-05 -2.23267 1.26433e+18 1.359e-08 1260 162.8 -1.08439 0 0 -0.04184 0 0 -276.777 0 0 -5.05479e-20 0 0 
591.395 0.0148475 -3.85486 -6.41306e-05 -2.23306 1.26433e+18 1.37942e-08 1260 162.8 -1.08439 0 0 -0.04184 0 0 -276.777 0 0 -5.12189e-20 0 0 
597.46 0.0148468 -3.85486 -6.47882e-05 -2.23345 1.26433e+18 1.40027e-08 1260 162.8 -1.08439 0 0 -0.04184 0 0 -276.777 0 0 -5.18956e-20 0 0 
603.485 0.0148462 -3.85486 -6.54416e-05 -2.23384 1.26433e+18 1.42158e-08 1260 162.8 -1.08439 0 0 -0.04184 0 0 -276.777 0 0 -5.2578e-20 0 0 
609.47 0.0148455 -3.85486 -6.60906e-05 -2.23423 1.26433e+18 1.44334e-08 1260 162.8 -1.08439 0 0 -0.04184 0 0 -276.777 0 0 -5.32663e-20 0 0 
615.415 0.0148449 -3.85486 -6.67353e-05 -2.23463 1.26433e+18 1.46559e-08 1260 162.8 -1.08439 0 0 -0.04184 0 0 -276.777 0 0 -5.39604e-20 0 0 
621.321 0.0148442 -3.85486 -6.73757e-05 -2.23502 1.26433e+18 1.48831e-08 1260 162.8 -1.08439 0 0 -0.04184 0 0 -276.777 0 0 -5.46607e-20 0 0 
627.188 0.0148436 -3.85486 -6.80119e-05 -2.23542 1.26433e+18 1.51154e-08 1260 162.8 -1.08439 0 0 -0.04184 0 0 -276.777 0 0 -5.53671e-20 0 0 
633.016 0.014843 -3.85486 -6.86439e-05 -2.23583 1.26433e+18 1.53527e-08 1260 162.8 -1.08439 0 0 -0.04184 0 0 -276.777 0 0 -5.60799e-20 0 0 
638.805 0.0148423 -3.85486 -6.92717e-05 -2.23623 1.26433e+18 1.55952e-08 1260 162.8 -1.08439 0 0 -0.04184 0 0 -276.777 0 0 -5.67991e-20 0 0 
644.557 0.0148417 -3.85486 -6.98954e-05 -2.23664 1.26433e+18 1.58431e-08 1260 162.8 -1.08439 0 0 -0.04184 0 0 -276.777 0 0 -5.75249e-20 0 0 
650.27 0.0148411 -3.85486 -7.05149e-05 -2.23705 1.26433e+18 1.60964e-08 1260 162.8 -1.08439 0 0 -0.04184 0 0 -276.777 0 0 -5.82573e-20 0 0 
655.945 0.0148405 -3.85486 -7.11304e-05 -2.23747 1.26433e+18 1.63553e-08 1260 162.8 -1.08439 0 0 -0.04184 0 0 -276.777 0 0 -5.89966e-20 0 0 
661.583 0.0148399 -3.85486 -7.17417e-05 -2.23788 1.26433e+18 1.662e-08 1260 162.8 -1.08439 0 0 -0.04184 0 0 -276.777 0 0 -5.97428e-20 0 0 
667.184 0.0148393 -3.85486 -7.23491e-05 -2.2383 1.26433e+18 1.68905e-08 1260 162.8 -1.08439 0 0 -0.04184 0 0 -276.777 0 0 -6.04961e-20 0 0 
672.747 0.0148387 -3.85486 -7.29524e-05 -2.23872 1.26433e+18 1.71671e-08 1260 162.8 -1.08439 0 0 -0.04184 0 0 -276.777 0 0 -6.12567e-20 0 0 
678.274 0.0148381 -3.85487 -7.35517e-05 -2.23914 1.26433e+18 1.74498e-08 1260 162.8 -1.08439 0 0 -0.04184 0 0 -276.777 0 0 -6.20246e-20 0 0 
683.764 0.0148375 -3.85487 -7.4147e-05 -2.23957 1.26433e+18 1.77388e-08 1260 162.8 -1.08439 0 0 -0.04184 0 0 -276.777 0 0 -6.28001e-20 0 0 
689.218 0.0148369 -3.85487 -7.47385e-05 -2.24 1.26433e+18 1.80343e-08 1260 162.8 -1.08439 0 0 -0.04184 0 0 -276.777 0 0 -6.35832e-20 0 0 
694.636 0.0148363 -3.85487 -7.5326e-05 -2.24043 1.26433e+18 1.83364e-08 1260 162.8 -1.08439 0 0 -0.04184 0 0 -276.777 0 0 -6.43742e-20 0 0 
700.018 0.0148357 -3.85487 -7.59096e-05 -2.24086 1.26433e+18 1.86454e-08 1260 162.8 -1.08439 0 0 -0.04184 0 0 -276.777 0 0 -6.51731e-20 0 0 
705.364 0.0148351 -3.85487 -7.64893e-05 -2.24129 1.26433e+18 1.89613e-08 1260 162.8 -1.08439 0 0 -0.04184 0 0 -276.777 0 0 -6.59801e-20 0 0 
710.675 0.0148346 -3.85487 -7.70653e-05 -2.24173 1.26433e+18 1.92844e-08 1260 162.8 -1.08439 0 0 -0.04184 0 0 -276.777 0 0 -6.67954e-20 0 0 
715.951 0.014834 -3.85487 -7.76374e-05 -2.24217 1.26433e+18 1.96149e-08 1260 162.8 -1.08439 0 0 -0.04184 0 0 -276.777 0 0 -6.76192e-20 0 0 
721.192 0.0148334 -3.85487 -7.82057e-05 -2.24261 1.26433e+18 1.99529e-08 1260 162.8 -1.08439 0 0 -0.04184 0 0 -276.777 0 0 -6.84516e-20 0 0 
726.398 0.0148329 -3.85487 -7.87703e-05 -2.24306 1.26433e+18 2.02986e-08 1260 162.8 -1.08439 0 0 -0.04184 0 0 -276.777 0 0 -6.92928e-20 0 0 
731.57 0.0148323 -3.85487 -7.93311e-05 -2.24351 1.26433e+18 2.06523e-08 1260 162.8 -1.08439 0 0 -0.04184 0 0 -276.777 0 0 -7.01429e-20 0 0 
736.708 0.0148317 -3.85487 -7.98882e-05 -2.24395 1.26433e+18 2.10141e-08 1260 162.8 -1.08439 0 0 -0.04184 0 0 -276.777 0 0 -7.10021e-20 0 0 
741.812 0.0148312 -3.85487 -8.04417e-05 -2.24441 1.26433e+18 2.13842e-08 1260 162.8 -1.08439 0 0 -0.04184 0 0 -276.777 0 0 -7.18707e-20 0 0 
746.882 0.0148306 -3.85487 -8.09914e-05 -2.24486 1.26433e+18 2.1763e-08 1260 162.8 -1.08439 0 0 -0.04184 0 0 -276.777 0 0 -7.27487e-20 0 0 
751.918 0.0148301 -3.85487 -8.15376e-05 -2.24532 1.26433e+18 2.21505e-08 1260 162.8 -1.08439 0 0 -0.04184 0 0 -276.777 0 0 -7.36365e-20 0 0 
756.921 0.0148295 -3.85487 -8.20801e-05 -2.24578 1.26433e+18 2.25471e-08 1260 162.8 -1.08439 0 0 -0.04184 0 0 -276.777 0 0 -7.45341e-20 0 0 
761.891 0.014829 -3.85487 -8.26191e-05 -2.24624 1.26433e+18 2.2953e-08 1260 162.8 -1.08439 0 0 -0.04184 0 0 -276.777 0 0 -7.54418e-20 0 0 
766.828 0.0148285 -3.85487 -8.31544e-05 -2.2467 1.26433e+18 2.33684e-08 1260 162.8 -1.08439 0 0 -0.04184 0 0 -276.777 0 0 -7.63598e-20 0 0 
771.733 0.0148279 -3.85488 -8.36863e-05 -2.24717 1.26433e+18 2.37937e-08 1260 162.8 -1.08439 0 0 -0.04184 0 0 -276.777 0 0 -7.72882e-20 0 0 
776.605 0.0148274 -3.85488 -8.42146e-05 -2.24764 1.26433e+18 2.4229e-08 1260 162.8 -1.08439 0 0 -0.04184 0 0 -276.777 0 0 -7.82273e-20 0 0 
781.444 0.0148269 -3.85488 -8.47394e-05 -2.24811 1.26433e+18 2.46746e-08 1260 162.8 -1.08439 0 0 -0.04184 0 0 -276.777 0 0 -7.91773e-20 0 0 
786.252 0.0148264 -3.85488 -8.52608e-05 -2.24858 1.26433e+18 2.51309e-08 1260 162.8 -1.08439 0 0 -0.04184 0 0 -276.777 0 0 -8.01385e-20 0 0 
791.028 0.0148258 -3.85488 -8.57787e-05 -2.24906 1.26433e+18 2.55981e-08 1260 162.8 -1.08439 0 0 -0.04184 0 0 -276.777 0 0 -8.1111e-20 0 0 
795.773 0.0148253 -3.85488 -8.62931e-05 -2.24954 1.26433e+18 2.60765e-08 1260 162.8 -1.08439 0 0 -0.04184 0 0 -276.777 0 0 -8.20951e-20 0 0 
800.486 0.0148248 -3.85488 -8.68042e-05 -2.25002 1.26433e+18 2.65665e-08 1260 162.8 -1.08439 0 0 -0.04184 0 0 -276.777 0 0 -8.30909e-20 0 0 
805.167 0.0148243 -3.85488 -8.73119e-05 -2.25051 1.26433e+18 2.70683e-08 1260 162.8 -1.08439 0 0 -0.04184 0 0 -276.777 0 0 -8.40989e-20 0 0 
809.818 0.0148238 -3.85488 -8.78163e-05 -2.25099 1.26433e+18 2.75824e-08 1260 162.8 -1.08439 0 0 -0.04184 0 0 -276.777 0 0 -8.51191e-20 0 0 
814.438 0.0148233 -3.85488 -8.83173e-05 -2.25148 1.26433e+18 2.8109e-08 1260 162.8 -1.08439 0 0 -0.04184 0 0 -276.777 0 0 -8.61519e-20 0 0 
819.028 0.0148228 -3.85488 -8.88149e-05 -2.25198 1.26433e+18 2.86485e-08 1260 162.8 -1.08439 0 0 -0.04184 0 0 -276.777 0 0 -8.71975e-20 0 0 
823.587 0.0148223 -3.85488 -8.93093e-05 -2.25247 1.26433e+18 2.92013e-08 1260 162.8 -1.08439 0 0 -0.04184 0 0 -276.777 0 0 -8.82561e-20 0 0 
828.116 0.0148218 -3.85488 -8.98005e-05 -2.25297 1.26433e+18 2.97678e-08 1260 162.8 -1.08439 0 0 -0.04184 0 0 -276.777 0 0 -8.93281e-20 0 0 
832.615 0.0148213 -3.85488 -9.02883e-05 -2.25347 1.26433e+18 3.03483e-08 1260 162.8 -1.08439 0 0 -0.04184 0 0 -276.777 0 0 -9.04138e-20 0 0 
837.084 0.0148208 -3.85488 -9.0773e-05 -2.25397 1.26433e+18 3.09433e-08 1260 162.8 -1.08439 0 0 -0.04184 0 0 -276.777 0 0 -9.15133e-20 0 0 
841.524 0.0148204 -3.85488 -9.12544e-05 -2.25447 1.26433e+18 3.15532e-08 1260 162.8 -1.08439 0 0 -0.04184 0 0 -276.777 0 0 -9.2627e-20 0 0 
845.934 0.0148199 -3.85488 -9.17327e-05 -2.25498 1.26433e+18 3.21785e-08 1260 162.8 -1.08439 0 0 -0.04184 0 0 -276.777 0 0 -9.37553e-20 0 0 
850.316 0.0148194 -3.85488 -9.22078e-05 -2.25549 1.26433e+18 3.28196e-08 1260 162.8 -1.08439 0 0 -0.04184 0 0 -276.777 0 0 -9.48983e-20 0 0 
854.668 0.0148189 -3.85488 -9.26797e-05 -2.25601 1.26433e+18 3.34769e-08 1260 162.8 -1.08439 0 0 -0.04184 0 0 -276.777 0 0 -9.60565e-20 0 0 
858.991 0.0148185 -3.85488 -9.31486e-05 -2.25652 1.26433e+18 3.4151e-08 1260 162.8 -1.08439 0 0 -0.04184 0 0 -276.777 0 0 -9.72301e-20 0 0 
863.286 0.014818 -3.85489 -9.36143e-05 -2.25704 1.26433e+18 3.48424e-08 1260 162.8 -1.08439 0 0 -0.04184 0 0 -276.777 0 0 -9.84195e-20 0 0 
867.553 0.0148175 -3.85489 -9.40769e-05 -2.25756 1.26433e+18 3.55516e-08 1260 162.8 -1.08439 0 0 -0.04184 0 0 -276.777 0 0 -9.9625e-20 0 0 
871.791 0.0148171 -3.85489 -9.45365e-05 -2.25809 1.26433e+18 3.62791e-08 1260 162.8 -1.08439 0 0 -0.04184 0 0 -276.777 0 0 -1.00847e-19 0 0 
876.001 0.0148166 -3.85489 -9.49931e-05 -2.25861 1.26433e+18 3.70255e-08 1260 162.8 -1.08439 0 0 -0.04184 0 0 -276.777 0 0 -1.02086e-19 0 0 
880.183 0.0148162 -3.85489 -9.54466e-05 -2.25914 1.26433e+18 3.77914e-08 1260 162.8 -1.08439 0 0 -0.04184 0 0 -276.777 0 0 -1.03342e-19 0 0 
884.338 0.0148157 -3.85489 -9.58971e-05 -2.25968 1.26433e+18 3.85774e-08 1260 162.8 -1.08439 0 0 -0.04184 0 0 -276.777 0 0 -1.04615e-19 0 0 
888.465 0.0148153 -3.85489 -9.63447e-05 -2.26021 1.26433e+18 3.93841e-08 1260 162.8 -1.08439 0 0 -0.04184 0 0 -276.777 0 0 -1.05907e-19 0 0 
892.565 0.0148148 -3.85489 -9.67893e-05 -2.26075 1.26433e+18 4.02122e-08 1260 162.8 -1.08439 0 0 -0.04184 0 0 -276.777 0 0 -1.07217e-19 0 0 
896.638 0.0148144 -3.85489 -9.72309e-05 -2.26129 1.26433e+18 4.10623e-08 1260 162.8 -1.08439 0 0 -0.04184 0 0 -276.777 0 0 -1.08545e-19 0 0 
900.684 0.014814 -3.85489 -9.76696e-05 -2.26183 1.26433e+18 4.19351e-08 1260 162.8 -1.08439 0 0 -0.04184 0 0 -276.777 0 0 -1.09893e-19 0 0 
904.703 0.0148135 -3.85489 -9.81055e-05 -2.26238 1.26433e+18 4.28315e-08 1260 162.8 -1.08439 0 0 -0.04184 0 0 -276.777 0 0 -1.11261e-19 0 0 
908.695 0.0148131 -3.85489 -9.85384e-05 -2.26293 1.26433e+18 4.3752e-08 1260 162.8 -1.08439 0 0 -0.04184 0 0 -276.777 0 0 -1.12648e-19 0 0 
912.661 0.0148127 -3.85489 -9.89685e-05 -2.26348 1.26433e+18 4.46976e-08 1260 162.8 -1.08439 0 0 -0.04184 0 0 -276.777 0 0 -1.14056e-19 0 0 
916.601 0.0148122 -3.85489 -9.93957e-05 -2.26404 1.26433e+18 4.5669e-08 1260 162.8 -1.08439 0 0 -0.04184 0 0 -276.777 0 0 -1.15485e-19 0 0 
920.515 0.0148118 -3.85489 -9.98201e-05 -2.2646 1.26433e+18 4.6667e-08 1260 162.8 -1.08439 0 0 -0.04184 0 0 -276.777 0 0 -1.16936e-19 0 0 
924.403 0.0148114 -3.85489 -0.000100242 -2.26516 1.26433e+18 4.76926e-08 1260 162.8 -1.08439 0 0 -0.04184 0 0 -276.777 0 0 -1.18409e-19 0 0 
928.265 0.014811 -3.85489 -0.000100661 -2.26573 1.26433e+18 4.87467e-08 1260 162.8 -1.08439 0 0 -0.04184 0 0 -276.777 0 0 -1.19904e-19 0 0 
932.101 0.0148105 -3.85489 -0.000101077 -2.2663 1.26433e+18 4.98301e-08 1260 162.8 -1.08439 0 0 -0.04184 0 0 -276.777 0 0 -1.21422e-19 0 0 
935.913 0.0148101 -3.85489 -0.00010149 -2.26687 1.26433e+18 5.0944e-08 1260 162.8 -1.08439 0 0 -0.04184 0 0 -276.777 0 0 -1.22963e-19 0 0 
939.699 0.0148097 -3.85489 -0.0001019 -2.26744 1.26433e+18 5.20892e-08 1260 162.8 -1.08439 0 0 -0.04184 0 0 -276.777 0 0 -1.24529e-19 0 0 
943.46 0.0148093 -3.85489 -0.000102308 -2.26802 1.26433e+18 5.3267e-08 1260 162.8 -1.08439 0 0 -0.04184 0 0 -276.777 0 0 -1.2612e-19 0 0 
947.196 0.0148089 -3.85489 -0.000102713 -2.2686 1.26433e+18 5.44783e-08 1260 162.8 -1.08439 0 0 -0.04184 0 0 -276.777 0 0 -1.27735e-19 0 0 
950.907 0.0148085 -3.85489 -0.000103116 -2.26919 1.26433e+18 5.57244e-08 1260 162.8 -1.08439 0 0 -0.04184 0 0 -276.777 0 0 -1.29377e-19 0 0 
954.594 0.0148081 -3.8549 -0.000103516 -2.26978 1.26433e+18 5.70064e-08 1260 162.8 -1.08439 0 0 -0.04184 0 0 -276.777 0 0 -1.31045e-19 0 0 
958.257 0.0148077 -3.8549 -0.000103913 -2.27037 1.26433e+18 5.83256e-08 1260 162.8 -1.08439 0 0 -0.04184 0 0 -276.777 0 0 -1.32741e-19 0 0 
961.895 0.0148073 -3.8549 -0.000104307 -2.27096 1.26433e+18 5.96834e-08 1260 162.8 -1.08439 0 0 -0.04184 0 0 -276.777 0 0 -1.34464e-19 0 0 
965.509 0.0148069 -3.8549 -0.000104699 -2.27156 1.26433e+18 6.1081e-08 1260 162.8 -1.08439 0 0 -0.04184 0 0 -276.777 0 0 -1.36216e-19 0 0 
969.099 0.0148065 -3.8549 -0.000105089 -2.27217 1.26433e+18 6.25198e-08 1260 162.8 -1.08439 0 0 -0.04184 0 0 -276.777 0 0 -1.37997e-19 0 0 
972.666 0.0148061 -3.8549 -0.000105475 -2.27277 1.26433e+18 6.40014e-08 1260 162.8 -1.08439 0 0 -0.04184 0 0 -276.777 0 0 -1.39809e-19 0 0 
976.209 0.0148058 -3.8549 -0.00010586 -2.27338 1.26433e+18 6.55273e-08 1260 162.8 -1.08439 0 0 -0.04184 0 0 -276.777 0 0 -1.41651e-19 0 0 
979.728 0.0148054 -3.8549 -0.000106241 -2.27399 1.26433e+18 6.7099e-08 1260 162.8 -1.08439 0 0 -0.04184 0 0 -276.777 0 0 -1.43524e-19 0 0 
983.224 0.014805 -3.8549 -0.00010662 -2.27461 1.26433e+18 6.87183e-08 1260 162.8 -1.08439 0 0 -0.04184 0 0 -276.777 0 0 -1.4543e-19 0 0 
986.698 0.0148046 -3.8549 -0.000106997 -2.27523 1.26433e+18 7.03869e-08 1260 162.8 -1.08439 0 0 -0.04184 0 0 -276.777 0 0 -1.47369e-19 0 0 
990.148 0.0148043 -3.8549 -0.000107371 -2.27586 1.26433e+18 7.21066e-08 1260 162.8 -1.08439 0 0 -0.04184 0 0 -276.777 0 0 -1.49343e-19 0 0 
993.575 0.0148039 -3.8549 -0.000107743 -2.27648 1.26433e+18 7.38794e-08 1260 162.8 -1.08439 0 0 -0.04184 0 0 -276.777 0 0 -1.51351e-19 0 0 
996.98 0.0148035 -3.8549 -0.000108112 -2.27712 1.26433e+18 7.57071e-08 1260 162.8 -1.08439 0 0 -0.04184 0 0 -276.777 0 0 -1.53395e-19 0 0 
1000.36 0.0148031 -3.8549 -0.000108479 -2.27775 1.26433e+18 7.75918e-08 1260 162.8 -1.08439 0 0 -0.04184 0 0 -276.777 0 0 -1.55476e-19 0 0 
1003.72 0.0148028 -3.8549 -0.000108843 -2.27839 1.26433e+18 7.95358e-08 1260 162.8 -1.08439 0 0 -0.04184 0 0 -276.777 0 0 -1.57595e-19 0 0 
1007.06 0.0148024 -3.8549 -0.000109205 -2.27904 1.26433e+18 8.15413e-08 1260 162.8 -1.08439 0 0 -0.04184 0 0 -276.777 0 0 -1.59753e-19 0 0 
1010.37 0.0148021 -3.8549 -0.000109564 -2.27969 1.26433e+18 8.36106e-08 1260 162.8 -1.08439 0 0 -0.04184 0 0 -276.777 0 0 -1.61951e-19 0 0 
1013.67 0.0148017 -3.8549 -0.000109922 -2.28034 1.26433e+18 8.57462e-08 1260 162.8 -1.08439 0 0 -0.04184 0 0 -276.777 0 0 -1.6419e-19 0 0 
1016.94 0.0148013 -3.8549 -0.000110276 -2.28099 1.26433e+18 8.79507e-08 1260 162.8 -1.08439 0 0 -0.04184 0 0 -276.777 0 0 -1.66471e-19 0 0 
1020.19 0.014801 -3.8549 -0.000110629 -2.28166 1.26433e+18 9.02268e-08 1260 162.8 -1.08439 0 0 -0.04184 0 0 -276.777 0 0 -1.68796e-19 0 0 
1023.42 0.0148006 -3.8549 -0.000110979 -2.28232 1.26433e+18 9.25773e-08 1260 162.8 -1.08439 0 0 -0.04184 0 0 -276.777 0 0 -1.71165e-19 0 0 
1026.63 0.0148003 -3.8549 -0.000111327 -2.28299 1.26433e+18 9.50052e-08 1260 162.8 -1.08439 0 0 -0.04184 0 0 -276.777 0 0 -1.73579e-19 0 0 
1029.81 0.0147999 -3.8549 -0.000111672 -2.28366 1.26433e+18 9.75135e-08 1260 162.8 -1.08439 0 0 -0.04184 0 0 -276.777 0 0 -1.76041e-19 0 0 
1032.98 0.0147996 -3.8549 -0.000112015 -2.28434 1.26433e+18 1.00106e-07 1260 162.8 -1.08439 0 0 -0.04184 0 0 -276.777 0 0 -1.78552e-19 0 0 
1036.12 0.0147993 -3.8549 -0.000112356 -2.28503 1.26433e+18 1.02785e-07 1260 162.8 -1.08439 0 0 -0.04184 0 0 -276.777 0 0 -1.81112e-19 0 0 
1039.24 0.0147989 -3.8549 -0.000112695 -2.28571 1.26433e+18 1.05555e-07 1260 162.8 -1.08439 0 0 -0.04184 0 0 -276.777 0 0 -1.83724e-19 0 0 
1042.35 0.0147986 -3.8549 -0.000113031 -2.28641 1.26433e+18 1.08419e-07 1260 162.8 -1.08439 0 0 -0.04184 0 0 -276.777 0 0 -1.86389e-19 0 0 
1045.43 0.0147983 -3.85491 -0.000113366 -2.2871 1.26433e+18 1.11382e-07 1260 162.8 -1.08439 0 0 -0.04184 0 0 -276.777 0 0 -1.89108e-19 0 0 
1048.49 0.0147979 -3.85491 -0.000113698 -2.28781 1.26433e+18 1.14447e-07 1260 162.8 -1.08439 0 0 -0.04184 0 0 -276.777 0 0 -1.91883e-19 0 0 
1051.53 0.0147976 -3.85491 -0.000114027 -2.28851 1.26433e+18 1.17619e-07 1260 162.8 -1.08439 0 0 -0.04184 0 0 -276.777 0 0 -1.94716e-19 0 0 
1054.55 0.0147973 -3.85491 -0.000114355 -2.28922 1.26433e+18 1.20902e-07 1260 162.8 -1.08439 0 0 -0.04184 0 0 -276.777 0 0 -1.97609e-19 0 0 
1057.55 0.0147969 -3.85491 -0.000114681 -2.28994 1.26433e+18 1.24302e-07 1260 162.8 -1.08439 0 0 -0.04184 0 0 -276.777 0 0 -2.00563e-19 0 0 
1060.54 0.0147966 -3.85491 -0.000115004 -2.29066 1.26433e+18 1.27822e-07 1260 162.8 -1.08439 0 0 -0.04184 0 0 -276.777 0 0 -2.0358e-19 0 0 
1063.5 0.0147963 -3.85491 -0.000115325 -2.29139 1.26433e+18 1.31469e-07 1260 162.8 -1.08439 0 0 -0.04184 0 0 -276.777 0 0 -2.06663e-19 0 0 
1066.44 0.014796 -3.85491 -0.000115644 -2.29212 1.26433e+18 1.35248e-07 1260 162.8 -1.08439 0 0 -0.04184 0 0 -276.777 0 0 -2.09812e-19 0 0 
1069.36 0.0147957 -3.85491 -0.000115961 -2.29286 1.26433e+18 1.39164e-07 1260 162.8 -1.08439 0 0 -0.04184 0 0 -276.777 0 0 -2.13032e-19 0 0 
1072.27 0.0147953 -3.85491 -0.000116276 -2.29361 1.26433e+18 1.43224e-07 1260 162.8 -1.08439 0 0 -0.04184 0 0 -276.777 0 0 -2.16323e-19 0 0 
1075.15 0.014795 -3.85491 -0.000116589 -2.29436 1.26433e+18 1.47435e-07 1260 162.8 -1.08439 0 0 -0.04184 0 0 -276.777 0 0 -2.19687e-19 0 0 
1078.01 0.0147947 -3.85491 -0.000116899 -2.29511 1.26433e+18 1.51802e-07 1260 162.8 -1.08439 0 0 -0.04184 0 0 -276.777 0 0 -2.23129e-19 0 0 
1080.86 0.0147944 -3.85491 -0.000117208 -2.29587 1.26433e+18 1.56334e-07 1260 162.8 -1.08439 0 0 -0.04184 0 0 -276.777 0 0 -2.26649e-19 0 0 
1083.69 0.0147941 -3.85491 -0.000117515 -2.29664 1.26433e+18 1.61037e-07 1260 162.8 -1.08439 0 0 -0.04184 0 0 -276.777 0 0 -2.30251e-19 0 0 
1086.5 0.0147938 -3.85491 -0.000117819 -2.29741 1.26433e+18 1.65919e-07 1260 162.8 -1.08439 0 0 -0.04184 0 0 -276.777 0 0 -2.33937e-19 0 0 
1089.29 0.0147935 -3.85491 -0.000118122 -2.29819 1.26433e+18 1.7099e-07 1260 162.8 -1.08439 0 0 -0.04184 0 0 -276.777 0 0 -2.3771e-19 0 0 
1092.06 0.0147932 -3.85491 -0.000118422 -2.29897 1.26433e+18 1.76257e-07 1260 162.8 -1.08439 0 0 -0.04184 0 0 -276.777 0 0 -2.41573e-19 0 0 
1094.81 0.0147929 -3.85491 -0.000118721 -2.29976 1.26433e+18 1.8173e-07 1260 162.8 -1.08439 0 0 -0.04184 0 0 -276.777 0 0 -2.45529e-19 0 0 
1097.55 0.0147926 -3.85491 -0.000119017 -2.30056 1.26433e+18 1.87419e-07 1260 162.8 -1.08439 0 0 -0.04184 0 0 -276.777 0 0 -2.49581e-19 0 0 
1100.26 0.0147923 -3.85491 -0.000119312 -2.30137 1.26433e+18 1.93334e-07 1260 162.8 -1.08439 0 0 -0.04184 0 0 -276.777 0 0 -2.53734e-19 0 0 
1102.96 0.014792 -3.85491 -0.000119605 -2.30218 1.26433e+18 1.99486e-07 1260 162.8 -1.08439 0 0 -0.04184 0 0 -276.777 0 0 -2.57989e-19 0 0 
1105.64 0.0147917 -3.85491 -0.000119895 -2.30299 1.26433e+18 2.05887e-07 1260 162.8 -1.08439 0 0 -0.04184 0 0 -276.777 0 0 -2.62352e-19 0 0 
1108.31 0.0147914 -3.85491 -0.000120184 -2.30382 1.26433e+18 2.12548e-07 1260 162.8 -1.08439 0 0 -0.04184 0 0 -276.777 0 0 -2.66825e-19 0 0 
1110.95 0.0147912 -3.85491 -0.000120471 -2.30465 1.26433e+18 2.19483e-07 1260 162.8 -1.08439 0 0 -0.04184 0 0 -276.777 0 0 -2.71413e-19 0 0 
1113.58 0.0147909 -3.85491 -0.000120756 -2.30548 1.26433e+18 2.26705e-07 1260 162.8 -1.08439 0 0 -0.04184 0 0 -276.777 0 0 -2.7612e-19 0 0 
1116.19 0.0147906 -3.85491 -0.000121039 -2.30633 1.26433e+18 2.34228e-07 1260 162.8 -1.08439 0 0 -0.04184 0 0 -276.777 0 0 -2.80951e-19 0 0 
1118.78 0.0147903 -3.85491 -0.00012132 -2.30718 1.26433e+18 2.42069e-07 1260 162.8 -1.08439 0 0 -0.04184 0 0 -276.777 0 0 -2.85909e-19 0 0 
1121.36 0.01479 -3.85491 -0.0001216 -2.30804 1.26433e+18 2.50242e-07 1260 162.8 -1.08439 0 0 -0.04184 0 0 -276.777 0 0 -2.91e-19 0 0 
1123.92 0.0147897 -3.85491 -0.000121877 -2.3089 1.26433e+18 2.58766e-07 1260 162.8 -1.08439 0 0 -0.04184 0 0 -276.777 0 0 -2.96229e-19 0 0 
1126.46 0.0147895 -3.85491 -0.000122153 -2.30978 1.26433e+18 2.67657e-07 1260 162.8 -1.08439 0 0 -0.04184 0 0 -276.777 0 0 -3.01602e-19 0 0 
1128.99 0.0147892 -3.85491 -0.000122427 -2.31066 1.26433e+18 2.76936e-07 1260 162.8 -1.08439 0 0 -0.04184 0 0 -276.777 0 0 -3.07123e-19 0 0 
1131.5 0.0147889 -3.85491 -0.000122699 -2.31155 1.26433e+18 2.86622e-07 1260 162.8 -1.08439 0 0 -0.04184 0 0 -276.777 0 0 -3.12798e-19 0 0 
1133.99 0.0147887 -3.85491 -0.000122969 -2.31244 1.26433e+18 2.96738e-07 1260 162.8 -1.08439 0 0 -0.04184 0 0 -276.777 0 0 -3.18634e-19 0 0 
1136.47 0.0147884 -3.85492 -0.000123238 -2.31335 1.26433e+18 3.07305e-07 1260 162.8 -1.08439 0 0 -0.04184 0 0 -276.777 0 0 -3.24637e-19 0 0 
1138.93 0.0147881 -3.85492 -0.000123504 -2.31426 1.26433e+18 3.18349e-07 1260 162.8 -1.08439 0 0 -0.04184 0 0 -276.777 0 0 -3.30814e-19 0 0 
1141.37 0.0147879 -3.85492 -0.000123769 -2.31518 1.26433e+18 3.29895e-07 1260 162.8 -1.08439 0 0 -0.04184 0 0 -276.777 0 0 -3.37171e-19 0 0 
1143.8 0.0147876 -3.85492 -0.000124033 -2.31611 1.26433e+18 3.41969e-07 1260 162.8 -1.08439 0 0 -0.04184 0 0 -276.777 0 0 -3.43716e-19 0 0 
1146.21 0.0147873 -3.85492 -0.000124294 -2.31705 1.26433e+18 3.54602e-07 1260 162.8 -1.08439 0 0 -0.04184 0 0 -276.777 0 0 -3.50457e-19 0 0 
1148.6 0.0147871 -3.85492 -0.000124554 -2.318 1.26433e+18 3.67823e-07 1260 162.8 -1.08439 0 0 -0.04184 0 0 -276.777 0 0 -3.57402e-19 0 0 
1150.98 0.0147868 -3.85492 -0.000124812 -2.31895 1.26433e+18 3.81666e-07 1260 162.8 -1.08439 0 0 -0.04184 0 0 -276.777 0 0 -3.6456e-19 0 0 
1153.34 0.0147866 -3.85492 -0.000125068 -2.31992 1.26433e+18 3.96166e-07 1260 162.8 -1.08439 0 0 -0.04184 0 0 -276.777 0 0 -3.71939e-19 0 0 
1155.69 0.0147863 -3.85492 -0.000125323 -2.32089 1.26433e+18 4.11358e-07 1260 162.8 -1.08439 0 0 -0.04184 0 0 -276.777 0 0 -3.79549e-19 0 0 
1158.02 0.014786 -3.85492 -0.000125576 -2.32187 1.26433e+18 4.27282e-07 1260 162.8 -1.08439 0 0 -0.04184 0 0 -276.777 0 0 -3.874e-19 0 0 
1160.34 0.0147858 -3.85492 -0.000125827 -2.32286 1.26433e+18 4.4398e-07 1260 162.8 -1.08439 0 0 -0.04184 0 0 -276.777 0 0 -3.95503e-19 0 0 
1162.64 0.0147855 -3.85492 -0.000126076 -2.32386 1.26433e+18 4.61497e-07 1260 162.8 -1.08439 0 0 -0.04184 0 0 -276.777 0 0 -4.03868e-19 0 0 
1164.93 0.0147853 -3.85492 -0.000126324 -2.32487 1.26433e+18 4.79878e-07 1260 162.8 -1.08439 0 0 -0.04184 0 0 -276.777 0 0 -4.12507e-19 0 0 
1167.2 0.0147851 -3.85492 -0.000126571 -2.32589 1.26433e+18 4.99175e-07 1260 162.8 -1.08439 0 0 -0.04184 0 0 -276.777 0 0 -4.21432e-19 0 0 
1169.46 0.0147848 -3.85492 -0.000126815 -2.32692 1.26433e+18 5.19439e-07 1260 162.8 -1.08439 0 0 -0.04184 0 0 -276.777 0 0 -4.30657e-19 0 0 
1171.7 0.0147846 -3.85492 -0.000127058 -2.32796 1.26433e+18 5.40729e-07 1260 162.8 -1.08439 0 0 -0.04184 0 0 -276.777 0 0 -4.40195e-19 0 0 
1173.92 0.0147843 -3.85492 -0.0001273 -2.32901 1.26433e+18 5.63104e-07 1260 162.8 -1.08439 0 0 -0.04184 0 0 -276.777 0 0 -4.50059e-19 0 0 
1176.14 0.0147841 -3.85492 -0.00012754 -2.33007 1.26433e+18 5.86628e-07 1260 162.8 -1.08439 0 0 -0.04184 0 0 -276.777 0 0 -4.60266e-19 0 0 
1178.33 0.0147838 -3.85492 -0.000127778 -2.33114 1.26433e+18 6.11369e-07 1260 162.8 -1.08439 0 0 -0.04184 0 0 -276.777 0 0 -4.70831e-19 0 0 
1180.52 0.0147836 -3.85492 -0.000128014 -2.33222 1.26433e+18 6.374e-07 1260 162.8 -1.08439 0 0 -0.04184 0 0 -276.777 0 0 -4.81771e-19 0 0 
1182.68 0.0147834 -3.85492 -0.00012825 -2.3333 1.26433e+18 6.64797e-07 1260 162.8 -1.08439 0 0 -0.04184 0 0 -276.777 0 0 -4.93104e-19 0 0 
1184.84 0.0147831 -3.85492 -0.000128483 -2.3344 1.26433e+18 6.93643e-07 1260 162.8 -1.08439 0 0 -0.04184 0 0 -276.777 0 0 -5.04847e-19 0 0 
1186.98 0.0147829 -3.85492 -0.000128715 -2.33551 1.26433e+18 7.24023e-07 1260 162.8 -1.08439 0 0 -0.04184 0 0 -276.777 0 0 -5.17022e-19 0 0 
1189.1 0.0147827 -3.85492 -0.000128946 -2.33663 1.26433e+18 7.56031e-07 1260 162.8 -1.08439 0 0 -0.04184 0 0 -276.777 0 0 -5.29649e-19 0 0 
1191.21 0.0147824 -3.85492 -0.000129175 -2.33776 1.26433e+18 7.89765e-07 1260 162.8 -1.08439 0 0 -0.04184 0 0 -276.777 0 0 -5.42749e-19 0 0 
1193.31 0.0147822 -3.85492 -0.000129402 -2.3389 1.26433e+18 8.25329e-07 1260 162.8 -1.08439 0 0 -0.04184 0 0 -276.777 0 0 -5.56346e-19 0 0 
1195.39 0.014782 -3.85492 -0.000129628 -2.34005 1.26433e+18 8.62834e-07 1260 162.8 -1.08439 0 0 -0.04184 0 0 -276.777 0 0 -5.70463e-19 0 0 
1197.46 0.0147818 -3.85492 -0.000129852 -2.3412 1.26433e+18 9.02397e-07 1260 162.8 -1.08439 0 0 -0.04184 0 0 -276.777 0 0 -5.85128e-19 0 0 
1199.52 0.0147815 -3.85492 -0.000130075 -2.34237 1.26433e+18 9.44143e-07 1260 162.8 -1.08439 0 0 -0.04184 0 0 -276.777 0 0 -6.00367e-19 0 0 
1201.56 0.0147813 -3.85492 -0.000130297 -2.34355 1.26433e+18 9.88204e-07 1260 162.8 -1.08439 0 0 -0.04184 0 0 -276.777 0 0 -6.16209e-19 0 0 
1203.59 0.0147811 -3.85492 -0.000130517 -2.34474 1.26433e+18 1.03472e-06 1260 162.8 -1.08439 0 0 -0.04184 0 0 -276.777 0 0 -6.32683e-19 0 0 
1205.61 0.0147809 -3.85492 -0.000130735 -2.34594 1.26433e+18 1.08384e-06 1260 162.8 -1.08439 0 0 -0.04184 0 0 -276.777 0 0 -6.49822e-19 0 0 
1207.61 0.0147807 -3.85492 -0.000130952 -2.34715 1.26433e+18 1.13572e-06 1260 162.8 -1.08439 0 0 -0.04184 0 0 -276.777 0 0 -6.67659e-19 0 0 
1209.6 0.0147805 -3.85492 -0.000131168 -2.34837 1.26433e+18 1.19053e-06 1260 162.8 -1.08439 0 0 -0.04184 0 0 -276.777 0 0 -6.86231e-19 0 0 
1211.57 0.0147802 -3.85492 -0.000131382 -2.3496 1.26433e+18 1.24844e-06 1260 162.8 -1.08439 0 0 -0.04184 0 0 -276.777 0 0 -7.05573e-19 0 0 
1213.54 0.01478 -3.85492 -0.000131595 -2.35084 1.26433e+18 1.30964e-06 1260 162.8 -1.08439 0 0 -0.04184 0 0 -276.777 0 0 -7.25725e-19 0 0 
1215.49 0.0147798 -3.85492 -0.000131807 -2.35208 1.26433e+18 1.37433e-06 1260 162.8 -1.08439 0 0 -0.04184 0 0 -276.777 0 0 -7.4673e-19 0 0 
1217.42 0.0147796 -3.85492 -0.000132017 -2.35334 1.26433e+18 1.4427e-06 1260 162.8 -1.08439 0 0 -0.04184 0 0 -276.777 0 0 -7.6863e-19 0 0 
1219.35 0.0147794 -3.85492 -0.000132225 -2.3546 1.26433e+18 1.51499e-06 1260 162.8 -1.08439 0 0 -0.04184 0 0 -276.777 0 0 -7.91471e-19 0 0 
1221.26 0.0147792 -3.85492 -0.000132433 -2.35587 1.26433e+18 1.59141e-06 1260 162.8 -1.08439 0 0 -0.04184 0 0 -276.777 0 0 -8.15303e-19 0 0 
1223.16 0.014779 -3.85492 -0.000132638 -2.35715 1.26433e+18 1.67222e-06 1260 162.8 -1.08439 0 0 -0.04184 0 0 -276.777 0 0 -8.40174e-19 0 0 
1225.04 0.0147788 -3.85492 -0.000132843 -2.35844 1.26433e+18 1.75766e-06 1260 162.8 -1.08439 0 0 -0.04184 0 0 -276.777 0 0 -8.6614e-19 0 0 
1226.92 0.0147786 -3.85492 -0.000133046 -2.35974 1.26433e+18 1.848e-06 1260 162.8 -1.08439 0 0 -0.04184 0 0 -276.777 0 0 -8.93256e-19 0 0 
1228.78 0.0147784 -3.85493 -0.000133248 -2.36104 1.26433e+18 1.94352e-06 1260 162.8 -1.08439 0 0 -0.04184 0 0 -276.777 0 0 -9.21582e-19 0 0 
1230.63 0.0147782 -3.85493 -0.000133448 -2.36235 1.26433e+18 2.04451e-06 1260 162.8 -1.08439 0 0 -0.04184 0 0 -276.777 0 0 -9.51178e-19 0 0 
1232.46 0.014778 -3.85493 -0.000133648 -2.36367 1.26433e+18 2.15129e-06 1260 162.8 -1.08439 0 0 -0.04184 0 0 -276.777 0 0 -9.8211e-19 0 0 
1234.29 0.0147778 -3.85493 -0.000133845 -2.36499 1.26433e+18 2.26416e-06 1260 162.8 -1.08439 0 0 -0.04184 0 0 -276.777 0 0 -1.01445e-18 0 0 
1236.1 0.0147776 -3.85493 -0.000134042 -2.36632 1.26433e+18 2.38347e-06 1260 162.8 -1.08439 0 0 -0.04184 0 0 -276.777 0 0 -1.04826e-18 0 0 
1237.9 0.0147774 -3.85493 -0.000134237 -2.36765 1.26433e+18 2.50956e-06 1260 162.8 -1.08439 0 0 -0.04184 0 0 -276.777 0 0 -1.08362e-18 0 0 
1239.69 0.0147772 -3.85493 -0.000134431 -2.36899 1.26433e+18 2.6428e-06 1260 162.8 -1.08439 0 0 -0.04184 0 0 -276.777 0 0 -1.12061e-18 0 0 
1241.47 0.014777 -3.85493 -0.000134624 -2.37033 1.26433e+18 2.78357e-06 1260 162.8 -1.08439 0 0 -0.04184 0 0 -276.777 0 0 -1.15931e-18 0 0 
1243.23 0.0147768 -3.85493 -0.000134815 -2.37168 1.26433e+18 2.93227e-06 1260 162.8 -1.08439 0 0 -0.04184 0 0 -276.777 0 0 -1.1998e-18 0 0 
1244.98 0.0147766 -3.85493 -0.000135005 -2.37302 1.26433e+18 3.08929e-06 1260 162.8 -1.08439 0 0 -0.04184 0 0 -276.777 0 0 -1.24218e-18 0 0 
1246.73 0.0147764 -3.85493 -0.000135194 -2.37438 1.26433e+18 3.25508e-06 1260 162.8 -1.08439 0 0 -0.04184 0 0 -276.777 0 0 -1.28653e-18 0 0 
1248.46 0.0147762 -3.85493 -0.000135382 -2.37573 1.26433e+18 3.43007e-06 1260 162.8 -1.08439 0 0 -0.04184 0 0 -276.777 0 0 -1.33296e-18 0 0 
1250.17 0.0147761 -3.85493 -0.000135568 -2.37709 1.26433e+18 3.61473e-06 1260 162.8 -1.08439 0 0 -0.04184 0 0 -276.777 0 0 -1.38156e-18 0 0 
1251.88 0.0147759 -3.85493 -0.000135753 -2.37844 1.26433e+18 3.80952e-06 1260 162.8 -1.08439 0 0 -0.04184 0 0 -276.777 0 0 -1.43244e-18 0 0 
1253.58 0.0147757 -3.85493 -0.000135937 -2.3798 1.26433e+18 4.01494e-06 1260 162.8 -1.08439 0 0 -0.04184 0 0 -276.777 0 0 -1.4857e-18 0 0 
1255.26 0.0147755 -3.85493 -0.00013612 -2.38116 1.26433e+18 4.23149e-06 1260 162.8 -1.08439 0 0 -0.04184 0 0 -276.777 0 0 -1.54147e-18 0 0 
1256.94 0.0147753 -3.85493 -0.000136302 -2.38252 1.26433e+18 4.45972e-06 1260 162.8 -1.08439 0 0 -0.04184 0 0 -276.777 0 0 -1.59986e-18 0 0 
1258.6 0.0147751 -3.85493 -0.000136482 -2.38387 1.26433e+18 4.70015e-06 1260 162.8 -1.08439 0 0 -0.04184 0 0 -276.777 0 0 -1.66099e-18 0 0 
1260.25 0.014775 -3.85493 -0.000136661 -2.38523 1.26433e+18 4.95336e-06 1260 162.8 -1.08439 0 0 -0.04184 0 0 -276.777 0 0 -1.72499e-18 0 0 
1261.89 0.0147748 -3.85493 -0.000136839 -2.38659 1.26433e+18 5.21991e-06 1260 162.8 -1.08439 0 0 -0.04184 0 0 -276.777 0 0 -1.79199e-18 0 0 
1263.52 0.0147746 -3.85493 -0.000137016 -2.38794 1.26433e+18 5.50042e-06 1260 162.8 -1.08439 0 0 -0.04184 0 0 -276.777 0 0 -1.86212e-18 0 0 
1265.14 0.0147744 -3.85493 -0.000137191 -2.38929 1.26433e+18 5.79549e-06 1260 162.8 -1.08439 0 0 -0.04184 0 0 -276.777 0 0 -1.93553e-18 0 0 
1266.75 0.0147743 -3.85493 -0.000137366 -2.39064 1.26433e+18 6.10577e-06 1260 162.8 -1.08439 0 0 -0.04184 0 0 -276.777 0 0 -2.01236e-18 0 0 
1268.35 0.0147741 -3.85493 -0.000137539 -2.39198 1.26433e+18 6.4319e-06 1260 162.8 -1.08439 0 0 -0.04184 0 0 -276.777 0 0 -2.09277e-18 0 0 
1269.93 0.0147739 -3.85493 -0.000137711 -2.39333 1.26433e+18 6.77457e-06 1260 162.8 -1.08439 0 0 -0.04184 0 0 -276.777 0 0 -2.1769e-18 0 0 
1271.51 0.0147737 -3.85493 -0.000137882 -2.39467 1.26433e+18 7.13447e-06 1260 162.8 -1.08439 0 0 -0.04184 0 0 -276.777 0 0 -2.26493e-18 0 0 
1273.08 0.0147736 -3.85493 -0.000138052 -2.396 1.26433e+18 7.51232e-06 1260 162.8 -1.08439 0 0 -0.04184 0 0 -276.777 0 0 -2.35701e-18 0 0 
1274.63 0.0147734 -3.85493 -0.00013822 -2.39733 1.26433e+18 7.90885e-06 1260 162.8 -1.08439 0 0 -0.04184 0 0 -276.777 0 0 -2.45331e-18 0 0 
1276.18 0.0147732 -3.85493 -0.000138388 -2.39865 1.26433e+18 8.32482e-06 1260 162.8 -1.08439 0 0 -0.04184 0 0 -276.777 0 0 -2.55402e-18 0 0 
1277.71 0.0147731 -3.85493 -0.000138555 -2.39998 1.26433e+18 8.76101e-06 1260 162.8 -1.08439 0 0 -0.04184 0 0 -276.777 0 0 -2.65932e-18 0 0 
1279.24 0.0147729 -3.85493 -0.00013872 -2.40129 1.26433e+18 9.21823e-06 1260 162.8 -1.08439 0 0 -0.04184 0 0 -276.777 0 0 -2.76939e-18 0 0 
1280.75 0.0147727 -3.85493 -0.000138884 -2.4026 1.26433e+18 9.6973e-06 1260 162.8 -1.08439 0 0 -0.04184 0 0 -276.777 0 0 -2.88442e-18 0 0 
1282.26 0.0147726 -3.85493 -0.000139047 -2.4039 1.26433e+18 1.01991e-05 1260 162.8 -1.08439 0 0 -0.04184 0 0 -276.777 0 0 -3.00462e-18 0 0 
1283.75 0.0147724 -3.85493 -0.00013921 -2.4052 1.26433e+18 1.07244e-05 1260 162.8 -1.08439 0 0 -0.04184 0 0 -276.777 0 0 -3.13019e-18 0 0 
1285.24 0.0147723 -3.85493 -0.000139371 -2.4065 1.26433e+18 1.12742e-05 1260 162.8 -1.08439 0 0 -0.04184 0 0 -276.777 0 0 -3.26134e-18 0 0 
1286.71 0.0147721 -3.85493 -0.000139531 -2.40778 1.26433e+18 1.18494e-05 1260 162.8 -1.08439 0 0 -0.04184 0 0 -276.777 0 0 -3.39828e-18 0 0 
1288.18 0.0147719 -3.85493 -0.00013969 -2.40906 1.26433e+18 1.24508e-05 1260 162.8 -1.08439 0 0 -0.04184 0 0 -276.777 0 0 -3.54124e-18 0 0 
1289.64 0.0147718 -3.85493 -0.000139847 -2.41034 1.26433e+18 1.30796e-05 1260 162.8 -1.08439 0 0 -0.04184 0 0 -276.777 0 0 -3.69044e-18 0 0 
1291.08 0.0147716 -3.85493 -0.000140004 -2.4116 1.26433e+18 1.37367e-05 1260 162.8 -1.08439 0 0 -0.04184 0 0 -276.777 0 0 -3.84613e-18 0 0 
1292.52 0.0147715 -3.85493 -0.00014016 -2.41286 1.26433e+18 1.44231e-05 1260 162.8 -1.08439 0 0 -0.04184 0 0 -276.777 0 0 -4.00853e-18 0 0 
1293.95 0.0147713 -3.85493 -0.000140315 -2.41412 1.26433e+18 1.51399e-05 1260 162.8 -1.08439 0 0 -0.04184 0 0 -276.777 0 0 -4.17789e-18 0 0 
1295.36 0.0147712 -3.85493 -0.000140469 -2.41537 1.26433e+18 1.5888e-05 1260 162.8 -1.08439 0 0 -0.04184 0 0 -276.777 0 0 -4.35447e-18 0 0 
1296.77 0.014771 -3.85493 -0.000140621 -2.41661 1.26433e+18 1.66687e-05 1260 162.8 -1.08439 0 0 -0.04184 0 0 -276.777 0 0 -4.53852e-18 0 0 
1298.17 0.0147708 -3.85493 -0.000140773 -2.41784 1.26433e+18 1.74831e-05 1260 162.8 -1.08439 0 0 -0.04184 0 0 -276.777 0 0 -4.73032e-18 0 0 
1299.56 0.0147707 -3.85493 -0.000140924 -2.41907 1.26433e+18 1.83322e-05 1260 162.8 -1.08439 0 0 -0.04184 0 0 -276.777 0 0 -4.93013e-18 0 0 
1300.94 0.0147705 -3.85493 -0.000141073 -2.42028 1.26433e+18 1.92174e-05 1260 162.8 -1.08439 0 0 -0.04184 0 0 -276.777 0 0 -5.13823e-18 0 0 
1302.31 0.0147704 -3.85493 -0.000141222 -2.4215 1.26433e+18 2.01397e-05 1260 162.8 -1.08439 0 0 -0.04184 0 0 -276.777 0 0 -5.3549e-18 0 0 
1303.68 0.0147703 -3.85493 -0.00014137 -2.4227 1.26433e+18 2.11005e-05 1260 162.8 -1.08439 0 0 -0.04184 0 0 -276.777 0 0 -5.58044e-18 0 0 
1305.03 0.0147701 -3.85493 -0.000141517 -2.4239 1.26433e+18 2.2101e-05 1260 162.8 -1.08439 0 0 -0.04184 0 0 -276.777 0 0 -5.81514e-18 0 0 
1306.37 0.01477 -3.85493 -0.000141663 -2.42509 1.26433e+18 2.31425e-05 1260 162.8 -1.08439 0 0 -0.04184 0 0 -276.777 0 0 -6.0593e-18 0 0 
1307.71 0.0147698 -3.85493 -0.000141807 -2.42627 1.26433e+18 2.42264e-05 1260 162.8 -1.08439 0 0 -0.04184 0 0 -276.777 0 0 -6.31325e-18 0 0 
1309.04 0.0147697 -3.85493 -0.000141951 -2.42745 1.26433e+18 2.53539e-05 1260 162.8 -1.08439 0 0 -0.04184 0 0 -276.777 0 0 -6.5773e-18 0 0 
1310.35 0.0147695 -3.85493 -0.000142094 -2.42862 1.26433e+18 2.65265e-05 1260 162.8 -1.08439 0 0 -0.04184 0 0 -276.777 0 0 -6.85176e-18 0 0 
1311.66 0.0147694 -3.85493 -0.000142236 -2.42978 1.26433e+18 2.77456e-05 1260 162.8 -1.08439 0 0 -0.04184 0 0 -276.777 0 0 -7.13698e-18 0 0 
1312.96 0.0147692 -3.85493 -0.000142377 -2.43093 1.26433e+18 2.90126e-05 1260 162.8 -1.08439 0 0 -0.04184 0 0 -276.777 0 0 -7.4333e-18 0 0 
1314.26 0.0147691 -3.85493 -0.000142517 -2.43208 1.26433e+18 3.0329e-05 1260 162.8 -1.08439 0 0 -0.04184 0 0 -276.777 0 0 -7.74105e-18 0 0 
1315.54 0.014769 -3.85493 -0.000142656 -2.43322 1.26433e+18 3.16964e-05 1260 162.8 -1.08439 0 0 -0.04184 0 0 -276.777 0 0 -8.06059e-18 0 0 
1316.81 0.0147688 -3.85493 -0.000142795 -2.43436 1.26433e+18 3.31161e-05 1260 162.8 -1.08439 0 0 -0.04184 0 0 -276.777 0 0 -8.39228e-18 0 0 
1318.08 0.0147687 -3.85493 -0.000142932 -2.43548 1.26433e+18 3.45899e-05 1260 162.8 -1.08439 0 0 -0.04184 0 0 -276.777 0 0 -8.73649e-18 0 0 
1319.34 0.0147686 -3.85493 -0.000143068 -2.4366 1.26433e+18 3.61193e-05 1260 162.8 -1.08439 0 0 -0.04184 0 0 -276.777 0 0 -9.09358e-18 0 0 
1320.59 0.0147684 -3.85494 -0.000143204 -2.43771 1.26433e+18 3.77059e-05 1260 162.8 -1.08439 0 0 -0.04184 0 0 -276.777 0 0 -9.46395e-18 0 0 
1321.83 0.0147683 -3.85494 -0.000143339 -2.43882 1.26433e+18 3.93514e-05 1260 162.8 -1.08439 0 0 -0.04184 0 0 -276.777 0 0 -9.84798e-18 0 0 
1323.06 0.0147681 -3.85494 -0.000143472 -2.43991 1.26433e+18 4.10575e-05 1260 162.8 -1.08439 0 0 -0.04184 0 0 -276.777 0 0 -1.02461e-17 0 0 
1324.29 0.014768 -3.85494 -0.000143605 -2.441 1.26433e+18 4.28259e-05 1260 162.8 -1.08439 0 0 -0.04184 0 0 -276.777 0 0 -1.06586e-17 0 0 
1325.51 0.0147679 -3.85494 -0.000143737 -2.44209 1.26433e+18 4.46583e-05 1260 162.8 -1.08439 0 0 -0.04184 0 0 -276.777 0 0 -1.1086e-17 0 0 
1326.72 0.0147678 -3.85494 -0.000143868 -2.44316 1.26433e+18 4.65566e-05 1260 162.8 -1.08439 0 0 -0.04184 0 0 -276.777 0 0 -1.15287e-17 0 0 
1327.92 0.0147676 -3.85494 -0.000143999 -2.44423 1.26433e+18 4.85225e-05 1260 162.8 -1.08439 0 0 -0.04184 0 0 -276.777 0 0 -1.1987e-17 0 0 
1329.11 0.0147675 -3.85494 -0.000144128 -2.44529 1.26433e+18 5.05578e-05 1260 162.8 -1.08439 0 0 -0.04184 0 0 -276.777 0 0 -1.24615e-17 0 0 
1330.3 0.0147674 -3.85494 -0.000144256 -2.44635 1.26433e+18 5.26645e-05 1260 162.8 -1.08439 0 0 -0.04184 0 0 -276.777 0 0 -1.29526e-17 0 0 
1331.47 0.0147672 -3.85494 -0.000144384 -2.4474 1.26433e+18 5.48444e-05 1260 162.8 -1.08439 0 0 -0.04184 0 0 -276.777 0 0 -1.34607e-17 0 0 
1332.64 0.0147671 -3.85494 -0.000144511 -2.44844 1.26433e+18 5.70995e-05 1260 162.8 -1.08439 0 0 -0.04184 0 0 -276.777 0 0 -1.39862e-17 0 0 
1333.8 0.014767 -3.85494 -0.000144637 -2.44948 1.26433e+18 5.94317e-05 1260 162.8 -1.08439 0 0 -0.04184 0 0 -276.777 0 0 -1.45297e-17 0 0 
1334.96 0.0147669 -3.85494 -0.000144762 -2.4505 1.26433e+18 6.1843e-05 1260 162.8 -1.08439 0 0 -0.04184 0 0 -276.777 0 0 -1.50915e-17 0 0 
1336.1 0.0147667 -3.85494 -0.000144886 -2.45153 1.26433e+18 6.43354e-05 1260 162.8 -1.08439 0 0 -0.04184 0 0 -276.777 0 0 -1.56722e-17 0 0 
1337.24 0.0147666 -3.85494 -0.00014501 -2.45254 1.26433e+18 6.69111e-05 1260 162.8 -1.08439 0 0 -0.04184 0 0 -276.777 0 0 -1.62722e-17 0 0 
1338.38 0.0147665 -3.85494 -0.000145133 -2.45355 1.26433e+18 6.95719e-05 1260 162.8 -1.08439 0 0 -0.04184 0 0 -276.777 0 0 -1.68921e-17 0 0 
1339.5 0.0147664 -3.85494 -0.000145255 -2.45455 1.26433e+18 7.23201e-05 1260 162.8 -1.08439 0 0 -0.04184 0 0 -276.777 0 0 -1.75322e-17 0 0 
1340.62 0.0147662 -3.85494 -0.000145376 -2.45555 1.26433e+18 7.51578e-05 1260 162.8 -1.08439 0 0 -0.04184 0 0 -276.777 0 0 -1.81931e-17 0 0 
1341.72 0.0147661 -3.85494 -0.000145496 -2.45653 1.26433e+18 7.80872e-05 1260 162.8 -1.08439 0 0 -0.04184 0 0 -276.777 0 0 -1.88754e-17 0 0 
1342.83 0.014766 -3.85494 -0.000145615 -2.45752 1.26433e+18 8.11103e-05 1260 162.8 -1.08439 0 0 -0.04184 0 0 -276.777 0 0 -1.95794e-17 0 0 
1343.92 0.0147659 -3.85494 -0.000145734 -2.45849 1.26433e+18 8.42295e-05 1260 162.8 -1.08439 0 0 -0.04184 0 0 -276.777 0 0 -2.03058e-17 0 0 
1345.01 0.0147658 -3.85494 -0.000145852 -2.45946 1.26433e+18 8.7447e-05 1260 162.8 -1.08439 0 0 -0.04184 0 0 -276.777 0 0 -2.1055e-17 0 0 
1346.09 0.0147657 -3.85494 -0.000145969 -2.46042 1.26433e+18 9.0765e-05 1260 162.8 -1.08439 0 0 -0.04184 0 0 -276.777 0 0 -2.18276e-17 0 0 
1347.16 0.0147655 -3.85494 -0.000146085 -2.46138 1.26433e+18 9.41858e-05 1260 162.8 -1.08439 0 0 -0.04184 0 0 -276.777 0 0 -2.26242e-17 0 0 
1348.23 0.0147654 -3.85494 -0.000146201 -2.46233 1.26433e+18 9.77118e-05 1260 162.8 -1.08439 0 0 -0.04184 0 0 -276.777 0 0 -2.34451e-17 0 0 
1349.29 0.0147653 -3.85494 -0.000146316 -2.46327 1.26433e+18 0.000101345 1260 162.8 -1.08439 0 0 -0.04184 0 0 -276.777 0 0 -2.42911e-17 0 0 
1350.34 0.0147652 -3.85494 -0.00014643 -2.46421 1.26433e+18 0.000105089 1260 162.8 -1.08439 0 0 -0.04184 0 0 -276.777 0 0 -2.51626e-17 0 0 
1351.38 0.0147651 -3.85494 -0.000146543 -2.46514 1.26433e+18 0.000108944 1260 162.8 -1.08439 0 0 -0.04184 0 0 -276.777 0 0 -2.60602e-17 0 0 
1352.42 0.014765 -3.85494 -0.000146656 -2.46607 1.26433e+18 0.000112914 1260 162.8 -1.08439 0 0 -0.04184 0 0 -276.777 0 0 -2.69845e-17 0 0 
1353.45 0.0147649 -3.85494 -0.000146768 -2.46699 1.26433e+18 0.000117002 1260 162.8 -1.08439 0 0 -0.04184 0 0 -276.777 0 0 -2.7936e-17 0 0 
1354.48 0.0147647 -3.85494 -0.000146879 -2.4679 1.26433e+18 0.000121209 1260 162.8 -1.08439 0 0 -0.04184 0 0 -276.777 0 0 -2.89153e-17 0 0 
1355.49 0.0147646 -3.85494 -0.000146989 -2.46881 1.26433e+18 0.000125537 1260 162.8 -1.08439 0 0 -0.04184 0 0 -276.777 0 0 -2.9923e-17 0 0 
1356.5 0.0147645 -3.85494 -0.000147099 -2.46971 1.26433e+18 0.000129991 1260 162.8 -1.08439 0 0 -0.04184 0 0 -276.777 0 0 -3.09597e-17 0 0 
1357.51 0.0147644 -3.85494 -0.000147207 -2.47061 1.26433e+18 0.000134571 1260 162.8 -1.08439 0 0 -0.04184 0 0 -276.777 0 0 -3.20259e-17 0 0 
1358.51 0.0147643 -3.85494 -0.000147316 -2.4715 1.26433e+18 0.000139281 1260 162.8 -1.08439 0 0 -0.04184 0 0 -276.777 0 0 -3.31222e-17 0 0 
1359.5 0.0147642 -3.85494 -0.000147423 -2.47238 1.26433e+18 0.000144123 1260 162.8 -1.08439 0 0 -0.04184 0 0 -276.777 0 0 -3.42493e-17 0 0 
1360.48 0.0147641 -3.85494 -0.00014753 -2.47326 1.26433e+18 0.0001491 1260 162.8 -1.08439 0 0 -0.04184 0 0 -276.777 0 0 -3.54078e-17 0 0 
1361.46 0.014764 -3.85494 -0.000147636 -2.47413 1.26433e+18 0.000154214 1260 162.8 -1.08439 0 0 -0.04184 0 0 -276.777 0 0 -3.65981e-17 0 0 
1362.43 0.0147639 -3.85494 -0.000147741 -2.475 1.26433e+18 0.000159469 1260 162.8 -1.08439 0 0 -0.04184 0 0 -276.777 0 0 -3.7821e-17 0 0 
1363.39 0.0147638 -3.85494 -0.000147846 -2.47586 1.26433e+18 0.000164865 1260 162.8 -1.08439 0 0 -0.04184 0 0 -276.777 0 0 -3.90771e-17 0 0 
1364.35 0.0147637 -3.85494 -0.00014795 -2.47671 1.26433e+18 0.000170407 1260 162.8 -1.08439 0 0 -0.04184 0 0 -276.777 0 0 -4.0367e-17 0 0 
1365.3 0.0147636 -3.85494 -0.000148053 -2.47756 1.26433e+18 0.000176097 1260 162.8 -1.08439 0 0 -0.04184 0 0 -276.777 0 0 -4.16912e-17 0 0 
1366.25 0.0147635 -3.85494 -0.000148155 -2.4784 1.26433e+18 0.000181937 1260 162.8 -1.08439 0 0 -0.04184 0 0 -276.777 0 0 -4.30505e-17 0 0 
1367.19 0.0147634 -3.85494 -0.000148257 -2.47924 1.26433e+18 0.00018793 1260 162.8 -1.08439 0 0 -0.04184 0 0 -276.777 0 0 -4.44453e-17 0 0 
1368.12 0.0147633 -3.85494 -0.000148359 -2.48007 1.26433e+18 0.000194079 1260 162.8 -1.08439 0 0 -0.04184 0 0 -276.777 0 0 -4.58765e-17 0 0 
1369.05 0.0147632 -3.85494 -0.000148459 -2.4809 1.26433e+18 0.000200387 1260 162.8 -1.08439 0 0 -0.04184 0 0 -276.777 0 0 -4.73445e-17 0 0 
1369.97 0.0147631 -3.85494 -0.000148559 -2.48172 1.26433e+18 0.000206856 1260 162.8 -1.08439 0 0 -0.04184 0 0 -276.777 0 0 -4.88501e-17 0 0 
1370.89 0.014763 -3.85494 -0.000148658 -2.48254 1.26433e+18 0.000213489 1260 162.8 -1.08439 0 0 -0.04184 0 0 -276.777 0 0 -5.03938e-17 0 0 
1371.8 0.0147629 -3.85494 -0.000148757 -2.48335 1.26433e+18 0.000220289 1260 162.8 -1.08439 0 0 -0.04184 0 0 -276.777 0 0 -5.19764e-17 0 0 
1372.7 0.0147628 -3.85494 -0.000148855 -2.48415 1.26433e+18 0.000227258 1260 162.8 -1.08439 0 0 -0.04184 0 0 -276.777 0 0 -5.35983e-17 0 0 
1373.6 0.0147627 -3.85494 -0.000148952 -2.48495 1.26433e+18 0.0002344 1260 162.8 -1.08439 0 0 -0.04184 0 0 -276.777 0 0 -5.52604e-17 0 0 
1374.49 0.0147626 -3.85494 -0.000149049 -2.48575 1.26433e+18 0.000241716 1260 162.8 -1.08439 0 0 -0.04184 0 0 -276.777 0 0 -5.69631e-17 0 0 
1375.37 0.0147625 -3.85494 -0.000149145 -2.48654 1.26433e+18 0.000249211 1260 162.8 -1.08439 0 0 -0.04184 0 0 -276.777 0 0 -5.87072e-17 0 0 
1376.25 0.0147624 -3.85494 -0.00014924 -2.48732 1.26433e+18 0.000256885 1260 162.8 -1.08439 0 0 -0.04184 0 0 -276.777 0 0 -6.04933e-17 0 0 
1377.12 0.0147623 -3.85494 -0.000149335 -2.4881 1.26433e+18 0.000264743 1260 162.8 -1.08439 0 0 -0.04184 0 0 -276.777 0 0 -6.2322e-17 0 0 
1377.99 0.0147622 -3.85494 -0.000149429 -2.48888 1.26433e+18 0.000272788 1260 162.8 -1.08439 0 0 -0.04184 0 0 -276.777 0 0 -6.41941e-17 0 0 
1378.85 0.0147621 -3.85494 -0.000149522 -2.48964 1.26433e+18 0.000281021 1260 162.8 -1.08439 0 0 -0.04184 0 0 -276.777 0 0 -6.611e-17 0 0 
1379.71 0.014762 -3.85494 -0.000149615 -2.49041 1.26433e+18 0.000289445 1260 162.8 -1.08439 0 0 -0.04184 0 0 -276.777 0 0 -6.80706e-17 0 0 
1380.56 0.0147619 -3.85494 -0.000149707 -2.49117 1.26433e+18 0.000298064 1260 162.8 -1.08439 0 0 -0.04184 0 0 -276.777 0 0 -7.00763e-17 0 0 
1381.41 0.0147618 -3.85494 -0.000149799 -2.49192 1.26433e+18 0.00030688 1260 162.8 -1.08439 0 0 -0.04184 0 0 -276.777 0 0 -7.21279e-17 0 0 
1382.24 0.0147617 -3.85494 -0.00014989 -2.49267 1.26433e+18 0.000315896 1260 162.8 -1.08439 0 0 -0.04184 0 0 -276.777 0 0 -7.4226e-17 0 0 
1383.08 0.0147616 -3.85494 -0.00014998 -2.49341 1.26433e+18 0.000325114 1260 162.8 -1.08439 0 0 -0.04184 0 0 -276.777 0 0 -7.63713e-17 0 0 
1383.91 0.0147616 -3.85494 -0.00015007 -2.49415 1.26433e+18 0.000334538 1260 162.8 -1.08439 0 0 -0.04184 0 0 -276.777 0 0 -7.85643e-17 0 0 
1384.73 0.0147615 -3.85494 -0.000150159 -2.49489 1.26433e+18 0.00034417 1260 162.8 -1.08439 0 0 -0.04184 0 0 -276.777 0 0 -8.08058e-17 0 0 
1385.55 0.0147614 -3.85494 -0.000150248 -2.49561 1.26433e+18 0.000354013 1260 162.8 -1.08439 0 0 -0.04184 0 0 -276.777 0 0 -8.30963e-17 0 0 
1386.36 0.0147613 -3.85494 -0.000150336 -2.49634 1.26433e+18 0.00036407 1260 162.8 -1.08439 0 0 -0.04184 0 0 -276.777 0 0 -8.54366e-17 0 0 
1387.16 0.0147612 -3.85494 -0.000150423 -2.49706 1.26433e+18 0.000374342 1260 162.8 -1.08439 0 0 -0.04184 0 0 -276.777 0 0 -8.78272e-17 0 0 
1387.97 0.0147611 -3.85494 -0.00015051 -2.49777 1.26433e+18 0.000384834 1260 162.8 -1.08439 0 0 -0.04184 0 0 -276.777 0 0 -9.02687e-17 0 0 
1388.76 0.014761 -3.85494 -0.000150597 -2.49848 1.26433e+18 0.000395548 1260 162.8 -1.08439 0 0 -0.04184 0 0 -276.777 0 0 -9.27618e-17 0 0 
1389.55 0.0147609 -3.85494 -0.000150682 -2.49919 1.26433e+18 0.000406486 1260 162.8 -1.08439 0 0 -0.04184 0 0 -276.777 0 0 -9.53072e-17 0 0 
1390.34 0.0147609 -3.85494 -0.000150768 -2.49989 1.26433e+18 0.000417651 1260 162.8 -1.08439 0 0 -0.04184 0 0 -276.777 0 0 -9.79054e-17 0 0 
1391.12 0.0147608 -3.85494 -0.000150852 -2.50058 1.26433e+18 0.000429046 1260 162.8 -1.08439 0 0 -0.04184 0 0 -276.777 0 0 -1.00557e-16 0 0 
1391.89 0.0147607 -3.85494 -0.000150936 -2.50128 1.26433e+18 0.000440674 1260 162.8 -1.08439 0 0 -0.04184 0 0 -276.777 0 0 -1.03263e-16 0 0 
1392.66 0.0147606 -3.85494 -0.00015102 -2.50196 1.26433e+18 0.000452536 1260 162.8 -1.08439 0 0 -0.04184 0 0 -276.777 0 0 -1.06023e-16 0 0 
1393.43 0.0147605 -3.85494 -0.000151103 -2.50264 1.26433e+18 0.000464637 1260 162.8 -1.08439 0 0 -0.04184 0 0 -276.777 0 0 -1.08839e-16 0 0 
1394.19 0.0147604 -3.85494 -0.000151185 -2.50332 1.26433e+18 0.000476977 1260 162.8 -1.08439 0 0 -0.04184 0 0 -276.777 0 0 -1.11711e-16 0 0 
1394.94 0.0147604 -3.85494 -0.000151267 -2.504 1.26433e+18 0.000489561 1260 162.8 -1.08439 0 0 -0.04184 0 0 -276.777 0 0 -1.14639e-16 0 0 
1395.69 0.0147603 -3.85494 -0.000151348 -2.50466 1.26433e+18 0.00050239 1260 162.8 -1.08439 0 0 -0.04184 0 0 -276.777 0 0 -1.17624e-16 0 0 
1396.44 0.0147602 -3.85494 -0.000151429 -2.50533 1.26433e+18 0.000515467 1260 162.8 -1.08439 0 0 -0.04184 0 0 -276.777 0 0 -1.20667e-16 0 0 
1397.18 0.0147601 -3.85494 -0.000151509 -2.50599 1.26433e+18 0.000528794 1260 162.8 -1.08439 0 0 -0.04184 0 0 -276.777 0 0 -1.23769e-16 0 0 
1397.91 0.01476 -3.85494 -0.000151589 -2.50664 1.26433e+18 0.000542375 1260 162.8 -1.08439 0 0 -0.04184 0 0 -276.777 0 0 -1.26929e-16 0 0 
1398.64 0.01476 -3.85494 -0.000151668 -2.5073 1.26433e+18 0.000556211 1260 162.8 -1.08439 0 0 -0.04184 0 0 -276.777 0 0 -1.30148e-16 0 0 
1399.37 0.0147599 -3.85494 -0.000151747 -2.50794 1.26433e+18 0.000570305 1260 162.8 -1.08439 0 0 -0.04184 0 0 -276.777 0 0 -1.33428e-16 0 0 
1400.09 0.0147598 -3.85494 -0.000151825 -2.50859 1.26433e+18 0.000584659 1260 162.8 -1.08439 0 0 -0.04184 0 0 -276.777 0 0 -1.36768e-16 0 0 
1400.8 0.0147597 -3.85494 -0.000151902 -2.50922 1.26433e+18 0.000599276 1260 162.8 -1.08439 0 0 -0.04184 0 0 -276.777 0 0 -1.4017e-16 0 0 
1401.51 0.0147596 -3.85494 -0.00015198 -2.50986 1.26433e+18 0.000614158 1260 162.8 -1.08439 0 0 -0.04184 0 0 -276.777 0 0 -1.43633e-16 0 0 
1402.22 0.0147596 -3.85494 -0.000152056 -2.51049 1.26433e+18 0.000629308 1260 162.8 -1.08439 0 0 -0.04184 0 0 -276.777 0 0 -1.47158e-16 0 0 
1402.92 0.0147595 -3.85494 -0.000152132 -2.51111 1.26433e+18 0.000644727 1260 162.8 -1.08439 0 0 -0.04184 0 0 -276.777 0 0 -1.50746e-16 0 0 
1403.62 0.0147594 -3.85494 -0.000152208 -2.51174 1.26433e+18 0.000660419 1260 162.8 -1.08439 0 0 -0.04184 0 0 -276.777 0 0 -1.54397e-16 0 0 
1404.31 0.0147593 -3.85494 -0.000152283 -2.51235 1.26433e+18 0.000676385 1260 162.8 -1.08439 0 0 -0.04184 0 0 -276.777 0 0 -1.58113e-16 0 0 
1405 0.0147593 -3.85494 -0.000152357 -2.51297 1.26433e+18 0.000692627 1260 162.8 -1.08439 0 0 -0.04184 0 0 -276.777 0 0 -1.61892e-16 0 0 
1405.68 0.0147592 -3.85494 -0.000152432 -2.51358 1.26433e+18 0.000709148 1260 162.8 -1.08439 0 0 -0.04184 0 0 -276.777 0 0 -1.65737e-16 0 0 
1406.36 0.0147591 -3.85494 -0.000152505 -2.51418 1.26433e+18 0.00072595 1260 162.8 -1.08439 0 0 -0.04184 0 0 -276.777 0 0 -1.69646e-16 0 0 
1407.04 0.014759 -3.85494 -0.000152578 -2.51478 1.26433e+18 0.000743035 1260 162.8 -1.08439 0 0 -0.04184 0 0 -276.777 0 0 -1.73622e-16 0 0 
1407.71 0.014759 -3.85494 -0.000152651 -2.51538 1.26433e+18 0.000760405 1260 162.8 -1.08439 0 0 -0.04184 0 0 -276.777 0 0 -1.77664e-16 0 0 
1408.37 0.0147589 -3.85494 -0.000152723 -2.51597 1.26433e+18 0.000778063 1260 162.8 -1.08439 0 0 -0.04184 0 0 -276.777 0 0 -1.81773e-16 0 0 
1409.03 0.0147588 -3.85494 -0.000152795 -2.51656 1.26433e+18 0.000796009 1260 162.8 -1.08439 0 0 -0.04184 0 0 -276.777 0 0 -1.85949e-16 0 0 
1409.69 0.0147588 -3.85494 -0.000152866 -2.51715 1.26433e+18 0.000814247 1260 162.8 -1.08439 0 0 -0.04184 0 0 -276.777 0 0 -1.90192e-16 0 0 
1410.34 0.0147587 -3.85494 -0.000152937 -2.51773 1.26433e+18 0.000832777 1260 162.8 -1.08439 0 0 -0.04184 0 0 -276.777 0 0 -1.94504e-16 0 0 
1410.99 0.0147586 -3.85494 -0.000153007 -2.51831 1.26433e+18 0.000851603 1260 162.8 -1.08439 0 0 -0.04184 0 0 -276.777 0 0 -1.98885e-16 0 0 
1411.63 0.0147585 -3.85494 -0.000153077 -2.51888 1.26433e+18 0.000870725 1260 162.8 -1.08439 0 0 -0.04184 0 0 -276.777 0 0 -2.03334e-16 0 0 
1412.27 0.0147585 -3.85494 -0.000153146 -2.51945 1.26433e+18 0.000890147 1260 162.8 -1.08439 0 0 -0.04184 0 0 -276.777 0 0 -2.07854e-16 0 0 
1412.91 0.0147584 -3.85495 -0.000153215 -2.52002 1.26433e+18 0.000909868 1260 162.8 -1.08439 0 0 -0.04184 0 0 -276.777 0 0 -2.12443e-16 0 0 
1413.54 0.0147583 -3.85495 -0.000153283 -2.52058 1.26433e+18 0.000929892 1260 162.8 -1.08439 0 0 -0.04184 0 0 -276.777 0 0 -2.17102e-16 0 0 
1414.17 0.0147583 -3.85495 -0.000153351 -2.52114 1.26433e+18 0.000950219 1260 162.8 -1.08439 0 0 -0.04184 0 0 -276.777 0 0 -2.21832e-16 0 0 
1414.79 0.0147582 -3.85495 -0.000153419 -2.5217 1.26433e+18 0.000970852 1260 162.8 -1.08439 0 0 -0.04184 0 0 -276.777 0 0 -2.26633e-16 0 0 
1415.41 0.0147581 -3.85495 -0.000153486 -2.52225 1.26433e+18 0.000991792 1260 162.8 -1.08439 0 0 -0.04184 0 0 -276.777 0 0 -2.31506e-16 0 0 
1416.02 0.0147581 -3.85495 -0.000153553 -2.5228 1.26433e+18 0.00101304 1260 162.8 -1.08439 0 0 -0.04184 0 0 -276.777 0 0 -2.3645e-16 0 0 
1416.63 0.014758 -3.85495 -0.000153619 -2.52334 1.26433e+18 0.0010346 1260 162.8 -1.08439 0 0 -0.04184 0 0 -276.777 0 0 -2.41467e-16 0 0 
1417.24 0.0147579 -3.85495 -0.000153684 -2.52388 1.26433e+18 0.00105647 1260 162.8 -1.08439 0 0 -0.04184 0 0 -276.777 0 0 -2.46556e-16 0 0 
1417.84 0.0147579 -3.85495 -0.00015375 -2.52442 1.26433e+18 0.00107865 1260 162.8 -1.08439 0 0 -0.04184 0 0 -276.777 0 0 -2.51718e-16 0 0 
1418.44 0.0147578 -3.85495 -0.000153815 -2.52495 1.26433e+18 0.00110115 1260 162.8 -1.08439 0 0 -0.04184 0 0 -276.777 0 0 -2.56953e-16 0 0 
1419.03 0.0147577 -3.85495 -0.000153879 -2.52548 1.26433e+18 0.00112397 1260 162.8 -1.08439 0 0 -0.04184 0 0 -276.777 0 0 -2.62261e-16 0 0 
1419.62 0.0147577 -3.85495 -0.000153943 -2.52601 1.26433e+18 0.0011471 1260 162.8 -1.08439 0 0 -0.04184 0 0 -276.777 0 0 -2.67644e-16 0 0 
1420.21 0.0147576 -3.85495 -0.000154007 -2.52653 1.26433e+18 0.00117055 1260 162.8 -1.08439 0 0 -0.04184 0 0 -276.777 0 0 -2.731e-16 0 0 
1420.79 0.0147576 -3.85495 -0.00015407 -2.52705 1.26433e+18 0.00119432 1260 162.8 -1.08439 0 0 -0.04184 0 0 -276.777 0 0 -2.78631e-16 0 0 
1421.37 0.0147575 -3.85495 -0.000154133 -2.52757 1.26433e+18 0.0012184 1260 162.8 -1.08439 0 0 -0.04184 0 0 -276.777 0 0 -2.84236e-16 0 0 
1421.95 0.0147574 -3.85495 -0.000154195 -2.52808 1.26433e+18 0.00124282 1260 162.8 -1.08439 0 0 -0.04184 0 0 -276.777 0 0 -2.89916e-16 0 0 
1422.52 0.0147574 -3.85495 -0.000154257 -2.52859 1.26433e+18 0.00126755 1260 162.8 -1.08439 0 0 -0.04184 0 0 -276.777 0 0 -2.95672e-16 0 0 
1423.08 0.0147573 -3.85495 -0.000154318 -2.5291 1.26433e+18 0.00129261 1260 162.8 -1.08439 0 0 -0.04184 0 0 -276.777 0 0 -3.01502e-16 0 0 
1423.65 0.0147572 -3.85495 -0.00015438 -2.5296 1.26433e+18 0.00131799 1260 162.8 -1.08439 0 0 -0.04184 0 0 -276.777 0 0 -3.07408e-16 0 0 
1424.21 0.0147572 -3.85495 -0.00015444 -2.5301 1.26433e+18 0.0013437 1260 162.8 -1.08439 0 0 -0.04184 0 0 -276.777 0 0 -3.1339e-16 0 0 
1424.76 0.0147571 -3.85495 -0.000154501 -2.5306 1.26433e+18 0.00136973 1260 162.8 -1.08439 0 0 -0.04184 0 0 -276.777 0 0 -3.19448e-16 0 0 
1425.32 0.0147571 -3.85495 -0.000154561 -2.53109 1.26433e+18 0.00139609 1260 162.8 -1.08439 0 0 -0.04184 0 0 -276.777 0 0 -3.25582e-16 0 0 
1425.87 0.014757 -3.85495 -0.00015462 -2.53158 1.26433e+18 0.00142278 1260 162.8 -1.08439 0 0 -0.04184 0 0 -276.777 0 0 -3.31792e-16 0 0 
1426.41 0.0147569 -3.85495 -0.000154679 -2.53207 1.26433e+18 0.0014498 1260 162.8 -1.0844 0 0 -0.04184 0 0 -276.777 0 0 -3.38079e-16 0 0 
1426.95 0.0147569 -3.85495 -0.000154738 -2.53255 1.26433e+18 0.00147715 1260 162.8 -1.0844 0 0 -0.04184 0 0 -276.777 0 0 -3.44443e-16 0 0 
1427.49 0.0147568 -3.85495 -0.000154796 -2.53303 1.26433e+18 0.00150483 1260 162.8 -1.0844 0 0 -0.04184 0 0 -276.777 0 0 -3.50883e-16 0 0 
1428.02 0.0147568 -3.85495 -0.000154854 -2.53351 1.26433e+18 0.00153283 1260 162.8 -1.0844 0 0 -0.04184 0 0 -276.777 0 0 -3.574e-16 0 0 
1428.56 0.0147567 -3.85495 -0.000154912 -2.53398 1.26433e+18 0.00156117 1260 162.8 -1.0844 0 0 -0.04184 0 0 -276.777 0 0 -3.63994e-16 0 0 
1429.08 0.0147567 -3.85495 -0.000154969 -2.53445 1.26433e+18 0.00158984 1260 162.8 -1.0844 0 0 -0.04184 0 0 -276.777 0 0 -3.70665e-16 0 0 
1429.61 0.0147566 -3.85495 -0.000155026 -2.53492 1.26433e+18 0.00161884 1260 162.8 -1.0844 0 0 -0.04184 0 0 -276.777 0 0 -3.77413e-16 0 0 
1430.13 0.0147565 -3.85495 -0.000155082 -2.53538 1.26433e+18 0.00164818 1260 162.8 -1.0844 0 0 -0.04184 0 0 -276.777 0 0 -3.84238e-16 0 0 
1430.64 0.0147565 -3.85495 -0.000155138 -2.53584 1.26433e+18 0.00167784 1260 162.8 -1.0844 0 0 -0.04184 0 0 -276.777 0 0 -3.91141e-16 0 0 
1431.16 0.0147564 -3.85495 -0.000155194 -2.5363 1.26433e+18 0.00170784 1260 162.8 -1.0844 0 0 -0.04184 0 0 -276.777 0 0 -3.98121e-16 0 0 
1431.67 0.0147564 -3.85495 -0.000155249 -2.53676 1.26433e+18 0.00173817 1260 162.8 -1.0844 0 0 -0.04184 0 0 -276.777 0 0 -4.05179e-16 0 0 
1432.18 0.0147563 -3.85495 -0.000155304 -2.53721 1.26433e+18 0.00176883 1260 162.8 -1.0844 0 0 -0.04184 0 0 -276.777 0 0 -4.12314e-16 0 0 
1432.68 0.0147563 -3.85495 -0.000155359 -2.53766 1.26433e+18 0.00179983 1260 162.8 -1.0844 0 0 -0.04184 0 0 -276.777 0 0 -4.19526e-16 0 0 
1433.18 0.0147562 -3.85495 -0.000155413 -2.5381 1.26433e+18 0.00183116 1260 162.8 -1.0844 0 0 -0.04184 0 0 -276.777 0 0 -4.26816e-16 0 0 
1433.68 0.0147562 -3.85495 -0.000155467 -2.53855 1.26433e+18 0.00186282 1260 162.8 -1.0844 0 0 -0.04184 0 0 -276.777 0 0 -4.34183e-16 0 0 
1434.17 0.0147561 -3.85495 -0.000155521 -2.53899 1.26433e+18 0.00189481 1260 162.8 -1.0844 0 0 -0.04184 0 0 -276.777 0 0 -4.41627e-16 0 0 
1434.66 0.014756 -3.85495 -0.000155574 -2.53942 1.26433e+18 0.00192714 1260 162.8 -1.0844 0 0 -0.04184 0 0 -276.777 0 0 -4.49149e-16 0 0 
1435.15 0.014756 -3.85495 -0.000155627 -2.53986 1.26433e+18 0.0019598 1260 162.8 -1.0844 0 0 -0.04184 0 0 -276.777 0 0 -4.56748e-16 0 0 
1435.63 0.0147559 -3.85495 -0.000155679 -2.54029 1.26433e+18 0.00199279 1260 162.8 -1.08441 0 0 -0.04184 0 0 -276.777 0 0 -4.64425e-16 0 0 
1436.11 0.0147559 -3.85495 -0.000155731 -2.54072 1.26433e+18 0.00202611 1260 162.8 -1.08441 0 0 -0.04184 0 0 -276.777 0 0 -4.72178e-16 0 0 
1436.59 0.0147558 -3.85495 -0.000155783 -2.54115 1.26433e+18 0.00205977 1260 162.8 -1.08441 0 0 -0.04184 0 0 -276.777 0 0 -4.80009e-16 0 0 
1437.06 0.0147558 -3.85495 -0.000155834 -2.54157 1.26433e+18 0.00209375 1260 162.8 -1.08441 0 0 -0.04184 0 0 -276.777 0 0 -4.87916e-16 0 0 
1437.53 0.0147557 -3.85495 -0.000155885 -2.54199 1.26433e+18 0.00212806 1260 162.8 -1.08442 0 0 -0.04184 0 0 -276.777 0 0 -4.95901e-16 0 0 
1438 0.0147557 -3.85495 -0.000155936 -2.54241 1.26433e+18 0.00216271 1260 162.8 -1.08442 0 0 -0.04184 0 0 -276.777 0 0 -5.03962e-16 0 0 
1438.47 0.0147556 -3.85495 -0.000155987 -2.54282 1.26433e+18 0.00219768 1260 162.8 -1.08443 0 0 -0.04184 0 0 -276.777 0 0 -5.121e-16 0 0 
1438.93 0.0147556 -3.85495 -0.000156037 -2.54323 1.26433e+18 0.00223299 1260 162.8 -1.08443 0 0 -0.04184 0 0 -276.777 0 0 -5.20314e-16 0 0 
1439.39 0.0147555 -3.85495 -0.000156086 -2.54364 1.26433e+18 0.00226862 1260 162.8 -1.08444 0 0 -0.04184 0 0 -276.777 0 0 -5.28605e-16 0 0 
1439.84 0.0147555 -3.85495 -0.000156136 -2.54405 1.26433e+18 0.00230457 1260 162.8 -1.08445 0 0 -0.04184 0 0 -276.777 0 0 -5.36971e-16 0 0 
1440.3 0.0147554 -3.85495 -0.000156185 -2.54445 1.26433e+18 0.00234086 1260 162.8 -1.08446 0 0 -0.04184 0 0 -276.777 0 0 -5.45414e-16 0 0 
1440.75 0.0147554 -3.85495 -0.000156234 -2.54485 1.26433e+18 0.00237747 1260 162.8 -1.08447 0 0 -0.04184 0 0 -276.777 0 0 -5.53933e-16 0 0 
1441.19 0.0147553 -3.85495 -0.000156282 -2.54525 1.26433e+18 0.0024144 1260 162.8 -1.08449 0 0 -0.04184 0 0 -276.777 0 0 -5.62527e-16 0 0 
1441.64 0.0147553 -3.85495 -0.00015633 -2.54565 1.26433e+18 0.00245166 1260 162.8 -1.08451 0 0 -0.04184 0 0 -276.777 0 0 -5.71196e-16 0 0 
1442.08 0.0147552 -3.85495 -0.000156378 -2.54604 1.26433e+18 0.00248924 1260 162.8 -1.08453 0 0 -0.04184 0 0 -276.777 0 0 -5.7994e-16 0 0 
1442.52 0.0147552 -3.85495 -0.000156426 -2.54643 1.26433e+18 0.00252714 1260 162.8 -1.08455 0 0 -0.04184 0 0 -276.777 0 0 -5.8876e-16 0 0 
1442.95 0.0147551 -3.85495 -0.000156473 -2.54682 1.26433e+18 0.00256537 1260 162.8 -1.08458 0 0 -0.04184 0 0 -276.777 0 0 -5.97653e-16 0 0 
1443.38 0.0147551 -3.85495 -0.00015652 -2.54721 1.26433e+18 0.00260391 1260 162.8 -1.08461 0 0 -0.04184 0 0 -276.777 0 0 -6.06622e-16 0 0 
1443.81 0.0147551 -3.85495 -0.000156566 -2.54759 1.26433e+18 0.00264277 1260 162.8 -1.08465 0 0 -0.04184 0 0 -276.777 0 0 -6.15664e-16 0 0 
1444.24 0.014755 -3.85495 -0.000156613 -2.54797 1.26433e+18 0.00268195 1260 162.8 -1.0847 0 0 -0.04184 0 0 -276.777 0 0 -6.2478e-16 0 0 
1444.66 0.014755 -3.85495 -0.000156658 -2.54835 1.26433e+18 0.00272144 1260 162.8 -1.08475 0 0 -0.04184 0 0 -276.777 0 0 -6.3397e-16 0 0 
1445.08 0.0147549 -3.85495 -0.000156704 -2.54872 1.26433e+18 0.00276125 1260 162.8 -1.08481 0 0 -0.04184 0 0 -276.777 0 0 -6.43233e-16 0 0 
1445.5 0.0147549 -3.85495 -0.000156749 -2.5491 1.26433e+18 0.00280137 1260 162.8 -1.08489 0 0 -0.04184 0 0 -276.777 0 0 -6.52568e-16 0 0 
1445.92 0.0147548 -3.85495 -0.000156794 -2.54947 1.26433e+18 0.00284181 1260 162.8 -1.08497 0 0 -0.04184 0 0 -276.777 0 0 -6.61976e-16 0 0 
1446.33 0.0147548 -3.85495 -0.000156839 -2.54984 1.26433e+18 0.00288255 1260 162.8 -1.08507 0 0 -0.04184 0 0 -276.777 0 0 -6.71457e-16 0 0 
1446.74 0.0147547 -3.85495 -0.000156884 -2.5502 1.26433e+18 0.0029236 1260 162.8 -1.08518 0 0 -0.04184 0 0 -276.777 0 0 -6.81009e-16 0 0 
1447.15 0.0147547 -3.85495 -0.000156928 -2.55056 1.26433e+18 0.00296497 1260 162.8 -1.08532 0 0 -0.04184 0 0 -276.777 0 0 -6.90633e-16 0 0 
1447.55 0.0147546 -3.85495 -0.000156972 -2.55092 1.26433e+18 0.00300663 1260 162.8 -1.08547 0 0 -0.04184 0 0 -276.777 0 0 -7.00328e-16 0 0 
1447.95 0.0147546 -3.85495 -0.000157015 -2.55128 1.26433e+18 0.0030486 1260 162.8 -1.08565 0 0 -0.04184 0 0 -276.777 0 0 -7.10094e-16 0 0 
1448.35 0.0147546 -3.85495 -0.000157059 -2.55164 1.26433e+18 0.00309087 1260 162.8 -1.08585 0 0 -0.04184 0 0 -276.777 0 0 -7.1993e-16 0 0 
1448.75 0.0147545 -3.85495 -0.000157102 -2.55199 1.26433e+18 0.00313345 1260 162.8 -1.08609 0 0 -0.04184 0 0 -276.777 0 0 -7.29836e-16 0 0 
1449.14 0.0147545 -3.85495 -0.000157144 -2.55234 1.26433e+18 0.00317632 1260 162.8 -1.08637 0 0 -0.04184 0 0 -276.777 0 0 -7.39812e-16 0 0 
1449.53 0.0147544 -3.85495 -0.000157187 -2.55269 1.26433e+18 0.00321949 1260 162.8 -1.08669 0 0 -0.04184 0 0 -276.777 0 0 -7.49856e-16 0 0 
1449.92 0.0147544 -3.85495 -0.000157229 -2.55304 1.26433e+18 0.00326296 1260 162.8 -1.08705 0 0 -0.04184 0 0 -276.777 0 0 -7.5997e-16 0 0 
1450.31 0.0147543 -3.85495 -0.000157271 -2.55338 1.26433e+18 0.00330671 1260 162.8 -1.08747 0 0 -0.04184 0 0 -276.777 0 0 -7.70152e-16 0 0 
1450.69 0.0147543 -3.85495 -0.000157312 -2.55373 1.26433e+18 0.00335076 1260 162.8 -1.08796 0 0 -0.04184 0 0 -276.777 0 0 -7.80401e-16 0 0 
1451.07 0.0147543 -3.85495 -0.000157354 -2.55407 1.26433e+18 0.0033951 1260 162.8 -1.08852 0 0 -0.04184 0 0 -276.777 0 0 -7.90718e-16 0 0 
1451.45 0.0147542 -3.85495 -0.000157395 -2.5544 1.26433e+18 0.00343973 1260 162.8 -1.08916 0 0 -0.04184 0 0 -276.777 0 0 -8.01102e-16 0 0 
1451.83 0.0147542 -3.85495 -0.000157435 -2.55474 1.26433e+18 0.00348464 1260 162.8 -1.08989 0 0 -0.04184 0 0 -276.777 0 0 -8.11553e-16 0 0 
1452.2 0.0147541 -3.85495 -0.000157476 -2.55507 1.26433e+18 0.00352984 1260 162.8 -1.09073 0 0 -0.04184 0 0 -276.777 0 0 -8.22069e-16 0 0 
1452.57 0.0147541 -3.85495 -0.000157516 -2.5554 1.26433e+18 0.00357532 1260 162.8 -1.0917 0 0 -0.04184 0 0 -276.777 0 0 -8.32651e-16 0 0 
1452.94 0.0147541 -3.85495 -0.000157556 -2.55573 1.26433e+18 0.00362108 1260 162.8 -1.0928 0 0 -0.04184 0 0 -276.777 0 0 -8.43298e-16 0 0 
1453.31 0.014754 -3.85495 -0.000157596 -2.55606 1.26433e+18 0.00366711 1260 162.8 -1.09406 0 0 -0.04184 0 0 -276.777 0 0 -8.54009e-16 0 0 
1453.67 0.014754 -3.85495 -0.000157635 -2.55638 1.26433e+18 0.00371342 1260 162.8 -1.0955 0 0 -0.04184 0 0 -276.777 0 0 -8.64784e-16 0 0 
1454.03 0.0147539 -3.85495 -0.000157674 -2.55671 1.26433e+18 0.00376 1260 162.8 -1.09714 0 0 -0.04184 0 0 -276.777 0 0 -8.75623e-16 0 0 
1454.39 0.0147539 -3.85495 -0.000157713 -2.55703 1.26433e+18 0.00380685 1260 162.8 -1.09901 0 0 -0.04184 0 0 -276.777 0 0 -8.86525e-16 0 0 
1454.75 0.0147539 -3.85495 -0.000157752 -2.55734 1.26433e+18 0.00385398 1260 162.8 -1.10114 0 0 -0.04184 0 0 -276.777 0 0 -8.97489e-16 0 0 
1455.1 0.0147538 -3.85495 -0.00015779 -2.55766 1.26433e+18 0.00390136 1260 162.8 -1.10356 0 0 -0.04184 0 0 -276.777 0 0 -9.08515e-16 0 0 
1455.45 0.0147538 -3.85495 -0.000157829 -2.55797 1.26433e+18 0.00394901 1260 162.8 -1.10631 0 0 -0.04184 0 0 -276.777 0 0 -9.19602e-16 0 0 
1455.8 0.0147537 -3.85495 -0.000157867 -2.55829 1.26433e+18 0.00399692 1260 162.8 -1.10944 0 0 -0.04184 0 0 -276.777 0 0 -9.3075e-16 0 0 
1456.15 0.0147537 -3.85495 -0.000157904 -2.5586 1.26433e+18 0.00404509 1260 162.8 -1.11299 0 0 -0.04184 0 0 -276.777 0 0 -9.41958e-16 0 0 
1456.5 0.0147537 -3.85495 -0.000157942 -2.5589 1.26433e+18 0.00409352 1260 162.8 -1.11701 0 0 -0.04184 0 0 -276.777 0 0 -9.53225e-16 0 0 
1456.84 0.0147536 -3.85495 -0.000157979 -2.55921 1.26433e+18 0.0041422 1260 162.8 -1.12156 0 0 -0.04184 0 0 -276.777 0 0 -9.64552e-16 0 0 
1457.18 0.0147536 -3.85495 -0.000158016 -2.55951 1.26433e+18 0.00419113 1260 162.8 -1.12671 0 0 -0.04184 0 0 -276.777 0 0 -9.75937e-16 0 0 
1457.52 0.0147536 -3.85495 -0.000158052 -2.55981 1.26433e+18 0.0042403 1260 162.8 -1.13254 0 0 -0.04184 0 0 -276.777 0 0 -9.8738e-16 0 0 
1457.85 0.0147535 -3.85495 -0.000158089 -2.56011 1.26433e+18 0.00428973 1260 162.8 -1.13912 0 0 -0.04184 0 0 -276.777 0 0 -9.9888e-16 0 0 
1458.19 0.0147535 -3.85495 -0.000158125 -2.56041 1.26433e+18 0.0043394 1260 162.8 -1.14655 0 0 -0.04184 0 0 -276.777 0 0 -1.01044e-15 0 0 
1458.52 0.0147534 -3.85495 -0.000158161 -2.56071 1.26433e+18 0.00438931 1260 162.8 -1.15493 0 0 -0.04184 0 0 -276.777 0 0 -1.02205e-15 0 0 
1458.85 0.0147534 -3.85495 -0.000158197 -2.561 1.26433e+18 0.00443945 1260 162.8 -1.16437 0 0 -0.04184 0 0 -276.777 0 0 -1.03372e-15 0 0 
1459.17 0.0147534 -3.85495 -0.000158232 -2.56129 1.26433e+18 0.00448984 1260 162.8 -1.175 0 0 -0.04184 0 0 -276.777 0 0 -1.04544e-15 0 0 
1459.5 0.0147533 -3.85495 -0.000158267 -2.56158 1.26433e+18 0.00454045 1260 162.8 -1.18696 0 0 -0.04184 0 0 -276.777 0 0 -1.05722e-15 0 0 
1459.82 0.0147533 -3.85495 -0.000158302 -2.56187 1.26433e+18 0.0045913 1260 162.8 -1.2004 0 0 -0.04184 0 0 -276.777 0 0 -1.06905e-15 0 0 
1460.14 0.0147533 -3.85495 -0.000158337 -2.56216 1.26433e+18 0.00464237 1260 162.8 -1.2155 0 0 -0.04184 0 0 -276.777 0 0 -1.08093e-15 0 0 
1460.46 0.0147532 -3.85495 -0.000158372 -2.56244 1.26433e+18 0.00469367 1260 162.8 -1.23244 0 0 -0.04184 0 0 -276.777 0 0 -1.09287e-15 0 0 
1460.78 0.0147532 -3.85495 -0.000158406 -2.56272 1.26433e+18 0.00474519 1260 162.8 -1.25144 0 0 -0.04184 0 0 -276.777 0 0 -1.10486e-15 0 0 
1461.09 0.0147531 -3.85495 -0.00015844 -2.563 1.26433e+18 0.00479693 1260 162.8 -1.27272 0 0 -0.04184 0 0 -276.777 0 0 -1.1169e-15 0 0 
1461.4 0.0147531 -3.85495 -0.000158474 -2.56328 1.26433e+18 0.00484888 1260 162.8 -1.29655 0 0 -0.04184 0 0 -276.777 0 0 -1.12898e-15 0 0 
1461.71 0.0147531 -3.85495 -0.000158507 -2.56356 1.26433e+18 0.00490105 1260 162.8 -1.32321 0 0 -0.04184 0 0 -276.777 0 0 -1.14112e-15 0 0 
1462.02 0.014753 -3.85495 -0.000158541 -2.56383 1.26434e+18 0.00495343 1260 162.8 -1.353 0 0 -0.04184 0 0 -276.777 0 0 -1.15331e-15 0 0 
1462.33 0.014753 -3.85495 -0.000158574 -2.56411 1.26434e+18 0.00500601 1260 162.8 -1.38628 0 0 -0.04184 0 0 -276.777 0 0 -1.16555e-15 0 0 
1462.63 0.0147529 -3.85495 -0.000158607 -2.56438 1.26434e+18 0.0050588 1260 162.8 -1.42341 0 0 -0.04184 0 0 -276.777 0 0 -1.17783e-15 0 0 
1462.93 0.0147529 -3.85495 -0.00015864 -2.56465 1.26434e+18 0.00511179 1260 162.8 -1.46483 0 0 -0.04184 0 0 -276.777 0 0 -1.19016e-15 0 0 
1463.23 0.0147528 -3.85495 -0.000158672 -2.56491 1.26434e+18 0.00516499 1260 162.8 -1.51097 0 0 -0.04184 0 0 -276.777 0 0 -1.20254e-15 0 0 
1463.53 0.0147528 -3.85495 -0.000158705 -2.56518 1.26434e+18 0.00521837 1260 162.8 -1.56236 0 0 -0.04184 0 0 -276.777 0 0 -1.21496e-15 0 0 
1463.83 0.0147527 -3.85495 -0.000158737 -2.56544 1.26434e+18 0.00527195 1260 162.8 -1.61953 0 0 -0.04184 0 0 -276.777 0 0 -1.22743e-15 0 0 
1464.12 0.0147527 -3.85495 -0.000158769 -2.56571 1.26434e+18 0.00532572 1260 162.8 -1.68309 0 0 -0.04184 0 0 -276.777 0 0 -1.23994e-15 0 0 
1464.41 0.0147526 -3.85495 -0.0001588 -2.56597 1.26434e+18 0.00537968 1260 162.8 -1.7537 0 0 -0.04184 0 0 -276.777 0 0 -1.2525e-15 0 0 
1464.7 0.0147526 -3.85495 -0.000158832 -2.56623 1.26434e+18 0.00543382 1260 162.8 -1.8321 0 0 -0.04184 0 0 -276.777 0 0 -1.26509e-15 0 0 
1464.99 0.0147525 -3.85495 -0.000158863 -2.56648 1.26434e+18 0.00548814 1260 162.8 -1.91906 0 0 -0.04184 0 0 -276.777 0 0 -1.27773e-15 0 0 
1465.28 0.0147525 -3.85495 -0.000158894 -2.56674 1.26434e+18 0.00554264 1260 162.8 -2.01546 0 0 -0.04184 0 0 -276.777 0 0 -1.29042e-15 0 0 
1465.56 0.0147524 -3.85495 -0.000158925 -2.56699 1.26434e+18 0.00559732 1260 162.8 -2.12225 0 0 -0.04184 0 0 -276.777 0 0 -1.30314e-15 0 0 
1465.85 0.0147524 -3.85495 -0.000158956 -2.56725 1.26434e+18 0.00565216 1260 162.8 -2.24045 0 0 -0.04184 0 0 -276.777 0 0 -1.3159e-15 0 0 
1466.13 0.0147523 -3.85495 -0.000158986 -2.5675 1.26435e+18 0.00570718 1260 162.8 -2.37119 0 0 -0.04184 0 0 -276.777 0 0 -1.3287e-15 0 0 
1466.41 0.0147522 -3.85495 -0.000159016 -2.56774 1.26435e+18 0.00576236 1260 162.8 -2.51572 0 0 -0.04184 0 0 -276.777 0 0 -1.34155e-15 0 0 
1466.68 0.0147522 -3.85495 -0.000159046 -2.56799 1.26435e+18 0.0058177 1260 162.8 -2.67535 0 0 -0.04184 0 0 -276.777 0 0 -1.35442e-15 0 0 
1466.96 0.0147521 -3.85495 -0.000159076 -2.56824 1.26435e+18 0.0058732 1260 162.8 -2.85155 0 0 -0.04184 0 0 -276.777 0 0 -1.36734e-15 0 0 
1467.23 0.014752 -3.85495 -0.000159106 -2.56848 1.26435e+18 0.00592886 1260 162.8 -3.0459 0 0 -0.04184 0 0 -276.777 0 0 -1.38029e-15 0 0 
1467.5 0.0147519 -3.85495 -0.000159135 -2.56872 1.26436e+18 0.00598467 1260 162.8 -3.26013 0 0 -0.04184 0 0 -276.777 0 0 -1.39328e-15 0 0 
1467.77 0.0147518 -3.85495 -0.000159165 -2.56896 1.26436e+18 0.00604063 1260 162.8 -3.4961 0 0 -0.04184 0 0 -276.777 0 0 -1.40631e-15 0 0 
1468.04 0.0147517 -3.85495 -0.000159194 -2.5692 1.26436e+18 0.00609674 1260 162.8 -3.75585 0 0 -0.04184 0 0 -276.777 0 0 -1.41936e-15 0 0 
1468.31 0.0147516 -3.85495 -0.000159223 -2.56944 1.26436e+18 0.00615299 1260 162.8 -4.04158 0 0 -0.04184 0 0 -276.777 0 0 -1.43246e-15 0 0 
1468.57 0.0147515 -3.85495 -0.000159251 -2.56968 1.26437e+18 0.00620937 1260 162.8 -4.35566 0 0 -0.04184 0 0 -276.777 0 0 -1.44558e-15 0 0 
1468.84 0.0147514 -3.85495 -0.00015928 -2.56991 1.26437e+18 0.0062659 1260 162.8 -4.70069 0 0 -0.04184 0 0 -276.777 0 0 -1.45874e-15 0 0 
1469.1 0.0147513 -3.85495 -0.000159308 -2.57014 1.26438e+18 0.00632256 1260 162.8 -5.07947 0 0 -0.04184 0 0 -276.777 0 0 -1.47193e-15 0 0 
1469.36 0.0147511 -3.85495 -0.000159336 -2.57038 1.26438e+18 0.00637935 1260 162.8 -5.49501 0 0 -0.04184 0 0 -276.777 0 0 -1.48515e-15 0 0 
1469.61 0.014751 -3.85495 -0.000159364 -2.57061 1.26439e+18 0.00643627 1260 162.8 -5.9506 0 0 -0.04184 0 0 -276.777 0 0 -1.4984e-15 0 0 
1469.87 0.0147508 -3.85495 -0.000159392 -2.57083 1.26439e+18 0.00649331 1260 162.8 -6.44976 0 0 -0.04184 0 0 -276.777 0 0 -1.51168e-15 0 0 
1470.12 0.0147507 -3.85495 -0.000159419 -2.57106 1.2644e+18 0.00655047 1260 162.8 -6.9963 0 0 -0.04184 0 0 -276.777 0 0 -1.52498e-15 0 0 
1470.38 0.0147505 -3.85495 -0.000159447 -2.57129 1.2644e+18 0.00660775 1260 162.8 -7.59434 0 0 -0.04184 0 0 -276.777 0 0 -1.53832e-15 0 0 
1470.63 0.0147503 -3.85495 -0.000159474 -2.57151 1.26441e+18 0.00666514 1260 162.8 -8.24831 0 0 -0.04184 0 0 -276.777 0 0 -1.55168e-15 0 0 
1470.88 0.0147501 -3.85495 -0.000159501 -2.57173 1.26442e+18 0.00672264 1260 162.8 -8.963 0 0 -0.04184 0 0 -276.777 0 0 -1.56507e-15 0 0 
1471.12 0.0147498 -3.85495 -0.000159528 -2.57195 1.26443e+18 0.00678025 1260 162.8 -9.74353 0 0 -0.04184 0 0 -276.777 0 0 -1.57849e-15 0 0 
1471.37 0.0147496 -3.85495 -0.000159554 -2.57217 1.26444e+18 0.00683796 1260 162.8 -10.5955 0 0 -0.04184 0 0 -276.777 0 0 -1.59193e-15 0 0 
1471.61 0.0147493 -3.85495 -0.000159581 -2.57239 1.26445e+18 0.00689576 1260 162.8 -11.5247 0 0 -0.04184 0 0 -276.777 0 0 -1.60539e-15 0 0 
1471.86 0.014749 -3.85495 -0.000159607 -2.57261 1.26446e+18 0.00695367 1260 162.8 -12.5377 0 0 -0.04184 0 0 -276.777 0 0 -1.61888e-15 0 0 
1472.1 0.0147487 -3.85495 -0.000159633 -2.57282 1.26447e+18 0.00701167 1260 162.8 -13.6413 0 0 -0.04184 0 0 -276.777 0 0 -1.63239e-15 0 0 
1472.34 0.0147484 -3.85496 -0.000159659 -2.57303 1.26448e+18 0.00706975 1260 162.8 -14.8429 0 0 -0.04184 0 0 -276.777 0 0 -1.64593e-15 0 0 
1472.57 0.014748 -3.85496 -0.000159685 -2.57325 1.2645e+18 0.00712792 1260 162.8 -16.1504 0 0 -0.04184 0 0 -276.777 0 0 -1.65948e-15 0 0 
1472.81 0.0147476 -3.85496 -0.000159711 -2.57346 1.26451e+18 0.00718617 1260 162.8 -17.5722 0 0 -0.04184 0 0 -276.777 0 0 -1.67306e-15 0 0 
1473.05 0.0147472 -3.85496 -0.000159736 -2.57367 1.26453e+18 0.0072445 1260 162.8 -19.1174 0 0 -0.04184 0 0 -276.777 0 0 -1.68665e-15 0 0 
1473.28 0.0147467 -3.85496 -0.000159761 -2.57388 1.26455e+18 0.0073029 1260 162.8 -20.7958 0 0 -0.04184 0 0 -276.777 0 0 -1.70027e-15 0 0 
1473.51 0.0147462 -3.85496 -0.000159787 -2.57408 1.26457e+18 0.00736137 1260 162.8 -22.6177 0 0 -0.04184 0 0 -276.777 0 0 -1.7139e-15 0 0 
1473.74 0.0147457 -3.85496 -0.000159812 -2.57429 1.26459e+18 0.0074199 1260 162.8 -24.5943 0 0 -0.04184 0 0 -276.777 0 0 -1.72755e-15 0 0 
1473.97 0.0147451 -3.85496 -0.000159836 -2.57449 1.26461e+18 0.0074785 1260 162.8 -26.7374 0 0 -0.04184 0 0 -276.777 0 0 -1.74122e-15 0 0 
1474.2 0.0147444 -3.85496 -0.000159861 -2.57469 1.26464e+18 0.00753715 1260 162.8 -29.0598 0 0 -0.04184 0 0 -276.777 0 0 -1.75491e-15 0 0 
1474.42 0.0147438 -3.85496 -0.000159885 -2.57489 1.26467e+18 0.00759586 1260 162.8 -31.5749 0 0 -0.04184 0 0 -276.777 0 0 -1.76861e-15 0 0 
1474.65 0.014743 -3.85496 -0.00015991 -2.57509 1.2647e+18 0.00765461 1260 162.8 -34.2973 0 0 -0.04184 0 0 -276.777 0 0 -1.78232e-15 0 0 
1474.87 0.0147422 -3.85496 -0.000159934 -2.57529 1.26473e+18 0.00771341 1260 162.8 -37.2423 0 0 -0.04184 0 0 -276.777 0 0 -1.79605e-15 0 0 
1475.09 0.0147414 -3.85496 -0.000159958 -2.57549 1.26476e+18 0.00777225 1260 162.8 -40.4263 0 0 -0.04184 0 0 -276.777 0 0 -1.8098e-15 0 0 
1475.31 0.0147404 -3.85496 -0.000159982 -2.57569 1.2648e+18 0.00783112 1260 162.8 -43.8668 0 0 -0.04184 0 0 -276.777 0 0 -1.82355e-15 0 0 
1475.53 0.0147394 -3.85496 -0.000160005 -2.57588 1.26484e+18 0.00789002 1260 162.8 -47.5825 0 0 -0.04184 0 0 -276.777 0 0 -1.83732e-15 0 0 
1475.74 0.0147384 -3.85497 -0.000160029 -2.57607 1.26489e+18 0.00794895 1260 162.8 -51.593 0 0 -0.04184 0 0 -276.777 0 0 -1.8511e-15 0 0 
1475.96 0.0147372 -3.85497 -0.000160052 -2.57627 1.26493e+18 0.0080079 1260 162.8 -55.9195 0 0 -0.04184 0 0 -276.777 0 0 -1.86489e-15 0 0 
1476.17 0.014736 -3.85497 -0.000160075 -2.57646 1.26499e+18 0.00806686 1260 162.8 -60.5842 0 0 -0.04184 0 0 -276.777 0 0 -1.87869e-15 0 0 
1476.39 0.0147346 -3.85497 -0.000160098 -2.57665 1.26504e+18 0.00812583 1260 162.8 -65.611 0 0 -0.04184 0 0 -276.777 0 0 -1.8925e-15 0 0 
1476.6 0.0147332 -3.85497 -0.000160121 -2.57684 1.2651e+18 0.00818481 1260 162.8 -71.0249 0 0 -0.04184 0 0 -276.777 0 0 -1.90632e-15 0 0 
1476.81 0.0147317 -3.85497 -0.000160144 -2.57702 1.26516e+18 0.00824379 1260 162.8 -76.8527 0 0 -0.04184 0 0 -276.777 0 0 -1.92015e-15 0 0 
1477.01 0.01473 -3.85497 -0.000160166 -2.57721 1.26523e+18 0.00830276 1260 162.8 -83.1228 0 0 -0.04184 0 0 -276.777 0 0 -1.93398e-15 0 0 
1477.22 0.0147282 -3.85498 -0.000160189 -2.57739 1.26531e+18 0.00836172 1260 162.8 -89.8651 0 0 -0.04184 0 0 -276.777 0 0 -1.94782e-15 0 0 
1477.43 0.0147263 -3.85498 -0.000160211 -2.57758 1.26539e+18 0.00842066 1260 162.8 -97.1113 0 0 -0.04184 0 0 -276.777 0 0 -1.96167e-15 0 0 
1477.63 0.0147242 -3.85498 -0.000160233 -2.57776 1.26547e+18 0.00847957 1260 162.8 -104.895 0 0 -0.04184 0 0 -276.777 0 0 -1.97552e-15 0 0 
1477.83 0.014722 -3.85498 -0.000160255 -2.57794 1.26556e+18 0.00853845 1260 162.8 -113.252 0 0 -0.04184 0 0 -276.777 0 0 -1.98938e-15 0 0 
1478.04 0.0147196 -3.85498 -0.000160277 -2.57812 1.26566e+18 0.0085973 1260 162.8 -122.22 0 0 -0.04184 0 0 -276.777 0 0 -2.00324e-15 0 0 
1478.24 0.0147171 -3.85499 -0.000160299 -2.5783 1.26577e+18 0.0086561 1260 162.8 -131.838 0 0 -0.04184 0 0 -276.777 0 0 -2.0171e-15 0 0 
1478.43 0.0147144 -3.85499 -0.00016032 -2.57848 1.26588e+18 0.00871484 1260 162.8 -142.149 0 0 -0.04184 0 0 -276.777 0 0 -2.03096e-15 0 0 
1478.63 0.0147115 -3.85499 -0.000160342 -2.57865 1.266e+18 0.00877353 1260 162.8 -153.197 0 0 -0.04184 0 0 -276.777 0 0 -2.04483e-15 0 0 
1478.83 0.0147084 -3.855 -0.000160363 -2.57883 1.26613e+18 0.00883215 1260 162.8 -165.028 0 0 -0.04184 0 0 -276.777 0 0 -2.05869e-15 0 0 
1479.02 0.014705 -3.855 -0.000160384 -2.579 1.26627e+18 0.00889069 1260 162.8 -177.692 0 0 -0.04184 0 0 -276.777 0 0 -2.07256e-15 0 0 
1479.22 0.0147015 -3.855 -0.000160405 -2.57918 1.26642e+18 0.00894915 1260 162.8 -191.241 0 0 -0.04184 0 0 -276.777 0 0 -2.08642e-15 0 0 
1479.41 0.0146976 -3.85501 -0.000160426 -2.57935 1.26658e+18 0.00900752 1260 162.8 -205.729 0 0 -0.04184 0 0 -276.777 0 0 -2.10029e-15 0 0 
1479.6 0.0146936 -3.85501 -0.000160446 -2.57952 1.26675e+18 0.00906579 1260 162.8 -221.215 0 0 -0.04184 0 0 -276.777 0 0 -2.11415e-15 0 0 
1479.79 0.0146892 -3.85501 -0.000160467 -2.57969 1.26693e+18 0.00912394 1260 162.8 -237.758 0 0 -0.04184 0 0 -276.777 0 0 -2.12801e-15 0 0 
1479.98 0.0146846 -3.85502 -0.000160487 -2.57986 1.26713e+18 0.00918197 1260 162.8 -255.423 0 0 -0.04184 0 0 -276.777 0 0 -2.14186e-15 0 0 
1480.17 0.0146796 -3.85502 -0.000160508 -2.58002 1.26733e+18 0.00923988 1260 162.8 -274.276 0 0 -0.04184 0 0 -276.777 0 0 -2.15571e-15 0 0 
1480.35 0.0146743 -3.85503 -0.000160528 -2.58019 1.26756e+18 0.00929764 1260 162.8 -294.389 0 0 -0.04184 0 0 -276.777 0 0 -2.16956e-15 0 0 
1480.54 0.0146687 -3.85503 -0.000160548 -2.58036 1.26779e+18 0.00935524 1260 162.8 -315.835 0 0 -0.04184 0 0 -276.777 0 0 -2.1834e-15 0 0 
1480.72 0.0146627 -3.85504 -0.000160568 -2.58052 1.26804e+18 0.00941269 1260 162.8 -338.691 0 0 -0.04184 0 0 -276.777 0 0 -2.19723e-15 0 0 
1480.9 0.0146563 -3.85505 -0.000160587 -2.58068 1.26831e+18 0.00946995 1260 162.8 -363.04 0 0 -0.04184 0 0 -276.777 0 0 -2.21105e-15 0 0 
1481.08 0.0146495 -3.85505 -0.000160607 -2.58085 1.2686e+18 0.00952703 1260 162.8 -388.966 0 0 -0.04184 0 0 -276.777 0 0 -2.22487e-15 0 0 
1481.26 0.0146423 -3.85506 -0.000160626 -2.58101 1.2689e+18 0.00958391 1260 162.8 -416.56 0 0 -0.04184 0 0 -276.777 0 0 -2.23868e-15 0 0 
1481.44 0.0146346 -3.85507 -0.000160646 -2.58117 1.26922e+18 0.00964057 1260 162.8 -445.915 0 0 -0.04184 0 0 -276.777 0 0 -2.25247e-15 0 0 
1481.62 0.0146264 -3.85508 -0.000160665 -2.58133 1.26957e+18 0.009697 1260 162.8 -477.131 0 0 -0.04184 0 0 -276.777 0 0 -2.26626e-15 0 0 
1481.8 0.0146177 -3.85509 -0.000160684 -2.58148 1.26993e+18 0.00975319 1260 162.8 -510.308 0 0 -0.04184 0 0 -276.777 0 0 -2.28004e-15 0 0 
1481.97 0.0146084 -3.8551 -0.000160703 -2.58164 1.27032e+18 0.00980912 1260 162.8 -545.556 0 0 -0.04184 0 0 -276.777 0 0 -2.2938e-15 0 0 
1482.15 0.0145986 -3.8551 -0.000160722 -2.5818 1.27073e+18 0.00986478 1260 162.8 -582.988 0 0 -0.04184 0 0 -276.777 0 0 -2.30755e-15 0 0 
1482.32 0.0145882 -3.85512 -0.00016074 -2.58195 1.27117e+18 0.00992014 1260 162.8 -622.72 0 0 -0.04184 0 0 -276.777 0 0 -2.32129e-15 0 0 
1482.49 0.0145771 -3.85513 -0.000160759 -2.58211 1.27164e+18 0.00997519 1260 162.8 -664.876 0 0 -0.04184 0 0 -276.777 0 0 -2.33501e-15 0 0 
1482.66 0.0145654 -3.85514 -0.000160777 -2.58226 1.27213e+18 0.0100299 1260 162.8 -709.584 0 0 -0.04184 0 0 -276.777 0 0 -2.34871e-15 0 0 
1482.83 0.014553 -3.85515 -0.000160796 -2.58241 1.27265e+18 0.0100843 1260 162.8 -756.979 0 0 -0.04184 0 0 -276.777 0 0 -2.3624e-15 0 0 
1483 0.0145398 -3.85516 -0.000160814 -2.58256 1.27321e+18 0.0101383 1260 162.8 -807.201 0 0 -0.04184 0 0 -276.777 0 0 -2.37608e-15 0 0 
1483.17 0.0145259 -3.85518 -0.000160832 -2.58271 1.2738e+18 0.0101919 1260 162.8 -860.395 0 0 -0.04184 0 0 -276.777 0 0 -2.38973e-15 0 0 
1483.33 0.0145112 -3.85519 -0.00016085 -2.58286 1.27442e+18 0.0102452 1260 162.8 -916.715 0 0 -0.04184 0 0 -276.777 0 0 -2.40337e-15 0 0 
1483.5 0.0144955 -3.85521 -0.000160867 -2.58301 1.27508e+18 0.010298 1260 162.8 -976.319 0 0 -0.04184 0 0 -276.777 0 0 -2.41698e-15 0 0 
1483.66 0.014479 -3.85522 -0.000160885 -2.58316 1.27577e+18 0.0103503 1260 162.8 -1039.37 0 0 -0.04184 0 0 -276.777 0 0 -2.43058e-15 0 0 
1483.82 0.0144616 -3.85524 -0.000160902 -2.58331 1.27651e+18 0.0104022 1260 162.8 -1106.04 0 0 -0.04184 0 0 -276.777 0 0 -2.44415e-15 0 0 
1483.99 0.0144431 -3.85526 -0.00016092 -2.58345 1.27729e+18 0.0104536 1260 162.8 -1176.52 0 0 -0.04184 0 0 -276.777 0 0 -2.4577e-15 0 0 
1484.15 0.0144236 -3.85528 -0.000160937 -2.5836 1.27812e+18 0.0105044 1260 162.8 -1250.98 0 0 -0.04184 0 0 -276.777 0 0 -2.47122e-15 0 0 
1484.31 0.014403 -3.8553 -0.000160954 -2.58374 1.27899e+18 0.0105547 1260 162.8 -1329.62 0 0 -0.04184 0 0 -276.777 0 0 -2.48473e-15 0 0 
1484.47 0.0143813 -3.85532 -0.000160971 -2.58388 1.27991e+18 0.0106044 1260 162.8 -1412.65 0 0 -0.04184 0 0 -276.777 0 0 -2.4982e-15 0 0 
1484.62 0.0143584 -3.85535 -0.000160988 -2.58403 1.28088e+18 0.0106535 1260 162.8 -1500.26 0 0 -0.04184 0 0 -276.777 0 0 -2.51165e-15 0 0 
1484.78 0.0143342 -3.85537 -0.000161005 -2.58417 1.28191e+18 0.010702 1260 162.8 -1592.69 0 0 -0.04184 0 0 -276.777 0 0 -2.52507e-15 0 0 
1484.94 0.0143087 -3.85539 -0.000161021 -2.58431 1.28299e+18 0.0107498 1260 162.8 -1690.15 0 0 -0.04184 0 0 -276.777 0 0 -2.53847e-15 0 0 
1485.09 0.0142818 -3.85542 -0.000161038 -2.58445 1.28413e+18 0.0107969 1260 162.8 -1792.88 0 0 -0.04184 0 0 -276.777 0 0 -2.55183e-15 0 0 
1485.24 0.0142534 -3.85545 -0.000161054 -2.58459 1.28533e+18 0.0108432 1260 162.8 -1901.12 0 0 -0.04184 0 0 -276.777 0 0 -2.56516e-15 0 0 
1485.4 0.0142236 -3.85548 -0.000161071 -2.58473 1.2866e+18 0.0108888 1260 162.8 -2015.12 0 0 -0.04184 0 0 -276.777 0 0 -2.57846e-15 0 0 
1485.55 0.0141922 -3.85551 -0.000161087 -2.58486 1.28794e+18 0.0109336 1260 162.8 -2135.16 0 0 -0.04184 0 0 -276.777 0 0 -2.59173e-15 0 0 
1485.7 0.0141592 -3.85554 -0.000161103 -2.585 1.28935e+18 0.0109776 1260 162.8 -2261.49 0 0 -0.04184 0 0 -276.777 0 0 -2.60497e-15 0 0 
1485.85 0.0141244 -3.85558 -0.000161119 -2.58514 1.29083e+18 0.0110207 1260 162.8 -2394.4 0 0 -0.04184 0 0 -276.777 0 0 -2.61816e-15 0 0 
1486 0.0140878 -3.85562 -0.000161134 -2.58527 1.29239e+18 0.0110628 1260 162.8 -2534.17 0 0 -0.04184 0 0 -276.777 0 0 -2.63133e-15 0 0 
1486.14 0.0140494 -3.85565 -0.00016115 -2.58541 1.29404e+18 0.011104 1260 162.8 -2681.12 0 0 -0.04184 0 0 -276.777 0 0 -2.64445e-15 0 0 
1486.29 0.014009 -3.85569 -0.000161166 -2.58554 1.29577e+18 0.0111443 1260 162.8 -2835.55 0 0 -0.04184 0 0 -276.777 0 0 -2.65753e-15 0 0 
1486.44 0.0139666 -3.85574 -0.000161181 -2.58567 1.29758e+18 0.0111834 1260 162.8 -2997.78 0 0 -0.04184 0 0 -276.777 0 0 -2.67058e-15 0 0 
1486.58 0.013922 -3.85578 -0.000161196 -2.5858 1.29949e+18 0.0112215 1260 162.8 -3168.15 0 0 -0.04184 0 0 -276.777 0 0 -2.68358e-15 0 0 
1486.72 0.0138753 -3.85583 -0.000161211 -2.58594 1.3015e+18 0.0112585 1260 162.8 -3346.99 0 0 -0.04184 0 0 -276.777 0 0 -2.69654e-15 0 0 
1486.87 0.0138262 -3.85588 -0.000161226 -2.58607 1.30361e+18 0.0112943 1260 162.8 -3534.67 0 0 -0.04184 0 0 -276.777 0 0 -2.70946e-15 0 0 
1487.01 0.0137748 -3.85593 -0.000161241 -2.5862 1.30583e+18 0.0113288 1260 162.8 -3731.56 0 0 -0.04184 0 0 -276.777 0 0 -2.72233e-15 0 0 
1487.15 0.0137208 -3.85598 -0.000161256 -2.58633 1.30816e+18 0.0113621 1260 162.8 -3938.03 0 0 -0.04184 0 0 -276.777 0 0 -2.73516e-15 0 0 
1487.29 0.0136643 -3.85604 -0.000161271 -2.58646 1.3106e+18 0.0113941 1260 162.8 -4154.47 0 0 -0.04184 0 0 -276.777 0 0 -2.74793e-15 0 0 
1487.43 0.013605 -3.8561 -0.000161285 -2.58659 1.31317e+18 0.0114246 1260 162.8 -4381.29 0 0 -0.04184 0 0 -276.777 0 0 -2.76066e-15 0 0 
1487.57 0.0135429 -3.85616 -0.0001613 -2.58671 1.31586e+18 0.0114538 1260 162.8 -4618.9 0 0 -0.04184 0 0 -276.777 0 0 -2.77334e-15 0 0 
1487.7 0.0134779 -3.85623 -0.000161314 -2.58684 1.31868e+18 0.0114815 1260 162.8 -4867.74 0 0 -0.04184 0 0 -276.777 0 0 -2.78596e-15 0 0 
1487.84 0.0134099 -3.85629 -0.000161328 -2.58697 1.32164e+18 0.0115076 1260 162.8 -5128.25 0 0 -0.04184 0 0 -276.777 0 0 -2.79853e-15 0 0 
1487.97 0.0133387 -3.85636 -0.000161342 -2.58709 1.32475e+18 0.0115322 1260 162.8 -5400.88 0 0 -0.04184 0 0 -276.777 0 0 -2.81104e-15 0 0 
1488.11 0.0132643 -3.85644 -0.000161356 -2.58722 1.328e+18 0.0115551 1260 162.8 -5686.1 0 0 -0.04184 0 0 -276.777 0 0 -2.8235e-15 0 0 
1488.24 0.0131864 -3.85652 -0.00016137 -2.58734 1.33141e+18 0.0115762 1260 162.8 -5984.41 0 0 -0.04184 0 0 -276.777 0 0 -2.83589e-15 0 0 
1488.38 0.013105 -3.8566 -0.000161383 -2.58747 1.33498e+18 0.0115957 1260 162.8 -6296.3 0 0 -0.04184 0 0 -276.777 0 0 -2.84823e-15 0 0 
1488.51 0.0130199 -3.85668 -0.000161397 -2.58759 1.33873e+18 0.0116132 1260 162.8 -6622.27 0 0 -0.04184 0 0 -276.777 0 0 -2.86051e-15 0 0 
1488.64 0.0129311 -3.85677 -0.00016141 -2.58772 1.34264e+18 0.0116289 1260 162.8 -6962.87 0 0 -0.04184 0 0 -276.777 0 0 -2.87272e-15 0 0 
1488.77 0.0128383 -3.85687 -0.000161424 -2.58784 1.34675e+18 0.0116427 1260 162.8 -7318.64 0 0 -0.04184 0 0 -276.777 0 0 -2.88486e-15 0 0 
1488.9 0.0127414 -3.85696 -0.000161437 -2.58796 1.35104e+18 0.0116544 1260 162.8 -7690.13 0 0 -0.04184 0 0 -276.777 0 0 -2.89694e-15 0 0 
1489.03 0.0126403 -3.85706 -0.00016145 -2.58809 1.35554e+18 0.011664 1260 162.8 -8077.92 0 0 -0.04184 0 0 -276.777 0 0 -2.90895e-15 0 0 
1489.15 0.0125348 -3.85717 -0.000161463 -2.58821 1.36024e+18 0.0116715 1260 162.8 -8482.61 0 0 -0.04184 0 0 -276.777 0 0 -2.92089e-15 0 0 
1489.28 0.0124248 -3.85728 -0.000161475 -2.58833 1.36516e+18 0.0116767 1260 162.8 -8904.8 0 0 -0.04184 0 0 -276.777 0 0 -2.93276e-15 0 0 
1489.41 0.0123101 -3.85739 -0.000161488 -2.58845 1.3703e+18 0.0116797 1260 162.8 -9345.11 0 0 -0.04184 0 0 -276.777 0 0 -2.94455e-15 0 0 
1489.53 0.0121906 -3.85751 -0.0001615 -2.58857 1.37569e+18 0.0116804 1260 162.8 -9804.19 0 0 -0.04184 0 0 -276.777 0 0 -2.95627e-15 0 0 
1489.65 0.012066 -3.85764 -0.000161513 -2.58869 1.38131e+18 0.0116786 1260 162.8 -10282.7 0 0 -0.04184 0 0 -276.777 0 0 -2.96791e-15 0 0 
1489.78 0.0119362 -3.85777 -0.000161525 -2.58881 1.38719e+18 0.0116743 1260 162.8 -10781.3 0 0 -0.04184 0 0 -276.777 0 0 -2.97946e-15 0 0 
1489.9 0.011801 -3.8579 -0.000161537 -2.58893 1.39334e+18 0.0116675 1260 162.8 -11300.7 0 0 -0.04184 0 0 -276.777 0 0 -2.99094e-15 0 0 
1490.02 0.0116603 -3.85804 -0.000161549 -2.58905 1.39977e+18 0.0116581 1260 162.8 -11841.6 0 0 -0.04184 0 0 -276.777 0 0 -3.00233e-15 0 0 
1490.14 0.0115138 -3.85819 -0.000161561 -2.58917 1.40648e+18 0.011646 1260 162.8 -12404.8 0 0 -0.04184 0 0 -276.777 0 0 -3.01364e-15 0 0 
1490.26 0.0113614 -3.85834 -0.000161572 -2.58929 1.4135e+18 0.0116311 1260 162.8 -12991 0 0 -0.04184 0 0 -276.777 0 0 -3.02486e-15 0 0 
1490.38 0.0112029 -3.8585 -0.000161584 -2.58941 1.42083e+18 0.0116135 1260 162.8 -13600.9 0 0 -0.04184 0 0 -276.777 0 0 -3.03599e-15 0 0 
1490.5 0.0110381 -3.85867 -0.000161595 -2.58953 1.42848e+18 0.0115929 1260 162.8 -14235.4 0 0 -0.04184 0 0 -276.777 0 0 -3.04702e-15 0 0 
1490.62 0.0108668 -3.85884 -0.000161607 -2.58965 1.43647e+18 0.0115694 1260 162.8 -14895.2 0 0 -0.04184 0 0 -276.777 0 0 -3.05797e-15 0 0 
1490.74 0.0106887 -3.85901 -0.000161618 -2.58977 1.44482e+18 0.0115429 1260 162.8 -15581.3 0 0 -0.04184 0 0 -276.777 0 0 -3.06882e-15 0 0 
1490.85 0.0105036 -3.8592 -0.000161629 -2.58989 1.45354e+18 0.0115134 1260 162.8 -16294.4 0 0 -0.04184 0 0 -276.777 0 0 -3.07957e-15 0 0 
1490.97 0.0103114 -3.85939 -0.00016164 -2.59001 1.46264e+18 0.0114807 1260 162.8 -17035.4 0 0 -0.04184 0 0 -276.777 0 0 -3.09022e-15 0 0 
1491.08 0.0101119 -3.85959 -0.00016165 -2.59012 1.47214e+18 0.0114448 1260 162.8 -17805.3 0 0 -0.04184 0 0 -276.777 0 0 -3.10076e-15 0 0 
1491.2 0.00990468 -3.8598 -0.000161661 -2.59024 1.48206e+18 0.0114056 1260 162.8 -18604.9 0 0 -0.04184 0 0 -276.777 0 0 -3.11121e-15 0 0 
1491.31 0.00968964 -3.86001 -0.000161671 -2.59036 1.49242e+18 0.0113632 1260 162.8 -19435.2 0 0 -0.04184 0 0 -276.777 0 0 -3.12154e-15 0 0 
1491.42 0.00946653 -3.86024 -0.000161682 -2.59048 1.50323e+18 0.0113174 1260 162.8 -20297.1 0 0 -0.04184 0 0 -276.777 0 0 -3.13177e-15 0 0 
1491.53 0.00923509 -3.86047 -0.000161692 -2.5906 1.51451e+18 0.0112682 1260 162.8 -21191.7 0 0 -0.04184 0 0 -276.777 0 0 -3.14189e-15 0 0 
1491.64 0.00899508 -3.86071 -0.000161702 -2.59072 1.52628e+18 0.0112156 1260 162.8 -22120 0 0 -0.04184 0 0 -276.777 0 0 -3.1519e-15 0 0 
1491.75 0.00874624 -3.86096 -0.000161712 -2.59084 1.53857e+18 0.0111595 1260 162.8 -23082.9 0 0 -0.04184 0 0 -276.777 0 0 -3.16179e-15 0 0 
1491.86 0.00848832 -3.86122 -0.000161721 -2.59096 1.55139e+18 0.0110998 1260 162.8 -24081.6 0 0 -0.04184 0 0 -276.777 0 0 -3.17157e-15 0 0 
1491.97 0.00822106 -3.86148 -0.000161731 -2.59108 1.56477e+18 0.0110366 1260 162.8 -25117.1 0 0 -0.04184 0 0 -276.777 0 0 -3.18123e-15 0 0 
1492.08 0.00794418 -3.86176 -0.00016174 -2.5912 1.57873e+18 0.0109697 1260 162.8 -26190.6 0 0 -0.04184 0 0 -276.777 0 0 -3.19077e-15 0 0 
1492.19 0.00765741 -3.86205 -0.00016175 -2.59132 1.5933e+18 0.0108992 1260 162.8 -27303.2 0 0 -0.04184 0 0 -276.777 0 0 -3.20018e-15 0 0 
1492.29 0.00736047 -3.86234 -0.000161759 -2.59144 1.60851e+18 0.0108251 1260 162.8 -28456.1 0 0 -0.04184 0 0 -276.777 0 0 -3.20947e-15 0 0 
1492.4 0.00705308 -3.86265 -0.000161768 -2.59156 1.62437e+18 0.0107473 1260 162.8 -29650.4 0 0 -0.04184 0 0 -276.777 0 0 -3.21864e-15 0 0 
1492.5 0.00673494 -3.86297 -0.000161776 -2.59168 1.64093e+18 0.0106658 1260 162.8 -30887.5 0 0 -0.04184 0 0 -276.777 0 0 -3.22768e-15 0 0 
1492.61 0.00640576 -3.8633 -0.000161785 -2.5918 1.65821e+18 0.0105806 1260 162.8 -32168.6 0 0 -0.04184 0 0 -276.777 0 0 -3.23659e-15 0 0 
1492.71 0.00606524 -3.86364 -0.000161794 -2.59192 1.67624e+18 0.0104916 1260 162.8 -33495 0 0 -0.04184 0 0 -276.777 0 0 -3.24536e-15 0 0 
1492.82 0.00571305 -3.86399 -0.000161802 -2.59205 1.69506e+18 0.010399 1260 162.8 -34868 0 0 -0.04184 0 0 -276.777 0 0 -3.25401e-15 0 0 
1492.92 0.0053489 -3.86435 -0.00016181 -2.59217 1.7147e+18 0.0103027 1260 162.8 -36288.9 0 0 -0.04184 0 0 -276.777 0 0 -3.26252e-15 0 0 
1493.02 0.00497246 -3.86473 -0.000161818 -2.59229 1.7352e+18 0.0102026 1260 162.8 -37759.3 0 0 -0.04184 0 0 -276.777 0 0 -3.27089e-15 0 0 
1493.12 0.0045834 -3.86512 -0.000161826 -2.59242 1.7566e+18 0.0100989 1260 162.8 -39280.5 0 0 -0.04184 0 0 -276.777 0 0 -3.27912e-15 0 0 
1493.22 0.00418138 -3.86552 -0.000161834 -2.59254 1.77894e+18 0.00999158 1260 162.8 -40853.9 0 0 -0.04184 0 0 -276.777 0 0 -3.28722e-15 0 0 
1493.32 0.00376607 -3.86594 -0.000161842 -2.59267 1.80225e+18 0.00988061 1260 162.8 -42481.2 0 0 -0.04184 0 0 -276.777 0 0 -3.29517e-15 0 0 
1493.42 0.00333712 -3.86637 -0.000161849 -2.5928 1.8266e+18 0.00976607 1260 162.8 -44163.8 0 0 -0.04184 0 0 -276.777 0 0 -3.30298e-15 0 0 
1493.52 0.00289418 -3.86681 -0.000161857 -2.59293 1.85201e+18 0.00964799 1260 162.8 -45903.4 0 0 -0.04184 0 0 -276.777 0 0 -3.31065e-15 0 0 
1493.62 0.00243688 -3.86727 -0.000161864 -2.59306 1.87855e+18 0.00952643 1260 162.8 -47701.5 0 0 -0.04184 0 0 -276.777 0 0 -3.31817e-15 0 0 
1493.71 0.00196485 -3.86774 -0.000161871 -2.59319 1.90627e+18 0.00940145 1260 162.8 -49560 0 0 -0.04184 0 0 -276.777 0 0 -3.32555e-15 0 0 
1493.81 0.00147773 -3.86823 -0.000161878 -2.59332 1.93521e+18 0.00927312 1260 162.8 -51480.5 0 0 -0.04184 0 0 -276.777 0 0 -3.33278e-15 0 0 
1493.91 0.000975132 -3.86873 -0.000161884 -2.59345 1.96545e+18 0.00914151 1260 162.8 -53464.8 0 0 -0.04184 0 0 -276.777 0 0 -3.33986e-15 0 0 
1494 0.000456661 -3.86925 -0.000161891 -2.59359 1.99703e+18 0.00900671 1260 162.8 -55514.8 0 0 -0.04184 0 0 -276.777 0 0 -3.3468e-15 0 0 
1494.1 -7.80775e-05 -3.86978 -0.000161897 -2.59372 2.03003e+18 0.0088688 1260 162.8 -57632.3 0 0 -0.04184 0 0 -276.777 0 0 -3.35358e-15 0 0 
1494.19 -0.00062949 -3.87033 -0.000161904 -2.59386 2.06451e+18 0.00872788 1260 162.8 -59819.3 0 0 -0.04184 0 0 -276.777 0 0 -3.36022e-15 0 0 
1494.28 -0.00119799 -3.8709 -0.00016191 -2.594 2.10054e+18 0.00858407 1260 162.8 -62077.8 0 0 -0.04184 0 0 -276.777 0 0 -3.3667e-15 0 0 
1494.37 -0.001784 -3.87149 -0.000161916 -2.59414 2.1382e+18 0.00843745 1260 162.8 -64410 0 0 -0.04184 0 0 -276.777 0 0 -3.37304e-15 0 0 
1494.47 -0.00238795 -3.87209 -0.000161922 -2.59428 2.17756e+18 0.00828817 1260 162.8 -66817.8 0 0 -0.04184 0 0 -276.777 0 0 -3.37922e-15 0 0 
1494.56 -0.00301028 -3.87271 -0.000161927 -2.59443 2.21872e+18 0.00813635 1260 162.8 -69303.6 0 0 -0.04184 0 0 -276.777 0 0 -3.38525e-15 0 0 
1494.65 -0.00365143 -3.87335 -0.000161933 -2.59457 2.26176e+18 0.00798212 1260 162.8 -71869.7 0 0 -0.04184 0 0 -276.777 0 0 -3.39113e-15 0 0 
1494.74 -0.00431188 -3.87402 -0.000161938 -2.59472 2.30676e+18 0.00782562 1260 162.8 -74518.3 0 0 -0.04184 0 0 -276.777 0 0 -3.39686e-15 0 0 
1494.83 -0.00499208 -3.8747 -0.000161944 -2.59487 2.35384e+18 0.00766699 1260 162.8 -77252 0 0 -0.04184 0 0 -276.777 0 0 -3.40243e-15 0 0 
1494.92 -0.00569251 -3.8754 -0.000161949 -2.59502 2.40308e+18 0.00750641 1260 162.8 -80073.3 0 0 -0.04184 0 0 -276.777 0 0 -3.40786e-15 0 0 
1495.01 -0.00641367 -3.87612 -0.000161954 -2.59518 2.45461e+18 0.00734402 1260 162.8 -82984.8 0 0 -0.04184 0 0 -276.777 0 0 -3.41313e-15 0 0 
1495.09 -0.00715605 -3.87686 -0.000161959 -2.59534 2.50853e+18 0.00717999 1260 162.8 -85989.2 0 0 -0.04184 0 0 -276.777 0 0 -3.41826e-15 0 0 
1495.18 -0.00792016 -3.87762 -0.000161963 -2.5955 2.56496e+18 0.0070145 1260 162.8 -89089.4 0 0 -0.04184 0 0 -276.777 0 0 -3.42323e-15 0 0 
1495.27 -0.00870653 -3.87841 -0.000161968 -2.59566 2.62404e+18 0.00684773 1260 162.8 -92288.2 0 0 -0.04184 0 0 -276.777 0 0 -3.42806e-15 0 0 
1495.35 -0.00951569 -3.87922 -0.000161972 -2.59583 2.68589e+18 0.00667985 1260 162.8 -95588.8 0 0 -0.04184 0 0 -276.777 0 0 -3.43274e-15 0 0 
1495.44 -0.0103482 -3.88005 -0.000161977 -2.596 2.75066e+18 0.00651105 1260 162.8 -98994.2 0 0 -0.04184 0 0 -276.777 0 0 -3.43727e-15 0 0 
1495.53 -0.0112046 -3.88091 -0.000161981 -2.59618 2.8185e+18 0.00634153 1260 162.8 -102508 0 0 -0.04184 0 0 -276.777 0 0 -3.44166e-15 0 0 
1495.61 -0.0120855 -3.88179 -0.000161985 -2.59636 2.88956e+18 0.00617147 1260 162.8 -106133 0 0 -0.04184 0 0 -276.777 0 0 -3.4459e-15 0 0 
1495.69 -0.0129914 -3.88269 -0.000161989 -2.59654 2.96401e+18 0.00600108 1260 162.8 -109873 0 0 -0.04184 0 0 -276.777 0 0 -3.45e-15 0 0 
1495.78 -0.013923 -3.88363 -0.000161993 -2.59672 3.04202e+18 0.00583056 1260 162.8 -113732 0 0 -0.04184 0 0 -276.777 0 0 -3.45396e-15 0 0 
1495.86 -0.0148809 -3.88458 -0.000161996 -2.59691 3.12378e+18 0.0056601 1260 162.8 -117714 0 0 -0.04184 0 0 -276.777 0 0 -3.45778e-15 0 0 
1495.94 -0.0158658 -3.88557 -0.000162 -2.59711 3.20947e+18 0.00548991 1260 162.8 -121823 0 0 -0.04184 0 0 -276.777 0 0 -3.46147e-15 0 0 
1496.02 -0.0168782 -3.88658 -0.000162003 -2.59731 3.29931e+18 0.0053202 1260 162.8 -126063 0 0 -0.04184 0 0 -276.777 0 0 -3.46501e-15 0 0 
1496.11 -0.0179189 -3.88762 -0.000162007 -2.59752 3.39351e+18 0.00515116 1260 162.8 -130438 0 0 -0.04184 0 0 -276.777 0 0 -3.46842e-15 0 0 
1496.19 -0.0189885 -3.88869 -0.00016201 -2.59773 3.4923e+18 0.004983 1260 162.8 -134952 0 0 -0.04184 0 0 -276.777 0 0 -3.4717e-15 0 0 
1496.27 -0.0200877 -3.88979 -0.000162013 -2.59795 3.5959e+18 0.00481591 1260 162.8 -139612 0 0 -0.04184 0 0 -276.777 0 0 -3.47486e-15 0 0 
1496.35 -0.0212174 -3.89092 -0.000162016 -2.59817 3.70458e+18 0.00465011 1260 162.8 -144421 0 0 -0.04184 0 0 -276.777 0 0 -3.47788e-15 0 0 
1496.42 -0.0223782 -3.89208 -0.000162019 -2.5984 3.81859e+18 0.00448577 1260 162.8 -149385 0 0 -0.04184 0 0 -276.777 0 0 -3.48078e-15 0 0 
1496.5 -0.0235709 -3.89327 -0.000162022 -2.59864 3.93821e+18 0.00432311 1260 162.8 -154510 0 0 -0.04184 0 0 -276.777 0 0 -3.48356e-15 0 0 
1496.58 -0.0247964 -3.8945 -0.000162024 -2.59888 4.06373e+18 0.0041623 1260 162.8 -159801 0 0 -0.04184 0 0 -276.777 0 0 -3.48621e-15 0 0 
1496.66 -0.0260554 -3.89576 -0.000162027 -2.59914 4.19546e+18 0.00400352 1260 162.8 -165264 0 0 -0.04184 0 0 -276.777 0 0 -3.48875e-15 0 0 
1496.74 -0.0273487 -3.89705 -0.000162029 -2.5994 4.33372e+18 0.00384697 1260 162.8 -170905 0 0 -0.04184 0 0 -276.777 0 0 -3.49118e-15 0 0 
1496.81 -0.0286774 -3.89838 -0.000162032 -2.59967 4.47884e+18 0.00369281 1260 162.8 -176731 0 0 -0.04184 0 0 -276.777 0 0 -3.4935e-15 0 0 
1496.89 -0.0300422 -3.89975 -0.000162034 -2.59995 4.63117e+18 0.00354121 1260 162.8 -182749 0 0 -0.04184 0 0 -276.777 0 0 -3.4957e-15 0 0 
1496.96 -0.0314442 -3.90115 -0.000162036 -2.60024 4.7911e+18 0.00339233 1260 162.8 -188966 0 0 -0.04184 0 0 -276.777 0 0 -3.4978e-15 0 0 
1497.04 -0.0328842 -3.90259 -0.000162038 -2.60055 4.95899e+18 0.00324631 1260 162.8 -195390 0 0 -0.04184 0 0 -276.777 0 0 -3.4998e-15 0 0 
1497.11 -0.0343633 -3.90407 -0.00016204 -2.60086 5.13527e+18 0.00310331 1260 162.8 -202028 0 0 -0.04184 0 0 -276.777 0 0 -3.5017e-15 0 0 
1497.19 -0.0358825 -3.90559 -0.000162042 -2.60119 5.32036e+18 0.00296346 1260 162.8 -208888 0 0 -0.04184 0 0 -276.777 0 0 -3.5035e-15 0 0 
1497.26 -0.037443 -3.90715 -0.000162044 -2.60153 5.5147e+18 0.00282688 1260 162.8 -215980 0 0 -0.04184 0 0 -276.777 0 0 -3.50521e-15 0 0 
1497.33 -0.0390457 -3.90875 -0.000162046 -2.60188 5.71877e+18 0.00269369 1260 162.8 -223312 0 0 -0.04184 0 0 -276.777 0 0 -3.50683e-15 0 0 
1497.41 -0.0406919 -3.9104 -0.000162048 -2.60225 5.93305e+18 0.00256399 1260 162.8 -230894 0 0 -0.04184 0 0 -276.777 0 0 -3.50836e-15 0 0 
1497.48 -0.0423827 -3.91209 -0.000162049 -2.60264 6.15805e+18 0.00243789 1260 162.8 -238735 0 0 -0.04184 0 0 -276.777 0 0 -3.5098e-15 0 0 
1497.55 -0.0441194 -3.91382 -0.000162051 -2.60305 6.39431e+18 0.00231546 1260 162.8 -246846 0 0 -0.04184 0 0 -276.777 0 0 -3.51117e-15 0 0 
1497.62 -0.0459032 -3.91561 -0.000162052 -2.60347 6.64238e+18 0.00219678 1260 162.8 -255238 0 0 -0.04184 0 0 -276.777 0 0 -3.51246e-15 0 0 
1497.69 -0.0477355 -3.91744 -0.000162054 -2.60391 6.90287e+18 0.00208191 1260 162.8 -263921 0 0 -0.04184 0 0 -276.777 0 0 -3.51367e-15 0 0 
1497.76 -0.0496176 -3.91932 -0.000162055 -2.60438 7.17636e+18 0.00197091 1260 162.8 -272909 0 0 -0.04184 0 0 -276.777 0 0 -3.51481e-15 0 0 
1497.83 -0.0515509 -3.92125 -0.000162056 -2.60487 7.4635e+18 0.00186382 1260 162.8 -282212 0 0 -0.04184 0 0 -276.777 0 0 -3.51589e-15 0 0 
1497.9 -0.053537 -3.92324 -0.000162058 -2.60538 7.76497e+18 0.00176065 1260 162.8 -291844 0 0 -0.04184 0 0 -276.777 0 0 -3.51689e-15 0 0 
1497.97 -0.0555773 -3.92528 -0.000162059 -2.60592 8.08144e+18 0.00166144 1260 162.8 -301819 0 0 -0.04184 0 0 -276.777 0 0 -3.51784e-15 0 0 
1498.04 -0.0576735 -3.92738 -0.00016206 -2.60649 8.41365e+18 0.00156619 1260 162.8 -312150 0 0 -0.04184 0 0 -276.777 0 0 -3.51873e-15 0 0 
1498.11 -0.0598271 -3.92953 -0.000162061 -2.60709 8.76236e+18 0.00147489 1260 162.8 -322852 0 0 -0.04184 0 0 -276.777 0 0 -3.51955e-15 0 0 
1498.17 -0.0620399 -3.93174 -0.000162062 -2.60773 9.12835e+18 0.00138752 1260 162.8 -333940 0 0 -0.04184 0 0 -276.777 0 0 -3.52033e-15 0 0 
1498.24 -0.0643136 -3.93402 -0.000162063 -2.6084 9.51244e+18 0.00130407 1260 162.8 -345431 0 0 -0.04184 0 0 -276.777 0 0 -3.52105e-15 0 0 
1498.31 -0.0666501 -3.93635 -0.000162064 -2.60911 9.91551e+18 0.00122448 1260 162.8 -357340 0 0 -0.04184 0 0 -276.777 0 0 -3.52173e-15 0 0 
1498.37 -0.0690512 -3.93875 -0.000162065 -2.60986 1.03384e+19 0.00114872 1260 162.8 -369685 0 0 -0.04184 0 0 -276.777 0 0 -3.52236e-15 0 0 
1498.44 -0.0715189 -3.94122 -0.000162066 -2.61065 1.07822e+19 0.00107673 1260 162.8 -382484 0 0 -0.04184 0 0 -276.777 0 0 -3.52295e-15 0 0 
1498.5 -0.0740552 -3.94376 -0.000162067 -2.61149 1.12477e+19 0.00100844 1260 162.8 -395756 0 0 -0.04184 0 0 -276.777 0 0 -3.52349e-15 0 0 
1498.57 -0.0766623 -3.94637 -0.000162067 -2.61239 1.1736e+19 0.000943766 1260 162.8 -409521 0 0 -0.04184 0 0 -276.777 0 0 -3.524e-15 0 0 
1498.63 -0.0793423 -3.94905 -0.000162068 -2.61334 1.22482e+19 0.000882636 1260 162.8 -423798 0 0 -0.04184 0 0 -276.777 0 0 -3.52447e-15 0 0 
1498.7 -0.0820976 -3.9518 -0.000162069 -2.61434 1.27854e+19 0.000824955 1260 162.8 -438609 0 0 -0.04184 0 0 -276.777 0 0 -3.52491e-15 0 0 
1498.76 -0.0849304 -3.95463 -0.00016207 -2.61542 1.33486e+19 0.000770625 1260 162.8 -453976 0 0 -0.04184 0 0 -276.777 0 0 -3.52532e-15 0 0 
1498.82 -0.0878431 -3.95755 -0.00016207 -2.61655 1.39393e+19 0.00071954 1260 162.8 -469922 0 0 -0.04184 0 0 -276.777 0 0 -3.5257e-15 0 0 
1498.89 -0.0908384 -3.96054 -0.000162071 -2.61777 1.45585e+19 0.00067159 1260 162.8 -486471 0 0 -0.04184 0 0 -276.777 0 0 -3.52605e-15 0 0 
1498.95 -0.0939187 -3.96362 -0.000162071 -2.61906 1.52077e+19 0.00062666 1260 162.8 -503648 0 0 -0.04184 0 0 -276.777 0 0 -3.52637e-15 0 0 
1499.01 -0.0970869 -3.96679 -0.000162072 -2.62043 1.58882e+19 0.00058463 1260 162.8 -521478 0 0 -0.04184 0 0 -276.777 0 0 -3.52667e-15 0 0 
1499.07 -0.100346 -3.97005 -0.000162072 -2.62189 1.66015e+19 0.000545377 1260 162.8 -539988 0 0 -0.04184 0 0 -276.777 0 0 -3.52695e-15 0 0 
1499.13 -0.103698 -3.9734 -0.000162073 -2.62345 1.73491e+19 0.000508777 1260 162.8 -559207 0 0 -0.04184 0 0 -276.777 0 0 -3.52721e-15 0 0 
1499.19 -0.107147 -3.97685 -0.000162073 -2.62511 1.81325e+19 0.000474702 1260 162.8 -579162 0 0 -0.04184 0 0 -276.777 0 0 -3.52745e-15 0 0 
1499.25 -0.110695 -3.9804 -0.000162074 -2.62687 1.89534e+19 0.000443023 1260 162.8 -599886 0 0 -0.04184 0 0 -276.777 0 0 -3.52767e-15 0 0 
1499.31 -0.114346 -3.98405 -0.000162074 -2.62874 1.98136e+19 0.000413612 1260 162.8 -621408 0 0 -0.04184 0 0 -276.777 0 0 -3.52788e-15 0 0 
1499.37 -0.118104 -3.98781 -0.000162075 -2.63074 2.07148e+19 0.000386342 1260 162.8 -643761 0 0 -0.04184 0 0 -276.777 0 0 -3.52807e-15 0 0 
1499.43 -0.121971 -3.99167 -0.000162075 -2.63286 2.1659e+19 0.000361084 1260 162.8 -666980 0 0 -0.04184 0 0 -276.777 0 0 -3.52825e-15 0 0 
1499.49 -0.125951 -3.99565 -0.000162075 -2.63511 2.26481e+19 0.000337715 1260 162.8 -691100 0 0 -0.04184 0 0 -276.777 0 0 -3.52841e-15 0 0 
1499.55 -0.130048 -3.99975 -0.000162076 -2.6375 2.36843e+19 0.000316111 1260 162.8 -716157 0 0 -0.04184 0 0 -276.777 0 0 -3.52856e-15 0 0 
1499.61 -0.134265 -4.00397 -0.000162076 -2.64003 2.47697e+19 0.000296154 1260 162.8 -742189 0 0 -0.04184 0 0 -276.777 0 0 -3.52871e-15 0 0 
1499.66 -0.138607 -4.00831 -0.000162076 -2.64271 2.59066e+19 0.000277728 1260 162.8 -769237 0 0 -0.04184 0 0 -276.777 0 0 -3.52884e-15 0 0 
1499.72 -0.143078 -4.01278 -0.000162077 -2.64555 2.70974e+19 0.00026072 1260 162.8 -797341 0 0 -0.04184 0 0 -276.777 0 0 -3.52896e-15 0 0 
1499.78 -0.147682 -4.01739 -0.000162077 -2.64854 2.83447e+19 0.000245023 1260 162.8 -826544 0 0 -0.04184 0 0 -276.777 0 0 -3.52908e-15 0 0 
1499.83 -0.152423 -4.02213 -0.000162077 -2.65171 2.9651e+19 0.000230537 1260 162.8 -856890 0 0 -0.04184 0 0 -276.777 0 0 -3.52919e-15 0 0 
1499.89 -0.157305 -4.02701 -0.000162077 -2.65505 3.10191e+19 0.000217162 1260 162.8 -888427 0 0 -0.04184 0 0 -276.777 0 0 -3.52929e-15 0 0 
1499.94 -0.162335 -4.03204 -0.000162078 -2.65856 3.2452e+19 0.000204807 1260 162.8 -921202 0 0 -0.04184 0 0 -276.777 0 0 -3.52938e-15 0 0 
1500 -0.167515 -4.03722 -0.000162078 -2.66226 3.39527e+19 0.000193387 1260 162.8 -937849 0 0 -0.04184 0 0 -276.777 0 0 -3.52943e-15 0 0 
1500 0.112241 -4.61534 -0.000162078 -2.66226 4.14783e+16 5.44353e-14 762 538.92 -462430 0 0 -0.0459727 0 0 -276.777 0 0 -3.52947e-15 0 0 
1500.06 0.109695 -4.61789 -0.000162364 -2.9048 4.575e+16 5.85495e-10 762 538.92 -457786 0 0 -0.0459727 0 0 -276.777 0 0 -3.52947e-15 0 0 
1500.11 0.1072 -4.62038 -0.000162624 -3.08708 5.036e+16 6.13531e-07 762 538.92 -448534 0 0 -0.0459727 0 0 -276.777 0 0 -3.52947e-15 0 0 
1500.17 0.104755 -4.62283 -0.00016286 -3.14517 5.53237e+16 5.28042e-06 762 538.92 -439354 0 0 -0.0459727 0 0 -276.777 0 0 -3.52947e-15 0 0 
1500.22 0.102361 -4.62522 -0.000163075 -3.16873 6.06561e+16 1.19732e-05 762 538.92 -430251 0 0 -0.0459727 0 0 -276.777 0 0 -3.52947e-15 0 0 
1500.28 0.100017 -4.62757 -0.000163272 -3.18258 6.63714e+16 1.86829e-05 762 538.92 -421230 0 0 -0.0459727 0 0 -276.777 0 0 -3.52947e-15 0 0 
1500.33 0.097722 -4.62986 -0.000163452 -3.19245 7.24833e+16 2.50489e-05 762 538.92 -412294 0 0 -0.0459727 0 0 -276.777 0 0 -3.52947e-15 0 0 
1500.39 0.0954761 -4.63211 -0.000163617 -3.20022 7.90048e+16 3.10188e-05 762 538.92 -403448 0 0 -0.0459727 0 0 -276.777 0 0 -3.52947e-15 0 0 
1500.44 0.0932787 -4.6343 -0.000163768 -3.2067 8.59478e+16 3.66064e-05 762 538.92 -394697 0 0 -0.0459727 0 0 -276.777 0 0 -3.52947e-15 0 0 
1500.5 0.0911292 -4.63645 -0.000163907 -3.21231 9.33235e+16 4.1843e-05 762 538.92 -386045 0 0 -0.0459727 0 0 -276.777 0 0 -3.52948e-15 0 0 
1500.55 0.0890271 -4.63856 -0.000164036 -3.21729 1.01142e+17 4.67638e-05 762 538.92 -377496 0 0 -0.0459727 0 0 -276.777 0 0 -3.52948e-15 0 0 
1500.61 0.0869718 -4.64061 -0.000164154 -3.22179 1.09411e+17 5.14034e-05 762 538.92 -369054 0 0 -0.0459727 0 0 -276.777 0 0 -3.52948e-15 0 0 
1500.66 0.0849626 -4.64262 -0.000164264 -3.22591 1.1814e+17 5.57942e-05 762 538.92 -360722 0 0 -0.0459727 0 0 -276.777 0 0 -3.52948e-15 0 0 
1500.72 0.0829991 -4.64458 -0.000164366 -3.22974 1.27334e+17 5.99657e-05 762 538.92 -352505 0 0 -0.0459727 0 0 -276.777 0 0 -3.52948e-15 0 0 
1500.77 0.0810804 -4.6465 -0.00016446 -3.23332 1.36998e+17 6.39448e-05 762 538.92 -344406 0 0 -0.0459727 0 0 -276.777 0 0 -3.52949e-15 0 0 
1500.83 0.0792061 -4.64838 -0.000164548 -3.23669 1.47136e+17 6.77553e-05 762 538.92 -336427 0 0 -0.0459727 0 0 -276.777 0 0 -3.52949e-15 0 0 
1500.88 0.0773753 -4.65021 -0.00016463 -3.23988 1.57749e+17 7.14189e-05 762 538.92 -328573 0 0 -0.0459727 0 0 -276.777 0 0 -3.52949e-15 0 0 
1500.94 0.0755874 -4.652 -0.000164706 -3.24292 1.68839e+17 7.49548e-05 762 538.92 -320844 0 0 -0.0459727 0 0 -276.777 0 0 -3.5295e-15 0 0 
1500.99 0.0738418 -4.65374 -0.000164778 -3.24582 1.80405e+17 7.83801e-05 762 538.92 -313245 0 0 -0.0459727 0 0 -276.777 0 0 -3.5295e-15 0 0 
1501.05 0.0721376 -4.65545 -0.000164845 -3.2486 1.92443e+17 8.17102e-05 762 538.92 -305776 0 0 -0.0459727 0 0 -276.777 0 0 -3.5295e-15 0 0 
1501.1 0.0704742 -4.65711 -0.000164908 -3.25127 2.04951e+17 8.49589e-05 762 538.92 -298439 0 0 -0.0459727 0 0 -276.777 0 0 -3.52951e-15 0 0 
1501.16 0.0688508 -4.65873 -0.000164967 -3.25385 2.17923e+17 8.81384e-05 762 538.92 -291237 0 0 -0.0459727 0 0 -276.777 0 0 -3.52951e-15 0 0 
1501.21 0.0672667 -4.66032 -0.000165022 -3.25633 2.31353e+17 9.12597e-05 762 538.92 -284169 0 0 -0.0459727 0 0 -276.777 0 0 -3.52951e-15 0 0 
1501.27 0.0657212 -4.66186 -0.000165075 -3.25873 2.45232e+17 9.43326e-05 762 538.92 -277237 0 0 -0.0459727 0 0 -276.777 0 0 -3.52952e-15 0 0 
1501.32 0.0642134 -4.66337 -0.000165124 -3.26106 2.59552e+17 9.73658e-05 762 538.92 -270442 0 0 -0.0459727 0 0 -276.777 0 0 -3.52952e-15 0 0 
1501.38 0.0627428 -4.66484 -0.000165171 -3.26331 2.74302e+17 0.000100367 762 538.92 -263784 0 0 -0.0459727 0 0 -276.777 0 0 -3.52953e-15 0 0 
1501.43 0.0613083 -4.66628 -0.000165215 -3.2655 2.89471e+17 0.000103344 762 538.92 -257262 0 0 -0.0459727 0 0 -276.777 0 0 -3.52953e-15 0 0 
1501.49 0.0599095 -4.66767 -0.000165257 -3.26763 3.05045e+17 0.000106302 762 538.92 -250877 0 0 -0.0459727 0 0 -276.777 0 0 -3.52953e-15 0 0 
1501.54 0.0585454 -4.66904 -0.000165297 -3.2697 3.21011e+17 0.000109248 762 538.92 -244628 0 0 -0.0459727 0 0 -276.777 0 0 -3.52954e-15 0 0 
1501.6 0.0572153 -4.67037 -0.000165335 -3.27172 3.37354e+17 0.000112187 762 538.92 -238514 0 0 -0.0459727 0 0 -276.777 0 0 -3.52954e-15 0 0 
1501.65 0.0559186 -4.67167 -0.000165371 -3.27368 3.54059e+17 0.000115122 762 538.92 -232535 0 0 -0.0459727 0 0 -276.777 0 0 -3.52955e-15 0 0 
1501.71 0.0546544 -4.67293 -0.000165405 -3.2756 3.7111e+17 0.000118059 762 538.92 -226689 0 0 -0.0459727 0 0 -276.777 0 0 -3.52955e-15 0 0 
1501.76 0.053422 -4.67416 -0.000165438 -3.27747 3.8849e+17 0.000121001 762 538.92 -220975 0 0 -0.0459727 0 0 -276.777 0 0 -3.52956e-15 0 0 
1501.82 0.0522207 -4.67536 -0.00016547 -3.27929 4.06181e+17 0.000123951 762 538.92 -215393 0 0 -0.0459727 0 0 -276.777 0 0 -3.52956e-15 0 0 
1501.87 0.0510498 -4.67653 -0.0001655 -3.28107 4.24165e+17 0.000126913 762 538.92 -209939 0 0 -0.0459727 0 0 -276.777 0 0 -3.52957e-15 0 0 
1501.93 0.0499086 -4.67768 -0.000165529 -3.28281 4.42424e+17 0.00012989 762 538.92 -204613 0 0 -0.0459727 0 0 -276.777 0 0 -3.52957e-15 0 0 
1501.98 0.0487964 -4.67879 -0.000165556 -3.28451 4.6094e+17 0.000132883 762 538.92 -199412 0 0 -0.0459727 0 0 -276.777 0 0 -3.52958e-15 0 0 
1502.04 0.0477125 -4.67987 -0.000165583 -3.28618 4.79693e+17 0.000135896 762 538.92 -194335 0 0 -0.0459727 0 0 -276.777 0 0 -3.52959e-15 0 0 
1502.09 0.0466561 -4.68093 -0.000165608 -3.28781 4.98664e+17 0.000138929 762 538.92 -189380 0 0 -0.0459727 0 0 -276.777 0 0 -3.52959e-15 0 0 
1502.15 0.0456268 -4.68196 -0.000165633 -3.2894 5.17834e+17 0.000141987 762 538.92 -184545 0 0 -0.0459727 0 0 -276.777 0 0 -3.5296e-15 0 0 
1502.2 0.0446237 -4.68296 -0.000165657 -3.29096 5.37183e+17 0.000145069 762 538.92 -179828 0 0 -0.0459727 0 0 -276.777 0 0 -3.5296e-15 0 0 
1502.26 0.0436463 -4.68394 -0.000165679 -3.29248 5.56694e+17 0.000148178 762 538.92 -175225 0 0 -0.0459727 0 0 -276.777 0 0 -3.52961e-15 0 0 
1502.31 0.0426939 -4.68489 -0.000165701 -3.29398 5.76346e+17 0.000151315 762 538.92 -170737 0 0 -0.0459727 0 0 -276.777 0 0 -3.52962e-15 0 0 
1502.37 0.0417659 -4.68582 -0.000165723 -3.29544 5.96121e+17 0.000154481 762 538.92 -166359 0 0 -0.0459727 0 0 -276.777 0 0 -3.52962e-15 0 0 
1502.42 0.0408618 -4.68672 -0.000165743 -3.29687 6.16001e+17 0.000157678 762 538.92 -162089 0 0 -0.0459727 0 0 -276.777 0 0 -3.52963e-15 0 0 
1502.48 0.0399808 -4.6876 -0.000165763 -3.29828 6.35966e+17 0.000160907 762 538.92 -157927 0 0 -0.0459727 0 0 -276.777 0 0 -3.52964e-15 0 0 
1502.53 0.0391225 -4.68846 -0.000165783 -3.29965 6.55999e+17 0.000164168 762 538.92 -153868 0 0 -0.0459727 0 0 -276.777 0 0 -3.52964e-15 0 0 
1502.59 0.0382862 -4.6893 -0.000165801 -3.301 6.76083e+17 0.000167463 762 538.92 -149912 0 0 -0.0459727 0 0 -276.777 0 0 -3.52965e-15 0 0 
1502.64 0.0374715 -4.69011 -0.00016582 -3.30233 6.96199e+17 0.000170792 762 538.92 -146055 0 0 -0.0459727 0 0 -276.777 0 0 -3.52966e-15 0 0 
1502.7 0.0366777 -4.69091 -0.000165837 -3.30363 7.16332e+17 0.000174157 762 538.92 -142295 0 0 -0.0459727 0 0 -276.777 0 0 -3.52966e-15 0 0 
1502.75 0.0359043 -4.69168 -0.000165854 -3.3049 7.36465e+17 0.000177558 762 538.92 -138631 0 0 -0.0459727 0 0 -276.777 0 0 -3.52967e-15 0 0 
1502.81 0.0351509 -4.69243 -0.000165871 -3.30615 7.56583e+17 0.000180996 762 538.92 -135060 0 0 -0.0459727 0 0 -276.777 0 0 -3.52968e-15 0 0 
1502.86 0.0344169 -4.69317 -0.000165887 -3.30737 7.76669e+17 0.000184471 762 538.92 -131579 0 0 -0.0459727 0 0 -276.777 0 0 -3.52969e-15 0 0 
1502.92 0.0337018 -4.69388 -0.000165903 -3.30858 7.9671e+17 0.000187984 762 538.92 -128187 0 0 -0.0459727 0 0 -276.777 0 0 -3.5297e-15 0 0 
1502.97 0.0330052 -4.69458 -0.000165919 -3.30976 8.16691e+17 0.000191535 762 538.92 -124882 0 0 -0.0459727 0 0 -276.777 0 0 -3.5297e-15 0 0 
1503.03 0.0323265 -4.69526 -0.000165934 -3.31092 8.36598e+17 0.000195126 762 538.92 -121661 0 0 -0.0459727 0 0 -276.777 0 0 -3.52971e-15 0 0 
1503.08 0.0316653 -4.69592 -0.000165949 -3.31205 8.56419e+17 0.000198755 762 538.92 -118522 0 0 -0.0459727 0 0 -276.777 0 0 -3.52972e-15 0 0 
1503.14 0.0310212 -4.69656 -0.000165963 -3.31317 8.76141e+17 0.000202425 762 538.92 -115464 0 0 -0.0459727 0 0 -276.777 0 0 -3.52973e-15 0 0 
1503.19 0.0303936 -4.69719 -0.000165977 -3.31427 8.95752e+17 0.000206134 762 538.92 -112484 0 0 -0.0459727 0 0 -276.777 0 0 -3.52974e-15 0 0 
1503.25 0.0297823 -4.6978 -0.000165991 -3.31535 9.15241e+17 0.000209885 762 538.92 -109580 0 0 -0.0459727 0 0 -276.777 0 0 -3.52975e-15 0 0 
1503.3 0.0291868 -4.6984 -0.000166004 -3.3164 9.34597e+17 0.000213676 762 538.92 -106751 0 0 -0.0459727 0 0 -276.777 0 0 -3.52976e-15 0 0 
1503.36 0.0286067 -4.69898 -0.000166018 -3.31744 9.5381e+17 0.000217508 762 538.92 -103995 0 0 -0.0459727 0 0 -276.777 0 0 -3.52976e-15 0 0 
1503.41 0.0280415 -4.69954 -0.000166031 -3.31846 9.72871e+17 0.000221381 762 538.92 -101310 0 0 -0.0459727 0 0 -276.777 0 0 -3.52977e-15 0 0 
1503.47 0.0274909 -4.70009 -0.000166043 -3.31947 9.9177e+17 0.000225296 762 538.92 -98693.1 0 0 -0.0459727 0 0 -276.777 0 0 -3.52978e-15 0 0 
1503.52 0.0269546 -4.70063 -0.000166056 -3.32046 1.0105e+18 0.000229253 762 538.92 -96143.8 0 0 -0.0459727 0 0 -276.777 0 0 -3.52979e-15 0 0 
1503.58 0.0264321 -4.70115 -0.000166068 -3.32142 1.02905e+18 0.000233252 762 538.92 -93660.1 0 0 -0.0459727 0 0 -276.777 0 0 -3.5298e-15 0 0 
1503.63 0.0259231 -4.70166 -0.00016608 -3.32238 1.04742e+18 0.000237293 762 538.92 -91240.3 0 0 -0.0459727 0 0 -276.777 0 0 -3.52981e-15 0 0 
1503.69 0.0254272 -4.70216 -0.000166092 -3.32331 1.06559e+18 0.000241377 762 538.92 -88882.8 0 0 -0.0459727 0 0 -276.777 0 0 -3.52982e-15 0 0 
1503.74 0.0249442 -4.70264 -0.000166103 -3.32424 1.08357e+18 0.000245503 762 538.92 -86585.9 0 0 -0.0459727 0 0 -276.777 0 0 -3.52983e-15 0 0 
1503.8 0.0244736 -4.70311 -0.000166115 -3.32514 1.10134e+18 0.000249671 762 538.92 -84348.2 0 0 -0.0459727 0 0 -276.777 0 0 -3.52984e-15 0 0 
1503.85 0.0240152 -4.70357 -0.000166126 -3.32603 1.11891e+18 0.000253883 762 538.92 -82168.1 0 0 -0.0459727 0 0 -276.777 0 0 -3.52985e-15 0 0 
1503.91 0.0235687 -4.70401 -0.000166137 -3.32691 1.13626e+18 0.000258137 762 538.92 -80044.1 0 0 -0.0459727 0 0 -276.777 0 0 -3.52987e-15 0 0 
1503.96 0.0231337 -4.70445 -0.000166148 -3.32777 1.15339e+18 0.000262434 762 538.92 -77974.8 0 0 -0.0459727 0 0 -276.777 0 0 -3.52988e-15 0 0 
1504.02 0.0227099 -4.70487 -0.000166159 -3.32862 1.1703e+18 0.000266775 762 538.92 -75958.7 0 0 -0.0459727 0 0 -276.777 0 0 -3.52989e-15 0 0 
1504.07 0.0222971 -4.70529 -0.000166169 -3.32945 1.18698e+18 0.000271158 762 538.92 -73994.6 0 0 -0.0459727 0 0 -276.777 0 0 -3.5299e-15 0 0 
1504.13 0.021895 -4.70569 -0.00016618 -3.33027 1.20343e+18 0.000275584 762 538.92 -72081 0 0 -0.0459727 0 0 -276.777 0 0 -3.52991e-15 0 0 
1504.19 0.0215033 -4.70608 -0.00016619 -3.33108 1.21966e+18 0.000280053 762 538.92 -70216.7 0 0 -0.0459727 0 0 -276.777 0 0 -3.52992e-15 0 0 
1504.24 0.0211217 -4.70646 -0.0001662 -3.33188 1.23565e+18 0.000284566 762 538.92 -68400.3 0 0 -0.0459727 0 0 -276.777 0 0 -3.52993e-15 0 0 
1504.3 0.02075 -4.70683 -0.00016621 -3.33266 1.2514e+18 0.000289121 762 538.92 -66630.8 0 0 -0.0459727 0 0 -276.777 0 0 -3.52995e-15 0 0 
1504.35 0.0203879 -4.7072 -0.00016622 -3.33343 1.26691e+18 0.00029372 762 538.92 -64906.8 0 0 -0.0459727 0 0 -276.777 0 0 -3.52996e-15 0 0 
1504.41 0.0200352 -4.70755 -0.00016623 -3.33419 1.28219e+18 0.000298361 762 538.92 -63227.1 0 0 -0.0459727 0 0 -276.777 0 0 -3.52997e-15 0 0 
1504.46 0.0196916 -4.70789 -0.00016624 -3.33493 1.29723e+18 0.000303046 762 538.92 -61590.7 0 0 -0.0459727 0 0 -276.777 0 0 -3.52998e-15 0 0 
1504.52 0.0193569 -4.70823 -0.000166249 -3.33567 1.31202e+18 0.000307773 762 538.92 -59996.4 0 0 -0.0459727 0 0 -276.777 0 0 -3.53e-15 0 0 
1504.57 0.0190308 -4.70855 -0.000166259 -3.33639 1.32658e+18 0.000312544 762 538.92 -58443.1 0 0 -0.0459727 0 0 -276.777 0 0 -3.53001e-15 0 0 
1504.63 0.0187132 -4.70887 -0.000166268 -3.3371 1.34089e+18 0.000317357 762 538.92 -56929.8 0 0 -0.0459727 0 0 -276.777 0 0 -3.53002e-15 0 0 
1504.68 0.0184038 -4.70918 -0.000166277 -3.33781 1.35496e+18 0.000322213 762 538.92 -55455.4 0 0 -0.0459727 0 0 -276.777 0 0 -3.53004e-15 0 0 
1504.74 0.0181025 -4.70948 -0.000166287 -3.3385 1.3688e+18 0.000327112 762 538.92 -54018.9 0 0 -0.0459727 0 0 -276.777 0 0 -3.53005e-15 0 0 
1504.79 0.0178089 -4.70977 -0.000166296 -3.33918 1.38239e+18 0.000332053 762 538.92 -52619.4 0 0 -0.0459727 0 0 -276.777 0 0 -3.53007e-15 0 0 
1504.85 0.017523 -4.71006 -0.000166305 -3.33985 1.39574e+18 0.000337037 762 538.92 -51255.8 0 0 -0.0459727 0 0 -276.777 0 0 -3.53008e-15 0 0 
1504.9 0.0172444 -4.71034 -0.000166314 -3.34051 1.40885e+18 0.000342063 762 538.92 -49927.3 0 0 -0.0459727 0 0 -276.777 0 0 -3.53009e-15 0 0 
1504.96 0.0169731 -4.71061 -0.000166322 -3.34116 1.42173e+18 0.000347132 762 538.92 -48633 0 0 -0.0459727 0 0 -276.777 0 0 -3.53011e-15 0 0 
1505.01 0.0167088 -4.71087 -0.000166331 -3.3418 1.43437e+18 0.000352242 762 538.92 -47371.9 0 0 -0.0459727 0 0 -276.777 0 0 -3.53012e-15 0 0 
1505.07 0.0164514 -4.71113 -0.00016634 -3.34244 1.44678e+18 0.000357395 762 538.92 -46143.2 0 0 -0.0459727 0 0 -276.777 0 0 -3.53014e-15 0 0 
1505.12 0.0162006 -4.71138 -0.000166348 -3.34306 1.45895e+18 0.000362589 762 538.92 -44946.1 0 0 -0.0459727 0 0 -276.777 0 0 -3.53015e-15 0 0 
1505.18 0.0159564 -4.71163 -0.000166357 -3.34368 1.4709e+18 0.000367825 762 538.92 -43779.8 0 0 -0.0459727 0 0 -276.777 0 0 -3.53017e-15 0 0 
1505.23 0.0157185 -4.71187 -0.000166365 -3.34428 1.48261e+18 0.000373103 762 538.92 -42643.4 0 0 -0.0459727 0 0 -276.777 0 0 -3.53019e-15 0 0 
1505.29 0.0154867 -4.7121 -0.000166374 -3.34488 1.4941e+18 0.000378422 762 538.92 -41536.1 0 0 -0.0459727 0 0 -276.777 0 0 -3.5302e-15 0 0 
1505.34 0.015261 -4.71232 -0.000166382 -3.34547 1.50537e+18 0.000383782 762 538.92 -40457.3 0 0 -0.0459727 0 0 -276.777 0 0 -3.53022e-15 0 0 
1505.4 0.0150412 -4.71254 -0.00016639 -3.34605 1.51641e+18 0.000389183 762 538.92 -39406.2 0 0 -0.0459727 0 0 -276.777 0 0 -3.53023e-15 0 0 
1505.45 0.014827 -4.71276 -0.000166399 -3.34662 1.52723e+18 0.000394625 762 538.92 -38382.1 0 0 -0.0459727 0 0 -276.777 0 0 -3.53025e-15 0 0 
1505.51 0.0146185 -4.71297 -0.000166407 -3.34719 1.53783e+18 0.000400107 762 538.92 -37384.2 0 0 -0.0459727 0 0 -276.777 0 0 -3.53027e-15 0 0 
1505.56 0.0144153 -4.71317 -0.000166415 -3.34775 1.54822e+18 0.00040563 762 538.92 -36411.9 0 0 -0.0459727 0 0 -276.777 0 0 -3.53028e-15 0 0 
1505.62 0.0142174 -4.71337 -0.000166423 -3.3483 1.5584e+18 0.000411194 762 538.92 -35464.6 0 0 -0.0459727 0 0 -276.777 0 0 -3.5303e-15 0 0 
1505.67 0.0140247 -4.71356 -0.000166431 -3.34884 1.56836e+18 0.000416797 762 538.92 -34541.5 0 0 -0.0459727 0 0 -276.777 0 0 -3.53032e-15 0 0 
1505.73 0.013837 -4.71375 -0.000166439 -3.34937 1.57812e+18 0.00042244 762 538.92 -33642.1 0 0 -0.0459727 0 0 -276.777 0 0 -3.53034e-15 0 0 
1505.78 0.0136542 -4.71393 -0.000166447 -3.3499 1.58768e+18 0.000428123 762 538.92 -32765.7 0 0 -0.0459727 0 0 -276.777 0 0 -3.53036e-15 0 0 
1505.84 0.0134762 -4.71411 -0.000166454 -3.35042 1.59703e+18 0.000433845 762 538.92 -31911.7 0 0 -0.0459727 0 0 -276.777 0 0 -3.53037e-15 0 0 
1505.89 0.0133028 -4.71428 -0.000166462 -3.35094 1.60619e+18 0.000439606 762 538.92 -31079.6 0 0 -0.0459727 0 0 -276.777 0 0 -3.53039e-15 0 0 
1505.95 0.0131339 -4.71445 -0.00016647 -3.35145 1.61515e+18 0.000445406 762 538.92 -30268.8 0 0 -0.0459727 0 0 -276.777 0 0 -3.53041e-15 0 0 
1506 0.0129694 -4.71461 -0.000166478 -3.35195 1.62391e+18 0.000451245 762 538.92 -29478.8 0 0 -0.0459727 0 0 -276.777 0 0 -3.53043e-15 0 0 
1506.06 0.0128092 -4.71477 -0.000166485 -3.35244 1.63249e+18 0.000457122 762 538.92 -28708.9 0 0 -0.0459727 0 0 -276.777 0 0 -3.53045e-15 0 0 
1506.11 0.0126532 -4.71493 -0.000166493 -3.35293 1.64088e+18 0.000463038 762 538.92 -27958.7 0 0 -0.0459727 0 0 -276.777 0 0 -3.53047e-15 0 0 
1506.17 0.0125013 -4.71508 -0.000166501 -3.35341 1.64908e+18 0.000468991 762 538.92 -27227.7 0 0 -0.0459727 0 0 -276.777 0 0 -3.53049e-15 0 0 
1506.22 0.0123534 -4.71523 -0.000166508 -3.35389 1.65711e+18 0.000474983 762 538.92 -26515.3 0 0 -0.0459727 0 0 -276.777 0 0 -3.53051e-15 0 0 
1506.28 0.0122093 -4.71537 -0.000166516 -3.35436 1.66496e+18 0.000481011 762 538.92 -25821.1 0 0 -0.0459727 0 0 -276.777 0 0 -3.53053e-15 0 0 
1506.33 0.012069 -4.71551 -0.000166523 -3.35482 1.67263e+18 0.000487077 762 538.92 -25144.6 0 0 -0.0459727 0 0 -276.777 0 0 -3.53055e-15 0 0 
1506.39 0.0119324 -4.71565 -0.000166531 -3.35528 1.68013e+18 0.00049318 762 538.92 -24485.3 0 0 -0.0459727 0 0 -276.777 0 0 -3.53057e-15 0 0 
1506.44 0.0117993 -4.71578 -0.000166538 -3.35573 1.68746e+18 0.00049932 762 538.92 -23842.8 0 0 -0.0459727 0 0 -276.777 0 0 -3.53059e-15 0 0 
1506.5 0.0116698 -4.71591 -0.000166545 -3.35618 1.69462e+18 0.000505495 762 538.92 -23216.7 0 0 -0.0459727 0 0 -276.777 0 0 -3.53061e-15 0 0 
1506.55 0.0115436 -4.71604 -0.000166553 -3.35662 1.70162e+18 0.000511708 762 538.92 -22606.5 0 0 -0.0459727 0 0 -276.777 0 0 -3.53063e-15 0 0 
1506.61 0.0114208 -4.71616 -0.00016656 -3.35706 1.70846e+18 0.000517956 762 538.92 -22011.8 0 0 -0.0459727 0 0 -276.777 0 0 -3.53066e-15 0 0 
1506.66 0.0113012 -4.71628 -0.000166567 -3.35749 1.71514e+18 0.000524239 762 538.92 -21432.2 0 0 -0.0459727 0 0 -276.777 0 0 -3.53068e-15 0 0 
1506.72 0.0111848 -4.7164 -0.000166575 -3.35792 1.72167e+18 0.000530558 762 538.92 -20867.3 0 0 -0.0459727 0 0 -276.777 0 0 -3.5307e-15 0 0 
1506.77 0.0110714 -4.71651 -0.000166582 -3.35834 1.72804e+18 0.000536912 762 538.92 -20316.7 0 0 -0.0459727 0 0 -276.777 0 0 -3.53072e-15 0 0 
1506.83 0.010961 -4.71662 -0.000166589 -3.35875 1.73427e+18 0.000543301 762 538.92 -19780.1 0 0 -0.0459727 0 0 -276.777 0 0 -3.53075e-15 0 0 
1506.88 0.0108536 -4.71673 -0.000166596 -3.35917 1.74035e+18 0.000549725 762 538.92 -19257 0 0 -0.0459727 0 0 -276.777 0 0 -3.53077e-15 0 0 
1506.94 0.010749 -4.71683 -0.000166603 -3.35957 1.74628e+18 0.000556183 762 538.92 -18747.1 0 0 -0.0459727 0 0 -276.777 0 0 -3.53079e-15 0 0 
1506.99 0.0106471 -4.71694 -0.000166611 -3.35997 1.75208e+18 0.000562674 762 538.92 -18250.1 0 0 -0.0459727 0 0 -276.777 0 0 -3.53082e-15 0 0 
1507.05 0.010548 -4.71704 -0.000166618 -3.36037 1.75773e+18 0.0005692 762 538.92 -17765.7 0 0 -0.0459727 0 0 -276.777 0 0 -3.53084e-15 0 0 
1507.1 0.0104514 -4.71713 -0.000166625 -3.36076 1.76325e+18 0.000575759 762 538.92 -17293.4 0 0 -0.0459727 0 0 -276.777 0 0 -3.53087e-15 0 0 
1507.16 0.0103575 -4.71723 -0.000166632 -3.36115 1.76864e+18 0.000582351 762 538.92 -16833 0 0 -0.0459727 0 0 -276.777 0 0 -3.53089e-15 0 0 
1507.21 0.0102661 -4.71732 -0.000166639 -3.36154 1.7739e+18 0.000588976 762 538.92 -16384.2 0 0 -0.0459727 0 0 -276.777 0 0 -3.53092e-15 0 0 
1507.27 0.0101771 -4.71741 -0.000166646 -3.36192 1.77903e+18 0.000595634 762 538.92 -15946.6 0 0 -0.0459727 0 0 -276.777 0 0 -3.53094e-15 0 0 
1507.32 0.0100904 -4.71749 -0.000166653 -3.36229 1.78404e+18 0.000602324 762 538.92 -15520 0 0 -0.0459727 0 0 -276.777 0 0 -3.53097e-15 0 0 
1507.38 0.0100061 -4.71758 -0.00016666 -3.36266 1.78892e+18 0.000609046 762 538.92 -15104 0 0 -0.0459727 0 0 -276.777 0 0 -3.53099e-15 0 0 
1507.43 0.00992409 -4.71766 -0.000166667 -3.36303 1.79368e+18 0.0006158 762 538.92 -14698.4 0 0 -0.0459727 0 0 -276.777 0 0 -3.53102e-15 0 0 
1507.49 0.00984426 -4.71774 -0.000166674 -3.36339 1.79832e+18 0.000622585 762 538.92 -14302.9 0 0 -0.0459727 0 0 -276.777 0 0 -3.53104e-15 0 0 
1507.54 0.00976657 -4.71782 -0.000166681 -3.36375 1.80285e+18 0.000629402 762 538.92 -13917.2 0 0 -0.0459727 0 0 -276.777 0 0 -3.53107e-15 0 0 
1507.6 0.00969098 -4.71789 -0.000166688 -3.36411 1.80727e+18 0.00063625 762 538.92 -13541.1 0 0 -0.0459727 0 0 -276.777 0 0 -3.5311e-15 0 0 
1507.65 0.00961744 -4.71797 -0.000166695 -3.36446 1.81157e+18 0.000643128 762 538.92 -13174.3 0 0 -0.0459727 0 0 -276.777 0 0 -3.53113e-15 0 0 
1507.71 0.00954589 -4.71804 -0.000166701 -3.36481 1.81577e+18 0.000650037 762 538.92 -12816.5 0 0 -0.0459727 0 0 -276.777 0 0 -3.53115e-15 0 0 
1507.76 0.00947629 -4.71811 -0.000166708 -3.36515 1.81986e+18 0.000656977 762 538.92 -12467.6 0 0 -0.0459727 0 0 -276.777 0 0 -3.53118e-15 0 0 
1507.82 0.00940859 -4.71818 -0.000166715 -3.36549 1.82385e+18 0.000663946 762 538.92 -12127.2 0 0 -0.0459727 0 0 -276.777 0 0 -3.53121e-15 0 0 
1507.87 0.00934273 -4.71824 -0.000166722 -3.36583 1.82773e+18 0.000670945 762 538.92 -11795.2 0 0 -0.0459727 0 0 -276.777 0 0 -3.53124e-15 0 0 
1507.93 0.00927868 -4.7183 -0.000166729 -3.36616 1.83152e+18 0.000677973 762 538.92 -11471.2 0 0 -0.0459727 0 0 -276.777 0 0 -3.53127e-15 0 0 
1507.98 0.0092164 -4.71837 -0.000166736 -3.36649 1.8352e+18 0.000685031 762 538.92 -11155.2 0 0 -0.0459727 0 0 -276.777 0 0 -3.53129e-15 0 0 
1508.04 0.00915583 -4.71843 -0.000166742 -3.36682 1.83879e+18 0.000692117 762 538.92 -10846.8 0 0 -0.0459727 0 0 -276.777 0 0 -3.53132e-15 0 0 
1508.09 0.00909694 -4.71849 -0.000166749 -3.36714 1.84229e+18 0.000699232 762 538.92 -10545.9 0 0 -0.0459727 0 0 -276.777 0 0 -3.53135e-15 0 0 
1508.15 0.00903968 -4.71854 -0.000166756 -3.36746 1.8457e+18 0.000706376 762 538.92 -10252.2 0 0 -0.0459727 0 0 -276.777 0 0 -3.53138e-15 0 0 
1508.2 0.00898403 -4.7186 -0.000166763 -3.36778 1.84901e+18 0.000713547 762 538.92 -9965.59 0 0 -0.0459727 0 0 -276.777 0 0 -3.53141e-15 0 0 
1508.26 0.00892993 -4.71865 -0.000166769 -3.36809 1.85224e+18 0.000720747 762 538.92 -9685.82 0 0 -0.0459727 0 0 -276.777 0 0 -3.53144e-15 0 0 
1508.31 0.00887736 -4.71871 -0.000166776 -3.3684 1.85538e+18 0.000727975 762 538.92 -9412.72 0 0 -0.0459727 0 0 -276.777 0 0 -3.53147e-15 0 0 
1508.37 0.00882627 -4.71876 -0.000166783 -3.36871 1.85843e+18 0.00073523 762 538.92 -9146.09 0 0 -0.0459727 0 0 -276.777 0 0 -3.53151e-15 0 0 
1508.43 0.00877663 -4.71881 -0.00016679 -3.36901 1.86141e+18 0.000742512 762 538.92 -8885.75 0 0 -0.0459727 0 0 -276.777 0 0 -3.53154e-15 0 0 
1508.48 0.00872841 -4.71886 -0.000166796 -3.36932 1.8643e+18 0.000749821 762 538.92 -8631.52 0 0 -0.0459727 0 0 -276.777 0 0 -3.53157e-15 0 0 
1508.54 0.00868157 -4.7189 -0.000166803 -3.36961 1.86711e+18 0.000757158 762 538.92 -8383.23 0 0 -0.0459727 0 0 -276.777 0 0 -3.5316e-15 0 0 
1508.59 0.00863608 -4.71895 -0.00016681 -3.36991 1.86985e+18 0.00076452 762 538.92 -8140.71 0 0 -0.0459727 0 0 -276.777 0 0 -3.53163e-15 0 0 
1508.65 0.00859191 -4.71899 -0.000166816 -3.3702 1.87251e+18 0.00077191 762 538.92 -7903.79 0 0 -0.0459727 0 0 -276.777 0 0 -3.53167e-15 0 0 
1508.7 0.00854903 -4.71903 -0.000166823 -3.37049 1.87509e+18 0.000779325 762 538.92 -7672.31 0 0 -0.0459727 0 0 -276.777 0 0 -3.5317e-15 0 0 
1508.76 0.00850742 -4.71908 -0.00016683 -3.37078 1.8776e+18 0.000786767 762 538.92 -7446.11 0 0 -0.0459727 0 0 -276.777 0 0 -3.53173e-15 0 0 
1508.81 0.00846703 -4.71912 -0.000166836 -3.37107 1.88004e+18 0.000794234 762 538.92 -7225.03 0 0 -0.0459727 0 0 -276.777 0 0 -3.53177e-15 0 0 
1508.87 0.00842784 -4.71916 -0.000166843 -3.37135 1.88241e+18 0.000801727 762 538.92 -7008.93 0 0 -0.0459727 0 0 -276.777 0 0 -3.5318e-15 0 0 
1508.92 0.00838984 -4.71919 -0.00016685 -3.37163 1.88471e+18 0.000809245 762 538.92 -6797.65 0 0 -0.0459727 0 0 -276.777 0 0 -3.53183e-15 0 0 
1508.98 0.00835298 -4.71923 -0.000166856 -3.3719 1.88695e+18 0.000816789 762 538.92 -6591.05 0 0 -0.0459727 0 0 -276.777 0 0 -3.53187e-15 0 0 
1509.03 0.00831725 -4.71927 -0.000166863 -3.37218 1.88911e+18 0.000824358 762 538.92 -6388.98 0 0 -0.0459727 0 0 -276.777 0 0 -3.5319e-15 0 0 
1509.09 0.00828262 -4.7193 -0.000166869 -3.37245 1.89122e+18 0.000831951 762 538.92 -6191.31 0 0 -0.0459727 0 0 -276.777 0 0 -3.53194e-15 0 0 
1509.14 0.00824906 -4.71933 -0.000166876 -3.37272 1.89326e+18 0.00083957 762 538.92 -5997.9 0 0 -0.0459727 0 0 -276.777 0 0 -3.53197e-15 0 0 
1509.2 0.00821656 -4.71937 -0.000166883 -3.37298 1.89523e+18 0.000847213 762 538.92 -5808.63 0 0 -0.0459727 0 0 -276.777 0 0 -3.53201e-15 0 0 
1509.25 0.00818509 -4.7194 -0.000166889 -3.37325 1.89715e+18 0.000854881 762 538.92 -5623.35 0 0 -0.0459727 0 0 -276.777 0 0 -3.53205e-15 0 0 
1509.31 0.00815463 -4.71943 -0.000166896 -3.37351 1.899e+18 0.000862573 762 538.92 -5441.94 0 0 -0.0459727 0 0 -276.777 0 0 -3.53208e-15 0 0 
1509.36 0.00812516 -4.71946 -0.000166902 -3.37377 1.9008e+18 0.000870289 762 538.92 -5264.28 0 0 -0.0459727 0 0 -276.777 0 0 -3.53212e-15 0 0 
1509.42 0.00809665 -4.71949 -0.000166909 -3.37403 1.90254e+18 0.00087803 762 538.92 -5090.24 0 0 -0.0459727 0 0 -276.777 0 0 -3.53216e-15 0 0 
1509.47 0.0080691 -4.71951 -0.000166916 -3.37428 1.90422e+18 0.000885794 762 538.92 -4919.71 0 0 -0.0459727 0 0 -276.777 0 0 -3.53219e-15 0 0 
1509.53 0.00804247 -4.71954 -0.000166922 -3.37454 1.90585e+18 0.000893582 762 538.92 -4752.57 0 0 -0.0459727 0 0 -276.777 0 0 -3.53223e-15 0 0 
1509.58 0.00801676 -4.71957 -0.000166929 -3.37479 1.90742e+18 0.000901394 762 538.92 -4588.7 0 0 -0.0459727 0 0 -276.777 0 0 -3.53227e-15 0 0 
1509.64 0.00799193 -4.71959 -0.000166935 -3.37504 1.90894e+18 0.00090923 762 538.92 -4427.99 0 0 -0.0459727 0 0 -276.777 0 0 -3.53231e-15 0 0 
1509.69 0.00796799 -4.71962 -0.000166942 -3.37528 1.91041e+18 0.000917089 762 538.92 -4270.32 0 0 -0.0459727 0 0 -276.777 0 0 -3.53235e-15 0 0 
1509.75 0.0079449 -4.71964 -0.000166948 -3.37553 1.91182e+18 0.000924972 762 538.92 -4115.6 0 0 -0.0459727 0 0 -276.777 0 0 -3.53239e-15 0 0 
1509.8 0.00792266 -4.71966 -0.000166955 -3.37577 1.91318e+18 0.000932878 762 538.92 -3963.71 0 0 -0.0459727 0 0 -276.777 0 0 -3.53243e-15 0 0 
1509.86 0.00790125 -4.71968 -0.000166961 -3.37601 1.9145e+18 0.000940808 762 538.92 -3814.56 0 0 -0.0459727 0 0 -276.777 0 0 -3.53247e-15 0 0 
1509.91 0.00788065 -4.7197 -0.000166968 -3.37625 1.91576e+18 0.000948761 762 538.92 -3668.03 0 0 -0.0459727 0 0 -276.777 0 0 -3.53251e-15 0 0 
1509.97 0.00786085 -4.71972 -0.000166974 -3.37648 1.91698e+18 0.000956737 762 538.92 -3524.02 0 0 -0.0459727 0 0 -276.777 0 0 -3.53255e-15 0 0 
1510.02 0.00784184 -4.71974 -0.000166981 -3.37672 1.91814e+18 0.000964737 762 538.92 -3382.44 0 0 -0.0459727 0 0 -276.777 0 0 -3.53259e-15 0 0 
1510.08 0.0078236 -4.71976 -0.000166987 -3.37695 1.91927e+18 0.000972759 762 538.92 -3243.2 0 0 -0.0459727 0 0 -276.777 0 0 -3.53263e-15 0 0 
1510.13 0.00780612 -4.71978 -0.000166994 -3.37718 1.92034e+18 0.000980805 762 538.92 -3106.18 0 0 -0.0459727 0 0 -276.777 0 0 -3.53267e-15 0 0 
1510.19 0.00778939 -4.71979 -0.000167 -3.37741 1.92137e+18 0.000988875 762 538.92 -2971.31 0 0 -0.0459727 0 0 -276.777 0 0 -3.53271e-15 0 0 
1510.24 0.0077734 -4.71981 -0.000167007 -3.37764 1.92235e+18 0.000996967 762 538.92 -2838.48 0 0 -0.0459727 0 0 -276.777 0 0 -3.53276e-15 0 0 
1510.3 0.00775813 -4.71983 -0.000167013 -3.37786 1.92329e+18 0.00100508 762 538.92 -2707.61 0 0 -0.0459727 0 0 -276.777 0 0 -3.5328e-15 0 0 
1510.35 0.00774358 -4.71984 -0.00016702 -3.37808 1.92419e+18 0.00101322 762 538.92 -2578.6 0 0 -0.0459727 0 0 -276.777 0 0 -3.53284e-15 0 0 
1510.41 0.00772973 -4.71985 -0.000167026 -3.37831 1.92504e+18 0.00102138 762 538.92 -2451.36 0 0 -0.0459727 0 0 -276.777 0 0 -3.53288e-15 0 0 
1510.46 0.00771658 -4.71987 -0.000167033 -3.37852 1.92585e+18 0.00102957 762 538.92 -2325.82 0 0 -0.0459727 0 0 -276.777 0 0 -3.53293e-15 0 0 
1510.52 0.00770412 -4.71988 -0.000167039 -3.37874 1.92662e+18 0.00103778 762 538.92 -2201.88 0 0 -0.0459727 0 0 -276.777 0 0 -3.53297e-15 0 0 
1510.57 0.00769233 -4.71989 -0.000167046 -3.37896 1.92735e+18 0.00104601 762 538.92 -2079.45 0 0 -0.0459727 0 0 -276.777 0 0 -3.53302e-15 0 0 
1510.63 0.00768122 -4.7199 -0.000167052 -3.37917 1.92803e+18 0.00105427 762 538.92 -1958.46 0 0 -0.0459727 0 0 -276.777 0 0 -3.53306e-15 0 0 
1510.68 0.00767077 -4.71991 -0.000167059 -3.37939 1.92868e+18 0.00106255 762 538.92 -1838.82 0 0 -0.0459727 0 0 -276.777 0 0 -3.53311e-15 0 0 
1510.74 0.00766097 -4.71992 -0.000167065 -3.3796 1.92928e+18 0.00107085 762 538.92 -1720.44 0 0 -0.0459727 0 0 -276.777 0 0 -3.53315e-15 0 0 
1510.79 0.00765182 -4.71993 -0.000167072 -3.37981 1.92985e+18 0.00107918 762 538.92 -1603.24 0 0 -0.0459727 0 0 -276.777 0 0 -3.5332e-15 0 0 
1510.85 0.00764331 -4.71994 -0.000167078 -3.38001 1.93037e+18 0.00108753 762 538.92 -1487.15 0 0 -0.0459727 0 0 -276.777 0 0 -3.53324e-15 0 0 
1510.9 0.00763544 -4.71995 -0.000167085 -3.38022 1.93086e+18 0.00109591 762 538.92 -1372.09 0 0 -0.0459727 0 0 -276.777 0 0 -3.53329e-15 0 0 
1510.96 0.0076282 -4.71996 -0.000167091 -3.38042 1.93131e+18 0.00110431 762 538.92 -1257.97 0 0 -0.0459727 0 0 -276.777 0 0 -3.53334e-15 0 0 
1511.01 0.00762159 -4.71996 -0.000167097 -3.38063 1.93172e+18 0.00111274 762 538.92 -1144.72 0 0 -0.0459727 0 0 -276.777 0 0 -3.53338e-15 0 0 
1511.07 0.00761559 -4.71997 -0.000167104 -3.38083 1.93209e+18 0.00112119 762 538.92 -1032.25 0 0 -0.0459727 0 0 -276.777 0 0 -3.53343e-15 0 0 
1511.12 0.00761022 -4.71997 -0.00016711 -3.38103 1.93242e+18 0.00112966 762 538.92 -920.495 0 0 -0.0459727 0 0 -276.777 0 0 -3.53348e-15 0 0 
1511.18 0.00760545 -4.71998 -0.000167117 -3.38123 1.93271e+18 0.00113816 762 538.92 -809.373 0 0 -0.0459727 0 0 -276.777 0 0 -3.53353e-15 0 0 
1511.23 0.0076013 -4.71998 -0.000167123 -3.38143 1.93297e+18 0.00114669 762 538.92 -698.809 0 0 -0.0459727 0 0 -276.777 0 0 -3.53358e-15 0 0 
1511.29 0.00759776 -4.71999 -0.00016713 -3.38162 1.93319e+18 0.00115524 762 538.92 -588.725 0 0 -0.0459727 0 0 -276.777 0 0 -3.53362e-15 0 0 
1511.34 0.00759482 -4.71999 -0.000167136 -3.38181 1.93337e+18 0.00116382 762 538.92 -479.046 0 0 -0.0459727 0 0 -276.777 0 0 -3.53367e-15 0 0 
1511.4 0.00759248 -4.71999 -0.000167143 -3.38201 1.93351e+18 0.00117242 762 538.92 -369.697 0 0 -0.0459727 0 0 -276.777 0 0 -3.53372e-15 0 0 
1511.45 0.00759075 -4.71999 -0.000167149 -3.3822 1.93362e+18 0.00118106 762 538.92 -260.601 0 0 -0.0459727 0 0 -276.777 0 0 -3.53377e-15 0 0 
1511.51 0.00758961 -4.71999 -0.000167156 -3.38239 1.93369e+18 0.00118972 762 538.92 -151.685 0 0 -0.0459727 0 0 -276.777 0 0 -3.53382e-15 0 0 
1511.56 0.00758908 -4.71999 -0.000167162 -3.38258 1.93372e+18 0.0011984 762 538.92 -42.872 0 0 -0.0459727 0 0 -276.777 0 0 -3.53387e-15 0 0 
1511.62 0.00758914 -4.71999 -0.000167169 -3.38276 1.93372e+18 0.00120712 762 538.92 65.9121 0 0 -0.0459727 0 0 -276.777 0 0 -3.53393e-15 0 0 
1511.67 0.0075898 -4.71999 -0.000167175 -3.38295 1.93368e+18 0.00121586 762 538.92 174.742 0 0 -0.0459727 0 0 -276.777 0 0 -3.53398e-15 0 0 
1511.73 0.00759107 -4.71999 -0.000167181 -3.38314 1.9336e+18 0.00122463 762 538.92 283.694 0 0 -0.0459727 0 0 -276.777 0 0 -3.53403e-15 0 0 
1511.78 0.00759293 -4.71999 -0.000167188 -3.38332 1.93348e+18 0.00123343 762 538.92 392.842 0 0 -0.0459727 0 0 -276.777 0 0 -3.53408e-15 0 0 
1511.84 0.00759539 -4.71999 -0.000167194 -3.3835 1.93333e+18 0.00124226 762 538.92 502.261 0 0 -0.0459727 0 0 -276.777 0 0 -3.53413e-15 0 0 
1511.89 0.00759846 -4.71999 -0.000167201 -3.38368 1.93314e+18 0.00125112 762 538.92 612.028 0 0 -0.0459727 0 0 -276.777 0 0 -3.53419e-15 0 0 
1511.95 0.00760213 -4.71998 -0.000167207 -3.38386 1.93291e+18 0.00126001 762 538.92 722.217 0 0 -0.0459727 0 0 -276.777 0 0 -3.53424e-15 0 0 
1512 0.00760641 -4.71998 -0.000167214 -3.38404 1.93265e+18 0.00126893 762 538.92 832.905 0 0 -0.0459727 0 0 -276.777 0 0 -3.53429e-15 0 0 
1512.06 0.0076113 -4.71997 -0.00016722 -3.38422 1.93234e+18 0.00127788 762 538.92 944.167 0 0 -0.0459727 0 0 -276.777 0 0 -3.53435e-15 0 0 
1512.11 0.00761681 -4.71997 -0.000167227 -3.38439 1.932e+18 0.00128687 762 538.92 1056.08 0 0 -0.0459727 0 0 -276.777 0 0 -3.5344e-15 0 0 
1512.17 0.00762294 -4.71996 -0.000167233 -3.38457 1.93162e+18 0.00129589 762 538.92 1168.72 0 0 -0.0459727 0 0 -276.777 0 0 -3.53446e-15 0 0 
1512.22 0.00762968 -4.71995 -0.00016724 -3.38474 1.93121e+18 0.00130494 762 538.92 1282.17 0 0 -0.0459727 0 0 -276.777 0 0 -3.53451e-15 0 0 
1512.28 0.00763706 -4.71995 -0.000167246 -3.38491 1.93075e+18 0.00131403 762 538.92 1396.51 0 0 -0.0459727 0 0 -276.777 0 0 -3.53457e-15 0 0 
1512.33 0.00764506 -4.71994 -0.000167253 -3.38508 1.93026e+18 0.00132315 762 538.92 1511.8 0 0 -0.0459727 0 0 -276.777 0 0 -3.53463e-15 0 0 
1512.39 0.00765371 -4.71993 -0.000167259 -3.38525 1.92972e+18 0.00133231 762 538.92 1628.14 0 0 -0.0459727 0 0 -276.777 0 0 -3.53468e-15 0 0 
1512.44 0.00766299 -4.71992 -0.000167265 -3.38542 1.92915e+18 0.0013415 762 538.92 1745.61 0 0 -0.0459727 0 0 -276.777 0 0 -3.53474e-15 0 0 
1512.5 0.00767293 -4.71991 -0.000167272 -3.38559 1.92853e+18 0.00135073 762 538.92 1864.27 0 0 -0.0459727 0 0 -276.777 0 0 -3.5348e-15 0 0 
1512.56 0.00768353 -4.7199 -0.000167278 -3.38575 1.92788e+18 0.00136 762 538.92 1984.22 0 0 -0.0459727 0 0 -276.777 0 0 -3.53485e-15 0 0 
1512.61 0.00769478 -4.71989 -0.000167285 -3.38592 1.92718e+18 0.00136931 762 538.92 2105.54 0 0 -0.0459727 0 0 -276.777 0 0 -3.53491e-15 0 0 
1512.67 0.00770671 -4.71988 -0.000167291 -3.38608 1.92645e+18 0.00137866 762 538.92 2228.32 0 0 -0.0459727 0 0 -276.777 0 0 -3.53497e-15 0 0 
1512.72 0.00771932 -4.71986 -0.000167298 -3.38625 1.92567e+18 0.00138805 762 538.92 2352.62 0 0 -0.0459727 0 0 -276.777 0 0 -3.53503e-15 0 0 
1512.78 0.00773262 -4.71985 -0.000167304 -3.38641 1.92485e+18 0.00139748 762 538.92 2478.55 0 0 -0.0459727 0 0 -276.777 0 0 -3.53509e-15 0 0 
1512.83 0.00774662 -4.71984 -0.000167311 -3.38657 1.92398e+18 0.00140695 762 538.92 2606.19 0 0 -0.0459727 0 0 -276.777 0 0 -3.53515e-15 0 0 
1512.89 0.00776133 -4.71982 -0.000167317 -3.38673 1.92308e+18 0.00141647 762 538.92 2735.63 0 0 -0.0459727 0 0 -276.777 0 0 -3.53521e-15 0 0 
1512.94 0.00777675 -4.71981 -0.000167324 -3.38689 1.92213e+18 0.00142604 762 538.92 2866.95 0 0 -0.0459727 0 0 -276.777 0 0 -3.53527e-15 0 0 
1513 0.0077929 -4.71979 -0.00016733 -3.38704 1.92113e+18 0.00143565 762 538.92 3000.25 0 0 -0.0459727 0 0 -276.777 0 0 -3.53533e-15 0 0 
1513.05 0.00780979 -4.71977 -0.000167337 -3.3872 1.92009e+18 0.0014453 762 538.92 3135.61 0 0 -0.0459727 0 0 -276.777 0 0 -3.53539e-15 0 0 
1513.11 0.00782743 -4.71976 -0.000167343 -3.38736 1.91901e+18 0.00145501 762 538.92 3273.14 0 0 -0.0459727 0 0 -276.777 0 0 -3.53545e-15 0 0 
1513.16 0.00784584 -4.71974 -0.00016735 -3.38751 1.91788e+18 0.00146476 762 538.92 3412.92 0 0 -0.0459727 0 0 -276.777 0 0 -3.53551e-15 0 0 
1513.22 0.00786502 -4.71972 -0.000167356 -3.38766 1.9167e+18 0.00147457 762 538.92 3555.06 0 0 -0.0459727 0 0 -276.777 0 0 -3.53558e-15 0 0 
1513.27 0.00788499 -4.7197 -0.000167363 -3.38782 1.91547e+18 0.00148443 762 538.92 3699.64 0 0 -0.0459727 0 0 -276.777 0 0 -3.53564e-15 0 0 
1513.33 0.00790577 -4.71968 -0.000167369 -3.38797 1.91419e+18 0.00149434 762 538.92 3846.78 0 0 -0.0459727 0 0 -276.777 0 0 -3.5357e-15 0 0 
1513.38 0.00792736 -4.71966 -0.000167376 -3.38812 1.91287e+18 0.00150431 762 538.92 3996.56 0 0 -0.0459727 0 0 -276.777 0 0 -3.53577e-15 0 0 
1513.44 0.00794978 -4.71963 -0.000167382 -3.38827 1.91149e+18 0.00151434 762 538.92 4149.1 0 0 -0.0459727 0 0 -276.777 0 0 -3.53583e-15 0 0 
1513.49 0.00797305 -4.71961 -0.000167389 -3.38841 1.91007e+18 0.00152442 762 538.92 4304.5 0 0 -0.0459727 0 0 -276.777 0 0 -3.5359e-15 0 0 
1513.55 0.00799719 -4.71959 -0.000167395 -3.38856 1.90859e+18 0.00153457 762 538.92 4462.87 0 0 -0.0459727 0 0 -276.777 0 0 -3.53596e-15 0 0 
1513.6 0.0080222 -4.71956 -0.000167402 -3.38871 1.90706e+18 0.00154478 762 538.92 4624.31 0 0 -0.0459727 0 0 -276.777 0 0 -3.53603e-15 0 0 
1513.66 0.00804812 -4.71954 -0.000167409 -3.38885 1.90547e+18 0.00155505 762 538.92 4788.93 0 0 -0.0459727 0 0 -276.777 0 0 -3.53609e-15 0 0 
1513.71 0.00807494 -4.71951 -0.000167415 -3.389 1.90383e+18 0.00156539 762 538.92 4956.86 0 0 -0.0459727 0 0 -276.777 0 0 -3.53616e-15 0 0 
1513.77 0.00810271 -4.71948 -0.000167422 -3.38914 1.90214e+18 0.00157579 762 538.92 5128.19 0 0 -0.0459727 0 0 -276.777 0 0 -3.53623e-15 0 0 
1513.82 0.00813142 -4.71945 -0.000167428 -3.38928 1.90039e+18 0.00158627 762 538.92 5303.07 0 0 -0.0459727 0 0 -276.777 0 0 -3.53629e-15 0 0 
1513.88 0.00816111 -4.71942 -0.000167435 -3.38943 1.89858e+18 0.00159681 762 538.92 5481.59 0 0 -0.0459727 0 0 -276.777 0 0 -3.53636e-15 0 0 
1513.93 0.00819179 -4.71939 -0.000167441 -3.38957 1.89671e+18 0.00160743 762 538.92 5663.89 0 0 -0.0459727 0 0 -276.777 0 0 -3.53643e-15 0 0 
1513.99 0.00822349 -4.71936 -0.000167448 -3.38971 1.89478e+18 0.00161813 762 538.92 5850.09 0 0 -0.0459727 0 0 -276.777 0 0 -3.5365e-15 0 0 
1514.04 0.00825622 -4.71933 -0.000167455 -3.38985 1.89279e+18 0.0016289 762 538.92 6040.32 0 0 -0.0459727 0 0 -276.777 0 0 -3.53657e-15 0 0 
1514.1 0.00829001 -4.71929 -0.000167461 -3.38998 1.89073e+18 0.00163976 762 538.92 6234.71 0 0 -0.0459727 0 0 -276.777 0 0 -3.53664e-15 0 0 
1514.15 0.00832489 -4.71926 -0.000167468 -3.39012 1.88861e+18 0.0016507 762 538.92 6433.39 0 0 -0.0459727 0 0 -276.777 0 0 -3.53671e-15 0 0 
1514.21 0.00836086 -4.71922 -0.000167474 -3.39026 1.88643e+18 0.00166172 762 538.92 6636.51 0 0 -0.0459727 0 0 -276.777 0 0 -3.53678e-15 0 0 
1514.26 0.00839797 -4.71919 -0.000167481 -3.39039 1.88418e+18 0.00167284 762 538.92 6844.19 0 0 -0.0459727 0 0 -276.777 0 0 -3.53685e-15 0 0 
1514.32 0.00843624 -4.71915 -0.000167488 -3.39053 1.88187e+18 0.00168404 762 538.92 7056.58 0 0 -0.0459727 0 0 -276.777 0 0 -3.53692e-15 0 0 
1514.37 0.00847569 -4.71911 -0.000167494 -3.39066 1.87948e+18 0.00169534 762 538.92 7273.84 0 0 -0.0459727 0 0 -276.777 0 0 -3.53699e-15 0 0 
1514.43 0.00851635 -4.71907 -0.000167501 -3.39079 1.87702e+18 0.00170674 762 538.92 7496.1 0 0 -0.0459727 0 0 -276.777 0 0 -3.53706e-15 0 0 
1514.48 0.00855825 -4.71903 -0.000167508 -3.39092 1.8745e+18 0.00171823 762 538.92 7723.52 0 0 -0.0459727 0 0 -276.777 0 0 -3.53714e-15 0 0 
1514.54 0.00860141 -4.71898 -0.000167514 -3.39105 1.87189e+18 0.00172983 762 538.92 7956.25 0 0 -0.0459727 0 0 -276.777 0 0 -3.53721e-15 0 0 
1514.59 0.00864587 -4.71894 -0.000167521 -3.39118 1.86922e+18 0.00174154 762 538.92 8194.46 0 0 -0.0459727 0 0 -276.777 0 0 -3.53728e-15 0 0 
1514.65 0.00869166 -4.71889 -0.000167528 -3.39131 1.86646e+18 0.00175336 762 538.92 8438.32 0 0 -0.0459727 0 0 -276.777 0 0 -3.53736e-15 0 0 
1514.7 0.0087388 -4.71884 -0.000167534 -3.39144 1.86363e+18 0.00176529 762 538.92 8687.98 0 0 -0.0459727 0 0 -276.777 0 0 -3.53743e-15 0 0 
1514.76 0.00878734 -4.7188 -0.000167541 -3.39157 1.86072e+18 0.00177733 762 538.92 8943.61 0 0 -0.0459727 0 0 -276.777 0 0 -3.53751e-15 0 0 
1514.81 0.0088373 -4.71875 -0.000167548 -3.39169 1.85773e+18 0.0017895 762 538.92 9205.41 0 0 -0.0459727 0 0 -276.777 0 0 -3.53758e-15 0 0 
1514.87 0.00888872 -4.71869 -0.000167554 -3.39182 1.85465e+18 0.0018018 762 538.92 9473.53 0 0 -0.0459727 0 0 -276.777 0 0 -3.53766e-15 0 0 
1514.92 0.00894164 -4.71864 -0.000167561 -3.39195 1.85149e+18 0.00181422 762 538.92 9748.18 0 0 -0.0459727 0 0 -276.777 0 0 -3.53774e-15 0 0 
1514.98 0.00899608 -4.71859 -0.000167568 -3.39207 1.84824e+18 0.00182678 762 538.92 10029.5 0 0 -0.0459727 0 0 -276.777 0 0 -3.53781e-15 0 0 
1515.03 0.00905209 -4.71853 -0.000167575 -3.39219 1.84491e+18 0.00183947 762 538.92 10317.8 0 0 -0.0459727 0 0 -276.777 0 0 -3.53789e-15 0 0 
1515.09 0.00910971 -4.71847 -0.000167581 -3.39231 1.84148e+18 0.00185231 762 538.92 10613.1 0 0 -0.0459727 0 0 -276.777 0 0 -3.53797e-15 0 0 
1515.14 0.00916898 -4.71841 -0.000167588 -3.39244 1.83796e+18 0.00186529 762 538.92 10915.8 0 0 -0.0459727 0 0 -276.777 0 0 -3.53805e-15 0 0 
1515.2 0.00922993 -4.71835 -0.000167595 -3.39256 1.83435e+18 0.00187843 762 538.92 11225.9 0 0 -0.0459727 0 0 -276.777 0 0 -3.53813e-15 0 0 
1515.25 0.00929261 -4.71829 -0.000167602 -3.39268 1.83064e+18 0.00189173 762 538.92 11543.8 0 0 -0.0459727 0 0 -276.777 0 0 -3.53821e-15 0 0 
1515.31 0.00935706 -4.71823 -0.000167609 -3.39279 1.82683e+18 0.00190518 762 538.92 11869.6 0 0 -0.0459727 0 0 -276.777 0 0 -3.53829e-15 0 0 
1515.36 0.00942333 -4.71816 -0.000167616 -3.39291 1.82293e+18 0.00191881 762 538.92 12203.6 0 0 -0.0459727 0 0 -276.777 0 0 -3.53837e-15 0 0 
1515.42 0.00949146 -4.71809 -0.000167622 -3.39303 1.81892e+18 0.00193261 762 538.92 12545.9 0 0 -0.0459727 0 0 -276.777 0 0 -3.53845e-15 0 0 
1515.47 0.0095615 -4.71802 -0.000167629 -3.39315 1.8148e+18 0.00194659 762 538.92 12896.9 0 0 -0.0459727 0 0 -276.777 0 0 -3.53854e-15 0 0 
1515.53 0.0096335 -4.71795 -0.000167636 -3.39326 1.81058e+18 0.00196075 762 538.92 13256.8 0 0 -0.0459727 0 0 -276.777 0 0 -3.53862e-15 0 0 
1515.58 0.0097075 -4.71788 -0.000167643 -3.39338 1.80625e+18 0.00197511 762 538.92 13625.7 0 0 -0.0459727 0 0 -276.777 0 0 -3.5387e-15 0 0 
1515.64 0.00978356 -4.7178 -0.00016765 -3.39349 1.80181e+18 0.00198967 762 538.92 14004 0 0 -0.0459727 0 0 -276.777 0 0 -3.53879e-15 0 0 
1515.69 0.00986173 -4.71772 -0.000167657 -3.3936 1.79725e+18 0.00200444 762 538.92 14392 0 0 -0.0459727 0 0 -276.777 0 0 -3.53887e-15 0 0 
1515.75 0.00994207 -4.71764 -0.000167664 -3.39371 1.79258e+18 0.00201941 762 538.92 14789.8 0 0 -0.0459727 0 0 -276.777 0 0 -3.53896e-15 0 0 
1515.8 0.0100246 -4.71756 -0.000167671 -3.39383 1.78779e+18 0.00203461 762 538.92 15197.8 0 0 -0.0459727 0 0 -276.777 0 0 -3.53904e-15 0 0 
1515.86 0.0101094 -4.71747 -0.000167678 -3.39394 1.78288e+18 0.00205004 762 538.92 15616.3 0 0 -0.0459727 0 0 -276.777 0 0 -3.53913e-15 0 0 
1515.91 0.0101966 -4.71739 -0.000167685 -3.39405 1.77784e+18 0.00206571 762 538.92 16045.4 0 0 -0.0459727 0 0 -276.777 0 0 -3.53922e-15 0 0 
1515.97 0.0102862 -4.7173 -0.000167692 -3.39415 1.77268e+18 0.00208162 762 538.92 16485.6 0 0 -0.0459727 0 0 -276.777 0 0 -3.53931e-15 0 0 
1516.02 0.0103782 -4.71721 -0.000167699 -3.39426 1.76739e+18 0.00209778 762 538.92 16937.1 0 0 -0.0459727 0 0 -276.777 0 0 -3.53939e-15 0 0 
1516.08 0.0104727 -4.71711 -0.000167706 -3.39437 1.76198e+18 0.00211421 762 538.92 17400.3 0 0 -0.0459727 0 0 -276.777 0 0 -3.53948e-15 0 0 
1516.13 0.0105698 -4.71701 -0.000167713 -3.39448 1.75642e+18 0.00213091 762 538.92 17875.4 0 0 -0.0459727 0 0 -276.777 0 0 -3.53957e-15 0 0 
1516.19 0.0106696 -4.71691 -0.00016772 -3.39458 1.75073e+18 0.00214789 762 538.92 18362.7 0 0 -0.0459727 0 0 -276.777 0 0 -3.53967e-15 0 0 
1516.24 0.010772 -4.71681 -0.000167727 -3.39469 1.74491e+18 0.00216517 762 538.92 18862.7 0 0 -0.0459727 0 0 -276.777 0 0 -3.53976e-15 0 0 
1516.3 0.0108773 -4.71671 -0.000167735 -3.39479 1.73894e+18 0.00218275 762 538.92 19375.6 0 0 -0.0459727 0 0 -276.777 0 0 -3.53985e-15 0 0 
1516.35 0.0109854 -4.7166 -0.000167742 -3.39489 1.73282e+18 0.00220065 762 538.92 19901.8 0 0 -0.0459727 0 0 -276.777 0 0 -3.53994e-15 0 0 
1516.41 0.0110965 -4.71649 -0.000167749 -3.395 1.72656e+18 0.00221887 762 538.92 20441.7 0 0 -0.0459727 0 0 -276.777 0 0 -3.54004e-15 0 0 
1516.46 0.0112105 -4.71637 -0.000167756 -3.3951 1.72015e+18 0.00223743 762 538.92 20995.6 0 0 -0.0459727 0 0 -276.777 0 0 -3.54013e-15 0 0 
1516.52 0.0113277 -4.71626 -0.000167763 -3.3952 1.71359e+18 0.00225634 762 538.92 21563.9 0 0 -0.0459727 0 0 -276.777 0 0 -3.54023e-15 0 0 
1516.57 0.011448 -4.71614 -0.000167771 -3.3953 1.70687e+18 0.00227562 762 538.92 22147 0 0 -0.0459727 0 0 -276.777 0 0 -3.54032e-15 0 0 
1516.63 0.0115716 -4.71601 -0.000167778 -3.3954 1.7e+18 0.00229527 762 538.92 22745.3 0 0 -0.0459727 0 0 -276.777 0 0 -3.54042e-15 0 0 
1516.69 0.0116985 -4.71589 -0.000167785 -3.39549 1.69296e+18 0.00231532 762 538.92 23359.2 0 0 -0.0459727 0 0 -276.777 0 0 -3.54052e-15 0 0 
1516.74 0.0118289 -4.71575 -0.000167793 -3.39559 1.68576e+18 0.00233578 762 538.92 23989.1 0 0 -0.0459727 0 0 -276.777 0 0 -3.54062e-15 0 0 
1516.8 0.0119627 -4.71562 -0.0001678 -3.39569 1.67839e+18 0.00235666 762 538.92 24635.4 0 0 -0.0459727 0 0 -276.777 0 0 -3.54072e-15 0 0 
1516.85 0.0121002 -4.71548 -0.000167808 -3.39578 1.67085e+18 0.00237797 762 538.92 25298.7 0 0 -0.0459727 0 0 -276.777 0 0 -3.54082e-15 0 0 
1516.91 0.0122413 -4.71534 -0.000167815 -3.39588 1.66314e+18 0.00239975 762 538.92 25979.3 0 0 -0.0459727 0 0 -276.777 0 0 -3.54092e-15 0 0 
1516.96 0.0123863 -4.7152 -0.000167823 -3.39597 1.65525e+18 0.002422 762 538.92 26677.7 0 0 -0.0459727 0 0 -276.777 0 0 -3.54102e-15 0 0 
1517.02 0.0125352 -4.71505 -0.00016783 -3.39606 1.64718e+18 0.00244474 762 538.92 27394.4 0 0 -0.0459727 0 0 -276.777 0 0 -3.54113e-15 0 0 
1517.07 0.012688 -4.7149 -0.000167838 -3.39615 1.63893e+18 0.002468 762 538.92 28129.9 0 0 -0.0459727 0 0 -276.777 0 0 -3.54123e-15 0 0 
1517.13 0.012845 -4.71474 -0.000167845 -3.39625 1.6305e+18 0.00249179 762 538.92 28884.6 0 0 -0.0459727 0 0 -276.777 0 0 -3.54134e-15 0 0 
1517.18 0.0130061 -4.71458 -0.000167853 -3.39634 1.62188e+18 0.00251613 762 538.92 29659.2 0 0 -0.0459727 0 0 -276.777 0 0 -3.54144e-15 0 0 
1517.24 0.0131716 -4.71441 -0.000167861 -3.39643 1.61307e+18 0.00254105 762 538.92 30454 0 0 -0.0459727 0 0 -276.777 0 0 -3.54155e-15 0 0 
1517.29 0.0133415 -4.71424 -0.000167869 -3.39651 1.60406e+18 0.00256657 762 538.92 31269.8 0 0 -0.0459727 0 0 -276.777 0 0 -3.54166e-15 0 0 
1517.35 0.013516 -4.71407 -0.000167876 -3.3966 1.59486e+18 0.00259271 762 538.92 32106.9 0 0 -0.0459727 0 0 -276.777 0 0 -3.54177e-15 0 0 
1517.4 0.0136951 -4.71389 -0.000167884 -3.39669 1.58546e+18 0.0026195 762 538.92 32966.1 0 0 -0.0459727 0 0 -276.777 0 0 -3.54188e-15 0 0 
1517.46 0.013879 -4.7137 -0.000167892 -3.39677 1.57586e+18 0.00264697 762 538.92 33847.8 0 0 -0.0459727 0 0 -276.777 0 0 -3.54199e-15 0 0 
1517.51 0.0140679 -4.71352 -0.0001679 -3.39686 1.56605e+18 0.00267514 762 538.92 34752.7 0 0 -0.0459727 0 0 -276.777 0 0 -3.5421e-15 0 0 
1517.57 0.0142618 -4.71332 -0.000167908 -3.39694 1.55603e+18 0.00270405 762 538.92 35681.4 0 0 -0.0459727 0 0 -276.777 0 0 -3.54222e-15 0 0 
1517.62 0.0144609 -4.71312 -0.000167916 -3.39703 1.54581e+18 0.00273372 762 538.92 36634.5 0 0 -0.0459727 0 0 -276.777 0 0 -3.54233e-15 0 0 
1517.68 0.0146652 -4.71292 -0.000167924 -3.39711 1.53537e+18 0.00276419 762 538.92 37612.7 0 0 -0.0459727 0 0 -276.777 0 0 -3.54245e-15 0 0 
1517.73 0.0148751 -4.71271 -0.000167932 -3.39719 1.52472e+18 0.00279549 762 538.92 38616.7 0 0 -0.0459727 0 0 -276.777 0 0 -3.54257e-15 0 0 
1517.79 0.0150905 -4.71249 -0.000167941 -3.39727 1.51384e+18 0.00282766 762 538.92 39647.1 0 0 -0.0459727 0 0 -276.777 0 0 -3.54269e-15 0 0 
1517.84 0.0153117 -4.71227 -0.000167949 -3.39735 1.50275e+18 0.00286073 762 538.92 40704.6 0 0 -0.0459727 0 0 -276.777 0 0 -3.54281e-15 0 0 
1517.9 0.0155388 -4.71204 -0.000167957 -3.39743 1.49143e+18 0.00289475 762 538.92 41790 0 0 -0.0459727 0 0 -276.777 0 0 -3.54293e-15 0 0 
1517.95 0.015772 -4.71181 -0.000167966 -3.3975 1.47989e+18 0.00292975 762 538.92 42904 0 0 -0.0459727 0 0 -276.777 0 0 -3.54306e-15 0 0 
1518.01 0.0160113 -4.71157 -0.000167974 -3.39758 1.46812e+18 0.00296578 762 538.92 44047.3 0 0 -0.0459727 0 0 -276.777 0 0 -3.54318e-15 0 0 
1518.06 0.0162571 -4.71133 -0.000167983 -3.39766 1.45613e+18 0.00300289 762 538.92 45220.8 0 0 -0.0459727 0 0 -276.777 0 0 -3.54331e-15 0 0 
1518.12 0.0165094 -4.71107 -0.000167991 -3.39773 1.4439e+18 0.00304111 762 538.92 46425.2 0 0 -0.0459727 0 0 -276.777 0 0 -3.54344e-15 0 0 
1518.17 0.0167684 -4.71082 -0.000168 -3.39781 1.43144e+18 0.00308052 762 538.92 47661.4 0 0 -0.0459727 0 0 -276.777 0 0 -3.54357e-15 0 0 
1518.23 0.0170343 -4.71055 -0.000168009 -3.39788 1.41874e+18 0.00312115 762 538.92 48930.2 0 0 -0.0459727 0 0 -276.777 0 0 -3.5437e-15 0 0 
1518.28 0.0173072 -4.71028 -0.000168018 -3.39795 1.40581e+18 0.00316307 762 538.92 50232.4 0 0 -0.0459727 0 0 -276.777 0 0 -3.54383e-15 0 0 
1518.34 0.0175875 -4.71 -0.000168027 -3.39802 1.39264e+18 0.00320633 762 538.92 51569.1 0 0 -0.0459727 0 0 -276.777 0 0 -3.54397e-15 0 0 
1518.39 0.0178752 -4.70971 -0.000168036 -3.39809 1.37923e+18 0.003251 762 538.92 52940.9 0 0 -0.0459727 0 0 -276.777 0 0 -3.5441e-15 0 0 
1518.45 0.0181705 -4.70941 -0.000168045 -3.39816 1.36558e+18 0.00329715 762 538.92 54349 0 0 -0.0459727 0 0 -276.777 0 0 -3.54424e-15 0 0 
1518.5 0.0184737 -4.70911 -0.000168054 -3.39823 1.35169e+18 0.00334484 762 538.92 55794.3 0 0 -0.0459727 0 0 -276.777 0 0 -3.54439e-15 0 0 
1518.56 0.018785 -4.7088 -0.000168063 -3.3983 1.33756e+18 0.00339415 762 538.92 57277.7 0 0 -0.0459727 0 0 -276.777 0 0 -3.54453e-15 0 0 
1518.61 0.0191046 -4.70848 -0.000168072 -3.39836 1.32319e+18 0.00344516 762 538.92 58800.3 0 0 -0.0459727 0 0 -276.777 0 0 -3.54467e-15 0 0 
1518.67 0.0194326 -4.70815 -0.000168082 -3.39843 1.30858e+18 0.00349795 762 538.92 60363.1 0 0 -0.0459727 0 0 -276.777 0 0 -3.54482e-15 0 0 
1518.72 0.0197693 -4.70781 -0.000168092 -3.39849 1.29373e+18 0.00355261 762 538.92 61967.2 0 0 -0.0459727 0 0 -276.777 0 0 -3.54497e-15 0 0 
1518.78 0.0201151 -4.70747 -0.000168101 -3.39855 1.27863e+18 0.00360924 762 538.92 63613.6 0 0 -0.0459727 0 0 -276.777 0 0 -3.54512e-15 0 0 
1518.83 0.0204699 -4.70711 -0.000168111 -3.39862 1.2633e+18 0.00366793 762 538.92 65303.6 0 0 -0.0459727 0 0 -276.777 0 0 -3.54528e-15 0 0 
1518.89 0.0208343 -4.70675 -0.000168121 -3.39868 1.24773e+18 0.00372879 762 538.92 67038.1 0 0 -0.0459727 0 0 -276.777 0 0 -3.54544e-15 0 0 
1518.94 0.0212082 -4.70638 -0.000168131 -3.39874 1.23192e+18 0.00379193 762 538.92 68818.5 0 0 -0.0459727 0 0 -276.777 0 0 -3.5456e-15 0 0 
1519 0.0215922 -4.70599 -0.000168141 -3.3988 1.21588e+18 0.00385748 762 538.92 70646 0 0 -0.0459727 0 0 -276.777 0 0 -3.54576e-15 0 0 
1519.05 0.0219863 -4.7056 -0.000168152 -3.39885 1.1996e+18 0.00392555 762 538.92 72521.7 0 0 -0.0459727 0 0 -276.777 0 0 -3.54592e-15 0 0 
1519.11 0.0223909 -4.70519 -0.000168162 -3.39891 1.18309e+18 0.00399628 762 538.92 74447 0 0 -0.0459727 0 0 -276.777 0 0 -3.54609e-15 0 0 
1519.16 0.0228062 -4.70478 -0.000168173 -3.39897 1.16636e+18 0.00406981 762 538.92 76423.2 0 0 -0.0459727 0 0 -276.777 0 0 -3.54626e-15 0 0 
1519.22 0.0232325 -4.70435 -0.000168184 -3.39902 1.1494e+18 0.00414631 762 538.92 78451.6 0 0 -0.0459727 0 0 -276.777 0 0 -3.54644e-15 0 0 
1519.27 0.0236702 -4.70391 -0.000168194 -3.39908 1.13221e+18 0.00422592 762 538.92 80533.6 0 0 -0.0459727 0 0 -276.777 0 0 -3.54662e-15 0 0 
1519.33 0.0241195 -4.70346 -0.000168206 -3.39913 1.11481e+18 0.00430883 762 538.92 82670.6 0 0 -0.0459727 0 0 -276.777 0 0 -3.5468e-15 0 0 
1519.38 0.0245807 -4.703 -0.000168217 -3.39918 1.0972e+18 0.00439521 762 538.92 84864.1 0 0 -0.0459727 0 0 -276.777 0 0 -3.54698e-15 0 0 
1519.44 0.0250541 -4.70253 -0.000168228 -3.39923 1.07938e+18 0.00448527 762 538.92 87115.6 0 0 -0.0459727 0 0 -276.777 0 0 -3.54717e-15 0 0 
1519.49 0.0255401 -4.70204 -0.00016824 -3.39928 1.06135e+18 0.00457922 762 538.92 89426.5 0 0 -0.0459727 0 0 -276.777 0 0 -3.54736e-15 0 0 
1519.55 0.026039 -4.70154 -0.000168252 -3.39933 1.04313e+18 0.00467728 762 538.92 91798.5 0 0 -0.0459727 0 0 -276.777 0 0 -3.54756e-15 0 0 
1519.6 0.0265511 -4.70103 -0.000168264 -3.39938 1.02472e+18 0.00477969 762 538.92 94233.1 0 0 -0.0459727 0 0 -276.777 0 0 -3.54776e-15 0 0 
1519.66 0.0270768 -4.70051 -0.000168276 -3.39943 1.00613e+18 0.00488672 762 538.92 96732 0 0 -0.0459727 0 0 -276.777 0 0 -3.54797e-15 0 0 
1519.71 0.0276164 -4.69997 -0.000168289 -3.39947 9.87356e+17 0.00499864 762 538.92 99296.8 0 0 -0.0459727 0 0 -276.777 0 0 -3.54818e-15 0 0 
1519.77 0.0281704 -4.69941 -0.000168302 -3.39952 9.68418e+17 0.00511575 762 538.92 101929 0 0 -0.0459727 0 0 -276.777 0 0 -3.54839e-15 0 0 
1519.82 0.028739 -4.69884 -0.000168315 -3.39956 9.4932e+17 0.00523837 762 538.92 104631 0 0 -0.0459727 0 0 -276.777 0 0 -3.54861e-15 0 0 
1519.88 0.0293227 -4.69826 -0.000168328 -3.3996 9.30072e+17 0.00536684 762 538.92 107405 0 0 -0.0459727 0 0 -276.777 0 0 -3.54884e-15 0 0 
1519.93 0.0299218 -4.69766 -0.000168341 -3.39964 9.10684e+17 0.00550153 762 538.92 110251 0 0 -0.0459727 0 0 -276.777 0 0 -3.54907e-15 0 0 
1519.99 0.0305369 -4.69705 -0.000168355 -3.39969 8.91165e+17 0.00564285 762 538.92 113172 0 0 -0.0459727 0 0 -276.777 0 0 -3.5493e-15 0 0 
1520.04 0.0311682 -4.69642 -0.000168369 -3.39972 8.71527e+17 0.00579121 762 538.92 116170 0 0 -0.0459727 0 0 -276.777 0 0 -3.54955e-15 0 0 
1520.1 0.0318163 -4.69577 -0.000168384 -3.39976 8.5178e+17 0.00594709 762 538.92 119247 0 0 -0.0459727 0 0 -276.777 0 0 -3.5498e-15 0 0 
1520.15 0.0324815 -4.6951 -0.000168399 -3.3998 8.31938e+17 0.00611098 762 538.92 122405 0 0 -0.0459727 0 0 -276.777 0 0 -3.55005e-15 0 0 
1520.21 0.0331644 -4.69442 -0.000168414 -3.39984 8.12012e+17 0.00628341 762 538.92 125645 0 0 -0.0459727 0 0 -276.777 0 0 -3.55032e-15 0 0 
1520.26 0.0338653 -4.69372 -0.000168429 -3.39987 7.92015e+17 0.00646498 762 538.92 128971 0 0 -0.0459727 0 0 -276.777 0 0 -3.55059e-15 0 0 
1520.32 0.0345848 -4.693 -0.000168445 -3.39991 7.71962e+17 0.00665631 762 538.92 132383 0 0 -0.0459727 0 0 -276.777 0 0 -3.55087e-15 0 0 
1520.37 0.0353233 -4.69226 -0.000168462 -3.39994 7.51867e+17 0.00685808 762 538.92 135885 0 0 -0.0459727 0 0 -276.777 0 0 -3.55115e-15 0 0 
1520.43 0.0360813 -4.6915 -0.000168479 -3.39997 7.31744e+17 0.00707104 762 538.92 139478 0 0 -0.0459727 0 0 -276.777 0 0 -3.55145e-15 0 0 
1520.48 0.0368594 -4.69072 -0.000168496 -3.4 7.11609e+17 0.00729598 762 538.92 143164 0 0 -0.0459727 0 0 -276.777 0 0 -3.55175e-15 0 0 
1520.54 0.037658 -4.68993 -0.000168514 -3.40004 6.91478e+17 0.00753378 762 538.92 146947 0 0 -0.0459727 0 0 -276.777 0 0 -3.55207e-15 0 0 
1520.59 0.0384777 -4.68911 -0.000168532 -3.40006 6.71368e+17 0.0077854 762 538.92 150827 0 0 -0.0459727 0 0 -276.777 0 0 -3.55239e-15 0 0 
1520.65 0.0393191 -4.68826 -0.000168551 -3.40009 6.51294e+17 0.00805185 762 538.92 154807 0 0 -0.0459727 0 0 -276.777 0 0 -3.55273e-15 0 0 
1520.7 0.0401826 -4.6874 -0.00016857 -3.40012 6.31275e+17 0.00833426 762 538.92 158890 0 0 -0.0459727 0 0 -276.777 0 0 -3.55308e-15 0 0 
1520.76 0.041069 -4.68651 -0.000168591 -3.40015 6.11328e+17 0.00863387 762 538.92 163077 0 0 -0.0459727 0 0 -276.777 0 0 -3.55344e-15 0 0 
1520.81 0.0419786 -4.68561 -0.000168611 -3.40017 5.91471e+17 0.00895201 762 538.92 167372 0 0 -0.0459727 0 0 -276.777 0 0 -3.55381e-15 0 0 
1520.87 0.0429123 -4.68467 -0.000168633 -3.4002 5.71722e+17 0.00929013 762 538.92 171776 0 0 -0.0459727 0 0 -276.777 0 0 -3.5542e-15 0 0 
1520.93 0.0438704 -4.68371 -0.000168655 -3.40022 5.52101e+17 0.00964985 762 538.92 176291 0 0 -0.0459727 0 0 -276.777 0 0 -3.5546e-15 0 0 
1520.98 0.0448538 -4.68273 -0.000168678 -3.40025 5.32626e+17 0.0100329 762 538.92 180920 0 0 -0.0459727 0 0 -276.777 0 0 -3.55502e-15 0 0 
1521.04 0.045863 -4.68172 -0.000168702 -3.40027 5.13317e+17 0.0104412 762 538.92 185665 0 0 -0.0459727 0 0 -276.777 0 0 -3.55546e-15 0 0 
1521.09 0.0468986 -4.68069 -0.000168727 -3.40029 4.94191e+17 0.0108769 762 538.92 190528 0 0 -0.0459727 0 0 -276.777 0 0 -3.55591e-15 0 0 
1521.15 0.0479613 -4.67962 -0.000168752 -3.40031 4.75269e+17 0.0113423 762 538.92 195511 0 0 -0.0459727 0 0 -276.777 0 0 -3.55638e-15 0 0 
1521.2 0.0490518 -4.67853 -0.000168779 -3.40033 4.5657e+17 0.01184 762 538.92 200617 0 0 -0.0459727 0 0 -276.777 0 0 -3.55687e-15 0 0 
1521.26 0.0501707 -4.67741 -0.000168807 -3.40035 4.38113e+17 0.0123727 762 538.92 205847 0 0 -0.0459727 0 0 -276.777 0 0 -3.55739e-15 0 0 
1521.31 0.0513188 -4.67626 -0.000168836 -3.40037 4.19916e+17 0.0129435 762 538.92 211203 0 0 -0.0459727 0 0 -276.777 0 0 -3.55793e-15 0 0 
1521.37 0.0524967 -4.67509 -0.000168867 -3.40038 4.01998e+17 0.0135559 762 538.92 216687 0 0 -0.0459727 0 0 -276.777 0 0 -3.55849e-15 0 0 
1521.42 0.0537052 -4.67388 -0.000168898 -3.4004 3.84379e+17 0.0142136 762 538.92 222300 0 0 -0.0459727 0 0 -276.777 0 0 -3.55908e-15 0 0 
1521.48 0.054945 -4.67264 -0.000168932 -3.40041 3.67074e+17 0.0149208 762 538.92 228045 0 0 -0.0459727 0 0 -276.777 0 0 -3.5597e-15 0 0 
1521.53 0.0562167 -4.67137 -0.000168966 -3.40043 3.50102e+17 0.0156822 762 538.92 233922 0 0 -0.0459727 0 0 -276.777 0 0 -3.56035e-15 0 0 
1521.59 0.0575212 -4.67006 -0.000169003 -3.40044 3.3348e+17 0.0165028 762 538.92 239932 0 0 -0.0459727 0 0 -276.777 0 0 -3.56103e-15 0 0 
1521.64 0.0588592 -4.66872 -0.000169041 -3.40046 3.17224e+17 0.0173884 762 538.92 246078 0 0 -0.0459727 0 0 -276.777 0 0 -3.56175e-15 0 0 
1521.7 0.0602313 -4.66735 -0.000169082 -3.40047 3.01348e+17 0.0183453 762 538.92 252359 0 0 -0.0459727 0 0 -276.777 0 0 -3.56251e-15 0 0 
1521.75 0.0616384 -4.66595 -0.000169124 -3.40048 2.85867e+17 0.0193805 762 538.92 258776 0 0 -0.0459727 0 0 -276.777 0 0 -3.56331e-15 0 0 
1521.81 0.0630813 -4.6645 -0.000169169 -3.40049 2.70796e+17 0.0205019 762 538.92 265330 0 0 -0.0459727 0 0 -276.777 0 0 -3.56416e-15 0 0 
1521.86 0.0645606 -4.66302 -0.000169216 -3.4005 2.56145e+17 0.0217183 762 538.92 272021 0 0 -0.0459727 0 0 -276.777 0 0 -3.56505e-15 0 0 
1521.92 0.0660771 -4.66151 -0.000169266 -3.40051 2.41928e+17 0.0230395 762 538.92 278848 0 0 -0.0459727 0 0 -276.777 0 0 -3.566e-15 0 0 
1521.97 0.0676316 -4.65995 -0.00016932 -3.40052 2.28153e+17 0.0244765 762 538.92 285812 0 0 -0.0459727 0 0 -276.777 0 0 -3.56701e-15 0 0 
1522.03 0.0692248 -4.65836 -0.000169376 -3.40053 2.14829e+17 0.0260414 762 538.92 292911 0 0 -0.0459727 0 0 -276.777 0 0 -3.56808e-15 0 0 
1522.08 0.0708575 -4.65673 -0.000169436 -3.40054 2.01965e+17 0.0277482 762 538.92 300145 0 0 -0.0459727 0 0 -276.777 0 0 -3.56923e-15 0 0 
1522.14 0.0725304 -4.65505 -0.0001695 -3.40055 1.89567e+17 0.0296123 762 538.92 307513 0 0 -0.0459727 0 0 -276.777 0 0 -3.57044e-15 0 0 
1522.19 0.0742442 -4.65334 -0.000169568 -3.40056 1.77639e+17 0.031651 762 538.92 315013 0 0 -0.0459727 0 0 -276.777 0 0 -3.57175e-15 0 0 
1522.25 0.0759997 -4.65158 -0.00016964 -3.40056 1.66185e+17 0.033884 762 538.92 322643 0 0 -0.0459727 0 0 -276.777 0 0 -3.57314e-15 0 0 
1522.3 0.0777975 -4.64979 -0.000169718 -3.40057 1.55206e+17 0.0363335 762 538.92 330402 0 0 -0.0459727 0 0 -276.777 0 0 -3.57463e-15 0 0 
1522.36 0.0796385 -4.64795 -0.000169801 -3.40058 1.44704e+17 0.0390243 762 538.92 338286 0 0 -0.0459727 0 0 -276.777 0 0 -3.57623e-15 0 0 
1522.41 0.0815231 -4.64606 -0.000169891 -3.40058 1.34678e+17 0.0419846 762 538.92 346293 0 0 -0.0459727 0 0 -276.777 0 0 -3.57795e-15 0 0 
1522.47 0.0834523 -4.64413 -0.000169987 -3.40059 1.25124e+17 0.0452466 762 538.92 354420 0 0 -0.0459727 0 0 -276.777 0 0 -3.5798e-15 0 0 
1522.52 0.0854265 -4.64216 -0.00017009 -3.40059 1.1604e+17 0.0488464 762 538.92 362665 0 0 -0.0459727 0 0 -276.777 0 0 -3.5818e-15 0 0 
1522.58 0.0874464 -4.64014 -0.000170202 -3.4006 1.0742e+17 0.0528252 762 538.92 371023 0 0 -0.0459727 0 0 -276.777 0 0 -3.58396e-15 0 0 
1522.63 0.0895126 -4.63807 -0.000170323 -3.4006 9.92564e+16 0.0572298 762 538.92 379490 0 0 -0.0459727 0 0 -276.777 0 0 -3.58629e-15 0 0 
1522.69 0.0916258 -4.63596 -0.000170454 -3.4006 9.15428e+16 0.0621135 762 538.92 388064 0 0 -0.0459727 0 0 -276.777 0 0 -3.58883e-15 0 0 
1522.74 0.0937864 -4.6338 -0.000170596 -3.40061 8.42695e+16 0.0675372 762 538.92 396740 0 0 -0.0459727 0 0 -276.777 0 0 -3.59158e-15 0 0 
1522.8 0.0959952 -4.63159 -0.00017075 -3.40061 7.74264e+16 0.0735703 762 538.92 405514 0 0 -0.0459727 0 0 -276.777 0 0 -3.59458e-15 0 0 
1522.85 0.0982525 -4.62933 -0.000170918 -3.40061 7.10021e+16 0.0802922 762 538.92 414381 0 0 -0.0459727 0 0 -276.777 0 0 -3.59784e-15 0 0 
1522.91 0.100559 -4.62702 -0.000171102 -3.40062 6.49845e+16 0.0877939 762 538.92 423338 0 0 -0.0459727 0 0 -276.777 0 0 -3.60141e-15 0 0 
1522.96 0.102915 -4.62467 -0.000171303 -3.40062 5.93603e+16 0.0961799 762 538.92 432379 0 0 -0.0459727 0 0 -276.777 0 0 -3.60532e-15 0 0 
1523.02 0.105321 -4.62226 -0.000171523 -3.40062 5.41158e+16 0.10557 762 538.92 441500 0 0 -0.0459727 0 0 -276.777 0 0 -3.6096e-15 0 0 
1523.07 0.107777 -4.61981 -0.000171764 -3.40062 4.92365e+16 0.116102 762 538.92 450698 0 0 -0.0459727 0 0 -276.777 0 0 -3.61431e-15 0 0 
1523.13 0.110284 -4.6173 -0.00017203 -3.40063 4.47073e+16 0.127936 762 538.92 459967 0 0 -0.0459727 0 0 -276.777 0 0 -3.61949e-15 0 0 
1523.18 0.112843 -4.61474 -0.000172323 -3.40063 4.05129e+16 0.141254 762 538.92 469302 0 0 -0.0459727 0 0 -276.777 0 0 -3.6252e-15 0 0 
1523.24 0.115453 -4.61213 -0.000172647 -3.40063 3.66375e+16 0.15627 762 538.92 478701 0 0 -0.0459727 0 0 -276.777 0 0 -3.63152e-15 0 0 
1523.29 0.118115 -4.60947 -0.000173005 -3.40063 3.30651e+16 0.173228 762 538.92 488158 0 0 -0.0459727 0 0 -276.777 0 0 -3.63851e-15 0 0 
1523.35 0.120829 -4.60675 -0.000173402 -3.40063 2.97799e+16 0.192414 762 538.92 497669 0 0 -0.0459727 0 0 -276.777 0 0 -3.64628e-15 0 0 
1523.4 0.123596 -4.60399 -0.000173844 -3.40063 2.67658e+16 0.214158 762 538.92 507230 0 0 -0.0459727 0 0 -276.777 0 0 -3.65491e-15 0 0 
1523.46 0.126415 -4.60117 -0.000174335 -3.40063 2.4007e+16 0.238845 762 538.92 516838 0 0 -0.0459727 0 0 -276.777 0 0 -3.66452e-15 0 0 
1523.51 0.129288 -4.5983 -0.000174884 -3.40063 2.14878e+16 0.266925 762 538.92 526489 0 0 -0.0459727 0 0 -276.777 0 0 -3.67526e-15 0 0 
1523.57 0.132214 -4.59537 -0.000175498 -3.40064 1.91929e+16 0.298919 762 538.92 536180 0 0 -0.0459727 0 0 -276.777 0 0 -3.68728e-15 0 0 
1523.62 0.135193 -4.59239 -0.000176186 -3.40064 1.71072e+16 0.335441 762 538.92 545906 0 0 -0.0459727 0 0 -276.777 0 0 -3.70074e-15 0 0 
1523.68 0.138226 -4.58936 -0.000176958 -3.40064 1.52162e+16 0.377205 762 538.92 555665 0 0 -0.0459727 0 0 -276.777 0 0 -3.71587e-15 0 0 
1523.73 0.141313 -4.58627 -0.000177827 -3.40064 1.35057e+16 0.425053 762 538.92 565454 0 0 -0.0459727 0 0 -276.777 0 0 -3.7329e-15 0 0 
1523.79 0.144453 -4.58313 -0.000178808 -3.40064 1.19622e+16 0.479969 762 538.92 575271 0 0 -0.0459727 0 0 -276.777 0 0 -3.75212e-15 0 0 
1523.84 0.147648 -4.57994 -0.000179916 -3.40064 1.05728e+16 0.543116 762 538.92 585112 0 0 -0.0459727 0 0 -276.777 0 0 -3.77384e-15 0 0 
1523.9 0.150897 -4.57669 -0.000181171 -3.40064 9.32492e+15 0.61586 762 538.92 594976 0 0 -0.0459727 0 0 -276.777 0 0 -3.79844e-15 0 0 
1523.95 0.154201 -4.57338 -0.000182595 -3.40064 8.20688e+15 0.699817 762 538.92 604859 0 0 -0.0459727 0 0 -276.777 0 0 -3.82637e-15 0 0 
1524.01 0.157559 -4.57002 -0.000184214 -3.40064 7.20755e+15 0.796895 762 538.92 614760 0 0 -0.0459727 0 0 -276.777 0 0 -3.85815e-15 0 0 
1524.06 0.160971 -4.56661 -0.000186061 -3.40064 6.31642e+15 0.909355 762 538.92 624678 0 0 -0.0459727 0 0 -276.777 0 0 -3.89437e-15 0 0 
1524.12 0.164438 -4.56315 -0.000188169 -3.40064 5.52367e+15 1.03988 762 538.92 634610 0 0 -0.0459727 0 0 -276.777 0 0 -3.93575e-15 0 0 
1524.17 0.16796 -4.55962 -0.000190583 -3.40064 4.82009e+15 1.19166 762 538.92 644554 0 0 -0.0459727 0 0 -276.777 0 0 -3.98312e-15 0 0 
1524.23 0.171537 -4.55605 -0.000193352 -3.40064 4.19713e+15 1.36849 762 538.92 654510 0 0 -0.0459727 0 0 -276.777 0 0 -4.03747e-15 0 0 
1524.28 0.175169 -4.55242 -0.000196535 -3.40064 3.64685e+15 1.5749 762 538.92 664476 0 0 -0.0459727 0 0 -276.777 0 0 -4.09996e-15 0 0 
1524.34 0.178855 -4.54873 -0.000200202 -3.40064 3.16191e+15 1.81629 762 538.92 674451 0 0 -0.0459727 0 0 -276.777 0 0 -4.17195e-15 0 0 
1524.39 0.182596 -4.54499 -0.000204436 -3.40064 2.73556e+15 2.09914 762 538.92 684434 0 0 -0.0459727 0 0 -276.777 0 0 -4.25508e-15 0 0 
1524.45 0.186393 -4.54119 -0.000209334 -3.40064 2.36159e+15 2.43119 762 538.92 694424 0 0 -0.0459727 0 0 -276.777 0 0 -4.35125e-15 0 0 
1524.5 0.190244 -4.53734 -0.000215014 -3.40064 2.03434e+15 2.82177 762 538.92 704420 0 0 -0.0459727 0 0 -276.777 0 0 -4.46277e-15 0 0 
1524.56 0.194151 -4.53343 -0.000221614 -3.40064 1.74864e+15 3.28209 762 538.92 714421 0 0 -0.0459727 0 0 -276.777 0 0 -4.59235e-15 0 0 
1524.61 0.198112 -4.52947 -0.0002293 -3.40064 1.49979e+15 3.82563 762 538.92 724427 0 0 -0.0459727 0 0 -276.777 0 0 -4.74324e-15 0 0 
1524.67 0.202129 -4.52545 -0.00023827 -3.40064 1.28355e+15 4.4687 762 538.92 734436 0 0 -0.0459727 0 0 -276.777 0 0 -4.91932e-15 0 0 
1524.72 0.206201 -4.52138 -0.000248763 -3.40064 1.09608e+15 5.23102 762 538.92 744450 0 0 -0.0459727 0 0 -276.777 0 0 -5.12524e-15 0 0 
1524.78 0.210328 -4.51726 -0.000261062 -3.40064 9.33929e+14 6.13645 762 538.92 754466 0 0 -0.0459727 0 0 -276.777 0 0 -5.36657e-15 0 0 
1524.83 0.21451 -4.51307 -0.000275511 -3.40064 7.94001e+14 7.21397 762 538.92 764485 0 0 -0.0459727 0 0 -276.777 0 0 -5.64999e-15 0 0 
1524.89 0.218747 -4.50884 -0.000292525 -3.40064 6.73531e+14 8.49882 762 538.92 774506 0 0 -0.0459727 0 0 -276.777 0 0 -5.98356e-15 0 0 
1524.94 0.22304 -4.50454 -0.000312602 -3.40064 5.70052e+14 10.0339 762 538.92 784529 0 0 -0.0459727 0 0 -276.777 0 0 -6.37699e-15 0 0 
1525 0.227387 -4.5002 -0.000336348 -3.40064 4.81373e+14 11.8716 762 538.92 789541 0 0 -0.0459727 0 0 -276.777 0 0 -6.59001e-15 0 0 
1525 -0.052369 -3.92207 -0.000336348 -3.40064 7.5605e+18 4.2175e+10 1260 162.8 326993 0 0 -0.04184 0 0 -276.777 0 0 -5.60452e-06 0 0 
1525.06 -0.050569 -3.92027 -0.000336349 -3.40064 7.29103e+18 4.52161e+10 1260 162.8 323306 0 0 -0.04184 0 0 -276.777 0 0 -1.16129e-05 0 0 
1525.11 -0.0488096 -3.91851 -0.000336351 -3.40064 7.03288e+18 4.84006e+10 1260 162.8 316068 0 0 -0.04184 0 0 -276.777 0 0 -2.40526e-05 0 0 
1525.17 -0.0470894 -3.91679 -0.000336352 -3.40064 6.78553e+18 5.17311e+10 1260 162.8 309093 0 0 -0.04184 0 0 -276.777 0 0 -3.73575e-05 0 0 
1525.22 -0.0454068 -3.91511 -0.000336353 -3.40064 6.54847e+18 5.52104e+10 1260 162.8 302372 0 0 -0.04184 0 0 -276.777 0 0 -5.15667e-05 0 0 
1525.28 -0.0437605 -3.91346 -0.000336354 -3.40064 6.32122e+18 5.88411e+10 1260 162.8 295895 0 0 -0.04184 0 0 -276.777 0 0 -6.67201e-05 0 0 
1525.33 -0.0421492 -3.91185 -0.000336355 -3.40064 6.10333e+18 6.26259e+10 1260 162.8 289651 0 0 -0.04184 0 0 -276.777 0 0 -8.28581e-05 0 0 
1525.39 -0.0405717 -3.91028 -0.000336356 -3.40064 5.89437e+18 6.65672e+10 1260 162.8 283633 0 0 -0.04184 0 0 -276.777 0 0 -0.000100022 0 0 
1525.44 -0.0390267 -3.90873 -0.000336358 -3.40064 5.69391e+18 7.06677e+10 1260 162.8 277830 0 0 -0.04184 0 0 -276.777 0 0 -0.000118254 0 0 
1525.5 -0.037513 -3.90722 -0.000336359 -3.40064 5.50158e+18 7.493e+10 1260 162.8 272236 0 0 -0.04184 0 0 -276.777 0 0 -0.000137596 0 0 
1525.55 -0.0360296 -3.90573 -0.00033636 -3.40064 5.317e+18 7.93566e+10 1260 162.8 266841 0 0 -0.04184 0 0 -276.776 0 0 -0.000158092 0 0 
1525.61 -0.0345753 -3.90428 -0.000336362 -3.40064 5.13981e+18 8.395e+10 1260 162.8 261639 0 0 -0.04184 0 0 -276.776 0 0 -0.000179785 0 0 
1525.66 -0.0331491 -3.90285 -0.000336363 -3.40064 4.96968e+18 8.8713e+10 1260 162.8 256623 0 0 -0.04184 0 0 -276.776 0 0 -0.000202721 0 0 
1525.72 -0.0317501 -3.90145 -0.000336365 -3.40065 4.80629e+18 9.3648e+10 1260 162.8 251785 0 0 -0.04184 0 0 -276.776 0 0 -0.000226945 0 0 
1525.77 -0.0303772 -3.90008 -0.000336367 -3.40065 4.64932e+18 9.87577e+10 1260 162.8 247119 0 0 -0.04184 0 0 -276.776 0 0 -0.000252502 0 0 
1525.83 -0.0290295 -3.89873 -0.000336368 -3.40065 4.4985e+18 1.04045e+11 1260 162.8 242619 0 0 -0.04184 0 0 -276.776 0 0 -0.000279439 0 0 
1525.88 -0.0277062 -3.89741 -0.00033637 -3.40065 4.35353e+18 1.09512e+11 1260 162.8 238279 0 0 -0.04184 0 0 -276.776 0 0 -0.000307804 0 0 
1525.94 -0.0264063 -3.89611 -0.000336372 -3.40065 4.21416e+18 1.15162e+11 1260 162.8 234093 0 0 -0.04184 0 0 -276.776 0 0 -0.000337645 0 0 
1525.99 -0.025129 -3.89483 -0.000336373 -3.40065 4.08014e+18 1.20997e+11 1260 162.8 230056 0 0 -0.04184 0 0 -276.776 0 0 -0.000369011 0 0 
1526.05 -0.0238735 -3.89358 -0.000336375 -3.40065 3.95122e+18 1.27022e+11 1260 162.8 226164 0 0 -0.04184 0 0 -276.776 0 0 -0.000401951 0 0 
1526.1 -0.0226391 -3.89234 -0.000336377 -3.40065 3.82719e+18 1.33238e+11 1260 162.8 222410 0 0 -0.04184 0 0 -276.776 0 0 -0.000436517 0 0 
1526.16 -0.021425 -3.89113 -0.000336379 -3.40065 3.70781e+18 1.39648e+11 1260 162.8 218791 0 0 -0.04184 0 0 -276.776 0 0 -0.000472758 0 0 
1526.21 -0.0202304 -3.88993 -0.000336381 -3.40065 3.59289e+18 1.46257e+11 1260 162.8 215302 0 0 -0.04184 0 0 -276.776 0 0 -0.000510728 0 0 
1526.27 -0.0190547 -3.88876 -0.000336383 -3.40065 3.48222e+18 1.53066e+11 1260 162.8 211938 0 0 -0.04184 0 0 -276.776 0 0 -0.00055048 0 0 
1526.32 -0.0178972 -3.8876 -0.000336386 -3.40065 3.37562e+18 1.6008e+11 1260 162.8 208697 0 0 -0.04184 0 0 -276.776 0 0 -0.000592066 0 0 
1526.38 -0.0167571 -3.88646 -0.000336388 -3.40065 3.27291e+18 1.67303e+11 1260 162.8 205573 0 0 -0.04184 0 0 -276.776 0 0 -0.000635542 0 0 
1526.43 -0.015634 -3.88534 -0.00033639 -3.40065 3.17392e+18 1.74737e+11 1260 162.8 202564 0 0 -0.04184 0 0 -276.776 0 0 -0.000680964 0 0 
1526.49 -0.0145271 -3.88423 -0.000336393 -3.40065 3.07849e+18 1.82387e+11 1260 162.8 199665 0 0 -0.04184 0 0 -276.776 0 0 -0.000728389 0 0 
1526.54 -0.0134358 -3.88314 -0.000336395 -3.40066 2.98646e+18 1.90257e+11 1260 162.8 196874 0 0 -0.04184 0 0 -276.776 0 0 -0.000777873 0 0 
1526.6 -0.0123596 -3.88206 -0.000336398 -3.40066 2.89769e+18 1.98351e+11 1260 162.8 194187 0 0 -0.04184 0 0 -276.776 0 0 -0.000829477 0 0 
1526.65 -0.011298 -3.881 -0.0003364 -3.40066 2.81203e+18 2.06673e+11 1260 162.8 191601 0 0 -0.04184 0 0 -276.776 0 0 -0.00088326 0 0 
1526.71 -0.0102503 -3.87995 -0.000336403 -3.40066 2.72935e+18 2.15228e+11 1260 162.8 189114 0 0 -0.04184 0 0 -276.776 0 0 -0.000939284 0 0 
1526.76 -0.00921599 -3.87892 -0.000336406 -3.40066 2.64952e+18 2.24022e+11 1260 162.8 186722 0 0 -0.04184 0 0 -276.776 0 0 -0.00099761 0 0 
1526.82 -0.00819462 -3.8779 -0.000336409 -3.40066 2.57242e+18 2.33058e+11 1260 162.8 184424 0 0 -0.04184 0 0 -276.776 0 0 -0.0010583 0 0 
1526.87 -0.00718564 -3.87689 -0.000336412 -3.40066 2.49794e+18 2.42343e+11 1260 162.8 182215 0 0 -0.04184 0 0 -276.776 0 0 -0.00112143 0 0 
1526.93 -0.00618858 -3.87589 -0.000336415 -3.40066 2.42596e+18 2.51882e+11 1260 162.8 180095 0 0 -0.04184 0 0 -276.775 0 0 -0.00118705 0 0 
1526.98 -0.00520294 -3.87491 -0.000336418 -3.40066 2.35638e+18 2.61681e+11 1260 162.8 178061 0 0 -0.04184 0 0 -276.775 0 0 -0.00125524 0 0 
1527.04 -0.00422827 -3.87393 -0.000336421 -3.40066 2.28909e+18 2.71746e+11 1260 162.8 176110 0 0 -0.04184 0 0 -276.775 0 0 -0.00132607 0 0 
1527.09 -0.00326411 -3.87297 -0.000336425 -3.40067 2.22401e+18 2.82084e+11 1260 162.8 174241 0 0 -0.04184 0 0 -276.775 0 0 -0.00139961 0 0 
1527.15 -0.00231002 -3.87201 -0.000336428 -3.40067 2.16104e+18 2.92701e+11 1260 162.8 172452 0 0 -0.04184 0 0 -276.775 0 0 -0.00147593 0 0 
1527.2 -0.00136556 -3.87107 -0.000336432 -3.40067 2.10009e+18 3.03604e+11 1260 162.8 170740 0 0 -0.04184 0 0 -276.775 0 0 -0.0015551 0 0 
1527.26 -0.000430312 -3.87013 -0.000336435 -3.40067 2.04109e+18 3.14802e+11 1260 162.8 169104 0 0 -0.04184 0 0 -276.775 0 0 -0.00163721 0 0 
1527.31 0.000496137 -3.86921 -0.000336439 -3.40067 1.98394e+18 3.26302e+11 1260 162.8 167542 0 0 -0.04184 0 0 -276.775 0 0 -0.00172233 0 0 
1527.37 0.00141419 -3.86829 -0.000336443 -3.40067 1.92858e+18 3.38112e+11 1260 162.8 166053 0 0 -0.04184 0 0 -276.775 0 0 -0.00181054 0 0 
1527.42 0.00232424 -3.86738 -0.000336447 -3.40067 1.87494e+18 3.50242e+11 1260 162.8 164635 0 0 -0.04184 0 0 -276.775 0 0 -0.00190194 0 0 
1527.48 0.00322668 -3.86648 -0.000336451 -3.40067 1.82294e+18 3.627e+11 1260 162.8 163286 0 0 -0.04184 0 0 -276.775 0 0 -0.00199659 0 0 
1527.53 0.00412189 -3.86558 -0.000336455 -3.40067 1.77252e+18 3.75497e+11 1260 162.8 162005 0 0 -0.04184 0 0 -276.775 0 0 -0.0020946 0 0 
1527.59 0.00501023 -3.86469 -0.000336459 -3.40068 1.72361e+18 3.88642e+11 1260 162.8 160791 0 0 -0.04184 0 0 -276.774 0 0 -0.00219606 0 0 
1527.64 0.00589206 -3.86381 -0.000336464 -3.40068 1.67616e+18 4.02146e+11 1260 162.8 159642 0 0 -0.04184 0 0 -276.774 0 0 -0.00230105 0 0 
1527.7 0.00676776 -3.86294 -0.000336468 -3.40068 1.63012e+18 4.16021e+11 1260 162.8 158558 0 0 -0.04184 0 0 -276.774 0 0 -0.00240967 0 0 
1527.75 0.00763766 -3.86207 -0.000336473 -3.40068 1.58541e+18 4.30279e+11 1260 162.8 157536 0 0 -0.04184 0 0 -276.774 0 0 -0.00252203 0 0 
1527.81 0.0085021 -3.8612 -0.000336478 -3.40068 1.54201e+18 4.44931e+11 1260 162.8 156577 0 0 -0.04184 0 0 -276.774 0 0 -0.00263822 0 0 
1527.86 0.00936143 -3.86034 -0.000336483 -3.40068 1.49984e+18 4.59992e+11 1260 162.8 155678 0 0 -0.04184 0 0 -276.774 0 0 -0.00275836 0 0 
1527.92 0.010216 -3.85949 -0.000336488 -3.40068 1.45888e+18 4.75475e+11 1260 162.8 154838 0 0 -0.04184 0 0 -276.774 0 0 -0.00288256 0 0 
1527.97 0.0110661 -3.85864 -0.000336493 -3.40068 1.41906e+18 4.91394e+11 1260 162.8 154058 0 0 -0.04184 0 0 -276.774 0 0 -0.00301092 0 0 
1528.03 0.011912 -3.85779 -0.000336499 -3.40069 1.38036e+18 5.07765e+11 1260 162.8 153335 0 0 -0.04184 0 0 -276.773 0 0 -0.00314357 0 0 
1528.08 0.0127542 -3.85695 -0.000336504 -3.40069 1.34273e+18 5.24605e+11 1260 162.8 152670 0 0 -0.04184 0 0 -276.773 0 0 -0.00328062 0 0 
1528.14 0.0135928 -3.85611 -0.00033651 -3.40069 1.30612e+18 5.4193e+11 1260 162.8 152060 0 0 -0.04184 0 0 -276.773 0 0 -0.00342221 0 0 
1528.19 0.0144282 -3.85528 -0.000336516 -3.40069 1.27051e+18 5.59758e+11 1260 162.8 151506 0 0 -0.04184 0 0 -276.773 0 0 -0.00356847 0 0 
1528.25 0.0152608 -3.85444 -0.000336522 -3.40069 1.23585e+18 5.78107e+11 1260 162.8 151007 0 0 -0.04184 0 0 -276.773 0 0 -0.00371953 0 0 
1528.3 0.0160907 -3.85361 -0.000336528 -3.40069 1.20212e+18 5.96999e+11 1260 162.8 150561 0 0 -0.04184 0 0 -276.773 0 0 -0.00387553 0 0 
1528.36 0.0169183 -3.85279 -0.000336534 -3.40069 1.16927e+18 6.16453e+11 1260 162.8 150168 0 0 -0.04184 0 0 -276.773 0 0 -0.00403663 0 0 
1528.41 0.0177439 -3.85196 -0.000336541 -3.40069 1.13729e+18 6.36492e+11 1260 162.8 149828 0 0 -0.04184 0 0 -276.772 0 0 -0.00420296 0 0 
1528.47 0.0185678 -3.85114 -0.000336548 -3.4007 1.10613e+18 6.57139e+11 1260 162.8 149540 0 0 -0.04184 0 0 -276.772 0 0 -0.00437469 0 0 
1528.52 0.0193902 -3.85031 -0.000336554 -3.4007 1.07578e+18 6.78417e+11 1260 162.8 149303 0 0 -0.04184 0 0 -276.772 0 0 -0.00455199 0 0 
1528.58 0.0202115 -3.84949 -0.000336562 -3.4007 1.0462e+18 7.00354e+11 1260 162.8 149117 0 0 -0.04184 0 0 -276.772 0 0 -0.00473503 0 0 
1528.63 0.0210319 -3.84867 -0.000336569 -3.4007 1.01737e+18 7.22975e+11 1260 162.8 148980 0 0 -0.04184 0 0 -276.772 0 0 -0.00492398 0 0 
1528.69 0.0218516 -3.84785 -0.000336576 -3.4007 9.89267e+17 7.4631e+11 1260 162.8 148894 0 0 -0.04184 0 0 -276.772 0 0 -0.00511903 0 0 
1528.74 0.0226711 -3.84703 -0.000336584 -3.4007 9.61863e+17 7.70388e+11 1260 162.8 148857 0 0 -0.04184 0 0 -276.771 0 0 -0.00532037 0 0 
1528.8 0.0234904 -3.84621 -0.000336592 -3.4007 9.35139e+17 7.9524e+11 1260 162.8 148868 0 0 -0.04184 0 0 -276.771 0 0 -0.00552821 0 0 
1528.85 0.02431 -3.84539 -0.0003366 -3.40071 9.09072e+17 8.20902e+11 1260 162.8 148928 0 0 -0.04184 0 0 -276.771 0 0 -0.00574275 0 0 
1528.91 0.02513 -3.84457 -0.000336609 -3.40071 8.83643e+17 8.47406e+11 1260 162.8 149035 0 0 -0.04184 0 0 -276.771 0 0 -0.00596422 0 0 
1528.96 0.0259507 -3.84375 -0.000336617 -3.40071 8.58832e+17 8.74791e+11 1260 162.8 149190 0 0 -0.04184 0 0 -276.77 0 0 -0.00619284 0 0 
1529.02 0.0267725 -3.84293 -0.000336626 -3.40071 8.34621e+17 9.03096e+11 1260 162.8 149392 0 0 -0.04184 0 0 -276.77 0 0 -0.00642885 0 0 
1529.07 0.0275954 -3.84211 -0.000336635 -3.40071 8.10991e+17 9.32361e+11 1260 162.8 149641 0 0 -0.04184 0 0 -276.77 0 0 -0.0066725 0 0 
1529.13 0.0284199 -3.84128 -0.000336645 -3.40071 7.87927e+17 9.62631e+11 1260 162.8 149936 0 0 -0.04184 0 0 -276.77 0 0 -0.00692406 0 0 
1529.18 0.0292461 -3.84046 -0.000336655 -3.40072 7.65412e+17 9.93952e+11 1260 162.8 150277 0 0 -0.04184 0 0 -276.769 0 0 -0.00718379 0 0 
1529.24 0.0300743 -3.83963 -0.000336665 -3.40072 7.43431e+17 1.02637e+12 1260 162.8 150664 0 0 -0.04184 0 0 -276.769 0 0 -0.00745198 0 0 
1529.29 0.0309048 -3.8388 -0.000336675 -3.40072 7.21969e+17 1.05994e+12 1260 162.8 151096 0 0 -0.04184 0 0 -276.769 0 0 -0.00772893 0 0 
1529.35 0.0317378 -3.83797 -0.000336686 -3.40072 7.01013e+17 1.09471e+12 1260 162.8 151573 0 0 -0.04184 0 0 -276.769 0 0 -0.00801495 0 0 
1529.4 0.0325735 -3.83713 -0.000336696 -3.40072 6.80549e+17 1.13075e+12 1260 162.8 152096 0 0 -0.04184 0 0 -276.768 0 0 -0.00831036 0 0 
1529.46 0.0334122 -3.83629 -0.000336708 -3.40072 6.60564e+17 1.16811e+12 1260 162.8 152662 0 0 -0.04184 0 0 -276.768 0 0 -0.00861552 0 0 
1529.51 0.0342542 -3.83545 -0.000336719 -3.40072 6.41046e+17 1.20685e+12 1260 162.8 153274 0 0 -0.04184 0 0 -276.768 0 0 -0.00893079 0 0 
1529.57 0.0350996 -3.8346 -0.000336731 -3.40073 6.21984e+17 1.24704e+12 1260 162.8 153929 0 0 -0.04184 0 0 -276.767 0 0 -0.00925652 0 0 
1529.62 0.0359488 -3.83375 -0.000336744 -3.40073 6.03367e+17 1.28877e+12 1260 162.8 154628 0 0 -0.04184 0 0 -276.767 0 0 -0.00959314 0 0 
1529.68 0.0368019 -3.8329 -0.000336756 -3.40073 5.85183e+17 1.33209e+12 1260 162.8 155371 0 0 -0.04184 0 0 -276.767 0 0 -0.00994103 0 0 
1529.73 0.0376593 -3.83204 -0.000336769 -3.40073 5.67424e+17 1.37709e+12 1260 162.8 156157 0 0 -0.04184 0 0 -276.766 0 0 -0.0103007 0 0 
1529.79 0.0385211 -3.83118 -0.000336783 -3.40073 5.50079e+17 1.42386e+12 1260 162.8 156987 0 0 -0.04184 0 0 -276.766 0 0 -0.0106725 0 0 
1529.84 0.0393876 -3.83032 -0.000336797 -3.40073 5.3314e+17 1.47248e+12 1260 162.8 157859 0 0 -0.04184 0 0 -276.766 0 0 -0.0110569 0 0 
1529.9 0.040259 -3.82944 -0.000336811 -3.40074 5.16596e+17 1.52305e+12 1260 162.8 158774 0 0 -0.04184 0 0 -276.765 0 0 -0.0114546 0 0 
1529.95 0.0411356 -3.82857 -0.000336826 -3.40074 5.00441e+17 1.57568e+12 1260 162.8 159732 0 0 -0.04184 0 0 -276.765 0 0 -0.0118659 0 0 
1530.01 0.0420175 -3.82769 -0.000336841 -3.40074 4.84666e+17 1.63046e+12 1260 162.8 160732 0 0 -0.04184 0 0 -276.764 0 0 -0.0122915 0 0 
1530.06 0.0429051 -3.8268 -0.000336857 -3.40074 4.69263e+17 1.68751e+12 1260 162.8 161775 0 0 -0.04184 0 0 -276.764 0 0 -0.0127319 0 0 
1530.12 0.0437985 -3.8259 -0.000336874 -3.40074 4.54225e+17 1.74696e+12 1260 162.8 162859 0 0 -0.04184 0 0 -276.763 0 0 -0.0131878 0 0 
1530.17 0.044698 -3.82501 -0.00033689 -3.40074 4.39545e+17 1.80893e+12 1260 162.8 163985 0 0 -0.04184 0 0 -276.763 0 0 -0.0136598 0 0 
1530.23 0.0456039 -3.8241 -0.000336908 -3.40075 4.25216e+17 1.87355e+12 1260 162.8 165153 0 0 -0.04184 0 0 -276.762 0 0 -0.0141486 0 0 
1530.28 0.0465162 -3.82319 -0.000336926 -3.40075 4.11231e+17 1.94097e+12 1260 162.8 166362 0 0 -0.04184 0 0 -276.762 0 0 -0.0146549 0 0 
1530.34 0.0474354 -3.82227 -0.000336945 -3.40075 3.97584e+17 2.01134e+12 1260 162.8 167612 0 0 -0.04184 0 0 -276.761 0 0 -0.0151796 0 0 
1530.39 0.0483615 -3.82134 -0.000336964 -3.40075 3.84269e+17 2.08483e+12 1260 162.8 168903 0 0 -0.04184 0 0 -276.761 0 0 -0.0157233 0 0 
1530.45 0.0492949 -3.82041 -0.000336984 -3.40075 3.71281e+17 2.16161e+12 1260 162.8 170235 0 0 -0.04184 0 0 -276.76 0 0 -0.0162869 0 0 
1530.5 0.0502357 -3.81947 -0.000337005 -3.40075 3.58613e+17 2.24186e+12 1260 162.8 171607 0 0 -0.04184 0 0 -276.76 0 0 -0.0168714 0 0 
1530.56 0.0511841 -3.81852 -0.000337026 -3.40075 3.4626e+17 2.32578e+12 1260 162.8 173020 0 0 -0.04184 0 0 -276.759 0 0 -0.0174777 0 0 
1530.61 0.0521405 -3.81756 -0.000337048 -3.40076 3.34217e+17 2.41358e+12 1260 162.8 174472 0 0 -0.04184 0 0 -276.759 0 0 -0.0181068 0 0 
1530.67 0.0531049 -3.8166 -0.000337071 -3.40076 3.22479e+17 2.50548e+12 1260 162.8 175964 0 0 -0.04184 0 0 -276.758 0 0 -0.0187598 0 0 
1530.72 0.0540777 -3.81563 -0.000337095 -3.40076 3.11041e+17 2.60171e+12 1260 162.8 177496 0 0 -0.04184 0 0 -276.757 0 0 -0.0194377 0 0 
1530.78 0.055059 -3.81464 -0.00033712 -3.40076 2.99898e+17 2.70253e+12 1260 162.8 179066 0 0 -0.04184 0 0 -276.756 0 0 -0.0201417 0 0 
1530.83 0.0560491 -3.81365 -0.000337145 -3.40076 2.89045e+17 2.80821e+12 1260 162.8 180676 0 0 -0.04184 0 0 -276.756 0 0 -0.0208732 0 0 
1530.89 0.0570481 -3.81266 -0.000337172 -3.40076 2.78477e+17 2.91903e+12 1260 162.8 182324 0 0 -0.04184 0 0 -276.755 0 0 -0.0216334 0 0 
1530.94 0.0580563 -3.81165 -0.000337199 -3.40077 2.68191e+17 3.0353e+12 1260 162.8 184010 0 0 -0.04184 0 0 -276.754 0 0 -0.0224238 0 0 
1531 0.0590739 -3.81063 -0.000337228 -3.40077 2.58182e+17 3.15735e+12 1260 162.8 184863 0 0 -0.04184 0 0 -276.754 0 0 -0.0228267 0 0 
1531 0.0590739 -3.81063 -0.000337228 -3.40077 2.58182e+17 3.15735e+12 1260 162.8 186605 0 0 -0.04184 0 0 -276.753 0 0 -0.0236648 0 0 
1531.06 0.0601011 -3.8096 -0.000337258 -3.40077 2.48445e+17 3.28552e+12 1260 162.8 187496 0 0 -0.04184 0 0 -276.753 0 0 -0.0241009 0 0 
1531.11 0.0611381 -3.80857 -0.000337289 -3.40077 2.38976e+17 3.42019e+12 1260 162.8 189294 0 0 -0.04184 0 0 -276.752 0 0 -0.024991 0 0 
1531.17 0.062185 -3.80752 -0.000337321 -3.40077 2.29771e+17 3.56177e+12 1260 162.8 191130 0 0 -0.04184 0 0 -276.751 0 0 -0.0259178 0 0 
1531.22 0.0632422 -3.80646 -0.000337355 -3.40077 2.20825e+17 3.71066e+12 1260 162.8 193002 0 0 -0.04184 0 0 -276.75 0 0 -0.026883 0 0 
1531.28 0.0643098 -3.80539 -0.000337389 -3.40078 2.12136e+17 3.86733e+12 1260 162.8 194910 0 0 -0.04184 0 0 -276.749 0 0 -0.0278889 0 0 
1531.33 0.065388 -3.80432 -0.000337426 -3.40078 2.03698e+17 4.03227e+12 1260 162.8 196853 0 0 -0.04184 0 0 -276.748 0 0 -0.0289374 0 0 
1531.39 0.066477 -3.80323 -0.000337464 -3.40078 1.95508e+17 4.206e+12 1260 162.8 198832 0 0 -0.04184 0 0 -276.747 0 0 -0.0300309 0 0 
1531.44 0.067577 -3.80213 -0.000337503 -3.40078 1.87561e+17 4.38908e+12 1260 162.8 200845 0 0 -0.04184 0 0 -276.745 0 0 -0.0311718 0 0 
1531.5 0.0686882 -3.80102 -0.000337544 -3.40078 1.79853e+17 4.58211e+12 1260 162.8 202893 0 0 -0.04184 0 0 -276.744 0 0 -0.0323625 0 0 
1531.55 0.0698107 -3.79989 -0.000337587 -3.40078 1.72382e+17 4.78573e+12 1260 162.8 204974 0 0 -0.04184 0 0 -276.743 0 0 -0.0336059 0 0 
1531.61 0.0709448 -3.79876 -0.000337632 -3.40078 1.65141e+17 5.00062e+12 1260 162.8 207088 0 0 -0.04184 0 0 -276.742 0 0 -0.0349049 0 0 
1531.66 0.0720906 -3.79761 -0.000337678 -3.40079 1.58129e+17 5.22754e+12 1260 162.8 209235 0 0 -0.04184 0 0 -276.74 0 0 -0.0362624 0 0 
1531.72 0.0732483 -3.79646 -0.000337727 -3.40079 1.5134e+17 5.46727e+12 1260 162.8 211414 0 0 -0.04184 0 0 -276.739 0 0 -0.037682 0 0 
1531.77 0.0744181 -3.79529 -0.000337778 -3.40079 1.4477e+17 5.72066e+12 1260 162.8 213625 0 0 -0.04184 0 0 -276.737 0 0 -0.0391669 0 0 
1531.83 0.0756001 -3.7941 -0.000337831 -3.40079 1.38416e+17 5.98864e+12 1260 162.8 215867 0 0 -0.04184 0 0 -276.736 0 0 -0.0407211 0 0 
1531.88 0.0767946 -3.79291 -0.000337887 -3.40079 1.32274e+17 6.27218e+12 1260 162.8 218139 0 0 -0.04184 0 0 -276.734 0 0 -0.0423484 0 0 
1531.94 0.0780016 -3.7917 -0.000337945 -3.40079 1.26339e+17 6.57234e+12 1260 162.8 220441 0 0 -0.04184 0 0 -276.733 0 0 -0.0440532 0 0 
1531.99 0.0792215 -3.79048 -0.000338007 -3.40079 1.20607e+17 6.89026e+12 1260 162.8 222772 0 0 -0.04184 0 0 -276.731 0 0 -0.0458401 0 0 
1532.05 0.0804542 -3.78925 -0.000338071 -3.4008 1.15076e+17 7.22716e+12 1260 162.8 225132 0 0 -0.04184 0 0 -276.729 0 0 -0.0477138 0 0 
1532.1 0.0817 -3.788 -0.000338138 -3.4008 1.09739e+17 7.58437e+12 1260 162.8 227520 0 0 -0.04184 0 0 -276.727 0 0 -0.0496797 0 0 
1532.16 0.082959 -3.78674 -0.000338208 -3.4008 1.04594e+17 7.9633e+12 1260 162.8 229935 0 0 -0.04184 0 0 -276.725 0 0 -0.0517432 0 0 
1532.21 0.0842314 -3.78547 -0.000338282 -3.4008 9.9636e+16 8.36548e+12 1260 162.8 232376 0 0 -0.04184 0 0 -276.723 0 0 -0.0539104 0 0 
1532.27 0.0855172 -3.78419 -0.00033836 -3.4008 9.48611e+16 8.79257e+12 1260 162.8 234844 0 0 -0.04184 0 0 -276.72 0 0 -0.0561876 0 0 
1532.32 0.0868168 -3.78289 -0.000338441 -3.4008 9.02652e+16 9.24633e+12 1260 162.8 237337 0 0 -0.04184 0 0 -276.718 0 0 -0.0585817 0 0 
1532.38 0.0881301 -3.78157 -0.000338527 -3.4008 8.58442e+16 9.7287e+12 1260 162.8 239855 0 0 -0.04184 0 0 -276.716 0 0 -0.0611001 0 0 
1532.43 0.0894574 -3.78025 -0.000338617 -3.4008 8.15939e+16 1.02418e+13 1260 162.8 242397 0 0 -0.04184 0 0 -276.713 0 0 -0.0637505 0 0 
1532.49 0.0907987 -3.7789 -0.000338712 -3.40081 7.75101e+16 1.07877e+13 1260 162.8 244962 0 0 -0.04184 0 0 -276.71 0 0 -0.0665414 0 0 
1532.54 0.0921542 -3.77755 -0.000338812 -3.40081 7.35887e+16 1.1369e+13 1260 162.8 247550 0 0 -0.04184 0 0 -276.707 0 0 -0.0694819 0 0 
1532.6 0.0935241 -3.77618 -0.000338917 -3.40081 6.98256e+16 1.19883e+13 1260 162.8 250160 0 0 -0.04184 0 0 -276.704 0 0 -0.0725817 0 0 
1532.65 0.0949083 -3.7748 -0.000339028 -3.40081 6.62166e+16 1.26483e+13 1260 162.8 252791 0 0 -0.04184 0 0 -276.701 0 0 -0.0758511 0 0 
1532.71 0.0963071 -3.7734 -0.000339145 -3.40081 6.27575e+16 1.33522e+13 1260 162.8 255443 0 0 -0.04184 0 0 -276.697 0 0 -0.0793015 0 0 
1532.76 0.0977205 -3.77198 -0.000339268 -3.40081 5.94443e+16 1.41032e+13 1260 162.8 258115 0 0 -0.04184 0 0 -276.694 0 0 -0.0829449 0 0 
1532.82 0.0991487 -3.77055 -0.000339399 -3.40081 5.62728e+16 1.49049e+13 1260 162.8 260806 0 0 -0.04184 0 0 -276.69 0 0 -0.0867942 0 0 
1532.87 0.100592 -3.76911 -0.000339536 -3.40082 5.32389e+16 1.57613e+13 1260 162.8 263516 0 0 -0.04184 0 0 -276.686 0 0 -0.0908635 0 0 
1532.93 0.10205 -3.76765 -0.000339682 -3.40082 5.03385e+16 1.66766e+13 1260 162.8 266243 0 0 -0.04184 0 0 -276.681 0 0 -0.0951677 0 0 
1532.98 0.103523 -3.76618 -0.000339836 -3.40082 4.75675e+16 1.76553e+13 1260 162.8 268988 0 0 -0.04184 0 0 -276.677 0 0 -0.099723 0 0 
1533.04 0.105011 -3.76469 -0.000339999 -3.40082 4.4922e+16 1.87023e+13 1260 162.8 271750 0 0 -0.04184 0 0 -276.672 0 0 -0.104547 0 0 
1533.09 0.106515 -3.76319 -0.000340172 -3.40082 4.23979e+16 1.98232e+13 1260 162.8 274528 0 0 -0.04184 0 0 -276.667 0 0 -0.109658 0 0 
1533.15 0.108033 -3.76167 -0.000340355 -3.40082 3.99912e+16 2.10236e+13 1260 162.8 277321 0 0 -0.04184 0 0 -276.662 0 0 -0.115077 0 0 
1533.2 0.109568 -3.76014 -0.000340549 -3.40082 3.76981e+16 2.23101e+13 1260 162.8 280128 0 0 -0.04184 0 0 -276.656 0 0 -0.120826 0 0 
1533.26 0.111117 -3.75859 -0.000340756 -3.40082 3.55147e+16 2.36894e+13 1260 162.8 282950 0 0 -0.04184 0 0 -276.65 0 0 -0.126927 0 0 
1533.31 0.112683 -3.75702 -0.000340974 -3.40082 3.3437e+16 2.51692e+13 1260 162.8 285786 0 0 -0.04184 0 0 -276.643 0 0 -0.133408 0 0 
1533.37 0.114264 -3.75544 -0.000341207 -3.40083 3.14615e+16 2.67576e+13 1260 162.8 288634 0 0 -0.04184 0 0 -276.636 0 0 -0.140295 0 0 
1533.42 0.11586 -3.75384 -0.000341454 -3.40083 2.95842e+16 2.84635e+13 1260 162.8 291495 0 0 -0.04184 0 0 -276.629 0 0 -0.147618 0 0 
1533.48 0.117473 -3.75223 -0.000341717 -3.40083 2.78017e+16 3.02966e+13 1260 162.8 294368 0 0 -0.04184 0 0 -276.621 0 0 -0.155409 0 0 
1533.53 0.119101 -3.7506 -0.000341997 -3.40083 2.61102e+16 3.22676e+13 1260 162.8 297252 0 0 -0.04184 0 0 -276.613 0 0 -0.163703 0 0 
1533.59 0.120745 -3.74896 -0.000342295 -3.40083 2.45062e+16 3.43879e+13 1260 162.8 300147 0 0 -0.04184 0 0 -276.604 0 0 -0.172539 0 0 
1533.64 0.122405 -3.7473 -0.000342612 -3.40083 2.29863e+16 3.66702e+13 1260 162.8 303052 0 0 -0.04184 0 0 -276.595 0 0 -0.181957 0 0 
1533.7 0.124082 -3.74562 -0.000342951 -3.40083 2.1547e+16 3.91281e+13 1260 162.8 305967 0 0 -0.04184 0 0 -276.585 0 0 -0.192 0 0 
1533.75 0.125774 -3.74393 -0.000343312 -3.40083 2.01851e+16 4.17768e+13 1260 162.8 308891 0 0 -0.04184 0 0 -276.574 0 0 -0.202718 0 0 
1533.81 0.127482 -3.74222 -0.000343698 -3.40083 1.88973e+16 4.46325e+13 1260 162.8 311824 0 0 -0.04184 0 0 -276.562 0 0 -0.214162 0 0 
1533.86 0.129207 -3.7405 -0.000344111 -3.40083 1.76804e+16 4.77133e+13 1260 162.8 314765 0 0 -0.04184 0 0 -276.55 0 0 -0.226388 0 0 
1533.92 0.130948 -3.73876 -0.000344551 -3.40084 1.65313e+16 5.10387e+13 1260 162.8 317714 0 0 -0.04184 0 0 -276.537 0 0 -0.239457 0 0 
1533.97 0.132705 -3.737 -0.000345023 -3.40084 1.54471e+16 5.46302e+13 1260 162.8 320671 0 0 -0.04184 0 0 -276.523 0 0 -0.253437 0 0 
1534.03 0.134478 -3.73523 -0.000345528 -3.40084 1.44247e+16 5.85112e+13 1260 162.8 323635 0 0 -0.04184 0 0 -276.508 0 0 -0.268397 0 0 
1534.08 0.136268 -3.73344 -0.000346069 -3.40084 1.34613e+16 6.27076e+13 1260 162.8 326606 0 0 -0.04184 0 0 -276.492 0 0 -0.284417 0 0 
1534.14 0.138074 -3.73163 -0.000346648 -3.40084 1.25542e+16 6.72474e+13 1260 162.8 329583 0 0 -0.04184 0 0 -276.475 0 0 -0.301579 0 0 
1534.19 0.139896 -3.72981 -0.00034727 -3.40084 1.17008e+16 7.21617e+13 1260 162.8 332566 0 0 -0.04184 0 0 -276.457 0 0 -0.319977 0 0 
1534.25 0.141735 -3.72797 -0.000347937 -3.40084 1.08983e+16 7.74843e+13 1260 162.8 335555 0 0 -0.04184 0 0 -276.437 0 0 -0.339708 0 0 
1534.3 0.14359 -3.72611 -0.000348653 -3.40084 1.01443e+16 8.32524e+13 1260 162.8 338549 0 0 -0.04184 0 0 -276.416 0 0 -0.360881 0 0 
1534.36 0.145462 -3.72424 -0.000349423 -3.40084 9.43635e+15 8.95071e+13 1260 162.8 341548 0 0 -0.04184 0 0 -276.393 0 0 -0.38361 0 0 
1534.41 0.14735 -3.72235 -0.000350251 -3.40084 8.77215e+15 9.62931e+13 1260 162.8 344552 0 0 -0.04184 0 0 -276.369 0 0 -0.408021 0 0 
1534.47 0.149255 -3.72045 -0.000351142 -3.40085 8.14941e+15 1.0366e+14 1260 162.8 347560 0 0 -0.04184 0 0 -276.342 0 0 -0.434249 0 0 
1534.52 0.151177 -3.71853 -0.0003521 -3.40085 7.56597e+15 1.11662e+14 1260 162.8 350572 0 0 -0.04184 0 0 -276.314 0 0 -0.46244 0 0 
1534.58 0.153115 -3.71659 -0.000353134 -3.40085 7.01974e+15 1.20358e+14 1260 162.8 353589 0 0 -0.04184 0 0 -276.284 0 0 -0.492752 0 0 
1534.63 0.155069 -3.71463 -0.000354247 -3.40085 6.50871e+15 1.29816e+14 1260 162.8 356609 0 0 -0.04184 0 0 -276.251 0 0 -0.525351 0 0 
1534.69 0.157041 -3.71266 -0.000355449 -3.40085 6.03095e+15 1.40107e+14 1260 162.8 359632 0 0 -0.04184 0 0 -276.216 0 0 -0.560419 0 0 
1534.74 0.159029 -3.71067 -0.000356745 -3.40085 5.58462e+15 1.5131e+14 1260 162.8 362659 0 0 -0.04184 0 0 -276.178 0 0 -0.598147 0 0 
1534.8 0.161033 -3.70867 -0.000358146 -3.40085 5.16795e+15 1.63515e+14 1260 162.8 365688 0 0 -0.04184 0 0 -276.138 0 0 -0.638739 0 0 
1534.85 0.163055 -3.70665 -0.00035966 -3.40085 4.77924e+15 1.76819e+14 1260 162.8 368721 0 0 -0.04184 0 0 -276.094 0 0 -0.682409 0 0 
1534.91 0.165093 -3.70461 -0.000361297 -3.40085 4.41688e+15 1.91328e+14 1260 162.8 371756 0 0 -0.04184 0 0 -276.047 0 0 -0.729382 0 0 
1534.96 0.167147 -3.70256 -0.000363069 -3.40085 4.07931e+15 2.07162e+14 1260 162.8 374794 0 0 -0.04184 0 0 -275.997 0 0 -0.77989 0 0 
1535.02 0.169219 -3.70048 -0.000364987 -3.40085 3.76508e+15 2.24451e+14 1260 162.8 377834 0 0 -0.04184 0 0 -275.942 0 0 -0.834174 0 0 
1535.07 0.171307 -3.6984 -0.000367066 -3.40085 3.47277e+15 2.43341e+14 1260 162.8 380876 0 0 -0.04184 0 0 -275.884 0 0 -0.892473 0 0 
1535.13 0.173412 -3.69629 -0.00036932 -3.40086 3.20105e+15 2.63991e+14 1260 162.8 383920 0 0 -0.04184 0 0 -275.822 0 0 -0.955027 0 0 
1535.18 0.175534 -3.69417 -0.000371766 -3.40086 2.94865e+15 2.86579e+14 1260 162.8 386966 0 0 -0.04184 0 0 -275.755 0 0 -1.02207 0 0 
1535.24 0.177672 -3.69203 -0.000374421 -3.40086 2.71436e+15 3.11302e+14 1260 162.8 390013 0 0 -0.04184 0 0 -275.683 0 0 -1.0938 0 0 
1535.29 0.179827 -3.68988 -0.000377306 -3.40086 2.49704e+15 3.38377e+14 1260 162.8 393063 0 0 -0.04184 0 0 -275.606 0 0 -1.17042 0 0 
1535.35 0.181999 -3.6877 -0.000380441 -3.40086 2.2956e+15 3.68045e+14 1260 162.8 396113 0 0 -0.04184 0 0 -275.525 0 0 -1.25208 0 0 
1535.4 0.184188 -3.68552 -0.000383852 -3.40086 2.10901e+15 4.00575e+14 1260 162.8 399165 0 0 -0.04184 0 0 -275.438 0 0 -1.33886 0 0 
1535.46 0.186394 -3.68331 -0.000387565 -3.40086 1.9363e+15 4.36263e+14 1260 162.8 402219 0 0 -0.04184 0 0 -275.346 0 0 -1.4308 0 0 
1535.51 0.188616 -3.68109 -0.000391608 -3.40086 1.77655e+15 4.7544e+14 1260 162.8 405274 0 0 -0.04184 0 0 -275.249 0 0 -1.52784 0 0 
1535.57 0.190856 -3.67885 -0.000396015 -3.40086 1.6289e+15 5.18471e+14 1260 162.8 408329 0 0 -0.04184 0 0 -275.147 0 0 -1.62983 0 0 
1535.62 0.193112 -3.67659 -0.000400821 -3.40086 1.49252e+15 5.65765e+14 1260 162.8 411386 0 0 -0.04184 0 0 -275.04 0 0 -1.73648 0 0 
1535.68 0.195385 -3.67432 -0.000406066 -3.40086 1.36665e+15 6.17775e+14 1260 162.8 414444 0 0 -0.04184 0 0 -274.929 0 0 -1.8474 0 0 
1535.73 0.197674 -3.67203 -0.000411794 -3.40086 1.25055e+15 6.75004e+14 1260 162.8 417503 0 0 -0.04184 0 0 -274.815 0 0 -1.96206 0 0 
1535.79 0.199981 -3.66972 -0.000418053 -3.40086 1.14354e+15 7.38015e+14 1260 162.8 420562 0 0 -0.04184 0 0 -274.697 0 0 -2.07978 0 0 
1535.84 0.202304 -3.6674 -0.000424896 -3.40086 1.04499e+15 8.07434e+14 1260 162.8 423623 0 0 -0.04184 0 0 -274.577 0 0 -2.19978 0 0 
1535.9 0.204645 -3.66506 -0.000432384 -3.40086 9.5428e+14 8.83957e+14 1260 162.8 426684 0 0 -0.04184 0 0 -274.455 0 0 -2.32114 0 0 
1535.95 0.207002 -3.6627 -0.000440583 -3.40087 8.70852e+14 9.68363e+14 1260 162.8 429746 0 0 -0.04184 0 0 -274.334 0 0 -2.44291 0 0 
1536.01 0.209376 -3.66033 -0.000449566 -3.40087 7.94176e+14 1.06152e+15 1260 162.8 432808 0 0 -0.04184 0 0 -274.213 0 0 -2.56407 0 0 
1536.06 0.211767 -3.65794 -0.000459416 -3.40087 7.23753e+14 1.16439e+15 1260 162.8 435871 0 0 -0.04184 0 0 -274.093 0 0 -2.68361 0 0 
1536.12 0.214174 -3.65553 -0.000470223 -3.40087 6.59121e+14 1.27807e+15 1260 162.8 438935 0 0 -0.04184 0 0 -273.976 0 0 -2.80057 0 0 
1536.17 0.216599 -3.6531 -0.000482088 -3.40087 5.99843e+14 1.40376e+15 1260 162.8 441999 0 0 -0.04184 0 0 -273.863 0 0 -2.91407 0 0 
1536.23 0.21904 -3.65066 -0.000495125 -3.40087 5.45516e+14 1.54282e+15 1260 162.8 445064 0 0 -0.04184 0 0 -273.753 0 0 -3.02334 0 0 
1536.28 0.221499 -3.6482 -0.00050946 -3.40087 4.9576e+14 1.69675e+15 1260 162.8 448129 0 0 -0.04184 0 0 -273.649 0 0 -3.12776 0 0 
1536.34 0.223974 -3.64573 -0.000525232 -3.40087 4.50223e+14 1.86726e+15 1260 162.8 451195 0 0 -0.04184 0 0 -273.55 0 0 -3.22683 0 0 
1536.39 0.226466 -3.64324 -0.0005426 -3.40087 4.08576e+14 2.05625e+15 1260 162.8 454261 0 0 -0.04184 0 0 -273.456 0 0 -3.32022 0 0 
1536.45 0.228975 -3.64073 -0.000561738 -3.40087 3.70514e+14 2.26584e+15 1260 162.8 457328 0 0 -0.04184 0 0 -273.369 0 0 -3.40773 0 0 
1536.5 0.231501 -3.6382 -0.000582843 -3.40087 3.35753e+14 2.49842e+15 1260 162.8 460395 0 0 -0.04184 0 0 -273.287 0 0 -3.48928 0 0 
1536.56 0.234044 -3.63566 -0.000606135 -3.40087 3.04029e+14 2.75667e+15 1260 162.8 463463 0 0 -0.04184 0 0 -273.212 0 0 -3.56491 0 0 
1536.61 0.236603 -3.6331 -0.000631859 -3.40087 2.75096e+14 3.04359e+15 1260 162.8 466531 0 0 -0.04184 0 0 -273.142 0 0 -3.63475 0 0 
1536.67 0.23918 -3.63052 -0.000660292 -3.40087 2.48728e+14 3.36258e+15 1260 162.8 469600 0 0 -0.04184 0 0 -273.078 0 0 -3.69897 0 0 
1536.72 0.241773 -3.62793 -0.000691744 -3.40087 2.24714e+14 3.71742e+15 1260 162.8 472669 0 0 -0.04184 0 0 -273.019 0 0 -3.75784 0 0 
1536.78 0.244383 -3.62532 -0.000726562 -3.40087 2.0286e+14 4.11239e+15 1260 162.8 475739 0 0 -0.04184 0 0 -272.965 0 0 -3.81163 0 0 
1536.83 0.247011 -3.62269 -0.000765139 -3.40087 1.82985e+14 4.55229e+15 1260 162.8 478809 0 0 -0.04184 0 0 -272.916 0 0 -3.86063 0 0 
1536.89 0.249655 -3.62005 -0.000807915 -3.40087 1.64922e+14 5.04253e+15 1260 162.8 481880 0 0 -0.04184 0 0 -272.871 0 0 -3.90518 0 0 
1536.94 0.252316 -3.61739 -0.000855388 -3.40087 1.48518e+14 5.58922e+15 1260 162.8 484952 0 0 -0.04184 0 0 -272.831 0 0 -3.94558 0 0 
1537 0.254994 -3.61471 -0.000908118 -3.40087 1.33631e+14 6.19923e+15 1260 162.8 486488 0 0 -0.04184 0 0 -272.812 0 0 -3.96478 0 0 
1537 0.0304857 -3.462 -0.000908118 -3.40087 6.21109e+17 1.46048e+18 1500 200 -1.01986e+06 0 0 -0.0285876 0 0 -272.562 0 0 -4.21446 0 0 
1537.06 0.0248198 -3.46767 -0.000908127 -3.40087 7.57407e+17 1.1788e+18 1500 200 -1.01965e+06 0 0 -0.0285876 0 0 -272.318 0 0 -4.45888 0 0 
1537.11 0.0191563 -3.47333 -0.000908135 -3.40087 9.19893e+17 9.5065e+17 1500 200 -1.01942e+06 0 0 -0.0285876 0 0 -271.826 0 0 -4.95045 0 0 
1537.17 0.0134929 -3.47899 -0.000908141 -3.40087 1.11224e+18 7.66087e+17 1500 200 -1.01958e+06 0 0 -0.0285876 0 0 -271.339 0 0 -5.43752 0 0 
1537.22 0.00782758 -3.48466 -0.000908146 -3.40087 1.33817e+18 6.16931e+17 1500 200 -1.02012e+06 0 0 -0.0285876 0 0 -270.875 0 0 -5.9014 0 0 
1537.28 0.00215825 -3.49033 -0.00090815 -3.40087 1.60137e+18 4.96491e+17 1500 200 -1.02103e+06 0 0 -0.0285876 0 0 -270.449 0 0 -6.32755 0 0 
1537.33 -0.00351725 -3.496 -0.000908154 -3.40087 1.90532e+18 3.99306e+17 1500 200 -1.02235e+06 0 0 -0.0285876 0 0 -270.069 0 0 -6.70724 0 0 
1537.39 -0.00920115 -3.50169 -0.000908157 -3.40087 2.2532e+18 3.20935e+17 1500 200 -1.02407e+06 0 0 -0.0285876 0 0 -269.739 0 0 -7.03742 0 0 
1537.44 -0.0148958 -3.50738 -0.00090816 -3.40087 2.64778e+18 2.57769e+17 1500 200 -1.02624e+06 0 0 -0.0285876 0 0 -269.457 0 0 -7.31935 0 0 
1537.5 -0.0206038 -3.51309 -0.000908162 -3.40087 3.09134e+18 2.06885e+17 1500 200 -1.02889e+06 0 0 -0.0285876 0 0 -269.22 0 0 -7.55693 0 0 
1537.56 -0.026328 -3.51881 -0.000908164 -3.40087 3.58569e+18 1.65913e+17 1500 200 -1.03206e+06 0 0 -0.0285876 0 0 -269.021 0 0 -7.75531 0 0 
1537.61 -0.0320711 -3.52456 -0.000908165 -3.40087 4.13215e+18 1.32938e+17 1500 200 -1.03578e+06 0 0 -0.0285876 0 0 -268.857 0 0 -7.91993 0 0 
1537.67 -0.0378366 -3.53032 -0.000908167 -3.40087 4.73161e+18 1.06414e+17 1500 200 -1.04011e+06 0 0 -0.0285876 0 0 -268.721 0 0 -8.05595 0 0 
1537.72 -0.0436279 -3.53611 -0.000908168 -3.40087 5.38463e+18 8.50884e+16 1500 200 -1.0451e+06 0 0 -0.0285876 0 0 -268.609 0 0 -8.16802 0 0 
1537.78 -0.0494488 -3.54194 -0.000908169 -3.40087 6.0915e+18 6.7954e+16 1500 200 -1.05078e+06 0 0 -0.0285876 0 0 -268.516 0 0 -8.26017 0 0 
1537.83 -0.0553033 -3.54779 -0.00090817 -3.40087 6.85238e+18 5.41963e+16 1500 200 -1.05722e+06 0 0 -0.0285876 0 0 -268.441 0 0 -8.33582 0 0 
1537.89 -0.0611957 -3.55368 -0.000908171 -3.40087 7.66731e+18 4.31585e+16 1500 200 -1.06446e+06 0 0 -0.0285876 0 0 -268.379 0 0 -8.39785 0 0 
1537.94 -0.0671307 -3.55962 -0.000908172 -3.40087 8.53636e+18 3.43109e+16 1500 200 -1.07256e+06 0 0 -0.0285876 0 0 -268.328 0 0 -8.44863 0 0 
1538 -0.073113 -3.5656 -0.000908172 -3.40087 9.45968e+18 2.72262e+16 1500 200 -1.08157e+06 0 0 -0.0285876 0 0 -268.286 0 0 -8.49017 0 0 
1538.06 -0.079148 -3.57163 -0.000908173 -3.40087 1.04375e+19 2.15599e+16 1500 200 -1.09153e+06 0 0 -0.0285876 0 0 -268.253 0 0 -8.52409 0 0 
1538.11 -0.0852412 -3.57773 -0.000908173 -3.40087 1.14703e+19 1.70343e+16 1500 200 -1.10251e+06 0 0 -0.0285876 0 0 -268.225 0 0 -8.55174 0 0 
1538.17 -0.0913982 -3.58388 -0.000908174 -3.40087 1.25587e+19 1.34252e+16 1500 200 -1.11456e+06 0 0 -0.0285876 0 0 -268.202 0 0 -8.57425 0 0 
1538.22 -0.0976252 -3.59011 -0.000908174 -3.40087 1.37035e+19 1.0552e+16 1500 200 -1.12774e+06 0 0 -0.0285876 0 0 -268.184 0 0 -8.59252 0 0 
1538.28 -0.103929 -3.59641 -0.000908175 -3.40087 1.49058e+19 8.26917e+15 1500 200 -1.1421e+06 0 0 -0.0285876 0 0 -268.169 0 0 -8.60734 0 0 
1538.33 -0.110315 -3.6028 -0.000908175 -3.40087 1.61669e+19 6.45937e+15 1500 200 -1.15769e+06 0 0 -0.0285876 0 0 -268.157 0 0 -8.6193 0 0 
1538.39 -0.116792 -3.60928 -0.000908176 -3.40087 1.74885e+19 5.02807e+15 1500 200 -1.17458e+06 0 0 -0.0285876 0 0 -268.148 0 0 -8.62895 0 0 
1538.44 -0.123366 -3.61585 -0.000908176 -3.40087 1.88724e+19 3.89918e+15 1500 200 -1.19284e+06 0 0 -0.0285876 0 0 -268.14 0 0 -8.6367 0 0 
1538.5 -0.130046 -3.62253 -0.000908176 -3.40087 2.03208e+19 3.01146e+15 1500 200 -1.21252e+06 0 0 -0.0285876 0 0 -268.134 0 0 -8.6429 0 0 
1538.56 -0.136839 -3.62932 -0.000908177 -3.40087 2.18361e+19 2.31567e+15 1500 200 -1.23368e+06 0 0 -0.0285876 0 0 -268.129 0 0 -8.64784 0 0 
1538.61 -0.143753 -3.63624 -0.000908177 -3.40087 2.34212e+19 1.77228e+15 1500 200 -1.25641e+06 0 0 -0.0285876 0 0 -268.125 0 0 -8.65177 0 0 
1538.67 -0.150799 -3.64328 -0.000908177 -3.40088 2.50791e+19 1.34957e+15 1500 200 -1.28076e+06 0 0 -0.0285876 0 0 -268.122 0 0 -8.65488 0 0 
1538.72 -0.157984 -3.65047 -0.000908177 -3.40088 2.68132e+19 1.02214e+15 1500 200 -1.30681e+06 0 0 -0.0285876 0 0 -268.119 0 0 -8.65732 0 0 
1538.78 -0.165319 -3.65781 -0.000908178 -3.40088 2.86272e+19 7.69698e+14 1500 200 -1.33465e+06 0 0 -0.0285876 0 0 -268.117 0 0 -8.65923 0 0 
1538.83 -0.172813 -3.6653 -0.000908178 -3.40088 3.05253e+19 5.76044e+14 1500 200 -1.36435e+06 0 0 -0.0285876 0 0 -268.116 0 0 -8.66072 0 0 
1538.89 -0.180478 -3.67296 -0.000908178 -3.40088 3.25118e+19 4.28295e+14 1500 200 -1.39601e+06 0 0 -0.0285876 0 0 -268.115 0 0 -8.66187 0 0 
1538.94 -0.188324 -3.68081 -0.000908178 -3.40089 3.45917e+19 3.16227e+14 1500 200 -1.4297e+06 0 0 -0.0285876 0 0 -268.114 0 0 -8.66275 0 0 
1539 -0.196364 -3.68885 -0.000908178 -3.40089 3.67702e+19 2.3176e+14 1500 200 -1.44707e+06 0 0 -0.0285876 0 0 -268.113 0 0 -8.66314 0 0 
1539 0.0281442 -3.84156 -0.000908178 -3.40089 7.79798e+17 9.59043e+11 1260 162.8 30693.1 0 0 -0.04184 0 0 -268.113 0 0 -8.66356 0 0 
1539.06 0.0283131 -3.84139 -0.000908188 -3.40273 7.75189e+17 1.03625e+12 1260 162.8 30865.1 0 0 -0.04184 0 0 -268.113 0 0 -8.66369 0 0 
1539.11 0.028484 -3.84122 -0.000908197 -3.40443 7.70553e+17 1.11404e+12 1260 162.8 31213.8 0 0 -0.04184 0 0 -268.113 0 0 -8.66398 0 0 
1539.17 0.0286568 -3.84105 -0.000908207 -3.40601 7.65891e+17 1.19245e+12 1260 162.8 31572.1 0 0 -0.04184 0 0 -268.112 0 0 -8.66428 0 0 
1539.22 0.0288315 -3.84087 -0.000908216 -3.4075 7.612e+17 1.27148e+12 1260 162.8 31940 0 0 -0.04184 0 0 -268.112 0 0 -8.66461 0 0 
1539.28 0.0290084 -3.8407 -0.000908226 -3.40889 7.56481e+17 1.35116e+12 1260 162.8 32317.5 0 0 -0.04184 0 0 -268.112 0 0 -8.66496 0 0 
1539.33 0.0291873 -3.84052 -0.000908236 -3.4102 7.51733e+17 1.43151e+12 1260 162.8 32704.9 0 0 -0.04184 0 0 -268.111 0 0 -8.66533 0 0 
1539.39 0.0293684 -3.84033 -0.000908245 -3.41145 7.46956e+17 1.51254e+12 1260 162.8 33102.2 0 0 -0.04184 0 0 -268.111 0 0 -8.66572 0 0 
1539.44 0.0295518 -3.84015 -0.000908255 -3.41262 7.42148e+17 1.59428e+12 1260 162.8 33509.4 0 0 -0.04184 0 0 -268.11 0 0 -8.66613 0 0 
1539.5 0.0297374 -3.83997 -0.000908265 -3.41374 7.37309e+17 1.67675e+12 1260 162.8 33926.8 0 0 -0.04184 0 0 -268.11 0 0 -8.66657 0 0 
1539.55 0.0299253 -3.83978 -0.000908275 -3.41481 7.32439e+17 1.75997e+12 1260 162.8 34354.3 0 0 -0.04184 0 0 -268.11 0 0 -8.66702 0 0 
1539.61 0.0301156 -3.83959 -0.000908285 -3.41582 7.27537e+17 1.84397e+12 1260 162.8 34792.2 0 0 -0.04184 0 0 -268.109 0 0 -8.6675 0 0 
1539.66 0.0303083 -3.8394 -0.000908295 -3.41679 7.22603e+17 1.92878e+12 1260 162.8 35240.5 0 0 -0.04184 0 0 -268.109 0 0 -8.668 0 0 
1539.72 0.0305035 -3.8392 -0.000908305 -3.41772 7.17637e+17 2.01442e+12 1260 162.8 35699.3 0 0 -0.04184 0 0 -268.108 0 0 -8.66853 0 0 
1539.77 0.0307013 -3.839 -0.000908315 -3.41861 7.12637e+17 2.10091e+12 1260 162.8 36168.8 0 0 -0.04184 0 0 -268.108 0 0 -8.66907 0 0 
1539.83 0.0309017 -3.8388 -0.000908326 -3.41946 7.07603e+17 2.1883e+12 1260 162.8 36649 0 0 -0.04184 0 0 -268.107 0 0 -8.66964 0 0 
1539.88 0.0311048 -3.8386 -0.000908336 -3.42028 7.02536e+17 2.2766e+12 1260 162.8 37140.1 0 0 -0.04184 0 0 -268.106 0 0 -8.67023 0 0 
1539.94 0.0313106 -3.83839 -0.000908347 -3.42107 6.97434e+17 2.36584e+12 1260 162.8 37642.2 0 0 -0.04184 0 0 -268.106 0 0 -8.67085 0 0 
1539.99 0.0315192 -3.83818 -0.000908357 -3.42183 6.92298e+17 2.45607e+12 1260 162.8 38155.4 0 0 -0.04184 0 0 -268.105 0 0 -8.67149 0 0 
1540.05 0.0317307 -3.83797 -0.000908368 -3.42256 6.87127e+17 2.54732e+12 1260 162.8 38679.9 0 0 -0.04184 0 0 -268.104 0 0 -8.67215 0 0 
1540.1 0.031945 -3.83776 -0.000908378 -3.42327 6.81921e+17 2.63961e+12 1260 162.8 39215.8 0 0 -0.04184 0 0 -268.104 0 0 -8.67284 0 0 
1540.16 0.0321624 -3.83754 -0.000908389 -3.42395 6.76679e+17 2.73299e+12 1260 162.8 39763.1 0 0 -0.04184 0 0 -268.103 0 0 -8.67356 0 0 
1540.21 0.0323828 -3.83732 -0.0009084 -3.42461 6.71402e+17 2.82749e+12 1260 162.8 40322.2 0 0 -0.04184 0 0 -268.102 0 0 -8.67429 0 0 
1540.27 0.0326063 -3.8371 -0.000908411 -3.42524 6.66089e+17 2.92315e+12 1260 162.8 40892.9 0 0 -0.04184 0 0 -268.102 0 0 -8.67506 0 0 
1540.32 0.032833 -3.83687 -0.000908422 -3.42586 6.6074e+17 3.02002e+12 1260 162.8 41475.6 0 0 -0.04184 0 0 -268.101 0 0 -8.67585 0 0 
1540.38 0.0330629 -3.83664 -0.000908433 -3.42646 6.55355e+17 3.11814e+12 1260 162.8 42070.4 0 0 -0.04184 0 0 -268.1 0 0 -8.67666 0 0 
1540.43 0.0332962 -3.83641 -0.000908444 -3.42703 6.49933e+17 3.21754e+12 1260 162.8 42677.3 0 0 -0.04184 0 0 -268.099 0 0 -8.6775 0 0 
1540.49 0.0335328 -3.83617 -0.000908456 -3.42759 6.44476e+17 3.31828e+12 1260 162.8 43296.6 0 0 -0.04184 0 0 -268.098 0 0 -8.67837 0 0 
1540.54 0.0337728 -3.83593 -0.000908467 -3.42814 6.38982e+17 3.42041e+12 1260 162.8 43928.3 0 0 -0.04184 0 0 -268.097 0 0 -8.67926 0 0 
1540.6 0.0340164 -3.83569 -0.000908478 -3.42866 6.33452e+17 3.52397e+12 1260 162.8 44572.7 0 0 -0.04184 0 0 -268.096 0 0 -8.68019 0 0 
1540.65 0.0342635 -3.83544 -0.00090849 -3.42918 6.27887e+17 3.62902e+12 1260 162.8 45229.9 0 0 -0.04184 0 0 -268.095 0 0 -8.68114 0 0 
1540.71 0.0345143 -3.83519 -0.000908502 -3.42967 6.22285e+17 3.7356e+12 1260 162.8 45900 0 0 -0.04184 0 0 -268.095 0 0 -8.68211 0 0 
1540.76 0.0347688 -3.83493 -0.000908513 -3.43016 6.16647e+17 3.84378e+12 1260 162.8 46583.2 0 0 -0.04184 0 0 -268.094 0 0 -8.68312 0 0 
1540.82 0.0350272 -3.83468 -0.000908525 -3.43063 6.10973e+17 3.95362e+12 1260 162.8 47279.6 0 0 -0.04184 0 0 -268.092 0 0 -8.68415 0 0 
1540.87 0.0352894 -3.83441 -0.000908537 -3.43109 6.05264e+17 4.06517e+12 1260 162.8 47989.4 0 0 -0.04184 0 0 -268.091 0 0 -8.68522 0 0 
1540.93 0.0355555 -3.83415 -0.00090855 -3.43153 5.99519e+17 4.1785e+12 1260 162.8 48712.8 0 0 -0.04184 0 0 -268.09 0 0 -8.68631 0 0 
1540.98 0.0358256 -3.83388 -0.000908562 -3.43196 5.9374e+17 4.29367e+12 1260 162.8 49449.9 0 0 -0.04184 0 0 -268.089 0 0 -8.68744 0 0 
1541.04 0.0360999 -3.8336 -0.000908574 -3.43238 5.87926e+17 4.41076e+12 1260 162.8 50200.9 0 0 -0.04184 0 0 -268.088 0 0 -8.68859 0 0 
1541.09 0.0363783 -3.83333 -0.000908587 -3.43279 5.82077e+17 4.52983e+12 1260 162.8 50965.9 0 0 -0.04184 0 0 -268.087 0 0 -8.68978 0 0 
1541.15 0.036661 -3.83304 -0.000908599 -3.43319 5.76194e+17 4.65096e+12 1260 162.8 51745.2 0 0 -0.04184 0 0 -268.086 0 0 -8.691 0 0 
1541.2 0.036948 -3.83276 -0.000908612 -3.43358 5.70278e+17 4.77422e+12 1260 162.8 52538.9 0 0 -0.04184 0 0 -268.084 0 0 -8.69225 0 0 
1541.26 0.0372394 -3.83246 -0.000908625 -3.43396 5.64329e+17 4.8997e+12 1260 162.8 53347.1 0 0 -0.04184 0 0 -268.083 0 0 -8.69353 0 0 
1541.31 0.0375353 -3.83217 -0.000908638 -3.43433 5.58348e+17 5.02748e+12 1260 162.8 54170.1 0 0 -0.04184 0 0 -268.082 0 0 -8.69485 0 0 
1541.37 0.0378358 -3.83187 -0.000908651 -3.43469 5.52334e+17 5.15764e+12 1260 162.8 55007.9 0 0 -0.04184 0 0 -268.08 0 0 -8.6962 0 0 
1541.42 0.0381409 -3.83156 -0.000908664 -3.43504 5.4629e+17 5.29029e+12 1260 162.8 55860.9 0 0 -0.04184 0 0 -268.079 0 0 -8.69759 0 0 
1541.48 0.0384507 -3.83125 -0.000908678 -3.43539 5.40214e+17 5.42551e+12 1260 162.8 56729.1 0 0 -0.04184 0 0 -268.078 0 0 -8.69901 0 0 
1541.53 0.0387654 -3.83094 -0.000908691 -3.43572 5.34109e+17 5.5634e+12 1260 162.8 57612.8 0 0 -0.04184 0 0 -268.076 0 0 -8.70047 0 0 
1541.59 0.039085 -3.83062 -0.000908705 -3.43605 5.27974e+17 5.70407e+12 1260 162.8 58512.1 0 0 -0.04184 0 0 -268.075 0 0 -8.70197 0 0 
1541.64 0.0394096 -3.83029 -0.000908719 -3.43636 5.21812e+17 5.84762e+12 1260 162.8 59427.2 0 0 -0.04184 0 0 -268.073 0 0 -8.7035 0 0 
1541.7 0.0397393 -3.82996 -0.000908733 -3.43667 5.15621e+17 5.99417e+12 1260 162.8 60358.3 0 0 -0.04184 0 0 -268.072 0 0 -8.70507 0 0 
1541.75 0.0400741 -3.82963 -0.000908748 -3.43698 5.09404e+17 6.14384e+12 1260 162.8 61305.6 0 0 -0.04184 0 0 -268.07 0 0 -8.70668 0 0 
1541.81 0.0404142 -3.82929 -0.000908762 -3.43727 5.03162e+17 6.29674e+12 1260 162.8 62269.2 0 0 -0.04184 0 0 -268.068 0 0 -8.70834 0 0 
1541.86 0.0407596 -3.82894 -0.000908777 -3.43756 4.96894e+17 6.45301e+12 1260 162.8 63249.4 0 0 -0.04184 0 0 -268.067 0 0 -8.71003 0 0 
1541.92 0.0411105 -3.82859 -0.000908791 -3.43784 4.90603e+17 6.61278e+12 1260 162.8 64246.4 0 0 -0.04184 0 0 -268.065 0 0 -8.71176 0 0 
1541.97 0.0414669 -3.82824 -0.000908806 -3.43812 4.8429e+17 6.77619e+12 1260 162.8 65260.3 0 0 -0.04184 0 0 -268.063 0 0 -8.71354 0 0 
1542.03 0.041829 -3.82787 -0.000908822 -3.43839 4.77955e+17 6.94339e+12 1260 162.8 66291.3 0 0 -0.04184 0 0 -268.061 0 0 -8.71536 0 0 
1542.08 0.0421967 -3.82751 -0.000908837 -3.43865 4.716e+17 7.11453e+12 1260 162.8 67339.6 0 0 -0.04184 0 0 -268.059 0 0 -8.71723 0 0 
1542.14 0.0425703 -3.82713 -0.000908853 -3.4389 4.65225e+17 7.28977e+12 1260 162.8 68405.4 0 0 -0.04184 0 0 -268.057 0 0 -8.71914 0 0 
1542.19 0.0429498 -3.82675 -0.000908868 -3.43915 4.58833e+17 7.46927e+12 1260 162.8 69488.9 0 0 -0.04184 0 0 -268.056 0 0 -8.7211 0 0 
1542.25 0.0433353 -3.82637 -0.000908884 -3.4394 4.52425e+17 7.65322e+12 1260 162.8 70590.3 0 0 -0.04184 0 0 -268.054 0 0 -8.7231 0 0 
1542.3 0.043727 -3.82598 -0.000908901 -3.43963 4.46002e+17 7.84179e+12 1260 162.8 71709.7 0 0 -0.04184 0 0 -268.051 0 0 -8.72516 0 0 
1542.36 0.0441248 -3.82558 -0.000908917 -3.43986 4.39564e+17 8.03519e+12 1260 162.8 72847.5 0 0 -0.04184 0 0 -268.049 0 0 -8.72727 0 0 
1542.41 0.044529 -3.82517 -0.000908934 -3.44009 4.33115e+17 8.2336e+12 1260 162.8 74003.7 0 0 -0.04184 0 0 -268.047 0 0 -8.72943 0 0 
1542.47 0.0449395 -3.82476 -0.000908951 -3.44031 4.26655e+17 8.43723e+12 1260 162.8 75178.6 0 0 -0.04184 0 0 -268.045 0 0 -8.73164 0 0 
1542.52 0.0453566 -3.82435 -0.000908968 -3.44053 4.20186e+17 8.64632e+12 1260 162.8 76372.3 0 0 -0.04184 0 0 -268.043 0 0 -8.73391 0 0 
1542.58 0.0457803 -3.82392 -0.000908986 -3.44074 4.1371e+17 8.86109e+12 1260 162.8 77585 0 0 -0.04184 0 0 -268.04 0 0 -8.73623 0 0 
1542.63 0.0462108 -3.82349 -0.000909004 -3.44094 4.07227e+17 9.08178e+12 1260 162.8 78817 0 0 -0.04184 0 0 -268.038 0 0 -8.73861 0 0 
1542.69 0.046648 -3.82306 -0.000909022 -3.44114 4.00741e+17 9.30864e+12 1260 162.8 80068.3 0 0 -0.04184 0 0 -268.036 0 0 -8.74106 0 0 
1542.74 0.0470922 -3.82261 -0.00090904 -3.44134 3.94252e+17 9.54195e+12 1260 162.8 81339.3 0 0 -0.04184 0 0 -268.033 0 0 -8.74356 0 0 
1542.8 0.0475435 -3.82216 -0.000909059 -3.44153 3.87763e+17 9.78198e+12 1260 162.8 82630.1 0 0 -0.04184 0 0 -268.031 0 0 -8.74612 0 0 
1542.85 0.0480019 -3.8217 -0.000909078 -3.44172 3.81274e+17 1.0029e+13 1260 162.8 83940.9 0 0 -0.04184 0 0 -268.028 0 0 -8.74875 0 0 
1542.91 0.0484676 -3.82124 -0.000909097 -3.4419 3.74789e+17 1.02834e+13 1260 162.8 85271.8 0 0 -0.04184 0 0 -268.025 0 0 -8.75145 0 0 
1542.96 0.0489407 -3.82076 -0.000909117 -3.44208 3.68308e+17 1.05454e+13 1260 162.8 86623 0 0 -0.04184 0 0 -268.022 0 0 -8.75421 0 0 
1543.02 0.0494213 -3.82028 -0.000909137 -3.44225 3.61835e+17 1.08154e+13 1260 162.8 87994.7 0 0 -0.04184 0 0 -268.02 0 0 -8.75705 0 0 
1543.07 0.0499095 -3.81979 -0.000909157 -3.44242 3.5537e+17 1.10938e+13 1260 162.8 89387.2 0 0 -0.04184 0 0 -268.017 0 0 -8.75996 0 0 
1543.13 0.0504054 -3.8193 -0.000909178 -3.44258 3.48916e+17 1.13808e+13 1260 162.8 90800.5 0 0 -0.04184 0 0 -268.014 0 0 -8.76294 0 0 
1543.18 0.0509091 -3.81879 -0.000909199 -3.44274 3.42475e+17 1.1677e+13 1260 162.8 92234.8 0 0 -0.04184 0 0 -268.011 0 0 -8.766 0 0 
1543.24 0.0514208 -3.81828 -0.000909221 -3.4429 3.36048e+17 1.19827e+13 1260 162.8 93690.4 0 0 -0.04184 0 0 -268.007 0 0 -8.76914 0 0 
1543.29 0.0519405 -3.81776 -0.000909243 -3.44305 3.29639e+17 1.22984e+13 1260 162.8 95167.3 0 0 -0.04184 0 0 -268.004 0 0 -8.77236 0 0 
1543.35 0.0524685 -3.81723 -0.000909265 -3.4432 3.23249e+17 1.26245e+13 1260 162.8 96665.7 0 0 -0.04184 0 0 -268.001 0 0 -8.77567 0 0 
1543.4 0.0530048 -3.8167 -0.000909288 -3.44335 3.16879e+17 1.29615e+13 1260 162.8 98185.8 0 0 -0.04184 0 0 -267.998 0 0 -8.77907 0 0 
1543.46 0.0535494 -3.81615 -0.000909311 -3.44349 3.10533e+17 1.33099e+13 1260 162.8 99727.8 0 0 -0.04184 0 0 -267.994 0 0 -8.78255 0 0 
1543.51 0.0541027 -3.8156 -0.000909335 -3.44362 3.04213e+17 1.36703e+13 1260 162.8 101292 0 0 -0.04184 0 0 -267.99 0 0 -8.78614 0 0 
1543.57 0.0546646 -3.81504 -0.000909359 -3.44376 2.9792e+17 1.40432e+13 1260 162.8 102878 0 0 -0.04184 0 0 -267.987 0 0 -8.78981 0 0 
1543.62 0.0552353 -3.81447 -0.000909384 -3.44389 2.91657e+17 1.44292e+13 1260 162.8 104486 0 0 -0.04184 0 0 -267.983 0 0 -8.79359 0 0 
1543.68 0.0558149 -3.81389 -0.000909409 -3.44402 2.85426e+17 1.48289e+13 1260 162.8 106117 0 0 -0.04184 0 0 -267.979 0 0 -8.79748 0 0 
1543.73 0.0564035 -3.8133 -0.000909435 -3.44414 2.79229e+17 1.52431e+13 1260 162.8 107770 0 0 -0.04184 0 0 -267.975 0 0 -8.80147 0 0 
1543.79 0.0570013 -3.8127 -0.000909462 -3.44426 2.73069e+17 1.56724e+13 1260 162.8 109446 0 0 -0.04184 0 0 -267.971 0 0 -8.80557 0 0 
1543.84 0.0576084 -3.8121 -0.000909489 -3.44438 2.66947e+17 1.61175e+13 1260 162.8 111144 0 0 -0.04184 0 0 -267.967 0 0 -8.80979 0 0 
1543.9 0.0582249 -3.81148 -0.000909516 -3.44449 2.60867e+17 1.65793e+13 1260 162.8 112865 0 0 -0.04184 0 0 -267.962 0 0 -8.81413 0 0 
1543.95 0.058851 -3.81085 -0.000909545 -3.4446 2.54829e+17 1.70585e+13 1260 162.8 114610 0 0 -0.04184 0 0 -267.958 0 0 -8.8186 0 0 
1544.01 0.0594867 -3.81022 -0.000909574 -3.44471 2.48836e+17 1.75561e+13 1260 162.8 116377 0 0 -0.04184 0 0 -267.953 0 0 -8.82319 0 0 
1544.06 0.0601322 -3.80957 -0.000909603 -3.44481 2.42891e+17 1.80729e+13 1260 162.8 118167 0 0 -0.04184 0 0 -267.949 0 0 -8.82792 0 0 
1544.12 0.0607876 -3.80892 -0.000909634 -3.44491 2.36995e+17 1.861e+13 1260 162.8 119981 0 0 -0.04184 0 0 -267.944 0 0 -8.83279 0 0 
1544.17 0.0614531 -3.80825 -0.000909665 -3.44501 2.31151e+17 1.91683e+13 1260 162.8 121817 0 0 -0.04184 0 0 -267.939 0 0 -8.8378 0 0 
1544.23 0.0621287 -3.80757 -0.000909697 -3.44511 2.25361e+17 1.9749e+13 1260 162.8 123677 0 0 -0.04184 0 0 -267.934 0 0 -8.84297 0 0 
1544.28 0.0628147 -3.80689 -0.00090973 -3.4452 2.19627e+17 2.03532e+13 1260 162.8 125561 0 0 -0.04184 0 0 -267.928 0 0 -8.84829 0 0 
1544.34 0.0635111 -3.80619 -0.000909764 -3.44529 2.1395e+17 2.09821e+13 1260 162.8 127467 0 0 -0.04184 0 0 -267.923 0 0 -8.85378 0 0 
1544.39 0.064218 -3.80549 -0.000909798 -3.44538 2.08334e+17 2.16371e+13 1260 162.8 129397 0 0 -0.04184 0 0 -267.917 0 0 -8.85943 0 0 
1544.45 0.0649356 -3.80477 -0.000909834 -3.44547 2.02779e+17 2.23194e+13 1260 162.8 131351 0 0 -0.04184 0 0 -267.911 0 0 -8.86527 0 0 
1544.5 0.0656641 -3.80404 -0.00090987 -3.44555 1.97289e+17 2.30307e+13 1260 162.8 133328 0 0 -0.04184 0 0 -267.905 0 0 -8.87128 0 0 
1544.56 0.0664034 -3.8033 -0.000909908 -3.44563 1.91864e+17 2.37724e+13 1260 162.8 135328 0 0 -0.04184 0 0 -267.899 0 0 -8.8775 0 0 
1544.61 0.0671539 -3.80255 -0.000909946 -3.44571 1.86506e+17 2.45461e+13 1260 162.8 137351 0 0 -0.04184 0 0 -267.893 0 0 -8.88391 0 0 
1544.67 0.0679156 -3.80179 -0.000909986 -3.44578 1.81219e+17 2.53537e+13 1260 162.8 139398 0 0 -0.04184 0 0 -267.886 0 0 -8.89053 0 0 
1544.72 0.0686886 -3.80101 -0.000910027 -3.44585 1.76002e+17 2.61969e+13 1260 162.8 141468 0 0 -0.04184 0 0 -267.879 0 0 -8.89737 0 0 
1544.78 0.069473 -3.80023 -0.000910069 -3.44592 1.70858e+17 2.70778e+13 1260 162.8 143561 0 0 -0.04184 0 0 -267.872 0 0 -8.90444 0 0 
1544.83 0.070269 -3.79943 -0.000910113 -3.44599 1.65788e+17 2.79984e+13 1260 162.8 145677 0 0 -0.04184 0 0 -267.865 0 0 -8.91175 0 0 
1544.89 0.0710768 -3.79863 -0.000910157 -3.44606 1.60794e+17 2.89609e+13 1260 162.8 147817 0 0 -0.04184 0 0 -267.857 0 0 -8.91931 0 0 
1544.94 0.0718964 -3.79781 -0.000910203 -3.44612 1.55878e+17 2.99678e+13 1260 162.8 149979 0 0 -0.04184 0 0 -267.849 0 0 -8.92713 0 0 
1545 0.0727279 -3.79698 -0.000910251 -3.44618 1.5104e+17 3.10215e+13 1260 162.8 151066 0 0 -0.04184 0 0 -267.846 0 0 -8.93111 0 0 
1545 0.0727279 -3.79698 -0.000910251 -3.44618 1.5104e+17 3.10215e+13 1260 162.8 153262 0 0 -0.04184 0 0 -267.837 0 0 -8.93934 0 0 
1545.06 0.0735716 -3.79613 -0.0009103 -3.44624 1.46283e+17 3.21247e+13 1260 162.8 154372 0 0 -0.04184 0 0 -267.833 0 0 -8.94361 0 0 
1545.11 0.0744275 -3.79528 -0.000910351 -3.4463 1.41607e+17 3.32802e+13 1260 162.8 156602 0 0 -0.04184 0 0 -267.824 0 0 -8.95229 0 0 
1545.17 0.0752957 -3.79441 -0.000910403 -3.44636 1.37013e+17 3.44912e+13 1260 162.8 158855 0 0 -0.04184 0 0 -267.815 0 0 -8.96128 0 0 
1545.22 0.0761763 -3.79353 -0.000910457 -3.44641 1.32504e+17 3.57609e+13 1260 162.8 161130 0 0 -0.04184 0 0 -267.806 0 0 -8.9706 0 0 
1545.28 0.0770696 -3.79263 -0.000910513 -3.44646 1.28078e+17 3.70926e+13 1260 162.8 163427 0 0 -0.04184 0 0 -267.796 0 0 -8.98027 0 0 
1545.33 0.0779755 -3.79173 -0.000910571 -3.44651 1.23739e+17 3.84902e+13 1260 162.8 165746 0 0 -0.04184 0 0 -267.786 0 0 -8.9903 0 0 
1545.39 0.0788943 -3.79081 -0.000910632 -3.44656 1.19486e+17 3.99574e+13 1260 162.8 168087 0 0 -0.04184 0 0 -267.776 0 0 -9.00071 0 0 
1545.44 0.079826 -3.78988 -0.000910694 -3.44661 1.15319e+17 4.14986e+13 1260 162.8 170449 0 0 -0.04184 0 0 -267.765 0 0 -9.01152 0 0 
1545.5 0.0807708 -3.78893 -0.000910758 -3.44665 1.11241e+17 4.31182e+13 1260 162.8 172832 0 0 -0.04184 0 0 -267.754 0 0 -9.02274 0 0 
1545.55 0.0817287 -3.78797 -0.000910825 -3.4467 1.07251e+17 4.4821e+13 1260 162.8 175236 0 0 -0.04184 0 0 -267.742 0 0 -9.03441 0 0 
1545.61 0.0827 -3.787 -0.000910894 -3.44674 1.03349e+17 4.66121e+13 1260 162.8 177661 0 0 -0.04184 0 0 -267.73 0 0 -9.04654 0 0 
1545.66 0.0836847 -3.78602 -0.000910966 -3.44678 9.95372e+16 4.84971e+13 1260 162.8 180107 0 0 -0.04184 0 0 -267.717 0 0 -9.05916 0 0 
1545.72 0.0846828 -3.78502 -0.000911041 -3.44682 9.58143e+16 5.04816e+13 1260 162.8 182572 0 0 -0.04184 0 0 -267.704 0 0 -9.07229 0 0 
1545.77 0.0856946 -3.78401 -0.000911119 -3.44685 9.2181e+16 5.25721e+13 1260 162.8 185057 0 0 -0.04184 0 0 -267.691 0 0 -9.08596 0 0 
1545.83 0.0867202 -3.78298 -0.000911199 -3.44689 8.86372e+16 5.47752e+13 1260 162.8 187562 0 0 -0.04184 0 0 -267.676 0 0 -9.1002 0 0 
1545.88 0.0877595 -3.78194 -0.000911283 -3.44692 8.5183e+16 5.70982e+13 1260 162.8 190087 0 0 -0.04184 0 0 -267.662 0 0 -9.11504 0 0 
1545.94 0.0888128 -3.78089 -0.000911371 -3.44696 8.18184e+16 5.95486e+13 1260 162.8 192630 0 0 -0.04184 0 0 -267.646 0 0 -9.13051 0 0 
1545.99 0.0898802 -3.77982 -0.000911462 -3.44699 7.85429e+16 6.21348e+13 1260 162.8 195192 0 0 -0.04184 0 0 -267.63 0 0 -9.14665 0 0 
1546.05 0.0909617 -3.77874 -0.000911557 -3.44702 7.53565e+16 6.48657e+13 1260 162.8 197772 0 0 -0.04184 0 0 -267.613 0 0 -9.1635 0 0 
1546.1 0.0920575 -3.77765 -0.000911656 -3.44705 7.22586e+16 6.77507e+13 1260 162.8 200369 0 0 -0.04184 0 0 -267.596 0 0 -9.18108 0 0 
1546.16 0.0931676 -3.77654 -0.000911759 -3.44708 6.92487e+16 7.08e+13 1260 162.8 202985 0 0 -0.04184 0 0 -267.577 0 0 -9.19945 0 0 
1546.21 0.0942922 -3.77541 -0.000911866 -3.4471 6.63264e+16 7.40246e+13 1260 162.8 205617 0 0 -0.04184 0 0 -267.558 0 0 -9.21866 0 0 
1546.27 0.0954313 -3.77427 -0.000911979 -3.44713 6.3491e+16 7.74362e+13 1260 162.8 208267 0 0 -0.04184 0 0 -267.538 0 0 -9.23874 0 0 
1546.32 0.0965851 -3.77312 -0.000912096 -3.44715 6.07417e+16 8.10475e+13 1260 162.8 210933 0 0 -0.04184 0 0 -267.517 0 0 -9.25975 0 0 
1546.38 0.0977535 -3.77195 -0.000912219 -3.44718 5.80777e+16 8.48721e+13 1260 162.8 213615 0 0 -0.04184 0 0 -267.495 0 0 -9.28174 0 0 
1546.43 0.0989368 -3.77077 -0.000912347 -3.4472 5.54981e+16 8.89247e+13 1260 162.8 216312 0 0 -0.04184 0 0 -267.472 0 0 -9.30477 0 0 
1546.49 0.100135 -3.76957 -0.000912482 -3.44722 5.30019e+16 9.32208e+13 1260 162.8 219025 0 0 -0.04184 0 0 -267.448 0 0 -9.32891 0 0 
1546.54 0.101348 -3.76836 -0.000912623 -3.44724 5.05882e+16 9.77776e+13 1260 162.8 221753 0 0 -0.04184 0 0 -267.422 0 0 -9.35421 0 0 
1546.6 0.102576 -3.76713 -0.00091277 -3.44726 4.82557e+16 1.02613e+14 1260 162.8 224495 0 0 -0.04184 0 0 -267.396 0 0 -9.38076 0 0 
1546.65 0.10382 -3.76588 -0.000912925 -3.44728 4.60033e+16 1.07747e+14 1260 162.8 227251 0 0 -0.04184 0 0 -267.368 0 0 -9.40862 0 0 
1546.71 0.105078 -3.76463 -0.000913087 -3.4473 4.38298e+16 1.13201e+14 1260 162.8 230021 0 0 -0.04184 0 0 -267.339 0 0 -9.43787 0 0 
1546.76 0.106352 -3.76335 -0.000913257 -3.44732 4.17338e+16 1.18998e+14 1260 162.8 232804 0 0 -0.04184 0 0 -267.308 0 0 -9.46861 0 0 
1546.82 0.107641 -3.76206 -0.000913436 -3.44733 3.97141e+16 1.25162e+14 1260 162.8 235600 0 0 -0.04184 0 0 -267.276 0 0 -9.50092 0 0 
1546.87 0.108946 -3.76076 -0.000913625 -3.44735 3.77692e+16 1.3172e+14 1260 162.8 238409 0 0 -0.04184 0 0 -267.242 0 0 -9.5349 0 0 
1546.93 0.110266 -3.75944 -0.000913822 -3.44736 3.58976e+16 1.387e+14 1260 162.8 241229 0 0 -0.04184 0 0 -267.206 0 0 -9.57066 0 0 
1546.98 0.111601 -3.7581 -0.000914031 -3.44738 3.4098e+16 1.46135e+14 1260 162.8 244062 0 0 -0.04184 0 0 -267.168 0 0 -9.60832 0 0 
1547.04 0.112953 -3.75675 -0.00091425 -3.44739 3.23686e+16 1.54057e+14 1260 162.8 246905 0 0 -0.04184 0 0 -267.129 0 0 -9.64798 0 0 
1547.09 0.11432 -3.75538 -0.000914481 -3.4474 3.07081e+16 1.62503e+14 1260 162.8 249760 0 0 -0.04184 0 0 -267.087 0 0 -9.68979 0 0 
1547.15 0.115702 -3.754 -0.000914724 -3.44742 2.91147e+16 1.71513e+14 1260 162.8 252625 0 0 -0.04184 0 0 -267.043 0 0 -9.73388 0 0 
1547.2 0.117101 -3.7526 -0.000914981 -3.44743 2.75869e+16 1.81128e+14 1260 162.8 255500 0 0 -0.04184 0 0 -266.996 0 0 -9.78039 0 0 
1547.26 0.118515 -3.75119 -0.000915252 -3.44744 2.61229e+16 1.91396e+14 1260 162.8 258385 0 0 -0.04184 0 0 -266.947 0 0 -9.8295 0 0 
1547.31 0.119945 -3.74976 -0.000915538 -3.44745 2.47213e+16 2.02366e+14 1260 162.8 261279 0 0 -0.04184 0 0 -266.895 0 0 -9.88136 0 0 
1547.37 0.121392 -3.74831 -0.000915841 -3.44746 2.33802e+16 2.14092e+14 1260 162.8 264182 0 0 -0.04184 0 0 -266.84 0 0 -9.93616 0 0 
1547.42 0.122854 -3.74685 -0.000916161 -3.44747 2.2098e+16 2.26634e+14 1260 162.8 267094 0 0 -0.04184 0 0 -266.783 0 0 -9.99409 0 0 
1547.48 0.124332 -3.74537 -0.000916499 -3.44748 2.08729e+16 2.40055e+14 1260 162.8 270014 0 0 -0.04184 0 0 -266.721 0 0 -10.0554 0 0 
1547.53 0.125826 -3.74388 -0.000916858 -3.44749 1.97034e+16 2.54425e+14 1260 162.8 272943 0 0 -0.04184 0 0 -266.656 0 0 -10.1202 0 0 
1547.59 0.127337 -3.74237 -0.000917237 -3.44749 1.85876e+16 2.69819e+14 1260 162.8 275878 0 0 -0.04184 0 0 -266.588 0 0 -10.1889 0 0 
1547.64 0.128864 -3.74084 -0.00091764 -3.4475 1.75239e+16 2.86319e+14 1260 162.8 278822 0 0 -0.04184 0 0 -266.515 0 0 -10.2615 0 0 
1547.7 0.130407 -3.7393 -0.000918067 -3.44751 1.65106e+16 3.04014e+14 1260 162.8 281772 0 0 -0.04184 0 0 -266.438 0 0 -10.3386 0 0 
1547.75 0.131966 -3.73774 -0.00091852 -3.44752 1.5546e+16 3.23001e+14 1260 162.8 284728 0 0 -0.04184 0 0 -266.356 0 0 -10.4202 0 0 
1547.81 0.133541 -3.73616 -0.000919002 -3.44752 1.46284e+16 3.43385e+14 1260 162.8 287692 0 0 -0.04184 0 0 -266.27 0 0 -10.5067 0 0 
1547.86 0.135133 -3.73457 -0.000919513 -3.44753 1.37562e+16 3.65282e+14 1260 162.8 290661 0 0 -0.04184 0 0 -266.178 0 0 -10.5985 0 0 
1547.92 0.136741 -3.73296 -0.000920057 -3.44754 1.29277e+16 3.88815e+14 1260 162.8 293636 0 0 -0.04184 0 0 -266.081 0 0 -10.6958 0 0 
1547.97 0.138366 -3.73134 -0.000920636 -3.44754 1.21413e+16 4.14123e+14 1260 162.8 296617 0 0 -0.04184 0 0 -265.978 0 0 -10.7991 0 0 
1548.03 0.140007 -3.7297 -0.000921252 -3.44755 1.13954e+16 4.41353e+14 1260 162.8 299603 0 0 -0.04184 0 0 -265.868 0 0 -10.9086 0 0 
1548.08 0.141664 -3.72804 -0.000921908 -3.44755 1.06885e+16 4.70668e+14 1260 162.8 302593 0 0 -0.04184 0 0 -265.752 0 0 -11.0248 0 0 
1548.14 0.143338 -3.72637 -0.000922608 -3.44756 1.0019e+16 5.02244e+14 1260 162.8 305589 0 0 -0.04184 0 0 -265.628 0 0 -11.1482 0 0 
1548.19 0.145028 -3.72468 -0.000923354 -3.44756 9.38535e+15 5.36276e+14 1260 162.8 308589 0 0 -0.04184 0 0 -265.498 0 0 -11.279 0 0 
1548.25 0.146735 -3.72297 -0.000924151 -3.44757 8.78612e+15 5.72975e+14 1260 162.8 311593 0 0 -0.04184 0 0 -265.359 0 0 -11.4177 0 0 
1548.3 0.148459 -3.72124 -0.000925002 -3.44757 8.21982e+15 6.12573e+14 1260 162.8 314602 0 0 -0.04184 0 0 -265.212 0 0 -11.5648 0 0 
1548.36 0.150199 -3.7195 -0.000925911 -3.44757 7.68505e+15 6.5532e+14 1260 162.8 317614 0 0 -0.04184 0 0 -265.056 0 0 -11.7206 0 0 
1548.41 0.151955 -3.71775 -0.000926883 -3.44758 7.18041e+15 7.01496e+14 1260 162.8 320630 0 0 -0.04184 0 0 -264.891 0 0 -11.8856 0 0 
1548.47 0.153729 -3.71597 -0.000927923 -3.44758 6.70456e+15 7.51402e+14 1260 162.8 323650 0 0 -0.04184 0 0 -264.717 0 0 -12.0601 0 0 
1548.52 0.155519 -3.71418 -0.000929036 -3.44758 6.25618e+15 8.05371e+14 1260 162.8 326672 0 0 -0.04184 0 0 -264.532 0 0 -12.2445 0 0 
1548.58 0.157325 -3.71238 -0.000930229 -3.44759 5.83398e+15 8.63766e+14 1260 162.8 329698 0 0 -0.04184 0 0 -264.338 0 0 -12.439 0 0 
1548.63 0.159148 -3.71056 -0.000931508 -3.44759 5.43674e+15 9.26987e+14 1260 162.8 332727 0 0 -0.04184 0 0 -264.133 0 0 -12.644 0 0 
1548.69 0.160988 -3.70872 -0.000932879 -3.44759 5.06324e+15 9.95471e+14 1260 162.8 335758 0 0 -0.04184 0 0 -263.917 0 0 -12.8595 0 0 
1548.74 0.162845 -3.70686 -0.000934351 -3.4476 4.71233e+15 1.0697e+15 1260 162.8 338792 0 0 -0.04184 0 0 -263.691 0 0 -13.0857 0 0 
1548.8 0.164718 -3.70499 -0.000935931 -3.4476 4.38287e+15 1.1502e+15 1260 162.8 341828 0 0 -0.04184 0 0 -263.454 0 0 -13.3223 0 0 
1548.85 0.166608 -3.7031 -0.000937629 -3.4476 4.07378e+15 1.23755e+15 1260 162.8 344867 0 0 -0.04184 0 0 -263.207 0 0 -13.5692 0 0 
1548.91 0.168515 -3.70119 -0.000939455 -3.4476 3.78401e+15 1.33239e+15 1260 162.8 347908 0 0 -0.04184 0 0 -262.951 0 0 -13.826 0 0 
1548.96 0.170438 -3.69927 -0.000941419 -3.4476 3.51255e+15 1.43542e+15 1260 162.8 350951 0 0 -0.04184 0 0 -262.685 0 0 -14.0921 0 0 
1549.02 0.172378 -3.69733 -0.000943534 -3.44761 3.25842e+15 1.54741e+15 1260 162.8 353996 0 0 -0.04184 0 0 -262.41 0 0 -14.3666 0 0 
1549.07 0.174335 -3.69537 -0.000945812 -3.44761 3.02069e+15 1.66922e+15 1260 162.8 357043 0 0 -0.04184 0 0 -262.128 0 0 -14.6485 0 0 
1549.13 0.176309 -3.69339 -0.000948267 -3.44761 2.79847e+15 1.80178e+15 1260 162.8 360092 0 0 -0.04184 0 0 -261.84 0 0 -14.9367 0 0 
1549.18 0.1783 -3.6914 -0.000950915 -3.44761 2.59089e+15 1.94612e+15 1260 162.8 363142 0 0 -0.04184 0 0 -261.547 0 0 -15.2297 0 0 
1549.24 0.180307 -3.6894 -0.000953773 -3.44761 2.39712e+15 2.10337e+15 1260 162.8 366194 0 0 -0.04184 0 0 -261.251 0 0 -15.5259 0 0 
1549.29 0.182331 -3.68737 -0.00095686 -3.44762 2.21638e+15 2.27481e+15 1260 162.8 369247 0 0 -0.04184 0 0 -260.953 0 0 -15.8236 0 0 
1549.35 0.184372 -3.68533 -0.000960195 -3.44762 2.04791e+15 2.46181e+15 1260 162.8 372302 0 0 -0.04184 0 0 -260.656 0 0 -16.121 0 0 
1549.4 0.18643 -3.68327 -0.000963802 -3.44762 1.891e+15 2.66591e+15 1260 162.8 375358 0 0 -0.04184 0 0 -260.36 0 0 -16.4162 0 0 
1549.46 0.188504 -3.6812 -0.000967705 -3.44762 1.74495e+15 2.8888e+15 1260 162.8 378415 0 0 -0.04184 0 0 -260.069 0 0 -16.7075 0 0 
1549.51 0.190596 -3.67911 -0.000971931 -3.44762 1.6091e+15 3.13235e+15 1260 162.8 381473 0 0 -0.04184 0 0 -259.784 0 0 -16.993 0 0 
1549.57 0.192704 -3.677 -0.00097651 -3.44762 1.48285e+15 3.39863e+15 1260 162.8 384533 0 0 -0.04184 0 0 -259.506 0 0 -17.2711 0 0 
1549.62 0.194829 -3.67487 -0.000981476 -3.44762 1.36559e+15 3.68995e+15 1260 162.8 387594 0 0 -0.04184 0 0 -259.236 0 0 -17.5404 0 0 
1549.68 0.196971 -3.67273 -0.000986864 -3.44762 1.25676e+15 4.00884e+15 1260 162.8 390656 0 0 -0.04184 0 0 -258.977 0 0 -17.7997 0 0 
1549.73 0.19913 -3.67057 -0.000992715 -3.44762 1.15583e+15 4.35812e+15 1260 162.8 393719 0 0 -0.04184 0 0 -258.729 0 0 -18.048 0 0 
1549.79 0.201306 -3.6684 -0.000999074 -3.44763 1.06229e+15 4.7409e+15 1260 162.8 396783 0 0 -0.04184 0 0 -258.492 0 0 -18.2844 0 0 
1549.84 0.203498 -3.66621 -0.00100599 -3.44763 9.75657e+14 5.16066e+15 1260 162.8 399848 0 0 -0.04184 0 0 -258.268 0 0 -18.5085 0 0 
1549.9 0.205708 -3.664 -0.00101351 -3.44763 8.95486e+14 5.62124e+15 1260 162.8 402915 0 0 -0.04184 0 0 -258.057 0 0 -18.7199 0 0 
1549.95 0.207934 -3.66177 -0.00102171 -3.44763 8.21343e+14 6.12691e+15 1260 162.8 405982 0 0 -0.04184 0 0 -257.858 0 0 -18.9186 0 0 
1550.01 0.210177 -3.65953 -0.00103064 -3.44763 7.52826e+14 6.68241e+15 1260 162.8 409050 0 0 -0.04184 0 0 -257.672 0 0 -19.1045 0 0 
1550.06 0.212437 -3.65727 -0.00104037 -3.44763 6.89551e+14 7.29302e+15 1260 162.8 412119 0 0 -0.04184 0 0 -257.499 0 0 -19.278 0 0 
1550.12 0.214714 -3.65499 -0.001051 -3.44763 6.3116e+14 7.96461e+15 1260 162.8 415190 0 0 -0.04184 0 0 -257.337 0 0 -19.4392 0 0 
1550.17 0.217008 -3.6527 -0.00106261 -3.44763 5.77314e+14 8.70372e+15 1260 162.8 418262 0 0 -0.04184 0 0 -257.188 0 0 -19.5887 0 0 
1550.23 0.219319 -3.65038 -0.0010753 -3.44763 5.27693e+14 9.51762e+15 1260 162.8 421334 0 0 -0.04184 0 0 -257.05 0 0 -19.7269 0 0 
1550.28 0.221647 -3.64806 -0.00108918 -3.44763 4.82e+14 1.04144e+16 1260 162.8 424408 0 0 -0.04184 0 0 -256.922 0 0 -19.8544 0 0 
1550.34 0.223991 -3.64571 -0.00110438 -3.44763 4.39953e+14 1.14031e+16 1260 162.8 427483 0 0 -0.04184 0 0 -256.805 0 0 -19.9718 0 0 
1550.39 0.226353 -3.64335 -0.00112102 -3.44763 4.01287e+14 1.24939e+16 1260 162.8 430560 0 0 -0.04184 0 0 -256.697 0 0 -20.0796 0 0 
1550.45 0.228732 -3.64097 -0.00113927 -3.44763 3.65758e+14 1.36979e+16 1260 162.8 433638 0 0 -0.04184 0 0 -256.598 0 0 -20.1785 0 0 
1550.5 0.231127 -3.63858 -0.00115929 -3.44763 3.33133e+14 1.50278e+16 1260 162.8 436717 0 0 -0.04184 0 0 -256.508 0 0 -20.2691 0 0 
1550.56 0.233539 -3.63616 -0.00118127 -3.44763 3.03195e+14 1.64975e+16 1260 162.8 439799 0 0 -0.04184 0 0 -256.425 0 0 -20.3518 0 0 
1550.61 0.235969 -3.63373 -0.00120542 -3.44763 2.75744e+14 1.81228e+16 1260 162.8 442882 0 0 -0.04184 0 0 -256.349 0 0 -20.4274 0 0 
1550.67 0.238415 -3.63129 -0.00123197 -3.44763 2.50591e+14 1.99213e+16 1260 162.8 445967 0 0 -0.04184 0 0 -256.28 0 0 -20.4963 0 0 
1550.72 0.240879 -3.62882 -0.0012612 -3.44763 2.27558e+14 2.19125e+16 1260 162.8 449054 0 0 -0.04184 0 0 -256.218 0 0 -20.559 0 0 
1550.78 0.243359 -3.62634 -0.00129339 -3.44763 2.06483e+14 2.41186e+16 1260 162.8 452143 0 0 -0.04184 0 0 -256.161 0 0 -20.6161 0 0 
1550.83 0.245856 -3.62385 -0.00132887 -3.44763 1.87213e+14 2.65642e+16 1260 162.8 455235 0 0 -0.04184 0 0 -256.109 0 0 -20.668 0 0 
1550.89 0.248371 -3.62133 -0.00136801 -3.44763 1.69606e+14 2.92769e+16 1260 162.8 458329 0 0 -0.04184 0 0 -256.062 0 0 -20.715 0 0 
1550.94 0.250902 -3.6188 -0.00141122 -3.44763 1.53528e+14 3.22877e+16 1260 162.8 461427 0 0 -0.04184 0 0 -256.019 0 0 -20.7577 0 0 
1551 0.253451 -3.61625 -0.00145897 -3.44763 1.38859e+14 3.56316e+16 1260 162.8 462977 0 0 -0.04184 0 0 -255.999 0 0 -20.778 0 0 
1551 0.0289427 -3.46354 -0.00145897 -3.44763 6.43236e+17 7.5716e+18 1500 200 -1.03967e+06 0 0 -0.0285876 0 0 -255.588 0 0 -21.1884 0 0 
1551.06 0.0231667 -3.46932 -0.00145897 -3.44763 7.86863e+17 6.19573e+18 1500 200 -1.03696e+06 0 0 -0.0285876 0 0 -255.144 0 0 -21.6322 0 0 
1551.11 0.0174209 -3.47507 -0.00145898 -3.44763 9.5753e+17 5.05676e+18 1500 200 -1.03218e+06 0 0 -0.0285876 0 0 -254.205 0 0 -22.5714 0 0 
1551.17 0.011698 -3.48079 -0.00145899 -3.44763 1.15885e+18 4.11752e+18 1500 200 -1.02864e+06 0 0 -0.0285876 0 0 -253.167 0 0 -23.6093 0 0 
1551.22 0.00599163 -3.48649 -0.00145899 -3.44763 1.39445e+18 3.34568e+18 1500 200 -1.02617e+06 0 0 -0.0285876 0 0 -252.045 0 0 -24.7313 0 0 
1551.28 0.000296111 -3.49219 -0.00145899 -3.44763 1.66788e+18 2.71338e+18 1500 200 -1.02467e+06 0 0 -0.0285876 0 0 -250.866 0 0 -25.911 0 0 
1551.33 -0.00539357 -3.49788 -0.001459 -3.44763 1.98246e+18 2.1968e+18 1500 200 -1.02403e+06 0 0 -0.0285876 0 0 -249.664 0 0 -27.1126 0 0 
1551.39 -0.0110821 -3.50357 -0.001459 -3.44763 2.34116e+18 1.77578e+18 1500 200 -1.02421e+06 0 0 -0.0285876 0 0 -248.481 0 0 -28.2952 0 0 
1551.44 -0.0167737 -3.50926 -0.001459 -3.44763 2.74655e+18 1.43335e+18 1500 200 -1.02515e+06 0 0 -0.0285876 0 0 -247.357 0 0 -29.4199 0 0 
1551.5 -0.0224727 -3.51496 -0.001459 -3.44763 3.20074e+18 1.15535e+18 1500 200 -1.02684e+06 0 0 -0.0285876 0 0 -246.32 0 0 -30.4563 0 0 
1551.56 -0.028183 -3.52067 -0.00145901 -3.44763 3.70534e+18 9.30007e+17 1500 200 -1.02926e+06 0 0 -0.0285876 0 0 -245.391 0 0 -31.3853 0 0 
1551.61 -0.0339089 -3.5264 -0.00145901 -3.44763 4.26154e+18 7.47615e+17 1500 200 -1.03242e+06 0 0 -0.0285876 0 0 -244.577 0 0 -32.1993 0 0 
1551.67 -0.0396544 -3.53214 -0.00145901 -3.44763 4.87013e+18 6.00175e+17 1500 200 -1.03633e+06 0 0 -0.0285876 0 0 -243.877 0 0 -32.9 0 0 
1551.72 -0.0454236 -3.53791 -0.00145901 -3.44763 5.53158e+18 4.8113e+17 1500 200 -1.04101e+06 0 0 -0.0285876 0 0 -243.281 0 0 -33.4951 0 0 
1551.78 -0.0512211 -3.54371 -0.00145901 -3.44763 6.24616e+18 3.85123e+17 1500 200 -1.04649e+06 0 0 -0.0285876 0 0 -242.781 0 0 -33.9954 0 0 
1551.83 -0.0570513 -3.54954 -0.00145901 -3.44763 7.014e+18 3.07784e+17 1500 200 -1.0528e+06 0 0 -0.0285876 0 0 -242.364 0 0 -34.4128 0 0 
1551.89 -0.0629189 -3.55541 -0.00145901 -3.44763 7.83518e+18 2.45555e+17 1500 200 -1.05998e+06 0 0 -0.0285876 0 0 -242.017 0 0 -34.7591 0 0 
1551.94 -0.0688288 -3.56132 -0.00145901 -3.44763 8.70981e+18 1.95546e+17 1500 200 -1.06806e+06 0 0 -0.0285876 0 0 -241.731 0 0 -35.0451 0 0 
1552 -0.0747862 -3.56727 -0.00145901 -3.44763 9.63806e+18 1.55408e+17 1500 200 -1.0771e+06 0 0 -0.0285876 0 0 -241.496 0 0 -35.2806 0 0 
1552.06 -0.0807966 -3.57328 -0.00145901 -3.44763 1.06203e+19 1.2324e+17 1500 200 -1.08713e+06 0 0 -0.0285876 0 0 -241.303 0 0 -35.4738 0 0 
1552.11 -0.0868655 -3.57935 -0.00145901 -3.44763 1.16569e+19 9.74978e+16 1500 200 -1.09821e+06 0 0 -0.0285876 0 0 -241.145 0 0 -35.632 0 0 
1552.17 -0.0929989 -3.58549 -0.00145902 -3.44763 1.27486e+19 7.69337e+16 1500 200 -1.11037e+06 0 0 -0.0285876 0 0 -241.016 0 0 -35.761 0 0 
1552.22 -0.099203 -3.59169 -0.00145902 -3.44763 1.38964e+19 6.05367e+16 1500 200 -1.12369e+06 0 0 -0.0285876 0 0 -240.911 0 0 -35.8661 0 0 
1552.28 -0.105484 -3.59797 -0.00145902 -3.44763 1.51013e+19 4.74897e+16 1500 200 -1.13819e+06 0 0 -0.0285876 0 0 -240.825 0 0 -35.9514 0 0 
1552.33 -0.11185 -3.60434 -0.00145902 -3.44763 1.63648e+19 3.71321e+16 1500 200 -1.15395e+06 0 0 -0.0285876 0 0 -240.756 0 0 -36.0204 0 0 
1552.39 -0.118306 -3.61079 -0.00145902 -3.44763 1.76886e+19 2.89303e+16 1500 200 -1.17102e+06 0 0 -0.0285876 0 0 -240.701 0 0 -36.0761 0 0 
1552.44 -0.124861 -3.61735 -0.00145902 -3.44763 1.90745e+19 2.24537e+16 1500 200 -1.18945e+06 0 0 -0.0285876 0 0 -240.656 0 0 -36.1208 0 0 
1552.5 -0.131522 -3.62401 -0.00145902 -3.44764 2.05248e+19 1.73552e+16 1500 200 -1.20932e+06 0 0 -0.0285876 0 0 -240.62 0 0 -36.1567 0 0 
1552.56 -0.138298 -3.63078 -0.00145902 -3.44764 2.20419e+19 1.33549e+16 1500 200 -1.23067e+06 0 0 -0.0285876 0 0 -240.591 0 0 -36.1854 0 0 
1552.61 -0.145196 -3.63768 -0.00145902 -3.44764 2.36288e+19 1.02278e+16 1500 200 -1.2536e+06 0 0 -0.0285876 0 0 -240.568 0 0 -36.2081 0 0 
1552.67 -0.152226 -3.64471 -0.00145902 -3.44764 2.52885e+19 7.79311e+15 1500 200 -1.27815e+06 0 0 -0.0285876 0 0 -240.55 0 0 -36.2261 0 0 
1552.72 -0.159398 -3.65188 -0.00145902 -3.44764 2.70244e+19 5.90564e+15 1500 200 -1.30441e+06 0 0 -0.0285876 0 0 -240.536 0 0 -36.2403 0 0 
1552.78 -0.16672 -3.65921 -0.00145902 -3.44764 2.88403e+19 4.44931e+15 1500 200 -1.33246e+06 0 0 -0.0285876 0 0 -240.525 0 0 -36.2514 0 0 
1552.83 -0.174203 -3.66669 -0.00145902 -3.44764 3.07405e+19 3.33135e+15 1500 200 -1.36237e+06 0 0 -0.0285876 0 0 -240.517 0 0 -36.26 0 0 
1552.89 -0.181857 -3.67434 -0.00145902 -3.44764 3.27292e+19 2.47784e+15 1500 200 -1.39424e+06 0 0 -0.0285876 0 0 -240.51 0 0 -36.2667 0 0 
1552.94 -0.189694 -3.68218 -0.00145902 -3.44765 3.48115e+19 1.83008e+15 1500 200 -1.42815e+06 0 0 -0.0285876 0 0 -240.505 0 0 -36.2718 0 0 
1553 -0.197726 -3.69021 -0.00145902 -3.44765 3.69927e+19 1.34159e+15 1500 200 -1.44563e+06 0 0 -0.0285876 0 0 -240.503 0 0 -36.274 0 0 
1553 0.0267822 -3.84292 -0.00145902 -3.44765 8.02273e+17 5.55175e+12 1260 162.8 32035.6 0 0 -0.04184 0 0 -240.5 0 0 -36.2765 0 0 
1553.06 0.0269585 -3.84274 -0.00145903 -3.44899 7.97338e+17 5.8868e+12 1260 162.8 32185.2 0 0 -0.04184 0 0 -240.499 0 0 -36.2773 0 0 
1553.11 0.0271365 -3.84257 -0.00145904 -3.45025 7.92384e+17 6.22455e+12 1260 162.8 32489.4 0 0 -0.04184 0 0 -240.498 0 0 -36.2789 0 0 
1553.17 0.0273162 -3.84239 -0.00145904 -3.45145 7.87411e+17 6.56508e+12 1260 162.8 32803.6 0 0 -0.04184 0 0 -240.496 0 0 -36.2806 0 0 
1553.22 0.0274976 -3.84221 -0.00145905 -3.45259 7.82418e+17 6.90847e+12 1260 162.8 33127.8 0 0 -0.04184 0 0 -240.494 0 0 -36.2824 0 0 
1553.28 0.0276809 -3.84202 -0.00145906 -3.45367 7.77405e+17 7.25479e+12 1260 162.8 33462.2 0 0 -0.04184 0 0 -240.492 0 0 -36.2842 0 0 
1553.33 0.027866 -3.84184 -0.00145907 -3.4547 7.7237e+17 7.60414e+12 1260 162.8 33806.9 0 0 -0.04184 0 0 -240.49 0 0 -36.2862 0 0 
1553.39 0.0280531 -3.84165 -0.00145908 -3.45568 7.67313e+17 7.9566e+12 1260 162.8 34161.8 0 0 -0.04184 0 0 -240.488 0 0 -36.2883 0 0 
1553.44 0.0282421 -3.84146 -0.00145909 -3.45662 7.62233e+17 8.31226e+12 1260 162.8 34527.2 0 0 -0.04184 0 0 -240.486 0 0 -36.2904 0 0 
1553.5 0.0284332 -3.84127 -0.00145909 -3.45753 7.57129e+17 8.67123e+12 1260 162.8 34903 0 0 -0.04184 0 0 -240.484 0 0 -36.2927 0 0 
1553.55 0.0286264 -3.84108 -0.0014591 -3.45839 7.52e+17 9.0336e+12 1260 162.8 35289.4 0 0 -0.04184 0 0 -240.482 0 0 -36.295 0 0 
1553.61 0.0288217 -3.84088 -0.00145911 -3.45922 7.46847e+17 9.39949e+12 1260 162.8 35686.6 0 0 -0.04184 0 0 -240.479 0 0 -36.2975 0 0 
1553.66 0.0290193 -3.84068 -0.00145912 -3.46002 7.41668e+17 9.769e+12 1260 162.8 36094.4 0 0 -0.04184 0 0 -240.477 0 0 -36.3 0 0 
1553.72 0.0292191 -3.84048 -0.00145913 -3.46079 7.36463e+17 1.01422e+13 1260 162.8 36513.2 0 0 -0.04184 0 0 -240.474 0 0 -36.3027 0 0 
1553.77 0.0294212 -3.84028 -0.00145914 -3.46153 7.3123e+17 1.05193e+13 1260 162.8 36942.9 0 0 -0.04184 0 0 -240.471 0 0 -36.3054 0 0 
1553.83 0.0296258 -3.84008 -0.00145915 -3.46225 7.25971e+17 1.09004e+13 1260 162.8 37383.7 0 0 -0.04184 0 0 -240.468 0 0 -36.3083 0 0 
1553.88 0.0298328 -3.83987 -0.00145916 -3.46294 7.20683e+17 1.12856e+13 1260 162.8 37835.7 0 0 -0.04184 0 0 -240.465 0 0 -36.3112 0 0 
1553.94 0.0300423 -3.83966 -0.00145917 -3.46361 7.15367e+17 1.16751e+13 1260 162.8 38299 0 0 -0.04184 0 0 -240.462 0 0 -36.3142 0 0 
1553.99 0.0302544 -3.83945 -0.00145918 -3.46425 7.10021e+17 1.20689e+13 1260 162.8 38773.8 0 0 -0.04184 0 0 -240.459 0 0 -36.3174 0 0 
1554.05 0.0304692 -3.83923 -0.00145918 -3.46488 7.04647e+17 1.24673e+13 1260 162.8 39260 0 0 -0.04184 0 0 -240.456 0 0 -36.3207 0 0 
1554.1 0.0306867 -3.83902 -0.00145919 -3.46548 6.99243e+17 1.28703e+13 1260 162.8 39757.9 0 0 -0.04184 0 0 -240.453 0 0 -36.324 0 0 
1554.16 0.0309069 -3.8388 -0.0014592 -3.46607 6.93808e+17 1.32782e+13 1260 162.8 40267.5 0 0 -0.04184 0 0 -240.449 0 0 -36.3275 0 0 
1554.21 0.03113 -3.83857 -0.00145921 -3.46664 6.88343e+17 1.36911e+13 1260 162.8 40789 0 0 -0.04184 0 0 -240.446 0 0 -36.3311 0 0 
1554.27 0.0313559 -3.83835 -0.00145922 -3.46719 6.82847e+17 1.41091e+13 1260 162.8 41322.5 0 0 -0.04184 0 0 -240.442 0 0 -36.3348 0 0 
1554.32 0.0315849 -3.83812 -0.00145923 -3.46772 6.7732e+17 1.45326e+13 1260 162.8 41868.2 0 0 -0.04184 0 0 -240.438 0 0 -36.3386 0 0 
1554.38 0.0318169 -3.83789 -0.00145924 -3.46824 6.71762e+17 1.49615e+13 1260 162.8 42426.1 0 0 -0.04184 0 0 -240.434 0 0 -36.3425 0 0 
1554.43 0.032052 -3.83765 -0.00145925 -3.46875 6.66172e+17 1.53962e+13 1260 162.8 42996.4 0 0 -0.04184 0 0 -240.43 0 0 -36.3465 0 0 
1554.49 0.0322902 -3.83741 -0.00145926 -3.46924 6.6055e+17 1.58368e+13 1260 162.8 43579.2 0 0 -0.04184 0 0 -240.426 0 0 -36.3507 0 0 
1554.54 0.0325317 -3.83717 -0.00145927 -3.46972 6.54896e+17 1.62836e+13 1260 162.8 44174.7 0 0 -0.04184 0 0 -240.422 0 0 -36.3549 0 0 
1554.6 0.0327766 -3.83693 -0.00145928 -3.47018 6.4921e+17 1.67367e+13 1260 162.8 44783 0 0 -0.04184 0 0 -240.417 0 0 -36.3593 0 0 
1554.65 0.0330248 -3.83668 -0.00145929 -3.47063 6.43492e+17 1.71964e+13 1260 162.8 45404.2 0 0 -0.04184 0 0 -240.413 0 0 -36.3638 0 0 
1554.71 0.0332764 -3.83643 -0.0014593 -3.47108 6.37742e+17 1.76629e+13 1260 162.8 46038.5 0 0 -0.04184 0 0 -240.408 0 0 -36.3684 0 0 
1554.76 0.0335316 -3.83617 -0.00145931 -3.4715 6.3196e+17 1.81365e+13 1260 162.8 46686.1 0 0 -0.04184 0 0 -240.403 0 0 -36.3732 0 0 
1554.82 0.0337904 -3.83591 -0.00145932 -3.47192 6.26146e+17 1.86174e+13 1260 162.8 47347 0 0 -0.04184 0 0 -240.399 0 0 -36.3781 0 0 
1554.87 0.0340529 -3.83565 -0.00145933 -3.47233 6.203e+17 1.91058e+13 1260 162.8 48021.4 0 0 -0.04184 0 0 -240.394 0 0 -36.3831 0 0 
1554.93 0.0343191 -3.83538 -0.00145934 -3.47273 6.14421e+17 1.96021e+13 1260 162.8 48709.5 0 0 -0.04184 0 0 -240.388 0 0 -36.3882 0 0 
1554.98 0.0345891 -3.83511 -0.00145935 -3.47311 6.08511e+17 2.01066e+13 1260 162.8 49411.5 0 0 -0.04184 0 0 -240.383 0 0 -36.3935 0 0 
1555.04 0.0348631 -3.83484 -0.00145937 -3.47349 6.0257e+17 2.06194e+13 1260 162.8 50127.4 0 0 -0.04184 0 0 -240.378 0 0 -36.3989 0 0 
1555.09 0.035141 -3.83456 -0.00145938 -3.47386 5.96597e+17 2.1141e+13 1260 162.8 50857.5 0 0 -0.04184 0 0 -240.372 0 0 -36.4044 0 0 
1555.15 0.035423 -3.83428 -0.00145939 -3.47422 5.90593e+17 2.16717e+13 1260 162.8 51601.9 0 0 -0.04184 0 0 -240.366 0 0 -36.4101 0 0 
1555.2 0.0357091 -3.83399 -0.0014594 -3.47457 5.84558e+17 2.22117e+13 1260 162.8 52360.7 0 0 -0.04184 0 0 -240.361 0 0 -36.4159 0 0 
1555.26 0.0359994 -3.8337 -0.00145941 -3.47491 5.78493e+17 2.27616e+13 1260 162.8 53134.2 0 0 -0.04184 0 0 -240.355 0 0 -36.4219 0 0 
1555.31 0.036294 -3.83341 -0.00145942 -3.47524 5.72398e+17 2.33215e+13 1260 162.8 53922.5 0 0 -0.04184 0 0 -240.349 0 0 -36.428 0 0 
1555.37 0.036593 -3.83311 -0.00145943 -3.47557 5.66273e+17 2.38919e+13 1260 162.8 54725.8 0 0 -0.04184 0 0 -240.342 0 0 -36.4343 0 0 
1555.42 0.0368965 -3.83281 -0.00145944 -3.47589 5.6012e+17 2.44732e+13 1260 162.8 55544.1 0 0 -0.04184 0 0 -240.336 0 0 -36.4407 0 0 
1555.48 0.0372045 -3.8325 -0.00145946 -3.4762 5.53938e+17 2.50658e+13 1260 162.8 56377.8 0 0 -0.04184 0 0 -240.329 0 0 -36.4473 0 0 
1555.53 0.0375172 -3.83219 -0.00145947 -3.4765 5.47728e+17 2.56701e+13 1260 162.8 57227 0 0 -0.04184 0 0 -240.323 0 0 -36.454 0 0 
1555.59 0.0378346 -3.83187 -0.00145948 -3.4768 5.41491e+17 2.62866e+13 1260 162.8 58091.8 0 0 -0.04184 0 0 -240.316 0 0 -36.4609 0 0 
1555.64 0.0381567 -3.83155 -0.00145949 -3.47708 5.35227e+17 2.69158e+13 1260 162.8 58972.5 0 0 -0.04184 0 0 -240.309 0 0 -36.468 0 0 
1555.7 0.0384838 -3.83122 -0.0014595 -3.47737 5.28938e+17 2.7558e+13 1260 162.8 59869.1 0 0 -0.04184 0 0 -240.301 0 0 -36.4752 0 0 
1555.75 0.0388158 -3.83089 -0.00145952 -3.47764 5.22623e+17 2.8214e+13 1260 162.8 60782 0 0 -0.04184 0 0 -240.294 0 0 -36.4826 0 0 
1555.81 0.039153 -3.83055 -0.00145953 -3.47791 5.16285e+17 2.88841e+13 1260 162.8 61711.2 0 0 -0.04184 0 0 -240.286 0 0 -36.4902 0 0 
1555.86 0.0394952 -3.83021 -0.00145954 -3.47818 5.09923e+17 2.95689e+13 1260 162.8 62656.9 0 0 -0.04184 0 0 -240.279 0 0 -36.4979 0 0 
1555.92 0.0398428 -3.82986 -0.00145956 -3.47843 5.03538e+17 3.0269e+13 1260 162.8 63619.4 0 0 -0.04184 0 0 -240.271 0 0 -36.5059 0 0 
1555.97 0.0401956 -3.82951 -0.00145957 -3.47869 4.97133e+17 3.09851e+13 1260 162.8 64598.8 0 0 -0.04184 0 0 -240.263 0 0 -36.514 0 0 
1556.03 0.0405539 -3.82915 -0.00145958 -3.47893 4.90706e+17 3.17177e+13 1260 162.8 65595.4 0 0 -0.04184 0 0 -240.254 0 0 -36.5223 0 0 
1556.08 0.0409178 -3.82879 -0.00145959 -3.47917 4.84261e+17 3.24675e+13 1260 162.8 66609.2 0 0 -0.04184 0 0 -240.246 0 0 -36.5309 0 0 
1556.14 0.0412873 -3.82842 -0.00145961 -3.47941 4.77797e+17 3.32352e+13 1260 162.8 67640.4 0 0 -0.04184 0 0 -240.237 0 0 -36.5396 0 0 
1556.19 0.0416624 -3.82804 -0.00145962 -3.47964 4.71316e+17 3.40216e+13 1260 162.8 68689.4 0 0 -0.04184 0 0 -240.228 0 0 -36.5485 0 0 
1556.25 0.0420435 -3.82766 -0.00145964 -3.47986 4.6482e+17 3.48273e+13 1260 162.8 69756.2 0 0 -0.04184 0 0 -240.219 0 0 -36.5577 0 0 
1556.3 0.0424304 -3.82727 -0.00145965 -3.48008 4.58309e+17 3.56532e+13 1260 162.8 70841 0 0 -0.04184 0 0 -240.21 0 0 -36.567 0 0 
1556.36 0.0428234 -3.82688 -0.00145966 -3.48029 4.51785e+17 3.65001e+13 1260 162.8 71944.1 0 0 -0.04184 0 0 -240.2 0 0 -36.5766 0 0 
1556.41 0.0432225 -3.82648 -0.00145968 -3.4805 4.45248e+17 3.73688e+13 1260 162.8 73065.5 0 0 -0.04184 0 0 -240.19 0 0 -36.5864 0 0 
1556.47 0.0436278 -3.82608 -0.00145969 -3.48071 4.38702e+17 3.82603e+13 1260 162.8 74205.6 0 0 -0.04184 0 0 -240.18 0 0 -36.5964 0 0 
1556.52 0.0440394 -3.82566 -0.00145971 -3.48091 4.32146e+17 3.91756e+13 1260 162.8 75364.5 0 0 -0.04184 0 0 -240.17 0 0 -36.6067 0 0 
1556.58 0.0444575 -3.82525 -0.00145972 -3.4811 4.25583e+17 4.01155e+13 1260 162.8 76542.3 0 0 -0.04184 0 0 -240.159 0 0 -36.6172 0 0 
1556.63 0.0448821 -3.82482 -0.00145974 -3.48129 4.19014e+17 4.10812e+13 1260 162.8 77739.4 0 0 -0.04184 0 0 -240.149 0 0 -36.628 0 0 
1556.69 0.0453133 -3.82439 -0.00145976 -3.48148 4.12441e+17 4.20738e+13 1260 162.8 78955.7 0 0 -0.04184 0 0 -240.138 0 0 -36.639 0 0 
1556.74 0.0457513 -3.82395 -0.00145977 -3.48166 4.05865e+17 4.30944e+13 1260 162.8 80191.7 0 0 -0.04184 0 0 -240.126 0 0 -36.6503 0 0 
1556.8 0.0461961 -3.82351 -0.00145979 -3.48184 3.99288e+17 4.41441e+13 1260 162.8 81447.3 0 0 -0.04184 0 0 -240.115 0 0 -36.6619 0 0 
1556.85 0.046648 -3.82306 -0.0014598 -3.48201 3.92712e+17 4.52244e+13 1260 162.8 82722.9 0 0 -0.04184 0 0 -240.103 0 0 -36.6738 0 0 
1556.91 0.0471069 -3.8226 -0.00145982 -3.48218 3.86138e+17 4.63364e+13 1260 162.8 84018.6 0 0 -0.04184 0 0 -240.091 0 0 -36.6859 0 0 
1556.96 0.0475729 -3.82213 -0.00145984 -3.48234 3.79568e+17 4.74816e+13 1260 162.8 85334.5 0 0 -0.04184 0 0 -240.078 0 0 -36.6984 0 0 
1557.02 0.0480463 -3.82166 -0.00145986 -3.4825 3.73005e+17 4.86614e+13 1260 162.8 86670.9 0 0 -0.04184 0 0 -240.065 0 0 -36.7111 0 0 
1557.07 0.0485271 -3.82118 -0.00145987 -3.48266 3.6645e+17 4.98774e+13 1260 162.8 88027.9 0 0 -0.04184 0 0 -240.052 0 0 -36.7242 0 0 
1557.13 0.0490154 -3.82069 -0.00145989 -3.48281 3.59904e+17 5.11311e+13 1260 162.8 89405.8 0 0 -0.04184 0 0 -240.039 0 0 -36.7376 0 0 
1557.18 0.0495114 -3.82019 -0.00145991 -3.48296 3.53371e+17 5.24243e+13 1260 162.8 90804.6 0 0 -0.04184 0 0 -240.025 0 0 -36.7514 0 0 
1557.24 0.0500151 -3.81969 -0.00145993 -3.48311 3.46851e+17 5.37588e+13 1260 162.8 92224.5 0 0 -0.04184 0 0 -240.011 0 0 -36.7655 0 0 
1557.29 0.0505267 -3.81918 -0.00145995 -3.48325 3.40347e+17 5.51364e+13 1260 162.8 93665.8 0 0 -0.04184 0 0 -239.997 0 0 -36.7799 0 0 
1557.35 0.0510463 -3.81866 -0.00145997 -3.48339 3.33862e+17 5.65591e+13 1260 162.8 95128.6 0 0 -0.04184 0 0 -239.982 0 0 -36.7947 0 0 
1557.4 0.051574 -3.81813 -0.00145999 -3.48353 3.27396e+17 5.80289e+13 1260 162.8 96612.9 0 0 -0.04184 0 0 -239.967 0 0 -36.81 0 0 
1557.46 0.0521099 -3.81759 -0.00146001 -3.48366 3.20952e+17 5.95481e+13 1260 162.8 98119.1 0 0 -0.04184 0 0 -239.951 0 0 -36.8256 0 0 
1557.51 0.0526542 -3.81705 -0.00146003 -3.48379 3.14533e+17 6.1119e+13 1260 162.8 99647.2 0 0 -0.04184 0 0 -239.935 0 0 -36.8416 0 0 
1557.57 0.053207 -3.8165 -0.00146005 -3.48391 3.08139e+17 6.27439e+13 1260 162.8 101197 0 0 -0.04184 0 0 -239.919 0 0 -36.858 0 0 
1557.62 0.0537683 -3.81594 -0.00146007 -3.48404 3.01775e+17 6.44254e+13 1260 162.8 102770 0 0 -0.04184 0 0 -239.902 0 0 -36.8749 0 0 
1557.68 0.0543384 -3.81537 -0.00146009 -3.48416 2.95441e+17 6.61662e+13 1260 162.8 104365 0 0 -0.04184 0 0 -239.884 0 0 -36.8922 0 0 
1557.73 0.0549173 -3.81479 -0.00146011 -3.48427 2.8914e+17 6.79692e+13 1260 162.8 105982 0 0 -0.04184 0 0 -239.867 0 0 -36.91 0 0 
1557.79 0.0555051 -3.8142 -0.00146014 -3.48439 2.82873e+17 6.98373e+13 1260 162.8 107622 0 0 -0.04184 0 0 -239.848 0 0 -36.9283 0 0 
1557.84 0.0561021 -3.8136 -0.00146016 -3.4845 2.76644e+17 7.17737e+13 1260 162.8 109284 0 0 -0.04184 0 0 -239.829 0 0 -36.9471 0 0 
1557.9 0.0567083 -3.813 -0.00146018 -3.4846 2.70455e+17 7.37817e+13 1260 162.8 110970 0 0 -0.04184 0 0 -239.81 0 0 -36.9664 0 0 
1557.95 0.0573238 -3.81238 -0.00146021 -3.48471 2.64307e+17 7.58649e+13 1260 162.8 112678 0 0 -0.04184 0 0 -239.79 0 0 -36.9863 0 0 
1558.01 0.0579488 -3.81175 -0.00146023 -3.48481 2.58202e+17 7.8027e+13 1260 162.8 114409 0 0 -0.04184 0 0 -239.77 0 0 -37.0067 0 0 
1558.06 0.0585833 -3.81112 -0.00146026 -3.48491 2.52143e+17 8.02718e+13 1260 162.8 116164 0 0 -0.04184 0 0 -239.749 0 0 -37.0277 0 0 
1558.12 0.0592276 -3.81048 -0.00146029 -3.485 2.46133e+17 8.26037e+13 1260 162.8 117942 0 0 -0.04184 0 0 -239.727 0 0 -37.0493 0 0 
1558.17 0.0598818 -3.80982 -0.00146031 -3.4851 2.40172e+17 8.50268e+13 1260 162.8 119743 0 0 -0.04184 0 0 -239.705 0 0 -37.0716 0 0 
1558.23 0.0605459 -3.80916 -0.00146034 -3.48519 2.34264e+17 8.7546e+13 1260 162.8 121567 0 0 -0.04184 0 0 -239.682 0 0 -37.0944 0 0 
1558.28 0.0612201 -3.80848 -0.00146037 -3.48528 2.28411e+17 9.01661e+13 1260 162.8 123415 0 0 -0.04184 0 0 -239.659 0 0 -37.118 0 0 
1558.34 0.0619046 -3.8078 -0.0014604 -3.48536 2.22613e+17 9.28924e+13 1260 162.8 125286 0 0 -0.04184 0 0 -239.634 0 0 -37.1423 0 0 
1558.39 0.0625994 -3.8071 -0.00146043 -3.48544 2.16875e+17 9.57303e+13 1260 162.8 127180 0 0 -0.04184 0 0 -239.609 0 0 -37.1673 0 0 
1558.45 0.0633048 -3.8064 -0.00146046 -3.48552 2.11196e+17 9.86857e+13 1260 162.8 129099 0 0 -0.04184 0 0 -239.583 0 0 -37.1931 0 0 
1558.5 0.0640207 -3.80568 -0.00146049 -3.4856 2.0558e+17 1.01765e+14 1260 162.8 131040 0 0 -0.04184 0 0 -239.557 0 0 -37.2197 0 0 
1558.56 0.0647474 -3.80496 -0.00146052 -3.48568 2.00029e+17 1.04974e+14 1260 162.8 133005 0 0 -0.04184 0 0 -239.529 0 0 -37.2472 0 0 
1558.61 0.065485 -3.80422 -0.00146055 -3.48575 1.94544e+17 1.08321e+14 1260 162.8 134994 0 0 -0.04184 0 0 -239.501 0 0 -37.2755 0 0 
1558.67 0.0662336 -3.80347 -0.00146059 -3.48582 1.89127e+17 1.11812e+14 1260 162.8 137006 0 0 -0.04184 0 0 -239.472 0 0 -37.3047 0 0 
1558.72 0.0669933 -3.80271 -0.00146062 -3.48589 1.8378e+17 1.15456e+14 1260 162.8 139041 0 0 -0.04184 0 0 -239.442 0 0 -37.3348 0 0 
1558.78 0.0677643 -3.80194 -0.00146066 -3.48596 1.78505e+17 1.1926e+14 1260 162.8 141100 0 0 -0.04184 0 0 -239.411 0 0 -37.3659 0 0 
1558.83 0.0685467 -3.80116 -0.0014607 -3.48603 1.73302e+17 1.23235e+14 1260 162.8 143182 0 0 -0.04184 0 0 -239.378 0 0 -37.3981 0 0 
1558.89 0.0693406 -3.80036 -0.00146073 -3.48609 1.68175e+17 1.27388e+14 1260 162.8 145288 0 0 -0.04184 0 0 -239.345 0 0 -37.4313 0 0 
1558.94 0.0701462 -3.79956 -0.00146077 -3.48615 1.63125e+17 1.31731e+14 1260 162.8 147416 0 0 -0.04184 0 0 -239.311 0 0 -37.4657 0 0 
1559 0.0709635 -3.79874 -0.00146082 -3.48621 1.58152e+17 1.36273e+14 1260 162.8 148487 0 0 -0.04184 0 0 -239.293 0 0 -37.4832 0 0 
1559 0.0709635 -3.79874 -0.00146082 -3.48621 1.58152e+17 1.36273e+14 1260 162.8 150650 0 0 -0.04184 0 0 -239.257 0 0 -37.5193 0 0 
1559.06 0.0717928 -3.79791 -0.00146086 -3.48627 1.53259e+17 1.41026e+14 1260 162.8 151743 0 0 -0.04184 0 0 -239.239 0 0 -37.538 0 0 
1559.11 0.0726341 -3.79707 -0.0014609 -3.48632 1.48446e+17 1.46003e+14 1260 162.8 153940 0 0 -0.04184 0 0 -239.2 0 0 -37.5761 0 0 
1559.17 0.0734876 -3.79622 -0.00146094 -3.48637 1.43715e+17 1.51215e+14 1260 162.8 156161 0 0 -0.04184 0 0 -239.161 0 0 -37.6155 0 0 
1559.22 0.0743533 -3.79535 -0.00146099 -3.48643 1.39068e+17 1.56677e+14 1260 162.8 158403 0 0 -0.04184 0 0 -239.12 0 0 -37.6563 0 0 
1559.28 0.0752315 -3.79447 -0.00146104 -3.48648 1.34504e+17 1.62403e+14 1260 162.8 160669 0 0 -0.04184 0 0 -239.078 0 0 -37.6986 0 0 
1559.33 0.0761221 -3.79358 -0.00146109 -3.48652 1.30026e+17 1.68409e+14 1260 162.8 162956 0 0 -0.04184 0 0 -239.034 0 0 -37.7425 0 0 
1559.39 0.0770255 -3.79268 -0.00146114 -3.48657 1.25634e+17 1.74712e+14 1260 162.8 165265 0 0 -0.04184 0 0 -238.989 0 0 -37.788 0 0 
1559.44 0.0779416 -3.79176 -0.00146119 -3.48662 1.21329e+17 1.81328e+14 1260 162.8 167597 0 0 -0.04184 0 0 -238.941 0 0 -37.8352 0 0 
1559.5 0.0788706 -3.79083 -0.00146125 -3.48666 1.17112e+17 1.88277e+14 1260 162.8 169950 0 0 -0.04184 0 0 -238.892 0 0 -37.8841 0 0 
1559.55 0.0798126 -3.78989 -0.0014613 -3.4867 1.12983e+17 1.95579e+14 1260 162.8 172324 0 0 -0.04184 0 0 -238.842 0 0 -37.935 0 0 
1559.61 0.0807677 -3.78894 -0.00146136 -3.48674 1.08943e+17 2.03256e+14 1260 162.8 174719 0 0 -0.04184 0 0 -238.789 0 0 -37.9879 0 0 
1559.66 0.0817361 -3.78797 -0.00146142 -3.48678 1.04992e+17 2.1133e+14 1260 162.8 177136 0 0 -0.04184 0 0 -238.734 0 0 -38.0428 0 0 
1559.72 0.0827178 -3.78699 -0.00146149 -3.48682 1.01132e+17 2.19826e+14 1260 162.8 179573 0 0 -0.04184 0 0 -238.677 0 0 -38.0999 0 0 
1559.77 0.083713 -3.78599 -0.00146155 -3.48685 9.73609e+16 2.28771e+14 1260 162.8 182030 0 0 -0.04184 0 0 -238.617 0 0 -38.1593 0 0 
1559.83 0.0847218 -3.78498 -0.00146162 -3.48689 9.36804e+16 2.38192e+14 1260 162.8 184507 0 0 -0.04184 0 0 -238.555 0 0 -38.2211 0 0 
1559.88 0.0857443 -3.78396 -0.00146169 -3.48692 9.00903e+16 2.4812e+14 1260 162.8 187004 0 0 -0.04184 0 0 -238.491 0 0 -38.2855 0 0 
1559.94 0.0867806 -3.78292 -0.00146176 -3.48695 8.65904e+16 2.58587e+14 1260 162.8 189521 0 0 -0.04184 0 0 -238.424 0 0 -38.3526 0 0 
1559.99 0.0878308 -3.78187 -0.00146184 -3.48698 8.31807e+16 2.69628e+14 1260 162.8 192056 0 0 -0.04184 0 0 -238.354 0 0 -38.4225 0 0 
1560.05 0.088895 -3.78081 -0.00146192 -3.48701 7.98611e+16 2.81279e+14 1260 162.8 194611 0 0 -0.04184 0 0 -238.281 0 0 -38.4953 0 0 
1560.1 0.0899733 -3.77973 -0.001462 -3.48704 7.66311e+16 2.93581e+14 1260 162.8 197184 0 0 -0.04184 0 0 -238.205 0 0 -38.5714 0 0 
1560.16 0.0910658 -3.77864 -0.00146209 -3.48707 7.34905e+16 3.06575e+14 1260 162.8 199775 0 0 -0.04184 0 0 -238.126 0 0 -38.6507 0 0 
1560.21 0.0921726 -3.77753 -0.00146218 -3.48709 7.04388e+16 3.20309e+14 1260 162.8 202383 0 0 -0.04184 0 0 -238.043 0 0 -38.7335 0 0 
1560.27 0.0932939 -3.77641 -0.00146227 -3.48712 6.74754e+16 3.3483e+14 1260 162.8 205010 0 0 -0.04184 0 0 -237.956 0 0 -38.8201 0 0 
1560.32 0.0944296 -3.77527 -0.00146237 -3.48714 6.45996e+16 3.50192e+14 1260 162.8 207653 0 0 -0.04184 0 0 -237.866 0 0 -38.9105 0 0 
1560.38 0.09558 -3.77412 -0.00146247 -3.48717 6.18108e+16 3.66451e+14 1260 162.8 210312 0 0 -0.04184 0 0 -237.771 0 0 -39.0051 0 0 
1560.43 0.096745 -3.77296 -0.00146258 -3.48719 5.91081e+16 3.83669e+14 1260 162.8 212988 0 0 -0.04184 0 0 -237.673 0 0 -39.1041 0 0 
1560.49 0.0979248 -3.77178 -0.00146269 -3.48721 5.64906e+16 4.01911e+14 1260 162.8 215680 0 0 -0.04184 0 0 -237.569 0 0 -39.2076 0 0 
1560.54 0.0991195 -3.77058 -0.00146281 -3.48723 5.39574e+16 4.21247e+14 1260 162.8 218387 0 0 -0.04184 0 0 -237.46 0 0 -39.3161 0 0 
1560.6 0.100329 -3.76937 -0.00146293 -3.48725 5.15074e+16 4.41755e+14 1260 162.8 221110 0 0 -0.04184 0 0 -237.347 0 0 -39.4297 0 0 
1560.65 0.101554 -3.76815 -0.00146306 -3.48727 4.91396e+16 4.63514e+14 1260 162.8 223847 0 0 -0.04184 0 0 -237.228 0 0 -39.5488 0 0 
1560.71 0.102793 -3.76691 -0.0014632 -3.48728 4.68527e+16 4.86615e+14 1260 162.8 226598 0 0 -0.04184 0 0 -237.103 0 0 -39.6737 0 0 
1560.76 0.104048 -3.76566 -0.00146334 -3.4873 4.46455e+16 5.11151e+14 1260 162.8 229363 0 0 -0.04184 0 0 -236.972 0 0 -39.8047 0 0 
1560.82 0.105319 -3.76438 -0.00146349 -3.48732 4.25167e+16 5.37226e+14 1260 162.8 232142 0 0 -0.04184 0 0 -236.834 0 0 -39.9422 0 0 
1560.87 0.106604 -3.7631 -0.00146364 -3.48733 4.04651e+16 5.6495e+14 1260 162.8 234934 0 0 -0.04184 0 0 -236.69 0 0 -40.0865 0 0 
1560.93 0.107905 -3.7618 -0.00146381 -3.48735 3.8489e+16 5.94442e+14 1260 162.8 237738 0 0 -0.04184 0 0 -236.538 0 0 -40.2382 0 0 
1560.98 0.109221 -3.76048 -0.00146398 -3.48736 3.65872e+16 6.25832e+14 1260 162.8 240555 0 0 -0.04184 0 0 -236.379 0 0 -40.3976 0 0 
1561.04 0.110553 -3.75915 -0.00146416 -3.48737 3.47582e+16 6.59259e+14 1260 162.8 243383 0 0 -0.04184 0 0 -236.211 0 0 -40.5651 0 0 
1561.09 0.111901 -3.7578 -0.00146435 -3.48739 3.30003e+16 6.94875e+14 1260 162.8 246223 0 0 -0.04184 0 0 -236.035 0 0 -40.7413 0 0 
1561.15 0.113264 -3.75644 -0.00146455 -3.4874 3.1312e+16 7.32841e+14 1260 162.8 249074 0 0 -0.04184 0 0 -235.85 0 0 -40.9267 0 0 
1561.2 0.114643 -3.75506 -0.00146476 -3.48741 2.96918e+16 7.73334e+14 1260 162.8 251936 0 0 -0.04184 0 0 -235.655 0 0 -41.1218 0 0 
1561.26 0.116038 -3.75367 -0.00146498 -3.48742 2.8138e+16 8.16546e+14 1260 162.8 254808 0 0 -0.04184 0 0 -235.449 0 0 -41.3271 0 0 
1561.31 0.117448 -3.75226 -0.00146522 -3.48743 2.66489e+16 8.62683e+14 1260 162.8 257690 0 0 -0.04184 0 0 -235.233 0 0 -41.5434 0 0 
1561.37 0.118875 -3.75083 -0.00146546 -3.48744 2.52229e+16 9.11969e+14 1260 162.8 260581 0 0 -0.04184 0 0 -235.005 0 0 -41.7711 0 0 
1561.42 0.120317 -3.74939 -0.00146572 -3.48745 2.38582e+16 9.64648e+14 1260 162.8 263482 0 0 -0.04184 0 0 -234.766 0 0 -42.011 0 0 
1561.48 0.121775 -3.74793 -0.001466 -3.48746 2.25533e+16 1.02098e+15 1260 162.8 266392 0 0 -0.04184 0 0 -234.513 0 0 -42.2637 0 0 
1561.53 0.12325 -3.74645 -0.00146629 -3.48747 2.13063e+16 1.08126e+15 1260 162.8 269310 0 0 -0.04184 0 0 -234.247 0 0 -42.53 0 0 
1561.59 0.12474 -3.74496 -0.0014666 -3.48748 2.01156e+16 1.14579e+15 1260 162.8 272236 0 0 -0.04184 0 0 -233.966 0 0 -42.8104 0 0 
1561.64 0.126247 -3.74346 -0.00146693 -3.48748 1.89794e+16 1.21491e+15 1260 162.8 275170 0 0 -0.04184 0 0 -233.671 0 0 -43.1059 0 0 
1561.7 0.12777 -3.74193 -0.00146727 -3.48749 1.78961e+16 1.28898e+15 1260 162.8 278112 0 0 -0.04184 0 0 -233.36 0 0 -43.417 0 0 
1561.75 0.129309 -3.74039 -0.00146764 -3.4875 1.68639e+16 1.36841e+15 1260 162.8 281061 0 0 -0.04184 0 0 -233.032 0 0 -43.7446 0 0 
1561.81 0.130864 -3.73884 -0.00146802 -3.4875 1.58811e+16 1.45363e+15 1260 162.8 284016 0 0 -0.04184 0 0 -232.687 0 0 -44.0894 0 0 
1561.86 0.132435 -3.73727 -0.00146844 -3.48751 1.49461e+16 1.5451e+15 1260 162.8 286979 0 0 -0.04184 0 0 -232.325 0 0 -44.452 0 0 
1561.92 0.134023 -3.73568 -0.00146887 -3.48752 1.40571e+16 1.64336e+15 1260 162.8 289947 0 0 -0.04184 0 0 -231.943 0 0 -44.8332 0 0 
1561.97 0.135627 -3.73408 -0.00146934 -3.48752 1.32126e+16 1.74894e+15 1260 162.8 292921 0 0 -0.04184 0 0 -231.543 0 0 -45.2335 0 0 
1562.03 0.137248 -3.73246 -0.00146983 -3.48753 1.24108e+16 1.86247e+15 1260 162.8 295902 0 0 -0.04184 0 0 -231.123 0 0 -45.6534 0 0 
1562.08 0.138885 -3.73082 -0.00147035 -3.48753 1.16502e+16 1.9846e+15 1260 162.8 298887 0 0 -0.04184 0 0 -230.683 0 0 -46.0934 0 0 
1562.14 0.140538 -3.72916 -0.00147091 -3.48754 1.09292e+16 2.11607e+15 1260 162.8 301878 0 0 -0.04184 0 0 -230.223 0 0 -46.5538 0 0 
1562.19 0.142208 -3.72749 -0.0014715 -3.48754 1.02462e+16 2.25766e+15 1260 162.8 304874 0 0 -0.04184 0 0 -229.742 0 0 -47.0347 0 0 
1562.25 0.143895 -3.72581 -0.00147213 -3.48755 9.59976e+15 2.41024e+15 1260 162.8 307874 0 0 -0.04184 0 0 -229.241 0 0 -47.5359 0 0 
1562.3 0.145598 -3.72411 -0.0014728 -3.48755 8.98826e+15 2.57476e+15 1260 162.8 310879 0 0 -0.04184 0 0 -228.719 0 0 -48.0573 0 0 
1562.36 0.147317 -3.72239 -0.00147352 -3.48755 8.41027e+15 2.75225e+15 1260 162.8 313888 0 0 -0.04184 0 0 -228.178 0 0 -48.5982 0 0 
1562.41 0.149054 -3.72065 -0.00147428 -3.48756 7.86436e+15 2.94383e+15 1260 162.8 316902 0 0 -0.04184 0 0 -227.619 0 0 -49.1578 0 0 
1562.47 0.150806 -3.7189 -0.0014751 -3.48756 7.34912e+15 3.15074e+15 1260 162.8 319919 0 0 -0.04184 0 0 -227.042 0 0 -49.7348 0 0 
1562.52 0.152576 -3.71713 -0.00147597 -3.48756 6.86318e+15 3.37435e+15 1260 162.8 322940 0 0 -0.04184 0 0 -226.449 0 0 -50.3277 0 0 
1562.58 0.154362 -3.71534 -0.0014769 -3.48757 6.40521e+15 3.61612e+15 1260 162.8 325964 0 0 -0.04184 0 0 -225.842 0 0 -50.9348 0 0 
1562.63 0.156164 -3.71354 -0.00147789 -3.48757 5.97391e+15 3.87768e+15 1260 162.8 328992 0 0 -0.04184 0 0 -225.223 0 0 -51.5537 0 0 
1562.69 0.157983 -3.71172 -0.00147895 -3.48757 5.56803e+15 4.16083e+15 1260 162.8 332023 0 0 -0.04184 0 0 -224.595 0 0 -52.1818 0 0 
1562.74 0.159819 -3.70988 -0.00148009 -3.48758 5.18634e+15 4.4675e+15 1260 162.8 335057 0 0 -0.04184 0 0 -223.96 0 0 -52.8165 0 0 
1562.8 0.161672 -3.70803 -0.00148131 -3.48758 4.82767e+15 4.79985e+15 1260 162.8 338093 0 0 -0.04184 0 0 -223.322 0 0 -53.4545 0 0 
1562.85 0.163542 -3.70616 -0.00148261 -3.48758 4.49086e+15 5.16023e+15 1260 162.8 341133 0 0 -0.04184 0 0 -222.684 0 0 -54.0927 0 0 
1562.91 0.165428 -3.70428 -0.00148401 -3.48758 4.17482e+15 5.55122e+15 1260 162.8 344175 0 0 -0.04184 0 0 -222.049 0 0 -54.7277 0 0 
1562.96 0.167331 -3.70237 -0.00148551 -3.48758 3.87849e+15 5.97569e+15 1260 162.8 347220 0 0 -0.04184 0 0 -221.42 0 0 -55.3561 0 0 
1563.02 0.16925 -3.70045 -0.00148713 -3.48759 3.60083e+15 6.43675e+15 1260 162.8 350267 0 0 -0.04184 0 0 -220.802 0 0 -55.9748 0 0 
1563.07 0.171187 -3.69852 -0.00148886 -3.48759 3.34085e+15 6.93785e+15 1260 162.8 353317 0 0 -0.04184 0 0 -220.196 0 0 -56.5806 0 0 
1563.13 0.17314 -3.69656 -0.00149072 -3.48759 3.09761e+15 7.48279e+15 1260 162.8 356369 0 0 -0.04184 0 0 -219.606 0 0 -57.1707 0 0 
1563.18 0.17511 -3.69459 -0.00149273 -3.48759 2.87019e+15 8.07574e+15 1260 162.8 359423 0 0 -0.04184 0 0 -219.034 0 0 -57.7425 0 0 
1563.24 0.177097 -3.69261 -0.00149488 -3.48759 2.65771e+15 8.72131e+15 1260 162.8 362480 0 0 -0.04184 0 0 -218.483 0 0 -58.2939 0 0 
1563.29 0.179101 -3.6906 -0.00149721 -3.48759 2.45934e+15 9.42457e+15 1260 162.8 365538 0 0 -0.04184 0 0 -217.953 0 0 -58.8232 0 0 
1563.35 0.181121 -3.68858 -0.00149972 -3.4876 2.27428e+15 1.01911e+16 1260 162.8 368599 0 0 -0.04184 0 0 -217.448 0 0 -59.3289 0 0 
1563.4 0.183159 -3.68654 -0.00150242 -3.4876 2.10175e+15 1.10272e+16 1260 162.8 371662 0 0 -0.04184 0 0 -216.967 0 0 -59.81 0 0 
1563.46 0.185213 -3.68449 -0.00150535 -3.4876 1.94103e+15 1.19396e+16 1260 162.8 374726 0 0 -0.04184 0 0 -216.511 0 0 -60.2659 0 0 
1563.51 0.187284 -3.68242 -0.00150851 -3.4876 1.7914e+15 1.29359e+16 1260 162.8 377793 0 0 -0.04184 0 0 -216.08 0 0 -60.6963 0 0 
1563.57 0.189372 -3.68033 -0.00151193 -3.4876 1.65221e+15 1.40244e+16 1260 162.8 380862 0 0 -0.04184 0 0 -215.675 0 0 -61.1014 0 0 
1563.62 0.191477 -3.67823 -0.00151563 -3.4876 1.52283e+15 1.52143e+16 1260 162.8 383933 0 0 -0.04184 0 0 -215.295 0 0 -61.4813 0 0 
1563.68 0.193599 -3.6761 -0.00151964 -3.4876 1.40263e+15 1.6516e+16 1260 162.8 387006 0 0 -0.04184 0 0 -214.94 0 0 -61.8366 0 0 
1563.73 0.195738 -3.67397 -0.00152399 -3.4876 1.29106e+15 1.79407e+16 1260 162.8 390082 0 0 -0.04184 0 0 -214.608 0 0 -62.1681 0 0 
1563.79 0.197893 -3.67181 -0.0015287 -3.4876 1.18757e+15 1.95011e+16 1260 162.8 393160 0 0 -0.04184 0 0 -214.3 0 0 -62.4765 0 0 
1563.84 0.200066 -3.66964 -0.00153383 -3.4876 1.09164e+15 2.12109e+16 1260 162.8 396240 0 0 -0.04184 0 0 -214.014 0 0 -62.7629 0 0 
1563.9 0.202256 -3.66745 -0.0015394 -3.4876 1.00279e+15 2.30857e+16 1260 162.8 399322 0 0 -0.04184 0 0 -213.748 0 0 -63.0283 0 0 
1563.95 0.204462 -3.66524 -0.00154545 -3.4876 9.2054e+14 2.51426e+16 1260 162.8 402407 0 0 -0.04184 0 0 -213.503 0 0 -63.2737 0 0 
1564.01 0.206686 -3.66302 -0.00155205 -3.48761 8.44465e+14 2.74007e+16 1260 162.8 405495 0 0 -0.04184 0 0 -213.276 0 0 -63.5003 0 0 
1564.06 0.208927 -3.66078 -0.00155923 -3.48761 7.7415e+14 2.98811e+16 1260 162.8 408586 0 0 -0.04184 0 0 -213.067 0 0 -63.7092 0 0 
1564.12 0.211184 -3.65852 -0.00156706 -3.48761 7.09204e+14 3.26074e+16 1260 162.8 411680 0 0 -0.04184 0 0 -212.875 0 0 -63.9015 0 0 
1564.17 0.213459 -3.65624 -0.0015756 -3.48761 6.4926e+14 3.56057e+16 1260 162.8 414778 0 0 -0.04184 0 0 -212.698 0 0 -64.0783 0 0 
1564.23 0.21575 -3.65395 -0.00158493 -3.48761 5.93972e+14 3.89052e+16 1260 162.8 417879 0 0 -0.04184 0 0 -212.536 0 0 -64.2405 0 0 
1564.28 0.218059 -3.65164 -0.00159512 -3.48761 5.43015e+14 4.25383e+16 1260 162.8 420984 0 0 -0.04184 0 0 -212.387 0 0 -64.3894 0 0 
1564.34 0.220385 -3.64932 -0.00160626 -3.48761 4.96083e+14 4.65412e+16 1260 162.8 424093 0 0 -0.04184 0 0 -212.251 0 0 -64.5257 0 0 
1564.39 0.222728 -3.64698 -0.00161845 -3.48761 4.52888e+14 5.09542e+16 1260 162.8 427207 0 0 -0.04184 0 0 -212.126 0 0 -64.6504 0 0 
1564.45 0.225088 -3.64462 -0.00163181 -3.48761 4.13162e+14 5.58223e+16 1260 162.8 430325 0 0 -0.04184 0 0 -212.012 0 0 -64.7644 0 0 
1564.5 0.227466 -3.64224 -0.00164644 -3.48761 3.7665e+14 6.11958e+16 1260 162.8 433450 0 0 -0.04184 0 0 -211.908 0 0 -64.8686 0 0 
1564.56 0.22986 -3.63984 -0.0016625 -3.48761 3.43118e+14 6.71306e+16 1260 162.8 436580 0 0 -0.04184 0 0 -211.813 0 0 -64.9636 0 0 
1564.61 0.232272 -3.63743 -0.00168011 -3.48761 3.12344e+14 7.36896e+16 1260 162.8 439717 0 0 -0.04184 0 0 -211.726 0 0 -65.0502 0 0 
1564.67 0.234701 -3.635 -0.00169947 -3.48761 2.8412e+14 8.09428e+16 1260 162.8 442861 0 0 -0.04184 0 0 -211.648 0 0 -65.129 0 0 
1564.72 0.237148 -3.63256 -0.00172075 -3.48761 2.58255e+14 8.89687e+16 1260 162.8 446014 0 0 -0.04184 0 0 -211.576 0 0 -65.2008 0 0 
1564.78 0.239611 -3.63009 -0.00174415 -3.48761 2.34567e+14 9.78551e+16 1260 162.8 449175 0 0 -0.04184 0 0 -211.511 0 0 -65.266 0 0 
1564.83 0.242093 -3.62761 -0.00176993 -3.48761 2.12888e+14 1.077e+17 1260 162.8 452346 0 0 -0.04184 0 0 -211.451 0 0 -65.3253 0 0 
1564.89 0.244591 -3.62511 -0.00179833 -3.48761 1.93063e+14 1.18615e+17 1260 162.8 455527 0 0 -0.04184 0 0 -211.398 0 0 -65.3791 0 0 
1564.94 0.247108 -3.6226 -0.00182965 -3.48761 1.74945e+14 1.30722e+17 1260 162.8 458721 0 0 -0.04184 0 0 -211.349 0 0 -65.4278 0 0 
1565 0.249642 -3.62006 -0.00186423 -3.48761 1.584e+14 1.44161e+17 1260 162.8 460320 0 0 -0.04184 0 0 -211.326 0 0 -65.451 0 0 
1565 0.0251336 -3.46735 -0.00186423 -3.48761 7.24703e+17 2.38025e+19 1500 200 -1.0341e+06 0 0 -0.0285876 0 0 -210.599 0 0 -66.177 0 0 
1565.06 0.0193886 -3.4731 -0.00186423 -3.48761 8.83444e+17 2.01351e+19 1500 200 -1.02443e+06 0 0 -0.0285876 0 0 -209.813 0 0 -66.9635 0 0 
1565.11 0.0137511 -3.47874 -0.00186424 -3.48761 1.0683e+18 1.69887e+19 1500 200 -1.00677e+06 0 0 -0.0285876 0 0 -208.155 0 0 -68.6216 0 0 
1565.17 0.00820232 -3.48428 -0.00186424 -3.48761 1.28189e+18 1.42956e+19 1500 200 -992237 0 0 -0.0285876 0 0 -206.324 0 0 -70.4525 0 0 
1565.22 0.00272619 -3.48976 -0.00186425 -3.48761 1.52677e+18 1.19968e+19 1500 200 -980445 0 0 -0.0285876 0 0 -204.319 0 0 -72.458 0 0 
1565.28 -0.00269151 -3.49518 -0.00186425 -3.48761 1.80535e+18 1.00405e+19 1500 200 -971052 0 0 -0.0285876 0 0 -202.144 0 0 -74.6324 0 0 
1565.33 -0.00806327 -3.50055 -0.00186425 -3.48761 2.11981e+18 8.38088e+18 1500 200 -963773 0 0 -0.0285876 0 0 -199.816 0 0 -76.9606 0 0 
1565.39 -0.0134001 -3.50589 -0.00186425 -3.48761 2.47212e+18 6.97763e+18 1500 200 -958366 0 0 -0.0285876 0 0 -197.362 0 0 -79.4149 0 0 
1565.44 -0.0187118 -3.5112 -0.00186425 -3.48761 2.86391e+18 5.79494e+18 1500 200 -954632 0 0 -0.0285876 0 0 -194.822 0 0 -81.9548 0 0 
1565.5 -0.0240071 -3.51649 -0.00186426 -3.48761 3.29657e+18 4.80127e+18 1500 200 -952405 0 0 -0.0285876 0 0 -192.248 0 0 -84.5282 0 0 
1565.56 -0.0292941 -3.52178 -0.00186426 -3.48761 3.77118e+18 3.96888e+18 1500 200 -951550 0 0 -0.0285876 0 0 -189.701 0 0 -87.0759 0 0 
1565.61 -0.0345799 -3.52707 -0.00186426 -3.48761 4.28858e+18 3.27356e+18 1500 200 -951960 0 0 -0.0285876 0 0 -187.238 0 0 -89.5382 0 0 
1565.67 -0.0398714 -3.53236 -0.00186426 -3.48761 4.8494e+18 2.69426e+18 1500 200 -953552 0 0 -0.0285876 0 0 -184.915 0 0 -91.8619 0 0 
1565.72 -0.0451749 -3.53766 -0.00186426 -3.48761 5.45409e+18 2.21281e+18 1500 200 -956262 0 0 -0.0285876 0 0 -182.77 0 0 -94.0061 0 0 
1565.78 -0.0504965 -3.54298 -0.00186426 -3.48761 6.10303e+18 1.8136e+18 1500 200 -960043 0 0 -0.0285876 0 0 -180.831 0 0 -95.9452 0 0 
1565.83 -0.0558421 -3.54833 -0.00186426 -3.48761 6.79651e+18 1.48329e+18 1500 200 -964865 0 0 -0.0285876 0 0 -179.108 0 0 -97.6681 0 0 
1565.89 -0.0612173 -3.5537 -0.00186426 -3.48761 7.53483e+18 1.21056e+18 1500 200 -970709 0 0 -0.0285876 0 0 -177.6 0 0 -99.1764 0 0 
1565.94 -0.0666277 -3.55911 -0.00186426 -3.48761 8.31832e+18 9.85811e+17 1500 200 -977566 0 0 -0.0285876 0 0 -176.296 0 0 -100.481 0 0 
1566 -0.0720791 -3.56457 -0.00186426 -3.48761 9.14737e+18 8.00967e+17 1500 200 -985439 0 0 -0.0285876 0 0 -175.179 0 0 -101.598 0 0 
1566.06 -0.077577 -3.57006 -0.00186426 -3.48761 1.00225e+19 6.49239e+17 1500 200 -994337 0 0 -0.0285876 0 0 -174.231 0 0 -102.546 0 0 
1566.11 -0.0831273 -3.57561 -0.00186426 -3.48761 1.09443e+19 5.24939e+17 1500 200 -1.00428e+06 0 0 -0.0285876 0 0 -173.431 0 0 -103.346 0 0 
1566.17 -0.0887357 -3.58122 -0.00186426 -3.48761 1.19137e+19 4.23317e+17 1500 200 -1.01528e+06 0 0 -0.0285876 0 0 -172.76 0 0 -104.017 0 0 
1566.22 -0.0944081 -3.58689 -0.00186426 -3.48761 1.29315e+19 3.40411e+17 1500 200 -1.02737e+06 0 0 -0.0285876 0 0 -172.199 0 0 -104.577 0 0 
1566.28 -0.100151 -3.59264 -0.00186426 -3.48761 1.39988e+19 2.72926e+17 1500 200 -1.04058e+06 0 0 -0.0285876 0 0 -171.734 0 0 -105.043 0 0 
1566.33 -0.10597 -3.59846 -0.00186426 -3.48761 1.51171e+19 2.18124e+17 1500 200 -1.05496e+06 0 0 -0.0285876 0 0 -171.349 0 0 -105.428 0 0 
1566.39 -0.111873 -3.60436 -0.00186427 -3.48761 1.62878e+19 1.73734e+17 1500 200 -1.07053e+06 0 0 -0.0285876 0 0 -171.031 0 0 -105.745 0 0 
1566.44 -0.117865 -3.61035 -0.00186427 -3.48761 1.75127e+19 1.37878e+17 1500 200 -1.08735e+06 0 0 -0.0285876 0 0 -170.77 0 0 -106.006 0 0 
1566.5 -0.123954 -3.61644 -0.00186427 -3.48761 1.87938e+19 1.08999e+17 1500 200 -1.10545e+06 0 0 -0.0285876 0 0 -170.557 0 0 -106.22 0 0 
1566.56 -0.130148 -3.62263 -0.00186427 -3.48761 2.01333e+19 8.58133e+16 1500 200 -1.1249e+06 0 0 -0.0285876 0 0 -170.383 0 0 -106.393 0 0 
1566.61 -0.136453 -3.62894 -0.00186427 -3.48761 2.15336e+19 6.72627e+16 1500 200 -1.14575e+06 0 0 -0.0285876 0 0 -170.242 0 0 -106.535 0 0 
1566.67 -0.142878 -3.63536 -0.00186427 -3.48761 2.29974e+19 5.24753e+16 1500 200 -1.16805e+06 0 0 -0.0285876 0 0 -170.128 0 0 -106.649 0 0 
1566.72 -0.149432 -3.64192 -0.00186427 -3.48761 2.45277e+19 4.07345e+16 1500 200 -1.19187e+06 0 0 -0.0285876 0 0 -170.036 0 0 -106.74 0 0 
1566.78 -0.156121 -3.64861 -0.00186427 -3.48761 2.61278e+19 3.14528e+16 1500 200 -1.21727e+06 0 0 -0.0285876 0 0 -169.963 0 0 -106.814 0 0 
1566.83 -0.162957 -3.65544 -0.00186427 -3.48761 2.78012e+19 2.41488e+16 1500 200 -1.24432e+06 0 0 -0.0285876 0 0 -169.905 0 0 -106.872 0 0 
1566.89 -0.169947 -3.66243 -0.00186427 -3.48761 2.95517e+19 1.84298e+16 1500 200 -1.2731e+06 0 0 -0.0285876 0 0 -169.858 0 0 -106.918 0 0 
1566.94 -0.177102 -3.66959 -0.00186427 -3.48761 3.13835e+19 1.39757e+16 1500 200 -1.30368e+06 0 0 -0.0285876 0 0 -169.822 0 0 -106.955 0 0 
1567 -0.184432 -3.67692 -0.00186427 -3.48762 3.33011e+19 1.05265e+16 1500 200 -1.31943e+06 0 0 -0.0285876 0 0 -169.806 0 0 -106.971 0 0 
1567 0.0400755 -3.82963 -0.00186427 -3.48762 4.92022e+17 4.35675e+13 1260 162.8 163222 0 0 -0.04184 0 0 -169.793 0 0 -106.983 0 0 
1567.06 0.040974 -3.82873 -0.00186428 -3.48812 4.7621e+17 4.59966e+13 1260 162.8 162979 0 0 -0.04184 0 0 -169.793 0 0 -106.983 0 0 
1567.11 0.0418698 -3.82783 -0.00186429 -3.4886 4.60923e+17 4.85066e+13 1260 162.8 162500 0 0 -0.04184 0 0 -169.793 0 0 -106.983 0 0 
1567.17 0.042763 -3.82694 -0.0018643 -3.48905 4.46141e+17 5.11001e+13 1260 162.8 162037 0 0 -0.04184 0 0 -169.793 0 0 -106.983 0 0 
1567.22 0.0436537 -3.82605 -0.00186431 -3.48948 4.31847e+17 5.37796e+13 1260 162.8 161589 0 0 -0.04184 0 0 -169.793 0 0 -106.983 0 0 
1567.28 0.044542 -3.82516 -0.00186432 -3.48989 4.18025e+17 5.65477e+13 1260 162.8 161155 0 0 -0.04184 0 0 -169.793 0 0 -106.983 0 0 
1567.33 0.0454279 -3.82428 -0.00186433 -3.49028 4.04658e+17 5.94073e+13 1260 162.8 160735 0 0 -0.04184 0 0 -169.793 0 0 -106.983 0 0 
1567.39 0.0463115 -3.82339 -0.00186434 -3.49065 3.91729e+17 6.23612e+13 1260 162.8 160329 0 0 -0.04184 0 0 -169.793 0 0 -106.984 0 0 
1567.44 0.047193 -3.82251 -0.00186435 -3.49101 3.79225e+17 6.54122e+13 1260 162.8 159935 0 0 -0.04184 0 0 -169.793 0 0 -106.984 0 0 
1567.5 0.0480723 -3.82163 -0.00186437 -3.49134 3.67131e+17 6.85634e+13 1260 162.8 159554 0 0 -0.04184 0 0 -169.793 0 0 -106.984 0 0 
1567.55 0.0489495 -3.82075 -0.00186438 -3.49166 3.55432e+17 7.1818e+13 1260 162.8 159186 0 0 -0.04184 0 0 -169.793 0 0 -106.984 0 0 
1567.61 0.0498248 -3.81988 -0.00186439 -3.49197 3.44115e+17 7.51791e+13 1260 162.8 158829 0 0 -0.04184 0 0 -169.793 0 0 -106.984 0 0 
1567.66 0.0506981 -3.81901 -0.00186441 -3.49226 3.33167e+17 7.86501e+13 1260 162.8 158483 0 0 -0.04184 0 0 -169.793 0 0 -106.984 0 0 
1567.72 0.0515695 -3.81813 -0.00186442 -3.49255 3.22575e+17 8.22345e+13 1260 162.8 158148 0 0 -0.04184 0 0 -169.793 0 0 -106.984 0 0 
1567.77 0.0524392 -3.81726 -0.00186443 -3.49281 3.12328e+17 8.59358e+13 1260 162.8 157825 0 0 -0.04184 0 0 -169.793 0 0 -106.984 0 0 
1567.83 0.0533071 -3.8164 -0.00186445 -3.49307 3.02414e+17 8.97576e+13 1260 162.8 157511 0 0 -0.04184 0 0 -169.792 0 0 -106.984 0 0 
1567.88 0.0541732 -3.81553 -0.00186446 -3.49332 2.92821e+17 9.37039e+13 1260 162.8 157207 0 0 -0.04184 0 0 -169.792 0 0 -106.984 0 0 
1567.94 0.0550378 -3.81467 -0.00186448 -3.49355 2.83539e+17 9.77783e+13 1260 162.8 156914 0 0 -0.04184 0 0 -169.792 0 0 -106.984 0 0 
1567.99 0.0559007 -3.8138 -0.0018645 -3.49378 2.74557e+17 1.01985e+14 1260 162.8 156629 0 0 -0.04184 0 0 -169.792 0 0 -106.984 0 0 
1568.05 0.0567621 -3.81294 -0.00186451 -3.494 2.65865e+17 1.06328e+14 1260 162.8 156353 0 0 -0.04184 0 0 -169.792 0 0 -106.985 0 0 
1568.1 0.0576221 -3.81208 -0.00186453 -3.4942 2.57454e+17 1.10813e+14 1260 162.8 156087 0 0 -0.04184 0 0 -169.792 0 0 -106.985 0 0 
1568.16 0.0584805 -3.81122 -0.00186455 -3.4944 2.49314e+17 1.15442e+14 1260 162.8 155828 0 0 -0.04184 0 0 -169.792 0 0 -106.985 0 0 
1568.21 0.0593376 -3.81037 -0.00186457 -3.49459 2.41436e+17 1.20221e+14 1260 162.8 155578 0 0 -0.04184 0 0 -169.792 0 0 -106.985 0 0 
1568.27 0.0601933 -3.80951 -0.00186459 -3.49478 2.33811e+17 1.25155e+14 1260 162.8 155336 0 0 -0.04184 0 0 -169.792 0 0 -106.985 0 0 
1568.32 0.0610477 -3.80866 -0.00186461 -3.49496 2.26431e+17 1.30248e+14 1260 162.8 155102 0 0 -0.04184 0 0 -169.791 0 0 -106.985 0 0 
1568.38 0.0619009 -3.8078 -0.00186463 -3.49513 2.19288e+17 1.35506e+14 1260 162.8 154875 0 0 -0.04184 0 0 -169.791 0 0 -106.985 0 0 
1568.43 0.0627528 -3.80695 -0.00186465 -3.49529 2.12374e+17 1.40933e+14 1260 162.8 154655 0 0 -0.04184 0 0 -169.791 0 0 -106.985 0 0 
1568.49 0.0636035 -3.8061 -0.00186467 -3.49545 2.05681e+17 1.46535e+14 1260 162.8 154442 0 0 -0.04184 0 0 -169.791 0 0 -106.986 0 0 
1568.54 0.0644531 -3.80525 -0.0018647 -3.4956 1.99203e+17 1.52319e+14 1260 162.8 154236 0 0 -0.04184 0 0 -169.791 0 0 -106.986 0 0 
1568.6 0.0653015 -3.8044 -0.00186472 -3.49574 1.92932e+17 1.58288e+14 1260 162.8 154036 0 0 -0.04184 0 0 -169.791 0 0 -106.986 0 0 
1568.65 0.0661489 -3.80355 -0.00186474 -3.49588 1.8686e+17 1.6445e+14 1260 162.8 153843 0 0 -0.04184 0 0 -169.791 0 0 -106.986 0 0 
1568.71 0.0669952 -3.80271 -0.00186477 -3.49602 1.80983e+17 1.7081e+14 1260 162.8 153656 0 0 -0.04184 0 0 -169.79 0 0 -106.986 0 0 
1568.76 0.0678405 -3.80186 -0.0018648 -3.49615 1.75293e+17 1.77375e+14 1260 162.8 153475 0 0 -0.04184 0 0 -169.79 0 0 -106.986 0 0 
1568.82 0.0686848 -3.80102 -0.00186482 -3.49627 1.69784e+17 1.84152e+14 1260 162.8 153299 0 0 -0.04184 0 0 -169.79 0 0 -106.986 0 0 
1568.87 0.0695282 -3.80018 -0.00186485 -3.49639 1.64451e+17 1.91146e+14 1260 162.8 153129 0 0 -0.04184 0 0 -169.79 0 0 -106.987 0 0 
1568.93 0.0703706 -3.79933 -0.00186488 -3.49651 1.59287e+17 1.98365e+14 1260 162.8 152965 0 0 -0.04184 0 0 -169.79 0 0 -106.987 0 0 
1568.98 0.0712122 -3.79849 -0.00186491 -3.49662 1.54288e+17 2.05816e+14 1260 162.8 152806 0 0 -0.04184 0 0 -169.79 0 0 -106.987 0 0 
1569.04 0.0720529 -3.79765 -0.00186494 -3.49673 1.49447e+17 2.13507e+14 1260 162.8 152651 0 0 -0.04184 0 0 -169.789 0 0 -106.987 0 0 
1569.09 0.0728928 -3.79681 -0.00186497 -3.49683 1.4476e+17 2.21445e+14 1260 162.8 152502 0 0 -0.04184 0 0 -169.789 0 0 -106.987 0 0 
1569.15 0.0737318 -3.79597 -0.001865 -3.49693 1.40221e+17 2.29637e+14 1260 162.8 152357 0 0 -0.04184 0 0 -169.789 0 0 -106.988 0 0 
1569.2 0.0745701 -3.79513 -0.00186504 -3.49703 1.35826e+17 2.38093e+14 1260 162.8 152217 0 0 -0.04184 0 0 -169.789 0 0 -106.988 0 0 
1569.26 0.0754076 -3.7943 -0.00186507 -3.49712 1.3157e+17 2.4682e+14 1260 162.8 152082 0 0 -0.04184 0 0 -169.788 0 0 -106.988 0 0 
1569.31 0.0762444 -3.79346 -0.00186511 -3.49721 1.27449e+17 2.55827e+14 1260 162.8 151950 0 0 -0.04184 0 0 -169.788 0 0 -106.988 0 0 
1569.37 0.0770805 -3.79262 -0.00186514 -3.4973 1.23459e+17 2.65123e+14 1260 162.8 151823 0 0 -0.04184 0 0 -169.788 0 0 -106.989 0 0 
1569.42 0.0779158 -3.79179 -0.00186518 -3.49738 1.19594e+17 2.74718e+14 1260 162.8 151700 0 0 -0.04184 0 0 -169.788 0 0 -106.989 0 0 
1569.48 0.0787505 -3.79095 -0.00186522 -3.49746 1.15852e+17 2.8462e+14 1260 162.8 151581 0 0 -0.04184 0 0 -169.787 0 0 -106.989 0 0 
1569.53 0.0795846 -3.79012 -0.00186526 -3.49754 1.12228e+17 2.9484e+14 1260 162.8 151465 0 0 -0.04184 0 0 -169.787 0 0 -106.989 0 0 
1569.59 0.0804181 -3.78929 -0.0018653 -3.49761 1.08718e+17 3.05388e+14 1260 162.8 151353 0 0 -0.04184 0 0 -169.787 0 0 -106.99 0 0 
1569.64 0.0812509 -3.78845 -0.00186535 -3.49769 1.05319e+17 3.16274e+14 1260 162.8 151245 0 0 -0.04184 0 0 -169.787 0 0 -106.99 0 0 
1569.7 0.0820831 -3.78762 -0.00186539 -3.49776 1.02026e+17 3.27508e+14 1260 162.8 151140 0 0 -0.04184 0 0 -169.786 0 0 -106.99 0 0 
1569.75 0.0829148 -3.78679 -0.00186544 -3.49783 9.8838e+16 3.39103e+14 1260 162.8 151039 0 0 -0.04184 0 0 -169.786 0 0 -106.991 0 0 
1569.81 0.0837459 -3.78596 -0.00186548 -3.49789 9.575e+16 3.5107e+14 1260 162.8 150940 0 0 -0.04184 0 0 -169.786 0 0 -106.991 0 0 
1569.86 0.0845765 -3.78513 -0.00186553 -3.49795 9.27592e+16 3.6342e+14 1260 162.8 150845 0 0 -0.04184 0 0 -169.785 0 0 -106.991 0 0 
1569.92 0.0854066 -3.7843 -0.00186558 -3.49802 8.98625e+16 3.76165e+14 1260 162.8 150753 0 0 -0.04184 0 0 -169.785 0 0 -106.992 0 0 
1569.97 0.0862362 -3.78347 -0.00186564 -3.49807 8.70569e+16 3.8932e+14 1260 162.8 150664 0 0 -0.04184 0 0 -169.784 0 0 -106.992 0 0 
1570.03 0.0870653 -3.78264 -0.00186569 -3.49813 8.43394e+16 4.02895e+14 1260 162.8 150578 0 0 -0.04184 0 0 -169.784 0 0 -106.992 0 0 
1570.08 0.0878939 -3.78181 -0.00186575 -3.49819 8.17074e+16 4.16906e+14 1260 162.8 150494 0 0 -0.04184 0 0 -169.784 0 0 -106.993 0 0 
1570.14 0.0887221 -3.78098 -0.0018658 -3.49824 7.91579e+16 4.31365e+14 1260 162.8 150413 0 0 -0.04184 0 0 -169.783 0 0 -106.993 0 0 
1570.19 0.0895499 -3.78015 -0.00186586 -3.49829 7.66885e+16 4.46288e+14 1260 162.8 150335 0 0 -0.04184 0 0 -169.783 0 0 -106.994 0 0 
1570.25 0.0903772 -3.77933 -0.00186592 -3.49834 7.42966e+16 4.61688e+14 1260 162.8 150259 0 0 -0.04184 0 0 -169.782 0 0 -106.994 0 0 
1570.3 0.0912041 -3.7785 -0.00186599 -3.49839 7.19797e+16 4.77582e+14 1260 162.8 150186 0 0 -0.04184 0 0 -169.782 0 0 -106.995 0 0 
1570.36 0.0920306 -3.77767 -0.00186605 -3.49844 6.97355e+16 4.93984e+14 1260 162.8 150115 0 0 -0.04184 0 0 -169.782 0 0 -106.995 0 0 
1570.41 0.0928567 -3.77685 -0.00186612 -3.49848 6.75616e+16 5.10912e+14 1260 162.8 150046 0 0 -0.04184 0 0 -169.781 0 0 -106.996 0 0 
1570.47 0.0936825 -3.77602 -0.00186619 -3.49852 6.54558e+16 5.28382e+14 1260 162.8 149979 0 0 -0.04184 0 0 -169.781 0 0 -106.996 0 0 
1570.52 0.0945079 -3.7752 -0.00186626 -3.49857 6.34159e+16 5.46412e+14 1260 162.8 149915 0 0 -0.04184 0 0 -169.78 0 0 -106.997 0 0 
1570.58 0.0953329 -3.77437 -0.00186634 -3.49861 6.144e+16 5.65018e+14 1260 162.8 149852 0 0 -0.04184 0 0 -169.779 0 0 -106.997 0 0 
1570.63 0.0961576 -3.77355 -0.00186641 -3.49865 5.95259e+16 5.84221e+14 1260 162.8 149792 0 0 -0.04184 0 0 -169.779 0 0 -106.998 0 0 
1570.69 0.096982 -3.77272 -0.00186649 -3.49868 5.76717e+16 6.04038e+14 1260 162.8 149734 0 0 -0.04184 0 0 -169.778 0 0 -106.998 0 0 
1570.74 0.0978061 -3.7719 -0.00186657 -3.49872 5.58755e+16 6.2449e+14 1260 162.8 149677 0 0 -0.04184 0 0 -169.778 0 0 -106.999 0 0 
1570.8 0.0986298 -3.77107 -0.00186666 -3.49876 5.41354e+16 6.45597e+14 1260 162.8 149622 0 0 -0.04184 0 0 -169.777 0 0 -106.999 0 0 
1570.85 0.0994533 -3.77025 -0.00186674 -3.49879 5.24498e+16 6.67379e+14 1260 162.8 149570 0 0 -0.04184 0 0 -169.777 0 0 -107 0 0 
1570.91 0.100276 -3.76943 -0.00186683 -3.49882 5.08169e+16 6.89859e+14 1260 162.8 149518 0 0 -0.04184 0 0 -169.776 0 0 -107.001 0 0 
1570.96 0.101099 -3.7686 -0.00186693 -3.49886 4.92349e+16 7.13058e+14 1260 162.8 149469 0 0 -0.04184 0 0 -169.775 0 0 -107.001 0 0 
1571.02 0.101922 -3.76778 -0.00186702 -3.49889 4.77024e+16 7.37e+14 1260 162.8 149421 0 0 -0.04184 0 0 -169.774 0 0 -107.002 0 0 
1571.07 0.102744 -3.76696 -0.00186712 -3.49892 4.62178e+16 7.61709e+14 1260 162.8 149375 0 0 -0.04184 0 0 -169.774 0 0 -107.003 0 0 
1571.13 0.103566 -3.76614 -0.00186722 -3.49895 4.47796e+16 7.87208e+14 1260 162.8 149330 0 0 -0.04184 0 0 -169.773 0 0 -107.004 0 0 
1571.18 0.104388 -3.76532 -0.00186733 -3.49897 4.33862e+16 8.13524e+14 1260 162.8 149287 0 0 -0.04184 0 0 -169.772 0 0 -107.004 0 0 
1571.24 0.10521 -3.76449 -0.00186744 -3.499 4.20363e+16 8.40682e+14 1260 162.8 149245 0 0 -0.04184 0 0 -169.771 0 0 -107.005 0 0 
1571.29 0.106031 -3.76367 -0.00186755 -3.49903 4.07285e+16 8.6871e+14 1260 162.8 149204 0 0 -0.04184 0 0 -169.771 0 0 -107.006 0 0 
1571.35 0.106853 -3.76285 -0.00186766 -3.49905 3.94616e+16 8.97635e+14 1260 162.8 149165 0 0 -0.04184 0 0 -169.77 0 0 -107.007 0 0 
1571.4 0.107674 -3.76203 -0.00186778 -3.49908 3.82341e+16 9.27486e+14 1260 162.8 149127 0 0 -0.04184 0 0 -169.769 0 0 -107.008 0 0 
1571.46 0.108494 -3.76121 -0.00186791 -3.4991 3.7045e+16 9.58292e+14 1260 162.8 149091 0 0 -0.04184 0 0 -169.768 0 0 -107.009 0 0 
1571.51 0.109315 -3.76039 -0.00186803 -3.49913 3.58929e+16 9.90085e+14 1260 162.8 149055 0 0 -0.04184 0 0 -169.767 0 0 -107.009 0 0 
1571.57 0.110135 -3.75957 -0.00186816 -3.49915 3.47767e+16 1.02289e+15 1260 162.8 149021 0 0 -0.04184 0 0 -169.766 0 0 -107.01 0 0 
1571.62 0.110956 -3.75875 -0.0018683 -3.49917 3.36954e+16 1.05676e+15 1260 162.8 148988 0 0 -0.04184 0 0 -169.765 0 0 -107.011 0 0 
1571.68 0.111776 -3.75793 -0.00186844 -3.49919 3.26477e+16 1.0917e+15 1260 162.8 148956 0 0 -0.04184 0 0 -169.764 0 0 -107.012 0 0 
1571.73 0.112595 -3.75711 -0.00186858 -3.49921 3.16326e+16 1.12776e+15 1260 162.8 148926 0 0 -0.04184 0 0 -169.763 0 0 -107.013 0 0 
1571.79 0.113415 -3.75629 -0.00186873 -3.49923 3.06492e+16 1.16498e+15 1260 162.8 148896 0 0 -0.04184 0 0 -169.762 0 0 -107.015 0 0 
1571.84 0.114235 -3.75547 -0.00186888 -3.49925 2.96964e+16 1.20339e+15 1260 162.8 148867 0 0 -0.04184 0 0 -169.761 0 0 -107.016 0 0 
1571.9 0.115054 -3.75465 -0.00186904 -3.49927 2.87733e+16 1.24303e+15 1260 162.8 148840 0 0 -0.04184 0 0 -169.76 0 0 -107.017 0 0 
1571.95 0.115873 -3.75383 -0.00186921 -3.49929 2.7879e+16 1.28394e+15 1260 162.8 148813 0 0 -0.04184 0 0 -169.759 0 0 -107.018 0 0 
1572.01 0.116692 -3.75301 -0.00186937 -3.4993 2.70125e+16 1.32616e+15 1260 162.8 148787 0 0 -0.04184 0 0 -169.757 0 0 -107.019 0 0 
1572.06 0.117511 -3.75219 -0.00186955 -3.49932 2.61729e+16 1.36972e+15 1260 162.8 148762 0 0 -0.04184 0 0 -169.756 0 0 -107.02 0 0 
1572.12 0.11833 -3.75137 -0.00186973 -3.49934 2.53595e+16 1.41469e+15 1260 162.8 148738 0 0 -0.04184 0 0 -169.755 0 0 -107.022 0 0 
1572.17 0.119149 -3.75055 -0.00186991 -3.49935 2.45714e+16 1.46109e+15 1260 162.8 148715 0 0 -0.04184 0 0 -169.754 0 0 -107.023 0 0 
1572.23 0.119967 -3.74974 -0.00187011 -3.49937 2.38078e+16 1.50898e+15 1260 162.8 148693 0 0 -0.04184 0 0 -169.752 0 0 -107.024 0 0 
1572.28 0.120786 -3.74892 -0.0018703 -3.49938 2.3068e+16 1.5584e+15 1260 162.8 148672 0 0 -0.04184 0 0 -169.751 0 0 -107.026 0 0 
1572.34 0.121604 -3.7481 -0.00187051 -3.4994 2.23512e+16 1.60941e+15 1260 162.8 148651 0 0 -0.04184 0 0 -169.749 0 0 -107.027 0 0 
1572.39 0.122422 -3.74728 -0.00187072 -3.49941 2.16567e+16 1.66205e+15 1260 162.8 148631 0 0 -0.04184 0 0 -169.748 0 0 -107.029 0 0 
1572.45 0.12324 -3.74646 -0.00187093 -3.49942 2.09838e+16 1.71637e+15 1260 162.8 148612 0 0 -0.04184 0 0 -169.746 0 0 -107.03 0 0 
1572.5 0.124058 -3.74565 -0.00187116 -3.49944 2.03318e+16 1.77244e+15 1260 162.8 148594 0 0 -0.04184 0 0 -169.745 0 0 -107.032 0 0 
1572.56 0.124876 -3.74483 -0.00187139 -3.49945 1.97001e+16 1.83029e+15 1260 162.8 148576 0 0 -0.04184 0 0 -169.743 0 0 -107.033 0 0 
1572.61 0.125694 -3.74401 -0.00187163 -3.49946 1.9088e+16 1.89e+15 1260 162.8 148559 0 0 -0.04184 0 0 -169.742 0 0 -107.035 0 0 
1572.67 0.126512 -3.74319 -0.00187187 -3.49947 1.8495e+16 1.95163e+15 1260 162.8 148543 0 0 -0.04184 0 0 -169.74 0 0 -107.037 0 0 
1572.72 0.127329 -3.74237 -0.00187213 -3.49948 1.79204e+16 2.01522e+15 1260 162.8 148527 0 0 -0.04184 0 0 -169.738 0 0 -107.038 0 0 
1572.78 0.128147 -3.74156 -0.00187239 -3.4995 1.73637e+16 2.08086e+15 1260 162.8 148512 0 0 -0.04184 0 0 -169.736 0 0 -107.04 0 0 
1572.83 0.128964 -3.74074 -0.00187266 -3.49951 1.68242e+16 2.14859e+15 1260 162.8 148498 0 0 -0.04184 0 0 -169.735 0 0 -107.042 0 0 
1572.89 0.129782 -3.73992 -0.00187294 -3.49952 1.63016e+16 2.2185e+15 1260 162.8 148484 0 0 -0.04184 0 0 -169.733 0 0 -107.044 0 0 
1572.94 0.130599 -3.7391 -0.00187323 -3.49953 1.57951e+16 2.29064e+15 1260 162.8 148471 0 0 -0.04184 0 0 -169.731 0 0 -107.046 0 0 
1573 0.131416 -3.73829 -0.00187353 -3.49954 1.53045e+16 2.3651e+15 1260 162.8 148465 0 0 -0.04184 0 0 -169.73 0 0 -107.047 0 0 
1573 0.131416 -3.73829 -0.00187353 -3.49954 1.53045e+16 2.3651e+15 1260 162.8 148452 0 0 -0.04184 0 0 -169.728 0 0 -107.049 0 0 
1573.06 0.132323 -3.73738 -0.00187387 -3.49955 1.4778e+16 2.45047e+15 1260 162.8 148445 0 0 -0.04184 0 0 -169.727 0 0 -107.05 0 0 
1573.13 0.133388 -3.73632 -0.00187428 -3.49956 1.41826e+16 2.55467e+15 1260 162.8 148431 0 0 -0.04184 0 0 -169.724 0 0 -107.053 0 0 
1573.22 0.134638 -3.73507 -0.0018748 -3.49957 1.35137e+16 2.68267e+15 1260 162.8 148415 0 0 -0.04184 0 0 -169.721 0 0 -107.056 0 0 
1573.32 0.136108 -3.7336 -0.00187543 -3.49959 1.2768e+16 2.84118e+15 1260 162.8 148397 0 0 -0.04184 0 0 -169.717 0 0 -107.06 0 0 
1573.43 0.137834 -3.73187 -0.00187622 -3.4996 1.19443e+16 3.03924e+15 1260 162.8 148379 0 0 -0.04184 0 0 -169.712 0 0 -107.065 0 0 
1573.57 0.139861 -3.72984 -0.00187722 -3.49962 1.10442e+16 3.28945e+15 1260 162.8 148360 0 0 -0.04184 0 0 -169.706 0 0 -107.071 0 0 
1573.73 0.142243 -3.72746 -0.0018785 -3.49964 1.0073e+16 3.60956e+15 1260 162.8 148342 0 0 -0.04184 0 0 -169.698 0 0 -107.078 0 0 
1573.92 0.145041 -3.72466 -0.00188016 -3.49966 9.04039e+15 4.02527e+15 1260 162.8 148325 0 0 -0.04184 0 0 -169.689 0 0 -107.087 0 0 
1574.14 0.148328 -3.72138 -0.00188235 -3.49968 7.96156e+15 4.57469e+15 1260 162.8 148312 0 0 -0.04184 0 0 -169.678 0 0 -107.098 0 0 
1574.4 0.152189 -3.71751 -0.0018853 -3.4997 6.85724e+15 5.31599e+15 1260 162.8 148305 0 0 -0.04184 0 0 -169.665 0 0 -107.112 0 0 
1574.71 0.156725 -3.71298 -0.00188938 -3.49972 5.75363e+15 6.3408e+15 1260 162.8 148308 0 0 -0.04184 0 0 -169.649 0 0 -107.128 0 0 
1575.07 0.162054 -3.70765 -0.00189517 -3.49974 4.68138e+15 7.79864e+15 1260 162.8 148327 0 0 -0.04184 0 0 -169.63 0 0 -107.147 0 0 
1575.49 0.168317 -3.70139 -0.00190366 -3.49976 3.67352e+15 9.94359e+15 1260 162.8 148372 0 0 -0.04184 0 0 -169.609 0 0 -107.168 0 0 
1575.98 0.175678 -3.69403 -0.00191661 -3.49978 2.76226e+15 1.32274e+16 1260 162.8 148458 0 0 -0.04184 0 0 -169.587 0 0 -107.19 0 0 
1576.57 0.184332 -3.68537 -0.00193727 -3.4998 1.97504e+15 1.84964e+16 1260 162.8 148615 0 0 -0.04184 0 0 -169.566 0 0 -107.21 0 0 
1577.25 0.194513 -3.67519 -0.00197206 -3.49981 1.33041e+15 2.7434e+16 1260 162.8 148898 0 0 -0.04184 0 0 -169.548 0 0 -107.229 0 0 
1578.06 0.206505 -3.6632 -0.00203446 -3.49982 8.34665e+14 4.3633e+16 1260 162.8 149428 0 0 -0.04184 0 0 -169.533 0 0 -107.244 0 0 
1579 0.220661 -3.64904 -0.00215512 -3.49983 4.80505e+14 7.54337e+16 1260 162.8 149812 0 0 -0.04184 0 0 -169.526 0 0 -107.251 0 0 
1579 0.220661 -3.64904 -0.00215512 -3.49983 4.80505e+14 7.54337e+16 1260 162.8 122833 0 0 -0.04184 0 0 -157.916 0 0 -118.861 0 0 
1580.01 0.233081 -3.63662 -0.00235914 -3.49983 2.94876e+14 1.21911e+17 1260 162.8 105743 0 0 -0.04184 0 0 -150.766 0 0 -126.011 0 0 
1581.02 0.242045 -3.62766 -0.00264626 -3.49983 2.06174e+14 1.72355e+17 1260 162.8 77132.8 0 0 -0.04184 0 0 -138.609 0 0 -138.167 0 0 
1582.03 0.248679 -3.62102 -0.00301451 -3.49984 1.57254e+14 2.22667e+17 1260 162.8 57430.5 0 0 -0.04184 0 0 -129.784 0 0 -146.993 0 0 
1583.04 0.253659 -3.61604 -0.00345764 -3.49984 1.27499e+14 2.69838e+17 1260 162.8 43256.3 0 0 -0.04184 0 0 -122.866 0 0 -153.91 0 0 
1584.06 0.257426 -3.61228 -0.00396696 -3.49984 1.08058e+14 3.12042e+17 1260 162.8 32794.1 0 0 -0.04184 0 0 -117.143 0 0 -159.634 0 0 
1585.07 0.26029 -3.60941 -0.00453293 -3.49984 9.46318e+13 3.4847e+17 1260 162.8 24955 0 0 -0.04184 0 0 -112.217 0 0 -164.559 0 0 
1586.08 0.262473 -3.60723 -0.00514612 -3.49984 8.4932e+13 3.79054e+17 1260 162.8 19029.9 0 0 -0.04184 0 0 -107.854 0 0 -168.923 0 0 
1587.09 0.264138 -3.60556 -0.00579792 -3.49985 7.76496e+13 4.04186e+17 1260 162.8 14528.6 0 0 -0.04184 0 0 -103.902 0 0 -172.874 0 0 
1588.1 0.265411 -3.60429 -0.00648082 -3.49985 7.19936e+13 4.24498e+17 1260 162.8 11098.9 0 0 -0.04184 0 0 -100.266 0 0 -176.511 0 0 
1589.11 0.266383 -3.60332 -0.00718846 -3.49985 6.74645e+13 4.40706e+17 1260 162.8 8481.36 0 0 -0.04184 0 0 -96.8762 0 0 -179.9 0 0 
1590.12 0.267126 -3.60258 -0.0079156 -3.49985 6.37351e+13 4.53513e+17 1260 162.8 6481.67 0 0 -0.04184 0 0 -93.6874 0 0 -183.089 0 0 
1591.13 0.267694 -3.60201 -0.00865801 -3.49985 6.05855e+13 4.63555e+17 1260 162.8 4953.17 0 0 -0.04184 0 0 -90.6659 0 0 -186.111 0 0 
1592.14 0.268128 -3.60158 -0.00941232 -3.49985 5.7864e+13 4.71385e+17 1260 162.8 3784.46 0 0 -0.04184 0 0 -87.787 0 0 -188.99 0 0 
1593.16 0.268459 -3.60124 -0.0101758 -3.49986 5.54643e+13 4.77461e+17 1260 162.8 2890.7 0 0 -0.04184 0 0 -85.0325 0 0 -191.744 0 0 
1594.17 0.268712 -3.60099 -0.0109465 -3.49986 5.33108e+13 4.82161e+17 1260 162.8 2207.13 0 0 -0.04184 0 0 -82.3887 0 0 -194.388 0 0 
1595.18 0.268905 -3.6008 -0.0117227 -3.49986 5.13488e+13 4.85786e+17 1260 162.8 1684.3 0 0 -0.04184 0 0 -79.8449 0 0 -196.932 0 0 
1596.19 0.269053 -3.60065 -0.0125031 -3.49986 4.95387e+13 4.88577e+17 1260 162.8 1284.38 0 0 -0.04184 0 0 -77.3928 0 0 -199.384 0 0 
1597.2 0.269165 -3.60054 -0.0132867 -3.49986 4.78512e+13 4.90722e+17 1260 162.8 978.474 0 0 -0.04184 0 0 -75.0257 0 0 -201.751 0 0 
1598.21 0.269251 -3.60045 -0.0140729 -3.49986 4.62646e+13 4.92369e+17 1260 162.8 744.471 0 0 -0.04184 0 0 -72.7381 0 0 -204.038 0 0 
1599.22 0.269316 -3.60039 -0.014861 -3.49986 4.47629e+13 4.93632e+17 1260 162.8 565.464 0 0 -0.04184 0 0 -70.5257 0 0 -206.251 0 0 
1600.23 0.269365 -3.60034 -0.0156505 -3.49987 4.33336e+13 4.946e+17 1260 162.8 428.522 0 0 -0.04184 0 0 -68.3844 0 0 -208.392 0 0 
1601.24 0.269402 -3.6003 -0.0164412 -3.49987 4.19677e+13 4.95342e+17 1260 162.8 323.752 0 0 -0.04184 0 0 -66.3111 0 0 -210.466 0 0 
1602.26 0.26943 -3.60027 -0.0172328 -3.49987 4.06579e+13 4.9591e+17 1260 162.8 243.59 0 0 -0.04184 0 0 -64.3028 0 0 -212.474 0 0 
1603.27 0.269451 -3.60025 -0.018025 -3.49987 3.93986e+13 4.96344e+17 1260 162.8 182.251 0 0 -0.04184 0 0 -62.3569 0 0 -214.42 0 0 
1604.28 0.269467 -3.60024 -0.0188178 -3.49987 3.81856e+13 4.96677e+17 1260 162.8 135.308 0 0 -0.04184 0 0 -60.4712 0 0 -216.305 0 0 
1605.29 0.269479 -3.60022 -0.0196109 -3.49987 3.70151e+13 4.96931e+17 1260 162.8 99.3766 0 0 -0.04184 0 0 -58.6433 0 0 -218.133 0 0 
1606.3 0.269487 -3.60022 -0.0204044 -3.49988 3.58846e+13 4.97126e+17 1260 162.8 71.8684 0 0 -0.04184 0 0 -56.8714 0 0 -219.905 0 0 
1607.31 0.269493 -3.60021 -0.0211981 -3.49988 3.47914e+13 4.97275e+17 1260 162.8 50.8031 0 0 -0.04184 0 0 -55.1535 0 0 -221.623 0 0 
1608.32 0.269498 -3.60021 -0.021992 -3.49988 3.37338e+13 4.97389e+17 1260 162.8 34.6662 0 0 -0.04184 0 0 -53.488 0 0 -223.289 0 0 
1609.33 0.2695 -3.6002 -0.022786 -3.49988 3.27099e+13 4.97475e+17 1260 162.8 22.2996 0 0 -0.04184 0 0 -51.873 0 0 -224.904 0 0 
1610.34 0.269502 -3.6002 -0.0235802 -3.49988 3.17182e+13 4.97542e+17 1260 162.8 12.8172 0 0 -0.04184 0 0 -50.3069 0 0 -226.47 0 0 
1611.36 0.269503 -3.6002 -0.0243744 -3.49989 3.07575e+13 4.97593e+17 1260 162.8 5.54153 0 0 -0.04184 0 0 -48.7884 0 0 -227.988 0 0 
1612.37 0.269503 -3.6002 -0.0251688 -3.49989 2.98266e+13 4.97631e+17 1260 162.8 -0.0457547 0 0 -0.04184 0 0 -47.3158 0 0 -229.461 0 0 
1613.38 0.269503 -3.6002 -0.0259631 -3.49989 2.89243e+13 4.97661e+17 1260 162.8 -4.34103 0 0 -0.04184 0 0 -45.8878 0 0 -230.889 0 0 
1614.39 0.269502 -3.6002 -0.0267576 -3.49989 2.80496e+13 4.97683e+17 1260 162.8 -7.64748 0 0 -0.04184 0 0 -44.5029 0 0 -232.274 0 0 
1615.4 0.269501 -3.6002 -0.0275521 -3.49989 2.72017e+13 4.977e+17 1260 162.8 -10.197 0 0 -0.04184 0 0 -43.16 0 0 -233.617 0 0 
1616.41 0.2695 -3.6002 -0.0283466 -3.49989 2.63795e+13 4.97713e+17 1260 162.8 -12.167 0 0 -0.04184 0 0 -41.8576 0 0 -234.919 0 0 
1617.42 0.269499 -3.6002 -0.0291412 -3.4999 2.55824e+13 4.97723e+17 1260 162.8 -13.6932 0 0 -0.04184 0 0 -40.5946 0 0 -236.182 0 0 
1618.43 0.269498 -3.60021 -0.0299358 -3.4999 2.48094e+13 4.97731e+17 1260 162.8 -14.8793 0 0 -0.04184 0 0 -39.3697 0 0 -237.407 0 0 
1619.44 0.269496 -3.60021 -0.0307304 -3.4999 2.40599e+13 4.97737e+17 1260 162.8 -15.8048 0 0 -0.04184 0 0 -38.1818 0 0 -238.595 0 0 
1620.46 0.269494 -3.60021 -0.0315251 -3.4999 2.3333e+13 4.97741e+17 1260 162.8 -16.5304 0 0 -0.04184 0 0 -37.0299 0 0 -239.747 0 0 
1621.47 0.269493 -3.60021 -0.0323198 -3.4999 2.26282e+13 4.97744e+17 1260 162.8 -17.1026 0 0 -0.04184 0 0 -35.9127 0 0 -240.864 0 0 
1622.48 0.269491 -3.60021 -0.0331145 -3.49991 2.19446e+13 4.97746e+17 1260 162.8 -17.5569 0 0 -0.04184 0 0 -34.8293 0 0 -241.947 0 0 
1623.49 0.269489 -3.60021 -0.0339093 -3.49991 2.12817e+13 4.97748e+17 1260 162.8 -17.9206 0 0 -0.04184 0 0 -33.7786 0 0 -242.998 0 0 
1624.5 0.269487 -3.60022 -0.0347041 -3.49991 2.06388e+13 4.9775e+17 1260 162.8 -18.2145 0 0 -0.04184 0 0 -32.7596 0 0 -244.017 0 0 
1625.51 0.269485 -3.60022 -0.035499 -3.49991 2.00154e+13 4.9775e+17 1260 162.8 -18.4544 0 0 -0.04184 0 0 -31.7714 0 0 -245.005 0 0 
1626.52 0.269484 -3.60022 -0.0362938 -3.49991 1.94107e+13 4.97751e+17 1260 162.8 -18.6528 0 0 -0.04184 0 0 -30.8131 0 0 -245.964 0 0 
1627.53 0.269482 -3.60022 -0.0370887 -3.49991 1.88244e+13 4.97752e+17 1260 162.8 -18.8188 0 0 -0.04184 0 0 -29.8837 0 0 -246.893 0 0 
1628.54 0.26948 -3.60022 -0.0378837 -3.49992 1.82557e+13 4.97752e+17 1260 162.8 -18.9596 0 0 -0.04184 0 0 -28.9824 0 0 -247.794 0 0 
1629.56 0.269478 -3.60023 -0.0386787 -3.49992 1.77041e+13 4.97752e+17 1260 162.8 -19.0809 0 0 -0.04184 0 0 -28.1083 0 0 -248.668 0 0 
1630.57 0.269476 -3.60023 -0.0394737 -3.49992 1.71692e+13 4.97752e+17 1260 162.8 -19.1866 0 0 -0.04184 0 0 -27.2607 0 0 -249.516 0 0 
1631.58 0.269474 -3.60023 -0.0402688 -3.49992 1.66505e+13 4.97752e+17 1260 162.8 -19.2802 0 0 -0.04184 0 0 -26.4386 0 0 -250.338 0 0 
1632.59 0.269472 -3.60023 -0.0410639 -3.49992 1.61474e+13 4.97752e+17 1260 162.8 -19.3641 0 0 -0.04184 0 0 -25.6414 0 0 -251.135 0 0 
1633.6 0.26947 -3.60023 -0.0418591 -3.49993 1.56595e+13 4.97752e+17 1260 162.8 -19.4402 0 0 -0.04184 0 0 -24.8682 0 0 -251.908 0 0 
1634.61 0.269468 -3.60024 -0.0426544 -3.49993 1.51862e+13 4.97752e+17 1260 162.8 -19.5099 0 0 -0.04184 0 0 -24.1185 0 0 -252.658 0 0 
1635.62 0.269466 -3.60024 -0.0434497 -3.49993 1.47273e+13 4.97752e+17 1260 162.8 -19.5745 0 0 -0.04184 0 0 -23.3914 0 0 -253.385 0 0 
1636.63 0.269464 -3.60024 -0.044245 -3.49993 1.42822e+13 4.97752e+17 1260 162.8 -19.6347 0 0 -0.04184 0 0 -22.6862 0 0 -254.09 0 0 
1637.64 0.269462 -3.60024 -0.0450405 -3.49993 1.38505e+13 4.97752e+17 1260 162.8 -19.6913 0 0 -0.04184 0 0 -22.0024 0 0 -254.774 0 0 
1638.66 0.26946 -3.60024 -0.045836 -3.49994 1.34318e+13 4.97752e+17 1260 162.8 -19.7449 0 0 -0.04184 0 0 -21.3392 0 0 -255.437 0 0 
1639.67 0.269458 -3.60025 -0.0466315 -3.49994 1.30258e+13 4.97751e+17 1260 162.8 -19.7958 0 0 -0.04184 0 0 -20.6961 0 0 -256.08 0 0 
1640.68 0.269456 -3.60025 -0.0474272 -3.49994 1.2632e+13 4.97751e+17 1260 162.8 -19.8443 0 0 -0.04184 0 0 -20.0724 0 0 -256.704 0 0 
1641.69 0.269454 -3.60025 -0.0482229 -3.49994 1.225e+13 4.97751e+17 1260 162.8 -19.8908 0 0 -0.04184 0 0 -19.4676 0 0 -257.309 0 0 
1642.7 0.269452 -3.60025 -0.0490187 -3.49994 1.18796e+13 4.97751e+17 1260 162.8 -19.9354 0 0 -0.04184 0 0 -18.8811 0 0 -257.896 0 0 
1643.71 0.26945 -3.60025 -0.0498147 -3.49995 1.15203e+13 4.97751e+17 1260 162.8 -19.9783 0 0 -0.04184 0 0 -18.3123 0 0 -258.464 0 0 
1644.72 0.269448 -3.60026 -0.0506107 -3.49995 1.11719e+13 4.97751e+17 1260 162.8 -20.0196 0 0 -0.04184 0 0 -17.7607 0 0 -259.016 0 0 
1645.73 0.269446 -3.60026 -0.0514068 -3.49995 1.08339e+13 4.97751e+17 1260 162.8 -20.0596 0 0 -0.04184 0 0 -17.2258 0 0 -259.551 0 0 
1646.74 0.269444 -3.60026 -0.052203 -3.49995 1.05062e+13 4.9775e+17 1260 162.8 -20.0982 0 0 -0.04184 0 0 -16.7071 0 0 -260.07 0 0 
1647.76 0.269442 -3.60026 -0.0529994 -3.49995 1.01883e+13 4.9775e+17 1260 162.8 -20.1355 0 0 -0.04184 0 0 -16.2041 0 0 -260.573 0 0 
1648.77 0.26944 -3.60026 -0.0537959 -3.49996 9.87995e+12 4.9775e+17 1260 162.8 -20.1717 0 0 -0.04184 0 0 -15.7162 0 0 -261.06 0 0 
1649.78 0.269438 -3.60027 -0.0545925 -3.49996 9.58091e+12 4.9775e+17 1260 162.8 -20.2068 0 0 -0.04184 0 0 -15.2432 0 0 -261.533 0 0 
1650.79 0.269436 -3.60027 -0.0553892 -3.49996 9.29086e+12 4.9775e+17 1260 162.8 -20.2409 0 0 -0.04184 0 0 -14.7845 0 0 -261.992 0 0 
1651.8 0.269434 -3.60027 -0.0561861 -3.49996 9.00955e+12 4.9775e+17 1260 162.8 -20.2741 0 0 -0.04184 0 0 -14.3396 0 0 -262.437 0 0 
1652.81 0.269432 -3.60027 -0.0569832 -3.49996 8.7367e+12 4.9775e+17 1260 162.8 -20.3064 0 0 -0.04184 0 0 -13.9083 0 0 -262.868 0 0 
1653.82 0.26943 -3.60027 -0.0577804 -3.49997 8.47206e+12 4.9775e+17 1260 162.8 -20.338 0 0 -0.04184 0 0 -13.49 0 0 -263.287 0 0 
1654.83 0.269428 -3.60028 -0.0585779 -3.49997 8.21537e+12 4.9775e+17 1260 162.8 -20.3689 0 0 -0.04184 0 0 -13.0843 0 0 -263.692 0 0 
1655.84 0.269426 -3.60028 -0.0593755 -3.49997 7.96641e+12 4.97749e+17 1260 162.8 -20.3993 0 0 -0.04184 0 0 -12.691 0 0 -264.086 0 0 
1656.86 0.269423 -3.60028 -0.0601733 -3.49997 7.72493e+12 4.97749e+17 1260 162.8 -20.4293 0 0 -0.04184 0 0 -12.3096 0 0 -264.467 0 0 
1657.87 0.269421 -3.60028 -0.0609713 -3.49998 7.49071e+12 4.97749e+17 1260 162.8 -20.4591 0 0 -0.04184 0 0 -11.9397 0 0 -264.837 0 0 
1658.88 0.269419 -3.60028 -0.0617696 -3.49998 7.26352e+12 4.97749e+17 1260 162.8 -20.4889 0 0 -0.04184 0 0 -11.5811 0 0 -265.196 0 0 
1659.89 0.269417 -3.60029 -0.0625681 -3.49998 7.04316e+12 4.97749e+17 1260 162.8 -20.5191 0 0 -0.04184 0 0 -11.2333 0 0 -265.543 0 0 
1660.9 0.269415 -3.60029 -0.0633669 -3.49998 6.82941e+12 4.97749e+17 1260 162.8 -20.5499 0 0 -0.04184 0 0 -10.8961 0 0 -265.88 0 0 
1661.91 0.269413 -3.60029 -0.064166 -3.49998 6.62208e+12 4.97749e+17 1260 162.8 -20.5819 0 0 -0.04184 0 0 -10.5691 0 0 -266.207 0 0 
1662.92 0.269411 -3.60029 -0.0649653 -3.49999 6.42098e+12 4.97749e+17 1260 162.8 -20.6157 0 0 -0.04184 0 0 -10.2521 0 0 -266.525 0 0 
1663.93 0.269409 -3.60029 -0.065765 -3.49999 6.2259e+12 4.97748e+17 1260 162.8 -20.6521 0 0 -0.04184 0 0 -9.94467 0 0 -266.832 0 0 
1664.94 0.269407 -3.6003 -0.066565 -3.49999 6.03667e+12 4.97748e+17 1260 162.8 -20.692 0 0 -0.04184 0 0 -9.6466 0 0 -267.13 0 0 
1665.96 0.269405 -3.6003 -0.0673654 -3.49999 5.85312e+12 4.97748e+17 1260 162.8 -20.7369 0 0 -0.04184 0 0 -9.35759 0 0 -267.419 0 0 
1666.97 0.269403 -3.6003 -0.0681662 -3.49999 5.67506e+12 4.97748e+17 1260 162.8 -20.7885 0 0 -0.04184 0 0 -9.07736 0 0 -267.699 0 0 
1667.98 0.269401 -3.6003 -0.0689673 -3.5 5.50234e+12 4.97747e+17 1260 162.8 -20.849 0 0 -0.04184 0 0 -8.80567 0 0 -267.971 0 0 
1668.99 0.269398 -3.60031 -0.0697689 -3.5 5.33478e+12 4.97747e+17 1260 162.8 -20.9214 0 0 -0.04184 0 0 -8.54224 0 0 -268.234 0 0 
1670 0.269396 -3.60031 -0.0705709 -3.5 5.17224e+12 4.97746e+17 1260 162.8 -20.961 0 0 -0.04184 0 0 -8.41256 0 0 -268.364 0 0 