# ASCII 1D datafile generated by TiberCAD
# x Ec Ev eQFermi hQFermi eDensity hDensity eMobility hMobility ElField_x ElField_y ElField_z Polarization_x Polarization_y Polarization_z eCurrentDensity_x eCurrentDensity_y eCurrentDensity_z hCurrentDensity_x hCurrentDensity_y hCurrentDensity_z 
0 0.0149116 -3.85479 0 -2.21182 1.26433e+18 6.08177e-09 1260 162.8 -0.454847 0 0 -0.04184 0 0 -116.093 0 0 -1.97859e-23 0 0 
9.97664 0.0149112 -3.85479 -4.53785e-07 -2.21194 1.26433e+18 6.11094e-09 1260 162.8 -0.454847 0 0 -0.04184 0 0 -116.093 0 0 -2.03216e-23 0 0 
19.8873 0.0149107 -3.85479 -9.04568e-07 -2.21207 1.26433e+18 6.14148e-09 1260 162.8 -0.454847 0 0 -0.04184 0 0 -116.093 0 0 -2.13957e-23 0 0 
29.7324 0.0149103 -3.85479 -1.35237e-06 -2.21221 1.26433e+18 6.1734e-09 1260 162.8 -0.454847 0 0 -0.04184 0 0 -116.093 0 0 -2.24831e-23 0 0 
39.5124 0.0149098 -3.85479 -1.79721e-06 -2.21235 1.26433e+18 6.20669e-09 1260 162.8 -0.454847 0 0 -0.04184 0 0 -116.093 0 0 -2.35844e-23 0 0 
49.2277 0.0149094 -3.85479 -2.23911e-06 -2.21249 1.26433e+18 6.24136e-09 1260 162.8 -0.454847 0 0 -0.04184 0 0 -116.093 0 0 -2.47004e-23 0 0 
58.8787 0.0149089 -3.85479 -2.67808e-06 -2.21264 1.26433e+18 6.27741e-09 1260 162.8 -0.454847 0 0 -0.04184 0 0 -116.093 0 0 -2.58321e-23 0 0 
68.4659 0.0149085 -3.85479 -3.11415e-06 -2.2128 1.26433e+18 6.31484e-09 1260 162.8 -0.454847 0 0 -0.04184 0 0 -116.093 0 0 -2.69802e-23 0 0 
77.9897 0.0149081 -3.8548 -3.54734e-06 -2.21295 1.26433e+18 6.35365e-09 1260 162.8 -0.454847 0 0 -0.04184 0 0 -116.093 0 0 -2.81456e-23 0 0 
87.4504 0.0149076 -3.8548 -3.97766e-06 -2.21312 1.26433e+18 6.39386e-09 1260 162.8 -0.454847 0 0 -0.04184 0 0 -116.093 0 0 -2.93292e-23 0 0 
96.8487 0.0149072 -3.8548 -4.40513e-06 -2.21329 1.26433e+18 6.43546e-09 1260 162.8 -0.454847 0 0 -0.04184 0 0 -116.093 0 0 -3.05317e-23 0 0 
106.185 0.0149068 -3.8548 -4.82978e-06 -2.21346 1.26433e+18 6.47846e-09 1260 162.8 -0.454847 0 0 -0.04184 0 0 -116.093 0 0 -3.1754e-23 0 0 
115.459 0.0149064 -3.8548 -5.25162e-06 -2.21364 1.26433e+18 6.52287e-09 1260 162.8 -0.454847 0 0 -0.04184 0 0 -116.093 0 0 -3.29971e-23 0 0 
124.672 0.014906 -3.8548 -5.67067e-06 -2.21382 1.26433e+18 6.5687e-09 1260 162.8 -0.454847 0 0 -0.04184 0 0 -116.093 0 0 -3.42618e-23 0 0 
133.824 0.0149055 -3.8548 -6.08694e-06 -2.214 1.26433e+18 6.61596e-09 1260 162.8 -0.454847 0 0 -0.04184 0 0 -116.093 0 0 -3.5549e-23 0 0 
142.915 0.0149051 -3.8548 -6.50047e-06 -2.21419 1.26433e+18 6.66465e-09 1260 162.8 -0.454847 0 0 -0.04184 0 0 -116.093 0 0 -3.68596e-23 0 0 
151.947 0.0149047 -3.8548 -6.91125e-06 -2.21439 1.26433e+18 6.7148e-09 1260 162.8 -0.454847 0 0 -0.04184 0 0 -116.093 0 0 -3.81946e-23 0 0 
160.918 0.0149043 -3.8548 -7.31932e-06 -2.21459 1.26433e+18 6.7664e-09 1260 162.8 -0.454847 0 0 -0.04184 0 0 -116.093 0 0 -3.95548e-23 0 0 
169.831 0.0149039 -3.8548 -7.72469e-06 -2.21479 1.26433e+18 6.81948e-09 1260 162.8 -0.454847 0 0 -0.04184 0 0 -116.093 0 0 -4.09413e-23 0 0 
178.684 0.0149035 -3.8548 -8.12738e-06 -2.21499 1.26433e+18 6.87404e-09 1260 162.8 -0.454847 0 0 -0.04184 0 0 -116.093 0 0 -4.2355e-23 0 0 
187.479 0.0149031 -3.8548 -8.52741e-06 -2.21521 1.26433e+18 6.9301e-09 1260 162.8 -0.454847 0 0 -0.04184 0 0 -116.093 0 0 -4.37969e-23 0 0 
196.215 0.0149027 -3.8548 -8.92479e-06 -2.21542 1.26433e+18 6.98768e-09 1260 162.8 -0.454847 0 0 -0.04184 0 0 -116.093 0 0 -4.5268e-23 0 0 
204.894 0.0149023 -3.8548 -9.31954e-06 -2.21564 1.26433e+18 7.04679e-09 1260 162.8 -0.454847 0 0 -0.04184 0 0 -116.093 0 0 -4.67694e-23 0 0 
213.515 0.0149019 -3.8548 -9.71168e-06 -2.21586 1.26433e+18 7.10745e-09 1260 162.8 -0.454847 0 0 -0.04184 0 0 -116.093 0 0 -4.8302e-23 0 0 
222.08 0.0149015 -3.8548 -1.01012e-05 -2.21609 1.26433e+18 7.16967e-09 1260 162.8 -0.454847 0 0 -0.04184 0 0 -116.093 0 0 -4.98671e-23 0 0 
230.587 0.0149011 -3.8548 -1.04882e-05 -2.21631 1.26433e+18 7.23347e-09 1260 162.8 -0.454847 0 0 -0.04184 0 0 -116.093 0 0 -5.14657e-23 0 0 
239.039 0.0149007 -3.8548 -1.08726e-05 -2.21655 1.26433e+18 7.29887e-09 1260 162.8 -0.454847 0 0 -0.04184 0 0 -116.093 0 0 -5.30989e-23 0 0 
247.434 0.0149004 -3.8548 -1.12545e-05 -2.21678 1.26433e+18 7.3659e-09 1260 162.8 -0.454847 0 0 -0.04184 0 0 -116.093 0 0 -5.47679e-23 0 0 
255.774 0.0149 -3.8548 -1.16338e-05 -2.21702 1.26433e+18 7.43457e-09 1260 162.8 -0.454847 0 0 -0.04184 0 0 -116.093 0 0 -5.64739e-23 0 0 
264.059 0.0148996 -3.8548 -1.20107e-05 -2.21727 1.26433e+18 7.5049e-09 1260 162.8 -0.454847 0 0 -0.04184 0 0 -116.093 0 0 -5.8218e-23 0 0 
272.289 0.0148992 -3.8548 -1.2385e-05 -2.21752 1.26433e+18 7.57692e-09 1260 162.8 -0.454847 0 0 -0.04184 0 0 -116.093 0 0 -6.00016e-23 0 0 
280.465 0.0148989 -3.8548 -1.27569e-05 -2.21777 1.26433e+18 7.65065e-09 1260 162.8 -0.454847 0 0 -0.04184 0 0 -116.093 0 0 -6.18259e-23 0 0 
288.586 0.0148985 -3.8548 -1.31263e-05 -2.21802 1.26433e+18 7.72611e-09 1260 162.8 -0.454847 0 0 -0.04184 0 0 -116.093 0 0 -6.36922e-23 0 0 
296.654 0.0148981 -3.85481 -1.34932e-05 -2.21828 1.26433e+18 7.80333e-09 1260 162.8 -0.454847 0 0 -0.04184 0 0 -116.093 0 0 -6.56018e-23 0 0 
304.668 0.0148978 -3.85481 -1.38578e-05 -2.21854 1.26433e+18 7.88233e-09 1260 162.8 -0.454847 0 0 -0.04184 0 0 -116.093 0 0 -6.75562e-23 0 0 
312.63 0.0148974 -3.85481 -1.42199e-05 -2.2188 1.26433e+18 7.96314e-09 1260 162.8 -0.454847 0 0 -0.04184 0 0 -116.093 0 0 -6.95567e-23 0 0 
320.539 0.014897 -3.85481 -1.45796e-05 -2.21907 1.26433e+18 8.0458e-09 1260 162.8 -0.454847 0 0 -0.04184 0 0 -116.093 0 0 -7.16048e-23 0 0 
328.395 0.0148967 -3.85481 -1.4937e-05 -2.21934 1.26433e+18 8.13031e-09 1260 162.8 -0.454847 0 0 -0.04184 0 0 -116.093 0 0 -7.37021e-23 0 0 
336.199 0.0148963 -3.85481 -1.52919e-05 -2.21961 1.26433e+18 8.21673e-09 1260 162.8 -0.454847 0 0 -0.04184 0 0 -116.093 0 0 -7.58499e-23 0 0 
343.952 0.014896 -3.85481 -1.56446e-05 -2.21989 1.26433e+18 8.30507e-09 1260 162.8 -0.454847 0 0 -0.04184 0 0 -116.093 0 0 -7.805e-23 0 0 
351.654 0.0148956 -3.85481 -1.59949e-05 -2.22017 1.26433e+18 8.39536e-09 1260 162.8 -0.454847 0 0 -0.04184 0 0 -116.093 0 0 -8.03039e-23 0 0 
359.305 0.0148953 -3.85481 -1.63429e-05 -2.22045 1.26433e+18 8.48765e-09 1260 162.8 -0.454847 0 0 -0.04184 0 0 -116.093 0 0 -8.26132e-23 0 0 
366.905 0.0148949 -3.85481 -1.66886e-05 -2.22074 1.26433e+18 8.58196e-09 1260 162.8 -0.454847 0 0 -0.04184 0 0 -116.093 0 0 -8.49798e-23 0 0 
374.454 0.0148946 -3.85481 -1.70319e-05 -2.22103 1.26433e+18 8.67833e-09 1260 162.8 -0.454847 0 0 -0.04184 0 0 -116.093 0 0 -8.74054e-23 0 0 
381.954 0.0148942 -3.85481 -1.73731e-05 -2.22132 1.26433e+18 8.77679e-09 1260 162.8 -0.454847 0 0 -0.04184 0 0 -116.093 0 0 -8.98918e-23 0 0 
389.404 0.0148939 -3.85481 -1.77119e-05 -2.22162 1.26433e+18 8.87737e-09 1260 162.8 -0.454847 0 0 -0.04184 0 0 -116.093 0 0 -9.24409e-23 0 0 
396.805 0.0148936 -3.85481 -1.80486e-05 -2.22191 1.26433e+18 8.98013e-09 1260 162.8 -0.454847 0 0 -0.04184 0 0 -116.093 0 0 -9.50546e-23 0 0 
404.157 0.0148932 -3.85481 -1.8383e-05 -2.22221 1.26433e+18 9.08508e-09 1260 162.8 -0.454847 0 0 -0.04184 0 0 -116.093 0 0 -9.77349e-23 0 0 
411.461 0.0148929 -3.85481 -1.87152e-05 -2.22252 1.26433e+18 9.19229e-09 1260 162.8 -0.454847 0 0 -0.04184 0 0 -116.093 0 0 -1.00484e-22 0 0 
418.716 0.0148926 -3.85481 -1.90452e-05 -2.22282 1.26433e+18 9.30177e-09 1260 162.8 -0.454847 0 0 -0.04184 0 0 -116.093 0 0 -1.03304e-22 0 0 
425.923 0.0148922 -3.85481 -1.9373e-05 -2.22313 1.26433e+18 9.41358e-09 1260 162.8 -0.454847 0 0 -0.04184 0 0 -116.093 0 0 -1.06196e-22 0 0 
433.082 0.0148919 -3.85481 -1.96986e-05 -2.22345 1.26433e+18 9.52777e-09 1260 162.8 -0.454847 0 0 -0.04184 0 0 -116.093 0 0 -1.09164e-22 0 0 
440.194 0.0148916 -3.85481 -2.00221e-05 -2.22376 1.26433e+18 9.64436e-09 1260 162.8 -0.454847 0 0 -0.04184 0 0 -116.093 0 0 -1.12209e-22 0 0 
447.259 0.0148913 -3.85481 -2.03434e-05 -2.22408 1.26433e+18 9.76341e-09 1260 162.8 -0.454847 0 0 -0.04184 0 0 -116.093 0 0 -1.15334e-22 0 0 
454.277 0.014891 -3.85481 -2.06627e-05 -2.2244 1.26433e+18 9.88497e-09 1260 162.8 -0.454847 0 0 -0.04184 0 0 -116.093 0 0 -1.18542e-22 0 0 
461.249 0.0148906 -3.85481 -2.09798e-05 -2.22472 1.26433e+18 1.00091e-08 1260 162.8 -0.454847 0 0 -0.04184 0 0 -116.093 0 0 -1.21834e-22 0 0 
468.175 0.0148903 -3.85481 -2.12948e-05 -2.22505 1.26433e+18 1.01358e-08 1260 162.8 -0.454847 0 0 -0.04184 0 0 -116.093 0 0 -1.25214e-22 0 0 
475.055 0.01489 -3.85481 -2.16077e-05 -2.22537 1.26433e+18 1.02652e-08 1260 162.8 -0.454847 0 0 -0.04184 0 0 -116.093 0 0 -1.28684e-22 0 0 
481.889 0.0148897 -3.85481 -2.19186e-05 -2.22571 1.26433e+18 1.03972e-08 1260 162.8 -0.454847 0 0 -0.04184 0 0 -116.093 0 0 -1.32247e-22 0 0 
488.678 0.0148894 -3.85481 -2.22274e-05 -2.22604 1.26433e+18 1.05321e-08 1260 162.8 -0.454847 0 0 -0.04184 0 0 -116.093 0 0 -1.35905e-22 0 0 
495.423 0.0148891 -3.85481 -2.25342e-05 -2.22638 1.26433e+18 1.06697e-08 1260 162.8 -0.454847 0 0 -0.04184 0 0 -116.093 0 0 -1.39663e-22 0 0 
502.122 0.0148888 -3.85481 -2.28389e-05 -2.22671 1.26433e+18 1.08103e-08 1260 162.8 -0.454847 0 0 -0.04184 0 0 -116.093 0 0 -1.43522e-22 0 0 
508.778 0.0148885 -3.85481 -2.31416e-05 -2.22705 1.26433e+18 1.09537e-08 1260 162.8 -0.454847 0 0 -0.04184 0 0 -116.093 0 0 -1.47486e-22 0 0 
515.389 0.0148882 -3.85482 -2.34423e-05 -2.2274 1.26433e+18 1.11001e-08 1260 162.8 -0.454847 0 0 -0.04184 0 0 -116.093 0 0 -1.51559e-22 0 0 
521.956 0.0148879 -3.85482 -2.3741e-05 -2.22774 1.26433e+18 1.12496e-08 1260 162.8 -0.454847 0 0 -0.04184 0 0 -116.093 0 0 -1.55743e-22 0 0 
528.481 0.0148876 -3.85482 -2.40378e-05 -2.22809 1.26433e+18 1.14022e-08 1260 162.8 -0.454847 0 0 -0.04184 0 0 -116.093 0 0 -1.60043e-22 0 0 
534.962 0.0148873 -3.85482 -2.43326e-05 -2.22844 1.26433e+18 1.1558e-08 1260 162.8 -0.454847 0 0 -0.04184 0 0 -116.093 0 0 -1.64461e-22 0 0 
541.4 0.014887 -3.85482 -2.46254e-05 -2.2288 1.26433e+18 1.1717e-08 1260 162.8 -0.454847 0 0 -0.04184 0 0 -116.093 0 0 -1.69001e-22 0 0 
547.795 0.0148867 -3.85482 -2.49163e-05 -2.22915 1.26433e+18 1.18793e-08 1260 162.8 -0.454847 0 0 -0.04184 0 0 -116.093 0 0 -1.73668e-22 0 0 
554.149 0.0148864 -3.85482 -2.52053e-05 -2.22951 1.26433e+18 1.20451e-08 1260 162.8 -0.454847 0 0 -0.04184 0 0 -116.093 0 0 -1.78465e-22 0 0 
560.46 0.0148861 -3.85482 -2.54924e-05 -2.22987 1.26433e+18 1.22142e-08 1260 162.8 -0.454847 0 0 -0.04184 0 0 -116.093 0 0 -1.83396e-22 0 0 
566.729 0.0148858 -3.85482 -2.57775e-05 -2.23024 1.26433e+18 1.23869e-08 1260 162.8 -0.454847 0 0 -0.04184 0 0 -116.093 0 0 -1.88466e-22 0 0 
572.957 0.0148856 -3.85482 -2.60608e-05 -2.2306 1.26433e+18 1.25632e-08 1260 162.8 -0.454847 0 0 -0.04184 0 0 -116.093 0 0 -1.93679e-22 0 0 
579.144 0.0148853 -3.85482 -2.63422e-05 -2.23097 1.26433e+18 1.27432e-08 1260 162.8 -0.454847 0 0 -0.04184 0 0 -116.093 0 0 -1.99039e-22 0 0 
585.29 0.014885 -3.85482 -2.66217e-05 -2.23134 1.26433e+18 1.29269e-08 1260 162.8 -0.454847 0 0 -0.04184 0 0 -116.093 0 0 -2.04552e-22 0 0 
591.395 0.0148847 -3.85482 -2.68994e-05 -2.23171 1.26433e+18 1.31145e-08 1260 162.8 -0.454847 0 0 -0.04184 0 0 -116.093 0 0 -2.10222e-22 0 0 
597.46 0.0148844 -3.85482 -2.71753e-05 -2.23209 1.26433e+18 1.3306e-08 1260 162.8 -0.454847 0 0 -0.04184 0 0 -116.093 0 0 -2.16053e-22 0 0 
603.485 0.0148842 -3.85482 -2.74493e-05 -2.23247 1.26433e+18 1.35015e-08 1260 162.8 -0.454847 0 0 -0.04184 0 0 -116.093 0 0 -2.22052e-22 0 0 
609.47 0.0148839 -3.85482 -2.77216e-05 -2.23285 1.26433e+18 1.37012e-08 1260 162.8 -0.454847 0 0 -0.04184 0 0 -116.093 0 0 -2.28224e-22 0 0 
615.415 0.0148836 -3.85482 -2.7992e-05 -2.23323 1.26433e+18 1.3905e-08 1260 162.8 -0.454847 0 0 -0.04184 0 0 -116.093 0 0 -2.34573e-22 0 0 
621.321 0.0148834 -3.85482 -2.82606e-05 -2.23361 1.26433e+18 1.41131e-08 1260 162.8 -0.454847 0 0 -0.04184 0 0 -116.093 0 0 -2.41107e-22 0 0 
627.188 0.0148831 -3.85482 -2.85275e-05 -2.234 1.26433e+18 1.43256e-08 1260 162.8 -0.454847 0 0 -0.04184 0 0 -116.093 0 0 -2.4783e-22 0 0 
633.016 0.0148828 -3.85482 -2.87926e-05 -2.23439 1.26433e+18 1.45426e-08 1260 162.8 -0.454847 0 0 -0.04184 0 0 -116.093 0 0 -2.5475e-22 0 0 
638.805 0.0148826 -3.85482 -2.90559e-05 -2.23478 1.26433e+18 1.47642e-08 1260 162.8 -0.454847 0 0 -0.04184 0 0 -116.093 0 0 -2.61872e-22 0 0 
644.557 0.0148823 -3.85482 -2.93175e-05 -2.23517 1.26433e+18 1.49904e-08 1260 162.8 -0.454847 0 0 -0.04184 0 0 -116.093 0 0 -2.69203e-22 0 0 
650.27 0.014882 -3.85482 -2.95773e-05 -2.23557 1.26433e+18 1.52215e-08 1260 162.8 -0.454847 0 0 -0.04184 0 0 -116.093 0 0 -2.76749e-22 0 0 
655.945 0.0148818 -3.85482 -2.98355e-05 -2.23597 1.26433e+18 1.54575e-08 1260 162.8 -0.454847 0 0 -0.04184 0 0 -116.093 0 0 -2.84519e-22 0 0 
661.583 0.0148815 -3.85482 -3.00919e-05 -2.23637 1.26433e+18 1.56985e-08 1260 162.8 -0.454847 0 0 -0.04184 0 0 -116.093 0 0 -2.92519e-22 0 0 
667.184 0.0148813 -3.85482 -3.03467e-05 -2.23677 1.26433e+18 1.59447e-08 1260 162.8 -0.454847 0 0 -0.04184 0 0 -116.093 0 0 -3.00757e-22 0 0 
672.747 0.014881 -3.85482 -3.05997e-05 -2.23717 1.26433e+18 1.61961e-08 1260 162.8 -0.454847 0 0 -0.04184 0 0 -116.093 0 0 -3.0924e-22 0 0 
678.274 0.0148808 -3.85482 -3.08511e-05 -2.23758 1.26433e+18 1.64529e-08 1260 162.8 -0.454847 0 0 -0.04184 0 0 -116.093 0 0 -3.17978e-22 0 0 
683.764 0.0148805 -3.85482 -3.11008e-05 -2.23799 1.26433e+18 1.67152e-08 1260 162.8 -0.454847 0 0 -0.04184 0 0 -116.093 0 0 -3.26978e-22 0 0 
689.218 0.0148803 -3.85482 -3.13489e-05 -2.2384 1.26433e+18 1.69832e-08 1260 162.8 -0.454847 0 0 -0.04184 0 0 -116.093 0 0 -3.36249e-22 0 0 
694.636 0.01488 -3.85482 -3.15953e-05 -2.23881 1.26433e+18 1.7257e-08 1260 162.8 -0.454847 0 0 -0.04184 0 0 -116.093 0 0 -3.458e-22 0 0 
700.018 0.0148798 -3.85482 -3.18401e-05 -2.23923 1.26433e+18 1.75366e-08 1260 162.8 -0.454847 0 0 -0.04184 0 0 -116.093 0 0 -3.55641e-22 0 0 
705.364 0.0148795 -3.85482 -3.20833e-05 -2.23965 1.26433e+18 1.78224e-08 1260 162.8 -0.454847 0 0 -0.04184 0 0 -116.093 0 0 -3.65782e-22 0 0 
710.675 0.0148793 -3.85482 -3.23249e-05 -2.24007 1.26433e+18 1.81143e-08 1260 162.8 -0.454847 0 0 -0.04184 0 0 -116.093 0 0 -3.76232e-22 0 0 
715.951 0.0148791 -3.85482 -3.25648e-05 -2.24049 1.26433e+18 1.84127e-08 1260 162.8 -0.454847 0 0 -0.04184 0 0 -116.093 0 0 -3.87002e-22 0 0 
721.192 0.0148788 -3.85482 -3.28032e-05 -2.24092 1.26433e+18 1.87175e-08 1260 162.8 -0.454847 0 0 -0.04184 0 0 -116.093 0 0 -3.98103e-22 0 0 
726.398 0.0148786 -3.85482 -3.304e-05 -2.24134 1.26433e+18 1.90291e-08 1260 162.8 -0.454847 0 0 -0.04184 0 0 -116.093 0 0 -4.09547e-22 0 0 
731.57 0.0148783 -3.85483 -3.32753e-05 -2.24177 1.26433e+18 1.93474e-08 1260 162.8 -0.454847 0 0 -0.04184 0 0 -116.093 0 0 -4.21345e-22 0 0 
736.708 0.0148781 -3.85483 -3.3509e-05 -2.2422 1.26433e+18 1.96728e-08 1260 162.8 -0.454847 0 0 -0.04184 0 0 -116.093 0 0 -4.33509e-22 0 0 
741.812 0.0148779 -3.85483 -3.37411e-05 -2.24264 1.26433e+18 2.00054e-08 1260 162.8 -0.454847 0 0 -0.04184 0 0 -116.093 0 0 -4.46052e-22 0 0 
746.882 0.0148776 -3.85483 -3.39717e-05 -2.24307 1.26433e+18 2.03454e-08 1260 162.8 -0.454847 0 0 -0.04184 0 0 -116.093 0 0 -4.58987e-22 0 0 
751.918 0.0148774 -3.85483 -3.42008e-05 -2.24351 1.26433e+18 2.06929e-08 1260 162.8 -0.454847 0 0 -0.04184 0 0 -116.093 0 0 -4.72328e-22 0 0 
756.921 0.0148772 -3.85483 -3.44283e-05 -2.24395 1.26433e+18 2.10481e-08 1260 162.8 -0.454847 0 0 -0.04184 0 0 -116.093 0 0 -4.86089e-22 0 0 
761.891 0.014877 -3.85483 -3.46544e-05 -2.24439 1.26433e+18 2.14113e-08 1260 162.8 -0.454847 0 0 -0.04184 0 0 -116.093 0 0 -5.00285e-22 0 0 
766.828 0.0148767 -3.85483 -3.4879e-05 -2.24484 1.26433e+18 2.17827e-08 1260 162.8 -0.454847 0 0 -0.04184 0 0 -116.093 0 0 -5.1493e-22 0 0 
771.733 0.0148765 -3.85483 -3.5102e-05 -2.24529 1.26433e+18 2.21624e-08 1260 162.8 -0.454847 0 0 -0.04184 0 0 -116.093 0 0 -5.30042e-22 0 0 
776.605 0.0148763 -3.85483 -3.53236e-05 -2.24573 1.26433e+18 2.25507e-08 1260 162.8 -0.454847 0 0 -0.04184 0 0 -116.093 0 0 -5.45636e-22 0 0 
781.444 0.0148761 -3.85483 -3.55438e-05 -2.24619 1.26433e+18 2.29478e-08 1260 162.8 -0.454847 0 0 -0.04184 0 0 -116.093 0 0 -5.6173e-22 0 0 
786.252 0.0148759 -3.85483 -3.57625e-05 -2.24664 1.26433e+18 2.33539e-08 1260 162.8 -0.454847 0 0 -0.04184 0 0 -116.093 0 0 -5.78341e-22 0 0 
791.028 0.0148756 -3.85483 -3.59797e-05 -2.2471 1.26433e+18 2.37693e-08 1260 162.8 -0.454847 0 0 -0.04184 0 0 -116.093 0 0 -5.95488e-22 0 0 
795.773 0.0148754 -3.85483 -3.61955e-05 -2.24755 1.26433e+18 2.41942e-08 1260 162.8 -0.454847 0 0 -0.04184 0 0 -116.093 0 0 -6.1319e-22 0 0 
800.486 0.0148752 -3.85483 -3.64099e-05 -2.24801 1.26433e+18 2.46288e-08 1260 162.8 -0.454847 0 0 -0.04184 0 0 -116.093 0 0 -6.31467e-22 0 0 
805.167 0.014875 -3.85483 -3.66228e-05 -2.24848 1.26433e+18 2.50734e-08 1260 162.8 -0.454847 0 0 -0.04184 0 0 -116.093 0 0 -6.50341e-22 0 0 
809.818 0.0148748 -3.85483 -3.68344e-05 -2.24894 1.26433e+18 2.55284e-08 1260 162.8 -0.454847 0 0 -0.04184 0 0 -116.093 0 0 -6.69833e-22 0 0 
814.438 0.0148746 -3.85483 -3.70445e-05 -2.24941 1.26433e+18 2.59938e-08 1260 162.8 -0.454847 0 0 -0.04184 0 0 -116.093 0 0 -6.89965e-22 0 0 
819.028 0.0148744 -3.85483 -3.72533e-05 -2.24988 1.26433e+18 2.64702e-08 1260 162.8 -0.454847 0 0 -0.04184 0 0 -116.093 0 0 -7.10762e-22 0 0 
823.587 0.0148742 -3.85483 -3.74606e-05 -2.25035 1.26433e+18 2.69576e-08 1260 162.8 -0.454847 0 0 -0.04184 0 0 -116.093 0 0 -7.32246e-22 0 0 
828.116 0.014874 -3.85483 -3.76666e-05 -2.25083 1.26433e+18 2.74565e-08 1260 162.8 -0.454847 0 0 -0.04184 0 0 -116.093 0 0 -7.54445e-22 0 0 
832.615 0.0148738 -3.85483 -3.78713e-05 -2.2513 1.26433e+18 2.79671e-08 1260 162.8 -0.454847 0 0 -0.04184 0 0 -116.093 0 0 -7.77385e-22 0 0 
837.084 0.0148735 -3.85483 -3.80745e-05 -2.25178 1.26433e+18 2.84899e-08 1260 162.8 -0.454847 0 0 -0.04184 0 0 -116.093 0 0 -8.01092e-22 0 0 
841.524 0.0148733 -3.85483 -3.82765e-05 -2.25226 1.26433e+18 2.9025e-08 1260 162.8 -0.454847 0 0 -0.04184 0 0 -116.093 0 0 -8.25597e-22 0 0 
845.934 0.0148731 -3.85483 -3.84771e-05 -2.25275 1.26433e+18 2.95728e-08 1260 162.8 -0.454847 0 0 -0.04184 0 0 -116.093 0 0 -8.50928e-22 0 0 
850.316 0.0148729 -3.85483 -3.86764e-05 -2.25323 1.26433e+18 3.01338e-08 1260 162.8 -0.454847 0 0 -0.04184 0 0 -116.093 0 0 -8.77117e-22 0 0 
854.668 0.0148727 -3.85483 -3.88743e-05 -2.25372 1.26433e+18 3.07082e-08 1260 162.8 -0.454847 0 0 -0.04184 0 0 -116.093 0 0 -9.04198e-22 0 0 
858.991 0.0148726 -3.85483 -3.9071e-05 -2.25421 1.26433e+18 3.12965e-08 1260 162.8 -0.454847 0 0 -0.04184 0 0 -116.093 0 0 -9.32202e-22 0 0 
863.286 0.0148724 -3.85483 -3.92663e-05 -2.2547 1.26433e+18 3.1899e-08 1260 162.8 -0.454847 0 0 -0.04184 0 0 -116.093 0 0 -9.61167e-22 0 0 
867.553 0.0148722 -3.85483 -3.94604e-05 -2.2552 1.26433e+18 3.25162e-08 1260 162.8 -0.454847 0 0 -0.04184 0 0 -116.093 0 0 -9.91129e-22 0 0 
871.791 0.014872 -3.85483 -3.96532e-05 -2.2557 1.26433e+18 3.31484e-08 1260 162.8 -0.454847 0 0 -0.04184 0 0 -116.093 0 0 -1.02213e-21 0 0 
876.001 0.0148718 -3.85483 -3.98447e-05 -2.2562 1.26433e+18 3.37962e-08 1260 162.8 -0.454847 0 0 -0.04184 0 0 -116.093 0 0 -1.0542e-21 0 0 
880.183 0.0148716 -3.85483 -4.00349e-05 -2.2567 1.26433e+18 3.44598e-08 1260 162.8 -0.454847 0 0 -0.04184 0 0 -116.093 0 0 -1.08739e-21 0 0 
884.338 0.0148714 -3.85483 -4.02239e-05 -2.25721 1.26433e+18 3.51399e-08 1260 162.8 -0.454847 0 0 -0.04184 0 0 -116.093 0 0 -1.12174e-21 0 0 
888.465 0.0148712 -3.85483 -4.04116e-05 -2.25771 1.26433e+18 3.58368e-08 1260 162.8 -0.454847 0 0 -0.04184 0 0 -116.093 0 0 -1.1573e-21 0 0 
892.565 0.014871 -3.85483 -4.05981e-05 -2.25822 1.26433e+18 3.65512e-08 1260 162.8 -0.454847 0 0 -0.04184 0 0 -116.093 0 0 -1.19411e-21 0 0 
896.638 0.0148708 -3.85483 -4.07833e-05 -2.25874 1.26433e+18 3.72834e-08 1260 162.8 -0.454847 0 0 -0.04184 0 0 -116.093 0 0 -1.23223e-21 0 0 
900.684 0.0148707 -3.85483 -4.09673e-05 -2.25925 1.26433e+18 3.8034e-08 1260 162.8 -0.454847 0 0 -0.04184 0 0 -116.093 0 0 -1.2717e-21 0 0 
904.703 0.0148705 -3.85483 -4.11501e-05 -2.25977 1.26433e+18 3.88036e-08 1260 162.8 -0.454847 0 0 -0.04184 0 0 -116.093 0 0 -1.31258e-21 0 0 
908.695 0.0148703 -3.85483 -4.13317e-05 -2.26029 1.26433e+18 3.95927e-08 1260 162.8 -0.454847 0 0 -0.04184 0 0 -116.093 0 0 -1.35493e-21 0 0 
912.661 0.0148701 -3.85483 -4.15121e-05 -2.26082 1.26433e+18 4.0402e-08 1260 162.8 -0.454847 0 0 -0.04184 0 0 -116.093 0 0 -1.3988e-21 0 0 
916.601 0.0148699 -3.85483 -4.16913e-05 -2.26134 1.26433e+18 4.1232e-08 1260 162.8 -0.454847 0 0 -0.04184 0 0 -116.093 0 0 -1.44427e-21 0 0 
920.515 0.0148698 -3.85483 -4.18694e-05 -2.26187 1.26433e+18 4.20833e-08 1260 162.8 -0.454847 0 0 -0.04184 0 0 -116.093 0 0 -1.49138e-21 0 0 
924.403 0.0148696 -3.85483 -4.20462e-05 -2.2624 1.26433e+18 4.29566e-08 1260 162.8 -0.454847 0 0 -0.04184 0 0 -116.093 0 0 -1.54022e-21 0 0 
928.265 0.0148694 -3.85483 -4.22219e-05 -2.26293 1.26433e+18 4.38527e-08 1260 162.8 -0.454847 0 0 -0.04184 0 0 -116.093 0 0 -1.59085e-21 0 0 
932.101 0.0148692 -3.85483 -4.23964e-05 -2.26347 1.26433e+18 4.47721e-08 1260 162.8 -0.454847 0 0 -0.04184 0 0 -116.093 0 0 -1.64334e-21 0 0 
935.913 0.0148691 -3.85483 -4.25697e-05 -2.26401 1.26433e+18 4.57157e-08 1260 162.8 -0.454847 0 0 -0.04184 0 0 -116.093 0 0 -1.69777e-21 0 0 
939.699 0.0148689 -3.85483 -4.27419e-05 -2.26455 1.26433e+18 4.66841e-08 1260 162.8 -0.454847 0 0 -0.04184 0 0 -116.093 0 0 -1.75423e-21 0 0 
943.46 0.0148687 -3.85483 -4.2913e-05 -2.2651 1.26433e+18 4.76781e-08 1260 162.8 -0.454847 0 0 -0.04184 0 0 -116.093 0 0 -1.8128e-21 0 0 
947.196 0.0148685 -3.85483 -4.30829e-05 -2.26565 1.26433e+18 4.86986e-08 1260 162.8 -0.454847 0 0 -0.04184 0 0 -116.093 0 0 -1.87356e-21 0 0 
950.907 0.0148684 -3.85484 -4.32517e-05 -2.2662 1.26433e+18 4.97465e-08 1260 162.8 -0.454847 0 0 -0.04184 0 0 -116.093 0 0 -1.93662e-21 0 0 
954.594 0.0148682 -3.85484 -4.34194e-05 -2.26675 1.26433e+18 5.08225e-08 1260 162.8 -0.454847 0 0 -0.04184 0 0 -116.093 0 0 -2.00206e-21 0 0 
958.257 0.014868 -3.85484 -4.3586e-05 -2.26731 1.26433e+18 5.19275e-08 1260 162.8 -0.454847 0 0 -0.04184 0 0 -116.093 0 0 -2.07e-21 0 0 
961.895 0.0148679 -3.85484 -4.37515e-05 -2.26786 1.26433e+18 5.30626e-08 1260 162.8 -0.454847 0 0 -0.04184 0 0 -116.093 0 0 -2.14053e-21 0 0 
965.509 0.0148677 -3.85484 -4.39159e-05 -2.26843 1.26433e+18 5.42287e-08 1260 162.8 -0.454847 0 0 -0.04184 0 0 -116.093 0 0 -2.21377e-21 0 0 
969.099 0.0148675 -3.85484 -4.40792e-05 -2.26899 1.26433e+18 5.54268e-08 1260 162.8 -0.454847 0 0 -0.04184 0 0 -116.093 0 0 -2.28983e-21 0 0 
972.666 0.0148674 -3.85484 -4.42414e-05 -2.26956 1.26433e+18 5.6658e-08 1260 162.8 -0.454847 0 0 -0.04184 0 0 -116.093 0 0 -2.36885e-21 0 0 
976.209 0.0148672 -3.85484 -4.44026e-05 -2.27013 1.26433e+18 5.79233e-08 1260 162.8 -0.454847 0 0 -0.04184 0 0 -116.093 0 0 -2.45095e-21 0 0 
979.728 0.0148671 -3.85484 -4.45627e-05 -2.27071 1.26433e+18 5.92239e-08 1260 162.8 -0.454847 0 0 -0.04184 0 0 -116.093 0 0 -2.53627e-21 0 0 
983.224 0.0148669 -3.85484 -4.47217e-05 -2.27128 1.26433e+18 6.05609e-08 1260 162.8 -0.454847 0 0 -0.04184 0 0 -116.093 0 0 -2.62494e-21 0 0 
986.698 0.0148667 -3.85484 -4.48797e-05 -2.27186 1.26433e+18 6.19357e-08 1260 162.8 -0.454847 0 0 -0.04184 0 0 -116.093 0 0 -2.71712e-21 0 0 
990.148 0.0148666 -3.85484 -4.50366e-05 -2.27245 1.26433e+18 6.33494e-08 1260 162.8 -0.454847 0 0 -0.04184 0 0 -116.093 0 0 -2.81297e-21 0 0 
993.575 0.0148664 -3.85484 -4.51925e-05 -2.27303 1.26433e+18 6.48035e-08 1260 162.8 -0.454847 0 0 -0.04184 0 0 -116.093 0 0 -2.91264e-21 0 0 
996.98 0.0148663 -3.85484 -4.53473e-05 -2.27362 1.26433e+18 6.62992e-08 1260 162.8 -0.454847 0 0 -0.04184 0 0 -116.093 0 0 -3.01633e-21 0 0 
1000.36 0.0148661 -3.85484 -4.55012e-05 -2.27422 1.26433e+18 6.78381e-08 1260 162.8 -0.454847 0 0 -0.04184 0 0 -116.093 0 0 -3.1242e-21 0 0 
1003.72 0.014866 -3.85484 -4.5654e-05 -2.27481 1.26433e+18 6.94215e-08 1260 162.8 -0.454847 0 0 -0.04184 0 0 -116.093 0 0 -3.23644e-21 0 0 
1007.06 0.0148658 -3.85484 -4.58058e-05 -2.27541 1.26433e+18 7.10512e-08 1260 162.8 -0.454847 0 0 -0.04184 0 0 -116.093 0 0 -3.35327e-21 0 0 
1010.37 0.0148657 -3.85484 -4.59566e-05 -2.27602 1.26433e+18 7.27286e-08 1260 162.8 -0.454847 0 0 -0.04184 0 0 -116.093 0 0 -3.47489e-21 0 0 
1013.67 0.0148655 -3.85484 -4.61064e-05 -2.27662 1.26433e+18 7.44555e-08 1260 162.8 -0.454847 0 0 -0.04184 0 0 -116.093 0 0 -3.60152e-21 0 0 
1016.94 0.0148654 -3.85484 -4.62552e-05 -2.27723 1.26433e+18 7.62337e-08 1260 162.8 -0.454847 0 0 -0.04184 0 0 -116.093 0 0 -3.7334e-21 0 0 
1020.19 0.0148652 -3.85484 -4.6403e-05 -2.27785 1.26433e+18 7.80649e-08 1260 162.8 -0.454847 0 0 -0.04184 0 0 -116.093 0 0 -3.87078e-21 0 0 
1023.42 0.0148651 -3.85484 -4.65499e-05 -2.27847 1.26433e+18 7.99512e-08 1260 162.8 -0.454847 0 0 -0.04184 0 0 -116.093 0 0 -4.01392e-21 0 0 
1026.63 0.0148649 -3.85484 -4.66958e-05 -2.27909 1.26433e+18 8.18944e-08 1260 162.8 -0.454847 0 0 -0.04184 0 0 -116.093 0 0 -4.16308e-21 0 0 
1029.81 0.0148648 -3.85484 -4.68407e-05 -2.27971 1.26433e+18 8.38966e-08 1260 162.8 -0.454847 0 0 -0.04184 0 0 -116.093 0 0 -4.31857e-21 0 0 
1032.98 0.0148646 -3.85484 -4.69846e-05 -2.28034 1.26433e+18 8.59602e-08 1260 162.8 -0.454847 0 0 -0.04184 0 0 -116.093 0 0 -4.48067e-21 0 0 
1036.12 0.0148645 -3.85484 -4.71276e-05 -2.28097 1.26433e+18 8.80872e-08 1260 162.8 -0.454847 0 0 -0.04184 0 0 -116.093 0 0 -4.64973e-21 0 0 
1039.24 0.0148644 -3.85484 -4.72697e-05 -2.28161 1.26433e+18 9.028e-08 1260 162.8 -0.454847 0 0 -0.04184 0 0 -116.093 0 0 -4.82606e-21 0 0 
1042.35 0.0148642 -3.85484 -4.74108e-05 -2.28225 1.26433e+18 9.25412e-08 1260 162.8 -0.454847 0 0 -0.04184 0 0 -116.093 0 0 -5.01003e-21 0 0 
1045.43 0.0148641 -3.85484 -4.7551e-05 -2.28289 1.26433e+18 9.48733e-08 1260 162.8 -0.454847 0 0 -0.04184 0 0 -116.093 0 0 -5.20201e-21 0 0 
1048.49 0.0148639 -3.85484 -4.76903e-05 -2.28354 1.26433e+18 9.72789e-08 1260 162.8 -0.454847 0 0 -0.04184 0 0 -116.093 0 0 -5.4024e-21 0 0 
1051.53 0.0148638 -3.85484 -4.78286e-05 -2.28419 1.26433e+18 9.97609e-08 1260 162.8 -0.454847 0 0 -0.04184 0 0 -116.093 0 0 -5.61162e-21 0 0 
1054.55 0.0148637 -3.85484 -4.7966e-05 -2.28484 1.26433e+18 1.02322e-07 1260 162.8 -0.454847 0 0 -0.04184 0 0 -116.093 0 0 -5.83011e-21 0 0 
1057.55 0.0148635 -3.85484 -4.81025e-05 -2.2855 1.26433e+18 1.04966e-07 1260 162.8 -0.454847 0 0 -0.04184 0 0 -116.093 0 0 -6.05834e-21 0 0 
1060.54 0.0148634 -3.85484 -4.82382e-05 -2.28617 1.26433e+18 1.07695e-07 1260 162.8 -0.454847 0 0 -0.04184 0 0 -116.093 0 0 -6.2968e-21 0 0 
1063.5 0.0148632 -3.85484 -4.83729e-05 -2.28684 1.26433e+18 1.10514e-07 1260 162.8 -0.454847 0 0 -0.04184 0 0 -116.093 0 0 -6.54601e-21 0 0 
1066.44 0.0148631 -3.85484 -4.85067e-05 -2.28751 1.26433e+18 1.13424e-07 1260 162.8 -0.454847 0 0 -0.04184 0 0 -116.093 0 0 -6.80653e-21 0 0 
1069.36 0.014863 -3.85484 -4.86396e-05 -2.28818 1.26433e+18 1.16431e-07 1260 162.8 -0.454847 0 0 -0.04184 0 0 -116.093 0 0 -7.07893e-21 0 0 
1072.27 0.0148628 -3.85484 -4.87717e-05 -2.28887 1.26433e+18 1.19538e-07 1260 162.8 -0.454847 0 0 -0.04184 0 0 -116.093 0 0 -7.36383e-21 0 0 
1075.15 0.0148627 -3.85484 -4.89029e-05 -2.28955 1.26433e+18 1.22749e-07 1260 162.8 -0.454847 0 0 -0.04184 0 0 -116.093 0 0 -7.66189e-21 0 0 
1078.01 0.0148626 -3.85484 -4.90332e-05 -2.29024 1.26433e+18 1.26068e-07 1260 162.8 -0.454847 0 0 -0.04184 0 0 -116.093 0 0 -7.97379e-21 0 0 
1080.86 0.0148625 -3.85484 -4.91626e-05 -2.29094 1.26433e+18 1.295e-07 1260 162.8 -0.454847 0 0 -0.04184 0 0 -116.093 0 0 -8.30027e-21 0 0 
1083.69 0.0148623 -3.85484 -4.92912e-05 -2.29163 1.26433e+18 1.33049e-07 1260 162.8 -0.454847 0 0 -0.04184 0 0 -116.093 0 0 -8.64209e-21 0 0 
1086.5 0.0148622 -3.85484 -4.9419e-05 -2.29234 1.26433e+18 1.3672e-07 1260 162.8 -0.454847 0 0 -0.04184 0 0 -116.093 0 0 -9.00008e-21 0 0 
1089.29 0.0148621 -3.85484 -4.95459e-05 -2.29305 1.26433e+18 1.40519e-07 1260 162.8 -0.454847 0 0 -0.04184 0 0 -116.093 0 0 -9.37511e-21 0 0 
1092.06 0.0148619 -3.85484 -4.96719e-05 -2.29376 1.26433e+18 1.4445e-07 1260 162.8 -0.454847 0 0 -0.04184 0 0 -116.093 0 0 -9.76809e-21 0 0 
1094.81 0.0148618 -3.85484 -4.97972e-05 -2.29448 1.26433e+18 1.48519e-07 1260 162.8 -0.454847 0 0 -0.04184 0 0 -116.093 0 0 -1.018e-20 0 0 
1097.55 0.0148617 -3.85484 -4.99216e-05 -2.2952 1.26433e+18 1.52732e-07 1260 162.8 -0.454847 0 0 -0.04184 0 0 -116.093 0 0 -1.06119e-20 0 0 
1100.26 0.0148616 -3.85484 -5.00452e-05 -2.29593 1.26433e+18 1.57096e-07 1260 162.8 -0.454847 0 0 -0.04184 0 0 -116.093 0 0 -1.10648e-20 0 0 
1102.96 0.0148615 -3.85484 -5.01679e-05 -2.29666 1.26433e+18 1.61616e-07 1260 162.8 -0.454847 0 0 -0.04184 0 0 -116.093 0 0 -1.154e-20 0 0 
1105.64 0.0148613 -3.85484 -5.02899e-05 -2.2974 1.26433e+18 1.663e-07 1260 162.8 -0.454847 0 0 -0.04184 0 0 -116.093 0 0 -1.20386e-20 0 0 
1108.31 0.0148612 -3.85484 -5.0411e-05 -2.29815 1.26433e+18 1.71154e-07 1260 162.8 -0.454847 0 0 -0.04184 0 0 -116.093 0 0 -1.25621e-20 0 0 
1110.95 0.0148611 -3.85484 -5.05313e-05 -2.2989 1.26433e+18 1.76186e-07 1260 162.8 -0.454847 0 0 -0.04184 0 0 -116.093 0 0 -1.31117e-20 0 0 
1113.58 0.014861 -3.85484 -5.06509e-05 -2.29965 1.26433e+18 1.81405e-07 1260 162.8 -0.454847 0 0 -0.04184 0 0 -116.093 0 0 -1.36889e-20 0 0 
1116.19 0.0148609 -3.85484 -5.07696e-05 -2.30041 1.26433e+18 1.86818e-07 1260 162.8 -0.454847 0 0 -0.04184 0 0 -116.093 0 0 -1.42954e-20 0 0 
1118.78 0.0148607 -3.85484 -5.08876e-05 -2.30118 1.26433e+18 1.92434e-07 1260 162.8 -0.454847 0 0 -0.04184 0 0 -116.093 0 0 -1.49327e-20 0 0 
1121.36 0.0148606 -3.85484 -5.10048e-05 -2.30195 1.26433e+18 1.98263e-07 1260 162.8 -0.454847 0 0 -0.04184 0 0 -116.093 0 0 -1.56028e-20 0 0 
1123.92 0.0148605 -3.85484 -5.11212e-05 -2.30273 1.26433e+18 2.04314e-07 1260 162.8 -0.454847 0 0 -0.04184 0 0 -116.093 0 0 -1.63074e-20 0 0 
1126.46 0.0148604 -3.85484 -5.12369e-05 -2.30351 1.26433e+18 2.10597e-07 1260 162.8 -0.454847 0 0 -0.04184 0 0 -116.093 0 0 -1.70486e-20 0 0 
1128.99 0.0148603 -3.85484 -5.13517e-05 -2.3043 1.26433e+18 2.17123e-07 1260 162.8 -0.454847 0 0 -0.04184 0 0 -116.093 0 0 -1.78285e-20 0 0 
1131.5 0.0148602 -3.85484 -5.14658e-05 -2.30509 1.26433e+18 2.23903e-07 1260 162.8 -0.454847 0 0 -0.04184 0 0 -116.093 0 0 -1.86495e-20 0 0 
1133.99 0.01486 -3.85484 -5.15792e-05 -2.30589 1.26433e+18 2.3095e-07 1260 162.8 -0.454847 0 0 -0.04184 0 0 -116.093 0 0 -1.95138e-20 0 0 
1136.47 0.0148599 -3.85484 -5.16918e-05 -2.3067 1.26433e+18 2.38275e-07 1260 162.8 -0.454847 0 0 -0.04184 0 0 -116.093 0 0 -2.04242e-20 0 0 
1138.93 0.0148598 -3.85484 -5.18037e-05 -2.30751 1.26433e+18 2.45893e-07 1260 162.8 -0.454847 0 0 -0.04184 0 0 -116.093 0 0 -2.13833e-20 0 0 
1141.37 0.0148597 -3.85484 -5.19148e-05 -2.30833 1.26433e+18 2.53816e-07 1260 162.8 -0.454847 0 0 -0.04184 0 0 -116.093 0 0 -2.23941e-20 0 0 
1143.8 0.0148596 -3.85484 -5.20252e-05 -2.30916 1.26433e+18 2.62061e-07 1260 162.8 -0.454847 0 0 -0.04184 0 0 -116.093 0 0 -2.34598e-20 0 0 
1146.21 0.0148595 -3.85484 -5.21349e-05 -2.30999 1.26433e+18 2.70642e-07 1260 162.8 -0.454847 0 0 -0.04184 0 0 -116.093 0 0 -2.45835e-20 0 0 
1148.6 0.0148594 -3.85484 -5.22438e-05 -2.31083 1.26433e+18 2.79576e-07 1260 162.8 -0.454847 0 0 -0.04184 0 0 -116.093 0 0 -2.5769e-20 0 0 
1150.98 0.0148593 -3.85484 -5.2352e-05 -2.31168 1.26433e+18 2.8888e-07 1260 162.8 -0.454847 0 0 -0.04184 0 0 -116.093 0 0 -2.70199e-20 0 0 
1153.34 0.0148592 -3.85484 -5.24595e-05 -2.31253 1.26433e+18 2.98573e-07 1260 162.8 -0.454847 0 0 -0.04184 0 0 -116.093 0 0 -2.83404e-20 0 0 
1155.69 0.0148591 -3.85484 -5.25663e-05 -2.31339 1.26433e+18 3.08674e-07 1260 162.8 -0.454847 0 0 -0.04184 0 0 -116.093 0 0 -2.97346e-20 0 0 
1158.02 0.0148589 -3.85484 -5.26724e-05 -2.31426 1.26433e+18 3.19203e-07 1260 162.8 -0.454847 0 0 -0.04184 0 0 -116.093 0 0 -3.12072e-20 0 0 
1160.34 0.0148588 -3.85484 -5.27778e-05 -2.31514 1.26433e+18 3.30182e-07 1260 162.8 -0.454847 0 0 -0.04184 0 0 -116.093 0 0 -3.27631e-20 0 0 
1162.64 0.0148587 -3.85484 -5.28825e-05 -2.31602 1.26433e+18 3.41634e-07 1260 162.8 -0.454847 0 0 -0.04184 0 0 -116.093 0 0 -3.44075e-20 0 0 
1164.93 0.0148586 -3.85484 -5.29865e-05 -2.31691 1.26433e+18 3.53583e-07 1260 162.8 -0.454847 0 0 -0.04184 0 0 -116.093 0 0 -3.61459e-20 0 0 
1167.2 0.0148585 -3.85484 -5.30898e-05 -2.3178 1.26433e+18 3.66055e-07 1260 162.8 -0.454847 0 0 -0.04184 0 0 -116.093 0 0 -3.79842e-20 0 0 
1169.46 0.0148584 -3.85485 -5.31924e-05 -2.31871 1.26433e+18 3.79077e-07 1260 162.8 -0.454847 0 0 -0.04184 0 0 -116.093 0 0 -3.99289e-20 0 0 
1171.7 0.0148583 -3.85485 -5.32943e-05 -2.31962 1.26433e+18 3.92676e-07 1260 162.8 -0.454847 0 0 -0.04184 0 0 -116.093 0 0 -4.19867e-20 0 0 
1173.92 0.0148582 -3.85485 -5.33956e-05 -2.32054 1.26433e+18 4.06885e-07 1260 162.8 -0.454847 0 0 -0.04184 0 0 -116.093 0 0 -4.41647e-20 0 0 
1176.14 0.0148581 -3.85485 -5.34962e-05 -2.32146 1.26433e+18 4.21733e-07 1260 162.8 -0.454847 0 0 -0.04184 0 0 -116.093 0 0 -4.64707e-20 0 0 
1178.33 0.014858 -3.85485 -5.35961e-05 -2.3224 1.26433e+18 4.37257e-07 1260 162.8 -0.454847 0 0 -0.04184 0 0 -116.093 0 0 -4.89129e-20 0 0 
1180.52 0.0148579 -3.85485 -5.36954e-05 -2.32334 1.26433e+18 4.5349e-07 1260 162.8 -0.454847 0 0 -0.04184 0 0 -116.093 0 0 -5.14999e-20 0 0 
1182.68 0.0148578 -3.85485 -5.3794e-05 -2.32429 1.26433e+18 4.70471e-07 1260 162.8 -0.454847 0 0 -0.04184 0 0 -116.093 0 0 -5.42412e-20 0 0 
1184.84 0.0148577 -3.85485 -5.3892e-05 -2.32525 1.26433e+18 4.88241e-07 1260 162.8 -0.454847 0 0 -0.04184 0 0 -116.093 0 0 -5.71466e-20 0 0 
1186.98 0.0148576 -3.85485 -5.39893e-05 -2.32622 1.26433e+18 5.06842e-07 1260 162.8 -0.454847 0 0 -0.04184 0 0 -116.093 0 0 -6.02267e-20 0 0 
1189.1 0.0148575 -3.85485 -5.4086e-05 -2.32719 1.26433e+18 5.26319e-07 1260 162.8 -0.454847 0 0 -0.04184 0 0 -116.093 0 0 -6.3493e-20 0 0 
1191.21 0.0148574 -3.85485 -5.4182e-05 -2.32817 1.26433e+18 5.46719e-07 1260 162.8 -0.454847 0 0 -0.04184 0 0 -116.093 0 0 -6.69572e-20 0 0 
1193.31 0.0148573 -3.85485 -5.42774e-05 -2.32917 1.26433e+18 5.68093e-07 1260 162.8 -0.454847 0 0 -0.04184 0 0 -116.093 0 0 -7.06324e-20 0 0 
1195.39 0.0148572 -3.85485 -5.43722e-05 -2.33017 1.26433e+18 5.90495e-07 1260 162.8 -0.454847 0 0 -0.04184 0 0 -116.093 0 0 -7.45321e-20 0 0 
1197.46 0.0148572 -3.85485 -5.44663e-05 -2.33117 1.26433e+18 6.1398e-07 1260 162.8 -0.454847 0 0 -0.04184 0 0 -116.093 0 0 -7.86709e-20 0 0 
1199.52 0.0148571 -3.85485 -5.45598e-05 -2.33219 1.26433e+18 6.38609e-07 1260 162.8 -0.454847 0 0 -0.04184 0 0 -116.093 0 0 -8.30641e-20 0 0 
1201.56 0.014857 -3.85485 -5.46527e-05 -2.33322 1.26433e+18 6.64446e-07 1260 162.8 -0.454847 0 0 -0.04184 0 0 -116.093 0 0 -8.77283e-20 0 0 
1203.59 0.0148569 -3.85485 -5.4745e-05 -2.33425 1.26433e+18 6.91556e-07 1260 162.8 -0.454847 0 0 -0.04184 0 0 -116.093 0 0 -9.26808e-20 0 0 
1205.61 0.0148568 -3.85485 -5.48367e-05 -2.33529 1.26433e+18 7.20011e-07 1260 162.8 -0.454847 0 0 -0.04184 0 0 -116.093 0 0 -9.79403e-20 0 0 
1207.61 0.0148567 -3.85485 -5.49278e-05 -2.33634 1.26433e+18 7.49886e-07 1260 162.8 -0.454847 0 0 -0.04184 0 0 -116.093 0 0 -1.03526e-19 0 0 
1209.6 0.0148566 -3.85485 -5.50182e-05 -2.3374 1.26433e+18 7.8126e-07 1260 162.8 -0.454847 0 0 -0.04184 0 0 -116.093 0 0 -1.0946e-19 0 0 
1211.57 0.0148565 -3.85485 -5.51081e-05 -2.33847 1.26433e+18 8.14217e-07 1260 162.8 -0.454847 0 0 -0.04184 0 0 -116.093 0 0 -1.15763e-19 0 0 
1213.54 0.0148564 -3.85485 -5.51974e-05 -2.33955 1.26433e+18 8.48845e-07 1260 162.8 -0.454847 0 0 -0.04184 0 0 -116.093 0 0 -1.22459e-19 0 0 
1215.49 0.0148563 -3.85485 -5.5286e-05 -2.34063 1.26433e+18 8.85238e-07 1260 162.8 -0.454847 0 0 -0.04184 0 0 -116.093 0 0 -1.29572e-19 0 0 
1217.42 0.0148562 -3.85485 -5.53741e-05 -2.34173 1.26433e+18 9.23495e-07 1260 162.8 -0.454847 0 0 -0.04184 0 0 -116.093 0 0 -1.3713e-19 0 0 
1219.35 0.0148562 -3.85485 -5.54616e-05 -2.34283 1.26433e+18 9.6372e-07 1260 162.8 -0.454847 0 0 -0.04184 0 0 -116.093 0 0 -1.45159e-19 0 0 
1221.26 0.0148561 -3.85485 -5.55486e-05 -2.34394 1.26433e+18 1.00602e-06 1260 162.8 -0.454847 0 0 -0.04184 0 0 -116.093 0 0 -1.53689e-19 0 0 
1223.16 0.014856 -3.85485 -5.56349e-05 -2.34506 1.26433e+18 1.05052e-06 1260 162.8 -0.454847 0 0 -0.04184 0 0 -116.093 0 0 -1.62751e-19 0 0 
1225.04 0.0148559 -3.85485 -5.57207e-05 -2.34619 1.26433e+18 1.09733e-06 1260 162.8 -0.454847 0 0 -0.04184 0 0 -116.093 0 0 -1.72377e-19 0 0 
1226.92 0.0148558 -3.85485 -5.58059e-05 -2.34732 1.26433e+18 1.14659e-06 1260 162.8 -0.454847 0 0 -0.04184 0 0 -116.093 0 0 -1.826e-19 0 0 
1228.78 0.0148557 -3.85485 -5.58906e-05 -2.34847 1.26433e+18 1.19842e-06 1260 162.8 -0.454847 0 0 -0.04184 0 0 -116.093 0 0 -1.93458e-19 0 0 
1230.63 0.0148556 -3.85485 -5.59747e-05 -2.34962 1.26433e+18 1.25298e-06 1260 162.8 -0.454847 0 0 -0.04184 0 0 -116.093 0 0 -2.04987e-19 0 0 
1232.46 0.0148556 -3.85485 -5.60582e-05 -2.35077 1.26433e+18 1.31041e-06 1260 162.8 -0.454847 0 0 -0.04184 0 0 -116.093 0 0 -2.17227e-19 0 0 
1234.29 0.0148555 -3.85485 -5.61412e-05 -2.35194 1.26433e+18 1.37087e-06 1260 162.8 -0.454847 0 0 -0.04184 0 0 -116.093 0 0 -2.30218e-19 0 0 
1236.1 0.0148554 -3.85485 -5.62237e-05 -2.35311 1.26433e+18 1.43453e-06 1260 162.8 -0.454847 0 0 -0.04184 0 0 -116.093 0 0 -2.44005e-19 0 0 
1237.9 0.0148553 -3.85485 -5.63055e-05 -2.35429 1.26433e+18 1.50155e-06 1260 162.8 -0.454847 0 0 -0.04184 0 0 -116.093 0 0 -2.58631e-19 0 0 
1239.69 0.0148552 -3.85485 -5.63869e-05 -2.35548 1.26433e+18 1.57212e-06 1260 162.8 -0.454847 0 0 -0.04184 0 0 -116.093 0 0 -2.74144e-19 0 0 
1241.47 0.0148552 -3.85485 -5.64677e-05 -2.35668 1.26433e+18 1.64643e-06 1260 162.8 -0.454847 0 0 -0.04184 0 0 -116.093 0 0 -2.90593e-19 0 0 
1243.23 0.0148551 -3.85485 -5.6548e-05 -2.35788 1.26433e+18 1.72468e-06 1260 162.8 -0.454847 0 0 -0.04184 0 0 -116.093 0 0 -3.08028e-19 0 0 
1244.98 0.014855 -3.85485 -5.66277e-05 -2.35908 1.26433e+18 1.80708e-06 1260 162.8 -0.454847 0 0 -0.04184 0 0 -116.093 0 0 -3.26501e-19 0 0 
1246.73 0.0148549 -3.85485 -5.6707e-05 -2.3603 1.26433e+18 1.89384e-06 1260 162.8 -0.454847 0 0 -0.04184 0 0 -116.093 0 0 -3.46068e-19 0 0 
1248.46 0.0148548 -3.85485 -5.67857e-05 -2.36151 1.26433e+18 1.98518e-06 1260 162.8 -0.454847 0 0 -0.04184 0 0 -116.093 0 0 -3.66785e-19 0 0 
1250.17 0.0148548 -3.85485 -5.68638e-05 -2.36274 1.26433e+18 2.08135e-06 1260 162.8 -0.454847 0 0 -0.04184 0 0 -116.093 0 0 -3.8871e-19 0 0 
1251.88 0.0148547 -3.85485 -5.69415e-05 -2.36396 1.26433e+18 2.18259e-06 1260 162.8 -0.454847 0 0 -0.04184 0 0 -116.093 0 0 -4.11904e-19 0 0 
1253.58 0.0148546 -3.85485 -5.70186e-05 -2.3652 1.26433e+18 2.28916e-06 1260 162.8 -0.454847 0 0 -0.04184 0 0 -116.093 0 0 -4.36429e-19 0 0 
1255.26 0.0148545 -3.85485 -5.70953e-05 -2.36643 1.26433e+18 2.40131e-06 1260 162.8 -0.454847 0 0 -0.04184 0 0 -116.093 0 0 -4.62349e-19 0 0 
1256.94 0.0148544 -3.85485 -5.71714e-05 -2.36767 1.26433e+18 2.51934e-06 1260 162.8 -0.454847 0 0 -0.04184 0 0 -116.093 0 0 -4.89731e-19 0 0 
1258.6 0.0148544 -3.85485 -5.7247e-05 -2.36892 1.26433e+18 2.64351e-06 1260 162.8 -0.454847 0 0 -0.04184 0 0 -116.093 0 0 -5.18642e-19 0 0 
1260.25 0.0148543 -3.85485 -5.73221e-05 -2.37016 1.26433e+18 2.77414e-06 1260 162.8 -0.454847 0 0 -0.04184 0 0 -116.093 0 0 -5.49154e-19 0 0 
1261.89 0.0148542 -3.85485 -5.73968e-05 -2.37141 1.26433e+18 2.91152e-06 1260 162.8 -0.454847 0 0 -0.04184 0 0 -116.093 0 0 -5.81337e-19 0 0 
1263.52 0.0148542 -3.85485 -5.74709e-05 -2.37267 1.26433e+18 3.05597e-06 1260 162.8 -0.454847 0 0 -0.04184 0 0 -116.093 0 0 -6.15266e-19 0 0 
1265.14 0.0148541 -3.85485 -5.75445e-05 -2.37392 1.26433e+18 3.20783e-06 1260 162.8 -0.454847 0 0 -0.04184 0 0 -116.093 0 0 -6.51017e-19 0 0 
1266.75 0.014854 -3.85485 -5.76177e-05 -2.37518 1.26433e+18 3.36743e-06 1260 162.8 -0.454847 0 0 -0.04184 0 0 -116.093 0 0 -6.88668e-19 0 0 
1268.35 0.0148539 -3.85485 -5.76904e-05 -2.37643 1.26433e+18 3.53512e-06 1260 162.8 -0.454847 0 0 -0.04184 0 0 -116.093 0 0 -7.28298e-19 0 0 
1269.93 0.0148539 -3.85485 -5.77626e-05 -2.37769 1.26433e+18 3.71126e-06 1260 162.8 -0.454847 0 0 -0.04184 0 0 -116.093 0 0 -7.6999e-19 0 0 
1271.51 0.0148538 -3.85485 -5.78343e-05 -2.37895 1.26433e+18 3.89623e-06 1260 162.8 -0.454847 0 0 -0.04184 0 0 -116.093 0 0 -8.13828e-19 0 0 
1273.08 0.0148537 -3.85485 -5.79055e-05 -2.3802 1.26433e+18 4.09041e-06 1260 162.8 -0.454847 0 0 -0.04184 0 0 -116.093 0 0 -8.59898e-19 0 0 
1274.63 0.0148536 -3.85485 -5.79763e-05 -2.38146 1.26433e+18 4.2942e-06 1260 162.8 -0.454847 0 0 -0.04184 0 0 -116.093 0 0 -9.08289e-19 0 0 
1276.18 0.0148536 -3.85485 -5.80466e-05 -2.38272 1.26433e+18 4.50799e-06 1260 162.8 -0.454847 0 0 -0.04184 0 0 -116.093 0 0 -9.59091e-19 0 0 
1277.71 0.0148535 -3.85485 -5.81164e-05 -2.38397 1.26433e+18 4.73222e-06 1260 162.8 -0.454847 0 0 -0.04184 0 0 -116.093 0 0 -1.0124e-18 0 0 
1279.24 0.0148534 -3.85485 -5.81858e-05 -2.38523 1.26433e+18 4.9673e-06 1260 162.8 -0.454847 0 0 -0.04184 0 0 -116.093 0 0 -1.0683e-18 0 0 
1280.75 0.0148534 -3.85485 -5.82547e-05 -2.38648 1.26433e+18 5.21368e-06 1260 162.8 -0.454847 0 0 -0.04184 0 0 -116.093 0 0 -1.12691e-18 0 0 
1282.26 0.0148533 -3.85485 -5.83232e-05 -2.38773 1.26433e+18 5.47182e-06 1260 162.8 -0.454847 0 0 -0.04184 0 0 -116.093 0 0 -1.18831e-18 0 0 
1283.75 0.0148532 -3.85485 -5.83912e-05 -2.38897 1.26433e+18 5.74217e-06 1260 162.8 -0.454847 0 0 -0.04184 0 0 -116.093 0 0 -1.25262e-18 0 0 
1285.24 0.0148532 -3.85485 -5.84587e-05 -2.39022 1.26433e+18 6.02522e-06 1260 162.8 -0.454847 0 0 -0.04184 0 0 -116.093 0 0 -1.31993e-18 0 0 
1286.71 0.0148531 -3.85485 -5.85258e-05 -2.39146 1.26433e+18 6.32146e-06 1260 162.8 -0.454847 0 0 -0.04184 0 0 -116.093 0 0 -1.39036e-18 0 0 
1288.18 0.014853 -3.85485 -5.85925e-05 -2.3927 1.26433e+18 6.63139e-06 1260 162.8 -0.454847 0 0 -0.04184 0 0 -116.093 0 0 -1.46401e-18 0 0 
1289.64 0.014853 -3.85485 -5.86587e-05 -2.39393 1.26433e+18 6.95552e-06 1260 162.8 -0.454847 0 0 -0.04184 0 0 -116.093 0 0 -1.54101e-18 0 0 
1291.08 0.0148529 -3.85485 -5.87245e-05 -2.39516 1.26433e+18 7.29438e-06 1260 162.8 -0.454847 0 0 -0.04184 0 0 -116.093 0 0 -1.62146e-18 0 0 
1292.52 0.0148528 -3.85485 -5.87899e-05 -2.39638 1.26433e+18 7.64851e-06 1260 162.8 -0.454847 0 0 -0.04184 0 0 -116.093 0 0 -1.7055e-18 0 0 
1293.95 0.0148528 -3.85485 -5.88548e-05 -2.39761 1.26433e+18 8.01847e-06 1260 162.8 -0.454847 0 0 -0.04184 0 0 -116.093 0 0 -1.79324e-18 0 0 
1295.36 0.0148527 -3.85485 -5.89193e-05 -2.39882 1.26433e+18 8.40482e-06 1260 162.8 -0.454847 0 0 -0.04184 0 0 -116.093 0 0 -1.88481e-18 0 0 
1296.77 0.0148526 -3.85485 -5.89833e-05 -2.40003 1.26433e+18 8.80814e-06 1260 162.8 -0.454847 0 0 -0.04184 0 0 -116.093 0 0 -1.98035e-18 0 0 
1298.17 0.0148526 -3.85485 -5.9047e-05 -2.40124 1.26433e+18 9.22903e-06 1260 162.8 -0.454847 0 0 -0.04184 0 0 -116.093 0 0 -2.07997e-18 0 0 
1299.56 0.0148525 -3.85485 -5.91102e-05 -2.40244 1.26433e+18 9.66809e-06 1260 162.8 -0.454847 0 0 -0.04184 0 0 -116.093 0 0 -2.18384e-18 0 0 
1300.94 0.0148524 -3.85485 -5.9173e-05 -2.40364 1.26433e+18 1.0126e-05 1260 162.8 -0.454847 0 0 -0.04184 0 0 -116.093 0 0 -2.29207e-18 0 0 
1302.31 0.0148524 -3.85485 -5.92354e-05 -2.40483 1.26433e+18 1.06032e-05 1260 162.8 -0.454847 0 0 -0.04184 0 0 -116.093 0 0 -2.40482e-18 0 0 
1303.68 0.0148523 -3.85485 -5.92973e-05 -2.40601 1.26433e+18 1.11006e-05 1260 162.8 -0.454847 0 0 -0.04184 0 0 -116.093 0 0 -2.52223e-18 0 0 
1305.03 0.0148523 -3.85485 -5.93589e-05 -2.40719 1.26433e+18 1.16187e-05 1260 162.8 -0.454847 0 0 -0.04184 0 0 -116.093 0 0 -2.64446e-18 0 0 
1306.37 0.0148522 -3.85485 -5.94201e-05 -2.40837 1.26433e+18 1.21583e-05 1260 162.8 -0.454847 0 0 -0.04184 0 0 -116.093 0 0 -2.77167e-18 0 0 
1307.71 0.0148521 -3.85485 -5.94808e-05 -2.40954 1.26433e+18 1.272e-05 1260 162.8 -0.454847 0 0 -0.04184 0 0 -116.093 0 0 -2.904e-18 0 0 
1309.04 0.0148521 -3.85485 -5.95412e-05 -2.4107 1.26433e+18 1.33044e-05 1260 162.8 -0.454847 0 0 -0.04184 0 0 -116.093 0 0 -3.04162e-18 0 0 
1310.35 0.014852 -3.85485 -5.96011e-05 -2.41185 1.26433e+18 1.39125e-05 1260 162.8 -0.454847 0 0 -0.04184 0 0 -116.093 0 0 -3.18471e-18 0 0 
1311.66 0.014852 -3.85485 -5.96607e-05 -2.413 1.26433e+18 1.45448e-05 1260 162.8 -0.454847 0 0 -0.04184 0 0 -116.093 0 0 -3.33342e-18 0 0 
1312.96 0.0148519 -3.85485 -5.97198e-05 -2.41414 1.26433e+18 1.52022e-05 1260 162.8 -0.454847 0 0 -0.04184 0 0 -116.093 0 0 -3.48793e-18 0 0 
1314.26 0.0148518 -3.85485 -5.97786e-05 -2.41528 1.26433e+18 1.58854e-05 1260 162.8 -0.454847 0 0 -0.04184 0 0 -116.093 0 0 -3.64843e-18 0 0 
1315.54 0.0148518 -3.85485 -5.9837e-05 -2.41641 1.26433e+18 1.65952e-05 1260 162.8 -0.454847 0 0 -0.04184 0 0 -116.093 0 0 -3.81508e-18 0 0 
1316.81 0.0148517 -3.85485 -5.9895e-05 -2.41753 1.26433e+18 1.73324e-05 1260 162.8 -0.454847 0 0 -0.04184 0 0 -116.093 0 0 -3.98809e-18 0 0 
1318.08 0.0148517 -3.85485 -5.99526e-05 -2.41865 1.26433e+18 1.80978e-05 1260 162.8 -0.454847 0 0 -0.04184 0 0 -116.093 0 0 -4.16762e-18 0 0 
1319.34 0.0148516 -3.85485 -6.00098e-05 -2.41976 1.26433e+18 1.88923e-05 1260 162.8 -0.454847 0 0 -0.04184 0 0 -116.093 0 0 -4.35389e-18 0 0 
1320.59 0.0148516 -3.85485 -6.00666e-05 -2.42087 1.26433e+18 1.97167e-05 1260 162.8 -0.454847 0 0 -0.04184 0 0 -116.093 0 0 -4.54708e-18 0 0 
1321.83 0.0148515 -3.85485 -6.01231e-05 -2.42196 1.26433e+18 2.05718e-05 1260 162.8 -0.454847 0 0 -0.04184 0 0 -116.093 0 0 -4.74739e-18 0 0 
1323.06 0.0148514 -3.85485 -6.01792e-05 -2.42306 1.26433e+18 2.14585e-05 1260 162.8 -0.454847 0 0 -0.04184 0 0 -116.093 0 0 -4.95504e-18 0 0 
1324.29 0.0148514 -3.85485 -6.02349e-05 -2.42414 1.26433e+18 2.23778e-05 1260 162.8 -0.454847 0 0 -0.04184 0 0 -116.093 0 0 -5.17022e-18 0 0 
1325.51 0.0148513 -3.85485 -6.02903e-05 -2.42522 1.26433e+18 2.33305e-05 1260 162.8 -0.454847 0 0 -0.04184 0 0 -116.093 0 0 -5.39315e-18 0 0 
1326.72 0.0148513 -3.85485 -6.03453e-05 -2.42629 1.26433e+18 2.43176e-05 1260 162.8 -0.454847 0 0 -0.04184 0 0 -116.093 0 0 -5.62404e-18 0 0 
1327.92 0.0148512 -3.85485 -6.03999e-05 -2.42735 1.26433e+18 2.534e-05 1260 162.8 -0.454847 0 0 -0.04184 0 0 -116.093 0 0 -5.86312e-18 0 0 
1329.11 0.0148512 -3.85485 -6.04542e-05 -2.42841 1.26433e+18 2.63987e-05 1260 162.8 -0.454847 0 0 -0.04184 0 0 -116.093 0 0 -6.1106e-18 0 0 
1330.3 0.0148511 -3.85485 -6.05081e-05 -2.42946 1.26433e+18 2.74946e-05 1260 162.8 -0.454847 0 0 -0.04184 0 0 -116.093 0 0 -6.36671e-18 0 0 
1331.47 0.0148511 -3.85485 -6.05617e-05 -2.43051 1.26433e+18 2.86287e-05 1260 162.8 -0.454847 0 0 -0.04184 0 0 -116.093 0 0 -6.63169e-18 0 0 
1332.64 0.014851 -3.85485 -6.06149e-05 -2.43155 1.26433e+18 2.9802e-05 1260 162.8 -0.454847 0 0 -0.04184 0 0 -116.093 0 0 -6.90577e-18 0 0 
1333.8 0.014851 -3.85485 -6.06677e-05 -2.43258 1.26433e+18 3.10156e-05 1260 162.8 -0.454847 0 0 -0.04184 0 0 -116.093 0 0 -7.18918e-18 0 0 
1334.96 0.0148509 -3.85485 -6.07202e-05 -2.4336 1.26433e+18 3.22705e-05 1260 162.8 -0.454847 0 0 -0.04184 0 0 -116.093 0 0 -7.48216e-18 0 0 
1336.1 0.0148508 -3.85485 -6.07723e-05 -2.43462 1.26433e+18 3.35677e-05 1260 162.8 -0.454847 0 0 -0.04184 0 0 -116.093 0 0 -7.78497e-18 0 0 
1337.24 0.0148508 -3.85485 -6.08242e-05 -2.43564 1.26433e+18 3.49083e-05 1260 162.8 -0.454847 0 0 -0.04184 0 0 -116.093 0 0 -8.09785e-18 0 0 
1338.38 0.0148507 -3.85485 -6.08756e-05 -2.43664 1.26433e+18 3.62934e-05 1260 162.8 -0.454847 0 0 -0.04184 0 0 -116.093 0 0 -8.42104e-18 0 0 
1339.5 0.0148507 -3.85485 -6.09267e-05 -2.43764 1.26433e+18 3.77241e-05 1260 162.8 -0.454847 0 0 -0.04184 0 0 -116.093 0 0 -8.75481e-18 0 0 
1340.62 0.0148506 -3.85485 -6.09775e-05 -2.43863 1.26433e+18 3.92014e-05 1260 162.8 -0.454847 0 0 -0.04184 0 0 -116.093 0 0 -9.09942e-18 0 0 
1341.72 0.0148506 -3.85485 -6.1028e-05 -2.43962 1.26433e+18 4.07265e-05 1260 162.8 -0.454847 0 0 -0.04184 0 0 -116.093 0 0 -9.45512e-18 0 0 
1342.83 0.0148505 -3.85485 -6.10781e-05 -2.4406 1.26433e+18 4.23006e-05 1260 162.8 -0.454847 0 0 -0.04184 0 0 -116.093 0 0 -9.82219e-18 0 0 
1343.92 0.0148505 -3.85485 -6.11279e-05 -2.44158 1.26433e+18 4.39247e-05 1260 162.8 -0.454847 0 0 -0.04184 0 0 -116.093 0 0 -1.02009e-17 0 0 
1345.01 0.0148504 -3.85485 -6.11773e-05 -2.44254 1.26433e+18 4.56001e-05 1260 162.8 -0.454847 0 0 -0.04184 0 0 -116.093 0 0 -1.05915e-17 0 0 
1346.09 0.0148504 -3.85485 -6.12264e-05 -2.4435 1.26433e+18 4.7328e-05 1260 162.8 -0.454847 0 0 -0.04184 0 0 -116.093 0 0 -1.09943e-17 0 0 
1347.16 0.0148503 -3.85485 -6.12753e-05 -2.44446 1.26433e+18 4.91095e-05 1260 162.8 -0.454847 0 0 -0.04184 0 0 -116.093 0 0 -1.14095e-17 0 0 
1348.23 0.0148503 -3.85485 -6.13237e-05 -2.44541 1.26433e+18 5.09458e-05 1260 162.8 -0.454847 0 0 -0.04184 0 0 -116.093 0 0 -1.18375e-17 0 0 
1349.29 0.0148502 -3.85485 -6.13719e-05 -2.44635 1.26433e+18 5.28381e-05 1260 162.8 -0.454847 0 0 -0.04184 0 0 -116.093 0 0 -1.22784e-17 0 0 
1350.34 0.0148502 -3.85485 -6.14197e-05 -2.44729 1.26433e+18 5.47878e-05 1260 162.8 -0.454847 0 0 -0.04184 0 0 -116.093 0 0 -1.27327e-17 0 0 
1351.38 0.0148502 -3.85485 -6.14673e-05 -2.44822 1.26433e+18 5.67959e-05 1260 162.8 -0.454847 0 0 -0.04184 0 0 -116.093 0 0 -1.32006e-17 0 0 
1352.42 0.0148501 -3.85485 -6.15145e-05 -2.44914 1.26433e+18 5.88639e-05 1260 162.8 -0.454847 0 0 -0.04184 0 0 -116.093 0 0 -1.36824e-17 0 0 
1353.45 0.0148501 -3.85485 -6.15614e-05 -2.45006 1.26433e+18 6.09929e-05 1260 162.8 -0.454847 0 0 -0.04184 0 0 -116.093 0 0 -1.41784e-17 0 0 
1354.48 0.01485 -3.85485 -6.16079e-05 -2.45098 1.26433e+18 6.31842e-05 1260 162.8 -0.454847 0 0 -0.04184 0 0 -116.093 0 0 -1.46888e-17 0 0 
1355.49 0.01485 -3.85485 -6.16542e-05 -2.45188 1.26433e+18 6.54391e-05 1260 162.8 -0.454847 0 0 -0.04184 0 0 -116.093 0 0 -1.52141e-17 0 0 
1356.5 0.0148499 -3.85485 -6.17002e-05 -2.45278 1.26433e+18 6.7759e-05 1260 162.8 -0.454847 0 0 -0.04184 0 0 -116.093 0 0 -1.57544e-17 0 0 
1357.51 0.0148499 -3.85485 -6.17459e-05 -2.45368 1.26433e+18 7.01451e-05 1260 162.8 -0.454847 0 0 -0.04184 0 0 -116.093 0 0 -1.63101e-17 0 0 
1358.51 0.0148498 -3.85485 -6.17912e-05 -2.45457 1.26433e+18 7.25987e-05 1260 162.8 -0.454847 0 0 -0.04184 0 0 -116.093 0 0 -1.68816e-17 0 0 
1359.5 0.0148498 -3.85485 -6.18363e-05 -2.45545 1.26433e+18 7.51212e-05 1260 162.8 -0.454847 0 0 -0.04184 0 0 -116.093 0 0 -1.7469e-17 0 0 
1360.48 0.0148497 -3.85485 -6.18811e-05 -2.45633 1.26433e+18 7.7714e-05 1260 162.8 -0.454847 0 0 -0.04184 0 0 -116.093 0 0 -1.80728e-17 0 0 
1361.46 0.0148497 -3.85485 -6.19255e-05 -2.4572 1.26433e+18 8.03783e-05 1260 162.8 -0.454847 0 0 -0.04184 0 0 -116.093 0 0 -1.86932e-17 0 0 
1362.43 0.0148497 -3.85485 -6.19697e-05 -2.45806 1.26433e+18 8.31156e-05 1260 162.8 -0.454847 0 0 -0.04184 0 0 -116.093 0 0 -1.93305e-17 0 0 
1363.39 0.0148496 -3.85485 -6.20136e-05 -2.45892 1.26433e+18 8.59271e-05 1260 162.8 -0.454847 0 0 -0.04184 0 0 -116.093 0 0 -1.99852e-17 0 0 
1364.35 0.0148496 -3.85485 -6.20572e-05 -2.45978 1.26433e+18 8.88144e-05 1260 162.8 -0.454847 0 0 -0.04184 0 0 -116.093 0 0 -2.06574e-17 0 0 
1365.3 0.0148495 -3.85485 -6.21005e-05 -2.46063 1.26433e+18 9.17787e-05 1260 162.8 -0.454847 0 0 -0.04184 0 0 -116.093 0 0 -2.13476e-17 0 0 
1366.25 0.0148495 -3.85485 -6.21435e-05 -2.46147 1.26433e+18 9.48214e-05 1260 162.8 -0.454847 0 0 -0.04184 0 0 -116.093 0 0 -2.20559e-17 0 0 
1367.19 0.0148494 -3.85485 -6.21863e-05 -2.46231 1.26433e+18 9.7944e-05 1260 162.8 -0.454847 0 0 -0.04184 0 0 -116.093 0 0 -2.27829e-17 0 0 
1368.12 0.0148494 -3.85485 -6.22287e-05 -2.46314 1.26433e+18 0.000101148 1260 162.8 -0.454847 0 0 -0.04184 0 0 -116.093 0 0 -2.35288e-17 0 0 
1369.05 0.0148494 -3.85485 -6.22709e-05 -2.46397 1.26433e+18 0.000104434 1260 162.8 -0.454847 0 0 -0.04184 0 0 -116.093 0 0 -2.42938e-17 0 0 
1369.97 0.0148493 -3.85485 -6.23128e-05 -2.46479 1.26433e+18 0.000107805 1260 162.8 -0.454847 0 0 -0.04184 0 0 -116.093 0 0 -2.50785e-17 0 0 
1370.89 0.0148493 -3.85485 -6.23544e-05 -2.4656 1.26433e+18 0.000111261 1260 162.8 -0.454847 0 0 -0.04184 0 0 -116.093 0 0 -2.5883e-17 0 0 
1371.8 0.0148492 -3.85485 -6.23957e-05 -2.46641 1.26433e+18 0.000114804 1260 162.8 -0.454847 0 0 -0.04184 0 0 -116.093 0 0 -2.67077e-17 0 0 
1372.7 0.0148492 -3.85485 -6.24368e-05 -2.46722 1.26433e+18 0.000118435 1260 162.8 -0.454847 0 0 -0.04184 0 0 -116.093 0 0 -2.7553e-17 0 0 
1373.6 0.0148491 -3.85485 -6.24776e-05 -2.46802 1.26433e+18 0.000122156 1260 162.8 -0.454847 0 0 -0.04184 0 0 -116.093 0 0 -2.84191e-17 0 0 
1374.49 0.0148491 -3.85485 -6.25181e-05 -2.46881 1.26433e+18 0.000125969 1260 162.8 -0.454847 0 0 -0.04184 0 0 -116.093 0 0 -2.93065e-17 0 0 
1375.37 0.0148491 -3.85485 -6.25584e-05 -2.4696 1.26433e+18 0.000129874 1260 162.8 -0.454847 0 0 -0.04184 0 0 -116.093 0 0 -3.02154e-17 0 0 
1376.25 0.014849 -3.85485 -6.25984e-05 -2.47039 1.26433e+18 0.000133873 1260 162.8 -0.454847 0 0 -0.04184 0 0 -116.093 0 0 -3.11462e-17 0 0 
1377.12 0.014849 -3.85485 -6.26381e-05 -2.47117 1.26433e+18 0.000137967 1260 162.8 -0.454847 0 0 -0.04184 0 0 -116.093 0 0 -3.20992e-17 0 0 
1377.99 0.0148489 -3.85485 -6.26776e-05 -2.47194 1.26433e+18 0.000142159 1260 162.8 -0.454847 0 0 -0.04184 0 0 -116.093 0 0 -3.30748e-17 0 0 
1378.85 0.0148489 -3.85485 -6.27168e-05 -2.47271 1.26433e+18 0.000146449 1260 162.8 -0.454847 0 0 -0.04184 0 0 -116.093 0 0 -3.40732e-17 0 0 
1379.71 0.0148489 -3.85485 -6.27557e-05 -2.47347 1.26433e+18 0.000150838 1260 162.8 -0.454847 0 0 -0.04184 0 0 -116.093 0 0 -3.50949e-17 0 0 
1380.56 0.0148488 -3.85485 -6.27944e-05 -2.47423 1.26433e+18 0.00015533 1260 162.8 -0.454847 0 0 -0.04184 0 0 -116.093 0 0 -3.61401e-17 0 0 
1381.41 0.0148488 -3.85485 -6.28328e-05 -2.47498 1.26433e+18 0.000159923 1260 162.8 -0.454847 0 0 -0.04184 0 0 -116.093 0 0 -3.72093e-17 0 0 
1382.24 0.0148488 -3.85485 -6.2871e-05 -2.47573 1.26433e+18 0.000164621 1260 162.8 -0.454847 0 0 -0.04184 0 0 -116.093 0 0 -3.83027e-17 0 0 
1383.08 0.0148487 -3.85485 -6.29089e-05 -2.47648 1.26433e+18 0.000169425 1260 162.8 -0.454847 0 0 -0.04184 0 0 -116.093 0 0 -3.94206e-17 0 0 
1383.91 0.0148487 -3.85485 -6.29466e-05 -2.47721 1.26433e+18 0.000174335 1260 162.8 -0.454847 0 0 -0.04184 0 0 -116.093 0 0 -4.05634e-17 0 0 
1384.73 0.0148486 -3.85485 -6.2984e-05 -2.47795 1.26433e+18 0.000179355 1260 162.8 -0.454847 0 0 -0.04184 0 0 -116.093 0 0 -4.17315e-17 0 0 
1385.55 0.0148486 -3.85485 -6.30212e-05 -2.47868 1.26433e+18 0.000184484 1260 162.8 -0.454847 0 0 -0.04184 0 0 -116.093 0 0 -4.29252e-17 0 0 
1386.36 0.0148486 -3.85485 -6.30581e-05 -2.4794 1.26433e+18 0.000189724 1260 162.8 -0.454847 0 0 -0.04184 0 0 -116.093 0 0 -4.41447e-17 0 0 
1387.16 0.0148485 -3.85485 -6.30948e-05 -2.48012 1.26433e+18 0.000195077 1260 162.8 -0.454847 0 0 -0.04184 0 0 -116.093 0 0 -4.53905e-17 0 0 
1387.97 0.0148485 -3.85485 -6.31313e-05 -2.48084 1.26433e+18 0.000200544 1260 162.8 -0.454847 0 0 -0.04184 0 0 -116.093 0 0 -4.66628e-17 0 0 
1388.76 0.0148485 -3.85485 -6.31675e-05 -2.48155 1.26433e+18 0.000206127 1260 162.8 -0.454847 0 0 -0.04184 0 0 -116.093 0 0 -4.7962e-17 0 0 
1389.55 0.0148484 -3.85486 -6.32034e-05 -2.48225 1.26433e+18 0.000211827 1260 162.8 -0.454847 0 0 -0.04184 0 0 -116.093 0 0 -4.92884e-17 0 0 
1390.34 0.0148484 -3.85486 -6.32391e-05 -2.48295 1.26433e+18 0.000217645 1260 162.8 -0.454847 0 0 -0.04184 0 0 -116.093 0 0 -5.06424e-17 0 0 
1391.12 0.0148483 -3.85486 -6.32746e-05 -2.48365 1.26433e+18 0.000223583 1260 162.8 -0.454847 0 0 -0.04184 0 0 -116.093 0 0 -5.20242e-17 0 0 
1391.89 0.0148483 -3.85486 -6.33099e-05 -2.48434 1.26433e+18 0.000229642 1260 162.8 -0.454847 0 0 -0.04184 0 0 -116.093 0 0 -5.34343e-17 0 0 
1392.66 0.0148483 -3.85486 -6.33449e-05 -2.48502 1.26433e+18 0.000235824 1260 162.8 -0.454847 0 0 -0.04184 0 0 -116.093 0 0 -5.48728e-17 0 0 
1393.43 0.0148482 -3.85486 -6.33797e-05 -2.48571 1.26433e+18 0.000242129 1260 162.8 -0.454847 0 0 -0.04184 0 0 -116.093 0 0 -5.63401e-17 0 0 
1394.19 0.0148482 -3.85486 -6.34143e-05 -2.48638 1.26433e+18 0.00024856 1260 162.8 -0.454847 0 0 -0.04184 0 0 -116.093 0 0 -5.78366e-17 0 0 
1394.94 0.0148482 -3.85486 -6.34486e-05 -2.48706 1.26433e+18 0.000255117 1260 162.8 -0.454847 0 0 -0.04184 0 0 -116.093 0 0 -5.93625e-17 0 0 
1395.69 0.0148481 -3.85486 -6.34827e-05 -2.48773 1.26433e+18 0.000261803 1260 162.8 -0.454847 0 0 -0.04184 0 0 -116.093 0 0 -6.09182e-17 0 0 
1396.44 0.0148481 -3.85486 -6.35166e-05 -2.48839 1.26433e+18 0.000268617 1260 162.8 -0.454847 0 0 -0.04184 0 0 -116.093 0 0 -6.2504e-17 0 0 
1397.18 0.0148481 -3.85486 -6.35502e-05 -2.48905 1.26433e+18 0.000275562 1260 162.8 -0.454847 0 0 -0.04184 0 0 -116.093 0 0 -6.41201e-17 0 0 
1397.91 0.014848 -3.85486 -6.35836e-05 -2.48971 1.26433e+18 0.000282639 1260 162.8 -0.454847 0 0 -0.04184 0 0 -116.093 0 0 -6.57669e-17 0 0 
1398.64 0.014848 -3.85486 -6.36169e-05 -2.49036 1.26433e+18 0.000289849 1260 162.8 -0.454847 0 0 -0.04184 0 0 -116.093 0 0 -6.74447e-17 0 0 
1399.37 0.014848 -3.85486 -6.36498e-05 -2.491 1.26433e+18 0.000297194 1260 162.8 -0.454847 0 0 -0.04184 0 0 -116.093 0 0 -6.91538e-17 0 0 
1400.09 0.0148479 -3.85486 -6.36826e-05 -2.49165 1.26433e+18 0.000304674 1260 162.8 -0.454847 0 0 -0.04184 0 0 -116.093 0 0 -7.08944e-17 0 0 
1400.8 0.0148479 -3.85486 -6.37152e-05 -2.49229 1.26433e+18 0.000312291 1260 162.8 -0.454847 0 0 -0.04184 0 0 -116.093 0 0 -7.26669e-17 0 0 
1401.51 0.0148479 -3.85486 -6.37475e-05 -2.49292 1.26433e+18 0.000320046 1260 162.8 -0.454847 0 0 -0.04184 0 0 -116.093 0 0 -7.44715e-17 0 0 
1402.22 0.0148478 -3.85486 -6.37796e-05 -2.49355 1.26433e+18 0.000327941 1260 162.8 -0.454847 0 0 -0.04184 0 0 -116.093 0 0 -7.63086e-17 0 0 
1402.92 0.0148478 -3.85486 -6.38116e-05 -2.49418 1.26433e+18 0.000335976 1260 162.8 -0.454847 0 0 -0.04184 0 0 -116.093 0 0 -7.81784e-17 0 0 
1403.62 0.0148478 -3.85486 -6.38433e-05 -2.4948 1.26433e+18 0.000344154 1260 162.8 -0.454847 0 0 -0.04184 0 0 -116.093 0 0 -8.00811e-17 0 0 
1404.31 0.0148477 -3.85486 -6.38748e-05 -2.49542 1.26433e+18 0.000352474 1260 162.8 -0.454847 0 0 -0.04184 0 0 -116.093 0 0 -8.20172e-17 0 0 
1405 0.0148477 -3.85486 -6.3906e-05 -2.49603 1.26433e+18 0.000360938 1260 162.8 -0.454847 0 0 -0.04184 0 0 -116.093 0 0 -8.39868e-17 0 0 
1405.68 0.0148477 -3.85486 -6.39371e-05 -2.49664 1.26433e+18 0.000369547 1260 162.8 -0.454847 0 0 -0.04184 0 0 -116.093 0 0 -8.59901e-17 0 0 
1406.36 0.0148477 -3.85486 -6.3968e-05 -2.49724 1.26433e+18 0.000378303 1260 162.8 -0.454847 0 0 -0.04184 0 0 -116.093 0 0 -8.80275e-17 0 0 
1407.04 0.0148476 -3.85486 -6.39987e-05 -2.49784 1.26433e+18 0.000387207 1260 162.8 -0.454847 0 0 -0.04184 0 0 -116.093 0 0 -9.00993e-17 0 0 
1407.71 0.0148476 -3.85486 -6.40291e-05 -2.49844 1.26433e+18 0.000396259 1260 162.8 -0.454847 0 0 -0.04184 0 0 -116.093 0 0 -9.22056e-17 0 0 
1408.37 0.0148476 -3.85486 -6.40594e-05 -2.49904 1.26433e+18 0.00040546 1260 162.8 -0.454847 0 0 -0.04184 0 0 -116.093 0 0 -9.43467e-17 0 0 
1409.03 0.0148475 -3.85486 -6.40894e-05 -2.49963 1.26433e+18 0.000414812 1260 162.8 -0.454847 0 0 -0.04184 0 0 -116.093 0 0 -9.65229e-17 0 0 
1409.69 0.0148475 -3.85486 -6.41193e-05 -2.50021 1.26433e+18 0.000424316 1260 162.8 -0.454847 0 0 -0.04184 0 0 -116.093 0 0 -9.87344e-17 0 0 
1410.34 0.0148475 -3.85486 -6.4149e-05 -2.50079 1.26433e+18 0.000433973 1260 162.8 -0.454847 0 0 -0.04184 0 0 -116.093 0 0 -1.00981e-16 0 0 
1410.99 0.0148474 -3.85486 -6.41784e-05 -2.50137 1.26433e+18 0.000443784 1260 162.8 -0.454847 0 0 -0.04184 0 0 -116.093 0 0 -1.03264e-16 0 0 
1411.63 0.0148474 -3.85486 -6.42077e-05 -2.50194 1.26433e+18 0.000453749 1260 162.8 -0.454847 0 0 -0.04184 0 0 -116.093 0 0 -1.05583e-16 0 0 
1412.27 0.0148474 -3.85486 -6.42368e-05 -2.50252 1.26433e+18 0.00046387 1260 162.8 -0.454847 0 0 -0.04184 0 0 -116.093 0 0 -1.07938e-16 0 0 
1412.91 0.0148474 -3.85486 -6.42657e-05 -2.50308 1.26433e+18 0.000474147 1260 162.8 -0.454847 0 0 -0.04184 0 0 -116.093 0 0 -1.10329e-16 0 0 
1413.54 0.0148473 -3.85486 -6.42944e-05 -2.50364 1.26433e+18 0.000484582 1260 162.8 -0.454847 0 0 -0.04184 0 0 -116.093 0 0 -1.12757e-16 0 0 
1414.17 0.0148473 -3.85486 -6.43229e-05 -2.5042 1.26433e+18 0.000495175 1260 162.8 -0.454847 0 0 -0.04184 0 0 -116.093 0 0 -1.15222e-16 0 0 
1414.79 0.0148473 -3.85486 -6.43512e-05 -2.50476 1.26433e+18 0.000505928 1260 162.8 -0.454847 0 0 -0.04184 0 0 -116.093 0 0 -1.17724e-16 0 0 
1415.41 0.0148472 -3.85486 -6.43794e-05 -2.50531 1.26433e+18 0.00051684 1260 162.8 -0.454847 0 0 -0.04184 0 0 -116.093 0 0 -1.20263e-16 0 0 
1416.02 0.0148472 -3.85486 -6.44073e-05 -2.50586 1.26433e+18 0.000527914 1260 162.8 -0.454847 0 0 -0.04184 0 0 -116.093 0 0 -1.2284e-16 0 0 
1416.63 0.0148472 -3.85486 -6.44351e-05 -2.5064 1.26433e+18 0.000539149 1260 162.8 -0.454847 0 0 -0.04184 0 0 -116.093 0 0 -1.25454e-16 0 0 
1417.24 0.0148472 -3.85486 -6.44626e-05 -2.50694 1.26433e+18 0.000550546 1260 162.8 -0.454847 0 0 -0.04184 0 0 -116.093 0 0 -1.28106e-16 0 0 
1417.84 0.0148471 -3.85486 -6.449e-05 -2.50748 1.26433e+18 0.000562107 1260 162.8 -0.454847 0 0 -0.04184 0 0 -116.093 0 0 -1.30796e-16 0 0 
1418.44 0.0148471 -3.85486 -6.45172e-05 -2.50802 1.26433e+18 0.000573831 1260 162.8 -0.454847 0 0 -0.04184 0 0 -116.093 0 0 -1.33524e-16 0 0 
1419.03 0.0148471 -3.85486 -6.45443e-05 -2.50855 1.26433e+18 0.00058572 1260 162.8 -0.454847 0 0 -0.04184 0 0 -116.093 0 0 -1.36291e-16 0 0 
1419.62 0.0148471 -3.85486 -6.45711e-05 -2.50907 1.26433e+18 0.000597774 1260 162.8 -0.454847 0 0 -0.04184 0 0 -116.093 0 0 -1.39096e-16 0 0 
1420.21 0.014847 -3.85486 -6.45978e-05 -2.5096 1.26433e+18 0.000609995 1260 162.8 -0.454847 0 0 -0.04184 0 0 -116.093 0 0 -1.41939e-16 0 0 
1420.79 0.014847 -3.85486 -6.46243e-05 -2.51011 1.26433e+18 0.000622381 1260 162.8 -0.454847 0 0 -0.04184 0 0 -116.093 0 0 -1.44821e-16 0 0 
1421.37 0.014847 -3.85486 -6.46506e-05 -2.51063 1.26433e+18 0.000634935 1260 162.8 -0.454847 0 0 -0.04184 0 0 -116.093 0 0 -1.47742e-16 0 0 
1421.95 0.0148469 -3.85486 -6.46768e-05 -2.51114 1.26433e+18 0.000647657 1260 162.8 -0.454847 0 0 -0.04184 0 0 -116.093 0 0 -1.50702e-16 0 0 
1422.52 0.0148469 -3.85486 -6.47028e-05 -2.51165 1.26433e+18 0.000660546 1260 162.8 -0.454847 0 0 -0.04184 0 0 -116.093 0 0 -1.53701e-16 0 0 
1423.08 0.0148469 -3.85486 -6.47286e-05 -2.51216 1.26433e+18 0.000673605 1260 162.8 -0.454847 0 0 -0.04184 0 0 -116.093 0 0 -1.5674e-16 0 0 
1423.65 0.0148469 -3.85486 -6.47542e-05 -2.51266 1.26433e+18 0.000686832 1260 162.8 -0.454847 0 0 -0.04184 0 0 -116.093 0 0 -1.59818e-16 0 0 
1424.21 0.0148468 -3.85486 -6.47797e-05 -2.51316 1.26433e+18 0.00070023 1260 162.8 -0.454847 0 0 -0.04184 0 0 -116.093 0 0 -1.62935e-16 0 0 
1424.76 0.0148468 -3.85486 -6.4805e-05 -2.51366 1.26433e+18 0.000713797 1260 162.8 -0.454847 0 0 -0.04184 0 0 -116.093 0 0 -1.66092e-16 0 0 
1425.32 0.0148468 -3.85486 -6.48301e-05 -2.51415 1.26433e+18 0.000727535 1260 162.8 -0.454847 0 0 -0.04184 0 0 -116.093 0 0 -1.69289e-16 0 0 
1425.87 0.0148468 -3.85486 -6.48551e-05 -2.51464 1.26433e+18 0.000741444 1260 162.8 -0.454847 0 0 -0.04184 0 0 -116.093 0 0 -1.72525e-16 0 0 
1426.41 0.0148467 -3.85486 -6.48799e-05 -2.51513 1.26433e+18 0.000755524 1260 162.8 -0.454848 0 0 -0.04184 0 0 -116.093 0 0 -1.75801e-16 0 0 
1426.95 0.0148467 -3.85486 -6.49045e-05 -2.51561 1.26433e+18 0.000769776 1260 162.8 -0.454848 0 0 -0.04184 0 0 -116.093 0 0 -1.79117e-16 0 0 
1427.49 0.0148467 -3.85486 -6.4929e-05 -2.51609 1.26433e+18 0.0007842 1260 162.8 -0.454848 0 0 -0.04184 0 0 -116.093 0 0 -1.82473e-16 0 0 
1428.02 0.0148467 -3.85486 -6.49533e-05 -2.51657 1.26433e+18 0.000798796 1260 162.8 -0.454848 0 0 -0.04184 0 0 -116.093 0 0 -1.85869e-16 0 0 
1428.56 0.0148466 -3.85486 -6.49775e-05 -2.51704 1.26433e+18 0.000813564 1260 162.8 -0.454848 0 0 -0.04184 0 0 -116.093 0 0 -1.89306e-16 0 0 
1429.08 0.0148466 -3.85486 -6.50014e-05 -2.51751 1.26433e+18 0.000828505 1260 162.8 -0.454848 0 0 -0.04184 0 0 -116.093 0 0 -1.92782e-16 0 0 
1429.61 0.0148466 -3.85486 -6.50253e-05 -2.51798 1.26433e+18 0.000843619 1260 162.8 -0.454848 0 0 -0.04184 0 0 -116.093 0 0 -1.96299e-16 0 0 
1430.13 0.0148466 -3.85486 -6.50489e-05 -2.51844 1.26433e+18 0.000858905 1260 162.8 -0.454849 0 0 -0.04184 0 0 -116.093 0 0 -1.99856e-16 0 0 
1430.64 0.0148465 -3.85486 -6.50725e-05 -2.5189 1.26433e+18 0.000874365 1260 162.8 -0.454849 0 0 -0.04184 0 0 -116.093 0 0 -2.03453e-16 0 0 
1431.16 0.0148465 -3.85486 -6.50958e-05 -2.51936 1.26433e+18 0.000889999 1260 162.8 -0.454849 0 0 -0.04184 0 0 -116.093 0 0 -2.0709e-16 0 0 
1431.67 0.0148465 -3.85486 -6.5119e-05 -2.51982 1.26433e+18 0.000905805 1260 162.8 -0.45485 0 0 -0.04184 0 0 -116.093 0 0 -2.10768e-16 0 0 
1432.18 0.0148465 -3.85486 -6.51421e-05 -2.52027 1.26433e+18 0.000921785 1260 162.8 -0.45485 0 0 -0.04184 0 0 -116.093 0 0 -2.14486e-16 0 0 
1432.68 0.0148465 -3.85486 -6.5165e-05 -2.52072 1.26433e+18 0.000937938 1260 162.8 -0.454851 0 0 -0.04184 0 0 -116.093 0 0 -2.18245e-16 0 0 
1433.18 0.0148464 -3.85486 -6.51877e-05 -2.52116 1.26433e+18 0.000954265 1260 162.8 -0.454851 0 0 -0.04184 0 0 -116.093 0 0 -2.22044e-16 0 0 
1433.68 0.0148464 -3.85486 -6.52103e-05 -2.52161 1.26433e+18 0.000970765 1260 162.8 -0.454852 0 0 -0.04184 0 0 -116.093 0 0 -2.25883e-16 0 0 
1434.17 0.0148464 -3.85486 -6.52328e-05 -2.52205 1.26433e+18 0.000987439 1260 162.8 -0.454853 0 0 -0.04184 0 0 -116.093 0 0 -2.29762e-16 0 0 
1434.66 0.0148464 -3.85486 -6.52551e-05 -2.52249 1.26433e+18 0.00100429 1260 162.8 -0.454855 0 0 -0.04184 0 0 -116.093 0 0 -2.33682e-16 0 0 
1435.15 0.0148463 -3.85486 -6.52772e-05 -2.52292 1.26433e+18 0.00102131 1260 162.8 -0.454856 0 0 -0.04184 0 0 -116.093 0 0 -2.37642e-16 0 0 
1435.63 0.0148463 -3.85486 -6.52993e-05 -2.52335 1.26433e+18 0.0010385 1260 162.8 -0.454858 0 0 -0.04184 0 0 -116.093 0 0 -2.41643e-16 0 0 
1436.11 0.0148463 -3.85486 -6.53211e-05 -2.52378 1.26433e+18 0.00105586 1260 162.8 -0.45486 0 0 -0.04184 0 0 -116.093 0 0 -2.45683e-16 0 0 
1436.59 0.0148463 -3.85486 -6.53428e-05 -2.52421 1.26433e+18 0.0010734 1260 162.8 -0.454863 0 0 -0.04184 0 0 -116.093 0 0 -2.49764e-16 0 0 
1437.06 0.0148463 -3.85486 -6.53644e-05 -2.52463 1.26433e+18 0.00109111 1260 162.8 -0.454866 0 0 -0.04184 0 0 -116.093 0 0 -2.53885e-16 0 0 
1437.53 0.0148462 -3.85486 -6.53858e-05 -2.52505 1.26433e+18 0.001109 1260 162.8 -0.45487 0 0 -0.04184 0 0 -116.093 0 0 -2.58046e-16 0 0 
1438 0.0148462 -3.85486 -6.54071e-05 -2.52547 1.26433e+18 0.00112705 1260 162.8 -0.454874 0 0 -0.04184 0 0 -116.093 0 0 -2.62247e-16 0 0 
1438.47 0.0148462 -3.85486 -6.54283e-05 -2.52588 1.26433e+18 0.00114528 1260 162.8 -0.454879 0 0 -0.04184 0 0 -116.093 0 0 -2.66488e-16 0 0 
1438.93 0.0148462 -3.85486 -6.54493e-05 -2.52629 1.26433e+18 0.00116367 1260 162.8 -0.454886 0 0 -0.04184 0 0 -116.093 0 0 -2.70768e-16 0 0 
1439.39 0.0148462 -3.85486 -6.54702e-05 -2.5267 1.26433e+18 0.00118224 1260 162.8 -0.454893 0 0 -0.04184 0 0 -116.093 0 0 -2.75089e-16 0 0 
1439.84 0.0148461 -3.85486 -6.54909e-05 -2.52711 1.26433e+18 0.00120098 1260 162.8 -0.454902 0 0 -0.04184 0 0 -116.093 0 0 -2.79449e-16 0 0 
1440.3 0.0148461 -3.85486 -6.55115e-05 -2.52751 1.26433e+18 0.00121989 1260 162.8 -0.454912 0 0 -0.04184 0 0 -116.093 0 0 -2.83849e-16 0 0 
1440.75 0.0148461 -3.85486 -6.55319e-05 -2.52791 1.26433e+18 0.00123897 1260 162.8 -0.454924 0 0 -0.04184 0 0 -116.093 0 0 -2.88288e-16 0 0 
1441.19 0.0148461 -3.85486 -6.55523e-05 -2.52831 1.26433e+18 0.00125822 1260 162.8 -0.454938 0 0 -0.04184 0 0 -116.093 0 0 -2.92767e-16 0 0 
1441.64 0.014846 -3.85486 -6.55725e-05 -2.52871 1.26433e+18 0.00127764 1260 162.8 -0.454955 0 0 -0.04184 0 0 -116.093 0 0 -2.97284e-16 0 0 
1442.08 0.014846 -3.85486 -6.55925e-05 -2.5291 1.26433e+18 0.00129722 1260 162.8 -0.454975 0 0 -0.04184 0 0 -116.093 0 0 -3.01841e-16 0 0 
1442.52 0.014846 -3.85486 -6.56124e-05 -2.52949 1.26433e+18 0.00131697 1260 162.8 -0.454998 0 0 -0.04184 0 0 -116.093 0 0 -3.06437e-16 0 0 
1442.95 0.014846 -3.85486 -6.56322e-05 -2.52988 1.26433e+18 0.00133689 1260 162.8 -0.455025 0 0 -0.04184 0 0 -116.093 0 0 -3.11072e-16 0 0 
1443.38 0.014846 -3.85486 -6.56519e-05 -2.53027 1.26433e+18 0.00135698 1260 162.8 -0.455057 0 0 -0.04184 0 0 -116.093 0 0 -3.15746e-16 0 0 
1443.81 0.0148459 -3.85486 -6.56714e-05 -2.53065 1.26433e+18 0.00137723 1260 162.8 -0.455094 0 0 -0.04184 0 0 -116.093 0 0 -3.20458e-16 0 0 
1444.24 0.0148459 -3.85486 -6.56908e-05 -2.53103 1.26433e+18 0.00139765 1260 162.8 -0.455138 0 0 -0.04184 0 0 -116.093 0 0 -3.25209e-16 0 0 
1444.66 0.0148459 -3.85486 -6.57101e-05 -2.53141 1.26433e+18 0.00141823 1260 162.8 -0.455189 0 0 -0.04184 0 0 -116.093 0 0 -3.29998e-16 0 0 
1445.08 0.0148459 -3.85486 -6.57292e-05 -2.53178 1.26433e+18 0.00143898 1260 162.8 -0.455248 0 0 -0.04184 0 0 -116.093 0 0 -3.34825e-16 0 0 
1445.5 0.0148459 -3.85486 -6.57482e-05 -2.53216 1.26433e+18 0.00145989 1260 162.8 -0.455317 0 0 -0.04184 0 0 -116.093 0 0 -3.3969e-16 0 0 
1445.92 0.0148459 -3.85486 -6.57671e-05 -2.53253 1.26433e+18 0.00148096 1260 162.8 -0.455398 0 0 -0.04184 0 0 -116.093 0 0 -3.44593e-16 0 0 
1446.33 0.0148458 -3.85486 -6.57859e-05 -2.53289 1.26433e+18 0.0015022 1260 162.8 -0.455492 0 0 -0.04184 0 0 -116.093 0 0 -3.49534e-16 0 0 
1446.74 0.0148458 -3.85486 -6.58045e-05 -2.53326 1.26433e+18 0.00152359 1260 162.8 -0.455601 0 0 -0.04184 0 0 -116.093 0 0 -3.54512e-16 0 0 
1447.15 0.0148458 -3.85486 -6.58231e-05 -2.53362 1.26433e+18 0.00154515 1260 162.8 -0.455728 0 0 -0.04184 0 0 -116.093 0 0 -3.59527e-16 0 0 
1447.55 0.0148458 -3.85486 -6.58415e-05 -2.53398 1.26433e+18 0.00156686 1260 162.8 -0.455875 0 0 -0.04184 0 0 -116.093 0 0 -3.6458e-16 0 0 
1447.95 0.0148458 -3.85486 -6.58597e-05 -2.53434 1.26433e+18 0.00158873 1260 162.8 -0.456045 0 0 -0.04184 0 0 -116.093 0 0 -3.69669e-16 0 0 
1448.35 0.0148457 -3.85486 -6.58779e-05 -2.5347 1.26433e+18 0.00161076 1260 162.8 -0.456242 0 0 -0.04184 0 0 -116.093 0 0 -3.74795e-16 0 0 
1448.75 0.0148457 -3.85486 -6.58959e-05 -2.53505 1.26433e+18 0.00163295 1260 162.8 -0.456469 0 0 -0.04184 0 0 -116.093 0 0 -3.79957e-16 0 0 
1449.14 0.0148457 -3.85486 -6.59138e-05 -2.5354 1.26433e+18 0.00165529 1260 162.8 -0.456732 0 0 -0.04184 0 0 -116.093 0 0 -3.85156e-16 0 0 
1449.53 0.0148457 -3.85486 -6.59316e-05 -2.53575 1.26433e+18 0.00167779 1260 162.8 -0.457036 0 0 -0.04184 0 0 -116.093 0 0 -3.90391e-16 0 0 
1449.92 0.0148457 -3.85486 -6.59493e-05 -2.5361 1.26433e+18 0.00170044 1260 162.8 -0.457385 0 0 -0.04184 0 0 -116.093 0 0 -3.95661e-16 0 0 
1450.31 0.0148457 -3.85486 -6.59669e-05 -2.53644 1.26433e+18 0.00172325 1260 162.8 -0.457788 0 0 -0.04184 0 0 -116.093 0 0 -4.00967e-16 0 0 
1450.69 0.0148456 -3.85486 -6.59843e-05 -2.53679 1.26433e+18 0.00174621 1260 162.8 -0.458251 0 0 -0.04184 0 0 -116.093 0 0 -4.06309e-16 0 0 
1451.07 0.0148456 -3.85486 -6.60017e-05 -2.53713 1.26433e+18 0.00176931 1260 162.8 -0.458784 0 0 -0.04184 0 0 -116.093 0 0 -4.11685e-16 0 0 
1451.45 0.0148456 -3.85486 -6.60189e-05 -2.53746 1.26433e+18 0.00179257 1260 162.8 -0.459395 0 0 -0.04184 0 0 -116.093 0 0 -4.17097e-16 0 0 
1451.83 0.0148456 -3.85486 -6.6036e-05 -2.5378 1.26433e+18 0.00181598 1260 162.8 -0.460097 0 0 -0.04184 0 0 -116.093 0 0 -4.22543e-16 0 0 
1452.2 0.0148456 -3.85486 -6.6053e-05 -2.53813 1.26433e+18 0.00183953 1260 162.8 -0.460901 0 0 -0.04184 0 0 -116.093 0 0 -4.28023e-16 0 0 
1452.57 0.0148455 -3.85486 -6.60698e-05 -2.53846 1.26433e+18 0.00186323 1260 162.8 -0.461821 0 0 -0.04184 0 0 -116.093 0 0 -4.33538e-16 0 0 
1452.94 0.0148455 -3.85486 -6.60866e-05 -2.53879 1.26433e+18 0.00188708 1260 162.8 -0.462874 0 0 -0.04184 0 0 -116.093 0 0 -4.39086e-16 0 0 
1453.31 0.0148455 -3.85486 -6.61033e-05 -2.53912 1.26433e+18 0.00191107 1260 162.8 -0.464077 0 0 -0.04184 0 0 -116.093 0 0 -4.44668e-16 0 0 
1453.67 0.0148455 -3.85486 -6.61198e-05 -2.53944 1.26433e+18 0.00193521 1260 162.8 -0.465451 0 0 -0.04184 0 0 -116.093 0 0 -4.50284e-16 0 0 
1454.03 0.0148455 -3.85486 -6.61362e-05 -2.53977 1.26433e+18 0.00195948 1260 162.8 -0.467018 0 0 -0.04184 0 0 -116.093 0 0 -4.55932e-16 0 0 
1454.39 0.0148455 -3.85486 -6.61526e-05 -2.54009 1.26433e+18 0.0019839 1260 162.8 -0.468804 0 0 -0.04184 0 0 -116.093 0 0 -4.61614e-16 0 0 
1454.75 0.0148454 -3.85486 -6.61688e-05 -2.5404 1.26433e+18 0.00200846 1260 162.8 -0.470837 0 0 -0.04184 0 0 -116.093 0 0 -4.67327e-16 0 0 
1455.1 0.0148454 -3.85486 -6.61849e-05 -2.54072 1.26433e+18 0.00203315 1260 162.8 -0.473151 0 0 -0.04184 0 0 -116.093 0 0 -4.73073e-16 0 0 
1455.45 0.0148454 -3.85486 -6.62009e-05 -2.54103 1.26433e+18 0.00205799 1260 162.8 -0.47578 0 0 -0.04184 0 0 -116.093 0 0 -4.78851e-16 0 0 
1455.8 0.0148454 -3.85486 -6.62168e-05 -2.54135 1.26433e+18 0.00208296 1260 162.8 -0.478766 0 0 -0.04184 0 0 -116.093 0 0 -4.84661e-16 0 0 
1456.15 0.0148454 -3.85486 -6.62326e-05 -2.54166 1.26433e+18 0.00210806 1260 162.8 -0.482154 0 0 -0.04184 0 0 -116.093 0 0 -4.90502e-16 0 0 
1456.5 0.0148454 -3.85486 -6.62483e-05 -2.54196 1.26433e+18 0.0021333 1260 162.8 -0.485994 0 0 -0.04184 0 0 -116.093 0 0 -4.96374e-16 0 0 
1456.84 0.0148453 -3.85486 -6.62639e-05 -2.54227 1.26433e+18 0.00215867 1260 162.8 -0.490344 0 0 -0.04184 0 0 -116.093 0 0 -5.02277e-16 0 0 
1457.18 0.0148453 -3.85486 -6.62793e-05 -2.54257 1.26433e+18 0.00218417 1260 162.8 -0.495266 0 0 -0.04184 0 0 -116.093 0 0 -5.0821e-16 0 0 
1457.52 0.0148453 -3.85486 -6.62947e-05 -2.54287 1.26433e+18 0.0022098 1260 162.8 -0.500831 0 0 -0.04184 0 0 -116.093 0 0 -5.14173e-16 0 0 
1457.85 0.0148453 -3.85486 -6.631e-05 -2.54317 1.26433e+18 0.00223555 1260 162.8 -0.507118 0 0 -0.04184 0 0 -116.093 0 0 -5.20167e-16 0 0 
1458.19 0.0148453 -3.85486 -6.63252e-05 -2.54347 1.26433e+18 0.00226144 1260 162.8 -0.514214 0 0 -0.04184 0 0 -116.093 0 0 -5.26189e-16 0 0 
1458.52 0.0148453 -3.85486 -6.63402e-05 -2.54377 1.26433e+18 0.00228745 1260 162.8 -0.522217 0 0 -0.04184 0 0 -116.093 0 0 -5.32241e-16 0 0 
1458.85 0.0148452 -3.85486 -6.63552e-05 -2.54406 1.26433e+18 0.00231358 1260 162.8 -0.531234 0 0 -0.04184 0 0 -116.093 0 0 -5.38322e-16 0 0 
1459.17 0.0148452 -3.85486 -6.63701e-05 -2.54435 1.26433e+18 0.00233984 1260 162.8 -0.541387 0 0 -0.04184 0 0 -116.093 0 0 -5.44431e-16 0 0 
1459.5 0.0148452 -3.85486 -6.63849e-05 -2.54464 1.26433e+18 0.00236622 1260 162.8 -0.552809 0 0 -0.04184 0 0 -116.093 0 0 -5.50569e-16 0 0 
1459.82 0.0148452 -3.85486 -6.63996e-05 -2.54493 1.26433e+18 0.00239272 1260 162.8 -0.565647 0 0 -0.04184 0 0 -116.093 0 0 -5.56735e-16 0 0 
1460.14 0.0148452 -3.85486 -6.64141e-05 -2.54522 1.26433e+18 0.00241934 1260 162.8 -0.580066 0 0 -0.04184 0 0 -116.093 0 0 -5.62928e-16 0 0 
1460.46 0.0148452 -3.85486 -6.64286e-05 -2.5455 1.26433e+18 0.00244607 1260 162.8 -0.596246 0 0 -0.04184 0 0 -116.093 0 0 -5.69148e-16 0 0 
1460.78 0.0148451 -3.85486 -6.6443e-05 -2.54578 1.26433e+18 0.00247292 1260 162.8 -0.61439 0 0 -0.04184 0 0 -116.093 0 0 -5.75395e-16 0 0 
1461.09 0.0148451 -3.85486 -6.64573e-05 -2.54606 1.26433e+18 0.00249988 1260 162.8 -0.634718 0 0 -0.04184 0 0 -116.093 0 0 -5.81669e-16 0 0 
1461.4 0.0148451 -3.85486 -6.64715e-05 -2.54634 1.26433e+18 0.00252696 1260 162.8 -0.657476 0 0 -0.04184 0 0 -116.093 0 0 -5.87969e-16 0 0 
1461.71 0.0148451 -3.85486 -6.64856e-05 -2.54662 1.26433e+18 0.00255415 1260 162.8 -0.682933 0 0 -0.04184 0 0 -116.093 0 0 -5.94295e-16 0 0 
1462.02 0.0148451 -3.85486 -6.64996e-05 -2.54689 1.26433e+18 0.00258145 1260 162.8 -0.711389 0 0 -0.04184 0 0 -116.093 0 0 -6.00647e-16 0 0 
1462.33 0.014845 -3.85486 -6.65136e-05 -2.54717 1.26434e+18 0.00260885 1260 162.8 -0.74317 0 0 -0.04184 0 0 -116.093 0 0 -6.07024e-16 0 0 
1462.63 0.014845 -3.85486 -6.65274e-05 -2.54744 1.26434e+18 0.00263637 1260 162.8 -0.778638 0 0 -0.04184 0 0 -116.093 0 0 -6.13425e-16 0 0 
1462.93 0.014845 -3.85486 -6.65411e-05 -2.54771 1.26434e+18 0.00266398 1260 162.8 -0.818191 0 0 -0.04184 0 0 -116.093 0 0 -6.19851e-16 0 0 
1463.23 0.014845 -3.85486 -6.65548e-05 -2.54797 1.26434e+18 0.0026917 1260 162.8 -0.862265 0 0 -0.04184 0 0 -116.093 0 0 -6.26301e-16 0 0 
1463.53 0.0148449 -3.85486 -6.65683e-05 -2.54824 1.26434e+18 0.00271953 1260 162.8 -0.911341 0 0 -0.04184 0 0 -116.093 0 0 -6.32775e-16 0 0 
1463.83 0.0148449 -3.85486 -6.65818e-05 -2.5485 1.26434e+18 0.00274745 1260 162.8 -0.965943 0 0 -0.04184 0 0 -116.093 0 0 -6.39273e-16 0 0 
1464.12 0.0148449 -3.85486 -6.65952e-05 -2.54877 1.26434e+18 0.00277547 1260 162.8 -1.02665 0 0 -0.04184 0 0 -116.093 0 0 -6.45793e-16 0 0 
1464.41 0.0148448 -3.85486 -6.66085e-05 -2.54903 1.26434e+18 0.0028036 1260 162.8 -1.09409 0 0 -0.04184 0 0 -116.093 0 0 -6.52336e-16 0 0 
1464.7 0.0148448 -3.85486 -6.66217e-05 -2.54929 1.26434e+18 0.00283181 1260 162.8 -1.16896 0 0 -0.04184 0 0 -116.093 0 0 -6.58902e-16 0 0 
1464.99 0.0148448 -3.85486 -6.66348e-05 -2.54954 1.26434e+18 0.00286012 1260 162.8 -1.25202 0 0 -0.04184 0 0 -116.093 0 0 -6.6549e-16 0 0 
1465.28 0.0148447 -3.85486 -6.66478e-05 -2.5498 1.26434e+18 0.00288853 1260 162.8 -1.34409 0 0 -0.04184 0 0 -116.093 0 0 -6.72099e-16 0 0 
1465.56 0.0148447 -3.85486 -6.66608e-05 -2.55005 1.26434e+18 0.00291702 1260 162.8 -1.44608 0 0 -0.04184 0 0 -116.093 0 0 -6.78729e-16 0 0 
1465.85 0.0148447 -3.85486 -6.66736e-05 -2.5503 1.26434e+18 0.0029456 1260 162.8 -1.55897 0 0 -0.04184 0 0 -116.093 0 0 -6.85381e-16 0 0 
1466.13 0.0148446 -3.85486 -6.66864e-05 -2.55055 1.26435e+18 0.00297428 1260 162.8 -1.68384 0 0 -0.04184 0 0 -116.093 0 0 -6.92052e-16 0 0 
1466.41 0.0148446 -3.85486 -6.66991e-05 -2.5508 1.26435e+18 0.00300303 1260 162.8 -1.82187 0 0 -0.04184 0 0 -116.093 0 0 -6.98745e-16 0 0 
1466.68 0.0148445 -3.85486 -6.67117e-05 -2.55105 1.26435e+18 0.00303188 1260 162.8 -1.97433 0 0 -0.04184 0 0 -116.093 0 0 -7.05456e-16 0 0 
1466.96 0.0148445 -3.85486 -6.67242e-05 -2.5513 1.26435e+18 0.0030608 1260 162.8 -2.14262 0 0 -0.04184 0 0 -116.093 0 0 -7.12188e-16 0 0 
1467.23 0.0148444 -3.85486 -6.67366e-05 -2.55154 1.26435e+18 0.00308981 1260 162.8 -2.32824 0 0 -0.04184 0 0 -116.093 0 0 -7.18938e-16 0 0 
1467.5 0.0148443 -3.85486 -6.6749e-05 -2.55178 1.26435e+18 0.0031189 1260 162.8 -2.53285 0 0 -0.04184 0 0 -116.093 0 0 -7.25707e-16 0 0 
1467.77 0.0148443 -3.85486 -6.67613e-05 -2.55202 1.26436e+18 0.00314806 1260 162.8 -2.75822 0 0 -0.04184 0 0 -116.093 0 0 -7.32494e-16 0 0 
1468.04 0.0148442 -3.85486 -6.67735e-05 -2.55226 1.26436e+18 0.0031773 1260 162.8 -3.0063 0 0 -0.04184 0 0 -116.093 0 0 -7.393e-16 0 0 
1468.31 0.0148441 -3.85486 -6.67856e-05 -2.5525 1.26436e+18 0.00320662 1260 162.8 -3.27918 0 0 -0.04184 0 0 -116.093 0 0 -7.46122e-16 0 0 
1468.57 0.014844 -3.85486 -6.67976e-05 -2.55274 1.26437e+18 0.00323601 1260 162.8 -3.57916 0 0 -0.04184 0 0 -116.093 0 0 -7.52962e-16 0 0 
1468.84 0.0148439 -3.85486 -6.68095e-05 -2.55297 1.26437e+18 0.00326547 1260 162.8 -3.90869 0 0 -0.04184 0 0 -116.093 0 0 -7.59819e-16 0 0 
1469.1 0.0148438 -3.85486 -6.68214e-05 -2.5532 1.26437e+18 0.003295 1260 162.8 -4.27045 0 0 -0.04184 0 0 -116.093 0 0 -7.66693e-16 0 0 
1469.36 0.0148437 -3.85486 -6.68332e-05 -2.55343 1.26438e+18 0.00332459 1260 162.8 -4.66733 0 0 -0.04184 0 0 -116.093 0 0 -7.73582e-16 0 0 
1469.61 0.0148436 -3.85486 -6.68449e-05 -2.55366 1.26438e+18 0.00335426 1260 162.8 -5.10244 0 0 -0.04184 0 0 -116.093 0 0 -7.80487e-16 0 0 
1469.87 0.0148434 -3.85486 -6.68566e-05 -2.55389 1.26439e+18 0.00338399 1260 162.8 -5.57917 0 0 -0.04184 0 0 -116.093 0 0 -7.87408e-16 0 0 
1470.12 0.0148433 -3.85486 -6.68681e-05 -2.55412 1.26439e+18 0.00341378 1260 162.8 -6.10116 0 0 -0.04184 0 0 -116.093 0 0 -7.94343e-16 0 0 
1470.38 0.0148431 -3.85486 -6.68796e-05 -2.55434 1.2644e+18 0.00344363 1260 162.8 -6.67233 0 0 -0.04184 0 0 -116.093 0 0 -8.01293e-16 0 0 
1470.63 0.0148429 -3.85486 -6.6891e-05 -2.55457 1.26441e+18 0.00347354 1260 162.8 -7.29693 0 0 -0.04184 0 0 -116.093 0 0 -8.08257e-16 0 0 
1470.88 0.0148428 -3.85486 -6.69023e-05 -2.55479 1.26441e+18 0.00350351 1260 162.8 -7.9795 0 0 -0.04184 0 0 -116.093 0 0 -8.15235e-16 0 0 
1471.12 0.0148425 -3.85486 -6.69136e-05 -2.55501 1.26442e+18 0.00353353 1260 162.8 -8.72497 0 0 -0.04184 0 0 -116.093 0 0 -8.22226e-16 0 0 
1471.37 0.0148423 -3.85486 -6.69248e-05 -2.55523 1.26443e+18 0.00356361 1260 162.8 -9.53862 0 0 -0.04184 0 0 -116.093 0 0 -8.29231e-16 0 0 
1471.61 0.0148421 -3.85486 -6.69359e-05 -2.55545 1.26444e+18 0.00359374 1260 162.8 -10.4261 0 0 -0.04184 0 0 -116.093 0 0 -8.36248e-16 0 0 
1471.86 0.0148418 -3.85486 -6.69469e-05 -2.55567 1.26445e+18 0.00362392 1260 162.8 -11.3936 0 0 -0.04184 0 0 -116.093 0 0 -8.43277e-16 0 0 
1472.1 0.0148415 -3.85486 -6.69579e-05 -2.55588 1.26446e+18 0.00365415 1260 162.8 -12.4477 0 0 -0.04184 0 0 -116.093 0 0 -8.50319e-16 0 0 
1472.34 0.0148412 -3.85486 -6.69688e-05 -2.55609 1.26448e+18 0.00368442 1260 162.8 -13.5952 0 0 -0.04184 0 0 -116.093 0 0 -8.57372e-16 0 0 
1472.57 0.0148409 -3.85486 -6.69796e-05 -2.55631 1.26449e+18 0.00371474 1260 162.8 -14.844 0 0 -0.04184 0 0 -116.093 0 0 -8.64436e-16 0 0 
1472.81 0.0148405 -3.85486 -6.69903e-05 -2.55652 1.2645e+18 0.0037451 1260 162.8 -16.2019 0 0 -0.04184 0 0 -116.093 0 0 -8.71511e-16 0 0 
1473.05 0.0148401 -3.85486 -6.7001e-05 -2.55673 1.26452e+18 0.0037755 1260 162.8 -17.6777 0 0 -0.04184 0 0 -116.093 0 0 -8.78597e-16 0 0 
1473.28 0.0148397 -3.85486 -6.70116e-05 -2.55693 1.26454e+18 0.00380594 1260 162.8 -19.2807 0 0 -0.04184 0 0 -116.093 0 0 -8.85692e-16 0 0 
1473.51 0.0148392 -3.85486 -6.70222e-05 -2.55714 1.26456e+18 0.00383642 1260 162.8 -21.0207 0 0 -0.04184 0 0 -116.093 0 0 -8.92797e-16 0 0 
1473.74 0.0148387 -3.85486 -6.70326e-05 -2.55735 1.26458e+18 0.00386693 1260 162.8 -22.9085 0 0 -0.04184 0 0 -116.093 0 0 -8.99912e-16 0 0 
1473.97 0.0148382 -3.85487 -6.7043e-05 -2.55755 1.2646e+18 0.00389747 1260 162.8 -24.9553 0 0 -0.04184 0 0 -116.093 0 0 -9.07035e-16 0 0 
1474.2 0.0148376 -3.85487 -6.70533e-05 -2.55775 1.26463e+18 0.00392804 1260 162.8 -27.1733 0 0 -0.04184 0 0 -116.093 0 0 -9.14168e-16 0 0 
1474.42 0.0148369 -3.85487 -6.70636e-05 -2.55795 1.26465e+18 0.00395864 1260 162.8 -29.5755 0 0 -0.04184 0 0 -116.093 0 0 -9.21308e-16 0 0 
1474.65 0.0148362 -3.85487 -6.70738e-05 -2.55815 1.26468e+18 0.00398927 1260 162.8 -32.1755 0 0 -0.04184 0 0 -116.093 0 0 -9.28456e-16 0 0 
1474.87 0.0148355 -3.85487 -6.70839e-05 -2.55835 1.26471e+18 0.00401992 1260 162.8 -34.9882 0 0 -0.04184 0 0 -116.093 0 0 -9.35612e-16 0 0 
1475.09 0.0148347 -3.85487 -6.7094e-05 -2.55855 1.26474e+18 0.00405059 1260 162.8 -38.0291 0 0 -0.04184 0 0 -116.093 0 0 -9.42774e-16 0 0 
1475.31 0.0148338 -3.85487 -6.7104e-05 -2.55875 1.26478e+18 0.00408128 1260 162.8 -41.315 0 0 -0.04184 0 0 -116.093 0 0 -9.49944e-16 0 0 
1475.53 0.0148329 -3.85487 -6.71139e-05 -2.55894 1.26482e+18 0.00411198 1260 162.8 -44.8637 0 0 -0.04184 0 0 -116.093 0 0 -9.57119e-16 0 0 
1475.74 0.0148319 -3.85487 -6.71237e-05 -2.55913 1.26486e+18 0.0041427 1260 162.8 -48.6941 0 0 -0.04184 0 0 -116.093 0 0 -9.64301e-16 0 0 
1475.96 0.0148308 -3.85487 -6.71335e-05 -2.55933 1.26491e+18 0.00417343 1260 162.8 -52.8261 0 0 -0.04184 0 0 -116.093 0 0 -9.71489e-16 0 0 
1476.17 0.0148296 -3.85487 -6.71432e-05 -2.55952 1.26496e+18 0.00420417 1260 162.8 -57.2813 0 0 -0.04184 0 0 -116.093 0 0 -9.78681e-16 0 0 
1476.39 0.0148283 -3.85488 -6.71529e-05 -2.55971 1.26501e+18 0.00423492 1260 162.8 -62.0821 0 0 -0.04184 0 0 -116.093 0 0 -9.85879e-16 0 0 
1476.6 0.014827 -3.85488 -6.71625e-05 -2.55989 1.26507e+18 0.00426566 1260 162.8 -67.2528 0 0 -0.04184 0 0 -116.093 0 0 -9.9308e-16 0 0 
1476.81 0.0148255 -3.85488 -6.7172e-05 -2.56008 1.26513e+18 0.00429641 1260 162.8 -72.8187 0 0 -0.04184 0 0 -116.093 0 0 -1.00029e-15 0 0 
1477.01 0.0148239 -3.85488 -6.71815e-05 -2.56027 1.26519e+18 0.00432716 1260 162.8 -78.807 0 0 -0.04184 0 0 -116.093 0 0 -1.0075e-15 0 0 
1477.22 0.0148222 -3.85488 -6.71909e-05 -2.56045 1.26526e+18 0.0043579 1260 162.8 -85.2463 0 0 -0.04184 0 0 -116.093 0 0 -1.01471e-15 0 0 
1477.43 0.0148204 -3.85488 -6.72002e-05 -2.56064 1.26534e+18 0.00438863 1260 162.8 -92.1669 0 0 -0.04184 0 0 -116.093 0 0 -1.02193e-15 0 0 
1477.63 0.0148185 -3.85488 -6.72095e-05 -2.56082 1.26542e+18 0.00441935 1260 162.8 -99.601 0 0 -0.04184 0 0 -116.093 0 0 -1.02914e-15 0 0 
1477.83 0.0148164 -3.85489 -6.72187e-05 -2.561 1.26551e+18 0.00445006 1260 162.8 -107.582 0 0 -0.04184 0 0 -116.093 0 0 -1.03637e-15 0 0 
1478.04 0.0148141 -3.85489 -6.72279e-05 -2.56118 1.2656e+18 0.00448074 1260 162.8 -116.147 0 0 -0.04184 0 0 -116.093 0 0 -1.04359e-15 0 0 
1478.24 0.0148117 -3.85489 -6.7237e-05 -2.56136 1.2657e+18 0.00451141 1260 162.8 -125.333 0 0 -0.04184 0 0 -116.093 0 0 -1.05081e-15 0 0 
1478.43 0.0148091 -3.85489 -6.7246e-05 -2.56154 1.26581e+18 0.00454205 1260 162.8 -135.181 0 0 -0.04184 0 0 -116.093 0 0 -1.05804e-15 0 0 
1478.63 0.0148063 -3.8549 -6.7255e-05 -2.56171 1.26593e+18 0.00457265 1260 162.8 -145.732 0 0 -0.04184 0 0 -116.093 0 0 -1.06526e-15 0 0 
1478.83 0.0148034 -3.8549 -6.72639e-05 -2.56189 1.26605e+18 0.00460323 1260 162.8 -157.031 0 0 -0.04184 0 0 -116.093 0 0 -1.07249e-15 0 0 
1479.02 0.0148002 -3.8549 -6.72728e-05 -2.56206 1.26618e+18 0.00463377 1260 162.8 -169.126 0 0 -0.04184 0 0 -116.093 0 0 -1.07972e-15 0 0 
1479.22 0.0147968 -3.85491 -6.72816e-05 -2.56223 1.26633e+18 0.00466426 1260 162.8 -182.066 0 0 -0.04184 0 0 -116.093 0 0 -1.08694e-15 0 0 
1479.41 0.0147932 -3.85491 -6.72903e-05 -2.56241 1.26648e+18 0.00469472 1260 162.8 -195.903 0 0 -0.04184 0 0 -116.093 0 0 -1.09417e-15 0 0 
1479.6 0.0147893 -3.85491 -6.7299e-05 -2.56258 1.26664e+18 0.00472511 1260 162.8 -210.693 0 0 -0.04184 0 0 -116.093 0 0 -1.10139e-15 0 0 
1479.79 0.0147852 -3.85492 -6.73076e-05 -2.56275 1.26682e+18 0.00475546 1260 162.8 -226.493 0 0 -0.04184 0 0 -116.093 0 0 -1.10862e-15 0 0 
1479.98 0.0147807 -3.85492 -6.73161e-05 -2.56292 1.267e+18 0.00478574 1260 162.8 -243.363 0 0 -0.04184 0 0 -116.093 0 0 -1.11584e-15 0 0 
1480.17 0.014776 -3.85493 -6.73246e-05 -2.56308 1.2672e+18 0.00481596 1260 162.8 -261.369 0 0 -0.04184 0 0 -116.093 0 0 -1.12306e-15 0 0 
1480.35 0.014771 -3.85493 -6.73331e-05 -2.56325 1.26741e+18 0.00484611 1260 162.8 -280.578 0 0 -0.04184 0 0 -116.093 0 0 -1.13027e-15 0 0 
1480.54 0.0147656 -3.85494 -6.73415e-05 -2.56341 1.26764e+18 0.00487618 1260 162.8 -301.059 0 0 -0.04184 0 0 -116.093 0 0 -1.13749e-15 0 0 
1480.72 0.0147599 -3.85494 -6.73498e-05 -2.56358 1.26788e+18 0.00490617 1260 162.8 -322.888 0 0 -0.04184 0 0 -116.093 0 0 -1.1447e-15 0 0 
1480.9 0.0147538 -3.85495 -6.73581e-05 -2.56374 1.26813e+18 0.00493607 1260 162.8 -346.143 0 0 -0.04184 0 0 -116.093 0 0 -1.1519e-15 0 0 
1481.08 0.0147473 -3.85496 -6.73663e-05 -2.5639 1.2684e+18 0.00496588 1260 162.8 -370.904 0 0 -0.04184 0 0 -116.093 0 0 -1.1591e-15 0 0 
1481.26 0.0147404 -3.85496 -6.73744e-05 -2.56406 1.26869e+18 0.00499558 1260 162.8 -397.257 0 0 -0.04184 0 0 -116.093 0 0 -1.1663e-15 0 0 
1481.44 0.0147331 -3.85497 -6.73826e-05 -2.56422 1.269e+18 0.00502518 1260 162.8 -425.293 0 0 -0.04184 0 0 -116.093 0 0 -1.17349e-15 0 0 
1481.62 0.0147252 -3.85498 -6.73906e-05 -2.56438 1.26933e+18 0.00505466 1260 162.8 -455.104 0 0 -0.04184 0 0 -116.093 0 0 -1.18068e-15 0 0 
1481.8 0.0147169 -3.85499 -6.73986e-05 -2.56454 1.26968e+18 0.00508402 1260 162.8 -486.79 0 0 -0.04184 0 0 -116.093 0 0 -1.18786e-15 0 0 
1481.97 0.0147081 -3.855 -6.74065e-05 -2.5647 1.27005e+18 0.00511325 1260 162.8 -520.453 0 0 -0.04184 0 0 -116.093 0 0 -1.19503e-15 0 0 
1482.15 0.0146988 -3.855 -6.74144e-05 -2.56486 1.27045e+18 0.00514235 1260 162.8 -556.201 0 0 -0.04184 0 0 -116.093 0 0 -1.2022e-15 0 0 
1482.32 0.0146888 -3.85501 -6.74222e-05 -2.56501 1.27086e+18 0.00517129 1260 162.8 -594.147 0 0 -0.04184 0 0 -116.093 0 0 -1.20936e-15 0 0 
1482.49 0.0146783 -3.85503 -6.743e-05 -2.56516 1.27131e+18 0.00520009 1260 162.8 -634.407 0 0 -0.04184 0 0 -116.093 0 0 -1.21651e-15 0 0 
1482.66 0.0146671 -3.85504 -6.74377e-05 -2.56532 1.27178e+18 0.00522871 1260 162.8 -677.105 0 0 -0.04184 0 0 -116.093 0 0 -1.22366e-15 0 0 
1482.83 0.0146553 -3.85505 -6.74454e-05 -2.56547 1.27228e+18 0.00525717 1260 162.8 -722.368 0 0 -0.04184 0 0 -116.093 0 0 -1.23079e-15 0 0 
1483 0.0146427 -3.85506 -6.7453e-05 -2.56562 1.27281e+18 0.00528544 1260 162.8 -770.331 0 0 -0.04184 0 0 -116.093 0 0 -1.23792e-15 0 0 
1483.17 0.0146294 -3.85507 -6.74606e-05 -2.56577 1.27337e+18 0.00531352 1260 162.8 -821.133 0 0 -0.04184 0 0 -116.093 0 0 -1.24504e-15 0 0 
1483.33 0.0146153 -3.85509 -6.74681e-05 -2.56592 1.27396e+18 0.0053414 1260 162.8 -874.92 0 0 -0.04184 0 0 -116.093 0 0 -1.25215e-15 0 0 
1483.5 0.0146004 -3.8551 -6.74755e-05 -2.56607 1.27459e+18 0.00536906 1260 162.8 -931.842 0 0 -0.04184 0 0 -116.093 0 0 -1.25925e-15 0 0 
1483.66 0.0145846 -3.85512 -6.74829e-05 -2.56622 1.27526e+18 0.00539649 1260 162.8 -992.058 0 0 -0.04184 0 0 -116.093 0 0 -1.26633e-15 0 0 
1483.82 0.014568 -3.85514 -6.74903e-05 -2.56636 1.27596e+18 0.00542369 1260 162.8 -1055.73 0 0 -0.04184 0 0 -116.093 0 0 -1.27341e-15 0 0 
1483.99 0.0145504 -3.85515 -6.74976e-05 -2.56651 1.27671e+18 0.00545064 1260 162.8 -1123.03 0 0 -0.04184 0 0 -116.093 0 0 -1.28048e-15 0 0 
1484.15 0.0145318 -3.85517 -6.75048e-05 -2.56665 1.27749e+18 0.00547732 1260 162.8 -1194.15 0 0 -0.04184 0 0 -116.093 0 0 -1.28753e-15 0 0 
1484.31 0.0145121 -3.85519 -6.7512e-05 -2.5668 1.27833e+18 0.00550373 1260 162.8 -1269.25 0 0 -0.04184 0 0 -116.093 0 0 -1.29457e-15 0 0 
1484.47 0.0144913 -3.85521 -6.75191e-05 -2.56694 1.2792e+18 0.00552984 1260 162.8 -1348.54 0 0 -0.04184 0 0 -116.093 0 0 -1.30159e-15 0 0 
1484.62 0.0144695 -3.85523 -6.75262e-05 -2.56708 1.28013e+18 0.00555566 1260 162.8 -1432.21 0 0 -0.04184 0 0 -116.093 0 0 -1.30861e-15 0 0 
1484.78 0.0144464 -3.85526 -6.75332e-05 -2.56722 1.28111e+18 0.00558115 1260 162.8 -1520.47 0 0 -0.04184 0 0 -116.093 0 0 -1.31561e-15 0 0 
1484.94 0.014422 -3.85528 -6.75402e-05 -2.56736 1.28214e+18 0.00560631 1260 162.8 -1613.54 0 0 -0.04184 0 0 -116.093 0 0 -1.32259e-15 0 0 
1485.09 0.0143963 -3.85531 -6.75472e-05 -2.5675 1.28323e+18 0.00563111 1260 162.8 -1711.65 0 0 -0.04184 0 0 -116.093 0 0 -1.32956e-15 0 0 
1485.24 0.0143693 -3.85533 -6.7554e-05 -2.56764 1.28438e+18 0.00565555 1260 162.8 -1815.02 0 0 -0.04184 0 0 -116.093 0 0 -1.33651e-15 0 0 
1485.4 0.0143408 -3.85536 -6.75609e-05 -2.56778 1.28559e+18 0.00567961 1260 162.8 -1923.89 0 0 -0.04184 0 0 -116.093 0 0 -1.34345e-15 0 0 
1485.55 0.0143108 -3.85539 -6.75676e-05 -2.56792 1.28687e+18 0.00570326 1260 162.8 -2038.52 0 0 -0.04184 0 0 -116.093 0 0 -1.35037e-15 0 0 
1485.7 0.0142793 -3.85542 -6.75743e-05 -2.56806 1.28822e+18 0.0057265 1260 162.8 -2159.16 0 0 -0.04184 0 0 -116.093 0 0 -1.35727e-15 0 0 
1485.85 0.0142461 -3.85546 -6.7581e-05 -2.56819 1.28963e+18 0.00574929 1260 162.8 -2286.08 0 0 -0.04184 0 0 -116.093 0 0 -1.36416e-15 0 0 
1486 0.0142112 -3.85549 -6.75876e-05 -2.56833 1.29112e+18 0.00577163 1260 162.8 -2419.55 0 0 -0.04184 0 0 -116.093 0 0 -1.37102e-15 0 0 
1486.14 0.0141745 -3.85553 -6.75942e-05 -2.56846 1.29269e+18 0.00579349 1260 162.8 -2559.88 0 0 -0.04184 0 0 -116.093 0 0 -1.37787e-15 0 0 
1486.29 0.0141359 -3.85557 -6.76007e-05 -2.5686 1.29434e+18 0.00581484 1260 162.8 -2707.35 0 0 -0.04184 0 0 -116.093 0 0 -1.38469e-15 0 0 
1486.44 0.0140954 -3.85561 -6.76072e-05 -2.56873 1.29607e+18 0.00583568 1260 162.8 -2862.26 0 0 -0.04184 0 0 -116.093 0 0 -1.3915e-15 0 0 
1486.58 0.0140529 -3.85565 -6.76136e-05 -2.56886 1.29789e+18 0.00585597 1260 162.8 -3024.95 0 0 -0.04184 0 0 -116.093 0 0 -1.39829e-15 0 0 
1486.72 0.0140082 -3.8557 -6.76199e-05 -2.56899 1.29981e+18 0.0058757 1260 162.8 -3195.73 0 0 -0.04184 0 0 -116.093 0 0 -1.40505e-15 0 0 
1486.87 0.0139614 -3.85574 -6.76263e-05 -2.56912 1.30182e+18 0.00589484 1260 162.8 -3374.94 0 0 -0.04184 0 0 -116.093 0 0 -1.41179e-15 0 0 
1487.01 0.0139123 -3.85579 -6.76325e-05 -2.56925 1.30394e+18 0.00591337 1260 162.8 -3562.94 0 0 -0.04184 0 0 -116.093 0 0 -1.41851e-15 0 0 
1487.15 0.0138608 -3.85584 -6.76387e-05 -2.56938 1.30616e+18 0.00593125 1260 162.8 -3760.09 0 0 -0.04184 0 0 -116.093 0 0 -1.4252e-15 0 0 
1487.29 0.0138068 -3.8559 -6.76449e-05 -2.56951 1.30849e+18 0.00594848 1260 162.8 -3966.76 0 0 -0.04184 0 0 -116.093 0 0 -1.43187e-15 0 0 
1487.43 0.0137502 -3.85595 -6.7651e-05 -2.56964 1.31094e+18 0.00596502 1260 162.8 -4183.34 0 0 -0.04184 0 0 -116.093 0 0 -1.43851e-15 0 0 
1487.57 0.0136909 -3.85601 -6.7657e-05 -2.56977 1.3135e+18 0.00598084 1260 162.8 -4410.23 0 0 -0.04184 0 0 -116.093 0 0 -1.44513e-15 0 0 
1487.7 0.0136288 -3.85607 -6.7663e-05 -2.5699 1.31619e+18 0.00599591 1260 162.8 -4647.82 0 0 -0.04184 0 0 -116.093 0 0 -1.45172e-15 0 0 
1487.84 0.0135639 -3.85614 -6.7669e-05 -2.57002 1.31902e+18 0.00601022 1260 162.8 -4896.56 0 0 -0.04184 0 0 -116.093 0 0 -1.45828e-15 0 0 
1487.97 0.0134959 -3.85621 -6.76749e-05 -2.57015 1.32198e+18 0.00602373 1260 162.8 -5156.87 0 0 -0.04184 0 0 -116.093 0 0 -1.46481e-15 0 0 
1488.11 0.0134248 -3.85628 -6.76807e-05 -2.57027 1.32508e+18 0.00603641 1260 162.8 -5429.2 0 0 -0.04184 0 0 -116.093 0 0 -1.47132e-15 0 0 
1488.24 0.0133505 -3.85635 -6.76865e-05 -2.5704 1.32833e+18 0.00604823 1260 162.8 -5714.01 0 0 -0.04184 0 0 -116.093 0 0 -1.47779e-15 0 0 
1488.38 0.0132728 -3.85643 -6.76922e-05 -2.57052 1.33173e+18 0.00605916 1260 162.8 -6011.79 0 0 -0.04184 0 0 -116.093 0 0 -1.48424e-15 0 0 
1488.51 0.0131915 -3.85651 -6.76979e-05 -2.57065 1.3353e+18 0.00606918 1260 162.8 -6323.01 0 0 -0.04184 0 0 -116.093 0 0 -1.49065e-15 0 0 
1488.64 0.0131067 -3.8566 -6.77035e-05 -2.57077 1.33903e+18 0.00607824 1260 162.8 -6648.19 0 0 -0.04184 0 0 -116.093 0 0 -1.49703e-15 0 0 
1488.77 0.0130181 -3.85669 -6.77091e-05 -2.57089 1.34294e+18 0.00608633 1260 162.8 -6987.84 0 0 -0.04184 0 0 -116.093 0 0 -1.50338e-15 0 0 
1488.9 0.0129256 -3.85678 -6.77146e-05 -2.57102 1.34703e+18 0.0060934 1260 162.8 -7342.5 0 0 -0.04184 0 0 -116.093 0 0 -1.50969e-15 0 0 
1489.03 0.0128291 -3.85687 -6.77201e-05 -2.57114 1.35131e+18 0.00609942 1260 162.8 -7712.71 0 0 -0.04184 0 0 -116.093 0 0 -1.51597e-15 0 0 
1489.15 0.0127284 -3.85698 -6.77255e-05 -2.57126 1.35579e+18 0.00610437 1260 162.8 -8099.05 0 0 -0.04184 0 0 -116.093 0 0 -1.52221e-15 0 0 
1489.28 0.0126233 -3.85708 -6.77309e-05 -2.57138 1.36047e+18 0.0061082 1260 162.8 -8502.08 0 0 -0.04184 0 0 -116.093 0 0 -1.52841e-15 0 0 
1489.41 0.0125138 -3.85719 -6.77362e-05 -2.5715 1.36537e+18 0.00611088 1260 162.8 -8922.4 0 0 -0.04184 0 0 -116.093 0 0 -1.53458e-15 0 0 
1489.53 0.0123997 -3.8573 -6.77414e-05 -2.57162 1.37049e+18 0.00611239 1260 162.8 -9360.63 0 0 -0.04184 0 0 -116.093 0 0 -1.54071e-15 0 0 
1489.65 0.0122807 -3.85742 -6.77466e-05 -2.57174 1.37585e+18 0.00611268 1260 162.8 -9817.39 0 0 -0.04184 0 0 -116.093 0 0 -1.5468e-15 0 0 
1489.78 0.0121568 -3.85755 -6.77518e-05 -2.57186 1.38145e+18 0.00611172 1260 162.8 -10293.3 0 0 -0.04184 0 0 -116.093 0 0 -1.55284e-15 0 0 
1489.9 0.0120277 -3.85768 -6.77569e-05 -2.57198 1.38729e+18 0.00610948 1260 162.8 -10789.1 0 0 -0.04184 0 0 -116.093 0 0 -1.55885e-15 0 0 
1490.02 0.0118934 -3.85781 -6.77619e-05 -2.5721 1.39341e+18 0.00610592 1260 162.8 -11305.4 0 0 -0.04184 0 0 -116.093 0 0 -1.56481e-15 0 0 
1490.14 0.0117536 -3.85795 -6.77669e-05 -2.57222 1.39979e+18 0.00610101 1260 162.8 -11842.9 0 0 -0.04184 0 0 -116.093 0 0 -1.57073e-15 0 0 
1490.26 0.0116081 -3.8581 -6.77718e-05 -2.57234 1.40646e+18 0.00609472 1260 162.8 -12402.4 0 0 -0.04184 0 0 -116.093 0 0 -1.5766e-15 0 0 
1490.38 0.0114568 -3.85825 -6.77767e-05 -2.57246 1.41343e+18 0.00608701 1260 162.8 -12984.5 0 0 -0.04184 0 0 -116.093 0 0 -1.58243e-15 0 0 
1490.5 0.0112994 -3.8584 -6.77815e-05 -2.57258 1.4207e+18 0.00607784 1260 162.8 -13590 0 0 -0.04184 0 0 -116.093 0 0 -1.58821e-15 0 0 
1490.62 0.0111358 -3.85857 -6.77862e-05 -2.57269 1.4283e+18 0.00606719 1260 162.8 -14219.7 0 0 -0.04184 0 0 -116.093 0 0 -1.59395e-15 0 0 
1490.74 0.0109658 -3.85874 -6.77909e-05 -2.57281 1.43623e+18 0.00605502 1260 162.8 -14874.4 0 0 -0.04184 0 0 -116.093 0 0 -1.59963e-15 0 0 
1490.85 0.0107892 -3.85891 -6.77955e-05 -2.57293 1.44451e+18 0.0060413 1260 162.8 -15554.9 0 0 -0.04184 0 0 -116.093 0 0 -1.60527e-15 0 0 
1490.97 0.0106057 -3.8591 -6.78001e-05 -2.57305 1.45315e+18 0.006026 1260 162.8 -16262 0 0 -0.04184 0 0 -116.093 0 0 -1.61085e-15 0 0 
1491.08 0.0104152 -3.85929 -6.78047e-05 -2.57317 1.46217e+18 0.00600908 1260 162.8 -16996.6 0 0 -0.04184 0 0 -116.093 0 0 -1.61638e-15 0 0 
1491.2 0.0102174 -3.85949 -6.78091e-05 -2.57328 1.47159e+18 0.00599052 1260 162.8 -17759.5 0 0 -0.04184 0 0 -116.093 0 0 -1.62186e-15 0 0 
1491.31 0.0100122 -3.85969 -6.78135e-05 -2.5734 1.48141e+18 0.00597029 1260 162.8 -18551.6 0 0 -0.04184 0 0 -116.093 0 0 -1.62729e-15 0 0 
1491.42 0.00979919 -3.8599 -6.78179e-05 -2.57352 1.49166e+18 0.00594836 1260 162.8 -19374 0 0 -0.04184 0 0 -116.093 0 0 -1.63266e-15 0 0 
1491.53 0.00957827 -3.86013 -6.78222e-05 -2.57364 1.50236e+18 0.0059247 1260 162.8 -20227.4 0 0 -0.04184 0 0 -116.093 0 0 -1.63797e-15 0 0 
1491.64 0.00934919 -3.86035 -6.78264e-05 -2.57375 1.51352e+18 0.00589928 1260 162.8 -21112.8 0 0 -0.04184 0 0 -116.093 0 0 -1.64323e-15 0 0 
1491.75 0.00911168 -3.86059 -6.78306e-05 -2.57387 1.52516e+18 0.0058721 1260 162.8 -22031.3 0 0 -0.04184 0 0 -116.093 0 0 -1.64843e-15 0 0 
1491.86 0.00886552 -3.86084 -6.78347e-05 -2.57399 1.53731e+18 0.00584311 1260 162.8 -22983.9 0 0 -0.04184 0 0 -116.093 0 0 -1.65356e-15 0 0 
1491.97 0.00861044 -3.86109 -6.78387e-05 -2.57411 1.54998e+18 0.00581231 1260 162.8 -23971.5 0 0 -0.04184 0 0 -116.093 0 0 -1.65864e-15 0 0 
1492.08 0.00834619 -3.86136 -6.78427e-05 -2.57423 1.5632e+18 0.00577966 1260 162.8 -24995.3 0 0 -0.04184 0 0 -116.093 0 0 -1.66366e-15 0 0 
1492.19 0.00807252 -3.86163 -6.78466e-05 -2.57435 1.57699e+18 0.00574516 1260 162.8 -26056.3 0 0 -0.04184 0 0 -116.093 0 0 -1.66861e-15 0 0 
1492.29 0.00778914 -3.86191 -6.78505e-05 -2.57447 1.59137e+18 0.00570879 1260 162.8 -27155.7 0 0 -0.04184 0 0 -116.093 0 0 -1.6735e-15 0 0 
1492.4 0.0074958 -3.86221 -6.78543e-05 -2.57459 1.60638e+18 0.00567054 1260 162.8 -28294.5 0 0 -0.04184 0 0 -116.093 0 0 -1.67833e-15 0 0 
1492.5 0.00719222 -3.86251 -6.78581e-05 -2.57471 1.62203e+18 0.0056304 1260 162.8 -29474 0 0 -0.04184 0 0 -116.093 0 0 -1.68309e-15 0 0 
1492.61 0.00687811 -3.86283 -6.78617e-05 -2.57483 1.63836e+18 0.00558835 1260 162.8 -30695.3 0 0 -0.04184 0 0 -116.093 0 0 -1.68779e-15 0 0 
1492.71 0.00655319 -3.86315 -6.78654e-05 -2.57495 1.65539e+18 0.00554439 1260 162.8 -31959.7 0 0 -0.04184 0 0 -116.093 0 0 -1.69241e-15 0 0 
1492.82 0.00621715 -3.86349 -6.78689e-05 -2.57507 1.67316e+18 0.00549853 1260 162.8 -33268.4 0 0 -0.04184 0 0 -116.093 0 0 -1.69697e-15 0 0 
1492.92 0.00586971 -3.86383 -6.78724e-05 -2.57519 1.6917e+18 0.00545076 1260 162.8 -34622.7 0 0 -0.04184 0 0 -116.093 0 0 -1.70146e-15 0 0 
1493.02 0.00551056 -3.86419 -6.78759e-05 -2.57531 1.71104e+18 0.00540108 1260 162.8 -36023.9 0 0 -0.04184 0 0 -116.093 0 0 -1.70588e-15 0 0 
1493.12 0.00513939 -3.86456 -6.78792e-05 -2.57544 1.73121e+18 0.0053495 1260 162.8 -37473.4 0 0 -0.04184 0 0 -116.093 0 0 -1.71023e-15 0 0 
1493.22 0.00475588 -3.86495 -6.78825e-05 -2.57556 1.75226e+18 0.00529602 1260 162.8 -38972.6 0 0 -0.04184 0 0 -116.093 0 0 -1.71451e-15 0 0 
1493.32 0.0043597 -3.86534 -6.78858e-05 -2.57568 1.77423e+18 0.00524067 1260 162.8 -40522.9 0 0 -0.04184 0 0 -116.093 0 0 -1.71871e-15 0 0 
1493.42 0.00395053 -3.86575 -6.7889e-05 -2.57581 1.79715e+18 0.00518346 1260 162.8 -42125.7 0 0 -0.04184 0 0 -116.093 0 0 -1.72284e-15 0 0 
1493.52 0.00352804 -3.86618 -6.78921e-05 -2.57594 1.82107e+18 0.0051244 1260 162.8 -43782.6 0 0 -0.04184 0 0 -116.093 0 0 -1.7269e-15 0 0 
1493.62 0.00309188 -3.86661 -6.78952e-05 -2.57606 1.84603e+18 0.00506352 1260 162.8 -45495 0 0 -0.04184 0 0 -116.093 0 0 -1.73088e-15 0 0 
1493.71 0.00264171 -3.86706 -6.78982e-05 -2.57619 1.87209e+18 0.00500084 1260 162.8 -47264.7 0 0 -0.04184 0 0 -116.093 0 0 -1.73479e-15 0 0 
1493.81 0.00217716 -3.86753 -6.79011e-05 -2.57632 1.89929e+18 0.0049364 1260 162.8 -49093.2 0 0 -0.04184 0 0 -116.093 0 0 -1.73862e-15 0 0 
1493.91 0.00169788 -3.86801 -6.7904e-05 -2.57645 1.92768e+18 0.00487023 1260 162.8 -50982.1 0 0 -0.04184 0 0 -116.093 0 0 -1.74237e-15 0 0 
1494 0.0012035 -3.8685 -6.79068e-05 -2.57658 1.95733e+18 0.00480237 1260 162.8 -52933.2 0 0 -0.04184 0 0 -116.093 0 0 -1.74605e-15 0 0 
1494.1 0.000693649 -3.86901 -6.79096e-05 -2.57671 1.98828e+18 0.00473285 1260 162.8 -54948.4 0 0 -0.04184 0 0 -116.093 0 0 -1.74965e-15 0 0 
1494.19 0.000167935 -3.86954 -6.79123e-05 -2.57685 2.0206e+18 0.00466173 1260 162.8 -57029.2 0 0 -0.04184 0 0 -116.093 0 0 -1.75317e-15 0 0 
1494.28 -0.000374029 -3.87008 -6.79149e-05 -2.57698 2.05436e+18 0.00458905 1260 162.8 -59177.8 0 0 -0.04184 0 0 -116.093 0 0 -1.75662e-15 0 0 
1494.37 -0.000932639 -3.87064 -6.79175e-05 -2.57712 2.08963e+18 0.00451486 1260 162.8 -61396 0 0 -0.04184 0 0 -116.093 0 0 -1.75999e-15 0 0 
1494.47 -0.0015083 -3.87121 -6.792e-05 -2.57726 2.12646e+18 0.00443923 1260 162.8 -63685.7 0 0 -0.04184 0 0 -116.093 0 0 -1.76327e-15 0 0 
1494.56 -0.00210144 -3.8718 -6.79224e-05 -2.5774 2.16495e+18 0.0043622 1260 162.8 -66049.1 0 0 -0.04184 0 0 -116.093 0 0 -1.76648e-15 0 0 
1494.65 -0.00271246 -3.87242 -6.79248e-05 -2.57754 2.20518e+18 0.00428385 1260 162.8 -68488.3 0 0 -0.04184 0 0 -116.093 0 0 -1.76961e-15 0 0 
1494.74 -0.0033418 -3.87305 -6.79272e-05 -2.57769 2.24721e+18 0.00420425 1260 162.8 -71005.4 0 0 -0.04184 0 0 -116.093 0 0 -1.77266e-15 0 0 
1494.83 -0.0039899 -3.87369 -6.79294e-05 -2.57784 2.29115e+18 0.00412345 1260 162.8 -73602.7 0 0 -0.04184 0 0 -116.093 0 0 -1.77563e-15 0 0 
1494.92 -0.00465721 -3.87436 -6.79317e-05 -2.57798 2.33708e+18 0.00404155 1260 162.8 -76282.6 0 0 -0.04184 0 0 -116.093 0 0 -1.77852e-15 0 0 
1495.01 -0.0053442 -3.87505 -6.79338e-05 -2.57813 2.38511e+18 0.00395861 1260 162.8 -79047.5 0 0 -0.04184 0 0 -116.093 0 0 -1.78133e-15 0 0 
1495.09 -0.00605131 -3.87575 -6.79359e-05 -2.57829 2.43534e+18 0.00387472 1260 162.8 -81899.9 0 0 -0.04184 0 0 -116.093 0 0 -1.78406e-15 0 0 
1495.18 -0.00677905 -3.87648 -6.7938e-05 -2.57844 2.48787e+18 0.00378997 1260 162.8 -84842.4 0 0 -0.04184 0 0 -116.093 0 0 -1.78671e-15 0 0 
1495.27 -0.00752788 -3.87723 -6.79399e-05 -2.5786 2.54282e+18 0.00370443 1260 162.8 -87877.6 0 0 -0.04184 0 0 -116.093 0 0 -1.78929e-15 0 0 
1495.35 -0.00829832 -3.878 -6.79419e-05 -2.57876 2.60031e+18 0.0036182 1260 162.8 -91008.4 0 0 -0.04184 0 0 -116.093 0 0 -1.79178e-15 0 0 
1495.44 -0.00909088 -3.87879 -6.79437e-05 -2.57893 2.66048e+18 0.00353137 1260 162.8 -94237.6 0 0 -0.04184 0 0 -116.093 0 0 -1.7942e-15 0 0 
1495.53 -0.00990608 -3.87961 -6.79455e-05 -2.5791 2.72344e+18 0.00344403 1260 162.8 -97568.4 0 0 -0.04184 0 0 -116.093 0 0 -1.79654e-15 0 0 
1495.61 -0.0107444 -3.88045 -6.79473e-05 -2.57927 2.78935e+18 0.00335629 1260 162.8 -101004 0 0 -0.04184 0 0 -116.093 0 0 -1.7988e-15 0 0 
1495.69 -0.0116065 -3.88131 -6.7949e-05 -2.57944 2.85835e+18 0.00326824 1260 162.8 -104547 0 0 -0.04184 0 0 -116.093 0 0 -1.80099e-15 0 0 
1495.78 -0.0124929 -3.8822 -6.79507e-05 -2.57962 2.9306e+18 0.00317998 1260 162.8 -108201 0 0 -0.04184 0 0 -116.093 0 0 -1.8031e-15 0 0 
1495.86 -0.0134042 -3.88311 -6.79523e-05 -2.5798 3.00626e+18 0.00309161 1260 162.8 -111970 0 0 -0.04184 0 0 -116.093 0 0 -1.80513e-15 0 0 
1495.94 -0.0143409 -3.88404 -6.79538e-05 -2.57999 3.08551e+18 0.00300323 1260 162.8 -115858 0 0 -0.04184 0 0 -116.093 0 0 -1.80709e-15 0 0 
1496.02 -0.0153036 -3.88501 -6.79553e-05 -2.58018 3.16853e+18 0.00291494 1260 162.8 -119867 0 0 -0.04184 0 0 -116.093 0 0 -1.80897e-15 0 0 
1496.11 -0.0162931 -3.886 -6.79568e-05 -2.58038 3.25551e+18 0.00282686 1260 162.8 -124003 0 0 -0.04184 0 0 -116.093 0 0 -1.81078e-15 0 0 
1496.19 -0.0173098 -3.88701 -6.79582e-05 -2.58058 3.34666e+18 0.00273908 1260 162.8 -128270 0 0 -0.04184 0 0 -116.093 0 0 -1.81252e-15 0 0 
1496.27 -0.0183545 -3.88806 -6.79596e-05 -2.58079 3.44219e+18 0.0026517 1260 162.8 -132670 0 0 -0.04184 0 0 -116.093 0 0 -1.81418e-15 0 0 
1496.35 -0.0194279 -3.88913 -6.79609e-05 -2.581 3.54232e+18 0.00256483 1260 162.8 -137210 0 0 -0.04184 0 0 -116.093 0 0 -1.81578e-15 0 0 
1496.42 -0.0205306 -3.89023 -6.79621e-05 -2.58122 3.64728e+18 0.00247857 1260 162.8 -141894 0 0 -0.04184 0 0 -116.093 0 0 -1.8173e-15 0 0 
1496.5 -0.0216634 -3.89137 -6.79633e-05 -2.58144 3.75733e+18 0.00239301 1260 162.8 -146727 0 0 -0.04184 0 0 -116.093 0 0 -1.81875e-15 0 0 
1496.58 -0.022827 -3.89253 -6.79645e-05 -2.58167 3.87272e+18 0.00230827 1260 162.8 -151714 0 0 -0.04184 0 0 -116.093 0 0 -1.82014e-15 0 0 
1496.66 -0.0240221 -3.89373 -6.79657e-05 -2.58191 3.99373e+18 0.00222443 1260 162.8 -156860 0 0 -0.04184 0 0 -116.093 0 0 -1.82145e-15 0 0 
1496.74 -0.0252496 -3.89495 -6.79667e-05 -2.58216 4.12065e+18 0.00214159 1260 162.8 -162171 0 0 -0.04184 0 0 -116.093 0 0 -1.8227e-15 0 0 
1496.81 -0.0265102 -3.89621 -6.79678e-05 -2.58241 4.25377e+18 0.00205984 1260 162.8 -167653 0 0 -0.04184 0 0 -116.093 0 0 -1.82389e-15 0 0 
1496.89 -0.0278047 -3.89751 -6.79688e-05 -2.58268 4.39342e+18 0.00197928 1260 162.8 -173312 0 0 -0.04184 0 0 -116.093 0 0 -1.82501e-15 0 0 
1496.96 -0.0291341 -3.89884 -6.79698e-05 -2.58295 4.53991e+18 0.00189998 1260 162.8 -179155 0 0 -0.04184 0 0 -116.093 0 0 -1.82606e-15 0 0 
1497.04 -0.0304991 -3.9002 -6.79707e-05 -2.58323 4.69361e+18 0.00182203 1260 162.8 -185187 0 0 -0.04184 0 0 -116.093 0 0 -1.82705e-15 0 0 
1497.11 -0.0319008 -3.9016 -6.79716e-05 -2.58352 4.85487e+18 0.0017455 1260 162.8 -191417 0 0 -0.04184 0 0 -116.093 0 0 -1.82798e-15 0 0 
1497.19 -0.03334 -3.90304 -6.79725e-05 -2.58383 5.02408e+18 0.00167049 1260 162.8 -197852 0 0 -0.04184 0 0 -116.093 0 0 -1.82885e-15 0 0 
1497.26 -0.0348177 -3.90452 -6.79733e-05 -2.58414 5.20163e+18 0.00159704 1260 162.8 -204499 0 0 -0.04184 0 0 -116.093 0 0 -1.82966e-15 0 0 
1497.33 -0.036335 -3.90604 -6.79741e-05 -2.58447 5.38794e+18 0.00152524 1260 162.8 -211366 0 0 -0.04184 0 0 -116.093 0 0 -1.83041e-15 0 0 
1497.41 -0.0378928 -3.9076 -6.79748e-05 -2.58481 5.58346e+18 0.00145514 1260 162.8 -218462 0 0 -0.04184 0 0 -116.093 0 0 -1.8311e-15 0 0 
1497.48 -0.0394923 -3.9092 -6.79756e-05 -2.58517 5.78863e+18 0.0013868 1260 162.8 -225796 0 0 -0.04184 0 0 -116.093 0 0 -1.83173e-15 0 0 
1497.55 -0.0411346 -3.91084 -6.79763e-05 -2.58554 6.00394e+18 0.00132027 1260 162.8 -233376 0 0 -0.04184 0 0 -116.093 0 0 -1.8323e-15 0 0 
1497.62 -0.0428207 -3.91252 -6.79769e-05 -2.58593 6.22988e+18 0.0012556 1260 162.8 -241213 0 0 -0.04184 0 0 -116.093 0 0 -1.83281e-15 0 0 
1497.69 -0.044552 -3.91426 -6.79776e-05 -2.58633 6.46699e+18 0.00119283 1260 162.8 -249316 0 0 -0.04184 0 0 -116.093 0 0 -1.83327e-15 0 0 
1497.76 -0.0463296 -3.91603 -6.79782e-05 -2.58676 6.71579e+18 0.00113199 1260 162.8 -257697 0 0 -0.04184 0 0 -116.093 0 0 -1.83367e-15 0 0 
1497.83 -0.0481548 -3.91786 -6.79788e-05 -2.5872 6.97687e+18 0.00107311 1260 162.8 -266365 0 0 -0.04184 0 0 -116.093 0 0 -1.83401e-15 0 0 
1497.9 -0.0500289 -3.91973 -6.79793e-05 -2.58767 7.25082e+18 0.00101622 1260 162.8 -275333 0 0 -0.04184 0 0 -116.093 0 0 -1.8343e-15 0 0 
1497.97 -0.0519534 -3.92166 -6.79799e-05 -2.58815 7.53826e+18 0.000961332 1260 162.8 -284612 0 0 -0.04184 0 0 -116.093 0 0 -1.83453e-15 0 0 
1498.04 -0.0539296 -3.92363 -6.79804e-05 -2.58867 7.83983e+18 0.000908464 1260 162.8 -294215 0 0 -0.04184 0 0 -116.093 0 0 -1.8347e-15 0 0 
1498.11 -0.055959 -3.92566 -6.79809e-05 -2.58921 8.15621e+18 0.000857622 1260 162.8 -304155 0 0 -0.04184 0 0 -116.093 0 0 -1.83481e-15 0 0 
1498.17 -0.0580431 -3.92775 -6.79813e-05 -2.58978 8.4881e+18 0.000808806 1260 162.8 -314445 0 0 -0.04184 0 0 -116.093 0 0 -1.83487e-15 0 0 
1498.24 -0.0601836 -3.92989 -6.79818e-05 -2.59038 8.83624e+18 0.000762011 1260 162.8 -325100 0 0 -0.04184 0 0 -116.093 0 0 -1.83486e-15 0 0 
1498.31 -0.062382 -3.93209 -6.79822e-05 -2.59101 9.2014e+18 0.000717229 1260 162.8 -336135 0 0 -0.04184 0 0 -116.093 0 0 -1.8348e-15 0 0 
1498.37 -0.06464 -3.93434 -6.79826e-05 -2.59168 9.58436e+18 0.000674444 1260 162.8 -347564 0 0 -0.04184 0 0 -116.093 0 0 -1.83467e-15 0 0 
1498.44 -0.0669595 -3.93666 -6.7983e-05 -2.59238 9.98597e+18 0.000633635 1260 162.8 -359405 0 0 -0.04184 0 0 -116.093 0 0 -1.83447e-15 0 0 
1498.5 -0.0693421 -3.93905 -6.79834e-05 -2.59313 1.04071e+19 0.000594778 1260 162.8 -371673 0 0 -0.04184 0 0 -116.093 0 0 -1.83422e-15 0 0 
1498.57 -0.0717899 -3.94149 -6.79837e-05 -2.59392 1.08486e+19 0.000557841 1260 162.8 -384385 0 0 -0.04184 0 0 -116.093 0 0 -1.83389e-15 0 0 
1498.63 -0.0743047 -3.94401 -6.7984e-05 -2.59476 1.13115e+19 0.00052279 1260 162.8 -397561 0 0 -0.04184 0 0 -116.093 0 0 -1.8335e-15 0 0 
1498.7 -0.0768887 -3.94659 -6.79844e-05 -2.59565 1.17967e+19 0.000489586 1260 162.8 -411219 0 0 -0.04184 0 0 -116.093 0 0 -1.83303e-15 0 0 
1498.76 -0.0795438 -3.94925 -6.79847e-05 -2.59659 1.23053e+19 0.000458186 1260 162.8 -425378 0 0 -0.04184 0 0 -116.093 0 0 -1.83249e-15 0 0 
1498.82 -0.0822723 -3.95198 -6.7985e-05 -2.59759 1.28383e+19 0.000428543 1260 162.8 -440059 0 0 -0.04184 0 0 -116.093 0 0 -1.83187e-15 0 0 
1498.89 -0.0850764 -3.95478 -6.79852e-05 -2.59865 1.33969e+19 0.000400605 1260 162.8 -455283 0 0 -0.04184 0 0 -116.093 0 0 -1.83116e-15 0 0 
1498.95 -0.0879584 -3.95766 -6.79855e-05 -2.59978 1.39822e+19 0.000374321 1260 162.8 -471072 0 0 -0.04184 0 0 -116.093 0 0 -1.83038e-15 0 0 
1499.01 -0.0909207 -3.96062 -6.79857e-05 -2.60097 1.45954e+19 0.000349632 1260 162.8 -487448 0 0 -0.04184 0 0 -116.093 0 0 -1.82951e-15 0 0 
1499.07 -0.0939659 -3.96367 -6.7986e-05 -2.60225 1.52378e+19 0.000326482 1260 162.8 -504437 0 0 -0.04184 0 0 -116.093 0 0 -1.82854e-15 0 0 
1499.13 -0.0970965 -3.9668 -6.79862e-05 -2.6036 1.59107e+19 0.000304809 1260 162.8 -522062 0 0 -0.04184 0 0 -116.093 0 0 -1.82748e-15 0 0 
1499.19 -0.100315 -3.97002 -6.79864e-05 -2.60504 1.66156e+19 0.00028455 1260 162.8 -540349 0 0 -0.04184 0 0 -116.093 0 0 -1.82633e-15 0 0 
1499.25 -0.103625 -3.97333 -6.79866e-05 -2.60658 1.73538e+19 0.000265644 1260 162.8 -559324 0 0 -0.04184 0 0 -116.093 0 0 -1.82508e-15 0 0 
1499.31 -0.107028 -3.97673 -6.79868e-05 -2.60821 1.81268e+19 0.000248024 1260 162.8 -579016 0 0 -0.04184 0 0 -116.093 0 0 -1.82372e-15 0 0 
1499.37 -0.110528 -3.98023 -6.7987e-05 -2.60994 1.89364e+19 0.000231627 1260 162.8 -599454 0 0 -0.04184 0 0 -116.093 0 0 -1.82225e-15 0 0 
1499.43 -0.114128 -3.98383 -6.79872e-05 -2.61178 1.9784e+19 0.000216387 1260 162.8 -620667 0 0 -0.04184 0 0 -116.093 0 0 -1.82068e-15 0 0 
1499.49 -0.11783 -3.98753 -6.79873e-05 -2.61373 2.06714e+19 0.00020224 1260 162.8 -642686 0 0 -0.04184 0 0 -116.093 0 0 -1.819e-15 0 0 
1499.55 -0.121639 -3.99134 -6.79875e-05 -2.61581 2.16005e+19 0.000189121 1260 162.8 -665543 0 0 -0.04184 0 0 -116.093 0 0 -1.8172e-15 0 0 
1499.61 -0.125557 -3.99526 -6.79877e-05 -2.61801 2.25731e+19 0.000176969 1260 162.8 -689273 0 0 -0.04184 0 0 -116.093 0 0 -1.8153e-15 0 0 
1499.66 -0.129588 -3.99929 -6.79878e-05 -2.62034 2.35912e+19 0.00016572 1260 162.8 -713910 0 0 -0.04184 0 0 -116.093 0 0 -1.81328e-15 0 0 
1499.72 -0.133736 -4.00344 -6.79879e-05 -2.62281 2.46569e+19 0.000155315 1260 162.8 -739490 0 0 -0.04184 0 0 -116.093 0 0 -1.81114e-15 0 0 
1499.78 -0.138004 -4.00771 -6.79881e-05 -2.62543 2.57724e+19 0.000145696 1260 162.8 -766050 0 0 -0.04184 0 0 -116.093 0 0 -1.80889e-15 0 0 
1499.83 -0.142397 -4.0121 -6.79882e-05 -2.62819 2.69399e+19 0.000136805 1260 162.8 -793631 0 0 -0.04184 0 0 -116.093 0 0 -1.80653e-15 0 0 
1499.89 -0.146918 -4.01662 -6.79883e-05 -2.63111 2.81618e+19 0.000128589 1260 162.8 -822272 0 0 -0.04184 0 0 -116.093 0 0 -1.80406e-15 0 0 
1499.94 -0.151571 -4.02127 -6.79884e-05 -2.63419 2.94406e+19 0.000120996 1260 162.8 -852015 0 0 -0.04184 0 0 -116.093 0 0 -1.80148e-15 0 0 
1500 -0.15636 -4.02606 -6.79885e-05 -2.63744 3.0779e+19 0.000113978 1260 162.8 -867117 0 0 -0.04184 0 0 -116.093 0 0 -1.80017e-15 0 0 
1500 0.0977436 -4.60972 -6.79885e-05 -2.63744 7.2689e+16 2.26592e-14 762 538.92 -407560 0 0 -0.0458331 0 0 -116.093 0 0 -2.8327e-21 0 0 
1500.06 0.0954993 -4.61197 -6.80575e-05 -2.76442 7.92243e+16 2.82279e-12 762 538.92 -403162 0 0 -0.0458331 0 0 -116.093 0 0 -1.77992e-19 0 0 
1500.11 0.0933035 -4.61416 -6.81208e-05 -2.89137 8.61816e+16 3.51984e-10 762 538.92 -394414 0 0 -0.0458331 0 0 -116.093 0 0 -1.96805e-17 0 0 
1500.17 0.0911555 -4.61631 -6.8179e-05 -3.01567 9.35719e+16 3.96767e-08 762 538.92 -385766 0 0 -0.0458331 0 0 -116.093 0 0 -3.35567e-16 0 0 
1500.22 0.0890549 -4.61841 -6.82327e-05 -3.09919 1.01405e+17 9.25615e-07 762 538.92 -377220 0 0 -0.0458331 0 0 -116.093 0 0 -9.70321e-16 0 0 
1500.28 0.0870011 -4.62046 -6.82824e-05 -3.13623 1.0969e+17 3.5813e-06 762 538.92 -368781 0 0 -0.0458331 0 0 -116.093 0 0 -1.43925e-15 0 0 
1500.33 0.0849935 -4.62247 -6.83283e-05 -3.15528 1.18434e+17 6.92597e-06 762 538.92 -360453 0 0 -0.0458331 0 0 -116.093 0 0 -1.61899e-15 0 0 
1500.39 0.0830314 -4.62443 -6.83708e-05 -3.16761 1.27644e+17 1.034e-05 762 538.92 -352240 0 0 -0.0458331 0 0 -116.093 0 0 -1.69133e-15 0 0 
1500.44 0.0811142 -4.62635 -6.84103e-05 -3.17672 1.37324e+17 1.36587e-05 762 538.92 -344145 0 0 -0.0458331 0 0 -116.093 0 0 -1.72799e-15 0 0 
1500.5 0.0792412 -4.62822 -6.84471e-05 -3.184 1.47477e+17 1.6838e-05 762 538.92 -336170 0 0 -0.0458331 0 0 -116.093 0 0 -1.74984e-15 0 0 
1500.55 0.0774119 -4.63005 -6.84814e-05 -3.19011 1.58107e+17 1.98701e-05 762 538.92 -328320 0 0 -0.0458331 0 0 -116.093 0 0 -1.76429e-15 0 0 
1500.61 0.0756254 -4.63184 -6.85134e-05 -3.19541 1.69213e+17 2.27596e-05 762 538.92 -320595 0 0 -0.0458331 0 0 -116.093 0 0 -1.77454e-15 0 0 
1500.66 0.0738811 -4.63358 -6.85433e-05 -3.20011 1.80794e+17 2.55163e-05 762 538.92 -313000 0 0 -0.0458331 0 0 -116.093 0 0 -1.7822e-15 0 0 
1500.72 0.0721783 -4.63529 -6.85713e-05 -3.20435 1.92849e+17 2.81514e-05 762 538.92 -305535 0 0 -0.0458331 0 0 -116.093 0 0 -1.78815e-15 0 0 
1500.77 0.0705162 -4.63695 -6.85976e-05 -3.20823 2.05373e+17 3.06765e-05 762 538.92 -298203 0 0 -0.0458331 0 0 -116.093 0 0 -1.7929e-15 0 0 
1500.83 0.0688941 -4.63857 -6.86223e-05 -3.21182 2.18361e+17 3.31026e-05 762 538.92 -291005 0 0 -0.0458331 0 0 -116.093 0 0 -1.7968e-15 0 0 
1500.88 0.0673113 -4.64015 -6.86456e-05 -3.21517 2.31806e+17 3.54403e-05 762 538.92 -283942 0 0 -0.0458331 0 0 -116.093 0 0 -1.80006e-15 0 0 
1500.94 0.065767 -4.6417 -6.86675e-05 -3.21831 2.45701e+17 3.76994e-05 762 538.92 -277015 0 0 -0.0458331 0 0 -116.093 0 0 -1.80284e-15 0 0 
1500.99 0.0642604 -4.6432 -6.86883e-05 -3.22128 2.60036e+17 3.98887e-05 762 538.92 -270224 0 0 -0.0458331 0 0 -116.093 0 0 -1.80523e-15 0 0 
1501.05 0.0627909 -4.64467 -6.87078e-05 -3.22409 2.748e+17 4.20164e-05 762 538.92 -263570 0 0 -0.0458331 0 0 -116.093 0 0 -1.80732e-15 0 0 
1501.1 0.0613577 -4.64611 -6.87264e-05 -3.22677 2.89983e+17 4.409e-05 762 538.92 -257053 0 0 -0.0458331 0 0 -116.093 0 0 -1.80917e-15 0 0 
1501.16 0.0599599 -4.6475 -6.8744e-05 -3.22933 3.05571e+17 4.61163e-05 762 538.92 -250672 0 0 -0.0458331 0 0 -116.093 0 0 -1.81081e-15 0 0 
1501.21 0.058597 -4.64887 -6.87607e-05 -3.23178 3.2155e+17 4.81014e-05 762 538.92 -244428 0 0 -0.0458331 0 0 -116.093 0 0 -1.8123e-15 0 0 
1501.27 0.057268 -4.6502 -6.87765e-05 -3.23414 3.37907e+17 5.00508e-05 762 538.92 -238319 0 0 -0.0458331 0 0 -116.093 0 0 -1.81364e-15 0 0 
1501.32 0.0559723 -4.65149 -6.87917e-05 -3.23641 3.54625e+17 5.19697e-05 762 538.92 -232344 0 0 -0.0458331 0 0 -116.093 0 0 -1.81486e-15 0 0 
1501.38 0.0547091 -4.65276 -6.88061e-05 -3.23859 3.71688e+17 5.38625e-05 762 538.92 -226503 0 0 -0.0458331 0 0 -116.093 0 0 -1.81599e-15 0 0 
1501.43 0.0534778 -4.65399 -6.88198e-05 -3.24071 3.89079e+17 5.57334e-05 762 538.92 -220794 0 0 -0.0458331 0 0 -116.093 0 0 -1.81702e-15 0 0 
1501.49 0.0522775 -4.65519 -6.8833e-05 -3.24275 4.06781e+17 5.75863e-05 762 538.92 -215215 0 0 -0.0458331 0 0 -116.093 0 0 -1.81798e-15 0 0 
1501.54 0.0511076 -4.65636 -6.88456e-05 -3.24474 4.24776e+17 5.94245e-05 762 538.92 -209766 0 0 -0.0458331 0 0 -116.093 0 0 -1.81888e-15 0 0 
1501.6 0.0499673 -4.6575 -6.88577e-05 -3.24666 4.43045e+17 6.12511e-05 762 538.92 -204444 0 0 -0.0458331 0 0 -116.093 0 0 -1.81972e-15 0 0 
1501.65 0.048856 -4.65861 -6.88692e-05 -3.24853 4.6157e+17 6.30689e-05 762 538.92 -199247 0 0 -0.0458331 0 0 -116.093 0 0 -1.8205e-15 0 0 
1501.71 0.047773 -4.65969 -6.88804e-05 -3.25034 4.80331e+17 6.48806e-05 762 538.92 -194175 0 0 -0.0458331 0 0 -116.093 0 0 -1.82124e-15 0 0 
1501.76 0.0467175 -4.66075 -6.88911e-05 -3.25211 4.99311e+17 6.66885e-05 762 538.92 -189224 0 0 -0.0458331 0 0 -116.093 0 0 -1.82194e-15 0 0 
1501.82 0.045689 -4.66178 -6.89013e-05 -3.25383 5.18488e+17 6.84947e-05 762 538.92 -184393 0 0 -0.0458331 0 0 -116.093 0 0 -1.82261e-15 0 0 
1501.87 0.0446867 -4.66278 -6.89113e-05 -3.2555 5.37845e+17 7.03012e-05 762 538.92 -179679 0 0 -0.0458331 0 0 -116.093 0 0 -1.82324e-15 0 0 
1501.93 0.0437101 -4.66375 -6.89208e-05 -3.25714 5.57362e+17 7.21097e-05 762 538.92 -175081 0 0 -0.0458331 0 0 -116.093 0 0 -1.82384e-15 0 0 
1501.98 0.0427585 -4.66471 -6.89301e-05 -3.25873 5.77021e+17 7.39219e-05 762 538.92 -170596 0 0 -0.0458331 0 0 -116.093 0 0 -1.82441e-15 0 0 
1502.04 0.0418313 -4.66563 -6.8939e-05 -3.26028 5.96801e+17 7.57393e-05 762 538.92 -166222 0 0 -0.0458331 0 0 -116.093 0 0 -1.82495e-15 0 0 
1502.09 0.0409279 -4.66654 -6.89476e-05 -3.2618 6.16685e+17 7.75632e-05 762 538.92 -161956 0 0 -0.0458331 0 0 -116.093 0 0 -1.82548e-15 0 0 
1502.15 0.0400477 -4.66742 -6.8956e-05 -3.26329 6.36655e+17 7.9395e-05 762 538.92 -157797 0 0 -0.0458331 0 0 -116.093 0 0 -1.82598e-15 0 0 
1502.2 0.0391901 -4.66827 -6.89641e-05 -3.26474 6.56692e+17 8.12356e-05 762 538.92 -153742 0 0 -0.0458331 0 0 -116.093 0 0 -1.82646e-15 0 0 
1502.26 0.0383545 -4.66911 -6.89719e-05 -3.26615 6.76779e+17 8.30863e-05 762 538.92 -149789 0 0 -0.0458331 0 0 -116.093 0 0 -1.82692e-15 0 0 
1502.31 0.0375404 -4.66992 -6.89795e-05 -3.26754 6.96898e+17 8.4948e-05 762 538.92 -145935 0 0 -0.0458331 0 0 -116.093 0 0 -1.82737e-15 0 0 
1502.37 0.0367473 -4.67072 -6.89869e-05 -3.2689 7.17034e+17 8.68215e-05 762 538.92 -142179 0 0 -0.0458331 0 0 -116.093 0 0 -1.8278e-15 0 0 
1502.42 0.0359745 -4.67149 -6.89941e-05 -3.27023 7.37169e+17 8.87077e-05 762 538.92 -138518 0 0 -0.0458331 0 0 -116.093 0 0 -1.82821e-15 0 0 
1502.48 0.0352217 -4.67224 -6.90012e-05 -3.27153 7.57288e+17 9.06073e-05 762 538.92 -134950 0 0 -0.0458331 0 0 -116.093 0 0 -1.82861e-15 0 0 
1502.53 0.0344883 -4.67298 -6.9008e-05 -3.2728 7.77375e+17 9.25211e-05 762 538.92 -131473 0 0 -0.0458331 0 0 -116.093 0 0 -1.829e-15 0 0 
1502.59 0.0337738 -4.67369 -6.90146e-05 -3.27405 7.97416e+17 9.44497e-05 762 538.92 -128084 0 0 -0.0458331 0 0 -116.093 0 0 -1.82938e-15 0 0 
1502.64 0.0330777 -4.67439 -6.90211e-05 -3.27527 8.17398e+17 9.63936e-05 762 538.92 -124782 0 0 -0.0458331 0 0 -116.093 0 0 -1.82974e-15 0 0 
1502.7 0.0323995 -4.67507 -6.90274e-05 -3.27647 8.37305e+17 9.83535e-05 762 538.92 -121564 0 0 -0.0458331 0 0 -116.093 0 0 -1.83009e-15 0 0 
1502.75 0.0317389 -4.67573 -6.90336e-05 -3.27765 8.57125e+17 0.00010033 762 538.92 -118428 0 0 -0.0458331 0 0 -116.093 0 0 -1.83043e-15 0 0 
1502.81 0.0310953 -4.67637 -6.90397e-05 -3.2788 8.76846e+17 0.000102323 762 538.92 -115372 0 0 -0.0458331 0 0 -116.093 0 0 -1.83076e-15 0 0 
1502.86 0.0304683 -4.677 -6.90456e-05 -3.27993 8.96456e+17 0.000104334 762 538.92 -112395 0 0 -0.0458331 0 0 -116.093 0 0 -1.83108e-15 0 0 
1502.92 0.0298574 -4.67761 -6.90513e-05 -3.28104 9.15944e+17 0.000106362 762 538.92 -109495 0 0 -0.0458331 0 0 -116.093 0 0 -1.8314e-15 0 0 
1502.97 0.0292624 -4.6782 -6.9057e-05 -3.28212 9.35299e+17 0.000108408 762 538.92 -106668 0 0 -0.0458331 0 0 -116.093 0 0 -1.8317e-15 0 0 
1503.03 0.0286827 -4.67878 -6.90625e-05 -3.28319 9.5451e+17 0.000110473 762 538.92 -103915 0 0 -0.0458331 0 0 -116.093 0 0 -1.832e-15 0 0 
1503.08 0.0281179 -4.67935 -6.9068e-05 -3.28424 9.73569e+17 0.000112557 762 538.92 -101232 0 0 -0.0458331 0 0 -116.093 0 0 -1.83228e-15 0 0 
1503.14 0.0275678 -4.6799 -6.90733e-05 -3.28527 9.92466e+17 0.00011466 762 538.92 -98617.5 0 0 -0.0458331 0 0 -116.093 0 0 -1.83256e-15 0 0 
1503.19 0.0270318 -4.68043 -6.90785e-05 -3.28628 1.01119e+18 0.000116782 762 538.92 -96070.7 0 0 -0.0458331 0 0 -116.093 0 0 -1.83284e-15 0 0 
1503.25 0.0265097 -4.68095 -6.90837e-05 -3.28727 1.02974e+18 0.000118923 762 538.92 -93589.5 0 0 -0.0458331 0 0 -116.093 0 0 -1.8331e-15 0 0 
1503.3 0.0260011 -4.68146 -6.90887e-05 -3.28824 1.04811e+18 0.000121085 762 538.92 -91172 0 0 -0.0458331 0 0 -116.093 0 0 -1.83336e-15 0 0 
1503.36 0.0255056 -4.68196 -6.90937e-05 -3.2892 1.06628e+18 0.000123266 762 538.92 -88816.8 0 0 -0.0458331 0 0 -116.093 0 0 -1.83361e-15 0 0 
1503.41 0.025023 -4.68244 -6.90985e-05 -3.29014 1.08425e+18 0.000125468 762 538.92 -86522.3 0 0 -0.0458331 0 0 -116.093 0 0 -1.83386e-15 0 0 
1503.47 0.0245528 -4.68291 -6.91033e-05 -3.29107 1.10202e+18 0.00012769 762 538.92 -84286.8 0 0 -0.0458331 0 0 -116.093 0 0 -1.8341e-15 0 0 
1503.52 0.0240947 -4.68337 -6.9108e-05 -3.29197 1.11958e+18 0.000129932 762 538.92 -82108.8 0 0 -0.0458331 0 0 -116.093 0 0 -1.83433e-15 0 0 
1503.58 0.0236485 -4.68382 -6.91127e-05 -3.29287 1.13693e+18 0.000132195 762 538.92 -79987 0 0 -0.0458331 0 0 -116.093 0 0 -1.83456e-15 0 0 
1503.63 0.0232138 -4.68425 -6.91172e-05 -3.29374 1.15406e+18 0.000134479 762 538.92 -77919.8 0 0 -0.0458331 0 0 -116.093 0 0 -1.83478e-15 0 0 
1503.69 0.0227903 -4.68467 -6.91217e-05 -3.29461 1.17097e+18 0.000136784 762 538.92 -75905.8 0 0 -0.0458331 0 0 -116.093 0 0 -1.835e-15 0 0 
1503.74 0.0223778 -4.68509 -6.91262e-05 -3.29545 1.18765e+18 0.00013911 762 538.92 -73943.7 0 0 -0.0458331 0 0 -116.093 0 0 -1.83521e-15 0 0 
1503.8 0.021976 -4.68549 -6.91306e-05 -3.29629 1.2041e+18 0.000141457 762 538.92 -72032.2 0 0 -0.0458331 0 0 -116.093 0 0 -1.83542e-15 0 0 
1503.85 0.0215845 -4.68588 -6.91349e-05 -3.29711 1.22032e+18 0.000143825 762 538.92 -70169.8 0 0 -0.0458331 0 0 -116.093 0 0 -1.83562e-15 0 0 
1503.91 0.0212032 -4.68626 -6.91391e-05 -3.29792 1.2363e+18 0.000146214 762 538.92 -68355.5 0 0 -0.0458331 0 0 -116.093 0 0 -1.83582e-15 0 0 
1503.96 0.0208317 -4.68663 -6.91434e-05 -3.29871 1.25205e+18 0.000148625 762 538.92 -66587.8 0 0 -0.0458331 0 0 -116.093 0 0 -1.83601e-15 0 0 
1504.02 0.0204698 -4.68699 -6.91475e-05 -3.29949 1.26757e+18 0.000151057 762 538.92 -64865.7 0 0 -0.0458331 0 0 -116.093 0 0 -1.8362e-15 0 0 
1504.07 0.0201173 -4.68735 -6.91516e-05 -3.30026 1.28284e+18 0.00015351 762 538.92 -63187.9 0 0 -0.0458331 0 0 -116.093 0 0 -1.83639e-15 0 0 
1504.13 0.0197739 -4.68769 -6.91557e-05 -3.30102 1.29787e+18 0.000155985 762 538.92 -61553.3 0 0 -0.0458331 0 0 -116.093 0 0 -1.83657e-15 0 0 
1504.19 0.0194394 -4.68803 -6.91597e-05 -3.30176 1.31267e+18 0.000158482 762 538.92 -59960.8 0 0 -0.0458331 0 0 -116.093 0 0 -1.83675e-15 0 0 
1504.24 0.0191136 -4.68835 -6.91637e-05 -3.3025 1.32722e+18 0.000160999 762 538.92 -58409.3 0 0 -0.0458331 0 0 -116.093 0 0 -1.83692e-15 0 0 
1504.3 0.0187961 -4.68867 -6.91676e-05 -3.30322 1.34153e+18 0.000163539 762 538.92 -56897.8 0 0 -0.0458331 0 0 -116.093 0 0 -1.83709e-15 0 0 
1504.35 0.0184869 -4.68898 -6.91715e-05 -3.30393 1.3556e+18 0.0001661 762 538.92 -55425.1 0 0 -0.0458331 0 0 -116.093 0 0 -1.83726e-15 0 0 
1504.41 0.0181857 -4.68928 -6.91753e-05 -3.30463 1.36943e+18 0.000168682 762 538.92 -53990.4 0 0 -0.0458331 0 0 -116.093 0 0 -1.83742e-15 0 0 
1504.46 0.0178923 -4.68957 -6.91791e-05 -3.30532 1.38302e+18 0.000171286 762 538.92 -52592.6 0 0 -0.0458331 0 0 -116.093 0 0 -1.83758e-15 0 0 
1504.52 0.0176065 -4.68986 -6.91829e-05 -3.306 1.39638e+18 0.000173911 762 538.92 -51230.7 0 0 -0.0458331 0 0 -116.093 0 0 -1.83774e-15 0 0 
1504.57 0.0173281 -4.69014 -6.91866e-05 -3.30667 1.40949e+18 0.000176557 762 538.92 -49903.9 0 0 -0.0458331 0 0 -116.093 0 0 -1.83789e-15 0 0 
1504.63 0.0170569 -4.69041 -6.91903e-05 -3.30733 1.42237e+18 0.000179225 762 538.92 -48611.2 0 0 -0.0458331 0 0 -116.093 0 0 -1.83804e-15 0 0 
1504.68 0.0167927 -4.69067 -6.9194e-05 -3.30798 1.43501e+18 0.000181914 762 538.92 -47351.8 0 0 -0.0458331 0 0 -116.093 0 0 -1.83819e-15 0 0 
1504.74 0.0165354 -4.69093 -6.91976e-05 -3.30862 1.44741e+18 0.000184625 762 538.92 -46124.7 0 0 -0.0458331 0 0 -116.093 0 0 -1.83834e-15 0 0 
1504.79 0.0162848 -4.69118 -6.92012e-05 -3.30925 1.45959e+18 0.000187357 762 538.92 -44929.2 0 0 -0.0458331 0 0 -116.093 0 0 -1.83848e-15 0 0 
1504.85 0.0160406 -4.69142 -6.92048e-05 -3.30987 1.47153e+18 0.00019011 762 538.92 -43764.5 0 0 -0.0458331 0 0 -116.093 0 0 -1.83862e-15 0 0 
1504.9 0.0158028 -4.69166 -6.92083e-05 -3.31048 1.48325e+18 0.000192884 762 538.92 -42629.7 0 0 -0.0458331 0 0 -116.093 0 0 -1.83875e-15 0 0 
1504.96 0.0155711 -4.69189 -6.92118e-05 -3.31108 1.49474e+18 0.000195679 762 538.92 -41524.1 0 0 -0.0458331 0 0 -116.093 0 0 -1.83889e-15 0 0 
1505.01 0.0153455 -4.69212 -6.92153e-05 -3.31168 1.506e+18 0.000198495 762 538.92 -40446.8 0 0 -0.0458331 0 0 -116.093 0 0 -1.83902e-15 0 0 
1505.07 0.0151257 -4.69234 -6.92188e-05 -3.31226 1.51704e+18 0.000201333 762 538.92 -39397.3 0 0 -0.0458331 0 0 -116.093 0 0 -1.83915e-15 0 0 
1505.12 0.0149116 -4.69255 -6.92222e-05 -3.31284 1.52787e+18 0.000204191 762 538.92 -38374.7 0 0 -0.0458331 0 0 -116.093 0 0 -1.83928e-15 0 0 
1505.18 0.014703 -4.69276 -6.92256e-05 -3.31341 1.53847e+18 0.000207069 762 538.92 -37378.4 0 0 -0.0458331 0 0 -116.093 0 0 -1.8394e-15 0 0 
1505.23 0.0144999 -4.69296 -6.9229e-05 -3.31398 1.54887e+18 0.000209969 762 538.92 -36407.7 0 0 -0.0458331 0 0 -116.093 0 0 -1.83952e-15 0 0 
1505.29 0.0143021 -4.69316 -6.92324e-05 -3.31453 1.55904e+18 0.000212889 762 538.92 -35461.9 0 0 -0.0458331 0 0 -116.093 0 0 -1.83964e-15 0 0 
1505.34 0.0141094 -4.69336 -6.92358e-05 -3.31508 1.56901e+18 0.000215829 762 538.92 -34540.4 0 0 -0.0458331 0 0 -116.093 0 0 -1.83976e-15 0 0 
1505.4 0.0139217 -4.69354 -6.92391e-05 -3.31562 1.57878e+18 0.00021879 762 538.92 -33642.6 0 0 -0.0458331 0 0 -116.093 0 0 -1.83988e-15 0 0 
1505.45 0.0137389 -4.69373 -6.92424e-05 -3.31615 1.58834e+18 0.000221771 762 538.92 -32767.7 0 0 -0.0458331 0 0 -116.093 0 0 -1.83999e-15 0 0 
1505.51 0.0135608 -4.6939 -6.92457e-05 -3.31668 1.5977e+18 0.000224773 762 538.92 -31915.3 0 0 -0.0458331 0 0 -116.093 0 0 -1.8401e-15 0 0 
1505.56 0.0133874 -4.69408 -6.92489e-05 -3.31719 1.60685e+18 0.000227794 762 538.92 -31084.8 0 0 -0.0458331 0 0 -116.093 0 0 -1.84021e-15 0 0 
1505.62 0.0132184 -4.69425 -6.92522e-05 -3.31771 1.61582e+18 0.000230835 762 538.92 -30275.6 0 0 -0.0458331 0 0 -116.093 0 0 -1.84032e-15 0 0 
1505.67 0.0130539 -4.69441 -6.92554e-05 -3.31821 1.62459e+18 0.000233897 762 538.92 -29487.1 0 0 -0.0458331 0 0 -116.093 0 0 -1.84042e-15 0 0 
1505.73 0.0128937 -4.69457 -6.92586e-05 -3.31871 1.63317e+18 0.000236978 762 538.92 -28718.8 0 0 -0.0458331 0 0 -116.093 0 0 -1.84053e-15 0 0 
1505.78 0.0127376 -4.69473 -6.92618e-05 -3.3192 1.64157e+18 0.000240078 762 538.92 -27970.2 0 0 -0.0458331 0 0 -116.093 0 0 -1.84063e-15 0 0 
1505.84 0.0125857 -4.69488 -6.9265e-05 -3.31969 1.64978e+18 0.000243199 762 538.92 -27240.8 0 0 -0.0458331 0 0 -116.093 0 0 -1.84073e-15 0 0 
1505.89 0.0124376 -4.69503 -6.92682e-05 -3.32017 1.65781e+18 0.000246338 762 538.92 -26530 0 0 -0.0458331 0 0 -116.093 0 0 -1.84083e-15 0 0 
1505.95 0.0122935 -4.69517 -6.92713e-05 -3.32064 1.66567e+18 0.000249497 762 538.92 -25837.4 0 0 -0.0458331 0 0 -116.093 0 0 -1.84093e-15 0 0 
1506 0.0121531 -4.69531 -6.92745e-05 -3.32111 1.67335e+18 0.000252675 762 538.92 -25162.6 0 0 -0.0458331 0 0 -116.093 0 0 -1.84103e-15 0 0 
1506.06 0.0120164 -4.69545 -6.92776e-05 -3.32157 1.68086e+18 0.000255872 762 538.92 -24504.9 0 0 -0.0458331 0 0 -116.093 0 0 -1.84112e-15 0 0 
1506.11 0.0118832 -4.69558 -6.92807e-05 -3.32203 1.68819e+18 0.000259088 762 538.92 -23864.1 0 0 -0.0458331 0 0 -116.093 0 0 -1.84122e-15 0 0 
1506.17 0.0117535 -4.69571 -6.92838e-05 -3.32248 1.69537e+18 0.000262322 762 538.92 -23239.7 0 0 -0.0458331 0 0 -116.093 0 0 -1.84131e-15 0 0 
1506.22 0.0116273 -4.69584 -6.92869e-05 -3.32292 1.70238e+18 0.000265575 762 538.92 -22631.2 0 0 -0.0458331 0 0 -116.093 0 0 -1.8414e-15 0 0 
1506.28 0.0115043 -4.69596 -6.929e-05 -3.32336 1.70923e+18 0.000268847 762 538.92 -22038.2 0 0 -0.0458331 0 0 -116.093 0 0 -1.84149e-15 0 0 
1506.33 0.0113846 -4.69608 -6.9293e-05 -3.3238 1.71592e+18 0.000272137 762 538.92 -21460.3 0 0 -0.0458331 0 0 -116.093 0 0 -1.84158e-15 0 0 
1506.39 0.0112679 -4.6962 -6.92961e-05 -3.32422 1.72246e+18 0.000275445 762 538.92 -20897.1 0 0 -0.0458331 0 0 -116.093 0 0 -1.84166e-15 0 0 
1506.44 0.0111544 -4.69631 -6.92991e-05 -3.32465 1.72885e+18 0.000278771 762 538.92 -20348.3 0 0 -0.0458331 0 0 -116.093 0 0 -1.84175e-15 0 0 
1506.5 0.0110438 -4.69642 -6.93021e-05 -3.32507 1.73508e+18 0.000282115 762 538.92 -19813.5 0 0 -0.0458331 0 0 -116.093 0 0 -1.84183e-15 0 0 
1506.55 0.0109362 -4.69653 -6.93051e-05 -3.32548 1.74118e+18 0.000285477 762 538.92 -19292.2 0 0 -0.0458331 0 0 -116.093 0 0 -1.84192e-15 0 0 
1506.61 0.0108314 -4.69663 -6.93081e-05 -3.32589 1.74713e+18 0.000288857 762 538.92 -18784.2 0 0 -0.0458331 0 0 -116.093 0 0 -1.842e-15 0 0 
1506.66 0.0107293 -4.69674 -6.93111e-05 -3.32629 1.75294e+18 0.000292254 762 538.92 -18289.1 0 0 -0.0458331 0 0 -116.093 0 0 -1.84208e-15 0 0 
1506.72 0.01063 -4.69683 -6.93141e-05 -3.32669 1.75861e+18 0.000295669 762 538.92 -17806.5 0 0 -0.0458331 0 0 -116.093 0 0 -1.84216e-15 0 0 
1506.77 0.0105332 -4.69693 -6.93171e-05 -3.32709 1.76414e+18 0.0002991 762 538.92 -17336.2 0 0 -0.0458331 0 0 -116.093 0 0 -1.84224e-15 0 0 
1506.83 0.010439 -4.69703 -6.932e-05 -3.32748 1.76955e+18 0.000302549 762 538.92 -16877.7 0 0 -0.0458331 0 0 -116.093 0 0 -1.84231e-15 0 0 
1506.88 0.0103473 -4.69712 -6.9323e-05 -3.32787 1.77482e+18 0.000306015 762 538.92 -16430.9 0 0 -0.0458331 0 0 -116.093 0 0 -1.84239e-15 0 0 
1506.94 0.0102581 -4.69721 -6.93259e-05 -3.32825 1.77997e+18 0.000309497 762 538.92 -15995.3 0 0 -0.0458331 0 0 -116.093 0 0 -1.84247e-15 0 0 
1506.99 0.0101712 -4.69729 -6.93289e-05 -3.32863 1.785e+18 0.000312996 762 538.92 -15570.7 0 0 -0.0458331 0 0 -116.093 0 0 -1.84254e-15 0 0 
1507.05 0.0100866 -4.69738 -6.93318e-05 -3.329 1.7899e+18 0.000316512 762 538.92 -15156.8 0 0 -0.0458331 0 0 -116.093 0 0 -1.84262e-15 0 0 
1507.1 0.0100043 -4.69746 -6.93347e-05 -3.32937 1.79468e+18 0.000320044 762 538.92 -14753.3 0 0 -0.0458331 0 0 -116.093 0 0 -1.84269e-15 0 0 
1507.16 0.00992411 -4.69754 -6.93376e-05 -3.32973 1.79934e+18 0.000323592 762 538.92 -14360 0 0 -0.0458331 0 0 -116.093 0 0 -1.84276e-15 0 0 
1507.21 0.0098461 -4.69762 -6.93406e-05 -3.33009 1.80389e+18 0.000327156 762 538.92 -13976.5 0 0 -0.0458331 0 0 -116.093 0 0 -1.84283e-15 0 0 
1507.27 0.00977018 -4.69769 -6.93435e-05 -3.33045 1.80833e+18 0.000330736 762 538.92 -13602.7 0 0 -0.0458331 0 0 -116.093 0 0 -1.8429e-15 0 0 
1507.32 0.00969629 -4.69777 -6.93463e-05 -3.33081 1.81266e+18 0.000334332 762 538.92 -13238.1 0 0 -0.0458331 0 0 -116.093 0 0 -1.84297e-15 0 0 
1507.38 0.00962439 -4.69784 -6.93492e-05 -3.33115 1.81688e+18 0.000337944 762 538.92 -12882.7 0 0 -0.0458331 0 0 -116.093 0 0 -1.84304e-15 0 0 
1507.43 0.00955441 -4.69791 -6.93521e-05 -3.3315 1.82099e+18 0.000341571 762 538.92 -12536.1 0 0 -0.0458331 0 0 -116.093 0 0 -1.84311e-15 0 0 
1507.49 0.00948632 -4.69798 -6.9355e-05 -3.33184 1.825e+18 0.000345213 762 538.92 -12198.2 0 0 -0.0458331 0 0 -116.093 0 0 -1.84318e-15 0 0 
1507.54 0.00942007 -4.69804 -6.93578e-05 -3.33218 1.82891e+18 0.000348871 762 538.92 -11868.6 0 0 -0.0458331 0 0 -116.093 0 0 -1.84324e-15 0 0 
1507.6 0.00935561 -4.69811 -6.93607e-05 -3.33252 1.83273e+18 0.000352543 762 538.92 -11547.2 0 0 -0.0458331 0 0 -116.093 0 0 -1.84331e-15 0 0 
1507.65 0.0092929 -4.69817 -6.93636e-05 -3.33285 1.83644e+18 0.000356231 762 538.92 -11233.7 0 0 -0.0458331 0 0 -116.093 0 0 -1.84337e-15 0 0 
1507.71 0.00923189 -4.69823 -6.93664e-05 -3.33318 1.84006e+18 0.000359934 762 538.92 -10928 0 0 -0.0458331 0 0 -116.093 0 0 -1.84344e-15 0 0 
1507.76 0.00917255 -4.69829 -6.93693e-05 -3.3335 1.84359e+18 0.000363651 762 538.92 -10629.8 0 0 -0.0458331 0 0 -116.093 0 0 -1.8435e-15 0 0 
1507.82 0.00911483 -4.69835 -6.93721e-05 -3.33382 1.84702e+18 0.000367382 762 538.92 -10338.8 0 0 -0.0458331 0 0 -116.093 0 0 -1.84356e-15 0 0 
1507.87 0.00905868 -4.69841 -6.93749e-05 -3.33414 1.85037e+18 0.000371128 762 538.92 -10055 0 0 -0.0458331 0 0 -116.093 0 0 -1.84363e-15 0 0 
1507.93 0.00900409 -4.69846 -6.93778e-05 -3.33446 1.85363e+18 0.000374889 762 538.92 -9778.14 0 0 -0.0458331 0 0 -116.093 0 0 -1.84369e-15 0 0 
1507.98 0.008951 -4.69851 -6.93806e-05 -3.33477 1.8568e+18 0.000378663 762 538.92 -9507.97 0 0 -0.0458331 0 0 -116.093 0 0 -1.84375e-15 0 0 
1508.04 0.00889937 -4.69857 -6.93834e-05 -3.33508 1.85989e+18 0.000382452 762 538.92 -9244.34 0 0 -0.0458331 0 0 -116.093 0 0 -1.84381e-15 0 0 
1508.09 0.00884919 -4.69862 -6.93862e-05 -3.33538 1.8629e+18 0.000386254 762 538.92 -8987.07 0 0 -0.0458331 0 0 -116.093 0 0 -1.84387e-15 0 0 
1508.15 0.0088004 -4.69866 -6.9389e-05 -3.33569 1.86583e+18 0.00039007 762 538.92 -8735.98 0 0 -0.0458331 0 0 -116.093 0 0 -1.84393e-15 0 0 
1508.2 0.00875297 -4.69871 -6.93918e-05 -3.33599 1.86868e+18 0.0003939 762 538.92 -8490.91 0 0 -0.0458331 0 0 -116.093 0 0 -1.84399e-15 0 0 
1508.26 0.00870688 -4.69876 -6.93946e-05 -3.33628 1.87145e+18 0.000397744 762 538.92 -8251.67 0 0 -0.0458331 0 0 -116.093 0 0 -1.84405e-15 0 0 
1508.31 0.0086621 -4.6988 -6.93974e-05 -3.33658 1.87415e+18 0.0004016 762 538.92 -8018.12 0 0 -0.0458331 0 0 -116.093 0 0 -1.84411e-15 0 0 
1508.37 0.00861858 -4.69885 -6.94002e-05 -3.33687 1.87677e+18 0.00040547 762 538.92 -7790.08 0 0 -0.0458331 0 0 -116.093 0 0 -1.84416e-15 0 0 
1508.43 0.0085763 -4.69889 -6.9403e-05 -3.33716 1.87933e+18 0.000409354 762 538.92 -7567.41 0 0 -0.0458331 0 0 -116.093 0 0 -1.84422e-15 0 0 
1508.48 0.00853524 -4.69893 -6.94058e-05 -3.33744 1.88181e+18 0.00041325 762 538.92 -7349.94 0 0 -0.0458331 0 0 -116.093 0 0 -1.84428e-15 0 0 
1508.54 0.00849536 -4.69897 -6.94086e-05 -3.33773 1.88422e+18 0.000417159 762 538.92 -7137.53 0 0 -0.0458331 0 0 -116.093 0 0 -1.84434e-15 0 0 
1508.59 0.00845663 -4.69901 -6.94113e-05 -3.33801 1.88657e+18 0.000421081 762 538.92 -6930.04 0 0 -0.0458331 0 0 -116.093 0 0 -1.84439e-15 0 0 
1508.65 0.00841903 -4.69905 -6.94141e-05 -3.33829 1.88885e+18 0.000425016 762 538.92 -6727.31 0 0 -0.0458331 0 0 -116.093 0 0 -1.84445e-15 0 0 
1508.7 0.00838254 -4.69908 -6.94169e-05 -3.33856 1.89107e+18 0.000428963 762 538.92 -6529.22 0 0 -0.0458331 0 0 -116.093 0 0 -1.8445e-15 0 0 
1508.76 0.00834713 -4.69912 -6.94196e-05 -3.33884 1.89322e+18 0.000432923 762 538.92 -6335.62 0 0 -0.0458331 0 0 -116.093 0 0 -1.84456e-15 0 0 
1508.81 0.00831277 -4.69915 -6.94224e-05 -3.33911 1.89531e+18 0.000436896 762 538.92 -6146.38 0 0 -0.0458331 0 0 -116.093 0 0 -1.84461e-15 0 0 
1508.87 0.00827944 -4.69919 -6.94252e-05 -3.33937 1.89734e+18 0.00044088 762 538.92 -5961.38 0 0 -0.0458331 0 0 -116.093 0 0 -1.84466e-15 0 0 
1508.92 0.00824711 -4.69922 -6.94279e-05 -3.33964 1.89931e+18 0.000444877 762 538.92 -5780.48 0 0 -0.0458331 0 0 -116.093 0 0 -1.84472e-15 0 0 
1508.98 0.00821577 -4.69925 -6.94307e-05 -3.3399 1.90122e+18 0.000448886 762 538.92 -5603.55 0 0 -0.0458331 0 0 -116.093 0 0 -1.84477e-15 0 0 
1509.03 0.0081854 -4.69928 -6.94334e-05 -3.34016 1.90307e+18 0.000452907 762 538.92 -5430.49 0 0 -0.0458331 0 0 -116.093 0 0 -1.84482e-15 0 0 
1509.09 0.00815597 -4.69931 -6.94362e-05 -3.34042 1.90487e+18 0.000456941 762 538.92 -5261.17 0 0 -0.0458331 0 0 -116.093 0 0 -1.84488e-15 0 0 
1509.14 0.00812746 -4.69934 -6.94389e-05 -3.34068 1.90661e+18 0.000460986 762 538.92 -5095.47 0 0 -0.0458331 0 0 -116.093 0 0 -1.84493e-15 0 0 
1509.2 0.00809985 -4.69936 -6.94417e-05 -3.34093 1.9083e+18 0.000465042 762 538.92 -4933.28 0 0 -0.0458331 0 0 -116.093 0 0 -1.84498e-15 0 0 
1509.25 0.00807313 -4.69939 -6.94444e-05 -3.34118 1.90994e+18 0.000469111 762 538.92 -4774.49 0 0 -0.0458331 0 0 -116.093 0 0 -1.84503e-15 0 0 
1509.31 0.00804727 -4.69942 -6.94472e-05 -3.34143 1.91152e+18 0.000473191 762 538.92 -4618.99 0 0 -0.0458331 0 0 -116.093 0 0 -1.84508e-15 0 0 
1509.36 0.00802226 -4.69944 -6.94499e-05 -3.34168 1.91306e+18 0.000477283 762 538.92 -4466.67 0 0 -0.0458331 0 0 -116.093 0 0 -1.84514e-15 0 0 
1509.42 0.00799807 -4.69947 -6.94526e-05 -3.34193 1.91454e+18 0.000481387 762 538.92 -4317.42 0 0 -0.0458331 0 0 -116.093 0 0 -1.84519e-15 0 0 
1509.47 0.00797471 -4.69949 -6.94554e-05 -3.34217 1.91597e+18 0.000485502 762 538.92 -4171.15 0 0 -0.0458331 0 0 -116.093 0 0 -1.84524e-15 0 0 
1509.53 0.00795214 -4.69951 -6.94581e-05 -3.34241 1.91736e+18 0.000489628 762 538.92 -4027.75 0 0 -0.0458331 0 0 -116.093 0 0 -1.84529e-15 0 0 
1509.58 0.00793035 -4.69953 -6.94608e-05 -3.34265 1.9187e+18 0.000493766 762 538.92 -3887.13 0 0 -0.0458331 0 0 -116.093 0 0 -1.84534e-15 0 0 
1509.64 0.00790933 -4.69956 -6.94636e-05 -3.34289 1.91999e+18 0.000497915 762 538.92 -3749.18 0 0 -0.0458331 0 0 -116.093 0 0 -1.84539e-15 0 0 
1509.69 0.00788906 -4.69958 -6.94663e-05 -3.34312 1.92124e+18 0.000502076 762 538.92 -3613.82 0 0 -0.0458331 0 0 -116.093 0 0 -1.84544e-15 0 0 
1509.75 0.00786953 -4.6996 -6.9469e-05 -3.34336 1.92244e+18 0.000506247 762 538.92 -3480.95 0 0 -0.0458331 0 0 -116.093 0 0 -1.84549e-15 0 0 
1509.8 0.00785072 -4.69961 -6.94717e-05 -3.34359 1.9236e+18 0.00051043 762 538.92 -3350.47 0 0 -0.0458331 0 0 -116.093 0 0 -1.84554e-15 0 0 
1509.86 0.00783263 -4.69963 -6.94745e-05 -3.34382 1.92471e+18 0.000514624 762 538.92 -3222.3 0 0 -0.0458331 0 0 -116.093 0 0 -1.84559e-15 0 0 
1509.91 0.00781523 -4.69965 -6.94772e-05 -3.34405 1.92579e+18 0.00051883 762 538.92 -3096.36 0 0 -0.0458331 0 0 -116.093 0 0 -1.84563e-15 0 0 
1509.97 0.00779853 -4.69967 -6.94799e-05 -3.34427 1.92682e+18 0.000523046 762 538.92 -2972.54 0 0 -0.0458331 0 0 -116.093 0 0 -1.84568e-15 0 0 
1510.02 0.0077825 -4.69968 -6.94826e-05 -3.3445 1.92781e+18 0.000527274 762 538.92 -2850.78 0 0 -0.0458331 0 0 -116.093 0 0 -1.84573e-15 0 0 
1510.08 0.00776713 -4.6997 -6.94853e-05 -3.34472 1.92875e+18 0.000531512 762 538.92 -2730.98 0 0 -0.0458331 0 0 -116.093 0 0 -1.84578e-15 0 0 
1510.13 0.00775242 -4.69971 -6.9488e-05 -3.34494 1.92966e+18 0.000535762 762 538.92 -2613.06 0 0 -0.0458331 0 0 -116.093 0 0 -1.84583e-15 0 0 
1510.19 0.00773835 -4.69973 -6.94908e-05 -3.34516 1.93053e+18 0.000540023 762 538.92 -2496.94 0 0 -0.0458331 0 0 -116.093 0 0 -1.84588e-15 0 0 
1510.24 0.00772492 -4.69974 -6.94935e-05 -3.34538 1.93136e+18 0.000544295 762 538.92 -2382.54 0 0 -0.0458331 0 0 -116.093 0 0 -1.84592e-15 0 0 
1510.3 0.00771211 -4.69975 -6.94962e-05 -3.34559 1.93215e+18 0.000548578 762 538.92 -2269.79 0 0 -0.0458331 0 0 -116.093 0 0 -1.84597e-15 0 0 
1510.35 0.00769992 -4.69976 -6.94989e-05 -3.34581 1.93291e+18 0.000552872 762 538.92 -2158.59 0 0 -0.0458331 0 0 -116.093 0 0 -1.84602e-15 0 0 
1510.41 0.00768834 -4.69978 -6.95016e-05 -3.34602 1.93362e+18 0.000557177 762 538.92 -2048.89 0 0 -0.0458331 0 0 -116.093 0 0 -1.84607e-15 0 0 
1510.46 0.00767736 -4.69979 -6.95043e-05 -3.34623 1.9343e+18 0.000561494 762 538.92 -1940.6 0 0 -0.0458331 0 0 -116.093 0 0 -1.84611e-15 0 0 
1510.52 0.00766697 -4.6998 -6.9507e-05 -3.34644 1.93495e+18 0.000565822 762 538.92 -1833.64 0 0 -0.0458331 0 0 -116.093 0 0 -1.84616e-15 0 0 
1510.57 0.00765716 -4.69981 -6.95097e-05 -3.34664 1.93555e+18 0.000570161 762 538.92 -1727.95 0 0 -0.0458331 0 0 -116.093 0 0 -1.84621e-15 0 0 
1510.63 0.00764794 -4.69982 -6.95124e-05 -3.34685 1.93612e+18 0.000574511 762 538.92 -1623.45 0 0 -0.0458331 0 0 -116.093 0 0 -1.84625e-15 0 0 
1510.68 0.00763928 -4.69983 -6.95151e-05 -3.34705 1.93666e+18 0.000578872 762 538.92 -1520.06 0 0 -0.0458331 0 0 -116.093 0 0 -1.8463e-15 0 0 
1510.74 0.0076312 -4.69983 -6.95178e-05 -3.34726 1.93716e+18 0.000583245 762 538.92 -1417.73 0 0 -0.0458331 0 0 -116.093 0 0 -1.84635e-15 0 0 
1510.79 0.00762367 -4.69984 -6.95205e-05 -3.34746 1.93763e+18 0.00058763 762 538.92 -1316.37 0 0 -0.0458331 0 0 -116.093 0 0 -1.8464e-15 0 0 
1510.85 0.0076167 -4.69985 -6.95232e-05 -3.34766 1.93806e+18 0.000592026 762 538.92 -1215.92 0 0 -0.0458331 0 0 -116.093 0 0 -1.84644e-15 0 0 
1510.9 0.00761028 -4.69985 -6.95259e-05 -3.34786 1.93846e+18 0.000596433 762 538.92 -1116.3 0 0 -0.0458331 0 0 -116.093 0 0 -1.84649e-15 0 0 
1510.96 0.0076044 -4.69986 -6.95286e-05 -3.34805 1.93882e+18 0.000600852 762 538.92 -1017.46 0 0 -0.0458331 0 0 -116.093 0 0 -1.84654e-15 0 0 
1511.01 0.00759907 -4.69987 -6.95313e-05 -3.34825 1.93915e+18 0.000605283 762 538.92 -919.315 0 0 -0.0458331 0 0 -116.093 0 0 -1.84658e-15 0 0 
1511.07 0.00759428 -4.69987 -6.9534e-05 -3.34844 1.93945e+18 0.000609726 762 538.92 -821.805 0 0 -0.0458331 0 0 -116.093 0 0 -1.84663e-15 0 0 
1511.12 0.00759002 -4.69987 -6.95367e-05 -3.34863 1.93971e+18 0.000614181 762 538.92 -724.861 0 0 -0.0458331 0 0 -116.093 0 0 -1.84667e-15 0 0 
1511.18 0.0075863 -4.69988 -6.95394e-05 -3.34882 1.93994e+18 0.000618648 762 538.92 -628.417 0 0 -0.0458331 0 0 -116.093 0 0 -1.84672e-15 0 0 
1511.23 0.0075831 -4.69988 -6.95421e-05 -3.34901 1.94014e+18 0.000623127 762 538.92 -532.405 0 0 -0.0458331 0 0 -116.093 0 0 -1.84677e-15 0 0 
1511.29 0.00758043 -4.69988 -6.95448e-05 -3.3492 1.94031e+18 0.000627618 762 538.92 -436.76 0 0 -0.0458331 0 0 -116.093 0 0 -1.84681e-15 0 0 
1511.34 0.00757829 -4.69989 -6.95475e-05 -3.34939 1.94044e+18 0.000632122 762 538.92 -341.416 0 0 -0.0458331 0 0 -116.093 0 0 -1.84686e-15 0 0 
1511.4 0.00757667 -4.69989 -6.95502e-05 -3.34958 1.94054e+18 0.000636638 762 538.92 -246.307 0 0 -0.0458331 0 0 -116.093 0 0 -1.84691e-15 0 0 
1511.45 0.00757558 -4.69989 -6.95529e-05 -3.34976 1.94061e+18 0.000641167 762 538.92 -151.367 0 0 -0.0458331 0 0 -116.093 0 0 -1.84695e-15 0 0 
1511.51 0.00757501 -4.69989 -6.95556e-05 -3.34994 1.94064e+18 0.000645709 762 538.92 -56.531 0 0 -0.0458331 0 0 -116.093 0 0 -1.847e-15 0 0 
1511.56 0.00757496 -4.69989 -6.95583e-05 -3.35012 1.94065e+18 0.000650264 762 538.92 38.2661 0 0 -0.0458331 0 0 -116.093 0 0 -1.84704e-15 0 0 
1511.62 0.00757543 -4.69989 -6.9561e-05 -3.35031 1.94062e+18 0.000654833 762 538.92 133.09 0 0 -0.0458331 0 0 -116.093 0 0 -1.84709e-15 0 0 
1511.67 0.00757642 -4.69989 -6.95637e-05 -3.35048 1.94056e+18 0.000659415 762 538.92 228.006 0 0 -0.0458331 0 0 -116.093 0 0 -1.84714e-15 0 0 
1511.73 0.00757794 -4.69989 -6.95664e-05 -3.35066 1.94046e+18 0.00066401 762 538.92 323.079 0 0 -0.0458331 0 0 -116.093 0 0 -1.84718e-15 0 0 
1511.78 0.00757998 -4.69988 -6.95691e-05 -3.35084 1.94033e+18 0.00066862 762 538.92 418.376 0 0 -0.0458331 0 0 -116.093 0 0 -1.84723e-15 0 0 
1511.84 0.00758255 -4.69988 -6.95718e-05 -3.35101 1.94018e+18 0.000673243 762 538.92 513.961 0 0 -0.0458331 0 0 -116.093 0 0 -1.84727e-15 0 0 
1511.89 0.00758564 -4.69988 -6.95745e-05 -3.35119 1.93998e+18 0.000677881 762 538.92 609.901 0 0 -0.0458331 0 0 -116.093 0 0 -1.84732e-15 0 0 
1511.95 0.00758926 -4.69988 -6.95772e-05 -3.35136 1.93976e+18 0.000682534 762 538.92 706.262 0 0 -0.0458331 0 0 -116.093 0 0 -1.84737e-15 0 0 
1512 0.00759342 -4.69987 -6.95799e-05 -3.35153 1.9395e+18 0.000687201 762 538.92 803.11 0 0 -0.0458331 0 0 -116.093 0 0 -1.84741e-15 0 0 
1512.06 0.00759811 -4.69987 -6.95826e-05 -3.35171 1.93921e+18 0.000691884 762 538.92 900.511 0 0 -0.0458331 0 0 -116.093 0 0 -1.84746e-15 0 0 
1512.11 0.00760334 -4.69986 -6.95853e-05 -3.35187 1.93888e+18 0.000696582 762 538.92 998.534 0 0 -0.0458331 0 0 -116.093 0 0 -1.8475e-15 0 0 
1512.17 0.00760911 -4.69986 -6.9588e-05 -3.35204 1.93853e+18 0.000701296 762 538.92 1097.25 0 0 -0.0458331 0 0 -116.093 0 0 -1.84755e-15 0 0 
1512.22 0.00761542 -4.69985 -6.95907e-05 -3.35221 1.93813e+18 0.000706025 762 538.92 1196.71 0 0 -0.0458331 0 0 -116.093 0 0 -1.8476e-15 0 0 
1512.28 0.00762229 -4.69984 -6.95934e-05 -3.35238 1.93771e+18 0.000710771 762 538.92 1297.01 0 0 -0.0458331 0 0 -116.093 0 0 -1.84764e-15 0 0 
1512.33 0.0076297 -4.69984 -6.95961e-05 -3.35254 1.93725e+18 0.000715534 762 538.92 1398.2 0 0 -0.0458331 0 0 -116.093 0 0 -1.84769e-15 0 0 
1512.39 0.00763768 -4.69983 -6.95988e-05 -3.35271 1.93675e+18 0.000720314 762 538.92 1500.35 0 0 -0.0458331 0 0 -116.093 0 0 -1.84774e-15 0 0 
1512.44 0.00764623 -4.69982 -6.96015e-05 -3.35287 1.93622e+18 0.000725111 762 538.92 1603.53 0 0 -0.0458331 0 0 -116.093 0 0 -1.84778e-15 0 0 
1512.5 0.00765534 -4.69981 -6.96042e-05 -3.35303 1.93566e+18 0.000729926 762 538.92 1707.83 0 0 -0.0458331 0 0 -116.093 0 0 -1.84783e-15 0 0 
1512.56 0.00766504 -4.6998 -6.96069e-05 -3.35319 1.93506e+18 0.000734759 762 538.92 1813.3 0 0 -0.0458331 0 0 -116.093 0 0 -1.84788e-15 0 0 
1512.61 0.00767531 -4.69979 -6.96097e-05 -3.35335 1.93442e+18 0.00073961 762 538.92 1920.02 0 0 -0.0458331 0 0 -116.093 0 0 -1.84792e-15 0 0 
1512.67 0.00768618 -4.69978 -6.96124e-05 -3.35351 1.93375e+18 0.000744481 762 538.92 2028.06 0 0 -0.0458331 0 0 -116.093 0 0 -1.84797e-15 0 0 
1512.72 0.00769765 -4.69977 -6.96151e-05 -3.35367 1.93304e+18 0.000749371 762 538.92 2137.5 0 0 -0.0458331 0 0 -116.093 0 0 -1.84802e-15 0 0 
1512.78 0.00770972 -4.69975 -6.96178e-05 -3.35383 1.93229e+18 0.000754281 762 538.92 2248.42 0 0 -0.0458331 0 0 -116.093 0 0 -1.84806e-15 0 0 
1512.83 0.00772241 -4.69974 -6.96205e-05 -3.35398 1.93151e+18 0.000759212 762 538.92 2360.88 0 0 -0.0458331 0 0 -116.093 0 0 -1.84811e-15 0 0 
1512.89 0.00773572 -4.69973 -6.96232e-05 -3.35414 1.93069e+18 0.000764163 762 538.92 2474.98 0 0 -0.0458331 0 0 -116.093 0 0 -1.84816e-15 0 0 
1512.94 0.00774967 -4.69972 -6.96259e-05 -3.35429 1.92982e+18 0.000769136 762 538.92 2590.78 0 0 -0.0458331 0 0 -116.093 0 0 -1.8482e-15 0 0 
1513 0.00776426 -4.6997 -6.96286e-05 -3.35444 1.92892e+18 0.000774131 762 538.92 2708.36 0 0 -0.0458331 0 0 -116.093 0 0 -1.84825e-15 0 0 
1513.05 0.0077795 -4.69969 -6.96313e-05 -3.35459 1.92798e+18 0.000779148 762 538.92 2827.81 0 0 -0.0458331 0 0 -116.093 0 0 -1.8483e-15 0 0 
1513.11 0.0077954 -4.69967 -6.96341e-05 -3.35475 1.927e+18 0.000784189 762 538.92 2949.21 0 0 -0.0458331 0 0 -116.093 0 0 -1.84835e-15 0 0 
1513.16 0.00781198 -4.69965 -6.96368e-05 -3.3549 1.92598e+18 0.000789253 762 538.92 3072.65 0 0 -0.0458331 0 0 -116.093 0 0 -1.84839e-15 0 0 
1513.22 0.00782924 -4.69964 -6.96395e-05 -3.35504 1.92491e+18 0.000794342 762 538.92 3198.2 0 0 -0.0458331 0 0 -116.093 0 0 -1.84844e-15 0 0 
1513.27 0.0078472 -4.69962 -6.96422e-05 -3.35519 1.92381e+18 0.000799455 762 538.92 3325.95 0 0 -0.0458331 0 0 -116.093 0 0 -1.84849e-15 0 0 
1513.33 0.00786587 -4.6996 -6.96449e-05 -3.35534 1.92266e+18 0.000804595 762 538.92 3456 0 0 -0.0458331 0 0 -116.093 0 0 -1.84854e-15 0 0 
1513.38 0.00788526 -4.69958 -6.96477e-05 -3.35549 1.92146e+18 0.00080976 762 538.92 3588.43 0 0 -0.0458331 0 0 -116.093 0 0 -1.84858e-15 0 0 
1513.44 0.00790539 -4.69956 -6.96504e-05 -3.35563 1.92022e+18 0.000814953 762 538.92 3723.33 0 0 -0.0458331 0 0 -116.093 0 0 -1.84863e-15 0 0 
1513.49 0.00792627 -4.69954 -6.96531e-05 -3.35577 1.91894e+18 0.000820174 762 538.92 3860.8 0 0 -0.0458331 0 0 -116.093 0 0 -1.84868e-15 0 0 
1513.55 0.00794791 -4.69952 -6.96558e-05 -3.35592 1.91761e+18 0.000825423 762 538.92 4000.93 0 0 -0.0458331 0 0 -116.093 0 0 -1.84873e-15 0 0 
1513.6 0.00797033 -4.69949 -6.96586e-05 -3.35606 1.91623e+18 0.000830702 762 538.92 4143.81 0 0 -0.0458331 0 0 -116.093 0 0 -1.84878e-15 0 0 
1513.66 0.00799355 -4.69947 -6.96613e-05 -3.3562 1.9148e+18 0.000836011 762 538.92 4289.55 0 0 -0.0458331 0 0 -116.093 0 0 -1.84882e-15 0 0 
1513.71 0.00801757 -4.69945 -6.9664e-05 -3.35634 1.91333e+18 0.000841352 762 538.92 4438.25 0 0 -0.0458331 0 0 -116.093 0 0 -1.84887e-15 0 0 
1513.77 0.00804243 -4.69942 -6.96668e-05 -3.35648 1.91181e+18 0.000846724 762 538.92 4590 0 0 -0.0458331 0 0 -116.093 0 0 -1.84892e-15 0 0 
1513.82 0.00806812 -4.6994 -6.96695e-05 -3.35662 1.91023e+18 0.00085213 762 538.92 4744.92 0 0 -0.0458331 0 0 -116.093 0 0 -1.84897e-15 0 0 
1513.88 0.00809468 -4.69937 -6.96723e-05 -3.35676 1.9086e+18 0.000857569 762 538.92 4903.1 0 0 -0.0458331 0 0 -116.093 0 0 -1.84902e-15 0 0 
1513.93 0.00812212 -4.69934 -6.9675e-05 -3.3569 1.90693e+18 0.000863044 762 538.92 5064.66 0 0 -0.0458331 0 0 -116.093 0 0 -1.84907e-15 0 0 
1513.99 0.00815046 -4.69931 -6.96778e-05 -3.35703 1.90519e+18 0.000868554 762 538.92 5229.72 0 0 -0.0458331 0 0 -116.093 0 0 -1.84912e-15 0 0 
1514.04 0.00817972 -4.69928 -6.96805e-05 -3.35717 1.9034e+18 0.000874102 762 538.92 5398.37 0 0 -0.0458331 0 0 -116.093 0 0 -1.84917e-15 0 0 
1514.1 0.00820991 -4.69925 -6.96833e-05 -3.3573 1.90156e+18 0.000879688 762 538.92 5570.74 0 0 -0.0458331 0 0 -116.093 0 0 -1.84922e-15 0 0 
1514.15 0.00824107 -4.69922 -6.9686e-05 -3.35744 1.89966e+18 0.000885314 762 538.92 5746.95 0 0 -0.0458331 0 0 -116.093 0 0 -1.84927e-15 0 0 
1514.21 0.00827321 -4.69919 -6.96888e-05 -3.35757 1.8977e+18 0.00089098 762 538.92 5927.11 0 0 -0.0458331 0 0 -116.093 0 0 -1.84932e-15 0 0 
1514.26 0.00830635 -4.69916 -6.96915e-05 -3.3577 1.89568e+18 0.000896688 762 538.92 6111.36 0 0 -0.0458331 0 0 -116.093 0 0 -1.84937e-15 0 0 
1514.32 0.00834051 -4.69912 -6.96943e-05 -3.35783 1.8936e+18 0.000902439 762 538.92 6299.82 0 0 -0.0458331 0 0 -116.093 0 0 -1.84942e-15 0 0 
1514.37 0.00837573 -4.69909 -6.96971e-05 -3.35796 1.89146e+18 0.000908235 762 538.92 6492.61 0 0 -0.0458331 0 0 -116.093 0 0 -1.84947e-15 0 0 
1514.43 0.00841202 -4.69905 -6.96998e-05 -3.35809 1.88926e+18 0.000914076 762 538.92 6689.88 0 0 -0.0458331 0 0 -116.093 0 0 -1.84952e-15 0 0 
1514.48 0.0084494 -4.69902 -6.97026e-05 -3.35822 1.88699e+18 0.000919965 762 538.92 6891.75 0 0 -0.0458331 0 0 -116.093 0 0 -1.84957e-15 0 0 
1514.54 0.00848792 -4.69898 -6.97054e-05 -3.35835 1.88466e+18 0.000925903 762 538.92 7098.36 0 0 -0.0458331 0 0 -116.093 0 0 -1.84962e-15 0 0 
1514.59 0.00852758 -4.69894 -6.97082e-05 -3.35847 1.88226e+18 0.000931891 762 538.92 7309.86 0 0 -0.0458331 0 0 -116.093 0 0 -1.84967e-15 0 0 
1514.65 0.00856842 -4.6989 -6.97109e-05 -3.3586 1.87979e+18 0.000937931 762 538.92 7526.4 0 0 -0.0458331 0 0 -116.093 0 0 -1.84973e-15 0 0 
1514.7 0.00861047 -4.69885 -6.97137e-05 -3.35873 1.87725e+18 0.000944024 762 538.92 7748.11 0 0 -0.0458331 0 0 -116.093 0 0 -1.84978e-15 0 0 
1514.76 0.00865375 -4.69881 -6.97165e-05 -3.35885 1.87463e+18 0.000950173 762 538.92 7975.16 0 0 -0.0458331 0 0 -116.093 0 0 -1.84983e-15 0 0 
1514.81 0.0086983 -4.69877 -6.97193e-05 -3.35897 1.87195e+18 0.00095638 762 538.92 8207.7 0 0 -0.0458331 0 0 -116.093 0 0 -1.84988e-15 0 0 
1514.87 0.00874415 -4.69872 -6.97221e-05 -3.3591 1.86919e+18 0.000962645 762 538.92 8445.89 0 0 -0.0458331 0 0 -116.093 0 0 -1.84993e-15 0 0 
1514.92 0.00879132 -4.69867 -6.97249e-05 -3.35922 1.86635e+18 0.000968971 762 538.92 8689.88 0 0 -0.0458331 0 0 -116.093 0 0 -1.84999e-15 0 0 
1514.98 0.00883985 -4.69862 -6.97277e-05 -3.35934 1.86344e+18 0.000975359 762 538.92 8939.86 0 0 -0.0458331 0 0 -116.093 0 0 -1.85004e-15 0 0 
1515.03 0.00888978 -4.69857 -6.97305e-05 -3.35946 1.86044e+18 0.000981813 762 538.92 9195.99 0 0 -0.0458331 0 0 -116.093 0 0 -1.85009e-15 0 0 
1515.09 0.00894113 -4.69852 -6.97334e-05 -3.35958 1.85737e+18 0.000988334 762 538.92 9458.45 0 0 -0.0458331 0 0 -116.093 0 0 -1.85015e-15 0 0 
1515.14 0.00899394 -4.69847 -6.97362e-05 -3.3597 1.85421e+18 0.000994924 762 538.92 9727.41 0 0 -0.0458331 0 0 -116.093 0 0 -1.8502e-15 0 0 
1515.2 0.00904826 -4.69842 -6.9739e-05 -3.35982 1.85097e+18 0.00100159 762 538.92 10003.1 0 0 -0.0458331 0 0 -116.093 0 0 -1.85025e-15 0 0 
1515.25 0.00910411 -4.69836 -6.97418e-05 -3.35994 1.84764e+18 0.00100832 762 538.92 10285.6 0 0 -0.0458331 0 0 -116.093 0 0 -1.85031e-15 0 0 
1515.31 0.00916154 -4.6983 -6.97447e-05 -3.36005 1.84422e+18 0.00101513 762 538.92 10575.2 0 0 -0.0458331 0 0 -116.093 0 0 -1.85036e-15 0 0 
1515.36 0.00922058 -4.69824 -6.97475e-05 -3.36017 1.84071e+18 0.00102202 762 538.92 10872.1 0 0 -0.0458331 0 0 -116.093 0 0 -1.85042e-15 0 0 
1515.42 0.00928127 -4.69818 -6.97504e-05 -3.36028 1.83711e+18 0.001029 762 538.92 11176.5 0 0 -0.0458331 0 0 -116.093 0 0 -1.85047e-15 0 0 
1515.47 0.00934367 -4.69812 -6.97532e-05 -3.3604 1.83341e+18 0.00103605 762 538.92 11488.5 0 0 -0.0458331 0 0 -116.093 0 0 -1.85053e-15 0 0 
1515.53 0.0094078 -4.69806 -6.97561e-05 -3.36051 1.82962e+18 0.0010432 762 538.92 11808.5 0 0 -0.0458331 0 0 -116.093 0 0 -1.85058e-15 0 0 
1515.58 0.00947371 -4.69799 -6.97589e-05 -3.36062 1.82572e+18 0.00105043 762 538.92 12136.5 0 0 -0.0458331 0 0 -116.093 0 0 -1.85064e-15 0 0 
1515.64 0.00954146 -4.69792 -6.97618e-05 -3.36074 1.82173e+18 0.00105776 762 538.92 12472.9 0 0 -0.0458331 0 0 -116.093 0 0 -1.85069e-15 0 0 
1515.69 0.00961108 -4.69785 -6.97647e-05 -3.36085 1.81764e+18 0.00106518 762 538.92 12817.9 0 0 -0.0458331 0 0 -116.093 0 0 -1.85075e-15 0 0 
1515.75 0.00968263 -4.69778 -6.97676e-05 -3.36096 1.81344e+18 0.00107271 762 538.92 13171.7 0 0 -0.0458331 0 0 -116.093 0 0 -1.85081e-15 0 0 
1515.8 0.00975614 -4.69771 -6.97705e-05 -3.36107 1.80913e+18 0.00108034 762 538.92 13534.6 0 0 -0.0458331 0 0 -116.093 0 0 -1.85086e-15 0 0 
1515.86 0.00983169 -4.69763 -6.97734e-05 -3.36118 1.80471e+18 0.00108807 762 538.92 13906.7 0 0 -0.0458331 0 0 -116.093 0 0 -1.85092e-15 0 0 
1515.91 0.0099093 -4.69756 -6.97763e-05 -3.36128 1.80018e+18 0.00109591 762 538.92 14288.4 0 0 -0.0458331 0 0 -116.093 0 0 -1.85098e-15 0 0 
1515.97 0.00998905 -4.69748 -6.97792e-05 -3.36139 1.79554e+18 0.00110387 762 538.92 14679.9 0 0 -0.0458331 0 0 -116.093 0 0 -1.85104e-15 0 0 
1516.02 0.010071 -4.69739 -6.97821e-05 -3.3615 1.79078e+18 0.00111195 762 538.92 15081.5 0 0 -0.0458331 0 0 -116.093 0 0 -1.8511e-15 0 0 
1516.08 0.0101551 -4.69731 -6.9785e-05 -3.3616 1.7859e+18 0.00112015 762 538.92 15493.5 0 0 -0.0458331 0 0 -116.093 0 0 -1.85115e-15 0 0 
1516.13 0.0102416 -4.69722 -6.9788e-05 -3.36171 1.7809e+18 0.00112848 762 538.92 15916.1 0 0 -0.0458331 0 0 -116.093 0 0 -1.85121e-15 0 0 
1516.19 0.0103304 -4.69713 -6.97909e-05 -3.36181 1.77577e+18 0.00113694 762 538.92 16349.7 0 0 -0.0458331 0 0 -116.093 0 0 -1.85127e-15 0 0 
1516.24 0.0104217 -4.69704 -6.97939e-05 -3.36192 1.77052e+18 0.00114553 762 538.92 16794.4 0 0 -0.0458331 0 0 -116.093 0 0 -1.85133e-15 0 0 
1516.3 0.0105154 -4.69695 -6.97968e-05 -3.36202 1.76514e+18 0.00115427 762 538.92 17250.8 0 0 -0.0458331 0 0 -116.093 0 0 -1.85139e-15 0 0 
1516.35 0.0106117 -4.69685 -6.97998e-05 -3.36212 1.75963e+18 0.00116315 762 538.92 17718.9 0 0 -0.0458331 0 0 -116.093 0 0 -1.85145e-15 0 0 
1516.41 0.0107105 -4.69675 -6.98028e-05 -3.36222 1.75398e+18 0.00117218 762 538.92 18199.2 0 0 -0.0458331 0 0 -116.093 0 0 -1.85151e-15 0 0 
1516.46 0.0108121 -4.69665 -6.98058e-05 -3.36232 1.74819e+18 0.00118137 762 538.92 18692 0 0 -0.0458331 0 0 -116.093 0 0 -1.85158e-15 0 0 
1516.52 0.0109164 -4.69655 -6.98088e-05 -3.36242 1.74227e+18 0.00119073 762 538.92 19197.7 0 0 -0.0458331 0 0 -116.093 0 0 -1.85164e-15 0 0 
1516.57 0.0110235 -4.69644 -6.98118e-05 -3.36252 1.7362e+18 0.00120025 762 538.92 19716.5 0 0 -0.0458331 0 0 -116.093 0 0 -1.8517e-15 0 0 
1516.63 0.0111335 -4.69633 -6.98148e-05 -3.36262 1.72999e+18 0.00120994 762 538.92 20248.8 0 0 -0.0458331 0 0 -116.093 0 0 -1.85176e-15 0 0 
1516.69 0.0112465 -4.69622 -6.98178e-05 -3.36272 1.72363e+18 0.00121982 762 538.92 20795.1 0 0 -0.0458331 0 0 -116.093 0 0 -1.85183e-15 0 0 
1516.74 0.0113626 -4.6961 -6.98209e-05 -3.36281 1.71712e+18 0.00122989 762 538.92 21355.6 0 0 -0.0458331 0 0 -116.093 0 0 -1.85189e-15 0 0 
1516.8 0.0114817 -4.69598 -6.98239e-05 -3.36291 1.71046e+18 0.00124015 762 538.92 21930.8 0 0 -0.0458331 0 0 -116.093 0 0 -1.85195e-15 0 0 
1516.85 0.0116041 -4.69586 -6.9827e-05 -3.363 1.70364e+18 0.00125061 762 538.92 22521 0 0 -0.0458331 0 0 -116.093 0 0 -1.85202e-15 0 0 
1516.91 0.0117297 -4.69573 -6.98301e-05 -3.3631 1.69666e+18 0.00126129 762 538.92 23126.6 0 0 -0.0458331 0 0 -116.093 0 0 -1.85208e-15 0 0 
1516.96 0.0118588 -4.69561 -6.98332e-05 -3.36319 1.68951e+18 0.00127218 762 538.92 23748.2 0 0 -0.0458331 0 0 -116.093 0 0 -1.85215e-15 0 0 
1517.02 0.0119913 -4.69547 -6.98363e-05 -3.36328 1.6822e+18 0.0012833 762 538.92 24386 0 0 -0.0458331 0 0 -116.093 0 0 -1.85221e-15 0 0 
1517.07 0.0121274 -4.69534 -6.98394e-05 -3.36337 1.67473e+18 0.00129465 762 538.92 25040.5 0 0 -0.0458331 0 0 -116.093 0 0 -1.85228e-15 0 0 
1517.13 0.0122671 -4.6952 -6.98425e-05 -3.36347 1.66708e+18 0.00130625 762 538.92 25712.2 0 0 -0.0458331 0 0 -116.093 0 0 -1.85235e-15 0 0 
1517.18 0.0124105 -4.69505 -6.98457e-05 -3.36356 1.65926e+18 0.0013181 762 538.92 26401.5 0 0 -0.0458331 0 0 -116.093 0 0 -1.85242e-15 0 0 
1517.24 0.0125578 -4.69491 -6.98488e-05 -3.36364 1.65126e+18 0.00133021 762 538.92 27108.9 0 0 -0.0458331 0 0 -116.093 0 0 -1.85248e-15 0 0 
1517.29 0.0127091 -4.69476 -6.9852e-05 -3.36373 1.64308e+18 0.0013426 762 538.92 27834.9 0 0 -0.0458331 0 0 -116.093 0 0 -1.85255e-15 0 0 
1517.35 0.0128644 -4.6946 -6.98552e-05 -3.36382 1.63472e+18 0.00135528 762 538.92 28580 0 0 -0.0458331 0 0 -116.093 0 0 -1.85262e-15 0 0 
1517.4 0.0130238 -4.69444 -6.98584e-05 -3.36391 1.62617e+18 0.00136824 762 538.92 29344.7 0 0 -0.0458331 0 0 -116.093 0 0 -1.85269e-15 0 0 
1517.46 0.0131876 -4.69428 -6.98617e-05 -3.36399 1.61743e+18 0.00138152 762 538.92 30129.4 0 0 -0.0458331 0 0 -116.093 0 0 -1.85276e-15 0 0 
1517.51 0.0133557 -4.69411 -6.98649e-05 -3.36408 1.6085e+18 0.00139512 762 538.92 30934.8 0 0 -0.0458331 0 0 -116.093 0 0 -1.85283e-15 0 0 
1517.57 0.0135283 -4.69394 -6.98682e-05 -3.36416 1.59938e+18 0.00140905 762 538.92 31761.4 0 0 -0.0458331 0 0 -116.093 0 0 -1.85291e-15 0 0 
1517.62 0.0137055 -4.69376 -6.98715e-05 -3.36425 1.59006e+18 0.00142333 762 538.92 32609.8 0 0 -0.0458331 0 0 -116.093 0 0 -1.85298e-15 0 0 
1517.68 0.0138874 -4.69358 -6.98748e-05 -3.36433 1.58053e+18 0.00143797 762 538.92 33480.5 0 0 -0.0458331 0 0 -116.093 0 0 -1.85305e-15 0 0 
1517.73 0.0140742 -4.69339 -6.98781e-05 -3.36441 1.57081e+18 0.00145299 762 538.92 34374.1 0 0 -0.0458331 0 0 -116.093 0 0 -1.85312e-15 0 0 
1517.79 0.014266 -4.6932 -6.98814e-05 -3.36449 1.56088e+18 0.00146839 762 538.92 35291.3 0 0 -0.0458331 0 0 -116.093 0 0 -1.8532e-15 0 0 
1517.84 0.0144629 -4.693 -6.98848e-05 -3.36457 1.55073e+18 0.00148421 762 538.92 36232.6 0 0 -0.0458331 0 0 -116.093 0 0 -1.85327e-15 0 0 
1517.9 0.014665 -4.6928 -6.98882e-05 -3.36465 1.54038e+18 0.00150045 762 538.92 37198.7 0 0 -0.0458331 0 0 -116.093 0 0 -1.85335e-15 0 0 
1517.95 0.0148725 -4.69259 -6.98916e-05 -3.36473 1.52981e+18 0.00151713 762 538.92 38190.3 0 0 -0.0458331 0 0 -116.093 0 0 -1.85343e-15 0 0 
1518.01 0.0150856 -4.69238 -6.9895e-05 -3.36481 1.51903e+18 0.00153428 762 538.92 39208.1 0 0 -0.0458331 0 0 -116.093 0 0 -1.8535e-15 0 0 
1518.06 0.0153043 -4.69216 -6.98985e-05 -3.36488 1.50803e+18 0.00155191 762 538.92 40252.6 0 0 -0.0458331 0 0 -116.093 0 0 -1.85358e-15 0 0 
1518.12 0.0155289 -4.69194 -6.9902e-05 -3.36496 1.4968e+18 0.00157004 762 538.92 41324.8 0 0 -0.0458331 0 0 -116.093 0 0 -1.85366e-15 0 0 
1518.17 0.0157595 -4.69171 -6.99055e-05 -3.36503 1.48536e+18 0.0015887 762 538.92 42425.2 0 0 -0.0458331 0 0 -116.093 0 0 -1.85374e-15 0 0 
1518.23 0.0159961 -4.69147 -6.9909e-05 -3.36511 1.47368e+18 0.0016079 762 538.92 43554.6 0 0 -0.0458331 0 0 -116.093 0 0 -1.85382e-15 0 0 
1518.28 0.0162391 -4.69123 -6.99126e-05 -3.36518 1.46178e+18 0.00162768 762 538.92 44713.8 0 0 -0.0458331 0 0 -116.093 0 0 -1.8539e-15 0 0 
1518.34 0.0164886 -4.69098 -6.99162e-05 -3.36525 1.44965e+18 0.00164806 762 538.92 45903.7 0 0 -0.0458331 0 0 -116.093 0 0 -1.85399e-15 0 0 
1518.39 0.0167447 -4.69072 -6.99198e-05 -3.36532 1.43728e+18 0.00166906 762 538.92 47124.9 0 0 -0.0458331 0 0 -116.093 0 0 -1.85407e-15 0 0 
1518.45 0.0170076 -4.69046 -6.99235e-05 -3.36539 1.42468e+18 0.00169072 762 538.92 48378.4 0 0 -0.0458331 0 0 -116.093 0 0 -1.85416e-15 0 0 
1518.5 0.0172775 -4.69019 -6.99272e-05 -3.36546 1.41185e+18 0.00171306 762 538.92 49665 0 0 -0.0458331 0 0 -116.093 0 0 -1.85424e-15 0 0 
1518.56 0.0175546 -4.68991 -6.99309e-05 -3.36553 1.39878e+18 0.00173612 762 538.92 50985.5 0 0 -0.0458331 0 0 -116.093 0 0 -1.85433e-15 0 0 
1518.61 0.017839 -4.68963 -6.99347e-05 -3.3656 1.38547e+18 0.00175993 762 538.92 52340.9 0 0 -0.0458331 0 0 -116.093 0 0 -1.85441e-15 0 0 
1518.67 0.018131 -4.68933 -6.99385e-05 -3.36567 1.37192e+18 0.00178452 762 538.92 53732.1 0 0 -0.0458331 0 0 -116.093 0 0 -1.8545e-15 0 0 
1518.72 0.0184308 -4.68903 -6.99423e-05 -3.36573 1.35814e+18 0.00180993 762 538.92 55160.1 0 0 -0.0458331 0 0 -116.093 0 0 -1.85459e-15 0 0 
1518.78 0.0187385 -4.68873 -6.99462e-05 -3.3658 1.34411e+18 0.00183621 762 538.92 56625.7 0 0 -0.0458331 0 0 -116.093 0 0 -1.85468e-15 0 0 
1518.83 0.0190544 -4.68841 -6.99501e-05 -3.36586 1.32984e+18 0.00186339 762 538.92 58130.1 0 0 -0.0458331 0 0 -116.093 0 0 -1.85478e-15 0 0 
1518.89 0.0193787 -4.68809 -6.9954e-05 -3.36592 1.31533e+18 0.00189151 762 538.92 59674.3 0 0 -0.0458331 0 0 -116.093 0 0 -1.85487e-15 0 0 
1518.94 0.0197116 -4.68775 -6.9958e-05 -3.36599 1.30058e+18 0.00192064 762 538.92 61259.3 0 0 -0.0458331 0 0 -116.093 0 0 -1.85497e-15 0 0 
1519 0.0200533 -4.68741 -6.99621e-05 -3.36605 1.28559e+18 0.0019508 762 538.92 62886.1 0 0 -0.0458331 0 0 -116.093 0 0 -1.85506e-15 0 0 
1519.05 0.0204042 -4.68706 -6.99662e-05 -3.36611 1.27036e+18 0.00198206 762 538.92 64555.9 0 0 -0.0458331 0 0 -116.093 0 0 -1.85516e-15 0 0 
1519.11 0.0207643 -4.6867 -6.99703e-05 -3.36617 1.25489e+18 0.00201448 762 538.92 66269.9 0 0 -0.0458331 0 0 -116.093 0 0 -1.85526e-15 0 0 
1519.16 0.021134 -4.68633 -6.99745e-05 -3.36623 1.23919e+18 0.0020481 762 538.92 68029.2 0 0 -0.0458331 0 0 -116.093 0 0 -1.85536e-15 0 0 
1519.22 0.0215135 -4.68595 -6.99788e-05 -3.36628 1.22324e+18 0.002083 762 538.92 69834.9 0 0 -0.0458331 0 0 -116.093 0 0 -1.85546e-15 0 0 
1519.27 0.0219031 -4.68556 -6.99831e-05 -3.36634 1.20707e+18 0.00211924 762 538.92 71688.5 0 0 -0.0458331 0 0 -116.093 0 0 -1.85556e-15 0 0 
1519.33 0.0223031 -4.68516 -6.99875e-05 -3.36639 1.19066e+18 0.00215689 762 538.92 73591 0 0 -0.0458331 0 0 -116.093 0 0 -1.85567e-15 0 0 
1519.38 0.0227136 -4.68475 -6.99919e-05 -3.36645 1.17402e+18 0.00219603 762 538.92 75543.8 0 0 -0.0458331 0 0 -116.093 0 0 -1.85577e-15 0 0 
1519.44 0.023135 -4.68433 -6.99964e-05 -3.3665 1.15715e+18 0.00223674 762 538.92 77548.2 0 0 -0.0458331 0 0 -116.093 0 0 -1.85588e-15 0 0 
1519.49 0.0235677 -4.6839 -7.00009e-05 -3.36655 1.14006e+18 0.0022791 762 538.92 79605.6 0 0 -0.0458331 0 0 -116.093 0 0 -1.85599e-15 0 0 
1519.55 0.0240118 -4.68345 -7.00056e-05 -3.36661 1.12276e+18 0.00232321 762 538.92 81717.4 0 0 -0.0458331 0 0 -116.093 0 0 -1.85611e-15 0 0 
1519.6 0.0244676 -4.683 -7.00103e-05 -3.36666 1.10523e+18 0.00236916 762 538.92 83885 0 0 -0.0458331 0 0 -116.093 0 0 -1.85622e-15 0 0 
1519.66 0.0249356 -4.68253 -7.0015e-05 -3.36671 1.0875e+18 0.00241706 762 538.92 86109.9 0 0 -0.0458331 0 0 -116.093 0 0 -1.85634e-15 0 0 
1519.71 0.025416 -4.68205 -7.00199e-05 -3.36675 1.06956e+18 0.00246701 762 538.92 88393.7 0 0 -0.0458331 0 0 -116.093 0 0 -1.85645e-15 0 0 
1519.77 0.0259091 -4.68156 -7.00248e-05 -3.3668 1.05143e+18 0.00251915 762 538.92 90737.7 0 0 -0.0458331 0 0 -116.093 0 0 -1.85657e-15 0 0 
1519.82 0.0264153 -4.68105 -7.00299e-05 -3.36685 1.0331e+18 0.00257358 762 538.92 93143.7 0 0 -0.0458331 0 0 -116.093 0 0 -1.8567e-15 0 0 
1519.88 0.0269349 -4.68053 -7.0035e-05 -3.36689 1.01458e+18 0.00263046 762 538.92 95613.2 0 0 -0.0458331 0 0 -116.093 0 0 -1.85682e-15 0 0 
1519.93 0.0274683 -4.68 -7.00402e-05 -3.36694 9.95885e+17 0.00268993 762 538.92 98148 0 0 -0.0458331 0 0 -116.093 0 0 -1.85695e-15 0 0 
1519.99 0.0280158 -4.67945 -7.00455e-05 -3.36698 9.77018e+17 0.00275213 762 538.92 100750 0 0 -0.0458331 0 0 -116.093 0 0 -1.85708e-15 0 0 
1520.04 0.0285779 -4.67889 -7.00509e-05 -3.36702 9.57988e+17 0.00281725 762 538.92 103420 0 0 -0.0458331 0 0 -116.093 0 0 -1.85721e-15 0 0 
1520.1 0.0291548 -4.67831 -7.00564e-05 -3.36707 9.38804e+17 0.00288547 762 538.92 106161 0 0 -0.0458331 0 0 -116.093 0 0 -1.85735e-15 0 0 
1520.15 0.029747 -4.67772 -7.00621e-05 -3.36711 9.19474e+17 0.00295697 762 538.92 108974 0 0 -0.0458331 0 0 -116.093 0 0 -1.85749e-15 0 0 
1520.21 0.030355 -4.67711 -7.00678e-05 -3.36715 9.0001e+17 0.00303196 762 538.92 111861 0 0 -0.0458331 0 0 -116.093 0 0 -1.85763e-15 0 0 
1520.26 0.030979 -4.67649 -7.00737e-05 -3.36718 8.80421e+17 0.00311068 762 538.92 114824 0 0 -0.0458331 0 0 -116.093 0 0 -1.85777e-15 0 0 
1520.32 0.0316195 -4.67585 -7.00797e-05 -3.36722 8.60719e+17 0.00319335 762 538.92 117865 0 0 -0.0458331 0 0 -116.093 0 0 -1.85792e-15 0 0 
1520.37 0.0322771 -4.67519 -7.00859e-05 -3.36726 8.40916e+17 0.00328026 762 538.92 120986 0 0 -0.0458331 0 0 -116.093 0 0 -1.85807e-15 0 0 
1520.43 0.032952 -4.67451 -7.00922e-05 -3.36729 8.21023e+17 0.00337167 762 538.92 124189 0 0 -0.0458331 0 0 -116.093 0 0 -1.85823e-15 0 0 
1520.48 0.0336448 -4.67382 -7.00986e-05 -3.36733 8.01054e+17 0.00346789 762 538.92 127476 0 0 -0.0458331 0 0 -116.093 0 0 -1.85839e-15 0 0 
1520.54 0.0343559 -4.67311 -7.01053e-05 -3.36736 7.81023e+17 0.00356925 762 538.92 130849 0 0 -0.0458331 0 0 -116.093 0 0 -1.85855e-15 0 0 
1520.59 0.0350858 -4.67238 -7.0112e-05 -3.3674 7.60943e+17 0.00367612 762 538.92 134310 0 0 -0.0458331 0 0 -116.093 0 0 -1.85872e-15 0 0 
1520.65 0.0358351 -4.67163 -7.0119e-05 -3.36743 7.40828e+17 0.00378887 762 538.92 137861 0 0 -0.0458331 0 0 -116.093 0 0 -1.85889e-15 0 0 
1520.7 0.0366041 -4.67086 -7.01262e-05 -3.36746 7.20695e+17 0.00390793 762 538.92 141505 0 0 -0.0458331 0 0 -116.093 0 0 -1.85907e-15 0 0 
1520.76 0.0373935 -4.67007 -7.01336e-05 -3.36749 7.00558e+17 0.00403375 762 538.92 145244 0 0 -0.0458331 0 0 -116.093 0 0 -1.85925e-15 0 0 
1520.81 0.0382037 -4.66926 -7.01411e-05 -3.36752 6.80435e+17 0.00416684 762 538.92 149079 0 0 -0.0458331 0 0 -116.093 0 0 -1.85944e-15 0 0 
1520.87 0.0390354 -4.66843 -7.01489e-05 -3.36754 6.6034e+17 0.00430772 762 538.92 153014 0 0 -0.0458331 0 0 -116.093 0 0 -1.85963e-15 0 0 
1520.93 0.0398889 -4.66758 -7.0157e-05 -3.36757 6.40293e+17 0.00445698 762 538.92 157051 0 0 -0.0458331 0 0 -116.093 0 0 -1.85983e-15 0 0 
1520.98 0.040765 -4.6667 -7.01653e-05 -3.3676 6.20309e+17 0.00461527 762 538.92 161191 0 0 -0.0458331 0 0 -116.093 0 0 -1.86004e-15 0 0 
1521.04 0.0416641 -4.6658 -7.01739e-05 -3.36762 6.00408e+17 0.00478329 762 538.92 165437 0 0 -0.0458331 0 0 -116.093 0 0 -1.86025e-15 0 0 
1521.09 0.042587 -4.66488 -7.01828e-05 -3.36765 5.80607e+17 0.00496179 762 538.92 169791 0 0 -0.0458331 0 0 -116.093 0 0 -1.86047e-15 0 0 
1521.15 0.0435341 -4.66393 -7.01919e-05 -3.36767 5.60925e+17 0.00515162 762 538.92 174256 0 0 -0.0458331 0 0 -116.093 0 0 -1.8607e-15 0 0 
1521.2 0.0445061 -4.66296 -7.02014e-05 -3.36769 5.41381e+17 0.00535368 762 538.92 178833 0 0 -0.0458331 0 0 -116.093 0 0 -1.86093e-15 0 0 
1521.26 0.0455036 -4.66196 -7.02113e-05 -3.36772 5.21993e+17 0.00556897 762 538.92 183526 0 0 -0.0458331 0 0 -116.093 0 0 -1.86118e-15 0 0 
1521.31 0.0465273 -4.66094 -7.02215e-05 -3.36774 5.02781e+17 0.00579859 762 538.92 188335 0 0 -0.0458331 0 0 -116.093 0 0 -1.86143e-15 0 0 
1521.37 0.0475778 -4.65989 -7.02321e-05 -3.36776 4.83764e+17 0.00604376 762 538.92 193264 0 0 -0.0458331 0 0 -116.093 0 0 -1.8617e-15 0 0 
1521.42 0.0486558 -4.65881 -7.02431e-05 -3.36778 4.64962e+17 0.00630578 762 538.92 198315 0 0 -0.0458331 0 0 -116.093 0 0 -1.86197e-15 0 0 
1521.48 0.0497619 -4.6577 -7.02546e-05 -3.36779 4.46392e+17 0.00658613 762 538.92 203488 0 0 -0.0458331 0 0 -116.093 0 0 -1.86226e-15 0 0 
1521.53 0.0508968 -4.65657 -7.02666e-05 -3.36781 4.28075e+17 0.00688641 762 538.92 208787 0 0 -0.0458331 0 0 -116.093 0 0 -1.86255e-15 0 0 
1521.59 0.0520613 -4.6554 -7.02791e-05 -3.36783 4.10029e+17 0.00720839 762 538.92 214213 0 0 -0.0458331 0 0 -116.093 0 0 -1.86286e-15 0 0 
1521.64 0.053256 -4.65421 -7.02922e-05 -3.36784 3.92272e+17 0.00755403 762 538.92 219768 0 0 -0.0458331 0 0 -116.093 0 0 -1.86319e-15 0 0 
1521.7 0.0544816 -4.65298 -7.03058e-05 -3.36786 3.74823e+17 0.0079255 762 538.92 225453 0 0 -0.0458331 0 0 -116.093 0 0 -1.86353e-15 0 0 
1521.75 0.055739 -4.65173 -7.03201e-05 -3.36787 3.57699e+17 0.0083252 762 538.92 231271 0 0 -0.0458331 0 0 -116.093 0 0 -1.86388e-15 0 0 
1521.81 0.0570287 -4.65044 -7.03351e-05 -3.36789 3.40917e+17 0.00875578 762 538.92 237221 0 0 -0.0458331 0 0 -116.093 0 0 -1.86426e-15 0 0 
1521.86 0.0583515 -4.64911 -7.03508e-05 -3.3679 3.24493e+17 0.00922019 762 538.92 243306 0 0 -0.0458331 0 0 -116.093 0 0 -1.86465e-15 0 0 
1521.92 0.0597083 -4.64776 -7.03674e-05 -3.36791 3.08444e+17 0.00972171 762 538.92 249526 0 0 -0.0458331 0 0 -116.093 0 0 -1.86506e-15 0 0 
1521.97 0.0610996 -4.64637 -7.03848e-05 -3.36793 2.92783e+17 0.010264 762 538.92 255882 0 0 -0.0458331 0 0 -116.093 0 0 -1.86549e-15 0 0 
1522.03 0.0625263 -4.64494 -7.04032e-05 -3.36794 2.77526e+17 0.0108511 762 538.92 262374 0 0 -0.0458331 0 0 -116.093 0 0 -1.86595e-15 0 0 
1522.08 0.0639892 -4.64348 -7.04226e-05 -3.36795 2.62684e+17 0.0114876 762 538.92 269003 0 0 -0.0458331 0 0 -116.093 0 0 -1.86643e-15 0 0 
1522.14 0.0654889 -4.64198 -7.04431e-05 -3.36796 2.4827e+17 0.0121784 762 538.92 275769 0 0 -0.0458331 0 0 -116.093 0 0 -1.86695e-15 0 0 
1522.19 0.0670263 -4.64044 -7.04648e-05 -3.36797 2.34295e+17 0.0129294 762 538.92 282671 0 0 -0.0458331 0 0 -116.093 0 0 -1.86749e-15 0 0 
1522.25 0.068602 -4.63886 -7.04878e-05 -3.36798 2.20767e+17 0.0137467 762 538.92 289710 0 0 -0.0458331 0 0 -116.093 0 0 -1.86806e-15 0 0 
1522.3 0.0702169 -4.63725 -7.05122e-05 -3.36798 2.07695e+17 0.0146375 762 538.92 296884 0 0 -0.0458331 0 0 -116.093 0 0 -1.86867e-15 0 0 
1522.36 0.0718717 -4.63559 -7.05382e-05 -3.36799 1.95087e+17 0.0156099 762 538.92 304191 0 0 -0.0458331 0 0 -116.093 0 0 -1.86932e-15 0 0 
1522.41 0.0735671 -4.6339 -7.05659e-05 -3.368 1.82946e+17 0.0166726 762 538.92 311632 0 0 -0.0458331 0 0 -116.093 0 0 -1.87001e-15 0 0 
1522.47 0.0753038 -4.63216 -7.05955e-05 -3.36801 1.71279e+17 0.0178359 762 538.92 319204 0 0 -0.0458331 0 0 -116.093 0 0 -1.87075e-15 0 0 
1522.52 0.0770825 -4.63038 -7.06271e-05 -3.36801 1.60086e+17 0.0191111 762 538.92 326905 0 0 -0.0458331 0 0 -116.093 0 0 -1.87154e-15 0 0 
1522.58 0.078904 -4.62856 -7.06609e-05 -3.36802 1.4937e+17 0.020511 762 538.92 334733 0 0 -0.0458331 0 0 -116.093 0 0 -1.87239e-15 0 0 
1522.63 0.080769 -4.6267 -7.06972e-05 -3.36803 1.3913e+17 0.0220502 762 538.92 342685 0 0 -0.0458331 0 0 -116.093 0 0 -1.8733e-15 0 0 
1522.69 0.0826781 -4.62479 -7.07362e-05 -3.36803 1.29364e+17 0.0237449 762 538.92 350759 0 0 -0.0458331 0 0 -116.093 0 0 -1.87428e-15 0 0 
1522.74 0.084632 -4.62283 -7.07782e-05 -3.36804 1.20069e+17 0.0256139 762 538.92 358951 0 0 -0.0458331 0 0 -116.093 0 0 -1.87533e-15 0 0 
1522.8 0.0866313 -4.62083 -7.08235e-05 -3.36804 1.11241e+17 0.0276782 762 538.92 367258 0 0 -0.0458331 0 0 -116.093 0 0 -1.87647e-15 0 0 
1522.85 0.0886767 -4.61879 -7.08724e-05 -3.36804 1.02873e+17 0.0299619 762 538.92 375677 0 0 -0.0458331 0 0 -116.093 0 0 -1.8777e-15 0 0 
1522.91 0.0907687 -4.6167 -7.09253e-05 -3.36805 9.4958e+16 0.0324921 762 538.92 384204 0 0 -0.0458331 0 0 -116.093 0 0 -1.87903e-15 0 0 
1522.96 0.092908 -4.61456 -7.09827e-05 -3.36805 8.74879e+16 0.0353001 762 538.92 392834 0 0 -0.0458331 0 0 -116.093 0 0 -1.88047e-15 0 0 
1523.02 0.0950951 -4.61237 -7.10451e-05 -3.36805 8.04527e+16 0.0384213 762 538.92 401564 0 0 -0.0458331 0 0 -116.093 0 0 -1.88204e-15 0 0 
1523.07 0.0973305 -4.61013 -7.1113e-05 -3.36806 7.38415e+16 0.0418963 762 538.92 410390 0 0 -0.0458331 0 0 -116.093 0 0 -1.88375e-15 0 0 
1523.13 0.0996148 -4.60785 -7.1187e-05 -3.36806 6.76426e+16 0.0457716 762 538.92 419307 0 0 -0.0458331 0 0 -116.093 0 0 -1.88561e-15 0 0 
1523.18 0.101948 -4.60552 -7.12679e-05 -3.36806 6.18432e+16 0.0501004 762 538.92 428311 0 0 -0.0458331 0 0 -116.093 0 0 -1.88765e-15 0 0 
1523.24 0.104332 -4.60313 -7.13564e-05 -3.36807 5.64298e+16 0.0549439 762 538.92 437397 0 0 -0.0458331 0 0 -116.093 0 0 -1.88989e-15 0 0 
1523.29 0.106766 -4.6007 -7.14536e-05 -3.36807 5.13881e+16 0.0603725 762 538.92 446560 0 0 -0.0458331 0 0 -116.093 0 0 -1.89234e-15 0 0 
1523.35 0.10925 -4.59821 -7.15603e-05 -3.36807 4.67034e+16 0.0664671 762 538.92 455798 0 0 -0.0458331 0 0 -116.093 0 0 -1.89503e-15 0 0 
1523.4 0.111785 -4.59568 -7.16779e-05 -3.36807 4.23604e+16 0.0733211 762 538.92 465104 0 0 -0.0458331 0 0 -116.093 0 0 -1.898e-15 0 0 
1523.46 0.114372 -4.59309 -7.18077e-05 -3.36807 3.83435e+16 0.0810425 762 538.92 474474 0 0 -0.0458331 0 0 -116.093 0 0 -1.90128e-15 0 0 
1523.51 0.117011 -4.59045 -7.19512e-05 -3.36807 3.46369e+16 0.089756 762 538.92 483905 0 0 -0.0458331 0 0 -116.093 0 0 -1.90491e-15 0 0 
1523.57 0.119702 -4.58776 -7.21102e-05 -3.36808 3.12246e+16 0.0996064 762 538.92 493393 0 0 -0.0458331 0 0 -116.093 0 0 -1.90893e-15 0 0 
1523.62 0.122445 -4.58502 -7.22867e-05 -3.36808 2.80906e+16 0.110762 762 538.92 502932 0 0 -0.0458331 0 0 -116.093 0 0 -1.9134e-15 0 0 
1523.68 0.12524 -4.58222 -7.24832e-05 -3.36808 2.5219e+16 0.123417 762 538.92 512519 0 0 -0.0458331 0 0 -116.093 0 0 -1.91837e-15 0 0 
1523.73 0.128089 -4.57938 -7.27022e-05 -3.36808 2.2594e+16 0.137799 762 538.92 522152 0 0 -0.0458331 0 0 -116.093 0 0 -1.92392e-15 0 0 
1523.79 0.130991 -4.57647 -7.29469e-05 -3.36808 2.02001e+16 0.154173 762 538.92 531825 0 0 -0.0458331 0 0 -116.093 0 0 -1.93012e-15 0 0 
1523.84 0.133946 -4.57352 -7.32209e-05 -3.36808 1.80222e+16 0.172849 762 538.92 541535 0 0 -0.0458331 0 0 -116.093 0 0 -1.93706e-15 0 0 
1523.9 0.136955 -4.57051 -7.35283e-05 -3.36808 1.60454e+16 0.194189 762 538.92 551280 0 0 -0.0458331 0 0 -116.093 0 0 -1.94486e-15 0 0 
1523.95 0.140018 -4.56745 -7.3874e-05 -3.36808 1.42555e+16 0.218616 762 538.92 561056 0 0 -0.0458331 0 0 -116.093 0 0 -1.95362e-15 0 0 
1524.01 0.143134 -4.56433 -7.42634e-05 -3.36808 1.26386e+16 0.24663 762 538.92 570861 0 0 -0.0458331 0 0 -116.093 0 0 -1.9635e-15 0 0 
1524.06 0.146305 -4.56116 -7.4703e-05 -3.36808 1.11814e+16 0.278815 762 538.92 580691 0 0 -0.0458331 0 0 -116.093 0 0 -1.97466e-15 0 0 
1524.12 0.149529 -4.55794 -7.52005e-05 -3.36808 9.87138e+15 0.315862 762 538.92 590545 0 0 -0.0458331 0 0 -116.093 0 0 -1.98728e-15 0 0 
1524.17 0.152808 -4.55466 -7.57645e-05 -3.36808 8.69639e+15 0.358583 762 538.92 600419 0 0 -0.0458331 0 0 -116.093 0 0 -2.0016e-15 0 0 
1524.23 0.156142 -4.55132 -7.64054e-05 -3.36808 7.64501e+15 0.407939 762 538.92 610313 0 0 -0.0458331 0 0 -116.093 0 0 -2.01787e-15 0 0 
1524.28 0.15953 -4.54793 -7.71351e-05 -3.36808 6.70648e+15 0.465067 762 538.92 620223 0 0 -0.0458331 0 0 -116.093 0 0 -2.03641e-15 0 0 
1524.34 0.162973 -4.54449 -7.79678e-05 -3.36808 5.87066e+15 0.531317 762 538.92 630149 0 0 -0.0458331 0 0 -116.093 0 0 -2.05756e-15 0 0 
1524.39 0.16647 -4.54099 -7.89199e-05 -3.36808 5.12807e+15 0.608289 762 538.92 640088 0 0 -0.0458331 0 0 -116.093 0 0 -2.08175e-15 0 0 
1524.45 0.170022 -4.53744 -8.00111e-05 -3.36808 4.46986e+15 0.697889 762 538.92 650039 0 0 -0.0458331 0 0 -116.093 0 0 -2.10948e-15 0 0 
1524.5 0.173629 -4.53384 -8.12641e-05 -3.36808 3.88783e+15 0.802385 762 538.92 660000 0 0 -0.0458331 0 0 -116.093 0 0 -2.14133e-15 0 0 
1524.56 0.177291 -4.53017 -8.27062e-05 -3.36808 3.37436e+15 0.924488 762 538.92 669972 0 0 -0.0458331 0 0 -116.093 0 0 -2.17799e-15 0 0 
1524.61 0.181007 -4.52646 -8.43694e-05 -3.36808 2.92245e+15 1.06744 762 538.92 679951 0 0 -0.0458331 0 0 -116.093 0 0 -2.22028e-15 0 0 
1524.67 0.184779 -4.52269 -8.62916e-05 -3.36808 2.52564e+15 1.23511 762 538.92 689938 0 0 -0.0458331 0 0 -116.093 0 0 -2.26916e-15 0 0 
1524.72 0.188606 -4.51886 -8.85181e-05 -3.36808 2.17804e+15 1.43217 762 538.92 699931 0 0 -0.0458331 0 0 -116.093 0 0 -2.32579e-15 0 0 
1524.78 0.192488 -4.51498 -9.11025e-05 -3.36809 1.87424e+15 1.6642 762 538.92 709930 0 0 -0.0458331 0 0 -116.093 0 0 -2.39152e-15 0 0 
1524.83 0.196425 -4.51104 -9.41088e-05 -3.36809 1.60935e+15 1.93795 762 538.92 719933 0 0 -0.0458331 0 0 -116.093 0 0 -2.46799e-15 0 0 
1524.89 0.200416 -4.50705 -9.76133e-05 -3.36809 1.37893e+15 2.26155 762 538.92 729941 0 0 -0.0458331 0 0 -116.093 0 0 -2.55715e-15 0 0 
1524.94 0.204464 -4.503 -0.000101708 -3.36809 1.17895e+15 2.64481 762 538.92 739953 0 0 -0.0458331 0 0 -116.093 0 0 -2.6613e-15 0 0 
1525 0.208566 -4.4989 -0.000106501 -3.36809 1.00579e+15 3.09963 762 538.92 744960 0 0 -0.0458331 0 0 -116.093 0 0 -2.71745e-15 0 0 
1525 -0.0455382 -3.91524 -0.000106501 -3.36809 6.59896e+18 1.55914e+10 1260 162.8 298238 0 0 -0.04184 0 0 -116.093 0 0 -2.07159e-06 0 0 
1525.06 -0.0438965 -3.9136 -0.000106502 -3.36809 6.37132e+18 1.66136e+10 1260 162.8 295033 0 0 -0.04184 0 0 -116.093 0 0 -4.27893e-06 0 0 
1525.11 -0.0422901 -3.91199 -0.000106502 -3.36809 6.15307e+18 1.76788e+10 1260 162.8 288737 0 0 -0.04184 0 0 -116.093 0 0 -8.83503e-06 0 0 
1525.17 -0.0407178 -3.91042 -0.000106503 -3.36809 5.94377e+18 1.87875e+10 1260 162.8 282666 0 0 -0.04184 0 0 -116.093 0 0 -1.36798e-05 0 0 
1525.22 -0.0391782 -3.90888 -0.000106503 -3.36809 5.74301e+18 1.99405e+10 1260 162.8 276812 0 0 -0.04184 0 0 -116.093 0 0 -1.88249e-05 0 0 
1525.28 -0.0376703 -3.90737 -0.000106504 -3.36809 5.55039e+18 2.11383e+10 1260 162.8 271165 0 0 -0.04184 0 0 -116.093 0 0 -2.42821e-05 0 0 
1525.33 -0.0361929 -3.9059 -0.000106504 -3.36809 5.36555e+18 2.23818e+10 1260 162.8 265719 0 0 -0.04184 0 0 -116.093 0 0 -3.00635e-05 0 0 
1525.39 -0.0347449 -3.90445 -0.000106505 -3.36809 5.18812e+18 2.36714e+10 1260 162.8 260465 0 0 -0.04184 0 0 -116.093 0 0 -3.61812e-05 0 0 
1525.44 -0.0333254 -3.90303 -0.000106506 -3.36809 5.01776e+18 2.50079e+10 1260 162.8 255397 0 0 -0.04184 0 0 -116.093 0 0 -4.26476e-05 0 0 
1525.5 -0.0319332 -3.90164 -0.000106506 -3.36809 4.85416e+18 2.63919e+10 1260 162.8 250508 0 0 -0.04184 0 0 -116.093 0 0 -4.94752e-05 0 0 
1525.55 -0.0305675 -3.90027 -0.000106507 -3.36809 4.69701e+18 2.78241e+10 1260 162.8 245791 0 0 -0.04184 0 0 -116.093 0 0 -5.66767e-05 0 0 
1525.61 -0.0292273 -3.89893 -0.000106508 -3.36809 4.546e+18 2.93051e+10 1260 162.8 241239 0 0 -0.04184 0 0 -116.093 0 0 -6.42649e-05 0 0 
1525.66 -0.0279117 -3.89762 -0.000106508 -3.36809 4.40088e+18 3.08356e+10 1260 162.8 236848 0 0 -0.04184 0 0 -116.093 0 0 -7.2253e-05 0 0 
1525.72 -0.0266198 -3.89632 -0.000106509 -3.36809 4.26136e+18 3.24163e+10 1260 162.8 232611 0 0 -0.04184 0 0 -116.093 0 0 -8.06542e-05 0 0 
1525.77 -0.0253508 -3.89505 -0.00010651 -3.36809 4.1272e+18 3.40479e+10 1260 162.8 228523 0 0 -0.04184 0 0 -116.093 0 0 -8.94818e-05 0 0 
1525.83 -0.0241039 -3.89381 -0.000106511 -3.36809 3.99816e+18 3.57311e+10 1260 162.8 224578 0 0 -0.04184 0 0 -116.093 0 0 -9.87495e-05 0 0 
1525.88 -0.0228784 -3.89258 -0.000106511 -3.36809 3.87401e+18 3.74666e+10 1260 162.8 220773 0 0 -0.04184 0 0 -116.093 0 0 -0.000108471 0 0 
1525.94 -0.0216734 -3.89138 -0.000106512 -3.36809 3.75453e+18 3.92553e+10 1260 162.8 217102 0 0 -0.04184 0 0 -116.093 0 0 -0.00011866 0 0 
1525.99 -0.0204883 -3.89019 -0.000106513 -3.36809 3.6395e+18 4.10978e+10 1260 162.8 213561 0 0 -0.04184 0 0 -116.093 0 0 -0.000129332 0 0 
1526.05 -0.0193223 -3.88903 -0.000106514 -3.36809 3.52875e+18 4.2995e+10 1260 162.8 210146 0 0 -0.04184 0 0 -116.093 0 0 -0.0001405 0 0 
1526.1 -0.0181747 -3.88788 -0.000106515 -3.36809 3.42207e+18 4.49477e+10 1260 162.8 206852 0 0 -0.04184 0 0 -116.093 0 0 -0.000152179 0 0 
1526.16 -0.017045 -3.88675 -0.000106516 -3.36809 3.31928e+18 4.69567e+10 1260 162.8 203676 0 0 -0.04184 0 0 -116.093 0 0 -0.000164384 0 0 
1526.21 -0.0159324 -3.88564 -0.000106517 -3.36809 3.22022e+18 4.90231e+10 1260 162.8 200614 0 0 -0.04184 0 0 -116.093 0 0 -0.00017713 0 0 
1526.27 -0.0148364 -3.88454 -0.000106518 -3.3681 3.12472e+18 5.11477e+10 1260 162.8 197662 0 0 -0.04184 0 0 -116.093 0 0 -0.000190432 0 0 
1526.32 -0.0137563 -3.88346 -0.000106519 -3.3681 3.03263e+18 5.33315e+10 1260 162.8 194818 0 0 -0.04184 0 0 -116.093 0 0 -0.000204306 0 0 
1526.38 -0.0126916 -3.8824 -0.00010652 -3.3681 2.94379e+18 5.55756e+10 1260 162.8 192078 0 0 -0.04184 0 0 -116.093 0 0 -0.000218769 0 0 
1526.43 -0.0116417 -3.88135 -0.000106521 -3.3681 2.85807e+18 5.7881e+10 1260 162.8 189439 0 0 -0.04184 0 0 -116.093 0 0 -0.000233835 0 0 
1526.49 -0.0106061 -3.88031 -0.000106522 -3.3681 2.77534e+18 6.02488e+10 1260 162.8 186898 0 0 -0.04184 0 0 -116.093 0 0 -0.000249521 0 0 
1526.54 -0.00958413 -3.87929 -0.000106523 -3.3681 2.69546e+18 6.26803e+10 1260 162.8 184452 0 0 -0.04184 0 0 -116.093 0 0 -0.000265844 0 0 
1526.6 -0.0085754 -3.87828 -0.000106524 -3.3681 2.61831e+18 6.51767e+10 1260 162.8 182099 0 0 -0.04184 0 0 -116.093 0 0 -0.000282822 0 0 
1526.65 -0.00757937 -3.87728 -0.000106526 -3.3681 2.54378e+18 6.77393e+10 1260 162.8 179836 0 0 -0.04184 0 0 -116.093 0 0 -0.000300471 0 0 
1526.71 -0.00659556 -3.8763 -0.000106527 -3.3681 2.47175e+18 7.03694e+10 1260 162.8 177660 0 0 -0.04184 0 0 -116.093 0 0 -0.00031881 0 0 
1526.76 -0.00562348 -3.87533 -0.000106528 -3.3681 2.40212e+18 7.30685e+10 1260 162.8 175570 0 0 -0.04184 0 0 -116.093 0 0 -0.000337855 0 0 
1526.82 -0.00466267 -3.87437 -0.000106529 -3.3681 2.33479e+18 7.58381e+10 1260 162.8 173564 0 0 -0.04184 0 0 -116.093 0 0 -0.000357627 0 0 
1526.87 -0.00371268 -3.87342 -0.000106531 -3.36811 2.26966e+18 7.86798e+10 1260 162.8 171638 0 0 -0.04184 0 0 -116.093 0 0 -0.000378144 0 0 
1526.93 -0.00277307 -3.87248 -0.000106532 -3.36811 2.20664e+18 8.15953e+10 1260 162.8 169792 0 0 -0.04184 0 0 -116.093 0 0 -0.000399425 0 0 
1526.98 -0.00184341 -3.87155 -0.000106534 -3.36811 2.14564e+18 8.45864e+10 1260 162.8 168023 0 0 -0.04184 0 0 -116.093 0 0 -0.00042149 0 0 
1527.04 -0.000923278 -3.87063 -0.000106535 -3.36811 2.08658e+18 8.76548e+10 1260 162.8 166330 0 0 -0.04184 0 0 -116.093 0 0 -0.000444359 0 0 
1527.09 -1.22614e-05 -3.86972 -0.000106537 -3.36811 2.02938e+18 9.08026e+10 1260 162.8 164710 0 0 -0.04184 0 0 -116.093 0 0 -0.000468053 0 0 
1527.15 0.000890039 -3.86881 -0.000106538 -3.36811 1.97396e+18 9.40318e+10 1260 162.8 163162 0 0 -0.04184 0 0 -116.093 0 0 -0.000492594 0 0 
1527.2 0.00178402 -3.86792 -0.00010654 -3.36811 1.92026e+18 9.73445e+10 1260 162.8 161684 0 0 -0.04184 0 0 -116.093 0 0 -0.000518003 0 0 
1527.26 0.00267005 -3.86703 -0.000106542 -3.36811 1.86819e+18 1.00743e+11 1260 162.8 160276 0 0 -0.04184 0 0 -116.093 0 0 -0.000544303 0 0 
1527.31 0.00354852 -3.86615 -0.000106543 -3.36811 1.81771e+18 1.0423e+11 1260 162.8 158935 0 0 -0.04184 0 0 -116.093 0 0 -0.000571518 0 0 
1527.37 0.0044198 -3.86528 -0.000106545 -3.36812 1.76873e+18 1.07807e+11 1260 162.8 157660 0 0 -0.04184 0 0 -116.093 0 0 -0.000599669 0 0 
1527.42 0.00528423 -3.86442 -0.000106547 -3.36812 1.72121e+18 1.11478e+11 1260 162.8 156450 0 0 -0.04184 0 0 -116.093 0 0 -0.000628783 0 0 
1527.48 0.00614219 -3.86356 -0.000106549 -3.36812 1.67509e+18 1.15245e+11 1260 162.8 155304 0 0 -0.04184 0 0 -116.093 0 0 -0.000658884 0 0 
1527.53 0.006994 -3.86271 -0.000106551 -3.36812 1.63031e+18 1.19111e+11 1260 162.8 154220 0 0 -0.04184 0 0 -116.093 0 0 -0.000689999 0 0 
1527.59 0.00784002 -3.86186 -0.000106553 -3.36812 1.58681e+18 1.2308e+11 1260 162.8 153197 0 0 -0.04184 0 0 -116.093 0 0 -0.000722153 0 0 
1527.64 0.00868058 -3.86102 -0.000106555 -3.36812 1.54456e+18 1.27154e+11 1260 162.8 152235 0 0 -0.04184 0 0 -116.093 0 0 -0.000755375 0 0 
1527.7 0.009516 -3.86019 -0.000106557 -3.36812 1.5035e+18 1.31336e+11 1260 162.8 151332 0 0 -0.04184 0 0 -116.093 0 0 -0.000789692 0 0 
1527.75 0.0103466 -3.85936 -0.000106559 -3.36812 1.46359e+18 1.35631e+11 1260 162.8 150486 0 0 -0.04184 0 0 -116.093 0 0 -0.000825135 0 0 
1527.81 0.0111727 -3.85853 -0.000106561 -3.36813 1.42478e+18 1.40042e+11 1260 162.8 149698 0 0 -0.04184 0 0 -116.093 0 0 -0.000861734 0 0 
1527.86 0.0119947 -3.85771 -0.000106563 -3.36813 1.38703e+18 1.44574e+11 1260 162.8 148966 0 0 -0.04184 0 0 -116.093 0 0 -0.00089952 0 0 
1527.92 0.0128127 -3.85689 -0.000106566 -3.36813 1.35031e+18 1.49229e+11 1260 162.8 148290 0 0 -0.04184 0 0 -116.092 0 0 -0.000938525 0 0 
1527.97 0.0136272 -3.85608 -0.000106568 -3.36813 1.31458e+18 1.54014e+11 1260 162.8 147668 0 0 -0.04184 0 0 -116.092 0 0 -0.000978783 0 0 
1528.03 0.0144384 -3.85526 -0.00010657 -3.36813 1.27979e+18 1.58931e+11 1260 162.8 147101 0 0 -0.04184 0 0 -116.092 0 0 -0.00102033 0 0 
1528.08 0.0152467 -3.85446 -0.000106573 -3.36813 1.24592e+18 1.63987e+11 1260 162.8 146586 0 0 -0.04184 0 0 -116.092 0 0 -0.0010632 0 0 
1528.14 0.0160522 -3.85365 -0.000106576 -3.36813 1.21294e+18 1.69187e+11 1260 162.8 146124 0 0 -0.04184 0 0 -116.092 0 0 -0.00110743 0 0 
1528.19 0.0168554 -3.85285 -0.000106578 -3.36813 1.1808e+18 1.74535e+11 1260 162.8 145713 0 0 -0.04184 0 0 -116.092 0 0 -0.00115306 0 0 
1528.25 0.0176564 -3.85205 -0.000106581 -3.36814 1.14949e+18 1.80037e+11 1260 162.8 145354 0 0 -0.04184 0 0 -116.092 0 0 -0.00120013 0 0 
1528.3 0.0184556 -3.85125 -0.000106584 -3.36814 1.11898e+18 1.857e+11 1260 162.8 145045 0 0 -0.04184 0 0 -116.092 0 0 -0.00124868 0 0 
1528.36 0.0192532 -3.85045 -0.000106587 -3.36814 1.08923e+18 1.91529e+11 1260 162.8 144786 0 0 -0.04184 0 0 -116.092 0 0 -0.00129876 0 0 
1528.41 0.0200496 -3.84965 -0.00010659 -3.36814 1.06022e+18 1.97532e+11 1260 162.8 144576 0 0 -0.04184 0 0 -116.092 0 0 -0.00135041 0 0 
1528.47 0.0208449 -3.84886 -0.000106593 -3.36814 1.03193e+18 2.03715e+11 1260 162.8 144415 0 0 -0.04184 0 0 -116.092 0 0 -0.00140368 0 0 
1528.52 0.0216395 -3.84806 -0.000106596 -3.36814 1.00434e+18 2.10085e+11 1260 162.8 144303 0 0 -0.04184 0 0 -116.092 0 0 -0.00145861 0 0 
1528.58 0.0224336 -3.84727 -0.000106599 -3.36814 9.77414e+17 2.1665e+11 1260 162.8 144238 0 0 -0.04184 0 0 -116.092 0 0 -0.00151526 0 0 
1528.63 0.0232274 -3.84648 -0.000106602 -3.36815 9.51138e+17 2.23419e+11 1260 162.8 144221 0 0 -0.04184 0 0 -116.092 0 0 -0.00157368 0 0 
1528.69 0.0240213 -3.84568 -0.000106606 -3.36815 9.25492e+17 2.304e+11 1260 162.8 144251 0 0 -0.04184 0 0 -116.092 0 0 -0.00163392 0 0 
1528.74 0.0248155 -3.84489 -0.000106609 -3.36815 9.00456e+17 2.37602e+11 1260 162.8 144328 0 0 -0.04184 0 0 -116.092 0 0 -0.00169605 0 0 
1528.8 0.0256102 -3.84409 -0.000106613 -3.36815 8.76011e+17 2.45034e+11 1260 162.8 144450 0 0 -0.04184 0 0 -116.092 0 0 -0.00176012 0 0 
1528.85 0.0264058 -3.8433 -0.000106616 -3.36815 8.52139e+17 2.52706e+11 1260 162.8 144619 0 0 -0.04184 0 0 -116.092 0 0 -0.0018262 0 0 
1528.91 0.0272024 -3.8425 -0.00010662 -3.36815 8.28824e+17 2.6063e+11 1260 162.8 144833 0 0 -0.04184 0 0 -116.092 0 0 -0.00189434 0 0 
1528.96 0.0280003 -3.8417 -0.000106624 -3.36816 8.0605e+17 2.68815e+11 1260 162.8 145092 0 0 -0.04184 0 0 -116.091 0 0 -0.00196462 0 0 
1529.02 0.0287997 -3.8409 -0.000106628 -3.36816 7.838e+17 2.77275e+11 1260 162.8 145397 0 0 -0.04184 0 0 -116.091 0 0 -0.00203711 0 0 
1529.07 0.029601 -3.8401 -0.000106632 -3.36816 7.62061e+17 2.8602e+11 1260 162.8 145745 0 0 -0.04184 0 0 -116.091 0 0 -0.00211189 0 0 
1529.13 0.0304043 -3.8393 -0.000106636 -3.36816 7.40818e+17 2.95065e+11 1260 162.8 146138 0 0 -0.04184 0 0 -116.091 0 0 -0.00218903 0 0 
1529.18 0.0312098 -3.83849 -0.00010664 -3.36816 7.20059e+17 3.04422e+11 1260 162.8 146575 0 0 -0.04184 0 0 -116.091 0 0 -0.00226861 0 0 
1529.24 0.0320179 -3.83769 -0.000106645 -3.36816 6.99769e+17 3.14108e+11 1260 162.8 147056 0 0 -0.04184 0 0 -116.091 0 0 -0.00235071 0 0 
1529.29 0.0328288 -3.83687 -0.00010665 -3.36816 6.79938e+17 3.24136e+11 1260 162.8 147580 0 0 -0.04184 0 0 -116.091 0 0 -0.00243544 0 0 
1529.35 0.0336427 -3.83606 -0.000106654 -3.36817 6.60554e+17 3.34523e+11 1260 162.8 148148 0 0 -0.04184 0 0 -116.091 0 0 -0.00252287 0 0 
1529.4 0.0344598 -3.83524 -0.000106659 -3.36817 6.41605e+17 3.45287e+11 1260 162.8 148758 0 0 -0.04184 0 0 -116.091 0 0 -0.00261311 0 0 
1529.46 0.0352804 -3.83442 -0.000106664 -3.36817 6.23081e+17 3.56445e+11 1260 162.8 149412 0 0 -0.04184 0 0 -116.091 0 0 -0.00270626 0 0 
1529.51 0.0361047 -3.8336 -0.000106669 -3.36817 6.04972e+17 3.68016e+11 1260 162.8 150108 0 0 -0.04184 0 0 -116.091 0 0 -0.00280243 0 0 
1529.57 0.0369329 -3.83277 -0.000106675 -3.36817 5.87269e+17 3.80021e+11 1260 162.8 150846 0 0 -0.04184 0 0 -116.091 0 0 -0.00290173 0 0 
1529.62 0.0377654 -3.83194 -0.00010668 -3.36817 5.69961e+17 3.92482e+11 1260 162.8 151627 0 0 -0.04184 0 0 -116.09 0 0 -0.00300427 0 0 
1529.68 0.0386022 -3.8311 -0.000106686 -3.36818 5.53042e+17 4.0542e+11 1260 162.8 152449 0 0 -0.04184 0 0 -116.09 0 0 -0.00311018 0 0 
1529.73 0.0394437 -3.83026 -0.000106692 -3.36818 5.36501e+17 4.1886e+11 1260 162.8 153314 0 0 -0.04184 0 0 -116.09 0 0 -0.0032196 0 0 
1529.79 0.0402901 -3.82941 -0.000106697 -3.36818 5.20332e+17 4.32827e+11 1260 162.8 154220 0 0 -0.04184 0 0 -116.09 0 0 -0.00333266 0 0 
1529.84 0.0411416 -3.82856 -0.000106704 -3.36818 5.04526e+17 4.47348e+11 1260 162.8 155168 0 0 -0.04184 0 0 -116.09 0 0 -0.00344949 0 0 
1529.9 0.0419984 -3.82771 -0.00010671 -3.36818 4.89077e+17 4.62452e+11 1260 162.8 156156 0 0 -0.04184 0 0 -116.09 0 0 -0.00357026 0 0 
1529.95 0.0428607 -3.82684 -0.000106717 -3.36818 4.73977e+17 4.78168e+11 1260 162.8 157186 0 0 -0.04184 0 0 -116.09 0 0 -0.00369512 0 0 
1530.01 0.0437289 -3.82597 -0.000106723 -3.36819 4.5922e+17 4.94529e+11 1260 162.8 158257 0 0 -0.04184 0 0 -116.09 0 0 -0.00382423 0 0 
1530.06 0.044603 -3.8251 -0.00010673 -3.36819 4.448e+17 5.11569e+11 1260 162.8 159369 0 0 -0.04184 0 0 -116.089 0 0 -0.00395778 0 0 
1530.12 0.0454834 -3.82422 -0.000106738 -3.36819 4.30709e+17 5.29324e+11 1260 162.8 160521 0 0 -0.04184 0 0 -116.089 0 0 -0.00409595 0 0 
1530.17 0.0463702 -3.82333 -0.000106745 -3.36819 4.16944e+17 5.47832e+11 1260 162.8 161714 0 0 -0.04184 0 0 -116.089 0 0 -0.00423893 0 0 
1530.23 0.0472637 -3.82244 -0.000106753 -3.36819 4.03497e+17 5.67133e+11 1260 162.8 162947 0 0 -0.04184 0 0 -116.089 0 0 -0.00438693 0 0 
1530.28 0.0481641 -3.82154 -0.000106761 -3.36819 3.90363e+17 5.87271e+11 1260 162.8 164219 0 0 -0.04184 0 0 -116.089 0 0 -0.00454017 0 0 
1530.34 0.0490716 -3.82063 -0.000106769 -3.3682 3.77538e+17 6.08291e+11 1260 162.8 165532 0 0 -0.04184 0 0 -116.089 0 0 -0.00469886 0 0 
1530.39 0.0499865 -3.81972 -0.000106778 -3.3682 3.65016e+17 6.30242e+11 1260 162.8 166884 0 0 -0.04184 0 0 -116.089 0 0 -0.00486326 0 0 
1530.45 0.0509089 -3.81879 -0.000106786 -3.3682 3.52792e+17 6.53176e+11 1260 162.8 168276 0 0 -0.04184 0 0 -116.088 0 0 -0.00503362 0 0 
1530.5 0.0518391 -3.81786 -0.000106796 -3.3682 3.40862e+17 6.77148e+11 1260 162.8 169706 0 0 -0.04184 0 0 -116.088 0 0 -0.00521021 0 0 
1530.56 0.0527772 -3.81693 -0.000106805 -3.3682 3.29221e+17 7.02217e+11 1260 162.8 171176 0 0 -0.04184 0 0 -116.088 0 0 -0.0053933 0 0 
1530.61 0.0537236 -3.81598 -0.000106815 -3.3682 3.17865e+17 7.28445e+11 1260 162.8 172684 0 0 -0.04184 0 0 -116.088 0 0 -0.0055832 0 0 
1530.67 0.0546783 -3.81503 -0.000106825 -3.36821 3.0679e+17 7.55898e+11 1260 162.8 174231 0 0 -0.04184 0 0 -116.088 0 0 -0.00578023 0 0 
1530.72 0.0556417 -3.81406 -0.000106835 -3.36821 2.95991e+17 7.84646e+11 1260 162.8 175816 0 0 -0.04184 0 0 -116.087 0 0 -0.00598471 0 0 
1530.78 0.0566139 -3.81309 -0.000106846 -3.36821 2.85464e+17 8.14767e+11 1260 162.8 177439 0 0 -0.04184 0 0 -116.087 0 0 -0.00619701 0 0 
1530.83 0.0575952 -3.81211 -0.000106858 -3.36821 2.75206e+17 8.46339e+11 1260 162.8 179099 0 0 -0.04184 0 0 -116.087 0 0 -0.0064175 0 0 
1530.89 0.0585856 -3.81112 -0.000106869 -3.36821 2.65212e+17 8.79449e+11 1260 162.8 180797 0 0 -0.04184 0 0 -116.087 0 0 -0.00664658 0 0 
1530.94 0.0595856 -3.81012 -0.000106881 -3.36821 2.55479e+17 9.14188e+11 1260 162.8 182532 0 0 -0.04184 0 0 -116.087 0 0 -0.00688466 0 0 
1531 0.0605952 -3.80911 -0.000106894 -3.36821 2.46003e+17 9.50654e+11 1260 162.8 183408 0 0 -0.04184 0 0 -116.086 0 0 -0.007006 0 0 
1531 0.0605952 -3.80911 -0.000106894 -3.36821 2.46003e+17 9.50654e+11 1260 162.8 185198 0 0 -0.04184 0 0 -116.086 0 0 -0.00725837 0 0 
1531.06 0.0616146 -3.80809 -0.000106907 -3.36822 2.3678e+17 9.88951e+11 1260 162.8 186111 0 0 -0.04184 0 0 -116.086 0 0 -0.00738964 0 0 
1531.11 0.0626441 -3.80706 -0.000106921 -3.36822 2.27807e+17 1.02919e+12 1260 162.8 187955 0 0 -0.04184 0 0 -116.086 0 0 -0.00765752 0 0 
1531.17 0.0636838 -3.80602 -0.000106935 -3.36822 2.1908e+17 1.07149e+12 1260 162.8 189834 0 0 -0.04184 0 0 -116.085 0 0 -0.00793635 0 0 
1531.22 0.064734 -3.80497 -0.00010695 -3.36822 2.10595e+17 1.11598e+12 1260 162.8 191749 0 0 -0.04184 0 0 -116.085 0 0 -0.00822671 0 0 
1531.28 0.0657948 -3.80391 -0.000106965 -3.36822 2.02349e+17 1.1628e+12 1260 162.8 193699 0 0 -0.04184 0 0 -116.085 0 0 -0.00852918 0 0 
1531.33 0.0668665 -3.80284 -0.000106981 -3.36822 1.94339e+17 1.21209e+12 1260 162.8 195683 0 0 -0.04184 0 0 -116.085 0 0 -0.00884441 0 0 
1531.39 0.0679491 -3.80175 -0.000106998 -3.36823 1.86561e+17 1.264e+12 1260 162.8 197701 0 0 -0.04184 0 0 -116.084 0 0 -0.00917307 0 0 
1531.44 0.069043 -3.80066 -0.000107015 -3.36823 1.79011e+17 1.31871e+12 1260 162.8 199752 0 0 -0.04184 0 0 -116.084 0 0 -0.00951588 0 0 
1531.5 0.0701482 -3.79956 -0.000107033 -3.36823 1.71685e+17 1.37639e+12 1260 162.8 201837 0 0 -0.04184 0 0 -116.084 0 0 -0.00987361 0 0 
1531.55 0.0712651 -3.79844 -0.000107052 -3.36823 1.64581e+17 1.43724e+12 1260 162.8 203954 0 0 -0.04184 0 0 -116.083 0 0 -0.0102471 0 0 
1531.61 0.0723936 -3.79731 -0.000107071 -3.36823 1.57695e+17 1.50146e+12 1260 162.8 206103 0 0 -0.04184 0 0 -116.083 0 0 -0.0106371 0 0 
1531.66 0.0735341 -3.79617 -0.000107092 -3.36823 1.51023e+17 1.56927e+12 1260 162.8 208284 0 0 -0.04184 0 0 -116.082 0 0 -0.0110447 0 0 
1531.72 0.0746866 -3.79502 -0.000107113 -3.36823 1.44562e+17 1.64091e+12 1260 162.8 210496 0 0 -0.04184 0 0 -116.082 0 0 -0.0114708 0 0 
1531.77 0.0758515 -3.79385 -0.000107136 -3.36824 1.38307e+17 1.71663e+12 1260 162.8 212739 0 0 -0.04184 0 0 -116.081 0 0 -0.0119165 0 0 
1531.83 0.0770287 -3.79267 -0.000107159 -3.36824 1.32257e+17 1.79671e+12 1260 162.8 215011 0 0 -0.04184 0 0 -116.081 0 0 -0.0123828 0 0 
1531.88 0.0782186 -3.79148 -0.000107184 -3.36824 1.26405e+17 1.88144e+12 1260 162.8 217313 0 0 -0.04184 0 0 -116.081 0 0 -0.012871 0 0 
1531.94 0.0794212 -3.79028 -0.000107209 -3.36824 1.2075e+17 1.97114e+12 1260 162.8 219643 0 0 -0.04184 0 0 -116.08 0 0 -0.0133824 0 0 
1531.99 0.0806367 -3.78907 -0.000107236 -3.36824 1.15288e+17 2.06615e+12 1260 162.8 222002 0 0 -0.04184 0 0 -116.079 0 0 -0.0139182 0 0 
1532.05 0.0818652 -3.78784 -0.000107264 -3.36824 1.10014e+17 2.16682e+12 1260 162.8 224389 0 0 -0.04184 0 0 -116.079 0 0 -0.0144801 0 0 
1532.1 0.083107 -3.7866 -0.000107294 -3.36824 1.04925e+17 2.27357e+12 1260 162.8 226802 0 0 -0.04184 0 0 -116.078 0 0 -0.0150695 0 0 
1532.16 0.0843621 -3.78534 -0.000107324 -3.36825 1.00018e+17 2.3868e+12 1260 162.8 229242 0 0 -0.04184 0 0 -116.078 0 0 -0.015688 0 0 
1532.21 0.0856308 -3.78407 -0.000107357 -3.36825 9.52879e+16 2.50699e+12 1260 162.8 231708 0 0 -0.04184 0 0 -116.077 0 0 -0.0163376 0 0 
1532.27 0.086913 -3.78279 -0.000107391 -3.36825 9.07316e+16 2.63461e+12 1260 162.8 234198 0 0 -0.04184 0 0 -116.076 0 0 -0.01702 0 0 
1532.32 0.0882091 -3.78149 -0.000107427 -3.36825 8.63452e+16 2.7702e+12 1260 162.8 236714 0 0 -0.04184 0 0 -116.076 0 0 -0.0177374 0 0 
1532.38 0.0895191 -3.78018 -0.000107464 -3.36825 8.21248e+16 2.91434e+12 1260 162.8 239253 0 0 -0.04184 0 0 -116.075 0 0 -0.0184919 0 0 
1532.43 0.0908431 -3.77886 -0.000107504 -3.36825 7.80666e+16 3.06765e+12 1260 162.8 241815 0 0 -0.04184 0 0 -116.074 0 0 -0.0192859 0 0 
1532.49 0.0921812 -3.77752 -0.000107545 -3.36825 7.41668e+16 3.23078e+12 1260 162.8 244399 0 0 -0.04184 0 0 -116.073 0 0 -0.0201218 0 0 
1532.54 0.0935337 -3.77617 -0.000107589 -3.36826 7.04214e+16 3.40447e+12 1260 162.8 247006 0 0 -0.04184 0 0 -116.072 0 0 -0.0210025 0 0 
1532.6 0.0949006 -3.7748 -0.000107635 -3.36826 6.68265e+16 3.5895e+12 1260 162.8 249634 0 0 -0.04184 0 0 -116.071 0 0 -0.0219308 0 0 
1532.65 0.096282 -3.77342 -0.000107684 -3.36826 6.33783e+16 3.78671e+12 1260 162.8 252282 0 0 -0.04184 0 0 -116.071 0 0 -0.0229098 0 0 
1532.71 0.097678 -3.77203 -0.000107735 -3.36826 6.00728e+16 3.99701e+12 1260 162.8 254950 0 0 -0.04184 0 0 -116.069 0 0 -0.0239429 0 0 
1532.76 0.0990887 -3.77061 -0.000107789 -3.36826 5.69063e+16 4.2214e+12 1260 162.8 257637 0 0 -0.04184 0 0 -116.068 0 0 -0.0250336 0 0 
1532.82 0.100514 -3.76919 -0.000107846 -3.36826 5.38747e+16 4.46094e+12 1260 162.8 260343 0 0 -0.04184 0 0 -116.067 0 0 -0.026186 0 0 
1532.87 0.101955 -3.76775 -0.000107907 -3.36826 5.09743e+16 4.7168e+12 1260 162.8 263067 0 0 -0.04184 0 0 -116.066 0 0 -0.027404 0 0 
1532.93 0.103411 -3.76629 -0.000107971 -3.36826 4.82011e+16 4.99023e+12 1260 162.8 265808 0 0 -0.04184 0 0 -116.065 0 0 -0.0286923 0 0 
1532.98 0.104881 -3.76482 -0.000108038 -3.36827 4.55514e+16 5.28261e+12 1260 162.8 268566 0 0 -0.04184 0 0 -116.063 0 0 -0.0300557 0 0 
1533.04 0.106367 -3.76334 -0.00010811 -3.36827 4.30213e+16 5.5954e+12 1260 162.8 271339 0 0 -0.04184 0 0 -116.062 0 0 -0.0314994 0 0 
1533.09 0.107868 -3.76183 -0.000108185 -3.36827 4.0607e+16 5.93023e+12 1260 162.8 274129 0 0 -0.04184 0 0 -116.06 0 0 -0.033029 0 0 
1533.15 0.109385 -3.76032 -0.000108265 -3.36827 3.83049e+16 6.28883e+12 1260 162.8 276933 0 0 -0.04184 0 0 -116.059 0 0 -0.0346506 0 0 
1533.2 0.110917 -3.75879 -0.00010835 -3.36827 3.61111e+16 6.6731e+12 1260 162.8 279751 0 0 -0.04184 0 0 -116.057 0 0 -0.0363708 0 0 
1533.26 0.112465 -3.75724 -0.000108441 -3.36827 3.4022e+16 7.08512e+12 1260 162.8 282582 0 0 -0.04184 0 0 -116.055 0 0 -0.0381966 0 0 
1533.31 0.114028 -3.75568 -0.000108537 -3.36827 3.20339e+16 7.52711e+12 1260 162.8 285427 0 0 -0.04184 0 0 -116.053 0 0 -0.0401356 0 0 
1533.37 0.115607 -3.7541 -0.000108638 -3.36827 3.01433e+16 8.00153e+12 1260 162.8 288284 0 0 -0.04184 0 0 -116.051 0 0 -0.0421963 0 0 
1533.42 0.117202 -3.7525 -0.000108747 -3.36827 2.83467e+16 8.51104e+12 1260 162.8 291153 0 0 -0.04184 0 0 -116.049 0 0 -0.0443874 0 0 
1533.48 0.118813 -3.75089 -0.000108862 -3.36828 2.66405e+16 9.05853e+12 1260 162.8 294034 0 0 -0.04184 0 0 -116.047 0 0 -0.0467187 0 0 
1533.53 0.120439 -3.74926 -0.000108984 -3.36828 2.50213e+16 9.64716e+12 1260 162.8 296925 0 0 -0.04184 0 0 -116.044 0 0 -0.0492006 0 0 
1533.59 0.122082 -3.74762 -0.000109115 -3.36828 2.34858e+16 1.02804e+13 1260 162.8 299827 0 0 -0.04184 0 0 -116.042 0 0 -0.0518445 0 0 
1533.64 0.12374 -3.74596 -0.000109254 -3.36828 2.20306e+16 1.09619e+13 1260 162.8 302739 0 0 -0.04184 0 0 -116.039 0 0 -0.0546627 0 0 
1533.7 0.125414 -3.74429 -0.000109402 -3.36828 2.06525e+16 1.16959e+13 1260 162.8 305659 0 0 -0.04184 0 0 -116.036 0 0 -0.0576685 0 0 
1533.75 0.127105 -3.7426 -0.00010956 -3.36828 1.93484e+16 1.24868e+13 1260 162.8 308589 0 0 -0.04184 0 0 -116.033 0 0 -0.0608764 0 0 
1533.81 0.128812 -3.74089 -0.000109729 -3.36828 1.81152e+16 1.33396e+13 1260 162.8 311528 0 0 -0.04184 0 0 -116.029 0 0 -0.0643019 0 0 
1533.86 0.130535 -3.73917 -0.000109909 -3.36828 1.69497e+16 1.42594e+13 1260 162.8 314474 0 0 -0.04184 0 0 -116.025 0 0 -0.0679623 0 0 
1533.92 0.132274 -3.73743 -0.000110102 -3.36828 1.58491e+16 1.52523e+13 1260 162.8 317428 0 0 -0.04184 0 0 -116.022 0 0 -0.0718759 0 0 
1533.97 0.134029 -3.73567 -0.000110309 -3.36829 1.48106e+16 1.63246e+13 1260 162.8 320389 0 0 -0.04184 0 0 -116.017 0 0 -0.0760628 0 0 
1534.03 0.135801 -3.7339 -0.00011053 -3.36829 1.38312e+16 1.74833e+13 1260 162.8 323357 0 0 -0.04184 0 0 -116.013 0 0 -0.0805448 0 0 
1534.08 0.137589 -3.73211 -0.000110766 -3.36829 1.29083e+16 1.87361e+13 1260 162.8 326332 0 0 -0.04184 0 0 -116.008 0 0 -0.0853457 0 0 
1534.14 0.139394 -3.73031 -0.00011102 -3.36829 1.20393e+16 2.00914e+13 1260 162.8 329313 0 0 -0.04184 0 0 -116.003 0 0 -0.0904913 0 0 
1534.19 0.141215 -3.72849 -0.000111292 -3.36829 1.12216e+16 2.15584e+13 1260 162.8 332299 0 0 -0.04184 0 0 -115.997 0 0 -0.0960096 0 0 
1534.25 0.143052 -3.72665 -0.000111584 -3.36829 1.04527e+16 2.31472e+13 1260 162.8 335291 0 0 -0.04184 0 0 -115.991 0 0 -0.101931 0 0 
1534.3 0.144906 -3.7248 -0.000111897 -3.36829 9.73015e+15 2.48689e+13 1260 162.8 338288 0 0 -0.04184 0 0 -115.985 0 0 -0.108289 0 0 
1534.36 0.146776 -3.72293 -0.000112234 -3.36829 9.05174e+15 2.67358e+13 1260 162.8 341289 0 0 -0.04184 0 0 -115.978 0 0 -0.11512 0 0 
1534.41 0.148663 -3.72104 -0.000112596 -3.36829 8.41518e+15 2.87613e+13 1260 162.8 344296 0 0 -0.04184 0 0 -115.971 0 0 -0.122463 0 0 
1534.47 0.150567 -3.71914 -0.000112985 -3.36829 7.81834e+15 3.09599e+13 1260 162.8 347306 0 0 -0.04184 0 0 -115.963 0 0 -0.13036 0 0 
1534.52 0.152487 -3.71722 -0.000113405 -3.36829 7.25912e+15 3.33481e+13 1260 162.8 350321 0 0 -0.04184 0 0 -115.955 0 0 -0.138859 0 0 
1534.58 0.154423 -3.71528 -0.000113857 -3.3683 6.73553e+15 3.59435e+13 1260 162.8 353339 0 0 -0.04184 0 0 -115.945 0 0 -0.148011 0 0 
1534.63 0.156377 -3.71333 -0.000114344 -3.3683 6.24566e+15 3.87658e+13 1260 162.8 356361 0 0 -0.04184 0 0 -115.936 0 0 -0.15787 0 0 
1534.69 0.158347 -3.71136 -0.000114869 -3.3683 5.78765e+15 4.18366e+13 1260 162.8 359386 0 0 -0.04184 0 0 -115.925 0 0 -0.168497 0 0 
1534.74 0.160333 -3.70937 -0.000115436 -3.3683 5.35974e+15 4.51797e+13 1260 162.8 362414 0 0 -0.04184 0 0 -115.913 0 0 -0.179957 0 0 
1534.8 0.162337 -3.70737 -0.000116049 -3.3683 4.96024e+15 4.88215e+13 1260 162.8 365445 0 0 -0.04184 0 0 -115.901 0 0 -0.19232 0 0 
1534.85 0.164357 -3.70535 -0.000116711 -3.3683 4.58754e+15 5.27909e+13 1260 162.8 368479 0 0 -0.04184 0 0 -115.888 0 0 -0.205665 0 0 
1534.91 0.166393 -3.70331 -0.000117427 -3.3683 4.24007e+15 5.71199e+13 1260 162.8 371516 0 0 -0.04184 0 0 -115.873 0 0 -0.220073 0 0 
1534.96 0.168447 -3.70126 -0.000118201 -3.3683 3.91636e+15 6.18439e+13 1260 162.8 374554 0 0 -0.04184 0 0 -115.858 0 0 -0.235634 0 0 
1535.02 0.170517 -3.69919 -0.00011904 -3.3683 3.61501e+15 6.70018e+13 1260 162.8 377595 0 0 -0.04184 0 0 -115.841 0 0 -0.252447 0 0 
1535.07 0.172604 -3.6971 -0.000119949 -3.3683 3.33467e+15 7.2637e+13 1260 162.8 380638 0 0 -0.04184 0 0 -115.823 0 0 -0.270614 0 0 
1535.13 0.174707 -3.695 -0.000120935 -3.3683 3.07406e+15 7.87971e+13 1260 162.8 383683 0 0 -0.04184 0 0 -115.803 0 0 -0.290247 0 0 
1535.18 0.176828 -3.69288 -0.000122004 -3.3683 2.83196e+15 8.55351e+13 1260 162.8 386729 0 0 -0.04184 0 0 -115.782 0 0 -0.311465 0 0 
1535.24 0.178965 -3.69074 -0.000123165 -3.36831 2.60722e+15 9.29095e+13 1260 162.8 389778 0 0 -0.04184 0 0 -115.759 0 0 -0.334392 0 0 
1535.29 0.181119 -3.68858 -0.000124426 -3.36831 2.39874e+15 1.00985e+14 1260 162.8 392827 0 0 -0.04184 0 0 -115.734 0 0 -0.359162 0 0 
1535.35 0.18329 -3.68641 -0.000125796 -3.36831 2.20549e+15 1.09834e+14 1260 162.8 395878 0 0 -0.04184 0 0 -115.708 0 0 -0.385911 0 0 
1535.4 0.185477 -3.68423 -0.000127287 -3.36831 2.02647e+15 1.19536e+14 1260 162.8 398931 0 0 -0.04184 0 0 -115.679 0 0 -0.414781 0 0 
1535.46 0.187681 -3.68202 -0.00012891 -3.36831 1.86076e+15 1.30179e+14 1260 162.8 401985 0 0 -0.04184 0 0 -115.648 0 0 -0.445912 0 0 
1535.51 0.189903 -3.6798 -0.000130677 -3.36831 1.70748e+15 1.41863e+14 1260 162.8 405039 0 0 -0.04184 0 0 -115.614 0 0 -0.479446 0 0 
1535.57 0.192141 -3.67756 -0.000132603 -3.36831 1.5658e+15 1.54695e+14 1260 162.8 408095 0 0 -0.04184 0 0 -115.578 0 0 -0.515518 0 0 
1535.62 0.194395 -3.67531 -0.000134703 -3.36831 1.43493e+15 1.68798e+14 1260 162.8 411152 0 0 -0.04184 0 0 -115.539 0 0 -0.554251 0 0 
1535.68 0.196667 -3.67304 -0.000136995 -3.36831 1.31412e+15 1.84306e+14 1260 162.8 414210 0 0 -0.04184 0 0 -115.498 0 0 -0.595752 0 0 
1535.73 0.198956 -3.67075 -0.000139497 -3.36831 1.2027e+15 2.0137e+14 1260 162.8 417269 0 0 -0.04184 0 0 -115.453 0 0 -0.6401 0 0 
1535.79 0.201261 -3.66844 -0.000142231 -3.36831 1.09999e+15 2.20158e+14 1260 162.8 420328 0 0 -0.04184 0 0 -115.406 0 0 -0.687344 0 0 
1535.84 0.203583 -3.66612 -0.000145219 -3.36831 1.00539e+15 2.40855e+14 1260 162.8 423388 0 0 -0.04184 0 0 -115.356 0 0 -0.737482 0 0 
1535.9 0.205922 -3.66378 -0.000148489 -3.36831 9.18311e+14 2.63669e+14 1260 162.8 426449 0 0 -0.04184 0 0 -115.303 0 0 -0.790463 0 0 
1535.95 0.208278 -3.66143 -0.000152068 -3.36831 8.38219e+14 2.88833e+14 1260 162.8 429510 0 0 -0.04184 0 0 -115.247 0 0 -0.846165 0 0 
1536.01 0.210651 -3.65905 -0.000155988 -3.36831 7.64604e+14 3.16604e+14 1260 162.8 432572 0 0 -0.04184 0 0 -115.189 0 0 -0.904395 0 0 
1536.06 0.21304 -3.65666 -0.000160285 -3.36832 6.96988e+14 3.47271e+14 1260 162.8 435635 0 0 -0.04184 0 0 -115.129 0 0 -0.964878 0 0 
1536.12 0.215447 -3.65426 -0.000164997 -3.36832 6.34927e+14 3.81157e+14 1260 162.8 438698 0 0 -0.04184 0 0 -115.066 0 0 -1.02726 0 0 
1536.17 0.21787 -3.65183 -0.00017017 -3.36832 5.78004e+14 4.18622e+14 1260 162.8 441761 0 0 -0.04184 0 0 -115.002 0 0 -1.09109 0 0 
1536.23 0.22031 -3.64939 -0.00017585 -3.36832 5.25831e+14 4.6007e+14 1260 162.8 444825 0 0 -0.04184 0 0 -114.938 0 0 -1.15589 0 0 
1536.28 0.222767 -3.64694 -0.000182092 -3.36832 4.78044e+14 5.05951e+14 1260 162.8 447889 0 0 -0.04184 0 0 -114.872 0 0 -1.22108 0 0 
1536.34 0.225241 -3.64446 -0.000188956 -3.36832 4.34306e+14 5.5677e+14 1260 162.8 450954 0 0 -0.04184 0 0 -114.807 0 0 -1.28609 0 0 
1536.39 0.227732 -3.64197 -0.00019651 -3.36832 3.94302e+14 6.13092e+14 1260 162.8 454019 0 0 -0.04184 0 0 -114.743 0 0 -1.35033 0 0 
1536.45 0.230239 -3.63946 -0.000204828 -3.36832 3.57738e+14 6.75553e+14 1260 162.8 457084 0 0 -0.04184 0 0 -114.68 0 0 -1.41322 0 0 
1536.5 0.232764 -3.63694 -0.000213995 -3.36832 3.24342e+14 7.44862e+14 1260 162.8 460150 0 0 -0.04184 0 0 -114.619 0 0 -1.47426 0 0 
1536.56 0.235305 -3.6344 -0.000224104 -3.36832 2.93861e+14 8.21817e+14 1260 162.8 463216 0 0 -0.04184 0 0 -114.56 0 0 -1.53298 0 0 
1536.61 0.237863 -3.63184 -0.000235259 -3.36832 2.6606e+14 9.07314e+14 1260 162.8 466282 0 0 -0.04184 0 0 -114.504 0 0 -1.58902 0 0 
1536.67 0.240438 -3.62926 -0.000247578 -3.36832 2.40721e+14 1.00236e+15 1260 162.8 469349 0 0 -0.04184 0 0 -114.451 0 0 -1.64209 0 0 
1536.72 0.24303 -3.62667 -0.000261192 -3.36832 2.17642e+14 1.10808e+15 1260 162.8 472415 0 0 -0.04184 0 0 -114.401 0 0 -1.692 0 0 
1536.78 0.245639 -3.62406 -0.000276248 -3.36832 1.96636e+14 1.22576e+15 1260 162.8 475482 0 0 -0.04184 0 0 -114.355 0 0 -1.73863 0 0 
1536.83 0.248265 -3.62144 -0.000292912 -3.36832 1.77531e+14 1.35681e+15 1260 162.8 478550 0 0 -0.04184 0 0 -114.311 0 0 -1.78196 0 0 
1536.89 0.250908 -3.6188 -0.000311369 -3.36832 1.60166e+14 1.50286e+15 1260 162.8 481617 0 0 -0.04184 0 0 -114.271 0 0 -1.82201 0 0 
1536.94 0.253567 -3.61614 -0.000331827 -3.36832 1.44394e+14 1.66571e+15 1260 162.8 484685 0 0 -0.04184 0 0 -114.235 0 0 -1.85886 0 0 
1537 0.256244 -3.61346 -0.000354521 -3.36832 1.30079e+14 1.84741e+15 1260 162.8 486219 0 0 -0.04184 0 0 -114.217 0 0 -1.8765 0 0 
1537 0.0317359 -3.44323 -0.000354521 -3.36832 6.05994e+17 8.30268e+17 1500 200 -1.02044e+06 0 0 -0.0285876 0 0 -114.019 0 0 -2.07465 0 0 
1537.06 0.0260668 -3.4489 -0.000354525 -3.36832 7.3939e+17 6.69254e+17 1500 200 -1.02047e+06 0 0 -0.0285876 0 0 -113.836 0 0 -2.25697 0 0 
1537.11 0.0203973 -3.45457 -0.000354528 -3.36832 8.98653e+17 5.39076e+17 1500 200 -1.02069e+06 0 0 -0.0285876 0 0 -113.479 0 0 -2.61439 0 0 
1537.17 0.0147258 -3.46024 -0.00035453 -3.36832 1.08747e+18 4.33935e+17 1500 200 -1.0212e+06 0 0 -0.0285876 0 0 -113.142 0 0 -2.95119 0 0 
1537.22 0.00905067 -3.46591 -0.000354533 -3.36832 1.30961e+18 3.49088e+17 1500 200 -1.02201e+06 0 0 -0.0285876 0 0 -112.836 0 0 -3.2574 0 0 
1537.28 0.00337018 -3.47159 -0.000354534 -3.36832 1.56879e+18 2.80667e+17 1500 200 -1.02313e+06 0 0 -0.0285876 0 0 -112.566 0 0 -3.52765 0 0 
1537.33 -0.00231749 -3.47728 -0.000354536 -3.36832 1.86858e+18 2.25525e+17 1500 200 -1.02461e+06 0 0 -0.0285876 0 0 -112.333 0 0 -3.76074 0 0 
1537.39 -0.00801433 -3.48298 -0.000354537 -3.36832 2.21221e+18 1.81108e+17 1500 200 -1.02645e+06 0 0 -0.0285876 0 0 -112.135 0 0 -3.95841 0 0 
1537.44 -0.0137225 -3.48869 -0.000354538 -3.36832 2.60254e+18 1.45346e+17 1500 200 -1.0287e+06 0 0 -0.0285876 0 0 -111.969 0 0 -4.12404 0 0 
1537.5 -0.0194444 -3.49441 -0.000354539 -3.36832 3.04194e+18 1.16565e+17 1500 200 -1.03141e+06 0 0 -0.0285876 0 0 -111.832 0 0 -4.26172 0 0 
1537.56 -0.0251826 -3.50015 -0.00035454 -3.36832 3.53227e+18 9.34116e+16 1500 200 -1.0346e+06 0 0 -0.0285876 0 0 -111.718 0 0 -4.37555 0 0 
1537.61 -0.03094 -3.5059 -0.000354541 -3.36832 4.07491e+18 7.47941e+16 1500 200 -1.03834e+06 0 0 -0.0285876 0 0 -111.624 0 0 -4.46933 0 0 
1537.67 -0.0367197 -3.51168 -0.000354541 -3.36832 4.6708e+18 5.98305e+16 1500 200 -1.04266e+06 0 0 -0.0285876 0 0 -111.547 0 0 -4.54643 0 0 
1537.72 -0.0425251 -3.51749 -0.000354542 -3.36832 5.32053e+18 4.78098e+16 1500 200 -1.04763e+06 0 0 -0.0285876 0 0 -111.484 0 0 -4.60971 0 0 
1537.78 -0.04836 -3.52332 -0.000354542 -3.36832 6.02442e+18 3.81586e+16 1500 200 -1.05328e+06 0 0 -0.0285876 0 0 -111.432 0 0 -4.6616 0 0 
1537.83 -0.0542282 -3.52919 -0.000354543 -3.36832 6.78261e+18 3.0415e+16 1500 200 -1.05968e+06 0 0 -0.0285876 0 0 -111.389 0 0 -4.70411 0 0 
1537.89 -0.0601341 -3.5351 -0.000354543 -3.36832 7.59515e+18 2.42067e+16 1500 200 -1.06687e+06 0 0 -0.0285876 0 0 -111.355 0 0 -4.73891 0 0 
1537.94 -0.0660823 -3.54105 -0.000354543 -3.36832 8.46211e+18 1.92336e+16 1500 200 -1.07491e+06 0 0 -0.0285876 0 0 -111.326 0 0 -4.76737 0 0 
1538 -0.0720776 -3.54704 -0.000354544 -3.36832 9.38359e+18 1.52541e+16 1500 200 -1.08385e+06 0 0 -0.0285876 0 0 -111.303 0 0 -4.79062 0 0 
1538.06 -0.0781251 -3.55309 -0.000354544 -3.36832 1.03599e+19 1.20733e+16 1500 200 -1.09375e+06 0 0 -0.0285876 0 0 -111.284 0 0 -4.80959 0 0 
1538.11 -0.0842304 -3.55919 -0.000354544 -3.36832 1.13913e+19 9.53428e+15 1500 200 -1.10466e+06 0 0 -0.0285876 0 0 -111.268 0 0 -4.82504 0 0 
1538.17 -0.0903991 -3.56536 -0.000354544 -3.36832 1.24785e+19 7.51068e+15 1500 200 -1.11664e+06 0 0 -0.0285876 0 0 -111.256 0 0 -4.83761 0 0 
1538.22 -0.0966375 -3.5716 -0.000354545 -3.36832 1.36223e+19 5.90062e+15 1500 200 -1.12974e+06 0 0 -0.0285876 0 0 -111.246 0 0 -4.84781 0 0 
1538.28 -0.102952 -3.57792 -0.000354545 -3.36832 1.48237e+19 4.62208e+15 1500 200 -1.14402e+06 0 0 -0.0285876 0 0 -111.237 0 0 -4.85608 0 0 
1538.33 -0.109349 -3.58431 -0.000354545 -3.36832 1.60841e+19 3.609e+15 1500 200 -1.15954e+06 0 0 -0.0285876 0 0 -111.231 0 0 -4.86275 0 0 
1538.39 -0.115836 -3.5908 -0.000354545 -3.36832 1.74051e+19 2.80819e+15 1500 200 -1.17635e+06 0 0 -0.0285876 0 0 -111.225 0 0 -4.86813 0 0 
1538.44 -0.122419 -3.59738 -0.000354545 -3.36832 1.87884e+19 2.17689e+15 1500 200 -1.19452e+06 0 0 -0.0285876 0 0 -111.221 0 0 -4.87245 0 0 
1538.5 -0.129108 -3.60407 -0.000354545 -3.36832 2.02364e+19 1.68068e+15 1500 200 -1.21411e+06 0 0 -0.0285876 0 0 -111.218 0 0 -4.87591 0 0 
1538.56 -0.135909 -3.61087 -0.000354545 -3.36832 2.17513e+19 1.29192e+15 1500 200 -1.2352e+06 0 0 -0.0285876 0 0 -111.215 0 0 -4.87866 0 0 
1538.61 -0.142832 -3.6178 -0.000354546 -3.36833 2.3336e+19 9.88447e+14 1500 200 -1.25784e+06 0 0 -0.0285876 0 0 -111.213 0 0 -4.88085 0 0 
1538.67 -0.149885 -3.62485 -0.000354546 -3.36833 2.49935e+19 7.52464e+14 1500 200 -1.2821e+06 0 0 -0.0285876 0 0 -111.211 0 0 -4.88257 0 0 
1538.72 -0.157078 -3.63204 -0.000354546 -3.36833 2.67272e+19 5.69745e+14 1500 200 -1.30807e+06 0 0 -0.0285876 0 0 -111.209 0 0 -4.88393 0 0 
1538.78 -0.16442 -3.63938 -0.000354546 -3.36833 2.85408e+19 4.2892e+14 1500 200 -1.33582e+06 0 0 -0.0285876 0 0 -111.208 0 0 -4.885 0 0 
1538.83 -0.17192 -3.64688 -0.000354546 -3.36833 3.04384e+19 3.20927e+14 1500 200 -1.36544e+06 0 0 -0.0285876 0 0 -111.208 0 0 -4.88582 0 0 
1538.89 -0.179591 -3.65455 -0.000354546 -3.36833 3.24245e+19 2.3856e+14 1500 200 -1.39701e+06 0 0 -0.0285876 0 0 -111.207 0 0 -4.88646 0 0 
1538.94 -0.187443 -3.66241 -0.000354546 -3.36834 3.45038e+19 1.76102e+14 1500 200 -1.43061e+06 0 0 -0.0285876 0 0 -111.206 0 0 -4.88696 0 0 
1539 -0.195487 -3.67045 -0.000354546 -3.36834 3.66817e+19 1.2904e+14 1500 200 -1.44794e+06 0 0 -0.0285876 0 0 -111.206 0 0 -4.88717 0 0 
1539 0.0290211 -3.84068 -0.000354546 -3.36834 7.71e+17 2.81695e+11 1260 162.8 29856.7 0 0 -0.04184 0 0 -111.206 0 0 -4.88737 0 0 
1539.06 0.0291855 -3.84052 -0.00035455 -3.37175 7.66563e+17 3.23449e+11 1260 162.8 30037.6 0 0 -0.04184 0 0 -111.206 0 0 -4.88741 0 0 
1539.11 0.0293518 -3.84035 -0.000354554 -3.37475 7.62095e+17 3.65511e+11 1260 162.8 30403.8 0 0 -0.04184 0 0 -111.206 0 0 -4.8875 0 0 
1539.17 0.0295202 -3.84018 -0.000354558 -3.37741 7.57596e+17 4.07885e+11 1260 162.8 30779.3 0 0 -0.04184 0 0 -111.206 0 0 -4.88761 0 0 
1539.22 0.0296906 -3.84001 -0.000354562 -3.37982 7.53067e+17 4.5058e+11 1260 162.8 31164.1 0 0 -0.04184 0 0 -111.206 0 0 -4.88772 0 0 
1539.28 0.0298633 -3.83984 -0.000354566 -3.382 7.48505e+17 4.93603e+11 1260 162.8 31558.4 0 0 -0.04184 0 0 -111.206 0 0 -4.88785 0 0 
1539.33 0.0300381 -3.83967 -0.00035457 -3.384 7.43911e+17 5.36963e+11 1260 162.8 31962.2 0 0 -0.04184 0 0 -111.205 0 0 -4.88798 0 0 
1539.39 0.0302151 -3.83949 -0.000354574 -3.38585 7.39284e+17 5.80671e+11 1260 162.8 32375.6 0 0 -0.04184 0 0 -111.205 0 0 -4.88813 0 0 
1539.44 0.0303945 -3.83931 -0.000354578 -3.38756 7.34624e+17 6.24737e+11 1260 162.8 32798.8 0 0 -0.04184 0 0 -111.205 0 0 -4.88829 0 0 
1539.5 0.0305762 -3.83913 -0.000354583 -3.38916 7.2993e+17 6.69172e+11 1260 162.8 33231.9 0 0 -0.04184 0 0 -111.205 0 0 -4.88846 0 0 
1539.55 0.0307604 -3.83894 -0.000354587 -3.39065 7.25202e+17 7.13989e+11 1260 162.8 33674.8 0 0 -0.04184 0 0 -111.205 0 0 -4.88865 0 0 
1539.61 0.030947 -3.83876 -0.000354591 -3.39205 7.20439e+17 7.592e+11 1260 162.8 34127.9 0 0 -0.04184 0 0 -111.205 0 0 -4.88884 0 0 
1539.66 0.0311361 -3.83857 -0.000354595 -3.39337 7.1564e+17 8.04817e+11 1260 162.8 34591.2 0 0 -0.04184 0 0 -111.204 0 0 -4.88905 0 0 
1539.72 0.0313278 -3.83838 -0.000354599 -3.39462 7.10806e+17 8.50856e+11 1260 162.8 35064.7 0 0 -0.04184 0 0 -111.204 0 0 -4.88927 0 0 
1539.77 0.0315221 -3.83818 -0.000354604 -3.3958 7.05936e+17 8.97329e+11 1260 162.8 35548.7 0 0 -0.04184 0 0 -111.204 0 0 -4.8895 0 0 
1539.83 0.0317191 -3.83798 -0.000354608 -3.39692 7.0103e+17 9.44252e+11 1260 162.8 36043.3 0 0 -0.04184 0 0 -111.204 0 0 -4.88975 0 0 
1539.88 0.0319189 -3.83778 -0.000354612 -3.39798 6.96087e+17 9.9164e+11 1260 162.8 36548.5 0 0 -0.04184 0 0 -111.203 0 0 -4.89 0 0 
1539.94 0.0321215 -3.83758 -0.000354617 -3.399 6.91108e+17 1.03951e+12 1260 162.8 37064.4 0 0 -0.04184 0 0 -111.203 0 0 -4.89027 0 0 
1539.99 0.032327 -3.83738 -0.000354621 -3.39997 6.86091e+17 1.08788e+12 1260 162.8 37591.4 0 0 -0.04184 0 0 -111.203 0 0 -4.89055 0 0 
1540.05 0.0325354 -3.83717 -0.000354626 -3.4009 6.81036e+17 1.13676e+12 1260 162.8 38129.3 0 0 -0.04184 0 0 -111.203 0 0 -4.89085 0 0 
1540.1 0.0327467 -3.83696 -0.00035463 -3.40179 6.75945e+17 1.18618e+12 1260 162.8 38678.5 0 0 -0.04184 0 0 -111.202 0 0 -4.89116 0 0 
1540.16 0.0329612 -3.83674 -0.000354634 -3.40264 6.70815e+17 1.23614e+12 1260 162.8 39239 0 0 -0.04184 0 0 -111.202 0 0 -4.89148 0 0 
1540.21 0.0331787 -3.83652 -0.000354639 -3.40346 6.65647e+17 1.28668e+12 1260 162.8 39810.9 0 0 -0.04184 0 0 -111.202 0 0 -4.89181 0 0 
1540.27 0.0333995 -3.8363 -0.000354644 -3.40424 6.60441e+17 1.33782e+12 1260 162.8 40394.4 0 0 -0.04184 0 0 -111.201 0 0 -4.89216 0 0 
1540.32 0.0336234 -3.83608 -0.000354648 -3.405 6.55198e+17 1.38956e+12 1260 162.8 40989.7 0 0 -0.04184 0 0 -111.201 0 0 -4.89253 0 0 
1540.38 0.0338507 -3.83585 -0.000354653 -3.40573 6.49915e+17 1.44194e+12 1260 162.8 41596.8 0 0 -0.04184 0 0 -111.201 0 0 -4.8929 0 0 
1540.43 0.0340814 -3.83562 -0.000354658 -3.40643 6.44595e+17 1.49498e+12 1260 162.8 42216 0 0 -0.04184 0 0 -111.2 0 0 -4.89329 0 0 
1540.49 0.0343155 -3.83539 -0.000354662 -3.40711 6.39236e+17 1.54871e+12 1260 162.8 42847.3 0 0 -0.04184 0 0 -111.2 0 0 -4.8937 0 0 
1540.54 0.0345531 -3.83515 -0.000354667 -3.40777 6.33839e+17 1.60314e+12 1260 162.8 43490.9 0 0 -0.04184 0 0 -111.199 0 0 -4.89411 0 0 
1540.6 0.0347943 -3.83491 -0.000354672 -3.4084 6.28404e+17 1.6583e+12 1260 162.8 44147 0 0 -0.04184 0 0 -111.199 0 0 -4.89455 0 0 
1540.65 0.0350391 -3.83466 -0.000354677 -3.40901 6.22931e+17 1.71422e+12 1260 162.8 44815.8 0 0 -0.04184 0 0 -111.198 0 0 -4.89499 0 0 
1540.71 0.0352877 -3.83442 -0.000354682 -3.40961 6.17419e+17 1.77093e+12 1260 162.8 45497.3 0 0 -0.04184 0 0 -111.198 0 0 -4.89546 0 0 
1540.76 0.03554 -3.83416 -0.000354687 -3.41018 6.1187e+17 1.82846e+12 1260 162.8 46191.8 0 0 -0.04184 0 0 -111.197 0 0 -4.89593 0 0 
1540.82 0.0357962 -3.83391 -0.000354691 -3.41074 6.06283e+17 1.88683e+12 1260 162.8 46899.3 0 0 -0.04184 0 0 -111.197 0 0 -4.89643 0 0 
1540.87 0.0360563 -3.83365 -0.000354697 -3.41127 6.00659e+17 1.94608e+12 1260 162.8 47620.1 0 0 -0.04184 0 0 -111.196 0 0 -4.89694 0 0 
1540.93 0.0363205 -3.83338 -0.000354702 -3.4118 5.94998e+17 2.00625e+12 1260 162.8 48354.4 0 0 -0.04184 0 0 -111.196 0 0 -4.89746 0 0 
1540.98 0.0365887 -3.83311 -0.000354707 -3.41231 5.89301e+17 2.06735e+12 1260 162.8 49102.2 0 0 -0.04184 0 0 -111.195 0 0 -4.898 0 0 
1541.04 0.036861 -3.83284 -0.000354712 -3.4128 5.83566e+17 2.12944e+12 1260 162.8 49863.8 0 0 -0.04184 0 0 -111.195 0 0 -4.89856 0 0 
1541.09 0.0371376 -3.83257 -0.000354717 -3.41328 5.77796e+17 2.19255e+12 1260 162.8 50639.3 0 0 -0.04184 0 0 -111.194 0 0 -4.89913 0 0 
1541.15 0.0374185 -3.83228 -0.000354722 -3.41374 5.7199e+17 2.25671e+12 1260 162.8 51428.9 0 0 -0.04184 0 0 -111.194 0 0 -4.89972 0 0 
1541.2 0.0377038 -3.832 -0.000354728 -3.41419 5.6615e+17 2.32197e+12 1260 162.8 52232.8 0 0 -0.04184 0 0 -111.193 0 0 -4.90033 0 0 
1541.26 0.0379936 -3.83171 -0.000354733 -3.41463 5.60274e+17 2.38837e+12 1260 162.8 53051.1 0 0 -0.04184 0 0 -111.192 0 0 -4.90096 0 0 
1541.31 0.0382879 -3.83142 -0.000354739 -3.41506 5.54365e+17 2.45595e+12 1260 162.8 53884.1 0 0 -0.04184 0 0 -111.192 0 0 -4.9016 0 0 
1541.37 0.0385868 -3.83112 -0.000354744 -3.41547 5.48422e+17 2.52476e+12 1260 162.8 54731.8 0 0 -0.04184 0 0 -111.191 0 0 -4.90226 0 0 
1541.42 0.0388904 -3.83081 -0.00035475 -3.41588 5.42447e+17 2.59484e+12 1260 162.8 55594.5 0 0 -0.04184 0 0 -111.19 0 0 -4.90294 0 0 
1541.48 0.0391988 -3.8305 -0.000354755 -3.41627 5.36439e+17 2.66625e+12 1260 162.8 56472.4 0 0 -0.04184 0 0 -111.19 0 0 -4.90364 0 0 
1541.53 0.0395121 -3.83019 -0.000354761 -3.41665 5.30401e+17 2.73903e+12 1260 162.8 57365.6 0 0 -0.04184 0 0 -111.189 0 0 -4.90436 0 0 
1541.59 0.0398304 -3.82987 -0.000354767 -3.41703 5.24332e+17 2.81324e+12 1260 162.8 58274.3 0 0 -0.04184 0 0 -111.188 0 0 -4.90509 0 0 
1541.64 0.0401537 -3.82955 -0.000354772 -3.41739 5.18233e+17 2.88893e+12 1260 162.8 59198.8 0 0 -0.04184 0 0 -111.188 0 0 -4.90585 0 0 
1541.7 0.0404821 -3.82922 -0.000354778 -3.41774 5.12105e+17 2.96617e+12 1260 162.8 60139.1 0 0 -0.04184 0 0 -111.187 0 0 -4.90663 0 0 
1541.75 0.0408158 -3.82889 -0.000354784 -3.41809 5.0595e+17 3.04501e+12 1260 162.8 61095.5 0 0 -0.04184 0 0 -111.186 0 0 -4.90743 0 0 
1541.81 0.0411547 -3.82855 -0.00035479 -3.41842 4.99768e+17 3.12553e+12 1260 162.8 62068.2 0 0 -0.04184 0 0 -111.185 0 0 -4.90824 0 0 
1541.86 0.0414991 -3.8282 -0.000354796 -3.41875 4.9356e+17 3.20777e+12 1260 162.8 63057.4 0 0 -0.04184 0 0 -111.184 0 0 -4.90908 0 0 
1541.92 0.0418489 -3.82785 -0.000354803 -3.41907 4.87327e+17 3.29183e+12 1260 162.8 64063.2 0 0 -0.04184 0 0 -111.183 0 0 -4.90995 0 0 
1541.97 0.0422044 -3.8275 -0.000354809 -3.41938 4.8107e+17 3.37775e+12 1260 162.8 65085.8 0 0 -0.04184 0 0 -111.183 0 0 -4.91083 0 0 
1542.03 0.0425655 -3.82714 -0.000354815 -3.41968 4.74791e+17 3.46564e+12 1260 162.8 66125.5 0 0 -0.04184 0 0 -111.182 0 0 -4.91174 0 0 
1542.08 0.0429324 -3.82677 -0.000354822 -3.41998 4.68491e+17 3.55555e+12 1260 162.8 67182.4 0 0 -0.04184 0 0 -111.181 0 0 -4.91267 0 0 
1542.14 0.0433051 -3.8264 -0.000354828 -3.42027 4.62171e+17 3.64758e+12 1260 162.8 68256.7 0 0 -0.04184 0 0 -111.18 0 0 -4.91363 0 0 
1542.19 0.0436838 -3.82602 -0.000354835 -3.42055 4.55832e+17 3.74182e+12 1260 162.8 69348.7 0 0 -0.04184 0 0 -111.179 0 0 -4.91461 0 0 
1542.25 0.0440686 -3.82563 -0.000354841 -3.42082 4.49475e+17 3.83835e+12 1260 162.8 70458.4 0 0 -0.04184 0 0 -111.178 0 0 -4.91562 0 0 
1542.3 0.0444595 -3.82524 -0.000354848 -3.42109 4.43103e+17 3.93726e+12 1260 162.8 71586.2 0 0 -0.04184 0 0 -111.177 0 0 -4.91665 0 0 
1542.36 0.0448567 -3.82485 -0.000354855 -3.42135 4.36716e+17 4.03867e+12 1260 162.8 72732.2 0 0 -0.04184 0 0 -111.176 0 0 -4.91771 0 0 
1542.41 0.0452602 -3.82444 -0.000354862 -3.4216 4.30316e+17 4.14266e+12 1260 162.8 73896.5 0 0 -0.04184 0 0 -111.175 0 0 -4.91879 0 0 
1542.47 0.0456702 -3.82403 -0.000354869 -3.42185 4.23905e+17 4.24936e+12 1260 162.8 75079.4 0 0 -0.04184 0 0 -111.174 0 0 -4.91991 0 0 
1542.52 0.0460868 -3.82362 -0.000354876 -3.42209 4.17483e+17 4.35888e+12 1260 162.8 76281.1 0 0 -0.04184 0 0 -111.172 0 0 -4.92105 0 0 
1542.58 0.04651 -3.82319 -0.000354884 -3.42233 4.11054e+17 4.47133e+12 1260 162.8 77501.8 0 0 -0.04184 0 0 -111.171 0 0 -4.92222 0 0 
1542.63 0.04694 -3.82276 -0.000354891 -3.42256 4.04618e+17 4.58684e+12 1260 162.8 78741.6 0 0 -0.04184 0 0 -111.17 0 0 -4.92342 0 0 
1542.69 0.0473769 -3.82233 -0.000354899 -3.42278 3.98176e+17 4.70555e+12 1260 162.8 80000.8 0 0 -0.04184 0 0 -111.169 0 0 -4.92466 0 0 
1542.74 0.0478208 -3.82188 -0.000354906 -3.423 3.91732e+17 4.82759e+12 1260 162.8 81279.5 0 0 -0.04184 0 0 -111.167 0 0 -4.92592 0 0 
1542.8 0.0482717 -3.82143 -0.000354914 -3.42321 3.85287e+17 4.9531e+12 1260 162.8 82577.9 0 0 -0.04184 0 0 -111.166 0 0 -4.92722 0 0 
1542.85 0.0487299 -3.82097 -0.000354922 -3.42342 3.78842e+17 5.08225e+12 1260 162.8 83896.3 0 0 -0.04184 0 0 -111.165 0 0 -4.92855 0 0 
1542.91 0.0491953 -3.82051 -0.00035493 -3.42362 3.72399e+17 5.21518e+12 1260 162.8 85234.7 0 0 -0.04184 0 0 -111.163 0 0 -4.92992 0 0 
1542.96 0.0496682 -3.82004 -0.000354938 -3.42382 3.65961e+17 5.35208e+12 1260 162.8 86593.4 0 0 -0.04184 0 0 -111.162 0 0 -4.93132 0 0 
1543.02 0.0501487 -3.81955 -0.000354947 -3.42401 3.59528e+17 5.4931e+12 1260 162.8 87972.6 0 0 -0.04184 0 0 -111.161 0 0 -4.93276 0 0 
1543.07 0.0506367 -3.81907 -0.000354955 -3.4242 3.53105e+17 5.63845e+12 1260 162.8 89372.4 0 0 -0.04184 0 0 -111.159 0 0 -4.93424 0 0 
1543.13 0.0511326 -3.81857 -0.000354964 -3.42438 3.46691e+17 5.78831e+12 1260 162.8 90793 0 0 -0.04184 0 0 -111.158 0 0 -4.93576 0 0 
1543.18 0.0516363 -3.81807 -0.000354973 -3.42456 3.40289e+17 5.94288e+12 1260 162.8 92234.6 0 0 -0.04184 0 0 -111.156 0 0 -4.93731 0 0 
1543.24 0.052148 -3.81756 -0.000354982 -3.42473 3.33902e+17 6.1024e+12 1260 162.8 93697.3 0 0 -0.04184 0 0 -111.154 0 0 -4.93891 0 0 
1543.29 0.0526678 -3.81704 -0.000354991 -3.4249 3.27531e+17 6.26707e+12 1260 162.8 95181.3 0 0 -0.04184 0 0 -111.153 0 0 -4.94055 0 0 
1543.35 0.0531959 -3.81651 -0.000355 -3.42506 3.21179e+17 6.43715e+12 1260 162.8 96686.8 0 0 -0.04184 0 0 -111.151 0 0 -4.94224 0 0 
1543.4 0.0537323 -3.81597 -0.00035501 -3.42522 3.14848e+17 6.61287e+12 1260 162.8 98214 0 0 -0.04184 0 0 -111.149 0 0 -4.94397 0 0 
1543.46 0.0542771 -3.81543 -0.00035502 -3.42538 3.08539e+17 6.79452e+12 1260 162.8 99762.8 0 0 -0.04184 0 0 -111.148 0 0 -4.94575 0 0 
1543.51 0.0548306 -3.81487 -0.000355029 -3.42553 3.02255e+17 6.98235e+12 1260 162.8 101334 0 0 -0.04184 0 0 -111.146 0 0 -4.94758 0 0 
1543.57 0.0553927 -3.81431 -0.00035504 -3.42568 2.95999e+17 7.17668e+12 1260 162.8 102927 0 0 -0.04184 0 0 -111.144 0 0 -4.94946 0 0 
1543.62 0.0559637 -3.81374 -0.00035505 -3.42582 2.89772e+17 7.37781e+12 1260 162.8 104542 0 0 -0.04184 0 0 -111.142 0 0 -4.95139 0 0 
1543.68 0.0565436 -3.81316 -0.00035506 -3.42596 2.83576e+17 7.58607e+12 1260 162.8 106179 0 0 -0.04184 0 0 -111.14 0 0 -4.95338 0 0 
1543.73 0.0571327 -3.81257 -0.000355071 -3.42609 2.77415e+17 7.80179e+12 1260 162.8 107839 0 0 -0.04184 0 0 -111.138 0 0 -4.95542 0 0 
1543.79 0.0577309 -3.81197 -0.000355082 -3.42623 2.71289e+17 8.02536e+12 1260 162.8 109521 0 0 -0.04184 0 0 -111.136 0 0 -4.95752 0 0 
1543.84 0.0583384 -3.81137 -0.000355094 -3.42636 2.65202e+17 8.25714e+12 1260 162.8 111226 0 0 -0.04184 0 0 -111.134 0 0 -4.95968 0 0 
1543.9 0.0589554 -3.81075 -0.000355105 -3.42648 2.59155e+17 8.49755e+12 1260 162.8 112954 0 0 -0.04184 0 0 -111.132 0 0 -4.96191 0 0 
1543.95 0.0595819 -3.81012 -0.000355117 -3.4266 2.53151e+17 8.74702e+12 1260 162.8 114705 0 0 -0.04184 0 0 -111.129 0 0 -4.9642 0 0 
1544.01 0.0602182 -3.80949 -0.000355129 -3.42672 2.47192e+17 9.006e+12 1260 162.8 116478 0 0 -0.04184 0 0 -111.127 0 0 -4.96655 0 0 
1544.06 0.0608643 -3.80884 -0.000355142 -3.42683 2.4128e+17 9.27497e+12 1260 162.8 118275 0 0 -0.04184 0 0 -111.124 0 0 -4.96898 0 0 
1544.12 0.0615203 -3.80818 -0.000355154 -3.42695 2.35417e+17 9.55443e+12 1260 162.8 120095 0 0 -0.04184 0 0 -111.122 0 0 -4.97148 0 0 
1544.17 0.0621864 -3.80752 -0.000355167 -3.42705 2.29605e+17 9.84493e+12 1260 162.8 121938 0 0 -0.04184 0 0 -111.119 0 0 -4.97405 0 0 
1544.23 0.0628627 -3.80684 -0.000355181 -3.42716 2.23847e+17 1.0147e+13 1260 162.8 123804 0 0 -0.04184 0 0 -111.117 0 0 -4.97671 0 0 
1544.28 0.0635494 -3.80615 -0.000355194 -3.42726 2.18144e+17 1.04613e+13 1260 162.8 125693 0 0 -0.04184 0 0 -111.114 0 0 -4.97944 0 0 
1544.34 0.0642465 -3.80546 -0.000355208 -3.42736 2.12499e+17 1.07885e+13 1260 162.8 127606 0 0 -0.04184 0 0 -111.111 0 0 -4.98226 0 0 
1544.39 0.0649542 -3.80475 -0.000355223 -3.42746 2.06914e+17 1.11291e+13 1260 162.8 129542 0 0 -0.04184 0 0 -111.108 0 0 -4.98517 0 0 
1544.45 0.0656727 -3.80403 -0.000355238 -3.42755 2.0139e+17 1.1484e+13 1260 162.8 131501 0 0 -0.04184 0 0 -111.105 0 0 -4.98817 0 0 
1544.5 0.0664019 -3.8033 -0.000355253 -3.42764 1.9593e+17 1.18539e+13 1260 162.8 133484 0 0 -0.04184 0 0 -111.102 0 0 -4.99127 0 0 
1544.56 0.0671422 -3.80256 -0.000355269 -3.42773 1.90536e+17 1.22396e+13 1260 162.8 135490 0 0 -0.04184 0 0 -111.099 0 0 -4.99447 0 0 
1544.61 0.0678936 -3.80181 -0.000355285 -3.42781 1.85208e+17 1.26419e+13 1260 162.8 137519 0 0 -0.04184 0 0 -111.096 0 0 -4.99777 0 0 
1544.67 0.0686562 -3.80105 -0.000355301 -3.42789 1.7995e+17 1.30618e+13 1260 162.8 139571 0 0 -0.04184 0 0 -111.092 0 0 -5.00118 0 0 
1544.72 0.0694301 -3.80027 -0.000355318 -3.42797 1.74763e+17 1.35002e+13 1260 162.8 141647 0 0 -0.04184 0 0 -111.089 0 0 -5.00471 0 0 
1544.78 0.0702156 -3.79949 -0.000355336 -3.42805 1.69648e+17 1.39582e+13 1260 162.8 143746 0 0 -0.04184 0 0 -111.085 0 0 -5.00835 0 0 
1544.83 0.0710127 -3.79869 -0.000355354 -3.42812 1.64607e+17 1.44368e+13 1260 162.8 145867 0 0 -0.04184 0 0 -111.081 0 0 -5.01212 0 0 
1544.89 0.0718215 -3.79788 -0.000355373 -3.4282 1.59642e+17 1.49371e+13 1260 162.8 148012 0 0 -0.04184 0 0 -111.077 0 0 -5.01602 0 0 
1544.94 0.0726421 -3.79706 -0.000355392 -3.42827 1.54754e+17 1.54605e+13 1260 162.8 150180 0 0 -0.04184 0 0 -111.073 0 0 -5.02005 0 0 
1545 0.0734748 -3.79623 -0.000355412 -3.42833 1.49944e+17 1.60083e+13 1260 162.8 151269 0 0 -0.04184 0 0 -111.071 0 0 -5.02211 0 0 
1545 0.0734748 -3.79623 -0.000355412 -3.42833 1.49944e+17 1.60083e+13 1260 162.8 153471 0 0 -0.04184 0 0 -111.067 0 0 -5.02635 0 0 
1545.06 0.0743196 -3.79538 -0.000355433 -3.4284 1.45215e+17 1.65817e+13 1260 162.8 154583 0 0 -0.04184 0 0 -111.065 0 0 -5.02856 0 0 
1545.11 0.0751767 -3.79453 -0.000355454 -3.42846 1.40566e+17 1.71824e+13 1260 162.8 156818 0 0 -0.04184 0 0 -111.06 0 0 -5.03304 0 0 
1545.17 0.0760461 -3.79366 -0.000355476 -3.42852 1.36e+17 1.78119e+13 1260 162.8 159076 0 0 -0.04184 0 0 -111.056 0 0 -5.03768 0 0 
1545.22 0.076928 -3.79278 -0.000355498 -3.42858 1.31517e+17 1.84718e+13 1260 162.8 161356 0 0 -0.04184 0 0 -111.051 0 0 -5.0425 0 0 
1545.28 0.0778225 -3.79188 -0.000355522 -3.42864 1.27118e+17 1.9164e+13 1260 162.8 163658 0 0 -0.04184 0 0 -111.046 0 0 -5.04749 0 0 
1545.33 0.0787297 -3.79097 -0.000355546 -3.42869 1.22804e+17 1.98905e+13 1260 162.8 165982 0 0 -0.04184 0 0 -111.041 0 0 -5.05267 0 0 
1545.39 0.0796498 -3.79005 -0.000355571 -3.42875 1.18577e+17 2.06531e+13 1260 162.8 168327 0 0 -0.04184 0 0 -111.035 0 0 -5.05805 0 0 
1545.44 0.0805828 -3.78912 -0.000355597 -3.4288 1.14436e+17 2.14542e+13 1260 162.8 170693 0 0 -0.04184 0 0 -111.03 0 0 -5.06364 0 0 
1545.5 0.081529 -3.78817 -0.000355624 -3.42884 1.10383e+17 2.22961e+13 1260 162.8 173081 0 0 -0.04184 0 0 -111.024 0 0 -5.06945 0 0 
1545.55 0.0824883 -3.78722 -0.000355652 -3.42889 1.06418e+17 2.31812e+13 1260 162.8 175490 0 0 -0.04184 0 0 -111.018 0 0 -5.07548 0 0 
1545.61 0.083461 -3.78624 -0.000355681 -3.42894 1.02541e+17 2.41122e+13 1260 162.8 177919 0 0 -0.04184 0 0 -111.012 0 0 -5.08176 0 0 
1545.66 0.0844471 -3.78526 -0.000355711 -3.42898 9.87531e+16 2.5092e+13 1260 162.8 180369 0 0 -0.04184 0 0 -111.005 0 0 -5.08829 0 0 
1545.72 0.0854467 -3.78426 -0.000355742 -3.42902 9.50541e+16 2.61236e+13 1260 162.8 182838 0 0 -0.04184 0 0 -110.998 0 0 -5.09509 0 0 
1545.77 0.08646 -3.78324 -0.000355775 -3.42906 9.14442e+16 2.72103e+13 1260 162.8 185328 0 0 -0.04184 0 0 -110.991 0 0 -5.10216 0 0 
1545.83 0.087487 -3.78222 -0.000355808 -3.4291 8.79235e+16 2.83555e+13 1260 162.8 187837 0 0 -0.04184 0 0 -110.984 0 0 -5.10954 0 0 
1545.88 0.0885279 -3.78118 -0.000355843 -3.42914 8.44921e+16 2.95631e+13 1260 162.8 190365 0 0 -0.04184 0 0 -110.976 0 0 -5.11722 0 0 
1545.94 0.0895827 -3.78012 -0.00035588 -3.42917 8.11498e+16 3.0837e+13 1260 162.8 192912 0 0 -0.04184 0 0 -110.968 0 0 -5.12523 0 0 
1545.99 0.0906517 -3.77905 -0.000355918 -3.42921 7.78964e+16 3.21815e+13 1260 162.8 195477 0 0 -0.04184 0 0 -110.96 0 0 -5.1336 0 0 
1546.05 0.0917348 -3.77797 -0.000355958 -3.42924 7.47315e+16 3.36013e+13 1260 162.8 198061 0 0 -0.04184 0 0 -110.951 0 0 -5.14232 0 0 
1546.1 0.0928322 -3.77687 -0.000355999 -3.42927 7.16548e+16 3.51012e+13 1260 162.8 200662 0 0 -0.04184 0 0 -110.942 0 0 -5.15144 0 0 
1546.16 0.0939439 -3.77576 -0.000356042 -3.4293 6.86658e+16 3.66866e+13 1260 162.8 203281 0 0 -0.04184 0 0 -110.932 0 0 -5.16096 0 0 
1546.21 0.0950701 -3.77463 -0.000356087 -3.42933 6.57639e+16 3.83632e+13 1260 162.8 205917 0 0 -0.04184 0 0 -110.922 0 0 -5.17092 0 0 
1546.27 0.0962109 -3.77349 -0.000356134 -3.42936 6.29485e+16 4.01371e+13 1260 162.8 208569 0 0 -0.04184 0 0 -110.912 0 0 -5.18133 0 0 
1546.32 0.0973663 -3.77234 -0.000356183 -3.42939 6.02188e+16 4.2015e+13 1260 162.8 211238 0 0 -0.04184 0 0 -110.901 0 0 -5.19223 0 0 
1546.38 0.0985364 -3.77117 -0.000356235 -3.42941 5.7574e+16 4.40038e+13 1260 162.8 213923 0 0 -0.04184 0 0 -110.89 0 0 -5.20364 0 0 
1546.43 0.0997214 -3.76998 -0.000356288 -3.42944 5.50131e+16 4.61112e+13 1260 162.8 216624 0 0 -0.04184 0 0 -110.878 0 0 -5.21559 0 0 
1546.49 0.100921 -3.76878 -0.000356344 -3.42946 5.25353e+16 4.83455e+13 1260 162.8 219339 0 0 -0.04184 0 0 -110.865 0 0 -5.22812 0 0 
1546.54 0.102136 -3.76757 -0.000356403 -3.42948 5.01395e+16 5.07153e+13 1260 162.8 222070 0 0 -0.04184 0 0 -110.852 0 0 -5.24125 0 0 
1546.6 0.103366 -3.76634 -0.000356465 -3.4295 4.78245e+16 5.32303e+13 1260 162.8 224815 0 0 -0.04184 0 0 -110.838 0 0 -5.25503 0 0 
1546.65 0.104611 -3.76509 -0.00035653 -3.42952 4.55892e+16 5.59007e+13 1260 162.8 227573 0 0 -0.04184 0 0 -110.824 0 0 -5.2695 0 0 
1546.71 0.105871 -3.76383 -0.000356598 -3.42954 4.34323e+16 5.87376e+13 1260 162.8 230346 0 0 -0.04184 0 0 -110.809 0 0 -5.2847 0 0 
1546.76 0.107147 -3.76256 -0.000356669 -3.42956 4.13525e+16 6.17528e+13 1260 162.8 233131 0 0 -0.04184 0 0 -110.793 0 0 -5.30067 0 0 
1546.82 0.108438 -3.76127 -0.000356744 -3.42958 3.93486e+16 6.49593e+13 1260 162.8 235930 0 0 -0.04184 0 0 -110.776 0 0 -5.31746 0 0 
1546.87 0.109744 -3.75996 -0.000356822 -3.4296 3.7419e+16 6.83709e+13 1260 162.8 238740 0 0 -0.04184 0 0 -110.758 0 0 -5.33513 0 0 
1546.93 0.111066 -3.75864 -0.000356905 -3.42961 3.55624e+16 7.20027e+13 1260 162.8 241563 0 0 -0.04184 0 0 -110.74 0 0 -5.35372 0 0 
1546.98 0.112404 -3.7573 -0.000356992 -3.42963 3.37772e+16 7.58708e+13 1260 162.8 244397 0 0 -0.04184 0 0 -110.72 0 0 -5.37331 0 0 
1547.04 0.113757 -3.75595 -0.000357084 -3.42964 3.20619e+16 7.99928e+13 1260 162.8 247243 0 0 -0.04184 0 0 -110.699 0 0 -5.39395 0 0 
1547.09 0.115126 -3.75458 -0.000357181 -3.42966 3.0415e+16 8.43877e+13 1260 162.8 250099 0 0 -0.04184 0 0 -110.678 0 0 -5.41571 0 0 
1547.15 0.11651 -3.75319 -0.000357282 -3.42967 2.88348e+16 8.9076e+13 1260 162.8 252966 0 0 -0.04184 0 0 -110.655 0 0 -5.43867 0 0 
1547.2 0.117911 -3.75179 -0.00035739 -3.42968 2.73198e+16 9.40799e+13 1260 162.8 255843 0 0 -0.04184 0 0 -110.631 0 0 -5.4629 0 0 
1547.26 0.119327 -3.75038 -0.000357503 -3.42969 2.58683e+16 9.94235e+13 1260 162.8 258729 0 0 -0.04184 0 0 -110.605 0 0 -5.48849 0 0 
1547.31 0.120759 -3.74894 -0.000357623 -3.42971 2.44786e+16 1.05133e+14 1260 162.8 261625 0 0 -0.04184 0 0 -110.578 0 0 -5.51553 0 0 
1547.37 0.122207 -3.7475 -0.00035775 -3.42972 2.31491e+16 1.11237e+14 1260 162.8 264530 0 0 -0.04184 0 0 -110.549 0 0 -5.54412 0 0 
1547.42 0.123671 -3.74603 -0.000357884 -3.42973 2.18781e+16 1.17765e+14 1260 162.8 267443 0 0 -0.04184 0 0 -110.519 0 0 -5.57436 0 0 
1547.48 0.125152 -3.74455 -0.000358025 -3.42974 2.06638e+16 1.24751e+14 1260 162.8 270365 0 0 -0.04184 0 0 -110.487 0 0 -5.60636 0 0 
1547.53 0.126648 -3.74306 -0.000358175 -3.42975 1.95047e+16 1.32232e+14 1260 162.8 273294 0 0 -0.04184 0 0 -110.453 0 0 -5.64026 0 0 
1547.59 0.12816 -3.74154 -0.000358334 -3.42975 1.83989e+16 1.40247e+14 1260 162.8 276231 0 0 -0.04184 0 0 -110.417 0 0 -5.67616 0 0 
1547.64 0.129689 -3.74001 -0.000358503 -3.42976 1.73448e+16 1.48837e+14 1260 162.8 279175 0 0 -0.04184 0 0 -110.379 0 0 -5.71423 0 0 
1547.7 0.131234 -3.73847 -0.000358681 -3.42977 1.63408e+16 1.58051e+14 1260 162.8 282126 0 0 -0.04184 0 0 -110.339 0 0 -5.75459 0 0 
1547.75 0.132795 -3.73691 -0.000358871 -3.42978 1.5385e+16 1.67938e+14 1260 162.8 285084 0 0 -0.04184 0 0 -110.296 0 0 -5.79742 0 0 
1547.81 0.134372 -3.73533 -0.000359072 -3.42979 1.4476e+16 1.78553e+14 1260 162.8 288048 0 0 -0.04184 0 0 -110.251 0 0 -5.84288 0 0 
1547.86 0.135966 -3.73374 -0.000359286 -3.42979 1.3612e+16 1.89956e+14 1260 162.8 291018 0 0 -0.04184 0 0 -110.202 0 0 -5.89115 0 0 
1547.92 0.137576 -3.73213 -0.000359514 -3.4298 1.27913e+16 2.02213e+14 1260 162.8 293994 0 0 -0.04184 0 0 -110.151 0 0 -5.94244 0 0 
1547.97 0.139203 -3.7305 -0.000359756 -3.4298 1.20125e+16 2.15394e+14 1260 162.8 296976 0 0 -0.04184 0 0 -110.096 0 0 -5.99695 0 0 
1548.03 0.140846 -3.72886 -0.000360014 -3.42981 1.12738e+16 2.29578e+14 1260 162.8 299962 0 0 -0.04184 0 0 -110.039 0 0 -6.0549 0 0 
1548.08 0.142505 -3.7272 -0.000360288 -3.42982 1.05738e+16 2.44849e+14 1260 162.8 302954 0 0 -0.04184 0 0 -109.977 0 0 -6.11653 0 0 
1548.14 0.144181 -3.72552 -0.000360581 -3.42982 9.91082e+15 2.61299e+14 1260 162.8 305950 0 0 -0.04184 0 0 -109.911 0 0 -6.18208 0 0 
1548.19 0.145873 -3.72383 -0.000360893 -3.42983 9.28346e+15 2.79029e+14 1260 162.8 308950 0 0 -0.04184 0 0 -109.842 0 0 -6.25183 0 0 
1548.25 0.147582 -3.72212 -0.000361226 -3.42983 8.6902e+15 2.9815e+14 1260 162.8 311955 0 0 -0.04184 0 0 -109.767 0 0 -6.32605 0 0 
1548.3 0.149308 -3.7204 -0.000361582 -3.42983 8.12961e+15 3.18782e+14 1260 162.8 314964 0 0 -0.04184 0 0 -109.688 0 0 -6.40502 0 0 
1548.36 0.15105 -3.71865 -0.000361962 -3.42984 7.60027e+15 3.41058e+14 1260 162.8 317977 0 0 -0.04184 0 0 -109.604 0 0 -6.48906 0 0 
1548.41 0.152808 -3.7169 -0.000362369 -3.42984 7.10081e+15 3.65121e+14 1260 162.8 320993 0 0 -0.04184 0 0 -109.515 0 0 -6.57848 0 0 
1548.47 0.154584 -3.71512 -0.000362804 -3.42985 6.62987e+15 3.91131e+14 1260 162.8 324012 0 0 -0.04184 0 0 -109.42 0 0 -6.6736 0 0 
1548.52 0.156376 -3.71333 -0.000363269 -3.42985 6.18615e+15 4.19259e+14 1260 162.8 327035 0 0 -0.04184 0 0 -109.319 0 0 -6.77474 0 0 
1548.58 0.158184 -3.71152 -0.000363767 -3.42985 5.76839e+15 4.49697e+14 1260 162.8 330061 0 0 -0.04184 0 0 -109.211 0 0 -6.88222 0 0 
1548.63 0.160009 -3.70969 -0.000364302 -3.42986 5.37535e+15 4.82652e+14 1260 162.8 333089 0 0 -0.04184 0 0 -109.097 0 0 -6.99638 0 0 
1548.69 0.161851 -3.70785 -0.000364874 -3.42986 5.00584e+15 5.18353e+14 1260 162.8 336121 0 0 -0.04184 0 0 -108.976 0 0 -7.11751 0 0 
1548.74 0.16371 -3.70599 -0.000365489 -3.42986 4.65869e+15 5.57051e+14 1260 162.8 339155 0 0 -0.04184 0 0 -108.848 0 0 -7.2459 0 0 
1548.8 0.165585 -3.70412 -0.000366149 -3.42987 4.3328e+15 5.99021e+14 1260 162.8 342191 0 0 -0.04184 0 0 -108.712 0 0 -7.38179 0 0 
1548.85 0.167477 -3.70223 -0.000366857 -3.42987 4.02708e+15 6.44567e+14 1260 162.8 345229 0 0 -0.04184 0 0 -108.568 0 0 -7.52539 0 0 
1548.91 0.169386 -3.70032 -0.000367619 -3.42987 3.7405e+15 6.94022e+14 1260 162.8 348270 0 0 -0.04184 0 0 -108.417 0 0 -7.67684 0 0 
1548.96 0.171311 -3.69839 -0.000368438 -3.42987 3.47204e+15 7.47751e+14 1260 162.8 351313 0 0 -0.04184 0 0 -108.257 0 0 -7.83621 0 0 
1549.02 0.173253 -3.69645 -0.00036932 -3.42987 3.22075e+15 8.06159e+14 1260 162.8 354357 0 0 -0.04184 0 0 -108.09 0 0 -8.00345 0 0 
1549.07 0.175212 -3.69449 -0.000370269 -3.42988 2.9857e+15 8.69688e+14 1260 162.8 357404 0 0 -0.04184 0 0 -107.915 0 0 -8.17843 0 0 
1549.13 0.177188 -3.69252 -0.000371291 -3.42988 2.76599e+15 9.38829e+14 1260 162.8 360452 0 0 -0.04184 0 0 -107.733 0 0 -8.36086 0 0 
1549.18 0.17918 -3.69052 -0.000372393 -3.42988 2.56077e+15 1.01412e+15 1260 162.8 363501 0 0 -0.04184 0 0 -107.543 0 0 -8.55031 0 0 
1549.24 0.18119 -3.68851 -0.000373582 -3.42988 2.36923e+15 1.09616e+15 1260 162.8 366552 0 0 -0.04184 0 0 -107.347 0 0 -8.7462 0 0 
1549.29 0.183216 -3.68649 -0.000374864 -3.42988 2.19057e+15 1.1856e+15 1260 162.8 369604 0 0 -0.04184 0 0 -107.146 0 0 -8.94778 0 0 
1549.35 0.185259 -3.68444 -0.000376249 -3.42989 2.02407e+15 1.28316e+15 1260 162.8 372658 0 0 -0.04184 0 0 -106.939 0 0 -9.15412 0 0 
1549.4 0.187319 -3.68238 -0.000377746 -3.42989 1.86899e+15 1.38966e+15 1260 162.8 375713 0 0 -0.04184 0 0 -106.729 0 0 -9.36414 0 0 
1549.46 0.189395 -3.68031 -0.000379364 -3.42989 1.72466e+15 1.50597e+15 1260 162.8 378769 0 0 -0.04184 0 0 -106.517 0 0 -9.57664 0 0 
1549.51 0.191489 -3.67821 -0.000381115 -3.42989 1.59043e+15 1.63307e+15 1260 162.8 381826 0 0 -0.04184 0 0 -106.303 0 0 -9.7903 0 0 
1549.57 0.193599 -3.6761 -0.00038301 -3.42989 1.46568e+15 1.77204e+15 1260 162.8 384885 0 0 -0.04184 0 0 -106.09 0 0 -10.0037 0 0 
1549.62 0.195726 -3.67398 -0.000385062 -3.42989 1.34983e+15 1.92409e+15 1260 162.8 387944 0 0 -0.04184 0 0 -105.878 0 0 -10.2155 0 0 
1549.68 0.19787 -3.67183 -0.000387288 -3.42989 1.24232e+15 2.09054e+15 1260 162.8 391004 0 0 -0.04184 0 0 -105.669 0 0 -10.4242 0 0 
1549.73 0.20003 -3.66967 -0.000389702 -3.42989 1.14261e+15 2.27286e+15 1260 162.8 394065 0 0 -0.04184 0 0 -105.465 0 0 -10.6286 0 0 
1549.79 0.202208 -3.6675 -0.000392322 -3.42989 1.05021e+15 2.47269e+15 1260 162.8 397127 0 0 -0.04184 0 0 -105.266 0 0 -10.8273 0 0 
1549.84 0.204402 -3.6653 -0.000395168 -3.4299 9.64651e+14 2.69183e+15 1260 162.8 400190 0 0 -0.04184 0 0 -105.074 0 0 -11.0194 0 0 
1549.9 0.206614 -3.66309 -0.000398263 -3.4299 8.85471e+14 2.9323e+15 1260 162.8 403254 0 0 -0.04184 0 0 -104.889 0 0 -11.204 0 0 
1549.95 0.208842 -3.66086 -0.000401629 -3.4299 8.12251e+14 3.19633e+15 1260 162.8 406318 0 0 -0.04184 0 0 -104.713 0 0 -11.3802 0 0 
1550.01 0.211087 -3.65862 -0.000405294 -3.4299 7.4459e+14 3.4864e+15 1260 162.8 409383 0 0 -0.04184 0 0 -104.546 0 0 -11.5476 0 0 
1550.06 0.213349 -3.65635 -0.000409287 -3.4299 6.82112e+14 3.80527e+15 1260 162.8 412449 0 0 -0.04184 0 0 -104.388 0 0 -11.7058 0 0 
1550.12 0.215628 -3.65408 -0.000413641 -3.4299 6.24458e+14 4.156e+15 1260 162.8 415516 0 0 -0.04184 0 0 -104.239 0 0 -11.8546 0 0 
1550.17 0.217923 -3.65178 -0.000418392 -3.4299 5.71296e+14 4.54201e+15 1260 162.8 418584 0 0 -0.04184 0 0 -104.099 0 0 -11.9941 0 0 
1550.23 0.220236 -3.64947 -0.00042358 -3.4299 5.22308e+14 4.96712e+15 1260 162.8 421652 0 0 -0.04184 0 0 -103.969 0 0 -12.1241 0 0 
1550.28 0.222565 -3.64714 -0.000429249 -3.4299 4.77201e+14 5.43554e+15 1260 162.8 424721 0 0 -0.04184 0 0 -103.848 0 0 -12.2451 0 0 
1550.34 0.224912 -3.64479 -0.000435449 -3.4299 4.35695e+14 5.95202e+15 1260 162.8 427791 0 0 -0.04184 0 0 -103.736 0 0 -12.3572 0 0 
1550.39 0.227275 -3.64243 -0.000442235 -3.4299 3.9753e+14 6.52182e+15 1260 162.8 430862 0 0 -0.04184 0 0 -103.633 0 0 -12.4608 0 0 
1550.45 0.229655 -3.64005 -0.000449668 -3.4299 3.62461e+14 7.15083e+15 1260 162.8 433933 0 0 -0.04184 0 0 -103.537 0 0 -12.5564 0 0 
1550.5 0.232052 -3.63765 -0.000457815 -3.4299 3.30261e+14 7.84562e+15 1260 162.8 437006 0 0 -0.04184 0 0 -103.449 0 0 -12.6442 0 0 
1550.56 0.234466 -3.63524 -0.000466753 -3.4299 3.00715e+14 8.61352e+15 1260 162.8 440079 0 0 -0.04184 0 0 -103.369 0 0 -12.7248 0 0 
1550.61 0.236897 -3.63281 -0.000476564 -3.4299 2.73624e+14 9.46277e+15 1260 162.8 443154 0 0 -0.04184 0 0 -103.295 0 0 -12.7987 0 0 
1550.67 0.239345 -3.63036 -0.000487343 -3.4299 2.48802e+14 1.04025e+16 1260 162.8 446230 0 0 -0.04184 0 0 -103.227 0 0 -12.8663 0 0 
1550.72 0.24181 -3.62789 -0.000499194 -3.4299 2.26073e+14 1.14431e+16 1260 162.8 449306 0 0 -0.04184 0 0 -103.165 0 0 -12.9279 0 0 
1550.78 0.244292 -3.62541 -0.000512234 -3.4299 2.05277e+14 1.25959e+16 1260 162.8 452384 0 0 -0.04184 0 0 -103.109 0 0 -12.9842 0 0 
1550.83 0.24679 -3.62291 -0.000526591 -3.4299 1.86262e+14 1.3874e+16 1260 162.8 455464 0 0 -0.04184 0 0 -103.058 0 0 -13.0354 0 0 
1550.89 0.249306 -3.6204 -0.000542412 -3.4299 1.68888e+14 1.52917e+16 1260 162.8 458545 0 0 -0.04184 0 0 -103.011 0 0 -13.0819 0 0 
1550.94 0.251838 -3.61787 -0.00055986 -3.4299 1.53025e+14 1.68653e+16 1260 162.8 461628 0 0 -0.04184 0 0 -102.969 0 0 -13.1242 0 0 
1551 0.254388 -3.61532 -0.000579115 -3.4299 1.38551e+14 1.8613e+16 1260 162.8 463169 0 0 -0.04184 0 0 -102.949 0 0 -13.1444 0 0 
1551 0.0298801 -3.44508 -0.000579115 -3.4299 6.41934e+17 7.22789e+18 1500 200 -1.03967e+06 0 0 -0.0285876 0 0 -102.545 0 0 -13.5483 0 0 
1551.06 0.0241041 -3.45086 -0.000579118 -3.4299 7.853e+17 5.95124e+18 1500 200 -1.03707e+06 0 0 -0.0285876 0 0 -102.108 0 0 -13.9857 0 0 
1551.11 0.018357 -3.45661 -0.000579121 -3.4299 9.55713e+17 4.8826e+18 1500 200 -1.03251e+06 0 0 -0.0285876 0 0 -101.181 0 0 -14.912 0 0 
1551.17 0.0126318 -3.46233 -0.000579123 -3.4299 1.15679e+18 3.99305e+18 1500 200 -1.02911e+06 0 0 -0.0285876 0 0 -100.157 0 0 -15.9366 0 0 
1551.22 0.00692248 -3.46804 -0.000579125 -3.4299 1.39218e+18 3.25625e+18 1500 200 -1.02675e+06 0 0 -0.0285876 0 0 -99.0488 0 0 -17.0446 0 0 
1551.28 0.00122352 -3.47374 -0.000579126 -3.4299 1.66543e+18 2.64867e+18 1500 200 -1.02532e+06 0 0 -0.0285876 0 0 -97.8838 0 0 -18.2097 0 0 
1551.33 -0.00446996 -3.47943 -0.000579128 -3.4299 1.97987e+18 2.14959e+18 1500 200 -1.02474e+06 0 0 -0.0285876 0 0 -96.6973 0 0 -19.3961 0 0 
1551.39 -0.0101625 -3.48513 -0.000579129 -3.4299 2.3385e+18 1.741e+18 1500 200 -1.02495e+06 0 0 -0.0285876 0 0 -95.53 0 0 -20.5634 0 0 
1551.44 -0.0158583 -3.49082 -0.000579129 -3.4299 2.74388e+18 1.40748e+18 1500 200 -1.02593e+06 0 0 -0.0285876 0 0 -94.4201 0 0 -21.6733 0 0 
1551.5 -0.0215617 -3.49653 -0.00057913 -3.4299 3.19813e+18 1.13591e+18 1500 200 -1.02763e+06 0 0 -0.0285876 0 0 -93.3976 0 0 -22.6959 0 0 
1551.56 -0.0272765 -3.50224 -0.000579131 -3.4299 3.70287e+18 9.15255e+17 1500 200 -1.03007e+06 0 0 -0.0285876 0 0 -92.4811 0 0 -23.6124 0 0 
1551.61 -0.0330069 -3.50797 -0.000579131 -3.4299 4.25929e+18 7.36316e+17 1500 200 -1.03324e+06 0 0 -0.0285876 0 0 -91.678 0 0 -24.4154 0 0 
1551.67 -0.0387569 -3.51372 -0.000579132 -3.4299 4.86819e+18 5.91448e+17 1500 200 -1.03715e+06 0 0 -0.0285876 0 0 -90.9866 0 0 -25.1068 0 0 
1551.72 -0.0445308 -3.51949 -0.000579132 -3.4299 5.53003e+18 4.74341e+17 1500 200 -1.04184e+06 0 0 -0.0285876 0 0 -90.3995 0 0 -25.6939 0 0 
1551.78 -0.0503329 -3.5253 -0.000579133 -3.4299 6.2451e+18 3.79809e+17 1500 200 -1.04732e+06 0 0 -0.0285876 0 0 -89.9059 0 0 -26.1876 0 0 
1551.83 -0.0561677 -3.53113 -0.000579133 -3.4299 7.0135e+18 3.03604e+17 1500 200 -1.05364e+06 0 0 -0.0285876 0 0 -89.494 0 0 -26.5995 0 0 
1551.89 -0.06204 -3.537 -0.000579133 -3.4299 7.83532e+18 2.42254e+17 1500 200 -1.06082e+06 0 0 -0.0285876 0 0 -89.1522 0 0 -26.9412 0 0 
1551.94 -0.0679546 -3.54292 -0.000579133 -3.4299 8.71067e+18 1.92932e+17 1500 200 -1.06891e+06 0 0 -0.0285876 0 0 -88.8699 0 0 -27.2235 0 0 
1552 -0.0739167 -3.54888 -0.000579134 -3.4299 9.63972e+18 1.53335e+17 1500 200 -1.07795e+06 0 0 -0.0285876 0 0 -88.6376 0 0 -27.4559 0 0 
1552.06 -0.0799318 -3.5549 -0.000579134 -3.4299 1.06228e+19 1.21594e+17 1500 200 -1.08799e+06 0 0 -0.0285876 0 0 -88.4469 0 0 -27.6466 0 0 
1552.11 -0.0860055 -3.56097 -0.000579134 -3.4299 1.16604e+19 9.61907e+16 1500 200 -1.09907e+06 0 0 -0.0285876 0 0 -88.2908 0 0 -27.8026 0 0 
1552.17 -0.0921436 -3.56711 -0.000579134 -3.4299 1.27531e+19 7.58962e+16 1500 200 -1.11124e+06 0 0 -0.0285876 0 0 -88.1635 0 0 -27.9299 0 0 
1552.22 -0.0983526 -3.57332 -0.000579134 -3.4299 1.3902e+19 5.97143e+16 1500 200 -1.12456e+06 0 0 -0.0285876 0 0 -88.0598 0 0 -28.0336 0 0 
1552.28 -0.104639 -3.5796 -0.000579134 -3.4299 1.5108e+19 4.68388e+16 1500 200 -1.13907e+06 0 0 -0.0285876 0 0 -87.9757 0 0 -28.1177 0 0 
1552.33 -0.111009 -3.58597 -0.000579135 -3.42991 1.63728e+19 3.66181e+16 1500 200 -1.15483e+06 0 0 -0.0285876 0 0 -87.9076 0 0 -28.1858 0 0 
1552.39 -0.11747 -3.59243 -0.000579135 -3.42991 1.76978e+19 2.85256e+16 1500 200 -1.17191e+06 0 0 -0.0285876 0 0 -87.8527 0 0 -28.2407 0 0 
1552.44 -0.12403 -3.59899 -0.000579135 -3.42991 1.9085e+19 2.21361e+16 1500 200 -1.19035e+06 0 0 -0.0285876 0 0 -87.8085 0 0 -28.2849 0 0 
1552.5 -0.130696 -3.60566 -0.000579135 -3.42991 2.05367e+19 1.71067e+16 1500 200 -1.21023e+06 0 0 -0.0285876 0 0 -87.7731 0 0 -28.3203 0 0 
1552.56 -0.137477 -3.61244 -0.000579135 -3.42991 2.20554e+19 1.31613e+16 1500 200 -1.2316e+06 0 0 -0.0285876 0 0 -87.7449 0 0 -28.3485 0 0 
1552.61 -0.144381 -3.61934 -0.000579135 -3.42991 2.36438e+19 1.00777e+16 1500 200 -1.25454e+06 0 0 -0.0285876 0 0 -87.7225 0 0 -28.3709 0 0 
1552.67 -0.151416 -3.62638 -0.000579135 -3.42991 2.53052e+19 7.67718e+15 1500 200 -1.27911e+06 0 0 -0.0285876 0 0 -87.7048 0 0 -28.3887 0 0 
1552.72 -0.158593 -3.63356 -0.000579135 -3.42991 2.70428e+19 5.81659e+15 1500 200 -1.30539e+06 0 0 -0.0285876 0 0 -87.6908 0 0 -28.4026 0 0 
1552.78 -0.165921 -3.64088 -0.000579135 -3.42991 2.88606e+19 4.38128e+15 1500 200 -1.33345e+06 0 0 -0.0285876 0 0 -87.6799 0 0 -28.4136 0 0 
1552.83 -0.173409 -3.64837 -0.000579135 -3.42991 3.07626e+19 3.27968e+15 1500 200 -1.36339e+06 0 0 -0.0285876 0 0 -87.6714 0 0 -28.4221 0 0 
1552.89 -0.18107 -3.65603 -0.000579135 -3.42991 3.27534e+19 2.43884e+15 1500 200 -1.39528e+06 0 0 -0.0285876 0 0 -87.6648 0 0 -28.4286 0 0 
1552.94 -0.188912 -3.66388 -0.000579136 -3.42991 3.48378e+19 1.80083e+15 1500 200 -1.42922e+06 0 0 -0.0285876 0 0 -87.6597 0 0 -28.4337 0 0 
1553 -0.19695 -3.67191 -0.000579136 -3.42992 3.70212e+19 1.31981e+15 1500 200 -1.44671e+06 0 0 -0.0285876 0 0 -87.6575 0 0 -28.4359 0 0 
1553 0.0275582 -3.84215 -0.000579136 -3.42992 8.05192e+17 2.88123e+12 1260 162.8 30908.3 0 0 -0.04184 0 0 -87.6555 0 0 -28.4379 0 0 
1553.06 0.0277283 -3.84198 -0.000579139 -3.43191 8.00414e+17 3.13302e+12 1260 162.8 31054.9 0 0 -0.04184 0 0 -87.6551 0 0 -28.4384 0 0 
1553.11 0.0279001 -3.8418 -0.000579142 -3.43375 7.95617e+17 3.3867e+12 1260 162.8 31352.7 0 0 -0.04184 0 0 -87.6542 0 0 -28.4392 0 0 
1553.17 0.0280735 -3.84163 -0.000579145 -3.43546 7.908e+17 3.64233e+12 1260 162.8 31660.2 0 0 -0.04184 0 0 -87.6533 0 0 -28.4402 0 0 
1553.22 0.0282486 -3.84145 -0.000579148 -3.43705 7.85962e+17 3.89994e+12 1260 162.8 31977.5 0 0 -0.04184 0 0 -87.6523 0 0 -28.4412 0 0 
1553.28 0.0284256 -3.84128 -0.000579151 -3.43854 7.81102e+17 4.15961e+12 1260 162.8 32304.5 0 0 -0.04184 0 0 -87.6512 0 0 -28.4422 0 0 
1553.33 0.0286043 -3.8411 -0.000579154 -3.43994 7.76219e+17 4.42138e+12 1260 162.8 32641.5 0 0 -0.04184 0 0 -87.6501 0 0 -28.4434 0 0 
1553.39 0.0287849 -3.84092 -0.000579157 -3.44126 7.71314e+17 4.68531e+12 1260 162.8 32988.4 0 0 -0.04184 0 0 -87.6489 0 0 -28.4446 0 0 
1553.44 0.0289675 -3.84074 -0.00057916 -3.44251 7.66384e+17 4.95148e+12 1260 162.8 33345.4 0 0 -0.04184 0 0 -87.6476 0 0 -28.4459 0 0 
1553.5 0.029152 -3.84055 -0.000579163 -3.44369 7.6143e+17 5.21994e+12 1260 162.8 33712.5 0 0 -0.04184 0 0 -87.6462 0 0 -28.4472 0 0 
1553.55 0.0293386 -3.84036 -0.000579166 -3.44481 7.5645e+17 5.49076e+12 1260 162.8 34089.9 0 0 -0.04184 0 0 -87.6448 0 0 -28.4486 0 0 
1553.61 0.0295273 -3.84018 -0.000579169 -3.44587 7.51444e+17 5.76403e+12 1260 162.8 34477.6 0 0 -0.04184 0 0 -87.6433 0 0 -28.4501 0 0 
1553.66 0.0297182 -3.83999 -0.000579173 -3.44689 7.46412e+17 6.0398e+12 1260 162.8 34875.7 0 0 -0.04184 0 0 -87.6417 0 0 -28.4517 0 0 
1553.72 0.0299113 -3.83979 -0.000579176 -3.44786 7.41352e+17 6.31817e+12 1260 162.8 35284.4 0 0 -0.04184 0 0 -87.6401 0 0 -28.4533 0 0 
1553.77 0.0301066 -3.8396 -0.000579179 -3.44879 7.36265e+17 6.59922e+12 1260 162.8 35703.7 0 0 -0.04184 0 0 -87.6384 0 0 -28.455 0 0 
1553.83 0.0303043 -3.8394 -0.000579182 -3.44968 7.31149e+17 6.88302e+12 1260 162.8 36133.7 0 0 -0.04184 0 0 -87.6366 0 0 -28.4568 0 0 
1553.88 0.0305044 -3.8392 -0.000579186 -3.45054 7.26004e+17 7.16968e+12 1260 162.8 36574.6 0 0 -0.04184 0 0 -87.6347 0 0 -28.4587 0 0 
1553.94 0.030707 -3.839 -0.000579189 -3.45136 7.2083e+17 7.45927e+12 1260 162.8 37026.4 0 0 -0.04184 0 0 -87.6328 0 0 -28.4606 0 0 
1553.99 0.0309121 -3.83879 -0.000579192 -3.45215 7.15625e+17 7.75191e+12 1260 162.8 37489.3 0 0 -0.04184 0 0 -87.6308 0 0 -28.4627 0 0 
1554.05 0.0311197 -3.83858 -0.000579195 -3.45291 7.1039e+17 8.04769e+12 1260 162.8 37963.3 0 0 -0.04184 0 0 -87.6287 0 0 -28.4648 0 0 
1554.1 0.03133 -3.83837 -0.000579199 -3.45364 7.05125e+17 8.34671e+12 1260 162.8 38448.6 0 0 -0.04184 0 0 -87.6265 0 0 -28.4669 0 0 
1554.16 0.031543 -3.83816 -0.000579202 -3.45435 6.99828e+17 8.64908e+12 1260 162.8 38945.3 0 0 -0.04184 0 0 -87.6242 0 0 -28.4692 0 0 
1554.21 0.0317588 -3.83794 -0.000579206 -3.45503 6.945e+17 8.95492e+12 1260 162.8 39453.6 0 0 -0.04184 0 0 -87.6219 0 0 -28.4715 0 0 
1554.27 0.0319774 -3.83773 -0.000579209 -3.45569 6.89139e+17 9.26435e+12 1260 162.8 39973.4 0 0 -0.04184 0 0 -87.6195 0 0 -28.474 0 0 
1554.32 0.0321988 -3.8375 -0.000579213 -3.45633 6.83747e+17 9.57749e+12 1260 162.8 40505.1 0 0 -0.04184 0 0 -87.617 0 0 -28.4765 0 0 
1554.38 0.0324233 -3.83728 -0.000579216 -3.45695 6.78322e+17 9.89446e+12 1260 162.8 41048.6 0 0 -0.04184 0 0 -87.6144 0 0 -28.479 0 0 
1554.43 0.0326508 -3.83705 -0.00057922 -3.45754 6.72864e+17 1.02154e+13 1260 162.8 41604.2 0 0 -0.04184 0 0 -87.6117 0 0 -28.4817 0 0 
1554.49 0.0328813 -3.83682 -0.000579223 -3.45812 6.67373e+17 1.05404e+13 1260 162.8 42171.9 0 0 -0.04184 0 0 -87.609 0 0 -28.4845 0 0 
1554.54 0.033115 -3.83659 -0.000579227 -3.45869 6.61849e+17 1.08697e+13 1260 162.8 42752 0 0 -0.04184 0 0 -87.6061 0 0 -28.4873 0 0 
1554.6 0.033352 -3.83635 -0.00057923 -3.45923 6.56292e+17 1.12034e+13 1260 162.8 43344.4 0 0 -0.04184 0 0 -87.6032 0 0 -28.4902 0 0 
1554.65 0.0335922 -3.83611 -0.000579234 -3.45976 6.50701e+17 1.15417e+13 1260 162.8 43949.4 0 0 -0.04184 0 0 -87.6002 0 0 -28.4933 0 0 
1554.71 0.0338358 -3.83587 -0.000579238 -3.46027 6.45077e+17 1.18846e+13 1260 162.8 44567.2 0 0 -0.04184 0 0 -87.5971 0 0 -28.4964 0 0 
1554.76 0.0340829 -3.83562 -0.000579242 -3.46077 6.39419e+17 1.22325e+13 1260 162.8 45197.7 0 0 -0.04184 0 0 -87.5939 0 0 -28.4996 0 0 
1554.82 0.0343334 -3.83537 -0.000579245 -3.46126 6.33728e+17 1.25854e+13 1260 162.8 45841.3 0 0 -0.04184 0 0 -87.5906 0 0 -28.5029 0 0 
1554.87 0.0345875 -3.83512 -0.000579249 -3.46173 6.28004e+17 1.29435e+13 1260 162.8 46498 0 0 -0.04184 0 0 -87.5872 0 0 -28.5062 0 0 
1554.93 0.0348453 -3.83486 -0.000579253 -3.46219 6.22246e+17 1.33071e+13 1260 162.8 47168.1 0 0 -0.04184 0 0 -87.5837 0 0 -28.5097 0 0 
1554.98 0.0351068 -3.8346 -0.000579257 -3.46263 6.16454e+17 1.36763e+13 1260 162.8 47851.5 0 0 -0.04184 0 0 -87.5801 0 0 -28.5133 0 0 
1555.04 0.0353721 -3.83433 -0.000579261 -3.46307 6.1063e+17 1.40513e+13 1260 162.8 48548.6 0 0 -0.04184 0 0 -87.5764 0 0 -28.517 0 0 
1555.09 0.0356413 -3.83406 -0.000579265 -3.46349 6.04772e+17 1.44324e+13 1260 162.8 49259.4 0 0 -0.04184 0 0 -87.5727 0 0 -28.5208 0 0 
1555.15 0.0359144 -3.83379 -0.000579269 -3.4639 5.98882e+17 1.48197e+13 1260 162.8 49984.1 0 0 -0.04184 0 0 -87.5688 0 0 -28.5247 0 0 
1555.2 0.0361916 -3.83351 -0.000579273 -3.4643 5.9296e+17 1.52136e+13 1260 162.8 50723 0 0 -0.04184 0 0 -87.5648 0 0 -28.5286 0 0 
1555.26 0.0364729 -3.83323 -0.000579277 -3.46469 5.87005e+17 1.56142e+13 1260 162.8 51476 0 0 -0.04184 0 0 -87.5607 0 0 -28.5327 0 0 
1555.31 0.0367583 -3.83295 -0.000579281 -3.46507 5.81018e+17 1.60217e+13 1260 162.8 52243.5 0 0 -0.04184 0 0 -87.5565 0 0 -28.5369 0 0 
1555.37 0.037048 -3.83266 -0.000579285 -3.46544 5.75e+17 1.64365e+13 1260 162.8 53025.5 0 0 -0.04184 0 0 -87.5522 0 0 -28.5412 0 0 
1555.42 0.0373421 -3.83236 -0.000579289 -3.46581 5.68951e+17 1.68589e+13 1260 162.8 53822.2 0 0 -0.04184 0 0 -87.5478 0 0 -28.5457 0 0 
1555.48 0.0376405 -3.83206 -0.000579293 -3.46616 5.62872e+17 1.7289e+13 1260 162.8 54633.9 0 0 -0.04184 0 0 -87.5432 0 0 -28.5502 0 0 
1555.53 0.0379435 -3.83176 -0.000579297 -3.4665 5.56763e+17 1.77273e+13 1260 162.8 55460.6 0 0 -0.04184 0 0 -87.5386 0 0 -28.5548 0 0 
1555.59 0.0382511 -3.83145 -0.000579302 -3.46684 5.50624e+17 1.8174e+13 1260 162.8 56302.6 0 0 -0.04184 0 0 -87.5338 0 0 -28.5596 0 0 
1555.64 0.0385634 -3.83114 -0.000579306 -3.46717 5.44457e+17 1.86294e+13 1260 162.8 57160.1 0 0 -0.04184 0 0 -87.5289 0 0 -28.5645 0 0 
1555.7 0.0388804 -3.83082 -0.000579311 -3.46749 5.38261e+17 1.90939e+13 1260 162.8 58033.1 0 0 -0.04184 0 0 -87.5239 0 0 -28.5695 0 0 
1555.75 0.0392023 -3.8305 -0.000579315 -3.4678 5.32039e+17 1.95678e+13 1260 162.8 58921.9 0 0 -0.04184 0 0 -87.5188 0 0 -28.5746 0 0 
1555.81 0.0395291 -3.83017 -0.00057932 -3.4681 5.25789e+17 2.00514e+13 1260 162.8 59826.7 0 0 -0.04184 0 0 -87.5135 0 0 -28.5799 0 0 
1555.86 0.0398609 -3.82984 -0.000579324 -3.4684 5.19514e+17 2.05453e+13 1260 162.8 60747.6 0 0 -0.04184 0 0 -87.5082 0 0 -28.5853 0 0 
1555.92 0.0401979 -3.82951 -0.000579329 -3.46869 5.13214e+17 2.10497e+13 1260 162.8 61684.8 0 0 -0.04184 0 0 -87.5026 0 0 -28.5908 0 0 
1555.97 0.04054 -3.82916 -0.000579333 -3.46897 5.0689e+17 2.15651e+13 1260 162.8 62638.6 0 0 -0.04184 0 0 -87.497 0 0 -28.5965 0 0 
1556.03 0.0408875 -3.82882 -0.000579338 -3.46925 5.00543e+17 2.20919e+13 1260 162.8 63609 0 0 -0.04184 0 0 -87.4912 0 0 -28.6023 0 0 
1556.08 0.0412403 -3.82846 -0.000579343 -3.46952 4.94174e+17 2.26306e+13 1260 162.8 64596.4 0 0 -0.04184 0 0 -87.4852 0 0 -28.6082 0 0 
1556.14 0.0415986 -3.8281 -0.000579348 -3.46978 4.87783e+17 2.31816e+13 1260 162.8 65600.7 0 0 -0.04184 0 0 -87.4792 0 0 -28.6143 0 0 
1556.19 0.0419625 -3.82774 -0.000579353 -3.47004 4.81373e+17 2.37455e+13 1260 162.8 66622.4 0 0 -0.04184 0 0 -87.4729 0 0 -28.6205 0 0 
1556.25 0.0423321 -3.82737 -0.000579358 -3.47029 4.74944e+17 2.43227e+13 1260 162.8 67661.5 0 0 -0.04184 0 0 -87.4666 0 0 -28.6269 0 0 
1556.3 0.0427074 -3.827 -0.000579363 -3.47054 4.68498e+17 2.49138e+13 1260 162.8 68718.2 0 0 -0.04184 0 0 -87.46 0 0 -28.6334 0 0 
1556.36 0.0430886 -3.82661 -0.000579368 -3.47078 4.62035e+17 2.55194e+13 1260 162.8 69792.7 0 0 -0.04184 0 0 -87.4533 0 0 -28.6401 0 0 
1556.41 0.0434758 -3.82623 -0.000579373 -3.47101 4.55557e+17 2.614e+13 1260 162.8 70885.3 0 0 -0.04184 0 0 -87.4465 0 0 -28.647 0 0 
1556.47 0.043869 -3.82583 -0.000579378 -3.47124 4.49066e+17 2.67763e+13 1260 162.8 71996 0 0 -0.04184 0 0 -87.4394 0 0 -28.654 0 0 
1556.52 0.0442684 -3.82544 -0.000579384 -3.47146 4.42562e+17 2.74289e+13 1260 162.8 73125.1 0 0 -0.04184 0 0 -87.4322 0 0 -28.6612 0 0 
1556.58 0.044674 -3.82503 -0.000579389 -3.47168 4.36047e+17 2.80985e+13 1260 162.8 74272.8 0 0 -0.04184 0 0 -87.4249 0 0 -28.6686 0 0 
1556.63 0.0450861 -3.82462 -0.000579395 -3.47189 4.29523e+17 2.87859e+13 1260 162.8 75439.3 0 0 -0.04184 0 0 -87.4173 0 0 -28.6761 0 0 
1556.69 0.0455046 -3.8242 -0.0005794 -3.4721 4.22991e+17 2.94916e+13 1260 162.8 76624.8 0 0 -0.04184 0 0 -87.4096 0 0 -28.6838 0 0 
1556.74 0.0459296 -3.82377 -0.000579406 -3.4723 4.16453e+17 3.02167e+13 1260 162.8 77829.3 0 0 -0.04184 0 0 -87.4017 0 0 -28.6918 0 0 
1556.8 0.0463614 -3.82334 -0.000579412 -3.4725 4.0991e+17 3.09618e+13 1260 162.8 79053.3 0 0 -0.04184 0 0 -87.3935 0 0 -28.6999 0 0 
1556.85 0.0468 -3.8229 -0.000579417 -3.47269 4.03365e+17 3.17278e+13 1260 162.8 80296.7 0 0 -0.04184 0 0 -87.3852 0 0 -28.7082 0 0 
1556.91 0.0472454 -3.82246 -0.000579423 -3.47288 3.96817e+17 3.25156e+13 1260 162.8 81559.9 0 0 -0.04184 0 0 -87.3767 0 0 -28.7167 0 0 
1556.96 0.0476979 -3.82201 -0.00057943 -3.47307 3.90271e+17 3.33262e+13 1260 162.8 82842.9 0 0 -0.04184 0 0 -87.368 0 0 -28.7255 0 0 
1557.02 0.0481574 -3.82155 -0.000579436 -3.47325 3.83726e+17 3.41605e+13 1260 162.8 84146 0 0 -0.04184 0 0 -87.359 0 0 -28.7344 0 0 
1557.07 0.0486242 -3.82108 -0.000579442 -3.47342 3.77186e+17 3.50197e+13 1260 162.8 85469.4 0 0 -0.04184 0 0 -87.3498 0 0 -28.7436 0 0 
1557.13 0.0490984 -3.82061 -0.000579448 -3.47359 3.70652e+17 3.59047e+13 1260 162.8 86813.2 0 0 -0.04184 0 0 -87.3404 0 0 -28.753 0 0 
1557.18 0.04958 -3.82012 -0.000579455 -3.47376 3.64125e+17 3.68168e+13 1260 162.8 88177.6 0 0 -0.04184 0 0 -87.3308 0 0 -28.7627 0 0 
1557.24 0.0500692 -3.81963 -0.000579461 -3.47392 3.57608e+17 3.77571e+13 1260 162.8 89562.8 0 0 -0.04184 0 0 -87.3209 0 0 -28.7726 0 0 
1557.29 0.050566 -3.81914 -0.000579468 -3.47408 3.51103e+17 3.8727e+13 1260 162.8 90969 0 0 -0.04184 0 0 -87.3107 0 0 -28.7827 0 0 
1557.35 0.0510706 -3.81863 -0.000579475 -3.47424 3.44612e+17 3.97277e+13 1260 162.8 92396.3 0 0 -0.04184 0 0 -87.3003 0 0 -28.7931 0 0 
1557.4 0.0515832 -3.81812 -0.000579482 -3.47439 3.38137e+17 4.07606e+13 1260 162.8 93844.9 0 0 -0.04184 0 0 -87.2896 0 0 -28.8038 0 0 
1557.46 0.0521038 -3.8176 -0.000579489 -3.47453 3.31679e+17 4.18273e+13 1260 162.8 95314.9 0 0 -0.04184 0 0 -87.2787 0 0 -28.8148 0 0 
1557.51 0.0526325 -3.81707 -0.000579496 -3.47468 3.25241e+17 4.29292e+13 1260 162.8 96806.6 0 0 -0.04184 0 0 -87.2674 0 0 -28.826 0 0 
1557.57 0.0531696 -3.81653 -0.000579504 -3.47482 3.18826e+17 4.40681e+13 1260 162.8 98320 0 0 -0.04184 0 0 -87.2559 0 0 -28.8376 0 0 
1557.62 0.053715 -3.81599 -0.000579511 -3.47495 3.12434e+17 4.52456e+13 1260 162.8 99855.3 0 0 -0.04184 0 0 -87.244 0 0 -28.8494 0 0 
1557.68 0.0542689 -3.81543 -0.000579519 -3.47509 3.06069e+17 4.64636e+13 1260 162.8 101413 0 0 -0.04184 0 0 -87.2318 0 0 -28.8616 0 0 
1557.73 0.0548314 -3.81487 -0.000579527 -3.47522 2.99732e+17 4.7724e+13 1260 162.8 102992 0 0 -0.04184 0 0 -87.2193 0 0 -28.8741 0 0 
1557.79 0.0554027 -3.8143 -0.000579535 -3.47534 2.93426e+17 4.90287e+13 1260 162.8 104594 0 0 -0.04184 0 0 -87.2065 0 0 -28.8869 0 0 
1557.84 0.0559829 -3.81372 -0.000579543 -3.47546 2.87153e+17 5.038e+13 1260 162.8 106219 0 0 -0.04184 0 0 -87.1933 0 0 -28.9001 0 0 
1557.9 0.0565721 -3.81313 -0.000579551 -3.47558 2.80914e+17 5.17801e+13 1260 162.8 107866 0 0 -0.04184 0 0 -87.1797 0 0 -28.9137 0 0 
1557.95 0.0571704 -3.81253 -0.00057956 -3.4757 2.74713e+17 5.32312e+13 1260 162.8 109535 0 0 -0.04184 0 0 -87.1658 0 0 -28.9276 0 0 
1558.01 0.057778 -3.81193 -0.000579569 -3.47581 2.68551e+17 5.47361e+13 1260 162.8 111228 0 0 -0.04184 0 0 -87.1515 0 0 -28.942 0 0 
1558.06 0.058395 -3.81131 -0.000579578 -3.47592 2.62431e+17 5.62972e+13 1260 162.8 112943 0 0 -0.04184 0 0 -87.1367 0 0 -28.9567 0 0 
1558.12 0.0590214 -3.81068 -0.000579587 -3.47603 2.56354e+17 5.79174e+13 1260 162.8 114682 0 0 -0.04184 0 0 -87.1216 0 0 -28.9719 0 0 
1558.17 0.0596575 -3.81005 -0.000579596 -3.47613 2.50323e+17 5.95996e+13 1260 162.8 116443 0 0 -0.04184 0 0 -87.106 0 0 -28.9874 0 0 
1558.23 0.0603034 -3.8094 -0.000579606 -3.47624 2.44341e+17 6.13469e+13 1260 162.8 118228 0 0 -0.04184 0 0 -87.0899 0 0 -29.0035 0 0 
1558.28 0.0609591 -3.80874 -0.000579616 -3.47633 2.38408e+17 6.31627e+13 1260 162.8 120036 0 0 -0.04184 0 0 -87.0734 0 0 -29.02 0 0 
1558.34 0.0616249 -3.80808 -0.000579626 -3.47643 2.32528e+17 6.50505e+13 1260 162.8 121867 0 0 -0.04184 0 0 -87.0564 0 0 -29.037 0 0 
1558.39 0.0623008 -3.8074 -0.000579636 -3.47652 2.26703e+17 6.70138e+13 1260 162.8 123722 0 0 -0.04184 0 0 -87.0389 0 0 -29.0546 0 0 
1558.45 0.0629869 -3.80672 -0.000579647 -3.47661 2.20933e+17 6.90568e+13 1260 162.8 125600 0 0 -0.04184 0 0 -87.0208 0 0 -29.0726 0 0 
1558.5 0.0636835 -3.80602 -0.000579657 -3.4767 2.15223e+17 7.11834e+13 1260 162.8 127501 0 0 -0.04184 0 0 -87.0022 0 0 -29.0912 0 0 
1558.56 0.0643906 -3.80531 -0.000579669 -3.47679 2.09573e+17 7.3398e+13 1260 162.8 129426 0 0 -0.04184 0 0 -86.983 0 0 -29.1104 0 0 
1558.61 0.0651084 -3.8046 -0.00057968 -3.47687 2.03985e+17 7.57054e+13 1260 162.8 131374 0 0 -0.04184 0 0 -86.9632 0 0 -29.1302 0 0 
1558.67 0.0658369 -3.80387 -0.000579692 -3.47695 1.98462e+17 7.81105e+13 1260 162.8 133346 0 0 -0.04184 0 0 -86.9428 0 0 -29.1506 0 0 
1558.72 0.0665764 -3.80313 -0.000579704 -3.47703 1.93005e+17 8.06185e+13 1260 162.8 135341 0 0 -0.04184 0 0 -86.9218 0 0 -29.1717 0 0 
1558.78 0.0673269 -3.80238 -0.000579716 -3.4771 1.87616e+17 8.3235e+13 1260 162.8 137360 0 0 -0.04184 0 0 -86.9 0 0 -29.1934 0 0 
1558.83 0.0680886 -3.80161 -0.000579729 -3.47717 1.82298e+17 8.59658e+13 1260 162.8 139402 0 0 -0.04184 0 0 -86.8776 0 0 -29.2158 0 0 
1558.89 0.0688616 -3.80084 -0.000579742 -3.47724 1.77051e+17 8.88172e+13 1260 162.8 141467 0 0 -0.04184 0 0 -86.8544 0 0 -29.239 0 0 
1558.94 0.0696461 -3.80006 -0.000579756 -3.47731 1.71877e+17 9.17959e+13 1260 162.8 143556 0 0 -0.04184 0 0 -86.8304 0 0 -29.263 0 0 
1559 0.0704421 -3.79926 -0.00057977 -3.47738 1.66778e+17 9.4909e+13 1260 162.8 144606 0 0 -0.04184 0 0 -86.8183 0 0 -29.2752 0 0 
1559 0.0704421 -3.79926 -0.00057977 -3.47738 1.66778e+17 9.4909e+13 1260 162.8 146729 0 0 -0.04184 0 0 -86.7931 0 0 -29.3004 0 0 
1559.06 0.0712498 -3.79845 -0.000579784 -3.47744 1.61756e+17 9.81639e+13 1260 162.8 147803 0 0 -0.04184 0 0 -86.7801 0 0 -29.3134 0 0 
1559.11 0.0720693 -3.79763 -0.000579799 -3.4775 1.56811e+17 1.01569e+14 1260 162.8 149960 0 0 -0.04184 0 0 -86.7536 0 0 -29.3399 0 0 
1559.17 0.0729007 -3.7968 -0.000579815 -3.47756 1.51946e+17 1.05132e+14 1260 162.8 152141 0 0 -0.04184 0 0 -86.7261 0 0 -29.3673 0 0 
1559.22 0.0737442 -3.79596 -0.00057983 -3.47762 1.47162e+17 1.08862e+14 1260 162.8 154345 0 0 -0.04184 0 0 -86.6978 0 0 -29.3957 0 0 
1559.28 0.0745999 -3.7951 -0.000579847 -3.47768 1.42459e+17 1.1277e+14 1260 162.8 156571 0 0 -0.04184 0 0 -86.6684 0 0 -29.4251 0 0 
1559.33 0.0754679 -3.79424 -0.000579864 -3.47773 1.3784e+17 1.16865e+14 1260 162.8 158820 0 0 -0.04184 0 0 -86.6379 0 0 -29.4555 0 0 
1559.39 0.0763484 -3.79336 -0.000579881 -3.47778 1.33304e+17 1.21159e+14 1260 162.8 161091 0 0 -0.04184 0 0 -86.6063 0 0 -29.4871 0 0 
1559.44 0.0772414 -3.79246 -0.000579899 -3.47784 1.28854e+17 1.25662e+14 1260 162.8 163384 0 0 -0.04184 0 0 -86.5736 0 0 -29.5198 0 0 
1559.5 0.0781471 -3.79156 -0.000579918 -3.47788 1.2449e+17 1.30388e+14 1260 162.8 165700 0 0 -0.04184 0 0 -86.5397 0 0 -29.5538 0 0 
1559.55 0.0790656 -3.79064 -0.000579937 -3.47793 1.20213e+17 1.35349e+14 1260 162.8 168037 0 0 -0.04184 0 0 -86.5044 0 0 -29.589 0 0 
1559.61 0.0799971 -3.78971 -0.000579957 -3.47798 1.16023e+17 1.40561e+14 1260 162.8 170395 0 0 -0.04184 0 0 -86.4678 0 0 -29.6256 0 0 
1559.66 0.0809415 -3.78876 -0.000579978 -3.47802 1.11922e+17 1.46037e+14 1260 162.8 172775 0 0 -0.04184 0 0 -86.4299 0 0 -29.6636 0 0 
1559.72 0.0818992 -3.7878 -0.000579999 -3.47806 1.07909e+17 1.51795e+14 1260 162.8 175176 0 0 -0.04184 0 0 -86.3904 0 0 -29.7031 0 0 
1559.77 0.0828701 -3.78683 -0.000580021 -3.4781 1.03986e+17 1.57852e+14 1260 162.8 177597 0 0 -0.04184 0 0 -86.3493 0 0 -29.7441 0 0 
1559.83 0.0838544 -3.78585 -0.000580044 -3.47814 1.00152e+17 1.64225e+14 1260 162.8 180039 0 0 -0.04184 0 0 -86.3067 0 0 -29.7868 0 0 
1559.88 0.0848522 -3.78485 -0.000580068 -3.47818 9.64077e+16 1.70936e+14 1260 162.8 182502 0 0 -0.04184 0 0 -86.2622 0 0 -29.8312 0 0 
1559.94 0.0858636 -3.78384 -0.000580093 -3.47822 9.27537e+16 1.78004e+14 1260 162.8 184984 0 0 -0.04184 0 0 -86.216 0 0 -29.8774 0 0 
1559.99 0.0868887 -3.78281 -0.000580119 -3.47825 8.91898e+16 1.85453e+14 1260 162.8 187486 0 0 -0.04184 0 0 -86.1679 0 0 -29.9256 0 0 
1560.05 0.0879276 -3.78178 -0.000580146 -3.47828 8.57159e+16 1.93307e+14 1260 162.8 190008 0 0 -0.04184 0 0 -86.1177 0 0 -29.9757 0 0 
1560.1 0.0889805 -3.78072 -0.000580174 -3.47832 8.2332e+16 2.01593e+14 1260 162.8 192548 0 0 -0.04184 0 0 -86.0654 0 0 -30.028 0 0 
1560.16 0.0900474 -3.77966 -0.000580203 -3.47835 7.90378e+16 2.10337e+14 1260 162.8 195107 0 0 -0.04184 0 0 -86.0109 0 0 -30.0826 0 0 
1560.21 0.0911285 -3.77857 -0.000580233 -3.47838 7.5833e+16 2.1957e+14 1260 162.8 197684 0 0 -0.04184 0 0 -85.954 0 0 -30.1395 0 0 
1560.27 0.0922238 -3.77748 -0.000580265 -3.4784 7.27172e+16 2.29324e+14 1260 162.8 200280 0 0 -0.04184 0 0 -85.8946 0 0 -30.1989 0 0 
1560.32 0.0933334 -3.77637 -0.000580297 -3.47843 6.969e+16 2.39633e+14 1260 162.8 202893 0 0 -0.04184 0 0 -85.8325 0 0 -30.2609 0 0 
1560.38 0.0944574 -3.77525 -0.000580332 -3.47846 6.67508e+16 2.50535e+14 1260 162.8 205523 0 0 -0.04184 0 0 -85.7677 0 0 -30.3257 0 0 
1560.43 0.095596 -3.77411 -0.000580368 -3.47848 6.38988e+16 2.62069e+14 1260 162.8 208170 0 0 -0.04184 0 0 -85.6999 0 0 -30.3935 0 0 
1560.49 0.0967492 -3.77295 -0.000580405 -3.47851 6.11334e+16 2.74278e+14 1260 162.8 210834 0 0 -0.04184 0 0 -85.629 0 0 -30.4644 0 0 
1560.54 0.0979171 -3.77179 -0.000580444 -3.47853 5.84538e+16 2.87208e+14 1260 162.8 213514 0 0 -0.04184 0 0 -85.5549 0 0 -30.5386 0 0 
1560.6 0.0990998 -3.7706 -0.000580485 -3.47855 5.5859e+16 3.00907e+14 1260 162.8 216209 0 0 -0.04184 0 0 -85.4772 0 0 -30.6162 0 0 
1560.65 0.100297 -3.76941 -0.000580527 -3.47857 5.33481e+16 3.15431e+14 1260 162.8 218920 0 0 -0.04184 0 0 -85.3958 0 0 -30.6976 0 0 
1560.71 0.10151 -3.76819 -0.000580572 -3.47859 5.092e+16 3.30835e+14 1260 162.8 221646 0 0 -0.04184 0 0 -85.3106 0 0 -30.7828 0 0 
1560.76 0.102738 -3.76697 -0.000580619 -3.47861 4.85736e+16 3.47181e+14 1260 162.8 224387 0 0 -0.04184 0 0 -85.2212 0 0 -30.8722 0 0 
1560.82 0.10398 -3.76572 -0.000580668 -3.47863 4.63077e+16 3.64536e+14 1260 162.8 227141 0 0 -0.04184 0 0 -85.1274 0 0 -30.966 0 0 
1560.87 0.105238 -3.76447 -0.000580719 -3.47865 4.41212e+16 3.82972e+14 1260 162.8 229909 0 0 -0.04184 0 0 -85.029 0 0 -31.0644 0 0 
1560.93 0.106511 -3.76319 -0.000580773 -3.47866 4.20125e+16 4.02565e+14 1260 162.8 232691 0 0 -0.04184 0 0 -84.9257 0 0 -31.1677 0 0 
1560.98 0.1078 -3.7619 -0.000580829 -3.47868 3.99805e+16 4.234e+14 1260 162.8 235486 0 0 -0.04184 0 0 -84.8172 0 0 -31.2762 0 0 
1561.04 0.109104 -3.7606 -0.000580889 -3.4787 3.80238e+16 4.45566e+14 1260 162.8 238293 0 0 -0.04184 0 0 -84.7031 0 0 -31.3903 0 0 
1561.09 0.110423 -3.75928 -0.000580951 -3.47871 3.61407e+16 4.6916e+14 1260 162.8 241112 0 0 -0.04184 0 0 -84.5832 0 0 -31.5102 0 0 
1561.15 0.111758 -3.75795 -0.000581016 -3.47872 3.433e+16 4.94288e+14 1260 162.8 243943 0 0 -0.04184 0 0 -84.457 0 0 -31.6364 0 0 
1561.2 0.113109 -3.75659 -0.000581085 -3.47874 3.25899e+16 5.21064e+14 1260 162.8 246786 0 0 -0.04184 0 0 -84.3243 0 0 -31.7691 0 0 
1561.26 0.114475 -3.75523 -0.000581157 -3.47875 3.0919e+16 5.49609e+14 1260 162.8 249639 0 0 -0.04184 0 0 -84.1845 0 0 -31.9089 0 0 
1561.31 0.115857 -3.75385 -0.000581234 -3.47876 2.93157e+16 5.80058e+14 1260 162.8 252503 0 0 -0.04184 0 0 -84.0374 0 0 -32.0561 0 0 
1561.37 0.117255 -3.75245 -0.000581314 -3.47877 2.77783e+16 6.12555e+14 1260 162.8 255378 0 0 -0.04184 0 0 -83.8823 0 0 -32.2111 0 0 
1561.42 0.118669 -3.75103 -0.000581398 -3.47878 2.63051e+16 6.47254e+14 1260 162.8 258262 0 0 -0.04184 0 0 -83.7189 0 0 -32.3745 0 0 
1561.48 0.120098 -3.74961 -0.000581487 -3.47879 2.48945e+16 6.84327e+14 1260 162.8 261155 0 0 -0.04184 0 0 -83.5467 0 0 -32.5468 0 0 
1561.53 0.121544 -3.74816 -0.000581581 -3.4788 2.35449e+16 7.23955e+14 1260 162.8 264058 0 0 -0.04184 0 0 -83.365 0 0 -32.7284 0 0 
1561.59 0.123005 -3.7467 -0.00058168 -3.47881 2.22544e+16 7.66337e+14 1260 162.8 266969 0 0 -0.04184 0 0 -83.1735 0 0 -32.9199 0 0 
1561.64 0.124483 -3.74522 -0.000581785 -3.47882 2.10215e+16 8.1169e+14 1260 162.8 269889 0 0 -0.04184 0 0 -82.9714 0 0 -33.122 0 0 
1561.7 0.125977 -3.74373 -0.000581896 -3.47883 1.98444e+16 8.60247e+14 1260 162.8 272817 0 0 -0.04184 0 0 -82.7583 0 0 -33.3352 0 0 
1561.75 0.127486 -3.74222 -0.000582013 -3.47884 1.87213e+16 9.12264e+14 1260 162.8 275753 0 0 -0.04184 0 0 -82.5334 0 0 -33.5601 0 0 
1561.81 0.129012 -3.74069 -0.000582136 -3.47885 1.76507e+16 9.68016e+14 1260 162.8 278695 0 0 -0.04184 0 0 -82.2961 0 0 -33.7973 0 0 
1561.86 0.130555 -3.73915 -0.000582267 -3.47885 1.66307e+16 1.02781e+15 1260 162.8 281646 0 0 -0.04184 0 0 -82.0458 0 0 -34.0476 0 0 
1561.92 0.132113 -3.73759 -0.000582405 -3.47886 1.56596e+16 1.09196e+15 1260 162.8 284602 0 0 -0.04184 0 0 -81.7818 0 0 -34.3116 0 0 
1561.97 0.133688 -3.73602 -0.000582552 -3.47887 1.47359e+16 1.16083e+15 1260 162.8 287566 0 0 -0.04184 0 0 -81.5035 0 0 -34.5899 0 0 
1562.03 0.135279 -3.73442 -0.000582707 -3.47887 1.38579e+16 1.23481e+15 1260 162.8 290535 0 0 -0.04184 0 0 -81.2102 0 0 -34.8832 0 0 
1562.08 0.136886 -3.73282 -0.000582871 -3.47888 1.30238e+16 1.31432e+15 1260 162.8 293510 0 0 -0.04184 0 0 -80.9013 0 0 -35.1922 0 0 
1562.14 0.13851 -3.73119 -0.000583046 -3.47888 1.22321e+16 1.39982e+15 1260 162.8 296491 0 0 -0.04184 0 0 -80.5761 0 0 -35.5174 0 0 
1562.19 0.140151 -3.72955 -0.000583231 -3.47889 1.14812e+16 1.49181e+15 1260 162.8 299478 0 0 -0.04184 0 0 -80.2341 0 0 -35.8593 0 0 
1562.25 0.141807 -3.7279 -0.000583427 -3.47889 1.07694e+16 1.59085e+15 1260 162.8 302469 0 0 -0.04184 0 0 -79.8749 0 0 -36.2185 0 0 
1562.3 0.143481 -3.72622 -0.000583635 -3.4789 1.00953e+16 1.69752e+15 1260 162.8 305465 0 0 -0.04184 0 0 -79.498 0 0 -36.5954 0 0 
1562.36 0.14517 -3.72453 -0.000583856 -3.4789 9.45728e+15 1.81249e+15 1260 162.8 308466 0 0 -0.04184 0 0 -79.1033 0 0 -36.9902 0 0 
1562.41 0.146876 -3.72283 -0.000584091 -3.47891 8.85388e+15 1.93646e+15 1260 162.8 311471 0 0 -0.04184 0 0 -78.6905 0 0 -37.4029 0 0 
1562.47 0.148599 -3.7211 -0.000584341 -3.47891 8.28363e+15 2.07021e+15 1260 162.8 314481 0 0 -0.04184 0 0 -78.2598 0 0 -37.8337 0 0 
1562.52 0.150339 -3.71936 -0.000584607 -3.47891 7.7451e+15 2.21461e+15 1260 162.8 317494 0 0 -0.04184 0 0 -77.8113 0 0 -38.2821 0 0 
1562.58 0.152095 -3.71761 -0.000584889 -3.47892 7.2369e+15 2.37058e+15 1260 162.8 320511 0 0 -0.04184 0 0 -77.3457 0 0 -38.7477 0 0 
1562.63 0.153867 -3.71584 -0.000585189 -3.47892 6.75767e+15 2.53915e+15 1260 162.8 323532 0 0 -0.04184 0 0 -76.8637 0 0 -39.2297 0 0 
1562.69 0.155656 -3.71405 -0.000585509 -3.47892 6.30609e+15 2.72144e+15 1260 162.8 326556 0 0 -0.04184 0 0 -76.3664 0 0 -39.727 0 0 
1562.74 0.157462 -3.71224 -0.00058585 -3.47893 5.88087e+15 2.91867e+15 1260 162.8 329584 0 0 -0.04184 0 0 -75.8552 0 0 -40.2382 0 0 
1562.8 0.159285 -3.71042 -0.000586213 -3.47893 5.48076e+15 3.13219e+15 1260 162.8 332614 0 0 -0.04184 0 0 -75.3318 0 0 -40.7617 0 0 
1562.85 0.161124 -3.70858 -0.000586599 -3.47893 5.10456e+15 3.36349e+15 1260 162.8 335648 0 0 -0.04184 0 0 -74.7981 0 0 -41.2953 0 0 
1562.91 0.16298 -3.70672 -0.000587012 -3.47894 4.75109e+15 3.61417e+15 1260 162.8 338684 0 0 -0.04184 0 0 -74.2565 0 0 -41.8369 0 0 
1562.96 0.164853 -3.70485 -0.000587452 -3.47894 4.41921e+15 3.88604e+15 1260 162.8 341723 0 0 -0.04184 0 0 -73.7096 0 0 -42.3838 0 0 
1563.02 0.166742 -3.70296 -0.000587921 -3.47894 4.10785e+15 4.18103e+15 1260 162.8 344764 0 0 -0.04184 0 0 -73.1601 0 0 -42.9333 0 0 
1563.07 0.168648 -3.70106 -0.000588423 -3.47894 3.81593e+15 4.5013e+15 1260 162.8 347808 0 0 -0.04184 0 0 -72.611 0 0 -43.4824 0 0 
1563.13 0.170571 -3.69913 -0.000588959 -3.47894 3.54245e+15 4.84923e+15 1260 162.8 350854 0 0 -0.04184 0 0 -72.0652 0 0 -44.0283 0 0 
1563.18 0.172511 -3.69719 -0.000589533 -3.47895 3.28643e+15 5.22742e+15 1260 162.8 353903 0 0 -0.04184 0 0 -71.5256 0 0 -44.5678 0 0 
1563.24 0.174467 -3.69524 -0.000590146 -3.47895 3.04691e+15 5.63873e+15 1260 162.8 356953 0 0 -0.04184 0 0 -70.9953 0 0 -45.0982 0 0 
1563.29 0.176441 -3.69326 -0.000590803 -3.47895 2.82301e+15 6.08633e+15 1260 162.8 360006 0 0 -0.04184 0 0 -70.4767 0 0 -45.6167 0 0 
1563.35 0.178431 -3.69127 -0.000591508 -3.47895 2.61385e+15 6.5737e+15 1260 162.8 363060 0 0 -0.04184 0 0 -69.9725 0 0 -46.1209 0 0 
1563.4 0.180438 -3.68927 -0.000592263 -3.47895 2.4186e+15 7.10469e+15 1260 162.8 366117 0 0 -0.04184 0 0 -69.4848 0 0 -46.6086 0 0 
1563.46 0.182461 -3.68724 -0.000593074 -3.47895 2.23648e+15 7.68354e+15 1260 162.8 369175 0 0 -0.04184 0 0 -69.0154 0 0 -47.0781 0 0 
1563.51 0.184502 -3.6852 -0.000593946 -3.47895 2.06671e+15 8.31493e+15 1260 162.8 372236 0 0 -0.04184 0 0 -68.5657 0 0 -47.5277 0 0 
1563.57 0.186559 -3.68314 -0.000594884 -3.47896 1.90858e+15 9.00403e+15 1260 162.8 375298 0 0 -0.04184 0 0 -68.137 0 0 -47.9564 0 0 
1563.62 0.188634 -3.68107 -0.000595893 -3.47896 1.76138e+15 9.75656e+15 1260 162.8 378362 0 0 -0.04184 0 0 -67.73 0 0 -48.3635 0 0 
1563.68 0.190725 -3.67898 -0.000596981 -3.47896 1.62448e+15 1.05788e+16 1260 162.8 381428 0 0 -0.04184 0 0 -67.345 0 0 -48.7484 0 0 
1563.73 0.192833 -3.67687 -0.000598154 -3.47896 1.49723e+15 1.14779e+16 1260 162.8 384495 0 0 -0.04184 0 0 -66.9823 0 0 -49.1111 0 0 
1563.79 0.194958 -3.67475 -0.000599421 -3.47896 1.37904e+15 1.24614e+16 1260 162.8 387565 0 0 -0.04184 0 0 -66.6417 0 0 -49.4517 0 0 
1563.84 0.1971 -3.6726 -0.00060079 -3.47896 1.26934e+15 1.3538e+16 1260 162.8 390636 0 0 -0.04184 0 0 -66.3228 0 0 -49.7706 0 0 
1563.9 0.199258 -3.67044 -0.00060227 -3.47896 1.1676e+15 1.47172e+16 1260 162.8 393709 0 0 -0.04184 0 0 -66.0252 0 0 -50.0682 0 0 
1563.95 0.201434 -3.66827 -0.000603874 -3.47896 1.07331e+15 1.60095e+16 1260 162.8 396784 0 0 -0.04184 0 0 -65.7481 0 0 -50.3453 0 0 
1564.01 0.203627 -3.66608 -0.000605611 -3.47896 9.85973e+14 1.74267e+16 1260 162.8 399861 0 0 -0.04184 0 0 -65.4908 0 0 -50.6027 0 0 
1564.06 0.205836 -3.66387 -0.000607496 -3.47896 9.05148e+14 1.89816e+16 1260 162.8 402940 0 0 -0.04184 0 0 -65.2522 0 0 -50.8412 0 0 
1564.12 0.208063 -3.66164 -0.000609543 -3.47896 8.30397e+14 2.06888e+16 1260 162.8 406022 0 0 -0.04184 0 0 -65.0316 0 0 -51.0619 0 0 
1564.17 0.210306 -3.6594 -0.000611768 -3.47896 7.61314e+14 2.25642e+16 1260 162.8 409106 0 0 -0.04184 0 0 -64.8279 0 0 -51.2656 0 0 
1564.23 0.212567 -3.65714 -0.000614187 -3.47896 6.97514e+14 2.46257e+16 1260 162.8 412192 0 0 -0.04184 0 0 -64.6401 0 0 -51.4534 0 0 
1564.28 0.214844 -3.65486 -0.000616822 -3.47897 6.38635e+14 2.68931e+16 1260 162.8 415281 0 0 -0.04184 0 0 -64.4672 0 0 -51.6262 0 0 
1564.34 0.217139 -3.65256 -0.000619693 -3.47897 5.84336e+14 2.93884e+16 1260 162.8 418373 0 0 -0.04184 0 0 -64.3084 0 0 -51.785 0 0 
1564.39 0.21945 -3.65025 -0.000622824 -3.47897 5.34296e+14 3.21363e+16 1260 162.8 421467 0 0 -0.04184 0 0 -64.1626 0 0 -51.9308 0 0 
1564.45 0.221779 -3.64792 -0.000626243 -3.47897 4.88213e+14 3.51641e+16 1260 162.8 424566 0 0 -0.04184 0 0 -64.0289 0 0 -52.0645 0 0 
1564.5 0.224124 -3.64558 -0.000629977 -3.47897 4.45805e+14 3.85024e+16 1260 162.8 427667 0 0 -0.04184 0 0 -63.9065 0 0 -52.1869 0 0 
1564.56 0.226487 -3.64322 -0.000634061 -3.47897 4.06806e+14 4.21852e+16 1260 162.8 430773 0 0 -0.04184 0 0 -63.7945 0 0 -52.2989 0 0 
1564.61 0.228867 -3.64084 -0.000638531 -3.47897 3.70968e+14 4.62506e+16 1260 162.8 433883 0 0 -0.04184 0 0 -63.6922 0 0 -52.4012 0 0 
1564.67 0.231264 -3.63844 -0.000643426 -3.47897 3.38057e+14 5.0741e+16 1260 162.8 436997 0 0 -0.04184 0 0 -63.5988 0 0 -52.4946 0 0 
1564.72 0.233678 -3.63603 -0.000648792 -3.47897 3.07855e+14 5.57039e+16 1260 162.8 440116 0 0 -0.04184 0 0 -63.5136 0 0 -52.5799 0 0 
1564.78 0.236109 -3.63359 -0.000654678 -3.47897 2.8016e+14 6.11923e+16 1260 162.8 443241 0 0 -0.04184 0 0 -63.4359 0 0 -52.6575 0 0 
1564.83 0.238557 -3.63115 -0.000661142 -3.47897 2.54781e+14 6.72657e+16 1260 162.8 446373 0 0 -0.04184 0 0 -63.3652 0 0 -52.7282 0 0 
1564.89 0.241023 -3.62868 -0.000668243 -3.47897 2.3154e+14 7.39906e+16 1260 162.8 449510 0 0 -0.04184 0 0 -63.3009 0 0 -52.7925 0 0 
1564.94 0.243506 -3.6262 -0.000676053 -3.47897 2.10273e+14 8.14412e+16 1260 162.8 452656 0 0 -0.04184 0 0 -63.2424 0 0 -52.851 0 0 
1565 0.246006 -3.6237 -0.000684648 -3.47897 1.90826e+14 8.97012e+16 1260 162.8 454230 0 0 -0.04184 0 0 -63.2146 0 0 -52.8789 0 0 
1565 0.0214985 -3.45347 -0.000684648 -3.47897 8.55808e+17 2.39612e+19 1500 200 -1.04004e+06 0 0 -0.0285876 0 0 -62.3558 0 0 -53.7376 0 0 
1565.06 0.0157205 -3.45924 -0.00068465 -3.47897 1.04053e+18 2.06304e+19 1500 200 -1.0302e+06 0 0 -0.0285876 0 0 -61.4219 0 0 -54.6715 0 0 
1565.11 0.0100518 -3.46491 -0.000684651 -3.47897 1.25432e+18 1.76901e+19 1500 200 -1.01211e+06 0 0 -0.0285876 0 0 -59.4504 0 0 -56.6429 0 0 
1565.17 0.00447486 -3.47049 -0.000684652 -3.47897 1.49966e+18 1.51064e+19 1500 200 -997023 0 0 -0.0285876 0 0 -57.2711 0 0 -58.8222 0 0 
1565.22 -0.0010262 -3.47599 -0.000684653 -3.47897 1.77883e+18 1.28471e+19 1500 200 -984632 0 0 -0.0285876 0 0 -54.8865 0 0 -61.2069 0 0 
1565.28 -0.0064655 -3.48143 -0.000684653 -3.47897 2.09391e+18 1.08816e+19 1500 200 -974662 0 0 -0.0285876 0 0 -52.3073 0 0 -63.786 0 0 
1565.33 -0.0118558 -3.48682 -0.000684654 -3.47897 2.44674e+18 9.1804e+18 1500 200 -966868 0 0 -0.0285876 0 0 -49.5554 0 0 -66.5379 0 0 
1565.39 -0.0172085 -3.49217 -0.000684654 -3.47897 2.83883e+18 7.71576e+18 1500 200 -961038 0 0 -0.0285876 0 0 -46.6657 0 0 -69.4277 0 0 
1565.44 -0.022534 -3.4975 -0.000684654 -3.47897 3.27147e+18 6.46118e+18 1500 200 -956987 0 0 -0.0285876 0 0 -43.6862 0 0 -72.4072 0 0 
1565.5 -0.0278417 -3.50281 -0.000684655 -3.47897 3.74564e+18 5.39182e+18 1500 200 -954559 0 0 -0.0285876 0 0 -40.6763 0 0 -75.417 0 0 
1565.56 -0.0331402 -3.5081 -0.000684655 -3.47897 4.26212e+18 4.4846e+18 1500 200 -953620 0 0 -0.0285876 0 0 -37.7023 0 0 -78.3911 0 0 
1565.61 -0.0384374 -3.5134 -0.000684655 -3.47897 4.82146e+18 3.71831e+18 1500 200 -954062 0 0 -0.0285876 0 0 -34.8299 0 0 -81.2635 0 0 
1565.67 -0.0437409 -3.5187 -0.000684655 -3.47897 5.42412e+18 3.07372e+18 1500 200 -955796 0 0 -0.0285876 0 0 -32.118 0 0 -83.9754 0 0 
1565.72 -0.0490574 -3.52402 -0.000684655 -3.47897 6.07042e+18 2.53355e+18 1500 200 -958753 0 0 -0.0285876 0 0 -29.612 0 0 -86.4814 0 0 
1565.78 -0.0543937 -3.52936 -0.000684656 -3.47897 6.76066e+18 2.08247e+18 1500 200 -962878 0 0 -0.0285876 0 0 -27.3413 0 0 -88.7521 0 0 
1565.83 -0.059756 -3.53472 -0.000684656 -3.47897 7.49515e+18 1.70703e+18 1500 200 -968133 0 0 -0.0285876 0 0 -25.3191 0 0 -90.7743 0 0 
1565.89 -0.0651507 -3.54011 -0.000684656 -3.47897 8.27422e+18 1.39548e+18 1500 200 -974494 0 0 -0.0285876 0 0 -23.5447 0 0 -92.5487 0 0 
1565.94 -0.0705838 -3.54555 -0.000684656 -3.47897 9.09829e+18 1.1377e+18 1500 200 -981945 0 0 -0.0285876 0 0 -22.0071 0 0 -94.0864 0 0 
1566 -0.0760612 -3.55102 -0.000684656 -3.47897 9.96789e+18 9.24986e+17 1500 200 -990483 0 0 -0.0285876 0 0 -20.6882 0 0 -95.4052 0 0 
1566.06 -0.0815891 -3.55655 -0.000684656 -3.47897 1.08837e+19 7.49929e+17 1500 200 -1.00011e+06 0 0 -0.0285876 0 0 -19.5668 0 0 -96.5266 0 0 
1566.11 -0.0871736 -3.56214 -0.000684656 -3.47897 1.18464e+19 6.06237e+17 1500 200 -1.01085e+06 0 0 -0.0285876 0 0 -18.6201 0 0 -97.4733 0 0 
1566.17 -0.0928207 -3.56778 -0.000684656 -3.47897 1.28571e+19 4.88597e+17 1500 200 -1.0227e+06 0 0 -0.0285876 0 0 -17.8257 0 0 -98.2677 0 0 
1566.22 -0.0985369 -3.5735 -0.000684656 -3.47897 1.39168e+19 3.92541e+17 1500 200 -1.0357e+06 0 0 -0.0285876 0 0 -17.1627 0 0 -98.9308 0 0 
1566.28 -0.104329 -3.57929 -0.000684656 -3.47897 1.5027e+19 3.14321e+17 1500 200 -1.04988e+06 0 0 -0.0285876 0 0 -16.612 0 0 -99.4814 0 0 
1566.33 -0.110202 -3.58517 -0.000684656 -3.47897 1.61891e+19 2.50805e+17 1500 200 -1.06527e+06 0 0 -0.0285876 0 0 -16.1566 0 0 -99.9368 0 0 
1566.39 -0.116165 -3.59113 -0.000684656 -3.47897 1.74049e+19 1.99381e+17 1500 200 -1.08191e+06 0 0 -0.0285876 0 0 -15.7817 0 0 -100.312 0 0 
1566.44 -0.122224 -3.59719 -0.000684656 -3.47897 1.86764e+19 1.57877e+17 1500 200 -1.09985e+06 0 0 -0.0285876 0 0 -15.4743 0 0 -100.619 0 0 
1566.5 -0.128385 -3.60335 -0.000684656 -3.47897 2.00057e+19 1.24492e+17 1500 200 -1.11914e+06 0 0 -0.0285876 0 0 -15.2233 0 0 -100.87 0 0 
1566.56 -0.134658 -3.60962 -0.000684656 -3.47897 2.13953e+19 9.77306e+16 1500 200 -1.13981e+06 0 0 -0.0285876 0 0 -15.0193 0 0 -101.074 0 0 
1566.61 -0.14105 -3.61601 -0.000684656 -3.47897 2.2848e+19 7.63611e+16 1500 200 -1.16194e+06 0 0 -0.0285876 0 0 -14.8541 0 0 -101.239 0 0 
1566.67 -0.147569 -3.62253 -0.000684656 -3.47897 2.43665e+19 5.93658e+16 1500 200 -1.18558e+06 0 0 -0.0285876 0 0 -14.7211 0 0 -101.372 0 0 
1566.72 -0.154223 -3.62919 -0.000684656 -3.47897 2.59542e+19 4.5908e+16 1500 200 -1.2108e+06 0 0 -0.0285876 0 0 -14.6145 0 0 -101.479 0 0 
1566.78 -0.161022 -3.63599 -0.000684656 -3.47897 2.76145e+19 3.53008e+16 1500 200 -1.23766e+06 0 0 -0.0285876 0 0 -14.5295 0 0 -101.564 0 0 
1566.83 -0.167975 -3.64294 -0.000684656 -3.47897 2.93513e+19 2.69821e+16 1500 200 -1.26623e+06 0 0 -0.0285876 0 0 -14.4621 0 0 -101.631 0 0 
1566.89 -0.175091 -3.65005 -0.000684656 -3.47897 3.11686e+19 2.04929e+16 1500 200 -1.29659e+06 0 0 -0.0285876 0 0 -14.409 0 0 -101.684 0 0 
1566.94 -0.182382 -3.65735 -0.000684656 -3.47897 3.3071e+19 1.54597e+16 1500 200 -1.32883e+06 0 0 -0.0285876 0 0 -14.3673 0 0 -101.726 0 0 
1567 -0.189856 -3.66482 -0.000684656 -3.47897 3.50633e+19 1.15796e+16 1500 200 -1.34543e+06 0 0 -0.0285876 0 0 -14.3491 0 0 -101.744 0 0 
1567 0.0346518 -3.83505 -0.000684656 -3.47897 6.24209e+17 2.52849e+13 1260 162.8 135529 0 0 -0.04184 0 0 -14.3349 0 0 -101.759 0 0 
1567.06 0.0353978 -3.83431 -0.000684657 -3.4798 6.07771e+17 2.68676e+13 1260 162.8 135218 0 0 -0.04184 0 0 -14.3349 0 0 -101.759 0 0 
1567.11 0.0361404 -3.83356 -0.000684657 -3.48057 5.91808e+17 2.8493e+13 1260 162.8 134605 0 0 -0.04184 0 0 -14.3348 0 0 -101.759 0 0 
1567.17 0.0368797 -3.83282 -0.000684658 -3.48131 5.76303e+17 3.01619e+13 1260 162.8 134009 0 0 -0.04184 0 0 -14.3348 0 0 -101.759 0 0 
1567.22 0.0376157 -3.83209 -0.000684659 -3.482 5.61242e+17 3.18753e+13 1260 162.8 133428 0 0 -0.04184 0 0 -14.3348 0 0 -101.759 0 0 
1567.28 0.0383486 -3.83135 -0.00068466 -3.48265 5.4661e+17 3.36341e+13 1260 162.8 132862 0 0 -0.04184 0 0 -14.3348 0 0 -101.759 0 0 
1567.33 0.0390784 -3.83062 -0.00068466 -3.48328 5.32394e+17 3.54394e+13 1260 162.8 132311 0 0 -0.04184 0 0 -14.3347 0 0 -101.759 0 0 
1567.39 0.0398053 -3.8299 -0.000684661 -3.48387 5.18581e+17 3.72921e+13 1260 162.8 131774 0 0 -0.04184 0 0 -14.3347 0 0 -101.759 0 0 
1567.44 0.0405292 -3.82917 -0.000684662 -3.48443 5.05157e+17 3.91932e+13 1260 162.8 131251 0 0 -0.04184 0 0 -14.3346 0 0 -101.759 0 0 
1567.5 0.0412502 -3.82845 -0.000684663 -3.48496 4.9211e+17 4.11439e+13 1260 162.8 130742 0 0 -0.04184 0 0 -14.3346 0 0 -101.759 0 0 
1567.55 0.0419685 -3.82773 -0.000684663 -3.48547 4.79428e+17 4.31452e+13 1260 162.8 130246 0 0 -0.04184 0 0 -14.3346 0 0 -101.759 0 0 
1567.61 0.0426841 -3.82702 -0.000684664 -3.48596 4.671e+17 4.51982e+13 1260 162.8 129762 0 0 -0.04184 0 0 -14.3345 0 0 -101.759 0 0 
1567.66 0.0433971 -3.82631 -0.000684665 -3.48642 4.55115e+17 4.73041e+13 1260 162.8 129292 0 0 -0.04184 0 0 -14.3345 0 0 -101.759 0 0 
1567.72 0.0441075 -3.8256 -0.000684666 -3.48687 4.43462e+17 4.9464e+13 1260 162.8 128833 0 0 -0.04184 0 0 -14.3344 0 0 -101.759 0 0 
1567.77 0.0448154 -3.82489 -0.000684667 -3.48729 4.3213e+17 5.16792e+13 1260 162.8 128386 0 0 -0.04184 0 0 -14.3344 0 0 -101.759 0 0 
1567.83 0.0455209 -3.82418 -0.000684668 -3.4877 4.21111e+17 5.39508e+13 1260 162.8 127950 0 0 -0.04184 0 0 -14.3343 0 0 -101.759 0 0 
1567.88 0.0462241 -3.82348 -0.000684669 -3.48809 4.10393e+17 5.62802e+13 1260 162.8 127526 0 0 -0.04184 0 0 -14.3343 0 0 -101.759 0 0 
1567.94 0.0469249 -3.82278 -0.00068467 -3.48846 3.99969e+17 5.86687e+13 1260 162.8 127112 0 0 -0.04184 0 0 -14.3342 0 0 -101.759 0 0 
1567.99 0.0476235 -3.82208 -0.000684671 -3.48882 3.89828e+17 6.11174e+13 1260 162.8 126709 0 0 -0.04184 0 0 -14.3342 0 0 -101.759 0 0 
1568.05 0.0483199 -3.82138 -0.000684672 -3.48916 3.79963e+17 6.36279e+13 1260 162.8 126316 0 0 -0.04184 0 0 -14.3341 0 0 -101.759 0 0 
1568.1 0.0490141 -3.82069 -0.000684673 -3.48949 3.70366e+17 6.62016e+13 1260 162.8 125933 0 0 -0.04184 0 0 -14.334 0 0 -101.759 0 0 
1568.16 0.0497063 -3.82 -0.000684674 -3.48981 3.61027e+17 6.88397e+13 1260 162.8 125560 0 0 -0.04184 0 0 -14.334 0 0 -101.759 0 0 
1568.21 0.0503964 -3.81931 -0.000684675 -3.49012 3.5194e+17 7.15439e+13 1260 162.8 125196 0 0 -0.04184 0 0 -14.3339 0 0 -101.76 0 0 
1568.27 0.0510846 -3.81862 -0.000684676 -3.49041 3.43097e+17 7.43156e+13 1260 162.8 124841 0 0 -0.04184 0 0 -14.3338 0 0 -101.76 0 0 
1568.32 0.0517708 -3.81793 -0.000684677 -3.4907 3.3449e+17 7.71564e+13 1260 162.8 124496 0 0 -0.04184 0 0 -14.3337 0 0 -101.76 0 0 
1568.38 0.0524552 -3.81725 -0.000684678 -3.49097 3.26113e+17 8.00677e+13 1260 162.8 124159 0 0 -0.04184 0 0 -14.3337 0 0 -101.76 0 0 
1568.43 0.0531377 -3.81657 -0.00068468 -3.49123 3.17959e+17 8.30514e+13 1260 162.8 123830 0 0 -0.04184 0 0 -14.3336 0 0 -101.76 0 0 
1568.49 0.0538184 -3.81588 -0.000684681 -3.49149 3.10022e+17 8.61089e+13 1260 162.8 123510 0 0 -0.04184 0 0 -14.3335 0 0 -101.76 0 0 
1568.54 0.0544974 -3.81521 -0.000684682 -3.49173 3.02295e+17 8.92421e+13 1260 162.8 123197 0 0 -0.04184 0 0 -14.3334 0 0 -101.76 0 0 
1568.6 0.0551747 -3.81453 -0.000684683 -3.49197 2.94771e+17 9.24525e+13 1260 162.8 122893 0 0 -0.04184 0 0 -14.3333 0 0 -101.76 0 0 
1568.65 0.0558504 -3.81385 -0.000684685 -3.4922 2.87446e+17 9.57421e+13 1260 162.8 122596 0 0 -0.04184 0 0 -14.3332 0 0 -101.76 0 0 
1568.71 0.0565244 -3.81318 -0.000684686 -3.49242 2.80313e+17 9.91127e+13 1260 162.8 122306 0 0 -0.04184 0 0 -14.3331 0 0 -101.76 0 0 
1568.76 0.0571969 -3.81251 -0.000684687 -3.49263 2.73367e+17 1.02566e+14 1260 162.8 122024 0 0 -0.04184 0 0 -14.333 0 0 -101.76 0 0 
1568.82 0.0578678 -3.81184 -0.000684689 -3.49284 2.66603e+17 1.06104e+14 1260 162.8 121749 0 0 -0.04184 0 0 -14.3329 0 0 -101.76 0 0 
1568.87 0.0585372 -3.81117 -0.00068469 -3.49303 2.60015e+17 1.09729e+14 1260 162.8 121480 0 0 -0.04184 0 0 -14.3328 0 0 -101.761 0 0 
1568.93 0.0592052 -3.8105 -0.000684692 -3.49323 2.53598e+17 1.13443e+14 1260 162.8 121219 0 0 -0.04184 0 0 -14.3327 0 0 -101.761 0 0 
1568.98 0.0598717 -3.80983 -0.000684693 -3.49341 2.47348e+17 1.17247e+14 1260 162.8 120963 0 0 -0.04184 0 0 -14.3326 0 0 -101.761 0 0 
1569.04 0.0605369 -3.80917 -0.000684695 -3.49359 2.4126e+17 1.21144e+14 1260 162.8 120714 0 0 -0.04184 0 0 -14.3325 0 0 -101.761 0 0 
1569.09 0.0612007 -3.8085 -0.000684697 -3.49377 2.35329e+17 1.25136e+14 1260 162.8 120472 0 0 -0.04184 0 0 -14.3324 0 0 -101.761 0 0 
1569.15 0.0618632 -3.80784 -0.000684698 -3.49394 2.29551e+17 1.29226e+14 1260 162.8 120235 0 0 -0.04184 0 0 -14.3323 0 0 -101.761 0 0 
1569.2 0.0625244 -3.80718 -0.0006847 -3.4941 2.23921e+17 1.33415e+14 1260 162.8 120004 0 0 -0.04184 0 0 -14.3321 0 0 -101.761 0 0 
1569.26 0.0631843 -3.80652 -0.000684702 -3.49426 2.18436e+17 1.37706e+14 1260 162.8 119778 0 0 -0.04184 0 0 -14.332 0 0 -101.761 0 0 
1569.31 0.0638431 -3.80586 -0.000684704 -3.49441 2.13091e+17 1.42101e+14 1260 162.8 119559 0 0 -0.04184 0 0 -14.3319 0 0 -101.762 0 0 
1569.37 0.0645006 -3.8052 -0.000684706 -3.49456 2.07884e+17 1.46603e+14 1260 162.8 119344 0 0 -0.04184 0 0 -14.3317 0 0 -101.762 0 0 
1569.42 0.0651569 -3.80455 -0.000684707 -3.4947 2.02808e+17 1.51214e+14 1260 162.8 119135 0 0 -0.04184 0 0 -14.3316 0 0 -101.762 0 0 
1569.48 0.0658122 -3.80389 -0.000684709 -3.49484 1.97863e+17 1.55936e+14 1260 162.8 118931 0 0 -0.04184 0 0 -14.3314 0 0 -101.762 0 0 
1569.53 0.0664663 -3.80324 -0.000684711 -3.49498 1.93042e+17 1.60773e+14 1260 162.8 118732 0 0 -0.04184 0 0 -14.3313 0 0 -101.762 0 0 
1569.59 0.0671193 -3.80258 -0.000684713 -3.49511 1.88344e+17 1.65727e+14 1260 162.8 118538 0 0 -0.04184 0 0 -14.3311 0 0 -101.762 0 0 
1569.64 0.0677713 -3.80193 -0.000684716 -3.49524 1.83765e+17 1.70801e+14 1260 162.8 118349 0 0 -0.04184 0 0 -14.3309 0 0 -101.762 0 0 
1569.7 0.0684222 -3.80128 -0.000684718 -3.49536 1.79302e+17 1.75998e+14 1260 162.8 118164 0 0 -0.04184 0 0 -14.3308 0 0 -101.763 0 0 
1569.75 0.0690722 -3.80063 -0.00068472 -3.49548 1.74952e+17 1.8132e+14 1260 162.8 117984 0 0 -0.04184 0 0 -14.3306 0 0 -101.763 0 0 
1569.81 0.0697211 -3.79998 -0.000684722 -3.4956 1.7071e+17 1.8677e+14 1260 162.8 117808 0 0 -0.04184 0 0 -14.3304 0 0 -101.763 0 0 
1569.86 0.0703691 -3.79933 -0.000684725 -3.49571 1.66576e+17 1.92352e+14 1260 162.8 117637 0 0 -0.04184 0 0 -14.3302 0 0 -101.763 0 0 
1569.92 0.0710162 -3.79869 -0.000684727 -3.49582 1.62545e+17 1.98068e+14 1260 162.8 117470 0 0 -0.04184 0 0 -14.33 0 0 -101.763 0 0 
1569.97 0.0716624 -3.79804 -0.000684729 -3.49593 1.58615e+17 2.03922e+14 1260 162.8 117306 0 0 -0.04184 0 0 -14.3298 0 0 -101.764 0 0 
1570.03 0.0723077 -3.7974 -0.000684732 -3.49603 1.54784e+17 2.09918e+14 1260 162.8 117147 0 0 -0.04184 0 0 -14.3296 0 0 -101.764 0 0 
1570.08 0.0729521 -3.79675 -0.000684734 -3.49613 1.51048e+17 2.16057e+14 1260 162.8 116992 0 0 -0.04184 0 0 -14.3294 0 0 -101.764 0 0 
1570.14 0.0735957 -3.79611 -0.000684737 -3.49623 1.47406e+17 2.22344e+14 1260 162.8 116840 0 0 -0.04184 0 0 -14.3292 0 0 -101.764 0 0 
1570.19 0.0742384 -3.79547 -0.00068474 -3.49633 1.43854e+17 2.28782e+14 1260 162.8 116692 0 0 -0.04184 0 0 -14.329 0 0 -101.764 0 0 
1570.25 0.0748803 -3.79482 -0.000684742 -3.49642 1.4039e+17 2.35376e+14 1260 162.8 116548 0 0 -0.04184 0 0 -14.3288 0 0 -101.765 0 0 
1570.3 0.0755215 -3.79418 -0.000684745 -3.49651 1.37012e+17 2.42127e+14 1260 162.8 116407 0 0 -0.04184 0 0 -14.3285 0 0 -101.765 0 0 
1570.36 0.0761619 -3.79354 -0.000684748 -3.4966 1.33719e+17 2.49041e+14 1260 162.8 116270 0 0 -0.04184 0 0 -14.3283 0 0 -101.765 0 0 
1570.41 0.0768015 -3.7929 -0.000684751 -3.49668 1.30506e+17 2.56121e+14 1260 162.8 116136 0 0 -0.04184 0 0 -14.3281 0 0 -101.765 0 0 
1570.47 0.0774405 -3.79226 -0.000684754 -3.49677 1.27373e+17 2.6337e+14 1260 162.8 116005 0 0 -0.04184 0 0 -14.3278 0 0 -101.766 0 0 
1570.52 0.0780787 -3.79162 -0.000684757 -3.49685 1.24318e+17 2.70794e+14 1260 162.8 115878 0 0 -0.04184 0 0 -14.3275 0 0 -101.766 0 0 
1570.58 0.0787162 -3.79099 -0.00068476 -3.49692 1.21338e+17 2.78396e+14 1260 162.8 115753 0 0 -0.04184 0 0 -14.3273 0 0 -101.766 0 0 
1570.63 0.079353 -3.79035 -0.000684764 -3.497 1.18431e+17 2.8618e+14 1260 162.8 115632 0 0 -0.04184 0 0 -14.327 0 0 -101.766 0 0 
1570.69 0.0799892 -3.78971 -0.000684767 -3.49707 1.15595e+17 2.9415e+14 1260 162.8 115513 0 0 -0.04184 0 0 -14.3267 0 0 -101.767 0 0 
1570.74 0.0806247 -3.78908 -0.00068477 -3.49715 1.1283e+17 3.02312e+14 1260 162.8 115398 0 0 -0.04184 0 0 -14.3264 0 0 -101.767 0 0 
1570.8 0.0812596 -3.78844 -0.000684774 -3.49722 1.10132e+17 3.10669e+14 1260 162.8 115285 0 0 -0.04184 0 0 -14.3261 0 0 -101.767 0 0 
1570.85 0.0818939 -3.78781 -0.000684778 -3.49728 1.075e+17 3.19227e+14 1260 162.8 115175 0 0 -0.04184 0 0 -14.3258 0 0 -101.768 0 0 
1570.91 0.0825276 -3.78718 -0.000684781 -3.49735 1.04933e+17 3.27989e+14 1260 162.8 115067 0 0 -0.04184 0 0 -14.3255 0 0 -101.768 0 0 
1570.96 0.0831607 -3.78654 -0.000684785 -3.49742 1.02428e+17 3.36962e+14 1260 162.8 114962 0 0 -0.04184 0 0 -14.3252 0 0 -101.768 0 0 
1571.02 0.0837932 -3.78591 -0.000684789 -3.49748 9.99851e+16 3.46149e+14 1260 162.8 114860 0 0 -0.04184 0 0 -14.3249 0 0 -101.769 0 0 
1571.07 0.0844252 -3.78528 -0.000684793 -3.49754 9.76014e+16 3.55556e+14 1260 162.8 114760 0 0 -0.04184 0 0 -14.3245 0 0 -101.769 0 0 
1571.13 0.0850566 -3.78465 -0.000684797 -3.4976 9.52757e+16 3.65188e+14 1260 162.8 114663 0 0 -0.04184 0 0 -14.3242 0 0 -101.769 0 0 
1571.18 0.0856875 -3.78402 -0.000684801 -3.49766 9.30067e+16 3.75051e+14 1260 162.8 114568 0 0 -0.04184 0 0 -14.3238 0 0 -101.77 0 0 
1571.24 0.0863179 -3.78339 -0.000684805 -3.49771 9.07929e+16 3.8515e+14 1260 162.8 114475 0 0 -0.04184 0 0 -14.3234 0 0 -101.77 0 0 
1571.29 0.0869478 -3.78276 -0.00068481 -3.49777 8.86329e+16 3.9549e+14 1260 162.8 114385 0 0 -0.04184 0 0 -14.3231 0 0 -101.77 0 0 
1571.35 0.0875772 -3.78213 -0.000684814 -3.49782 8.65253e+16 4.06078e+14 1260 162.8 114296 0 0 -0.04184 0 0 -14.3227 0 0 -101.771 0 0 
1571.4 0.0882061 -3.7815 -0.000684819 -3.49787 8.44688e+16 4.16919e+14 1260 162.8 114210 0 0 -0.04184 0 0 -14.3223 0 0 -101.771 0 0 
1571.46 0.0888346 -3.78087 -0.000684823 -3.49793 8.24621e+16 4.28019e+14 1260 162.8 114126 0 0 -0.04184 0 0 -14.3219 0 0 -101.772 0 0 
1571.51 0.0894626 -3.78024 -0.000684828 -3.49798 8.0504e+16 4.39384e+14 1260 162.8 114044 0 0 -0.04184 0 0 -14.3214 0 0 -101.772 0 0 
1571.57 0.0900901 -3.77961 -0.000684833 -3.49802 7.85933e+16 4.51021e+14 1260 162.8 113964 0 0 -0.04184 0 0 -14.321 0 0 -101.772 0 0 
1571.62 0.0907172 -3.77899 -0.000684838 -3.49807 7.67287e+16 4.62936e+14 1260 162.8 113886 0 0 -0.04184 0 0 -14.3206 0 0 -101.773 0 0 
1571.68 0.0913439 -3.77836 -0.000684843 -3.49812 7.49092e+16 4.75136e+14 1260 162.8 113810 0 0 -0.04184 0 0 -14.3201 0 0 -101.773 0 0 
1571.73 0.0919702 -3.77773 -0.000684848 -3.49816 7.31335e+16 4.87628e+14 1260 162.8 113736 0 0 -0.04184 0 0 -14.3197 0 0 -101.774 0 0 
1571.79 0.092596 -3.77711 -0.000684854 -3.4982 7.14006e+16 5.00418e+14 1260 162.8 113663 0 0 -0.04184 0 0 -14.3192 0 0 -101.774 0 0 
1571.84 0.0932215 -3.77648 -0.000684859 -3.49825 6.97095e+16 5.13514e+14 1260 162.8 113593 0 0 -0.04184 0 0 -14.3187 0 0 -101.775 0 0 
1571.9 0.0938466 -3.77586 -0.000684865 -3.49829 6.80591e+16 5.26922e+14 1260 162.8 113524 0 0 -0.04184 0 0 -14.3182 0 0 -101.775 0 0 
1571.95 0.0944713 -3.77523 -0.000684871 -3.49833 6.64484e+16 5.40651e+14 1260 162.8 113456 0 0 -0.04184 0 0 -14.3177 0 0 -101.776 0 0 
1572.01 0.0950957 -3.77461 -0.000684877 -3.49837 6.48763e+16 5.54708e+14 1260 162.8 113391 0 0 -0.04184 0 0 -14.3171 0 0 -101.776 0 0 
1572.06 0.0957197 -3.77398 -0.000684883 -3.49841 6.33421e+16 5.69101e+14 1260 162.8 113327 0 0 -0.04184 0 0 -14.3166 0 0 -101.777 0 0 
1572.12 0.0963433 -3.77336 -0.000684889 -3.49844 6.18446e+16 5.83837e+14 1260 162.8 113264 0 0 -0.04184 0 0 -14.316 0 0 -101.777 0 0 
1572.17 0.0969666 -3.77274 -0.000684895 -3.49848 6.0383e+16 5.98925e+14 1260 162.8 113203 0 0 -0.04184 0 0 -14.3155 0 0 -101.778 0 0 
1572.23 0.0975896 -3.77211 -0.000684902 -3.49851 5.89565e+16 6.14374e+14 1260 162.8 113144 0 0 -0.04184 0 0 -14.3149 0 0 -101.779 0 0 
1572.28 0.0982122 -3.77149 -0.000684909 -3.49855 5.75641e+16 6.30192e+14 1260 162.8 113086 0 0 -0.04184 0 0 -14.3143 0 0 -101.779 0 0 
1572.34 0.0988345 -3.77087 -0.000684916 -3.49858 5.62051e+16 6.46387e+14 1260 162.8 113029 0 0 -0.04184 0 0 -14.3137 0 0 -101.78 0 0 
1572.39 0.0994566 -3.77025 -0.000684923 -3.49862 5.48785e+16 6.62969e+14 1260 162.8 112974 0 0 -0.04184 0 0 -14.313 0 0 -101.78 0 0 
1572.45 0.100078 -3.76963 -0.00068493 -3.49865 5.35837e+16 6.79947e+14 1260 162.8 112920 0 0 -0.04184 0 0 -14.3124 0 0 -101.781 0 0 
1572.5 0.1007 -3.769 -0.000684937 -3.49868 5.23198e+16 6.9733e+14 1260 162.8 112867 0 0 -0.04184 0 0 -14.3117 0 0 -101.782 0 0 
1572.56 0.101321 -3.76838 -0.000684945 -3.49871 5.1086e+16 7.15128e+14 1260 162.8 112816 0 0 -0.04184 0 0 -14.3111 0 0 -101.782 0 0 
1572.61 0.101942 -3.76776 -0.000684952 -3.49874 4.98817e+16 7.33351e+14 1260 162.8 112766 0 0 -0.04184 0 0 -14.3104 0 0 -101.783 0 0 
1572.67 0.102562 -3.76714 -0.00068496 -3.49877 4.87061e+16 7.5201e+14 1260 162.8 112718 0 0 -0.04184 0 0 -14.3097 0 0 -101.784 0 0 
1572.72 0.103183 -3.76652 -0.000684968 -3.4988 4.75585e+16 7.71113e+14 1260 162.8 112670 0 0 -0.04184 0 0 -14.3089 0 0 -101.784 0 0 
1572.78 0.103803 -3.7659 -0.000684977 -3.49882 4.64383e+16 7.90673e+14 1260 162.8 112624 0 0 -0.04184 0 0 -14.3082 0 0 -101.785 0 0 
1572.83 0.104423 -3.76528 -0.000684985 -3.49885 4.53447e+16 8.107e+14 1260 162.8 112579 0 0 -0.04184 0 0 -14.3074 0 0 -101.786 0 0 
1572.89 0.105042 -3.76466 -0.000684994 -3.49888 4.42771e+16 8.31205e+14 1260 162.8 112535 0 0 -0.04184 0 0 -14.3066 0 0 -101.787 0 0 
1572.94 0.105661 -3.76404 -0.000685003 -3.4989 4.3235e+16 8.52199e+14 1260 162.8 112492 0 0 -0.04184 0 0 -14.3058 0 0 -101.788 0 0 
1573 0.106281 -3.76342 -0.000685012 -3.49893 4.22176e+16 8.73694e+14 1260 162.8 112470 0 0 -0.04184 0 0 -14.3054 0 0 -101.788 0 0 
1573 0.106281 -3.76342 -0.000685012 -3.49893 4.22176e+16 8.73694e+14 1260 162.8 112427 0 0 -0.04184 0 0 -14.3045 0 0 -101.789 0 0 
1573.06 0.106967 -3.76274 -0.000685022 -3.49895 4.11173e+16 8.98137e+14 1260 162.8 112405 0 0 -0.04184 0 0 -14.3041 0 0 -101.789 0 0 
1573.13 0.107773 -3.76193 -0.000685035 -3.49898 3.98617e+16 9.27683e+14 1260 162.8 112353 0 0 -0.04184 0 0 -14.3029 0 0 -101.79 0 0 
1573.22 0.10872 -3.76098 -0.00068505 -3.49902 3.84358e+16 9.63575e+14 1260 162.8 112295 0 0 -0.04184 0 0 -14.3016 0 0 -101.792 0 0 
1573.32 0.109831 -3.75987 -0.000685069 -3.49906 3.68261e+16 1.00743e+15 1260 162.8 112229 0 0 -0.04184 0 0 -14.2999 0 0 -101.794 0 0 
1573.43 0.111136 -3.75857 -0.000685092 -3.4991 3.50217e+16 1.06139e+15 1260 162.8 112156 0 0 -0.04184 0 0 -14.2978 0 0 -101.796 0 0 
1573.57 0.112668 -3.75704 -0.00068512 -3.49915 3.30152e+16 1.12832e+15 1260 162.8 112074 0 0 -0.04184 0 0 -14.2953 0 0 -101.798 0 0 
1573.73 0.114467 -3.75524 -0.000685156 -3.4992 3.08053e+16 1.21212e+15 1260 162.8 111986 0 0 -0.04184 0 0 -14.2921 0 0 -101.801 0 0 
1573.92 0.116578 -3.75313 -0.000685201 -3.49926 2.83985e+16 1.31823e+15 1260 162.8 111890 0 0 -0.04184 0 0 -14.288 0 0 -101.805 0 0 
1574.14 0.119057 -3.75065 -0.000685259 -3.49933 2.58113e+16 1.45436e+15 1260 162.8 111788 0 0 -0.04184 0 0 -14.2829 0 0 -101.811 0 0 
1574.4 0.121965 -3.74774 -0.000685334 -3.49939 2.30728e+16 1.63171e+15 1260 162.8 111682 0 0 -0.04184 0 0 -14.2762 0 0 -101.817 0 0 
1574.71 0.12538 -3.74432 -0.000685434 -3.49946 2.02259e+16 1.867e+15 1260 162.8 111574 0 0 -0.04184 0 0 -14.2675 0 0 -101.826 0 0 
1575.07 0.129387 -3.74032 -0.000685569 -3.49953 1.73282e+16 2.18587e+15 1260 162.8 111469 0 0 -0.04184 0 0 -14.2559 0 0 -101.837 0 0 
1575.49 0.13409 -3.73561 -0.000685757 -3.4996 1.44511e+16 2.62898e+15 1260 162.8 111370 0 0 -0.04184 0 0 -14.2404 0 0 -101.853 0 0 
1575.98 0.139612 -3.73009 -0.000686024 -3.49966 1.16762e+16 3.26319e+15 1260 162.8 111286 0 0 -0.04184 0 0 -14.2195 0 0 -101.874 0 0 
1576.57 0.146094 -3.72361 -0.000686419 -3.49972 9.08963e+15 4.203e+15 1260 162.8 111225 0 0 -0.04184 0 0 -14.1917 0 0 -101.902 0 0 
1577.25 0.153707 -3.716 -0.000687025 -3.49978 6.77305e+15 5.65389e+15 1260 162.8 111199 0 0 -0.04184 0 0 -14.1557 0 0 -101.938 0 0 
1578.06 0.16265 -3.70705 -0.000687999 -3.49982 4.79334e+15 8.00478e+15 1260 162.8 111230 0 0 -0.04184 0 0 -14.1126 0 0 -101.981 0 0 
1579 0.173164 -3.69654 -0.000689651 -3.49986 3.19214e+15 1.20383e+16 1260 162.8 111266 0 0 -0.04184 0 0 -14.0876 0 0 -102.006 0 0 
1579 0.241805 -3.72022 -0.000689651 -3.49986 2.32261e+14 4.99606e+15 1200 153.5 385322 0 0 -0.0457275 0 0 -8.67165 0 0 -107.422 0 0 
1580.01 0.280765 -3.68126 -0.000721805 -3.49989 5.13976e+13 2.25716e+16 1200 153.5 306223 0 0 -0.0457275 0 0 -7.42513 0 0 -108.668 0 0 
1581.02 0.30373 -3.6583 -0.000811484 -3.4999 2.10692e+13 5.4872e+16 1200 153.5 188604 0 0 -0.0457275 0 0 -5.66666 0 0 -110.427 0 0 
1582.03 0.318905 -3.64312 -0.000977243 -3.49991 1.16394e+13 9.86544e+16 1200 153.5 127906 0 0 -0.0457275 0 0 -4.87181 0 0 -111.222 0 0 
1583.04 0.329595 -3.63243 -0.00122782 -3.49991 7.62318e+12 1.49093e+17 1200 153.5 91419.9 0 0 -0.0457275 0 0 -4.40362 0 0 -111.69 0 0 
1584.06 0.337392 -3.62464 -0.00156423 -3.49992 5.56546e+12 2.01449e+17 1200 153.5 67224.8 0 0 -0.0457275 0 0 -4.08305 0 0 -112.01 0 0 
1585.07 0.34319 -3.61884 -0.0019819 -3.49992 4.37616e+12 2.51931e+17 1200 153.5 50215.6 0 0 -0.0457275 0 0 -3.8414 0 0 -112.252 0 0 
1586.08 0.347547 -3.61448 -0.00247272 -3.49992 3.62783e+12 2.98009e+17 1200 153.5 37842.5 0 0 -0.0457275 0 0 -3.64684 0 0 -112.447 0 0 
1587.09 0.350842 -3.61119 -0.00302694 -3.49992 3.12594e+12 3.38349e+17 1200 153.5 28660.9 0 0 -0.0457275 0 0 -3.48267 0 0 -112.611 0 0 
1588.1 0.353343 -3.60869 -0.00363449 -3.49992 2.77182e+12 3.72552e+17 1200 153.5 21768.6 0 0 -0.0457275 0 0 -3.33931 0 0 -112.754 0 0 
1589.11 0.355244 -3.60679 -0.00428591 -3.49992 2.51118e+12 4.00846e+17 1200 153.5 16560.2 0 0 -0.0457275 0 0 -3.21089 0 0 -112.883 0 0 
1590.12 0.356692 -3.60534 -0.00497278 -3.49993 2.31219e+12 4.2381e+17 1200 153.5 12609.1 0 0 -0.0457275 0 0 -3.09365 0 0 -113 0 0 
1591.13 0.357794 -3.60424 -0.00568792 -3.49993 2.15521e+12 4.42179e+17 1200 153.5 9605.14 0 0 -0.0457275 0 0 -2.98505 0 0 -113.108 0 0 
1592.14 0.358634 -3.6034 -0.00642536 -3.49993 2.02764e+12 4.56706e+17 1200 153.5 7318.47 0 0 -0.0457275 0 0 -2.88338 0 0 -113.21 0 0 
1593.16 0.359274 -3.60276 -0.00718025 -3.49993 1.92114e+12 4.68097e+17 1200 153.5 5576.56 0 0 -0.0457275 0 0 -2.78739 0 0 -113.306 0 0 
1594.17 0.359762 -3.60227 -0.00794873 -3.49993 1.83002e+12 4.7697e+17 1200 153.5 4249.1 0 0 -0.0457275 0 0 -2.69621 0 0 -113.397 0 0 
1595.18 0.360133 -3.6019 -0.00872773 -3.49993 1.75036e+12 4.83847e+17 1200 153.5 3237.26 0 0 -0.0457275 0 0 -2.60918 0 0 -113.484 0 0 
1596.19 0.360416 -3.60161 -0.00951485 -3.49993 1.67938e+12 4.89155e+17 1200 153.5 2465.91 0 0 -0.0457275 0 0 -2.52581 0 0 -113.568 0 0 
1597.2 0.360632 -3.6014 -0.0103082 -3.49993 1.6151e+12 4.93242e+17 1200 153.5 1877.85 0 0 -0.0457275 0 0 -2.44573 0 0 -113.648 0 0 
1598.21 0.360796 -3.60123 -0.0111064 -3.49993 1.55608e+12 4.9638e+17 1200 153.5 1429.51 0 0 -0.0457275 0 0 -2.36864 0 0 -113.725 0 0 
1599.22 0.360921 -3.60111 -0.0119083 -3.49993 1.50128e+12 4.98786e+17 1200 153.5 1087.69 0 0 -0.0457275 0 0 -2.29432 0 0 -113.799 0 0 
1600.23 0.361016 -3.60101 -0.0127129 -3.49994 1.44993e+12 5.00628e+17 1200 153.5 827.087 0 0 -0.0457275 0 0 -2.22258 0 0 -113.871 0 0 
1601.24 0.361088 -3.60094 -0.0135198 -3.49994 1.40146e+12 5.02036e+17 1200 153.5 628.396 0 0 -0.0457275 0 0 -2.15327 0 0 -113.94 0 0 
1602.26 0.361143 -3.60089 -0.0143283 -3.49994 1.35543e+12 5.03113e+17 1200 153.5 476.912 0 0 -0.0457275 0 0 -2.08626 0 0 -114.007 0 0 
1603.27 0.361185 -3.60084 -0.0151381 -3.49994 1.31152e+12 5.03936e+17 1200 153.5 361.418 0 0 -0.0457275 0 0 -2.02143 0 0 -114.072 0 0 
1604.28 0.361216 -3.60081 -0.0159489 -3.49994 1.26948e+12 5.04564e+17 1200 153.5 273.363 0 0 -0.0457275 0 0 -1.95869 0 0 -114.135 0 0 
1605.29 0.36124 -3.60079 -0.0167604 -3.49994 1.22911e+12 5.05043e+17 1200 153.5 206.229 0 0 -0.0457275 0 0 -1.89796 0 0 -114.195 0 0 
1606.3 0.361258 -3.60077 -0.0175726 -3.49994 1.19027e+12 5.05409e+17 1200 153.5 155.045 0 0 -0.0457275 0 0 -1.83915 0 0 -114.254 0 0 
1607.31 0.361271 -3.60076 -0.0183852 -3.49994 1.15284e+12 5.05688e+17 1200 153.5 116.021 0 0 -0.0457275 0 0 -1.78219 0 0 -114.311 0 0 
1608.32 0.361281 -3.60075 -0.0191981 -3.49994 1.11672e+12 5.059e+17 1200 153.5 86.2685 0 0 -0.0457275 0 0 -1.72702 0 0 -114.366 0 0 
1609.33 0.361289 -3.60074 -0.0200114 -3.49994 1.08183e+12 5.06063e+17 1200 153.5 63.5841 0 0 -0.0457275 0 0 -1.67358 0 0 -114.42 0 0 
1610.34 0.361294 -3.60074 -0.0208248 -3.49994 1.0481e+12 5.06186e+17 1200 153.5 46.2887 0 0 -0.0457275 0 0 -1.62181 0 0 -114.472 0 0 
1611.36 0.361298 -3.60073 -0.0216385 -3.49995 1.01547e+12 5.06281e+17 1200 153.5 33.1019 0 0 -0.0457275 0 0 -1.57165 0 0 -114.522 0 0 
1612.37 0.361301 -3.60073 -0.0224523 -3.49995 9.83895e+11 5.06353e+17 1200 153.5 23.0475 0 0 -0.0457275 0 0 -1.52305 0 0 -114.57 0 0 
1613.38 0.361303 -3.60073 -0.0232663 -3.49995 9.5333e+11 5.06408e+17 1200 153.5 15.3813 0 0 -0.0457275 0 0 -1.47596 0 0 -114.617 0 0 
1614.39 0.361304 -3.60073 -0.0240803 -3.49995 9.23734e+11 5.06449e+17 1200 153.5 9.53578 0 0 -0.0457275 0 0 -1.43033 0 0 -114.663 0 0 
1615.4 0.361305 -3.60072 -0.0248945 -3.49995 8.95072e+11 5.06481e+17 1200 153.5 5.07848 0 0 -0.0457275 0 0 -1.38612 0 0 -114.707 0 0 
1616.41 0.361305 -3.60072 -0.0257088 -3.49995 8.67308e+11 5.06506e+17 1200 153.5 1.67956 0 0 -0.0457275 0 0 -1.34328 0 0 -114.75 0 0 
1617.42 0.361305 -3.60072 -0.0265231 -3.49995 8.40412e+11 5.06524e+17 1200 153.5 -0.912453 0 0 -0.0457275 0 0 -1.30177 0 0 -114.792 0 0 
1618.43 0.361305 -3.60072 -0.0273376 -3.49995 8.14355e+11 5.06538e+17 1200 153.5 -2.88924 0 0 -0.0457275 0 0 -1.26154 0 0 -114.832 0 0 
1619.44 0.361305 -3.60072 -0.0281521 -3.49995 7.89108e+11 5.06549e+17 1200 153.5 -4.39695 0 0 -0.0457275 0 0 -1.22256 0 0 -114.871 0 0 
1620.46 0.361304 -3.60073 -0.0289667 -3.49995 7.64645e+11 5.06557e+17 1200 153.5 -5.54704 0 0 -0.0457275 0 0 -1.1848 0 0 -114.909 0 0 
1621.47 0.361303 -3.60073 -0.0297814 -3.49996 7.40941e+11 5.06564e+17 1200 153.5 -6.42445 0 0 -0.0457275 0 0 -1.1482 0 0 -114.945 0 0 
1622.48 0.361303 -3.60073 -0.0305963 -3.49996 7.17971e+11 5.06568e+17 1200 153.5 -7.09397 0 0 -0.0457275 0 0 -1.11274 0 0 -114.981 0 0 
1623.49 0.361302 -3.60073 -0.0314112 -3.49996 6.95712e+11 5.06572e+17 1200 153.5 -7.60497 0 0 -0.0457275 0 0 -1.07837 0 0 -115.015 0 0 
1624.5 0.361301 -3.60073 -0.0322262 -3.49996 6.74142e+11 5.06575e+17 1200 153.5 -7.99511 0 0 -0.0457275 0 0 -1.04507 0 0 -115.048 0 0 
1625.51 0.3613 -3.60073 -0.0330413 -3.49996 6.53238e+11 5.06577e+17 1200 153.5 -8.2931 0 0 -0.0457275 0 0 -1.01281 0 0 -115.081 0 0 
1626.52 0.361299 -3.60073 -0.0338566 -3.49996 6.3298e+11 5.06578e+17 1200 153.5 -8.52078 0 0 -0.0457275 0 0 -0.981542 0 0 -115.112 0 0 
1627.53 0.361299 -3.60073 -0.0346719 -3.49996 6.13349e+11 5.0658e+17 1200 153.5 -8.69484 0 0 -0.0457275 0 0 -0.951246 0 0 -115.142 0 0 
1628.54 0.361298 -3.60073 -0.0354874 -3.49996 5.94323e+11 5.06581e+17 1200 153.5 -8.82802 0 0 -0.0457275 0 0 -0.92189 0 0 -115.172 0 0 
1629.56 0.361297 -3.60073 -0.036303 -3.49996 5.75885e+11 5.06581e+17 1200 153.5 -8.93001 0 0 -0.0457275 0 0 -0.893445 0 0 -115.2 0 0 
1630.57 0.361296 -3.60073 -0.0371188 -3.49996 5.58016e+11 5.06582e+17 1200 153.5 -9.00821 0 0 -0.0457275 0 0 -0.865882 0 0 -115.228 0 0 
1631.58 0.361295 -3.60073 -0.0379348 -3.49996 5.40698e+11 5.06582e+17 1200 153.5 -9.06826 0 0 -0.0457275 0 0 -0.839175 0 0 -115.254 0 0 
1632.59 0.361294 -3.60074 -0.0387509 -3.49997 5.23915e+11 5.06583e+17 1200 153.5 -9.11445 0 0 -0.0457275 0 0 -0.813296 0 0 -115.28 0 0 
1633.6 0.361293 -3.60074 -0.0395671 -3.49997 5.07649e+11 5.06583e+17 1200 153.5 -9.15008 0 0 -0.0457275 0 0 -0.788221 0 0 -115.305 0 0 
1634.61 0.361292 -3.60074 -0.0403836 -3.49997 4.91884e+11 5.06583e+17 1200 153.5 -9.17764 0 0 -0.0457275 0 0 -0.763924 0 0 -115.329 0 0 
1635.62 0.361291 -3.60074 -0.0412003 -3.49997 4.76606e+11 5.06583e+17 1200 153.5 -9.19905 0 0 -0.0457275 0 0 -0.740382 0 0 -115.353 0 0 
1636.63 0.36129 -3.60074 -0.0420171 -3.49997 4.61798e+11 5.06583e+17 1200 153.5 -9.21574 0 0 -0.0457275 0 0 -0.717572 0 0 -115.376 0 0 
1637.64 0.361289 -3.60074 -0.0428342 -3.49997 4.47446e+11 5.06583e+17 1200 153.5 -9.22882 0 0 -0.0457275 0 0 -0.69547 0 0 -115.398 0 0 
1638.66 0.361289 -3.60074 -0.0436516 -3.49997 4.33537e+11 5.06583e+17 1200 153.5 -9.23915 0 0 -0.0457275 0 0 -0.674055 0 0 -115.419 0 0 
1639.67 0.361288 -3.60074 -0.0444692 -3.49997 4.20056e+11 5.06583e+17 1200 153.5 -9.24737 0 0 -0.0457275 0 0 -0.653306 0 0 -115.44 0 0 
1640.68 0.361287 -3.60074 -0.045287 -3.49997 4.06989e+11 5.06583e+17 1200 153.5 -9.25397 0 0 -0.0457275 0 0 -0.633202 0 0 -115.46 0 0 
1641.69 0.361286 -3.60074 -0.0461052 -3.49997 3.94325e+11 5.06583e+17 1200 153.5 -9.25932 0 0 -0.0457275 0 0 -0.613724 0 0 -115.48 0 0 
1642.7 0.361285 -3.60074 -0.0469237 -3.49997 3.8205e+11 5.06583e+17 1200 153.5 -9.26371 0 0 -0.0457275 0 0 -0.594852 0 0 -115.499 0 0 
1643.71 0.361284 -3.60075 -0.0477425 -3.49998 3.70153e+11 5.06583e+17 1200 153.5 -9.26733 0 0 -0.0457275 0 0 -0.576567 0 0 -115.517 0 0 
1644.72 0.361283 -3.60075 -0.0485616 -3.49998 3.58621e+11 5.06583e+17 1200 153.5 -9.27038 0 0 -0.0457275 0 0 -0.558852 0 0 -115.535 0 0 
1645.73 0.361282 -3.60075 -0.0493811 -3.49998 3.47443e+11 5.06583e+17 1200 153.5 -9.27298 0 0 -0.0457275 0 0 -0.541689 0 0 -115.552 0 0 
1646.74 0.361281 -3.60075 -0.0502011 -3.49998 3.36609e+11 5.06583e+17 1200 153.5 -9.27523 0 0 -0.0457275 0 0 -0.525061 0 0 -115.568 0 0 
1647.76 0.36128 -3.60075 -0.0510214 -3.49998 3.26107e+11 5.06583e+17 1200 153.5 -9.27721 0 0 -0.0457275 0 0 -0.508952 0 0 -115.584 0 0 
1648.77 0.361279 -3.60075 -0.0518422 -3.49998 3.15927e+11 5.06583e+17 1200 153.5 -9.27898 0 0 -0.0457275 0 0 -0.493345 0 0 -115.6 0 0 
1649.78 0.361278 -3.60075 -0.0526635 -3.49998 3.06059e+11 5.06583e+17 1200 153.5 -9.28058 0 0 -0.0457275 0 0 -0.478226 0 0 -115.615 0 0 
1650.79 0.361277 -3.60075 -0.0534853 -3.49998 2.96494e+11 5.06583e+17 1200 153.5 -9.28204 0 0 -0.0457275 0 0 -0.463579 0 0 -115.63 0 0 
1651.8 0.361276 -3.60075 -0.0543076 -3.49998 2.87221e+11 5.06583e+17 1200 153.5 -9.28339 0 0 -0.0457275 0 0 -0.44939 0 0 -115.644 0 0 
1652.81 0.361275 -3.60075 -0.0551306 -3.49998 2.78233e+11 5.06583e+17 1200 153.5 -9.28465 0 0 -0.0457275 0 0 -0.435645 0 0 -115.658 0 0 
1653.82 0.361274 -3.60075 -0.0559541 -3.49998 2.69519e+11 5.06583e+17 1200 153.5 -9.28584 0 0 -0.0457275 0 0 -0.422331 0 0 -115.671 0 0 
1654.83 0.361274 -3.60076 -0.0567783 -3.49999 2.61071e+11 5.06583e+17 1200 153.5 -9.28697 0 0 -0.0457275 0 0 -0.409433 0 0 -115.684 0 0 
1655.84 0.361273 -3.60076 -0.0576033 -3.49999 2.52881e+11 5.06583e+17 1200 153.5 -9.28805 0 0 -0.0457275 0 0 -0.39694 0 0 -115.696 0 0 
1656.86 0.361272 -3.60076 -0.0584289 -3.49999 2.44941e+11 5.06583e+17 1200 153.5 -9.2891 0 0 -0.0457275 0 0 -0.384839 0 0 -115.709 0 0 
1657.87 0.361271 -3.60076 -0.0592554 -3.49999 2.37242e+11 5.06583e+17 1200 153.5 -9.29013 0 0 -0.0457275 0 0 -0.373118 0 0 -115.72 0 0 
1658.88 0.36127 -3.60076 -0.0600828 -3.49999 2.29779e+11 5.06583e+17 1200 153.5 -9.29114 0 0 -0.0457275 0 0 -0.361766 0 0 -115.732 0 0 
1659.89 0.361269 -3.60076 -0.060911 -3.49999 2.22542e+11 5.06583e+17 1200 153.5 -9.29215 0 0 -0.0457275 0 0 -0.350771 0 0 -115.743 0 0 
1660.9 0.361268 -3.60076 -0.0617402 -3.49999 2.15525e+11 5.06583e+17 1200 153.5 -9.29317 0 0 -0.0457275 0 0 -0.340122 0 0 -115.753 0 0 
1661.91 0.361267 -3.60076 -0.0625705 -3.49999 2.0872e+11 5.06583e+17 1200 153.5 -9.29421 0 0 -0.0457275 0 0 -0.32981 0 0 -115.764 0 0 
1662.92 0.361266 -3.60076 -0.0634019 -3.49999 2.02122e+11 5.06583e+17 1200 153.5 -9.29531 0 0 -0.0457275 0 0 -0.319823 0 0 -115.774 0 0 
1663.93 0.361265 -3.60076 -0.0642344 -3.49999 1.95724e+11 5.06583e+17 1200 153.5 -9.29648 0 0 -0.0457275 0 0 -0.310152 0 0 -115.783 0 0 
1664.94 0.361264 -3.60077 -0.0650682 -3.5 1.89519e+11 5.06583e+17 1200 153.5 -9.29776 0 0 -0.0457275 0 0 -0.300788 0 0 -115.793 0 0 
1665.96 0.361263 -3.60077 -0.0659034 -3.5 1.83501e+11 5.06583e+17 1200 153.5 -9.29918 0 0 -0.0457275 0 0 -0.29172 0 0 -115.802 0 0 
1666.97 0.361262 -3.60077 -0.0667399 -3.5 1.77664e+11 5.06583e+17 1200 153.5 -9.30081 0 0 -0.0457275 0 0 -0.282941 0 0 -115.81 0 0 
1667.98 0.361261 -3.60077 -0.067578 -3.5 1.72003e+11 5.06583e+17 1200 153.5 -9.30272 0 0 -0.0457275 0 0 -0.274442 0 0 -115.819 0 0 
1668.99 0.36126 -3.60077 -0.0684178 -3.5 1.66512e+11 5.06583e+17 1200 153.5 -9.30499 0 0 -0.0457275 0 0 -0.266213 0 0 -115.827 0 0 
1670 0.361259 -3.60077 -0.0692592 -3.5 1.61185e+11 5.06583e+17 1200 153.5 -9.30623 0 0 -0.0457275 0 0 -0.262165 0 0 -115.831 0 0 