# This file was generated by TiberCAD (GraceIO.C)
# Stores 1D nodal data in format suitable for Grace
# x	spontaneous_power_density_Px[W/eV/cm^2]	spontaneous_power_density_Py[W/eV/cm^2]	spontaneous_power_density_Pz[W/eV/cm^2]	stimulated_power_density_Px[W/eV/cm^2]	stimulated_power_density_Py[W/eV/cm^2]	stimulated_power_density_Pz[W/eV/cm^2]	gain_Px[-]	gain_Py[-]	gain_Pz[-]
3	0.0005830905089	0.03025891311	0.03053879977	-19.42267543	-36.19983673	-36.18051324	-0.001833103732	-0.003133510052	-0.003130009328	
3.001	0.0005848063408	0.03036100439	0.03064183812	-19.46625837	-36.27453868	-36.25513883	-0.001837314915	-0.003140501675	-0.00313699303	
3.002	0.000586529807	0.03046361418	0.03074539979	-19.50999289	-36.34949643	-36.33001997	-0.001841541032	-0.003147518689	-0.003144002104	
3.003	0.0005882609533	0.03056674599	0.03084948834	-19.55387974	-36.42471125	-36.40515795	-0.001845782154	-0.003154561225	-0.00315103668	
3.004	0.0005899998256	0.03067040338	0.03095410734	-19.59791964	-36.50018442	-36.48055403	-0.001850038355	-0.003161629416	-0.003158096891	
3.005	0.0005917464703	0.03077458993	0.03105926043	-19.64211331	-36.57591722	-36.55620949	-0.001854309708	-0.003168723393	-0.00316518287	
3.006	0.0005935009342	0.03087930925	0.03116495124	-19.6864615	-36.65191093	-36.63212562	-0.001858596287	-0.003175843292	-0.003172294751	
3.007	0.0005952632642	0.03098456499	0.03127118345	-19.73096494	-36.72816686	-36.70830373	-0.001862898166	-0.003182989248	-0.00317943267	
3.008	0.0005970335079	0.03109036083	0.03137796078	-19.77562438	-36.80468632	-36.78474512	-0.001867215419	-0.003190161395	-0.003186596761	
3.009	0.000598811713	0.03119670047	0.03148528697	-19.82044058	-36.88147063	-36.86145111	-0.001871548122	-0.003197359873	-0.003193787162	
3.01	0.0006005979276	0.03130358765	0.03159316579	-19.86541428	-36.9585211	-36.93842302	-0.001875896351	-0.003204584817	-0.003201004011	
3.011	0.0006023922003	0.03141102615	0.03170160105	-19.91054624	-37.03583908	-37.01566219	-0.001880260181	-0.003211836367	-0.003208247446	
3.012	0.00060419458	0.03151901977	0.03181059659	-19.95583724	-37.11342591	-37.09316996	-0.001884639689	-0.003219114663	-0.003215517607	
3.013	0.0006060051159	0.03162757235	0.03192015628	-20.00128803	-37.19128295	-37.17094769	-0.001889034952	-0.003226419845	-0.003222814635	
3.014	0.0006078238576	0.03173668776	0.03203028404	-20.0468994	-37.26941154	-37.24899673	-0.001893446048	-0.003233752055	-0.003230138672	
3.015	0.0006096508553	0.03184636991	0.03214098379	-20.09267211	-37.34781307	-37.32731845	-0.001897873054	-0.003241111435	-0.00323748986	
3.016	0.0006114861592	0.03195662272	0.03225225953	-20.13860696	-37.42648892	-37.40591424	-0.00190231605	-0.00324849813	-0.003244868343	
3.017	0.0006133298202	0.03206745018	0.03236411525	-20.18470473	-37.50544047	-37.48478548	-0.001906775114	-0.003255912284	-0.003252274265	
3.018	0.0006151818895	0.0321788563	0.032476555	-20.23096621	-37.58466912	-37.56393357	-0.001911250325	-0.003263354042	-0.003259707772	
3.019	0.0006170424187	0.03229084511	0.03258958286	-20.27739221	-37.66417628	-37.64335993	-0.001915741764	-0.003270823551	-0.003267169011	
3.02	0.0006189114596	0.03240342069	0.03270320295	-20.32398352	-37.74396338	-37.72306596	-0.001920249511	-0.00327832096	-0.00327465813	
3.021	0.0006207890648	0.03251658717	0.03281741942	-20.37074095	-37.82403183	-37.8030531	-0.001924773647	-0.003285846416	-0.003282175277	
3.022	0.000622675287	0.03263034868	0.03293223646	-20.41766532	-37.90438308	-37.88332277	-0.001929314254	-0.00329340007	-0.003289720602	
3.023	0.0006245701794	0.03274470941	0.03304765829	-20.46475745	-37.98501857	-37.96387644	-0.001933871413	-0.003300982072	-0.003297294255	
3.024	0.0006264737956	0.0328596736	0.03316368918	-20.51201815	-38.06593976	-38.04471555	-0.001938445208	-0.003308592574	-0.00330489639	
3.025	0.0006283861897	0.03297524549	0.03328033343	-20.55944826	-38.14714812	-38.12584157	-0.001943035721	-0.00331623173	-0.003312527158	
3.026	0.0006303074161	0.03309142939	0.03339759537	-20.6070486	-38.22864512	-38.20725598	-0.001947643037	-0.003323899693	-0.003320186715	
3.027	0.0006322375297	0.03320822964	0.03351547939	-20.65482003	-38.31043225	-38.28896026	-0.001952267238	-0.003331596619	-0.003327875214	
3.028	0.0006341765857	0.03332565061	0.0336339899	-20.70276337	-38.392511	-38.37095591	-0.001956908411	-0.003339322663	-0.003335592813	
3.029	0.0006361246401	0.03344369671	0.03375313135	-20.75087949	-38.4748829	-38.45324444	-0.001961566639	-0.003347077984	-0.003343339669	
3.03	0.0006380817488	0.0335623724	0.03387290824	-20.79916924	-38.55754945	-38.53582737	-0.00196624201	-0.003354862739	-0.00335111594	
3.031	0.0006400479686	0.03368168217	0.03399332511	-20.84763347	-38.64051218	-38.61870622	-0.001970934608	-0.003362677089	-0.003358921785	
3.032	0.0006420233566	0.03380163055	0.03411438653	-20.89627305	-38.72377263	-38.70188253	-0.001975644523	-0.003370521194	-0.003366757367	
3.033	0.0006440079702	0.03392222213	0.03423609712	-20.94508886	-38.80733235	-38.78535786	-0.001980371839	-0.003378395216	-0.003374622846	
3.034	0.0006460018674	0.03404346151	0.03435846153	-20.99408177	-38.89119291	-38.86913376	-0.001985116647	-0.003386299318	-0.003382518386	
3.035	0.0006480051068	0.03416535336	0.03448148448	-21.04325267	-38.97535587	-38.9532118	-0.001989879034	-0.003394233665	-0.003390444151	
3.036	0.0006500177471	0.03428790236	0.03460517069	-21.09260243	-39.05982282	-39.03759357	-0.001994659089	-0.003402198422	-0.003398400307	
3.037	0.0006520398478	0.03441111327	0.03472952496	-21.14213196	-39.14459535	-39.12228065	-0.001999456902	-0.003410193755	-0.00340638702	
3.038	0.0006540714687	0.03453499087	0.03485455211	-21.19184216	-39.22967506	-39.20727467	-0.002004272564	-0.003418219833	-0.003414404458	
3.039	0.0006561126701	0.03465953998	0.03498025702	-21.24173392	-39.31506358	-39.29257721	-0.002009106166	-0.003426276824	-0.003422452791	
3.04	0.0006581635129	0.03478476548	0.0351066446	-21.29180817	-39.40076252	-39.37818993	-0.002013957799	-0.0034343649	-0.003430532188	
3.041	0.0006602240583	0.03491067228	0.03523371982	-21.34206581	-39.48677353	-39.46411445	-0.002018827555	-0.003442484231	-0.003438642822	
3.042	0.0006622943681	0.03503726535	0.03536148769	-21.39250778	-39.57309826	-39.55035242	-0.002023715526	-0.00345063499	-0.003446784864	
3.043	0.0006643745047	0.03516454968	0.03548995324	-21.44313499	-39.65973837	-39.63690551	-0.002028621807	-0.003458817352	-0.00345495849	
3.044	0.0006664645307	0.03529253034	0.0356191216	-21.49394839	-39.74669554	-39.72377539	-0.002033546491	-0.003467031491	-0.003463163874	
3.045	0.0006685645095	0.03542121242	0.03574899789	-21.54494892	-39.83397145	-39.81096375	-0.002038489673	-0.003475277585	-0.003471401193	
3.046	0.0006706745049	0.03555060106	0.03587958732	-21.59613752	-39.92156779	-39.89847227	-0.002043451447	-0.003483555811	-0.003479670626	
3.047	0.0006727945813	0.03568070147	0.03601089512	-21.64751514	-40.00948628	-39.98630268	-0.00204843191	-0.003491866349	-0.003487972351	
3.048	0.0006749248033	0.03581151887	0.03614292659	-21.69908275	-40.09772865	-40.07445669	-0.002053431159	-0.003500209379	-0.003496306549	
3.049	0.0006770652365	0.03594305855	0.03627568705	-21.75084131	-40.18629661	-40.16293604	-0.002058449289	-0.003508585083	-0.003504673402	
3.05	0.0006792159467	0.03607532587	0.03640918191	-21.80279179	-40.27519193	-40.25174248	-0.002063486399	-0.003516993644	-0.003513073093	
3.051	0.0006813770004	0.03620832619	0.03654341659	-21.85493518	-40.36441636	-40.34087776	-0.002068542588	-0.003525435247	-0.003521505807	
3.052	0.0006835484645	0.03634206496	0.03667839658	-21.90727244	-40.45397167	-40.43034365	-0.002073617954	-0.003533910078	-0.00352997173	
3.053	0.0006857304066	0.03647654767	0.03681412743	-21.95980459	-40.54385965	-40.52014194	-0.002078712597	-0.003542418325	-0.003538471049	
3.054	0.0006879228947	0.03661177986	0.03695061472	-22.01253261	-40.6340821	-40.61027443	-0.002083826617	-0.003550960175	-0.003547003954	
3.055	0.0006901259975	0.03674776711	0.03708786409	-22.0654575	-40.72464082	-40.70074292	-0.002088960115	-0.00355953582	-0.003555570634	
3.056	0.0006923397841	0.03688451508	0.03722588125	-22.11858029	-40.81553764	-40.79154925	-0.002094113193	-0.00356814545	-0.003564171281	
3.057	0.0006945643244	0.03702202945	0.03736467194	-22.17190198	-40.9067744	-40.88269524	-0.002099285954	-0.00357678926	-0.003572806088	
3.058	0.0006967996888	0.03716031597	0.03750424196	-22.2254236	-40.99835295	-40.97418275	-0.0021044785	-0.003585467443	-0.00358147525	
3.059	0.000699045948	0.03729938046	0.03764459717	-22.27914618	-41.09027515	-41.06601364	-0.002109690935	-0.003594180195	-0.003590178962	
3.06	0.0007013031737	0.03743922876	0.03778574349	-22.33307077	-41.18254287	-41.15818979	-0.002114923363	-0.003602927714	-0.003598917422	
3.061	0.000703571438	0.03757986679	0.03792768688	-22.38719839	-41.27515802	-41.25071308	-0.00212017589	-0.003611710198	-0.00360769083	
3.062	0.0007058508135	0.03772130052	0.03807043336	-22.44153011	-41.3681225	-41.34358544	-0.002125448622	-0.003620527849	-0.003616499385	
3.063	0.0007081413736	0.03786353599	0.03821398903	-22.49606699	-41.46143821	-41.43680876	-0.002130741664	-0.003629380868	-0.00362534329	
3.064	0.0007104431922	0.03800657926	0.03835836002	-22.55081008	-41.55510711	-41.53038499	-0.002136055125	-0.003638269458	-0.003634222748	
3.065	0.0007127563439	0.03815043648	0.03850355252	-22.60576047	-41.64913113	-41.62431607	-0.002141389113	-0.003647193825	-0.003643137964	
3.066	0.0007150809037	0.03829511386	0.03864957281	-22.66091922	-41.74351224	-41.71860397	-0.002146743735	-0.003656154175	-0.003652089145	
3.067	0.0007174169476	0.03844061765	0.03879642718	-22.71628744	-41.83825241	-41.81325066	-0.002152119102	-0.003665150717	-0.003661076499	
3.068	0.0007197645519	0.03858695417	0.03894412203	-22.77186621	-41.93335364	-41.90825813	-0.002157515323	-0.00367418366	-0.003670100237	
3.069	0.0007221237937	0.0387341298	0.0390926638	-22.82765663	-42.02881793	-42.00362838	-0.00216293251	-0.003683253216	-0.003679160569	
3.07	0.0007244947508	0.03888215098	0.03924205897	-22.88365982	-42.1246473	-42.09936345	-0.002168370775	-0.003692359597	-0.003688257708	
3.071	0.0007268775015	0.03903102422	0.03939231412	-22.93987689	-42.22084378	-42.19546536	-0.002173830229	-0.003701503018	-0.00369739187	
3.072	0.0007292721248	0.03918075608	0.03954343588	-22.99630896	-42.31740944	-42.29193616	-0.002179310987	-0.003710683696	-0.00370656327	
3.073	0.0007316787005	0.03933135319	0.03969543093	-23.05295717	-42.41434633	-42.38877793	-0.002184813161	-0.003719901849	-0.003715772127	
3.074	0.000734097309	0.03948282225	0.03984830603	-23.10982265	-42.51165654	-42.48599273	-0.002190336868	-0.003729157696	-0.003725018661	
3.075	0.0007365280313	0.03963517001	0.040002068	-23.16690656	-42.60934216	-42.58358268	-0.002195882222	-0.003738451459	-0.003734303093	
3.076	0.0007389709492	0.0397884033	0.04015672374	-23.22421004	-42.70740531	-42.68154988	-0.00220144934	-0.003747783361	-0.003743625646	
3.077	0.0007414261451	0.03994252901	0.04031228019	-23.28173427	-42.80584812	-42.77989646	-0.00220703834	-0.003757153626	-0.003752986546	
3.078	0.0007438937022	0.0400975541	0.04046874438	-23.3394804	-42.90467273	-42.87862457	-0.002212649338	-0.003766562482	-0.003762386018	
3.079	0.0007463737045	0.04025348559	0.04062612341	-23.39744963	-43.00388131	-42.97773638	-0.002218282455	-0.003776010156	-0.003771824291	
3.08	0.0007488662364	0.04041033059	0.04078442442	-23.45564313	-43.10347603	-43.07723405	-0.002223937809	-0.003785496879	-0.003781301596	
3.081	0.0007513713834	0.04056809625	0.04094365466	-23.5140621	-43.20345909	-43.17711978	-0.002229615521	-0.003795022883	-0.003790818165	
3.082	0.0007538892314	0.04072678981	0.04110382143	-23.57270774	-43.30383269	-43.27739578	-0.002235315712	-0.003804588402	-0.003800374232	
3.083	0.0007564198673	0.04088641857	0.04126493209	-23.63158127	-43.40459908	-43.37806429	-0.002241038505	-0.003814193671	-0.003809970031	
3.084	0.0007589633786	0.04104698993	0.04142699411	-23.6906839	-43.50576049	-43.47912755	-0.002246784023	-0.003823838928	-0.003819605802	
3.085	0.0007615198536	0.04120851132	0.041590015	-23.75001687	-43.60731918	-43.58058782	-0.002252552389	-0.003833524413	-0.003829281784	
3.086	0.0007640893814	0.04137099028	0.04175400236	-23.8095814	-43.70927744	-43.68244738	-0.002258343728	-0.003843250366	-0.003838998217	
3.087	0.0007666720519	0.04153443441	0.04191896386	-23.86937875	-43.81163756	-43.78470853	-0.002264158165	-0.003853017031	-0.003848755346	
3.088	0.0007692679556	0.04169885137	0.04208490724	-23.92941016	-43.91440187	-43.88737358	-0.002269995828	-0.003862824653	-0.003858553415	
3.089	0.000771877184	0.04186424894	0.04225184034	-23.9896769	-44.01757268	-43.99044487	-0.002275856844	-0.003872673479	-0.003868392672	
3.09	0.0007744998294	0.04203063493	0.04241977106	-24.05018024	-44.12115236	-44.09392474	-0.00228174134	-0.003882563758	-0.003878273367	
3.091	0.0007771359846	0.04219801727	0.04258870737	-24.11092146	-44.22514328	-44.19781558	-0.002287649447	-0.003892495742	-0.003888195749	
3.092	0.0007797857437	0.04236640392	0.04275865735	-24.17190185	-44.32954781	-44.30211976	-0.002293581293	-0.003902469683	-0.003898160073	
3.093	0.0007824492012	0.04253580297	0.04292962913	-24.2331227	-44.43436838	-44.4068397	-0.00229953701	-0.003912485837	-0.003908166594	
3.094	0.0007851264526	0.04270622257	0.04310163095	-24.29458532	-44.53960739	-44.51197782	-0.002305516731	-0.00392254446	-0.003918215569	
3.095	0.0007878175943	0.04287767095	0.04327467111	-24.35629104	-44.64526731	-44.61753656	-0.002311520587	-0.003932645813	-0.003928307258	
3.096	0.0007905227235	0.04305015642	0.04344875801	-24.41824116	-44.75135059	-44.72351839	-0.002317548713	-0.003942790157	-0.003938441922	
3.097	0.0007932419382	0.04322368739	0.04362390013	-24.48043703	-44.85785971	-44.82992579	-0.002323601243	-0.003952977755	-0.003948619825	
3.098	0.0007959753374	0.04339827235	0.04380010603	-24.54288	-44.96479719	-44.93676126	-0.002329678314	-0.003963208872	-0.003958841232	
3.099	0.0007987230208	0.04357391985	0.04397738436	-24.6055714	-45.07216553	-45.04402734	-0.002335780061	-0.003973483778	-0.003969106412	
3.1	0.0008014850891	0.04375063858	0.04415574387	-24.66851261	-45.17996729	-45.15172655	-0.002341906622	-0.003983802741	-0.003979415635	
3.101	0.000804261644	0.04392843727	0.04433519338	-24.731705	-45.28820502	-45.25986146	-0.002348058137	-0.003994166034	-0.003989769174	
3.102	0.0008070527879	0.04410732476	0.04451574181	-24.79514996	-45.39688131	-45.36843467	-0.002354234745	-0.004004573931	-0.004000167302	
3.103	0.0008098586242	0.04428730998	0.04469739818	-24.85884886	-45.50599876	-45.47744876	-0.002360436585	-0.004015026709	-0.004010610297	
3.104	0.0008126792573	0.04446840196	0.0448801716	-24.92280311	-45.61556	-45.58690636	-0.002366663801	-0.004025524648	-0.004021098438	
3.105	0.0008155147924	0.0446506098	0.04506407126	-24.98701414	-45.72556767	-45.69681013	-0.002372916534	-0.004036068028	-0.004031632006	
3.106	0.0008183653358	0.04483394272	0.04524910645	-25.05148334	-45.83602444	-45.80716272	-0.002379194929	-0.004046657134	-0.004042211286	
3.107	0.0008212309947	0.04501841002	0.04543528657	-25.11621217	-45.94693299	-45.91796683	-0.00238549913	-0.00405729225	-0.004052836563	
3.108	0.0008241118772	0.0452040211	0.04562262111	-25.18120206	-46.05829604	-46.02922516	-0.002391829283	-0.004067973666	-0.004063508127	
3.109	0.0008270080924	0.04539078546	0.04581111964	-25.24645446	-46.17011632	-46.14094045	-0.002398185534	-0.004078701673	-0.004074226267	
3.11	0.0008299197505	0.0455787127	0.04600079186	-25.31197083	-46.28239658	-46.25311546	-0.002404568032	-0.004089476563	-0.004084991277	
3.111	0.0008328469625	0.04576781251	0.04619164756	-25.37775265	-46.39513959	-46.36575295	-0.002410976926	-0.004100298632	-0.004095803454	
3.112	0.0008357898407	0.0459580947	0.04638369663	-25.4438014	-46.50834816	-46.47885572	-0.002417412366	-0.004111168178	-0.004106663096	
3.113	0.0008387484982	0.04614956916	0.04657694905	-25.51011858	-46.62202511	-46.59242661	-0.002423874502	-0.004122085503	-0.004117570502	
3.114	0.0008417230492	0.0463422459	0.04677141493	-25.57670569	-46.73617327	-46.70646845	-0.002430363487	-0.004133050908	-0.004128525978	
3.115	0.0008447136089	0.04653613503	0.04696710448	-25.64356425	-46.85079552	-46.8209841	-0.002436879475	-0.0041440647	-0.004139529828	
3.116	0.0008477202936	0.04673124677	0.047164028	-25.71069578	-46.96589475	-46.93597648	-0.00244342262	-0.004155127188	-0.004150582362	
3.117	0.0008507432206	0.04692759145	0.04736219592	-25.77810182	-47.08147388	-47.05144848	-0.002449993078	-0.004166238682	-0.00416168389	
3.118	0.0008537825086	0.04712517951	0.04756161877	-25.84578393	-47.19753583	-47.16740304	-0.002456591005	-0.004177399495	-0.004172834726	
3.119	0.0008568382769	0.04732402148	0.04776230721	-25.91374365	-47.31408358	-47.28384314	-0.002463216559	-0.004188609944	-0.004184035187	
3.12	0.0008599106462	0.04752412803	0.04796427197	-25.98198257	-47.43112011	-47.40077176	-0.0024698699	-0.004199870348	-0.004195285592	
3.121	0.0008629997383	0.04772550994	0.04816752395	-26.05050226	-47.54864843	-47.5181919	-0.002476551188	-0.004211181029	-0.004206586262	
3.122	0.0008661056761	0.04792817808	0.04837207412	-26.11930433	-47.66667158	-47.63610662	-0.002483260584	-0.004222542311	-0.004217937523	
3.123	0.0008692285837	0.04813214347	0.0485779336	-26.18839037	-47.78519262	-47.75451897	-0.002489998251	-0.00423395452	-0.004229339702	
3.124	0.0008723685862	0.04833741723	0.04878511361	-26.25776201	-47.90421465	-47.87343204	-0.002496764353	-0.004245417988	-0.004240793129	
3.125	0.00087552581	0.0485440106	0.04899362549	-26.32742088	-48.02374076	-47.99284895	-0.002503559054	-0.004256933047	-0.004252298137	
3.126	0.0008787003827	0.04875193494	0.04920348073	-26.39736861	-48.14377412	-48.11277283	-0.002510382522	-0.004268500032	-0.004263855062	
3.127	0.000881892433	0.04896120174	0.04941469091	-26.46760687	-48.26431787	-48.23320686	-0.002517234924	-0.004280119283	-0.004275464244	
3.128	0.0008851020909	0.04917182262	0.04962726775	-26.53813731	-48.38537521	-48.35415422	-0.002524116428	-0.004291791141	-0.004287126023	
3.129	0.0008883294876	0.0493838093	0.04984122309	-26.60896162	-48.50694936	-48.47561815	-0.002531027206	-0.00430351595	-0.004298840746	
3.13	0.0008915747554	0.04959717367	0.05005656892	-26.68008149	-48.62904357	-48.59760187	-0.002537967427	-0.004315294059	-0.004310608759	
3.131	0.0008948380281	0.0498119277	0.05027331734	-26.75149862	-48.75166112	-48.72010868	-0.002544937265	-0.004327125817	-0.004322430413	
3.132	0.0008981194407	0.05002808353	0.05049148059	-26.82321473	-48.8748053	-48.84314188	-0.002551936894	-0.004339011578	-0.004334306063	
3.133	0.0009014191292	0.05024565341	0.05071107104	-26.89523154	-48.99847944	-48.96670479	-0.002558966489	-0.0043509517	-0.004346236066	
3.134	0.0009047372314	0.05046464975	0.0509321012	-26.96755081	-49.12268691	-49.09080077	-0.002566026226	-0.004362946541	-0.004358220782	
3.135	0.0009080738859	0.05068508506	0.05115458371	-27.04017428	-49.24743108	-49.21543322	-0.002573116284	-0.004374996466	-0.004370260574	
3.136	0.000911429233	0.05090697202	0.05137853137	-27.11310372	-49.37271538	-49.34060555	-0.002580236842	-0.00438710184	-0.004382355809	
3.137	0.0009148034141	0.05113032343	0.0516039571	-27.18634091	-49.49854326	-49.46632121	-0.002587388081	-0.004399263033	-0.004394506856	
3.138	0.0009181965722	0.05135515225	0.05183087396	-27.25988766	-49.62491818	-49.59258368	-0.002594570182	-0.004411480418	-0.00440671409	
3.139	0.0009216088514	0.05158147157	0.05205929518	-27.33374575	-49.75184365	-49.71939646	-0.002601783329	-0.00442375437	-0.004418977885	
3.14	0.0009250403974	0.05180929462	0.05228923411	-27.40791703	-49.87932321	-49.84676308	-0.002609027707	-0.00443608527	-0.004431298623	
3.141	0.0009284913572	0.0520386348	0.05252070428	-27.48240332	-50.00736043	-49.97468713	-0.002616303501	-0.0044484735	-0.004443676687	
3.142	0.0009319618793	0.05226950565	0.05275371933	-27.55720648	-50.1359589	-50.10317219	-0.002623610901	-0.004460919447	-0.004456112463	
3.143	0.0009354521135	0.05250192084	0.0529882931	-27.63232836	-50.26512224	-50.23222189	-0.002630950094	-0.004473423499	-0.00446860634	
3.144	0.0009389622112	0.05273589422	0.05322443954	-27.70777084	-50.39485412	-50.36183991	-0.002638321271	-0.004485986052	-0.004481158714	
3.145	0.0009424923252	0.0529714398	0.05346217279	-27.78353582	-50.52515824	-50.49202992	-0.002645724625	-0.004498607501	-0.004493769981	
3.146	0.0009460426099	0.05320857173	0.05370150713	-27.8596252	-50.65603831	-50.62279567	-0.002653160348	-0.004511288247	-0.004506440542	
3.147	0.0009496132211	0.05344730431	0.05394245701	-27.9360409	-50.78749809	-50.75414089	-0.002660628637	-0.004524028693	-0.004519170801	
3.148	0.0009532043161	0.05368765204	0.05418503706	-28.01278487	-50.91954138	-50.8860694	-0.002668129686	-0.004536829249	-0.004531961167	
3.149	0.0009568160537	0.05392962956	0.05442926203	-28.08985904	-51.05217199	-51.01858502	-0.002675663695	-0.004549690324	-0.004544812051	
3.15	0.0009604485945	0.05417325167	0.05467514689	-28.16726538	-51.18539379	-51.1516916	-0.002683230863	-0.004562612334	-0.00455772387	
3.151	0.0009641021006	0.05441853335	0.05492270675	-28.24500587	-51.31921066	-51.28539303	-0.002690831391	-0.004575595699	-0.004570697042	
3.152	0.0009677767355	0.05466548976	0.05517195691	-28.32308252	-51.45362653	-51.41969325	-0.002698465482	-0.004588640841	-0.00458373199	
3.153	0.0009714726644	0.05491413622	0.05542291282	-28.40149732	-51.58864537	-51.55459623	-0.00270613334	-0.004601748186	-0.004596829143	
3.154	0.0009751900544	0.05516448822	0.05567559013	-28.48025232	-51.72427117	-51.69010595	-0.002713835171	-0.004614918166	-0.00460998893	
3.155	0.000978929074	0.05541656145	0.05593000467	-28.55934953	-51.86050796	-51.82622646	-0.002721571182	-0.004628151215	-0.004623211788	
3.156	0.0009826898933	0.05567037177	0.05618617244	-28.63879104	-51.99735981	-51.96296182	-0.002729341582	-0.004641447772	-0.004636498154	
3.157	0.0009864726845	0.05592593521	0.05644410964	-28.7185789	-52.13483083	-52.10031615	-0.002737146583	-0.004654808279	-0.004649848474	
3.158	0.000990277621	0.05618326801	0.05670383264	-28.79871522	-52.27292516	-52.23829359	-0.002744986397	-0.004668233183	-0.004663263192	
3.159	0.0009941048783	0.05644238659	0.05696535801	-28.87920208	-52.41164697	-52.37689831	-0.002752861238	-0.004681722936	-0.004676742763	
3.16	0.0009979546337	0.05670330756	0.05722870253	-28.96004163	-52.55100049	-52.51613455	-0.002760771321	-0.004695277991	-0.00469028764	
3.161	0.001001827066	0.05696604772	0.05749388315	-29.04123599	-52.69098998	-52.65600656	-0.002768716864	-0.00470889881	-0.004703898284	
3.162	0.001005722356	0.05723062406	0.05776091702	-29.12278733	-52.83161972	-52.79651864	-0.002776698087	-0.004722585856	-0.00471757516	
3.163	0.001009640686	0.05749705379	0.05802982151	-29.20469781	-52.97289405	-52.93767512	-0.00278471521	-0.004736339596	-0.004731318736	
3.164	0.001013582241	0.05776535432	0.05830061418	-29.28696963	-53.11481735	-53.07948038	-0.002792768456	-0.004750160504	-0.004745129485	
3.165	0.001017547207	0.05803554324	0.05857331281	-29.369605	-53.25739403	-53.22193885	-0.00280085805	-0.004764049056	-0.004759007884	
3.166	0.001021535773	0.05830763839	0.05884793536	-29.45260612	-53.40062854	-53.36505496	-0.002808984218	-0.004778005734	-0.004772954417	
3.167	0.001025548127	0.05858165777	0.05912450005	-29.53597526	-53.54452538	-53.50883324	-0.002817147188	-0.004792031025	-0.00478696957	
3.168	0.001029584464	0.05885761963	0.05940302527	-29.61971467	-53.68908908	-53.65327821	-0.00282534719	-0.004806125418	-0.004801053833	
3.169	0.001033644975	0.05913554244	0.05968352966	-29.70382663	-53.83432423	-53.79839446	-0.002833584456	-0.00482028941	-0.004815207704	
3.17	0.001037729859	0.05941544487	0.05996603207	-29.78831343	-53.98023545	-53.94418661	-0.00284185922	-0.004834523501	-0.004829431683	
3.171	0.001041839312	0.05969734582	0.06025055158	-29.87317738	-54.1268274	-54.09065933	-0.002850171717	-0.004848828195	-0.004843726276	
3.172	0.001045973534	0.05998126442	0.06053710749	-29.95842083	-54.27410479	-54.23781734	-0.002858522185	-0.004863204003	-0.004858091993	
3.173	0.001050132729	0.06026722004	0.06082571934	-30.04404612	-54.42207237	-54.38566538	-0.002866910862	-0.00487765144	-0.004872529349	
3.174	0.0010543171	0.06055523225	0.06111640692	-30.13005562	-54.57073494	-54.53420827	-0.002875337991	-0.004892171024	-0.004887038866	
3.175	0.001058526853	0.0608453209	0.06140919022	-30.21645171	-54.72009734	-54.68345084	-0.002883803815	-0.004906763281	-0.004901621069	
3.176	0.001062762198	0.06113750605	0.06170408951	-30.30323682	-54.87016446	-54.833398	-0.002892308579	-0.004921428742	-0.004916276487	
3.177	0.001067023345	0.06143180802	0.0620011253	-30.39041336	-55.02094123	-54.98405467	-0.00290085253	-0.00493616794	-0.004931005658	
3.178	0.001071310506	0.06172824737	0.06230031832	-30.47798379	-55.17243263	-55.13542584	-0.002909435918	-0.004950981417	-0.004945809122	
3.179	0.001075623897	0.0620268449	0.06260168959	-30.56595057	-55.3246437	-55.28751654	-0.002918058993	-0.004965869717	-0.004960687426	
3.18	0.001079963736	0.06232762169	0.06290526036	-30.65431618	-55.4775795	-55.44033186	-0.002926722011	-0.004980833393	-0.004975641121	
3.181	0.001084330242	0.06263059905	0.06321105217	-30.74308314	-55.63124517	-55.59387692	-0.002935425225	-0.004995872999	-0.004990670764	
3.182	0.001088723637	0.06293579858	0.06351908679	-30.83225397	-55.78564587	-55.74815691	-0.002944168894	-0.005010989099	-0.005005776918	
3.183	0.001093144146	0.06324324213	0.06382938629	-30.92183121	-55.94078684	-55.90317704	-0.002952953277	-0.005026182259	-0.005020960152	
3.184	0.001097591995	0.06355295182	0.06414197298	-31.01181745	-56.09667333	-56.05894261	-0.002961778636	-0.005041453053	-0.005036221039	
3.185	0.001102067413	0.06386495005	0.06445686949	-31.10221527	-56.25331069	-56.21545893	-0.002970645235	-0.00505680206	-0.005051560158	
3.186	0.001106570633	0.0641792595	0.06477409869	-31.19302727	-56.41070427	-56.37273139	-0.002979553341	-0.005072229863	-0.005066978096	
3.187	0.001111101888	0.06449590312	0.06509368374	-31.2842561	-56.56885952	-56.53076543	-0.002988503222	-0.005087737053	-0.005082475443	
3.188	0.001115661415	0.06481490415	0.06541564813	-31.3759044	-56.72778191	-56.68956652	-0.002997495149	-0.005103324227	-0.005098052797	
3.189	0.001120249453	0.06513628613	0.06574001559	-31.46797485	-56.88747698	-56.84914021	-0.003006529394	-0.005118991987	-0.00511371076	
3.19	0.001124866243	0.0654600729	0.06606681018	-31.56047015	-57.04795032	-57.0094921	-0.003015606234	-0.005134740942	-0.005129449943	
3.191	0.001129512031	0.06578628858	0.06639605625	-31.65339302	-57.20920756	-57.17062783	-0.003024725944	-0.005150571705	-0.00514527096	
3.192	0.001134187062	0.06611495761	0.06672777846	-31.7467462	-57.37125442	-57.33255311	-0.003033888807	-0.005166484897	-0.005161174433	
3.193	0.001138891587	0.06644610472	0.0670620018	-31.84053247	-57.53409663	-57.49527369	-0.003043095103	-0.005182481146	-0.005177160991	
3.194	0.001143625859	0.06677975499	0.06739875154	-31.93475459	-57.69774003	-57.65879541	-0.003052345117	-0.005198561085	-0.005193231267	
3.195	0.001148390131	0.06711593378	0.0677380533	-32.0294154	-57.86219047	-57.82312412	-0.003061639136	-0.005214725354	-0.005209385902	
3.196	0.001153184662	0.06745466679	0.06807993301	-32.12451772	-58.02745388	-57.98826577	-0.00307097745	-0.005230974599	-0.005225625545	
3.197	0.001158009713	0.06779598006	0.06842441696	-32.22006441	-58.19353626	-58.15422636	-0.003080360351	-0.005247309473	-0.005241950848	
3.198	0.001162865548	0.06813989993	0.06877153173	-32.31605835	-58.36044364	-58.32101193	-0.003089788133	-0.005263730637	-0.005258362473	
3.199	0.001167752432	0.06848645312	0.06912130428	-32.41250246	-58.52818214	-58.48862859	-0.003099261093	-0.005280238756	-0.005274861088	
3.2	0.001172670635	0.06883566666	0.0694737619	-32.50939966	-58.69675792	-58.65708253	-0.00310877953	-0.005296834504	-0.005291447367	
3.201	0.00117762043	0.06918756794	0.06982893224	-32.60675291	-58.86617722	-58.82637999	-0.003118343747	-0.005313518562	-0.005308121992	
3.202	0.001182602092	0.06954218472	0.0701868433	-32.70456519	-59.03644632	-58.99652726	-0.003127954048	-0.005330291617	-0.005324885651	
3.203	0.001187615899	0.0698995451	0.07054752346	-32.80283951	-59.2075716	-59.1675307	-0.00313761074	-0.005347154364	-0.00534173904	
3.204	0.001192662133	0.07025967756	0.07091100144	-32.90157889	-59.37955946	-59.33939676	-0.003147314133	-0.005364107505	-0.005358682863	
3.205	0.001197741078	0.07062261093	0.07127730636	-33.0007864	-59.5524164	-59.51213192	-0.00315706454	-0.005381151749	-0.00537571783	
3.206	0.001202853023	0.07098837443	0.07164646771	-33.10046512	-59.72614898	-59.68574275	-0.003166862275	-0.005398287813	-0.005392844659	
3.207	0.001207998259	0.07135699769	0.07201851537	-33.20061816	-59.9007638	-59.86023588	-0.003176707658	-0.005415516422	-0.005410064076	
3.208	0.00121317708	0.07172851068	0.07239347961	-33.30124866	-60.07626757	-60.035618	-0.003186601007	-0.005432838307	-0.005427376814	
3.209	0.001218389783	0.07210294379	0.07277139111	-33.40235978	-60.25266704	-60.21189588	-0.003196542648	-0.005450254209	-0.005444783614	
3.21	0.00122363667	0.07248032783	0.07315228095	-33.5039547	-60.42996904	-60.38907635	-0.003206532906	-0.005467764874	-0.005462285225	
3.211	0.001228918045	0.07286069399	0.0735361806	-33.60603666	-60.60818047	-60.56716633	-0.00321657211	-0.005485371059	-0.005479882404	
3.212	0.001234234217	0.07324407388	0.07392312198	-33.70860888	-60.78730829	-60.74617279	-0.003226660593	-0.005503073527	-0.005497575916	
3.213	0.001239585495	0.07363049953	0.07431313743	-33.81167466	-60.96735955	-60.92610279	-0.003236798688	-0.00552087305	-0.005515366534	
3.214	0.001244972196	0.07402000343	0.0747062597	-33.91523728	-61.14834137	-61.10696345	-0.003246986735	-0.005538770408	-0.005533255041	
3.215	0.001250394639	0.07441261845	0.075102522	-34.01930008	-61.33026093	-61.28876197	-0.003257225074	-0.00555676639	-0.005551242225	
3.216	0.001255853144	0.07480837795	0.07550195798	-34.12386642	-61.51312552	-61.47150563	-0.003267514049	-0.005574861794	-0.005569328887	
3.217	0.001261348039	0.07520731572	0.07590460175	-34.22893969	-61.69694245	-61.65520179	-0.003277854007	-0.005593057424	-0.005587515832	
3.218	0.001266879652	0.07560946599	0.07631048787	-34.3345233	-61.88171917	-61.83985786	-0.003288245297	-0.005611354095	-0.005605803877	
3.219	0.001272448318	0.07601486349	0.07671965138	-34.44062071	-62.06746317	-62.02548137	-0.003298688272	-0.005629752631	-0.005624193847	
3.22	0.001278054374	0.0764235434	0.07713212778	-34.54723538	-62.25418202	-62.21207989	-0.00330918329	-0.005648253863	-0.005642686576	
3.221	0.001283698161	0.07683554138	0.07754795306	-34.65437084	-62.44188339	-62.39966111	-0.003319730709	-0.005666858635	-0.005661282907	
3.222	0.001289380024	0.07725089358	0.07796716372	-34.76203062	-62.63057501	-62.58823278	-0.003330330891	-0.005685567796	-0.005679983693	
3.223	0.001295100312	0.07766963664	0.07838979673	-34.87021828	-62.82026472	-62.77780272	-0.003340984203	-0.005704382206	-0.005698789795	
3.224	0.001300859379	0.07809180772	0.07881588959	-34.97893744	-63.01096043	-62.96837887	-0.003351691014	-0.005723302735	-0.005717702085	
3.225	0.001306657583	0.07851744447	0.07924548031	-35.08819173	-63.20267011	-63.15996923	-0.003362451695	-0.005742330263	-0.005736721443	
3.226	0.001312495285	0.07894658507	0.07967860742	-35.19798481	-63.39540187	-63.35258188	-0.003373266624	-0.005761465679	-0.005755848762	
3.227	0.001318372851	0.07937926824	0.08011531	-35.30832038	-63.58916386	-63.54622502	-0.003384136178	-0.005780709881	-0.005775084941	
3.228	0.001324290651	0.07981553322	0.08055562765	-35.41920218	-63.78396434	-63.74090691	-0.00339506074	-0.005800063779	-0.005794430891	
3.229	0.001330249061	0.08025541981	0.08099960054	-35.53063396	-63.97981166	-63.93663591	-0.003406040697	-0.005819528291	-0.005813887534	
3.23	0.001336248458	0.08069896836	0.08144726938	-35.64261953	-64.17671426	-64.13342046	-0.003417076437	-0.005839104349	-0.005833455801	
3.231	0.001342289228	0.08114621979	0.08189867549	-35.75516272	-64.37468067	-64.33126913	-0.003428168354	-0.005858792891	-0.005853136635	
3.232	0.001348371758	0.08159721558	0.08235386073	-35.8682674	-64.57371952	-64.53019054	-0.003439316845	-0.005878594868	-0.005872930987	
3.233	0.001354496441	0.08205199781	0.08281286757	-35.98193747	-64.77383951	-64.73019343	-0.00345052231	-0.005898511242	-0.005892839822	
3.234	0.001360663675	0.08251060916	0.08327573907	-36.09617687	-64.97504948	-64.93128663	-0.003461785152	-0.005918542986	-0.005912864114	
3.235	0.001366873862	0.0829730929	0.08374251892	-36.21098956	-65.17735834	-65.13347907	-0.003473105779	-0.005938691083	-0.005933004849	
3.236	0.001373127409	0.08343949292	0.08421325141	-36.32637956	-65.38077509	-65.33677978	-0.003484484603	-0.005958956528	-0.005953263024	
3.237	0.00137942473	0.08390985374	0.08468798147	-36.44235092	-65.58530887	-65.54119789	-0.003495922038	-0.005979340327	-0.005973639647	
3.238	0.00138576624	0.08438422051	0.08516675467	-36.5589077	-65.79096887	-65.74674262	-0.003507418504	-0.005999843498	-0.005994135739	
3.239	0.001392152362	0.08486263904	0.08564961724	-36.67605405	-65.99776443	-65.95342333	-0.003518974423	-0.006020467071	-0.006014752331	
3.24	0.001398583524	0.08534515578	0.08613661607	-36.7937941	-66.20570496	-66.16124944	-0.003530590223	-0.006041212087	-0.006035490468	
3.241	0.001405060159	0.08583181787	0.08662779873	-36.91213205	-66.41480001	-66.37023052	-0.003542266333	-0.0060620796	-0.006056351205	
3.242	0.001411582704	0.08632267312	0.08712321346	-37.03107215	-66.62505921	-66.5803762	-0.003554003189	-0.006083070676	-0.00607733561	
3.243	0.001418151603	0.08681777003	0.08762290924	-37.15061865	-66.83649231	-66.79169628	-0.003565801229	-0.006104186394	-0.006098444766	
3.244	0.001424767305	0.08731715783	0.08812693572	-37.27077587	-67.04910918	-67.00420061	-0.003577660896	-0.006125427845	-0.006119679765	
3.245	0.001431430264	0.08782088643	0.08863534329	-37.39154816	-67.26291978	-67.2178992	-0.003589582638	-0.006146796132	-0.006141041713	
3.246	0.00143814094	0.0883290065	0.0891481831	-37.51293992	-67.47793422	-67.43280215	-0.003601566905	-0.006168292373	-0.006162531732	
3.247	0.001444899799	0.08884156944	0.08966550702	-37.63495557	-67.69416269	-67.64891969	-0.003613614152	-0.006189917697	-0.006184150952	
3.248	0.001451707313	0.08935862743	0.09018736769	-37.75759959	-67.91161551	-67.86626216	-0.003625724841	-0.006211673249	-0.006205900522	
3.249	0.00145856396	0.0898802334	0.09071381855	-37.88087649	-68.13030314	-68.08484002	-0.003637899433	-0.006233560186	-0.0062277816	
3.25	0.001465470222	0.09040644106	0.09124491381	-38.00479083	-68.35023614	-68.30466386	-0.003650138399	-0.006255579679	-0.006249795361	
3.251	0.00147242659	0.09093730492	0.09178070848	-38.12934721	-68.57142519	-68.52574438	-0.003662442211	-0.006277732913	-0.006271942992	
3.252	0.001479433559	0.09147288033	0.09232125842	-38.25455027	-68.79388111	-68.74809242	-0.003674811347	-0.006300021088	-0.006294225697	
3.253	0.001486491631	0.09201322344	0.09286662029	-38.3804047	-69.01761483	-68.97171894	-0.003687246288	-0.006322445417	-0.006316644691	
3.254	0.001493601316	0.09255839125	0.09341685163	-38.50691522	-69.24263744	-69.19663504	-0.00369974752	-0.006345007129	-0.006339201208	
3.255	0.001500763127	0.09310844161	0.09397201083	-38.63408662	-69.46896012	-69.42285193	-0.003712315536	-0.006367707467	-0.006361896492	
3.256	0.001507977586	0.09366343326	0.09453215716	-38.76192371	-69.69659422	-69.65038096	-0.003724950831	-0.006390547691	-0.006384731807	
3.257	0.001515245222	0.09422342582	0.09509735079	-38.89043136	-69.92555119	-69.87923364	-0.003737653906	-0.006413529075	-0.006407708428	
3.258	0.00152256657	0.0947884798	0.09566765281	-39.01961448	-70.15584266	-70.10942159	-0.003750425266	-0.006436652907	-0.00643082765	
3.259	0.00152994217	0.09535865667	0.09624312524	-39.14947803	-70.38748035	-70.34095658	-0.003763265422	-0.006459920493	-0.006454090781	
3.26	0.001537372574	0.09593401881	0.09682383104	-39.28002702	-70.62047615	-70.57385051	-0.003776174889	-0.006483333156	-0.006477499147	
3.261	0.001544858335	0.09651462955	0.09740983413	-39.41126649	-70.8548421	-70.80811544	-0.003789154187	-0.006506892234	-0.006501054088	
3.262	0.001552400018	0.09710055323	0.09800119943	-39.54320156	-71.09059037	-71.04376356	-0.003802203842	-0.00653059908	-0.006524756962	
3.263	0.001559998193	0.09769185514	0.09859799286	-39.67583737	-71.32773327	-71.28080724	-0.003815324385	-0.006554455066	-0.006548609146	
3.264	0.001567653439	0.0982886016	0.09920028134	-39.80917912	-71.56628328	-71.51925896	-0.00382851635	-0.006578461581	-0.006572612031	
3.265	0.00157536634	0.09889085998	0.09980813285	-39.94323207	-71.80625303	-71.75913137	-0.00384178028	-0.006602620032	-0.006596767027	
3.266	0.00158313749	0.09949869866	0.1004216164	-40.07800151	-72.0476553	-72.00043729	-0.00385511672	-0.006626931842	-0.006621075561	
3.267	0.00159096749	0.1001121871	0.1010408021	-40.21349281	-72.29050301	-72.24318968	-0.003868526222	-0.006651398452	-0.00664553908	
3.268	0.00159885695	0.1007313959	0.1016657613	-40.34971136	-72.53480928	-72.48740165	-0.003882009343	-0.006676021323	-0.006670159047	
3.269	0.001606806486	0.1013563967	0.1022965661	-40.48666263	-72.78058734	-72.7330865	-0.003895566646	-0.006700801933	-0.006694936946	
3.27	0.001614816725	0.1019872622	0.10293329	-40.62435212	-73.02785063	-72.98025769	-0.003909198698	-0.00672574178	-0.006719874276	
3.271	0.001622888299	0.1026240665	0.1035760078	-40.7627854	-73.27661274	-73.22892883	-0.003922906074	-0.00675084238	-0.00674497256	
3.272	0.001631021851	0.1032668847	0.1042247952	-40.90196808	-73.52688743	-73.47911371	-0.003936689353	-0.00677610527	-0.006770233338	
3.273	0.001639218032	0.103915793	0.1048797293	-41.04190586	-73.77868863	-73.73082629	-0.00395054912	-0.006801532005	-0.00679565817	
3.274	0.001647477501	0.1045708691	0.1055408882	-41.18260445	-74.03203045	-73.98408073	-0.003964485967	-0.006827124161	-0.006821248635	
3.275	0.001655800928	0.1052321916	0.1062083516	-41.32406964	-74.28692718	-74.23889134	-0.00397850049	-0.006852883335	-0.006847006337	
3.276	0.001664188989	0.1058998407	0.1068822001	-41.46630729	-74.54339327	-74.49527261	-0.003992593293	-0.006878811144	-0.006872932895	
3.277	0.001672642372	0.1065738977	0.1075625159	-41.60932328	-74.8014434	-74.75323924	-0.004006764985	-0.006904909226	-0.006899029953	
3.278	0.001681161773	0.1072544452	0.1082493825	-41.75312358	-75.06109239	-75.01280611	-0.004021016181	-0.006931179241	-0.006925299176	
3.279	0.001689747898	0.1079415673	0.1089428845	-41.89771422	-75.32235528	-75.27398827	-0.004035347502	-0.00695762287	-0.00695174225	
3.28	0.001698401461	0.1086353493	0.1096431082	-42.04310128	-75.58524729	-75.53680099	-0.004049759577	-0.006984241818	-0.006978360884	
3.281	0.001707123189	0.109335878	0.110350141	-42.18929089	-75.84978383	-75.80125973	-0.004064253039	-0.007011037811	-0.00700515681	
3.282	0.001715913817	0.1100432415	0.1110640721	-42.33628926	-76.11598053	-76.06738014	-0.004078828529	-0.007038012597	-0.007032131782	
3.283	0.00172477409	0.1107575296	0.1117849919	-42.48410265	-76.38385321	-76.33517808	-0.004093486694	-0.00706516795	-0.007059287577	
3.284	0.001733704765	0.1114788333	0.1125129923	-42.63273741	-76.6534179	-76.60466962	-0.004108228189	-0.007092505666	-0.007086625998	
3.285	0.001742706607	0.1122072453	0.1132481668	-42.78219991	-76.92469084	-76.87587105	-0.004123053673	-0.007120027565	-0.007114148871	
3.286	0.001751780393	0.1129428597	0.1139906105	-42.93249662	-77.19768848	-77.14879885	-0.004137963814	-0.007147735493	-0.007141858046	
3.287	0.001760926913	0.1136857723	0.11474042	-43.08363406	-77.47242748	-77.42346973	-0.004152959286	-0.007175631318	-0.007169755399	
3.288	0.001770146965	0.1144360804	0.1154976936	-43.23561882	-77.74892475	-77.69990064	-0.004168040771	-0.007203716938	-0.007197842831	
3.289	0.00177944136	0.1151938831	0.1162625311	-43.38845757	-78.02719738	-77.97810872	-0.004183208956	-0.007231994272	-0.007226122269	
3.29	0.001788810919	0.115959281	0.1170350342	-43.54215702	-78.30726273	-78.25811138	-0.004198464537	-0.007260465268	-0.007254595667	
3.291	0.001798256476	0.1167323764	0.1178153061	-43.69672397	-78.58913836	-78.53992621	-0.004213808217	-0.0072891319	-0.007283265004	
3.292	0.001807778878	0.1175132735	0.1186034519	-43.85216528	-78.8728421	-78.8235711	-0.004229240705	-0.007317996169	-0.00731213229	
3.293	0.001817378981	0.118302078	0.1193995784	-44.00848789	-79.15839198	-79.10906412	-0.004244762719	-0.007347060105	-0.007341199558	
3.294	0.001827057656	0.1190988978	0.1202037944	-44.16569882	-79.44580631	-79.39642363	-0.004260374983	-0.007376325764	-0.007370468873	
3.295	0.001836815785	0.1199038422	0.1210162103	-44.32380513	-79.73510363	-79.68566822	-0.004276078231	-0.007405795231	-0.007399942326	
3.296	0.001846654263	0.1207170229	0.1218369386	-44.48281398	-80.02630272	-79.97681674	-0.004291873203	-0.007435470623	-0.007429622041	
3.297	0.001856573999	0.1215385529	0.1226660937	-44.6427326	-80.31942265	-80.26988829	-0.004307760646	-0.007465354083	-0.007459510168	
3.298	0.001866575915	0.1223685478	0.1235037919	-44.80356829	-80.61448273	-80.56490225	-0.004323741317	-0.007495447785	-0.007489608889	
3.299	0.001876660945	0.1232071248	0.1243501517	-44.96532844	-80.91150255	-80.86187824	-0.004339815979	-0.007525753936	-0.007519920417	
3.3	0.001886830039	0.1240544032	0.1252052935	-45.1280205	-81.21050194	-81.16083618	-0.004355985405	-0.007556274772	-0.007550446995	
3.301	0.001897084158	0.1249105045	0.1260693398	-45.291652	-81.51150105	-81.46179624	-0.004372250375	-0.007587012561	-0.007581190901	
3.302	0.00190742428	0.1257755523	0.1269424155	-45.45623056	-81.81452027	-81.76477891	-0.004388611679	-0.007617969604	-0.007612154442	
3.303	0.001917851396	0.1266496725	0.1278246474	-45.62176388	-82.11958031	-82.06980492	-0.004405070112	-0.007649148235	-0.00764333996	
3.304	0.001928366512	0.1275329928	0.1287161647	-45.78825974	-82.42670214	-82.37689533	-0.004421626482	-0.007680550821	-0.007674749832	
3.305	0.00193897065	0.1284256438	0.1296170989	-45.95572599	-82.73590706	-82.68607149	-0.004438281602	-0.007712179765	-0.007706386466	
3.306	0.001949664846	0.1293277579	0.1305275839	-46.12417058	-83.04721663	-82.99735502	-0.004455036296	-0.007744037501	-0.007738252308	
3.307	0.001960450152	0.1302394701	0.1314477557	-46.29360154	-83.36065275	-83.3107679	-0.004471891395	-0.007776126504	-0.007770349838	
3.308	0.001971327635	0.1311609179	0.1323777532	-46.46402698	-83.67623763	-83.62633239	-0.004488847742	-0.007808449279	-0.007802681574	
3.309	0.00198229838	0.1320922412	0.1333177175	-46.6354551	-83.99399377	-83.94407107	-0.004505906187	-0.007841008373	-0.007835250068	
3.31	0.001993363487	0.1330335823	0.1342677923	-46.8078942	-84.31394402	-84.26400686	-0.004523067589	-0.007873806367	-0.007868057914	
3.311	0.002004524073	0.1339850863	0.135228124	-46.98135266	-84.63611157	-84.58616301	-0.004540332818	-0.007906845883	-0.007901107739	
3.312	0.002015781273	0.1349469008	0.1361988616	-47.15583894	-84.9605199	-84.91056308	-0.004557702752	-0.007940129579	-0.007934402214	
3.313	0.002027136238	0.1359191762	0.1371801568	-47.33136161	-85.28719288	-85.23723102	-0.00457517828	-0.007973660154	-0.007967944048	
3.314	0.002038590139	0.1369020657	0.1381721642	-47.50792932	-85.61615471	-85.5661911	-0.004592760299	-0.008007440348	-0.008001735989	
3.315	0.002050144161	0.1378957251	0.1391750411	-47.68555082	-85.94742994	-85.89746794	-0.004610449718	-0.008041472942	-0.008035780828	
3.316	0.002061799512	0.1389003134	0.1401889479	-47.86423496	-86.28104349	-86.23108654	-0.004628247456	-0.008075760757	-0.008070081398	
3.317	0.002073557416	0.1399159923	0.1412140479	-48.04399069	-86.61702064	-86.56707228	-0.00464615444	-0.00811030666	-0.008104640576	
3.318	0.002085419117	0.1409429266	0.1422505074	-48.22482704	-86.95538705	-86.90545089	-0.004664171609	-0.008145113558	-0.00813946128	
3.319	0.002097385879	0.1419812843	0.1432984958	-48.40675315	-87.29616877	-87.24624851	-0.004682299912	-0.008180184405	-0.008174546476	
3.32	0.002109458984	0.1430312365	0.1443581858	-48.58977826	-87.63939223	-87.58949165	-0.00470054031	-0.008215522199	-0.008209899172	
3.321	0.002121639736	0.1440929574	0.1454297533	-48.77391173	-87.98508427	-87.93520723	-0.004718893773	-0.008251129985	-0.008245522424	
3.322	0.00213392946	0.1451666247	0.1465133775	-48.95916299	-88.3332721	-88.28342258	-0.004737361283	-0.008287010854	-0.008281419337	
3.323	0.002146329501	0.1462524193	0.1476092412	-49.1455416	-88.6839834	-88.63416544	-0.004755943832	-0.008323167945	-0.008317593062	
3.324	0.002158841225	0.1473505257	0.1487175303	-49.33305723	-89.03724622	-88.98746397	-0.004774642425	-0.008359604448	-0.008354046799	
3.325	0.002171466022	0.1484611319	0.1498384347	-49.52171963	-89.39308906	-89.34334678	-0.004793458076	-0.0083963236	-0.008390783799	
3.326	0.002184205302	0.1495844295	0.1509721478	-49.7115387	-89.75154087	-89.70184289	-0.004812391814	-0.00843332869	-0.008427807365	
3.327	0.0021970605	0.1507206139	0.1521188665	-49.90252441	-90.11263101	-90.06298179	-0.004831444676	-0.008470623059	-0.008465120849	
3.328	0.002210033073	0.151869884	0.1532787919	-50.09468686	-90.47638934	-90.42679343	-0.004850617713	-0.008508210101	-0.008502727661	
3.329	0.002223124502	0.1530324429	0.1544521289	-50.28803629	-90.84284615	-90.7933082	-0.004869911988	-0.008546093264	-0.00854063126	
3.33	0.002236336292	0.1542084977	0.1556390862	-50.48258301	-91.21203222	-91.16255699	-0.004889328576	-0.008584276051	-0.008578835165	
3.331	0.002249669972	0.1553982592	0.1568398768	-50.67833748	-91.5839788	-91.53457118	-0.004908868564	-0.00862276202	-0.008617342949	
3.332	0.002263127099	0.1566019428	0.158054718	-50.87531028	-91.95871764	-91.90938261	-0.004928533053	-0.008661554787	-0.008656158242	
3.333	0.002276709253	0.1578197678	0.1592838312	-51.07351208	-92.33628099	-92.28702367	-0.004948323154	-0.008700658029	-0.008695284734	
3.334	0.00229041804	0.1590519582	0.1605274422	-51.2729537	-92.71670163	-92.66752723	-0.004968239994	-0.008740075478	-0.008734726175	
3.335	0.002304255096	0.1602987421	0.1617857815	-51.47364609	-93.10001283	-93.05092671	-0.004988284711	-0.008779810931	-0.008774486377	
3.336	0.002318222081	0.1615603526	0.1630590841	-51.6756003	-93.48624841	-93.43725603	-0.005008458459	-0.008819868245	-0.008814569213	
3.337	0.002332320685	0.1628370271	0.1643475897	-51.87882753	-93.87544275	-93.82654971	-0.005028762402	-0.008860251341	-0.00885497862	
3.338	0.002346552626	0.164129008	0.1656515429	-52.08333911	-94.26763075	-94.21884279	-0.00504919772	-0.008900964204	-0.008895718601	
3.339	0.00236091965	0.1654365426	0.1669711932	-52.28914648	-94.66284792	-94.61417089	-0.005069765606	-0.008942010887	-0.008936793225	
3.34	0.002375423534	0.1667598834	0.1683067955	-52.49626123	-95.06113031	-95.01257021	-0.005090467268	-0.00898339551	-0.00897820663	
3.341	0.002390066085	0.1680992877	0.1696586094	-52.7046951	-95.46251458	-95.41407755	-0.005111303929	-0.00902512226	-0.009019963021	
3.342	0.002404849141	0.1694550185	0.1710269002	-52.91445993	-95.867038	-95.81873031	-0.005132276823	-0.009067195396	-0.009062066676	
3.343	0.002419774572	0.1708273438	0.1724119387	-53.12556774	-96.27473843	-96.22656653	-0.005153387204	-0.00910961925	-0.009104521945	
3.344	0.00243484428	0.1722165377	0.1738140011	-53.33803066	-96.68565439	-96.63762484	-0.005174636337	-0.009152398225	-0.009147333251	
3.345	0.0024500602	0.1736228795	0.1752333694	-53.55186099	-97.09982503	-97.05194456	-0.005196025503	-0.009195536802	-0.009190505093	
3.346	0.002465424301	0.1750466546	0.1766703317	-53.76707116	-97.51729015	-97.46956565	-0.005217555999	-0.009239039536	-0.009234042048	
3.347	0.002480938587	0.1764881544	0.1781251821	-53.98367374	-97.93809022	-97.89052875	-0.005239229139	-0.009282911061	-0.00927794877	
3.348	0.002496605096	0.1779476764	0.1795982206	-54.20168148	-98.36226642	-98.31487517	-0.00526104625	-0.009327156093	-0.009322229996	
3.349	0.002512425902	0.1794255244	0.1810897539	-54.42110725	-98.78986059	-98.74264695	-0.005283008678	-0.009371779427	-0.009366890543	
3.35	0.002528403119	0.1809220088	0.1826000951	-54.6419641	-99.22091531	-99.17388683	-0.005305117783	-0.009416785944	-0.009411935313	
3.351	0.002544538894	0.1824374463	0.1841295641	-54.86426522	-99.65547389	-99.6086383	-0.005327374944	-0.009462180608	-0.009457369295	
3.352	0.002560835415	0.1839721608	0.1856784874	-55.08802397	-100.0935804	-100.0469456	-0.005349781554	-0.009507968474	-0.009503197564	
3.353	0.00257729491	0.1855264829	0.187247199	-55.31325387	-100.5352796	-100.4888537	-0.005372339026	-0.009554154683	-0.009549425286	
3.354	0.002593919646	0.1871007506	0.1888360396	-55.5399686	-100.9806171	-100.9344084	-0.00539504879	-0.009600744469	-0.009596057719	
3.355	0.002610711931	0.1886953091	0.1904453578	-55.76818201	-101.4296394	-101.3836563	-0.005417912291	-0.009647743158	-0.009643100216	
3.356	0.002627674116	0.1903105112	0.1920755094	-55.99790813	-101.8823935	-101.8366448	-0.005440930996	-0.009695156174	-0.009690558223	
3.357	0.002644808594	0.1919467175	0.1937268585	-56.22916113	-102.3389277	-102.2934222	-0.005464106386	-0.009742989037	-0.009738437288	
3.358	0.002662117803	0.1936042963	0.1953997768	-56.4619554	-102.7992906	-102.7540375	-0.005487439965	-0.009791247367	-0.009786743056	
3.359	0.002679604226	0.1952836245	0.1970946443	-56.69630547	-103.2635322	-103.2185407	-0.005510933252	-0.009839936885	-0.009835481279	
3.36	0.002697270391	0.1969850871	0.1988118498	-56.93222607	-103.7317031	-103.6869827	-0.005534587787	-0.009889063421	-0.00988465781	
3.361	0.002715118874	0.1987090778	0.2005517905	-57.16973211	-104.2038549	-104.1594153	-0.00555840513	-0.009938632906	-0.009934278612	
3.362	0.002733152299	0.2004559991	0.2023148725	-57.40883867	-104.6800399	-104.6358913	-0.005582386859	-0.009988651387	-0.009984349759	
3.363	0.002751373339	0.2022262626	0.2041015113	-57.64956105	-105.1603118	-105.1164642	-0.005606534572	-0.01003912502	-0.01003487744	
3.364	0.002769784718	0.2040202893	0.2059121316	-57.89191471	-105.644725	-105.6011889	-0.005630849889	-0.01009006007	-0.01008586794	
3.365	0.002788389213	0.2058385098	0.2077471679	-58.13591533	-106.1333348	-106.0901209	-0.00565533445	-0.01014146293	-0.0101373277	
3.366	0.002807189652	0.2076813645	0.2096070647	-58.38157877	-106.6261977	-106.5833171	-0.005679989916	-0.0101933401	-0.01018926326	
3.367	0.002826188917	0.209549304	0.2114922767	-58.62892109	-107.1233713	-107.0808351	-0.005704817969	-0.01024569823	-0.01024168126	
3.368	0.002845389947	0.2114427892	0.2134032689	-58.87795857	-107.6249141	-107.5827338	-0.005729820313	-0.01029854406	-0.01029458852	
3.369	0.002864795737	0.213362292	0.2153405174	-59.12870769	-108.1308858	-108.0890731	-0.005754998673	-0.01035188448	-0.01034799194	
3.37	0.002884409341	0.2153082949	0.2173045094	-59.38118514	-108.6413472	-108.5999142	-0.005780354798	-0.01040572651	-0.01040189858	
3.371	0.002904233871	0.2172812921	0.2192957433	-59.63540782	-109.1563602	-109.1153193	-0.005805890458	-0.01046007731	-0.01045631564	
3.372	0.002924272503	0.2192817892	0.2213147294	-59.89139284	-109.675988	-109.6353518	-0.005831607449	-0.01051494417	-0.01051125045	
3.373	0.002944528473	0.221310304	0.2233619901	-60.14915756	-110.200295	-110.1600763	-0.005857507587	-0.01057033453	-0.01056671047	
3.374	0.002965005082	0.2233673665	0.2254380603	-60.40871954	-110.7293466	-110.6895587	-0.005883592714	-0.01062625596	-0.01062270334	
3.375	0.002985705697	0.2254535193	0.2275434875	-60.67009657	-111.2632098	-111.2238663	-0.005909864696	-0.0106827162	-0.01067923681	
3.376	0.003006633753	0.2275693182	0.2296788326	-60.93330667	-111.8019527	-111.7630674	-0.005936325423	-0.01073972313	-0.01073631882	
3.377	0.003027792752	0.2297153324	0.2318446698	-61.19836812	-112.3456448	-112.307232	-0.005962976811	-0.01079728479	-0.01079395745	
3.378	0.003049186269	0.2318921449	0.2340415875	-61.46529941	-112.8943568	-112.8564311	-0.0059898208	-0.01085540939	-0.01085216095	
3.379	0.00307081795	0.234100353	0.2362701884	-61.73411929	-113.4481612	-113.4107374	-0.006016859357	-0.0109141053	-0.01091093772	
3.38	0.003092691519	0.2363405685	0.2385310899	-62.00484675	-114.0071314	-113.9702249	-0.006044094476	-0.01097338104	-0.01097029636	
3.381	0.003114810771	0.2386134186	0.2408249246	-62.27750102	-114.5713428	-114.5349691	-0.006071528177	-0.01103324533	-0.01103024561	
3.382	0.003137179584	0.2409195457	0.243152341	-62.55210163	-115.140872	-115.1050472	-0.006099162506	-0.01109370706	-0.01109079441	
3.383	0.003159801915	0.2432596084	0.2455140036	-62.82866831	-115.7157971	-115.6805376	-0.006126999539	-0.01115477531	-0.01115195189	
3.384	0.003182681802	0.2456342818	0.2479105934	-63.1072211	-116.296198	-116.2615207	-0.006155041379	-0.01121645932	-0.01121372735	
3.385	0.003205823369	0.248044258	0.250342809	-63.38778029	-116.8821561	-116.8480781	-0.006183290157	-0.01127876855	-0.01127613031	
3.386	0.003229230828	0.2504902466	0.2528113662	-63.67036644	-117.4737545	-117.4402936	-0.006211748034	-0.01134171266	-0.01133917045	
3.387	0.003252908478	0.2529729751	0.2553169993	-63.9550004	-118.071078	-118.0382523	-0.006240417201	-0.01140530149	-0.01140285769	
3.388	0.003276860711	0.25549319	0.2578604613	-64.2417033	-118.6742133	-118.6420412	-0.006269299878	-0.0114695451	-0.01146720215	
3.389	0.003301092014	0.2580516566	0.2604425245	-64.53049654	-119.2832486	-119.2517493	-0.006298398316	-0.01153445377	-0.01153221416	
3.39	0.003325606968	0.2606491603	0.2630639815	-64.82140184	-119.8982743	-119.8674671	-0.006327714799	-0.011600038	-0.01159790427	
3.391	0.003350410255	0.2632865068	0.265725645	-65.1144412	-120.5193825	-120.4892875	-0.006357251639	-0.0116663085	-0.01166428326	
3.392	0.00337550666	0.2659645228	0.2684283493	-65.40963693	-121.1466674	-121.1173049	-0.006387011184	-0.01173327623	-0.01173136215	
3.393	0.003400901069	0.2686840568	0.2711729505	-65.70701164	-121.780225	-121.7516161	-0.006416995812	-0.01180095238	-0.01179915219	
3.394	0.00342659848	0.2714459798	0.2739603275	-66.00658825	-122.4201535	-122.3923197	-0.006447207936	-0.01186934838	-0.01186766489	
3.395	0.003452603998	0.2742511858	0.2767913822	-66.30839001	-123.0665533	-123.0395166	-0.006477650004	-0.01193847592	-0.01193691199	
3.396	0.003478922845	0.2771005928	0.2796670411	-66.6124405	-123.7195269	-123.6933099	-0.006508324495	-0.01200834695	-0.01200690552	
3.397	0.003505560357	0.2799951434	0.2825882551	-66.91876361	-124.379179	-124.3538049	-0.006539233927	-0.01207897368	-0.01207765776	
3.398	0.003532521991	0.2829358059	0.2855560011	-67.22738357	-125.0456168	-125.0211092	-0.006570380851	-0.0121503686	-0.01214918127	
3.399	0.003559813329	0.2859235747	0.2885712825	-67.53832496	-125.7189495	-125.6953329	-0.006601767857	-0.01222254447	-0.01222148889	
3.4	0.003587440079	0.2889594713	0.2916351301	-67.85161271	-126.3992891	-126.3765885	-0.006633397571	-0.01229551434	-0.01229459375	
3.401	0.00361540808	0.2920445456	0.294748603	-68.16727209	-127.08675	-127.0649909	-0.006665272656	-0.01236929158	-0.01236850929	
3.402	0.003643723304	0.2951798763	0.2979127897	-68.48532875	-127.7814492	-127.7606579	-0.006697395814	-0.01244388985	-0.01244324926	
3.403	0.003672391865	0.2983665721	0.3011288089	-68.80580867	-128.4835061	-128.4637096	-0.006729769786	-0.01251932313	-0.01251882771	
3.404	0.003701420017	0.301605773	0.3043978106	-69.12873825	-129.1930434	-129.1742692	-0.006762397355	-0.0125956057	-0.01259525903	
3.405	0.00373081416	0.3048986507	0.3077209771	-69.45414424	-129.9101859	-129.8924626	-0.006795281342	-0.01267275222	-0.01267255795	
3.406	0.003760580848	0.3082464103	0.3110995243	-69.78205377	-130.635062	-130.6184185	-0.006828424609	-0.01275077766	-0.01275073954	
3.407	0.003790726788	0.3116502912	0.3145347026	-70.1124944	-131.3678025	-131.3522687	-0.006861830063	-0.01282969736	-0.01282981923	
3.408	0.003821258849	0.3151115683	0.3180277983	-70.44549405	-132.1085417	-132.0941482	-0.006895500652	-0.01290952701	-0.01290981282	
3.409	0.003852184063	0.3186315531	0.3215801347	-70.78108107	-132.8574167	-132.8441951	-0.006929439367	-0.0129902827	-0.01299073648	
3.41	0.003883509635	0.3222115955	0.3251930736	-71.11928422	-133.6145683	-133.6025506	-0.006963649245	-0.01307198089	-0.01307260678	
3.411	0.003915242944	0.3258530843	0.3288680163	-71.4601327	-134.3801401	-134.3693596	-0.006998133369	-0.01315463844	-0.0131554407	
3.412	0.003947391548	0.3295574495	0.3326064055	-71.8036561	-135.1542798	-135.1447704	-0.007032894866	-0.01323827264	-0.01323925561	
3.413	0.003979963194	0.3333261631	0.3364097262	-72.1498845	-135.9371381	-135.9289347	-0.007067936911	-0.01332290118	-0.01332406934	
3.414	0.00401296582	0.3371607409	0.3402795079	-72.4988484	-136.7288697	-136.7220081	-0.007103262727	-0.0134085422	-0.01340990013	
3.415	0.004046407562	0.341062744	0.3442173254	-72.85057875	-137.529633	-137.5241501	-0.007138875587	-0.0134952143	-0.0134967667	
3.416	0.004080296761	0.3450337806	0.3482248013	-73.20510697	-138.3395904	-138.3355238	-0.007174778811	-0.01358293654	-0.01358468824	
3.417	0.004114641969	0.3490755076	0.3523036071	-73.56246497	-139.1589082	-139.1562967	-0.007210975774	-0.01367172846	-0.01367368441	
3.418	0.004149451955	0.3531896322	0.3564554653	-73.92268513	-139.987757	-139.9866405	-0.007247469898	-0.0137616101	-0.01376377537	
3.419	0.004184735713	0.3573779142	0.3606821512	-74.28580032	-140.8263116	-140.8267309	-0.007284264662	-0.013852602	-0.01385498182	
3.42	0.004220502469	0.3616421676	0.3649854949	-74.6518439	-141.6747513	-141.6767484	-0.007321363596	-0.01394472525	-0.01394732497	
3.421	0.00425676169	0.3659842629	0.3693673836	-75.02084976	-142.5332599	-142.5368781	-0.007358770285	-0.01403800148	-0.01404082659	
3.422	0.004293523088	0.3704061292	0.3738297631	-75.39285232	-143.4020261	-143.4073096	-0.007396488371	-0.01413245289	-0.01413550903	
3.423	0.004330796634	0.3749097559	0.3783746408	-75.76788649	-144.2812433	-144.2882378	-0.007434521553	-0.01422810224	-0.01423139521	
3.424	0.004368592559	0.3794971961	0.3830040877	-76.14598776	-145.1711102	-145.1798625	-0.007472873588	-0.01432497293	-0.01432850867	
3.425	0.00440692137	0.3841705679	0.3877202407	-76.52719215	-146.0718305	-146.0823887	-0.00751154829	-0.01442308896	-0.01442687358	
3.426	0.004445793858	0.3889320578	0.3925253055	-76.91153625	-146.9836133	-146.9960269	-0.007550549538	-0.01452247498	-0.01452651477	
3.427	0.004485221102	0.3937839228	0.3974215591	-77.29905723	-147.9066735	-147.9209933	-0.007589881268	-0.01462315631	-0.01462745771	
3.428	0.004525214485	0.3987284935	0.4024113526	-77.68979284	-148.8412315	-148.8575098	-0.007629547481	-0.01472515897	-0.01472972859	
3.429	0.004565785704	0.4037681771	0.4074971143	-78.08378141	-149.787514	-149.8058046	-0.007669552244	-0.01482850968	-0.01483335434	
3.43	0.004606946776	0.4089054601	0.4126813526	-78.48106191	-150.7457536	-150.7661117	-0.007709899685	-0.0149332359	-0.01493836259	
3.431	0.004648710057	0.4141429118	0.4179666594	-78.88167391	-151.7161893	-151.7386718	-0.007750594004	-0.01503936588	-0.01504478177	
3.432	0.004691088246	0.4194831874	0.4233557132	-79.28565761	-152.699067	-152.7237324	-0.007791639465	-0.01514692862	-0.01515264112	
3.433	0.004734094403	0.4249290319	0.428851283	-79.69305387	-153.6946392	-153.7215476	-0.007833040403	-0.01525595398	-0.01526197068	
3.434	0.004777741959	0.4304832834	0.4344562319	-80.10390421	-154.7031655	-154.732379	-0.007874801225	-0.01536647266	-0.01537280137	
3.435	0.004822044731	0.4361488772	0.4401735207	-80.51825081	-155.7249132	-155.7564952	-0.00791692641	-0.01547851624	-0.01548516499	
3.436	0.004867016934	0.4419288497	0.4460062125	-80.93613654	-156.7601568	-156.794173	-0.007959420509	-0.01559211721	-0.01559909425	
3.437	0.004912673199	0.4478263428	0.4519574767	-81.35760499	-157.8091789	-157.8456968	-0.008002288152	-0.01570730902	-0.01571462286	
3.438	0.004959028586	0.4538446084	0.4580305933	-81.78270044	-158.8722704	-158.9113593	-0.008045534044	-0.01582412609	-0.01583178546	
3.439	0.005006098599	0.4599870128	0.4642289582	-82.21146791	-159.9497305	-159.991462	-0.008089162969	-0.01594260387	-0.01595061777	
3.44	0.005053899205	0.466257042	0.4705560876	-82.64395317	-161.0418675	-161.0863152	-0.008133179792	-0.01606277888	-0.01607115656	
3.441	0.005102446852	0.4726583065	0.4770156235	-83.08020276	-162.1489985	-162.1962382	-0.008177589459	-0.01618468871	-0.01619343969	
3.442	0.005151758484	0.4791945473	0.4836113394	-83.52026398	-163.2714505	-163.3215602	-0.008222397002	-0.01630837213	-0.01631750621	
3.443	0.005201851564	0.485869641	0.4903471455	-83.96418493	-164.40956	-164.4626202	-0.008267607536	-0.01643386906	-0.01644339634	
3.444	0.005252744091	0.4926876063	0.4972270953	-84.41201453	-165.5636742	-165.6197677	-0.008313226267	-0.01656122068	-0.01657115155	
3.445	0.005304454623	0.4996526101	0.5042553918	-84.86380252	-166.7341505	-166.7933628	-0.008359258488	-0.01669046943	-0.01670081459	
3.446	0.005357002299	0.5067689742	0.5114363942	-85.31959948	-167.9213577	-167.9837767	-0.008405709584	-0.0168216591	-0.01683242958	
3.447	0.00541040686	0.5140411826	0.5187746253	-85.77945689	-169.125676	-169.1913924	-0.008452585033	-0.01695483486	-0.01696604201	
3.448	0.005464688677	0.5214738886	0.5262747784	-86.24342707	-170.3474977	-170.416605	-0.008499890412	-0.01709004332	-0.01710169885	
3.449	0.005519868773	0.5290719228	0.5339417259	-86.71156327	-171.5872273	-171.659822	-0.00854763139	-0.01722733259	-0.01723944855	
3.45	0.00557596885	0.5368403012	0.5417805268	-87.18391966	-172.8452827	-172.9214641	-0.008595813742	-0.01736675235	-0.01737934116	
3.451	0.005633011321	0.5447842343	0.5497964364	-87.66055136	-174.1220949	-174.2019656	-0.00864444334	-0.01750835389	-0.01752142837	
3.452	0.005691019334	0.5529091359	0.5579949149	-88.14151443	-175.4181093	-175.501775	-0.008693526164	-0.01765219022	-0.01766576357	
3.453	0.005750016804	0.5612206327	0.5663816375	-88.62686595	-176.7337857	-176.8213556	-0.008743068299	-0.01779831609	-0.01781240194	
3.454	0.005810028451	0.5697245753	0.5749625045	-89.116664	-178.0695994	-178.1611861	-0.00879307594	-0.01794678812	-0.01796140051	
3.455	0.005871079827	0.5784270482	0.5837436526	-89.61096767	-179.4260416	-179.5217613	-0.008843555394	-0.01809766482	-0.01811281825	
3.456	0.005933197355	0.5873343818	0.5927314663	-90.10983714	-180.80362	-180.9035927	-0.008894513082	-0.01825100672	-0.01826671616	
3.457	0.005996408368	0.5964531645	0.6019325898	-90.61333365	-182.2028598	-182.3072095	-0.008945955542	-0.01840687647	-0.01842315733	
3.458	0.006060741147	0.6057902553	0.6113539408	-91.12151955	-183.6243042	-183.7331588	-0.008997889434	-0.01856533885	-0.01858220708	
3.459	0.006126224964	0.6153527979	0.6210027233	-91.63445832	-185.0685155	-185.1820071	-0.009050321537	-0.01872646096	-0.018743933	
3.46	0.006192890126	0.6251482345	0.6308864429	-92.1522146	-186.5360754	-186.6543407	-0.009103258758	-0.01889031228	-0.01890840512	
3.461	0.00626076802	0.6351843218	0.6410129218	-92.67485422	-188.0275867	-188.1507668	-0.009156708133	-0.01905696478	-0.01907569596	
3.462	0.006329891166	0.6454691468	0.6513903154	-93.20244421	-189.5436735	-189.6719142	-0.009210676829	-0.01922649303	-0.01924588068	
3.463	0.006400293266	0.6560111442	0.6620271295	-93.73505286	-191.0849826	-191.2184346	-0.009265172146	-0.01939897434	-0.01941903718	
3.464	0.006472009259	0.6668191147	0.6729322389	-94.27274972	-192.6521844	-192.7910036	-0.009320201526	-0.01957448888	-0.01959524627	
3.465	0.006545075381	0.6779022447	0.6841149072	-94.81560563	-194.245974	-194.3903217	-0.009375772549	-0.01975311979	-0.01977459174	
3.466	0.006619529223	0.6892701266	0.6955848072	-95.36369281	-195.8670726	-196.0171155	-0.009431892943	-0.01993495337	-0.01995716057	
3.467	0.006695409799	0.7009327811	0.7073520435	-95.91708479	-197.5162284	-197.6721391	-0.009488570583	-0.02012007919	-0.02014304304	
3.468	0.006772757613	0.7129006807	0.7194271762	-96.47585653	-199.1942181	-199.3561752	-0.009545813497	-0.02030859028	-0.02033233291	
3.469	0.006851614733	0.7251847745	0.7318212455	-97.04008444	-200.9018485	-201.0700368	-0.009603629868	-0.02050058326	-0.02052512759	
3.47	0.006932024865	0.737796515	0.7445457994	-97.60984637	-202.6399574	-202.8145684	-0.009662028042	-0.02069615857	-0.0207215283	
3.471	0.007014033439	0.7507478865	0.7576129214	-98.1852217	-204.4094158	-204.5906477	-0.009721016527	-0.02089542064	-0.02092164031	
3.472	0.00709768769	0.7640514352	0.771035262	-98.76629135	-206.2111291	-206.3991873	-0.009780604001	-0.02109847805	-0.02112557309	
3.473	0.007183036755	0.777720302	0.7848260704	-99.35313783	-208.0460393	-208.2411366	-0.009840799313	-0.02130544384	-0.02133344056	
3.474	0.007270131768	0.7917682568	0.7989992302	-99.94584527	-209.9151263	-210.1174833	-0.009901611491	-0.02151643563	-0.02154536132	
3.475	0.007359025965	0.8062097356	0.8135692959	-100.5444995	-211.8194105	-212.0292559	-0.009963049746	-0.02173157596	-0.02176145888	
3.476	0.007449774791	0.82105988	0.8285515336	-101.149188	-213.7599546	-213.9775255	-0.01002512347	-0.02195099247	-0.02198186193	
3.477	0.007542436021	0.8363345798	0.843961963	-101.76	-215.7378658	-215.9634082	-0.01008784227	-0.02217481823	-0.02220670462	
3.478	0.007637069883	0.8520505184	0.8598174038	-102.3770267	-217.7542984	-217.9880676	-0.01015121591	-0.02240319201	-0.02243612686	
3.479	0.007733739191	0.8682252217	0.8761355244	-103.000361	-219.8104563	-220.0527172	-0.01021525438	-0.0226362586	-0.02267027461	
3.48	0.007832509485	0.8848771101	0.8929348949	-103.6300976	-221.9075957	-222.1586234	-0.0102799679	-0.02287416915	-0.02290930025	
3.481	0.007933449188	0.902025555	0.9102350435	-104.2663335	-224.0470282	-224.3071083	-0.01034536686	-0.0231170815	-0.02315336294	
3.482	0.008036629759	0.9196909393	0.9280565175	-104.9091674	-226.2301234	-226.4995528	-0.01041146189	-0.02336516059	-0.02340262899	
3.483	0.008142125872	0.9378947222	0.9464209489	-105.5587002	-228.4583132	-228.7374002	-0.01047826386	-0.02361857889	-0.02365727225	
3.484	0.008250015599	0.9566595095	0.9653511247	-106.2150348	-230.7330943	-231.0221597	-0.01054578386	-0.02387751676	-0.0239174746	
3.485	0.008360380603	0.9760091289	0.9848710633	-106.8782765	-233.056033	-233.3554101	-0.01061403321	-0.02414216301	-0.02418342641	
3.486	0.008473306356	0.9959687115	1.005006096	-107.5485327	-235.4287686	-235.7388042	-0.01068302349	-0.02441271532	-0.02445532701	
3.487	0.008588882358	1.01656478	1.025782956	-108.225913	-237.8530181	-238.1740733	-0.01075276653	-0.02468938087	-0.02473338527	
3.488	0.008707202386	1.037825343	1.047229874	-108.9105296	-240.330581	-240.6630315	-0.01082327442	-0.02497237682	-0.0250178202	
3.489	0.00882836475	1.059779999	1.069376682	-109.6024971	-242.8633445	-243.2075814	-0.01089455952	-0.02526193102	-0.02530886153	
3.49	0.008952472574	1.082460046	1.092254924	-110.3019325	-245.4532885	-245.8097196	-0.01096663446	-0.02555828263	-0.02560675041	
3.491	0.009079634099	1.105898605	1.115897979	-111.0089555	-248.102492	-248.4715421	-0.01103951217	-0.02586168286	-0.02591174016	
3.492	0.009209963003	1.130130747	1.140341192	-111.7236884	-250.8131395	-251.1952515	-0.01111320586	-0.02617239574	-0.02622409703	
3.493	0.00934357875	1.155193638	1.165622018	-112.4462564	-253.5875273	-253.9831631	-0.01118772906	-0.02649069899	-0.02654410105	
3.494	0.009480606969	1.181126693	1.191780178	-113.1767873	-256.4280716	-256.8377133	-0.0112630956	-0.02681688489	-0.02687204697	
3.495	0.009621179856	1.207971746	1.218857824	-113.915412	-259.3373161	-259.7614669	-0.01133931963	-0.0271512613	-0.02720824521	
3.496	0.009765436613	1.235773228	1.246899732	-114.6622645	-262.3179411	-262.7571264	-0.01141641565	-0.02749415269	-0.027553023	
3.497	0.009913523923	1.264578374	1.275953494	-115.4174817	-265.3727724	-265.8275413	-0.01149439849	-0.02784590134	-0.02790672546	
3.498	0.01006559646	1.294437437	1.306069745	-116.181204	-268.5047919	-268.9757184	-0.01157328335	-0.02820686854	-0.02826971696	
3.499	0.01022181744	1.325403929	1.337302402	-116.9535748	-271.7171489	-272.2048331	-0.01165308578	-0.02857743602	-0.0286423824	
3.5	0.01038235924	1.357534882	1.369708923	-117.7347412	-275.0131715	-275.5182415	-0.01173382174	-0.02895800736	-0.02902512878	
3.501	0.01054740403	1.390891135	1.403350605	-118.5248538	-278.3963807	-278.9194939	-0.01181550756	-0.02934900965	-0.02941838679	
3.502	0.0107171445	1.425537652	1.438292892	-119.3240669	-281.8705041	-282.4123489	-0.01189815998	-0.02975089527	-0.02982261259	
3.503	0.01089178463	1.461543865	1.474605728	-120.1325384	-285.4394916	-286.0007896	-0.01198179618	-0.03016414377	-0.03023828976	
3.504	0.0110715405	1.498984058	1.512363944	-120.9504306	-289.107533	-289.6890409	-0.01206643377	-0.03058926399	-0.03066593144	
3.505	0.01125664129	1.537937789	1.551647676	-121.7779094	-292.8790767	-293.4815879	-0.01215209082	-0.0310267964	-0.03110608261	
3.506	0.01144733019	1.578490351	1.592542837	-122.6151453	-296.7588499	-297.3831975	-0.01223878586	-0.03147731558	-0.03155932269	
3.507	0.01164386557	1.620733293	1.635141634	-123.462313	-300.7518816	-301.3989407	-0.01232653793	-0.03194143305	-0.0320262683	
3.508	0.01184652213	1.664764985	1.679543139	-124.3195919	-304.8635278	-305.5342179	-0.01241536657	-0.03241980031	-0.03250757638	
3.509	0.01205559226	1.710691255	1.725853929	-125.1871662	-309.0994982	-309.7947863	-0.01250529184	-0.0329131122	-0.03300394759	
3.51	0.01227138747	1.758626089	1.774188795	-126.0652248	-313.4658873	-314.186791	-0.01259633438	-0.03342211066	-0.03351613003	
3.511	0.01249423999	1.808692419	1.824671525	-126.953962	-317.9692076	-318.7167983	-0.0126885154	-0.03394758883	-0.03404492344	
3.512	0.0127245045	1.861022999	1.87743579	-127.8535773	-322.6164267	-323.3918335	-0.01278185668	-0.03449039563	-0.03459118376	
3.513	0.01296256012	1.915761377	1.932626126	-128.7642759	-327.4150087	-328.2194221	-0.01287638067	-0.03505144083	-0.03515582829	
3.514	0.0132088125	1.973063002	1.990399035	-129.6862687	-332.37296	-333.2076363	-0.01297211046	-0.03563170068	-0.0357398413	
3.515	0.0134636962	2.03309645	2.050924228	-130.6197728	-337.4988805	-338.3651465	-0.01306906981	-0.03623222424	-0.03634428045	
3.516	0.01372767736	2.096044811	2.114386014	-131.5650118	-342.8020207	-343.7012785	-0.01316728322	-0.03685414035	-0.03697028381	
3.517	0.01400125654	2.162107253	2.180984875	-132.5222155	-348.2923457	-349.2260783	-0.01326677594	-0.03749866555	-0.03761907782	
3.518	0.01428497205	2.231500794	2.250939243	-133.4916212	-353.9806065	-354.9503841	-0.01336757399	-0.03816711288	-0.03829198613	
3.519	0.01457940351	2.304462303	2.324487511	-134.4734733	-359.8784213	-360.8859074	-0.01346970426	-0.03886090185	-0.03899043968	
3.52	0.01488517593	2.381250777	2.401890325	-135.4680238	-365.998366	-367.0453247	-0.01357319448	-0.03958156958	-0.0397159879	
3.521	0.01520296424	2.462149941	2.483433191	-136.4755331	-372.3540772	-373.4423811	-0.01367807331	-0.04033078353	-0.04047031148	
3.522	0.01553349836	2.547471208	2.56942945	-137.4962699	-378.9603684	-380.0920071	-0.0137843704	-0.0411103558	-0.04125523684	
3.523	0.01587756892	2.637557082	2.660223699	-138.530512	-385.8333627	-387.0104524	-0.0138921164	-0.04192225949	-0.04207275254	
3.524	0.01623603372	2.732785065	2.756195708	-139.5785468	-392.9906437	-394.2154372	-0.0140013431	-0.04276864731	-0.04292502802	
3.525	0.01660982498	2.833572158	2.857764945	-140.6406716	-400.4514281	-401.7263265	-0.01411208339	-0.04365187285	-0.04381443499	
3.526	0.01699995765	2.940380077	2.965395812	-141.7171948	-408.2367636	-409.5643291	-0.01422437144	-0.04457451504	-0.04474357205	
3.527	0.01740753869	3.053721305	3.079603719	-142.808436	-416.3697573	-417.7527266	-0.01433824271	-0.04553940627	-0.04571529297	
3.528	0.01783377785	3.174166147	3.200962166	-143.9147268	-424.8758388	-426.317139	-0.01445373408	-0.04654966492	-0.0467327394	
3.529	0.01827999975	3.302350979	3.330111023	-145.0364122	-433.7830662	-435.2858317	-0.01457088392	-0.0476087331	-0.0477993788	
3.53	0.01874765794	3.43898795	3.467766263	-146.173851	-443.1224815	-444.6900732	-0.01468973223	-0.04872042056	-0.04891904863	
3.531	0.01923835091	3.584876416	3.614731437	-147.3274169	-452.9285272	-454.5645537	-0.01481032076	-0.04988895616	-0.05009600804	
3.532	0.01975384061	3.740916499	3.771911277	-148.4974998	-463.2395349	-464.9478761	-0.01493269312	-0.05111904821	-0.05133499852	
3.533	0.02029607388	3.90812524	3.940327893	-149.6845073	-474.0983024	-475.8831361	-0.01505689497	-0.0524159558	-0.05264131563	
3.534	0.02086720738	4.087655919	4.121140153	-150.8888657	-485.5527782	-487.4186097	-0.01518297422	-0.05378557342	-0.05402089393	
3.535	0.02146963655	4.280821327	4.315667018	-152.1110222	-497.6568772	-499.6085728	-0.01531098117	-0.05523453185	-0.05548040835	
3.536	0.02210602971	4.48912192	4.525415767	-153.3514466	-510.4714598	-512.5142842	-0.0154409688	-0.05677031919	-0.05702739578	
3.537	0.02277936796	4.714280115	4.752116375	-154.6106333	-524.0655122	-526.2051713	-0.01557299301	-0.05840142698	-0.05867040171	
3.538	0.02349299249	4.958282323	4.997763641	-155.8891044	-538.5175803	-540.7602686	-0.01570711296	-0.06013752754	-0.0604191583	
3.539	0.02425066073	5.223430837	5.264669179	-157.187412	-553.9175221	-556.2699774	-0.01584339139	-0.06198969098	-0.06228480214	
3.54	0.0250566133	5.512408342	5.555526059	-158.5061425	-570.3686661	-572.8382311	-0.01598189507	-0.06397065234	-0.06428014232	
3.541	0.02591565451	5.82835878	5.873489797	-159.8459198	-587.9904898	-590.5851824	-0.01612269529	-0.0660951434	-0.06641999329	
3.542	0.02683324955	6.17498955	6.222280721	-161.2074106	-606.921973	-609.6505665	-0.01626586844	-0.06838030807	-0.06872159141	
3.543	0.02781564265	6.556701882	6.606314515	-162.5913301	-627.3258327	-630.1979473	-0.01641149671	-0.07084622709	-0.07120512112	
3.544	0.02887000173	6.978758769	7.030870353	-163.9984485	-649.3939244	-652.4201324	-0.01655966893	-0.07351658757	-0.07389438606	
3.545	0.03000459687	7.447503576	7.502309722	-165.4295999	-673.3542044	-676.5461498	-0.0167104816	-0.07641954611	-0.07681767408	
3.546	0.03122902229	7.970647871	8.02836449	-166.8856917	-699.4798051	-702.8503422	-0.01686404009	-0.07958885427	-0.08000888488	
3.547	0.03255447486	8.557655075	8.618520804	-168.3677174	-728.1010123	-731.6643637	-0.01702046018	-0.08306534427	-0.08350901816	
3.548	0.03399410695	9.220258609	9.284537487	-169.8767721	-759.6212826	-763.3932205	-0.01717986996	-0.08689891632	-0.08736816383	
3.549	0.03556347829	9.973171724	10.0411561	-171.4140713	-794.5389707	-798.5370249	-0.0173424122	-0.09115123517	-0.09164820169	
3.55	0.03728114123	10.83507487	10.90708846	-172.9809759	-833.4772614	-837.7209551	-0.01750824734	-0.09589944577	-0.09642652063	
3.551	0.03916940843	11.8300116	11.90641262	-174.5790238	-877.2260845	-881.7372015	-0.01767755743	-0.1012413778	-0.1018012268	
3.552	0.04125537404	12.98939612	13.07058018	-176.2099703	-926.8018412	-931.604723	-0.01785055112	-0.1073029637	-0.1078985653	
3.553	0.04357229243	14.35495174	14.4413541	-177.8758434	-983.5340523	-988.6559218	-0.01802747042	-0.1142490022	-0.1148836869	
3.554	0.04616147044	15.98308701	16.07518342	-179.5790161	-1049.193327	-1054.664627	-0.01820859968	-0.1222990593	-0.1229765507	
3.555	0.04907490896	17.95151433	18.04981901	-181.3223065	-1126.183445	-1132.038167	-0.01839427794	-0.131751339	-0.1324757932	
3.556	0.05237905427	20.36936274	20.47442108	-183.1091172	-1217.832974	-1224.108918	-0.0185849161	-0.1430189307	-0.1437949669	
3.557	0.05616020529	23.39259309	23.50496405	-184.9436318	-1328.837816	-1335.576669	-0.01878102126	-0.1566848222	-0.1575175306	
3.558	0.06053237013	27.24673584	27.36695405	-186.8310965	-1465.913597	-1473.16057	-0.01898323151	-0.1735830009	-0.1744778951	
3.559	0.06564856285	32.25669934	32.38519258	-188.7782223	-1638.659211	-1646.461615	-0.0191923657	-0.1949057832	-0.1958686195	
3.56	0.0717161362	38.87059285	39.00749192	-190.7937365	-1860.296253	-1868.699379	-0.01940949163	-0.2222955827	-0.2233318436	
3.561	0.07901394789	47.6171769	47.76185637	-192.889046	-2146.693796	-2155.729997	-0.01963600795	-0.2577229944	-0.2588365236	
3.562	0.08790075372	58.81959584	58.96965897	-195.0787533	-2508.973711	-2518.637694	-0.01987370755	-0.3025652413	-0.3037551584	
3.563	0.0987984014	71.85762445	72.00762896	-197.3806058	-2934.148214	-2944.368194	-0.02012476986	-0.3551940804	-0.3564511723	
3.564	0.1121853708	84.74520243	84.88861296	-199.8157644	-3374.021033	-3384.721918	-0.02039179286	-0.4095931377	-0.4109076923	
3.565	0.1286768436	96.18745719	96.32680176	-202.4110957	-3799.253558	-3810.651768	-0.02067807774	-0.4620927409	-0.4634911896	
3.566	0.1488113121	107.4504928	107.6129234	-205.1925384	-4245.948993	-4259.018065	-0.02098680496	-0.5171799565	-0.5187827082	
3.567	0.1721445054	118.707811	118.9554092	-208.1588935	-4712.583473	-4729.363657	-0.02131777536	-0.5746792046	-0.5767391004	
3.568	0.1974760438	127.0011026	127.3913899	-211.2908042	-5108.736843	-5131.108722	-0.02166851934	-0.6233588827	-0.6261089543	
3.569	0.2258845257	131.9235227	132.4319805	-214.6447141	-5428.572541	-5455.930616	-0.02204595982	-0.6624731482	-0.6658376116	
3.57	0.2612164568	137.6277945	138.1746116	-218.3656544	-5805.632679	-5835.916752	-0.02246800534	-0.7085831782	-0.7123048734	
3.571	0.3057032959	146.1939131	146.8087786	-222.5463883	-6300.447183	-6335.922216	-0.02294607832	-0.7692107861	-0.7735667323	
3.572	0.3581710043	155.0871823	156.1468462	-227.1676555	-6819.957225	-6875.496799	-0.02347770941	-0.8328415179	-0.8396686415	
3.573	0.4161842739	161.1377645	163.150661	-232.1643221	-7252.231149	-7346.688603	-0.02405475164	-0.8856159734	-0.8972456936	
3.574	0.476964697	164.4644604	167.3802303	-237.4439501	-7604.735185	-7735.362749	-0.02466571777	-0.9284469826	-0.9445416785	
3.575	0.5340733572	166.8845916	170.1687408	-242.751562	-7940.709942	-8086.783004	-0.02527908977	-0.9691644251	-0.9871633713	
3.576	0.5805478764	167.6415619	170.9433538	-247.8154425	-8220.194901	-8368.721678	-0.02586126848	-1.002856429	-1.021152742	
3.577	0.6209069978	166.2218203	169.4703553	-252.8399065	-8425.120284	-8572.966643	-0.02643738451	-1.027281335	-1.045489023	
3.578	0.6621591674	165.3595284	168.1191157	-258.095385	-8677.78339	-8803.563772	-0.0270408278	-1.057500574	-1.072990263	
3.579	0.6964318485	166.7140449	168.2481186	-263.1776912	-9047.965773	-9118.333	-0.02762191449	-1.102118303	-1.110782809	
3.58	0.7164445924	169.5012796	170.0709525	-267.7651411	-9499.612241	-9531.224197	-0.02814097132	-1.156692951	-1.16056972	
3.581	0.73428952	173.2336342	174.1163539	-272.473032	-10011.65747	-10070.0986	-0.02867355022	-1.218625933	-1.225769587	
3.582	0.7609255579	176.8184991	179.1165783	-277.8141847	-10523.81141	-10663.8114	-0.0292827324	-1.280522531	-1.29765961	
3.583	0.7899105942	178.3599243	181.8751034	-283.393181	-10931.74126	-11136.70088	-0.02992009821	-1.329586522	-1.354695822	
3.584	0.8082776612	177.3191891	180.5142847	-288.4632076	-11201.646	-11382.96782	-0.03049412507	-1.361683071	-1.383909467	
3.585	0.8056368183	173.4398639	175.3713636	-292.3913415	-11306.52538	-11414.57202	-0.03092733457	-1.373534852	-1.386784116	
3.586	0.7816371875	166.4325235	167.8404868	-295.1607534	-11227.17387	-11309.72006	-0.03121762347	-1.362792665	-1.372904544	
3.587	0.7553729631	159.4754928	160.8462893	-297.9646582	-11168.92591	-11249.22613	-0.0315108971	-1.354550145	-1.364387877	
3.588	0.7428282562	156.3821982	156.5823392	-301.7542682	-11370.4238	-11366.82382	-0.0319235963	-1.377992933	-1.377598224	
3.589	0.7346612742	156.1940207	154.0904884	-305.81532	-11751.08899	-11591.77067	-0.03236869757	-1.423323246	-1.403912586	
3.59	0.7137216694	154.5492529	151.3510087	-308.9662269	-12001.66752	-11785.52875	-0.03270196226	-1.452820347	-1.426420997	
3.591	0.6805440845	148.88321	147.3675198	-311.3095457	-11943.83052	-11880.28114	-0.03293570211	-1.444723729	-1.436844387	
3.592	0.6497184072	140.8462541	142.6137107	-313.9813357	-11710.29804	-11915.89318	-0.0332081815	-1.415179196	-1.440028198	
3.593	0.6352659574	134.0046287	138.5618578	-318.0947662	-11576.54429	-12008.56397	-0.03365481969	-1.3977263	-1.450113713	
3.594	0.6394602812	129.4720929	135.7456954	-323.8307247	-11620.48833	-12192.77187	-0.03429759783	-1.401873724	-1.471318085	
3.595	0.6520556128	125.8454233	132.6490462	-330.3439681	-11724.95132	-12334.76103	-0.03503372351	-1.413377627	-1.487402116	
3.596	0.6643989748	122.8121969	128.5351365	-336.9263963	-11874.7971	-12376.12844	-0.03577706686	-1.430369619	-1.491259041	
3.597	0.6723048755	120.7249549	124.2523984	-343.1726917	-12099.34106	-12394.24157	-0.03647850239	-1.456416509	-1.492277071	
3.598	0.6672542255	118.1258964	120.1601757	-348.2095191	-12246.98281	-12410.95353	-0.0370323103	-1.473177901	-1.493139021	
3.599	0.6462047937	113.0276034	114.8934164	-351.7361055	-12118.68286	-12276.38168	-0.03740203168	-1.456554876	-1.475731998	
3.6	0.6183768293	105.7198446	107.1650055	-354.689098	-11751.69827	-11858.92104	-0.03770100958	-1.411036837	-1.424128384	
3.601	0.5915190416	98.29572458	98.02519224	-357.820018	-11370.64978	-11281.37637	-0.03802027442	-1.363780058	-1.35314851	
3.602	0.5637681952	92.25573182	90.10713908	-360.904724	-11145.22131	-10850.13232	-0.03833274392	-1.335273869	-1.299768743	
3.603	0.5387461473	88.85921888	86.04149404	-364.496702	-11239.99396	-10886.81863	-0.03870482943	-1.345332754	-1.302764174	
3.604	0.5305401266	89.37190492	87.18761	-370.4231803	-11826.41145	-11575.71676	-0.03935651786	-1.414583394	-1.384304762	
3.605	0.5475863298	93.52782779	93.14617618	-379.8023474	-12879.2448	-12882.69946	-0.04042235233	-1.539965613	-1.540238578	
3.606	0.5844781894	99.06575729	101.1778272	-391.9570362	-14105.20022	-14448.07284	-0.04182070137	-1.686165664	-1.727269859	
3.607	0.6244292624	103.0602226	106.6002023	-404.5920701	-15103.15932	-15625.37176	-0.04327549307	-1.804945105	-1.867664067	
3.608	0.6468315041	103.130785	106.2033768	-414.7547746	-15524.22512	-15959.04465	-0.04443192853	-1.85440448	-1.906675461	
3.609	0.6411223869	98.64252426	100.6040084	-420.8598926	-15264.9745	-15530.14062	-0.04509969343	-1.822149899	-1.854062983	
3.61	0.6118129934	91.50055573	92.68596748	-423.5165593	-14607.50534	-14758.33335	-0.04535204475	-1.742052455	-1.760235525	
3.611	0.5732941505	84.7009615	85.53447591	-424.9388264	-14012.62421	-14112.01847	-0.04545455836	-1.669395899	-1.681402905	
3.612	0.5425405868	79.97482244	80.5050733	-427.8221215	-13745.67765	-13791.8536	-0.04573035268	-1.636017998	-1.641660738	
3.613	0.5229351998	76.61492315	76.51439982	-432.5806996	-13673.3225	-13602.69098	-0.04622939275	-1.625988365	-1.617674239	
3.614	0.5031034644	73.15462024	72.23944735	-437.1502965	-13548.40674	-13327.02235	-0.04670484813	-1.609712146	-1.583383762	
3.615	0.4768861596	69.67762217	68.11677405	-440.555623	-13411.78827	-13070.86847	-0.04703970957	-1.592008909	-1.551396214	
3.616	0.4529511799	67.29117412	65.35494092	-444.6219032	-13488.68121	-13078.92124	-0.04745147271	-1.599740218	-1.550898531	
3.617	0.4420469986	66.55415336	64.54476042	-451.5492273	-13893.63008	-13477.29361	-0.04820244285	-1.646565798	-1.596917308	
3.618	0.4468698456	66.98657855	65.32287961	-461.9036697	-14525.33	-14191.2454	-0.0493600491	-1.720415989	-1.680544356	
3.619	0.459649049	67.37070421	66.11049342	-473.9501229	-15118.62494	-14873.87718	-0.05071775498	-1.789717847	-1.760479713	
3.62	0.4645677792	66.66737546	65.44181824	-484.0404478	-15433.54381	-15201.87767	-0.05184163444	-1.825934871	-1.798234762	
3.621	0.4488175999	64.09179211	63.34343328	-489.1609954	-15267.90816	-15178.21661	-0.05237336965	-1.805078315	-1.794175239	
3.622	0.4144010774	59.36575554	59.99339075	-489.8071937	-14543.47439	-14819.70379	-0.05237175716	-1.717879993	-1.750367047	
3.623	0.3738274325	53.61255514	55.39830681	-489.0801747	-13544.62317	-14121.19649	-0.05220501738	-1.598097501	-1.666215208	
3.624	0.3394456014	48.55086403	50.76908032	-490.1581904	-12713.11311	-13411.01074	-0.05225021705	-1.49815368	-1.580635729	
3.625	0.3166366624	44.78791301	47.48432876	-494.5070378	-12202.59856	-13061.00709	-0.0526810043	-1.436289035	-1.537711231	
3.626	0.3041946629	41.91991616	45.64021906	-501.9240219	-11911.13123	-13095.61476	-0.05347294614	-1.400398533	-1.54034149	
3.627	0.3008323595	39.91816746	44.64555794	-512.3087615	-11864.49084	-13358.02144	-0.05461338644	-1.393446904	-1.569929132	
3.628	0.3083614413	39.28367587	44.25886584	-526.4966249	-12242.232	-13795.47132	-0.05620031057	-1.436598474	-1.62018717	
3.629	0.3275779096	40.04727468	44.27222036	-544.8924341	-13061.3565	-14343.65492	-0.05828109701	-1.531846664	-1.683518647	
3.63	0.3528948939	41.26953991	44.03071322	-565.6460057	-14008.54699	-14778.55465	-0.06063731957	-1.642220301	-1.733504701	
3.631	0.3731827126	41.72592383	42.915681	-584.8911205	-14668.77412	-14885.3427	-0.06281306572	-1.71876124	-1.744817696	
3.632	0.3809482707	41.1314383	40.99933997	-599.9584933	-14951.22651	-14690.65195	-0.06449371425	-1.750743735	-1.720596108	
3.633	0.3769894633	39.97791168	38.76828955	-611.0577814	-15027.9101	-14363.38305	-0.065704095	-1.75844853	-1.680757596	
3.634	0.3651214224	38.47015515	36.4255892	-619.4300505	-14954.17587	-13967.93264	-0.06659069684	-1.748446032	-1.632912702	
3.635	0.3469922681	36.55598257	34.02459696	-625.5119306	-14702.77456	-13527.87425	-0.06720528729	-1.717546589	-1.579825269	
3.636	0.3250879798	34.6317214	31.93437517	-630.3485745	-14450.06547	-13216.29349	-0.0676704638	-1.686434197	-1.541774395	
3.637	0.3066091173	33.33375796	30.78655076	-637.1638079	-14474.58867	-13325.12585	-0.06836416672	-1.687789179	-1.552973828	
3.638	0.2971390221	32.74439228	30.78896054	-648.5081514	-14809.23247	-13954.23099	-0.06958524593	-1.725477707	-1.625118017	
3.639	0.2965766441	32.53831812	31.41645709	-664.4065072	-15310.9386	-14861.86333	-0.07133632136	-1.782716382	-1.729874966	
3.64	0.3009209794	32.50451175	31.96329664	-682.991588	-15884.63189	-15721.03425	-0.07339850566	-1.848359717	-1.828926431	
3.641	0.3040115771	32.33304932	32.29519505	-701.2058376	-16365.87357	-16479.28435	-0.07541391979	-1.903196265	-1.916100933	
3.642	0.3020817514	31.69025937	32.46681004	-717.1929186	-16574.04708	-17147.21301	-0.07716518647	-1.92613246	-1.992686151	
3.643	0.2965209334	30.55835913	32.04959987	-731.7669527	-16491.53273	-17462.5933	-0.07874710744	-1.915133158	-2.028130939	
3.644	0.2895396673	29.03662059	30.81625768	-746.1051459	-16156.4284	-17292.57089	-0.08029707773	-1.874691211	-2.006943811	
3.645	0.281661135	27.13323489	29.15983114	-760.4945761	-15556.5156	-16857.92863	-0.08184843944	-1.803425047	-1.954895	
3.646	0.2742143609	24.96929867	27.35222988	-775.8927237	-14768.28827	-16296.0856	-0.08351218015	-1.710239098	-1.888066373	
3.647	0.2701866747	22.9957718	25.33678068	-794.3642466	-14089.96669	-15559.03786	-0.08552801601	-1.629817636	-1.800898924	
3.648	0.2708568625	21.58807095	23.32299993	-816.8505295	-13776.68806	-14802.13147	-0.08800498691	-1.591816504	-1.711417886	
3.649	0.2744406107	20.80742502	21.79229309	-842.2723108	-13886.07495	-14366.8987	-0.09081708354	-1.60289268	-1.659287071	
3.65	0.2796193667	20.59778716	20.85917096	-870.0132133	-14405.74235	-14333.43713	-0.09389168735	-1.661539772	-1.653812169	
3.651	0.2881078893	20.91492108	20.23068311	-901.6191988	-15327.56577	-14496.81225	-0.09740723997	-1.766755676	-1.671186391	
3.652	0.2997028582	21.59449617	19.76047675	-936.8807893	-16534.37674	-14778.69606	-0.1013393401	-1.904936939	-1.702244831	
3.653	0.3090172132	22.27782839	19.64465208	-971.3605706	-17734.0321	-15365.84989	-0.1051740207	-2.042259835	-1.76854832	
3.654	0.3117593742	22.54183635	20.0222612	-1001.665283	-18565.36855	-16380.98066	-0.1085177917	-2.136949046	-1.884283269	
3.655	0.3105268457	22.2506672	20.67056004	-1030.309608	-18908.5078	-17619.8683	-0.1116604344	-2.175148531	-2.025864851	
3.656	0.3103775126	21.63182483	21.06382554	-1061.893511	-18951.6073	-18588.67423	-0.1151329295	-2.178642175	-2.136287508	
3.657	0.31305974	20.77263602	20.71627305	-1098.024139	-18734.74199	-18819.07453	-0.1191204511	-2.152160509	-2.161519942	
3.658	0.3169110764	19.53704652	19.64765808	-1137.235604	-18105.98429	-18331.5909	-0.1234530535	-2.078225026	-2.103927531	
3.659	0.3205972397	18.11863141	18.33261902	-1178.607955	-17272.48642	-17595.75508	-0.1280231271	-1.980685094	-2.017654718	
3.66	0.3255942618	16.94058058	17.16700337	-1224.306	-16677.08873	-17010.17905	-0.1330778897	-1.910548612	-1.948649238	
3.661	0.335109995	16.12700893	16.35440797	-1278.468153	-16433.21971	-16790.98244	-0.1390913304	-1.880925736	-1.921796484	
3.662	0.3508486014	15.3724234	15.84040949	-1343.677988	-16175.18026	-16859.25573	-0.1463581494	-1.849818747	-1.928070073	
3.663	0.372416847	14.35687862	15.22840942	-1420.343403	-15534.93886	-16727.68588	-0.1549222092	-1.774927104	-1.911537095	
3.664	0.3992333867	13.13755672	14.19836578	-1508.93861	-14603.86953	-16016.12897	-0.1648340587	-1.666691935	-1.828532943	
3.665	0.4323366822	11.98909425	12.94877115	-1612.395869	-13744.57082	-15007.06223	-0.1764249428	-1.566673559	-1.711387175	
3.666	0.4759350999	11.15260513	11.92050283	-1738.382782	-13290.70235	-14293.80528	-0.1905671553	-1.51307563	-1.628074684	
3.667	0.5361575693	10.74831255	11.32782778	-1897.734342	-13425.88598	-14170.54148	-0.2084940551	-1.526881077	-1.612284245	
3.668	0.6176453878	10.7246916	11.09164776	-2099.653134	-14090.27087	-14531.73511	-0.2312506753	-1.601210826	-1.651923214	
3.669	0.7207358698	10.85917398	11.01197242	-2347.115889	-14957.327	-15097.82004	-0.2591695515	-1.698728277	-1.714989695	
3.67	0.8396220758	10.84842098	10.93925954	-2633.429726	-15559.30891	-15656.96973	-0.2914787407	-1.766003282	-1.777242488	
3.671	0.9670637644	10.53470299	10.82299134	-2949.488025	-15658.64165	-16140.14953	-0.3271307189	-1.775881582	-1.830774626	
3.672	1.099407194	10.0735262	10.65835427	-3290.897604	-15537.04339	-16541.28617	-0.365618283	-1.760436081	-1.87488896	
3.673	1.227682328	9.735204409	10.44592472	-3642.336622	-15673.04869	-16865.44489	-0.4051926316	-1.774169018	-1.910150994	
3.674	1.341934302	9.679301745	10.2470921	-3987.030709	-16365.47101	-17238.02523	-0.4439383986	-1.851070267	-1.95080026	
3.675	1.444573125	9.933779134	10.18320422	-4331.326985	-17684.23546	-17901.9473	-0.4825703226	-1.999048347	-2.02443268	
3.676	1.545774057	10.40923251	10.31463327	-4697.731242	-19468.9737	-18976.71186	-0.5236367676	-2.199838333	-2.144625623	
3.677	1.668020704	10.94187294	10.54456569	-5136.412095	-21396.31658	-20260.70104	-0.5728210794	-2.416691077	-2.288490724	
3.678	1.830430584	11.39276874	10.72659965	-5689.138097	-23174.63662	-21450.67338	-0.6348564708	-2.616509131	-2.421600659	
3.679	2.015924769	11.66632903	10.81535194	-6316.950584	-24572.84285	-22450.92411	-0.7053259314	-2.773142268	-2.533095094	
3.68	2.187181563	11.66265551	10.80581555	-6935.575788	-25329.39209	-23234.60902	-0.7746765028	-2.85703964	-2.619970166	
3.681	2.327065402	11.36344874	10.683557	-7506.722261	-25375.65787	-23748.69313	-0.8385647488	-2.860492416	-2.676266733	
3.682	2.441628395	10.86614713	10.44662615	-8045.745978	-24925.09609	-23966.94905	-0.8987229462	-2.807707884	-2.699069291	
3.683	2.551890887	10.28765463	10.09654913	-8606.601966	-24250.18079	-23875.2068	-0.9612450062	-2.729542892	-2.686818768	
3.684	2.675552561	9.727830187	9.67851479	-9230.354663	-23602.42096	-23582.94626	-1.030779713	-2.654432006	-2.651904217	
3.685	2.784279253	9.25298315	9.238739938	-9826.074468	-23155.03744	-23202.24848	-1.097094386	-2.601946102	-2.60700996	
3.686	2.826171346	8.847745467	8.796211207	-10237.53259	-22853.01168	-22787.07868	-1.142589168	-2.565910505	-2.558220334	
3.687	2.793739348	8.445858671	8.420388258	-10442.51006	-22500.22962	-22559.39242	-1.164757558	-2.524230399	-2.530505664	
3.688	2.727935629	8.033651451	8.169098739	-10565.77056	-22068.1638	-22694.48688	-1.177645091	-2.473664722	-2.543610925	
3.689	2.671278137	7.637905279	7.966830747	-10740.57809	-21647.01872	-22931.19955	-1.19624495	-2.424352923	-2.56820641	
3.69	2.649198745	7.269459573	7.695710339	-11048.75283	-21281.89158	-22886.18886	-1.229756551	-2.381343479	-2.561184112	
3.691	2.644728833	6.968459273	7.38558736	-11423.29243	-21133.42897	-22696.88805	-1.270671759	-2.362628443	-2.537899551	
3.692	2.611030859	6.770116058	7.147327463	-11698.13388	-21338.79378	-22773.75637	-1.300345691	-2.383577765	-2.54438756	
3.693	2.558083648	6.64791995	7.017058607	-11933.82537	-21803.51722	-23244.94046	-1.325505916	-2.433590552	-2.595034689	
3.694	2.559348261	6.553322306	6.939493746	-12439.05063	-22349.22651	-23887.09859	-1.380672627	-2.492661193	-2.664841823	
3.695	2.674872356	6.457743687	6.836607633	-13472.90648	-22868.48541	-24387.73046	-1.494802684	-2.548747311	-2.718823917	
3.696	2.913182255	6.348105421	6.692030899	-15080.17237	-23307.13752	-24685.7766	-1.67287903	-2.595792971	-2.750138091	
3.697	3.208073697	6.219631363	6.520957726	-16962.31946	-23636.69272	-24828.97612	-1.881561836	-2.630636473	-2.764169775	
3.698	3.433981383	6.049595679	6.282178493	-18534.43731	-23736.54065	-24594.1762	-2.05557473	-2.639854628	-2.736089225	
3.699	3.512580584	5.820091765	5.938484996	-19428.92534	-23520.21346	-23801.54113	-2.153897069	-2.613806114	-2.645842562	
3.7	3.486259575	5.571680964	5.554674825	-19857.54715	-23196.10251	-22786.88126	-2.200120324	-2.575703112	-2.530827478	
3.701	3.445316734	5.360665739	5.23257732	-20261.31923	-23051.02477	-22076.61276	-2.243408967	-2.557497747	-2.449668429	
3.702	3.415659301	5.205429855	5.020454692	-20743.22741	-23177.58489	-21931.48284	-2.295304915	-2.569510209	-2.4313767	
3.703	3.361547947	5.087272995	4.91515191	-21094.35764	-23469.46588	-22348.90706	-2.332601846	-2.599927072	-2.475633252	
3.704	3.286188594	4.973338562	4.882922947	-21351.27541	-23736.174	-23140.50941	-2.359313115	-2.627589673	-2.561500877	
3.705	3.245107887	4.83805417	4.847798289	-21852.9291	-23817.44832	-23834.43025	-2.413042548	-2.634728567	-2.636642314	
3.706	3.26093894	4.655605918	4.714489691	-22726.43857	-23534.98174	-23817.00134	-2.507918178	-2.601611368	-2.633038773	
3.707	3.298370528	4.41598001	4.449509359	-23731.11988	-22817.8234	-22871.62262	-2.617295085	-2.520393487	-2.52668774	
3.708	3.305071292	4.151138657	4.119544095	-24509.56599	-21875.77756	-21446.25496	-2.701611186	-2.41432934	-2.367208513	
3.709	3.252408795	3.888637739	3.802343653	-24852.1577	-20883.75948	-20059.77896	-2.737696572	-2.302821447	-2.212082457	
3.71	3.136243393	3.632564505	3.523154714	-24708.66868	-19865.53107	-18883.32161	-2.720042161	-2.188513844	-2.080261277	
3.711	2.973751033	3.391689624	3.290884743	-24191.04277	-18899.82546	-18001.35158	-2.661052105	-2.080079376	-1.981039882	
3.712	2.795296013	3.186709867	3.116564403	-23518.94168	-18167.44608	-17522.61399	-2.585018687	-1.997439352	-1.92637669	
3.713	2.613023167	3.031218899	2.993609948	-22772.36027	-17794.34453	-17408.4119	-2.500811806	-1.954456386	-1.911974409	
3.714	2.430114478	2.918940652	2.897496467	-21984.3537	-17744.35522	-17469.89849	-2.412057666	-1.947108597	-1.916980054	
3.715	2.276241253	2.839081994	2.813518446	-21438.33388	-17949.62595	-17604.2609	-2.34990986	-1.967863887	-1.930013496	
3.716	2.180456053	2.792182131	2.745142811	-21410.04041	-18440.14323	-17866.44809	-2.344683982	-2.019968585	-1.957071018	
3.717	2.135780728	2.772434278	2.702138006	-21839.63149	-19164.99701	-18363.8553	-2.389787796	-2.0978204	-2.009930518	
3.718	2.113613867	2.751832203	2.682523158	-22460.36699	-19838.82683	-19074.82716	-2.455887671	-2.170093139	-2.086221099	
3.719	2.090362425	2.698409785	2.659793515	-23047.7783	-20128.0706	-19714.61224	-2.518311628	-2.200185642	-2.15471574	
3.72	2.054687366	2.604032113	2.603763067	-23489.28906	-19951.01531	-19959.44387	-2.564698171	-2.179124982	-2.179906509	
3.721	2.003966705	2.493581711	2.515605636	-23760.77951	-19594.14169	-19838.84429	-2.5923912	-2.138285214	-2.164991498	
3.722	1.951313278	2.402804291	2.430955771	-24024.95615	-19474.24132	-19779.84614	-2.61917711	-2.12329847	-2.156698219	
3.723	1.916773488	2.350220905	2.382777821	-24525.32893	-19814.93414	-20178.35072	-2.671689737	-2.15862988	-2.198345162	
3.724	1.902031044	2.331068785	2.37351977	-25278.39747	-20558.94124	-21057.29168	-2.751741736	-2.23801329	-2.292458229	
3.725	1.896871204	2.324004526	2.377162198	-26162.82335	-21429.65481	-22068.2866	-2.846050061	-2.331233221	-2.401006956	
3.726	1.903435167	2.304196909	2.358521723	-27218.02636	-22090.9258	-22729.86238	-2.958890063	-2.401603426	-2.471455291	
3.727	1.917026887	2.258950034	2.302916269	-28357.54901	-22367.98459	-22839.56111	-3.080879476	-2.430058063	-2.481717179	
3.728	1.91308984	2.197575676	2.223806597	-29196.32856	-22400.03805	-22591.89831	-3.170124676	-2.431763383	-2.452997638	
3.729	1.868625272	2.137610254	2.144263249	-29361.39715	-22440.84196	-22325.42337	-3.186082659	-2.434381952	-2.422189347	
3.73	1.77366139	2.082680307	2.076969894	-28669.24748	-22521.46814	-22214.86543	-3.108859476	-2.441357071	-2.408364021	
3.731	1.637504463	2.020122173	2.009726777	-27254.0986	-22409.30039	-22029.85384	-2.953089139	-2.427460384	-2.386550124	
3.732	1.489008717	1.935151194	1.922986496	-25599.16006	-21837.60304	-21428.68106	-2.771270823	-2.363754369	-2.31965236	
3.733	1.360226027	1.826969425	1.8159964	-24270.25661	-20794.78983	-20406.56024	-2.624812116	-2.248978214	-2.207134628	
3.734	1.269337997	1.716029517	1.707810045	-23615.54373	-19669.39754	-19325.01677	-2.551434809	-2.125243833	-2.088183007	
3.735	1.220657501	1.625767322	1.619185144	-23754.46426	-18909.06449	-18582.37931	-2.56399761	-2.041062563	-2.005962723	
3.736	1.214387845	1.560061965	1.553773485	-24737.82142	-18589.04359	-18249.59188	-2.667895689	-2.004588237	-1.968162139	
3.737	1.243579897	1.511222783	1.50314094	-26445.78095	-18572.21048	-18168.94743	-2.850114204	-2.000938635	-1.957684323	
3.738	1.28331027	1.476188037	1.462810739	-28339.10592	-18822.38247	-18270.35359	-3.052380775	-2.026140609	-1.966898013	
3.739	1.299711004	1.45310936	1.431345831	-29649.27209	-19314.92799	-18536.04847	-3.19172616	-2.077501328	-1.993858179	
3.74	1.27171368	1.436608137	1.404126604	-29875.43849	-19932.12683	-18863.98131	-3.214133646	-2.142303735	-2.027544131	
3.741	1.203361604	1.418679109	1.375417797	-29101.8577	-20480.58432	-19121.28842	-3.12871926	-2.199695771	-2.053618485	
3.742	1.11838908	1.392428172	1.343774847	-27908.16787	-20787.39547	-19278.11351	-2.997964717	-2.231047757	-2.068851598	
3.743	1.045340481	1.358070097	1.311188578	-27024.92435	-20860.54113	-19386.74564	-2.900546368	-2.237214832	-2.078874034	
3.744	0.9989030055	1.321154393	1.279209692	-26832.65793	-20847.86878	-19486.88866	-2.877437732	-2.234109776	-2.08796422	
3.745	0.9717046083	1.286654159	1.248051226	-27114.23688	-20884.03607	-19583.60285	-2.90532216	-2.236221536	-2.096670303	
3.746	0.9472589168	1.256012307	1.217973121	-27400.84456	-21006.17674	-19688.98589	-2.933821939	-2.247552763	-2.106283808	
3.747	0.9173841799	1.227360395	1.190974337	-27468.21179	-21157.14732	-19869.82301	-2.938827086	-2.261974827	-2.123962142	
3.748	0.8832114588	1.199812841	1.168198259	-27364.04648	-21315.09793	-20162.9155	-2.925442923	-2.277134907	-2.153654357	
3.749	0.848432081	1.174588062	1.148232501	-27207.91342	-21519.31546	-20519.51854	-2.906496179	-2.297248949	-2.190146679	
3.75	0.8140169713	1.149846456	1.127807943	-27019.79615	-21688.39064	-20817.88959	-2.884161515	-2.313647104	-2.220430959	
3.751	0.7770520369	1.117484379	1.101132558	-26685.43278	-21511.00448	-20834.95574	-2.846240389	-2.29307961	-2.220684451	
3.752	0.7359443604	1.072494204	1.063724624	-26142.27167	-20801.19534	-20395.37273	-2.786050355	-2.215671685	-2.172187745	
3.753	0.6924081567	1.021420367	1.018131885	-25458.85305	-19816.8034	-19598.54344	-2.710897542	-2.108950784	-2.085555737	
3.754	0.6523524321	0.9738203841	0.9730710727	-24885.83883	-18932.44778	-18795.27958	-2.647494069	-2.012915222	-1.998223111	
3.755	0.6226037524	0.9332364138	0.9361509015	-24723.7495	-18293.21831	-18300.17569	-2.627849225	-1.943042518	-1.943742028	
3.756	0.6055827932	0.9006106655	0.9086866174	-25096.88563	-17962.92415	-18169.61891	-2.665169358	-1.906081887	-1.928124476	
3.757	0.5990310701	0.8785525999	0.8865978468	-25928.48527	-18088.05086	-18230.28299	-2.751233736	-1.917567152	-1.932898805	
3.758	0.5992850437	0.8672788732	0.866643261	-27074.39379	-18695.65806	-18354.19212	-2.870650093	-1.980343118	-1.944402675	
3.759	0.6034820027	0.8621710681	0.8494699011	-28410.95065	-19573.82692	-18593.23194	-3.010239033	-2.071860465	-1.968109253	
3.76	0.6079715395	0.8577427426	0.8364268006	-29754.6216	-20461.58005	-19022.98676	-3.150506908	-2.164369988	-2.012033183	
3.761	0.6086668561	0.8515401714	0.8260296957	-30883.97195	-21238.77729	-19561.87264	-3.267974643	-2.245108099	-2.067528369	
3.762	0.6022581456	0.8421888285	0.8140056478	-31605.28743	-21819.77115	-19974.36393	-3.342136216	-2.30502077	-2.109628544	
3.763	0.5884757771	0.8276051392	0.7982104191	-31893.74022	-22071.94239	-20150.25839	-3.370387161	-2.33009048	-2.126634835	
3.764	0.5705775803	0.8079898152	0.7818442493	-31919.90101	-22001.41997	-20287.97918	-3.370836918	-2.320980314	-2.139534889	
3.765	0.5496350331	0.7867730452	0.7684530266	-31718.06177	-21811.86601	-20595.19684	-3.347186802	-2.299251925	-2.170320128	
3.766	0.5255412525	0.7670117194	0.75741696	-31268.02469	-21678.13453	-21015.14942	-3.297338468	-2.283434504	-2.213032078	
3.767	0.499914537	0.7472497486	0.7447932673	-30666.33916	-21475.81476	-21268.69392	-3.231516267	-2.260452099	-2.238232984	
3.768	0.4743675117	0.723835386	0.726280591	-30005.39243	-20943.98214	-21045.51959	-3.159506393	-2.202792106	-2.213209785	
3.769	0.4489597421	0.6969582011	0.7010578253	-29271.61705	-20102.1577	-20284.32349	-3.079911823	-2.112503967	-2.131506207	
3.77	0.4231479278	0.6699127417	0.6734612501	-28418.93129	-19192.20147	-19308.43206	-2.987893718	-2.015082743	-2.027190741	
3.771	0.3968329143	0.6448493571	0.6485552788	-27443.75714	-18373.96417	-18496.85506	-2.883075906	-1.927374976	-1.940196607	
3.772	0.3717949724	0.6225349827	0.6275093343	-26504.23888	-17714.3568	-17930.15795	-2.782067603	-1.856411125	-1.879031292	
3.773	0.350984387	0.6033937285	0.6084629804	-25851.04186	-17259.41986	-17453.13197	-2.711210218	-1.807012049	-1.827383227	
3.774	0.3342720364	0.5870045556	0.5898323713	-25465.8377	-16981.42326	-16942.99104	-2.668599891	-1.776251841	-1.772328974	
3.775	0.3186171963	0.5720387138	0.5718978852	-25076.19297	-16771.05455	-16439.65365	-2.625653379	-1.752641472	-1.718032024	
3.776	0.3011436626	0.5576675378	0.5553922555	-24421.82867	-16568.20128	-16021.22095	-2.555069178	-1.729843885	-1.67266703	
3.777	0.2814259216	0.5445700405	0.5407282826	-23481.04868	-16455.19016	-15738.59395	-2.454537876	-1.716453891	-1.64154774	
3.778	0.2626299447	0.5333252139	0.5280581141	-22594.62714	-16495.9336	-15621.69368	-2.35969371	-1.719153909	-1.627777148	
3.779	0.2479510948	0.5232844036	0.517639164	-22108.46845	-16630.051	-15716.48176	-2.306701685	-1.731611659	-1.636123965	
3.78	0.2382558827	0.5142086378	0.5097969436	-22138.94513	-16850.49891	-16076.44494	-2.307683454	-1.753051404	-1.672142592	
3.781	0.2333260402	0.5066924532	0.5042149936	-22697.19267	-17239.32827	-16678.52723	-2.363729388	-1.792013607	-1.733399228	
3.782	0.2329531159	0.5008305437	0.4999154743	-23793.84811	-17819.14844	-17420.52694	-2.475874751	-1.850833299	-1.809200301	
3.783	0.2363386275	0.4966957991	0.4962377027	-25343.93612	-18615.10447	-18234.97814	-2.635229614	-1.932097975	-1.892482287	
3.784	0.2403182065	0.4942199063	0.4928981861	-26934.78982	-19624.02346	-19090.43028	-2.798817971	-2.035466715	-1.979959784	
3.785	0.2409086563	0.4921049652	0.4892487205	-28035.86244	-20671.35893	-19896.84704	-2.911416388	-2.142772848	-2.062268873	
3.786	0.2368825861	0.4890288827	0.4845474307	-28475.19327	-21576.79162	-20548.51305	-2.955149712	-2.235253906	-2.128419593	
3.787	0.2293602109	0.4845817063	0.4786835995	-28388.0461	-22273.11079	-21024.19382	-2.944135729	-2.305943055	-2.176215858	
3.788	0.2196145956	0.4782302319	0.4718419985	-27929.46176	-22663.03126	-21342.92653	-2.894557639	-2.344774643	-2.207652412	
3.789	0.2083036503	0.4699784837	0.4645170748	-27173.20187	-22740.70605	-21577.19066	-2.814139116	-2.351156376	-2.230260235	
3.79	0.1959354113	0.4611216903	0.4573932042	-26183.90587	-22707.34544	-21831.44705	-2.709624396	-2.345971672	-2.254885174	
3.791	0.1833548234	0.4525833424	0.45069193	-25094.4087	-22696.93746	-22134.97251	-2.59479758	-2.343149735	-2.284578391	
3.792	0.1713695812	0.4439613312	0.4441714854	-24037.28386	-22622.41394	-22438.25606	-2.483403342	-2.333712608	-2.314230664	
3.793	0.1601015836	0.4347193122	0.4372534442	-23036.46306	-22384.278	-22625.96234	-2.377915701	-2.30737307	-2.331934291	
3.794	0.1499109236	0.4250780399	0.4292199388	-22179.16536	-22024.15136	-22555.50463	-2.287308743	-2.268435208	-2.322966731	
3.795	0.141656186	0.4155049795	0.4202041203	-21653.43397	-21632.02981	-22257.83264	-2.230958212	-2.22619897	-2.290515479	
3.796	0.1358356659	0.4065367254	0.41145223	-21579.16222	-21321.37322	-21988.22816	-2.221195225	-2.192366656	-2.260926382	
3.797	0.1321028118	0.398586442	0.4037227425	-21902.92009	-21184.13299	-21896.09055	-2.252467694	-2.176413339	-2.249631698	
3.798	0.1296252499	0.3916671945	0.3966610049	-22472.07561	-21232.36799	-21900.27065	-2.308985231	-2.17956465	-2.248277282	
3.799	0.1281896485	0.385733304	0.3898484606	-23276.79411	-21466.40161	-21913.2175	-2.389655402	-2.201834965	-2.247834274	
3.8	0.1282253579	0.3803685448	0.3831207037	-24449.71547	-21789.17017	-21903.19532	-2.508062831	-2.233238267	-2.245025742	
3.801	0.1299719559	0.3748820708	0.3766182601	-26066.84437	-22038.48592	-21916.58316	-2.671991343	-2.257087026	-2.244597734	
3.802	0.13270996	0.3693008737	0.3708163774	-27941.30249	-22233.43765	-22081.4671	-2.862261278	-2.275320919	-2.259697617	
3.803	0.1345892676	0.36385092	0.3656557559	-29568.70289	-22429.43577	-22378.62989	-3.027140765	-2.293641675	-2.288363031	
3.804	0.1340870778	0.3582812047	0.3606627248	-30521.19456	-22554.60075	-22682.62013	-3.122772698	-2.304684425	-2.317718223	
3.805	0.1311217758	0.3526781502	0.3557020595	-30755.75321	-22644.99832	-22962.18484	-3.144789565	-2.312123301	-2.344547173	
3.806	0.1263304336	0.3475598715	0.3507911476	-30430.8287	-22861.67319	-23222.05774	-3.109479177	-2.332437664	-2.369338013	
3.807	0.1207837233	0.343202761	0.345885374	-29860.67475	-23289.38688	-23446.36037	-3.049028579	-2.37430376	-2.390472385	
3.808	0.1158664843	0.3393784671	0.3409827206	-29471.87399	-23847.74795	-23631.31018	-3.007084811	-2.429518553	-2.407572338	
3.809	0.1120345241	0.3353669698	0.336010796	-29382.08196	-24284.67292	-23745.50349	-2.995735873	-2.472354366	-2.417447284	
3.81	0.1083195507	0.3305339866	0.3308659792	-29222.44288	-24377.58321	-23748.6001	-2.977402811	-2.480097263	-2.415992044	
3.811	0.1032611255	0.3250373453	0.3255930558	-28452.06555	-24184.17052	-23652.06905	-2.896958385	-2.458636169	-2.40439151	
3.812	0.09642373567	0.3193637931	0.320239451	-26917.92035	-23871.12566	-23462.74718	-2.738798374	-2.425000092	-2.383370424	
3.813	0.0889215899	0.3135247917	0.3146452315	-25062.49817	-23416.59799	-23100.2622	-2.547973381	-2.377021656	-2.344784639	
3.814	0.08216779195	0.3072135965	0.3084770614	-23453.26161	-22685.79027	-22418.06268	-2.382234536	-2.301005844	-2.273746438	
3.815	0.07692879076	0.3006553096	0.3018731776	-22420.68338	-21784.69067	-21483.8453	-2.275163912	-2.207709339	-2.177122851	
3.816	0.07341638622	0.2945584871	0.295585985	-22086.07647	-21030.97047	-20638.24421	-2.239029519	-2.129399055	-2.089505572	
3.817	0.0714615239	0.2892450671	0.290175623	-22406.07226	-20568.72342	-20138.4575	-2.269366111	-2.080714282	-2.037006479	
3.818	0.07052823081	0.2845043061	0.2856228479	-23153.71124	-20308.44181	-19984.25439	-2.343105275	-2.052557652	-2.019587368	
3.819	0.06987378654	0.2802332555	0.2817353025	-23981.4427	-20226.61852	-20103.25277	-2.424993809	-2.042494852	-2.029869404	
3.82	0.0688042044	0.2765782132	0.2783835371	-24541.53539	-20417.29435	-20445.96039	-2.479810377	-2.060016867	-2.062810807	
3.821	0.06690361184	0.2734170766	0.2752761744	-24615.70421	-20815.78213	-20863.03228	-2.485464308	-2.098581062	-2.103290601	
3.822	0.06435831261	0.2702626301	0.2720859605	-24314.69794	-21154.45254	-21180.01043	-2.453135672	-2.131122096	-2.133657172	
3.823	0.0618983926	0.2668771049	0.2687144929	-24064.91083	-21312.02385	-21344.56134	-2.42588839	-2.145356226	-2.148617324	
3.824	0.06018035039	0.2634529394	0.2651801287	-24257.8589	-21409.10865	-21362.37445	-2.4432487	-2.153454157	-2.148759519	
3.825	0.05930253535	0.2600860547	0.2614809678	-24954.68235	-21496.11344	-21230.18064	-2.51138569	-2.160523652	-2.133760105	
3.826	0.05889199672	0.2567086949	0.2577992501	-25921.43936	-21530.52411	-21075.47497	-2.606709381	-2.162279084	-2.116453376	
3.827	0.05845806591	0.2534191465	0.2544471806	-26837.63779	-21588.00162	-21115.35895	-2.69692749	-2.166325007	-2.118694063	
3.828	0.05770755544	0.2503593823	0.2515769331	-27503.17601	-21769.37436	-21460.19388	-2.761896945	-2.182808589	-2.151582826	
3.829	0.05659007422	0.2475285026	0.2491109268	-27870.22578	-22073.91801	-22054.66024	-2.796835537	-2.211658808	-2.209556736	
3.83	0.05503184603	0.2448358099	0.2467283872	-27857.81151	-22430.15381	-22651.13455	-2.793661936	-2.245701565	-2.267746538	
3.831	0.05296360615	0.2420462932	0.2440625048	-27397.37506	-22643.69242	-22961.3227	-2.745523189	-2.265440697	-2.297207911	
3.832	0.05064324468	0.2389562134	0.2410398029	-26700.30624	-22551.26401	-22930.72891	-2.673625165	-2.254490604	-2.292464594	
3.833	0.04851592199	0.2357288555	0.2378978987	-26137.94081	-22304.15289	-22764.2615	-2.615205779	-2.227994399	-2.274055385	
3.834	0.04676155969	0.2327137642	0.2349488461	-25862.2026	-22212.54943	-22732.58449	-2.585497661	-2.217024345	-2.269107857	
3.835	0.04534778602	0.2300489081	0.2322646162	-25855.28728	-22395.75392	-22887.49883	-2.582695614	-2.233539589	-2.282841064	
3.836	0.04426298706	0.2275916643	0.2296244896	-26123.06591	-22715.32932	-23007.41386	-2.607353218	-2.263702107	-2.293118362	
3.837	0.04344699796	0.2251427202	0.2268062696	-26611.51679	-22980.10157	-22874.44457	-2.654064192	-2.288397167	-2.27816294	
3.838	0.04267314752	0.2226181534	0.223819953	-27085.37838	-23111.57876	-22505.27742	-2.69934829	-2.299775195	-2.239632441	
3.839	0.04168707422	0.220062353	0.2208309317	-27276.71369	-23162.70296	-22081.18427	-2.716472225	-2.303112733	-2.195609289	
3.84	0.04045183367	0.2175722924	0.2180521436	-27150.45295	-23241.06649	-21843.39836	-2.701933124	-2.309141687	-2.170138584	
3.841	0.03912313799	0.2151852218	0.2155812323	-26885.33662	-23384.54766	-21900.76898	-2.673541105	-2.321648593	-2.174075522	
3.842	0.03790044091	0.2128683316	0.2132795951	-26713.8127	-23548.60514	-22083.18635	-2.654448782	-2.336211929	-2.190496521	
3.843	0.03684795291	0.2105404062	0.2109708288	-26702.42048	-23622.18761	-22178.87337	-2.651303453	-2.341807744	-2.198323735	
3.844	0.03585485817	0.2080843829	0.2085937884	-26701.75955	-23445.81919	-22113.58	-2.649273379	-2.322604034	-2.190172717	
3.845	0.0348240871	0.2054943017	0.2061501993	-26582.93065	-23014.86257	-21890.93266	-2.635561707	-2.278138925	-2.166404544	
3.846	0.03370334049	0.2028956917	0.2037212279	-26261.08338	-22503.32922	-21628.46517	-2.601777906	-2.22569115	-2.138678756	
3.847	0.03240160434	0.2003594564	0.2013848684	-25589.14197	-22005.36174	-21437.3278	-2.533370256	-2.174617434	-2.118025404	
3.848	0.03093556695	0.1978947915	0.1991423996	-24595.24477	-21539.51248	-21322.70885	-2.433123645	-2.126747525	-2.104953747	
3.849	0.02948477221	0.1955649429	0.1970134018	-23564.20585	-21220.60341	-21329.52985	-2.329233949	-2.093421376	-2.103885348	
3.85	0.02819340328	0.1934339389	0.1950443178	-22730.13044	-21166.7713	-21545.66864	-2.244865959	-2.086303514	-2.123494726	
3.851	0.02710673567	0.1915101225	0.193225214	-22181.31643	-21407.18922	-21959.39139	-2.188728146	-2.108252179	-2.162617151	
3.852	0.02624355457	0.1897577766	0.1914779999	-21975.9976	-21892.91442	-22436.48981	-2.16652686	-2.154408737	-2.207993006	
3.853	0.02562340204	0.1881131804	0.1897281437	-22174.7399	-22518.54766	-22844.10346	-2.184195226	-2.214351029	-2.246504542	
3.854	0.02520758823	0.1865133089	0.1879398997	-22718.16891	-23169.23085	-23112.3979	-2.235852893	-2.276745053	-2.271270732	
3.855	0.02488235571	0.1848887683	0.1861038919	-23390.14965	-23701.87741	-23215.23054	-2.300187759	-2.327505306	-2.279733268	
3.856	0.02452187063	0.1831619544	0.1842068995	-23939.38478	-23945.87742	-23111.66084	-2.352448356	-2.349856579	-2.267890953	
3.857	0.02405580384	0.1813066576	0.1822309916	-24221.19075	-23839.82236	-22757.98938	-2.378397168	-2.33777082	-2.231457273	
3.858	0.02349297262	0.1793834621	0.1802411158	-24253.899	-23512.71937	-22308.78476	-2.379845406	-2.303948107	-2.185613554	
3.859	0.02287988157	0.1774605651	0.1783632167	-24136.23561	-23111.81057	-22062.65953	-2.366511335	-2.262879133	-2.159687663	
3.86	0.0222565538	0.1755803386	0.176654321	-23951.19997	-22737.36479	-22153.37839	-2.34656832	-2.224413914	-2.166823037	
3.861	0.02162100319	0.1737898342	0.1750471176	-23680.99749	-22510.35705	-22406.70823	-2.318296756	-2.200417034	-2.189945861	
3.862	0.02095413868	0.1720893602	0.1734279923	-23276.50223	-22426.225	-22531.99079	-2.276881912	-2.190457151	-2.200562949	
3.863	0.0202971982	0.1704153422	0.1717618946	-22862.63511	-22311.92941	-22444.48541	-2.234531233	-2.177593989	-2.19035958	
3.864	0.01972649817	0.1687291535	0.1700739651	-22664.13091	-22066.81128	-22210.99933	-2.213216237	-2.151965494	-2.165884199	
3.865	0.01927989866	0.167044952	0.1683805777	-22806.14297	-21736.75957	-21874.95942	-2.225146113	-2.11805409	-2.131394145	
3.866	0.01897588122	0.1653811589	0.1667143711	-23368.24907	-21376.43809	-21541.24468	-2.278048895	-2.08120701	-2.097128697	
3.867	0.0188152314	0.163747291	0.1651201198	-24369.89023	-21023.53104	-21357.2378	-2.373789264	-2.04509134	-2.077468858	
3.868	0.01873908057	0.1621811113	0.1636137635	-25623.94531	-20818.93455	-21379.36565	-2.494106206	-2.023422861	-2.077915348	
3.869	0.01864571814	0.160722868	0.1621764359	-26787.89926	-20914.09273	-21552.27171	-2.605611728	-2.030941026	-2.09305946	
3.87	0.01846920298	0.1593781518	0.1607907779	-27630.73612	-21341.78347	-21828.0903	-2.685805242	-2.070817498	-2.118218995	
3.871	0.01819998951	0.158121699	0.1594479232	-28104.01106	-22020.67086	-22180.89722	-2.730001649	-2.135118276	-2.150864674	
3.872	0.01783667685	0.1569060356	0.1581239561	-28176.85667	-22773.60964	-22512.80058	-2.735252005	-2.206612695	-2.181493929	
3.873	0.0173833025	0.155673923	0.1567659164	-27847.61536	-23371.65972	-22602.25146	-2.701431092	-2.263060643	-2.188601112	
3.874	0.01689191416	0.1543920333	0.1553512099	-27326.39369	-23671.757	-22361.40004	-2.648950262	-2.290584463	-2.163647588	
3.875	0.01643805498	0.1530545712	0.1539347365	-26926.03203	-23634.52759	-22032.37133	-2.608186928	-2.285395497	-2.13011946	
3.876	0.01604154261	0.1516687941	0.1525701743	-26714.72203	-23277.6404	-21841.77374	-2.585795357	-2.249240504	-2.110019019	
3.877	0.01565521914	0.1502579204	0.1512424442	-26458.55092	-22696.06373	-21700.26902	-2.559151329	-2.19135168	-2.094734983	
3.878	0.01521836649	0.1488400578	0.1498965847	-25862.23682	-21964.78432	-21335.85961	-2.499684928	-2.119017109	-2.057955779	
3.879	0.01472015933	0.1474364944	0.1485148606	-24883.51364	-21193.36798	-20670.39888	-2.403289786	-2.042833122	-1.992106753	
3.88	0.01422654159	0.1460875695	0.147137014	-23880.26762	-20598.79606	-19919.73648	-2.304526719	-1.983764427	-1.918038569	
3.881	0.01381487041	0.1448075056	0.1458094771	-23271.57131	-20254.23991	-19339.94481	-2.243864924	-1.948891726	-1.860477506	
3.882	0.01350250522	0.1435641711	0.144559555	-23154.32862	-19976.37877	-19090.26934	-2.230659102	-1.920533543	-1.834785738	
3.883	0.01325170377	0.1423213086	0.14337519	-23314.75305	-19564.17133	-19100.2619	-2.244288249	-1.87928635	-1.834175001	
3.884	0.01300611325	0.1410807468	0.1422110176	-23424.21012	-19047.22123	-19099.19247	-2.253070119	-1.827972106	-1.832553096	
3.885	0.01273849276	0.1398707222	0.1410396969	-23330.89672	-18617.59715	-18935.09516	-2.242358479	-1.785062764	-1.815253043	
3.886	0.01246332999	0.1387140523	0.139881287	-23141.28323	-18436.92096	-18762.08077	-2.222380458	-1.76609014	-1.797065775	
3.887	0.01220196108	0.1376180781	0.138766295	-23001.05094	-18570.64598	-18798.56934	-2.207144491	-1.777322422	-1.798976461	
3.888	0.01196155762	0.1365777709	0.1377039543	-22959.24249	-18998.25716	-19115.88099	-2.201368836	-1.816766294	-1.827829653	
3.889	0.01173357608	0.1355726456	0.1366798036	-22953.89671	-19574.66521	-19610.96547	-2.199108784	-1.870490688	-1.873730191	
3.89	0.01150934013	0.1345666838	0.1356668023	-22928.39593	-20024.26766	-20082.94345	-2.194917564	-1.91206574	-1.917401087	
3.891	0.01129815979	0.1335363564	0.1346512644	-22967.18501	-20169.19103	-20435.625	-2.196866496	-1.924427606	-1.949600887	
3.892	0.01111129905	0.1324966741	0.1336415245	-23164.0693	-20148.13713	-20749.52114	-2.213937031	-1.920833039	-1.978020392	
3.893	0.01094299151	0.1314802852	0.1326536845	-23466.46399	-20250.48362	-21171.65637	-2.241108686	-1.928959185	-2.016715269	
3.894	0.01077311317	0.1305099173	0.1316996654	-23690.99203	-20687.87513	-21813.14164	-2.260863259	-1.969029387	-2.076304302	
3.895	0.01058116613	0.1295896646	0.130773697	-23647.2457	-21507.79925	-22618.13953	-2.255016796	-2.04556523	-2.151460181	
3.896	0.01036600909	0.1287066018	0.1298572559	-23330.21103	-22593.88434	-23407.83832	-2.223083061	-2.147442802	-2.225114795	
3.897	0.01014872958	0.1278397664	0.1289361383	-22955.44586	-23738.42539	-24037.58349	-2.185616542	-2.254844839	-2.283475214	
3.898	0.009951295702	0.1269652058	0.1280022844	-22750.15136	-24683.92668	-24415.93311	-2.164275823	-2.343243273	-2.317840957	
3.899	0.009780195732	0.1260630812	0.1270561963	-22789.33174	-25207.75496	-24544.53319	-2.166196063	-2.391449529	-2.328379122	
3.9	0.009636977938	0.1251382641	0.1261111736	-23108.24059	-25366.72766	-24573.58932	-2.194700898	-2.404871653	-2.329389261	
3.901	0.009523116281	0.1242154221	0.1251830503	-23735.0721	-25438.58356	-24682.7812	-2.252455088	-2.409951066	-2.337975038	
3.902	0.009424490876	0.1233015003	0.1242731911	-24492.90566	-25479.99958	-24877.56621	-2.32266298	-2.412132002	-2.354680955	
3.903	0.009312568332	0.1223844985	0.1233700226	-25011.48087	-25328.56181	-25007.24208	-2.370193142	-2.39601533	-2.365208832	
3.904	0.009164153078	0.1214673795	0.1224677918	-24979.5389	-25035.97031	-25003.50611	-2.365531382	-2.366487012	-2.363067381	
3.905	0.00897990385	0.1205683836	0.1215728077	-24407.07934	-24854.3833	-24958.19057	-2.309625211	-2.347454859	-2.356956393	
3.906	0.008786375519	0.1196918286	0.1206921226	-23672.59545	-24834.01183	-24974.248	-2.238324459	-2.34370006	-2.356627928	
3.907	0.008614281986	0.1188285214	0.1198313693	-23225.76159	-24840.44324	-25142.13221	-2.194197629	-2.342498278	-2.370636132	
3.908	0.008476888182	0.1179741466	0.11899197	-23268.40528	-24818.55683	-25483.6574	-2.196337451	-2.338619878	-2.401050543	
3.909	0.008366367389	0.1171303027	0.1181629223	-23684.76654	-24803.85803	-25817.05625	-2.23378973	-2.33540885	-2.430707174	
3.91	0.008268819376	0.1163015204	0.1173321549	-24267.50635	-24879.47567	-25950.25146	-2.286936045	-2.340708902	-2.441454619	
3.911	0.00817747281	0.115488521	0.1165034852	-24919.78427	-25056.63899	-25964.39605	-2.346606731	-2.355589288	-2.440930093	
3.912	0.008088319253	0.1146841771	0.1156882362	-25577.09605	-25206.88745	-26065.23338	-2.406710254	-2.367942817	-2.448537695	
3.913	0.007998854889	0.1138847418	0.1148901451	-26195.14233	-25268.21035	-26315.84887	-2.463072908	-2.371917732	-2.470239994	
3.914	0.007905635733	0.113091178	0.1141031421	-26695.52176	-25256.84288	-26591.52975	-2.508339802	-2.369054519	-2.494312718	
3.915	0.007799515822	0.1123001523	0.1133180532	-26880.31407	-25100.60584	-26705.12556	-2.523918233	-2.352577293	-2.503157672	
3.916	0.007678752552	0.1115123172	0.1125310333	-26717.08963	-24825.12233	-26577.86901	-2.506749712	-2.324877828	-2.489372168	
3.917	0.00755805665	0.1107379006	0.1117453159	-26535.0746	-24668.55449	-26281.96269	-2.487739482	-2.308305957	-2.459740791	
3.918	0.007454553046	0.1099863232	0.1109682588	-26716.19912	-24849.04809	-25986.27485	-2.50274486	-2.323334925	-2.430116243	
3.919	0.007369552172	0.1092555478	0.1102055024	-27275.12592	-25314.7298	-25823.21433	-2.553173245	-2.365112799	-2.412925741	
3.92	0.007287740312	0.1085335516	0.1094568385	-27825.3597	-25770.75241	-25791.02235	-2.602831142	-2.406014441	-2.408006423	
3.921	0.007192068855	0.107810195	0.1087200938	-27935.88773	-25966.49219	-25844.01213	-2.611357617	-2.422563677	-2.411070814	
3.922	0.007080199658	0.1070844843	0.1079934629	-27557.81596	-25879.3601	-25942.90927	-2.574157725	-2.412648352	-2.418436244	
3.923	0.006965185396	0.1063601416	0.1072757657	-27055.78533	-25605.10728	-26059.62662	-2.525317341	-2.385241514	-2.427475748	
3.924	0.006860986472	0.1056404007	0.1065648568	-26821.14206	-25227.51224	-26127.96414	-2.50141546	-2.348193814	-2.43202009	
3.925	0.006770633621	0.1049272709	0.1058559317	-26934.71907	-24804.18076	-25996.50592	-2.510018229	-2.306894491	-2.417955024	
3.926	0.006687397943	0.104223497	0.1051459841	-27192.12287	-24422.82137	-25572.46912	-2.532057273	-2.269529072	-2.376632066	
3.927	0.006604739825	0.1035297091	0.1044377727	-27399.94773	-24100.4438	-24948.1111	-2.549479582	-2.2376981	-2.316654456	
3.928	0.006522077362	0.1028423603	0.1037362814	-27552.05398	-23718.59461	-24292.54475	-2.561693321	-2.200375472	-2.253778626	
3.929	0.006441100978	0.1021590161	0.1030459613	-27708.91105	-23205.67747	-23768.54942	-2.574326521	-2.150880145	-2.203147399	
3.93	0.006362252649	0.1014828188	0.1023697241	-27886.42666	-22698.89828	-23495.80537	-2.58886046	-2.101935836	-2.175871363	
3.931	0.006285962527	0.1008211043	0.1017085027	-28102.24152	-22499.18012	-23531.09345	-2.606931451	-2.081467979	-2.17719359	
3.932	0.0062124201	0.1001793416	0.1010624918	-28360.81206	-22841.98818	-23911.0059	-2.628957823	-2.111307992	-2.21046502	
3.933	0.006140476811	0.09955740318	0.1004322784	-28612.52806	-23744.60736	-24689.41674	-2.650344569	-2.193024991	-2.28063665	
3.934	0.006068569989	0.0989507702	0.09981705444	-28786.97687	-25036.63431	-25848.5999	-2.664580127	-2.310790639	-2.386044076	
3.935	0.005993529555	0.09835155607	0.09921009694	-28733.12738	-26378.29949	-27091.67508	-2.657703715	-2.433124223	-2.49919443	
3.936	0.005912308154	0.0977501631	0.09860183698	-28307.59329	-27332.01796	-27986.87	-2.616455042	-2.519522848	-2.580113524	
3.937	0.005827324374	0.09714276212	0.09799008011	-27628.25789	-27724.65784	-28441.90075	-2.551734904	-2.553960925	-2.620248964	
3.938	0.005744323614	0.09653400476	0.09737865063	-26973.46658	-27783.91729	-28635.83645	-2.489281009	-2.557494164	-2.63617601	
3.939	0.005666148373	0.09592905975	0.09676969755	-26482.99877	-27762.39248	-28666.81037	-2.442014912	-2.553480042	-2.636984393	
3.94	0.005593004318	0.0953317979	0.09616643176	-26182.13496	-27875.78777	-28720.3931	-2.412244804	-2.561812848	-2.63977929	
3.941	0.005526638405	0.09474750908	0.09557499425	-26192.94532	-28435.08237	-29151.78241	-2.411185346	-2.61114484	-2.677297874	
3.942	0.005467797073	0.09417747683	0.09499708853	-26574.03858	-29515.9355	-30057.58549	-2.444214252	-2.708451613	-2.758452123	
3.943	0.005413977343	0.09361590838	0.09442768565	-27195.56836	-30774.58078	-31141.82676	-2.499342995	-2.82207856	-2.855983405	
3.944	0.005363579669	0.09305668127	0.09386202841	-27988.93851	-31852.53384	-32134.95499	-2.57020536	-2.919005207	-2.945046399	
3.945	0.005317701361	0.0924998438	0.09330112144	-29047.36636	-32774.27675	-33125.71845	-2.665331659	-3.001451	-3.033765379	
3.946	0.00527634366	0.09194747426	0.09274657621	-30373.13519	-33672.90912	-34216.13408	-2.784928774	-3.081663933	-3.131532875	
3.947	0.005236100516	0.09139895392	0.09219624061	-31726.77161	-34498.16814	-35249.95579	-2.90701988	-3.155048841	-3.224022877	
3.948	0.005193696159	0.09085447516	0.09164898328	-32875.89685	-35270.03347	-36151.61889	-3.010284236	-3.223434571	-3.304299763	
3.949	0.005148619892	0.09031497636	0.09110503776	-33773.23239	-36051.33703	-36926.35657	-3.090406805	-3.292602387	-3.372873691	
3.95	0.005100382674	0.08977912671	0.09056255537	-34349.71466	-36724.81248	-37408.54956	-3.141119747	-3.351841978	-3.414618189	
3.951	0.00504723446	0.089245484	0.09002045372	-34430.86775	-37170.87987	-37510.00368	-3.146518156	-3.390221325	-3.421468423	
3.952	0.004988103049	0.08871402379	0.08948133229	-33900.91257	-37381.40367	-37452.67201	-3.096067518	-3.407017546	-3.41373174	
3.953	0.004924062196	0.08818499904	0.08894747217	-32837.55725	-37372.74091	-37423.80332	-2.996906621	-3.403745822	-3.408556303	
3.954	0.004858422113	0.08765947741	0.08841866114	-31528.80341	-37241.27902	-37395.58457	-2.875362818	-3.389220017	-3.403426107	
3.955	0.004794425797	0.08713837369	0.08789403742	-30274.93149	-37074.97187	-37293.43089	-2.758847861	-3.371472399	-3.391529557	
3.956	0.004735037753	0.08662311707	0.08737449289	-29381.33545	-37035.69106	-37227.57499	-2.675182304	-3.365232345	-3.382886642	
3.957	0.004682317516	0.08611644846	0.08686210032	-29073.88088	-37423.33984	-37424.42097	-2.644918137	-3.397800134	-3.398111464	
3.958	0.004635397044	0.08561837629	0.08635698062	-29277.43359	-38237.24987	-37904.16541	-2.661184688	-3.469128193	-3.439039414	
3.959	0.004592177921	0.08512544101	0.08585790958	-29793.15422	-39100.26121	-38549.74153	-2.705835055	-3.544903193	-3.494996386	
3.96	0.004551738967	0.0846348396	0.08536423265	-30550.07503	-39712.15589	-39310.29189	-2.772359283	-3.597802067	-3.561326482	
3.961	0.004513802535	0.08414701038	0.08487584063	-31536.92282	-40154.24333	-40188.01529	-2.859698912	-3.63516883	-3.638215432	
3.962	0.004477745844	0.08366461171	0.08439189301	-32687.12913	-40771.52373	-41085.35069	-2.96179807	-3.688304682	-3.716807164	
3.963	0.004442309843	0.08318861346	0.08391147221	-33840.6238	-41686.77816	-41897.04218	-3.064142653	-3.768362524	-3.787541351	
3.964	0.004406049259	0.08271775236	0.08343486247	-34802.2123	-42742.46453	-42682.08903	-3.149055555	-3.861054327	-3.855738635	
3.965	0.004368118789	0.08225152635	0.08296361222	-35443.21575	-43897.00928	-43672.65165	-3.204912373	-3.962577339	-3.942407705	
3.966	0.004327866455	0.08179044424	0.08249814042	-35641.05017	-45230.61508	-44920.04059	-3.220674819	-4.080191455	-4.052220708	
3.967	0.004284497826	0.08133299883	0.08203617921	-35249.19323	-46493.44634	-46074.16529	-3.183143538	-4.191355622	-4.153544789	
3.968	0.004238662976	0.08087645144	0.08157626114	-34367.081	-47252.68899	-46924.35957	-3.101310432	-4.256978735	-4.227322362	
3.969	0.004193469762	0.08042072788	0.08111929357	-33504.64579	-47511.91891	-47621.99331	-3.021210513	-4.277369427	-4.287229503	
3.97	0.004151586064	0.07996794838	0.08066539852	-33095.62614	-47627.66353	-48165.47433	-2.982006254	-4.284710429	-4.333175481	
3.971	0.004112518924	0.07951959938	0.08021381385	-33035.64844	-47851.59539	-48418.5519	-2.974321764	-4.301718442	-4.352892815	
3.972	0.004074033624	0.07907623132	0.07976531902	-32924.04972	-48286.17351	-48538.87394	-2.962058044	-4.337634328	-4.36057137	
3.973	0.004034974405	0.07863740013	0.07932126897	-32568.88901	-48846.0951	-48780.3134	-2.927898059	-4.384798879	-4.379086718	
3.974	0.003996194318	0.07820173415	0.07888145534	-32160.85663	-49269.23048	-49091.20246	-2.888959164	-4.419634355	-4.403824142	
3.975	0.003959041208	0.07776898083	0.07844494151	-31985.60769	-49530.03901	-49287.47312	-2.870899626	-4.439813321	-4.41823856	
3.976	0.003924280738	0.07734006016	0.07801161632	-32218.98978	-49839.35691	-49369.44877	-2.889490628	-4.464260185	-4.422331771	
3.977	0.003891940853	0.07691558074	0.07758251112	-32880.70807	-50348.1765	-49593.54258	-2.946481003	-4.506512433	-4.439085177	
3.978	0.003861137902	0.07649618929	0.0771586451	-33778.33333	-51233.43457	-50210.30539	-3.024601535	-4.582407452	-4.490960325	
3.979	0.003830679906	0.07608204438	0.0767397635	-34637.88219	-52541.87539	-51167.09443	-3.09928791	-4.696137897	-4.573243601	
3.98	0.00379975059	0.07567177972	0.07632484076	-35264.10625	-53927.44808	-52225.56721	-3.153049246	-4.816743353	-4.66458002	
3.981	0.003768263705	0.07526363346	0.07591314349	-35642.24211	-54938.2907	-53209.87827	-3.184555661	-4.903803095	-4.74922883	
3.982	0.003736894339	0.07485687428	0.07550405037	-35957.83714	-55382.52261	-53955.43117	-3.210392553	-4.940174907	-4.812487804	
3.983	0.0037063235	0.07445182707	0.07509730116	-36396.6061	-55354.14484	-54402.62774	-3.247162967	-4.934273253	-4.849029121	
3.984	0.003676633707	0.07404972217	0.07469371519	-36978.01337	-55210.82003	-54805.44037	-3.29661646	-4.918047742	-4.881520426	
3.985	0.003647570558	0.07365148216	0.07429403483	-37627.37376	-55217.08546	-55378.19093	-3.35209167	-4.915141512	-4.929120866	
3.986	0.003618925285	0.07325703798	0.07389780251	-38275.47713	-55340.68868	-55960.96389	-3.407432672	-4.922721612	-4.97762755	
3.987	0.003590083123	0.07286561002	0.07350406483	-38700.26186	-55312.48992	-56231.14268	-3.442905207	-4.916867936	-4.998350767	
3.988	0.003560204336	0.07247597021	0.07311190389	-38604.18144	-54705.835	-55857.6533	-3.432054355	-4.859649498	-4.961884129	
3.989	0.003529366033	0.07208782921	0.07272081564	-38012.43251	-53433.04342	-54651.68894	-3.377129786	-4.743270709	-4.851479425	
3.99	0.003498323601	0.0717022127	0.0723314861	-37191.50528	-51878.16887	-52868.32414	-3.301837386	-4.601880408	-4.689825271	
3.991	0.003467731836	0.07131992431	0.07194517057	-36382.09069	-50338.65988	-50985.49424	-3.227569244	-4.461938126	-4.519391748	
3.992	0.003438009477	0.07094107994	0.07156283908	-35756.40798	-48878.11435	-49406.62313	-3.169597443	-4.329081315	-4.375971059	
3.993	0.003409523601	0.07056624743	0.07118529748	-35488.80046	-47785.0283	-48502.03904	-3.143342161	-4.228822325	-4.292364329	
3.994	0.003382637165	0.07019628743	0.07081269692	-35765.72455	-47469.19095	-48368.0414	-3.165273337	-4.197428438	-4.277081823	
3.995	0.003357421972	0.06983096565	0.07044422305	-36643.83419	-47848.3916	-48672.81464	-3.240368954	-4.227612705	-4.300723574	
3.996	0.003333399167	0.06946918367	0.07007887503	-37923.77312	-48450.39287	-48993.08836	-3.350960197	-4.277564326	-4.325804522	
3.997	0.003309988209	0.06911009369	0.06971607176	-39354.03585	-48909.94365	-49079.84924	-3.474775232	-4.314951833	-4.330288852	
3.998	0.003286852241	0.06875338684	0.06935563672	-40779.17149	-49103.23372	-48870.32386	-3.598071639	-4.328815136	-4.308617436	
3.999	0.00326357431	0.06839918812	0.06899784762	-41970.48619	-49127.38557	-48536.5009	-3.700694993	-4.327701168	-4.275956497	
4	0.003239637969	0.06804809989	0.06864321478	-42634.79341	-49343.54353	-48381.74926	-3.756818358	-4.34343591	-4.259051701	
4.001	0.00321503408	0.06770060652	0.06829206473	-42759.27127	-50041.12484	-48607.20654	-3.765327722	-4.401532276	-4.275635951	
4.002	0.003190301465	0.06735646949	0.0679441015	-42636.88179	-51087.17463	-49048.81704	-3.752061283	-4.490301996	-4.311277843	
4.003	0.003165782819	0.06701496318	0.06759870344	-42432.50944	-52049.39416	-49354.1613	-3.731607122	-4.571718973	-4.334949045	
4.004	0.003141168769	0.06667537422	0.06725574542	-41913.72964	-52486.80593	-49487.8513	-3.683600327	-4.60702329	-4.343496071	
4.005	0.003116115331	0.06633744801	0.06691557642	-40847.275	-52248.61521	-49706.11447	-3.587568394	-4.582972128	-4.35942551	
4.006	0.003090836843	0.06600158117	0.06657834653	-39379.24075	-51618.96722	-50124.52828	-3.456347955	-4.524527548	-4.392899862	
4.007	0.003065825841	0.06566834308	0.06624397162	-37849.59431	-51004.75428	-50695.79624	-3.319790192	-4.467420755	-4.439785096	
4.008	0.00304136648	0.06533805055	0.06591207118	-36460.21975	-50644.2777	-51133.93717	-3.195615221	-4.432573779	-4.475054791	
4.009	0.003017521656	0.06501063798	0.06558203241	-35274.54134	-50490.59455	-50971.74756	-3.089361661	-4.415907176	-4.457810512	
4.01	0.002994443258	0.0646856546	0.06525372731	-34447.40382	-50188.50763	-50132.34039	-3.014535628	-4.386358149	-4.381318418	
4.011	0.002972318308	0.06436266448	0.06492761187	-34159.84902	-49401.05515	-49010.40024	-2.986938216	-4.314449259	-4.28011765	
4.012	0.002951005413	0.06404175221	0.06460415003	-34305.91468	-48235.42324	-48010.51248	-2.997291755	-4.209535829	-4.189607103	
4.013	0.002930109761	0.06372324452	0.06428344777	-34559.66295	-47002.48816	-47237.55375	-3.017093962	-4.098785501	-4.118972947	
4.014	0.002909418965	0.06340732537	0.06396534556	-34757.64195	-45902.62436	-46576.01204	-3.032032822	-3.999679259	-4.05811987	
4.015	0.002888961691	0.0630942305	0.06364981142	-34949.58054	-45221.32374	-46051.37522	-3.046417352	-3.937061885	-4.009218212	
4.016	0.002868813921	0.06278422629	0.06333702047	-35226.87992	-45284.96322	-45895.62626	-3.06819445	-3.939325163	-3.992435712	
4.017	0.002849080962	0.06247731069	0.06302708917	-35721.50303	-46143.13652	-46278.69532	-3.108824045	-4.010748265	-4.022535803	
4.018	0.002829908828	0.06217317315	0.06271991875	-36608.94984	-47499.56113	-47137.51756	-3.183554947	-4.125525923	-4.094002252	
4.019	0.00281125436	0.06187125752	0.06241526617	-37841.70408	-48760.16088	-48246.16234	-3.288262089	-4.231987895	-4.187153629	
4.02	0.002792818069	0.06157119931	0.06211296073	-39066.48261	-49548.72515	-49450.79526	-3.392264445	-4.297405109	-4.288594677	
4.021	0.002774272094	0.06127310134	0.06181283949	-39883.21578	-50024.39663	-50572.2712	-3.460839079	-4.335589438	-4.382790585	
4.022	0.002755484707	0.06097707166	0.06151460605	-40121.56068	-50325.7883	-51245.50565	-3.479222338	-4.358614329	-4.438098207	
4.023	0.002736546015	0.06068308593	0.06121813716	-39885.40033	-50438.22658	-51336.44074	-3.456451006	-4.36522704	-4.442896412	
4.024	0.002717611413	0.06039125118	0.06092361503	-39367.81011	-50541.39395	-51115.75666	-3.409288826	-4.370990788	-4.420651105	
4.025	0.002698833901	0.06010167841	0.06063123073	-38779.11053	-50804.69669	-50867.1477	-3.355960952	-4.390607524	-4.395954568	
4.026	0.002680373993	0.05981418575	0.06034108047	-38357.60247	-50957.28234	-50752.98816	-3.317084444	-4.400705414	-4.382873287	
4.027	0.002662317558	0.05952850514	0.06005315263	-38235.18656	-50614.46698	-50774.62552	-3.304064598	-4.368041973	-4.381546911	
4.028	0.002644611875	0.0592446586	0.0597673056	-38331.73969	-49851.22971	-50728.25933	-3.309983408	-4.299086273	-4.374391224	
4.029	0.002627127179	0.05896280034	0.05948340509	-38448.02794	-48943.63029	-50424.79249	-3.317633219	-4.217691715	-4.345088107	
4.03	0.002609817421	0.05868300324	0.05920141821	-38526.9838	-48044.67542	-49845.13483	-3.322069998	-4.13706741	-4.291990306	
4.031	0.002592702608	0.05840534297	0.05892140885	-38608.69356	-47341.24714	-49149.89921	-3.326755106	-4.073294902	-4.228926296	
4.032	0.00257572985	0.05812991491	0.05864353276	-38594.78907	-47067.37651	-48685.61591	-3.323230327	-4.046500088	-4.185711086	
4.033	0.002558894886	0.05785671432	0.05836793087	-38491.74216	-47264.36078	-48775.31671	-3.312038999	-4.060219234	-4.190128361	
4.034	0.002542277633	0.0575856029	0.05809454852	-38459.11792	-47709.0045	-49347.78675	-3.306913494	-4.095233832	-4.236057191	
4.035	0.002525849857	0.05731646071	0.05782318079	-38422.64037	-48227.32492	-50028.22358	-3.301508618	-4.136534175	-4.291268702	
4.036	0.002509516275	0.05704932832	0.05755370811	-38172.36913	-48985.00328	-50622.26383	-3.277818202	-4.198289448	-4.339034204	
4.037	0.00249322379	0.05678424265	0.05728612076	-37585.47662	-50113.05177	-51159.49704	-3.225323827	-4.291732474	-4.38187862	
4.038	0.002476976768	0.05652109724	0.05702041234	-36670.80676	-51405.08145	-51662.60982	-3.144799001	-4.399163995	-4.42175736	
4.039	0.002460847153	0.05625979258	0.05675653982	-35598.52335	-52683.62053	-52065.30165	-3.05084236	-4.505341044	-4.453000047	
4.04	0.002444870182	0.05600035691	0.0564944806	-34445.99792	-54078.21279	-52359.34157	-2.950109782	-4.621334807	-4.474898926	
4.041	0.002429037106	0.05574276009	0.05623424153	-33198.58476	-55523.2888	-52609.94535	-2.841346748	-4.741592084	-4.493034994	
4.042	0.002413408745	0.05548679818	0.05597582636	-32050.06211	-56470.96977	-52877.46351	-2.741081953	-4.819336006	-4.512561855	
4.043	0.002398087974	0.05523234843	0.05571925629	-31316.19519	-56623.58028	-53280.09671	-2.676257323	-4.829131693	-4.543558101	
4.044	0.00238311544	0.05497953906	0.05546455927	-31140.77404	-56417.60867	-53959.43517	-2.659116797	-4.808227689	-4.5980934	
4.045	0.002368472598	0.05472854064	0.05521172225	-31499.1915	-56400.80892	-54928.05309	-2.687523055	-4.803393045	-4.67723801	
4.046	0.002354099863	0.0544793561	0.05496067541	-32226.61773	-56597.14722	-56015.74629	-2.747408154	-4.816732997	-4.76648693	
4.047	0.002339879224	0.05423187577	0.05471133878	-32941.20356	-56679.35013	-57008.53573	-2.806260718	-4.820403149	-4.847625935	
4.048	0.002325674654	0.05398601597	0.05446363046	-33177.79187	-56411.21688	-57663.53671	-2.824510279	-4.794310304	-4.900015766	
4.049	0.002311430308	0.05374175695	0.05421748621	-32744.47599	-55771.55199	-57791.21168	-2.785840624	-4.736669719	-4.907567914	
4.05	0.002297213492	0.05349910333	0.05397290281	-31892.57407	-54826.18223	-57423.30552	-2.711618922	-4.653096389	-4.873006504	
4.051	0.002283116169	0.05325808872	0.05372992479	-30960.25059	-53772.2587	-56779.60844	-2.630598547	-4.560323805	-4.815017293	
4.052	0.002269171505	0.05301878648	0.05348861224	-30072.09707	-52982.55345	-56152.83461	-2.553375259	-4.489960764	-4.758459352	
4.053	0.002255396316	0.05278125053	0.05324898512	-29311.23351	-52761.07505	-55682.60588	-2.486986602	-4.467763729	-4.715187628	
4.054	0.002241811001	0.05254547223	0.05301103539	-28785.01967	-53144.00804	-55407.09637	-2.440510843	-4.496788556	-4.68842846	
4.055	0.002228420283	0.05231135827	0.0527747498	-28535.98594	-53775.59624	-55344.38995	-2.417530087	-4.546919281	-4.67970029	
4.056	0.002215208876	0.0520787904	0.05254010296	-28516.75667	-54176.10164	-55449.96119	-2.414014432	-4.577559197	-4.685232544	
4.057	0.002202159432	0.05184770927	0.05230704455	-28671.3992	-54132.35048	-55546.77453	-2.425204671	-4.570681594	-4.690065949	
4.058	0.002189270987	0.05161810559	0.05207552324	-29018.43655	-53664.42519	-55448.07332	-2.452643163	-4.527997	-4.678423373	
4.059	0.002176526762	0.05138999742	0.05184551655	-29476.74139	-52937.63297	-55114.22575	-2.489488798	-4.463471498	-4.646954194	
4.06	0.002163880266	0.05116341859	0.05161704259	-29797.5223	-52218.32909	-54732.40924	-2.514766773	-4.399567789	-4.611433278	
4.061	0.002151298743	0.05093841429	0.05139013282	-29803.88	-51858.42563	-54554.37086	-2.513570142	-4.365926521	-4.593097267	
4.062	0.002138781131	0.05071500543	0.05116475062	-29497.1853	-52067.46613	-54423.39304	-2.486018944	-4.380193838	-4.578782925	
4.063	0.002126356749	0.05049314256	0.05094084044	-29067.0226	-52618.69688	-54093.78316	-2.448068186	-4.423294485	-4.547791793	
4.064	0.002114064922	0.05027273996	0.05071840996	-28768.51789	-53051.59423	-53720.9921	-2.421180598	-4.456490845	-4.513171423	
4.065	0.002101920241	0.05005374212	0.05049747197	-28704.61247	-53100.24242	-53477.16818	-2.414012723	-4.457410205	-4.489398381	
4.066	0.00208991815	0.04983615376	0.05027801082	-28856.8691	-52907.53966	-53349.70707	-2.425014696	-4.438024833	-4.475409558	
4.067	0.002078034442	0.04962001735	0.0500600181	-29055.22319	-52888.14153	-53390.53326	-2.439931181	-4.433110216	-4.475532814	
4.068	0.00206622612	0.04940536741	0.04984349688	-28987.39581	-53400.09145	-53729.49888	-2.432583695	-4.47268824	-4.500643148	
4.069	0.002054485627	0.04919218747	0.0496284265	-28617.30505	-54402.44527	-54296.0346	-2.399929925	-4.553348458	-4.544847022	
4.07	0.002042843871	0.04898041097	0.04941474736	-28199.50025	-55438.0734	-54686.09692	-2.363288388	-4.636846994	-4.574354868	
4.071	0.002031318375	0.0487699544	0.04920239034	-27874.42463	-55882.05735	-54406.51997	-2.334436588	-4.670942855	-4.547930889	
4.072	0.00201990027	0.0485607542	0.04899133422	-27564.77573	-55262.14103	-53380.2662	-2.306934497	-4.616192684	-4.459134699	
4.073	0.002008570653	0.04835281065	0.04878161393	-27109.17858	-53681.13688	-52034.85034	-2.26730914	-4.481204392	-4.343689575	
4.074	0.001997322919	0.04814617649	0.04857326993	-26460.30525	-51733.35983	-50852.87908	-2.211608512	-4.315624497	-4.241911684	
4.075	0.00198616432	0.04794089699	0.04836630719	-25698.81036	-49966.17539	-49990.0291	-2.146565209	-4.165137905	-4.166804292	
4.076	0.001975102607	0.04773699967	0.04816070709	-24911.86725	-48796.86871	-49391.32421	-2.079450363	-4.06450257	-4.113757934	
4.077	0.001964145767	0.0475344989	0.04795646057	-24204.15147	-48528.3291	-49120.90884	-2.018970673	-4.038908	-4.088057114	
4.078	0.001953305688	0.04733337127	0.0477535686	-23733.11003	-49041.60494	-49349.10003	-1.9782122	-4.078436117	-4.103831295	
4.079	0.001942587834	0.04713355463	0.04755201814	-23586.90833	-49767.23128	-50080.75851	-1.964491628	-4.135701248	-4.161450976	
4.08	0.001931987651	0.04693499343	0.04735178555	-23737.68767	-50199.22604	-51193.32003	-1.975476319	-4.168613727	-4.250694802	
4.081	0.001921493017	0.04673766408	0.04715284073	-24057.26395	-50198.3264	-52460.58826	-2.000511405	-4.165584498	-4.352768323	
4.082	0.001911086235	0.04654157057	0.0469551464	-24332.45516	-49967.74303	-53541.72855	-2.021909008	-4.143463644	-4.439389963	
4.083	0.001900747015	0.04634672908	0.0467586757	-24300.24875	-49869.46433	-54210.9629	-2.017873569	-4.132273869	-4.491852414	
4.084	0.001890463909	0.04615314123	0.04656341053	-23819.74635	-50072.32835	-54340.2033	-1.976729047	-4.146012514	-4.499579075	
4.085	0.001880251604	0.04596079916	0.04636934415	-23121.89691	-50623.13794	-53968.58971	-1.917594027	-4.188544762	-4.46583868	
4.086	0.001870130227	0.04576968426	0.04617648387	-22507.20853	-51386.11165	-53343.57686	-1.865356698	-4.248658492	-4.411143599	
4.087	0.001860103318	0.04557975551	0.04598483102	-22034.84246	-51855.64789	-52623.16714	-1.824922826	-4.284587666	-4.348601708	
4.088	0.001850168235	0.04539097523	0.04579437938	-21685.0876	-51575.85801	-51859.99657	-1.794650614	-4.258677698	-4.282586683	
4.089	0.001840325967	0.0452033383	0.04560512018	-21505.75679	-50631.81518	-51070.28355	-1.778465623	-4.177951841	-4.21445359	
4.09	0.001830578324	0.04501686245	0.04541704304	-21553.23723	-49496.25852	-50243.7218	-1.781012575	-4.081439243	-4.14336327	
4.091	0.001820917331	0.04483155716	0.04523013692	-21696.46566	-48501.99549	-49356.02994	-1.791499411	-3.996614596	-4.067323027	
4.092	0.001811326125	0.04464741825	0.04504439049	-21632.46963	-47751.28006	-48377.73232	-1.784977023	-3.931912534	-3.983909628	
4.093	0.001801794359	0.04446443489	0.04485979539	-21182.57316	-47222.25346	-47345.73862	-1.746728209	-3.885536188	-3.89615046	
4.094	0.001792328435	0.04428258825	0.04467635086	-20502.8592	-46723.89333	-46455.46868	-1.689577541	-3.841776583	-3.820106581	
4.095	0.001782943642	0.04410185941	0.04449405225	-19938.11322	-46061.43169	-45810.95025	-1.641858848	-3.7846143	-3.764335247	
4.096	0.00177365097	0.04392223739	0.04431288435	-19752.18985	-45210.31368	-45288.27847	-1.625238453	-3.71201862	-3.718655924	
4.097	0.001764451837	0.04374372039	0.04413283215	-20007.52388	-44359.85058	-44770.83603	-1.644823361	-3.639503889	-3.673478627	
4.098	0.001755341797	0.04356631175	0.04395388431	-20633.45029	-43819.95276	-44216.23074	-1.69479462	-3.5924777	-3.625317583	
4.099	0.001746311357	0.04339000397	0.04377602966	-21422.13904	-43630.43909	-43585.48409	-1.758111314	-3.574204443	-3.570962441	
4.1	0.001737347528	0.04321478194	0.04359926536	-22064.5912	-43654.83702	-43071.17918	-1.809464338	-3.573473742	-3.526140861	
4.101	0.001728442759	0.04304063721	0.04342359582	-22382.93004	-43931.91611	-43049.13035	-1.83429523	-3.593419728	-3.52158836	
4.102	0.001719596576	0.04286755964	0.0432490117	-22376.3567	-44421.5199	-43495.09816	-1.832552506	-3.630764567	-3.555339093	
4.103	0.001710811669	0.04269552962	0.04307548928	-22132.07123	-44799.9398	-43977.24664	-1.811379	-3.659061933	-3.592094893	
4.104	0.001702093471	0.04252453203	0.04290301118	-21831.56205	-44880.30592	-44252.25084	-1.785601068	-3.663035783	-3.611956189	
4.105	0.001693449012	0.04235456226	0.04273156879	-21713.50978	-44783.74194	-44316.02707	-1.774703588	-3.652571795	-3.61459707	
4.106	0.001684879411	0.04218561494	0.0425611521	-21820.52996	-44589.87993	-44105.61701	-1.782192329	-3.634197588	-3.59490453	
4.107	0.001676375068	0.04201767963	0.04239175482	-21829.69862	-44216.29793	-43699.48086	-1.781796856	-3.601215269	-3.559263834	
4.108	0.001667922076	0.04185074951	0.04222337678	-21267.22494	-43719.86956	-43386.09804	-1.734964731	-3.558252119	-3.531167743	
4.109	0.001659516729	0.04168482042	0.04205601267	-20033.15889	-43244.15595	-43257.97431	-1.633552705	-3.516998419	-3.518167092	
4.11	0.001651170349	0.04151988485	0.04188965029	-18584.26949	-42803.06846	-43153.34921	-1.51469187	-3.478594637	-3.507118975	
4.111	0.001642895378	0.0413559345	0.04172427783	-17424.15763	-42393.62794	-42928.85494	-1.419311684	-3.442783086	-3.486365158	
4.112	0.00163469608	0.04119296433	0.04155988762	-16752.89144	-42149.25368	-42607.95259	-1.363655057	-3.42037154	-3.457793963	
4.113	0.001626570624	0.04103096936	0.04139647608	-16537.95499	-42200.96687	-42386.93174	-1.345059048	-3.421976253	-3.437311713	
4.114	0.001618515125	0.04086994115	0.04123403965	-16659.02776	-42522.17433	-42456.36627	-1.353739455	-3.445435428	-3.440366905	
4.115	0.001610524321	0.04070986813	0.04107256921	-16919.28056	-42937.20148	-42750.72468	-1.373734042	-3.476513053	-3.461656897	
4.116	0.00160259243	0.04055073872	0.04091205306	-17083.27888	-43255.96833	-43081.45187	-1.385973363	-3.49981854	-3.485911936	
4.117	0.001594716102	0.04039254276	0.04075248038	-17024.94337	-43341.88773	-43282.68039	-1.380246861	-3.50431183	-3.499719947	
4.118	0.001586895861	0.0402352715	0.04059384053	-16809.9779	-43122.98097	-43183.92283	-1.361854553	-3.484181013	-3.48930852	
4.119	0.001579134617	0.04007891996	0.04043612668	-16631.21518	-42731.50709	-42823.25851	-1.34636452	-3.450105304	-3.457743366	
4.12	0.001571434913	0.03992348527	0.04027933654	-16667.24603	-42415.87663	-42489.5457	-1.348184626	-3.422134059	-3.428336157	
4.121	0.001563797417	0.03976896392	0.04012346666	-16997.82955	-42396.13682	-42398.82361	-1.373737616	-3.418013021	-3.418525026	
4.122	0.001556220741	0.03961534904	0.03996850946	-17580.9721	-42679.28776	-42522.78925	-1.419631962	-3.438320775	-3.426039511	
4.123	0.001548701326	0.03946262891	0.03981445513	-18231.4743	-42966.64239	-42689.25968	-1.470953919	-3.459010462	-3.437019908	
4.124	0.001541234926	0.03931079291	0.03966129306	-18709.76586	-43026.33574	-42654.83478	-1.508426573	-3.461413093	-3.431894192	
4.125	0.001533819088	0.03915983363	0.03950901328	-18885.09408	-42822.38156	-42207.01863	-1.52154095	-3.442642533	-3.393586751	
4.126	0.001526453588	0.03900974486	0.03935760924	-18770.51514	-42389.97243	-41369.16512	-1.51136144	-3.405544287	-3.323978762	
4.127	0.00151913923	0.03886052089	0.03920707741	-18449.56835	-41799.35526	-40382.14086	-1.484617055	-3.355778856	-3.242418834	
4.128	0.001511876944	0.0387121558	0.03905741476	-18022.07946	-41105.32657	-39533.0167	-1.449333568	-3.297755043	-3.171944493	
4.129	0.001504667793	0.03856464451	0.03890861713	-17609.57521	-40433.60086	-39028.55717	-1.415261494	-3.241550973	-3.129130555	
4.13	0.001497512673	0.03841798182	0.03876067812	-17327.77462	-39894.09586	-38892.86558	-1.391676415	-3.195982628	-3.115902665	
4.131	0.001490411267	0.03827216018	0.03861358885	-17189.63277	-39399.22192	-38933.66684	-1.379625847	-3.154038843	-3.11686144	
4.132	0.001483361228	0.03812717257	0.03846733957	-17025.8344	-38919.3477	-38873.03308	-1.365575971	-3.113317065	-3.109756571	
4.133	0.00147635991	0.03798301447	0.03832192268	-16644.06357	-38652.95936	-38622.40954	-1.334145343	-3.089653401	-3.08748224	
4.134	0.001469407328	0.03783968118	0.03817733362	-16104.80292	-38775.21798	-38371.46566	-1.290149854	-3.09702047	-3.065174409	
4.135	0.00146250514	0.03769716678	0.03803356793	-15624.77518	-39338.03265	-38306.62568	-1.25088804	-3.139534911	-3.057720879	
4.136	0.001455654348	0.03755546435	0.03789061926	-15361.43464	-40280.7435	-38420.7856	-1.228916249	-3.212344228	-3.064552173	
4.137	0.001448855176	0.03741456487	0.0377484812	-15399.99677	-41284.27031	-38702.74841	-1.231014595	-3.290022313	-3.084757409	
4.138	0.001442106928	0.03727445861	0.03760714754	-15719.75943	-41935.08235	-39144.57343	-1.255529405	-3.339637985	-3.117709059	
4.139	0.001435407258	0.03713513756	0.03746661011	-16098.29872	-41981.89569	-39481.87824	-1.284764409	-3.341216745	-3.142394372	
4.14	0.00142875302	0.03699659501	0.03732685957	-16207.78623	-41311.89786	-39301.93671	-1.292650584	-3.285824851	-3.126002547	
4.141	0.001422142431	0.03685882644	0.03718788932	-15880.53766	-40089.22399	-38528.01594	-1.265862298	-3.186529042	-3.062428037	
4.142	0.001415575813	0.03672182953	0.03704969626	-15212.00472	-38771.2572	-37528.30724	-1.211990324	-3.079676544	-2.980920733	
4.143	0.00140905446	0.03658560134	0.03691227742	-14427.3982	-37737.15854	-36681.61495	-1.148927196	-2.995380537	-2.911567393	
4.144	0.001402579259	0.03645013705	0.03677562811	-13704.02737	-37124.43596	-36144.10876	-1.090750712	-2.944542161	-2.866754818	
4.145	0.001396150341	0.03631543082	0.03663974284	-13123.62334	-36929.08554	-35974.3557	-1.043939722	-2.926819431	-2.85109775	
4.146	0.001389767428	0.0361814763	0.03650461608	-12716.52972	-37058.96876	-36215.46396	-1.010886056	-2.934890641	-2.867978708	
4.147	0.001383430114	0.03604826671	0.03637024176	-12497.67097	-37335.59161	-36816.10316	-0.9927539638	-2.954613147	-2.913316231	
4.148	0.00137713786	0.03591579524	0.03623661292	-12458.91482	-37556.70504	-37550.71548	-0.9888844622	-2.969983763	-2.969269754	
4.149	0.001370889947	0.03578405554	0.03610372211	-12557.86411	-37570.563	-38084.15732	-0.9959136554	-2.969011569	-3.009358002	
4.15	0.001364685549	0.03565304186	0.03597156258	-12727.24262	-37322.87912	-38188.28683	-1.00852119	-2.947415838	-3.015572312	
4.151	0.001358523687	0.03552274923	0.03584012889	-12861.629	-36881.17473	-37846.54344	-1.018388546	-2.910534843	-2.986621383	
4.152	0.001352403406	0.03539317294	0.03570941655	-12854.74208	-36363.94503	-37224.54105	-1.017135431	-2.867724955	-2.935583692	
4.153	0.00134632427	0.03526430832	0.03557942157	-12700.17715	-35889.82918	-36577.87137	-1.00425665	-2.828344771	-2.882618425	
4.154	0.001340286277	0.03513615031	0.0354501395	-12473.96611	-35484.33907	-36067.14738	-0.985745915	-2.794421652	-2.840400127	
4.155	0.001334289305	0.03500869303	0.0353215647	-12225.82797	-34988.67295	-35587.83019	-0.9655258174	-2.753475116	-2.800726671	
4.156	0.001328333028	0.03488193079	0.03519369124	-11963.97818	-34283.42047	-34968.61019	-0.9442468212	-2.696109715	-2.750132787	
4.157	0.001322417127	0.03475585889	0.03506651367	-11702.98048	-33469.28447	-34133.64448	-0.9230507834	-2.630226332	-2.682665431	
4.158	0.001316541419	0.03463047317	0.03494002696	-11492.26587	-32770.10699	-33091.54563	-0.9058131084	-2.573393156	-2.599004139	
4.159	0.001310705699	0.03450576923	0.03481422664	-11375.54151	-32336.00284	-31994.04943	-0.8959598483	-2.537386456	-2.511046264	
4.16	0.001304909551	0.03438174198	0.03468910859	-11342.47962	-32140.35624	-31074.11892	-0.8926765145	-2.520109641	-2.437048322	
4.161	0.001299152548	0.03425838623	0.03456466832	-11380.66768	-32118.85338	-30473.41477	-0.8949810277	-2.516501925	-2.388094762	
4.162	0.001293434325	0.03413569692	0.03444090109	-11490.88783	-32226.69159	-30255.89518	-0.9029308386	-2.523042919	-2.369164332	
4.163	0.001287754352	0.03401366886	0.03431780201	-11617.49407	-32348.4333	-30426.48673	-0.9121772731	-2.530702532	-2.380619262	
4.164	0.001282111923	0.03389229669	0.03419536566	-11646.93093	-32305.34112	-30806.47434	-0.913849951	-2.525510637	-2.408482798	
4.165	0.001276506412	0.0337715754	0.03407358618	-11486.74948	-32014.94789	-31050.49991	-0.9007301707	-2.501016104	-2.425770874	
4.166	0.001270937576	0.03365150083	0.03395245824	-11169.39182	-31655.82037	-30965.14261	-0.8753488712	-2.471142847	-2.417366	
4.167	0.001265405501	0.03353206912	0.03383197749	-10837.10396	-31509.51979	-30679.8309	-0.8488033653	-2.457858075	-2.393354862	
4.168	0.00125991023	0.03341327576	0.03371213993	-10622.08548	-31590.42052	-30421.92537	-0.8314009562	-2.46229782	-2.371465717	
4.169	0.001254451575	0.03329511565	0.03359294136	-10573.52575	-31707.75876	-30336.58353	-0.8269741881	-2.469593564	-2.363008242	
4.17	0.001249029063	0.03317758408	0.0334743773	-10633.23594	-31800.83556	-30458.6892	-0.8309934147	-2.475001289	-2.370692763	
4.171	0.001243642092	0.03306067661	0.03335644312	-10689.09774	-31887.35543	-30742.33526	-0.8347353985	-2.47989626	-2.390939911	
4.172	0.001238290115	0.03294438876	0.03323913407	-10644.87301	-31944.50497	-31082.21463	-0.8307190585	-2.482504424	-2.415557731	
4.173	0.001232972753	0.03282871617	0.0331224455	-10473.05354	-31997.50195	-31387.87291	-0.816805221	-2.484775019	-2.437512837	
4.174	0.001227689885	0.03271365467	0.03300637292	-10260.10514	-32137.68324	-31613.09365	-0.7997046941	-2.493791081	-2.453223652	
4.175	0.001222441386	0.03259920002	0.03289091179	-10082.59531	-32401.74962	-31658.49053	-0.7853672782	-2.512400554	-2.45499148	
4.176	0.00121722688	0.03248534779	0.03277605779	-9897.237394	-32719.20799	-31529.61901	-0.7704492275	-2.535141965	-2.443240943	
4.177	0.001212045912	0.03237209353	0.03266180698	-9623.277648	-32978.5197	-31400.12979	-0.748697514	-2.553375283	-2.431419512	
4.178	0.001206898186	0.03225943293	0.03254815537	-9264.050581	-33123.93029	-31398.01923	-0.7203640797	-2.562783215	-2.42944073	
4.179	0.001201783586	0.03214736182	0.03243509873	-8919.840387	-33159.99907	-31508.04719	-0.6931990875	-2.563717963	-2.43612599	
4.18	0.001196702001	0.0320358762	0.03232263282	-8693.247292	-33169.88107	-31693.72595	-0.675127608	-2.56259661	-2.44864182	
4.181	0.001191653222	0.0319249723	0.03221075351	-8634.350752	-33344.19272	-31969.60639	-0.6700089181	-2.574125898	-2.468097967	
4.182	0.001186636964	0.03181464631	0.03209945676	-8748.343583	-33851.58045	-32367.51672	-0.6782333339	-2.611317334	-2.496941386	
4.183	0.001181652856	0.03170489407	0.03198873844	-8980.940361	-34587.0869	-32845.41911	-0.6956077721	-2.666093929	-2.531932178	
4.184	0.001176700456	0.031595711	0.03187859431	-9225.47905	-35150.69902	-33263.09653	-0.7139076309	-2.707640266	-2.56226173	
4.185	0.001171779367	0.03148709277	0.03176902035	-9398.471103	-35282.72832	-33588.8234	-0.7266975163	-2.71594251	-2.585469606	
4.186	0.00116688932	0.03137903569	0.03166001278	-9504.36212	-35168.72212	-33980.33686	-0.7343159284	-2.705257292	-2.613678022	
4.187	0.001162030111	0.03127153646	0.03155156795	-9583.374463	-35258.15267	-34618.4038	-0.7398613315	-2.710142716	-2.660786428	
4.188	0.001157201476	0.03116459159	0.03144368192	-9627.662527	-35804.57223	-35455.69883	-0.7427400413	-2.750103984	-2.723174173	
4.189	0.001152403112	0.03105819697	0.03133635049	-9601.170238	-36551.13743	-36205.93624	-0.7401879689	-2.805445983	-2.778866988	
4.19	0.001147634775	0.03095234825	0.03122956963	-9512.791086	-37032.814	-36682.08991	-0.7328871812	-2.840483552	-2.813509906	
4.191	0.001142896276	0.03084704152	0.03112333559	-9420.985465	-37112.59455	-36902.21813	-0.7253209825	-2.844693986	-2.828496026	
4.192	0.001138187417	0.03074227329	0.03101764472	-9371.626252	-37003.47233	-36966.66704	-0.7210072334	-2.834401805	-2.831528988	
4.193	0.001133507947	0.03063804011	0.03091249347	-9362.665436	-36907.35296	-37012.25185	-0.7197911251	-2.8250932	-2.833104718	
4.194	0.00112885759	0.03053433832	0.03080787816	-9365.203024	-36809.28957	-37012.13343	-0.7194603175	-2.815649205	-2.831206406	
4.195	0.001124236089	0.03043116423	0.03070379494	-9366.789364	-36622.88554	-36755.29783	-0.7190601866	-2.799466631	-2.809723141	
4.196	0.001119643204	0.03032851426	0.03060024013	-9369.77483	-36390.94078	-36179.79091	-0.7187712724	-2.779812888	-2.763927238	
4.197	0.001115078678	0.03022638492	0.03049721025	-9351.846507	-36160.06425	-35392.72401	-0.7168936454	-2.76025603	-2.702008023	
4.198	0.001110542252	0.03012477265	0.0303947019	-9286.629625	-35912.91919	-34579.31227	-0.7114162571	-2.739474465	-2.638098747	
4.199	0.0011060337	0.03002367399	0.03029271172	-9182.708685	-35701.77956	-33968.73267	-0.702994056	-2.721448972	-2.589675058	
4.2	0.001101552807	0.02992308547	0.03019123624	-9060.117869	-35523.67407	-33558.52466	-0.6931568986	-2.705964795	-2.556564448	
4.201	0.001097099346	0.02982300355	0.03009027182	-8917.337847	-35241.35895	-33140.11031	-0.6817909033	-2.682570673	-2.522875142	
4.202	0.001092673104	0.02972342484	0.02998981499	-8774.476728	-34928.07285	-32732.47496	-0.6704216502	-2.6568082	-2.490013187	
4.203	0.001088273895	0.02962434615	0.0298898625	-8687.903694	-34859.87879	-32558.11328	-0.6633299398	-2.649646236	-2.474869302	
4.204	0.001083901519	0.02952576423	0.02979041104	-8688.424673	-35188.69186	-32740.11615	-0.6628545428	-2.672613165	-2.486778745	
4.205	0.001079555736	0.02942767575	0.02969145725	-8748.835735	-35933.9145	-33278.20831	-0.6669270872	-2.727165449	-2.525696976	
4.206	0.001075236306	0.0293300773	0.02959299773	-8835.862115	-36923.11777	-34094.94434	-0.6730156246	-2.800228889	-2.585733404	
4.207	0.001070943012	0.02923296535	0.02949502905	-8953.120011	-37711.78993	-34967.28958	-0.6813856382	-2.858130652	-2.649980547	
4.208	0.001066675657	0.02913633639	0.02939754777	-9133.4638	-37833.0401	-35602.96097	-0.6945185094	-2.865521483	-2.696300351	
4.209	0.001062434048	0.02904018716	0.02930055057	-9409.938391	-37212.36708	-35869.0199	-0.7149115829	-2.816765595	-2.714626333	
4.21	0.001058217968	0.02894451468	0.02920403431	-9765.410955	-36247.70704	-35920.82596	-0.7412713217	-2.741976378	-2.716713299	
4.211	0.001054027163	0.02884931606	0.02910799593	-10100.48047	-35396.46266	-35959.969	-0.7660923877	-2.675752852	-2.717824216	
4.212	0.001049861361	0.02875458827	0.02901243227	-10274.74857	-34908.4243	-36003.16169	-0.7787803731	-2.63697247	-2.719245804	
4.213	0.001045720316	0.02866032823	0.02891734018	-10191.52986	-34831.42978	-35999.69789	-0.7720481324	-2.629245288	-2.717164349	
4.214	0.001041603839	0.02856653275	0.02882271651	-9866.258557	-34951.40501	-35864.3794	-0.7470692877	-2.636431296	-2.705179242	
4.215	0.001037511788	0.02847319861	0.02872855809	-9415.624905	-34874.31922	-35379.98105	-0.7126504132	-2.628829089	-2.666947323	
4.216	0.00103344402	0.02838032268	0.02863486182	-8955.342827	-34444.74668	-34452.54307	-0.6775185328	-2.594709912	-2.595393248	
4.217	0.001029400371	0.02828790205	0.02854162478	-8548.793782	-33892.53681	-33358.76741	-0.646448568	-2.551363406	-2.511339807	
4.218	0.001025380662	0.02819593384	0.02844884409	-8232.855869	-33481.18498	-32429.48509	-0.6222099244	-2.518619289	-2.439678608	
4.219	0.00102138471	0.02810441512	0.02835651683	-8034.087014	-33262.37814	-31833.70273	-0.6067915416	-2.500372094	-2.393105238	
4.22	0.001017412323	0.02801334292	0.02826464006	-7944.282508	-33151.89904	-31656.52678	-0.5995690798	-2.490293444	-2.377990371	
4.221	0.001013463305	0.02792271428	0.02817321084	-7944.260758	-33055.6425	-31852.38955	-0.5990920072	-2.48131591	-2.390901847	
4.222	0.001009537465	0.0278325263	0.02808222614	-8023.322118	-32883.62893	-32160.62428	-0.6045492503	-2.466692409	-2.412286766	
4.223	0.001005634611	0.02774277607	0.02799168299	-8152.201778	-32559.27457	-32262.65442	-0.6137432049	-2.440687515	-2.41826257	
4.224	0.001001754546	0.02765346077	0.02790157847	-8281.434469	-32060.17384	-32030.65048	-0.6229670273	-2.401621282	-2.399247046	
4.225	0.0009978970749	0.0275645776	0.02781190978	-8365.989499	-31535.02446	-31587.51098	-0.6288495023	-2.360604481	-2.364434414	
4.226	0.0009940620184	0.02747612386	0.02772267417	-8393.115118	-31297.26024	-31181.99507	-0.6304356483	-2.341064273	-2.332432922	
4.227	0.0009902492101	0.02738809681	0.02763386889	-8396.592754	-31459.07276	-30951.50079	-0.6302495825	-2.351393153	-2.313524946	
4.228	0.0009864584888	0.02730049364	0.02754549113	-8418.746373	-31790.52303	-30803.01105	-0.6314548436	-2.374416982	-2.300770337	
4.229	0.0009826896842	0.02721331156	0.02745753813	-8461.988774	-32074.12348	-30620.19047	-0.6342362843	-2.393887759	-2.285472339	
4.23	0.0009789426165	0.02712654784	0.02737000714	-8485.111848	-32208.66696	-30449.84678	-0.6355247406	-2.402256548	-2.271100813	
4.231	0.0009752171078	0.02704019978	0.02728289551	-8448.802345	-32141.0236	-30442.97341	-0.632392036	-2.395565223	-2.268888054	
4.232	0.0009715129905	0.02695426475	0.02719620059	-8348.479115	-31966.262	-30780.08138	-0.6244988311	-2.380890821	-2.292257847	
4.233	0.0009678301046	0.02686874013	0.02710991972	-8205.528706	-31856.24801	-31508.37948	-0.6134378636	-2.371025537	-2.344721333	
4.234	0.0009641682978	0.02678362334	0.0270240502	-8073.311738	-31917.89482	-32369.35841	-0.6031762913	-2.373931524	-2.407068634	
4.235	0.0009605274189	0.02669891175	0.02693858934	-8002.926672	-32018.30176	-32933.15714	-0.5975128949	-2.379756181	-2.447371664	
4.236	0.0009569073053	0.02661460273	0.02685353446	-7981.151863	-31865.05073	-32869.52785	-0.5954685119	-2.366795805	-2.441124502	
4.237	0.0009533077884	0.02653069369	0.02676888299	-7959.84381	-31360.4726	-32158.51959	-0.5934692253	-2.32779965	-2.386857861	
4.238	0.0009497287057	0.02644718214	0.02668463244	-7913.148384	-30644.58264	-31155.70782	-0.5895949136	-2.273158505	-2.310951733	
4.239	0.0009461699038	0.02636406558	0.02660078033	-7856.976495	-29862.82256	-30258.5189	-0.5850218494	-2.213662236	-2.242881148	
4.24	0.0009426312339	0.02628134154	0.02651732418	-7823.734477	-29150.47454	-29590.53727	-0.5821514783	-2.159320229	-2.191814177	
4.241	0.000939112541	0.02619900756	0.02643426147	-7795.84451	-28723.99144	-29117.93774	-0.5796882631	-2.126128062	-2.15523044	
4.242	0.0009356136668	0.02611706123	0.02635158975	-7729.103507	-28735.02785	-28926.10743	-0.5743651127	-2.125284386	-2.139410728	
4.243	0.0009321344595	0.02603550008	0.02626930656	-7611.979714	-29107.03788	-29089.52074	-0.5653309939	-2.151120281	-2.149842365	
4.244	0.0009286747715	0.02595432166	0.02618740944	-7448.654901	-29624.40062	-29475.82836	-0.5528976357	-2.18769128	-2.176741076	
4.245	0.0009252344592	0.02587352356	0.02610589595	-7263.301335	-30194.6531	-29939.03883	-0.5388494951	-2.228146781	-2.209309655	
4.246	0.0009218133819	0.0257931034	0.02602476368	-7089.214652	-30825.43937	-30473.47984	-0.5256452154	-2.273049337	-2.247119768	
4.247	0.0009184113937	0.02571305879	0.02594401025	-6912.340272	-31361.31939	-30958.13616	-0.5122534407	-2.310967619	-2.281279924	
4.248	0.0009150283487	0.02563338737	0.02586363324	-6710.261654	-31551.04683	-31037.52897	-0.4970223933	-2.323418257	-2.285642089	
4.249	0.0009116641073	0.02555408679	0.02578363028	-6501.038249	-31326.24322	-30565.2457	-0.4812777493	-2.305377363	-2.249428406	
4.25	0.0009083185334	0.02547515478	0.0257039991	-6323.125792	-30842.7597	-29849.3686	-0.4678455778	-2.268317778	-2.195290405	
4.251	0.0009049914893	0.02539658907	0.02562473742	-6187.770477	-30297.66064	-29243.38708	-0.4575519449	-2.226736062	-2.149216315	
4.252	0.0009016828357	0.0253183874	0.02554584297	-6082.720375	-29838.35956	-28925.67625	-0.4494929072	-2.19146397	-2.124301017	
4.253	0.000898392437	0.02524054752	0.02546731348	-6021.902495	-29539.6576	-29001.45181	-0.4446835018	-2.167993117	-2.128244346	
4.254	0.00089512016	0.0251630672	0.02538914671	-6024.678907	-29370.15812	-29490.14759	-0.4445397388	-2.154019071	-2.16245575	
4.255	0.000891865869	0.02508594421	0.0253113404	-6075.617273	-29275.64432	-30206.93587	-0.4479292457	-2.145563722	-2.213393449	
4.256	0.0008886294276	0.02500917634	0.02523389229	-6134.967991	-29167.7629	-30790.4352	-0.4519389097	-2.136158729	-2.25460514	
4.257	0.0008854107027	0.0249327614	0.02515680015	-6184.827406	-28960.26414	-30943.49887	-0.4552547319	-2.119491202	-2.264358605	
4.258	0.0008822095646	0.02485669723	0.02508006179	-6233.959799	-28649.26145	-30582.03783	-0.4585166029	-2.095274084	-2.236524552	
4.259	0.0008790258844	0.02478098167	0.02500367506	-6280.871782	-28300.03697	-29775.51542	-0.4616167499	-2.06827393	-2.176206187	
4.26	0.0008758595341	0.02470561259	0.0249276378	-6321.505073	-28005.20213	-28680.82675	-0.4642593221	-2.045247288	-2.094877535	
4.261	0.0008727103874	0.02463058789	0.02485194791	-6357.602457	-27850.15292	-27567.58185	-0.4665741099	-2.032412778	-2.012211558	
4.262	0.0008695783173	0.02455590547	0.02477660328	-6363.580094	-27929.53205	-26723.47486	-0.4667025866	-2.036651045	-1.949175304	
4.263	0.000866463196	0.02448156325	0.02470160183	-6281.891991	-28318.72979	-26338.95684	-0.4604582035	-2.063437323	-1.91962234	
4.264	0.0008633648993	0.02440755915	0.02462694147	-6097.439402	-28975.28926	-26498.93709	-0.4467422029	-2.109670435	-1.92970105	
4.265	0.0008602833097	0.02433389111	0.02455262012	-5877.011905	-29732.71744	-27170.26881	-0.4304155818	-2.163231819	-1.976968975	
4.266	0.0008572183099	0.02426055708	0.02447863572	-5672.077731	-30391.81159	-28155.99302	-0.4152278434	-2.209636718	-2.047089116	
4.267	0.0008541697794	0.02418755502	0.0244049862	-5466.897803	-30848.3502	-29109.27717	-0.4000401836	-2.241317359	-2.114858962	
4.268	0.0008511375983	0.02411488294	0.02433166952	-5241.14501	-31047.99943	-29714.40812	-0.3833756668	-2.254355374	-2.157356072	
4.269	0.0008481216495	0.02404253882	0.02425868367	-5007.108365	-30838.14563	-29874.33636	-0.3661225905	-2.237709917	-2.167544439	
4.27	0.0008451218184	0.02397052069	0.02418602666	-4803.528003	-30220.8523	-29714.74428	-0.3510848433	-2.191532733	-2.154545383	
4.271	0.0008421379918	0.02389882661	0.02411369652	-4682.278654	-29560.21062	-29489.99291	-0.3420142016	-2.142201347	-2.136798786	
4.272	0.0008391700572	0.02382745465	0.0240416913	-4683.22104	-29145.26124	-29423.74628	-0.3417903018	-2.110668168	-2.13050897	
4.273	0.0008362179006	0.02375640287	0.02397000906	-4801.828947	-28869.39354	-29574.30678	-0.3500809398	-2.089239489	-2.139912949	
4.274	0.0008332814071	0.02368566933	0.02389864785	-4984.912331	-28533.77612	-29685.93294	-0.3630383906	-2.063530267	-2.146548822	
4.275	0.0008303604613	0.02361525215	0.02382760572	-5141.050039	-28122.54675	-29386.3345	-0.3740588908	-2.032377749	-2.123525853	
4.276	0.0008274549493	0.02354514942	0.02375688079	-5188.319655	-27753.98348	-28687.4705	-0.3772294258	-2.004305385	-2.071685489	
4.277	0.000824564761	0.02347535928	0.02368647116	-5109.333983	-27625.05338	-28037.28324	-0.3712987633	-1.993505232	-2.023334687	
4.278	0.0008216897893	0.02340587987	0.02361637499	-4929.639167	-27875.62862	-27767.91658	-0.3581154787	-2.010050426	-2.002435908	
4.279	0.0008188299282	0.02333670936	0.0235465904	-4683.606582	-28443.67451	-27801.76518	-0.3401616553	-2.049471568	-2.003407505	
4.28	0.0008159850731	0.02326784588	0.02347711553	-4420.689092	-29009.03264	-27910.48853	-0.3209990643	-2.088732793	-2.009798791	
4.281	0.0008131551206	0.0231992876	0.02340794854	-4202.932907	-29143.45988	-27956.14185	-0.3050900185	-2.097030819	-2.011673594	
4.282	0.0008103399675	0.02313103272	0.02333908762	-4075.290245	-28770.76937	-27890.39118	-0.2956629367	-2.068874423	-2.005557922	
4.283	0.0008075395105	0.02306307945	0.02327053094	-4054.187093	-28211.65269	-27644.37816	-0.2938922086	-2.027306132	-1.986515843	
4.284	0.0008047536462	0.02299542602	0.02320227671	-4128.26413	-27742.92401	-27188.2626	-0.2989569054	-1.992208934	-1.952398197	
4.285	0.0008019822715	0.02292807068	0.02313432316	-4255.31947	-27587.91599	-26775.31787	-0.3078249567	-1.979589214	-1.921351963	
4.286	0.0007992252839	0.02286101166	0.02306666853	-4390.509695	-27933.72059	-26737.188	-0.3172779068	-2.002845582	-1.917146321	
4.287	0.0007964825824	0.02279424723	0.02299931106	-4497.292928	-28669.62445	-27115.42326	-0.3246984813	-2.054048409	-1.942758767	
4.288	0.0007937540665	0.02272777564	0.022932249	-4532.272861	-29407.18252	-27692.5332	-0.3269831463	-2.105385534	-1.98260784	
4.289	0.0007910396376	0.02266159519	0.02286548062	-4480.870883	-29868.78562	-28280.71099	-0.3230894727	-2.136984327	-2.023235883	
4.29	0.0007883391993	0.02259570415	0.0227990042	-4392.647476	-30011.57823	-28820.32785	-0.3165607448	-2.145787801	-2.060374564	
4.291	0.0007856526565	0.02253010085	0.02273281803	-4324.954571	-29852.06688	-29209.68971	-0.3114978301	-2.132990457	-2.086766608	
4.292	0.0007829799138	0.0224647836	0.02266692042	-4289.884386	-29539.25716	-29421.33335	-0.3087671212	-2.109232654	-2.100447122	
4.293	0.0007803208756	0.02239975075	0.02260130969	-4270.041927	-29311.97695	-29599.7951	-0.3071285679	-2.091557782	-2.111728289	
4.294	0.0007776754474	0.02233500065	0.02253598418	-4237.009504	-29305.21928	-29844.74112	-0.3045571111	-2.089594874	-2.127728872	
4.295	0.0007750435352	0.02227053165	0.02247094223	-4164.949296	-29499.90819	-30101.26431	-0.2992115001	-2.101988955	-2.144550591	
4.296	0.0007724250466	0.02220634212	0.02240618219	-4069.809006	-29725.63382	-30267.27878	-0.2922236884	-2.116614	-2.154927806	
4.297	0.0007698198911	0.02214243044	0.02234170243	-4008.195969	-29776.38341	-30364.64023	-0.2876185727	-2.118814663	-2.160416173	
4.298	0.0007672279783	0.02207879501	0.02227750134	-4014.820063	-29602.51901	-30415.40744	-0.2878646964	-2.105061009	-2.162605124	
4.299	0.0007646492175	0.02201543422	0.0222135773	-4062.475816	-29252.48202	-30245.84636	-0.2910309344	-2.078806459	-2.149184479	
4.3	0.0007620835183	0.0219523465	0.02214992871	-4095.569737	-28773.75356	-29628.043	-0.2931689201	-2.043423307	-2.103984917	
4.301	0.0007595307919	0.02188953028	0.022086554	-4099.512459	-28395.33083	-28706.23522	-0.2932404704	-2.015143474	-2.037222521	
4.302	0.0007569909507	0.021826984	0.02202345158	-4091.266671	-28331.12965	-27936.43561	-0.2924494374	-2.009137978	-1.98122029	
4.303	0.0007544639074	0.02176470611	0.02196061991	-4063.148883	-28464.15085	-27602.89528	-0.290255913	-2.01712731	-1.956119967	
4.304	0.0007519495753	0.02170269508	0.02189805744	-3990.032671	-28558.48105	-27689.88839	-0.2848827615	-2.022399844	-1.960796759	
4.305	0.0007494478688	0.02164094936	0.02183576261	-3881.685357	-28528.01531	-28079.8154	-0.2770191721	-2.018847168	-1.986904718	
4.306	0.0007469587037	0.02157946746	0.02177373391	-3788.098346	-28498.53223	-28662.86558	-0.2701976264	-2.015344707	-2.026661437	
4.307	0.0007444819964	0.02151824785	0.02171196981	-3750.798927	-28666.7993	-29273.68649	-0.2673517658	-2.025794202	-2.06838225	
4.308	0.0007420176631	0.02145728906	0.0216504688	-3772.13372	-28982.35978	-29697.18206	-0.2686462654	-2.046647639	-2.096884523	
4.309	0.0007395656211	0.0213965896	0.02158922939	-3833.002645	-29240.86549	-29843.89611	-0.2727310263	-2.063484322	-2.105855342	
4.31	0.0007371257877	0.02133614798	0.02152825008	-3911.859929	-29416.64177	-29815.0374	-0.2780854835	-2.07448192	-2.102436163	
4.311	0.0007346980813	0.02127596275	0.02146752941	-3976.897728	-29590.33775	-29720.04028	-0.2824700063	-2.085330414	-2.094351423	
4.312	0.0007322824208	0.02121603246	0.02140706592	-3988.933168	-29705.39077	-29628.01351	-0.2831277485	-2.092070724	-2.086473203	
4.313	0.000729878726	0.02115635567	0.02134685814	-3939.684957	-29593.8939	-29627.42886	-0.279475888	-2.082908482	-2.085029624	
4.314	0.0007274869178	0.02109693093	0.02128690463	-3869.246526	-29174.32475	-29706.82903	-0.2743337235	-2.052125211	-2.089236474	
4.315	0.000725106918	0.02103775684	0.02122720397	-3812.560297	-28475.14811	-29576.0876	-0.2701605239	-2.001738666	-2.078740939	
4.316	0.0007227386483	0.02097883197	0.02116775471	-3754.500906	-27589.32591	-28967.37728	-0.2658988487	-1.938287525	-2.034741517	
4.317	0.000720382031	0.02092015493	0.02110855546	-3663.747282	-26687.26985	-28052.34133	-0.259352139	-1.873737485	-1.969273062	
4.318	0.0007180369893	0.02086172434	0.02104960481	-3541.335095	-25839.08337	-27165.58518	-0.2505918494	-1.813016867	-1.905810352	
4.319	0.0007157034474	0.02080353879	0.02099090136	-3412.802907	-25015.45376	-26425.71055	-0.2414077527	-1.754068713	-1.852680462	
4.32	0.0007133813297	0.02074559694	0.02093244373	-3290.356882	-24264.52724	-25785.5317	-0.2326549213	-1.700247242	-1.806577654	
4.321	0.0007110705615	0.0206878974	0.02087423056	-3185.34391	-23693.13441	-25234.10185	-0.22512402	-1.659007803	-1.766719284	
4.322	0.0007087710686	0.02063043884	0.02081626046	-3129.038317	-23418.32478	-24836.32285	-0.2209963873	-1.638508537	-1.737626254	
4.323	0.0007064827775	0.0205732199	0.0207585321	-3151.257742	-23537.89595	-24634.29445	-0.2223506097	-1.645557382	-1.722228132	
4.324	0.0007042056152	0.02051623925	0.02070104412	-3254.970784	-24024.99655	-24601.91643	-0.2293892331	-1.678261624	-1.718689504	
4.325	0.0007019395091	0.02045949557	0.02064379518	-3424.001549	-24717.48758	-24693.07544	-0.2409781561	-1.725296197	-1.723780087	
4.326	0.0006996843872	0.02040298755	0.02058678396	-3638.944013	-25376.19539	-24836.88231	-0.2557597528	-1.769982899	-1.732546986	
4.327	0.000697440178	0.02034671386	0.02053000915	-3875.552966	-25760.3054	-25000.00428	-0.2720431501	-1.795544192	-1.742653426	
4.328	0.0006952068106	0.02029067321	0.02047346942	-4094.814817	-25832.15251	-25235.72048	-0.2871139506	-1.799352122	-1.757795556	
4.329	0.0006929842145	0.02023486433	0.02041716349	-4245.283389	-25785.55326	-25627.55252	-0.2973967702	-1.794894537	-1.783776841	
4.33	0.0006907723202	0.02017928592	0.02036109006	-4296.110222	-25808.8831	-26179.10467	-0.3007497156	-1.795280853	-1.820852836	
4.331	0.0006885710587	0.02012393672	0.02030524785	-4273.616557	-25962.95286	-26708.37005	-0.2990049565	-1.804747865	-1.856392446	
4.332	0.0006863803617	0.02006881546	0.02024963559	-4213.425389	-26164.82017	-26980.76756	-0.294643261	-1.817550865	-1.874120264	
4.333	0.0006842001615	0.0200139209	0.02019425201	-4118.816275	-26215.23754	-26865.94224	-0.2878986436	-1.81988308	-1.865012539	
4.334	0.0006820303907	0.01995925178	0.02013909585	-3988.545462	-25896.44199	-26286.47567	-0.2786882428	-1.796663841	-1.823729413	
4.335	0.0006798709826	0.01990480687	0.02008416588	-3831.481507	-25136.00591	-25296.75518	-0.2676288611	-1.742882623	-1.75405329	
4.336	0.0006777218709	0.01985058495	0.02002946084	-3660.588003	-24153.86927	-24190.30187	-0.2556190195	-1.673766981	-1.676308498	
4.337	0.00067558299	0.01979658479	0.01997497952	-3500.638211	-23298.52957	-23334.58871	-0.244371348	-1.613434905	-1.615923774	
4.338	0.0006734542748	0.01974280518	0.0199207207	-3382.980887	-22765.60524	-22879.85748	-0.2360510685	-1.575418049	-1.583291524	
4.339	0.0006713356607	0.01968924493	0.01986668315	-3327.990545	-22506.17178	-22717.38231	-0.2320627962	-1.556336567	-1.570892484	
4.34	0.0006692270836	0.01963590283	0.01981286568	-3338.775006	-22324.80237	-22659.10799	-0.2326177281	-1.542686243	-1.565727381	
4.341	0.0006671284797	0.01958277771	0.01975926709	-3395.550597	-22107.3395	-22559.30634	-0.2363477824	-1.526569519	-1.557728779	
4.342	0.0006650397858	0.01952986838	0.01970588619	-3471.663621	-21916.81678	-22361.14357	-0.2414115997	-1.512316299	-1.54296947	
4.343	0.0006629609392	0.01947717367	0.0196527218	-3553.788078	-21832.74594	-22101.23874	-0.2468890099	-1.505401297	-1.523967582	
4.344	0.0006608918776	0.01942469242	0.01959977274	-3621.260419	-21848.07263	-21851.68603	-0.2513586684	-1.505332456	-1.505686013	
4.345	0.0006588325394	0.01937242348	0.01954703786	-3644.980028	-21956.059	-21648.46083	-0.2528189791	-1.511632897	-1.490596055	
4.346	0.0006567828633	0.0193203657	0.019494516	-3631.028312	-22188.87926	-21559.12163	-0.2516872759	-1.526500778	-1.48332593	
4.347	0.0006547427888	0.01926851794	0.019442206	-3613.107924	-22597.74339	-21732.21714	-0.2502808966	-1.553445656	-1.494066195	
4.348	0.0006527122558	0.01921687908	0.01939010674	-3600.996079	-23130.73291	-22199.27148	-0.249275087	-1.58890898	-1.524979039	
4.349	0.0006506912044	0.01916544798	0.01933821706	-3571.83796	-23545.46153	-22773.52258	-0.2471034784	-1.616269699	-1.563248272	
4.35	0.0006486795753	0.01911422352	0.01928653586	-3519.155203	-23644.24673	-23237.14175	-0.2433205032	-1.621970708	-1.593929215	
4.351	0.0006466773099	0.01906320462	0.01923506201	-3465.458677	-23494.7415	-23529.91533	-0.2394680231	-1.610645854	-1.612889559	
4.352	0.0006446843498	0.01901239015	0.0191837944	-3430.475948	-23279.33107	-23704.21968	-0.2368970226	-1.594794442	-1.623723493	
4.353	0.0006427006371	0.01896177903	0.01913273192	-3422.615513	-23114.75228	-23767.10608	-0.2361821487	-1.582412725	-1.626929373	
4.354	0.0006407261145	0.01891137017	0.01908187349	-3440.476732	-23062.2386	-23687.55393	-0.2372268677	-1.577688962	-1.620395015	
4.355	0.0006387607248	0.0188611625	0.01903121801	-3469.819865	-23106.61545	-23504.26363	-0.2390576646	-1.579585647	-1.606767198	
4.356	0.0006368044116	0.01881115494	0.0189807644	-3493.99624	-23199.84899	-23311.57258	-0.2405371452	-1.584813416	-1.592488868	
4.357	0.0006348571188	0.01876134642	0.0189305116	-3500.636078	-23370.87571	-23217.45233	-0.24082185	-1.595337688	-1.584924852	
4.358	0.0006329187905	0.0187117359	0.01888045852	-3476.762988	-23594.23903	-23292.53445	-0.2390279124	-1.609426923	-1.588890796	
4.359	0.0006309893717	0.01866232231	0.01883060412	-3423.12908	-23744.79258	-23471.39143	-0.2352064381	-1.618549036	-1.599928247	
4.36	0.0006290688075	0.01861310462	0.01878094734	-3360.976286	-23860.52354	-23651.93285	-0.2308029361	-1.625272261	-1.611073767	
4.361	0.0006271570436	0.01856408179	0.01873148713	-3325.029649	-24129.35243	-23851.17715	-0.228178059	-1.642379287	-1.623473159	
4.362	0.000625254026	0.01851525279	0.01868222246	-3355.802851	-24579.6038	-24111.48787	-0.2300832992	-1.671804154	-1.640004385	
4.363	0.0006233597014	0.01846661659	0.0186331523	-3476.408169	-25065.61723	-24432.56223	-0.2380866902	-1.703646848	-1.66064169	
4.364	0.0006214740165	0.01841817219	0.01858427561	-3663.793342	-25498.56016	-24844.16325	-0.2506217374	-1.731865	-1.687398039	
4.365	0.0006195969184	0.01836991856	0.01853559139	-3857.302203	-25907.47171	-25363.70376	-0.2635717479	-1.758429981	-1.721457445	
4.366	0.0006177283549	0.01832185471	0.01848709861	-3994.63842	-26242.9821	-25860.9773	-0.2727125669	-1.780014553	-1.754002223	
4.367	0.0006158682739	0.01827397965	0.01843879628	-4042.948089	-26291.57764	-26115.99434	-0.2758194915	-1.782164245	-1.770131248	
4.368	0.0006140166239	0.01822629238	0.0183906834	-4009.713586	-26029.28665	-26062.57666	-0.2734023464	-1.763245854	-1.765357768	
4.369	0.0006121733538	0.01817879191	0.01834275897	-3928.844179	-25762.41394	-25911.24609	-0.2677599347	-1.74398377	-1.753925021	
4.37	0.0006103384129	0.01813147728	0.01829502201	-3835.607667	-25752.26259	-25900.19609	-0.2612811582	-1.742061027	-1.751950758	
4.371	0.0006085117509	0.01808434751	0.01824747155	-3751.900633	-25979.98317	-26092.9044	-0.2554481999	-1.756208364	-1.763725864	
4.372	0.0006066933178	0.01803740164	0.0182001066	-3684.041832	-26340.05479	-26512.23996	-0.2506885651	-1.77928438	-1.790783893	
4.373	0.000604883064	0.01799063871	0.01815292621	-3630.317377	-26813.86924	-27108.94075	-0.2468855246	-1.810024973	-1.829804812	
4.374	0.0006030809402	0.01794405777	0.01810592941	-3596.091846	-27276.28295	-27591.90531	-0.2443982401	-1.84000441	-1.861167759	
4.375	0.0006012868978	0.01789765787	0.01805911525	-3599.618363	-27442.62912	-27724.0964	-0.244454411	-1.850050986	-1.868888425	
4.376	0.000599500888	0.01785143808	0.01801248278	-3644.689959	-27174.75521	-27636.92579	-0.2473096187	-1.830857319	-1.861812119	
4.377	0.0005977228629	0.01780539746	0.01796603106	-3695.63506	-26705.37925	-27546.81384	-0.2505635764	-1.798081382	-1.854521889	
4.378	0.0005959527746	0.01775953508	0.01791975916	-3717.182995	-26375.53571	-27504.87597	-0.2518424258	-1.77467431	-1.850472152	
4.379	0.0005941905757	0.01771385003	0.01787366615	-3709.428942	-26257.26108	-27452.72865	-0.2511515401	-1.765493299	-1.845744931	
4.38	0.0005924362192	0.01766834139	0.0178277511	-3690.86984	-26234.80669	-27352.83722	-0.2497341355	-1.762756352	-1.837817784	
4.381	0.0005906896584	0.01762300824	0.0177820131	-3675.000085	-26296.11003	-27214.4761	-0.2484976152	-1.765630854	-1.827314536	
4.382	0.000588950847	0.0175778497	0.01773645124	-3659.801857	-26574.41149	-27059.12206	-0.2473081575	-1.783038859	-1.815673615	
4.383	0.0005872197389	0.01753286485	0.0176910646	-3635.708855	-27090.47598	-26969.88234	-0.2455248219	-1.816379674	-1.808460882	
4.384	0.0005854962885	0.01748805281	0.0176458523	-3604.184111	-27570.70199	-27020.07789	-0.2432454194	-1.847338215	-1.810587361	
4.385	0.0005837804504	0.01744341269	0.01760081344	-3567.746183	-27757.20795	-27184.6921	-0.240639489	-1.858646175	-1.820385846	
4.386	0.0005820721798	0.01739894361	0.01755594713	-3521.905289	-27683.37895	-27263.45756	-0.2374067166	-1.852538576	-1.824473066	
4.387	0.0005803714319	0.0173546447	0.01751125249	-3475.721441	-27434.00578	-27037.59795	-0.2341509924	-1.834704014	-1.808225398	
4.388	0.0005786781625	0.01731051509	0.01746672864	-3453.15103	-27039.1718	-26559.34952	-0.2324707807	-1.80716682	-1.77512358	
4.389	0.0005769923275	0.01726655391	0.01742237471	-3474.752285	-26570.50297	-26104.46461	-0.2337367162	-1.774713669	-1.743579643	
4.39	0.0005753138834	0.01722276031	0.01737818983	-3544.952355	-26138.35187	-25798.05779	-0.2382426661	-1.744710616	-1.721959977	
4.391	0.0005736427867	0.01717913343	0.01733417315	-3648.37941	-25782.62965	-25489.69946	-0.2449628001	-1.719822695	-1.700242973	
4.392	0.0005719789944	0.01713567243	0.01729032381	-3757.12267	-25497.11414	-25109.67855	-0.2520383503	-1.699631392	-1.67376233	
4.393	0.0005703224638	0.01709237646	0.01724664097	-3822.56079	-25264.02091	-24872.40249	-0.2562359626	-1.682950137	-1.656770412	
4.394	0.0005686731525	0.0170492447	0.01720312377	-3793.661908	-25027.00184	-24965.49342	-0.2541629709	-1.666021341	-1.661745697	
4.395	0.0005670310183	0.0170062763	0.01715977139	-3680.439227	-24860.90198	-25331.0646	-0.2464854664	-1.653797557	-1.684834836	
4.396	0.0005653960196	0.01696347044	0.01711658298	-3539.635897	-24998.96212	-25828.81204	-0.2369766403	-1.661756623	-1.716697892	
4.397	0.0005637681149	0.01692082631	0.01707355772	-3406.751714	-25533.36478	-26428.26834	-0.2279972711	-1.696020812	-1.755298312	
4.398	0.000562147263	0.01687834308	0.01703069479	-3294.708918	-26216.47703	-27059.29463	-0.2204054645	-1.740169348	-1.795994626	
4.399	0.000560533423	0.01683601995	0.01698799337	-3208.333835	-26673.36753	-27438.46515	-0.2145203989	-1.769345722	-1.820021527	
4.4	0.0005589265544	0.01679385611	0.01694545265	-3145.619984	-26693.48684	-27257.02908	-0.2102075603	-1.769604413	-1.806936847	
4.401	0.0005573266169	0.01675185076	0.01690307181	-3101.009922	-26278.25643	-26569.7054	-0.2070968439	-1.741052864	-1.760364698	
4.402	0.0005557335705	0.01671000311	0.01686085007	-3074.873203	-25594.11149	-25753.12275	-0.2052095133	-1.694719467	-1.705239218	
4.403	0.0005541473755	0.01666831236	0.01681878662	-3080.341925	-24833.85851	-25072.77815	-0.2054109732	-1.64337103	-1.659142438	
4.404	0.0005525679924	0.01662677774	0.01677688067	-3121.696436	-24114.09565	-24496.02424	-0.2079824935	-1.594716946	-1.619931465	
4.405	0.0005509953823	0.01658539845	0.01673513144	-3187.876205	-23584.0739	-23935.04693	-0.212191932	-1.558601042	-1.581798248	
4.406	0.0005494295062	0.01654417374	0.01669353813	-3265.209554	-23380.60974	-23421.67311	-0.2171356184	-1.544042359	-1.54682962	
4.407	0.0005478703255	0.01650310281	0.01665209998	-3337.868324	-23456.55537	-23017.83317	-0.221769248	-1.547927083	-1.519097689	
4.408	0.0005463178019	0.01646218492	0.01661081622	-3394.216293	-23626.01877	-22797.97779	-0.225325216	-1.557993755	-1.503487019	
4.409	0.0005447718975	0.0164214193	0.01656968607	-3442.740072	-23765.8139	-22927.31604	-0.2283612838	-1.56611479	-1.510848045	
4.41	0.0005432325746	0.01638080519	0.01652870877	-3503.737481	-23861.1956	-23535.21558	-0.2322135592	-1.571309517	-1.549677486	
4.411	0.0005416997955	0.01634034184	0.01648788356	-3578.168685	-23991.20892	-24501.38586	-0.2369476017	-1.578767569	-1.612059138	
4.412	0.0005401735232	0.0163000285	0.01644720969	-3635.305241	-24249.567	-25524.54333	-0.2405468285	-1.594649521	-1.678193924	
4.413	0.0005386537206	0.01625986444	0.01640668642	-3639.318824	-24572.8643	-26210.17642	-0.2406595124	-1.614799751	-1.722193278	
4.414	0.0005371403512	0.01621984891	0.016366313	-3593.883504	-24838.21914	-26166.96927	-0.2375263158	-1.631155507	-1.718398335	
4.415	0.0005356333784	0.01617998119	0.01632608868	-3539.639747	-24965.4368	-25376.5583	-0.2338139351	-1.638469474	-1.665615591	
4.416	0.0005341327662	0.01614026054	0.01628601274	-3501.975887	-24806.25365	-24228.9245	-0.2311894857	-1.627047149	-1.589420621	
4.417	0.0005326384786	0.01610068624	0.01624608444	-3471.855813	-24244.73725	-23176.61576	-0.2290639216	-1.589310508	-1.519473959	
4.418	0.00053115048	0.01606125757	0.01620630306	-3420.764282	-23355.87344	-22446.78909	-0.2255724765	-1.530176885	-1.47065776	
4.419	0.000529668735	0.01602197381	0.01616666788	-3329.257252	-22349.28147	-22005.34415	-0.219443928	-1.463363588	-1.440737761	
4.42	0.0005281932085	0.01598283426	0.01612717818	-3202.176651	-21488.75224	-21775.9673	-0.2109945775	-1.406109123	-1.42470505	
4.421	0.0005267238655	0.01594383821	0.01608783324	-3069.732845	-20996.37316	-21723.11845	-0.2021970729	-1.372914801	-1.420223332	
4.422	0.0005252606714	0.01590498495	0.01604863237	-2964.743421	-20853.94908	-21739.80647	-0.1951925515	-1.362589516	-1.42029919	
4.423	0.0005238035918	0.01586627379	0.01600957484	-2911.019625	-20863.81961	-21779.30153	-0.1915314561	-1.362222575	-1.421866586	
4.424	0.0005223525925	0.01582770404	0.01597065998	-2922.720237	-20936.31983	-21905.41261	-0.1921325865	-1.365940509	-1.429077022	
4.425	0.0005209076396	0.015789275	0.01593188708	-3005.803607	-21139.91982	-22108.84019	-0.1973790199	-1.378183735	-1.441327524	
4.426	0.0005194686995	0.01575098599	0.01589325544	-3157.487851	-21537.51321	-22288.93228	-0.2070852066	-1.403035427	-1.452070417	
4.427	0.0005180357386	0.01571283634	0.0158547644	-3359.665268	-22123.80831	-22307.99439	-0.2200703929	-1.440146686	-1.452353255	
4.428	0.0005166087237	0.01567482535	0.01581641325	-3573.353235	-22745.8109	-22103.51834	-0.2338006965	-1.479576337	-1.438108665	
4.429	0.0005151876219	0.01563695237	0.01577820132	-3732.855216	-23191.86727	-21850.18165	-0.2440106693	-1.507571407	-1.420671542	
4.43	0.0005137724004	0.01559921672	0.01574012794	-3794.654694	-23478.03735	-21848.67207	-0.2478758188	-1.525168129	-1.419561067	
4.431	0.0005123630266	0.01556161774	0.01570219244	-3782.895041	-23699.33831	-22162.08074	-0.2469641403	-1.538550553	-1.438883386	
4.432	0.0005109594682	0.01552415477	0.01566439415	-3737.605786	-23752.2788	-22542.53385	-0.2438760515	-1.541032845	-1.4625768	
4.433	0.0005095616931	0.01548682715	0.01562673241	-3674.255513	-23560.3894	-22711.18752	-0.239617122	-1.527670579	-1.472575041	
4.434	0.0005081696696	0.01544963422	0.01558920656	-3619.453021	-23163.62012	-22557.77438	-0.2359094623	-1.501067752	-1.461744049	
4.435	0.0005067833659	0.01541257535	0.01555181595	-3611.410057	-22559.82115	-22099.31245	-0.2352256507	-1.461110682	-1.43119942	
4.436	0.0005054027507	0.01537564988	0.01551455992	-3648.30769	-21687.16555	-21417.21935	-0.2374511642	-1.403820313	-1.386221657	
4.437	0.0005040277926	0.01533885718	0.01547743784	-3666.682332	-20586.86263	-20607.70643	-0.2384894808	-1.331862027	-1.333041147	
4.438	0.0005026584608	0.0153021966	0.01544044905	-3591.949017	-19476.64656	-19761.65034	-0.2335254583	-1.259291313	-1.27753039	
4.439	0.0005012947244	0.01526566752	0.01540359292	-3426.678458	-18582.73467	-18997.45143	-0.2227228309	-1.200701541	-1.227324294	
4.44	0.0004999365529	0.01522926931	0.01536686882	-3246.30401	-18010.72848	-18428.72045	-0.210945514	-1.162887752	-1.189737782	
4.441	0.0004985839159	0.01519300133	0.01533027611	-3119.689195	-17826.97278	-18128.70871	-0.2026326748	-1.150096474	-1.169472322	
4.442	0.0004972367833	0.01515686298	0.01529381417	-3063.880206	-18082.75231	-18164.48072	-0.1988820727	-1.165601755	-1.170818223	
4.443	0.0004958951251	0.01512085362	0.01525748237	-3063.080836	-18719.792	-18617.31413	-0.1986744129	-1.205633772	-1.198977667	
4.444	0.0004945589116	0.01508497265	0.01522128009	-3094.503181	-19516.59271	-19460.03894	-0.2005411474	-1.255935914	-1.252185735	
4.445	0.0004932281133	0.01504921946	0.01518520672	-3131.008935	-20235.61906	-20503.28539	-0.2027361104	-1.301226073	-1.318259006	
4.446	0.0004919027007	0.01501359343	0.01514926165	-3151.664289	-20848.64718	-21546.0847	-0.2039123057	-1.339679585	-1.384280887	
4.447	0.0004905826448	0.01497809397	0.01511344426	-3167.244176	-21387.00778	-22411.78748	-0.2047573715	-1.373317406	-1.438922407	
4.448	0.0004892679166	0.01494272048	0.01507775395	-3219.325151	-21780.05477	-22902.77284	-0.2079343358	-1.397620736	-1.469524352	
4.449	0.0004879584874	0.01490747235	0.01504219013	-3343.106439	-22018.04126	-22993.05145	-0.2156968875	-1.411969043	-1.474432122	
4.45	0.0004866543286	0.014872349	0.01500675218	-3540.558716	-22187.69094	-22821.68995	-0.2281693084	-1.42192746	-1.462575312	
4.451	0.0004853554119	0.01483734983	0.01497143952	-3785.025286	-22299.87002	-22480.03668	-0.2436440474	-1.428217122	-1.439829606	
4.452	0.000484061709	0.01480247427	0.01493625156	-4027.448603	-22151.94348	-21966.5924	-0.2589849017	-1.417906292	-1.406123114	
4.453	0.0004827731921	0.01476772172	0.0149011877	-4193.074315	-21558.2398	-21254.4023	-0.2694184344	-1.379139493	-1.359749025	
4.454	0.0004814898333	0.01473309162	0.01486624738	-4217.3795	-20594.40865	-20350.10221	-0.2708272726	-1.316756632	-1.30114069	
4.455	0.0004802116051	0.01469858337	0.01483142999	-4110.686085	-19491.22844	-19339.32733	-0.2638729409	-1.245497494	-1.235761238	
4.456	0.0004789384799	0.01466419642	0.01479673497	-3944.019382	-18500.44944	-18457.79713	-0.2530908753	-1.181421048	-1.178630604	
4.457	0.0004776704306	0.0146299302	0.01476216175	-3778.93224	-17834.87682	-17994.49058	-0.2424097741	-1.138079743	-1.148150605	
4.458	0.0004764074302	0.01459578413	0.01472770975	-3648.881645	-17635.07023	-18102.23045	-0.2339625925	-1.124405538	-1.154034923	
4.459	0.0004751494517	0.01456175765	0.0146933784	-3566.64291	-17911.32334	-18730.62977	-0.2285616586	-1.141029558	-1.193052698	
4.46	0.0004738964684	0.01452785022	0.01465916715	-3532.20688	-18525.72192	-19655.15436	-0.226203318	-1.179152338	-1.250898745	
4.461	0.000472648454	0.01449406126	0.01462507543	-3547.24722	-19321.24952	-20593.31455	-0.226989939	-1.228760215	-1.309596403	
4.462	0.0004714053819	0.01446039023	0.01459110268	-3612.148889	-20264.80254	-21364.13388	-0.2309427622	-1.287722642	-1.357632923	
4.463	0.000470167226	0.01442683659	0.01455724835	-3713.416165	-21359.31177	-21990.69183	-0.2372032508	-1.356212632	-1.396466308	
4.464	0.0004689339605	0.01439339977	0.0145235119	-3819.484714	-22545.82165	-22560.23414	-0.2437682291	-1.43048288	-1.431639628	
4.465	0.0004677055593	0.01436007925	0.01448989277	-3895.791784	-23754.67881	-23094.63465	-0.2484459961	-1.506114086	-1.464547146	
4.466	0.000466481997	0.01432687448	0.01445639041	-3931.422665	-24884.47661	-23616.61201	-0.2505441383	-1.57669036	-1.496633894	
4.467	0.000465263248	0.01429378493	0.01442300429	-3954.859627	-25786.58305	-24096.89235	-0.2518661282	-1.632813227	-1.526057595	
4.468	0.0004640492869	0.01426081005	0.01438973388	-3988.665862	-26381.63839	-24442.30191	-0.2538439303	-1.669479032	-1.546933351	
4.469	0.0004628400888	0.01422794933	0.01435657862	-3998.232083	-26602.93588	-24572.63696	-0.2542941331	-1.682493607	-1.554196032	
4.47	0.0004616356285	0.01419520223	0.014323538	-3942.943678	-26508.46263	-24550.07656	-0.2506512649	-1.675533514	-1.551771789	
4.471	0.0004604358813	0.01416256824	0.01429061148	-3835.087522	-26306.67353	-24594.25707	-0.2436919052	-1.661783831	-1.553531059	
4.472	0.0004592408226	0.01413004682	0.01425779854	-3702.506288	-26018.89343	-24818.34976	-0.2351765887	-1.642620611	-1.56662788	
4.473	0.0004580504277	0.01409763746	0.01422509866	-3553.704013	-25548.06872	-25101.21128	-0.225643904	-1.611928362	-1.583428895	
4.474	0.0004568646725	0.01406533965	0.01419251131	-3403.567337	-25045.21367	-25328.13167	-0.2160306385	-1.579211688	-1.59669625	
4.475	0.0004556835328	0.01403315288	0.01416003598	-3292.287428	-24774.67077	-25527.1917	-0.2088648856	-1.561118578	-1.608193785	
4.476	0.0004545069844	0.01400107662	0.01412767216	-3257.625365	-24809.8642	-25758.79474	-0.2065209091	-1.562274256	-1.621725842	
4.477	0.0004533350037	0.01396911039	0.01409541933	-3297.119045	-25015.46567	-26024.40012	-0.2088418695	-1.574170247	-1.637396953	
4.478	0.0004521675668	0.01393725367	0.01406327699	-3378.934477	-25124.47992	-26146.40363	-0.2138231906	-1.580029333	-1.64406409	
4.479	0.0004510046503	0.01390550597	0.01403124463	-3482.601786	-24902.99684	-25901.25128	-0.2201749321	-1.565159539	-1.627695289	
4.48	0.0004498462307	0.01387386678	0.01399932175	-3597.945457	-24365.94419	-25298.03882	-0.2272572468	-1.530490644	-1.588857906	
4.481	0.0004486922848	0.01384233562	0.01396750786	-3697.250817	-23808.55895	-24661.67538	-0.2333324619	-1.494536549	-1.547925863	
4.482	0.0004475427895	0.01381091198	0.01393580244	-3759.772765	-23545.00333	-24366.38538	-0.2370997054	-1.476995589	-1.528362409	
4.483	0.0004463977219	0.01377959539	0.01390420502	-3797.81092	-23604.40766	-24457.46302	-0.2393297186	-1.479706412	-1.533018639	
4.484	0.0004452570591	0.01374838535	0.0138727151	-3828.79828	-23671.66008	-24628.23804	-0.2411166019	-1.482951542	-1.542699365	
4.485	0.0004441207786	0.01371728138	0.01384133219	-3843.845307	-23441.58986	-24619.48184	-0.2419081506	-1.46762788	-1.541172749	
4.486	0.0004429888579	0.01368628301	0.01381005581	-3816.818811	-22979.2829	-24442.53334	-0.2400732408	-1.437789129	-1.529142399	
4.487	0.0004418612745	0.01365538974	0.01377888548	-3740.08104	-22540.50804	-24140.55571	-0.2351361974	-1.409412802	-1.50931632	
4.488	0.0004407380062	0.01362460111	0.01374782071	-3624.564733	-22346.6493	-23737.05992	-0.2277818545	-1.396315884	-1.483163211	
4.489	0.0004396190311	0.01359391664	0.01371686102	-3485.973719	-22525.24972	-23385.0939	-0.2189910959	-1.406450986	-1.460229102	
4.49	0.0004385043271	0.01356333587	0.01368600596	-3355.955839	-22967.73486	-23159.7633	-0.2107359699	-1.433050294	-1.445203544	
4.491	0.0004373938725	0.01353285833	0.01365525503	-3276.877171	-23371.4311	-23009.19079	-0.2056540891	-1.457251525	-1.434847343	
4.492	0.0004362876457	0.01350248354	0.01362460779	-3275.921866	-23557.40941	-22991.18746	-0.2054361843	-1.467901194	-1.432743465	
4.493	0.0004351856251	0.01347221106	0.01359406374	-3340.604067	-23586.64306	-23202.95006	-0.2093039046	-1.468793959	-1.444937797	
4.494	0.0004340877893	0.01344204041	0.01356362245	-3426.757892	-23512.08573	-23511.71543	-0.2145088464	-1.463237882	-1.463188823	
4.495	0.0004329941171	0.01341197114	0.01353328343	-3495.61056	-23330.84758	-23577.63068	-0.2186391835	-1.451061954	-1.466384483	
4.496	0.0004319045875	0.01338200281	0.01350304624	-3535.507949	-23105.68069	-23275.72816	-0.2209695937	-1.436169155	-1.446755742	
4.497	0.0004308191794	0.01335213495	0.01347291042	-3559.287394	-22841.49002	-22798.11248	-0.2222958657	-1.418882279	-1.416230103	
4.498	0.000429737872	0.01332236712	0.01344287552	-3596.10097	-22369.895	-22283.2132	-0.2244255883	-1.388772192	-1.383413423	
4.499	0.0004286606446	0.01329269886	0.01341294108	-3662.254106	-21665.3862	-21731.55391	-0.2283706438	-1.344247378	-1.348346532	
4.5	0.0004275874767	0.01326312975	0.01338310665	-3740.02392	-21010.39719	-21187.19914	-0.2330346672	-1.302792619	-1.31375754	
4.501	0.0004265183478	0.01323365933	0.0133533718	-3802.480094	-20619.51168	-20679.88985	-0.2367513822	-1.277696481	-1.281488891	
4.502	0.0004254532375	0.01320428716	0.01332373608	-3828.253458	-20457.34592	-20219.30058	-0.2382004821	-1.266769041	-1.252130807	
4.503	0.0004243921258	0.01317501281	0.01329419904	-3808.853377	-20437.81082	-19901.9519	-0.2368583522	-1.26467565	-1.231637198	
4.504	0.0004233349924	0.01314583584	0.01326476025	-3760.695702	-20507.26161	-19804.14689	-0.2337407041	-1.268095782	-1.224716583	
4.505	0.0004222818176	0.01311675582	0.01323541927	-3698.67235	-20550.64438	-19852.46405	-0.2297699869	-1.269931067	-1.226836804	
4.506	0.0004212325815	0.01308777232	0.01320617567	-3620.238475	-20385.3293	-19864.77517	-0.2247920932	-1.258921625	-1.226758904	
4.507	0.0004201872645	0.01305888492	0.01317702902	-3515.082498	-19918.83592	-19742.5345	-0.218173141	-1.229361247	-1.218398755	
4.508	0.0004191458468	0.01303009319	0.01314797889	-3382.11866	-19350.83213	-19522.55089	-0.2098466803	-1.193537103	-1.204018024	
4.509	0.0004181083092	0.0130013967	0.01311902486	-3239.227008	-19026.51869	-19334.8817	-0.2009126894	-1.172693302	-1.191613727	
4.51	0.0004170746323	0.01297279504	0.01309016649	-3123.762244	-19163.34278	-19392.54889	-0.1936675438	-1.180201035	-1.194282168	
4.511	0.000416044797	0.01294428779	0.01306140336	-3066.08109	-19731.15543	-19760.68333	-0.1899768127	-1.214197196	-1.216029219	
4.512	0.000415018784	0.01291587452	0.01303273507	-3058.025903	-20533.97748	-20268.45853	-0.1893377702	-1.262625003	-1.246354192	
4.513	0.0004139965745	0.01288755484	0.01300416119	-3082.226452	-21376.00731	-20761.55598	-0.190680028	-1.313453236	-1.275770476	
4.514	0.0004129781497	0.01285932833	0.0129756813	-3133.399744	-22024.04871	-21155.68733	-0.193676222	-1.352379674	-1.299102677	
4.515	0.0004119634908	0.01283119457	0.012947295	-3205.126854	-22291.23736	-21454.37156	-0.1979305212	-1.367949811	-1.316561615	
4.516	0.0004109525792	0.01280315317	0.01291900187	-3293.449108	-22263.52582	-21777.49828	-0.2031984953	-1.365433656	-1.33549735	
4.517	0.0004099453965	0.01277520371	0.01289080151	-3392.105244	-22162.11769	-22123.57293	-0.209096302	-1.358397727	-1.355835803	
4.518	0.0004089419241	0.0127473458	0.01286269351	-3483.168729	-21997.88625	-22343.57015	-0.2145274858	-1.347541104	-1.368471042	
4.519	0.000407942144	0.01271957904	0.01283467746	-3545.739615	-21550.65501	-22282.4237	-0.2182141984	-1.319420825	-1.363937693	
4.52	0.0004069460379	0.01269190303	0.01280675297	-3579.920862	-20727.81926	-21784.56257	-0.2201625774	-1.268379022	-1.332744562	
4.521	0.0004059535877	0.01266431736	0.01277891963	-3600.593196	-19732.09249	-20928.41724	-0.2212825372	-1.206798423	-1.279682567	
4.522	0.0004049647757	0.01263682166	0.01275117706	-3619.043489	-18796.92712	-20054.49033	-0.2222634007	-1.148937334	-1.225539596	
4.523	0.0004039795839	0.01260941552	0.01272352485	-3655.99702	-18035.08193	-19397.01265	-0.224368758	-1.101669603	-1.184613958	
4.524	0.0004029979946	0.01258209857	0.01269596261	-3721.962211	-17575.28217	-18986.36774	-0.2282402315	-1.072822148	-1.158753119	
4.525	0.0004020199902	0.0125548704	0.01266848995	-3798.628947	-17526.98677	-18839.5258	-0.2327636286	-1.0690457	-1.148974683	
4.526	0.0004010455533	0.01252773064	0.01264110649	-3856.975098	-17828.28477	-18923.2888	-0.236174132	-1.086559624	-1.153251091	
4.527	0.0004000746665	0.01250067891	0.01261381183	-3856.00622	-18271.0342	-19050.95158	-0.2359806744	-1.112688441	-1.160220437	
4.528	0.0003991073124	0.01247371482	0.0125866056	-3782.432538	-18685.91718	-19073.84811	-0.2313756783	-1.137123103	-1.160832309	
4.529	0.0003981434739	0.01244683799	0.01255948741	-3677.058475	-19029.52616	-19034.67169	-0.2248395844	-1.157220934	-1.157672305	
4.53	0.000397183134	0.01242004805	0.01253245687	-3570.818042	-19254.5474	-19003.86644	-0.2182544872	-1.170115202	-1.155022639	
4.531	0.0003962262757	0.01239334462	0.01250551363	-3465.07451	-19329.72266	-18945.94024	-0.2117044251	-1.173909344	-1.150734963	
4.532	0.000395272882	0.01236672734	0.01247865728	-3372.228254	-19361.25805	-18837.16943	-0.2059405447	-1.175041902	-1.143366149	
4.533	0.0003943229363	0.01234019582	0.01245188747	-3298.936757	-19435.22238	-18752.22807	-0.201367324	-1.17873676	-1.137434745	
4.534	0.0003933764219	0.0123137497	0.01242520383	-3223.559198	-19515.70899	-18774.92521	-0.1966748567	-1.182821304	-1.138012246	
4.535	0.0003924333222	0.01228738862	0.01239860597	-3134.560038	-19648.12171	-18942.6975	-0.1911634647	-1.190031917	-1.147357723	
4.536	0.0003914936208	0.01226111221	0.01237209354	-3043.899757	-19958.39627	-19283.27257	-0.1855554121	-1.207983649	-1.16713863	
4.537	0.0003905573013	0.01223492011	0.01234566616	-2964.795748	-20386.71738	-19805.07415	-0.1806486989	-1.23307484	-1.197862129	
4.538	0.0003896243474	0.01220881195	0.01231932348	-2910.183531	-20688.71094	-20348.64503	-0.177222828	-1.250560092	-1.229912616	
4.539	0.000388694743	0.01218278738	0.01229306513	-2891.995103	-20620.51289	-20574.33981	-0.1759957057	-1.245734952	-1.242806171	
4.54	0.0003877684721	0.01215684604	0.01226689075	-2919.174118	-20075.4393	-20307.1413	-0.1775041951	-1.212180163	-1.225990728	
4.541	0.0003868455186	0.01213098757	0.01224079998	-2990.828824	-19110.57398	-19681.7555	-0.1816930863	-1.153353049	-1.187597423	
4.542	0.0003859258667	0.01210521163	0.01221479247	-3081.019223	-17911.38106	-18860.50443	-0.1869997312	-1.080433865	-1.137426684	
4.543	0.0003850095006	0.01207951786	0.01218886787	-3152.446345	-16779.99091	-17938.75972	-0.1911788105	-1.011606445	-1.081226285	
4.544	0.0003840964047	0.01205390591	0.01216302581	-3183.629115	-16008.4047	-17127.39544	-0.1929380636	-0.9644261272	-1.031670228	
4.545	0.0003831865632	0.01202837543	0.01213726596	-3182.56886	-15755.77529	-16674.69931	-0.1927593931	-0.9484393034	-1.003671432	
4.546	0.0003822799608	0.01200292608	0.01211158795	-3159.915861	-16072.11364	-16686.74444	-0.1912862236	-0.9666200477	-1.003586197	
4.547	0.0003813765821	0.01197755752	0.01208599145	-3103.698622	-16908.98563	-17128.40264	-0.1878033391	-1.016032749	-1.029282522	
4.548	0.0003804764116	0.0119522694	0.01206047611	-3009.075428	-18068.03602	-17903.33704	-0.1820226973	-1.084762147	-1.074958931	
4.549	0.0003795794343	0.01192706138	0.01203504158	-2870.622958	-19184.78073	-18837.86758	-0.1736231709	-1.150950891	-1.130191762	
4.55	0.000378685635	0.01190193313	0.01200968753	-2676.915644	-19961.89824	-19691.44832	-0.1619221276	-1.196777928	-1.180565235	
4.551	0.0003777949985	0.0118768843	0.01198441361	-2457.361689	-20388.72702	-20289.65316	-0.1486796848	-1.221608402	-1.21563659	
4.552	0.0003769075101	0.01185191457	0.01195921949	-2262.011674	-20534.2088	-20576.49053	-0.1368912048	-1.22958986	-1.232064307	
4.553	0.0003760231547	0.0118270236	0.01193410483	-2112.006182	-20435.0409	-20612.9983	-0.1278208262	-1.22293358	-1.233508928	
4.554	0.0003751419177	0.01180221105	0.0119090693	-2007.337989	-20228.84904	-20525.01748	-0.1214654949	-1.209873756	-1.227507587	
4.555	0.0003742637844	0.0117774766	0.01188411256	-1949.794738	-20041.73534	-20348.78885	-0.1179278178	-1.197959023	-1.216241962	
4.556	0.0003733887401	0.01175281993	0.01185923429	-1946.396022	-19807.19002	-20101.06476	-0.1176227316	-1.183241106	-1.200722576	
4.557	0.0003725167704	0.01172824069	0.01183443415	-1994.863468	-19347.35515	-19754.20758	-0.1204116512	-1.155123121	-1.179318146	
4.558	0.0003716478607	0.01170373858	0.01180971182	-2071.598108	-18623.76855	-19178.39877	-0.1248862924	-1.111311778	-1.144303161	
4.559	0.0003707819968	0.01167931327	0.01178506697	-2145.688928	-17801.88851	-18387.432	-0.1292036716	-1.061659278	-1.096492139	
4.56	0.0003699191644	0.01165496443	0.01176049928	-2201.404905	-17130.66672	-17666.75716	-0.1324258413	-1.020980027	-1.052867925	
4.561	0.0003690593494	0.01163069175	0.01173600842	-2243.072666	-16792.69372	-17244.14682	-0.1348091135	-1.000130877	-1.026984523	
4.562	0.0003682025375	0.0116064949	0.01171159408	-2286.716743	-16789.18795	-17068.7679	-0.1373057268	-0.9991804723	-1.015820281	
4.563	0.0003673487149	0.01158237359	0.01168725593	-2345.653289	-16925.43795	-17006.41904	-0.1407062552	-1.006559344	-1.011390216	
4.564	0.0003664978676	0.01155832748	0.01166299367	-2432.687841	-16930.94331	-16973.96413	-0.1457702845	-1.006202313	-1.008748396	
4.565	0.0003656499817	0.01153435626	0.01163880696	-2543.663432	-16706.86875	-16920.42209	-0.1522522202	-0.9922324222	-1.004862943	
4.566	0.0003648050435	0.01151045963	0.01161469551	-2646.181308	-16395.92536	-16835.91138	-0.1582327932	-0.9731020145	-0.9991424723	
4.567	0.0003639630392	0.01148663728	0.011590659	-2703.983895	-16186.62683	-16746.6222	-0.1615655598	-0.9599742164	-0.9931281488	
4.568	0.0003631239554	0.0114628889	0.01156669711	-2691.203	-16270.2656	-16816.36421	-0.1607211308	-0.9641576194	-0.9965004276	
4.569	0.0003622877784	0.01143921417	0.01154280954	-2615.950719	-16830.16848	-17245.9338	-0.1561803726	-0.9964817666	-1.021130414	
4.57	0.0003614544947	0.01141561281	0.01151899598	-2525.383539	-17843.15055	-18013.40854	-0.1507335354	-1.055565606	-1.065720833	
4.571	0.0003606240911	0.01139208449	0.01149525612	-2449.046551	-19062.13263	-18854.36975	-0.1461298953	-1.126797921	-1.114642895	
4.572	0.0003597965543	0.01136862893	0.01147158967	-2382.104867	-20226.4059	-19544.40087	-0.1420854923	-1.19477374	-1.154629568	
4.573	0.0003589718709	0.01134524582	0.01144799631	-2316.353869	-21147.25044	-20116.77973	-0.1381159209	-1.248361681	-1.187638308	
4.574	0.0003581500279	0.01132193486	0.01142447575	-2247.420233	-21649.18552	-20606.27572	-0.133963428	-1.277227918	-1.215733393	
4.575	0.0003573310122	0.01129869576	0.01140102769	-2170.885223	-21718.95371	-20947.32385	-0.1293673566	-1.280598512	-1.235057806	
4.576	0.0003565148108	0.01127552823	0.01137765183	-2093.989284	-21596.96252	-21183.37476	-0.1247535693	-1.272643003	-1.248170558	
4.577	0.0003557014108	0.01125243195	0.01135434787	-2026.077275	-21523.33825	-21427.00524	-0.1206721484	-1.267512028	-1.26170243	
4.578	0.0003548907994	0.01122940666	0.01133111552	-1967.11068	-21574.54411	-21737.01581	-0.1171207085	-1.269716323	-1.279119425	
4.579	0.0003540829637	0.01120645205	0.01130795448	-1914.812866	-21683.02703	-22072.65045	-0.113964507	-1.27529212	-1.298032183	
4.58	0.0003532778911	0.01118356783	0.01128486446	-1873.565376	-21730.73129	-22366.75371	-0.111459818	-1.277306988	-1.314499409	
4.581	0.000352475569	0.01116075372	0.01126184518	-1845.865017	-21658.24864	-22561.43105	-0.1097529441	-1.272275242	-1.325132589	
4.582	0.0003516759848	0.01113800943	0.01123889634	-1821.076625	-21450.67273	-22533.19308	-0.1082196445	-1.259332476	-1.322705305	
4.583	0.0003508791261	0.01111533467	0.01121601765	-1792.299906	-21043.66937	-22123.06742	-0.1064538043	-1.234715818	-1.297910462	
4.584	0.0003500849803	0.01109272917	0.01119320884	-1771.625255	-20509.62782	-21390.1	-0.1051619401	-1.202661075	-1.254205196	
4.585	0.0003492935353	0.01107019263	0.01117046961	-1777.434465	-20075.37758	-20665.10842	-0.1054191659	-1.17645135	-1.210958956	
4.586	0.0003485047787	0.01104772479	0.01114779968	-1814.958986	-19800.07005	-20224.5123	-0.1075305499	-1.159556693	-1.184350906	
4.587	0.0003477186983	0.01102532535	0.01112519877	-1880.632265	-19582.6912	-20116.21423	-0.1112856572	-1.146066212	-1.177179672	
4.588	0.000346935282	0.01100299405	0.0111026666	-1972.722739	-19379.67554	-20253.98962	-0.1165818611	-1.133419503	-1.184391379	
4.589	0.0003461545178	0.0109807306	0.01108020289	-2077.684134	-19290.74592	-20582.08485	-0.122628527	-1.127421826	-1.202711275	
4.59	0.0003453763936	0.01095853474	0.01105780737	-2161.37148	-19491.59521	-21060.04783	-0.1274343135	-1.138313821	-1.229768916	
4.591	0.0003446008975	0.01093640618	0.01103547975	-2191.681071	-20009.94401	-21567.81769	-0.1291279142	-1.167707042	-1.258560228	
4.592	0.0003438280178	0.01091434465	0.01101321977	-2164.844468	-20705.6835	-21968.64812	-0.1274904941	-1.207424535	-1.28111159	
4.593	0.0003430577425	0.01089234989	0.01099102714	-2109.444586	-21468.32491	-22237.23148	-0.1241880607	-1.251018124	-1.295947181	
4.594	0.0003422900599	0.01087042163	0.01096890161	-2058.322288	-22222.25219	-22417.17257	-0.1211347408	-1.294086792	-1.305610248	
4.595	0.0003415249585	0.01084855959	0.01094684289	-2012.228525	-22823.4766	-22543.26765	-0.1183768318	-1.328265763	-1.312131687	
4.596	0.0003407624266	0.01082676351	0.01092485072	-1955.647116	-23111.00245	-22652.38384	-0.1150123517	-1.344207316	-1.317659166	
4.597	0.0003400024527	0.01080503312	0.01090292483	-1895.881623	-23064.92166	-22779.91388	-0.1114642983	-1.340763843	-1.324258382	
4.598	0.0003392450254	0.01078336817	0.01088106495	-1851.359485	-22803.73895	-22812.2926	-0.108802679	-1.324830528	-1.325356042	
4.599	0.0003384901331	0.01076176838	0.01085927083	-1818.019677	-22437.69609	-22521.55371	-0.1067927486	-1.302819995	-1.307736964	
4.6	0.0003377377647	0.0107402335	0.01083754219	-1778.976125	-22039.70016	-21900.61247	-0.1044544625	-1.278974956	-1.27098976	
4.601	0.0003369879088	0.01071876327	0.01081587877	-1740.623466	-21550.0086	-21165.90066	-0.1021557454	-1.249851355	-1.227662825	
4.602	0.0003362405543	0.01069735742	0.01079428032	-1732.251722	-20851.39554	-20485.19	-0.1015907171	-1.208664975	-1.187482981	
4.603	0.00033549569	0.0106760157	0.01077274657	-1772.26679	-20036.31951	-19903.85047	-0.1038235618	-1.16075831	-1.153079851	
4.604	0.0003347533047	0.01065473786	0.01075127726	-1853.853402	-19337.77195	-19414.74524	-0.1084593005	-1.119605064	-1.124036463	
4.605	0.0003340133876	0.01063352364	0.01072987214	-1949.980439	-18849.50608	-19022.86174	-0.1139353792	-1.090625309	-1.100632952	
4.606	0.0003332759276	0.01061237278	0.01070853094	-2023.301966	-18548.47117	-18731.14275	-0.1180950465	-1.072477717	-1.083032682	
4.607	0.0003325409138	0.01059128503	0.01068725343	-2048.227998	-18431.71365	-18517.00953	-0.1194614305	-1.064976135	-1.069923484	
4.608	0.0003318083354	0.01057026014	0.01066603934	-2028.595786	-18514.76965	-18403.05622	-0.1182557566	-1.069006387	-1.062596865	
4.609	0.0003310781817	0.01054929787	0.01064488841	-2000.169086	-18695.73239	-18409.2335	-0.1165391886	-1.078695288	-1.062195897	
4.61	0.0003303504418	0.01052839796	0.01062380041	-2005.587599	-18737.77477	-18505.97498	-0.1167685007	-1.08039688	-1.067006639	
4.611	0.0003296251052	0.01050756016	0.01060277508	-2056.90544	-18600.01982	-18727.18157	-0.1196386596	-1.0717381	-1.078964481	
4.612	0.0003289021613	0.01048678424	0.01058181217	-2129.880355	-18552.94551	-19150.51213	-0.1237558084	-1.068264666	-1.102524048	
4.613	0.0003281815995	0.01046606994	0.01056091143	-2183.639786	-18844.39773	-19818.47823	-0.1267704289	-1.084221469	-1.140118337	
4.614	0.0003274634093	0.01044541702	0.01054007263	-2194.922205	-19524.07768	-20705.19539	-0.1273462873	-1.122457365	-1.190254466	
4.615	0.0003267475803	0.01042482523	0.0105192955	-2160.391319	-20472.04543	-21657.86749	-0.1252941622	-1.176078716	-1.244162826	
4.616	0.0003260341022	0.01040429435	0.01049857982	-2074.654691	-21458.44793	-22416.06299	-0.1203075483	-1.231894713	-1.286909748	
4.617	0.0003253229646	0.01038382412	0.01047792534	-1944.784829	-22212.71043	-22746.11555	-0.1127934056	-1.274396903	-1.305107779	
4.618	0.0003246141573	0.0103634143	0.01045733181	-1800.022869	-22518.46275	-22598.4162	-0.1044278609	-1.29119618	-1.295925145	
4.619	0.00032390767	0.01034306467	0.010436799	-1675.958187	-22385.07128	-22144.73681	-0.09724899286	-1.282837407	-1.269210527	
4.62	0.0003232034927	0.01032277498	0.01041632667	-1596.253342	-22027.22334	-21658.28245	-0.09260972023	-1.261622501	-1.24061308	
4.621	0.0003225016153	0.010302545	0.01039591458	-1574.638927	-21640.22872	-21316.20419	-0.09129240616	-1.238741788	-1.220279457	
4.622	0.0003218020277	0.01028237449	0.01037556249	-1617.23721	-21263.06923	-21085.39789	-0.09364358601	-1.21644129	-1.206328841	
4.623	0.0003211047199	0.01026226323	0.01035527018	-1715.577205	-20800.7226	-20807.87907	-0.0991764362	-1.189300645	-1.189739618	
4.624	0.000320409682	0.01024221097	0.0103350374	-1846.273821	-20242.21594	-20393.2145	-0.1065534652	-1.156686534	-1.165345307	
4.625	0.0003197169043	0.01022221748	0.01031486392	-1986.475534	-19754.11439	-19891.7936	-0.1144685496	-1.128092388	-1.136015638	
4.626	0.0003190263767	0.01020228255	0.01029474951	-2129.287732	-19500.39068	-19453.56553	-0.1225270802	-1.112864377	-1.110294001	
4.627	0.0003183380897	0.01018240593	0.01027469394	-2269.171421	-19477.25089	-19226.25112	-0.130414431	-1.110784152	-1.096595393	
4.628	0.0003176520334	0.01016258741	0.01025469698	-2382.729321	-19581.86601	-19172.61327	-0.1368004701	-1.115988781	-1.092803418	
4.629	0.0003169681983	0.01014282675	0.01023475841	-2450.888545	-19722.75414	-19123.32473	-0.1406015583	-1.123263939	-1.089275723	
4.63	0.0003162865747	0.01012312373	0.01021487799	-2471.789097	-19873.53238	-19074.25871	-0.141714488	-1.131102251	-1.085761853	
4.631	0.0003156071531	0.01010347812	0.01019505549	-2447.240731	-20042.52103	-19121.26359	-0.140245715	-1.139979637	-1.087707099	
4.632	0.0003149299239	0.01008388971	0.0101752907	-2374.234318	-20109.46889	-19218.82305	-0.1360278361	-1.143080104	-1.092531472	
4.633	0.0003142548778	0.01006435827	0.01015558339	-2258.900762	-19906.29909	-19269.75146	-0.1294106646	-1.130868383	-1.094717	
4.634	0.0003135820053	0.01004488358	0.01013593334	-2126.471489	-19489.24741	-19262.06536	-0.1218264793	-1.106529337	-1.09358143	
4.635	0.0003129112971	0.01002546542	0.01011634032	-2001.467535	-19078.47503	-19216.24951	-0.1146660433	-1.082543837	-1.090289382	
4.636	0.0003122427439	0.01000610356	0.01009680412	-1899.864059	-18812.20855	-19115.41405	-0.108833769	-1.066747388	-1.083889161	
4.637	0.0003115763364	0.009986797804	0.01007732451	-1834.935643	-18689.69529	-18941.94102	-0.1050793641	-1.059096242	-1.073384701	
4.638	0.0003109120655	0.009967547922	0.01005790127	-1815.142054	-18682.96408	-18735.69361	-0.1038795842	-1.057999866	-1.061029378	
4.639	0.000310249922	0.0099483537	0.0100385342	-1833.791464	-18784.56539	-18571.7451	-0.1048548222	-1.063029906	-1.051065733	
4.64	0.0003095898968	0.009929214923	0.01001922306	-1867.026352	-18960.79808	-18511.58724	-0.1066564806	-1.072281527	-1.046965487	
4.641	0.0003089319809	0.00991013138	0.009999967651	-1884.285511	-19089.77331	-18570.96615	-0.1075583455	-1.078875514	-1.049615507	
4.642	0.0003082761652	0.009891102856	0.009980767753	-1873.045117	-19083.44234	-18712.24899	-0.1068525158	-1.077839359	-1.056889419	
4.643	0.0003076224408	0.00987212914	0.009961623154	-1848.972989	-19020.01338	-18891.54637	-0.1054213261	-1.073580369	-1.066310334	
4.644	0.0003069707989	0.009853210022	0.00994253364	-1839.968922	-18970.0503	-19034.45249	-0.1048361887	-1.070083097	-1.073690932	
4.645	0.0003063212305	0.009834345293	0.009923499001	-1867.81119	-18897.95196	-19000.79401	-0.1063224635	-1.065346993	-1.071143483	
4.646	0.0003056737268	0.009815534743	0.009904519026	-1942.331616	-18808.04531	-18768.84727	-0.1104321444	-1.059614265	-1.057443077	
4.647	0.0003050282791	0.009796778166	0.009885593506	-2053.63383	-18720.5401	-18476.75149	-0.1166078904	-1.054026366	-1.040362858	
4.648	0.0003043848786	0.009778075354	0.009866722233	-2173.715459	-18582.47488	-18203.53095	-0.1232754606	-1.045613547	-1.024354269	
4.649	0.0003037435167	0.009759426103	0.009847904998	-2271.969715	-18321.43069	-17935.67013	-0.1287159439	-1.030311995	-1.00866389	
4.65	0.0003031041848	0.009740830207	0.009829141597	-2327.074485	-17933.11799	-17625.44269	-0.1317333396	-1.007880646	-0.9906149238	
4.651	0.0003024668743	0.009722287464	0.009810431822	-2337.098634	-17517.14769	-17251.62499	-0.1322205634	-0.9839062833	-0.9690145652	
4.652	0.0003018315766	0.00970379767	0.009791775471	-2314.671533	-17173.78177	-16874.78437	-0.130887537	-0.9640113604	-0.9472521897	
4.653	0.0003011982833	0.009685360624	0.00977317234	-2272.382946	-16939.85168	-16619.70653	-0.1284413844	-0.9502566958	-0.9323119068	
4.654	0.0003005669859	0.009666976126	0.009754622225	-2225.134891	-16840.80276	-16583.65389	-0.1257169983	-0.9440615596	-0.9296342975	
4.655	0.000299937676	0.009648643975	0.009736124926	-2192.028485	-16853.80945	-16755.39833	-0.1237832458	-0.9441468915	-0.9385881483	
4.656	0.0002993103453	0.009630363973	0.009717680243	-2180.858058	-16882.44702	-17009.46123	-0.1230761427	-0.945121916	-0.9521570488	
4.657	0.0002986849855	0.009612135922	0.009699287975	-2185.863749	-16788.42443	-17143.20439	-0.123273158	-0.9392598167	-0.9590204568	
4.658	0.0002980615882	0.009593959626	0.009680947924	-2205.826926	-16519.37326	-16998.90821	-0.1243047835	-0.9236305265	-0.9503692424	
4.659	0.0002974401453	0.009575834887	0.009662659893	-2243.170555	-16211.22916	-16651.09151	-0.126305982	-0.9058118102	-0.9303544764	
4.66	0.0002968206486	0.009557761512	0.009644423684	-2280.325378	-16075.16762	-16362.69049	-0.1282978136	-0.8975758925	-0.9136363638	
4.661	0.0002962030899	0.009539739305	0.009626239101	-2293.952641	-16242.50099	-16360.9337	-0.128979233	-0.906236506	-0.9128781597	
4.662	0.0002955874612	0.009521768075	0.009608105951	-2287.436466	-16688.52174	-16687.90914	-0.1285381767	-0.9304150521	-0.9304242979	
4.663	0.0002949737544	0.009503847629	0.009590024039	-2277.002612	-17205.9509	-17170.38954	-0.1278787184	-0.9585727276	-0.9566307895	
4.664	0.0002943619615	0.009485977774	0.009571993171	-2267.657	-17575.73647	-17590.67369	-0.127280755	-0.9785190027	-0.9793825133	
4.665	0.0002937520745	0.009468158322	0.009554013156	-2251.004374	-17731.72994	-17823.23743	-0.1262789278	-0.9865742251	-0.9917009	
4.666	0.0002931440854	0.009450389082	0.009536083802	-2213.500008	-17726.95408	-17836.19643	-0.1241215036	-0.9856864043	-0.9918207377	
4.667	0.0002925379865	0.009432669865	0.00951820492	-2155.205798	-17689.9952	-17647.58261	-0.1208121399	-0.9829972252	-0.9807531602	
4.668	0.0002919337699	0.009415000484	0.009500376319	-2085.272202	-17734.3011	-17310.70479	-0.1168595179	-0.9848070722	-0.9614645172	
4.669	0.0002913314277	0.009397380753	0.009482597812	-2006.306853	-17850.4913	-16895.38436	-0.1124089146	-0.9906022744	-0.9378347729	
4.67	0.0002907309522	0.009379810484	0.009464869209	-1926.577799	-17939.9983	-16427.99944	-0.1079176487	-0.9949238355	-0.9113295936	
4.671	0.0002901323357	0.009362289493	0.009447190326	-1867.369335	-17913.52496	-15980.15406	-0.1045630462	-0.9928269868	-0.8859055852	
4.672	0.0002895355705	0.009344817595	0.009429560975	-1847.103912	-17759.728	-15739.21744	-0.103363221	-0.9836814204	-0.8719181909	
4.673	0.0002889406489	0.009327394607	0.009411980972	-1873.937912	-17591.69256	-15866.19783	-0.1047674978	-0.9737354921	-0.8782610403	
4.674	0.0002883475633	0.009310020347	0.009394450132	-1941.357971	-17581.85403	-16359.91702	-0.1084145965	-0.972515684	-0.9048575332	
4.675	0.0002877563063	0.009292694633	0.009376968272	-2025.317865	-17816.03074	-17097.66957	-0.1129755632	-0.9847597609	-0.9449158272	
4.676	0.0002871668702	0.009275417283	0.00935953521	-2096.513821	-18238.8587	-17926.10805	-0.1168327148	-1.007408346	-0.9899591642	
4.677	0.0002865792475	0.009258188119	0.009342150764	-2129.248117	-18717.86245	-18718.97047	-0.1185689553	-1.033147269	-1.033013304	
4.678	0.0002859934308	0.00924100696	0.009324814753	-2120.203538	-19164.86323	-19453.30692	-0.1180015147	-1.057108608	-1.072807252	
4.679	0.0002854094128	0.009223873628	0.009307526998	-2092.205507	-19570.85987	-20160.82492	-0.1163890909	-1.078795205	-1.111091994	
4.68	0.000284827186	0.009206787946	0.009290287318	-2057.712876	-19916.98651	-20803.01011	-0.114419991	-1.097176973	-1.145759297	
4.681	0.0002842467431	0.009189749737	0.009273095537	-2013.040803	-20090.90565	-21241.47531	-0.1118925021	-1.106083314	-1.16920922	
4.682	0.0002836680768	0.009172758826	0.009255951476	-1961.664233	-20035.76251	-21371.00544	-0.1089975063	-1.102389695	-1.175664515	
4.683	0.0002830911798	0.009155815036	0.009238854959	-1916.440205	-19871.28958	-21258.28159	-0.1064412714	-1.092676877	-1.168798432	
4.684	0.0002825160449	0.009138918194	0.00922180581	-1886.555421	-19744.69625	-21001.73733	-0.1047282147	-1.085037068	-1.154032355	
4.685	0.000281942665	0.009122068127	0.009204803854	-1871.789219	-19674.44414	-20649.1132	-0.1038456499	-1.080490057	-1.133994956	
4.686	0.0002813710329	0.009105264662	0.009187848917	-1871.680077	-19632.88669	-20316.32553	-0.1037670525	-1.07751605	-1.11504349	
4.687	0.0002808011414	0.009088507626	0.009170940825	-1888.328742	-19663.19031	-20119.4338	-0.1046065634	-1.078475219	-1.103543203	
4.688	0.0002802329835	0.009071796849	0.009154079407	-1919.320004	-19805.4873	-20030.50547	-0.1062312752	-1.085566798	-1.097966496	
4.689	0.0002796665522	0.009055132161	0.009137264489	-1957.06978	-19966.76651	-19984.87235	-0.1082256738	-1.093707062	-1.094769052	
4.69	0.0002791018404	0.009038513392	0.009120495902	-1989.690332	-19940.22221	-19939.52818	-0.1099394485	-1.091584893	-1.091597639	
4.691	0.0002785388412	0.009021940373	0.009103773474	-2007.05308	-19707.16757	-19814.85453	-0.110818608	-1.078167112	-1.084100583	
4.692	0.0002779775477	0.009005412936	0.009087097037	-2014.557591	-19519.22818	-19596.19692	-0.1111577239	-1.067196666	-1.071471952	
4.693	0.0002774179529	0.008988930915	0.009070466421	-2024.339805	-19538.62679	-19392.89961	-0.1116196504	-1.067537511	-1.059676648	
4.694	0.00027686005	0.008972494142	0.00905388146	-2044.567151	-19724.48528	-19342.67883	-0.1126500634	-1.076956586	-1.056225645	
4.695	0.0002763038322	0.008956102453	0.009037341985	-2079.362045	-20039.14884	-19501.99468	-0.1144741675	-1.093388477	-1.064196542	
4.696	0.0002757492926	0.008939755682	0.009020847831	-2112.241335	-20499.98564	-19796.95636	-0.1161949518	-1.117773771	-1.07956078	
4.697	0.0002751964245	0.008923453665	0.009004398832	-2119.034125	-21024.83873	-20093.71627	-0.1164958612	-1.145644439	-1.095025944	
4.698	0.0002746452212	0.008907196239	0.008987994823	-2107.503485	-21380.23267	-20301.76168	-0.1157986495	-1.164302998	-1.105662549	
4.699	0.000274095676	0.008890983242	0.00897163564	-2098.071313	-21375.28681	-20408.89731	-0.115215325	-1.16337071	-1.110811285	
4.7	0.0002735477822	0.00887481451	0.008955321119	-2089.437343	-21061.47818	-20364.66964	-0.1146770622	-1.145649577	-1.10774028	
4.701	0.0002730015332	0.008858689884	0.008939051099	-2064.831918	-20611.71469	-20116.47433	-0.1132740048	-1.120543908	-1.093596554	
4.702	0.0002724569225	0.008842609202	0.008922825416	-2012.643533	-20156.28944	-19755.7917	-0.110376097	-1.095137363	-1.073344836	
4.703	0.0002719139433	0.008826572305	0.008906643911	-1940.399887	-19762.35586	-19471.74945	-0.1063915925	-1.073077601	-1.057248804	
4.704	0.0002713725893	0.008810579034	0.008890506423	-1870.50141	-19450.70192	-19321.16296	-0.1025348593	-1.055492221	-1.0483981	
4.705	0.000270832854	0.008794629232	0.008874412791	-1824.960801	-19192.20945	-19168.74434	-0.0999983195	-1.040801828	-1.039464405	
4.706	0.0002702947308	0.008778722739	0.008858362858	-1815.165183	-18956.97581	-18947.7327	-0.09939812882	-1.027381418	-1.026819264	
4.707	0.0002697582134	0.0087628594	0.008842356465	-1832.575813	-18755.13619	-18822.50705	-0.1002719452	-1.015772703	-1.019345876	
4.708	0.0002692232953	0.008747039058	0.008826393454	-1855.104872	-18627.68146	-18928.65878	-0.1014245835	-1.008183155	-1.024377937	
4.709	0.0002686899702	0.008731261558	0.008810473669	-1867.382394	-18664.94212	-19181.65492	-0.1020247017	-1.00948178	-1.037346783	
4.71	0.0002681582317	0.008715526746	0.008794596953	-1864.747581	-18983.75225	-19450.56965	-0.1018206913	-1.025966002	-1.051169212	
4.711	0.0002676280736	0.008699834466	0.008778763152	-1847.275278	-19620.49354	-19770.19009	-0.1008176704	-1.059593246	-1.067710032	
4.712	0.0002670994896	0.008684184567	0.00876297211	-1805.75005	-20413.49297	-20213.88766	-0.09852046382	-1.101642275	-1.090928627	
4.713	0.0002665724734	0.008668576895	0.008747223674	-1728.464036	-21100.77843	-20662.97063	-0.09429852321	-1.137988979	-1.114436765	
4.714	0.0002660470189	0.008653011298	0.008731517691	-1632.674506	-21513.58981	-20895.26403	-0.08908111051	-1.159543551	-1.126266839	
4.715	0.0002655231198	0.008637487626	0.008715854007	-1547.235241	-21594.24225	-20898.56714	-0.08442208237	-1.163208493	-1.125756085	
4.716	0.00026500077	0.008622005727	0.00870023247	-1487.117742	-21406.21828	-20844.24125	-0.08112659356	-1.152408311	-1.122130145	
4.717	0.0002644799634	0.008606565452	0.008684652931	-1462.475877	-21075.42712	-20794.31421	-0.07973886795	-1.13392256	-1.118735768	
4.718	0.000263960694	0.008591166652	0.008669115237	-1481.856574	-20756.68007	-20727.38834	-0.08071611948	-1.116069054	-1.114422372	
4.719	0.0002634429556	0.008575809177	0.00865361924	-1545.970757	-20689.42806	-20717.2355	-0.08409502915	-1.11170047	-1.113145257	
4.72	0.0002629267422	0.008560492881	0.00863816479	-1633.504776	-20988.27472	-20833.423	-0.08873171972	-1.126968362	-1.118637155	
4.721	0.0002624120478	0.008545217615	0.008622751738	-1699.555709	-21488.76637	-21041.87592	-0.09221820786	-1.153053013	-1.129066693	
4.722	0.0002618988665	0.008529983234	0.008607379937	-1713.228818	-21925.99881	-21325.73787	-0.09289804898	-1.175747614	-1.143516962	
4.723	0.0002613871924	0.008514789591	0.00859204924	-1684.20931	-22203.73182	-21807.39071	-0.09128992239	-1.189887224	-1.168528811	
4.724	0.0002608770194	0.008499636542	0.008576759499	-1644.165216	-22368.92924	-22567.01445	-0.08909009152	-1.197985887	-1.208394123	
4.725	0.0002603683418	0.008484523941	0.008561510569	-1615.550259	-22497.83363	-23436.63862	-0.08750108705	-1.204121031	-1.254129252	
4.726	0.0002598611537	0.008469451644	0.008546302306	-1604.090296	-22755.6051	-24228.15757	-0.08682923993	-1.217117936	-1.295674302	
4.727	0.0002593554493	0.008454419509	0.008531134563	-1611.289257	-23245.44995	-24802.87574	-0.08715444181	-1.242495432	-1.325631746	
4.728	0.0002588512227	0.008439427392	0.008516007197	-1629.920082	-23847.72571	-24933.92897	-0.08809088835	-1.273871311	-1.331904926	
4.729	0.0002583484683	0.008424475152	0.008500920066	-1642.416034	-24344.88952	-24607.94415	-0.08870100474	-1.299642361	-1.313783483	
4.73	0.0002578471802	0.008409562647	0.008485873025	-1641.879125	-24521.93832	-24114.63968	-0.08861622145	-1.308352684	-1.286728216	
4.731	0.0002573473528	0.008394689737	0.008470865934	-1636.030783	-24272.44032	-23664.81741	-0.08824785406	-1.294337922	-1.261993239	
4.732	0.0002568489803	0.00837985628	0.00845589865	-1634.721131	-23715.99315	-23265.6657	-0.0881207544	-1.263975594	-1.239971213	
4.733	0.0002563520572	0.008365062138	0.008440971034	-1640.732636	-23054.92464	-22873.19082	-0.08838348854	-1.228045027	-1.218317561	
4.734	0.0002558565778	0.008350307172	0.008426082944	-1648.407599	-22506.78989	-22546.76275	-0.08873529237	-1.198116994	-1.200179291	
4.735	0.0002553625365	0.008335591243	0.008411234241	-1652.818212	-22305.00768	-22419.64372	-0.08891446976	-1.186597266	-1.192634182	
4.736	0.0002548699278	0.008320914214	0.008396424787	-1644.141159	-22428.78114	-22504.79498	-0.08840019853	-1.19238537	-1.196367028	
4.737	0.000254378746	0.008306275947	0.008381654443	-1606.569272	-22609.15652	-22746.13533	-0.08635392723	-1.201196448	-1.208390709	
4.738	0.0002538889857	0.008291676306	0.008366923071	-1543.215125	-22681.70958	-23092.71462	-0.08294000692	-1.204290988	-1.225994994	
4.739	0.0002534006414	0.008277115156	0.008352230534	-1487.482362	-22710.80808	-23465.8044	-0.07992879566	-1.205071871	-1.24500377	
4.74	0.0002529137076	0.00826259236	0.008337576696	-1470.264208	-22836.7249	-23755.06604	-0.07895725637	-1.21097155	-1.259573513	
4.741	0.0002524281788	0.008248107785	0.00832296142	-1498.087614	-23084.77085	-23832.84625	-0.08037047013	-1.223336707	-1.262949872	
4.742	0.0002519440498	0.008233661295	0.008308384572	-1558.935535	-23313.61273	-23659.2877	-0.08353157715	-1.234691213	-1.253023114	
4.743	0.000251461315	0.008219252758	0.008293846017	-1626.657771	-23412.22785	-23425.3766	-0.08705712712	-1.239158044	-1.239891768	
4.744	0.0002509799691	0.00820488204	0.00827934562	-1671.885697	-23461.26325	-23347.27867	-0.08939462103	-1.240997425	-1.234991345	
4.745	0.0002505000069	0.00819054901	0.008264883248	-1681.716208	-23516.08504	-23382.99714	-0.08986254866	-1.243149202	-1.236114733	
4.746	0.0002500214229	0.008176253535	0.008250458769	-1660.451156	-23384.74989	-23358.96853	-0.08868900298	-1.235494176	-1.234099174	
4.747	0.0002495442119	0.008161995484	0.008236072049	-1617.113806	-22982.71847	-23228.87681	-0.08635096262	-1.213564928	-1.226495687	
4.748	0.0002490683686	0.008147774727	0.008221722957	-1572.369033	-22561.70338	-23050.22568	-0.08393793629	-1.190628123	-1.216341081	
4.749	0.0002485938879	0.008133591133	0.008207411362	-1550.993541	-22332.63226	-22783.19825	-0.08275568255	-1.177808759	-1.201546621	
4.75	0.0002481207644	0.008119444574	0.008193137133	-1558.208447	-22227.4004	-22393.26254	-0.08307977583	-1.171527809	-1.180292324	
4.751	0.0002476489931	0.008105334919	0.00817890014	-1574.163571	-22103.88528	-22005.74284	-0.08386624687	-1.164301202	-1.159169175	
4.752	0.0002471785687	0.008091262042	0.008164700254	-1568.701516	-21932.3592	-21748.44469	-0.08352919297	-1.154559044	-1.144902877	
4.753	0.0002467094862	0.008077225813	0.008150537345	-1529.155465	-21753.37119	-21570.70871	-0.08140243678	-1.144431661	-1.134835316	
4.754	0.0002462417403	0.008063226106	0.008136411285	-1469.294162	-21583.41808	-21365.88514	-0.07820902511	-1.134787276	-1.123358626	
4.755	0.0002457753262	0.008049262793	0.008122321947	-1412.788984	-21401.04738	-21156.55985	-0.07519181219	-1.12449934	-1.111648458	
4.756	0.0002453102385	0.00803533575	0.008108269203	-1375.706819	-21221.42001	-21039.85767	-0.07319362862	-1.114356329	-1.10479483	
4.757	0.0002448464725	0.00802144485	0.008094252926	-1365.381025	-21155.73098	-21056.57717	-0.07259821161	-1.110180553	-1.104932375	
4.758	0.0002443840229	0.008007589968	0.00808027299	-1380.898071	-21267.58832	-21220.71665	-0.07335680537	-1.115303539	-1.112784289	
4.759	0.0002439228849	0.007993770979	0.00806632927	-1413.230704	-21491.87887	-21570.9568	-0.0749958718	-1.126312682	-1.130366234	
4.76	0.0002434630534	0.007979987761	0.00805242164	-1449.49139	-21754.73834	-22092.37251	-0.07684034111	-1.139335193	-1.156892323	
4.761	0.0002430045236	0.007966240188	0.008038549976	-1478.485171	-22035.96422	-22675.20014	-0.0783041616	-1.153308392	-1.186621391	
4.762	0.0002425472905	0.007952528139	0.008024714154	-1498.583525	-22351.36335	-23168.5611	-0.07930137822	-1.169054639	-1.211664465	
4.763	0.0002420913493	0.00793885149	0.008010914051	-1523.663832	-22715.08329	-23581.3278	-0.08055578925	-1.187312102	-1.23247797	
4.764	0.0002416366949	0.007925210121	0.007997149543	-1571.904818	-23121.19672	-24023.54362	-0.08301582824	-1.207771424	-1.254811651	
4.765	0.0002411833227	0.007911603909	0.007983420508	-1647.288279	-23554.11418	-24459.62439	-0.08688920325	-1.229625311	-1.276826763	
4.766	0.0002407312277	0.007898032734	0.007969726824	-1736.34286	-23867.51438	-24657.58907	-0.09147387563	-1.245262888	-1.286451566	
4.767	0.0002402804053	0.007884496476	0.00795606837	-1815.289141	-23816.61471	-24343.09695	-0.09553160703	-1.241947721	-1.269411407	
4.768	0.0002398308505	0.007870995015	0.007942445025	-1859.37202	-23268.95509	-23446.95224	-0.09777476621	-1.212798051	-1.222115277	
4.769	0.0002393825586	0.007857528231	0.007928856668	-1851.965244	-22262.90251	-22188.06035	-0.09733969164	-1.159825221	-1.155962122	
4.77	0.000238935525	0.007844096006	0.00791530318	-1797.145547	-20985.10021	-20926.42061	-0.09443958973	-1.092745435	-1.089678547	
4.771	0.0002384897448	0.007830698221	0.007901784442	-1717.948913	-19711.13169	-19960.43203	-0.09027267735	-1.025881774	-1.038771142	
4.772	0.0002380452134	0.00781733476	0.007888300335	-1643.168031	-18752.18213	-19460.07615	-0.0863350899	-0.9753875635	-1.012055977	
4.773	0.0002376019262	0.007804005503	0.00787485074	-1591.538702	-18307.36444	-19468.8221	-0.08359966273	-0.9515874495	-1.011773692	
4.774	0.0002371598784	0.007790710336	0.00786143554	-1566.596135	-18318.68529	-19842.55204	-0.08224926516	-0.9514597405	-1.030436778	
4.775	0.0002367190655	0.007777449142	0.007848054617	-1566.553472	-18614.82449	-20305.32796	-0.08219002287	-0.9660988746	-1.053730365	
4.776	0.0002362794829	0.007764221804	0.007834707855	-1588.874325	-19140.6742	-20635.31004	-0.08328936614	-0.9926233701	-1.070149369	
4.777	0.0002358411259	0.007751028208	0.007821395137	-1626.712945	-19895.67275	-20850.85273	-0.08519228458	-1.03098861	-1.080634037	
4.778	0.00023540399	0.007737868238	0.007808116348	-1664.941842	-20821.33915	-21052.34788	-0.08711613446	-1.078158913	-1.090386653	
4.779	0.0002349680707	0.007724741782	0.007794871372	-1685.422856	-21829.23539	-21142.10224	-0.08812316239	-1.129557685	-1.094368801	
4.78	0.0002345333634	0.007711648724	0.007781660095	-1682.783054	-22757.96405	-21030.80975	-0.08793555885	-1.176849951	-1.087963005	
4.781	0.0002340998637	0.007698588951	0.007768482401	-1670.512308	-23446.72067	-20873.95757	-0.08725020963	-1.211738028	-1.079194308	
4.782	0.000233667567	0.007685562352	0.007755338179	-1658.913096	-23825.19116	-20837.48944	-0.08660040709	-1.230608779	-1.076634891	
4.783	0.000233236469	0.007672568812	0.007742227313	-1634.901432	-23789.16739	-20865.67356	-0.08531293129	-1.228110741	-1.077418356	
4.784	0.0002328065651	0.007659608221	0.007729149691	-1585.762879	-23320.66159	-20848.55947	-0.08273256499	-1.20333117	-1.075872972	
4.785	0.0002323778511	0.007646680468	0.007716105201	-1520.547365	-22586.93354	-20831.17463	-0.07932549389	-1.164902379	-1.074312038	
4.786	0.0002319503224	0.00763378544	0.007703093731	-1453.2225	-21711.83734	-20875.99678	-0.07581131428	-1.119219869	-1.075958062	
4.787	0.0002315239746	0.007620923028	0.007690115169	-1392.032637	-20758.53787	-20868.44303	-0.07261409252	-1.069539459	-1.074925964	
4.788	0.0002310988036	0.007608093122	0.007677169405	-1346.816408	-19892.35801	-20673.8037	-0.07023861689	-1.024356696	-1.064290201	
4.789	0.0002306748048	0.007595295612	0.007664256328	-1331.533128	-19278.97398	-20321.68524	-0.06940060329	-0.9921839899	-1.045571562	
4.79	0.0002302519741	0.007582530389	0.007651375827	-1357.238614	-18886.56992	-19924.67593	-0.07066632549	-0.9713872982	-1.024555178	
4.791	0.000229830307	0.007569797344	0.007638527794	-1420.573728	-18578.00175	-19565.44839	-0.07386245416	-0.9549199034	-1.005489335	
4.792	0.0002294097994	0.00755709637	0.00762571212	-1500.826861	-18288.88923	-19225.73367	-0.07792621794	-0.9394680833	-0.9874410169	
4.793	0.0002289904469	0.007544427359	0.007612928694	-1571.175742	-18031.82341	-18855.24921	-0.08148263229	-0.925668264	-0.9678295216	
4.794	0.0002285722454	0.007531790203	0.00760017741	-1611.791629	-17858.59757	-18500.93261	-0.08351637751	-0.9161626408	-0.9490478438	
4.795	0.0002281551906	0.007519184795	0.00758745816	-1614.360369	-17882.59369	-18335.06189	-0.08360274528	-0.9167418059	-0.9399017934	
4.796	0.0002277392783	0.00750661103	0.007574770836	-1584.840944	-18216.63563	-18525.61009	-0.08204752435	-0.9331662899	-0.9489736909	
4.797	0.0002273245044	0.007494068801	0.007562115332	-1540.868918	-18858.95085	-19096.12473	-0.0797533509	-0.9653396509	-0.9774606353	
4.798	0.0002269108647	0.007481558004	0.00754949154	-1498.523964	-19627.07844	-19872.36808	-0.07754295598	-1.003938246	-1.01645482	
4.799	0.000226498355	0.007469078532	0.007536899356	-1460.947676	-20263.55626	-20638.49507	-0.07557773075	-1.035814446	-1.05493004	
4.8	0.0002260869713	0.007456630281	0.007524338673	-1421.326324	-20618.13584	-21198.82455	-0.07351027616	-1.05330252	-1.082909827	
4.801	0.0002256767094	0.007444213148	0.007511809387	-1376.687364	-20676.84775	-21288.41815	-0.07118858293	-1.055697525	-1.086900801	
4.802	0.0002252675652	0.007431827028	0.007499311393	-1334.12229	-20512.45449	-20780.38274	-0.06897355953	-1.046719071	-1.060443002	
4.803	0.0002248595347	0.007419471819	0.007486844587	-1302.717111	-20205.82863	-19937.23046	-0.06732765344	-1.03049791	-1.016908897	
4.804	0.0002244526139	0.007407147416	0.007474408864	-1285.920923	-19842.20514	-19184.07796	-0.06642592316	-1.011378966	-0.9779457354	
4.805	0.0002240467987	0.007394853719	0.007462004122	-1285.334184	-19503.38295	-18773.19935	-0.06634874316	-0.9935289394	-0.9563910581	
4.806	0.000223642085	0.007382590625	0.007449630258	-1305.040265	-19198.53841	-18762.22728	-0.06730277604	-0.9774174624	-0.9551675318	
4.807	0.000223238469	0.007370358032	0.007437287169	-1340.878453	-18908.6028	-19087.38367	-0.06907642516	-0.9620742803	-0.9710248959	
4.808	0.0002228359466	0.007358155839	0.007424974754	-1376.690957	-18635.10518	-19557.85648	-0.07084913865	-0.9475712717	-0.9942687685	
4.809	0.000222434514	0.007345983946	0.00741269291	-1399.48108	-18450.29639	-19925.93879	-0.07196100179	-0.9375648238	-1.012324681	
4.81	0.000222034167	0.007333842252	0.007400441536	-1408.755043	-18483.77221	-20075.83822	-0.07238683579	-0.9386164792	-1.019313413	
4.811	0.0002216349019	0.007321730657	0.007388220532	-1410.069292	-18810.99558	-20107.58328	-0.07240839279	-0.9545452164	-1.020301742	
4.812	0.0002212367147	0.007309649062	0.007376029797	-1413.724514	-19324.84518	-20172.33584	-0.07254724209	-0.9799232316	-1.02295278	
4.813	0.0002208396016	0.007297597368	0.007363869231	-1431.541878	-19833.19453	-20256.11197	-0.07340184629	-1.005019156	-1.02657101	
4.814	0.0002204435586	0.007285575476	0.007351738735	-1462.125702	-20242.35552	-20217.89691	-0.07490224703	-1.025088302	-1.024026359	
4.815	0.000220048582	0.007273583288	0.00733963821	-1488.111914	-20531.34216	-20055.31831	-0.07617127077	-1.039072879	-1.015193947	
4.816	0.0002196546678	0.007261620706	0.007327567557	-1490.568436	-20669.13024	-19904.82136	-0.07625268831	-1.045410742	-1.006968444	
4.817	0.0002192618124	0.007249687632	0.007315526677	-1467.484673	-20685.94276	-19816.93579	-0.07504486464	-1.045627617	-1.001909482	
4.818	0.0002188700118	0.00723778397	0.007303515473	-1436.248013	-20731.86528	-19698.81179	-0.07342549569	-1.047295397	-0.9953349992	
4.819	0.0002184792624	0.007225909623	0.007291533846	-1410.134621	-20924.54407	-19508.2987	-0.07206524009	-1.056352009	-0.9851145307	
4.82	0.0002180895602	0.007214064494	0.007279581701	-1385.161632	-21198.39957	-19303.15108	-0.07076430263	-1.069497786	-0.9741543472	
4.821	0.0002177009017	0.007202248488	0.007267658941	-1351.427557	-21426.87338	-19190.22752	-0.06902422461	-1.08035728	-0.9678296823	
4.822	0.0002173132831	0.00719046151	0.007255765468	-1306.650664	-21550.35568	-19292.08168	-0.06672994834	-1.08592964	-0.9723023846	
4.823	0.0002169267006	0.007178703463	0.007243901187	-1259.153555	-21562.01744	-19641.79197	-0.06429986673	-1.08587101	-0.9892301013	
4.824	0.0002165411505	0.007166974254	0.007232066003	-1221.716937	-21565.71732	-20197.08426	-0.06237624462	-1.085399346	-1.016479896	
4.825	0.0002161566293	0.007155273789	0.00722025982	-1202.124412	-21690.37154	-20846.53973	-0.06135007803	-1.090993599	-1.048451821	
4.826	0.0002157731331	0.007143601972	0.007208482544	-1196.145269	-21953.32488	-21405.46191	-0.06100886779	-1.103527075	-1.07587161	
4.827	0.0002153906585	0.007131958712	0.00719673408	-1192.538375	-22293.76362	-21788.15327	-0.06078837602	-1.119953578	-1.094436758	
4.828	0.0002150092016	0.007120343914	0.007185014335	-1179.495513	-22479.2302	-22015.48887	-0.06009620596	-1.128630493	-1.105199456	
4.829	0.000214628759	0.007108757486	0.007173323214	-1156.209097	-22239.14724	-22114.95844	-0.05889127323	-1.116001901	-1.109542904	
4.83	0.000214249327	0.007097199335	0.007161660625	-1134.555122	-21646.40836	-22186.44692	-0.0577682247	-1.085716261	-1.112472138	
4.831	0.0002138709021	0.00708566937	0.007150026474	-1119.791231	-20982.19188	-22316.14802	-0.0569905969	-1.051855681	-1.118309991	
4.832	0.0002134934806	0.007074167499	0.00713842067	-1108.390633	-20440.32152	-22438.46568	-0.05638171931	-1.024123958	-1.123784183	
4.833	0.000213117059	0.00706269363	0.00712684312	-1101.844218	-20086.96456	-22466.38979	-0.05601530288	-1.005831526	-1.124549254	
4.834	0.0002127416339	0.007051247673	0.007115293732	-1107.294229	-19868.61604	-22326.13127	-0.05624750993	-0.9943055693	-1.116930287	
4.835	0.0002123672016	0.007039829537	0.007103772416	-1127.362738	-19648.44557	-21886.49583	-0.05720880968	-0.9827124667	-1.094387708	
4.836	0.0002119937587	0.007028439132	0.007092279079	-1160.15796	-19340.79042	-21173.13073	-0.05880395115	-0.9667705039	-1.058201218	
4.837	0.0002116213016	0.007017076369	0.007080813632	-1208.693642	-19012.97926	-20427.60637	-0.06118224671	-0.9498311556	-1.020419154	
4.838	0.000211249827	0.007005741157	0.007069375985	-1274.016384	-18753.90498	-19836.80091	-0.06439583606	-0.9363221876	-0.9903606819	
4.839	0.0002108793313	0.006994433408	0.007057966047	-1339.592473	-18650.42962	-19456.96997	-0.06762216293	-0.9305628233	-0.97082505	
4.84	0.0002105098111	0.006983153033	0.007046583729	-1376.914933	-18770.51483	-19293.42768	-0.06944323646	-0.9359336894	-0.9620725079	
4.841	0.000210141263	0.006971899944	0.007035228942	-1368.277442	-18987.54418	-19224.07606	-0.06897888861	-0.9461399005	-0.9580293805	
4.842	0.0002097736835	0.006960674052	0.007023901596	-1321.524956	-19093.3795	-19061.21654	-0.0666195266	-0.9508296569	-0.9493600062	
4.843	0.0002094070693	0.00694947527	0.007012601605	-1265.841263	-19069.30912	-18782.15988	-0.06381564353	-0.9490655388	-0.9349268637	
4.844	0.000209041417	0.006938303511	0.007001328879	-1226.650255	-19026.6376	-18535.77239	-0.06183055448	-0.9463755044	-0.9221177578	
4.845	0.0002086767232	0.006927158688	0.006990083331	-1208.997927	-19014.17844	-18419.5334	-0.06091517073	-0.9451871933	-0.9157707612	
4.846	0.0002083129846	0.006916040714	0.006978864873	-1204.438945	-19019.51977	-18453.08723	-0.06065076262	-0.9448887209	-0.9168574561	
4.847	0.0002079501978	0.006904949503	0.006967673419	-1195.198806	-18976.39865	-18609.07922	-0.06015657355	-0.9422020989	-0.9240227174	
4.848	0.0002075883595	0.00689388497	0.006956508882	-1167.437498	-18788.58396	-18737.36019	-0.05874656569	-0.93236376	-0.9298366761	
4.849	0.0002072274664	0.006882847027	0.006945371175	-1130.832976	-18476.7163	-18627.04035	-0.05689899892	-0.9163948631	-0.9238677243	
4.85	0.0002068675152	0.006871835592	0.006934260213	-1104.701518	-18145.33197	-18150.78401	-0.05556937874	-0.8994696241	-0.8998231501	
4.851	0.0002065085026	0.006860850577	0.00692317591	-1097.557214	-17864.20695	-17368.03576	-0.05517881121	-0.8850450581	-0.8606458489	
4.852	0.0002061504254	0.0068498919	0.00691211818	-1103.487071	-17546.70321	-16475.20126	-0.05543512753	-0.8688512316	-0.8160457077	
4.853	0.0002057932803	0.006838959475	0.00690108694	-1111.665781	-17042.73921	-15650.41415	-0.05580338537	-0.8434785696	-0.7748197266	
4.854	0.000205437064	0.006828053219	0.006890082103	-1117.130488	-16406.68323	-15079.7966	-0.05603833685	-0.811603952	-0.7461437604	
4.855	0.0002050817734	0.006817173049	0.006879103586	-1118.258128	-15812.23338	-14901.79443	-0.05606020685	-0.7817951085	-0.736838165	
4.856	0.0002047274052	0.006806318881	0.006868151305	-1108.556029	-15326.56078	-15038.85019	-0.05554974196	-0.7573644582	-0.743076442	
4.857	0.0002043739562	0.006795490632	0.006857225177	-1079.579875	-14961.87517	-15266.66949	-0.0540914832	-0.7389074555	-0.7538031297	
4.858	0.0002040214233	0.006784688221	0.006846325118	-1033.934781	-14743.88277	-15416.91411	-0.05181355228	-0.7276802025	-0.7607239555	
4.859	0.0002036698032	0.006773911564	0.006835451044	-988.531641	-14712.91404	-15423.37432	-0.04954770758	-0.7256573378	-0.7605796425	
4.86	0.0002033190929	0.006763160579	0.006824602875	-958.2645687	-14868.05659	-15299.46786	-0.04802632836	-0.7327884429	-0.754030749	
4.861	0.0002029692892	0.006752435186	0.006813780527	-947.3070521	-15120.36519	-15107.18104	-0.04745419079	-0.7447007055	-0.7441262694	
4.862	0.0002026203889	0.006741735303	0.006802983918	-954.0163596	-15327.06478	-14887.94355	-0.04775025842	-0.7543832328	-0.7329044903	
4.863	0.000202272389	0.00673106085	0.006792212967	-965.9549791	-15349.87475	-14656.89216	-0.04830423549	-0.7550496895	-0.7211080553	
4.864	0.0002019252863	0.006720411745	0.006781467592	-966.943734	-15209.08785	-14479.90518	-0.0483222149	-0.7476886601	-0.7119613005	
4.865	0.0002015790778	0.006709787908	0.006770747713	-957.8521208	-15122.55778	-14481.96158	-0.04784613311	-0.7429747781	-0.7115837932	
4.866	0.0002012337604	0.00669918926	0.006760053249	-948.5938188	-15225.03213	-14707.43693	-0.04736169152	-0.7475149934	-0.7221479639	
4.867	0.000200889331	0.00668861572	0.006749384119	-942.9704316	-15433.59682	-15049.68232	-0.04705514279	-0.7572551506	-0.7384336193	
4.868	0.0002005457866	0.00667806721	0.006738740244	-943.2722976	-15601.00014	-15329.91284	-0.04703818652	-0.7649920685	-0.7516939145	
4.869	0.0002002031241	0.00666754365	0.006728121544	-954.4721202	-15611.75506	-15442.77921	-0.04755354727	-0.765081732	-0.7567767563	
4.87	0.0001998613406	0.006657044963	0.006717527939	-977.5509771	-15431.55832	-15407.86193	-0.04864921503	-0.7558510521	-0.754644024	
4.871	0.000199520433	0.006646571068	0.00670695935	-1002.353957	-15118.46179	-15209.14452	-0.04982975975	-0.7401405892	-0.7445266146	
4.872	0.0001991803983	0.00663612189	0.006696415699	-1011.414803	-14722.81397	-14796.37571	-0.05024325245	-0.7204176455	-0.7239804955	
4.873	0.0001988412335	0.006625697348	0.006685896908	-994.8951391	-14212.34346	-14210.54187	-0.04940984585	-0.6951174248	-0.6950092273	
4.874	0.0001985029357	0.006615297367	0.006675402897	-963.5447746	-13565.103	-13545.97626	-0.04785333843	-0.663170363	-0.6622146245	
4.875	0.0001981655019	0.006604921869	0.006664933589	-935.6750255	-12910.53403	-12919.83184	-0.04646618096	-0.6308754961	-0.6313002493	
4.876	0.0001978289292	0.006594570777	0.006654488908	-917.503121	-12441.10757	-12519.16421	-0.04555147256	-0.607598636	-0.611363246	
4.877	0.0001974932146	0.006584244015	0.006644068774	-909.2234207	-12242.33105	-12473.34068	-0.04511833184	-0.5974952644	-0.6086932689	
4.878	0.0001971583552	0.006573941507	0.006633673112	-911.6576447	-12292.88771	-12682.6757	-0.04520636254	-0.5995201459	-0.618441672	
4.879	0.0001968243481	0.006563663175	0.006623301845	-921.2869123	-12529.70497	-12923.59745	-0.04564440308	-0.6105982622	-0.6297379194	
4.88	0.0001964911905	0.006553408946	0.006612954897	-932.3154541	-12877.90848	-13071.30793	-0.04615094547	-0.6270876583	-0.636513156	
4.881	0.0001961588794	0.006543178743	0.006602632191	-936.0214384	-13196.64442	-13134.79664	-0.04630295921	-0.6421536455	-0.6392026812	
4.882	0.0001958274119	0.006532972492	0.006592333652	-925.0330502	-13318.19425	-13103.22857	-0.04574286568	-0.6476610607	-0.6372884348	
4.883	0.0001954967852	0.006522790117	0.006582059204	-905.53709	-13255.21761	-12918.46171	-0.0447701497	-0.644217872	-0.62795577	
4.884	0.0001951669965	0.006512631545	0.006571808773	-893.3914994	-13191.27838	-12633.41309	-0.04415291044	-0.6407168155	-0.6137657973	
4.885	0.000194838043	0.0065024967	0.006561582283	-897.8230017	-13232.74876	-12386.11849	-0.04433804326	-0.6423138071	-0.6014006702	
4.886	0.0001945099217	0.00649238551	0.00655137966	-915.9702944	-13352.58645	-12269.77153	-0.04518731439	-0.6477023486	-0.5953683986	
4.887	0.0001941826299	0.0064822979	0.006541200829	-934.7833767	-13501.06844	-12323.91594	-0.04607027462	-0.6544771088	-0.5975749276	
4.888	0.0001938561648	0.006472233798	0.006531045718	-930.7663389	-13618.32361	-12591.01032	-0.0458524414	-0.6597460497	-0.6100639075	
4.889	0.0001935305236	0.006462193129	0.006520914251	-887.8021579	-13668.1319	-13055.0756	-0.04375558338	-0.6617598586	-0.632062921	
4.89	0.0001932057036	0.006452175822	0.006510806356	-820.4966617	-13669.95617	-13523.03709	-0.04048444838	-0.661462022	-0.6542597258	
4.891	0.0001928817019	0.006442181804	0.006500721959	-755.9274803	-13584.55639	-13732.41716	-0.03734564751	-0.656970317	-0.6639986963	
4.892	0.0001925585159	0.006432211003	0.006490660988	-709.6848221	-13287.20394	-13563.00501	-0.03509103248	-0.6422826598	-0.6554902027	
4.893	0.0001922361427	0.006422263347	0.006480623369	-685.9269808	-12701.07838	-13052.16439	-0.03392058812	-0.613701075	-0.630543863	
4.894	0.0001919145797	0.006412338764	0.006470609032	-681.5406068	-11963.33082	-12321.39989	-0.03368379815	-0.5778251683	-0.5950173112	
4.895	0.0001915938241	0.006402437183	0.006460617904	-688.5780698	-11341.76621	-11576.62069	-0.03399763259	-0.5475385733	-0.5588193617	
4.896	0.0001912738732	0.006392558533	0.006450649912	-698.8797997	-11019.76221	-11031.84848	-0.03446915742	-0.5316558991	-0.5322390596	
4.897	0.0001909547244	0.006382702743	0.006440704987	-707.1539667	-11045.83409	-10812.98992	-0.03484382794	-0.5324997119	-0.5213195457	
4.898	0.0001906363749	0.006372869742	0.006430783056	-709.2174695	-11368.88006	-10945.22309	-0.03492072569	-0.5476036245	-0.5272575888	
4.899	0.0001903188221	0.006363059461	0.006420884048	-705.4424536	-11892.46189	-11387.94915	-0.03471779036	-0.5723277278	-0.5480897385	
4.9	0.0001900020634	0.006353271829	0.006411007894	-696.0643712	-12477.03968	-12065.79574	-0.03424689173	-0.5999724297	-0.5801878741	
4.901	0.000189686096	0.006343506777	0.006401154522	-675.4426119	-12992.78061	-12862.72983	-0.03323813273	-0.6243078449	-0.6179826726	
4.902	0.0001893709173	0.006333764234	0.006391323863	-643.3799693	-13430.39146	-13621.87011	-0.0316819861	-0.6448863172	-0.6539570284	
4.903	0.0001890565248	0.006324044133	0.006381515847	-609.903063	-13789.51077	-14187.42152	-0.03005851596	-0.6616979507	-0.6806547525	
4.904	0.0001887429157	0.006314346404	0.006371730404	-582.4480768	-14002.96364	-14484.3923	-0.02872378081	-0.6715346883	-0.6944912734	
4.905	0.0001884300876	0.006304670978	0.006361967465	-561.6902157	-14092.89108	-14584.09495	-0.02770988836	-0.675457656	-0.6988836629	
4.906	0.0001881180377	0.006295017787	0.006352226961	-549.1194084	-14133.99965	-14574.00304	-0.02708739101	-0.6770477894	-0.6980261568	
4.907	0.0001878067635	0.006285386763	0.006342508824	-549.1275278	-14048.36253	-14447.65619	-0.02706530272	-0.6726000689	-0.6916251611	
4.908	0.0001874962625	0.006275777838	0.006332812984	-565.6511791	-13660.82173	-14121.19859	-0.02783079016	-0.6537636955	-0.6756914666	
4.909	0.000187186532	0.006266190945	0.006323139374	-599.7463389	-12959.44282	-13512.72853	-0.02943354126	-0.6199704352	-0.6463268063	
4.91	0.0001868775696	0.006256626015	0.006313487926	-648.0789437	-12155.39382	-12678.1686	-0.0317141318	-0.5812881317	-0.6061983286	
4.911	0.0001865693727	0.006247082983	0.006303858572	-701.9369982	-11506.7769	-11858.17597	-0.03425737563	-0.5500159321	-0.566770735	
4.912	0.0001862619387	0.00623756178	0.006294251244	-747.509659	-11145.08209	-11278.71703	-0.03640605003	-0.5324149362	-0.5388054434	
4.913	0.0001859552651	0.006228062342	0.006284665876	-767.7389502	-11040.65856	-10976.55516	-0.03734909238	-0.5270689088	-0.5240501574	
4.914	0.0001856493494	0.0062185846	0.0062751024	-755.6285012	-11094.43266	-10877.71527	-0.03675396777	-0.5292580417	-0.5189777223	
4.915	0.0001853441892	0.00620912849	0.00626556075	-726.5617673	-11179.09962	-10904.19048	-0.03535199855	-0.5329259043	-0.5198703592	
4.916	0.0001850397819	0.006199693945	0.00625604086	-701.6151917	-11191.31636	-10999.28579	-0.03414496089	-0.5331565652	-0.5240264049	
4.917	0.0001847361251	0.0061902809	0.006246542663	-691.1125318	-11167.16918	-11136.72057	-0.0336234028	-0.5316548502	-0.5301930337	
4.918	0.0001844332162	0.00618088929	0.006237066093	-693.9354115	-11222.04776	-11274.05277	-0.03373442757	-0.5338912175	-0.5363544336	
4.919	0.0001841310529	0.006171519049	0.006227611085	-699.7230937	-11437.70339	-11390.42922	-0.03398682269	-0.5437378429	-0.5415176166	
4.92	0.0001838296327	0.006162170112	0.006218177573	-698.1034672	-11847.87133	-11529.39638	-0.03388876702	-0.5627898707	-0.5477431428	
4.921	0.0001835289531	0.006152842416	0.006208765493	-690.5287864	-12372.33122	-11721.98413	-0.03350860165	-0.5872496586	-0.5565016276	
4.922	0.0001832290117	0.006143535895	0.006199374778	-684.577774	-12822.15485	-11914.55598	-0.03320508785	-0.6081774019	-0.565257265	
4.923	0.0001829298061	0.006134250486	0.006190005366	-682.3485625	-13064.63004	-12034.98903	-0.03307763852	-0.6192958187	-0.5705961551	
4.924	0.0001826313339	0.006124986124	0.00618065719	-683.7247271	-13097.64069	-12134.68902	-0.03312064348	-0.6205086861	-0.5749435163	
4.925	0.0001823335927	0.006115742747	0.006171330188	-687.7950037	-12972.2794	-12297.73105	-0.03329108836	-0.6142361807	-0.5822725608	
4.926	0.00018203658	0.006106520291	0.006162024294	-690.5241373	-12775.99644	-12518.95844	-0.03339850065	-0.60461102	-0.5923414734	
4.927	0.0001817402937	0.006097318692	0.006152739446	-689.6199217	-12606.80458	-12757.74168	-0.03333469764	-0.5962611082	-0.6032323866	
4.928	0.0001814447311	0.006088137888	0.00614347558	-684.653389	-12515.07771	-12982.9675	-0.03307959699	-0.59156236	-0.6134767306	
4.929	0.0001811498901	0.006078977816	0.006134232633	-674.9914665	-12538.91231	-13201.89631	-0.03260353376	-0.5923077897	-0.6234164755	
4.93	0.0001808557681	0.006069838414	0.006125010541	-661.2855158	-12668.10929	-13401.48089	-0.03193722609	-0.598018424	-0.6324413199	
4.931	0.000180562363	0.006060719619	0.006115809243	-647.1336286	-12779.88023	-13526.02562	-0.03124991531	-0.6029182603	-0.637933262	
4.932	0.0001802696724	0.00605162137	0.006106628675	-638.2289876	-12737.95707	-13557.19233	-0.03080927224	-0.6005972012	-0.6390326266	
4.933	0.0001799776939	0.006042543605	0.006097468775	-637.1874245	-12532.23399	-13485.75727	-0.03073818319	-0.5905800264	-0.6353139365	
4.934	0.0001796864253	0.006033486262	0.006088329481	-642.7817158	-12216.43252	-13225.5563	-0.0309786917	-0.5753938378	-0.6227371065	
4.935	0.0001793958642	0.00602444928	0.006079210732	-654.6381705	-11884.30595	-12777.19407	-0.03151285083	-0.5594387511	-0.6013271969	
4.936	0.0001791060083	0.006015432599	0.006070112466	-671.6140383	-11691.39387	-12360.18522	-0.03228686965	-0.5500103676	-0.5813799522	
4.937	0.0001788168554	0.006006436157	0.006061034621	-689.0409316	-11705.74155	-12185.43885	-0.03308172068	-0.5502988312	-0.5727859521	
4.938	0.0001785284032	0.005997459893	0.006051977137	-703.286028	-11869.24663	-12291.5031	-0.03372686707	-0.5575759644	-0.577348937	
4.939	0.0001782406494	0.005988503748	0.006042939952	-717.0403608	-12112.31551	-12600.11936	-0.0343480414	-0.5685727977	-0.5913940718	
4.94	0.0001779535917	0.005979567661	0.006033923006	-735.7369078	-12425.03917	-13053.50541	-0.03519952369	-0.5828149677	-0.6122044971	
4.941	0.000177667228	0.005970651573	0.006024926238	-759.7308224	-12878.08985	-13624.98474	-0.03629810841	-0.6035991513	-0.6385262264	
4.942	0.000177381556	0.005961755424	0.006015949589	-782.9725317	-13524.0332	-14216.39413	-0.03736106276	-0.6333800962	-0.6657699613	
4.943	0.0001770965734	0.005952879153	0.006006992998	-800.4628805	-14275.83463	-14699.75515	-0.03815461904	-0.6680910146	-0.6879550996	
4.944	0.000176812278	0.005944022703	0.005998056406	-815.6606894	-14997.02607	-15041.75876	-0.03884009896	-0.7013578267	-0.7035265213	
4.945	0.0001765286677	0.005935186014	0.005989139752	-834.1016882	-15581.52378	-15262.36799	-0.03967621051	-0.7282325635	-0.713421276	
4.946	0.0001762457402	0.005926369027	0.005980242978	-850.3803484	-15960.35517	-15383.8353	-0.04041153138	-0.7455034443	-0.7186817625	
4.947	0.0001759634932	0.005917571684	0.005971366025	-853.8108565	-16148.23398	-15478.95274	-0.04054815614	-0.7538639152	-0.7227035295	
4.948	0.0001756819248	0.005908793927	0.005962508834	-845.4655283	-16173.30378	-15620.17623	-0.04013587508	-0.7546368853	-0.7288680999	
4.949	0.0001754010326	0.005900035696	0.005953671345	-835.4975152	-16033.21975	-15755.39853	-0.03964769643	-0.7477245248	-0.7347607636	
4.95	0.0001751208145	0.005891296935	0.005944853501	-826.8512775	-15736.24242	-15698.03838	-0.0392212941	-0.7335193789	-0.7317101927	
4.951	0.0001748412683	0.005882577586	0.005936055244	-814.0040121	-15337.85174	-15325.92059	-0.03860011702	-0.7146098015	-0.714040137	
4.952	0.0001745623919	0.005873877591	0.005927276515	-795.8424577	-14823.02485	-14672.59979	-0.03773215838	-0.6903098723	-0.6833159434	
4.953	0.0001742841832	0.005865196892	0.005918517257	-779.4504587	-14124.0665	-13875.02395	-0.03694621603	-0.6574781436	-0.6459015725	
4.954	0.0001740066399	0.005856535434	0.005909777412	-770.2690107	-13371.24317	-13148.98712	-0.03649480924	-0.6221529629	-0.6118124812	
4.955	0.0001737297601	0.005847893159	0.005901056923	-769.4035121	-12837.40109	-12682.50779	-0.03642893631	-0.5969868953	-0.5897675643	
4.956	0.0001734535416	0.00583927001	0.005892355732	-777.0709686	-12638.08492	-12536.75753	-0.03675820565	-0.5873365238	-0.5825966844	
4.957	0.0001731779822	0.00583066593	0.005883673783	-792.9780405	-12670.18794	-12660.81619	-0.03746858206	-0.5884192269	-0.5879312023	
4.958	0.0001729030798	0.005822080865	0.005875011018	-815.1170267	-12799.59658	-12945.05413	-0.03846670422	-0.5940126109	-0.6006853092	
4.959	0.0001726288325	0.005813514757	0.005866367383	-841.2564009	-13004.58569	-13282.11595	-0.03964876924	-0.6030999143	-0.6158822222	
4.96	0.000172355238	0.005804967551	0.005857742819	-873.6683323	-13289.30705	-13611.46628	-0.041119172	-0.6158711085	-0.6307174603	
4.961	0.0001720822944	0.005796439192	0.005849137271	-918.3727549	-13542.63881	-13882.97159	-0.04315559593	-0.6271914141	-0.6428720987	
4.962	0.0001718099996	0.005787929623	0.005840550683	-978.5985846	-13686.56973	-14105.23423	-0.04590693282	-0.6334500271	-0.6527399361	
4.963	0.0001715383514	0.00577943879	0.005831983	-1048.727221	-13855.57471	-14360.86127	-0.04911397676	-0.6408466854	-0.6641334015	
4.964	0.0001712673479	0.005770966637	0.005823434166	-1112.465386	-14212.47842	-14688.64256	-0.05202547553	-0.6568947139	-0.6788452321	
4.965	0.000170996987	0.005762513111	0.005814904125	-1154.535284	-14726.92329	-15033.62085	-0.05393740549	-0.6802005937	-0.6943449236	
4.966	0.0001707272666	0.005754078156	0.005806392823	-1168.984278	-15186.92874	-15308.87098	-0.05457641725	-0.7010008764	-0.7066297692	
4.967	0.0001704581849	0.005745661717	0.005797900205	-1151.827414	-15414.40691	-15444.06517	-0.0537603341	-0.7110943183	-0.7124659141	
4.968	0.0001701897396	0.005737263742	0.005789426215	-1105.12058	-15397.62453	-15392.11492	-0.05158472828	-0.7099454627	-0.7096927232	
4.969	0.0001699219289	0.005728884175	0.0057809708	-1042.106337	-15166.8193	-15142.43623	-0.04865928143	-0.6989547685	-0.6978297732	
4.97	0.0001696547507	0.005720522963	0.005772533906	-981.5983724	-14790.53632	-14751.33648	-0.04584919752	-0.6812777981	-0.679467677	
4.971	0.0001693882031	0.005712180053	0.005764115477	-936.5000968	-14416.97663	-14391.60831	-0.04374731426	-0.6637252261	-0.6625429397	
4.972	0.000169122284	0.00570385539	0.005755715461	-912.7865973	-14176.34346	-14247.51763	-0.04262723848	-0.6522776624	-0.6555181906	
4.973	0.0001688569914	0.005695548922	0.005747333803	-916.4746112	-14080.87429	-14278.81392	-0.04276383202	-0.647500711	-0.6565544605	
4.974	0.0001685923235	0.005687260596	0.005738970451	-950.3025614	-13982.83942	-14236.26465	-0.04428164419	-0.6426227649	-0.654223834	
4.975	0.0001683282782	0.005678990359	0.00573062535	-1006.538181	-13732.34931	-13990.56677	-0.04682551059	-0.6307693803	-0.6425927154	
4.976	0.0001680648536	0.005670738158	0.005722298448	-1071.627736	-13400.12219	-13647.79201	-0.04977379485	-0.6151687596	-0.6265145985	
4.977	0.0001678020477	0.00566250394	0.005713989692	-1137.472112	-13232.90669	-13380.8454	-0.05275508719	-0.6071097189	-0.6139035124	
4.978	0.0001675398586	0.005654287655	0.005705699029	-1199.833887	-13371.06677	-13299.2223	-0.05557573636	-0.6130128085	-0.6097664625	
4.979	0.0001672782844	0.005646089249	0.005697426407	-1246.867815	-13759.49197	-13436.83427	-0.05769501504	-0.6303543551	-0.6156478486	
4.98	0.0001670173232	0.00563790867	0.005689171773	-1267.09136	-14264.75276	-13793.1297	-0.05858875187	-0.6530308597	-0.6315147071	
4.981	0.0001667569729	0.005629745868	0.005680935075	-1265.513881	-14777.3774	-14320.55669	-0.05848603264	-0.6760375424	-0.6551935073	
4.982	0.0001664972318	0.00562160079	0.005672716261	-1256.272612	-15248.31712	-14820.57375	-0.05803305639	-0.6971374048	-0.6776294274	
4.983	0.0001662380979	0.005613473385	0.005664515279	-1239.918963	-15549.16145	-15019.30048	-0.05725645897	-0.7104863496	-0.6863352771	
4.984	0.0001659795693	0.005605363602	0.005656332078	-1206.605537	-15470.80588	-14829.95457	-0.05570794363	-0.7065627102	-0.6773568309	
4.985	0.0001657216442	0.00559727139	0.005648166607	-1160.755873	-15014.13585	-14386.46445	-0.05358882931	-0.6854085698	-0.6568010627	
4.986	0.0001654643206	0.005589196699	0.005640018814	-1117.954217	-14418.43667	-13875.42304	-0.05160879209	-0.6579238054	-0.6331715498	
4.987	0.0001652075967	0.005581139477	0.005631888648	-1085.710013	-13880.05039	-13421.37531	-0.05010985994	-0.6330514428	-0.612140609	
4.988	0.0001649514707	0.005573099675	0.005623776058	-1061.889622	-13464.73115	-13077.66333	-0.04899474867	-0.6137825011	-0.5961333404	
4.989	0.0001646959406	0.005565077242	0.005615680994	-1048.117998	-13228.75155	-12877.44369	-0.04833648598	-0.6026676445	-0.5866510247	
4.99	0.0001644410046	0.005557072128	0.005607603405	-1049.913874	-13219.87828	-12845.31553	-0.04838522744	-0.601869785	-0.5848039401	
4.991	0.0001641866609	0.005549084284	0.005599543242	-1063.308029	-13410.67629	-12987.55427	-0.04896077271	-0.6101399502	-0.5908693761	
4.992	0.0001639329076	0.005541113659	0.005591500452	-1075.032939	-13657.39741	-13285.97639	-0.04946097355	-0.6209566479	-0.6040172031	
4.993	0.0001636797429	0.005533160204	0.005583474988	-1079.890871	-13786.69785	-13652.16891	-0.04964943537	-0.6264581656	-0.6202374682	
4.994	0.000163427165	0.00552522387	0.005575466799	-1085.59991	-13771.84791	-13965.10029	-0.0498753735	-0.6254304239	-0.6340448508	
4.995	0.0001631751721	0.005517304608	0.005567475836	-1099.795836	-13668.12059	-14161.5791	-0.05048436299	-0.6203810075	-0.6425786977	
4.996	0.0001629237624	0.005509402369	0.005559502048	-1126.221209	-13486.99799	-14202.15833	-0.05164521381	-0.6118347122	-0.644058943	
4.997	0.000162672934	0.005501517104	0.005551545388	-1171.34027	-13264.79045	-14088.97495	-0.0536495162	-0.601435612	-0.6385849734	
4.998	0.0001624226852	0.005493648764	0.005543605805	-1237.007047	-13036.06786	-13910.52912	-0.05658084778	-0.5907508763	-0.6301608846	
4.999	0.0001621730141	0.005485797301	0.005535683252	-1311.2514	-12764.162	-13719.30327	-0.05989863828	-0.5781276571	-0.6211636333	
5	0.0001619239191	0.005477962666	0.005527777679	-1373.840495	-12427.36286	-13518.31149	0	0	-6.920019131	
