# ASCII 1D datafile generated by TiberCAD
# x Strain_11 Strain_22 Strain_33 Strain_12 Strain_23 Strain_13 Stress_11 Stress_22 Stress_33 Stress_12 Stress_23 Stress_13 Displacement_x Displacement_y Displacement_z 
0 -1.25651e-13 0 0 0 0 0 -5.00845e-11 -1.30677e-11 -1.30677e-11 0 0 0 -5.00845e-21 0 0 
9.97664 -1.25651e-13 0 0 0 0 0 -5.00845e-11 -1.30677e-11 -1.30677e-11 0 0 0 -6.26203e-21 0 0 
19.8873 -1.25651e-13 0 0 0 0 0 -5.00845e-11 -1.30677e-11 -1.30677e-11 0 0 0 -7.50732e-21 0 0 
29.7324 -1.25651e-13 0 0 0 0 0 -5.00845e-11 -1.30677e-11 -1.30677e-11 0 0 0 -8.74436e-21 0 0 
39.5124 -1.25651e-13 0 0 0 0 0 -5.00845e-11 -1.30677e-11 -1.30677e-11 0 0 0 -9.97323e-21 0 0 
49.2277 -1.25651e-13 0 0 0 0 0 -5.00845e-11 -1.30677e-11 -1.30677e-11 0 0 0 -1.1194e-20 0 0 
58.8787 -1.25651e-13 0 0 0 0 0 -5.00845e-11 -1.30677e-11 -1.30677e-11 0 0 0 -1.24066e-20 0 0 
68.4659 -1.25651e-13 0 0 0 0 0 -5.00845e-11 -1.30677e-11 -1.30677e-11 0 0 0 -1.36113e-20 0 0 
77.9897 -1.25651e-13 0 0 0 0 0 -5.00845e-11 -1.30677e-11 -1.30677e-11 0 0 0 -1.48079e-20 0 0 
87.4504 -1.25651e-13 0 0 0 0 0 -5.00845e-11 -1.30677e-11 -1.30677e-11 0 0 0 -1.59967e-20 0 0 
96.8487 -1.25651e-13 0 0 0 0 0 -5.00845e-11 -1.30677e-11 -1.30677e-11 0 0 0 -1.71776e-20 0 0 
106.185 -1.25651e-13 0 0 0 0 0 -5.00845e-11 -1.30677e-11 -1.30677e-11 0 0 0 -1.83507e-20 0 0 
115.459 -1.25651e-13 0 0 0 0 0 -5.00845e-11 -1.30677e-11 -1.30677e-11 0 0 0 -1.9516e-20 0 0 
124.672 -1.25651e-13 0 0 0 0 0 -5.00845e-11 -1.30677e-11 -1.30677e-11 0 0 0 -2.06736e-20 0 0 
133.824 -1.25651e-13 0 0 0 0 0 -5.00845e-11 -1.30677e-11 -1.30677e-11 0 0 0 -2.18236e-20 0 0 
142.915 -1.25651e-13 0 0 0 0 0 -5.00845e-11 -1.30677e-11 -1.30677e-11 0 0 0 -2.29659e-20 0 0 
151.947 -1.25651e-13 0 0 0 0 0 -5.00845e-11 -1.30677e-11 -1.30677e-11 0 0 0 -2.41007e-20 0 0 
160.918 -1.25651e-13 0 0 0 0 0 -5.00845e-11 -1.30677e-11 -1.30677e-11 0 0 0 -2.5228e-20 0 0 
169.831 -1.25651e-13 0 0 0 0 0 -5.00845e-11 -1.30677e-11 -1.30677e-11 0 0 0 -2.63479e-20 0 0 
178.684 -1.25651e-13 0 0 0 0 0 -5.00845e-11 -1.30677e-11 -1.30677e-11 0 0 0 -2.74603e-20 0 0 
187.479 -1.25651e-13 0 0 0 0 0 -5.00845e-11 -1.30677e-11 -1.30677e-11 0 0 0 -2.85654e-20 0 0 
196.215 -1.25651e-13 0 0 0 0 0 -5.00845e-11 -1.30677e-11 -1.30677e-11 0 0 0 -2.96631e-20 0 0 
204.894 -1.25651e-13 0 0 0 0 0 -5.00845e-11 -1.30677e-11 -1.30677e-11 0 0 0 -3.07536e-20 0 0 
213.515 -1.25651e-13 0 0 0 0 0 -5.00845e-11 -1.30677e-11 -1.30677e-11 0 0 0 -3.18369e-20 0 0 
222.08 -1.25651e-13 0 0 0 0 0 -5.00845e-11 -1.30677e-11 -1.30677e-11 0 0 0 -3.2913e-20 0 0 
230.587 -1.25651e-13 0 0 0 0 0 -5.00845e-11 -1.30677e-11 -1.30677e-11 0 0 0 -3.3982e-20 0 0 
239.039 -1.25651e-13 0 0 0 0 0 -5.00845e-11 -1.30677e-11 -1.30677e-11 0 0 0 -3.50439e-20 0 0 
247.434 -1.25651e-13 0 0 0 0 0 -5.00845e-11 -1.30677e-11 -1.30677e-11 0 0 0 -3.60989e-20 0 0 
255.774 -1.25651e-13 0 0 0 0 0 -5.00845e-11 -1.30677e-11 -1.30677e-11 0 0 0 -3.71468e-20 0 0 
264.059 -1.25651e-13 0 0 0 0 0 -5.00845e-11 -1.30677e-11 -1.30677e-11 0 0 0 -3.81878e-20 0 0 
272.289 -1.25651e-13 0 0 0 0 0 -5.00845e-11 -1.30677e-11 -1.30677e-11 0 0 0 -3.92219e-20 0 0 
280.465 -1.25651e-13 0 0 0 0 0 -5.00845e-11 -1.30677e-11 -1.30677e-11 0 0 0 -4.02492e-20 0 0 
288.586 -1.25651e-13 0 0 0 0 0 -5.00845e-11 -1.30677e-11 -1.30677e-11 0 0 0 -4.12696e-20 0 0 
296.654 -1.25651e-13 0 0 0 0 0 -5.00845e-11 -1.30677e-11 -1.30677e-11 0 0 0 -4.22834e-20 0 0 
304.668 -1.25651e-13 0 0 0 0 0 -5.00845e-11 -1.30677e-11 -1.30677e-11 0 0 0 -4.32904e-20 0 0 
312.63 -1.25651e-13 0 0 0 0 0 -5.00845e-11 -1.30677e-11 -1.30677e-11 0 0 0 -4.42907e-20 0 0 
320.539 -1.25651e-13 0 0 0 0 0 -5.00845e-11 -1.30677e-11 -1.30677e-11 0 0 0 -4.52845e-20 0 0 
328.395 -1.25651e-13 0 0 0 0 0 -5.00845e-11 -1.30677e-11 -1.30677e-11 0 0 0 -4.62717e-20 0 0 
336.199 -1.25651e-13 0 0 0 0 0 -5.00845e-11 -1.30677e-11 -1.30677e-11 0 0 0 -4.72523e-20 0 0 
343.952 -1.25651e-13 0 0 0 0 0 -5.00845e-11 -1.30677e-11 -1.30677e-11 0 0 0 -4.82265e-20 0 0 
351.654 -1.25651e-13 0 0 0 0 0 -5.00845e-11 -1.30677e-11 -1.30677e-11 0 0 0 -4.91942e-20 0 0 
359.305 -1.25651e-13 0 0 0 0 0 -5.00845e-11 -1.30677e-11 -1.30677e-11 0 0 0 -5.01555e-20 0 0 
366.905 -1.25651e-13 0 0 0 0 0 -5.00845e-11 -1.30677e-11 -1.30677e-11 0 0 0 -5.11104e-20 0 0 
374.454 -1.25651e-13 0 0 0 0 0 -5.00845e-11 -1.30677e-11 -1.30677e-11 0 0 0 -5.20591e-20 0 0 
381.954 -1.25651e-13 0 0 0 0 0 -5.00845e-11 -1.30677e-11 -1.30677e-11 0 0 0 -5.30014e-20 0 0 
389.404 -1.25651e-13 0 0 0 0 0 -5.00845e-11 -1.30677e-11 -1.30677e-11 0 0 0 -5.39375e-20 0 0 
396.805 -1.25651e-13 0 0 0 0 0 -5.00845e-11 -1.30677e-11 -1.30677e-11 0 0 0 -5.48675e-20 0 0 
404.157 -1.25651e-13 0 0 0 0 0 -5.00845e-11 -1.30677e-11 -1.30677e-11 0 0 0 -5.57913e-20 0 0 
411.461 -1.25651e-13 0 0 0 0 0 -5.00845e-11 -1.30677e-11 -1.30677e-11 0 0 0 -5.67089e-20 0 0 
418.716 -1.25651e-13 0 0 0 0 0 -5.00845e-11 -1.30677e-11 -1.30677e-11 0 0 0 -5.76205e-20 0 0 
425.923 -1.25651e-13 0 0 0 0 0 -5.00845e-11 -1.30677e-11 -1.30677e-11 0 0 0 -5.85261e-20 0 0 
433.082 -1.25651e-13 0 0 0 0 0 -5.00845e-11 -1.30677e-11 -1.30677e-11 0 0 0 -5.94257e-20 0 0 
440.194 -1.25651e-13 0 0 0 0 0 -5.00845e-11 -1.30677e-11 -1.30677e-11 0 0 0 -6.03193e-20 0 0 
447.259 -1.25651e-13 0 0 0 0 0 -5.00845e-11 -1.30677e-11 -1.30677e-11 0 0 0 -6.12071e-20 0 0 
454.277 -1.25651e-13 0 0 0 0 0 -5.00845e-11 -1.30677e-11 -1.30677e-11 0 0 0 -6.20889e-20 0 0 
461.249 -1.25651e-13 0 0 0 0 0 -5.00845e-11 -1.30677e-11 -1.30677e-11 0 0 0 -6.29649e-20 0 0 
468.175 -1.25651e-13 0 0 0 0 0 -5.00845e-11 -1.30677e-11 -1.30677e-11 0 0 0 -6.38351e-20 0 0 
475.055 -1.25651e-13 0 0 0 0 0 -5.00845e-11 -1.30677e-11 -1.30677e-11 0 0 0 -6.46996e-20 0 0 
481.889 -1.25651e-13 0 0 0 0 0 -5.00845e-11 -1.30677e-11 -1.30677e-11 0 0 0 -6.55584e-20 0 0 
488.678 -1.25651e-13 0 0 0 0 0 -5.00845e-11 -1.30677e-11 -1.30677e-11 0 0 0 -6.64114e-20 0 0 
495.423 -1.25651e-13 0 0 0 0 0 -5.00845e-11 -1.30677e-11 -1.30677e-11 0 0 0 -6.72589e-20 0 0 
502.122 -1.25651e-13 0 0 0 0 0 -5.00845e-11 -1.30677e-11 -1.30677e-11 0 0 0 -6.81007e-20 0 0 
508.778 -1.25651e-13 0 0 0 0 0 -5.00845e-11 -1.30677e-11 -1.30677e-11 0 0 0 -6.89369e-20 0 0 
515.389 -1.25651e-13 0 0 0 0 0 -5.00845e-11 -1.30677e-11 -1.30677e-11 0 0 0 -6.97676e-20 0 0 
521.956 -1.25651e-13 0 0 0 0 0 -5.00845e-11 -1.30677e-11 -1.30677e-11 0 0 0 -7.05929e-20 0 0 
528.481 -1.25651e-13 0 0 0 0 0 -5.00845e-11 -1.30677e-11 -1.30677e-11 0 0 0 -7.14126e-20 0 0 
534.962 -1.25651e-13 0 0 0 0 0 -5.00845e-11 -1.30677e-11 -1.30677e-11 0 0 0 -7.2227e-20 0 0 
541.4 -1.25651e-13 0 0 0 0 0 -5.00845e-11 -1.30677e-11 -1.30677e-11 0 0 0 -7.30359e-20 0 0 
547.795 -1.25651e-13 0 0 0 0 0 -5.00845e-11 -1.30677e-11 -1.30677e-11 0 0 0 -7.38396e-20 0 0 
554.149 -1.25651e-13 0 0 0 0 0 -5.00845e-11 -1.30677e-11 -1.30677e-11 0 0 0 -7.46378e-20 0 0 
560.46 -1.25651e-13 0 0 0 0 0 -5.00845e-11 -1.30677e-11 -1.30677e-11 0 0 0 -7.54309e-20 0 0 
566.729 -1.25651e-13 0 0 0 0 0 -5.00845e-11 -1.30677e-11 -1.30677e-11 0 0 0 -7.62186e-20 0 0 
572.957 -1.25651e-13 0 0 0 0 0 -5.00845e-11 -1.30677e-11 -1.30677e-11 0 0 0 -7.70012e-20 0 0 
579.144 -1.25651e-13 0 0 0 0 0 -5.00845e-11 -1.30677e-11 -1.30677e-11 0 0 0 -7.77786e-20 0 0 
585.29 -1.25651e-13 0 0 0 0 0 -5.00845e-11 -1.30677e-11 -1.30677e-11 0 0 0 -7.85508e-20 0 0 
591.395 -1.25651e-13 0 0 0 0 0 -5.00845e-11 -1.30677e-11 -1.30677e-11 0 0 0 -7.93179e-20 0 0 
597.46 -1.25651e-13 0 0 0 0 0 -5.00845e-11 -1.30677e-11 -1.30677e-11 0 0 0 -8.008e-20 0 0 
603.485 -1.25651e-13 0 0 0 0 0 -5.00845e-11 -1.30677e-11 -1.30677e-11 0 0 0 -8.0837e-20 0 0 
609.47 -1.25651e-13 0 0 0 0 0 -5.00845e-11 -1.30677e-11 -1.30677e-11 0 0 0 -8.1589e-20 0 0 
615.415 -1.25651e-13 0 0 0 0 0 -5.00845e-11 -1.30677e-11 -1.30677e-11 0 0 0 -8.2336e-20 0 0 
621.321 -1.25651e-13 0 0 0 0 0 -5.00845e-11 -1.30677e-11 -1.30677e-11 0 0 0 -8.30781e-20 0 0 
627.188 -1.25651e-13 0 0 0 0 0 -5.00845e-11 -1.30677e-11 -1.30677e-11 0 0 0 -8.38153e-20 0 0 
633.016 -1.25651e-13 0 0 0 0 0 -5.00845e-11 -1.30677e-11 -1.30677e-11 0 0 0 -8.45476e-20 0 0 
638.805 -1.25651e-13 0 0 0 0 0 -5.00845e-11 -1.30677e-11 -1.30677e-11 0 0 0 -8.52751e-20 0 0 
644.557 -1.25651e-13 0 0 0 0 0 -5.00845e-11 -1.30677e-11 -1.30677e-11 0 0 0 -8.59977e-20 0 0 
650.27 -1.25651e-13 0 0 0 0 0 -5.00845e-11 -1.30677e-11 -1.30677e-11 0 0 0 -8.67156e-20 0 0 
655.945 -1.25651e-13 0 0 0 0 0 -5.00845e-11 -1.30677e-11 -1.30677e-11 0 0 0 -8.74287e-20 0 0 
661.583 -1.25651e-13 0 0 0 0 0 -5.00845e-11 -1.30677e-11 -1.30677e-11 0 0 0 -8.81371e-20 0 0 
667.184 -1.25651e-13 0 0 0 0 0 -5.00845e-11 -1.30677e-11 -1.30677e-11 0 0 0 -8.88409e-20 0 0 
672.747 -1.25651e-13 0 0 0 0 0 -5.00845e-11 -1.30677e-11 -1.30677e-11 0 0 0 -8.95399e-20 0 0 
678.274 -1.25651e-13 0 0 0 0 0 -5.00845e-11 -1.30677e-11 -1.30677e-11 0 0 0 -9.02344e-20 0 0 
683.764 -1.25651e-13 0 0 0 0 0 -5.00845e-11 -1.30677e-11 -1.30677e-11 0 0 0 -9.09242e-20 0 0 
689.218 -1.25651e-13 0 0 0 0 0 -5.00845e-11 -1.30677e-11 -1.30677e-11 0 0 0 -9.16095e-20 0 0 
694.636 -1.25651e-13 0 0 0 0 0 -5.00845e-11 -1.30677e-11 -1.30677e-11 0 0 0 -9.22903e-20 0 0 
700.018 -1.25651e-13 0 0 0 0 0 -5.00845e-11 -1.30677e-11 -1.30677e-11 0 0 0 -9.29665e-20 0 0 
705.364 -1.25651e-13 0 0 0 0 0 -5.00845e-11 -1.30677e-11 -1.30677e-11 0 0 0 -9.36383e-20 0 0 
710.675 -1.25651e-13 0 0 0 0 0 -5.00845e-11 -1.30677e-11 -1.30677e-11 0 0 0 -9.43056e-20 0 0 
715.951 -1.25651e-13 0 0 0 0 0 -5.00845e-11 -1.30677e-11 -1.30677e-11 0 0 0 -9.49685e-20 0 0 
721.192 -1.25651e-13 0 0 0 0 0 -5.00845e-11 -1.30677e-11 -1.30677e-11 0 0 0 -9.56271e-20 0 0 
726.398 -1.25651e-13 0 0 0 0 0 -5.00845e-11 -1.30677e-11 -1.30677e-11 0 0 0 -9.62812e-20 0 0 
731.57 -1.25651e-13 0 0 0 0 0 -5.00845e-11 -1.30677e-11 -1.30677e-11 0 0 0 -9.69311e-20 0 0 
736.708 -1.25651e-13 0 0 0 0 0 -5.00845e-11 -1.30677e-11 -1.30677e-11 0 0 0 -9.75767e-20 0 0 
741.812 -1.25651e-13 0 0 0 0 0 -5.00845e-11 -1.30677e-11 -1.30677e-11 0 0 0 -9.82179e-20 0 0 
746.882 -1.25651e-13 0 0 0 0 0 -5.00845e-11 -1.30677e-11 -1.30677e-11 0 0 0 -9.8855e-20 0 0 
751.918 -1.25651e-13 0 0 0 0 0 -5.00845e-11 -1.30677e-11 -1.30677e-11 0 0 0 -9.94878e-20 0 0 
756.921 -1.25651e-13 0 0 0 0 0 -5.00845e-11 -1.30677e-11 -1.30677e-11 0 0 0 -1.00116e-19 0 0 
761.891 -1.25651e-13 0 0 0 0 0 -5.00845e-11 -1.30677e-11 -1.30677e-11 0 0 0 -1.00741e-19 0 0 
766.828 -1.25651e-13 0 0 0 0 0 -5.00845e-11 -1.30677e-11 -1.30677e-11 0 0 0 -1.01361e-19 0 0 
771.733 -1.25651e-13 0 0 0 0 0 -5.00845e-11 -1.30677e-11 -1.30677e-11 0 0 0 -1.01978e-19 0 0 
776.605 -1.25651e-13 0 0 0 0 0 -5.00845e-11 -1.30677e-11 -1.30677e-11 0 0 0 -1.0259e-19 0 0 
781.444 -1.25651e-13 0 0 0 0 0 -5.00845e-11 -1.30677e-11 -1.30677e-11 0 0 0 -1.03198e-19 0 0 
786.252 -1.25651e-13 0 0 0 0 0 -5.00845e-11 -1.30677e-11 -1.30677e-11 0 0 0 -1.03802e-19 0 0 
791.028 -1.25651e-13 0 0 0 0 0 -5.00845e-11 -1.30677e-11 -1.30677e-11 0 0 0 -1.04402e-19 0 0 
795.773 -1.25651e-13 0 0 0 0 0 -5.00845e-11 -1.30677e-11 -1.30677e-11 0 0 0 -1.04998e-19 0 0 
800.486 -1.25651e-13 0 0 0 0 0 -5.00845e-11 -1.30677e-11 -1.30677e-11 0 0 0 -1.0559e-19 0 0 
805.167 -1.25651e-13 0 0 0 0 0 -5.00845e-11 -1.30677e-11 -1.30677e-11 0 0 0 -1.06179e-19 0 0 
809.818 -1.25651e-13 0 0 0 0 0 -5.00845e-11 -1.30677e-11 -1.30677e-11 0 0 0 -1.06763e-19 0 0 
814.438 -1.25651e-13 0 0 0 0 0 -5.00845e-11 -1.30677e-11 -1.30677e-11 0 0 0 -1.07344e-19 0 0 
819.028 -1.25651e-13 0 0 0 0 0 -5.00845e-11 -1.30677e-11 -1.30677e-11 0 0 0 -1.0792e-19 0 0 
823.587 -1.25651e-13 0 0 0 0 0 -5.00845e-11 -1.30677e-11 -1.30677e-11 0 0 0 -1.08493e-19 0 0 
828.116 -1.25651e-13 0 0 0 0 0 -5.00845e-11 -1.30677e-11 -1.30677e-11 0 0 0 -1.09062e-19 0 0 
832.615 -1.25651e-13 0 0 0 0 0 -5.00845e-11 -1.30677e-11 -1.30677e-11 0 0 0 -1.09627e-19 0 0 
837.084 -1.25651e-13 0 0 0 0 0 -5.00845e-11 -1.30677e-11 -1.30677e-11 0 0 0 -1.10189e-19 0 0 
841.524 -1.25651e-13 0 0 0 0 0 -5.00845e-11 -1.30677e-11 -1.30677e-11 0 0 0 -1.10747e-19 0 0 
845.934 -1.25651e-13 0 0 0 0 0 -5.00845e-11 -1.30677e-11 -1.30677e-11 0 0 0 -1.11301e-19 0 0 
850.316 -1.25651e-13 0 0 0 0 0 -5.00845e-11 -1.30677e-11 -1.30677e-11 0 0 0 -1.11852e-19 0 0 
854.668 -1.25651e-13 0 0 0 0 0 -5.00845e-11 -1.30677e-11 -1.30677e-11 0 0 0 -1.12398e-19 0 0 
858.991 -1.25651e-13 0 0 0 0 0 -5.00845e-11 -1.30677e-11 -1.30677e-11 0 0 0 -1.12942e-19 0 0 
863.286 -1.25651e-13 0 0 0 0 0 -5.00845e-11 -1.30677e-11 -1.30677e-11 0 0 0 -1.13481e-19 0 0 
867.553 -1.25651e-13 0 0 0 0 0 -5.00845e-11 -1.30677e-11 -1.30677e-11 0 0 0 -1.14017e-19 0 0 
871.791 -1.25651e-13 0 0 0 0 0 -5.00845e-11 -1.30677e-11 -1.30677e-11 0 0 0 -1.1455e-19 0 0 
876.001 -1.25651e-13 0 0 0 0 0 -5.00845e-11 -1.30677e-11 -1.30677e-11 0 0 0 -1.15079e-19 0 0 
880.183 -1.25651e-13 0 0 0 0 0 -5.00845e-11 -1.30677e-11 -1.30677e-11 0 0 0 -1.15604e-19 0 0 
884.338 -1.25651e-13 0 0 0 0 0 -5.00845e-11 -1.30677e-11 -1.30677e-11 0 0 0 -1.16127e-19 0 0 
888.465 -1.25651e-13 0 0 0 0 0 -5.00845e-11 -1.30677e-11 -1.30677e-11 0 0 0 -1.16645e-19 0 0 
892.565 -1.25651e-13 0 0 0 0 0 -5.00845e-11 -1.30677e-11 -1.30677e-11 0 0 0 -1.1716e-19 0 0 
896.638 -1.25651e-13 0 0 0 0 0 -5.00845e-11 -1.30677e-11 -1.30677e-11 0 0 0 -1.17672e-19 0 0 
900.684 -1.25651e-13 0 0 0 0 0 -5.00845e-11 -1.30677e-11 -1.30677e-11 0 0 0 -1.1818e-19 0 0 
904.703 -1.25651e-13 0 0 0 0 0 -5.00845e-11 -1.30677e-11 -1.30677e-11 0 0 0 -1.18685e-19 0 0 
908.695 -1.25651e-13 0 0 0 0 0 -5.00845e-11 -1.30677e-11 -1.30677e-11 0 0 0 -1.19187e-19 0 0 
912.661 -1.25651e-13 0 0 0 0 0 -5.00845e-11 -1.30677e-11 -1.30677e-11 0 0 0 -1.19685e-19 0 0 
916.601 -1.25651e-13 0 0 0 0 0 -5.00845e-11 -1.30677e-11 -1.30677e-11 0 0 0 -1.2018e-19 0 0 
920.515 -1.25651e-13 0 0 0 0 0 -5.00845e-11 -1.30677e-11 -1.30677e-11 0 0 0 -1.20672e-19 0 0 
924.403 -1.25651e-13 0 0 0 0 0 -5.00845e-11 -1.30677e-11 -1.30677e-11 0 0 0 -1.21161e-19 0 0 
928.265 -1.25651e-13 0 0 0 0 0 -5.00845e-11 -1.30677e-11 -1.30677e-11 0 0 0 -1.21646e-19 0 0 
932.101 -1.25651e-13 0 0 0 0 0 -5.00845e-11 -1.30677e-11 -1.30677e-11 0 0 0 -1.22128e-19 0 0 
935.913 -1.25651e-13 0 0 0 0 0 -5.00845e-11 -1.30677e-11 -1.30677e-11 0 0 0 -1.22607e-19 0 0 
939.699 -1.25651e-13 0 0 0 0 0 -5.00845e-11 -1.30677e-11 -1.30677e-11 0 0 0 -1.23083e-19 0 0 
943.46 -1.25651e-13 0 0 0 0 0 -5.00845e-11 -1.30677e-11 -1.30677e-11 0 0 0 -1.23555e-19 0 0 
947.196 -1.25651e-13 0 0 0 0 0 -5.00845e-11 -1.30677e-11 -1.30677e-11 0 0 0 -1.24025e-19 0 0 
950.907 -1.25651e-13 0 0 0 0 0 -5.00845e-11 -1.30677e-11 -1.30677e-11 0 0 0 -1.24491e-19 0 0 
954.594 -1.25651e-13 0 0 0 0 0 -5.00845e-11 -1.30677e-11 -1.30677e-11 0 0 0 -1.24954e-19 0 0 
958.257 -1.25651e-13 0 0 0 0 0 -5.00845e-11 -1.30677e-11 -1.30677e-11 0 0 0 -1.25414e-19 0 0 
961.895 -1.25651e-13 0 0 0 0 0 -5.00845e-11 -1.30677e-11 -1.30677e-11 0 0 0 -1.25872e-19 0 0 
965.509 -1.25651e-13 0 0 0 0 0 -5.00845e-11 -1.30677e-11 -1.30677e-11 0 0 0 -1.26326e-19 0 0 
969.099 -1.25651e-13 0 0 0 0 0 -5.00845e-11 -1.30677e-11 -1.30677e-11 0 0 0 -1.26777e-19 0 0 
972.666 -1.25651e-13 0 0 0 0 0 -5.00845e-11 -1.30677e-11 -1.30677e-11 0 0 0 -1.27225e-19 0 0 
976.209 -1.25651e-13 0 0 0 0 0 -5.00845e-11 -1.30677e-11 -1.30677e-11 0 0 0 -1.2767e-19 0 0 
979.728 -1.25651e-13 0 0 0 0 0 -5.00845e-11 -1.30677e-11 -1.30677e-11 0 0 0 -1.28112e-19 0 0 
983.224 -1.25651e-13 0 0 0 0 0 -5.00845e-11 -1.30677e-11 -1.30677e-11 0 0 0 -1.28552e-19 0 0 
986.698 -1.25651e-13 0 0 0 0 0 -5.00845e-11 -1.30677e-11 -1.30677e-11 0 0 0 -1.28988e-19 0 0 
990.148 -1.25651e-13 0 0 0 0 0 -5.00845e-11 -1.30677e-11 -1.30677e-11 0 0 0 -1.29422e-19 0 0 
993.575 -1.25651e-13 0 0 0 0 0 -5.00845e-11 -1.30677e-11 -1.30677e-11 0 0 0 -1.29852e-19 0 0 
996.98 -1.25651e-13 0 0 0 0 0 -5.00845e-11 -1.30677e-11 -1.30677e-11 0 0 0 -1.3028e-19 0 0 
1000.36 -1.25651e-13 0 0 0 0 0 -5.00845e-11 -1.30677e-11 -1.30677e-11 0 0 0 -1.30705e-19 0 0 
1003.72 -1.25651e-13 0 0 0 0 0 -5.00845e-11 -1.30677e-11 -1.30677e-11 0 0 0 -1.31127e-19 0 0 
1007.06 -1.25651e-13 0 0 0 0 0 -5.00845e-11 -1.30677e-11 -1.30677e-11 0 0 0 -1.31547e-19 0 0 
1010.37 -1.25651e-13 0 0 0 0 0 -5.00845e-11 -1.30677e-11 -1.30677e-11 0 0 0 -1.31963e-19 0 0 
1013.67 -1.25651e-13 0 0 0 0 0 -5.00845e-11 -1.30677e-11 -1.30677e-11 0 0 0 -1.32377e-19 0 0 
1016.94 -1.25651e-13 0 0 0 0 0 -5.00845e-11 -1.30677e-11 -1.30677e-11 0 0 0 -1.32788e-19 0 0 
1020.19 -1.25651e-13 0 0 0 0 0 -5.00845e-11 -1.30677e-11 -1.30677e-11 0 0 0 -1.33196e-19 0 0 
1023.42 -1.25651e-13 0 0 0 0 0 -5.00845e-11 -1.30677e-11 -1.30677e-11 0 0 0 -1.33602e-19 0 0 
1026.63 -1.25651e-13 0 0 0 0 0 -5.00845e-11 -1.30677e-11 -1.30677e-11 0 0 0 -1.34005e-19 0 0 
1029.81 -1.25651e-13 0 0 0 0 0 -5.00845e-11 -1.30677e-11 -1.30677e-11 0 0 0 -1.34405e-19 0 0 
1032.98 -1.25651e-13 0 0 0 0 0 -5.00845e-11 -1.30677e-11 -1.30677e-11 0 0 0 -1.34803e-19 0 0 
1036.12 -1.25651e-13 0 0 0 0 0 -5.00845e-11 -1.30677e-11 -1.30677e-11 0 0 0 -1.35198e-19 0 0 
1039.24 -1.25651e-13 0 0 0 0 0 -5.00845e-11 -1.30677e-11 -1.30677e-11 0 0 0 -1.35591e-19 0 0 
1042.35 -1.25651e-13 0 0 0 0 0 -5.00845e-11 -1.30677e-11 -1.30677e-11 0 0 0 -1.3598e-19 0 0 
1045.43 -1.25651e-13 0 0 0 0 0 -5.00845e-11 -1.30677e-11 -1.30677e-11 0 0 0 -1.36368e-19 0 0 
1048.49 -1.25651e-13 0 0 0 0 0 -5.00845e-11 -1.30677e-11 -1.30677e-11 0 0 0 -1.36752e-19 0 0 
1051.53 -1.25651e-13 0 0 0 0 0 -5.00845e-11 -1.30677e-11 -1.30677e-11 0 0 0 -1.37135e-19 0 0 
1054.55 -1.25651e-13 0 0 0 0 0 -5.00845e-11 -1.30677e-11 -1.30677e-11 0 0 0 -1.37514e-19 0 0 
1057.55 -1.25651e-13 0 0 0 0 0 -5.00845e-11 -1.30677e-11 -1.30677e-11 0 0 0 -1.37891e-19 0 0 
1060.54 -1.25651e-13 0 0 0 0 0 -5.00845e-11 -1.30677e-11 -1.30677e-11 0 0 0 -1.38266e-19 0 0 
1063.5 -1.25651e-13 0 0 0 0 0 -5.00845e-11 -1.30677e-11 -1.30677e-11 0 0 0 -1.38638e-19 0 0 
1066.44 -1.25651e-13 0 0 0 0 0 -5.00845e-11 -1.30677e-11 -1.30677e-11 0 0 0 -1.39008e-19 0 0 
1069.36 -1.25651e-13 0 0 0 0 0 -5.00845e-11 -1.30677e-11 -1.30677e-11 0 0 0 -1.39375e-19 0 0 
1072.27 -1.25651e-13 0 0 0 0 0 -5.00845e-11 -1.30677e-11 -1.30677e-11 0 0 0 -1.3974e-19 0 0 
1075.15 -1.25651e-13 0 0 0 0 0 -5.00845e-11 -1.30677e-11 -1.30677e-11 0 0 0 -1.40102e-19 0 0 
1078.01 -1.25651e-13 0 0 0 0 0 -5.00845e-11 -1.30677e-11 -1.30677e-11 0 0 0 -1.40462e-19 0 0 
1080.86 -1.25651e-13 0 0 0 0 0 -5.00845e-11 -1.30677e-11 -1.30677e-11 0 0 0 -1.4082e-19 0 0 
1083.69 -1.25651e-13 0 0 0 0 0 -5.00845e-11 -1.30677e-11 -1.30677e-11 0 0 0 -1.41175e-19 0 0 
1086.5 -1.25651e-13 0 0 0 0 0 -5.00845e-11 -1.30677e-11 -1.30677e-11 0 0 0 -1.41528e-19 0 0 
1089.29 -1.25651e-13 0 0 0 0 0 -5.00845e-11 -1.30677e-11 -1.30677e-11 0 0 0 -1.41879e-19 0 0 
1092.06 -1.25651e-13 0 0 0 0 0 -5.00845e-11 -1.30677e-11 -1.30677e-11 0 0 0 -1.42227e-19 0 0 
1094.81 -1.25651e-13 0 0 0 0 0 -5.00845e-11 -1.30677e-11 -1.30677e-11 0 0 0 -1.42573e-19 0 0 
1097.55 -1.25651e-13 0 0 0 0 0 -5.00845e-11 -1.30677e-11 -1.30677e-11 0 0 0 -1.42916e-19 0 0 
1100.26 -1.25651e-13 0 0 0 0 0 -5.00845e-11 -1.30677e-11 -1.30677e-11 0 0 0 -1.43258e-19 0 0 
1102.96 -1.25651e-13 0 0 0 0 0 -5.00845e-11 -1.30677e-11 -1.30677e-11 0 0 0 -1.43597e-19 0 0 
1105.64 -1.25651e-13 0 0 0 0 0 -5.00845e-11 -1.30677e-11 -1.30677e-11 0 0 0 -1.43934e-19 0 0 
1108.31 -1.25651e-13 0 0 0 0 0 -5.00845e-11 -1.30677e-11 -1.30677e-11 0 0 0 -1.44268e-19 0 0 
1110.95 -1.25651e-13 0 0 0 0 0 -5.00845e-11 -1.30677e-11 -1.30677e-11 0 0 0 -1.44601e-19 0 0 
1113.58 -1.25651e-13 0 0 0 0 0 -5.00845e-11 -1.30677e-11 -1.30677e-11 0 0 0 -1.44931e-19 0 0 
1116.19 -1.25651e-13 0 0 0 0 0 -5.00845e-11 -1.30677e-11 -1.30677e-11 0 0 0 -1.45259e-19 0 0 
1118.78 -1.25651e-13 0 0 0 0 0 -5.00845e-11 -1.30677e-11 -1.30677e-11 0 0 0 -1.45585e-19 0 0 
1121.36 -1.25651e-13 0 0 0 0 0 -5.00845e-11 -1.30677e-11 -1.30677e-11 0 0 0 -1.45909e-19 0 0 
1123.92 -1.25651e-13 0 0 0 0 0 -5.00845e-11 -1.30677e-11 -1.30677e-11 0 0 0 -1.4623e-19 0 0 
1126.46 -1.25651e-13 0 0 0 0 0 -5.00845e-11 -1.30677e-11 -1.30677e-11 0 0 0 -1.4655e-19 0 0 
1128.99 -1.25651e-13 0 0 0 0 0 -5.00845e-11 -1.30677e-11 -1.30677e-11 0 0 0 -1.46867e-19 0 0 
1131.5 -1.25651e-13 0 0 0 0 0 -5.00845e-11 -1.30677e-11 -1.30677e-11 0 0 0 -1.47182e-19 0 0 
1133.99 -1.25651e-13 0 0 0 0 0 -5.00845e-11 -1.30677e-11 -1.30677e-11 0 0 0 -1.47496e-19 0 0 
1136.47 -1.25651e-13 0 0 0 0 0 -5.00845e-11 -1.30677e-11 -1.30677e-11 0 0 0 -1.47807e-19 0 0 
1138.93 -1.25651e-13 0 0 0 0 0 -5.00845e-11 -1.30677e-11 -1.30677e-11 0 0 0 -1.48116e-19 0 0 
1141.37 -1.25651e-13 0 0 0 0 0 -5.00845e-11 -1.30677e-11 -1.30677e-11 0 0 0 -1.48423e-19 0 0 
1143.8 -1.25651e-13 0 0 0 0 0 -5.00845e-11 -1.30677e-11 -1.30677e-11 0 0 0 -1.48728e-19 0 0 
1146.21 -1.25651e-13 0 0 0 0 0 -5.00845e-11 -1.30677e-11 -1.30677e-11 0 0 0 -1.49031e-19 0 0 
1148.6 -1.25651e-13 0 0 0 0 0 -5.00845e-11 -1.30677e-11 -1.30677e-11 0 0 0 -1.49332e-19 0 0 
1150.98 -1.25651e-13 0 0 0 0 0 -5.00845e-11 -1.30677e-11 -1.30677e-11 0 0 0 -1.4963e-19 0 0 
1153.34 -1.25651e-13 0 0 0 0 0 -5.00845e-11 -1.30677e-11 -1.30677e-11 0 0 0 -1.49927e-19 0 0 
1155.69 -1.25651e-13 0 0 0 0 0 -5.00845e-11 -1.30677e-11 -1.30677e-11 0 0 0 -1.50222e-19 0 0 
1158.02 -1.25651e-13 0 0 0 0 0 -5.00845e-11 -1.30677e-11 -1.30677e-11 0 0 0 -1.50516e-19 0 0 
1160.34 -1.25651e-13 0 0 0 0 0 -5.00845e-11 -1.30677e-11 -1.30677e-11 0 0 0 -1.50807e-19 0 0 
1162.64 -1.25651e-13 0 0 0 0 0 -5.00845e-11 -1.30677e-11 -1.30677e-11 0 0 0 -1.51096e-19 0 0 
1164.93 -1.25651e-13 0 0 0 0 0 -5.00845e-11 -1.30677e-11 -1.30677e-11 0 0 0 -1.51383e-19 0 0 
1167.2 -1.25651e-13 0 0 0 0 0 -5.00845e-11 -1.30677e-11 -1.30677e-11 0 0 0 -1.51668e-19 0 0 
1169.46 -1.25651e-13 0 0 0 0 0 -5.00845e-11 -1.30677e-11 -1.30677e-11 0 0 0 -1.51952e-19 0 0 
1171.7 -1.25651e-13 0 0 0 0 0 -5.00845e-11 -1.30677e-11 -1.30677e-11 0 0 0 -1.52234e-19 0 0 
1173.92 -1.25651e-13 0 0 0 0 0 -5.00845e-11 -1.30677e-11 -1.30677e-11 0 0 0 -1.52513e-19 0 0 
1176.14 -1.25651e-13 0 0 0 0 0 -5.00845e-11 -1.30677e-11 -1.30677e-11 0 0 0 -1.52791e-19 0 0 
1178.33 -1.25651e-13 0 0 0 0 0 -5.00845e-11 -1.30677e-11 -1.30677e-11 0 0 0 -1.53067e-19 0 0 
1180.52 -1.25651e-13 0 0 0 0 0 -5.00845e-11 -1.30677e-11 -1.30677e-11 0 0 0 -1.53342e-19 0 0 
1182.68 -1.25651e-13 0 0 0 0 0 -5.00845e-11 -1.30677e-11 -1.30677e-11 0 0 0 -1.53614e-19 0 0 
1184.84 -1.25651e-13 0 0 0 0 0 -5.00845e-11 -1.30677e-11 -1.30677e-11 0 0 0 -1.53885e-19 0 0 
1186.98 -1.25651e-13 0 0 0 0 0 -5.00845e-11 -1.30677e-11 -1.30677e-11 0 0 0 -1.54153e-19 0 0 
1189.1 -1.25651e-13 0 0 0 0 0 -5.00845e-11 -1.30677e-11 -1.30677e-11 0 0 0 -1.5442e-19 0 0 
1191.21 -1.25651e-13 0 0 0 0 0 -5.00845e-11 -1.30677e-11 -1.30677e-11 0 0 0 -1.54686e-19 0 0 
1193.31 -1.25651e-13 0 0 0 0 0 -5.00845e-11 -1.30677e-11 -1.30677e-11 0 0 0 -1.54949e-19 0 0 
1195.39 -1.25651e-13 0 0 0 0 0 -5.00845e-11 -1.30677e-11 -1.30677e-11 0 0 0 -1.55211e-19 0 0 
1197.46 -1.25651e-13 0 0 0 0 0 -5.00845e-11 -1.30677e-11 -1.30677e-11 0 0 0 -1.55471e-19 0 0 
1199.52 -1.25651e-13 0 0 0 0 0 -5.00845e-11 -1.30677e-11 -1.30677e-11 0 0 0 -1.5573e-19 0 0 
1201.56 -1.25651e-13 0 0 0 0 0 -5.00845e-11 -1.30677e-11 -1.30677e-11 0 0 0 -1.55986e-19 0 0 
1203.59 -1.25651e-13 0 0 0 0 0 -5.00845e-11 -1.30677e-11 -1.30677e-11 0 0 0 -1.56241e-19 0 0 
1205.61 -1.25651e-13 0 0 0 0 0 -5.00845e-11 -1.30677e-11 -1.30677e-11 0 0 0 -1.56494e-19 0 0 
1207.61 -1.25651e-13 0 0 0 0 0 -5.00845e-11 -1.30677e-11 -1.30677e-11 0 0 0 -1.56746e-19 0 0 
1209.6 -1.25651e-13 0 0 0 0 0 -5.00845e-11 -1.30677e-11 -1.30677e-11 0 0 0 -1.56996e-19 0 0 
1211.57 -1.25651e-13 0 0 0 0 0 -5.00845e-11 -1.30677e-11 -1.30677e-11 0 0 0 -1.57244e-19 0 0 
1213.54 -1.25651e-13 0 0 0 0 0 -5.00845e-11 -1.30677e-11 -1.30677e-11 0 0 0 -1.57491e-19 0 0 
1215.49 -1.25651e-13 0 0 0 0 0 -5.00845e-11 -1.30677e-11 -1.30677e-11 0 0 0 -1.57736e-19 0 0 
1217.42 -1.25651e-13 0 0 0 0 0 -5.00845e-11 -1.30677e-11 -1.30677e-11 0 0 0 -1.57979e-19 0 0 
1219.35 -1.25651e-13 0 0 0 0 0 -5.00845e-11 -1.30677e-11 -1.30677e-11 0 0 0 -1.58221e-19 0 0 
1221.26 -1.25651e-13 0 0 0 0 0 -5.00845e-11 -1.30677e-11 -1.30677e-11 0 0 0 -1.58461e-19 0 0 
1223.16 -1.25651e-13 0 0 0 0 0 -5.00845e-11 -1.30677e-11 -1.30677e-11 0 0 0 -1.58699e-19 0 0 
1225.04 -1.25651e-13 0 0 0 0 0 -5.00845e-11 -1.30677e-11 -1.30677e-11 0 0 0 -1.58936e-19 0 0 
1226.92 -1.25651e-13 0 0 0 0 0 -5.00845e-11 -1.30677e-11 -1.30677e-11 0 0 0 -1.59172e-19 0 0 
1228.78 -1.25651e-13 0 0 0 0 0 -5.00845e-11 -1.30677e-11 -1.30677e-11 0 0 0 -1.59406e-19 0 0 
1230.63 -1.25651e-13 0 0 0 0 0 -5.00845e-11 -1.30677e-11 -1.30677e-11 0 0 0 -1.59638e-19 0 0 
1232.46 -1.25651e-13 0 0 0 0 0 -5.00845e-11 -1.30677e-11 -1.30677e-11 0 0 0 -1.59869e-19 0 0 
1234.29 -1.25651e-13 0 0 0 0 0 -5.00845e-11 -1.30677e-11 -1.30677e-11 0 0 0 -1.60098e-19 0 0 
1236.1 -1.25651e-13 0 0 0 0 0 -5.00845e-11 -1.30677e-11 -1.30677e-11 0 0 0 -1.60326e-19 0 0 
1237.9 -1.25651e-13 0 0 0 0 0 -5.00845e-11 -1.30677e-11 -1.30677e-11 0 0 0 -1.60552e-19 0 0 
1239.69 -1.25651e-13 0 0 0 0 0 -5.00845e-11 -1.30677e-11 -1.30677e-11 0 0 0 -1.60777e-19 0 0 
1241.47 -1.25651e-13 0 0 0 0 0 -5.00845e-11 -1.30677e-11 -1.30677e-11 0 0 0 -1.61e-19 0 0 
1243.23 -1.25651e-13 0 0 0 0 0 -5.00845e-11 -1.30677e-11 -1.30677e-11 0 0 0 -1.61222e-19 0 0 
1244.98 -1.25651e-13 0 0 0 0 0 -5.00845e-11 -1.30677e-11 -1.30677e-11 0 0 0 -1.61442e-19 0 0 
1246.73 -1.25651e-13 0 0 0 0 0 -5.00845e-11 -1.30677e-11 -1.30677e-11 0 0 0 -1.61661e-19 0 0 
1248.46 -1.25651e-13 0 0 0 0 0 -5.00845e-11 -1.30677e-11 -1.30677e-11 0 0 0 -1.61878e-19 0 0 
1250.17 -1.25651e-13 0 0 0 0 0 -5.00845e-11 -1.30677e-11 -1.30677e-11 0 0 0 -1.62094e-19 0 0 
1251.88 -1.25651e-13 0 0 0 0 0 -5.00845e-11 -1.30677e-11 -1.30677e-11 0 0 0 -1.62309e-19 0 0 
1253.58 -1.25651e-13 0 0 0 0 0 -5.00845e-11 -1.30677e-11 -1.30677e-11 0 0 0 -1.62522e-19 0 0 
1255.26 -1.25651e-13 0 0 0 0 0 -5.00845e-11 -1.30677e-11 -1.30677e-11 0 0 0 -1.62734e-19 0 0 
1256.94 -1.25651e-13 0 0 0 0 0 -5.00845e-11 -1.30677e-11 -1.30677e-11 0 0 0 -1.62944e-19 0 0 
1258.6 -1.25651e-13 0 0 0 0 0 -5.00845e-11 -1.30677e-11 -1.30677e-11 0 0 0 -1.63153e-19 0 0 
1260.25 -1.25651e-13 0 0 0 0 0 -5.00845e-11 -1.30677e-11 -1.30677e-11 0 0 0 -1.6336e-19 0 0 
1261.89 -1.25651e-13 0 0 0 0 0 -5.00845e-11 -1.30677e-11 -1.30677e-11 0 0 0 -1.63567e-19 0 0 
1263.52 -1.25651e-13 0 0 0 0 0 -5.00845e-11 -1.30677e-11 -1.30677e-11 0 0 0 -1.63771e-19 0 0 
1265.14 -1.25651e-13 0 0 0 0 0 -5.00845e-11 -1.30677e-11 -1.30677e-11 0 0 0 -1.63975e-19 0 0 
1266.75 -1.25651e-13 0 0 0 0 0 -5.00845e-11 -1.30677e-11 -1.30677e-11 0 0 0 -1.64177e-19 0 0 
1268.35 -1.25651e-13 0 0 0 0 0 -5.00845e-11 -1.30677e-11 -1.30677e-11 0 0 0 -1.64378e-19 0 0 
1269.93 -1.25651e-13 0 0 0 0 0 -5.00845e-11 -1.30677e-11 -1.30677e-11 0 0 0 -1.64577e-19 0 0 
1271.51 -1.25651e-13 0 0 0 0 0 -5.00845e-11 -1.30677e-11 -1.30677e-11 0 0 0 -1.64775e-19 0 0 
1273.08 -1.25651e-13 0 0 0 0 0 -5.00845e-11 -1.30677e-11 -1.30677e-11 0 0 0 -1.64972e-19 0 0 
1274.63 -1.25651e-13 0 0 0 0 0 -5.00845e-11 -1.30677e-11 -1.30677e-11 0 0 0 -1.65167e-19 0 0 
1276.18 -1.25651e-13 0 0 0 0 0 -5.00845e-11 -1.30677e-11 -1.30677e-11 0 0 0 -1.65362e-19 0 0 
1277.71 -1.25651e-13 0 0 0 0 0 -5.00845e-11 -1.30677e-11 -1.30677e-11 0 0 0 -1.65555e-19 0 0 
1279.24 -1.25651e-13 0 0 0 0 0 -5.00845e-11 -1.30677e-11 -1.30677e-11 0 0 0 -1.65746e-19 0 0 
1280.75 -1.25651e-13 0 0 0 0 0 -5.00845e-11 -1.30677e-11 -1.30677e-11 0 0 0 -1.65937e-19 0 0 
1282.26 -1.25651e-13 0 0 0 0 0 -5.00845e-11 -1.30677e-11 -1.30677e-11 0 0 0 -1.66126e-19 0 0 
1283.75 -1.25651e-13 0 0 0 0 0 -5.00845e-11 -1.30677e-11 -1.30677e-11 0 0 0 -1.66314e-19 0 0 
1285.24 -1.25651e-13 0 0 0 0 0 -5.00845e-11 -1.30677e-11 -1.30677e-11 0 0 0 -1.665e-19 0 0 
1286.71 -1.25651e-13 0 0 0 0 0 -5.00845e-11 -1.30677e-11 -1.30677e-11 0 0 0 -1.66686e-19 0 0 
1288.18 -1.25651e-13 0 0 0 0 0 -5.00845e-11 -1.30677e-11 -1.30677e-11 0 0 0 -1.6687e-19 0 0 
1289.64 -1.25651e-13 0 0 0 0 0 -5.00845e-11 -1.30677e-11 -1.30677e-11 0 0 0 -1.67053e-19 0 0 
1291.08 -1.25651e-13 0 0 0 0 0 -5.00845e-11 -1.30677e-11 -1.30677e-11 0 0 0 -1.67234e-19 0 0 
1292.52 -1.25651e-13 0 0 0 0 0 -5.00845e-11 -1.30677e-11 -1.30677e-11 0 0 0 -1.67415e-19 0 0 
1293.95 -1.25651e-13 0 0 0 0 0 -5.00845e-11 -1.30677e-11 -1.30677e-11 0 0 0 -1.67594e-19 0 0 
1295.36 -1.25651e-13 0 0 0 0 0 -5.00845e-11 -1.30677e-11 -1.30677e-11 0 0 0 -1.67772e-19 0 0 
1296.77 -1.25651e-13 0 0 0 0 0 -5.00845e-11 -1.30677e-11 -1.30677e-11 0 0 0 -1.67949e-19 0 0 
1298.17 -1.25651e-13 0 0 0 0 0 -5.00845e-11 -1.30677e-11 -1.30677e-11 0 0 0 -1.68125e-19 0 0 
1299.56 -1.25651e-13 0 0 0 0 0 -5.00845e-11 -1.30677e-11 -1.30677e-11 0 0 0 -1.683e-19 0 0 
1300.94 -1.25651e-13 0 0 0 0 0 -5.00845e-11 -1.30677e-11 -1.30677e-11 0 0 0 -1.68473e-19 0 0 
1302.31 -1.25651e-13 0 0 0 0 0 -5.00845e-11 -1.30677e-11 -1.30677e-11 0 0 0 -1.68646e-19 0 0 
1303.68 -1.25651e-13 0 0 0 0 0 -5.00845e-11 -1.30677e-11 -1.30677e-11 0 0 0 -1.68817e-19 0 0 
1305.03 -1.25651e-13 0 0 0 0 0 -5.00845e-11 -1.30677e-11 -1.30677e-11 0 0 0 -1.68987e-19 0 0 
1306.37 -1.25651e-13 0 0 0 0 0 -5.00845e-11 -1.30677e-11 -1.30677e-11 0 0 0 -1.69156e-19 0 0 
1307.71 -1.25651e-13 0 0 0 0 0 -5.00845e-11 -1.30677e-11 -1.30677e-11 0 0 0 -1.69324e-19 0 0 
1309.04 -1.25651e-13 0 0 0 0 0 -5.00845e-11 -1.30677e-11 -1.30677e-11 0 0 0 -1.6949e-19 0 0 
1310.35 -1.25651e-13 0 0 0 0 0 -5.00845e-11 -1.30677e-11 -1.30677e-11 0 0 0 -1.69656e-19 0 0 
1311.66 -1.25651e-13 0 0 0 0 0 -5.00845e-11 -1.30677e-11 -1.30677e-11 0 0 0 -1.6982e-19 0 0 
1312.96 -1.25651e-13 0 0 0 0 0 -5.00845e-11 -1.30677e-11 -1.30677e-11 0 0 0 -1.69984e-19 0 0 
1314.26 -1.25651e-13 0 0 0 0 0 -5.00845e-11 -1.30677e-11 -1.30677e-11 0 0 0 -1.70146e-19 0 0 
1315.54 -1.25651e-13 0 0 0 0 0 -5.00845e-11 -1.30677e-11 -1.30677e-11 0 0 0 -1.70308e-19 0 0 
1316.81 -1.25651e-13 0 0 0 0 0 -5.00845e-11 -1.30677e-11 -1.30677e-11 0 0 0 -1.70468e-19 0 0 
1318.08 -1.25651e-13 0 0 0 0 0 -5.00845e-11 -1.30677e-11 -1.30677e-11 0 0 0 -1.70627e-19 0 0 
1319.34 -1.25651e-13 0 0 0 0 0 -5.00845e-11 -1.30677e-11 -1.30677e-11 0 0 0 -1.70785e-19 0 0 
1320.59 -1.25651e-13 0 0 0 0 0 -5.00845e-11 -1.30677e-11 -1.30677e-11 0 0 0 -1.70942e-19 0 0 
1321.83 -1.25651e-13 0 0 0 0 0 -5.00845e-11 -1.30677e-11 -1.30677e-11 0 0 0 -1.71098e-19 0 0 
1323.06 -1.25651e-13 0 0 0 0 0 -5.00845e-11 -1.30677e-11 -1.30677e-11 0 0 0 -1.71253e-19 0 0 
1324.29 -1.25651e-13 0 0 0 0 0 -5.00845e-11 -1.30677e-11 -1.30677e-11 0 0 0 -1.71407e-19 0 0 
1325.51 -1.25651e-13 0 0 0 0 0 -5.00845e-11 -1.30677e-11 -1.30677e-11 0 0 0 -1.7156e-19 0 0 
1326.72 -1.25651e-13 0 0 0 0 0 -5.00845e-11 -1.30677e-11 -1.30677e-11 0 0 0 -1.71712e-19 0 0 
1327.92 -1.25651e-13 0 0 0 0 0 -5.00845e-11 -1.30677e-11 -1.30677e-11 0 0 0 -1.71863e-19 0 0 
1329.11 -1.25651e-13 0 0 0 0 0 -5.00845e-11 -1.30677e-11 -1.30677e-11 0 0 0 -1.72013e-19 0 0 
1330.3 -1.25651e-13 0 0 0 0 0 -5.00845e-11 -1.30677e-11 -1.30677e-11 0 0 0 -1.72162e-19 0 0 
1331.47 -1.25651e-13 0 0 0 0 0 -5.00845e-11 -1.30677e-11 -1.30677e-11 0 0 0 -1.72309e-19 0 0 
1332.64 -1.25651e-13 0 0 0 0 0 -5.00845e-11 -1.30677e-11 -1.30677e-11 0 0 0 -1.72456e-19 0 0 
1333.8 -1.25651e-13 0 0 0 0 0 -5.00845e-11 -1.30677e-11 -1.30677e-11 0 0 0 -1.72602e-19 0 0 
1334.96 -1.25651e-13 0 0 0 0 0 -5.00845e-11 -1.30677e-11 -1.30677e-11 0 0 0 -1.72747e-19 0 0 
1336.1 -1.25651e-13 0 0 0 0 0 -5.00845e-11 -1.30677e-11 -1.30677e-11 0 0 0 -1.72892e-19 0 0 
1337.24 -1.25651e-13 0 0 0 0 0 -5.00845e-11 -1.30677e-11 -1.30677e-11 0 0 0 -1.73035e-19 0 0 
1338.38 -1.25651e-13 0 0 0 0 0 -5.00845e-11 -1.30677e-11 -1.30677e-11 0 0 0 -1.73177e-19 0 0 
1339.5 -1.25651e-13 0 0 0 0 0 -5.00845e-11 -1.30677e-11 -1.30677e-11 0 0 0 -1.73318e-19 0 0 
1340.62 -1.25651e-13 0 0 0 0 0 -5.00845e-11 -1.30677e-11 -1.30677e-11 0 0 0 -1.73458e-19 0 0 
1341.72 -1.25651e-13 0 0 0 0 0 -5.00845e-11 -1.30677e-11 -1.30677e-11 0 0 0 -1.73598e-19 0 0 
1342.83 -1.25651e-13 0 0 0 0 0 -5.00845e-11 -1.30677e-11 -1.30677e-11 0 0 0 -1.73736e-19 0 0 
1343.92 -1.25651e-13 0 0 0 0 0 -5.00845e-11 -1.30677e-11 -1.30677e-11 0 0 0 -1.73874e-19 0 0 
1345.01 -1.25651e-13 0 0 0 0 0 -5.00845e-11 -1.30677e-11 -1.30677e-11 0 0 0 -1.7401e-19 0 0 
1346.09 -1.25651e-13 0 0 0 0 0 -5.00845e-11 -1.30677e-11 -1.30677e-11 0 0 0 -1.74146e-19 0 0 
1347.16 -1.25651e-13 0 0 0 0 0 -5.00845e-11 -1.30677e-11 -1.30677e-11 0 0 0 -1.74281e-19 0 0 
1348.23 -1.25651e-13 0 0 0 0 0 -5.00845e-11 -1.30677e-11 -1.30677e-11 0 0 0 -1.74415e-19 0 0 
1349.29 -1.25651e-13 0 0 0 0 0 -5.00845e-11 -1.30677e-11 -1.30677e-11 0 0 0 -1.74548e-19 0 0 
1350.34 -1.25651e-13 0 0 0 0 0 -5.00845e-11 -1.30677e-11 -1.30677e-11 0 0 0 -1.7468e-19 0 0 
1351.38 -1.25651e-13 0 0 0 0 0 -5.00845e-11 -1.30677e-11 -1.30677e-11 0 0 0 -1.74811e-19 0 0 
1352.42 -1.25651e-13 0 0 0 0 0 -5.00845e-11 -1.30677e-11 -1.30677e-11 0 0 0 -1.74942e-19 0 0 
1353.45 -1.25651e-13 0 0 0 0 0 -5.00845e-11 -1.30677e-11 -1.30677e-11 0 0 0 -1.75071e-19 0 0 
1354.48 -1.25651e-13 0 0 0 0 0 -5.00845e-11 -1.30677e-11 -1.30677e-11 0 0 0 -1.752e-19 0 0 
1355.49 -1.25651e-13 0 0 0 0 0 -5.00845e-11 -1.30677e-11 -1.30677e-11 0 0 0 -1.75328e-19 0 0 
1356.5 -1.25651e-13 0 0 0 0 0 -5.00845e-11 -1.30677e-11 -1.30677e-11 0 0 0 -1.75455e-19 0 0 
1357.51 -1.25651e-13 0 0 0 0 0 -5.00845e-11 -1.30677e-11 -1.30677e-11 0 0 0 -1.75581e-19 0 0 
1358.51 -1.25651e-13 0 0 0 0 0 -5.00845e-11 -1.30677e-11 -1.30677e-11 0 0 0 -1.75706e-19 0 0 
1359.5 -1.25651e-13 0 0 0 0 0 -5.00845e-11 -1.30677e-11 -1.30677e-11 0 0 0 -1.75831e-19 0 0 
1360.48 -1.25651e-13 0 0 0 0 0 -5.00845e-11 -1.30677e-11 -1.30677e-11 0 0 0 -1.75954e-19 0 0 
1361.46 -1.25651e-13 0 0 0 0 0 -5.00845e-11 -1.30677e-11 -1.30677e-11 0 0 0 -1.76077e-19 0 0 
1362.43 -1.25651e-13 0 0 0 0 0 -5.00845e-11 -1.30677e-11 -1.30677e-11 0 0 0 -1.76199e-19 0 0 
1363.39 -1.25651e-13 0 0 0 0 0 -5.00845e-11 -1.30677e-11 -1.30677e-11 0 0 0 -1.7632e-19 0 0 
1364.35 -1.25651e-13 0 0 0 0 0 -5.00845e-11 -1.30677e-11 -1.30677e-11 0 0 0 -1.76441e-19 0 0 
1365.3 -1.25651e-13 0 0 0 0 0 -5.00845e-11 -1.30677e-11 -1.30677e-11 0 0 0 -1.76561e-19 0 0 
1366.25 -1.25651e-13 0 0 0 0 0 -5.00845e-11 -1.30677e-11 -1.30677e-11 0 0 0 -1.76679e-19 0 0 
1367.19 -1.25651e-13 0 0 0 0 0 -5.00845e-11 -1.30677e-11 -1.30677e-11 0 0 0 -1.76797e-19 0 0 
1368.12 -1.25651e-13 0 0 0 0 0 -5.00845e-11 -1.30677e-11 -1.30677e-11 0 0 0 -1.76915e-19 0 0 
1369.05 -1.25651e-13 0 0 0 0 0 -5.00845e-11 -1.30677e-11 -1.30677e-11 0 0 0 -1.77031e-19 0 0 
1369.97 -1.25651e-13 0 0 0 0 0 -5.00845e-11 -1.30677e-11 -1.30677e-11 0 0 0 -1.77147e-19 0 0 
1370.89 -1.25651e-13 0 0 0 0 0 -5.00845e-11 -1.30677e-11 -1.30677e-11 0 0 0 -1.77262e-19 0 0 
1371.8 -1.25651e-13 0 0 0 0 0 -5.00845e-11 -1.30677e-11 -1.30677e-11 0 0 0 -1.77376e-19 0 0 
1372.7 -1.25651e-13 0 0 0 0 0 -5.00845e-11 -1.30677e-11 -1.30677e-11 0 0 0 -1.7749e-19 0 0 
1373.6 -1.25651e-13 0 0 0 0 0 -5.00845e-11 -1.30677e-11 -1.30677e-11 0 0 0 -1.77602e-19 0 0 
1374.49 -1.25651e-13 0 0 0 0 0 -5.00845e-11 -1.30677e-11 -1.30677e-11 0 0 0 -1.77714e-19 0 0 
1375.37 -1.25651e-13 0 0 0 0 0 -5.00845e-11 -1.30677e-11 -1.30677e-11 0 0 0 -1.77825e-19 0 0 
1376.25 -1.25651e-13 0 0 0 0 0 -5.00845e-11 -1.30677e-11 -1.30677e-11 0 0 0 -1.77936e-19 0 0 
1377.12 -1.25651e-13 0 0 0 0 0 -5.00845e-11 -1.30677e-11 -1.30677e-11 0 0 0 -1.78046e-19 0 0 
1377.99 -1.25651e-13 0 0 0 0 0 -5.00845e-11 -1.30677e-11 -1.30677e-11 0 0 0 -1.78155e-19 0 0 
1378.85 -1.25651e-13 0 0 0 0 0 -5.00845e-11 -1.30677e-11 -1.30677e-11 0 0 0 -1.78263e-19 0 0 
1379.71 -1.25651e-13 0 0 0 0 0 -5.00845e-11 -1.30677e-11 -1.30677e-11 0 0 0 -1.78371e-19 0 0 
1380.56 -1.25651e-13 0 0 0 0 0 -5.00845e-11 -1.30677e-11 -1.30677e-11 0 0 0 -1.78477e-19 0 0 
1381.41 -1.25651e-13 0 0 0 0 0 -5.00845e-11 -1.30677e-11 -1.30677e-11 0 0 0 -1.78584e-19 0 0 
1382.24 -1.25651e-13 0 0 0 0 0 -5.00845e-11 -1.30677e-11 -1.30677e-11 0 0 0 -1.78689e-19 0 0 
1383.08 -1.25651e-13 0 0 0 0 0 -5.00845e-11 -1.30677e-11 -1.30677e-11 0 0 0 -1.78794e-19 0 0 
1383.91 -1.25651e-13 0 0 0 0 0 -5.00845e-11 -1.30677e-11 -1.30677e-11 0 0 0 -1.78898e-19 0 0 
1384.73 -1.25651e-13 0 0 0 0 0 -5.00845e-11 -1.30677e-11 -1.30677e-11 0 0 0 -1.79001e-19 0 0 
1385.55 -1.25651e-13 0 0 0 0 0 -5.00845e-11 -1.30677e-11 -1.30677e-11 0 0 0 -1.79104e-19 0 0 
1386.36 -1.25651e-13 0 0 0 0 0 -5.00845e-11 -1.30677e-11 -1.30677e-11 0 0 0 -1.79206e-19 0 0 
1387.16 -1.25651e-13 0 0 0 0 0 -5.00845e-11 -1.30677e-11 -1.30677e-11 0 0 0 -1.79307e-19 0 0 
1387.97 -1.25651e-13 0 0 0 0 0 -5.00845e-11 -1.30677e-11 -1.30677e-11 0 0 0 -1.79408e-19 0 0 
1388.76 -1.25651e-13 0 0 0 0 0 -5.00845e-11 -1.30677e-11 -1.30677e-11 0 0 0 -1.79508e-19 0 0 
1389.55 -1.25651e-13 0 0 0 0 0 -5.00845e-11 -1.30677e-11 -1.30677e-11 0 0 0 -1.79607e-19 0 0 
1390.34 -1.25651e-13 0 0 0 0 0 -5.00845e-11 -1.30677e-11 -1.30677e-11 0 0 0 -1.79706e-19 0 0 
1391.12 -1.25651e-13 0 0 0 0 0 -5.00845e-11 -1.30677e-11 -1.30677e-11 0 0 0 -1.79804e-19 0 0 
1391.89 -1.25651e-13 0 0 0 0 0 -5.00845e-11 -1.30677e-11 -1.30677e-11 0 0 0 -1.79901e-19 0 0 
1392.66 -1.25651e-13 0 0 0 0 0 -5.00845e-11 -1.30677e-11 -1.30677e-11 0 0 0 -1.79998e-19 0 0 
1393.43 -1.25651e-13 0 0 0 0 0 -5.00845e-11 -1.30677e-11 -1.30677e-11 0 0 0 -1.80094e-19 0 0 
1394.19 -1.25651e-13 0 0 0 0 0 -5.00845e-11 -1.30677e-11 -1.30677e-11 0 0 0 -1.8019e-19 0 0 
1394.94 -1.25651e-13 0 0 0 0 0 -5.00845e-11 -1.30677e-11 -1.30677e-11 0 0 0 -1.80285e-19 0 0 
1395.69 -1.25651e-13 0 0 0 0 0 -5.00845e-11 -1.30677e-11 -1.30677e-11 0 0 0 -1.80379e-19 0 0 
1396.44 -1.25651e-13 0 0 0 0 0 -5.00845e-11 -1.30677e-11 -1.30677e-11 0 0 0 -1.80472e-19 0 0 
1397.18 -1.25651e-13 0 0 0 0 0 -5.00845e-11 -1.30677e-11 -1.30677e-11 0 0 0 -1.80565e-19 0 0 
1397.91 -1.25651e-13 0 0 0 0 0 -5.00845e-11 -1.30677e-11 -1.30677e-11 0 0 0 -1.80658e-19 0 0 
1398.64 -1.25651e-13 0 0 0 0 0 -5.00845e-11 -1.30677e-11 -1.30677e-11 0 0 0 -1.80749e-19 0 0 
1399.37 -1.25651e-13 0 0 0 0 0 -5.00845e-11 -1.30677e-11 -1.30677e-11 0 0 0 -1.80841e-19 0 0 
1400.09 -1.25651e-13 0 0 0 0 0 -5.00845e-11 -1.30677e-11 -1.30677e-11 0 0 0 -1.80931e-19 0 0 
1400.8 -1.25651e-13 0 0 0 0 0 -5.00845e-11 -1.30677e-11 -1.30677e-11 0 0 0 -1.81021e-19 0 0 
1401.51 -1.25651e-13 0 0 0 0 0 -5.00845e-11 -1.30677e-11 -1.30677e-11 0 0 0 -1.8111e-19 0 0 
1402.22 -1.25651e-13 0 0 0 0 0 -5.00845e-11 -1.30677e-11 -1.30677e-11 0 0 0 -1.81199e-19 0 0 
1402.92 -1.25651e-13 0 0 0 0 0 -5.00845e-11 -1.30677e-11 -1.30677e-11 0 0 0 -1.81287e-19 0 0 
1403.62 -1.25651e-13 0 0 0 0 0 -5.00845e-11 -1.30677e-11 -1.30677e-11 0 0 0 -1.81375e-19 0 0 
1404.31 -1.25651e-13 0 0 0 0 0 -5.00845e-11 -1.30677e-11 -1.30677e-11 0 0 0 -1.81462e-19 0 0 
1405 -1.25651e-13 0 0 0 0 0 -5.00845e-11 -1.30677e-11 -1.30677e-11 0 0 0 -1.81548e-19 0 0 
1405.68 -1.25651e-13 0 0 0 0 0 -5.00845e-11 -1.30677e-11 -1.30677e-11 0 0 0 -1.81634e-19 0 0 
1406.36 -1.25651e-13 0 0 0 0 0 -5.00845e-11 -1.30677e-11 -1.30677e-11 0 0 0 -1.81719e-19 0 0 
1407.04 -1.25651e-13 0 0 0 0 0 -5.00845e-11 -1.30677e-11 -1.30677e-11 0 0 0 -1.81804e-19 0 0 
1407.71 -1.25651e-13 0 0 0 0 0 -5.00845e-11 -1.30677e-11 -1.30677e-11 0 0 0 -1.81888e-19 0 0 
1408.37 -1.25651e-13 0 0 0 0 0 -5.00845e-11 -1.30677e-11 -1.30677e-11 0 0 0 -1.81972e-19 0 0 
1409.03 -1.25651e-13 0 0 0 0 0 -5.00845e-11 -1.30677e-11 -1.30677e-11 0 0 0 -1.82055e-19 0 0 
1409.69 -1.25651e-13 0 0 0 0 0 -5.00845e-11 -1.30677e-11 -1.30677e-11 0 0 0 -1.82137e-19 0 0 
1410.34 -1.25651e-13 0 0 0 0 0 -5.00845e-11 -1.30677e-11 -1.30677e-11 0 0 0 -1.82219e-19 0 0 
1410.99 -1.25651e-13 0 0 0 0 0 -5.00845e-11 -1.30677e-11 -1.30677e-11 0 0 0 -1.82301e-19 0 0 
1411.63 -1.25651e-13 0 0 0 0 0 -5.00845e-11 -1.30677e-11 -1.30677e-11 0 0 0 -1.82382e-19 0 0 
1412.27 -1.25651e-13 0 0 0 0 0 -5.00845e-11 -1.30677e-11 -1.30677e-11 0 0 0 -1.82462e-19 0 0 
1412.91 -1.25651e-13 0 0 0 0 0 -5.00845e-11 -1.30677e-11 -1.30677e-11 0 0 0 -1.82542e-19 0 0 
1413.54 -1.25651e-13 0 0 0 0 0 -5.00845e-11 -1.30677e-11 -1.30677e-11 0 0 0 -1.82621e-19 0 0 
1414.17 -1.25651e-13 0 0 0 0 0 -5.00845e-11 -1.30677e-11 -1.30677e-11 0 0 0 -1.827e-19 0 0 
1414.79 -1.25651e-13 0 0 0 0 0 -5.00845e-11 -1.30677e-11 -1.30677e-11 0 0 0 -1.82778e-19 0 0 
1415.41 -1.25651e-13 0 0 0 0 0 -5.00845e-11 -1.30677e-11 -1.30677e-11 0 0 0 -1.82856e-19 0 0 
1416.02 -1.25651e-13 0 0 0 0 0 -5.00845e-11 -1.30677e-11 -1.30677e-11 0 0 0 -1.82933e-19 0 0 
1416.63 -1.25651e-13 0 0 0 0 0 -5.00845e-11 -1.30677e-11 -1.30677e-11 0 0 0 -1.8301e-19 0 0 
1417.24 -1.25651e-13 0 0 0 0 0 -5.00845e-11 -1.30677e-11 -1.30677e-11 0 0 0 -1.83086e-19 0 0 
1417.84 -1.25651e-13 0 0 0 0 0 -5.00845e-11 -1.30677e-11 -1.30677e-11 0 0 0 -1.83162e-19 0 0 
1418.44 -1.25651e-13 0 0 0 0 0 -5.00845e-11 -1.30677e-11 -1.30677e-11 0 0 0 -1.83237e-19 0 0 
1419.03 -1.25651e-13 0 0 0 0 0 -5.00845e-11 -1.30677e-11 -1.30677e-11 0 0 0 -1.83311e-19 0 0 
1419.62 -1.25651e-13 0 0 0 0 0 -5.00845e-11 -1.30677e-11 -1.30677e-11 0 0 0 -1.83386e-19 0 0 
1420.21 -1.25651e-13 0 0 0 0 0 -5.00845e-11 -1.30677e-11 -1.30677e-11 0 0 0 -1.83459e-19 0 0 
1420.79 -1.25651e-13 0 0 0 0 0 -5.00845e-11 -1.30677e-11 -1.30677e-11 0 0 0 -1.83533e-19 0 0 
1421.37 -1.25651e-13 0 0 0 0 0 -5.00845e-11 -1.30677e-11 -1.30677e-11 0 0 0 -1.83605e-19 0 0 
1421.95 -1.25651e-13 0 0 0 0 0 -5.00845e-11 -1.30677e-11 -1.30677e-11 0 0 0 -1.83678e-19 0 0 
1422.52 -1.25651e-13 0 0 0 0 0 -5.00845e-11 -1.30677e-11 -1.30677e-11 0 0 0 -1.83749e-19 0 0 
1423.08 -1.25651e-13 0 0 0 0 0 -5.00845e-11 -1.30677e-11 -1.30677e-11 0 0 0 -1.83821e-19 0 0 
1423.65 -1.25651e-13 0 0 0 0 0 -5.00845e-11 -1.30677e-11 -1.30677e-11 0 0 0 -1.83891e-19 0 0 
1424.21 -1.25651e-13 0 0 0 0 0 -5.00845e-11 -1.30677e-11 -1.30677e-11 0 0 0 -1.83962e-19 0 0 
1424.76 -1.25651e-13 0 0 0 0 0 -5.00845e-11 -1.30677e-11 -1.30677e-11 0 0 0 -1.84032e-19 0 0 
1425.32 -1.25651e-13 0 0 0 0 0 -5.00845e-11 -1.30677e-11 -1.30677e-11 0 0 0 -1.84101e-19 0 0 
1425.87 -1.25651e-13 0 0 0 0 0 -5.00845e-11 -1.30677e-11 -1.30677e-11 0 0 0 -1.8417e-19 0 0 
1426.41 -1.25651e-13 0 0 0 0 0 -5.00845e-11 -1.30677e-11 -1.30677e-11 0 0 0 -1.84239e-19 0 0 
1426.95 -1.25651e-13 0 0 0 0 0 -5.00845e-11 -1.30677e-11 -1.30677e-11 0 0 0 -1.84307e-19 0 0 
1427.49 -1.25651e-13 0 0 0 0 0 -5.00845e-11 -1.30677e-11 -1.30677e-11 0 0 0 -1.84374e-19 0 0 
1428.02 -1.25651e-13 0 0 0 0 0 -5.00845e-11 -1.30677e-11 -1.30677e-11 0 0 0 -1.84441e-19 0 0 
1428.56 -1.25651e-13 0 0 0 0 0 -5.00845e-11 -1.30677e-11 -1.30677e-11 0 0 0 -1.84508e-19 0 0 
1429.08 -1.25651e-13 0 0 0 0 0 -5.00845e-11 -1.30677e-11 -1.30677e-11 0 0 0 -1.84574e-19 0 0 
1429.61 -1.25651e-13 0 0 0 0 0 -5.00845e-11 -1.30677e-11 -1.30677e-11 0 0 0 -1.8464e-19 0 0 
1430.13 -1.25651e-13 0 0 0 0 0 -5.00845e-11 -1.30677e-11 -1.30677e-11 0 0 0 -1.84706e-19 0 0 
1430.64 -1.25651e-13 0 0 0 0 0 -5.00845e-11 -1.30677e-11 -1.30677e-11 0 0 0 -1.84771e-19 0 0 
1431.16 -1.25651e-13 0 0 0 0 0 -5.00845e-11 -1.30677e-11 -1.30677e-11 0 0 0 -1.84835e-19 0 0 
1431.67 -1.25651e-13 0 0 0 0 0 -5.00845e-11 -1.30677e-11 -1.30677e-11 0 0 0 -1.84899e-19 0 0 
1432.18 -1.25651e-13 0 0 0 0 0 -5.00845e-11 -1.30677e-11 -1.30677e-11 0 0 0 -1.84963e-19 0 0 
1432.68 -1.25651e-13 0 0 0 0 0 -5.00845e-11 -1.30677e-11 -1.30677e-11 0 0 0 -1.85026e-19 0 0 
1433.18 -1.25651e-13 0 0 0 0 0 -5.00845e-11 -1.30677e-11 -1.30677e-11 0 0 0 -1.85089e-19 0 0 
1433.68 -1.25651e-13 0 0 0 0 0 -5.00845e-11 -1.30677e-11 -1.30677e-11 0 0 0 -1.85151e-19 0 0 
1434.17 -1.25651e-13 0 0 0 0 0 -5.00845e-11 -1.30677e-11 -1.30677e-11 0 0 0 -1.85213e-19 0 0 
1434.66 -1.25651e-13 0 0 0 0 0 -5.00845e-11 -1.30677e-11 -1.30677e-11 0 0 0 -1.85275e-19 0 0 
1435.15 -1.25651e-13 0 0 0 0 0 -5.00845e-11 -1.30677e-11 -1.30677e-11 0 0 0 -1.85336e-19 0 0 
1435.63 -1.25651e-13 0 0 0 0 0 -5.00845e-11 -1.30677e-11 -1.30677e-11 0 0 0 -1.85397e-19 0 0 
1436.11 -1.25651e-13 0 0 0 0 0 -5.00845e-11 -1.30677e-11 -1.30677e-11 0 0 0 -1.85457e-19 0 0 
1436.59 -1.25651e-13 0 0 0 0 0 -5.00845e-11 -1.30677e-11 -1.30677e-11 0 0 0 -1.85517e-19 0 0 
1437.06 -1.25651e-13 0 0 0 0 0 -5.00845e-11 -1.30677e-11 -1.30677e-11 0 0 0 -1.85577e-19 0 0 
1437.53 -1.25651e-13 0 0 0 0 0 -5.00845e-11 -1.30677e-11 -1.30677e-11 0 0 0 -1.85636e-19 0 0 
1438 -1.25651e-13 0 0 0 0 0 -5.00845e-11 -1.30677e-11 -1.30677e-11 0 0 0 -1.85695e-19 0 0 
1438.47 -1.25651e-13 0 0 0 0 0 -5.00845e-11 -1.30677e-11 -1.30677e-11 0 0 0 -1.85753e-19 0 0 
1438.93 -1.25651e-13 0 0 0 0 0 -5.00845e-11 -1.30677e-11 -1.30677e-11 0 0 0 -1.85812e-19 0 0 
1439.39 -1.25651e-13 0 0 0 0 0 -5.00845e-11 -1.30677e-11 -1.30677e-11 0 0 0 -1.85869e-19 0 0 
1439.84 -1.25651e-13 0 0 0 0 0 -5.00845e-11 -1.30677e-11 -1.30677e-11 0 0 0 -1.85926e-19 0 0 
1440.3 -1.25651e-13 0 0 0 0 0 -5.00845e-11 -1.30677e-11 -1.30677e-11 0 0 0 -1.85983e-19 0 0 
1440.75 -1.25651e-13 0 0 0 0 0 -5.00845e-11 -1.30677e-11 -1.30677e-11 0 0 0 -1.8604e-19 0 0 
1441.19 -1.25651e-13 0 0 0 0 0 -5.00845e-11 -1.30677e-11 -1.30677e-11 0 0 0 -1.86096e-19 0 0 
1441.64 -1.25651e-13 0 0 0 0 0 -5.00845e-11 -1.30677e-11 -1.30677e-11 0 0 0 -1.86152e-19 0 0 
1442.08 -1.25651e-13 0 0 0 0 0 -5.00845e-11 -1.30677e-11 -1.30677e-11 0 0 0 -1.86207e-19 0 0 
1442.52 -1.25651e-13 0 0 0 0 0 -5.00845e-11 -1.30677e-11 -1.30677e-11 0 0 0 -1.86262e-19 0 0 
1442.95 -1.25651e-13 0 0 0 0 0 -5.00845e-11 -1.30677e-11 -1.30677e-11 0 0 0 -1.86317e-19 0 0 
1443.38 -1.25651e-13 0 0 0 0 0 -5.00845e-11 -1.30677e-11 -1.30677e-11 0 0 0 -1.86371e-19 0 0 
1443.81 -1.25651e-13 0 0 0 0 0 -5.00845e-11 -1.30677e-11 -1.30677e-11 0 0 0 -1.86425e-19 0 0 
1444.24 -1.25651e-13 0 0 0 0 0 -5.00845e-11 -1.30677e-11 -1.30677e-11 0 0 0 -1.86479e-19 0 0 
1444.66 -1.25651e-13 0 0 0 0 0 -5.00845e-11 -1.30677e-11 -1.30677e-11 0 0 0 -1.86532e-19 0 0 
1445.08 -1.25651e-13 0 0 0 0 0 -5.00845e-11 -1.30677e-11 -1.30677e-11 0 0 0 -1.86585e-19 0 0 
1445.5 -1.25651e-13 0 0 0 0 0 -5.00845e-11 -1.30677e-11 -1.30677e-11 0 0 0 -1.86637e-19 0 0 
1445.92 -1.25651e-13 0 0 0 0 0 -5.00845e-11 -1.30677e-11 -1.30677e-11 0 0 0 -1.8669e-19 0 0 
1446.33 -1.25651e-13 0 0 0 0 0 -5.00845e-11 -1.30677e-11 -1.30677e-11 0 0 0 -1.86741e-19 0 0 
1446.74 -1.25651e-13 0 0 0 0 0 -5.00845e-11 -1.30677e-11 -1.30677e-11 0 0 0 -1.86793e-19 0 0 
1447.15 -1.25651e-13 0 0 0 0 0 -5.00845e-11 -1.30677e-11 -1.30677e-11 0 0 0 -1.86844e-19 0 0 
1447.55 -1.25651e-13 0 0 0 0 0 -5.00845e-11 -1.30677e-11 -1.30677e-11 0 0 0 -1.86895e-19 0 0 
1447.95 -1.25651e-13 0 0 0 0 0 -5.00845e-11 -1.30677e-11 -1.30677e-11 0 0 0 -1.86945e-19 0 0 
1448.35 -1.25651e-13 0 0 0 0 0 -5.00845e-11 -1.30677e-11 -1.30677e-11 0 0 0 -1.86996e-19 0 0 
1448.75 -1.25651e-13 0 0 0 0 0 -5.00845e-11 -1.30677e-11 -1.30677e-11 0 0 0 -1.87045e-19 0 0 
1449.14 -1.25651e-13 0 0 0 0 0 -5.00845e-11 -1.30677e-11 -1.30677e-11 0 0 0 -1.87095e-19 0 0 
1449.53 -1.25651e-13 0 0 0 0 0 -5.00845e-11 -1.30677e-11 -1.30677e-11 0 0 0 -1.87144e-19 0 0 
1449.92 -1.25651e-13 0 0 0 0 0 -5.00845e-11 -1.30677e-11 -1.30677e-11 0 0 0 -1.87193e-19 0 0 
1450.31 -1.25651e-13 0 0 0 0 0 -5.00845e-11 -1.30677e-11 -1.30677e-11 0 0 0 -1.87241e-19 0 0 
1450.69 -1.25651e-13 0 0 0 0 0 -5.00845e-11 -1.30677e-11 -1.30677e-11 0 0 0 -1.8729e-19 0 0 
1451.07 -1.25651e-13 0 0 0 0 0 -5.00845e-11 -1.30677e-11 -1.30677e-11 0 0 0 -1.87337e-19 0 0 
1451.45 -1.25651e-13 0 0 0 0 0 -5.00845e-11 -1.30677e-11 -1.30677e-11 0 0 0 -1.87385e-19 0 0 
1451.83 -1.25651e-13 0 0 0 0 0 -5.00845e-11 -1.30677e-11 -1.30677e-11 0 0 0 -1.87432e-19 0 0 
1452.2 -1.25651e-13 0 0 0 0 0 -5.00845e-11 -1.30677e-11 -1.30677e-11 0 0 0 -1.87479e-19 0 0 
1452.57 -1.25651e-13 0 0 0 0 0 -5.00845e-11 -1.30677e-11 -1.30677e-11 0 0 0 -1.87526e-19 0 0 
1452.94 -1.25651e-13 0 0 0 0 0 -5.00845e-11 -1.30677e-11 -1.30677e-11 0 0 0 -1.87572e-19 0 0 
1453.31 -1.25651e-13 0 0 0 0 0 -5.00845e-11 -1.30677e-11 -1.30677e-11 0 0 0 -1.87618e-19 0 0 
1453.67 -1.25651e-13 0 0 0 0 0 -5.00845e-11 -1.30677e-11 -1.30677e-11 0 0 0 -1.87664e-19 0 0 
1454.03 -1.25651e-13 0 0 0 0 0 -5.00845e-11 -1.30677e-11 -1.30677e-11 0 0 0 -1.87709e-19 0 0 
1454.39 -1.25651e-13 0 0 0 0 0 -5.00845e-11 -1.30677e-11 -1.30677e-11 0 0 0 -1.87754e-19 0 0 
1454.75 -1.25651e-13 0 0 0 0 0 -5.00845e-11 -1.30677e-11 -1.30677e-11 0 0 0 -1.87799e-19 0 0 
1455.1 -1.25651e-13 0 0 0 0 0 -5.00845e-11 -1.30677e-11 -1.30677e-11 0 0 0 -1.87844e-19 0 0 
1455.45 -1.25651e-13 0 0 0 0 0 -5.00845e-11 -1.30677e-11 -1.30677e-11 0 0 0 -1.87888e-19 0 0 
1455.8 -1.25651e-13 0 0 0 0 0 -5.00845e-11 -1.30677e-11 -1.30677e-11 0 0 0 -1.87932e-19 0 0 
1456.15 -1.25651e-13 0 0 0 0 0 -5.00845e-11 -1.30677e-11 -1.30677e-11 0 0 0 -1.87975e-19 0 0 
1456.5 -1.25651e-13 0 0 0 0 0 -5.00845e-11 -1.30677e-11 -1.30677e-11 0 0 0 -1.88019e-19 0 0 
1456.84 -1.25651e-13 0 0 0 0 0 -5.00845e-11 -1.30677e-11 -1.30677e-11 0 0 0 -1.88062e-19 0 0 
1457.18 -1.25651e-13 0 0 0 0 0 -5.00845e-11 -1.30677e-11 -1.30677e-11 0 0 0 -1.88105e-19 0 0 
1457.52 -1.25651e-13 0 0 0 0 0 -5.00845e-11 -1.30677e-11 -1.30677e-11 0 0 0 -1.88147e-19 0 0 
1457.85 -1.25651e-13 0 0 0 0 0 -5.00845e-11 -1.30677e-11 -1.30677e-11 0 0 0 -1.88189e-19 0 0 
1458.19 -1.25651e-13 0 0 0 0 0 -5.00845e-11 -1.30677e-11 -1.30677e-11 0 0 0 -1.88231e-19 0 0 
1458.52 -1.25651e-13 0 0 0 0 0 -5.00845e-11 -1.30677e-11 -1.30677e-11 0 0 0 -1.88273e-19 0 0 
1458.85 -1.25651e-13 0 0 0 0 0 -5.00845e-11 -1.30677e-11 -1.30677e-11 0 0 0 -1.88314e-19 0 0 
1459.17 -1.25651e-13 0 0 0 0 0 -5.00845e-11 -1.30677e-11 -1.30677e-11 0 0 0 -1.88355e-19 0 0 
1459.5 -1.25651e-13 0 0 0 0 0 -5.00845e-11 -1.30677e-11 -1.30677e-11 0 0 0 -1.88396e-19 0 0 
1459.82 -1.25651e-13 0 0 0 0 0 -5.00845e-11 -1.30677e-11 -1.30677e-11 0 0 0 -1.88437e-19 0 0 
1460.14 -1.25651e-13 0 0 0 0 0 -5.00845e-11 -1.30677e-11 -1.30677e-11 0 0 0 -1.88477e-19 0 0 
1460.46 -1.25651e-13 0 0 0 0 0 -5.00845e-11 -1.30677e-11 -1.30677e-11 0 0 0 -1.88517e-19 0 0 
1460.78 -1.25651e-13 0 0 0 0 0 -5.00845e-11 -1.30677e-11 -1.30677e-11 0 0 0 -1.88557e-19 0 0 
1461.09 -1.25651e-13 0 0 0 0 0 -5.00845e-11 -1.30677e-11 -1.30677e-11 0 0 0 -1.88596e-19 0 0 
1461.4 -1.25651e-13 0 0 0 0 0 -5.00845e-11 -1.30677e-11 -1.30677e-11 0 0 0 -1.88635e-19 0 0 
1461.71 -1.25651e-13 0 0 0 0 0 -5.00845e-11 -1.30677e-11 -1.30677e-11 0 0 0 -1.88674e-19 0 0 
1462.02 -1.25651e-13 0 0 0 0 0 -5.00845e-11 -1.30677e-11 -1.30677e-11 0 0 0 -1.88713e-19 0 0 
1462.33 -1.25651e-13 0 0 0 0 0 -5.00845e-11 -1.30677e-11 -1.30677e-11 0 0 0 -1.88752e-19 0 0 
1462.63 -1.25651e-13 0 0 0 0 0 -5.00845e-11 -1.30677e-11 -1.30677e-11 0 0 0 -1.8879e-19 0 0 
1462.93 -1.25651e-13 0 0 0 0 0 -5.00845e-11 -1.30677e-11 -1.30677e-11 0 0 0 -1.88828e-19 0 0 
1463.23 -1.25651e-13 0 0 0 0 0 -5.00845e-11 -1.30677e-11 -1.30677e-11 0 0 0 -1.88865e-19 0 0 
1463.53 -1.25651e-13 0 0 0 0 0 -5.00845e-11 -1.30677e-11 -1.30677e-11 0 0 0 -1.88903e-19 0 0 
1463.83 -1.25651e-13 0 0 0 0 0 -5.00845e-11 -1.30677e-11 -1.30677e-11 0 0 0 -1.8894e-19 0 0 
1464.12 -1.25651e-13 0 0 0 0 0 -5.00845e-11 -1.30677e-11 -1.30677e-11 0 0 0 -1.88977e-19 0 0 
1464.41 -1.25651e-13 0 0 0 0 0 -5.00845e-11 -1.30677e-11 -1.30677e-11 0 0 0 -1.89014e-19 0 0 
1464.7 -1.25651e-13 0 0 0 0 0 -5.00845e-11 -1.30677e-11 -1.30677e-11 0 0 0 -1.8905e-19 0 0 
1464.99 -1.25651e-13 0 0 0 0 0 -5.00845e-11 -1.30677e-11 -1.30677e-11 0 0 0 -1.89086e-19 0 0 
1465.28 -1.25651e-13 0 0 0 0 0 -5.00845e-11 -1.30677e-11 -1.30677e-11 0 0 0 -1.89122e-19 0 0 
1465.56 -1.25651e-13 0 0 0 0 0 -5.00845e-11 -1.30677e-11 -1.30677e-11 0 0 0 -1.89158e-19 0 0 
1465.85 -1.25651e-13 0 0 0 0 0 -5.00845e-11 -1.30677e-11 -1.30677e-11 0 0 0 -1.89194e-19 0 0 
1466.13 -1.25651e-13 0 0 0 0 0 -5.00845e-11 -1.30677e-11 -1.30677e-11 0 0 0 -1.89229e-19 0 0 
1466.41 -1.25651e-13 0 0 0 0 0 -5.00845e-11 -1.30677e-11 -1.30677e-11 0 0 0 -1.89264e-19 0 0 
1466.68 -1.25651e-13 0 0 0 0 0 -5.00845e-11 -1.30677e-11 -1.30677e-11 0 0 0 -1.89299e-19 0 0 
1466.96 -1.25651e-13 0 0 0 0 0 -5.00845e-11 -1.30677e-11 -1.30677e-11 0 0 0 -1.89333e-19 0 0 
1467.23 -1.25651e-13 0 0 0 0 0 -5.00845e-11 -1.30677e-11 -1.30677e-11 0 0 0 -1.89368e-19 0 0 
1467.5 -1.25651e-13 0 0 0 0 0 -5.00845e-11 -1.30677e-11 -1.30677e-11 0 0 0 -1.89402e-19 0 0 
1467.77 -1.25651e-13 0 0 0 0 0 -5.00845e-11 -1.30677e-11 -1.30677e-11 0 0 0 -1.89436e-19 0 0 
1468.04 -1.25651e-13 0 0 0 0 0 -5.00845e-11 -1.30677e-11 -1.30677e-11 0 0 0 -1.8947e-19 0 0 
1468.31 -1.25651e-13 0 0 0 0 0 -5.00845e-11 -1.30677e-11 -1.30677e-11 0 0 0 -1.89503e-19 0 0 
1468.57 -1.25651e-13 0 0 0 0 0 -5.00845e-11 -1.30677e-11 -1.30677e-11 0 0 0 -1.89536e-19 0 0 
1468.84 -1.25651e-13 0 0 0 0 0 -5.00845e-11 -1.30677e-11 -1.30677e-11 0 0 0 -1.89569e-19 0 0 
1469.1 -1.25651e-13 0 0 0 0 0 -5.00845e-11 -1.30677e-11 -1.30677e-11 0 0 0 -1.89602e-19 0 0 
1469.36 -1.25651e-13 0 0 0 0 0 -5.00845e-11 -1.30677e-11 -1.30677e-11 0 0 0 -1.89635e-19 0 0 
1469.61 -1.25651e-13 0 0 0 0 0 -5.00845e-11 -1.30677e-11 -1.30677e-11 0 0 0 -1.89667e-19 0 0 
1469.87 -1.25651e-13 0 0 0 0 0 -5.00845e-11 -1.30677e-11 -1.30677e-11 0 0 0 -1.89699e-19 0 0 
1470.12 -1.25651e-13 0 0 0 0 0 -5.00845e-11 -1.30677e-11 -1.30677e-11 0 0 0 -1.89731e-19 0 0 
1470.38 -1.25651e-13 0 0 0 0 0 -5.00845e-11 -1.30677e-11 -1.30677e-11 0 0 0 -1.89763e-19 0 0 
1470.63 -1.25651e-13 0 0 0 0 0 -5.00845e-11 -1.30677e-11 -1.30677e-11 0 0 0 -1.89794e-19 0 0 
1470.88 -1.25651e-13 0 0 0 0 0 -5.00845e-11 -1.30677e-11 -1.30677e-11 0 0 0 -1.89826e-19 0 0 
1471.12 -1.25651e-13 0 0 0 0 0 -5.00845e-11 -1.30677e-11 -1.30677e-11 0 0 0 -1.89857e-19 0 0 
1471.37 -1.25651e-13 0 0 0 0 0 -5.00845e-11 -1.30677e-11 -1.30677e-11 0 0 0 -1.89888e-19 0 0 
1471.61 -1.25651e-13 0 0 0 0 0 -5.00845e-11 -1.30677e-11 -1.30677e-11 0 0 0 -1.89918e-19 0 0 
1471.86 -1.25651e-13 0 0 0 0 0 -5.00845e-11 -1.30677e-11 -1.30677e-11 0 0 0 -1.89949e-19 0 0 
1472.1 -1.25651e-13 0 0 0 0 0 -5.00845e-11 -1.30677e-11 -1.30677e-11 0 0 0 -1.89979e-19 0 0 
1472.34 -1.25651e-13 0 0 0 0 0 -5.00845e-11 -1.30677e-11 -1.30677e-11 0 0 0 -1.90009e-19 0 0 
1472.57 -1.25651e-13 0 0 0 0 0 -5.00845e-11 -1.30677e-11 -1.30677e-11 0 0 0 -1.90039e-19 0 0 
1472.81 -1.25651e-13 0 0 0 0 0 -5.00845e-11 -1.30677e-11 -1.30677e-11 0 0 0 -1.90069e-19 0 0 
1473.05 -1.25651e-13 0 0 0 0 0 -5.00845e-11 -1.30677e-11 -1.30677e-11 0 0 0 -1.90098e-19 0 0 
1473.28 -1.25651e-13 0 0 0 0 0 -5.00845e-11 -1.30677e-11 -1.30677e-11 0 0 0 -1.90128e-19 0 0 
1473.51 -1.25651e-13 0 0 0 0 0 -5.00845e-11 -1.30677e-11 -1.30677e-11 0 0 0 -1.90157e-19 0 0 
1473.74 -1.25651e-13 0 0 0 0 0 -5.00845e-11 -1.30677e-11 -1.30677e-11 0 0 0 -1.90186e-19 0 0 
1473.97 -1.25651e-13 0 0 0 0 0 -5.00845e-11 -1.30677e-11 -1.30677e-11 0 0 0 -1.90214e-19 0 0 
1474.2 -1.25651e-13 0 0 0 0 0 -5.00845e-11 -1.30677e-11 -1.30677e-11 0 0 0 -1.90243e-19 0 0 
1474.42 -1.25651e-13 0 0 0 0 0 -5.00845e-11 -1.30677e-11 -1.30677e-11 0 0 0 -1.90271e-19 0 0 
1474.65 -1.25651e-13 0 0 0 0 0 -5.00845e-11 -1.30677e-11 -1.30677e-11 0 0 0 -1.90299e-19 0 0 
1474.87 -1.25651e-13 0 0 0 0 0 -5.00845e-11 -1.30677e-11 -1.30677e-11 0 0 0 -1.90327e-19 0 0 
1475.09 -1.25651e-13 0 0 0 0 0 -5.00845e-11 -1.30677e-11 -1.30677e-11 0 0 0 -1.90355e-19 0 0 
1475.31 -1.25651e-13 0 0 0 0 0 -5.00845e-11 -1.30677e-11 -1.30677e-11 0 0 0 -1.90383e-19 0 0 
1475.53 -1.25651e-13 0 0 0 0 0 -5.00845e-11 -1.30677e-11 -1.30677e-11 0 0 0 -1.9041e-19 0 0 
1475.74 -1.25651e-13 0 0 0 0 0 -5.00845e-11 -1.30677e-11 -1.30677e-11 0 0 0 -1.90437e-19 0 0 
1475.96 -1.25651e-13 0 0 0 0 0 -5.00845e-11 -1.30677e-11 -1.30677e-11 0 0 0 -1.90464e-19 0 0 
1476.17 -1.25651e-13 0 0 0 0 0 -5.00845e-11 -1.30677e-11 -1.30677e-11 0 0 0 -1.90491e-19 0 0 
1476.39 -1.25651e-13 0 0 0 0 0 -5.00845e-11 -1.30677e-11 -1.30677e-11 0 0 0 -1.90518e-19 0 0 
1476.6 -1.25651e-13 0 0 0 0 0 -5.00845e-11 -1.30677e-11 -1.30677e-11 0 0 0 -1.90544e-19 0 0 
1476.81 -1.25651e-13 0 0 0 0 0 -5.00845e-11 -1.30677e-11 -1.30677e-11 0 0 0 -1.90571e-19 0 0 
1477.01 -1.25651e-13 0 0 0 0 0 -5.00845e-11 -1.30677e-11 -1.30677e-11 0 0 0 -1.90597e-19 0 0 
1477.22 -1.25651e-13 0 0 0 0 0 -5.00845e-11 -1.30677e-11 -1.30677e-11 0 0 0 -1.90623e-19 0 0 
1477.43 -1.25651e-13 0 0 0 0 0 -5.00845e-11 -1.30677e-11 -1.30677e-11 0 0 0 -1.90649e-19 0 0 
1477.63 -1.25651e-13 0 0 0 0 0 -5.00845e-11 -1.30677e-11 -1.30677e-11 0 0 0 -1.90674e-19 0 0 
1477.83 -1.25651e-13 0 0 0 0 0 -5.00845e-11 -1.30677e-11 -1.30677e-11 0 0 0 -1.907e-19 0 0 
1478.04 -1.25651e-13 0 0 0 0 0 -5.00845e-11 -1.30677e-11 -1.30677e-11 0 0 0 -1.90725e-19 0 0 
1478.24 -1.25651e-13 0 0 0 0 0 -5.00845e-11 -1.30677e-11 -1.30677e-11 0 0 0 -1.9075e-19 0 0 
1478.43 -1.25651e-13 0 0 0 0 0 -5.00845e-11 -1.30677e-11 -1.30677e-11 0 0 0 -1.90775e-19 0 0 
1478.63 -1.25651e-13 0 0 0 0 0 -5.00845e-11 -1.30677e-11 -1.30677e-11 0 0 0 -1.908e-19 0 0 
1478.83 -1.25651e-13 0 0 0 0 0 -5.00845e-11 -1.30677e-11 -1.30677e-11 0 0 0 -1.90825e-19 0 0 
1479.02 -1.25651e-13 0 0 0 0 0 -5.00845e-11 -1.30677e-11 -1.30677e-11 0 0 0 -1.90849e-19 0 0 
1479.22 -1.25651e-13 0 0 0 0 0 -5.00845e-11 -1.30677e-11 -1.30677e-11 0 0 0 -1.90874e-19 0 0 
1479.41 -1.25651e-13 0 0 0 0 0 -5.00845e-11 -1.30677e-11 -1.30677e-11 0 0 0 -1.90898e-19 0 0 
1479.6 -1.25651e-13 0 0 0 0 0 -5.00845e-11 -1.30677e-11 -1.30677e-11 0 0 0 -1.90922e-19 0 0 
1479.79 -1.25651e-13 0 0 0 0 0 -5.00845e-11 -1.30677e-11 -1.30677e-11 0 0 0 -1.90946e-19 0 0 
1479.98 -1.25651e-13 0 0 0 0 0 -5.00845e-11 -1.30677e-11 -1.30677e-11 0 0 0 -1.90969e-19 0 0 
1480.17 -1.25651e-13 0 0 0 0 0 -5.00845e-11 -1.30677e-11 -1.30677e-11 0 0 0 -1.90993e-19 0 0 
1480.35 -1.25651e-13 0 0 0 0 0 -5.00845e-11 -1.30677e-11 -1.30677e-11 0 0 0 -1.91016e-19 0 0 
1480.54 -1.25651e-13 0 0 0 0 0 -5.00845e-11 -1.30677e-11 -1.30677e-11 0 0 0 -1.9104e-19 0 0 
1480.72 -1.25651e-13 0 0 0 0 0 -5.00845e-11 -1.30677e-11 -1.30677e-11 0 0 0 -1.91063e-19 0 0 
1480.9 -1.25651e-13 0 0 0 0 0 -5.00845e-11 -1.30677e-11 -1.30677e-11 0 0 0 -1.91086e-19 0 0 
1481.08 -1.25651e-13 0 0 0 0 0 -5.00845e-11 -1.30677e-11 -1.30677e-11 0 0 0 -1.91108e-19 0 0 
1481.26 -1.25651e-13 0 0 0 0 0 -5.00845e-11 -1.30677e-11 -1.30677e-11 0 0 0 -1.91131e-19 0 0 
1481.44 -1.25651e-13 0 0 0 0 0 -5.00845e-11 -1.30677e-11 -1.30677e-11 0 0 0 -1.91153e-19 0 0 
1481.62 -1.25651e-13 0 0 0 0 0 -5.00845e-11 -1.30677e-11 -1.30677e-11 0 0 0 -1.91176e-19 0 0 
1481.8 -1.25651e-13 0 0 0 0 0 -5.00845e-11 -1.30677e-11 -1.30677e-11 0 0 0 -1.91198e-19 0 0 
1481.97 -1.25651e-13 0 0 0 0 0 -5.00845e-11 -1.30677e-11 -1.30677e-11 0 0 0 -1.9122e-19 0 0 
1482.15 -1.25651e-13 0 0 0 0 0 -5.00845e-11 -1.30677e-11 -1.30677e-11 0 0 0 -1.91242e-19 0 0 
1482.32 -1.25651e-13 0 0 0 0 0 -5.00845e-11 -1.30677e-11 -1.30677e-11 0 0 0 -1.91263e-19 0 0 
1482.49 -1.25651e-13 0 0 0 0 0 -5.00845e-11 -1.30677e-11 -1.30677e-11 0 0 0 -1.91285e-19 0 0 
1482.66 -1.25651e-13 0 0 0 0 0 -5.00845e-11 -1.30677e-11 -1.30677e-11 0 0 0 -1.91307e-19 0 0 
1482.83 -1.25651e-13 0 0 0 0 0 -5.00845e-11 -1.30677e-11 -1.30677e-11 0 0 0 -1.91328e-19 0 0 
1483 -1.25651e-13 0 0 0 0 0 -5.00845e-11 -1.30677e-11 -1.30677e-11 0 0 0 -1.91349e-19 0 0 
1483.17 -1.25651e-13 0 0 0 0 0 -5.00845e-11 -1.30677e-11 -1.30677e-11 0 0 0 -1.9137e-19 0 0 
1483.33 -1.25651e-13 0 0 0 0 0 -5.00845e-11 -1.30677e-11 -1.30677e-11 0 0 0 -1.91391e-19 0 0 
1483.5 -1.25651e-13 0 0 0 0 0 -5.00845e-11 -1.30677e-11 -1.30677e-11 0 0 0 -1.91412e-19 0 0 
1483.66 -1.25651e-13 0 0 0 0 0 -5.00845e-11 -1.30677e-11 -1.30677e-11 0 0 0 -1.91432e-19 0 0 
1483.82 -1.25651e-13 0 0 0 0 0 -5.00845e-11 -1.30677e-11 -1.30677e-11 0 0 0 -1.91453e-19 0 0 
1483.99 -1.25651e-13 0 0 0 0 0 -5.00845e-11 -1.30677e-11 -1.30677e-11 0 0 0 -1.91473e-19 0 0 
1484.15 -1.25651e-13 0 0 0 0 0 -5.00845e-11 -1.30677e-11 -1.30677e-11 0 0 0 -1.91493e-19 0 0 
1484.31 -1.25651e-13 0 0 0 0 0 -5.00845e-11 -1.30677e-11 -1.30677e-11 0 0 0 -1.91513e-19 0 0 
1484.47 -1.25651e-13 0 0 0 0 0 -5.00845e-11 -1.30677e-11 -1.30677e-11 0 0 0 -1.91533e-19 0 0 
1484.62 -1.25651e-13 0 0 0 0 0 -5.00845e-11 -1.30677e-11 -1.30677e-11 0 0 0 -1.91553e-19 0 0 
1484.78 -1.25651e-13 0 0 0 0 0 -5.00845e-11 -1.30677e-11 -1.30677e-11 0 0 0 -1.91573e-19 0 0 
1484.94 -1.25651e-13 0 0 0 0 0 -5.00845e-11 -1.30677e-11 -1.30677e-11 0 0 0 -1.91592e-19 0 0 
1485.09 -1.25651e-13 0 0 0 0 0 -5.00845e-11 -1.30677e-11 -1.30677e-11 0 0 0 -1.91612e-19 0 0 
1485.24 -1.25651e-13 0 0 0 0 0 -5.00845e-11 -1.30677e-11 -1.30677e-11 0 0 0 -1.91631e-19 0 0 
1485.4 -1.25651e-13 0 0 0 0 0 -5.00845e-11 -1.30677e-11 -1.30677e-11 0 0 0 -1.9165e-19 0 0 
1485.55 -1.25651e-13 0 0 0 0 0 -5.00845e-11 -1.30677e-11 -1.30677e-11 0 0 0 -1.91669e-19 0 0 
1485.7 -1.25651e-13 0 0 0 0 0 -5.00845e-11 -1.30677e-11 -1.30677e-11 0 0 0 -1.91688e-19 0 0 
1485.85 -1.25651e-13 0 0 0 0 0 -5.00845e-11 -1.30677e-11 -1.30677e-11 0 0 0 -1.91707e-19 0 0 
1486 -1.25651e-13 0 0 0 0 0 -5.00845e-11 -1.30677e-11 -1.30677e-11 0 0 0 -1.91726e-19 0 0 
1486.14 -1.25651e-13 0 0 0 0 0 -5.00845e-11 -1.30677e-11 -1.30677e-11 0 0 0 -1.91744e-19 0 0 
1486.29 -1.25651e-13 0 0 0 0 0 -5.00845e-11 -1.30677e-11 -1.30677e-11 0 0 0 -1.91762e-19 0 0 
1486.44 -1.25651e-13 0 0 0 0 0 -5.00845e-11 -1.30677e-11 -1.30677e-11 0 0 0 -1.91781e-19 0 0 
1486.58 -1.25651e-13 0 0 0 0 0 -5.00845e-11 -1.30677e-11 -1.30677e-11 0 0 0 -1.91799e-19 0 0 
1486.72 -1.25651e-13 0 0 0 0 0 -5.00845e-11 -1.30677e-11 -1.30677e-11 0 0 0 -1.91817e-19 0 0 
1486.87 -1.25651e-13 0 0 0 0 0 -5.00845e-11 -1.30677e-11 -1.30677e-11 0 0 0 -1.91835e-19 0 0 
1487.01 -1.25651e-13 0 0 0 0 0 -5.00845e-11 -1.30677e-11 -1.30677e-11 0 0 0 -1.91853e-19 0 0 
1487.15 -1.25651e-13 0 0 0 0 0 -5.00845e-11 -1.30677e-11 -1.30677e-11 0 0 0 -1.9187e-19 0 0 
1487.29 -1.25651e-13 0 0 0 0 0 -5.00845e-11 -1.30677e-11 -1.30677e-11 0 0 0 -1.91888e-19 0 0 
1487.43 -1.25651e-13 0 0 0 0 0 -5.00845e-11 -1.30677e-11 -1.30677e-11 0 0 0 -1.91905e-19 0 0 
1487.57 -1.25651e-13 0 0 0 0 0 -5.00845e-11 -1.30677e-11 -1.30677e-11 0 0 0 -1.91923e-19 0 0 
1487.7 -1.25651e-13 0 0 0 0 0 -5.00845e-11 -1.30677e-11 -1.30677e-11 0 0 0 -1.9194e-19 0 0 
1487.84 -1.25651e-13 0 0 0 0 0 -5.00845e-11 -1.30677e-11 -1.30677e-11 0 0 0 -1.91957e-19 0 0 
1487.97 -1.25651e-13 0 0 0 0 0 -5.00845e-11 -1.30677e-11 -1.30677e-11 0 0 0 -1.91974e-19 0 0 
1488.11 -1.25651e-13 0 0 0 0 0 -5.00845e-11 -1.30677e-11 -1.30677e-11 0 0 0 -1.91991e-19 0 0 
1488.24 -1.25651e-13 0 0 0 0 0 -5.00845e-11 -1.30677e-11 -1.30677e-11 0 0 0 -1.92008e-19 0 0 
1488.38 -1.25651e-13 0 0 0 0 0 -5.00845e-11 -1.30677e-11 -1.30677e-11 0 0 0 -1.92024e-19 0 0 
1488.51 -1.25651e-13 0 0 0 0 0 -5.00845e-11 -1.30677e-11 -1.30677e-11 0 0 0 -1.92041e-19 0 0 
1488.64 -1.25651e-13 0 0 0 0 0 -5.00845e-11 -1.30677e-11 -1.30677e-11 0 0 0 -1.92057e-19 0 0 
1488.77 -1.25651e-13 0 0 0 0 0 -5.00845e-11 -1.30677e-11 -1.30677e-11 0 0 0 -1.92074e-19 0 0 
1488.9 -1.25651e-13 0 0 0 0 0 -5.00845e-11 -1.30677e-11 -1.30677e-11 0 0 0 -1.9209e-19 0 0 
1489.03 -1.25651e-13 0 0 0 0 0 -5.00845e-11 -1.30677e-11 -1.30677e-11 0 0 0 -1.92106e-19 0 0 
1489.15 -1.25651e-13 0 0 0 0 0 -5.00845e-11 -1.30677e-11 -1.30677e-11 0 0 0 -1.92122e-19 0 0 
1489.28 -1.25651e-13 0 0 0 0 0 -5.00845e-11 -1.30677e-11 -1.30677e-11 0 0 0 -1.92138e-19 0 0 
1489.41 -1.25651e-13 0 0 0 0 0 -5.00845e-11 -1.30677e-11 -1.30677e-11 0 0 0 -1.92154e-19 0 0 
1489.53 -1.25651e-13 0 0 0 0 0 -5.00845e-11 -1.30677e-11 -1.30677e-11 0 0 0 -1.9217e-19 0 0 
1489.65 -1.25651e-13 0 0 0 0 0 -5.00845e-11 -1.30677e-11 -1.30677e-11 0 0 0 -1.92185e-19 0 0 
1489.78 -1.25651e-13 0 0 0 0 0 -5.00845e-11 -1.30677e-11 -1.30677e-11 0 0 0 -1.92201e-19 0 0 
1489.9 -1.25651e-13 0 0 0 0 0 -5.00845e-11 -1.30677e-11 -1.30677e-11 0 0 0 -1.92216e-19 0 0 
1490.02 -1.25651e-13 0 0 0 0 0 -5.00845e-11 -1.30677e-11 -1.30677e-11 0 0 0 -1.92231e-19 0 0 
1490.14 -1.25651e-13 0 0 0 0 0 -5.00845e-11 -1.30677e-11 -1.30677e-11 0 0 0 -1.92247e-19 0 0 
1490.26 -1.25651e-13 0 0 0 0 0 -5.00845e-11 -1.30677e-11 -1.30677e-11 0 0 0 -1.92262e-19 0 0 
1490.38 -1.25651e-13 0 0 0 0 0 -5.00845e-11 -1.30677e-11 -1.30677e-11 0 0 0 -1.92277e-19 0 0 
1490.5 -1.25651e-13 0 0 0 0 0 -5.00845e-11 -1.30677e-11 -1.30677e-11 0 0 0 -1.92292e-19 0 0 
1490.62 -1.25651e-13 0 0 0 0 0 -5.00845e-11 -1.30677e-11 -1.30677e-11 0 0 0 -1.92306e-19 0 0 
1490.74 -1.25651e-13 0 0 0 0 0 -5.00845e-11 -1.30677e-11 -1.30677e-11 0 0 0 -1.92321e-19 0 0 
1490.85 -1.25651e-13 0 0 0 0 0 -5.00845e-11 -1.30677e-11 -1.30677e-11 0 0 0 -1.92336e-19 0 0 
1490.97 -1.25651e-13 0 0 0 0 0 -5.00845e-11 -1.30677e-11 -1.30677e-11 0 0 0 -1.9235e-19 0 0 
1491.08 -1.25651e-13 0 0 0 0 0 -5.00845e-11 -1.30677e-11 -1.30677e-11 0 0 0 -1.92365e-19 0 0 
1491.2 -1.25651e-13 0 0 0 0 0 -5.00845e-11 -1.30677e-11 -1.30677e-11 0 0 0 -1.92379e-19 0 0 
1491.31 -1.25651e-13 0 0 0 0 0 -5.00845e-11 -1.30677e-11 -1.30677e-11 0 0 0 -1.92393e-19 0 0 
1491.42 -1.25651e-13 0 0 0 0 0 -5.00845e-11 -1.30677e-11 -1.30677e-11 0 0 0 -1.92407e-19 0 0 
1491.53 -1.25651e-13 0 0 0 0 0 -5.00845e-11 -1.30677e-11 -1.30677e-11 0 0 0 -1.92421e-19 0 0 
1491.64 -1.25651e-13 0 0 0 0 0 -5.00845e-11 -1.30677e-11 -1.30677e-11 0 0 0 -1.92435e-19 0 0 
1491.75 -1.25651e-13 0 0 0 0 0 -5.00845e-11 -1.30677e-11 -1.30677e-11 0 0 0 -1.92449e-19 0 0 
1491.86 -1.25651e-13 0 0 0 0 0 -5.00845e-11 -1.30677e-11 -1.30677e-11 0 0 0 -1.92463e-19 0 0 
1491.97 -1.25651e-13 0 0 0 0 0 -5.00845e-11 -1.30677e-11 -1.30677e-11 0 0 0 -1.92476e-19 0 0 
1492.08 -1.25651e-13 0 0 0 0 0 -5.00845e-11 -1.30677e-11 -1.30677e-11 0 0 0 -1.9249e-19 0 0 
1492.19 -1.25651e-13 0 0 0 0 0 -5.00845e-11 -1.30677e-11 -1.30677e-11 0 0 0 -1.92503e-19 0 0 
1492.29 -1.25651e-13 0 0 0 0 0 -5.00845e-11 -1.30677e-11 -1.30677e-11 0 0 0 -1.92517e-19 0 0 
1492.4 -1.25651e-13 0 0 0 0 0 -5.00845e-11 -1.30677e-11 -1.30677e-11 0 0 0 -1.9253e-19 0 0 
1492.5 -1.25651e-13 0 0 0 0 0 -5.00845e-11 -1.30677e-11 -1.30677e-11 0 0 0 -1.92543e-19 0 0 
1492.61 -1.25651e-13 0 0 0 0 0 -5.00845e-11 -1.30677e-11 -1.30677e-11 0 0 0 -1.92556e-19 0 0 
1492.71 -1.25651e-13 0 0 0 0 0 -5.00845e-11 -1.30677e-11 -1.30677e-11 0 0 0 -1.92569e-19 0 0 
1492.82 -1.25651e-13 0 0 0 0 0 -5.00845e-11 -1.30677e-11 -1.30677e-11 0 0 0 -1.92582e-19 0 0 
1492.92 -1.25651e-13 0 0 0 0 0 -5.00845e-11 -1.30677e-11 -1.30677e-11 0 0 0 -1.92595e-19 0 0 
1493.02 -1.25651e-13 0 0 0 0 0 -5.00845e-11 -1.30677e-11 -1.30677e-11 0 0 0 -1.92608e-19 0 0 
1493.12 -1.25651e-13 0 0 0 0 0 -5.00845e-11 -1.30677e-11 -1.30677e-11 0 0 0 -1.92621e-19 0 0 
1493.22 -1.25651e-13 0 0 0 0 0 -5.00845e-11 -1.30677e-11 -1.30677e-11 0 0 0 -1.92633e-19 0 0 
1493.32 -1.25651e-13 0 0 0 0 0 -5.00845e-11 -1.30677e-11 -1.30677e-11 0 0 0 -1.92646e-19 0 0 
1493.42 -1.25651e-13 0 0 0 0 0 -5.00845e-11 -1.30677e-11 -1.30677e-11 0 0 0 -1.92658e-19 0 0 
1493.52 -1.25651e-13 0 0 0 0 0 -5.00845e-11 -1.30677e-11 -1.30677e-11 0 0 0 -1.92671e-19 0 0 
1493.62 -1.25651e-13 0 0 0 0 0 -5.00845e-11 -1.30677e-11 -1.30677e-11 0 0 0 -1.92683e-19 0 0 
1493.71 -1.25651e-13 0 0 0 0 0 -5.00845e-11 -1.30677e-11 -1.30677e-11 0 0 0 -1.92695e-19 0 0 
1493.81 -1.25651e-13 0 0 0 0 0 -5.00845e-11 -1.30677e-11 -1.30677e-11 0 0 0 -1.92707e-19 0 0 
1493.91 -1.25651e-13 0 0 0 0 0 -5.00845e-11 -1.30677e-11 -1.30677e-11 0 0 0 -1.92719e-19 0 0 
1494 -1.25651e-13 0 0 0 0 0 -5.00845e-11 -1.30677e-11 -1.30677e-11 0 0 0 -1.92731e-19 0 0 
1494.1 -1.25651e-13 0 0 0 0 0 -5.00845e-11 -1.30677e-11 -1.30677e-11 0 0 0 -1.92743e-19 0 0 
1494.19 -1.25651e-13 0 0 0 0 0 -5.00845e-11 -1.30677e-11 -1.30677e-11 0 0 0 -1.92755e-19 0 0 
1494.28 -1.25651e-13 0 0 0 0 0 -5.00845e-11 -1.30677e-11 -1.30677e-11 0 0 0 -1.92767e-19 0 0 
1494.37 -1.25651e-13 0 0 0 0 0 -5.00845e-11 -1.30677e-11 -1.30677e-11 0 0 0 -1.92778e-19 0 0 
1494.47 -1.25651e-13 0 0 0 0 0 -5.00845e-11 -1.30677e-11 -1.30677e-11 0 0 0 -1.9279e-19 0 0 
1494.56 -1.25651e-13 0 0 0 0 0 -5.00845e-11 -1.30677e-11 -1.30677e-11 0 0 0 -1.92801e-19 0 0 
1494.65 -1.25651e-13 0 0 0 0 0 -5.00845e-11 -1.30677e-11 -1.30677e-11 0 0 0 -1.92813e-19 0 0 
1494.74 -1.25651e-13 0 0 0 0 0 -5.00845e-11 -1.30677e-11 -1.30677e-11 0 0 0 -1.92824e-19 0 0 
1494.83 -1.25651e-13 0 0 0 0 0 -5.00845e-11 -1.30677e-11 -1.30677e-11 0 0 0 -1.92835e-19 0 0 
1494.92 -1.25651e-13 0 0 0 0 0 -5.00845e-11 -1.30677e-11 -1.30677e-11 0 0 0 -1.92847e-19 0 0 
1495.01 -1.25651e-13 0 0 0 0 0 -5.00845e-11 -1.30677e-11 -1.30677e-11 0 0 0 -1.92858e-19 0 0 
1495.09 -1.25651e-13 0 0 0 0 0 -5.00845e-11 -1.30677e-11 -1.30677e-11 0 0 0 -1.92869e-19 0 0 
1495.18 -1.25651e-13 0 0 0 0 0 -5.00845e-11 -1.30677e-11 -1.30677e-11 0 0 0 -1.9288e-19 0 0 
1495.27 -1.25651e-13 0 0 0 0 0 -5.00845e-11 -1.30677e-11 -1.30677e-11 0 0 0 -1.92891e-19 0 0 
1495.35 -1.25651e-13 0 0 0 0 0 -5.00845e-11 -1.30677e-11 -1.30677e-11 0 0 0 -1.92902e-19 0 0 
1495.44 -1.25651e-13 0 0 0 0 0 -5.00845e-11 -1.30677e-11 -1.30677e-11 0 0 0 -1.92912e-19 0 0 
1495.53 -1.25651e-13 0 0 0 0 0 -5.00845e-11 -1.30677e-11 -1.30677e-11 0 0 0 -1.92923e-19 0 0 
1495.61 -1.25651e-13 0 0 0 0 0 -5.00845e-11 -1.30677e-11 -1.30677e-11 0 0 0 -1.92934e-19 0 0 
1495.69 -1.25651e-13 0 0 0 0 0 -5.00845e-11 -1.30677e-11 -1.30677e-11 0 0 0 -1.92944e-19 0 0 
1495.78 -1.25651e-13 0 0 0 0 0 -5.00845e-11 -1.30677e-11 -1.30677e-11 0 0 0 -1.92955e-19 0 0 
1495.86 -1.25651e-13 0 0 0 0 0 -5.00845e-11 -1.30677e-11 -1.30677e-11 0 0 0 -1.92965e-19 0 0 
1495.94 -1.25651e-13 0 0 0 0 0 -5.00845e-11 -1.30677e-11 -1.30677e-11 0 0 0 -1.92975e-19 0 0 
1496.02 -1.25651e-13 0 0 0 0 0 -5.00845e-11 -1.30677e-11 -1.30677e-11 0 0 0 -1.92986e-19 0 0 
1496.11 -1.25651e-13 0 0 0 0 0 -5.00845e-11 -1.30677e-11 -1.30677e-11 0 0 0 -1.92996e-19 0 0 
1496.19 -1.25651e-13 0 0 0 0 0 -5.00845e-11 -1.30677e-11 -1.30677e-11 0 0 0 -1.93006e-19 0 0 
1496.27 -1.25651e-13 0 0 0 0 0 -5.00845e-11 -1.30677e-11 -1.30677e-11 0 0 0 -1.93016e-19 0 0 
1496.35 -1.25651e-13 0 0 0 0 0 -5.00845e-11 -1.30677e-11 -1.30677e-11 0 0 0 -1.93026e-19 0 0 
1496.42 -1.25651e-13 0 0 0 0 0 -5.00845e-11 -1.30677e-11 -1.30677e-11 0 0 0 -1.93036e-19 0 0 
1496.5 -1.25651e-13 0 0 0 0 0 -5.00845e-11 -1.30677e-11 -1.30677e-11 0 0 0 -1.93046e-19 0 0 
1496.58 -1.25651e-13 0 0 0 0 0 -5.00845e-11 -1.30677e-11 -1.30677e-11 0 0 0 -1.93056e-19 0 0 
1496.66 -1.25651e-13 0 0 0 0 0 -5.00845e-11 -1.30677e-11 -1.30677e-11 0 0 0 -1.93065e-19 0 0 
1496.74 -1.25651e-13 0 0 0 0 0 -5.00845e-11 -1.30677e-11 -1.30677e-11 0 0 0 -1.93075e-19 0 0 
1496.81 -1.25651e-13 0 0 0 0 0 -5.00845e-11 -1.30677e-11 -1.30677e-11 0 0 0 -1.93085e-19 0 0 
1496.89 -1.25651e-13 0 0 0 0 0 -5.00845e-11 -1.30677e-11 -1.30677e-11 0 0 0 -1.93094e-19 0 0 
1496.96 -1.25651e-13 0 0 0 0 0 -5.00845e-11 -1.30677e-11 -1.30677e-11 0 0 0 -1.93104e-19 0 0 
1497.04 -1.25651e-13 0 0 0 0 0 -5.00845e-11 -1.30677e-11 -1.30677e-11 0 0 0 -1.93113e-19 0 0 
1497.11 -1.25651e-13 0 0 0 0 0 -5.00845e-11 -1.30677e-11 -1.30677e-11 0 0 0 -1.93122e-19 0 0 
1497.19 -1.25651e-13 0 0 0 0 0 -5.00845e-11 -1.30677e-11 -1.30677e-11 0 0 0 -1.93132e-19 0 0 
1497.26 -1.25651e-13 0 0 0 0 0 -5.00845e-11 -1.30677e-11 -1.30677e-11 0 0 0 -1.93141e-19 0 0 
1497.33 -1.25651e-13 0 0 0 0 0 -5.00845e-11 -1.30677e-11 -1.30677e-11 0 0 0 -1.9315e-19 0 0 
1497.41 -1.25651e-13 0 0 0 0 0 -5.00845e-11 -1.30677e-11 -1.30677e-11 0 0 0 -1.93159e-19 0 0 
1497.48 -1.25651e-13 0 0 0 0 0 -5.00845e-11 -1.30677e-11 -1.30677e-11 0 0 0 -1.93168e-19 0 0 
1497.55 -1.25651e-13 0 0 0 0 0 -5.00845e-11 -1.30677e-11 -1.30677e-11 0 0 0 -1.93177e-19 0 0 
1497.62 -1.25651e-13 0 0 0 0 0 -5.00845e-11 -1.30677e-11 -1.30677e-11 0 0 0 -1.93186e-19 0 0 
1497.69 -1.25651e-13 0 0 0 0 0 -5.00845e-11 -1.30677e-11 -1.30677e-11 0 0 0 -1.93195e-19 0 0 
1497.76 -1.25651e-13 0 0 0 0 0 -5.00845e-11 -1.30677e-11 -1.30677e-11 0 0 0 -1.93204e-19 0 0 
1497.83 -1.25651e-13 0 0 0 0 0 -5.00845e-11 -1.30677e-11 -1.30677e-11 0 0 0 -1.93213e-19 0 0 
1497.9 -1.25651e-13 0 0 0 0 0 -5.00845e-11 -1.30677e-11 -1.30677e-11 0 0 0 -1.93221e-19 0 0 
1497.97 -1.25651e-13 0 0 0 0 0 -5.00845e-11 -1.30677e-11 -1.30677e-11 0 0 0 -1.9323e-19 0 0 
1498.04 -1.25651e-13 0 0 0 0 0 -5.00845e-11 -1.30677e-11 -1.30677e-11 0 0 0 -1.93239e-19 0 0 
1498.11 -1.25651e-13 0 0 0 0 0 -5.00845e-11 -1.30677e-11 -1.30677e-11 0 0 0 -1.93247e-19 0 0 
1498.17 -1.25651e-13 0 0 0 0 0 -5.00845e-11 -1.30677e-11 -1.30677e-11 0 0 0 -1.93256e-19 0 0 
1498.24 -1.25651e-13 0 0 0 0 0 -5.00845e-11 -1.30677e-11 -1.30677e-11 0 0 0 -1.93264e-19 0 0 
1498.31 -1.25651e-13 0 0 0 0 0 -5.00845e-11 -1.30677e-11 -1.30677e-11 0 0 0 -1.93272e-19 0 0 
1498.37 -1.25651e-13 0 0 0 0 0 -5.00845e-11 -1.30677e-11 -1.30677e-11 0 0 0 -1.93281e-19 0 0 
1498.44 -1.25651e-13 0 0 0 0 0 -5.00845e-11 -1.30677e-11 -1.30677e-11 0 0 0 -1.93289e-19 0 0 
1498.5 -1.25651e-13 0 0 0 0 0 -5.00845e-11 -1.30677e-11 -1.30677e-11 0 0 0 -1.93297e-19 0 0 
1498.57 -1.25651e-13 0 0 0 0 0 -5.00845e-11 -1.30677e-11 -1.30677e-11 0 0 0 -1.93305e-19 0 0 
1498.63 -1.25651e-13 0 0 0 0 0 -5.00845e-11 -1.30677e-11 -1.30677e-11 0 0 0 -1.93313e-19 0 0 
1498.7 -1.25651e-13 0 0 0 0 0 -5.00845e-11 -1.30677e-11 -1.30677e-11 0 0 0 -1.93321e-19 0 0 
1498.76 -1.25651e-13 0 0 0 0 0 -5.00845e-11 -1.30677e-11 -1.30677e-11 0 0 0 -1.93329e-19 0 0 
1498.82 -1.25651e-13 0 0 0 0 0 -5.00845e-11 -1.30677e-11 -1.30677e-11 0 0 0 -1.93337e-19 0 0 
1498.89 -1.25651e-13 0 0 0 0 0 -5.00845e-11 -1.30677e-11 -1.30677e-11 0 0 0 -1.93345e-19 0 0 
1498.95 -1.25651e-13 0 0 0 0 0 -5.00845e-11 -1.30677e-11 -1.30677e-11 0 0 0 -1.93353e-19 0 0 
1499.01 -1.25651e-13 0 0 0 0 0 -5.00845e-11 -1.30677e-11 -1.30677e-11 0 0 0 -1.93361e-19 0 0 
1499.07 -1.25651e-13 0 0 0 0 0 -5.00845e-11 -1.30677e-11 -1.30677e-11 0 0 0 -1.93368e-19 0 0 
1499.13 -1.25651e-13 0 0 0 0 0 -5.00845e-11 -1.30677e-11 -1.30677e-11 0 0 0 -1.93376e-19 0 0 
1499.19 -1.25651e-13 0 0 0 0 0 -5.00845e-11 -1.30677e-11 -1.30677e-11 0 0 0 -1.93384e-19 0 0 
1499.25 -1.25651e-13 0 0 0 0 0 -5.00845e-11 -1.30677e-11 -1.30677e-11 0 0 0 -1.93391e-19 0 0 
1499.31 -1.25651e-13 0 0 0 0 0 -5.00845e-11 -1.30677e-11 -1.30677e-11 0 0 0 -1.93399e-19 0 0 
1499.37 -1.25651e-13 0 0 0 0 0 -5.00845e-11 -1.30677e-11 -1.30677e-11 0 0 0 -1.93406e-19 0 0 
1499.43 -1.25651e-13 0 0 0 0 0 -5.00845e-11 -1.30677e-11 -1.30677e-11 0 0 0 -1.93414e-19 0 0 
1499.49 -1.25651e-13 0 0 0 0 0 -5.00845e-11 -1.30677e-11 -1.30677e-11 0 0 0 -1.93421e-19 0 0 
1499.55 -1.25651e-13 0 0 0 0 0 -5.00845e-11 -1.30677e-11 -1.30677e-11 0 0 0 -1.93428e-19 0 0 
1499.61 -1.25651e-13 0 0 0 0 0 -5.00845e-11 -1.30677e-11 -1.30677e-11 0 0 0 -1.93436e-19 0 0 
1499.66 -1.25651e-13 0 0 0 0 0 -5.00845e-11 -1.30677e-11 -1.30677e-11 0 0 0 -1.93443e-19 0 0 
1499.72 -1.25651e-13 0 0 0 0 0 -5.00845e-11 -1.30677e-11 -1.30677e-11 0 0 0 -1.9345e-19 0 0 
1499.78 -1.25651e-13 0 0 0 0 0 -5.00845e-11 -1.30677e-11 -1.30677e-11 0 0 0 -1.93457e-19 0 0 
1499.83 -1.25651e-13 0 0 0 0 0 -5.00845e-11 -1.30677e-11 -1.30677e-11 0 0 0 -1.93464e-19 0 0 
1499.89 -1.25651e-13 0 0 0 0 0 -5.00845e-11 -1.30677e-11 -1.30677e-11 0 0 0 -1.93471e-19 0 0 
1499.94 -1.25651e-13 0 0 0 0 0 -5.00845e-11 -1.30677e-11 -1.30677e-11 0 0 0 -1.93478e-19 0 0 
1500 -1.25651e-13 0 0 0 0 0 -5.00845e-11 -1.30677e-11 -1.30677e-11 0 0 0 -1.93485e-19 0 0 
1500 0.0064459 -0.0104949 -0.0104949 0 0 0 -5.00842e-11 -4.4701 -4.4701 0 -2.23713e-16 0 -1.93485e-19 0 0 
1500.06 0.0064459 -0.0104949 -0.0104949 0 0 0 -5.00842e-11 -4.4701 -4.4701 0 -2.23713e-16 0 3.14459e-13 0 0 
1500.11 0.0064459 -0.0104949 -0.0104949 0 0 0 -5.00835e-11 -4.4701 -4.4701 0 -2.23713e-16 0 6.28918e-13 0 0 
1500.17 0.0064459 -0.0104949 -0.0104949 0 0 0 -5.00842e-11 -4.4701 -4.4701 0 -2.23713e-16 0 9.43377e-13 0 0 
1500.22 0.0064459 -0.0104949 -0.0104949 0 0 0 -5.00855e-11 -4.4701 -4.4701 0 -2.23713e-16 0 1.25784e-12 0 0 
1500.28 0.0064459 -0.0104949 -0.0104949 0 0 0 -5.0083e-11 -4.4701 -4.4701 0 -2.23713e-16 0 1.57229e-12 0 0 
1500.33 0.0064459 -0.0104949 -0.0104949 0 0 0 -5.00795e-11 -4.4701 -4.4701 0 -2.23713e-16 0 1.88675e-12 0 0 
1500.39 0.0064459 -0.0104949 -0.0104949 0 0 0 -5.00795e-11 -4.4701 -4.4701 0 -2.23713e-16 0 2.20121e-12 0 0 
1500.44 0.0064459 -0.0104949 -0.0104949 0 0 0 -5.00771e-11 -4.4701 -4.4701 0 -2.23713e-16 0 2.51567e-12 0 0 
1500.5 0.0064459 -0.0104949 -0.0104949 0 0 0 -5.00711e-11 -4.4701 -4.4701 0 -2.23713e-16 0 2.83013e-12 0 0 
1500.55 0.0064459 -0.0104949 -0.0104949 0 0 0 -5.00686e-11 -4.4701 -4.4701 0 -2.23713e-16 0 3.14459e-12 0 0 
1500.61 0.0064459 -0.0104949 -0.0104949 0 0 0 -5.00651e-11 -4.4701 -4.4701 0 -2.23713e-16 0 3.45905e-12 0 0 
1500.66 0.0064459 -0.0104949 -0.0104949 0 0 0 -5.00593e-11 -4.4701 -4.4701 0 -2.23713e-16 0 3.77351e-12 0 0 
1500.72 0.0064459 -0.0104949 -0.0104949 0 0 0 -5.00546e-11 -4.4701 -4.4701 0 -2.23713e-16 0 4.08797e-12 0 0 
1500.77 0.0064459 -0.0104949 -0.0104949 0 0 0 -5.005e-11 -4.4701 -4.4701 0 -2.23713e-16 0 4.40243e-12 0 0 
1500.83 0.0064459 -0.0104949 -0.0104949 0 0 0 -5.005e-11 -4.4701 -4.4701 0 -2.23713e-16 0 4.71688e-12 0 0 
1500.88 0.0064459 -0.0104949 -0.0104949 0 0 0 -5.00451e-11 -4.4701 -4.4701 0 -2.23713e-16 0 5.03134e-12 0 0 
1500.94 0.0064459 -0.0104949 -0.0104949 0 0 0 -5.00451e-11 -4.4701 -4.4701 0 -2.23713e-16 0 5.3458e-12 0 0 
1500.99 0.0064459 -0.0104949 -0.0104949 0 0 0 -5.00475e-11 -4.4701 -4.4701 0 -2.23713e-16 0 5.66026e-12 0 0 
1501.05 0.0064459 -0.0104949 -0.0104949 0 0 0 -5.00453e-11 -4.4701 -4.4701 0 -2.23713e-16 0 5.97472e-12 0 0 
1501.1 0.0064459 -0.0104949 -0.0104949 0 0 0 -5.00406e-11 -4.4701 -4.4701 0 -2.23713e-16 0 6.28918e-12 0 0 
1501.16 0.0064459 -0.0104949 -0.0104949 0 0 0 -5.00311e-11 -4.4701 -4.4701 0 -2.23713e-16 0 6.60364e-12 0 0 
1501.21 0.0064459 -0.0104949 -0.0104949 0 0 0 -5.00286e-11 -4.4701 -4.4701 0 -2.23713e-16 0 6.9181e-12 0 0 
1501.27 0.0064459 -0.0104949 -0.0104949 0 0 0 -5.00286e-11 -4.4701 -4.4701 0 -2.23713e-16 0 7.23256e-12 0 0 
1501.32 0.0064459 -0.0104949 -0.0104949 0 0 0 -5.00286e-11 -4.4701 -4.4701 0 -2.23713e-16 0 7.54702e-12 0 0 
1501.38 0.0064459 -0.0104949 -0.0104949 0 0 0 -5.00286e-11 -4.4701 -4.4701 0 -2.23713e-16 0 7.86148e-12 0 0 
1501.43 0.0064459 -0.0104949 -0.0104949 0 0 0 -5.00144e-11 -4.4701 -4.4701 0 -2.23713e-16 0 8.17593e-12 0 0 
1501.49 0.0064459 -0.0104949 -0.0104949 0 0 0 -4.99956e-11 -4.4701 -4.4701 0 -2.23713e-16 0 8.49039e-12 0 0 
1501.54 0.0064459 -0.0104949 -0.0104949 0 0 0 -4.99956e-11 -4.4701 -4.4701 0 -2.23713e-16 0 8.80485e-12 0 0 
1501.6 0.0064459 -0.0104949 -0.0104949 0 0 0 -4.99956e-11 -4.4701 -4.4701 0 -2.23713e-16 0 9.11931e-12 0 0 
1501.65 0.0064459 -0.0104949 -0.0104949 0 0 0 -4.99862e-11 -4.4701 -4.4701 0 -2.23713e-16 0 9.43377e-12 0 0 
1501.71 0.0064459 -0.0104949 -0.0104949 0 0 0 -4.99767e-11 -4.4701 -4.4701 0 -2.23713e-16 0 9.74823e-12 0 0 
1501.76 0.0064459 -0.0104949 -0.0104949 0 0 0 -4.99671e-11 -4.4701 -4.4701 0 -2.23713e-16 0 1.00627e-11 0 0 
1501.82 0.0064459 -0.0104949 -0.0104949 0 0 0 -4.99532e-11 -4.4701 -4.4701 0 -2.23713e-16 0 1.03771e-11 0 0 
1501.87 0.0064459 -0.0104949 -0.0104949 0 0 0 -4.99532e-11 -4.4701 -4.4701 0 -2.23713e-16 0 1.06916e-11 0 0 
1501.93 0.0064459 -0.0104949 -0.0104949 0 0 0 -4.9972e-11 -4.4701 -4.4701 0 -2.23713e-16 0 1.10061e-11 0 0 
1501.98 0.0064459 -0.0104949 -0.0104949 0 0 0 -4.99627e-11 -4.4701 -4.4701 0 -2.23713e-16 0 1.13205e-11 0 0 
1502.04 0.0064459 -0.0104949 -0.0104949 0 0 0 -4.99485e-11 -4.4701 -4.4701 0 -2.23713e-16 0 1.1635e-11 0 0 
1502.09 0.0064459 -0.0104949 -0.0104949 0 0 0 -4.99532e-11 -4.4701 -4.4701 0 -2.23713e-16 0 1.19494e-11 0 0 
1502.15 0.0064459 -0.0104949 -0.0104949 0 0 0 -4.99485e-11 -4.4701 -4.4701 0 -2.23713e-16 0 1.22639e-11 0 0 
1502.2 0.0064459 -0.0104949 -0.0104949 0 0 0 -4.99343e-11 -4.4701 -4.4701 0 -2.23713e-16 0 1.25784e-11 0 0 
1502.26 0.0064459 -0.0104949 -0.0104949 0 0 0 -4.99389e-11 -4.4701 -4.4701 0 -2.23713e-16 0 1.28928e-11 0 0 
1502.31 0.0064459 -0.0104949 -0.0104949 0 0 0 -4.99436e-11 -4.4701 -4.4701 0 -2.23713e-16 0 1.32073e-11 0 0 
1502.37 0.0064459 -0.0104949 -0.0104949 0 0 0 -4.99436e-11 -4.4701 -4.4701 0 -2.23713e-16 0 1.35217e-11 0 0 
1502.42 0.0064459 -0.0104949 -0.0104949 0 0 0 -4.99485e-11 -4.4701 -4.4701 0 -2.23713e-16 0 1.38362e-11 0 0 
1502.48 0.0064459 -0.0104949 -0.0104949 0 0 0 -4.99438e-11 -4.4701 -4.4701 0 -2.23713e-16 0 1.41507e-11 0 0 
1502.53 0.0064459 -0.0104949 -0.0104949 0 0 0 -4.99343e-11 -4.4701 -4.4701 0 -2.23713e-16 0 1.44651e-11 0 0 
1502.59 0.0064459 -0.0104949 -0.0104949 0 0 0 -4.99247e-11 -4.4701 -4.4701 0 -2.23713e-16 0 1.47796e-11 0 0 
1502.64 0.0064459 -0.0104949 -0.0104949 0 0 0 -4.99247e-11 -4.4701 -4.4701 0 -2.23713e-16 0 1.5094e-11 0 0 
1502.7 0.0064459 -0.0104949 -0.0104949 0 0 0 -4.99059e-11 -4.4701 -4.4701 0 -2.23713e-16 0 1.54085e-11 0 0 
1502.75 0.0064459 -0.0104949 -0.0104949 0 0 0 -4.98777e-11 -4.4701 -4.4701 0 -2.23713e-16 0 1.5723e-11 0 0 
1502.81 0.0064459 -0.0104949 -0.0104949 0 0 0 -4.98683e-11 -4.4701 -4.4701 0 -2.23713e-16 0 1.60374e-11 0 0 
1502.86 0.0064459 -0.0104949 -0.0104949 0 0 0 -4.98683e-11 -4.4701 -4.4701 0 -2.23713e-16 0 1.63519e-11 0 0 
1502.92 0.0064459 -0.0104949 -0.0104949 0 0 0 -4.98683e-11 -4.4701 -4.4701 0 -2.23713e-16 0 1.66663e-11 0 0 
1502.97 0.0064459 -0.0104949 -0.0104949 0 0 0 -4.98683e-11 -4.4701 -4.4701 0 -2.23713e-16 0 1.69808e-11 0 0 
1503.03 0.0064459 -0.0104949 -0.0104949 0 0 0 -4.98683e-11 -4.4701 -4.4701 0 -2.23713e-16 0 1.72952e-11 0 0 
1503.08 0.0064459 -0.0104949 -0.0104949 0 0 0 -4.98588e-11 -4.4701 -4.4701 0 -2.23713e-16 0 1.76097e-11 0 0 
1503.14 0.0064459 -0.0104949 -0.0104949 0 0 0 -4.98492e-11 -4.4701 -4.4701 0 -2.23713e-16 0 1.79242e-11 0 0 
1503.19 0.0064459 -0.0104949 -0.0104949 0 0 0 -4.98588e-11 -4.4701 -4.4701 0 -2.23713e-16 0 1.82386e-11 0 0 
1503.25 0.0064459 -0.0104949 -0.0104949 0 0 0 -4.98495e-11 -4.4701 -4.4701 0 -2.23713e-16 0 1.85531e-11 0 0 
1503.3 0.0064459 -0.0104949 -0.0104949 0 0 0 -4.98022e-11 -4.4701 -4.4701 0 -2.23713e-16 0 1.88675e-11 0 0 
1503.36 0.0064459 -0.0104949 -0.0104949 0 0 0 -4.97831e-11 -4.4701 -4.4701 0 -2.23713e-16 0 1.9182e-11 0 0 
1503.41 0.0064459 -0.0104949 -0.0104949 0 0 0 -4.97924e-11 -4.4701 -4.4701 0 -2.23713e-16 0 1.94965e-11 0 0 
1503.47 0.0064459 -0.0104949 -0.0104949 0 0 0 -4.97831e-11 -4.4701 -4.4701 0 -2.23713e-16 0 1.98109e-11 0 0 
1503.52 0.0064459 -0.0104949 -0.0104949 0 0 0 -4.97549e-11 -4.4701 -4.4701 0 -2.23713e-16 0 2.01254e-11 0 0 
1503.58 0.0064459 -0.0104949 -0.0104949 0 0 0 -4.97171e-11 -4.4701 -4.4701 0 -2.23713e-16 0 2.04398e-11 0 0 
1503.63 0.0064459 -0.0104949 -0.0104949 0 0 0 -4.97171e-11 -4.4701 -4.4701 0 -2.23713e-16 0 2.07543e-11 0 0 
1503.69 0.0064459 -0.0104949 -0.0104949 0 0 0 -4.97453e-11 -4.4701 -4.4701 0 -2.23713e-16 0 2.10688e-11 0 0 
1503.74 0.0064459 -0.0104949 -0.0104949 0 0 0 -4.97264e-11 -4.4701 -4.4701 0 -2.23713e-16 0 2.13832e-11 0 0 
1503.8 0.0064459 -0.0104949 -0.0104949 0 0 0 -4.96982e-11 -4.4701 -4.4701 0 -2.23713e-16 0 2.16977e-11 0 0 
1503.85 0.0064459 -0.0104949 -0.0104949 0 0 0 -4.96982e-11 -4.4701 -4.4701 0 -2.23713e-16 0 2.20121e-11 0 0 
1503.91 0.0064459 -0.0104949 -0.0104949 0 0 0 -4.96982e-11 -4.4701 -4.4701 0 -2.23713e-16 0 2.23266e-11 0 0 
1503.96 0.0064459 -0.0104949 -0.0104949 0 0 0 -4.96982e-11 -4.4701 -4.4701 0 -2.23713e-16 0 2.2641e-11 0 0 
1504.02 0.0064459 -0.0104949 -0.0104949 0 0 0 -4.96698e-11 -4.4701 -4.4701 0 -2.23713e-16 0 2.29555e-11 0 0 
1504.07 0.0064459 -0.0104949 -0.0104949 0 0 0 -4.96321e-11 -4.4701 -4.4701 0 -2.23713e-16 0 2.327e-11 0 0 
1504.13 0.0064459 -0.0104949 -0.0104949 0 0 0 -4.95943e-11 -4.4701 -4.4701 0 -2.23713e-16 0 2.35844e-11 0 0 
1504.19 0.0064459 -0.0104949 -0.0104949 0 0 0 -4.95659e-11 -4.4701 -4.4701 0 -2.23713e-16 0 2.38989e-11 0 0 
1504.24 0.0064459 -0.0104949 -0.0104949 0 0 0 -4.95566e-11 -4.4701 -4.4701 0 -2.23713e-16 0 2.42133e-11 0 0 
1504.3 0.0064459 -0.0104949 -0.0104949 0 0 0 -4.95473e-11 -4.4701 -4.4701 0 -2.23713e-16 0 2.45278e-11 0 0 
1504.35 0.0064459 -0.0104949 -0.0104949 0 0 0 -4.95566e-11 -4.4701 -4.4701 0 -2.23713e-16 0 2.48423e-11 0 0 
1504.41 0.0064459 -0.0104949 -0.0104949 0 0 0 -4.95659e-11 -4.4701 -4.4701 0 -2.23713e-16 0 2.51567e-11 0 0 
1504.46 0.0064459 -0.0104949 -0.0104949 0 0 0 -4.95566e-11 -4.4701 -4.4701 0 -2.23713e-16 0 2.54712e-11 0 0 
1504.52 0.0064459 -0.0104949 -0.0104949 0 0 0 -4.95284e-11 -4.4701 -4.4701 0 -2.23713e-16 0 2.57856e-11 0 0 
1504.57 0.0064459 -0.0104949 -0.0104949 0 0 0 -4.95095e-11 -4.4701 -4.4701 0 -2.23713e-16 0 2.61001e-11 0 0 
1504.63 0.0064459 -0.0104949 -0.0104949 0 0 0 -4.94715e-11 -4.4701 -4.4701 0 -2.23713e-16 0 2.64146e-11 0 0 
1504.68 0.0064459 -0.0104949 -0.0104949 0 0 0 -4.94527e-11 -4.4701 -4.4701 0 -2.23713e-16 0 2.6729e-11 0 0 
1504.74 0.0064459 -0.0104949 -0.0104949 0 0 0 -4.94622e-11 -4.4701 -4.4701 0 -2.23713e-16 0 2.70435e-11 0 0 
1504.79 0.0064459 -0.0104949 -0.0104949 0 0 0 -4.94431e-11 -4.4701 -4.4701 0 -2.23713e-16 0 2.73579e-11 0 0 
1504.85 0.0064459 -0.0104949 -0.0104949 0 0 0 -4.94242e-11 -4.4701 -4.4701 0 -2.23713e-16 0 2.76724e-11 0 0 
1504.9 0.0064459 -0.0104949 -0.0104949 0 0 0 -4.94149e-11 -4.4701 -4.4701 0 -2.23713e-16 0 2.79869e-11 0 0 
1504.96 0.0064459 -0.0104949 -0.0104949 0 0 0 -4.9396e-11 -4.4701 -4.4701 0 -2.23713e-16 0 2.83013e-11 0 0 
1505.01 0.0064459 -0.0104949 -0.0104949 0 0 0 -4.93394e-11 -4.4701 -4.4701 0 -2.23713e-16 0 2.86158e-11 0 0 
1505.07 0.0064459 -0.0104949 -0.0104949 0 0 0 -4.92828e-11 -4.4701 -4.4701 0 -2.23713e-16 0 2.89302e-11 0 0 
1505.12 0.0064459 -0.0104949 -0.0104949 0 0 0 -4.92639e-11 -4.4701 -4.4701 0 -2.23713e-16 0 2.92447e-11 0 0 
1505.18 0.0064459 -0.0104949 -0.0104949 0 0 0 -4.92262e-11 -4.4701 -4.4701 0 -2.23713e-16 0 2.95591e-11 0 0 
1505.23 0.0064459 -0.0104949 -0.0104949 0 0 0 -4.91696e-11 -4.4701 -4.4701 0 -2.23713e-16 0 2.98736e-11 0 0 
1505.29 0.0064459 -0.0104949 -0.0104949 0 0 0 -4.91316e-11 -4.4701 -4.4701 0 -2.23713e-16 0 3.01881e-11 0 0 
1505.34 0.0064459 -0.0104949 -0.0104949 0 0 0 -4.90936e-11 -4.4701 -4.4701 0 -2.23713e-16 0 3.05025e-11 0 0 
1505.4 0.0064459 -0.0104949 -0.0104949 0 0 0 -4.90747e-11 -4.4701 -4.4701 0 -2.23713e-16 0 3.0817e-11 0 0 
1505.45 0.0064459 -0.0104949 -0.0104949 0 0 0 -4.9037e-11 -4.4701 -4.4701 0 -2.23713e-16 0 3.11314e-11 0 0 
1505.51 0.0064459 -0.0104949 -0.0104949 0 0 0 -4.89992e-11 -4.4701 -4.4701 0 -2.23713e-16 0 3.14459e-11 0 0 
1505.56 0.0064459 -0.0104949 -0.0104949 0 0 0 -4.89992e-11 -4.4701 -4.4701 0 -2.23713e-16 0 3.17604e-11 0 0 
1505.62 0.0064459 -0.0104949 -0.0104949 0 0 0 -4.89804e-11 -4.4701 -4.4701 0 -2.23713e-16 0 3.20748e-11 0 0 
1505.67 0.0064459 -0.0104949 -0.0104949 0 0 0 -4.89615e-11 -4.4701 -4.4701 0 -2.23713e-16 0 3.23893e-11 0 0 
1505.73 0.0064459 -0.0104949 -0.0104949 0 0 0 -4.89426e-11 -4.4701 -4.4701 0 -2.23713e-16 0 3.27037e-11 0 0 
1505.78 0.0064459 -0.0104949 -0.0104949 0 0 0 -4.88483e-11 -4.4701 -4.4701 0 -2.23713e-16 0 3.30182e-11 0 0 
1505.84 0.0064459 -0.0104949 -0.0104949 0 0 0 -4.87728e-11 -4.4701 -4.4701 0 -2.23713e-16 0 3.33327e-11 0 0 
1505.89 0.0064459 -0.0104949 -0.0104949 0 0 0 -4.87916e-11 -4.4701 -4.4701 0 -2.23713e-16 0 3.36471e-11 0 0 
1505.95 0.0064459 -0.0104949 -0.0104949 0 0 0 -4.87728e-11 -4.4701 -4.4701 0 -2.23713e-16 0 3.39616e-11 0 0 
1506 0.0064459 -0.0104949 -0.0104949 0 0 0 -4.87539e-11 -4.4701 -4.4701 0 -2.23713e-16 0 3.4276e-11 0 0 
1506.06 0.0064459 -0.0104949 -0.0104949 0 0 0 -4.87916e-11 -4.4701 -4.4701 0 -2.23713e-16 0 3.45905e-11 0 0 
1506.11 0.0064459 -0.0104949 -0.0104949 0 0 0 -4.87916e-11 -4.4701 -4.4701 0 -2.23713e-16 0 3.4905e-11 0 0 
1506.17 0.0064459 -0.0104949 -0.0104949 0 0 0 -4.87539e-11 -4.4701 -4.4701 0 -2.23713e-16 0 3.52194e-11 0 0 
1506.22 0.0064459 -0.0104949 -0.0104949 0 0 0 -4.8735e-11 -4.4701 -4.4701 0 -2.23713e-16 0 3.55339e-11 0 0 
1506.28 0.0064459 -0.0104949 -0.0104949 0 0 0 -4.8735e-11 -4.4701 -4.4701 0 -2.23713e-16 0 3.58483e-11 0 0 
1506.33 0.0064459 -0.0104949 -0.0104949 0 0 0 -4.87161e-11 -4.4701 -4.4701 0 -2.23713e-16 0 3.61628e-11 0 0 
1506.39 0.0064459 -0.0104949 -0.0104949 0 0 0 -4.86784e-11 -4.4701 -4.4701 0 -2.23713e-16 0 3.64772e-11 0 0 
1506.44 0.0064459 -0.0104949 -0.0104949 0 0 0 -4.86218e-11 -4.4701 -4.4701 0 -2.23713e-16 0 3.67917e-11 0 0 
1506.5 0.0064459 -0.0104949 -0.0104949 0 0 0 -4.8584e-11 -4.4701 -4.4701 0 -2.23713e-16 0 3.71062e-11 0 0 
1506.55 0.0064459 -0.0104949 -0.0104949 0 0 0 -4.8584e-11 -4.4701 -4.4701 0 -2.23713e-16 0 3.74206e-11 0 0 
1506.61 0.0064459 -0.0104949 -0.0104949 0 0 0 -4.85274e-11 -4.4701 -4.4701 0 -2.23713e-16 0 3.77351e-11 0 0 
1506.66 0.0064459 -0.0104949 -0.0104949 0 0 0 -4.85085e-11 -4.4701 -4.4701 0 -2.23713e-16 0 3.80495e-11 0 0 
1506.72 0.0064459 -0.0104949 -0.0104949 0 0 0 -4.85085e-11 -4.4701 -4.4701 0 -2.23713e-16 0 3.8364e-11 0 0 
1506.77 0.0064459 -0.0104949 -0.0104949 0 0 0 -4.84897e-11 -4.4701 -4.4701 0 -2.23713e-16 0 3.86785e-11 0 0 
1506.83 0.0064459 -0.0104949 -0.0104949 0 0 0 -4.84328e-11 -4.4701 -4.4701 0 -2.23713e-16 0 3.89929e-11 0 0 
1506.88 0.0064459 -0.0104949 -0.0104949 0 0 0 -4.8376e-11 -4.4701 -4.4701 0 -2.23713e-16 0 3.93074e-11 0 0 
1506.94 0.0064459 -0.0104949 -0.0104949 0 0 0 -4.84328e-11 -4.4701 -4.4701 0 -2.23713e-16 0 3.96218e-11 0 0 
1506.99 0.0064459 -0.0104949 -0.0104949 0 0 0 -4.84517e-11 -4.4701 -4.4701 0 -2.23713e-16 0 3.99363e-11 0 0 
1507.05 0.0064459 -0.0104949 -0.0104949 0 0 0 -4.83948e-11 -4.4701 -4.4701 0 -2.23713e-16 0 4.02508e-11 0 0 
1507.1 0.0064459 -0.0104949 -0.0104949 0 0 0 -4.83571e-11 -4.4701 -4.4701 0 -2.23713e-16 0 4.05652e-11 0 0 
1507.16 0.0064459 -0.0104949 -0.0104949 0 0 0 -4.83382e-11 -4.4701 -4.4701 0 -2.23713e-16 0 4.08797e-11 0 0 
1507.21 0.0064459 -0.0104949 -0.0104949 0 0 0 -4.83193e-11 -4.4701 -4.4701 0 -2.23713e-16 0 4.11941e-11 0 0 
1507.27 0.0064459 -0.0104949 -0.0104949 0 0 0 -4.83193e-11 -4.4701 -4.4701 0 -2.23713e-16 0 4.15086e-11 0 0 
1507.32 0.0064459 -0.0104949 -0.0104949 0 0 0 -4.83382e-11 -4.4701 -4.4701 0 -2.23713e-16 0 4.1823e-11 0 0 
1507.38 0.0064459 -0.0104949 -0.0104949 0 0 0 -4.83382e-11 -4.4701 -4.4701 0 -2.23713e-16 0 4.21375e-11 0 0 
1507.43 0.0064459 -0.0104949 -0.0104949 0 0 0 -4.83382e-11 -4.4701 -4.4701 0 -2.23713e-16 0 4.2452e-11 0 0 
1507.49 0.0064459 -0.0104949 -0.0104949 0 0 0 -4.8376e-11 -4.4701 -4.4701 0 -2.23713e-16 0 4.27664e-11 0 0 
1507.54 0.0064459 -0.0104949 -0.0104949 0 0 0 -4.8376e-11 -4.4701 -4.4701 0 -2.23713e-16 0 4.30809e-11 0 0 
1507.6 0.0064459 -0.0104949 -0.0104949 0 0 0 -4.83005e-11 -4.4701 -4.4701 0 -2.23713e-16 0 4.33953e-11 0 0 
1507.65 0.0064459 -0.0104949 -0.0104949 0 0 0 -4.82816e-11 -4.4701 -4.4701 0 -2.23713e-16 0 4.37098e-11 0 0 
1507.71 0.0064459 -0.0104949 -0.0104949 0 0 0 -4.82816e-11 -4.4701 -4.4701 0 -2.23713e-16 0 4.40243e-11 0 0 
1507.76 0.0064459 -0.0104949 -0.0104949 0 0 0 -4.82627e-11 -4.4701 -4.4701 0 -2.23713e-16 0 4.43387e-11 0 0 
1507.82 0.0064459 -0.0104949 -0.0104949 0 0 0 -4.82439e-11 -4.4701 -4.4701 0 -2.23713e-16 0 4.46532e-11 0 0 
1507.87 0.0064459 -0.0104949 -0.0104949 0 0 0 -4.82439e-11 -4.4701 -4.4701 0 -2.23713e-16 0 4.49676e-11 0 0 
1507.93 0.0064459 -0.0104949 -0.0104949 0 0 0 -4.82061e-11 -4.4701 -4.4701 0 -2.23713e-16 0 4.52821e-11 0 0 
1507.98 0.0064459 -0.0104949 -0.0104949 0 0 0 -4.81306e-11 -4.4701 -4.4701 0 -2.23713e-16 0 4.55966e-11 0 0 
1508.04 0.0064459 -0.0104949 -0.0104949 0 0 0 -4.80929e-11 -4.4701 -4.4701 0 -2.23713e-16 0 4.5911e-11 0 0 
1508.09 0.0064459 -0.0104949 -0.0104949 0 0 0 -4.80929e-11 -4.4701 -4.4701 0 -2.23713e-16 0 4.62255e-11 0 0 
1508.15 0.0064459 -0.0104949 -0.0104949 0 0 0 -4.8074e-11 -4.4701 -4.4701 0 -2.23713e-16 0 4.65399e-11 0 0 
1508.2 0.0064459 -0.0104949 -0.0104949 0 0 0 -4.79607e-11 -4.4701 -4.4701 0 -2.23713e-16 0 4.68544e-11 0 0 
1508.26 0.0064459 -0.0104949 -0.0104949 0 0 0 -4.79041e-11 -4.4701 -4.4701 0 -2.23713e-16 0 4.71689e-11 0 0 
1508.31 0.0064459 -0.0104949 -0.0104949 0 0 0 -4.78853e-11 -4.4701 -4.4701 0 -2.23713e-16 0 4.74833e-11 0 0 
1508.37 0.0064459 -0.0104949 -0.0104949 0 0 0 -4.78853e-11 -4.4701 -4.4701 0 -2.23713e-16 0 4.77978e-11 0 0 
1508.43 0.0064459 -0.0104949 -0.0104949 0 0 0 -4.78475e-11 -4.4701 -4.4701 0 -2.23713e-16 0 4.81122e-11 0 0 
1508.48 0.0064459 -0.0104949 -0.0104949 0 0 0 -4.7772e-11 -4.4701 -4.4701 0 -2.23713e-16 0 4.84267e-11 0 0 
1508.54 0.0064459 -0.0104949 -0.0104949 0 0 0 -4.77909e-11 -4.4701 -4.4701 0 -2.23713e-16 0 4.87411e-11 0 0 
1508.59 0.0064459 -0.0104949 -0.0104949 0 0 0 -4.77718e-11 -4.4701 -4.4701 0 -2.23713e-16 0 4.90556e-11 0 0 
1508.65 0.0064459 -0.0104949 -0.0104949 0 0 0 -4.76772e-11 -4.4701 -4.4701 0 -2.23713e-16 0 4.93701e-11 0 0 
1508.7 0.0064459 -0.0104949 -0.0104949 0 0 0 -4.75828e-11 -4.4701 -4.4701 0 -2.23713e-16 0 4.96845e-11 0 0 
1508.76 0.0064459 -0.0104949 -0.0104949 0 0 0 -4.75262e-11 -4.4701 -4.4701 0 -2.23713e-16 0 4.9999e-11 0 0 
1508.81 0.0064459 -0.0104949 -0.0104949 0 0 0 -4.75262e-11 -4.4701 -4.4701 0 -2.23713e-16 0 5.03134e-11 0 0 
1508.87 0.0064459 -0.0104949 -0.0104949 0 0 0 -4.75073e-11 -4.4701 -4.4701 0 -2.23713e-16 0 5.06279e-11 0 0 
1508.92 0.0064459 -0.0104949 -0.0104949 0 0 0 -4.74318e-11 -4.4701 -4.4701 0 -2.23713e-16 0 5.09424e-11 0 0 
1508.98 0.0064459 -0.0104949 -0.0104949 0 0 0 -4.73941e-11 -4.4701 -4.4701 0 -2.23713e-16 0 5.12568e-11 0 0 
1509.03 0.0064459 -0.0104949 -0.0104949 0 0 0 -4.73941e-11 -4.4701 -4.4701 0 -2.23713e-16 0 5.15713e-11 0 0 
1509.09 0.0064459 -0.0104949 -0.0104949 0 0 0 -4.73941e-11 -4.4701 -4.4701 0 -2.23713e-16 0 5.18857e-11 0 0 
1509.14 0.0064459 -0.0104949 -0.0104949 0 0 0 -4.74318e-11 -4.4701 -4.4701 0 -2.23713e-16 0 5.22002e-11 0 0 
1509.2 0.0064459 -0.0104949 -0.0104949 0 0 0 -4.7413e-11 -4.4701 -4.4701 0 -2.23713e-16 0 5.25147e-11 0 0 
1509.25 0.0064459 -0.0104949 -0.0104949 0 0 0 -4.73375e-11 -4.4701 -4.4701 0 -2.23713e-16 0 5.28291e-11 0 0 
1509.31 0.0064459 -0.0104949 -0.0104949 0 0 0 -4.72808e-11 -4.4701 -4.4701 0 -2.23713e-16 0 5.31436e-11 0 0 
1509.36 0.0064459 -0.0104949 -0.0104949 0 0 0 -4.72431e-11 -4.4701 -4.4701 0 -2.23713e-16 0 5.3458e-11 0 0 
1509.42 0.0064459 -0.0104949 -0.0104949 0 0 0 -4.72054e-11 -4.4701 -4.4701 0 -2.23713e-16 0 5.37725e-11 0 0 
1509.47 0.0064459 -0.0104949 -0.0104949 0 0 0 -4.71299e-11 -4.4701 -4.4701 0 -2.23713e-16 0 5.4087e-11 0 0 
1509.53 0.0064459 -0.0104949 -0.0104949 0 0 0 -4.7111e-11 -4.4701 -4.4701 0 -2.23713e-16 0 5.44014e-11 0 0 
1509.58 0.0064459 -0.0104949 -0.0104949 0 0 0 -4.71299e-11 -4.4701 -4.4701 0 -2.23713e-16 0 5.47159e-11 0 0 
1509.64 0.0064459 -0.0104949 -0.0104949 0 0 0 -4.70921e-11 -4.4701 -4.4701 0 -2.23713e-16 0 5.50303e-11 0 0 
1509.69 0.0064459 -0.0104949 -0.0104949 0 0 0 -4.70732e-11 -4.4701 -4.4701 0 -2.23713e-16 0 5.53448e-11 0 0 
1509.75 0.0064459 -0.0104949 -0.0104949 0 0 0 -4.69975e-11 -4.4701 -4.4701 0 -2.23713e-16 0 5.56592e-11 0 0 
1509.8 0.0064459 -0.0104949 -0.0104949 0 0 0 -4.69595e-11 -4.4701 -4.4701 0 -2.23713e-16 0 5.59737e-11 0 0 
1509.86 0.0064459 -0.0104949 -0.0104949 0 0 0 -4.69595e-11 -4.4701 -4.4701 0 -2.23713e-16 0 5.62882e-11 0 0 
1509.91 0.0064459 -0.0104949 -0.0104949 0 0 0 -4.69218e-11 -4.4701 -4.4701 0 -2.23713e-16 0 5.66026e-11 0 0 
1509.97 0.0064459 -0.0104949 -0.0104949 0 0 0 -4.67708e-11 -4.4701 -4.4701 0 -2.23713e-16 0 5.69171e-11 0 0 
1510.02 0.0064459 -0.0104949 -0.0104949 0 0 0 -4.66198e-11 -4.4701 -4.4701 0 -2.23713e-16 0 5.72315e-11 0 0 
1510.08 0.0064459 -0.0104949 -0.0104949 0 0 0 -4.66198e-11 -4.4701 -4.4701 0 -2.23713e-16 0 5.7546e-11 0 0 
1510.13 0.0064459 -0.0104949 -0.0104949 0 0 0 -4.65821e-11 -4.4701 -4.4701 0 -2.23713e-16 0 5.78605e-11 0 0 
1510.19 0.0064459 -0.0104949 -0.0104949 0 0 0 -4.65443e-11 -4.4701 -4.4701 0 -2.23713e-16 0 5.81749e-11 0 0 
1510.24 0.0064459 -0.0104949 -0.0104949 0 0 0 -4.65443e-11 -4.4701 -4.4701 0 -2.23713e-16 0 5.84894e-11 0 0 
1510.3 0.0064459 -0.0104949 -0.0104949 0 0 0 -4.64688e-11 -4.4701 -4.4701 0 -2.23713e-16 0 5.88038e-11 0 0 
1510.35 0.0064459 -0.0104949 -0.0104949 0 0 0 -4.63933e-11 -4.4701 -4.4701 0 -2.23713e-16 0 5.91183e-11 0 0 
1510.41 0.0064459 -0.0104949 -0.0104949 0 0 0 -4.63554e-11 -4.4701 -4.4701 0 -2.23713e-16 0 5.94328e-11 0 0 
1510.46 0.0064459 -0.0104949 -0.0104949 0 0 0 -4.63554e-11 -4.4701 -4.4701 0 -2.23713e-16 0 5.97472e-11 0 0 
1510.52 0.0064459 -0.0104949 -0.0104949 0 0 0 -4.63554e-11 -4.4701 -4.4701 0 -2.23713e-16 0 6.00617e-11 0 0 
1510.57 0.0064459 -0.0104949 -0.0104949 0 0 0 -4.63174e-11 -4.4701 -4.4701 0 -2.23713e-16 0 6.03761e-11 0 0 
1510.63 0.0064459 -0.0104949 -0.0104949 0 0 0 -4.62796e-11 -4.4701 -4.4701 0 -2.23713e-16 0 6.06906e-11 0 0 
1510.68 0.0064459 -0.0104949 -0.0104949 0 0 0 -4.61664e-11 -4.4701 -4.4701 0 -2.23713e-16 0 6.1005e-11 0 0 
1510.74 0.0064459 -0.0104949 -0.0104949 0 0 0 -4.61287e-11 -4.4701 -4.4701 0 -2.23713e-16 0 6.13195e-11 0 0 
1510.79 0.0064459 -0.0104949 -0.0104949 0 0 0 -4.60909e-11 -4.4701 -4.4701 0 -2.23713e-16 0 6.1634e-11 0 0 
1510.85 0.0064459 -0.0104949 -0.0104949 0 0 0 -4.60154e-11 -4.4701 -4.4701 0 -2.23713e-16 0 6.19484e-11 0 0 
1510.9 0.0064459 -0.0104949 -0.0104949 0 0 0 -4.59777e-11 -4.4701 -4.4701 0 -2.23713e-16 0 6.22629e-11 0 0 
1510.96 0.0064459 -0.0104949 -0.0104949 0 0 0 -4.59022e-11 -4.4701 -4.4701 0 -2.23713e-16 0 6.25773e-11 0 0 
1511.01 0.0064459 -0.0104949 -0.0104949 0 0 0 -4.58644e-11 -4.4701 -4.4701 0 -2.23713e-16 0 6.28918e-11 0 0 
1511.07 0.0064459 -0.0104949 -0.0104949 0 0 0 -4.58267e-11 -4.4701 -4.4701 0 -2.23713e-16 0 6.32063e-11 0 0 
1511.12 0.0064459 -0.0104949 -0.0104949 0 0 0 -4.57132e-11 -4.4701 -4.4701 0 -2.23713e-16 0 6.35207e-11 0 0 
1511.18 0.0064459 -0.0104949 -0.0104949 0 0 0 -4.55997e-11 -4.4701 -4.4701 0 -2.23713e-16 0 6.38352e-11 0 0 
1511.23 0.0064459 -0.0104949 -0.0104949 0 0 0 -4.5562e-11 -4.4701 -4.4701 0 -2.23713e-16 0 6.41496e-11 0 0 
1511.29 0.0064459 -0.0104949 -0.0104949 0 0 0 -4.54865e-11 -4.4701 -4.4701 0 -2.23713e-16 0 6.44641e-11 0 0 
1511.34 0.0064459 -0.0104949 -0.0104949 0 0 0 -4.54488e-11 -4.4701 -4.4701 0 -2.23713e-16 0 6.47786e-11 0 0 
1511.4 0.0064459 -0.0104949 -0.0104949 0 0 0 -4.54865e-11 -4.4701 -4.4701 0 -2.23713e-16 0 6.5093e-11 0 0 
1511.45 0.0064459 -0.0104949 -0.0104949 0 0 0 -4.5411e-11 -4.4701 -4.4701 0 -2.23713e-16 0 6.54075e-11 0 0 
1511.51 0.0064459 -0.0104949 -0.0104949 0 0 0 -4.53355e-11 -4.4701 -4.4701 0 -2.23713e-16 0 6.57219e-11 0 0 
1511.56 0.0064459 -0.0104949 -0.0104949 0 0 0 -4.51845e-11 -4.4701 -4.4701 0 -2.23713e-16 0 6.60364e-11 0 0 
1511.62 0.0064459 -0.0104949 -0.0104949 0 0 0 -4.5109e-11 -4.4701 -4.4701 0 -2.23713e-16 0 6.63509e-11 0 0 
1511.67 0.0064459 -0.0104949 -0.0104949 0 0 0 -4.51468e-11 -4.4701 -4.4701 0 -2.23713e-16 0 6.66653e-11 0 0 
1511.73 0.0064459 -0.0104949 -0.0104949 0 0 0 -4.5109e-11 -4.4701 -4.4701 0 -2.23713e-16 0 6.69798e-11 0 0 
1511.78 0.0064459 -0.0104949 -0.0104949 0 0 0 -4.49956e-11 -4.4701 -4.4701 0 -2.23713e-16 0 6.72942e-11 0 0 
1511.84 0.0064459 -0.0104949 -0.0104949 0 0 0 -4.49578e-11 -4.4701 -4.4701 0 -2.23713e-16 0 6.76087e-11 0 0 
1511.89 0.0064459 -0.0104949 -0.0104949 0 0 0 -4.49578e-11 -4.4701 -4.4701 0 -2.23713e-16 0 6.79231e-11 0 0 
1511.95 0.0064459 -0.0104949 -0.0104949 0 0 0 -4.48444e-11 -4.4701 -4.4701 0 -2.23713e-16 0 6.82376e-11 0 0 
1512 0.0064459 -0.0104949 -0.0104949 0 0 0 -4.47311e-11 -4.4701 -4.4701 0 -2.23713e-16 0 6.85521e-11 0 0 
1512.06 0.0064459 -0.0104949 -0.0104949 0 0 0 -4.46556e-11 -4.4701 -4.4701 0 -2.23713e-16 0 6.88665e-11 0 0 
1512.11 0.0064459 -0.0104949 -0.0104949 0 0 0 -4.46179e-11 -4.4701 -4.4701 0 -2.23713e-16 0 6.9181e-11 0 0 
1512.17 0.0064459 -0.0104949 -0.0104949 0 0 0 -4.45424e-11 -4.4701 -4.4701 0 -2.23713e-16 0 6.94954e-11 0 0 
1512.22 0.0064459 -0.0104949 -0.0104949 0 0 0 -4.45424e-11 -4.4701 -4.4701 0 -2.23713e-16 0 6.98099e-11 0 0 
1512.28 0.0064459 -0.0104949 -0.0104949 0 0 0 -4.45424e-11 -4.4701 -4.4701 0 -2.23713e-16 0 7.01244e-11 0 0 
1512.33 0.0064459 -0.0104949 -0.0104949 0 0 0 -4.45046e-11 -4.4701 -4.4701 0 -2.23713e-16 0 7.04388e-11 0 0 
1512.39 0.0064459 -0.0104949 -0.0104949 0 0 0 -4.44669e-11 -4.4701 -4.4701 0 -2.23713e-16 0 7.07533e-11 0 0 
1512.44 0.0064459 -0.0104949 -0.0104949 0 0 0 -4.43534e-11 -4.4701 -4.4701 0 -2.23713e-16 0 7.10677e-11 0 0 
1512.5 0.0064459 -0.0104949 -0.0104949 0 0 0 -4.43157e-11 -4.4701 -4.4701 0 -2.23713e-16 0 7.13822e-11 0 0 
1512.56 0.0064459 -0.0104949 -0.0104949 0 0 0 -4.43157e-11 -4.4701 -4.4701 0 -2.23713e-16 0 7.16967e-11 0 0 
1512.61 0.0064459 -0.0104949 -0.0104949 0 0 0 -4.42022e-11 -4.4701 -4.4701 0 -2.23713e-16 0 7.20111e-11 0 0 
1512.67 0.0064459 -0.0104949 -0.0104949 0 0 0 -4.42022e-11 -4.4701 -4.4701 0 -2.23713e-16 0 7.23256e-11 0 0 
1512.72 0.0064459 -0.0104949 -0.0104949 0 0 0 -4.41644e-11 -4.4701 -4.4701 0 -2.23713e-16 0 7.264e-11 0 0 
1512.78 0.0064459 -0.0104949 -0.0104949 0 0 0 -4.39757e-11 -4.4701 -4.4701 0 -2.23713e-16 0 7.29545e-11 0 0 
1512.83 0.0064459 -0.0104949 -0.0104949 0 0 0 -4.39757e-11 -4.4701 -4.4701 0 -2.23713e-16 0 7.32689e-11 0 0 
1512.89 0.0064459 -0.0104949 -0.0104949 0 0 0 -4.39757e-11 -4.4701 -4.4701 0 -2.23713e-16 0 7.35834e-11 0 0 
1512.94 0.0064459 -0.0104949 -0.0104949 0 0 0 -4.39002e-11 -4.4701 -4.4701 0 -2.23713e-16 0 7.38979e-11 0 0 
1513 0.0064459 -0.0104949 -0.0104949 0 0 0 -4.38247e-11 -4.4701 -4.4701 0 -2.23713e-16 0 7.42123e-11 0 0 
1513.05 0.0064459 -0.0104949 -0.0104949 0 0 0 -4.38247e-11 -4.4701 -4.4701 0 -2.23713e-16 0 7.45268e-11 0 0 
1513.11 0.0064459 -0.0104949 -0.0104949 0 0 0 -4.3787e-11 -4.4701 -4.4701 0 -2.23713e-16 0 7.48412e-11 0 0 
1513.16 0.0064459 -0.0104949 -0.0104949 0 0 0 -4.36737e-11 -4.4701 -4.4701 0 -2.23713e-16 0 7.51557e-11 0 0 
1513.22 0.0064459 -0.0104949 -0.0104949 0 0 0 -4.37115e-11 -4.4701 -4.4701 0 -2.23713e-16 0 7.54702e-11 0 0 
1513.27 0.0064459 -0.0104949 -0.0104949 0 0 0 -4.37115e-11 -4.4701 -4.4701 0 -2.23713e-16 0 7.57846e-11 0 0 
1513.33 0.0064459 -0.0104949 -0.0104949 0 0 0 -4.36358e-11 -4.4701 -4.4701 0 -2.23713e-16 0 7.60991e-11 0 0 
1513.38 0.0064459 -0.0104949 -0.0104949 0 0 0 -4.356e-11 -4.4701 -4.4701 0 -2.23713e-16 0 7.64135e-11 0 0 
1513.44 0.0064459 -0.0104949 -0.0104949 0 0 0 -4.34845e-11 -4.4701 -4.4701 0 -2.23713e-16 0 7.6728e-11 0 0 
1513.49 0.0064459 -0.0104949 -0.0104949 0 0 0 -4.34091e-11 -4.4701 -4.4701 0 -2.23713e-16 0 7.70425e-11 0 0 
1513.55 0.0064459 -0.0104949 -0.0104949 0 0 0 -4.33713e-11 -4.4701 -4.4701 0 -2.23713e-16 0 7.73569e-11 0 0 
1513.6 0.0064459 -0.0104949 -0.0104949 0 0 0 -4.33713e-11 -4.4701 -4.4701 0 -2.23713e-16 0 7.76714e-11 0 0 
1513.66 0.0064459 -0.0104949 -0.0104949 0 0 0 -4.33336e-11 -4.4701 -4.4701 0 -2.23713e-16 0 7.79858e-11 0 0 
1513.71 0.0064459 -0.0104949 -0.0104949 0 0 0 -4.32581e-11 -4.4701 -4.4701 0 -2.23713e-16 0 7.83003e-11 0 0 
1513.77 0.0064459 -0.0104949 -0.0104949 0 0 0 -4.32203e-11 -4.4701 -4.4701 0 -2.23713e-16 0 7.86148e-11 0 0 
1513.82 0.0064459 -0.0104949 -0.0104949 0 0 0 -4.32203e-11 -4.4701 -4.4701 0 -2.23713e-16 0 7.89292e-11 0 0 
1513.88 0.0064459 -0.0104949 -0.0104949 0 0 0 -4.31826e-11 -4.4701 -4.4701 0 -2.23713e-16 0 7.92437e-11 0 0 
1513.93 0.0064459 -0.0104949 -0.0104949 0 0 0 -4.31071e-11 -4.4701 -4.4701 0 -2.23713e-16 0 7.95581e-11 0 0 
1513.99 0.0064459 -0.0104949 -0.0104949 0 0 0 -4.30316e-11 -4.4701 -4.4701 0 -2.23713e-16 0 7.98726e-11 0 0 
1514.04 0.0064459 -0.0104949 -0.0104949 0 0 0 -4.29938e-11 -4.4701 -4.4701 0 -2.23713e-16 0 8.0187e-11 0 0 
1514.1 0.0064459 -0.0104949 -0.0104949 0 0 0 -4.29559e-11 -4.4701 -4.4701 0 -2.23713e-16 0 8.05015e-11 0 0 
1514.15 0.0064459 -0.0104949 -0.0104949 0 0 0 -4.28424e-11 -4.4701 -4.4701 0 -2.23713e-16 0 8.0816e-11 0 0 
1514.21 0.0064459 -0.0104949 -0.0104949 0 0 0 -4.26914e-11 -4.4701 -4.4701 0 -2.23713e-16 0 8.11304e-11 0 0 
1514.26 0.0064459 -0.0104949 -0.0104949 0 0 0 -4.26537e-11 -4.4701 -4.4701 0 -2.23713e-16 0 8.14449e-11 0 0 
1514.32 0.0064459 -0.0104949 -0.0104949 0 0 0 -4.26914e-11 -4.4701 -4.4701 0 -2.23713e-16 0 8.17593e-11 0 0 
1514.37 0.0064459 -0.0104949 -0.0104949 0 0 0 -4.25782e-11 -4.4701 -4.4701 0 -2.23713e-16 0 8.20738e-11 0 0 
1514.43 0.0064459 -0.0104949 -0.0104949 0 0 0 -4.24272e-11 -4.4701 -4.4701 0 -2.23713e-16 0 8.23883e-11 0 0 
1514.48 0.0064459 -0.0104949 -0.0104949 0 0 0 -4.24272e-11 -4.4701 -4.4701 0 -2.23713e-16 0 8.27027e-11 0 0 
1514.54 0.0064459 -0.0104949 -0.0104949 0 0 0 -4.23515e-11 -4.4701 -4.4701 0 -2.23713e-16 0 8.30172e-11 0 0 
1514.59 0.0064459 -0.0104949 -0.0104949 0 0 0 -4.21625e-11 -4.4701 -4.4701 0 -2.23713e-16 0 8.33316e-11 0 0 
1514.65 0.0064459 -0.0104949 -0.0104949 0 0 0 -4.22005e-11 -4.4701 -4.4701 0 -2.23713e-16 0 8.36461e-11 0 0 
1514.7 0.0064459 -0.0104949 -0.0104949 0 0 0 -4.2125e-11 -4.4701 -4.4701 0 -2.23713e-16 0 8.39606e-11 0 0 
1514.76 0.0064459 -0.0104949 -0.0104949 0 0 0 -4.20493e-11 -4.4701 -4.4701 0 -2.23713e-16 0 8.4275e-11 0 0 
1514.81 0.0064459 -0.0104949 -0.0104949 0 0 0 -4.2087e-11 -4.4701 -4.4701 0 -2.23713e-16 0 8.45895e-11 0 0 
1514.87 0.0064459 -0.0104949 -0.0104949 0 0 0 -4.19738e-11 -4.4701 -4.4701 0 -2.23713e-16 0 8.49039e-11 0 0 
1514.92 0.0064459 -0.0104949 -0.0104949 0 0 0 -4.19738e-11 -4.4701 -4.4701 0 -2.23713e-16 0 8.52184e-11 0 0 
1514.98 0.0064459 -0.0104949 -0.0104949 0 0 0 -4.19738e-11 -4.4701 -4.4701 0 -2.23713e-16 0 8.55329e-11 0 0 
1515.03 0.0064459 -0.0104949 -0.0104949 0 0 0 -4.18605e-11 -4.4701 -4.4701 0 -2.23713e-16 0 8.58473e-11 0 0 
1515.09 0.0064459 -0.0104949 -0.0104949 0 0 0 -4.16716e-11 -4.4701 -4.4701 0 -2.23713e-16 0 8.61618e-11 0 0 
1515.14 0.0064459 -0.0104949 -0.0104949 0 0 0 -4.15961e-11 -4.4701 -4.4701 0 -2.23713e-16 0 8.64762e-11 0 0 
1515.2 0.0064459 -0.0104949 -0.0104949 0 0 0 -4.15583e-11 -4.4701 -4.4701 0 -2.23713e-16 0 8.67907e-11 0 0 
1515.25 0.0064459 -0.0104949 -0.0104949 0 0 0 -4.14448e-11 -4.4701 -4.4701 0 -2.23713e-16 0 8.71051e-11 0 0 
1515.31 0.0064459 -0.0104949 -0.0104949 0 0 0 -4.13694e-11 -4.4701 -4.4701 0 -2.23713e-16 0 8.74196e-11 0 0 
1515.36 0.0064459 -0.0104949 -0.0104949 0 0 0 -4.12184e-11 -4.4701 -4.4701 0 -2.23713e-16 0 8.77341e-11 0 0 
1515.42 0.0064459 -0.0104949 -0.0104949 0 0 0 -4.11051e-11 -4.4701 -4.4701 0 -2.23713e-16 0 8.80485e-11 0 0 
1515.47 0.0064459 -0.0104949 -0.0104949 0 0 0 -4.11806e-11 -4.4701 -4.4701 0 -2.23713e-16 0 8.8363e-11 0 0 
1515.53 0.0064459 -0.0104949 -0.0104949 0 0 0 -4.11806e-11 -4.4701 -4.4701 0 -2.23713e-16 0 8.86774e-11 0 0 
1515.58 0.0064459 -0.0104949 -0.0104949 0 0 0 -4.11806e-11 -4.4701 -4.4701 0 -2.23713e-16 0 8.89919e-11 0 0 
1515.64 0.0064459 -0.0104949 -0.0104949 0 0 0 -4.11806e-11 -4.4701 -4.4701 0 -2.23713e-16 0 8.93064e-11 0 0 
1515.69 0.0064459 -0.0104949 -0.0104949 0 0 0 -4.11429e-11 -4.4701 -4.4701 0 -2.23713e-16 0 8.96208e-11 0 0 
1515.75 0.0064459 -0.0104949 -0.0104949 0 0 0 -4.10674e-11 -4.4701 -4.4701 0 -2.23713e-16 0 8.99353e-11 0 0 
1515.8 0.0064459 -0.0104949 -0.0104949 0 0 0 -4.08784e-11 -4.4701 -4.4701 0 -2.23713e-16 0 9.02497e-11 0 0 
1515.86 0.0064459 -0.0104949 -0.0104949 0 0 0 -4.08027e-11 -4.4701 -4.4701 0 -2.23713e-16 0 9.05642e-11 0 0 
1515.91 0.0064459 -0.0104949 -0.0104949 0 0 0 -4.08784e-11 -4.4701 -4.4701 0 -2.23713e-16 0 9.08787e-11 0 0 
1515.97 0.0064459 -0.0104949 -0.0104949 0 0 0 -4.08407e-11 -4.4701 -4.4701 0 -2.23713e-16 0 9.11931e-11 0 0 
1516.02 0.0064459 -0.0104949 -0.0104949 0 0 0 -4.05762e-11 -4.4701 -4.4701 0 -2.23713e-16 0 9.15076e-11 0 0 
1516.08 0.0064459 -0.0104949 -0.0104949 0 0 0 -4.03875e-11 -4.4701 -4.4701 0 -2.23713e-16 0 9.1822e-11 0 0 
1516.13 0.0064459 -0.0104949 -0.0104949 0 0 0 -4.0312e-11 -4.4701 -4.4701 0 -2.23713e-16 0 9.21365e-11 0 0 
1516.19 0.0064459 -0.0104949 -0.0104949 0 0 0 -4.02365e-11 -4.4701 -4.4701 0 -2.23713e-16 0 9.24509e-11 0 0 
1516.24 0.0064459 -0.0104949 -0.0104949 0 0 0 -4.0123e-11 -4.4701 -4.4701 0 -2.23713e-16 0 9.27654e-11 0 0 
1516.3 0.0064459 -0.0104949 -0.0104949 0 0 0 -3.99718e-11 -4.4701 -4.4701 0 -2.23713e-16 0 9.30799e-11 0 0 
1516.35 0.0064459 -0.0104949 -0.0104949 0 0 0 -3.98963e-11 -4.4701 -4.4701 0 -2.23713e-16 0 9.33943e-11 0 0 
1516.41 0.0064459 -0.0104949 -0.0104949 0 0 0 -3.98963e-11 -4.4701 -4.4701 0 -2.23713e-16 0 9.37088e-11 0 0 
1516.46 0.0064459 -0.0104949 -0.0104949 0 0 0 -3.98963e-11 -4.4701 -4.4701 0 -2.23713e-16 0 9.40232e-11 0 0 
1516.52 0.0064459 -0.0104949 -0.0104949 0 0 0 -3.97453e-11 -4.4701 -4.4701 0 -2.23713e-16 0 9.43377e-11 0 0 
1516.57 0.0064459 -0.0104949 -0.0104949 0 0 0 -3.97076e-11 -4.4701 -4.4701 0 -2.23713e-16 0 9.46522e-11 0 0 
1516.63 0.0064459 -0.0104949 -0.0104949 0 0 0 -3.96698e-11 -4.4701 -4.4701 0 -2.23713e-16 0 9.49666e-11 0 0 
1516.69 0.0064459 -0.0104949 -0.0104949 0 0 0 -3.95188e-11 -4.4701 -4.4701 0 -2.23713e-16 0 9.52811e-11 0 0 
1516.74 0.0064459 -0.0104949 -0.0104949 0 0 0 -3.93676e-11 -4.4701 -4.4701 0 -2.23713e-16 0 9.55955e-11 0 0 
1516.8 0.0064459 -0.0104949 -0.0104949 0 0 0 -3.91787e-11 -4.4701 -4.4701 0 -2.23713e-16 0 9.591e-11 0 0 
1516.85 0.0064459 -0.0104949 -0.0104949 0 0 0 -3.91032e-11 -4.4701 -4.4701 0 -2.23713e-16 0 9.62245e-11 0 0 
1516.91 0.0064459 -0.0104949 -0.0104949 0 0 0 -3.90277e-11 -4.4701 -4.4701 0 -2.23713e-16 0 9.65389e-11 0 0 
1516.96 0.0064459 -0.0104949 -0.0104949 0 0 0 -3.88387e-11 -4.4701 -4.4701 0 -2.23713e-16 0 9.68534e-11 0 0 
1517.02 0.0064459 -0.0104949 -0.0104949 0 0 0 -3.86875e-11 -4.4701 -4.4701 0 -2.23713e-16 0 9.71678e-11 0 0 
1517.07 0.0064459 -0.0104949 -0.0104949 0 0 0 -3.86498e-11 -4.4701 -4.4701 0 -2.23713e-16 0 9.74823e-11 0 0 
1517.13 0.0064459 -0.0104949 -0.0104949 0 0 0 -3.84988e-11 -4.4701 -4.4701 0 -2.23713e-16 0 9.77968e-11 0 0 
1517.18 0.0064459 -0.0104949 -0.0104949 0 0 0 -3.84233e-11 -4.4701 -4.4701 0 -2.23713e-16 0 9.81112e-11 0 0 
1517.24 0.0064459 -0.0104949 -0.0104949 0 0 0 -3.8461e-11 -4.4701 -4.4701 0 -2.23713e-16 0 9.84257e-11 0 0 
1517.29 0.0064459 -0.0104949 -0.0104949 0 0 0 -3.84233e-11 -4.4701 -4.4701 0 -2.23713e-16 0 9.87401e-11 0 0 
1517.35 0.0064459 -0.0104949 -0.0104949 0 0 0 -3.84988e-11 -4.4701 -4.4701 0 -2.23713e-16 0 9.90546e-11 0 0 
1517.4 0.0064459 -0.0104949 -0.0104949 0 0 0 -3.8461e-11 -4.4701 -4.4701 0 -2.23713e-16 0 9.9369e-11 0 0 
1517.46 0.0064459 -0.0104949 -0.0104949 0 0 0 -3.81966e-11 -4.4701 -4.4701 0 -2.23713e-16 0 9.96835e-11 0 0 
1517.51 0.0064459 -0.0104949 -0.0104949 0 0 0 -3.80453e-11 -4.4701 -4.4701 0 -2.23713e-16 0 9.9998e-11 0 0 
1517.57 0.0064459 -0.0104949 -0.0104949 0 0 0 -3.79698e-11 -4.4701 -4.4701 0 -2.23713e-16 0 1.00312e-10 0 0 
1517.62 0.0064459 -0.0104949 -0.0104949 0 0 0 -3.79321e-11 -4.4701 -4.4701 0 -2.23713e-16 0 1.00627e-10 0 0 
1517.68 0.0064459 -0.0104949 -0.0104949 0 0 0 -3.78944e-11 -4.4701 -4.4701 0 -2.23713e-16 0 1.00941e-10 0 0 
1517.73 0.0064459 -0.0104949 -0.0104949 0 0 0 -3.77811e-11 -4.4701 -4.4701 0 -2.23713e-16 0 1.01256e-10 0 0 
1517.79 0.0064459 -0.0104949 -0.0104949 0 0 0 -3.76301e-11 -4.4701 -4.4701 0 -2.23713e-16 0 1.0157e-10 0 0 
1517.84 0.0064459 -0.0104949 -0.0104949 0 0 0 -3.74412e-11 -4.4701 -4.4701 0 -2.23713e-16 0 1.01885e-10 0 0 
1517.9 0.0064459 -0.0104949 -0.0104949 0 0 0 -3.74034e-11 -4.4701 -4.4701 0 -2.23713e-16 0 1.02199e-10 0 0 
1517.95 0.0064459 -0.0104949 -0.0104949 0 0 0 -3.75169e-11 -4.4701 -4.4701 0 -2.23713e-16 0 1.02514e-10 0 0 
1518.01 0.0064459 -0.0104949 -0.0104949 0 0 0 -3.74789e-11 -4.4701 -4.4701 0 -2.23713e-16 0 1.02828e-10 0 0 
1518.06 0.0064459 -0.0104949 -0.0104949 0 0 0 -3.74032e-11 -4.4701 -4.4701 0 -2.23713e-16 0 1.03143e-10 0 0 
1518.12 0.0064459 -0.0104949 -0.0104949 0 0 0 -3.73277e-11 -4.4701 -4.4701 0 -2.23713e-16 0 1.03457e-10 0 0 
1518.17 0.0064459 -0.0104949 -0.0104949 0 0 0 -3.72145e-11 -4.4701 -4.4701 0 -2.23713e-16 0 1.03771e-10 0 0 
1518.23 0.0064459 -0.0104949 -0.0104949 0 0 0 -3.70257e-11 -4.4701 -4.4701 0 -2.23713e-16 0 1.04086e-10 0 0 
1518.28 0.0064459 -0.0104949 -0.0104949 0 0 0 -3.69502e-11 -4.4701 -4.4701 0 -2.23713e-16 0 1.044e-10 0 0 
1518.34 0.0064459 -0.0104949 -0.0104949 0 0 0 -3.69502e-11 -4.4701 -4.4701 0 -2.23713e-16 0 1.04715e-10 0 0 
1518.39 0.0064459 -0.0104949 -0.0104949 0 0 0 -3.69502e-11 -4.4701 -4.4701 0 -2.23713e-16 0 1.05029e-10 0 0 
1518.45 0.0064459 -0.0104949 -0.0104949 0 0 0 -3.6988e-11 -4.4701 -4.4701 0 -2.23713e-16 0 1.05344e-10 0 0 
1518.5 0.0064459 -0.0104949 -0.0104949 0 0 0 -3.69502e-11 -4.4701 -4.4701 0 -2.23713e-16 0 1.05658e-10 0 0 
1518.56 0.0064459 -0.0104949 -0.0104949 0 0 0 -3.6799e-11 -4.4701 -4.4701 0 -2.23713e-16 0 1.05973e-10 0 0 
1518.61 0.0064459 -0.0104949 -0.0104949 0 0 0 -3.66478e-11 -4.4701 -4.4701 0 -2.23713e-16 0 1.06287e-10 0 0 
1518.67 0.0064459 -0.0104949 -0.0104949 0 0 0 -3.64591e-11 -4.4701 -4.4701 0 -2.23713e-16 0 1.06602e-10 0 0 
1518.72 0.0064459 -0.0104949 -0.0104949 0 0 0 -3.63458e-11 -4.4701 -4.4701 0 -2.23713e-16 0 1.06916e-10 0 0 
1518.78 0.0064459 -0.0104949 -0.0104949 0 0 0 -3.65346e-11 -4.4701 -4.4701 0 -2.23713e-16 0 1.07231e-10 0 0 
1518.83 0.0064459 -0.0104949 -0.0104949 0 0 0 -3.64968e-11 -4.4701 -4.4701 0 -2.23713e-16 0 1.07545e-10 0 0 
1518.89 0.0064459 -0.0104949 -0.0104949 0 0 0 -3.62326e-11 -4.4701 -4.4701 0 -2.23713e-16 0 1.07859e-10 0 0 
1518.94 0.0064459 -0.0104949 -0.0104949 0 0 0 -3.60059e-11 -4.4701 -4.4701 0 -2.23713e-16 0 1.08174e-10 0 0 
1519 0.0064459 -0.0104949 -0.0104949 0 0 0 -3.60059e-11 -4.4701 -4.4701 0 -2.23713e-16 0 1.08488e-10 0 0 
1519.05 0.0064459 -0.0104949 -0.0104949 0 0 0 -3.61193e-11 -4.4701 -4.4701 0 -2.23713e-16 0 1.08803e-10 0 0 
1519.11 0.0064459 -0.0104949 -0.0104949 0 0 0 -3.60059e-11 -4.4701 -4.4701 0 -2.23713e-16 0 1.09117e-10 0 0 
1519.16 0.0064459 -0.0104949 -0.0104949 0 0 0 -3.58169e-11 -4.4701 -4.4701 0 -2.23713e-16 0 1.09432e-10 0 0 
1519.22 0.0064459 -0.0104949 -0.0104949 0 0 0 -3.58547e-11 -4.4701 -4.4701 0 -2.23713e-16 0 1.09746e-10 0 0 
1519.27 0.0064459 -0.0104949 -0.0104949 0 0 0 -3.57037e-11 -4.4701 -4.4701 0 -2.23713e-16 0 1.10061e-10 0 0 
1519.33 0.0064459 -0.0104949 -0.0104949 0 0 0 -3.54772e-11 -4.4701 -4.4701 0 -2.23713e-16 0 1.10375e-10 0 0 
1519.38 0.0064459 -0.0104949 -0.0104949 0 0 0 -3.53637e-11 -4.4701 -4.4701 0 -2.23713e-16 0 1.1069e-10 0 0 
1519.44 0.0064459 -0.0104949 -0.0104949 0 0 0 -3.5288e-11 -4.4701 -4.4701 0 -2.23713e-16 0 1.11004e-10 0 0 
1519.49 0.0064459 -0.0104949 -0.0104949 0 0 0 -3.53635e-11 -4.4701 -4.4701 0 -2.23713e-16 0 1.11318e-10 0 0 
1519.55 0.0064459 -0.0104949 -0.0104949 0 0 0 -3.53635e-11 -4.4701 -4.4701 0 -2.23713e-16 0 1.11633e-10 0 0 
1519.6 0.0064459 -0.0104949 -0.0104949 0 0 0 -3.52125e-11 -4.4701 -4.4701 0 -2.23713e-16 0 1.11947e-10 0 0 
1519.66 0.0064459 -0.0104949 -0.0104949 0 0 0 -3.5137e-11 -4.4701 -4.4701 0 -2.23713e-16 0 1.12262e-10 0 0 
1519.71 0.0064459 -0.0104949 -0.0104949 0 0 0 -3.50615e-11 -4.4701 -4.4701 0 -2.23713e-16 0 1.12576e-10 0 0 
1519.77 0.0064459 -0.0104949 -0.0104949 0 0 0 -3.4835e-11 -4.4701 -4.4701 0 -2.23713e-16 0 1.12891e-10 0 0 
1519.82 0.0064459 -0.0104949 -0.0104949 0 0 0 -3.4835e-11 -4.4701 -4.4701 0 -2.23713e-16 0 1.13205e-10 0 0 
1519.88 0.0064459 -0.0104949 -0.0104949 0 0 0 -3.4835e-11 -4.4701 -4.4701 0 -2.23713e-16 0 1.1352e-10 0 0 
1519.93 0.0064459 -0.0104949 -0.0104949 0 0 0 -3.46838e-11 -4.4701 -4.4701 0 -2.23713e-16 0 1.13834e-10 0 0 
1519.99 0.0064459 -0.0104949 -0.0104949 0 0 0 -3.44571e-11 -4.4701 -4.4701 0 -2.23713e-16 0 1.14149e-10 0 0 
1520.04 0.0064459 -0.0104949 -0.0104949 0 0 0 -3.43061e-11 -4.4701 -4.4701 0 -2.23713e-16 0 1.14463e-10 0 0 
1520.1 0.0064459 -0.0104949 -0.0104949 0 0 0 -3.42306e-11 -4.4701 -4.4701 0 -2.23713e-16 0 1.14778e-10 0 0 
1520.15 0.0064459 -0.0104949 -0.0104949 0 0 0 -3.41551e-11 -4.4701 -4.4701 0 -2.23713e-16 0 1.15092e-10 0 0 
1520.21 0.0064459 -0.0104949 -0.0104949 0 0 0 -3.40794e-11 -4.4701 -4.4701 0 -2.23713e-16 0 1.15406e-10 0 0 
1520.26 0.0064459 -0.0104949 -0.0104949 0 0 0 -3.39282e-11 -4.4701 -4.4701 0 -2.23713e-16 0 1.15721e-10 0 0 
1520.32 0.0064459 -0.0104949 -0.0104949 0 0 0 -3.39282e-11 -4.4701 -4.4701 0 -2.23713e-16 0 1.16035e-10 0 0 
1520.37 0.0064459 -0.0104949 -0.0104949 0 0 0 -3.37017e-11 -4.4701 -4.4701 0 -2.23713e-16 0 1.1635e-10 0 0 
1520.43 0.0064459 -0.0104949 -0.0104949 0 0 0 -3.35507e-11 -4.4701 -4.4701 0 -2.23713e-16 0 1.16664e-10 0 0 
1520.48 0.0064459 -0.0104949 -0.0104949 0 0 0 -3.36262e-11 -4.4701 -4.4701 0 -2.23713e-16 0 1.16979e-10 0 0 
1520.54 0.0064459 -0.0104949 -0.0104949 0 0 0 -3.33995e-11 -4.4701 -4.4701 0 -2.23713e-16 0 1.17293e-10 0 0 
1520.59 0.0064459 -0.0104949 -0.0104949 0 0 0 -3.30973e-11 -4.4701 -4.4701 0 -2.23713e-16 0 1.17608e-10 0 0 
1520.65 0.0064459 -0.0104949 -0.0104949 0 0 0 -3.28708e-11 -4.4701 -4.4701 0 -2.23713e-16 0 1.17922e-10 0 0 
1520.7 0.0064459 -0.0104949 -0.0104949 0 0 0 -3.26441e-11 -4.4701 -4.4701 0 -2.23713e-16 0 1.18237e-10 0 0 
1520.76 0.0064459 -0.0104949 -0.0104949 0 0 0 -3.24929e-11 -4.4701 -4.4701 0 -2.23713e-16 0 1.18551e-10 0 0 
1520.81 0.0064459 -0.0104949 -0.0104949 0 0 0 -3.25686e-11 -4.4701 -4.4701 0 -2.23713e-16 0 1.18866e-10 0 0 
1520.87 0.0064459 -0.0104949 -0.0104949 0 0 0 -3.25686e-11 -4.4701 -4.4701 0 -2.23713e-16 0 1.1918e-10 0 0 
1520.93 0.0064459 -0.0104949 -0.0104949 0 0 0 -3.24174e-11 -4.4701 -4.4701 0 -2.23713e-16 0 1.19494e-10 0 0 
1520.98 0.0064459 -0.0104949 -0.0104949 0 0 0 -3.23419e-11 -4.4701 -4.4701 0 -2.23713e-16 0 1.19809e-10 0 0 
1521.04 0.0064459 -0.0104949 -0.0104949 0 0 0 -3.22664e-11 -4.4701 -4.4701 0 -2.23713e-16 0 1.20123e-10 0 0 
1521.09 0.0064459 -0.0104949 -0.0104949 0 0 0 -3.21154e-11 -4.4701 -4.4701 0 -2.23713e-16 0 1.20438e-10 0 0 
1521.15 0.0064459 -0.0104949 -0.0104949 0 0 0 -3.21154e-11 -4.4701 -4.4701 0 -2.23713e-16 0 1.20752e-10 0 0 
1521.2 0.0064459 -0.0104949 -0.0104949 0 0 0 -3.20397e-11 -4.4701 -4.4701 0 -2.23713e-16 0 1.21067e-10 0 0 
1521.26 0.0064459 -0.0104949 -0.0104949 0 0 0 -3.18885e-11 -4.4701 -4.4701 0 -2.23713e-16 0 1.21381e-10 0 0 
1521.31 0.0064459 -0.0104949 -0.0104949 0 0 0 -3.1813e-11 -4.4701 -4.4701 0 -2.23713e-16 0 1.21696e-10 0 0 
1521.37 0.0064459 -0.0104949 -0.0104949 0 0 0 -3.1662e-11 -4.4701 -4.4701 0 -2.23713e-16 0 1.2201e-10 0 0 
1521.42 0.0064459 -0.0104949 -0.0104949 0 0 0 -3.15865e-11 -4.4701 -4.4701 0 -2.23713e-16 0 1.22325e-10 0 0 
1521.48 0.0064459 -0.0104949 -0.0104949 0 0 0 -3.15865e-11 -4.4701 -4.4701 0 -2.23713e-16 0 1.22639e-10 0 0 
1521.53 0.0064459 -0.0104949 -0.0104949 0 0 0 -3.15865e-11 -4.4701 -4.4701 0 -2.23713e-16 0 1.22953e-10 0 0 
1521.59 0.0064459 -0.0104949 -0.0104949 0 0 0 -3.15865e-11 -4.4701 -4.4701 0 -2.23713e-16 0 1.23268e-10 0 0 
1521.64 0.0064459 -0.0104949 -0.0104949 0 0 0 -3.1511e-11 -4.4701 -4.4701 0 -2.23713e-16 0 1.23582e-10 0 0 
1521.7 0.0064459 -0.0104949 -0.0104949 0 0 0 -3.14355e-11 -4.4701 -4.4701 0 -2.23713e-16 0 1.23897e-10 0 0 
1521.75 0.0064459 -0.0104949 -0.0104949 0 0 0 -3.136e-11 -4.4701 -4.4701 0 -2.23713e-16 0 1.24211e-10 0 0 
1521.81 0.0064459 -0.0104949 -0.0104949 0 0 0 -3.14355e-11 -4.4701 -4.4701 0 -2.23713e-16 0 1.24526e-10 0 0 
1521.86 0.0064459 -0.0104949 -0.0104949 0 0 0 -3.14355e-11 -4.4701 -4.4701 0 -2.23713e-16 0 1.2484e-10 0 0 
1521.92 0.0064459 -0.0104949 -0.0104949 0 0 0 -3.12088e-11 -4.4701 -4.4701 0 -2.23713e-16 0 1.25155e-10 0 0 
1521.97 0.0064459 -0.0104949 -0.0104949 0 0 0 -3.09821e-11 -4.4701 -4.4701 0 -2.23713e-16 0 1.25469e-10 0 0 
1522.03 0.0064459 -0.0104949 -0.0104949 0 0 0 -3.09066e-11 -4.4701 -4.4701 0 -2.23713e-16 0 1.25784e-10 0 0 
1522.08 0.0064459 -0.0104949 -0.0104949 0 0 0 -3.08311e-11 -4.4701 -4.4701 0 -2.23713e-16 0 1.26098e-10 0 0 
1522.14 0.0064459 -0.0104949 -0.0104949 0 0 0 -3.06044e-11 -4.4701 -4.4701 0 -2.23713e-16 0 1.26413e-10 0 0 
1522.19 0.0064459 -0.0104949 -0.0104949 0 0 0 -3.06044e-11 -4.4701 -4.4701 0 -2.23713e-16 0 1.26727e-10 0 0 
1522.25 0.0064459 -0.0104949 -0.0104949 0 0 0 -3.04534e-11 -4.4701 -4.4701 0 -2.23713e-16 0 1.27041e-10 0 0 
1522.3 0.0064459 -0.0104949 -0.0104949 0 0 0 -3.02267e-11 -4.4701 -4.4701 0 -2.23713e-16 0 1.27356e-10 0 0 
1522.36 0.0064459 -0.0104949 -0.0104949 0 0 0 -3.02267e-11 -4.4701 -4.4701 0 -2.23713e-16 0 1.2767e-10 0 0 
1522.41 0.0064459 -0.0104949 -0.0104949 0 0 0 -3.02267e-11 -4.4701 -4.4701 0 -2.23713e-16 0 1.27985e-10 0 0 
1522.47 0.0064459 -0.0104949 -0.0104949 0 0 0 -3.01512e-11 -4.4701 -4.4701 0 -2.23713e-16 0 1.28299e-10 0 0 
1522.52 0.0064459 -0.0104949 -0.0104949 0 0 0 -2.99245e-11 -4.4701 -4.4701 0 -2.23713e-16 0 1.28614e-10 0 0 
1522.58 0.0064459 -0.0104949 -0.0104949 0 0 0 -2.9849e-11 -4.4701 -4.4701 0 -2.23713e-16 0 1.28928e-10 0 0 
1522.63 0.0064459 -0.0104949 -0.0104949 0 0 0 -2.99247e-11 -4.4701 -4.4701 0 -2.23713e-16 0 1.29243e-10 0 0 
1522.69 0.0064459 -0.0104949 -0.0104949 0 0 0 -2.9698e-11 -4.4701 -4.4701 0 -2.23713e-16 0 1.29557e-10 0 0 
1522.74 0.0064459 -0.0104949 -0.0104949 0 0 0 -2.96223e-11 -4.4701 -4.4701 0 -2.23713e-16 0 1.29872e-10 0 0 
1522.8 0.0064459 -0.0104949 -0.0104949 0 0 0 -2.96223e-11 -4.4701 -4.4701 0 -2.23713e-16 0 1.30186e-10 0 0 
1522.85 0.0064459 -0.0104949 -0.0104949 0 0 0 -2.93201e-11 -4.4701 -4.4701 0 -2.23713e-16 0 1.305e-10 0 0 
1522.91 0.0064459 -0.0104949 -0.0104949 0 0 0 -2.92446e-11 -4.4701 -4.4701 0 -2.23713e-16 0 1.30815e-10 0 0 
1522.96 0.0064459 -0.0104949 -0.0104949 0 0 0 -2.92446e-11 -4.4701 -4.4701 0 -2.23713e-16 0 1.31129e-10 0 0 
1523.02 0.0064459 -0.0104949 -0.0104949 0 0 0 -2.91689e-11 -4.4701 -4.4701 0 -2.23713e-16 0 1.31444e-10 0 0 
1523.07 0.0064459 -0.0104949 -0.0104949 0 0 0 -2.91689e-11 -4.4701 -4.4701 0 -2.23713e-16 0 1.31758e-10 0 0 
1523.13 0.0064459 -0.0104949 -0.0104949 0 0 0 -2.90179e-11 -4.4701 -4.4701 0 -2.23713e-16 0 1.32073e-10 0 0 
1523.18 0.0064459 -0.0104949 -0.0104949 0 0 0 -2.87914e-11 -4.4701 -4.4701 0 -2.23713e-16 0 1.32387e-10 0 0 
1523.24 0.0064459 -0.0104949 -0.0104949 0 0 0 -2.86404e-11 -4.4701 -4.4701 0 -2.23713e-16 0 1.32702e-10 0 0 
1523.29 0.0064459 -0.0104949 -0.0104949 0 0 0 -2.85649e-11 -4.4701 -4.4701 0 -2.23713e-16 0 1.33016e-10 0 0 
1523.35 0.0064459 -0.0104949 -0.0104949 0 0 0 -2.84892e-11 -4.4701 -4.4701 0 -2.23713e-16 0 1.33331e-10 0 0 
1523.4 0.0064459 -0.0104949 -0.0104949 0 0 0 -2.85647e-11 -4.4701 -4.4701 0 -2.23713e-16 0 1.33645e-10 0 0 
1523.46 0.0064459 -0.0104949 -0.0104949 0 0 0 -2.86404e-11 -4.4701 -4.4701 0 -2.23713e-16 0 1.3396e-10 0 0 
1523.51 0.0064459 -0.0104949 -0.0104949 0 0 0 -2.86404e-11 -4.4701 -4.4701 0 -2.23713e-16 0 1.34274e-10 0 0 
1523.57 0.0064459 -0.0104949 -0.0104949 0 0 0 -2.84892e-11 -4.4701 -4.4701 0 -2.23713e-16 0 1.34588e-10 0 0 
1523.62 0.0064459 -0.0104949 -0.0104949 0 0 0 -2.8187e-11 -4.4701 -4.4701 0 -2.23713e-16 0 1.34903e-10 0 0 
1523.68 0.0064459 -0.0104949 -0.0104949 0 0 0 -2.79603e-11 -4.4701 -4.4701 0 -2.23713e-16 0 1.35217e-10 0 0 
1523.73 0.0064459 -0.0104949 -0.0104949 0 0 0 -2.79603e-11 -4.4701 -4.4701 0 -2.23713e-16 0 1.35532e-10 0 0 
1523.79 0.0064459 -0.0104949 -0.0104949 0 0 0 -2.79603e-11 -4.4701 -4.4701 0 -2.23713e-16 0 1.35846e-10 0 0 
1523.84 0.0064459 -0.0104949 -0.0104949 0 0 0 -2.78091e-11 -4.4701 -4.4701 0 -2.23713e-16 0 1.36161e-10 0 0 
1523.9 0.0064459 -0.0104949 -0.0104949 0 0 0 -2.76581e-11 -4.4701 -4.4701 0 -2.23713e-16 0 1.36475e-10 0 0 
1523.95 0.0064459 -0.0104949 -0.0104949 0 0 0 -2.75071e-11 -4.4701 -4.4701 0 -2.23713e-16 0 1.3679e-10 0 0 
1524.01 0.0064459 -0.0104949 -0.0104949 0 0 0 -2.73561e-11 -4.4701 -4.4701 0 -2.23713e-16 0 1.37104e-10 0 0 
1524.06 0.0064459 -0.0104949 -0.0104949 0 0 0 -2.72806e-11 -4.4701 -4.4701 0 -2.23713e-16 0 1.37419e-10 0 0 
1524.12 0.0064459 -0.0104949 -0.0104949 0 0 0 -2.72806e-11 -4.4701 -4.4701 0 -2.23713e-16 0 1.37733e-10 0 0 
1524.17 0.0064459 -0.0104949 -0.0104949 0 0 0 -2.70539e-11 -4.4701 -4.4701 0 -2.23713e-16 0 1.38048e-10 0 0 
1524.23 0.0064459 -0.0104949 -0.0104949 0 0 0 -2.69027e-11 -4.4701 -4.4701 0 -2.23713e-16 0 1.38362e-10 0 0 
1524.28 0.0064459 -0.0104949 -0.0104949 0 0 0 -2.68272e-11 -4.4701 -4.4701 0 -2.23713e-16 0 1.38676e-10 0 0 
1524.34 0.0064459 -0.0104949 -0.0104949 0 0 0 -2.66762e-11 -4.4701 -4.4701 0 -2.23713e-16 0 1.38991e-10 0 0 
1524.39 0.0064459 -0.0104949 -0.0104949 0 0 0 -2.64495e-11 -4.4701 -4.4701 0 -2.23713e-16 0 1.39305e-10 0 0 
1524.45 0.0064459 -0.0104949 -0.0104949 0 0 0 -2.62983e-11 -4.4701 -4.4701 0 -2.23713e-16 0 1.3962e-10 0 0 
1524.5 0.0064459 -0.0104949 -0.0104949 0 0 0 -2.61473e-11 -4.4701 -4.4701 0 -2.23713e-16 0 1.39934e-10 0 0 
1524.56 0.0064459 -0.0104949 -0.0104949 0 0 0 -2.60718e-11 -4.4701 -4.4701 0 -2.23713e-16 0 1.40249e-10 0 0 
1524.61 0.0064459 -0.0104949 -0.0104949 0 0 0 -2.60718e-11 -4.4701 -4.4701 0 -2.23713e-16 0 1.40563e-10 0 0 
1524.67 0.0064459 -0.0104949 -0.0104949 0 0 0 -2.57696e-11 -4.4701 -4.4701 0 -2.23713e-16 0 1.40878e-10 0 0 
1524.72 0.0064459 -0.0104949 -0.0104949 0 0 0 -2.55429e-11 -4.4701 -4.4701 0 -2.23713e-16 0 1.41192e-10 0 0 
1524.78 0.0064459 -0.0104949 -0.0104949 0 0 0 -2.55429e-11 -4.4701 -4.4701 0 -2.23713e-16 0 1.41507e-10 0 0 
1524.83 0.0064459 -0.0104949 -0.0104949 0 0 0 -2.55429e-11 -4.4701 -4.4701 0 -2.23713e-16 0 1.41821e-10 0 0 
1524.89 0.0064459 -0.0104949 -0.0104949 0 0 0 -2.56184e-11 -4.4701 -4.4701 0 -2.23713e-16 0 1.42135e-10 0 0 
1524.94 0.0064459 -0.0104949 -0.0104949 0 0 0 -2.56184e-11 -4.4701 -4.4701 0 -2.23713e-16 0 1.4245e-10 0 0 
1525 0.0064459 -0.0104949 -0.0104949 0 0 0 -2.55429e-11 -4.4701 -4.4701 0 -2.23713e-16 0 1.42764e-10 0 0 
1525 -6.35048e-14 0 0 0 0 0 -2.5313e-11 -6.60449e-12 -6.60449e-12 0 0 0 1.42764e-10 0 0 
1525.06 -6.35048e-14 0 0 0 0 0 -2.5313e-11 -6.60449e-12 -6.60449e-12 0 0 0 1.42764e-10 0 0 
1525.11 -6.37268e-14 0 0 0 0 0 -2.54015e-11 -6.62759e-12 -6.62759e-12 0 0 0 1.42764e-10 0 0 
1525.17 -6.35048e-14 0 0 0 0 0 -2.5313e-11 -6.60449e-12 -6.60449e-12 0 0 0 1.42764e-10 0 0 
1525.22 -6.30607e-14 0 0 0 0 0 -2.5136e-11 -6.55831e-12 -6.55831e-12 0 0 0 1.42764e-10 0 0 
1525.28 -6.26166e-14 0 0 0 0 0 -2.4959e-11 -6.51212e-12 -6.51212e-12 0 0 0 1.42764e-10 0 0 
1525.33 -6.23945e-14 0 0 0 0 0 -2.48705e-11 -6.48903e-12 -6.48903e-12 0 0 0 1.42764e-10 0 0 
1525.39 -6.32827e-14 0 0 0 0 0 -2.52245e-11 -6.5814e-12 -6.5814e-12 0 0 0 1.42764e-10 0 0 
1525.44 -6.39488e-14 0 0 0 0 0 -2.549e-11 -6.65068e-12 -6.65068e-12 0 0 0 1.42764e-10 0 0 
1525.5 -6.37268e-14 0 0 0 0 0 -2.54015e-11 -6.62759e-12 -6.62759e-12 0 0 0 1.42764e-10 0 0 
1525.55 -6.32827e-14 0 0 0 0 0 -2.52245e-11 -6.5814e-12 -6.5814e-12 0 0 0 1.42764e-10 0 0 
1525.61 -6.32827e-14 0 0 0 0 0 -2.52245e-11 -6.5814e-12 -6.5814e-12 0 0 0 1.42764e-10 0 0 
1525.66 -6.39488e-14 0 0 0 0 0 -2.549e-11 -6.65068e-12 -6.65068e-12 0 0 0 1.42764e-10 0 0 
1525.72 -6.4615e-14 0 0 0 0 0 -2.57555e-11 -6.71996e-12 -6.71996e-12 0 0 0 1.42764e-10 0 0 
1525.77 -6.37268e-14 0 0 0 0 0 -2.54015e-11 -6.62759e-12 -6.62759e-12 0 0 0 1.42764e-10 0 0 
1525.83 -6.35048e-14 0 0 0 0 0 -2.5313e-11 -6.60449e-12 -6.60449e-12 0 0 0 1.42764e-10 0 0 
1525.88 -6.41709e-14 0 0 0 0 0 -2.55785e-11 -6.67377e-12 -6.67377e-12 0 0 0 1.42764e-10 0 0 
1525.94 -6.39488e-14 0 0 0 0 0 -2.549e-11 -6.65068e-12 -6.65068e-12 0 0 0 1.42764e-10 0 0 
1525.99 -6.37268e-14 0 0 0 0 0 -2.54015e-11 -6.62759e-12 -6.62759e-12 0 0 0 1.42764e-10 0 0 
1526.05 -6.37268e-14 0 0 0 0 0 -2.54015e-11 -6.62759e-12 -6.62759e-12 0 0 0 1.42764e-10 0 0 
1526.1 -6.39488e-14 0 0 0 0 0 -2.549e-11 -6.65068e-12 -6.65068e-12 0 0 0 1.42764e-10 0 0 
1526.16 -6.32827e-14 0 0 0 0 0 -2.52245e-11 -6.5814e-12 -6.5814e-12 0 0 0 1.42764e-10 0 0 
1526.21 -6.30607e-14 0 0 0 0 0 -2.5136e-11 -6.55831e-12 -6.55831e-12 0 0 0 1.42764e-10 0 0 
1526.27 -6.32827e-14 0 0 0 0 0 -2.52245e-11 -6.5814e-12 -6.5814e-12 0 0 0 1.42764e-10 0 0 
1526.32 -6.32827e-14 0 0 0 0 0 -2.52245e-11 -6.5814e-12 -6.5814e-12 0 0 0 1.42764e-10 0 0 
1526.38 -6.32827e-14 0 0 0 0 0 -2.52245e-11 -6.5814e-12 -6.5814e-12 0 0 0 1.42764e-10 0 0 
1526.43 -6.39488e-14 0 0 0 0 0 -2.549e-11 -6.65068e-12 -6.65068e-12 0 0 0 1.42764e-10 0 0 
1526.49 -6.4615e-14 0 0 0 0 0 -2.57555e-11 -6.71996e-12 -6.71996e-12 0 0 0 1.42764e-10 0 0 
1526.54 -6.39488e-14 0 0 0 0 0 -2.549e-11 -6.65068e-12 -6.65068e-12 0 0 0 1.42764e-10 0 0 
1526.6 -6.32827e-14 0 0 0 0 0 -2.52245e-11 -6.5814e-12 -6.5814e-12 0 0 0 1.42764e-10 0 0 
1526.65 -6.28386e-14 0 0 0 0 0 -2.50475e-11 -6.53522e-12 -6.53522e-12 0 0 0 1.42764e-10 0 0 
1526.71 -6.28386e-14 0 0 0 0 0 -2.50475e-11 -6.53522e-12 -6.53522e-12 0 0 0 1.42764e-10 0 0 
1526.76 -6.28386e-14 0 0 0 0 0 -2.50475e-11 -6.53522e-12 -6.53522e-12 0 0 0 1.42764e-10 0 0 
1526.82 -6.23945e-14 0 0 0 0 0 -2.48705e-11 -6.48903e-12 -6.48903e-12 0 0 0 1.42764e-10 0 0 
1526.87 -6.30607e-14 0 0 0 0 0 -2.5136e-11 -6.55831e-12 -6.55831e-12 0 0 0 1.42764e-10 0 0 
1526.93 -6.39488e-14 0 0 0 0 0 -2.549e-11 -6.65068e-12 -6.65068e-12 0 0 0 1.42764e-10 0 0 
1526.98 -6.39488e-14 0 0 0 0 0 -2.549e-11 -6.65068e-12 -6.65068e-12 0 0 0 1.42764e-10 0 0 
1527.04 -6.37268e-14 0 0 0 0 0 -2.54015e-11 -6.62759e-12 -6.62759e-12 0 0 0 1.42764e-10 0 0 
1527.09 -6.28386e-14 0 0 0 0 0 -2.50475e-11 -6.53522e-12 -6.53522e-12 0 0 0 1.42764e-10 0 0 
1527.15 -6.23945e-14 0 0 0 0 0 -2.48705e-11 -6.48903e-12 -6.48903e-12 0 0 0 1.42764e-10 0 0 
1527.2 -6.30607e-14 0 0 0 0 0 -2.5136e-11 -6.55831e-12 -6.55831e-12 0 0 0 1.42764e-10 0 0 
1527.26 -6.35048e-14 0 0 0 0 0 -2.5313e-11 -6.60449e-12 -6.60449e-12 0 0 0 1.42764e-10 0 0 
1527.31 -6.32827e-14 0 0 0 0 0 -2.52245e-11 -6.5814e-12 -6.5814e-12 0 0 0 1.42764e-10 0 0 
1527.37 -6.28386e-14 0 0 0 0 0 -2.50475e-11 -6.53522e-12 -6.53522e-12 0 0 0 1.42764e-10 0 0 
1527.42 -6.28386e-14 0 0 0 0 0 -2.50475e-11 -6.53522e-12 -6.53522e-12 0 0 0 1.42764e-10 0 0 
1527.48 -6.30607e-14 0 0 0 0 0 -2.5136e-11 -6.55831e-12 -6.55831e-12 0 0 0 1.42764e-10 0 0 
1527.53 -6.32827e-14 0 0 0 0 0 -2.52245e-11 -6.5814e-12 -6.5814e-12 0 0 0 1.42764e-10 0 0 
1527.59 -6.37268e-14 0 0 0 0 0 -2.54015e-11 -6.62759e-12 -6.62759e-12 0 0 0 1.42764e-10 0 0 
1527.64 -6.37268e-14 0 0 0 0 0 -2.54015e-11 -6.62759e-12 -6.62759e-12 0 0 0 1.42764e-10 0 0 
1527.7 -6.32827e-14 0 0 0 0 0 -2.52245e-11 -6.5814e-12 -6.5814e-12 0 0 0 1.42764e-10 0 0 
1527.75 -6.37268e-14 0 0 0 0 0 -2.54015e-11 -6.62759e-12 -6.62759e-12 0 0 0 1.42764e-10 0 0 
1527.81 -6.41709e-14 0 0 0 0 0 -2.55785e-11 -6.67377e-12 -6.67377e-12 0 0 0 1.42764e-10 0 0 
1527.86 -6.35048e-14 0 0 0 0 0 -2.5313e-11 -6.60449e-12 -6.60449e-12 0 0 0 1.42764e-10 0 0 
1527.92 -6.28386e-14 0 0 0 0 0 -2.50475e-11 -6.53522e-12 -6.53522e-12 0 0 0 1.42764e-10 0 0 
1527.97 -6.28386e-14 0 0 0 0 0 -2.50475e-11 -6.53522e-12 -6.53522e-12 0 0 0 1.42764e-10 0 0 
1528.03 -6.26166e-14 0 0 0 0 0 -2.4959e-11 -6.51212e-12 -6.51212e-12 0 0 0 1.42764e-10 0 0 
1528.08 -6.19504e-14 0 0 0 0 0 -2.46934e-11 -6.44285e-12 -6.44285e-12 0 0 0 1.42764e-10 0 0 
1528.14 -6.19504e-14 0 0 0 0 0 -2.46934e-11 -6.44285e-12 -6.44285e-12 0 0 0 1.42764e-10 0 0 
1528.19 -6.21725e-14 0 0 0 0 0 -2.4782e-11 -6.46594e-12 -6.46594e-12 0 0 0 1.42764e-10 0 0 
1528.25 -6.21725e-14 0 0 0 0 0 -2.4782e-11 -6.46594e-12 -6.46594e-12 0 0 0 1.42764e-10 0 0 
1528.3 -6.15064e-14 0 0 0 0 0 -2.45164e-11 -6.39666e-12 -6.39666e-12 0 0 0 1.42764e-10 0 0 
1528.36 -6.10623e-14 0 0 0 0 0 -2.43394e-11 -6.35048e-12 -6.35048e-12 0 0 0 1.42764e-10 0 0 
1528.41 -6.19504e-14 0 0 0 0 0 -2.46934e-11 -6.44285e-12 -6.44285e-12 0 0 0 1.42764e-10 0 0 
1528.47 -6.28386e-14 0 0 0 0 0 -2.50475e-11 -6.53522e-12 -6.53522e-12 0 0 0 1.42764e-10 0 0 
1528.52 -6.26166e-14 0 0 0 0 0 -2.4959e-11 -6.51212e-12 -6.51212e-12 0 0 0 1.42764e-10 0 0 
1528.58 -6.26166e-14 0 0 0 0 0 -2.4959e-11 -6.51212e-12 -6.51212e-12 0 0 0 1.42764e-10 0 0 
1528.63 -6.30607e-14 0 0 0 0 0 -2.5136e-11 -6.55831e-12 -6.55831e-12 0 0 0 1.42764e-10 0 0 
1528.69 -6.28386e-14 0 0 0 0 0 -2.50475e-11 -6.53522e-12 -6.53522e-12 0 0 0 1.42764e-10 0 0 
1528.74 -6.19504e-14 0 0 0 0 0 -2.46934e-11 -6.44285e-12 -6.44285e-12 0 0 0 1.42764e-10 0 0 
1528.8 -6.15064e-14 0 0 0 0 0 -2.45164e-11 -6.39666e-12 -6.39666e-12 0 0 0 1.42764e-10 0 0 
1528.85 -6.15064e-14 0 0 0 0 0 -2.45164e-11 -6.39666e-12 -6.39666e-12 0 0 0 1.42764e-10 0 0 
1528.91 -6.19504e-14 0 0 0 0 0 -2.46934e-11 -6.44285e-12 -6.44285e-12 0 0 0 1.42764e-10 0 0 
1528.96 -6.17284e-14 0 0 0 0 0 -2.46049e-11 -6.41975e-12 -6.41975e-12 0 0 0 1.42764e-10 0 0 
1529.02 -6.06182e-14 0 0 0 0 0 -2.41624e-11 -6.30429e-12 -6.30429e-12 0 0 0 1.42764e-10 0 0 
1529.07 -6.01741e-14 0 0 0 0 0 -2.39854e-11 -6.25811e-12 -6.25811e-12 0 0 0 1.42764e-10 0 0 
1529.13 -6.10623e-14 0 0 0 0 0 -2.43394e-11 -6.35048e-12 -6.35048e-12 0 0 0 1.42764e-10 0 0 
1529.18 -6.15064e-14 0 0 0 0 0 -2.45164e-11 -6.39666e-12 -6.39666e-12 0 0 0 1.42764e-10 0 0 
1529.24 -6.08402e-14 0 0 0 0 0 -2.42509e-11 -6.32738e-12 -6.32738e-12 0 0 0 1.42764e-10 0 0 
1529.29 -6.03961e-14 0 0 0 0 0 -2.40739e-11 -6.2812e-12 -6.2812e-12 0 0 0 1.42764e-10 0 0 
1529.35 -6.01741e-14 0 0 0 0 0 -2.39854e-11 -6.25811e-12 -6.25811e-12 0 0 0 1.42764e-10 0 0 
1529.4 -5.9952e-14 0 0 0 0 0 -2.38969e-11 -6.23501e-12 -6.23501e-12 0 0 0 1.42764e-10 0 0 
1529.46 -5.973e-14 0 0 0 0 0 -2.38084e-11 -6.21192e-12 -6.21192e-12 0 0 0 1.42764e-10 0 0 
1529.51 -5.9508e-14 0 0 0 0 0 -2.37199e-11 -6.18883e-12 -6.18883e-12 0 0 0 1.42764e-10 0 0 
1529.57 -5.9508e-14 0 0 0 0 0 -2.37199e-11 -6.18883e-12 -6.18883e-12 0 0 0 1.42764e-10 0 0 
1529.62 -5.9508e-14 0 0 0 0 0 -2.37199e-11 -6.18883e-12 -6.18883e-12 0 0 0 1.42764e-10 0 0 
1529.68 -5.9508e-14 0 0 0 0 0 -2.37199e-11 -6.18883e-12 -6.18883e-12 0 0 0 1.42764e-10 0 0 
1529.73 -5.9508e-14 0 0 0 0 0 -2.37199e-11 -6.18883e-12 -6.18883e-12 0 0 0 1.42764e-10 0 0 
1529.79 -5.9508e-14 0 0 0 0 0 -2.37199e-11 -6.18883e-12 -6.18883e-12 0 0 0 1.42764e-10 0 0 
1529.84 -5.9952e-14 0 0 0 0 0 -2.38969e-11 -6.23501e-12 -6.23501e-12 0 0 0 1.42764e-10 0 0 
1529.9 -5.9952e-14 0 0 0 0 0 -2.38969e-11 -6.23501e-12 -6.23501e-12 0 0 0 1.42764e-10 0 0 
1529.95 -5.9508e-14 0 0 0 0 0 -2.37199e-11 -6.18883e-12 -6.18883e-12 0 0 0 1.42764e-10 0 0 
1530.01 -5.9508e-14 0 0 0 0 0 -2.37199e-11 -6.18883e-12 -6.18883e-12 0 0 0 1.42764e-10 0 0 
1530.06 -5.9508e-14 0 0 0 0 0 -2.37199e-11 -6.18883e-12 -6.18883e-12 0 0 0 1.42764e-10 0 0 
1530.12 -5.86198e-14 0 0 0 0 0 -2.33658e-11 -6.09646e-12 -6.09646e-12 0 0 0 1.42764e-10 0 0 
1530.17 -5.88418e-14 0 0 0 0 0 -2.34543e-11 -6.11955e-12 -6.11955e-12 0 0 0 1.42764e-10 0 0 
1530.23 -5.973e-14 0 0 0 0 0 -2.38084e-11 -6.21192e-12 -6.21192e-12 0 0 0 1.42764e-10 0 0 
1530.28 -5.92859e-14 0 0 0 0 0 -2.36314e-11 -6.16573e-12 -6.16573e-12 0 0 0 1.42764e-10 0 0 
1530.34 -5.88418e-14 0 0 0 0 0 -2.34543e-11 -6.11955e-12 -6.11955e-12 0 0 0 1.42764e-10 0 0 
1530.39 -5.9508e-14 0 0 0 0 0 -2.37199e-11 -6.18883e-12 -6.18883e-12 0 0 0 1.42764e-10 0 0 
1530.45 -5.92859e-14 0 0 0 0 0 -2.36314e-11 -6.16573e-12 -6.16573e-12 0 0 0 1.42764e-10 0 0 
1530.5 -5.88418e-14 0 0 0 0 0 -2.34543e-11 -6.11955e-12 -6.11955e-12 0 0 0 1.42764e-10 0 0 
1530.56 -5.92859e-14 0 0 0 0 0 -2.36314e-11 -6.16573e-12 -6.16573e-12 0 0 0 1.42764e-10 0 0 
1530.61 -5.92859e-14 0 0 0 0 0 -2.36314e-11 -6.16573e-12 -6.16573e-12 0 0 0 1.42764e-10 0 0 
1530.67 -5.86198e-14 0 0 0 0 0 -2.33658e-11 -6.09646e-12 -6.09646e-12 0 0 0 1.42764e-10 0 0 
1530.72 -5.86198e-14 0 0 0 0 0 -2.33658e-11 -6.09646e-12 -6.09646e-12 0 0 0 1.42764e-10 0 0 
1530.78 -5.9508e-14 0 0 0 0 0 -2.37199e-11 -6.18883e-12 -6.18883e-12 0 0 0 1.42764e-10 0 0 
1530.83 -5.973e-14 0 0 0 0 0 -2.38084e-11 -6.21192e-12 -6.21192e-12 0 0 0 1.42764e-10 0 0 
1530.89 -5.9508e-14 0 0 0 0 0 -2.37199e-11 -6.18883e-12 -6.18883e-12 0 0 0 1.42764e-10 0 0 
1530.94 -5.92859e-14 0 0 0 0 0 -2.36314e-11 -6.16573e-12 -6.16573e-12 0 0 0 1.42764e-10 0 0 
1531 -5.90639e-14 0 0 0 0 0 -2.35429e-11 -6.14264e-12 -6.14264e-12 0 0 0 1.42764e-10 0 0 
1531 -6.03961e-14 0 0 0 0 0 -2.40739e-11 -6.2812e-12 -6.2812e-12 0 0 0 1.42764e-10 0 0 
1531.06 -6.01741e-14 0 0 0 0 0 -2.39854e-11 -6.25811e-12 -6.25811e-12 0 0 0 1.42764e-10 0 0 
1531.11 -5.9508e-14 0 0 0 0 0 -2.37199e-11 -6.18883e-12 -6.18883e-12 0 0 0 1.42764e-10 0 0 
1531.17 -5.90639e-14 0 0 0 0 0 -2.35429e-11 -6.14264e-12 -6.14264e-12 0 0 0 1.42764e-10 0 0 
1531.22 -5.88418e-14 0 0 0 0 0 -2.34543e-11 -6.11955e-12 -6.11955e-12 0 0 0 1.42764e-10 0 0 
1531.28 -5.86198e-14 0 0 0 0 0 -2.33658e-11 -6.09646e-12 -6.09646e-12 0 0 0 1.42764e-10 0 0 
1531.33 -5.86198e-14 0 0 0 0 0 -2.33658e-11 -6.09646e-12 -6.09646e-12 0 0 0 1.42764e-10 0 0 
1531.39 -5.90639e-14 0 0 0 0 0 -2.35429e-11 -6.14264e-12 -6.14264e-12 0 0 0 1.42764e-10 0 0 
1531.44 -5.88418e-14 0 0 0 0 0 -2.34543e-11 -6.11955e-12 -6.11955e-12 0 0 0 1.42764e-10 0 0 
1531.5 -5.86198e-14 0 0 0 0 0 -2.33658e-11 -6.09646e-12 -6.09646e-12 0 0 0 1.42764e-10 0 0 
1531.55 -5.92859e-14 0 0 0 0 0 -2.36314e-11 -6.16573e-12 -6.16573e-12 0 0 0 1.42764e-10 0 0 
1531.61 -5.973e-14 0 0 0 0 0 -2.38084e-11 -6.21192e-12 -6.21192e-12 0 0 0 1.42764e-10 0 0 
1531.66 -5.9952e-14 0 0 0 0 0 -2.38969e-11 -6.23501e-12 -6.23501e-12 0 0 0 1.42764e-10 0 0 
1531.72 -5.973e-14 0 0 0 0 0 -2.38084e-11 -6.21192e-12 -6.21192e-12 0 0 0 1.42764e-10 0 0 
1531.77 -5.9508e-14 0 0 0 0 0 -2.37199e-11 -6.18883e-12 -6.18883e-12 0 0 0 1.42764e-10 0 0 
1531.83 -5.9508e-14 0 0 0 0 0 -2.37199e-11 -6.18883e-12 -6.18883e-12 0 0 0 1.42764e-10 0 0 
1531.88 -6.01741e-14 0 0 0 0 0 -2.39854e-11 -6.25811e-12 -6.25811e-12 0 0 0 1.42764e-10 0 0 
1531.94 -5.9952e-14 0 0 0 0 0 -2.38969e-11 -6.23501e-12 -6.23501e-12 0 0 0 1.42764e-10 0 0 
1531.99 -5.973e-14 0 0 0 0 0 -2.38084e-11 -6.21192e-12 -6.21192e-12 0 0 0 1.42764e-10 0 0 
1532.05 -5.973e-14 0 0 0 0 0 -2.38084e-11 -6.21192e-12 -6.21192e-12 0 0 0 1.42764e-10 0 0 
1532.1 -5.92859e-14 0 0 0 0 0 -2.36314e-11 -6.16573e-12 -6.16573e-12 0 0 0 1.42764e-10 0 0 
1532.16 -5.9952e-14 0 0 0 0 0 -2.38969e-11 -6.23501e-12 -6.23501e-12 0 0 0 1.42764e-10 0 0 
1532.21 -6.03961e-14 0 0 0 0 0 -2.40739e-11 -6.2812e-12 -6.2812e-12 0 0 0 1.42764e-10 0 0 
1532.27 -6.03961e-14 0 0 0 0 0 -2.40739e-11 -6.2812e-12 -6.2812e-12 0 0 0 1.42764e-10 0 0 
1532.32 -5.9952e-14 0 0 0 0 0 -2.38969e-11 -6.23501e-12 -6.23501e-12 0 0 0 1.42764e-10 0 0 
1532.38 -6.01741e-14 0 0 0 0 0 -2.39854e-11 -6.25811e-12 -6.25811e-12 0 0 0 1.42764e-10 0 0 
1532.43 -6.01741e-14 0 0 0 0 0 -2.39854e-11 -6.25811e-12 -6.25811e-12 0 0 0 1.42764e-10 0 0 
1532.49 -5.9952e-14 0 0 0 0 0 -2.38969e-11 -6.23501e-12 -6.23501e-12 0 0 0 1.42764e-10 0 0 
1532.54 -5.9952e-14 0 0 0 0 0 -2.38969e-11 -6.23501e-12 -6.23501e-12 0 0 0 1.42764e-10 0 0 
1532.6 -5.973e-14 0 0 0 0 0 -2.38084e-11 -6.21192e-12 -6.21192e-12 0 0 0 1.42764e-10 0 0 
1532.65 -6.01741e-14 0 0 0 0 0 -2.39854e-11 -6.25811e-12 -6.25811e-12 0 0 0 1.42764e-10 0 0 
1532.71 -5.9952e-14 0 0 0 0 0 -2.38969e-11 -6.23501e-12 -6.23501e-12 0 0 0 1.42764e-10 0 0 
1532.76 -5.9508e-14 0 0 0 0 0 -2.37199e-11 -6.18883e-12 -6.18883e-12 0 0 0 1.42764e-10 0 0 
1532.82 -5.973e-14 0 0 0 0 0 -2.38084e-11 -6.21192e-12 -6.21192e-12 0 0 0 1.42764e-10 0 0 
1532.87 -5.9508e-14 0 0 0 0 0 -2.37199e-11 -6.18883e-12 -6.18883e-12 0 0 0 1.42764e-10 0 0 
1532.93 -5.973e-14 0 0 0 0 0 -2.38084e-11 -6.21192e-12 -6.21192e-12 0 0 0 1.42764e-10 0 0 
1532.98 -6.01741e-14 0 0 0 0 0 -2.39854e-11 -6.25811e-12 -6.25811e-12 0 0 0 1.42764e-10 0 0 
1533.04 -6.01741e-14 0 0 0 0 0 -2.39854e-11 -6.25811e-12 -6.25811e-12 0 0 0 1.42764e-10 0 0 
1533.09 -6.03961e-14 0 0 0 0 0 -2.40739e-11 -6.2812e-12 -6.2812e-12 0 0 0 1.42764e-10 0 0 
1533.15 -5.9952e-14 0 0 0 0 0 -2.38969e-11 -6.23501e-12 -6.23501e-12 0 0 0 1.42764e-10 0 0 
1533.2 -5.973e-14 0 0 0 0 0 -2.38084e-11 -6.21192e-12 -6.21192e-12 0 0 0 1.42764e-10 0 0 
1533.26 -5.973e-14 0 0 0 0 0 -2.38084e-11 -6.21192e-12 -6.21192e-12 0 0 0 1.42764e-10 0 0 
1533.31 -5.92859e-14 0 0 0 0 0 -2.36314e-11 -6.16573e-12 -6.16573e-12 0 0 0 1.42764e-10 0 0 
1533.37 -5.92859e-14 0 0 0 0 0 -2.36314e-11 -6.16573e-12 -6.16573e-12 0 0 0 1.42764e-10 0 0 
1533.42 -5.9952e-14 0 0 0 0 0 -2.38969e-11 -6.23501e-12 -6.23501e-12 0 0 0 1.42764e-10 0 0 
1533.48 -6.01741e-14 0 0 0 0 0 -2.39854e-11 -6.25811e-12 -6.25811e-12 0 0 0 1.42764e-10 0 0 
1533.53 -5.92859e-14 0 0 0 0 0 -2.36314e-11 -6.16573e-12 -6.16573e-12 0 0 0 1.42764e-10 0 0 
1533.59 -5.88418e-14 0 0 0 0 0 -2.34543e-11 -6.11955e-12 -6.11955e-12 0 0 0 1.42764e-10 0 0 
1533.64 -5.83977e-14 0 0 0 0 0 -2.32773e-11 -6.07336e-12 -6.07336e-12 0 0 0 1.42764e-10 0 0 
1533.7 -5.83977e-14 0 0 0 0 0 -2.32773e-11 -6.07336e-12 -6.07336e-12 0 0 0 1.42764e-10 0 0 
1533.75 -5.90639e-14 0 0 0 0 0 -2.35429e-11 -6.14264e-12 -6.14264e-12 0 0 0 1.42764e-10 0 0 
1533.81 -5.9508e-14 0 0 0 0 0 -2.37199e-11 -6.18883e-12 -6.18883e-12 0 0 0 1.42764e-10 0 0 
1533.86 -5.9508e-14 0 0 0 0 0 -2.37199e-11 -6.18883e-12 -6.18883e-12 0 0 0 1.42764e-10 0 0 
1533.92 -5.88418e-14 0 0 0 0 0 -2.34543e-11 -6.11955e-12 -6.11955e-12 0 0 0 1.42764e-10 0 0 
1533.97 -5.83977e-14 0 0 0 0 0 -2.32773e-11 -6.07336e-12 -6.07336e-12 0 0 0 1.42764e-10 0 0 
1534.03 -5.83977e-14 0 0 0 0 0 -2.32773e-11 -6.07336e-12 -6.07336e-12 0 0 0 1.42764e-10 0 0 
1534.08 -5.90639e-14 0 0 0 0 0 -2.35429e-11 -6.14264e-12 -6.14264e-12 0 0 0 1.42764e-10 0 0 
1534.14 -5.86198e-14 0 0 0 0 0 -2.33658e-11 -6.09646e-12 -6.09646e-12 0 0 0 1.42764e-10 0 0 
1534.19 -5.86198e-14 0 0 0 0 0 -2.33658e-11 -6.09646e-12 -6.09646e-12 0 0 0 1.42764e-10 0 0 
1534.25 -5.90639e-14 0 0 0 0 0 -2.35429e-11 -6.14264e-12 -6.14264e-12 0 0 0 1.42764e-10 0 0 
1534.3 -5.86198e-14 0 0 0 0 0 -2.33658e-11 -6.09646e-12 -6.09646e-12 0 0 0 1.42764e-10 0 0 
1534.36 -5.86198e-14 0 0 0 0 0 -2.33658e-11 -6.09646e-12 -6.09646e-12 0 0 0 1.42764e-10 0 0 
1534.41 -5.81757e-14 0 0 0 0 0 -2.31888e-11 -6.05027e-12 -6.05027e-12 0 0 0 1.42764e-10 0 0 
1534.47 -5.75096e-14 0 0 0 0 0 -2.29233e-11 -5.98099e-12 -5.98099e-12 0 0 0 1.42764e-10 0 0 
1534.52 -5.75096e-14 0 0 0 0 0 -2.29233e-11 -5.98099e-12 -5.98099e-12 0 0 0 1.42764e-10 0 0 
1534.58 -5.75096e-14 0 0 0 0 0 -2.29233e-11 -5.98099e-12 -5.98099e-12 0 0 0 1.42764e-10 0 0 
1534.63 -5.75096e-14 0 0 0 0 0 -2.29233e-11 -5.98099e-12 -5.98099e-12 0 0 0 1.42764e-10 0 0 
1534.69 -5.77316e-14 0 0 0 0 0 -2.30118e-11 -6.00409e-12 -6.00409e-12 0 0 0 1.42764e-10 0 0 
1534.74 -5.79536e-14 0 0 0 0 0 -2.31003e-11 -6.02718e-12 -6.02718e-12 0 0 0 1.42764e-10 0 0 
1534.8 -5.77316e-14 0 0 0 0 0 -2.30118e-11 -6.00409e-12 -6.00409e-12 0 0 0 1.42764e-10 0 0 
1534.85 -5.68434e-14 0 0 0 0 0 -2.26578e-11 -5.91172e-12 -5.91172e-12 0 0 0 1.42764e-10 0 0 
1534.91 -5.61773e-14 0 0 0 0 0 -2.23923e-11 -5.84244e-12 -5.84244e-12 0 0 0 1.42764e-10 0 0 
1534.96 -5.61773e-14 0 0 0 0 0 -2.23923e-11 -5.84244e-12 -5.84244e-12 0 0 0 1.42764e-10 0 0 
1535.02 -5.61773e-14 0 0 0 0 0 -2.23923e-11 -5.84244e-12 -5.84244e-12 0 0 0 1.42764e-10 0 0 
1535.07 -5.57332e-14 0 0 0 0 0 -2.22153e-11 -5.79625e-12 -5.79625e-12 0 0 0 1.42764e-10 0 0 
1535.13 -5.55112e-14 0 0 0 0 0 -2.21267e-11 -5.77316e-12 -5.77316e-12 0 0 0 1.42764e-10 0 0 
1535.18 -5.59552e-14 0 0 0 0 0 -2.23038e-11 -5.81935e-12 -5.81935e-12 0 0 0 1.42764e-10 0 0 
1535.24 -5.63993e-14 0 0 0 0 0 -2.24808e-11 -5.86553e-12 -5.86553e-12 0 0 0 1.42764e-10 0 0 
1535.29 -5.61773e-14 0 0 0 0 0 -2.23923e-11 -5.84244e-12 -5.84244e-12 0 0 0 1.42764e-10 0 0 
1535.35 -5.63993e-14 0 0 0 0 0 -2.24808e-11 -5.86553e-12 -5.86553e-12 0 0 0 1.42764e-10 0 0 
1535.4 -5.66214e-14 0 0 0 0 0 -2.25693e-11 -5.88862e-12 -5.88862e-12 0 0 0 1.42764e-10 0 0 
1535.46 -5.59552e-14 0 0 0 0 0 -2.23038e-11 -5.81935e-12 -5.81935e-12 0 0 0 1.42764e-10 0 0 
1535.51 -5.52891e-14 0 0 0 0 0 -2.20382e-11 -5.75007e-12 -5.75007e-12 0 0 0 1.42764e-10 0 0 
1535.57 -5.57332e-14 0 0 0 0 0 -2.22153e-11 -5.79625e-12 -5.79625e-12 0 0 0 1.42764e-10 0 0 
1535.62 -5.55112e-14 0 0 0 0 0 -2.21267e-11 -5.77316e-12 -5.77316e-12 0 0 0 1.42764e-10 0 0 
1535.68 -5.52891e-14 0 0 0 0 0 -2.20382e-11 -5.75007e-12 -5.75007e-12 0 0 0 1.42764e-10 0 0 
1535.73 -5.59552e-14 0 0 0 0 0 -2.23038e-11 -5.81935e-12 -5.81935e-12 0 0 0 1.42764e-10 0 0 
1535.79 -5.61773e-14 0 0 0 0 0 -2.23923e-11 -5.84244e-12 -5.84244e-12 0 0 0 1.42764e-10 0 0 
1535.84 -5.61773e-14 0 0 0 0 0 -2.23923e-11 -5.84244e-12 -5.84244e-12 0 0 0 1.42764e-10 0 0 
1535.9 -5.55112e-14 0 0 0 0 0 -2.21267e-11 -5.77316e-12 -5.77316e-12 0 0 0 1.42764e-10 0 0 
1535.95 -5.57332e-14 0 0 0 0 0 -2.22153e-11 -5.79625e-12 -5.79625e-12 0 0 0 1.42764e-10 0 0 
1536.01 -5.66214e-14 0 0 0 0 0 -2.25693e-11 -5.88862e-12 -5.88862e-12 0 0 0 1.42764e-10 0 0 
1536.06 -5.61773e-14 0 0 0 0 0 -2.23923e-11 -5.84244e-12 -5.84244e-12 0 0 0 1.42764e-10 0 0 
1536.12 -5.55112e-14 0 0 0 0 0 -2.21267e-11 -5.77316e-12 -5.77316e-12 0 0 0 1.42764e-10 0 0 
1536.17 -5.59552e-14 0 0 0 0 0 -2.23038e-11 -5.81935e-12 -5.81935e-12 0 0 0 1.42764e-10 0 0 
1536.23 -5.59552e-14 0 0 0 0 0 -2.23038e-11 -5.81935e-12 -5.81935e-12 0 0 0 1.42764e-10 0 0 
1536.28 -5.59552e-14 0 0 0 0 0 -2.23038e-11 -5.81935e-12 -5.81935e-12 0 0 0 1.42764e-10 0 0 
1536.34 -5.63993e-14 0 0 0 0 0 -2.24808e-11 -5.86553e-12 -5.86553e-12 0 0 0 1.42764e-10 0 0 
1536.39 -5.59552e-14 0 0 0 0 0 -2.23038e-11 -5.81935e-12 -5.81935e-12 0 0 0 1.42764e-10 0 0 
1536.45 -5.57332e-14 0 0 0 0 0 -2.22153e-11 -5.79625e-12 -5.79625e-12 0 0 0 1.42764e-10 0 0 
1536.5 -5.59552e-14 0 0 0 0 0 -2.23038e-11 -5.81935e-12 -5.81935e-12 0 0 0 1.42764e-10 0 0 
1536.56 -5.57332e-14 0 0 0 0 0 -2.22153e-11 -5.79625e-12 -5.79625e-12 0 0 0 1.42764e-10 0 0 
1536.61 -5.59552e-14 0 0 0 0 0 -2.23038e-11 -5.81935e-12 -5.81935e-12 0 0 0 1.42764e-10 0 0 
1536.67 -5.57332e-14 0 0 0 0 0 -2.22153e-11 -5.79625e-12 -5.79625e-12 0 0 0 1.42764e-10 0 0 
1536.72 -5.57332e-14 0 0 0 0 0 -2.22153e-11 -5.79625e-12 -5.79625e-12 0 0 0 1.42764e-10 0 0 
1536.78 -5.61773e-14 0 0 0 0 0 -2.23923e-11 -5.84244e-12 -5.84244e-12 0 0 0 1.42764e-10 0 0 
1536.83 -5.57332e-14 0 0 0 0 0 -2.22153e-11 -5.79625e-12 -5.79625e-12 0 0 0 1.42764e-10 0 0 
1536.89 -5.59552e-14 0 0 0 0 0 -2.23038e-11 -5.81935e-12 -5.81935e-12 0 0 0 1.42764e-10 0 0 
1536.94 -5.63993e-14 0 0 0 0 0 -2.24808e-11 -5.86553e-12 -5.86553e-12 0 0 0 1.42764e-10 0 0 
1537 -5.63993e-14 0 0 0 0 0 -2.24808e-11 -5.86553e-12 -5.86553e-12 0 0 0 1.42764e-10 0 0 
1537 0.00245628 -0.0048291 -0.0048291 0 0 0 -2.28692e-11 -2.17121 -2.17121 0 -2.91362e-16 0 1.42764e-10 0 0 
1537.06 0.00245628 -0.0048291 -0.0048291 0 0 0 -2.27793e-11 -2.17121 -2.17121 0 -2.91362e-16 0 1.43336e-10 0 0 
1537.11 0.00245628 -0.0048291 -0.0048291 0 0 0 -2.24196e-11 -2.17121 -2.17121 0 -2.91362e-16 0 1.43907e-10 0 0 
1537.17 0.00245628 -0.0048291 -0.0048291 0 0 0 -2.23296e-11 -2.17121 -2.17121 0 -2.91362e-16 0 1.44479e-10 0 0 
1537.22 0.00245628 -0.0048291 -0.0048291 0 0 0 -2.22397e-11 -2.17121 -2.17121 0 -2.91362e-16 0 1.4505e-10 0 0 
1537.28 0.00245628 -0.0048291 -0.0048291 0 0 0 -2.20599e-11 -2.17121 -2.17121 0 -2.91362e-16 0 1.45622e-10 0 0 
1537.33 0.00245628 -0.0048291 -0.0048291 0 0 0 -2.20599e-11 -2.17121 -2.17121 0 -2.91362e-16 0 1.46193e-10 0 0 
1537.39 0.00245628 -0.0048291 -0.0048291 0 0 0 -2.188e-11 -2.17121 -2.17121 0 -2.91362e-16 0 1.46765e-10 0 0 
1537.44 0.00245628 -0.0048291 -0.0048291 0 0 0 -2.15203e-11 -2.17121 -2.17121 0 -2.91362e-16 0 1.47336e-10 0 0 
1537.5 0.00245628 -0.0048291 -0.0048291 0 0 0 -2.14304e-11 -2.17121 -2.17121 0 -2.91362e-16 0 1.47908e-10 0 0 
1537.56 0.00245628 -0.0048291 -0.0048291 0 0 0 -2.16102e-11 -2.17121 -2.17121 0 -2.91362e-16 0 1.48479e-10 0 0 
1537.61 0.00245628 -0.0048291 -0.0048291 0 0 0 -2.15203e-11 -2.17121 -2.17121 0 -2.91362e-16 0 1.49051e-10 0 0 
1537.67 0.00245628 -0.0048291 -0.0048291 0 0 0 -2.13404e-11 -2.17121 -2.17121 0 -2.91362e-16 0 1.49622e-10 0 0 
1537.72 0.00245628 -0.0048291 -0.0048291 0 0 0 -2.11606e-11 -2.17121 -2.17121 0 -2.91362e-16 0 1.50194e-10 0 0 
1537.78 0.00245628 -0.0048291 -0.0048291 0 0 0 -2.11606e-11 -2.17121 -2.17121 0 -2.91362e-16 0 1.50765e-10 0 0 
1537.83 0.00245628 -0.0048291 -0.0048291 0 0 0 -2.12505e-11 -2.17121 -2.17121 0 -2.91362e-16 0 1.51337e-10 0 0 
1537.89 0.00245628 -0.0048291 -0.0048291 0 0 0 -2.13404e-11 -2.17121 -2.17121 0 -2.91362e-16 0 1.51908e-10 0 0 
1537.94 0.00245628 -0.0048291 -0.0048291 0 0 0 -2.16102e-11 -2.17121 -2.17121 0 -2.91362e-16 0 1.52479e-10 0 0 
1538 0.00245628 -0.0048291 -0.0048291 0 0 0 -2.15203e-11 -2.17121 -2.17121 0 -2.91362e-16 0 1.53051e-10 0 0 
1538.06 0.00245628 -0.0048291 -0.0048291 0 0 0 -2.12505e-11 -2.17121 -2.17121 0 -2.91362e-16 0 1.53622e-10 0 0 
1538.11 0.00245628 -0.0048291 -0.0048291 0 0 0 -2.14304e-11 -2.17121 -2.17121 0 -2.91362e-16 0 1.54194e-10 0 0 
1538.17 0.00245628 -0.0048291 -0.0048291 0 0 0 -2.13404e-11 -2.17121 -2.17121 0 -2.91362e-16 0 1.54765e-10 0 0 
1538.22 0.00245628 -0.0048291 -0.0048291 0 0 0 -2.12505e-11 -2.17121 -2.17121 0 -2.91362e-16 0 1.55337e-10 0 0 
1538.28 0.00245628 -0.0048291 -0.0048291 0 0 0 -2.14304e-11 -2.17121 -2.17121 0 -2.91362e-16 0 1.55908e-10 0 0 
1538.33 0.00245628 -0.0048291 -0.0048291 0 0 0 -2.13404e-11 -2.17121 -2.17121 0 -2.91362e-16 0 1.5648e-10 0 0 
1538.39 0.00245628 -0.0048291 -0.0048291 0 0 0 -2.13404e-11 -2.17121 -2.17121 0 -2.91362e-16 0 1.57051e-10 0 0 
1538.44 0.00245628 -0.0048291 -0.0048291 0 0 0 -2.15203e-11 -2.17121 -2.17121 0 -2.91362e-16 0 1.57623e-10 0 0 
1538.5 0.00245628 -0.0048291 -0.0048291 0 0 0 -2.17901e-11 -2.17121 -2.17121 0 -2.91362e-16 0 1.58194e-10 0 0 
1538.56 0.00245628 -0.0048291 -0.0048291 0 0 0 -2.17901e-11 -2.17121 -2.17121 0 -2.91362e-16 0 1.58766e-10 0 0 
1538.61 0.00245628 -0.0048291 -0.0048291 0 0 0 -2.15203e-11 -2.17121 -2.17121 0 -2.91362e-16 0 1.59337e-10 0 0 
1538.67 0.00245628 -0.0048291 -0.0048291 0 0 0 -2.15203e-11 -2.17121 -2.17121 0 -2.91362e-16 0 1.59909e-10 0 0 
1538.72 0.00245628 -0.0048291 -0.0048291 0 0 0 -2.15203e-11 -2.17121 -2.17121 0 -2.91362e-16 0 1.6048e-10 0 0 
1538.78 0.00245628 -0.0048291 -0.0048291 0 0 0 -2.15203e-11 -2.17121 -2.17121 0 -2.91362e-16 0 1.61052e-10 0 0 
1538.83 0.00245628 -0.0048291 -0.0048291 0 0 0 -2.17001e-11 -2.17121 -2.17121 0 -2.91362e-16 0 1.61623e-10 0 0 
1538.89 0.00245628 -0.0048291 -0.0048291 0 0 0 -2.14304e-11 -2.17121 -2.17121 0 -2.91362e-16 0 1.62195e-10 0 0 
1538.94 0.00245628 -0.0048291 -0.0048291 0 0 0 -2.11606e-11 -2.17121 -2.17121 0 -2.91362e-16 0 1.62766e-10 0 0 
1539 0.00245628 -0.0048291 -0.0048291 0 0 0 -2.12505e-11 -2.17121 -2.17121 0 -2.91362e-16 0 1.63338e-10 0 0 
1539 -5.41789e-14 0 0 0 0 0 -2.15957e-11 -5.6346e-12 -5.6346e-12 0 0 0 1.63338e-10 0 0 
1539.06 -5.39568e-14 0 0 0 0 0 -2.15072e-11 -5.61151e-12 -5.61151e-12 0 0 0 1.63338e-10 0 0 
1539.11 -5.35127e-14 0 0 0 0 0 -2.13302e-11 -5.56533e-12 -5.56533e-12 0 0 0 1.63338e-10 0 0 
1539.17 -5.35127e-14 0 0 0 0 0 -2.13302e-11 -5.56533e-12 -5.56533e-12 0 0 0 1.63338e-10 0 0 
1539.22 -5.37348e-14 0 0 0 0 0 -2.14187e-11 -5.58842e-12 -5.58842e-12 0 0 0 1.63338e-10 0 0 
1539.28 -5.37348e-14 0 0 0 0 0 -2.14187e-11 -5.58842e-12 -5.58842e-12 0 0 0 1.63338e-10 0 0 
1539.33 -5.35127e-14 0 0 0 0 0 -2.13302e-11 -5.56533e-12 -5.56533e-12 0 0 0 1.63338e-10 0 0 
1539.39 -5.39568e-14 0 0 0 0 0 -2.15072e-11 -5.61151e-12 -5.61151e-12 0 0 0 1.63338e-10 0 0 
1539.44 -5.44009e-14 0 0 0 0 0 -2.16842e-11 -5.6577e-12 -5.6577e-12 0 0 0 1.63338e-10 0 0 
1539.5 -5.44009e-14 0 0 0 0 0 -2.16842e-11 -5.6577e-12 -5.6577e-12 0 0 0 1.63338e-10 0 0 
1539.55 -5.41789e-14 0 0 0 0 0 -2.15957e-11 -5.6346e-12 -5.6346e-12 0 0 0 1.63338e-10 0 0 
1539.61 -5.32907e-14 0 0 0 0 0 -2.12417e-11 -5.54223e-12 -5.54223e-12 0 0 0 1.63338e-10 0 0 
1539.66 -5.37348e-14 0 0 0 0 0 -2.14187e-11 -5.58842e-12 -5.58842e-12 0 0 0 1.63338e-10 0 0 
1539.72 -5.41789e-14 0 0 0 0 0 -2.15957e-11 -5.6346e-12 -5.6346e-12 0 0 0 1.63338e-10 0 0 
1539.77 -5.35127e-14 0 0 0 0 0 -2.13302e-11 -5.56533e-12 -5.56533e-12 0 0 0 1.63338e-10 0 0 
1539.83 -5.35127e-14 0 0 0 0 0 -2.13302e-11 -5.56533e-12 -5.56533e-12 0 0 0 1.63338e-10 0 0 
1539.88 -5.35127e-14 0 0 0 0 0 -2.13302e-11 -5.56533e-12 -5.56533e-12 0 0 0 1.63338e-10 0 0 
1539.94 -5.39568e-14 0 0 0 0 0 -2.15072e-11 -5.61151e-12 -5.61151e-12 0 0 0 1.63338e-10 0 0 
1539.99 -5.39568e-14 0 0 0 0 0 -2.15072e-11 -5.61151e-12 -5.61151e-12 0 0 0 1.63338e-10 0 0 
1540.05 -5.35127e-14 0 0 0 0 0 -2.13302e-11 -5.56533e-12 -5.56533e-12 0 0 0 1.63338e-10 0 0 
1540.1 -5.35127e-14 0 0 0 0 0 -2.13302e-11 -5.56533e-12 -5.56533e-12 0 0 0 1.63338e-10 0 0 
1540.16 -5.32907e-14 0 0 0 0 0 -2.12417e-11 -5.54223e-12 -5.54223e-12 0 0 0 1.63338e-10 0 0 
1540.21 -5.37348e-14 0 0 0 0 0 -2.14187e-11 -5.58842e-12 -5.58842e-12 0 0 0 1.63338e-10 0 0 
1540.27 -5.35127e-14 0 0 0 0 0 -2.13302e-11 -5.56533e-12 -5.56533e-12 0 0 0 1.63338e-10 0 0 
1540.32 -5.37348e-14 0 0 0 0 0 -2.14187e-11 -5.58842e-12 -5.58842e-12 0 0 0 1.63338e-10 0 0 
1540.38 -5.37348e-14 0 0 0 0 0 -2.14187e-11 -5.58842e-12 -5.58842e-12 0 0 0 1.63338e-10 0 0 
1540.43 -5.37348e-14 0 0 0 0 0 -2.14187e-11 -5.58842e-12 -5.58842e-12 0 0 0 1.63338e-10 0 0 
1540.49 -5.41789e-14 0 0 0 0 0 -2.15957e-11 -5.6346e-12 -5.6346e-12 0 0 0 1.63338e-10 0 0 
1540.54 -5.37348e-14 0 0 0 0 0 -2.14187e-11 -5.58842e-12 -5.58842e-12 0 0 0 1.63338e-10 0 0 
1540.6 -5.39568e-14 0 0 0 0 0 -2.15072e-11 -5.61151e-12 -5.61151e-12 0 0 0 1.63338e-10 0 0 
1540.65 -5.35127e-14 0 0 0 0 0 -2.13302e-11 -5.56533e-12 -5.56533e-12 0 0 0 1.63338e-10 0 0 
1540.71 -5.37348e-14 0 0 0 0 0 -2.14187e-11 -5.58842e-12 -5.58842e-12 0 0 0 1.63338e-10 0 0 
1540.76 -5.39568e-14 0 0 0 0 0 -2.15072e-11 -5.61151e-12 -5.61151e-12 0 0 0 1.63338e-10 0 0 
1540.82 -5.37348e-14 0 0 0 0 0 -2.14187e-11 -5.58842e-12 -5.58842e-12 0 0 0 1.63338e-10 0 0 
1540.87 -5.39568e-14 0 0 0 0 0 -2.15072e-11 -5.61151e-12 -5.61151e-12 0 0 0 1.63338e-10 0 0 
1540.93 -5.35127e-14 0 0 0 0 0 -2.13302e-11 -5.56533e-12 -5.56533e-12 0 0 0 1.63338e-10 0 0 
1540.98 -5.32907e-14 0 0 0 0 0 -2.12417e-11 -5.54223e-12 -5.54223e-12 0 0 0 1.63338e-10 0 0 
1541.04 -5.30687e-14 0 0 0 0 0 -2.11532e-11 -5.51914e-12 -5.51914e-12 0 0 0 1.63338e-10 0 0 
1541.09 -5.30687e-14 0 0 0 0 0 -2.11532e-11 -5.51914e-12 -5.51914e-12 0 0 0 1.63338e-10 0 0 
1541.15 -5.30687e-14 0 0 0 0 0 -2.11532e-11 -5.51914e-12 -5.51914e-12 0 0 0 1.63338e-10 0 0 
1541.2 -5.30687e-14 0 0 0 0 0 -2.11532e-11 -5.51914e-12 -5.51914e-12 0 0 0 1.63338e-10 0 0 
1541.26 -5.28466e-14 0 0 0 0 0 -2.10647e-11 -5.49605e-12 -5.49605e-12 0 0 0 1.63338e-10 0 0 
1541.31 -5.26246e-14 0 0 0 0 0 -2.09762e-11 -5.47296e-12 -5.47296e-12 0 0 0 1.63338e-10 0 0 
1541.37 -5.26246e-14 0 0 0 0 0 -2.09762e-11 -5.47296e-12 -5.47296e-12 0 0 0 1.63338e-10 0 0 
1541.42 -5.26246e-14 0 0 0 0 0 -2.09762e-11 -5.47296e-12 -5.47296e-12 0 0 0 1.63338e-10 0 0 
1541.48 -5.30687e-14 0 0 0 0 0 -2.11532e-11 -5.51914e-12 -5.51914e-12 0 0 0 1.63338e-10 0 0 
1541.53 -5.26246e-14 0 0 0 0 0 -2.09762e-11 -5.47296e-12 -5.47296e-12 0 0 0 1.63338e-10 0 0 
1541.59 -5.19584e-14 0 0 0 0 0 -2.07106e-11 -5.40368e-12 -5.40368e-12 0 0 0 1.63338e-10 0 0 
1541.64 -5.19584e-14 0 0 0 0 0 -2.07106e-11 -5.40368e-12 -5.40368e-12 0 0 0 1.63338e-10 0 0 
1541.7 -5.19584e-14 0 0 0 0 0 -2.07106e-11 -5.40368e-12 -5.40368e-12 0 0 0 1.63338e-10 0 0 
1541.75 -5.17364e-14 0 0 0 0 0 -2.06221e-11 -5.38058e-12 -5.38058e-12 0 0 0 1.63338e-10 0 0 
1541.81 -5.12923e-14 0 0 0 0 0 -2.04451e-11 -5.3344e-12 -5.3344e-12 0 0 0 1.63338e-10 0 0 
1541.86 -5.10703e-14 0 0 0 0 0 -2.03566e-11 -5.31131e-12 -5.31131e-12 0 0 0 1.63338e-10 0 0 
1541.92 -5.10703e-14 0 0 0 0 0 -2.03566e-11 -5.31131e-12 -5.31131e-12 0 0 0 1.63338e-10 0 0 
1541.97 -5.10703e-14 0 0 0 0 0 -2.03566e-11 -5.31131e-12 -5.31131e-12 0 0 0 1.63338e-10 0 0 
1542.03 -5.08482e-14 0 0 0 0 0 -2.02681e-11 -5.28821e-12 -5.28821e-12 0 0 0 1.63338e-10 0 0 
1542.08 -5.06262e-14 0 0 0 0 0 -2.01796e-11 -5.26512e-12 -5.26512e-12 0 0 0 1.63338e-10 0 0 
1542.14 -5.04041e-14 0 0 0 0 0 -2.00911e-11 -5.24203e-12 -5.24203e-12 0 0 0 1.63338e-10 0 0 
1542.19 -5.01821e-14 0 0 0 0 0 -2.00026e-11 -5.21894e-12 -5.21894e-12 0 0 0 1.63338e-10 0 0 
1542.25 -4.996e-14 0 0 0 0 0 -1.99141e-11 -5.19584e-12 -5.19584e-12 0 0 0 1.63338e-10 0 0 
1542.3 -4.996e-14 0 0 0 0 0 -1.99141e-11 -5.19584e-12 -5.19584e-12 0 0 0 1.63338e-10 0 0 
1542.36 -4.92939e-14 0 0 0 0 0 -1.96485e-11 -5.12657e-12 -5.12657e-12 0 0 0 1.63338e-10 0 0 
1542.41 -4.81837e-14 0 0 0 0 0 -1.9206e-11 -5.0111e-12 -5.0111e-12 0 0 0 1.63338e-10 0 0 
1542.47 -4.77396e-14 0 0 0 0 0 -1.9029e-11 -4.96492e-12 -4.96492e-12 0 0 0 1.63338e-10 0 0 
1542.52 -4.79616e-14 0 0 0 0 0 -1.91175e-11 -4.98801e-12 -4.98801e-12 0 0 0 1.63338e-10 0 0 
1542.58 -4.79616e-14 0 0 0 0 0 -1.91175e-11 -4.98801e-12 -4.98801e-12 0 0 0 1.63338e-10 0 0 
1542.63 -4.79616e-14 0 0 0 0 0 -1.91175e-11 -4.98801e-12 -4.98801e-12 0 0 0 1.63338e-10 0 0 
1542.69 -4.79616e-14 0 0 0 0 0 -1.91175e-11 -4.98801e-12 -4.98801e-12 0 0 0 1.63338e-10 0 0 
1542.74 -4.79616e-14 0 0 0 0 0 -1.91175e-11 -4.98801e-12 -4.98801e-12 0 0 0 1.63338e-10 0 0 
1542.8 -4.79616e-14 0 0 0 0 0 -1.91175e-11 -4.98801e-12 -4.98801e-12 0 0 0 1.63338e-10 0 0 
1542.85 -4.77396e-14 0 0 0 0 0 -1.9029e-11 -4.96492e-12 -4.96492e-12 0 0 0 1.63338e-10 0 0 
1542.91 -4.79616e-14 0 0 0 0 0 -1.91175e-11 -4.98801e-12 -4.98801e-12 0 0 0 1.63338e-10 0 0 
1542.96 -4.79616e-14 0 0 0 0 0 -1.91175e-11 -4.98801e-12 -4.98801e-12 0 0 0 1.63338e-10 0 0 
1543.02 -4.79616e-14 0 0 0 0 0 -1.91175e-11 -4.98801e-12 -4.98801e-12 0 0 0 1.63338e-10 0 0 
1543.07 -4.81837e-14 0 0 0 0 0 -1.9206e-11 -5.0111e-12 -5.0111e-12 0 0 0 1.63338e-10 0 0 
1543.13 -4.84057e-14 0 0 0 0 0 -1.92945e-11 -5.0342e-12 -5.0342e-12 0 0 0 1.63338e-10 0 0 
1543.18 -4.81837e-14 0 0 0 0 0 -1.9206e-11 -5.0111e-12 -5.0111e-12 0 0 0 1.63338e-10 0 0 
1543.24 -4.77396e-14 0 0 0 0 0 -1.9029e-11 -4.96492e-12 -4.96492e-12 0 0 0 1.63338e-10 0 0 
1543.29 -4.81837e-14 0 0 0 0 0 -1.9206e-11 -5.0111e-12 -5.0111e-12 0 0 0 1.63338e-10 0 0 
1543.35 -4.79616e-14 0 0 0 0 0 -1.91175e-11 -4.98801e-12 -4.98801e-12 0 0 0 1.63338e-10 0 0 
1543.4 -4.75175e-14 0 0 0 0 0 -1.89405e-11 -4.94182e-12 -4.94182e-12 0 0 0 1.63338e-10 0 0 
1543.46 -4.84057e-14 0 0 0 0 0 -1.92945e-11 -5.0342e-12 -5.0342e-12 0 0 0 1.63338e-10 0 0 
1543.51 -4.84057e-14 0 0 0 0 0 -1.92945e-11 -5.0342e-12 -5.0342e-12 0 0 0 1.63338e-10 0 0 
1543.57 -4.86278e-14 0 0 0 0 0 -1.9383e-11 -5.05729e-12 -5.05729e-12 0 0 0 1.63338e-10 0 0 
1543.62 -4.86278e-14 0 0 0 0 0 -1.9383e-11 -5.05729e-12 -5.05729e-12 0 0 0 1.63338e-10 0 0 
1543.68 -4.79616e-14 0 0 0 0 0 -1.91175e-11 -4.98801e-12 -4.98801e-12 0 0 0 1.63338e-10 0 0 
1543.73 -4.84057e-14 0 0 0 0 0 -1.92945e-11 -5.0342e-12 -5.0342e-12 0 0 0 1.63338e-10 0 0 
1543.79 -4.84057e-14 0 0 0 0 0 -1.92945e-11 -5.0342e-12 -5.0342e-12 0 0 0 1.63338e-10 0 0 
1543.84 -4.77396e-14 0 0 0 0 0 -1.9029e-11 -4.96492e-12 -4.96492e-12 0 0 0 1.63338e-10 0 0 
1543.9 -4.75175e-14 0 0 0 0 0 -1.89405e-11 -4.94182e-12 -4.94182e-12 0 0 0 1.63338e-10 0 0 
1543.95 -4.79616e-14 0 0 0 0 0 -1.91175e-11 -4.98801e-12 -4.98801e-12 0 0 0 1.63338e-10 0 0 
1544.01 -4.86278e-14 0 0 0 0 0 -1.9383e-11 -5.05729e-12 -5.05729e-12 0 0 0 1.63338e-10 0 0 
1544.06 -4.81837e-14 0 0 0 0 0 -1.9206e-11 -5.0111e-12 -5.0111e-12 0 0 0 1.63338e-10 0 0 
1544.12 -4.79616e-14 0 0 0 0 0 -1.91175e-11 -4.98801e-12 -4.98801e-12 0 0 0 1.63338e-10 0 0 
1544.17 -4.81837e-14 0 0 0 0 0 -1.9206e-11 -5.0111e-12 -5.0111e-12 0 0 0 1.63338e-10 0 0 
1544.23 -4.79616e-14 0 0 0 0 0 -1.91175e-11 -4.98801e-12 -4.98801e-12 0 0 0 1.63338e-10 0 0 
1544.28 -4.81837e-14 0 0 0 0 0 -1.9206e-11 -5.0111e-12 -5.0111e-12 0 0 0 1.63338e-10 0 0 
1544.34 -4.79616e-14 0 0 0 0 0 -1.91175e-11 -4.98801e-12 -4.98801e-12 0 0 0 1.63338e-10 0 0 
1544.39 -4.79616e-14 0 0 0 0 0 -1.91175e-11 -4.98801e-12 -4.98801e-12 0 0 0 1.63338e-10 0 0 
1544.45 -4.81837e-14 0 0 0 0 0 -1.9206e-11 -5.0111e-12 -5.0111e-12 0 0 0 1.63338e-10 0 0 
1544.5 -4.81837e-14 0 0 0 0 0 -1.9206e-11 -5.0111e-12 -5.0111e-12 0 0 0 1.63338e-10 0 0 
1544.56 -4.79616e-14 0 0 0 0 0 -1.91175e-11 -4.98801e-12 -4.98801e-12 0 0 0 1.63338e-10 0 0 
1544.61 -4.81837e-14 0 0 0 0 0 -1.9206e-11 -5.0111e-12 -5.0111e-12 0 0 0 1.63338e-10 0 0 
1544.67 -4.86278e-14 0 0 0 0 0 -1.9383e-11 -5.05729e-12 -5.05729e-12 0 0 0 1.63338e-10 0 0 
1544.72 -4.81837e-14 0 0 0 0 0 -1.9206e-11 -5.0111e-12 -5.0111e-12 0 0 0 1.63338e-10 0 0 
1544.78 -4.79616e-14 0 0 0 0 0 -1.91175e-11 -4.98801e-12 -4.98801e-12 0 0 0 1.63338e-10 0 0 
1544.83 -4.72955e-14 0 0 0 0 0 -1.8852e-11 -4.91873e-12 -4.91873e-12 0 0 0 1.63338e-10 0 0 
1544.89 -4.72955e-14 0 0 0 0 0 -1.8852e-11 -4.91873e-12 -4.91873e-12 0 0 0 1.63338e-10 0 0 
1544.94 -4.79616e-14 0 0 0 0 0 -1.91175e-11 -4.98801e-12 -4.98801e-12 0 0 0 1.63338e-10 0 0 
1545 -4.79616e-14 0 0 0 0 0 -1.91175e-11 -4.98801e-12 -4.98801e-12 0 0 0 1.63338e-10 0 0 
1545 -4.79616e-14 0 0 0 0 0 -1.91175e-11 -4.98801e-12 -4.98801e-12 0 0 0 1.63338e-10 0 0 
1545.06 -4.75175e-14 0 0 0 0 0 -1.89405e-11 -4.94182e-12 -4.94182e-12 0 0 0 1.63338e-10 0 0 
1545.11 -4.70735e-14 0 0 0 0 0 -1.87635e-11 -4.89564e-12 -4.89564e-12 0 0 0 1.63338e-10 0 0 
1545.17 -4.75175e-14 0 0 0 0 0 -1.89405e-11 -4.94182e-12 -4.94182e-12 0 0 0 1.63338e-10 0 0 
1545.22 -4.77396e-14 0 0 0 0 0 -1.9029e-11 -4.96492e-12 -4.96492e-12 0 0 0 1.63338e-10 0 0 
1545.28 -4.77396e-14 0 0 0 0 0 -1.9029e-11 -4.96492e-12 -4.96492e-12 0 0 0 1.63338e-10 0 0 
1545.33 -4.75175e-14 0 0 0 0 0 -1.89405e-11 -4.94182e-12 -4.94182e-12 0 0 0 1.63338e-10 0 0 
1545.39 -4.72955e-14 0 0 0 0 0 -1.8852e-11 -4.91873e-12 -4.91873e-12 0 0 0 1.63338e-10 0 0 
1545.44 -4.77396e-14 0 0 0 0 0 -1.9029e-11 -4.96492e-12 -4.96492e-12 0 0 0 1.63338e-10 0 0 
1545.5 -4.75175e-14 0 0 0 0 0 -1.89405e-11 -4.94182e-12 -4.94182e-12 0 0 0 1.63338e-10 0 0 
1545.55 -4.75175e-14 0 0 0 0 0 -1.89405e-11 -4.94182e-12 -4.94182e-12 0 0 0 1.63338e-10 0 0 
1545.61 -4.79616e-14 0 0 0 0 0 -1.91175e-11 -4.98801e-12 -4.98801e-12 0 0 0 1.63338e-10 0 0 
1545.66 -4.72955e-14 0 0 0 0 0 -1.8852e-11 -4.91873e-12 -4.91873e-12 0 0 0 1.63338e-10 0 0 
1545.72 -4.66294e-14 0 0 0 0 0 -1.85865e-11 -4.84945e-12 -4.84945e-12 0 0 0 1.63338e-10 0 0 
1545.77 -4.72955e-14 0 0 0 0 0 -1.8852e-11 -4.91873e-12 -4.91873e-12 0 0 0 1.63338e-10 0 0 
1545.83 -4.75175e-14 0 0 0 0 0 -1.89405e-11 -4.94182e-12 -4.94182e-12 0 0 0 1.63338e-10 0 0 
1545.88 -4.75175e-14 0 0 0 0 0 -1.89405e-11 -4.94182e-12 -4.94182e-12 0 0 0 1.63338e-10 0 0 
1545.94 -4.81837e-14 0 0 0 0 0 -1.9206e-11 -5.0111e-12 -5.0111e-12 0 0 0 1.63338e-10 0 0 
1545.99 -4.75175e-14 0 0 0 0 0 -1.89405e-11 -4.94182e-12 -4.94182e-12 0 0 0 1.63338e-10 0 0 
1546.05 -4.70735e-14 0 0 0 0 0 -1.87635e-11 -4.89564e-12 -4.89564e-12 0 0 0 1.63338e-10 0 0 
1546.1 -4.77396e-14 0 0 0 0 0 -1.9029e-11 -4.96492e-12 -4.96492e-12 0 0 0 1.63338e-10 0 0 
1546.16 -4.79616e-14 0 0 0 0 0 -1.91175e-11 -4.98801e-12 -4.98801e-12 0 0 0 1.63338e-10 0 0 
1546.21 -4.77396e-14 0 0 0 0 0 -1.9029e-11 -4.96492e-12 -4.96492e-12 0 0 0 1.63338e-10 0 0 
1546.27 -4.79616e-14 0 0 0 0 0 -1.91175e-11 -4.98801e-12 -4.98801e-12 0 0 0 1.63338e-10 0 0 
1546.32 -4.75175e-14 0 0 0 0 0 -1.89405e-11 -4.94182e-12 -4.94182e-12 0 0 0 1.63338e-10 0 0 
1546.38 -4.68514e-14 0 0 0 0 0 -1.8675e-11 -4.87255e-12 -4.87255e-12 0 0 0 1.63338e-10 0 0 
1546.43 -4.72955e-14 0 0 0 0 0 -1.8852e-11 -4.91873e-12 -4.91873e-12 0 0 0 1.63338e-10 0 0 
1546.49 -4.75175e-14 0 0 0 0 0 -1.89405e-11 -4.94182e-12 -4.94182e-12 0 0 0 1.63338e-10 0 0 
1546.54 -4.77396e-14 0 0 0 0 0 -1.9029e-11 -4.96492e-12 -4.96492e-12 0 0 0 1.63338e-10 0 0 
1546.6 -4.75175e-14 0 0 0 0 0 -1.89405e-11 -4.94182e-12 -4.94182e-12 0 0 0 1.63338e-10 0 0 
1546.65 -4.77396e-14 0 0 0 0 0 -1.9029e-11 -4.96492e-12 -4.96492e-12 0 0 0 1.63338e-10 0 0 
1546.71 -4.81837e-14 0 0 0 0 0 -1.9206e-11 -5.0111e-12 -5.0111e-12 0 0 0 1.63338e-10 0 0 
1546.76 -4.75175e-14 0 0 0 0 0 -1.89405e-11 -4.94182e-12 -4.94182e-12 0 0 0 1.63338e-10 0 0 
1546.82 -4.75175e-14 0 0 0 0 0 -1.89405e-11 -4.94182e-12 -4.94182e-12 0 0 0 1.63338e-10 0 0 
1546.87 -4.72955e-14 0 0 0 0 0 -1.8852e-11 -4.91873e-12 -4.91873e-12 0 0 0 1.63338e-10 0 0 
1546.93 -4.66294e-14 0 0 0 0 0 -1.85865e-11 -4.84945e-12 -4.84945e-12 0 0 0 1.63338e-10 0 0 
1546.98 -4.72955e-14 0 0 0 0 0 -1.8852e-11 -4.91873e-12 -4.91873e-12 0 0 0 1.63338e-10 0 0 
1547.04 -4.77396e-14 0 0 0 0 0 -1.9029e-11 -4.96492e-12 -4.96492e-12 0 0 0 1.63338e-10 0 0 
1547.09 -4.75175e-14 0 0 0 0 0 -1.89405e-11 -4.94182e-12 -4.94182e-12 0 0 0 1.63338e-10 0 0 
1547.15 -4.70735e-14 0 0 0 0 0 -1.87635e-11 -4.89564e-12 -4.89564e-12 0 0 0 1.63338e-10 0 0 
1547.2 -4.68514e-14 0 0 0 0 0 -1.8675e-11 -4.87255e-12 -4.87255e-12 0 0 0 1.63338e-10 0 0 
1547.26 -4.70735e-14 0 0 0 0 0 -1.87635e-11 -4.89564e-12 -4.89564e-12 0 0 0 1.63338e-10 0 0 
1547.31 -4.70735e-14 0 0 0 0 0 -1.87635e-11 -4.89564e-12 -4.89564e-12 0 0 0 1.63338e-10 0 0 
1547.37 -4.64073e-14 0 0 0 0 0 -1.8498e-11 -4.82636e-12 -4.82636e-12 0 0 0 1.63338e-10 0 0 
1547.42 -4.66294e-14 0 0 0 0 0 -1.85865e-11 -4.84945e-12 -4.84945e-12 0 0 0 1.63338e-10 0 0 
1547.48 -4.75175e-14 0 0 0 0 0 -1.89405e-11 -4.94182e-12 -4.94182e-12 0 0 0 1.63338e-10 0 0 
1547.53 -4.68514e-14 0 0 0 0 0 -1.8675e-11 -4.87255e-12 -4.87255e-12 0 0 0 1.63338e-10 0 0 
1547.59 -4.64073e-14 0 0 0 0 0 -1.8498e-11 -4.82636e-12 -4.82636e-12 0 0 0 1.63338e-10 0 0 
1547.64 -4.61853e-14 0 0 0 0 0 -1.84095e-11 -4.80327e-12 -4.80327e-12 0 0 0 1.63338e-10 0 0 
1547.7 -4.52971e-14 0 0 0 0 0 -1.80554e-11 -4.7109e-12 -4.7109e-12 0 0 0 1.63338e-10 0 0 
1547.75 -4.50751e-14 0 0 0 0 0 -1.79669e-11 -4.68781e-12 -4.68781e-12 0 0 0 1.63338e-10 0 0 
1547.81 -4.55191e-14 0 0 0 0 0 -1.81439e-11 -4.73399e-12 -4.73399e-12 0 0 0 1.63338e-10 0 0 
1547.86 -4.52971e-14 0 0 0 0 0 -1.80554e-11 -4.7109e-12 -4.7109e-12 0 0 0 1.63338e-10 0 0 
1547.92 -4.41869e-14 0 0 0 0 0 -1.76129e-11 -4.59544e-12 -4.59544e-12 0 0 0 1.63338e-10 0 0 
1547.97 -4.37428e-14 0 0 0 0 0 -1.74359e-11 -4.54925e-12 -4.54925e-12 0 0 0 1.63338e-10 0 0 
1548.03 -4.35207e-14 0 0 0 0 0 -1.73474e-11 -4.52616e-12 -4.52616e-12 0 0 0 1.63338e-10 0 0 
1548.08 -4.32987e-14 0 0 0 0 0 -1.72589e-11 -4.50306e-12 -4.50306e-12 0 0 0 1.63338e-10 0 0 
1548.14 -4.35207e-14 0 0 0 0 0 -1.73474e-11 -4.52616e-12 -4.52616e-12 0 0 0 1.63338e-10 0 0 
1548.19 -4.32987e-14 0 0 0 0 0 -1.72589e-11 -4.50306e-12 -4.50306e-12 0 0 0 1.63338e-10 0 0 
1548.25 -4.32987e-14 0 0 0 0 0 -1.72589e-11 -4.50306e-12 -4.50306e-12 0 0 0 1.63338e-10 0 0 
1548.3 -4.30767e-14 0 0 0 0 0 -1.71704e-11 -4.47997e-12 -4.47997e-12 0 0 0 1.63338e-10 0 0 
1548.36 -4.21885e-14 0 0 0 0 0 -1.68163e-11 -4.3876e-12 -4.3876e-12 0 0 0 1.63338e-10 0 0 
1548.41 -4.19664e-14 0 0 0 0 0 -1.67278e-11 -4.36451e-12 -4.36451e-12 0 0 0 1.63338e-10 0 0 
1548.47 -4.15223e-14 0 0 0 0 0 -1.65508e-11 -4.31832e-12 -4.31832e-12 0 0 0 1.63338e-10 0 0 
1548.52 -4.13003e-14 0 0 0 0 0 -1.64623e-11 -4.29523e-12 -4.29523e-12 0 0 0 1.63338e-10 0 0 
1548.58 -4.15223e-14 0 0 0 0 0 -1.65508e-11 -4.31832e-12 -4.31832e-12 0 0 0 1.63338e-10 0 0 
1548.63 -4.10783e-14 0 0 0 0 0 -1.63738e-11 -4.27214e-12 -4.27214e-12 0 0 0 1.63338e-10 0 0 
1548.69 -4.13003e-14 0 0 0 0 0 -1.64623e-11 -4.29523e-12 -4.29523e-12 0 0 0 1.63338e-10 0 0 
1548.74 -4.15223e-14 0 0 0 0 0 -1.65508e-11 -4.31832e-12 -4.31832e-12 0 0 0 1.63338e-10 0 0 
1548.8 -4.13003e-14 0 0 0 0 0 -1.64623e-11 -4.29523e-12 -4.29523e-12 0 0 0 1.63338e-10 0 0 
1548.85 -4.15223e-14 0 0 0 0 0 -1.65508e-11 -4.31832e-12 -4.31832e-12 0 0 0 1.63338e-10 0 0 
1548.91 -4.10783e-14 0 0 0 0 0 -1.63738e-11 -4.27214e-12 -4.27214e-12 0 0 0 1.63338e-10 0 0 
1548.96 -4.06342e-14 0 0 0 0 0 -1.61968e-11 -4.22595e-12 -4.22595e-12 0 0 0 1.63338e-10 0 0 
1549.02 -4.13003e-14 0 0 0 0 0 -1.64623e-11 -4.29523e-12 -4.29523e-12 0 0 0 1.63338e-10 0 0 
1549.07 -4.17444e-14 0 0 0 0 0 -1.66393e-11 -4.34142e-12 -4.34142e-12 0 0 0 1.63338e-10 0 0 
1549.13 -4.13003e-14 0 0 0 0 0 -1.64623e-11 -4.29523e-12 -4.29523e-12 0 0 0 1.63338e-10 0 0 
1549.18 -4.10783e-14 0 0 0 0 0 -1.63738e-11 -4.27214e-12 -4.27214e-12 0 0 0 1.63338e-10 0 0 
1549.24 -4.15223e-14 0 0 0 0 0 -1.65508e-11 -4.31832e-12 -4.31832e-12 0 0 0 1.63338e-10 0 0 
1549.29 -4.15223e-14 0 0 0 0 0 -1.65508e-11 -4.31832e-12 -4.31832e-12 0 0 0 1.63338e-10 0 0 
1549.35 -4.10783e-14 0 0 0 0 0 -1.63738e-11 -4.27214e-12 -4.27214e-12 0 0 0 1.63338e-10 0 0 
1549.4 -4.10783e-14 0 0 0 0 0 -1.63738e-11 -4.27214e-12 -4.27214e-12 0 0 0 1.63338e-10 0 0 
1549.46 -4.13003e-14 0 0 0 0 0 -1.64623e-11 -4.29523e-12 -4.29523e-12 0 0 0 1.63338e-10 0 0 
1549.51 -4.17444e-14 0 0 0 0 0 -1.66393e-11 -4.34142e-12 -4.34142e-12 0 0 0 1.63338e-10 0 0 
1549.57 -4.17444e-14 0 0 0 0 0 -1.66393e-11 -4.34142e-12 -4.34142e-12 0 0 0 1.63338e-10 0 0 
1549.62 -4.15223e-14 0 0 0 0 0 -1.65508e-11 -4.31832e-12 -4.31832e-12 0 0 0 1.63338e-10 0 0 
1549.68 -4.17444e-14 0 0 0 0 0 -1.66393e-11 -4.34142e-12 -4.34142e-12 0 0 0 1.63338e-10 0 0 
1549.73 -4.17444e-14 0 0 0 0 0 -1.66393e-11 -4.34142e-12 -4.34142e-12 0 0 0 1.63338e-10 0 0 
1549.79 -4.15223e-14 0 0 0 0 0 -1.65508e-11 -4.31832e-12 -4.31832e-12 0 0 0 1.63338e-10 0 0 
1549.84 -4.15223e-14 0 0 0 0 0 -1.65508e-11 -4.31832e-12 -4.31832e-12 0 0 0 1.63338e-10 0 0 
1549.9 -4.13003e-14 0 0 0 0 0 -1.64623e-11 -4.29523e-12 -4.29523e-12 0 0 0 1.63338e-10 0 0 
1549.95 -4.13003e-14 0 0 0 0 0 -1.64623e-11 -4.29523e-12 -4.29523e-12 0 0 0 1.63338e-10 0 0 
1550.01 -4.17444e-14 0 0 0 0 0 -1.66393e-11 -4.34142e-12 -4.34142e-12 0 0 0 1.63338e-10 0 0 
1550.06 -4.13003e-14 0 0 0 0 0 -1.64623e-11 -4.29523e-12 -4.29523e-12 0 0 0 1.63338e-10 0 0 
1550.12 -4.13003e-14 0 0 0 0 0 -1.64623e-11 -4.29523e-12 -4.29523e-12 0 0 0 1.63338e-10 0 0 
1550.17 -4.19664e-14 0 0 0 0 0 -1.67278e-11 -4.36451e-12 -4.36451e-12 0 0 0 1.63338e-10 0 0 
1550.23 -4.15223e-14 0 0 0 0 0 -1.65508e-11 -4.31832e-12 -4.31832e-12 0 0 0 1.63338e-10 0 0 
1550.28 -4.10783e-14 0 0 0 0 0 -1.63738e-11 -4.27214e-12 -4.27214e-12 0 0 0 1.63338e-10 0 0 
1550.34 -4.08562e-14 0 0 0 0 0 -1.62853e-11 -4.24905e-12 -4.24905e-12 0 0 0 1.63338e-10 0 0 
1550.39 -4.08562e-14 0 0 0 0 0 -1.62853e-11 -4.24905e-12 -4.24905e-12 0 0 0 1.63338e-10 0 0 
1550.45 -4.15223e-14 0 0 0 0 0 -1.65508e-11 -4.31832e-12 -4.31832e-12 0 0 0 1.63338e-10 0 0 
1550.5 -4.10783e-14 0 0 0 0 0 -1.63738e-11 -4.27214e-12 -4.27214e-12 0 0 0 1.63338e-10 0 0 
1550.56 -4.08562e-14 0 0 0 0 0 -1.62853e-11 -4.24905e-12 -4.24905e-12 0 0 0 1.63338e-10 0 0 
1550.61 -4.15223e-14 0 0 0 0 0 -1.65508e-11 -4.31832e-12 -4.31832e-12 0 0 0 1.63338e-10 0 0 
1550.67 -4.13003e-14 0 0 0 0 0 -1.64623e-11 -4.29523e-12 -4.29523e-12 0 0 0 1.63338e-10 0 0 
1550.72 -4.08562e-14 0 0 0 0 0 -1.62853e-11 -4.24905e-12 -4.24905e-12 0 0 0 1.63338e-10 0 0 
1550.78 -4.10783e-14 0 0 0 0 0 -1.63738e-11 -4.27214e-12 -4.27214e-12 0 0 0 1.63338e-10 0 0 
1550.83 -4.15223e-14 0 0 0 0 0 -1.65508e-11 -4.31832e-12 -4.31832e-12 0 0 0 1.63338e-10 0 0 
1550.89 -4.13003e-14 0 0 0 0 0 -1.64623e-11 -4.29523e-12 -4.29523e-12 0 0 0 1.63338e-10 0 0 
1550.94 -4.08562e-14 0 0 0 0 0 -1.62853e-11 -4.24905e-12 -4.24905e-12 0 0 0 1.63338e-10 0 0 
1551 -4.08562e-14 0 0 0 0 0 -1.62853e-11 -4.24905e-12 -4.24905e-12 0 0 0 1.63338e-10 0 0 
1551 0.00245628 -0.0048291 -0.0048291 0 0 0 -1.62145e-11 -2.17121 -2.17121 0 -2.91362e-16 0 1.63338e-10 0 0 
1551.06 0.00245628 -0.0048291 -0.0048291 0 0 0 -1.60347e-11 -2.17121 -2.17121 0 -2.91362e-16 0 1.63909e-10 0 0 
1551.11 0.00245628 -0.0048291 -0.0048291 0 0 0 -1.58548e-11 -2.17121 -2.17121 0 -2.91362e-16 0 1.6448e-10 0 0 
1551.17 0.00245628 -0.0048291 -0.0048291 0 0 0 -1.58548e-11 -2.17121 -2.17121 0 -2.91362e-16 0 1.65052e-10 0 0 
1551.22 0.00245628 -0.0048291 -0.0048291 0 0 0 -1.5675e-11 -2.17121 -2.17121 0 -2.91362e-16 0 1.65623e-10 0 0 
1551.28 0.00245628 -0.0048291 -0.0048291 0 0 0 -1.5585e-11 -2.17121 -2.17121 0 -2.91362e-16 0 1.66195e-10 0 0 
1551.33 0.00245628 -0.0048291 -0.0048291 0 0 0 -1.5675e-11 -2.17121 -2.17121 0 -2.91362e-16 0 1.66766e-10 0 0 
1551.39 0.00245628 -0.0048291 -0.0048291 0 0 0 -1.5675e-11 -2.17121 -2.17121 0 -2.91362e-16 0 1.67338e-10 0 0 
1551.44 0.00245628 -0.0048291 -0.0048291 0 0 0 -1.5585e-11 -2.17121 -2.17121 0 -2.91362e-16 0 1.67909e-10 0 0 
1551.5 0.00245628 -0.0048291 -0.0048291 0 0 0 -1.54951e-11 -2.17121 -2.17121 0 -2.91362e-16 0 1.68481e-10 0 0 
1551.56 0.00245628 -0.0048291 -0.0048291 0 0 0 -1.54052e-11 -2.17121 -2.17121 0 -2.91362e-16 0 1.69052e-10 0 0 
1551.61 0.00245628 -0.0048291 -0.0048291 0 0 0 -1.54052e-11 -2.17121 -2.17121 0 -2.91362e-16 0 1.69624e-10 0 0 
1551.67 0.00245628 -0.0048291 -0.0048291 0 0 0 -1.53152e-11 -2.17121 -2.17121 0 -2.91362e-16 0 1.70195e-10 0 0 
1551.72 0.00245628 -0.0048291 -0.0048291 0 0 0 -1.50455e-11 -2.17121 -2.17121 0 -2.91362e-16 0 1.70767e-10 0 0 
1551.78 0.00245628 -0.0048291 -0.0048291 0 0 0 -1.47757e-11 -2.17121 -2.17121 0 -2.91362e-16 0 1.71338e-10 0 0 
1551.83 0.00245628 -0.0048291 -0.0048291 0 0 0 -1.4416e-11 -2.17121 -2.17121 0 -2.91362e-16 0 1.7191e-10 0 0 
1551.89 0.00245628 -0.0048291 -0.0048291 0 0 0 -1.4326e-11 -2.17121 -2.17121 0 -2.91362e-16 0 1.72481e-10 0 0 
1551.94 0.00245628 -0.0048291 -0.0048291 0 0 0 -1.47757e-11 -2.17121 -2.17121 0 -2.91362e-16 0 1.73053e-10 0 0 
1552 0.00245628 -0.0048291 -0.0048291 0 0 0 -1.48656e-11 -2.17121 -2.17121 0 -2.91362e-16 0 1.73624e-10 0 0 
1552.06 0.00245628 -0.0048291 -0.0048291 0 0 0 -1.46858e-11 -2.17121 -2.17121 0 -2.91362e-16 0 1.74196e-10 0 0 
1552.11 0.00245628 -0.0048291 -0.0048291 0 0 0 -1.45958e-11 -2.17121 -2.17121 0 -2.91362e-16 0 1.74767e-10 0 0 
1552.17 0.00245628 -0.0048291 -0.0048291 0 0 0 -1.45059e-11 -2.17121 -2.17121 0 -2.91362e-16 0 1.75339e-10 0 0 
1552.22 0.00245628 -0.0048291 -0.0048291 0 0 0 -1.42361e-11 -2.17121 -2.17121 0 -2.91362e-16 0 1.7591e-10 0 0 
1552.28 0.00245628 -0.0048291 -0.0048291 0 0 0 -1.41462e-11 -2.17121 -2.17121 0 -2.91362e-16 0 1.76481e-10 0 0 
1552.33 0.00245628 -0.0048291 -0.0048291 0 0 0 -1.4326e-11 -2.17121 -2.17121 0 -2.91362e-16 0 1.77053e-10 0 0 
1552.39 0.00245628 -0.0048291 -0.0048291 0 0 0 -1.41462e-11 -2.17121 -2.17121 0 -2.91362e-16 0 1.77624e-10 0 0 
1552.44 0.00245628 -0.0048291 -0.0048291 0 0 0 -1.40563e-11 -2.17121 -2.17121 0 -2.91362e-16 0 1.78196e-10 0 0 
1552.5 0.00245628 -0.0048291 -0.0048291 0 0 0 -1.37865e-11 -2.17121 -2.17121 0 -2.91362e-16 0 1.78767e-10 0 0 
1552.56 0.00245628 -0.0048291 -0.0048291 0 0 0 -1.35167e-11 -2.17121 -2.17121 0 -2.91362e-16 0 1.79339e-10 0 0 
1552.61 0.00245628 -0.0048291 -0.0048291 0 0 0 -1.35167e-11 -2.17121 -2.17121 0 -2.91362e-16 0 1.7991e-10 0 0 
1552.67 0.00245628 -0.0048291 -0.0048291 0 0 0 -1.33368e-11 -2.17121 -2.17121 0 -2.91362e-16 0 1.80482e-10 0 0 
1552.72 0.00245628 -0.0048291 -0.0048291 0 0 0 -1.32469e-11 -2.17121 -2.17121 0 -2.91362e-16 0 1.81053e-10 0 0 
1552.78 0.00245628 -0.0048291 -0.0048291 0 0 0 -1.3157e-11 -2.17121 -2.17121 0 -2.91362e-16 0 1.81625e-10 0 0 
1552.83 0.00245628 -0.0048291 -0.0048291 0 0 0 -1.29771e-11 -2.17121 -2.17121 0 -2.91362e-16 0 1.82196e-10 0 0 
1552.89 0.00245628 -0.0048291 -0.0048291 0 0 0 -1.3067e-11 -2.17121 -2.17121 0 -2.91362e-16 0 1.82768e-10 0 0 
1552.94 0.00245628 -0.0048291 -0.0048291 0 0 0 -1.3067e-11 -2.17121 -2.17121 0 -2.91362e-16 0 1.83339e-10 0 0 
1553 0.00245628 -0.0048291 -0.0048291 0 0 0 -1.29771e-11 -2.17121 -2.17121 0 -2.91362e-16 0 1.83911e-10 0 0 
1553 -3.24185e-14 0 0 0 0 0 -1.2922e-11 -3.37153e-12 -3.37153e-12 0 0 0 1.83911e-10 0 0 
1553.06 -3.26406e-14 0 0 0 0 0 -1.30105e-11 -3.39462e-12 -3.39462e-12 0 0 0 1.83911e-10 0 0 
1553.11 -3.33067e-14 0 0 0 0 0 -1.3276e-11 -3.4639e-12 -3.4639e-12 0 0 0 1.83911e-10 0 0 
1553.17 -3.33067e-14 0 0 0 0 0 -1.3276e-11 -3.4639e-12 -3.4639e-12 0 0 0 1.83911e-10 0 0 
1553.22 -3.24185e-14 0 0 0 0 0 -1.2922e-11 -3.37153e-12 -3.37153e-12 0 0 0 1.83911e-10 0 0 
1553.28 -3.17524e-14 0 0 0 0 0 -1.26565e-11 -3.30225e-12 -3.30225e-12 0 0 0 1.83911e-10 0 0 
1553.33 -3.15303e-14 0 0 0 0 0 -1.2568e-11 -3.27915e-12 -3.27915e-12 0 0 0 1.83911e-10 0 0 
1553.39 -3.13083e-14 0 0 0 0 0 -1.24795e-11 -3.25606e-12 -3.25606e-12 0 0 0 1.83911e-10 0 0 
1553.44 -3.17524e-14 0 0 0 0 0 -1.26565e-11 -3.30225e-12 -3.30225e-12 0 0 0 1.83911e-10 0 0 
1553.5 -3.26406e-14 0 0 0 0 0 -1.30105e-11 -3.39462e-12 -3.39462e-12 0 0 0 1.83911e-10 0 0 
1553.55 -3.24185e-14 0 0 0 0 0 -1.2922e-11 -3.37153e-12 -3.37153e-12 0 0 0 1.83911e-10 0 0 
1553.61 -3.19744e-14 0 0 0 0 0 -1.2745e-11 -3.32534e-12 -3.32534e-12 0 0 0 1.83911e-10 0 0 
1553.66 -3.21965e-14 0 0 0 0 0 -1.28335e-11 -3.34843e-12 -3.34843e-12 0 0 0 1.83911e-10 0 0 
1553.72 -3.26406e-14 0 0 0 0 0 -1.30105e-11 -3.39462e-12 -3.39462e-12 0 0 0 1.83911e-10 0 0 
1553.77 -3.28626e-14 0 0 0 0 0 -1.3099e-11 -3.41771e-12 -3.41771e-12 0 0 0 1.83911e-10 0 0 
1553.83 -3.26406e-14 0 0 0 0 0 -1.30105e-11 -3.39462e-12 -3.39462e-12 0 0 0 1.83911e-10 0 0 
1553.88 -3.21965e-14 0 0 0 0 0 -1.28335e-11 -3.34843e-12 -3.34843e-12 0 0 0 1.83911e-10 0 0 
1553.94 -3.17524e-14 0 0 0 0 0 -1.26565e-11 -3.30225e-12 -3.30225e-12 0 0 0 1.83911e-10 0 0 
1553.99 -3.17524e-14 0 0 0 0 0 -1.26565e-11 -3.30225e-12 -3.30225e-12 0 0 0 1.83911e-10 0 0 
1554.05 -3.15303e-14 0 0 0 0 0 -1.2568e-11 -3.27915e-12 -3.27915e-12 0 0 0 1.83911e-10 0 0 
1554.1 -3.13083e-14 0 0 0 0 0 -1.24795e-11 -3.25606e-12 -3.25606e-12 0 0 0 1.83911e-10 0 0 
1554.16 -3.15303e-14 0 0 0 0 0 -1.2568e-11 -3.27915e-12 -3.27915e-12 0 0 0 1.83911e-10 0 0 
1554.21 -3.15303e-14 0 0 0 0 0 -1.2568e-11 -3.27915e-12 -3.27915e-12 0 0 0 1.83911e-10 0 0 
1554.27 -3.17524e-14 0 0 0 0 0 -1.26565e-11 -3.30225e-12 -3.30225e-12 0 0 0 1.83911e-10 0 0 
1554.32 -3.17524e-14 0 0 0 0 0 -1.26565e-11 -3.30225e-12 -3.30225e-12 0 0 0 1.83911e-10 0 0 
1554.38 -3.10862e-14 0 0 0 0 0 -1.2391e-11 -3.23297e-12 -3.23297e-12 0 0 0 1.83911e-10 0 0 
1554.43 -3.10862e-14 0 0 0 0 0 -1.2391e-11 -3.23297e-12 -3.23297e-12 0 0 0 1.83911e-10 0 0 
1554.49 -3.17524e-14 0 0 0 0 0 -1.26565e-11 -3.30225e-12 -3.30225e-12 0 0 0 1.83911e-10 0 0 
1554.54 -3.15303e-14 0 0 0 0 0 -1.2568e-11 -3.27915e-12 -3.27915e-12 0 0 0 1.83911e-10 0 0 
1554.6 -3.13083e-14 0 0 0 0 0 -1.24795e-11 -3.25606e-12 -3.25606e-12 0 0 0 1.83911e-10 0 0 
1554.65 -3.19744e-14 0 0 0 0 0 -1.2745e-11 -3.32534e-12 -3.32534e-12 0 0 0 1.83911e-10 0 0 
1554.71 -3.26406e-14 0 0 0 0 0 -1.30105e-11 -3.39462e-12 -3.39462e-12 0 0 0 1.83911e-10 0 0 
1554.76 -3.24185e-14 0 0 0 0 0 -1.2922e-11 -3.37153e-12 -3.37153e-12 0 0 0 1.83911e-10 0 0 
1554.82 -3.26406e-14 0 0 0 0 0 -1.30105e-11 -3.39462e-12 -3.39462e-12 0 0 0 1.83911e-10 0 0 
1554.87 -3.33067e-14 0 0 0 0 0 -1.3276e-11 -3.4639e-12 -3.4639e-12 0 0 0 1.83911e-10 0 0 
1554.93 -3.28626e-14 0 0 0 0 0 -1.3099e-11 -3.41771e-12 -3.41771e-12 0 0 0 1.83911e-10 0 0 
1554.98 -3.26406e-14 0 0 0 0 0 -1.30105e-11 -3.39462e-12 -3.39462e-12 0 0 0 1.83911e-10 0 0 
1555.04 -3.28626e-14 0 0 0 0 0 -1.3099e-11 -3.41771e-12 -3.41771e-12 0 0 0 1.83911e-10 0 0 
1555.09 -3.26406e-14 0 0 0 0 0 -1.30105e-11 -3.39462e-12 -3.39462e-12 0 0 0 1.83911e-10 0 0 
1555.15 -3.26406e-14 0 0 0 0 0 -1.30105e-11 -3.39462e-12 -3.39462e-12 0 0 0 1.83911e-10 0 0 
1555.2 -3.24185e-14 0 0 0 0 0 -1.2922e-11 -3.37153e-12 -3.37153e-12 0 0 0 1.83911e-10 0 0 
1555.26 -3.24185e-14 0 0 0 0 0 -1.2922e-11 -3.37153e-12 -3.37153e-12 0 0 0 1.83911e-10 0 0 
1555.31 -3.30846e-14 0 0 0 0 0 -1.31875e-11 -3.4408e-12 -3.4408e-12 0 0 0 1.83911e-10 0 0 
1555.37 -3.30846e-14 0 0 0 0 0 -1.31875e-11 -3.4408e-12 -3.4408e-12 0 0 0 1.83911e-10 0 0 
1555.42 -3.28626e-14 0 0 0 0 0 -1.3099e-11 -3.41771e-12 -3.41771e-12 0 0 0 1.83911e-10 0 0 
1555.48 -3.26406e-14 0 0 0 0 0 -1.30105e-11 -3.39462e-12 -3.39462e-12 0 0 0 1.83911e-10 0 0 
1555.53 -3.28626e-14 0 0 0 0 0 -1.3099e-11 -3.41771e-12 -3.41771e-12 0 0 0 1.83911e-10 0 0 
1555.59 -3.33067e-14 0 0 0 0 0 -1.3276e-11 -3.4639e-12 -3.4639e-12 0 0 0 1.83911e-10 0 0 
1555.64 -3.33067e-14 0 0 0 0 0 -1.3276e-11 -3.4639e-12 -3.4639e-12 0 0 0 1.83911e-10 0 0 
1555.7 -3.28626e-14 0 0 0 0 0 -1.3099e-11 -3.41771e-12 -3.41771e-12 0 0 0 1.83911e-10 0 0 
1555.75 -3.21965e-14 0 0 0 0 0 -1.28335e-11 -3.34843e-12 -3.34843e-12 0 0 0 1.83911e-10 0 0 
1555.81 -3.19744e-14 0 0 0 0 0 -1.2745e-11 -3.32534e-12 -3.32534e-12 0 0 0 1.83911e-10 0 0 
1555.86 -3.10862e-14 0 0 0 0 0 -1.2391e-11 -3.23297e-12 -3.23297e-12 0 0 0 1.83911e-10 0 0 
1555.92 -3.04201e-14 0 0 0 0 0 -1.21255e-11 -3.16369e-12 -3.16369e-12 0 0 0 1.83911e-10 0 0 
1555.97 -2.9976e-14 0 0 0 0 0 -1.19484e-11 -3.11751e-12 -3.11751e-12 0 0 0 1.83911e-10 0 0 
1556.03 -2.93099e-14 0 0 0 0 0 -1.16829e-11 -3.04823e-12 -3.04823e-12 0 0 0 1.83911e-10 0 0 
1556.08 -2.90878e-14 0 0 0 0 0 -1.15944e-11 -3.02514e-12 -3.02514e-12 0 0 0 1.83911e-10 0 0 
1556.14 -2.88658e-14 0 0 0 0 0 -1.15059e-11 -3.00204e-12 -3.00204e-12 0 0 0 1.83911e-10 0 0 
1556.19 -2.81997e-14 0 0 0 0 0 -1.12404e-11 -2.93277e-12 -2.93277e-12 0 0 0 1.83911e-10 0 0 
1556.25 -2.70894e-14 0 0 0 0 0 -1.07979e-11 -2.8173e-12 -2.8173e-12 0 0 0 1.83911e-10 0 0 
1556.3 -2.70894e-14 0 0 0 0 0 -1.07979e-11 -2.8173e-12 -2.8173e-12 0 0 0 1.83911e-10 0 0 
1556.36 -2.70894e-14 0 0 0 0 0 -1.07979e-11 -2.8173e-12 -2.8173e-12 0 0 0 1.83911e-10 0 0 
1556.41 -2.68674e-14 0 0 0 0 0 -1.07093e-11 -2.79421e-12 -2.79421e-12 0 0 0 1.83911e-10 0 0 
1556.47 -2.70894e-14 0 0 0 0 0 -1.07979e-11 -2.8173e-12 -2.8173e-12 0 0 0 1.83911e-10 0 0 
1556.52 -2.66454e-14 0 0 0 0 0 -1.06208e-11 -2.77112e-12 -2.77112e-12 0 0 0 1.83911e-10 0 0 
1556.58 -2.66454e-14 0 0 0 0 0 -1.06208e-11 -2.77112e-12 -2.77112e-12 0 0 0 1.83911e-10 0 0 
1556.63 -2.68674e-14 0 0 0 0 0 -1.07093e-11 -2.79421e-12 -2.79421e-12 0 0 0 1.83911e-10 0 0 
1556.69 -2.68674e-14 0 0 0 0 0 -1.07093e-11 -2.79421e-12 -2.79421e-12 0 0 0 1.83911e-10 0 0 
1556.74 -2.70894e-14 0 0 0 0 0 -1.07979e-11 -2.8173e-12 -2.8173e-12 0 0 0 1.83911e-10 0 0 
1556.8 -2.73115e-14 0 0 0 0 0 -1.08864e-11 -2.84039e-12 -2.84039e-12 0 0 0 1.83911e-10 0 0 
1556.85 -2.70894e-14 0 0 0 0 0 -1.07979e-11 -2.8173e-12 -2.8173e-12 0 0 0 1.83911e-10 0 0 
1556.91 -2.62013e-14 0 0 0 0 0 -1.04438e-11 -2.72493e-12 -2.72493e-12 0 0 0 1.83911e-10 0 0 
1556.96 -2.57572e-14 0 0 0 0 0 -1.02668e-11 -2.67875e-12 -2.67875e-12 0 0 0 1.83911e-10 0 0 
1557.02 -2.53131e-14 0 0 0 0 0 -1.00898e-11 -2.63256e-12 -2.63256e-12 0 0 0 1.83911e-10 0 0 
1557.07 -2.5091e-14 0 0 0 0 0 -1.00013e-11 -2.60947e-12 -2.60947e-12 0 0 0 1.83911e-10 0 0 
1557.13 -2.4647e-14 0 0 0 0 0 -9.82427e-12 -2.56328e-12 -2.56328e-12 0 0 0 1.83911e-10 0 0 
1557.18 -2.44249e-14 0 0 0 0 0 -9.73577e-12 -2.54019e-12 -2.54019e-12 0 0 0 1.83911e-10 0 0 
1557.24 -2.4647e-14 0 0 0 0 0 -9.82427e-12 -2.56328e-12 -2.56328e-12 0 0 0 1.83911e-10 0 0 
1557.29 -2.39808e-14 0 0 0 0 0 -9.55875e-12 -2.49401e-12 -2.49401e-12 0 0 0 1.83911e-10 0 0 
1557.35 -2.37588e-14 0 0 0 0 0 -9.47025e-12 -2.47091e-12 -2.47091e-12 0 0 0 1.83911e-10 0 0 
1557.4 -2.42029e-14 0 0 0 0 0 -9.64726e-12 -2.5171e-12 -2.5171e-12 0 0 0 1.83911e-10 0 0 
1557.46 -2.4647e-14 0 0 0 0 0 -9.82427e-12 -2.56328e-12 -2.56328e-12 0 0 0 1.83911e-10 0 0 
1557.51 -2.5091e-14 0 0 0 0 0 -1.00013e-11 -2.60947e-12 -2.60947e-12 0 0 0 1.83911e-10 0 0 
1557.57 -2.4869e-14 0 0 0 0 0 -9.91278e-12 -2.58638e-12 -2.58638e-12 0 0 0 1.83911e-10 0 0 
1557.62 -2.4869e-14 0 0 0 0 0 -9.91278e-12 -2.58638e-12 -2.58638e-12 0 0 0 1.83911e-10 0 0 
1557.68 -2.4869e-14 0 0 0 0 0 -9.91278e-12 -2.58638e-12 -2.58638e-12 0 0 0 1.83911e-10 0 0 
1557.73 -2.5091e-14 0 0 0 0 0 -1.00013e-11 -2.60947e-12 -2.60947e-12 0 0 0 1.83911e-10 0 0 
1557.79 -2.5091e-14 0 0 0 0 0 -1.00013e-11 -2.60947e-12 -2.60947e-12 0 0 0 1.83911e-10 0 0 
1557.84 -2.44249e-14 0 0 0 0 0 -9.73577e-12 -2.54019e-12 -2.54019e-12 0 0 0 1.83911e-10 0 0 
1557.9 -2.44249e-14 0 0 0 0 0 -9.73577e-12 -2.54019e-12 -2.54019e-12 0 0 0 1.83911e-10 0 0 
1557.95 -2.44249e-14 0 0 0 0 0 -9.73577e-12 -2.54019e-12 -2.54019e-12 0 0 0 1.83911e-10 0 0 
1558.01 -2.44249e-14 0 0 0 0 0 -9.73577e-12 -2.54019e-12 -2.54019e-12 0 0 0 1.83911e-10 0 0 
1558.06 -2.4869e-14 0 0 0 0 0 -9.91278e-12 -2.58638e-12 -2.58638e-12 0 0 0 1.83911e-10 0 0 
1558.12 -2.5091e-14 0 0 0 0 0 -1.00013e-11 -2.60947e-12 -2.60947e-12 0 0 0 1.83911e-10 0 0 
1558.17 -2.4869e-14 0 0 0 0 0 -9.91278e-12 -2.58638e-12 -2.58638e-12 0 0 0 1.83911e-10 0 0 
1558.23 -2.4647e-14 0 0 0 0 0 -9.82427e-12 -2.56328e-12 -2.56328e-12 0 0 0 1.83911e-10 0 0 
1558.28 -2.44249e-14 0 0 0 0 0 -9.73577e-12 -2.54019e-12 -2.54019e-12 0 0 0 1.83911e-10 0 0 
1558.34 -2.44249e-14 0 0 0 0 0 -9.73577e-12 -2.54019e-12 -2.54019e-12 0 0 0 1.83911e-10 0 0 
1558.39 -2.5091e-14 0 0 0 0 0 -1.00013e-11 -2.60947e-12 -2.60947e-12 0 0 0 1.83911e-10 0 0 
1558.45 -2.55351e-14 0 0 0 0 0 -1.01783e-11 -2.65565e-12 -2.65565e-12 0 0 0 1.83911e-10 0 0 
1558.5 -2.55351e-14 0 0 0 0 0 -1.01783e-11 -2.65565e-12 -2.65565e-12 0 0 0 1.83911e-10 0 0 
1558.56 -2.55351e-14 0 0 0 0 0 -1.01783e-11 -2.65565e-12 -2.65565e-12 0 0 0 1.83911e-10 0 0 
1558.61 -2.53131e-14 0 0 0 0 0 -1.00898e-11 -2.63256e-12 -2.63256e-12 0 0 0 1.83911e-10 0 0 
1558.67 -2.55351e-14 0 0 0 0 0 -1.01783e-11 -2.65565e-12 -2.65565e-12 0 0 0 1.83911e-10 0 0 
1558.72 -2.53131e-14 0 0 0 0 0 -1.00898e-11 -2.63256e-12 -2.63256e-12 0 0 0 1.83911e-10 0 0 
1558.78 -2.55351e-14 0 0 0 0 0 -1.01783e-11 -2.65565e-12 -2.65565e-12 0 0 0 1.83911e-10 0 0 
1558.83 -2.55351e-14 0 0 0 0 0 -1.01783e-11 -2.65565e-12 -2.65565e-12 0 0 0 1.83911e-10 0 0 
1558.89 -2.53131e-14 0 0 0 0 0 -1.00898e-11 -2.63256e-12 -2.63256e-12 0 0 0 1.83911e-10 0 0 
1558.94 -2.59792e-14 0 0 0 0 0 -1.03553e-11 -2.70184e-12 -2.70184e-12 0 0 0 1.83911e-10 0 0 
1559 -2.62013e-14 0 0 0 0 0 -1.04438e-11 -2.72493e-12 -2.72493e-12 0 0 0 1.83911e-10 0 0 
1559 -2.57572e-14 0 0 0 0 0 -1.02668e-11 -2.67875e-12 -2.67875e-12 0 0 0 1.83911e-10 0 0 
1559.06 -2.57572e-14 0 0 0 0 0 -1.02668e-11 -2.67875e-12 -2.67875e-12 0 0 0 1.83911e-10 0 0 
1559.11 -2.55351e-14 0 0 0 0 0 -1.01783e-11 -2.65565e-12 -2.65565e-12 0 0 0 1.83911e-10 0 0 
1559.17 -2.57572e-14 0 0 0 0 0 -1.02668e-11 -2.67875e-12 -2.67875e-12 0 0 0 1.83911e-10 0 0 
1559.22 -2.62013e-14 0 0 0 0 0 -1.04438e-11 -2.72493e-12 -2.72493e-12 0 0 0 1.83911e-10 0 0 
1559.28 -2.62013e-14 0 0 0 0 0 -1.04438e-11 -2.72493e-12 -2.72493e-12 0 0 0 1.83911e-10 0 0 
1559.33 -2.62013e-14 0 0 0 0 0 -1.04438e-11 -2.72493e-12 -2.72493e-12 0 0 0 1.83911e-10 0 0 
1559.39 -2.57572e-14 0 0 0 0 0 -1.02668e-11 -2.67875e-12 -2.67875e-12 0 0 0 1.83911e-10 0 0 
1559.44 -2.55351e-14 0 0 0 0 0 -1.01783e-11 -2.65565e-12 -2.65565e-12 0 0 0 1.83911e-10 0 0 
1559.5 -2.57572e-14 0 0 0 0 0 -1.02668e-11 -2.67875e-12 -2.67875e-12 0 0 0 1.83911e-10 0 0 
1559.55 -2.59792e-14 0 0 0 0 0 -1.03553e-11 -2.70184e-12 -2.70184e-12 0 0 0 1.83911e-10 0 0 
1559.61 -2.62013e-14 0 0 0 0 0 -1.04438e-11 -2.72493e-12 -2.72493e-12 0 0 0 1.83911e-10 0 0 
1559.66 -2.62013e-14 0 0 0 0 0 -1.04438e-11 -2.72493e-12 -2.72493e-12 0 0 0 1.83911e-10 0 0 
1559.72 -2.57572e-14 0 0 0 0 0 -1.02668e-11 -2.67875e-12 -2.67875e-12 0 0 0 1.83911e-10 0 0 
1559.77 -2.57572e-14 0 0 0 0 0 -1.02668e-11 -2.67875e-12 -2.67875e-12 0 0 0 1.83911e-10 0 0 
1559.83 -2.64233e-14 0 0 0 0 0 -1.05323e-11 -2.74802e-12 -2.74802e-12 0 0 0 1.83911e-10 0 0 
1559.88 -2.62013e-14 0 0 0 0 0 -1.04438e-11 -2.72493e-12 -2.72493e-12 0 0 0 1.83911e-10 0 0 
1559.94 -2.59792e-14 0 0 0 0 0 -1.03553e-11 -2.70184e-12 -2.70184e-12 0 0 0 1.83911e-10 0 0 
1559.99 -2.62013e-14 0 0 0 0 0 -1.04438e-11 -2.72493e-12 -2.72493e-12 0 0 0 1.83911e-10 0 0 
1560.05 -2.59792e-14 0 0 0 0 0 -1.03553e-11 -2.70184e-12 -2.70184e-12 0 0 0 1.83911e-10 0 0 
1560.1 -2.62013e-14 0 0 0 0 0 -1.04438e-11 -2.72493e-12 -2.72493e-12 0 0 0 1.83911e-10 0 0 
1560.16 -2.59792e-14 0 0 0 0 0 -1.03553e-11 -2.70184e-12 -2.70184e-12 0 0 0 1.83911e-10 0 0 
1560.21 -2.59792e-14 0 0 0 0 0 -1.03553e-11 -2.70184e-12 -2.70184e-12 0 0 0 1.83911e-10 0 0 
1560.27 -2.62013e-14 0 0 0 0 0 -1.04438e-11 -2.72493e-12 -2.72493e-12 0 0 0 1.83911e-10 0 0 
1560.32 -2.57572e-14 0 0 0 0 0 -1.02668e-11 -2.67875e-12 -2.67875e-12 0 0 0 1.83911e-10 0 0 
1560.38 -2.62013e-14 0 0 0 0 0 -1.04438e-11 -2.72493e-12 -2.72493e-12 0 0 0 1.83911e-10 0 0 
1560.43 -2.66454e-14 0 0 0 0 0 -1.06208e-11 -2.77112e-12 -2.77112e-12 0 0 0 1.83911e-10 0 0 
1560.49 -2.68674e-14 0 0 0 0 0 -1.07093e-11 -2.79421e-12 -2.79421e-12 0 0 0 1.83911e-10 0 0 
1560.54 -2.64233e-14 0 0 0 0 0 -1.05323e-11 -2.74802e-12 -2.74802e-12 0 0 0 1.83911e-10 0 0 
1560.6 -2.57572e-14 0 0 0 0 0 -1.02668e-11 -2.67875e-12 -2.67875e-12 0 0 0 1.83911e-10 0 0 
1560.65 -2.59792e-14 0 0 0 0 0 -1.03553e-11 -2.70184e-12 -2.70184e-12 0 0 0 1.83911e-10 0 0 
1560.71 -2.57572e-14 0 0 0 0 0 -1.02668e-11 -2.67875e-12 -2.67875e-12 0 0 0 1.83911e-10 0 0 
1560.76 -2.57572e-14 0 0 0 0 0 -1.02668e-11 -2.67875e-12 -2.67875e-12 0 0 0 1.83911e-10 0 0 
1560.82 -2.64233e-14 0 0 0 0 0 -1.05323e-11 -2.74802e-12 -2.74802e-12 0 0 0 1.83911e-10 0 0 
1560.87 -2.62013e-14 0 0 0 0 0 -1.04438e-11 -2.72493e-12 -2.72493e-12 0 0 0 1.83911e-10 0 0 
1560.93 -2.55351e-14 0 0 0 0 0 -1.01783e-11 -2.65565e-12 -2.65565e-12 0 0 0 1.83911e-10 0 0 
1560.98 -2.55351e-14 0 0 0 0 0 -1.01783e-11 -2.65565e-12 -2.65565e-12 0 0 0 1.83911e-10 0 0 
1561.04 -2.55351e-14 0 0 0 0 0 -1.01783e-11 -2.65565e-12 -2.65565e-12 0 0 0 1.83911e-10 0 0 
1561.09 -2.44249e-14 0 0 0 0 0 -9.73577e-12 -2.54019e-12 -2.54019e-12 0 0 0 1.83911e-10 0 0 
1561.15 -2.30926e-14 0 0 0 0 0 -9.20473e-12 -2.40163e-12 -2.40163e-12 0 0 0 1.83911e-10 0 0 
1561.2 -2.24265e-14 0 0 0 0 0 -8.9392e-12 -2.33236e-12 -2.33236e-12 0 0 0 1.83911e-10 0 0 
1561.26 -2.22045e-14 0 0 0 0 0 -8.8507e-12 -2.30926e-12 -2.30926e-12 0 0 0 1.83911e-10 0 0 
1561.31 -2.19824e-14 0 0 0 0 0 -8.76219e-12 -2.28617e-12 -2.28617e-12 0 0 0 1.83911e-10 0 0 
1561.37 -2.19824e-14 0 0 0 0 0 -8.76219e-12 -2.28617e-12 -2.28617e-12 0 0 0 1.83911e-10 0 0 
1561.42 -2.24265e-14 0 0 0 0 0 -8.9392e-12 -2.33236e-12 -2.33236e-12 0 0 0 1.83911e-10 0 0 
1561.48 -2.24265e-14 0 0 0 0 0 -8.9392e-12 -2.33236e-12 -2.33236e-12 0 0 0 1.83911e-10 0 0 
1561.53 -2.22045e-14 0 0 0 0 0 -8.8507e-12 -2.30926e-12 -2.30926e-12 0 0 0 1.83911e-10 0 0 
1561.59 -2.19824e-14 0 0 0 0 0 -8.76219e-12 -2.28617e-12 -2.28617e-12 0 0 0 1.83911e-10 0 0 
1561.64 -2.17604e-14 0 0 0 0 0 -8.67368e-12 -2.26308e-12 -2.26308e-12 0 0 0 1.83911e-10 0 0 
1561.7 -2.10942e-14 0 0 0 0 0 -8.40816e-12 -2.1938e-12 -2.1938e-12 0 0 0 1.83911e-10 0 0 
1561.75 -2.04281e-14 0 0 0 0 0 -8.14264e-12 -2.12452e-12 -2.12452e-12 0 0 0 1.83911e-10 0 0 
1561.81 -2.04281e-14 0 0 0 0 0 -8.14264e-12 -2.12452e-12 -2.12452e-12 0 0 0 1.83911e-10 0 0 
1561.86 -1.9984e-14 0 0 0 0 0 -7.96563e-12 -2.07834e-12 -2.07834e-12 0 0 0 1.83911e-10 0 0 
1561.92 -1.95399e-14 0 0 0 0 0 -7.78861e-12 -2.03215e-12 -2.03215e-12 0 0 0 1.83911e-10 0 0 
1561.97 -1.95399e-14 0 0 0 0 0 -7.78861e-12 -2.03215e-12 -2.03215e-12 0 0 0 1.83911e-10 0 0 
1562.03 -1.90958e-14 0 0 0 0 0 -7.6116e-12 -1.98597e-12 -1.98597e-12 0 0 0 1.83911e-10 0 0 
1562.08 -1.90958e-14 0 0 0 0 0 -7.6116e-12 -1.98597e-12 -1.98597e-12 0 0 0 1.83911e-10 0 0 
1562.14 -1.88738e-14 0 0 0 0 0 -7.52309e-12 -1.96287e-12 -1.96287e-12 0 0 0 1.83911e-10 0 0 
1562.19 -1.79856e-14 0 0 0 0 0 -7.16907e-12 -1.8705e-12 -1.8705e-12 0 0 0 1.83911e-10 0 0 
1562.25 -1.77636e-14 0 0 0 0 0 -7.08056e-12 -1.84741e-12 -1.84741e-12 0 0 0 1.83911e-10 0 0 
1562.3 -1.77636e-14 0 0 0 0 0 -7.08056e-12 -1.84741e-12 -1.84741e-12 0 0 0 1.83911e-10 0 0 
1562.36 -1.68754e-14 0 0 0 0 0 -6.72653e-12 -1.75504e-12 -1.75504e-12 0 0 0 1.83911e-10 0 0 
1562.41 -1.62093e-14 0 0 0 0 0 -6.46101e-12 -1.68576e-12 -1.68576e-12 0 0 0 1.83911e-10 0 0 
1562.47 -1.59872e-14 0 0 0 0 0 -6.3725e-12 -1.66267e-12 -1.66267e-12 0 0 0 1.83911e-10 0 0 
1562.52 -1.55431e-14 0 0 0 0 0 -6.19549e-12 -1.61648e-12 -1.61648e-12 0 0 0 1.83911e-10 0 0 
1562.58 -1.53211e-14 0 0 0 0 0 -6.10698e-12 -1.59339e-12 -1.59339e-12 0 0 0 1.83911e-10 0 0 
1562.63 -1.4877e-14 0 0 0 0 0 -5.92997e-12 -1.54721e-12 -1.54721e-12 0 0 0 1.83911e-10 0 0 
1562.69 -1.44329e-14 0 0 0 0 0 -5.75295e-12 -1.50102e-12 -1.50102e-12 0 0 0 1.83911e-10 0 0 
1562.74 -1.5099e-14 0 0 0 0 0 -6.01847e-12 -1.5703e-12 -1.5703e-12 0 0 0 1.83911e-10 0 0 
1562.8 -1.53211e-14 0 0 0 0 0 -6.10698e-12 -1.59339e-12 -1.59339e-12 0 0 0 1.83911e-10 0 0 
1562.85 -1.53211e-14 0 0 0 0 0 -6.10698e-12 -1.59339e-12 -1.59339e-12 0 0 0 1.83911e-10 0 0 
1562.91 -1.55431e-14 0 0 0 0 0 -6.19549e-12 -1.61648e-12 -1.61648e-12 0 0 0 1.83911e-10 0 0 
1562.96 -1.46549e-14 0 0 0 0 0 -5.84146e-12 -1.52411e-12 -1.52411e-12 0 0 0 1.83911e-10 0 0 
1563.02 -1.44329e-14 0 0 0 0 0 -5.75295e-12 -1.50102e-12 -1.50102e-12 0 0 0 1.83911e-10 0 0 
1563.07 -1.5099e-14 0 0 0 0 0 -6.01847e-12 -1.5703e-12 -1.5703e-12 0 0 0 1.83911e-10 0 0 
1563.13 -1.53211e-14 0 0 0 0 0 -6.10698e-12 -1.59339e-12 -1.59339e-12 0 0 0 1.83911e-10 0 0 
1563.18 -1.5099e-14 0 0 0 0 0 -6.01847e-12 -1.5703e-12 -1.5703e-12 0 0 0 1.83911e-10 0 0 
1563.24 -1.5099e-14 0 0 0 0 0 -6.01847e-12 -1.5703e-12 -1.5703e-12 0 0 0 1.83911e-10 0 0 
1563.29 -1.4877e-14 0 0 0 0 0 -5.92997e-12 -1.54721e-12 -1.54721e-12 0 0 0 1.83911e-10 0 0 
1563.35 -1.44329e-14 0 0 0 0 0 -5.75295e-12 -1.50102e-12 -1.50102e-12 0 0 0 1.83911e-10 0 0 
1563.4 -1.46549e-14 0 0 0 0 0 -5.84146e-12 -1.52411e-12 -1.52411e-12 0 0 0 1.83911e-10 0 0 
1563.46 -1.53211e-14 0 0 0 0 0 -6.10698e-12 -1.59339e-12 -1.59339e-12 0 0 0 1.83911e-10 0 0 
1563.51 -1.55431e-14 0 0 0 0 0 -6.19549e-12 -1.61648e-12 -1.61648e-12 0 0 0 1.83911e-10 0 0 
1563.57 -1.55431e-14 0 0 0 0 0 -6.19549e-12 -1.61648e-12 -1.61648e-12 0 0 0 1.83911e-10 0 0 
1563.62 -1.55431e-14 0 0 0 0 0 -6.19549e-12 -1.61648e-12 -1.61648e-12 0 0 0 1.83911e-10 0 0 
1563.68 -1.55431e-14 0 0 0 0 0 -6.19549e-12 -1.61648e-12 -1.61648e-12 0 0 0 1.83911e-10 0 0 
1563.73 -1.55431e-14 0 0 0 0 0 -6.19549e-12 -1.61648e-12 -1.61648e-12 0 0 0 1.83911e-10 0 0 
1563.79 -1.59872e-14 0 0 0 0 0 -6.3725e-12 -1.66267e-12 -1.66267e-12 0 0 0 1.83911e-10 0 0 
1563.84 -1.66533e-14 0 0 0 0 0 -6.63802e-12 -1.73195e-12 -1.73195e-12 0 0 0 1.83911e-10 0 0 
1563.9 -1.66533e-14 0 0 0 0 0 -6.63802e-12 -1.73195e-12 -1.73195e-12 0 0 0 1.83911e-10 0 0 
1563.95 -1.64313e-14 0 0 0 0 0 -6.54952e-12 -1.70886e-12 -1.70886e-12 0 0 0 1.83911e-10 0 0 
1564.01 -1.64313e-14 0 0 0 0 0 -6.54952e-12 -1.70886e-12 -1.70886e-12 0 0 0 1.83911e-10 0 0 
1564.06 -1.62093e-14 0 0 0 0 0 -6.46101e-12 -1.68576e-12 -1.68576e-12 0 0 0 1.83911e-10 0 0 
1564.12 -1.59872e-14 0 0 0 0 0 -6.3725e-12 -1.66267e-12 -1.66267e-12 0 0 0 1.83911e-10 0 0 
1564.17 -1.62093e-14 0 0 0 0 0 -6.46101e-12 -1.68576e-12 -1.68576e-12 0 0 0 1.83911e-10 0 0 
1564.23 -1.64313e-14 0 0 0 0 0 -6.54952e-12 -1.70886e-12 -1.70886e-12 0 0 0 1.83911e-10 0 0 
1564.28 -1.64313e-14 0 0 0 0 0 -6.54952e-12 -1.70886e-12 -1.70886e-12 0 0 0 1.83911e-10 0 0 
1564.34 -1.68754e-14 0 0 0 0 0 -6.72653e-12 -1.75504e-12 -1.75504e-12 0 0 0 1.83911e-10 0 0 
1564.39 -1.68754e-14 0 0 0 0 0 -6.72653e-12 -1.75504e-12 -1.75504e-12 0 0 0 1.83911e-10 0 0 
1564.45 -1.66533e-14 0 0 0 0 0 -6.63802e-12 -1.73195e-12 -1.73195e-12 0 0 0 1.83911e-10 0 0 
1564.5 -1.66533e-14 0 0 0 0 0 -6.63802e-12 -1.73195e-12 -1.73195e-12 0 0 0 1.83911e-10 0 0 
1564.56 -1.66533e-14 0 0 0 0 0 -6.63802e-12 -1.73195e-12 -1.73195e-12 0 0 0 1.83911e-10 0 0 
1564.61 -1.66533e-14 0 0 0 0 0 -6.63802e-12 -1.73195e-12 -1.73195e-12 0 0 0 1.83911e-10 0 0 
1564.67 -1.68754e-14 0 0 0 0 0 -6.72653e-12 -1.75504e-12 -1.75504e-12 0 0 0 1.83911e-10 0 0 
1564.72 -1.66533e-14 0 0 0 0 0 -6.63802e-12 -1.73195e-12 -1.73195e-12 0 0 0 1.83911e-10 0 0 
1564.78 -1.59872e-14 0 0 0 0 0 -6.3725e-12 -1.66267e-12 -1.66267e-12 0 0 0 1.83911e-10 0 0 
1564.83 -1.64313e-14 0 0 0 0 0 -6.54952e-12 -1.70886e-12 -1.70886e-12 0 0 0 1.83911e-10 0 0 
1564.89 -1.66533e-14 0 0 0 0 0 -6.63802e-12 -1.73195e-12 -1.73195e-12 0 0 0 1.83911e-10 0 0 
1564.94 -1.64313e-14 0 0 0 0 0 -6.54952e-12 -1.70886e-12 -1.70886e-12 0 0 0 1.83911e-10 0 0 
1565 -1.64313e-14 0 0 0 0 0 -6.54952e-12 -1.70886e-12 -1.70886e-12 0 0 0 1.83911e-10 0 0 
1565 0.00245628 -0.0048291 -0.0048291 0 0 0 -6.5023e-12 -2.17121 -2.17121 0 -2.91362e-16 0 1.83911e-10 0 0 
1565.06 0.00245628 -0.0048291 -0.0048291 0 0 0 -6.32244e-12 -2.17121 -2.17121 0 -2.91362e-16 0 1.84482e-10 0 0 
1565.11 0.00245628 -0.0048291 -0.0048291 0 0 0 -6.05266e-12 -2.17121 -2.17121 0 -2.91362e-16 0 1.85054e-10 0 0 
1565.17 0.00245628 -0.0048291 -0.0048291 0 0 0 -5.8728e-12 -2.17121 -2.17121 0 -2.91362e-16 0 1.85625e-10 0 0 
1565.22 0.00245628 -0.0048291 -0.0048291 0 0 0 -5.8728e-12 -2.17121 -2.17121 0 -2.91362e-16 0 1.86197e-10 0 0 
1565.28 0.00245628 -0.0048291 -0.0048291 0 0 0 -5.69295e-12 -2.17121 -2.17121 0 -2.91362e-16 0 1.86768e-10 0 0 
1565.33 0.00245628 -0.0048291 -0.0048291 0 0 0 -5.69295e-12 -2.17121 -2.17121 0 -2.91362e-16 0 1.87339e-10 0 0 
1565.39 0.00245628 -0.0048291 -0.0048291 0 0 0 -5.60302e-12 -2.17121 -2.17121 0 -2.91362e-16 0 1.87911e-10 0 0 
1565.44 0.00245628 -0.0048291 -0.0048291 0 0 0 -5.33323e-12 -2.17121 -2.17121 0 -2.91362e-16 0 1.88482e-10 0 0 
1565.5 0.00245628 -0.0048291 -0.0048291 0 0 0 -5.15338e-12 -2.17121 -2.17121 0 -2.91362e-16 0 1.89054e-10 0 0 
1565.56 0.00245628 -0.0048291 -0.0048291 0 0 0 -4.88359e-12 -2.17121 -2.17121 0 -2.91362e-16 0 1.89625e-10 0 0 
1565.61 0.00245628 -0.0048291 -0.0048291 0 0 0 -4.88359e-12 -2.17121 -2.17121 0 -2.91362e-16 0 1.90197e-10 0 0 
1565.67 0.00245628 -0.0048291 -0.0048291 0 0 0 -4.70374e-12 -2.17121 -2.17121 0 -2.91362e-16 0 1.90768e-10 0 0 
1565.72 0.00245628 -0.0048291 -0.0048291 0 0 0 -4.43395e-12 -2.17121 -2.17121 0 -2.91362e-16 0 1.9134e-10 0 0 
1565.78 0.00245628 -0.0048291 -0.0048291 0 0 0 -4.52388e-12 -2.17121 -2.17121 0 -2.91362e-16 0 1.91911e-10 0 0 
1565.83 0.00245628 -0.0048291 -0.0048291 0 0 0 -4.52388e-12 -2.17121 -2.17121 0 -2.91362e-16 0 1.92483e-10 0 0 
1565.89 0.00245628 -0.0048291 -0.0048291 0 0 0 -4.34403e-12 -2.17121 -2.17121 0 -2.91362e-16 0 1.93054e-10 0 0 
1565.94 0.00245628 -0.0048291 -0.0048291 0 0 0 -4.2541e-12 -2.17121 -2.17121 0 -2.91362e-16 0 1.93626e-10 0 0 
1566 0.00245628 -0.0048291 -0.0048291 0 0 0 -4.43395e-12 -2.17121 -2.17121 0 -2.91362e-16 0 1.94197e-10 0 0 
1566.06 0.00245628 -0.0048291 -0.0048291 0 0 0 -4.79367e-12 -2.17121 -2.17121 0 -2.91362e-16 0 1.94769e-10 0 0 
1566.11 0.00245628 -0.0048291 -0.0048291 0 0 0 -4.61381e-12 -2.17121 -2.17121 0 -2.91362e-16 0 1.9534e-10 0 0 
1566.17 0.00245628 -0.0048291 -0.0048291 0 0 0 -4.52388e-12 -2.17121 -2.17121 0 -2.91362e-16 0 1.95912e-10 0 0 
1566.22 0.00245628 -0.0048291 -0.0048291 0 0 0 -4.61381e-12 -2.17121 -2.17121 0 -2.91362e-16 0 1.96483e-10 0 0 
1566.28 0.00245628 -0.0048291 -0.0048291 0 0 0 -4.52388e-12 -2.17121 -2.17121 0 -2.91362e-16 0 1.97055e-10 0 0 
1566.33 0.00245628 -0.0048291 -0.0048291 0 0 0 -4.43395e-12 -2.17121 -2.17121 0 -2.91362e-16 0 1.97626e-10 0 0 
1566.39 0.00245628 -0.0048291 -0.0048291 0 0 0 -4.2541e-12 -2.17121 -2.17121 0 -2.91362e-16 0 1.98198e-10 0 0 
1566.44 0.00245628 -0.0048291 -0.0048291 0 0 0 -4.07424e-12 -2.17121 -2.17121 0 -2.91362e-16 0 1.98769e-10 0 0 
1566.5 0.00245628 -0.0048291 -0.0048291 0 0 0 -3.98431e-12 -2.17121 -2.17121 0 -2.91362e-16 0 1.9934e-10 0 0 
1566.56 0.00245628 -0.0048291 -0.0048291 0 0 0 -4.07424e-12 -2.17121 -2.17121 0 -2.91362e-16 0 1.99912e-10 0 0 
1566.61 0.00245628 -0.0048291 -0.0048291 0 0 0 -4.16417e-12 -2.17121 -2.17121 0 -2.91362e-16 0 2.00483e-10 0 0 
1566.67 0.00245628 -0.0048291 -0.0048291 0 0 0 -4.16417e-12 -2.17121 -2.17121 0 -2.91362e-16 0 2.01055e-10 0 0 
1566.72 0.00245628 -0.0048291 -0.0048291 0 0 0 -4.16417e-12 -2.17121 -2.17121 0 -2.91362e-16 0 2.01626e-10 0 0 
1566.78 0.00245628 -0.0048291 -0.0048291 0 0 0 -4.2541e-12 -2.17121 -2.17121 0 -2.91362e-16 0 2.02198e-10 0 0 
1566.83 0.00245628 -0.0048291 -0.0048291 0 0 0 -4.2541e-12 -2.17121 -2.17121 0 -2.91362e-16 0 2.02769e-10 0 0 
1566.89 0.00245628 -0.0048291 -0.0048291 0 0 0 -3.89438e-12 -2.17121 -2.17121 0 -2.91362e-16 0 2.03341e-10 0 0 
1566.94 0.00245628 -0.0048291 -0.0048291 0 0 0 -3.6246e-12 -2.17121 -2.17121 0 -2.91362e-16 0 2.03912e-10 0 0 
1567 0.00245628 -0.0048291 -0.0048291 0 0 0 -3.6246e-12 -2.17121 -2.17121 0 -2.91362e-16 0 2.04484e-10 0 0 
1567 -8.43769e-15 0 0 0 0 0 -3.36327e-12 -8.7752e-13 -8.7752e-13 0 0 0 2.04484e-10 0 0 
1567.06 -8.88178e-15 0 0 0 0 0 -3.54028e-12 -9.23706e-13 -9.23706e-13 0 0 0 2.04484e-10 0 0 
1567.11 -9.10383e-15 0 0 0 0 0 -3.62879e-12 -9.46798e-13 -9.46798e-13 0 0 0 2.04484e-10 0 0 
1567.17 -8.43769e-15 0 0 0 0 0 -3.36327e-12 -8.7752e-13 -8.7752e-13 0 0 0 2.04484e-10 0 0 
1567.22 -8.88178e-15 0 0 0 0 0 -3.54028e-12 -9.23706e-13 -9.23706e-13 0 0 0 2.04484e-10 0 0 
1567.28 -9.32587e-15 0 0 0 0 0 -3.71729e-12 -9.69891e-13 -9.69891e-13 0 0 0 2.04484e-10 0 0 
1567.33 -8.88178e-15 0 0 0 0 0 -3.54028e-12 -9.23706e-13 -9.23706e-13 0 0 0 2.04484e-10 0 0 
1567.39 -8.88178e-15 0 0 0 0 0 -3.54028e-12 -9.23706e-13 -9.23706e-13 0 0 0 2.04484e-10 0 0 
1567.44 -8.88178e-15 0 0 0 0 0 -3.54028e-12 -9.23706e-13 -9.23706e-13 0 0 0 2.04484e-10 0 0 
1567.5 -8.88178e-15 0 0 0 0 0 -3.54028e-12 -9.23706e-13 -9.23706e-13 0 0 0 2.04484e-10 0 0 
1567.55 -9.54792e-15 0 0 0 0 0 -3.8058e-12 -9.92983e-13 -9.92983e-13 0 0 0 2.04484e-10 0 0 
1567.61 -1.02141e-14 0 0 0 0 0 -4.07132e-12 -1.06226e-12 -1.06226e-12 0 0 0 2.04484e-10 0 0 
1567.66 -1.04361e-14 0 0 0 0 0 -4.15983e-12 -1.08535e-12 -1.08535e-12 0 0 0 2.04484e-10 0 0 
1567.72 -1.11022e-14 0 0 0 0 0 -4.42535e-12 -1.15463e-12 -1.15463e-12 0 0 0 2.04484e-10 0 0 
1567.77 -1.06581e-14 0 0 0 0 0 -4.24834e-12 -1.10845e-12 -1.10845e-12 0 0 0 2.04484e-10 0 0 
1567.83 -9.99201e-15 0 0 0 0 0 -3.98281e-12 -1.03917e-12 -1.03917e-12 0 0 0 2.04484e-10 0 0 
1567.88 -1.04361e-14 0 0 0 0 0 -4.15983e-12 -1.08535e-12 -1.08535e-12 0 0 0 2.04484e-10 0 0 
1567.94 -1.08802e-14 0 0 0 0 0 -4.33684e-12 -1.13154e-12 -1.13154e-12 0 0 0 2.04484e-10 0 0 
1567.99 -1.08802e-14 0 0 0 0 0 -4.33684e-12 -1.13154e-12 -1.13154e-12 0 0 0 2.04484e-10 0 0 
1568.05 -1.04361e-14 0 0 0 0 0 -4.15983e-12 -1.08535e-12 -1.08535e-12 0 0 0 2.04484e-10 0 0 
1568.1 -9.99201e-15 0 0 0 0 0 -3.98281e-12 -1.03917e-12 -1.03917e-12 0 0 0 2.04484e-10 0 0 
1568.16 -9.99201e-15 0 0 0 0 0 -3.98281e-12 -1.03917e-12 -1.03917e-12 0 0 0 2.04484e-10 0 0 
1568.21 -1.02141e-14 0 0 0 0 0 -4.07132e-12 -1.06226e-12 -1.06226e-12 0 0 0 2.04484e-10 0 0 
1568.27 -9.76996e-15 0 0 0 0 0 -3.89431e-12 -1.01608e-12 -1.01608e-12 0 0 0 2.04484e-10 0 0 
1568.32 -9.54792e-15 0 0 0 0 0 -3.8058e-12 -9.92983e-13 -9.92983e-13 0 0 0 2.04484e-10 0 0 
1568.38 -9.10383e-15 0 0 0 0 0 -3.62879e-12 -9.46798e-13 -9.46798e-13 0 0 0 2.04484e-10 0 0 
1568.43 -8.88178e-15 0 0 0 0 0 -3.54028e-12 -9.23706e-13 -9.23706e-13 0 0 0 2.04484e-10 0 0 
1568.49 -9.54792e-15 0 0 0 0 0 -3.8058e-12 -9.92983e-13 -9.92983e-13 0 0 0 2.04484e-10 0 0 
1568.54 -9.54792e-15 0 0 0 0 0 -3.8058e-12 -9.92983e-13 -9.92983e-13 0 0 0 2.04484e-10 0 0 
1568.6 -9.10383e-15 0 0 0 0 0 -3.62879e-12 -9.46798e-13 -9.46798e-13 0 0 0 2.04484e-10 0 0 
1568.65 -8.65974e-15 0 0 0 0 0 -3.45177e-12 -9.00613e-13 -9.00613e-13 0 0 0 2.04484e-10 0 0 
1568.71 -8.21565e-15 0 0 0 0 0 -3.27476e-12 -8.54428e-13 -8.54428e-13 0 0 0 2.04484e-10 0 0 
1568.76 -8.21565e-15 0 0 0 0 0 -3.27476e-12 -8.54428e-13 -8.54428e-13 0 0 0 2.04484e-10 0 0 
1568.82 -8.43769e-15 0 0 0 0 0 -3.36327e-12 -8.7752e-13 -8.7752e-13 0 0 0 2.04484e-10 0 0 
1568.87 -8.65974e-15 0 0 0 0 0 -3.45177e-12 -9.00613e-13 -9.00613e-13 0 0 0 2.04484e-10 0 0 
1568.93 -9.10383e-15 0 0 0 0 0 -3.62879e-12 -9.46798e-13 -9.46798e-13 0 0 0 2.04484e-10 0 0 
1568.98 -8.88178e-15 0 0 0 0 0 -3.54028e-12 -9.23706e-13 -9.23706e-13 0 0 0 2.04484e-10 0 0 
1569.04 -7.77156e-15 0 0 0 0 0 -3.09774e-12 -8.08242e-13 -8.08242e-13 0 0 0 2.04484e-10 0 0 
1569.09 -7.54952e-15 0 0 0 0 0 -3.00924e-12 -7.8515e-13 -7.8515e-13 0 0 0 2.04484e-10 0 0 
1569.15 -7.77156e-15 0 0 0 0 0 -3.09774e-12 -8.08242e-13 -8.08242e-13 0 0 0 2.04484e-10 0 0 
1569.2 -7.32747e-15 0 0 0 0 0 -2.92073e-12 -7.62057e-13 -7.62057e-13 0 0 0 2.04484e-10 0 0 
1569.26 -7.54952e-15 0 0 0 0 0 -3.00924e-12 -7.8515e-13 -7.8515e-13 0 0 0 2.04484e-10 0 0 
1569.31 -7.77156e-15 0 0 0 0 0 -3.09774e-12 -8.08242e-13 -8.08242e-13 0 0 0 2.04484e-10 0 0 
1569.37 -7.77156e-15 0 0 0 0 0 -3.09774e-12 -8.08242e-13 -8.08242e-13 0 0 0 2.04484e-10 0 0 
1569.42 -7.54952e-15 0 0 0 0 0 -3.00924e-12 -7.8515e-13 -7.8515e-13 0 0 0 2.04484e-10 0 0 
1569.48 -7.32747e-15 0 0 0 0 0 -2.92073e-12 -7.62057e-13 -7.62057e-13 0 0 0 2.04484e-10 0 0 
1569.53 -6.88338e-15 0 0 0 0 0 -2.74372e-12 -7.15872e-13 -7.15872e-13 0 0 0 2.04484e-10 0 0 
1569.59 -5.77316e-15 0 0 0 0 0 -2.30118e-12 -6.00409e-13 -6.00409e-13 0 0 0 2.04484e-10 0 0 
1569.64 -5.55112e-15 0 0 0 0 0 -2.21267e-12 -5.77316e-13 -5.77316e-13 0 0 0 2.04484e-10 0 0 
1569.7 -4.66294e-15 0 0 0 0 0 -1.85865e-12 -4.84945e-13 -4.84945e-13 0 0 0 2.04484e-10 0 0 
1569.75 -3.77476e-15 0 0 0 0 0 -1.50462e-12 -3.92575e-13 -3.92575e-13 0 0 0 2.04484e-10 0 0 
1569.81 -3.77476e-15 0 0 0 0 0 -1.50462e-12 -3.92575e-13 -3.92575e-13 0 0 0 2.04484e-10 0 0 
1569.86 -3.10862e-15 0 0 0 0 0 -1.2391e-12 -3.23297e-13 -3.23297e-13 0 0 0 2.04484e-10 0 0 
1569.92 -2.88658e-15 0 0 0 0 0 -1.15059e-12 -3.00204e-13 -3.00204e-13 0 0 0 2.04484e-10 0 0 
1569.97 -2.66454e-15 0 0 0 0 0 -1.06208e-12 -2.77112e-13 -2.77112e-13 0 0 0 2.04484e-10 0 0 
1570.03 -1.77636e-15 0 0 0 0 0 -7.08056e-13 -1.84741e-13 -1.84741e-13 0 0 0 2.04484e-10 0 0 
1570.08 -1.9984e-15 0 0 0 0 0 -7.96563e-13 -2.07834e-13 -2.07834e-13 0 0 0 2.04484e-10 0 0 
1570.14 -1.77636e-15 0 0 0 0 0 -7.08056e-13 -1.84741e-13 -1.84741e-13 0 0 0 2.04484e-10 0 0 
1570.19 -8.88178e-16 0 0 0 0 0 -3.54028e-13 -9.23706e-14 -9.23706e-14 0 0 0 2.04484e-10 0 0 
1570.25 -6.66134e-16 0 0 0 0 0 -2.65521e-13 -6.92779e-14 -6.92779e-14 0 0 0 2.04484e-10 0 0 
1570.3 2.22045e-16 0 0 0 0 0 8.8507e-14 2.30926e-14 2.30926e-14 0 0 0 2.04484e-10 0 0 
1570.36 6.66134e-16 0 0 0 0 0 2.65521e-13 6.92779e-14 6.92779e-14 0 0 0 2.04484e-10 0 0 
1570.41 2.22045e-16 0 0 0 0 0 8.8507e-14 2.30926e-14 2.30926e-14 0 0 0 2.04484e-10 0 0 
1570.47 0 0 0 0 0 0 0 0 0 0 0 0 2.04484e-10 0 0 
1570.52 0 0 0 0 0 0 0 0 0 0 0 0 2.04484e-10 0 0 
1570.58 0 0 0 0 0 0 0 0 0 0 0 0 2.04484e-10 0 0 
1570.63 -2.22045e-16 0 0 0 0 0 -8.8507e-14 -2.30926e-14 -2.30926e-14 0 0 0 2.04484e-10 0 0 
1570.69 -4.44089e-16 0 0 0 0 0 -1.77014e-13 -4.61853e-14 -4.61853e-14 0 0 0 2.04484e-10 0 0 
1570.74 -4.44089e-16 0 0 0 0 0 -1.77014e-13 -4.61853e-14 -4.61853e-14 0 0 0 2.04484e-10 0 0 
1570.8 -4.44089e-16 0 0 0 0 0 -1.77014e-13 -4.61853e-14 -4.61853e-14 0 0 0 2.04484e-10 0 0 
1570.85 -8.88178e-16 0 0 0 0 0 -3.54028e-13 -9.23706e-14 -9.23706e-14 0 0 0 2.04484e-10 0 0 
1570.91 -1.33227e-15 0 0 0 0 0 -5.31042e-13 -1.38556e-13 -1.38556e-13 0 0 0 2.04484e-10 0 0 
1570.96 -8.88178e-16 0 0 0 0 0 -3.54028e-13 -9.23706e-14 -9.23706e-14 0 0 0 2.04484e-10 0 0 
1571.02 -8.88178e-16 0 0 0 0 0 -3.54028e-13 -9.23706e-14 -9.23706e-14 0 0 0 2.04484e-10 0 0 
1571.07 -1.9984e-15 0 0 0 0 0 -7.96563e-13 -2.07834e-13 -2.07834e-13 0 0 0 2.04484e-10 0 0 
1571.13 -1.77636e-15 0 0 0 0 0 -7.08056e-13 -1.84741e-13 -1.84741e-13 0 0 0 2.04484e-10 0 0 
1571.18 -1.33227e-15 0 0 0 0 0 -5.31042e-13 -1.38556e-13 -1.38556e-13 0 0 0 2.04484e-10 0 0 
1571.24 -1.33227e-15 0 0 0 0 0 -5.31042e-13 -1.38556e-13 -1.38556e-13 0 0 0 2.04484e-10 0 0 
1571.29 -1.11022e-15 0 0 0 0 0 -4.42535e-13 -1.15463e-13 -1.15463e-13 0 0 0 2.04484e-10 0 0 
1571.35 -8.88178e-16 0 0 0 0 0 -3.54028e-13 -9.23706e-14 -9.23706e-14 0 0 0 2.04484e-10 0 0 
1571.4 -2.22045e-16 0 0 0 0 0 -8.8507e-14 -2.30926e-14 -2.30926e-14 0 0 0 2.04484e-10 0 0 
1571.46 0 0 0 0 0 0 0 0 0 0 0 0 2.04484e-10 0 0 
1571.51 2.22045e-16 0 0 0 0 0 8.8507e-14 2.30926e-14 2.30926e-14 0 0 0 2.04484e-10 0 0 
1571.57 4.44089e-16 0 0 0 0 0 1.77014e-13 4.61853e-14 4.61853e-14 0 0 0 2.04484e-10 0 0 
1571.62 2.22045e-16 0 0 0 0 0 8.8507e-14 2.30926e-14 2.30926e-14 0 0 0 2.04484e-10 0 0 
1571.68 4.44089e-16 0 0 0 0 0 1.77014e-13 4.61853e-14 4.61853e-14 0 0 0 2.04484e-10 0 0 
1571.73 4.44089e-16 0 0 0 0 0 1.77014e-13 4.61853e-14 4.61853e-14 0 0 0 2.04484e-10 0 0 
1571.79 2.22045e-16 0 0 0 0 0 8.8507e-14 2.30926e-14 2.30926e-14 0 0 0 2.04484e-10 0 0 
1571.84 2.22045e-16 0 0 0 0 0 8.8507e-14 2.30926e-14 2.30926e-14 0 0 0 2.04484e-10 0 0 
1571.9 4.44089e-16 0 0 0 0 0 1.77014e-13 4.61853e-14 4.61853e-14 0 0 0 2.04484e-10 0 0 
1571.95 1.11022e-15 0 0 0 0 0 4.42535e-13 1.15463e-13 1.15463e-13 0 0 0 2.04484e-10 0 0 
1572.01 8.88178e-16 0 0 0 0 0 3.54028e-13 9.23706e-14 9.23706e-14 0 0 0 2.04484e-10 0 0 
1572.06 4.44089e-16 0 0 0 0 0 1.77014e-13 4.61853e-14 4.61853e-14 0 0 0 2.04484e-10 0 0 
1572.12 8.88178e-16 0 0 0 0 0 3.54028e-13 9.23706e-14 9.23706e-14 0 0 0 2.04484e-10 0 0 
1572.17 8.88178e-16 0 0 0 0 0 3.54028e-13 9.23706e-14 9.23706e-14 0 0 0 2.04484e-10 0 0 
1572.23 1.11022e-15 0 0 0 0 0 4.42535e-13 1.15463e-13 1.15463e-13 0 0 0 2.04484e-10 0 0 
1572.28 1.55431e-15 0 0 0 0 0 6.19549e-13 1.61648e-13 1.61648e-13 0 0 0 2.04484e-10 0 0 
1572.34 1.77636e-15 0 0 0 0 0 7.08056e-13 1.84741e-13 1.84741e-13 0 0 0 2.04484e-10 0 0 
1572.39 1.77636e-15 0 0 0 0 0 7.08056e-13 1.84741e-13 1.84741e-13 0 0 0 2.04484e-10 0 0 
1572.45 1.55431e-15 0 0 0 0 0 6.19549e-13 1.61648e-13 1.61648e-13 0 0 0 2.04484e-10 0 0 
1572.5 1.55431e-15 0 0 0 0 0 6.19549e-13 1.61648e-13 1.61648e-13 0 0 0 2.04484e-10 0 0 
1572.56 1.55431e-15 0 0 0 0 0 6.19549e-13 1.61648e-13 1.61648e-13 0 0 0 2.04484e-10 0 0 
1572.61 1.77636e-15 0 0 0 0 0 7.08056e-13 1.84741e-13 1.84741e-13 0 0 0 2.04484e-10 0 0 
1572.67 1.9984e-15 0 0 0 0 0 7.96563e-13 2.07834e-13 2.07834e-13 0 0 0 2.04484e-10 0 0 
1572.72 1.9984e-15 0 0 0 0 0 7.96563e-13 2.07834e-13 2.07834e-13 0 0 0 2.04484e-10 0 0 
1572.78 2.44249e-15 0 0 0 0 0 9.73577e-13 2.54019e-13 2.54019e-13 0 0 0 2.04484e-10 0 0 
1572.83 2.22045e-15 0 0 0 0 0 8.8507e-13 2.30926e-13 2.30926e-13 0 0 0 2.04484e-10 0 0 
1572.89 1.77636e-15 0 0 0 0 0 7.08056e-13 1.84741e-13 1.84741e-13 0 0 0 2.04484e-10 0 0 
1572.94 2.44249e-15 0 0 0 0 0 9.73577e-13 2.54019e-13 2.54019e-13 0 0 0 2.04484e-10 0 0 
1573 2.66454e-15 0 0 0 0 0 1.06208e-12 2.77112e-13 2.77112e-13 0 0 0 2.04484e-10 0 0 
1573 2.22045e-15 0 0 0 0 0 8.8507e-13 2.30926e-13 2.30926e-13 0 0 0 2.04484e-10 0 0 
1573.06 1.9984e-15 0 0 0 0 0 7.96563e-13 2.07834e-13 2.07834e-13 0 0 0 2.04484e-10 0 0 
1573.13 1.77636e-15 0 0 0 0 0 7.08056e-13 1.84741e-13 1.84741e-13 0 0 0 2.04484e-10 0 0 
1573.22 1.55431e-15 0 0 0 0 0 6.19549e-13 1.61648e-13 1.61648e-13 0 0 0 2.04484e-10 0 0 
1573.32 1.11022e-15 0 0 0 0 0 4.42535e-13 1.15463e-13 1.15463e-13 0 0 0 2.04484e-10 0 0 
1573.43 8.88178e-16 0 0 0 0 0 3.54028e-13 9.23706e-14 9.23706e-14 0 0 0 2.04484e-10 0 0 
1573.57 8.88178e-16 0 0 0 0 0 3.54028e-13 9.23706e-14 9.23706e-14 0 0 0 2.04484e-10 0 0 
1573.73 8.88178e-16 0 0 0 0 0 3.54028e-13 9.23706e-14 9.23706e-14 0 0 0 2.04484e-10 0 0 
1573.92 7.77156e-16 0 0 0 0 0 3.09774e-13 8.08242e-14 8.08242e-14 0 0 0 2.04484e-10 0 0 
1574.14 8.32667e-16 0 0 0 0 0 3.31901e-13 8.65974e-14 8.65974e-14 0 0 0 2.04484e-10 0 0 
1574.4 9.4369e-16 0 0 0 0 0 3.76155e-13 9.81437e-14 9.81437e-14 0 0 0 2.04484e-10 0 0 
1574.71 9.4369e-16 0 0 0 0 0 3.76155e-13 9.81437e-14 9.81437e-14 0 0 0 2.04484e-10 0 0 
1575.07 9.71445e-16 0 0 0 0 0 3.87218e-13 1.0103e-13 1.0103e-13 0 0 0 2.04484e-10 0 0 
1575.49 8.60423e-16 0 0 0 0 0 3.42965e-13 8.9484e-14 8.9484e-14 0 0 0 2.04484e-10 0 0 
1575.98 7.77156e-16 0 0 0 0 0 3.09774e-13 8.08242e-14 8.08242e-14 0 0 0 2.04484e-10 0 0 
1576.57 7.21645e-16 0 0 0 0 0 2.87648e-13 7.50511e-14 7.50511e-14 0 0 0 2.04484e-10 0 0 
1577.25 7.21645e-16 0 0 0 0 0 2.87648e-13 7.50511e-14 7.50511e-14 0 0 0 2.04484e-10 0 0 
1578.06 7.21645e-16 0 0 0 0 0 2.87648e-13 7.50511e-14 7.50511e-14 0 0 0 2.04484e-10 0 0 
1579 6.66134e-16 0 0 0 0 0 2.65521e-13 6.92779e-14 6.92779e-14 0 0 0 2.04484e-10 0 0 
1579 -0.000637898 0.00121461 0.00121461 0 0 0 2.95236e-13 0.552645 0.552645 0 -1.72606e-17 0 2.04484e-10 0 0 
1580.01 -0.000637898 0.00121461 0.00121461 0 0 0 2.84217e-13 0.552645 0.552645 0 -1.72606e-17 0 2.0184e-10 0 0 
1581.02 -0.000637898 0.00121461 0.00121461 0 0 0 2.73198e-13 0.552645 0.552645 0 -1.72606e-17 0 1.99196e-10 0 0 
1582.03 -0.000637898 0.00121461 0.00121461 0 0 0 2.5116e-13 0.552645 0.552645 0 -1.72606e-17 0 1.96552e-10 0 0 
1583.04 -0.000637898 0.00121461 0.00121461 0 0 0 2.34646e-13 0.552645 0.552645 0 -1.72606e-17 0 1.93908e-10 0 0 
1584.06 -0.000637898 0.00121461 0.00121461 0 0 0 2.23627e-13 0.552645 0.552645 0 -1.72606e-17 0 1.91264e-10 0 0 
1585.07 -0.000637898 0.00121461 0.00121461 0 0 0 2.07084e-13 0.552645 0.552645 0 -1.72606e-17 0 1.88621e-10 0 0 
1586.08 -0.000637898 0.00121461 0.00121461 0 0 0 2.12608e-13 0.552645 0.552645 0 -1.72606e-17 0 1.85977e-10 0 0 
1587.09 -0.000637898 0.00121461 0.00121461 0 0 0 2.40169e-13 0.552645 0.552645 0 -1.72606e-17 0 1.83333e-10 0 0 
1588.1 -0.000637898 0.00121461 0.00121461 0 0 0 2.34646e-13 0.552645 0.552645 0 -1.72606e-17 0 1.80689e-10 0 0 
1589.11 -0.000637898 0.00121461 0.00121461 0 0 0 2.07084e-13 0.552645 0.552645 0 -1.72606e-17 0 1.78045e-10 0 0 
1590.12 -0.000637898 0.00121461 0.00121461 0 0 0 2.01589e-13 0.552645 0.552645 0 -1.72606e-17 0 1.75401e-10 0 0 
1591.13 -0.000637898 0.00121461 0.00121461 0 0 0 1.9057e-13 0.552645 0.552645 0 -1.72606e-17 0 1.72757e-10 0 0 
1592.14 -0.000637898 0.00121461 0.00121461 0 0 0 1.79551e-13 0.552645 0.552645 0 -1.72606e-17 0 1.70113e-10 0 0 
1593.16 -0.000637898 0.00121461 0.00121461 0 0 0 1.79551e-13 0.552645 0.552645 0 -1.72606e-17 0 1.6747e-10 0 0 
1594.17 -0.000637898 0.00121461 0.00121461 0 0 0 1.74027e-13 0.552645 0.552645 0 -1.72606e-17 0 1.64826e-10 0 0 
1595.18 -0.000637898 0.00121461 0.00121461 0 0 0 1.57513e-13 0.552645 0.552645 0 -1.72606e-17 0 1.62182e-10 0 0 
1596.19 -0.000637898 0.00121461 0.00121461 0 0 0 1.35475e-13 0.552645 0.552645 0 -1.72606e-17 0 1.59538e-10 0 0 
1597.2 -0.000637898 0.00121461 0.00121461 0 0 0 1.24456e-13 0.552645 0.552645 0 -1.72606e-17 0 1.56894e-10 0 0 
1598.21 -0.000637898 0.00121461 0.00121461 0 0 0 1.29979e-13 0.552645 0.552645 0 -1.72606e-17 0 1.5425e-10 0 0 
1599.22 -0.000637898 0.00121461 0.00121461 0 0 0 1.29979e-13 0.552645 0.552645 0 -1.72606e-17 0 1.51606e-10 0 0 
1600.23 -0.000637898 0.00121461 0.00121461 0 0 0 1.29979e-13 0.552645 0.552645 0 -1.72606e-17 0 1.48962e-10 0 0 
1601.24 -0.000637898 0.00121461 0.00121461 0 0 0 1.24456e-13 0.552645 0.552645 0 -1.72606e-17 0 1.46319e-10 0 0 
1602.26 -0.000637898 0.00121461 0.00121461 0 0 0 1.29952e-13 0.552645 0.552645 0 -1.72606e-17 0 1.43675e-10 0 0 
1603.27 -0.000637898 0.00121461 0.00121461 0 0 0 1.29952e-13 0.552645 0.552645 0 -1.72606e-17 0 1.41031e-10 0 0 
1604.28 -0.000637898 0.00121461 0.00121461 0 0 0 1.18933e-13 0.552645 0.552645 0 -1.72606e-17 0 1.38387e-10 0 0 
1605.29 -0.000637898 0.00121461 0.00121461 0 0 0 1.18933e-13 0.552645 0.552645 0 -1.72606e-17 0 1.35743e-10 0 0 
1606.3 -0.000637898 0.00121461 0.00121461 0 0 0 1.24456e-13 0.552645 0.552645 0 -1.72606e-17 0 1.33099e-10 0 0 
1607.31 -0.000637898 0.00121461 0.00121461 0 0 0 1.1896e-13 0.552645 0.552645 0 -1.72606e-17 0 1.30455e-10 0 0 
1608.32 -0.000637898 0.00121461 0.00121461 0 0 0 1.10689e-13 0.552645 0.552645 0 -1.72606e-17 0 1.27812e-10 0 0 
1609.33 -0.000637898 0.00121461 0.00121461 0 0 0 1.02418e-13 0.552645 0.552645 0 -1.72606e-17 0 1.25168e-10 0 0 
1610.34 -0.000637898 0.00121461 0.00121461 0 0 0 9.13991e-14 0.552645 0.552645 0 -1.72606e-17 0 1.22524e-10 0 0 
1611.36 -0.000637898 0.00121461 0.00121461 0 0 0 8.58758e-14 0.552645 0.552645 0 -1.72606e-17 0 1.1988e-10 0 0 
1612.37 -0.000637898 0.00121461 0.00121461 0 0 0 9.13714e-14 0.552645 0.552645 0 -1.72606e-17 0 1.17236e-10 0 0 
1613.38 -0.000637898 0.00121461 0.00121461 0 0 0 9.13714e-14 0.552645 0.552645 0 -1.72606e-17 0 1.14592e-10 0 0 
1614.39 -0.000637898 0.00121461 0.00121461 0 0 0 8.03524e-14 0.552645 0.552645 0 -1.72606e-17 0 1.11948e-10 0 0 
1615.4 -0.000637898 0.00121461 0.00121461 0 0 0 7.76046e-14 0.552645 0.552645 0 -1.72606e-17 0 1.09304e-10 0 0 
1616.41 -0.000637898 0.00121461 0.00121461 0 0 0 7.76046e-14 0.552645 0.552645 0 -1.72606e-17 0 1.06661e-10 0 0 
1617.42 -0.000637898 0.00121461 0.00121461 0 0 0 7.76046e-14 0.552645 0.552645 0 -1.72606e-17 0 1.04017e-10 0 0 
1618.43 -0.000637898 0.00121461 0.00121461 0 0 0 7.2109e-14 0.552645 0.552645 0 -1.72606e-17 0 1.01373e-10 0 0 
1619.44 -0.000637898 0.00121461 0.00121461 0 0 0 6.93612e-14 0.552645 0.552645 0 -1.72606e-17 0 9.87289e-11 0 0 
1620.46 -0.000637898 0.00121461 0.00121461 0 0 0 6.66134e-14 0.552645 0.552645 0 -1.72606e-17 0 9.6085e-11 0 0 
1621.47 -0.000637898 0.00121461 0.00121461 0 0 0 5.83422e-14 0.552645 0.552645 0 -1.72606e-17 0 9.34412e-11 0 0 
1622.48 -0.000637898 0.00121461 0.00121461 0 0 0 5.28189e-14 0.552645 0.552645 0 -1.72606e-17 0 9.07973e-11 0 0 
1623.49 -0.000637898 0.00121461 0.00121461 0 0 0 5.00711e-14 0.552645 0.552645 0 -1.72606e-17 0 8.81534e-11 0 0 
1624.5 -0.000637898 0.00121461 0.00121461 0 0 0 5.28189e-14 0.552645 0.552645 0 -1.72606e-17 0 8.55096e-11 0 0 
1625.51 -0.000637898 0.00121461 0.00121461 0 0 0 5.00711e-14 0.552645 0.552645 0 -1.72606e-17 0 8.28657e-11 0 0 
1626.52 -0.000637898 0.00121461 0.00121461 0 0 0 3.90521e-14 0.552645 0.552645 0 -1.72606e-17 0 8.02218e-11 0 0 
1627.53 -0.000637898 0.00121461 0.00121461 0 0 0 3.62765e-14 0.552645 0.552645 0 -1.72606e-17 0 7.75779e-11 0 0 
1628.54 -0.000637898 0.00121461 0.00121461 0 0 0 3.07809e-14 0.552645 0.552645 0 -1.72606e-17 0 7.49341e-11 0 0 
1629.56 -0.000637898 0.00121461 0.00121461 0 0 0 2.80331e-14 0.552645 0.552645 0 -1.72606e-17 0 7.22902e-11 0 0 
1630.57 -0.000637898 0.00121461 0.00121461 0 0 0 2.80331e-14 0.552645 0.552645 0 -1.72606e-17 0 6.96463e-11 0 0 
1631.58 -0.000637898 0.00121461 0.00121461 0 0 0 2.52853e-14 0.552645 0.552645 0 -1.72606e-17 0 6.70025e-11 0 0 
1632.59 -0.000637898 0.00121461 0.00121461 0 0 0 2.38976e-14 0.552645 0.552645 0 -1.72606e-17 0 6.43586e-11 0 0 
1633.6 -0.000637898 0.00121461 0.00121461 0 0 0 1.83742e-14 0.552645 0.552645 0 -1.72606e-17 0 6.17147e-11 0 0 
1634.61 -0.000637898 0.00121461 0.00121461 0 0 0 1.42386e-14 0.552645 0.552645 0 -1.72606e-17 0 5.90708e-11 0 0 
1635.62 -0.000637898 0.00121461 0.00121461 0 0 0 1.14908e-14 0.552645 0.552645 0 -1.72606e-17 0 5.6427e-11 0 0 
1636.63 -0.000637898 0.00121461 0.00121461 0 0 0 1.14908e-14 0.552645 0.552645 0 -1.72606e-17 0 5.37831e-11 0 0 
1637.64 -0.000637898 0.00121461 0.00121461 0 0 0 1.14908e-14 0.552645 0.552645 0 -1.72606e-17 0 5.11392e-11 0 0 
1638.66 -0.000637898 0.00121461 0.00121461 0 0 0 7.35523e-15 0.552645 0.552645 0 -1.72606e-17 0 4.84954e-11 0 0 
1639.67 -0.000637898 0.00121461 0.00121461 0 0 0 5.96745e-15 0.552645 0.552645 0 -1.72606e-17 0 4.58515e-11 0 0 
1640.68 -0.000637898 0.00121461 0.00121461 0 0 0 4.60743e-15 0.552645 0.552645 0 -1.72606e-17 0 4.32076e-11 0 0 
1641.69 -0.000637898 0.00121461 0.00121461 0 0 0 3.2474e-15 0.552645 0.552645 0 -1.72606e-17 0 4.05637e-11 0 0 
1642.7 -0.000637898 0.00121461 0.00121461 0 0 0 4.996e-16 0.552645 0.552645 0 -1.72606e-17 0 3.79199e-11 0 0 
1643.71 -0.000637898 0.00121461 0.00121461 0 0 0 -8.88178e-16 0.552645 0.552645 0 -1.72606e-17 0 3.5276e-11 0 0 
1644.72 -0.000637898 0.00121461 0.00121461 0 0 0 -8.88178e-16 0.552645 0.552645 0 -1.72606e-17 0 3.26321e-11 0 0 
1645.73 -0.000637898 0.00121461 0.00121461 0 0 0 -2.2482e-15 0.552645 0.552645 0 -1.72606e-17 0 2.99883e-11 0 0 
1646.74 -0.000637898 0.00121461 0.00121461 0 0 0 -2.94209e-15 0.552645 0.552645 0 -1.72606e-17 0 2.73444e-11 0 0 
1647.76 -0.000637898 0.00121461 0.00121461 0 0 0 -2.27596e-15 0.552645 0.552645 0 -1.72606e-17 0 2.47005e-11 0 0 
1648.77 -0.000637898 0.00121461 0.00121461 0 0 0 -9.15934e-16 0.552645 0.552645 0 -1.72606e-17 0 2.20566e-11 0 0 
1649.78 -0.000637898 0.00121461 0.00121461 0 0 0 -2.27596e-15 0.552645 0.552645 0 -1.72606e-17 0 1.94128e-11 0 0 
1650.79 -0.000637898 0.00121461 0.00121461 0 0 0 -3.30291e-15 0.552645 0.552645 0 -1.72606e-17 0 1.67689e-11 0 0 
1651.8 -0.000637898 0.00121461 0.00121461 0 0 0 -3.30291e-15 0.552645 0.552645 0 -1.72606e-17 0 1.4125e-11 0 0 
1652.81 -0.000637898 0.00121461 0.00121461 0 0 0 -4.32987e-15 0.552645 0.552645 0 -1.72606e-17 0 1.14812e-11 0 0 
1653.82 -0.000637898 0.00121461 0.00121461 0 0 0 -5.02376e-15 0.552645 0.552645 0 -1.72606e-17 0 8.83729e-12 0 0 
1654.83 -0.000637898 0.00121461 0.00121461 0 0 0 -4.94049e-15 0.552645 0.552645 0 -1.72606e-17 0 6.19342e-12 0 0 
1655.84 -0.000637898 0.00121461 0.00121461 0 0 0 -5.19029e-15 0.552645 0.552645 0 -1.72606e-17 0 3.54955e-12 0 0 
1656.86 -0.000637898 0.00121461 0.00121461 0 0 0 -5.44009e-15 0.552645 0.552645 0 -1.72606e-17 0 9.05679e-13 0 0 
1657.87 -0.000637898 0.00121461 0.00121461 0 0 0 -5.35683e-15 0.552645 0.552645 0 -1.72606e-17 0 -1.73819e-12 0 0 
1658.88 -0.000637898 0.00121461 0.00121461 0 0 0 -5.35683e-15 0.552645 0.552645 0 -1.72606e-17 0 -4.38206e-12 0 0 
1659.89 -0.000637898 0.00121461 0.00121461 0 0 0 -5.19029e-15 0.552645 0.552645 0 -1.72606e-17 0 -7.02594e-12 0 0 
1660.9 -0.000637898 0.00121461 0.00121461 0 0 0 -5.71765e-15 0.552645 0.552645 0 -1.72606e-17 0 -9.66981e-12 0 0 
1661.91 -0.000637898 0.00121461 0.00121461 0 0 0 -5.71765e-15 0.552645 0.552645 0 -1.72606e-17 0 -1.23137e-11 0 0 
1662.92 -0.000637898 0.00121461 0.00121461 0 0 0 -4.69069e-15 0.552645 0.552645 0 -1.72606e-17 0 -1.49575e-11 0 0 
1663.93 -0.000637898 0.00121461 0.00121461 0 0 0 -4.69069e-15 0.552645 0.552645 0 -1.72606e-17 0 -1.76014e-11 0 0 
1664.94 -0.000637898 0.00121461 0.00121461 0 0 0 -3.63598e-15 0.552645 0.552645 0 -1.72606e-17 0 -2.02453e-11 0 0 
1665.96 -0.000637898 0.00121461 0.00121461 0 0 0 -2.94209e-15 0.552645 0.552645 0 -1.72606e-17 0 -2.28892e-11 0 0 
1666.97 -0.000637898 0.00121461 0.00121461 0 0 0 -4.32987e-15 0.552645 0.552645 0 -1.72606e-17 0 -2.5533e-11 0 0 
1667.98 -0.000637898 0.00121461 0.00121461 0 0 0 -2.27596e-15 0.552645 0.552645 0 -1.72606e-17 0 -2.81769e-11 0 0 
1668.99 -0.000637898 0.00121461 0.00121461 0 0 0 -8.88178e-16 0.552645 0.552645 0 -1.72606e-17 0 -3.08208e-11 0 0 
1670 -0.000637898 0.00121461 0.00121461 0 0 0 -2.2482e-15 0.552645 0.552645 0 -1.72606e-17 0 -3.34646e-11 0 0 