$MeshFormat
2.1 0 8
$EndMeshFormat
$PhysicalNames
9
2 6 "anode"
2 7 "cathode"
2 8 "GaN_surface"
2 9 "AlGaN_surface"
3 1 "well"
3 2 "n-side"
3 3 "barrier1"
3 4 "barrier2"
3 5 "p-side"
$EndPhysicalNames
$Nodes
7137
1 17.32050807568877 10 0
2 0 20 0
3 -17.32050807568877 10 0
4 -17.32050807568877 -10 0
5 0 -20 0
6 17.32050807568877 -10 0
7 17.32050807568877 10 190
8 0 20 190
9 -17.32050807568877 10 190
10 -17.32050807568877 -10 190
11 0 -20 190
12 17.32050807568877 -10 190
13 17.32050807568877 10 200
14 0 20 200
15 -17.32050807568877 10 200
16 -17.32050807568877 -10 200
17 0 -20 200
18 17.32050807568877 -10 200
19 17.32050807568877 10 203
20 0 20 203
21 -17.32050807568877 10 203
22 -17.32050807568877 -10 203
23 0 -20 203
24 17.32050807568877 -10 203
25 17.32050807568877 10 213
26 0 20 213
27 -17.32050807568877 10 213
28 -17.32050807568877 -10 213
29 0 -20 213
30 17.32050807568877 -10 213
31 17.32050807568877 10 403
32 0 20 403
33 -17.32050807568877 10 403
34 -17.32050807568877 -10 403
35 0 -20 403
36 17.32050807568877 -10 403
37 12.99038105677082 12.49999999999755 0
38 8.660254037861202 14.99999999999029 0
39 4.330127018934927 17.49999999999265 0
40 -4.33012701891689 17.50000000000306 0
41 -8.660254037832523 15.00000000000685 0
42 -12.99038105675648 12.50000000000583 0
43 -17.32050807568877 5.000000000004857 0
44 -17.32050807568877 1.110223024625157e-11 0
45 -17.32050807568877 -4.999999999993756 0
46 -12.99038105677082 -12.49999999999755 0
47 -8.660254037861202 -14.99999999999029 0
48 -4.330127018934927 -17.49999999999265 0
49 4.33012701891689 -17.50000000000306 0
50 8.660254037832523 -15.00000000000685 0
51 12.99038105675648 -12.50000000000583 0
52 17.32050807568877 -5.000000000004857 0
53 17.32050807568877 -1.110223024625157e-11 0
54 17.32050807568877 4.999999999993756 0
55 12.99038105677082 12.49999999999755 190
56 8.660254037861202 14.99999999999029 190
57 4.330127018934927 17.49999999999265 190
58 -4.33012701891689 17.50000000000306 190
59 -8.660254037832523 15.00000000000685 190
60 -12.99038105675648 12.50000000000583 190
61 -17.32050807568877 5.000000000004857 190
62 -17.32050807568877 1.110223024625157e-11 190
63 -17.32050807568877 -4.999999999993756 190
64 -12.99038105677082 -12.49999999999755 190
65 -8.660254037861202 -14.99999999999029 190
66 -4.330127018934927 -17.49999999999265 190
67 4.33012701891689 -17.50000000000306 190
68 8.660254037832523 -15.00000000000685 190
69 12.99038105675648 -12.50000000000583 190
70 17.32050807568877 -5.000000000004857 190
71 17.32050807568877 -1.110223024625157e-11 190
72 17.32050807568877 4.999999999993756 190
73 17.32050807568877 10 4.75
74 17.32050807568877 10 9.5
75 17.32050807568877 10 14.25
76 17.32050807568877 10 19
77 17.32050807568877 10 23.75
78 17.32050807568877 10 28.5
79 17.32050807568877 10 33.25
80 17.32050807568877 10 38
81 17.32050807568877 10 42.75
82 17.32050807568877 10 47.5
83 17.32050807568877 10 52.25000000000001
84 17.32050807568877 10 57
85 17.32050807568877 10 61.75
86 17.32050807568877 10 66.5
87 17.32050807568877 10 71.25
88 17.32050807568877 10 76
89 17.32050807568877 10 80.75
90 17.32050807568877 10 85.5
91 17.32050807568877 10 90.25
92 17.32050807568877 10 95
93 17.32050807568877 10 99.75
94 17.32050807568877 10 104.5
95 17.32050807568877 10 109.25
96 17.32050807568877 10 114
97 17.32050807568877 10 118.75
98 17.32050807568877 10 123.5
99 17.32050807568877 10 128.25
100 17.32050807568877 10 133
101 17.32050807568877 10 137.75
102 17.32050807568877 10 142.5
103 17.32050807568877 10 147.25
104 17.32050807568877 10 152
105 17.32050807568877 10 156.75
106 17.32050807568877 10 161.5
107 17.32050807568877 10 166.25
108 17.32050807568877 10 171
109 17.32050807568877 10 175.75
110 17.32050807568877 10 180.5
111 17.32050807568877 10 185.25
112 0 20 4.75
113 0 20 9.5
114 0 20 14.25
115 0 20 19
116 0 20 23.75
117 0 20 28.5
118 0 20 33.25
119 0 20 38
120 0 20 42.75
121 0 20 47.5
122 0 20 52.25000000000001
123 0 20 57
124 0 20 61.75
125 0 20 66.5
126 0 20 71.25
127 0 20 76
128 0 20 80.75
129 0 20 85.5
130 0 20 90.25
131 0 20 95
132 0 20 99.75
133 0 20 104.5
134 0 20 109.25
135 0 20 114
136 0 20 118.75
137 0 20 123.5
138 0 20 128.25
139 0 20 133
140 0 20 137.75
141 0 20 142.5
142 0 20 147.25
143 0 20 152
144 0 20 156.75
145 0 20 161.5
146 0 20 166.25
147 0 20 171
148 0 20 175.75
149 0 20 180.5
150 0 20 185.25
151 -17.32050807568877 10 4.75
152 -17.32050807568877 10 9.5
153 -17.32050807568877 10 14.25
154 -17.32050807568877 10 19
155 -17.32050807568877 10 23.75
156 -17.32050807568877 10 28.5
157 -17.32050807568877 10 33.25
158 -17.32050807568877 10 38
159 -17.32050807568877 10 42.75
160 -17.32050807568877 10 47.5
161 -17.32050807568877 10 52.25000000000001
162 -17.32050807568877 10 57
163 -17.32050807568877 10 61.75
164 -17.32050807568877 10 66.5
165 -17.32050807568877 10 71.25
166 -17.32050807568877 10 76
167 -17.32050807568877 10 80.75
168 -17.32050807568877 10 85.5
169 -17.32050807568877 10 90.25
170 -17.32050807568877 10 95
171 -17.32050807568877 10 99.75
172 -17.32050807568877 10 104.5
173 -17.32050807568877 10 109.25
174 -17.32050807568877 10 114
175 -17.32050807568877 10 118.75
176 -17.32050807568877 10 123.5
177 -17.32050807568877 10 128.25
178 -17.32050807568877 10 133
179 -17.32050807568877 10 137.75
180 -17.32050807568877 10 142.5
181 -17.32050807568877 10 147.25
182 -17.32050807568877 10 152
183 -17.32050807568877 10 156.75
184 -17.32050807568877 10 161.5
185 -17.32050807568877 10 166.25
186 -17.32050807568877 10 171
187 -17.32050807568877 10 175.75
188 -17.32050807568877 10 180.5
189 -17.32050807568877 10 185.25
190 -17.32050807568877 -10 4.75
191 -17.32050807568877 -10 9.5
192 -17.32050807568877 -10 14.25
193 -17.32050807568877 -10 19
194 -17.32050807568877 -10 23.75
195 -17.32050807568877 -10 28.5
196 -17.32050807568877 -10 33.25
197 -17.32050807568877 -10 38
198 -17.32050807568877 -10 42.75
199 -17.32050807568877 -10 47.5
200 -17.32050807568877 -10 52.25000000000001
201 -17.32050807568877 -10 57
202 -17.32050807568877 -10 61.75
203 -17.32050807568877 -10 66.5
204 -17.32050807568877 -10 71.25
205 -17.32050807568877 -10 76
206 -17.32050807568877 -10 80.75
207 -17.32050807568877 -10 85.5
208 -17.32050807568877 -10 90.25
209 -17.32050807568877 -10 95
210 -17.32050807568877 -10 99.75
211 -17.32050807568877 -10 104.5
212 -17.32050807568877 -10 109.25
213 -17.32050807568877 -10 114
214 -17.32050807568877 -10 118.75
215 -17.32050807568877 -10 123.5
216 -17.32050807568877 -10 128.25
217 -17.32050807568877 -10 133
218 -17.32050807568877 -10 137.75
219 -17.32050807568877 -10 142.5
220 -17.32050807568877 -10 147.25
221 -17.32050807568877 -10 152
222 -17.32050807568877 -10 156.75
223 -17.32050807568877 -10 161.5
224 -17.32050807568877 -10 166.25
225 -17.32050807568877 -10 171
226 -17.32050807568877 -10 175.75
227 -17.32050807568877 -10 180.5
228 -17.32050807568877 -10 185.25
229 0 -20 4.75
230 0 -20 9.5
231 0 -20 14.25
232 0 -20 19
233 0 -20 23.75
234 0 -20 28.5
235 0 -20 33.25
236 0 -20 38
237 0 -20 42.75
238 0 -20 47.5
239 0 -20 52.25000000000001
240 0 -20 57
241 0 -20 61.75
242 0 -20 66.5
243 0 -20 71.25
244 0 -20 76
245 0 -20 80.75
246 0 -20 85.5
247 0 -20 90.25
248 0 -20 95
249 0 -20 99.75
250 0 -20 104.5
251 0 -20 109.25
252 0 -20 114
253 0 -20 118.75
254 0 -20 123.5
255 0 -20 128.25
256 0 -20 133
257 0 -20 137.75
258 0 -20 142.5
259 0 -20 147.25
260 0 -20 152
261 0 -20 156.75
262 0 -20 161.5
263 0 -20 166.25
264 0 -20 171
265 0 -20 175.75
266 0 -20 180.5
267 0 -20 185.25
268 17.32050807568877 -10 4.75
269 17.32050807568877 -10 9.5
270 17.32050807568877 -10 14.25
271 17.32050807568877 -10 19
272 17.32050807568877 -10 23.75
273 17.32050807568877 -10 28.5
274 17.32050807568877 -10 33.25
275 17.32050807568877 -10 38
276 17.32050807568877 -10 42.75
277 17.32050807568877 -10 47.5
278 17.32050807568877 -10 52.25000000000001
279 17.32050807568877 -10 57
280 17.32050807568877 -10 61.75
281 17.32050807568877 -10 66.5
282 17.32050807568877 -10 71.25
283 17.32050807568877 -10 76
284 17.32050807568877 -10 80.75
285 17.32050807568877 -10 85.5
286 17.32050807568877 -10 90.25
287 17.32050807568877 -10 95
288 17.32050807568877 -10 99.75
289 17.32050807568877 -10 104.5
290 17.32050807568877 -10 109.25
291 17.32050807568877 -10 114
292 17.32050807568877 -10 118.75
293 17.32050807568877 -10 123.5
294 17.32050807568877 -10 128.25
295 17.32050807568877 -10 133
296 17.32050807568877 -10 137.75
297 17.32050807568877 -10 142.5
298 17.32050807568877 -10 147.25
299 17.32050807568877 -10 152
300 17.32050807568877 -10 156.75
301 17.32050807568877 -10 161.5
302 17.32050807568877 -10 166.25
303 17.32050807568877 -10 171
304 17.32050807568877 -10 175.75
305 17.32050807568877 -10 180.5
306 17.32050807568877 -10 185.25
307 12.99038105677082 12.49999999999755 200
308 8.660254037861202 14.99999999999029 200
309 4.330127018934927 17.49999999999265 200
310 -4.33012701891689 17.50000000000306 200
311 -8.660254037832523 15.00000000000685 200
312 -12.99038105675648 12.50000000000583 200
313 -17.32050807568877 5.000000000004857 200
314 -17.32050807568877 1.110223024625157e-11 200
315 -17.32050807568877 -4.999999999993756 200
316 -12.99038105677082 -12.49999999999755 200
317 -8.660254037861202 -14.99999999999029 200
318 -4.330127018934927 -17.49999999999265 200
319 4.33012701891689 -17.50000000000306 200
320 8.660254037832523 -15.00000000000685 200
321 12.99038105675648 -12.50000000000583 200
322 17.32050807568877 -5.000000000004857 200
323 17.32050807568877 -1.110223024625157e-11 200
324 17.32050807568877 4.999999999993756 200
325 17.32050807568877 10 190.8333333333333
326 17.32050807568877 10 191.6666666666667
327 17.32050807568877 10 192.5
328 17.32050807568877 10 193.3333333333333
329 17.32050807568877 10 194.1666666666667
330 17.32050807568877 10 195
331 17.32050807568877 10 195.8333333333333
332 17.32050807568877 10 196.6666666666667
333 17.32050807568877 10 197.5
334 17.32050807568877 10 198.3333333333333
335 17.32050807568877 10 199.1666666666667
336 0 20 190.8333333333333
337 0 20 191.6666666666667
338 0 20 192.5
339 0 20 193.3333333333333
340 0 20 194.1666666666667
341 0 20 195
342 0 20 195.8333333333333
343 0 20 196.6666666666667
344 0 20 197.5
345 0 20 198.3333333333333
346 0 20 199.1666666666667
347 -17.32050807568877 10 190.8333333333333
348 -17.32050807568877 10 191.6666666666667
349 -17.32050807568877 10 192.5
350 -17.32050807568877 10 193.3333333333333
351 -17.32050807568877 10 194.1666666666667
352 -17.32050807568877 10 195
353 -17.32050807568877 10 195.8333333333333
354 -17.32050807568877 10 196.6666666666667
355 -17.32050807568877 10 197.5
356 -17.32050807568877 10 198.3333333333333
357 -17.32050807568877 10 199.1666666666667
358 -17.32050807568877 -10 190.8333333333333
359 -17.32050807568877 -10 191.6666666666667
360 -17.32050807568877 -10 192.5
361 -17.32050807568877 -10 193.3333333333333
362 -17.32050807568877 -10 194.1666666666667
363 -17.32050807568877 -10 195
364 -17.32050807568877 -10 195.8333333333333
365 -17.32050807568877 -10 196.6666666666667
366 -17.32050807568877 -10 197.5
367 -17.32050807568877 -10 198.3333333333333
368 -17.32050807568877 -10 199.1666666666667
369 0 -20 190.8333333333333
370 0 -20 191.6666666666667
371 0 -20 192.5
372 0 -20 193.3333333333333
373 0 -20 194.1666666666667
374 0 -20 195
375 0 -20 195.8333333333333
376 0 -20 196.6666666666667
377 0 -20 197.5
378 0 -20 198.3333333333333
379 0 -20 199.1666666666667
380 17.32050807568877 -10 190.8333333333333
381 17.32050807568877 -10 191.6666666666667
382 17.32050807568877 -10 192.5
383 17.32050807568877 -10 193.3333333333333
384 17.32050807568877 -10 194.1666666666667
385 17.32050807568877 -10 195
386 17.32050807568877 -10 195.8333333333333
387 17.32050807568877 -10 196.6666666666667
388 17.32050807568877 -10 197.5
389 17.32050807568877 -10 198.3333333333333
390 17.32050807568877 -10 199.1666666666667
391 12.99038105677082 12.49999999999755 203
392 8.660254037861202 14.99999999999029 203
393 4.330127018934927 17.49999999999265 203
394 -4.33012701891689 17.50000000000306 203
395 -8.660254037832523 15.00000000000685 203
396 -12.99038105675648 12.50000000000583 203
397 -17.32050807568877 5.000000000004857 203
398 -17.32050807568877 1.110223024625157e-11 203
399 -17.32050807568877 -4.999999999993756 203
400 -12.99038105677082 -12.49999999999755 203
401 -8.660254037861202 -14.99999999999029 203
402 -4.330127018934927 -17.49999999999265 203
403 4.33012701891689 -17.50000000000306 203
404 8.660254037832523 -15.00000000000685 203
405 12.99038105675648 -12.50000000000583 203
406 17.32050807568877 -5.000000000004857 203
407 17.32050807568877 -1.110223024625157e-11 203
408 17.32050807568877 4.999999999993756 203
409 17.32050807568877 10 200.25
410 17.32050807568877 10 200.5
411 17.32050807568877 10 200.75
412 17.32050807568877 10 201
413 17.32050807568877 10 201.25
414 17.32050807568877 10 201.5
415 17.32050807568877 10 201.75
416 17.32050807568877 10 202
417 17.32050807568877 10 202.25
418 17.32050807568877 10 202.5
419 17.32050807568877 10 202.75
420 0 20 200.25
421 0 20 200.5
422 0 20 200.75
423 0 20 201
424 0 20 201.25
425 0 20 201.5
426 0 20 201.75
427 0 20 202
428 0 20 202.25
429 0 20 202.5
430 0 20 202.75
431 -17.32050807568877 10 200.25
432 -17.32050807568877 10 200.5
433 -17.32050807568877 10 200.75
434 -17.32050807568877 10 201
435 -17.32050807568877 10 201.25
436 -17.32050807568877 10 201.5
437 -17.32050807568877 10 201.75
438 -17.32050807568877 10 202
439 -17.32050807568877 10 202.25
440 -17.32050807568877 10 202.5
441 -17.32050807568877 10 202.75
442 -17.32050807568877 -10 200.25
443 -17.32050807568877 -10 200.5
444 -17.32050807568877 -10 200.75
445 -17.32050807568877 -10 201
446 -17.32050807568877 -10 201.25
447 -17.32050807568877 -10 201.5
448 -17.32050807568877 -10 201.75
449 -17.32050807568877 -10 202
450 -17.32050807568877 -10 202.25
451 -17.32050807568877 -10 202.5
452 -17.32050807568877 -10 202.75
453 0 -20 200.25
454 0 -20 200.5
455 0 -20 200.75
456 0 -20 201
457 0 -20 201.25
458 0 -20 201.5
459 0 -20 201.75
460 0 -20 202
461 0 -20 202.25
462 0 -20 202.5
463 0 -20 202.75
464 17.32050807568877 -10 200.25
465 17.32050807568877 -10 200.5
466 17.32050807568877 -10 200.75
467 17.32050807568877 -10 201
468 17.32050807568877 -10 201.25
469 17.32050807568877 -10 201.5
470 17.32050807568877 -10 201.75
471 17.32050807568877 -10 202
472 17.32050807568877 -10 202.25
473 17.32050807568877 -10 202.5
474 17.32050807568877 -10 202.75
475 12.99038105677082 12.49999999999755 213
476 8.660254037861202 14.99999999999029 213
477 4.330127018934927 17.49999999999265 213
478 -4.33012701891689 17.50000000000306 213
479 -8.660254037832523 15.00000000000685 213
480 -12.99038105675648 12.50000000000583 213
481 -17.32050807568877 5.000000000004857 213
482 -17.32050807568877 1.110223024625157e-11 213
483 -17.32050807568877 -4.999999999993756 213
484 -12.99038105677082 -12.49999999999755 213
485 -8.660254037861202 -14.99999999999029 213
486 -4.330127018934927 -17.49999999999265 213
487 4.33012701891689 -17.50000000000306 213
488 8.660254037832523 -15.00000000000685 213
489 12.99038105675648 -12.50000000000583 213
490 17.32050807568877 -5.000000000004857 213
491 17.32050807568877 -1.110223024625157e-11 213
492 17.32050807568877 4.999999999993756 213
493 17.32050807568877 10 203.8333333333333
494 17.32050807568877 10 204.6666666666667
495 17.32050807568877 10 205.5
496 17.32050807568877 10 206.3333333333333
497 17.32050807568877 10 207.1666666666667
498 17.32050807568877 10 208
499 17.32050807568877 10 208.8333333333333
500 17.32050807568877 10 209.6666666666667
501 17.32050807568877 10 210.5
502 17.32050807568877 10 211.3333333333333
503 17.32050807568877 10 212.1666666666667
504 0 20 203.8333333333333
505 0 20 204.6666666666667
506 0 20 205.5
507 0 20 206.3333333333333
508 0 20 207.1666666666667
509 0 20 208
510 0 20 208.8333333333333
511 0 20 209.6666666666667
512 0 20 210.5
513 0 20 211.3333333333333
514 0 20 212.1666666666667
515 -17.32050807568877 10 203.8333333333333
516 -17.32050807568877 10 204.6666666666667
517 -17.32050807568877 10 205.5
518 -17.32050807568877 10 206.3333333333333
519 -17.32050807568877 10 207.1666666666667
520 -17.32050807568877 10 208
521 -17.32050807568877 10 208.8333333333333
522 -17.32050807568877 10 209.6666666666667
523 -17.32050807568877 10 210.5
524 -17.32050807568877 10 211.3333333333333
525 -17.32050807568877 10 212.1666666666667
526 -17.32050807568877 -10 203.8333333333333
527 -17.32050807568877 -10 204.6666666666667
528 -17.32050807568877 -10 205.5
529 -17.32050807568877 -10 206.3333333333333
530 -17.32050807568877 -10 207.1666666666667
531 -17.32050807568877 -10 208
532 -17.32050807568877 -10 208.8333333333333
533 -17.32050807568877 -10 209.6666666666667
534 -17.32050807568877 -10 210.5
535 -17.32050807568877 -10 211.3333333333333
536 -17.32050807568877 -10 212.1666666666667
537 0 -20 203.8333333333333
538 0 -20 204.6666666666667
539 0 -20 205.5
540 0 -20 206.3333333333333
541 0 -20 207.1666666666667
542 0 -20 208
543 0 -20 208.8333333333333
544 0 -20 209.6666666666667
545 0 -20 210.5
546 0 -20 211.3333333333333
547 0 -20 212.1666666666667
548 17.32050807568877 -10 203.8333333333333
549 17.32050807568877 -10 204.6666666666667
550 17.32050807568877 -10 205.5
551 17.32050807568877 -10 206.3333333333333
552 17.32050807568877 -10 207.1666666666667
553 17.32050807568877 -10 208
554 17.32050807568877 -10 208.8333333333333
555 17.32050807568877 -10 209.6666666666667
556 17.32050807568877 -10 210.5
557 17.32050807568877 -10 211.3333333333333
558 17.32050807568877 -10 212.1666666666667
559 12.99038105677082 12.49999999999755 403
560 8.660254037861202 14.99999999999029 403
561 4.330127018934927 17.49999999999265 403
562 -4.33012701891689 17.50000000000306 403
563 -8.660254037832523 15.00000000000685 403
564 -12.99038105675648 12.50000000000583 403
565 -17.32050807568877 5.000000000004857 403
566 -17.32050807568877 1.110223024625157e-11 403
567 -17.32050807568877 -4.999999999993756 403
568 -12.99038105677082 -12.49999999999755 403
569 -8.660254037861202 -14.99999999999029 403
570 -4.330127018934927 -17.49999999999265 403
571 4.33012701891689 -17.50000000000306 403
572 8.660254037832523 -15.00000000000685 403
573 12.99038105675648 -12.50000000000583 403
574 17.32050807568877 -5.000000000004857 403
575 17.32050807568877 -1.110223024625157e-11 403
576 17.32050807568877 4.999999999993756 403
577 17.32050807568877 10 217.75
578 17.32050807568877 10 222.5
579 17.32050807568877 10 227.25
580 17.32050807568877 10 232
581 17.32050807568877 10 236.75
582 17.32050807568877 10 241.5
583 17.32050807568877 10 246.25
584 17.32050807568877 10 251
585 17.32050807568877 10 255.75
586 17.32050807568877 10 260.5
587 17.32050807568877 10 265.25
588 17.32050807568877 10 270
589 17.32050807568877 10 274.75
590 17.32050807568877 10 279.5
591 17.32050807568877 10 284.25
592 17.32050807568877 10 289
593 17.32050807568877 10 293.75
594 17.32050807568877 10 298.5
595 17.32050807568877 10 303.25
596 17.32050807568877 10 308
597 17.32050807568877 10 312.75
598 17.32050807568877 10 317.5
599 17.32050807568877 10 322.25
600 17.32050807568877 10 327
601 17.32050807568877 10 331.75
602 17.32050807568877 10 336.5
603 17.32050807568877 10 341.25
604 17.32050807568877 10 346
605 17.32050807568877 10 350.75
606 17.32050807568877 10 355.5
607 17.32050807568877 10 360.25
608 17.32050807568877 10 365
609 17.32050807568877 10 369.75
610 17.32050807568877 10 374.5
611 17.32050807568877 10 379.25
612 17.32050807568877 10 384
613 17.32050807568877 10 388.75
614 17.32050807568877 10 393.5
615 17.32050807568877 10 398.25
616 0 20 217.75
617 0 20 222.5
618 0 20 227.25
619 0 20 232
620 0 20 236.75
621 0 20 241.5
622 0 20 246.25
623 0 20 251
624 0 20 255.75
625 0 20 260.5
626 0 20 265.25
627 0 20 270
628 0 20 274.75
629 0 20 279.5
630 0 20 284.25
631 0 20 289
632 0 20 293.75
633 0 20 298.5
634 0 20 303.25
635 0 20 308
636 0 20 312.75
637 0 20 317.5
638 0 20 322.25
639 0 20 327
640 0 20 331.75
641 0 20 336.5
642 0 20 341.25
643 0 20 346
644 0 20 350.75
645 0 20 355.5
646 0 20 360.25
647 0 20 365
648 0 20 369.75
649 0 20 374.5
650 0 20 379.25
651 0 20 384
652 0 20 388.75
653 0 20 393.5
654 0 20 398.25
655 -17.32050807568877 10 217.75
656 -17.32050807568877 10 222.5
657 -17.32050807568877 10 227.25
658 -17.32050807568877 10 232
659 -17.32050807568877 10 236.75
660 -17.32050807568877 10 241.5
661 -17.32050807568877 10 246.25
662 -17.32050807568877 10 251
663 -17.32050807568877 10 255.75
664 -17.32050807568877 10 260.5
665 -17.32050807568877 10 265.25
666 -17.32050807568877 10 270
667 -17.32050807568877 10 274.75
668 -17.32050807568877 10 279.5
669 -17.32050807568877 10 284.25
670 -17.32050807568877 10 289
671 -17.32050807568877 10 293.75
672 -17.32050807568877 10 298.5
673 -17.32050807568877 10 303.25
674 -17.32050807568877 10 308
675 -17.32050807568877 10 312.75
676 -17.32050807568877 10 317.5
677 -17.32050807568877 10 322.25
678 -17.32050807568877 10 327
679 -17.32050807568877 10 331.75
680 -17.32050807568877 10 336.5
681 -17.32050807568877 10 341.25
682 -17.32050807568877 10 346
683 -17.32050807568877 10 350.75
684 -17.32050807568877 10 355.5
685 -17.32050807568877 10 360.25
686 -17.32050807568877 10 365
687 -17.32050807568877 10 369.75
688 -17.32050807568877 10 374.5
689 -17.32050807568877 10 379.25
690 -17.32050807568877 10 384
691 -17.32050807568877 10 388.75
692 -17.32050807568877 10 393.5
693 -17.32050807568877 10 398.25
694 -17.32050807568877 -10 217.75
695 -17.32050807568877 -10 222.5
696 -17.32050807568877 -10 227.25
697 -17.32050807568877 -10 232
698 -17.32050807568877 -10 236.75
699 -17.32050807568877 -10 241.5
700 -17.32050807568877 -10 246.25
701 -17.32050807568877 -10 251
702 -17.32050807568877 -10 255.75
703 -17.32050807568877 -10 260.5
704 -17.32050807568877 -10 265.25
705 -17.32050807568877 -10 270
706 -17.32050807568877 -10 274.75
707 -17.32050807568877 -10 279.5
708 -17.32050807568877 -10 284.25
709 -17.32050807568877 -10 289
710 -17.32050807568877 -10 293.75
711 -17.32050807568877 -10 298.5
712 -17.32050807568877 -10 303.25
713 -17.32050807568877 -10 308
714 -17.32050807568877 -10 312.75
715 -17.32050807568877 -10 317.5
716 -17.32050807568877 -10 322.25
717 -17.32050807568877 -10 327
718 -17.32050807568877 -10 331.75
719 -17.32050807568877 -10 336.5
720 -17.32050807568877 -10 341.25
721 -17.32050807568877 -10 346
722 -17.32050807568877 -10 350.75
723 -17.32050807568877 -10 355.5
724 -17.32050807568877 -10 360.25
725 -17.32050807568877 -10 365
726 -17.32050807568877 -10 369.75
727 -17.32050807568877 -10 374.5
728 -17.32050807568877 -10 379.25
729 -17.32050807568877 -10 384
730 -17.32050807568877 -10 388.75
731 -17.32050807568877 -10 393.5
732 -17.32050807568877 -10 398.25
733 0 -20 217.75
734 0 -20 222.5
735 0 -20 227.25
736 0 -20 232
737 0 -20 236.75
738 0 -20 241.5
739 0 -20 246.25
740 0 -20 251
741 0 -20 255.75
742 0 -20 260.5
743 0 -20 265.25
744 0 -20 270
745 0 -20 274.75
746 0 -20 279.5
747 0 -20 284.25
748 0 -20 289
749 0 -20 293.75
750 0 -20 298.5
751 0 -20 303.25
752 0 -20 308
753 0 -20 312.75
754 0 -20 317.5
755 0 -20 322.25
756 0 -20 327
757 0 -20 331.75
758 0 -20 336.5
759 0 -20 341.25
760 0 -20 346
761 0 -20 350.75
762 0 -20 355.5
763 0 -20 360.25
764 0 -20 365
765 0 -20 369.75
766 0 -20 374.5
767 0 -20 379.25
768 0 -20 384
769 0 -20 388.75
770 0 -20 393.5
771 0 -20 398.25
772 17.32050807568877 -10 217.75
773 17.32050807568877 -10 222.5
774 17.32050807568877 -10 227.25
775 17.32050807568877 -10 232
776 17.32050807568877 -10 236.75
777 17.32050807568877 -10 241.5
778 17.32050807568877 -10 246.25
779 17.32050807568877 -10 251
780 17.32050807568877 -10 255.75
781 17.32050807568877 -10 260.5
782 17.32050807568877 -10 265.25
783 17.32050807568877 -10 270
784 17.32050807568877 -10 274.75
785 17.32050807568877 -10 279.5
786 17.32050807568877 -10 284.25
787 17.32050807568877 -10 289
788 17.32050807568877 -10 293.75
789 17.32050807568877 -10 298.5
790 17.32050807568877 -10 303.25
791 17.32050807568877 -10 308
792 17.32050807568877 -10 312.75
793 17.32050807568877 -10 317.5
794 17.32050807568877 -10 322.25
795 17.32050807568877 -10 327
796 17.32050807568877 -10 331.75
797 17.32050807568877 -10 336.5
798 17.32050807568877 -10 341.25
799 17.32050807568877 -10 346
800 17.32050807568877 -10 350.75
801 17.32050807568877 -10 355.5
802 17.32050807568877 -10 360.25
803 17.32050807568877 -10 365
804 17.32050807568877 -10 369.75
805 17.32050807568877 -10 374.5
806 17.32050807568877 -10 379.25
807 17.32050807568877 -10 384
808 17.32050807568877 -10 388.75
809 17.32050807568877 -10 393.5
810 17.32050807568877 -10 398.25
811 0 0 0
812 -3.722670322348144 8.715840055260911 0
813 3.722670322348144 -8.715840055260911 0
814 0.4081426055043846 -13.79530566943621 0
815 -8.258068423837603 -7.081612678922174 0
816 13.50916957984254 -7.953686383932078 0
817 8.258068423837603 7.081612678922174 0
818 -13.50916957984254 7.953686383932078 0
819 -0.4081426055043846 13.79530566943621 0
820 -8.816097914919355 -0.8694939545162398 0
821 8.816097914919355 0.8694939545162398 0
822 -6.641475179321265 4.217966992344595 0
823 6.641475179321265 -4.217966992344595 0
824 1.887276083231843 8.306946215985326 0
825 -1.887276083231843 -8.306946215985326 0
826 5.217374674984268 12.11938864086816 0
827 -5.217374674984268 -12.11938864086816 0
828 4.017889513858509 3.513069803812702 0
829 -4.017889513858509 -3.513069803812702 0
830 1.751567765110108 -4.257047708322457 0
831 -1.751567765110108 4.257047708322457 0
832 9.160267818473482 -9.193999356468721 0
833 -9.160267818473482 9.193999356468721 0
834 -12.13062641402653 -4.357091810186268 0
835 12.13062641402653 4.357091810186268 0
836 9.687145114470383 11.11831968359776 0
837 -9.687145114470383 -11.11831968359776 0
838 -12.35894587879671 3.545537289787412 0
839 12.35894587879671 -3.545537289787412 0
840 -4.317412438291059 0.7389201338348677 0
841 4.317412438291059 -0.7389201338348677 0
842 12.98767478613291 8.385080755419784 0
843 -12.98767478613291 -8.385080755419784 0
844 13.58933727182403 1.33620969497955 0
845 -13.58933727182403 -1.33620969497955 0
846 -5.256292360615085 12.84102901623515 0
847 5.256292360615085 -12.84102901623515 0
848 12.99038105677082 12.49999999999755 4.75
849 12.99038105677082 12.49999999999755 9.5
850 12.99038105677082 12.49999999999755 14.25
851 12.99038105677082 12.49999999999755 19
852 12.99038105677082 12.49999999999755 23.75
853 12.99038105677082 12.49999999999755 28.5
854 12.99038105677082 12.49999999999755 33.25
855 12.99038105677082 12.49999999999755 38
856 12.99038105677082 12.49999999999755 42.75
857 12.99038105677082 12.49999999999755 47.5
858 12.99038105677082 12.49999999999755 52.25000000000001
859 12.99038105677082 12.49999999999755 57
860 12.99038105677082 12.49999999999755 61.75
861 12.99038105677082 12.49999999999755 66.5
862 12.99038105677082 12.49999999999755 71.25
863 12.99038105677082 12.49999999999755 76
864 12.99038105677082 12.49999999999755 80.75
865 12.99038105677082 12.49999999999755 85.5
866 12.99038105677082 12.49999999999755 90.25
867 12.99038105677082 12.49999999999755 95
868 12.99038105677082 12.49999999999755 99.75
869 12.99038105677082 12.49999999999755 104.5
870 12.99038105677082 12.49999999999755 109.25
871 12.99038105677082 12.49999999999755 114
872 12.99038105677082 12.49999999999755 118.75
873 12.99038105677082 12.49999999999755 123.5
874 12.99038105677082 12.49999999999755 128.25
875 12.99038105677082 12.49999999999755 133
876 12.99038105677082 12.49999999999755 137.75
877 12.99038105677082 12.49999999999755 142.5
878 12.99038105677082 12.49999999999755 147.25
879 12.99038105677082 12.49999999999755 152
880 12.99038105677082 12.49999999999755 156.75
881 12.99038105677082 12.49999999999755 161.5
882 12.99038105677082 12.49999999999755 166.25
883 12.99038105677082 12.49999999999755 171
884 12.99038105677082 12.49999999999755 175.75
885 12.99038105677082 12.49999999999755 180.5
886 12.99038105677082 12.49999999999755 185.25
887 8.660254037861202 14.99999999999029 4.75
888 8.660254037861202 14.99999999999029 9.5
889 8.660254037861202 14.99999999999029 14.25
890 8.660254037861202 14.99999999999029 19
891 8.660254037861202 14.99999999999029 23.75
892 8.660254037861202 14.99999999999029 28.5
893 8.660254037861202 14.99999999999029 33.25
894 8.660254037861202 14.99999999999029 38
895 8.660254037861202 14.99999999999029 42.75
896 8.660254037861202 14.99999999999029 47.5
897 8.660254037861202 14.99999999999029 52.25000000000001
898 8.660254037861202 14.99999999999029 57
899 8.660254037861202 14.99999999999029 61.75
900 8.660254037861202 14.99999999999029 66.5
901 8.660254037861202 14.99999999999029 71.25
902 8.660254037861202 14.99999999999029 76
903 8.660254037861202 14.99999999999029 80.75
904 8.660254037861202 14.99999999999029 85.5
905 8.660254037861202 14.99999999999029 90.25
906 8.660254037861202 14.99999999999029 95
907 8.660254037861202 14.99999999999029 99.75
908 8.660254037861202 14.99999999999029 104.5
909 8.660254037861202 14.99999999999029 109.25
910 8.660254037861202 14.99999999999029 114
911 8.660254037861202 14.99999999999029 118.75
912 8.660254037861202 14.99999999999029 123.5
913 8.660254037861202 14.99999999999029 128.25
914 8.660254037861202 14.99999999999029 133
915 8.660254037861202 14.99999999999029 137.75
916 8.660254037861202 14.99999999999029 142.5
917 8.660254037861202 14.99999999999029 147.25
918 8.660254037861202 14.99999999999029 152
919 8.660254037861202 14.99999999999029 156.75
920 8.660254037861202 14.99999999999029 161.5
921 8.660254037861202 14.99999999999029 166.25
922 8.660254037861202 14.99999999999029 171
923 8.660254037861202 14.99999999999029 175.75
924 8.660254037861202 14.99999999999029 180.5
925 8.660254037861202 14.99999999999029 185.25
926 4.330127018934927 17.49999999999265 4.75
927 4.330127018934927 17.49999999999265 9.5
928 4.330127018934927 17.49999999999265 14.25
929 4.330127018934927 17.49999999999265 19
930 4.330127018934927 17.49999999999265 23.75
931 4.330127018934927 17.49999999999265 28.5
932 4.330127018934927 17.49999999999265 33.25
933 4.330127018934927 17.49999999999265 38
934 4.330127018934927 17.49999999999265 42.75
935 4.330127018934927 17.49999999999265 47.5
936 4.330127018934927 17.49999999999265 52.25000000000001
937 4.330127018934927 17.49999999999265 57
938 4.330127018934927 17.49999999999265 61.75
939 4.330127018934927 17.49999999999265 66.5
940 4.330127018934927 17.49999999999265 71.25
941 4.330127018934927 17.49999999999265 76
942 4.330127018934927 17.49999999999265 80.75
943 4.330127018934927 17.49999999999265 85.5
944 4.330127018934927 17.49999999999265 90.25
945 4.330127018934927 17.49999999999265 95
946 4.330127018934927 17.49999999999265 99.75
947 4.330127018934927 17.49999999999265 104.5
948 4.330127018934927 17.49999999999265 109.25
949 4.330127018934927 17.49999999999265 114
950 4.330127018934927 17.49999999999265 118.75
951 4.330127018934927 17.49999999999265 123.5
952 4.330127018934927 17.49999999999265 128.25
953 4.330127018934927 17.49999999999265 133
954 4.330127018934927 17.49999999999265 137.75
955 4.330127018934927 17.49999999999265 142.5
956 4.330127018934927 17.49999999999265 147.25
957 4.330127018934927 17.49999999999265 152
958 4.330127018934927 17.49999999999265 156.75
959 4.330127018934927 17.49999999999265 161.5
960 4.330127018934927 17.49999999999265 166.25
961 4.330127018934927 17.49999999999265 171
962 4.330127018934927 17.49999999999265 175.75
963 4.330127018934927 17.49999999999265 180.5
964 4.330127018934927 17.49999999999265 185.25
965 -4.33012701891689 17.50000000000306 4.75
966 -4.33012701891689 17.50000000000306 9.5
967 -4.33012701891689 17.50000000000306 14.25
968 -4.33012701891689 17.50000000000306 19
969 -4.33012701891689 17.50000000000306 23.75
970 -4.33012701891689 17.50000000000306 28.5
971 -4.33012701891689 17.50000000000306 33.25
972 -4.33012701891689 17.50000000000306 38
973 -4.33012701891689 17.50000000000306 42.75
974 -4.33012701891689 17.50000000000306 47.5
975 -4.33012701891689 17.50000000000306 52.25000000000001
976 -4.33012701891689 17.50000000000306 57
977 -4.33012701891689 17.50000000000306 61.75
978 -4.33012701891689 17.50000000000306 66.5
979 -4.33012701891689 17.50000000000306 71.25
980 -4.33012701891689 17.50000000000306 76
981 -4.33012701891689 17.50000000000306 80.75
982 -4.33012701891689 17.50000000000306 85.5
983 -4.33012701891689 17.50000000000306 90.25
984 -4.33012701891689 17.50000000000306 95
985 -4.33012701891689 17.50000000000306 99.75
986 -4.33012701891689 17.50000000000306 104.5
987 -4.33012701891689 17.50000000000306 109.25
988 -4.33012701891689 17.50000000000306 114
989 -4.33012701891689 17.50000000000306 118.75
990 -4.33012701891689 17.50000000000306 123.5
991 -4.33012701891689 17.50000000000306 128.25
992 -4.33012701891689 17.50000000000306 133
993 -4.33012701891689 17.50000000000306 137.75
994 -4.33012701891689 17.50000000000306 142.5
995 -4.33012701891689 17.50000000000306 147.25
996 -4.33012701891689 17.50000000000306 152
997 -4.33012701891689 17.50000000000306 156.75
998 -4.33012701891689 17.50000000000306 161.5
999 -4.33012701891689 17.50000000000306 166.25
1000 -4.33012701891689 17.50000000000306 171
1001 -4.33012701891689 17.50000000000306 175.75
1002 -4.33012701891689 17.50000000000306 180.5
1003 -4.33012701891689 17.50000000000306 185.25
1004 -8.660254037832523 15.00000000000685 4.75
1005 -8.660254037832523 15.00000000000685 9.5
1006 -8.660254037832523 15.00000000000685 14.25
1007 -8.660254037832523 15.00000000000685 19
1008 -8.660254037832523 15.00000000000685 23.75
1009 -8.660254037832523 15.00000000000685 28.5
1010 -8.660254037832523 15.00000000000685 33.25
1011 -8.660254037832523 15.00000000000685 38
1012 -8.660254037832523 15.00000000000685 42.75
1013 -8.660254037832523 15.00000000000685 47.5
1014 -8.660254037832523 15.00000000000685 52.25000000000001
1015 -8.660254037832523 15.00000000000685 57
1016 -8.660254037832523 15.00000000000685 61.75
1017 -8.660254037832523 15.00000000000685 66.5
1018 -8.660254037832523 15.00000000000685 71.25
1019 -8.660254037832523 15.00000000000685 76
1020 -8.660254037832523 15.00000000000685 80.75
1021 -8.660254037832523 15.00000000000685 85.5
1022 -8.660254037832523 15.00000000000685 90.25
1023 -8.660254037832523 15.00000000000685 95
1024 -8.660254037832523 15.00000000000685 99.75
1025 -8.660254037832523 15.00000000000685 104.5
1026 -8.660254037832523 15.00000000000685 109.25
1027 -8.660254037832523 15.00000000000685 114
1028 -8.660254037832523 15.00000000000685 118.75
1029 -8.660254037832523 15.00000000000685 123.5
1030 -8.660254037832523 15.00000000000685 128.25
1031 -8.660254037832523 15.00000000000685 133
1032 -8.660254037832523 15.00000000000685 137.75
1033 -8.660254037832523 15.00000000000685 142.5
1034 -8.660254037832523 15.00000000000685 147.25
1035 -8.660254037832523 15.00000000000685 152
1036 -8.660254037832523 15.00000000000685 156.75
1037 -8.660254037832523 15.00000000000685 161.5
1038 -8.660254037832523 15.00000000000685 166.25
1039 -8.660254037832523 15.00000000000685 171
1040 -8.660254037832523 15.00000000000685 175.75
1041 -8.660254037832523 15.00000000000685 180.5
1042 -8.660254037832523 15.00000000000685 185.25
1043 -12.99038105675648 12.50000000000583 4.75
1044 -12.99038105675648 12.50000000000583 9.5
1045 -12.99038105675648 12.50000000000583 14.25
1046 -12.99038105675648 12.50000000000583 19
1047 -12.99038105675648 12.50000000000583 23.75
1048 -12.99038105675648 12.50000000000583 28.5
1049 -12.99038105675648 12.50000000000583 33.25
1050 -12.99038105675648 12.50000000000583 38
1051 -12.99038105675648 12.50000000000583 42.75
1052 -12.99038105675648 12.50000000000583 47.5
1053 -12.99038105675648 12.50000000000583 52.25000000000001
1054 -12.99038105675648 12.50000000000583 57
1055 -12.99038105675648 12.50000000000583 61.75
1056 -12.99038105675648 12.50000000000583 66.5
1057 -12.99038105675648 12.50000000000583 71.25
1058 -12.99038105675648 12.50000000000583 76
1059 -12.99038105675648 12.50000000000583 80.75
1060 -12.99038105675648 12.50000000000583 85.5
1061 -12.99038105675648 12.50000000000583 90.25
1062 -12.99038105675648 12.50000000000583 95
1063 -12.99038105675648 12.50000000000583 99.75
1064 -12.99038105675648 12.50000000000583 104.5
1065 -12.99038105675648 12.50000000000583 109.25
1066 -12.99038105675648 12.50000000000583 114
1067 -12.99038105675648 12.50000000000583 118.75
1068 -12.99038105675648 12.50000000000583 123.5
1069 -12.99038105675648 12.50000000000583 128.25
1070 -12.99038105675648 12.50000000000583 133
1071 -12.99038105675648 12.50000000000583 137.75
1072 -12.99038105675648 12.50000000000583 142.5
1073 -12.99038105675648 12.50000000000583 147.25
1074 -12.99038105675648 12.50000000000583 152
1075 -12.99038105675648 12.50000000000583 156.75
1076 -12.99038105675648 12.50000000000583 161.5
1077 -12.99038105675648 12.50000000000583 166.25
1078 -12.99038105675648 12.50000000000583 171
1079 -12.99038105675648 12.50000000000583 175.75
1080 -12.99038105675648 12.50000000000583 180.5
1081 -12.99038105675648 12.50000000000583 185.25
1082 -17.32050807568877 5.000000000004857 4.75
1083 -17.32050807568877 5.000000000004857 9.5
1084 -17.32050807568877 5.000000000004857 14.25
1085 -17.32050807568877 5.000000000004857 19
1086 -17.32050807568877 5.000000000004857 23.75
1087 -17.32050807568877 5.000000000004857 28.5
1088 -17.32050807568877 5.000000000004857 33.25
1089 -17.32050807568877 5.000000000004857 38
1090 -17.32050807568877 5.000000000004857 42.75
1091 -17.32050807568877 5.000000000004857 47.5
1092 -17.32050807568877 5.000000000004857 52.25000000000001
1093 -17.32050807568877 5.000000000004857 57
1094 -17.32050807568877 5.000000000004857 61.75
1095 -17.32050807568877 5.000000000004857 66.5
1096 -17.32050807568877 5.000000000004857 71.25
1097 -17.32050807568877 5.000000000004857 76
1098 -17.32050807568877 5.000000000004857 80.75
1099 -17.32050807568877 5.000000000004857 85.5
1100 -17.32050807568877 5.000000000004857 90.25
1101 -17.32050807568877 5.000000000004857 95
1102 -17.32050807568877 5.000000000004857 99.75
1103 -17.32050807568877 5.000000000004857 104.5
1104 -17.32050807568877 5.000000000004857 109.25
1105 -17.32050807568877 5.000000000004857 114
1106 -17.32050807568877 5.000000000004857 118.75
1107 -17.32050807568877 5.000000000004857 123.5
1108 -17.32050807568877 5.000000000004857 128.25
1109 -17.32050807568877 5.000000000004857 133
1110 -17.32050807568877 5.000000000004857 137.75
1111 -17.32050807568877 5.000000000004857 142.5
1112 -17.32050807568877 5.000000000004857 147.25
1113 -17.32050807568877 5.000000000004857 152
1114 -17.32050807568877 5.000000000004857 156.75
1115 -17.32050807568877 5.000000000004857 161.5
1116 -17.32050807568877 5.000000000004857 166.25
1117 -17.32050807568877 5.000000000004857 171
1118 -17.32050807568877 5.000000000004857 175.75
1119 -17.32050807568877 5.000000000004857 180.5
1120 -17.32050807568877 5.000000000004857 185.25
1121 -17.32050807568877 1.110223024625157e-11 4.75
1122 -17.32050807568877 1.110223024625157e-11 9.5
1123 -17.32050807568877 1.110223024625157e-11 14.25
1124 -17.32050807568877 1.110223024625157e-11 19
1125 -17.32050807568877 1.110223024625157e-11 23.75
1126 -17.32050807568877 1.110223024625157e-11 28.5
1127 -17.32050807568877 1.110223024625157e-11 33.25
1128 -17.32050807568877 1.110223024625157e-11 38
1129 -17.32050807568877 1.110223024625157e-11 42.75
1130 -17.32050807568877 1.110223024625157e-11 47.5
1131 -17.32050807568877 1.110223024625157e-11 52.25000000000001
1132 -17.32050807568877 1.110223024625157e-11 57
1133 -17.32050807568877 1.110223024625157e-11 61.75
1134 -17.32050807568877 1.110223024625157e-11 66.5
1135 -17.32050807568877 1.110223024625157e-11 71.25
1136 -17.32050807568877 1.110223024625157e-11 76
1137 -17.32050807568877 1.110223024625157e-11 80.75
1138 -17.32050807568877 1.110223024625157e-11 85.5
1139 -17.32050807568877 1.110223024625157e-11 90.25
1140 -17.32050807568877 1.110223024625157e-11 95
1141 -17.32050807568877 1.110223024625157e-11 99.75
1142 -17.32050807568877 1.110223024625157e-11 104.5
1143 -17.32050807568877 1.110223024625157e-11 109.25
1144 -17.32050807568877 1.110223024625157e-11 114
1145 -17.32050807568877 1.110223024625157e-11 118.75
1146 -17.32050807568877 1.110223024625157e-11 123.5
1147 -17.32050807568877 1.110223024625157e-11 128.25
1148 -17.32050807568877 1.110223024625157e-11 133
1149 -17.32050807568877 1.110223024625157e-11 137.75
1150 -17.32050807568877 1.110223024625157e-11 142.5
1151 -17.32050807568877 1.110223024625157e-11 147.25
1152 -17.32050807568877 1.110223024625157e-11 152
1153 -17.32050807568877 1.110223024625157e-11 156.75
1154 -17.32050807568877 1.110223024625157e-11 161.5
1155 -17.32050807568877 1.110223024625157e-11 166.25
1156 -17.32050807568877 1.110223024625157e-11 171
1157 -17.32050807568877 1.110223024625157e-11 175.75
1158 -17.32050807568877 1.110223024625157e-11 180.5
1159 -17.32050807568877 1.110223024625157e-11 185.25
1160 -17.32050807568877 -4.999999999993756 4.75
1161 -17.32050807568877 -4.999999999993756 9.5
1162 -17.32050807568877 -4.999999999993756 14.25
1163 -17.32050807568877 -4.999999999993756 19
1164 -17.32050807568877 -4.999999999993756 23.75
1165 -17.32050807568877 -4.999999999993756 28.5
1166 -17.32050807568877 -4.999999999993756 33.25
1167 -17.32050807568877 -4.999999999993756 38
1168 -17.32050807568877 -4.999999999993756 42.75
1169 -17.32050807568877 -4.999999999993756 47.5
1170 -17.32050807568877 -4.999999999993756 52.25000000000001
1171 -17.32050807568877 -4.999999999993756 57
1172 -17.32050807568877 -4.999999999993756 61.75
1173 -17.32050807568877 -4.999999999993756 66.5
1174 -17.32050807568877 -4.999999999993756 71.25
1175 -17.32050807568877 -4.999999999993756 76
1176 -17.32050807568877 -4.999999999993756 80.75
1177 -17.32050807568877 -4.999999999993756 85.5
1178 -17.32050807568877 -4.999999999993756 90.25
1179 -17.32050807568877 -4.999999999993756 95
1180 -17.32050807568877 -4.999999999993756 99.75
1181 -17.32050807568877 -4.999999999993756 104.5
1182 -17.32050807568877 -4.999999999993756 109.25
1183 -17.32050807568877 -4.999999999993756 114
1184 -17.32050807568877 -4.999999999993756 118.75
1185 -17.32050807568877 -4.999999999993756 123.5
1186 -17.32050807568877 -4.999999999993756 128.25
1187 -17.32050807568877 -4.999999999993756 133
1188 -17.32050807568877 -4.999999999993756 137.75
1189 -17.32050807568877 -4.999999999993756 142.5
1190 -17.32050807568877 -4.999999999993756 147.25
1191 -17.32050807568877 -4.999999999993756 152
1192 -17.32050807568877 -4.999999999993756 156.75
1193 -17.32050807568877 -4.999999999993756 161.5
1194 -17.32050807568877 -4.999999999993756 166.25
1195 -17.32050807568877 -4.999999999993756 171
1196 -17.32050807568877 -4.999999999993756 175.75
1197 -17.32050807568877 -4.999999999993756 180.5
1198 -17.32050807568877 -4.999999999993756 185.25
1199 -12.99038105677082 -12.49999999999755 4.75
1200 -12.99038105677082 -12.49999999999755 9.5
1201 -12.99038105677082 -12.49999999999755 14.25
1202 -12.99038105677082 -12.49999999999755 19
1203 -12.99038105677082 -12.49999999999755 23.75
1204 -12.99038105677082 -12.49999999999755 28.5
1205 -12.99038105677082 -12.49999999999755 33.25
1206 -12.99038105677082 -12.49999999999755 38
1207 -12.99038105677082 -12.49999999999755 42.75
1208 -12.99038105677082 -12.49999999999755 47.5
1209 -12.99038105677082 -12.49999999999755 52.25000000000001
1210 -12.99038105677082 -12.49999999999755 57
1211 -12.99038105677082 -12.49999999999755 61.75
1212 -12.99038105677082 -12.49999999999755 66.5
1213 -12.99038105677082 -12.49999999999755 71.25
1214 -12.99038105677082 -12.49999999999755 76
1215 -12.99038105677082 -12.49999999999755 80.75
1216 -12.99038105677082 -12.49999999999755 85.5
1217 -12.99038105677082 -12.49999999999755 90.25
1218 -12.99038105677082 -12.49999999999755 95
1219 -12.99038105677082 -12.49999999999755 99.75
1220 -12.99038105677082 -12.49999999999755 104.5
1221 -12.99038105677082 -12.49999999999755 109.25
1222 -12.99038105677082 -12.49999999999755 114
1223 -12.99038105677082 -12.49999999999755 118.75
1224 -12.99038105677082 -12.49999999999755 123.5
1225 -12.99038105677082 -12.49999999999755 128.25
1226 -12.99038105677082 -12.49999999999755 133
1227 -12.99038105677082 -12.49999999999755 137.75
1228 -12.99038105677082 -12.49999999999755 142.5
1229 -12.99038105677082 -12.49999999999755 147.25
1230 -12.99038105677082 -12.49999999999755 152
1231 -12.99038105677082 -12.49999999999755 156.75
1232 -12.99038105677082 -12.49999999999755 161.5
1233 -12.99038105677082 -12.49999999999755 166.25
1234 -12.99038105677082 -12.49999999999755 171
1235 -12.99038105677082 -12.49999999999755 175.75
1236 -12.99038105677082 -12.49999999999755 180.5
1237 -12.99038105677082 -12.49999999999755 185.25
1238 -8.660254037861202 -14.99999999999029 4.75
1239 -8.660254037861202 -14.99999999999029 9.5
1240 -8.660254037861202 -14.99999999999029 14.25
1241 -8.660254037861202 -14.99999999999029 19
1242 -8.660254037861202 -14.99999999999029 23.75
1243 -8.660254037861202 -14.99999999999029 28.5
1244 -8.660254037861202 -14.99999999999029 33.25
1245 -8.660254037861202 -14.99999999999029 38
1246 -8.660254037861202 -14.99999999999029 42.75
1247 -8.660254037861202 -14.99999999999029 47.5
1248 -8.660254037861202 -14.99999999999029 52.25000000000001
1249 -8.660254037861202 -14.99999999999029 57
1250 -8.660254037861202 -14.99999999999029 61.75
1251 -8.660254037861202 -14.99999999999029 66.5
1252 -8.660254037861202 -14.99999999999029 71.25
1253 -8.660254037861202 -14.99999999999029 76
1254 -8.660254037861202 -14.99999999999029 80.75
1255 -8.660254037861202 -14.99999999999029 85.5
1256 -8.660254037861202 -14.99999999999029 90.25
1257 -8.660254037861202 -14.99999999999029 95
1258 -8.660254037861202 -14.99999999999029 99.75
1259 -8.660254037861202 -14.99999999999029 104.5
1260 -8.660254037861202 -14.99999999999029 109.25
1261 -8.660254037861202 -14.99999999999029 114
1262 -8.660254037861202 -14.99999999999029 118.75
1263 -8.660254037861202 -14.99999999999029 123.5
1264 -8.660254037861202 -14.99999999999029 128.25
1265 -8.660254037861202 -14.99999999999029 133
1266 -8.660254037861202 -14.99999999999029 137.75
1267 -8.660254037861202 -14.99999999999029 142.5
1268 -8.660254037861202 -14.99999999999029 147.25
1269 -8.660254037861202 -14.99999999999029 152
1270 -8.660254037861202 -14.99999999999029 156.75
1271 -8.660254037861202 -14.99999999999029 161.5
1272 -8.660254037861202 -14.99999999999029 166.25
1273 -8.660254037861202 -14.99999999999029 171
1274 -8.660254037861202 -14.99999999999029 175.75
1275 -8.660254037861202 -14.99999999999029 180.5
1276 -8.660254037861202 -14.99999999999029 185.25
1277 -4.330127018934927 -17.49999999999265 4.75
1278 -4.330127018934927 -17.49999999999265 9.5
1279 -4.330127018934927 -17.49999999999265 14.25
1280 -4.330127018934927 -17.49999999999265 19
1281 -4.330127018934927 -17.49999999999265 23.75
1282 -4.330127018934927 -17.49999999999265 28.5
1283 -4.330127018934927 -17.49999999999265 33.25
1284 -4.330127018934927 -17.49999999999265 38
1285 -4.330127018934927 -17.49999999999265 42.75
1286 -4.330127018934927 -17.49999999999265 47.5
1287 -4.330127018934927 -17.49999999999265 52.25000000000001
1288 -4.330127018934927 -17.49999999999265 57
1289 -4.330127018934927 -17.49999999999265 61.75
1290 -4.330127018934927 -17.49999999999265 66.5
1291 -4.330127018934927 -17.49999999999265 71.25
1292 -4.330127018934927 -17.49999999999265 76
1293 -4.330127018934927 -17.49999999999265 80.75
1294 -4.330127018934927 -17.49999999999265 85.5
1295 -4.330127018934927 -17.49999999999265 90.25
1296 -4.330127018934927 -17.49999999999265 95
1297 -4.330127018934927 -17.49999999999265 99.75
1298 -4.330127018934927 -17.49999999999265 104.5
1299 -4.330127018934927 -17.49999999999265 109.25
1300 -4.330127018934927 -17.49999999999265 114
1301 -4.330127018934927 -17.49999999999265 118.75
1302 -4.330127018934927 -17.49999999999265 123.5
1303 -4.330127018934927 -17.49999999999265 128.25
1304 -4.330127018934927 -17.49999999999265 133
1305 -4.330127018934927 -17.49999999999265 137.75
1306 -4.330127018934927 -17.49999999999265 142.5
1307 -4.330127018934927 -17.49999999999265 147.25
1308 -4.330127018934927 -17.49999999999265 152
1309 -4.330127018934927 -17.49999999999265 156.75
1310 -4.330127018934927 -17.49999999999265 161.5
1311 -4.330127018934927 -17.49999999999265 166.25
1312 -4.330127018934927 -17.49999999999265 171
1313 -4.330127018934927 -17.49999999999265 175.75
1314 -4.330127018934927 -17.49999999999265 180.5
1315 -4.330127018934927 -17.49999999999265 185.25
1316 4.33012701891689 -17.50000000000306 4.75
1317 4.33012701891689 -17.50000000000306 9.5
1318 4.33012701891689 -17.50000000000306 14.25
1319 4.33012701891689 -17.50000000000306 19
1320 4.33012701891689 -17.50000000000306 23.75
1321 4.33012701891689 -17.50000000000306 28.5
1322 4.33012701891689 -17.50000000000306 33.25
1323 4.33012701891689 -17.50000000000306 38
1324 4.33012701891689 -17.50000000000306 42.75
1325 4.33012701891689 -17.50000000000306 47.5
1326 4.33012701891689 -17.50000000000306 52.25000000000001
1327 4.33012701891689 -17.50000000000306 57
1328 4.33012701891689 -17.50000000000306 61.75
1329 4.33012701891689 -17.50000000000306 66.5
1330 4.33012701891689 -17.50000000000306 71.25
1331 4.33012701891689 -17.50000000000306 76
1332 4.33012701891689 -17.50000000000306 80.75
1333 4.33012701891689 -17.50000000000306 85.5
1334 4.33012701891689 -17.50000000000306 90.25
1335 4.33012701891689 -17.50000000000306 95
1336 4.33012701891689 -17.50000000000306 99.75
1337 4.33012701891689 -17.50000000000306 104.5
1338 4.33012701891689 -17.50000000000306 109.25
1339 4.33012701891689 -17.50000000000306 114
1340 4.33012701891689 -17.50000000000306 118.75
1341 4.33012701891689 -17.50000000000306 123.5
1342 4.33012701891689 -17.50000000000306 128.25
1343 4.33012701891689 -17.50000000000306 133
1344 4.33012701891689 -17.50000000000306 137.75
1345 4.33012701891689 -17.50000000000306 142.5
1346 4.33012701891689 -17.50000000000306 147.25
1347 4.33012701891689 -17.50000000000306 152
1348 4.33012701891689 -17.50000000000306 156.75
1349 4.33012701891689 -17.50000000000306 161.5
1350 4.33012701891689 -17.50000000000306 166.25
1351 4.33012701891689 -17.50000000000306 171
1352 4.33012701891689 -17.50000000000306 175.75
1353 4.33012701891689 -17.50000000000306 180.5
1354 4.33012701891689 -17.50000000000306 185.25
1355 8.660254037832523 -15.00000000000685 4.75
1356 8.660254037832523 -15.00000000000685 9.5
1357 8.660254037832523 -15.00000000000685 14.25
1358 8.660254037832523 -15.00000000000685 19
1359 8.660254037832523 -15.00000000000685 23.75
1360 8.660254037832523 -15.00000000000685 28.5
1361 8.660254037832523 -15.00000000000685 33.25
1362 8.660254037832523 -15.00000000000685 38
1363 8.660254037832523 -15.00000000000685 42.75
1364 8.660254037832523 -15.00000000000685 47.5
1365 8.660254037832523 -15.00000000000685 52.25000000000001
1366 8.660254037832523 -15.00000000000685 57
1367 8.660254037832523 -15.00000000000685 61.75
1368 8.660254037832523 -15.00000000000685 66.5
1369 8.660254037832523 -15.00000000000685 71.25
1370 8.660254037832523 -15.00000000000685 76
1371 8.660254037832523 -15.00000000000685 80.75
1372 8.660254037832523 -15.00000000000685 85.5
1373 8.660254037832523 -15.00000000000685 90.25
1374 8.660254037832523 -15.00000000000685 95
1375 8.660254037832523 -15.00000000000685 99.75
1376 8.660254037832523 -15.00000000000685 104.5
1377 8.660254037832523 -15.00000000000685 109.25
1378 8.660254037832523 -15.00000000000685 114
1379 8.660254037832523 -15.00000000000685 118.75
1380 8.660254037832523 -15.00000000000685 123.5
1381 8.660254037832523 -15.00000000000685 128.25
1382 8.660254037832523 -15.00000000000685 133
1383 8.660254037832523 -15.00000000000685 137.75
1384 8.660254037832523 -15.00000000000685 142.5
1385 8.660254037832523 -15.00000000000685 147.25
1386 8.660254037832523 -15.00000000000685 152
1387 8.660254037832523 -15.00000000000685 156.75
1388 8.660254037832523 -15.00000000000685 161.5
1389 8.660254037832523 -15.00000000000685 166.25
1390 8.660254037832523 -15.00000000000685 171
1391 8.660254037832523 -15.00000000000685 175.75
1392 8.660254037832523 -15.00000000000685 180.5
1393 8.660254037832523 -15.00000000000685 185.25
1394 12.99038105675648 -12.50000000000583 4.75
1395 12.99038105675648 -12.50000000000583 9.5
1396 12.99038105675648 -12.50000000000583 14.25
1397 12.99038105675648 -12.50000000000583 19
1398 12.99038105675648 -12.50000000000583 23.75
1399 12.99038105675648 -12.50000000000583 28.5
1400 12.99038105675648 -12.50000000000583 33.25
1401 12.99038105675648 -12.50000000000583 38
1402 12.99038105675648 -12.50000000000583 42.75
1403 12.99038105675648 -12.50000000000583 47.5
1404 12.99038105675648 -12.50000000000583 52.25000000000001
1405 12.99038105675648 -12.50000000000583 57
1406 12.99038105675648 -12.50000000000583 61.75
1407 12.99038105675648 -12.50000000000583 66.5
1408 12.99038105675648 -12.50000000000583 71.25
1409 12.99038105675648 -12.50000000000583 76
1410 12.99038105675648 -12.50000000000583 80.75
1411 12.99038105675648 -12.50000000000583 85.5
1412 12.99038105675648 -12.50000000000583 90.25
1413 12.99038105675648 -12.50000000000583 95
1414 12.99038105675648 -12.50000000000583 99.75
1415 12.99038105675648 -12.50000000000583 104.5
1416 12.99038105675648 -12.50000000000583 109.25
1417 12.99038105675648 -12.50000000000583 114
1418 12.99038105675648 -12.50000000000583 118.75
1419 12.99038105675648 -12.50000000000583 123.5
1420 12.99038105675648 -12.50000000000583 128.25
1421 12.99038105675648 -12.50000000000583 133
1422 12.99038105675648 -12.50000000000583 137.75
1423 12.99038105675648 -12.50000000000583 142.5
1424 12.99038105675648 -12.50000000000583 147.25
1425 12.99038105675648 -12.50000000000583 152
1426 12.99038105675648 -12.50000000000583 156.75
1427 12.99038105675648 -12.50000000000583 161.5
1428 12.99038105675648 -12.50000000000583 166.25
1429 12.99038105675648 -12.50000000000583 171
1430 12.99038105675648 -12.50000000000583 175.75
1431 12.99038105675648 -12.50000000000583 180.5
1432 12.99038105675648 -12.50000000000583 185.25
1433 17.32050807568877 -5.000000000004857 4.75
1434 17.32050807568877 -5.000000000004857 9.5
1435 17.32050807568877 -5.000000000004857 14.25
1436 17.32050807568877 -5.000000000004857 19
1437 17.32050807568877 -5.000000000004857 23.75
1438 17.32050807568877 -5.000000000004857 28.5
1439 17.32050807568877 -5.000000000004857 33.25
1440 17.32050807568877 -5.000000000004857 38
1441 17.32050807568877 -5.000000000004857 42.75
1442 17.32050807568877 -5.000000000004857 47.5
1443 17.32050807568877 -5.000000000004857 52.25000000000001
1444 17.32050807568877 -5.000000000004857 57
1445 17.32050807568877 -5.000000000004857 61.75
1446 17.32050807568877 -5.000000000004857 66.5
1447 17.32050807568877 -5.000000000004857 71.25
1448 17.32050807568877 -5.000000000004857 76
1449 17.32050807568877 -5.000000000004857 80.75
1450 17.32050807568877 -5.000000000004857 85.5
1451 17.32050807568877 -5.000000000004857 90.25
1452 17.32050807568877 -5.000000000004857 95
1453 17.32050807568877 -5.000000000004857 99.75
1454 17.32050807568877 -5.000000000004857 104.5
1455 17.32050807568877 -5.000000000004857 109.25
1456 17.32050807568877 -5.000000000004857 114
1457 17.32050807568877 -5.000000000004857 118.75
1458 17.32050807568877 -5.000000000004857 123.5
1459 17.32050807568877 -5.000000000004857 128.25
1460 17.32050807568877 -5.000000000004857 133
1461 17.32050807568877 -5.000000000004857 137.75
1462 17.32050807568877 -5.000000000004857 142.5
1463 17.32050807568877 -5.000000000004857 147.25
1464 17.32050807568877 -5.000000000004857 152
1465 17.32050807568877 -5.000000000004857 156.75
1466 17.32050807568877 -5.000000000004857 161.5
1467 17.32050807568877 -5.000000000004857 166.25
1468 17.32050807568877 -5.000000000004857 171
1469 17.32050807568877 -5.000000000004857 175.75
1470 17.32050807568877 -5.000000000004857 180.5
1471 17.32050807568877 -5.000000000004857 185.25
1472 17.32050807568877 -1.110223024625157e-11 4.75
1473 17.32050807568877 -1.110223024625157e-11 9.5
1474 17.32050807568877 -1.110223024625157e-11 14.25
1475 17.32050807568877 -1.110223024625157e-11 19
1476 17.32050807568877 -1.110223024625157e-11 23.75
1477 17.32050807568877 -1.110223024625157e-11 28.5
1478 17.32050807568877 -1.110223024625157e-11 33.25
1479 17.32050807568877 -1.110223024625157e-11 38
1480 17.32050807568877 -1.110223024625157e-11 42.75
1481 17.32050807568877 -1.110223024625157e-11 47.5
1482 17.32050807568877 -1.110223024625157e-11 52.25000000000001
1483 17.32050807568877 -1.110223024625157e-11 57
1484 17.32050807568877 -1.110223024625157e-11 61.75
1485 17.32050807568877 -1.110223024625157e-11 66.5
1486 17.32050807568877 -1.110223024625157e-11 71.25
1487 17.32050807568877 -1.110223024625157e-11 76
1488 17.32050807568877 -1.110223024625157e-11 80.75
1489 17.32050807568877 -1.110223024625157e-11 85.5
1490 17.32050807568877 -1.110223024625157e-11 90.25
1491 17.32050807568877 -1.110223024625157e-11 95
1492 17.32050807568877 -1.110223024625157e-11 99.75
1493 17.32050807568877 -1.110223024625157e-11 104.5
1494 17.32050807568877 -1.110223024625157e-11 109.25
1495 17.32050807568877 -1.110223024625157e-11 114
1496 17.32050807568877 -1.110223024625157e-11 118.75
1497 17.32050807568877 -1.110223024625157e-11 123.5
1498 17.32050807568877 -1.110223024625157e-11 128.25
1499 17.32050807568877 -1.110223024625157e-11 133
1500 17.32050807568877 -1.110223024625157e-11 137.75
1501 17.32050807568877 -1.110223024625157e-11 142.5
1502 17.32050807568877 -1.110223024625157e-11 147.25
1503 17.32050807568877 -1.110223024625157e-11 152
1504 17.32050807568877 -1.110223024625157e-11 156.75
1505 17.32050807568877 -1.110223024625157e-11 161.5
1506 17.32050807568877 -1.110223024625157e-11 166.25
1507 17.32050807568877 -1.110223024625157e-11 171
1508 17.32050807568877 -1.110223024625157e-11 175.75
1509 17.32050807568877 -1.110223024625157e-11 180.5
1510 17.32050807568877 -1.110223024625157e-11 185.25
1511 17.32050807568877 4.999999999993756 4.75
1512 17.32050807568877 4.999999999993756 9.5
1513 17.32050807568877 4.999999999993756 14.25
1514 17.32050807568877 4.999999999993756 19
1515 17.32050807568877 4.999999999993756 23.75
1516 17.32050807568877 4.999999999993756 28.5
1517 17.32050807568877 4.999999999993756 33.25
1518 17.32050807568877 4.999999999993756 38
1519 17.32050807568877 4.999999999993756 42.75
1520 17.32050807568877 4.999999999993756 47.5
1521 17.32050807568877 4.999999999993756 52.25000000000001
1522 17.32050807568877 4.999999999993756 57
1523 17.32050807568877 4.999999999993756 61.75
1524 17.32050807568877 4.999999999993756 66.5
1525 17.32050807568877 4.999999999993756 71.25
1526 17.32050807568877 4.999999999993756 76
1527 17.32050807568877 4.999999999993756 80.75
1528 17.32050807568877 4.999999999993756 85.5
1529 17.32050807568877 4.999999999993756 90.25
1530 17.32050807568877 4.999999999993756 95
1531 17.32050807568877 4.999999999993756 99.75
1532 17.32050807568877 4.999999999993756 104.5
1533 17.32050807568877 4.999999999993756 109.25
1534 17.32050807568877 4.999999999993756 114
1535 17.32050807568877 4.999999999993756 118.75
1536 17.32050807568877 4.999999999993756 123.5
1537 17.32050807568877 4.999999999993756 128.25
1538 17.32050807568877 4.999999999993756 133
1539 17.32050807568877 4.999999999993756 137.75
1540 17.32050807568877 4.999999999993756 142.5
1541 17.32050807568877 4.999999999993756 147.25
1542 17.32050807568877 4.999999999993756 152
1543 17.32050807568877 4.999999999993756 156.75
1544 17.32050807568877 4.999999999993756 161.5
1545 17.32050807568877 4.999999999993756 166.25
1546 17.32050807568877 4.999999999993756 171
1547 17.32050807568877 4.999999999993756 175.75
1548 17.32050807568877 4.999999999993756 180.5
1549 17.32050807568877 4.999999999993756 185.25
1550 0 0 190
1551 -3.722670322348144 8.715840055260911 190
1552 3.722670322348144 -8.715840055260911 190
1553 0.4081426055043846 -13.79530566943621 190
1554 -8.258068423837603 -7.081612678922174 190
1555 13.50916957984254 -7.953686383932078 190
1556 8.258068423837603 7.081612678922174 190
1557 -13.50916957984254 7.953686383932078 190
1558 -0.4081426055043846 13.79530566943621 190
1559 -8.816097914919355 -0.8694939545162398 190
1560 8.816097914919355 0.8694939545162398 190
1561 -6.641475179321265 4.217966992344595 190
1562 6.641475179321265 -4.217966992344595 190
1563 1.887276083231843 8.306946215985326 190
1564 -1.887276083231843 -8.306946215985326 190
1565 5.217374674984268 12.11938864086816 190
1566 -5.217374674984268 -12.11938864086816 190
1567 4.017889513858509 3.513069803812702 190
1568 -4.017889513858509 -3.513069803812702 190
1569 1.751567765110108 -4.257047708322457 190
1570 -1.751567765110108 4.257047708322457 190
1571 9.160267818473482 -9.193999356468721 190
1572 -9.160267818473482 9.193999356468721 190
1573 -12.13062641402653 -4.357091810186268 190
1574 12.13062641402653 4.357091810186268 190
1575 9.687145114470383 11.11831968359776 190
1576 -9.687145114470383 -11.11831968359776 190
1577 -12.35894587879671 3.545537289787412 190
1578 12.35894587879671 -3.545537289787412 190
1579 -4.317412438291059 0.7389201338348677 190
1580 4.317412438291059 -0.7389201338348677 190
1581 12.98767478613291 8.385080755419784 190
1582 -12.98767478613291 -8.385080755419784 190
1583 13.58933727182403 1.33620969497955 190
1584 -13.58933727182403 -1.33620969497955 190
1585 -5.256292360615085 12.84102901623515 190
1586 5.256292360615085 -12.84102901623515 190
1587 12.99038105677082 12.49999999999755 190.8333333333333
1588 12.99038105677082 12.49999999999755 191.6666666666667
1589 12.99038105677082 12.49999999999755 192.5
1590 12.99038105677082 12.49999999999755 193.3333333333333
1591 12.99038105677082 12.49999999999755 194.1666666666667
1592 12.99038105677082 12.49999999999755 195
1593 12.99038105677082 12.49999999999755 195.8333333333333
1594 12.99038105677082 12.49999999999755 196.6666666666667
1595 12.99038105677082 12.49999999999755 197.5
1596 12.99038105677082 12.49999999999755 198.3333333333333
1597 12.99038105677082 12.49999999999755 199.1666666666667
1598 8.660254037861202 14.99999999999029 190.8333333333333
1599 8.660254037861202 14.99999999999029 191.6666666666667
1600 8.660254037861202 14.99999999999029 192.5
1601 8.660254037861202 14.99999999999029 193.3333333333333
1602 8.660254037861202 14.99999999999029 194.1666666666667
1603 8.660254037861202 14.99999999999029 195
1604 8.660254037861202 14.99999999999029 195.8333333333333
1605 8.660254037861202 14.99999999999029 196.6666666666667
1606 8.660254037861202 14.99999999999029 197.5
1607 8.660254037861202 14.99999999999029 198.3333333333333
1608 8.660254037861202 14.99999999999029 199.1666666666667
1609 4.330127018934927 17.49999999999265 190.8333333333333
1610 4.330127018934927 17.49999999999265 191.6666666666667
1611 4.330127018934927 17.49999999999265 192.5
1612 4.330127018934927 17.49999999999265 193.3333333333333
1613 4.330127018934927 17.49999999999265 194.1666666666667
1614 4.330127018934927 17.49999999999265 195
1615 4.330127018934927 17.49999999999265 195.8333333333333
1616 4.330127018934927 17.49999999999265 196.6666666666667
1617 4.330127018934927 17.49999999999265 197.5
1618 4.330127018934927 17.49999999999265 198.3333333333333
1619 4.330127018934927 17.49999999999265 199.1666666666667
1620 -4.33012701891689 17.50000000000306 190.8333333333333
1621 -4.33012701891689 17.50000000000306 191.6666666666667
1622 -4.33012701891689 17.50000000000306 192.5
1623 -4.33012701891689 17.50000000000306 193.3333333333333
1624 -4.33012701891689 17.50000000000306 194.1666666666667
1625 -4.33012701891689 17.50000000000306 195
1626 -4.33012701891689 17.50000000000306 195.8333333333333
1627 -4.33012701891689 17.50000000000306 196.6666666666667
1628 -4.33012701891689 17.50000000000306 197.5
1629 -4.33012701891689 17.50000000000306 198.3333333333333
1630 -4.33012701891689 17.50000000000306 199.1666666666667
1631 -8.660254037832523 15.00000000000685 190.8333333333333
1632 -8.660254037832523 15.00000000000685 191.6666666666667
1633 -8.660254037832523 15.00000000000685 192.5
1634 -8.660254037832523 15.00000000000685 193.3333333333333
1635 -8.660254037832523 15.00000000000685 194.1666666666667
1636 -8.660254037832523 15.00000000000685 195
1637 -8.660254037832523 15.00000000000685 195.8333333333333
1638 -8.660254037832523 15.00000000000685 196.6666666666667
1639 -8.660254037832523 15.00000000000685 197.5
1640 -8.660254037832523 15.00000000000685 198.3333333333333
1641 -8.660254037832523 15.00000000000685 199.1666666666667
1642 -12.99038105675648 12.50000000000583 190.8333333333333
1643 -12.99038105675648 12.50000000000583 191.6666666666667
1644 -12.99038105675648 12.50000000000583 192.5
1645 -12.99038105675648 12.50000000000583 193.3333333333333
1646 -12.99038105675648 12.50000000000583 194.1666666666667
1647 -12.99038105675648 12.50000000000583 195
1648 -12.99038105675648 12.50000000000583 195.8333333333333
1649 -12.99038105675648 12.50000000000583 196.6666666666667
1650 -12.99038105675648 12.50000000000583 197.5
1651 -12.99038105675648 12.50000000000583 198.3333333333333
1652 -12.99038105675648 12.50000000000583 199.1666666666667
1653 -17.32050807568877 5.000000000004857 190.8333333333333
1654 -17.32050807568877 5.000000000004857 191.6666666666667
1655 -17.32050807568877 5.000000000004857 192.5
1656 -17.32050807568877 5.000000000004857 193.3333333333333
1657 -17.32050807568877 5.000000000004857 194.1666666666667
1658 -17.32050807568877 5.000000000004857 195
1659 -17.32050807568877 5.000000000004857 195.8333333333333
1660 -17.32050807568877 5.000000000004857 196.6666666666667
1661 -17.32050807568877 5.000000000004857 197.5
1662 -17.32050807568877 5.000000000004857 198.3333333333333
1663 -17.32050807568877 5.000000000004857 199.1666666666667
1664 -17.32050807568877 1.110223024625157e-11 190.8333333333333
1665 -17.32050807568877 1.110223024625157e-11 191.6666666666667
1666 -17.32050807568877 1.110223024625157e-11 192.5
1667 -17.32050807568877 1.110223024625157e-11 193.3333333333333
1668 -17.32050807568877 1.110223024625157e-11 194.1666666666667
1669 -17.32050807568877 1.110223024625157e-11 195
1670 -17.32050807568877 1.110223024625157e-11 195.8333333333333
1671 -17.32050807568877 1.110223024625157e-11 196.6666666666667
1672 -17.32050807568877 1.110223024625157e-11 197.5
1673 -17.32050807568877 1.110223024625157e-11 198.3333333333333
1674 -17.32050807568877 1.110223024625157e-11 199.1666666666667
1675 -17.32050807568877 -4.999999999993756 190.8333333333333
1676 -17.32050807568877 -4.999999999993756 191.6666666666667
1677 -17.32050807568877 -4.999999999993756 192.5
1678 -17.32050807568877 -4.999999999993756 193.3333333333333
1679 -17.32050807568877 -4.999999999993756 194.1666666666667
1680 -17.32050807568877 -4.999999999993756 195
1681 -17.32050807568877 -4.999999999993756 195.8333333333333
1682 -17.32050807568877 -4.999999999993756 196.6666666666667
1683 -17.32050807568877 -4.999999999993756 197.5
1684 -17.32050807568877 -4.999999999993756 198.3333333333333
1685 -17.32050807568877 -4.999999999993756 199.1666666666667
1686 -12.99038105677082 -12.49999999999755 190.8333333333333
1687 -12.99038105677082 -12.49999999999755 191.6666666666667
1688 -12.99038105677082 -12.49999999999755 192.5
1689 -12.99038105677082 -12.49999999999755 193.3333333333333
1690 -12.99038105677082 -12.49999999999755 194.1666666666667
1691 -12.99038105677082 -12.49999999999755 195
1692 -12.99038105677082 -12.49999999999755 195.8333333333333
1693 -12.99038105677082 -12.49999999999755 196.6666666666667
1694 -12.99038105677082 -12.49999999999755 197.5
1695 -12.99038105677082 -12.49999999999755 198.3333333333333
1696 -12.99038105677082 -12.49999999999755 199.1666666666667
1697 -8.660254037861202 -14.99999999999029 190.8333333333333
1698 -8.660254037861202 -14.99999999999029 191.6666666666667
1699 -8.660254037861202 -14.99999999999029 192.5
1700 -8.660254037861202 -14.99999999999029 193.3333333333333
1701 -8.660254037861202 -14.99999999999029 194.1666666666667
1702 -8.660254037861202 -14.99999999999029 195
1703 -8.660254037861202 -14.99999999999029 195.8333333333333
1704 -8.660254037861202 -14.99999999999029 196.6666666666667
1705 -8.660254037861202 -14.99999999999029 197.5
1706 -8.660254037861202 -14.99999999999029 198.3333333333333
1707 -8.660254037861202 -14.99999999999029 199.1666666666667
1708 -4.330127018934927 -17.49999999999265 190.8333333333333
1709 -4.330127018934927 -17.49999999999265 191.6666666666667
1710 -4.330127018934927 -17.49999999999265 192.5
1711 -4.330127018934927 -17.49999999999265 193.3333333333333
1712 -4.330127018934927 -17.49999999999265 194.1666666666667
1713 -4.330127018934927 -17.49999999999265 195
1714 -4.330127018934927 -17.49999999999265 195.8333333333333
1715 -4.330127018934927 -17.49999999999265 196.6666666666667
1716 -4.330127018934927 -17.49999999999265 197.5
1717 -4.330127018934927 -17.49999999999265 198.3333333333333
1718 -4.330127018934927 -17.49999999999265 199.1666666666667
1719 4.33012701891689 -17.50000000000306 190.8333333333333
1720 4.33012701891689 -17.50000000000306 191.6666666666667
1721 4.33012701891689 -17.50000000000306 192.5
1722 4.33012701891689 -17.50000000000306 193.3333333333333
1723 4.33012701891689 -17.50000000000306 194.1666666666667
1724 4.33012701891689 -17.50000000000306 195
1725 4.33012701891689 -17.50000000000306 195.8333333333333
1726 4.33012701891689 -17.50000000000306 196.6666666666667
1727 4.33012701891689 -17.50000000000306 197.5
1728 4.33012701891689 -17.50000000000306 198.3333333333333
1729 4.33012701891689 -17.50000000000306 199.1666666666667
1730 8.660254037832523 -15.00000000000685 190.8333333333333
1731 8.660254037832523 -15.00000000000685 191.6666666666667
1732 8.660254037832523 -15.00000000000685 192.5
1733 8.660254037832523 -15.00000000000685 193.3333333333333
1734 8.660254037832523 -15.00000000000685 194.1666666666667
1735 8.660254037832523 -15.00000000000685 195
1736 8.660254037832523 -15.00000000000685 195.8333333333333
1737 8.660254037832523 -15.00000000000685 196.6666666666667
1738 8.660254037832523 -15.00000000000685 197.5
1739 8.660254037832523 -15.00000000000685 198.3333333333333
1740 8.660254037832523 -15.00000000000685 199.1666666666667
1741 12.99038105675648 -12.50000000000583 190.8333333333333
1742 12.99038105675648 -12.50000000000583 191.6666666666667
1743 12.99038105675648 -12.50000000000583 192.5
1744 12.99038105675648 -12.50000000000583 193.3333333333333
1745 12.99038105675648 -12.50000000000583 194.1666666666667
1746 12.99038105675648 -12.50000000000583 195
1747 12.99038105675648 -12.50000000000583 195.8333333333333
1748 12.99038105675648 -12.50000000000583 196.6666666666667
1749 12.99038105675648 -12.50000000000583 197.5
1750 12.99038105675648 -12.50000000000583 198.3333333333333
1751 12.99038105675648 -12.50000000000583 199.1666666666667
1752 17.32050807568877 -5.000000000004857 190.8333333333333
1753 17.32050807568877 -5.000000000004857 191.6666666666667
1754 17.32050807568877 -5.000000000004857 192.5
1755 17.32050807568877 -5.000000000004857 193.3333333333333
1756 17.32050807568877 -5.000000000004857 194.1666666666667
1757 17.32050807568877 -5.000000000004857 195
1758 17.32050807568877 -5.000000000004857 195.8333333333333
1759 17.32050807568877 -5.000000000004857 196.6666666666667
1760 17.32050807568877 -5.000000000004857 197.5
1761 17.32050807568877 -5.000000000004857 198.3333333333333
1762 17.32050807568877 -5.000000000004857 199.1666666666667
1763 17.32050807568877 -1.110223024625157e-11 190.8333333333333
1764 17.32050807568877 -1.110223024625157e-11 191.6666666666667
1765 17.32050807568877 -1.110223024625157e-11 192.5
1766 17.32050807568877 -1.110223024625157e-11 193.3333333333333
1767 17.32050807568877 -1.110223024625157e-11 194.1666666666667
1768 17.32050807568877 -1.110223024625157e-11 195
1769 17.32050807568877 -1.110223024625157e-11 195.8333333333333
1770 17.32050807568877 -1.110223024625157e-11 196.6666666666667
1771 17.32050807568877 -1.110223024625157e-11 197.5
1772 17.32050807568877 -1.110223024625157e-11 198.3333333333333
1773 17.32050807568877 -1.110223024625157e-11 199.1666666666667
1774 17.32050807568877 4.999999999993756 190.8333333333333
1775 17.32050807568877 4.999999999993756 191.6666666666667
1776 17.32050807568877 4.999999999993756 192.5
1777 17.32050807568877 4.999999999993756 193.3333333333333
1778 17.32050807568877 4.999999999993756 194.1666666666667
1779 17.32050807568877 4.999999999993756 195
1780 17.32050807568877 4.999999999993756 195.8333333333333
1781 17.32050807568877 4.999999999993756 196.6666666666667
1782 17.32050807568877 4.999999999993756 197.5
1783 17.32050807568877 4.999999999993756 198.3333333333333
1784 17.32050807568877 4.999999999993756 199.1666666666667
1785 0 0 200
1786 -3.722670322348144 8.715840055260911 200
1787 3.722670322348144 -8.715840055260911 200
1788 0.4081426055043846 -13.79530566943621 200
1789 -8.258068423837603 -7.081612678922174 200
1790 13.50916957984254 -7.953686383932078 200
1791 8.258068423837603 7.081612678922174 200
1792 -13.50916957984254 7.953686383932078 200
1793 -0.4081426055043846 13.79530566943621 200
1794 -8.816097914919355 -0.8694939545162398 200
1795 8.816097914919355 0.8694939545162398 200
1796 -6.641475179321265 4.217966992344595 200
1797 6.641475179321265 -4.217966992344595 200
1798 1.887276083231843 8.306946215985326 200
1799 -1.887276083231843 -8.306946215985326 200
1800 5.217374674984268 12.11938864086816 200
1801 -5.217374674984268 -12.11938864086816 200
1802 4.017889513858509 3.513069803812702 200
1803 -4.017889513858509 -3.513069803812702 200
1804 1.751567765110108 -4.257047708322457 200
1805 -1.751567765110108 4.257047708322457 200
1806 9.160267818473482 -9.193999356468721 200
1807 -9.160267818473482 9.193999356468721 200
1808 -12.13062641402653 -4.357091810186268 200
1809 12.13062641402653 4.357091810186268 200
1810 9.687145114470383 11.11831968359776 200
1811 -9.687145114470383 -11.11831968359776 200
1812 -12.35894587879671 3.545537289787412 200
1813 12.35894587879671 -3.545537289787412 200
1814 -4.317412438291059 0.7389201338348677 200
1815 4.317412438291059 -0.7389201338348677 200
1816 12.98767478613291 8.385080755419784 200
1817 -12.98767478613291 -8.385080755419784 200
1818 13.58933727182403 1.33620969497955 200
1819 -13.58933727182403 -1.33620969497955 200
1820 -5.256292360615085 12.84102901623515 200
1821 5.256292360615085 -12.84102901623515 200
1822 12.99038105677082 12.49999999999755 200.25
1823 12.99038105677082 12.49999999999755 200.5
1824 12.99038105677082 12.49999999999755 200.75
1825 12.99038105677082 12.49999999999755 201
1826 12.99038105677082 12.49999999999755 201.25
1827 12.99038105677082 12.49999999999755 201.5
1828 12.99038105677082 12.49999999999755 201.75
1829 12.99038105677082 12.49999999999755 202
1830 12.99038105677082 12.49999999999755 202.25
1831 12.99038105677082 12.49999999999755 202.5
1832 12.99038105677082 12.49999999999755 202.75
1833 8.660254037861202 14.99999999999029 200.25
1834 8.660254037861202 14.99999999999029 200.5
1835 8.660254037861202 14.99999999999029 200.75
1836 8.660254037861202 14.99999999999029 201
1837 8.660254037861202 14.99999999999029 201.25
1838 8.660254037861202 14.99999999999029 201.5
1839 8.660254037861202 14.99999999999029 201.75
1840 8.660254037861202 14.99999999999029 202
1841 8.660254037861202 14.99999999999029 202.25
1842 8.660254037861202 14.99999999999029 202.5
1843 8.660254037861202 14.99999999999029 202.75
1844 4.330127018934927 17.49999999999265 200.25
1845 4.330127018934927 17.49999999999265 200.5
1846 4.330127018934927 17.49999999999265 200.75
1847 4.330127018934927 17.49999999999265 201
1848 4.330127018934927 17.49999999999265 201.25
1849 4.330127018934927 17.49999999999265 201.5
1850 4.330127018934927 17.49999999999265 201.75
1851 4.330127018934927 17.49999999999265 202
1852 4.330127018934927 17.49999999999265 202.25
1853 4.330127018934927 17.49999999999265 202.5
1854 4.330127018934927 17.49999999999265 202.75
1855 -4.33012701891689 17.50000000000306 200.25
1856 -4.33012701891689 17.50000000000306 200.5
1857 -4.33012701891689 17.50000000000306 200.75
1858 -4.33012701891689 17.50000000000306 201
1859 -4.33012701891689 17.50000000000306 201.25
1860 -4.33012701891689 17.50000000000306 201.5
1861 -4.33012701891689 17.50000000000306 201.75
1862 -4.33012701891689 17.50000000000306 202
1863 -4.33012701891689 17.50000000000306 202.25
1864 -4.33012701891689 17.50000000000306 202.5
1865 -4.33012701891689 17.50000000000306 202.75
1866 -8.660254037832523 15.00000000000685 200.25
1867 -8.660254037832523 15.00000000000685 200.5
1868 -8.660254037832523 15.00000000000685 200.75
1869 -8.660254037832523 15.00000000000685 201
1870 -8.660254037832523 15.00000000000685 201.25
1871 -8.660254037832523 15.00000000000685 201.5
1872 -8.660254037832523 15.00000000000685 201.75
1873 -8.660254037832523 15.00000000000685 202
1874 -8.660254037832523 15.00000000000685 202.25
1875 -8.660254037832523 15.00000000000685 202.5
1876 -8.660254037832523 15.00000000000685 202.75
1877 -12.99038105675648 12.50000000000583 200.25
1878 -12.99038105675648 12.50000000000583 200.5
1879 -12.99038105675648 12.50000000000583 200.75
1880 -12.99038105675648 12.50000000000583 201
1881 -12.99038105675648 12.50000000000583 201.25
1882 -12.99038105675648 12.50000000000583 201.5
1883 -12.99038105675648 12.50000000000583 201.75
1884 -12.99038105675648 12.50000000000583 202
1885 -12.99038105675648 12.50000000000583 202.25
1886 -12.99038105675648 12.50000000000583 202.5
1887 -12.99038105675648 12.50000000000583 202.75
1888 -17.32050807568877 5.000000000004857 200.25
1889 -17.32050807568877 5.000000000004857 200.5
1890 -17.32050807568877 5.000000000004857 200.75
1891 -17.32050807568877 5.000000000004857 201
1892 -17.32050807568877 5.000000000004857 201.25
1893 -17.32050807568877 5.000000000004857 201.5
1894 -17.32050807568877 5.000000000004857 201.75
1895 -17.32050807568877 5.000000000004857 202
1896 -17.32050807568877 5.000000000004857 202.25
1897 -17.32050807568877 5.000000000004857 202.5
1898 -17.32050807568877 5.000000000004857 202.75
1899 -17.32050807568877 1.110223024625157e-11 200.25
1900 -17.32050807568877 1.110223024625157e-11 200.5
1901 -17.32050807568877 1.110223024625157e-11 200.75
1902 -17.32050807568877 1.110223024625157e-11 201
1903 -17.32050807568877 1.110223024625157e-11 201.25
1904 -17.32050807568877 1.110223024625157e-11 201.5
1905 -17.32050807568877 1.110223024625157e-11 201.75
1906 -17.32050807568877 1.110223024625157e-11 202
1907 -17.32050807568877 1.110223024625157e-11 202.25
1908 -17.32050807568877 1.110223024625157e-11 202.5
1909 -17.32050807568877 1.110223024625157e-11 202.75
1910 -17.32050807568877 -4.999999999993756 200.25
1911 -17.32050807568877 -4.999999999993756 200.5
1912 -17.32050807568877 -4.999999999993756 200.75
1913 -17.32050807568877 -4.999999999993756 201
1914 -17.32050807568877 -4.999999999993756 201.25
1915 -17.32050807568877 -4.999999999993756 201.5
1916 -17.32050807568877 -4.999999999993756 201.75
1917 -17.32050807568877 -4.999999999993756 202
1918 -17.32050807568877 -4.999999999993756 202.25
1919 -17.32050807568877 -4.999999999993756 202.5
1920 -17.32050807568877 -4.999999999993756 202.75
1921 -12.99038105677082 -12.49999999999755 200.25
1922 -12.99038105677082 -12.49999999999755 200.5
1923 -12.99038105677082 -12.49999999999755 200.75
1924 -12.99038105677082 -12.49999999999755 201
1925 -12.99038105677082 -12.49999999999755 201.25
1926 -12.99038105677082 -12.49999999999755 201.5
1927 -12.99038105677082 -12.49999999999755 201.75
1928 -12.99038105677082 -12.49999999999755 202
1929 -12.99038105677082 -12.49999999999755 202.25
1930 -12.99038105677082 -12.49999999999755 202.5
1931 -12.99038105677082 -12.49999999999755 202.75
1932 -8.660254037861202 -14.99999999999029 200.25
1933 -8.660254037861202 -14.99999999999029 200.5
1934 -8.660254037861202 -14.99999999999029 200.75
1935 -8.660254037861202 -14.99999999999029 201
1936 -8.660254037861202 -14.99999999999029 201.25
1937 -8.660254037861202 -14.99999999999029 201.5
1938 -8.660254037861202 -14.99999999999029 201.75
1939 -8.660254037861202 -14.99999999999029 202
1940 -8.660254037861202 -14.99999999999029 202.25
1941 -8.660254037861202 -14.99999999999029 202.5
1942 -8.660254037861202 -14.99999999999029 202.75
1943 -4.330127018934927 -17.49999999999265 200.25
1944 -4.330127018934927 -17.49999999999265 200.5
1945 -4.330127018934927 -17.49999999999265 200.75
1946 -4.330127018934927 -17.49999999999265 201
1947 -4.330127018934927 -17.49999999999265 201.25
1948 -4.330127018934927 -17.49999999999265 201.5
1949 -4.330127018934927 -17.49999999999265 201.75
1950 -4.330127018934927 -17.49999999999265 202
1951 -4.330127018934927 -17.49999999999265 202.25
1952 -4.330127018934927 -17.49999999999265 202.5
1953 -4.330127018934927 -17.49999999999265 202.75
1954 4.33012701891689 -17.50000000000306 200.25
1955 4.33012701891689 -17.50000000000306 200.5
1956 4.33012701891689 -17.50000000000306 200.75
1957 4.33012701891689 -17.50000000000306 201
1958 4.33012701891689 -17.50000000000306 201.25
1959 4.33012701891689 -17.50000000000306 201.5
1960 4.33012701891689 -17.50000000000306 201.75
1961 4.33012701891689 -17.50000000000306 202
1962 4.33012701891689 -17.50000000000306 202.25
1963 4.33012701891689 -17.50000000000306 202.5
1964 4.33012701891689 -17.50000000000306 202.75
1965 8.660254037832523 -15.00000000000685 200.25
1966 8.660254037832523 -15.00000000000685 200.5
1967 8.660254037832523 -15.00000000000685 200.75
1968 8.660254037832523 -15.00000000000685 201
1969 8.660254037832523 -15.00000000000685 201.25
1970 8.660254037832523 -15.00000000000685 201.5
1971 8.660254037832523 -15.00000000000685 201.75
1972 8.660254037832523 -15.00000000000685 202
1973 8.660254037832523 -15.00000000000685 202.25
1974 8.660254037832523 -15.00000000000685 202.5
1975 8.660254037832523 -15.00000000000685 202.75
1976 12.99038105675648 -12.50000000000583 200.25
1977 12.99038105675648 -12.50000000000583 200.5
1978 12.99038105675648 -12.50000000000583 200.75
1979 12.99038105675648 -12.50000000000583 201
1980 12.99038105675648 -12.50000000000583 201.25
1981 12.99038105675648 -12.50000000000583 201.5
1982 12.99038105675648 -12.50000000000583 201.75
1983 12.99038105675648 -12.50000000000583 202
1984 12.99038105675648 -12.50000000000583 202.25
1985 12.99038105675648 -12.50000000000583 202.5
1986 12.99038105675648 -12.50000000000583 202.75
1987 17.32050807568877 -5.000000000004857 200.25
1988 17.32050807568877 -5.000000000004857 200.5
1989 17.32050807568877 -5.000000000004857 200.75
1990 17.32050807568877 -5.000000000004857 201
1991 17.32050807568877 -5.000000000004857 201.25
1992 17.32050807568877 -5.000000000004857 201.5
1993 17.32050807568877 -5.000000000004857 201.75
1994 17.32050807568877 -5.000000000004857 202
1995 17.32050807568877 -5.000000000004857 202.25
1996 17.32050807568877 -5.000000000004857 202.5
1997 17.32050807568877 -5.000000000004857 202.75
1998 17.32050807568877 -1.110223024625157e-11 200.25
1999 17.32050807568877 -1.110223024625157e-11 200.5
2000 17.32050807568877 -1.110223024625157e-11 200.75
2001 17.32050807568877 -1.110223024625157e-11 201
2002 17.32050807568877 -1.110223024625157e-11 201.25
2003 17.32050807568877 -1.110223024625157e-11 201.5
2004 17.32050807568877 -1.110223024625157e-11 201.75
2005 17.32050807568877 -1.110223024625157e-11 202
2006 17.32050807568877 -1.110223024625157e-11 202.25
2007 17.32050807568877 -1.110223024625157e-11 202.5
2008 17.32050807568877 -1.110223024625157e-11 202.75
2009 17.32050807568877 4.999999999993756 200.25
2010 17.32050807568877 4.999999999993756 200.5
2011 17.32050807568877 4.999999999993756 200.75
2012 17.32050807568877 4.999999999993756 201
2013 17.32050807568877 4.999999999993756 201.25
2014 17.32050807568877 4.999999999993756 201.5
2015 17.32050807568877 4.999999999993756 201.75
2016 17.32050807568877 4.999999999993756 202
2017 17.32050807568877 4.999999999993756 202.25
2018 17.32050807568877 4.999999999993756 202.5
2019 17.32050807568877 4.999999999993756 202.75
2020 0 0 203
2021 -3.722670322348144 8.715840055260911 203
2022 3.722670322348144 -8.715840055260911 203
2023 0.4081426055043846 -13.79530566943621 203
2024 -8.258068423837603 -7.081612678922174 203
2025 13.50916957984254 -7.953686383932078 203
2026 8.258068423837603 7.081612678922174 203
2027 -13.50916957984254 7.953686383932078 203
2028 -0.4081426055043846 13.79530566943621 203
2029 -8.816097914919355 -0.8694939545162398 203
2030 8.816097914919355 0.8694939545162398 203
2031 -6.641475179321265 4.217966992344595 203
2032 6.641475179321265 -4.217966992344595 203
2033 1.887276083231843 8.306946215985326 203
2034 -1.887276083231843 -8.306946215985326 203
2035 5.217374674984268 12.11938864086816 203
2036 -5.217374674984268 -12.11938864086816 203
2037 4.017889513858509 3.513069803812702 203
2038 -4.017889513858509 -3.513069803812702 203
2039 1.751567765110108 -4.257047708322457 203
2040 -1.751567765110108 4.257047708322457 203
2041 9.160267818473482 -9.193999356468721 203
2042 -9.160267818473482 9.193999356468721 203
2043 -12.13062641402653 -4.357091810186268 203
2044 12.13062641402653 4.357091810186268 203
2045 9.687145114470383 11.11831968359776 203
2046 -9.687145114470383 -11.11831968359776 203
2047 -12.35894587879671 3.545537289787412 203
2048 12.35894587879671 -3.545537289787412 203
2049 -4.317412438291059 0.7389201338348677 203
2050 4.317412438291059 -0.7389201338348677 203
2051 12.98767478613291 8.385080755419784 203
2052 -12.98767478613291 -8.385080755419784 203
2053 13.58933727182403 1.33620969497955 203
2054 -13.58933727182403 -1.33620969497955 203
2055 -5.256292360615085 12.84102901623515 203
2056 5.256292360615085 -12.84102901623515 203
2057 12.99038105677082 12.49999999999755 203.8333333333333
2058 12.99038105677082 12.49999999999755 204.6666666666667
2059 12.99038105677082 12.49999999999755 205.5
2060 12.99038105677082 12.49999999999755 206.3333333333333
2061 12.99038105677082 12.49999999999755 207.1666666666667
2062 12.99038105677082 12.49999999999755 208
2063 12.99038105677082 12.49999999999755 208.8333333333333
2064 12.99038105677082 12.49999999999755 209.6666666666667
2065 12.99038105677082 12.49999999999755 210.5
2066 12.99038105677082 12.49999999999755 211.3333333333333
2067 12.99038105677082 12.49999999999755 212.1666666666667
2068 8.660254037861202 14.99999999999029 203.8333333333333
2069 8.660254037861202 14.99999999999029 204.6666666666667
2070 8.660254037861202 14.99999999999029 205.5
2071 8.660254037861202 14.99999999999029 206.3333333333333
2072 8.660254037861202 14.99999999999029 207.1666666666667
2073 8.660254037861202 14.99999999999029 208
2074 8.660254037861202 14.99999999999029 208.8333333333333
2075 8.660254037861202 14.99999999999029 209.6666666666667
2076 8.660254037861202 14.99999999999029 210.5
2077 8.660254037861202 14.99999999999029 211.3333333333333
2078 8.660254037861202 14.99999999999029 212.1666666666667
2079 4.330127018934927 17.49999999999265 203.8333333333333
2080 4.330127018934927 17.49999999999265 204.6666666666667
2081 4.330127018934927 17.49999999999265 205.5
2082 4.330127018934927 17.49999999999265 206.3333333333333
2083 4.330127018934927 17.49999999999265 207.1666666666667
2084 4.330127018934927 17.49999999999265 208
2085 4.330127018934927 17.49999999999265 208.8333333333333
2086 4.330127018934927 17.49999999999265 209.6666666666667
2087 4.330127018934927 17.49999999999265 210.5
2088 4.330127018934927 17.49999999999265 211.3333333333333
2089 4.330127018934927 17.49999999999265 212.1666666666667
2090 -4.33012701891689 17.50000000000306 203.8333333333333
2091 -4.33012701891689 17.50000000000306 204.6666666666667
2092 -4.33012701891689 17.50000000000306 205.5
2093 -4.33012701891689 17.50000000000306 206.3333333333333
2094 -4.33012701891689 17.50000000000306 207.1666666666667
2095 -4.33012701891689 17.50000000000306 208
2096 -4.33012701891689 17.50000000000306 208.8333333333333
2097 -4.33012701891689 17.50000000000306 209.6666666666667
2098 -4.33012701891689 17.50000000000306 210.5
2099 -4.33012701891689 17.50000000000306 211.3333333333333
2100 -4.33012701891689 17.50000000000306 212.1666666666667
2101 -8.660254037832523 15.00000000000685 203.8333333333333
2102 -8.660254037832523 15.00000000000685 204.6666666666667
2103 -8.660254037832523 15.00000000000685 205.5
2104 -8.660254037832523 15.00000000000685 206.3333333333333
2105 -8.660254037832523 15.00000000000685 207.1666666666667
2106 -8.660254037832523 15.00000000000685 208
2107 -8.660254037832523 15.00000000000685 208.8333333333333
2108 -8.660254037832523 15.00000000000685 209.6666666666667
2109 -8.660254037832523 15.00000000000685 210.5
2110 -8.660254037832523 15.00000000000685 211.3333333333333
2111 -8.660254037832523 15.00000000000685 212.1666666666667
2112 -12.99038105675648 12.50000000000583 203.8333333333333
2113 -12.99038105675648 12.50000000000583 204.6666666666667
2114 -12.99038105675648 12.50000000000583 205.5
2115 -12.99038105675648 12.50000000000583 206.3333333333333
2116 -12.99038105675648 12.50000000000583 207.1666666666667
2117 -12.99038105675648 12.50000000000583 208
2118 -12.99038105675648 12.50000000000583 208.8333333333333
2119 -12.99038105675648 12.50000000000583 209.6666666666667
2120 -12.99038105675648 12.50000000000583 210.5
2121 -12.99038105675648 12.50000000000583 211.3333333333333
2122 -12.99038105675648 12.50000000000583 212.1666666666667
2123 -17.32050807568877 5.000000000004857 203.8333333333333
2124 -17.32050807568877 5.000000000004857 204.6666666666667
2125 -17.32050807568877 5.000000000004857 205.5
2126 -17.32050807568877 5.000000000004857 206.3333333333333
2127 -17.32050807568877 5.000000000004857 207.1666666666667
2128 -17.32050807568877 5.000000000004857 208
2129 -17.32050807568877 5.000000000004857 208.8333333333333
2130 -17.32050807568877 5.000000000004857 209.6666666666667
2131 -17.32050807568877 5.000000000004857 210.5
2132 -17.32050807568877 5.000000000004857 211.3333333333333
2133 -17.32050807568877 5.000000000004857 212.1666666666667
2134 -17.32050807568877 1.110223024625157e-11 203.8333333333333
2135 -17.32050807568877 1.110223024625157e-11 204.6666666666667
2136 -17.32050807568877 1.110223024625157e-11 205.5
2137 -17.32050807568877 1.110223024625157e-11 206.3333333333333
2138 -17.32050807568877 1.110223024625157e-11 207.1666666666667
2139 -17.32050807568877 1.110223024625157e-11 208
2140 -17.32050807568877 1.110223024625157e-11 208.8333333333333
2141 -17.32050807568877 1.110223024625157e-11 209.6666666666667
2142 -17.32050807568877 1.110223024625157e-11 210.5
2143 -17.32050807568877 1.110223024625157e-11 211.3333333333333
2144 -17.32050807568877 1.110223024625157e-11 212.1666666666667
2145 -17.32050807568877 -4.999999999993756 203.8333333333333
2146 -17.32050807568877 -4.999999999993756 204.6666666666667
2147 -17.32050807568877 -4.999999999993756 205.5
2148 -17.32050807568877 -4.999999999993756 206.3333333333333
2149 -17.32050807568877 -4.999999999993756 207.1666666666667
2150 -17.32050807568877 -4.999999999993756 208
2151 -17.32050807568877 -4.999999999993756 208.8333333333333
2152 -17.32050807568877 -4.999999999993756 209.6666666666667
2153 -17.32050807568877 -4.999999999993756 210.5
2154 -17.32050807568877 -4.999999999993756 211.3333333333333
2155 -17.32050807568877 -4.999999999993756 212.1666666666667
2156 -12.99038105677082 -12.49999999999755 203.8333333333333
2157 -12.99038105677082 -12.49999999999755 204.6666666666667
2158 -12.99038105677082 -12.49999999999755 205.5
2159 -12.99038105677082 -12.49999999999755 206.3333333333333
2160 -12.99038105677082 -12.49999999999755 207.1666666666667
2161 -12.99038105677082 -12.49999999999755 208
2162 -12.99038105677082 -12.49999999999755 208.8333333333333
2163 -12.99038105677082 -12.49999999999755 209.6666666666667
2164 -12.99038105677082 -12.49999999999755 210.5
2165 -12.99038105677082 -12.49999999999755 211.3333333333333
2166 -12.99038105677082 -12.49999999999755 212.1666666666667
2167 -8.660254037861202 -14.99999999999029 203.8333333333333
2168 -8.660254037861202 -14.99999999999029 204.6666666666667
2169 -8.660254037861202 -14.99999999999029 205.5
2170 -8.660254037861202 -14.99999999999029 206.3333333333333
2171 -8.660254037861202 -14.99999999999029 207.1666666666667
2172 -8.660254037861202 -14.99999999999029 208
2173 -8.660254037861202 -14.99999999999029 208.8333333333333
2174 -8.660254037861202 -14.99999999999029 209.6666666666667
2175 -8.660254037861202 -14.99999999999029 210.5
2176 -8.660254037861202 -14.99999999999029 211.3333333333333
2177 -8.660254037861202 -14.99999999999029 212.1666666666667
2178 -4.330127018934927 -17.49999999999265 203.8333333333333
2179 -4.330127018934927 -17.49999999999265 204.6666666666667
2180 -4.330127018934927 -17.49999999999265 205.5
2181 -4.330127018934927 -17.49999999999265 206.3333333333333
2182 -4.330127018934927 -17.49999999999265 207.1666666666667
2183 -4.330127018934927 -17.49999999999265 208
2184 -4.330127018934927 -17.49999999999265 208.8333333333333
2185 -4.330127018934927 -17.49999999999265 209.6666666666667
2186 -4.330127018934927 -17.49999999999265 210.5
2187 -4.330127018934927 -17.49999999999265 211.3333333333333
2188 -4.330127018934927 -17.49999999999265 212.1666666666667
2189 4.33012701891689 -17.50000000000306 203.8333333333333
2190 4.33012701891689 -17.50000000000306 204.6666666666667
2191 4.33012701891689 -17.50000000000306 205.5
2192 4.33012701891689 -17.50000000000306 206.3333333333333
2193 4.33012701891689 -17.50000000000306 207.1666666666667
2194 4.33012701891689 -17.50000000000306 208
2195 4.33012701891689 -17.50000000000306 208.8333333333333
2196 4.33012701891689 -17.50000000000306 209.6666666666667
2197 4.33012701891689 -17.50000000000306 210.5
2198 4.33012701891689 -17.50000000000306 211.3333333333333
2199 4.33012701891689 -17.50000000000306 212.1666666666667
2200 8.660254037832523 -15.00000000000685 203.8333333333333
2201 8.660254037832523 -15.00000000000685 204.6666666666667
2202 8.660254037832523 -15.00000000000685 205.5
2203 8.660254037832523 -15.00000000000685 206.3333333333333
2204 8.660254037832523 -15.00000000000685 207.1666666666667
2205 8.660254037832523 -15.00000000000685 208
2206 8.660254037832523 -15.00000000000685 208.8333333333333
2207 8.660254037832523 -15.00000000000685 209.6666666666667
2208 8.660254037832523 -15.00000000000685 210.5
2209 8.660254037832523 -15.00000000000685 211.3333333333333
2210 8.660254037832523 -15.00000000000685 212.1666666666667
2211 12.99038105675648 -12.50000000000583 203.8333333333333
2212 12.99038105675648 -12.50000000000583 204.6666666666667
2213 12.99038105675648 -12.50000000000583 205.5
2214 12.99038105675648 -12.50000000000583 206.3333333333333
2215 12.99038105675648 -12.50000000000583 207.1666666666667
2216 12.99038105675648 -12.50000000000583 208
2217 12.99038105675648 -12.50000000000583 208.8333333333333
2218 12.99038105675648 -12.50000000000583 209.6666666666667
2219 12.99038105675648 -12.50000000000583 210.5
2220 12.99038105675648 -12.50000000000583 211.3333333333333
2221 12.99038105675648 -12.50000000000583 212.1666666666667
2222 17.32050807568877 -5.000000000004857 203.8333333333333
2223 17.32050807568877 -5.000000000004857 204.6666666666667
2224 17.32050807568877 -5.000000000004857 205.5
2225 17.32050807568877 -5.000000000004857 206.3333333333333
2226 17.32050807568877 -5.000000000004857 207.1666666666667
2227 17.32050807568877 -5.000000000004857 208
2228 17.32050807568877 -5.000000000004857 208.8333333333333
2229 17.32050807568877 -5.000000000004857 209.6666666666667
2230 17.32050807568877 -5.000000000004857 210.5
2231 17.32050807568877 -5.000000000004857 211.3333333333333
2232 17.32050807568877 -5.000000000004857 212.1666666666667
2233 17.32050807568877 -1.110223024625157e-11 203.8333333333333
2234 17.32050807568877 -1.110223024625157e-11 204.6666666666667
2235 17.32050807568877 -1.110223024625157e-11 205.5
2236 17.32050807568877 -1.110223024625157e-11 206.3333333333333
2237 17.32050807568877 -1.110223024625157e-11 207.1666666666667
2238 17.32050807568877 -1.110223024625157e-11 208
2239 17.32050807568877 -1.110223024625157e-11 208.8333333333333
2240 17.32050807568877 -1.110223024625157e-11 209.6666666666667
2241 17.32050807568877 -1.110223024625157e-11 210.5
2242 17.32050807568877 -1.110223024625157e-11 211.3333333333333
2243 17.32050807568877 -1.110223024625157e-11 212.1666666666667
2244 17.32050807568877 4.999999999993756 203.8333333333333
2245 17.32050807568877 4.999999999993756 204.6666666666667
2246 17.32050807568877 4.999999999993756 205.5
2247 17.32050807568877 4.999999999993756 206.3333333333333
2248 17.32050807568877 4.999999999993756 207.1666666666667
2249 17.32050807568877 4.999999999993756 208
2250 17.32050807568877 4.999999999993756 208.8333333333333
2251 17.32050807568877 4.999999999993756 209.6666666666667
2252 17.32050807568877 4.999999999993756 210.5
2253 17.32050807568877 4.999999999993756 211.3333333333333
2254 17.32050807568877 4.999999999993756 212.1666666666667
2255 0 0 213
2256 -3.722670322348144 8.715840055260911 213
2257 3.722670322348144 -8.715840055260911 213
2258 0.4081426055043846 -13.79530566943621 213
2259 -8.258068423837603 -7.081612678922174 213
2260 13.50916957984254 -7.953686383932078 213
2261 8.258068423837603 7.081612678922174 213
2262 -13.50916957984254 7.953686383932078 213
2263 -0.4081426055043846 13.79530566943621 213
2264 -8.816097914919355 -0.8694939545162398 213
2265 8.816097914919355 0.8694939545162398 213
2266 -6.641475179321265 4.217966992344595 213
2267 6.641475179321265 -4.217966992344595 213
2268 1.887276083231843 8.306946215985326 213
2269 -1.887276083231843 -8.306946215985326 213
2270 5.217374674984268 12.11938864086816 213
2271 -5.217374674984268 -12.11938864086816 213
2272 4.017889513858509 3.513069803812702 213
2273 -4.017889513858509 -3.513069803812702 213
2274 1.751567765110108 -4.257047708322457 213
2275 -1.751567765110108 4.257047708322457 213
2276 9.160267818473482 -9.193999356468721 213
2277 -9.160267818473482 9.193999356468721 213
2278 -12.13062641402653 -4.357091810186268 213
2279 12.13062641402653 4.357091810186268 213
2280 9.687145114470383 11.11831968359776 213
2281 -9.687145114470383 -11.11831968359776 213
2282 -12.35894587879671 3.545537289787412 213
2283 12.35894587879671 -3.545537289787412 213
2284 -4.317412438291059 0.7389201338348677 213
2285 4.317412438291059 -0.7389201338348677 213
2286 12.98767478613291 8.385080755419784 213
2287 -12.98767478613291 -8.385080755419784 213
2288 13.58933727182403 1.33620969497955 213
2289 -13.58933727182403 -1.33620969497955 213
2290 -5.256292360615085 12.84102901623515 213
2291 5.256292360615085 -12.84102901623515 213
2292 12.99038105677082 12.49999999999755 217.75
2293 12.99038105677082 12.49999999999755 222.5
2294 12.99038105677082 12.49999999999755 227.25
2295 12.99038105677082 12.49999999999755 232
2296 12.99038105677082 12.49999999999755 236.75
2297 12.99038105677082 12.49999999999755 241.5
2298 12.99038105677082 12.49999999999755 246.25
2299 12.99038105677082 12.49999999999755 251
2300 12.99038105677082 12.49999999999755 255.75
2301 12.99038105677082 12.49999999999755 260.5
2302 12.99038105677082 12.49999999999755 265.25
2303 12.99038105677082 12.49999999999755 270
2304 12.99038105677082 12.49999999999755 274.75
2305 12.99038105677082 12.49999999999755 279.5
2306 12.99038105677082 12.49999999999755 284.25
2307 12.99038105677082 12.49999999999755 289
2308 12.99038105677082 12.49999999999755 293.75
2309 12.99038105677082 12.49999999999755 298.5
2310 12.99038105677082 12.49999999999755 303.25
2311 12.99038105677082 12.49999999999755 308
2312 12.99038105677082 12.49999999999755 312.75
2313 12.99038105677082 12.49999999999755 317.5
2314 12.99038105677082 12.49999999999755 322.25
2315 12.99038105677082 12.49999999999755 327
2316 12.99038105677082 12.49999999999755 331.75
2317 12.99038105677082 12.49999999999755 336.5
2318 12.99038105677082 12.49999999999755 341.25
2319 12.99038105677082 12.49999999999755 346
2320 12.99038105677082 12.49999999999755 350.75
2321 12.99038105677082 12.49999999999755 355.5
2322 12.99038105677082 12.49999999999755 360.25
2323 12.99038105677082 12.49999999999755 365
2324 12.99038105677082 12.49999999999755 369.75
2325 12.99038105677082 12.49999999999755 374.5
2326 12.99038105677082 12.49999999999755 379.25
2327 12.99038105677082 12.49999999999755 384
2328 12.99038105677082 12.49999999999755 388.75
2329 12.99038105677082 12.49999999999755 393.5
2330 12.99038105677082 12.49999999999755 398.25
2331 8.660254037861202 14.99999999999029 217.75
2332 8.660254037861202 14.99999999999029 222.5
2333 8.660254037861202 14.99999999999029 227.25
2334 8.660254037861202 14.99999999999029 232
2335 8.660254037861202 14.99999999999029 236.75
2336 8.660254037861202 14.99999999999029 241.5
2337 8.660254037861202 14.99999999999029 246.25
2338 8.660254037861202 14.99999999999029 251
2339 8.660254037861202 14.99999999999029 255.75
2340 8.660254037861202 14.99999999999029 260.5
2341 8.660254037861202 14.99999999999029 265.25
2342 8.660254037861202 14.99999999999029 270
2343 8.660254037861202 14.99999999999029 274.75
2344 8.660254037861202 14.99999999999029 279.5
2345 8.660254037861202 14.99999999999029 284.25
2346 8.660254037861202 14.99999999999029 289
2347 8.660254037861202 14.99999999999029 293.75
2348 8.660254037861202 14.99999999999029 298.5
2349 8.660254037861202 14.99999999999029 303.25
2350 8.660254037861202 14.99999999999029 308
2351 8.660254037861202 14.99999999999029 312.75
2352 8.660254037861202 14.99999999999029 317.5
2353 8.660254037861202 14.99999999999029 322.25
2354 8.660254037861202 14.99999999999029 327
2355 8.660254037861202 14.99999999999029 331.75
2356 8.660254037861202 14.99999999999029 336.5
2357 8.660254037861202 14.99999999999029 341.25
2358 8.660254037861202 14.99999999999029 346
2359 8.660254037861202 14.99999999999029 350.75
2360 8.660254037861202 14.99999999999029 355.5
2361 8.660254037861202 14.99999999999029 360.25
2362 8.660254037861202 14.99999999999029 365
2363 8.660254037861202 14.99999999999029 369.75
2364 8.660254037861202 14.99999999999029 374.5
2365 8.660254037861202 14.99999999999029 379.25
2366 8.660254037861202 14.99999999999029 384
2367 8.660254037861202 14.99999999999029 388.75
2368 8.660254037861202 14.99999999999029 393.5
2369 8.660254037861202 14.99999999999029 398.25
2370 4.330127018934927 17.49999999999265 217.75
2371 4.330127018934927 17.49999999999265 222.5
2372 4.330127018934927 17.49999999999265 227.25
2373 4.330127018934927 17.49999999999265 232
2374 4.330127018934927 17.49999999999265 236.75
2375 4.330127018934927 17.49999999999265 241.5
2376 4.330127018934927 17.49999999999265 246.25
2377 4.330127018934927 17.49999999999265 251
2378 4.330127018934927 17.49999999999265 255.75
2379 4.330127018934927 17.49999999999265 260.5
2380 4.330127018934927 17.49999999999265 265.25
2381 4.330127018934927 17.49999999999265 270
2382 4.330127018934927 17.49999999999265 274.75
2383 4.330127018934927 17.49999999999265 279.5
2384 4.330127018934927 17.49999999999265 284.25
2385 4.330127018934927 17.49999999999265 289
2386 4.330127018934927 17.49999999999265 293.75
2387 4.330127018934927 17.49999999999265 298.5
2388 4.330127018934927 17.49999999999265 303.25
2389 4.330127018934927 17.49999999999265 308
2390 4.330127018934927 17.49999999999265 312.75
2391 4.330127018934927 17.49999999999265 317.5
2392 4.330127018934927 17.49999999999265 322.25
2393 4.330127018934927 17.49999999999265 327
2394 4.330127018934927 17.49999999999265 331.75
2395 4.330127018934927 17.49999999999265 336.5
2396 4.330127018934927 17.49999999999265 341.25
2397 4.330127018934927 17.49999999999265 346
2398 4.330127018934927 17.49999999999265 350.75
2399 4.330127018934927 17.49999999999265 355.5
2400 4.330127018934927 17.49999999999265 360.25
2401 4.330127018934927 17.49999999999265 365
2402 4.330127018934927 17.49999999999265 369.75
2403 4.330127018934927 17.49999999999265 374.5
2404 4.330127018934927 17.49999999999265 379.25
2405 4.330127018934927 17.49999999999265 384
2406 4.330127018934927 17.49999999999265 388.75
2407 4.330127018934927 17.49999999999265 393.5
2408 4.330127018934927 17.49999999999265 398.25
2409 -4.33012701891689 17.50000000000306 217.75
2410 -4.33012701891689 17.50000000000306 222.5
2411 -4.33012701891689 17.50000000000306 227.25
2412 -4.33012701891689 17.50000000000306 232
2413 -4.33012701891689 17.50000000000306 236.75
2414 -4.33012701891689 17.50000000000306 241.5
2415 -4.33012701891689 17.50000000000306 246.25
2416 -4.33012701891689 17.50000000000306 251
2417 -4.33012701891689 17.50000000000306 255.75
2418 -4.33012701891689 17.50000000000306 260.5
2419 -4.33012701891689 17.50000000000306 265.25
2420 -4.33012701891689 17.50000000000306 270
2421 -4.33012701891689 17.50000000000306 274.75
2422 -4.33012701891689 17.50000000000306 279.5
2423 -4.33012701891689 17.50000000000306 284.25
2424 -4.33012701891689 17.50000000000306 289
2425 -4.33012701891689 17.50000000000306 293.75
2426 -4.33012701891689 17.50000000000306 298.5
2427 -4.33012701891689 17.50000000000306 303.25
2428 -4.33012701891689 17.50000000000306 308
2429 -4.33012701891689 17.50000000000306 312.75
2430 -4.33012701891689 17.50000000000306 317.5
2431 -4.33012701891689 17.50000000000306 322.25
2432 -4.33012701891689 17.50000000000306 327
2433 -4.33012701891689 17.50000000000306 331.75
2434 -4.33012701891689 17.50000000000306 336.5
2435 -4.33012701891689 17.50000000000306 341.25
2436 -4.33012701891689 17.50000000000306 346
2437 -4.33012701891689 17.50000000000306 350.75
2438 -4.33012701891689 17.50000000000306 355.5
2439 -4.33012701891689 17.50000000000306 360.25
2440 -4.33012701891689 17.50000000000306 365
2441 -4.33012701891689 17.50000000000306 369.75
2442 -4.33012701891689 17.50000000000306 374.5
2443 -4.33012701891689 17.50000000000306 379.25
2444 -4.33012701891689 17.50000000000306 384
2445 -4.33012701891689 17.50000000000306 388.75
2446 -4.33012701891689 17.50000000000306 393.5
2447 -4.33012701891689 17.50000000000306 398.25
2448 -8.660254037832523 15.00000000000685 217.75
2449 -8.660254037832523 15.00000000000685 222.5
2450 -8.660254037832523 15.00000000000685 227.25
2451 -8.660254037832523 15.00000000000685 232
2452 -8.660254037832523 15.00000000000685 236.75
2453 -8.660254037832523 15.00000000000685 241.5
2454 -8.660254037832523 15.00000000000685 246.25
2455 -8.660254037832523 15.00000000000685 251
2456 -8.660254037832523 15.00000000000685 255.75
2457 -8.660254037832523 15.00000000000685 260.5
2458 -8.660254037832523 15.00000000000685 265.25
2459 -8.660254037832523 15.00000000000685 270
2460 -8.660254037832523 15.00000000000685 274.75
2461 -8.660254037832523 15.00000000000685 279.5
2462 -8.660254037832523 15.00000000000685 284.25
2463 -8.660254037832523 15.00000000000685 289
2464 -8.660254037832523 15.00000000000685 293.75
2465 -8.660254037832523 15.00000000000685 298.5
2466 -8.660254037832523 15.00000000000685 303.25
2467 -8.660254037832523 15.00000000000685 308
2468 -8.660254037832523 15.00000000000685 312.75
2469 -8.660254037832523 15.00000000000685 317.5
2470 -8.660254037832523 15.00000000000685 322.25
2471 -8.660254037832523 15.00000000000685 327
2472 -8.660254037832523 15.00000000000685 331.75
2473 -8.660254037832523 15.00000000000685 336.5
2474 -8.660254037832523 15.00000000000685 341.25
2475 -8.660254037832523 15.00000000000685 346
2476 -8.660254037832523 15.00000000000685 350.75
2477 -8.660254037832523 15.00000000000685 355.5
2478 -8.660254037832523 15.00000000000685 360.25
2479 -8.660254037832523 15.00000000000685 365
2480 -8.660254037832523 15.00000000000685 369.75
2481 -8.660254037832523 15.00000000000685 374.5
2482 -8.660254037832523 15.00000000000685 379.25
2483 -8.660254037832523 15.00000000000685 384
2484 -8.660254037832523 15.00000000000685 388.75
2485 -8.660254037832523 15.00000000000685 393.5
2486 -8.660254037832523 15.00000000000685 398.25
2487 -12.99038105675648 12.50000000000583 217.75
2488 -12.99038105675648 12.50000000000583 222.5
2489 -12.99038105675648 12.50000000000583 227.25
2490 -12.99038105675648 12.50000000000583 232
2491 -12.99038105675648 12.50000000000583 236.75
2492 -12.99038105675648 12.50000000000583 241.5
2493 -12.99038105675648 12.50000000000583 246.25
2494 -12.99038105675648 12.50000000000583 251
2495 -12.99038105675648 12.50000000000583 255.75
2496 -12.99038105675648 12.50000000000583 260.5
2497 -12.99038105675648 12.50000000000583 265.25
2498 -12.99038105675648 12.50000000000583 270
2499 -12.99038105675648 12.50000000000583 274.75
2500 -12.99038105675648 12.50000000000583 279.5
2501 -12.99038105675648 12.50000000000583 284.25
2502 -12.99038105675648 12.50000000000583 289
2503 -12.99038105675648 12.50000000000583 293.75
2504 -12.99038105675648 12.50000000000583 298.5
2505 -12.99038105675648 12.50000000000583 303.25
2506 -12.99038105675648 12.50000000000583 308
2507 -12.99038105675648 12.50000000000583 312.75
2508 -12.99038105675648 12.50000000000583 317.5
2509 -12.99038105675648 12.50000000000583 322.25
2510 -12.99038105675648 12.50000000000583 327
2511 -12.99038105675648 12.50000000000583 331.75
2512 -12.99038105675648 12.50000000000583 336.5
2513 -12.99038105675648 12.50000000000583 341.25
2514 -12.99038105675648 12.50000000000583 346
2515 -12.99038105675648 12.50000000000583 350.75
2516 -12.99038105675648 12.50000000000583 355.5
2517 -12.99038105675648 12.50000000000583 360.25
2518 -12.99038105675648 12.50000000000583 365
2519 -12.99038105675648 12.50000000000583 369.75
2520 -12.99038105675648 12.50000000000583 374.5
2521 -12.99038105675648 12.50000000000583 379.25
2522 -12.99038105675648 12.50000000000583 384
2523 -12.99038105675648 12.50000000000583 388.75
2524 -12.99038105675648 12.50000000000583 393.5
2525 -12.99038105675648 12.50000000000583 398.25
2526 -17.32050807568877 5.000000000004857 217.75
2527 -17.32050807568877 5.000000000004857 222.5
2528 -17.32050807568877 5.000000000004857 227.25
2529 -17.32050807568877 5.000000000004857 232
2530 -17.32050807568877 5.000000000004857 236.75
2531 -17.32050807568877 5.000000000004857 241.5
2532 -17.32050807568877 5.000000000004857 246.25
2533 -17.32050807568877 5.000000000004857 251
2534 -17.32050807568877 5.000000000004857 255.75
2535 -17.32050807568877 5.000000000004857 260.5
2536 -17.32050807568877 5.000000000004857 265.25
2537 -17.32050807568877 5.000000000004857 270
2538 -17.32050807568877 5.000000000004857 274.75
2539 -17.32050807568877 5.000000000004857 279.5
2540 -17.32050807568877 5.000000000004857 284.25
2541 -17.32050807568877 5.000000000004857 289
2542 -17.32050807568877 5.000000000004857 293.75
2543 -17.32050807568877 5.000000000004857 298.5
2544 -17.32050807568877 5.000000000004857 303.25
2545 -17.32050807568877 5.000000000004857 308
2546 -17.32050807568877 5.000000000004857 312.75
2547 -17.32050807568877 5.000000000004857 317.5
2548 -17.32050807568877 5.000000000004857 322.25
2549 -17.32050807568877 5.000000000004857 327
2550 -17.32050807568877 5.000000000004857 331.75
2551 -17.32050807568877 5.000000000004857 336.5
2552 -17.32050807568877 5.000000000004857 341.25
2553 -17.32050807568877 5.000000000004857 346
2554 -17.32050807568877 5.000000000004857 350.75
2555 -17.32050807568877 5.000000000004857 355.5
2556 -17.32050807568877 5.000000000004857 360.25
2557 -17.32050807568877 5.000000000004857 365
2558 -17.32050807568877 5.000000000004857 369.75
2559 -17.32050807568877 5.000000000004857 374.5
2560 -17.32050807568877 5.000000000004857 379.25
2561 -17.32050807568877 5.000000000004857 384
2562 -17.32050807568877 5.000000000004857 388.75
2563 -17.32050807568877 5.000000000004857 393.5
2564 -17.32050807568877 5.000000000004857 398.25
2565 -17.32050807568877 1.110223024625157e-11 217.75
2566 -17.32050807568877 1.110223024625157e-11 222.5
2567 -17.32050807568877 1.110223024625157e-11 227.25
2568 -17.32050807568877 1.110223024625157e-11 232
2569 -17.32050807568877 1.110223024625157e-11 236.75
2570 -17.32050807568877 1.110223024625157e-11 241.5
2571 -17.32050807568877 1.110223024625157e-11 246.25
2572 -17.32050807568877 1.110223024625157e-11 251
2573 -17.32050807568877 1.110223024625157e-11 255.75
2574 -17.32050807568877 1.110223024625157e-11 260.5
2575 -17.32050807568877 1.110223024625157e-11 265.25
2576 -17.32050807568877 1.110223024625157e-11 270
2577 -17.32050807568877 1.110223024625157e-11 274.75
2578 -17.32050807568877 1.110223024625157e-11 279.5
2579 -17.32050807568877 1.110223024625157e-11 284.25
2580 -17.32050807568877 1.110223024625157e-11 289
2581 -17.32050807568877 1.110223024625157e-11 293.75
2582 -17.32050807568877 1.110223024625157e-11 298.5
2583 -17.32050807568877 1.110223024625157e-11 303.25
2584 -17.32050807568877 1.110223024625157e-11 308
2585 -17.32050807568877 1.110223024625157e-11 312.75
2586 -17.32050807568877 1.110223024625157e-11 317.5
2587 -17.32050807568877 1.110223024625157e-11 322.25
2588 -17.32050807568877 1.110223024625157e-11 327
2589 -17.32050807568877 1.110223024625157e-11 331.75
2590 -17.32050807568877 1.110223024625157e-11 336.5
2591 -17.32050807568877 1.110223024625157e-11 341.25
2592 -17.32050807568877 1.110223024625157e-11 346
2593 -17.32050807568877 1.110223024625157e-11 350.75
2594 -17.32050807568877 1.110223024625157e-11 355.5
2595 -17.32050807568877 1.110223024625157e-11 360.25
2596 -17.32050807568877 1.110223024625157e-11 365
2597 -17.32050807568877 1.110223024625157e-11 369.75
2598 -17.32050807568877 1.110223024625157e-11 374.5
2599 -17.32050807568877 1.110223024625157e-11 379.25
2600 -17.32050807568877 1.110223024625157e-11 384
2601 -17.32050807568877 1.110223024625157e-11 388.75
2602 -17.32050807568877 1.110223024625157e-11 393.5
2603 -17.32050807568877 1.110223024625157e-11 398.25
2604 -17.32050807568877 -4.999999999993756 217.75
2605 -17.32050807568877 -4.999999999993756 222.5
2606 -17.32050807568877 -4.999999999993756 227.25
2607 -17.32050807568877 -4.999999999993756 232
2608 -17.32050807568877 -4.999999999993756 236.75
2609 -17.32050807568877 -4.999999999993756 241.5
2610 -17.32050807568877 -4.999999999993756 246.25
2611 -17.32050807568877 -4.999999999993756 251
2612 -17.32050807568877 -4.999999999993756 255.75
2613 -17.32050807568877 -4.999999999993756 260.5
2614 -17.32050807568877 -4.999999999993756 265.25
2615 -17.32050807568877 -4.999999999993756 270
2616 -17.32050807568877 -4.999999999993756 274.75
2617 -17.32050807568877 -4.999999999993756 279.5
2618 -17.32050807568877 -4.999999999993756 284.25
2619 -17.32050807568877 -4.999999999993756 289
2620 -17.32050807568877 -4.999999999993756 293.75
2621 -17.32050807568877 -4.999999999993756 298.5
2622 -17.32050807568877 -4.999999999993756 303.25
2623 -17.32050807568877 -4.999999999993756 308
2624 -17.32050807568877 -4.999999999993756 312.75
2625 -17.32050807568877 -4.999999999993756 317.5
2626 -17.32050807568877 -4.999999999993756 322.25
2627 -17.32050807568877 -4.999999999993756 327
2628 -17.32050807568877 -4.999999999993756 331.75
2629 -17.32050807568877 -4.999999999993756 336.5
2630 -17.32050807568877 -4.999999999993756 341.25
2631 -17.32050807568877 -4.999999999993756 346
2632 -17.32050807568877 -4.999999999993756 350.75
2633 -17.32050807568877 -4.999999999993756 355.5
2634 -17.32050807568877 -4.999999999993756 360.25
2635 -17.32050807568877 -4.999999999993756 365
2636 -17.32050807568877 -4.999999999993756 369.75
2637 -17.32050807568877 -4.999999999993756 374.5
2638 -17.32050807568877 -4.999999999993756 379.25
2639 -17.32050807568877 -4.999999999993756 384
2640 -17.32050807568877 -4.999999999993756 388.75
2641 -17.32050807568877 -4.999999999993756 393.5
2642 -17.32050807568877 -4.999999999993756 398.25
2643 -12.99038105677082 -12.49999999999755 217.75
2644 -12.99038105677082 -12.49999999999755 222.5
2645 -12.99038105677082 -12.49999999999755 227.25
2646 -12.99038105677082 -12.49999999999755 232
2647 -12.99038105677082 -12.49999999999755 236.75
2648 -12.99038105677082 -12.49999999999755 241.5
2649 -12.99038105677082 -12.49999999999755 246.25
2650 -12.99038105677082 -12.49999999999755 251
2651 -12.99038105677082 -12.49999999999755 255.75
2652 -12.99038105677082 -12.49999999999755 260.5
2653 -12.99038105677082 -12.49999999999755 265.25
2654 -12.99038105677082 -12.49999999999755 270
2655 -12.99038105677082 -12.49999999999755 274.75
2656 -12.99038105677082 -12.49999999999755 279.5
2657 -12.99038105677082 -12.49999999999755 284.25
2658 -12.99038105677082 -12.49999999999755 289
2659 -12.99038105677082 -12.49999999999755 293.75
2660 -12.99038105677082 -12.49999999999755 298.5
2661 -12.99038105677082 -12.49999999999755 303.25
2662 -12.99038105677082 -12.49999999999755 308
2663 -12.99038105677082 -12.49999999999755 312.75
2664 -12.99038105677082 -12.49999999999755 317.5
2665 -12.99038105677082 -12.49999999999755 322.25
2666 -12.99038105677082 -12.49999999999755 327
2667 -12.99038105677082 -12.49999999999755 331.75
2668 -12.99038105677082 -12.49999999999755 336.5
2669 -12.99038105677082 -12.49999999999755 341.25
2670 -12.99038105677082 -12.49999999999755 346
2671 -12.99038105677082 -12.49999999999755 350.75
2672 -12.99038105677082 -12.49999999999755 355.5
2673 -12.99038105677082 -12.49999999999755 360.25
2674 -12.99038105677082 -12.49999999999755 365
2675 -12.99038105677082 -12.49999999999755 369.75
2676 -12.99038105677082 -12.49999999999755 374.5
2677 -12.99038105677082 -12.49999999999755 379.25
2678 -12.99038105677082 -12.49999999999755 384
2679 -12.99038105677082 -12.49999999999755 388.75
2680 -12.99038105677082 -12.49999999999755 393.5
2681 -12.99038105677082 -12.49999999999755 398.25
2682 -8.660254037861202 -14.99999999999029 217.75
2683 -8.660254037861202 -14.99999999999029 222.5
2684 -8.660254037861202 -14.99999999999029 227.25
2685 -8.660254037861202 -14.99999999999029 232
2686 -8.660254037861202 -14.99999999999029 236.75
2687 -8.660254037861202 -14.99999999999029 241.5
2688 -8.660254037861202 -14.99999999999029 246.25
2689 -8.660254037861202 -14.99999999999029 251
2690 -8.660254037861202 -14.99999999999029 255.75
2691 -8.660254037861202 -14.99999999999029 260.5
2692 -8.660254037861202 -14.99999999999029 265.25
2693 -8.660254037861202 -14.99999999999029 270
2694 -8.660254037861202 -14.99999999999029 274.75
2695 -8.660254037861202 -14.99999999999029 279.5
2696 -8.660254037861202 -14.99999999999029 284.25
2697 -8.660254037861202 -14.99999999999029 289
2698 -8.660254037861202 -14.99999999999029 293.75
2699 -8.660254037861202 -14.99999999999029 298.5
2700 -8.660254037861202 -14.99999999999029 303.25
2701 -8.660254037861202 -14.99999999999029 308
2702 -8.660254037861202 -14.99999999999029 312.75
2703 -8.660254037861202 -14.99999999999029 317.5
2704 -8.660254037861202 -14.99999999999029 322.25
2705 -8.660254037861202 -14.99999999999029 327
2706 -8.660254037861202 -14.99999999999029 331.75
2707 -8.660254037861202 -14.99999999999029 336.5
2708 -8.660254037861202 -14.99999999999029 341.25
2709 -8.660254037861202 -14.99999999999029 346
2710 -8.660254037861202 -14.99999999999029 350.75
2711 -8.660254037861202 -14.99999999999029 355.5
2712 -8.660254037861202 -14.99999999999029 360.25
2713 -8.660254037861202 -14.99999999999029 365
2714 -8.660254037861202 -14.99999999999029 369.75
2715 -8.660254037861202 -14.99999999999029 374.5
2716 -8.660254037861202 -14.99999999999029 379.25
2717 -8.660254037861202 -14.99999999999029 384
2718 -8.660254037861202 -14.99999999999029 388.75
2719 -8.660254037861202 -14.99999999999029 393.5
2720 -8.660254037861202 -14.99999999999029 398.25
2721 -4.330127018934927 -17.49999999999265 217.75
2722 -4.330127018934927 -17.49999999999265 222.5
2723 -4.330127018934927 -17.49999999999265 227.25
2724 -4.330127018934927 -17.49999999999265 232
2725 -4.330127018934927 -17.49999999999265 236.75
2726 -4.330127018934927 -17.49999999999265 241.5
2727 -4.330127018934927 -17.49999999999265 246.25
2728 -4.330127018934927 -17.49999999999265 251
2729 -4.330127018934927 -17.49999999999265 255.75
2730 -4.330127018934927 -17.49999999999265 260.5
2731 -4.330127018934927 -17.49999999999265 265.25
2732 -4.330127018934927 -17.49999999999265 270
2733 -4.330127018934927 -17.49999999999265 274.75
2734 -4.330127018934927 -17.49999999999265 279.5
2735 -4.330127018934927 -17.49999999999265 284.25
2736 -4.330127018934927 -17.49999999999265 289
2737 -4.330127018934927 -17.49999999999265 293.75
2738 -4.330127018934927 -17.49999999999265 298.5
2739 -4.330127018934927 -17.49999999999265 303.25
2740 -4.330127018934927 -17.49999999999265 308
2741 -4.330127018934927 -17.49999999999265 312.75
2742 -4.330127018934927 -17.49999999999265 317.5
2743 -4.330127018934927 -17.49999999999265 322.25
2744 -4.330127018934927 -17.49999999999265 327
2745 -4.330127018934927 -17.49999999999265 331.75
2746 -4.330127018934927 -17.49999999999265 336.5
2747 -4.330127018934927 -17.49999999999265 341.25
2748 -4.330127018934927 -17.49999999999265 346
2749 -4.330127018934927 -17.49999999999265 350.75
2750 -4.330127018934927 -17.49999999999265 355.5
2751 -4.330127018934927 -17.49999999999265 360.25
2752 -4.330127018934927 -17.49999999999265 365
2753 -4.330127018934927 -17.49999999999265 369.75
2754 -4.330127018934927 -17.49999999999265 374.5
2755 -4.330127018934927 -17.49999999999265 379.25
2756 -4.330127018934927 -17.49999999999265 384
2757 -4.330127018934927 -17.49999999999265 388.75
2758 -4.330127018934927 -17.49999999999265 393.5
2759 -4.330127018934927 -17.49999999999265 398.25
2760 4.33012701891689 -17.50000000000306 217.75
2761 4.33012701891689 -17.50000000000306 222.5
2762 4.33012701891689 -17.50000000000306 227.25
2763 4.33012701891689 -17.50000000000306 232
2764 4.33012701891689 -17.50000000000306 236.75
2765 4.33012701891689 -17.50000000000306 241.5
2766 4.33012701891689 -17.50000000000306 246.25
2767 4.33012701891689 -17.50000000000306 251
2768 4.33012701891689 -17.50000000000306 255.75
2769 4.33012701891689 -17.50000000000306 260.5
2770 4.33012701891689 -17.50000000000306 265.25
2771 4.33012701891689 -17.50000000000306 270
2772 4.33012701891689 -17.50000000000306 274.75
2773 4.33012701891689 -17.50000000000306 279.5
2774 4.33012701891689 -17.50000000000306 284.25
2775 4.33012701891689 -17.50000000000306 289
2776 4.33012701891689 -17.50000000000306 293.75
2777 4.33012701891689 -17.50000000000306 298.5
2778 4.33012701891689 -17.50000000000306 303.25
2779 4.33012701891689 -17.50000000000306 308
2780 4.33012701891689 -17.50000000000306 312.75
2781 4.33012701891689 -17.50000000000306 317.5
2782 4.33012701891689 -17.50000000000306 322.25
2783 4.33012701891689 -17.50000000000306 327
2784 4.33012701891689 -17.50000000000306 331.75
2785 4.33012701891689 -17.50000000000306 336.5
2786 4.33012701891689 -17.50000000000306 341.25
2787 4.33012701891689 -17.50000000000306 346
2788 4.33012701891689 -17.50000000000306 350.75
2789 4.33012701891689 -17.50000000000306 355.5
2790 4.33012701891689 -17.50000000000306 360.25
2791 4.33012701891689 -17.50000000000306 365
2792 4.33012701891689 -17.50000000000306 369.75
2793 4.33012701891689 -17.50000000000306 374.5
2794 4.33012701891689 -17.50000000000306 379.25
2795 4.33012701891689 -17.50000000000306 384
2796 4.33012701891689 -17.50000000000306 388.75
2797 4.33012701891689 -17.50000000000306 393.5
2798 4.33012701891689 -17.50000000000306 398.25
2799 8.660254037832523 -15.00000000000685 217.75
2800 8.660254037832523 -15.00000000000685 222.5
2801 8.660254037832523 -15.00000000000685 227.25
2802 8.660254037832523 -15.00000000000685 232
2803 8.660254037832523 -15.00000000000685 236.75
2804 8.660254037832523 -15.00000000000685 241.5
2805 8.660254037832523 -15.00000000000685 246.25
2806 8.660254037832523 -15.00000000000685 251
2807 8.660254037832523 -15.00000000000685 255.75
2808 8.660254037832523 -15.00000000000685 260.5
2809 8.660254037832523 -15.00000000000685 265.25
2810 8.660254037832523 -15.00000000000685 270
2811 8.660254037832523 -15.00000000000685 274.75
2812 8.660254037832523 -15.00000000000685 279.5
2813 8.660254037832523 -15.00000000000685 284.25
2814 8.660254037832523 -15.00000000000685 289
2815 8.660254037832523 -15.00000000000685 293.75
2816 8.660254037832523 -15.00000000000685 298.5
2817 8.660254037832523 -15.00000000000685 303.25
2818 8.660254037832523 -15.00000000000685 308
2819 8.660254037832523 -15.00000000000685 312.75
2820 8.660254037832523 -15.00000000000685 317.5
2821 8.660254037832523 -15.00000000000685 322.25
2822 8.660254037832523 -15.00000000000685 327
2823 8.660254037832523 -15.00000000000685 331.75
2824 8.660254037832523 -15.00000000000685 336.5
2825 8.660254037832523 -15.00000000000685 341.25
2826 8.660254037832523 -15.00000000000685 346
2827 8.660254037832523 -15.00000000000685 350.75
2828 8.660254037832523 -15.00000000000685 355.5
2829 8.660254037832523 -15.00000000000685 360.25
2830 8.660254037832523 -15.00000000000685 365
2831 8.660254037832523 -15.00000000000685 369.75
2832 8.660254037832523 -15.00000000000685 374.5
2833 8.660254037832523 -15.00000000000685 379.25
2834 8.660254037832523 -15.00000000000685 384
2835 8.660254037832523 -15.00000000000685 388.75
2836 8.660254037832523 -15.00000000000685 393.5
2837 8.660254037832523 -15.00000000000685 398.25
2838 12.99038105675648 -12.50000000000583 217.75
2839 12.99038105675648 -12.50000000000583 222.5
2840 12.99038105675648 -12.50000000000583 227.25
2841 12.99038105675648 -12.50000000000583 232
2842 12.99038105675648 -12.50000000000583 236.75
2843 12.99038105675648 -12.50000000000583 241.5
2844 12.99038105675648 -12.50000000000583 246.25
2845 12.99038105675648 -12.50000000000583 251
2846 12.99038105675648 -12.50000000000583 255.75
2847 12.99038105675648 -12.50000000000583 260.5
2848 12.99038105675648 -12.50000000000583 265.25
2849 12.99038105675648 -12.50000000000583 270
2850 12.99038105675648 -12.50000000000583 274.75
2851 12.99038105675648 -12.50000000000583 279.5
2852 12.99038105675648 -12.50000000000583 284.25
2853 12.99038105675648 -12.50000000000583 289
2854 12.99038105675648 -12.50000000000583 293.75
2855 12.99038105675648 -12.50000000000583 298.5
2856 12.99038105675648 -12.50000000000583 303.25
2857 12.99038105675648 -12.50000000000583 308
2858 12.99038105675648 -12.50000000000583 312.75
2859 12.99038105675648 -12.50000000000583 317.5
2860 12.99038105675648 -12.50000000000583 322.25
2861 12.99038105675648 -12.50000000000583 327
2862 12.99038105675648 -12.50000000000583 331.75
2863 12.99038105675648 -12.50000000000583 336.5
2864 12.99038105675648 -12.50000000000583 341.25
2865 12.99038105675648 -12.50000000000583 346
2866 12.99038105675648 -12.50000000000583 350.75
2867 12.99038105675648 -12.50000000000583 355.5
2868 12.99038105675648 -12.50000000000583 360.25
2869 12.99038105675648 -12.50000000000583 365
2870 12.99038105675648 -12.50000000000583 369.75
2871 12.99038105675648 -12.50000000000583 374.5
2872 12.99038105675648 -12.50000000000583 379.25
2873 12.99038105675648 -12.50000000000583 384
2874 12.99038105675648 -12.50000000000583 388.75
2875 12.99038105675648 -12.50000000000583 393.5
2876 12.99038105675648 -12.50000000000583 398.25
2877 17.32050807568877 -5.000000000004857 217.75
2878 17.32050807568877 -5.000000000004857 222.5
2879 17.32050807568877 -5.000000000004857 227.25
2880 17.32050807568877 -5.000000000004857 232
2881 17.32050807568877 -5.000000000004857 236.75
2882 17.32050807568877 -5.000000000004857 241.5
2883 17.32050807568877 -5.000000000004857 246.25
2884 17.32050807568877 -5.000000000004857 251
2885 17.32050807568877 -5.000000000004857 255.75
2886 17.32050807568877 -5.000000000004857 260.5
2887 17.32050807568877 -5.000000000004857 265.25
2888 17.32050807568877 -5.000000000004857 270
2889 17.32050807568877 -5.000000000004857 274.75
2890 17.32050807568877 -5.000000000004857 279.5
2891 17.32050807568877 -5.000000000004857 284.25
2892 17.32050807568877 -5.000000000004857 289
2893 17.32050807568877 -5.000000000004857 293.75
2894 17.32050807568877 -5.000000000004857 298.5
2895 17.32050807568877 -5.000000000004857 303.25
2896 17.32050807568877 -5.000000000004857 308
2897 17.32050807568877 -5.000000000004857 312.75
2898 17.32050807568877 -5.000000000004857 317.5
2899 17.32050807568877 -5.000000000004857 322.25
2900 17.32050807568877 -5.000000000004857 327
2901 17.32050807568877 -5.000000000004857 331.75
2902 17.32050807568877 -5.000000000004857 336.5
2903 17.32050807568877 -5.000000000004857 341.25
2904 17.32050807568877 -5.000000000004857 346
2905 17.32050807568877 -5.000000000004857 350.75
2906 17.32050807568877 -5.000000000004857 355.5
2907 17.32050807568877 -5.000000000004857 360.25
2908 17.32050807568877 -5.000000000004857 365
2909 17.32050807568877 -5.000000000004857 369.75
2910 17.32050807568877 -5.000000000004857 374.5
2911 17.32050807568877 -5.000000000004857 379.25
2912 17.32050807568877 -5.000000000004857 384
2913 17.32050807568877 -5.000000000004857 388.75
2914 17.32050807568877 -5.000000000004857 393.5
2915 17.32050807568877 -5.000000000004857 398.25
2916 17.32050807568877 -1.110223024625157e-11 217.75
2917 17.32050807568877 -1.110223024625157e-11 222.5
2918 17.32050807568877 -1.110223024625157e-11 227.25
2919 17.32050807568877 -1.110223024625157e-11 232
2920 17.32050807568877 -1.110223024625157e-11 236.75
2921 17.32050807568877 -1.110223024625157e-11 241.5
2922 17.32050807568877 -1.110223024625157e-11 246.25
2923 17.32050807568877 -1.110223024625157e-11 251
2924 17.32050807568877 -1.110223024625157e-11 255.75
2925 17.32050807568877 -1.110223024625157e-11 260.5
2926 17.32050807568877 -1.110223024625157e-11 265.25
2927 17.32050807568877 -1.110223024625157e-11 270
2928 17.32050807568877 -1.110223024625157e-11 274.75
2929 17.32050807568877 -1.110223024625157e-11 279.5
2930 17.32050807568877 -1.110223024625157e-11 284.25
2931 17.32050807568877 -1.110223024625157e-11 289
2932 17.32050807568877 -1.110223024625157e-11 293.75
2933 17.32050807568877 -1.110223024625157e-11 298.5
2934 17.32050807568877 -1.110223024625157e-11 303.25
2935 17.32050807568877 -1.110223024625157e-11 308
2936 17.32050807568877 -1.110223024625157e-11 312.75
2937 17.32050807568877 -1.110223024625157e-11 317.5
2938 17.32050807568877 -1.110223024625157e-11 322.25
2939 17.32050807568877 -1.110223024625157e-11 327
2940 17.32050807568877 -1.110223024625157e-11 331.75
2941 17.32050807568877 -1.110223024625157e-11 336.5
2942 17.32050807568877 -1.110223024625157e-11 341.25
2943 17.32050807568877 -1.110223024625157e-11 346
2944 17.32050807568877 -1.110223024625157e-11 350.75
2945 17.32050807568877 -1.110223024625157e-11 355.5
2946 17.32050807568877 -1.110223024625157e-11 360.25
2947 17.32050807568877 -1.110223024625157e-11 365
2948 17.32050807568877 -1.110223024625157e-11 369.75
2949 17.32050807568877 -1.110223024625157e-11 374.5
2950 17.32050807568877 -1.110223024625157e-11 379.25
2951 17.32050807568877 -1.110223024625157e-11 384
2952 17.32050807568877 -1.110223024625157e-11 388.75
2953 17.32050807568877 -1.110223024625157e-11 393.5
2954 17.32050807568877 -1.110223024625157e-11 398.25
2955 17.32050807568877 4.999999999993756 217.75
2956 17.32050807568877 4.999999999993756 222.5
2957 17.32050807568877 4.999999999993756 227.25
2958 17.32050807568877 4.999999999993756 232
2959 17.32050807568877 4.999999999993756 236.75
2960 17.32050807568877 4.999999999993756 241.5
2961 17.32050807568877 4.999999999993756 246.25
2962 17.32050807568877 4.999999999993756 251
2963 17.32050807568877 4.999999999993756 255.75
2964 17.32050807568877 4.999999999993756 260.5
2965 17.32050807568877 4.999999999993756 265.25
2966 17.32050807568877 4.999999999993756 270
2967 17.32050807568877 4.999999999993756 274.75
2968 17.32050807568877 4.999999999993756 279.5
2969 17.32050807568877 4.999999999993756 284.25
2970 17.32050807568877 4.999999999993756 289
2971 17.32050807568877 4.999999999993756 293.75
2972 17.32050807568877 4.999999999993756 298.5
2973 17.32050807568877 4.999999999993756 303.25
2974 17.32050807568877 4.999999999993756 308
2975 17.32050807568877 4.999999999993756 312.75
2976 17.32050807568877 4.999999999993756 317.5
2977 17.32050807568877 4.999999999993756 322.25
2978 17.32050807568877 4.999999999993756 327
2979 17.32050807568877 4.999999999993756 331.75
2980 17.32050807568877 4.999999999993756 336.5
2981 17.32050807568877 4.999999999993756 341.25
2982 17.32050807568877 4.999999999993756 346
2983 17.32050807568877 4.999999999993756 350.75
2984 17.32050807568877 4.999999999993756 355.5
2985 17.32050807568877 4.999999999993756 360.25
2986 17.32050807568877 4.999999999993756 365
2987 17.32050807568877 4.999999999993756 369.75
2988 17.32050807568877 4.999999999993756 374.5
2989 17.32050807568877 4.999999999993756 379.25
2990 17.32050807568877 4.999999999993756 384
2991 17.32050807568877 4.999999999993756 388.75
2992 17.32050807568877 4.999999999993756 393.5
2993 17.32050807568877 4.999999999993756 398.25
2994 0 0 403
2995 -3.722670322348144 8.715840055260911 403
2996 3.722670322348144 -8.715840055260911 403
2997 0.4081426055043846 -13.79530566943621 403
2998 -8.258068423837603 -7.081612678922174 403
2999 13.50916957984254 -7.953686383932078 403
3000 8.258068423837603 7.081612678922174 403
3001 -13.50916957984254 7.953686383932078 403
3002 -0.4081426055043846 13.79530566943621 403
3003 -8.816097914919355 -0.8694939545162398 403
3004 8.816097914919355 0.8694939545162398 403
3005 -6.641475179321265 4.217966992344595 403
3006 6.641475179321265 -4.217966992344595 403
3007 1.887276083231843 8.306946215985326 403
3008 -1.887276083231843 -8.306946215985326 403
3009 5.217374674984268 12.11938864086816 403
3010 -5.217374674984268 -12.11938864086816 403
3011 4.017889513858509 3.513069803812702 403
3012 -4.017889513858509 -3.513069803812702 403
3013 1.751567765110108 -4.257047708322457 403
3014 -1.751567765110108 4.257047708322457 403
3015 9.160267818473482 -9.193999356468721 403
3016 -9.160267818473482 9.193999356468721 403
3017 -12.13062641402653 -4.357091810186268 403
3018 12.13062641402653 4.357091810186268 403
3019 9.687145114470383 11.11831968359776 403
3020 -9.687145114470383 -11.11831968359776 403
3021 -12.35894587879671 3.545537289787412 403
3022 12.35894587879671 -3.545537289787412 403
3023 -4.317412438291059 0.7389201338348677 403
3024 4.317412438291059 -0.7389201338348677 403
3025 12.98767478613291 8.385080755419784 403
3026 -12.98767478613291 -8.385080755419784 403
3027 13.58933727182403 1.33620969497955 403
3028 -13.58933727182403 -1.33620969497955 403
3029 -5.256292360615085 12.84102901623515 403
3030 5.256292360615085 -12.84102901623515 403
3031 0 0 4.75
3032 0 0 9.5
3033 0 0 14.25
3034 0 0 19
3035 0 0 23.75
3036 0 0 28.5
3037 0 0 33.25
3038 0 0 38
3039 0 0 42.75
3040 0 0 47.5
3041 0 0 52.25000000000001
3042 0 0 57
3043 0 0 61.75
3044 0 0 66.5
3045 0 0 71.25
3046 0 0 76
3047 0 0 80.75
3048 0 0 85.5
3049 0 0 90.25
3050 0 0 95
3051 0 0 99.75
3052 0 0 104.5
3053 0 0 109.25
3054 0 0 114
3055 0 0 118.75
3056 0 0 123.5
3057 0 0 128.25
3058 0 0 133
3059 0 0 137.75
3060 0 0 142.5
3061 0 0 147.25
3062 0 0 152
3063 0 0 156.75
3064 0 0 161.5
3065 0 0 166.25
3066 0 0 171
3067 0 0 175.75
3068 0 0 180.5
3069 0 0 185.25
3070 -3.722670322348144 8.715840055260911 4.75
3071 -3.722670322348144 8.715840055260911 9.5
3072 -3.722670322348144 8.715840055260911 14.25
3073 -3.722670322348144 8.715840055260911 19
3074 -3.722670322348144 8.715840055260911 23.75
3075 -3.722670322348144 8.715840055260911 28.5
3076 -3.722670322348144 8.715840055260911 33.25
3077 -3.722670322348144 8.715840055260911 38
3078 -3.722670322348144 8.715840055260911 42.75
3079 -3.722670322348144 8.715840055260911 47.5
3080 -3.722670322348144 8.715840055260911 52.25000000000001
3081 -3.722670322348144 8.715840055260911 57
3082 -3.722670322348144 8.715840055260911 61.75
3083 -3.722670322348144 8.715840055260911 66.5
3084 -3.722670322348144 8.715840055260911 71.25
3085 -3.722670322348144 8.715840055260911 76
3086 -3.722670322348144 8.715840055260911 80.75
3087 -3.722670322348144 8.715840055260911 85.5
3088 -3.722670322348144 8.715840055260911 90.25
3089 -3.722670322348144 8.715840055260911 95
3090 -3.722670322348144 8.715840055260911 99.75
3091 -3.722670322348144 8.715840055260911 104.5
3092 -3.722670322348144 8.715840055260911 109.25
3093 -3.722670322348144 8.715840055260911 114
3094 -3.722670322348144 8.715840055260911 118.75
3095 -3.722670322348144 8.715840055260911 123.5
3096 -3.722670322348144 8.715840055260911 128.25
3097 -3.722670322348144 8.715840055260911 133
3098 -3.722670322348144 8.715840055260911 137.75
3099 -3.722670322348144 8.715840055260911 142.5
3100 -3.722670322348144 8.715840055260911 147.25
3101 -3.722670322348144 8.715840055260911 152
3102 -3.722670322348144 8.715840055260911 156.75
3103 -3.722670322348144 8.715840055260911 161.5
3104 -3.722670322348144 8.715840055260911 166.25
3105 -3.722670322348144 8.715840055260911 171
3106 -3.722670322348144 8.715840055260911 175.75
3107 -3.722670322348144 8.715840055260911 180.5
3108 -3.722670322348144 8.715840055260911 185.25
3109 3.722670322348144 -8.715840055260911 4.75
3110 3.722670322348144 -8.715840055260911 9.5
3111 3.722670322348144 -8.715840055260911 14.25
3112 3.722670322348144 -8.715840055260911 19
3113 3.722670322348144 -8.715840055260911 23.75
3114 3.722670322348144 -8.715840055260911 28.5
3115 3.722670322348144 -8.715840055260911 33.25
3116 3.722670322348144 -8.715840055260911 38
3117 3.722670322348144 -8.715840055260911 42.75
3118 3.722670322348144 -8.715840055260911 47.5
3119 3.722670322348144 -8.715840055260911 52.25000000000001
3120 3.722670322348144 -8.715840055260911 57
3121 3.722670322348144 -8.715840055260911 61.75
3122 3.722670322348144 -8.715840055260911 66.5
3123 3.722670322348144 -8.715840055260911 71.25
3124 3.722670322348144 -8.715840055260911 76
3125 3.722670322348144 -8.715840055260911 80.75
3126 3.722670322348144 -8.715840055260911 85.5
3127 3.722670322348144 -8.715840055260911 90.25
3128 3.722670322348144 -8.715840055260911 95
3129 3.722670322348144 -8.715840055260911 99.75
3130 3.722670322348144 -8.715840055260911 104.5
3131 3.722670322348144 -8.715840055260911 109.25
3132 3.722670322348144 -8.715840055260911 114
3133 3.722670322348144 -8.715840055260911 118.75
3134 3.722670322348144 -8.715840055260911 123.5
3135 3.722670322348144 -8.715840055260911 128.25
3136 3.722670322348144 -8.715840055260911 133
3137 3.722670322348144 -8.715840055260911 137.75
3138 3.722670322348144 -8.715840055260911 142.5
3139 3.722670322348144 -8.715840055260911 147.25
3140 3.722670322348144 -8.715840055260911 152
3141 3.722670322348144 -8.715840055260911 156.75
3142 3.722670322348144 -8.715840055260911 161.5
3143 3.722670322348144 -8.715840055260911 166.25
3144 3.722670322348144 -8.715840055260911 171
3145 3.722670322348144 -8.715840055260911 175.75
3146 3.722670322348144 -8.715840055260911 180.5
3147 3.722670322348144 -8.715840055260911 185.25
3148 0.4081426055043846 -13.79530566943621 4.75
3149 0.4081426055043846 -13.79530566943621 9.5
3150 0.4081426055043846 -13.79530566943621 14.25
3151 0.4081426055043846 -13.79530566943621 19
3152 0.4081426055043846 -13.79530566943621 23.75
3153 0.4081426055043846 -13.79530566943621 28.5
3154 0.4081426055043846 -13.79530566943621 33.25
3155 0.4081426055043846 -13.79530566943621 38
3156 0.4081426055043846 -13.79530566943621 42.75
3157 0.4081426055043846 -13.79530566943621 47.5
3158 0.4081426055043846 -13.79530566943621 52.25000000000001
3159 0.4081426055043846 -13.79530566943621 57
3160 0.4081426055043846 -13.79530566943621 61.75
3161 0.4081426055043846 -13.79530566943621 66.5
3162 0.4081426055043846 -13.79530566943621 71.25
3163 0.4081426055043846 -13.79530566943621 76
3164 0.4081426055043846 -13.79530566943621 80.75
3165 0.4081426055043846 -13.79530566943621 85.5
3166 0.4081426055043846 -13.79530566943621 90.25
3167 0.4081426055043846 -13.79530566943621 95
3168 0.4081426055043846 -13.79530566943621 99.75
3169 0.4081426055043846 -13.79530566943621 104.5
3170 0.4081426055043846 -13.79530566943621 109.25
3171 0.4081426055043846 -13.79530566943621 114
3172 0.4081426055043846 -13.79530566943621 118.75
3173 0.4081426055043846 -13.79530566943621 123.5
3174 0.4081426055043846 -13.79530566943621 128.25
3175 0.4081426055043846 -13.79530566943621 133
3176 0.4081426055043846 -13.79530566943621 137.75
3177 0.4081426055043846 -13.79530566943621 142.5
3178 0.4081426055043846 -13.79530566943621 147.25
3179 0.4081426055043846 -13.79530566943621 152
3180 0.4081426055043846 -13.79530566943621 156.75
3181 0.4081426055043846 -13.79530566943621 161.5
3182 0.4081426055043846 -13.79530566943621 166.25
3183 0.4081426055043846 -13.79530566943621 171
3184 0.4081426055043846 -13.79530566943621 175.75
3185 0.4081426055043846 -13.79530566943621 180.5
3186 0.4081426055043846 -13.79530566943621 185.25
3187 -8.258068423837603 -7.081612678922174 4.75
3188 -8.258068423837603 -7.081612678922174 9.5
3189 -8.258068423837603 -7.081612678922174 14.25
3190 -8.258068423837603 -7.081612678922174 19
3191 -8.258068423837603 -7.081612678922174 23.75
3192 -8.258068423837603 -7.081612678922174 28.5
3193 -8.258068423837603 -7.081612678922174 33.25
3194 -8.258068423837603 -7.081612678922174 38
3195 -8.258068423837603 -7.081612678922174 42.75
3196 -8.258068423837603 -7.081612678922174 47.5
3197 -8.258068423837603 -7.081612678922174 52.25000000000001
3198 -8.258068423837603 -7.081612678922174 57
3199 -8.258068423837603 -7.081612678922174 61.75
3200 -8.258068423837603 -7.081612678922174 66.5
3201 -8.258068423837603 -7.081612678922174 71.25
3202 -8.258068423837603 -7.081612678922174 76
3203 -8.258068423837603 -7.081612678922174 80.75
3204 -8.258068423837603 -7.081612678922174 85.5
3205 -8.258068423837603 -7.081612678922174 90.25
3206 -8.258068423837603 -7.081612678922174 95
3207 -8.258068423837603 -7.081612678922174 99.75
3208 -8.258068423837603 -7.081612678922174 104.5
3209 -8.258068423837603 -7.081612678922174 109.25
3210 -8.258068423837603 -7.081612678922174 114
3211 -8.258068423837603 -7.081612678922174 118.75
3212 -8.258068423837603 -7.081612678922174 123.5
3213 -8.258068423837603 -7.081612678922174 128.25
3214 -8.258068423837603 -7.081612678922174 133
3215 -8.258068423837603 -7.081612678922174 137.75
3216 -8.258068423837603 -7.081612678922174 142.5
3217 -8.258068423837603 -7.081612678922174 147.25
3218 -8.258068423837603 -7.081612678922174 152
3219 -8.258068423837603 -7.081612678922174 156.75
3220 -8.258068423837603 -7.081612678922174 161.5
3221 -8.258068423837603 -7.081612678922174 166.25
3222 -8.258068423837603 -7.081612678922174 171
3223 -8.258068423837603 -7.081612678922174 175.75
3224 -8.258068423837603 -7.081612678922174 180.5
3225 -8.258068423837603 -7.081612678922174 185.25
3226 13.50916957984254 -7.953686383932078 4.75
3227 13.50916957984254 -7.953686383932078 9.5
3228 13.50916957984254 -7.953686383932078 14.25
3229 13.50916957984254 -7.953686383932078 19
3230 13.50916957984254 -7.953686383932078 23.75
3231 13.50916957984254 -7.953686383932078 28.5
3232 13.50916957984254 -7.953686383932078 33.25
3233 13.50916957984254 -7.953686383932078 38
3234 13.50916957984254 -7.953686383932078 42.75
3235 13.50916957984254 -7.953686383932078 47.5
3236 13.50916957984254 -7.953686383932078 52.25000000000001
3237 13.50916957984254 -7.953686383932078 57
3238 13.50916957984254 -7.953686383932078 61.75
3239 13.50916957984254 -7.953686383932078 66.5
3240 13.50916957984254 -7.953686383932078 71.25
3241 13.50916957984254 -7.953686383932078 76
3242 13.50916957984254 -7.953686383932078 80.75
3243 13.50916957984254 -7.953686383932078 85.5
3244 13.50916957984254 -7.953686383932078 90.25
3245 13.50916957984254 -7.953686383932078 95
3246 13.50916957984254 -7.953686383932078 99.75
3247 13.50916957984254 -7.953686383932078 104.5
3248 13.50916957984254 -7.953686383932078 109.25
3249 13.50916957984254 -7.953686383932078 114
3250 13.50916957984254 -7.953686383932078 118.75
3251 13.50916957984254 -7.953686383932078 123.5
3252 13.50916957984254 -7.953686383932078 128.25
3253 13.50916957984254 -7.953686383932078 133
3254 13.50916957984254 -7.953686383932078 137.75
3255 13.50916957984254 -7.953686383932078 142.5
3256 13.50916957984254 -7.953686383932078 147.25
3257 13.50916957984254 -7.953686383932078 152
3258 13.50916957984254 -7.953686383932078 156.75
3259 13.50916957984254 -7.953686383932078 161.5
3260 13.50916957984254 -7.953686383932078 166.25
3261 13.50916957984254 -7.953686383932078 171
3262 13.50916957984254 -7.953686383932078 175.75
3263 13.50916957984254 -7.953686383932078 180.5
3264 13.50916957984254 -7.953686383932078 185.25
3265 8.258068423837603 7.081612678922174 4.75
3266 8.258068423837603 7.081612678922174 9.5
3267 8.258068423837603 7.081612678922174 14.25
3268 8.258068423837603 7.081612678922174 19
3269 8.258068423837603 7.081612678922174 23.75
3270 8.258068423837603 7.081612678922174 28.5
3271 8.258068423837603 7.081612678922174 33.25
3272 8.258068423837603 7.081612678922174 38
3273 8.258068423837603 7.081612678922174 42.75
3274 8.258068423837603 7.081612678922174 47.5
3275 8.258068423837603 7.081612678922174 52.25000000000001
3276 8.258068423837603 7.081612678922174 57
3277 8.258068423837603 7.081612678922174 61.75
3278 8.258068423837603 7.081612678922174 66.5
3279 8.258068423837603 7.081612678922174 71.25
3280 8.258068423837603 7.081612678922174 76
3281 8.258068423837603 7.081612678922174 80.75
3282 8.258068423837603 7.081612678922174 85.5
3283 8.258068423837603 7.081612678922174 90.25
3284 8.258068423837603 7.081612678922174 95
3285 8.258068423837603 7.081612678922174 99.75
3286 8.258068423837603 7.081612678922174 104.5
3287 8.258068423837603 7.081612678922174 109.25
3288 8.258068423837603 7.081612678922174 114
3289 8.258068423837603 7.081612678922174 118.75
3290 8.258068423837603 7.081612678922174 123.5
3291 8.258068423837603 7.081612678922174 128.25
3292 8.258068423837603 7.081612678922174 133
3293 8.258068423837603 7.081612678922174 137.75
3294 8.258068423837603 7.081612678922174 142.5
3295 8.258068423837603 7.081612678922174 147.25
3296 8.258068423837603 7.081612678922174 152
3297 8.258068423837603 7.081612678922174 156.75
3298 8.258068423837603 7.081612678922174 161.5
3299 8.258068423837603 7.081612678922174 166.25
3300 8.258068423837603 7.081612678922174 171
3301 8.258068423837603 7.081612678922174 175.75
3302 8.258068423837603 7.081612678922174 180.5
3303 8.258068423837603 7.081612678922174 185.25
3304 -13.50916957984254 7.953686383932078 4.75
3305 -13.50916957984254 7.953686383932078 9.5
3306 -13.50916957984254 7.953686383932078 14.25
3307 -13.50916957984254 7.953686383932078 19
3308 -13.50916957984254 7.953686383932078 23.75
3309 -13.50916957984254 7.953686383932078 28.5
3310 -13.50916957984254 7.953686383932078 33.25
3311 -13.50916957984254 7.953686383932078 38
3312 -13.50916957984254 7.953686383932078 42.75
3313 -13.50916957984254 7.953686383932078 47.5
3314 -13.50916957984254 7.953686383932078 52.25000000000001
3315 -13.50916957984254 7.953686383932078 57
3316 -13.50916957984254 7.953686383932078 61.75
3317 -13.50916957984254 7.953686383932078 66.5
3318 -13.50916957984254 7.953686383932078 71.25
3319 -13.50916957984254 7.953686383932078 76
3320 -13.50916957984254 7.953686383932078 80.75
3321 -13.50916957984254 7.953686383932078 85.5
3322 -13.50916957984254 7.953686383932078 90.25
3323 -13.50916957984254 7.953686383932078 95
3324 -13.50916957984254 7.953686383932078 99.75
3325 -13.50916957984254 7.953686383932078 104.5
3326 -13.50916957984254 7.953686383932078 109.25
3327 -13.50916957984254 7.953686383932078 114
3328 -13.50916957984254 7.953686383932078 118.75
3329 -13.50916957984254 7.953686383932078 123.5
3330 -13.50916957984254 7.953686383932078 128.25
3331 -13.50916957984254 7.953686383932078 133
3332 -13.50916957984254 7.953686383932078 137.75
3333 -13.50916957984254 7.953686383932078 142.5
3334 -13.50916957984254 7.953686383932078 147.25
3335 -13.50916957984254 7.953686383932078 152
3336 -13.50916957984254 7.953686383932078 156.75
3337 -13.50916957984254 7.953686383932078 161.5
3338 -13.50916957984254 7.953686383932078 166.25
3339 -13.50916957984254 7.953686383932078 171
3340 -13.50916957984254 7.953686383932078 175.75
3341 -13.50916957984254 7.953686383932078 180.5
3342 -13.50916957984254 7.953686383932078 185.25
3343 -0.4081426055043846 13.79530566943621 4.75
3344 -0.4081426055043846 13.79530566943621 9.5
3345 -0.4081426055043846 13.79530566943621 14.25
3346 -0.4081426055043846 13.79530566943621 19
3347 -0.4081426055043846 13.79530566943621 23.75
3348 -0.4081426055043846 13.79530566943621 28.5
3349 -0.4081426055043846 13.79530566943621 33.25
3350 -0.4081426055043846 13.79530566943621 38
3351 -0.4081426055043846 13.79530566943621 42.75
3352 -0.4081426055043846 13.79530566943621 47.5
3353 -0.4081426055043846 13.79530566943621 52.25000000000001
3354 -0.4081426055043846 13.79530566943621 57
3355 -0.4081426055043846 13.79530566943621 61.75
3356 -0.4081426055043846 13.79530566943621 66.5
3357 -0.4081426055043846 13.79530566943621 71.25
3358 -0.4081426055043846 13.79530566943621 76
3359 -0.4081426055043846 13.79530566943621 80.75
3360 -0.4081426055043846 13.79530566943621 85.5
3361 -0.4081426055043846 13.79530566943621 90.25
3362 -0.4081426055043846 13.79530566943621 95
3363 -0.4081426055043846 13.79530566943621 99.75
3364 -0.4081426055043846 13.79530566943621 104.5
3365 -0.4081426055043846 13.79530566943621 109.25
3366 -0.4081426055043846 13.79530566943621 114
3367 -0.4081426055043846 13.79530566943621 118.75
3368 -0.4081426055043846 13.79530566943621 123.5
3369 -0.4081426055043846 13.79530566943621 128.25
3370 -0.4081426055043846 13.79530566943621 133
3371 -0.4081426055043846 13.79530566943621 137.75
3372 -0.4081426055043846 13.79530566943621 142.5
3373 -0.4081426055043846 13.79530566943621 147.25
3374 -0.4081426055043846 13.79530566943621 152
3375 -0.4081426055043846 13.79530566943621 156.75
3376 -0.4081426055043846 13.79530566943621 161.5
3377 -0.4081426055043846 13.79530566943621 166.25
3378 -0.4081426055043846 13.79530566943621 171
3379 -0.4081426055043846 13.79530566943621 175.75
3380 -0.4081426055043846 13.79530566943621 180.5
3381 -0.4081426055043846 13.79530566943621 185.25
3382 -8.816097914919355 -0.8694939545162398 4.75
3383 -8.816097914919355 -0.8694939545162398 9.5
3384 -8.816097914919355 -0.8694939545162398 14.25
3385 -8.816097914919355 -0.8694939545162398 19
3386 -8.816097914919355 -0.8694939545162398 23.75
3387 -8.816097914919355 -0.8694939545162398 28.5
3388 -8.816097914919355 -0.8694939545162398 33.25
3389 -8.816097914919355 -0.8694939545162398 38
3390 -8.816097914919355 -0.8694939545162398 42.75
3391 -8.816097914919355 -0.8694939545162398 47.5
3392 -8.816097914919355 -0.8694939545162398 52.25000000000001
3393 -8.816097914919355 -0.8694939545162398 57
3394 -8.816097914919355 -0.8694939545162398 61.75
3395 -8.816097914919355 -0.8694939545162398 66.5
3396 -8.816097914919355 -0.8694939545162398 71.25
3397 -8.816097914919355 -0.8694939545162398 76
3398 -8.816097914919355 -0.8694939545162398 80.75
3399 -8.816097914919355 -0.8694939545162398 85.5
3400 -8.816097914919355 -0.8694939545162398 90.25
3401 -8.816097914919355 -0.8694939545162398 95
3402 -8.816097914919355 -0.8694939545162398 99.75
3403 -8.816097914919355 -0.8694939545162398 104.5
3404 -8.816097914919355 -0.8694939545162398 109.25
3405 -8.816097914919355 -0.8694939545162398 114
3406 -8.816097914919355 -0.8694939545162398 118.75
3407 -8.816097914919355 -0.8694939545162398 123.5
3408 -8.816097914919355 -0.8694939545162398 128.25
3409 -8.816097914919355 -0.8694939545162398 133
3410 -8.816097914919355 -0.8694939545162398 137.75
3411 -8.816097914919355 -0.8694939545162398 142.5
3412 -8.816097914919355 -0.8694939545162398 147.25
3413 -8.816097914919355 -0.8694939545162398 152
3414 -8.816097914919355 -0.8694939545162398 156.75
3415 -8.816097914919355 -0.8694939545162398 161.5
3416 -8.816097914919355 -0.8694939545162398 166.25
3417 -8.816097914919355 -0.8694939545162398 171
3418 -8.816097914919355 -0.8694939545162398 175.75
3419 -8.816097914919355 -0.8694939545162398 180.5
3420 -8.816097914919355 -0.8694939545162398 185.25
3421 8.816097914919355 0.8694939545162398 4.75
3422 8.816097914919355 0.8694939545162398 9.5
3423 8.816097914919355 0.8694939545162398 14.25
3424 8.816097914919355 0.8694939545162398 19
3425 8.816097914919355 0.8694939545162398 23.75
3426 8.816097914919355 0.8694939545162398 28.5
3427 8.816097914919355 0.8694939545162398 33.25
3428 8.816097914919355 0.8694939545162398 38
3429 8.816097914919355 0.8694939545162398 42.75
3430 8.816097914919355 0.8694939545162398 47.5
3431 8.816097914919355 0.8694939545162398 52.25000000000001
3432 8.816097914919355 0.8694939545162398 57
3433 8.816097914919355 0.8694939545162398 61.75
3434 8.816097914919355 0.8694939545162398 66.5
3435 8.816097914919355 0.8694939545162398 71.25
3436 8.816097914919355 0.8694939545162398 76
3437 8.816097914919355 0.8694939545162398 80.75
3438 8.816097914919355 0.8694939545162398 85.5
3439 8.816097914919355 0.8694939545162398 90.25
3440 8.816097914919355 0.8694939545162398 95
3441 8.816097914919355 0.8694939545162398 99.75
3442 8.816097914919355 0.8694939545162398 104.5
3443 8.816097914919355 0.8694939545162398 109.25
3444 8.816097914919355 0.8694939545162398 114
3445 8.816097914919355 0.8694939545162398 118.75
3446 8.816097914919355 0.8694939545162398 123.5
3447 8.816097914919355 0.8694939545162398 128.25
3448 8.816097914919355 0.8694939545162398 133
3449 8.816097914919355 0.8694939545162398 137.75
3450 8.816097914919355 0.8694939545162398 142.5
3451 8.816097914919355 0.8694939545162398 147.25
3452 8.816097914919355 0.8694939545162398 152
3453 8.816097914919355 0.8694939545162398 156.75
3454 8.816097914919355 0.8694939545162398 161.5
3455 8.816097914919355 0.8694939545162398 166.25
3456 8.816097914919355 0.8694939545162398 171
3457 8.816097914919355 0.8694939545162398 175.75
3458 8.816097914919355 0.8694939545162398 180.5
3459 8.816097914919355 0.8694939545162398 185.25
3460 -6.641475179321265 4.217966992344595 4.75
3461 -6.641475179321265 4.217966992344595 9.5
3462 -6.641475179321265 4.217966992344595 14.25
3463 -6.641475179321265 4.217966992344595 19
3464 -6.641475179321265 4.217966992344595 23.75
3465 -6.641475179321265 4.217966992344595 28.5
3466 -6.641475179321265 4.217966992344595 33.25
3467 -6.641475179321265 4.217966992344595 38
3468 -6.641475179321265 4.217966992344595 42.75
3469 -6.641475179321265 4.217966992344595 47.5
3470 -6.641475179321265 4.217966992344595 52.25000000000001
3471 -6.641475179321265 4.217966992344595 57
3472 -6.641475179321265 4.217966992344595 61.75
3473 -6.641475179321265 4.217966992344595 66.5
3474 -6.641475179321265 4.217966992344595 71.25
3475 -6.641475179321265 4.217966992344595 76
3476 -6.641475179321265 4.217966992344595 80.75
3477 -6.641475179321265 4.217966992344595 85.5
3478 -6.641475179321265 4.217966992344595 90.25
3479 -6.641475179321265 4.217966992344595 95
3480 -6.641475179321265 4.217966992344595 99.75
3481 -6.641475179321265 4.217966992344595 104.5
3482 -6.641475179321265 4.217966992344595 109.25
3483 -6.641475179321265 4.217966992344595 114
3484 -6.641475179321265 4.217966992344595 118.75
3485 -6.641475179321265 4.217966992344595 123.5
3486 -6.641475179321265 4.217966992344595 128.25
3487 -6.641475179321265 4.217966992344595 133
3488 -6.641475179321265 4.217966992344595 137.75
3489 -6.641475179321265 4.217966992344595 142.5
3490 -6.641475179321265 4.217966992344595 147.25
3491 -6.641475179321265 4.217966992344595 152
3492 -6.641475179321265 4.217966992344595 156.75
3493 -6.641475179321265 4.217966992344595 161.5
3494 -6.641475179321265 4.217966992344595 166.25
3495 -6.641475179321265 4.217966992344595 171
3496 -6.641475179321265 4.217966992344595 175.75
3497 -6.641475179321265 4.217966992344595 180.5
3498 -6.641475179321265 4.217966992344595 185.25
3499 6.641475179321265 -4.217966992344595 4.75
3500 6.641475179321265 -4.217966992344595 9.5
3501 6.641475179321265 -4.217966992344595 14.25
3502 6.641475179321265 -4.217966992344595 19
3503 6.641475179321265 -4.217966992344595 23.75
3504 6.641475179321265 -4.217966992344595 28.5
3505 6.641475179321265 -4.217966992344595 33.25
3506 6.641475179321265 -4.217966992344595 38
3507 6.641475179321265 -4.217966992344595 42.75
3508 6.641475179321265 -4.217966992344595 47.5
3509 6.641475179321265 -4.217966992344595 52.25000000000001
3510 6.641475179321265 -4.217966992344595 57
3511 6.641475179321265 -4.217966992344595 61.75
3512 6.641475179321265 -4.217966992344595 66.5
3513 6.641475179321265 -4.217966992344595 71.25
3514 6.641475179321265 -4.217966992344595 76
3515 6.641475179321265 -4.217966992344595 80.75
3516 6.641475179321265 -4.217966992344595 85.5
3517 6.641475179321265 -4.217966992344595 90.25
3518 6.641475179321265 -4.217966992344595 95
3519 6.641475179321265 -4.217966992344595 99.75
3520 6.641475179321265 -4.217966992344595 104.5
3521 6.641475179321265 -4.217966992344595 109.25
3522 6.641475179321265 -4.217966992344595 114
3523 6.641475179321265 -4.217966992344595 118.75
3524 6.641475179321265 -4.217966992344595 123.5
3525 6.641475179321265 -4.217966992344595 128.25
3526 6.641475179321265 -4.217966992344595 133
3527 6.641475179321265 -4.217966992344595 137.75
3528 6.641475179321265 -4.217966992344595 142.5
3529 6.641475179321265 -4.217966992344595 147.25
3530 6.641475179321265 -4.217966992344595 152
3531 6.641475179321265 -4.217966992344595 156.75
3532 6.641475179321265 -4.217966992344595 161.5
3533 6.641475179321265 -4.217966992344595 166.25
3534 6.641475179321265 -4.217966992344595 171
3535 6.641475179321265 -4.217966992344595 175.75
3536 6.641475179321265 -4.217966992344595 180.5
3537 6.641475179321265 -4.217966992344595 185.25
3538 1.887276083231843 8.306946215985326 4.75
3539 1.887276083231843 8.306946215985326 9.5
3540 1.887276083231843 8.306946215985326 14.25
3541 1.887276083231843 8.306946215985326 19
3542 1.887276083231843 8.306946215985326 23.75
3543 1.887276083231843 8.306946215985326 28.5
3544 1.887276083231843 8.306946215985326 33.25
3545 1.887276083231843 8.306946215985326 38
3546 1.887276083231843 8.306946215985326 42.75
3547 1.887276083231843 8.306946215985326 47.5
3548 1.887276083231843 8.306946215985326 52.25000000000001
3549 1.887276083231843 8.306946215985326 57
3550 1.887276083231843 8.306946215985326 61.75
3551 1.887276083231843 8.306946215985326 66.5
3552 1.887276083231843 8.306946215985326 71.25
3553 1.887276083231843 8.306946215985326 76
3554 1.887276083231843 8.306946215985326 80.75
3555 1.887276083231843 8.306946215985326 85.5
3556 1.887276083231843 8.306946215985326 90.25
3557 1.887276083231843 8.306946215985326 95
3558 1.887276083231843 8.306946215985326 99.75
3559 1.887276083231843 8.306946215985326 104.5
3560 1.887276083231843 8.306946215985326 109.25
3561 1.887276083231843 8.306946215985326 114
3562 1.887276083231843 8.306946215985326 118.75
3563 1.887276083231843 8.306946215985326 123.5
3564 1.887276083231843 8.306946215985326 128.25
3565 1.887276083231843 8.306946215985326 133
3566 1.887276083231843 8.306946215985326 137.75
3567 1.887276083231843 8.306946215985326 142.5
3568 1.887276083231843 8.306946215985326 147.25
3569 1.887276083231843 8.306946215985326 152
3570 1.887276083231843 8.306946215985326 156.75
3571 1.887276083231843 8.306946215985326 161.5
3572 1.887276083231843 8.306946215985326 166.25
3573 1.887276083231843 8.306946215985326 171
3574 1.887276083231843 8.306946215985326 175.75
3575 1.887276083231843 8.306946215985326 180.5
3576 1.887276083231843 8.306946215985326 185.25
3577 -1.887276083231843 -8.306946215985326 4.75
3578 -1.887276083231843 -8.306946215985326 9.5
3579 -1.887276083231843 -8.306946215985326 14.25
3580 -1.887276083231843 -8.306946215985326 19
3581 -1.887276083231843 -8.306946215985326 23.75
3582 -1.887276083231843 -8.306946215985326 28.5
3583 -1.887276083231843 -8.306946215985326 33.25
3584 -1.887276083231843 -8.306946215985326 38
3585 -1.887276083231843 -8.306946215985326 42.75
3586 -1.887276083231843 -8.306946215985326 47.5
3587 -1.887276083231843 -8.306946215985326 52.25000000000001
3588 -1.887276083231843 -8.306946215985326 57
3589 -1.887276083231843 -8.306946215985326 61.75
3590 -1.887276083231843 -8.306946215985326 66.5
3591 -1.887276083231843 -8.306946215985326 71.25
3592 -1.887276083231843 -8.306946215985326 76
3593 -1.887276083231843 -8.306946215985326 80.75
3594 -1.887276083231843 -8.306946215985326 85.5
3595 -1.887276083231843 -8.306946215985326 90.25
3596 -1.887276083231843 -8.306946215985326 95
3597 -1.887276083231843 -8.306946215985326 99.75
3598 -1.887276083231843 -8.306946215985326 104.5
3599 -1.887276083231843 -8.306946215985326 109.25
3600 -1.887276083231843 -8.306946215985326 114
3601 -1.887276083231843 -8.306946215985326 118.75
3602 -1.887276083231843 -8.306946215985326 123.5
3603 -1.887276083231843 -8.306946215985326 128.25
3604 -1.887276083231843 -8.306946215985326 133
3605 -1.887276083231843 -8.306946215985326 137.75
3606 -1.887276083231843 -8.306946215985326 142.5
3607 -1.887276083231843 -8.306946215985326 147.25
3608 -1.887276083231843 -8.306946215985326 152
3609 -1.887276083231843 -8.306946215985326 156.75
3610 -1.887276083231843 -8.306946215985326 161.5
3611 -1.887276083231843 -8.306946215985326 166.25
3612 -1.887276083231843 -8.306946215985326 171
3613 -1.887276083231843 -8.306946215985326 175.75
3614 -1.887276083231843 -8.306946215985326 180.5
3615 -1.887276083231843 -8.306946215985326 185.25
3616 5.217374674984268 12.11938864086816 4.75
3617 5.217374674984268 12.11938864086816 9.5
3618 5.217374674984268 12.11938864086816 14.25
3619 5.217374674984268 12.11938864086816 19
3620 5.217374674984268 12.11938864086816 23.75
3621 5.217374674984268 12.11938864086816 28.5
3622 5.217374674984268 12.11938864086816 33.25
3623 5.217374674984268 12.11938864086816 38
3624 5.217374674984268 12.11938864086816 42.75
3625 5.217374674984268 12.11938864086816 47.5
3626 5.217374674984268 12.11938864086816 52.25000000000001
3627 5.217374674984268 12.11938864086816 57
3628 5.217374674984268 12.11938864086816 61.75
3629 5.217374674984268 12.11938864086816 66.5
3630 5.217374674984268 12.11938864086816 71.25
3631 5.217374674984268 12.11938864086816 76
3632 5.217374674984268 12.11938864086816 80.75
3633 5.217374674984268 12.11938864086816 85.5
3634 5.217374674984268 12.11938864086816 90.25
3635 5.217374674984268 12.11938864086816 95
3636 5.217374674984268 12.11938864086816 99.75
3637 5.217374674984268 12.11938864086816 104.5
3638 5.217374674984268 12.11938864086816 109.25
3639 5.217374674984268 12.11938864086816 114
3640 5.217374674984268 12.11938864086816 118.75
3641 5.217374674984268 12.11938864086816 123.5
3642 5.217374674984268 12.11938864086816 128.25
3643 5.217374674984268 12.11938864086816 133
3644 5.217374674984268 12.11938864086816 137.75
3645 5.217374674984268 12.11938864086816 142.5
3646 5.217374674984268 12.11938864086816 147.25
3647 5.217374674984268 12.11938864086816 152
3648 5.217374674984268 12.11938864086816 156.75
3649 5.217374674984268 12.11938864086816 161.5
3650 5.217374674984268 12.11938864086816 166.25
3651 5.217374674984268 12.11938864086816 171
3652 5.217374674984268 12.11938864086816 175.75
3653 5.217374674984268 12.11938864086816 180.5
3654 5.217374674984268 12.11938864086816 185.25
3655 -5.217374674984268 -12.11938864086816 4.75
3656 -5.217374674984268 -12.11938864086816 9.5
3657 -5.217374674984268 -12.11938864086816 14.25
3658 -5.217374674984268 -12.11938864086816 19
3659 -5.217374674984268 -12.11938864086816 23.75
3660 -5.217374674984268 -12.11938864086816 28.5
3661 -5.217374674984268 -12.11938864086816 33.25
3662 -5.217374674984268 -12.11938864086816 38
3663 -5.217374674984268 -12.11938864086816 42.75
3664 -5.217374674984268 -12.11938864086816 47.5
3665 -5.217374674984268 -12.11938864086816 52.25000000000001
3666 -5.217374674984268 -12.11938864086816 57
3667 -5.217374674984268 -12.11938864086816 61.75
3668 -5.217374674984268 -12.11938864086816 66.5
3669 -5.217374674984268 -12.11938864086816 71.25
3670 -5.217374674984268 -12.11938864086816 76
3671 -5.217374674984268 -12.11938864086816 80.75
3672 -5.217374674984268 -12.11938864086816 85.5
3673 -5.217374674984268 -12.11938864086816 90.25
3674 -5.217374674984268 -12.11938864086816 95
3675 -5.217374674984268 -12.11938864086816 99.75
3676 -5.217374674984268 -12.11938864086816 104.5
3677 -5.217374674984268 -12.11938864086816 109.25
3678 -5.217374674984268 -12.11938864086816 114
3679 -5.217374674984268 -12.11938864086816 118.75
3680 -5.217374674984268 -12.11938864086816 123.5
3681 -5.217374674984268 -12.11938864086816 128.25
3682 -5.217374674984268 -12.11938864086816 133
3683 -5.217374674984268 -12.11938864086816 137.75
3684 -5.217374674984268 -12.11938864086816 142.5
3685 -5.217374674984268 -12.11938864086816 147.25
3686 -5.217374674984268 -12.11938864086816 152
3687 -5.217374674984268 -12.11938864086816 156.75
3688 -5.217374674984268 -12.11938864086816 161.5
3689 -5.217374674984268 -12.11938864086816 166.25
3690 -5.217374674984268 -12.11938864086816 171
3691 -5.217374674984268 -12.11938864086816 175.75
3692 -5.217374674984268 -12.11938864086816 180.5
3693 -5.217374674984268 -12.11938864086816 185.25
3694 4.017889513858509 3.513069803812702 4.75
3695 4.017889513858509 3.513069803812702 9.5
3696 4.017889513858509 3.513069803812702 14.25
3697 4.017889513858509 3.513069803812702 19
3698 4.017889513858509 3.513069803812702 23.75
3699 4.017889513858509 3.513069803812702 28.5
3700 4.017889513858509 3.513069803812702 33.25
3701 4.017889513858509 3.513069803812702 38
3702 4.017889513858509 3.513069803812702 42.75
3703 4.017889513858509 3.513069803812702 47.5
3704 4.017889513858509 3.513069803812702 52.25000000000001
3705 4.017889513858509 3.513069803812702 57
3706 4.017889513858509 3.513069803812702 61.75
3707 4.017889513858509 3.513069803812702 66.5
3708 4.017889513858509 3.513069803812702 71.25
3709 4.017889513858509 3.513069803812702 76
3710 4.017889513858509 3.513069803812702 80.75
3711 4.017889513858509 3.513069803812702 85.5
3712 4.017889513858509 3.513069803812702 90.25
3713 4.017889513858509 3.513069803812702 95
3714 4.017889513858509 3.513069803812702 99.75
3715 4.017889513858509 3.513069803812702 104.5
3716 4.017889513858509 3.513069803812702 109.25
3717 4.017889513858509 3.513069803812702 114
3718 4.017889513858509 3.513069803812702 118.75
3719 4.017889513858509 3.513069803812702 123.5
3720 4.017889513858509 3.513069803812702 128.25
3721 4.017889513858509 3.513069803812702 133
3722 4.017889513858509 3.513069803812702 137.75
3723 4.017889513858509 3.513069803812702 142.5
3724 4.017889513858509 3.513069803812702 147.25
3725 4.017889513858509 3.513069803812702 152
3726 4.017889513858509 3.513069803812702 156.75
3727 4.017889513858509 3.513069803812702 161.5
3728 4.017889513858509 3.513069803812702 166.25
3729 4.017889513858509 3.513069803812702 171
3730 4.017889513858509 3.513069803812702 175.75
3731 4.017889513858509 3.513069803812702 180.5
3732 4.017889513858509 3.513069803812702 185.25
3733 -4.017889513858509 -3.513069803812702 4.75
3734 -4.017889513858509 -3.513069803812702 9.5
3735 -4.017889513858509 -3.513069803812702 14.25
3736 -4.017889513858509 -3.513069803812702 19
3737 -4.017889513858509 -3.513069803812702 23.75
3738 -4.017889513858509 -3.513069803812702 28.5
3739 -4.017889513858509 -3.513069803812702 33.25
3740 -4.017889513858509 -3.513069803812702 38
3741 -4.017889513858509 -3.513069803812702 42.75
3742 -4.017889513858509 -3.513069803812702 47.5
3743 -4.017889513858509 -3.513069803812702 52.25000000000001
3744 -4.017889513858509 -3.513069803812702 57
3745 -4.017889513858509 -3.513069803812702 61.75
3746 -4.017889513858509 -3.513069803812702 66.5
3747 -4.017889513858509 -3.513069803812702 71.25
3748 -4.017889513858509 -3.513069803812702 76
3749 -4.017889513858509 -3.513069803812702 80.75
3750 -4.017889513858509 -3.513069803812702 85.5
3751 -4.017889513858509 -3.513069803812702 90.25
3752 -4.017889513858509 -3.513069803812702 95
3753 -4.017889513858509 -3.513069803812702 99.75
3754 -4.017889513858509 -3.513069803812702 104.5
3755 -4.017889513858509 -3.513069803812702 109.25
3756 -4.017889513858509 -3.513069803812702 114
3757 -4.017889513858509 -3.513069803812702 118.75
3758 -4.017889513858509 -3.513069803812702 123.5
3759 -4.017889513858509 -3.513069803812702 128.25
3760 -4.017889513858509 -3.513069803812702 133
3761 -4.017889513858509 -3.513069803812702 137.75
3762 -4.017889513858509 -3.513069803812702 142.5
3763 -4.017889513858509 -3.513069803812702 147.25
3764 -4.017889513858509 -3.513069803812702 152
3765 -4.017889513858509 -3.513069803812702 156.75
3766 -4.017889513858509 -3.513069803812702 161.5
3767 -4.017889513858509 -3.513069803812702 166.25
3768 -4.017889513858509 -3.513069803812702 171
3769 -4.017889513858509 -3.513069803812702 175.75
3770 -4.017889513858509 -3.513069803812702 180.5
3771 -4.017889513858509 -3.513069803812702 185.25
3772 1.751567765110108 -4.257047708322457 4.75
3773 1.751567765110108 -4.257047708322457 9.5
3774 1.751567765110108 -4.257047708322457 14.25
3775 1.751567765110108 -4.257047708322457 19
3776 1.751567765110108 -4.257047708322457 23.75
3777 1.751567765110108 -4.257047708322457 28.5
3778 1.751567765110108 -4.257047708322457 33.25
3779 1.751567765110108 -4.257047708322457 38
3780 1.751567765110108 -4.257047708322457 42.75
3781 1.751567765110108 -4.257047708322457 47.5
3782 1.751567765110108 -4.257047708322457 52.25000000000001
3783 1.751567765110108 -4.257047708322457 57
3784 1.751567765110108 -4.257047708322457 61.75
3785 1.751567765110108 -4.257047708322457 66.5
3786 1.751567765110108 -4.257047708322457 71.25
3787 1.751567765110108 -4.257047708322457 76
3788 1.751567765110108 -4.257047708322457 80.75
3789 1.751567765110108 -4.257047708322457 85.5
3790 1.751567765110108 -4.257047708322457 90.25
3791 1.751567765110108 -4.257047708322457 95
3792 1.751567765110108 -4.257047708322457 99.75
3793 1.751567765110108 -4.257047708322457 104.5
3794 1.751567765110108 -4.257047708322457 109.25
3795 1.751567765110108 -4.257047708322457 114
3796 1.751567765110108 -4.257047708322457 118.75
3797 1.751567765110108 -4.257047708322457 123.5
3798 1.751567765110108 -4.257047708322457 128.25
3799 1.751567765110108 -4.257047708322457 133
3800 1.751567765110108 -4.257047708322457 137.75
3801 1.751567765110108 -4.257047708322457 142.5
3802 1.751567765110108 -4.257047708322457 147.25
3803 1.751567765110108 -4.257047708322457 152
3804 1.751567765110108 -4.257047708322457 156.75
3805 1.751567765110108 -4.257047708322457 161.5
3806 1.751567765110108 -4.257047708322457 166.25
3807 1.751567765110108 -4.257047708322457 171
3808 1.751567765110108 -4.257047708322457 175.75
3809 1.751567765110108 -4.257047708322457 180.5
3810 1.751567765110108 -4.257047708322457 185.25
3811 -1.751567765110108 4.257047708322457 4.75
3812 -1.751567765110108 4.257047708322457 9.5
3813 -1.751567765110108 4.257047708322457 14.25
3814 -1.751567765110108 4.257047708322457 19
3815 -1.751567765110108 4.257047708322457 23.75
3816 -1.751567765110108 4.257047708322457 28.5
3817 -1.751567765110108 4.257047708322457 33.25
3818 -1.751567765110108 4.257047708322457 38
3819 -1.751567765110108 4.257047708322457 42.75
3820 -1.751567765110108 4.257047708322457 47.5
3821 -1.751567765110108 4.257047708322457 52.25000000000001
3822 -1.751567765110108 4.257047708322457 57
3823 -1.751567765110108 4.257047708322457 61.75
3824 -1.751567765110108 4.257047708322457 66.5
3825 -1.751567765110108 4.257047708322457 71.25
3826 -1.751567765110108 4.257047708322457 76
3827 -1.751567765110108 4.257047708322457 80.75
3828 -1.751567765110108 4.257047708322457 85.5
3829 -1.751567765110108 4.257047708322457 90.25
3830 -1.751567765110108 4.257047708322457 95
3831 -1.751567765110108 4.257047708322457 99.75
3832 -1.751567765110108 4.257047708322457 104.5
3833 -1.751567765110108 4.257047708322457 109.25
3834 -1.751567765110108 4.257047708322457 114
3835 -1.751567765110108 4.257047708322457 118.75
3836 -1.751567765110108 4.257047708322457 123.5
3837 -1.751567765110108 4.257047708322457 128.25
3838 -1.751567765110108 4.257047708322457 133
3839 -1.751567765110108 4.257047708322457 137.75
3840 -1.751567765110108 4.257047708322457 142.5
3841 -1.751567765110108 4.257047708322457 147.25
3842 -1.751567765110108 4.257047708322457 152
3843 -1.751567765110108 4.257047708322457 156.75
3844 -1.751567765110108 4.257047708322457 161.5
3845 -1.751567765110108 4.257047708322457 166.25
3846 -1.751567765110108 4.257047708322457 171
3847 -1.751567765110108 4.257047708322457 175.75
3848 -1.751567765110108 4.257047708322457 180.5
3849 -1.751567765110108 4.257047708322457 185.25
3850 9.160267818473482 -9.193999356468721 4.75
3851 9.160267818473482 -9.193999356468721 9.5
3852 9.160267818473482 -9.193999356468721 14.25
3853 9.160267818473482 -9.193999356468721 19
3854 9.160267818473482 -9.193999356468721 23.75
3855 9.160267818473482 -9.193999356468721 28.5
3856 9.160267818473482 -9.193999356468721 33.25
3857 9.160267818473482 -9.193999356468721 38
3858 9.160267818473482 -9.193999356468721 42.75
3859 9.160267818473482 -9.193999356468721 47.5
3860 9.160267818473482 -9.193999356468721 52.25000000000001
3861 9.160267818473482 -9.193999356468721 57
3862 9.160267818473482 -9.193999356468721 61.75
3863 9.160267818473482 -9.193999356468721 66.5
3864 9.160267818473482 -9.193999356468721 71.25
3865 9.160267818473482 -9.193999356468721 76
3866 9.160267818473482 -9.193999356468721 80.75
3867 9.160267818473482 -9.193999356468721 85.5
3868 9.160267818473482 -9.193999356468721 90.25
3869 9.160267818473482 -9.193999356468721 95
3870 9.160267818473482 -9.193999356468721 99.75
3871 9.160267818473482 -9.193999356468721 104.5
3872 9.160267818473482 -9.193999356468721 109.25
3873 9.160267818473482 -9.193999356468721 114
3874 9.160267818473482 -9.193999356468721 118.75
3875 9.160267818473482 -9.193999356468721 123.5
3876 9.160267818473482 -9.193999356468721 128.25
3877 9.160267818473482 -9.193999356468721 133
3878 9.160267818473482 -9.193999356468721 137.75
3879 9.160267818473482 -9.193999356468721 142.5
3880 9.160267818473482 -9.193999356468721 147.25
3881 9.160267818473482 -9.193999356468721 152
3882 9.160267818473482 -9.193999356468721 156.75
3883 9.160267818473482 -9.193999356468721 161.5
3884 9.160267818473482 -9.193999356468721 166.25
3885 9.160267818473482 -9.193999356468721 171
3886 9.160267818473482 -9.193999356468721 175.75
3887 9.160267818473482 -9.193999356468721 180.5
3888 9.160267818473482 -9.193999356468721 185.25
3889 -9.160267818473482 9.193999356468721 4.75
3890 -9.160267818473482 9.193999356468721 9.5
3891 -9.160267818473482 9.193999356468721 14.25
3892 -9.160267818473482 9.193999356468721 19
3893 -9.160267818473482 9.193999356468721 23.75
3894 -9.160267818473482 9.193999356468721 28.5
3895 -9.160267818473482 9.193999356468721 33.25
3896 -9.160267818473482 9.193999356468721 38
3897 -9.160267818473482 9.193999356468721 42.75
3898 -9.160267818473482 9.193999356468721 47.5
3899 -9.160267818473482 9.193999356468721 52.25000000000001
3900 -9.160267818473482 9.193999356468721 57
3901 -9.160267818473482 9.193999356468721 61.75
3902 -9.160267818473482 9.193999356468721 66.5
3903 -9.160267818473482 9.193999356468721 71.25
3904 -9.160267818473482 9.193999356468721 76
3905 -9.160267818473482 9.193999356468721 80.75
3906 -9.160267818473482 9.193999356468721 85.5
3907 -9.160267818473482 9.193999356468721 90.25
3908 -9.160267818473482 9.193999356468721 95
3909 -9.160267818473482 9.193999356468721 99.75
3910 -9.160267818473482 9.193999356468721 104.5
3911 -9.160267818473482 9.193999356468721 109.25
3912 -9.160267818473482 9.193999356468721 114
3913 -9.160267818473482 9.193999356468721 118.75
3914 -9.160267818473482 9.193999356468721 123.5
3915 -9.160267818473482 9.193999356468721 128.25
3916 -9.160267818473482 9.193999356468721 133
3917 -9.160267818473482 9.193999356468721 137.75
3918 -9.160267818473482 9.193999356468721 142.5
3919 -9.160267818473482 9.193999356468721 147.25
3920 -9.160267818473482 9.193999356468721 152
3921 -9.160267818473482 9.193999356468721 156.75
3922 -9.160267818473482 9.193999356468721 161.5
3923 -9.160267818473482 9.193999356468721 166.25
3924 -9.160267818473482 9.193999356468721 171
3925 -9.160267818473482 9.193999356468721 175.75
3926 -9.160267818473482 9.193999356468721 180.5
3927 -9.160267818473482 9.193999356468721 185.25
3928 -12.13062641402653 -4.357091810186268 4.75
3929 -12.13062641402653 -4.357091810186268 9.5
3930 -12.13062641402653 -4.357091810186268 14.25
3931 -12.13062641402653 -4.357091810186268 19
3932 -12.13062641402653 -4.357091810186268 23.75
3933 -12.13062641402653 -4.357091810186268 28.5
3934 -12.13062641402653 -4.357091810186268 33.25
3935 -12.13062641402653 -4.357091810186268 38
3936 -12.13062641402653 -4.357091810186268 42.75
3937 -12.13062641402653 -4.357091810186268 47.5
3938 -12.13062641402653 -4.357091810186268 52.25000000000001
3939 -12.13062641402653 -4.357091810186268 57
3940 -12.13062641402653 -4.357091810186268 61.75
3941 -12.13062641402653 -4.357091810186268 66.5
3942 -12.13062641402653 -4.357091810186268 71.25
3943 -12.13062641402653 -4.357091810186268 76
3944 -12.13062641402653 -4.357091810186268 80.75
3945 -12.13062641402653 -4.357091810186268 85.5
3946 -12.13062641402653 -4.357091810186268 90.25
3947 -12.13062641402653 -4.357091810186268 95
3948 -12.13062641402653 -4.357091810186268 99.75
3949 -12.13062641402653 -4.357091810186268 104.5
3950 -12.13062641402653 -4.357091810186268 109.25
3951 -12.13062641402653 -4.357091810186268 114
3952 -12.13062641402653 -4.357091810186268 118.75
3953 -12.13062641402653 -4.357091810186268 123.5
3954 -12.13062641402653 -4.357091810186268 128.25
3955 -12.13062641402653 -4.357091810186268 133
3956 -12.13062641402653 -4.357091810186268 137.75
3957 -12.13062641402653 -4.357091810186268 142.5
3958 -12.13062641402653 -4.357091810186268 147.25
3959 -12.13062641402653 -4.357091810186268 152
3960 -12.13062641402653 -4.357091810186268 156.75
3961 -12.13062641402653 -4.357091810186268 161.5
3962 -12.13062641402653 -4.357091810186268 166.25
3963 -12.13062641402653 -4.357091810186268 171
3964 -12.13062641402653 -4.357091810186268 175.75
3965 -12.13062641402653 -4.357091810186268 180.5
3966 -12.13062641402653 -4.357091810186268 185.25
3967 12.13062641402653 4.357091810186268 4.75
3968 12.13062641402653 4.357091810186268 9.5
3969 12.13062641402653 4.357091810186268 14.25
3970 12.13062641402653 4.357091810186268 19
3971 12.13062641402653 4.357091810186268 23.75
3972 12.13062641402653 4.357091810186268 28.5
3973 12.13062641402653 4.357091810186268 33.25
3974 12.13062641402653 4.357091810186268 38
3975 12.13062641402653 4.357091810186268 42.75
3976 12.13062641402653 4.357091810186268 47.5
3977 12.13062641402653 4.357091810186268 52.25000000000001
3978 12.13062641402653 4.357091810186268 57
3979 12.13062641402653 4.357091810186268 61.75
3980 12.13062641402653 4.357091810186268 66.5
3981 12.13062641402653 4.357091810186268 71.25
3982 12.13062641402653 4.357091810186268 76
3983 12.13062641402653 4.357091810186268 80.75
3984 12.13062641402653 4.357091810186268 85.5
3985 12.13062641402653 4.357091810186268 90.25
3986 12.13062641402653 4.357091810186268 95
3987 12.13062641402653 4.357091810186268 99.75
3988 12.13062641402653 4.357091810186268 104.5
3989 12.13062641402653 4.357091810186268 109.25
3990 12.13062641402653 4.357091810186268 114
3991 12.13062641402653 4.357091810186268 118.75
3992 12.13062641402653 4.357091810186268 123.5
3993 12.13062641402653 4.357091810186268 128.25
3994 12.13062641402653 4.357091810186268 133
3995 12.13062641402653 4.357091810186268 137.75
3996 12.13062641402653 4.357091810186268 142.5
3997 12.13062641402653 4.357091810186268 147.25
3998 12.13062641402653 4.357091810186268 152
3999 12.13062641402653 4.357091810186268 156.75
4000 12.13062641402653 4.357091810186268 161.5
4001 12.13062641402653 4.357091810186268 166.25
4002 12.13062641402653 4.357091810186268 171
4003 12.13062641402653 4.357091810186268 175.75
4004 12.13062641402653 4.357091810186268 180.5
4005 12.13062641402653 4.357091810186268 185.25
4006 9.687145114470383 11.11831968359776 4.75
4007 9.687145114470383 11.11831968359776 9.5
4008 9.687145114470383 11.11831968359776 14.25
4009 9.687145114470383 11.11831968359776 19
4010 9.687145114470383 11.11831968359776 23.75
4011 9.687145114470383 11.11831968359776 28.5
4012 9.687145114470383 11.11831968359776 33.25
4013 9.687145114470383 11.11831968359776 38
4014 9.687145114470383 11.11831968359776 42.75
4015 9.687145114470383 11.11831968359776 47.5
4016 9.687145114470383 11.11831968359776 52.25000000000001
4017 9.687145114470383 11.11831968359776 57
4018 9.687145114470383 11.11831968359776 61.75
4019 9.687145114470383 11.11831968359776 66.5
4020 9.687145114470383 11.11831968359776 71.25
4021 9.687145114470383 11.11831968359776 76
4022 9.687145114470383 11.11831968359776 80.75
4023 9.687145114470383 11.11831968359776 85.5
4024 9.687145114470383 11.11831968359776 90.25
4025 9.687145114470383 11.11831968359776 95
4026 9.687145114470383 11.11831968359776 99.75
4027 9.687145114470383 11.11831968359776 104.5
4028 9.687145114470383 11.11831968359776 109.25
4029 9.687145114470383 11.11831968359776 114
4030 9.687145114470383 11.11831968359776 118.75
4031 9.687145114470383 11.11831968359776 123.5
4032 9.687145114470383 11.11831968359776 128.25
4033 9.687145114470383 11.11831968359776 133
4034 9.687145114470383 11.11831968359776 137.75
4035 9.687145114470383 11.11831968359776 142.5
4036 9.687145114470383 11.11831968359776 147.25
4037 9.687145114470383 11.11831968359776 152
4038 9.687145114470383 11.11831968359776 156.75
4039 9.687145114470383 11.11831968359776 161.5
4040 9.687145114470383 11.11831968359776 166.25
4041 9.687145114470383 11.11831968359776 171
4042 9.687145114470383 11.11831968359776 175.75
4043 9.687145114470383 11.11831968359776 180.5
4044 9.687145114470383 11.11831968359776 185.25
4045 -9.687145114470383 -11.11831968359776 4.75
4046 -9.687145114470383 -11.11831968359776 9.5
4047 -9.687145114470383 -11.11831968359776 14.25
4048 -9.687145114470383 -11.11831968359776 19
4049 -9.687145114470383 -11.11831968359776 23.75
4050 -9.687145114470383 -11.11831968359776 28.5
4051 -9.687145114470383 -11.11831968359776 33.25
4052 -9.687145114470383 -11.11831968359776 38
4053 -9.687145114470383 -11.11831968359776 42.75
4054 -9.687145114470383 -11.11831968359776 47.5
4055 -9.687145114470383 -11.11831968359776 52.25000000000001
4056 -9.687145114470383 -11.11831968359776 57
4057 -9.687145114470383 -11.11831968359776 61.75
4058 -9.687145114470383 -11.11831968359776 66.5
4059 -9.687145114470383 -11.11831968359776 71.25
4060 -9.687145114470383 -11.11831968359776 76
4061 -9.687145114470383 -11.11831968359776 80.75
4062 -9.687145114470383 -11.11831968359776 85.5
4063 -9.687145114470383 -11.11831968359776 90.25
4064 -9.687145114470383 -11.11831968359776 95
4065 -9.687145114470383 -11.11831968359776 99.75
4066 -9.687145114470383 -11.11831968359776 104.5
4067 -9.687145114470383 -11.11831968359776 109.25
4068 -9.687145114470383 -11.11831968359776 114
4069 -9.687145114470383 -11.11831968359776 118.75
4070 -9.687145114470383 -11.11831968359776 123.5
4071 -9.687145114470383 -11.11831968359776 128.25
4072 -9.687145114470383 -11.11831968359776 133
4073 -9.687145114470383 -11.11831968359776 137.75
4074 -9.687145114470383 -11.11831968359776 142.5
4075 -9.687145114470383 -11.11831968359776 147.25
4076 -9.687145114470383 -11.11831968359776 152
4077 -9.687145114470383 -11.11831968359776 156.75
4078 -9.687145114470383 -11.11831968359776 161.5
4079 -9.687145114470383 -11.11831968359776 166.25
4080 -9.687145114470383 -11.11831968359776 171
4081 -9.687145114470383 -11.11831968359776 175.75
4082 -9.687145114470383 -11.11831968359776 180.5
4083 -9.687145114470383 -11.11831968359776 185.25
4084 -12.35894587879671 3.545537289787412 4.75
4085 -12.35894587879671 3.545537289787412 9.5
4086 -12.35894587879671 3.545537289787412 14.25
4087 -12.35894587879671 3.545537289787412 19
4088 -12.35894587879671 3.545537289787412 23.75
4089 -12.35894587879671 3.545537289787412 28.5
4090 -12.35894587879671 3.545537289787412 33.25
4091 -12.35894587879671 3.545537289787412 38
4092 -12.35894587879671 3.545537289787412 42.75
4093 -12.35894587879671 3.545537289787412 47.5
4094 -12.35894587879671 3.545537289787412 52.25000000000001
4095 -12.35894587879671 3.545537289787412 57
4096 -12.35894587879671 3.545537289787412 61.75
4097 -12.35894587879671 3.545537289787412 66.5
4098 -12.35894587879671 3.545537289787412 71.25
4099 -12.35894587879671 3.545537289787412 76
4100 -12.35894587879671 3.545537289787412 80.75
4101 -12.35894587879671 3.545537289787412 85.5
4102 -12.35894587879671 3.545537289787412 90.25
4103 -12.35894587879671 3.545537289787412 95
4104 -12.35894587879671 3.545537289787412 99.75
4105 -12.35894587879671 3.545537289787412 104.5
4106 -12.35894587879671 3.545537289787412 109.25
4107 -12.35894587879671 3.545537289787412 114
4108 -12.35894587879671 3.545537289787412 118.75
4109 -12.35894587879671 3.545537289787412 123.5
4110 -12.35894587879671 3.545537289787412 128.25
4111 -12.35894587879671 3.545537289787412 133
4112 -12.35894587879671 3.545537289787412 137.75
4113 -12.35894587879671 3.545537289787412 142.5
4114 -12.35894587879671 3.545537289787412 147.25
4115 -12.35894587879671 3.545537289787412 152
4116 -12.35894587879671 3.545537289787412 156.75
4117 -12.35894587879671 3.545537289787412 161.5
4118 -12.35894587879671 3.545537289787412 166.25
4119 -12.35894587879671 3.545537289787412 171
4120 -12.35894587879671 3.545537289787412 175.75
4121 -12.35894587879671 3.545537289787412 180.5
4122 -12.35894587879671 3.545537289787412 185.25
4123 12.35894587879671 -3.545537289787412 4.75
4124 12.35894587879671 -3.545537289787412 9.5
4125 12.35894587879671 -3.545537289787412 14.25
4126 12.35894587879671 -3.545537289787412 19
4127 12.35894587879671 -3.545537289787412 23.75
4128 12.35894587879671 -3.545537289787412 28.5
4129 12.35894587879671 -3.545537289787412 33.25
4130 12.35894587879671 -3.545537289787412 38
4131 12.35894587879671 -3.545537289787412 42.75
4132 12.35894587879671 -3.545537289787412 47.5
4133 12.35894587879671 -3.545537289787412 52.25000000000001
4134 12.35894587879671 -3.545537289787412 57
4135 12.35894587879671 -3.545537289787412 61.75
4136 12.35894587879671 -3.545537289787412 66.5
4137 12.35894587879671 -3.545537289787412 71.25
4138 12.35894587879671 -3.545537289787412 76
4139 12.35894587879671 -3.545537289787412 80.75
4140 12.35894587879671 -3.545537289787412 85.5
4141 12.35894587879671 -3.545537289787412 90.25
4142 12.35894587879671 -3.545537289787412 95
4143 12.35894587879671 -3.545537289787412 99.75
4144 12.35894587879671 -3.545537289787412 104.5
4145 12.35894587879671 -3.545537289787412 109.25
4146 12.35894587879671 -3.545537289787412 114
4147 12.35894587879671 -3.545537289787412 118.75
4148 12.35894587879671 -3.545537289787412 123.5
4149 12.35894587879671 -3.545537289787412 128.25
4150 12.35894587879671 -3.545537289787412 133
4151 12.35894587879671 -3.545537289787412 137.75
4152 12.35894587879671 -3.545537289787412 142.5
4153 12.35894587879671 -3.545537289787412 147.25
4154 12.35894587879671 -3.545537289787412 152
4155 12.35894587879671 -3.545537289787412 156.75
4156 12.35894587879671 -3.545537289787412 161.5
4157 12.35894587879671 -3.545537289787412 166.25
4158 12.35894587879671 -3.545537289787412 171
4159 12.35894587879671 -3.545537289787412 175.75
4160 12.35894587879671 -3.545537289787412 180.5
4161 12.35894587879671 -3.545537289787412 185.25
4162 -4.317412438291059 0.7389201338348677 4.75
4163 -4.317412438291059 0.7389201338348677 9.5
4164 -4.317412438291059 0.7389201338348677 14.25
4165 -4.317412438291059 0.7389201338348677 19
4166 -4.317412438291059 0.7389201338348677 23.75
4167 -4.317412438291059 0.7389201338348677 28.5
4168 -4.317412438291059 0.7389201338348677 33.25
4169 -4.317412438291059 0.7389201338348677 38
4170 -4.317412438291059 0.7389201338348677 42.75
4171 -4.317412438291059 0.7389201338348677 47.5
4172 -4.317412438291059 0.7389201338348677 52.25000000000001
4173 -4.317412438291059 0.7389201338348677 57
4174 -4.317412438291059 0.7389201338348677 61.75
4175 -4.317412438291059 0.7389201338348677 66.5
4176 -4.317412438291059 0.7389201338348677 71.25
4177 -4.317412438291059 0.7389201338348677 76
4178 -4.317412438291059 0.7389201338348677 80.75
4179 -4.317412438291059 0.7389201338348677 85.5
4180 -4.317412438291059 0.7389201338348677 90.25
4181 -4.317412438291059 0.7389201338348677 95
4182 -4.317412438291059 0.7389201338348677 99.75
4183 -4.317412438291059 0.7389201338348677 104.5
4184 -4.317412438291059 0.7389201338348677 109.25
4185 -4.317412438291059 0.7389201338348677 114
4186 -4.317412438291059 0.7389201338348677 118.75
4187 -4.317412438291059 0.7389201338348677 123.5
4188 -4.317412438291059 0.7389201338348677 128.25
4189 -4.317412438291059 0.7389201338348677 133
4190 -4.317412438291059 0.7389201338348677 137.75
4191 -4.317412438291059 0.7389201338348677 142.5
4192 -4.317412438291059 0.7389201338348677 147.25
4193 -4.317412438291059 0.7389201338348677 152
4194 -4.317412438291059 0.7389201338348677 156.75
4195 -4.317412438291059 0.7389201338348677 161.5
4196 -4.317412438291059 0.7389201338348677 166.25
4197 -4.317412438291059 0.7389201338348677 171
4198 -4.317412438291059 0.7389201338348677 175.75
4199 -4.317412438291059 0.7389201338348677 180.5
4200 -4.317412438291059 0.7389201338348677 185.25
4201 4.317412438291059 -0.7389201338348677 4.75
4202 4.317412438291059 -0.7389201338348677 9.5
4203 4.317412438291059 -0.7389201338348677 14.25
4204 4.317412438291059 -0.7389201338348677 19
4205 4.317412438291059 -0.7389201338348677 23.75
4206 4.317412438291059 -0.7389201338348677 28.5
4207 4.317412438291059 -0.7389201338348677 33.25
4208 4.317412438291059 -0.7389201338348677 38
4209 4.317412438291059 -0.7389201338348677 42.75
4210 4.317412438291059 -0.7389201338348677 47.5
4211 4.317412438291059 -0.7389201338348677 52.25000000000001
4212 4.317412438291059 -0.7389201338348677 57
4213 4.317412438291059 -0.7389201338348677 61.75
4214 4.317412438291059 -0.7389201338348677 66.5
4215 4.317412438291059 -0.7389201338348677 71.25
4216 4.317412438291059 -0.7389201338348677 76
4217 4.317412438291059 -0.7389201338348677 80.75
4218 4.317412438291059 -0.7389201338348677 85.5
4219 4.317412438291059 -0.7389201338348677 90.25
4220 4.317412438291059 -0.7389201338348677 95
4221 4.317412438291059 -0.7389201338348677 99.75
4222 4.317412438291059 -0.7389201338348677 104.5
4223 4.317412438291059 -0.7389201338348677 109.25
4224 4.317412438291059 -0.7389201338348677 114
4225 4.317412438291059 -0.7389201338348677 118.75
4226 4.317412438291059 -0.7389201338348677 123.5
4227 4.317412438291059 -0.7389201338348677 128.25
4228 4.317412438291059 -0.7389201338348677 133
4229 4.317412438291059 -0.7389201338348677 137.75
4230 4.317412438291059 -0.7389201338348677 142.5
4231 4.317412438291059 -0.7389201338348677 147.25
4232 4.317412438291059 -0.7389201338348677 152
4233 4.317412438291059 -0.7389201338348677 156.75
4234 4.317412438291059 -0.7389201338348677 161.5
4235 4.317412438291059 -0.7389201338348677 166.25
4236 4.317412438291059 -0.7389201338348677 171
4237 4.317412438291059 -0.7389201338348677 175.75
4238 4.317412438291059 -0.7389201338348677 180.5
4239 4.317412438291059 -0.7389201338348677 185.25
4240 12.98767478613291 8.385080755419784 4.75
4241 12.98767478613291 8.385080755419784 9.5
4242 12.98767478613291 8.385080755419784 14.25
4243 12.98767478613291 8.385080755419784 19
4244 12.98767478613291 8.385080755419784 23.75
4245 12.98767478613291 8.385080755419784 28.5
4246 12.98767478613291 8.385080755419784 33.25
4247 12.98767478613291 8.385080755419784 38
4248 12.98767478613291 8.385080755419784 42.75
4249 12.98767478613291 8.385080755419784 47.5
4250 12.98767478613291 8.385080755419784 52.25000000000001
4251 12.98767478613291 8.385080755419784 57
4252 12.98767478613291 8.385080755419784 61.75
4253 12.98767478613291 8.385080755419784 66.5
4254 12.98767478613291 8.385080755419784 71.25
4255 12.98767478613291 8.385080755419784 76
4256 12.98767478613291 8.385080755419784 80.75
4257 12.98767478613291 8.385080755419784 85.5
4258 12.98767478613291 8.385080755419784 90.25
4259 12.98767478613291 8.385080755419784 95
4260 12.98767478613291 8.385080755419784 99.75
4261 12.98767478613291 8.385080755419784 104.5
4262 12.98767478613291 8.385080755419784 109.25
4263 12.98767478613291 8.385080755419784 114
4264 12.98767478613291 8.385080755419784 118.75
4265 12.98767478613291 8.385080755419784 123.5
4266 12.98767478613291 8.385080755419784 128.25
4267 12.98767478613291 8.385080755419784 133
4268 12.98767478613291 8.385080755419784 137.75
4269 12.98767478613291 8.385080755419784 142.5
4270 12.98767478613291 8.385080755419784 147.25
4271 12.98767478613291 8.385080755419784 152
4272 12.98767478613291 8.385080755419784 156.75
4273 12.98767478613291 8.385080755419784 161.5
4274 12.98767478613291 8.385080755419784 166.25
4275 12.98767478613291 8.385080755419784 171
4276 12.98767478613291 8.385080755419784 175.75
4277 12.98767478613291 8.385080755419784 180.5
4278 12.98767478613291 8.385080755419784 185.25
4279 -12.98767478613291 -8.385080755419784 4.75
4280 -12.98767478613291 -8.385080755419784 9.5
4281 -12.98767478613291 -8.385080755419784 14.25
4282 -12.98767478613291 -8.385080755419784 19
4283 -12.98767478613291 -8.385080755419784 23.75
4284 -12.98767478613291 -8.385080755419784 28.5
4285 -12.98767478613291 -8.385080755419784 33.25
4286 -12.98767478613291 -8.385080755419784 38
4287 -12.98767478613291 -8.385080755419784 42.75
4288 -12.98767478613291 -8.385080755419784 47.5
4289 -12.98767478613291 -8.385080755419784 52.25000000000001
4290 -12.98767478613291 -8.385080755419784 57
4291 -12.98767478613291 -8.385080755419784 61.75
4292 -12.98767478613291 -8.385080755419784 66.5
4293 -12.98767478613291 -8.385080755419784 71.25
4294 -12.98767478613291 -8.385080755419784 76
4295 -12.98767478613291 -8.385080755419784 80.75
4296 -12.98767478613291 -8.385080755419784 85.5
4297 -12.98767478613291 -8.385080755419784 90.25
4298 -12.98767478613291 -8.385080755419784 95
4299 -12.98767478613291 -8.385080755419784 99.75
4300 -12.98767478613291 -8.385080755419784 104.5
4301 -12.98767478613291 -8.385080755419784 109.25
4302 -12.98767478613291 -8.385080755419784 114
4303 -12.98767478613291 -8.385080755419784 118.75
4304 -12.98767478613291 -8.385080755419784 123.5
4305 -12.98767478613291 -8.385080755419784 128.25
4306 -12.98767478613291 -8.385080755419784 133
4307 -12.98767478613291 -8.385080755419784 137.75
4308 -12.98767478613291 -8.385080755419784 142.5
4309 -12.98767478613291 -8.385080755419784 147.25
4310 -12.98767478613291 -8.385080755419784 152
4311 -12.98767478613291 -8.385080755419784 156.75
4312 -12.98767478613291 -8.385080755419784 161.5
4313 -12.98767478613291 -8.385080755419784 166.25
4314 -12.98767478613291 -8.385080755419784 171
4315 -12.98767478613291 -8.385080755419784 175.75
4316 -12.98767478613291 -8.385080755419784 180.5
4317 -12.98767478613291 -8.385080755419784 185.25
4318 13.58933727182403 1.33620969497955 4.75
4319 13.58933727182403 1.33620969497955 9.5
4320 13.58933727182403 1.33620969497955 14.25
4321 13.58933727182403 1.33620969497955 19
4322 13.58933727182403 1.33620969497955 23.75
4323 13.58933727182403 1.33620969497955 28.5
4324 13.58933727182403 1.33620969497955 33.25
4325 13.58933727182403 1.33620969497955 38
4326 13.58933727182403 1.33620969497955 42.75
4327 13.58933727182403 1.33620969497955 47.5
4328 13.58933727182403 1.33620969497955 52.25000000000001
4329 13.58933727182403 1.33620969497955 57
4330 13.58933727182403 1.33620969497955 61.75
4331 13.58933727182403 1.33620969497955 66.5
4332 13.58933727182403 1.33620969497955 71.25
4333 13.58933727182403 1.33620969497955 76
4334 13.58933727182403 1.33620969497955 80.75
4335 13.58933727182403 1.33620969497955 85.5
4336 13.58933727182403 1.33620969497955 90.25
4337 13.58933727182403 1.33620969497955 95
4338 13.58933727182403 1.33620969497955 99.75
4339 13.58933727182403 1.33620969497955 104.5
4340 13.58933727182403 1.33620969497955 109.25
4341 13.58933727182403 1.33620969497955 114
4342 13.58933727182403 1.33620969497955 118.75
4343 13.58933727182403 1.33620969497955 123.5
4344 13.58933727182403 1.33620969497955 128.25
4345 13.58933727182403 1.33620969497955 133
4346 13.58933727182403 1.33620969497955 137.75
4347 13.58933727182403 1.33620969497955 142.5
4348 13.58933727182403 1.33620969497955 147.25
4349 13.58933727182403 1.33620969497955 152
4350 13.58933727182403 1.33620969497955 156.75
4351 13.58933727182403 1.33620969497955 161.5
4352 13.58933727182403 1.33620969497955 166.25
4353 13.58933727182403 1.33620969497955 171
4354 13.58933727182403 1.33620969497955 175.75
4355 13.58933727182403 1.33620969497955 180.5
4356 13.58933727182403 1.33620969497955 185.25
4357 -13.58933727182403 -1.33620969497955 4.75
4358 -13.58933727182403 -1.33620969497955 9.5
4359 -13.58933727182403 -1.33620969497955 14.25
4360 -13.58933727182403 -1.33620969497955 19
4361 -13.58933727182403 -1.33620969497955 23.75
4362 -13.58933727182403 -1.33620969497955 28.5
4363 -13.58933727182403 -1.33620969497955 33.25
4364 -13.58933727182403 -1.33620969497955 38
4365 -13.58933727182403 -1.33620969497955 42.75
4366 -13.58933727182403 -1.33620969497955 47.5
4367 -13.58933727182403 -1.33620969497955 52.25000000000001
4368 -13.58933727182403 -1.33620969497955 57
4369 -13.58933727182403 -1.33620969497955 61.75
4370 -13.58933727182403 -1.33620969497955 66.5
4371 -13.58933727182403 -1.33620969497955 71.25
4372 -13.58933727182403 -1.33620969497955 76
4373 -13.58933727182403 -1.33620969497955 80.75
4374 -13.58933727182403 -1.33620969497955 85.5
4375 -13.58933727182403 -1.33620969497955 90.25
4376 -13.58933727182403 -1.33620969497955 95
4377 -13.58933727182403 -1.33620969497955 99.75
4378 -13.58933727182403 -1.33620969497955 104.5
4379 -13.58933727182403 -1.33620969497955 109.25
4380 -13.58933727182403 -1.33620969497955 114
4381 -13.58933727182403 -1.33620969497955 118.75
4382 -13.58933727182403 -1.33620969497955 123.5
4383 -13.58933727182403 -1.33620969497955 128.25
4384 -13.58933727182403 -1.33620969497955 133
4385 -13.58933727182403 -1.33620969497955 137.75
4386 -13.58933727182403 -1.33620969497955 142.5
4387 -13.58933727182403 -1.33620969497955 147.25
4388 -13.58933727182403 -1.33620969497955 152
4389 -13.58933727182403 -1.33620969497955 156.75
4390 -13.58933727182403 -1.33620969497955 161.5
4391 -13.58933727182403 -1.33620969497955 166.25
4392 -13.58933727182403 -1.33620969497955 171
4393 -13.58933727182403 -1.33620969497955 175.75
4394 -13.58933727182403 -1.33620969497955 180.5
4395 -13.58933727182403 -1.33620969497955 185.25
4396 -5.256292360615085 12.84102901623515 4.75
4397 -5.256292360615085 12.84102901623515 9.5
4398 -5.256292360615085 12.84102901623515 14.25
4399 -5.256292360615085 12.84102901623515 19
4400 -5.256292360615085 12.84102901623515 23.75
4401 -5.256292360615085 12.84102901623515 28.5
4402 -5.256292360615085 12.84102901623515 33.25
4403 -5.256292360615085 12.84102901623515 38
4404 -5.256292360615085 12.84102901623515 42.75
4405 -5.256292360615085 12.84102901623515 47.5
4406 -5.256292360615085 12.84102901623515 52.25000000000001
4407 -5.256292360615085 12.84102901623515 57
4408 -5.256292360615085 12.84102901623515 61.75
4409 -5.256292360615085 12.84102901623515 66.5
4410 -5.256292360615085 12.84102901623515 71.25
4411 -5.256292360615085 12.84102901623515 76
4412 -5.256292360615085 12.84102901623515 80.75
4413 -5.256292360615085 12.84102901623515 85.5
4414 -5.256292360615085 12.84102901623515 90.25
4415 -5.256292360615085 12.84102901623515 95
4416 -5.256292360615085 12.84102901623515 99.75
4417 -5.256292360615085 12.84102901623515 104.5
4418 -5.256292360615085 12.84102901623515 109.25
4419 -5.256292360615085 12.84102901623515 114
4420 -5.256292360615085 12.84102901623515 118.75
4421 -5.256292360615085 12.84102901623515 123.5
4422 -5.256292360615085 12.84102901623515 128.25
4423 -5.256292360615085 12.84102901623515 133
4424 -5.256292360615085 12.84102901623515 137.75
4425 -5.256292360615085 12.84102901623515 142.5
4426 -5.256292360615085 12.84102901623515 147.25
4427 -5.256292360615085 12.84102901623515 152
4428 -5.256292360615085 12.84102901623515 156.75
4429 -5.256292360615085 12.84102901623515 161.5
4430 -5.256292360615085 12.84102901623515 166.25
4431 -5.256292360615085 12.84102901623515 171
4432 -5.256292360615085 12.84102901623515 175.75
4433 -5.256292360615085 12.84102901623515 180.5
4434 -5.256292360615085 12.84102901623515 185.25
4435 5.256292360615085 -12.84102901623515 4.75
4436 5.256292360615085 -12.84102901623515 9.5
4437 5.256292360615085 -12.84102901623515 14.25
4438 5.256292360615085 -12.84102901623515 19
4439 5.256292360615085 -12.84102901623515 23.75
4440 5.256292360615085 -12.84102901623515 28.5
4441 5.256292360615085 -12.84102901623515 33.25
4442 5.256292360615085 -12.84102901623515 38
4443 5.256292360615085 -12.84102901623515 42.75
4444 5.256292360615085 -12.84102901623515 47.5
4445 5.256292360615085 -12.84102901623515 52.25000000000001
4446 5.256292360615085 -12.84102901623515 57
4447 5.256292360615085 -12.84102901623515 61.75
4448 5.256292360615085 -12.84102901623515 66.5
4449 5.256292360615085 -12.84102901623515 71.25
4450 5.256292360615085 -12.84102901623515 76
4451 5.256292360615085 -12.84102901623515 80.75
4452 5.256292360615085 -12.84102901623515 85.5
4453 5.256292360615085 -12.84102901623515 90.25
4454 5.256292360615085 -12.84102901623515 95
4455 5.256292360615085 -12.84102901623515 99.75
4456 5.256292360615085 -12.84102901623515 104.5
4457 5.256292360615085 -12.84102901623515 109.25
4458 5.256292360615085 -12.84102901623515 114
4459 5.256292360615085 -12.84102901623515 118.75
4460 5.256292360615085 -12.84102901623515 123.5
4461 5.256292360615085 -12.84102901623515 128.25
4462 5.256292360615085 -12.84102901623515 133
4463 5.256292360615085 -12.84102901623515 137.75
4464 5.256292360615085 -12.84102901623515 142.5
4465 5.256292360615085 -12.84102901623515 147.25
4466 5.256292360615085 -12.84102901623515 152
4467 5.256292360615085 -12.84102901623515 156.75
4468 5.256292360615085 -12.84102901623515 161.5
4469 5.256292360615085 -12.84102901623515 166.25
4470 5.256292360615085 -12.84102901623515 171
4471 5.256292360615085 -12.84102901623515 175.75
4472 5.256292360615085 -12.84102901623515 180.5
4473 5.256292360615085 -12.84102901623515 185.25
4474 0 0 190.8333333333333
4475 0 0 191.6666666666667
4476 0 0 192.5
4477 0 0 193.3333333333333
4478 0 0 194.1666666666667
4479 0 0 195
4480 0 0 195.8333333333333
4481 0 0 196.6666666666667
4482 0 0 197.5
4483 0 0 198.3333333333333
4484 0 0 199.1666666666667
4485 -3.722670322348144 8.715840055260911 190.8333333333333
4486 -3.722670322348144 8.715840055260911 191.6666666666667
4487 -3.722670322348144 8.715840055260911 192.5
4488 -3.722670322348144 8.715840055260911 193.3333333333333
4489 -3.722670322348144 8.715840055260911 194.1666666666667
4490 -3.722670322348144 8.715840055260911 195
4491 -3.722670322348144 8.715840055260911 195.8333333333333
4492 -3.722670322348144 8.715840055260911 196.6666666666667
4493 -3.722670322348144 8.715840055260911 197.5
4494 -3.722670322348144 8.715840055260911 198.3333333333333
4495 -3.722670322348144 8.715840055260911 199.1666666666667
4496 3.722670322348144 -8.715840055260911 190.8333333333333
4497 3.722670322348144 -8.715840055260911 191.6666666666667
4498 3.722670322348144 -8.715840055260911 192.5
4499 3.722670322348144 -8.715840055260911 193.3333333333333
4500 3.722670322348144 -8.715840055260911 194.1666666666667
4501 3.722670322348144 -8.715840055260911 195
4502 3.722670322348144 -8.715840055260911 195.8333333333333
4503 3.722670322348144 -8.715840055260911 196.6666666666667
4504 3.722670322348144 -8.715840055260911 197.5
4505 3.722670322348144 -8.715840055260911 198.3333333333333
4506 3.722670322348144 -8.715840055260911 199.1666666666667
4507 0.4081426055043846 -13.79530566943621 190.8333333333333
4508 0.4081426055043846 -13.79530566943621 191.6666666666667
4509 0.4081426055043846 -13.79530566943621 192.5
4510 0.4081426055043846 -13.79530566943621 193.3333333333333
4511 0.4081426055043846 -13.79530566943621 194.1666666666667
4512 0.4081426055043846 -13.79530566943621 195
4513 0.4081426055043846 -13.79530566943621 195.8333333333333
4514 0.4081426055043846 -13.79530566943621 196.6666666666667
4515 0.4081426055043846 -13.79530566943621 197.5
4516 0.4081426055043846 -13.79530566943621 198.3333333333333
4517 0.4081426055043846 -13.79530566943621 199.1666666666667
4518 -8.258068423837603 -7.081612678922174 190.8333333333333
4519 -8.258068423837603 -7.081612678922174 191.6666666666667
4520 -8.258068423837603 -7.081612678922174 192.5
4521 -8.258068423837603 -7.081612678922174 193.3333333333333
4522 -8.258068423837603 -7.081612678922174 194.1666666666667
4523 -8.258068423837603 -7.081612678922174 195
4524 -8.258068423837603 -7.081612678922174 195.8333333333333
4525 -8.258068423837603 -7.081612678922174 196.6666666666667
4526 -8.258068423837603 -7.081612678922174 197.5
4527 -8.258068423837603 -7.081612678922174 198.3333333333333
4528 -8.258068423837603 -7.081612678922174 199.1666666666667
4529 13.50916957984254 -7.953686383932078 190.8333333333333
4530 13.50916957984254 -7.953686383932078 191.6666666666667
4531 13.50916957984254 -7.953686383932078 192.5
4532 13.50916957984254 -7.953686383932078 193.3333333333333
4533 13.50916957984254 -7.953686383932078 194.1666666666667
4534 13.50916957984254 -7.953686383932078 195
4535 13.50916957984254 -7.953686383932078 195.8333333333333
4536 13.50916957984254 -7.953686383932078 196.6666666666667
4537 13.50916957984254 -7.953686383932078 197.5
4538 13.50916957984254 -7.953686383932078 198.3333333333333
4539 13.50916957984254 -7.953686383932078 199.1666666666667
4540 8.258068423837603 7.081612678922174 190.8333333333333
4541 8.258068423837603 7.081612678922174 191.6666666666667
4542 8.258068423837603 7.081612678922174 192.5
4543 8.258068423837603 7.081612678922174 193.3333333333333
4544 8.258068423837603 7.081612678922174 194.1666666666667
4545 8.258068423837603 7.081612678922174 195
4546 8.258068423837603 7.081612678922174 195.8333333333333
4547 8.258068423837603 7.081612678922174 196.6666666666667
4548 8.258068423837603 7.081612678922174 197.5
4549 8.258068423837603 7.081612678922174 198.3333333333333
4550 8.258068423837603 7.081612678922174 199.1666666666667
4551 -13.50916957984254 7.953686383932078 190.8333333333333
4552 -13.50916957984254 7.953686383932078 191.6666666666667
4553 -13.50916957984254 7.953686383932078 192.5
4554 -13.50916957984254 7.953686383932078 193.3333333333333
4555 -13.50916957984254 7.953686383932078 194.1666666666667
4556 -13.50916957984254 7.953686383932078 195
4557 -13.50916957984254 7.953686383932078 195.8333333333333
4558 -13.50916957984254 7.953686383932078 196.6666666666667
4559 -13.50916957984254 7.953686383932078 197.5
4560 -13.50916957984254 7.953686383932078 198.3333333333333
4561 -13.50916957984254 7.953686383932078 199.1666666666667
4562 -0.4081426055043846 13.79530566943621 190.8333333333333
4563 -0.4081426055043846 13.79530566943621 191.6666666666667
4564 -0.4081426055043846 13.79530566943621 192.5
4565 -0.4081426055043846 13.79530566943621 193.3333333333333
4566 -0.4081426055043846 13.79530566943621 194.1666666666667
4567 -0.4081426055043846 13.79530566943621 195
4568 -0.4081426055043846 13.79530566943621 195.8333333333333
4569 -0.4081426055043846 13.79530566943621 196.6666666666667
4570 -0.4081426055043846 13.79530566943621 197.5
4571 -0.4081426055043846 13.79530566943621 198.3333333333333
4572 -0.4081426055043846 13.79530566943621 199.1666666666667
4573 -8.816097914919355 -0.8694939545162398 190.8333333333333
4574 -8.816097914919355 -0.8694939545162398 191.6666666666667
4575 -8.816097914919355 -0.8694939545162398 192.5
4576 -8.816097914919355 -0.8694939545162398 193.3333333333333
4577 -8.816097914919355 -0.8694939545162398 194.1666666666667
4578 -8.816097914919355 -0.8694939545162398 195
4579 -8.816097914919355 -0.8694939545162398 195.8333333333333
4580 -8.816097914919355 -0.8694939545162398 196.6666666666667
4581 -8.816097914919355 -0.8694939545162398 197.5
4582 -8.816097914919355 -0.8694939545162398 198.3333333333333
4583 -8.816097914919355 -0.8694939545162398 199.1666666666667
4584 8.816097914919355 0.8694939545162398 190.8333333333333
4585 8.816097914919355 0.8694939545162398 191.6666666666667
4586 8.816097914919355 0.8694939545162398 192.5
4587 8.816097914919355 0.8694939545162398 193.3333333333333
4588 8.816097914919355 0.8694939545162398 194.1666666666667
4589 8.816097914919355 0.8694939545162398 195
4590 8.816097914919355 0.8694939545162398 195.8333333333333
4591 8.816097914919355 0.8694939545162398 196.6666666666667
4592 8.816097914919355 0.8694939545162398 197.5
4593 8.816097914919355 0.8694939545162398 198.3333333333333
4594 8.816097914919355 0.8694939545162398 199.1666666666667
4595 -6.641475179321265 4.217966992344595 190.8333333333333
4596 -6.641475179321265 4.217966992344595 191.6666666666667
4597 -6.641475179321265 4.217966992344595 192.5
4598 -6.641475179321265 4.217966992344595 193.3333333333333
4599 -6.641475179321265 4.217966992344595 194.1666666666667
4600 -6.641475179321265 4.217966992344595 195
4601 -6.641475179321265 4.217966992344595 195.8333333333333
4602 -6.641475179321265 4.217966992344595 196.6666666666667
4603 -6.641475179321265 4.217966992344595 197.5
4604 -6.641475179321265 4.217966992344595 198.3333333333333
4605 -6.641475179321265 4.217966992344595 199.1666666666667
4606 6.641475179321265 -4.217966992344595 190.8333333333333
4607 6.641475179321265 -4.217966992344595 191.6666666666667
4608 6.641475179321265 -4.217966992344595 192.5
4609 6.641475179321265 -4.217966992344595 193.3333333333333
4610 6.641475179321265 -4.217966992344595 194.1666666666667
4611 6.641475179321265 -4.217966992344595 195
4612 6.641475179321265 -4.217966992344595 195.8333333333333
4613 6.641475179321265 -4.217966992344595 196.6666666666667
4614 6.641475179321265 -4.217966992344595 197.5
4615 6.641475179321265 -4.217966992344595 198.3333333333333
4616 6.641475179321265 -4.217966992344595 199.1666666666667
4617 1.887276083231843 8.306946215985326 190.8333333333333
4618 1.887276083231843 8.306946215985326 191.6666666666667
4619 1.887276083231843 8.306946215985326 192.5
4620 1.887276083231843 8.306946215985326 193.3333333333333
4621 1.887276083231843 8.306946215985326 194.1666666666667
4622 1.887276083231843 8.306946215985326 195
4623 1.887276083231843 8.306946215985326 195.8333333333333
4624 1.887276083231843 8.306946215985326 196.6666666666667
4625 1.887276083231843 8.306946215985326 197.5
4626 1.887276083231843 8.306946215985326 198.3333333333333
4627 1.887276083231843 8.306946215985326 199.1666666666667
4628 -1.887276083231843 -8.306946215985326 190.8333333333333
4629 -1.887276083231843 -8.306946215985326 191.6666666666667
4630 -1.887276083231843 -8.306946215985326 192.5
4631 -1.887276083231843 -8.306946215985326 193.3333333333333
4632 -1.887276083231843 -8.306946215985326 194.1666666666667
4633 -1.887276083231843 -8.306946215985326 195
4634 -1.887276083231843 -8.306946215985326 195.8333333333333
4635 -1.887276083231843 -8.306946215985326 196.6666666666667
4636 -1.887276083231843 -8.306946215985326 197.5
4637 -1.887276083231843 -8.306946215985326 198.3333333333333
4638 -1.887276083231843 -8.306946215985326 199.1666666666667
4639 5.217374674984268 12.11938864086816 190.8333333333333
4640 5.217374674984268 12.11938864086816 191.6666666666667
4641 5.217374674984268 12.11938864086816 192.5
4642 5.217374674984268 12.11938864086816 193.3333333333333
4643 5.217374674984268 12.11938864086816 194.1666666666667
4644 5.217374674984268 12.11938864086816 195
4645 5.217374674984268 12.11938864086816 195.8333333333333
4646 5.217374674984268 12.11938864086816 196.6666666666667
4647 5.217374674984268 12.11938864086816 197.5
4648 5.217374674984268 12.11938864086816 198.3333333333333
4649 5.217374674984268 12.11938864086816 199.1666666666667
4650 -5.217374674984268 -12.11938864086816 190.8333333333333
4651 -5.217374674984268 -12.11938864086816 191.6666666666667
4652 -5.217374674984268 -12.11938864086816 192.5
4653 -5.217374674984268 -12.11938864086816 193.3333333333333
4654 -5.217374674984268 -12.11938864086816 194.1666666666667
4655 -5.217374674984268 -12.11938864086816 195
4656 -5.217374674984268 -12.11938864086816 195.8333333333333
4657 -5.217374674984268 -12.11938864086816 196.6666666666667
4658 -5.217374674984268 -12.11938864086816 197.5
4659 -5.217374674984268 -12.11938864086816 198.3333333333333
4660 -5.217374674984268 -12.11938864086816 199.1666666666667
4661 4.017889513858509 3.513069803812702 190.8333333333333
4662 4.017889513858509 3.513069803812702 191.6666666666667
4663 4.017889513858509 3.513069803812702 192.5
4664 4.017889513858509 3.513069803812702 193.3333333333333
4665 4.017889513858509 3.513069803812702 194.1666666666667
4666 4.017889513858509 3.513069803812702 195
4667 4.017889513858509 3.513069803812702 195.8333333333333
4668 4.017889513858509 3.513069803812702 196.6666666666667
4669 4.017889513858509 3.513069803812702 197.5
4670 4.017889513858509 3.513069803812702 198.3333333333333
4671 4.017889513858509 3.513069803812702 199.1666666666667
4672 -4.017889513858509 -3.513069803812702 190.8333333333333
4673 -4.017889513858509 -3.513069803812702 191.6666666666667
4674 -4.017889513858509 -3.513069803812702 192.5
4675 -4.017889513858509 -3.513069803812702 193.3333333333333
4676 -4.017889513858509 -3.513069803812702 194.1666666666667
4677 -4.017889513858509 -3.513069803812702 195
4678 -4.017889513858509 -3.513069803812702 195.8333333333333
4679 -4.017889513858509 -3.513069803812702 196.6666666666667
4680 -4.017889513858509 -3.513069803812702 197.5
4681 -4.017889513858509 -3.513069803812702 198.3333333333333
4682 -4.017889513858509 -3.513069803812702 199.1666666666667
4683 1.751567765110108 -4.257047708322457 190.8333333333333
4684 1.751567765110108 -4.257047708322457 191.6666666666667
4685 1.751567765110108 -4.257047708322457 192.5
4686 1.751567765110108 -4.257047708322457 193.3333333333333
4687 1.751567765110108 -4.257047708322457 194.1666666666667
4688 1.751567765110108 -4.257047708322457 195
4689 1.751567765110108 -4.257047708322457 195.8333333333333
4690 1.751567765110108 -4.257047708322457 196.6666666666667
4691 1.751567765110108 -4.257047708322457 197.5
4692 1.751567765110108 -4.257047708322457 198.3333333333333
4693 1.751567765110108 -4.257047708322457 199.1666666666667
4694 -1.751567765110108 4.257047708322457 190.8333333333333
4695 -1.751567765110108 4.257047708322457 191.6666666666667
4696 -1.751567765110108 4.257047708322457 192.5
4697 -1.751567765110108 4.257047708322457 193.3333333333333
4698 -1.751567765110108 4.257047708322457 194.1666666666667
4699 -1.751567765110108 4.257047708322457 195
4700 -1.751567765110108 4.257047708322457 195.8333333333333
4701 -1.751567765110108 4.257047708322457 196.6666666666667
4702 -1.751567765110108 4.257047708322457 197.5
4703 -1.751567765110108 4.257047708322457 198.3333333333333
4704 -1.751567765110108 4.257047708322457 199.1666666666667
4705 9.160267818473482 -9.193999356468721 190.8333333333333
4706 9.160267818473482 -9.193999356468721 191.6666666666667
4707 9.160267818473482 -9.193999356468721 192.5
4708 9.160267818473482 -9.193999356468721 193.3333333333333
4709 9.160267818473482 -9.193999356468721 194.1666666666667
4710 9.160267818473482 -9.193999356468721 195
4711 9.160267818473482 -9.193999356468721 195.8333333333333
4712 9.160267818473482 -9.193999356468721 196.6666666666667
4713 9.160267818473482 -9.193999356468721 197.5
4714 9.160267818473482 -9.193999356468721 198.3333333333333
4715 9.160267818473482 -9.193999356468721 199.1666666666667
4716 -9.160267818473482 9.193999356468721 190.8333333333333
4717 -9.160267818473482 9.193999356468721 191.6666666666667
4718 -9.160267818473482 9.193999356468721 192.5
4719 -9.160267818473482 9.193999356468721 193.3333333333333
4720 -9.160267818473482 9.193999356468721 194.1666666666667
4721 -9.160267818473482 9.193999356468721 195
4722 -9.160267818473482 9.193999356468721 195.8333333333333
4723 -9.160267818473482 9.193999356468721 196.6666666666667
4724 -9.160267818473482 9.193999356468721 197.5
4725 -9.160267818473482 9.193999356468721 198.3333333333333
4726 -9.160267818473482 9.193999356468721 199.1666666666667
4727 -12.13062641402653 -4.357091810186268 190.8333333333333
4728 -12.13062641402653 -4.357091810186268 191.6666666666667
4729 -12.13062641402653 -4.357091810186268 192.5
4730 -12.13062641402653 -4.357091810186268 193.3333333333333
4731 -12.13062641402653 -4.357091810186268 194.1666666666667
4732 -12.13062641402653 -4.357091810186268 195
4733 -12.13062641402653 -4.357091810186268 195.8333333333333
4734 -12.13062641402653 -4.357091810186268 196.6666666666667
4735 -12.13062641402653 -4.357091810186268 197.5
4736 -12.13062641402653 -4.357091810186268 198.3333333333333
4737 -12.13062641402653 -4.357091810186268 199.1666666666667
4738 12.13062641402653 4.357091810186268 190.8333333333333
4739 12.13062641402653 4.357091810186268 191.6666666666667
4740 12.13062641402653 4.357091810186268 192.5
4741 12.13062641402653 4.357091810186268 193.3333333333333
4742 12.13062641402653 4.357091810186268 194.1666666666667
4743 12.13062641402653 4.357091810186268 195
4744 12.13062641402653 4.357091810186268 195.8333333333333
4745 12.13062641402653 4.357091810186268 196.6666666666667
4746 12.13062641402653 4.357091810186268 197.5
4747 12.13062641402653 4.357091810186268 198.3333333333333
4748 12.13062641402653 4.357091810186268 199.1666666666667
4749 9.687145114470383 11.11831968359776 190.8333333333333
4750 9.687145114470383 11.11831968359776 191.6666666666667
4751 9.687145114470383 11.11831968359776 192.5
4752 9.687145114470383 11.11831968359776 193.3333333333333
4753 9.687145114470383 11.11831968359776 194.1666666666667
4754 9.687145114470383 11.11831968359776 195
4755 9.687145114470383 11.11831968359776 195.8333333333333
4756 9.687145114470383 11.11831968359776 196.6666666666667
4757 9.687145114470383 11.11831968359776 197.5
4758 9.687145114470383 11.11831968359776 198.3333333333333
4759 9.687145114470383 11.11831968359776 199.1666666666667
4760 -9.687145114470383 -11.11831968359776 190.8333333333333
4761 -9.687145114470383 -11.11831968359776 191.6666666666667
4762 -9.687145114470383 -11.11831968359776 192.5
4763 -9.687145114470383 -11.11831968359776 193.3333333333333
4764 -9.687145114470383 -11.11831968359776 194.1666666666667
4765 -9.687145114470383 -11.11831968359776 195
4766 -9.687145114470383 -11.11831968359776 195.8333333333333
4767 -9.687145114470383 -11.11831968359776 196.6666666666667
4768 -9.687145114470383 -11.11831968359776 197.5
4769 -9.687145114470383 -11.11831968359776 198.3333333333333
4770 -9.687145114470383 -11.11831968359776 199.1666666666667
4771 -12.35894587879671 3.545537289787412 190.8333333333333
4772 -12.35894587879671 3.545537289787412 191.6666666666667
4773 -12.35894587879671 3.545537289787412 192.5
4774 -12.35894587879671 3.545537289787412 193.3333333333333
4775 -12.35894587879671 3.545537289787412 194.1666666666667
4776 -12.35894587879671 3.545537289787412 195
4777 -12.35894587879671 3.545537289787412 195.8333333333333
4778 -12.35894587879671 3.545537289787412 196.6666666666667
4779 -12.35894587879671 3.545537289787412 197.5
4780 -12.35894587879671 3.545537289787412 198.3333333333333
4781 -12.35894587879671 3.545537289787412 199.1666666666667
4782 12.35894587879671 -3.545537289787412 190.8333333333333
4783 12.35894587879671 -3.545537289787412 191.6666666666667
4784 12.35894587879671 -3.545537289787412 192.5
4785 12.35894587879671 -3.545537289787412 193.3333333333333
4786 12.35894587879671 -3.545537289787412 194.1666666666667
4787 12.35894587879671 -3.545537289787412 195
4788 12.35894587879671 -3.545537289787412 195.8333333333333
4789 12.35894587879671 -3.545537289787412 196.6666666666667
4790 12.35894587879671 -3.545537289787412 197.5
4791 12.35894587879671 -3.545537289787412 198.3333333333333
4792 12.35894587879671 -3.545537289787412 199.1666666666667
4793 -4.317412438291059 0.7389201338348677 190.8333333333333
4794 -4.317412438291059 0.7389201338348677 191.6666666666667
4795 -4.317412438291059 0.7389201338348677 192.5
4796 -4.317412438291059 0.7389201338348677 193.3333333333333
4797 -4.317412438291059 0.7389201338348677 194.1666666666667
4798 -4.317412438291059 0.7389201338348677 195
4799 -4.317412438291059 0.7389201338348677 195.8333333333333
4800 -4.317412438291059 0.7389201338348677 196.6666666666667
4801 -4.317412438291059 0.7389201338348677 197.5
4802 -4.317412438291059 0.7389201338348677 198.3333333333333
4803 -4.317412438291059 0.7389201338348677 199.1666666666667
4804 4.317412438291059 -0.7389201338348677 190.8333333333333
4805 4.317412438291059 -0.7389201338348677 191.6666666666667
4806 4.317412438291059 -0.7389201338348677 192.5
4807 4.317412438291059 -0.7389201338348677 193.3333333333333
4808 4.317412438291059 -0.7389201338348677 194.1666666666667
4809 4.317412438291059 -0.7389201338348677 195
4810 4.317412438291059 -0.7389201338348677 195.8333333333333
4811 4.317412438291059 -0.7389201338348677 196.6666666666667
4812 4.317412438291059 -0.7389201338348677 197.5
4813 4.317412438291059 -0.7389201338348677 198.3333333333333
4814 4.317412438291059 -0.7389201338348677 199.1666666666667
4815 12.98767478613291 8.385080755419784 190.8333333333333
4816 12.98767478613291 8.385080755419784 191.6666666666667
4817 12.98767478613291 8.385080755419784 192.5
4818 12.98767478613291 8.385080755419784 193.3333333333333
4819 12.98767478613291 8.385080755419784 194.1666666666667
4820 12.98767478613291 8.385080755419784 195
4821 12.98767478613291 8.385080755419784 195.8333333333333
4822 12.98767478613291 8.385080755419784 196.6666666666667
4823 12.98767478613291 8.385080755419784 197.5
4824 12.98767478613291 8.385080755419784 198.3333333333333
4825 12.98767478613291 8.385080755419784 199.1666666666667
4826 -12.98767478613291 -8.385080755419784 190.8333333333333
4827 -12.98767478613291 -8.385080755419784 191.6666666666667
4828 -12.98767478613291 -8.385080755419784 192.5
4829 -12.98767478613291 -8.385080755419784 193.3333333333333
4830 -12.98767478613291 -8.385080755419784 194.1666666666667
4831 -12.98767478613291 -8.385080755419784 195
4832 -12.98767478613291 -8.385080755419784 195.8333333333333
4833 -12.98767478613291 -8.385080755419784 196.6666666666667
4834 -12.98767478613291 -8.385080755419784 197.5
4835 -12.98767478613291 -8.385080755419784 198.3333333333333
4836 -12.98767478613291 -8.385080755419784 199.1666666666667
4837 13.58933727182403 1.33620969497955 190.8333333333333
4838 13.58933727182403 1.33620969497955 191.6666666666667
4839 13.58933727182403 1.33620969497955 192.5
4840 13.58933727182403 1.33620969497955 193.3333333333333
4841 13.58933727182403 1.33620969497955 194.1666666666667
4842 13.58933727182403 1.33620969497955 195
4843 13.58933727182403 1.33620969497955 195.8333333333333
4844 13.58933727182403 1.33620969497955 196.6666666666667
4845 13.58933727182403 1.33620969497955 197.5
4846 13.58933727182403 1.33620969497955 198.3333333333333
4847 13.58933727182403 1.33620969497955 199.1666666666667
4848 -13.58933727182403 -1.33620969497955 190.8333333333333
4849 -13.58933727182403 -1.33620969497955 191.6666666666667
4850 -13.58933727182403 -1.33620969497955 192.5
4851 -13.58933727182403 -1.33620969497955 193.3333333333333
4852 -13.58933727182403 -1.33620969497955 194.1666666666667
4853 -13.58933727182403 -1.33620969497955 195
4854 -13.58933727182403 -1.33620969497955 195.8333333333333
4855 -13.58933727182403 -1.33620969497955 196.6666666666667
4856 -13.58933727182403 -1.33620969497955 197.5
4857 -13.58933727182403 -1.33620969497955 198.3333333333333
4858 -13.58933727182403 -1.33620969497955 199.1666666666667
4859 -5.256292360615085 12.84102901623515 190.8333333333333
4860 -5.256292360615085 12.84102901623515 191.6666666666667
4861 -5.256292360615085 12.84102901623515 192.5
4862 -5.256292360615085 12.84102901623515 193.3333333333333
4863 -5.256292360615085 12.84102901623515 194.1666666666667
4864 -5.256292360615085 12.84102901623515 195
4865 -5.256292360615085 12.84102901623515 195.8333333333333
4866 -5.256292360615085 12.84102901623515 196.6666666666667
4867 -5.256292360615085 12.84102901623515 197.5
4868 -5.256292360615085 12.84102901623515 198.3333333333333
4869 -5.256292360615085 12.84102901623515 199.1666666666667
4870 5.256292360615085 -12.84102901623515 190.8333333333333
4871 5.256292360615085 -12.84102901623515 191.6666666666667
4872 5.256292360615085 -12.84102901623515 192.5
4873 5.256292360615085 -12.84102901623515 193.3333333333333
4874 5.256292360615085 -12.84102901623515 194.1666666666667
4875 5.256292360615085 -12.84102901623515 195
4876 5.256292360615085 -12.84102901623515 195.8333333333333
4877 5.256292360615085 -12.84102901623515 196.6666666666667
4878 5.256292360615085 -12.84102901623515 197.5
4879 5.256292360615085 -12.84102901623515 198.3333333333333
4880 5.256292360615085 -12.84102901623515 199.1666666666667
4881 0 0 200.25
4882 0 0 200.5
4883 0 0 200.75
4884 0 0 201
4885 0 0 201.25
4886 0 0 201.5
4887 0 0 201.75
4888 0 0 202
4889 0 0 202.25
4890 0 0 202.5
4891 0 0 202.75
4892 -3.722670322348144 8.715840055260911 200.25
4893 -3.722670322348144 8.715840055260911 200.5
4894 -3.722670322348144 8.715840055260911 200.75
4895 -3.722670322348144 8.715840055260911 201
4896 -3.722670322348144 8.715840055260911 201.25
4897 -3.722670322348144 8.715840055260911 201.5
4898 -3.722670322348144 8.715840055260911 201.75
4899 -3.722670322348144 8.715840055260911 202
4900 -3.722670322348144 8.715840055260911 202.25
4901 -3.722670322348144 8.715840055260911 202.5
4902 -3.722670322348144 8.715840055260911 202.75
4903 3.722670322348144 -8.715840055260911 200.25
4904 3.722670322348144 -8.715840055260911 200.5
4905 3.722670322348144 -8.715840055260911 200.75
4906 3.722670322348144 -8.715840055260911 201
4907 3.722670322348144 -8.715840055260911 201.25
4908 3.722670322348144 -8.715840055260911 201.5
4909 3.722670322348144 -8.715840055260911 201.75
4910 3.722670322348144 -8.715840055260911 202
4911 3.722670322348144 -8.715840055260911 202.25
4912 3.722670322348144 -8.715840055260911 202.5
4913 3.722670322348144 -8.715840055260911 202.75
4914 0.4081426055043846 -13.79530566943621 200.25
4915 0.4081426055043846 -13.79530566943621 200.5
4916 0.4081426055043846 -13.79530566943621 200.75
4917 0.4081426055043846 -13.79530566943621 201
4918 0.4081426055043846 -13.79530566943621 201.25
4919 0.4081426055043846 -13.79530566943621 201.5
4920 0.4081426055043846 -13.79530566943621 201.75
4921 0.4081426055043846 -13.79530566943621 202
4922 0.4081426055043846 -13.79530566943621 202.25
4923 0.4081426055043846 -13.79530566943621 202.5
4924 0.4081426055043846 -13.79530566943621 202.75
4925 -8.258068423837603 -7.081612678922174 200.25
4926 -8.258068423837603 -7.081612678922174 200.5
4927 -8.258068423837603 -7.081612678922174 200.75
4928 -8.258068423837603 -7.081612678922174 201
4929 -8.258068423837603 -7.081612678922174 201.25
4930 -8.258068423837603 -7.081612678922174 201.5
4931 -8.258068423837603 -7.081612678922174 201.75
4932 -8.258068423837603 -7.081612678922174 202
4933 -8.258068423837603 -7.081612678922174 202.25
4934 -8.258068423837603 -7.081612678922174 202.5
4935 -8.258068423837603 -7.081612678922174 202.75
4936 13.50916957984254 -7.953686383932078 200.25
4937 13.50916957984254 -7.953686383932078 200.5
4938 13.50916957984254 -7.953686383932078 200.75
4939 13.50916957984254 -7.953686383932078 201
4940 13.50916957984254 -7.953686383932078 201.25
4941 13.50916957984254 -7.953686383932078 201.5
4942 13.50916957984254 -7.953686383932078 201.75
4943 13.50916957984254 -7.953686383932078 202
4944 13.50916957984254 -7.953686383932078 202.25
4945 13.50916957984254 -7.953686383932078 202.5
4946 13.50916957984254 -7.953686383932078 202.75
4947 8.258068423837603 7.081612678922174 200.25
4948 8.258068423837603 7.081612678922174 200.5
4949 8.258068423837603 7.081612678922174 200.75
4950 8.258068423837603 7.081612678922174 201
4951 8.258068423837603 7.081612678922174 201.25
4952 8.258068423837603 7.081612678922174 201.5
4953 8.258068423837603 7.081612678922174 201.75
4954 8.258068423837603 7.081612678922174 202
4955 8.258068423837603 7.081612678922174 202.25
4956 8.258068423837603 7.081612678922174 202.5
4957 8.258068423837603 7.081612678922174 202.75
4958 -13.50916957984254 7.953686383932078 200.25
4959 -13.50916957984254 7.953686383932078 200.5
4960 -13.50916957984254 7.953686383932078 200.75
4961 -13.50916957984254 7.953686383932078 201
4962 -13.50916957984254 7.953686383932078 201.25
4963 -13.50916957984254 7.953686383932078 201.5
4964 -13.50916957984254 7.953686383932078 201.75
4965 -13.50916957984254 7.953686383932078 202
4966 -13.50916957984254 7.953686383932078 202.25
4967 -13.50916957984254 7.953686383932078 202.5
4968 -13.50916957984254 7.953686383932078 202.75
4969 -0.4081426055043846 13.79530566943621 200.25
4970 -0.4081426055043846 13.79530566943621 200.5
4971 -0.4081426055043846 13.79530566943621 200.75
4972 -0.4081426055043846 13.79530566943621 201
4973 -0.4081426055043846 13.79530566943621 201.25
4974 -0.4081426055043846 13.79530566943621 201.5
4975 -0.4081426055043846 13.79530566943621 201.75
4976 -0.4081426055043846 13.79530566943621 202
4977 -0.4081426055043846 13.79530566943621 202.25
4978 -0.4081426055043846 13.79530566943621 202.5
4979 -0.4081426055043846 13.79530566943621 202.75
4980 -8.816097914919355 -0.8694939545162398 200.25
4981 -8.816097914919355 -0.8694939545162398 200.5
4982 -8.816097914919355 -0.8694939545162398 200.75
4983 -8.816097914919355 -0.8694939545162398 201
4984 -8.816097914919355 -0.8694939545162398 201.25
4985 -8.816097914919355 -0.8694939545162398 201.5
4986 -8.816097914919355 -0.8694939545162398 201.75
4987 -8.816097914919355 -0.8694939545162398 202
4988 -8.816097914919355 -0.8694939545162398 202.25
4989 -8.816097914919355 -0.8694939545162398 202.5
4990 -8.816097914919355 -0.8694939545162398 202.75
4991 8.816097914919355 0.8694939545162398 200.25
4992 8.816097914919355 0.8694939545162398 200.5
4993 8.816097914919355 0.8694939545162398 200.75
4994 8.816097914919355 0.8694939545162398 201
4995 8.816097914919355 0.8694939545162398 201.25
4996 8.816097914919355 0.8694939545162398 201.5
4997 8.816097914919355 0.8694939545162398 201.75
4998 8.816097914919355 0.8694939545162398 202
4999 8.816097914919355 0.8694939545162398 202.25
5000 8.816097914919355 0.8694939545162398 202.5
5001 8.816097914919355 0.8694939545162398 202.75
5002 -6.641475179321265 4.217966992344595 200.25
5003 -6.641475179321265 4.217966992344595 200.5
5004 -6.641475179321265 4.217966992344595 200.75
5005 -6.641475179321265 4.217966992344595 201
5006 -6.641475179321265 4.217966992344595 201.25
5007 -6.641475179321265 4.217966992344595 201.5
5008 -6.641475179321265 4.217966992344595 201.75
5009 -6.641475179321265 4.217966992344595 202
5010 -6.641475179321265 4.217966992344595 202.25
5011 -6.641475179321265 4.217966992344595 202.5
5012 -6.641475179321265 4.217966992344595 202.75
5013 6.641475179321265 -4.217966992344595 200.25
5014 6.641475179321265 -4.217966992344595 200.5
5015 6.641475179321265 -4.217966992344595 200.75
5016 6.641475179321265 -4.217966992344595 201
5017 6.641475179321265 -4.217966992344595 201.25
5018 6.641475179321265 -4.217966992344595 201.5
5019 6.641475179321265 -4.217966992344595 201.75
5020 6.641475179321265 -4.217966992344595 202
5021 6.641475179321265 -4.217966992344595 202.25
5022 6.641475179321265 -4.217966992344595 202.5
5023 6.641475179321265 -4.217966992344595 202.75
5024 1.887276083231843 8.306946215985326 200.25
5025 1.887276083231843 8.306946215985326 200.5
5026 1.887276083231843 8.306946215985326 200.75
5027 1.887276083231843 8.306946215985326 201
5028 1.887276083231843 8.306946215985326 201.25
5029 1.887276083231843 8.306946215985326 201.5
5030 1.887276083231843 8.306946215985326 201.75
5031 1.887276083231843 8.306946215985326 202
5032 1.887276083231843 8.306946215985326 202.25
5033 1.887276083231843 8.306946215985326 202.5
5034 1.887276083231843 8.306946215985326 202.75
5035 -1.887276083231843 -8.306946215985326 200.25
5036 -1.887276083231843 -8.306946215985326 200.5
5037 -1.887276083231843 -8.306946215985326 200.75
5038 -1.887276083231843 -8.306946215985326 201
5039 -1.887276083231843 -8.306946215985326 201.25
5040 -1.887276083231843 -8.306946215985326 201.5
5041 -1.887276083231843 -8.306946215985326 201.75
5042 -1.887276083231843 -8.306946215985326 202
5043 -1.887276083231843 -8.306946215985326 202.25
5044 -1.887276083231843 -8.306946215985326 202.5
5045 -1.887276083231843 -8.306946215985326 202.75
5046 5.217374674984268 12.11938864086816 200.25
5047 5.217374674984268 12.11938864086816 200.5
5048 5.217374674984268 12.11938864086816 200.75
5049 5.217374674984268 12.11938864086816 201
5050 5.217374674984268 12.11938864086816 201.25
5051 5.217374674984268 12.11938864086816 201.5
5052 5.217374674984268 12.11938864086816 201.75
5053 5.217374674984268 12.11938864086816 202
5054 5.217374674984268 12.11938864086816 202.25
5055 5.217374674984268 12.11938864086816 202.5
5056 5.217374674984268 12.11938864086816 202.75
5057 -5.217374674984268 -12.11938864086816 200.25
5058 -5.217374674984268 -12.11938864086816 200.5
5059 -5.217374674984268 -12.11938864086816 200.75
5060 -5.217374674984268 -12.11938864086816 201
5061 -5.217374674984268 -12.11938864086816 201.25
5062 -5.217374674984268 -12.11938864086816 201.5
5063 -5.217374674984268 -12.11938864086816 201.75
5064 -5.217374674984268 -12.11938864086816 202
5065 -5.217374674984268 -12.11938864086816 202.25
5066 -5.217374674984268 -12.11938864086816 202.5
5067 -5.217374674984268 -12.11938864086816 202.75
5068 4.017889513858509 3.513069803812702 200.25
5069 4.017889513858509 3.513069803812702 200.5
5070 4.017889513858509 3.513069803812702 200.75
5071 4.017889513858509 3.513069803812702 201
5072 4.017889513858509 3.513069803812702 201.25
5073 4.017889513858509 3.513069803812702 201.5
5074 4.017889513858509 3.513069803812702 201.75
5075 4.017889513858509 3.513069803812702 202
5076 4.017889513858509 3.513069803812702 202.25
5077 4.017889513858509 3.513069803812702 202.5
5078 4.017889513858509 3.513069803812702 202.75
5079 -4.017889513858509 -3.513069803812702 200.25
5080 -4.017889513858509 -3.513069803812702 200.5
5081 -4.017889513858509 -3.513069803812702 200.75
5082 -4.017889513858509 -3.513069803812702 201
5083 -4.017889513858509 -3.513069803812702 201.25
5084 -4.017889513858509 -3.513069803812702 201.5
5085 -4.017889513858509 -3.513069803812702 201.75
5086 -4.017889513858509 -3.513069803812702 202
5087 -4.017889513858509 -3.513069803812702 202.25
5088 -4.017889513858509 -3.513069803812702 202.5
5089 -4.017889513858509 -3.513069803812702 202.75
5090 1.751567765110108 -4.257047708322457 200.25
5091 1.751567765110108 -4.257047708322457 200.5
5092 1.751567765110108 -4.257047708322457 200.75
5093 1.751567765110108 -4.257047708322457 201
5094 1.751567765110108 -4.257047708322457 201.25
5095 1.751567765110108 -4.257047708322457 201.5
5096 1.751567765110108 -4.257047708322457 201.75
5097 1.751567765110108 -4.257047708322457 202
5098 1.751567765110108 -4.257047708322457 202.25
5099 1.751567765110108 -4.257047708322457 202.5
5100 1.751567765110108 -4.257047708322457 202.75
5101 -1.751567765110108 4.257047708322457 200.25
5102 -1.751567765110108 4.257047708322457 200.5
5103 -1.751567765110108 4.257047708322457 200.75
5104 -1.751567765110108 4.257047708322457 201
5105 -1.751567765110108 4.257047708322457 201.25
5106 -1.751567765110108 4.257047708322457 201.5
5107 -1.751567765110108 4.257047708322457 201.75
5108 -1.751567765110108 4.257047708322457 202
5109 -1.751567765110108 4.257047708322457 202.25
5110 -1.751567765110108 4.257047708322457 202.5
5111 -1.751567765110108 4.257047708322457 202.75
5112 9.160267818473482 -9.193999356468721 200.25
5113 9.160267818473482 -9.193999356468721 200.5
5114 9.160267818473482 -9.193999356468721 200.75
5115 9.160267818473482 -9.193999356468721 201
5116 9.160267818473482 -9.193999356468721 201.25
5117 9.160267818473482 -9.193999356468721 201.5
5118 9.160267818473482 -9.193999356468721 201.75
5119 9.160267818473482 -9.193999356468721 202
5120 9.160267818473482 -9.193999356468721 202.25
5121 9.160267818473482 -9.193999356468721 202.5
5122 9.160267818473482 -9.193999356468721 202.75
5123 -9.160267818473482 9.193999356468721 200.25
5124 -9.160267818473482 9.193999356468721 200.5
5125 -9.160267818473482 9.193999356468721 200.75
5126 -9.160267818473482 9.193999356468721 201
5127 -9.160267818473482 9.193999356468721 201.25
5128 -9.160267818473482 9.193999356468721 201.5
5129 -9.160267818473482 9.193999356468721 201.75
5130 -9.160267818473482 9.193999356468721 202
5131 -9.160267818473482 9.193999356468721 202.25
5132 -9.160267818473482 9.193999356468721 202.5
5133 -9.160267818473482 9.193999356468721 202.75
5134 -12.13062641402653 -4.357091810186268 200.25
5135 -12.13062641402653 -4.357091810186268 200.5
5136 -12.13062641402653 -4.357091810186268 200.75
5137 -12.13062641402653 -4.357091810186268 201
5138 -12.13062641402653 -4.357091810186268 201.25
5139 -12.13062641402653 -4.357091810186268 201.5
5140 -12.13062641402653 -4.357091810186268 201.75
5141 -12.13062641402653 -4.357091810186268 202
5142 -12.13062641402653 -4.357091810186268 202.25
5143 -12.13062641402653 -4.357091810186268 202.5
5144 -12.13062641402653 -4.357091810186268 202.75
5145 12.13062641402653 4.357091810186268 200.25
5146 12.13062641402653 4.357091810186268 200.5
5147 12.13062641402653 4.357091810186268 200.75
5148 12.13062641402653 4.357091810186268 201
5149 12.13062641402653 4.357091810186268 201.25
5150 12.13062641402653 4.357091810186268 201.5
5151 12.13062641402653 4.357091810186268 201.75
5152 12.13062641402653 4.357091810186268 202
5153 12.13062641402653 4.357091810186268 202.25
5154 12.13062641402653 4.357091810186268 202.5
5155 12.13062641402653 4.357091810186268 202.75
5156 9.687145114470383 11.11831968359776 200.25
5157 9.687145114470383 11.11831968359776 200.5
5158 9.687145114470383 11.11831968359776 200.75
5159 9.687145114470383 11.11831968359776 201
5160 9.687145114470383 11.11831968359776 201.25
5161 9.687145114470383 11.11831968359776 201.5
5162 9.687145114470383 11.11831968359776 201.75
5163 9.687145114470383 11.11831968359776 202
5164 9.687145114470383 11.11831968359776 202.25
5165 9.687145114470383 11.11831968359776 202.5
5166 9.687145114470383 11.11831968359776 202.75
5167 -9.687145114470383 -11.11831968359776 200.25
5168 -9.687145114470383 -11.11831968359776 200.5
5169 -9.687145114470383 -11.11831968359776 200.75
5170 -9.687145114470383 -11.11831968359776 201
5171 -9.687145114470383 -11.11831968359776 201.25
5172 -9.687145114470383 -11.11831968359776 201.5
5173 -9.687145114470383 -11.11831968359776 201.75
5174 -9.687145114470383 -11.11831968359776 202
5175 -9.687145114470383 -11.11831968359776 202.25
5176 -9.687145114470383 -11.11831968359776 202.5
5177 -9.687145114470383 -11.11831968359776 202.75
5178 -12.35894587879671 3.545537289787412 200.25
5179 -12.35894587879671 3.545537289787412 200.5
5180 -12.35894587879671 3.545537289787412 200.75
5181 -12.35894587879671 3.545537289787412 201
5182 -12.35894587879671 3.545537289787412 201.25
5183 -12.35894587879671 3.545537289787412 201.5
5184 -12.35894587879671 3.545537289787412 201.75
5185 -12.35894587879671 3.545537289787412 202
5186 -12.35894587879671 3.545537289787412 202.25
5187 -12.35894587879671 3.545537289787412 202.5
5188 -12.35894587879671 3.545537289787412 202.75
5189 12.35894587879671 -3.545537289787412 200.25
5190 12.35894587879671 -3.545537289787412 200.5
5191 12.35894587879671 -3.545537289787412 200.75
5192 12.35894587879671 -3.545537289787412 201
5193 12.35894587879671 -3.545537289787412 201.25
5194 12.35894587879671 -3.545537289787412 201.5
5195 12.35894587879671 -3.545537289787412 201.75
5196 12.35894587879671 -3.545537289787412 202
5197 12.35894587879671 -3.545537289787412 202.25
5198 12.35894587879671 -3.545537289787412 202.5
5199 12.35894587879671 -3.545537289787412 202.75
5200 -4.317412438291059 0.7389201338348677 200.25
5201 -4.317412438291059 0.7389201338348677 200.5
5202 -4.317412438291059 0.7389201338348677 200.75
5203 -4.317412438291059 0.7389201338348677 201
5204 -4.317412438291059 0.7389201338348677 201.25
5205 -4.317412438291059 0.7389201338348677 201.5
5206 -4.317412438291059 0.7389201338348677 201.75
5207 -4.317412438291059 0.7389201338348677 202
5208 -4.317412438291059 0.7389201338348677 202.25
5209 -4.317412438291059 0.7389201338348677 202.5
5210 -4.317412438291059 0.7389201338348677 202.75
5211 4.317412438291059 -0.7389201338348677 200.25
5212 4.317412438291059 -0.7389201338348677 200.5
5213 4.317412438291059 -0.7389201338348677 200.75
5214 4.317412438291059 -0.7389201338348677 201
5215 4.317412438291059 -0.7389201338348677 201.25
5216 4.317412438291059 -0.7389201338348677 201.5
5217 4.317412438291059 -0.7389201338348677 201.75
5218 4.317412438291059 -0.7389201338348677 202
5219 4.317412438291059 -0.7389201338348677 202.25
5220 4.317412438291059 -0.7389201338348677 202.5
5221 4.317412438291059 -0.7389201338348677 202.75
5222 12.98767478613291 8.385080755419784 200.25
5223 12.98767478613291 8.385080755419784 200.5
5224 12.98767478613291 8.385080755419784 200.75
5225 12.98767478613291 8.385080755419784 201
5226 12.98767478613291 8.385080755419784 201.25
5227 12.98767478613291 8.385080755419784 201.5
5228 12.98767478613291 8.385080755419784 201.75
5229 12.98767478613291 8.385080755419784 202
5230 12.98767478613291 8.385080755419784 202.25
5231 12.98767478613291 8.385080755419784 202.5
5232 12.98767478613291 8.385080755419784 202.75
5233 -12.98767478613291 -8.385080755419784 200.25
5234 -12.98767478613291 -8.385080755419784 200.5
5235 -12.98767478613291 -8.385080755419784 200.75
5236 -12.98767478613291 -8.385080755419784 201
5237 -12.98767478613291 -8.385080755419784 201.25
5238 -12.98767478613291 -8.385080755419784 201.5
5239 -12.98767478613291 -8.385080755419784 201.75
5240 -12.98767478613291 -8.385080755419784 202
5241 -12.98767478613291 -8.385080755419784 202.25
5242 -12.98767478613291 -8.385080755419784 202.5
5243 -12.98767478613291 -8.385080755419784 202.75
5244 13.58933727182403 1.33620969497955 200.25
5245 13.58933727182403 1.33620969497955 200.5
5246 13.58933727182403 1.33620969497955 200.75
5247 13.58933727182403 1.33620969497955 201
5248 13.58933727182403 1.33620969497955 201.25
5249 13.58933727182403 1.33620969497955 201.5
5250 13.58933727182403 1.33620969497955 201.75
5251 13.58933727182403 1.33620969497955 202
5252 13.58933727182403 1.33620969497955 202.25
5253 13.58933727182403 1.33620969497955 202.5
5254 13.58933727182403 1.33620969497955 202.75
5255 -13.58933727182403 -1.33620969497955 200.25
5256 -13.58933727182403 -1.33620969497955 200.5
5257 -13.58933727182403 -1.33620969497955 200.75
5258 -13.58933727182403 -1.33620969497955 201
5259 -13.58933727182403 -1.33620969497955 201.25
5260 -13.58933727182403 -1.33620969497955 201.5
5261 -13.58933727182403 -1.33620969497955 201.75
5262 -13.58933727182403 -1.33620969497955 202
5263 -13.58933727182403 -1.33620969497955 202.25
5264 -13.58933727182403 -1.33620969497955 202.5
5265 -13.58933727182403 -1.33620969497955 202.75
5266 -5.256292360615085 12.84102901623515 200.25
5267 -5.256292360615085 12.84102901623515 200.5
5268 -5.256292360615085 12.84102901623515 200.75
5269 -5.256292360615085 12.84102901623515 201
5270 -5.256292360615085 12.84102901623515 201.25
5271 -5.256292360615085 12.84102901623515 201.5
5272 -5.256292360615085 12.84102901623515 201.75
5273 -5.256292360615085 12.84102901623515 202
5274 -5.256292360615085 12.84102901623515 202.25
5275 -5.256292360615085 12.84102901623515 202.5
5276 -5.256292360615085 12.84102901623515 202.75
5277 5.256292360615085 -12.84102901623515 200.25
5278 5.256292360615085 -12.84102901623515 200.5
5279 5.256292360615085 -12.84102901623515 200.75
5280 5.256292360615085 -12.84102901623515 201
5281 5.256292360615085 -12.84102901623515 201.25
5282 5.256292360615085 -12.84102901623515 201.5
5283 5.256292360615085 -12.84102901623515 201.75
5284 5.256292360615085 -12.84102901623515 202
5285 5.256292360615085 -12.84102901623515 202.25
5286 5.256292360615085 -12.84102901623515 202.5
5287 5.256292360615085 -12.84102901623515 202.75
5288 0 0 203.8333333333333
5289 0 0 204.6666666666667
5290 0 0 205.5
5291 0 0 206.3333333333333
5292 0 0 207.1666666666667
5293 0 0 208
5294 0 0 208.8333333333333
5295 0 0 209.6666666666667
5296 0 0 210.5
5297 0 0 211.3333333333333
5298 0 0 212.1666666666667
5299 -3.722670322348144 8.715840055260911 203.8333333333333
5300 -3.722670322348144 8.715840055260911 204.6666666666667
5301 -3.722670322348144 8.715840055260911 205.5
5302 -3.722670322348144 8.715840055260911 206.3333333333333
5303 -3.722670322348144 8.715840055260911 207.1666666666667
5304 -3.722670322348144 8.715840055260911 208
5305 -3.722670322348144 8.715840055260911 208.8333333333333
5306 -3.722670322348144 8.715840055260911 209.6666666666667
5307 -3.722670322348144 8.715840055260911 210.5
5308 -3.722670322348144 8.715840055260911 211.3333333333333
5309 -3.722670322348144 8.715840055260911 212.1666666666667
5310 3.722670322348144 -8.715840055260911 203.8333333333333
5311 3.722670322348144 -8.715840055260911 204.6666666666667
5312 3.722670322348144 -8.715840055260911 205.5
5313 3.722670322348144 -8.715840055260911 206.3333333333333
5314 3.722670322348144 -8.715840055260911 207.1666666666667
5315 3.722670322348144 -8.715840055260911 208
5316 3.722670322348144 -8.715840055260911 208.8333333333333
5317 3.722670322348144 -8.715840055260911 209.6666666666667
5318 3.722670322348144 -8.715840055260911 210.5
5319 3.722670322348144 -8.715840055260911 211.3333333333333
5320 3.722670322348144 -8.715840055260911 212.1666666666667
5321 0.4081426055043846 -13.79530566943621 203.8333333333333
5322 0.4081426055043846 -13.79530566943621 204.6666666666667
5323 0.4081426055043846 -13.79530566943621 205.5
5324 0.4081426055043846 -13.79530566943621 206.3333333333333
5325 0.4081426055043846 -13.79530566943621 207.1666666666667
5326 0.4081426055043846 -13.79530566943621 208
5327 0.4081426055043846 -13.79530566943621 208.8333333333333
5328 0.4081426055043846 -13.79530566943621 209.6666666666667
5329 0.4081426055043846 -13.79530566943621 210.5
5330 0.4081426055043846 -13.79530566943621 211.3333333333333
5331 0.4081426055043846 -13.79530566943621 212.1666666666667
5332 -8.258068423837603 -7.081612678922174 203.8333333333333
5333 -8.258068423837603 -7.081612678922174 204.6666666666667
5334 -8.258068423837603 -7.081612678922174 205.5
5335 -8.258068423837603 -7.081612678922174 206.3333333333333
5336 -8.258068423837603 -7.081612678922174 207.1666666666667
5337 -8.258068423837603 -7.081612678922174 208
5338 -8.258068423837603 -7.081612678922174 208.8333333333333
5339 -8.258068423837603 -7.081612678922174 209.6666666666667
5340 -8.258068423837603 -7.081612678922174 210.5
5341 -8.258068423837603 -7.081612678922174 211.3333333333333
5342 -8.258068423837603 -7.081612678922174 212.1666666666667
5343 13.50916957984254 -7.953686383932078 203.8333333333333
5344 13.50916957984254 -7.953686383932078 204.6666666666667
5345 13.50916957984254 -7.953686383932078 205.5
5346 13.50916957984254 -7.953686383932078 206.3333333333333
5347 13.50916957984254 -7.953686383932078 207.1666666666667
5348 13.50916957984254 -7.953686383932078 208
5349 13.50916957984254 -7.953686383932078 208.8333333333333
5350 13.50916957984254 -7.953686383932078 209.6666666666667
5351 13.50916957984254 -7.953686383932078 210.5
5352 13.50916957984254 -7.953686383932078 211.3333333333333
5353 13.50916957984254 -7.953686383932078 212.1666666666667
5354 8.258068423837603 7.081612678922174 203.8333333333333
5355 8.258068423837603 7.081612678922174 204.6666666666667
5356 8.258068423837603 7.081612678922174 205.5
5357 8.258068423837603 7.081612678922174 206.3333333333333
5358 8.258068423837603 7.081612678922174 207.1666666666667
5359 8.258068423837603 7.081612678922174 208
5360 8.258068423837603 7.081612678922174 208.8333333333333
5361 8.258068423837603 7.081612678922174 209.6666666666667
5362 8.258068423837603 7.081612678922174 210.5
5363 8.258068423837603 7.081612678922174 211.3333333333333
5364 8.258068423837603 7.081612678922174 212.1666666666667
5365 -13.50916957984254 7.953686383932078 203.8333333333333
5366 -13.50916957984254 7.953686383932078 204.6666666666667
5367 -13.50916957984254 7.953686383932078 205.5
5368 -13.50916957984254 7.953686383932078 206.3333333333333
5369 -13.50916957984254 7.953686383932078 207.1666666666667
5370 -13.50916957984254 7.953686383932078 208
5371 -13.50916957984254 7.953686383932078 208.8333333333333
5372 -13.50916957984254 7.953686383932078 209.6666666666667
5373 -13.50916957984254 7.953686383932078 210.5
5374 -13.50916957984254 7.953686383932078 211.3333333333333
5375 -13.50916957984254 7.953686383932078 212.1666666666667
5376 -0.4081426055043846 13.79530566943621 203.8333333333333
5377 -0.4081426055043846 13.79530566943621 204.6666666666667
5378 -0.4081426055043846 13.79530566943621 205.5
5379 -0.4081426055043846 13.79530566943621 206.3333333333333
5380 -0.4081426055043846 13.79530566943621 207.1666666666667
5381 -0.4081426055043846 13.79530566943621 208
5382 -0.4081426055043846 13.79530566943621 208.8333333333333
5383 -0.4081426055043846 13.79530566943621 209.6666666666667
5384 -0.4081426055043846 13.79530566943621 210.5
5385 -0.4081426055043846 13.79530566943621 211.3333333333333
5386 -0.4081426055043846 13.79530566943621 212.1666666666667
5387 -8.816097914919355 -0.8694939545162398 203.8333333333333
5388 -8.816097914919355 -0.8694939545162398 204.6666666666667
5389 -8.816097914919355 -0.8694939545162398 205.5
5390 -8.816097914919355 -0.8694939545162398 206.3333333333333
5391 -8.816097914919355 -0.8694939545162398 207.1666666666667
5392 -8.816097914919355 -0.8694939545162398 208
5393 -8.816097914919355 -0.8694939545162398 208.8333333333333
5394 -8.816097914919355 -0.8694939545162398 209.6666666666667
5395 -8.816097914919355 -0.8694939545162398 210.5
5396 -8.816097914919355 -0.8694939545162398 211.3333333333333
5397 -8.816097914919355 -0.8694939545162398 212.1666666666667
5398 8.816097914919355 0.8694939545162398 203.8333333333333
5399 8.816097914919355 0.8694939545162398 204.6666666666667
5400 8.816097914919355 0.8694939545162398 205.5
5401 8.816097914919355 0.8694939545162398 206.3333333333333
5402 8.816097914919355 0.8694939545162398 207.1666666666667
5403 8.816097914919355 0.8694939545162398 208
5404 8.816097914919355 0.8694939545162398 208.8333333333333
5405 8.816097914919355 0.8694939545162398 209.6666666666667
5406 8.816097914919355 0.8694939545162398 210.5
5407 8.816097914919355 0.8694939545162398 211.3333333333333
5408 8.816097914919355 0.8694939545162398 212.1666666666667
5409 -6.641475179321265 4.217966992344595 203.8333333333333
5410 -6.641475179321265 4.217966992344595 204.6666666666667
5411 -6.641475179321265 4.217966992344595 205.5
5412 -6.641475179321265 4.217966992344595 206.3333333333333
5413 -6.641475179321265 4.217966992344595 207.1666666666667
5414 -6.641475179321265 4.217966992344595 208
5415 -6.641475179321265 4.217966992344595 208.8333333333333
5416 -6.641475179321265 4.217966992344595 209.6666666666667
5417 -6.641475179321265 4.217966992344595 210.5
5418 -6.641475179321265 4.217966992344595 211.3333333333333
5419 -6.641475179321265 4.217966992344595 212.1666666666667
5420 6.641475179321265 -4.217966992344595 203.8333333333333
5421 6.641475179321265 -4.217966992344595 204.6666666666667
5422 6.641475179321265 -4.217966992344595 205.5
5423 6.641475179321265 -4.217966992344595 206.3333333333333
5424 6.641475179321265 -4.217966992344595 207.1666666666667
5425 6.641475179321265 -4.217966992344595 208
5426 6.641475179321265 -4.217966992344595 208.8333333333333
5427 6.641475179321265 -4.217966992344595 209.6666666666667
5428 6.641475179321265 -4.217966992344595 210.5
5429 6.641475179321265 -4.217966992344595 211.3333333333333
5430 6.641475179321265 -4.217966992344595 212.1666666666667
5431 1.887276083231843 8.306946215985326 203.8333333333333
5432 1.887276083231843 8.306946215985326 204.6666666666667
5433 1.887276083231843 8.306946215985326 205.5
5434 1.887276083231843 8.306946215985326 206.3333333333333
5435 1.887276083231843 8.306946215985326 207.1666666666667
5436 1.887276083231843 8.306946215985326 208
5437 1.887276083231843 8.306946215985326 208.8333333333333
5438 1.887276083231843 8.306946215985326 209.6666666666667
5439 1.887276083231843 8.306946215985326 210.5
5440 1.887276083231843 8.306946215985326 211.3333333333333
5441 1.887276083231843 8.306946215985326 212.1666666666667
5442 -1.887276083231843 -8.306946215985326 203.8333333333333
5443 -1.887276083231843 -8.306946215985326 204.6666666666667
5444 -1.887276083231843 -8.306946215985326 205.5
5445 -1.887276083231843 -8.306946215985326 206.3333333333333
5446 -1.887276083231843 -8.306946215985326 207.1666666666667
5447 -1.887276083231843 -8.306946215985326 208
5448 -1.887276083231843 -8.306946215985326 208.8333333333333
5449 -1.887276083231843 -8.306946215985326 209.6666666666667
5450 -1.887276083231843 -8.306946215985326 210.5
5451 -1.887276083231843 -8.306946215985326 211.3333333333333
5452 -1.887276083231843 -8.306946215985326 212.1666666666667
5453 5.217374674984268 12.11938864086816 203.8333333333333
5454 5.217374674984268 12.11938864086816 204.6666666666667
5455 5.217374674984268 12.11938864086816 205.5
5456 5.217374674984268 12.11938864086816 206.3333333333333
5457 5.217374674984268 12.11938864086816 207.1666666666667
5458 5.217374674984268 12.11938864086816 208
5459 5.217374674984268 12.11938864086816 208.8333333333333
5460 5.217374674984268 12.11938864086816 209.6666666666667
5461 5.217374674984268 12.11938864086816 210.5
5462 5.217374674984268 12.11938864086816 211.3333333333333
5463 5.217374674984268 12.11938864086816 212.1666666666667
5464 -5.217374674984268 -12.11938864086816 203.8333333333333
5465 -5.217374674984268 -12.11938864086816 204.6666666666667
5466 -5.217374674984268 -12.11938864086816 205.5
5467 -5.217374674984268 -12.11938864086816 206.3333333333333
5468 -5.217374674984268 -12.11938864086816 207.1666666666667
5469 -5.217374674984268 -12.11938864086816 208
5470 -5.217374674984268 -12.11938864086816 208.8333333333333
5471 -5.217374674984268 -12.11938864086816 209.6666666666667
5472 -5.217374674984268 -12.11938864086816 210.5
5473 -5.217374674984268 -12.11938864086816 211.3333333333333
5474 -5.217374674984268 -12.11938864086816 212.1666666666667
5475 4.017889513858509 3.513069803812702 203.8333333333333
5476 4.017889513858509 3.513069803812702 204.6666666666667
5477 4.017889513858509 3.513069803812702 205.5
5478 4.017889513858509 3.513069803812702 206.3333333333333
5479 4.017889513858509 3.513069803812702 207.1666666666667
5480 4.017889513858509 3.513069803812702 208
5481 4.017889513858509 3.513069803812702 208.8333333333333
5482 4.017889513858509 3.513069803812702 209.6666666666667
5483 4.017889513858509 3.513069803812702 210.5
5484 4.017889513858509 3.513069803812702 211.3333333333333
5485 4.017889513858509 3.513069803812702 212.1666666666667
5486 -4.017889513858509 -3.513069803812702 203.8333333333333
5487 -4.017889513858509 -3.513069803812702 204.6666666666667
5488 -4.017889513858509 -3.513069803812702 205.5
5489 -4.017889513858509 -3.513069803812702 206.3333333333333
5490 -4.017889513858509 -3.513069803812702 207.1666666666667
5491 -4.017889513858509 -3.513069803812702 208
5492 -4.017889513858509 -3.513069803812702 208.8333333333333
5493 -4.017889513858509 -3.513069803812702 209.6666666666667
5494 -4.017889513858509 -3.513069803812702 210.5
5495 -4.017889513858509 -3.513069803812702 211.3333333333333
5496 -4.017889513858509 -3.513069803812702 212.1666666666667
5497 1.751567765110108 -4.257047708322457 203.8333333333333
5498 1.751567765110108 -4.257047708322457 204.6666666666667
5499 1.751567765110108 -4.257047708322457 205.5
5500 1.751567765110108 -4.257047708322457 206.3333333333333
5501 1.751567765110108 -4.257047708322457 207.1666666666667
5502 1.751567765110108 -4.257047708322457 208
5503 1.751567765110108 -4.257047708322457 208.8333333333333
5504 1.751567765110108 -4.257047708322457 209.6666666666667
5505 1.751567765110108 -4.257047708322457 210.5
5506 1.751567765110108 -4.257047708322457 211.3333333333333
5507 1.751567765110108 -4.257047708322457 212.1666666666667
5508 -1.751567765110108 4.257047708322457 203.8333333333333
5509 -1.751567765110108 4.257047708322457 204.6666666666667
5510 -1.751567765110108 4.257047708322457 205.5
5511 -1.751567765110108 4.257047708322457 206.3333333333333
5512 -1.751567765110108 4.257047708322457 207.1666666666667
5513 -1.751567765110108 4.257047708322457 208
5514 -1.751567765110108 4.257047708322457 208.8333333333333
5515 -1.751567765110108 4.257047708322457 209.6666666666667
5516 -1.751567765110108 4.257047708322457 210.5
5517 -1.751567765110108 4.257047708322457 211.3333333333333
5518 -1.751567765110108 4.257047708322457 212.1666666666667
5519 9.160267818473482 -9.193999356468721 203.8333333333333
5520 9.160267818473482 -9.193999356468721 204.6666666666667
5521 9.160267818473482 -9.193999356468721 205.5
5522 9.160267818473482 -9.193999356468721 206.3333333333333
5523 9.160267818473482 -9.193999356468721 207.1666666666667
5524 9.160267818473482 -9.193999356468721 208
5525 9.160267818473482 -9.193999356468721 208.8333333333333
5526 9.160267818473482 -9.193999356468721 209.6666666666667
5527 9.160267818473482 -9.193999356468721 210.5
5528 9.160267818473482 -9.193999356468721 211.3333333333333
5529 9.160267818473482 -9.193999356468721 212.1666666666667
5530 -9.160267818473482 9.193999356468721 203.8333333333333
5531 -9.160267818473482 9.193999356468721 204.6666666666667
5532 -9.160267818473482 9.193999356468721 205.5
5533 -9.160267818473482 9.193999356468721 206.3333333333333
5534 -9.160267818473482 9.193999356468721 207.1666666666667
5535 -9.160267818473482 9.193999356468721 208
5536 -9.160267818473482 9.193999356468721 208.8333333333333
5537 -9.160267818473482 9.193999356468721 209.6666666666667
5538 -9.160267818473482 9.193999356468721 210.5
5539 -9.160267818473482 9.193999356468721 211.3333333333333
5540 -9.160267818473482 9.193999356468721 212.1666666666667
5541 -12.13062641402653 -4.357091810186268 203.8333333333333
5542 -12.13062641402653 -4.357091810186268 204.6666666666667
5543 -12.13062641402653 -4.357091810186268 205.5
5544 -12.13062641402653 -4.357091810186268 206.3333333333333
5545 -12.13062641402653 -4.357091810186268 207.1666666666667
5546 -12.13062641402653 -4.357091810186268 208
5547 -12.13062641402653 -4.357091810186268 208.8333333333333
5548 -12.13062641402653 -4.357091810186268 209.6666666666667
5549 -12.13062641402653 -4.357091810186268 210.5
5550 -12.13062641402653 -4.357091810186268 211.3333333333333
5551 -12.13062641402653 -4.357091810186268 212.1666666666667
5552 12.13062641402653 4.357091810186268 203.8333333333333
5553 12.13062641402653 4.357091810186268 204.6666666666667
5554 12.13062641402653 4.357091810186268 205.5
5555 12.13062641402653 4.357091810186268 206.3333333333333
5556 12.13062641402653 4.357091810186268 207.1666666666667
5557 12.13062641402653 4.357091810186268 208
5558 12.13062641402653 4.357091810186268 208.8333333333333
5559 12.13062641402653 4.357091810186268 209.6666666666667
5560 12.13062641402653 4.357091810186268 210.5
5561 12.13062641402653 4.357091810186268 211.3333333333333
5562 12.13062641402653 4.357091810186268 212.1666666666667
5563 9.687145114470383 11.11831968359776 203.8333333333333
5564 9.687145114470383 11.11831968359776 204.6666666666667
5565 9.687145114470383 11.11831968359776 205.5
5566 9.687145114470383 11.11831968359776 206.3333333333333
5567 9.687145114470383 11.11831968359776 207.1666666666667
5568 9.687145114470383 11.11831968359776 208
5569 9.687145114470383 11.11831968359776 208.8333333333333
5570 9.687145114470383 11.11831968359776 209.6666666666667
5571 9.687145114470383 11.11831968359776 210.5
5572 9.687145114470383 11.11831968359776 211.3333333333333
5573 9.687145114470383 11.11831968359776 212.1666666666667
5574 -9.687145114470383 -11.11831968359776 203.8333333333333
5575 -9.687145114470383 -11.11831968359776 204.6666666666667
5576 -9.687145114470383 -11.11831968359776 205.5
5577 -9.687145114470383 -11.11831968359776 206.3333333333333
5578 -9.687145114470383 -11.11831968359776 207.1666666666667
5579 -9.687145114470383 -11.11831968359776 208
5580 -9.687145114470383 -11.11831968359776 208.8333333333333
5581 -9.687145114470383 -11.11831968359776 209.6666666666667
5582 -9.687145114470383 -11.11831968359776 210.5
5583 -9.687145114470383 -11.11831968359776 211.3333333333333
5584 -9.687145114470383 -11.11831968359776 212.1666666666667
5585 -12.35894587879671 3.545537289787412 203.8333333333333
5586 -12.35894587879671 3.545537289787412 204.6666666666667
5587 -12.35894587879671 3.545537289787412 205.5
5588 -12.35894587879671 3.545537289787412 206.3333333333333
5589 -12.35894587879671 3.545537289787412 207.1666666666667
5590 -12.35894587879671 3.545537289787412 208
5591 -12.35894587879671 3.545537289787412 208.8333333333333
5592 -12.35894587879671 3.545537289787412 209.6666666666667
5593 -12.35894587879671 3.545537289787412 210.5
5594 -12.35894587879671 3.545537289787412 211.3333333333333
5595 -12.35894587879671 3.545537289787412 212.1666666666667
5596 12.35894587879671 -3.545537289787412 203.8333333333333
5597 12.35894587879671 -3.545537289787412 204.6666666666667
5598 12.35894587879671 -3.545537289787412 205.5
5599 12.35894587879671 -3.545537289787412 206.3333333333333
5600 12.35894587879671 -3.545537289787412 207.1666666666667
5601 12.35894587879671 -3.545537289787412 208
5602 12.35894587879671 -3.545537289787412 208.8333333333333
5603 12.35894587879671 -3.545537289787412 209.6666666666667
5604 12.35894587879671 -3.545537289787412 210.5
5605 12.35894587879671 -3.545537289787412 211.3333333333333
5606 12.35894587879671 -3.545537289787412 212.1666666666667
5607 -4.317412438291059 0.7389201338348677 203.8333333333333
5608 -4.317412438291059 0.7389201338348677 204.6666666666667
5609 -4.317412438291059 0.7389201338348677 205.5
5610 -4.317412438291059 0.7389201338348677 206.3333333333333
5611 -4.317412438291059 0.7389201338348677 207.1666666666667
5612 -4.317412438291059 0.7389201338348677 208
5613 -4.317412438291059 0.7389201338348677 208.8333333333333
5614 -4.317412438291059 0.7389201338348677 209.6666666666667
5615 -4.317412438291059 0.7389201338348677 210.5
5616 -4.317412438291059 0.7389201338348677 211.3333333333333
5617 -4.317412438291059 0.7389201338348677 212.1666666666667
5618 4.317412438291059 -0.7389201338348677 203.8333333333333
5619 4.317412438291059 -0.7389201338348677 204.6666666666667
5620 4.317412438291059 -0.7389201338348677 205.5
5621 4.317412438291059 -0.7389201338348677 206.3333333333333
5622 4.317412438291059 -0.7389201338348677 207.1666666666667
5623 4.317412438291059 -0.7389201338348677 208
5624 4.317412438291059 -0.7389201338348677 208.8333333333333
5625 4.317412438291059 -0.7389201338348677 209.6666666666667
5626 4.317412438291059 -0.7389201338348677 210.5
5627 4.317412438291059 -0.7389201338348677 211.3333333333333
5628 4.317412438291059 -0.7389201338348677 212.1666666666667
5629 12.98767478613291 8.385080755419784 203.8333333333333
5630 12.98767478613291 8.385080755419784 204.6666666666667
5631 12.98767478613291 8.385080755419784 205.5
5632 12.98767478613291 8.385080755419784 206.3333333333333
5633 12.98767478613291 8.385080755419784 207.1666666666667
5634 12.98767478613291 8.385080755419784 208
5635 12.98767478613291 8.385080755419784 208.8333333333333
5636 12.98767478613291 8.385080755419784 209.6666666666667
5637 12.98767478613291 8.385080755419784 210.5
5638 12.98767478613291 8.385080755419784 211.3333333333333
5639 12.98767478613291 8.385080755419784 212.1666666666667
5640 -12.98767478613291 -8.385080755419784 203.8333333333333
5641 -12.98767478613291 -8.385080755419784 204.6666666666667
5642 -12.98767478613291 -8.385080755419784 205.5
5643 -12.98767478613291 -8.385080755419784 206.3333333333333
5644 -12.98767478613291 -8.385080755419784 207.1666666666667
5645 -12.98767478613291 -8.385080755419784 208
5646 -12.98767478613291 -8.385080755419784 208.8333333333333
5647 -12.98767478613291 -8.385080755419784 209.6666666666667
5648 -12.98767478613291 -8.385080755419784 210.5
5649 -12.98767478613291 -8.385080755419784 211.3333333333333
5650 -12.98767478613291 -8.385080755419784 212.1666666666667
5651 13.58933727182403 1.33620969497955 203.8333333333333
5652 13.58933727182403 1.33620969497955 204.6666666666667
5653 13.58933727182403 1.33620969497955 205.5
5654 13.58933727182403 1.33620969497955 206.3333333333333
5655 13.58933727182403 1.33620969497955 207.1666666666667
5656 13.58933727182403 1.33620969497955 208
5657 13.58933727182403 1.33620969497955 208.8333333333333
5658 13.58933727182403 1.33620969497955 209.6666666666667
5659 13.58933727182403 1.33620969497955 210.5
5660 13.58933727182403 1.33620969497955 211.3333333333333
5661 13.58933727182403 1.33620969497955 212.1666666666667
5662 -13.58933727182403 -1.33620969497955 203.8333333333333
5663 -13.58933727182403 -1.33620969497955 204.6666666666667
5664 -13.58933727182403 -1.33620969497955 205.5
5665 -13.58933727182403 -1.33620969497955 206.3333333333333
5666 -13.58933727182403 -1.33620969497955 207.1666666666667
5667 -13.58933727182403 -1.33620969497955 208
5668 -13.58933727182403 -1.33620969497955 208.8333333333333
5669 -13.58933727182403 -1.33620969497955 209.6666666666667
5670 -13.58933727182403 -1.33620969497955 210.5
5671 -13.58933727182403 -1.33620969497955 211.3333333333333
5672 -13.58933727182403 -1.33620969497955 212.1666666666667
5673 -5.256292360615085 12.84102901623515 203.8333333333333
5674 -5.256292360615085 12.84102901623515 204.6666666666667
5675 -5.256292360615085 12.84102901623515 205.5
5676 -5.256292360615085 12.84102901623515 206.3333333333333
5677 -5.256292360615085 12.84102901623515 207.1666666666667
5678 -5.256292360615085 12.84102901623515 208
5679 -5.256292360615085 12.84102901623515 208.8333333333333
5680 -5.256292360615085 12.84102901623515 209.6666666666667
5681 -5.256292360615085 12.84102901623515 210.5
5682 -5.256292360615085 12.84102901623515 211.3333333333333
5683 -5.256292360615085 12.84102901623515 212.1666666666667
5684 5.256292360615085 -12.84102901623515 203.8333333333333
5685 5.256292360615085 -12.84102901623515 204.6666666666667
5686 5.256292360615085 -12.84102901623515 205.5
5687 5.256292360615085 -12.84102901623515 206.3333333333333
5688 5.256292360615085 -12.84102901623515 207.1666666666667
5689 5.256292360615085 -12.84102901623515 208
5690 5.256292360615085 -12.84102901623515 208.8333333333333
5691 5.256292360615085 -12.84102901623515 209.6666666666667
5692 5.256292360615085 -12.84102901623515 210.5
5693 5.256292360615085 -12.84102901623515 211.3333333333333
5694 5.256292360615085 -12.84102901623515 212.1666666666667
5695 0 0 217.75
5696 0 0 222.5
5697 0 0 227.25
5698 0 0 232
5699 0 0 236.75
5700 0 0 241.5
5701 0 0 246.25
5702 0 0 251
5703 0 0 255.75
5704 0 0 260.5
5705 0 0 265.25
5706 0 0 270
5707 0 0 274.75
5708 0 0 279.5
5709 0 0 284.25
5710 0 0 289
5711 0 0 293.75
5712 0 0 298.5
5713 0 0 303.25
5714 0 0 308
5715 0 0 312.75
5716 0 0 317.5
5717 0 0 322.25
5718 0 0 327
5719 0 0 331.75
5720 0 0 336.5
5721 0 0 341.25
5722 0 0 346
5723 0 0 350.75
5724 0 0 355.5
5725 0 0 360.25
5726 0 0 365
5727 0 0 369.75
5728 0 0 374.5
5729 0 0 379.25
5730 0 0 384
5731 0 0 388.75
5732 0 0 393.5
5733 0 0 398.25
5734 -3.722670322348144 8.715840055260911 217.75
5735 -3.722670322348144 8.715840055260911 222.5
5736 -3.722670322348144 8.715840055260911 227.25
5737 -3.722670322348144 8.715840055260911 232
5738 -3.722670322348144 8.715840055260911 236.75
5739 -3.722670322348144 8.715840055260911 241.5
5740 -3.722670322348144 8.715840055260911 246.25
5741 -3.722670322348144 8.715840055260911 251
5742 -3.722670322348144 8.715840055260911 255.75
5743 -3.722670322348144 8.715840055260911 260.5
5744 -3.722670322348144 8.715840055260911 265.25
5745 -3.722670322348144 8.715840055260911 270
5746 -3.722670322348144 8.715840055260911 274.75
5747 -3.722670322348144 8.715840055260911 279.5
5748 -3.722670322348144 8.715840055260911 284.25
5749 -3.722670322348144 8.715840055260911 289
5750 -3.722670322348144 8.715840055260911 293.75
5751 -3.722670322348144 8.715840055260911 298.5
5752 -3.722670322348144 8.715840055260911 303.25
5753 -3.722670322348144 8.715840055260911 308
5754 -3.722670322348144 8.715840055260911 312.75
5755 -3.722670322348144 8.715840055260911 317.5
5756 -3.722670322348144 8.715840055260911 322.25
5757 -3.722670322348144 8.715840055260911 327
5758 -3.722670322348144 8.715840055260911 331.75
5759 -3.722670322348144 8.715840055260911 336.5
5760 -3.722670322348144 8.715840055260911 341.25
5761 -3.722670322348144 8.715840055260911 346
5762 -3.722670322348144 8.715840055260911 350.75
5763 -3.722670322348144 8.715840055260911 355.5
5764 -3.722670322348144 8.715840055260911 360.25
5765 -3.722670322348144 8.715840055260911 365
5766 -3.722670322348144 8.715840055260911 369.75
5767 -3.722670322348144 8.715840055260911 374.5
5768 -3.722670322348144 8.715840055260911 379.25
5769 -3.722670322348144 8.715840055260911 384
5770 -3.722670322348144 8.715840055260911 388.75
5771 -3.722670322348144 8.715840055260911 393.5
5772 -3.722670322348144 8.715840055260911 398.25
5773 3.722670322348144 -8.715840055260911 217.75
5774 3.722670322348144 -8.715840055260911 222.5
5775 3.722670322348144 -8.715840055260911 227.25
5776 3.722670322348144 -8.715840055260911 232
5777 3.722670322348144 -8.715840055260911 236.75
5778 3.722670322348144 -8.715840055260911 241.5
5779 3.722670322348144 -8.715840055260911 246.25
5780 3.722670322348144 -8.715840055260911 251
5781 3.722670322348144 -8.715840055260911 255.75
5782 3.722670322348144 -8.715840055260911 260.5
5783 3.722670322348144 -8.715840055260911 265.25
5784 3.722670322348144 -8.715840055260911 270
5785 3.722670322348144 -8.715840055260911 274.75
5786 3.722670322348144 -8.715840055260911 279.5
5787 3.722670322348144 -8.715840055260911 284.25
5788 3.722670322348144 -8.715840055260911 289
5789 3.722670322348144 -8.715840055260911 293.75
5790 3.722670322348144 -8.715840055260911 298.5
5791 3.722670322348144 -8.715840055260911 303.25
5792 3.722670322348144 -8.715840055260911 308
5793 3.722670322348144 -8.715840055260911 312.75
5794 3.722670322348144 -8.715840055260911 317.5
5795 3.722670322348144 -8.715840055260911 322.25
5796 3.722670322348144 -8.715840055260911 327
5797 3.722670322348144 -8.715840055260911 331.75
5798 3.722670322348144 -8.715840055260911 336.5
5799 3.722670322348144 -8.715840055260911 341.25
5800 3.722670322348144 -8.715840055260911 346
5801 3.722670322348144 -8.715840055260911 350.75
5802 3.722670322348144 -8.715840055260911 355.5
5803 3.722670322348144 -8.715840055260911 360.25
5804 3.722670322348144 -8.715840055260911 365
5805 3.722670322348144 -8.715840055260911 369.75
5806 3.722670322348144 -8.715840055260911 374.5
5807 3.722670322348144 -8.715840055260911 379.25
5808 3.722670322348144 -8.715840055260911 384
5809 3.722670322348144 -8.715840055260911 388.75
5810 3.722670322348144 -8.715840055260911 393.5
5811 3.722670322348144 -8.715840055260911 398.25
5812 0.4081426055043846 -13.79530566943621 217.75
5813 0.4081426055043846 -13.79530566943621 222.5
5814 0.4081426055043846 -13.79530566943621 227.25
5815 0.4081426055043846 -13.79530566943621 232
5816 0.4081426055043846 -13.79530566943621 236.75
5817 0.4081426055043846 -13.79530566943621 241.5
5818 0.4081426055043846 -13.79530566943621 246.25
5819 0.4081426055043846 -13.79530566943621 251
5820 0.4081426055043846 -13.79530566943621 255.75
5821 0.4081426055043846 -13.79530566943621 260.5
5822 0.4081426055043846 -13.79530566943621 265.25
5823 0.4081426055043846 -13.79530566943621 270
5824 0.4081426055043846 -13.79530566943621 274.75
5825 0.4081426055043846 -13.79530566943621 279.5
5826 0.4081426055043846 -13.79530566943621 284.25
5827 0.4081426055043846 -13.79530566943621 289
5828 0.4081426055043846 -13.79530566943621 293.75
5829 0.4081426055043846 -13.79530566943621 298.5
5830 0.4081426055043846 -13.79530566943621 303.25
5831 0.4081426055043846 -13.79530566943621 308
5832 0.4081426055043846 -13.79530566943621 312.75
5833 0.4081426055043846 -13.79530566943621 317.5
5834 0.4081426055043846 -13.79530566943621 322.25
5835 0.4081426055043846 -13.79530566943621 327
5836 0.4081426055043846 -13.79530566943621 331.75
5837 0.4081426055043846 -13.79530566943621 336.5
5838 0.4081426055043846 -13.79530566943621 341.25
5839 0.4081426055043846 -13.79530566943621 346
5840 0.4081426055043846 -13.79530566943621 350.75
5841 0.4081426055043846 -13.79530566943621 355.5
5842 0.4081426055043846 -13.79530566943621 360.25
5843 0.4081426055043846 -13.79530566943621 365
5844 0.4081426055043846 -13.79530566943621 369.75
5845 0.4081426055043846 -13.79530566943621 374.5
5846 0.4081426055043846 -13.79530566943621 379.25
5847 0.4081426055043846 -13.79530566943621 384
5848 0.4081426055043846 -13.79530566943621 388.75
5849 0.4081426055043846 -13.79530566943621 393.5
5850 0.4081426055043846 -13.79530566943621 398.25
5851 -8.258068423837603 -7.081612678922174 217.75
5852 -8.258068423837603 -7.081612678922174 222.5
5853 -8.258068423837603 -7.081612678922174 227.25
5854 -8.258068423837603 -7.081612678922174 232
5855 -8.258068423837603 -7.081612678922174 236.75
5856 -8.258068423837603 -7.081612678922174 241.5
5857 -8.258068423837603 -7.081612678922174 246.25
5858 -8.258068423837603 -7.081612678922174 251
5859 -8.258068423837603 -7.081612678922174 255.75
5860 -8.258068423837603 -7.081612678922174 260.5
5861 -8.258068423837603 -7.081612678922174 265.25
5862 -8.258068423837603 -7.081612678922174 270
5863 -8.258068423837603 -7.081612678922174 274.75
5864 -8.258068423837603 -7.081612678922174 279.5
5865 -8.258068423837603 -7.081612678922174 284.25
5866 -8.258068423837603 -7.081612678922174 289
5867 -8.258068423837603 -7.081612678922174 293.75
5868 -8.258068423837603 -7.081612678922174 298.5
5869 -8.258068423837603 -7.081612678922174 303.25
5870 -8.258068423837603 -7.081612678922174 308
5871 -8.258068423837603 -7.081612678922174 312.75
5872 -8.258068423837603 -7.081612678922174 317.5
5873 -8.258068423837603 -7.081612678922174 322.25
5874 -8.258068423837603 -7.081612678922174 327
5875 -8.258068423837603 -7.081612678922174 331.75
5876 -8.258068423837603 -7.081612678922174 336.5
5877 -8.258068423837603 -7.081612678922174 341.25
5878 -8.258068423837603 -7.081612678922174 346
5879 -8.258068423837603 -7.081612678922174 350.75
5880 -8.258068423837603 -7.081612678922174 355.5
5881 -8.258068423837603 -7.081612678922174 360.25
5882 -8.258068423837603 -7.081612678922174 365
5883 -8.258068423837603 -7.081612678922174 369.75
5884 -8.258068423837603 -7.081612678922174 374.5
5885 -8.258068423837603 -7.081612678922174 379.25
5886 -8.258068423837603 -7.081612678922174 384
5887 -8.258068423837603 -7.081612678922174 388.75
5888 -8.258068423837603 -7.081612678922174 393.5
5889 -8.258068423837603 -7.081612678922174 398.25
5890 13.50916957984254 -7.953686383932078 217.75
5891 13.50916957984254 -7.953686383932078 222.5
5892 13.50916957984254 -7.953686383932078 227.25
5893 13.50916957984254 -7.953686383932078 232
5894 13.50916957984254 -7.953686383932078 236.75
5895 13.50916957984254 -7.953686383932078 241.5
5896 13.50916957984254 -7.953686383932078 246.25
5897 13.50916957984254 -7.953686383932078 251
5898 13.50916957984254 -7.953686383932078 255.75
5899 13.50916957984254 -7.953686383932078 260.5
5900 13.50916957984254 -7.953686383932078 265.25
5901 13.50916957984254 -7.953686383932078 270
5902 13.50916957984254 -7.953686383932078 274.75
5903 13.50916957984254 -7.953686383932078 279.5
5904 13.50916957984254 -7.953686383932078 284.25
5905 13.50916957984254 -7.953686383932078 289
5906 13.50916957984254 -7.953686383932078 293.75
5907 13.50916957984254 -7.953686383932078 298.5
5908 13.50916957984254 -7.953686383932078 303.25
5909 13.50916957984254 -7.953686383932078 308
5910 13.50916957984254 -7.953686383932078 312.75
5911 13.50916957984254 -7.953686383932078 317.5
5912 13.50916957984254 -7.953686383932078 322.25
5913 13.50916957984254 -7.953686383932078 327
5914 13.50916957984254 -7.953686383932078 331.75
5915 13.50916957984254 -7.953686383932078 336.5
5916 13.50916957984254 -7.953686383932078 341.25
5917 13.50916957984254 -7.953686383932078 346
5918 13.50916957984254 -7.953686383932078 350.75
5919 13.50916957984254 -7.953686383932078 355.5
5920 13.50916957984254 -7.953686383932078 360.25
5921 13.50916957984254 -7.953686383932078 365
5922 13.50916957984254 -7.953686383932078 369.75
5923 13.50916957984254 -7.953686383932078 374.5
5924 13.50916957984254 -7.953686383932078 379.25
5925 13.50916957984254 -7.953686383932078 384
5926 13.50916957984254 -7.953686383932078 388.75
5927 13.50916957984254 -7.953686383932078 393.5
5928 13.50916957984254 -7.953686383932078 398.25
5929 8.258068423837603 7.081612678922174 217.75
5930 8.258068423837603 7.081612678922174 222.5
5931 8.258068423837603 7.081612678922174 227.25
5932 8.258068423837603 7.081612678922174 232
5933 8.258068423837603 7.081612678922174 236.75
5934 8.258068423837603 7.081612678922174 241.5
5935 8.258068423837603 7.081612678922174 246.25
5936 8.258068423837603 7.081612678922174 251
5937 8.258068423837603 7.081612678922174 255.75
5938 8.258068423837603 7.081612678922174 260.5
5939 8.258068423837603 7.081612678922174 265.25
5940 8.258068423837603 7.081612678922174 270
5941 8.258068423837603 7.081612678922174 274.75
5942 8.258068423837603 7.081612678922174 279.5
5943 8.258068423837603 7.081612678922174 284.25
5944 8.258068423837603 7.081612678922174 289
5945 8.258068423837603 7.081612678922174 293.75
5946 8.258068423837603 7.081612678922174 298.5
5947 8.258068423837603 7.081612678922174 303.25
5948 8.258068423837603 7.081612678922174 308
5949 8.258068423837603 7.081612678922174 312.75
5950 8.258068423837603 7.081612678922174 317.5
5951 8.258068423837603 7.081612678922174 322.25
5952 8.258068423837603 7.081612678922174 327
5953 8.258068423837603 7.081612678922174 331.75
5954 8.258068423837603 7.081612678922174 336.5
5955 8.258068423837603 7.081612678922174 341.25
5956 8.258068423837603 7.081612678922174 346
5957 8.258068423837603 7.081612678922174 350.75
5958 8.258068423837603 7.081612678922174 355.5
5959 8.258068423837603 7.081612678922174 360.25
5960 8.258068423837603 7.081612678922174 365
5961 8.258068423837603 7.081612678922174 369.75
5962 8.258068423837603 7.081612678922174 374.5
5963 8.258068423837603 7.081612678922174 379.25
5964 8.258068423837603 7.081612678922174 384
5965 8.258068423837603 7.081612678922174 388.75
5966 8.258068423837603 7.081612678922174 393.5
5967 8.258068423837603 7.081612678922174 398.25
5968 -13.50916957984254 7.953686383932078 217.75
5969 -13.50916957984254 7.953686383932078 222.5
5970 -13.50916957984254 7.953686383932078 227.25
5971 -13.50916957984254 7.953686383932078 232
5972 -13.50916957984254 7.953686383932078 236.75
5973 -13.50916957984254 7.953686383932078 241.5
5974 -13.50916957984254 7.953686383932078 246.25
5975 -13.50916957984254 7.953686383932078 251
5976 -13.50916957984254 7.953686383932078 255.75
5977 -13.50916957984254 7.953686383932078 260.5
5978 -13.50916957984254 7.953686383932078 265.25
5979 -13.50916957984254 7.953686383932078 270
5980 -13.50916957984254 7.953686383932078 274.75
5981 -13.50916957984254 7.953686383932078 279.5
5982 -13.50916957984254 7.953686383932078 284.25
5983 -13.50916957984254 7.953686383932078 289
5984 -13.50916957984254 7.953686383932078 293.75
5985 -13.50916957984254 7.953686383932078 298.5
5986 -13.50916957984254 7.953686383932078 303.25
5987 -13.50916957984254 7.953686383932078 308
5988 -13.50916957984254 7.953686383932078 312.75
5989 -13.50916957984254 7.953686383932078 317.5
5990 -13.50916957984254 7.953686383932078 322.25
5991 -13.50916957984254 7.953686383932078 327
5992 -13.50916957984254 7.953686383932078 331.75
5993 -13.50916957984254 7.953686383932078 336.5
5994 -13.50916957984254 7.953686383932078 341.25
5995 -13.50916957984254 7.953686383932078 346
5996 -13.50916957984254 7.953686383932078 350.75
5997 -13.50916957984254 7.953686383932078 355.5
5998 -13.50916957984254 7.953686383932078 360.25
5999 -13.50916957984254 7.953686383932078 365
6000 -13.50916957984254 7.953686383932078 369.75
6001 -13.50916957984254 7.953686383932078 374.5
6002 -13.50916957984254 7.953686383932078 379.25
6003 -13.50916957984254 7.953686383932078 384
6004 -13.50916957984254 7.953686383932078 388.75
6005 -13.50916957984254 7.953686383932078 393.5
6006 -13.50916957984254 7.953686383932078 398.25
6007 -0.4081426055043846 13.79530566943621 217.75
6008 -0.4081426055043846 13.79530566943621 222.5
6009 -0.4081426055043846 13.79530566943621 227.25
6010 -0.4081426055043846 13.79530566943621 232
6011 -0.4081426055043846 13.79530566943621 236.75
6012 -0.4081426055043846 13.79530566943621 241.5
6013 -0.4081426055043846 13.79530566943621 246.25
6014 -0.4081426055043846 13.79530566943621 251
6015 -0.4081426055043846 13.79530566943621 255.75
6016 -0.4081426055043846 13.79530566943621 260.5
6017 -0.4081426055043846 13.79530566943621 265.25
6018 -0.4081426055043846 13.79530566943621 270
6019 -0.4081426055043846 13.79530566943621 274.75
6020 -0.4081426055043846 13.79530566943621 279.5
6021 -0.4081426055043846 13.79530566943621 284.25
6022 -0.4081426055043846 13.79530566943621 289
6023 -0.4081426055043846 13.79530566943621 293.75
6024 -0.4081426055043846 13.79530566943621 298.5
6025 -0.4081426055043846 13.79530566943621 303.25
6026 -0.4081426055043846 13.79530566943621 308
6027 -0.4081426055043846 13.79530566943621 312.75
6028 -0.4081426055043846 13.79530566943621 317.5
6029 -0.4081426055043846 13.79530566943621 322.25
6030 -0.4081426055043846 13.79530566943621 327
6031 -0.4081426055043846 13.79530566943621 331.75
6032 -0.4081426055043846 13.79530566943621 336.5
6033 -0.4081426055043846 13.79530566943621 341.25
6034 -0.4081426055043846 13.79530566943621 346
6035 -0.4081426055043846 13.79530566943621 350.75
6036 -0.4081426055043846 13.79530566943621 355.5
6037 -0.4081426055043846 13.79530566943621 360.25
6038 -0.4081426055043846 13.79530566943621 365
6039 -0.4081426055043846 13.79530566943621 369.75
6040 -0.4081426055043846 13.79530566943621 374.5
6041 -0.4081426055043846 13.79530566943621 379.25
6042 -0.4081426055043846 13.79530566943621 384
6043 -0.4081426055043846 13.79530566943621 388.75
6044 -0.4081426055043846 13.79530566943621 393.5
6045 -0.4081426055043846 13.79530566943621 398.25
6046 -8.816097914919355 -0.8694939545162398 217.75
6047 -8.816097914919355 -0.8694939545162398 222.5
6048 -8.816097914919355 -0.8694939545162398 227.25
6049 -8.816097914919355 -0.8694939545162398 232
6050 -8.816097914919355 -0.8694939545162398 236.75
6051 -8.816097914919355 -0.8694939545162398 241.5
6052 -8.816097914919355 -0.8694939545162398 246.25
6053 -8.816097914919355 -0.8694939545162398 251
6054 -8.816097914919355 -0.8694939545162398 255.75
6055 -8.816097914919355 -0.8694939545162398 260.5
6056 -8.816097914919355 -0.8694939545162398 265.25
6057 -8.816097914919355 -0.8694939545162398 270
6058 -8.816097914919355 -0.8694939545162398 274.75
6059 -8.816097914919355 -0.8694939545162398 279.5
6060 -8.816097914919355 -0.8694939545162398 284.25
6061 -8.816097914919355 -0.8694939545162398 289
6062 -8.816097914919355 -0.8694939545162398 293.75
6063 -8.816097914919355 -0.8694939545162398 298.5
6064 -8.816097914919355 -0.8694939545162398 303.25
6065 -8.816097914919355 -0.8694939545162398 308
6066 -8.816097914919355 -0.8694939545162398 312.75
6067 -8.816097914919355 -0.8694939545162398 317.5
6068 -8.816097914919355 -0.8694939545162398 322.25
6069 -8.816097914919355 -0.8694939545162398 327
6070 -8.816097914919355 -0.8694939545162398 331.75
6071 -8.816097914919355 -0.8694939545162398 336.5
6072 -8.816097914919355 -0.8694939545162398 341.25
6073 -8.816097914919355 -0.8694939545162398 346
6074 -8.816097914919355 -0.8694939545162398 350.75
6075 -8.816097914919355 -0.8694939545162398 355.5
6076 -8.816097914919355 -0.8694939545162398 360.25
6077 -8.816097914919355 -0.8694939545162398 365
6078 -8.816097914919355 -0.8694939545162398 369.75
6079 -8.816097914919355 -0.8694939545162398 374.5
6080 -8.816097914919355 -0.8694939545162398 379.25
6081 -8.816097914919355 -0.8694939545162398 384
6082 -8.816097914919355 -0.8694939545162398 388.75
6083 -8.816097914919355 -0.8694939545162398 393.5
6084 -8.816097914919355 -0.8694939545162398 398.25
6085 8.816097914919355 0.8694939545162398 217.75
6086 8.816097914919355 0.8694939545162398 222.5
6087 8.816097914919355 0.8694939545162398 227.25
6088 8.816097914919355 0.8694939545162398 232
6089 8.816097914919355 0.8694939545162398 236.75
6090 8.816097914919355 0.8694939545162398 241.5
6091 8.816097914919355 0.8694939545162398 246.25
6092 8.816097914919355 0.8694939545162398 251
6093 8.816097914919355 0.8694939545162398 255.75
6094 8.816097914919355 0.8694939545162398 260.5
6095 8.816097914919355 0.8694939545162398 265.25
6096 8.816097914919355 0.8694939545162398 270
6097 8.816097914919355 0.8694939545162398 274.75
6098 8.816097914919355 0.8694939545162398 279.5
6099 8.816097914919355 0.8694939545162398 284.25
6100 8.816097914919355 0.8694939545162398 289
6101 8.816097914919355 0.8694939545162398 293.75
6102 8.816097914919355 0.8694939545162398 298.5
6103 8.816097914919355 0.8694939545162398 303.25
6104 8.816097914919355 0.8694939545162398 308
6105 8.816097914919355 0.8694939545162398 312.75
6106 8.816097914919355 0.8694939545162398 317.5
6107 8.816097914919355 0.8694939545162398 322.25
6108 8.816097914919355 0.8694939545162398 327
6109 8.816097914919355 0.8694939545162398 331.75
6110 8.816097914919355 0.8694939545162398 336.5
6111 8.816097914919355 0.8694939545162398 341.25
6112 8.816097914919355 0.8694939545162398 346
6113 8.816097914919355 0.8694939545162398 350.75
6114 8.816097914919355 0.8694939545162398 355.5
6115 8.816097914919355 0.8694939545162398 360.25
6116 8.816097914919355 0.8694939545162398 365
6117 8.816097914919355 0.8694939545162398 369.75
6118 8.816097914919355 0.8694939545162398 374.5
6119 8.816097914919355 0.8694939545162398 379.25
6120 8.816097914919355 0.8694939545162398 384
6121 8.816097914919355 0.8694939545162398 388.75
6122 8.816097914919355 0.8694939545162398 393.5
6123 8.816097914919355 0.8694939545162398 398.25
6124 -6.641475179321265 4.217966992344595 217.75
6125 -6.641475179321265 4.217966992344595 222.5
6126 -6.641475179321265 4.217966992344595 227.25
6127 -6.641475179321265 4.217966992344595 232
6128 -6.641475179321265 4.217966992344595 236.75
6129 -6.641475179321265 4.217966992344595 241.5
6130 -6.641475179321265 4.217966992344595 246.25
6131 -6.641475179321265 4.217966992344595 251
6132 -6.641475179321265 4.217966992344595 255.75
6133 -6.641475179321265 4.217966992344595 260.5
6134 -6.641475179321265 4.217966992344595 265.25
6135 -6.641475179321265 4.217966992344595 270
6136 -6.641475179321265 4.217966992344595 274.75
6137 -6.641475179321265 4.217966992344595 279.5
6138 -6.641475179321265 4.217966992344595 284.25
6139 -6.641475179321265 4.217966992344595 289
6140 -6.641475179321265 4.217966992344595 293.75
6141 -6.641475179321265 4.217966992344595 298.5
6142 -6.641475179321265 4.217966992344595 303.25
6143 -6.641475179321265 4.217966992344595 308
6144 -6.641475179321265 4.217966992344595 312.75
6145 -6.641475179321265 4.217966992344595 317.5
6146 -6.641475179321265 4.217966992344595 322.25
6147 -6.641475179321265 4.217966992344595 327
6148 -6.641475179321265 4.217966992344595 331.75
6149 -6.641475179321265 4.217966992344595 336.5
6150 -6.641475179321265 4.217966992344595 341.25
6151 -6.641475179321265 4.217966992344595 346
6152 -6.641475179321265 4.217966992344595 350.75
6153 -6.641475179321265 4.217966992344595 355.5
6154 -6.641475179321265 4.217966992344595 360.25
6155 -6.641475179321265 4.217966992344595 365
6156 -6.641475179321265 4.217966992344595 369.75
6157 -6.641475179321265 4.217966992344595 374.5
6158 -6.641475179321265 4.217966992344595 379.25
6159 -6.641475179321265 4.217966992344595 384
6160 -6.641475179321265 4.217966992344595 388.75
6161 -6.641475179321265 4.217966992344595 393.5
6162 -6.641475179321265 4.217966992344595 398.25
6163 6.641475179321265 -4.217966992344595 217.75
6164 6.641475179321265 -4.217966992344595 222.5
6165 6.641475179321265 -4.217966992344595 227.25
6166 6.641475179321265 -4.217966992344595 232
6167 6.641475179321265 -4.217966992344595 236.75
6168 6.641475179321265 -4.217966992344595 241.5
6169 6.641475179321265 -4.217966992344595 246.25
6170 6.641475179321265 -4.217966992344595 251
6171 6.641475179321265 -4.217966992344595 255.75
6172 6.641475179321265 -4.217966992344595 260.5
6173 6.641475179321265 -4.217966992344595 265.25
6174 6.641475179321265 -4.217966992344595 270
6175 6.641475179321265 -4.217966992344595 274.75
6176 6.641475179321265 -4.217966992344595 279.5
6177 6.641475179321265 -4.217966992344595 284.25
6178 6.641475179321265 -4.217966992344595 289
6179 6.641475179321265 -4.217966992344595 293.75
6180 6.641475179321265 -4.217966992344595 298.5
6181 6.641475179321265 -4.217966992344595 303.25
6182 6.641475179321265 -4.217966992344595 308
6183 6.641475179321265 -4.217966992344595 312.75
6184 6.641475179321265 -4.217966992344595 317.5
6185 6.641475179321265 -4.217966992344595 322.25
6186 6.641475179321265 -4.217966992344595 327
6187 6.641475179321265 -4.217966992344595 331.75
6188 6.641475179321265 -4.217966992344595 336.5
6189 6.641475179321265 -4.217966992344595 341.25
6190 6.641475179321265 -4.217966992344595 346
6191 6.641475179321265 -4.217966992344595 350.75
6192 6.641475179321265 -4.217966992344595 355.5
6193 6.641475179321265 -4.217966992344595 360.25
6194 6.641475179321265 -4.217966992344595 365
6195 6.641475179321265 -4.217966992344595 369.75
6196 6.641475179321265 -4.217966992344595 374.5
6197 6.641475179321265 -4.217966992344595 379.25
6198 6.641475179321265 -4.217966992344595 384
6199 6.641475179321265 -4.217966992344595 388.75
6200 6.641475179321265 -4.217966992344595 393.5
6201 6.641475179321265 -4.217966992344595 398.25
6202 1.887276083231843 8.306946215985326 217.75
6203 1.887276083231843 8.306946215985326 222.5
6204 1.887276083231843 8.306946215985326 227.25
6205 1.887276083231843 8.306946215985326 232
6206 1.887276083231843 8.306946215985326 236.75
6207 1.887276083231843 8.306946215985326 241.5
6208 1.887276083231843 8.306946215985326 246.25
6209 1.887276083231843 8.306946215985326 251
6210 1.887276083231843 8.306946215985326 255.75
6211 1.887276083231843 8.306946215985326 260.5
6212 1.887276083231843 8.306946215985326 265.25
6213 1.887276083231843 8.306946215985326 270
6214 1.887276083231843 8.306946215985326 274.75
6215 1.887276083231843 8.306946215985326 279.5
6216 1.887276083231843 8.306946215985326 284.25
6217 1.887276083231843 8.306946215985326 289
6218 1.887276083231843 8.306946215985326 293.75
6219 1.887276083231843 8.306946215985326 298.5
6220 1.887276083231843 8.306946215985326 303.25
6221 1.887276083231843 8.306946215985326 308
6222 1.887276083231843 8.306946215985326 312.75
6223 1.887276083231843 8.306946215985326 317.5
6224 1.887276083231843 8.306946215985326 322.25
6225 1.887276083231843 8.306946215985326 327
6226 1.887276083231843 8.306946215985326 331.75
6227 1.887276083231843 8.306946215985326 336.5
6228 1.887276083231843 8.306946215985326 341.25
6229 1.887276083231843 8.306946215985326 346
6230 1.887276083231843 8.306946215985326 350.75
6231 1.887276083231843 8.306946215985326 355.5
6232 1.887276083231843 8.306946215985326 360.25
6233 1.887276083231843 8.306946215985326 365
6234 1.887276083231843 8.306946215985326 369.75
6235 1.887276083231843 8.306946215985326 374.5
6236 1.887276083231843 8.306946215985326 379.25
6237 1.887276083231843 8.306946215985326 384
6238 1.887276083231843 8.306946215985326 388.75
6239 1.887276083231843 8.306946215985326 393.5
6240 1.887276083231843 8.306946215985326 398.25
6241 -1.887276083231843 -8.306946215985326 217.75
6242 -1.887276083231843 -8.306946215985326 222.5
6243 -1.887276083231843 -8.306946215985326 227.25
6244 -1.887276083231843 -8.306946215985326 232
6245 -1.887276083231843 -8.306946215985326 236.75
6246 -1.887276083231843 -8.306946215985326 241.5
6247 -1.887276083231843 -8.306946215985326 246.25
6248 -1.887276083231843 -8.306946215985326 251
6249 -1.887276083231843 -8.306946215985326 255.75
6250 -1.887276083231843 -8.306946215985326 260.5
6251 -1.887276083231843 -8.306946215985326 265.25
6252 -1.887276083231843 -8.306946215985326 270
6253 -1.887276083231843 -8.306946215985326 274.75
6254 -1.887276083231843 -8.306946215985326 279.5
6255 -1.887276083231843 -8.306946215985326 284.25
6256 -1.887276083231843 -8.306946215985326 289
6257 -1.887276083231843 -8.306946215985326 293.75
6258 -1.887276083231843 -8.306946215985326 298.5
6259 -1.887276083231843 -8.306946215985326 303.25
6260 -1.887276083231843 -8.306946215985326 308
6261 -1.887276083231843 -8.306946215985326 312.75
6262 -1.887276083231843 -8.306946215985326 317.5
6263 -1.887276083231843 -8.306946215985326 322.25
6264 -1.887276083231843 -8.306946215985326 327
6265 -1.887276083231843 -8.306946215985326 331.75
6266 -1.887276083231843 -8.306946215985326 336.5
6267 -1.887276083231843 -8.306946215985326 341.25
6268 -1.887276083231843 -8.306946215985326 346
6269 -1.887276083231843 -8.306946215985326 350.75
6270 -1.887276083231843 -8.306946215985326 355.5
6271 -1.887276083231843 -8.306946215985326 360.25
6272 -1.887276083231843 -8.306946215985326 365
6273 -1.887276083231843 -8.306946215985326 369.75
6274 -1.887276083231843 -8.306946215985326 374.5
6275 -1.887276083231843 -8.306946215985326 379.25
6276 -1.887276083231843 -8.306946215985326 384
6277 -1.887276083231843 -8.306946215985326 388.75
6278 -1.887276083231843 -8.306946215985326 393.5
6279 -1.887276083231843 -8.306946215985326 398.25
6280 5.217374674984268 12.11938864086816 217.75
6281 5.217374674984268 12.11938864086816 222.5
6282 5.217374674984268 12.11938864086816 227.25
6283 5.217374674984268 12.11938864086816 232
6284 5.217374674984268 12.11938864086816 236.75
6285 5.217374674984268 12.11938864086816 241.5
6286 5.217374674984268 12.11938864086816 246.25
6287 5.217374674984268 12.11938864086816 251
6288 5.217374674984268 12.11938864086816 255.75
6289 5.217374674984268 12.11938864086816 260.5
6290 5.217374674984268 12.11938864086816 265.25
6291 5.217374674984268 12.11938864086816 270
6292 5.217374674984268 12.11938864086816 274.75
6293 5.217374674984268 12.11938864086816 279.5
6294 5.217374674984268 12.11938864086816 284.25
6295 5.217374674984268 12.11938864086816 289
6296 5.217374674984268 12.11938864086816 293.75
6297 5.217374674984268 12.11938864086816 298.5
6298 5.217374674984268 12.11938864086816 303.25
6299 5.217374674984268 12.11938864086816 308
6300 5.217374674984268 12.11938864086816 312.75
6301 5.217374674984268 12.11938864086816 317.5
6302 5.217374674984268 12.11938864086816 322.25
6303 5.217374674984268 12.11938864086816 327
6304 5.217374674984268 12.11938864086816 331.75
6305 5.217374674984268 12.11938864086816 336.5
6306 5.217374674984268 12.11938864086816 341.25
6307 5.217374674984268 12.11938864086816 346
6308 5.217374674984268 12.11938864086816 350.75
6309 5.217374674984268 12.11938864086816 355.5
6310 5.217374674984268 12.11938864086816 360.25
6311 5.217374674984268 12.11938864086816 365
6312 5.217374674984268 12.11938864086816 369.75
6313 5.217374674984268 12.11938864086816 374.5
6314 5.217374674984268 12.11938864086816 379.25
6315 5.217374674984268 12.11938864086816 384
6316 5.217374674984268 12.11938864086816 388.75
6317 5.217374674984268 12.11938864086816 393.5
6318 5.217374674984268 12.11938864086816 398.25
6319 -5.217374674984268 -12.11938864086816 217.75
6320 -5.217374674984268 -12.11938864086816 222.5
6321 -5.217374674984268 -12.11938864086816 227.25
6322 -5.217374674984268 -12.11938864086816 232
6323 -5.217374674984268 -12.11938864086816 236.75
6324 -5.217374674984268 -12.11938864086816 241.5
6325 -5.217374674984268 -12.11938864086816 246.25
6326 -5.217374674984268 -12.11938864086816 251
6327 -5.217374674984268 -12.11938864086816 255.75
6328 -5.217374674984268 -12.11938864086816 260.5
6329 -5.217374674984268 -12.11938864086816 265.25
6330 -5.217374674984268 -12.11938864086816 270
6331 -5.217374674984268 -12.11938864086816 274.75
6332 -5.217374674984268 -12.11938864086816 279.5
6333 -5.217374674984268 -12.11938864086816 284.25
6334 -5.217374674984268 -12.11938864086816 289
6335 -5.217374674984268 -12.11938864086816 293.75
6336 -5.217374674984268 -12.11938864086816 298.5
6337 -5.217374674984268 -12.11938864086816 303.25
6338 -5.217374674984268 -12.11938864086816 308
6339 -5.217374674984268 -12.11938864086816 312.75
6340 -5.217374674984268 -12.11938864086816 317.5
6341 -5.217374674984268 -12.11938864086816 322.25
6342 -5.217374674984268 -12.11938864086816 327
6343 -5.217374674984268 -12.11938864086816 331.75
6344 -5.217374674984268 -12.11938864086816 336.5
6345 -5.217374674984268 -12.11938864086816 341.25
6346 -5.217374674984268 -12.11938864086816 346
6347 -5.217374674984268 -12.11938864086816 350.75
6348 -5.217374674984268 -12.11938864086816 355.5
6349 -5.217374674984268 -12.11938864086816 360.25
6350 -5.217374674984268 -12.11938864086816 365
6351 -5.217374674984268 -12.11938864086816 369.75
6352 -5.217374674984268 -12.11938864086816 374.5
6353 -5.217374674984268 -12.11938864086816 379.25
6354 -5.217374674984268 -12.11938864086816 384
6355 -5.217374674984268 -12.11938864086816 388.75
6356 -5.217374674984268 -12.11938864086816 393.5
6357 -5.217374674984268 -12.11938864086816 398.25
6358 4.017889513858509 3.513069803812702 217.75
6359 4.017889513858509 3.513069803812702 222.5
6360 4.017889513858509 3.513069803812702 227.25
6361 4.017889513858509 3.513069803812702 232
6362 4.017889513858509 3.513069803812702 236.75
6363 4.017889513858509 3.513069803812702 241.5
6364 4.017889513858509 3.513069803812702 246.25
6365 4.017889513858509 3.513069803812702 251
6366 4.017889513858509 3.513069803812702 255.75
6367 4.017889513858509 3.513069803812702 260.5
6368 4.017889513858509 3.513069803812702 265.25
6369 4.017889513858509 3.513069803812702 270
6370 4.017889513858509 3.513069803812702 274.75
6371 4.017889513858509 3.513069803812702 279.5
6372 4.017889513858509 3.513069803812702 284.25
6373 4.017889513858509 3.513069803812702 289
6374 4.017889513858509 3.513069803812702 293.75
6375 4.017889513858509 3.513069803812702 298.5
6376 4.017889513858509 3.513069803812702 303.25
6377 4.017889513858509 3.513069803812702 308
6378 4.017889513858509 3.513069803812702 312.75
6379 4.017889513858509 3.513069803812702 317.5
6380 4.017889513858509 3.513069803812702 322.25
6381 4.017889513858509 3.513069803812702 327
6382 4.017889513858509 3.513069803812702 331.75
6383 4.017889513858509 3.513069803812702 336.5
6384 4.017889513858509 3.513069803812702 341.25
6385 4.017889513858509 3.513069803812702 346
6386 4.017889513858509 3.513069803812702 350.75
6387 4.017889513858509 3.513069803812702 355.5
6388 4.017889513858509 3.513069803812702 360.25
6389 4.017889513858509 3.513069803812702 365
6390 4.017889513858509 3.513069803812702 369.75
6391 4.017889513858509 3.513069803812702 374.5
6392 4.017889513858509 3.513069803812702 379.25
6393 4.017889513858509 3.513069803812702 384
6394 4.017889513858509 3.513069803812702 388.75
6395 4.017889513858509 3.513069803812702 393.5
6396 4.017889513858509 3.513069803812702 398.25
6397 -4.017889513858509 -3.513069803812702 217.75
6398 -4.017889513858509 -3.513069803812702 222.5
6399 -4.017889513858509 -3.513069803812702 227.25
6400 -4.017889513858509 -3.513069803812702 232
6401 -4.017889513858509 -3.513069803812702 236.75
6402 -4.017889513858509 -3.513069803812702 241.5
6403 -4.017889513858509 -3.513069803812702 246.25
6404 -4.017889513858509 -3.513069803812702 251
6405 -4.017889513858509 -3.513069803812702 255.75
6406 -4.017889513858509 -3.513069803812702 260.5
6407 -4.017889513858509 -3.513069803812702 265.25
6408 -4.017889513858509 -3.513069803812702 270
6409 -4.017889513858509 -3.513069803812702 274.75
6410 -4.017889513858509 -3.513069803812702 279.5
6411 -4.017889513858509 -3.513069803812702 284.25
6412 -4.017889513858509 -3.513069803812702 289
6413 -4.017889513858509 -3.513069803812702 293.75
6414 -4.017889513858509 -3.513069803812702 298.5
6415 -4.017889513858509 -3.513069803812702 303.25
6416 -4.017889513858509 -3.513069803812702 308
6417 -4.017889513858509 -3.513069803812702 312.75
6418 -4.017889513858509 -3.513069803812702 317.5
6419 -4.017889513858509 -3.513069803812702 322.25
6420 -4.017889513858509 -3.513069803812702 327
6421 -4.017889513858509 -3.513069803812702 331.75
6422 -4.017889513858509 -3.513069803812702 336.5
6423 -4.017889513858509 -3.513069803812702 341.25
6424 -4.017889513858509 -3.513069803812702 346
6425 -4.017889513858509 -3.513069803812702 350.75
6426 -4.017889513858509 -3.513069803812702 355.5
6427 -4.017889513858509 -3.513069803812702 360.25
6428 -4.017889513858509 -3.513069803812702 365
6429 -4.017889513858509 -3.513069803812702 369.75
6430 -4.017889513858509 -3.513069803812702 374.5
6431 -4.017889513858509 -3.513069803812702 379.25
6432 -4.017889513858509 -3.513069803812702 384
6433 -4.017889513858509 -3.513069803812702 388.75
6434 -4.017889513858509 -3.513069803812702 393.5
6435 -4.017889513858509 -3.513069803812702 398.25
6436 1.751567765110108 -4.257047708322457 217.75
6437 1.751567765110108 -4.257047708322457 222.5
6438 1.751567765110108 -4.257047708322457 227.25
6439 1.751567765110108 -4.257047708322457 232
6440 1.751567765110108 -4.257047708322457 236.75
6441 1.751567765110108 -4.257047708322457 241.5
6442 1.751567765110108 -4.257047708322457 246.25
6443 1.751567765110108 -4.257047708322457 251
6444 1.751567765110108 -4.257047708322457 255.75
6445 1.751567765110108 -4.257047708322457 260.5
6446 1.751567765110108 -4.257047708322457 265.25
6447 1.751567765110108 -4.257047708322457 270
6448 1.751567765110108 -4.257047708322457 274.75
6449 1.751567765110108 -4.257047708322457 279.5
6450 1.751567765110108 -4.257047708322457 284.25
6451 1.751567765110108 -4.257047708322457 289
6452 1.751567765110108 -4.257047708322457 293.75
6453 1.751567765110108 -4.257047708322457 298.5
6454 1.751567765110108 -4.257047708322457 303.25
6455 1.751567765110108 -4.257047708322457 308
6456 1.751567765110108 -4.257047708322457 312.75
6457 1.751567765110108 -4.257047708322457 317.5
6458 1.751567765110108 -4.257047708322457 322.25
6459 1.751567765110108 -4.257047708322457 327
6460 1.751567765110108 -4.257047708322457 331.75
6461 1.751567765110108 -4.257047708322457 336.5
6462 1.751567765110108 -4.257047708322457 341.25
6463 1.751567765110108 -4.257047708322457 346
6464 1.751567765110108 -4.257047708322457 350.75
6465 1.751567765110108 -4.257047708322457 355.5
6466 1.751567765110108 -4.257047708322457 360.25
6467 1.751567765110108 -4.257047708322457 365
6468 1.751567765110108 -4.257047708322457 369.75
6469 1.751567765110108 -4.257047708322457 374.5
6470 1.751567765110108 -4.257047708322457 379.25
6471 1.751567765110108 -4.257047708322457 384
6472 1.751567765110108 -4.257047708322457 388.75
6473 1.751567765110108 -4.257047708322457 393.5
6474 1.751567765110108 -4.257047708322457 398.25
6475 -1.751567765110108 4.257047708322457 217.75
6476 -1.751567765110108 4.257047708322457 222.5
6477 -1.751567765110108 4.257047708322457 227.25
6478 -1.751567765110108 4.257047708322457 232
6479 -1.751567765110108 4.257047708322457 236.75
6480 -1.751567765110108 4.257047708322457 241.5
6481 -1.751567765110108 4.257047708322457 246.25
6482 -1.751567765110108 4.257047708322457 251
6483 -1.751567765110108 4.257047708322457 255.75
6484 -1.751567765110108 4.257047708322457 260.5
6485 -1.751567765110108 4.257047708322457 265.25
6486 -1.751567765110108 4.257047708322457 270
6487 -1.751567765110108 4.257047708322457 274.75
6488 -1.751567765110108 4.257047708322457 279.5
6489 -1.751567765110108 4.257047708322457 284.25
6490 -1.751567765110108 4.257047708322457 289
6491 -1.751567765110108 4.257047708322457 293.75
6492 -1.751567765110108 4.257047708322457 298.5
6493 -1.751567765110108 4.257047708322457 303.25
6494 -1.751567765110108 4.257047708322457 308
6495 -1.751567765110108 4.257047708322457 312.75
6496 -1.751567765110108 4.257047708322457 317.5
6497 -1.751567765110108 4.257047708322457 322.25
6498 -1.751567765110108 4.257047708322457 327
6499 -1.751567765110108 4.257047708322457 331.75
6500 -1.751567765110108 4.257047708322457 336.5
6501 -1.751567765110108 4.257047708322457 341.25
6502 -1.751567765110108 4.257047708322457 346
6503 -1.751567765110108 4.257047708322457 350.75
6504 -1.751567765110108 4.257047708322457 355.5
6505 -1.751567765110108 4.257047708322457 360.25
6506 -1.751567765110108 4.257047708322457 365
6507 -1.751567765110108 4.257047708322457 369.75
6508 -1.751567765110108 4.257047708322457 374.5
6509 -1.751567765110108 4.257047708322457 379.25
6510 -1.751567765110108 4.257047708322457 384
6511 -1.751567765110108 4.257047708322457 388.75
6512 -1.751567765110108 4.257047708322457 393.5
6513 -1.751567765110108 4.257047708322457 398.25
6514 9.160267818473482 -9.193999356468721 217.75
6515 9.160267818473482 -9.193999356468721 222.5
6516 9.160267818473482 -9.193999356468721 227.25
6517 9.160267818473482 -9.193999356468721 232
6518 9.160267818473482 -9.193999356468721 236.75
6519 9.160267818473482 -9.193999356468721 241.5
6520 9.160267818473482 -9.193999356468721 246.25
6521 9.160267818473482 -9.193999356468721 251
6522 9.160267818473482 -9.193999356468721 255.75
6523 9.160267818473482 -9.193999356468721 260.5
6524 9.160267818473482 -9.193999356468721 265.25
6525 9.160267818473482 -9.193999356468721 270
6526 9.160267818473482 -9.193999356468721 274.75
6527 9.160267818473482 -9.193999356468721 279.5
6528 9.160267818473482 -9.193999356468721 284.25
6529 9.160267818473482 -9.193999356468721 289
6530 9.160267818473482 -9.193999356468721 293.75
6531 9.160267818473482 -9.193999356468721 298.5
6532 9.160267818473482 -9.193999356468721 303.25
6533 9.160267818473482 -9.193999356468721 308
6534 9.160267818473482 -9.193999356468721 312.75
6535 9.160267818473482 -9.193999356468721 317.5
6536 9.160267818473482 -9.193999356468721 322.25
6537 9.160267818473482 -9.193999356468721 327
6538 9.160267818473482 -9.193999356468721 331.75
6539 9.160267818473482 -9.193999356468721 336.5
6540 9.160267818473482 -9.193999356468721 341.25
6541 9.160267818473482 -9.193999356468721 346
6542 9.160267818473482 -9.193999356468721 350.75
6543 9.160267818473482 -9.193999356468721 355.5
6544 9.160267818473482 -9.193999356468721 360.25
6545 9.160267818473482 -9.193999356468721 365
6546 9.160267818473482 -9.193999356468721 369.75
6547 9.160267818473482 -9.193999356468721 374.5
6548 9.160267818473482 -9.193999356468721 379.25
6549 9.160267818473482 -9.193999356468721 384
6550 9.160267818473482 -9.193999356468721 388.75
6551 9.160267818473482 -9.193999356468721 393.5
6552 9.160267818473482 -9.193999356468721 398.25
6553 -9.160267818473482 9.193999356468721 217.75
6554 -9.160267818473482 9.193999356468721 222.5
6555 -9.160267818473482 9.193999356468721 227.25
6556 -9.160267818473482 9.193999356468721 232
6557 -9.160267818473482 9.193999356468721 236.75
6558 -9.160267818473482 9.193999356468721 241.5
6559 -9.160267818473482 9.193999356468721 246.25
6560 -9.160267818473482 9.193999356468721 251
6561 -9.160267818473482 9.193999356468721 255.75
6562 -9.160267818473482 9.193999356468721 260.5
6563 -9.160267818473482 9.193999356468721 265.25
6564 -9.160267818473482 9.193999356468721 270
6565 -9.160267818473482 9.193999356468721 274.75
6566 -9.160267818473482 9.193999356468721 279.5
6567 -9.160267818473482 9.193999356468721 284.25
6568 -9.160267818473482 9.193999356468721 289
6569 -9.160267818473482 9.193999356468721 293.75
6570 -9.160267818473482 9.193999356468721 298.5
6571 -9.160267818473482 9.193999356468721 303.25
6572 -9.160267818473482 9.193999356468721 308
6573 -9.160267818473482 9.193999356468721 312.75
6574 -9.160267818473482 9.193999356468721 317.5
6575 -9.160267818473482 9.193999356468721 322.25
6576 -9.160267818473482 9.193999356468721 327
6577 -9.160267818473482 9.193999356468721 331.75
6578 -9.160267818473482 9.193999356468721 336.5
6579 -9.160267818473482 9.193999356468721 341.25
6580 -9.160267818473482 9.193999356468721 346
6581 -9.160267818473482 9.193999356468721 350.75
6582 -9.160267818473482 9.193999356468721 355.5
6583 -9.160267818473482 9.193999356468721 360.25
6584 -9.160267818473482 9.193999356468721 365
6585 -9.160267818473482 9.193999356468721 369.75
6586 -9.160267818473482 9.193999356468721 374.5
6587 -9.160267818473482 9.193999356468721 379.25
6588 -9.160267818473482 9.193999356468721 384
6589 -9.160267818473482 9.193999356468721 388.75
6590 -9.160267818473482 9.193999356468721 393.5
6591 -9.160267818473482 9.193999356468721 398.25
6592 -12.13062641402653 -4.357091810186268 217.75
6593 -12.13062641402653 -4.357091810186268 222.5
6594 -12.13062641402653 -4.357091810186268 227.25
6595 -12.13062641402653 -4.357091810186268 232
6596 -12.13062641402653 -4.357091810186268 236.75
6597 -12.13062641402653 -4.357091810186268 241.5
6598 -12.13062641402653 -4.357091810186268 246.25
6599 -12.13062641402653 -4.357091810186268 251
6600 -12.13062641402653 -4.357091810186268 255.75
6601 -12.13062641402653 -4.357091810186268 260.5
6602 -12.13062641402653 -4.357091810186268 265.25
6603 -12.13062641402653 -4.357091810186268 270
6604 -12.13062641402653 -4.357091810186268 274.75
6605 -12.13062641402653 -4.357091810186268 279.5
6606 -12.13062641402653 -4.357091810186268 284.25
6607 -12.13062641402653 -4.357091810186268 289
6608 -12.13062641402653 -4.357091810186268 293.75
6609 -12.13062641402653 -4.357091810186268 298.5
6610 -12.13062641402653 -4.357091810186268 303.25
6611 -12.13062641402653 -4.357091810186268 308
6612 -12.13062641402653 -4.357091810186268 312.75
6613 -12.13062641402653 -4.357091810186268 317.5
6614 -12.13062641402653 -4.357091810186268 322.25
6615 -12.13062641402653 -4.357091810186268 327
6616 -12.13062641402653 -4.357091810186268 331.75
6617 -12.13062641402653 -4.357091810186268 336.5
6618 -12.13062641402653 -4.357091810186268 341.25
6619 -12.13062641402653 -4.357091810186268 346
6620 -12.13062641402653 -4.357091810186268 350.75
6621 -12.13062641402653 -4.357091810186268 355.5
6622 -12.13062641402653 -4.357091810186268 360.25
6623 -12.13062641402653 -4.357091810186268 365
6624 -12.13062641402653 -4.357091810186268 369.75
6625 -12.13062641402653 -4.357091810186268 374.5
6626 -12.13062641402653 -4.357091810186268 379.25
6627 -12.13062641402653 -4.357091810186268 384
6628 -12.13062641402653 -4.357091810186268 388.75
6629 -12.13062641402653 -4.357091810186268 393.5
6630 -12.13062641402653 -4.357091810186268 398.25
6631 12.13062641402653 4.357091810186268 217.75
6632 12.13062641402653 4.357091810186268 222.5
6633 12.13062641402653 4.357091810186268 227.25
6634 12.13062641402653 4.357091810186268 232
6635 12.13062641402653 4.357091810186268 236.75
6636 12.13062641402653 4.357091810186268 241.5
6637 12.13062641402653 4.357091810186268 246.25
6638 12.13062641402653 4.357091810186268 251
6639 12.13062641402653 4.357091810186268 255.75
6640 12.13062641402653 4.357091810186268 260.5
6641 12.13062641402653 4.357091810186268 265.25
6642 12.13062641402653 4.357091810186268 270
6643 12.13062641402653 4.357091810186268 274.75
6644 12.13062641402653 4.357091810186268 279.5
6645 12.13062641402653 4.357091810186268 284.25
6646 12.13062641402653 4.357091810186268 289
6647 12.13062641402653 4.357091810186268 293.75
6648 12.13062641402653 4.357091810186268 298.5
6649 12.13062641402653 4.357091810186268 303.25
6650 12.13062641402653 4.357091810186268 308
6651 12.13062641402653 4.357091810186268 312.75
6652 12.13062641402653 4.357091810186268 317.5
6653 12.13062641402653 4.357091810186268 322.25
6654 12.13062641402653 4.357091810186268 327
6655 12.13062641402653 4.357091810186268 331.75
6656 12.13062641402653 4.357091810186268 336.5
6657 12.13062641402653 4.357091810186268 341.25
6658 12.13062641402653 4.357091810186268 346
6659 12.13062641402653 4.357091810186268 350.75
6660 12.13062641402653 4.357091810186268 355.5
6661 12.13062641402653 4.357091810186268 360.25
6662 12.13062641402653 4.357091810186268 365
6663 12.13062641402653 4.357091810186268 369.75
6664 12.13062641402653 4.357091810186268 374.5
6665 12.13062641402653 4.357091810186268 379.25
6666 12.13062641402653 4.357091810186268 384
6667 12.13062641402653 4.357091810186268 388.75
6668 12.13062641402653 4.357091810186268 393.5
6669 12.13062641402653 4.357091810186268 398.25
6670 9.687145114470383 11.11831968359776 217.75
6671 9.687145114470383 11.11831968359776 222.5
6672 9.687145114470383 11.11831968359776 227.25
6673 9.687145114470383 11.11831968359776 232
6674 9.687145114470383 11.11831968359776 236.75
6675 9.687145114470383 11.11831968359776 241.5
6676 9.687145114470383 11.11831968359776 246.25
6677 9.687145114470383 11.11831968359776 251
6678 9.687145114470383 11.11831968359776 255.75
6679 9.687145114470383 11.11831968359776 260.5
6680 9.687145114470383 11.11831968359776 265.25
6681 9.687145114470383 11.11831968359776 270
6682 9.687145114470383 11.11831968359776 274.75
6683 9.687145114470383 11.11831968359776 279.5
6684 9.687145114470383 11.11831968359776 284.25
6685 9.687145114470383 11.11831968359776 289
6686 9.687145114470383 11.11831968359776 293.75
6687 9.687145114470383 11.11831968359776 298.5
6688 9.687145114470383 11.11831968359776 303.25
6689 9.687145114470383 11.11831968359776 308
6690 9.687145114470383 11.11831968359776 312.75
6691 9.687145114470383 11.11831968359776 317.5
6692 9.687145114470383 11.11831968359776 322.25
6693 9.687145114470383 11.11831968359776 327
6694 9.687145114470383 11.11831968359776 331.75
6695 9.687145114470383 11.11831968359776 336.5
6696 9.687145114470383 11.11831968359776 341.25
6697 9.687145114470383 11.11831968359776 346
6698 9.687145114470383 11.11831968359776 350.75
6699 9.687145114470383 11.11831968359776 355.5
6700 9.687145114470383 11.11831968359776 360.25
6701 9.687145114470383 11.11831968359776 365
6702 9.687145114470383 11.11831968359776 369.75
6703 9.687145114470383 11.11831968359776 374.5
6704 9.687145114470383 11.11831968359776 379.25
6705 9.687145114470383 11.11831968359776 384
6706 9.687145114470383 11.11831968359776 388.75
6707 9.687145114470383 11.11831968359776 393.5
6708 9.687145114470383 11.11831968359776 398.25
6709 -9.687145114470383 -11.11831968359776 217.75
6710 -9.687145114470383 -11.11831968359776 222.5
6711 -9.687145114470383 -11.11831968359776 227.25
6712 -9.687145114470383 -11.11831968359776 232
6713 -9.687145114470383 -11.11831968359776 236.75
6714 -9.687145114470383 -11.11831968359776 241.5
6715 -9.687145114470383 -11.11831968359776 246.25
6716 -9.687145114470383 -11.11831968359776 251
6717 -9.687145114470383 -11.11831968359776 255.75
6718 -9.687145114470383 -11.11831968359776 260.5
6719 -9.687145114470383 -11.11831968359776 265.25
6720 -9.687145114470383 -11.11831968359776 270
6721 -9.687145114470383 -11.11831968359776 274.75
6722 -9.687145114470383 -11.11831968359776 279.5
6723 -9.687145114470383 -11.11831968359776 284.25
6724 -9.687145114470383 -11.11831968359776 289
6725 -9.687145114470383 -11.11831968359776 293.75
6726 -9.687145114470383 -11.11831968359776 298.5
6727 -9.687145114470383 -11.11831968359776 303.25
6728 -9.687145114470383 -11.11831968359776 308
6729 -9.687145114470383 -11.11831968359776 312.75
6730 -9.687145114470383 -11.11831968359776 317.5
6731 -9.687145114470383 -11.11831968359776 322.25
6732 -9.687145114470383 -11.11831968359776 327
6733 -9.687145114470383 -11.11831968359776 331.75
6734 -9.687145114470383 -11.11831968359776 336.5
6735 -9.687145114470383 -11.11831968359776 341.25
6736 -9.687145114470383 -11.11831968359776 346
6737 -9.687145114470383 -11.11831968359776 350.75
6738 -9.687145114470383 -11.11831968359776 355.5
6739 -9.687145114470383 -11.11831968359776 360.25
6740 -9.687145114470383 -11.11831968359776 365
6741 -9.687145114470383 -11.11831968359776 369.75
6742 -9.687145114470383 -11.11831968359776 374.5
6743 -9.687145114470383 -11.11831968359776 379.25
6744 -9.687145114470383 -11.11831968359776 384
6745 -9.687145114470383 -11.11831968359776 388.75
6746 -9.687145114470383 -11.11831968359776 393.5
6747 -9.687145114470383 -11.11831968359776 398.25
6748 -12.35894587879671 3.545537289787412 217.75
6749 -12.35894587879671 3.545537289787412 222.5
6750 -12.35894587879671 3.545537289787412 227.25
6751 -12.35894587879671 3.545537289787412 232
6752 -12.35894587879671 3.545537289787412 236.75
6753 -12.35894587879671 3.545537289787412 241.5
6754 -12.35894587879671 3.545537289787412 246.25
6755 -12.35894587879671 3.545537289787412 251
6756 -12.35894587879671 3.545537289787412 255.75
6757 -12.35894587879671 3.545537289787412 260.5
6758 -12.35894587879671 3.545537289787412 265.25
6759 -12.35894587879671 3.545537289787412 270
6760 -12.35894587879671 3.545537289787412 274.75
6761 -12.35894587879671 3.545537289787412 279.5
6762 -12.35894587879671 3.545537289787412 284.25
6763 -12.35894587879671 3.545537289787412 289
6764 -12.35894587879671 3.545537289787412 293.75
6765 -12.35894587879671 3.545537289787412 298.5
6766 -12.35894587879671 3.545537289787412 303.25
6767 -12.35894587879671 3.545537289787412 308
6768 -12.35894587879671 3.545537289787412 312.75
6769 -12.35894587879671 3.545537289787412 317.5
6770 -12.35894587879671 3.545537289787412 322.25
6771 -12.35894587879671 3.545537289787412 327
6772 -12.35894587879671 3.545537289787412 331.75
6773 -12.35894587879671 3.545537289787412 336.5
6774 -12.35894587879671 3.545537289787412 341.25
6775 -12.35894587879671 3.545537289787412 346
6776 -12.35894587879671 3.545537289787412 350.75
6777 -12.35894587879671 3.545537289787412 355.5
6778 -12.35894587879671 3.545537289787412 360.25
6779 -12.35894587879671 3.545537289787412 365
6780 -12.35894587879671 3.545537289787412 369.75
6781 -12.35894587879671 3.545537289787412 374.5
6782 -12.35894587879671 3.545537289787412 379.25
6783 -12.35894587879671 3.545537289787412 384
6784 -12.35894587879671 3.545537289787412 388.75
6785 -12.35894587879671 3.545537289787412 393.5
6786 -12.35894587879671 3.545537289787412 398.25
6787 12.35894587879671 -3.545537289787412 217.75
6788 12.35894587879671 -3.545537289787412 222.5
6789 12.35894587879671 -3.545537289787412 227.25
6790 12.35894587879671 -3.545537289787412 232
6791 12.35894587879671 -3.545537289787412 236.75
6792 12.35894587879671 -3.545537289787412 241.5
6793 12.35894587879671 -3.545537289787412 246.25
6794 12.35894587879671 -3.545537289787412 251
6795 12.35894587879671 -3.545537289787412 255.75
6796 12.35894587879671 -3.545537289787412 260.5
6797 12.35894587879671 -3.545537289787412 265.25
6798 12.35894587879671 -3.545537289787412 270
6799 12.35894587879671 -3.545537289787412 274.75
6800 12.35894587879671 -3.545537289787412 279.5
6801 12.35894587879671 -3.545537289787412 284.25
6802 12.35894587879671 -3.545537289787412 289
6803 12.35894587879671 -3.545537289787412 293.75
6804 12.35894587879671 -3.545537289787412 298.5
6805 12.35894587879671 -3.545537289787412 303.25
6806 12.35894587879671 -3.545537289787412 308
6807 12.35894587879671 -3.545537289787412 312.75
6808 12.35894587879671 -3.545537289787412 317.5
6809 12.35894587879671 -3.545537289787412 322.25
6810 12.35894587879671 -3.545537289787412 327
6811 12.35894587879671 -3.545537289787412 331.75
6812 12.35894587879671 -3.545537289787412 336.5
6813 12.35894587879671 -3.545537289787412 341.25
6814 12.35894587879671 -3.545537289787412 346
6815 12.35894587879671 -3.545537289787412 350.75
6816 12.35894587879671 -3.545537289787412 355.5
6817 12.35894587879671 -3.545537289787412 360.25
6818 12.35894587879671 -3.545537289787412 365
6819 12.35894587879671 -3.545537289787412 369.75
6820 12.35894587879671 -3.545537289787412 374.5
6821 12.35894587879671 -3.545537289787412 379.25
6822 12.35894587879671 -3.545537289787412 384
6823 12.35894587879671 -3.545537289787412 388.75
6824 12.35894587879671 -3.545537289787412 393.5
6825 12.35894587879671 -3.545537289787412 398.25
6826 -4.317412438291059 0.7389201338348677 217.75
6827 -4.317412438291059 0.7389201338348677 222.5
6828 -4.317412438291059 0.7389201338348677 227.25
6829 -4.317412438291059 0.7389201338348677 232
6830 -4.317412438291059 0.7389201338348677 236.75
6831 -4.317412438291059 0.7389201338348677 241.5
6832 -4.317412438291059 0.7389201338348677 246.25
6833 -4.317412438291059 0.7389201338348677 251
6834 -4.317412438291059 0.7389201338348677 255.75
6835 -4.317412438291059 0.7389201338348677 260.5
6836 -4.317412438291059 0.7389201338348677 265.25
6837 -4.317412438291059 0.7389201338348677 270
6838 -4.317412438291059 0.7389201338348677 274.75
6839 -4.317412438291059 0.7389201338348677 279.5
6840 -4.317412438291059 0.7389201338348677 284.25
6841 -4.317412438291059 0.7389201338348677 289
6842 -4.317412438291059 0.7389201338348677 293.75
6843 -4.317412438291059 0.7389201338348677 298.5
6844 -4.317412438291059 0.7389201338348677 303.25
6845 -4.317412438291059 0.7389201338348677 308
6846 -4.317412438291059 0.7389201338348677 312.75
6847 -4.317412438291059 0.7389201338348677 317.5
6848 -4.317412438291059 0.7389201338348677 322.25
6849 -4.317412438291059 0.7389201338348677 327
6850 -4.317412438291059 0.7389201338348677 331.75
6851 -4.317412438291059 0.7389201338348677 336.5
6852 -4.317412438291059 0.7389201338348677 341.25
6853 -4.317412438291059 0.7389201338348677 346
6854 -4.317412438291059 0.7389201338348677 350.75
6855 -4.317412438291059 0.7389201338348677 355.5
6856 -4.317412438291059 0.7389201338348677 360.25
6857 -4.317412438291059 0.7389201338348677 365
6858 -4.317412438291059 0.7389201338348677 369.75
6859 -4.317412438291059 0.7389201338348677 374.5
6860 -4.317412438291059 0.7389201338348677 379.25
6861 -4.317412438291059 0.7389201338348677 384
6862 -4.317412438291059 0.7389201338348677 388.75
6863 -4.317412438291059 0.7389201338348677 393.5
6864 -4.317412438291059 0.7389201338348677 398.25
6865 4.317412438291059 -0.7389201338348677 217.75
6866 4.317412438291059 -0.7389201338348677 222.5
6867 4.317412438291059 -0.7389201338348677 227.25
6868 4.317412438291059 -0.7389201338348677 232
6869 4.317412438291059 -0.7389201338348677 236.75
6870 4.317412438291059 -0.7389201338348677 241.5
6871 4.317412438291059 -0.7389201338348677 246.25
6872 4.317412438291059 -0.7389201338348677 251
6873 4.317412438291059 -0.7389201338348677 255.75
6874 4.317412438291059 -0.7389201338348677 260.5
6875 4.317412438291059 -0.7389201338348677 265.25
6876 4.317412438291059 -0.7389201338348677 270
6877 4.317412438291059 -0.7389201338348677 274.75
6878 4.317412438291059 -0.7389201338348677 279.5
6879 4.317412438291059 -0.7389201338348677 284.25
6880 4.317412438291059 -0.7389201338348677 289
6881 4.317412438291059 -0.7389201338348677 293.75
6882 4.317412438291059 -0.7389201338348677 298.5
6883 4.317412438291059 -0.7389201338348677 303.25
6884 4.317412438291059 -0.7389201338348677 308
6885 4.317412438291059 -0.7389201338348677 312.75
6886 4.317412438291059 -0.7389201338348677 317.5
6887 4.317412438291059 -0.7389201338348677 322.25
6888 4.317412438291059 -0.7389201338348677 327
6889 4.317412438291059 -0.7389201338348677 331.75
6890 4.317412438291059 -0.7389201338348677 336.5
6891 4.317412438291059 -0.7389201338348677 341.25
6892 4.317412438291059 -0.7389201338348677 346
6893 4.317412438291059 -0.7389201338348677 350.75
6894 4.317412438291059 -0.7389201338348677 355.5
6895 4.317412438291059 -0.7389201338348677 360.25
6896 4.317412438291059 -0.7389201338348677 365
6897 4.317412438291059 -0.7389201338348677 369.75
6898 4.317412438291059 -0.7389201338348677 374.5
6899 4.317412438291059 -0.7389201338348677 379.25
6900 4.317412438291059 -0.7389201338348677 384
6901 4.317412438291059 -0.7389201338348677 388.75
6902 4.317412438291059 -0.7389201338348677 393.5
6903 4.317412438291059 -0.7389201338348677 398.25
6904 12.98767478613291 8.385080755419784 217.75
6905 12.98767478613291 8.385080755419784 222.5
6906 12.98767478613291 8.385080755419784 227.25
6907 12.98767478613291 8.385080755419784 232
6908 12.98767478613291 8.385080755419784 236.75
6909 12.98767478613291 8.385080755419784 241.5
6910 12.98767478613291 8.385080755419784 246.25
6911 12.98767478613291 8.385080755419784 251
6912 12.98767478613291 8.385080755419784 255.75
6913 12.98767478613291 8.385080755419784 260.5
6914 12.98767478613291 8.385080755419784 265.25
6915 12.98767478613291 8.385080755419784 270
6916 12.98767478613291 8.385080755419784 274.75
6917 12.98767478613291 8.385080755419784 279.5
6918 12.98767478613291 8.385080755419784 284.25
6919 12.98767478613291 8.385080755419784 289
6920 12.98767478613291 8.385080755419784 293.75
6921 12.98767478613291 8.385080755419784 298.5
6922 12.98767478613291 8.385080755419784 303.25
6923 12.98767478613291 8.385080755419784 308
6924 12.98767478613291 8.385080755419784 312.75
6925 12.98767478613291 8.385080755419784 317.5
6926 12.98767478613291 8.385080755419784 322.25
6927 12.98767478613291 8.385080755419784 327
6928 12.98767478613291 8.385080755419784 331.75
6929 12.98767478613291 8.385080755419784 336.5
6930 12.98767478613291 8.385080755419784 341.25
6931 12.98767478613291 8.385080755419784 346
6932 12.98767478613291 8.385080755419784 350.75
6933 12.98767478613291 8.385080755419784 355.5
6934 12.98767478613291 8.385080755419784 360.25
6935 12.98767478613291 8.385080755419784 365
6936 12.98767478613291 8.385080755419784 369.75
6937 12.98767478613291 8.385080755419784 374.5
6938 12.98767478613291 8.385080755419784 379.25
6939 12.98767478613291 8.385080755419784 384
6940 12.98767478613291 8.385080755419784 388.75
6941 12.98767478613291 8.385080755419784 393.5
6942 12.98767478613291 8.385080755419784 398.25
6943 -12.98767478613291 -8.385080755419784 217.75
6944 -12.98767478613291 -8.385080755419784 222.5
6945 -12.98767478613291 -8.385080755419784 227.25
6946 -12.98767478613291 -8.385080755419784 232
6947 -12.98767478613291 -8.385080755419784 236.75
6948 -12.98767478613291 -8.385080755419784 241.5
6949 -12.98767478613291 -8.385080755419784 246.25
6950 -12.98767478613291 -8.385080755419784 251
6951 -12.98767478613291 -8.385080755419784 255.75
6952 -12.98767478613291 -8.385080755419784 260.5
6953 -12.98767478613291 -8.385080755419784 265.25
6954 -12.98767478613291 -8.385080755419784 270
6955 -12.98767478613291 -8.385080755419784 274.75
6956 -12.98767478613291 -8.385080755419784 279.5
6957 -12.98767478613291 -8.385080755419784 284.25
6958 -12.98767478613291 -8.385080755419784 289
6959 -12.98767478613291 -8.385080755419784 293.75
6960 -12.98767478613291 -8.385080755419784 298.5
6961 -12.98767478613291 -8.385080755419784 303.25
6962 -12.98767478613291 -8.385080755419784 308
6963 -12.98767478613291 -8.385080755419784 312.75
6964 -12.98767478613291 -8.385080755419784 317.5
6965 -12.98767478613291 -8.385080755419784 322.25
6966 -12.98767478613291 -8.385080755419784 327
6967 -12.98767478613291 -8.385080755419784 331.75
6968 -12.98767478613291 -8.385080755419784 336.5
6969 -12.98767478613291 -8.385080755419784 341.25
6970 -12.98767478613291 -8.385080755419784 346
6971 -12.98767478613291 -8.385080755419784 350.75
6972 -12.98767478613291 -8.385080755419784 355.5
6973 -12.98767478613291 -8.385080755419784 360.25
6974 -12.98767478613291 -8.385080755419784 365
6975 -12.98767478613291 -8.385080755419784 369.75
6976 -12.98767478613291 -8.385080755419784 374.5
6977 -12.98767478613291 -8.385080755419784 379.25
6978 -12.98767478613291 -8.385080755419784 384
6979 -12.98767478613291 -8.385080755419784 388.75
6980 -12.98767478613291 -8.385080755419784 393.5
6981 -12.98767478613291 -8.385080755419784 398.25
6982 13.58933727182403 1.33620969497955 217.75
6983 13.58933727182403 1.33620969497955 222.5
6984 13.58933727182403 1.33620969497955 227.25
6985 13.58933727182403 1.33620969497955 232
6986 13.58933727182403 1.33620969497955 236.75
6987 13.58933727182403 1.33620969497955 241.5
6988 13.58933727182403 1.33620969497955 246.25
6989 13.58933727182403 1.33620969497955 251
6990 13.58933727182403 1.33620969497955 255.75
6991 13.58933727182403 1.33620969497955 260.5
6992 13.58933727182403 1.33620969497955 265.25
6993 13.58933727182403 1.33620969497955 270
6994 13.58933727182403 1.33620969497955 274.75
6995 13.58933727182403 1.33620969497955 279.5
6996 13.58933727182403 1.33620969497955 284.25
6997 13.58933727182403 1.33620969497955 289
6998 13.58933727182403 1.33620969497955 293.75
6999 13.58933727182403 1.33620969497955 298.5
7000 13.58933727182403 1.33620969497955 303.25
7001 13.58933727182403 1.33620969497955 308
7002 13.58933727182403 1.33620969497955 312.75
7003 13.58933727182403 1.33620969497955 317.5
7004 13.58933727182403 1.33620969497955 322.25
7005 13.58933727182403 1.33620969497955 327
7006 13.58933727182403 1.33620969497955 331.75
7007 13.58933727182403 1.33620969497955 336.5
7008 13.58933727182403 1.33620969497955 341.25
7009 13.58933727182403 1.33620969497955 346
7010 13.58933727182403 1.33620969497955 350.75
7011 13.58933727182403 1.33620969497955 355.5
7012 13.58933727182403 1.33620969497955 360.25
7013 13.58933727182403 1.33620969497955 365
7014 13.58933727182403 1.33620969497955 369.75
7015 13.58933727182403 1.33620969497955 374.5
7016 13.58933727182403 1.33620969497955 379.25
7017 13.58933727182403 1.33620969497955 384
7018 13.58933727182403 1.33620969497955 388.75
7019 13.58933727182403 1.33620969497955 393.5
7020 13.58933727182403 1.33620969497955 398.25
7021 -13.58933727182403 -1.33620969497955 217.75
7022 -13.58933727182403 -1.33620969497955 222.5
7023 -13.58933727182403 -1.33620969497955 227.25
7024 -13.58933727182403 -1.33620969497955 232
7025 -13.58933727182403 -1.33620969497955 236.75
7026 -13.58933727182403 -1.33620969497955 241.5
7027 -13.58933727182403 -1.33620969497955 246.25
7028 -13.58933727182403 -1.33620969497955 251
7029 -13.58933727182403 -1.33620969497955 255.75
7030 -13.58933727182403 -1.33620969497955 260.5
7031 -13.58933727182403 -1.33620969497955 265.25
7032 -13.58933727182403 -1.33620969497955 270
7033 -13.58933727182403 -1.33620969497955 274.75
7034 -13.58933727182403 -1.33620969497955 279.5
7035 -13.58933727182403 -1.33620969497955 284.25
7036 -13.58933727182403 -1.33620969497955 289
7037 -13.58933727182403 -1.33620969497955 293.75
7038 -13.58933727182403 -1.33620969497955 298.5
7039 -13.58933727182403 -1.33620969497955 303.25
7040 -13.58933727182403 -1.33620969497955 308
7041 -13.58933727182403 -1.33620969497955 312.75
7042 -13.58933727182403 -1.33620969497955 317.5
7043 -13.58933727182403 -1.33620969497955 322.25
7044 -13.58933727182403 -1.33620969497955 327
7045 -13.58933727182403 -1.33620969497955 331.75
7046 -13.58933727182403 -1.33620969497955 336.5
7047 -13.58933727182403 -1.33620969497955 341.25
7048 -13.58933727182403 -1.33620969497955 346
7049 -13.58933727182403 -1.33620969497955 350.75
7050 -13.58933727182403 -1.33620969497955 355.5
7051 -13.58933727182403 -1.33620969497955 360.25
7052 -13.58933727182403 -1.33620969497955 365
7053 -13.58933727182403 -1.33620969497955 369.75
7054 -13.58933727182403 -1.33620969497955 374.5
7055 -13.58933727182403 -1.33620969497955 379.25
7056 -13.58933727182403 -1.33620969497955 384
7057 -13.58933727182403 -1.33620969497955 388.75
7058 -13.58933727182403 -1.33620969497955 393.5
7059 -13.58933727182403 -1.33620969497955 398.25
7060 -5.256292360615085 12.84102901623515 217.75
7061 -5.256292360615085 12.84102901623515 222.5
7062 -5.256292360615085 12.84102901623515 227.25
7063 -5.256292360615085 12.84102901623515 232
7064 -5.256292360615085 12.84102901623515 236.75
7065 -5.256292360615085 12.84102901623515 241.5
7066 -5.256292360615085 12.84102901623515 246.25
7067 -5.256292360615085 12.84102901623515 251
7068 -5.256292360615085 12.84102901623515 255.75
7069 -5.256292360615085 12.84102901623515 260.5
7070 -5.256292360615085 12.84102901623515 265.25
7071 -5.256292360615085 12.84102901623515 270
7072 -5.256292360615085 12.84102901623515 274.75
7073 -5.256292360615085 12.84102901623515 279.5
7074 -5.256292360615085 12.84102901623515 284.25
7075 -5.256292360615085 12.84102901623515 289
7076 -5.256292360615085 12.84102901623515 293.75
7077 -5.256292360615085 12.84102901623515 298.5
7078 -5.256292360615085 12.84102901623515 303.25
7079 -5.256292360615085 12.84102901623515 308
7080 -5.256292360615085 12.84102901623515 312.75
7081 -5.256292360615085 12.84102901623515 317.5
7082 -5.256292360615085 12.84102901623515 322.25
7083 -5.256292360615085 12.84102901623515 327
7084 -5.256292360615085 12.84102901623515 331.75
7085 -5.256292360615085 12.84102901623515 336.5
7086 -5.256292360615085 12.84102901623515 341.25
7087 -5.256292360615085 12.84102901623515 346
7088 -5.256292360615085 12.84102901623515 350.75
7089 -5.256292360615085 12.84102901623515 355.5
7090 -5.256292360615085 12.84102901623515 360.25
7091 -5.256292360615085 12.84102901623515 365
7092 -5.256292360615085 12.84102901623515 369.75
7093 -5.256292360615085 12.84102901623515 374.5
7094 -5.256292360615085 12.84102901623515 379.25
7095 -5.256292360615085 12.84102901623515 384
7096 -5.256292360615085 12.84102901623515 388.75
7097 -5.256292360615085 12.84102901623515 393.5
7098 -5.256292360615085 12.84102901623515 398.25
7099 5.256292360615085 -12.84102901623515 217.75
7100 5.256292360615085 -12.84102901623515 222.5
7101 5.256292360615085 -12.84102901623515 227.25
7102 5.256292360615085 -12.84102901623515 232
7103 5.256292360615085 -12.84102901623515 236.75
7104 5.256292360615085 -12.84102901623515 241.5
7105 5.256292360615085 -12.84102901623515 246.25
7106 5.256292360615085 -12.84102901623515 251
7107 5.256292360615085 -12.84102901623515 255.75
7108 5.256292360615085 -12.84102901623515 260.5
7109 5.256292360615085 -12.84102901623515 265.25
7110 5.256292360615085 -12.84102901623515 270
7111 5.256292360615085 -12.84102901623515 274.75
7112 5.256292360615085 -12.84102901623515 279.5
7113 5.256292360615085 -12.84102901623515 284.25
7114 5.256292360615085 -12.84102901623515 289
7115 5.256292360615085 -12.84102901623515 293.75
7116 5.256292360615085 -12.84102901623515 298.5
7117 5.256292360615085 -12.84102901623515 303.25
7118 5.256292360615085 -12.84102901623515 308
7119 5.256292360615085 -12.84102901623515 312.75
7120 5.256292360615085 -12.84102901623515 317.5
7121 5.256292360615085 -12.84102901623515 322.25
7122 5.256292360615085 -12.84102901623515 327
7123 5.256292360615085 -12.84102901623515 331.75
7124 5.256292360615085 -12.84102901623515 336.5
7125 5.256292360615085 -12.84102901623515 341.25
7126 5.256292360615085 -12.84102901623515 346
7127 5.256292360615085 -12.84102901623515 350.75
7128 5.256292360615085 -12.84102901623515 355.5
7129 5.256292360615085 -12.84102901623515 360.25
7130 5.256292360615085 -12.84102901623515 365
7131 5.256292360615085 -12.84102901623515 369.75
7132 5.256292360615085 -12.84102901623515 374.5
7133 5.256292360615085 -12.84102901623515 379.25
7134 5.256292360615085 -12.84102901623515 384
7135 5.256292360615085 -12.84102901623515 388.75
7136 5.256292360615085 -12.84102901623515 393.5
7137 5.256292360615085 -12.84102901623515 398.25
$EndNodes
$Elements
14112
1 2 3 7 1 0 48 5 814
2 2 3 7 1 0 51 6 816
3 2 3 7 1 0 42 3 818
4 2 3 7 1 0 39 2 819
5 2 3 7 1 0 5 49 814
6 2 3 7 1 0 2 40 819
7 2 3 7 1 0 6 52 816
8 2 3 7 1 0 3 43 818
9 2 3 7 1 0 824 819 812
10 2 3 7 1 0 825 814 813
11 2 3 7 1 0 819 824 826
12 2 3 7 1 0 826 824 817
13 2 3 7 1 0 827 825 815
14 2 3 7 1 0 814 825 827
15 2 3 7 1 0 817 824 828
16 2 3 7 1 0 828 821 817
17 2 3 7 1 0 815 825 829
18 2 3 7 1 0 829 820 815
19 2 3 7 1 0 830 825 813
20 2 3 7 1 0 813 823 830
21 2 3 7 1 0 831 824 812
22 2 3 7 1 0 812 822 831
23 2 3 7 1 0 832 51 816
24 2 3 7 1 0 832 823 813
25 2 3 7 1 0 833 42 818
26 2 3 7 1 0 833 822 812
27 2 3 7 1 0 836 37 38
28 2 3 7 1 0 836 826 817
29 2 3 7 1 0 38 826 836
30 2 3 7 1 0 837 46 47
31 2 3 7 1 0 837 827 815
32 2 3 7 1 0 47 827 837
33 2 3 7 1 0 831 811 828
34 2 3 7 1 0 824 831 828
35 2 3 7 1 0 830 811 829
36 2 3 7 1 0 825 830 829
37 2 3 7 1 0 48 827 47
38 2 3 7 1 0 814 827 48
39 2 3 7 1 0 39 826 38
40 2 3 7 1 0 819 826 39
41 2 3 7 1 0 815 820 834
42 2 3 7 1 0 817 821 835
43 2 3 7 1 0 50 51 832
44 2 3 7 1 0 41 42 833
45 2 3 7 1 0 818 43 838
46 2 3 7 1 0 820 822 838
47 2 3 7 1 0 816 52 839
48 2 3 7 1 0 821 823 839
49 2 3 7 1 0 822 820 840
50 2 3 7 1 0 840 820 829
51 2 3 7 1 0 823 821 841
52 2 3 7 1 0 841 821 828
53 2 3 7 1 0 842 1 37
54 2 3 7 1 0 37 836 842
55 2 3 7 1 0 843 4 46
56 2 3 7 1 0 46 837 843
57 2 3 7 1 0 833 818 838
58 2 3 7 1 0 833 838 822
59 2 3 7 1 0 832 816 839
60 2 3 7 1 0 832 839 823
61 2 3 7 1 0 54 1 842
62 2 3 7 1 0 54 842 835
63 2 3 7 1 0 817 835 842
64 2 3 7 1 0 817 842 836
65 2 3 7 1 0 45 4 843
66 2 3 7 1 0 45 843 834
67 2 3 7 1 0 815 834 843
68 2 3 7 1 0 815 843 837
69 2 3 7 1 0 811 831 840
70 2 3 7 1 0 840 829 811
71 2 3 7 1 0 840 831 822
72 2 3 7 1 0 811 830 841
73 2 3 7 1 0 841 828 811
74 2 3 7 1 0 841 830 823
75 2 3 7 1 0 44 838 43
76 2 3 7 1 0 53 839 52
77 2 3 7 1 0 821 839 844
78 2 3 7 1 0 844 835 821
79 2 3 7 1 0 844 839 53
80 2 3 7 1 0 820 838 845
81 2 3 7 1 0 845 834 820
82 2 3 7 1 0 845 838 44
83 2 3 7 1 0 845 44 45
84 2 3 7 1 0 834 845 45
85 2 3 7 1 0 844 53 54
86 2 3 7 1 0 835 844 54
87 2 3 7 1 0 41 833 846
88 2 3 7 1 0 846 833 812
89 2 3 7 1 0 50 832 847
90 2 3 7 1 0 847 832 813
91 2 3 7 1 0 819 40 846
92 2 3 7 1 0 846 812 819
93 2 3 7 1 0 846 40 41
94 2 3 7 1 0 814 49 847
95 2 3 7 1 0 847 813 814
96 2 3 7 1 0 847 49 50
97 2 3 6 167 0 570 35 2997
98 2 3 6 167 0 573 36 2999
99 2 3 6 167 0 564 33 3001
100 2 3 6 167 0 561 32 3002
101 2 3 6 167 0 35 571 2997
102 2 3 6 167 0 32 562 3002
103 2 3 6 167 0 36 574 2999
104 2 3 6 167 0 33 565 3001
105 2 3 6 167 0 3007 3002 2995
106 2 3 6 167 0 3008 2997 2996
107 2 3 6 167 0 3002 3007 3009
108 2 3 6 167 0 3009 3007 3000
109 2 3 6 167 0 3010 3008 2998
110 2 3 6 167 0 2997 3008 3010
111 2 3 6 167 0 3000 3007 3011
112 2 3 6 167 0 3011 3004 3000
113 2 3 6 167 0 2998 3008 3012
114 2 3 6 167 0 3012 3003 2998
115 2 3 6 167 0 3013 3008 2996
116 2 3 6 167 0 2996 3006 3013
117 2 3 6 167 0 3014 3007 2995
118 2 3 6 167 0 2995 3005 3014
119 2 3 6 167 0 3015 573 2999
120 2 3 6 167 0 3015 3006 2996
121 2 3 6 167 0 3016 564 3001
122 2 3 6 167 0 3016 3005 2995
123 2 3 6 167 0 3019 559 560
124 2 3 6 167 0 3019 3009 3000
125 2 3 6 167 0 560 3009 3019
126 2 3 6 167 0 3020 568 569
127 2 3 6 167 0 3020 3010 2998
128 2 3 6 167 0 569 3010 3020
129 2 3 6 167 0 3014 2994 3011
130 2 3 6 167 0 3007 3014 3011
131 2 3 6 167 0 3013 2994 3012
132 2 3 6 167 0 3008 3013 3012
133 2 3 6 167 0 570 3010 569
134 2 3 6 167 0 2997 3010 570
135 2 3 6 167 0 561 3009 560
136 2 3 6 167 0 3002 3009 561
137 2 3 6 167 0 2998 3003 3017
138 2 3 6 167 0 3000 3004 3018
139 2 3 6 167 0 572 573 3015
140 2 3 6 167 0 563 564 3016
141 2 3 6 167 0 3001 565 3021
142 2 3 6 167 0 3003 3005 3021
143 2 3 6 167 0 2999 574 3022
144 2 3 6 167 0 3004 3006 3022
145 2 3 6 167 0 3005 3003 3023
146 2 3 6 167 0 3023 3003 3012
147 2 3 6 167 0 3006 3004 3024
148 2 3 6 167 0 3024 3004 3011
149 2 3 6 167 0 3025 31 559
150 2 3 6 167 0 559 3019 3025
151 2 3 6 167 0 3026 34 568
152 2 3 6 167 0 568 3020 3026
153 2 3 6 167 0 3016 3001 3021
154 2 3 6 167 0 3016 3021 3005
155 2 3 6 167 0 3015 2999 3022
156 2 3 6 167 0 3015 3022 3006
157 2 3 6 167 0 576 31 3025
158 2 3 6 167 0 576 3025 3018
159 2 3 6 167 0 3000 3018 3025
160 2 3 6 167 0 3000 3025 3019
161 2 3 6 167 0 567 34 3026
162 2 3 6 167 0 567 3026 3017
163 2 3 6 167 0 2998 3017 3026
164 2 3 6 167 0 2998 3026 3020
165 2 3 6 167 0 2994 3014 3023
166 2 3 6 167 0 3023 3012 2994
167 2 3 6 167 0 3023 3014 3005
168 2 3 6 167 0 2994 3013 3024
169 2 3 6 167 0 3024 3011 2994
170 2 3 6 167 0 3024 3013 3006
171 2 3 6 167 0 566 3021 565
172 2 3 6 167 0 575 3022 574
173 2 3 6 167 0 3004 3022 3027
174 2 3 6 167 0 3027 3018 3004
175 2 3 6 167 0 3027 3022 575
176 2 3 6 167 0 3003 3021 3028
177 2 3 6 167 0 3028 3017 3003
178 2 3 6 167 0 3028 3021 566
179 2 3 6 167 0 3028 566 567
180 2 3 6 167 0 3017 3028 567
181 2 3 6 167 0 3027 575 576
182 2 3 6 167 0 3018 3027 576
183 2 3 6 167 0 563 3016 3029
184 2 3 6 167 0 3029 3016 2995
185 2 3 6 167 0 572 3015 3030
186 2 3 6 167 0 3030 3015 2996
187 2 3 6 167 0 3002 562 3029
188 2 3 6 167 0 3029 2995 3002
189 2 3 6 167 0 3029 562 563
190 2 3 6 167 0 2997 571 3030
191 2 3 6 167 0 3030 2996 2997
192 2 3 6 167 0 3030 571 572
193 3 3 9 18 0 1 37 848 73
194 3 3 9 18 0 73 848 849 74
195 3 3 9 18 0 74 849 850 75
196 3 3 9 18 0 75 850 851 76
197 3 3 9 18 0 76 851 852 77
198 3 3 9 18 0 77 852 853 78
199 3 3 9 18 0 78 853 854 79
200 3 3 9 18 0 79 854 855 80
201 3 3 9 18 0 80 855 856 81
202 3 3 9 18 0 81 856 857 82
203 3 3 9 18 0 82 857 858 83
204 3 3 9 18 0 83 858 859 84
205 3 3 9 18 0 84 859 860 85
206 3 3 9 18 0 85 860 861 86
207 3 3 9 18 0 86 861 862 87
208 3 3 9 18 0 87 862 863 88
209 3 3 9 18 0 88 863 864 89
210 3 3 9 18 0 89 864 865 90
211 3 3 9 18 0 90 865 866 91
212 3 3 9 18 0 91 866 867 92
213 3 3 9 18 0 92 867 868 93
214 3 3 9 18 0 93 868 869 94
215 3 3 9 18 0 94 869 870 95
216 3 3 9 18 0 95 870 871 96
217 3 3 9 18 0 96 871 872 97
218 3 3 9 18 0 97 872 873 98
219 3 3 9 18 0 98 873 874 99
220 3 3 9 18 0 99 874 875 100
221 3 3 9 18 0 100 875 876 101
222 3 3 9 18 0 101 876 877 102
223 3 3 9 18 0 102 877 878 103
224 3 3 9 18 0 103 878 879 104
225 3 3 9 18 0 104 879 880 105
226 3 3 9 18 0 105 880 881 106
227 3 3 9 18 0 106 881 882 107
228 3 3 9 18 0 107 882 883 108
229 3 3 9 18 0 108 883 884 109
230 3 3 9 18 0 109 884 885 110
231 3 3 9 18 0 110 885 886 111
232 3 3 9 18 0 111 886 55 7
233 3 3 9 18 0 37 38 887 848
234 3 3 9 18 0 848 887 888 849
235 3 3 9 18 0 849 888 889 850
236 3 3 9 18 0 850 889 890 851
237 3 3 9 18 0 851 890 891 852
238 3 3 9 18 0 852 891 892 853
239 3 3 9 18 0 853 892 893 854
240 3 3 9 18 0 854 893 894 855
241 3 3 9 18 0 855 894 895 856
242 3 3 9 18 0 856 895 896 857
243 3 3 9 18 0 857 896 897 858
244 3 3 9 18 0 858 897 898 859
245 3 3 9 18 0 859 898 899 860
246 3 3 9 18 0 860 899 900 861
247 3 3 9 18 0 861 900 901 862
248 3 3 9 18 0 862 901 902 863
249 3 3 9 18 0 863 902 903 864
250 3 3 9 18 0 864 903 904 865
251 3 3 9 18 0 865 904 905 866
252 3 3 9 18 0 866 905 906 867
253 3 3 9 18 0 867 906 907 868
254 3 3 9 18 0 868 907 908 869
255 3 3 9 18 0 869 908 909 870
256 3 3 9 18 0 870 909 910 871
257 3 3 9 18 0 871 910 911 872
258 3 3 9 18 0 872 911 912 873
259 3 3 9 18 0 873 912 913 874
260 3 3 9 18 0 874 913 914 875
261 3 3 9 18 0 875 914 915 876
262 3 3 9 18 0 876 915 916 877
263 3 3 9 18 0 877 916 917 878
264 3 3 9 18 0 878 917 918 879
265 3 3 9 18 0 879 918 919 880
266 3 3 9 18 0 880 919 920 881
267 3 3 9 18 0 881 920 921 882
268 3 3 9 18 0 882 921 922 883
269 3 3 9 18 0 883 922 923 884
270 3 3 9 18 0 884 923 924 885
271 3 3 9 18 0 885 924 925 886
272 3 3 9 18 0 886 925 56 55
273 3 3 9 18 0 38 39 926 887
274 3 3 9 18 0 887 926 927 888
275 3 3 9 18 0 888 927 928 889
276 3 3 9 18 0 889 928 929 890
277 3 3 9 18 0 890 929 930 891
278 3 3 9 18 0 891 930 931 892
279 3 3 9 18 0 892 931 932 893
280 3 3 9 18 0 893 932 933 894
281 3 3 9 18 0 894 933 934 895
282 3 3 9 18 0 895 934 935 896
283 3 3 9 18 0 896 935 936 897
284 3 3 9 18 0 897 936 937 898
285 3 3 9 18 0 898 937 938 899
286 3 3 9 18 0 899 938 939 900
287 3 3 9 18 0 900 939 940 901
288 3 3 9 18 0 901 940 941 902
289 3 3 9 18 0 902 941 942 903
290 3 3 9 18 0 903 942 943 904
291 3 3 9 18 0 904 943 944 905
292 3 3 9 18 0 905 944 945 906
293 3 3 9 18 0 906 945 946 907
294 3 3 9 18 0 907 946 947 908
295 3 3 9 18 0 908 947 948 909
296 3 3 9 18 0 909 948 949 910
297 3 3 9 18 0 910 949 950 911
298 3 3 9 18 0 911 950 951 912
299 3 3 9 18 0 912 951 952 913
300 3 3 9 18 0 913 952 953 914
301 3 3 9 18 0 914 953 954 915
302 3 3 9 18 0 915 954 955 916
303 3 3 9 18 0 916 955 956 917
304 3 3 9 18 0 917 956 957 918
305 3 3 9 18 0 918 957 958 919
306 3 3 9 18 0 919 958 959 920
307 3 3 9 18 0 920 959 960 921
308 3 3 9 18 0 921 960 961 922
309 3 3 9 18 0 922 961 962 923
310 3 3 9 18 0 923 962 963 924
311 3 3 9 18 0 924 963 964 925
312 3 3 9 18 0 925 964 57 56
313 3 3 9 18 0 39 2 112 926
314 3 3 9 18 0 926 112 113 927
315 3 3 9 18 0 927 113 114 928
316 3 3 9 18 0 928 114 115 929
317 3 3 9 18 0 929 115 116 930
318 3 3 9 18 0 930 116 117 931
319 3 3 9 18 0 931 117 118 932
320 3 3 9 18 0 932 118 119 933
321 3 3 9 18 0 933 119 120 934
322 3 3 9 18 0 934 120 121 935
323 3 3 9 18 0 935 121 122 936
324 3 3 9 18 0 936 122 123 937
325 3 3 9 18 0 937 123 124 938
326 3 3 9 18 0 938 124 125 939
327 3 3 9 18 0 939 125 126 940
328 3 3 9 18 0 940 126 127 941
329 3 3 9 18 0 941 127 128 942
330 3 3 9 18 0 942 128 129 943
331 3 3 9 18 0 943 129 130 944
332 3 3 9 18 0 944 130 131 945
333 3 3 9 18 0 945 131 132 946
334 3 3 9 18 0 946 132 133 947
335 3 3 9 18 0 947 133 134 948
336 3 3 9 18 0 948 134 135 949
337 3 3 9 18 0 949 135 136 950
338 3 3 9 18 0 950 136 137 951
339 3 3 9 18 0 951 137 138 952
340 3 3 9 18 0 952 138 139 953
341 3 3 9 18 0 953 139 140 954
342 3 3 9 18 0 954 140 141 955
343 3 3 9 18 0 955 141 142 956
344 3 3 9 18 0 956 142 143 957
345 3 3 9 18 0 957 143 144 958
346 3 3 9 18 0 958 144 145 959
347 3 3 9 18 0 959 145 146 960
348 3 3 9 18 0 960 146 147 961
349 3 3 9 18 0 961 147 148 962
350 3 3 9 18 0 962 148 149 963
351 3 3 9 18 0 963 149 150 964
352 3 3 9 18 0 964 150 8 57
353 3 3 9 22 0 2 40 965 112
354 3 3 9 22 0 112 965 966 113
355 3 3 9 22 0 113 966 967 114
356 3 3 9 22 0 114 967 968 115
357 3 3 9 22 0 115 968 969 116
358 3 3 9 22 0 116 969 970 117
359 3 3 9 22 0 117 970 971 118
360 3 3 9 22 0 118 971 972 119
361 3 3 9 22 0 119 972 973 120
362 3 3 9 22 0 120 973 974 121
363 3 3 9 22 0 121 974 975 122
364 3 3 9 22 0 122 975 976 123
365 3 3 9 22 0 123 976 977 124
366 3 3 9 22 0 124 977 978 125
367 3 3 9 22 0 125 978 979 126
368 3 3 9 22 0 126 979 980 127
369 3 3 9 22 0 127 980 981 128
370 3 3 9 22 0 128 981 982 129
371 3 3 9 22 0 129 982 983 130
372 3 3 9 22 0 130 983 984 131
373 3 3 9 22 0 131 984 985 132
374 3 3 9 22 0 132 985 986 133
375 3 3 9 22 0 133 986 987 134
376 3 3 9 22 0 134 987 988 135
377 3 3 9 22 0 135 988 989 136
378 3 3 9 22 0 136 989 990 137
379 3 3 9 22 0 137 990 991 138
380 3 3 9 22 0 138 991 992 139
381 3 3 9 22 0 139 992 993 140
382 3 3 9 22 0 140 993 994 141
383 3 3 9 22 0 141 994 995 142
384 3 3 9 22 0 142 995 996 143
385 3 3 9 22 0 143 996 997 144
386 3 3 9 22 0 144 997 998 145
387 3 3 9 22 0 145 998 999 146
388 3 3 9 22 0 146 999 1000 147
389 3 3 9 22 0 147 1000 1001 148
390 3 3 9 22 0 148 1001 1002 149
391 3 3 9 22 0 149 1002 1003 150
392 3 3 9 22 0 150 1003 58 8
393 3 3 9 22 0 40 41 1004 965
394 3 3 9 22 0 965 1004 1005 966
395 3 3 9 22 0 966 1005 1006 967
396 3 3 9 22 0 967 1006 1007 968
397 3 3 9 22 0 968 1007 1008 969
398 3 3 9 22 0 969 1008 1009 970
399 3 3 9 22 0 970 1009 1010 971
400 3 3 9 22 0 971 1010 1011 972
401 3 3 9 22 0 972 1011 1012 973
402 3 3 9 22 0 973 1012 1013 974
403 3 3 9 22 0 974 1013 1014 975
404 3 3 9 22 0 975 1014 1015 976
405 3 3 9 22 0 976 1015 1016 977
406 3 3 9 22 0 977 1016 1017 978
407 3 3 9 22 0 978 1017 1018 979
408 3 3 9 22 0 979 1018 1019 980
409 3 3 9 22 0 980 1019 1020 981
410 3 3 9 22 0 981 1020 1021 982
411 3 3 9 22 0 982 1021 1022 983
412 3 3 9 22 0 983 1022 1023 984
413 3 3 9 22 0 984 1023 1024 985
414 3 3 9 22 0 985 1024 1025 986
415 3 3 9 22 0 986 1025 1026 987
416 3 3 9 22 0 987 1026 1027 988
417 3 3 9 22 0 988 1027 1028 989
418 3 3 9 22 0 989 1028 1029 990
419 3 3 9 22 0 990 1029 1030 991
420 3 3 9 22 0 991 1030 1031 992
421 3 3 9 22 0 992 1031 1032 993
422 3 3 9 22 0 993 1032 1033 994
423 3 3 9 22 0 994 1033 1034 995
424 3 3 9 22 0 995 1034 1035 996
425 3 3 9 22 0 996 1035 1036 997
426 3 3 9 22 0 997 1036 1037 998
427 3 3 9 22 0 998 1037 1038 999
428 3 3 9 22 0 999 1038 1039 1000
429 3 3 9 22 0 1000 1039 1040 1001
430 3 3 9 22 0 1001 1040 1041 1002
431 3 3 9 22 0 1002 1041 1042 1003
432 3 3 9 22 0 1003 1042 59 58
433 3 3 9 22 0 41 42 1043 1004
434 3 3 9 22 0 1004 1043 1044 1005
435 3 3 9 22 0 1005 1044 1045 1006
436 3 3 9 22 0 1006 1045 1046 1007
437 3 3 9 22 0 1007 1046 1047 1008
438 3 3 9 22 0 1008 1047 1048 1009
439 3 3 9 22 0 1009 1048 1049 1010
440 3 3 9 22 0 1010 1049 1050 1011
441 3 3 9 22 0 1011 1050 1051 1012
442 3 3 9 22 0 1012 1051 1052 1013
443 3 3 9 22 0 1013 1052 1053 1014
444 3 3 9 22 0 1014 1053 1054 1015
445 3 3 9 22 0 1015 1054 1055 1016
446 3 3 9 22 0 1016 1055 1056 1017
447 3 3 9 22 0 1017 1056 1057 1018
448 3 3 9 22 0 1018 1057 1058 1019
449 3 3 9 22 0 1019 1058 1059 1020
450 3 3 9 22 0 1020 1059 1060 1021
451 3 3 9 22 0 1021 1060 1061 1022
452 3 3 9 22 0 1022 1061 1062 1023
453 3 3 9 22 0 1023 1062 1063 1024
454 3 3 9 22 0 1024 1063 1064 1025
455 3 3 9 22 0 1025 1064 1065 1026
456 3 3 9 22 0 1026 1065 1066 1027
457 3 3 9 22 0 1027 1066 1067 1028
458 3 3 9 22 0 1028 1067 1068 1029
459 3 3 9 22 0 1029 1068 1069 1030
460 3 3 9 22 0 1030 1069 1070 1031
461 3 3 9 22 0 1031 1070 1071 1032
462 3 3 9 22 0 1032 1071 1072 1033
463 3 3 9 22 0 1033 1072 1073 1034
464 3 3 9 22 0 1034 1073 1074 1035
465 3 3 9 22 0 1035 1074 1075 1036
466 3 3 9 22 0 1036 1075 1076 1037
467 3 3 9 22 0 1037 1076 1077 1038
468 3 3 9 22 0 1038 1077 1078 1039
469 3 3 9 22 0 1039 1078 1079 1040
470 3 3 9 22 0 1040 1079 1080 1041
471 3 3 9 22 0 1041 1080 1081 1042
472 3 3 9 22 0 1042 1081 60 59
473 3 3 9 22 0 42 3 151 1043
474 3 3 9 22 0 1043 151 152 1044
475 3 3 9 22 0 1044 152 153 1045
476 3 3 9 22 0 1045 153 154 1046
477 3 3 9 22 0 1046 154 155 1047
478 3 3 9 22 0 1047 155 156 1048
479 3 3 9 22 0 1048 156 157 1049
480 3 3 9 22 0 1049 157 158 1050
481 3 3 9 22 0 1050 158 159 1051
482 3 3 9 22 0 1051 159 160 1052
483 3 3 9 22 0 1052 160 161 1053
484 3 3 9 22 0 1053 161 162 1054
485 3 3 9 22 0 1054 162 163 1055
486 3 3 9 22 0 1055 163 164 1056
487 3 3 9 22 0 1056 164 165 1057
488 3 3 9 22 0 1057 165 166 1058
489 3 3 9 22 0 1058 166 167 1059
490 3 3 9 22 0 1059 167 168 1060
491 3 3 9 22 0 1060 168 169 1061
492 3 3 9 22 0 1061 169 170 1062
493 3 3 9 22 0 1062 170 171 1063
494 3 3 9 22 0 1063 171 172 1064
495 3 3 9 22 0 1064 172 173 1065
496 3 3 9 22 0 1065 173 174 1066
497 3 3 9 22 0 1066 174 175 1067
498 3 3 9 22 0 1067 175 176 1068
499 3 3 9 22 0 1068 176 177 1069
500 3 3 9 22 0 1069 177 178 1070
501 3 3 9 22 0 1070 178 179 1071
502 3 3 9 22 0 1071 179 180 1072
503 3 3 9 22 0 1072 180 181 1073
504 3 3 9 22 0 1073 181 182 1074
505 3 3 9 22 0 1074 182 183 1075
506 3 3 9 22 0 1075 183 184 1076
507 3 3 9 22 0 1076 184 185 1077
508 3 3 9 22 0 1077 185 186 1078
509 3 3 9 22 0 1078 186 187 1079
510 3 3 9 22 0 1079 187 188 1080
511 3 3 9 22 0 1080 188 189 1081
512 3 3 9 22 0 1081 189 9 60
513 3 3 9 26 0 3 43 1082 151
514 3 3 9 26 0 151 1082 1083 152
515 3 3 9 26 0 152 1083 1084 153
516 3 3 9 26 0 153 1084 1085 154
517 3 3 9 26 0 154 1085 1086 155
518 3 3 9 26 0 155 1086 1087 156
519 3 3 9 26 0 156 1087 1088 157
520 3 3 9 26 0 157 1088 1089 158
521 3 3 9 26 0 158 1089 1090 159
522 3 3 9 26 0 159 1090 1091 160
523 3 3 9 26 0 160 1091 1092 161
524 3 3 9 26 0 161 1092 1093 162
525 3 3 9 26 0 162 1093 1094 163
526 3 3 9 26 0 163 1094 1095 164
527 3 3 9 26 0 164 1095 1096 165
528 3 3 9 26 0 165 1096 1097 166
529 3 3 9 26 0 166 1097 1098 167
530 3 3 9 26 0 167 1098 1099 168
531 3 3 9 26 0 168 1099 1100 169
532 3 3 9 26 0 169 1100 1101 170
533 3 3 9 26 0 170 1101 1102 171
534 3 3 9 26 0 171 1102 1103 172
535 3 3 9 26 0 172 1103 1104 173
536 3 3 9 26 0 173 1104 1105 174
537 3 3 9 26 0 174 1105 1106 175
538 3 3 9 26 0 175 1106 1107 176
539 3 3 9 26 0 176 1107 1108 177
540 3 3 9 26 0 177 1108 1109 178
541 3 3 9 26 0 178 1109 1110 179
542 3 3 9 26 0 179 1110 1111 180
543 3 3 9 26 0 180 1111 1112 181
544 3 3 9 26 0 181 1112 1113 182
545 3 3 9 26 0 182 1113 1114 183
546 3 3 9 26 0 183 1114 1115 184
547 3 3 9 26 0 184 1115 1116 185
548 3 3 9 26 0 185 1116 1117 186
549 3 3 9 26 0 186 1117 1118 187
550 3 3 9 26 0 187 1118 1119 188
551 3 3 9 26 0 188 1119 1120 189
552 3 3 9 26 0 189 1120 61 9
553 3 3 9 26 0 43 44 1121 1082
554 3 3 9 26 0 1082 1121 1122 1083
555 3 3 9 26 0 1083 1122 1123 1084
556 3 3 9 26 0 1084 1123 1124 1085
557 3 3 9 26 0 1085 1124 1125 1086
558 3 3 9 26 0 1086 1125 1126 1087
559 3 3 9 26 0 1087 1126 1127 1088
560 3 3 9 26 0 1088 1127 1128 1089
561 3 3 9 26 0 1089 1128 1129 1090
562 3 3 9 26 0 1090 1129 1130 1091
563 3 3 9 26 0 1091 1130 1131 1092
564 3 3 9 26 0 1092 1131 1132 1093
565 3 3 9 26 0 1093 1132 1133 1094
566 3 3 9 26 0 1094 1133 1134 1095
567 3 3 9 26 0 1095 1134 1135 1096
568 3 3 9 26 0 1096 1135 1136 1097
569 3 3 9 26 0 1097 1136 1137 1098
570 3 3 9 26 0 1098 1137 1138 1099
571 3 3 9 26 0 1099 1138 1139 1100
572 3 3 9 26 0 1100 1139 1140 1101
573 3 3 9 26 0 1101 1140 1141 1102
574 3 3 9 26 0 1102 1141 1142 1103
575 3 3 9 26 0 1103 1142 1143 1104
576 3 3 9 26 0 1104 1143 1144 1105
577 3 3 9 26 0 1105 1144 1145 1106
578 3 3 9 26 0 1106 1145 1146 1107
579 3 3 9 26 0 1107 1146 1147 1108
580 3 3 9 26 0 1108 1147 1148 1109
581 3 3 9 26 0 1109 1148 1149 1110
582 3 3 9 26 0 1110 1149 1150 1111
583 3 3 9 26 0 1111 1150 1151 1112
584 3 3 9 26 0 1112 1151 1152 1113
585 3 3 9 26 0 1113 1152 1153 1114
586 3 3 9 26 0 1114 1153 1154 1115
587 3 3 9 26 0 1115 1154 1155 1116
588 3 3 9 26 0 1116 1155 1156 1117
589 3 3 9 26 0 1117 1156 1157 1118
590 3 3 9 26 0 1118 1157 1158 1119
591 3 3 9 26 0 1119 1158 1159 1120
592 3 3 9 26 0 1120 1159 62 61
593 3 3 9 26 0 44 45 1160 1121
594 3 3 9 26 0 1121 1160 1161 1122
595 3 3 9 26 0 1122 1161 1162 1123
596 3 3 9 26 0 1123 1162 1163 1124
597 3 3 9 26 0 1124 1163 1164 1125
598 3 3 9 26 0 1125 1164 1165 1126
599 3 3 9 26 0 1126 1165 1166 1127
600 3 3 9 26 0 1127 1166 1167 1128
601 3 3 9 26 0 1128 1167 1168 1129
602 3 3 9 26 0 1129 1168 1169 1130
603 3 3 9 26 0 1130 1169 1170 1131
604 3 3 9 26 0 1131 1170 1171 1132
605 3 3 9 26 0 1132 1171 1172 1133
606 3 3 9 26 0 1133 1172 1173 1134
607 3 3 9 26 0 1134 1173 1174 1135
608 3 3 9 26 0 1135 1174 1175 1136
609 3 3 9 26 0 1136 1175 1176 1137
610 3 3 9 26 0 1137 1176 1177 1138
611 3 3 9 26 0 1138 1177 1178 1139
612 3 3 9 26 0 1139 1178 1179 1140
613 3 3 9 26 0 1140 1179 1180 1141
614 3 3 9 26 0 1141 1180 1181 1142
615 3 3 9 26 0 1142 1181 1182 1143
616 3 3 9 26 0 1143 1182 1183 1144
617 3 3 9 26 0 1144 1183 1184 1145
618 3 3 9 26 0 1145 1184 1185 1146
619 3 3 9 26 0 1146 1185 1186 1147
620 3 3 9 26 0 1147 1186 1187 1148
621 3 3 9 26 0 1148 1187 1188 1149
622 3 3 9 26 0 1149 1188 1189 1150
623 3 3 9 26 0 1150 1189 1190 1151
624 3 3 9 26 0 1151 1190 1191 1152
625 3 3 9 26 0 1152 1191 1192 1153
626 3 3 9 26 0 1153 1192 1193 1154
627 3 3 9 26 0 1154 1193 1194 1155
628 3 3 9 26 0 1155 1194 1195 1156
629 3 3 9 26 0 1156 1195 1196 1157
630 3 3 9 26 0 1157 1196 1197 1158
631 3 3 9 26 0 1158 1197 1198 1159
632 3 3 9 26 0 1159 1198 63 62
633 3 3 9 26 0 45 4 190 1160
634 3 3 9 26 0 1160 190 191 1161
635 3 3 9 26 0 1161 191 192 1162
636 3 3 9 26 0 1162 192 193 1163
637 3 3 9 26 0 1163 193 194 1164
638 3 3 9 26 0 1164 194 195 1165
639 3 3 9 26 0 1165 195 196 1166
640 3 3 9 26 0 1166 196 197 1167
641 3 3 9 26 0 1167 197 198 1168
642 3 3 9 26 0 1168 198 199 1169
643 3 3 9 26 0 1169 199 200 1170
644 3 3 9 26 0 1170 200 201 1171
645 3 3 9 26 0 1171 201 202 1172
646 3 3 9 26 0 1172 202 203 1173
647 3 3 9 26 0 1173 203 204 1174
648 3 3 9 26 0 1174 204 205 1175
649 3 3 9 26 0 1175 205 206 1176
650 3 3 9 26 0 1176 206 207 1177
651 3 3 9 26 0 1177 207 208 1178
652 3 3 9 26 0 1178 208 209 1179
653 3 3 9 26 0 1179 209 210 1180
654 3 3 9 26 0 1180 210 211 1181
655 3 3 9 26 0 1181 211 212 1182
656 3 3 9 26 0 1182 212 213 1183
657 3 3 9 26 0 1183 213 214 1184
658 3 3 9 26 0 1184 214 215 1185
659 3 3 9 26 0 1185 215 216 1186
660 3 3 9 26 0 1186 216 217 1187
661 3 3 9 26 0 1187 217 218 1188
662 3 3 9 26 0 1188 218 219 1189
663 3 3 9 26 0 1189 219 220 1190
664 3 3 9 26 0 1190 220 221 1191
665 3 3 9 26 0 1191 221 222 1192
666 3 3 9 26 0 1192 222 223 1193
667 3 3 9 26 0 1193 223 224 1194
668 3 3 9 26 0 1194 224 225 1195
669 3 3 9 26 0 1195 225 226 1196
670 3 3 9 26 0 1196 226 227 1197
671 3 3 9 26 0 1197 227 228 1198
672 3 3 9 26 0 1198 228 10 63
673 3 3 9 30 0 4 46 1199 190
674 3 3 9 30 0 190 1199 1200 191
675 3 3 9 30 0 191 1200 1201 192
676 3 3 9 30 0 192 1201 1202 193
677 3 3 9 30 0 193 1202 1203 194
678 3 3 9 30 0 194 1203 1204 195
679 3 3 9 30 0 195 1204 1205 196
680 3 3 9 30 0 196 1205 1206 197
681 3 3 9 30 0 197 1206 1207 198
682 3 3 9 30 0 198 1207 1208 199
683 3 3 9 30 0 199 1208 1209 200
684 3 3 9 30 0 200 1209 1210 201
685 3 3 9 30 0 201 1210 1211 202
686 3 3 9 30 0 202 1211 1212 203
687 3 3 9 30 0 203 1212 1213 204
688 3 3 9 30 0 204 1213 1214 205
689 3 3 9 30 0 205 1214 1215 206
690 3 3 9 30 0 206 1215 1216 207
691 3 3 9 30 0 207 1216 1217 208
692 3 3 9 30 0 208 1217 1218 209
693 3 3 9 30 0 209 1218 1219 210
694 3 3 9 30 0 210 1219 1220 211
695 3 3 9 30 0 211 1220 1221 212
696 3 3 9 30 0 212 1221 1222 213
697 3 3 9 30 0 213 1222 1223 214
698 3 3 9 30 0 214 1223 1224 215
699 3 3 9 30 0 215 1224 1225 216
700 3 3 9 30 0 216 1225 1226 217
701 3 3 9 30 0 217 1226 1227 218
702 3 3 9 30 0 218 1227 1228 219
703 3 3 9 30 0 219 1228 1229 220
704 3 3 9 30 0 220 1229 1230 221
705 3 3 9 30 0 221 1230 1231 222
706 3 3 9 30 0 222 1231 1232 223
707 3 3 9 30 0 223 1232 1233 224
708 3 3 9 30 0 224 1233 1234 225
709 3 3 9 30 0 225 1234 1235 226
710 3 3 9 30 0 226 1235 1236 227
711 3 3 9 30 0 227 1236 1237 228
712 3 3 9 30 0 228 1237 64 10
713 3 3 9 30 0 46 47 1238 1199
714 3 3 9 30 0 1199 1238 1239 1200
715 3 3 9 30 0 1200 1239 1240 1201
716 3 3 9 30 0 1201 1240 1241 1202
717 3 3 9 30 0 1202 1241 1242 1203
718 3 3 9 30 0 1203 1242 1243 1204
719 3 3 9 30 0 1204 1243 1244 1205
720 3 3 9 30 0 1205 1244 1245 1206
721 3 3 9 30 0 1206 1245 1246 1207
722 3 3 9 30 0 1207 1246 1247 1208
723 3 3 9 30 0 1208 1247 1248 1209
724 3 3 9 30 0 1209 1248 1249 1210
725 3 3 9 30 0 1210 1249 1250 1211
726 3 3 9 30 0 1211 1250 1251 1212
727 3 3 9 30 0 1212 1251 1252 1213
728 3 3 9 30 0 1213 1252 1253 1214
729 3 3 9 30 0 1214 1253 1254 1215
730 3 3 9 30 0 1215 1254 1255 1216
731 3 3 9 30 0 1216 1255 1256 1217
732 3 3 9 30 0 1217 1256 1257 1218
733 3 3 9 30 0 1218 1257 1258 1219
734 3 3 9 30 0 1219 1258 1259 1220
735 3 3 9 30 0 1220 1259 1260 1221
736 3 3 9 30 0 1221 1260 1261 1222
737 3 3 9 30 0 1222 1261 1262 1223
738 3 3 9 30 0 1223 1262 1263 1224
739 3 3 9 30 0 1224 1263 1264 1225
740 3 3 9 30 0 1225 1264 1265 1226
741 3 3 9 30 0 1226 1265 1266 1227
742 3 3 9 30 0 1227 1266 1267 1228
743 3 3 9 30 0 1228 1267 1268 1229
744 3 3 9 30 0 1229 1268 1269 1230
745 3 3 9 30 0 1230 1269 1270 1231
746 3 3 9 30 0 1231 1270 1271 1232
747 3 3 9 30 0 1232 1271 1272 1233
748 3 3 9 30 0 1233 1272 1273 1234
749 3 3 9 30 0 1234 1273 1274 1235
750 3 3 9 30 0 1235 1274 1275 1236
751 3 3 9 30 0 1236 1275 1276 1237
752 3 3 9 30 0 1237 1276 65 64
753 3 3 9 30 0 47 48 1277 1238
754 3 3 9 30 0 1238 1277 1278 1239
755 3 3 9 30 0 1239 1278 1279 1240
756 3 3 9 30 0 1240 1279 1280 1241
757 3 3 9 30 0 1241 1280 1281 1242
758 3 3 9 30 0 1242 1281 1282 1243
759 3 3 9 30 0 1243 1282 1283 1244
760 3 3 9 30 0 1244 1283 1284 1245
761 3 3 9 30 0 1245 1284 1285 1246
762 3 3 9 30 0 1246 1285 1286 1247
763 3 3 9 30 0 1247 1286 1287 1248
764 3 3 9 30 0 1248 1287 1288 1249
765 3 3 9 30 0 1249 1288 1289 1250
766 3 3 9 30 0 1250 1289 1290 1251
767 3 3 9 30 0 1251 1290 1291 1252
768 3 3 9 30 0 1252 1291 1292 1253
769 3 3 9 30 0 1253 1292 1293 1254
770 3 3 9 30 0 1254 1293 1294 1255
771 3 3 9 30 0 1255 1294 1295 1256
772 3 3 9 30 0 1256 1295 1296 1257
773 3 3 9 30 0 1257 1296 1297 1258
774 3 3 9 30 0 1258 1297 1298 1259
775 3 3 9 30 0 1259 1298 1299 1260
776 3 3 9 30 0 1260 1299 1300 1261
777 3 3 9 30 0 1261 1300 1301 1262
778 3 3 9 30 0 1262 1301 1302 1263
779 3 3 9 30 0 1263 1302 1303 1264
780 3 3 9 30 0 1264 1303 1304 1265
781 3 3 9 30 0 1265 1304 1305 1266
782 3 3 9 30 0 1266 1305 1306 1267
783 3 3 9 30 0 1267 1306 1307 1268
784 3 3 9 30 0 1268 1307 1308 1269
785 3 3 9 30 0 1269 1308 1309 1270
786 3 3 9 30 0 1270 1309 1310 1271
787 3 3 9 30 0 1271 1310 1311 1272
788 3 3 9 30 0 1272 1311 1312 1273
789 3 3 9 30 0 1273 1312 1313 1274
790 3 3 9 30 0 1274 1313 1314 1275
791 3 3 9 30 0 1275 1314 1315 1276
792 3 3 9 30 0 1276 1315 66 65
793 3 3 9 30 0 48 5 229 1277
794 3 3 9 30 0 1277 229 230 1278
795 3 3 9 30 0 1278 230 231 1279
796 3 3 9 30 0 1279 231 232 1280
797 3 3 9 30 0 1280 232 233 1281
798 3 3 9 30 0 1281 233 234 1282
799 3 3 9 30 0 1282 234 235 1283
800 3 3 9 30 0 1283 235 236 1284
801 3 3 9 30 0 1284 236 237 1285
802 3 3 9 30 0 1285 237 238 1286
803 3 3 9 30 0 1286 238 239 1287
804 3 3 9 30 0 1287 239 240 1288
805 3 3 9 30 0 1288 240 241 1289
806 3 3 9 30 0 1289 241 242 1290
807 3 3 9 30 0 1290 242 243 1291
808 3 3 9 30 0 1291 243 244 1292
809 3 3 9 30 0 1292 244 245 1293
810 3 3 9 30 0 1293 245 246 1294
811 3 3 9 30 0 1294 246 247 1295
812 3 3 9 30 0 1295 247 248 1296
813 3 3 9 30 0 1296 248 249 1297
814 3 3 9 30 0 1297 249 250 1298
815 3 3 9 30 0 1298 250 251 1299
816 3 3 9 30 0 1299 251 252 1300
817 3 3 9 30 0 1300 252 253 1301
818 3 3 9 30 0 1301 253 254 1302
819 3 3 9 30 0 1302 254 255 1303
820 3 3 9 30 0 1303 255 256 1304
821 3 3 9 30 0 1304 256 257 1305
822 3 3 9 30 0 1305 257 258 1306
823 3 3 9 30 0 1306 258 259 1307
824 3 3 9 30 0 1307 259 260 1308
825 3 3 9 30 0 1308 260 261 1309
826 3 3 9 30 0 1309 261 262 1310
827 3 3 9 30 0 1310 262 263 1311
828 3 3 9 30 0 1311 263 264 1312
829 3 3 9 30 0 1312 264 265 1313
830 3 3 9 30 0 1313 265 266 1314
831 3 3 9 30 0 1314 266 267 1315
832 3 3 9 30 0 1315 267 11 66
833 3 3 9 34 0 5 49 1316 229
834 3 3 9 34 0 229 1316 1317 230
835 3 3 9 34 0 230 1317 1318 231
836 3 3 9 34 0 231 1318 1319 232
837 3 3 9 34 0 232 1319 1320 233
838 3 3 9 34 0 233 1320 1321 234
839 3 3 9 34 0 234 1321 1322 235
840 3 3 9 34 0 235 1322 1323 236
841 3 3 9 34 0 236 1323 1324 237
842 3 3 9 34 0 237 1324 1325 238
843 3 3 9 34 0 238 1325 1326 239
844 3 3 9 34 0 239 1326 1327 240
845 3 3 9 34 0 240 1327 1328 241
846 3 3 9 34 0 241 1328 1329 242
847 3 3 9 34 0 242 1329 1330 243
848 3 3 9 34 0 243 1330 1331 244
849 3 3 9 34 0 244 1331 1332 245
850 3 3 9 34 0 245 1332 1333 246
851 3 3 9 34 0 246 1333 1334 247
852 3 3 9 34 0 247 1334 1335 248
853 3 3 9 34 0 248 1335 1336 249
854 3 3 9 34 0 249 1336 1337 250
855 3 3 9 34 0 250 1337 1338 251
856 3 3 9 34 0 251 1338 1339 252
857 3 3 9 34 0 252 1339 1340 253
858 3 3 9 34 0 253 1340 1341 254
859 3 3 9 34 0 254 1341 1342 255
860 3 3 9 34 0 255 1342 1343 256
861 3 3 9 34 0 256 1343 1344 257
862 3 3 9 34 0 257 1344 1345 258
863 3 3 9 34 0 258 1345 1346 259
864 3 3 9 34 0 259 1346 1347 260
865 3 3 9 34 0 260 1347 1348 261
866 3 3 9 34 0 261 1348 1349 262
867 3 3 9 34 0 262 1349 1350 263
868 3 3 9 34 0 263 1350 1351 264
869 3 3 9 34 0 264 1351 1352 265
870 3 3 9 34 0 265 1352 1353 266
871 3 3 9 34 0 266 1353 1354 267
872 3 3 9 34 0 267 1354 67 11
873 3 3 9 34 0 49 50 1355 1316
874 3 3 9 34 0 1316 1355 1356 1317
875 3 3 9 34 0 1317 1356 1357 1318
876 3 3 9 34 0 1318 1357 1358 1319
877 3 3 9 34 0 1319 1358 1359 1320
878 3 3 9 34 0 1320 1359 1360 1321
879 3 3 9 34 0 1321 1360 1361 1322
880 3 3 9 34 0 1322 1361 1362 1323
881 3 3 9 34 0 1323 1362 1363 1324
882 3 3 9 34 0 1324 1363 1364 1325
883 3 3 9 34 0 1325 1364 1365 1326
884 3 3 9 34 0 1326 1365 1366 1327
885 3 3 9 34 0 1327 1366 1367 1328
886 3 3 9 34 0 1328 1367 1368 1329
887 3 3 9 34 0 1329 1368 1369 1330
888 3 3 9 34 0 1330 1369 1370 1331
889 3 3 9 34 0 1331 1370 1371 1332
890 3 3 9 34 0 1332 1371 1372 1333
891 3 3 9 34 0 1333 1372 1373 1334
892 3 3 9 34 0 1334 1373 1374 1335
893 3 3 9 34 0 1335 1374 1375 1336
894 3 3 9 34 0 1336 1375 1376 1337
895 3 3 9 34 0 1337 1376 1377 1338
896 3 3 9 34 0 1338 1377 1378 1339
897 3 3 9 34 0 1339 1378 1379 1340
898 3 3 9 34 0 1340 1379 1380 1341
899 3 3 9 34 0 1341 1380 1381 1342
900 3 3 9 34 0 1342 1381 1382 1343
901 3 3 9 34 0 1343 1382 1383 1344
902 3 3 9 34 0 1344 1383 1384 1345
903 3 3 9 34 0 1345 1384 1385 1346
904 3 3 9 34 0 1346 1385 1386 1347
905 3 3 9 34 0 1347 1386 1387 1348
906 3 3 9 34 0 1348 1387 1388 1349
907 3 3 9 34 0 1349 1388 1389 1350
908 3 3 9 34 0 1350 1389 1390 1351
909 3 3 9 34 0 1351 1390 1391 1352
910 3 3 9 34 0 1352 1391 1392 1353
911 3 3 9 34 0 1353 1392 1393 1354
912 3 3 9 34 0 1354 1393 68 67
913 3 3 9 34 0 50 51 1394 1355
914 3 3 9 34 0 1355 1394 1395 1356
915 3 3 9 34 0 1356 1395 1396 1357
916 3 3 9 34 0 1357 1396 1397 1358
917 3 3 9 34 0 1358 1397 1398 1359
918 3 3 9 34 0 1359 1398 1399 1360
919 3 3 9 34 0 1360 1399 1400 1361
920 3 3 9 34 0 1361 1400 1401 1362
921 3 3 9 34 0 1362 1401 1402 1363
922 3 3 9 34 0 1363 1402 1403 1364
923 3 3 9 34 0 1364 1403 1404 1365
924 3 3 9 34 0 1365 1404 1405 1366
925 3 3 9 34 0 1366 1405 1406 1367
926 3 3 9 34 0 1367 1406 1407 1368
927 3 3 9 34 0 1368 1407 1408 1369
928 3 3 9 34 0 1369 1408 1409 1370
929 3 3 9 34 0 1370 1409 1410 1371
930 3 3 9 34 0 1371 1410 1411 1372
931 3 3 9 34 0 1372 1411 1412 1373
932 3 3 9 34 0 1373 1412 1413 1374
933 3 3 9 34 0 1374 1413 1414 1375
934 3 3 9 34 0 1375 1414 1415 1376
935 3 3 9 34 0 1376 1415 1416 1377
936 3 3 9 34 0 1377 1416 1417 1378
937 3 3 9 34 0 1378 1417 1418 1379
938 3 3 9 34 0 1379 1418 1419 1380
939 3 3 9 34 0 1380 1419 1420 1381
940 3 3 9 34 0 1381 1420 1421 1382
941 3 3 9 34 0 1382 1421 1422 1383
942 3 3 9 34 0 1383 1422 1423 1384
943 3 3 9 34 0 1384 1423 1424 1385
944 3 3 9 34 0 1385 1424 1425 1386
945 3 3 9 34 0 1386 1425 1426 1387
946 3 3 9 34 0 1387 1426 1427 1388
947 3 3 9 34 0 1388 1427 1428 1389
948 3 3 9 34 0 1389 1428 1429 1390
949 3 3 9 34 0 1390 1429 1430 1391
950 3 3 9 34 0 1391 1430 1431 1392
951 3 3 9 34 0 1392 1431 1432 1393
952 3 3 9 34 0 1393 1432 69 68
953 3 3 9 34 0 51 6 268 1394
954 3 3 9 34 0 1394 268 269 1395
955 3 3 9 34 0 1395 269 270 1396
956 3 3 9 34 0 1396 270 271 1397
957 3 3 9 34 0 1397 271 272 1398
958 3 3 9 34 0 1398 272 273 1399
959 3 3 9 34 0 1399 273 274 1400
960 3 3 9 34 0 1400 274 275 1401
961 3 3 9 34 0 1401 275 276 1402
962 3 3 9 34 0 1402 276 277 1403
963 3 3 9 34 0 1403 277 278 1404
964 3 3 9 34 0 1404 278 279 1405
965 3 3 9 34 0 1405 279 280 1406
966 3 3 9 34 0 1406 280 281 1407
967 3 3 9 34 0 1407 281 282 1408
968 3 3 9 34 0 1408 282 283 1409
969 3 3 9 34 0 1409 283 284 1410
970 3 3 9 34 0 1410 284 285 1411
971 3 3 9 34 0 1411 285 286 1412
972 3 3 9 34 0 1412 286 287 1413
973 3 3 9 34 0 1413 287 288 1414
974 3 3 9 34 0 1414 288 289 1415
975 3 3 9 34 0 1415 289 290 1416
976 3 3 9 34 0 1416 290 291 1417
977 3 3 9 34 0 1417 291 292 1418
978 3 3 9 34 0 1418 292 293 1419
979 3 3 9 34 0 1419 293 294 1420
980 3 3 9 34 0 1420 294 295 1421
981 3 3 9 34 0 1421 295 296 1422
982 3 3 9 34 0 1422 296 297 1423
983 3 3 9 34 0 1423 297 298 1424
984 3 3 9 34 0 1424 298 299 1425
985 3 3 9 34 0 1425 299 300 1426
986 3 3 9 34 0 1426 300 301 1427
987 3 3 9 34 0 1427 301 302 1428
988 3 3 9 34 0 1428 302 303 1429
989 3 3 9 34 0 1429 303 304 1430
990 3 3 9 34 0 1430 304 305 1431
991 3 3 9 34 0 1431 305 306 1432
992 3 3 9 34 0 1432 306 12 69
993 3 3 9 38 0 6 52 1433 268
994 3 3 9 38 0 268 1433 1434 269
995 3 3 9 38 0 269 1434 1435 270
996 3 3 9 38 0 270 1435 1436 271
997 3 3 9 38 0 271 1436 1437 272
998 3 3 9 38 0 272 1437 1438 273
999 3 3 9 38 0 273 1438 1439 274
1000 3 3 9 38 0 274 1439 1440 275
1001 3 3 9 38 0 275 1440 1441 276
1002 3 3 9 38 0 276 1441 1442 277
1003 3 3 9 38 0 277 1442 1443 278
1004 3 3 9 38 0 278 1443 1444 279
1005 3 3 9 38 0 279 1444 1445 280
1006 3 3 9 38 0 280 1445 1446 281
1007 3 3 9 38 0 281 1446 1447 282
1008 3 3 9 38 0 282 1447 1448 283
1009 3 3 9 38 0 283 1448 1449 284
1010 3 3 9 38 0 284 1449 1450 285
1011 3 3 9 38 0 285 1450 1451 286
1012 3 3 9 38 0 286 1451 1452 287
1013 3 3 9 38 0 287 1452 1453 288
1014 3 3 9 38 0 288 1453 1454 289
1015 3 3 9 38 0 289 1454 1455 290
1016 3 3 9 38 0 290 1455 1456 291
1017 3 3 9 38 0 291 1456 1457 292
1018 3 3 9 38 0 292 1457 1458 293
1019 3 3 9 38 0 293 1458 1459 294
1020 3 3 9 38 0 294 1459 1460 295
1021 3 3 9 38 0 295 1460 1461 296
1022 3 3 9 38 0 296 1461 1462 297
1023 3 3 9 38 0 297 1462 1463 298
1024 3 3 9 38 0 298 1463 1464 299
1025 3 3 9 38 0 299 1464 1465 300
1026 3 3 9 38 0 300 1465 1466 301
1027 3 3 9 38 0 301 1466 1467 302
1028 3 3 9 38 0 302 1467 1468 303
1029 3 3 9 38 0 303 1468 1469 304
1030 3 3 9 38 0 304 1469 1470 305
1031 3 3 9 38 0 305 1470 1471 306
1032 3 3 9 38 0 306 1471 70 12
1033 3 3 9 38 0 52 53 1472 1433
1034 3 3 9 38 0 1433 1472 1473 1434
1035 3 3 9 38 0 1434 1473 1474 1435
1036 3 3 9 38 0 1435 1474 1475 1436
1037 3 3 9 38 0 1436 1475 1476 1437
1038 3 3 9 38 0 1437 1476 1477 1438
1039 3 3 9 38 0 1438 1477 1478 1439
1040 3 3 9 38 0 1439 1478 1479 1440
1041 3 3 9 38 0 1440 1479 1480 1441
1042 3 3 9 38 0 1441 1480 1481 1442
1043 3 3 9 38 0 1442 1481 1482 1443
1044 3 3 9 38 0 1443 1482 1483 1444
1045 3 3 9 38 0 1444 1483 1484 1445
1046 3 3 9 38 0 1445 1484 1485 1446
1047 3 3 9 38 0 1446 1485 1486 1447
1048 3 3 9 38 0 1447 1486 1487 1448
1049 3 3 9 38 0 1448 1487 1488 1449
1050 3 3 9 38 0 1449 1488 1489 1450
1051 3 3 9 38 0 1450 1489 1490 1451
1052 3 3 9 38 0 1451 1490 1491 1452
1053 3 3 9 38 0 1452 1491 1492 1453
1054 3 3 9 38 0 1453 1492 1493 1454
1055 3 3 9 38 0 1454 1493 1494 1455
1056 3 3 9 38 0 1455 1494 1495 1456
1057 3 3 9 38 0 1456 1495 1496 1457
1058 3 3 9 38 0 1457 1496 1497 1458
1059 3 3 9 38 0 1458 1497 1498 1459
1060 3 3 9 38 0 1459 1498 1499 1460
1061 3 3 9 38 0 1460 1499 1500 1461
1062 3 3 9 38 0 1461 1500 1501 1462
1063 3 3 9 38 0 1462 1501 1502 1463
1064 3 3 9 38 0 1463 1502 1503 1464
1065 3 3 9 38 0 1464 1503 1504 1465
1066 3 3 9 38 0 1465 1504 1505 1466
1067 3 3 9 38 0 1466 1505 1506 1467
1068 3 3 9 38 0 1467 1506 1507 1468
1069 3 3 9 38 0 1468 1507 1508 1469
1070 3 3 9 38 0 1469 1508 1509 1470
1071 3 3 9 38 0 1470 1509 1510 1471
1072 3 3 9 38 0 1471 1510 71 70
1073 3 3 9 38 0 53 54 1511 1472
1074 3 3 9 38 0 1472 1511 1512 1473
1075 3 3 9 38 0 1473 1512 1513 1474
1076 3 3 9 38 0 1474 1513 1514 1475
1077 3 3 9 38 0 1475 1514 1515 1476
1078 3 3 9 38 0 1476 1515 1516 1477
1079 3 3 9 38 0 1477 1516 1517 1478
1080 3 3 9 38 0 1478 1517 1518 1479
1081 3 3 9 38 0 1479 1518 1519 1480
1082 3 3 9 38 0 1480 1519 1520 1481
1083 3 3 9 38 0 1481 1520 1521 1482
1084 3 3 9 38 0 1482 1521 1522 1483
1085 3 3 9 38 0 1483 1522 1523 1484
1086 3 3 9 38 0 1484 1523 1524 1485
1087 3 3 9 38 0 1485 1524 1525 1486
1088 3 3 9 38 0 1486 1525 1526 1487
1089 3 3 9 38 0 1487 1526 1527 1488
1090 3 3 9 38 0 1488 1527 1528 1489
1091 3 3 9 38 0 1489 1528 1529 1490
1092 3 3 9 38 0 1490 1529 1530 1491
1093 3 3 9 38 0 1491 1530 1531 1492
1094 3 3 9 38 0 1492 1531 1532 1493
1095 3 3 9 38 0 1493 1532 1533 1494
1096 3 3 9 38 0 1494 1533 1534 1495
1097 3 3 9 38 0 1495 1534 1535 1496
1098 3 3 9 38 0 1496 1535 1536 1497
1099 3 3 9 38 0 1497 1536 1537 1498
1100 3 3 9 38 0 1498 1537 1538 1499
1101 3 3 9 38 0 1499 1538 1539 1500
1102 3 3 9 38 0 1500 1539 1540 1501
1103 3 3 9 38 0 1501 1540 1541 1502
1104 3 3 9 38 0 1502 1541 1542 1503
1105 3 3 9 38 0 1503 1542 1543 1504
1106 3 3 9 38 0 1504 1543 1544 1505
1107 3 3 9 38 0 1505 1544 1545 1506
1108 3 3 9 38 0 1506 1545 1546 1507
1109 3 3 9 38 0 1507 1546 1547 1508
1110 3 3 9 38 0 1508 1547 1548 1509
1111 3 3 9 38 0 1509 1548 1549 1510
1112 3 3 9 38 0 1510 1549 72 71
1113 3 3 9 38 0 54 1 73 1511
1114 3 3 9 38 0 1511 73 74 1512
1115 3 3 9 38 0 1512 74 75 1513
1116 3 3 9 38 0 1513 75 76 1514
1117 3 3 9 38 0 1514 76 77 1515
1118 3 3 9 38 0 1515 77 78 1516
1119 3 3 9 38 0 1516 78 79 1517
1120 3 3 9 38 0 1517 79 80 1518
1121 3 3 9 38 0 1518 80 81 1519
1122 3 3 9 38 0 1519 81 82 1520
1123 3 3 9 38 0 1520 82 83 1521
1124 3 3 9 38 0 1521 83 84 1522
1125 3 3 9 38 0 1522 84 85 1523
1126 3 3 9 38 0 1523 85 86 1524
1127 3 3 9 38 0 1524 86 87 1525
1128 3 3 9 38 0 1525 87 88 1526
1129 3 3 9 38 0 1526 88 89 1527
1130 3 3 9 38 0 1527 89 90 1528
1131 3 3 9 38 0 1528 90 91 1529
1132 3 3 9 38 0 1529 91 92 1530
1133 3 3 9 38 0 1530 92 93 1531
1134 3 3 9 38 0 1531 93 94 1532
1135 3 3 9 38 0 1532 94 95 1533
1136 3 3 9 38 0 1533 95 96 1534
1137 3 3 9 38 0 1534 96 97 1535
1138 3 3 9 38 0 1535 97 98 1536
1139 3 3 9 38 0 1536 98 99 1537
1140 3 3 9 38 0 1537 99 100 1538
1141 3 3 9 38 0 1538 100 101 1539
1142 3 3 9 38 0 1539 101 102 1540
1143 3 3 9 38 0 1540 102 103 1541
1144 3 3 9 38 0 1541 103 104 1542
1145 3 3 9 38 0 1542 104 105 1543
1146 3 3 9 38 0 1543 105 106 1544
1147 3 3 9 38 0 1544 106 107 1545
1148 3 3 9 38 0 1545 107 108 1546
1149 3 3 9 38 0 1546 108 109 1547
1150 3 3 9 38 0 1547 109 110 1548
1151 3 3 9 38 0 1548 110 111 1549
1152 3 3 9 38 0 1549 111 7 72
1153 3 3 9 50 0 7 55 1587 325
1154 3 3 9 50 0 325 1587 1588 326
1155 3 3 9 50 0 326 1588 1589 327
1156 3 3 9 50 0 327 1589 1590 328
1157 3 3 9 50 0 328 1590 1591 329
1158 3 3 9 50 0 329 1591 1592 330
1159 3 3 9 50 0 330 1592 1593 331
1160 3 3 9 50 0 331 1593 1594 332
1161 3 3 9 50 0 332 1594 1595 333
1162 3 3 9 50 0 333 1595 1596 334
1163 3 3 9 50 0 334 1596 1597 335
1164 3 3 9 50 0 335 1597 307 13
1165 3 3 9 50 0 55 56 1598 1587
1166 3 3 9 50 0 1587 1598 1599 1588
1167 3 3 9 50 0 1588 1599 1600 1589
1168 3 3 9 50 0 1589 1600 1601 1590
1169 3 3 9 50 0 1590 1601 1602 1591
1170 3 3 9 50 0 1591 1602 1603 1592
1171 3 3 9 50 0 1592 1603 1604 1593
1172 3 3 9 50 0 1593 1604 1605 1594
1173 3 3 9 50 0 1594 1605 1606 1595
1174 3 3 9 50 0 1595 1606 1607 1596
1175 3 3 9 50 0 1596 1607 1608 1597
1176 3 3 9 50 0 1597 1608 308 307
1177 3 3 9 50 0 56 57 1609 1598
1178 3 3 9 50 0 1598 1609 1610 1599
1179 3 3 9 50 0 1599 1610 1611 1600
1180 3 3 9 50 0 1600 1611 1612 1601
1181 3 3 9 50 0 1601 1612 1613 1602
1182 3 3 9 50 0 1602 1613 1614 1603
1183 3 3 9 50 0 1603 1614 1615 1604
1184 3 3 9 50 0 1604 1615 1616 1605
1185 3 3 9 50 0 1605 1616 1617 1606
1186 3 3 9 50 0 1606 1617 1618 1607
1187 3 3 9 50 0 1607 1618 1619 1608
1188 3 3 9 50 0 1608 1619 309 308
1189 3 3 9 50 0 57 8 336 1609
1190 3 3 9 50 0 1609 336 337 1610
1191 3 3 9 50 0 1610 337 338 1611
1192 3 3 9 50 0 1611 338 339 1612
1193 3 3 9 50 0 1612 339 340 1613
1194 3 3 9 50 0 1613 340 341 1614
1195 3 3 9 50 0 1614 341 342 1615
1196 3 3 9 50 0 1615 342 343 1616
1197 3 3 9 50 0 1616 343 344 1617
1198 3 3 9 50 0 1617 344 345 1618
1199 3 3 9 50 0 1618 345 346 1619
1200 3 3 9 50 0 1619 346 14 309
1201 3 3 9 54 0 8 58 1620 336
1202 3 3 9 54 0 336 1620 1621 337
1203 3 3 9 54 0 337 1621 1622 338
1204 3 3 9 54 0 338 1622 1623 339
1205 3 3 9 54 0 339 1623 1624 340
1206 3 3 9 54 0 340 1624 1625 341
1207 3 3 9 54 0 341 1625 1626 342
1208 3 3 9 54 0 342 1626 1627 343
1209 3 3 9 54 0 343 1627 1628 344
1210 3 3 9 54 0 344 1628 1629 345
1211 3 3 9 54 0 345 1629 1630 346
1212 3 3 9 54 0 346 1630 310 14
1213 3 3 9 54 0 58 59 1631 1620
1214 3 3 9 54 0 1620 1631 1632 1621
1215 3 3 9 54 0 1621 1632 1633 1622
1216 3 3 9 54 0 1622 1633 1634 1623
1217 3 3 9 54 0 1623 1634 1635 1624
1218 3 3 9 54 0 1624 1635 1636 1625
1219 3 3 9 54 0 1625 1636 1637 1626
1220 3 3 9 54 0 1626 1637 1638 1627
1221 3 3 9 54 0 1627 1638 1639 1628
1222 3 3 9 54 0 1628 1639 1640 1629
1223 3 3 9 54 0 1629 1640 1641 1630
1224 3 3 9 54 0 1630 1641 311 310
1225 3 3 9 54 0 59 60 1642 1631
1226 3 3 9 54 0 1631 1642 1643 1632
1227 3 3 9 54 0 1632 1643 1644 1633
1228 3 3 9 54 0 1633 1644 1645 1634
1229 3 3 9 54 0 1634 1645 1646 1635
1230 3 3 9 54 0 1635 1646 1647 1636
1231 3 3 9 54 0 1636 1647 1648 1637
1232 3 3 9 54 0 1637 1648 1649 1638
1233 3 3 9 54 0 1638 1649 1650 1639
1234 3 3 9 54 0 1639 1650 1651 1640
1235 3 3 9 54 0 1640 1651 1652 1641
1236 3 3 9 54 0 1641 1652 312 311
1237 3 3 9 54 0 60 9 347 1642
1238 3 3 9 54 0 1642 347 348 1643
1239 3 3 9 54 0 1643 348 349 1644
1240 3 3 9 54 0 1644 349 350 1645
1241 3 3 9 54 0 1645 350 351 1646
1242 3 3 9 54 0 1646 351 352 1647
1243 3 3 9 54 0 1647 352 353 1648
1244 3 3 9 54 0 1648 353 354 1649
1245 3 3 9 54 0 1649 354 355 1650
1246 3 3 9 54 0 1650 355 356 1651
1247 3 3 9 54 0 1651 356 357 1652
1248 3 3 9 54 0 1652 357 15 312
1249 3 3 9 58 0 9 61 1653 347
1250 3 3 9 58 0 347 1653 1654 348
1251 3 3 9 58 0 348 1654 1655 349
1252 3 3 9 58 0 349 1655 1656 350
1253 3 3 9 58 0 350 1656 1657 351
1254 3 3 9 58 0 351 1657 1658 352
1255 3 3 9 58 0 352 1658 1659 353
1256 3 3 9 58 0 353 1659 1660 354
1257 3 3 9 58 0 354 1660 1661 355
1258 3 3 9 58 0 355 1661 1662 356
1259 3 3 9 58 0 356 1662 1663 357
1260 3 3 9 58 0 357 1663 313 15
1261 3 3 9 58 0 61 62 1664 1653
1262 3 3 9 58 0 1653 1664 1665 1654
1263 3 3 9 58 0 1654 1665 1666 1655
1264 3 3 9 58 0 1655 1666 1667 1656
1265 3 3 9 58 0 1656 1667 1668 1657
1266 3 3 9 58 0 1657 1668 1669 1658
1267 3 3 9 58 0 1658 1669 1670 1659
1268 3 3 9 58 0 1659 1670 1671 1660
1269 3 3 9 58 0 1660 1671 1672 1661
1270 3 3 9 58 0 1661 1672 1673 1662
1271 3 3 9 58 0 1662 1673 1674 1663
1272 3 3 9 58 0 1663 1674 314 313
1273 3 3 9 58 0 62 63 1675 1664
1274 3 3 9 58 0 1664 1675 1676 1665
1275 3 3 9 58 0 1665 1676 1677 1666
1276 3 3 9 58 0 1666 1677 1678 1667
1277 3 3 9 58 0 1667 1678 1679 1668
1278 3 3 9 58 0 1668 1679 1680 1669
1279 3 3 9 58 0 1669 1680 1681 1670
1280 3 3 9 58 0 1670 1681 1682 1671
1281 3 3 9 58 0 1671 1682 1683 1672
1282 3 3 9 58 0 1672 1683 1684 1673
1283 3 3 9 58 0 1673 1684 1685 1674
1284 3 3 9 58 0 1674 1685 315 314
1285 3 3 9 58 0 63 10 358 1675
1286 3 3 9 58 0 1675 358 359 1676
1287 3 3 9 58 0 1676 359 360 1677
1288 3 3 9 58 0 1677 360 361 1678
1289 3 3 9 58 0 1678 361 362 1679
1290 3 3 9 58 0 1679 362 363 1680
1291 3 3 9 58 0 1680 363 364 1681
1292 3 3 9 58 0 1681 364 365 1682
1293 3 3 9 58 0 1682 365 366 1683
1294 3 3 9 58 0 1683 366 367 1684
1295 3 3 9 58 0 1684 367 368 1685
1296 3 3 9 58 0 1685 368 16 315
1297 3 3 9 62 0 10 64 1686 358
1298 3 3 9 62 0 358 1686 1687 359
1299 3 3 9 62 0 359 1687 1688 360
1300 3 3 9 62 0 360 1688 1689 361
1301 3 3 9 62 0 361 1689 1690 362
1302 3 3 9 62 0 362 1690 1691 363
1303 3 3 9 62 0 363 1691 1692 364
1304 3 3 9 62 0 364 1692 1693 365
1305 3 3 9 62 0 365 1693 1694 366
1306 3 3 9 62 0 366 1694 1695 367
1307 3 3 9 62 0 367 1695 1696 368
1308 3 3 9 62 0 368 1696 316 16
1309 3 3 9 62 0 64 65 1697 1686
1310 3 3 9 62 0 1686 1697 1698 1687
1311 3 3 9 62 0 1687 1698 1699 1688
1312 3 3 9 62 0 1688 1699 1700 1689
1313 3 3 9 62 0 1689 1700 1701 1690
1314 3 3 9 62 0 1690 1701 1702 1691
1315 3 3 9 62 0 1691 1702 1703 1692
1316 3 3 9 62 0 1692 1703 1704 1693
1317 3 3 9 62 0 1693 1704 1705 1694
1318 3 3 9 62 0 1694 1705 1706 1695
1319 3 3 9 62 0 1695 1706 1707 1696
1320 3 3 9 62 0 1696 1707 317 316
1321 3 3 9 62 0 65 66 1708 1697
1322 3 3 9 62 0 1697 1708 1709 1698
1323 3 3 9 62 0 1698 1709 1710 1699
1324 3 3 9 62 0 1699 1710 1711 1700
1325 3 3 9 62 0 1700 1711 1712 1701
1326 3 3 9 62 0 1701 1712 1713 1702
1327 3 3 9 62 0 1702 1713 1714 1703
1328 3 3 9 62 0 1703 1714 1715 1704
1329 3 3 9 62 0 1704 1715 1716 1705
1330 3 3 9 62 0 1705 1716 1717 1706
1331 3 3 9 62 0 1706 1717 1718 1707
1332 3 3 9 62 0 1707 1718 318 317
1333 3 3 9 62 0 66 11 369 1708
1334 3 3 9 62 0 1708 369 370 1709
1335 3 3 9 62 0 1709 370 371 1710
1336 3 3 9 62 0 1710 371 372 1711
1337 3 3 9 62 0 1711 372 373 1712
1338 3 3 9 62 0 1712 373 374 1713
1339 3 3 9 62 0 1713 374 375 1714
1340 3 3 9 62 0 1714 375 376 1715
1341 3 3 9 62 0 1715 376 377 1716
1342 3 3 9 62 0 1716 377 378 1717
1343 3 3 9 62 0 1717 378 379 1718
1344 3 3 9 62 0 1718 379 17 318
1345 3 3 9 66 0 11 67 1719 369
1346 3 3 9 66 0 369 1719 1720 370
1347 3 3 9 66 0 370 1720 1721 371
1348 3 3 9 66 0 371 1721 1722 372
1349 3 3 9 66 0 372 1722 1723 373
1350 3 3 9 66 0 373 1723 1724 374
1351 3 3 9 66 0 374 1724 1725 375
1352 3 3 9 66 0 375 1725 1726 376
1353 3 3 9 66 0 376 1726 1727 377
1354 3 3 9 66 0 377 1727 1728 378
1355 3 3 9 66 0 378 1728 1729 379
1356 3 3 9 66 0 379 1729 319 17
1357 3 3 9 66 0 67 68 1730 1719
1358 3 3 9 66 0 1719 1730 1731 1720
1359 3 3 9 66 0 1720 1731 1732 1721
1360 3 3 9 66 0 1721 1732 1733 1722
1361 3 3 9 66 0 1722 1733 1734 1723
1362 3 3 9 66 0 1723 1734 1735 1724
1363 3 3 9 66 0 1724 1735 1736 1725
1364 3 3 9 66 0 1725 1736 1737 1726
1365 3 3 9 66 0 1726 1737 1738 1727
1366 3 3 9 66 0 1727 1738 1739 1728
1367 3 3 9 66 0 1728 1739 1740 1729
1368 3 3 9 66 0 1729 1740 320 319
1369 3 3 9 66 0 68 69 1741 1730
1370 3 3 9 66 0 1730 1741 1742 1731
1371 3 3 9 66 0 1731 1742 1743 1732
1372 3 3 9 66 0 1732 1743 1744 1733
1373 3 3 9 66 0 1733 1744 1745 1734
1374 3 3 9 66 0 1734 1745 1746 1735
1375 3 3 9 66 0 1735 1746 1747 1736
1376 3 3 9 66 0 1736 1747 1748 1737
1377 3 3 9 66 0 1737 1748 1749 1738
1378 3 3 9 66 0 1738 1749 1750 1739
1379 3 3 9 66 0 1739 1750 1751 1740
1380 3 3 9 66 0 1740 1751 321 320
1381 3 3 9 66 0 69 12 380 1741
1382 3 3 9 66 0 1741 380 381 1742
1383 3 3 9 66 0 1742 381 382 1743
1384 3 3 9 66 0 1743 382 383 1744
1385 3 3 9 66 0 1744 383 384 1745
1386 3 3 9 66 0 1745 384 385 1746
1387 3 3 9 66 0 1746 385 386 1747
1388 3 3 9 66 0 1747 386 387 1748
1389 3 3 9 66 0 1748 387 388 1749
1390 3 3 9 66 0 1749 388 389 1750
1391 3 3 9 66 0 1750 389 390 1751
1392 3 3 9 66 0 1751 390 18 321
1393 3 3 9 70 0 12 70 1752 380
1394 3 3 9 70 0 380 1752 1753 381
1395 3 3 9 70 0 381 1753 1754 382
1396 3 3 9 70 0 382 1754 1755 383
1397 3 3 9 70 0 383 1755 1756 384
1398 3 3 9 70 0 384 1756 1757 385
1399 3 3 9 70 0 385 1757 1758 386
1400 3 3 9 70 0 386 1758 1759 387
1401 3 3 9 70 0 387 1759 1760 388
1402 3 3 9 70 0 388 1760 1761 389
1403 3 3 9 70 0 389 1761 1762 390
1404 3 3 9 70 0 390 1762 322 18
1405 3 3 9 70 0 70 71 1763 1752
1406 3 3 9 70 0 1752 1763 1764 1753
1407 3 3 9 70 0 1753 1764 1765 1754
1408 3 3 9 70 0 1754 1765 1766 1755
1409 3 3 9 70 0 1755 1766 1767 1756
1410 3 3 9 70 0 1756 1767 1768 1757
1411 3 3 9 70 0 1757 1768 1769 1758
1412 3 3 9 70 0 1758 1769 1770 1759
1413 3 3 9 70 0 1759 1770 1771 1760
1414 3 3 9 70 0 1760 1771 1772 1761
1415 3 3 9 70 0 1761 1772 1773 1762
1416 3 3 9 70 0 1762 1773 323 322
1417 3 3 9 70 0 71 72 1774 1763
1418 3 3 9 70 0 1763 1774 1775 1764
1419 3 3 9 70 0 1764 1775 1776 1765
1420 3 3 9 70 0 1765 1776 1777 1766
1421 3 3 9 70 0 1766 1777 1778 1767
1422 3 3 9 70 0 1767 1778 1779 1768
1423 3 3 9 70 0 1768 1779 1780 1769
1424 3 3 9 70 0 1769 1780 1781 1770
1425 3 3 9 70 0 1770 1781 1782 1771
1426 3 3 9 70 0 1771 1782 1783 1772
1427 3 3 9 70 0 1772 1783 1784 1773
1428 3 3 9 70 0 1773 1784 324 323
1429 3 3 9 70 0 72 7 325 1774
1430 3 3 9 70 0 1774 325 326 1775
1431 3 3 9 70 0 1775 326 327 1776
1432 3 3 9 70 0 1776 327 328 1777
1433 3 3 9 70 0 1777 328 329 1778
1434 3 3 9 70 0 1778 329 330 1779
1435 3 3 9 70 0 1779 330 331 1780
1436 3 3 9 70 0 1780 331 332 1781
1437 3 3 9 70 0 1781 332 333 1782
1438 3 3 9 70 0 1782 333 334 1783
1439 3 3 9 70 0 1783 334 335 1784
1440 3 3 9 70 0 1784 335 13 324
1441 3 3 8 82 0 13 307 1822 409
1442 3 3 8 82 0 409 1822 1823 410
1443 3 3 8 82 0 410 1823 1824 411
1444 3 3 8 82 0 411 1824 1825 412
1445 3 3 8 82 0 412 1825 1826 413
1446 3 3 8 82 0 413 1826 1827 414
1447 3 3 8 82 0 414 1827 1828 415
1448 3 3 8 82 0 415 1828 1829 416
1449 3 3 8 82 0 416 1829 1830 417
1450 3 3 8 82 0 417 1830 1831 418
1451 3 3 8 82 0 418 1831 1832 419
1452 3 3 8 82 0 419 1832 391 19
1453 3 3 8 82 0 307 308 1833 1822
1454 3 3 8 82 0 1822 1833 1834 1823
1455 3 3 8 82 0 1823 1834 1835 1824
1456 3 3 8 82 0 1824 1835 1836 1825
1457 3 3 8 82 0 1825 1836 1837 1826
1458 3 3 8 82 0 1826 1837 1838 1827
1459 3 3 8 82 0 1827 1838 1839 1828
1460 3 3 8 82 0 1828 1839 1840 1829
1461 3 3 8 82 0 1829 1840 1841 1830
1462 3 3 8 82 0 1830 1841 1842 1831
1463 3 3 8 82 0 1831 1842 1843 1832
1464 3 3 8 82 0 1832 1843 392 391
1465 3 3 8 82 0 308 309 1844 1833
1466 3 3 8 82 0 1833 1844 1845 1834
1467 3 3 8 82 0 1834 1845 1846 1835
1468 3 3 8 82 0 1835 1846 1847 1836
1469 3 3 8 82 0 1836 1847 1848 1837
1470 3 3 8 82 0 1837 1848 1849 1838
1471 3 3 8 82 0 1838 1849 1850 1839
1472 3 3 8 82 0 1839 1850 1851 1840
1473 3 3 8 82 0 1840 1851 1852 1841
1474 3 3 8 82 0 1841 1852 1853 1842
1475 3 3 8 82 0 1842 1853 1854 1843
1476 3 3 8 82 0 1843 1854 393 392
1477 3 3 8 82 0 309 14 420 1844
1478 3 3 8 82 0 1844 420 421 1845
1479 3 3 8 82 0 1845 421 422 1846
1480 3 3 8 82 0 1846 422 423 1847
1481 3 3 8 82 0 1847 423 424 1848
1482 3 3 8 82 0 1848 424 425 1849
1483 3 3 8 82 0 1849 425 426 1850
1484 3 3 8 82 0 1850 426 427 1851
1485 3 3 8 82 0 1851 427 428 1852
1486 3 3 8 82 0 1852 428 429 1853
1487 3 3 8 82 0 1853 429 430 1854
1488 3 3 8 82 0 1854 430 20 393
1489 3 3 8 86 0 14 310 1855 420
1490 3 3 8 86 0 420 1855 1856 421
1491 3 3 8 86 0 421 1856 1857 422
1492 3 3 8 86 0 422 1857 1858 423
1493 3 3 8 86 0 423 1858 1859 424
1494 3 3 8 86 0 424 1859 1860 425
1495 3 3 8 86 0 425 1860 1861 426
1496 3 3 8 86 0 426 1861 1862 427
1497 3 3 8 86 0 427 1862 1863 428
1498 3 3 8 86 0 428 1863 1864 429
1499 3 3 8 86 0 429 1864 1865 430
1500 3 3 8 86 0 430 1865 394 20
1501 3 3 8 86 0 310 311 1866 1855
1502 3 3 8 86 0 1855 1866 1867 1856
1503 3 3 8 86 0 1856 1867 1868 1857
1504 3 3 8 86 0 1857 1868 1869 1858
1505 3 3 8 86 0 1858 1869 1870 1859
1506 3 3 8 86 0 1859 1870 1871 1860
1507 3 3 8 86 0 1860 1871 1872 1861
1508 3 3 8 86 0 1861 1872 1873 1862
1509 3 3 8 86 0 1862 1873 1874 1863
1510 3 3 8 86 0 1863 1874 1875 1864
1511 3 3 8 86 0 1864 1875 1876 1865
1512 3 3 8 86 0 1865 1876 395 394
1513 3 3 8 86 0 311 312 1877 1866
1514 3 3 8 86 0 1866 1877 1878 1867
1515 3 3 8 86 0 1867 1878 1879 1868
1516 3 3 8 86 0 1868 1879 1880 1869
1517 3 3 8 86 0 1869 1880 1881 1870
1518 3 3 8 86 0 1870 1881 1882 1871
1519 3 3 8 86 0 1871 1882 1883 1872
1520 3 3 8 86 0 1872 1883 1884 1873
1521 3 3 8 86 0 1873 1884 1885 1874
1522 3 3 8 86 0 1874 1885 1886 1875
1523 3 3 8 86 0 1875 1886 1887 1876
1524 3 3 8 86 0 1876 1887 396 395
1525 3 3 8 86 0 312 15 431 1877
1526 3 3 8 86 0 1877 431 432 1878
1527 3 3 8 86 0 1878 432 433 1879
1528 3 3 8 86 0 1879 433 434 1880
1529 3 3 8 86 0 1880 434 435 1881
1530 3 3 8 86 0 1881 435 436 1882
1531 3 3 8 86 0 1882 436 437 1883
1532 3 3 8 86 0 1883 437 438 1884
1533 3 3 8 86 0 1884 438 439 1885
1534 3 3 8 86 0 1885 439 440 1886
1535 3 3 8 86 0 1886 440 441 1887
1536 3 3 8 86 0 1887 441 21 396
1537 3 3 8 90 0 15 313 1888 431
1538 3 3 8 90 0 431 1888 1889 432
1539 3 3 8 90 0 432 1889 1890 433
1540 3 3 8 90 0 433 1890 1891 434
1541 3 3 8 90 0 434 1891 1892 435
1542 3 3 8 90 0 435 1892 1893 436
1543 3 3 8 90 0 436 1893 1894 437
1544 3 3 8 90 0 437 1894 1895 438
1545 3 3 8 90 0 438 1895 1896 439
1546 3 3 8 90 0 439 1896 1897 440
1547 3 3 8 90 0 440 1897 1898 441
1548 3 3 8 90 0 441 1898 397 21
1549 3 3 8 90 0 313 314 1899 1888
1550 3 3 8 90 0 1888 1899 1900 1889
1551 3 3 8 90 0 1889 1900 1901 1890
1552 3 3 8 90 0 1890 1901 1902 1891
1553 3 3 8 90 0 1891 1902 1903 1892
1554 3 3 8 90 0 1892 1903 1904 1893
1555 3 3 8 90 0 1893 1904 1905 1894
1556 3 3 8 90 0 1894 1905 1906 1895
1557 3 3 8 90 0 1895 1906 1907 1896
1558 3 3 8 90 0 1896 1907 1908 1897
1559 3 3 8 90 0 1897 1908 1909 1898
1560 3 3 8 90 0 1898 1909 398 397
1561 3 3 8 90 0 314 315 1910 1899
1562 3 3 8 90 0 1899 1910 1911 1900
1563 3 3 8 90 0 1900 1911 1912 1901
1564 3 3 8 90 0 1901 1912 1913 1902
1565 3 3 8 90 0 1902 1913 1914 1903
1566 3 3 8 90 0 1903 1914 1915 1904
1567 3 3 8 90 0 1904 1915 1916 1905
1568 3 3 8 90 0 1905 1916 1917 1906
1569 3 3 8 90 0 1906 1917 1918 1907
1570 3 3 8 90 0 1907 1918 1919 1908
1571 3 3 8 90 0 1908 1919 1920 1909
1572 3 3 8 90 0 1909 1920 399 398
1573 3 3 8 90 0 315 16 442 1910
1574 3 3 8 90 0 1910 442 443 1911
1575 3 3 8 90 0 1911 443 444 1912
1576 3 3 8 90 0 1912 444 445 1913
1577 3 3 8 90 0 1913 445 446 1914
1578 3 3 8 90 0 1914 446 447 1915
1579 3 3 8 90 0 1915 447 448 1916
1580 3 3 8 90 0 1916 448 449 1917
1581 3 3 8 90 0 1917 449 450 1918
1582 3 3 8 90 0 1918 450 451 1919
1583 3 3 8 90 0 1919 451 452 1920
1584 3 3 8 90 0 1920 452 22 399
1585 3 3 8 94 0 16 316 1921 442
1586 3 3 8 94 0 442 1921 1922 443
1587 3 3 8 94 0 443 1922 1923 444
1588 3 3 8 94 0 444 1923 1924 445
1589 3 3 8 94 0 445 1924 1925 446
1590 3 3 8 94 0 446 1925 1926 447
1591 3 3 8 94 0 447 1926 1927 448
1592 3 3 8 94 0 448 1927 1928 449
1593 3 3 8 94 0 449 1928 1929 450
1594 3 3 8 94 0 450 1929 1930 451
1595 3 3 8 94 0 451 1930 1931 452
1596 3 3 8 94 0 452 1931 400 22
1597 3 3 8 94 0 316 317 1932 1921
1598 3 3 8 94 0 1921 1932 1933 1922
1599 3 3 8 94 0 1922 1933 1934 1923
1600 3 3 8 94 0 1923 1934 1935 1924
1601 3 3 8 94 0 1924 1935 1936 1925
1602 3 3 8 94 0 1925 1936 1937 1926
1603 3 3 8 94 0 1926 1937 1938 1927
1604 3 3 8 94 0 1927 1938 1939 1928
1605 3 3 8 94 0 1928 1939 1940 1929
1606 3 3 8 94 0 1929 1940 1941 1930
1607 3 3 8 94 0 1930 1941 1942 1931
1608 3 3 8 94 0 1931 1942 401 400
1609 3 3 8 94 0 317 318 1943 1932
1610 3 3 8 94 0 1932 1943 1944 1933
1611 3 3 8 94 0 1933 1944 1945 1934
1612 3 3 8 94 0 1934 1945 1946 1935
1613 3 3 8 94 0 1935 1946 1947 1936
1614 3 3 8 94 0 1936 1947 1948 1937
1615 3 3 8 94 0 1937 1948 1949 1938
1616 3 3 8 94 0 1938 1949 1950 1939
1617 3 3 8 94 0 1939 1950 1951 1940
1618 3 3 8 94 0 1940 1951 1952 1941
1619 3 3 8 94 0 1941 1952 1953 1942
1620 3 3 8 94 0 1942 1953 402 401
1621 3 3 8 94 0 318 17 453 1943
1622 3 3 8 94 0 1943 453 454 1944
1623 3 3 8 94 0 1944 454 455 1945
1624 3 3 8 94 0 1945 455 456 1946
1625 3 3 8 94 0 1946 456 457 1947
1626 3 3 8 94 0 1947 457 458 1948
1627 3 3 8 94 0 1948 458 459 1949
1628 3 3 8 94 0 1949 459 460 1950
1629 3 3 8 94 0 1950 460 461 1951
1630 3 3 8 94 0 1951 461 462 1952
1631 3 3 8 94 0 1952 462 463 1953
1632 3 3 8 94 0 1953 463 23 402
1633 3 3 8 98 0 17 319 1954 453
1634 3 3 8 98 0 453 1954 1955 454
1635 3 3 8 98 0 454 1955 1956 455
1636 3 3 8 98 0 455 1956 1957 456
1637 3 3 8 98 0 456 1957 1958 457
1638 3 3 8 98 0 457 1958 1959 458
1639 3 3 8 98 0 458 1959 1960 459
1640 3 3 8 98 0 459 1960 1961 460
1641 3 3 8 98 0 460 1961 1962 461
1642 3 3 8 98 0 461 1962 1963 462
1643 3 3 8 98 0 462 1963 1964 463
1644 3 3 8 98 0 463 1964 403 23
1645 3 3 8 98 0 319 320 1965 1954
1646 3 3 8 98 0 1954 1965 1966 1955
1647 3 3 8 98 0 1955 1966 1967 1956
1648 3 3 8 98 0 1956 1967 1968 1957
1649 3 3 8 98 0 1957 1968 1969 1958
1650 3 3 8 98 0 1958 1969 1970 1959
1651 3 3 8 98 0 1959 1970 1971 1960
1652 3 3 8 98 0 1960 1971 1972 1961
1653 3 3 8 98 0 1961 1972 1973 1962
1654 3 3 8 98 0 1962 1973 1974 1963
1655 3 3 8 98 0 1963 1974 1975 1964
1656 3 3 8 98 0 1964 1975 404 403
1657 3 3 8 98 0 320 321 1976 1965
1658 3 3 8 98 0 1965 1976 1977 1966
1659 3 3 8 98 0 1966 1977 1978 1967
1660 3 3 8 98 0 1967 1978 1979 1968
1661 3 3 8 98 0 1968 1979 1980 1969
1662 3 3 8 98 0 1969 1980 1981 1970
1663 3 3 8 98 0 1970 1981 1982 1971
1664 3 3 8 98 0 1971 1982 1983 1972
1665 3 3 8 98 0 1972 1983 1984 1973
1666 3 3 8 98 0 1973 1984 1985 1974
1667 3 3 8 98 0 1974 1985 1986 1975
1668 3 3 8 98 0 1975 1986 405 404
1669 3 3 8 98 0 321 18 464 1976
1670 3 3 8 98 0 1976 464 465 1977
1671 3 3 8 98 0 1977 465 466 1978
1672 3 3 8 98 0 1978 466 467 1979
1673 3 3 8 98 0 1979 467 468 1980
1674 3 3 8 98 0 1980 468 469 1981
1675 3 3 8 98 0 1981 469 470 1982
1676 3 3 8 98 0 1982 470 471 1983
1677 3 3 8 98 0 1983 471 472 1984
1678 3 3 8 98 0 1984 472 473 1985
1679 3 3 8 98 0 1985 473 474 1986
1680 3 3 8 98 0 1986 474 24 405
1681 3 3 8 102 0 18 322 1987 464
1682 3 3 8 102 0 464 1987 1988 465
1683 3 3 8 102 0 465 1988 1989 466
1684 3 3 8 102 0 466 1989 1990 467
1685 3 3 8 102 0 467 1990 1991 468
1686 3 3 8 102 0 468 1991 1992 469
1687 3 3 8 102 0 469 1992 1993 470
1688 3 3 8 102 0 470 1993 1994 471
1689 3 3 8 102 0 471 1994 1995 472
1690 3 3 8 102 0 472 1995 1996 473
1691 3 3 8 102 0 473 1996 1997 474
1692 3 3 8 102 0 474 1997 406 24
1693 3 3 8 102 0 322 323 1998 1987
1694 3 3 8 102 0 1987 1998 1999 1988
1695 3 3 8 102 0 1988 1999 2000 1989
1696 3 3 8 102 0 1989 2000 2001 1990
1697 3 3 8 102 0 1990 2001 2002 1991
1698 3 3 8 102 0 1991 2002 2003 1992
1699 3 3 8 102 0 1992 2003 2004 1993
1700 3 3 8 102 0 1993 2004 2005 1994
1701 3 3 8 102 0 1994 2005 2006 1995
1702 3 3 8 102 0 1995 2006 2007 1996
1703 3 3 8 102 0 1996 2007 2008 1997
1704 3 3 8 102 0 1997 2008 407 406
1705 3 3 8 102 0 323 324 2009 1998
1706 3 3 8 102 0 1998 2009 2010 1999
1707 3 3 8 102 0 1999 2010 2011 2000
1708 3 3 8 102 0 2000 2011 2012 2001
1709 3 3 8 102 0 2001 2012 2013 2002
1710 3 3 8 102 0 2002 2013 2014 2003
1711 3 3 8 102 0 2003 2014 2015 2004
1712 3 3 8 102 0 2004 2015 2016 2005
1713 3 3 8 102 0 2005 2016 2017 2006
1714 3 3 8 102 0 2006 2017 2018 2007
1715 3 3 8 102 0 2007 2018 2019 2008
1716 3 3 8 102 0 2008 2019 408 407
1717 3 3 8 102 0 324 13 409 2009
1718 3 3 8 102 0 2009 409 410 2010
1719 3 3 8 102 0 2010 410 411 2011
1720 3 3 8 102 0 2011 411 412 2012
1721 3 3 8 102 0 2012 412 413 2013
1722 3 3 8 102 0 2013 413 414 2014
1723 3 3 8 102 0 2014 414 415 2015
1724 3 3 8 102 0 2015 415 416 2016
1725 3 3 8 102 0 2016 416 417 2017
1726 3 3 8 102 0 2017 417 418 2018
1727 3 3 8 102 0 2018 418 419 2019
1728 3 3 8 102 0 2019 419 19 408
1729 3 3 9 114 0 19 391 2057 493
1730 3 3 9 114 0 493 2057 2058 494
1731 3 3 9 114 0 494 2058 2059 495
1732 3 3 9 114 0 495 2059 2060 496
1733 3 3 9 114 0 496 2060 2061 497
1734 3 3 9 114 0 497 2061 2062 498
1735 3 3 9 114 0 498 2062 2063 499
1736 3 3 9 114 0 499 2063 2064 500
1737 3 3 9 114 0 500 2064 2065 501
1738 3 3 9 114 0 501 2065 2066 502
1739 3 3 9 114 0 502 2066 2067 503
1740 3 3 9 114 0 503 2067 475 25
1741 3 3 9 114 0 391 392 2068 2057
1742 3 3 9 114 0 2057 2068 2069 2058
1743 3 3 9 114 0 2058 2069 2070 2059
1744 3 3 9 114 0 2059 2070 2071 2060
1745 3 3 9 114 0 2060 2071 2072 2061
1746 3 3 9 114 0 2061 2072 2073 2062
1747 3 3 9 114 0 2062 2073 2074 2063
1748 3 3 9 114 0 2063 2074 2075 2064
1749 3 3 9 114 0 2064 2075 2076 2065
1750 3 3 9 114 0 2065 2076 2077 2066
1751 3 3 9 114 0 2066 2077 2078 2067
1752 3 3 9 114 0 2067 2078 476 475
1753 3 3 9 114 0 392 393 2079 2068
1754 3 3 9 114 0 2068 2079 2080 2069
1755 3 3 9 114 0 2069 2080 2081 2070
1756 3 3 9 114 0 2070 2081 2082 2071
1757 3 3 9 114 0 2071 2082 2083 2072
1758 3 3 9 114 0 2072 2083 2084 2073
1759 3 3 9 114 0 2073 2084 2085 2074
1760 3 3 9 114 0 2074 2085 2086 2075
1761 3 3 9 114 0 2075 2086 2087 2076
1762 3 3 9 114 0 2076 2087 2088 2077
1763 3 3 9 114 0 2077 2088 2089 2078
1764 3 3 9 114 0 2078 2089 477 476
1765 3 3 9 114 0 393 20 504 2079
1766 3 3 9 114 0 2079 504 505 2080
1767 3 3 9 114 0 2080 505 506 2081
1768 3 3 9 114 0 2081 506 507 2082
1769 3 3 9 114 0 2082 507 508 2083
1770 3 3 9 114 0 2083 508 509 2084
1771 3 3 9 114 0 2084 509 510 2085
1772 3 3 9 114 0 2085 510 511 2086
1773 3 3 9 114 0 2086 511 512 2087
1774 3 3 9 114 0 2087 512 513 2088
1775 3 3 9 114 0 2088 513 514 2089
1776 3 3 9 114 0 2089 514 26 477
1777 3 3 9 118 0 20 394 2090 504
1778 3 3 9 118 0 504 2090 2091 505
1779 3 3 9 118 0 505 2091 2092 506
1780 3 3 9 118 0 506 2092 2093 507
1781 3 3 9 118 0 507 2093 2094 508
1782 3 3 9 118 0 508 2094 2095 509
1783 3 3 9 118 0 509 2095 2096 510
1784 3 3 9 118 0 510 2096 2097 511
1785 3 3 9 118 0 511 2097 2098 512
1786 3 3 9 118 0 512 2098 2099 513
1787 3 3 9 118 0 513 2099 2100 514
1788 3 3 9 118 0 514 2100 478 26
1789 3 3 9 118 0 394 395 2101 2090
1790 3 3 9 118 0 2090 2101 2102 2091
1791 3 3 9 118 0 2091 2102 2103 2092
1792 3 3 9 118 0 2092 2103 2104 2093
1793 3 3 9 118 0 2093 2104 2105 2094
1794 3 3 9 118 0 2094 2105 2106 2095
1795 3 3 9 118 0 2095 2106 2107 2096
1796 3 3 9 118 0 2096 2107 2108 2097
1797 3 3 9 118 0 2097 2108 2109 2098
1798 3 3 9 118 0 2098 2109 2110 2099
1799 3 3 9 118 0 2099 2110 2111 2100
1800 3 3 9 118 0 2100 2111 479 478
1801 3 3 9 118 0 395 396 2112 2101
1802 3 3 9 118 0 2101 2112 2113 2102
1803 3 3 9 118 0 2102 2113 2114 2103
1804 3 3 9 118 0 2103 2114 2115 2104
1805 3 3 9 118 0 2104 2115 2116 2105
1806 3 3 9 118 0 2105 2116 2117 2106
1807 3 3 9 118 0 2106 2117 2118 2107
1808 3 3 9 118 0 2107 2118 2119 2108
1809 3 3 9 118 0 2108 2119 2120 2109
1810 3 3 9 118 0 2109 2120 2121 2110
1811 3 3 9 118 0 2110 2121 2122 2111
1812 3 3 9 118 0 2111 2122 480 479
1813 3 3 9 118 0 396 21 515 2112
1814 3 3 9 118 0 2112 515 516 2113
1815 3 3 9 118 0 2113 516 517 2114
1816 3 3 9 118 0 2114 517 518 2115
1817 3 3 9 118 0 2115 518 519 2116
1818 3 3 9 118 0 2116 519 520 2117
1819 3 3 9 118 0 2117 520 521 2118
1820 3 3 9 118 0 2118 521 522 2119
1821 3 3 9 118 0 2119 522 523 2120
1822 3 3 9 118 0 2120 523 524 2121
1823 3 3 9 118 0 2121 524 525 2122
1824 3 3 9 118 0 2122 525 27 480
1825 3 3 9 122 0 21 397 2123 515
1826 3 3 9 122 0 515 2123 2124 516
1827 3 3 9 122 0 516 2124 2125 517
1828 3 3 9 122 0 517 2125 2126 518
1829 3 3 9 122 0 518 2126 2127 519
1830 3 3 9 122 0 519 2127 2128 520
1831 3 3 9 122 0 520 2128 2129 521
1832 3 3 9 122 0 521 2129 2130 522
1833 3 3 9 122 0 522 2130 2131 523
1834 3 3 9 122 0 523 2131 2132 524
1835 3 3 9 122 0 524 2132 2133 525
1836 3 3 9 122 0 525 2133 481 27
1837 3 3 9 122 0 397 398 2134 2123
1838 3 3 9 122 0 2123 2134 2135 2124
1839 3 3 9 122 0 2124 2135 2136 2125
1840 3 3 9 122 0 2125 2136 2137 2126
1841 3 3 9 122 0 2126 2137 2138 2127
1842 3 3 9 122 0 2127 2138 2139 2128
1843 3 3 9 122 0 2128 2139 2140 2129
1844 3 3 9 122 0 2129 2140 2141 2130
1845 3 3 9 122 0 2130 2141 2142 2131
1846 3 3 9 122 0 2131 2142 2143 2132
1847 3 3 9 122 0 2132 2143 2144 2133
1848 3 3 9 122 0 2133 2144 482 481
1849 3 3 9 122 0 398 399 2145 2134
1850 3 3 9 122 0 2134 2145 2146 2135
1851 3 3 9 122 0 2135 2146 2147 2136
1852 3 3 9 122 0 2136 2147 2148 2137
1853 3 3 9 122 0 2137 2148 2149 2138
1854 3 3 9 122 0 2138 2149 2150 2139
1855 3 3 9 122 0 2139 2150 2151 2140
1856 3 3 9 122 0 2140 2151 2152 2141
1857 3 3 9 122 0 2141 2152 2153 2142
1858 3 3 9 122 0 2142 2153 2154 2143
1859 3 3 9 122 0 2143 2154 2155 2144
1860 3 3 9 122 0 2144 2155 483 482
1861 3 3 9 122 0 399 22 526 2145
1862 3 3 9 122 0 2145 526 527 2146
1863 3 3 9 122 0 2146 527 528 2147
1864 3 3 9 122 0 2147 528 529 2148
1865 3 3 9 122 0 2148 529 530 2149
1866 3 3 9 122 0 2149 530 531 2150
1867 3 3 9 122 0 2150 531 532 2151
1868 3 3 9 122 0 2151 532 533 2152
1869 3 3 9 122 0 2152 533 534 2153
1870 3 3 9 122 0 2153 534 535 2154
1871 3 3 9 122 0 2154 535 536 2155
1872 3 3 9 122 0 2155 536 28 483
1873 3 3 9 126 0 22 400 2156 526
1874 3 3 9 126 0 526 2156 2157 527
1875 3 3 9 126 0 527 2157 2158 528
1876 3 3 9 126 0 528 2158 2159 529
1877 3 3 9 126 0 529 2159 2160 530
1878 3 3 9 126 0 530 2160 2161 531
1879 3 3 9 126 0 531 2161 2162 532
1880 3 3 9 126 0 532 2162 2163 533
1881 3 3 9 126 0 533 2163 2164 534
1882 3 3 9 126 0 534 2164 2165 535
1883 3 3 9 126 0 535 2165 2166 536
1884 3 3 9 126 0 536 2166 484 28
1885 3 3 9 126 0 400 401 2167 2156
1886 3 3 9 126 0 2156 2167 2168 2157
1887 3 3 9 126 0 2157 2168 2169 2158
1888 3 3 9 126 0 2158 2169 2170 2159
1889 3 3 9 126 0 2159 2170 2171 2160
1890 3 3 9 126 0 2160 2171 2172 2161
1891 3 3 9 126 0 2161 2172 2173 2162
1892 3 3 9 126 0 2162 2173 2174 2163
1893 3 3 9 126 0 2163 2174 2175 2164
1894 3 3 9 126 0 2164 2175 2176 2165
1895 3 3 9 126 0 2165 2176 2177 2166
1896 3 3 9 126 0 2166 2177 485 484
1897 3 3 9 126 0 401 402 2178 2167
1898 3 3 9 126 0 2167 2178 2179 2168
1899 3 3 9 126 0 2168 2179 2180 2169
1900 3 3 9 126 0 2169 2180 2181 2170
1901 3 3 9 126 0 2170 2181 2182 2171
1902 3 3 9 126 0 2171 2182 2183 2172
1903 3 3 9 126 0 2172 2183 2184 2173
1904 3 3 9 126 0 2173 2184 2185 2174
1905 3 3 9 126 0 2174 2185 2186 2175
1906 3 3 9 126 0 2175 2186 2187 2176
1907 3 3 9 126 0 2176 2187 2188 2177
1908 3 3 9 126 0 2177 2188 486 485
1909 3 3 9 126 0 402 23 537 2178
1910 3 3 9 126 0 2178 537 538 2179
1911 3 3 9 126 0 2179 538 539 2180
1912 3 3 9 126 0 2180 539 540 2181
1913 3 3 9 126 0 2181 540 541 2182
1914 3 3 9 126 0 2182 541 542 2183
1915 3 3 9 126 0 2183 542 543 2184
1916 3 3 9 126 0 2184 543 544 2185
1917 3 3 9 126 0 2185 544 545 2186
1918 3 3 9 126 0 2186 545 546 2187
1919 3 3 9 126 0 2187 546 547 2188
1920 3 3 9 126 0 2188 547 29 486
1921 3 3 9 130 0 23 403 2189 537
1922 3 3 9 130 0 537 2189 2190 538
1923 3 3 9 130 0 538 2190 2191 539
1924 3 3 9 130 0 539 2191 2192 540
1925 3 3 9 130 0 540 2192 2193 541
1926 3 3 9 130 0 541 2193 2194 542
1927 3 3 9 130 0 542 2194 2195 543
1928 3 3 9 130 0 543 2195 2196 544
1929 3 3 9 130 0 544 2196 2197 545
1930 3 3 9 130 0 545 2197 2198 546
1931 3 3 9 130 0 546 2198 2199 547
1932 3 3 9 130 0 547 2199 487 29
1933 3 3 9 130 0 403 404 2200 2189
1934 3 3 9 130 0 2189 2200 2201 2190
1935 3 3 9 130 0 2190 2201 2202 2191
1936 3 3 9 130 0 2191 2202 2203 2192
1937 3 3 9 130 0 2192 2203 2204 2193
1938 3 3 9 130 0 2193 2204 2205 2194
1939 3 3 9 130 0 2194 2205 2206 2195
1940 3 3 9 130 0 2195 2206 2207 2196
1941 3 3 9 130 0 2196 2207 2208 2197
1942 3 3 9 130 0 2197 2208 2209 2198
1943 3 3 9 130 0 2198 2209 2210 2199
1944 3 3 9 130 0 2199 2210 488 487
1945 3 3 9 130 0 404 405 2211 2200
1946 3 3 9 130 0 2200 2211 2212 2201
1947 3 3 9 130 0 2201 2212 2213 2202
1948 3 3 9 130 0 2202 2213 2214 2203
1949 3 3 9 130 0 2203 2214 2215 2204
1950 3 3 9 130 0 2204 2215 2216 2205
1951 3 3 9 130 0 2205 2216 2217 2206
1952 3 3 9 130 0 2206 2217 2218 2207
1953 3 3 9 130 0 2207 2218 2219 2208
1954 3 3 9 130 0 2208 2219 2220 2209
1955 3 3 9 130 0 2209 2220 2221 2210
1956 3 3 9 130 0 2210 2221 489 488
1957 3 3 9 130 0 405 24 548 2211
1958 3 3 9 130 0 2211 548 549 2212
1959 3 3 9 130 0 2212 549 550 2213
1960 3 3 9 130 0 2213 550 551 2214
1961 3 3 9 130 0 2214 551 552 2215
1962 3 3 9 130 0 2215 552 553 2216
1963 3 3 9 130 0 2216 553 554 2217
1964 3 3 9 130 0 2217 554 555 2218
1965 3 3 9 130 0 2218 555 556 2219
1966 3 3 9 130 0 2219 556 557 2220
1967 3 3 9 130 0 2220 557 558 2221
1968 3 3 9 130 0 2221 558 30 489
1969 3 3 9 134 0 24 406 2222 548
1970 3 3 9 134 0 548 2222 2223 549
1971 3 3 9 134 0 549 2223 2224 550
1972 3 3 9 134 0 550 2224 2225 551
1973 3 3 9 134 0 551 2225 2226 552
1974 3 3 9 134 0 552 2226 2227 553
1975 3 3 9 134 0 553 2227 2228 554
1976 3 3 9 134 0 554 2228 2229 555
1977 3 3 9 134 0 555 2229 2230 556
1978 3 3 9 134 0 556 2230 2231 557
1979 3 3 9 134 0 557 2231 2232 558
1980 3 3 9 134 0 558 2232 490 30
1981 3 3 9 134 0 406 407 2233 2222
1982 3 3 9 134 0 2222 2233 2234 2223
1983 3 3 9 134 0 2223 2234 2235 2224
1984 3 3 9 134 0 2224 2235 2236 2225
1985 3 3 9 134 0 2225 2236 2237 2226
1986 3 3 9 134 0 2226 2237 2238 2227
1987 3 3 9 134 0 2227 2238 2239 2228
1988 3 3 9 134 0 2228 2239 2240 2229
1989 3 3 9 134 0 2229 2240 2241 2230
1990 3 3 9 134 0 2230 2241 2242 2231
1991 3 3 9 134 0 2231 2242 2243 2232
1992 3 3 9 134 0 2232 2243 491 490
1993 3 3 9 134 0 407 408 2244 2233
1994 3 3 9 134 0 2233 2244 2245 2234
1995 3 3 9 134 0 2234 2245 2246 2235
1996 3 3 9 134 0 2235 2246 2247 2236
1997 3 3 9 134 0 2236 2247 2248 2237
1998 3 3 9 134 0 2237 2248 2249 2238
1999 3 3 9 134 0 2238 2249 2250 2239
2000 3 3 9 134 0 2239 2250 2251 2240
2001 3 3 9 134 0 2240 2251 2252 2241
2002 3 3 9 134 0 2241 2252 2253 2242
2003 3 3 9 134 0 2242 2253 2254 2243
2004 3 3 9 134 0 2243 2254 492 491
2005 3 3 9 134 0 408 19 493 2244
2006 3 3 9 134 0 2244 493 494 2245
2007 3 3 9 134 0 2245 494 495 2246
2008 3 3 9 134 0 2246 495 496 2247
2009 3 3 9 134 0 2247 496 497 2248
2010 3 3 9 134 0 2248 497 498 2249
2011 3 3 9 134 0 2249 498 499 2250
2012 3 3 9 134 0 2250 499 500 2251
2013 3 3 9 134 0 2251 500 501 2252
2014 3 3 9 134 0 2252 501 502 2253
2015 3 3 9 134 0 2253 502 503 2254
2016 3 3 9 134 0 2254 503 25 492
2017 3 3 9 146 0 25 475 2292 577
2018 3 3 9 146 0 577 2292 2293 578
2019 3 3 9 146 0 578 2293 2294 579
2020 3 3 9 146 0 579 2294 2295 580
2021 3 3 9 146 0 580 2295 2296 581
2022 3 3 9 146 0 581 2296 2297 582
2023 3 3 9 146 0 582 2297 2298 583
2024 3 3 9 146 0 583 2298 2299 584
2025 3 3 9 146 0 584 2299 2300 585
2026 3 3 9 146 0 585 2300 2301 586
2027 3 3 9 146 0 586 2301 2302 587
2028 3 3 9 146 0 587 2302 2303 588
2029 3 3 9 146 0 588 2303 2304 589
2030 3 3 9 146 0 589 2304 2305 590
2031 3 3 9 146 0 590 2305 2306 591
2032 3 3 9 146 0 591 2306 2307 592
2033 3 3 9 146 0 592 2307 2308 593
2034 3 3 9 146 0 593 2308 2309 594
2035 3 3 9 146 0 594 2309 2310 595
2036 3 3 9 146 0 595 2310 2311 596
2037 3 3 9 146 0 596 2311 2312 597
2038 3 3 9 146 0 597 2312 2313 598
2039 3 3 9 146 0 598 2313 2314 599
2040 3 3 9 146 0 599 2314 2315 600
2041 3 3 9 146 0 600 2315 2316 601
2042 3 3 9 146 0 601 2316 2317 602
2043 3 3 9 146 0 602 2317 2318 603
2044 3 3 9 146 0 603 2318 2319 604
2045 3 3 9 146 0 604 2319 2320 605
2046 3 3 9 146 0 605 2320 2321 606
2047 3 3 9 146 0 606 2321 2322 607
2048 3 3 9 146 0 607 2322 2323 608
2049 3 3 9 146 0 608 2323 2324 609
2050 3 3 9 146 0 609 2324 2325 610
2051 3 3 9 146 0 610 2325 2326 611
2052 3 3 9 146 0 611 2326 2327 612
2053 3 3 9 146 0 612 2327 2328 613
2054 3 3 9 146 0 613 2328 2329 614
2055 3 3 9 146 0 614 2329 2330 615
2056 3 3 9 146 0 615 2330 559 31
2057 3 3 9 146 0 475 476 2331 2292
2058 3 3 9 146 0 2292 2331 2332 2293
2059 3 3 9 146 0 2293 2332 2333 2294
2060 3 3 9 146 0 2294 2333 2334 2295
2061 3 3 9 146 0 2295 2334 2335 2296
2062 3 3 9 146 0 2296 2335 2336 2297
2063 3 3 9 146 0 2297 2336 2337 2298
2064 3 3 9 146 0 2298 2337 2338 2299
2065 3 3 9 146 0 2299 2338 2339 2300
2066 3 3 9 146 0 2300 2339 2340 2301
2067 3 3 9 146 0 2301 2340 2341 2302
2068 3 3 9 146 0 2302 2341 2342 2303
2069 3 3 9 146 0 2303 2342 2343 2304
2070 3 3 9 146 0 2304 2343 2344 2305
2071 3 3 9 146 0 2305 2344 2345 2306
2072 3 3 9 146 0 2306 2345 2346 2307
2073 3 3 9 146 0 2307 2346 2347 2308
2074 3 3 9 146 0 2308 2347 2348 2309
2075 3 3 9 146 0 2309 2348 2349 2310
2076 3 3 9 146 0 2310 2349 2350 2311
2077 3 3 9 146 0 2311 2350 2351 2312
2078 3 3 9 146 0 2312 2351 2352 2313
2079 3 3 9 146 0 2313 2352 2353 2314
2080 3 3 9 146 0 2314 2353 2354 2315
2081 3 3 9 146 0 2315 2354 2355 2316
2082 3 3 9 146 0 2316 2355 2356 2317
2083 3 3 9 146 0 2317 2356 2357 2318
2084 3 3 9 146 0 2318 2357 2358 2319
2085 3 3 9 146 0 2319 2358 2359 2320
2086 3 3 9 146 0 2320 2359 2360 2321
2087 3 3 9 146 0 2321 2360 2361 2322
2088 3 3 9 146 0 2322 2361 2362 2323
2089 3 3 9 146 0 2323 2362 2363 2324
2090 3 3 9 146 0 2324 2363 2364 2325
2091 3 3 9 146 0 2325 2364 2365 2326
2092 3 3 9 146 0 2326 2365 2366 2327
2093 3 3 9 146 0 2327 2366 2367 2328
2094 3 3 9 146 0 2328 2367 2368 2329
2095 3 3 9 146 0 2329 2368 2369 2330
2096 3 3 9 146 0 2330 2369 560 559
2097 3 3 9 146 0 476 477 2370 2331
2098 3 3 9 146 0 2331 2370 2371 2332
2099 3 3 9 146 0 2332 2371 2372 2333
2100 3 3 9 146 0 2333 2372 2373 2334
2101 3 3 9 146 0 2334 2373 2374 2335
2102 3 3 9 146 0 2335 2374 2375 2336
2103 3 3 9 146 0 2336 2375 2376 2337
2104 3 3 9 146 0 2337 2376 2377 2338
2105 3 3 9 146 0 2338 2377 2378 2339
2106 3 3 9 146 0 2339 2378 2379 2340
2107 3 3 9 146 0 2340 2379 2380 2341
2108 3 3 9 146 0 2341 2380 2381 2342
2109 3 3 9 146 0 2342 2381 2382 2343
2110 3 3 9 146 0 2343 2382 2383 2344
2111 3 3 9 146 0 2344 2383 2384 2345
2112 3 3 9 146 0 2345 2384 2385 2346
2113 3 3 9 146 0 2346 2385 2386 2347
2114 3 3 9 146 0 2347 2386 2387 2348
2115 3 3 9 146 0 2348 2387 2388 2349
2116 3 3 9 146 0 2349 2388 2389 2350
2117 3 3 9 146 0 2350 2389 2390 2351
2118 3 3 9 146 0 2351 2390 2391 2352
2119 3 3 9 146 0 2352 2391 2392 2353
2120 3 3 9 146 0 2353 2392 2393 2354
2121 3 3 9 146 0 2354 2393 2394 2355
2122 3 3 9 146 0 2355 2394 2395 2356
2123 3 3 9 146 0 2356 2395 2396 2357
2124 3 3 9 146 0 2357 2396 2397 2358
2125 3 3 9 146 0 2358 2397 2398 2359
2126 3 3 9 146 0 2359 2398 2399 2360
2127 3 3 9 146 0 2360 2399 2400 2361
2128 3 3 9 146 0 2361 2400 2401 2362
2129 3 3 9 146 0 2362 2401 2402 2363
2130 3 3 9 146 0 2363 2402 2403 2364
2131 3 3 9 146 0 2364 2403 2404 2365
2132 3 3 9 146 0 2365 2404 2405 2366
2133 3 3 9 146 0 2366 2405 2406 2367
2134 3 3 9 146 0 2367 2406 2407 2368
2135 3 3 9 146 0 2368 2407 2408 2369
2136 3 3 9 146 0 2369 2408 561 560
2137 3 3 9 146 0 477 26 616 2370
2138 3 3 9 146 0 2370 616 617 2371
2139 3 3 9 146 0 2371 617 618 2372
2140 3 3 9 146 0 2372 618 619 2373
2141 3 3 9 146 0 2373 619 620 2374
2142 3 3 9 146 0 2374 620 621 2375
2143 3 3 9 146 0 2375 621 622 2376
2144 3 3 9 146 0 2376 622 623 2377
2145 3 3 9 146 0 2377 623 624 2378
2146 3 3 9 146 0 2378 624 625 2379
2147 3 3 9 146 0 2379 625 626 2380
2148 3 3 9 146 0 2380 626 627 2381
2149 3 3 9 146 0 2381 627 628 2382
2150 3 3 9 146 0 2382 628 629 2383
2151 3 3 9 146 0 2383 629 630 2384
2152 3 3 9 146 0 2384 630 631 2385
2153 3 3 9 146 0 2385 631 632 2386
2154 3 3 9 146 0 2386 632 633 2387
2155 3 3 9 146 0 2387 633 634 2388
2156 3 3 9 146 0 2388 634 635 2389
2157 3 3 9 146 0 2389 635 636 2390
2158 3 3 9 146 0 2390 636 637 2391
2159 3 3 9 146 0 2391 637 638 2392
2160 3 3 9 146 0 2392 638 639 2393
2161 3 3 9 146 0 2393 639 640 2394
2162 3 3 9 146 0 2394 640 641 2395
2163 3 3 9 146 0 2395 641 642 2396
2164 3 3 9 146 0 2396 642 643 2397
2165 3 3 9 146 0 2397 643 644 2398
2166 3 3 9 146 0 2398 644 645 2399
2167 3 3 9 146 0 2399 645 646 2400
2168 3 3 9 146 0 2400 646 647 2401
2169 3 3 9 146 0 2401 647 648 2402
2170 3 3 9 146 0 2402 648 649 2403
2171 3 3 9 146 0 2403 649 650 2404
2172 3 3 9 146 0 2404 650 651 2405
2173 3 3 9 146 0 2405 651 652 2406
2174 3 3 9 146 0 2406 652 653 2407
2175 3 3 9 146 0 2407 653 654 2408
2176 3 3 9 146 0 2408 654 32 561
2177 3 3 9 150 0 26 478 2409 616
2178 3 3 9 150 0 616 2409 2410 617
2179 3 3 9 150 0 617 2410 2411 618
2180 3 3 9 150 0 618 2411 2412 619
2181 3 3 9 150 0 619 2412 2413 620
2182 3 3 9 150 0 620 2413 2414 621
2183 3 3 9 150 0 621 2414 2415 622
2184 3 3 9 150 0 622 2415 2416 623
2185 3 3 9 150 0 623 2416 2417 624
2186 3 3 9 150 0 624 2417 2418 625
2187 3 3 9 150 0 625 2418 2419 626
2188 3 3 9 150 0 626 2419 2420 627
2189 3 3 9 150 0 627 2420 2421 628
2190 3 3 9 150 0 628 2421 2422 629
2191 3 3 9 150 0 629 2422 2423 630
2192 3 3 9 150 0 630 2423 2424 631
2193 3 3 9 150 0 631 2424 2425 632
2194 3 3 9 150 0 632 2425 2426 633
2195 3 3 9 150 0 633 2426 2427 634
2196 3 3 9 150 0 634 2427 2428 635
2197 3 3 9 150 0 635 2428 2429 636
2198 3 3 9 150 0 636 2429 2430 637
2199 3 3 9 150 0 637 2430 2431 638
2200 3 3 9 150 0 638 2431 2432 639
2201 3 3 9 150 0 639 2432 2433 640
2202 3 3 9 150 0 640 2433 2434 641
2203 3 3 9 150 0 641 2434 2435 642
2204 3 3 9 150 0 642 2435 2436 643
2205 3 3 9 150 0 643 2436 2437 644
2206 3 3 9 150 0 644 2437 2438 645
2207 3 3 9 150 0 645 2438 2439 646
2208 3 3 9 150 0 646 2439 2440 647
2209 3 3 9 150 0 647 2440 2441 648
2210 3 3 9 150 0 648 2441 2442 649
2211 3 3 9 150 0 649 2442 2443 650
2212 3 3 9 150 0 650 2443 2444 651
2213 3 3 9 150 0 651 2444 2445 652
2214 3 3 9 150 0 652 2445 2446 653
2215 3 3 9 150 0 653 2446 2447 654
2216 3 3 9 150 0 654 2447 562 32
2217 3 3 9 150 0 478 479 2448 2409
2218 3 3 9 150 0 2409 2448 2449 2410
2219 3 3 9 150 0 2410 2449 2450 2411
2220 3 3 9 150 0 2411 2450 2451 2412
2221 3 3 9 150 0 2412 2451 2452 2413
2222 3 3 9 150 0 2413 2452 2453 2414
2223 3 3 9 150 0 2414 2453 2454 2415
2224 3 3 9 150 0 2415 2454 2455 2416
2225 3 3 9 150 0 2416 2455 2456 2417
2226 3 3 9 150 0 2417 2456 2457 2418
2227 3 3 9 150 0 2418 2457 2458 2419
2228 3 3 9 150 0 2419 2458 2459 2420
2229 3 3 9 150 0 2420 2459 2460 2421
2230 3 3 9 150 0 2421 2460 2461 2422
2231 3 3 9 150 0 2422 2461 2462 2423
2232 3 3 9 150 0 2423 2462 2463 2424
2233 3 3 9 150 0 2424 2463 2464 2425
2234 3 3 9 150 0 2425 2464 2465 2426
2235 3 3 9 150 0 2426 2465 2466 2427
2236 3 3 9 150 0 2427 2466 2467 2428
2237 3 3 9 150 0 2428 2467 2468 2429
2238 3 3 9 150 0 2429 2468 2469 2430
2239 3 3 9 150 0 2430 2469 2470 2431
2240 3 3 9 150 0 2431 2470 2471 2432
2241 3 3 9 150 0 2432 2471 2472 2433
2242 3 3 9 150 0 2433 2472 2473 2434
2243 3 3 9 150 0 2434 2473 2474 2435
2244 3 3 9 150 0 2435 2474 2475 2436
2245 3 3 9 150 0 2436 2475 2476 2437
2246 3 3 9 150 0 2437 2476 2477 2438
2247 3 3 9 150 0 2438 2477 2478 2439
2248 3 3 9 150 0 2439 2478 2479 2440
2249 3 3 9 150 0 2440 2479 2480 2441
2250 3 3 9 150 0 2441 2480 2481 2442
2251 3 3 9 150 0 2442 2481 2482 2443
2252 3 3 9 150 0 2443 2482 2483 2444
2253 3 3 9 150 0 2444 2483 2484 2445
2254 3 3 9 150 0 2445 2484 2485 2446
2255 3 3 9 150 0 2446 2485 2486 2447
2256 3 3 9 150 0 2447 2486 563 562
2257 3 3 9 150 0 479 480 2487 2448
2258 3 3 9 150 0 2448 2487 2488 2449
2259 3 3 9 150 0 2449 2488 2489 2450
2260 3 3 9 150 0 2450 2489 2490 2451
2261 3 3 9 150 0 2451 2490 2491 2452
2262 3 3 9 150 0 2452 2491 2492 2453
2263 3 3 9 150 0 2453 2492 2493 2454
2264 3 3 9 150 0 2454 2493 2494 2455
2265 3 3 9 150 0 2455 2494 2495 2456
2266 3 3 9 150 0 2456 2495 2496 2457
2267 3 3 9 150 0 2457 2496 2497 2458
2268 3 3 9 150 0 2458 2497 2498 2459
2269 3 3 9 150 0 2459 2498 2499 2460
2270 3 3 9 150 0 2460 2499 2500 2461
2271 3 3 9 150 0 2461 2500 2501 2462
2272 3 3 9 150 0 2462 2501 2502 2463
2273 3 3 9 150 0 2463 2502 2503 2464
2274 3 3 9 150 0 2464 2503 2504 2465
2275 3 3 9 150 0 2465 2504 2505 2466
2276 3 3 9 150 0 2466 2505 2506 2467
2277 3 3 9 150 0 2467 2506 2507 2468
2278 3 3 9 150 0 2468 2507 2508 2469
2279 3 3 9 150 0 2469 2508 2509 2470
2280 3 3 9 150 0 2470 2509 2510 2471
2281 3 3 9 150 0 2471 2510 2511 2472
2282 3 3 9 150 0 2472 2511 2512 2473
2283 3 3 9 150 0 2473 2512 2513 2474
2284 3 3 9 150 0 2474 2513 2514 2475
2285 3 3 9 150 0 2475 2514 2515 2476
2286 3 3 9 150 0 2476 2515 2516 2477
2287 3 3 9 150 0 2477 2516 2517 2478
2288 3 3 9 150 0 2478 2517 2518 2479
2289 3 3 9 150 0 2479 2518 2519 2480
2290 3 3 9 150 0 2480 2519 2520 2481
2291 3 3 9 150 0 2481 2520 2521 2482
2292 3 3 9 150 0 2482 2521 2522 2483
2293 3 3 9 150 0 2483 2522 2523 2484
2294 3 3 9 150 0 2484 2523 2524 2485
2295 3 3 9 150 0 2485 2524 2525 2486
2296 3 3 9 150 0 2486 2525 564 563
2297 3 3 9 150 0 480 27 655 2487
2298 3 3 9 150 0 2487 655 656 2488
2299 3 3 9 150 0 2488 656 657 2489
2300 3 3 9 150 0 2489 657 658 2490
2301 3 3 9 150 0 2490 658 659 2491
2302 3 3 9 150 0 2491 659 660 2492
2303 3 3 9 150 0 2492 660 661 2493
2304 3 3 9 150 0 2493 661 662 2494
2305 3 3 9 150 0 2494 662 663 2495
2306 3 3 9 150 0 2495 663 664 2496
2307 3 3 9 150 0 2496 664 665 2497
2308 3 3 9 150 0 2497 665 666 2498
2309 3 3 9 150 0 2498 666 667 2499
2310 3 3 9 150 0 2499 667 668 2500
2311 3 3 9 150 0 2500 668 669 2501
2312 3 3 9 150 0 2501 669 670 2502
2313 3 3 9 150 0 2502 670 671 2503
2314 3 3 9 150 0 2503 671 672 2504
2315 3 3 9 150 0 2504 672 673 2505
2316 3 3 9 150 0 2505 673 674 2506
2317 3 3 9 150 0 2506 674 675 2507
2318 3 3 9 150 0 2507 675 676 2508
2319 3 3 9 150 0 2508 676 677 2509
2320 3 3 9 150 0 2509 677 678 2510
2321 3 3 9 150 0 2510 678 679 2511
2322 3 3 9 150 0 2511 679 680 2512
2323 3 3 9 150 0 2512 680 681 2513
2324 3 3 9 150 0 2513 681 682 2514
2325 3 3 9 150 0 2514 682 683 2515
2326 3 3 9 150 0 2515 683 684 2516
2327 3 3 9 150 0 2516 684 685 2517
2328 3 3 9 150 0 2517 685 686 2518
2329 3 3 9 150 0 2518 686 687 2519
2330 3 3 9 150 0 2519 687 688 2520
2331 3 3 9 150 0 2520 688 689 2521
2332 3 3 9 150 0 2521 689 690 2522
2333 3 3 9 150 0 2522 690 691 2523
2334 3 3 9 150 0 2523 691 692 2524
2335 3 3 9 150 0 2524 692 693 2525
2336 3 3 9 150 0 2525 693 33 564
2337 3 3 9 154 0 27 481 2526 655
2338 3 3 9 154 0 655 2526 2527 656
2339 3 3 9 154 0 656 2527 2528 657
2340 3 3 9 154 0 657 2528 2529 658
2341 3 3 9 154 0 658 2529 2530 659
2342 3 3 9 154 0 659 2530 2531 660
2343 3 3 9 154 0 660 2531 2532 661
2344 3 3 9 154 0 661 2532 2533 662
2345 3 3 9 154 0 662 2533 2534 663
2346 3 3 9 154 0 663 2534 2535 664
2347 3 3 9 154 0 664 2535 2536 665
2348 3 3 9 154 0 665 2536 2537 666
2349 3 3 9 154 0 666 2537 2538 667
2350 3 3 9 154 0 667 2538 2539 668
2351 3 3 9 154 0 668 2539 2540 669
2352 3 3 9 154 0 669 2540 2541 670
2353 3 3 9 154 0 670 2541 2542 671
2354 3 3 9 154 0 671 2542 2543 672
2355 3 3 9 154 0 672 2543 2544 673
2356 3 3 9 154 0 673 2544 2545 674
2357 3 3 9 154 0 674 2545 2546 675
2358 3 3 9 154 0 675 2546 2547 676
2359 3 3 9 154 0 676 2547 2548 677
2360 3 3 9 154 0 677 2548 2549 678
2361 3 3 9 154 0 678 2549 2550 679
2362 3 3 9 154 0 679 2550 2551 680
2363 3 3 9 154 0 680 2551 2552 681
2364 3 3 9 154 0 681 2552 2553 682
2365 3 3 9 154 0 682 2553 2554 683
2366 3 3 9 154 0 683 2554 2555 684
2367 3 3 9 154 0 684 2555 2556 685
2368 3 3 9 154 0 685 2556 2557 686
2369 3 3 9 154 0 686 2557 2558 687
2370 3 3 9 154 0 687 2558 2559 688
2371 3 3 9 154 0 688 2559 2560 689
2372 3 3 9 154 0 689 2560 2561 690
2373 3 3 9 154 0 690 2561 2562 691
2374 3 3 9 154 0 691 2562 2563 692
2375 3 3 9 154 0 692 2563 2564 693
2376 3 3 9 154 0 693 2564 565 33
2377 3 3 9 154 0 481 482 2565 2526
2378 3 3 9 154 0 2526 2565 2566 2527
2379 3 3 9 154 0 2527 2566 2567 2528
2380 3 3 9 154 0 2528 2567 2568 2529
2381 3 3 9 154 0 2529 2568 2569 2530
2382 3 3 9 154 0 2530 2569 2570 2531
2383 3 3 9 154 0 2531 2570 2571 2532
2384 3 3 9 154 0 2532 2571 2572 2533
2385 3 3 9 154 0 2533 2572 2573 2534
2386 3 3 9 154 0 2534 2573 2574 2535
2387 3 3 9 154 0 2535 2574 2575 2536
2388 3 3 9 154 0 2536 2575 2576 2537
2389 3 3 9 154 0 2537 2576 2577 2538
2390 3 3 9 154 0 2538 2577 2578 2539
2391 3 3 9 154 0 2539 2578 2579 2540
2392 3 3 9 154 0 2540 2579 2580 2541
2393 3 3 9 154 0 2541 2580 2581 2542
2394 3 3 9 154 0 2542 2581 2582 2543
2395 3 3 9 154 0 2543 2582 2583 2544
2396 3 3 9 154 0 2544 2583 2584 2545
2397 3 3 9 154 0 2545 2584 2585 2546
2398 3 3 9 154 0 2546 2585 2586 2547
2399 3 3 9 154 0 2547 2586 2587 2548
2400 3 3 9 154 0 2548 2587 2588 2549
2401 3 3 9 154 0 2549 2588 2589 2550
2402 3 3 9 154 0 2550 2589 2590 2551
2403 3 3 9 154 0 2551 2590 2591 2552
2404 3 3 9 154 0 2552 2591 2592 2553
2405 3 3 9 154 0 2553 2592 2593 2554
2406 3 3 9 154 0 2554 2593 2594 2555
2407 3 3 9 154 0 2555 2594 2595 2556
2408 3 3 9 154 0 2556 2595 2596 2557
2409 3 3 9 154 0 2557 2596 2597 2558
2410 3 3 9 154 0 2558 2597 2598 2559
2411 3 3 9 154 0 2559 2598 2599 2560
2412 3 3 9 154 0 2560 2599 2600 2561
2413 3 3 9 154 0 2561 2600 2601 2562
2414 3 3 9 154 0 2562 2601 2602 2563
2415 3 3 9 154 0 2563 2602 2603 2564
2416 3 3 9 154 0 2564 2603 566 565
2417 3 3 9 154 0 482 483 2604 2565
2418 3 3 9 154 0 2565 2604 2605 2566
2419 3 3 9 154 0 2566 2605 2606 2567
2420 3 3 9 154 0 2567 2606 2607 2568
2421 3 3 9 154 0 2568 2607 2608 2569
2422 3 3 9 154 0 2569 2608 2609 2570
2423 3 3 9 154 0 2570 2609 2610 2571
2424 3 3 9 154 0 2571 2610 2611 2572
2425 3 3 9 154 0 2572 2611 2612 2573
2426 3 3 9 154 0 2573 2612 2613 2574
2427 3 3 9 154 0 2574 2613 2614 2575
2428 3 3 9 154 0 2575 2614 2615 2576
2429 3 3 9 154 0 2576 2615 2616 2577
2430 3 3 9 154 0 2577 2616 2617 2578
2431 3 3 9 154 0 2578 2617 2618 2579
2432 3 3 9 154 0 2579 2618 2619 2580
2433 3 3 9 154 0 2580 2619 2620 2581
2434 3 3 9 154 0 2581 2620 2621 2582
2435 3 3 9 154 0 2582 2621 2622 2583
2436 3 3 9 154 0 2583 2622 2623 2584
2437 3 3 9 154 0 2584 2623 2624 2585
2438 3 3 9 154 0 2585 2624 2625 2586
2439 3 3 9 154 0 2586 2625 2626 2587
2440 3 3 9 154 0 2587 2626 2627 2588
2441 3 3 9 154 0 2588 2627 2628 2589
2442 3 3 9 154 0 2589 2628 2629 2590
2443 3 3 9 154 0 2590 2629 2630 2591
2444 3 3 9 154 0 2591 2630 2631 2592
2445 3 3 9 154 0 2592 2631 2632 2593
2446 3 3 9 154 0 2593 2632 2633 2594
2447 3 3 9 154 0 2594 2633 2634 2595
2448 3 3 9 154 0 2595 2634 2635 2596
2449 3 3 9 154 0 2596 2635 2636 2597
2450 3 3 9 154 0 2597 2636 2637 2598
2451 3 3 9 154 0 2598 2637 2638 2599
2452 3 3 9 154 0 2599 2638 2639 2600
2453 3 3 9 154 0 2600 2639 2640 2601
2454 3 3 9 154 0 2601 2640 2641 2602
2455 3 3 9 154 0 2602 2641 2642 2603
2456 3 3 9 154 0 2603 2642 567 566
2457 3 3 9 154 0 483 28 694 2604
2458 3 3 9 154 0 2604 694 695 2605
2459 3 3 9 154 0 2605 695 696 2606
2460 3 3 9 154 0 2606 696 697 2607
2461 3 3 9 154 0 2607 697 698 2608
2462 3 3 9 154 0 2608 698 699 2609
2463 3 3 9 154 0 2609 699 700 2610
2464 3 3 9 154 0 2610 700 701 2611
2465 3 3 9 154 0 2611 701 702 2612
2466 3 3 9 154 0 2612 702 703 2613
2467 3 3 9 154 0 2613 703 704 2614
2468 3 3 9 154 0 2614 704 705 2615
2469 3 3 9 154 0 2615 705 706 2616
2470 3 3 9 154 0 2616 706 707 2617
2471 3 3 9 154 0 2617 707 708 2618
2472 3 3 9 154 0 2618 708 709 2619
2473 3 3 9 154 0 2619 709 710 2620
2474 3 3 9 154 0 2620 710 711 2621
2475 3 3 9 154 0 2621 711 712 2622
2476 3 3 9 154 0 2622 712 713 2623
2477 3 3 9 154 0 2623 713 714 2624
2478 3 3 9 154 0 2624 714 715 2625
2479 3 3 9 154 0 2625 715 716 2626
2480 3 3 9 154 0 2626 716 717 2627
2481 3 3 9 154 0 2627 717 718 2628
2482 3 3 9 154 0 2628 718 719 2629
2483 3 3 9 154 0 2629 719 720 2630
2484 3 3 9 154 0 2630 720 721 2631
2485 3 3 9 154 0 2631 721 722 2632
2486 3 3 9 154 0 2632 722 723 2633
2487 3 3 9 154 0 2633 723 724 2634
2488 3 3 9 154 0 2634 724 725 2635
2489 3 3 9 154 0 2635 725 726 2636
2490 3 3 9 154 0 2636 726 727 2637
2491 3 3 9 154 0 2637 727 728 2638
2492 3 3 9 154 0 2638 728 729 2639
2493 3 3 9 154 0 2639 729 730 2640
2494 3 3 9 154 0 2640 730 731 2641
2495 3 3 9 154 0 2641 731 732 2642
2496 3 3 9 154 0 2642 732 34 567
2497 3 3 9 158 0 28 484 2643 694
2498 3 3 9 158 0 694 2643 2644 695
2499 3 3 9 158 0 695 2644 2645 696
2500 3 3 9 158 0 696 2645 2646 697
2501 3 3 9 158 0 697 2646 2647 698
2502 3 3 9 158 0 698 2647 2648 699
2503 3 3 9 158 0 699 2648 2649 700
2504 3 3 9 158 0 700 2649 2650 701
2505 3 3 9 158 0 701 2650 2651 702
2506 3 3 9 158 0 702 2651 2652 703
2507 3 3 9 158 0 703 2652 2653 704
2508 3 3 9 158 0 704 2653 2654 705
2509 3 3 9 158 0 705 2654 2655 706
2510 3 3 9 158 0 706 2655 2656 707
2511 3 3 9 158 0 707 2656 2657 708
2512 3 3 9 158 0 708 2657 2658 709
2513 3 3 9 158 0 709 2658 2659 710
2514 3 3 9 158 0 710 2659 2660 711
2515 3 3 9 158 0 711 2660 2661 712
2516 3 3 9 158 0 712 2661 2662 713
2517 3 3 9 158 0 713 2662 2663 714
2518 3 3 9 158 0 714 2663 2664 715
2519 3 3 9 158 0 715 2664 2665 716
2520 3 3 9 158 0 716 2665 2666 717
2521 3 3 9 158 0 717 2666 2667 718
2522 3 3 9 158 0 718 2667 2668 719
2523 3 3 9 158 0 719 2668 2669 720
2524 3 3 9 158 0 720 2669 2670 721
2525 3 3 9 158 0 721 2670 2671 722
2526 3 3 9 158 0 722 2671 2672 723
2527 3 3 9 158 0 723 2672 2673 724
2528 3 3 9 158 0 724 2673 2674 725
2529 3 3 9 158 0 725 2674 2675 726
2530 3 3 9 158 0 726 2675 2676 727
2531 3 3 9 158 0 727 2676 2677 728
2532 3 3 9 158 0 728 2677 2678 729
2533 3 3 9 158 0 729 2678 2679 730
2534 3 3 9 158 0 730 2679 2680 731
2535 3 3 9 158 0 731 2680 2681 732
2536 3 3 9 158 0 732 2681 568 34
2537 3 3 9 158 0 484 485 2682 2643
2538 3 3 9 158 0 2643 2682 2683 2644
2539 3 3 9 158 0 2644 2683 2684 2645
2540 3 3 9 158 0 2645 2684 2685 2646
2541 3 3 9 158 0 2646 2685 2686 2647
2542 3 3 9 158 0 2647 2686 2687 2648
2543 3 3 9 158 0 2648 2687 2688 2649
2544 3 3 9 158 0 2649 2688 2689 2650
2545 3 3 9 158 0 2650 2689 2690 2651
2546 3 3 9 158 0 2651 2690 2691 2652
2547 3 3 9 158 0 2652 2691 2692 2653
2548 3 3 9 158 0 2653 2692 2693 2654
2549 3 3 9 158 0 2654 2693 2694 2655
2550 3 3 9 158 0 2655 2694 2695 2656
2551 3 3 9 158 0 2656 2695 2696 2657
2552 3 3 9 158 0 2657 2696 2697 2658
2553 3 3 9 158 0 2658 2697 2698 2659
2554 3 3 9 158 0 2659 2698 2699 2660
2555 3 3 9 158 0 2660 2699 2700 2661
2556 3 3 9 158 0 2661 2700 2701 2662
2557 3 3 9 158 0 2662 2701 2702 2663
2558 3 3 9 158 0 2663 2702 2703 2664
2559 3 3 9 158 0 2664 2703 2704 2665
2560 3 3 9 158 0 2665 2704 2705 2666
2561 3 3 9 158 0 2666 2705 2706 2667
2562 3 3 9 158 0 2667 2706 2707 2668
2563 3 3 9 158 0 2668 2707 2708 2669
2564 3 3 9 158 0 2669 2708 2709 2670
2565 3 3 9 158 0 2670 2709 2710 2671
2566 3 3 9 158 0 2671 2710 2711 2672
2567 3 3 9 158 0 2672 2711 2712 2673
2568 3 3 9 158 0 2673 2712 2713 2674
2569 3 3 9 158 0 2674 2713 2714 2675
2570 3 3 9 158 0 2675 2714 2715 2676
2571 3 3 9 158 0 2676 2715 2716 2677
2572 3 3 9 158 0 2677 2716 2717 2678
2573 3 3 9 158 0 2678 2717 2718 2679
2574 3 3 9 158 0 2679 2718 2719 2680
2575 3 3 9 158 0 2680 2719 2720 2681
2576 3 3 9 158 0 2681 2720 569 568
2577 3 3 9 158 0 485 486 2721 2682
2578 3 3 9 158 0 2682 2721 2722 2683
2579 3 3 9 158 0 2683 2722 2723 2684
2580 3 3 9 158 0 2684 2723 2724 2685
2581 3 3 9 158 0 2685 2724 2725 2686
2582 3 3 9 158 0 2686 2725 2726 2687
2583 3 3 9 158 0 2687 2726 2727 2688
2584 3 3 9 158 0 2688 2727 2728 2689
2585 3 3 9 158 0 2689 2728 2729 2690
2586 3 3 9 158 0 2690 2729 2730 2691
2587 3 3 9 158 0 2691 2730 2731 2692
2588 3 3 9 158 0 2692 2731 2732 2693
2589 3 3 9 158 0 2693 2732 2733 2694
2590 3 3 9 158 0 2694 2733 2734 2695
2591 3 3 9 158 0 2695 2734 2735 2696
2592 3 3 9 158 0 2696 2735 2736 2697
2593 3 3 9 158 0 2697 2736 2737 2698
2594 3 3 9 158 0 2698 2737 2738 2699
2595 3 3 9 158 0 2699 2738 2739 2700
2596 3 3 9 158 0 2700 2739 2740 2701
2597 3 3 9 158 0 2701 2740 2741 2702
2598 3 3 9 158 0 2702 2741 2742 2703
2599 3 3 9 158 0 2703 2742 2743 2704
2600 3 3 9 158 0 2704 2743 2744 2705
2601 3 3 9 158 0 2705 2744 2745 2706
2602 3 3 9 158 0 2706 2745 2746 2707
2603 3 3 9 158 0 2707 2746 2747 2708
2604 3 3 9 158 0 2708 2747 2748 2709
2605 3 3 9 158 0 2709 2748 2749 2710
2606 3 3 9 158 0 2710 2749 2750 2711
2607 3 3 9 158 0 2711 2750 2751 2712
2608 3 3 9 158 0 2712 2751 2752 2713
2609 3 3 9 158 0 2713 2752 2753 2714
2610 3 3 9 158 0 2714 2753 2754 2715
2611 3 3 9 158 0 2715 2754 2755 2716
2612 3 3 9 158 0 2716 2755 2756 2717
2613 3 3 9 158 0 2717 2756 2757 2718
2614 3 3 9 158 0 2718 2757 2758 2719
2615 3 3 9 158 0 2719 2758 2759 2720
2616 3 3 9 158 0 2720 2759 570 569
2617 3 3 9 158 0 486 29 733 2721
2618 3 3 9 158 0 2721 733 734 2722
2619 3 3 9 158 0 2722 734 735 2723
2620 3 3 9 158 0 2723 735 736 2724
2621 3 3 9 158 0 2724 736 737 2725
2622 3 3 9 158 0 2725 737 738 2726
2623 3 3 9 158 0 2726 738 739 2727
2624 3 3 9 158 0 2727 739 740 2728
2625 3 3 9 158 0 2728 740 741 2729
2626 3 3 9 158 0 2729 741 742 2730
2627 3 3 9 158 0 2730 742 743 2731
2628 3 3 9 158 0 2731 743 744 2732
2629 3 3 9 158 0 2732 744 745 2733
2630 3 3 9 158 0 2733 745 746 2734
2631 3 3 9 158 0 2734 746 747 2735
2632 3 3 9 158 0 2735 747 748 2736
2633 3 3 9 158 0 2736 748 749 2737
2634 3 3 9 158 0 2737 749 750 2738
2635 3 3 9 158 0 2738 750 751 2739
2636 3 3 9 158 0 2739 751 752 2740
2637 3 3 9 158 0 2740 752 753 2741
2638 3 3 9 158 0 2741 753 754 2742
2639 3 3 9 158 0 2742 754 755 2743
2640 3 3 9 158 0 2743 755 756 2744
2641 3 3 9 158 0 2744 756 757 2745
2642 3 3 9 158 0 2745 757 758 2746
2643 3 3 9 158 0 2746 758 759 2747
2644 3 3 9 158 0 2747 759 760 2748
2645 3 3 9 158 0 2748 760 761 2749
2646 3 3 9 158 0 2749 761 762 2750
2647 3 3 9 158 0 2750 762 763 2751
2648 3 3 9 158 0 2751 763 764 2752
2649 3 3 9 158 0 2752 764 765 2753
2650 3 3 9 158 0 2753 765 766 2754
2651 3 3 9 158 0 2754 766 767 2755
2652 3 3 9 158 0 2755 767 768 2756
2653 3 3 9 158 0 2756 768 769 2757
2654 3 3 9 158 0 2757 769 770 2758
2655 3 3 9 158 0 2758 770 771 2759
2656 3 3 9 158 0 2759 771 35 570
2657 3 3 9 162 0 29 487 2760 733
2658 3 3 9 162 0 733 2760 2761 734
2659 3 3 9 162 0 734 2761 2762 735
2660 3 3 9 162 0 735 2762 2763 736
2661 3 3 9 162 0 736 2763 2764 737
2662 3 3 9 162 0 737 2764 2765 738
2663 3 3 9 162 0 738 2765 2766 739
2664 3 3 9 162 0 739 2766 2767 740
2665 3 3 9 162 0 740 2767 2768 741
2666 3 3 9 162 0 741 2768 2769 742
2667 3 3 9 162 0 742 2769 2770 743
2668 3 3 9 162 0 743 2770 2771 744
2669 3 3 9 162 0 744 2771 2772 745
2670 3 3 9 162 0 745 2772 2773 746
2671 3 3 9 162 0 746 2773 2774 747
2672 3 3 9 162 0 747 2774 2775 748
2673 3 3 9 162 0 748 2775 2776 749
2674 3 3 9 162 0 749 2776 2777 750
2675 3 3 9 162 0 750 2777 2778 751
2676 3 3 9 162 0 751 2778 2779 752
2677 3 3 9 162 0 752 2779 2780 753
2678 3 3 9 162 0 753 2780 2781 754
2679 3 3 9 162 0 754 2781 2782 755
2680 3 3 9 162 0 755 2782 2783 756
2681 3 3 9 162 0 756 2783 2784 757
2682 3 3 9 162 0 757 2784 2785 758
2683 3 3 9 162 0 758 2785 2786 759
2684 3 3 9 162 0 759 2786 2787 760
2685 3 3 9 162 0 760 2787 2788 761
2686 3 3 9 162 0 761 2788 2789 762
2687 3 3 9 162 0 762 2789 2790 763
2688 3 3 9 162 0 763 2790 2791 764
2689 3 3 9 162 0 764 2791 2792 765
2690 3 3 9 162 0 765 2792 2793 766
2691 3 3 9 162 0 766 2793 2794 767
2692 3 3 9 162 0 767 2794 2795 768
2693 3 3 9 162 0 768 2795 2796 769
2694 3 3 9 162 0 769 2796 2797 770
2695 3 3 9 162 0 770 2797 2798 771
2696 3 3 9 162 0 771 2798 571 35
2697 3 3 9 162 0 487 488 2799 2760
2698 3 3 9 162 0 2760 2799 2800 2761
2699 3 3 9 162 0 2761 2800 2801 2762
2700 3 3 9 162 0 2762 2801 2802 2763
2701 3 3 9 162 0 2763 2802 2803 2764
2702 3 3 9 162 0 2764 2803 2804 2765
2703 3 3 9 162 0 2765 2804 2805 2766
2704 3 3 9 162 0 2766 2805 2806 2767
2705 3 3 9 162 0 2767 2806 2807 2768
2706 3 3 9 162 0 2768 2807 2808 2769
2707 3 3 9 162 0 2769 2808 2809 2770
2708 3 3 9 162 0 2770 2809 2810 2771
2709 3 3 9 162 0 2771 2810 2811 2772
2710 3 3 9 162 0 2772 2811 2812 2773
2711 3 3 9 162 0 2773 2812 2813 2774
2712 3 3 9 162 0 2774 2813 2814 2775
2713 3 3 9 162 0 2775 2814 2815 2776
2714 3 3 9 162 0 2776 2815 2816 2777
2715 3 3 9 162 0 2777 2816 2817 2778
2716 3 3 9 162 0 2778 2817 2818 2779
2717 3 3 9 162 0 2779 2818 2819 2780
2718 3 3 9 162 0 2780 2819 2820 2781
2719 3 3 9 162 0 2781 2820 2821 2782
2720 3 3 9 162 0 2782 2821 2822 2783
2721 3 3 9 162 0 2783 2822 2823 2784
2722 3 3 9 162 0 2784 2823 2824 2785
2723 3 3 9 162 0 2785 2824 2825 2786
2724 3 3 9 162 0 2786 2825 2826 2787
2725 3 3 9 162 0 2787 2826 2827 2788
2726 3 3 9 162 0 2788 2827 2828 2789
2727 3 3 9 162 0 2789 2828 2829 2790
2728 3 3 9 162 0 2790 2829 2830 2791
2729 3 3 9 162 0 2791 2830 2831 2792
2730 3 3 9 162 0 2792 2831 2832 2793
2731 3 3 9 162 0 2793 2832 2833 2794
2732 3 3 9 162 0 2794 2833 2834 2795
2733 3 3 9 162 0 2795 2834 2835 2796
2734 3 3 9 162 0 2796 2835 2836 2797
2735 3 3 9 162 0 2797 2836 2837 2798
2736 3 3 9 162 0 2798 2837 572 571
2737 3 3 9 162 0 488 489 2838 2799
2738 3 3 9 162 0 2799 2838 2839 2800
2739 3 3 9 162 0 2800 2839 2840 2801
2740 3 3 9 162 0 2801 2840 2841 2802
2741 3 3 9 162 0 2802 2841 2842 2803
2742 3 3 9 162 0 2803 2842 2843 2804
2743 3 3 9 162 0 2804 2843 2844 2805
2744 3 3 9 162 0 2805 2844 2845 2806
2745 3 3 9 162 0 2806 2845 2846 2807
2746 3 3 9 162 0 2807 2846 2847 2808
2747 3 3 9 162 0 2808 2847 2848 2809
2748 3 3 9 162 0 2809 2848 2849 2810
2749 3 3 9 162 0 2810 2849 2850 2811
2750 3 3 9 162 0 2811 2850 2851 2812
2751 3 3 9 162 0 2812 2851 2852 2813
2752 3 3 9 162 0 2813 2852 2853 2814
2753 3 3 9 162 0 2814 2853 2854 2815
2754 3 3 9 162 0 2815 2854 2855 2816
2755 3 3 9 162 0 2816 2855 2856 2817
2756 3 3 9 162 0 2817 2856 2857 2818
2757 3 3 9 162 0 2818 2857 2858 2819
2758 3 3 9 162 0 2819 2858 2859 2820
2759 3 3 9 162 0 2820 2859 2860 2821
2760 3 3 9 162 0 2821 2860 2861 2822
2761 3 3 9 162 0 2822 2861 2862 2823
2762 3 3 9 162 0 2823 2862 2863 2824
2763 3 3 9 162 0 2824 2863 2864 2825
2764 3 3 9 162 0 2825 2864 2865 2826
2765 3 3 9 162 0 2826 2865 2866 2827
2766 3 3 9 162 0 2827 2866 2867 2828
2767 3 3 9 162 0 2828 2867 2868 2829
2768 3 3 9 162 0 2829 2868 2869 2830
2769 3 3 9 162 0 2830 2869 2870 2831
2770 3 3 9 162 0 2831 2870 2871 2832
2771 3 3 9 162 0 2832 2871 2872 2833
2772 3 3 9 162 0 2833 2872 2873 2834
2773 3 3 9 162 0 2834 2873 2874 2835
2774 3 3 9 162 0 2835 2874 2875 2836
2775 3 3 9 162 0 2836 2875 2876 2837
2776 3 3 9 162 0 2837 2876 573 572
2777 3 3 9 162 0 489 30 772 2838
2778 3 3 9 162 0 2838 772 773 2839
2779 3 3 9 162 0 2839 773 774 2840
2780 3 3 9 162 0 2840 774 775 2841
2781 3 3 9 162 0 2841 775 776 2842
2782 3 3 9 162 0 2842 776 777 2843
2783 3 3 9 162 0 2843 777 778 2844
2784 3 3 9 162 0 2844 778 779 2845
2785 3 3 9 162 0 2845 779 780 2846
2786 3 3 9 162 0 2846 780 781 2847
2787 3 3 9 162 0 2847 781 782 2848
2788 3 3 9 162 0 2848 782 783 2849
2789 3 3 9 162 0 2849 783 784 2850
2790 3 3 9 162 0 2850 784 785 2851
2791 3 3 9 162 0 2851 785 786 2852
2792 3 3 9 162 0 2852 786 787 2853
2793 3 3 9 162 0 2853 787 788 2854
2794 3 3 9 162 0 2854 788 789 2855
2795 3 3 9 162 0 2855 789 790 2856
2796 3 3 9 162 0 2856 790 791 2857
2797 3 3 9 162 0 2857 791 792 2858
2798 3 3 9 162 0 2858 792 793 2859
2799 3 3 9 162 0 2859 793 794 2860
2800 3 3 9 162 0 2860 794 795 2861
2801 3 3 9 162 0 2861 795 796 2862
2802 3 3 9 162 0 2862 796 797 2863
2803 3 3 9 162 0 2863 797 798 2864
2804 3 3 9 162 0 2864 798 799 2865
2805 3 3 9 162 0 2865 799 800 2866
2806 3 3 9 162 0 2866 800 801 2867
2807 3 3 9 162 0 2867 801 802 2868
2808 3 3 9 162 0 2868 802 803 2869
2809 3 3 9 162 0 2869 803 804 2870
2810 3 3 9 162 0 2870 804 805 2871
2811 3 3 9 162 0 2871 805 806 2872
2812 3 3 9 162 0 2872 806 807 2873
2813 3 3 9 162 0 2873 807 808 2874
2814 3 3 9 162 0 2874 808 809 2875
2815 3 3 9 162 0 2875 809 810 2876
2816 3 3 9 162 0 2876 810 36 573
2817 3 3 9 166 0 30 490 2877 772
2818 3 3 9 166 0 772 2877 2878 773
2819 3 3 9 166 0 773 2878 2879 774
2820 3 3 9 166 0 774 2879 2880 775
2821 3 3 9 166 0 775 2880 2881 776
2822 3 3 9 166 0 776 2881 2882 777
2823 3 3 9 166 0 777 2882 2883 778
2824 3 3 9 166 0 778 2883 2884 779
2825 3 3 9 166 0 779 2884 2885 780
2826 3 3 9 166 0 780 2885 2886 781
2827 3 3 9 166 0 781 2886 2887 782
2828 3 3 9 166 0 782 2887 2888 783
2829 3 3 9 166 0 783 2888 2889 784
2830 3 3 9 166 0 784 2889 2890 785
2831 3 3 9 166 0 785 2890 2891 786
2832 3 3 9 166 0 786 2891 2892 787
2833 3 3 9 166 0 787 2892 2893 788
2834 3 3 9 166 0 788 2893 2894 789
2835 3 3 9 166 0 789 2894 2895 790
2836 3 3 9 166 0 790 2895 2896 791
2837 3 3 9 166 0 791 2896 2897 792
2838 3 3 9 166 0 792 2897 2898 793
2839 3 3 9 166 0 793 2898 2899 794
2840 3 3 9 166 0 794 2899 2900 795
2841 3 3 9 166 0 795 2900 2901 796
2842 3 3 9 166 0 796 2901 2902 797
2843 3 3 9 166 0 797 2902 2903 798
2844 3 3 9 166 0 798 2903 2904 799
2845 3 3 9 166 0 799 2904 2905 800
2846 3 3 9 166 0 800 2905 2906 801
2847 3 3 9 166 0 801 2906 2907 802
2848 3 3 9 166 0 802 2907 2908 803
2849 3 3 9 166 0 803 2908 2909 804
2850 3 3 9 166 0 804 2909 2910 805
2851 3 3 9 166 0 805 2910 2911 806
2852 3 3 9 166 0 806 2911 2912 807
2853 3 3 9 166 0 807 2912 2913 808
2854 3 3 9 166 0 808 2913 2914 809
2855 3 3 9 166 0 809 2914 2915 810
2856 3 3 9 166 0 810 2915 574 36
2857 3 3 9 166 0 490 491 2916 2877
2858 3 3 9 166 0 2877 2916 2917 2878
2859 3 3 9 166 0 2878 2917 2918 2879
2860 3 3 9 166 0 2879 2918 2919 2880
2861 3 3 9 166 0 2880 2919 2920 2881
2862 3 3 9 166 0 2881 2920 2921 2882
2863 3 3 9 166 0 2882 2921 2922 2883
2864 3 3 9 166 0 2883 2922 2923 2884
2865 3 3 9 166 0 2884 2923 2924 2885
2866 3 3 9 166 0 2885 2924 2925 2886
2867 3 3 9 166 0 2886 2925 2926 2887
2868 3 3 9 166 0 2887 2926 2927 2888
2869 3 3 9 166 0 2888 2927 2928 2889
2870 3 3 9 166 0 2889 2928 2929 2890
2871 3 3 9 166 0 2890 2929 2930 2891
2872 3 3 9 166 0 2891 2930 2931 2892
2873 3 3 9 166 0 2892 2931 2932 2893
2874 3 3 9 166 0 2893 2932 2933 2894
2875 3 3 9 166 0 2894 2933 2934 2895
2876 3 3 9 166 0 2895 2934 2935 2896
2877 3 3 9 166 0 2896 2935 2936 2897
2878 3 3 9 166 0 2897 2936 2937 2898
2879 3 3 9 166 0 2898 2937 2938 2899
2880 3 3 9 166 0 2899 2938 2939 2900
2881 3 3 9 166 0 2900 2939 2940 2901
2882 3 3 9 166 0 2901 2940 2941 2902
2883 3 3 9 166 0 2902 2941 2942 2903
2884 3 3 9 166 0 2903 2942 2943 2904
2885 3 3 9 166 0 2904 2943 2944 2905
2886 3 3 9 166 0 2905 2944 2945 2906
2887 3 3 9 166 0 2906 2945 2946 2907
2888 3 3 9 166 0 2907 2946 2947 2908
2889 3 3 9 166 0 2908 2947 2948 2909
2890 3 3 9 166 0 2909 2948 2949 2910
2891 3 3 9 166 0 2910 2949 2950 2911
2892 3 3 9 166 0 2911 2950 2951 2912
2893 3 3 9 166 0 2912 2951 2952 2913
2894 3 3 9 166 0 2913 2952 2953 2914
2895 3 3 9 166 0 2914 2953 2954 2915
2896 3 3 9 166 0 2915 2954 575 574
2897 3 3 9 166 0 491 492 2955 2916
2898 3 3 9 166 0 2916 2955 2956 2917
2899 3 3 9 166 0 2917 2956 2957 2918
2900 3 3 9 166 0 2918 2957 2958 2919
2901 3 3 9 166 0 2919 2958 2959 2920
2902 3 3 9 166 0 2920 2959 2960 2921
2903 3 3 9 166 0 2921 2960 2961 2922
2904 3 3 9 166 0 2922 2961 2962 2923
2905 3 3 9 166 0 2923 2962 2963 2924
2906 3 3 9 166 0 2924 2963 2964 2925
2907 3 3 9 166 0 2925 2964 2965 2926
2908 3 3 9 166 0 2926 2965 2966 2927
2909 3 3 9 166 0 2927 2966 2967 2928
2910 3 3 9 166 0 2928 2967 2968 2929
2911 3 3 9 166 0 2929 2968 2969 2930
2912 3 3 9 166 0 2930 2969 2970 2931
2913 3 3 9 166 0 2931 2970 2971 2932
2914 3 3 9 166 0 2932 2971 2972 2933
2915 3 3 9 166 0 2933 2972 2973 2934
2916 3 3 9 166 0 2934 2973 2974 2935
2917 3 3 9 166 0 2935 2974 2975 2936
2918 3 3 9 166 0 2936 2975 2976 2937
2919 3 3 9 166 0 2937 2976 2977 2938
2920 3 3 9 166 0 2938 2977 2978 2939
2921 3 3 9 166 0 2939 2978 2979 2940
2922 3 3 9 166 0 2940 2979 2980 2941
2923 3 3 9 166 0 2941 2980 2981 2942
2924 3 3 9 166 0 2942 2981 2982 2943
2925 3 3 9 166 0 2943 2982 2983 2944
2926 3 3 9 166 0 2944 2983 2984 2945
2927 3 3 9 166 0 2945 2984 2985 2946
2928 3 3 9 166 0 2946 2985 2986 2947
2929 3 3 9 166 0 2947 2986 2987 2948
2930 3 3 9 166 0 2948 2987 2988 2949
2931 3 3 9 166 0 2949 2988 2989 2950
2932 3 3 9 166 0 2950 2989 2990 2951
2933 3 3 9 166 0 2951 2990 2991 2952
2934 3 3 9 166 0 2952 2991 2992 2953
2935 3 3 9 166 0 2953 2992 2993 2954
2936 3 3 9 166 0 2954 2993 576 575
2937 3 3 9 166 0 492 25 577 2955
2938 3 3 9 166 0 2955 577 578 2956
2939 3 3 9 166 0 2956 578 579 2957
2940 3 3 9 166 0 2957 579 580 2958
2941 3 3 9 166 0 2958 580 581 2959
2942 3 3 9 166 0 2959 581 582 2960
2943 3 3 9 166 0 2960 582 583 2961
2944 3 3 9 166 0 2961 583 584 2962
2945 3 3 9 166 0 2962 584 585 2963
2946 3 3 9 166 0 2963 585 586 2964
2947 3 3 9 166 0 2964 586 587 2965
2948 3 3 9 166 0 2965 587 588 2966
2949 3 3 9 166 0 2966 588 589 2967
2950 3 3 9 166 0 2967 589 590 2968
2951 3 3 9 166 0 2968 590 591 2969
2952 3 3 9 166 0 2969 591 592 2970
2953 3 3 9 166 0 2970 592 593 2971
2954 3 3 9 166 0 2971 593 594 2972
2955 3 3 9 166 0 2972 594 595 2973
2956 3 3 9 166 0 2973 595 596 2974
2957 3 3 9 166 0 2974 596 597 2975
2958 3 3 9 166 0 2975 597 598 2976
2959 3 3 9 166 0 2976 598 599 2977
2960 3 3 9 166 0 2977 599 600 2978
2961 3 3 9 166 0 2978 600 601 2979
2962 3 3 9 166 0 2979 601 602 2980
2963 3 3 9 166 0 2980 602 603 2981
2964 3 3 9 166 0 2981 603 604 2982
2965 3 3 9 166 0 2982 604 605 2983
2966 3 3 9 166 0 2983 605 606 2984
2967 3 3 9 166 0 2984 606 607 2985
2968 3 3 9 166 0 2985 607 608 2986
2969 3 3 9 166 0 2986 608 609 2987
2970 3 3 9 166 0 2987 609 610 2988
2971 3 3 9 166 0 2988 610 611 2989
2972 3 3 9 166 0 2989 611 612 2990
2973 3 3 9 166 0 2990 612 613 2991
2974 3 3 9 166 0 2991 613 614 2992
2975 3 3 9 166 0 2992 614 615 2993
2976 3 3 9 166 0 2993 615 31 576
2977 6 3 2 1 0 48 5 814 1277 229 3148
2978 6 3 2 1 0 1277 229 3148 1278 230 3149
2979 6 3 2 1 0 1278 230 3149 1279 231 3150
2980 6 3 2 1 0 1279 231 3150 1280 232 3151
2981 6 3 2 1 0 1280 232 3151 1281 233 3152
2982 6 3 2 1 0 1281 233 3152 1282 234 3153
2983 6 3 2 1 0 1282 234 3153 1283 235 3154
2984 6 3 2 1 0 1283 235 3154 1284 236 3155
2985 6 3 2 1 0 1284 236 3155 1285 237 3156
2986 6 3 2 1 0 1285 237 3156 1286 238 3157
2987 6 3 2 1 0 1286 238 3157 1287 239 3158
2988 6 3 2 1 0 1287 239 3158 1288 240 3159
2989 6 3 2 1 0 1288 240 3159 1289 241 3160
2990 6 3 2 1 0 1289 241 3160 1290 242 3161
2991 6 3 2 1 0 1290 242 3161 1291 243 3162
2992 6 3 2 1 0 1291 243 3162 1292 244 3163
2993 6 3 2 1 0 1292 244 3163 1293 245 3164
2994 6 3 2 1 0 1293 245 3164 1294 246 3165
2995 6 3 2 1 0 1294 246 3165 1295 247 3166
2996 6 3 2 1 0 1295 247 3166 1296 248 3167
2997 6 3 2 1 0 1296 248 3167 1297 249 3168
2998 6 3 2 1 0 1297 249 3168 1298 250 3169
2999 6 3 2 1 0 1298 250 3169 1299 251 3170
3000 6 3 2 1 0 1299 251 3170 1300 252 3171
3001 6 3 2 1 0 1300 252 3171 1301 253 3172
3002 6 3 2 1 0 1301 253 3172 1302 254 3173
3003 6 3 2 1 0 1302 254 3173 1303 255 3174
3004 6 3 2 1 0 1303 255 3174 1304 256 3175
3005 6 3 2 1 0 1304 256 3175 1305 257 3176
3006 6 3 2 1 0 1305 257 3176 1306 258 3177
3007 6 3 2 1 0 1306 258 3177 1307 259 3178
3008 6 3 2 1 0 1307 259 3178 1308 260 3179
3009 6 3 2 1 0 1308 260 3179 1309 261 3180
3010 6 3 2 1 0 1309 261 3180 1310 262 3181
3011 6 3 2 1 0 1310 262 3181 1311 263 3182
3012 6 3 2 1 0 1311 263 3182 1312 264 3183
3013 6 3 2 1 0 1312 264 3183 1313 265 3184
3014 6 3 2 1 0 1313 265 3184 1314 266 3185
3015 6 3 2 1 0 1314 266 3185 1315 267 3186
3016 6 3 2 1 0 1315 267 3186 66 11 1553
3017 6 3 2 1 0 51 6 816 1394 268 3226
3018 6 3 2 1 0 1394 268 3226 1395 269 3227
3019 6 3 2 1 0 1395 269 3227 1396 270 3228
3020 6 3 2 1 0 1396 270 3228 1397 271 3229
3021 6 3 2 1 0 1397 271 3229 1398 272 3230
3022 6 3 2 1 0 1398 272 3230 1399 273 3231
3023 6 3 2 1 0 1399 273 3231 1400 274 3232
3024 6 3 2 1 0 1400 274 3232 1401 275 3233
3025 6 3 2 1 0 1401 275 3233 1402 276 3234
3026 6 3 2 1 0 1402 276 3234 1403 277 3235
3027 6 3 2 1 0 1403 277 3235 1404 278 3236
3028 6 3 2 1 0 1404 278 3236 1405 279 3237
3029 6 3 2 1 0 1405 279 3237 1406 280 3238
3030 6 3 2 1 0 1406 280 3238 1407 281 3239
3031 6 3 2 1 0 1407 281 3239 1408 282 3240
3032 6 3 2 1 0 1408 282 3240 1409 283 3241
3033 6 3 2 1 0 1409 283 3241 1410 284 3242
3034 6 3 2 1 0 1410 284 3242 1411 285 3243
3035 6 3 2 1 0 1411 285 3243 1412 286 3244
3036 6 3 2 1 0 1412 286 3244 1413 287 3245
3037 6 3 2 1 0 1413 287 3245 1414 288 3246
3038 6 3 2 1 0 1414 288 3246 1415 289 3247
3039 6 3 2 1 0 1415 289 3247 1416 290 3248
3040 6 3 2 1 0 1416 290 3248 1417 291 3249
3041 6 3 2 1 0 1417 291 3249 1418 292 3250
3042 6 3 2 1 0 1418 292 3250 1419 293 3251
3043 6 3 2 1 0 1419 293 3251 1420 294 3252
3044 6 3 2 1 0 1420 294 3252 1421 295 3253
3045 6 3 2 1 0 1421 295 3253 1422 296 3254
3046 6 3 2 1 0 1422 296 3254 1423 297 3255
3047 6 3 2 1 0 1423 297 3255 1424 298 3256
3048 6 3 2 1 0 1424 298 3256 1425 299 3257
3049 6 3 2 1 0 1425 299 3257 1426 300 3258
3050 6 3 2 1 0 1426 300 3258 1427 301 3259
3051 6 3 2 1 0 1427 301 3259 1428 302 3260
3052 6 3 2 1 0 1428 302 3260 1429 303 3261
3053 6 3 2 1 0 1429 303 3261 1430 304 3262
3054 6 3 2 1 0 1430 304 3262 1431 305 3263
3055 6 3 2 1 0 1431 305 3263 1432 306 3264
3056 6 3 2 1 0 1432 306 3264 69 12 1555
3057 6 3 2 1 0 42 3 818 1043 151 3304
3058 6 3 2 1 0 1043 151 3304 1044 152 3305
3059 6 3 2 1 0 1044 152 3305 1045 153 3306
3060 6 3 2 1 0 1045 153 3306 1046 154 3307
3061 6 3 2 1 0 1046 154 3307 1047 155 3308
3062 6 3 2 1 0 1047 155 3308 1048 156 3309
3063 6 3 2 1 0 1048 156 3309 1049 157 3310
3064 6 3 2 1 0 1049 157 3310 1050 158 3311
3065 6 3 2 1 0 1050 158 3311 1051 159 3312
3066 6 3 2 1 0 1051 159 3312 1052 160 3313
3067 6 3 2 1 0 1052 160 3313 1053 161 3314
3068 6 3 2 1 0 1053 161 3314 1054 162 3315
3069 6 3 2 1 0 1054 162 3315 1055 163 3316
3070 6 3 2 1 0 1055 163 3316 1056 164 3317
3071 6 3 2 1 0 1056 164 3317 1057 165 3318
3072 6 3 2 1 0 1057 165 3318 1058 166 3319
3073 6 3 2 1 0 1058 166 3319 1059 167 3320
3074 6 3 2 1 0 1059 167 3320 1060 168 3321
3075 6 3 2 1 0 1060 168 3321 1061 169 3322
3076 6 3 2 1 0 1061 169 3322 1062 170 3323
3077 6 3 2 1 0 1062 170 3323 1063 171 3324
3078 6 3 2 1 0 1063 171 3324 1064 172 3325
3079 6 3 2 1 0 1064 172 3325 1065 173 3326
3080 6 3 2 1 0 1065 173 3326 1066 174 3327
3081 6 3 2 1 0 1066 174 3327 1067 175 3328
3082 6 3 2 1 0 1067 175 3328 1068 176 3329
3083 6 3 2 1 0 1068 176 3329 1069 177 3330
3084 6 3 2 1 0 1069 177 3330 1070 178 3331
3085 6 3 2 1 0 1070 178 3331 1071 179 3332
3086 6 3 2 1 0 1071 179 3332 1072 180 3333
3087 6 3 2 1 0 1072 180 3333 1073 181 3334
3088 6 3 2 1 0 1073 181 3334 1074 182 3335
3089 6 3 2 1 0 1074 182 3335 1075 183 3336
3090 6 3 2 1 0 1075 183 3336 1076 184 3337
3091 6 3 2 1 0 1076 184 3337 1077 185 3338
3092 6 3 2 1 0 1077 185 3338 1078 186 3339
3093 6 3 2 1 0 1078 186 3339 1079 187 3340
3094 6 3 2 1 0 1079 187 3340 1080 188 3341
3095 6 3 2 1 0 1080 188 3341 1081 189 3342
3096 6 3 2 1 0 1081 189 3342 60 9 1557
3097 6 3 2 1 0 39 2 819 926 112 3343
3098 6 3 2 1 0 926 112 3343 927 113 3344
3099 6 3 2 1 0 927 113 3344 928 114 3345
3100 6 3 2 1 0 928 114 3345 929 115 3346
3101 6 3 2 1 0 929 115 3346 930 116 3347
3102 6 3 2 1 0 930 116 3347 931 117 3348
3103 6 3 2 1 0 931 117 3348 932 118 3349
3104 6 3 2 1 0 932 118 3349 933 119 3350
3105 6 3 2 1 0 933 119 3350 934 120 3351
3106 6 3 2 1 0 934 120 3351 935 121 3352
3107 6 3 2 1 0 935 121 3352 936 122 3353
3108 6 3 2 1 0 936 122 3353 937 123 3354
3109 6 3 2 1 0 937 123 3354 938 124 3355
3110 6 3 2 1 0 938 124 3355 939 125 3356
3111 6 3 2 1 0 939 125 3356 940 126 3357
3112 6 3 2 1 0 940 126 3357 941 127 3358
3113 6 3 2 1 0 941 127 3358 942 128 3359
3114 6 3 2 1 0 942 128 3359 943 129 3360
3115 6 3 2 1 0 943 129 3360 944 130 3361
3116 6 3 2 1 0 944 130 3361 945 131 3362
3117 6 3 2 1 0 945 131 3362 946 132 3363
3118 6 3 2 1 0 946 132 3363 947 133 3364
3119 6 3 2 1 0 947 133 3364 948 134 3365
3120 6 3 2 1 0 948 134 3365 949 135 3366
3121 6 3 2 1 0 949 135 3366 950 136 3367
3122 6 3 2 1 0 950 136 3367 951 137 3368
3123 6 3 2 1 0 951 137 3368 952 138 3369
3124 6 3 2 1 0 952 138 3369 953 139 3370
3125 6 3 2 1 0 953 139 3370 954 140 3371
3126 6 3 2 1 0 954 140 3371 955 141 3372
3127 6 3 2 1 0 955 141 3372 956 142 3373
3128 6 3 2 1 0 956 142 3373 957 143 3374
3129 6 3 2 1 0 957 143 3374 958 144 3375
3130 6 3 2 1 0 958 144 3375 959 145 3376
3131 6 3 2 1 0 959 145 3376 960 146 3377
3132 6 3 2 1 0 960 146 3377 961 147 3378
3133 6 3 2 1 0 961 147 3378 962 148 3379
3134 6 3 2 1 0 962 148 3379 963 149 3380
3135 6 3 2 1 0 963 149 3380 964 150 3381
3136 6 3 2 1 0 964 150 3381 57 8 1558
3137 6 3 2 1 0 5 49 814 229 1316 3148
3138 6 3 2 1 0 229 1316 3148 230 1317 3149
3139 6 3 2 1 0 230 1317 3149 231 1318 3150
3140 6 3 2 1 0 231 1318 3150 232 1319 3151
3141 6 3 2 1 0 232 1319 3151 233 1320 3152
3142 6 3 2 1 0 233 1320 3152 234 1321 3153
3143 6 3 2 1 0 234 1321 3153 235 1322 3154
3144 6 3 2 1 0 235 1322 3154 236 1323 3155
3145 6 3 2 1 0 236 1323 3155 237 1324 3156
3146 6 3 2 1 0 237 1324 3156 238 1325 3157
3147 6 3 2 1 0 238 1325 3157 239 1326 3158
3148 6 3 2 1 0 239 1326 3158 240 1327 3159
3149 6 3 2 1 0 240 1327 3159 241 1328 3160
3150 6 3 2 1 0 241 1328 3160 242 1329 3161
3151 6 3 2 1 0 242 1329 3161 243 1330 3162
3152 6 3 2 1 0 243 1330 3162 244 1331 3163
3153 6 3 2 1 0 244 1331 3163 245 1332 3164
3154 6 3 2 1 0 245 1332 3164 246 1333 3165
3155 6 3 2 1 0 246 1333 3165 247 1334 3166
3156 6 3 2 1 0 247 1334 3166 248 1335 3167
3157 6 3 2 1 0 248 1335 3167 249 1336 3168
3158 6 3 2 1 0 249 1336 3168 250 1337 3169
3159 6 3 2 1 0 250 1337 3169 251 1338 3170
3160 6 3 2 1 0 251 1338 3170 252 1339 3171
3161 6 3 2 1 0 252 1339 3171 253 1340 3172
3162 6 3 2 1 0 253 1340 3172 254 1341 3173
3163 6 3 2 1 0 254 1341 3173 255 1342 3174
3164 6 3 2 1 0 255 1342 3174 256 1343 3175
3165 6 3 2 1 0 256 1343 3175 257 1344 3176
3166 6 3 2 1 0 257 1344 3176 258 1345 3177
3167 6 3 2 1 0 258 1345 3177 259 1346 3178
3168 6 3 2 1 0 259 1346 3178 260 1347 3179
3169 6 3 2 1 0 260 1347 3179 261 1348 3180
3170 6 3 2 1 0 261 1348 3180 262 1349 3181
3171 6 3 2 1 0 262 1349 3181 263 1350 3182
3172 6 3 2 1 0 263 1350 3182 264 1351 3183
3173 6 3 2 1 0 264 1351 3183 265 1352 3184
3174 6 3 2 1 0 265 1352 3184 266 1353 3185
3175 6 3 2 1 0 266 1353 3185 267 1354 3186
3176 6 3 2 1 0 267 1354 3186 11 67 1553
3177 6 3 2 1 0 2 40 819 112 965 3343
3178 6 3 2 1 0 112 965 3343 113 966 3344
3179 6 3 2 1 0 113 966 3344 114 967 3345
3180 6 3 2 1 0 114 967 3345 115 968 3346
3181 6 3 2 1 0 115 968 3346 116 969 3347
3182 6 3 2 1 0 116 969 3347 117 970 3348
3183 6 3 2 1 0 117 970 3348 118 971 3349
3184 6 3 2 1 0 118 971 3349 119 972 3350
3185 6 3 2 1 0 119 972 3350 120 973 3351
3186 6 3 2 1 0 120 973 3351 121 974 3352
3187 6 3 2 1 0 121 974 3352 122 975 3353
3188 6 3 2 1 0 122 975 3353 123 976 3354
3189 6 3 2 1 0 123 976 3354 124 977 3355
3190 6 3 2 1 0 124 977 3355 125 978 3356
3191 6 3 2 1 0 125 978 3356 126 979 3357
3192 6 3 2 1 0 126 979 3357 127 980 3358
3193 6 3 2 1 0 127 980 3358 128 981 3359
3194 6 3 2 1 0 128 981 3359 129 982 3360
3195 6 3 2 1 0 129 982 3360 130 983 3361
3196 6 3 2 1 0 130 983 3361 131 984 3362
3197 6 3 2 1 0 131 984 3362 132 985 3363
3198 6 3 2 1 0 132 985 3363 133 986 3364
3199 6 3 2 1 0 133 986 3364 134 987 3365
3200 6 3 2 1 0 134 987 3365 135 988 3366
3201 6 3 2 1 0 135 988 3366 136 989 3367
3202 6 3 2 1 0 136 989 3367 137 990 3368
3203 6 3 2 1 0 137 990 3368 138 991 3369
3204 6 3 2 1 0 138 991 3369 139 992 3370
3205 6 3 2 1 0 139 992 3370 140 993 3371
3206 6 3 2 1 0 140 993 3371 141 994 3372
3207 6 3 2 1 0 141 994 3372 142 995 3373
3208 6 3 2 1 0 142 995 3373 143 996 3374
3209 6 3 2 1 0 143 996 3374 144 997 3375
3210 6 3 2 1 0 144 997 3375 145 998 3376
3211 6 3 2 1 0 145 998 3376 146 999 3377
3212 6 3 2 1 0 146 999 3377 147 1000 3378
3213 6 3 2 1 0 147 1000 3378 148 1001 3379
3214 6 3 2 1 0 148 1001 3379 149 1002 3380
3215 6 3 2 1 0 149 1002 3380 150 1003 3381
3216 6 3 2 1 0 150 1003 3381 8 58 1558
3217 6 3 2 1 0 6 52 816 268 1433 3226
3218 6 3 2 1 0 268 1433 3226 269 1434 3227
3219 6 3 2 1 0 269 1434 3227 270 1435 3228
3220 6 3 2 1 0 270 1435 3228 271 1436 3229
3221 6 3 2 1 0 271 1436 3229 272 1437 3230
3222 6 3 2 1 0 272 1437 3230 273 1438 3231
3223 6 3 2 1 0 273 1438 3231 274 1439 3232
3224 6 3 2 1 0 274 1439 3232 275 1440 3233
3225 6 3 2 1 0 275 1440 3233 276 1441 3234
3226 6 3 2 1 0 276 1441 3234 277 1442 3235
3227 6 3 2 1 0 277 1442 3235 278 1443 3236
3228 6 3 2 1 0 278 1443 3236 279 1444 3237
3229 6 3 2 1 0 279 1444 3237 280 1445 3238
3230 6 3 2 1 0 280 1445 3238 281 1446 3239
3231 6 3 2 1 0 281 1446 3239 282 1447 3240
3232 6 3 2 1 0 282 1447 3240 283 1448 3241
3233 6 3 2 1 0 283 1448 3241 284 1449 3242
3234 6 3 2 1 0 284 1449 3242 285 1450 3243
3235 6 3 2 1 0 285 1450 3243 286 1451 3244
3236 6 3 2 1 0 286 1451 3244 287 1452 3245
3237 6 3 2 1 0 287 1452 3245 288 1453 3246
3238 6 3 2 1 0 288 1453 3246 289 1454 3247
3239 6 3 2 1 0 289 1454 3247 290 1455 3248
3240 6 3 2 1 0 290 1455 3248 291 1456 3249
3241 6 3 2 1 0 291 1456 3249 292 1457 3250
3242 6 3 2 1 0 292 1457 3250 293 1458 3251
3243 6 3 2 1 0 293 1458 3251 294 1459 3252
3244 6 3 2 1 0 294 1459 3252 295 1460 3253
3245 6 3 2 1 0 295 1460 3253 296 1461 3254
3246 6 3 2 1 0 296 1461 3254 297 1462 3255
3247 6 3 2 1 0 297 1462 3255 298 1463 3256
3248 6 3 2 1 0 298 1463 3256 299 1464 3257
3249 6 3 2 1 0 299 1464 3257 300 1465 3258
3250 6 3 2 1 0 300 1465 3258 301 1466 3259
3251 6 3 2 1 0 301 1466 3259 302 1467 3260
3252 6 3 2 1 0 302 1467 3260 303 1468 3261
3253 6 3 2 1 0 303 1468 3261 304 1469 3262
3254 6 3 2 1 0 304 1469 3262 305 1470 3263
3255 6 3 2 1 0 305 1470 3263 306 1471 3264
3256 6 3 2 1 0 306 1471 3264 12 70 1555
3257 6 3 2 1 0 3 43 818 151 1082 3304
3258 6 3 2 1 0 151 1082 3304 152 1083 3305
3259 6 3 2 1 0 152 1083 3305 153 1084 3306
3260 6 3 2 1 0 153 1084 3306 154 1085 3307
3261 6 3 2 1 0 154 1085 3307 155 1086 3308
3262 6 3 2 1 0 155 1086 3308 156 1087 3309
3263 6 3 2 1 0 156 1087 3309 157 1088 3310
3264 6 3 2 1 0 157 1088 3310 158 1089 3311
3265 6 3 2 1 0 158 1089 3311 159 1090 3312
3266 6 3 2 1 0 159 1090 3312 160 1091 3313
3267 6 3 2 1 0 160 1091 3313 161 1092 3314
3268 6 3 2 1 0 161 1092 3314 162 1093 3315
3269 6 3 2 1 0 162 1093 3315 163 1094 3316
3270 6 3 2 1 0 163 1094 3316 164 1095 3317
3271 6 3 2 1 0 164 1095 3317 165 1096 3318
3272 6 3 2 1 0 165 1096 3318 166 1097 3319
3273 6 3 2 1 0 166 1097 3319 167 1098 3320
3274 6 3 2 1 0 167 1098 3320 168 1099 3321
3275 6 3 2 1 0 168 1099 3321 169 1100 3322
3276 6 3 2 1 0 169 1100 3322 170 1101 3323
3277 6 3 2 1 0 170 1101 3323 171 1102 3324
3278 6 3 2 1 0 171 1102 3324 172 1103 3325
3279 6 3 2 1 0 172 1103 3325 173 1104 3326
3280 6 3 2 1 0 173 1104 3326 174 1105 3327
3281 6 3 2 1 0 174 1105 3327 175 1106 3328
3282 6 3 2 1 0 175 1106 3328 176 1107 3329
3283 6 3 2 1 0 176 1107 3329 177 1108 3330
3284 6 3 2 1 0 177 1108 3330 178 1109 3331
3285 6 3 2 1 0 178 1109 3331 179 1110 3332
3286 6 3 2 1 0 179 1110 3332 180 1111 3333
3287 6 3 2 1 0 180 1111 3333 181 1112 3334
3288 6 3 2 1 0 181 1112 3334 182 1113 3335
3289 6 3 2 1 0 182 1113 3335 183 1114 3336
3290 6 3 2 1 0 183 1114 3336 184 1115 3337
3291 6 3 2 1 0 184 1115 3337 185 1116 3338
3292 6 3 2 1 0 185 1116 3338 186 1117 3339
3293 6 3 2 1 0 186 1117 3339 187 1118 3340
3294 6 3 2 1 0 187 1118 3340 188 1119 3341
3295 6 3 2 1 0 188 1119 3341 189 1120 3342
3296 6 3 2 1 0 189 1120 3342 9 61 1557
3297 6 3 2 1 0 824 819 812 3538 3343 3070
3298 6 3 2 1 0 3538 3343 3070 3539 3344 3071
3299 6 3 2 1 0 3539 3344 3071 3540 3345 3072
3300 6 3 2 1 0 3540 3345 3072 3541 3346 3073
3301 6 3 2 1 0 3541 3346 3073 3542 3347 3074
3302 6 3 2 1 0 3542 3347 3074 3543 3348 3075
3303 6 3 2 1 0 3543 3348 3075 3544 3349 3076
3304 6 3 2 1 0 3544 3349 3076 3545 3350 3077
3305 6 3 2 1 0 3545 3350 3077 3546 3351 3078
3306 6 3 2 1 0 3546 3351 3078 3547 3352 3079
3307 6 3 2 1 0 3547 3352 3079 3548 3353 3080
3308 6 3 2 1 0 3548 3353 3080 3549 3354 3081
3309 6 3 2 1 0 3549 3354 3081 3550 3355 3082
3310 6 3 2 1 0 3550 3355 3082 3551 3356 3083
3311 6 3 2 1 0 3551 3356 3083 3552 3357 3084
3312 6 3 2 1 0 3552 3357 3084 3553 3358 3085
3313 6 3 2 1 0 3553 3358 3085 3554 3359 3086
3314 6 3 2 1 0 3554 3359 3086 3555 3360 3087
3315 6 3 2 1 0 3555 3360 3087 3556 3361 3088
3316 6 3 2 1 0 3556 3361 3088 3557 3362 3089
3317 6 3 2 1 0 3557 3362 3089 3558 3363 3090
3318 6 3 2 1 0 3558 3363 3090 3559 3364 3091
3319 6 3 2 1 0 3559 3364 3091 3560 3365 3092
3320 6 3 2 1 0 3560 3365 3092 3561 3366 3093
3321 6 3 2 1 0 3561 3366 3093 3562 3367 3094
3322 6 3 2 1 0 3562 3367 3094 3563 3368 3095
3323 6 3 2 1 0 3563 3368 3095 3564 3369 3096
3324 6 3 2 1 0 3564 3369 3096 3565 3370 3097
3325 6 3 2 1 0 3565 3370 3097 3566 3371 3098
3326 6 3 2 1 0 3566 3371 3098 3567 3372 3099
3327 6 3 2 1 0 3567 3372 3099 3568 3373 3100
3328 6 3 2 1 0 3568 3373 3100 3569 3374 3101
3329 6 3 2 1 0 3569 3374 3101 3570 3375 3102
3330 6 3 2 1 0 3570 3375 3102 3571 3376 3103
3331 6 3 2 1 0 3571 3376 3103 3572 3377 3104
3332 6 3 2 1 0 3572 3377 3104 3573 3378 3105
3333 6 3 2 1 0 3573 3378 3105 3574 3379 3106
3334 6 3 2 1 0 3574 3379 3106 3575 3380 3107
3335 6 3 2 1 0 3575 3380 3107 3576 3381 3108
3336 6 3 2 1 0 3576 3381 3108 1563 1558 1551
3337 6 3 2 1 0 825 814 813 3577 3148 3109
3338 6 3 2 1 0 3577 3148 3109 3578 3149 3110
3339 6 3 2 1 0 3578 3149 3110 3579 3150 3111
3340 6 3 2 1 0 3579 3150 3111 3580 3151 3112
3341 6 3 2 1 0 3580 3151 3112 3581 3152 3113
3342 6 3 2 1 0 3581 3152 3113 3582 3153 3114
3343 6 3 2 1 0 3582 3153 3114 3583 3154 3115
3344 6 3 2 1 0 3583 3154 3115 3584 3155 3116
3345 6 3 2 1 0 3584 3155 3116 3585 3156 3117
3346 6 3 2 1 0 3585 3156 3117 3586 3157 3118
3347 6 3 2 1 0 3586 3157 3118 3587 3158 3119
3348 6 3 2 1 0 3587 3158 3119 3588 3159 3120
3349 6 3 2 1 0 3588 3159 3120 3589 3160 3121
3350 6 3 2 1 0 3589 3160 3121 3590 3161 3122
3351 6 3 2 1 0 3590 3161 3122 3591 3162 3123
3352 6 3 2 1 0 3591 3162 3123 3592 3163 3124
3353 6 3 2 1 0 3592 3163 3124 3593 3164 3125
3354 6 3 2 1 0 3593 3164 3125 3594 3165 3126
3355 6 3 2 1 0 3594 3165 3126 3595 3166 3127
3356 6 3 2 1 0 3595 3166 3127 3596 3167 3128
3357 6 3 2 1 0 3596 3167 3128 3597 3168 3129
3358 6 3 2 1 0 3597 3168 3129 3598 3169 3130
3359 6 3 2 1 0 3598 3169 3130 3599 3170 3131
3360 6 3 2 1 0 3599 3170 3131 3600 3171 3132
3361 6 3 2 1 0 3600 3171 3132 3601 3172 3133
3362 6 3 2 1 0 3601 3172 3133 3602 3173 3134
3363 6 3 2 1 0 3602 3173 3134 3603 3174 3135
3364 6 3 2 1 0 3603 3174 3135 3604 3175 3136
3365 6 3 2 1 0 3604 3175 3136 3605 3176 3137
3366 6 3 2 1 0 3605 3176 3137 3606 3177 3138
3367 6 3 2 1 0 3606 3177 3138 3607 3178 3139
3368 6 3 2 1 0 3607 3178 3139 3608 3179 3140
3369 6 3 2 1 0 3608 3179 3140 3609 3180 3141
3370 6 3 2 1 0 3609 3180 3141 3610 3181 3142
3371 6 3 2 1 0 3610 3181 3142 3611 3182 3143
3372 6 3 2 1 0 3611 3182 3143 3612 3183 3144
3373 6 3 2 1 0 3612 3183 3144 3613 3184 3145
3374 6 3 2 1 0 3613 3184 3145 3614 3185 3146
3375 6 3 2 1 0 3614 3185 3146 3615 3186 3147
3376 6 3 2 1 0 3615 3186 3147 1564 1553 1552
3377 6 3 2 1 0 819 824 826 3343 3538 3616
3378 6 3 2 1 0 3343 3538 3616 3344 3539 3617
3379 6 3 2 1 0 3344 3539 3617 3345 3540 3618
3380 6 3 2 1 0 3345 3540 3618 3346 3541 3619
3381 6 3 2 1 0 3346 3541 3619 3347 3542 3620
3382 6 3 2 1 0 3347 3542 3620 3348 3543 3621
3383 6 3 2 1 0 3348 3543 3621 3349 3544 3622
3384 6 3 2 1 0 3349 3544 3622 3350 3545 3623
3385 6 3 2 1 0 3350 3545 3623 3351 3546 3624
3386 6 3 2 1 0 3351 3546 3624 3352 3547 3625
3387 6 3 2 1 0 3352 3547 3625 3353 3548 3626
3388 6 3 2 1 0 3353 3548 3626 3354 3549 3627
3389 6 3 2 1 0 3354 3549 3627 3355 3550 3628
3390 6 3 2 1 0 3355 3550 3628 3356 3551 3629
3391 6 3 2 1 0 3356 3551 3629 3357 3552 3630
3392 6 3 2 1 0 3357 3552 3630 3358 3553 3631
3393 6 3 2 1 0 3358 3553 3631 3359 3554 3632
3394 6 3 2 1 0 3359 3554 3632 3360 3555 3633
3395 6 3 2 1 0 3360 3555 3633 3361 3556 3634
3396 6 3 2 1 0 3361 3556 3634 3362 3557 3635
3397 6 3 2 1 0 3362 3557 3635 3363 3558 3636
3398 6 3 2 1 0 3363 3558 3636 3364 3559 3637
3399 6 3 2 1 0 3364 3559 3637 3365 3560 3638
3400 6 3 2 1 0 3365 3560 3638 3366 3561 3639
3401 6 3 2 1 0 3366 3561 3639 3367 3562 3640
3402 6 3 2 1 0 3367 3562 3640 3368 3563 3641
3403 6 3 2 1 0 3368 3563 3641 3369 3564 3642
3404 6 3 2 1 0 3369 3564 3642 3370 3565 3643
3405 6 3 2 1 0 3370 3565 3643 3371 3566 3644
3406 6 3 2 1 0 3371 3566 3644 3372 3567 3645
3407 6 3 2 1 0 3372 3567 3645 3373 3568 3646
3408 6 3 2 1 0 3373 3568 3646 3374 3569 3647
3409 6 3 2 1 0 3374 3569 3647 3375 3570 3648
3410 6 3 2 1 0 3375 3570 3648 3376 3571 3649
3411 6 3 2 1 0 3376 3571 3649 3377 3572 3650
3412 6 3 2 1 0 3377 3572 3650 3378 3573 3651
3413 6 3 2 1 0 3378 3573 3651 3379 3574 3652
3414 6 3 2 1 0 3379 3574 3652 3380 3575 3653
3415 6 3 2 1 0 3380 3575 3653 3381 3576 3654
3416 6 3 2 1 0 3381 3576 3654 1558 1563 1565
3417 6 3 2 1 0 826 824 817 3616 3538 3265
3418 6 3 2 1 0 3616 3538 3265 3617 3539 3266
3419 6 3 2 1 0 3617 3539 3266 3618 3540 3267
3420 6 3 2 1 0 3618 3540 3267 3619 3541 3268
3421 6 3 2 1 0 3619 3541 3268 3620 3542 3269
3422 6 3 2 1 0 3620 3542 3269 3621 3543 3270
3423 6 3 2 1 0 3621 3543 3270 3622 3544 3271
3424 6 3 2 1 0 3622 3544 3271 3623 3545 3272
3425 6 3 2 1 0 3623 3545 3272 3624 3546 3273
3426 6 3 2 1 0 3624 3546 3273 3625 3547 3274
3427 6 3 2 1 0 3625 3547 3274 3626 3548 3275
3428 6 3 2 1 0 3626 3548 3275 3627 3549 3276
3429 6 3 2 1 0 3627 3549 3276 3628 3550 3277
3430 6 3 2 1 0 3628 3550 3277 3629 3551 3278
3431 6 3 2 1 0 3629 3551 3278 3630 3552 3279
3432 6 3 2 1 0 3630 3552 3279 3631 3553 3280
3433 6 3 2 1 0 3631 3553 3280 3632 3554 3281
3434 6 3 2 1 0 3632 3554 3281 3633 3555 3282
3435 6 3 2 1 0 3633 3555 3282 3634 3556 3283
3436 6 3 2 1 0 3634 3556 3283 3635 3557 3284
3437 6 3 2 1 0 3635 3557 3284 3636 3558 3285
3438 6 3 2 1 0 3636 3558 3285 3637 3559 3286
3439 6 3 2 1 0 3637 3559 3286 3638 3560 3287
3440 6 3 2 1 0 3638 3560 3287 3639 3561 3288
3441 6 3 2 1 0 3639 3561 3288 3640 3562 3289
3442 6 3 2 1 0 3640 3562 3289 3641 3563 3290
3443 6 3 2 1 0 3641 3563 3290 3642 3564 3291
3444 6 3 2 1 0 3642 3564 3291 3643 3565 3292
3445 6 3 2 1 0 3643 3565 3292 3644 3566 3293
3446 6 3 2 1 0 3644 3566 3293 3645 3567 3294
3447 6 3 2 1 0 3645 3567 3294 3646 3568 3295
3448 6 3 2 1 0 3646 3568 3295 3647 3569 3296
3449 6 3 2 1 0 3647 3569 3296 3648 3570 3297
3450 6 3 2 1 0 3648 3570 3297 3649 3571 3298
3451 6 3 2 1 0 3649 3571 3298 3650 3572 3299
3452 6 3 2 1 0 3650 3572 3299 3651 3573 3300
3453 6 3 2 1 0 3651 3573 3300 3652 3574 3301
3454 6 3 2 1 0 3652 3574 3301 3653 3575 3302
3455 6 3 2 1 0 3653 3575 3302 3654 3576 3303
3456 6 3 2 1 0 3654 3576 3303 1565 1563 1556
3457 6 3 2 1 0 827 825 815 3655 3577 3187
3458 6 3 2 1 0 3655 3577 3187 3656 3578 3188
3459 6 3 2 1 0 3656 3578 3188 3657 3579 3189
3460 6 3 2 1 0 3657 3579 3189 3658 3580 3190
3461 6 3 2 1 0 3658 3580 3190 3659 3581 3191
3462 6 3 2 1 0 3659 3581 3191 3660 3582 3192
3463 6 3 2 1 0 3660 3582 3192 3661 3583 3193
3464 6 3 2 1 0 3661 3583 3193 3662 3584 3194
3465 6 3 2 1 0 3662 3584 3194 3663 3585 3195
3466 6 3 2 1 0 3663 3585 3195 3664 3586 3196
3467 6 3 2 1 0 3664 3586 3196 3665 3587 3197
3468 6 3 2 1 0 3665 3587 3197 3666 3588 3198
3469 6 3 2 1 0 3666 3588 3198 3667 3589 3199
3470 6 3 2 1 0 3667 3589 3199 3668 3590 3200
3471 6 3 2 1 0 3668 3590 3200 3669 3591 3201
3472 6 3 2 1 0 3669 3591 3201 3670 3592 3202
3473 6 3 2 1 0 3670 3592 3202 3671 3593 3203
3474 6 3 2 1 0 3671 3593 3203 3672 3594 3204
3475 6 3 2 1 0 3672 3594 3204 3673 3595 3205
3476 6 3 2 1 0 3673 3595 3205 3674 3596 3206
3477 6 3 2 1 0 3674 3596 3206 3675 3597 3207
3478 6 3 2 1 0 3675 3597 3207 3676 3598 3208
3479 6 3 2 1 0 3676 3598 3208 3677 3599 3209
3480 6 3 2 1 0 3677 3599 3209 3678 3600 3210
3481 6 3 2 1 0 3678 3600 3210 3679 3601 3211
3482 6 3 2 1 0 3679 3601 3211 3680 3602 3212
3483 6 3 2 1 0 3680 3602 3212 3681 3603 3213
3484 6 3 2 1 0 3681 3603 3213 3682 3604 3214
3485 6 3 2 1 0 3682 3604 3214 3683 3605 3215
3486 6 3 2 1 0 3683 3605 3215 3684 3606 3216
3487 6 3 2 1 0 3684 3606 3216 3685 3607 3217
3488 6 3 2 1 0 3685 3607 3217 3686 3608 3218
3489 6 3 2 1 0 3686 3608 3218 3687 3609 3219
3490 6 3 2 1 0 3687 3609 3219 3688 3610 3220
3491 6 3 2 1 0 3688 3610 3220 3689 3611 3221
3492 6 3 2 1 0 3689 3611 3221 3690 3612 3222
3493 6 3 2 1 0 3690 3612 3222 3691 3613 3223
3494 6 3 2 1 0 3691 3613 3223 3692 3614 3224
3495 6 3 2 1 0 3692 3614 3224 3693 3615 3225
3496 6 3 2 1 0 3693 3615 3225 1566 1564 1554
3497 6 3 2 1 0 814 825 827 3148 3577 3655
3498 6 3 2 1 0 3148 3577 3655 3149 3578 3656
3499 6 3 2 1 0 3149 3578 3656 3150 3579 3657
3500 6 3 2 1 0 3150 3579 3657 3151 3580 3658
3501 6 3 2 1 0 3151 3580 3658 3152 3581 3659
3502 6 3 2 1 0 3152 3581 3659 3153 3582 3660
3503 6 3 2 1 0 3153 3582 3660 3154 3583 3661
3504 6 3 2 1 0 3154 3583 3661 3155 3584 3662
3505 6 3 2 1 0 3155 3584 3662 3156 3585 3663
3506 6 3 2 1 0 3156 3585 3663 3157 3586 3664
3507 6 3 2 1 0 3157 3586 3664 3158 3587 3665
3508 6 3 2 1 0 3158 3587 3665 3159 3588 3666
3509 6 3 2 1 0 3159 3588 3666 3160 3589 3667
3510 6 3 2 1 0 3160 3589 3667 3161 3590 3668
3511 6 3 2 1 0 3161 3590 3668 3162 3591 3669
3512 6 3 2 1 0 3162 3591 3669 3163 3592 3670
3513 6 3 2 1 0 3163 3592 3670 3164 3593 3671
3514 6 3 2 1 0 3164 3593 3671 3165 3594 3672
3515 6 3 2 1 0 3165 3594 3672 3166 3595 3673
3516 6 3 2 1 0 3166 3595 3673 3167 3596 3674
3517 6 3 2 1 0 3167 3596 3674 3168 3597 3675
3518 6 3 2 1 0 3168 3597 3675 3169 3598 3676
3519 6 3 2 1 0 3169 3598 3676 3170 3599 3677
3520 6 3 2 1 0 3170 3599 3677 3171 3600 3678
3521 6 3 2 1 0 3171 3600 3678 3172 3601 3679
3522 6 3 2 1 0 3172 3601 3679 3173 3602 3680
3523 6 3 2 1 0 3173 3602 3680 3174 3603 3681
3524 6 3 2 1 0 3174 3603 3681 3175 3604 3682
3525 6 3 2 1 0 3175 3604 3682 3176 3605 3683
3526 6 3 2 1 0 3176 3605 3683 3177 3606 3684
3527 6 3 2 1 0 3177 3606 3684 3178 3607 3685
3528 6 3 2 1 0 3178 3607 3685 3179 3608 3686
3529 6 3 2 1 0 3179 3608 3686 3180 3609 3687
3530 6 3 2 1 0 3180 3609 3687 3181 3610 3688
3531 6 3 2 1 0 3181 3610 3688 3182 3611 3689
3532 6 3 2 1 0 3182 3611 3689 3183 3612 3690
3533 6 3 2 1 0 3183 3612 3690 3184 3613 3691
3534 6 3 2 1 0 3184 3613 3691 3185 3614 3692
3535 6 3 2 1 0 3185 3614 3692 3186 3615 3693
3536 6 3 2 1 0 3186 3615 3693 1553 1564 1566
3537 6 3 2 1 0 817 824 828 3265 3538 3694
3538 6 3 2 1 0 3265 3538 3694 3266 3539 3695
3539 6 3 2 1 0 3266 3539 3695 3267 3540 3696
3540 6 3 2 1 0 3267 3540 3696 3268 3541 3697
3541 6 3 2 1 0 3268 3541 3697 3269 3542 3698
3542 6 3 2 1 0 3269 3542 3698 3270 3543 3699
3543 6 3 2 1 0 3270 3543 3699 3271 3544 3700
3544 6 3 2 1 0 3271 3544 3700 3272 3545 3701
3545 6 3 2 1 0 3272 3545 3701 3273 3546 3702
3546 6 3 2 1 0 3273 3546 3702 3274 3547 3703
3547 6 3 2 1 0 3274 3547 3703 3275 3548 3704
3548 6 3 2 1 0 3275 3548 3704 3276 3549 3705
3549 6 3 2 1 0 3276 3549 3705 3277 3550 3706
3550 6 3 2 1 0 3277 3550 3706 3278 3551 3707
3551 6 3 2 1 0 3278 3551 3707 3279 3552 3708
3552 6 3 2 1 0 3279 3552 3708 3280 3553 3709
3553 6 3 2 1 0 3280 3553 3709 3281 3554 3710
3554 6 3 2 1 0 3281 3554 3710 3282 3555 3711
3555 6 3 2 1 0 3282 3555 3711 3283 3556 3712
3556 6 3 2 1 0 3283 3556 3712 3284 3557 3713
3557 6 3 2 1 0 3284 3557 3713 3285 3558 3714
3558 6 3 2 1 0 3285 3558 3714 3286 3559 3715
3559 6 3 2 1 0 3286 3559 3715 3287 3560 3716
3560 6 3 2 1 0 3287 3560 3716 3288 3561 3717
3561 6 3 2 1 0 3288 3561 3717 3289 3562 3718
3562 6 3 2 1 0 3289 3562 3718 3290 3563 3719
3563 6 3 2 1 0 3290 3563 3719 3291 3564 3720
3564 6 3 2 1 0 3291 3564 3720 3292 3565 3721
3565 6 3 2 1 0 3292 3565 3721 3293 3566 3722
3566 6 3 2 1 0 3293 3566 3722 3294 3567 3723
3567 6 3 2 1 0 3294 3567 3723 3295 3568 3724
3568 6 3 2 1 0 3295 3568 3724 3296 3569 3725
3569 6 3 2 1 0 3296 3569 3725 3297 3570 3726
3570 6 3 2 1 0 3297 3570 3726 3298 3571 3727
3571 6 3 2 1 0 3298 3571 3727 3299 3572 3728
3572 6 3 2 1 0 3299 3572 3728 3300 3573 3729
3573 6 3 2 1 0 3300 3573 3729 3301 3574 3730
3574 6 3 2 1 0 3301 3574 3730 3302 3575 3731
3575 6 3 2 1 0 3302 3575 3731 3303 3576 3732
3576 6 3 2 1 0 3303 3576 3732 1556 1563 1567
3577 6 3 2 1 0 828 821 817 3694 3421 3265
3578 6 3 2 1 0 3694 3421 3265 3695 3422 3266
3579 6 3 2 1 0 3695 3422 3266 3696 3423 3267
3580 6 3 2 1 0 3696 3423 3267 3697 3424 3268
3581 6 3 2 1 0 3697 3424 3268 3698 3425 3269
3582 6 3 2 1 0 3698 3425 3269 3699 3426 3270
3583 6 3 2 1 0 3699 3426 3270 3700 3427 3271
3584 6 3 2 1 0 3700 3427 3271 3701 3428 3272
3585 6 3 2 1 0 3701 3428 3272 3702 3429 3273
3586 6 3 2 1 0 3702 3429 3273 3703 3430 3274
3587 6 3 2 1 0 3703 3430 3274 3704 3431 3275
3588 6 3 2 1 0 3704 3431 3275 3705 3432 3276
3589 6 3 2 1 0 3705 3432 3276 3706 3433 3277
3590 6 3 2 1 0 3706 3433 3277 3707 3434 3278
3591 6 3 2 1 0 3707 3434 3278 3708 3435 3279
3592 6 3 2 1 0 3708 3435 3279 3709 3436 3280
3593 6 3 2 1 0 3709 3436 3280 3710 3437 3281
3594 6 3 2 1 0 3710 3437 3281 3711 3438 3282
3595 6 3 2 1 0 3711 3438 3282 3712 3439 3283
3596 6 3 2 1 0 3712 3439 3283 3713 3440 3284
3597 6 3 2 1 0 3713 3440 3284 3714 3441 3285
3598 6 3 2 1 0 3714 3441 3285 3715 3442 3286
3599 6 3 2 1 0 3715 3442 3286 3716 3443 3287
3600 6 3 2 1 0 3716 3443 3287 3717 3444 3288
3601 6 3 2 1 0 3717 3444 3288 3718 3445 3289
3602 6 3 2 1 0 3718 3445 3289 3719 3446 3290
3603 6 3 2 1 0 3719 3446 3290 3720 3447 3291
3604 6 3 2 1 0 3720 3447 3291 3721 3448 3292
3605 6 3 2 1 0 3721 3448 3292 3722 3449 3293
3606 6 3 2 1 0 3722 3449 3293 3723 3450 3294
3607 6 3 2 1 0 3723 3450 3294 3724 3451 3295
3608 6 3 2 1 0 3724 3451 3295 3725 3452 3296
3609 6 3 2 1 0 3725 3452 3296 3726 3453 3297
3610 6 3 2 1 0 3726 3453 3297 3727 3454 3298
3611 6 3 2 1 0 3727 3454 3298 3728 3455 3299
3612 6 3 2 1 0 3728 3455 3299 3729 3456 3300
3613 6 3 2 1 0 3729 3456 3300 3730 3457 3301
3614 6 3 2 1 0 3730 3457 3301 3731 3458 3302
3615 6 3 2 1 0 3731 3458 3302 3732 3459 3303
3616 6 3 2 1 0 3732 3459 3303 1567 1560 1556
3617 6 3 2 1 0 815 825 829 3187 3577 3733
3618 6 3 2 1 0 3187 3577 3733 3188 3578 3734
3619 6 3 2 1 0 3188 3578 3734 3189 3579 3735
3620 6 3 2 1 0 3189 3579 3735 3190 3580 3736
3621 6 3 2 1 0 3190 3580 3736 3191 3581 3737
3622 6 3 2 1 0 3191 3581 3737 3192 3582 3738
3623 6 3 2 1 0 3192 3582 3738 3193 3583 3739
3624 6 3 2 1 0 3193 3583 3739 3194 3584 3740
3625 6 3 2 1 0 3194 3584 3740 3195 3585 3741
3626 6 3 2 1 0 3195 3585 3741 3196 3586 3742
3627 6 3 2 1 0 3196 3586 3742 3197 3587 3743
3628 6 3 2 1 0 3197 3587 3743 3198 3588 3744
3629 6 3 2 1 0 3198 3588 3744 3199 3589 3745
3630 6 3 2 1 0 3199 3589 3745 3200 3590 3746
3631 6 3 2 1 0 3200 3590 3746 3201 3591 3747
3632 6 3 2 1 0 3201 3591 3747 3202 3592 3748
3633 6 3 2 1 0 3202 3592 3748 3203 3593 3749
3634 6 3 2 1 0 3203 3593 3749 3204 3594 3750
3635 6 3 2 1 0 3204 3594 3750 3205 3595 3751
3636 6 3 2 1 0 3205 3595 3751 3206 3596 3752
3637 6 3 2 1 0 3206 3596 3752 3207 3597 3753
3638 6 3 2 1 0 3207 3597 3753 3208 3598 3754
3639 6 3 2 1 0 3208 3598 3754 3209 3599 3755
3640 6 3 2 1 0 3209 3599 3755 3210 3600 3756
3641 6 3 2 1 0 3210 3600 3756 3211 3601 3757
3642 6 3 2 1 0 3211 3601 3757 3212 3602 3758
3643 6 3 2 1 0 3212 3602 3758 3213 3603 3759
3644 6 3 2 1 0 3213 3603 3759 3214 3604 3760
3645 6 3 2 1 0 3214 3604 3760 3215 3605 3761
3646 6 3 2 1 0 3215 3605 3761 3216 3606 3762
3647 6 3 2 1 0 3216 3606 3762 3217 3607 3763
3648 6 3 2 1 0 3217 3607 3763 3218 3608 3764
3649 6 3 2 1 0 3218 3608 3764 3219 3609 3765
3650 6 3 2 1 0 3219 3609 3765 3220 3610 3766
3651 6 3 2 1 0 3220 3610 3766 3221 3611 3767
3652 6 3 2 1 0 3221 3611 3767 3222 3612 3768
3653 6 3 2 1 0 3222 3612 3768 3223 3613 3769
3654 6 3 2 1 0 3223 3613 3769 3224 3614 3770
3655 6 3 2 1 0 3224 3614 3770 3225 3615 3771
3656 6 3 2 1 0 3225 3615 3771 1554 1564 1568
3657 6 3 2 1 0 829 820 815 3733 3382 3187
3658 6 3 2 1 0 3733 3382 3187 3734 3383 3188
3659 6 3 2 1 0 3734 3383 3188 3735 3384 3189
3660 6 3 2 1 0 3735 3384 3189 3736 3385 3190
3661 6 3 2 1 0 3736 3385 3190 3737 3386 3191
3662 6 3 2 1 0 3737 3386 3191 3738 3387 3192
3663 6 3 2 1 0 3738 3387 3192 3739 3388 3193
3664 6 3 2 1 0 3739 3388 3193 3740 3389 3194
3665 6 3 2 1 0 3740 3389 3194 3741 3390 3195
3666 6 3 2 1 0 3741 3390 3195 3742 3391 3196
3667 6 3 2 1 0 3742 3391 3196 3743 3392 3197
3668 6 3 2 1 0 3743 3392 3197 3744 3393 3198
3669 6 3 2 1 0 3744 3393 3198 3745 3394 3199
3670 6 3 2 1 0 3745 3394 3199 3746 3395 3200
3671 6 3 2 1 0 3746 3395 3200 3747 3396 3201
3672 6 3 2 1 0 3747 3396 3201 3748 3397 3202
3673 6 3 2 1 0 3748 3397 3202 3749 3398 3203
3674 6 3 2 1 0 3749 3398 3203 3750 3399 3204
3675 6 3 2 1 0 3750 3399 3204 3751 3400 3205
3676 6 3 2 1 0 3751 3400 3205 3752 3401 3206
3677 6 3 2 1 0 3752 3401 3206 3753 3402 3207
3678 6 3 2 1 0 3753 3402 3207 3754 3403 3208
3679 6 3 2 1 0 3754 3403 3208 3755 3404 3209
3680 6 3 2 1 0 3755 3404 3209 3756 3405 3210
3681 6 3 2 1 0 3756 3405 3210 3757 3406 3211
3682 6 3 2 1 0 3757 3406 3211 3758 3407 3212
3683 6 3 2 1 0 3758 3407 3212 3759 3408 3213
3684 6 3 2 1 0 3759 3408 3213 3760 3409 3214
3685 6 3 2 1 0 3760 3409 3214 3761 3410 3215
3686 6 3 2 1 0 3761 3410 3215 3762 3411 3216
3687 6 3 2 1 0 3762 3411 3216 3763 3412 3217
3688 6 3 2 1 0 3763 3412 3217 3764 3413 3218
3689 6 3 2 1 0 3764 3413 3218 3765 3414 3219
3690 6 3 2 1 0 3765 3414 3219 3766 3415 3220
3691 6 3 2 1 0 3766 3415 3220 3767 3416 3221
3692 6 3 2 1 0 3767 3416 3221 3768 3417 3222
3693 6 3 2 1 0 3768 3417 3222 3769 3418 3223
3694 6 3 2 1 0 3769 3418 3223 3770 3419 3224
3695 6 3 2 1 0 3770 3419 3224 3771 3420 3225
3696 6 3 2 1 0 3771 3420 3225 1568 1559 1554
3697 6 3 2 1 0 830 825 813 3772 3577 3109
3698 6 3 2 1 0 3772 3577 3109 3773 3578 3110
3699 6 3 2 1 0 3773 3578 3110 3774 3579 3111
3700 6 3 2 1 0 3774 3579 3111 3775 3580 3112
3701 6 3 2 1 0 3775 3580 3112 3776 3581 3113
3702 6 3 2 1 0 3776 3581 3113 3777 3582 3114
3703 6 3 2 1 0 3777 3582 3114 3778 3583 3115
3704 6 3 2 1 0 3778 3583 3115 3779 3584 3116
3705 6 3 2 1 0 3779 3584 3116 3780 3585 3117
3706 6 3 2 1 0 3780 3585 3117 3781 3586 3118
3707 6 3 2 1 0 3781 3586 3118 3782 3587 3119
3708 6 3 2 1 0 3782 3587 3119 3783 3588 3120
3709 6 3 2 1 0 3783 3588 3120 3784 3589 3121
3710 6 3 2 1 0 3784 3589 3121 3785 3590 3122
3711 6 3 2 1 0 3785 3590 3122 3786 3591 3123
3712 6 3 2 1 0 3786 3591 3123 3787 3592 3124
3713 6 3 2 1 0 3787 3592 3124 3788 3593 3125
3714 6 3 2 1 0 3788 3593 3125 3789 3594 3126
3715 6 3 2 1 0 3789 3594 3126 3790 3595 3127
3716 6 3 2 1 0 3790 3595 3127 3791 3596 3128
3717 6 3 2 1 0 3791 3596 3128 3792 3597 3129
3718 6 3 2 1 0 3792 3597 3129 3793 3598 3130
3719 6 3 2 1 0 3793 3598 3130 3794 3599 3131
3720 6 3 2 1 0 3794 3599 3131 3795 3600 3132
3721 6 3 2 1 0 3795 3600 3132 3796 3601 3133
3722 6 3 2 1 0 3796 3601 3133 3797 3602 3134
3723 6 3 2 1 0 3797 3602 3134 3798 3603 3135
3724 6 3 2 1 0 3798 3603 3135 3799 3604 3136
3725 6 3 2 1 0 3799 3604 3136 3800 3605 3137
3726 6 3 2 1 0 3800 3605 3137 3801 3606 3138
3727 6 3 2 1 0 3801 3606 3138 3802 3607 3139
3728 6 3 2 1 0 3802 3607 3139 3803 3608 3140
3729 6 3 2 1 0 3803 3608 3140 3804 3609 3141
3730 6 3 2 1 0 3804 3609 3141 3805 3610 3142
3731 6 3 2 1 0 3805 3610 3142 3806 3611 3143
3732 6 3 2 1 0 3806 3611 3143 3807 3612 3144
3733 6 3 2 1 0 3807 3612 3144 3808 3613 3145
3734 6 3 2 1 0 3808 3613 3145 3809 3614 3146
3735 6 3 2 1 0 3809 3614 3146 3810 3615 3147
3736 6 3 2 1 0 3810 3615 3147 1569 1564 1552
3737 6 3 2 1 0 813 823 830 3109 3499 3772
3738 6 3 2 1 0 3109 3499 3772 3110 3500 3773
3739 6 3 2 1 0 3110 3500 3773 3111 3501 3774
3740 6 3 2 1 0 3111 3501 3774 3112 3502 3775
3741 6 3 2 1 0 3112 3502 3775 3113 3503 3776
3742 6 3 2 1 0 3113 3503 3776 3114 3504 3777
3743 6 3 2 1 0 3114 3504 3777 3115 3505 3778
3744 6 3 2 1 0 3115 3505 3778 3116 3506 3779
3745 6 3 2 1 0 3116 3506 3779 3117 3507 3780
3746 6 3 2 1 0 3117 3507 3780 3118 3508 3781
3747 6 3 2 1 0 3118 3508 3781 3119 3509 3782
3748 6 3 2 1 0 3119 3509 3782 3120 3510 3783
3749 6 3 2 1 0 3120 3510 3783 3121 3511 3784
3750 6 3 2 1 0 3121 3511 3784 3122 3512 3785
3751 6 3 2 1 0 3122 3512 3785 3123 3513 3786
3752 6 3 2 1 0 3123 3513 3786 3124 3514 3787
3753 6 3 2 1 0 3124 3514 3787 3125 3515 3788
3754 6 3 2 1 0 3125 3515 3788 3126 3516 3789
3755 6 3 2 1 0 3126 3516 3789 3127 3517 3790
3756 6 3 2 1 0 3127 3517 3790 3128 3518 3791
3757 6 3 2 1 0 3128 3518 3791 3129 3519 3792
3758 6 3 2 1 0 3129 3519 3792 3130 3520 3793
3759 6 3 2 1 0 3130 3520 3793 3131 3521 3794
3760 6 3 2 1 0 3131 3521 3794 3132 3522 3795
3761 6 3 2 1 0 3132 3522 3795 3133 3523 3796
3762 6 3 2 1 0 3133 3523 3796 3134 3524 3797
3763 6 3 2 1 0 3134 3524 3797 3135 3525 3798
3764 6 3 2 1 0 3135 3525 3798 3136 3526 3799
3765 6 3 2 1 0 3136 3526 3799 3137 3527 3800
3766 6 3 2 1 0 3137 3527 3800 3138 3528 3801
3767 6 3 2 1 0 3138 3528 3801 3139 3529 3802
3768 6 3 2 1 0 3139 3529 3802 3140 3530 3803
3769 6 3 2 1 0 3140 3530 3803 3141 3531 3804
3770 6 3 2 1 0 3141 3531 3804 3142 3532 3805
3771 6 3 2 1 0 3142 3532 3805 3143 3533 3806
3772 6 3 2 1 0 3143 3533 3806 3144 3534 3807
3773 6 3 2 1 0 3144 3534 3807 3145 3535 3808
3774 6 3 2 1 0 3145 3535 3808 3146 3536 3809
3775 6 3 2 1 0 3146 3536 3809 3147 3537 3810
3776 6 3 2 1 0 3147 3537 3810 1552 1562 1569
3777 6 3 2 1 0 831 824 812 3811 3538 3070
3778 6 3 2 1 0 3811 3538 3070 3812 3539 3071
3779 6 3 2 1 0 3812 3539 3071 3813 3540 3072
3780 6 3 2 1 0 3813 3540 3072 3814 3541 3073
3781 6 3 2 1 0 3814 3541 3073 3815 3542 3074
3782 6 3 2 1 0 3815 3542 3074 3816 3543 3075
3783 6 3 2 1 0 3816 3543 3075 3817 3544 3076
3784 6 3 2 1 0 3817 3544 3076 3818 3545 3077
3785 6 3 2 1 0 3818 3545 3077 3819 3546 3078
3786 6 3 2 1 0 3819 3546 3078 3820 3547 3079
3787 6 3 2 1 0 3820 3547 3079 3821 3548 3080
3788 6 3 2 1 0 3821 3548 3080 3822 3549 3081
3789 6 3 2 1 0 3822 3549 3081 3823 3550 3082
3790 6 3 2 1 0 3823 3550 3082 3824 3551 3083
3791 6 3 2 1 0 3824 3551 3083 3825 3552 3084
3792 6 3 2 1 0 3825 3552 3084 3826 3553 3085
3793 6 3 2 1 0 3826 3553 3085 3827 3554 3086
3794 6 3 2 1 0 3827 3554 3086 3828 3555 3087
3795 6 3 2 1 0 3828 3555 3087 3829 3556 3088
3796 6 3 2 1 0 3829 3556 3088 3830 3557 3089
3797 6 3 2 1 0 3830 3557 3089 3831 3558 3090
3798 6 3 2 1 0 3831 3558 3090 3832 3559 3091
3799 6 3 2 1 0 3832 3559 3091 3833 3560 3092
3800 6 3 2 1 0 3833 3560 3092 3834 3561 3093
3801 6 3 2 1 0 3834 3561 3093 3835 3562 3094
3802 6 3 2 1 0 3835 3562 3094 3836 3563 3095
3803 6 3 2 1 0 3836 3563 3095 3837 3564 3096
3804 6 3 2 1 0 3837 3564 3096 3838 3565 3097
3805 6 3 2 1 0 3838 3565 3097 3839 3566 3098
3806 6 3 2 1 0 3839 3566 3098 3840 3567 3099
3807 6 3 2 1 0 3840 3567 3099 3841 3568 3100
3808 6 3 2 1 0 3841 3568 3100 3842 3569 3101
3809 6 3 2 1 0 3842 3569 3101 3843 3570 3102
3810 6 3 2 1 0 3843 3570 3102 3844 3571 3103
3811 6 3 2 1 0 3844 3571 3103 3845 3572 3104
3812 6 3 2 1 0 3845 3572 3104 3846 3573 3105
3813 6 3 2 1 0 3846 3573 3105 3847 3574 3106
3814 6 3 2 1 0 3847 3574 3106 3848 3575 3107
3815 6 3 2 1 0 3848 3575 3107 3849 3576 3108
3816 6 3 2 1 0 3849 3576 3108 1570 1563 1551
3817 6 3 2 1 0 812 822 831 3070 3460 3811
3818 6 3 2 1 0 3070 3460 3811 3071 3461 3812
3819 6 3 2 1 0 3071 3461 3812 3072 3462 3813
3820 6 3 2 1 0 3072 3462 3813 3073 3463 3814
3821 6 3 2 1 0 3073 3463 3814 3074 3464 3815
3822 6 3 2 1 0 3074 3464 3815 3075 3465 3816
3823 6 3 2 1 0 3075 3465 3816 3076 3466 3817
3824 6 3 2 1 0 3076 3466 3817 3077 3467 3818
3825 6 3 2 1 0 3077 3467 3818 3078 3468 3819
3826 6 3 2 1 0 3078 3468 3819 3079 3469 3820
3827 6 3 2 1 0 3079 3469 3820 3080 3470 3821
3828 6 3 2 1 0 3080 3470 3821 3081 3471 3822
3829 6 3 2 1 0 3081 3471 3822 3082 3472 3823
3830 6 3 2 1 0 3082 3472 3823 3083 3473 3824
3831 6 3 2 1 0 3083 3473 3824 3084 3474 3825
3832 6 3 2 1 0 3084 3474 3825 3085 3475 3826
3833 6 3 2 1 0 3085 3475 3826 3086 3476 3827
3834 6 3 2 1 0 3086 3476 3827 3087 3477 3828
3835 6 3 2 1 0 3087 3477 3828 3088 3478 3829
3836 6 3 2 1 0 3088 3478 3829 3089 3479 3830
3837 6 3 2 1 0 3089 3479 3830 3090 3480 3831
3838 6 3 2 1 0 3090 3480 3831 3091 3481 3832
3839 6 3 2 1 0 3091 3481 3832 3092 3482 3833
3840 6 3 2 1 0 3092 3482 3833 3093 3483 3834
3841 6 3 2 1 0 3093 3483 3834 3094 3484 3835
3842 6 3 2 1 0 3094 3484 3835 3095 3485 3836
3843 6 3 2 1 0 3095 3485 3836 3096 3486 3837
3844 6 3 2 1 0 3096 3486 3837 3097 3487 3838
3845 6 3 2 1 0 3097 3487 3838 3098 3488 3839
3846 6 3 2 1 0 3098 3488 3839 3099 3489 3840
3847 6 3 2 1 0 3099 3489 3840 3100 3490 3841
3848 6 3 2 1 0 3100 3490 3841 3101 3491 3842
3849 6 3 2 1 0 3101 3491 3842 3102 3492 3843
3850 6 3 2 1 0 3102 3492 3843 3103 3493 3844
3851 6 3 2 1 0 3103 3493 3844 3104 3494 3845
3852 6 3 2 1 0 3104 3494 3845 3105 3495 3846
3853 6 3 2 1 0 3105 3495 3846 3106 3496 3847
3854 6 3 2 1 0 3106 3496 3847 3107 3497 3848
3855 6 3 2 1 0 3107 3497 3848 3108 3498 3849
3856 6 3 2 1 0 3108 3498 3849 1551 1561 1570
3857 6 3 2 1 0 832 51 816 3850 1394 3226
3858 6 3 2 1 0 3850 1394 3226 3851 1395 3227
3859 6 3 2 1 0 3851 1395 3227 3852 1396 3228
3860 6 3 2 1 0 3852 1396 3228 3853 1397 3229
3861 6 3 2 1 0 3853 1397 3229 3854 1398 3230
3862 6 3 2 1 0 3854 1398 3230 3855 1399 3231
3863 6 3 2 1 0 3855 1399 3231 3856 1400 3232
3864 6 3 2 1 0 3856 1400 3232 3857 1401 3233
3865 6 3 2 1 0 3857 1401 3233 3858 1402 3234
3866 6 3 2 1 0 3858 1402 3234 3859 1403 3235
3867 6 3 2 1 0 3859 1403 3235 3860 1404 3236
3868 6 3 2 1 0 3860 1404 3236 3861 1405 3237
3869 6 3 2 1 0 3861 1405 3237 3862 1406 3238
3870 6 3 2 1 0 3862 1406 3238 3863 1407 3239
3871 6 3 2 1 0 3863 1407 3239 3864 1408 3240
3872 6 3 2 1 0 3864 1408 3240 3865 1409 3241
3873 6 3 2 1 0 3865 1409 3241 3866 1410 3242
3874 6 3 2 1 0 3866 1410 3242 3867 1411 3243
3875 6 3 2 1 0 3867 1411 3243 3868 1412 3244
3876 6 3 2 1 0 3868 1412 3244 3869 1413 3245
3877 6 3 2 1 0 3869 1413 3245 3870 1414 3246
3878 6 3 2 1 0 3870 1414 3246 3871 1415 3247
3879 6 3 2 1 0 3871 1415 3247 3872 1416 3248
3880 6 3 2 1 0 3872 1416 3248 3873 1417 3249
3881 6 3 2 1 0 3873 1417 3249 3874 1418 3250
3882 6 3 2 1 0 3874 1418 3250 3875 1419 3251
3883 6 3 2 1 0 3875 1419 3251 3876 1420 3252
3884 6 3 2 1 0 3876 1420 3252 3877 1421 3253
3885 6 3 2 1 0 3877 1421 3253 3878 1422 3254
3886 6 3 2 1 0 3878 1422 3254 3879 1423 3255
3887 6 3 2 1 0 3879 1423 3255 3880 1424 3256
3888 6 3 2 1 0 3880 1424 3256 3881 1425 3257
3889 6 3 2 1 0 3881 1425 3257 3882 1426 3258
3890 6 3 2 1 0 3882 1426 3258 3883 1427 3259
3891 6 3 2 1 0 3883 1427 3259 3884 1428 3260
3892 6 3 2 1 0 3884 1428 3260 3885 1429 3261
3893 6 3 2 1 0 3885 1429 3261 3886 1430 3262
3894 6 3 2 1 0 3886 1430 3262 3887 1431 3263
3895 6 3 2 1 0 3887 1431 3263 3888 1432 3264
3896 6 3 2 1 0 3888 1432 3264 1571 69 1555
3897 6 3 2 1 0 832 823 813 3850 3499 3109
3898 6 3 2 1 0 3850 3499 3109 3851 3500 3110
3899 6 3 2 1 0 3851 3500 3110 3852 3501 3111
3900 6 3 2 1 0 3852 3501 3111 3853 3502 3112
3901 6 3 2 1 0 3853 3502 3112 3854 3503 3113
3902 6 3 2 1 0 3854 3503 3113 3855 3504 3114
3903 6 3 2 1 0 3855 3504 3114 3856 3505 3115
3904 6 3 2 1 0 3856 3505 3115 3857 3506 3116
3905 6 3 2 1 0 3857 3506 3116 3858 3507 3117
3906 6 3 2 1 0 3858 3507 3117 3859 3508 3118
3907 6 3 2 1 0 3859 3508 3118 3860 3509 3119
3908 6 3 2 1 0 3860 3509 3119 3861 3510 3120
3909 6 3 2 1 0 3861 3510 3120 3862 3511 3121
3910 6 3 2 1 0 3862 3511 3121 3863 3512 3122
3911 6 3 2 1 0 3863 3512 3122 3864 3513 3123
3912 6 3 2 1 0 3864 3513 3123 3865 3514 3124
3913 6 3 2 1 0 3865 3514 3124 3866 3515 3125
3914 6 3 2 1 0 3866 3515 3125 3867 3516 3126
3915 6 3 2 1 0 3867 3516 3126 3868 3517 3127
3916 6 3 2 1 0 3868 3517 3127 3869 3518 3128
3917 6 3 2 1 0 3869 3518 3128 3870 3519 3129
3918 6 3 2 1 0 3870 3519 3129 3871 3520 3130
3919 6 3 2 1 0 3871 3520 3130 3872 3521 3131
3920 6 3 2 1 0 3872 3521 3131 3873 3522 3132
3921 6 3 2 1 0 3873 3522 3132 3874 3523 3133
3922 6 3 2 1 0 3874 3523 3133 3875 3524 3134
3923 6 3 2 1 0 3875 3524 3134 3876 3525 3135
3924 6 3 2 1 0 3876 3525 3135 3877 3526 3136
3925 6 3 2 1 0 3877 3526 3136 3878 3527 3137
3926 6 3 2 1 0 3878 3527 3137 3879 3528 3138
3927 6 3 2 1 0 3879 3528 3138 3880 3529 3139
3928 6 3 2 1 0 3880 3529 3139 3881 3530 3140
3929 6 3 2 1 0 3881 3530 3140 3882 3531 3141
3930 6 3 2 1 0 3882 3531 3141 3883 3532 3142
3931 6 3 2 1 0 3883 3532 3142 3884 3533 3143
3932 6 3 2 1 0 3884 3533 3143 3885 3534 3144
3933 6 3 2 1 0 3885 3534 3144 3886 3535 3145
3934 6 3 2 1 0 3886 3535 3145 3887 3536 3146
3935 6 3 2 1 0 3887 3536 3146 3888 3537 3147
3936 6 3 2 1 0 3888 3537 3147 1571 1562 1552
3937 6 3 2 1 0 833 42 818 3889 1043 3304
3938 6 3 2 1 0 3889 1043 3304 3890 1044 3305
3939 6 3 2 1 0 3890 1044 3305 3891 1045 3306
3940 6 3 2 1 0 3891 1045 3306 3892 1046 3307
3941 6 3 2 1 0 3892 1046 3307 3893 1047 3308
3942 6 3 2 1 0 3893 1047 3308 3894 1048 3309
3943 6 3 2 1 0 3894 1048 3309 3895 1049 3310
3944 6 3 2 1 0 3895 1049 3310 3896 1050 3311
3945 6 3 2 1 0 3896 1050 3311 3897 1051 3312
3946 6 3 2 1 0 3897 1051 3312 3898 1052 3313
3947 6 3 2 1 0 3898 1052 3313 3899 1053 3314
3948 6 3 2 1 0 3899 1053 3314 3900 1054 3315
3949 6 3 2 1 0 3900 1054 3315 3901 1055 3316
3950 6 3 2 1 0 3901 1055 3316 3902 1056 3317
3951 6 3 2 1 0 3902 1056 3317 3903 1057 3318
3952 6 3 2 1 0 3903 1057 3318 3904 1058 3319
3953 6 3 2 1 0 3904 1058 3319 3905 1059 3320
3954 6 3 2 1 0 3905 1059 3320 3906 1060 3321
3955 6 3 2 1 0 3906 1060 3321 3907 1061 3322
3956 6 3 2 1 0 3907 1061 3322 3908 1062 3323
3957 6 3 2 1 0 3908 1062 3323 3909 1063 3324
3958 6 3 2 1 0 3909 1063 3324 3910 1064 3325
3959 6 3 2 1 0 3910 1064 3325 3911 1065 3326
3960 6 3 2 1 0 3911 1065 3326 3912 1066 3327
3961 6 3 2 1 0 3912 1066 3327 3913 1067 3328
3962 6 3 2 1 0 3913 1067 3328 3914 1068 3329
3963 6 3 2 1 0 3914 1068 3329 3915 1069 3330
3964 6 3 2 1 0 3915 1069 3330 3916 1070 3331
3965 6 3 2 1 0 3916 1070 3331 3917 1071 3332
3966 6 3 2 1 0 3917 1071 3332 3918 1072 3333
3967 6 3 2 1 0 3918 1072 3333 3919 1073 3334
3968 6 3 2 1 0 3919 1073 3334 3920 1074 3335
3969 6 3 2 1 0 3920 1074 3335 3921 1075 3336
3970 6 3 2 1 0 3921 1075 3336 3922 1076 3337
3971 6 3 2 1 0 3922 1076 3337 3923 1077 3338
3972 6 3 2 1 0 3923 1077 3338 3924 1078 3339
3973 6 3 2 1 0 3924 1078 3339 3925 1079 3340
3974 6 3 2 1 0 3925 1079 3340 3926 1080 3341
3975 6 3 2 1 0 3926 1080 3341 3927 1081 3342
3976 6 3 2 1 0 3927 1081 3342 1572 60 1557
3977 6 3 2 1 0 833 822 812 3889 3460 3070
3978 6 3 2 1 0 3889 3460 3070 3890 3461 3071
3979 6 3 2 1 0 3890 3461 3071 3891 3462 3072
3980 6 3 2 1 0 3891 3462 3072 3892 3463 3073
3981 6 3 2 1 0 3892 3463 3073 3893 3464 3074
3982 6 3 2 1 0 3893 3464 3074 3894 3465 3075
3983 6 3 2 1 0 3894 3465 3075 3895 3466 3076
3984 6 3 2 1 0 3895 3466 3076 3896 3467 3077
3985 6 3 2 1 0 3896 3467 3077 3897 3468 3078
3986 6 3 2 1 0 3897 3468 3078 3898 3469 3079
3987 6 3 2 1 0 3898 3469 3079 3899 3470 3080
3988 6 3 2 1 0 3899 3470 3080 3900 3471 3081
3989 6 3 2 1 0 3900 3471 3081 3901 3472 3082
3990 6 3 2 1 0 3901 3472 3082 3902 3473 3083
3991 6 3 2 1 0 3902 3473 3083 3903 3474 3084
3992 6 3 2 1 0 3903 3474 3084 3904 3475 3085
3993 6 3 2 1 0 3904 3475 3085 3905 3476 3086
3994 6 3 2 1 0 3905 3476 3086 3906 3477 3087
3995 6 3 2 1 0 3906 3477 3087 3907 3478 3088
3996 6 3 2 1 0 3907 3478 3088 3908 3479 3089
3997 6 3 2 1 0 3908 3479 3089 3909 3480 3090
3998 6 3 2 1 0 3909 3480 3090 3910 3481 3091
3999 6 3 2 1 0 3910 3481 3091 3911 3482 3092
4000 6 3 2 1 0 3911 3482 3092 3912 3483 3093
4001 6 3 2 1 0 3912 3483 3093 3913 3484 3094
4002 6 3 2 1 0 3913 3484 3094 3914 3485 3095
4003 6 3 2 1 0 3914 3485 3095 3915 3486 3096
4004 6 3 2 1 0 3915 3486 3096 3916 3487 3097
4005 6 3 2 1 0 3916 3487 3097 3917 3488 3098
4006 6 3 2 1 0 3917 3488 3098 3918 3489 3099
4007 6 3 2 1 0 3918 3489 3099 3919 3490 3100
4008 6 3 2 1 0 3919 3490 3100 3920 3491 3101
4009 6 3 2 1 0 3920 3491 3101 3921 3492 3102
4010 6 3 2 1 0 3921 3492 3102 3922 3493 3103
4011 6 3 2 1 0 3922 3493 3103 3923 3494 3104
4012 6 3 2 1 0 3923 3494 3104 3924 3495 3105
4013 6 3 2 1 0 3924 3495 3105 3925 3496 3106
4014 6 3 2 1 0 3925 3496 3106 3926 3497 3107
4015 6 3 2 1 0 3926 3497 3107 3927 3498 3108
4016 6 3 2 1 0 3927 3498 3108 1572 1561 1551
4017 6 3 2 1 0 836 37 38 4006 848 887
4018 6 3 2 1 0 4006 848 887 4007 849 888
4019 6 3 2 1 0 4007 849 888 4008 850 889
4020 6 3 2 1 0 4008 850 889 4009 851 890
4021 6 3 2 1 0 4009 851 890 4010 852 891
4022 6 3 2 1 0 4010 852 891 4011 853 892
4023 6 3 2 1 0 4011 853 892 4012 854 893
4024 6 3 2 1 0 4012 854 893 4013 855 894
4025 6 3 2 1 0 4013 855 894 4014 856 895
4026 6 3 2 1 0 4014 856 895 4015 857 896
4027 6 3 2 1 0 4015 857 896 4016 858 897
4028 6 3 2 1 0 4016 858 897 4017 859 898
4029 6 3 2 1 0 4017 859 898 4018 860 899
4030 6 3 2 1 0 4018 860 899 4019 861 900
4031 6 3 2 1 0 4019 861 900 4020 862 901
4032 6 3 2 1 0 4020 862 901 4021 863 902
4033 6 3 2 1 0 4021 863 902 4022 864 903
4034 6 3 2 1 0 4022 864 903 4023 865 904
4035 6 3 2 1 0 4023 865 904 4024 866 905
4036 6 3 2 1 0 4024 866 905 4025 867 906
4037 6 3 2 1 0 4025 867 906 4026 868 907
4038 6 3 2 1 0 4026 868 907 4027 869 908
4039 6 3 2 1 0 4027 869 908 4028 870 909
4040 6 3 2 1 0 4028 870 909 4029 871 910
4041 6 3 2 1 0 4029 871 910 4030 872 911
4042 6 3 2 1 0 4030 872 911 4031 873 912
4043 6 3 2 1 0 4031 873 912 4032 874 913
4044 6 3 2 1 0 4032 874 913 4033 875 914
4045 6 3 2 1 0 4033 875 914 4034 876 915
4046 6 3 2 1 0 4034 876 915 4035 877 916
4047 6 3 2 1 0 4035 877 916 4036 878 917
4048 6 3 2 1 0 4036 878 917 4037 879 918
4049 6 3 2 1 0 4037 879 918 4038 880 919
4050 6 3 2 1 0 4038 880 919 4039 881 920
4051 6 3 2 1 0 4039 881 920 4040 882 921
4052 6 3 2 1 0 4040 882 921 4041 883 922
4053 6 3 2 1 0 4041 883 922 4042 884 923
4054 6 3 2 1 0 4042 884 923 4043 885 924
4055 6 3 2 1 0 4043 885 924 4044 886 925
4056 6 3 2 1 0 4044 886 925 1575 55 56
4057 6 3 2 1 0 836 826 817 4006 3616 3265
4058 6 3 2 1 0 4006 3616 3265 4007 3617 3266
4059 6 3 2 1 0 4007 3617 3266 4008 3618 3267
4060 6 3 2 1 0 4008 3618 3267 4009 3619 3268
4061 6 3 2 1 0 4009 3619 3268 4010 3620 3269
4062 6 3 2 1 0 4010 3620 3269 4011 3621 3270
4063 6 3 2 1 0 4011 3621 3270 4012 3622 3271
4064 6 3 2 1 0 4012 3622 3271 4013 3623 3272
4065 6 3 2 1 0 4013 3623 3272 4014 3624 3273
4066 6 3 2 1 0 4014 3624 3273 4015 3625 3274
4067 6 3 2 1 0 4015 3625 3274 4016 3626 3275
4068 6 3 2 1 0 4016 3626 3275 4017 3627 3276
4069 6 3 2 1 0 4017 3627 3276 4018 3628 3277
4070 6 3 2 1 0 4018 3628 3277 4019 3629 3278
4071 6 3 2 1 0 4019 3629 3278 4020 3630 3279
4072 6 3 2 1 0 4020 3630 3279 4021 3631 3280
4073 6 3 2 1 0 4021 3631 3280 4022 3632 3281
4074 6 3 2 1 0 4022 3632 3281 4023 3633 3282
4075 6 3 2 1 0 4023 3633 3282 4024 3634 3283
4076 6 3 2 1 0 4024 3634 3283 4025 3635 3284
4077 6 3 2 1 0 4025 3635 3284 4026 3636 3285
4078 6 3 2 1 0 4026 3636 3285 4027 3637 3286
4079 6 3 2 1 0 4027 3637 3286 4028 3638 3287
4080 6 3 2 1 0 4028 3638 3287 4029 3639 3288
4081 6 3 2 1 0 4029 3639 3288 4030 3640 3289
4082 6 3 2 1 0 4030 3640 3289 4031 3641 3290
4083 6 3 2 1 0 4031 3641 3290 4032 3642 3291
4084 6 3 2 1 0 4032 3642 3291 4033 3643 3292
4085 6 3 2 1 0 4033 3643 3292 4034 3644 3293
4086 6 3 2 1 0 4034 3644 3293 4035 3645 3294
4087 6 3 2 1 0 4035 3645 3294 4036 3646 3295
4088 6 3 2 1 0 4036 3646 3295 4037 3647 3296
4089 6 3 2 1 0 4037 3647 3296 4038 3648 3297
4090 6 3 2 1 0 4038 3648 3297 4039 3649 3298
4091 6 3 2 1 0 4039 3649 3298 4040 3650 3299
4092 6 3 2 1 0 4040 3650 3299 4041 3651 3300
4093 6 3 2 1 0 4041 3651 3300 4042 3652 3301
4094 6 3 2 1 0 4042 3652 3301 4043 3653 3302
4095 6 3 2 1 0 4043 3653 3302 4044 3654 3303
4096 6 3 2 1 0 4044 3654 3303 1575 1565 1556
4097 6 3 2 1 0 38 826 836 887 3616 4006
4098 6 3 2 1 0 887 3616 4006 888 3617 4007
4099 6 3 2 1 0 888 3617 4007 889 3618 4008
4100 6 3 2 1 0 889 3618 4008 890 3619 4009
4101 6 3 2 1 0 890 3619 4009 891 3620 4010
4102 6 3 2 1 0 891 3620 4010 892 3621 4011
4103 6 3 2 1 0 892 3621 4011 893 3622 4012
4104 6 3 2 1 0 893 3622 4012 894 3623 4013
4105 6 3 2 1 0 894 3623 4013 895 3624 4014
4106 6 3 2 1 0 895 3624 4014 896 3625 4015
4107 6 3 2 1 0 896 3625 4015 897 3626 4016
4108 6 3 2 1 0 897 3626 4016 898 3627 4017
4109 6 3 2 1 0 898 3627 4017 899 3628 4018
4110 6 3 2 1 0 899 3628 4018 900 3629 4019
4111 6 3 2 1 0 900 3629 4019 901 3630 4020
4112 6 3 2 1 0 901 3630 4020 902 3631 4021
4113 6 3 2 1 0 902 3631 4021 903 3632 4022
4114 6 3 2 1 0 903 3632 4022 904 3633 4023
4115 6 3 2 1 0 904 3633 4023 905 3634 4024
4116 6 3 2 1 0 905 3634 4024 906 3635 4025
4117 6 3 2 1 0 906 3635 4025 907 3636 4026
4118 6 3 2 1 0 907 3636 4026 908 3637 4027
4119 6 3 2 1 0 908 3637 4027 909 3638 4028
4120 6 3 2 1 0 909 3638 4028 910 3639 4029
4121 6 3 2 1 0 910 3639 4029 911 3640 4030
4122 6 3 2 1 0 911 3640 4030 912 3641 4031
4123 6 3 2 1 0 912 3641 4031 913 3642 4032
4124 6 3 2 1 0 913 3642 4032 914 3643 4033
4125 6 3 2 1 0 914 3643 4033 915 3644 4034
4126 6 3 2 1 0 915 3644 4034 916 3645 4035
4127 6 3 2 1 0 916 3645 4035 917 3646 4036
4128 6 3 2 1 0 917 3646 4036 918 3647 4037
4129 6 3 2 1 0 918 3647 4037 919 3648 4038
4130 6 3 2 1 0 919 3648 4038 920 3649 4039
4131 6 3 2 1 0 920 3649 4039 921 3650 4040
4132 6 3 2 1 0 921 3650 4040 922 3651 4041
4133 6 3 2 1 0 922 3651 4041 923 3652 4042
4134 6 3 2 1 0 923 3652 4042 924 3653 4043
4135 6 3 2 1 0 924 3653 4043 925 3654 4044
4136 6 3 2 1 0 925 3654 4044 56 1565 1575
4137 6 3 2 1 0 837 46 47 4045 1199 1238
4138 6 3 2 1 0 4045 1199 1238 4046 1200 1239
4139 6 3 2 1 0 4046 1200 1239 4047 1201 1240
4140 6 3 2 1 0 4047 1201 1240 4048 1202 1241
4141 6 3 2 1 0 4048 1202 1241 4049 1203 1242
4142 6 3 2 1 0 4049 1203 1242 4050 1204 1243
4143 6 3 2 1 0 4050 1204 1243 4051 1205 1244
4144 6 3 2 1 0 4051 1205 1244 4052 1206 1245
4145 6 3 2 1 0 4052 1206 1245 4053 1207 1246
4146 6 3 2 1 0 4053 1207 1246 4054 1208 1247
4147 6 3 2 1 0 4054 1208 1247 4055 1209 1248
4148 6 3 2 1 0 4055 1209 1248 4056 1210 1249
4149 6 3 2 1 0 4056 1210 1249 4057 1211 1250
4150 6 3 2 1 0 4057 1211 1250 4058 1212 1251
4151 6 3 2 1 0 4058 1212 1251 4059 1213 1252
4152 6 3 2 1 0 4059 1213 1252 4060 1214 1253
4153 6 3 2 1 0 4060 1214 1253 4061 1215 1254
4154 6 3 2 1 0 4061 1215 1254 4062 1216 1255
4155 6 3 2 1 0 4062 1216 1255 4063 1217 1256
4156 6 3 2 1 0 4063 1217 1256 4064 1218 1257
4157 6 3 2 1 0 4064 1218 1257 4065 1219 1258
4158 6 3 2 1 0 4065 1219 1258 4066 1220 1259
4159 6 3 2 1 0 4066 1220 1259 4067 1221 1260
4160 6 3 2 1 0 4067 1221 1260 4068 1222 1261
4161 6 3 2 1 0 4068 1222 1261 4069 1223 1262
4162 6 3 2 1 0 4069 1223 1262 4070 1224 1263
4163 6 3 2 1 0 4070 1224 1263 4071 1225 1264
4164 6 3 2 1 0 4071 1225 1264 4072 1226 1265
4165 6 3 2 1 0 4072 1226 1265 4073 1227 1266
4166 6 3 2 1 0 4073 1227 1266 4074 1228 1267
4167 6 3 2 1 0 4074 1228 1267 4075 1229 1268
4168 6 3 2 1 0 4075 1229 1268 4076 1230 1269
4169 6 3 2 1 0 4076 1230 1269 4077 1231 1270
4170 6 3 2 1 0 4077 1231 1270 4078 1232 1271
4171 6 3 2 1 0 4078 1232 1271 4079 1233 1272
4172 6 3 2 1 0 4079 1233 1272 4080 1234 1273
4173 6 3 2 1 0 4080 1234 1273 4081 1235 1274
4174 6 3 2 1 0 4081 1235 1274 4082 1236 1275
4175 6 3 2 1 0 4082 1236 1275 4083 1237 1276
4176 6 3 2 1 0 4083 1237 1276 1576 64 65
4177 6 3 2 1 0 837 827 815 4045 3655 3187
4178 6 3 2 1 0 4045 3655 3187 4046 3656 3188
4179 6 3 2 1 0 4046 3656 3188 4047 3657 3189
4180 6 3 2 1 0 4047 3657 3189 4048 3658 3190
4181 6 3 2 1 0 4048 3658 3190 4049 3659 3191
4182 6 3 2 1 0 4049 3659 3191 4050 3660 3192
4183 6 3 2 1 0 4050 3660 3192 4051 3661 3193
4184 6 3 2 1 0 4051 3661 3193 4052 3662 3194
4185 6 3 2 1 0 4052 3662 3194 4053 3663 3195
4186 6 3 2 1 0 4053 3663 3195 4054 3664 3196
4187 6 3 2 1 0 4054 3664 3196 4055 3665 3197
4188 6 3 2 1 0 4055 3665 3197 4056 3666 3198
4189 6 3 2 1 0 4056 3666 3198 4057 3667 3199
4190 6 3 2 1 0 4057 3667 3199 4058 3668 3200
4191 6 3 2 1 0 4058 3668 3200 4059 3669 3201
4192 6 3 2 1 0 4059 3669 3201 4060 3670 3202
4193 6 3 2 1 0 4060 3670 3202 4061 3671 3203
4194 6 3 2 1 0 4061 3671 3203 4062 3672 3204
4195 6 3 2 1 0 4062 3672 3204 4063 3673 3205
4196 6 3 2 1 0 4063 3673 3205 4064 3674 3206
4197 6 3 2 1 0 4064 3674 3206 4065 3675 3207
4198 6 3 2 1 0 4065 3675 3207 4066 3676 3208
4199 6 3 2 1 0 4066 3676 3208 4067 3677 3209
4200 6 3 2 1 0 4067 3677 3209 4068 3678 3210
4201 6 3 2 1 0 4068 3678 3210 4069 3679 3211
4202 6 3 2 1 0 4069 3679 3211 4070 3680 3212
4203 6 3 2 1 0 4070 3680 3212 4071 3681 3213
4204 6 3 2 1 0 4071 3681 3213 4072 3682 3214
4205 6 3 2 1 0 4072 3682 3214 4073 3683 3215
4206 6 3 2 1 0 4073 3683 3215 4074 3684 3216
4207 6 3 2 1 0 4074 3684 3216 4075 3685 3217
4208 6 3 2 1 0 4075 3685 3217 4076 3686 3218
4209 6 3 2 1 0 4076 3686 3218 4077 3687 3219
4210 6 3 2 1 0 4077 3687 3219 4078 3688 3220
4211 6 3 2 1 0 4078 3688 3220 4079 3689 3221
4212 6 3 2 1 0 4079 3689 3221 4080 3690 3222
4213 6 3 2 1 0 4080 3690 3222 4081 3691 3223
4214 6 3 2 1 0 4081 3691 3223 4082 3692 3224
4215 6 3 2 1 0 4082 3692 3224 4083 3693 3225
4216 6 3 2 1 0 4083 3693 3225 1576 1566 1554
4217 6 3 2 1 0 47 827 837 1238 3655 4045
4218 6 3 2 1 0 1238 3655 4045 1239 3656 4046
4219 6 3 2 1 0 1239 3656 4046 1240 3657 4047
4220 6 3 2 1 0 1240 3657 4047 1241 3658 4048
4221 6 3 2 1 0 1241 3658 4048 1242 3659 4049
4222 6 3 2 1 0 1242 3659 4049 1243 3660 4050
4223 6 3 2 1 0 1243 3660 4050 1244 3661 4051
4224 6 3 2 1 0 1244 3661 4051 1245 3662 4052
4225 6 3 2 1 0 1245 3662 4052 1246 3663 4053
4226 6 3 2 1 0 1246 3663 4053 1247 3664 4054
4227 6 3 2 1 0 1247 3664 4054 1248 3665 4055
4228 6 3 2 1 0 1248 3665 4055 1249 3666 4056
4229 6 3 2 1 0 1249 3666 4056 1250 3667 4057
4230 6 3 2 1 0 1250 3667 4057 1251 3668 4058
4231 6 3 2 1 0 1251 3668 4058 1252 3669 4059
4232 6 3 2 1 0 1252 3669 4059 1253 3670 4060
4233 6 3 2 1 0 1253 3670 4060 1254 3671 4061
4234 6 3 2 1 0 1254 3671 4061 1255 3672 4062
4235 6 3 2 1 0 1255 3672 4062 1256 3673 4063
4236 6 3 2 1 0 1256 3673 4063 1257 3674 4064
4237 6 3 2 1 0 1257 3674 4064 1258 3675 4065
4238 6 3 2 1 0 1258 3675 4065 1259 3676 4066
4239 6 3 2 1 0 1259 3676 4066 1260 3677 4067
4240 6 3 2 1 0 1260 3677 4067 1261 3678 4068
4241 6 3 2 1 0 1261 3678 4068 1262 3679 4069
4242 6 3 2 1 0 1262 3679 4069 1263 3680 4070
4243 6 3 2 1 0 1263 3680 4070 1264 3681 4071
4244 6 3 2 1 0 1264 3681 4071 1265 3682 4072
4245 6 3 2 1 0 1265 3682 4072 1266 3683 4073
4246 6 3 2 1 0 1266 3683 4073 1267 3684 4074
4247 6 3 2 1 0 1267 3684 4074 1268 3685 4075
4248 6 3 2 1 0 1268 3685 4075 1269 3686 4076
4249 6 3 2 1 0 1269 3686 4076 1270 3687 4077
4250 6 3 2 1 0 1270 3687 4077 1271 3688 4078
4251 6 3 2 1 0 1271 3688 4078 1272 3689 4079
4252 6 3 2 1 0 1272 3689 4079 1273 3690 4080
4253 6 3 2 1 0 1273 3690 4080 1274 3691 4081
4254 6 3 2 1 0 1274 3691 4081 1275 3692 4082
4255 6 3 2 1 0 1275 3692 4082 1276 3693 4083
4256 6 3 2 1 0 1276 3693 4083 65 1566 1576
4257 6 3 2 1 0 831 811 828 3811 3031 3694
4258 6 3 2 1 0 3811 3031 3694 3812 3032 3695
4259 6 3 2 1 0 3812 3032 3695 3813 3033 3696
4260 6 3 2 1 0 3813 3033 3696 3814 3034 3697
4261 6 3 2 1 0 3814 3034 3697 3815 3035 3698
4262 6 3 2 1 0 3815 3035 3698 3816 3036 3699
4263 6 3 2 1 0 3816 3036 3699 3817 3037 3700
4264 6 3 2 1 0 3817 3037 3700 3818 3038 3701
4265 6 3 2 1 0 3818 3038 3701 3819 3039 3702
4266 6 3 2 1 0 3819 3039 3702 3820 3040 3703
4267 6 3 2 1 0 3820 3040 3703 3821 3041 3704
4268 6 3 2 1 0 3821 3041 3704 3822 3042 3705
4269 6 3 2 1 0 3822 3042 3705 3823 3043 3706
4270 6 3 2 1 0 3823 3043 3706 3824 3044 3707
4271 6 3 2 1 0 3824 3044 3707 3825 3045 3708
4272 6 3 2 1 0 3825 3045 3708 3826 3046 3709
4273 6 3 2 1 0 3826 3046 3709 3827 3047 3710
4274 6 3 2 1 0 3827 3047 3710 3828 3048 3711
4275 6 3 2 1 0 3828 3048 3711 3829 3049 3712
4276 6 3 2 1 0 3829 3049 3712 3830 3050 3713
4277 6 3 2 1 0 3830 3050 3713 3831 3051 3714
4278 6 3 2 1 0 3831 3051 3714 3832 3052 3715
4279 6 3 2 1 0 3832 3052 3715 3833 3053 3716
4280 6 3 2 1 0 3833 3053 3716 3834 3054 3717
4281 6 3 2 1 0 3834 3054 3717 3835 3055 3718
4282 6 3 2 1 0 3835 3055 3718 3836 3056 3719
4283 6 3 2 1 0 3836 3056 3719 3837 3057 3720
4284 6 3 2 1 0 3837 3057 3720 3838 3058 3721
4285 6 3 2 1 0 3838 3058 3721 3839 3059 3722
4286 6 3 2 1 0 3839 3059 3722 3840 3060 3723
4287 6 3 2 1 0 3840 3060 3723 3841 3061 3724
4288 6 3 2 1 0 3841 3061 3724 3842 3062 3725
4289 6 3 2 1 0 3842 3062 3725 3843 3063 3726
4290 6 3 2 1 0 3843 3063 3726 3844 3064 3727
4291 6 3 2 1 0 3844 3064 3727 3845 3065 3728
4292 6 3 2 1 0 3845 3065 3728 3846 3066 3729
4293 6 3 2 1 0 3846 3066 3729 3847 3067 3730
4294 6 3 2 1 0 3847 3067 3730 3848 3068 3731
4295 6 3 2 1 0 3848 3068 3731 3849 3069 3732
4296 6 3 2 1 0 3849 3069 3732 1570 1550 1567
4297 6 3 2 1 0 824 831 828 3538 3811 3694
4298 6 3 2 1 0 3538 3811 3694 3539 3812 3695
4299 6 3 2 1 0 3539 3812 3695 3540 3813 3696
4300 6 3 2 1 0 3540 3813 3696 3541 3814 3697
4301 6 3 2 1 0 3541 3814 3697 3542 3815 3698
4302 6 3 2 1 0 3542 3815 3698 3543 3816 3699
4303 6 3 2 1 0 3543 3816 3699 3544 3817 3700
4304 6 3 2 1 0 3544 3817 3700 3545 3818 3701
4305 6 3 2 1 0 3545 3818 3701 3546 3819 3702
4306 6 3 2 1 0 3546 3819 3702 3547 3820 3703
4307 6 3 2 1 0 3547 3820 3703 3548 3821 3704
4308 6 3 2 1 0 3548 3821 3704 3549 3822 3705
4309 6 3 2 1 0 3549 3822 3705 3550 3823 3706
4310 6 3 2 1 0 3550 3823 3706 3551 3824 3707
4311 6 3 2 1 0 3551 3824 3707 3552 3825 3708
4312 6 3 2 1 0 3552 3825 3708 3553 3826 3709
4313 6 3 2 1 0 3553 3826 3709 3554 3827 3710
4314 6 3 2 1 0 3554 3827 3710 3555 3828 3711
4315 6 3 2 1 0 3555 3828 3711 3556 3829 3712
4316 6 3 2 1 0 3556 3829 3712 3557 3830 3713
4317 6 3 2 1 0 3557 3830 3713 3558 3831 3714
4318 6 3 2 1 0 3558 3831 3714 3559 3832 3715
4319 6 3 2 1 0 3559 3832 3715 3560 3833 3716
4320 6 3 2 1 0 3560 3833 3716 3561 3834 3717
4321 6 3 2 1 0 3561 3834 3717 3562 3835 3718
4322 6 3 2 1 0 3562 3835 3718 3563 3836 3719
4323 6 3 2 1 0 3563 3836 3719 3564 3837 3720
4324 6 3 2 1 0 3564 3837 3720 3565 3838 3721
4325 6 3 2 1 0 3565 3838 3721 3566 3839 3722
4326 6 3 2 1 0 3566 3839 3722 3567 3840 3723
4327 6 3 2 1 0 3567 3840 3723 3568 3841 3724
4328 6 3 2 1 0 3568 3841 3724 3569 3842 3725
4329 6 3 2 1 0 3569 3842 3725 3570 3843 3726
4330 6 3 2 1 0 3570 3843 3726 3571 3844 3727
4331 6 3 2 1 0 3571 3844 3727 3572 3845 3728
4332 6 3 2 1 0 3572 3845 3728 3573 3846 3729
4333 6 3 2 1 0 3573 3846 3729 3574 3847 3730
4334 6 3 2 1 0 3574 3847 3730 3575 3848 3731
4335 6 3 2 1 0 3575 3848 3731 3576 3849 3732
4336 6 3 2 1 0 3576 3849 3732 1563 1570 1567
4337 6 3 2 1 0 830 811 829 3772 3031 3733
4338 6 3 2 1 0 3772 3031 3733 3773 3032 3734
4339 6 3 2 1 0 3773 3032 3734 3774 3033 3735
4340 6 3 2 1 0 3774 3033 3735 3775 3034 3736
4341 6 3 2 1 0 3775 3034 3736 3776 3035 3737
4342 6 3 2 1 0 3776 3035 3737 3777 3036 3738
4343 6 3 2 1 0 3777 3036 3738 3778 3037 3739
4344 6 3 2 1 0 3778 3037 3739 3779 3038 3740
4345 6 3 2 1 0 3779 3038 3740 3780 3039 3741
4346 6 3 2 1 0 3780 3039 3741 3781 3040 3742
4347 6 3 2 1 0 3781 3040 3742 3782 3041 3743
4348 6 3 2 1 0 3782 3041 3743 3783 3042 3744
4349 6 3 2 1 0 3783 3042 3744 3784 3043 3745
4350 6 3 2 1 0 3784 3043 3745 3785 3044 3746
4351 6 3 2 1 0 3785 3044 3746 3786 3045 3747
4352 6 3 2 1 0 3786 3045 3747 3787 3046 3748
4353 6 3 2 1 0 3787 3046 3748 3788 3047 3749
4354 6 3 2 1 0 3788 3047 3749 3789 3048 3750
4355 6 3 2 1 0 3789 3048 3750 3790 3049 3751
4356 6 3 2 1 0 3790 3049 3751 3791 3050 3752
4357 6 3 2 1 0 3791 3050 3752 3792 3051 3753
4358 6 3 2 1 0 3792 3051 3753 3793 3052 3754
4359 6 3 2 1 0 3793 3052 3754 3794 3053 3755
4360 6 3 2 1 0 3794 3053 3755 3795 3054 3756
4361 6 3 2 1 0 3795 3054 3756 3796 3055 3757
4362 6 3 2 1 0 3796 3055 3757 3797 3056 3758
4363 6 3 2 1 0 3797 3056 3758 3798 3057 3759
4364 6 3 2 1 0 3798 3057 3759 3799 3058 3760
4365 6 3 2 1 0 3799 3058 3760 3800 3059 3761
4366 6 3 2 1 0 3800 3059 3761 3801 3060 3762
4367 6 3 2 1 0 3801 3060 3762 3802 3061 3763
4368 6 3 2 1 0 3802 3061 3763 3803 3062 3764
4369 6 3 2 1 0 3803 3062 3764 3804 3063 3765
4370 6 3 2 1 0 3804 3063 3765 3805 3064 3766
4371 6 3 2 1 0 3805 3064 3766 3806 3065 3767
4372 6 3 2 1 0 3806 3065 3767 3807 3066 3768
4373 6 3 2 1 0 3807 3066 3768 3808 3067 3769
4374 6 3 2 1 0 3808 3067 3769 3809 3068 3770
4375 6 3 2 1 0 3809 3068 3770 3810 3069 3771
4376 6 3 2 1 0 3810 3069 3771 1569 1550 1568
4377 6 3 2 1 0 825 830 829 3577 3772 3733
4378 6 3 2 1 0 3577 3772 3733 3578 3773 3734
4379 6 3 2 1 0 3578 3773 3734 3579 3774 3735
4380 6 3 2 1 0 3579 3774 3735 3580 3775 3736
4381 6 3 2 1 0 3580 3775 3736 3581 3776 3737
4382 6 3 2 1 0 3581 3776 3737 3582 3777 3738
4383 6 3 2 1 0 3582 3777 3738 3583 3778 3739
4384 6 3 2 1 0 3583 3778 3739 3584 3779 3740
4385 6 3 2 1 0 3584 3779 3740 3585 3780 3741
4386 6 3 2 1 0 3585 3780 3741 3586 3781 3742
4387 6 3 2 1 0 3586 3781 3742 3587 3782 3743
4388 6 3 2 1 0 3587 3782 3743 3588 3783 3744
4389 6 3 2 1 0 3588 3783 3744 3589 3784 3745
4390 6 3 2 1 0 3589 3784 3745 3590 3785 3746
4391 6 3 2 1 0 3590 3785 3746 3591 3786 3747
4392 6 3 2 1 0 3591 3786 3747 3592 3787 3748
4393 6 3 2 1 0 3592 3787 3748 3593 3788 3749
4394 6 3 2 1 0 3593 3788 3749 3594 3789 3750
4395 6 3 2 1 0 3594 3789 3750 3595 3790 3751
4396 6 3 2 1 0 3595 3790 3751 3596 3791 3752
4397 6 3 2 1 0 3596 3791 3752 3597 3792 3753
4398 6 3 2 1 0 3597 3792 3753 3598 3793 3754
4399 6 3 2 1 0 3598 3793 3754 3599 3794 3755
4400 6 3 2 1 0 3599 3794 3755 3600 3795 3756
4401 6 3 2 1 0 3600 3795 3756 3601 3796 3757
4402 6 3 2 1 0 3601 3796 3757 3602 3797 3758
4403 6 3 2 1 0 3602 3797 3758 3603 3798 3759
4404 6 3 2 1 0 3603 3798 3759 3604 3799 3760
4405 6 3 2 1 0 3604 3799 3760 3605 3800 3761
4406 6 3 2 1 0 3605 3800 3761 3606 3801 3762
4407 6 3 2 1 0 3606 3801 3762 3607 3802 3763
4408 6 3 2 1 0 3607 3802 3763 3608 3803 3764
4409 6 3 2 1 0 3608 3803 3764 3609 3804 3765
4410 6 3 2 1 0 3609 3804 3765 3610 3805 3766
4411 6 3 2 1 0 3610 3805 3766 3611 3806 3767
4412 6 3 2 1 0 3611 3806 3767 3612 3807 3768
4413 6 3 2 1 0 3612 3807 3768 3613 3808 3769
4414 6 3 2 1 0 3613 3808 3769 3614 3809 3770
4415 6 3 2 1 0 3614 3809 3770 3615 3810 3771
4416 6 3 2 1 0 3615 3810 3771 1564 1569 1568
4417 6 3 2 1 0 48 827 47 1277 3655 1238
4418 6 3 2 1 0 1277 3655 1238 1278 3656 1239
4419 6 3 2 1 0 1278 3656 1239 1279 3657 1240
4420 6 3 2 1 0 1279 3657 1240 1280 3658 1241
4421 6 3 2 1 0 1280 3658 1241 1281 3659 1242
4422 6 3 2 1 0 1281 3659 1242 1282 3660 1243
4423 6 3 2 1 0 1282 3660 1243 1283 3661 1244
4424 6 3 2 1 0 1283 3661 1244 1284 3662 1245
4425 6 3 2 1 0 1284 3662 1245 1285 3663 1246
4426 6 3 2 1 0 1285 3663 1246 1286 3664 1247
4427 6 3 2 1 0 1286 3664 1247 1287 3665 1248
4428 6 3 2 1 0 1287 3665 1248 1288 3666 1249
4429 6 3 2 1 0 1288 3666 1249 1289 3667 1250
4430 6 3 2 1 0 1289 3667 1250 1290 3668 1251
4431 6 3 2 1 0 1290 3668 1251 1291 3669 1252
4432 6 3 2 1 0 1291 3669 1252 1292 3670 1253
4433 6 3 2 1 0 1292 3670 1253 1293 3671 1254
4434 6 3 2 1 0 1293 3671 1254 1294 3672 1255
4435 6 3 2 1 0 1294 3672 1255 1295 3673 1256
4436 6 3 2 1 0 1295 3673 1256 1296 3674 1257
4437 6 3 2 1 0 1296 3674 1257 1297 3675 1258
4438 6 3 2 1 0 1297 3675 1258 1298 3676 1259
4439 6 3 2 1 0 1298 3676 1259 1299 3677 1260
4440 6 3 2 1 0 1299 3677 1260 1300 3678 1261
4441 6 3 2 1 0 1300 3678 1261 1301 3679 1262
4442 6 3 2 1 0 1301 3679 1262 1302 3680 1263
4443 6 3 2 1 0 1302 3680 1263 1303 3681 1264
4444 6 3 2 1 0 1303 3681 1264 1304 3682 1265
4445 6 3 2 1 0 1304 3682 1265 1305 3683 1266
4446 6 3 2 1 0 1305 3683 1266 1306 3684 1267
4447 6 3 2 1 0 1306 3684 1267 1307 3685 1268
4448 6 3 2 1 0 1307 3685 1268 1308 3686 1269
4449 6 3 2 1 0 1308 3686 1269 1309 3687 1270
4450 6 3 2 1 0 1309 3687 1270 1310 3688 1271
4451 6 3 2 1 0 1310 3688 1271 1311 3689 1272
4452 6 3 2 1 0 1311 3689 1272 1312 3690 1273
4453 6 3 2 1 0 1312 3690 1273 1313 3691 1274
4454 6 3 2 1 0 1313 3691 1274 1314 3692 1275
4455 6 3 2 1 0 1314 3692 1275 1315 3693 1276
4456 6 3 2 1 0 1315 3693 1276 66 1566 65
4457 6 3 2 1 0 814 827 48 3148 3655 1277
4458 6 3 2 1 0 3148 3655 1277 3149 3656 1278
4459 6 3 2 1 0 3149 3656 1278 3150 3657 1279
4460 6 3 2 1 0 3150 3657 1279 3151 3658 1280
4461 6 3 2 1 0 3151 3658 1280 3152 3659 1281
4462 6 3 2 1 0 3152 3659 1281 3153 3660 1282
4463 6 3 2 1 0 3153 3660 1282 3154 3661 1283
4464 6 3 2 1 0 3154 3661 1283 3155 3662 1284
4465 6 3 2 1 0 3155 3662 1284 3156 3663 1285
4466 6 3 2 1 0 3156 3663 1285 3157 3664 1286
4467 6 3 2 1 0 3157 3664 1286 3158 3665 1287
4468 6 3 2 1 0 3158 3665 1287 3159 3666 1288
4469 6 3 2 1 0 3159 3666 1288 3160 3667 1289
4470 6 3 2 1 0 3160 3667 1289 3161 3668 1290
4471 6 3 2 1 0 3161 3668 1290 3162 3669 1291
4472 6 3 2 1 0 3162 3669 1291 3163 3670 1292
4473 6 3 2 1 0 3163 3670 1292 3164 3671 1293
4474 6 3 2 1 0 3164 3671 1293 3165 3672 1294
4475 6 3 2 1 0 3165 3672 1294 3166 3673 1295
4476 6 3 2 1 0 3166 3673 1295 3167 3674 1296
4477 6 3 2 1 0 3167 3674 1296 3168 3675 1297
4478 6 3 2 1 0 3168 3675 1297 3169 3676 1298
4479 6 3 2 1 0 3169 3676 1298 3170 3677 1299
4480 6 3 2 1 0 3170 3677 1299 3171 3678 1300
4481 6 3 2 1 0 3171 3678 1300 3172 3679 1301
4482 6 3 2 1 0 3172 3679 1301 3173 3680 1302
4483 6 3 2 1 0 3173 3680 1302 3174 3681 1303
4484 6 3 2 1 0 3174 3681 1303 3175 3682 1304
4485 6 3 2 1 0 3175 3682 1304 3176 3683 1305
4486 6 3 2 1 0 3176 3683 1305 3177 3684 1306
4487 6 3 2 1 0 3177 3684 1306 3178 3685 1307
4488 6 3 2 1 0 3178 3685 1307 3179 3686 1308
4489 6 3 2 1 0 3179 3686 1308 3180 3687 1309
4490 6 3 2 1 0 3180 3687 1309 3181 3688 1310
4491 6 3 2 1 0 3181 3688 1310 3182 3689 1311
4492 6 3 2 1 0 3182 3689 1311 3183 3690 1312
4493 6 3 2 1 0 3183 3690 1312 3184 3691 1313
4494 6 3 2 1 0 3184 3691 1313 3185 3692 1314
4495 6 3 2 1 0 3185 3692 1314 3186 3693 1315
4496 6 3 2 1 0 3186 3693 1315 1553 1566 66
4497 6 3 2 1 0 39 826 38 926 3616 887
4498 6 3 2 1 0 926 3616 887 927 3617 888
4499 6 3 2 1 0 927 3617 888 928 3618 889
4500 6 3 2 1 0 928 3618 889 929 3619 890
4501 6 3 2 1 0 929 3619 890 930 3620 891
4502 6 3 2 1 0 930 3620 891 931 3621 892
4503 6 3 2 1 0 931 3621 892 932 3622 893
4504 6 3 2 1 0 932 3622 893 933 3623 894
4505 6 3 2 1 0 933 3623 894 934 3624 895
4506 6 3 2 1 0 934 3624 895 935 3625 896
4507 6 3 2 1 0 935 3625 896 936 3626 897
4508 6 3 2 1 0 936 3626 897 937 3627 898
4509 6 3 2 1 0 937 3627 898 938 3628 899
4510 6 3 2 1 0 938 3628 899 939 3629 900
4511 6 3 2 1 0 939 3629 900 940 3630 901
4512 6 3 2 1 0 940 3630 901 941 3631 902
4513 6 3 2 1 0 941 3631 902 942 3632 903
4514 6 3 2 1 0 942 3632 903 943 3633 904
4515 6 3 2 1 0 943 3633 904 944 3634 905
4516 6 3 2 1 0 944 3634 905 945 3635 906
4517 6 3 2 1 0 945 3635 906 946 3636 907
4518 6 3 2 1 0 946 3636 907 947 3637 908
4519 6 3 2 1 0 947 3637 908 948 3638 909
4520 6 3 2 1 0 948 3638 909 949 3639 910
4521 6 3 2 1 0 949 3639 910 950 3640 911
4522 6 3 2 1 0 950 3640 911 951 3641 912
4523 6 3 2 1 0 951 3641 912 952 3642 913
4524 6 3 2 1 0 952 3642 913 953 3643 914
4525 6 3 2 1 0 953 3643 914 954 3644 915
4526 6 3 2 1 0 954 3644 915 955 3645 916
4527 6 3 2 1 0 955 3645 916 956 3646 917
4528 6 3 2 1 0 956 3646 917 957 3647 918
4529 6 3 2 1 0 957 3647 918 958 3648 919
4530 6 3 2 1 0 958 3648 919 959 3649 920
4531 6 3 2 1 0 959 3649 920 960 3650 921
4532 6 3 2 1 0 960 3650 921 961 3651 922
4533 6 3 2 1 0 961 3651 922 962 3652 923
4534 6 3 2 1 0 962 3652 923 963 3653 924
4535 6 3 2 1 0 963 3653 924 964 3654 925
4536 6 3 2 1 0 964 3654 925 57 1565 56
4537 6 3 2 1 0 819 826 39 3343 3616 926
4538 6 3 2 1 0 3343 3616 926 3344 3617 927
4539 6 3 2 1 0 3344 3617 927 3345 3618 928
4540 6 3 2 1 0 3345 3618 928 3346 3619 929
4541 6 3 2 1 0 3346 3619 929 3347 3620 930
4542 6 3 2 1 0 3347 3620 930 3348 3621 931
4543 6 3 2 1 0 3348 3621 931 3349 3622 932
4544 6 3 2 1 0 3349 3622 932 3350 3623 933
4545 6 3 2 1 0 3350 3623 933 3351 3624 934
4546 6 3 2 1 0 3351 3624 934 3352 3625 935
4547 6 3 2 1 0 3352 3625 935 3353 3626 936
4548 6 3 2 1 0 3353 3626 936 3354 3627 937
4549 6 3 2 1 0 3354 3627 937 3355 3628 938
4550 6 3 2 1 0 3355 3628 938 3356 3629 939
4551 6 3 2 1 0 3356 3629 939 3357 3630 940
4552 6 3 2 1 0 3357 3630 940 3358 3631 941
4553 6 3 2 1 0 3358 3631 941 3359 3632 942
4554 6 3 2 1 0 3359 3632 942 3360 3633 943
4555 6 3 2 1 0 3360 3633 943 3361 3634 944
4556 6 3 2 1 0 3361 3634 944 3362 3635 945
4557 6 3 2 1 0 3362 3635 945 3363 3636 946
4558 6 3 2 1 0 3363 3636 946 3364 3637 947
4559 6 3 2 1 0 3364 3637 947 3365 3638 948
4560 6 3 2 1 0 3365 3638 948 3366 3639 949
4561 6 3 2 1 0 3366 3639 949 3367 3640 950
4562 6 3 2 1 0 3367 3640 950 3368 3641 951
4563 6 3 2 1 0 3368 3641 951 3369 3642 952
4564 6 3 2 1 0 3369 3642 952 3370 3643 953
4565 6 3 2 1 0 3370 3643 953 3371 3644 954
4566 6 3 2 1 0 3371 3644 954 3372 3645 955
4567 6 3 2 1 0 3372 3645 955 3373 3646 956
4568 6 3 2 1 0 3373 3646 956 3374 3647 957
4569 6 3 2 1 0 3374 3647 957 3375 3648 958
4570 6 3 2 1 0 3375 3648 958 3376 3649 959
4571 6 3 2 1 0 3376 3649 959 3377 3650 960
4572 6 3 2 1 0 3377 3650 960 3378 3651 961
4573 6 3 2 1 0 3378 3651 961 3379 3652 962
4574 6 3 2 1 0 3379 3652 962 3380 3653 963
4575 6 3 2 1 0 3380 3653 963 3381 3654 964
4576 6 3 2 1 0 3381 3654 964 1558 1565 57
4577 6 3 2 1 0 815 820 834 3187 3382 3928
4578 6 3 2 1 0 3187 3382 3928 3188 3383 3929
4579 6 3 2 1 0 3188 3383 3929 3189 3384 3930
4580 6 3 2 1 0 3189 3384 3930 3190 3385 3931
4581 6 3 2 1 0 3190 3385 3931 3191 3386 3932
4582 6 3 2 1 0 3191 3386 3932 3192 3387 3933
4583 6 3 2 1 0 3192 3387 3933 3193 3388 3934
4584 6 3 2 1 0 3193 3388 3934 3194 3389 3935
4585 6 3 2 1 0 3194 3389 3935 3195 3390 3936
4586 6 3 2 1 0 3195 3390 3936 3196 3391 3937
4587 6 3 2 1 0 3196 3391 3937 3197 3392 3938
4588 6 3 2 1 0 3197 3392 3938 3198 3393 3939
4589 6 3 2 1 0 3198 3393 3939 3199 3394 3940
4590 6 3 2 1 0 3199 3394 3940 3200 3395 3941
4591 6 3 2 1 0 3200 3395 3941 3201 3396 3942
4592 6 3 2 1 0 3201 3396 3942 3202 3397 3943
4593 6 3 2 1 0 3202 3397 3943 3203 3398 3944
4594 6 3 2 1 0 3203 3398 3944 3204 3399 3945
4595 6 3 2 1 0 3204 3399 3945 3205 3400 3946
4596 6 3 2 1 0 3205 3400 3946 3206 3401 3947
4597 6 3 2 1 0 3206 3401 3947 3207 3402 3948
4598 6 3 2 1 0 3207 3402 3948 3208 3403 3949
4599 6 3 2 1 0 3208 3403 3949 3209 3404 3950
4600 6 3 2 1 0 3209 3404 3950 3210 3405 3951
4601 6 3 2 1 0 3210 3405 3951 3211 3406 3952
4602 6 3 2 1 0 3211 3406 3952 3212 3407 3953
4603 6 3 2 1 0 3212 3407 3953 3213 3408 3954
4604 6 3 2 1 0 3213 3408 3954 3214 3409 3955
4605 6 3 2 1 0 3214 3409 3955 3215 3410 3956
4606 6 3 2 1 0 3215 3410 3956 3216 3411 3957
4607 6 3 2 1 0 3216 3411 3957 3217 3412 3958
4608 6 3 2 1 0 3217 3412 3958 3218 3413 3959
4609 6 3 2 1 0 3218 3413 3959 3219 3414 3960
4610 6 3 2 1 0 3219 3414 3960 3220 3415 3961
4611 6 3 2 1 0 3220 3415 3961 3221 3416 3962
4612 6 3 2 1 0 3221 3416 3962 3222 3417 3963
4613 6 3 2 1 0 3222 3417 3963 3223 3418 3964
4614 6 3 2 1 0 3223 3418 3964 3224 3419 3965
4615 6 3 2 1 0 3224 3419 3965 3225 3420 3966
4616 6 3 2 1 0 3225 3420 3966 1554 1559 1573
4617 6 3 2 1 0 817 821 835 3265 3421 3967
4618 6 3 2 1 0 3265 3421 3967 3266 3422 3968
4619 6 3 2 1 0 3266 3422 3968 3267 3423 3969
4620 6 3 2 1 0 3267 3423 3969 3268 3424 3970
4621 6 3 2 1 0 3268 3424 3970 3269 3425 3971
4622 6 3 2 1 0 3269 3425 3971 3270 3426 3972
4623 6 3 2 1 0 3270 3426 3972 3271 3427 3973
4624 6 3 2 1 0 3271 3427 3973 3272 3428 3974
4625 6 3 2 1 0 3272 3428 3974 3273 3429 3975
4626 6 3 2 1 0 3273 3429 3975 3274 3430 3976
4627 6 3 2 1 0 3274 3430 3976 3275 3431 3977
4628 6 3 2 1 0 3275 3431 3977 3276 3432 3978
4629 6 3 2 1 0 3276 3432 3978 3277 3433 3979
4630 6 3 2 1 0 3277 3433 3979 3278 3434 3980
4631 6 3 2 1 0 3278 3434 3980 3279 3435 3981
4632 6 3 2 1 0 3279 3435 3981 3280 3436 3982
4633 6 3 2 1 0 3280 3436 3982 3281 3437 3983
4634 6 3 2 1 0 3281 3437 3983 3282 3438 3984
4635 6 3 2 1 0 3282 3438 3984 3283 3439 3985
4636 6 3 2 1 0 3283 3439 3985 3284 3440 3986
4637 6 3 2 1 0 3284 3440 3986 3285 3441 3987
4638 6 3 2 1 0 3285 3441 3987 3286 3442 3988
4639 6 3 2 1 0 3286 3442 3988 3287 3443 3989
4640 6 3 2 1 0 3287 3443 3989 3288 3444 3990
4641 6 3 2 1 0 3288 3444 3990 3289 3445 3991
4642 6 3 2 1 0 3289 3445 3991 3290 3446 3992
4643 6 3 2 1 0 3290 3446 3992 3291 3447 3993
4644 6 3 2 1 0 3291 3447 3993 3292 3448 3994
4645 6 3 2 1 0 3292 3448 3994 3293 3449 3995
4646 6 3 2 1 0 3293 3449 3995 3294 3450 3996
4647 6 3 2 1 0 3294 3450 3996 3295 3451 3997
4648 6 3 2 1 0 3295 3451 3997 3296 3452 3998
4649 6 3 2 1 0 3296 3452 3998 3297 3453 3999
4650 6 3 2 1 0 3297 3453 3999 3298 3454 4000
4651 6 3 2 1 0 3298 3454 4000 3299 3455 4001
4652 6 3 2 1 0 3299 3455 4001 3300 3456 4002
4653 6 3 2 1 0 3300 3456 4002 3301 3457 4003
4654 6 3 2 1 0 3301 3457 4003 3302 3458 4004
4655 6 3 2 1 0 3302 3458 4004 3303 3459 4005
4656 6 3 2 1 0 3303 3459 4005 1556 1560 1574
4657 6 3 2 1 0 50 51 832 1355 1394 3850
4658 6 3 2 1 0 1355 1394 3850 1356 1395 3851
4659 6 3 2 1 0 1356 1395 3851 1357 1396 3852
4660 6 3 2 1 0 1357 1396 3852 1358 1397 3853
4661 6 3 2 1 0 1358 1397 3853 1359 1398 3854
4662 6 3 2 1 0 1359 1398 3854 1360 1399 3855
4663 6 3 2 1 0 1360 1399 3855 1361 1400 3856
4664 6 3 2 1 0 1361 1400 3856 1362 1401 3857
4665 6 3 2 1 0 1362 1401 3857 1363 1402 3858
4666 6 3 2 1 0 1363 1402 3858 1364 1403 3859
4667 6 3 2 1 0 1364 1403 3859 1365 1404 3860
4668 6 3 2 1 0 1365 1404 3860 1366 1405 3861
4669 6 3 2 1 0 1366 1405 3861 1367 1406 3862
4670 6 3 2 1 0 1367 1406 3862 1368 1407 3863
4671 6 3 2 1 0 1368 1407 3863 1369 1408 3864
4672 6 3 2 1 0 1369 1408 3864 1370 1409 3865
4673 6 3 2 1 0 1370 1409 3865 1371 1410 3866
4674 6 3 2 1 0 1371 1410 3866 1372 1411 3867
4675 6 3 2 1 0 1372 1411 3867 1373 1412 3868
4676 6 3 2 1 0 1373 1412 3868 1374 1413 3869
4677 6 3 2 1 0 1374 1413 3869 1375 1414 3870
4678 6 3 2 1 0 1375 1414 3870 1376 1415 3871
4679 6 3 2 1 0 1376 1415 3871 1377 1416 3872
4680 6 3 2 1 0 1377 1416 3872 1378 1417 3873
4681 6 3 2 1 0 1378 1417 3873 1379 1418 3874
4682 6 3 2 1 0 1379 1418 3874 1380 1419 3875
4683 6 3 2 1 0 1380 1419 3875 1381 1420 3876
4684 6 3 2 1 0 1381 1420 3876 1382 1421 3877
4685 6 3 2 1 0 1382 1421 3877 1383 1422 3878
4686 6 3 2 1 0 1383 1422 3878 1384 1423 3879
4687 6 3 2 1 0 1384 1423 3879 1385 1424 3880
4688 6 3 2 1 0 1385 1424 3880 1386 1425 3881
4689 6 3 2 1 0 1386 1425 3881 1387 1426 3882
4690 6 3 2 1 0 1387 1426 3882 1388 1427 3883
4691 6 3 2 1 0 1388 1427 3883 1389 1428 3884
4692 6 3 2 1 0 1389 1428 3884 1390 1429 3885
4693 6 3 2 1 0 1390 1429 3885 1391 1430 3886
4694 6 3 2 1 0 1391 1430 3886 1392 1431 3887
4695 6 3 2 1 0 1392 1431 3887 1393 1432 3888
4696 6 3 2 1 0 1393 1432 3888 68 69 1571
4697 6 3 2 1 0 41 42 833 1004 1043 3889
4698 6 3 2 1 0 1004 1043 3889 1005 1044 3890
4699 6 3 2 1 0 1005 1044 3890 1006 1045 3891
4700 6 3 2 1 0 1006 1045 3891 1007 1046 3892
4701 6 3 2 1 0 1007 1046 3892 1008 1047 3893
4702 6 3 2 1 0 1008 1047 3893 1009 1048 3894
4703 6 3 2 1 0 1009 1048 3894 1010 1049 3895
4704 6 3 2 1 0 1010 1049 3895 1011 1050 3896
4705 6 3 2 1 0 1011 1050 3896 1012 1051 3897
4706 6 3 2 1 0 1012 1051 3897 1013 1052 3898
4707 6 3 2 1 0 1013 1052 3898 1014 1053 3899
4708 6 3 2 1 0 1014 1053 3899 1015 1054 3900
4709 6 3 2 1 0 1015 1054 3900 1016 1055 3901
4710 6 3 2 1 0 1016 1055 3901 1017 1056 3902
4711 6 3 2 1 0 1017 1056 3902 1018 1057 3903
4712 6 3 2 1 0 1018 1057 3903 1019 1058 3904
4713 6 3 2 1 0 1019 1058 3904 1020 1059 3905
4714 6 3 2 1 0 1020 1059 3905 1021 1060 3906
4715 6 3 2 1 0 1021 1060 3906 1022 1061 3907
4716 6 3 2 1 0 1022 1061 3907 1023 1062 3908
4717 6 3 2 1 0 1023 1062 3908 1024 1063 3909
4718 6 3 2 1 0 1024 1063 3909 1025 1064 3910
4719 6 3 2 1 0 1025 1064 3910 1026 1065 3911
4720 6 3 2 1 0 1026 1065 3911 1027 1066 3912
4721 6 3 2 1 0 1027 1066 3912 1028 1067 3913
4722 6 3 2 1 0 1028 1067 3913 1029 1068 3914
4723 6 3 2 1 0 1029 1068 3914 1030 1069 3915
4724 6 3 2 1 0 1030 1069 3915 1031 1070 3916
4725 6 3 2 1 0 1031 1070 3916 1032 1071 3917
4726 6 3 2 1 0 1032 1071 3917 1033 1072 3918
4727 6 3 2 1 0 1033 1072 3918 1034 1073 3919
4728 6 3 2 1 0 1034 1073 3919 1035 1074 3920
4729 6 3 2 1 0 1035 1074 3920 1036 1075 3921
4730 6 3 2 1 0 1036 1075 3921 1037 1076 3922
4731 6 3 2 1 0 1037 1076 3922 1038 1077 3923
4732 6 3 2 1 0 1038 1077 3923 1039 1078 3924
4733 6 3 2 1 0 1039 1078 3924 1040 1079 3925
4734 6 3 2 1 0 1040 1079 3925 1041 1080 3926
4735 6 3 2 1 0 1041 1080 3926 1042 1081 3927
4736 6 3 2 1 0 1042 1081 3927 59 60 1572
4737 6 3 2 1 0 818 43 838 3304 1082 4084
4738 6 3 2 1 0 3304 1082 4084 3305 1083 4085
4739 6 3 2 1 0 3305 1083 4085 3306 1084 4086
4740 6 3 2 1 0 3306 1084 4086 3307 1085 4087
4741 6 3 2 1 0 3307 1085 4087 3308 1086 4088
4742 6 3 2 1 0 3308 1086 4088 3309 1087 4089
4743 6 3 2 1 0 3309 1087 4089 3310 1088 4090
4744 6 3 2 1 0 3310 1088 4090 3311 1089 4091
4745 6 3 2 1 0 3311 1089 4091 3312 1090 4092
4746 6 3 2 1 0 3312 1090 4092 3313 1091 4093
4747 6 3 2 1 0 3313 1091 4093 3314 1092 4094
4748 6 3 2 1 0 3314 1092 4094 3315 1093 4095
4749 6 3 2 1 0 3315 1093 4095 3316 1094 4096
4750 6 3 2 1 0 3316 1094 4096 3317 1095 4097
4751 6 3 2 1 0 3317 1095 4097 3318 1096 4098
4752 6 3 2 1 0 3318 1096 4098 3319 1097 4099
4753 6 3 2 1 0 3319 1097 4099 3320 1098 4100
4754 6 3 2 1 0 3320 1098 4100 3321 1099 4101
4755 6 3 2 1 0 3321 1099 4101 3322 1100 4102
4756 6 3 2 1 0 3322 1100 4102 3323 1101 4103
4757 6 3 2 1 0 3323 1101 4103 3324 1102 4104
4758 6 3 2 1 0 3324 1102 4104 3325 1103 4105
4759 6 3 2 1 0 3325 1103 4105 3326 1104 4106
4760 6 3 2 1 0 3326 1104 4106 3327 1105 4107
4761 6 3 2 1 0 3327 1105 4107 3328 1106 4108
4762 6 3 2 1 0 3328 1106 4108 3329 1107 4109
4763 6 3 2 1 0 3329 1107 4109 3330 1108 4110
4764 6 3 2 1 0 3330 1108 4110 3331 1109 4111
4765 6 3 2 1 0 3331 1109 4111 3332 1110 4112
4766 6 3 2 1 0 3332 1110 4112 3333 1111 4113
4767 6 3 2 1 0 3333 1111 4113 3334 1112 4114
4768 6 3 2 1 0 3334 1112 4114 3335 1113 4115
4769 6 3 2 1 0 3335 1113 4115 3336 1114 4116
4770 6 3 2 1 0 3336 1114 4116 3337 1115 4117
4771 6 3 2 1 0 3337 1115 4117 3338 1116 4118
4772 6 3 2 1 0 3338 1116 4118 3339 1117 4119
4773 6 3 2 1 0 3339 1117 4119 3340 1118 4120
4774 6 3 2 1 0 3340 1118 4120 3341 1119 4121
4775 6 3 2 1 0 3341 1119 4121 3342 1120 4122
4776 6 3 2 1 0 3342 1120 4122 1557 61 1577
4777 6 3 2 1 0 820 822 838 3382 3460 4084
4778 6 3 2 1 0 3382 3460 4084 3383 3461 4085
4779 6 3 2 1 0 3383 3461 4085 3384 3462 4086
4780 6 3 2 1 0 3384 3462 4086 3385 3463 4087
4781 6 3 2 1 0 3385 3463 4087 3386 3464 4088
4782 6 3 2 1 0 3386 3464 4088 3387 3465 4089
4783 6 3 2 1 0 3387 3465 4089 3388 3466 4090
4784 6 3 2 1 0 3388 3466 4090 3389 3467 4091
4785 6 3 2 1 0 3389 3467 4091 3390 3468 4092
4786 6 3 2 1 0 3390 3468 4092 3391 3469 4093
4787 6 3 2 1 0 3391 3469 4093 3392 3470 4094
4788 6 3 2 1 0 3392 3470 4094 3393 3471 4095
4789 6 3 2 1 0 3393 3471 4095 3394 3472 4096
4790 6 3 2 1 0 3394 3472 4096 3395 3473 4097
4791 6 3 2 1 0 3395 3473 4097 3396 3474 4098
4792 6 3 2 1 0 3396 3474 4098 3397 3475 4099
4793 6 3 2 1 0 3397 3475 4099 3398 3476 4100
4794 6 3 2 1 0 3398 3476 4100 3399 3477 4101
4795 6 3 2 1 0 3399 3477 4101 3400 3478 4102
4796 6 3 2 1 0 3400 3478 4102 3401 3479 4103
4797 6 3 2 1 0 3401 3479 4103 3402 3480 4104
4798 6 3 2 1 0 3402 3480 4104 3403 3481 4105
4799 6 3 2 1 0 3403 3481 4105 3404 3482 4106
4800 6 3 2 1 0 3404 3482 4106 3405 3483 4107
4801 6 3 2 1 0 3405 3483 4107 3406 3484 4108
4802 6 3 2 1 0 3406 3484 4108 3407 3485 4109
4803 6 3 2 1 0 3407 3485 4109 3408 3486 4110
4804 6 3 2 1 0 3408 3486 4110 3409 3487 4111
4805 6 3 2 1 0 3409 3487 4111 3410 3488 4112
4806 6 3 2 1 0 3410 3488 4112 3411 3489 4113
4807 6 3 2 1 0 3411 3489 4113 3412 3490 4114
4808 6 3 2 1 0 3412 3490 4114 3413 3491 4115
4809 6 3 2 1 0 3413 3491 4115 3414 3492 4116
4810 6 3 2 1 0 3414 3492 4116 3415 3493 4117
4811 6 3 2 1 0 3415 3493 4117 3416 3494 4118
4812 6 3 2 1 0 3416 3494 4118 3417 3495 4119
4813 6 3 2 1 0 3417 3495 4119 3418 3496 4120
4814 6 3 2 1 0 3418 3496 4120 3419 3497 4121
4815 6 3 2 1 0 3419 3497 4121 3420 3498 4122
4816 6 3 2 1 0 3420 3498 4122 1559 1561 1577
4817 6 3 2 1 0 816 52 839 3226 1433 4123
4818 6 3 2 1 0 3226 1433 4123 3227 1434 4124
4819 6 3 2 1 0 3227 1434 4124 3228 1435 4125
4820 6 3 2 1 0 3228 1435 4125 3229 1436 4126
4821 6 3 2 1 0 3229 1436 4126 3230 1437 4127
4822 6 3 2 1 0 3230 1437 4127 3231 1438 4128
4823 6 3 2 1 0 3231 1438 4128 3232 1439 4129
4824 6 3 2 1 0 3232 1439 4129 3233 1440 4130
4825 6 3 2 1 0 3233 1440 4130 3234 1441 4131
4826 6 3 2 1 0 3234 1441 4131 3235 1442 4132
4827 6 3 2 1 0 3235 1442 4132 3236 1443 4133
4828 6 3 2 1 0 3236 1443 4133 3237 1444 4134
4829 6 3 2 1 0 3237 1444 4134 3238 1445 4135
4830 6 3 2 1 0 3238 1445 4135 3239 1446 4136
4831 6 3 2 1 0 3239 1446 4136 3240 1447 4137
4832 6 3 2 1 0 3240 1447 4137 3241 1448 4138
4833 6 3 2 1 0 3241 1448 4138 3242 1449 4139
4834 6 3 2 1 0 3242 1449 4139 3243 1450 4140
4835 6 3 2 1 0 3243 1450 4140 3244 1451 4141
4836 6 3 2 1 0 3244 1451 4141 3245 1452 4142
4837 6 3 2 1 0 3245 1452 4142 3246 1453 4143
4838 6 3 2 1 0 3246 1453 4143 3247 1454 4144
4839 6 3 2 1 0 3247 1454 4144 3248 1455 4145
4840 6 3 2 1 0 3248 1455 4145 3249 1456 4146
4841 6 3 2 1 0 3249 1456 4146 3250 1457 4147
4842 6 3 2 1 0 3250 1457 4147 3251 1458 4148
4843 6 3 2 1 0 3251 1458 4148 3252 1459 4149
4844 6 3 2 1 0 3252 1459 4149 3253 1460 4150
4845 6 3 2 1 0 3253 1460 4150 3254 1461 4151
4846 6 3 2 1 0 3254 1461 4151 3255 1462 4152
4847 6 3 2 1 0 3255 1462 4152 3256 1463 4153
4848 6 3 2 1 0 3256 1463 4153 3257 1464 4154
4849 6 3 2 1 0 3257 1464 4154 3258 1465 4155
4850 6 3 2 1 0 3258 1465 4155 3259 1466 4156
4851 6 3 2 1 0 3259 1466 4156 3260 1467 4157
4852 6 3 2 1 0 3260 1467 4157 3261 1468 4158
4853 6 3 2 1 0 3261 1468 4158 3262 1469 4159
4854 6 3 2 1 0 3262 1469 4159 3263 1470 4160
4855 6 3 2 1 0 3263 1470 4160 3264 1471 4161
4856 6 3 2 1 0 3264 1471 4161 1555 70 1578
4857 6 3 2 1 0 821 823 839 3421 3499 4123
4858 6 3 2 1 0 3421 3499 4123 3422 3500 4124
4859 6 3 2 1 0 3422 3500 4124 3423 3501 4125
4860 6 3 2 1 0 3423 3501 4125 3424 3502 4126
4861 6 3 2 1 0 3424 3502 4126 3425 3503 4127
4862 6 3 2 1 0 3425 3503 4127 3426 3504 4128
4863 6 3 2 1 0 3426 3504 4128 3427 3505 4129
4864 6 3 2 1 0 3427 3505 4129 3428 3506 4130
4865 6 3 2 1 0 3428 3506 4130 3429 3507 4131
4866 6 3 2 1 0 3429 3507 4131 3430 3508 4132
4867 6 3 2 1 0 3430 3508 4132 3431 3509 4133
4868 6 3 2 1 0 3431 3509 4133 3432 3510 4134
4869 6 3 2 1 0 3432 3510 4134 3433 3511 4135
4870 6 3 2 1 0 3433 3511 4135 3434 3512 4136
4871 6 3 2 1 0 3434 3512 4136 3435 3513 4137
4872 6 3 2 1 0 3435 3513 4137 3436 3514 4138
4873 6 3 2 1 0 3436 3514 4138 3437 3515 4139
4874 6 3 2 1 0 3437 3515 4139 3438 3516 4140
4875 6 3 2 1 0 3438 3516 4140 3439 3517 4141
4876 6 3 2 1 0 3439 3517 4141 3440 3518 4142
4877 6 3 2 1 0 3440 3518 4142 3441 3519 4143
4878 6 3 2 1 0 3441 3519 4143 3442 3520 4144
4879 6 3 2 1 0 3442 3520 4144 3443 3521 4145
4880 6 3 2 1 0 3443 3521 4145 3444 3522 4146
4881 6 3 2 1 0 3444 3522 4146 3445 3523 4147
4882 6 3 2 1 0 3445 3523 4147 3446 3524 4148
4883 6 3 2 1 0 3446 3524 4148 3447 3525 4149
4884 6 3 2 1 0 3447 3525 4149 3448 3526 4150
4885 6 3 2 1 0 3448 3526 4150 3449 3527 4151
4886 6 3 2 1 0 3449 3527 4151 3450 3528 4152
4887 6 3 2 1 0 3450 3528 4152 3451 3529 4153
4888 6 3 2 1 0 3451 3529 4153 3452 3530 4154
4889 6 3 2 1 0 3452 3530 4154 3453 3531 4155
4890 6 3 2 1 0 3453 3531 4155 3454 3532 4156
4891 6 3 2 1 0 3454 3532 4156 3455 3533 4157
4892 6 3 2 1 0 3455 3533 4157 3456 3534 4158
4893 6 3 2 1 0 3456 3534 4158 3457 3535 4159
4894 6 3 2 1 0 3457 3535 4159 3458 3536 4160
4895 6 3 2 1 0 3458 3536 4160 3459 3537 4161
4896 6 3 2 1 0 3459 3537 4161 1560 1562 1578
4897 6 3 2 1 0 822 820 840 3460 3382 4162
4898 6 3 2 1 0 3460 3382 4162 3461 3383 4163
4899 6 3 2 1 0 3461 3383 4163 3462 3384 4164
4900 6 3 2 1 0 3462 3384 4164 3463 3385 4165
4901 6 3 2 1 0 3463 3385 4165 3464 3386 4166
4902 6 3 2 1 0 3464 3386 4166 3465 3387 4167
4903 6 3 2 1 0 3465 3387 4167 3466 3388 4168
4904 6 3 2 1 0 3466 3388 4168 3467 3389 4169
4905 6 3 2 1 0 3467 3389 4169 3468 3390 4170
4906 6 3 2 1 0 3468 3390 4170 3469 3391 4171
4907 6 3 2 1 0 3469 3391 4171 3470 3392 4172
4908 6 3 2 1 0 3470 3392 4172 3471 3393 4173
4909 6 3 2 1 0 3471 3393 4173 3472 3394 4174
4910 6 3 2 1 0 3472 3394 4174 3473 3395 4175
4911 6 3 2 1 0 3473 3395 4175 3474 3396 4176
4912 6 3 2 1 0 3474 3396 4176 3475 3397 4177
4913 6 3 2 1 0 3475 3397 4177 3476 3398 4178
4914 6 3 2 1 0 3476 3398 4178 3477 3399 4179
4915 6 3 2 1 0 3477 3399 4179 3478 3400 4180
4916 6 3 2 1 0 3478 3400 4180 3479 3401 4181
4917 6 3 2 1 0 3479 3401 4181 3480 3402 4182
4918 6 3 2 1 0 3480 3402 4182 3481 3403 4183
4919 6 3 2 1 0 3481 3403 4183 3482 3404 4184
4920 6 3 2 1 0 3482 3404 4184 3483 3405 4185
4921 6 3 2 1 0 3483 3405 4185 3484 3406 4186
4922 6 3 2 1 0 3484 3406 4186 3485 3407 4187
4923 6 3 2 1 0 3485 3407 4187 3486 3408 4188
4924 6 3 2 1 0 3486 3408 4188 3487 3409 4189
4925 6 3 2 1 0 3487 3409 4189 3488 3410 4190
4926 6 3 2 1 0 3488 3410 4190 3489 3411 4191
4927 6 3 2 1 0 3489 3411 4191 3490 3412 4192
4928 6 3 2 1 0 3490 3412 4192 3491 3413 4193
4929 6 3 2 1 0 3491 3413 4193 3492 3414 4194
4930 6 3 2 1 0 3492 3414 4194 3493 3415 4195
4931 6 3 2 1 0 3493 3415 4195 3494 3416 4196
4932 6 3 2 1 0 3494 3416 4196 3495 3417 4197
4933 6 3 2 1 0 3495 3417 4197 3496 3418 4198
4934 6 3 2 1 0 3496 3418 4198 3497 3419 4199
4935 6 3 2 1 0 3497 3419 4199 3498 3420 4200
4936 6 3 2 1 0 3498 3420 4200 1561 1559 1579
4937 6 3 2 1 0 840 820 829 4162 3382 3733
4938 6 3 2 1 0 4162 3382 3733 4163 3383 3734
4939 6 3 2 1 0 4163 3383 3734 4164 3384 3735
4940 6 3 2 1 0 4164 3384 3735 4165 3385 3736
4941 6 3 2 1 0 4165 3385 3736 4166 3386 3737
4942 6 3 2 1 0 4166 3386 3737 4167 3387 3738
4943 6 3 2 1 0 4167 3387 3738 4168 3388 3739
4944 6 3 2 1 0 4168 3388 3739 4169 3389 3740
4945 6 3 2 1 0 4169 3389 3740 4170 3390 3741
4946 6 3 2 1 0 4170 3390 3741 4171 3391 3742
4947 6 3 2 1 0 4171 3391 3742 4172 3392 3743
4948 6 3 2 1 0 4172 3392 3743 4173 3393 3744
4949 6 3 2 1 0 4173 3393 3744 4174 3394 3745
4950 6 3 2 1 0 4174 3394 3745 4175 3395 3746
4951 6 3 2 1 0 4175 3395 3746 4176 3396 3747
4952 6 3 2 1 0 4176 3396 3747 4177 3397 3748
4953 6 3 2 1 0 4177 3397 3748 4178 3398 3749
4954 6 3 2 1 0 4178 3398 3749 4179 3399 3750
4955 6 3 2 1 0 4179 3399 3750 4180 3400 3751
4956 6 3 2 1 0 4180 3400 3751 4181 3401 3752
4957 6 3 2 1 0 4181 3401 3752 4182 3402 3753
4958 6 3 2 1 0 4182 3402 3753 4183 3403 3754
4959 6 3 2 1 0 4183 3403 3754 4184 3404 3755
4960 6 3 2 1 0 4184 3404 3755 4185 3405 3756
4961 6 3 2 1 0 4185 3405 3756 4186 3406 3757
4962 6 3 2 1 0 4186 3406 3757 4187 3407 3758
4963 6 3 2 1 0 4187 3407 3758 4188 3408 3759
4964 6 3 2 1 0 4188 3408 3759 4189 3409 3760
4965 6 3 2 1 0 4189 3409 3760 4190 3410 3761
4966 6 3 2 1 0 4190 3410 3761 4191 3411 3762
4967 6 3 2 1 0 4191 3411 3762 4192 3412 3763
4968 6 3 2 1 0 4192 3412 3763 4193 3413 3764
4969 6 3 2 1 0 4193 3413 3764 4194 3414 3765
4970 6 3 2 1 0 4194 3414 3765 4195 3415 3766
4971 6 3 2 1 0 4195 3415 3766 4196 3416 3767
4972 6 3 2 1 0 4196 3416 3767 4197 3417 3768
4973 6 3 2 1 0 4197 3417 3768 4198 3418 3769
4974 6 3 2 1 0 4198 3418 3769 4199 3419 3770
4975 6 3 2 1 0 4199 3419 3770 4200 3420 3771
4976 6 3 2 1 0 4200 3420 3771 1579 1559 1568
4977 6 3 2 1 0 823 821 841 3499 3421 4201
4978 6 3 2 1 0 3499 3421 4201 3500 3422 4202
4979 6 3 2 1 0 3500 3422 4202 3501 3423 4203
4980 6 3 2 1 0 3501 3423 4203 3502 3424 4204
4981 6 3 2 1 0 3502 3424 4204 3503 3425 4205
4982 6 3 2 1 0 3503 3425 4205 3504 3426 4206
4983 6 3 2 1 0 3504 3426 4206 3505 3427 4207
4984 6 3 2 1 0 3505 3427 4207 3506 3428 4208
4985 6 3 2 1 0 3506 3428 4208 3507 3429 4209
4986 6 3 2 1 0 3507 3429 4209 3508 3430 4210
4987 6 3 2 1 0 3508 3430 4210 3509 3431 4211
4988 6 3 2 1 0 3509 3431 4211 3510 3432 4212
4989 6 3 2 1 0 3510 3432 4212 3511 3433 4213
4990 6 3 2 1 0 3511 3433 4213 3512 3434 4214
4991 6 3 2 1 0 3512 3434 4214 3513 3435 4215
4992 6 3 2 1 0 3513 3435 4215 3514 3436 4216
4993 6 3 2 1 0 3514 3436 4216 3515 3437 4217
4994 6 3 2 1 0 3515 3437 4217 3516 3438 4218
4995 6 3 2 1 0 3516 3438 4218 3517 3439 4219
4996 6 3 2 1 0 3517 3439 4219 3518 3440 4220
4997 6 3 2 1 0 3518 3440 4220 3519 3441 4221
4998 6 3 2 1 0 3519 3441 4221 3520 3442 4222
4999 6 3 2 1 0 3520 3442 4222 3521 3443 4223
5000 6 3 2 1 0 3521 3443 4223 3522 3444 4224
5001 6 3 2 1 0 3522 3444 4224 3523 3445 4225
5002 6 3 2 1 0 3523 3445 4225 3524 3446 4226
5003 6 3 2 1 0 3524 3446 4226 3525 3447 4227
5004 6 3 2 1 0 3525 3447 4227 3526 3448 4228
5005 6 3 2 1 0 3526 3448 4228 3527 3449 4229
5006 6 3 2 1 0 3527 3449 4229 3528 3450 4230
5007 6 3 2 1 0 3528 3450 4230 3529 3451 4231
5008 6 3 2 1 0 3529 3451 4231 3530 3452 4232
5009 6 3 2 1 0 3530 3452 4232 3531 3453 4233
5010 6 3 2 1 0 3531 3453 4233 3532 3454 4234
5011 6 3 2 1 0 3532 3454 4234 3533 3455 4235
5012 6 3 2 1 0 3533 3455 4235 3534 3456 4236
5013 6 3 2 1 0 3534 3456 4236 3535 3457 4237
5014 6 3 2 1 0 3535 3457 4237 3536 3458 4238
5015 6 3 2 1 0 3536 3458 4238 3537 3459 4239
5016 6 3 2 1 0 3537 3459 4239 1562 1560 1580
5017 6 3 2 1 0 841 821 828 4201 3421 3694
5018 6 3 2 1 0 4201 3421 3694 4202 3422 3695
5019 6 3 2 1 0 4202 3422 3695 4203 3423 3696
5020 6 3 2 1 0 4203 3423 3696 4204 3424 3697
5021 6 3 2 1 0 4204 3424 3697 4205 3425 3698
5022 6 3 2 1 0 4205 3425 3698 4206 3426 3699
5023 6 3 2 1 0 4206 3426 3699 4207 3427 3700
5024 6 3 2 1 0 4207 3427 3700 4208 3428 3701
5025 6 3 2 1 0 4208 3428 3701 4209 3429 3702
5026 6 3 2 1 0 4209 3429 3702 4210 3430 3703
5027 6 3 2 1 0 4210 3430 3703 4211 3431 3704
5028 6 3 2 1 0 4211 3431 3704 4212 3432 3705
5029 6 3 2 1 0 4212 3432 3705 4213 3433 3706
5030 6 3 2 1 0 4213 3433 3706 4214 3434 3707
5031 6 3 2 1 0 4214 3434 3707 4215 3435 3708
5032 6 3 2 1 0 4215 3435 3708 4216 3436 3709
5033 6 3 2 1 0 4216 3436 3709 4217 3437 3710
5034 6 3 2 1 0 4217 3437 3710 4218 3438 3711
5035 6 3 2 1 0 4218 3438 3711 4219 3439 3712
5036 6 3 2 1 0 4219 3439 3712 4220 3440 3713
5037 6 3 2 1 0 4220 3440 3713 4221 3441 3714
5038 6 3 2 1 0 4221 3441 3714 4222 3442 3715
5039 6 3 2 1 0 4222 3442 3715 4223 3443 3716
5040 6 3 2 1 0 4223 3443 3716 4224 3444 3717
5041 6 3 2 1 0 4224 3444 3717 4225 3445 3718
5042 6 3 2 1 0 4225 3445 3718 4226 3446 3719
5043 6 3 2 1 0 4226 3446 3719 4227 3447 3720
5044 6 3 2 1 0 4227 3447 3720 4228 3448 3721
5045 6 3 2 1 0 4228 3448 3721 4229 3449 3722
5046 6 3 2 1 0 4229 3449 3722 4230 3450 3723
5047 6 3 2 1 0 4230 3450 3723 4231 3451 3724
5048 6 3 2 1 0 4231 3451 3724 4232 3452 3725
5049 6 3 2 1 0 4232 3452 3725 4233 3453 3726
5050 6 3 2 1 0 4233 3453 3726 4234 3454 3727
5051 6 3 2 1 0 4234 3454 3727 4235 3455 3728
5052 6 3 2 1 0 4235 3455 3728 4236 3456 3729
5053 6 3 2 1 0 4236 3456 3729 4237 3457 3730
5054 6 3 2 1 0 4237 3457 3730 4238 3458 3731
5055 6 3 2 1 0 4238 3458 3731 4239 3459 3732
5056 6 3 2 1 0 4239 3459 3732 1580 1560 1567
5057 6 3 2 1 0 842 1 37 4240 73 848
5058 6 3 2 1 0 4240 73 848 4241 74 849
5059 6 3 2 1 0 4241 74 849 4242 75 850
5060 6 3 2 1 0 4242 75 850 4243 76 851
5061 6 3 2 1 0 4243 76 851 4244 77 852
5062 6 3 2 1 0 4244 77 852 4245 78 853
5063 6 3 2 1 0 4245 78 853 4246 79 854
5064 6 3 2 1 0 4246 79 854 4247 80 855
5065 6 3 2 1 0 4247 80 855 4248 81 856
5066 6 3 2 1 0 4248 81 856 4249 82 857
5067 6 3 2 1 0 4249 82 857 4250 83 858
5068 6 3 2 1 0 4250 83 858 4251 84 859
5069 6 3 2 1 0 4251 84 859 4252 85 860
5070 6 3 2 1 0 4252 85 860 4253 86 861
5071 6 3 2 1 0 4253 86 861 4254 87 862
5072 6 3 2 1 0 4254 87 862 4255 88 863
5073 6 3 2 1 0 4255 88 863 4256 89 864
5074 6 3 2 1 0 4256 89 864 4257 90 865
5075 6 3 2 1 0 4257 90 865 4258 91 866
5076 6 3 2 1 0 4258 91 866 4259 92 867
5077 6 3 2 1 0 4259 92 867 4260 93 868
5078 6 3 2 1 0 4260 93 868 4261 94 869
5079 6 3 2 1 0 4261 94 869 4262 95 870
5080 6 3 2 1 0 4262 95 870 4263 96 871
5081 6 3 2 1 0 4263 96 871 4264 97 872
5082 6 3 2 1 0 4264 97 872 4265 98 873
5083 6 3 2 1 0 4265 98 873 4266 99 874
5084 6 3 2 1 0 4266 99 874 4267 100 875
5085 6 3 2 1 0 4267 100 875 4268 101 876
5086 6 3 2 1 0 4268 101 876 4269 102 877
5087 6 3 2 1 0 4269 102 877 4270 103 878
5088 6 3 2 1 0 4270 103 878 4271 104 879
5089 6 3 2 1 0 4271 104 879 4272 105 880
5090 6 3 2 1 0 4272 105 880 4273 106 881
5091 6 3 2 1 0 4273 106 881 4274 107 882
5092 6 3 2 1 0 4274 107 882 4275 108 883
5093 6 3 2 1 0 4275 108 883 4276 109 884
5094 6 3 2 1 0 4276 109 884 4277 110 885
5095 6 3 2 1 0 4277 110 885 4278 111 886
5096 6 3 2 1 0 4278 111 886 1581 7 55
5097 6 3 2 1 0 37 836 842 848 4006 4240
5098 6 3 2 1 0 848 4006 4240 849 4007 4241
5099 6 3 2 1 0 849 4007 4241 850 4008 4242
5100 6 3 2 1 0 850 4008 4242 851 4009 4243
5101 6 3 2 1 0 851 4009 4243 852 4010 4244
5102 6 3 2 1 0 852 4010 4244 853 4011 4245
5103 6 3 2 1 0 853 4011 4245 854 4012 4246
5104 6 3 2 1 0 854 4012 4246 855 4013 4247
5105 6 3 2 1 0 855 4013 4247 856 4014 4248
5106 6 3 2 1 0 856 4014 4248 857 4015 4249
5107 6 3 2 1 0 857 4015 4249 858 4016 4250
5108 6 3 2 1 0 858 4016 4250 859 4017 4251
5109 6 3 2 1 0 859 4017 4251 860 4018 4252
5110 6 3 2 1 0 860 4018 4252 861 4019 4253
5111 6 3 2 1 0 861 4019 4253 862 4020 4254
5112 6 3 2 1 0 862 4020 4254 863 4021 4255
5113 6 3 2 1 0 863 4021 4255 864 4022 4256
5114 6 3 2 1 0 864 4022 4256 865 4023 4257
5115 6 3 2 1 0 865 4023 4257 866 4024 4258
5116 6 3 2 1 0 866 4024 4258 867 4025 4259
5117 6 3 2 1 0 867 4025 4259 868 4026 4260
5118 6 3 2 1 0 868 4026 4260 869 4027 4261
5119 6 3 2 1 0 869 4027 4261 870 4028 4262
5120 6 3 2 1 0 870 4028 4262 871 4029 4263
5121 6 3 2 1 0 871 4029 4263 872 4030 4264
5122 6 3 2 1 0 872 4030 4264 873 4031 4265
5123 6 3 2 1 0 873 4031 4265 874 4032 4266
5124 6 3 2 1 0 874 4032 4266 875 4033 4267
5125 6 3 2 1 0 875 4033 4267 876 4034 4268
5126 6 3 2 1 0 876 4034 4268 877 4035 4269
5127 6 3 2 1 0 877 4035 4269 878 4036 4270
5128 6 3 2 1 0 878 4036 4270 879 4037 4271
5129 6 3 2 1 0 879 4037 4271 880 4038 4272
5130 6 3 2 1 0 880 4038 4272 881 4039 4273
5131 6 3 2 1 0 881 4039 4273 882 4040 4274
5132 6 3 2 1 0 882 4040 4274 883 4041 4275
5133 6 3 2 1 0 883 4041 4275 884 4042 4276
5134 6 3 2 1 0 884 4042 4276 885 4043 4277
5135 6 3 2 1 0 885 4043 4277 886 4044 4278
5136 6 3 2 1 0 886 4044 4278 55 1575 1581
5137 6 3 2 1 0 843 4 46 4279 190 1199
5138 6 3 2 1 0 4279 190 1199 4280 191 1200
5139 6 3 2 1 0 4280 191 1200 4281 192 1201
5140 6 3 2 1 0 4281 192 1201 4282 193 1202
5141 6 3 2 1 0 4282 193 1202 4283 194 1203
5142 6 3 2 1 0 4283 194 1203 4284 195 1204
5143 6 3 2 1 0 4284 195 1204 4285 196 1205
5144 6 3 2 1 0 4285 196 1205 4286 197 1206
5145 6 3 2 1 0 4286 197 1206 4287 198 1207
5146 6 3 2 1 0 4287 198 1207 4288 199 1208
5147 6 3 2 1 0 4288 199 1208 4289 200 1209
5148 6 3 2 1 0 4289 200 1209 4290 201 1210
5149 6 3 2 1 0 4290 201 1210 4291 202 1211
5150 6 3 2 1 0 4291 202 1211 4292 203 1212
5151 6 3 2 1 0 4292 203 1212 4293 204 1213
5152 6 3 2 1 0 4293 204 1213 4294 205 1214
5153 6 3 2 1 0 4294 205 1214 4295 206 1215
5154 6 3 2 1 0 4295 206 1215 4296 207 1216
5155 6 3 2 1 0 4296 207 1216 4297 208 1217
5156 6 3 2 1 0 4297 208 1217 4298 209 1218
5157 6 3 2 1 0 4298 209 1218 4299 210 1219
5158 6 3 2 1 0 4299 210 1219 4300 211 1220
5159 6 3 2 1 0 4300 211 1220 4301 212 1221
5160 6 3 2 1 0 4301 212 1221 4302 213 1222
5161 6 3 2 1 0 4302 213 1222 4303 214 1223
5162 6 3 2 1 0 4303 214 1223 4304 215 1224
5163 6 3 2 1 0 4304 215 1224 4305 216 1225
5164 6 3 2 1 0 4305 216 1225 4306 217 1226
5165 6 3 2 1 0 4306 217 1226 4307 218 1227
5166 6 3 2 1 0 4307 218 1227 4308 219 1228
5167 6 3 2 1 0 4308 219 1228 4309 220 1229
5168 6 3 2 1 0 4309 220 1229 4310 221 1230
5169 6 3 2 1 0 4310 221 1230 4311 222 1231
5170 6 3 2 1 0 4311 222 1231 4312 223 1232
5171 6 3 2 1 0 4312 223 1232 4313 224 1233
5172 6 3 2 1 0 4313 224 1233 4314 225 1234
5173 6 3 2 1 0 4314 225 1234 4315 226 1235
5174 6 3 2 1 0 4315 226 1235 4316 227 1236
5175 6 3 2 1 0 4316 227 1236 4317 228 1237
5176 6 3 2 1 0 4317 228 1237 1582 10 64
5177 6 3 2 1 0 46 837 843 1199 4045 4279
5178 6 3 2 1 0 1199 4045 4279 1200 4046 4280
5179 6 3 2 1 0 1200 4046 4280 1201 4047 4281
5180 6 3 2 1 0 1201 4047 4281 1202 4048 4282
5181 6 3 2 1 0 1202 4048 4282 1203 4049 4283
5182 6 3 2 1 0 1203 4049 4283 1204 4050 4284
5183 6 3 2 1 0 1204 4050 4284 1205 4051 4285
5184 6 3 2 1 0 1205 4051 4285 1206 4052 4286
5185 6 3 2 1 0 1206 4052 4286 1207 4053 4287
5186 6 3 2 1 0 1207 4053 4287 1208 4054 4288
5187 6 3 2 1 0 1208 4054 4288 1209 4055 4289
5188 6 3 2 1 0 1209 4055 4289 1210 4056 4290
5189 6 3 2 1 0 1210 4056 4290 1211 4057 4291
5190 6 3 2 1 0 1211 4057 4291 1212 4058 4292
5191 6 3 2 1 0 1212 4058 4292 1213 4059 4293
5192 6 3 2 1 0 1213 4059 4293 1214 4060 4294
5193 6 3 2 1 0 1214 4060 4294 1215 4061 4295
5194 6 3 2 1 0 1215 4061 4295 1216 4062 4296
5195 6 3 2 1 0 1216 4062 4296 1217 4063 4297
5196 6 3 2 1 0 1217 4063 4297 1218 4064 4298
5197 6 3 2 1 0 1218 4064 4298 1219 4065 4299
5198 6 3 2 1 0 1219 4065 4299 1220 4066 4300
5199 6 3 2 1 0 1220 4066 4300 1221 4067 4301
5200 6 3 2 1 0 1221 4067 4301 1222 4068 4302
5201 6 3 2 1 0 1222 4068 4302 1223 4069 4303
5202 6 3 2 1 0 1223 4069 4303 1224 4070 4304
5203 6 3 2 1 0 1224 4070 4304 1225 4071 4305
5204 6 3 2 1 0 1225 4071 4305 1226 4072 4306
5205 6 3 2 1 0 1226 4072 4306 1227 4073 4307
5206 6 3 2 1 0 1227 4073 4307 1228 4074 4308
5207 6 3 2 1 0 1228 4074 4308 1229 4075 4309
5208 6 3 2 1 0 1229 4075 4309 1230 4076 4310
5209 6 3 2 1 0 1230 4076 4310 1231 4077 4311
5210 6 3 2 1 0 1231 4077 4311 1232 4078 4312
5211 6 3 2 1 0 1232 4078 4312 1233 4079 4313
5212 6 3 2 1 0 1233 4079 4313 1234 4080 4314
5213 6 3 2 1 0 1234 4080 4314 1235 4081 4315
5214 6 3 2 1 0 1235 4081 4315 1236 4082 4316
5215 6 3 2 1 0 1236 4082 4316 1237 4083 4317
5216 6 3 2 1 0 1237 4083 4317 64 1576 1582
5217 6 3 2 1 0 833 818 838 3889 3304 4084
5218 6 3 2 1 0 3889 3304 4084 3890 3305 4085
5219 6 3 2 1 0 3890 3305 4085 3891 3306 4086
5220 6 3 2 1 0 3891 3306 4086 3892 3307 4087
5221 6 3 2 1 0 3892 3307 4087 3893 3308 4088
5222 6 3 2 1 0 3893 3308 4088 3894 3309 4089
5223 6 3 2 1 0 3894 3309 4089 3895 3310 4090
5224 6 3 2 1 0 3895 3310 4090 3896 3311 4091
5225 6 3 2 1 0 3896 3311 4091 3897 3312 4092
5226 6 3 2 1 0 3897 3312 4092 3898 3313 4093
5227 6 3 2 1 0 3898 3313 4093 3899 3314 4094
5228 6 3 2 1 0 3899 3314 4094 3900 3315 4095
5229 6 3 2 1 0 3900 3315 4095 3901 3316 4096
5230 6 3 2 1 0 3901 3316 4096 3902 3317 4097
5231 6 3 2 1 0 3902 3317 4097 3903 3318 4098
5232 6 3 2 1 0 3903 3318 4098 3904 3319 4099
5233 6 3 2 1 0 3904 3319 4099 3905 3320 4100
5234 6 3 2 1 0 3905 3320 4100 3906 3321 4101
5235 6 3 2 1 0 3906 3321 4101 3907 3322 4102
5236 6 3 2 1 0 3907 3322 4102 3908 3323 4103
5237 6 3 2 1 0 3908 3323 4103 3909 3324 4104
5238 6 3 2 1 0 3909 3324 4104 3910 3325 4105
5239 6 3 2 1 0 3910 3325 4105 3911 3326 4106
5240 6 3 2 1 0 3911 3326 4106 3912 3327 4107
5241 6 3 2 1 0 3912 3327 4107 3913 3328 4108
5242 6 3 2 1 0 3913 3328 4108 3914 3329 4109
5243 6 3 2 1 0 3914 3329 4109 3915 3330 4110
5244 6 3 2 1 0 3915 3330 4110 3916 3331 4111
5245 6 3 2 1 0 3916 3331 4111 3917 3332 4112
5246 6 3 2 1 0 3917 3332 4112 3918 3333 4113
5247 6 3 2 1 0 3918 3333 4113 3919 3334 4114
5248 6 3 2 1 0 3919 3334 4114 3920 3335 4115
5249 6 3 2 1 0 3920 3335 4115 3921 3336 4116
5250 6 3 2 1 0 3921 3336 4116 3922 3337 4117
5251 6 3 2 1 0 3922 3337 4117 3923 3338 4118
5252 6 3 2 1 0 3923 3338 4118 3924 3339 4119
5253 6 3 2 1 0 3924 3339 4119 3925 3340 4120
5254 6 3 2 1 0 3925 3340 4120 3926 3341 4121
5255 6 3 2 1 0 3926 3341 4121 3927 3342 4122
5256 6 3 2 1 0 3927 3342 4122 1572 1557 1577
5257 6 3 2 1 0 833 838 822 3889 4084 3460
5258 6 3 2 1 0 3889 4084 3460 3890 4085 3461
5259 6 3 2 1 0 3890 4085 3461 3891 4086 3462
5260 6 3 2 1 0 3891 4086 3462 3892 4087 3463
5261 6 3 2 1 0 3892 4087 3463 3893 4088 3464
5262 6 3 2 1 0 3893 4088 3464 3894 4089 3465
5263 6 3 2 1 0 3894 4089 3465 3895 4090 3466
5264 6 3 2 1 0 3895 4090 3466 3896 4091 3467
5265 6 3 2 1 0 3896 4091 3467 3897 4092 3468
5266 6 3 2 1 0 3897 4092 3468 3898 4093 3469
5267 6 3 2 1 0 3898 4093 3469 3899 4094 3470
5268 6 3 2 1 0 3899 4094 3470 3900 4095 3471
5269 6 3 2 1 0 3900 4095 3471 3901 4096 3472
5270 6 3 2 1 0 3901 4096 3472 3902 4097 3473
5271 6 3 2 1 0 3902 4097 3473 3903 4098 3474
5272 6 3 2 1 0 3903 4098 3474 3904 4099 3475
5273 6 3 2 1 0 3904 4099 3475 3905 4100 3476
5274 6 3 2 1 0 3905 4100 3476 3906 4101 3477
5275 6 3 2 1 0 3906 4101 3477 3907 4102 3478
5276 6 3 2 1 0 3907 4102 3478 3908 4103 3479
5277 6 3 2 1 0 3908 4103 3479 3909 4104 3480
5278 6 3 2 1 0 3909 4104 3480 3910 4105 3481
5279 6 3 2 1 0 3910 4105 3481 3911 4106 3482
5280 6 3 2 1 0 3911 4106 3482 3912 4107 3483
5281 6 3 2 1 0 3912 4107 3483 3913 4108 3484
5282 6 3 2 1 0 3913 4108 3484 3914 4109 3485
5283 6 3 2 1 0 3914 4109 3485 3915 4110 3486
5284 6 3 2 1 0 3915 4110 3486 3916 4111 3487
5285 6 3 2 1 0 3916 4111 3487 3917 4112 3488
5286 6 3 2 1 0 3917 4112 3488 3918 4113 3489
5287 6 3 2 1 0 3918 4113 3489 3919 4114 3490
5288 6 3 2 1 0 3919 4114 3490 3920 4115 3491
5289 6 3 2 1 0 3920 4115 3491 3921 4116 3492
5290 6 3 2 1 0 3921 4116 3492 3922 4117 3493
5291 6 3 2 1 0 3922 4117 3493 3923 4118 3494
5292 6 3 2 1 0 3923 4118 3494 3924 4119 3495
5293 6 3 2 1 0 3924 4119 3495 3925 4120 3496
5294 6 3 2 1 0 3925 4120 3496 3926 4121 3497
5295 6 3 2 1 0 3926 4121 3497 3927 4122 3498
5296 6 3 2 1 0 3927 4122 3498 1572 1577 1561
5297 6 3 2 1 0 832 816 839 3850 3226 4123
5298 6 3 2 1 0 3850 3226 4123 3851 3227 4124
5299 6 3 2 1 0 3851 3227 4124 3852 3228 4125
5300 6 3 2 1 0 3852 3228 4125 3853 3229 4126
5301 6 3 2 1 0 3853 3229 4126 3854 3230 4127
5302 6 3 2 1 0 3854 3230 4127 3855 3231 4128
5303 6 3 2 1 0 3855 3231 4128 3856 3232 4129
5304 6 3 2 1 0 3856 3232 4129 3857 3233 4130
5305 6 3 2 1 0 3857 3233 4130 3858 3234 4131
5306 6 3 2 1 0 3858 3234 4131 3859 3235 4132
5307 6 3 2 1 0 3859 3235 4132 3860 3236 4133
5308 6 3 2 1 0 3860 3236 4133 3861 3237 4134
5309 6 3 2 1 0 3861 3237 4134 3862 3238 4135
5310 6 3 2 1 0 3862 3238 4135 3863 3239 4136
5311 6 3 2 1 0 3863 3239 4136 3864 3240 4137
5312 6 3 2 1 0 3864 3240 4137 3865 3241 4138
5313 6 3 2 1 0 3865 3241 4138 3866 3242 4139
5314 6 3 2 1 0 3866 3242 4139 3867 3243 4140
5315 6 3 2 1 0 3867 3243 4140 3868 3244 4141
5316 6 3 2 1 0 3868 3244 4141 3869 3245 4142
5317 6 3 2 1 0 3869 3245 4142 3870 3246 4143
5318 6 3 2 1 0 3870 3246 4143 3871 3247 4144
5319 6 3 2 1 0 3871 3247 4144 3872 3248 4145
5320 6 3 2 1 0 3872 3248 4145 3873 3249 4146
5321 6 3 2 1 0 3873 3249 4146 3874 3250 4147
5322 6 3 2 1 0 3874 3250 4147 3875 3251 4148
5323 6 3 2 1 0 3875 3251 4148 3876 3252 4149
5324 6 3 2 1 0 3876 3252 4149 3877 3253 4150
5325 6 3 2 1 0 3877 3253 4150 3878 3254 4151
5326 6 3 2 1 0 3878 3254 4151 3879 3255 4152
5327 6 3 2 1 0 3879 3255 4152 3880 3256 4153
5328 6 3 2 1 0 3880 3256 4153 3881 3257 4154
5329 6 3 2 1 0 3881 3257 4154 3882 3258 4155
5330 6 3 2 1 0 3882 3258 4155 3883 3259 4156
5331 6 3 2 1 0 3883 3259 4156 3884 3260 4157
5332 6 3 2 1 0 3884 3260 4157 3885 3261 4158
5333 6 3 2 1 0 3885 3261 4158 3886 3262 4159
5334 6 3 2 1 0 3886 3262 4159 3887 3263 4160
5335 6 3 2 1 0 3887 3263 4160 3888 3264 4161
5336 6 3 2 1 0 3888 3264 4161 1571 1555 1578
5337 6 3 2 1 0 832 839 823 3850 4123 3499
5338 6 3 2 1 0 3850 4123 3499 3851 4124 3500
5339 6 3 2 1 0 3851 4124 3500 3852 4125 3501
5340 6 3 2 1 0 3852 4125 3501 3853 4126 3502
5341 6 3 2 1 0 3853 4126 3502 3854 4127 3503
5342 6 3 2 1 0 3854 4127 3503 3855 4128 3504
5343 6 3 2 1 0 3855 4128 3504 3856 4129 3505
5344 6 3 2 1 0 3856 4129 3505 3857 4130 3506
5345 6 3 2 1 0 3857 4130 3506 3858 4131 3507
5346 6 3 2 1 0 3858 4131 3507 3859 4132 3508
5347 6 3 2 1 0 3859 4132 3508 3860 4133 3509
5348 6 3 2 1 0 3860 4133 3509 3861 4134 3510
5349 6 3 2 1 0 3861 4134 3510 3862 4135 3511
5350 6 3 2 1 0 3862 4135 3511 3863 4136 3512
5351 6 3 2 1 0 3863 4136 3512 3864 4137 3513
5352 6 3 2 1 0 3864 4137 3513 3865 4138 3514
5353 6 3 2 1 0 3865 4138 3514 3866 4139 3515
5354 6 3 2 1 0 3866 4139 3515 3867 4140 3516
5355 6 3 2 1 0 3867 4140 3516 3868 4141 3517
5356 6 3 2 1 0 3868 4141 3517 3869 4142 3518
5357 6 3 2 1 0 3869 4142 3518 3870 4143 3519
5358 6 3 2 1 0 3870 4143 3519 3871 4144 3520
5359 6 3 2 1 0 3871 4144 3520 3872 4145 3521
5360 6 3 2 1 0 3872 4145 3521 3873 4146 3522
5361 6 3 2 1 0 3873 4146 3522 3874 4147 3523
5362 6 3 2 1 0 3874 4147 3523 3875 4148 3524
5363 6 3 2 1 0 3875 4148 3524 3876 4149 3525
5364 6 3 2 1 0 3876 4149 3525 3877 4150 3526
5365 6 3 2 1 0 3877 4150 3526 3878 4151 3527
5366 6 3 2 1 0 3878 4151 3527 3879 4152 3528
5367 6 3 2 1 0 3879 4152 3528 3880 4153 3529
5368 6 3 2 1 0 3880 4153 3529 3881 4154 3530
5369 6 3 2 1 0 3881 4154 3530 3882 4155 3531
5370 6 3 2 1 0 3882 4155 3531 3883 4156 3532
5371 6 3 2 1 0 3883 4156 3532 3884 4157 3533
5372 6 3 2 1 0 3884 4157 3533 3885 4158 3534
5373 6 3 2 1 0 3885 4158 3534 3886 4159 3535
5374 6 3 2 1 0 3886 4159 3535 3887 4160 3536
5375 6 3 2 1 0 3887 4160 3536 3888 4161 3537
5376 6 3 2 1 0 3888 4161 3537 1571 1578 1562
5377 6 3 2 1 0 54 1 842 1511 73 4240
5378 6 3 2 1 0 1511 73 4240 1512 74 4241
5379 6 3 2 1 0 1512 74 4241 1513 75 4242
5380 6 3 2 1 0 1513 75 4242 1514 76 4243
5381 6 3 2 1 0 1514 76 4243 1515 77 4244
5382 6 3 2 1 0 1515 77 4244 1516 78 4245
5383 6 3 2 1 0 1516 78 4245 1517 79 4246
5384 6 3 2 1 0 1517 79 4246 1518 80 4247
5385 6 3 2 1 0 1518 80 4247 1519 81 4248
5386 6 3 2 1 0 1519 81 4248 1520 82 4249
5387 6 3 2 1 0 1520 82 4249 1521 83 4250
5388 6 3 2 1 0 1521 83 4250 1522 84 4251
5389 6 3 2 1 0 1522 84 4251 1523 85 4252
5390 6 3 2 1 0 1523 85 4252 1524 86 4253
5391 6 3 2 1 0 1524 86 4253 1525 87 4254
5392 6 3 2 1 0 1525 87 4254 1526 88 4255
5393 6 3 2 1 0 1526 88 4255 1527 89 4256
5394 6 3 2 1 0 1527 89 4256 1528 90 4257
5395 6 3 2 1 0 1528 90 4257 1529 91 4258
5396 6 3 2 1 0 1529 91 4258 1530 92 4259
5397 6 3 2 1 0 1530 92 4259 1531 93 4260
5398 6 3 2 1 0 1531 93 4260 1532 94 4261
5399 6 3 2 1 0 1532 94 4261 1533 95 4262
5400 6 3 2 1 0 1533 95 4262 1534 96 4263
5401 6 3 2 1 0 1534 96 4263 1535 97 4264
5402 6 3 2 1 0 1535 97 4264 1536 98 4265
5403 6 3 2 1 0 1536 98 4265 1537 99 4266
5404 6 3 2 1 0 1537 99 4266 1538 100 4267
5405 6 3 2 1 0 1538 100 4267 1539 101 4268
5406 6 3 2 1 0 1539 101 4268 1540 102 4269
5407 6 3 2 1 0 1540 102 4269 1541 103 4270
5408 6 3 2 1 0 1541 103 4270 1542 104 4271
5409 6 3 2 1 0 1542 104 4271 1543 105 4272
5410 6 3 2 1 0 1543 105 4272 1544 106 4273
5411 6 3 2 1 0 1544 106 4273 1545 107 4274
5412 6 3 2 1 0 1545 107 4274 1546 108 4275
5413 6 3 2 1 0 1546 108 4275 1547 109 4276
5414 6 3 2 1 0 1547 109 4276 1548 110 4277
5415 6 3 2 1 0 1548 110 4277 1549 111 4278
5416 6 3 2 1 0 1549 111 4278 72 7 1581
5417 6 3 2 1 0 54 842 835 1511 4240 3967
5418 6 3 2 1 0 1511 4240 3967 1512 4241 3968
5419 6 3 2 1 0 1512 4241 3968 1513 4242 3969
5420 6 3 2 1 0 1513 4242 3969 1514 4243 3970
5421 6 3 2 1 0 1514 4243 3970 1515 4244 3971
5422 6 3 2 1 0 1515 4244 3971 1516 4245 3972
5423 6 3 2 1 0 1516 4245 3972 1517 4246 3973
5424 6 3 2 1 0 1517 4246 3973 1518 4247 3974
5425 6 3 2 1 0 1518 4247 3974 1519 4248 3975
5426 6 3 2 1 0 1519 4248 3975 1520 4249 3976
5427 6 3 2 1 0 1520 4249 3976 1521 4250 3977
5428 6 3 2 1 0 1521 4250 3977 1522 4251 3978
5429 6 3 2 1 0 1522 4251 3978 1523 4252 3979
5430 6 3 2 1 0 1523 4252 3979 1524 4253 3980
5431 6 3 2 1 0 1524 4253 3980 1525 4254 3981
5432 6 3 2 1 0 1525 4254 3981 1526 4255 3982
5433 6 3 2 1 0 1526 4255 3982 1527 4256 3983
5434 6 3 2 1 0 1527 4256 3983 1528 4257 3984
5435 6 3 2 1 0 1528 4257 3984 1529 4258 3985
5436 6 3 2 1 0 1529 4258 3985 1530 4259 3986
5437 6 3 2 1 0 1530 4259 3986 1531 4260 3987
5438 6 3 2 1 0 1531 4260 3987 1532 4261 3988
5439 6 3 2 1 0 1532 4261 3988 1533 4262 3989
5440 6 3 2 1 0 1533 4262 3989 1534 4263 3990
5441 6 3 2 1 0 1534 4263 3990 1535 4264 3991
5442 6 3 2 1 0 1535 4264 3991 1536 4265 3992
5443 6 3 2 1 0 1536 4265 3992 1537 4266 3993
5444 6 3 2 1 0 1537 4266 3993 1538 4267 3994
5445 6 3 2 1 0 1538 4267 3994 1539 4268 3995
5446 6 3 2 1 0 1539 4268 3995 1540 4269 3996
5447 6 3 2 1 0 1540 4269 3996 1541 4270 3997
5448 6 3 2 1 0 1541 4270 3997 1542 4271 3998
5449 6 3 2 1 0 1542 4271 3998 1543 4272 3999
5450 6 3 2 1 0 1543 4272 3999 1544 4273 4000
5451 6 3 2 1 0 1544 4273 4000 1545 4274 4001
5452 6 3 2 1 0 1545 4274 4001 1546 4275 4002
5453 6 3 2 1 0 1546 4275 4002 1547 4276 4003
5454 6 3 2 1 0 1547 4276 4003 1548 4277 4004
5455 6 3 2 1 0 1548 4277 4004 1549 4278 4005
5456 6 3 2 1 0 1549 4278 4005 72 1581 1574
5457 6 3 2 1 0 817 835 842 3265 3967 4240
5458 6 3 2 1 0 3265 3967 4240 3266 3968 4241
5459 6 3 2 1 0 3266 3968 4241 3267 3969 4242
5460 6 3 2 1 0 3267 3969 4242 3268 3970 4243
5461 6 3 2 1 0 3268 3970 4243 3269 3971 4244
5462 6 3 2 1 0 3269 3971 4244 3270 3972 4245
5463 6 3 2 1 0 3270 3972 4245 3271 3973 4246
5464 6 3 2 1 0 3271 3973 4246 3272 3974 4247
5465 6 3 2 1 0 3272 3974 4247 3273 3975 4248
5466 6 3 2 1 0 3273 3975 4248 3274 3976 4249
5467 6 3 2 1 0 3274 3976 4249 3275 3977 4250
5468 6 3 2 1 0 3275 3977 4250 3276 3978 4251
5469 6 3 2 1 0 3276 3978 4251 3277 3979 4252
5470 6 3 2 1 0 3277 3979 4252 3278 3980 4253
5471 6 3 2 1 0 3278 3980 4253 3279 3981 4254
5472 6 3 2 1 0 3279 3981 4254 3280 3982 4255
5473 6 3 2 1 0 3280 3982 4255 3281 3983 4256
5474 6 3 2 1 0 3281 3983 4256 3282 3984 4257
5475 6 3 2 1 0 3282 3984 4257 3283 3985 4258
5476 6 3 2 1 0 3283 3985 4258 3284 3986 4259
5477 6 3 2 1 0 3284 3986 4259 3285 3987 4260
5478 6 3 2 1 0 3285 3987 4260 3286 3988 4261
5479 6 3 2 1 0 3286 3988 4261 3287 3989 4262
5480 6 3 2 1 0 3287 3989 4262 3288 3990 4263
5481 6 3 2 1 0 3288 3990 4263 3289 3991 4264
5482 6 3 2 1 0 3289 3991 4264 3290 3992 4265
5483 6 3 2 1 0 3290 3992 4265 3291 3993 4266
5484 6 3 2 1 0 3291 3993 4266 3292 3994 4267
5485 6 3 2 1 0 3292 3994 4267 3293 3995 4268
5486 6 3 2 1 0 3293 3995 4268 3294 3996 4269
5487 6 3 2 1 0 3294 3996 4269 3295 3997 4270
5488 6 3 2 1 0 3295 3997 4270 3296 3998 4271
5489 6 3 2 1 0 3296 3998 4271 3297 3999 4272
5490 6 3 2 1 0 3297 3999 4272 3298 4000 4273
5491 6 3 2 1 0 3298 4000 4273 3299 4001 4274
5492 6 3 2 1 0 3299 4001 4274 3300 4002 4275
5493 6 3 2 1 0 3300 4002 4275 3301 4003 4276
5494 6 3 2 1 0 3301 4003 4276 3302 4004 4277
5495 6 3 2 1 0 3302 4004 4277 3303 4005 4278
5496 6 3 2 1 0 3303 4005 4278 1556 1574 1581
5497 6 3 2 1 0 817 842 836 3265 4240 4006
5498 6 3 2 1 0 3265 4240 4006 3266 4241 4007
5499 6 3 2 1 0 3266 4241 4007 3267 4242 4008
5500 6 3 2 1 0 3267 4242 4008 3268 4243 4009
5501 6 3 2 1 0 3268 4243 4009 3269 4244 4010
5502 6 3 2 1 0 3269 4244 4010 3270 4245 4011
5503 6 3 2 1 0 3270 4245 4011 3271 4246 4012
5504 6 3 2 1 0 3271 4246 4012 3272 4247 4013
5505 6 3 2 1 0 3272 4247 4013 3273 4248 4014
5506 6 3 2 1 0 3273 4248 4014 3274 4249 4015
5507 6 3 2 1 0 3274 4249 4015 3275 4250 4016
5508 6 3 2 1 0 3275 4250 4016 3276 4251 4017
5509 6 3 2 1 0 3276 4251 4017 3277 4252 4018
5510 6 3 2 1 0 3277 4252 4018 3278 4253 4019
5511 6 3 2 1 0 3278 4253 4019 3279 4254 4020
5512 6 3 2 1 0 3279 4254 4020 3280 4255 4021
5513 6 3 2 1 0 3280 4255 4021 3281 4256 4022
5514 6 3 2 1 0 3281 4256 4022 3282 4257 4023
5515 6 3 2 1 0 3282 4257 4023 3283 4258 4024
5516 6 3 2 1 0 3283 4258 4024 3284 4259 4025
5517 6 3 2 1 0 3284 4259 4025 3285 4260 4026
5518 6 3 2 1 0 3285 4260 4026 3286 4261 4027
5519 6 3 2 1 0 3286 4261 4027 3287 4262 4028
5520 6 3 2 1 0 3287 4262 4028 3288 4263 4029
5521 6 3 2 1 0 3288 4263 4029 3289 4264 4030
5522 6 3 2 1 0 3289 4264 4030 3290 4265 4031
5523 6 3 2 1 0 3290 4265 4031 3291 4266 4032
5524 6 3 2 1 0 3291 4266 4032 3292 4267 4033
5525 6 3 2 1 0 3292 4267 4033 3293 4268 4034
5526 6 3 2 1 0 3293 4268 4034 3294 4269 4035
5527 6 3 2 1 0 3294 4269 4035 3295 4270 4036
5528 6 3 2 1 0 3295 4270 4036 3296 4271 4037
5529 6 3 2 1 0 3296 4271 4037 3297 4272 4038
5530 6 3 2 1 0 3297 4272 4038 3298 4273 4039
5531 6 3 2 1 0 3298 4273 4039 3299 4274 4040
5532 6 3 2 1 0 3299 4274 4040 3300 4275 4041
5533 6 3 2 1 0 3300 4275 4041 3301 4276 4042
5534 6 3 2 1 0 3301 4276 4042 3302 4277 4043
5535 6 3 2 1 0 3302 4277 4043 3303 4278 4044
5536 6 3 2 1 0 3303 4278 4044 1556 1581 1575
5537 6 3 2 1 0 45 4 843 1160 190 4279
5538 6 3 2 1 0 1160 190 4279 1161 191 4280
5539 6 3 2 1 0 1161 191 4280 1162 192 4281
5540 6 3 2 1 0 1162 192 4281 1163 193 4282
5541 6 3 2 1 0 1163 193 4282 1164 194 4283
5542 6 3 2 1 0 1164 194 4283 1165 195 4284
5543 6 3 2 1 0 1165 195 4284 1166 196 4285
5544 6 3 2 1 0 1166 196 4285 1167 197 4286
5545 6 3 2 1 0 1167 197 4286 1168 198 4287
5546 6 3 2 1 0 1168 198 4287 1169 199 4288
5547 6 3 2 1 0 1169 199 4288 1170 200 4289
5548 6 3 2 1 0 1170 200 4289 1171 201 4290
5549 6 3 2 1 0 1171 201 4290 1172 202 4291
5550 6 3 2 1 0 1172 202 4291 1173 203 4292
5551 6 3 2 1 0 1173 203 4292 1174 204 4293
5552 6 3 2 1 0 1174 204 4293 1175 205 4294
5553 6 3 2 1 0 1175 205 4294 1176 206 4295
5554 6 3 2 1 0 1176 206 4295 1177 207 4296
5555 6 3 2 1 0 1177 207 4296 1178 208 4297
5556 6 3 2 1 0 1178 208 4297 1179 209 4298
5557 6 3 2 1 0 1179 209 4298 1180 210 4299
5558 6 3 2 1 0 1180 210 4299 1181 211 4300
5559 6 3 2 1 0 1181 211 4300 1182 212 4301
5560 6 3 2 1 0 1182 212 4301 1183 213 4302
5561 6 3 2 1 0 1183 213 4302 1184 214 4303
5562 6 3 2 1 0 1184 214 4303 1185 215 4304
5563 6 3 2 1 0 1185 215 4304 1186 216 4305
5564 6 3 2 1 0 1186 216 4305 1187 217 4306
5565 6 3 2 1 0 1187 217 4306 1188 218 4307
5566 6 3 2 1 0 1188 218 4307 1189 219 4308
5567 6 3 2 1 0 1189 219 4308 1190 220 4309
5568 6 3 2 1 0 1190 220 4309 1191 221 4310
5569 6 3 2 1 0 1191 221 4310 1192 222 4311
5570 6 3 2 1 0 1192 222 4311 1193 223 4312
5571 6 3 2 1 0 1193 223 4312 1194 224 4313
5572 6 3 2 1 0 1194 224 4313 1195 225 4314
5573 6 3 2 1 0 1195 225 4314 1196 226 4315
5574 6 3 2 1 0 1196 226 4315 1197 227 4316
5575 6 3 2 1 0 1197 227 4316 1198 228 4317
5576 6 3 2 1 0 1198 228 4317 63 10 1582
5577 6 3 2 1 0 45 843 834 1160 4279 3928
5578 6 3 2 1 0 1160 4279 3928 1161 4280 3929
5579 6 3 2 1 0 1161 4280 3929 1162 4281 3930
5580 6 3 2 1 0 1162 4281 3930 1163 4282 3931
5581 6 3 2 1 0 1163 4282 3931 1164 4283 3932
5582 6 3 2 1 0 1164 4283 3932 1165 4284 3933
5583 6 3 2 1 0 1165 4284 3933 1166 4285 3934
5584 6 3 2 1 0 1166 4285 3934 1167 4286 3935
5585 6 3 2 1 0 1167 4286 3935 1168 4287 3936
5586 6 3 2 1 0 1168 4287 3936 1169 4288 3937
5587 6 3 2 1 0 1169 4288 3937 1170 4289 3938
5588 6 3 2 1 0 1170 4289 3938 1171 4290 3939
5589 6 3 2 1 0 1171 4290 3939 1172 4291 3940
5590 6 3 2 1 0 1172 4291 3940 1173 4292 3941
5591 6 3 2 1 0 1173 4292 3941 1174 4293 3942
5592 6 3 2 1 0 1174 4293 3942 1175 4294 3943
5593 6 3 2 1 0 1175 4294 3943 1176 4295 3944
5594 6 3 2 1 0 1176 4295 3944 1177 4296 3945
5595 6 3 2 1 0 1177 4296 3945 1178 4297 3946
5596 6 3 2 1 0 1178 4297 3946 1179 4298 3947
5597 6 3 2 1 0 1179 4298 3947 1180 4299 3948
5598 6 3 2 1 0 1180 4299 3948 1181 4300 3949
5599 6 3 2 1 0 1181 4300 3949 1182 4301 3950
5600 6 3 2 1 0 1182 4301 3950 1183 4302 3951
5601 6 3 2 1 0 1183 4302 3951 1184 4303 3952
5602 6 3 2 1 0 1184 4303 3952 1185 4304 3953
5603 6 3 2 1 0 1185 4304 3953 1186 4305 3954
5604 6 3 2 1 0 1186 4305 3954 1187 4306 3955
5605 6 3 2 1 0 1187 4306 3955 1188 4307 3956
5606 6 3 2 1 0 1188 4307 3956 1189 4308 3957
5607 6 3 2 1 0 1189 4308 3957 1190 4309 3958
5608 6 3 2 1 0 1190 4309 3958 1191 4310 3959
5609 6 3 2 1 0 1191 4310 3959 1192 4311 3960
5610 6 3 2 1 0 1192 4311 3960 1193 4312 3961
5611 6 3 2 1 0 1193 4312 3961 1194 4313 3962
5612 6 3 2 1 0 1194 4313 3962 1195 4314 3963
5613 6 3 2 1 0 1195 4314 3963 1196 4315 3964
5614 6 3 2 1 0 1196 4315 3964 1197 4316 3965
5615 6 3 2 1 0 1197 4316 3965 1198 4317 3966
5616 6 3 2 1 0 1198 4317 3966 63 1582 1573
5617 6 3 2 1 0 815 834 843 3187 3928 4279
5618 6 3 2 1 0 3187 3928 4279 3188 3929 4280
5619 6 3 2 1 0 3188 3929 4280 3189 3930 4281
5620 6 3 2 1 0 3189 3930 4281 3190 3931 4282
5621 6 3 2 1 0 3190 3931 4282 3191 3932 4283
5622 6 3 2 1 0 3191 3932 4283 3192 3933 4284
5623 6 3 2 1 0 3192 3933 4284 3193 3934 4285
5624 6 3 2 1 0 3193 3934 4285 3194 3935 4286
5625 6 3 2 1 0 3194 3935 4286 3195 3936 4287
5626 6 3 2 1 0 3195 3936 4287 3196 3937 4288
5627 6 3 2 1 0 3196 3937 4288 3197 3938 4289
5628 6 3 2 1 0 3197 3938 4289 3198 3939 4290
5629 6 3 2 1 0 3198 3939 4290 3199 3940 4291
5630 6 3 2 1 0 3199 3940 4291 3200 3941 4292
5631 6 3 2 1 0 3200 3941 4292 3201 3942 4293
5632 6 3 2 1 0 3201 3942 4293 3202 3943 4294
5633 6 3 2 1 0 3202 3943 4294 3203 3944 4295
5634 6 3 2 1 0 3203 3944 4295 3204 3945 4296
5635 6 3 2 1 0 3204 3945 4296 3205 3946 4297
5636 6 3 2 1 0 3205 3946 4297 3206 3947 4298
5637 6 3 2 1 0 3206 3947 4298 3207 3948 4299
5638 6 3 2 1 0 3207 3948 4299 3208 3949 4300
5639 6 3 2 1 0 3208 3949 4300 3209 3950 4301
5640 6 3 2 1 0 3209 3950 4301 3210 3951 4302
5641 6 3 2 1 0 3210 3951 4302 3211 3952 4303
5642 6 3 2 1 0 3211 3952 4303 3212 3953 4304
5643 6 3 2 1 0 3212 3953 4304 3213 3954 4305
5644 6 3 2 1 0 3213 3954 4305 3214 3955 4306
5645 6 3 2 1 0 3214 3955 4306 3215 3956 4307
5646 6 3 2 1 0 3215 3956 4307 3216 3957 4308
5647 6 3 2 1 0 3216 3957 4308 3217 3958 4309
5648 6 3 2 1 0 3217 3958 4309 3218 3959 4310
5649 6 3 2 1 0 3218 3959 4310 3219 3960 4311
5650 6 3 2 1 0 3219 3960 4311 3220 3961 4312
5651 6 3 2 1 0 3220 3961 4312 3221 3962 4313
5652 6 3 2 1 0 3221 3962 4313 3222 3963 4314
5653 6 3 2 1 0 3222 3963 4314 3223 3964 4315
5654 6 3 2 1 0 3223 3964 4315 3224 3965 4316
5655 6 3 2 1 0 3224 3965 4316 3225 3966 4317
5656 6 3 2 1 0 3225 3966 4317 1554 1573 1582
5657 6 3 2 1 0 815 843 837 3187 4279 4045
5658 6 3 2 1 0 3187 4279 4045 3188 4280 4046
5659 6 3 2 1 0 3188 4280 4046 3189 4281 4047
5660 6 3 2 1 0 3189 4281 4047 3190 4282 4048
5661 6 3 2 1 0 3190 4282 4048 3191 4283 4049
5662 6 3 2 1 0 3191 4283 4049 3192 4284 4050
5663 6 3 2 1 0 3192 4284 4050 3193 4285 4051
5664 6 3 2 1 0 3193 4285 4051 3194 4286 4052
5665 6 3 2 1 0 3194 4286 4052 3195 4287 4053
5666 6 3 2 1 0 3195 4287 4053 3196 4288 4054
5667 6 3 2 1 0 3196 4288 4054 3197 4289 4055
5668 6 3 2 1 0 3197 4289 4055 3198 4290 4056
5669 6 3 2 1 0 3198 4290 4056 3199 4291 4057
5670 6 3 2 1 0 3199 4291 4057 3200 4292 4058
5671 6 3 2 1 0 3200 4292 4058 3201 4293 4059
5672 6 3 2 1 0 3201 4293 4059 3202 4294 4060
5673 6 3 2 1 0 3202 4294 4060 3203 4295 4061
5674 6 3 2 1 0 3203 4295 4061 3204 4296 4062
5675 6 3 2 1 0 3204 4296 4062 3205 4297 4063
5676 6 3 2 1 0 3205 4297 4063 3206 4298 4064
5677 6 3 2 1 0 3206 4298 4064 3207 4299 4065
5678 6 3 2 1 0 3207 4299 4065 3208 4300 4066
5679 6 3 2 1 0 3208 4300 4066 3209 4301 4067
5680 6 3 2 1 0 3209 4301 4067 3210 4302 4068
5681 6 3 2 1 0 3210 4302 4068 3211 4303 4069
5682 6 3 2 1 0 3211 4303 4069 3212 4304 4070
5683 6 3 2 1 0 3212 4304 4070 3213 4305 4071
5684 6 3 2 1 0 3213 4305 4071 3214 4306 4072
5685 6 3 2 1 0 3214 4306 4072 3215 4307 4073
5686 6 3 2 1 0 3215 4307 4073 3216 4308 4074
5687 6 3 2 1 0 3216 4308 4074 3217 4309 4075
5688 6 3 2 1 0 3217 4309 4075 3218 4310 4076
5689 6 3 2 1 0 3218 4310 4076 3219 4311 4077
5690 6 3 2 1 0 3219 4311 4077 3220 4312 4078
5691 6 3 2 1 0 3220 4312 4078 3221 4313 4079
5692 6 3 2 1 0 3221 4313 4079 3222 4314 4080
5693 6 3 2 1 0 3222 4314 4080 3223 4315 4081
5694 6 3 2 1 0 3223 4315 4081 3224 4316 4082
5695 6 3 2 1 0 3224 4316 4082 3225 4317 4083
5696 6 3 2 1 0 3225 4317 4083 1554 1582 1576
5697 6 3 2 1 0 811 831 840 3031 3811 4162
5698 6 3 2 1 0 3031 3811 4162 3032 3812 4163
5699 6 3 2 1 0 3032 3812 4163 3033 3813 4164
5700 6 3 2 1 0 3033 3813 4164 3034 3814 4165
5701 6 3 2 1 0 3034 3814 4165 3035 3815 4166
5702 6 3 2 1 0 3035 3815 4166 3036 3816 4167
5703 6 3 2 1 0 3036 3816 4167 3037 3817 4168
5704 6 3 2 1 0 3037 3817 4168 3038 3818 4169
5705 6 3 2 1 0 3038 3818 4169 3039 3819 4170
5706 6 3 2 1 0 3039 3819 4170 3040 3820 4171
5707 6 3 2 1 0 3040 3820 4171 3041 3821 4172
5708 6 3 2 1 0 3041 3821 4172 3042 3822 4173
5709 6 3 2 1 0 3042 3822 4173 3043 3823 4174
5710 6 3 2 1 0 3043 3823 4174 3044 3824 4175
5711 6 3 2 1 0 3044 3824 4175 3045 3825 4176
5712 6 3 2 1 0 3045 3825 4176 3046 3826 4177
5713 6 3 2 1 0 3046 3826 4177 3047 3827 4178
5714 6 3 2 1 0 3047 3827 4178 3048 3828 4179
5715 6 3 2 1 0 3048 3828 4179 3049 3829 4180
5716 6 3 2 1 0 3049 3829 4180 3050 3830 4181
5717 6 3 2 1 0 3050 3830 4181 3051 3831 4182
5718 6 3 2 1 0 3051 3831 4182 3052 3832 4183
5719 6 3 2 1 0 3052 3832 4183 3053 3833 4184
5720 6 3 2 1 0 3053 3833 4184 3054 3834 4185
5721 6 3 2 1 0 3054 3834 4185 3055 3835 4186
5722 6 3 2 1 0 3055 3835 4186 3056 3836 4187
5723 6 3 2 1 0 3056 3836 4187 3057 3837 4188
5724 6 3 2 1 0 3057 3837 4188 3058 3838 4189
5725 6 3 2 1 0 3058 3838 4189 3059 3839 4190
5726 6 3 2 1 0 3059 3839 4190 3060 3840 4191
5727 6 3 2 1 0 3060 3840 4191 3061 3841 4192
5728 6 3 2 1 0 3061 3841 4192 3062 3842 4193
5729 6 3 2 1 0 3062 3842 4193 3063 3843 4194
5730 6 3 2 1 0 3063 3843 4194 3064 3844 4195
5731 6 3 2 1 0 3064 3844 4195 3065 3845 4196
5732 6 3 2 1 0 3065 3845 4196 3066 3846 4197
5733 6 3 2 1 0 3066 3846 4197 3067 3847 4198
5734 6 3 2 1 0 3067 3847 4198 3068 3848 4199
5735 6 3 2 1 0 3068 3848 4199 3069 3849 4200
5736 6 3 2 1 0 3069 3849 4200 1550 1570 1579
5737 6 3 2 1 0 840 829 811 4162 3733 3031
5738 6 3 2 1 0 4162 3733 3031 4163 3734 3032
5739 6 3 2 1 0 4163 3734 3032 4164 3735 3033
5740 6 3 2 1 0 4164 3735 3033 4165 3736 3034
5741 6 3 2 1 0 4165 3736 3034 4166 3737 3035
5742 6 3 2 1 0 4166 3737 3035 4167 3738 3036
5743 6 3 2 1 0 4167 3738 3036 4168 3739 3037
5744 6 3 2 1 0 4168 3739 3037 4169 3740 3038
5745 6 3 2 1 0 4169 3740 3038 4170 3741 3039
5746 6 3 2 1 0 4170 3741 3039 4171 3742 3040
5747 6 3 2 1 0 4171 3742 3040 4172 3743 3041
5748 6 3 2 1 0 4172 3743 3041 4173 3744 3042
5749 6 3 2 1 0 4173 3744 3042 4174 3745 3043
5750 6 3 2 1 0 4174 3745 3043 4175 3746 3044
5751 6 3 2 1 0 4175 3746 3044 4176 3747 3045
5752 6 3 2 1 0 4176 3747 3045 4177 3748 3046
5753 6 3 2 1 0 4177 3748 3046 4178 3749 3047
5754 6 3 2 1 0 4178 3749 3047 4179 3750 3048
5755 6 3 2 1 0 4179 3750 3048 4180 3751 3049
5756 6 3 2 1 0 4180 3751 3049 4181 3752 3050
5757 6 3 2 1 0 4181 3752 3050 4182 3753 3051
5758 6 3 2 1 0 4182 3753 3051 4183 3754 3052
5759 6 3 2 1 0 4183 3754 3052 4184 3755 3053
5760 6 3 2 1 0 4184 3755 3053 4185 3756 3054
5761 6 3 2 1 0 4185 3756 3054 4186 3757 3055
5762 6 3 2 1 0 4186 3757 3055 4187 3758 3056
5763 6 3 2 1 0 4187 3758 3056 4188 3759 3057
5764 6 3 2 1 0 4188 3759 3057 4189 3760 3058
5765 6 3 2 1 0 4189 3760 3058 4190 3761 3059
5766 6 3 2 1 0 4190 3761 3059 4191 3762 3060
5767 6 3 2 1 0 4191 3762 3060 4192 3763 3061
5768 6 3 2 1 0 4192 3763 3061 4193 3764 3062
5769 6 3 2 1 0 4193 3764 3062 4194 3765 3063
5770 6 3 2 1 0 4194 3765 3063 4195 3766 3064
5771 6 3 2 1 0 4195 3766 3064 4196 3767 3065
5772 6 3 2 1 0 4196 3767 3065 4197 3768 3066
5773 6 3 2 1 0 4197 3768 3066 4198 3769 3067
5774 6 3 2 1 0 4198 3769 3067 4199 3770 3068
5775 6 3 2 1 0 4199 3770 3068 4200 3771 3069
5776 6 3 2 1 0 4200 3771 3069 1579 1568 1550
5777 6 3 2 1 0 840 831 822 4162 3811 3460
5778 6 3 2 1 0 4162 3811 3460 4163 3812 3461
5779 6 3 2 1 0 4163 3812 3461 4164 3813 3462
5780 6 3 2 1 0 4164 3813 3462 4165 3814 3463
5781 6 3 2 1 0 4165 3814 3463 4166 3815 3464
5782 6 3 2 1 0 4166 3815 3464 4167 3816 3465
5783 6 3 2 1 0 4167 3816 3465 4168 3817 3466
5784 6 3 2 1 0 4168 3817 3466 4169 3818 3467
5785 6 3 2 1 0 4169 3818 3467 4170 3819 3468
5786 6 3 2 1 0 4170 3819 3468 4171 3820 3469
5787 6 3 2 1 0 4171 3820 3469 4172 3821 3470
5788 6 3 2 1 0 4172 3821 3470 4173 3822 3471
5789 6 3 2 1 0 4173 3822 3471 4174 3823 3472
5790 6 3 2 1 0 4174 3823 3472 4175 3824 3473
5791 6 3 2 1 0 4175 3824 3473 4176 3825 3474
5792 6 3 2 1 0 4176 3825 3474 4177 3826 3475
5793 6 3 2 1 0 4177 3826 3475 4178 3827 3476
5794 6 3 2 1 0 4178 3827 3476 4179 3828 3477
5795 6 3 2 1 0 4179 3828 3477 4180 3829 3478
5796 6 3 2 1 0 4180 3829 3478 4181 3830 3479
5797 6 3 2 1 0 4181 3830 3479 4182 3831 3480
5798 6 3 2 1 0 4182 3831 3480 4183 3832 3481
5799 6 3 2 1 0 4183 3832 3481 4184 3833 3482
5800 6 3 2 1 0 4184 3833 3482 4185 3834 3483
5801 6 3 2 1 0 4185 3834 3483 4186 3835 3484
5802 6 3 2 1 0 4186 3835 3484 4187 3836 3485
5803 6 3 2 1 0 4187 3836 3485 4188 3837 3486
5804 6 3 2 1 0 4188 3837 3486 4189 3838 3487
5805 6 3 2 1 0 4189 3838 3487 4190 3839 3488
5806 6 3 2 1 0 4190 3839 3488 4191 3840 3489
5807 6 3 2 1 0 4191 3840 3489 4192 3841 3490
5808 6 3 2 1 0 4192 3841 3490 4193 3842 3491
5809 6 3 2 1 0 4193 3842 3491 4194 3843 3492
5810 6 3 2 1 0 4194 3843 3492 4195 3844 3493
5811 6 3 2 1 0 4195 3844 3493 4196 3845 3494
5812 6 3 2 1 0 4196 3845 3494 4197 3846 3495
5813 6 3 2 1 0 4197 3846 3495 4198 3847 3496
5814 6 3 2 1 0 4198 3847 3496 4199 3848 3497
5815 6 3 2 1 0 4199 3848 3497 4200 3849 3498
5816 6 3 2 1 0 4200 3849 3498 1579 1570 1561
5817 6 3 2 1 0 811 830 841 3031 3772 4201
5818 6 3 2 1 0 3031 3772 4201 3032 3773 4202
5819 6 3 2 1 0 3032 3773 4202 3033 3774 4203
5820 6 3 2 1 0 3033 3774 4203 3034 3775 4204
5821 6 3 2 1 0 3034 3775 4204 3035 3776 4205
5822 6 3 2 1 0 3035 3776 4205 3036 3777 4206
5823 6 3 2 1 0 3036 3777 4206 3037 3778 4207
5824 6 3 2 1 0 3037 3778 4207 3038 3779 4208
5825 6 3 2 1 0 3038 3779 4208 3039 3780 4209
5826 6 3 2 1 0 3039 3780 4209 3040 3781 4210
5827 6 3 2 1 0 3040 3781 4210 3041 3782 4211
5828 6 3 2 1 0 3041 3782 4211 3042 3783 4212
5829 6 3 2 1 0 3042 3783 4212 3043 3784 4213
5830 6 3 2 1 0 3043 3784 4213 3044 3785 4214
5831 6 3 2 1 0 3044 3785 4214 3045 3786 4215
5832 6 3 2 1 0 3045 3786 4215 3046 3787 4216
5833 6 3 2 1 0 3046 3787 4216 3047 3788 4217
5834 6 3 2 1 0 3047 3788 4217 3048 3789 4218
5835 6 3 2 1 0 3048 3789 4218 3049 3790 4219
5836 6 3 2 1 0 3049 3790 4219 3050 3791 4220
5837 6 3 2 1 0 3050 3791 4220 3051 3792 4221
5838 6 3 2 1 0 3051 3792 4221 3052 3793 4222
5839 6 3 2 1 0 3052 3793 4222 3053 3794 4223
5840 6 3 2 1 0 3053 3794 4223 3054 3795 4224
5841 6 3 2 1 0 3054 3795 4224 3055 3796 4225
5842 6 3 2 1 0 3055 3796 4225 3056 3797 4226
5843 6 3 2 1 0 3056 3797 4226 3057 3798 4227
5844 6 3 2 1 0 3057 3798 4227 3058 3799 4228
5845 6 3 2 1 0 3058 3799 4228 3059 3800 4229
5846 6 3 2 1 0 3059 3800 4229 3060 3801 4230
5847 6 3 2 1 0 3060 3801 4230 3061 3802 4231
5848 6 3 2 1 0 3061 3802 4231 3062 3803 4232
5849 6 3 2 1 0 3062 3803 4232 3063 3804 4233
5850 6 3 2 1 0 3063 3804 4233 3064 3805 4234
5851 6 3 2 1 0 3064 3805 4234 3065 3806 4235
5852 6 3 2 1 0 3065 3806 4235 3066 3807 4236
5853 6 3 2 1 0 3066 3807 4236 3067 3808 4237
5854 6 3 2 1 0 3067 3808 4237 3068 3809 4238
5855 6 3 2 1 0 3068 3809 4238 3069 3810 4239
5856 6 3 2 1 0 3069 3810 4239 1550 1569 1580
5857 6 3 2 1 0 841 828 811 4201 3694 3031
5858 6 3 2 1 0 4201 3694 3031 4202 3695 3032
5859 6 3 2 1 0 4202 3695 3032 4203 3696 3033
5860 6 3 2 1 0 4203 3696 3033 4204 3697 3034
5861 6 3 2 1 0 4204 3697 3034 4205 3698 3035
5862 6 3 2 1 0 4205 3698 3035 4206 3699 3036
5863 6 3 2 1 0 4206 3699 3036 4207 3700 3037
5864 6 3 2 1 0 4207 3700 3037 4208 3701 3038
5865 6 3 2 1 0 4208 3701 3038 4209 3702 3039
5866 6 3 2 1 0 4209 3702 3039 4210 3703 3040
5867 6 3 2 1 0 4210 3703 3040 4211 3704 3041
5868 6 3 2 1 0 4211 3704 3041 4212 3705 3042
5869 6 3 2 1 0 4212 3705 3042 4213 3706 3043
5870 6 3 2 1 0 4213 3706 3043 4214 3707 3044
5871 6 3 2 1 0 4214 3707 3044 4215 3708 3045
5872 6 3 2 1 0 4215 3708 3045 4216 3709 3046
5873 6 3 2 1 0 4216 3709 3046 4217 3710 3047
5874 6 3 2 1 0 4217 3710 3047 4218 3711 3048
5875 6 3 2 1 0 4218 3711 3048 4219 3712 3049
5876 6 3 2 1 0 4219 3712 3049 4220 3713 3050
5877 6 3 2 1 0 4220 3713 3050 4221 3714 3051
5878 6 3 2 1 0 4221 3714 3051 4222 3715 3052
5879 6 3 2 1 0 4222 3715 3052 4223 3716 3053
5880 6 3 2 1 0 4223 3716 3053 4224 3717 3054
5881 6 3 2 1 0 4224 3717 3054 4225 3718 3055
5882 6 3 2 1 0 4225 3718 3055 4226 3719 3056
5883 6 3 2 1 0 4226 3719 3056 4227 3720 3057
5884 6 3 2 1 0 4227 3720 3057 4228 3721 3058
5885 6 3 2 1 0 4228 3721 3058 4229 3722 3059
5886 6 3 2 1 0 4229 3722 3059 4230 3723 3060
5887 6 3 2 1 0 4230 3723 3060 4231 3724 3061
5888 6 3 2 1 0 4231 3724 3061 4232 3725 3062
5889 6 3 2 1 0 4232 3725 3062 4233 3726 3063
5890 6 3 2 1 0 4233 3726 3063 4234 3727 3064
5891 6 3 2 1 0 4234 3727 3064 4235 3728 3065
5892 6 3 2 1 0 4235 3728 3065 4236 3729 3066
5893 6 3 2 1 0 4236 3729 3066 4237 3730 3067
5894 6 3 2 1 0 4237 3730 3067 4238 3731 3068
5895 6 3 2 1 0 4238 3731 3068 4239 3732 3069
5896 6 3 2 1 0 4239 3732 3069 1580 1567 1550
5897 6 3 2 1 0 841 830 823 4201 3772 3499
5898 6 3 2 1 0 4201 3772 3499 4202 3773 3500
5899 6 3 2 1 0 4202 3773 3500 4203 3774 3501
5900 6 3 2 1 0 4203 3774 3501 4204 3775 3502
5901 6 3 2 1 0 4204 3775 3502 4205 3776 3503
5902 6 3 2 1 0 4205 3776 3503 4206 3777 3504
5903 6 3 2 1 0 4206 3777 3504 4207 3778 3505
5904 6 3 2 1 0 4207 3778 3505 4208 3779 3506
5905 6 3 2 1 0 4208 3779 3506 4209 3780 3507
5906 6 3 2 1 0 4209 3780 3507 4210 3781 3508
5907 6 3 2 1 0 4210 3781 3508 4211 3782 3509
5908 6 3 2 1 0 4211 3782 3509 4212 3783 3510
5909 6 3 2 1 0 4212 3783 3510 4213 3784 3511
5910 6 3 2 1 0 4213 3784 3511 4214 3785 3512
5911 6 3 2 1 0 4214 3785 3512 4215 3786 3513
5912 6 3 2 1 0 4215 3786 3513 4216 3787 3514
5913 6 3 2 1 0 4216 3787 3514 4217 3788 3515
5914 6 3 2 1 0 4217 3788 3515 4218 3789 3516
5915 6 3 2 1 0 4218 3789 3516 4219 3790 3517
5916 6 3 2 1 0 4219 3790 3517 4220 3791 3518
5917 6 3 2 1 0 4220 3791 3518 4221 3792 3519
5918 6 3 2 1 0 4221 3792 3519 4222 3793 3520
5919 6 3 2 1 0 4222 3793 3520 4223 3794 3521
5920 6 3 2 1 0 4223 3794 3521 4224 3795 3522
5921 6 3 2 1 0 4224 3795 3522 4225 3796 3523
5922 6 3 2 1 0 4225 3796 3523 4226 3797 3524
5923 6 3 2 1 0 4226 3797 3524 4227 3798 3525
5924 6 3 2 1 0 4227 3798 3525 4228 3799 3526
5925 6 3 2 1 0 4228 3799 3526 4229 3800 3527
5926 6 3 2 1 0 4229 3800 3527 4230 3801 3528
5927 6 3 2 1 0 4230 3801 3528 4231 3802 3529
5928 6 3 2 1 0 4231 3802 3529 4232 3803 3530
5929 6 3 2 1 0 4232 3803 3530 4233 3804 3531
5930 6 3 2 1 0 4233 3804 3531 4234 3805 3532
5931 6 3 2 1 0 4234 3805 3532 4235 3806 3533
5932 6 3 2 1 0 4235 3806 3533 4236 3807 3534
5933 6 3 2 1 0 4236 3807 3534 4237 3808 3535
5934 6 3 2 1 0 4237 3808 3535 4238 3809 3536
5935 6 3 2 1 0 4238 3809 3536 4239 3810 3537
5936 6 3 2 1 0 4239 3810 3537 1580 1569 1562
5937 6 3 2 1 0 44 838 43 1121 4084 1082
5938 6 3 2 1 0 1121 4084 1082 1122 4085 1083
5939 6 3 2 1 0 1122 4085 1083 1123 4086 1084
5940 6 3 2 1 0 1123 4086 1084 1124 4087 1085
5941 6 3 2 1 0 1124 4087 1085 1125 4088 1086
5942 6 3 2 1 0 1125 4088 1086 1126 4089 1087
5943 6 3 2 1 0 1126 4089 1087 1127 4090 1088
5944 6 3 2 1 0 1127 4090 1088 1128 4091 1089
5945 6 3 2 1 0 1128 4091 1089 1129 4092 1090
5946 6 3 2 1 0 1129 4092 1090 1130 4093 1091
5947 6 3 2 1 0 1130 4093 1091 1131 4094 1092
5948 6 3 2 1 0 1131 4094 1092 1132 4095 1093
5949 6 3 2 1 0 1132 4095 1093 1133 4096 1094
5950 6 3 2 1 0 1133 4096 1094 1134 4097 1095
5951 6 3 2 1 0 1134 4097 1095 1135 4098 1096
5952 6 3 2 1 0 1135 4098 1096 1136 4099 1097
5953 6 3 2 1 0 1136 4099 1097 1137 4100 1098
5954 6 3 2 1 0 1137 4100 1098 1138 4101 1099
5955 6 3 2 1 0 1138 4101 1099 1139 4102 1100
5956 6 3 2 1 0 1139 4102 1100 1140 4103 1101
5957 6 3 2 1 0 1140 4103 1101 1141 4104 1102
5958 6 3 2 1 0 1141 4104 1102 1142 4105 1103
5959 6 3 2 1 0 1142 4105 1103 1143 4106 1104
5960 6 3 2 1 0 1143 4106 1104 1144 4107 1105
5961 6 3 2 1 0 1144 4107 1105 1145 4108 1106
5962 6 3 2 1 0 1145 4108 1106 1146 4109 1107
5963 6 3 2 1 0 1146 4109 1107 1147 4110 1108
5964 6 3 2 1 0 1147 4110 1108 1148 4111 1109
5965 6 3 2 1 0 1148 4111 1109 1149 4112 1110
5966 6 3 2 1 0 1149 4112 1110 1150 4113 1111
5967 6 3 2 1 0 1150 4113 1111 1151 4114 1112
5968 6 3 2 1 0 1151 4114 1112 1152 4115 1113
5969 6 3 2 1 0 1152 4115 1113 1153 4116 1114
5970 6 3 2 1 0 1153 4116 1114 1154 4117 1115
5971 6 3 2 1 0 1154 4117 1115 1155 4118 1116
5972 6 3 2 1 0 1155 4118 1116 1156 4119 1117
5973 6 3 2 1 0 1156 4119 1117 1157 4120 1118
5974 6 3 2 1 0 1157 4120 1118 1158 4121 1119
5975 6 3 2 1 0 1158 4121 1119 1159 4122 1120
5976 6 3 2 1 0 1159 4122 1120 62 1577 61
5977 6 3 2 1 0 53 839 52 1472 4123 1433
5978 6 3 2 1 0 1472 4123 1433 1473 4124 1434
5979 6 3 2 1 0 1473 4124 1434 1474 4125 1435
5980 6 3 2 1 0 1474 4125 1435 1475 4126 1436
5981 6 3 2 1 0 1475 4126 1436 1476 4127 1437
5982 6 3 2 1 0 1476 4127 1437 1477 4128 1438
5983 6 3 2 1 0 1477 4128 1438 1478 4129 1439
5984 6 3 2 1 0 1478 4129 1439 1479 4130 1440
5985 6 3 2 1 0 1479 4130 1440 1480 4131 1441
5986 6 3 2 1 0 1480 4131 1441 1481 4132 1442
5987 6 3 2 1 0 1481 4132 1442 1482 4133 1443
5988 6 3 2 1 0 1482 4133 1443 1483 4134 1444
5989 6 3 2 1 0 1483 4134 1444 1484 4135 1445
5990 6 3 2 1 0 1484 4135 1445 1485 4136 1446
5991 6 3 2 1 0 1485 4136 1446 1486 4137 1447
5992 6 3 2 1 0 1486 4137 1447 1487 4138 1448
5993 6 3 2 1 0 1487 4138 1448 1488 4139 1449
5994 6 3 2 1 0 1488 4139 1449 1489 4140 1450
5995 6 3 2 1 0 1489 4140 1450 1490 4141 1451
5996 6 3 2 1 0 1490 4141 1451 1491 4142 1452
5997 6 3 2 1 0 1491 4142 1452 1492 4143 1453
5998 6 3 2 1 0 1492 4143 1453 1493 4144 1454
5999 6 3 2 1 0 1493 4144 1454 1494 4145 1455
6000 6 3 2 1 0 1494 4145 1455 1495 4146 1456
6001 6 3 2 1 0 1495 4146 1456 1496 4147 1457
6002 6 3 2 1 0 1496 4147 1457 1497 4148 1458
6003 6 3 2 1 0 1497 4148 1458 1498 4149 1459
6004 6 3 2 1 0 1498 4149 1459 1499 4150 1460
6005 6 3 2 1 0 1499 4150 1460 1500 4151 1461
6006 6 3 2 1 0 1500 4151 1461 1501 4152 1462
6007 6 3 2 1 0 1501 4152 1462 1502 4153 1463
6008 6 3 2 1 0 1502 4153 1463 1503 4154 1464
6009 6 3 2 1 0 1503 4154 1464 1504 4155 1465
6010 6 3 2 1 0 1504 4155 1465 1505 4156 1466
6011 6 3 2 1 0 1505 4156 1466 1506 4157 1467
6012 6 3 2 1 0 1506 4157 1467 1507 4158 1468
6013 6 3 2 1 0 1507 4158 1468 1508 4159 1469
6014 6 3 2 1 0 1508 4159 1469 1509 4160 1470
6015 6 3 2 1 0 1509 4160 1470 1510 4161 1471
6016 6 3 2 1 0 1510 4161 1471 71 1578 70
6017 6 3 2 1 0 821 839 844 3421 4123 4318
6018 6 3 2 1 0 3421 4123 4318 3422 4124 4319
6019 6 3 2 1 0 3422 4124 4319 3423 4125 4320
6020 6 3 2 1 0 3423 4125 4320 3424 4126 4321
6021 6 3 2 1 0 3424 4126 4321 3425 4127 4322
6022 6 3 2 1 0 3425 4127 4322 3426 4128 4323
6023 6 3 2 1 0 3426 4128 4323 3427 4129 4324
6024 6 3 2 1 0 3427 4129 4324 3428 4130 4325
6025 6 3 2 1 0 3428 4130 4325 3429 4131 4326
6026 6 3 2 1 0 3429 4131 4326 3430 4132 4327
6027 6 3 2 1 0 3430 4132 4327 3431 4133 4328
6028 6 3 2 1 0 3431 4133 4328 3432 4134 4329
6029 6 3 2 1 0 3432 4134 4329 3433 4135 4330
6030 6 3 2 1 0 3433 4135 4330 3434 4136 4331
6031 6 3 2 1 0 3434 4136 4331 3435 4137 4332
6032 6 3 2 1 0 3435 4137 4332 3436 4138 4333
6033 6 3 2 1 0 3436 4138 4333 3437 4139 4334
6034 6 3 2 1 0 3437 4139 4334 3438 4140 4335
6035 6 3 2 1 0 3438 4140 4335 3439 4141 4336
6036 6 3 2 1 0 3439 4141 4336 3440 4142 4337
6037 6 3 2 1 0 3440 4142 4337 3441 4143 4338
6038 6 3 2 1 0 3441 4143 4338 3442 4144 4339
6039 6 3 2 1 0 3442 4144 4339 3443 4145 4340
6040 6 3 2 1 0 3443 4145 4340 3444 4146 4341
6041 6 3 2 1 0 3444 4146 4341 3445 4147 4342
6042 6 3 2 1 0 3445 4147 4342 3446 4148 4343
6043 6 3 2 1 0 3446 4148 4343 3447 4149 4344
6044 6 3 2 1 0 3447 4149 4344 3448 4150 4345
6045 6 3 2 1 0 3448 4150 4345 3449 4151 4346
6046 6 3 2 1 0 3449 4151 4346 3450 4152 4347
6047 6 3 2 1 0 3450 4152 4347 3451 4153 4348
6048 6 3 2 1 0 3451 4153 4348 3452 4154 4349
6049 6 3 2 1 0 3452 4154 4349 3453 4155 4350
6050 6 3 2 1 0 3453 4155 4350 3454 4156 4351
6051 6 3 2 1 0 3454 4156 4351 3455 4157 4352
6052 6 3 2 1 0 3455 4157 4352 3456 4158 4353
6053 6 3 2 1 0 3456 4158 4353 3457 4159 4354
6054 6 3 2 1 0 3457 4159 4354 3458 4160 4355
6055 6 3 2 1 0 3458 4160 4355 3459 4161 4356
6056 6 3 2 1 0 3459 4161 4356 1560 1578 1583
6057 6 3 2 1 0 844 835 821 4318 3967 3421
6058 6 3 2 1 0 4318 3967 3421 4319 3968 3422
6059 6 3 2 1 0 4319 3968 3422 4320 3969 3423
6060 6 3 2 1 0 4320 3969 3423 4321 3970 3424
6061 6 3 2 1 0 4321 3970 3424 4322 3971 3425
6062 6 3 2 1 0 4322 3971 3425 4323 3972 3426
6063 6 3 2 1 0 4323 3972 3426 4324 3973 3427
6064 6 3 2 1 0 4324 3973 3427 4325 3974 3428
6065 6 3 2 1 0 4325 3974 3428 4326 3975 3429
6066 6 3 2 1 0 4326 3975 3429 4327 3976 3430
6067 6 3 2 1 0 4327 3976 3430 4328 3977 3431
6068 6 3 2 1 0 4328 3977 3431 4329 3978 3432
6069 6 3 2 1 0 4329 3978 3432 4330 3979 3433
6070 6 3 2 1 0 4330 3979 3433 4331 3980 3434
6071 6 3 2 1 0 4331 3980 3434 4332 3981 3435
6072 6 3 2 1 0 4332 3981 3435 4333 3982 3436
6073 6 3 2 1 0 4333 3982 3436 4334 3983 3437
6074 6 3 2 1 0 4334 3983 3437 4335 3984 3438
6075 6 3 2 1 0 4335 3984 3438 4336 3985 3439
6076 6 3 2 1 0 4336 3985 3439 4337 3986 3440
6077 6 3 2 1 0 4337 3986 3440 4338 3987 3441
6078 6 3 2 1 0 4338 3987 3441 4339 3988 3442
6079 6 3 2 1 0 4339 3988 3442 4340 3989 3443
6080 6 3 2 1 0 4340 3989 3443 4341 3990 3444
6081 6 3 2 1 0 4341 3990 3444 4342 3991 3445
6082 6 3 2 1 0 4342 3991 3445 4343 3992 3446
6083 6 3 2 1 0 4343 3992 3446 4344 3993 3447
6084 6 3 2 1 0 4344 3993 3447 4345 3994 3448
6085 6 3 2 1 0 4345 3994 3448 4346 3995 3449
6086 6 3 2 1 0 4346 3995 3449 4347 3996 3450
6087 6 3 2 1 0 4347 3996 3450 4348 3997 3451
6088 6 3 2 1 0 4348 3997 3451 4349 3998 3452
6089 6 3 2 1 0 4349 3998 3452 4350 3999 3453
6090 6 3 2 1 0 4350 3999 3453 4351 4000 3454
6091 6 3 2 1 0 4351 4000 3454 4352 4001 3455
6092 6 3 2 1 0 4352 4001 3455 4353 4002 3456
6093 6 3 2 1 0 4353 4002 3456 4354 4003 3457
6094 6 3 2 1 0 4354 4003 3457 4355 4004 3458
6095 6 3 2 1 0 4355 4004 3458 4356 4005 3459
6096 6 3 2 1 0 4356 4005 3459 1583 1574 1560
6097 6 3 2 1 0 844 839 53 4318 4123 1472
6098 6 3 2 1 0 4318 4123 1472 4319 4124 1473
6099 6 3 2 1 0 4319 4124 1473 4320 4125 1474
6100 6 3 2 1 0 4320 4125 1474 4321 4126 1475
6101 6 3 2 1 0 4321 4126 1475 4322 4127 1476
6102 6 3 2 1 0 4322 4127 1476 4323 4128 1477
6103 6 3 2 1 0 4323 4128 1477 4324 4129 1478
6104 6 3 2 1 0 4324 4129 1478 4325 4130 1479
6105 6 3 2 1 0 4325 4130 1479 4326 4131 1480
6106 6 3 2 1 0 4326 4131 1480 4327 4132 1481
6107 6 3 2 1 0 4327 4132 1481 4328 4133 1482
6108 6 3 2 1 0 4328 4133 1482 4329 4134 1483
6109 6 3 2 1 0 4329 4134 1483 4330 4135 1484
6110 6 3 2 1 0 4330 4135 1484 4331 4136 1485
6111 6 3 2 1 0 4331 4136 1485 4332 4137 1486
6112 6 3 2 1 0 4332 4137 1486 4333 4138 1487
6113 6 3 2 1 0 4333 4138 1487 4334 4139 1488
6114 6 3 2 1 0 4334 4139 1488 4335 4140 1489
6115 6 3 2 1 0 4335 4140 1489 4336 4141 1490
6116 6 3 2 1 0 4336 4141 1490 4337 4142 1491
6117 6 3 2 1 0 4337 4142 1491 4338 4143 1492
6118 6 3 2 1 0 4338 4143 1492 4339 4144 1493
6119 6 3 2 1 0 4339 4144 1493 4340 4145 1494
6120 6 3 2 1 0 4340 4145 1494 4341 4146 1495
6121 6 3 2 1 0 4341 4146 1495 4342 4147 1496
6122 6 3 2 1 0 4342 4147 1496 4343 4148 1497
6123 6 3 2 1 0 4343 4148 1497 4344 4149 1498
6124 6 3 2 1 0 4344 4149 1498 4345 4150 1499
6125 6 3 2 1 0 4345 4150 1499 4346 4151 1500
6126 6 3 2 1 0 4346 4151 1500 4347 4152 1501
6127 6 3 2 1 0 4347 4152 1501 4348 4153 1502
6128 6 3 2 1 0 4348 4153 1502 4349 4154 1503
6129 6 3 2 1 0 4349 4154 1503 4350 4155 1504
6130 6 3 2 1 0 4350 4155 1504 4351 4156 1505
6131 6 3 2 1 0 4351 4156 1505 4352 4157 1506
6132 6 3 2 1 0 4352 4157 1506 4353 4158 1507
6133 6 3 2 1 0 4353 4158 1507 4354 4159 1508
6134 6 3 2 1 0 4354 4159 1508 4355 4160 1509
6135 6 3 2 1 0 4355 4160 1509 4356 4161 1510
6136 6 3 2 1 0 4356 4161 1510 1583 1578 71
6137 6 3 2 1 0 820 838 845 3382 4084 4357
6138 6 3 2 1 0 3382 4084 4357 3383 4085 4358
6139 6 3 2 1 0 3383 4085 4358 3384 4086 4359
6140 6 3 2 1 0 3384 4086 4359 3385 4087 4360
6141 6 3 2 1 0 3385 4087 4360 3386 4088 4361
6142 6 3 2 1 0 3386 4088 4361 3387 4089 4362
6143 6 3 2 1 0 3387 4089 4362 3388 4090 4363
6144 6 3 2 1 0 3388 4090 4363 3389 4091 4364
6145 6 3 2 1 0 3389 4091 4364 3390 4092 4365
6146 6 3 2 1 0 3390 4092 4365 3391 4093 4366
6147 6 3 2 1 0 3391 4093 4366 3392 4094 4367
6148 6 3 2 1 0 3392 4094 4367 3393 4095 4368
6149 6 3 2 1 0 3393 4095 4368 3394 4096 4369
6150 6 3 2 1 0 3394 4096 4369 3395 4097 4370
6151 6 3 2 1 0 3395 4097 4370 3396 4098 4371
6152 6 3 2 1 0 3396 4098 4371 3397 4099 4372
6153 6 3 2 1 0 3397 4099 4372 3398 4100 4373
6154 6 3 2 1 0 3398 4100 4373 3399 4101 4374
6155 6 3 2 1 0 3399 4101 4374 3400 4102 4375
6156 6 3 2 1 0 3400 4102 4375 3401 4103 4376
6157 6 3 2 1 0 3401 4103 4376 3402 4104 4377
6158 6 3 2 1 0 3402 4104 4377 3403 4105 4378
6159 6 3 2 1 0 3403 4105 4378 3404 4106 4379
6160 6 3 2 1 0 3404 4106 4379 3405 4107 4380
6161 6 3 2 1 0 3405 4107 4380 3406 4108 4381
6162 6 3 2 1 0 3406 4108 4381 3407 4109 4382
6163 6 3 2 1 0 3407 4109 4382 3408 4110 4383
6164 6 3 2 1 0 3408 4110 4383 3409 4111 4384
6165 6 3 2 1 0 3409 4111 4384 3410 4112 4385
6166 6 3 2 1 0 3410 4112 4385 3411 4113 4386
6167 6 3 2 1 0 3411 4113 4386 3412 4114 4387
6168 6 3 2 1 0 3412 4114 4387 3413 4115 4388
6169 6 3 2 1 0 3413 4115 4388 3414 4116 4389
6170 6 3 2 1 0 3414 4116 4389 3415 4117 4390
6171 6 3 2 1 0 3415 4117 4390 3416 4118 4391
6172 6 3 2 1 0 3416 4118 4391 3417 4119 4392
6173 6 3 2 1 0 3417 4119 4392 3418 4120 4393
6174 6 3 2 1 0 3418 4120 4393 3419 4121 4394
6175 6 3 2 1 0 3419 4121 4394 3420 4122 4395
6176 6 3 2 1 0 3420 4122 4395 1559 1577 1584
6177 6 3 2 1 0 845 834 820 4357 3928 3382
6178 6 3 2 1 0 4357 3928 3382 4358 3929 3383
6179 6 3 2 1 0 4358 3929 3383 4359 3930 3384
6180 6 3 2 1 0 4359 3930 3384 4360 3931 3385
6181 6 3 2 1 0 4360 3931 3385 4361 3932 3386
6182 6 3 2 1 0 4361 3932 3386 4362 3933 3387
6183 6 3 2 1 0 4362 3933 3387 4363 3934 3388
6184 6 3 2 1 0 4363 3934 3388 4364 3935 3389
6185 6 3 2 1 0 4364 3935 3389 4365 3936 3390
6186 6 3 2 1 0 4365 3936 3390 4366 3937 3391
6187 6 3 2 1 0 4366 3937 3391 4367 3938 3392
6188 6 3 2 1 0 4367 3938 3392 4368 3939 3393
6189 6 3 2 1 0 4368 3939 3393 4369 3940 3394
6190 6 3 2 1 0 4369 3940 3394 4370 3941 3395
6191 6 3 2 1 0 4370 3941 3395 4371 3942 3396
6192 6 3 2 1 0 4371 3942 3396 4372 3943 3397
6193 6 3 2 1 0 4372 3943 3397 4373 3944 3398
6194 6 3 2 1 0 4373 3944 3398 4374 3945 3399
6195 6 3 2 1 0 4374 3945 3399 4375 3946 3400
6196 6 3 2 1 0 4375 3946 3400 4376 3947 3401
6197 6 3 2 1 0 4376 3947 3401 4377 3948 3402
6198 6 3 2 1 0 4377 3948 3402 4378 3949 3403
6199 6 3 2 1 0 4378 3949 3403 4379 3950 3404
6200 6 3 2 1 0 4379 3950 3404 4380 3951 3405
6201 6 3 2 1 0 4380 3951 3405 4381 3952 3406
6202 6 3 2 1 0 4381 3952 3406 4382 3953 3407
6203 6 3 2 1 0 4382 3953 3407 4383 3954 3408
6204 6 3 2 1 0 4383 3954 3408 4384 3955 3409
6205 6 3 2 1 0 4384 3955 3409 4385 3956 3410
6206 6 3 2 1 0 4385 3956 3410 4386 3957 3411
6207 6 3 2 1 0 4386 3957 3411 4387 3958 3412
6208 6 3 2 1 0 4387 3958 3412 4388 3959 3413
6209 6 3 2 1 0 4388 3959 3413 4389 3960 3414
6210 6 3 2 1 0 4389 3960 3414 4390 3961 3415
6211 6 3 2 1 0 4390 3961 3415 4391 3962 3416
6212 6 3 2 1 0 4391 3962 3416 4392 3963 3417
6213 6 3 2 1 0 4392 3963 3417 4393 3964 3418
6214 6 3 2 1 0 4393 3964 3418 4394 3965 3419
6215 6 3 2 1 0 4394 3965 3419 4395 3966 3420
6216 6 3 2 1 0 4395 3966 3420 1584 1573 1559
6217 6 3 2 1 0 845 838 44 4357 4084 1121
6218 6 3 2 1 0 4357 4084 1121 4358 4085 1122
6219 6 3 2 1 0 4358 4085 1122 4359 4086 1123
6220 6 3 2 1 0 4359 4086 1123 4360 4087 1124
6221 6 3 2 1 0 4360 4087 1124 4361 4088 1125
6222 6 3 2 1 0 4361 4088 1125 4362 4089 1126
6223 6 3 2 1 0 4362 4089 1126 4363 4090 1127
6224 6 3 2 1 0 4363 4090 1127 4364 4091 1128
6225 6 3 2 1 0 4364 4091 1128 4365 4092 1129
6226 6 3 2 1 0 4365 4092 1129 4366 4093 1130
6227 6 3 2 1 0 4366 4093 1130 4367 4094 1131
6228 6 3 2 1 0 4367 4094 1131 4368 4095 1132
6229 6 3 2 1 0 4368 4095 1132 4369 4096 1133
6230 6 3 2 1 0 4369 4096 1133 4370 4097 1134
6231 6 3 2 1 0 4370 4097 1134 4371 4098 1135
6232 6 3 2 1 0 4371 4098 1135 4372 4099 1136
6233 6 3 2 1 0 4372 4099 1136 4373 4100 1137
6234 6 3 2 1 0 4373 4100 1137 4374 4101 1138
6235 6 3 2 1 0 4374 4101 1138 4375 4102 1139
6236 6 3 2 1 0 4375 4102 1139 4376 4103 1140
6237 6 3 2 1 0 4376 4103 1140 4377 4104 1141
6238 6 3 2 1 0 4377 4104 1141 4378 4105 1142
6239 6 3 2 1 0 4378 4105 1142 4379 4106 1143
6240 6 3 2 1 0 4379 4106 1143 4380 4107 1144
6241 6 3 2 1 0 4380 4107 1144 4381 4108 1145
6242 6 3 2 1 0 4381 4108 1145 4382 4109 1146
6243 6 3 2 1 0 4382 4109 1146 4383 4110 1147
6244 6 3 2 1 0 4383 4110 1147 4384 4111 1148
6245 6 3 2 1 0 4384 4111 1148 4385 4112 1149
6246 6 3 2 1 0 4385 4112 1149 4386 4113 1150
6247 6 3 2 1 0 4386 4113 1150 4387 4114 1151
6248 6 3 2 1 0 4387 4114 1151 4388 4115 1152
6249 6 3 2 1 0 4388 4115 1152 4389 4116 1153
6250 6 3 2 1 0 4389 4116 1153 4390 4117 1154
6251 6 3 2 1 0 4390 4117 1154 4391 4118 1155
6252 6 3 2 1 0 4391 4118 1155 4392 4119 1156
6253 6 3 2 1 0 4392 4119 1156 4393 4120 1157
6254 6 3 2 1 0 4393 4120 1157 4394 4121 1158
6255 6 3 2 1 0 4394 4121 1158 4395 4122 1159
6256 6 3 2 1 0 4395 4122 1159 1584 1577 62
6257 6 3 2 1 0 845 44 45 4357 1121 1160
6258 6 3 2 1 0 4357 1121 1160 4358 1122 1161
6259 6 3 2 1 0 4358 1122 1161 4359 1123 1162
6260 6 3 2 1 0 4359 1123 1162 4360 1124 1163
6261 6 3 2 1 0 4360 1124 1163 4361 1125 1164
6262 6 3 2 1 0 4361 1125 1164 4362 1126 1165
6263 6 3 2 1 0 4362 1126 1165 4363 1127 1166
6264 6 3 2 1 0 4363 1127 1166 4364 1128 1167
6265 6 3 2 1 0 4364 1128 1167 4365 1129 1168
6266 6 3 2 1 0 4365 1129 1168 4366 1130 1169
6267 6 3 2 1 0 4366 1130 1169 4367 1131 1170
6268 6 3 2 1 0 4367 1131 1170 4368 1132 1171
6269 6 3 2 1 0 4368 1132 1171 4369 1133 1172
6270 6 3 2 1 0 4369 1133 1172 4370 1134 1173
6271 6 3 2 1 0 4370 1134 1173 4371 1135 1174
6272 6 3 2 1 0 4371 1135 1174 4372 1136 1175
6273 6 3 2 1 0 4372 1136 1175 4373 1137 1176
6274 6 3 2 1 0 4373 1137 1176 4374 1138 1177
6275 6 3 2 1 0 4374 1138 1177 4375 1139 1178
6276 6 3 2 1 0 4375 1139 1178 4376 1140 1179
6277 6 3 2 1 0 4376 1140 1179 4377 1141 1180
6278 6 3 2 1 0 4377 1141 1180 4378 1142 1181
6279 6 3 2 1 0 4378 1142 1181 4379 1143 1182
6280 6 3 2 1 0 4379 1143 1182 4380 1144 1183
6281 6 3 2 1 0 4380 1144 1183 4381 1145 1184
6282 6 3 2 1 0 4381 1145 1184 4382 1146 1185
6283 6 3 2 1 0 4382 1146 1185 4383 1147 1186
6284 6 3 2 1 0 4383 1147 1186 4384 1148 1187
6285 6 3 2 1 0 4384 1148 1187 4385 1149 1188
6286 6 3 2 1 0 4385 1149 1188 4386 1150 1189
6287 6 3 2 1 0 4386 1150 1189 4387 1151 1190
6288 6 3 2 1 0 4387 1151 1190 4388 1152 1191
6289 6 3 2 1 0 4388 1152 1191 4389 1153 1192
6290 6 3 2 1 0 4389 1153 1192 4390 1154 1193
6291 6 3 2 1 0 4390 1154 1193 4391 1155 1194
6292 6 3 2 1 0 4391 1155 1194 4392 1156 1195
6293 6 3 2 1 0 4392 1156 1195 4393 1157 1196
6294 6 3 2 1 0 4393 1157 1196 4394 1158 1197
6295 6 3 2 1 0 4394 1158 1197 4395 1159 1198
6296 6 3 2 1 0 4395 1159 1198 1584 62 63
6297 6 3 2 1 0 834 845 45 3928 4357 1160
6298 6 3 2 1 0 3928 4357 1160 3929 4358 1161
6299 6 3 2 1 0 3929 4358 1161 3930 4359 1162
6300 6 3 2 1 0 3930 4359 1162 3931 4360 1163
6301 6 3 2 1 0 3931 4360 1163 3932 4361 1164
6302 6 3 2 1 0 3932 4361 1164 3933 4362 1165
6303 6 3 2 1 0 3933 4362 1165 3934 4363 1166
6304 6 3 2 1 0 3934 4363 1166 3935 4364 1167
6305 6 3 2 1 0 3935 4364 1167 3936 4365 1168
6306 6 3 2 1 0 3936 4365 1168 3937 4366 1169
6307 6 3 2 1 0 3937 4366 1169 3938 4367 1170
6308 6 3 2 1 0 3938 4367 1170 3939 4368 1171
6309 6 3 2 1 0 3939 4368 1171 3940 4369 1172
6310 6 3 2 1 0 3940 4369 1172 3941 4370 1173
6311 6 3 2 1 0 3941 4370 1173 3942 4371 1174
6312 6 3 2 1 0 3942 4371 1174 3943 4372 1175
6313 6 3 2 1 0 3943 4372 1175 3944 4373 1176
6314 6 3 2 1 0 3944 4373 1176 3945 4374 1177
6315 6 3 2 1 0 3945 4374 1177 3946 4375 1178
6316 6 3 2 1 0 3946 4375 1178 3947 4376 1179
6317 6 3 2 1 0 3947 4376 1179 3948 4377 1180
6318 6 3 2 1 0 3948 4377 1180 3949 4378 1181
6319 6 3 2 1 0 3949 4378 1181 3950 4379 1182
6320 6 3 2 1 0 3950 4379 1182 3951 4380 1183
6321 6 3 2 1 0 3951 4380 1183 3952 4381 1184
6322 6 3 2 1 0 3952 4381 1184 3953 4382 1185
6323 6 3 2 1 0 3953 4382 1185 3954 4383 1186
6324 6 3 2 1 0 3954 4383 1186 3955 4384 1187
6325 6 3 2 1 0 3955 4384 1187 3956 4385 1188
6326 6 3 2 1 0 3956 4385 1188 3957 4386 1189
6327 6 3 2 1 0 3957 4386 1189 3958 4387 1190
6328 6 3 2 1 0 3958 4387 1190 3959 4388 1191
6329 6 3 2 1 0 3959 4388 1191 3960 4389 1192
6330 6 3 2 1 0 3960 4389 1192 3961 4390 1193
6331 6 3 2 1 0 3961 4390 1193 3962 4391 1194
6332 6 3 2 1 0 3962 4391 1194 3963 4392 1195
6333 6 3 2 1 0 3963 4392 1195 3964 4393 1196
6334 6 3 2 1 0 3964 4393 1196 3965 4394 1197
6335 6 3 2 1 0 3965 4394 1197 3966 4395 1198
6336 6 3 2 1 0 3966 4395 1198 1573 1584 63
6337 6 3 2 1 0 844 53 54 4318 1472 1511
6338 6 3 2 1 0 4318 1472 1511 4319 1473 1512
6339 6 3 2 1 0 4319 1473 1512 4320 1474 1513
6340 6 3 2 1 0 4320 1474 1513 4321 1475 1514
6341 6 3 2 1 0 4321 1475 1514 4322 1476 1515
6342 6 3 2 1 0 4322 1476 1515 4323 1477 1516
6343 6 3 2 1 0 4323 1477 1516 4324 1478 1517
6344 6 3 2 1 0 4324 1478 1517 4325 1479 1518
6345 6 3 2 1 0 4325 1479 1518 4326 1480 1519
6346 6 3 2 1 0 4326 1480 1519 4327 1481 1520
6347 6 3 2 1 0 4327 1481 1520 4328 1482 1521
6348 6 3 2 1 0 4328 1482 1521 4329 1483 1522
6349 6 3 2 1 0 4329 1483 1522 4330 1484 1523
6350 6 3 2 1 0 4330 1484 1523 4331 1485 1524
6351 6 3 2 1 0 4331 1485 1524 4332 1486 1525
6352 6 3 2 1 0 4332 1486 1525 4333 1487 1526
6353 6 3 2 1 0 4333 1487 1526 4334 1488 1527
6354 6 3 2 1 0 4334 1488 1527 4335 1489 1528
6355 6 3 2 1 0 4335 1489 1528 4336 1490 1529
6356 6 3 2 1 0 4336 1490 1529 4337 1491 1530
6357 6 3 2 1 0 4337 1491 1530 4338 1492 1531
6358 6 3 2 1 0 4338 1492 1531 4339 1493 1532
6359 6 3 2 1 0 4339 1493 1532 4340 1494 1533
6360 6 3 2 1 0 4340 1494 1533 4341 1495 1534
6361 6 3 2 1 0 4341 1495 1534 4342 1496 1535
6362 6 3 2 1 0 4342 1496 1535 4343 1497 1536
6363 6 3 2 1 0 4343 1497 1536 4344 1498 1537
6364 6 3 2 1 0 4344 1498 1537 4345 1499 1538
6365 6 3 2 1 0 4345 1499 1538 4346 1500 1539
6366 6 3 2 1 0 4346 1500 1539 4347 1501 1540
6367 6 3 2 1 0 4347 1501 1540 4348 1502 1541
6368 6 3 2 1 0 4348 1502 1541 4349 1503 1542
6369 6 3 2 1 0 4349 1503 1542 4350 1504 1543
6370 6 3 2 1 0 4350 1504 1543 4351 1505 1544
6371 6 3 2 1 0 4351 1505 1544 4352 1506 1545
6372 6 3 2 1 0 4352 1506 1545 4353 1507 1546
6373 6 3 2 1 0 4353 1507 1546 4354 1508 1547
6374 6 3 2 1 0 4354 1508 1547 4355 1509 1548
6375 6 3 2 1 0 4355 1509 1548 4356 1510 1549
6376 6 3 2 1 0 4356 1510 1549 1583 71 72
6377 6 3 2 1 0 835 844 54 3967 4318 1511
6378 6 3 2 1 0 3967 4318 1511 3968 4319 1512
6379 6 3 2 1 0 3968 4319 1512 3969 4320 1513
6380 6 3 2 1 0 3969 4320 1513 3970 4321 1514
6381 6 3 2 1 0 3970 4321 1514 3971 4322 1515
6382 6 3 2 1 0 3971 4322 1515 3972 4323 1516
6383 6 3 2 1 0 3972 4323 1516 3973 4324 1517
6384 6 3 2 1 0 3973 4324 1517 3974 4325 1518
6385 6 3 2 1 0 3974 4325 1518 3975 4326 1519
6386 6 3 2 1 0 3975 4326 1519 3976 4327 1520
6387 6 3 2 1 0 3976 4327 1520 3977 4328 1521
6388 6 3 2 1 0 3977 4328 1521 3978 4329 1522
6389 6 3 2 1 0 3978 4329 1522 3979 4330 1523
6390 6 3 2 1 0 3979 4330 1523 3980 4331 1524
6391 6 3 2 1 0 3980 4331 1524 3981 4332 1525
6392 6 3 2 1 0 3981 4332 1525 3982 4333 1526
6393 6 3 2 1 0 3982 4333 1526 3983 4334 1527
6394 6 3 2 1 0 3983 4334 1527 3984 4335 1528
6395 6 3 2 1 0 3984 4335 1528 3985 4336 1529
6396 6 3 2 1 0 3985 4336 1529 3986 4337 1530
6397 6 3 2 1 0 3986 4337 1530 3987 4338 1531
6398 6 3 2 1 0 3987 4338 1531 3988 4339 1532
6399 6 3 2 1 0 3988 4339 1532 3989 4340 1533
6400 6 3 2 1 0 3989 4340 1533 3990 4341 1534
6401 6 3 2 1 0 3990 4341 1534 3991 4342 1535
6402 6 3 2 1 0 3991 4342 1535 3992 4343 1536
6403 6 3 2 1 0 3992 4343 1536 3993 4344 1537
6404 6 3 2 1 0 3993 4344 1537 3994 4345 1538
6405 6 3 2 1 0 3994 4345 1538 3995 4346 1539
6406 6 3 2 1 0 3995 4346 1539 3996 4347 1540
6407 6 3 2 1 0 3996 4347 1540 3997 4348 1541
6408 6 3 2 1 0 3997 4348 1541 3998 4349 1542
6409 6 3 2 1 0 3998 4349 1542 3999 4350 1543
6410 6 3 2 1 0 3999 4350 1543 4000 4351 1544
6411 6 3 2 1 0 4000 4351 1544 4001 4352 1545
6412 6 3 2 1 0 4001 4352 1545 4002 4353 1546
6413 6 3 2 1 0 4002 4353 1546 4003 4354 1547
6414 6 3 2 1 0 4003 4354 1547 4004 4355 1548
6415 6 3 2 1 0 4004 4355 1548 4005 4356 1549
6416 6 3 2 1 0 4005 4356 1549 1574 1583 72
6417 6 3 2 1 0 41 833 846 1004 3889 4396
6418 6 3 2 1 0 1004 3889 4396 1005 3890 4397
6419 6 3 2 1 0 1005 3890 4397 1006 3891 4398
6420 6 3 2 1 0 1006 3891 4398 1007 3892 4399
6421 6 3 2 1 0 1007 3892 4399 1008 3893 4400
6422 6 3 2 1 0 1008 3893 4400 1009 3894 4401
6423 6 3 2 1 0 1009 3894 4401 1010 3895 4402
6424 6 3 2 1 0 1010 3895 4402 1011 3896 4403
6425 6 3 2 1 0 1011 3896 4403 1012 3897 4404
6426 6 3 2 1 0 1012 3897 4404 1013 3898 4405
6427 6 3 2 1 0 1013 3898 4405 1014 3899 4406
6428 6 3 2 1 0 1014 3899 4406 1015 3900 4407
6429 6 3 2 1 0 1015 3900 4407 1016 3901 4408
6430 6 3 2 1 0 1016 3901 4408 1017 3902 4409
6431 6 3 2 1 0 1017 3902 4409 1018 3903 4410
6432 6 3 2 1 0 1018 3903 4410 1019 3904 4411
6433 6 3 2 1 0 1019 3904 4411 1020 3905 4412
6434 6 3 2 1 0 1020 3905 4412 1021 3906 4413
6435 6 3 2 1 0 1021 3906 4413 1022 3907 4414
6436 6 3 2 1 0 1022 3907 4414 1023 3908 4415
6437 6 3 2 1 0 1023 3908 4415 1024 3909 4416
6438 6 3 2 1 0 1024 3909 4416 1025 3910 4417
6439 6 3 2 1 0 1025 3910 4417 1026 3911 4418
6440 6 3 2 1 0 1026 3911 4418 1027 3912 4419
6441 6 3 2 1 0 1027 3912 4419 1028 3913 4420
6442 6 3 2 1 0 1028 3913 4420 1029 3914 4421
6443 6 3 2 1 0 1029 3914 4421 1030 3915 4422
6444 6 3 2 1 0 1030 3915 4422 1031 3916 4423
6445 6 3 2 1 0 1031 3916 4423 1032 3917 4424
6446 6 3 2 1 0 1032 3917 4424 1033 3918 4425
6447 6 3 2 1 0 1033 3918 4425 1034 3919 4426
6448 6 3 2 1 0 1034 3919 4426 1035 3920 4427
6449 6 3 2 1 0 1035 3920 4427 1036 3921 4428
6450 6 3 2 1 0 1036 3921 4428 1037 3922 4429
6451 6 3 2 1 0 1037 3922 4429 1038 3923 4430
6452 6 3 2 1 0 1038 3923 4430 1039 3924 4431
6453 6 3 2 1 0 1039 3924 4431 1040 3925 4432
6454 6 3 2 1 0 1040 3925 4432 1041 3926 4433
6455 6 3 2 1 0 1041 3926 4433 1042 3927 4434
6456 6 3 2 1 0 1042 3927 4434 59 1572 1585
6457 6 3 2 1 0 846 833 812 4396 3889 3070
6458 6 3 2 1 0 4396 3889 3070 4397 3890 3071
6459 6 3 2 1 0 4397 3890 3071 4398 3891 3072
6460 6 3 2 1 0 4398 3891 3072 4399 3892 3073
6461 6 3 2 1 0 4399 3892 3073 4400 3893 3074
6462 6 3 2 1 0 4400 3893 3074 4401 3894 3075
6463 6 3 2 1 0 4401 3894 3075 4402 3895 3076
6464 6 3 2 1 0 4402 3895 3076 4403 3896 3077
6465 6 3 2 1 0 4403 3896 3077 4404 3897 3078
6466 6 3 2 1 0 4404 3897 3078 4405 3898 3079
6467 6 3 2 1 0 4405 3898 3079 4406 3899 3080
6468 6 3 2 1 0 4406 3899 3080 4407 3900 3081
6469 6 3 2 1 0 4407 3900 3081 4408 3901 3082
6470 6 3 2 1 0 4408 3901 3082 4409 3902 3083
6471 6 3 2 1 0 4409 3902 3083 4410 3903 3084
6472 6 3 2 1 0 4410 3903 3084 4411 3904 3085
6473 6 3 2 1 0 4411 3904 3085 4412 3905 3086
6474 6 3 2 1 0 4412 3905 3086 4413 3906 3087
6475 6 3 2 1 0 4413 3906 3087 4414 3907 3088
6476 6 3 2 1 0 4414 3907 3088 4415 3908 3089
6477 6 3 2 1 0 4415 3908 3089 4416 3909 3090
6478 6 3 2 1 0 4416 3909 3090 4417 3910 3091
6479 6 3 2 1 0 4417 3910 3091 4418 3911 3092
6480 6 3 2 1 0 4418 3911 3092 4419 3912 3093
6481 6 3 2 1 0 4419 3912 3093 4420 3913 3094
6482 6 3 2 1 0 4420 3913 3094 4421 3914 3095
6483 6 3 2 1 0 4421 3914 3095 4422 3915 3096
6484 6 3 2 1 0 4422 3915 3096 4423 3916 3097
6485 6 3 2 1 0 4423 3916 3097 4424 3917 3098
6486 6 3 2 1 0 4424 3917 3098 4425 3918 3099
6487 6 3 2 1 0 4425 3918 3099 4426 3919 3100
6488 6 3 2 1 0 4426 3919 3100 4427 3920 3101
6489 6 3 2 1 0 4427 3920 3101 4428 3921 3102
6490 6 3 2 1 0 4428 3921 3102 4429 3922 3103
6491 6 3 2 1 0 4429 3922 3103 4430 3923 3104
6492 6 3 2 1 0 4430 3923 3104 4431 3924 3105
6493 6 3 2 1 0 4431 3924 3105 4432 3925 3106
6494 6 3 2 1 0 4432 3925 3106 4433 3926 3107
6495 6 3 2 1 0 4433 3926 3107 4434 3927 3108
6496 6 3 2 1 0 4434 3927 3108 1585 1572 1551
6497 6 3 2 1 0 50 832 847 1355 3850 4435
6498 6 3 2 1 0 1355 3850 4435 1356 3851 4436
6499 6 3 2 1 0 1356 3851 4436 1357 3852 4437
6500 6 3 2 1 0 1357 3852 4437 1358 3853 4438
6501 6 3 2 1 0 1358 3853 4438 1359 3854 4439
6502 6 3 2 1 0 1359 3854 4439 1360 3855 4440
6503 6 3 2 1 0 1360 3855 4440 1361 3856 4441
6504 6 3 2 1 0 1361 3856 4441 1362 3857 4442
6505 6 3 2 1 0 1362 3857 4442 1363 3858 4443
6506 6 3 2 1 0 1363 3858 4443 1364 3859 4444
6507 6 3 2 1 0 1364 3859 4444 1365 3860 4445
6508 6 3 2 1 0 1365 3860 4445 1366 3861 4446
6509 6 3 2 1 0 1366 3861 4446 1367 3862 4447
6510 6 3 2 1 0 1367 3862 4447 1368 3863 4448
6511 6 3 2 1 0 1368 3863 4448 1369 3864 4449
6512 6 3 2 1 0 1369 3864 4449 1370 3865 4450
6513 6 3 2 1 0 1370 3865 4450 1371 3866 4451
6514 6 3 2 1 0 1371 3866 4451 1372 3867 4452
6515 6 3 2 1 0 1372 3867 4452 1373 3868 4453
6516 6 3 2 1 0 1373 3868 4453 1374 3869 4454
6517 6 3 2 1 0 1374 3869 4454 1375 3870 4455
6518 6 3 2 1 0 1375 3870 4455 1376 3871 4456
6519 6 3 2 1 0 1376 3871 4456 1377 3872 4457
6520 6 3 2 1 0 1377 3872 4457 1378 3873 4458
6521 6 3 2 1 0 1378 3873 4458 1379 3874 4459
6522 6 3 2 1 0 1379 3874 4459 1380 3875 4460
6523 6 3 2 1 0 1380 3875 4460 1381 3876 4461
6524 6 3 2 1 0 1381 3876 4461 1382 3877 4462
6525 6 3 2 1 0 1382 3877 4462 1383 3878 4463
6526 6 3 2 1 0 1383 3878 4463 1384 3879 4464
6527 6 3 2 1 0 1384 3879 4464 1385 3880 4465
6528 6 3 2 1 0 1385 3880 4465 1386 3881 4466
6529 6 3 2 1 0 1386 3881 4466 1387 3882 4467
6530 6 3 2 1 0 1387 3882 4467 1388 3883 4468
6531 6 3 2 1 0 1388 3883 4468 1389 3884 4469
6532 6 3 2 1 0 1389 3884 4469 1390 3885 4470
6533 6 3 2 1 0 1390 3885 4470 1391 3886 4471
6534 6 3 2 1 0 1391 3886 4471 1392 3887 4472
6535 6 3 2 1 0 1392 3887 4472 1393 3888 4473
6536 6 3 2 1 0 1393 3888 4473 68 1571 1586
6537 6 3 2 1 0 847 832 813 4435 3850 3109
6538 6 3 2 1 0 4435 3850 3109 4436 3851 3110
6539 6 3 2 1 0 4436 3851 3110 4437 3852 3111
6540 6 3 2 1 0 4437 3852 3111 4438 3853 3112
6541 6 3 2 1 0 4438 3853 3112 4439 3854 3113
6542 6 3 2 1 0 4439 3854 3113 4440 3855 3114
6543 6 3 2 1 0 4440 3855 3114 4441 3856 3115
6544 6 3 2 1 0 4441 3856 3115 4442 3857 3116
6545 6 3 2 1 0 4442 3857 3116 4443 3858 3117
6546 6 3 2 1 0 4443 3858 3117 4444 3859 3118
6547 6 3 2 1 0 4444 3859 3118 4445 3860 3119
6548 6 3 2 1 0 4445 3860 3119 4446 3861 3120
6549 6 3 2 1 0 4446 3861 3120 4447 3862 3121
6550 6 3 2 1 0 4447 3862 3121 4448 3863 3122
6551 6 3 2 1 0 4448 3863 3122 4449 3864 3123
6552 6 3 2 1 0 4449 3864 3123 4450 3865 3124
6553 6 3 2 1 0 4450 3865 3124 4451 3866 3125
6554 6 3 2 1 0 4451 3866 3125 4452 3867 3126
6555 6 3 2 1 0 4452 3867 3126 4453 3868 3127
6556 6 3 2 1 0 4453 3868 3127 4454 3869 3128
6557 6 3 2 1 0 4454 3869 3128 4455 3870 3129
6558 6 3 2 1 0 4455 3870 3129 4456 3871 3130
6559 6 3 2 1 0 4456 3871 3130 4457 3872 3131
6560 6 3 2 1 0 4457 3872 3131 4458 3873 3132
6561 6 3 2 1 0 4458 3873 3132 4459 3874 3133
6562 6 3 2 1 0 4459 3874 3133 4460 3875 3134
6563 6 3 2 1 0 4460 3875 3134 4461 3876 3135
6564 6 3 2 1 0 4461 3876 3135 4462 3877 3136
6565 6 3 2 1 0 4462 3877 3136 4463 3878 3137
6566 6 3 2 1 0 4463 3878 3137 4464 3879 3138
6567 6 3 2 1 0 4464 3879 3138 4465 3880 3139
6568 6 3 2 1 0 4465 3880 3139 4466 3881 3140
6569 6 3 2 1 0 4466 3881 3140 4467 3882 3141
6570 6 3 2 1 0 4467 3882 3141 4468 3883 3142
6571 6 3 2 1 0 4468 3883 3142 4469 3884 3143
6572 6 3 2 1 0 4469 3884 3143 4470 3885 3144
6573 6 3 2 1 0 4470 3885 3144 4471 3886 3145
6574 6 3 2 1 0 4471 3886 3145 4472 3887 3146
6575 6 3 2 1 0 4472 3887 3146 4473 3888 3147
6576 6 3 2 1 0 4473 3888 3147 1586 1571 1552
6577 6 3 2 1 0 819 40 846 3343 965 4396
6578 6 3 2 1 0 3343 965 4396 3344 966 4397
6579 6 3 2 1 0 3344 966 4397 3345 967 4398
6580 6 3 2 1 0 3345 967 4398 3346 968 4399
6581 6 3 2 1 0 3346 968 4399 3347 969 4400
6582 6 3 2 1 0 3347 969 4400 3348 970 4401
6583 6 3 2 1 0 3348 970 4401 3349 971 4402
6584 6 3 2 1 0 3349 971 4402 3350 972 4403
6585 6 3 2 1 0 3350 972 4403 3351 973 4404
6586 6 3 2 1 0 3351 973 4404 3352 974 4405
6587 6 3 2 1 0 3352 974 4405 3353 975 4406
6588 6 3 2 1 0 3353 975 4406 3354 976 4407
6589 6 3 2 1 0 3354 976 4407 3355 977 4408
6590 6 3 2 1 0 3355 977 4408 3356 978 4409
6591 6 3 2 1 0 3356 978 4409 3357 979 4410
6592 6 3 2 1 0 3357 979 4410 3358 980 4411
6593 6 3 2 1 0 3358 980 4411 3359 981 4412
6594 6 3 2 1 0 3359 981 4412 3360 982 4413
6595 6 3 2 1 0 3360 982 4413 3361 983 4414
6596 6 3 2 1 0 3361 983 4414 3362 984 4415
6597 6 3 2 1 0 3362 984 4415 3363 985 4416
6598 6 3 2 1 0 3363 985 4416 3364 986 4417
6599 6 3 2 1 0 3364 986 4417 3365 987 4418
6600 6 3 2 1 0 3365 987 4418 3366 988 4419
6601 6 3 2 1 0 3366 988 4419 3367 989 4420
6602 6 3 2 1 0 3367 989 4420 3368 990 4421
6603 6 3 2 1 0 3368 990 4421 3369 991 4422
6604 6 3 2 1 0 3369 991 4422 3370 992 4423
6605 6 3 2 1 0 3370 992 4423 3371 993 4424
6606 6 3 2 1 0 3371 993 4424 3372 994 4425
6607 6 3 2 1 0 3372 994 4425 3373 995 4426
6608 6 3 2 1 0 3373 995 4426 3374 996 4427
6609 6 3 2 1 0 3374 996 4427 3375 997 4428
6610 6 3 2 1 0 3375 997 4428 3376 998 4429
6611 6 3 2 1 0 3376 998 4429 3377 999 4430
6612 6 3 2 1 0 3377 999 4430 3378 1000 4431
6613 6 3 2 1 0 3378 1000 4431 3379 1001 4432
6614 6 3 2 1 0 3379 1001 4432 3380 1002 4433
6615 6 3 2 1 0 3380 1002 4433 3381 1003 4434
6616 6 3 2 1 0 3381 1003 4434 1558 58 1585
6617 6 3 2 1 0 846 812 819 4396 3070 3343
6618 6 3 2 1 0 4396 3070 3343 4397 3071 3344
6619 6 3 2 1 0 4397 3071 3344 4398 3072 3345
6620 6 3 2 1 0 4398 3072 3345 4399 3073 3346
6621 6 3 2 1 0 4399 3073 3346 4400 3074 3347
6622 6 3 2 1 0 4400 3074 3347 4401 3075 3348
6623 6 3 2 1 0 4401 3075 3348 4402 3076 3349
6624 6 3 2 1 0 4402 3076 3349 4403 3077 3350
6625 6 3 2 1 0 4403 3077 3350 4404 3078 3351
6626 6 3 2 1 0 4404 3078 3351 4405 3079 3352
6627 6 3 2 1 0 4405 3079 3352 4406 3080 3353
6628 6 3 2 1 0 4406 3080 3353 4407 3081 3354
6629 6 3 2 1 0 4407 3081 3354 4408 3082 3355
6630 6 3 2 1 0 4408 3082 3355 4409 3083 3356
6631 6 3 2 1 0 4409 3083 3356 4410 3084 3357
6632 6 3 2 1 0 4410 3084 3357 4411 3085 3358
6633 6 3 2 1 0 4411 3085 3358 4412 3086 3359
6634 6 3 2 1 0 4412 3086 3359 4413 3087 3360
6635 6 3 2 1 0 4413 3087 3360 4414 3088 3361
6636 6 3 2 1 0 4414 3088 3361 4415 3089 3362
6637 6 3 2 1 0 4415 3089 3362 4416 3090 3363
6638 6 3 2 1 0 4416 3090 3363 4417 3091 3364
6639 6 3 2 1 0 4417 3091 3364 4418 3092 3365
6640 6 3 2 1 0 4418 3092 3365 4419 3093 3366
6641 6 3 2 1 0 4419 3093 3366 4420 3094 3367
6642 6 3 2 1 0 4420 3094 3367 4421 3095 3368
6643 6 3 2 1 0 4421 3095 3368 4422 3096 3369
6644 6 3 2 1 0 4422 3096 3369 4423 3097 3370
6645 6 3 2 1 0 4423 3097 3370 4424 3098 3371
6646 6 3 2 1 0 4424 3098 3371 4425 3099 3372
6647 6 3 2 1 0 4425 3099 3372 4426 3100 3373
6648 6 3 2 1 0 4426 3100 3373 4427 3101 3374
6649 6 3 2 1 0 4427 3101 3374 4428 3102 3375
6650 6 3 2 1 0 4428 3102 3375 4429 3103 3376
6651 6 3 2 1 0 4429 3103 3376 4430 3104 3377
6652 6 3 2 1 0 4430 3104 3377 4431 3105 3378
6653 6 3 2 1 0 4431 3105 3378 4432 3106 3379
6654 6 3 2 1 0 4432 3106 3379 4433 3107 3380
6655 6 3 2 1 0 4433 3107 3380 4434 3108 3381
6656 6 3 2 1 0 4434 3108 3381 1585 1551 1558
6657 6 3 2 1 0 846 40 41 4396 965 1004
6658 6 3 2 1 0 4396 965 1004 4397 966 1005
6659 6 3 2 1 0 4397 966 1005 4398 967 1006
6660 6 3 2 1 0 4398 967 1006 4399 968 1007
6661 6 3 2 1 0 4399 968 1007 4400 969 1008
6662 6 3 2 1 0 4400 969 1008 4401 970 1009
6663 6 3 2 1 0 4401 970 1009 4402 971 1010
6664 6 3 2 1 0 4402 971 1010 4403 972 1011
6665 6 3 2 1 0 4403 972 1011 4404 973 1012
6666 6 3 2 1 0 4404 973 1012 4405 974 1013
6667 6 3 2 1 0 4405 974 1013 4406 975 1014
6668 6 3 2 1 0 4406 975 1014 4407 976 1015
6669 6 3 2 1 0 4407 976 1015 4408 977 1016
6670 6 3 2 1 0 4408 977 1016 4409 978 1017
6671 6 3 2 1 0 4409 978 1017 4410 979 1018
6672 6 3 2 1 0 4410 979 1018 4411 980 1019
6673 6 3 2 1 0 4411 980 1019 4412 981 1020
6674 6 3 2 1 0 4412 981 1020 4413 982 1021
6675 6 3 2 1 0 4413 982 1021 4414 983 1022
6676 6 3 2 1 0 4414 983 1022 4415 984 1023
6677 6 3 2 1 0 4415 984 1023 4416 985 1024
6678 6 3 2 1 0 4416 985 1024 4417 986 1025
6679 6 3 2 1 0 4417 986 1025 4418 987 1026
6680 6 3 2 1 0 4418 987 1026 4419 988 1027
6681 6 3 2 1 0 4419 988 1027 4420 989 1028
6682 6 3 2 1 0 4420 989 1028 4421 990 1029
6683 6 3 2 1 0 4421 990 1029 4422 991 1030
6684 6 3 2 1 0 4422 991 1030 4423 992 1031
6685 6 3 2 1 0 4423 992 1031 4424 993 1032
6686 6 3 2 1 0 4424 993 1032 4425 994 1033
6687 6 3 2 1 0 4425 994 1033 4426 995 1034
6688 6 3 2 1 0 4426 995 1034 4427 996 1035
6689 6 3 2 1 0 4427 996 1035 4428 997 1036
6690 6 3 2 1 0 4428 997 1036 4429 998 1037
6691 6 3 2 1 0 4429 998 1037 4430 999 1038
6692 6 3 2 1 0 4430 999 1038 4431 1000 1039
6693 6 3 2 1 0 4431 1000 1039 4432 1001 1040
6694 6 3 2 1 0 4432 1001 1040 4433 1002 1041
6695 6 3 2 1 0 4433 1002 1041 4434 1003 1042
6696 6 3 2 1 0 4434 1003 1042 1585 58 59
6697 6 3 2 1 0 814 49 847 3148 1316 4435
6698 6 3 2 1 0 3148 1316 4435 3149 1317 4436
6699 6 3 2 1 0 3149 1317 4436 3150 1318 4437
6700 6 3 2 1 0 3150 1318 4437 3151 1319 4438
6701 6 3 2 1 0 3151 1319 4438 3152 1320 4439
6702 6 3 2 1 0 3152 1320 4439 3153 1321 4440
6703 6 3 2 1 0 3153 1321 4440 3154 1322 4441
6704 6 3 2 1 0 3154 1322 4441 3155 1323 4442
6705 6 3 2 1 0 3155 1323 4442 3156 1324 4443
6706 6 3 2 1 0 3156 1324 4443 3157 1325 4444
6707 6 3 2 1 0 3157 1325 4444 3158 1326 4445
6708 6 3 2 1 0 3158 1326 4445 3159 1327 4446
6709 6 3 2 1 0 3159 1327 4446 3160 1328 4447
6710 6 3 2 1 0 3160 1328 4447 3161 1329 4448
6711 6 3 2 1 0 3161 1329 4448 3162 1330 4449
6712 6 3 2 1 0 3162 1330 4449 3163 1331 4450
6713 6 3 2 1 0 3163 1331 4450 3164 1332 4451
6714 6 3 2 1 0 3164 1332 4451 3165 1333 4452
6715 6 3 2 1 0 3165 1333 4452 3166 1334 4453
6716 6 3 2 1 0 3166 1334 4453 3167 1335 4454
6717 6 3 2 1 0 3167 1335 4454 3168 1336 4455
6718 6 3 2 1 0 3168 1336 4455 3169 1337 4456
6719 6 3 2 1 0 3169 1337 4456 3170 1338 4457
6720 6 3 2 1 0 3170 1338 4457 3171 1339 4458
6721 6 3 2 1 0 3171 1339 4458 3172 1340 4459
6722 6 3 2 1 0 3172 1340 4459 3173 1341 4460
6723 6 3 2 1 0 3173 1341 4460 3174 1342 4461
6724 6 3 2 1 0 3174 1342 4461 3175 1343 4462
6725 6 3 2 1 0 3175 1343 4462 3176 1344 4463
6726 6 3 2 1 0 3176 1344 4463 3177 1345 4464
6727 6 3 2 1 0 3177 1345 4464 3178 1346 4465
6728 6 3 2 1 0 3178 1346 4465 3179 1347 4466
6729 6 3 2 1 0 3179 1347 4466 3180 1348 4467
6730 6 3 2 1 0 3180 1348 4467 3181 1349 4468
6731 6 3 2 1 0 3181 1349 4468 3182 1350 4469
6732 6 3 2 1 0 3182 1350 4469 3183 1351 4470
6733 6 3 2 1 0 3183 1351 4470 3184 1352 4471
6734 6 3 2 1 0 3184 1352 4471 3185 1353 4472
6735 6 3 2 1 0 3185 1353 4472 3186 1354 4473
6736 6 3 2 1 0 3186 1354 4473 1553 67 1586
6737 6 3 2 1 0 847 813 814 4435 3109 3148
6738 6 3 2 1 0 4435 3109 3148 4436 3110 3149
6739 6 3 2 1 0 4436 3110 3149 4437 3111 3150
6740 6 3 2 1 0 4437 3111 3150 4438 3112 3151
6741 6 3 2 1 0 4438 3112 3151 4439 3113 3152
6742 6 3 2 1 0 4439 3113 3152 4440 3114 3153
6743 6 3 2 1 0 4440 3114 3153 4441 3115 3154
6744 6 3 2 1 0 4441 3115 3154 4442 3116 3155
6745 6 3 2 1 0 4442 3116 3155 4443 3117 3156
6746 6 3 2 1 0 4443 3117 3156 4444 3118 3157
6747 6 3 2 1 0 4444 3118 3157 4445 3119 3158
6748 6 3 2 1 0 4445 3119 3158 4446 3120 3159
6749 6 3 2 1 0 4446 3120 3159 4447 3121 3160
6750 6 3 2 1 0 4447 3121 3160 4448 3122 3161
6751 6 3 2 1 0 4448 3122 3161 4449 3123 3162
6752 6 3 2 1 0 4449 3123 3162 4450 3124 3163
6753 6 3 2 1 0 4450 3124 3163 4451 3125 3164
6754 6 3 2 1 0 4451 3125 3164 4452 3126 3165
6755 6 3 2 1 0 4452 3126 3165 4453 3127 3166
6756 6 3 2 1 0 4453 3127 3166 4454 3128 3167
6757 6 3 2 1 0 4454 3128 3167 4455 3129 3168
6758 6 3 2 1 0 4455 3129 3168 4456 3130 3169
6759 6 3 2 1 0 4456 3130 3169 4457 3131 3170
6760 6 3 2 1 0 4457 3131 3170 4458 3132 3171
6761 6 3 2 1 0 4458 3132 3171 4459 3133 3172
6762 6 3 2 1 0 4459 3133 3172 4460 3134 3173
6763 6 3 2 1 0 4460 3134 3173 4461 3135 3174
6764 6 3 2 1 0 4461 3135 3174 4462 3136 3175
6765 6 3 2 1 0 4462 3136 3175 4463 3137 3176
6766 6 3 2 1 0 4463 3137 3176 4464 3138 3177
6767 6 3 2 1 0 4464 3138 3177 4465 3139 3178
6768 6 3 2 1 0 4465 3139 3178 4466 3140 3179
6769 6 3 2 1 0 4466 3140 3179 4467 3141 3180
6770 6 3 2 1 0 4467 3141 3180 4468 3142 3181
6771 6 3 2 1 0 4468 3142 3181 4469 3143 3182
6772 6 3 2 1 0 4469 3143 3182 4470 3144 3183
6773 6 3 2 1 0 4470 3144 3183 4471 3145 3184
6774 6 3 2 1 0 4471 3145 3184 4472 3146 3185
6775 6 3 2 1 0 4472 3146 3185 4473 3147 3186
6776 6 3 2 1 0 4473 3147 3186 1586 1552 1553
6777 6 3 2 1 0 847 49 50 4435 1316 1355
6778 6 3 2 1 0 4435 1316 1355 4436 1317 1356
6779 6 3 2 1 0 4436 1317 1356 4437 1318 1357
6780 6 3 2 1 0 4437 1318 1357 4438 1319 1358
6781 6 3 2 1 0 4438 1319 1358 4439 1320 1359
6782 6 3 2 1 0 4439 1320 1359 4440 1321 1360
6783 6 3 2 1 0 4440 1321 1360 4441 1322 1361
6784 6 3 2 1 0 4441 1322 1361 4442 1323 1362
6785 6 3 2 1 0 4442 1323 1362 4443 1324 1363
6786 6 3 2 1 0 4443 1324 1363 4444 1325 1364
6787 6 3 2 1 0 4444 1325 1364 4445 1326 1365
6788 6 3 2 1 0 4445 1326 1365 4446 1327 1366
6789 6 3 2 1 0 4446 1327 1366 4447 1328 1367
6790 6 3 2 1 0 4447 1328 1367 4448 1329 1368
6791 6 3 2 1 0 4448 1329 1368 4449 1330 1369
6792 6 3 2 1 0 4449 1330 1369 4450 1331 1370
6793 6 3 2 1 0 4450 1331 1370 4451 1332 1371
6794 6 3 2 1 0 4451 1332 1371 4452 1333 1372
6795 6 3 2 1 0 4452 1333 1372 4453 1334 1373
6796 6 3 2 1 0 4453 1334 1373 4454 1335 1374
6797 6 3 2 1 0 4454 1335 1374 4455 1336 1375
6798 6 3 2 1 0 4455 1336 1375 4456 1337 1376
6799 6 3 2 1 0 4456 1337 1376 4457 1338 1377
6800 6 3 2 1 0 4457 1338 1377 4458 1339 1378
6801 6 3 2 1 0 4458 1339 1378 4459 1340 1379
6802 6 3 2 1 0 4459 1340 1379 4460 1341 1380
6803 6 3 2 1 0 4460 1341 1380 4461 1342 1381
6804 6 3 2 1 0 4461 1342 1381 4462 1343 1382
6805 6 3 2 1 0 4462 1343 1382 4463 1344 1383
6806 6 3 2 1 0 4463 1344 1383 4464 1345 1384
6807 6 3 2 1 0 4464 1345 1384 4465 1346 1385
6808 6 3 2 1 0 4465 1346 1385 4466 1347 1386
6809 6 3 2 1 0 4466 1347 1386 4467 1348 1387
6810 6 3 2 1 0 4467 1348 1387 4468 1349 1388
6811 6 3 2 1 0 4468 1349 1388 4469 1350 1389
6812 6 3 2 1 0 4469 1350 1389 4470 1351 1390
6813 6 3 2 1 0 4470 1351 1390 4471 1352 1391
6814 6 3 2 1 0 4471 1352 1391 4472 1353 1392
6815 6 3 2 1 0 4472 1353 1392 4473 1354 1393
6816 6 3 2 1 0 4473 1354 1393 1586 67 68
6817 6 3 3 2 0 66 11 1553 1708 369 4507
6818 6 3 3 2 0 1708 369 4507 1709 370 4508
6819 6 3 3 2 0 1709 370 4508 1710 371 4509
6820 6 3 3 2 0 1710 371 4509 1711 372 4510
6821 6 3 3 2 0 1711 372 4510 1712 373 4511
6822 6 3 3 2 0 1712 373 4511 1713 374 4512
6823 6 3 3 2 0 1713 374 4512 1714 375 4513
6824 6 3 3 2 0 1714 375 4513 1715 376 4514
6825 6 3 3 2 0 1715 376 4514 1716 377 4515
6826 6 3 3 2 0 1716 377 4515 1717 378 4516
6827 6 3 3 2 0 1717 378 4516 1718 379 4517
6828 6 3 3 2 0 1718 379 4517 318 17 1788
6829 6 3 3 2 0 69 12 1555 1741 380 4529
6830 6 3 3 2 0 1741 380 4529 1742 381 4530
6831 6 3 3 2 0 1742 381 4530 1743 382 4531
6832 6 3 3 2 0 1743 382 4531 1744 383 4532
6833 6 3 3 2 0 1744 383 4532 1745 384 4533
6834 6 3 3 2 0 1745 384 4533 1746 385 4534
6835 6 3 3 2 0 1746 385 4534 1747 386 4535
6836 6 3 3 2 0 1747 386 4535 1748 387 4536
6837 6 3 3 2 0 1748 387 4536 1749 388 4537
6838 6 3 3 2 0 1749 388 4537 1750 389 4538
6839 6 3 3 2 0 1750 389 4538 1751 390 4539
6840 6 3 3 2 0 1751 390 4539 321 18 1790
6841 6 3 3 2 0 60 9 1557 1642 347 4551
6842 6 3 3 2 0 1642 347 4551 1643 348 4552
6843 6 3 3 2 0 1643 348 4552 1644 349 4553
6844 6 3 3 2 0 1644 349 4553 1645 350 4554
6845 6 3 3 2 0 1645 350 4554 1646 351 4555
6846 6 3 3 2 0 1646 351 4555 1647 352 4556
6847 6 3 3 2 0 1647 352 4556 1648 353 4557
6848 6 3 3 2 0 1648 353 4557 1649 354 4558
6849 6 3 3 2 0 1649 354 4558 1650 355 4559
6850 6 3 3 2 0 1650 355 4559 1651 356 4560
6851 6 3 3 2 0 1651 356 4560 1652 357 4561
6852 6 3 3 2 0 1652 357 4561 312 15 1792
6853 6 3 3 2 0 57 8 1558 1609 336 4562
6854 6 3 3 2 0 1609 336 4562 1610 337 4563
6855 6 3 3 2 0 1610 337 4563 1611 338 4564
6856 6 3 3 2 0 1611 338 4564 1612 339 4565
6857 6 3 3 2 0 1612 339 4565 1613 340 4566
6858 6 3 3 2 0 1613 340 4566 1614 341 4567
6859 6 3 3 2 0 1614 341 4567 1615 342 4568
6860 6 3 3 2 0 1615 342 4568 1616 343 4569
6861 6 3 3 2 0 1616 343 4569 1617 344 4570
6862 6 3 3 2 0 1617 344 4570 1618 345 4571
6863 6 3 3 2 0 1618 345 4571 1619 346 4572
6864 6 3 3 2 0 1619 346 4572 309 14 1793
6865 6 3 3 2 0 11 67 1553 369 1719 4507
6866 6 3 3 2 0 369 1719 4507 370 1720 4508
6867 6 3 3 2 0 370 1720 4508 371 1721 4509
6868 6 3 3 2 0 371 1721 4509 372 1722 4510
6869 6 3 3 2 0 372 1722 4510 373 1723 4511
6870 6 3 3 2 0 373 1723 4511 374 1724 4512
6871 6 3 3 2 0 374 1724 4512 375 1725 4513
6872 6 3 3 2 0 375 1725 4513 376 1726 4514
6873 6 3 3 2 0 376 1726 4514 377 1727 4515
6874 6 3 3 2 0 377 1727 4515 378 1728 4516
6875 6 3 3 2 0 378 1728 4516 379 1729 4517
6876 6 3 3 2 0 379 1729 4517 17 319 1788
6877 6 3 3 2 0 8 58 1558 336 1620 4562
6878 6 3 3 2 0 336 1620 4562 337 1621 4563
6879 6 3 3 2 0 337 1621 4563 338 1622 4564
6880 6 3 3 2 0 338 1622 4564 339 1623 4565
6881 6 3 3 2 0 339 1623 4565 340 1624 4566
6882 6 3 3 2 0 340 1624 4566 341 1625 4567
6883 6 3 3 2 0 341 1625 4567 342 1626 4568
6884 6 3 3 2 0 342 1626 4568 343 1627 4569
6885 6 3 3 2 0 343 1627 4569 344 1628 4570
6886 6 3 3 2 0 344 1628 4570 345 1629 4571
6887 6 3 3 2 0 345 1629 4571 346 1630 4572
6888 6 3 3 2 0 346 1630 4572 14 310 1793
6889 6 3 3 2 0 12 70 1555 380 1752 4529
6890 6 3 3 2 0 380 1752 4529 381 1753 4530
6891 6 3 3 2 0 381 1753 4530 382 1754 4531
6892 6 3 3 2 0 382 1754 4531 383 1755 4532
6893 6 3 3 2 0 383 1755 4532 384 1756 4533
6894 6 3 3 2 0 384 1756 4533 385 1757 4534
6895 6 3 3 2 0 385 1757 4534 386 1758 4535
6896 6 3 3 2 0 386 1758 4535 387 1759 4536
6897 6 3 3 2 0 387 1759 4536 388 1760 4537
6898 6 3 3 2 0 388 1760 4537 389 1761 4538
6899 6 3 3 2 0 389 1761 4538 390 1762 4539
6900 6 3 3 2 0 390 1762 4539 18 322 1790
6901 6 3 3 2 0 9 61 1557 347 1653 4551
6902 6 3 3 2 0 347 1653 4551 348 1654 4552
6903 6 3 3 2 0 348 1654 4552 349 1655 4553
6904 6 3 3 2 0 349 1655 4553 350 1656 4554
6905 6 3 3 2 0 350 1656 4554 351 1657 4555
6906 6 3 3 2 0 351 1657 4555 352 1658 4556
6907 6 3 3 2 0 352 1658 4556 353 1659 4557
6908 6 3 3 2 0 353 1659 4557 354 1660 4558
6909 6 3 3 2 0 354 1660 4558 355 1661 4559
6910 6 3 3 2 0 355 1661 4559 356 1662 4560
6911 6 3 3 2 0 356 1662 4560 357 1663 4561
6912 6 3 3 2 0 357 1663 4561 15 313 1792
6913 6 3 3 2 0 1563 1558 1551 4617 4562 4485
6914 6 3 3 2 0 4617 4562 4485 4618 4563 4486
6915 6 3 3 2 0 4618 4563 4486 4619 4564 4487
6916 6 3 3 2 0 4619 4564 4487 4620 4565 4488
6917 6 3 3 2 0 4620 4565 4488 4621 4566 4489
6918 6 3 3 2 0 4621 4566 4489 4622 4567 4490
6919 6 3 3 2 0 4622 4567 4490 4623 4568 4491
6920 6 3 3 2 0 4623 4568 4491 4624 4569 4492
6921 6 3 3 2 0 4624 4569 4492 4625 4570 4493
6922 6 3 3 2 0 4625 4570 4493 4626 4571 4494
6923 6 3 3 2 0 4626 4571 4494 4627 4572 4495
6924 6 3 3 2 0 4627 4572 4495 1798 1793 1786
6925 6 3 3 2 0 1564 1553 1552 4628 4507 4496
6926 6 3 3 2 0 4628 4507 4496 4629 4508 4497
6927 6 3 3 2 0 4629 4508 4497 4630 4509 4498
6928 6 3 3 2 0 4630 4509 4498 4631 4510 4499
6929 6 3 3 2 0 4631 4510 4499 4632 4511 4500
6930 6 3 3 2 0 4632 4511 4500 4633 4512 4501
6931 6 3 3 2 0 4633 4512 4501 4634 4513 4502
6932 6 3 3 2 0 4634 4513 4502 4635 4514 4503
6933 6 3 3 2 0 4635 4514 4503 4636 4515 4504
6934 6 3 3 2 0 4636 4515 4504 4637 4516 4505
6935 6 3 3 2 0 4637 4516 4505 4638 4517 4506
6936 6 3 3 2 0 4638 4517 4506 1799 1788 1787
6937 6 3 3 2 0 1558 1563 1565 4562 4617 4639
6938 6 3 3 2 0 4562 4617 4639 4563 4618 4640
6939 6 3 3 2 0 4563 4618 4640 4564 4619 4641
6940 6 3 3 2 0 4564 4619 4641 4565 4620 4642
6941 6 3 3 2 0 4565 4620 4642 4566 4621 4643
6942 6 3 3 2 0 4566 4621 4643 4567 4622 4644
6943 6 3 3 2 0 4567 4622 4644 4568 4623 4645
6944 6 3 3 2 0 4568 4623 4645 4569 4624 4646
6945 6 3 3 2 0 4569 4624 4646 4570 4625 4647
6946 6 3 3 2 0 4570 4625 4647 4571 4626 4648
6947 6 3 3 2 0 4571 4626 4648 4572 4627 4649
6948 6 3 3 2 0 4572 4627 4649 1793 1798 1800
6949 6 3 3 2 0 1565 1563 1556 4639 4617 4540
6950 6 3 3 2 0 4639 4617 4540 4640 4618 4541
6951 6 3 3 2 0 4640 4618 4541 4641 4619 4542
6952 6 3 3 2 0 4641 4619 4542 4642 4620 4543
6953 6 3 3 2 0 4642 4620 4543 4643 4621 4544
6954 6 3 3 2 0 4643 4621 4544 4644 4622 4545
6955 6 3 3 2 0 4644 4622 4545 4645 4623 4546
6956 6 3 3 2 0 4645 4623 4546 4646 4624 4547
6957 6 3 3 2 0 4646 4624 4547 4647 4625 4548
6958 6 3 3 2 0 4647 4625 4548 4648 4626 4549
6959 6 3 3 2 0 4648 4626 4549 4649 4627 4550
6960 6 3 3 2 0 4649 4627 4550 1800 1798 1791
6961 6 3 3 2 0 1566 1564 1554 4650 4628 4518
6962 6 3 3 2 0 4650 4628 4518 4651 4629 4519
6963 6 3 3 2 0 4651 4629 4519 4652 4630 4520
6964 6 3 3 2 0 4652 4630 4520 4653 4631 4521
6965 6 3 3 2 0 4653 4631 4521 4654 4632 4522
6966 6 3 3 2 0 4654 4632 4522 4655 4633 4523
6967 6 3 3 2 0 4655 4633 4523 4656 4634 4524
6968 6 3 3 2 0 4656 4634 4524 4657 4635 4525
6969 6 3 3 2 0 4657 4635 4525 4658 4636 4526
6970 6 3 3 2 0 4658 4636 4526 4659 4637 4527
6971 6 3 3 2 0 4659 4637 4527 4660 4638 4528
6972 6 3 3 2 0 4660 4638 4528 1801 1799 1789
6973 6 3 3 2 0 1553 1564 1566 4507 4628 4650
6974 6 3 3 2 0 4507 4628 4650 4508 4629 4651
6975 6 3 3 2 0 4508 4629 4651 4509 4630 4652
6976 6 3 3 2 0 4509 4630 4652 4510 4631 4653
6977 6 3 3 2 0 4510 4631 4653 4511 4632 4654
6978 6 3 3 2 0 4511 4632 4654 4512 4633 4655
6979 6 3 3 2 0 4512 4633 4655 4513 4634 4656
6980 6 3 3 2 0 4513 4634 4656 4514 4635 4657
6981 6 3 3 2 0 4514 4635 4657 4515 4636 4658
6982 6 3 3 2 0 4515 4636 4658 4516 4637 4659
6983 6 3 3 2 0 4516 4637 4659 4517 4638 4660
6984 6 3 3 2 0 4517 4638 4660 1788 1799 1801
6985 6 3 3 2 0 1556 1563 1567 4540 4617 4661
6986 6 3 3 2 0 4540 4617 4661 4541 4618 4662
6987 6 3 3 2 0 4541 4618 4662 4542 4619 4663
6988 6 3 3 2 0 4542 4619 4663 4543 4620 4664
6989 6 3 3 2 0 4543 4620 4664 4544 4621 4665
6990 6 3 3 2 0 4544 4621 4665 4545 4622 4666
6991 6 3 3 2 0 4545 4622 4666 4546 4623 4667
6992 6 3 3 2 0 4546 4623 4667 4547 4624 4668
6993 6 3 3 2 0 4547 4624 4668 4548 4625 4669
6994 6 3 3 2 0 4548 4625 4669 4549 4626 4670
6995 6 3 3 2 0 4549 4626 4670 4550 4627 4671
6996 6 3 3 2 0 4550 4627 4671 1791 1798 1802
6997 6 3 3 2 0 1567 1560 1556 4661 4584 4540
6998 6 3 3 2 0 4661 4584 4540 4662 4585 4541
6999 6 3 3 2 0 4662 4585 4541 4663 4586 4542
7000 6 3 3 2 0 4663 4586 4542 4664 4587 4543
7001 6 3 3 2 0 4664 4587 4543 4665 4588 4544
7002 6 3 3 2 0 4665 4588 4544 4666 4589 4545
7003 6 3 3 2 0 4666 4589 4545 4667 4590 4546
7004 6 3 3 2 0 4667 4590 4546 4668 4591 4547
7005 6 3 3 2 0 4668 4591 4547 4669 4592 4548
7006 6 3 3 2 0 4669 4592 4548 4670 4593 4549
7007 6 3 3 2 0 4670 4593 4549 4671 4594 4550
7008 6 3 3 2 0 4671 4594 4550 1802 1795 1791
7009 6 3 3 2 0 1554 1564 1568 4518 4628 4672
7010 6 3 3 2 0 4518 4628 4672 4519 4629 4673
7011 6 3 3 2 0 4519 4629 4673 4520 4630 4674
7012 6 3 3 2 0 4520 4630 4674 4521 4631 4675
7013 6 3 3 2 0 4521 4631 4675 4522 4632 4676
7014 6 3 3 2 0 4522 4632 4676 4523 4633 4677
7015 6 3 3 2 0 4523 4633 4677 4524 4634 4678
7016 6 3 3 2 0 4524 4634 4678 4525 4635 4679
7017 6 3 3 2 0 4525 4635 4679 4526 4636 4680
7018 6 3 3 2 0 4526 4636 4680 4527 4637 4681
7019 6 3 3 2 0 4527 4637 4681 4528 4638 4682
7020 6 3 3 2 0 4528 4638 4682 1789 1799 1803
7021 6 3 3 2 0 1568 1559 1554 4672 4573 4518
7022 6 3 3 2 0 4672 4573 4518 4673 4574 4519
7023 6 3 3 2 0 4673 4574 4519 4674 4575 4520
7024 6 3 3 2 0 4674 4575 4520 4675 4576 4521
7025 6 3 3 2 0 4675 4576 4521 4676 4577 4522
7026 6 3 3 2 0 4676 4577 4522 4677 4578 4523
7027 6 3 3 2 0 4677 4578 4523 4678 4579 4524
7028 6 3 3 2 0 4678 4579 4524 4679 4580 4525
7029 6 3 3 2 0 4679 4580 4525 4680 4581 4526
7030 6 3 3 2 0 4680 4581 4526 4681 4582 4527
7031 6 3 3 2 0 4681 4582 4527 4682 4583 4528
7032 6 3 3 2 0 4682 4583 4528 1803 1794 1789
7033 6 3 3 2 0 1569 1564 1552 4683 4628 4496
7034 6 3 3 2 0 4683 4628 4496 4684 4629 4497
7035 6 3 3 2 0 4684 4629 4497 4685 4630 4498
7036 6 3 3 2 0 4685 4630 4498 4686 4631 4499
7037 6 3 3 2 0 4686 4631 4499 4687 4632 4500
7038 6 3 3 2 0 4687 4632 4500 4688 4633 4501
7039 6 3 3 2 0 4688 4633 4501 4689 4634 4502
7040 6 3 3 2 0 4689 4634 4502 4690 4635 4503
7041 6 3 3 2 0 4690 4635 4503 4691 4636 4504
7042 6 3 3 2 0 4691 4636 4504 4692 4637 4505
7043 6 3 3 2 0 4692 4637 4505 4693 4638 4506
7044 6 3 3 2 0 4693 4638 4506 1804 1799 1787
7045 6 3 3 2 0 1552 1562 1569 4496 4606 4683
7046 6 3 3 2 0 4496 4606 4683 4497 4607 4684
7047 6 3 3 2 0 4497 4607 4684 4498 4608 4685
7048 6 3 3 2 0 4498 4608 4685 4499 4609 4686
7049 6 3 3 2 0 4499 4609 4686 4500 4610 4687
7050 6 3 3 2 0 4500 4610 4687 4501 4611 4688
7051 6 3 3 2 0 4501 4611 4688 4502 4612 4689
7052 6 3 3 2 0 4502 4612 4689 4503 4613 4690
7053 6 3 3 2 0 4503 4613 4690 4504 4614 4691
7054 6 3 3 2 0 4504 4614 4691 4505 4615 4692
7055 6 3 3 2 0 4505 4615 4692 4506 4616 4693
7056 6 3 3 2 0 4506 4616 4693 1787 1797 1804
7057 6 3 3 2 0 1570 1563 1551 4694 4617 4485
7058 6 3 3 2 0 4694 4617 4485 4695 4618 4486
7059 6 3 3 2 0 4695 4618 4486 4696 4619 4487
7060 6 3 3 2 0 4696 4619 4487 4697 4620 4488
7061 6 3 3 2 0 4697 4620 4488 4698 4621 4489
7062 6 3 3 2 0 4698 4621 4489 4699 4622 4490
7063 6 3 3 2 0 4699 4622 4490 4700 4623 4491
7064 6 3 3 2 0 4700 4623 4491 4701 4624 4492
7065 6 3 3 2 0 4701 4624 4492 4702 4625 4493
7066 6 3 3 2 0 4702 4625 4493 4703 4626 4494
7067 6 3 3 2 0 4703 4626 4494 4704 4627 4495
7068 6 3 3 2 0 4704 4627 4495 1805 1798 1786
7069 6 3 3 2 0 1551 1561 1570 4485 4595 4694
7070 6 3 3 2 0 4485 4595 4694 4486 4596 4695
7071 6 3 3 2 0 4486 4596 4695 4487 4597 4696
7072 6 3 3 2 0 4487 4597 4696 4488 4598 4697
7073 6 3 3 2 0 4488 4598 4697 4489 4599 4698
7074 6 3 3 2 0 4489 4599 4698 4490 4600 4699
7075 6 3 3 2 0 4490 4600 4699 4491 4601 4700
7076 6 3 3 2 0 4491 4601 4700 4492 4602 4701
7077 6 3 3 2 0 4492 4602 4701 4493 4603 4702
7078 6 3 3 2 0 4493 4603 4702 4494 4604 4703
7079 6 3 3 2 0 4494 4604 4703 4495 4605 4704
7080 6 3 3 2 0 4495 4605 4704 1786 1796 1805
7081 6 3 3 2 0 1571 69 1555 4705 1741 4529
7082 6 3 3 2 0 4705 1741 4529 4706 1742 4530
7083 6 3 3 2 0 4706 1742 4530 4707 1743 4531
7084 6 3 3 2 0 4707 1743 4531 4708 1744 4532
7085 6 3 3 2 0 4708 1744 4532 4709 1745 4533
7086 6 3 3 2 0 4709 1745 4533 4710 1746 4534
7087 6 3 3 2 0 4710 1746 4534 4711 1747 4535
7088 6 3 3 2 0 4711 1747 4535 4712 1748 4536
7089 6 3 3 2 0 4712 1748 4536 4713 1749 4537
7090 6 3 3 2 0 4713 1749 4537 4714 1750 4538
7091 6 3 3 2 0 4714 1750 4538 4715 1751 4539
7092 6 3 3 2 0 4715 1751 4539 1806 321 1790
7093 6 3 3 2 0 1571 1562 1552 4705 4606 4496
7094 6 3 3 2 0 4705 4606 4496 4706 4607 4497
7095 6 3 3 2 0 4706 4607 4497 4707 4608 4498
7096 6 3 3 2 0 4707 4608 4498 4708 4609 4499
7097 6 3 3 2 0 4708 4609 4499 4709 4610 4500
7098 6 3 3 2 0 4709 4610 4500 4710 4611 4501
7099 6 3 3 2 0 4710 4611 4501 4711 4612 4502
7100 6 3 3 2 0 4711 4612 4502 4712 4613 4503
7101 6 3 3 2 0 4712 4613 4503 4713 4614 4504
7102 6 3 3 2 0 4713 4614 4504 4714 4615 4505
7103 6 3 3 2 0 4714 4615 4505 4715 4616 4506
7104 6 3 3 2 0 4715 4616 4506 1806 1797 1787
7105 6 3 3 2 0 1572 60 1557 4716 1642 4551
7106 6 3 3 2 0 4716 1642 4551 4717 1643 4552
7107 6 3 3 2 0 4717 1643 4552 4718 1644 4553
7108 6 3 3 2 0 4718 1644 4553 4719 1645 4554
7109 6 3 3 2 0 4719 1645 4554 4720 1646 4555
7110 6 3 3 2 0 4720 1646 4555 4721 1647 4556
7111 6 3 3 2 0 4721 1647 4556 4722 1648 4557
7112 6 3 3 2 0 4722 1648 4557 4723 1649 4558
7113 6 3 3 2 0 4723 1649 4558 4724 1650 4559
7114 6 3 3 2 0 4724 1650 4559 4725 1651 4560
7115 6 3 3 2 0 4725 1651 4560 4726 1652 4561
7116 6 3 3 2 0 4726 1652 4561 1807 312 1792
7117 6 3 3 2 0 1572 1561 1551 4716 4595 4485
7118 6 3 3 2 0 4716 4595 4485 4717 4596 4486
7119 6 3 3 2 0 4717 4596 4486 4718 4597 4487
7120 6 3 3 2 0 4718 4597 4487 4719 4598 4488
7121 6 3 3 2 0 4719 4598 4488 4720 4599 4489
7122 6 3 3 2 0 4720 4599 4489 4721 4600 4490
7123 6 3 3 2 0 4721 4600 4490 4722 4601 4491
7124 6 3 3 2 0 4722 4601 4491 4723 4602 4492
7125 6 3 3 2 0 4723 4602 4492 4724 4603 4493
7126 6 3 3 2 0 4724 4603 4493 4725 4604 4494
7127 6 3 3 2 0 4725 4604 4494 4726 4605 4495
7128 6 3 3 2 0 4726 4605 4495 1807 1796 1786
7129 6 3 3 2 0 1575 55 56 4749 1587 1598
7130 6 3 3 2 0 4749 1587 1598 4750 1588 1599
7131 6 3 3 2 0 4750 1588 1599 4751 1589 1600
7132 6 3 3 2 0 4751 1589 1600 4752 1590 1601
7133 6 3 3 2 0 4752 1590 1601 4753 1591 1602
7134 6 3 3 2 0 4753 1591 1602 4754 1592 1603
7135 6 3 3 2 0 4754 1592 1603 4755 1593 1604
7136 6 3 3 2 0 4755 1593 1604 4756 1594 1605
7137 6 3 3 2 0 4756 1594 1605 4757 1595 1606
7138 6 3 3 2 0 4757 1595 1606 4758 1596 1607
7139 6 3 3 2 0 4758 1596 1607 4759 1597 1608
7140 6 3 3 2 0 4759 1597 1608 1810 307 308
7141 6 3 3 2 0 1575 1565 1556 4749 4639 4540
7142 6 3 3 2 0 4749 4639 4540 4750 4640 4541
7143 6 3 3 2 0 4750 4640 4541 4751 4641 4542
7144 6 3 3 2 0 4751 4641 4542 4752 4642 4543
7145 6 3 3 2 0 4752 4642 4543 4753 4643 4544
7146 6 3 3 2 0 4753 4643 4544 4754 4644 4545
7147 6 3 3 2 0 4754 4644 4545 4755 4645 4546
7148 6 3 3 2 0 4755 4645 4546 4756 4646 4547
7149 6 3 3 2 0 4756 4646 4547 4757 4647 4548
7150 6 3 3 2 0 4757 4647 4548 4758 4648 4549
7151 6 3 3 2 0 4758 4648 4549 4759 4649 4550
7152 6 3 3 2 0 4759 4649 4550 1810 1800 1791
7153 6 3 3 2 0 56 1565 1575 1598 4639 4749
7154 6 3 3 2 0 1598 4639 4749 1599 4640 4750
7155 6 3 3 2 0 1599 4640 4750 1600 4641 4751
7156 6 3 3 2 0 1600 4641 4751 1601 4642 4752
7157 6 3 3 2 0 1601 4642 4752 1602 4643 4753
7158 6 3 3 2 0 1602 4643 4753 1603 4644 4754
7159 6 3 3 2 0 1603 4644 4754 1604 4645 4755
7160 6 3 3 2 0 1604 4645 4755 1605 4646 4756
7161 6 3 3 2 0 1605 4646 4756 1606 4647 4757
7162 6 3 3 2 0 1606 4647 4757 1607 4648 4758
7163 6 3 3 2 0 1607 4648 4758 1608 4649 4759
7164 6 3 3 2 0 1608 4649 4759 308 1800 1810
7165 6 3 3 2 0 1576 64 65 4760 1686 1697
7166 6 3 3 2 0 4760 1686 1697 4761 1687 1698
7167 6 3 3 2 0 4761 1687 1698 4762 1688 1699
7168 6 3 3 2 0 4762 1688 1699 4763 1689 1700
7169 6 3 3 2 0 4763 1689 1700 4764 1690 1701
7170 6 3 3 2 0 4764 1690 1701 4765 1691 1702
7171 6 3 3 2 0 4765 1691 1702 4766 1692 1703
7172 6 3 3 2 0 4766 1692 1703 4767 1693 1704
7173 6 3 3 2 0 4767 1693 1704 4768 1694 1705
7174 6 3 3 2 0 4768 1694 1705 4769 1695 1706
7175 6 3 3 2 0 4769 1695 1706 4770 1696 1707
7176 6 3 3 2 0 4770 1696 1707 1811 316 317
7177 6 3 3 2 0 1576 1566 1554 4760 4650 4518
7178 6 3 3 2 0 4760 4650 4518 4761 4651 4519
7179 6 3 3 2 0 4761 4651 4519 4762 4652 4520
7180 6 3 3 2 0 4762 4652 4520 4763 4653 4521
7181 6 3 3 2 0 4763 4653 4521 4764 4654 4522
7182 6 3 3 2 0 4764 4654 4522 4765 4655 4523
7183 6 3 3 2 0 4765 4655 4523 4766 4656 4524
7184 6 3 3 2 0 4766 4656 4524 4767 4657 4525
7185 6 3 3 2 0 4767 4657 4525 4768 4658 4526
7186 6 3 3 2 0 4768 4658 4526 4769 4659 4527
7187 6 3 3 2 0 4769 4659 4527 4770 4660 4528
7188 6 3 3 2 0 4770 4660 4528 1811 1801 1789
7189 6 3 3 2 0 65 1566 1576 1697 4650 4760
7190 6 3 3 2 0 1697 4650 4760 1698 4651 4761
7191 6 3 3 2 0 1698 4651 4761 1699 4652 4762
7192 6 3 3 2 0 1699 4652 4762 1700 4653 4763
7193 6 3 3 2 0 1700 4653 4763 1701 4654 4764
7194 6 3 3 2 0 1701 4654 4764 1702 4655 4765
7195 6 3 3 2 0 1702 4655 4765 1703 4656 4766
7196 6 3 3 2 0 1703 4656 4766 1704 4657 4767
7197 6 3 3 2 0 1704 4657 4767 1705 4658 4768
7198 6 3 3 2 0 1705 4658 4768 1706 4659 4769
7199 6 3 3 2 0 1706 4659 4769 1707 4660 4770
7200 6 3 3 2 0 1707 4660 4770 317 1801 1811
7201 6 3 3 2 0 1570 1550 1567 4694 4474 4661
7202 6 3 3 2 0 4694 4474 4661 4695 4475 4662
7203 6 3 3 2 0 4695 4475 4662 4696 4476 4663
7204 6 3 3 2 0 4696 4476 4663 4697 4477 4664
7205 6 3 3 2 0 4697 4477 4664 4698 4478 4665
7206 6 3 3 2 0 4698 4478 4665 4699 4479 4666
7207 6 3 3 2 0 4699 4479 4666 4700 4480 4667
7208 6 3 3 2 0 4700 4480 4667 4701 4481 4668
7209 6 3 3 2 0 4701 4481 4668 4702 4482 4669
7210 6 3 3 2 0 4702 4482 4669 4703 4483 4670
7211 6 3 3 2 0 4703 4483 4670 4704 4484 4671
7212 6 3 3 2 0 4704 4484 4671 1805 1785 1802
7213 6 3 3 2 0 1563 1570 1567 4617 4694 4661
7214 6 3 3 2 0 4617 4694 4661 4618 4695 4662
7215 6 3 3 2 0 4618 4695 4662 4619 4696 4663
7216 6 3 3 2 0 4619 4696 4663 4620 4697 4664
7217 6 3 3 2 0 4620 4697 4664 4621 4698 4665
7218 6 3 3 2 0 4621 4698 4665 4622 4699 4666
7219 6 3 3 2 0 4622 4699 4666 4623 4700 4667
7220 6 3 3 2 0 4623 4700 4667 4624 4701 4668
7221 6 3 3 2 0 4624 4701 4668 4625 4702 4669
7222 6 3 3 2 0 4625 4702 4669 4626 4703 4670
7223 6 3 3 2 0 4626 4703 4670 4627 4704 4671
7224 6 3 3 2 0 4627 4704 4671 1798 1805 1802
7225 6 3 3 2 0 1569 1550 1568 4683 4474 4672
7226 6 3 3 2 0 4683 4474 4672 4684 4475 4673
7227 6 3 3 2 0 4684 4475 4673 4685 4476 4674
7228 6 3 3 2 0 4685 4476 4674 4686 4477 4675
7229 6 3 3 2 0 4686 4477 4675 4687 4478 4676
7230 6 3 3 2 0 4687 4478 4676 4688 4479 4677
7231 6 3 3 2 0 4688 4479 4677 4689 4480 4678
7232 6 3 3 2 0 4689 4480 4678 4690 4481 4679
7233 6 3 3 2 0 4690 4481 4679 4691 4482 4680
7234 6 3 3 2 0 4691 4482 4680 4692 4483 4681
7235 6 3 3 2 0 4692 4483 4681 4693 4484 4682
7236 6 3 3 2 0 4693 4484 4682 1804 1785 1803
7237 6 3 3 2 0 1564 1569 1568 4628 4683 4672
7238 6 3 3 2 0 4628 4683 4672 4629 4684 4673
7239 6 3 3 2 0 4629 4684 4673 4630 4685 4674
7240 6 3 3 2 0 4630 4685 4674 4631 4686 4675
7241 6 3 3 2 0 4631 4686 4675 4632 4687 4676
7242 6 3 3 2 0 4632 4687 4676 4633 4688 4677
7243 6 3 3 2 0 4633 4688 4677 4634 4689 4678
7244 6 3 3 2 0 4634 4689 4678 4635 4690 4679
7245 6 3 3 2 0 4635 4690 4679 4636 4691 4680
7246 6 3 3 2 0 4636 4691 4680 4637 4692 4681
7247 6 3 3 2 0 4637 4692 4681 4638 4693 4682
7248 6 3 3 2 0 4638 4693 4682 1799 1804 1803
7249 6 3 3 2 0 66 1566 65 1708 4650 1697
7250 6 3 3 2 0 1708 4650 1697 1709 4651 1698
7251 6 3 3 2 0 1709 4651 1698 1710 4652 1699
7252 6 3 3 2 0 1710 4652 1699 1711 4653 1700
7253 6 3 3 2 0 1711 4653 1700 1712 4654 1701
7254 6 3 3 2 0 1712 4654 1701 1713 4655 1702
7255 6 3 3 2 0 1713 4655 1702 1714 4656 1703
7256 6 3 3 2 0 1714 4656 1703 1715 4657 1704
7257 6 3 3 2 0 1715 4657 1704 1716 4658 1705
7258 6 3 3 2 0 1716 4658 1705 1717 4659 1706
7259 6 3 3 2 0 1717 4659 1706 1718 4660 1707
7260 6 3 3 2 0 1718 4660 1707 318 1801 317
7261 6 3 3 2 0 1553 1566 66 4507 4650 1708
7262 6 3 3 2 0 4507 4650 1708 4508 4651 1709
7263 6 3 3 2 0 4508 4651 1709 4509 4652 1710
7264 6 3 3 2 0 4509 4652 1710 4510 4653 1711
7265 6 3 3 2 0 4510 4653 1711 4511 4654 1712
7266 6 3 3 2 0 4511 4654 1712 4512 4655 1713
7267 6 3 3 2 0 4512 4655 1713 4513 4656 1714
7268 6 3 3 2 0 4513 4656 1714 4514 4657 1715
7269 6 3 3 2 0 4514 4657 1715 4515 4658 1716
7270 6 3 3 2 0 4515 4658 1716 4516 4659 1717
7271 6 3 3 2 0 4516 4659 1717 4517 4660 1718
7272 6 3 3 2 0 4517 4660 1718 1788 1801 318
7273 6 3 3 2 0 57 1565 56 1609 4639 1598
7274 6 3 3 2 0 1609 4639 1598 1610 4640 1599
7275 6 3 3 2 0 1610 4640 1599 1611 4641 1600
7276 6 3 3 2 0 1611 4641 1600 1612 4642 1601
7277 6 3 3 2 0 1612 4642 1601 1613 4643 1602
7278 6 3 3 2 0 1613 4643 1602 1614 4644 1603
7279 6 3 3 2 0 1614 4644 1603 1615 4645 1604
7280 6 3 3 2 0 1615 4645 1604 1616 4646 1605
7281 6 3 3 2 0 1616 4646 1605 1617 4647 1606
7282 6 3 3 2 0 1617 4647 1606 1618 4648 1607
7283 6 3 3 2 0 1618 4648 1607 1619 4649 1608
7284 6 3 3 2 0 1619 4649 1608 309 1800 308
7285 6 3 3 2 0 1558 1565 57 4562 4639 1609
7286 6 3 3 2 0 4562 4639 1609 4563 4640 1610
7287 6 3 3 2 0 4563 4640 1610 4564 4641 1611
7288 6 3 3 2 0 4564 4641 1611 4565 4642 1612
7289 6 3 3 2 0 4565 4642 1612 4566 4643 1613
7290 6 3 3 2 0 4566 4643 1613 4567 4644 1614
7291 6 3 3 2 0 4567 4644 1614 4568 4645 1615
7292 6 3 3 2 0 4568 4645 1615 4569 4646 1616
7293 6 3 3 2 0 4569 4646 1616 4570 4647 1617
7294 6 3 3 2 0 4570 4647 1617 4571 4648 1618
7295 6 3 3 2 0 4571 4648 1618 4572 4649 1619
7296 6 3 3 2 0 4572 4649 1619 1793 1800 309
7297 6 3 3 2 0 1554 1559 1573 4518 4573 4727
7298 6 3 3 2 0 4518 4573 4727 4519 4574 4728
7299 6 3 3 2 0 4519 4574 4728 4520 4575 4729
7300 6 3 3 2 0 4520 4575 4729 4521 4576 4730
7301 6 3 3 2 0 4521 4576 4730 4522 4577 4731
7302 6 3 3 2 0 4522 4577 4731 4523 4578 4732
7303 6 3 3 2 0 4523 4578 4732 4524 4579 4733
7304 6 3 3 2 0 4524 4579 4733 4525 4580 4734
7305 6 3 3 2 0 4525 4580 4734 4526 4581 4735
7306 6 3 3 2 0 4526 4581 4735 4527 4582 4736
7307 6 3 3 2 0 4527 4582 4736 4528 4583 4737
7308 6 3 3 2 0 4528 4583 4737 1789 1794 1808
7309 6 3 3 2 0 1556 1560 1574 4540 4584 4738
7310 6 3 3 2 0 4540 4584 4738 4541 4585 4739
7311 6 3 3 2 0 4541 4585 4739 4542 4586 4740
7312 6 3 3 2 0 4542 4586 4740 4543 4587 4741
7313 6 3 3 2 0 4543 4587 4741 4544 4588 4742
7314 6 3 3 2 0 4544 4588 4742 4545 4589 4743
7315 6 3 3 2 0 4545 4589 4743 4546 4590 4744
7316 6 3 3 2 0 4546 4590 4744 4547 4591 4745
7317 6 3 3 2 0 4547 4591 4745 4548 4592 4746
7318 6 3 3 2 0 4548 4592 4746 4549 4593 4747
7319 6 3 3 2 0 4549 4593 4747 4550 4594 4748
7320 6 3 3 2 0 4550 4594 4748 1791 1795 1809
7321 6 3 3 2 0 68 69 1571 1730 1741 4705
7322 6 3 3 2 0 1730 1741 4705 1731 1742 4706
7323 6 3 3 2 0 1731 1742 4706 1732 1743 4707
7324 6 3 3 2 0 1732 1743 4707 1733 1744 4708
7325 6 3 3 2 0 1733 1744 4708 1734 1745 4709
7326 6 3 3 2 0 1734 1745 4709 1735 1746 4710
7327 6 3 3 2 0 1735 1746 4710 1736 1747 4711
7328 6 3 3 2 0 1736 1747 4711 1737 1748 4712
7329 6 3 3 2 0 1737 1748 4712 1738 1749 4713
7330 6 3 3 2 0 1738 1749 4713 1739 1750 4714
7331 6 3 3 2 0 1739 1750 4714 1740 1751 4715
7332 6 3 3 2 0 1740 1751 4715 320 321 1806
7333 6 3 3 2 0 59 60 1572 1631 1642 4716
7334 6 3 3 2 0 1631 1642 4716 1632 1643 4717
7335 6 3 3 2 0 1632 1643 4717 1633 1644 4718
7336 6 3 3 2 0 1633 1644 4718 1634 1645 4719
7337 6 3 3 2 0 1634 1645 4719 1635 1646 4720
7338 6 3 3 2 0 1635 1646 4720 1636 1647 4721
7339 6 3 3 2 0 1636 1647 4721 1637 1648 4722
7340 6 3 3 2 0 1637 1648 4722 1638 1649 4723
7341 6 3 3 2 0 1638 1649 4723 1639 1650 4724
7342 6 3 3 2 0 1639 1650 4724 1640 1651 4725
7343 6 3 3 2 0 1640 1651 4725 1641 1652 4726
7344 6 3 3 2 0 1641 1652 4726 311 312 1807
7345 6 3 3 2 0 1557 61 1577 4551 1653 4771
7346 6 3 3 2 0 4551 1653 4771 4552 1654 4772
7347 6 3 3 2 0 4552 1654 4772 4553 1655 4773
7348 6 3 3 2 0 4553 1655 4773 4554 1656 4774
7349 6 3 3 2 0 4554 1656 4774 4555 1657 4775
7350 6 3 3 2 0 4555 1657 4775 4556 1658 4776
7351 6 3 3 2 0 4556 1658 4776 4557 1659 4777
7352 6 3 3 2 0 4557 1659 4777 4558 1660 4778
7353 6 3 3 2 0 4558 1660 4778 4559 1661 4779
7354 6 3 3 2 0 4559 1661 4779 4560 1662 4780
7355 6 3 3 2 0 4560 1662 4780 4561 1663 4781
7356 6 3 3 2 0 4561 1663 4781 1792 313 1812
7357 6 3 3 2 0 1559 1561 1577 4573 4595 4771
7358 6 3 3 2 0 4573 4595 4771 4574 4596 4772
7359 6 3 3 2 0 4574 4596 4772 4575 4597 4773
7360 6 3 3 2 0 4575 4597 4773 4576 4598 4774
7361 6 3 3 2 0 4576 4598 4774 4577 4599 4775
7362 6 3 3 2 0 4577 4599 4775 4578 4600 4776
7363 6 3 3 2 0 4578 4600 4776 4579 4601 4777
7364 6 3 3 2 0 4579 4601 4777 4580 4602 4778
7365 6 3 3 2 0 4580 4602 4778 4581 4603 4779
7366 6 3 3 2 0 4581 4603 4779 4582 4604 4780
7367 6 3 3 2 0 4582 4604 4780 4583 4605 4781
7368 6 3 3 2 0 4583 4605 4781 1794 1796 1812
7369 6 3 3 2 0 1555 70 1578 4529 1752 4782
7370 6 3 3 2 0 4529 1752 4782 4530 1753 4783
7371 6 3 3 2 0 4530 1753 4783 4531 1754 4784
7372 6 3 3 2 0 4531 1754 4784 4532 1755 4785
7373 6 3 3 2 0 4532 1755 4785 4533 1756 4786
7374 6 3 3 2 0 4533 1756 4786 4534 1757 4787
7375 6 3 3 2 0 4534 1757 4787 4535 1758 4788
7376 6 3 3 2 0 4535 1758 4788 4536 1759 4789
7377 6 3 3 2 0 4536 1759 4789 4537 1760 4790
7378 6 3 3 2 0 4537 1760 4790 4538 1761 4791
7379 6 3 3 2 0 4538 1761 4791 4539 1762 4792
7380 6 3 3 2 0 4539 1762 4792 1790 322 1813
7381 6 3 3 2 0 1560 1562 1578 4584 4606 4782
7382 6 3 3 2 0 4584 4606 4782 4585 4607 4783
7383 6 3 3 2 0 4585 4607 4783 4586 4608 4784
7384 6 3 3 2 0 4586 4608 4784 4587 4609 4785
7385 6 3 3 2 0 4587 4609 4785 4588 4610 4786
7386 6 3 3 2 0 4588 4610 4786 4589 4611 4787
7387 6 3 3 2 0 4589 4611 4787 4590 4612 4788
7388 6 3 3 2 0 4590 4612 4788 4591 4613 4789
7389 6 3 3 2 0 4591 4613 4789 4592 4614 4790
7390 6 3 3 2 0 4592 4614 4790 4593 4615 4791
7391 6 3 3 2 0 4593 4615 4791 4594 4616 4792
7392 6 3 3 2 0 4594 4616 4792 1795 1797 1813
7393 6 3 3 2 0 1561 1559 1579 4595 4573 4793
7394 6 3 3 2 0 4595 4573 4793 4596 4574 4794
7395 6 3 3 2 0 4596 4574 4794 4597 4575 4795
7396 6 3 3 2 0 4597 4575 4795 4598 4576 4796
7397 6 3 3 2 0 4598 4576 4796 4599 4577 4797
7398 6 3 3 2 0 4599 4577 4797 4600 4578 4798
7399 6 3 3 2 0 4600 4578 4798 4601 4579 4799
7400 6 3 3 2 0 4601 4579 4799 4602 4580 4800
7401 6 3 3 2 0 4602 4580 4800 4603 4581 4801
7402 6 3 3 2 0 4603 4581 4801 4604 4582 4802
7403 6 3 3 2 0 4604 4582 4802 4605 4583 4803
7404 6 3 3 2 0 4605 4583 4803 1796 1794 1814
7405 6 3 3 2 0 1579 1559 1568 4793 4573 4672
7406 6 3 3 2 0 4793 4573 4672 4794 4574 4673
7407 6 3 3 2 0 4794 4574 4673 4795 4575 4674
7408 6 3 3 2 0 4795 4575 4674 4796 4576 4675
7409 6 3 3 2 0 4796 4576 4675 4797 4577 4676
7410 6 3 3 2 0 4797 4577 4676 4798 4578 4677
7411 6 3 3 2 0 4798 4578 4677 4799 4579 4678
7412 6 3 3 2 0 4799 4579 4678 4800 4580 4679
7413 6 3 3 2 0 4800 4580 4679 4801 4581 4680
7414 6 3 3 2 0 4801 4581 4680 4802 4582 4681
7415 6 3 3 2 0 4802 4582 4681 4803 4583 4682
7416 6 3 3 2 0 4803 4583 4682 1814 1794 1803
7417 6 3 3 2 0 1562 1560 1580 4606 4584 4804
7418 6 3 3 2 0 4606 4584 4804 4607 4585 4805
7419 6 3 3 2 0 4607 4585 4805 4608 4586 4806
7420 6 3 3 2 0 4608 4586 4806 4609 4587 4807
7421 6 3 3 2 0 4609 4587 4807 4610 4588 4808
7422 6 3 3 2 0 4610 4588 4808 4611 4589 4809
7423 6 3 3 2 0 4611 4589 4809 4612 4590 4810
7424 6 3 3 2 0 4612 4590 4810 4613 4591 4811
7425 6 3 3 2 0 4613 4591 4811 4614 4592 4812
7426 6 3 3 2 0 4614 4592 4812 4615 4593 4813
7427 6 3 3 2 0 4615 4593 4813 4616 4594 4814
7428 6 3 3 2 0 4616 4594 4814 1797 1795 1815
7429 6 3 3 2 0 1580 1560 1567 4804 4584 4661
7430 6 3 3 2 0 4804 4584 4661 4805 4585 4662
7431 6 3 3 2 0 4805 4585 4662 4806 4586 4663
7432 6 3 3 2 0 4806 4586 4663 4807 4587 4664
7433 6 3 3 2 0 4807 4587 4664 4808 4588 4665
7434 6 3 3 2 0 4808 4588 4665 4809 4589 4666
7435 6 3 3 2 0 4809 4589 4666 4810 4590 4667
7436 6 3 3 2 0 4810 4590 4667 4811 4591 4668
7437 6 3 3 2 0 4811 4591 4668 4812 4592 4669
7438 6 3 3 2 0 4812 4592 4669 4813 4593 4670
7439 6 3 3 2 0 4813 4593 4670 4814 4594 4671
7440 6 3 3 2 0 4814 4594 4671 1815 1795 1802
7441 6 3 3 2 0 1581 7 55 4815 325 1587
7442 6 3 3 2 0 4815 325 1587 4816 326 1588
7443 6 3 3 2 0 4816 326 1588 4817 327 1589
7444 6 3 3 2 0 4817 327 1589 4818 328 1590
7445 6 3 3 2 0 4818 328 1590 4819 329 1591
7446 6 3 3 2 0 4819 329 1591 4820 330 1592
7447 6 3 3 2 0 4820 330 1592 4821 331 1593
7448 6 3 3 2 0 4821 331 1593 4822 332 1594
7449 6 3 3 2 0 4822 332 1594 4823 333 1595
7450 6 3 3 2 0 4823 333 1595 4824 334 1596
7451 6 3 3 2 0 4824 334 1596 4825 335 1597
7452 6 3 3 2 0 4825 335 1597 1816 13 307
7453 6 3 3 2 0 55 1575 1581 1587 4749 4815
7454 6 3 3 2 0 1587 4749 4815 1588 4750 4816
7455 6 3 3 2 0 1588 4750 4816 1589 4751 4817
7456 6 3 3 2 0 1589 4751 4817 1590 4752 4818
7457 6 3 3 2 0 1590 4752 4818 1591 4753 4819
7458 6 3 3 2 0 1591 4753 4819 1592 4754 4820
7459 6 3 3 2 0 1592 4754 4820 1593 4755 4821
7460 6 3 3 2 0 1593 4755 4821 1594 4756 4822
7461 6 3 3 2 0 1594 4756 4822 1595 4757 4823
7462 6 3 3 2 0 1595 4757 4823 1596 4758 4824
7463 6 3 3 2 0 1596 4758 4824 1597 4759 4825
7464 6 3 3 2 0 1597 4759 4825 307 1810 1816
7465 6 3 3 2 0 1582 10 64 4826 358 1686
7466 6 3 3 2 0 4826 358 1686 4827 359 1687
7467 6 3 3 2 0 4827 359 1687 4828 360 1688
7468 6 3 3 2 0 4828 360 1688 4829 361 1689
7469 6 3 3 2 0 4829 361 1689 4830 362 1690
7470 6 3 3 2 0 4830 362 1690 4831 363 1691
7471 6 3 3 2 0 4831 363 1691 4832 364 1692
7472 6 3 3 2 0 4832 364 1692 4833 365 1693
7473 6 3 3 2 0 4833 365 1693 4834 366 1694
7474 6 3 3 2 0 4834 366 1694 4835 367 1695
7475 6 3 3 2 0 4835 367 1695 4836 368 1696
7476 6 3 3 2 0 4836 368 1696 1817 16 316
7477 6 3 3 2 0 64 1576 1582 1686 4760 4826
7478 6 3 3 2 0 1686 4760 4826 1687 4761 4827
7479 6 3 3 2 0 1687 4761 4827 1688 4762 4828
7480 6 3 3 2 0 1688 4762 4828 1689 4763 4829
7481 6 3 3 2 0 1689 4763 4829 1690 4764 4830
7482 6 3 3 2 0 1690 4764 4830 1691 4765 4831
7483 6 3 3 2 0 1691 4765 4831 1692 4766 4832
7484 6 3 3 2 0 1692 4766 4832 1693 4767 4833
7485 6 3 3 2 0 1693 4767 4833 1694 4768 4834
7486 6 3 3 2 0 1694 4768 4834 1695 4769 4835
7487 6 3 3 2 0 1695 4769 4835 1696 4770 4836
7488 6 3 3 2 0 1696 4770 4836 316 1811 1817
7489 6 3 3 2 0 1572 1557 1577 4716 4551 4771
7490 6 3 3 2 0 4716 4551 4771 4717 4552 4772
7491 6 3 3 2 0 4717 4552 4772 4718 4553 4773
7492 6 3 3 2 0 4718 4553 4773 4719 4554 4774
7493 6 3 3 2 0 4719 4554 4774 4720 4555 4775
7494 6 3 3 2 0 4720 4555 4775 4721 4556 4776
7495 6 3 3 2 0 4721 4556 4776 4722 4557 4777
7496 6 3 3 2 0 4722 4557 4777 4723 4558 4778
7497 6 3 3 2 0 4723 4558 4778 4724 4559 4779
7498 6 3 3 2 0 4724 4559 4779 4725 4560 4780
7499 6 3 3 2 0 4725 4560 4780 4726 4561 4781
7500 6 3 3 2 0 4726 4561 4781 1807 1792 1812
7501 6 3 3 2 0 1572 1577 1561 4716 4771 4595
7502 6 3 3 2 0 4716 4771 4595 4717 4772 4596
7503 6 3 3 2 0 4717 4772 4596 4718 4773 4597
7504 6 3 3 2 0 4718 4773 4597 4719 4774 4598
7505 6 3 3 2 0 4719 4774 4598 4720 4775 4599
7506 6 3 3 2 0 4720 4775 4599 4721 4776 4600
7507 6 3 3 2 0 4721 4776 4600 4722 4777 4601
7508 6 3 3 2 0 4722 4777 4601 4723 4778 4602
7509 6 3 3 2 0 4723 4778 4602 4724 4779 4603
7510 6 3 3 2 0 4724 4779 4603 4725 4780 4604
7511 6 3 3 2 0 4725 4780 4604 4726 4781 4605
7512 6 3 3 2 0 4726 4781 4605 1807 1812 1796
7513 6 3 3 2 0 1571 1555 1578 4705 4529 4782
7514 6 3 3 2 0 4705 4529 4782 4706 4530 4783
7515 6 3 3 2 0 4706 4530 4783 4707 4531 4784
7516 6 3 3 2 0 4707 4531 4784 4708 4532 4785
7517 6 3 3 2 0 4708 4532 4785 4709 4533 4786
7518 6 3 3 2 0 4709 4533 4786 4710 4534 4787
7519 6 3 3 2 0 4710 4534 4787 4711 4535 4788
7520 6 3 3 2 0 4711 4535 4788 4712 4536 4789
7521 6 3 3 2 0 4712 4536 4789 4713 4537 4790
7522 6 3 3 2 0 4713 4537 4790 4714 4538 4791
7523 6 3 3 2 0 4714 4538 4791 4715 4539 4792
7524 6 3 3 2 0 4715 4539 4792 1806 1790 1813
7525 6 3 3 2 0 1571 1578 1562 4705 4782 4606
7526 6 3 3 2 0 4705 4782 4606 4706 4783 4607
7527 6 3 3 2 0 4706 4783 4607 4707 4784 4608
7528 6 3 3 2 0 4707 4784 4608 4708 4785 4609
7529 6 3 3 2 0 4708 4785 4609 4709 4786 4610
7530 6 3 3 2 0 4709 4786 4610 4710 4787 4611
7531 6 3 3 2 0 4710 4787 4611 4711 4788 4612
7532 6 3 3 2 0 4711 4788 4612 4712 4789 4613
7533 6 3 3 2 0 4712 4789 4613 4713 4790 4614
7534 6 3 3 2 0 4713 4790 4614 4714 4791 4615
7535 6 3 3 2 0 4714 4791 4615 4715 4792 4616
7536 6 3 3 2 0 4715 4792 4616 1806 1813 1797
7537 6 3 3 2 0 72 7 1581 1774 325 4815
7538 6 3 3 2 0 1774 325 4815 1775 326 4816
7539 6 3 3 2 0 1775 326 4816 1776 327 4817
7540 6 3 3 2 0 1776 327 4817 1777 328 4818
7541 6 3 3 2 0 1777 328 4818 1778 329 4819
7542 6 3 3 2 0 1778 329 4819 1779 330 4820
7543 6 3 3 2 0 1779 330 4820 1780 331 4821
7544 6 3 3 2 0 1780 331 4821 1781 332 4822
7545 6 3 3 2 0 1781 332 4822 1782 333 4823
7546 6 3 3 2 0 1782 333 4823 1783 334 4824
7547 6 3 3 2 0 1783 334 4824 1784 335 4825
7548 6 3 3 2 0 1784 335 4825 324 13 1816
7549 6 3 3 2 0 72 1581 1574 1774 4815 4738
7550 6 3 3 2 0 1774 4815 4738 1775 4816 4739
7551 6 3 3 2 0 1775 4816 4739 1776 4817 4740
7552 6 3 3 2 0 1776 4817 4740 1777 4818 4741
7553 6 3 3 2 0 1777 4818 4741 1778 4819 4742
7554 6 3 3 2 0 1778 4819 4742 1779 4820 4743
7555 6 3 3 2 0 1779 4820 4743 1780 4821 4744
7556 6 3 3 2 0 1780 4821 4744 1781 4822 4745
7557 6 3 3 2 0 1781 4822 4745 1782 4823 4746
7558 6 3 3 2 0 1782 4823 4746 1783 4824 4747
7559 6 3 3 2 0 1783 4824 4747 1784 4825 4748
7560 6 3 3 2 0 1784 4825 4748 324 1816 1809
7561 6 3 3 2 0 1556 1574 1581 4540 4738 4815
7562 6 3 3 2 0 4540 4738 4815 4541 4739 4816
7563 6 3 3 2 0 4541 4739 4816 4542 4740 4817
7564 6 3 3 2 0 4542 4740 4817 4543 4741 4818
7565 6 3 3 2 0 4543 4741 4818 4544 4742 4819
7566 6 3 3 2 0 4544 4742 4819 4545 4743 4820
7567 6 3 3 2 0 4545 4743 4820 4546 4744 4821
7568 6 3 3 2 0 4546 4744 4821 4547 4745 4822
7569 6 3 3 2 0 4547 4745 4822 4548 4746 4823
7570 6 3 3 2 0 4548 4746 4823 4549 4747 4824
7571 6 3 3 2 0 4549 4747 4824 4550 4748 4825
7572 6 3 3 2 0 4550 4748 4825 1791 1809 1816
7573 6 3 3 2 0 1556 1581 1575 4540 4815 4749
7574 6 3 3 2 0 4540 4815 4749 4541 4816 4750
7575 6 3 3 2 0 4541 4816 4750 4542 4817 4751
7576 6 3 3 2 0 4542 4817 4751 4543 4818 4752
7577 6 3 3 2 0 4543 4818 4752 4544 4819 4753
7578 6 3 3 2 0 4544 4819 4753 4545 4820 4754
7579 6 3 3 2 0 4545 4820 4754 4546 4821 4755
7580 6 3 3 2 0 4546 4821 4755 4547 4822 4756
7581 6 3 3 2 0 4547 4822 4756 4548 4823 4757
7582 6 3 3 2 0 4548 4823 4757 4549 4824 4758
7583 6 3 3 2 0 4549 4824 4758 4550 4825 4759
7584 6 3 3 2 0 4550 4825 4759 1791 1816 1810
7585 6 3 3 2 0 63 10 1582 1675 358 4826
7586 6 3 3 2 0 1675 358 4826 1676 359 4827
7587 6 3 3 2 0 1676 359 4827 1677 360 4828
7588 6 3 3 2 0 1677 360 4828 1678 361 4829
7589 6 3 3 2 0 1678 361 4829 1679 362 4830
7590 6 3 3 2 0 1679 362 4830 1680 363 4831
7591 6 3 3 2 0 1680 363 4831 1681 364 4832
7592 6 3 3 2 0 1681 364 4832 1682 365 4833
7593 6 3 3 2 0 1682 365 4833 1683 366 4834
7594 6 3 3 2 0 1683 366 4834 1684 367 4835
7595 6 3 3 2 0 1684 367 4835 1685 368 4836
7596 6 3 3 2 0 1685 368 4836 315 16 1817
7597 6 3 3 2 0 63 1582 1573 1675 4826 4727
7598 6 3 3 2 0 1675 4826 4727 1676 4827 4728
7599 6 3 3 2 0 1676 4827 4728 1677 4828 4729
7600 6 3 3 2 0 1677 4828 4729 1678 4829 4730
7601 6 3 3 2 0 1678 4829 4730 1679 4830 4731
7602 6 3 3 2 0 1679 4830 4731 1680 4831 4732
7603 6 3 3 2 0 1680 4831 4732 1681 4832 4733
7604 6 3 3 2 0 1681 4832 4733 1682 4833 4734
7605 6 3 3 2 0 1682 4833 4734 1683 4834 4735
7606 6 3 3 2 0 1683 4834 4735 1684 4835 4736
7607 6 3 3 2 0 1684 4835 4736 1685 4836 4737
7608 6 3 3 2 0 1685 4836 4737 315 1817 1808
7609 6 3 3 2 0 1554 1573 1582 4518 4727 4826
7610 6 3 3 2 0 4518 4727 4826 4519 4728 4827
7611 6 3 3 2 0 4519 4728 4827 4520 4729 4828
7612 6 3 3 2 0 4520 4729 4828 4521 4730 4829
7613 6 3 3 2 0 4521 4730 4829 4522 4731 4830
7614 6 3 3 2 0 4522 4731 4830 4523 4732 4831
7615 6 3 3 2 0 4523 4732 4831 4524 4733 4832
7616 6 3 3 2 0 4524 4733 4832 4525 4734 4833
7617 6 3 3 2 0 4525 4734 4833 4526 4735 4834
7618 6 3 3 2 0 4526 4735 4834 4527 4736 4835
7619 6 3 3 2 0 4527 4736 4835 4528 4737 4836
7620 6 3 3 2 0 4528 4737 4836 1789 1808 1817
7621 6 3 3 2 0 1554 1582 1576 4518 4826 4760
7622 6 3 3 2 0 4518 4826 4760 4519 4827 4761
7623 6 3 3 2 0 4519 4827 4761 4520 4828 4762
7624 6 3 3 2 0 4520 4828 4762 4521 4829 4763
7625 6 3 3 2 0 4521 4829 4763 4522 4830 4764
7626 6 3 3 2 0 4522 4830 4764 4523 4831 4765
7627 6 3 3 2 0 4523 4831 4765 4524 4832 4766
7628 6 3 3 2 0 4524 4832 4766 4525 4833 4767
7629 6 3 3 2 0 4525 4833 4767 4526 4834 4768
7630 6 3 3 2 0 4526 4834 4768 4527 4835 4769
7631 6 3 3 2 0 4527 4835 4769 4528 4836 4770
7632 6 3 3 2 0 4528 4836 4770 1789 1817 1811
7633 6 3 3 2 0 1550 1570 1579 4474 4694 4793
7634 6 3 3 2 0 4474 4694 4793 4475 4695 4794
7635 6 3 3 2 0 4475 4695 4794 4476 4696 4795
7636 6 3 3 2 0 4476 4696 4795 4477 4697 4796
7637 6 3 3 2 0 4477 4697 4796 4478 4698 4797
7638 6 3 3 2 0 4478 4698 4797 4479 4699 4798
7639 6 3 3 2 0 4479 4699 4798 4480 4700 4799
7640 6 3 3 2 0 4480 4700 4799 4481 4701 4800
7641 6 3 3 2 0 4481 4701 4800 4482 4702 4801
7642 6 3 3 2 0 4482 4702 4801 4483 4703 4802
7643 6 3 3 2 0 4483 4703 4802 4484 4704 4803
7644 6 3 3 2 0 4484 4704 4803 1785 1805 1814
7645 6 3 3 2 0 1579 1568 1550 4793 4672 4474
7646 6 3 3 2 0 4793 4672 4474 4794 4673 4475
7647 6 3 3 2 0 4794 4673 4475 4795 4674 4476
7648 6 3 3 2 0 4795 4674 4476 4796 4675 4477
7649 6 3 3 2 0 4796 4675 4477 4797 4676 4478
7650 6 3 3 2 0 4797 4676 4478 4798 4677 4479
7651 6 3 3 2 0 4798 4677 4479 4799 4678 4480
7652 6 3 3 2 0 4799 4678 4480 4800 4679 4481
7653 6 3 3 2 0 4800 4679 4481 4801 4680 4482
7654 6 3 3 2 0 4801 4680 4482 4802 4681 4483
7655 6 3 3 2 0 4802 4681 4483 4803 4682 4484
7656 6 3 3 2 0 4803 4682 4484 1814 1803 1785
7657 6 3 3 2 0 1579 1570 1561 4793 4694 4595
7658 6 3 3 2 0 4793 4694 4595 4794 4695 4596
7659 6 3 3 2 0 4794 4695 4596 4795 4696 4597
7660 6 3 3 2 0 4795 4696 4597 4796 4697 4598
7661 6 3 3 2 0 4796 4697 4598 4797 4698 4599
7662 6 3 3 2 0 4797 4698 4599 4798 4699 4600
7663 6 3 3 2 0 4798 4699 4600 4799 4700 4601
7664 6 3 3 2 0 4799 4700 4601 4800 4701 4602
7665 6 3 3 2 0 4800 4701 4602 4801 4702 4603
7666 6 3 3 2 0 4801 4702 4603 4802 4703 4604
7667 6 3 3 2 0 4802 4703 4604 4803 4704 4605
7668 6 3 3 2 0 4803 4704 4605 1814 1805 1796
7669 6 3 3 2 0 1550 1569 1580 4474 4683 4804
7670 6 3 3 2 0 4474 4683 4804 4475 4684 4805
7671 6 3 3 2 0 4475 4684 4805 4476 4685 4806
7672 6 3 3 2 0 4476 4685 4806 4477 4686 4807
7673 6 3 3 2 0 4477 4686 4807 4478 4687 4808
7674 6 3 3 2 0 4478 4687 4808 4479 4688 4809
7675 6 3 3 2 0 4479 4688 4809 4480 4689 4810
7676 6 3 3 2 0 4480 4689 4810 4481 4690 4811
7677 6 3 3 2 0 4481 4690 4811 4482 4691 4812
7678 6 3 3 2 0 4482 4691 4812 4483 4692 4813
7679 6 3 3 2 0 4483 4692 4813 4484 4693 4814
7680 6 3 3 2 0 4484 4693 4814 1785 1804 1815
7681 6 3 3 2 0 1580 1567 1550 4804 4661 4474
7682 6 3 3 2 0 4804 4661 4474 4805 4662 4475
7683 6 3 3 2 0 4805 4662 4475 4806 4663 4476
7684 6 3 3 2 0 4806 4663 4476 4807 4664 4477
7685 6 3 3 2 0 4807 4664 4477 4808 4665 4478
7686 6 3 3 2 0 4808 4665 4478 4809 4666 4479
7687 6 3 3 2 0 4809 4666 4479 4810 4667 4480
7688 6 3 3 2 0 4810 4667 4480 4811 4668 4481
7689 6 3 3 2 0 4811 4668 4481 4812 4669 4482
7690 6 3 3 2 0 4812 4669 4482 4813 4670 4483
7691 6 3 3 2 0 4813 4670 4483 4814 4671 4484
7692 6 3 3 2 0 4814 4671 4484 1815 1802 1785
7693 6 3 3 2 0 1580 1569 1562 4804 4683 4606
7694 6 3 3 2 0 4804 4683 4606 4805 4684 4607
7695 6 3 3 2 0 4805 4684 4607 4806 4685 4608
7696 6 3 3 2 0 4806 4685 4608 4807 4686 4609
7697 6 3 3 2 0 4807 4686 4609 4808 4687 4610
7698 6 3 3 2 0 4808 4687 4610 4809 4688 4611
7699 6 3 3 2 0 4809 4688 4611 4810 4689 4612
7700 6 3 3 2 0 4810 4689 4612 4811 4690 4613
7701 6 3 3 2 0 4811 4690 4613 4812 4691 4614
7702 6 3 3 2 0 4812 4691 4614 4813 4692 4615
7703 6 3 3 2 0 4813 4692 4615 4814 4693 4616
7704 6 3 3 2 0 4814 4693 4616 1815 1804 1797
7705 6 3 3 2 0 62 1577 61 1664 4771 1653
7706 6 3 3 2 0 1664 4771 1653 1665 4772 1654
7707 6 3 3 2 0 1665 4772 1654 1666 4773 1655
7708 6 3 3 2 0 1666 4773 1655 1667 4774 1656
7709 6 3 3 2 0 1667 4774 1656 1668 4775 1657
7710 6 3 3 2 0 1668 4775 1657 1669 4776 1658
7711 6 3 3 2 0 1669 4776 1658 1670 4777 1659
7712 6 3 3 2 0 1670 4777 1659 1671 4778 1660
7713 6 3 3 2 0 1671 4778 1660 1672 4779 1661
7714 6 3 3 2 0 1672 4779 1661 1673 4780 1662
7715 6 3 3 2 0 1673 4780 1662 1674 4781 1663
7716 6 3 3 2 0 1674 4781 1663 314 1812 313
7717 6 3 3 2 0 71 1578 70 1763 4782 1752
7718 6 3 3 2 0 1763 4782 1752 1764 4783 1753
7719 6 3 3 2 0 1764 4783 1753 1765 4784 1754
7720 6 3 3 2 0 1765 4784 1754 1766 4785 1755
7721 6 3 3 2 0 1766 4785 1755 1767 4786 1756
7722 6 3 3 2 0 1767 4786 1756 1768 4787 1757
7723 6 3 3 2 0 1768 4787 1757 1769 4788 1758
7724 6 3 3 2 0 1769 4788 1758 1770 4789 1759
7725 6 3 3 2 0 1770 4789 1759 1771 4790 1760
7726 6 3 3 2 0 1771 4790 1760 1772 4791 1761
7727 6 3 3 2 0 1772 4791 1761 1773 4792 1762
7728 6 3 3 2 0 1773 4792 1762 323 1813 322
7729 6 3 3 2 0 1560 1578 1583 4584 4782 4837
7730 6 3 3 2 0 4584 4782 4837 4585 4783 4838
7731 6 3 3 2 0 4585 4783 4838 4586 4784 4839
7732 6 3 3 2 0 4586 4784 4839 4587 4785 4840
7733 6 3 3 2 0 4587 4785 4840 4588 4786 4841
7734 6 3 3 2 0 4588 4786 4841 4589 4787 4842
7735 6 3 3 2 0 4589 4787 4842 4590 4788 4843
7736 6 3 3 2 0 4590 4788 4843 4591 4789 4844
7737 6 3 3 2 0 4591 4789 4844 4592 4790 4845
7738 6 3 3 2 0 4592 4790 4845 4593 4791 4846
7739 6 3 3 2 0 4593 4791 4846 4594 4792 4847
7740 6 3 3 2 0 4594 4792 4847 1795 1813 1818
7741 6 3 3 2 0 1583 1574 1560 4837 4738 4584
7742 6 3 3 2 0 4837 4738 4584 4838 4739 4585
7743 6 3 3 2 0 4838 4739 4585 4839 4740 4586
7744 6 3 3 2 0 4839 4740 4586 4840 4741 4587
7745 6 3 3 2 0 4840 4741 4587 4841 4742 4588
7746 6 3 3 2 0 4841 4742 4588 4842 4743 4589
7747 6 3 3 2 0 4842 4743 4589 4843 4744 4590
7748 6 3 3 2 0 4843 4744 4590 4844 4745 4591
7749 6 3 3 2 0 4844 4745 4591 4845 4746 4592
7750 6 3 3 2 0 4845 4746 4592 4846 4747 4593
7751 6 3 3 2 0 4846 4747 4593 4847 4748 4594
7752 6 3 3 2 0 4847 4748 4594 1818 1809 1795
7753 6 3 3 2 0 1583 1578 71 4837 4782 1763
7754 6 3 3 2 0 4837 4782 1763 4838 4783 1764
7755 6 3 3 2 0 4838 4783 1764 4839 4784 1765
7756 6 3 3 2 0 4839 4784 1765 4840 4785 1766
7757 6 3 3 2 0 4840 4785 1766 4841 4786 1767
7758 6 3 3 2 0 4841 4786 1767 4842 4787 1768
7759 6 3 3 2 0 4842 4787 1768 4843 4788 1769
7760 6 3 3 2 0 4843 4788 1769 4844 4789 1770
7761 6 3 3 2 0 4844 4789 1770 4845 4790 1771
7762 6 3 3 2 0 4845 4790 1771 4846 4791 1772
7763 6 3 3 2 0 4846 4791 1772 4847 4792 1773
7764 6 3 3 2 0 4847 4792 1773 1818 1813 323
7765 6 3 3 2 0 1559 1577 1584 4573 4771 4848
7766 6 3 3 2 0 4573 4771 4848 4574 4772 4849
7767 6 3 3 2 0 4574 4772 4849 4575 4773 4850
7768 6 3 3 2 0 4575 4773 4850 4576 4774 4851
7769 6 3 3 2 0 4576 4774 4851 4577 4775 4852
7770 6 3 3 2 0 4577 4775 4852 4578 4776 4853
7771 6 3 3 2 0 4578 4776 4853 4579 4777 4854
7772 6 3 3 2 0 4579 4777 4854 4580 4778 4855
7773 6 3 3 2 0 4580 4778 4855 4581 4779 4856
7774 6 3 3 2 0 4581 4779 4856 4582 4780 4857
7775 6 3 3 2 0 4582 4780 4857 4583 4781 4858
7776 6 3 3 2 0 4583 4781 4858 1794 1812 1819
7777 6 3 3 2 0 1584 1573 1559 4848 4727 4573
7778 6 3 3 2 0 4848 4727 4573 4849 4728 4574
7779 6 3 3 2 0 4849 4728 4574 4850 4729 4575
7780 6 3 3 2 0 4850 4729 4575 4851 4730 4576
7781 6 3 3 2 0 4851 4730 4576 4852 4731 4577
7782 6 3 3 2 0 4852 4731 4577 4853 4732 4578
7783 6 3 3 2 0 4853 4732 4578 4854 4733 4579
7784 6 3 3 2 0 4854 4733 4579 4855 4734 4580
7785 6 3 3 2 0 4855 4734 4580 4856 4735 4581
7786 6 3 3 2 0 4856 4735 4581 4857 4736 4582
7787 6 3 3 2 0 4857 4736 4582 4858 4737 4583
7788 6 3 3 2 0 4858 4737 4583 1819 1808 1794
7789 6 3 3 2 0 1584 1577 62 4848 4771 1664
7790 6 3 3 2 0 4848 4771 1664 4849 4772 1665
7791 6 3 3 2 0 4849 4772 1665 4850 4773 1666
7792 6 3 3 2 0 4850 4773 1666 4851 4774 1667
7793 6 3 3 2 0 4851 4774 1667 4852 4775 1668
7794 6 3 3 2 0 4852 4775 1668 4853 4776 1669
7795 6 3 3 2 0 4853 4776 1669 4854 4777 1670
7796 6 3 3 2 0 4854 4777 1670 4855 4778 1671
7797 6 3 3 2 0 4855 4778 1671 4856 4779 1672
7798 6 3 3 2 0 4856 4779 1672 4857 4780 1673
7799 6 3 3 2 0 4857 4780 1673 4858 4781 1674
7800 6 3 3 2 0 4858 4781 1674 1819 1812 314
7801 6 3 3 2 0 1584 62 63 4848 1664 1675
7802 6 3 3 2 0 4848 1664 1675 4849 1665 1676
7803 6 3 3 2 0 4849 1665 1676 4850 1666 1677
7804 6 3 3 2 0 4850 1666 1677 4851 1667 1678
7805 6 3 3 2 0 4851 1667 1678 4852 1668 1679
7806 6 3 3 2 0 4852 1668 1679 4853 1669 1680
7807 6 3 3 2 0 4853 1669 1680 4854 1670 1681
7808 6 3 3 2 0 4854 1670 1681 4855 1671 1682
7809 6 3 3 2 0 4855 1671 1682 4856 1672 1683
7810 6 3 3 2 0 4856 1672 1683 4857 1673 1684
7811 6 3 3 2 0 4857 1673 1684 4858 1674 1685
7812 6 3 3 2 0 4858 1674 1685 1819 314 315
7813 6 3 3 2 0 1573 1584 63 4727 4848 1675
7814 6 3 3 2 0 4727 4848 1675 4728 4849 1676
7815 6 3 3 2 0 4728 4849 1676 4729 4850 1677
7816 6 3 3 2 0 4729 4850 1677 4730 4851 1678
7817 6 3 3 2 0 4730 4851 1678 4731 4852 1679
7818 6 3 3 2 0 4731 4852 1679 4732 4853 1680
7819 6 3 3 2 0 4732 4853 1680 4733 4854 1681
7820 6 3 3 2 0 4733 4854 1681 4734 4855 1682
7821 6 3 3 2 0 4734 4855 1682 4735 4856 1683
7822 6 3 3 2 0 4735 4856 1683 4736 4857 1684
7823 6 3 3 2 0 4736 4857 1684 4737 4858 1685
7824 6 3 3 2 0 4737 4858 1685 1808 1819 315
7825 6 3 3 2 0 1583 71 72 4837 1763 1774
7826 6 3 3 2 0 4837 1763 1774 4838 1764 1775
7827 6 3 3 2 0 4838 1764 1775 4839 1765 1776
7828 6 3 3 2 0 4839 1765 1776 4840 1766 1777
7829 6 3 3 2 0 4840 1766 1777 4841 1767 1778
7830 6 3 3 2 0 4841 1767 1778 4842 1768 1779
7831 6 3 3 2 0 4842 1768 1779 4843 1769 1780
7832 6 3 3 2 0 4843 1769 1780 4844 1770 1781
7833 6 3 3 2 0 4844 1770 1781 4845 1771 1782
7834 6 3 3 2 0 4845 1771 1782 4846 1772 1783
7835 6 3 3 2 0 4846 1772 1783 4847 1773 1784
7836 6 3 3 2 0 4847 1773 1784 1818 323 324
7837 6 3 3 2 0 1574 1583 72 4738 4837 1774
7838 6 3 3 2 0 4738 4837 1774 4739 4838 1775
7839 6 3 3 2 0 4739 4838 1775 4740 4839 1776
7840 6 3 3 2 0 4740 4839 1776 4741 4840 1777
7841 6 3 3 2 0 4741 4840 1777 4742 4841 1778
7842 6 3 3 2 0 4742 4841 1778 4743 4842 1779
7843 6 3 3 2 0 4743 4842 1779 4744 4843 1780
7844 6 3 3 2 0 4744 4843 1780 4745 4844 1781
7845 6 3 3 2 0 4745 4844 1781 4746 4845 1782
7846 6 3 3 2 0 4746 4845 1782 4747 4846 1783
7847 6 3 3 2 0 4747 4846 1783 4748 4847 1784
7848 6 3 3 2 0 4748 4847 1784 1809 1818 324
7849 6 3 3 2 0 59 1572 1585 1631 4716 4859
7850 6 3 3 2 0 1631 4716 4859 1632 4717 4860
7851 6 3 3 2 0 1632 4717 4860 1633 4718 4861
7852 6 3 3 2 0 1633 4718 4861 1634 4719 4862
7853 6 3 3 2 0 1634 4719 4862 1635 4720 4863
7854 6 3 3 2 0 1635 4720 4863 1636 4721 4864
7855 6 3 3 2 0 1636 4721 4864 1637 4722 4865
7856 6 3 3 2 0 1637 4722 4865 1638 4723 4866
7857 6 3 3 2 0 1638 4723 4866 1639 4724 4867
7858 6 3 3 2 0 1639 4724 4867 1640 4725 4868
7859 6 3 3 2 0 1640 4725 4868 1641 4726 4869
7860 6 3 3 2 0 1641 4726 4869 311 1807 1820
7861 6 3 3 2 0 1585 1572 1551 4859 4716 4485
7862 6 3 3 2 0 4859 4716 4485 4860 4717 4486
7863 6 3 3 2 0 4860 4717 4486 4861 4718 4487
7864 6 3 3 2 0 4861 4718 4487 4862 4719 4488
7865 6 3 3 2 0 4862 4719 4488 4863 4720 4489
7866 6 3 3 2 0 4863 4720 4489 4864 4721 4490
7867 6 3 3 2 0 4864 4721 4490 4865 4722 4491
7868 6 3 3 2 0 4865 4722 4491 4866 4723 4492
7869 6 3 3 2 0 4866 4723 4492 4867 4724 4493
7870 6 3 3 2 0 4867 4724 4493 4868 4725 4494
7871 6 3 3 2 0 4868 4725 4494 4869 4726 4495
7872 6 3 3 2 0 4869 4726 4495 1820 1807 1786
7873 6 3 3 2 0 68 1571 1586 1730 4705 4870
7874 6 3 3 2 0 1730 4705 4870 1731 4706 4871
7875 6 3 3 2 0 1731 4706 4871 1732 4707 4872
7876 6 3 3 2 0 1732 4707 4872 1733 4708 4873
7877 6 3 3 2 0 1733 4708 4873 1734 4709 4874
7878 6 3 3 2 0 1734 4709 4874 1735 4710 4875
7879 6 3 3 2 0 1735 4710 4875 1736 4711 4876
7880 6 3 3 2 0 1736 4711 4876 1737 4712 4877
7881 6 3 3 2 0 1737 4712 4877 1738 4713 4878
7882 6 3 3 2 0 1738 4713 4878 1739 4714 4879
7883 6 3 3 2 0 1739 4714 4879 1740 4715 4880
7884 6 3 3 2 0 1740 4715 4880 320 1806 1821
7885 6 3 3 2 0 1586 1571 1552 4870 4705 4496
7886 6 3 3 2 0 4870 4705 4496 4871 4706 4497
7887 6 3 3 2 0 4871 4706 4497 4872 4707 4498
7888 6 3 3 2 0 4872 4707 4498 4873 4708 4499
7889 6 3 3 2 0 4873 4708 4499 4874 4709 4500
7890 6 3 3 2 0 4874 4709 4500 4875 4710 4501
7891 6 3 3 2 0 4875 4710 4501 4876 4711 4502
7892 6 3 3 2 0 4876 4711 4502 4877 4712 4503
7893 6 3 3 2 0 4877 4712 4503 4878 4713 4504
7894 6 3 3 2 0 4878 4713 4504 4879 4714 4505
7895 6 3 3 2 0 4879 4714 4505 4880 4715 4506
7896 6 3 3 2 0 4880 4715 4506 1821 1806 1787
7897 6 3 3 2 0 1558 58 1585 4562 1620 4859
7898 6 3 3 2 0 4562 1620 4859 4563 1621 4860
7899 6 3 3 2 0 4563 1621 4860 4564 1622 4861
7900 6 3 3 2 0 4564 1622 4861 4565 1623 4862
7901 6 3 3 2 0 4565 1623 4862 4566 1624 4863
7902 6 3 3 2 0 4566 1624 4863 4567 1625 4864
7903 6 3 3 2 0 4567 1625 4864 4568 1626 4865
7904 6 3 3 2 0 4568 1626 4865 4569 1627 4866
7905 6 3 3 2 0 4569 1627 4866 4570 1628 4867
7906 6 3 3 2 0 4570 1628 4867 4571 1629 4868
7907 6 3 3 2 0 4571 1629 4868 4572 1630 4869
7908 6 3 3 2 0 4572 1630 4869 1793 310 1820
7909 6 3 3 2 0 1585 1551 1558 4859 4485 4562
7910 6 3 3 2 0 4859 4485 4562 4860 4486 4563
7911 6 3 3 2 0 4860 4486 4563 4861 4487 4564
7912 6 3 3 2 0 4861 4487 4564 4862 4488 4565
7913 6 3 3 2 0 4862 4488 4565 4863 4489 4566
7914 6 3 3 2 0 4863 4489 4566 4864 4490 4567
7915 6 3 3 2 0 4864 4490 4567 4865 4491 4568
7916 6 3 3 2 0 4865 4491 4568 4866 4492 4569
7917 6 3 3 2 0 4866 4492 4569 4867 4493 4570
7918 6 3 3 2 0 4867 4493 4570 4868 4494 4571
7919 6 3 3 2 0 4868 4494 4571 4869 4495 4572
7920 6 3 3 2 0 4869 4495 4572 1820 1786 1793
7921 6 3 3 2 0 1585 58 59 4859 1620 1631
7922 6 3 3 2 0 4859 1620 1631 4860 1621 1632
7923 6 3 3 2 0 4860 1621 1632 4861 1622 1633
7924 6 3 3 2 0 4861 1622 1633 4862 1623 1634
7925 6 3 3 2 0 4862 1623 1634 4863 1624 1635
7926 6 3 3 2 0 4863 1624 1635 4864 1625 1636
7927 6 3 3 2 0 4864 1625 1636 4865 1626 1637
7928 6 3 3 2 0 4865 1626 1637 4866 1627 1638
7929 6 3 3 2 0 4866 1627 1638 4867 1628 1639
7930 6 3 3 2 0 4867 1628 1639 4868 1629 1640
7931 6 3 3 2 0 4868 1629 1640 4869 1630 1641
7932 6 3 3 2 0 4869 1630 1641 1820 310 311
7933 6 3 3 2 0 1553 67 1586 4507 1719 4870
7934 6 3 3 2 0 4507 1719 4870 4508 1720 4871
7935 6 3 3 2 0 4508 1720 4871 4509 1721 4872
7936 6 3 3 2 0 4509 1721 4872 4510 1722 4873
7937 6 3 3 2 0 4510 1722 4873 4511 1723 4874
7938 6 3 3 2 0 4511 1723 4874 4512 1724 4875
7939 6 3 3 2 0 4512 1724 4875 4513 1725 4876
7940 6 3 3 2 0 4513 1725 4876 4514 1726 4877
7941 6 3 3 2 0 4514 1726 4877 4515 1727 4878
7942 6 3 3 2 0 4515 1727 4878 4516 1728 4879
7943 6 3 3 2 0 4516 1728 4879 4517 1729 4880
7944 6 3 3 2 0 4517 1729 4880 1788 319 1821
7945 6 3 3 2 0 1586 1552 1553 4870 4496 4507
7946 6 3 3 2 0 4870 4496 4507 4871 4497 4508
7947 6 3 3 2 0 4871 4497 4508 4872 4498 4509
7948 6 3 3 2 0 4872 4498 4509 4873 4499 4510
7949 6 3 3 2 0 4873 4499 4510 4874 4500 4511
7950 6 3 3 2 0 4874 4500 4511 4875 4501 4512
7951 6 3 3 2 0 4875 4501 4512 4876 4502 4513
7952 6 3 3 2 0 4876 4502 4513 4877 4503 4514
7953 6 3 3 2 0 4877 4503 4514 4878 4504 4515
7954 6 3 3 2 0 4878 4504 4515 4879 4505 4516
7955 6 3 3 2 0 4879 4505 4516 4880 4506 4517
7956 6 3 3 2 0 4880 4506 4517 1821 1787 1788
7957 6 3 3 2 0 1586 67 68 4870 1719 1730
7958 6 3 3 2 0 4870 1719 1730 4871 1720 1731
7959 6 3 3 2 0 4871 1720 1731 4872 1721 1732
7960 6 3 3 2 0 4872 1721 1732 4873 1722 1733
7961 6 3 3 2 0 4873 1722 1733 4874 1723 1734
7962 6 3 3 2 0 4874 1723 1734 4875 1724 1735
7963 6 3 3 2 0 4875 1724 1735 4876 1725 1736
7964 6 3 3 2 0 4876 1725 1736 4877 1726 1737
7965 6 3 3 2 0 4877 1726 1737 4878 1727 1738
7966 6 3 3 2 0 4878 1727 1738 4879 1728 1739
7967 6 3 3 2 0 4879 1728 1739 4880 1729 1740
7968 6 3 3 2 0 4880 1729 1740 1821 319 320
7969 6 3 1 3 0 318 17 1788 1943 453 4914
7970 6 3 1 3 0 1943 453 4914 1944 454 4915
7971 6 3 1 3 0 1944 454 4915 1945 455 4916
7972 6 3 1 3 0 1945 455 4916 1946 456 4917
7973 6 3 1 3 0 1946 456 4917 1947 457 4918
7974 6 3 1 3 0 1947 457 4918 1948 458 4919
7975 6 3 1 3 0 1948 458 4919 1949 459 4920
7976 6 3 1 3 0 1949 459 4920 1950 460 4921
7977 6 3 1 3 0 1950 460 4921 1951 461 4922
7978 6 3 1 3 0 1951 461 4922 1952 462 4923
7979 6 3 1 3 0 1952 462 4923 1953 463 4924
7980 6 3 1 3 0 1953 463 4924 402 23 2023
7981 6 3 1 3 0 321 18 1790 1976 464 4936
7982 6 3 1 3 0 1976 464 4936 1977 465 4937
7983 6 3 1 3 0 1977 465 4937 1978 466 4938
7984 6 3 1 3 0 1978 466 4938 1979 467 4939
7985 6 3 1 3 0 1979 467 4939 1980 468 4940
7986 6 3 1 3 0 1980 468 4940 1981 469 4941
7987 6 3 1 3 0 1981 469 4941 1982 470 4942
7988 6 3 1 3 0 1982 470 4942 1983 471 4943
7989 6 3 1 3 0 1983 471 4943 1984 472 4944
7990 6 3 1 3 0 1984 472 4944 1985 473 4945
7991 6 3 1 3 0 1985 473 4945 1986 474 4946
7992 6 3 1 3 0 1986 474 4946 405 24 2025
7993 6 3 1 3 0 312 15 1792 1877 431 4958
7994 6 3 1 3 0 1877 431 4958 1878 432 4959
7995 6 3 1 3 0 1878 432 4959 1879 433 4960
7996 6 3 1 3 0 1879 433 4960 1880 434 4961
7997 6 3 1 3 0 1880 434 4961 1881 435 4962
7998 6 3 1 3 0 1881 435 4962 1882 436 4963
7999 6 3 1 3 0 1882 436 4963 1883 437 4964
8000 6 3 1 3 0 1883 437 4964 1884 438 4965
8001 6 3 1 3 0 1884 438 4965 1885 439 4966
8002 6 3 1 3 0 1885 439 4966 1886 440 4967
8003 6 3 1 3 0 1886 440 4967 1887 441 4968
8004 6 3 1 3 0 1887 441 4968 396 21 2027
8005 6 3 1 3 0 309 14 1793 1844 420 4969
8006 6 3 1 3 0 1844 420 4969 1845 421 4970
8007 6 3 1 3 0 1845 421 4970 1846 422 4971
8008 6 3 1 3 0 1846 422 4971 1847 423 4972
8009 6 3 1 3 0 1847 423 4972 1848 424 4973
8010 6 3 1 3 0 1848 424 4973 1849 425 4974
8011 6 3 1 3 0 1849 425 4974 1850 426 4975
8012 6 3 1 3 0 1850 426 4975 1851 427 4976
8013 6 3 1 3 0 1851 427 4976 1852 428 4977
8014 6 3 1 3 0 1852 428 4977 1853 429 4978
8015 6 3 1 3 0 1853 429 4978 1854 430 4979
8016 6 3 1 3 0 1854 430 4979 393 20 2028
8017 6 3 1 3 0 17 319 1788 453 1954 4914
8018 6 3 1 3 0 453 1954 4914 454 1955 4915
8019 6 3 1 3 0 454 1955 4915 455 1956 4916
8020 6 3 1 3 0 455 1956 4916 456 1957 4917
8021 6 3 1 3 0 456 1957 4917 457 1958 4918
8022 6 3 1 3 0 457 1958 4918 458 1959 4919
8023 6 3 1 3 0 458 1959 4919 459 1960 4920
8024 6 3 1 3 0 459 1960 4920 460 1961 4921
8025 6 3 1 3 0 460 1961 4921 461 1962 4922
8026 6 3 1 3 0 461 1962 4922 462 1963 4923
8027 6 3 1 3 0 462 1963 4923 463 1964 4924
8028 6 3 1 3 0 463 1964 4924 23 403 2023
8029 6 3 1 3 0 14 310 1793 420 1855 4969
8030 6 3 1 3 0 420 1855 4969 421 1856 4970
8031 6 3 1 3 0 421 1856 4970 422 1857 4971
8032 6 3 1 3 0 422 1857 4971 423 1858 4972
8033 6 3 1 3 0 423 1858 4972 424 1859 4973
8034 6 3 1 3 0 424 1859 4973 425 1860 4974
8035 6 3 1 3 0 425 1860 4974 426 1861 4975
8036 6 3 1 3 0 426 1861 4975 427 1862 4976
8037 6 3 1 3 0 427 1862 4976 428 1863 4977
8038 6 3 1 3 0 428 1863 4977 429 1864 4978
8039 6 3 1 3 0 429 1864 4978 430 1865 4979
8040 6 3 1 3 0 430 1865 4979 20 394 2028
8041 6 3 1 3 0 18 322 1790 464 1987 4936
8042 6 3 1 3 0 464 1987 4936 465 1988 4937
8043 6 3 1 3 0 465 1988 4937 466 1989 4938
8044 6 3 1 3 0 466 1989 4938 467 1990 4939
8045 6 3 1 3 0 467 1990 4939 468 1991 4940
8046 6 3 1 3 0 468 1991 4940 469 1992 4941
8047 6 3 1 3 0 469 1992 4941 470 1993 4942
8048 6 3 1 3 0 470 1993 4942 471 1994 4943
8049 6 3 1 3 0 471 1994 4943 472 1995 4944
8050 6 3 1 3 0 472 1995 4944 473 1996 4945
8051 6 3 1 3 0 473 1996 4945 474 1997 4946
8052 6 3 1 3 0 474 1997 4946 24 406 2025
8053 6 3 1 3 0 15 313 1792 431 1888 4958
8054 6 3 1 3 0 431 1888 4958 432 1889 4959
8055 6 3 1 3 0 432 1889 4959 433 1890 4960
8056 6 3 1 3 0 433 1890 4960 434 1891 4961
8057 6 3 1 3 0 434 1891 4961 435 1892 4962
8058 6 3 1 3 0 435 1892 4962 436 1893 4963
8059 6 3 1 3 0 436 1893 4963 437 1894 4964
8060 6 3 1 3 0 437 1894 4964 438 1895 4965
8061 6 3 1 3 0 438 1895 4965 439 1896 4966
8062 6 3 1 3 0 439 1896 4966 440 1897 4967
8063 6 3 1 3 0 440 1897 4967 441 1898 4968
8064 6 3 1 3 0 441 1898 4968 21 397 2027
8065 6 3 1 3 0 1798 1793 1786 5024 4969 4892
8066 6 3 1 3 0 5024 4969 4892 5025 4970 4893
8067 6 3 1 3 0 5025 4970 4893 5026 4971 4894
8068 6 3 1 3 0 5026 4971 4894 5027 4972 4895
8069 6 3 1 3 0 5027 4972 4895 5028 4973 4896
8070 6 3 1 3 0 5028 4973 4896 5029 4974 4897
8071 6 3 1 3 0 5029 4974 4897 5030 4975 4898
8072 6 3 1 3 0 5030 4975 4898 5031 4976 4899
8073 6 3 1 3 0 5031 4976 4899 5032 4977 4900
8074 6 3 1 3 0 5032 4977 4900 5033 4978 4901
8075 6 3 1 3 0 5033 4978 4901 5034 4979 4902
8076 6 3 1 3 0 5034 4979 4902 2033 2028 2021
8077 6 3 1 3 0 1799 1788 1787 5035 4914 4903
8078 6 3 1 3 0 5035 4914 4903 5036 4915 4904
8079 6 3 1 3 0 5036 4915 4904 5037 4916 4905
8080 6 3 1 3 0 5037 4916 4905 5038 4917 4906
8081 6 3 1 3 0 5038 4917 4906 5039 4918 4907
8082 6 3 1 3 0 5039 4918 4907 5040 4919 4908
8083 6 3 1 3 0 5040 4919 4908 5041 4920 4909
8084 6 3 1 3 0 5041 4920 4909 5042 4921 4910
8085 6 3 1 3 0 5042 4921 4910 5043 4922 4911
8086 6 3 1 3 0 5043 4922 4911 5044 4923 4912
8087 6 3 1 3 0 5044 4923 4912 5045 4924 4913
8088 6 3 1 3 0 5045 4924 4913 2034 2023 2022
8089 6 3 1 3 0 1793 1798 1800 4969 5024 5046
8090 6 3 1 3 0 4969 5024 5046 4970 5025 5047
8091 6 3 1 3 0 4970 5025 5047 4971 5026 5048
8092 6 3 1 3 0 4971 5026 5048 4972 5027 5049
8093 6 3 1 3 0 4972 5027 5049 4973 5028 5050
8094 6 3 1 3 0 4973 5028 5050 4974 5029 5051
8095 6 3 1 3 0 4974 5029 5051 4975 5030 5052
8096 6 3 1 3 0 4975 5030 5052 4976 5031 5053
8097 6 3 1 3 0 4976 5031 5053 4977 5032 5054
8098 6 3 1 3 0 4977 5032 5054 4978 5033 5055
8099 6 3 1 3 0 4978 5033 5055 4979 5034 5056
8100 6 3 1 3 0 4979 5034 5056 2028 2033 2035
8101 6 3 1 3 0 1800 1798 1791 5046 5024 4947
8102 6 3 1 3 0 5046 5024 4947 5047 5025 4948
8103 6 3 1 3 0 5047 5025 4948 5048 5026 4949
8104 6 3 1 3 0 5048 5026 4949 5049 5027 4950
8105 6 3 1 3 0 5049 5027 4950 5050 5028 4951
8106 6 3 1 3 0 5050 5028 4951 5051 5029 4952
8107 6 3 1 3 0 5051 5029 4952 5052 5030 4953
8108 6 3 1 3 0 5052 5030 4953 5053 5031 4954
8109 6 3 1 3 0 5053 5031 4954 5054 5032 4955
8110 6 3 1 3 0 5054 5032 4955 5055 5033 4956
8111 6 3 1 3 0 5055 5033 4956 5056 5034 4957
8112 6 3 1 3 0 5056 5034 4957 2035 2033 2026
8113 6 3 1 3 0 1801 1799 1789 5057 5035 4925
8114 6 3 1 3 0 5057 5035 4925 5058 5036 4926
8115 6 3 1 3 0 5058 5036 4926 5059 5037 4927
8116 6 3 1 3 0 5059 5037 4927 5060 5038 4928
8117 6 3 1 3 0 5060 5038 4928 5061 5039 4929
8118 6 3 1 3 0 5061 5039 4929 5062 5040 4930
8119 6 3 1 3 0 5062 5040 4930 5063 5041 4931
8120 6 3 1 3 0 5063 5041 4931 5064 5042 4932
8121 6 3 1 3 0 5064 5042 4932 5065 5043 4933
8122 6 3 1 3 0 5065 5043 4933 5066 5044 4934
8123 6 3 1 3 0 5066 5044 4934 5067 5045 4935
8124 6 3 1 3 0 5067 5045 4935 2036 2034 2024
8125 6 3 1 3 0 1788 1799 1801 4914 5035 5057
8126 6 3 1 3 0 4914 5035 5057 4915 5036 5058
8127 6 3 1 3 0 4915 5036 5058 4916 5037 5059
8128 6 3 1 3 0 4916 5037 5059 4917 5038 5060
8129 6 3 1 3 0 4917 5038 5060 4918 5039 5061
8130 6 3 1 3 0 4918 5039 5061 4919 5040 5062
8131 6 3 1 3 0 4919 5040 5062 4920 5041 5063
8132 6 3 1 3 0 4920 5041 5063 4921 5042 5064
8133 6 3 1 3 0 4921 5042 5064 4922 5043 5065
8134 6 3 1 3 0 4922 5043 5065 4923 5044 5066
8135 6 3 1 3 0 4923 5044 5066 4924 5045 5067
8136 6 3 1 3 0 4924 5045 5067 2023 2034 2036
8137 6 3 1 3 0 1791 1798 1802 4947 5024 5068
8138 6 3 1 3 0 4947 5024 5068 4948 5025 5069
8139 6 3 1 3 0 4948 5025 5069 4949 5026 5070
8140 6 3 1 3 0 4949 5026 5070 4950 5027 5071
8141 6 3 1 3 0 4950 5027 5071 4951 5028 5072
8142 6 3 1 3 0 4951 5028 5072 4952 5029 5073
8143 6 3 1 3 0 4952 5029 5073 4953 5030 5074
8144 6 3 1 3 0 4953 5030 5074 4954 5031 5075
8145 6 3 1 3 0 4954 5031 5075 4955 5032 5076
8146 6 3 1 3 0 4955 5032 5076 4956 5033 5077
8147 6 3 1 3 0 4956 5033 5077 4957 5034 5078
8148 6 3 1 3 0 4957 5034 5078 2026 2033 2037
8149 6 3 1 3 0 1802 1795 1791 5068 4991 4947
8150 6 3 1 3 0 5068 4991 4947 5069 4992 4948
8151 6 3 1 3 0 5069 4992 4948 5070 4993 4949
8152 6 3 1 3 0 5070 4993 4949 5071 4994 4950
8153 6 3 1 3 0 5071 4994 4950 5072 4995 4951
8154 6 3 1 3 0 5072 4995 4951 5073 4996 4952
8155 6 3 1 3 0 5073 4996 4952 5074 4997 4953
8156 6 3 1 3 0 5074 4997 4953 5075 4998 4954
8157 6 3 1 3 0 5075 4998 4954 5076 4999 4955
8158 6 3 1 3 0 5076 4999 4955 5077 5000 4956
8159 6 3 1 3 0 5077 5000 4956 5078 5001 4957
8160 6 3 1 3 0 5078 5001 4957 2037 2030 2026
8161 6 3 1 3 0 1789 1799 1803 4925 5035 5079
8162 6 3 1 3 0 4925 5035 5079 4926 5036 5080
8163 6 3 1 3 0 4926 5036 5080 4927 5037 5081
8164 6 3 1 3 0 4927 5037 5081 4928 5038 5082
8165 6 3 1 3 0 4928 5038 5082 4929 5039 5083
8166 6 3 1 3 0 4929 5039 5083 4930 5040 5084
8167 6 3 1 3 0 4930 5040 5084 4931 5041 5085
8168 6 3 1 3 0 4931 5041 5085 4932 5042 5086
8169 6 3 1 3 0 4932 5042 5086 4933 5043 5087
8170 6 3 1 3 0 4933 5043 5087 4934 5044 5088
8171 6 3 1 3 0 4934 5044 5088 4935 5045 5089
8172 6 3 1 3 0 4935 5045 5089 2024 2034 2038
8173 6 3 1 3 0 1803 1794 1789 5079 4980 4925
8174 6 3 1 3 0 5079 4980 4925 5080 4981 4926
8175 6 3 1 3 0 5080 4981 4926 5081 4982 4927
8176 6 3 1 3 0 5081 4982 4927 5082 4983 4928
8177 6 3 1 3 0 5082 4983 4928 5083 4984 4929
8178 6 3 1 3 0 5083 4984 4929 5084 4985 4930
8179 6 3 1 3 0 5084 4985 4930 5085 4986 4931
8180 6 3 1 3 0 5085 4986 4931 5086 4987 4932
8181 6 3 1 3 0 5086 4987 4932 5087 4988 4933
8182 6 3 1 3 0 5087 4988 4933 5088 4989 4934
8183 6 3 1 3 0 5088 4989 4934 5089 4990 4935
8184 6 3 1 3 0 5089 4990 4935 2038 2029 2024
8185 6 3 1 3 0 1804 1799 1787 5090 5035 4903
8186 6 3 1 3 0 5090 5035 4903 5091 5036 4904
8187 6 3 1 3 0 5091 5036 4904 5092 5037 4905
8188 6 3 1 3 0 5092 5037 4905 5093 5038 4906
8189 6 3 1 3 0 5093 5038 4906 5094 5039 4907
8190 6 3 1 3 0 5094 5039 4907 5095 5040 4908
8191 6 3 1 3 0 5095 5040 4908 5096 5041 4909
8192 6 3 1 3 0 5096 5041 4909 5097 5042 4910
8193 6 3 1 3 0 5097 5042 4910 5098 5043 4911
8194 6 3 1 3 0 5098 5043 4911 5099 5044 4912
8195 6 3 1 3 0 5099 5044 4912 5100 5045 4913
8196 6 3 1 3 0 5100 5045 4913 2039 2034 2022
8197 6 3 1 3 0 1787 1797 1804 4903 5013 5090
8198 6 3 1 3 0 4903 5013 5090 4904 5014 5091
8199 6 3 1 3 0 4904 5014 5091 4905 5015 5092
8200 6 3 1 3 0 4905 5015 5092 4906 5016 5093
8201 6 3 1 3 0 4906 5016 5093 4907 5017 5094
8202 6 3 1 3 0 4907 5017 5094 4908 5018 5095
8203 6 3 1 3 0 4908 5018 5095 4909 5019 5096
8204 6 3 1 3 0 4909 5019 5096 4910 5020 5097
8205 6 3 1 3 0 4910 5020 5097 4911 5021 5098
8206 6 3 1 3 0 4911 5021 5098 4912 5022 5099
8207 6 3 1 3 0 4912 5022 5099 4913 5023 5100
8208 6 3 1 3 0 4913 5023 5100 2022 2032 2039
8209 6 3 1 3 0 1805 1798 1786 5101 5024 4892
8210 6 3 1 3 0 5101 5024 4892 5102 5025 4893
8211 6 3 1 3 0 5102 5025 4893 5103 5026 4894
8212 6 3 1 3 0 5103 5026 4894 5104 5027 4895
8213 6 3 1 3 0 5104 5027 4895 5105 5028 4896
8214 6 3 1 3 0 5105 5028 4896 5106 5029 4897
8215 6 3 1 3 0 5106 5029 4897 5107 5030 4898
8216 6 3 1 3 0 5107 5030 4898 5108 5031 4899
8217 6 3 1 3 0 5108 5031 4899 5109 5032 4900
8218 6 3 1 3 0 5109 5032 4900 5110 5033 4901
8219 6 3 1 3 0 5110 5033 4901 5111 5034 4902
8220 6 3 1 3 0 5111 5034 4902 2040 2033 2021
8221 6 3 1 3 0 1786 1796 1805 4892 5002 5101
8222 6 3 1 3 0 4892 5002 5101 4893 5003 5102
8223 6 3 1 3 0 4893 5003 5102 4894 5004 5103
8224 6 3 1 3 0 4894 5004 5103 4895 5005 5104
8225 6 3 1 3 0 4895 5005 5104 4896 5006 5105
8226 6 3 1 3 0 4896 5006 5105 4897 5007 5106
8227 6 3 1 3 0 4897 5007 5106 4898 5008 5107
8228 6 3 1 3 0 4898 5008 5107 4899 5009 5108
8229 6 3 1 3 0 4899 5009 5108 4900 5010 5109
8230 6 3 1 3 0 4900 5010 5109 4901 5011 5110
8231 6 3 1 3 0 4901 5011 5110 4902 5012 5111
8232 6 3 1 3 0 4902 5012 5111 2021 2031 2040
8233 6 3 1 3 0 1806 321 1790 5112 1976 4936
8234 6 3 1 3 0 5112 1976 4936 5113 1977 4937
8235 6 3 1 3 0 5113 1977 4937 5114 1978 4938
8236 6 3 1 3 0 5114 1978 4938 5115 1979 4939
8237 6 3 1 3 0 5115 1979 4939 5116 1980 4940
8238 6 3 1 3 0 5116 1980 4940 5117 1981 4941
8239 6 3 1 3 0 5117 1981 4941 5118 1982 4942
8240 6 3 1 3 0 5118 1982 4942 5119 1983 4943
8241 6 3 1 3 0 5119 1983 4943 5120 1984 4944
8242 6 3 1 3 0 5120 1984 4944 5121 1985 4945
8243 6 3 1 3 0 5121 1985 4945 5122 1986 4946
8244 6 3 1 3 0 5122 1986 4946 2041 405 2025
8245 6 3 1 3 0 1806 1797 1787 5112 5013 4903
8246 6 3 1 3 0 5112 5013 4903 5113 5014 4904
8247 6 3 1 3 0 5113 5014 4904 5114 5015 4905
8248 6 3 1 3 0 5114 5015 4905 5115 5016 4906
8249 6 3 1 3 0 5115 5016 4906 5116 5017 4907
8250 6 3 1 3 0 5116 5017 4907 5117 5018 4908
8251 6 3 1 3 0 5117 5018 4908 5118 5019 4909
8252 6 3 1 3 0 5118 5019 4909 5119 5020 4910
8253 6 3 1 3 0 5119 5020 4910 5120 5021 4911
8254 6 3 1 3 0 5120 5021 4911 5121 5022 4912
8255 6 3 1 3 0 5121 5022 4912 5122 5023 4913
8256 6 3 1 3 0 5122 5023 4913 2041 2032 2022
8257 6 3 1 3 0 1807 312 1792 5123 1877 4958
8258 6 3 1 3 0 5123 1877 4958 5124 1878 4959
8259 6 3 1 3 0 5124 1878 4959 5125 1879 4960
8260 6 3 1 3 0 5125 1879 4960 5126 1880 4961
8261 6 3 1 3 0 5126 1880 4961 5127 1881 4962
8262 6 3 1 3 0 5127 1881 4962 5128 1882 4963
8263 6 3 1 3 0 5128 1882 4963 5129 1883 4964
8264 6 3 1 3 0 5129 1883 4964 5130 1884 4965
8265 6 3 1 3 0 5130 1884 4965 5131 1885 4966
8266 6 3 1 3 0 5131 1885 4966 5132 1886 4967
8267 6 3 1 3 0 5132 1886 4967 5133 1887 4968
8268 6 3 1 3 0 5133 1887 4968 2042 396 2027
8269 6 3 1 3 0 1807 1796 1786 5123 5002 4892
8270 6 3 1 3 0 5123 5002 4892 5124 5003 4893
8271 6 3 1 3 0 5124 5003 4893 5125 5004 4894
8272 6 3 1 3 0 5125 5004 4894 5126 5005 4895
8273 6 3 1 3 0 5126 5005 4895 5127 5006 4896
8274 6 3 1 3 0 5127 5006 4896 5128 5007 4897
8275 6 3 1 3 0 5128 5007 4897 5129 5008 4898
8276 6 3 1 3 0 5129 5008 4898 5130 5009 4899
8277 6 3 1 3 0 5130 5009 4899 5131 5010 4900
8278 6 3 1 3 0 5131 5010 4900 5132 5011 4901
8279 6 3 1 3 0 5132 5011 4901 5133 5012 4902
8280 6 3 1 3 0 5133 5012 4902 2042 2031 2021
8281 6 3 1 3 0 1810 307 308 5156 1822 1833
8282 6 3 1 3 0 5156 1822 1833 5157 1823 1834
8283 6 3 1 3 0 5157 1823 1834 5158 1824 1835
8284 6 3 1 3 0 5158 1824 1835 5159 1825 1836
8285 6 3 1 3 0 5159 1825 1836 5160 1826 1837
8286 6 3 1 3 0 5160 1826 1837 5161 1827 1838
8287 6 3 1 3 0 5161 1827 1838 5162 1828 1839
8288 6 3 1 3 0 5162 1828 1839 5163 1829 1840
8289 6 3 1 3 0 5163 1829 1840 5164 1830 1841
8290 6 3 1 3 0 5164 1830 1841 5165 1831 1842
8291 6 3 1 3 0 5165 1831 1842 5166 1832 1843
8292 6 3 1 3 0 5166 1832 1843 2045 391 392
8293 6 3 1 3 0 1810 1800 1791 5156 5046 4947
8294 6 3 1 3 0 5156 5046 4947 5157 5047 4948
8295 6 3 1 3 0 5157 5047 4948 5158 5048 4949
8296 6 3 1 3 0 5158 5048 4949 5159 5049 4950
8297 6 3 1 3 0 5159 5049 4950 5160 5050 4951
8298 6 3 1 3 0 5160 5050 4951 5161 5051 4952
8299 6 3 1 3 0 5161 5051 4952 5162 5052 4953
8300 6 3 1 3 0 5162 5052 4953 5163 5053 4954
8301 6 3 1 3 0 5163 5053 4954 5164 5054 4955
8302 6 3 1 3 0 5164 5054 4955 5165 5055 4956
8303 6 3 1 3 0 5165 5055 4956 5166 5056 4957
8304 6 3 1 3 0 5166 5056 4957 2045 2035 2026
8305 6 3 1 3 0 308 1800 1810 1833 5046 5156
8306 6 3 1 3 0 1833 5046 5156 1834 5047 5157
8307 6 3 1 3 0 1834 5047 5157 1835 5048 5158
8308 6 3 1 3 0 1835 5048 5158 1836 5049 5159
8309 6 3 1 3 0 1836 5049 5159 1837 5050 5160
8310 6 3 1 3 0 1837 5050 5160 1838 5051 5161
8311 6 3 1 3 0 1838 5051 5161 1839 5052 5162
8312 6 3 1 3 0 1839 5052 5162 1840 5053 5163
8313 6 3 1 3 0 1840 5053 5163 1841 5054 5164
8314 6 3 1 3 0 1841 5054 5164 1842 5055 5165
8315 6 3 1 3 0 1842 5055 5165 1843 5056 5166
8316 6 3 1 3 0 1843 5056 5166 392 2035 2045
8317 6 3 1 3 0 1811 316 317 5167 1921 1932
8318 6 3 1 3 0 5167 1921 1932 5168 1922 1933
8319 6 3 1 3 0 5168 1922 1933 5169 1923 1934
8320 6 3 1 3 0 5169 1923 1934 5170 1924 1935
8321 6 3 1 3 0 5170 1924 1935 5171 1925 1936
8322 6 3 1 3 0 5171 1925 1936 5172 1926 1937
8323 6 3 1 3 0 5172 1926 1937 5173 1927 1938
8324 6 3 1 3 0 5173 1927 1938 5174 1928 1939
8325 6 3 1 3 0 5174 1928 1939 5175 1929 1940
8326 6 3 1 3 0 5175 1929 1940 5176 1930 1941
8327 6 3 1 3 0 5176 1930 1941 5177 1931 1942
8328 6 3 1 3 0 5177 1931 1942 2046 400 401
8329 6 3 1 3 0 1811 1801 1789 5167 5057 4925
8330 6 3 1 3 0 5167 5057 4925 5168 5058 4926
8331 6 3 1 3 0 5168 5058 4926 5169 5059 4927
8332 6 3 1 3 0 5169 5059 4927 5170 5060 4928
8333 6 3 1 3 0 5170 5060 4928 5171 5061 4929
8334 6 3 1 3 0 5171 5061 4929 5172 5062 4930
8335 6 3 1 3 0 5172 5062 4930 5173 5063 4931
8336 6 3 1 3 0 5173 5063 4931 5174 5064 4932
8337 6 3 1 3 0 5174 5064 4932 5175 5065 4933
8338 6 3 1 3 0 5175 5065 4933 5176 5066 4934
8339 6 3 1 3 0 5176 5066 4934 5177 5067 4935
8340 6 3 1 3 0 5177 5067 4935 2046 2036 2024
8341 6 3 1 3 0 317 1801 1811 1932 5057 5167
8342 6 3 1 3 0 1932 5057 5167 1933 5058 5168
8343 6 3 1 3 0 1933 5058 5168 1934 5059 5169
8344 6 3 1 3 0 1934 5059 5169 1935 5060 5170
8345 6 3 1 3 0 1935 5060 5170 1936 5061 5171
8346 6 3 1 3 0 1936 5061 5171 1937 5062 5172
8347 6 3 1 3 0 1937 5062 5172 1938 5063 5173
8348 6 3 1 3 0 1938 5063 5173 1939 5064 5174
8349 6 3 1 3 0 1939 5064 5174 1940 5065 5175
8350 6 3 1 3 0 1940 5065 5175 1941 5066 5176
8351 6 3 1 3 0 1941 5066 5176 1942 5067 5177
8352 6 3 1 3 0 1942 5067 5177 401 2036 2046
8353 6 3 1 3 0 1805 1785 1802 5101 4881 5068
8354 6 3 1 3 0 5101 4881 5068 5102 4882 5069
8355 6 3 1 3 0 5102 4882 5069 5103 4883 5070
8356 6 3 1 3 0 5103 4883 5070 5104 4884 5071
8357 6 3 1 3 0 5104 4884 5071 5105 4885 5072
8358 6 3 1 3 0 5105 4885 5072 5106 4886 5073
8359 6 3 1 3 0 5106 4886 5073 5107 4887 5074
8360 6 3 1 3 0 5107 4887 5074 5108 4888 5075
8361 6 3 1 3 0 5108 4888 5075 5109 4889 5076
8362 6 3 1 3 0 5109 4889 5076 5110 4890 5077
8363 6 3 1 3 0 5110 4890 5077 5111 4891 5078
8364 6 3 1 3 0 5111 4891 5078 2040 2020 2037
8365 6 3 1 3 0 1798 1805 1802 5024 5101 5068
8366 6 3 1 3 0 5024 5101 5068 5025 5102 5069
8367 6 3 1 3 0 5025 5102 5069 5026 5103 5070
8368 6 3 1 3 0 5026 5103 5070 5027 5104 5071
8369 6 3 1 3 0 5027 5104 5071 5028 5105 5072
8370 6 3 1 3 0 5028 5105 5072 5029 5106 5073
8371 6 3 1 3 0 5029 5106 5073 5030 5107 5074
8372 6 3 1 3 0 5030 5107 5074 5031 5108 5075
8373 6 3 1 3 0 5031 5108 5075 5032 5109 5076
8374 6 3 1 3 0 5032 5109 5076 5033 5110 5077
8375 6 3 1 3 0 5033 5110 5077 5034 5111 5078
8376 6 3 1 3 0 5034 5111 5078 2033 2040 2037
8377 6 3 1 3 0 1804 1785 1803 5090 4881 5079
8378 6 3 1 3 0 5090 4881 5079 5091 4882 5080
8379 6 3 1 3 0 5091 4882 5080 5092 4883 5081
8380 6 3 1 3 0 5092 4883 5081 5093 4884 5082
8381 6 3 1 3 0 5093 4884 5082 5094 4885 5083
8382 6 3 1 3 0 5094 4885 5083 5095 4886 5084
8383 6 3 1 3 0 5095 4886 5084 5096 4887 5085
8384 6 3 1 3 0 5096 4887 5085 5097 4888 5086
8385 6 3 1 3 0 5097 4888 5086 5098 4889 5087
8386 6 3 1 3 0 5098 4889 5087 5099 4890 5088
8387 6 3 1 3 0 5099 4890 5088 5100 4891 5089
8388 6 3 1 3 0 5100 4891 5089 2039 2020 2038
8389 6 3 1 3 0 1799 1804 1803 5035 5090 5079
8390 6 3 1 3 0 5035 5090 5079 5036 5091 5080
8391 6 3 1 3 0 5036 5091 5080 5037 5092 5081
8392 6 3 1 3 0 5037 5092 5081 5038 5093 5082
8393 6 3 1 3 0 5038 5093 5082 5039 5094 5083
8394 6 3 1 3 0 5039 5094 5083 5040 5095 5084
8395 6 3 1 3 0 5040 5095 5084 5041 5096 5085
8396 6 3 1 3 0 5041 5096 5085 5042 5097 5086
8397 6 3 1 3 0 5042 5097 5086 5043 5098 5087
8398 6 3 1 3 0 5043 5098 5087 5044 5099 5088
8399 6 3 1 3 0 5044 5099 5088 5045 5100 5089
8400 6 3 1 3 0 5045 5100 5089 2034 2039 2038
8401 6 3 1 3 0 318 1801 317 1943 5057 1932
8402 6 3 1 3 0 1943 5057 1932 1944 5058 1933
8403 6 3 1 3 0 1944 5058 1933 1945 5059 1934
8404 6 3 1 3 0 1945 5059 1934 1946 5060 1935
8405 6 3 1 3 0 1946 5060 1935 1947 5061 1936
8406 6 3 1 3 0 1947 5061 1936 1948 5062 1937
8407 6 3 1 3 0 1948 5062 1937 1949 5063 1938
8408 6 3 1 3 0 1949 5063 1938 1950 5064 1939
8409 6 3 1 3 0 1950 5064 1939 1951 5065 1940
8410 6 3 1 3 0 1951 5065 1940 1952 5066 1941
8411 6 3 1 3 0 1952 5066 1941 1953 5067 1942
8412 6 3 1 3 0 1953 5067 1942 402 2036 401
8413 6 3 1 3 0 1788 1801 318 4914 5057 1943
8414 6 3 1 3 0 4914 5057 1943 4915 5058 1944
8415 6 3 1 3 0 4915 5058 1944 4916 5059 1945
8416 6 3 1 3 0 4916 5059 1945 4917 5060 1946
8417 6 3 1 3 0 4917 5060 1946 4918 5061 1947
8418 6 3 1 3 0 4918 5061 1947 4919 5062 1948
8419 6 3 1 3 0 4919 5062 1948 4920 5063 1949
8420 6 3 1 3 0 4920 5063 1949 4921 5064 1950
8421 6 3 1 3 0 4921 5064 1950 4922 5065 1951
8422 6 3 1 3 0 4922 5065 1951 4923 5066 1952
8423 6 3 1 3 0 4923 5066 1952 4924 5067 1953
8424 6 3 1 3 0 4924 5067 1953 2023 2036 402
8425 6 3 1 3 0 309 1800 308 1844 5046 1833
8426 6 3 1 3 0 1844 5046 1833 1845 5047 1834
8427 6 3 1 3 0 1845 5047 1834 1846 5048 1835
8428 6 3 1 3 0 1846 5048 1835 1847 5049 1836
8429 6 3 1 3 0 1847 5049 1836 1848 5050 1837
8430 6 3 1 3 0 1848 5050 1837 1849 5051 1838
8431 6 3 1 3 0 1849 5051 1838 1850 5052 1839
8432 6 3 1 3 0 1850 5052 1839 1851 5053 1840
8433 6 3 1 3 0 1851 5053 1840 1852 5054 1841
8434 6 3 1 3 0 1852 5054 1841 1853 5055 1842
8435 6 3 1 3 0 1853 5055 1842 1854 5056 1843
8436 6 3 1 3 0 1854 5056 1843 393 2035 392
8437 6 3 1 3 0 1793 1800 309 4969 5046 1844
8438 6 3 1 3 0 4969 5046 1844 4970 5047 1845
8439 6 3 1 3 0 4970 5047 1845 4971 5048 1846
8440 6 3 1 3 0 4971 5048 1846 4972 5049 1847
8441 6 3 1 3 0 4972 5049 1847 4973 5050 1848
8442 6 3 1 3 0 4973 5050 1848 4974 5051 1849
8443 6 3 1 3 0 4974 5051 1849 4975 5052 1850
8444 6 3 1 3 0 4975 5052 1850 4976 5053 1851
8445 6 3 1 3 0 4976 5053 1851 4977 5054 1852
8446 6 3 1 3 0 4977 5054 1852 4978 5055 1853
8447 6 3 1 3 0 4978 5055 1853 4979 5056 1854
8448 6 3 1 3 0 4979 5056 1854 2028 2035 393
8449 6 3 1 3 0 1789 1794 1808 4925 4980 5134
8450 6 3 1 3 0 4925 4980 5134 4926 4981 5135
8451 6 3 1 3 0 4926 4981 5135 4927 4982 5136
8452 6 3 1 3 0 4927 4982 5136 4928 4983 5137
8453 6 3 1 3 0 4928 4983 5137 4929 4984 5138
8454 6 3 1 3 0 4929 4984 5138 4930 4985 5139
8455 6 3 1 3 0 4930 4985 5139 4931 4986 5140
8456 6 3 1 3 0 4931 4986 5140 4932 4987 5141
8457 6 3 1 3 0 4932 4987 5141 4933 4988 5142
8458 6 3 1 3 0 4933 4988 5142 4934 4989 5143
8459 6 3 1 3 0 4934 4989 5143 4935 4990 5144
8460 6 3 1 3 0 4935 4990 5144 2024 2029 2043
8461 6 3 1 3 0 1791 1795 1809 4947 4991 5145
8462 6 3 1 3 0 4947 4991 5145 4948 4992 5146
8463 6 3 1 3 0 4948 4992 5146 4949 4993 5147
8464 6 3 1 3 0 4949 4993 5147 4950 4994 5148
8465 6 3 1 3 0 4950 4994 5148 4951 4995 5149
8466 6 3 1 3 0 4951 4995 5149 4952 4996 5150
8467 6 3 1 3 0 4952 4996 5150 4953 4997 5151
8468 6 3 1 3 0 4953 4997 5151 4954 4998 5152
8469 6 3 1 3 0 4954 4998 5152 4955 4999 5153
8470 6 3 1 3 0 4955 4999 5153 4956 5000 5154
8471 6 3 1 3 0 4956 5000 5154 4957 5001 5155
8472 6 3 1 3 0 4957 5001 5155 2026 2030 2044
8473 6 3 1 3 0 320 321 1806 1965 1976 5112
8474 6 3 1 3 0 1965 1976 5112 1966 1977 5113
8475 6 3 1 3 0 1966 1977 5113 1967 1978 5114
8476 6 3 1 3 0 1967 1978 5114 1968 1979 5115
8477 6 3 1 3 0 1968 1979 5115 1969 1980 5116
8478 6 3 1 3 0 1969 1980 5116 1970 1981 5117
8479 6 3 1 3 0 1970 1981 5117 1971 1982 5118
8480 6 3 1 3 0 1971 1982 5118 1972 1983 5119
8481 6 3 1 3 0 1972 1983 5119 1973 1984 5120
8482 6 3 1 3 0 1973 1984 5120 1974 1985 5121
8483 6 3 1 3 0 1974 1985 5121 1975 1986 5122
8484 6 3 1 3 0 1975 1986 5122 404 405 2041
8485 6 3 1 3 0 311 312 1807 1866 1877 5123
8486 6 3 1 3 0 1866 1877 5123 1867 1878 5124
8487 6 3 1 3 0 1867 1878 5124 1868 1879 5125
8488 6 3 1 3 0 1868 1879 5125 1869 1880 5126
8489 6 3 1 3 0 1869 1880 5126 1870 1881 5127
8490 6 3 1 3 0 1870 1881 5127 1871 1882 5128
8491 6 3 1 3 0 1871 1882 5128 1872 1883 5129
8492 6 3 1 3 0 1872 1883 5129 1873 1884 5130
8493 6 3 1 3 0 1873 1884 5130 1874 1885 5131
8494 6 3 1 3 0 1874 1885 5131 1875 1886 5132
8495 6 3 1 3 0 1875 1886 5132 1876 1887 5133
8496 6 3 1 3 0 1876 1887 5133 395 396 2042
8497 6 3 1 3 0 1792 313 1812 4958 1888 5178
8498 6 3 1 3 0 4958 1888 5178 4959 1889 5179
8499 6 3 1 3 0 4959 1889 5179 4960 1890 5180
8500 6 3 1 3 0 4960 1890 5180 4961 1891 5181
8501 6 3 1 3 0 4961 1891 5181 4962 1892 5182
8502 6 3 1 3 0 4962 1892 5182 4963 1893 5183
8503 6 3 1 3 0 4963 1893 5183 4964 1894 5184
8504 6 3 1 3 0 4964 1894 5184 4965 1895 5185
8505 6 3 1 3 0 4965 1895 5185 4966 1896 5186
8506 6 3 1 3 0 4966 1896 5186 4967 1897 5187
8507 6 3 1 3 0 4967 1897 5187 4968 1898 5188
8508 6 3 1 3 0 4968 1898 5188 2027 397 2047
8509 6 3 1 3 0 1794 1796 1812 4980 5002 5178
8510 6 3 1 3 0 4980 5002 5178 4981 5003 5179
8511 6 3 1 3 0 4981 5003 5179 4982 5004 5180
8512 6 3 1 3 0 4982 5004 5180 4983 5005 5181
8513 6 3 1 3 0 4983 5005 5181 4984 5006 5182
8514 6 3 1 3 0 4984 5006 5182 4985 5007 5183
8515 6 3 1 3 0 4985 5007 5183 4986 5008 5184
8516 6 3 1 3 0 4986 5008 5184 4987 5009 5185
8517 6 3 1 3 0 4987 5009 5185 4988 5010 5186
8518 6 3 1 3 0 4988 5010 5186 4989 5011 5187
8519 6 3 1 3 0 4989 5011 5187 4990 5012 5188
8520 6 3 1 3 0 4990 5012 5188 2029 2031 2047
8521 6 3 1 3 0 1790 322 1813 4936 1987 5189
8522 6 3 1 3 0 4936 1987 5189 4937 1988 5190
8523 6 3 1 3 0 4937 1988 5190 4938 1989 5191
8524 6 3 1 3 0 4938 1989 5191 4939 1990 5192
8525 6 3 1 3 0 4939 1990 5192 4940 1991 5193
8526 6 3 1 3 0 4940 1991 5193 4941 1992 5194
8527 6 3 1 3 0 4941 1992 5194 4942 1993 5195
8528 6 3 1 3 0 4942 1993 5195 4943 1994 5196
8529 6 3 1 3 0 4943 1994 5196 4944 1995 5197
8530 6 3 1 3 0 4944 1995 5197 4945 1996 5198
8531 6 3 1 3 0 4945 1996 5198 4946 1997 5199
8532 6 3 1 3 0 4946 1997 5199 2025 406 2048
8533 6 3 1 3 0 1795 1797 1813 4991 5013 5189
8534 6 3 1 3 0 4991 5013 5189 4992 5014 5190
8535 6 3 1 3 0 4992 5014 5190 4993 5015 5191
8536 6 3 1 3 0 4993 5015 5191 4994 5016 5192
8537 6 3 1 3 0 4994 5016 5192 4995 5017 5193
8538 6 3 1 3 0 4995 5017 5193 4996 5018 5194
8539 6 3 1 3 0 4996 5018 5194 4997 5019 5195
8540 6 3 1 3 0 4997 5019 5195 4998 5020 5196
8541 6 3 1 3 0 4998 5020 5196 4999 5021 5197
8542 6 3 1 3 0 4999 5021 5197 5000 5022 5198
8543 6 3 1 3 0 5000 5022 5198 5001 5023 5199
8544 6 3 1 3 0 5001 5023 5199 2030 2032 2048
8545 6 3 1 3 0 1796 1794 1814 5002 4980 5200
8546 6 3 1 3 0 5002 4980 5200 5003 4981 5201
8547 6 3 1 3 0 5003 4981 5201 5004 4982 5202
8548 6 3 1 3 0 5004 4982 5202 5005 4983 5203
8549 6 3 1 3 0 5005 4983 5203 5006 4984 5204
8550 6 3 1 3 0 5006 4984 5204 5007 4985 5205
8551 6 3 1 3 0 5007 4985 5205 5008 4986 5206
8552 6 3 1 3 0 5008 4986 5206 5009 4987 5207
8553 6 3 1 3 0 5009 4987 5207 5010 4988 5208
8554 6 3 1 3 0 5010 4988 5208 5011 4989 5209
8555 6 3 1 3 0 5011 4989 5209 5012 4990 5210
8556 6 3 1 3 0 5012 4990 5210 2031 2029 2049
8557 6 3 1 3 0 1814 1794 1803 5200 4980 5079
8558 6 3 1 3 0 5200 4980 5079 5201 4981 5080
8559 6 3 1 3 0 5201 4981 5080 5202 4982 5081
8560 6 3 1 3 0 5202 4982 5081 5203 4983 5082
8561 6 3 1 3 0 5203 4983 5082 5204 4984 5083
8562 6 3 1 3 0 5204 4984 5083 5205 4985 5084
8563 6 3 1 3 0 5205 4985 5084 5206 4986 5085
8564 6 3 1 3 0 5206 4986 5085 5207 4987 5086
8565 6 3 1 3 0 5207 4987 5086 5208 4988 5087
8566 6 3 1 3 0 5208 4988 5087 5209 4989 5088
8567 6 3 1 3 0 5209 4989 5088 5210 4990 5089
8568 6 3 1 3 0 5210 4990 5089 2049 2029 2038
8569 6 3 1 3 0 1797 1795 1815 5013 4991 5211
8570 6 3 1 3 0 5013 4991 5211 5014 4992 5212
8571 6 3 1 3 0 5014 4992 5212 5015 4993 5213
8572 6 3 1 3 0 5015 4993 5213 5016 4994 5214
8573 6 3 1 3 0 5016 4994 5214 5017 4995 5215
8574 6 3 1 3 0 5017 4995 5215 5018 4996 5216
8575 6 3 1 3 0 5018 4996 5216 5019 4997 5217
8576 6 3 1 3 0 5019 4997 5217 5020 4998 5218
8577 6 3 1 3 0 5020 4998 5218 5021 4999 5219
8578 6 3 1 3 0 5021 4999 5219 5022 5000 5220
8579 6 3 1 3 0 5022 5000 5220 5023 5001 5221
8580 6 3 1 3 0 5023 5001 5221 2032 2030 2050
8581 6 3 1 3 0 1815 1795 1802 5211 4991 5068
8582 6 3 1 3 0 5211 4991 5068 5212 4992 5069
8583 6 3 1 3 0 5212 4992 5069 5213 4993 5070
8584 6 3 1 3 0 5213 4993 5070 5214 4994 5071
8585 6 3 1 3 0 5214 4994 5071 5215 4995 5072
8586 6 3 1 3 0 5215 4995 5072 5216 4996 5073
8587 6 3 1 3 0 5216 4996 5073 5217 4997 5074
8588 6 3 1 3 0 5217 4997 5074 5218 4998 5075
8589 6 3 1 3 0 5218 4998 5075 5219 4999 5076
8590 6 3 1 3 0 5219 4999 5076 5220 5000 5077
8591 6 3 1 3 0 5220 5000 5077 5221 5001 5078
8592 6 3 1 3 0 5221 5001 5078 2050 2030 2037
8593 6 3 1 3 0 1816 13 307 5222 409 1822
8594 6 3 1 3 0 5222 409 1822 5223 410 1823
8595 6 3 1 3 0 5223 410 1823 5224 411 1824
8596 6 3 1 3 0 5224 411 1824 5225 412 1825
8597 6 3 1 3 0 5225 412 1825 5226 413 1826
8598 6 3 1 3 0 5226 413 1826 5227 414 1827
8599 6 3 1 3 0 5227 414 1827 5228 415 1828
8600 6 3 1 3 0 5228 415 1828 5229 416 1829
8601 6 3 1 3 0 5229 416 1829 5230 417 1830
8602 6 3 1 3 0 5230 417 1830 5231 418 1831
8603 6 3 1 3 0 5231 418 1831 5232 419 1832
8604 6 3 1 3 0 5232 419 1832 2051 19 391
8605 6 3 1 3 0 307 1810 1816 1822 5156 5222
8606 6 3 1 3 0 1822 5156 5222 1823 5157 5223
8607 6 3 1 3 0 1823 5157 5223 1824 5158 5224
8608 6 3 1 3 0 1824 5158 5224 1825 5159 5225
8609 6 3 1 3 0 1825 5159 5225 1826 5160 5226
8610 6 3 1 3 0 1826 5160 5226 1827 5161 5227
8611 6 3 1 3 0 1827 5161 5227 1828 5162 5228
8612 6 3 1 3 0 1828 5162 5228 1829 5163 5229
8613 6 3 1 3 0 1829 5163 5229 1830 5164 5230
8614 6 3 1 3 0 1830 5164 5230 1831 5165 5231
8615 6 3 1 3 0 1831 5165 5231 1832 5166 5232
8616 6 3 1 3 0 1832 5166 5232 391 2045 2051
8617 6 3 1 3 0 1817 16 316 5233 442 1921
8618 6 3 1 3 0 5233 442 1921 5234 443 1922
8619 6 3 1 3 0 5234 443 1922 5235 444 1923
8620 6 3 1 3 0 5235 444 1923 5236 445 1924
8621 6 3 1 3 0 5236 445 1924 5237 446 1925
8622 6 3 1 3 0 5237 446 1925 5238 447 1926
8623 6 3 1 3 0 5238 447 1926 5239 448 1927
8624 6 3 1 3 0 5239 448 1927 5240 449 1928
8625 6 3 1 3 0 5240 449 1928 5241 450 1929
8626 6 3 1 3 0 5241 450 1929 5242 451 1930
8627 6 3 1 3 0 5242 451 1930 5243 452 1931
8628 6 3 1 3 0 5243 452 1931 2052 22 400
8629 6 3 1 3 0 316 1811 1817 1921 5167 5233
8630 6 3 1 3 0 1921 5167 5233 1922 5168 5234
8631 6 3 1 3 0 1922 5168 5234 1923 5169 5235
8632 6 3 1 3 0 1923 5169 5235 1924 5170 5236
8633 6 3 1 3 0 1924 5170 5236 1925 5171 5237
8634 6 3 1 3 0 1925 5171 5237 1926 5172 5238
8635 6 3 1 3 0 1926 5172 5238 1927 5173 5239
8636 6 3 1 3 0 1927 5173 5239 1928 5174 5240
8637 6 3 1 3 0 1928 5174 5240 1929 5175 5241
8638 6 3 1 3 0 1929 5175 5241 1930 5176 5242
8639 6 3 1 3 0 1930 5176 5242 1931 5177 5243
8640 6 3 1 3 0 1931 5177 5243 400 2046 2052
8641 6 3 1 3 0 1807 1792 1812 5123 4958 5178
8642 6 3 1 3 0 5123 4958 5178 5124 4959 5179
8643 6 3 1 3 0 5124 4959 5179 5125 4960 5180
8644 6 3 1 3 0 5125 4960 5180 5126 4961 5181
8645 6 3 1 3 0 5126 4961 5181 5127 4962 5182
8646 6 3 1 3 0 5127 4962 5182 5128 4963 5183
8647 6 3 1 3 0 5128 4963 5183 5129 4964 5184
8648 6 3 1 3 0 5129 4964 5184 5130 4965 5185
8649 6 3 1 3 0 5130 4965 5185 5131 4966 5186
8650 6 3 1 3 0 5131 4966 5186 5132 4967 5187
8651 6 3 1 3 0 5132 4967 5187 5133 4968 5188
8652 6 3 1 3 0 5133 4968 5188 2042 2027 2047
8653 6 3 1 3 0 1807 1812 1796 5123 5178 5002
8654 6 3 1 3 0 5123 5178 5002 5124 5179 5003
8655 6 3 1 3 0 5124 5179 5003 5125 5180 5004
8656 6 3 1 3 0 5125 5180 5004 5126 5181 5005
8657 6 3 1 3 0 5126 5181 5005 5127 5182 5006
8658 6 3 1 3 0 5127 5182 5006 5128 5183 5007
8659 6 3 1 3 0 5128 5183 5007 5129 5184 5008
8660 6 3 1 3 0 5129 5184 5008 5130 5185 5009
8661 6 3 1 3 0 5130 5185 5009 5131 5186 5010
8662 6 3 1 3 0 5131 5186 5010 5132 5187 5011
8663 6 3 1 3 0 5132 5187 5011 5133 5188 5012
8664 6 3 1 3 0 5133 5188 5012 2042 2047 2031
8665 6 3 1 3 0 1806 1790 1813 5112 4936 5189
8666 6 3 1 3 0 5112 4936 5189 5113 4937 5190
8667 6 3 1 3 0 5113 4937 5190 5114 4938 5191
8668 6 3 1 3 0 5114 4938 5191 5115 4939 5192
8669 6 3 1 3 0 5115 4939 5192 5116 4940 5193
8670 6 3 1 3 0 5116 4940 5193 5117 4941 5194
8671 6 3 1 3 0 5117 4941 5194 5118 4942 5195
8672 6 3 1 3 0 5118 4942 5195 5119 4943 5196
8673 6 3 1 3 0 5119 4943 5196 5120 4944 5197
8674 6 3 1 3 0 5120 4944 5197 5121 4945 5198
8675 6 3 1 3 0 5121 4945 5198 5122 4946 5199
8676 6 3 1 3 0 5122 4946 5199 2041 2025 2048
8677 6 3 1 3 0 1806 1813 1797 5112 5189 5013
8678 6 3 1 3 0 5112 5189 5013 5113 5190 5014
8679 6 3 1 3 0 5113 5190 5014 5114 5191 5015
8680 6 3 1 3 0 5114 5191 5015 5115 5192 5016
8681 6 3 1 3 0 5115 5192 5016 5116 5193 5017
8682 6 3 1 3 0 5116 5193 5017 5117 5194 5018
8683 6 3 1 3 0 5117 5194 5018 5118 5195 5019
8684 6 3 1 3 0 5118 5195 5019 5119 5196 5020
8685 6 3 1 3 0 5119 5196 5020 5120 5197 5021
8686 6 3 1 3 0 5120 5197 5021 5121 5198 5022
8687 6 3 1 3 0 5121 5198 5022 5122 5199 5023
8688 6 3 1 3 0 5122 5199 5023 2041 2048 2032
8689 6 3 1 3 0 324 13 1816 2009 409 5222
8690 6 3 1 3 0 2009 409 5222 2010 410 5223
8691 6 3 1 3 0 2010 410 5223 2011 411 5224
8692 6 3 1 3 0 2011 411 5224 2012 412 5225
8693 6 3 1 3 0 2012 412 5225 2013 413 5226
8694 6 3 1 3 0 2013 413 5226 2014 414 5227
8695 6 3 1 3 0 2014 414 5227 2015 415 5228
8696 6 3 1 3 0 2015 415 5228 2016 416 5229
8697 6 3 1 3 0 2016 416 5229 2017 417 5230
8698 6 3 1 3 0 2017 417 5230 2018 418 5231
8699 6 3 1 3 0 2018 418 5231 2019 419 5232
8700 6 3 1 3 0 2019 419 5232 408 19 2051
8701 6 3 1 3 0 324 1816 1809 2009 5222 5145
8702 6 3 1 3 0 2009 5222 5145 2010 5223 5146
8703 6 3 1 3 0 2010 5223 5146 2011 5224 5147
8704 6 3 1 3 0 2011 5224 5147 2012 5225 5148
8705 6 3 1 3 0 2012 5225 5148 2013 5226 5149
8706 6 3 1 3 0 2013 5226 5149 2014 5227 5150
8707 6 3 1 3 0 2014 5227 5150 2015 5228 5151
8708 6 3 1 3 0 2015 5228 5151 2016 5229 5152
8709 6 3 1 3 0 2016 5229 5152 2017 5230 5153
8710 6 3 1 3 0 2017 5230 5153 2018 5231 5154
8711 6 3 1 3 0 2018 5231 5154 2019 5232 5155
8712 6 3 1 3 0 2019 5232 5155 408 2051 2044
8713 6 3 1 3 0 1791 1809 1816 4947 5145 5222
8714 6 3 1 3 0 4947 5145 5222 4948 5146 5223
8715 6 3 1 3 0 4948 5146 5223 4949 5147 5224
8716 6 3 1 3 0 4949 5147 5224 4950 5148 5225
8717 6 3 1 3 0 4950 5148 5225 4951 5149 5226
8718 6 3 1 3 0 4951 5149 5226 4952 5150 5227
8719 6 3 1 3 0 4952 5150 5227 4953 5151 5228
8720 6 3 1 3 0 4953 5151 5228 4954 5152 5229
8721 6 3 1 3 0 4954 5152 5229 4955 5153 5230
8722 6 3 1 3 0 4955 5153 5230 4956 5154 5231
8723 6 3 1 3 0 4956 5154 5231 4957 5155 5232
8724 6 3 1 3 0 4957 5155 5232 2026 2044 2051
8725 6 3 1 3 0 1791 1816 1810 4947 5222 5156
8726 6 3 1 3 0 4947 5222 5156 4948 5223 5157
8727 6 3 1 3 0 4948 5223 5157 4949 5224 5158
8728 6 3 1 3 0 4949 5224 5158 4950 5225 5159
8729 6 3 1 3 0 4950 5225 5159 4951 5226 5160
8730 6 3 1 3 0 4951 5226 5160 4952 5227 5161
8731 6 3 1 3 0 4952 5227 5161 4953 5228 5162
8732 6 3 1 3 0 4953 5228 5162 4954 5229 5163
8733 6 3 1 3 0 4954 5229 5163 4955 5230 5164
8734 6 3 1 3 0 4955 5230 5164 4956 5231 5165
8735 6 3 1 3 0 4956 5231 5165 4957 5232 5166
8736 6 3 1 3 0 4957 5232 5166 2026 2051 2045
8737 6 3 1 3 0 315 16 1817 1910 442 5233
8738 6 3 1 3 0 1910 442 5233 1911 443 5234
8739 6 3 1 3 0 1911 443 5234 1912 444 5235
8740 6 3 1 3 0 1912 444 5235 1913 445 5236
8741 6 3 1 3 0 1913 445 5236 1914 446 5237
8742 6 3 1 3 0 1914 446 5237 1915 447 5238
8743 6 3 1 3 0 1915 447 5238 1916 448 5239
8744 6 3 1 3 0 1916 448 5239 1917 449 5240
8745 6 3 1 3 0 1917 449 5240 1918 450 5241
8746 6 3 1 3 0 1918 450 5241 1919 451 5242
8747 6 3 1 3 0 1919 451 5242 1920 452 5243
8748 6 3 1 3 0 1920 452 5243 399 22 2052
8749 6 3 1 3 0 315 1817 1808 1910 5233 5134
8750 6 3 1 3 0 1910 5233 5134 1911 5234 5135
8751 6 3 1 3 0 1911 5234 5135 1912 5235 5136
8752 6 3 1 3 0 1912 5235 5136 1913 5236 5137
8753 6 3 1 3 0 1913 5236 5137 1914 5237 5138
8754 6 3 1 3 0 1914 5237 5138 1915 5238 5139
8755 6 3 1 3 0 1915 5238 5139 1916 5239 5140
8756 6 3 1 3 0 1916 5239 5140 1917 5240 5141
8757 6 3 1 3 0 1917 5240 5141 1918 5241 5142
8758 6 3 1 3 0 1918 5241 5142 1919 5242 5143
8759 6 3 1 3 0 1919 5242 5143 1920 5243 5144
8760 6 3 1 3 0 1920 5243 5144 399 2052 2043
8761 6 3 1 3 0 1789 1808 1817 4925 5134 5233
8762 6 3 1 3 0 4925 5134 5233 4926 5135 5234
8763 6 3 1 3 0 4926 5135 5234 4927 5136 5235
8764 6 3 1 3 0 4927 5136 5235 4928 5137 5236
8765 6 3 1 3 0 4928 5137 5236 4929 5138 5237
8766 6 3 1 3 0 4929 5138 5237 4930 5139 5238
8767 6 3 1 3 0 4930 5139 5238 4931 5140 5239
8768 6 3 1 3 0 4931 5140 5239 4932 5141 5240
8769 6 3 1 3 0 4932 5141 5240 4933 5142 5241
8770 6 3 1 3 0 4933 5142 5241 4934 5143 5242
8771 6 3 1 3 0 4934 5143 5242 4935 5144 5243
8772 6 3 1 3 0 4935 5144 5243 2024 2043 2052
8773 6 3 1 3 0 1789 1817 1811 4925 5233 5167
8774 6 3 1 3 0 4925 5233 5167 4926 5234 5168
8775 6 3 1 3 0 4926 5234 5168 4927 5235 5169
8776 6 3 1 3 0 4927 5235 5169 4928 5236 5170
8777 6 3 1 3 0 4928 5236 5170 4929 5237 5171
8778 6 3 1 3 0 4929 5237 5171 4930 5238 5172
8779 6 3 1 3 0 4930 5238 5172 4931 5239 5173
8780 6 3 1 3 0 4931 5239 5173 4932 5240 5174
8781 6 3 1 3 0 4932 5240 5174 4933 5241 5175
8782 6 3 1 3 0 4933 5241 5175 4934 5242 5176
8783 6 3 1 3 0 4934 5242 5176 4935 5243 5177
8784 6 3 1 3 0 4935 5243 5177 2024 2052 2046
8785 6 3 1 3 0 1785 1805 1814 4881 5101 5200
8786 6 3 1 3 0 4881 5101 5200 4882 5102 5201
8787 6 3 1 3 0 4882 5102 5201 4883 5103 5202
8788 6 3 1 3 0 4883 5103 5202 4884 5104 5203
8789 6 3 1 3 0 4884 5104 5203 4885 5105 5204
8790 6 3 1 3 0 4885 5105 5204 4886 5106 5205
8791 6 3 1 3 0 4886 5106 5205 4887 5107 5206
8792 6 3 1 3 0 4887 5107 5206 4888 5108 5207
8793 6 3 1 3 0 4888 5108 5207 4889 5109 5208
8794 6 3 1 3 0 4889 5109 5208 4890 5110 5209
8795 6 3 1 3 0 4890 5110 5209 4891 5111 5210
8796 6 3 1 3 0 4891 5111 5210 2020 2040 2049
8797 6 3 1 3 0 1814 1803 1785 5200 5079 4881
8798 6 3 1 3 0 5200 5079 4881 5201 5080 4882
8799 6 3 1 3 0 5201 5080 4882 5202 5081 4883
8800 6 3 1 3 0 5202 5081 4883 5203 5082 4884
8801 6 3 1 3 0 5203 5082 4884 5204 5083 4885
8802 6 3 1 3 0 5204 5083 4885 5205 5084 4886
8803 6 3 1 3 0 5205 5084 4886 5206 5085 4887
8804 6 3 1 3 0 5206 5085 4887 5207 5086 4888
8805 6 3 1 3 0 5207 5086 4888 5208 5087 4889
8806 6 3 1 3 0 5208 5087 4889 5209 5088 4890
8807 6 3 1 3 0 5209 5088 4890 5210 5089 4891
8808 6 3 1 3 0 5210 5089 4891 2049 2038 2020
8809 6 3 1 3 0 1814 1805 1796 5200 5101 5002
8810 6 3 1 3 0 5200 5101 5002 5201 5102 5003
8811 6 3 1 3 0 5201 5102 5003 5202 5103 5004
8812 6 3 1 3 0 5202 5103 5004 5203 5104 5005
8813 6 3 1 3 0 5203 5104 5005 5204 5105 5006
8814 6 3 1 3 0 5204 5105 5006 5205 5106 5007
8815 6 3 1 3 0 5205 5106 5007 5206 5107 5008
8816 6 3 1 3 0 5206 5107 5008 5207 5108 5009
8817 6 3 1 3 0 5207 5108 5009 5208 5109 5010
8818 6 3 1 3 0 5208 5109 5010 5209 5110 5011
8819 6 3 1 3 0 5209 5110 5011 5210 5111 5012
8820 6 3 1 3 0 5210 5111 5012 2049 2040 2031
8821 6 3 1 3 0 1785 1804 1815 4881 5090 5211
8822 6 3 1 3 0 4881 5090 5211 4882 5091 5212
8823 6 3 1 3 0 4882 5091 5212 4883 5092 5213
8824 6 3 1 3 0 4883 5092 5213 4884 5093 5214
8825 6 3 1 3 0 4884 5093 5214 4885 5094 5215
8826 6 3 1 3 0 4885 5094 5215 4886 5095 5216
8827 6 3 1 3 0 4886 5095 5216 4887 5096 5217
8828 6 3 1 3 0 4887 5096 5217 4888 5097 5218
8829 6 3 1 3 0 4888 5097 5218 4889 5098 5219
8830 6 3 1 3 0 4889 5098 5219 4890 5099 5220
8831 6 3 1 3 0 4890 5099 5220 4891 5100 5221
8832 6 3 1 3 0 4891 5100 5221 2020 2039 2050
8833 6 3 1 3 0 1815 1802 1785 5211 5068 4881
8834 6 3 1 3 0 5211 5068 4881 5212 5069 4882
8835 6 3 1 3 0 5212 5069 4882 5213 5070 4883
8836 6 3 1 3 0 5213 5070 4883 5214 5071 4884
8837 6 3 1 3 0 5214 5071 4884 5215 5072 4885
8838 6 3 1 3 0 5215 5072 4885 5216 5073 4886
8839 6 3 1 3 0 5216 5073 4886 5217 5074 4887
8840 6 3 1 3 0 5217 5074 4887 5218 5075 4888
8841 6 3 1 3 0 5218 5075 4888 5219 5076 4889
8842 6 3 1 3 0 5219 5076 4889 5220 5077 4890
8843 6 3 1 3 0 5220 5077 4890 5221 5078 4891
8844 6 3 1 3 0 5221 5078 4891 2050 2037 2020
8845 6 3 1 3 0 1815 1804 1797 5211 5090 5013
8846 6 3 1 3 0 5211 5090 5013 5212 5091 5014
8847 6 3 1 3 0 5212 5091 5014 5213 5092 5015
8848 6 3 1 3 0 5213 5092 5015 5214 5093 5016
8849 6 3 1 3 0 5214 5093 5016 5215 5094 5017
8850 6 3 1 3 0 5215 5094 5017 5216 5095 5018
8851 6 3 1 3 0 5216 5095 5018 5217 5096 5019
8852 6 3 1 3 0 5217 5096 5019 5218 5097 5020
8853 6 3 1 3 0 5218 5097 5020 5219 5098 5021
8854 6 3 1 3 0 5219 5098 5021 5220 5099 5022
8855 6 3 1 3 0 5220 5099 5022 5221 5100 5023
8856 6 3 1 3 0 5221 5100 5023 2050 2039 2032
8857 6 3 1 3 0 314 1812 313 1899 5178 1888
8858 6 3 1 3 0 1899 5178 1888 1900 5179 1889
8859 6 3 1 3 0 1900 5179 1889 1901 5180 1890
8860 6 3 1 3 0 1901 5180 1890 1902 5181 1891
8861 6 3 1 3 0 1902 5181 1891 1903 5182 1892
8862 6 3 1 3 0 1903 5182 1892 1904 5183 1893
8863 6 3 1 3 0 1904 5183 1893 1905 5184 1894
8864 6 3 1 3 0 1905 5184 1894 1906 5185 1895
8865 6 3 1 3 0 1906 5185 1895 1907 5186 1896
8866 6 3 1 3 0 1907 5186 1896 1908 5187 1897
8867 6 3 1 3 0 1908 5187 1897 1909 5188 1898
8868 6 3 1 3 0 1909 5188 1898 398 2047 397
8869 6 3 1 3 0 323 1813 322 1998 5189 1987
8870 6 3 1 3 0 1998 5189 1987 1999 5190 1988
8871 6 3 1 3 0 1999 5190 1988 2000 5191 1989
8872 6 3 1 3 0 2000 5191 1989 2001 5192 1990
8873 6 3 1 3 0 2001 5192 1990 2002 5193 1991
8874 6 3 1 3 0 2002 5193 1991 2003 5194 1992
8875 6 3 1 3 0 2003 5194 1992 2004 5195 1993
8876 6 3 1 3 0 2004 5195 1993 2005 5196 1994
8877 6 3 1 3 0 2005 5196 1994 2006 5197 1995
8878 6 3 1 3 0 2006 5197 1995 2007 5198 1996
8879 6 3 1 3 0 2007 5198 1996 2008 5199 1997
8880 6 3 1 3 0 2008 5199 1997 407 2048 406
8881 6 3 1 3 0 1795 1813 1818 4991 5189 5244
8882 6 3 1 3 0 4991 5189 5244 4992 5190 5245
8883 6 3 1 3 0 4992 5190 5245 4993 5191 5246
8884 6 3 1 3 0 4993 5191 5246 4994 5192 5247
8885 6 3 1 3 0 4994 5192 5247 4995 5193 5248
8886 6 3 1 3 0 4995 5193 5248 4996 5194 5249
8887 6 3 1 3 0 4996 5194 5249 4997 5195 5250
8888 6 3 1 3 0 4997 5195 5250 4998 5196 5251
8889 6 3 1 3 0 4998 5196 5251 4999 5197 5252
8890 6 3 1 3 0 4999 5197 5252 5000 5198 5253
8891 6 3 1 3 0 5000 5198 5253 5001 5199 5254
8892 6 3 1 3 0 5001 5199 5254 2030 2048 2053
8893 6 3 1 3 0 1818 1809 1795 5244 5145 4991
8894 6 3 1 3 0 5244 5145 4991 5245 5146 4992
8895 6 3 1 3 0 5245 5146 4992 5246 5147 4993
8896 6 3 1 3 0 5246 5147 4993 5247 5148 4994
8897 6 3 1 3 0 5247 5148 4994 5248 5149 4995
8898 6 3 1 3 0 5248 5149 4995 5249 5150 4996
8899 6 3 1 3 0 5249 5150 4996 5250 5151 4997
8900 6 3 1 3 0 5250 5151 4997 5251 5152 4998
8901 6 3 1 3 0 5251 5152 4998 5252 5153 4999
8902 6 3 1 3 0 5252 5153 4999 5253 5154 5000
8903 6 3 1 3 0 5253 5154 5000 5254 5155 5001
8904 6 3 1 3 0 5254 5155 5001 2053 2044 2030
8905 6 3 1 3 0 1818 1813 323 5244 5189 1998
8906 6 3 1 3 0 5244 5189 1998 5245 5190 1999
8907 6 3 1 3 0 5245 5190 1999 5246 5191 2000
8908 6 3 1 3 0 5246 5191 2000 5247 5192 2001
8909 6 3 1 3 0 5247 5192 2001 5248 5193 2002
8910 6 3 1 3 0 5248 5193 2002 5249 5194 2003
8911 6 3 1 3 0 5249 5194 2003 5250 5195 2004
8912 6 3 1 3 0 5250 5195 2004 5251 5196 2005
8913 6 3 1 3 0 5251 5196 2005 5252 5197 2006
8914 6 3 1 3 0 5252 5197 2006 5253 5198 2007
8915 6 3 1 3 0 5253 5198 2007 5254 5199 2008
8916 6 3 1 3 0 5254 5199 2008 2053 2048 407
8917 6 3 1 3 0 1794 1812 1819 4980 5178 5255
8918 6 3 1 3 0 4980 5178 5255 4981 5179 5256
8919 6 3 1 3 0 4981 5179 5256 4982 5180 5257
8920 6 3 1 3 0 4982 5180 5257 4983 5181 5258
8921 6 3 1 3 0 4983 5181 5258 4984 5182 5259
8922 6 3 1 3 0 4984 5182 5259 4985 5183 5260
8923 6 3 1 3 0 4985 5183 5260 4986 5184 5261
8924 6 3 1 3 0 4986 5184 5261 4987 5185 5262
8925 6 3 1 3 0 4987 5185 5262 4988 5186 5263
8926 6 3 1 3 0 4988 5186 5263 4989 5187 5264
8927 6 3 1 3 0 4989 5187 5264 4990 5188 5265
8928 6 3 1 3 0 4990 5188 5265 2029 2047 2054
8929 6 3 1 3 0 1819 1808 1794 5255 5134 4980
8930 6 3 1 3 0 5255 5134 4980 5256 5135 4981
8931 6 3 1 3 0 5256 5135 4981 5257 5136 4982
8932 6 3 1 3 0 5257 5136 4982 5258 5137 4983
8933 6 3 1 3 0 5258 5137 4983 5259 5138 4984
8934 6 3 1 3 0 5259 5138 4984 5260 5139 4985
8935 6 3 1 3 0 5260 5139 4985 5261 5140 4986
8936 6 3 1 3 0 5261 5140 4986 5262 5141 4987
8937 6 3 1 3 0 5262 5141 4987 5263 5142 4988
8938 6 3 1 3 0 5263 5142 4988 5264 5143 4989
8939 6 3 1 3 0 5264 5143 4989 5265 5144 4990
8940 6 3 1 3 0 5265 5144 4990 2054 2043 2029
8941 6 3 1 3 0 1819 1812 314 5255 5178 1899
8942 6 3 1 3 0 5255 5178 1899 5256 5179 1900
8943 6 3 1 3 0 5256 5179 1900 5257 5180 1901
8944 6 3 1 3 0 5257 5180 1901 5258 5181 1902
8945 6 3 1 3 0 5258 5181 1902 5259 5182 1903
8946 6 3 1 3 0 5259 5182 1903 5260 5183 1904
8947 6 3 1 3 0 5260 5183 1904 5261 5184 1905
8948 6 3 1 3 0 5261 5184 1905 5262 5185 1906
8949 6 3 1 3 0 5262 5185 1906 5263 5186 1907
8950 6 3 1 3 0 5263 5186 1907 5264 5187 1908
8951 6 3 1 3 0 5264 5187 1908 5265 5188 1909
8952 6 3 1 3 0 5265 5188 1909 2054 2047 398
8953 6 3 1 3 0 1819 314 315 5255 1899 1910
8954 6 3 1 3 0 5255 1899 1910 5256 1900 1911
8955 6 3 1 3 0 5256 1900 1911 5257 1901 1912
8956 6 3 1 3 0 5257 1901 1912 5258 1902 1913
8957 6 3 1 3 0 5258 1902 1913 5259 1903 1914
8958 6 3 1 3 0 5259 1903 1914 5260 1904 1915
8959 6 3 1 3 0 5260 1904 1915 5261 1905 1916
8960 6 3 1 3 0 5261 1905 1916 5262 1906 1917
8961 6 3 1 3 0 5262 1906 1917 5263 1907 1918
8962 6 3 1 3 0 5263 1907 1918 5264 1908 1919
8963 6 3 1 3 0 5264 1908 1919 5265 1909 1920
8964 6 3 1 3 0 5265 1909 1920 2054 398 399
8965 6 3 1 3 0 1808 1819 315 5134 5255 1910
8966 6 3 1 3 0 5134 5255 1910 5135 5256 1911
8967 6 3 1 3 0 5135 5256 1911 5136 5257 1912
8968 6 3 1 3 0 5136 5257 1912 5137 5258 1913
8969 6 3 1 3 0 5137 5258 1913 5138 5259 1914
8970 6 3 1 3 0 5138 5259 1914 5139 5260 1915
8971 6 3 1 3 0 5139 5260 1915 5140 5261 1916
8972 6 3 1 3 0 5140 5261 1916 5141 5262 1917
8973 6 3 1 3 0 5141 5262 1917 5142 5263 1918
8974 6 3 1 3 0 5142 5263 1918 5143 5264 1919
8975 6 3 1 3 0 5143 5264 1919 5144 5265 1920
8976 6 3 1 3 0 5144 5265 1920 2043 2054 399
8977 6 3 1 3 0 1818 323 324 5244 1998 2009
8978 6 3 1 3 0 5244 1998 2009 5245 1999 2010
8979 6 3 1 3 0 5245 1999 2010 5246 2000 2011
8980 6 3 1 3 0 5246 2000 2011 5247 2001 2012
8981 6 3 1 3 0 5247 2001 2012 5248 2002 2013
8982 6 3 1 3 0 5248 2002 2013 5249 2003 2014
8983 6 3 1 3 0 5249 2003 2014 5250 2004 2015
8984 6 3 1 3 0 5250 2004 2015 5251 2005 2016
8985 6 3 1 3 0 5251 2005 2016 5252 2006 2017
8986 6 3 1 3 0 5252 2006 2017 5253 2007 2018
8987 6 3 1 3 0 5253 2007 2018 5254 2008 2019
8988 6 3 1 3 0 5254 2008 2019 2053 407 408
8989 6 3 1 3 0 1809 1818 324 5145 5244 2009
8990 6 3 1 3 0 5145 5244 2009 5146 5245 2010
8991 6 3 1 3 0 5146 5245 2010 5147 5246 2011
8992 6 3 1 3 0 5147 5246 2011 5148 5247 2012
8993 6 3 1 3 0 5148 5247 2012 5149 5248 2013
8994 6 3 1 3 0 5149 5248 2013 5150 5249 2014
8995 6 3 1 3 0 5150 5249 2014 5151 5250 2015
8996 6 3 1 3 0 5151 5250 2015 5152 5251 2016
8997 6 3 1 3 0 5152 5251 2016 5153 5252 2017
8998 6 3 1 3 0 5153 5252 2017 5154 5253 2018
8999 6 3 1 3 0 5154 5253 2018 5155 5254 2019
9000 6 3 1 3 0 5155 5254 2019 2044 2053 408
9001 6 3 1 3 0 311 1807 1820 1866 5123 5266
9002 6 3 1 3 0 1866 5123 5266 1867 5124 5267
9003 6 3 1 3 0 1867 5124 5267 1868 5125 5268
9004 6 3 1 3 0 1868 5125 5268 1869 5126 5269
9005 6 3 1 3 0 1869 5126 5269 1870 5127 5270
9006 6 3 1 3 0 1870 5127 5270 1871 5128 5271
9007 6 3 1 3 0 1871 5128 5271 1872 5129 5272
9008 6 3 1 3 0 1872 5129 5272 1873 5130 5273
9009 6 3 1 3 0 1873 5130 5273 1874 5131 5274
9010 6 3 1 3 0 1874 5131 5274 1875 5132 5275
9011 6 3 1 3 0 1875 5132 5275 1876 5133 5276
9012 6 3 1 3 0 1876 5133 5276 395 2042 2055
9013 6 3 1 3 0 1820 1807 1786 5266 5123 4892
9014 6 3 1 3 0 5266 5123 4892 5267 5124 4893
9015 6 3 1 3 0 5267 5124 4893 5268 5125 4894
9016 6 3 1 3 0 5268 5125 4894 5269 5126 4895
9017 6 3 1 3 0 5269 5126 4895 5270 5127 4896
9018 6 3 1 3 0 5270 5127 4896 5271 5128 4897
9019 6 3 1 3 0 5271 5128 4897 5272 5129 4898
9020 6 3 1 3 0 5272 5129 4898 5273 5130 4899
9021 6 3 1 3 0 5273 5130 4899 5274 5131 4900
9022 6 3 1 3 0 5274 5131 4900 5275 5132 4901
9023 6 3 1 3 0 5275 5132 4901 5276 5133 4902
9024 6 3 1 3 0 5276 5133 4902 2055 2042 2021
9025 6 3 1 3 0 320 1806 1821 1965 5112 5277
9026 6 3 1 3 0 1965 5112 5277 1966 5113 5278
9027 6 3 1 3 0 1966 5113 5278 1967 5114 5279
9028 6 3 1 3 0 1967 5114 5279 1968 5115 5280
9029 6 3 1 3 0 1968 5115 5280 1969 5116 5281
9030 6 3 1 3 0 1969 5116 5281 1970 5117 5282
9031 6 3 1 3 0 1970 5117 5282 1971 5118 5283
9032 6 3 1 3 0 1971 5118 5283 1972 5119 5284
9033 6 3 1 3 0 1972 5119 5284 1973 5120 5285
9034 6 3 1 3 0 1973 5120 5285 1974 5121 5286
9035 6 3 1 3 0 1974 5121 5286 1975 5122 5287
9036 6 3 1 3 0 1975 5122 5287 404 2041 2056
9037 6 3 1 3 0 1821 1806 1787 5277 5112 4903
9038 6 3 1 3 0 5277 5112 4903 5278 5113 4904
9039 6 3 1 3 0 5278 5113 4904 5279 5114 4905
9040 6 3 1 3 0 5279 5114 4905 5280 5115 4906
9041 6 3 1 3 0 5280 5115 4906 5281 5116 4907
9042 6 3 1 3 0 5281 5116 4907 5282 5117 4908
9043 6 3 1 3 0 5282 5117 4908 5283 5118 4909
9044 6 3 1 3 0 5283 5118 4909 5284 5119 4910
9045 6 3 1 3 0 5284 5119 4910 5285 5120 4911
9046 6 3 1 3 0 5285 5120 4911 5286 5121 4912
9047 6 3 1 3 0 5286 5121 4912 5287 5122 4913
9048 6 3 1 3 0 5287 5122 4913 2056 2041 2022
9049 6 3 1 3 0 1793 310 1820 4969 1855 5266
9050 6 3 1 3 0 4969 1855 5266 4970 1856 5267
9051 6 3 1 3 0 4970 1856 5267 4971 1857 5268
9052 6 3 1 3 0 4971 1857 5268 4972 1858 5269
9053 6 3 1 3 0 4972 1858 5269 4973 1859 5270
9054 6 3 1 3 0 4973 1859 5270 4974 1860 5271
9055 6 3 1 3 0 4974 1860 5271 4975 1861 5272
9056 6 3 1 3 0 4975 1861 5272 4976 1862 5273
9057 6 3 1 3 0 4976 1862 5273 4977 1863 5274
9058 6 3 1 3 0 4977 1863 5274 4978 1864 5275
9059 6 3 1 3 0 4978 1864 5275 4979 1865 5276
9060 6 3 1 3 0 4979 1865 5276 2028 394 2055
9061 6 3 1 3 0 1820 1786 1793 5266 4892 4969
9062 6 3 1 3 0 5266 4892 4969 5267 4893 4970
9063 6 3 1 3 0 5267 4893 4970 5268 4894 4971
9064 6 3 1 3 0 5268 4894 4971 5269 4895 4972
9065 6 3 1 3 0 5269 4895 4972 5270 4896 4973
9066 6 3 1 3 0 5270 4896 4973 5271 4897 4974
9067 6 3 1 3 0 5271 4897 4974 5272 4898 4975
9068 6 3 1 3 0 5272 4898 4975 5273 4899 4976
9069 6 3 1 3 0 5273 4899 4976 5274 4900 4977
9070 6 3 1 3 0 5274 4900 4977 5275 4901 4978
9071 6 3 1 3 0 5275 4901 4978 5276 4902 4979
9072 6 3 1 3 0 5276 4902 4979 2055 2021 2028
9073 6 3 1 3 0 1820 310 311 5266 1855 1866
9074 6 3 1 3 0 5266 1855 1866 5267 1856 1867
9075 6 3 1 3 0 5267 1856 1867 5268 1857 1868
9076 6 3 1 3 0 5268 1857 1868 5269 1858 1869
9077 6 3 1 3 0 5269 1858 1869 5270 1859 1870
9078 6 3 1 3 0 5270 1859 1870 5271 1860 1871
9079 6 3 1 3 0 5271 1860 1871 5272 1861 1872
9080 6 3 1 3 0 5272 1861 1872 5273 1862 1873
9081 6 3 1 3 0 5273 1862 1873 5274 1863 1874
9082 6 3 1 3 0 5274 1863 1874 5275 1864 1875
9083 6 3 1 3 0 5275 1864 1875 5276 1865 1876
9084 6 3 1 3 0 5276 1865 1876 2055 394 395
9085 6 3 1 3 0 1788 319 1821 4914 1954 5277
9086 6 3 1 3 0 4914 1954 5277 4915 1955 5278
9087 6 3 1 3 0 4915 1955 5278 4916 1956 5279
9088 6 3 1 3 0 4916 1956 5279 4917 1957 5280
9089 6 3 1 3 0 4917 1957 5280 4918 1958 5281
9090 6 3 1 3 0 4918 1958 5281 4919 1959 5282
9091 6 3 1 3 0 4919 1959 5282 4920 1960 5283
9092 6 3 1 3 0 4920 1960 5283 4921 1961 5284
9093 6 3 1 3 0 4921 1961 5284 4922 1962 5285
9094 6 3 1 3 0 4922 1962 5285 4923 1963 5286
9095 6 3 1 3 0 4923 1963 5286 4924 1964 5287
9096 6 3 1 3 0 4924 1964 5287 2023 403 2056
9097 6 3 1 3 0 1821 1787 1788 5277 4903 4914
9098 6 3 1 3 0 5277 4903 4914 5278 4904 4915
9099 6 3 1 3 0 5278 4904 4915 5279 4905 4916
9100 6 3 1 3 0 5279 4905 4916 5280 4906 4917
9101 6 3 1 3 0 5280 4906 4917 5281 4907 4918
9102 6 3 1 3 0 5281 4907 4918 5282 4908 4919
9103 6 3 1 3 0 5282 4908 4919 5283 4909 4920
9104 6 3 1 3 0 5283 4909 4920 5284 4910 4921
9105 6 3 1 3 0 5284 4910 4921 5285 4911 4922
9106 6 3 1 3 0 5285 4911 4922 5286 4912 4923
9107 6 3 1 3 0 5286 4912 4923 5287 4913 4924
9108 6 3 1 3 0 5287 4913 4924 2056 2022 2023
9109 6 3 1 3 0 1821 319 320 5277 1954 1965
9110 6 3 1 3 0 5277 1954 1965 5278 1955 1966
9111 6 3 1 3 0 5278 1955 1966 5279 1956 1967
9112 6 3 1 3 0 5279 1956 1967 5280 1957 1968
9113 6 3 1 3 0 5280 1957 1968 5281 1958 1969
9114 6 3 1 3 0 5281 1958 1969 5282 1959 1970
9115 6 3 1 3 0 5282 1959 1970 5283 1960 1971
9116 6 3 1 3 0 5283 1960 1971 5284 1961 1972
9117 6 3 1 3 0 5284 1961 1972 5285 1962 1973
9118 6 3 1 3 0 5285 1962 1973 5286 1963 1974
9119 6 3 1 3 0 5286 1963 1974 5287 1964 1975
9120 6 3 1 3 0 5287 1964 1975 2056 403 404
9121 6 3 4 4 0 402 23 2023 2178 537 5321
9122 6 3 4 4 0 2178 537 5321 2179 538 5322
9123 6 3 4 4 0 2179 538 5322 2180 539 5323
9124 6 3 4 4 0 2180 539 5323 2181 540 5324
9125 6 3 4 4 0 2181 540 5324 2182 541 5325
9126 6 3 4 4 0 2182 541 5325 2183 542 5326
9127 6 3 4 4 0 2183 542 5326 2184 543 5327
9128 6 3 4 4 0 2184 543 5327 2185 544 5328
9129 6 3 4 4 0 2185 544 5328 2186 545 5329
9130 6 3 4 4 0 2186 545 5329 2187 546 5330
9131 6 3 4 4 0 2187 546 5330 2188 547 5331
9132 6 3 4 4 0 2188 547 5331 486 29 2258
9133 6 3 4 4 0 405 24 2025 2211 548 5343
9134 6 3 4 4 0 2211 548 5343 2212 549 5344
9135 6 3 4 4 0 2212 549 5344 2213 550 5345
9136 6 3 4 4 0 2213 550 5345 2214 551 5346
9137 6 3 4 4 0 2214 551 5346 2215 552 5347
9138 6 3 4 4 0 2215 552 5347 2216 553 5348
9139 6 3 4 4 0 2216 553 5348 2217 554 5349
9140 6 3 4 4 0 2217 554 5349 2218 555 5350
9141 6 3 4 4 0 2218 555 5350 2219 556 5351
9142 6 3 4 4 0 2219 556 5351 2220 557 5352
9143 6 3 4 4 0 2220 557 5352 2221 558 5353
9144 6 3 4 4 0 2221 558 5353 489 30 2260
9145 6 3 4 4 0 396 21 2027 2112 515 5365
9146 6 3 4 4 0 2112 515 5365 2113 516 5366
9147 6 3 4 4 0 2113 516 5366 2114 517 5367
9148 6 3 4 4 0 2114 517 5367 2115 518 5368
9149 6 3 4 4 0 2115 518 5368 2116 519 5369
9150 6 3 4 4 0 2116 519 5369 2117 520 5370
9151 6 3 4 4 0 2117 520 5370 2118 521 5371
9152 6 3 4 4 0 2118 521 5371 2119 522 5372
9153 6 3 4 4 0 2119 522 5372 2120 523 5373
9154 6 3 4 4 0 2120 523 5373 2121 524 5374
9155 6 3 4 4 0 2121 524 5374 2122 525 5375
9156 6 3 4 4 0 2122 525 5375 480 27 2262
9157 6 3 4 4 0 393 20 2028 2079 504 5376
9158 6 3 4 4 0 2079 504 5376 2080 505 5377
9159 6 3 4 4 0 2080 505 5377 2081 506 5378
9160 6 3 4 4 0 2081 506 5378 2082 507 5379
9161 6 3 4 4 0 2082 507 5379 2083 508 5380
9162 6 3 4 4 0 2083 508 5380 2084 509 5381
9163 6 3 4 4 0 2084 509 5381 2085 510 5382
9164 6 3 4 4 0 2085 510 5382 2086 511 5383
9165 6 3 4 4 0 2086 511 5383 2087 512 5384
9166 6 3 4 4 0 2087 512 5384 2088 513 5385
9167 6 3 4 4 0 2088 513 5385 2089 514 5386
9168 6 3 4 4 0 2089 514 5386 477 26 2263
9169 6 3 4 4 0 23 403 2023 537 2189 5321
9170 6 3 4 4 0 537 2189 5321 538 2190 5322
9171 6 3 4 4 0 538 2190 5322 539 2191 5323
9172 6 3 4 4 0 539 2191 5323 540 2192 5324
9173 6 3 4 4 0 540 2192 5324 541 2193 5325
9174 6 3 4 4 0 541 2193 5325 542 2194 5326
9175 6 3 4 4 0 542 2194 5326 543 2195 5327
9176 6 3 4 4 0 543 2195 5327 544 2196 5328
9177 6 3 4 4 0 544 2196 5328 545 2197 5329
9178 6 3 4 4 0 545 2197 5329 546 2198 5330
9179 6 3 4 4 0 546 2198 5330 547 2199 5331
9180 6 3 4 4 0 547 2199 5331 29 487 2258
9181 6 3 4 4 0 20 394 2028 504 2090 5376
9182 6 3 4 4 0 504 2090 5376 505 2091 5377
9183 6 3 4 4 0 505 2091 5377 506 2092 5378
9184 6 3 4 4 0 506 2092 5378 507 2093 5379
9185 6 3 4 4 0 507 2093 5379 508 2094 5380
9186 6 3 4 4 0 508 2094 5380 509 2095 5381
9187 6 3 4 4 0 509 2095 5381 510 2096 5382
9188 6 3 4 4 0 510 2096 5382 511 2097 5383
9189 6 3 4 4 0 511 2097 5383 512 2098 5384
9190 6 3 4 4 0 512 2098 5384 513 2099 5385
9191 6 3 4 4 0 513 2099 5385 514 2100 5386
9192 6 3 4 4 0 514 2100 5386 26 478 2263
9193 6 3 4 4 0 24 406 2025 548 2222 5343
9194 6 3 4 4 0 548 2222 5343 549 2223 5344
9195 6 3 4 4 0 549 2223 5344 550 2224 5345
9196 6 3 4 4 0 550 2224 5345 551 2225 5346
9197 6 3 4 4 0 551 2225 5346 552 2226 5347
9198 6 3 4 4 0 552 2226 5347 553 2227 5348
9199 6 3 4 4 0 553 2227 5348 554 2228 5349
9200 6 3 4 4 0 554 2228 5349 555 2229 5350
9201 6 3 4 4 0 555 2229 5350 556 2230 5351
9202 6 3 4 4 0 556 2230 5351 557 2231 5352
9203 6 3 4 4 0 557 2231 5352 558 2232 5353
9204 6 3 4 4 0 558 2232 5353 30 490 2260
9205 6 3 4 4 0 21 397 2027 515 2123 5365
9206 6 3 4 4 0 515 2123 5365 516 2124 5366
9207 6 3 4 4 0 516 2124 5366 517 2125 5367
9208 6 3 4 4 0 517 2125 5367 518 2126 5368
9209 6 3 4 4 0 518 2126 5368 519 2127 5369
9210 6 3 4 4 0 519 2127 5369 520 2128 5370
9211 6 3 4 4 0 520 2128 5370 521 2129 5371
9212 6 3 4 4 0 521 2129 5371 522 2130 5372
9213 6 3 4 4 0 522 2130 5372 523 2131 5373
9214 6 3 4 4 0 523 2131 5373 524 2132 5374
9215 6 3 4 4 0 524 2132 5374 525 2133 5375
9216 6 3 4 4 0 525 2133 5375 27 481 2262
9217 6 3 4 4 0 2033 2028 2021 5431 5376 5299
9218 6 3 4 4 0 5431 5376 5299 5432 5377 5300
9219 6 3 4 4 0 5432 5377 5300 5433 5378 5301
9220 6 3 4 4 0 5433 5378 5301 5434 5379 5302
9221 6 3 4 4 0 5434 5379 5302 5435 5380 5303
9222 6 3 4 4 0 5435 5380 5303 5436 5381 5304
9223 6 3 4 4 0 5436 5381 5304 5437 5382 5305
9224 6 3 4 4 0 5437 5382 5305 5438 5383 5306
9225 6 3 4 4 0 5438 5383 5306 5439 5384 5307
9226 6 3 4 4 0 5439 5384 5307 5440 5385 5308
9227 6 3 4 4 0 5440 5385 5308 5441 5386 5309
9228 6 3 4 4 0 5441 5386 5309 2268 2263 2256
9229 6 3 4 4 0 2034 2023 2022 5442 5321 5310
9230 6 3 4 4 0 5442 5321 5310 5443 5322 5311
9231 6 3 4 4 0 5443 5322 5311 5444 5323 5312
9232 6 3 4 4 0 5444 5323 5312 5445 5324 5313
9233 6 3 4 4 0 5445 5324 5313 5446 5325 5314
9234 6 3 4 4 0 5446 5325 5314 5447 5326 5315
9235 6 3 4 4 0 5447 5326 5315 5448 5327 5316
9236 6 3 4 4 0 5448 5327 5316 5449 5328 5317
9237 6 3 4 4 0 5449 5328 5317 5450 5329 5318
9238 6 3 4 4 0 5450 5329 5318 5451 5330 5319
9239 6 3 4 4 0 5451 5330 5319 5452 5331 5320
9240 6 3 4 4 0 5452 5331 5320 2269 2258 2257
9241 6 3 4 4 0 2028 2033 2035 5376 5431 5453
9242 6 3 4 4 0 5376 5431 5453 5377 5432 5454
9243 6 3 4 4 0 5377 5432 5454 5378 5433 5455
9244 6 3 4 4 0 5378 5433 5455 5379 5434 5456
9245 6 3 4 4 0 5379 5434 5456 5380 5435 5457
9246 6 3 4 4 0 5380 5435 5457 5381 5436 5458
9247 6 3 4 4 0 5381 5436 5458 5382 5437 5459
9248 6 3 4 4 0 5382 5437 5459 5383 5438 5460
9249 6 3 4 4 0 5383 5438 5460 5384 5439 5461
9250 6 3 4 4 0 5384 5439 5461 5385 5440 5462
9251 6 3 4 4 0 5385 5440 5462 5386 5441 5463
9252 6 3 4 4 0 5386 5441 5463 2263 2268 2270
9253 6 3 4 4 0 2035 2033 2026 5453 5431 5354
9254 6 3 4 4 0 5453 5431 5354 5454 5432 5355
9255 6 3 4 4 0 5454 5432 5355 5455 5433 5356
9256 6 3 4 4 0 5455 5433 5356 5456 5434 5357
9257 6 3 4 4 0 5456 5434 5357 5457 5435 5358
9258 6 3 4 4 0 5457 5435 5358 5458 5436 5359
9259 6 3 4 4 0 5458 5436 5359 5459 5437 5360
9260 6 3 4 4 0 5459 5437 5360 5460 5438 5361
9261 6 3 4 4 0 5460 5438 5361 5461 5439 5362
9262 6 3 4 4 0 5461 5439 5362 5462 5440 5363
9263 6 3 4 4 0 5462 5440 5363 5463 5441 5364
9264 6 3 4 4 0 5463 5441 5364 2270 2268 2261
9265 6 3 4 4 0 2036 2034 2024 5464 5442 5332
9266 6 3 4 4 0 5464 5442 5332 5465 5443 5333
9267 6 3 4 4 0 5465 5443 5333 5466 5444 5334
9268 6 3 4 4 0 5466 5444 5334 5467 5445 5335
9269 6 3 4 4 0 5467 5445 5335 5468 5446 5336
9270 6 3 4 4 0 5468 5446 5336 5469 5447 5337
9271 6 3 4 4 0 5469 5447 5337 5470 5448 5338
9272 6 3 4 4 0 5470 5448 5338 5471 5449 5339
9273 6 3 4 4 0 5471 5449 5339 5472 5450 5340
9274 6 3 4 4 0 5472 5450 5340 5473 5451 5341
9275 6 3 4 4 0 5473 5451 5341 5474 5452 5342
9276 6 3 4 4 0 5474 5452 5342 2271 2269 2259
9277 6 3 4 4 0 2023 2034 2036 5321 5442 5464
9278 6 3 4 4 0 5321 5442 5464 5322 5443 5465
9279 6 3 4 4 0 5322 5443 5465 5323 5444 5466
9280 6 3 4 4 0 5323 5444 5466 5324 5445 5467
9281 6 3 4 4 0 5324 5445 5467 5325 5446 5468
9282 6 3 4 4 0 5325 5446 5468 5326 5447 5469
9283 6 3 4 4 0 5326 5447 5469 5327 5448 5470
9284 6 3 4 4 0 5327 5448 5470 5328 5449 5471
9285 6 3 4 4 0 5328 5449 5471 5329 5450 5472
9286 6 3 4 4 0 5329 5450 5472 5330 5451 5473
9287 6 3 4 4 0 5330 5451 5473 5331 5452 5474
9288 6 3 4 4 0 5331 5452 5474 2258 2269 2271
9289 6 3 4 4 0 2026 2033 2037 5354 5431 5475
9290 6 3 4 4 0 5354 5431 5475 5355 5432 5476
9291 6 3 4 4 0 5355 5432 5476 5356 5433 5477
9292 6 3 4 4 0 5356 5433 5477 5357 5434 5478
9293 6 3 4 4 0 5357 5434 5478 5358 5435 5479
9294 6 3 4 4 0 5358 5435 5479 5359 5436 5480
9295 6 3 4 4 0 5359 5436 5480 5360 5437 5481
9296 6 3 4 4 0 5360 5437 5481 5361 5438 5482
9297 6 3 4 4 0 5361 5438 5482 5362 5439 5483
9298 6 3 4 4 0 5362 5439 5483 5363 5440 5484
9299 6 3 4 4 0 5363 5440 5484 5364 5441 5485
9300 6 3 4 4 0 5364 5441 5485 2261 2268 2272
9301 6 3 4 4 0 2037 2030 2026 5475 5398 5354
9302 6 3 4 4 0 5475 5398 5354 5476 5399 5355
9303 6 3 4 4 0 5476 5399 5355 5477 5400 5356
9304 6 3 4 4 0 5477 5400 5356 5478 5401 5357
9305 6 3 4 4 0 5478 5401 5357 5479 5402 5358
9306 6 3 4 4 0 5479 5402 5358 5480 5403 5359
9307 6 3 4 4 0 5480 5403 5359 5481 5404 5360
9308 6 3 4 4 0 5481 5404 5360 5482 5405 5361
9309 6 3 4 4 0 5482 5405 5361 5483 5406 5362
9310 6 3 4 4 0 5483 5406 5362 5484 5407 5363
9311 6 3 4 4 0 5484 5407 5363 5485 5408 5364
9312 6 3 4 4 0 5485 5408 5364 2272 2265 2261
9313 6 3 4 4 0 2024 2034 2038 5332 5442 5486
9314 6 3 4 4 0 5332 5442 5486 5333 5443 5487
9315 6 3 4 4 0 5333 5443 5487 5334 5444 5488
9316 6 3 4 4 0 5334 5444 5488 5335 5445 5489
9317 6 3 4 4 0 5335 5445 5489 5336 5446 5490
9318 6 3 4 4 0 5336 5446 5490 5337 5447 5491
9319 6 3 4 4 0 5337 5447 5491 5338 5448 5492
9320 6 3 4 4 0 5338 5448 5492 5339 5449 5493
9321 6 3 4 4 0 5339 5449 5493 5340 5450 5494
9322 6 3 4 4 0 5340 5450 5494 5341 5451 5495
9323 6 3 4 4 0 5341 5451 5495 5342 5452 5496
9324 6 3 4 4 0 5342 5452 5496 2259 2269 2273
9325 6 3 4 4 0 2038 2029 2024 5486 5387 5332
9326 6 3 4 4 0 5486 5387 5332 5487 5388 5333
9327 6 3 4 4 0 5487 5388 5333 5488 5389 5334
9328 6 3 4 4 0 5488 5389 5334 5489 5390 5335
9329 6 3 4 4 0 5489 5390 5335 5490 5391 5336
9330 6 3 4 4 0 5490 5391 5336 5491 5392 5337
9331 6 3 4 4 0 5491 5392 5337 5492 5393 5338
9332 6 3 4 4 0 5492 5393 5338 5493 5394 5339
9333 6 3 4 4 0 5493 5394 5339 5494 5395 5340
9334 6 3 4 4 0 5494 5395 5340 5495 5396 5341
9335 6 3 4 4 0 5495 5396 5341 5496 5397 5342
9336 6 3 4 4 0 5496 5397 5342 2273 2264 2259
9337 6 3 4 4 0 2039 2034 2022 5497 5442 5310
9338 6 3 4 4 0 5497 5442 5310 5498 5443 5311
9339 6 3 4 4 0 5498 5443 5311 5499 5444 5312
9340 6 3 4 4 0 5499 5444 5312 5500 5445 5313
9341 6 3 4 4 0 5500 5445 5313 5501 5446 5314
9342 6 3 4 4 0 5501 5446 5314 5502 5447 5315
9343 6 3 4 4 0 5502 5447 5315 5503 5448 5316
9344 6 3 4 4 0 5503 5448 5316 5504 5449 5317
9345 6 3 4 4 0 5504 5449 5317 5505 5450 5318
9346 6 3 4 4 0 5505 5450 5318 5506 5451 5319
9347 6 3 4 4 0 5506 5451 5319 5507 5452 5320
9348 6 3 4 4 0 5507 5452 5320 2274 2269 2257
9349 6 3 4 4 0 2022 2032 2039 5310 5420 5497
9350 6 3 4 4 0 5310 5420 5497 5311 5421 5498
9351 6 3 4 4 0 5311 5421 5498 5312 5422 5499
9352 6 3 4 4 0 5312 5422 5499 5313 5423 5500
9353 6 3 4 4 0 5313 5423 5500 5314 5424 5501
9354 6 3 4 4 0 5314 5424 5501 5315 5425 5502
9355 6 3 4 4 0 5315 5425 5502 5316 5426 5503
9356 6 3 4 4 0 5316 5426 5503 5317 5427 5504
9357 6 3 4 4 0 5317 5427 5504 5318 5428 5505
9358 6 3 4 4 0 5318 5428 5505 5319 5429 5506
9359 6 3 4 4 0 5319 5429 5506 5320 5430 5507
9360 6 3 4 4 0 5320 5430 5507 2257 2267 2274
9361 6 3 4 4 0 2040 2033 2021 5508 5431 5299
9362 6 3 4 4 0 5508 5431 5299 5509 5432 5300
9363 6 3 4 4 0 5509 5432 5300 5510 5433 5301
9364 6 3 4 4 0 5510 5433 5301 5511 5434 5302
9365 6 3 4 4 0 5511 5434 5302 5512 5435 5303
9366 6 3 4 4 0 5512 5435 5303 5513 5436 5304
9367 6 3 4 4 0 5513 5436 5304 5514 5437 5305
9368 6 3 4 4 0 5514 5437 5305 5515 5438 5306
9369 6 3 4 4 0 5515 5438 5306 5516 5439 5307
9370 6 3 4 4 0 5516 5439 5307 5517 5440 5308
9371 6 3 4 4 0 5517 5440 5308 5518 5441 5309
9372 6 3 4 4 0 5518 5441 5309 2275 2268 2256
9373 6 3 4 4 0 2021 2031 2040 5299 5409 5508
9374 6 3 4 4 0 5299 5409 5508 5300 5410 5509
9375 6 3 4 4 0 5300 5410 5509 5301 5411 5510
9376 6 3 4 4 0 5301 5411 5510 5302 5412 5511
9377 6 3 4 4 0 5302 5412 5511 5303 5413 5512
9378 6 3 4 4 0 5303 5413 5512 5304 5414 5513
9379 6 3 4 4 0 5304 5414 5513 5305 5415 5514
9380 6 3 4 4 0 5305 5415 5514 5306 5416 5515
9381 6 3 4 4 0 5306 5416 5515 5307 5417 5516
9382 6 3 4 4 0 5307 5417 5516 5308 5418 5517
9383 6 3 4 4 0 5308 5418 5517 5309 5419 5518
9384 6 3 4 4 0 5309 5419 5518 2256 2266 2275
9385 6 3 4 4 0 2041 405 2025 5519 2211 5343
9386 6 3 4 4 0 5519 2211 5343 5520 2212 5344
9387 6 3 4 4 0 5520 2212 5344 5521 2213 5345
9388 6 3 4 4 0 5521 2213 5345 5522 2214 5346
9389 6 3 4 4 0 5522 2214 5346 5523 2215 5347
9390 6 3 4 4 0 5523 2215 5347 5524 2216 5348
9391 6 3 4 4 0 5524 2216 5348 5525 2217 5349
9392 6 3 4 4 0 5525 2217 5349 5526 2218 5350
9393 6 3 4 4 0 5526 2218 5350 5527 2219 5351
9394 6 3 4 4 0 5527 2219 5351 5528 2220 5352
9395 6 3 4 4 0 5528 2220 5352 5529 2221 5353
9396 6 3 4 4 0 5529 2221 5353 2276 489 2260
9397 6 3 4 4 0 2041 2032 2022 5519 5420 5310
9398 6 3 4 4 0 5519 5420 5310 5520 5421 5311
9399 6 3 4 4 0 5520 5421 5311 5521 5422 5312
9400 6 3 4 4 0 5521 5422 5312 5522 5423 5313
9401 6 3 4 4 0 5522 5423 5313 5523 5424 5314
9402 6 3 4 4 0 5523 5424 5314 5524 5425 5315
9403 6 3 4 4 0 5524 5425 5315 5525 5426 5316
9404 6 3 4 4 0 5525 5426 5316 5526 5427 5317
9405 6 3 4 4 0 5526 5427 5317 5527 5428 5318
9406 6 3 4 4 0 5527 5428 5318 5528 5429 5319
9407 6 3 4 4 0 5528 5429 5319 5529 5430 5320
9408 6 3 4 4 0 5529 5430 5320 2276 2267 2257
9409 6 3 4 4 0 2042 396 2027 5530 2112 5365
9410 6 3 4 4 0 5530 2112 5365 5531 2113 5366
9411 6 3 4 4 0 5531 2113 5366 5532 2114 5367
9412 6 3 4 4 0 5532 2114 5367 5533 2115 5368
9413 6 3 4 4 0 5533 2115 5368 5534 2116 5369
9414 6 3 4 4 0 5534 2116 5369 5535 2117 5370
9415 6 3 4 4 0 5535 2117 5370 5536 2118 5371
9416 6 3 4 4 0 5536 2118 5371 5537 2119 5372
9417 6 3 4 4 0 5537 2119 5372 5538 2120 5373
9418 6 3 4 4 0 5538 2120 5373 5539 2121 5374
9419 6 3 4 4 0 5539 2121 5374 5540 2122 5375
9420 6 3 4 4 0 5540 2122 5375 2277 480 2262
9421 6 3 4 4 0 2042 2031 2021 5530 5409 5299
9422 6 3 4 4 0 5530 5409 5299 5531 5410 5300
9423 6 3 4 4 0 5531 5410 5300 5532 5411 5301
9424 6 3 4 4 0 5532 5411 5301 5533 5412 5302
9425 6 3 4 4 0 5533 5412 5302 5534 5413 5303
9426 6 3 4 4 0 5534 5413 5303 5535 5414 5304
9427 6 3 4 4 0 5535 5414 5304 5536 5415 5305
9428 6 3 4 4 0 5536 5415 5305 5537 5416 5306
9429 6 3 4 4 0 5537 5416 5306 5538 5417 5307
9430 6 3 4 4 0 5538 5417 5307 5539 5418 5308
9431 6 3 4 4 0 5539 5418 5308 5540 5419 5309
9432 6 3 4 4 0 5540 5419 5309 2277 2266 2256
9433 6 3 4 4 0 2045 391 392 5563 2057 2068
9434 6 3 4 4 0 5563 2057 2068 5564 2058 2069
9435 6 3 4 4 0 5564 2058 2069 5565 2059 2070
9436 6 3 4 4 0 5565 2059 2070 5566 2060 2071
9437 6 3 4 4 0 5566 2060 2071 5567 2061 2072
9438 6 3 4 4 0 5567 2061 2072 5568 2062 2073
9439 6 3 4 4 0 5568 2062 2073 5569 2063 2074
9440 6 3 4 4 0 5569 2063 2074 5570 2064 2075
9441 6 3 4 4 0 5570 2064 2075 5571 2065 2076
9442 6 3 4 4 0 5571 2065 2076 5572 2066 2077
9443 6 3 4 4 0 5572 2066 2077 5573 2067 2078
9444 6 3 4 4 0 5573 2067 2078 2280 475 476
9445 6 3 4 4 0 2045 2035 2026 5563 5453 5354
9446 6 3 4 4 0 5563 5453 5354 5564 5454 5355
9447 6 3 4 4 0 5564 5454 5355 5565 5455 5356
9448 6 3 4 4 0 5565 5455 5356 5566 5456 5357
9449 6 3 4 4 0 5566 5456 5357 5567 5457 5358
9450 6 3 4 4 0 5567 5457 5358 5568 5458 5359
9451 6 3 4 4 0 5568 5458 5359 5569 5459 5360
9452 6 3 4 4 0 5569 5459 5360 5570 5460 5361
9453 6 3 4 4 0 5570 5460 5361 5571 5461 5362
9454 6 3 4 4 0 5571 5461 5362 5572 5462 5363
9455 6 3 4 4 0 5572 5462 5363 5573 5463 5364
9456 6 3 4 4 0 5573 5463 5364 2280 2270 2261
9457 6 3 4 4 0 392 2035 2045 2068 5453 5563
9458 6 3 4 4 0 2068 5453 5563 2069 5454 5564
9459 6 3 4 4 0 2069 5454 5564 2070 5455 5565
9460 6 3 4 4 0 2070 5455 5565 2071 5456 5566
9461 6 3 4 4 0 2071 5456 5566 2072 5457 5567
9462 6 3 4 4 0 2072 5457 5567 2073 5458 5568
9463 6 3 4 4 0 2073 5458 5568 2074 5459 5569
9464 6 3 4 4 0 2074 5459 5569 2075 5460 5570
9465 6 3 4 4 0 2075 5460 5570 2076 5461 5571
9466 6 3 4 4 0 2076 5461 5571 2077 5462 5572
9467 6 3 4 4 0 2077 5462 5572 2078 5463 5573
9468 6 3 4 4 0 2078 5463 5573 476 2270 2280
9469 6 3 4 4 0 2046 400 401 5574 2156 2167
9470 6 3 4 4 0 5574 2156 2167 5575 2157 2168
9471 6 3 4 4 0 5575 2157 2168 5576 2158 2169
9472 6 3 4 4 0 5576 2158 2169 5577 2159 2170
9473 6 3 4 4 0 5577 2159 2170 5578 2160 2171
9474 6 3 4 4 0 5578 2160 2171 5579 2161 2172
9475 6 3 4 4 0 5579 2161 2172 5580 2162 2173
9476 6 3 4 4 0 5580 2162 2173 5581 2163 2174
9477 6 3 4 4 0 5581 2163 2174 5582 2164 2175
9478 6 3 4 4 0 5582 2164 2175 5583 2165 2176
9479 6 3 4 4 0 5583 2165 2176 5584 2166 2177
9480 6 3 4 4 0 5584 2166 2177 2281 484 485
9481 6 3 4 4 0 2046 2036 2024 5574 5464 5332
9482 6 3 4 4 0 5574 5464 5332 5575 5465 5333
9483 6 3 4 4 0 5575 5465 5333 5576 5466 5334
9484 6 3 4 4 0 5576 5466 5334 5577 5467 5335
9485 6 3 4 4 0 5577 5467 5335 5578 5468 5336
9486 6 3 4 4 0 5578 5468 5336 5579 5469 5337
9487 6 3 4 4 0 5579 5469 5337 5580 5470 5338
9488 6 3 4 4 0 5580 5470 5338 5581 5471 5339
9489 6 3 4 4 0 5581 5471 5339 5582 5472 5340
9490 6 3 4 4 0 5582 5472 5340 5583 5473 5341
9491 6 3 4 4 0 5583 5473 5341 5584 5474 5342
9492 6 3 4 4 0 5584 5474 5342 2281 2271 2259
9493 6 3 4 4 0 401 2036 2046 2167 5464 5574
9494 6 3 4 4 0 2167 5464 5574 2168 5465 5575
9495 6 3 4 4 0 2168 5465 5575 2169 5466 5576
9496 6 3 4 4 0 2169 5466 5576 2170 5467 5577
9497 6 3 4 4 0 2170 5467 5577 2171 5468 5578
9498 6 3 4 4 0 2171 5468 5578 2172 5469 5579
9499 6 3 4 4 0 2172 5469 5579 2173 5470 5580
9500 6 3 4 4 0 2173 5470 5580 2174 5471 5581
9501 6 3 4 4 0 2174 5471 5581 2175 5472 5582
9502 6 3 4 4 0 2175 5472 5582 2176 5473 5583
9503 6 3 4 4 0 2176 5473 5583 2177 5474 5584
9504 6 3 4 4 0 2177 5474 5584 485 2271 2281
9505 6 3 4 4 0 2040 2020 2037 5508 5288 5475
9506 6 3 4 4 0 5508 5288 5475 5509 5289 5476
9507 6 3 4 4 0 5509 5289 5476 5510 5290 5477
9508 6 3 4 4 0 5510 5290 5477 5511 5291 5478
9509 6 3 4 4 0 5511 5291 5478 5512 5292 5479
9510 6 3 4 4 0 5512 5292 5479 5513 5293 5480
9511 6 3 4 4 0 5513 5293 5480 5514 5294 5481
9512 6 3 4 4 0 5514 5294 5481 5515 5295 5482
9513 6 3 4 4 0 5515 5295 5482 5516 5296 5483
9514 6 3 4 4 0 5516 5296 5483 5517 5297 5484
9515 6 3 4 4 0 5517 5297 5484 5518 5298 5485
9516 6 3 4 4 0 5518 5298 5485 2275 2255 2272
9517 6 3 4 4 0 2033 2040 2037 5431 5508 5475
9518 6 3 4 4 0 5431 5508 5475 5432 5509 5476
9519 6 3 4 4 0 5432 5509 5476 5433 5510 5477
9520 6 3 4 4 0 5433 5510 5477 5434 5511 5478
9521 6 3 4 4 0 5434 5511 5478 5435 5512 5479
9522 6 3 4 4 0 5435 5512 5479 5436 5513 5480
9523 6 3 4 4 0 5436 5513 5480 5437 5514 5481
9524 6 3 4 4 0 5437 5514 5481 5438 5515 5482
9525 6 3 4 4 0 5438 5515 5482 5439 5516 5483
9526 6 3 4 4 0 5439 5516 5483 5440 5517 5484
9527 6 3 4 4 0 5440 5517 5484 5441 5518 5485
9528 6 3 4 4 0 5441 5518 5485 2268 2275 2272
9529 6 3 4 4 0 2039 2020 2038 5497 5288 5486
9530 6 3 4 4 0 5497 5288 5486 5498 5289 5487
9531 6 3 4 4 0 5498 5289 5487 5499 5290 5488
9532 6 3 4 4 0 5499 5290 5488 5500 5291 5489
9533 6 3 4 4 0 5500 5291 5489 5501 5292 5490
9534 6 3 4 4 0 5501 5292 5490 5502 5293 5491
9535 6 3 4 4 0 5502 5293 5491 5503 5294 5492
9536 6 3 4 4 0 5503 5294 5492 5504 5295 5493
9537 6 3 4 4 0 5504 5295 5493 5505 5296 5494
9538 6 3 4 4 0 5505 5296 5494 5506 5297 5495
9539 6 3 4 4 0 5506 5297 5495 5507 5298 5496
9540 6 3 4 4 0 5507 5298 5496 2274 2255 2273
9541 6 3 4 4 0 2034 2039 2038 5442 5497 5486
9542 6 3 4 4 0 5442 5497 5486 5443 5498 5487
9543 6 3 4 4 0 5443 5498 5487 5444 5499 5488
9544 6 3 4 4 0 5444 5499 5488 5445 5500 5489
9545 6 3 4 4 0 5445 5500 5489 5446 5501 5490
9546 6 3 4 4 0 5446 5501 5490 5447 5502 5491
9547 6 3 4 4 0 5447 5502 5491 5448 5503 5492
9548 6 3 4 4 0 5448 5503 5492 5449 5504 5493
9549 6 3 4 4 0 5449 5504 5493 5450 5505 5494
9550 6 3 4 4 0 5450 5505 5494 5451 5506 5495
9551 6 3 4 4 0 5451 5506 5495 5452 5507 5496
9552 6 3 4 4 0 5452 5507 5496 2269 2274 2273
9553 6 3 4 4 0 402 2036 401 2178 5464 2167
9554 6 3 4 4 0 2178 5464 2167 2179 5465 2168
9555 6 3 4 4 0 2179 5465 2168 2180 5466 2169
9556 6 3 4 4 0 2180 5466 2169 2181 5467 2170
9557 6 3 4 4 0 2181 5467 2170 2182 5468 2171
9558 6 3 4 4 0 2182 5468 2171 2183 5469 2172
9559 6 3 4 4 0 2183 5469 2172 2184 5470 2173
9560 6 3 4 4 0 2184 5470 2173 2185 5471 2174
9561 6 3 4 4 0 2185 5471 2174 2186 5472 2175
9562 6 3 4 4 0 2186 5472 2175 2187 5473 2176
9563 6 3 4 4 0 2187 5473 2176 2188 5474 2177
9564 6 3 4 4 0 2188 5474 2177 486 2271 485
9565 6 3 4 4 0 2023 2036 402 5321 5464 2178
9566 6 3 4 4 0 5321 5464 2178 5322 5465 2179
9567 6 3 4 4 0 5322 5465 2179 5323 5466 2180
9568 6 3 4 4 0 5323 5466 2180 5324 5467 2181
9569 6 3 4 4 0 5324 5467 2181 5325 5468 2182
9570 6 3 4 4 0 5325 5468 2182 5326 5469 2183
9571 6 3 4 4 0 5326 5469 2183 5327 5470 2184
9572 6 3 4 4 0 5327 5470 2184 5328 5471 2185
9573 6 3 4 4 0 5328 5471 2185 5329 5472 2186
9574 6 3 4 4 0 5329 5472 2186 5330 5473 2187
9575 6 3 4 4 0 5330 5473 2187 5331 5474 2188
9576 6 3 4 4 0 5331 5474 2188 2258 2271 486
9577 6 3 4 4 0 393 2035 392 2079 5453 2068
9578 6 3 4 4 0 2079 5453 2068 2080 5454 2069
9579 6 3 4 4 0 2080 5454 2069 2081 5455 2070
9580 6 3 4 4 0 2081 5455 2070 2082 5456 2071
9581 6 3 4 4 0 2082 5456 2071 2083 5457 2072
9582 6 3 4 4 0 2083 5457 2072 2084 5458 2073
9583 6 3 4 4 0 2084 5458 2073 2085 5459 2074
9584 6 3 4 4 0 2085 5459 2074 2086 5460 2075
9585 6 3 4 4 0 2086 5460 2075 2087 5461 2076
9586 6 3 4 4 0 2087 5461 2076 2088 5462 2077
9587 6 3 4 4 0 2088 5462 2077 2089 5463 2078
9588 6 3 4 4 0 2089 5463 2078 477 2270 476
9589 6 3 4 4 0 2028 2035 393 5376 5453 2079
9590 6 3 4 4 0 5376 5453 2079 5377 5454 2080
9591 6 3 4 4 0 5377 5454 2080 5378 5455 2081
9592 6 3 4 4 0 5378 5455 2081 5379 5456 2082
9593 6 3 4 4 0 5379 5456 2082 5380 5457 2083
9594 6 3 4 4 0 5380 5457 2083 5381 5458 2084
9595 6 3 4 4 0 5381 5458 2084 5382 5459 2085
9596 6 3 4 4 0 5382 5459 2085 5383 5460 2086
9597 6 3 4 4 0 5383 5460 2086 5384 5461 2087
9598 6 3 4 4 0 5384 5461 2087 5385 5462 2088
9599 6 3 4 4 0 5385 5462 2088 5386 5463 2089
9600 6 3 4 4 0 5386 5463 2089 2263 2270 477
9601 6 3 4 4 0 2024 2029 2043 5332 5387 5541
9602 6 3 4 4 0 5332 5387 5541 5333 5388 5542
9603 6 3 4 4 0 5333 5388 5542 5334 5389 5543
9604 6 3 4 4 0 5334 5389 5543 5335 5390 5544
9605 6 3 4 4 0 5335 5390 5544 5336 5391 5545
9606 6 3 4 4 0 5336 5391 5545 5337 5392 5546
9607 6 3 4 4 0 5337 5392 5546 5338 5393 5547
9608 6 3 4 4 0 5338 5393 5547 5339 5394 5548
9609 6 3 4 4 0 5339 5394 5548 5340 5395 5549
9610 6 3 4 4 0 5340 5395 5549 5341 5396 5550
9611 6 3 4 4 0 5341 5396 5550 5342 5397 5551
9612 6 3 4 4 0 5342 5397 5551 2259 2264 2278
9613 6 3 4 4 0 2026 2030 2044 5354 5398 5552
9614 6 3 4 4 0 5354 5398 5552 5355 5399 5553
9615 6 3 4 4 0 5355 5399 5553 5356 5400 5554
9616 6 3 4 4 0 5356 5400 5554 5357 5401 5555
9617 6 3 4 4 0 5357 5401 5555 5358 5402 5556
9618 6 3 4 4 0 5358 5402 5556 5359 5403 5557
9619 6 3 4 4 0 5359 5403 5557 5360 5404 5558
9620 6 3 4 4 0 5360 5404 5558 5361 5405 5559
9621 6 3 4 4 0 5361 5405 5559 5362 5406 5560
9622 6 3 4 4 0 5362 5406 5560 5363 5407 5561
9623 6 3 4 4 0 5363 5407 5561 5364 5408 5562
9624 6 3 4 4 0 5364 5408 5562 2261 2265 2279
9625 6 3 4 4 0 404 405 2041 2200 2211 5519
9626 6 3 4 4 0 2200 2211 5519 2201 2212 5520
9627 6 3 4 4 0 2201 2212 5520 2202 2213 5521
9628 6 3 4 4 0 2202 2213 5521 2203 2214 5522
9629 6 3 4 4 0 2203 2214 5522 2204 2215 5523
9630 6 3 4 4 0 2204 2215 5523 2205 2216 5524
9631 6 3 4 4 0 2205 2216 5524 2206 2217 5525
9632 6 3 4 4 0 2206 2217 5525 2207 2218 5526
9633 6 3 4 4 0 2207 2218 5526 2208 2219 5527
9634 6 3 4 4 0 2208 2219 5527 2209 2220 5528
9635 6 3 4 4 0 2209 2220 5528 2210 2221 5529
9636 6 3 4 4 0 2210 2221 5529 488 489 2276
9637 6 3 4 4 0 395 396 2042 2101 2112 5530
9638 6 3 4 4 0 2101 2112 5530 2102 2113 5531
9639 6 3 4 4 0 2102 2113 5531 2103 2114 5532
9640 6 3 4 4 0 2103 2114 5532 2104 2115 5533
9641 6 3 4 4 0 2104 2115 5533 2105 2116 5534
9642 6 3 4 4 0 2105 2116 5534 2106 2117 5535
9643 6 3 4 4 0 2106 2117 5535 2107 2118 5536
9644 6 3 4 4 0 2107 2118 5536 2108 2119 5537
9645 6 3 4 4 0 2108 2119 5537 2109 2120 5538
9646 6 3 4 4 0 2109 2120 5538 2110 2121 5539
9647 6 3 4 4 0 2110 2121 5539 2111 2122 5540
9648 6 3 4 4 0 2111 2122 5540 479 480 2277
9649 6 3 4 4 0 2027 397 2047 5365 2123 5585
9650 6 3 4 4 0 5365 2123 5585 5366 2124 5586
9651 6 3 4 4 0 5366 2124 5586 5367 2125 5587
9652 6 3 4 4 0 5367 2125 5587 5368 2126 5588
9653 6 3 4 4 0 5368 2126 5588 5369 2127 5589
9654 6 3 4 4 0 5369 2127 5589 5370 2128 5590
9655 6 3 4 4 0 5370 2128 5590 5371 2129 5591
9656 6 3 4 4 0 5371 2129 5591 5372 2130 5592
9657 6 3 4 4 0 5372 2130 5592 5373 2131 5593
9658 6 3 4 4 0 5373 2131 5593 5374 2132 5594
9659 6 3 4 4 0 5374 2132 5594 5375 2133 5595
9660 6 3 4 4 0 5375 2133 5595 2262 481 2282
9661 6 3 4 4 0 2029 2031 2047 5387 5409 5585
9662 6 3 4 4 0 5387 5409 5585 5388 5410 5586
9663 6 3 4 4 0 5388 5410 5586 5389 5411 5587
9664 6 3 4 4 0 5389 5411 5587 5390 5412 5588
9665 6 3 4 4 0 5390 5412 5588 5391 5413 5589
9666 6 3 4 4 0 5391 5413 5589 5392 5414 5590
9667 6 3 4 4 0 5392 5414 5590 5393 5415 5591
9668 6 3 4 4 0 5393 5415 5591 5394 5416 5592
9669 6 3 4 4 0 5394 5416 5592 5395 5417 5593
9670 6 3 4 4 0 5395 5417 5593 5396 5418 5594
9671 6 3 4 4 0 5396 5418 5594 5397 5419 5595
9672 6 3 4 4 0 5397 5419 5595 2264 2266 2282
9673 6 3 4 4 0 2025 406 2048 5343 2222 5596
9674 6 3 4 4 0 5343 2222 5596 5344 2223 5597
9675 6 3 4 4 0 5344 2223 5597 5345 2224 5598
9676 6 3 4 4 0 5345 2224 5598 5346 2225 5599
9677 6 3 4 4 0 5346 2225 5599 5347 2226 5600
9678 6 3 4 4 0 5347 2226 5600 5348 2227 5601
9679 6 3 4 4 0 5348 2227 5601 5349 2228 5602
9680 6 3 4 4 0 5349 2228 5602 5350 2229 5603
9681 6 3 4 4 0 5350 2229 5603 5351 2230 5604
9682 6 3 4 4 0 5351 2230 5604 5352 2231 5605
9683 6 3 4 4 0 5352 2231 5605 5353 2232 5606
9684 6 3 4 4 0 5353 2232 5606 2260 490 2283
9685 6 3 4 4 0 2030 2032 2048 5398 5420 5596
9686 6 3 4 4 0 5398 5420 5596 5399 5421 5597
9687 6 3 4 4 0 5399 5421 5597 5400 5422 5598
9688 6 3 4 4 0 5400 5422 5598 5401 5423 5599
9689 6 3 4 4 0 5401 5423 5599 5402 5424 5600
9690 6 3 4 4 0 5402 5424 5600 5403 5425 5601
9691 6 3 4 4 0 5403 5425 5601 5404 5426 5602
9692 6 3 4 4 0 5404 5426 5602 5405 5427 5603
9693 6 3 4 4 0 5405 5427 5603 5406 5428 5604
9694 6 3 4 4 0 5406 5428 5604 5407 5429 5605
9695 6 3 4 4 0 5407 5429 5605 5408 5430 5606
9696 6 3 4 4 0 5408 5430 5606 2265 2267 2283
9697 6 3 4 4 0 2031 2029 2049 5409 5387 5607
9698 6 3 4 4 0 5409 5387 5607 5410 5388 5608
9699 6 3 4 4 0 5410 5388 5608 5411 5389 5609
9700 6 3 4 4 0 5411 5389 5609 5412 5390 5610
9701 6 3 4 4 0 5412 5390 5610 5413 5391 5611
9702 6 3 4 4 0 5413 5391 5611 5414 5392 5612
9703 6 3 4 4 0 5414 5392 5612 5415 5393 5613
9704 6 3 4 4 0 5415 5393 5613 5416 5394 5614
9705 6 3 4 4 0 5416 5394 5614 5417 5395 5615
9706 6 3 4 4 0 5417 5395 5615 5418 5396 5616
9707 6 3 4 4 0 5418 5396 5616 5419 5397 5617
9708 6 3 4 4 0 5419 5397 5617 2266 2264 2284
9709 6 3 4 4 0 2049 2029 2038 5607 5387 5486
9710 6 3 4 4 0 5607 5387 5486 5608 5388 5487
9711 6 3 4 4 0 5608 5388 5487 5609 5389 5488
9712 6 3 4 4 0 5609 5389 5488 5610 5390 5489
9713 6 3 4 4 0 5610 5390 5489 5611 5391 5490
9714 6 3 4 4 0 5611 5391 5490 5612 5392 5491
9715 6 3 4 4 0 5612 5392 5491 5613 5393 5492
9716 6 3 4 4 0 5613 5393 5492 5614 5394 5493
9717 6 3 4 4 0 5614 5394 5493 5615 5395 5494
9718 6 3 4 4 0 5615 5395 5494 5616 5396 5495
9719 6 3 4 4 0 5616 5396 5495 5617 5397 5496
9720 6 3 4 4 0 5617 5397 5496 2284 2264 2273
9721 6 3 4 4 0 2032 2030 2050 5420 5398 5618
9722 6 3 4 4 0 5420 5398 5618 5421 5399 5619
9723 6 3 4 4 0 5421 5399 5619 5422 5400 5620
9724 6 3 4 4 0 5422 5400 5620 5423 5401 5621
9725 6 3 4 4 0 5423 5401 5621 5424 5402 5622
9726 6 3 4 4 0 5424 5402 5622 5425 5403 5623
9727 6 3 4 4 0 5425 5403 5623 5426 5404 5624
9728 6 3 4 4 0 5426 5404 5624 5427 5405 5625
9729 6 3 4 4 0 5427 5405 5625 5428 5406 5626
9730 6 3 4 4 0 5428 5406 5626 5429 5407 5627
9731 6 3 4 4 0 5429 5407 5627 5430 5408 5628
9732 6 3 4 4 0 5430 5408 5628 2267 2265 2285
9733 6 3 4 4 0 2050 2030 2037 5618 5398 5475
9734 6 3 4 4 0 5618 5398 5475 5619 5399 5476
9735 6 3 4 4 0 5619 5399 5476 5620 5400 5477
9736 6 3 4 4 0 5620 5400 5477 5621 5401 5478
9737 6 3 4 4 0 5621 5401 5478 5622 5402 5479
9738 6 3 4 4 0 5622 5402 5479 5623 5403 5480
9739 6 3 4 4 0 5623 5403 5480 5624 5404 5481
9740 6 3 4 4 0 5624 5404 5481 5625 5405 5482
9741 6 3 4 4 0 5625 5405 5482 5626 5406 5483
9742 6 3 4 4 0 5626 5406 5483 5627 5407 5484
9743 6 3 4 4 0 5627 5407 5484 5628 5408 5485
9744 6 3 4 4 0 5628 5408 5485 2285 2265 2272
9745 6 3 4 4 0 2051 19 391 5629 493 2057
9746 6 3 4 4 0 5629 493 2057 5630 494 2058
9747 6 3 4 4 0 5630 494 2058 5631 495 2059
9748 6 3 4 4 0 5631 495 2059 5632 496 2060
9749 6 3 4 4 0 5632 496 2060 5633 497 2061
9750 6 3 4 4 0 5633 497 2061 5634 498 2062
9751 6 3 4 4 0 5634 498 2062 5635 499 2063
9752 6 3 4 4 0 5635 499 2063 5636 500 2064
9753 6 3 4 4 0 5636 500 2064 5637 501 2065
9754 6 3 4 4 0 5637 501 2065 5638 502 2066
9755 6 3 4 4 0 5638 502 2066 5639 503 2067
9756 6 3 4 4 0 5639 503 2067 2286 25 475
9757 6 3 4 4 0 391 2045 2051 2057 5563 5629
9758 6 3 4 4 0 2057 5563 5629 2058 5564 5630
9759 6 3 4 4 0 2058 5564 5630 2059 5565 5631
9760 6 3 4 4 0 2059 5565 5631 2060 5566 5632
9761 6 3 4 4 0 2060 5566 5632 2061 5567 5633
9762 6 3 4 4 0 2061 5567 5633 2062 5568 5634
9763 6 3 4 4 0 2062 5568 5634 2063 5569 5635
9764 6 3 4 4 0 2063 5569 5635 2064 5570 5636
9765 6 3 4 4 0 2064 5570 5636 2065 5571 5637
9766 6 3 4 4 0 2065 5571 5637 2066 5572 5638
9767 6 3 4 4 0 2066 5572 5638 2067 5573 5639
9768 6 3 4 4 0 2067 5573 5639 475 2280 2286
9769 6 3 4 4 0 2052 22 400 5640 526 2156
9770 6 3 4 4 0 5640 526 2156 5641 527 2157
9771 6 3 4 4 0 5641 527 2157 5642 528 2158
9772 6 3 4 4 0 5642 528 2158 5643 529 2159
9773 6 3 4 4 0 5643 529 2159 5644 530 2160
9774 6 3 4 4 0 5644 530 2160 5645 531 2161
9775 6 3 4 4 0 5645 531 2161 5646 532 2162
9776 6 3 4 4 0 5646 532 2162 5647 533 2163
9777 6 3 4 4 0 5647 533 2163 5648 534 2164
9778 6 3 4 4 0 5648 534 2164 5649 535 2165
9779 6 3 4 4 0 5649 535 2165 5650 536 2166
9780 6 3 4 4 0 5650 536 2166 2287 28 484
9781 6 3 4 4 0 400 2046 2052 2156 5574 5640
9782 6 3 4 4 0 2156 5574 5640 2157 5575 5641
9783 6 3 4 4 0 2157 5575 5641 2158 5576 5642
9784 6 3 4 4 0 2158 5576 5642 2159 5577 5643
9785 6 3 4 4 0 2159 5577 5643 2160 5578 5644
9786 6 3 4 4 0 2160 5578 5644 2161 5579 5645
9787 6 3 4 4 0 2161 5579 5645 2162 5580 5646
9788 6 3 4 4 0 2162 5580 5646 2163 5581 5647
9789 6 3 4 4 0 2163 5581 5647 2164 5582 5648
9790 6 3 4 4 0 2164 5582 5648 2165 5583 5649
9791 6 3 4 4 0 2165 5583 5649 2166 5584 5650
9792 6 3 4 4 0 2166 5584 5650 484 2281 2287
9793 6 3 4 4 0 2042 2027 2047 5530 5365 5585
9794 6 3 4 4 0 5530 5365 5585 5531 5366 5586
9795 6 3 4 4 0 5531 5366 5586 5532 5367 5587
9796 6 3 4 4 0 5532 5367 5587 5533 5368 5588
9797 6 3 4 4 0 5533 5368 5588 5534 5369 5589
9798 6 3 4 4 0 5534 5369 5589 5535 5370 5590
9799 6 3 4 4 0 5535 5370 5590 5536 5371 5591
9800 6 3 4 4 0 5536 5371 5591 5537 5372 5592
9801 6 3 4 4 0 5537 5372 5592 5538 5373 5593
9802 6 3 4 4 0 5538 5373 5593 5539 5374 5594
9803 6 3 4 4 0 5539 5374 5594 5540 5375 5595
9804 6 3 4 4 0 5540 5375 5595 2277 2262 2282
9805 6 3 4 4 0 2042 2047 2031 5530 5585 5409
9806 6 3 4 4 0 5530 5585 5409 5531 5586 5410
9807 6 3 4 4 0 5531 5586 5410 5532 5587 5411
9808 6 3 4 4 0 5532 5587 5411 5533 5588 5412
9809 6 3 4 4 0 5533 5588 5412 5534 5589 5413
9810 6 3 4 4 0 5534 5589 5413 5535 5590 5414
9811 6 3 4 4 0 5535 5590 5414 5536 5591 5415
9812 6 3 4 4 0 5536 5591 5415 5537 5592 5416
9813 6 3 4 4 0 5537 5592 5416 5538 5593 5417
9814 6 3 4 4 0 5538 5593 5417 5539 5594 5418
9815 6 3 4 4 0 5539 5594 5418 5540 5595 5419
9816 6 3 4 4 0 5540 5595 5419 2277 2282 2266
9817 6 3 4 4 0 2041 2025 2048 5519 5343 5596
9818 6 3 4 4 0 5519 5343 5596 5520 5344 5597
9819 6 3 4 4 0 5520 5344 5597 5521 5345 5598
9820 6 3 4 4 0 5521 5345 5598 5522 5346 5599
9821 6 3 4 4 0 5522 5346 5599 5523 5347 5600
9822 6 3 4 4 0 5523 5347 5600 5524 5348 5601
9823 6 3 4 4 0 5524 5348 5601 5525 5349 5602
9824 6 3 4 4 0 5525 5349 5602 5526 5350 5603
9825 6 3 4 4 0 5526 5350 5603 5527 5351 5604
9826 6 3 4 4 0 5527 5351 5604 5528 5352 5605
9827 6 3 4 4 0 5528 5352 5605 5529 5353 5606
9828 6 3 4 4 0 5529 5353 5606 2276 2260 2283
9829 6 3 4 4 0 2041 2048 2032 5519 5596 5420
9830 6 3 4 4 0 5519 5596 5420 5520 5597 5421
9831 6 3 4 4 0 5520 5597 5421 5521 5598 5422
9832 6 3 4 4 0 5521 5598 5422 5522 5599 5423
9833 6 3 4 4 0 5522 5599 5423 5523 5600 5424
9834 6 3 4 4 0 5523 5600 5424 5524 5601 5425
9835 6 3 4 4 0 5524 5601 5425 5525 5602 5426
9836 6 3 4 4 0 5525 5602 5426 5526 5603 5427
9837 6 3 4 4 0 5526 5603 5427 5527 5604 5428
9838 6 3 4 4 0 5527 5604 5428 5528 5605 5429
9839 6 3 4 4 0 5528 5605 5429 5529 5606 5430
9840 6 3 4 4 0 5529 5606 5430 2276 2283 2267
9841 6 3 4 4 0 408 19 2051 2244 493 5629
9842 6 3 4 4 0 2244 493 5629 2245 494 5630
9843 6 3 4 4 0 2245 494 5630 2246 495 5631
9844 6 3 4 4 0 2246 495 5631 2247 496 5632
9845 6 3 4 4 0 2247 496 5632 2248 497 5633
9846 6 3 4 4 0 2248 497 5633 2249 498 5634
9847 6 3 4 4 0 2249 498 5634 2250 499 5635
9848 6 3 4 4 0 2250 499 5635 2251 500 5636
9849 6 3 4 4 0 2251 500 5636 2252 501 5637
9850 6 3 4 4 0 2252 501 5637 2253 502 5638
9851 6 3 4 4 0 2253 502 5638 2254 503 5639
9852 6 3 4 4 0 2254 503 5639 492 25 2286
9853 6 3 4 4 0 408 2051 2044 2244 5629 5552
9854 6 3 4 4 0 2244 5629 5552 2245 5630 5553
9855 6 3 4 4 0 2245 5630 5553 2246 5631 5554
9856 6 3 4 4 0 2246 5631 5554 2247 5632 5555
9857 6 3 4 4 0 2247 5632 5555 2248 5633 5556
9858 6 3 4 4 0 2248 5633 5556 2249 5634 5557
9859 6 3 4 4 0 2249 5634 5557 2250 5635 5558
9860 6 3 4 4 0 2250 5635 5558 2251 5636 5559
9861 6 3 4 4 0 2251 5636 5559 2252 5637 5560
9862 6 3 4 4 0 2252 5637 5560 2253 5638 5561
9863 6 3 4 4 0 2253 5638 5561 2254 5639 5562
9864 6 3 4 4 0 2254 5639 5562 492 2286 2279
9865 6 3 4 4 0 2026 2044 2051 5354 5552 5629
9866 6 3 4 4 0 5354 5552 5629 5355 5553 5630
9867 6 3 4 4 0 5355 5553 5630 5356 5554 5631
9868 6 3 4 4 0 5356 5554 5631 5357 5555 5632
9869 6 3 4 4 0 5357 5555 5632 5358 5556 5633
9870 6 3 4 4 0 5358 5556 5633 5359 5557 5634
9871 6 3 4 4 0 5359 5557 5634 5360 5558 5635
9872 6 3 4 4 0 5360 5558 5635 5361 5559 5636
9873 6 3 4 4 0 5361 5559 5636 5362 5560 5637
9874 6 3 4 4 0 5362 5560 5637 5363 5561 5638
9875 6 3 4 4 0 5363 5561 5638 5364 5562 5639
9876 6 3 4 4 0 5364 5562 5639 2261 2279 2286
9877 6 3 4 4 0 2026 2051 2045 5354 5629 5563
9878 6 3 4 4 0 5354 5629 5563 5355 5630 5564
9879 6 3 4 4 0 5355 5630 5564 5356 5631 5565
9880 6 3 4 4 0 5356 5631 5565 5357 5632 5566
9881 6 3 4 4 0 5357 5632 5566 5358 5633 5567
9882 6 3 4 4 0 5358 5633 5567 5359 5634 5568
9883 6 3 4 4 0 5359 5634 5568 5360 5635 5569
9884 6 3 4 4 0 5360 5635 5569 5361 5636 5570
9885 6 3 4 4 0 5361 5636 5570 5362 5637 5571
9886 6 3 4 4 0 5362 5637 5571 5363 5638 5572
9887 6 3 4 4 0 5363 5638 5572 5364 5639 5573
9888 6 3 4 4 0 5364 5639 5573 2261 2286 2280
9889 6 3 4 4 0 399 22 2052 2145 526 5640
9890 6 3 4 4 0 2145 526 5640 2146 527 5641
9891 6 3 4 4 0 2146 527 5641 2147 528 5642
9892 6 3 4 4 0 2147 528 5642 2148 529 5643
9893 6 3 4 4 0 2148 529 5643 2149 530 5644
9894 6 3 4 4 0 2149 530 5644 2150 531 5645
9895 6 3 4 4 0 2150 531 5645 2151 532 5646
9896 6 3 4 4 0 2151 532 5646 2152 533 5647
9897 6 3 4 4 0 2152 533 5647 2153 534 5648
9898 6 3 4 4 0 2153 534 5648 2154 535 5649
9899 6 3 4 4 0 2154 535 5649 2155 536 5650
9900 6 3 4 4 0 2155 536 5650 483 28 2287
9901 6 3 4 4 0 399 2052 2043 2145 5640 5541
9902 6 3 4 4 0 2145 5640 5541 2146 5641 5542
9903 6 3 4 4 0 2146 5641 5542 2147 5642 5543
9904 6 3 4 4 0 2147 5642 5543 2148 5643 5544
9905 6 3 4 4 0 2148 5643 5544 2149 5644 5545
9906 6 3 4 4 0 2149 5644 5545 2150 5645 5546
9907 6 3 4 4 0 2150 5645 5546 2151 5646 5547
9908 6 3 4 4 0 2151 5646 5547 2152 5647 5548
9909 6 3 4 4 0 2152 5647 5548 2153 5648 5549
9910 6 3 4 4 0 2153 5648 5549 2154 5649 5550
9911 6 3 4 4 0 2154 5649 5550 2155 5650 5551
9912 6 3 4 4 0 2155 5650 5551 483 2287 2278
9913 6 3 4 4 0 2024 2043 2052 5332 5541 5640
9914 6 3 4 4 0 5332 5541 5640 5333 5542 5641
9915 6 3 4 4 0 5333 5542 5641 5334 5543 5642
9916 6 3 4 4 0 5334 5543 5642 5335 5544 5643
9917 6 3 4 4 0 5335 5544 5643 5336 5545 5644
9918 6 3 4 4 0 5336 5545 5644 5337 5546 5645
9919 6 3 4 4 0 5337 5546 5645 5338 5547 5646
9920 6 3 4 4 0 5338 5547 5646 5339 5548 5647
9921 6 3 4 4 0 5339 5548 5647 5340 5549 5648
9922 6 3 4 4 0 5340 5549 5648 5341 5550 5649
9923 6 3 4 4 0 5341 5550 5649 5342 5551 5650
9924 6 3 4 4 0 5342 5551 5650 2259 2278 2287
9925 6 3 4 4 0 2024 2052 2046 5332 5640 5574
9926 6 3 4 4 0 5332 5640 5574 5333 5641 5575
9927 6 3 4 4 0 5333 5641 5575 5334 5642 5576
9928 6 3 4 4 0 5334 5642 5576 5335 5643 5577
9929 6 3 4 4 0 5335 5643 5577 5336 5644 5578
9930 6 3 4 4 0 5336 5644 5578 5337 5645 5579
9931 6 3 4 4 0 5337 5645 5579 5338 5646 5580
9932 6 3 4 4 0 5338 5646 5580 5339 5647 5581
9933 6 3 4 4 0 5339 5647 5581 5340 5648 5582
9934 6 3 4 4 0 5340 5648 5582 5341 5649 5583
9935 6 3 4 4 0 5341 5649 5583 5342 5650 5584
9936 6 3 4 4 0 5342 5650 5584 2259 2287 2281
9937 6 3 4 4 0 2020 2040 2049 5288 5508 5607
9938 6 3 4 4 0 5288 5508 5607 5289 5509 5608
9939 6 3 4 4 0 5289 5509 5608 5290 5510 5609
9940 6 3 4 4 0 5290 5510 5609 5291 5511 5610
9941 6 3 4 4 0 5291 5511 5610 5292 5512 5611
9942 6 3 4 4 0 5292 5512 5611 5293 5513 5612
9943 6 3 4 4 0 5293 5513 5612 5294 5514 5613
9944 6 3 4 4 0 5294 5514 5613 5295 5515 5614
9945 6 3 4 4 0 5295 5515 5614 5296 5516 5615
9946 6 3 4 4 0 5296 5516 5615 5297 5517 5616
9947 6 3 4 4 0 5297 5517 5616 5298 5518 5617
9948 6 3 4 4 0 5298 5518 5617 2255 2275 2284
9949 6 3 4 4 0 2049 2038 2020 5607 5486 5288
9950 6 3 4 4 0 5607 5486 5288 5608 5487 5289
9951 6 3 4 4 0 5608 5487 5289 5609 5488 5290
9952 6 3 4 4 0 5609 5488 5290 5610 5489 5291
9953 6 3 4 4 0 5610 5489 5291 5611 5490 5292
9954 6 3 4 4 0 5611 5490 5292 5612 5491 5293
9955 6 3 4 4 0 5612 5491 5293 5613 5492 5294
9956 6 3 4 4 0 5613 5492 5294 5614 5493 5295
9957 6 3 4 4 0 5614 5493 5295 5615 5494 5296
9958 6 3 4 4 0 5615 5494 5296 5616 5495 5297
9959 6 3 4 4 0 5616 5495 5297 5617 5496 5298
9960 6 3 4 4 0 5617 5496 5298 2284 2273 2255
9961 6 3 4 4 0 2049 2040 2031 5607 5508 5409
9962 6 3 4 4 0 5607 5508 5409 5608 5509 5410
9963 6 3 4 4 0 5608 5509 5410 5609 5510 5411
9964 6 3 4 4 0 5609 5510 5411 5610 5511 5412
9965 6 3 4 4 0 5610 5511 5412 5611 5512 5413
9966 6 3 4 4 0 5611 5512 5413 5612 5513 5414
9967 6 3 4 4 0 5612 5513 5414 5613 5514 5415
9968 6 3 4 4 0 5613 5514 5415 5614 5515 5416
9969 6 3 4 4 0 5614 5515 5416 5615 5516 5417
9970 6 3 4 4 0 5615 5516 5417 5616 5517 5418
9971 6 3 4 4 0 5616 5517 5418 5617 5518 5419
9972 6 3 4 4 0 5617 5518 5419 2284 2275 2266
9973 6 3 4 4 0 2020 2039 2050 5288 5497 5618
9974 6 3 4 4 0 5288 5497 5618 5289 5498 5619
9975 6 3 4 4 0 5289 5498 5619 5290 5499 5620
9976 6 3 4 4 0 5290 5499 5620 5291 5500 5621
9977 6 3 4 4 0 5291 5500 5621 5292 5501 5622
9978 6 3 4 4 0 5292 5501 5622 5293 5502 5623
9979 6 3 4 4 0 5293 5502 5623 5294 5503 5624
9980 6 3 4 4 0 5294 5503 5624 5295 5504 5625
9981 6 3 4 4 0 5295 5504 5625 5296 5505 5626
9982 6 3 4 4 0 5296 5505 5626 5297 5506 5627
9983 6 3 4 4 0 5297 5506 5627 5298 5507 5628
9984 6 3 4 4 0 5298 5507 5628 2255 2274 2285
9985 6 3 4 4 0 2050 2037 2020 5618 5475 5288
9986 6 3 4 4 0 5618 5475 5288 5619 5476 5289
9987 6 3 4 4 0 5619 5476 5289 5620 5477 5290
9988 6 3 4 4 0 5620 5477 5290 5621 5478 5291
9989 6 3 4 4 0 5621 5478 5291 5622 5479 5292
9990 6 3 4 4 0 5622 5479 5292 5623 5480 5293
9991 6 3 4 4 0 5623 5480 5293 5624 5481 5294
9992 6 3 4 4 0 5624 5481 5294 5625 5482 5295
9993 6 3 4 4 0 5625 5482 5295 5626 5483 5296
9994 6 3 4 4 0 5626 5483 5296 5627 5484 5297
9995 6 3 4 4 0 5627 5484 5297 5628 5485 5298
9996 6 3 4 4 0 5628 5485 5298 2285 2272 2255
9997 6 3 4 4 0 2050 2039 2032 5618 5497 5420
9998 6 3 4 4 0 5618 5497 5420 5619 5498 5421
9999 6 3 4 4 0 5619 5498 5421 5620 5499 5422
10000 6 3 4 4 0 5620 5499 5422 5621 5500 5423
10001 6 3 4 4 0 5621 5500 5423 5622 5501 5424
10002 6 3 4 4 0 5622 5501 5424 5623 5502 5425
10003 6 3 4 4 0 5623 5502 5425 5624 5503 5426
10004 6 3 4 4 0 5624 5503 5426 5625 5504 5427
10005 6 3 4 4 0 5625 5504 5427 5626 5505 5428
10006 6 3 4 4 0 5626 5505 5428 5627 5506 5429
10007 6 3 4 4 0 5627 5506 5429 5628 5507 5430
10008 6 3 4 4 0 5628 5507 5430 2285 2274 2267
10009 6 3 4 4 0 398 2047 397 2134 5585 2123
10010 6 3 4 4 0 2134 5585 2123 2135 5586 2124
10011 6 3 4 4 0 2135 5586 2124 2136 5587 2125
10012 6 3 4 4 0 2136 5587 2125 2137 5588 2126
10013 6 3 4 4 0 2137 5588 2126 2138 5589 2127
10014 6 3 4 4 0 2138 5589 2127 2139 5590 2128
10015 6 3 4 4 0 2139 5590 2128 2140 5591 2129
10016 6 3 4 4 0 2140 5591 2129 2141 5592 2130
10017 6 3 4 4 0 2141 5592 2130 2142 5593 2131
10018 6 3 4 4 0 2142 5593 2131 2143 5594 2132
10019 6 3 4 4 0 2143 5594 2132 2144 5595 2133
10020 6 3 4 4 0 2144 5595 2133 482 2282 481
10021 6 3 4 4 0 407 2048 406 2233 5596 2222
10022 6 3 4 4 0 2233 5596 2222 2234 5597 2223
10023 6 3 4 4 0 2234 5597 2223 2235 5598 2224
10024 6 3 4 4 0 2235 5598 2224 2236 5599 2225
10025 6 3 4 4 0 2236 5599 2225 2237 5600 2226
10026 6 3 4 4 0 2237 5600 2226 2238 5601 2227
10027 6 3 4 4 0 2238 5601 2227 2239 5602 2228
10028 6 3 4 4 0 2239 5602 2228 2240 5603 2229
10029 6 3 4 4 0 2240 5603 2229 2241 5604 2230
10030 6 3 4 4 0 2241 5604 2230 2242 5605 2231
10031 6 3 4 4 0 2242 5605 2231 2243 5606 2232
10032 6 3 4 4 0 2243 5606 2232 491 2283 490
10033 6 3 4 4 0 2030 2048 2053 5398 5596 5651
10034 6 3 4 4 0 5398 5596 5651 5399 5597 5652
10035 6 3 4 4 0 5399 5597 5652 5400 5598 5653
10036 6 3 4 4 0 5400 5598 5653 5401 5599 5654
10037 6 3 4 4 0 5401 5599 5654 5402 5600 5655
10038 6 3 4 4 0 5402 5600 5655 5403 5601 5656
10039 6 3 4 4 0 5403 5601 5656 5404 5602 5657
10040 6 3 4 4 0 5404 5602 5657 5405 5603 5658
10041 6 3 4 4 0 5405 5603 5658 5406 5604 5659
10042 6 3 4 4 0 5406 5604 5659 5407 5605 5660
10043 6 3 4 4 0 5407 5605 5660 5408 5606 5661
10044 6 3 4 4 0 5408 5606 5661 2265 2283 2288
10045 6 3 4 4 0 2053 2044 2030 5651 5552 5398
10046 6 3 4 4 0 5651 5552 5398 5652 5553 5399
10047 6 3 4 4 0 5652 5553 5399 5653 5554 5400
10048 6 3 4 4 0 5653 5554 5400 5654 5555 5401
10049 6 3 4 4 0 5654 5555 5401 5655 5556 5402
10050 6 3 4 4 0 5655 5556 5402 5656 5557 5403
10051 6 3 4 4 0 5656 5557 5403 5657 5558 5404
10052 6 3 4 4 0 5657 5558 5404 5658 5559 5405
10053 6 3 4 4 0 5658 5559 5405 5659 5560 5406
10054 6 3 4 4 0 5659 5560 5406 5660 5561 5407
10055 6 3 4 4 0 5660 5561 5407 5661 5562 5408
10056 6 3 4 4 0 5661 5562 5408 2288 2279 2265
10057 6 3 4 4 0 2053 2048 407 5651 5596 2233
10058 6 3 4 4 0 5651 5596 2233 5652 5597 2234
10059 6 3 4 4 0 5652 5597 2234 5653 5598 2235
10060 6 3 4 4 0 5653 5598 2235 5654 5599 2236
10061 6 3 4 4 0 5654 5599 2236 5655 5600 2237
10062 6 3 4 4 0 5655 5600 2237 5656 5601 2238
10063 6 3 4 4 0 5656 5601 2238 5657 5602 2239
10064 6 3 4 4 0 5657 5602 2239 5658 5603 2240
10065 6 3 4 4 0 5658 5603 2240 5659 5604 2241
10066 6 3 4 4 0 5659 5604 2241 5660 5605 2242
10067 6 3 4 4 0 5660 5605 2242 5661 5606 2243
10068 6 3 4 4 0 5661 5606 2243 2288 2283 491
10069 6 3 4 4 0 2029 2047 2054 5387 5585 5662
10070 6 3 4 4 0 5387 5585 5662 5388 5586 5663
10071 6 3 4 4 0 5388 5586 5663 5389 5587 5664
10072 6 3 4 4 0 5389 5587 5664 5390 5588 5665
10073 6 3 4 4 0 5390 5588 5665 5391 5589 5666
10074 6 3 4 4 0 5391 5589 5666 5392 5590 5667
10075 6 3 4 4 0 5392 5590 5667 5393 5591 5668
10076 6 3 4 4 0 5393 5591 5668 5394 5592 5669
10077 6 3 4 4 0 5394 5592 5669 5395 5593 5670
10078 6 3 4 4 0 5395 5593 5670 5396 5594 5671
10079 6 3 4 4 0 5396 5594 5671 5397 5595 5672
10080 6 3 4 4 0 5397 5595 5672 2264 2282 2289
10081 6 3 4 4 0 2054 2043 2029 5662 5541 5387
10082 6 3 4 4 0 5662 5541 5387 5663 5542 5388
10083 6 3 4 4 0 5663 5542 5388 5664 5543 5389
10084 6 3 4 4 0 5664 5543 5389 5665 5544 5390
10085 6 3 4 4 0 5665 5544 5390 5666 5545 5391
10086 6 3 4 4 0 5666 5545 5391 5667 5546 5392
10087 6 3 4 4 0 5667 5546 5392 5668 5547 5393
10088 6 3 4 4 0 5668 5547 5393 5669 5548 5394
10089 6 3 4 4 0 5669 5548 5394 5670 5549 5395
10090 6 3 4 4 0 5670 5549 5395 5671 5550 5396
10091 6 3 4 4 0 5671 5550 5396 5672 5551 5397
10092 6 3 4 4 0 5672 5551 5397 2289 2278 2264
10093 6 3 4 4 0 2054 2047 398 5662 5585 2134
10094 6 3 4 4 0 5662 5585 2134 5663 5586 2135
10095 6 3 4 4 0 5663 5586 2135 5664 5587 2136
10096 6 3 4 4 0 5664 5587 2136 5665 5588 2137
10097 6 3 4 4 0 5665 5588 2137 5666 5589 2138
10098 6 3 4 4 0 5666 5589 2138 5667 5590 2139
10099 6 3 4 4 0 5667 5590 2139 5668 5591 2140
10100 6 3 4 4 0 5668 5591 2140 5669 5592 2141
10101 6 3 4 4 0 5669 5592 2141 5670 5593 2142
10102 6 3 4 4 0 5670 5593 2142 5671 5594 2143
10103 6 3 4 4 0 5671 5594 2143 5672 5595 2144
10104 6 3 4 4 0 5672 5595 2144 2289 2282 482
10105 6 3 4 4 0 2054 398 399 5662 2134 2145
10106 6 3 4 4 0 5662 2134 2145 5663 2135 2146
10107 6 3 4 4 0 5663 2135 2146 5664 2136 2147
10108 6 3 4 4 0 5664 2136 2147 5665 2137 2148
10109 6 3 4 4 0 5665 2137 2148 5666 2138 2149
10110 6 3 4 4 0 5666 2138 2149 5667 2139 2150
10111 6 3 4 4 0 5667 2139 2150 5668 2140 2151
10112 6 3 4 4 0 5668 2140 2151 5669 2141 2152
10113 6 3 4 4 0 5669 2141 2152 5670 2142 2153
10114 6 3 4 4 0 5670 2142 2153 5671 2143 2154
10115 6 3 4 4 0 5671 2143 2154 5672 2144 2155
10116 6 3 4 4 0 5672 2144 2155 2289 482 483
10117 6 3 4 4 0 2043 2054 399 5541 5662 2145
10118 6 3 4 4 0 5541 5662 2145 5542 5663 2146
10119 6 3 4 4 0 5542 5663 2146 5543 5664 2147
10120 6 3 4 4 0 5543 5664 2147 5544 5665 2148
10121 6 3 4 4 0 5544 5665 2148 5545 5666 2149
10122 6 3 4 4 0 5545 5666 2149 5546 5667 2150
10123 6 3 4 4 0 5546 5667 2150 5547 5668 2151
10124 6 3 4 4 0 5547 5668 2151 5548 5669 2152
10125 6 3 4 4 0 5548 5669 2152 5549 5670 2153
10126 6 3 4 4 0 5549 5670 2153 5550 5671 2154
10127 6 3 4 4 0 5550 5671 2154 5551 5672 2155
10128 6 3 4 4 0 5551 5672 2155 2278 2289 483
10129 6 3 4 4 0 2053 407 408 5651 2233 2244
10130 6 3 4 4 0 5651 2233 2244 5652 2234 2245
10131 6 3 4 4 0 5652 2234 2245 5653 2235 2246
10132 6 3 4 4 0 5653 2235 2246 5654 2236 2247
10133 6 3 4 4 0 5654 2236 2247 5655 2237 2248
10134 6 3 4 4 0 5655 2237 2248 5656 2238 2249
10135 6 3 4 4 0 5656 2238 2249 5657 2239 2250
10136 6 3 4 4 0 5657 2239 2250 5658 2240 2251
10137 6 3 4 4 0 5658 2240 2251 5659 2241 2252
10138 6 3 4 4 0 5659 2241 2252 5660 2242 2253
10139 6 3 4 4 0 5660 2242 2253 5661 2243 2254
10140 6 3 4 4 0 5661 2243 2254 2288 491 492
10141 6 3 4 4 0 2044 2053 408 5552 5651 2244
10142 6 3 4 4 0 5552 5651 2244 5553 5652 2245
10143 6 3 4 4 0 5553 5652 2245 5554 5653 2246
10144 6 3 4 4 0 5554 5653 2246 5555 5654 2247
10145 6 3 4 4 0 5555 5654 2247 5556 5655 2248
10146 6 3 4 4 0 5556 5655 2248 5557 5656 2249
10147 6 3 4 4 0 5557 5656 2249 5558 5657 2250
10148 6 3 4 4 0 5558 5657 2250 5559 5658 2251
10149 6 3 4 4 0 5559 5658 2251 5560 5659 2252
10150 6 3 4 4 0 5560 5659 2252 5561 5660 2253
10151 6 3 4 4 0 5561 5660 2253 5562 5661 2254
10152 6 3 4 4 0 5562 5661 2254 2279 2288 492
10153 6 3 4 4 0 395 2042 2055 2101 5530 5673
10154 6 3 4 4 0 2101 5530 5673 2102 5531 5674
10155 6 3 4 4 0 2102 5531 5674 2103 5532 5675
10156 6 3 4 4 0 2103 5532 5675 2104 5533 5676
10157 6 3 4 4 0 2104 5533 5676 2105 5534 5677
10158 6 3 4 4 0 2105 5534 5677 2106 5535 5678
10159 6 3 4 4 0 2106 5535 5678 2107 5536 5679
10160 6 3 4 4 0 2107 5536 5679 2108 5537 5680
10161 6 3 4 4 0 2108 5537 5680 2109 5538 5681
10162 6 3 4 4 0 2109 5538 5681 2110 5539 5682
10163 6 3 4 4 0 2110 5539 5682 2111 5540 5683
10164 6 3 4 4 0 2111 5540 5683 479 2277 2290
10165 6 3 4 4 0 2055 2042 2021 5673 5530 5299
10166 6 3 4 4 0 5673 5530 5299 5674 5531 5300
10167 6 3 4 4 0 5674 5531 5300 5675 5532 5301
10168 6 3 4 4 0 5675 5532 5301 5676 5533 5302
10169 6 3 4 4 0 5676 5533 5302 5677 5534 5303
10170 6 3 4 4 0 5677 5534 5303 5678 5535 5304
10171 6 3 4 4 0 5678 5535 5304 5679 5536 5305
10172 6 3 4 4 0 5679 5536 5305 5680 5537 5306
10173 6 3 4 4 0 5680 5537 5306 5681 5538 5307
10174 6 3 4 4 0 5681 5538 5307 5682 5539 5308
10175 6 3 4 4 0 5682 5539 5308 5683 5540 5309
10176 6 3 4 4 0 5683 5540 5309 2290 2277 2256
10177 6 3 4 4 0 404 2041 2056 2200 5519 5684
10178 6 3 4 4 0 2200 5519 5684 2201 5520 5685
10179 6 3 4 4 0 2201 5520 5685 2202 5521 5686
10180 6 3 4 4 0 2202 5521 5686 2203 5522 5687
10181 6 3 4 4 0 2203 5522 5687 2204 5523 5688
10182 6 3 4 4 0 2204 5523 5688 2205 5524 5689
10183 6 3 4 4 0 2205 5524 5689 2206 5525 5690
10184 6 3 4 4 0 2206 5525 5690 2207 5526 5691
10185 6 3 4 4 0 2207 5526 5691 2208 5527 5692
10186 6 3 4 4 0 2208 5527 5692 2209 5528 5693
10187 6 3 4 4 0 2209 5528 5693 2210 5529 5694
10188 6 3 4 4 0 2210 5529 5694 488 2276 2291
10189 6 3 4 4 0 2056 2041 2022 5684 5519 5310
10190 6 3 4 4 0 5684 5519 5310 5685 5520 5311
10191 6 3 4 4 0 5685 5520 5311 5686 5521 5312
10192 6 3 4 4 0 5686 5521 5312 5687 5522 5313
10193 6 3 4 4 0 5687 5522 5313 5688 5523 5314
10194 6 3 4 4 0 5688 5523 5314 5689 5524 5315
10195 6 3 4 4 0 5689 5524 5315 5690 5525 5316
10196 6 3 4 4 0 5690 5525 5316 5691 5526 5317
10197 6 3 4 4 0 5691 5526 5317 5692 5527 5318
10198 6 3 4 4 0 5692 5527 5318 5693 5528 5319
10199 6 3 4 4 0 5693 5528 5319 5694 5529 5320
10200 6 3 4 4 0 5694 5529 5320 2291 2276 2257
10201 6 3 4 4 0 2028 394 2055 5376 2090 5673
10202 6 3 4 4 0 5376 2090 5673 5377 2091 5674
10203 6 3 4 4 0 5377 2091 5674 5378 2092 5675
10204 6 3 4 4 0 5378 2092 5675 5379 2093 5676
10205 6 3 4 4 0 5379 2093 5676 5380 2094 5677
10206 6 3 4 4 0 5380 2094 5677 5381 2095 5678
10207 6 3 4 4 0 5381 2095 5678 5382 2096 5679
10208 6 3 4 4 0 5382 2096 5679 5383 2097 5680
10209 6 3 4 4 0 5383 2097 5680 5384 2098 5681
10210 6 3 4 4 0 5384 2098 5681 5385 2099 5682
10211 6 3 4 4 0 5385 2099 5682 5386 2100 5683
10212 6 3 4 4 0 5386 2100 5683 2263 478 2290
10213 6 3 4 4 0 2055 2021 2028 5673 5299 5376
10214 6 3 4 4 0 5673 5299 5376 5674 5300 5377
10215 6 3 4 4 0 5674 5300 5377 5675 5301 5378
10216 6 3 4 4 0 5675 5301 5378 5676 5302 5379
10217 6 3 4 4 0 5676 5302 5379 5677 5303 5380
10218 6 3 4 4 0 5677 5303 5380 5678 5304 5381
10219 6 3 4 4 0 5678 5304 5381 5679 5305 5382
10220 6 3 4 4 0 5679 5305 5382 5680 5306 5383
10221 6 3 4 4 0 5680 5306 5383 5681 5307 5384
10222 6 3 4 4 0 5681 5307 5384 5682 5308 5385
10223 6 3 4 4 0 5682 5308 5385 5683 5309 5386
10224 6 3 4 4 0 5683 5309 5386 2290 2256 2263
10225 6 3 4 4 0 2055 394 395 5673 2090 2101
10226 6 3 4 4 0 5673 2090 2101 5674 2091 2102
10227 6 3 4 4 0 5674 2091 2102 5675 2092 2103
10228 6 3 4 4 0 5675 2092 2103 5676 2093 2104
10229 6 3 4 4 0 5676 2093 2104 5677 2094 2105
10230 6 3 4 4 0 5677 2094 2105 5678 2095 2106
10231 6 3 4 4 0 5678 2095 2106 5679 2096 2107
10232 6 3 4 4 0 5679 2096 2107 5680 2097 2108
10233 6 3 4 4 0 5680 2097 2108 5681 2098 2109
10234 6 3 4 4 0 5681 2098 2109 5682 2099 2110
10235 6 3 4 4 0 5682 2099 2110 5683 2100 2111
10236 6 3 4 4 0 5683 2100 2111 2290 478 479
10237 6 3 4 4 0 2023 403 2056 5321 2189 5684
10238 6 3 4 4 0 5321 2189 5684 5322 2190 5685
10239 6 3 4 4 0 5322 2190 5685 5323 2191 5686
10240 6 3 4 4 0 5323 2191 5686 5324 2192 5687
10241 6 3 4 4 0 5324 2192 5687 5325 2193 5688
10242 6 3 4 4 0 5325 2193 5688 5326 2194 5689
10243 6 3 4 4 0 5326 2194 5689 5327 2195 5690
10244 6 3 4 4 0 5327 2195 5690 5328 2196 5691
10245 6 3 4 4 0 5328 2196 5691 5329 2197 5692
10246 6 3 4 4 0 5329 2197 5692 5330 2198 5693
10247 6 3 4 4 0 5330 2198 5693 5331 2199 5694
10248 6 3 4 4 0 5331 2199 5694 2258 487 2291
10249 6 3 4 4 0 2056 2022 2023 5684 5310 5321
10250 6 3 4 4 0 5684 5310 5321 5685 5311 5322
10251 6 3 4 4 0 5685 5311 5322 5686 5312 5323
10252 6 3 4 4 0 5686 5312 5323 5687 5313 5324
10253 6 3 4 4 0 5687 5313 5324 5688 5314 5325
10254 6 3 4 4 0 5688 5314 5325 5689 5315 5326
10255 6 3 4 4 0 5689 5315 5326 5690 5316 5327
10256 6 3 4 4 0 5690 5316 5327 5691 5317 5328
10257 6 3 4 4 0 5691 5317 5328 5692 5318 5329
10258 6 3 4 4 0 5692 5318 5329 5693 5319 5330
10259 6 3 4 4 0 5693 5319 5330 5694 5320 5331
10260 6 3 4 4 0 5694 5320 5331 2291 2257 2258
10261 6 3 4 4 0 2056 403 404 5684 2189 2200
10262 6 3 4 4 0 5684 2189 2200 5685 2190 2201
10263 6 3 4 4 0 5685 2190 2201 5686 2191 2202
10264 6 3 4 4 0 5686 2191 2202 5687 2192 2203
10265 6 3 4 4 0 5687 2192 2203 5688 2193 2204
10266 6 3 4 4 0 5688 2193 2204 5689 2194 2205
10267 6 3 4 4 0 5689 2194 2205 5690 2195 2206
10268 6 3 4 4 0 5690 2195 2206 5691 2196 2207
10269 6 3 4 4 0 5691 2196 2207 5692 2197 2208
10270 6 3 4 4 0 5692 2197 2208 5693 2198 2209
10271 6 3 4 4 0 5693 2198 2209 5694 2199 2210
10272 6 3 4 4 0 5694 2199 2210 2291 487 488
10273 6 3 5 5 0 486 29 2258 2721 733 5812
10274 6 3 5 5 0 2721 733 5812 2722 734 5813
10275 6 3 5 5 0 2722 734 5813 2723 735 5814
10276 6 3 5 5 0 2723 735 5814 2724 736 5815
10277 6 3 5 5 0 2724 736 5815 2725 737 5816
10278 6 3 5 5 0 2725 737 5816 2726 738 5817
10279 6 3 5 5 0 2726 738 5817 2727 739 5818
10280 6 3 5 5 0 2727 739 5818 2728 740 5819
10281 6 3 5 5 0 2728 740 5819 2729 741 5820
10282 6 3 5 5 0 2729 741 5820 2730 742 5821
10283 6 3 5 5 0 2730 742 5821 2731 743 5822
10284 6 3 5 5 0 2731 743 5822 2732 744 5823
10285 6 3 5 5 0 2732 744 5823 2733 745 5824
10286 6 3 5 5 0 2733 745 5824 2734 746 5825
10287 6 3 5 5 0 2734 746 5825 2735 747 5826
10288 6 3 5 5 0 2735 747 5826 2736 748 5827
10289 6 3 5 5 0 2736 748 5827 2737 749 5828
10290 6 3 5 5 0 2737 749 5828 2738 750 5829
10291 6 3 5 5 0 2738 750 5829 2739 751 5830
10292 6 3 5 5 0 2739 751 5830 2740 752 5831
10293 6 3 5 5 0 2740 752 5831 2741 753 5832
10294 6 3 5 5 0 2741 753 5832 2742 754 5833
10295 6 3 5 5 0 2742 754 5833 2743 755 5834
10296 6 3 5 5 0 2743 755 5834 2744 756 5835
10297 6 3 5 5 0 2744 756 5835 2745 757 5836
10298 6 3 5 5 0 2745 757 5836 2746 758 5837
10299 6 3 5 5 0 2746 758 5837 2747 759 5838
10300 6 3 5 5 0 2747 759 5838 2748 760 5839
10301 6 3 5 5 0 2748 760 5839 2749 761 5840
10302 6 3 5 5 0 2749 761 5840 2750 762 5841
10303 6 3 5 5 0 2750 762 5841 2751 763 5842
10304 6 3 5 5 0 2751 763 5842 2752 764 5843
10305 6 3 5 5 0 2752 764 5843 2753 765 5844
10306 6 3 5 5 0 2753 765 5844 2754 766 5845
10307 6 3 5 5 0 2754 766 5845 2755 767 5846
10308 6 3 5 5 0 2755 767 5846 2756 768 5847
10309 6 3 5 5 0 2756 768 5847 2757 769 5848
10310 6 3 5 5 0 2757 769 5848 2758 770 5849
10311 6 3 5 5 0 2758 770 5849 2759 771 5850
10312 6 3 5 5 0 2759 771 5850 570 35 2997
10313 6 3 5 5 0 489 30 2260 2838 772 5890
10314 6 3 5 5 0 2838 772 5890 2839 773 5891
10315 6 3 5 5 0 2839 773 5891 2840 774 5892
10316 6 3 5 5 0 2840 774 5892 2841 775 5893
10317 6 3 5 5 0 2841 775 5893 2842 776 5894
10318 6 3 5 5 0 2842 776 5894 2843 777 5895
10319 6 3 5 5 0 2843 777 5895 2844 778 5896
10320 6 3 5 5 0 2844 778 5896 2845 779 5897
10321 6 3 5 5 0 2845 779 5897 2846 780 5898
10322 6 3 5 5 0 2846 780 5898 2847 781 5899
10323 6 3 5 5 0 2847 781 5899 2848 782 5900
10324 6 3 5 5 0 2848 782 5900 2849 783 5901
10325 6 3 5 5 0 2849 783 5901 2850 784 5902
10326 6 3 5 5 0 2850 784 5902 2851 785 5903
10327 6 3 5 5 0 2851 785 5903 2852 786 5904
10328 6 3 5 5 0 2852 786 5904 2853 787 5905
10329 6 3 5 5 0 2853 787 5905 2854 788 5906
10330 6 3 5 5 0 2854 788 5906 2855 789 5907
10331 6 3 5 5 0 2855 789 5907 2856 790 5908
10332 6 3 5 5 0 2856 790 5908 2857 791 5909
10333 6 3 5 5 0 2857 791 5909 2858 792 5910
10334 6 3 5 5 0 2858 792 5910 2859 793 5911
10335 6 3 5 5 0 2859 793 5911 2860 794 5912
10336 6 3 5 5 0 2860 794 5912 2861 795 5913
10337 6 3 5 5 0 2861 795 5913 2862 796 5914
10338 6 3 5 5 0 2862 796 5914 2863 797 5915
10339 6 3 5 5 0 2863 797 5915 2864 798 5916
10340 6 3 5 5 0 2864 798 5916 2865 799 5917
10341 6 3 5 5 0 2865 799 5917 2866 800 5918
10342 6 3 5 5 0 2866 800 5918 2867 801 5919
10343 6 3 5 5 0 2867 801 5919 2868 802 5920
10344 6 3 5 5 0 2868 802 5920 2869 803 5921
10345 6 3 5 5 0 2869 803 5921 2870 804 5922
10346 6 3 5 5 0 2870 804 5922 2871 805 5923
10347 6 3 5 5 0 2871 805 5923 2872 806 5924
10348 6 3 5 5 0 2872 806 5924 2873 807 5925
10349 6 3 5 5 0 2873 807 5925 2874 808 5926
10350 6 3 5 5 0 2874 808 5926 2875 809 5927
10351 6 3 5 5 0 2875 809 5927 2876 810 5928
10352 6 3 5 5 0 2876 810 5928 573 36 2999
10353 6 3 5 5 0 480 27 2262 2487 655 5968
10354 6 3 5 5 0 2487 655 5968 2488 656 5969
10355 6 3 5 5 0 2488 656 5969 2489 657 5970
10356 6 3 5 5 0 2489 657 5970 2490 658 5971
10357 6 3 5 5 0 2490 658 5971 2491 659 5972
10358 6 3 5 5 0 2491 659 5972 2492 660 5973
10359 6 3 5 5 0 2492 660 5973 2493 661 5974
10360 6 3 5 5 0 2493 661 5974 2494 662 5975
10361 6 3 5 5 0 2494 662 5975 2495 663 5976
10362 6 3 5 5 0 2495 663 5976 2496 664 5977
10363 6 3 5 5 0 2496 664 5977 2497 665 5978
10364 6 3 5 5 0 2497 665 5978 2498 666 5979
10365 6 3 5 5 0 2498 666 5979 2499 667 5980
10366 6 3 5 5 0 2499 667 5980 2500 668 5981
10367 6 3 5 5 0 2500 668 5981 2501 669 5982
10368 6 3 5 5 0 2501 669 5982 2502 670 5983
10369 6 3 5 5 0 2502 670 5983 2503 671 5984
10370 6 3 5 5 0 2503 671 5984 2504 672 5985
10371 6 3 5 5 0 2504 672 5985 2505 673 5986
10372 6 3 5 5 0 2505 673 5986 2506 674 5987
10373 6 3 5 5 0 2506 674 5987 2507 675 5988
10374 6 3 5 5 0 2507 675 5988 2508 676 5989
10375 6 3 5 5 0 2508 676 5989 2509 677 5990
10376 6 3 5 5 0 2509 677 5990 2510 678 5991
10377 6 3 5 5 0 2510 678 5991 2511 679 5992
10378 6 3 5 5 0 2511 679 5992 2512 680 5993
10379 6 3 5 5 0 2512 680 5993 2513 681 5994
10380 6 3 5 5 0 2513 681 5994 2514 682 5995
10381 6 3 5 5 0 2514 682 5995 2515 683 5996
10382 6 3 5 5 0 2515 683 5996 2516 684 5997
10383 6 3 5 5 0 2516 684 5997 2517 685 5998
10384 6 3 5 5 0 2517 685 5998 2518 686 5999
10385 6 3 5 5 0 2518 686 5999 2519 687 6000
10386 6 3 5 5 0 2519 687 6000 2520 688 6001
10387 6 3 5 5 0 2520 688 6001 2521 689 6002
10388 6 3 5 5 0 2521 689 6002 2522 690 6003
10389 6 3 5 5 0 2522 690 6003 2523 691 6004
10390 6 3 5 5 0 2523 691 6004 2524 692 6005
10391 6 3 5 5 0 2524 692 6005 2525 693 6006
10392 6 3 5 5 0 2525 693 6006 564 33 3001
10393 6 3 5 5 0 477 26 2263 2370 616 6007
10394 6 3 5 5 0 2370 616 6007 2371 617 6008
10395 6 3 5 5 0 2371 617 6008 2372 618 6009
10396 6 3 5 5 0 2372 618 6009 2373 619 6010
10397 6 3 5 5 0 2373 619 6010 2374 620 6011
10398 6 3 5 5 0 2374 620 6011 2375 621 6012
10399 6 3 5 5 0 2375 621 6012 2376 622 6013
10400 6 3 5 5 0 2376 622 6013 2377 623 6014
10401 6 3 5 5 0 2377 623 6014 2378 624 6015
10402 6 3 5 5 0 2378 624 6015 2379 625 6016
10403 6 3 5 5 0 2379 625 6016 2380 626 6017
10404 6 3 5 5 0 2380 626 6017 2381 627 6018
10405 6 3 5 5 0 2381 627 6018 2382 628 6019
10406 6 3 5 5 0 2382 628 6019 2383 629 6020
10407 6 3 5 5 0 2383 629 6020 2384 630 6021
10408 6 3 5 5 0 2384 630 6021 2385 631 6022
10409 6 3 5 5 0 2385 631 6022 2386 632 6023
10410 6 3 5 5 0 2386 632 6023 2387 633 6024
10411 6 3 5 5 0 2387 633 6024 2388 634 6025
10412 6 3 5 5 0 2388 634 6025 2389 635 6026
10413 6 3 5 5 0 2389 635 6026 2390 636 6027
10414 6 3 5 5 0 2390 636 6027 2391 637 6028
10415 6 3 5 5 0 2391 637 6028 2392 638 6029
10416 6 3 5 5 0 2392 638 6029 2393 639 6030
10417 6 3 5 5 0 2393 639 6030 2394 640 6031
10418 6 3 5 5 0 2394 640 6031 2395 641 6032
10419 6 3 5 5 0 2395 641 6032 2396 642 6033
10420 6 3 5 5 0 2396 642 6033 2397 643 6034
10421 6 3 5 5 0 2397 643 6034 2398 644 6035
10422 6 3 5 5 0 2398 644 6035 2399 645 6036
10423 6 3 5 5 0 2399 645 6036 2400 646 6037
10424 6 3 5 5 0 2400 646 6037 2401 647 6038
10425 6 3 5 5 0 2401 647 6038 2402 648 6039
10426 6 3 5 5 0 2402 648 6039 2403 649 6040
10427 6 3 5 5 0 2403 649 6040 2404 650 6041
10428 6 3 5 5 0 2404 650 6041 2405 651 6042
10429 6 3 5 5 0 2405 651 6042 2406 652 6043
10430 6 3 5 5 0 2406 652 6043 2407 653 6044
10431 6 3 5 5 0 2407 653 6044 2408 654 6045
10432 6 3 5 5 0 2408 654 6045 561 32 3002
10433 6 3 5 5 0 29 487 2258 733 2760 5812
10434 6 3 5 5 0 733 2760 5812 734 2761 5813
10435 6 3 5 5 0 734 2761 5813 735 2762 5814
10436 6 3 5 5 0 735 2762 5814 736 2763 5815
10437 6 3 5 5 0 736 2763 5815 737 2764 5816
10438 6 3 5 5 0 737 2764 5816 738 2765 5817
10439 6 3 5 5 0 738 2765 5817 739 2766 5818
10440 6 3 5 5 0 739 2766 5818 740 2767 5819
10441 6 3 5 5 0 740 2767 5819 741 2768 5820
10442 6 3 5 5 0 741 2768 5820 742 2769 5821
10443 6 3 5 5 0 742 2769 5821 743 2770 5822
10444 6 3 5 5 0 743 2770 5822 744 2771 5823
10445 6 3 5 5 0 744 2771 5823 745 2772 5824
10446 6 3 5 5 0 745 2772 5824 746 2773 5825
10447 6 3 5 5 0 746 2773 5825 747 2774 5826
10448 6 3 5 5 0 747 2774 5826 748 2775 5827
10449 6 3 5 5 0 748 2775 5827 749 2776 5828
10450 6 3 5 5 0 749 2776 5828 750 2777 5829
10451 6 3 5 5 0 750 2777 5829 751 2778 5830
10452 6 3 5 5 0 751 2778 5830 752 2779 5831
10453 6 3 5 5 0 752 2779 5831 753 2780 5832
10454 6 3 5 5 0 753 2780 5832 754 2781 5833
10455 6 3 5 5 0 754 2781 5833 755 2782 5834
10456 6 3 5 5 0 755 2782 5834 756 2783 5835
10457 6 3 5 5 0 756 2783 5835 757 2784 5836
10458 6 3 5 5 0 757 2784 5836 758 2785 5837
10459 6 3 5 5 0 758 2785 5837 759 2786 5838
10460 6 3 5 5 0 759 2786 5838 760 2787 5839
10461 6 3 5 5 0 760 2787 5839 761 2788 5840
10462 6 3 5 5 0 761 2788 5840 762 2789 5841
10463 6 3 5 5 0 762 2789 5841 763 2790 5842
10464 6 3 5 5 0 763 2790 5842 764 2791 5843
10465 6 3 5 5 0 764 2791 5843 765 2792 5844
10466 6 3 5 5 0 765 2792 5844 766 2793 5845
10467 6 3 5 5 0 766 2793 5845 767 2794 5846
10468 6 3 5 5 0 767 2794 5846 768 2795 5847
10469 6 3 5 5 0 768 2795 5847 769 2796 5848
10470 6 3 5 5 0 769 2796 5848 770 2797 5849
10471 6 3 5 5 0 770 2797 5849 771 2798 5850
10472 6 3 5 5 0 771 2798 5850 35 571 2997
10473 6 3 5 5 0 26 478 2263 616 2409 6007
10474 6 3 5 5 0 616 2409 6007 617 2410 6008
10475 6 3 5 5 0 617 2410 6008 618 2411 6009
10476 6 3 5 5 0 618 2411 6009 619 2412 6010
10477 6 3 5 5 0 619 2412 6010 620 2413 6011
10478 6 3 5 5 0 620 2413 6011 621 2414 6012
10479 6 3 5 5 0 621 2414 6012 622 2415 6013
10480 6 3 5 5 0 622 2415 6013 623 2416 6014
10481 6 3 5 5 0 623 2416 6014 624 2417 6015
10482 6 3 5 5 0 624 2417 6015 625 2418 6016
10483 6 3 5 5 0 625 2418 6016 626 2419 6017
10484 6 3 5 5 0 626 2419 6017 627 2420 6018
10485 6 3 5 5 0 627 2420 6018 628 2421 6019
10486 6 3 5 5 0 628 2421 6019 629 2422 6020
10487 6 3 5 5 0 629 2422 6020 630 2423 6021
10488 6 3 5 5 0 630 2423 6021 631 2424 6022
10489 6 3 5 5 0 631 2424 6022 632 2425 6023
10490 6 3 5 5 0 632 2425 6023 633 2426 6024
10491 6 3 5 5 0 633 2426 6024 634 2427 6025
10492 6 3 5 5 0 634 2427 6025 635 2428 6026
10493 6 3 5 5 0 635 2428 6026 636 2429 6027
10494 6 3 5 5 0 636 2429 6027 637 2430 6028
10495 6 3 5 5 0 637 2430 6028 638 2431 6029
10496 6 3 5 5 0 638 2431 6029 639 2432 6030
10497 6 3 5 5 0 639 2432 6030 640 2433 6031
10498 6 3 5 5 0 640 2433 6031 641 2434 6032
10499 6 3 5 5 0 641 2434 6032 642 2435 6033
10500 6 3 5 5 0 642 2435 6033 643 2436 6034
10501 6 3 5 5 0 643 2436 6034 644 2437 6035
10502 6 3 5 5 0 644 2437 6035 645 2438 6036
10503 6 3 5 5 0 645 2438 6036 646 2439 6037
10504 6 3 5 5 0 646 2439 6037 647 2440 6038
10505 6 3 5 5 0 647 2440 6038 648 2441 6039
10506 6 3 5 5 0 648 2441 6039 649 2442 6040
10507 6 3 5 5 0 649 2442 6040 650 2443 6041
10508 6 3 5 5 0 650 2443 6041 651 2444 6042
10509 6 3 5 5 0 651 2444 6042 652 2445 6043
10510 6 3 5 5 0 652 2445 6043 653 2446 6044
10511 6 3 5 5 0 653 2446 6044 654 2447 6045
10512 6 3 5 5 0 654 2447 6045 32 562 3002
10513 6 3 5 5 0 30 490 2260 772 2877 5890
10514 6 3 5 5 0 772 2877 5890 773 2878 5891
10515 6 3 5 5 0 773 2878 5891 774 2879 5892
10516 6 3 5 5 0 774 2879 5892 775 2880 5893
10517 6 3 5 5 0 775 2880 5893 776 2881 5894
10518 6 3 5 5 0 776 2881 5894 777 2882 5895
10519 6 3 5 5 0 777 2882 5895 778 2883 5896
10520 6 3 5 5 0 778 2883 5896 779 2884 5897
10521 6 3 5 5 0 779 2884 5897 780 2885 5898
10522 6 3 5 5 0 780 2885 5898 781 2886 5899
10523 6 3 5 5 0 781 2886 5899 782 2887 5900
10524 6 3 5 5 0 782 2887 5900 783 2888 5901
10525 6 3 5 5 0 783 2888 5901 784 2889 5902
10526 6 3 5 5 0 784 2889 5902 785 2890 5903
10527 6 3 5 5 0 785 2890 5903 786 2891 5904
10528 6 3 5 5 0 786 2891 5904 787 2892 5905
10529 6 3 5 5 0 787 2892 5905 788 2893 5906
10530 6 3 5 5 0 788 2893 5906 789 2894 5907
10531 6 3 5 5 0 789 2894 5907 790 2895 5908
10532 6 3 5 5 0 790 2895 5908 791 2896 5909
10533 6 3 5 5 0 791 2896 5909 792 2897 5910
10534 6 3 5 5 0 792 2897 5910 793 2898 5911
10535 6 3 5 5 0 793 2898 5911 794 2899 5912
10536 6 3 5 5 0 794 2899 5912 795 2900 5913
10537 6 3 5 5 0 795 2900 5913 796 2901 5914
10538 6 3 5 5 0 796 2901 5914 797 2902 5915
10539 6 3 5 5 0 797 2902 5915 798 2903 5916
10540 6 3 5 5 0 798 2903 5916 799 2904 5917
10541 6 3 5 5 0 799 2904 5917 800 2905 5918
10542 6 3 5 5 0 800 2905 5918 801 2906 5919
10543 6 3 5 5 0 801 2906 5919 802 2907 5920
10544 6 3 5 5 0 802 2907 5920 803 2908 5921
10545 6 3 5 5 0 803 2908 5921 804 2909 5922
10546 6 3 5 5 0 804 2909 5922 805 2910 5923
10547 6 3 5 5 0 805 2910 5923 806 2911 5924
10548 6 3 5 5 0 806 2911 5924 807 2912 5925
10549 6 3 5 5 0 807 2912 5925 808 2913 5926
10550 6 3 5 5 0 808 2913 5926 809 2914 5927
10551 6 3 5 5 0 809 2914 5927 810 2915 5928
10552 6 3 5 5 0 810 2915 5928 36 574 2999
10553 6 3 5 5 0 27 481 2262 655 2526 5968
10554 6 3 5 5 0 655 2526 5968 656 2527 5969
10555 6 3 5 5 0 656 2527 5969 657 2528 5970
10556 6 3 5 5 0 657 2528 5970 658 2529 5971
10557 6 3 5 5 0 658 2529 5971 659 2530 5972
10558 6 3 5 5 0 659 2530 5972 660 2531 5973
10559 6 3 5 5 0 660 2531 5973 661 2532 5974
10560 6 3 5 5 0 661 2532 5974 662 2533 5975
10561 6 3 5 5 0 662 2533 5975 663 2534 5976
10562 6 3 5 5 0 663 2534 5976 664 2535 5977
10563 6 3 5 5 0 664 2535 5977 665 2536 5978
10564 6 3 5 5 0 665 2536 5978 666 2537 5979
10565 6 3 5 5 0 666 2537 5979 667 2538 5980
10566 6 3 5 5 0 667 2538 5980 668 2539 5981
10567 6 3 5 5 0 668 2539 5981 669 2540 5982
10568 6 3 5 5 0 669 2540 5982 670 2541 5983
10569 6 3 5 5 0 670 2541 5983 671 2542 5984
10570 6 3 5 5 0 671 2542 5984 672 2543 5985
10571 6 3 5 5 0 672 2543 5985 673 2544 5986
10572 6 3 5 5 0 673 2544 5986 674 2545 5987
10573 6 3 5 5 0 674 2545 5987 675 2546 5988
10574 6 3 5 5 0 675 2546 5988 676 2547 5989
10575 6 3 5 5 0 676 2547 5989 677 2548 5990
10576 6 3 5 5 0 677 2548 5990 678 2549 5991
10577 6 3 5 5 0 678 2549 5991 679 2550 5992
10578 6 3 5 5 0 679 2550 5992 680 2551 5993
10579 6 3 5 5 0 680 2551 5993 681 2552 5994
10580 6 3 5 5 0 681 2552 5994 682 2553 5995
10581 6 3 5 5 0 682 2553 5995 683 2554 5996
10582 6 3 5 5 0 683 2554 5996 684 2555 5997
10583 6 3 5 5 0 684 2555 5997 685 2556 5998
10584 6 3 5 5 0 685 2556 5998 686 2557 5999
10585 6 3 5 5 0 686 2557 5999 687 2558 6000
10586 6 3 5 5 0 687 2558 6000 688 2559 6001
10587 6 3 5 5 0 688 2559 6001 689 2560 6002
10588 6 3 5 5 0 689 2560 6002 690 2561 6003
10589 6 3 5 5 0 690 2561 6003 691 2562 6004
10590 6 3 5 5 0 691 2562 6004 692 2563 6005
10591 6 3 5 5 0 692 2563 6005 693 2564 6006
10592 6 3 5 5 0 693 2564 6006 33 565 3001
10593 6 3 5 5 0 2268 2263 2256 6202 6007 5734
10594 6 3 5 5 0 6202 6007 5734 6203 6008 5735
10595 6 3 5 5 0 6203 6008 5735 6204 6009 5736
10596 6 3 5 5 0 6204 6009 5736 6205 6010 5737
10597 6 3 5 5 0 6205 6010 5737 6206 6011 5738
10598 6 3 5 5 0 6206 6011 5738 6207 6012 5739
10599 6 3 5 5 0 6207 6012 5739 6208 6013 5740
10600 6 3 5 5 0 6208 6013 5740 6209 6014 5741
10601 6 3 5 5 0 6209 6014 5741 6210 6015 5742
10602 6 3 5 5 0 6210 6015 5742 6211 6016 5743
10603 6 3 5 5 0 6211 6016 5743 6212 6017 5744
10604 6 3 5 5 0 6212 6017 5744 6213 6018 5745
10605 6 3 5 5 0 6213 6018 5745 6214 6019 5746
10606 6 3 5 5 0 6214 6019 5746 6215 6020 5747
10607 6 3 5 5 0 6215 6020 5747 6216 6021 5748
10608 6 3 5 5 0 6216 6021 5748 6217 6022 5749
10609 6 3 5 5 0 6217 6022 5749 6218 6023 5750
10610 6 3 5 5 0 6218 6023 5750 6219 6024 5751
10611 6 3 5 5 0 6219 6024 5751 6220 6025 5752
10612 6 3 5 5 0 6220 6025 5752 6221 6026 5753
10613 6 3 5 5 0 6221 6026 5753 6222 6027 5754
10614 6 3 5 5 0 6222 6027 5754 6223 6028 5755
10615 6 3 5 5 0 6223 6028 5755 6224 6029 5756
10616 6 3 5 5 0 6224 6029 5756 6225 6030 5757
10617 6 3 5 5 0 6225 6030 5757 6226 6031 5758
10618 6 3 5 5 0 6226 6031 5758 6227 6032 5759
10619 6 3 5 5 0 6227 6032 5759 6228 6033 5760
10620 6 3 5 5 0 6228 6033 5760 6229 6034 5761
10621 6 3 5 5 0 6229 6034 5761 6230 6035 5762
10622 6 3 5 5 0 6230 6035 5762 6231 6036 5763
10623 6 3 5 5 0 6231 6036 5763 6232 6037 5764
10624 6 3 5 5 0 6232 6037 5764 6233 6038 5765
10625 6 3 5 5 0 6233 6038 5765 6234 6039 5766
10626 6 3 5 5 0 6234 6039 5766 6235 6040 5767
10627 6 3 5 5 0 6235 6040 5767 6236 6041 5768
10628 6 3 5 5 0 6236 6041 5768 6237 6042 5769
10629 6 3 5 5 0 6237 6042 5769 6238 6043 5770
10630 6 3 5 5 0 6238 6043 5770 6239 6044 5771
10631 6 3 5 5 0 6239 6044 5771 6240 6045 5772
10632 6 3 5 5 0 6240 6045 5772 3007 3002 2995
10633 6 3 5 5 0 2269 2258 2257 6241 5812 5773
10634 6 3 5 5 0 6241 5812 5773 6242 5813 5774
10635 6 3 5 5 0 6242 5813 5774 6243 5814 5775
10636 6 3 5 5 0 6243 5814 5775 6244 5815 5776
10637 6 3 5 5 0 6244 5815 5776 6245 5816 5777
10638 6 3 5 5 0 6245 5816 5777 6246 5817 5778
10639 6 3 5 5 0 6246 5817 5778 6247 5818 5779
10640 6 3 5 5 0 6247 5818 5779 6248 5819 5780
10641 6 3 5 5 0 6248 5819 5780 6249 5820 5781
10642 6 3 5 5 0 6249 5820 5781 6250 5821 5782
10643 6 3 5 5 0 6250 5821 5782 6251 5822 5783
10644 6 3 5 5 0 6251 5822 5783 6252 5823 5784
10645 6 3 5 5 0 6252 5823 5784 6253 5824 5785
10646 6 3 5 5 0 6253 5824 5785 6254 5825 5786
10647 6 3 5 5 0 6254 5825 5786 6255 5826 5787
10648 6 3 5 5 0 6255 5826 5787 6256 5827 5788
10649 6 3 5 5 0 6256 5827 5788 6257 5828 5789
10650 6 3 5 5 0 6257 5828 5789 6258 5829 5790
10651 6 3 5 5 0 6258 5829 5790 6259 5830 5791
10652 6 3 5 5 0 6259 5830 5791 6260 5831 5792
10653 6 3 5 5 0 6260 5831 5792 6261 5832 5793
10654 6 3 5 5 0 6261 5832 5793 6262 5833 5794
10655 6 3 5 5 0 6262 5833 5794 6263 5834 5795
10656 6 3 5 5 0 6263 5834 5795 6264 5835 5796
10657 6 3 5 5 0 6264 5835 5796 6265 5836 5797
10658 6 3 5 5 0 6265 5836 5797 6266 5837 5798
10659 6 3 5 5 0 6266 5837 5798 6267 5838 5799
10660 6 3 5 5 0 6267 5838 5799 6268 5839 5800
10661 6 3 5 5 0 6268 5839 5800 6269 5840 5801
10662 6 3 5 5 0 6269 5840 5801 6270 5841 5802
10663 6 3 5 5 0 6270 5841 5802 6271 5842 5803
10664 6 3 5 5 0 6271 5842 5803 6272 5843 5804
10665 6 3 5 5 0 6272 5843 5804 6273 5844 5805
10666 6 3 5 5 0 6273 5844 5805 6274 5845 5806
10667 6 3 5 5 0 6274 5845 5806 6275 5846 5807
10668 6 3 5 5 0 6275 5846 5807 6276 5847 5808
10669 6 3 5 5 0 6276 5847 5808 6277 5848 5809
10670 6 3 5 5 0 6277 5848 5809 6278 5849 5810
10671 6 3 5 5 0 6278 5849 5810 6279 5850 5811
10672 6 3 5 5 0 6279 5850 5811 3008 2997 2996
10673 6 3 5 5 0 2263 2268 2270 6007 6202 6280
10674 6 3 5 5 0 6007 6202 6280 6008 6203 6281
10675 6 3 5 5 0 6008 6203 6281 6009 6204 6282
10676 6 3 5 5 0 6009 6204 6282 6010 6205 6283
10677 6 3 5 5 0 6010 6205 6283 6011 6206 6284
10678 6 3 5 5 0 6011 6206 6284 6012 6207 6285
10679 6 3 5 5 0 6012 6207 6285 6013 6208 6286
10680 6 3 5 5 0 6013 6208 6286 6014 6209 6287
10681 6 3 5 5 0 6014 6209 6287 6015 6210 6288
10682 6 3 5 5 0 6015 6210 6288 6016 6211 6289
10683 6 3 5 5 0 6016 6211 6289 6017 6212 6290
10684 6 3 5 5 0 6017 6212 6290 6018 6213 6291
10685 6 3 5 5 0 6018 6213 6291 6019 6214 6292
10686 6 3 5 5 0 6019 6214 6292 6020 6215 6293
10687 6 3 5 5 0 6020 6215 6293 6021 6216 6294
10688 6 3 5 5 0 6021 6216 6294 6022 6217 6295
10689 6 3 5 5 0 6022 6217 6295 6023 6218 6296
10690 6 3 5 5 0 6023 6218 6296 6024 6219 6297
10691 6 3 5 5 0 6024 6219 6297 6025 6220 6298
10692 6 3 5 5 0 6025 6220 6298 6026 6221 6299
10693 6 3 5 5 0 6026 6221 6299 6027 6222 6300
10694 6 3 5 5 0 6027 6222 6300 6028 6223 6301
10695 6 3 5 5 0 6028 6223 6301 6029 6224 6302
10696 6 3 5 5 0 6029 6224 6302 6030 6225 6303
10697 6 3 5 5 0 6030 6225 6303 6031 6226 6304
10698 6 3 5 5 0 6031 6226 6304 6032 6227 6305
10699 6 3 5 5 0 6032 6227 6305 6033 6228 6306
10700 6 3 5 5 0 6033 6228 6306 6034 6229 6307
10701 6 3 5 5 0 6034 6229 6307 6035 6230 6308
10702 6 3 5 5 0 6035 6230 6308 6036 6231 6309
10703 6 3 5 5 0 6036 6231 6309 6037 6232 6310
10704 6 3 5 5 0 6037 6232 6310 6038 6233 6311
10705 6 3 5 5 0 6038 6233 6311 6039 6234 6312
10706 6 3 5 5 0 6039 6234 6312 6040 6235 6313
10707 6 3 5 5 0 6040 6235 6313 6041 6236 6314
10708 6 3 5 5 0 6041 6236 6314 6042 6237 6315
10709 6 3 5 5 0 6042 6237 6315 6043 6238 6316
10710 6 3 5 5 0 6043 6238 6316 6044 6239 6317
10711 6 3 5 5 0 6044 6239 6317 6045 6240 6318
10712 6 3 5 5 0 6045 6240 6318 3002 3007 3009
10713 6 3 5 5 0 2270 2268 2261 6280 6202 5929
10714 6 3 5 5 0 6280 6202 5929 6281 6203 5930
10715 6 3 5 5 0 6281 6203 5930 6282 6204 5931
10716 6 3 5 5 0 6282 6204 5931 6283 6205 5932
10717 6 3 5 5 0 6283 6205 5932 6284 6206 5933
10718 6 3 5 5 0 6284 6206 5933 6285 6207 5934
10719 6 3 5 5 0 6285 6207 5934 6286 6208 5935
10720 6 3 5 5 0 6286 6208 5935 6287 6209 5936
10721 6 3 5 5 0 6287 6209 5936 6288 6210 5937
10722 6 3 5 5 0 6288 6210 5937 6289 6211 5938
10723 6 3 5 5 0 6289 6211 5938 6290 6212 5939
10724 6 3 5 5 0 6290 6212 5939 6291 6213 5940
10725 6 3 5 5 0 6291 6213 5940 6292 6214 5941
10726 6 3 5 5 0 6292 6214 5941 6293 6215 5942
10727 6 3 5 5 0 6293 6215 5942 6294 6216 5943
10728 6 3 5 5 0 6294 6216 5943 6295 6217 5944
10729 6 3 5 5 0 6295 6217 5944 6296 6218 5945
10730 6 3 5 5 0 6296 6218 5945 6297 6219 5946
10731 6 3 5 5 0 6297 6219 5946 6298 6220 5947
10732 6 3 5 5 0 6298 6220 5947 6299 6221 5948
10733 6 3 5 5 0 6299 6221 5948 6300 6222 5949
10734 6 3 5 5 0 6300 6222 5949 6301 6223 5950
10735 6 3 5 5 0 6301 6223 5950 6302 6224 5951
10736 6 3 5 5 0 6302 6224 5951 6303 6225 5952
10737 6 3 5 5 0 6303 6225 5952 6304 6226 5953
10738 6 3 5 5 0 6304 6226 5953 6305 6227 5954
10739 6 3 5 5 0 6305 6227 5954 6306 6228 5955
10740 6 3 5 5 0 6306 6228 5955 6307 6229 5956
10741 6 3 5 5 0 6307 6229 5956 6308 6230 5957
10742 6 3 5 5 0 6308 6230 5957 6309 6231 5958
10743 6 3 5 5 0 6309 6231 5958 6310 6232 5959
10744 6 3 5 5 0 6310 6232 5959 6311 6233 5960
10745 6 3 5 5 0 6311 6233 5960 6312 6234 5961
10746 6 3 5 5 0 6312 6234 5961 6313 6235 5962
10747 6 3 5 5 0 6313 6235 5962 6314 6236 5963
10748 6 3 5 5 0 6314 6236 5963 6315 6237 5964
10749 6 3 5 5 0 6315 6237 5964 6316 6238 5965
10750 6 3 5 5 0 6316 6238 5965 6317 6239 5966
10751 6 3 5 5 0 6317 6239 5966 6318 6240 5967
10752 6 3 5 5 0 6318 6240 5967 3009 3007 3000
10753 6 3 5 5 0 2271 2269 2259 6319 6241 5851
10754 6 3 5 5 0 6319 6241 5851 6320 6242 5852
10755 6 3 5 5 0 6320 6242 5852 6321 6243 5853
10756 6 3 5 5 0 6321 6243 5853 6322 6244 5854
10757 6 3 5 5 0 6322 6244 5854 6323 6245 5855
10758 6 3 5 5 0 6323 6245 5855 6324 6246 5856
10759 6 3 5 5 0 6324 6246 5856 6325 6247 5857
10760 6 3 5 5 0 6325 6247 5857 6326 6248 5858
10761 6 3 5 5 0 6326 6248 5858 6327 6249 5859
10762 6 3 5 5 0 6327 6249 5859 6328 6250 5860
10763 6 3 5 5 0 6328 6250 5860 6329 6251 5861
10764 6 3 5 5 0 6329 6251 5861 6330 6252 5862
10765 6 3 5 5 0 6330 6252 5862 6331 6253 5863
10766 6 3 5 5 0 6331 6253 5863 6332 6254 5864
10767 6 3 5 5 0 6332 6254 5864 6333 6255 5865
10768 6 3 5 5 0 6333 6255 5865 6334 6256 5866
10769 6 3 5 5 0 6334 6256 5866 6335 6257 5867
10770 6 3 5 5 0 6335 6257 5867 6336 6258 5868
10771 6 3 5 5 0 6336 6258 5868 6337 6259 5869
10772 6 3 5 5 0 6337 6259 5869 6338 6260 5870
10773 6 3 5 5 0 6338 6260 5870 6339 6261 5871
10774 6 3 5 5 0 6339 6261 5871 6340 6262 5872
10775 6 3 5 5 0 6340 6262 5872 6341 6263 5873
10776 6 3 5 5 0 6341 6263 5873 6342 6264 5874
10777 6 3 5 5 0 6342 6264 5874 6343 6265 5875
10778 6 3 5 5 0 6343 6265 5875 6344 6266 5876
10779 6 3 5 5 0 6344 6266 5876 6345 6267 5877
10780 6 3 5 5 0 6345 6267 5877 6346 6268 5878
10781 6 3 5 5 0 6346 6268 5878 6347 6269 5879
10782 6 3 5 5 0 6347 6269 5879 6348 6270 5880
10783 6 3 5 5 0 6348 6270 5880 6349 6271 5881
10784 6 3 5 5 0 6349 6271 5881 6350 6272 5882
10785 6 3 5 5 0 6350 6272 5882 6351 6273 5883
10786 6 3 5 5 0 6351 6273 5883 6352 6274 5884
10787 6 3 5 5 0 6352 6274 5884 6353 6275 5885
10788 6 3 5 5 0 6353 6275 5885 6354 6276 5886
10789 6 3 5 5 0 6354 6276 5886 6355 6277 5887
10790 6 3 5 5 0 6355 6277 5887 6356 6278 5888
10791 6 3 5 5 0 6356 6278 5888 6357 6279 5889
10792 6 3 5 5 0 6357 6279 5889 3010 3008 2998
10793 6 3 5 5 0 2258 2269 2271 5812 6241 6319
10794 6 3 5 5 0 5812 6241 6319 5813 6242 6320
10795 6 3 5 5 0 5813 6242 6320 5814 6243 6321
10796 6 3 5 5 0 5814 6243 6321 5815 6244 6322
10797 6 3 5 5 0 5815 6244 6322 5816 6245 6323
10798 6 3 5 5 0 5816 6245 6323 5817 6246 6324
10799 6 3 5 5 0 5817 6246 6324 5818 6247 6325
10800 6 3 5 5 0 5818 6247 6325 5819 6248 6326
10801 6 3 5 5 0 5819 6248 6326 5820 6249 6327
10802 6 3 5 5 0 5820 6249 6327 5821 6250 6328
10803 6 3 5 5 0 5821 6250 6328 5822 6251 6329
10804 6 3 5 5 0 5822 6251 6329 5823 6252 6330
10805 6 3 5 5 0 5823 6252 6330 5824 6253 6331
10806 6 3 5 5 0 5824 6253 6331 5825 6254 6332
10807 6 3 5 5 0 5825 6254 6332 5826 6255 6333
10808 6 3 5 5 0 5826 6255 6333 5827 6256 6334
10809 6 3 5 5 0 5827 6256 6334 5828 6257 6335
10810 6 3 5 5 0 5828 6257 6335 5829 6258 6336
10811 6 3 5 5 0 5829 6258 6336 5830 6259 6337
10812 6 3 5 5 0 5830 6259 6337 5831 6260 6338
10813 6 3 5 5 0 5831 6260 6338 5832 6261 6339
10814 6 3 5 5 0 5832 6261 6339 5833 6262 6340
10815 6 3 5 5 0 5833 6262 6340 5834 6263 6341
10816 6 3 5 5 0 5834 6263 6341 5835 6264 6342
10817 6 3 5 5 0 5835 6264 6342 5836 6265 6343
10818 6 3 5 5 0 5836 6265 6343 5837 6266 6344
10819 6 3 5 5 0 5837 6266 6344 5838 6267 6345
10820 6 3 5 5 0 5838 6267 6345 5839 6268 6346
10821 6 3 5 5 0 5839 6268 6346 5840 6269 6347
10822 6 3 5 5 0 5840 6269 6347 5841 6270 6348
10823 6 3 5 5 0 5841 6270 6348 5842 6271 6349
10824 6 3 5 5 0 5842 6271 6349 5843 6272 6350
10825 6 3 5 5 0 5843 6272 6350 5844 6273 6351
10826 6 3 5 5 0 5844 6273 6351 5845 6274 6352
10827 6 3 5 5 0 5845 6274 6352 5846 6275 6353
10828 6 3 5 5 0 5846 6275 6353 5847 6276 6354
10829 6 3 5 5 0 5847 6276 6354 5848 6277 6355
10830 6 3 5 5 0 5848 6277 6355 5849 6278 6356
10831 6 3 5 5 0 5849 6278 6356 5850 6279 6357
10832 6 3 5 5 0 5850 6279 6357 2997 3008 3010
10833 6 3 5 5 0 2261 2268 2272 5929 6202 6358
10834 6 3 5 5 0 5929 6202 6358 5930 6203 6359
10835 6 3 5 5 0 5930 6203 6359 5931 6204 6360
10836 6 3 5 5 0 5931 6204 6360 5932 6205 6361
10837 6 3 5 5 0 5932 6205 6361 5933 6206 6362
10838 6 3 5 5 0 5933 6206 6362 5934 6207 6363
10839 6 3 5 5 0 5934 6207 6363 5935 6208 6364
10840 6 3 5 5 0 5935 6208 6364 5936 6209 6365
10841 6 3 5 5 0 5936 6209 6365 5937 6210 6366
10842 6 3 5 5 0 5937 6210 6366 5938 6211 6367
10843 6 3 5 5 0 5938 6211 6367 5939 6212 6368
10844 6 3 5 5 0 5939 6212 6368 5940 6213 6369
10845 6 3 5 5 0 5940 6213 6369 5941 6214 6370
10846 6 3 5 5 0 5941 6214 6370 5942 6215 6371
10847 6 3 5 5 0 5942 6215 6371 5943 6216 6372
10848 6 3 5 5 0 5943 6216 6372 5944 6217 6373
10849 6 3 5 5 0 5944 6217 6373 5945 6218 6374
10850 6 3 5 5 0 5945 6218 6374 5946 6219 6375
10851 6 3 5 5 0 5946 6219 6375 5947 6220 6376
10852 6 3 5 5 0 5947 6220 6376 5948 6221 6377
10853 6 3 5 5 0 5948 6221 6377 5949 6222 6378
10854 6 3 5 5 0 5949 6222 6378 5950 6223 6379
10855 6 3 5 5 0 5950 6223 6379 5951 6224 6380
10856 6 3 5 5 0 5951 6224 6380 5952 6225 6381
10857 6 3 5 5 0 5952 6225 6381 5953 6226 6382
10858 6 3 5 5 0 5953 6226 6382 5954 6227 6383
10859 6 3 5 5 0 5954 6227 6383 5955 6228 6384
10860 6 3 5 5 0 5955 6228 6384 5956 6229 6385
10861 6 3 5 5 0 5956 6229 6385 5957 6230 6386
10862 6 3 5 5 0 5957 6230 6386 5958 6231 6387
10863 6 3 5 5 0 5958 6231 6387 5959 6232 6388
10864 6 3 5 5 0 5959 6232 6388 5960 6233 6389
10865 6 3 5 5 0 5960 6233 6389 5961 6234 6390
10866 6 3 5 5 0 5961 6234 6390 5962 6235 6391
10867 6 3 5 5 0 5962 6235 6391 5963 6236 6392
10868 6 3 5 5 0 5963 6236 6392 5964 6237 6393
10869 6 3 5 5 0 5964 6237 6393 5965 6238 6394
10870 6 3 5 5 0 5965 6238 6394 5966 6239 6395
10871 6 3 5 5 0 5966 6239 6395 5967 6240 6396
10872 6 3 5 5 0 5967 6240 6396 3000 3007 3011
10873 6 3 5 5 0 2272 2265 2261 6358 6085 5929
10874 6 3 5 5 0 6358 6085 5929 6359 6086 5930
10875 6 3 5 5 0 6359 6086 5930 6360 6087 5931
10876 6 3 5 5 0 6360 6087 5931 6361 6088 5932
10877 6 3 5 5 0 6361 6088 5932 6362 6089 5933
10878 6 3 5 5 0 6362 6089 5933 6363 6090 5934
10879 6 3 5 5 0 6363 6090 5934 6364 6091 5935
10880 6 3 5 5 0 6364 6091 5935 6365 6092 5936
10881 6 3 5 5 0 6365 6092 5936 6366 6093 5937
10882 6 3 5 5 0 6366 6093 5937 6367 6094 5938
10883 6 3 5 5 0 6367 6094 5938 6368 6095 5939
10884 6 3 5 5 0 6368 6095 5939 6369 6096 5940
10885 6 3 5 5 0 6369 6096 5940 6370 6097 5941
10886 6 3 5 5 0 6370 6097 5941 6371 6098 5942
10887 6 3 5 5 0 6371 6098 5942 6372 6099 5943
10888 6 3 5 5 0 6372 6099 5943 6373 6100 5944
10889 6 3 5 5 0 6373 6100 5944 6374 6101 5945
10890 6 3 5 5 0 6374 6101 5945 6375 6102 5946
10891 6 3 5 5 0 6375 6102 5946 6376 6103 5947
10892 6 3 5 5 0 6376 6103 5947 6377 6104 5948
10893 6 3 5 5 0 6377 6104 5948 6378 6105 5949
10894 6 3 5 5 0 6378 6105 5949 6379 6106 5950
10895 6 3 5 5 0 6379 6106 5950 6380 6107 5951
10896 6 3 5 5 0 6380 6107 5951 6381 6108 5952
10897 6 3 5 5 0 6381 6108 5952 6382 6109 5953
10898 6 3 5 5 0 6382 6109 5953 6383 6110 5954
10899 6 3 5 5 0 6383 6110 5954 6384 6111 5955
10900 6 3 5 5 0 6384 6111 5955 6385 6112 5956
10901 6 3 5 5 0 6385 6112 5956 6386 6113 5957
10902 6 3 5 5 0 6386 6113 5957 6387 6114 5958
10903 6 3 5 5 0 6387 6114 5958 6388 6115 5959
10904 6 3 5 5 0 6388 6115 5959 6389 6116 5960
10905 6 3 5 5 0 6389 6116 5960 6390 6117 5961
10906 6 3 5 5 0 6390 6117 5961 6391 6118 5962
10907 6 3 5 5 0 6391 6118 5962 6392 6119 5963
10908 6 3 5 5 0 6392 6119 5963 6393 6120 5964
10909 6 3 5 5 0 6393 6120 5964 6394 6121 5965
10910 6 3 5 5 0 6394 6121 5965 6395 6122 5966
10911 6 3 5 5 0 6395 6122 5966 6396 6123 5967
10912 6 3 5 5 0 6396 6123 5967 3011 3004 3000
10913 6 3 5 5 0 2259 2269 2273 5851 6241 6397
10914 6 3 5 5 0 5851 6241 6397 5852 6242 6398
10915 6 3 5 5 0 5852 6242 6398 5853 6243 6399
10916 6 3 5 5 0 5853 6243 6399 5854 6244 6400
10917 6 3 5 5 0 5854 6244 6400 5855 6245 6401
10918 6 3 5 5 0 5855 6245 6401 5856 6246 6402
10919 6 3 5 5 0 5856 6246 6402 5857 6247 6403
10920 6 3 5 5 0 5857 6247 6403 5858 6248 6404
10921 6 3 5 5 0 5858 6248 6404 5859 6249 6405
10922 6 3 5 5 0 5859 6249 6405 5860 6250 6406
10923 6 3 5 5 0 5860 6250 6406 5861 6251 6407
10924 6 3 5 5 0 5861 6251 6407 5862 6252 6408
10925 6 3 5 5 0 5862 6252 6408 5863 6253 6409
10926 6 3 5 5 0 5863 6253 6409 5864 6254 6410
10927 6 3 5 5 0 5864 6254 6410 5865 6255 6411
10928 6 3 5 5 0 5865 6255 6411 5866 6256 6412
10929 6 3 5 5 0 5866 6256 6412 5867 6257 6413
10930 6 3 5 5 0 5867 6257 6413 5868 6258 6414
10931 6 3 5 5 0 5868 6258 6414 5869 6259 6415
10932 6 3 5 5 0 5869 6259 6415 5870 6260 6416
10933 6 3 5 5 0 5870 6260 6416 5871 6261 6417
10934 6 3 5 5 0 5871 6261 6417 5872 6262 6418
10935 6 3 5 5 0 5872 6262 6418 5873 6263 6419
10936 6 3 5 5 0 5873 6263 6419 5874 6264 6420
10937 6 3 5 5 0 5874 6264 6420 5875 6265 6421
10938 6 3 5 5 0 5875 6265 6421 5876 6266 6422
10939 6 3 5 5 0 5876 6266 6422 5877 6267 6423
10940 6 3 5 5 0 5877 6267 6423 5878 6268 6424
10941 6 3 5 5 0 5878 6268 6424 5879 6269 6425
10942 6 3 5 5 0 5879 6269 6425 5880 6270 6426
10943 6 3 5 5 0 5880 6270 6426 5881 6271 6427
10944 6 3 5 5 0 5881 6271 6427 5882 6272 6428
10945 6 3 5 5 0 5882 6272 6428 5883 6273 6429
10946 6 3 5 5 0 5883 6273 6429 5884 6274 6430
10947 6 3 5 5 0 5884 6274 6430 5885 6275 6431
10948 6 3 5 5 0 5885 6275 6431 5886 6276 6432
10949 6 3 5 5 0 5886 6276 6432 5887 6277 6433
10950 6 3 5 5 0 5887 6277 6433 5888 6278 6434
10951 6 3 5 5 0 5888 6278 6434 5889 6279 6435
10952 6 3 5 5 0 5889 6279 6435 2998 3008 3012
10953 6 3 5 5 0 2273 2264 2259 6397 6046 5851
10954 6 3 5 5 0 6397 6046 5851 6398 6047 5852
10955 6 3 5 5 0 6398 6047 5852 6399 6048 5853
10956 6 3 5 5 0 6399 6048 5853 6400 6049 5854
10957 6 3 5 5 0 6400 6049 5854 6401 6050 5855
10958 6 3 5 5 0 6401 6050 5855 6402 6051 5856
10959 6 3 5 5 0 6402 6051 5856 6403 6052 5857
10960 6 3 5 5 0 6403 6052 5857 6404 6053 5858
10961 6 3 5 5 0 6404 6053 5858 6405 6054 5859
10962 6 3 5 5 0 6405 6054 5859 6406 6055 5860
10963 6 3 5 5 0 6406 6055 5860 6407 6056 5861
10964 6 3 5 5 0 6407 6056 5861 6408 6057 5862
10965 6 3 5 5 0 6408 6057 5862 6409 6058 5863
10966 6 3 5 5 0 6409 6058 5863 6410 6059 5864
10967 6 3 5 5 0 6410 6059 5864 6411 6060 5865
10968 6 3 5 5 0 6411 6060 5865 6412 6061 5866
10969 6 3 5 5 0 6412 6061 5866 6413 6062 5867
10970 6 3 5 5 0 6413 6062 5867 6414 6063 5868
10971 6 3 5 5 0 6414 6063 5868 6415 6064 5869
10972 6 3 5 5 0 6415 6064 5869 6416 6065 5870
10973 6 3 5 5 0 6416 6065 5870 6417 6066 5871
10974 6 3 5 5 0 6417 6066 5871 6418 6067 5872
10975 6 3 5 5 0 6418 6067 5872 6419 6068 5873
10976 6 3 5 5 0 6419 6068 5873 6420 6069 5874
10977 6 3 5 5 0 6420 6069 5874 6421 6070 5875
10978 6 3 5 5 0 6421 6070 5875 6422 6071 5876
10979 6 3 5 5 0 6422 6071 5876 6423 6072 5877
10980 6 3 5 5 0 6423 6072 5877 6424 6073 5878
10981 6 3 5 5 0 6424 6073 5878 6425 6074 5879
10982 6 3 5 5 0 6425 6074 5879 6426 6075 5880
10983 6 3 5 5 0 6426 6075 5880 6427 6076 5881
10984 6 3 5 5 0 6427 6076 5881 6428 6077 5882
10985 6 3 5 5 0 6428 6077 5882 6429 6078 5883
10986 6 3 5 5 0 6429 6078 5883 6430 6079 5884
10987 6 3 5 5 0 6430 6079 5884 6431 6080 5885
10988 6 3 5 5 0 6431 6080 5885 6432 6081 5886
10989 6 3 5 5 0 6432 6081 5886 6433 6082 5887
10990 6 3 5 5 0 6433 6082 5887 6434 6083 5888
10991 6 3 5 5 0 6434 6083 5888 6435 6084 5889
10992 6 3 5 5 0 6435 6084 5889 3012 3003 2998
10993 6 3 5 5 0 2274 2269 2257 6436 6241 5773
10994 6 3 5 5 0 6436 6241 5773 6437 6242 5774
10995 6 3 5 5 0 6437 6242 5774 6438 6243 5775
10996 6 3 5 5 0 6438 6243 5775 6439 6244 5776
10997 6 3 5 5 0 6439 6244 5776 6440 6245 5777
10998 6 3 5 5 0 6440 6245 5777 6441 6246 5778
10999 6 3 5 5 0 6441 6246 5778 6442 6247 5779
11000 6 3 5 5 0 6442 6247 5779 6443 6248 5780
11001 6 3 5 5 0 6443 6248 5780 6444 6249 5781
11002 6 3 5 5 0 6444 6249 5781 6445 6250 5782
11003 6 3 5 5 0 6445 6250 5782 6446 6251 5783
11004 6 3 5 5 0 6446 6251 5783 6447 6252 5784
11005 6 3 5 5 0 6447 6252 5784 6448 6253 5785
11006 6 3 5 5 0 6448 6253 5785 6449 6254 5786
11007 6 3 5 5 0 6449 6254 5786 6450 6255 5787
11008 6 3 5 5 0 6450 6255 5787 6451 6256 5788
11009 6 3 5 5 0 6451 6256 5788 6452 6257 5789
11010 6 3 5 5 0 6452 6257 5789 6453 6258 5790
11011 6 3 5 5 0 6453 6258 5790 6454 6259 5791
11012 6 3 5 5 0 6454 6259 5791 6455 6260 5792
11013 6 3 5 5 0 6455 6260 5792 6456 6261 5793
11014 6 3 5 5 0 6456 6261 5793 6457 6262 5794
11015 6 3 5 5 0 6457 6262 5794 6458 6263 5795
11016 6 3 5 5 0 6458 6263 5795 6459 6264 5796
11017 6 3 5 5 0 6459 6264 5796 6460 6265 5797
11018 6 3 5 5 0 6460 6265 5797 6461 6266 5798
11019 6 3 5 5 0 6461 6266 5798 6462 6267 5799
11020 6 3 5 5 0 6462 6267 5799 6463 6268 5800
11021 6 3 5 5 0 6463 6268 5800 6464 6269 5801
11022 6 3 5 5 0 6464 6269 5801 6465 6270 5802
11023 6 3 5 5 0 6465 6270 5802 6466 6271 5803
11024 6 3 5 5 0 6466 6271 5803 6467 6272 5804
11025 6 3 5 5 0 6467 6272 5804 6468 6273 5805
11026 6 3 5 5 0 6468 6273 5805 6469 6274 5806
11027 6 3 5 5 0 6469 6274 5806 6470 6275 5807
11028 6 3 5 5 0 6470 6275 5807 6471 6276 5808
11029 6 3 5 5 0 6471 6276 5808 6472 6277 5809
11030 6 3 5 5 0 6472 6277 5809 6473 6278 5810
11031 6 3 5 5 0 6473 6278 5810 6474 6279 5811
11032 6 3 5 5 0 6474 6279 5811 3013 3008 2996
11033 6 3 5 5 0 2257 2267 2274 5773 6163 6436
11034 6 3 5 5 0 5773 6163 6436 5774 6164 6437
11035 6 3 5 5 0 5774 6164 6437 5775 6165 6438
11036 6 3 5 5 0 5775 6165 6438 5776 6166 6439
11037 6 3 5 5 0 5776 6166 6439 5777 6167 6440
11038 6 3 5 5 0 5777 6167 6440 5778 6168 6441
11039 6 3 5 5 0 5778 6168 6441 5779 6169 6442
11040 6 3 5 5 0 5779 6169 6442 5780 6170 6443
11041 6 3 5 5 0 5780 6170 6443 5781 6171 6444
11042 6 3 5 5 0 5781 6171 6444 5782 6172 6445
11043 6 3 5 5 0 5782 6172 6445 5783 6173 6446
11044 6 3 5 5 0 5783 6173 6446 5784 6174 6447
11045 6 3 5 5 0 5784 6174 6447 5785 6175 6448
11046 6 3 5 5 0 5785 6175 6448 5786 6176 6449
11047 6 3 5 5 0 5786 6176 6449 5787 6177 6450
11048 6 3 5 5 0 5787 6177 6450 5788 6178 6451
11049 6 3 5 5 0 5788 6178 6451 5789 6179 6452
11050 6 3 5 5 0 5789 6179 6452 5790 6180 6453
11051 6 3 5 5 0 5790 6180 6453 5791 6181 6454
11052 6 3 5 5 0 5791 6181 6454 5792 6182 6455
11053 6 3 5 5 0 5792 6182 6455 5793 6183 6456
11054 6 3 5 5 0 5793 6183 6456 5794 6184 6457
11055 6 3 5 5 0 5794 6184 6457 5795 6185 6458
11056 6 3 5 5 0 5795 6185 6458 5796 6186 6459
11057 6 3 5 5 0 5796 6186 6459 5797 6187 6460
11058 6 3 5 5 0 5797 6187 6460 5798 6188 6461
11059 6 3 5 5 0 5798 6188 6461 5799 6189 6462
11060 6 3 5 5 0 5799 6189 6462 5800 6190 6463
11061 6 3 5 5 0 5800 6190 6463 5801 6191 6464
11062 6 3 5 5 0 5801 6191 6464 5802 6192 6465
11063 6 3 5 5 0 5802 6192 6465 5803 6193 6466
11064 6 3 5 5 0 5803 6193 6466 5804 6194 6467
11065 6 3 5 5 0 5804 6194 6467 5805 6195 6468
11066 6 3 5 5 0 5805 6195 6468 5806 6196 6469
11067 6 3 5 5 0 5806 6196 6469 5807 6197 6470
11068 6 3 5 5 0 5807 6197 6470 5808 6198 6471
11069 6 3 5 5 0 5808 6198 6471 5809 6199 6472
11070 6 3 5 5 0 5809 6199 6472 5810 6200 6473
11071 6 3 5 5 0 5810 6200 6473 5811 6201 6474
11072 6 3 5 5 0 5811 6201 6474 2996 3006 3013
11073 6 3 5 5 0 2275 2268 2256 6475 6202 5734
11074 6 3 5 5 0 6475 6202 5734 6476 6203 5735
11075 6 3 5 5 0 6476 6203 5735 6477 6204 5736
11076 6 3 5 5 0 6477 6204 5736 6478 6205 5737
11077 6 3 5 5 0 6478 6205 5737 6479 6206 5738
11078 6 3 5 5 0 6479 6206 5738 6480 6207 5739
11079 6 3 5 5 0 6480 6207 5739 6481 6208 5740
11080 6 3 5 5 0 6481 6208 5740 6482 6209 5741
11081 6 3 5 5 0 6482 6209 5741 6483 6210 5742
11082 6 3 5 5 0 6483 6210 5742 6484 6211 5743
11083 6 3 5 5 0 6484 6211 5743 6485 6212 5744
11084 6 3 5 5 0 6485 6212 5744 6486 6213 5745
11085 6 3 5 5 0 6486 6213 5745 6487 6214 5746
11086 6 3 5 5 0 6487 6214 5746 6488 6215 5747
11087 6 3 5 5 0 6488 6215 5747 6489 6216 5748
11088 6 3 5 5 0 6489 6216 5748 6490 6217 5749
11089 6 3 5 5 0 6490 6217 5749 6491 6218 5750
11090 6 3 5 5 0 6491 6218 5750 6492 6219 5751
11091 6 3 5 5 0 6492 6219 5751 6493 6220 5752
11092 6 3 5 5 0 6493 6220 5752 6494 6221 5753
11093 6 3 5 5 0 6494 6221 5753 6495 6222 5754
11094 6 3 5 5 0 6495 6222 5754 6496 6223 5755
11095 6 3 5 5 0 6496 6223 5755 6497 6224 5756
11096 6 3 5 5 0 6497 6224 5756 6498 6225 5757
11097 6 3 5 5 0 6498 6225 5757 6499 6226 5758
11098 6 3 5 5 0 6499 6226 5758 6500 6227 5759
11099 6 3 5 5 0 6500 6227 5759 6501 6228 5760
11100 6 3 5 5 0 6501 6228 5760 6502 6229 5761
11101 6 3 5 5 0 6502 6229 5761 6503 6230 5762
11102 6 3 5 5 0 6503 6230 5762 6504 6231 5763
11103 6 3 5 5 0 6504 6231 5763 6505 6232 5764
11104 6 3 5 5 0 6505 6232 5764 6506 6233 5765
11105 6 3 5 5 0 6506 6233 5765 6507 6234 5766
11106 6 3 5 5 0 6507 6234 5766 6508 6235 5767
11107 6 3 5 5 0 6508 6235 5767 6509 6236 5768
11108 6 3 5 5 0 6509 6236 5768 6510 6237 5769
11109 6 3 5 5 0 6510 6237 5769 6511 6238 5770
11110 6 3 5 5 0 6511 6238 5770 6512 6239 5771
11111 6 3 5 5 0 6512 6239 5771 6513 6240 5772
11112 6 3 5 5 0 6513 6240 5772 3014 3007 2995
11113 6 3 5 5 0 2256 2266 2275 5734 6124 6475
11114 6 3 5 5 0 5734 6124 6475 5735 6125 6476
11115 6 3 5 5 0 5735 6125 6476 5736 6126 6477
11116 6 3 5 5 0 5736 6126 6477 5737 6127 6478
11117 6 3 5 5 0 5737 6127 6478 5738 6128 6479
11118 6 3 5 5 0 5738 6128 6479 5739 6129 6480
11119 6 3 5 5 0 5739 6129 6480 5740 6130 6481
11120 6 3 5 5 0 5740 6130 6481 5741 6131 6482
11121 6 3 5 5 0 5741 6131 6482 5742 6132 6483
11122 6 3 5 5 0 5742 6132 6483 5743 6133 6484
11123 6 3 5 5 0 5743 6133 6484 5744 6134 6485
11124 6 3 5 5 0 5744 6134 6485 5745 6135 6486
11125 6 3 5 5 0 5745 6135 6486 5746 6136 6487
11126 6 3 5 5 0 5746 6136 6487 5747 6137 6488
11127 6 3 5 5 0 5747 6137 6488 5748 6138 6489
11128 6 3 5 5 0 5748 6138 6489 5749 6139 6490
11129 6 3 5 5 0 5749 6139 6490 5750 6140 6491
11130 6 3 5 5 0 5750 6140 6491 5751 6141 6492
11131 6 3 5 5 0 5751 6141 6492 5752 6142 6493
11132 6 3 5 5 0 5752 6142 6493 5753 6143 6494
11133 6 3 5 5 0 5753 6143 6494 5754 6144 6495
11134 6 3 5 5 0 5754 6144 6495 5755 6145 6496
11135 6 3 5 5 0 5755 6145 6496 5756 6146 6497
11136 6 3 5 5 0 5756 6146 6497 5757 6147 6498
11137 6 3 5 5 0 5757 6147 6498 5758 6148 6499
11138 6 3 5 5 0 5758 6148 6499 5759 6149 6500
11139 6 3 5 5 0 5759 6149 6500 5760 6150 6501
11140 6 3 5 5 0 5760 6150 6501 5761 6151 6502
11141 6 3 5 5 0 5761 6151 6502 5762 6152 6503
11142 6 3 5 5 0 5762 6152 6503 5763 6153 6504
11143 6 3 5 5 0 5763 6153 6504 5764 6154 6505
11144 6 3 5 5 0 5764 6154 6505 5765 6155 6506
11145 6 3 5 5 0 5765 6155 6506 5766 6156 6507
11146 6 3 5 5 0 5766 6156 6507 5767 6157 6508
11147 6 3 5 5 0 5767 6157 6508 5768 6158 6509
11148 6 3 5 5 0 5768 6158 6509 5769 6159 6510
11149 6 3 5 5 0 5769 6159 6510 5770 6160 6511
11150 6 3 5 5 0 5770 6160 6511 5771 6161 6512
11151 6 3 5 5 0 5771 6161 6512 5772 6162 6513
11152 6 3 5 5 0 5772 6162 6513 2995 3005 3014
11153 6 3 5 5 0 2276 489 2260 6514 2838 5890
11154 6 3 5 5 0 6514 2838 5890 6515 2839 5891
11155 6 3 5 5 0 6515 2839 5891 6516 2840 5892
11156 6 3 5 5 0 6516 2840 5892 6517 2841 5893
11157 6 3 5 5 0 6517 2841 5893 6518 2842 5894
11158 6 3 5 5 0 6518 2842 5894 6519 2843 5895
11159 6 3 5 5 0 6519 2843 5895 6520 2844 5896
11160 6 3 5 5 0 6520 2844 5896 6521 2845 5897
11161 6 3 5 5 0 6521 2845 5897 6522 2846 5898
11162 6 3 5 5 0 6522 2846 5898 6523 2847 5899
11163 6 3 5 5 0 6523 2847 5899 6524 2848 5900
11164 6 3 5 5 0 6524 2848 5900 6525 2849 5901
11165 6 3 5 5 0 6525 2849 5901 6526 2850 5902
11166 6 3 5 5 0 6526 2850 5902 6527 2851 5903
11167 6 3 5 5 0 6527 2851 5903 6528 2852 5904
11168 6 3 5 5 0 6528 2852 5904 6529 2853 5905
11169 6 3 5 5 0 6529 2853 5905 6530 2854 5906
11170 6 3 5 5 0 6530 2854 5906 6531 2855 5907
11171 6 3 5 5 0 6531 2855 5907 6532 2856 5908
11172 6 3 5 5 0 6532 2856 5908 6533 2857 5909
11173 6 3 5 5 0 6533 2857 5909 6534 2858 5910
11174 6 3 5 5 0 6534 2858 5910 6535 2859 5911
11175 6 3 5 5 0 6535 2859 5911 6536 2860 5912
11176 6 3 5 5 0 6536 2860 5912 6537 2861 5913
11177 6 3 5 5 0 6537 2861 5913 6538 2862 5914
11178 6 3 5 5 0 6538 2862 5914 6539 2863 5915
11179 6 3 5 5 0 6539 2863 5915 6540 2864 5916
11180 6 3 5 5 0 6540 2864 5916 6541 2865 5917
11181 6 3 5 5 0 6541 2865 5917 6542 2866 5918
11182 6 3 5 5 0 6542 2866 5918 6543 2867 5919
11183 6 3 5 5 0 6543 2867 5919 6544 2868 5920
11184 6 3 5 5 0 6544 2868 5920 6545 2869 5921
11185 6 3 5 5 0 6545 2869 5921 6546 2870 5922
11186 6 3 5 5 0 6546 2870 5922 6547 2871 5923
11187 6 3 5 5 0 6547 2871 5923 6548 2872 5924
11188 6 3 5 5 0 6548 2872 5924 6549 2873 5925
11189 6 3 5 5 0 6549 2873 5925 6550 2874 5926
11190 6 3 5 5 0 6550 2874 5926 6551 2875 5927
11191 6 3 5 5 0 6551 2875 5927 6552 2876 5928
11192 6 3 5 5 0 6552 2876 5928 3015 573 2999
11193 6 3 5 5 0 2276 2267 2257 6514 6163 5773
11194 6 3 5 5 0 6514 6163 5773 6515 6164 5774
11195 6 3 5 5 0 6515 6164 5774 6516 6165 5775
11196 6 3 5 5 0 6516 6165 5775 6517 6166 5776
11197 6 3 5 5 0 6517 6166 5776 6518 6167 5777
11198 6 3 5 5 0 6518 6167 5777 6519 6168 5778
11199 6 3 5 5 0 6519 6168 5778 6520 6169 5779
11200 6 3 5 5 0 6520 6169 5779 6521 6170 5780
11201 6 3 5 5 0 6521 6170 5780 6522 6171 5781
11202 6 3 5 5 0 6522 6171 5781 6523 6172 5782
11203 6 3 5 5 0 6523 6172 5782 6524 6173 5783
11204 6 3 5 5 0 6524 6173 5783 6525 6174 5784
11205 6 3 5 5 0 6525 6174 5784 6526 6175 5785
11206 6 3 5 5 0 6526 6175 5785 6527 6176 5786
11207 6 3 5 5 0 6527 6176 5786 6528 6177 5787
11208 6 3 5 5 0 6528 6177 5787 6529 6178 5788
11209 6 3 5 5 0 6529 6178 5788 6530 6179 5789
11210 6 3 5 5 0 6530 6179 5789 6531 6180 5790
11211 6 3 5 5 0 6531 6180 5790 6532 6181 5791
11212 6 3 5 5 0 6532 6181 5791 6533 6182 5792
11213 6 3 5 5 0 6533 6182 5792 6534 6183 5793
11214 6 3 5 5 0 6534 6183 5793 6535 6184 5794
11215 6 3 5 5 0 6535 6184 5794 6536 6185 5795
11216 6 3 5 5 0 6536 6185 5795 6537 6186 5796
11217 6 3 5 5 0 6537 6186 5796 6538 6187 5797
11218 6 3 5 5 0 6538 6187 5797 6539 6188 5798
11219 6 3 5 5 0 6539 6188 5798 6540 6189 5799
11220 6 3 5 5 0 6540 6189 5799 6541 6190 5800
11221 6 3 5 5 0 6541 6190 5800 6542 6191 5801
11222 6 3 5 5 0 6542 6191 5801 6543 6192 5802
11223 6 3 5 5 0 6543 6192 5802 6544 6193 5803
11224 6 3 5 5 0 6544 6193 5803 6545 6194 5804
11225 6 3 5 5 0 6545 6194 5804 6546 6195 5805
11226 6 3 5 5 0 6546 6195 5805 6547 6196 5806
11227 6 3 5 5 0 6547 6196 5806 6548 6197 5807
11228 6 3 5 5 0 6548 6197 5807 6549 6198 5808
11229 6 3 5 5 0 6549 6198 5808 6550 6199 5809
11230 6 3 5 5 0 6550 6199 5809 6551 6200 5810
11231 6 3 5 5 0 6551 6200 5810 6552 6201 5811
11232 6 3 5 5 0 6552 6201 5811 3015 3006 2996
11233 6 3 5 5 0 2277 480 2262 6553 2487 5968
11234 6 3 5 5 0 6553 2487 5968 6554 2488 5969
11235 6 3 5 5 0 6554 2488 5969 6555 2489 5970
11236 6 3 5 5 0 6555 2489 5970 6556 2490 5971
11237 6 3 5 5 0 6556 2490 5971 6557 2491 5972
11238 6 3 5 5 0 6557 2491 5972 6558 2492 5973
11239 6 3 5 5 0 6558 2492 5973 6559 2493 5974
11240 6 3 5 5 0 6559 2493 5974 6560 2494 5975
11241 6 3 5 5 0 6560 2494 5975 6561 2495 5976
11242 6 3 5 5 0 6561 2495 5976 6562 2496 5977
11243 6 3 5 5 0 6562 2496 5977 6563 2497 5978
11244 6 3 5 5 0 6563 2497 5978 6564 2498 5979
11245 6 3 5 5 0 6564 2498 5979 6565 2499 5980
11246 6 3 5 5 0 6565 2499 5980 6566 2500 5981
11247 6 3 5 5 0 6566 2500 5981 6567 2501 5982
11248 6 3 5 5 0 6567 2501 5982 6568 2502 5983
11249 6 3 5 5 0 6568 2502 5983 6569 2503 5984
11250 6 3 5 5 0 6569 2503 5984 6570 2504 5985
11251 6 3 5 5 0 6570 2504 5985 6571 2505 5986
11252 6 3 5 5 0 6571 2505 5986 6572 2506 5987
11253 6 3 5 5 0 6572 2506 5987 6573 2507 5988
11254 6 3 5 5 0 6573 2507 5988 6574 2508 5989
11255 6 3 5 5 0 6574 2508 5989 6575 2509 5990
11256 6 3 5 5 0 6575 2509 5990 6576 2510 5991
11257 6 3 5 5 0 6576 2510 5991 6577 2511 5992
11258 6 3 5 5 0 6577 2511 5992 6578 2512 5993
11259 6 3 5 5 0 6578 2512 5993 6579 2513 5994
11260 6 3 5 5 0 6579 2513 5994 6580 2514 5995
11261 6 3 5 5 0 6580 2514 5995 6581 2515 5996
11262 6 3 5 5 0 6581 2515 5996 6582 2516 5997
11263 6 3 5 5 0 6582 2516 5997 6583 2517 5998
11264 6 3 5 5 0 6583 2517 5998 6584 2518 5999
11265 6 3 5 5 0 6584 2518 5999 6585 2519 6000
11266 6 3 5 5 0 6585 2519 6000 6586 2520 6001
11267 6 3 5 5 0 6586 2520 6001 6587 2521 6002
11268 6 3 5 5 0 6587 2521 6002 6588 2522 6003
11269 6 3 5 5 0 6588 2522 6003 6589 2523 6004
11270 6 3 5 5 0 6589 2523 6004 6590 2524 6005
11271 6 3 5 5 0 6590 2524 6005 6591 2525 6006
11272 6 3 5 5 0 6591 2525 6006 3016 564 3001
11273 6 3 5 5 0 2277 2266 2256 6553 6124 5734
11274 6 3 5 5 0 6553 6124 5734 6554 6125 5735
11275 6 3 5 5 0 6554 6125 5735 6555 6126 5736
11276 6 3 5 5 0 6555 6126 5736 6556 6127 5737
11277 6 3 5 5 0 6556 6127 5737 6557 6128 5738
11278 6 3 5 5 0 6557 6128 5738 6558 6129 5739
11279 6 3 5 5 0 6558 6129 5739 6559 6130 5740
11280 6 3 5 5 0 6559 6130 5740 6560 6131 5741
11281 6 3 5 5 0 6560 6131 5741 6561 6132 5742
11282 6 3 5 5 0 6561 6132 5742 6562 6133 5743
11283 6 3 5 5 0 6562 6133 5743 6563 6134 5744
11284 6 3 5 5 0 6563 6134 5744 6564 6135 5745
11285 6 3 5 5 0 6564 6135 5745 6565 6136 5746
11286 6 3 5 5 0 6565 6136 5746 6566 6137 5747
11287 6 3 5 5 0 6566 6137 5747 6567 6138 5748
11288 6 3 5 5 0 6567 6138 5748 6568 6139 5749
11289 6 3 5 5 0 6568 6139 5749 6569 6140 5750
11290 6 3 5 5 0 6569 6140 5750 6570 6141 5751
11291 6 3 5 5 0 6570 6141 5751 6571 6142 5752
11292 6 3 5 5 0 6571 6142 5752 6572 6143 5753
11293 6 3 5 5 0 6572 6143 5753 6573 6144 5754
11294 6 3 5 5 0 6573 6144 5754 6574 6145 5755
11295 6 3 5 5 0 6574 6145 5755 6575 6146 5756
11296 6 3 5 5 0 6575 6146 5756 6576 6147 5757
11297 6 3 5 5 0 6576 6147 5757 6577 6148 5758
11298 6 3 5 5 0 6577 6148 5758 6578 6149 5759
11299 6 3 5 5 0 6578 6149 5759 6579 6150 5760
11300 6 3 5 5 0 6579 6150 5760 6580 6151 5761
11301 6 3 5 5 0 6580 6151 5761 6581 6152 5762
11302 6 3 5 5 0 6581 6152 5762 6582 6153 5763
11303 6 3 5 5 0 6582 6153 5763 6583 6154 5764
11304 6 3 5 5 0 6583 6154 5764 6584 6155 5765
11305 6 3 5 5 0 6584 6155 5765 6585 6156 5766
11306 6 3 5 5 0 6585 6156 5766 6586 6157 5767
11307 6 3 5 5 0 6586 6157 5767 6587 6158 5768
11308 6 3 5 5 0 6587 6158 5768 6588 6159 5769
11309 6 3 5 5 0 6588 6159 5769 6589 6160 5770
11310 6 3 5 5 0 6589 6160 5770 6590 6161 5771
11311 6 3 5 5 0 6590 6161 5771 6591 6162 5772
11312 6 3 5 5 0 6591 6162 5772 3016 3005 2995
11313 6 3 5 5 0 2280 475 476 6670 2292 2331
11314 6 3 5 5 0 6670 2292 2331 6671 2293 2332
11315 6 3 5 5 0 6671 2293 2332 6672 2294 2333
11316 6 3 5 5 0 6672 2294 2333 6673 2295 2334
11317 6 3 5 5 0 6673 2295 2334 6674 2296 2335
11318 6 3 5 5 0 6674 2296 2335 6675 2297 2336
11319 6 3 5 5 0 6675 2297 2336 6676 2298 2337
11320 6 3 5 5 0 6676 2298 2337 6677 2299 2338
11321 6 3 5 5 0 6677 2299 2338 6678 2300 2339
11322 6 3 5 5 0 6678 2300 2339 6679 2301 2340
11323 6 3 5 5 0 6679 2301 2340 6680 2302 2341
11324 6 3 5 5 0 6680 2302 2341 6681 2303 2342
11325 6 3 5 5 0 6681 2303 2342 6682 2304 2343
11326 6 3 5 5 0 6682 2304 2343 6683 2305 2344
11327 6 3 5 5 0 6683 2305 2344 6684 2306 2345
11328 6 3 5 5 0 6684 2306 2345 6685 2307 2346
11329 6 3 5 5 0 6685 2307 2346 6686 2308 2347
11330 6 3 5 5 0 6686 2308 2347 6687 2309 2348
11331 6 3 5 5 0 6687 2309 2348 6688 2310 2349
11332 6 3 5 5 0 6688 2310 2349 6689 2311 2350
11333 6 3 5 5 0 6689 2311 2350 6690 2312 2351
11334 6 3 5 5 0 6690 2312 2351 6691 2313 2352
11335 6 3 5 5 0 6691 2313 2352 6692 2314 2353
11336 6 3 5 5 0 6692 2314 2353 6693 2315 2354
11337 6 3 5 5 0 6693 2315 2354 6694 2316 2355
11338 6 3 5 5 0 6694 2316 2355 6695 2317 2356
11339 6 3 5 5 0 6695 2317 2356 6696 2318 2357
11340 6 3 5 5 0 6696 2318 2357 6697 2319 2358
11341 6 3 5 5 0 6697 2319 2358 6698 2320 2359
11342 6 3 5 5 0 6698 2320 2359 6699 2321 2360
11343 6 3 5 5 0 6699 2321 2360 6700 2322 2361
11344 6 3 5 5 0 6700 2322 2361 6701 2323 2362
11345 6 3 5 5 0 6701 2323 2362 6702 2324 2363
11346 6 3 5 5 0 6702 2324 2363 6703 2325 2364
11347 6 3 5 5 0 6703 2325 2364 6704 2326 2365
11348 6 3 5 5 0 6704 2326 2365 6705 2327 2366
11349 6 3 5 5 0 6705 2327 2366 6706 2328 2367
11350 6 3 5 5 0 6706 2328 2367 6707 2329 2368
11351 6 3 5 5 0 6707 2329 2368 6708 2330 2369
11352 6 3 5 5 0 6708 2330 2369 3019 559 560
11353 6 3 5 5 0 2280 2270 2261 6670 6280 5929
11354 6 3 5 5 0 6670 6280 5929 6671 6281 5930
11355 6 3 5 5 0 6671 6281 5930 6672 6282 5931
11356 6 3 5 5 0 6672 6282 5931 6673 6283 5932
11357 6 3 5 5 0 6673 6283 5932 6674 6284 5933
11358 6 3 5 5 0 6674 6284 5933 6675 6285 5934
11359 6 3 5 5 0 6675 6285 5934 6676 6286 5935
11360 6 3 5 5 0 6676 6286 5935 6677 6287 5936
11361 6 3 5 5 0 6677 6287 5936 6678 6288 5937
11362 6 3 5 5 0 6678 6288 5937 6679 6289 5938
11363 6 3 5 5 0 6679 6289 5938 6680 6290 5939
11364 6 3 5 5 0 6680 6290 5939 6681 6291 5940
11365 6 3 5 5 0 6681 6291 5940 6682 6292 5941
11366 6 3 5 5 0 6682 6292 5941 6683 6293 5942
11367 6 3 5 5 0 6683 6293 5942 6684 6294 5943
11368 6 3 5 5 0 6684 6294 5943 6685 6295 5944
11369 6 3 5 5 0 6685 6295 5944 6686 6296 5945
11370 6 3 5 5 0 6686 6296 5945 6687 6297 5946
11371 6 3 5 5 0 6687 6297 5946 6688 6298 5947
11372 6 3 5 5 0 6688 6298 5947 6689 6299 5948
11373 6 3 5 5 0 6689 6299 5948 6690 6300 5949
11374 6 3 5 5 0 6690 6300 5949 6691 6301 5950
11375 6 3 5 5 0 6691 6301 5950 6692 6302 5951
11376 6 3 5 5 0 6692 6302 5951 6693 6303 5952
11377 6 3 5 5 0 6693 6303 5952 6694 6304 5953
11378 6 3 5 5 0 6694 6304 5953 6695 6305 5954
11379 6 3 5 5 0 6695 6305 5954 6696 6306 5955
11380 6 3 5 5 0 6696 6306 5955 6697 6307 5956
11381 6 3 5 5 0 6697 6307 5956 6698 6308 5957
11382 6 3 5 5 0 6698 6308 5957 6699 6309 5958
11383 6 3 5 5 0 6699 6309 5958 6700 6310 5959
11384 6 3 5 5 0 6700 6310 5959 6701 6311 5960
11385 6 3 5 5 0 6701 6311 5960 6702 6312 5961
11386 6 3 5 5 0 6702 6312 5961 6703 6313 5962
11387 6 3 5 5 0 6703 6313 5962 6704 6314 5963
11388 6 3 5 5 0 6704 6314 5963 6705 6315 5964
11389 6 3 5 5 0 6705 6315 5964 6706 6316 5965
11390 6 3 5 5 0 6706 6316 5965 6707 6317 5966
11391 6 3 5 5 0 6707 6317 5966 6708 6318 5967
11392 6 3 5 5 0 6708 6318 5967 3019 3009 3000
11393 6 3 5 5 0 476 2270 2280 2331 6280 6670
11394 6 3 5 5 0 2331 6280 6670 2332 6281 6671
11395 6 3 5 5 0 2332 6281 6671 2333 6282 6672
11396 6 3 5 5 0 2333 6282 6672 2334 6283 6673
11397 6 3 5 5 0 2334 6283 6673 2335 6284 6674
11398 6 3 5 5 0 2335 6284 6674 2336 6285 6675
11399 6 3 5 5 0 2336 6285 6675 2337 6286 6676
11400 6 3 5 5 0 2337 6286 6676 2338 6287 6677
11401 6 3 5 5 0 2338 6287 6677 2339 6288 6678
11402 6 3 5 5 0 2339 6288 6678 2340 6289 6679
11403 6 3 5 5 0 2340 6289 6679 2341 6290 6680
11404 6 3 5 5 0 2341 6290 6680 2342 6291 6681
11405 6 3 5 5 0 2342 6291 6681 2343 6292 6682
11406 6 3 5 5 0 2343 6292 6682 2344 6293 6683
11407 6 3 5 5 0 2344 6293 6683 2345 6294 6684
11408 6 3 5 5 0 2345 6294 6684 2346 6295 6685
11409 6 3 5 5 0 2346 6295 6685 2347 6296 6686
11410 6 3 5 5 0 2347 6296 6686 2348 6297 6687
11411 6 3 5 5 0 2348 6297 6687 2349 6298 6688
11412 6 3 5 5 0 2349 6298 6688 2350 6299 6689
11413 6 3 5 5 0 2350 6299 6689 2351 6300 6690
11414 6 3 5 5 0 2351 6300 6690 2352 6301 6691
11415 6 3 5 5 0 2352 6301 6691 2353 6302 6692
11416 6 3 5 5 0 2353 6302 6692 2354 6303 6693
11417 6 3 5 5 0 2354 6303 6693 2355 6304 6694
11418 6 3 5 5 0 2355 6304 6694 2356 6305 6695
11419 6 3 5 5 0 2356 6305 6695 2357 6306 6696
11420 6 3 5 5 0 2357 6306 6696 2358 6307 6697
11421 6 3 5 5 0 2358 6307 6697 2359 6308 6698
11422 6 3 5 5 0 2359 6308 6698 2360 6309 6699
11423 6 3 5 5 0 2360 6309 6699 2361 6310 6700
11424 6 3 5 5 0 2361 6310 6700 2362 6311 6701
11425 6 3 5 5 0 2362 6311 6701 2363 6312 6702
11426 6 3 5 5 0 2363 6312 6702 2364 6313 6703
11427 6 3 5 5 0 2364 6313 6703 2365 6314 6704
11428 6 3 5 5 0 2365 6314 6704 2366 6315 6705
11429 6 3 5 5 0 2366 6315 6705 2367 6316 6706
11430 6 3 5 5 0 2367 6316 6706 2368 6317 6707
11431 6 3 5 5 0 2368 6317 6707 2369 6318 6708
11432 6 3 5 5 0 2369 6318 6708 560 3009 3019
11433 6 3 5 5 0 2281 484 485 6709 2643 2682
11434 6 3 5 5 0 6709 2643 2682 6710 2644 2683
11435 6 3 5 5 0 6710 2644 2683 6711 2645 2684
11436 6 3 5 5 0 6711 2645 2684 6712 2646 2685
11437 6 3 5 5 0 6712 2646 2685 6713 2647 2686
11438 6 3 5 5 0 6713 2647 2686 6714 2648 2687
11439 6 3 5 5 0 6714 2648 2687 6715 2649 2688
11440 6 3 5 5 0 6715 2649 2688 6716 2650 2689
11441 6 3 5 5 0 6716 2650 2689 6717 2651 2690
11442 6 3 5 5 0 6717 2651 2690 6718 2652 2691
11443 6 3 5 5 0 6718 2652 2691 6719 2653 2692
11444 6 3 5 5 0 6719 2653 2692 6720 2654 2693
11445 6 3 5 5 0 6720 2654 2693 6721 2655 2694
11446 6 3 5 5 0 6721 2655 2694 6722 2656 2695
11447 6 3 5 5 0 6722 2656 2695 6723 2657 2696
11448 6 3 5 5 0 6723 2657 2696 6724 2658 2697
11449 6 3 5 5 0 6724 2658 2697 6725 2659 2698
11450 6 3 5 5 0 6725 2659 2698 6726 2660 2699
11451 6 3 5 5 0 6726 2660 2699 6727 2661 2700
11452 6 3 5 5 0 6727 2661 2700 6728 2662 2701
11453 6 3 5 5 0 6728 2662 2701 6729 2663 2702
11454 6 3 5 5 0 6729 2663 2702 6730 2664 2703
11455 6 3 5 5 0 6730 2664 2703 6731 2665 2704
11456 6 3 5 5 0 6731 2665 2704 6732 2666 2705
11457 6 3 5 5 0 6732 2666 2705 6733 2667 2706
11458 6 3 5 5 0 6733 2667 2706 6734 2668 2707
11459 6 3 5 5 0 6734 2668 2707 6735 2669 2708
11460 6 3 5 5 0 6735 2669 2708 6736 2670 2709
11461 6 3 5 5 0 6736 2670 2709 6737 2671 2710
11462 6 3 5 5 0 6737 2671 2710 6738 2672 2711
11463 6 3 5 5 0 6738 2672 2711 6739 2673 2712
11464 6 3 5 5 0 6739 2673 2712 6740 2674 2713
11465 6 3 5 5 0 6740 2674 2713 6741 2675 2714
11466 6 3 5 5 0 6741 2675 2714 6742 2676 2715
11467 6 3 5 5 0 6742 2676 2715 6743 2677 2716
11468 6 3 5 5 0 6743 2677 2716 6744 2678 2717
11469 6 3 5 5 0 6744 2678 2717 6745 2679 2718
11470 6 3 5 5 0 6745 2679 2718 6746 2680 2719
11471 6 3 5 5 0 6746 2680 2719 6747 2681 2720
11472 6 3 5 5 0 6747 2681 2720 3020 568 569
11473 6 3 5 5 0 2281 2271 2259 6709 6319 5851
11474 6 3 5 5 0 6709 6319 5851 6710 6320 5852
11475 6 3 5 5 0 6710 6320 5852 6711 6321 5853
11476 6 3 5 5 0 6711 6321 5853 6712 6322 5854
11477 6 3 5 5 0 6712 6322 5854 6713 6323 5855
11478 6 3 5 5 0 6713 6323 5855 6714 6324 5856
11479 6 3 5 5 0 6714 6324 5856 6715 6325 5857
11480 6 3 5 5 0 6715 6325 5857 6716 6326 5858
11481 6 3 5 5 0 6716 6326 5858 6717 6327 5859
11482 6 3 5 5 0 6717 6327 5859 6718 6328 5860
11483 6 3 5 5 0 6718 6328 5860 6719 6329 5861
11484 6 3 5 5 0 6719 6329 5861 6720 6330 5862
11485 6 3 5 5 0 6720 6330 5862 6721 6331 5863
11486 6 3 5 5 0 6721 6331 5863 6722 6332 5864
11487 6 3 5 5 0 6722 6332 5864 6723 6333 5865
11488 6 3 5 5 0 6723 6333 5865 6724 6334 5866
11489 6 3 5 5 0 6724 6334 5866 6725 6335 5867
11490 6 3 5 5 0 6725 6335 5867 6726 6336 5868
11491 6 3 5 5 0 6726 6336 5868 6727 6337 5869
11492 6 3 5 5 0 6727 6337 5869 6728 6338 5870
11493 6 3 5 5 0 6728 6338 5870 6729 6339 5871
11494 6 3 5 5 0 6729 6339 5871 6730 6340 5872
11495 6 3 5 5 0 6730 6340 5872 6731 6341 5873
11496 6 3 5 5 0 6731 6341 5873 6732 6342 5874
11497 6 3 5 5 0 6732 6342 5874 6733 6343 5875
11498 6 3 5 5 0 6733 6343 5875 6734 6344 5876
11499 6 3 5 5 0 6734 6344 5876 6735 6345 5877
11500 6 3 5 5 0 6735 6345 5877 6736 6346 5878
11501 6 3 5 5 0 6736 6346 5878 6737 6347 5879
11502 6 3 5 5 0 6737 6347 5879 6738 6348 5880
11503 6 3 5 5 0 6738 6348 5880 6739 6349 5881
11504 6 3 5 5 0 6739 6349 5881 6740 6350 5882
11505 6 3 5 5 0 6740 6350 5882 6741 6351 5883
11506 6 3 5 5 0 6741 6351 5883 6742 6352 5884
11507 6 3 5 5 0 6742 6352 5884 6743 6353 5885
11508 6 3 5 5 0 6743 6353 5885 6744 6354 5886
11509 6 3 5 5 0 6744 6354 5886 6745 6355 5887
11510 6 3 5 5 0 6745 6355 5887 6746 6356 5888
11511 6 3 5 5 0 6746 6356 5888 6747 6357 5889
11512 6 3 5 5 0 6747 6357 5889 3020 3010 2998
11513 6 3 5 5 0 485 2271 2281 2682 6319 6709
11514 6 3 5 5 0 2682 6319 6709 2683 6320 6710
11515 6 3 5 5 0 2683 6320 6710 2684 6321 6711
11516 6 3 5 5 0 2684 6321 6711 2685 6322 6712
11517 6 3 5 5 0 2685 6322 6712 2686 6323 6713
11518 6 3 5 5 0 2686 6323 6713 2687 6324 6714
11519 6 3 5 5 0 2687 6324 6714 2688 6325 6715
11520 6 3 5 5 0 2688 6325 6715 2689 6326 6716
11521 6 3 5 5 0 2689 6326 6716 2690 6327 6717
11522 6 3 5 5 0 2690 6327 6717 2691 6328 6718
11523 6 3 5 5 0 2691 6328 6718 2692 6329 6719
11524 6 3 5 5 0 2692 6329 6719 2693 6330 6720
11525 6 3 5 5 0 2693 6330 6720 2694 6331 6721
11526 6 3 5 5 0 2694 6331 6721 2695 6332 6722
11527 6 3 5 5 0 2695 6332 6722 2696 6333 6723
11528 6 3 5 5 0 2696 6333 6723 2697 6334 6724
11529 6 3 5 5 0 2697 6334 6724 2698 6335 6725
11530 6 3 5 5 0 2698 6335 6725 2699 6336 6726
11531 6 3 5 5 0 2699 6336 6726 2700 6337 6727
11532 6 3 5 5 0 2700 6337 6727 2701 6338 6728
11533 6 3 5 5 0 2701 6338 6728 2702 6339 6729
11534 6 3 5 5 0 2702 6339 6729 2703 6340 6730
11535 6 3 5 5 0 2703 6340 6730 2704 6341 6731
11536 6 3 5 5 0 2704 6341 6731 2705 6342 6732
11537 6 3 5 5 0 2705 6342 6732 2706 6343 6733
11538 6 3 5 5 0 2706 6343 6733 2707 6344 6734
11539 6 3 5 5 0 2707 6344 6734 2708 6345 6735
11540 6 3 5 5 0 2708 6345 6735 2709 6346 6736
11541 6 3 5 5 0 2709 6346 6736 2710 6347 6737
11542 6 3 5 5 0 2710 6347 6737 2711 6348 6738
11543 6 3 5 5 0 2711 6348 6738 2712 6349 6739
11544 6 3 5 5 0 2712 6349 6739 2713 6350 6740
11545 6 3 5 5 0 2713 6350 6740 2714 6351 6741
11546 6 3 5 5 0 2714 6351 6741 2715 6352 6742
11547 6 3 5 5 0 2715 6352 6742 2716 6353 6743
11548 6 3 5 5 0 2716 6353 6743 2717 6354 6744
11549 6 3 5 5 0 2717 6354 6744 2718 6355 6745
11550 6 3 5 5 0 2718 6355 6745 2719 6356 6746
11551 6 3 5 5 0 2719 6356 6746 2720 6357 6747
11552 6 3 5 5 0 2720 6357 6747 569 3010 3020
11553 6 3 5 5 0 2275 2255 2272 6475 5695 6358
11554 6 3 5 5 0 6475 5695 6358 6476 5696 6359
11555 6 3 5 5 0 6476 5696 6359 6477 5697 6360
11556 6 3 5 5 0 6477 5697 6360 6478 5698 6361
11557 6 3 5 5 0 6478 5698 6361 6479 5699 6362
11558 6 3 5 5 0 6479 5699 6362 6480 5700 6363
11559 6 3 5 5 0 6480 5700 6363 6481 5701 6364
11560 6 3 5 5 0 6481 5701 6364 6482 5702 6365
11561 6 3 5 5 0 6482 5702 6365 6483 5703 6366
11562 6 3 5 5 0 6483 5703 6366 6484 5704 6367
11563 6 3 5 5 0 6484 5704 6367 6485 5705 6368
11564 6 3 5 5 0 6485 5705 6368 6486 5706 6369
11565 6 3 5 5 0 6486 5706 6369 6487 5707 6370
11566 6 3 5 5 0 6487 5707 6370 6488 5708 6371
11567 6 3 5 5 0 6488 5708 6371 6489 5709 6372
11568 6 3 5 5 0 6489 5709 6372 6490 5710 6373
11569 6 3 5 5 0 6490 5710 6373 6491 5711 6374
11570 6 3 5 5 0 6491 5711 6374 6492 5712 6375
11571 6 3 5 5 0 6492 5712 6375 6493 5713 6376
11572 6 3 5 5 0 6493 5713 6376 6494 5714 6377
11573 6 3 5 5 0 6494 5714 6377 6495 5715 6378
11574 6 3 5 5 0 6495 5715 6378 6496 5716 6379
11575 6 3 5 5 0 6496 5716 6379 6497 5717 6380
11576 6 3 5 5 0 6497 5717 6380 6498 5718 6381
11577 6 3 5 5 0 6498 5718 6381 6499 5719 6382
11578 6 3 5 5 0 6499 5719 6382 6500 5720 6383
11579 6 3 5 5 0 6500 5720 6383 6501 5721 6384
11580 6 3 5 5 0 6501 5721 6384 6502 5722 6385
11581 6 3 5 5 0 6502 5722 6385 6503 5723 6386
11582 6 3 5 5 0 6503 5723 6386 6504 5724 6387
11583 6 3 5 5 0 6504 5724 6387 6505 5725 6388
11584 6 3 5 5 0 6505 5725 6388 6506 5726 6389
11585 6 3 5 5 0 6506 5726 6389 6507 5727 6390
11586 6 3 5 5 0 6507 5727 6390 6508 5728 6391
11587 6 3 5 5 0 6508 5728 6391 6509 5729 6392
11588 6 3 5 5 0 6509 5729 6392 6510 5730 6393
11589 6 3 5 5 0 6510 5730 6393 6511 5731 6394
11590 6 3 5 5 0 6511 5731 6394 6512 5732 6395
11591 6 3 5 5 0 6512 5732 6395 6513 5733 6396
11592 6 3 5 5 0 6513 5733 6396 3014 2994 3011
11593 6 3 5 5 0 2268 2275 2272 6202 6475 6358
11594 6 3 5 5 0 6202 6475 6358 6203 6476 6359
11595 6 3 5 5 0 6203 6476 6359 6204 6477 6360
11596 6 3 5 5 0 6204 6477 6360 6205 6478 6361
11597 6 3 5 5 0 6205 6478 6361 6206 6479 6362
11598 6 3 5 5 0 6206 6479 6362 6207 6480 6363
11599 6 3 5 5 0 6207 6480 6363 6208 6481 6364
11600 6 3 5 5 0 6208 6481 6364 6209 6482 6365
11601 6 3 5 5 0 6209 6482 6365 6210 6483 6366
11602 6 3 5 5 0 6210 6483 6366 6211 6484 6367
11603 6 3 5 5 0 6211 6484 6367 6212 6485 6368
11604 6 3 5 5 0 6212 6485 6368 6213 6486 6369
11605 6 3 5 5 0 6213 6486 6369 6214 6487 6370
11606 6 3 5 5 0 6214 6487 6370 6215 6488 6371
11607 6 3 5 5 0 6215 6488 6371 6216 6489 6372
11608 6 3 5 5 0 6216 6489 6372 6217 6490 6373
11609 6 3 5 5 0 6217 6490 6373 6218 6491 6374
11610 6 3 5 5 0 6218 6491 6374 6219 6492 6375
11611 6 3 5 5 0 6219 6492 6375 6220 6493 6376
11612 6 3 5 5 0 6220 6493 6376 6221 6494 6377
11613 6 3 5 5 0 6221 6494 6377 6222 6495 6378
11614 6 3 5 5 0 6222 6495 6378 6223 6496 6379
11615 6 3 5 5 0 6223 6496 6379 6224 6497 6380
11616 6 3 5 5 0 6224 6497 6380 6225 6498 6381
11617 6 3 5 5 0 6225 6498 6381 6226 6499 6382
11618 6 3 5 5 0 6226 6499 6382 6227 6500 6383
11619 6 3 5 5 0 6227 6500 6383 6228 6501 6384
11620 6 3 5 5 0 6228 6501 6384 6229 6502 6385
11621 6 3 5 5 0 6229 6502 6385 6230 6503 6386
11622 6 3 5 5 0 6230 6503 6386 6231 6504 6387
11623 6 3 5 5 0 6231 6504 6387 6232 6505 6388
11624 6 3 5 5 0 6232 6505 6388 6233 6506 6389
11625 6 3 5 5 0 6233 6506 6389 6234 6507 6390
11626 6 3 5 5 0 6234 6507 6390 6235 6508 6391
11627 6 3 5 5 0 6235 6508 6391 6236 6509 6392
11628 6 3 5 5 0 6236 6509 6392 6237 6510 6393
11629 6 3 5 5 0 6237 6510 6393 6238 6511 6394
11630 6 3 5 5 0 6238 6511 6394 6239 6512 6395
11631 6 3 5 5 0 6239 6512 6395 6240 6513 6396
11632 6 3 5 5 0 6240 6513 6396 3007 3014 3011
11633 6 3 5 5 0 2274 2255 2273 6436 5695 6397
11634 6 3 5 5 0 6436 5695 6397 6437 5696 6398
11635 6 3 5 5 0 6437 5696 6398 6438 5697 6399
11636 6 3 5 5 0 6438 5697 6399 6439 5698 6400
11637 6 3 5 5 0 6439 5698 6400 6440 5699 6401
11638 6 3 5 5 0 6440 5699 6401 6441 5700 6402
11639 6 3 5 5 0 6441 5700 6402 6442 5701 6403
11640 6 3 5 5 0 6442 5701 6403 6443 5702 6404
11641 6 3 5 5 0 6443 5702 6404 6444 5703 6405
11642 6 3 5 5 0 6444 5703 6405 6445 5704 6406
11643 6 3 5 5 0 6445 5704 6406 6446 5705 6407
11644 6 3 5 5 0 6446 5705 6407 6447 5706 6408
11645 6 3 5 5 0 6447 5706 6408 6448 5707 6409
11646 6 3 5 5 0 6448 5707 6409 6449 5708 6410
11647 6 3 5 5 0 6449 5708 6410 6450 5709 6411
11648 6 3 5 5 0 6450 5709 6411 6451 5710 6412
11649 6 3 5 5 0 6451 5710 6412 6452 5711 6413
11650 6 3 5 5 0 6452 5711 6413 6453 5712 6414
11651 6 3 5 5 0 6453 5712 6414 6454 5713 6415
11652 6 3 5 5 0 6454 5713 6415 6455 5714 6416
11653 6 3 5 5 0 6455 5714 6416 6456 5715 6417
11654 6 3 5 5 0 6456 5715 6417 6457 5716 6418
11655 6 3 5 5 0 6457 5716 6418 6458 5717 6419
11656 6 3 5 5 0 6458 5717 6419 6459 5718 6420
11657 6 3 5 5 0 6459 5718 6420 6460 5719 6421
11658 6 3 5 5 0 6460 5719 6421 6461 5720 6422
11659 6 3 5 5 0 6461 5720 6422 6462 5721 6423
11660 6 3 5 5 0 6462 5721 6423 6463 5722 6424
11661 6 3 5 5 0 6463 5722 6424 6464 5723 6425
11662 6 3 5 5 0 6464 5723 6425 6465 5724 6426
11663 6 3 5 5 0 6465 5724 6426 6466 5725 6427
11664 6 3 5 5 0 6466 5725 6427 6467 5726 6428
11665 6 3 5 5 0 6467 5726 6428 6468 5727 6429
11666 6 3 5 5 0 6468 5727 6429 6469 5728 6430
11667 6 3 5 5 0 6469 5728 6430 6470 5729 6431
11668 6 3 5 5 0 6470 5729 6431 6471 5730 6432
11669 6 3 5 5 0 6471 5730 6432 6472 5731 6433
11670 6 3 5 5 0 6472 5731 6433 6473 5732 6434
11671 6 3 5 5 0 6473 5732 6434 6474 5733 6435
11672 6 3 5 5 0 6474 5733 6435 3013 2994 3012
11673 6 3 5 5 0 2269 2274 2273 6241 6436 6397
11674 6 3 5 5 0 6241 6436 6397 6242 6437 6398
11675 6 3 5 5 0 6242 6437 6398 6243 6438 6399
11676 6 3 5 5 0 6243 6438 6399 6244 6439 6400
11677 6 3 5 5 0 6244 6439 6400 6245 6440 6401
11678 6 3 5 5 0 6245 6440 6401 6246 6441 6402
11679 6 3 5 5 0 6246 6441 6402 6247 6442 6403
11680 6 3 5 5 0 6247 6442 6403 6248 6443 6404
11681 6 3 5 5 0 6248 6443 6404 6249 6444 6405
11682 6 3 5 5 0 6249 6444 6405 6250 6445 6406
11683 6 3 5 5 0 6250 6445 6406 6251 6446 6407
11684 6 3 5 5 0 6251 6446 6407 6252 6447 6408
11685 6 3 5 5 0 6252 6447 6408 6253 6448 6409
11686 6 3 5 5 0 6253 6448 6409 6254 6449 6410
11687 6 3 5 5 0 6254 6449 6410 6255 6450 6411
11688 6 3 5 5 0 6255 6450 6411 6256 6451 6412
11689 6 3 5 5 0 6256 6451 6412 6257 6452 6413
11690 6 3 5 5 0 6257 6452 6413 6258 6453 6414
11691 6 3 5 5 0 6258 6453 6414 6259 6454 6415
11692 6 3 5 5 0 6259 6454 6415 6260 6455 6416
11693 6 3 5 5 0 6260 6455 6416 6261 6456 6417
11694 6 3 5 5 0 6261 6456 6417 6262 6457 6418
11695 6 3 5 5 0 6262 6457 6418 6263 6458 6419
11696 6 3 5 5 0 6263 6458 6419 6264 6459 6420
11697 6 3 5 5 0 6264 6459 6420 6265 6460 6421
11698 6 3 5 5 0 6265 6460 6421 6266 6461 6422
11699 6 3 5 5 0 6266 6461 6422 6267 6462 6423
11700 6 3 5 5 0 6267 6462 6423 6268 6463 6424
11701 6 3 5 5 0 6268 6463 6424 6269 6464 6425
11702 6 3 5 5 0 6269 6464 6425 6270 6465 6426
11703 6 3 5 5 0 6270 6465 6426 6271 6466 6427
11704 6 3 5 5 0 6271 6466 6427 6272 6467 6428
11705 6 3 5 5 0 6272 6467 6428 6273 6468 6429
11706 6 3 5 5 0 6273 6468 6429 6274 6469 6430
11707 6 3 5 5 0 6274 6469 6430 6275 6470 6431
11708 6 3 5 5 0 6275 6470 6431 6276 6471 6432
11709 6 3 5 5 0 6276 6471 6432 6277 6472 6433
11710 6 3 5 5 0 6277 6472 6433 6278 6473 6434
11711 6 3 5 5 0 6278 6473 6434 6279 6474 6435
11712 6 3 5 5 0 6279 6474 6435 3008 3013 3012
11713 6 3 5 5 0 486 2271 485 2721 6319 2682
11714 6 3 5 5 0 2721 6319 2682 2722 6320 2683
11715 6 3 5 5 0 2722 6320 2683 2723 6321 2684
11716 6 3 5 5 0 2723 6321 2684 2724 6322 2685
11717 6 3 5 5 0 2724 6322 2685 2725 6323 2686
11718 6 3 5 5 0 2725 6323 2686 2726 6324 2687
11719 6 3 5 5 0 2726 6324 2687 2727 6325 2688
11720 6 3 5 5 0 2727 6325 2688 2728 6326 2689
11721 6 3 5 5 0 2728 6326 2689 2729 6327 2690
11722 6 3 5 5 0 2729 6327 2690 2730 6328 2691
11723 6 3 5 5 0 2730 6328 2691 2731 6329 2692
11724 6 3 5 5 0 2731 6329 2692 2732 6330 2693
11725 6 3 5 5 0 2732 6330 2693 2733 6331 2694
11726 6 3 5 5 0 2733 6331 2694 2734 6332 2695
11727 6 3 5 5 0 2734 6332 2695 2735 6333 2696
11728 6 3 5 5 0 2735 6333 2696 2736 6334 2697
11729 6 3 5 5 0 2736 6334 2697 2737 6335 2698
11730 6 3 5 5 0 2737 6335 2698 2738 6336 2699
11731 6 3 5 5 0 2738 6336 2699 2739 6337 2700
11732 6 3 5 5 0 2739 6337 2700 2740 6338 2701
11733 6 3 5 5 0 2740 6338 2701 2741 6339 2702
11734 6 3 5 5 0 2741 6339 2702 2742 6340 2703
11735 6 3 5 5 0 2742 6340 2703 2743 6341 2704
11736 6 3 5 5 0 2743 6341 2704 2744 6342 2705
11737 6 3 5 5 0 2744 6342 2705 2745 6343 2706
11738 6 3 5 5 0 2745 6343 2706 2746 6344 2707
11739 6 3 5 5 0 2746 6344 2707 2747 6345 2708
11740 6 3 5 5 0 2747 6345 2708 2748 6346 2709
11741 6 3 5 5 0 2748 6346 2709 2749 6347 2710
11742 6 3 5 5 0 2749 6347 2710 2750 6348 2711
11743 6 3 5 5 0 2750 6348 2711 2751 6349 2712
11744 6 3 5 5 0 2751 6349 2712 2752 6350 2713
11745 6 3 5 5 0 2752 6350 2713 2753 6351 2714
11746 6 3 5 5 0 2753 6351 2714 2754 6352 2715
11747 6 3 5 5 0 2754 6352 2715 2755 6353 2716
11748 6 3 5 5 0 2755 6353 2716 2756 6354 2717
11749 6 3 5 5 0 2756 6354 2717 2757 6355 2718
11750 6 3 5 5 0 2757 6355 2718 2758 6356 2719
11751 6 3 5 5 0 2758 6356 2719 2759 6357 2720
11752 6 3 5 5 0 2759 6357 2720 570 3010 569
11753 6 3 5 5 0 2258 2271 486 5812 6319 2721
11754 6 3 5 5 0 5812 6319 2721 5813 6320 2722
11755 6 3 5 5 0 5813 6320 2722 5814 6321 2723
11756 6 3 5 5 0 5814 6321 2723 5815 6322 2724
11757 6 3 5 5 0 5815 6322 2724 5816 6323 2725
11758 6 3 5 5 0 5816 6323 2725 5817 6324 2726
11759 6 3 5 5 0 5817 6324 2726 5818 6325 2727
11760 6 3 5 5 0 5818 6325 2727 5819 6326 2728
11761 6 3 5 5 0 5819 6326 2728 5820 6327 2729
11762 6 3 5 5 0 5820 6327 2729 5821 6328 2730
11763 6 3 5 5 0 5821 6328 2730 5822 6329 2731
11764 6 3 5 5 0 5822 6329 2731 5823 6330 2732
11765 6 3 5 5 0 5823 6330 2732 5824 6331 2733
11766 6 3 5 5 0 5824 6331 2733 5825 6332 2734
11767 6 3 5 5 0 5825 6332 2734 5826 6333 2735
11768 6 3 5 5 0 5826 6333 2735 5827 6334 2736
11769 6 3 5 5 0 5827 6334 2736 5828 6335 2737
11770 6 3 5 5 0 5828 6335 2737 5829 6336 2738
11771 6 3 5 5 0 5829 6336 2738 5830 6337 2739
11772 6 3 5 5 0 5830 6337 2739 5831 6338 2740
11773 6 3 5 5 0 5831 6338 2740 5832 6339 2741
11774 6 3 5 5 0 5832 6339 2741 5833 6340 2742
11775 6 3 5 5 0 5833 6340 2742 5834 6341 2743
11776 6 3 5 5 0 5834 6341 2743 5835 6342 2744
11777 6 3 5 5 0 5835 6342 2744 5836 6343 2745
11778 6 3 5 5 0 5836 6343 2745 5837 6344 2746
11779 6 3 5 5 0 5837 6344 2746 5838 6345 2747
11780 6 3 5 5 0 5838 6345 2747 5839 6346 2748
11781 6 3 5 5 0 5839 6346 2748 5840 6347 2749
11782 6 3 5 5 0 5840 6347 2749 5841 6348 2750
11783 6 3 5 5 0 5841 6348 2750 5842 6349 2751
11784 6 3 5 5 0 5842 6349 2751 5843 6350 2752
11785 6 3 5 5 0 5843 6350 2752 5844 6351 2753
11786 6 3 5 5 0 5844 6351 2753 5845 6352 2754
11787 6 3 5 5 0 5845 6352 2754 5846 6353 2755
11788 6 3 5 5 0 5846 6353 2755 5847 6354 2756
11789 6 3 5 5 0 5847 6354 2756 5848 6355 2757
11790 6 3 5 5 0 5848 6355 2757 5849 6356 2758
11791 6 3 5 5 0 5849 6356 2758 5850 6357 2759
11792 6 3 5 5 0 5850 6357 2759 2997 3010 570
11793 6 3 5 5 0 477 2270 476 2370 6280 2331
11794 6 3 5 5 0 2370 6280 2331 2371 6281 2332
11795 6 3 5 5 0 2371 6281 2332 2372 6282 2333
11796 6 3 5 5 0 2372 6282 2333 2373 6283 2334
11797 6 3 5 5 0 2373 6283 2334 2374 6284 2335
11798 6 3 5 5 0 2374 6284 2335 2375 6285 2336
11799 6 3 5 5 0 2375 6285 2336 2376 6286 2337
11800 6 3 5 5 0 2376 6286 2337 2377 6287 2338
11801 6 3 5 5 0 2377 6287 2338 2378 6288 2339
11802 6 3 5 5 0 2378 6288 2339 2379 6289 2340
11803 6 3 5 5 0 2379 6289 2340 2380 6290 2341
11804 6 3 5 5 0 2380 6290 2341 2381 6291 2342
11805 6 3 5 5 0 2381 6291 2342 2382 6292 2343
11806 6 3 5 5 0 2382 6292 2343 2383 6293 2344
11807 6 3 5 5 0 2383 6293 2344 2384 6294 2345
11808 6 3 5 5 0 2384 6294 2345 2385 6295 2346
11809 6 3 5 5 0 2385 6295 2346 2386 6296 2347
11810 6 3 5 5 0 2386 6296 2347 2387 6297 2348
11811 6 3 5 5 0 2387 6297 2348 2388 6298 2349
11812 6 3 5 5 0 2388 6298 2349 2389 6299 2350
11813 6 3 5 5 0 2389 6299 2350 2390 6300 2351
11814 6 3 5 5 0 2390 6300 2351 2391 6301 2352
11815 6 3 5 5 0 2391 6301 2352 2392 6302 2353
11816 6 3 5 5 0 2392 6302 2353 2393 6303 2354
11817 6 3 5 5 0 2393 6303 2354 2394 6304 2355
11818 6 3 5 5 0 2394 6304 2355 2395 6305 2356
11819 6 3 5 5 0 2395 6305 2356 2396 6306 2357
11820 6 3 5 5 0 2396 6306 2357 2397 6307 2358
11821 6 3 5 5 0 2397 6307 2358 2398 6308 2359
11822 6 3 5 5 0 2398 6308 2359 2399 6309 2360
11823 6 3 5 5 0 2399 6309 2360 2400 6310 2361
11824 6 3 5 5 0 2400 6310 2361 2401 6311 2362
11825 6 3 5 5 0 2401 6311 2362 2402 6312 2363
11826 6 3 5 5 0 2402 6312 2363 2403 6313 2364
11827 6 3 5 5 0 2403 6313 2364 2404 6314 2365
11828 6 3 5 5 0 2404 6314 2365 2405 6315 2366
11829 6 3 5 5 0 2405 6315 2366 2406 6316 2367
11830 6 3 5 5 0 2406 6316 2367 2407 6317 2368
11831 6 3 5 5 0 2407 6317 2368 2408 6318 2369
11832 6 3 5 5 0 2408 6318 2369 561 3009 560
11833 6 3 5 5 0 2263 2270 477 6007 6280 2370
11834 6 3 5 5 0 6007 6280 2370 6008 6281 2371
11835 6 3 5 5 0 6008 6281 2371 6009 6282 2372
11836 6 3 5 5 0 6009 6282 2372 6010 6283 2373
11837 6 3 5 5 0 6010 6283 2373 6011 6284 2374
11838 6 3 5 5 0 6011 6284 2374 6012 6285 2375
11839 6 3 5 5 0 6012 6285 2375 6013 6286 2376
11840 6 3 5 5 0 6013 6286 2376 6014 6287 2377
11841 6 3 5 5 0 6014 6287 2377 6015 6288 2378
11842 6 3 5 5 0 6015 6288 2378 6016 6289 2379
11843 6 3 5 5 0 6016 6289 2379 6017 6290 2380
11844 6 3 5 5 0 6017 6290 2380 6018 6291 2381
11845 6 3 5 5 0 6018 6291 2381 6019 6292 2382
11846 6 3 5 5 0 6019 6292 2382 6020 6293 2383
11847 6 3 5 5 0 6020 6293 2383 6021 6294 2384
11848 6 3 5 5 0 6021 6294 2384 6022 6295 2385
11849 6 3 5 5 0 6022 6295 2385 6023 6296 2386
11850 6 3 5 5 0 6023 6296 2386 6024 6297 2387
11851 6 3 5 5 0 6024 6297 2387 6025 6298 2388
11852 6 3 5 5 0 6025 6298 2388 6026 6299 2389
11853 6 3 5 5 0 6026 6299 2389 6027 6300 2390
11854 6 3 5 5 0 6027 6300 2390 6028 6301 2391
11855 6 3 5 5 0 6028 6301 2391 6029 6302 2392
11856 6 3 5 5 0 6029 6302 2392 6030 6303 2393
11857 6 3 5 5 0 6030 6303 2393 6031 6304 2394
11858 6 3 5 5 0 6031 6304 2394 6032 6305 2395
11859 6 3 5 5 0 6032 6305 2395 6033 6306 2396
11860 6 3 5 5 0 6033 6306 2396 6034 6307 2397
11861 6 3 5 5 0 6034 6307 2397 6035 6308 2398
11862 6 3 5 5 0 6035 6308 2398 6036 6309 2399
11863 6 3 5 5 0 6036 6309 2399 6037 6310 2400
11864 6 3 5 5 0 6037 6310 2400 6038 6311 2401
11865 6 3 5 5 0 6038 6311 2401 6039 6312 2402
11866 6 3 5 5 0 6039 6312 2402 6040 6313 2403
11867 6 3 5 5 0 6040 6313 2403 6041 6314 2404
11868 6 3 5 5 0 6041 6314 2404 6042 6315 2405
11869 6 3 5 5 0 6042 6315 2405 6043 6316 2406
11870 6 3 5 5 0 6043 6316 2406 6044 6317 2407
11871 6 3 5 5 0 6044 6317 2407 6045 6318 2408
11872 6 3 5 5 0 6045 6318 2408 3002 3009 561
11873 6 3 5 5 0 2259 2264 2278 5851 6046 6592
11874 6 3 5 5 0 5851 6046 6592 5852 6047 6593
11875 6 3 5 5 0 5852 6047 6593 5853 6048 6594
11876 6 3 5 5 0 5853 6048 6594 5854 6049 6595
11877 6 3 5 5 0 5854 6049 6595 5855 6050 6596
11878 6 3 5 5 0 5855 6050 6596 5856 6051 6597
11879 6 3 5 5 0 5856 6051 6597 5857 6052 6598
11880 6 3 5 5 0 5857 6052 6598 5858 6053 6599
11881 6 3 5 5 0 5858 6053 6599 5859 6054 6600
11882 6 3 5 5 0 5859 6054 6600 5860 6055 6601
11883 6 3 5 5 0 5860 6055 6601 5861 6056 6602
11884 6 3 5 5 0 5861 6056 6602 5862 6057 6603
11885 6 3 5 5 0 5862 6057 6603 5863 6058 6604
11886 6 3 5 5 0 5863 6058 6604 5864 6059 6605
11887 6 3 5 5 0 5864 6059 6605 5865 6060 6606
11888 6 3 5 5 0 5865 6060 6606 5866 6061 6607
11889 6 3 5 5 0 5866 6061 6607 5867 6062 6608
11890 6 3 5 5 0 5867 6062 6608 5868 6063 6609
11891 6 3 5 5 0 5868 6063 6609 5869 6064 6610
11892 6 3 5 5 0 5869 6064 6610 5870 6065 6611
11893 6 3 5 5 0 5870 6065 6611 5871 6066 6612
11894 6 3 5 5 0 5871 6066 6612 5872 6067 6613
11895 6 3 5 5 0 5872 6067 6613 5873 6068 6614
11896 6 3 5 5 0 5873 6068 6614 5874 6069 6615
11897 6 3 5 5 0 5874 6069 6615 5875 6070 6616
11898 6 3 5 5 0 5875 6070 6616 5876 6071 6617
11899 6 3 5 5 0 5876 6071 6617 5877 6072 6618
11900 6 3 5 5 0 5877 6072 6618 5878 6073 6619
11901 6 3 5 5 0 5878 6073 6619 5879 6074 6620
11902 6 3 5 5 0 5879 6074 6620 5880 6075 6621
11903 6 3 5 5 0 5880 6075 6621 5881 6076 6622
11904 6 3 5 5 0 5881 6076 6622 5882 6077 6623
11905 6 3 5 5 0 5882 6077 6623 5883 6078 6624
11906 6 3 5 5 0 5883 6078 6624 5884 6079 6625
11907 6 3 5 5 0 5884 6079 6625 5885 6080 6626
11908 6 3 5 5 0 5885 6080 6626 5886 6081 6627
11909 6 3 5 5 0 5886 6081 6627 5887 6082 6628
11910 6 3 5 5 0 5887 6082 6628 5888 6083 6629
11911 6 3 5 5 0 5888 6083 6629 5889 6084 6630
11912 6 3 5 5 0 5889 6084 6630 2998 3003 3017
11913 6 3 5 5 0 2261 2265 2279 5929 6085 6631
11914 6 3 5 5 0 5929 6085 6631 5930 6086 6632
11915 6 3 5 5 0 5930 6086 6632 5931 6087 6633
11916 6 3 5 5 0 5931 6087 6633 5932 6088 6634
11917 6 3 5 5 0 5932 6088 6634 5933 6089 6635
11918 6 3 5 5 0 5933 6089 6635 5934 6090 6636
11919 6 3 5 5 0 5934 6090 6636 5935 6091 6637
11920 6 3 5 5 0 5935 6091 6637 5936 6092 6638
11921 6 3 5 5 0 5936 6092 6638 5937 6093 6639
11922 6 3 5 5 0 5937 6093 6639 5938 6094 6640
11923 6 3 5 5 0 5938 6094 6640 5939 6095 6641
11924 6 3 5 5 0 5939 6095 6641 5940 6096 6642
11925 6 3 5 5 0 5940 6096 6642 5941 6097 6643
11926 6 3 5 5 0 5941 6097 6643 5942 6098 6644
11927 6 3 5 5 0 5942 6098 6644 5943 6099 6645
11928 6 3 5 5 0 5943 6099 6645 5944 6100 6646
11929 6 3 5 5 0 5944 6100 6646 5945 6101 6647
11930 6 3 5 5 0 5945 6101 6647 5946 6102 6648
11931 6 3 5 5 0 5946 6102 6648 5947 6103 6649
11932 6 3 5 5 0 5947 6103 6649 5948 6104 6650
11933 6 3 5 5 0 5948 6104 6650 5949 6105 6651
11934 6 3 5 5 0 5949 6105 6651 5950 6106 6652
11935 6 3 5 5 0 5950 6106 6652 5951 6107 6653
11936 6 3 5 5 0 5951 6107 6653 5952 6108 6654
11937 6 3 5 5 0 5952 6108 6654 5953 6109 6655
11938 6 3 5 5 0 5953 6109 6655 5954 6110 6656
11939 6 3 5 5 0 5954 6110 6656 5955 6111 6657
11940 6 3 5 5 0 5955 6111 6657 5956 6112 6658
11941 6 3 5 5 0 5956 6112 6658 5957 6113 6659
11942 6 3 5 5 0 5957 6113 6659 5958 6114 6660
11943 6 3 5 5 0 5958 6114 6660 5959 6115 6661
11944 6 3 5 5 0 5959 6115 6661 5960 6116 6662
11945 6 3 5 5 0 5960 6116 6662 5961 6117 6663
11946 6 3 5 5 0 5961 6117 6663 5962 6118 6664
11947 6 3 5 5 0 5962 6118 6664 5963 6119 6665
11948 6 3 5 5 0 5963 6119 6665 5964 6120 6666
11949 6 3 5 5 0 5964 6120 6666 5965 6121 6667
11950 6 3 5 5 0 5965 6121 6667 5966 6122 6668
11951 6 3 5 5 0 5966 6122 6668 5967 6123 6669
11952 6 3 5 5 0 5967 6123 6669 3000 3004 3018
11953 6 3 5 5 0 488 489 2276 2799 2838 6514
11954 6 3 5 5 0 2799 2838 6514 2800 2839 6515
11955 6 3 5 5 0 2800 2839 6515 2801 2840 6516
11956 6 3 5 5 0 2801 2840 6516 2802 2841 6517
11957 6 3 5 5 0 2802 2841 6517 2803 2842 6518
11958 6 3 5 5 0 2803 2842 6518 2804 2843 6519
11959 6 3 5 5 0 2804 2843 6519 2805 2844 6520
11960 6 3 5 5 0 2805 2844 6520 2806 2845 6521
11961 6 3 5 5 0 2806 2845 6521 2807 2846 6522
11962 6 3 5 5 0 2807 2846 6522 2808 2847 6523
11963 6 3 5 5 0 2808 2847 6523 2809 2848 6524
11964 6 3 5 5 0 2809 2848 6524 2810 2849 6525
11965 6 3 5 5 0 2810 2849 6525 2811 2850 6526
11966 6 3 5 5 0 2811 2850 6526 2812 2851 6527
11967 6 3 5 5 0 2812 2851 6527 2813 2852 6528
11968 6 3 5 5 0 2813 2852 6528 2814 2853 6529
11969 6 3 5 5 0 2814 2853 6529 2815 2854 6530
11970 6 3 5 5 0 2815 2854 6530 2816 2855 6531
11971 6 3 5 5 0 2816 2855 6531 2817 2856 6532
11972 6 3 5 5 0 2817 2856 6532 2818 2857 6533
11973 6 3 5 5 0 2818 2857 6533 2819 2858 6534
11974 6 3 5 5 0 2819 2858 6534 2820 2859 6535
11975 6 3 5 5 0 2820 2859 6535 2821 2860 6536
11976 6 3 5 5 0 2821 2860 6536 2822 2861 6537
11977 6 3 5 5 0 2822 2861 6537 2823 2862 6538
11978 6 3 5 5 0 2823 2862 6538 2824 2863 6539
11979 6 3 5 5 0 2824 2863 6539 2825 2864 6540
11980 6 3 5 5 0 2825 2864 6540 2826 2865 6541
11981 6 3 5 5 0 2826 2865 6541 2827 2866 6542
11982 6 3 5 5 0 2827 2866 6542 2828 2867 6543
11983 6 3 5 5 0 2828 2867 6543 2829 2868 6544
11984 6 3 5 5 0 2829 2868 6544 2830 2869 6545
11985 6 3 5 5 0 2830 2869 6545 2831 2870 6546
11986 6 3 5 5 0 2831 2870 6546 2832 2871 6547
11987 6 3 5 5 0 2832 2871 6547 2833 2872 6548
11988 6 3 5 5 0 2833 2872 6548 2834 2873 6549
11989 6 3 5 5 0 2834 2873 6549 2835 2874 6550
11990 6 3 5 5 0 2835 2874 6550 2836 2875 6551
11991 6 3 5 5 0 2836 2875 6551 2837 2876 6552
11992 6 3 5 5 0 2837 2876 6552 572 573 3015
11993 6 3 5 5 0 479 480 2277 2448 2487 6553
11994 6 3 5 5 0 2448 2487 6553 2449 2488 6554
11995 6 3 5 5 0 2449 2488 6554 2450 2489 6555
11996 6 3 5 5 0 2450 2489 6555 2451 2490 6556
11997 6 3 5 5 0 2451 2490 6556 2452 2491 6557
11998 6 3 5 5 0 2452 2491 6557 2453 2492 6558
11999 6 3 5 5 0 2453 2492 6558 2454 2493 6559
12000 6 3 5 5 0 2454 2493 6559 2455 2494 6560
12001 6 3 5 5 0 2455 2494 6560 2456 2495 6561
12002 6 3 5 5 0 2456 2495 6561 2457 2496 6562
12003 6 3 5 5 0 2457 2496 6562 2458 2497 6563
12004 6 3 5 5 0 2458 2497 6563 2459 2498 6564
12005 6 3 5 5 0 2459 2498 6564 2460 2499 6565
12006 6 3 5 5 0 2460 2499 6565 2461 2500 6566
12007 6 3 5 5 0 2461 2500 6566 2462 2501 6567
12008 6 3 5 5 0 2462 2501 6567 2463 2502 6568
12009 6 3 5 5 0 2463 2502 6568 2464 2503 6569
12010 6 3 5 5 0 2464 2503 6569 2465 2504 6570
12011 6 3 5 5 0 2465 2504 6570 2466 2505 6571
12012 6 3 5 5 0 2466 2505 6571 2467 2506 6572
12013 6 3 5 5 0 2467 2506 6572 2468 2507 6573
12014 6 3 5 5 0 2468 2507 6573 2469 2508 6574
12015 6 3 5 5 0 2469 2508 6574 2470 2509 6575
12016 6 3 5 5 0 2470 2509 6575 2471 2510 6576
12017 6 3 5 5 0 2471 2510 6576 2472 2511 6577
12018 6 3 5 5 0 2472 2511 6577 2473 2512 6578
12019 6 3 5 5 0 2473 2512 6578 2474 2513 6579
12020 6 3 5 5 0 2474 2513 6579 2475 2514 6580
12021 6 3 5 5 0 2475 2514 6580 2476 2515 6581
12022 6 3 5 5 0 2476 2515 6581 2477 2516 6582
12023 6 3 5 5 0 2477 2516 6582 2478 2517 6583
12024 6 3 5 5 0 2478 2517 6583 2479 2518 6584
12025 6 3 5 5 0 2479 2518 6584 2480 2519 6585
12026 6 3 5 5 0 2480 2519 6585 2481 2520 6586
12027 6 3 5 5 0 2481 2520 6586 2482 2521 6587
12028 6 3 5 5 0 2482 2521 6587 2483 2522 6588
12029 6 3 5 5 0 2483 2522 6588 2484 2523 6589
12030 6 3 5 5 0 2484 2523 6589 2485 2524 6590
12031 6 3 5 5 0 2485 2524 6590 2486 2525 6591
12032 6 3 5 5 0 2486 2525 6591 563 564 3016
12033 6 3 5 5 0 2262 481 2282 5968 2526 6748
12034 6 3 5 5 0 5968 2526 6748 5969 2527 6749
12035 6 3 5 5 0 5969 2527 6749 5970 2528 6750
12036 6 3 5 5 0 5970 2528 6750 5971 2529 6751
12037 6 3 5 5 0 5971 2529 6751 5972 2530 6752
12038 6 3 5 5 0 5972 2530 6752 5973 2531 6753
12039 6 3 5 5 0 5973 2531 6753 5974 2532 6754
12040 6 3 5 5 0 5974 2532 6754 5975 2533 6755
12041 6 3 5 5 0 5975 2533 6755 5976 2534 6756
12042 6 3 5 5 0 5976 2534 6756 5977 2535 6757
12043 6 3 5 5 0 5977 2535 6757 5978 2536 6758
12044 6 3 5 5 0 5978 2536 6758 5979 2537 6759
12045 6 3 5 5 0 5979 2537 6759 5980 2538 6760
12046 6 3 5 5 0 5980 2538 6760 5981 2539 6761
12047 6 3 5 5 0 5981 2539 6761 5982 2540 6762
12048 6 3 5 5 0 5982 2540 6762 5983 2541 6763
12049 6 3 5 5 0 5983 2541 6763 5984 2542 6764
12050 6 3 5 5 0 5984 2542 6764 5985 2543 6765
12051 6 3 5 5 0 5985 2543 6765 5986 2544 6766
12052 6 3 5 5 0 5986 2544 6766 5987 2545 6767
12053 6 3 5 5 0 5987 2545 6767 5988 2546 6768
12054 6 3 5 5 0 5988 2546 6768 5989 2547 6769
12055 6 3 5 5 0 5989 2547 6769 5990 2548 6770
12056 6 3 5 5 0 5990 2548 6770 5991 2549 6771
12057 6 3 5 5 0 5991 2549 6771 5992 2550 6772
12058 6 3 5 5 0 5992 2550 6772 5993 2551 6773
12059 6 3 5 5 0 5993 2551 6773 5994 2552 6774
12060 6 3 5 5 0 5994 2552 6774 5995 2553 6775
12061 6 3 5 5 0 5995 2553 6775 5996 2554 6776
12062 6 3 5 5 0 5996 2554 6776 5997 2555 6777
12063 6 3 5 5 0 5997 2555 6777 5998 2556 6778
12064 6 3 5 5 0 5998 2556 6778 5999 2557 6779
12065 6 3 5 5 0 5999 2557 6779 6000 2558 6780
12066 6 3 5 5 0 6000 2558 6780 6001 2559 6781
12067 6 3 5 5 0 6001 2559 6781 6002 2560 6782
12068 6 3 5 5 0 6002 2560 6782 6003 2561 6783
12069 6 3 5 5 0 6003 2561 6783 6004 2562 6784
12070 6 3 5 5 0 6004 2562 6784 6005 2563 6785
12071 6 3 5 5 0 6005 2563 6785 6006 2564 6786
12072 6 3 5 5 0 6006 2564 6786 3001 565 3021
12073 6 3 5 5 0 2264 2266 2282 6046 6124 6748
12074 6 3 5 5 0 6046 6124 6748 6047 6125 6749
12075 6 3 5 5 0 6047 6125 6749 6048 6126 6750
12076 6 3 5 5 0 6048 6126 6750 6049 6127 6751
12077 6 3 5 5 0 6049 6127 6751 6050 6128 6752
12078 6 3 5 5 0 6050 6128 6752 6051 6129 6753
12079 6 3 5 5 0 6051 6129 6753 6052 6130 6754
12080 6 3 5 5 0 6052 6130 6754 6053 6131 6755
12081 6 3 5 5 0 6053 6131 6755 6054 6132 6756
12082 6 3 5 5 0 6054 6132 6756 6055 6133 6757
12083 6 3 5 5 0 6055 6133 6757 6056 6134 6758
12084 6 3 5 5 0 6056 6134 6758 6057 6135 6759
12085 6 3 5 5 0 6057 6135 6759 6058 6136 6760
12086 6 3 5 5 0 6058 6136 6760 6059 6137 6761
12087 6 3 5 5 0 6059 6137 6761 6060 6138 6762
12088 6 3 5 5 0 6060 6138 6762 6061 6139 6763
12089 6 3 5 5 0 6061 6139 6763 6062 6140 6764
12090 6 3 5 5 0 6062 6140 6764 6063 6141 6765
12091 6 3 5 5 0 6063 6141 6765 6064 6142 6766
12092 6 3 5 5 0 6064 6142 6766 6065 6143 6767
12093 6 3 5 5 0 6065 6143 6767 6066 6144 6768
12094 6 3 5 5 0 6066 6144 6768 6067 6145 6769
12095 6 3 5 5 0 6067 6145 6769 6068 6146 6770
12096 6 3 5 5 0 6068 6146 6770 6069 6147 6771
12097 6 3 5 5 0 6069 6147 6771 6070 6148 6772
12098 6 3 5 5 0 6070 6148 6772 6071 6149 6773
12099 6 3 5 5 0 6071 6149 6773 6072 6150 6774
12100 6 3 5 5 0 6072 6150 6774 6073 6151 6775
12101 6 3 5 5 0 6073 6151 6775 6074 6152 6776
12102 6 3 5 5 0 6074 6152 6776 6075 6153 6777
12103 6 3 5 5 0 6075 6153 6777 6076 6154 6778
12104 6 3 5 5 0 6076 6154 6778 6077 6155 6779
12105 6 3 5 5 0 6077 6155 6779 6078 6156 6780
12106 6 3 5 5 0 6078 6156 6780 6079 6157 6781
12107 6 3 5 5 0 6079 6157 6781 6080 6158 6782
12108 6 3 5 5 0 6080 6158 6782 6081 6159 6783
12109 6 3 5 5 0 6081 6159 6783 6082 6160 6784
12110 6 3 5 5 0 6082 6160 6784 6083 6161 6785
12111 6 3 5 5 0 6083 6161 6785 6084 6162 6786
12112 6 3 5 5 0 6084 6162 6786 3003 3005 3021
12113 6 3 5 5 0 2260 490 2283 5890 2877 6787
12114 6 3 5 5 0 5890 2877 6787 5891 2878 6788
12115 6 3 5 5 0 5891 2878 6788 5892 2879 6789
12116 6 3 5 5 0 5892 2879 6789 5893 2880 6790
12117 6 3 5 5 0 5893 2880 6790 5894 2881 6791
12118 6 3 5 5 0 5894 2881 6791 5895 2882 6792
12119 6 3 5 5 0 5895 2882 6792 5896 2883 6793
12120 6 3 5 5 0 5896 2883 6793 5897 2884 6794
12121 6 3 5 5 0 5897 2884 6794 5898 2885 6795
12122 6 3 5 5 0 5898 2885 6795 5899 2886 6796
12123 6 3 5 5 0 5899 2886 6796 5900 2887 6797
12124 6 3 5 5 0 5900 2887 6797 5901 2888 6798
12125 6 3 5 5 0 5901 2888 6798 5902 2889 6799
12126 6 3 5 5 0 5902 2889 6799 5903 2890 6800
12127 6 3 5 5 0 5903 2890 6800 5904 2891 6801
12128 6 3 5 5 0 5904 2891 6801 5905 2892 6802
12129 6 3 5 5 0 5905 2892 6802 5906 2893 6803
12130 6 3 5 5 0 5906 2893 6803 5907 2894 6804
12131 6 3 5 5 0 5907 2894 6804 5908 2895 6805
12132 6 3 5 5 0 5908 2895 6805 5909 2896 6806
12133 6 3 5 5 0 5909 2896 6806 5910 2897 6807
12134 6 3 5 5 0 5910 2897 6807 5911 2898 6808
12135 6 3 5 5 0 5911 2898 6808 5912 2899 6809
12136 6 3 5 5 0 5912 2899 6809 5913 2900 6810
12137 6 3 5 5 0 5913 2900 6810 5914 2901 6811
12138 6 3 5 5 0 5914 2901 6811 5915 2902 6812
12139 6 3 5 5 0 5915 2902 6812 5916 2903 6813
12140 6 3 5 5 0 5916 2903 6813 5917 2904 6814
12141 6 3 5 5 0 5917 2904 6814 5918 2905 6815
12142 6 3 5 5 0 5918 2905 6815 5919 2906 6816
12143 6 3 5 5 0 5919 2906 6816 5920 2907 6817
12144 6 3 5 5 0 5920 2907 6817 5921 2908 6818
12145 6 3 5 5 0 5921 2908 6818 5922 2909 6819
12146 6 3 5 5 0 5922 2909 6819 5923 2910 6820
12147 6 3 5 5 0 5923 2910 6820 5924 2911 6821
12148 6 3 5 5 0 5924 2911 6821 5925 2912 6822
12149 6 3 5 5 0 5925 2912 6822 5926 2913 6823
12150 6 3 5 5 0 5926 2913 6823 5927 2914 6824
12151 6 3 5 5 0 5927 2914 6824 5928 2915 6825
12152 6 3 5 5 0 5928 2915 6825 2999 574 3022
12153 6 3 5 5 0 2265 2267 2283 6085 6163 6787
12154 6 3 5 5 0 6085 6163 6787 6086 6164 6788
12155 6 3 5 5 0 6086 6164 6788 6087 6165 6789
12156 6 3 5 5 0 6087 6165 6789 6088 6166 6790
12157 6 3 5 5 0 6088 6166 6790 6089 6167 6791
12158 6 3 5 5 0 6089 6167 6791 6090 6168 6792
12159 6 3 5 5 0 6090 6168 6792 6091 6169 6793
12160 6 3 5 5 0 6091 6169 6793 6092 6170 6794
12161 6 3 5 5 0 6092 6170 6794 6093 6171 6795
12162 6 3 5 5 0 6093 6171 6795 6094 6172 6796
12163 6 3 5 5 0 6094 6172 6796 6095 6173 6797
12164 6 3 5 5 0 6095 6173 6797 6096 6174 6798
12165 6 3 5 5 0 6096 6174 6798 6097 6175 6799
12166 6 3 5 5 0 6097 6175 6799 6098 6176 6800
12167 6 3 5 5 0 6098 6176 6800 6099 6177 6801
12168 6 3 5 5 0 6099 6177 6801 6100 6178 6802
12169 6 3 5 5 0 6100 6178 6802 6101 6179 6803
12170 6 3 5 5 0 6101 6179 6803 6102 6180 6804
12171 6 3 5 5 0 6102 6180 6804 6103 6181 6805
12172 6 3 5 5 0 6103 6181 6805 6104 6182 6806
12173 6 3 5 5 0 6104 6182 6806 6105 6183 6807
12174 6 3 5 5 0 6105 6183 6807 6106 6184 6808
12175 6 3 5 5 0 6106 6184 6808 6107 6185 6809
12176 6 3 5 5 0 6107 6185 6809 6108 6186 6810
12177 6 3 5 5 0 6108 6186 6810 6109 6187 6811
12178 6 3 5 5 0 6109 6187 6811 6110 6188 6812
12179 6 3 5 5 0 6110 6188 6812 6111 6189 6813
12180 6 3 5 5 0 6111 6189 6813 6112 6190 6814
12181 6 3 5 5 0 6112 6190 6814 6113 6191 6815
12182 6 3 5 5 0 6113 6191 6815 6114 6192 6816
12183 6 3 5 5 0 6114 6192 6816 6115 6193 6817
12184 6 3 5 5 0 6115 6193 6817 6116 6194 6818
12185 6 3 5 5 0 6116 6194 6818 6117 6195 6819
12186 6 3 5 5 0 6117 6195 6819 6118 6196 6820
12187 6 3 5 5 0 6118 6196 6820 6119 6197 6821
12188 6 3 5 5 0 6119 6197 6821 6120 6198 6822
12189 6 3 5 5 0 6120 6198 6822 6121 6199 6823
12190 6 3 5 5 0 6121 6199 6823 6122 6200 6824
12191 6 3 5 5 0 6122 6200 6824 6123 6201 6825
12192 6 3 5 5 0 6123 6201 6825 3004 3006 3022
12193 6 3 5 5 0 2266 2264 2284 6124 6046 6826
12194 6 3 5 5 0 6124 6046 6826 6125 6047 6827
12195 6 3 5 5 0 6125 6047 6827 6126 6048 6828
12196 6 3 5 5 0 6126 6048 6828 6127 6049 6829
12197 6 3 5 5 0 6127 6049 6829 6128 6050 6830
12198 6 3 5 5 0 6128 6050 6830 6129 6051 6831
12199 6 3 5 5 0 6129 6051 6831 6130 6052 6832
12200 6 3 5 5 0 6130 6052 6832 6131 6053 6833
12201 6 3 5 5 0 6131 6053 6833 6132 6054 6834
12202 6 3 5 5 0 6132 6054 6834 6133 6055 6835
12203 6 3 5 5 0 6133 6055 6835 6134 6056 6836
12204 6 3 5 5 0 6134 6056 6836 6135 6057 6837
12205 6 3 5 5 0 6135 6057 6837 6136 6058 6838
12206 6 3 5 5 0 6136 6058 6838 6137 6059 6839
12207 6 3 5 5 0 6137 6059 6839 6138 6060 6840
12208 6 3 5 5 0 6138 6060 6840 6139 6061 6841
12209 6 3 5 5 0 6139 6061 6841 6140 6062 6842
12210 6 3 5 5 0 6140 6062 6842 6141 6063 6843
12211 6 3 5 5 0 6141 6063 6843 6142 6064 6844
12212 6 3 5 5 0 6142 6064 6844 6143 6065 6845
12213 6 3 5 5 0 6143 6065 6845 6144 6066 6846
12214 6 3 5 5 0 6144 6066 6846 6145 6067 6847
12215 6 3 5 5 0 6145 6067 6847 6146 6068 6848
12216 6 3 5 5 0 6146 6068 6848 6147 6069 6849
12217 6 3 5 5 0 6147 6069 6849 6148 6070 6850
12218 6 3 5 5 0 6148 6070 6850 6149 6071 6851
12219 6 3 5 5 0 6149 6071 6851 6150 6072 6852
12220 6 3 5 5 0 6150 6072 6852 6151 6073 6853
12221 6 3 5 5 0 6151 6073 6853 6152 6074 6854
12222 6 3 5 5 0 6152 6074 6854 6153 6075 6855
12223 6 3 5 5 0 6153 6075 6855 6154 6076 6856
12224 6 3 5 5 0 6154 6076 6856 6155 6077 6857
12225 6 3 5 5 0 6155 6077 6857 6156 6078 6858
12226 6 3 5 5 0 6156 6078 6858 6157 6079 6859
12227 6 3 5 5 0 6157 6079 6859 6158 6080 6860
12228 6 3 5 5 0 6158 6080 6860 6159 6081 6861
12229 6 3 5 5 0 6159 6081 6861 6160 6082 6862
12230 6 3 5 5 0 6160 6082 6862 6161 6083 6863
12231 6 3 5 5 0 6161 6083 6863 6162 6084 6864
12232 6 3 5 5 0 6162 6084 6864 3005 3003 3023
12233 6 3 5 5 0 2284 2264 2273 6826 6046 6397
12234 6 3 5 5 0 6826 6046 6397 6827 6047 6398
12235 6 3 5 5 0 6827 6047 6398 6828 6048 6399
12236 6 3 5 5 0 6828 6048 6399 6829 6049 6400
12237 6 3 5 5 0 6829 6049 6400 6830 6050 6401
12238 6 3 5 5 0 6830 6050 6401 6831 6051 6402
12239 6 3 5 5 0 6831 6051 6402 6832 6052 6403
12240 6 3 5 5 0 6832 6052 6403 6833 6053 6404
12241 6 3 5 5 0 6833 6053 6404 6834 6054 6405
12242 6 3 5 5 0 6834 6054 6405 6835 6055 6406
12243 6 3 5 5 0 6835 6055 6406 6836 6056 6407
12244 6 3 5 5 0 6836 6056 6407 6837 6057 6408
12245 6 3 5 5 0 6837 6057 6408 6838 6058 6409
12246 6 3 5 5 0 6838 6058 6409 6839 6059 6410
12247 6 3 5 5 0 6839 6059 6410 6840 6060 6411
12248 6 3 5 5 0 6840 6060 6411 6841 6061 6412
12249 6 3 5 5 0 6841 6061 6412 6842 6062 6413
12250 6 3 5 5 0 6842 6062 6413 6843 6063 6414
12251 6 3 5 5 0 6843 6063 6414 6844 6064 6415
12252 6 3 5 5 0 6844 6064 6415 6845 6065 6416
12253 6 3 5 5 0 6845 6065 6416 6846 6066 6417
12254 6 3 5 5 0 6846 6066 6417 6847 6067 6418
12255 6 3 5 5 0 6847 6067 6418 6848 6068 6419
12256 6 3 5 5 0 6848 6068 6419 6849 6069 6420
12257 6 3 5 5 0 6849 6069 6420 6850 6070 6421
12258 6 3 5 5 0 6850 6070 6421 6851 6071 6422
12259 6 3 5 5 0 6851 6071 6422 6852 6072 6423
12260 6 3 5 5 0 6852 6072 6423 6853 6073 6424
12261 6 3 5 5 0 6853 6073 6424 6854 6074 6425
12262 6 3 5 5 0 6854 6074 6425 6855 6075 6426
12263 6 3 5 5 0 6855 6075 6426 6856 6076 6427
12264 6 3 5 5 0 6856 6076 6427 6857 6077 6428
12265 6 3 5 5 0 6857 6077 6428 6858 6078 6429
12266 6 3 5 5 0 6858 6078 6429 6859 6079 6430
12267 6 3 5 5 0 6859 6079 6430 6860 6080 6431
12268 6 3 5 5 0 6860 6080 6431 6861 6081 6432
12269 6 3 5 5 0 6861 6081 6432 6862 6082 6433
12270 6 3 5 5 0 6862 6082 6433 6863 6083 6434
12271 6 3 5 5 0 6863 6083 6434 6864 6084 6435
12272 6 3 5 5 0 6864 6084 6435 3023 3003 3012
12273 6 3 5 5 0 2267 2265 2285 6163 6085 6865
12274 6 3 5 5 0 6163 6085 6865 6164 6086 6866
12275 6 3 5 5 0 6164 6086 6866 6165 6087 6867
12276 6 3 5 5 0 6165 6087 6867 6166 6088 6868
12277 6 3 5 5 0 6166 6088 6868 6167 6089 6869
12278 6 3 5 5 0 6167 6089 6869 6168 6090 6870
12279 6 3 5 5 0 6168 6090 6870 6169 6091 6871
12280 6 3 5 5 0 6169 6091 6871 6170 6092 6872
12281 6 3 5 5 0 6170 6092 6872 6171 6093 6873
12282 6 3 5 5 0 6171 6093 6873 6172 6094 6874
12283 6 3 5 5 0 6172 6094 6874 6173 6095 6875
12284 6 3 5 5 0 6173 6095 6875 6174 6096 6876
12285 6 3 5 5 0 6174 6096 6876 6175 6097 6877
12286 6 3 5 5 0 6175 6097 6877 6176 6098 6878
12287 6 3 5 5 0 6176 6098 6878 6177 6099 6879
12288 6 3 5 5 0 6177 6099 6879 6178 6100 6880
12289 6 3 5 5 0 6178 6100 6880 6179 6101 6881
12290 6 3 5 5 0 6179 6101 6881 6180 6102 6882
12291 6 3 5 5 0 6180 6102 6882 6181 6103 6883
12292 6 3 5 5 0 6181 6103 6883 6182 6104 6884
12293 6 3 5 5 0 6182 6104 6884 6183 6105 6885
12294 6 3 5 5 0 6183 6105 6885 6184 6106 6886
12295 6 3 5 5 0 6184 6106 6886 6185 6107 6887
12296 6 3 5 5 0 6185 6107 6887 6186 6108 6888
12297 6 3 5 5 0 6186 6108 6888 6187 6109 6889
12298 6 3 5 5 0 6187 6109 6889 6188 6110 6890
12299 6 3 5 5 0 6188 6110 6890 6189 6111 6891
12300 6 3 5 5 0 6189 6111 6891 6190 6112 6892
12301 6 3 5 5 0 6190 6112 6892 6191 6113 6893
12302 6 3 5 5 0 6191 6113 6893 6192 6114 6894
12303 6 3 5 5 0 6192 6114 6894 6193 6115 6895
12304 6 3 5 5 0 6193 6115 6895 6194 6116 6896
12305 6 3 5 5 0 6194 6116 6896 6195 6117 6897
12306 6 3 5 5 0 6195 6117 6897 6196 6118 6898
12307 6 3 5 5 0 6196 6118 6898 6197 6119 6899
12308 6 3 5 5 0 6197 6119 6899 6198 6120 6900
12309 6 3 5 5 0 6198 6120 6900 6199 6121 6901
12310 6 3 5 5 0 6199 6121 6901 6200 6122 6902
12311 6 3 5 5 0 6200 6122 6902 6201 6123 6903
12312 6 3 5 5 0 6201 6123 6903 3006 3004 3024
12313 6 3 5 5 0 2285 2265 2272 6865 6085 6358
12314 6 3 5 5 0 6865 6085 6358 6866 6086 6359
12315 6 3 5 5 0 6866 6086 6359 6867 6087 6360
12316 6 3 5 5 0 6867 6087 6360 6868 6088 6361
12317 6 3 5 5 0 6868 6088 6361 6869 6089 6362
12318 6 3 5 5 0 6869 6089 6362 6870 6090 6363
12319 6 3 5 5 0 6870 6090 6363 6871 6091 6364
12320 6 3 5 5 0 6871 6091 6364 6872 6092 6365
12321 6 3 5 5 0 6872 6092 6365 6873 6093 6366
12322 6 3 5 5 0 6873 6093 6366 6874 6094 6367
12323 6 3 5 5 0 6874 6094 6367 6875 6095 6368
12324 6 3 5 5 0 6875 6095 6368 6876 6096 6369
12325 6 3 5 5 0 6876 6096 6369 6877 6097 6370
12326 6 3 5 5 0 6877 6097 6370 6878 6098 6371
12327 6 3 5 5 0 6878 6098 6371 6879 6099 6372
12328 6 3 5 5 0 6879 6099 6372 6880 6100 6373
12329 6 3 5 5 0 6880 6100 6373 6881 6101 6374
12330 6 3 5 5 0 6881 6101 6374 6882 6102 6375
12331 6 3 5 5 0 6882 6102 6375 6883 6103 6376
12332 6 3 5 5 0 6883 6103 6376 6884 6104 6377
12333 6 3 5 5 0 6884 6104 6377 6885 6105 6378
12334 6 3 5 5 0 6885 6105 6378 6886 6106 6379
12335 6 3 5 5 0 6886 6106 6379 6887 6107 6380
12336 6 3 5 5 0 6887 6107 6380 6888 6108 6381
12337 6 3 5 5 0 6888 6108 6381 6889 6109 6382
12338 6 3 5 5 0 6889 6109 6382 6890 6110 6383
12339 6 3 5 5 0 6890 6110 6383 6891 6111 6384
12340 6 3 5 5 0 6891 6111 6384 6892 6112 6385
12341 6 3 5 5 0 6892 6112 6385 6893 6113 6386
12342 6 3 5 5 0 6893 6113 6386 6894 6114 6387
12343 6 3 5 5 0 6894 6114 6387 6895 6115 6388
12344 6 3 5 5 0 6895 6115 6388 6896 6116 6389
12345 6 3 5 5 0 6896 6116 6389 6897 6117 6390
12346 6 3 5 5 0 6897 6117 6390 6898 6118 6391
12347 6 3 5 5 0 6898 6118 6391 6899 6119 6392
12348 6 3 5 5 0 6899 6119 6392 6900 6120 6393
12349 6 3 5 5 0 6900 6120 6393 6901 6121 6394
12350 6 3 5 5 0 6901 6121 6394 6902 6122 6395
12351 6 3 5 5 0 6902 6122 6395 6903 6123 6396
12352 6 3 5 5 0 6903 6123 6396 3024 3004 3011
12353 6 3 5 5 0 2286 25 475 6904 577 2292
12354 6 3 5 5 0 6904 577 2292 6905 578 2293
12355 6 3 5 5 0 6905 578 2293 6906 579 2294
12356 6 3 5 5 0 6906 579 2294 6907 580 2295
12357 6 3 5 5 0 6907 580 2295 6908 581 2296
12358 6 3 5 5 0 6908 581 2296 6909 582 2297
12359 6 3 5 5 0 6909 582 2297 6910 583 2298
12360 6 3 5 5 0 6910 583 2298 6911 584 2299
12361 6 3 5 5 0 6911 584 2299 6912 585 2300
12362 6 3 5 5 0 6912 585 2300 6913 586 2301
12363 6 3 5 5 0 6913 586 2301 6914 587 2302
12364 6 3 5 5 0 6914 587 2302 6915 588 2303
12365 6 3 5 5 0 6915 588 2303 6916 589 2304
12366 6 3 5 5 0 6916 589 2304 6917 590 2305
12367 6 3 5 5 0 6917 590 2305 6918 591 2306
12368 6 3 5 5 0 6918 591 2306 6919 592 2307
12369 6 3 5 5 0 6919 592 2307 6920 593 2308
12370 6 3 5 5 0 6920 593 2308 6921 594 2309
12371 6 3 5 5 0 6921 594 2309 6922 595 2310
12372 6 3 5 5 0 6922 595 2310 6923 596 2311
12373 6 3 5 5 0 6923 596 2311 6924 597 2312
12374 6 3 5 5 0 6924 597 2312 6925 598 2313
12375 6 3 5 5 0 6925 598 2313 6926 599 2314
12376 6 3 5 5 0 6926 599 2314 6927 600 2315
12377 6 3 5 5 0 6927 600 2315 6928 601 2316
12378 6 3 5 5 0 6928 601 2316 6929 602 2317
12379 6 3 5 5 0 6929 602 2317 6930 603 2318
12380 6 3 5 5 0 6930 603 2318 6931 604 2319
12381 6 3 5 5 0 6931 604 2319 6932 605 2320
12382 6 3 5 5 0 6932 605 2320 6933 606 2321
12383 6 3 5 5 0 6933 606 2321 6934 607 2322
12384 6 3 5 5 0 6934 607 2322 6935 608 2323
12385 6 3 5 5 0 6935 608 2323 6936 609 2324
12386 6 3 5 5 0 6936 609 2324 6937 610 2325
12387 6 3 5 5 0 6937 610 2325 6938 611 2326
12388 6 3 5 5 0 6938 611 2326 6939 612 2327
12389 6 3 5 5 0 6939 612 2327 6940 613 2328
12390 6 3 5 5 0 6940 613 2328 6941 614 2329
12391 6 3 5 5 0 6941 614 2329 6942 615 2330
12392 6 3 5 5 0 6942 615 2330 3025 31 559
12393 6 3 5 5 0 475 2280 2286 2292 6670 6904
12394 6 3 5 5 0 2292 6670 6904 2293 6671 6905
12395 6 3 5 5 0 2293 6671 6905 2294 6672 6906
12396 6 3 5 5 0 2294 6672 6906 2295 6673 6907
12397 6 3 5 5 0 2295 6673 6907 2296 6674 6908
12398 6 3 5 5 0 2296 6674 6908 2297 6675 6909
12399 6 3 5 5 0 2297 6675 6909 2298 6676 6910
12400 6 3 5 5 0 2298 6676 6910 2299 6677 6911
12401 6 3 5 5 0 2299 6677 6911 2300 6678 6912
12402 6 3 5 5 0 2300 6678 6912 2301 6679 6913
12403 6 3 5 5 0 2301 6679 6913 2302 6680 6914
12404 6 3 5 5 0 2302 6680 6914 2303 6681 6915
12405 6 3 5 5 0 2303 6681 6915 2304 6682 6916
12406 6 3 5 5 0 2304 6682 6916 2305 6683 6917
12407 6 3 5 5 0 2305 6683 6917 2306 6684 6918
12408 6 3 5 5 0 2306 6684 6918 2307 6685 6919
12409 6 3 5 5 0 2307 6685 6919 2308 6686 6920
12410 6 3 5 5 0 2308 6686 6920 2309 6687 6921
12411 6 3 5 5 0 2309 6687 6921 2310 6688 6922
12412 6 3 5 5 0 2310 6688 6922 2311 6689 6923
12413 6 3 5 5 0 2311 6689 6923 2312 6690 6924
12414 6 3 5 5 0 2312 6690 6924 2313 6691 6925
12415 6 3 5 5 0 2313 6691 6925 2314 6692 6926
12416 6 3 5 5 0 2314 6692 6926 2315 6693 6927
12417 6 3 5 5 0 2315 6693 6927 2316 6694 6928
12418 6 3 5 5 0 2316 6694 6928 2317 6695 6929
12419 6 3 5 5 0 2317 6695 6929 2318 6696 6930
12420 6 3 5 5 0 2318 6696 6930 2319 6697 6931
12421 6 3 5 5 0 2319 6697 6931 2320 6698 6932
12422 6 3 5 5 0 2320 6698 6932 2321 6699 6933
12423 6 3 5 5 0 2321 6699 6933 2322 6700 6934
12424 6 3 5 5 0 2322 6700 6934 2323 6701 6935
12425 6 3 5 5 0 2323 6701 6935 2324 6702 6936
12426 6 3 5 5 0 2324 6702 6936 2325 6703 6937
12427 6 3 5 5 0 2325 6703 6937 2326 6704 6938
12428 6 3 5 5 0 2326 6704 6938 2327 6705 6939
12429 6 3 5 5 0 2327 6705 6939 2328 6706 6940
12430 6 3 5 5 0 2328 6706 6940 2329 6707 6941
12431 6 3 5 5 0 2329 6707 6941 2330 6708 6942
12432 6 3 5 5 0 2330 6708 6942 559 3019 3025
12433 6 3 5 5 0 2287 28 484 6943 694 2643
12434 6 3 5 5 0 6943 694 2643 6944 695 2644
12435 6 3 5 5 0 6944 695 2644 6945 696 2645
12436 6 3 5 5 0 6945 696 2645 6946 697 2646
12437 6 3 5 5 0 6946 697 2646 6947 698 2647
12438 6 3 5 5 0 6947 698 2647 6948 699 2648
12439 6 3 5 5 0 6948 699 2648 6949 700 2649
12440 6 3 5 5 0 6949 700 2649 6950 701 2650
12441 6 3 5 5 0 6950 701 2650 6951 702 2651
12442 6 3 5 5 0 6951 702 2651 6952 703 2652
12443 6 3 5 5 0 6952 703 2652 6953 704 2653
12444 6 3 5 5 0 6953 704 2653 6954 705 2654
12445 6 3 5 5 0 6954 705 2654 6955 706 2655
12446 6 3 5 5 0 6955 706 2655 6956 707 2656
12447 6 3 5 5 0 6956 707 2656 6957 708 2657
12448 6 3 5 5 0 6957 708 2657 6958 709 2658
12449 6 3 5 5 0 6958 709 2658 6959 710 2659
12450 6 3 5 5 0 6959 710 2659 6960 711 2660
12451 6 3 5 5 0 6960 711 2660 6961 712 2661
12452 6 3 5 5 0 6961 712 2661 6962 713 2662
12453 6 3 5 5 0 6962 713 2662 6963 714 2663
12454 6 3 5 5 0 6963 714 2663 6964 715 2664
12455 6 3 5 5 0 6964 715 2664 6965 716 2665
12456 6 3 5 5 0 6965 716 2665 6966 717 2666
12457 6 3 5 5 0 6966 717 2666 6967 718 2667
12458 6 3 5 5 0 6967 718 2667 6968 719 2668
12459 6 3 5 5 0 6968 719 2668 6969 720 2669
12460 6 3 5 5 0 6969 720 2669 6970 721 2670
12461 6 3 5 5 0 6970 721 2670 6971 722 2671
12462 6 3 5 5 0 6971 722 2671 6972 723 2672
12463 6 3 5 5 0 6972 723 2672 6973 724 2673
12464 6 3 5 5 0 6973 724 2673 6974 725 2674
12465 6 3 5 5 0 6974 725 2674 6975 726 2675
12466 6 3 5 5 0 6975 726 2675 6976 727 2676
12467 6 3 5 5 0 6976 727 2676 6977 728 2677
12468 6 3 5 5 0 6977 728 2677 6978 729 2678
12469 6 3 5 5 0 6978 729 2678 6979 730 2679
12470 6 3 5 5 0 6979 730 2679 6980 731 2680
12471 6 3 5 5 0 6980 731 2680 6981 732 2681
12472 6 3 5 5 0 6981 732 2681 3026 34 568
12473 6 3 5 5 0 484 2281 2287 2643 6709 6943
12474 6 3 5 5 0 2643 6709 6943 2644 6710 6944
12475 6 3 5 5 0 2644 6710 6944 2645 6711 6945
12476 6 3 5 5 0 2645 6711 6945 2646 6712 6946
12477 6 3 5 5 0 2646 6712 6946 2647 6713 6947
12478 6 3 5 5 0 2647 6713 6947 2648 6714 6948
12479 6 3 5 5 0 2648 6714 6948 2649 6715 6949
12480 6 3 5 5 0 2649 6715 6949 2650 6716 6950
12481 6 3 5 5 0 2650 6716 6950 2651 6717 6951
12482 6 3 5 5 0 2651 6717 6951 2652 6718 6952
12483 6 3 5 5 0 2652 6718 6952 2653 6719 6953
12484 6 3 5 5 0 2653 6719 6953 2654 6720 6954
12485 6 3 5 5 0 2654 6720 6954 2655 6721 6955
12486 6 3 5 5 0 2655 6721 6955 2656 6722 6956
12487 6 3 5 5 0 2656 6722 6956 2657 6723 6957
12488 6 3 5 5 0 2657 6723 6957 2658 6724 6958
12489 6 3 5 5 0 2658 6724 6958 2659 6725 6959
12490 6 3 5 5 0 2659 6725 6959 2660 6726 6960
12491 6 3 5 5 0 2660 6726 6960 2661 6727 6961
12492 6 3 5 5 0 2661 6727 6961 2662 6728 6962
12493 6 3 5 5 0 2662 6728 6962 2663 6729 6963
12494 6 3 5 5 0 2663 6729 6963 2664 6730 6964
12495 6 3 5 5 0 2664 6730 6964 2665 6731 6965
12496 6 3 5 5 0 2665 6731 6965 2666 6732 6966
12497 6 3 5 5 0 2666 6732 6966 2667 6733 6967
12498 6 3 5 5 0 2667 6733 6967 2668 6734 6968
12499 6 3 5 5 0 2668 6734 6968 2669 6735 6969
12500 6 3 5 5 0 2669 6735 6969 2670 6736 6970
12501 6 3 5 5 0 2670 6736 6970 2671 6737 6971
12502 6 3 5 5 0 2671 6737 6971 2672 6738 6972
12503 6 3 5 5 0 2672 6738 6972 2673 6739 6973
12504 6 3 5 5 0 2673 6739 6973 2674 6740 6974
12505 6 3 5 5 0 2674 6740 6974 2675 6741 6975
12506 6 3 5 5 0 2675 6741 6975 2676 6742 6976
12507 6 3 5 5 0 2676 6742 6976 2677 6743 6977
12508 6 3 5 5 0 2677 6743 6977 2678 6744 6978
12509 6 3 5 5 0 2678 6744 6978 2679 6745 6979
12510 6 3 5 5 0 2679 6745 6979 2680 6746 6980
12511 6 3 5 5 0 2680 6746 6980 2681 6747 6981
12512 6 3 5 5 0 2681 6747 6981 568 3020 3026
12513 6 3 5 5 0 2277 2262 2282 6553 5968 6748
12514 6 3 5 5 0 6553 5968 6748 6554 5969 6749
12515 6 3 5 5 0 6554 5969 6749 6555 5970 6750
12516 6 3 5 5 0 6555 5970 6750 6556 5971 6751
12517 6 3 5 5 0 6556 5971 6751 6557 5972 6752
12518 6 3 5 5 0 6557 5972 6752 6558 5973 6753
12519 6 3 5 5 0 6558 5973 6753 6559 5974 6754
12520 6 3 5 5 0 6559 5974 6754 6560 5975 6755
12521 6 3 5 5 0 6560 5975 6755 6561 5976 6756
12522 6 3 5 5 0 6561 5976 6756 6562 5977 6757
12523 6 3 5 5 0 6562 5977 6757 6563 5978 6758
12524 6 3 5 5 0 6563 5978 6758 6564 5979 6759
12525 6 3 5 5 0 6564 5979 6759 6565 5980 6760
12526 6 3 5 5 0 6565 5980 6760 6566 5981 6761
12527 6 3 5 5 0 6566 5981 6761 6567 5982 6762
12528 6 3 5 5 0 6567 5982 6762 6568 5983 6763
12529 6 3 5 5 0 6568 5983 6763 6569 5984 6764
12530 6 3 5 5 0 6569 5984 6764 6570 5985 6765
12531 6 3 5 5 0 6570 5985 6765 6571 5986 6766
12532 6 3 5 5 0 6571 5986 6766 6572 5987 6767
12533 6 3 5 5 0 6572 5987 6767 6573 5988 6768
12534 6 3 5 5 0 6573 5988 6768 6574 5989 6769
12535 6 3 5 5 0 6574 5989 6769 6575 5990 6770
12536 6 3 5 5 0 6575 5990 6770 6576 5991 6771
12537 6 3 5 5 0 6576 5991 6771 6577 5992 6772
12538 6 3 5 5 0 6577 5992 6772 6578 5993 6773
12539 6 3 5 5 0 6578 5993 6773 6579 5994 6774
12540 6 3 5 5 0 6579 5994 6774 6580 5995 6775
12541 6 3 5 5 0 6580 5995 6775 6581 5996 6776
12542 6 3 5 5 0 6581 5996 6776 6582 5997 6777
12543 6 3 5 5 0 6582 5997 6777 6583 5998 6778
12544 6 3 5 5 0 6583 5998 6778 6584 5999 6779
12545 6 3 5 5 0 6584 5999 6779 6585 6000 6780
12546 6 3 5 5 0 6585 6000 6780 6586 6001 6781
12547 6 3 5 5 0 6586 6001 6781 6587 6002 6782
12548 6 3 5 5 0 6587 6002 6782 6588 6003 6783
12549 6 3 5 5 0 6588 6003 6783 6589 6004 6784
12550 6 3 5 5 0 6589 6004 6784 6590 6005 6785
12551 6 3 5 5 0 6590 6005 6785 6591 6006 6786
12552 6 3 5 5 0 6591 6006 6786 3016 3001 3021
12553 6 3 5 5 0 2277 2282 2266 6553 6748 6124
12554 6 3 5 5 0 6553 6748 6124 6554 6749 6125
12555 6 3 5 5 0 6554 6749 6125 6555 6750 6126
12556 6 3 5 5 0 6555 6750 6126 6556 6751 6127
12557 6 3 5 5 0 6556 6751 6127 6557 6752 6128
12558 6 3 5 5 0 6557 6752 6128 6558 6753 6129
12559 6 3 5 5 0 6558 6753 6129 6559 6754 6130
12560 6 3 5 5 0 6559 6754 6130 6560 6755 6131
12561 6 3 5 5 0 6560 6755 6131 6561 6756 6132
12562 6 3 5 5 0 6561 6756 6132 6562 6757 6133
12563 6 3 5 5 0 6562 6757 6133 6563 6758 6134
12564 6 3 5 5 0 6563 6758 6134 6564 6759 6135
12565 6 3 5 5 0 6564 6759 6135 6565 6760 6136
12566 6 3 5 5 0 6565 6760 6136 6566 6761 6137
12567 6 3 5 5 0 6566 6761 6137 6567 6762 6138
12568 6 3 5 5 0 6567 6762 6138 6568 6763 6139
12569 6 3 5 5 0 6568 6763 6139 6569 6764 6140
12570 6 3 5 5 0 6569 6764 6140 6570 6765 6141
12571 6 3 5 5 0 6570 6765 6141 6571 6766 6142
12572 6 3 5 5 0 6571 6766 6142 6572 6767 6143
12573 6 3 5 5 0 6572 6767 6143 6573 6768 6144
12574 6 3 5 5 0 6573 6768 6144 6574 6769 6145
12575 6 3 5 5 0 6574 6769 6145 6575 6770 6146
12576 6 3 5 5 0 6575 6770 6146 6576 6771 6147
12577 6 3 5 5 0 6576 6771 6147 6577 6772 6148
12578 6 3 5 5 0 6577 6772 6148 6578 6773 6149
12579 6 3 5 5 0 6578 6773 6149 6579 6774 6150
12580 6 3 5 5 0 6579 6774 6150 6580 6775 6151
12581 6 3 5 5 0 6580 6775 6151 6581 6776 6152
12582 6 3 5 5 0 6581 6776 6152 6582 6777 6153
12583 6 3 5 5 0 6582 6777 6153 6583 6778 6154
12584 6 3 5 5 0 6583 6778 6154 6584 6779 6155
12585 6 3 5 5 0 6584 6779 6155 6585 6780 6156
12586 6 3 5 5 0 6585 6780 6156 6586 6781 6157
12587 6 3 5 5 0 6586 6781 6157 6587 6782 6158
12588 6 3 5 5 0 6587 6782 6158 6588 6783 6159
12589 6 3 5 5 0 6588 6783 6159 6589 6784 6160
12590 6 3 5 5 0 6589 6784 6160 6590 6785 6161
12591 6 3 5 5 0 6590 6785 6161 6591 6786 6162
12592 6 3 5 5 0 6591 6786 6162 3016 3021 3005
12593 6 3 5 5 0 2276 2260 2283 6514 5890 6787
12594 6 3 5 5 0 6514 5890 6787 6515 5891 6788
12595 6 3 5 5 0 6515 5891 6788 6516 5892 6789
12596 6 3 5 5 0 6516 5892 6789 6517 5893 6790
12597 6 3 5 5 0 6517 5893 6790 6518 5894 6791
12598 6 3 5 5 0 6518 5894 6791 6519 5895 6792
12599 6 3 5 5 0 6519 5895 6792 6520 5896 6793
12600 6 3 5 5 0 6520 5896 6793 6521 5897 6794
12601 6 3 5 5 0 6521 5897 6794 6522 5898 6795
12602 6 3 5 5 0 6522 5898 6795 6523 5899 6796
12603 6 3 5 5 0 6523 5899 6796 6524 5900 6797
12604 6 3 5 5 0 6524 5900 6797 6525 5901 6798
12605 6 3 5 5 0 6525 5901 6798 6526 5902 6799
12606 6 3 5 5 0 6526 5902 6799 6527 5903 6800
12607 6 3 5 5 0 6527 5903 6800 6528 5904 6801
12608 6 3 5 5 0 6528 5904 6801 6529 5905 6802
12609 6 3 5 5 0 6529 5905 6802 6530 5906 6803
12610 6 3 5 5 0 6530 5906 6803 6531 5907 6804
12611 6 3 5 5 0 6531 5907 6804 6532 5908 6805
12612 6 3 5 5 0 6532 5908 6805 6533 5909 6806
12613 6 3 5 5 0 6533 5909 6806 6534 5910 6807
12614 6 3 5 5 0 6534 5910 6807 6535 5911 6808
12615 6 3 5 5 0 6535 5911 6808 6536 5912 6809
12616 6 3 5 5 0 6536 5912 6809 6537 5913 6810
12617 6 3 5 5 0 6537 5913 6810 6538 5914 6811
12618 6 3 5 5 0 6538 5914 6811 6539 5915 6812
12619 6 3 5 5 0 6539 5915 6812 6540 5916 6813
12620 6 3 5 5 0 6540 5916 6813 6541 5917 6814
12621 6 3 5 5 0 6541 5917 6814 6542 5918 6815
12622 6 3 5 5 0 6542 5918 6815 6543 5919 6816
12623 6 3 5 5 0 6543 5919 6816 6544 5920 6817
12624 6 3 5 5 0 6544 5920 6817 6545 5921 6818
12625 6 3 5 5 0 6545 5921 6818 6546 5922 6819
12626 6 3 5 5 0 6546 5922 6819 6547 5923 6820
12627 6 3 5 5 0 6547 5923 6820 6548 5924 6821
12628 6 3 5 5 0 6548 5924 6821 6549 5925 6822
12629 6 3 5 5 0 6549 5925 6822 6550 5926 6823
12630 6 3 5 5 0 6550 5926 6823 6551 5927 6824
12631 6 3 5 5 0 6551 5927 6824 6552 5928 6825
12632 6 3 5 5 0 6552 5928 6825 3015 2999 3022
12633 6 3 5 5 0 2276 2283 2267 6514 6787 6163
12634 6 3 5 5 0 6514 6787 6163 6515 6788 6164
12635 6 3 5 5 0 6515 6788 6164 6516 6789 6165
12636 6 3 5 5 0 6516 6789 6165 6517 6790 6166
12637 6 3 5 5 0 6517 6790 6166 6518 6791 6167
12638 6 3 5 5 0 6518 6791 6167 6519 6792 6168
12639 6 3 5 5 0 6519 6792 6168 6520 6793 6169
12640 6 3 5 5 0 6520 6793 6169 6521 6794 6170
12641 6 3 5 5 0 6521 6794 6170 6522 6795 6171
12642 6 3 5 5 0 6522 6795 6171 6523 6796 6172
12643 6 3 5 5 0 6523 6796 6172 6524 6797 6173
12644 6 3 5 5 0 6524 6797 6173 6525 6798 6174
12645 6 3 5 5 0 6525 6798 6174 6526 6799 6175
12646 6 3 5 5 0 6526 6799 6175 6527 6800 6176
12647 6 3 5 5 0 6527 6800 6176 6528 6801 6177
12648 6 3 5 5 0 6528 6801 6177 6529 6802 6178
12649 6 3 5 5 0 6529 6802 6178 6530 6803 6179
12650 6 3 5 5 0 6530 6803 6179 6531 6804 6180
12651 6 3 5 5 0 6531 6804 6180 6532 6805 6181
12652 6 3 5 5 0 6532 6805 6181 6533 6806 6182
12653 6 3 5 5 0 6533 6806 6182 6534 6807 6183
12654 6 3 5 5 0 6534 6807 6183 6535 6808 6184
12655 6 3 5 5 0 6535 6808 6184 6536 6809 6185
12656 6 3 5 5 0 6536 6809 6185 6537 6810 6186
12657 6 3 5 5 0 6537 6810 6186 6538 6811 6187
12658 6 3 5 5 0 6538 6811 6187 6539 6812 6188
12659 6 3 5 5 0 6539 6812 6188 6540 6813 6189
12660 6 3 5 5 0 6540 6813 6189 6541 6814 6190
12661 6 3 5 5 0 6541 6814 6190 6542 6815 6191
12662 6 3 5 5 0 6542 6815 6191 6543 6816 6192
12663 6 3 5 5 0 6543 6816 6192 6544 6817 6193
12664 6 3 5 5 0 6544 6817 6193 6545 6818 6194
12665 6 3 5 5 0 6545 6818 6194 6546 6819 6195
12666 6 3 5 5 0 6546 6819 6195 6547 6820 6196
12667 6 3 5 5 0 6547 6820 6196 6548 6821 6197
12668 6 3 5 5 0 6548 6821 6197 6549 6822 6198
12669 6 3 5 5 0 6549 6822 6198 6550 6823 6199
12670 6 3 5 5 0 6550 6823 6199 6551 6824 6200
12671 6 3 5 5 0 6551 6824 6200 6552 6825 6201
12672 6 3 5 5 0 6552 6825 6201 3015 3022 3006
12673 6 3 5 5 0 492 25 2286 2955 577 6904
12674 6 3 5 5 0 2955 577 6904 2956 578 6905
12675 6 3 5 5 0 2956 578 6905 2957 579 6906
12676 6 3 5 5 0 2957 579 6906 2958 580 6907
12677 6 3 5 5 0 2958 580 6907 2959 581 6908
12678 6 3 5 5 0 2959 581 6908 2960 582 6909
12679 6 3 5 5 0 2960 582 6909 2961 583 6910
12680 6 3 5 5 0 2961 583 6910 2962 584 6911
12681 6 3 5 5 0 2962 584 6911 2963 585 6912
12682 6 3 5 5 0 2963 585 6912 2964 586 6913
12683 6 3 5 5 0 2964 586 6913 2965 587 6914
12684 6 3 5 5 0 2965 587 6914 2966 588 6915
12685 6 3 5 5 0 2966 588 6915 2967 589 6916
12686 6 3 5 5 0 2967 589 6916 2968 590 6917
12687 6 3 5 5 0 2968 590 6917 2969 591 6918
12688 6 3 5 5 0 2969 591 6918 2970 592 6919
12689 6 3 5 5 0 2970 592 6919 2971 593 6920
12690 6 3 5 5 0 2971 593 6920 2972 594 6921
12691 6 3 5 5 0 2972 594 6921 2973 595 6922
12692 6 3 5 5 0 2973 595 6922 2974 596 6923
12693 6 3 5 5 0 2974 596 6923 2975 597 6924
12694 6 3 5 5 0 2975 597 6924 2976 598 6925
12695 6 3 5 5 0 2976 598 6925 2977 599 6926
12696 6 3 5 5 0 2977 599 6926 2978 600 6927
12697 6 3 5 5 0 2978 600 6927 2979 601 6928
12698 6 3 5 5 0 2979 601 6928 2980 602 6929
12699 6 3 5 5 0 2980 602 6929 2981 603 6930
12700 6 3 5 5 0 2981 603 6930 2982 604 6931
12701 6 3 5 5 0 2982 604 6931 2983 605 6932
12702 6 3 5 5 0 2983 605 6932 2984 606 6933
12703 6 3 5 5 0 2984 606 6933 2985 607 6934
12704 6 3 5 5 0 2985 607 6934 2986 608 6935
12705 6 3 5 5 0 2986 608 6935 2987 609 6936
12706 6 3 5 5 0 2987 609 6936 2988 610 6937
12707 6 3 5 5 0 2988 610 6937 2989 611 6938
12708 6 3 5 5 0 2989 611 6938 2990 612 6939
12709 6 3 5 5 0 2990 612 6939 2991 613 6940
12710 6 3 5 5 0 2991 613 6940 2992 614 6941
12711 6 3 5 5 0 2992 614 6941 2993 615 6942
12712 6 3 5 5 0 2993 615 6942 576 31 3025
12713 6 3 5 5 0 492 2286 2279 2955 6904 6631
12714 6 3 5 5 0 2955 6904 6631 2956 6905 6632
12715 6 3 5 5 0 2956 6905 6632 2957 6906 6633
12716 6 3 5 5 0 2957 6906 6633 2958 6907 6634
12717 6 3 5 5 0 2958 6907 6634 2959 6908 6635
12718 6 3 5 5 0 2959 6908 6635 2960 6909 6636
12719 6 3 5 5 0 2960 6909 6636 2961 6910 6637
12720 6 3 5 5 0 2961 6910 6637 2962 6911 6638
12721 6 3 5 5 0 2962 6911 6638 2963 6912 6639
12722 6 3 5 5 0 2963 6912 6639 2964 6913 6640
12723 6 3 5 5 0 2964 6913 6640 2965 6914 6641
12724 6 3 5 5 0 2965 6914 6641 2966 6915 6642
12725 6 3 5 5 0 2966 6915 6642 2967 6916 6643
12726 6 3 5 5 0 2967 6916 6643 2968 6917 6644
12727 6 3 5 5 0 2968 6917 6644 2969 6918 6645
12728 6 3 5 5 0 2969 6918 6645 2970 6919 6646
12729 6 3 5 5 0 2970 6919 6646 2971 6920 6647
12730 6 3 5 5 0 2971 6920 6647 2972 6921 6648
12731 6 3 5 5 0 2972 6921 6648 2973 6922 6649
12732 6 3 5 5 0 2973 6922 6649 2974 6923 6650
12733 6 3 5 5 0 2974 6923 6650 2975 6924 6651
12734 6 3 5 5 0 2975 6924 6651 2976 6925 6652
12735 6 3 5 5 0 2976 6925 6652 2977 6926 6653
12736 6 3 5 5 0 2977 6926 6653 2978 6927 6654
12737 6 3 5 5 0 2978 6927 6654 2979 6928 6655
12738 6 3 5 5 0 2979 6928 6655 2980 6929 6656
12739 6 3 5 5 0 2980 6929 6656 2981 6930 6657
12740 6 3 5 5 0 2981 6930 6657 2982 6931 6658
12741 6 3 5 5 0 2982 6931 6658 2983 6932 6659
12742 6 3 5 5 0 2983 6932 6659 2984 6933 6660
12743 6 3 5 5 0 2984 6933 6660 2985 6934 6661
12744 6 3 5 5 0 2985 6934 6661 2986 6935 6662
12745 6 3 5 5 0 2986 6935 6662 2987 6936 6663
12746 6 3 5 5 0 2987 6936 6663 2988 6937 6664
12747 6 3 5 5 0 2988 6937 6664 2989 6938 6665
12748 6 3 5 5 0 2989 6938 6665 2990 6939 6666
12749 6 3 5 5 0 2990 6939 6666 2991 6940 6667
12750 6 3 5 5 0 2991 6940 6667 2992 6941 6668
12751 6 3 5 5 0 2992 6941 6668 2993 6942 6669
12752 6 3 5 5 0 2993 6942 6669 576 3025 3018
12753 6 3 5 5 0 2261 2279 2286 5929 6631 6904
12754 6 3 5 5 0 5929 6631 6904 5930 6632 6905
12755 6 3 5 5 0 5930 6632 6905 5931 6633 6906
12756 6 3 5 5 0 5931 6633 6906 5932 6634 6907
12757 6 3 5 5 0 5932 6634 6907 5933 6635 6908
12758 6 3 5 5 0 5933 6635 6908 5934 6636 6909
12759 6 3 5 5 0 5934 6636 6909 5935 6637 6910
12760 6 3 5 5 0 5935 6637 6910 5936 6638 6911
12761 6 3 5 5 0 5936 6638 6911 5937 6639 6912
12762 6 3 5 5 0 5937 6639 6912 5938 6640 6913
12763 6 3 5 5 0 5938 6640 6913 5939 6641 6914
12764 6 3 5 5 0 5939 6641 6914 5940 6642 6915
12765 6 3 5 5 0 5940 6642 6915 5941 6643 6916
12766 6 3 5 5 0 5941 6643 6916 5942 6644 6917
12767 6 3 5 5 0 5942 6644 6917 5943 6645 6918
12768 6 3 5 5 0 5943 6645 6918 5944 6646 6919
12769 6 3 5 5 0 5944 6646 6919 5945 6647 6920
12770 6 3 5 5 0 5945 6647 6920 5946 6648 6921
12771 6 3 5 5 0 5946 6648 6921 5947 6649 6922
12772 6 3 5 5 0 5947 6649 6922 5948 6650 6923
12773 6 3 5 5 0 5948 6650 6923 5949 6651 6924
12774 6 3 5 5 0 5949 6651 6924 5950 6652 6925
12775 6 3 5 5 0 5950 6652 6925 5951 6653 6926
12776 6 3 5 5 0 5951 6653 6926 5952 6654 6927
12777 6 3 5 5 0 5952 6654 6927 5953 6655 6928
12778 6 3 5 5 0 5953 6655 6928 5954 6656 6929
12779 6 3 5 5 0 5954 6656 6929 5955 6657 6930
12780 6 3 5 5 0 5955 6657 6930 5956 6658 6931
12781 6 3 5 5 0 5956 6658 6931 5957 6659 6932
12782 6 3 5 5 0 5957 6659 6932 5958 6660 6933
12783 6 3 5 5 0 5958 6660 6933 5959 6661 6934
12784 6 3 5 5 0 5959 6661 6934 5960 6662 6935
12785 6 3 5 5 0 5960 6662 6935 5961 6663 6936
12786 6 3 5 5 0 5961 6663 6936 5962 6664 6937
12787 6 3 5 5 0 5962 6664 6937 5963 6665 6938
12788 6 3 5 5 0 5963 6665 6938 5964 6666 6939
12789 6 3 5 5 0 5964 6666 6939 5965 6667 6940
12790 6 3 5 5 0 5965 6667 6940 5966 6668 6941
12791 6 3 5 5 0 5966 6668 6941 5967 6669 6942
12792 6 3 5 5 0 5967 6669 6942 3000 3018 3025
12793 6 3 5 5 0 2261 2286 2280 5929 6904 6670
12794 6 3 5 5 0 5929 6904 6670 5930 6905 6671
12795 6 3 5 5 0 5930 6905 6671 5931 6906 6672
12796 6 3 5 5 0 5931 6906 6672 5932 6907 6673
12797 6 3 5 5 0 5932 6907 6673 5933 6908 6674
12798 6 3 5 5 0 5933 6908 6674 5934 6909 6675
12799 6 3 5 5 0 5934 6909 6675 5935 6910 6676
12800 6 3 5 5 0 5935 6910 6676 5936 6911 6677
12801 6 3 5 5 0 5936 6911 6677 5937 6912 6678
12802 6 3 5 5 0 5937 6912 6678 5938 6913 6679
12803 6 3 5 5 0 5938 6913 6679 5939 6914 6680
12804 6 3 5 5 0 5939 6914 6680 5940 6915 6681
12805 6 3 5 5 0 5940 6915 6681 5941 6916 6682
12806 6 3 5 5 0 5941 6916 6682 5942 6917 6683
12807 6 3 5 5 0 5942 6917 6683 5943 6918 6684
12808 6 3 5 5 0 5943 6918 6684 5944 6919 6685
12809 6 3 5 5 0 5944 6919 6685 5945 6920 6686
12810 6 3 5 5 0 5945 6920 6686 5946 6921 6687
12811 6 3 5 5 0 5946 6921 6687 5947 6922 6688
12812 6 3 5 5 0 5947 6922 6688 5948 6923 6689
12813 6 3 5 5 0 5948 6923 6689 5949 6924 6690
12814 6 3 5 5 0 5949 6924 6690 5950 6925 6691
12815 6 3 5 5 0 5950 6925 6691 5951 6926 6692
12816 6 3 5 5 0 5951 6926 6692 5952 6927 6693
12817 6 3 5 5 0 5952 6927 6693 5953 6928 6694
12818 6 3 5 5 0 5953 6928 6694 5954 6929 6695
12819 6 3 5 5 0 5954 6929 6695 5955 6930 6696
12820 6 3 5 5 0 5955 6930 6696 5956 6931 6697
12821 6 3 5 5 0 5956 6931 6697 5957 6932 6698
12822 6 3 5 5 0 5957 6932 6698 5958 6933 6699
12823 6 3 5 5 0 5958 6933 6699 5959 6934 6700
12824 6 3 5 5 0 5959 6934 6700 5960 6935 6701
12825 6 3 5 5 0 5960 6935 6701 5961 6936 6702
12826 6 3 5 5 0 5961 6936 6702 5962 6937 6703
12827 6 3 5 5 0 5962 6937 6703 5963 6938 6704
12828 6 3 5 5 0 5963 6938 6704 5964 6939 6705
12829 6 3 5 5 0 5964 6939 6705 5965 6940 6706
12830 6 3 5 5 0 5965 6940 6706 5966 6941 6707
12831 6 3 5 5 0 5966 6941 6707 5967 6942 6708
12832 6 3 5 5 0 5967 6942 6708 3000 3025 3019
12833 6 3 5 5 0 483 28 2287 2604 694 6943
12834 6 3 5 5 0 2604 694 6943 2605 695 6944
12835 6 3 5 5 0 2605 695 6944 2606 696 6945
12836 6 3 5 5 0 2606 696 6945 2607 697 6946
12837 6 3 5 5 0 2607 697 6946 2608 698 6947
12838 6 3 5 5 0 2608 698 6947 2609 699 6948
12839 6 3 5 5 0 2609 699 6948 2610 700 6949
12840 6 3 5 5 0 2610 700 6949 2611 701 6950
12841 6 3 5 5 0 2611 701 6950 2612 702 6951
12842 6 3 5 5 0 2612 702 6951 2613 703 6952
12843 6 3 5 5 0 2613 703 6952 2614 704 6953
12844 6 3 5 5 0 2614 704 6953 2615 705 6954
12845 6 3 5 5 0 2615 705 6954 2616 706 6955
12846 6 3 5 5 0 2616 706 6955 2617 707 6956
12847 6 3 5 5 0 2617 707 6956 2618 708 6957
12848 6 3 5 5 0 2618 708 6957 2619 709 6958
12849 6 3 5 5 0 2619 709 6958 2620 710 6959
12850 6 3 5 5 0 2620 710 6959 2621 711 6960
12851 6 3 5 5 0 2621 711 6960 2622 712 6961
12852 6 3 5 5 0 2622 712 6961 2623 713 6962
12853 6 3 5 5 0 2623 713 6962 2624 714 6963
12854 6 3 5 5 0 2624 714 6963 2625 715 6964
12855 6 3 5 5 0 2625 715 6964 2626 716 6965
12856 6 3 5 5 0 2626 716 6965 2627 717 6966
12857 6 3 5 5 0 2627 717 6966 2628 718 6967
12858 6 3 5 5 0 2628 718 6967 2629 719 6968
12859 6 3 5 5 0 2629 719 6968 2630 720 6969
12860 6 3 5 5 0 2630 720 6969 2631 721 6970
12861 6 3 5 5 0 2631 721 6970 2632 722 6971
12862 6 3 5 5 0 2632 722 6971 2633 723 6972
12863 6 3 5 5 0 2633 723 6972 2634 724 6973
12864 6 3 5 5 0 2634 724 6973 2635 725 6974
12865 6 3 5 5 0 2635 725 6974 2636 726 6975
12866 6 3 5 5 0 2636 726 6975 2637 727 6976
12867 6 3 5 5 0 2637 727 6976 2638 728 6977
12868 6 3 5 5 0 2638 728 6977 2639 729 6978
12869 6 3 5 5 0 2639 729 6978 2640 730 6979
12870 6 3 5 5 0 2640 730 6979 2641 731 6980
12871 6 3 5 5 0 2641 731 6980 2642 732 6981
12872 6 3 5 5 0 2642 732 6981 567 34 3026
12873 6 3 5 5 0 483 2287 2278 2604 6943 6592
12874 6 3 5 5 0 2604 6943 6592 2605 6944 6593
12875 6 3 5 5 0 2605 6944 6593 2606 6945 6594
12876 6 3 5 5 0 2606 6945 6594 2607 6946 6595
12877 6 3 5 5 0 2607 6946 6595 2608 6947 6596
12878 6 3 5 5 0 2608 6947 6596 2609 6948 6597
12879 6 3 5 5 0 2609 6948 6597 2610 6949 6598
12880 6 3 5 5 0 2610 6949 6598 2611 6950 6599
12881 6 3 5 5 0 2611 6950 6599 2612 6951 6600
12882 6 3 5 5 0 2612 6951 6600 2613 6952 6601
12883 6 3 5 5 0 2613 6952 6601 2614 6953 6602
12884 6 3 5 5 0 2614 6953 6602 2615 6954 6603
12885 6 3 5 5 0 2615 6954 6603 2616 6955 6604
12886 6 3 5 5 0 2616 6955 6604 2617 6956 6605
12887 6 3 5 5 0 2617 6956 6605 2618 6957 6606
12888 6 3 5 5 0 2618 6957 6606 2619 6958 6607
12889 6 3 5 5 0 2619 6958 6607 2620 6959 6608
12890 6 3 5 5 0 2620 6959 6608 2621 6960 6609
12891 6 3 5 5 0 2621 6960 6609 2622 6961 6610
12892 6 3 5 5 0 2622 6961 6610 2623 6962 6611
12893 6 3 5 5 0 2623 6962 6611 2624 6963 6612
12894 6 3 5 5 0 2624 6963 6612 2625 6964 6613
12895 6 3 5 5 0 2625 6964 6613 2626 6965 6614
12896 6 3 5 5 0 2626 6965 6614 2627 6966 6615
12897 6 3 5 5 0 2627 6966 6615 2628 6967 6616
12898 6 3 5 5 0 2628 6967 6616 2629 6968 6617
12899 6 3 5 5 0 2629 6968 6617 2630 6969 6618
12900 6 3 5 5 0 2630 6969 6618 2631 6970 6619
12901 6 3 5 5 0 2631 6970 6619 2632 6971 6620
12902 6 3 5 5 0 2632 6971 6620 2633 6972 6621
12903 6 3 5 5 0 2633 6972 6621 2634 6973 6622
12904 6 3 5 5 0 2634 6973 6622 2635 6974 6623
12905 6 3 5 5 0 2635 6974 6623 2636 6975 6624
12906 6 3 5 5 0 2636 6975 6624 2637 6976 6625
12907 6 3 5 5 0 2637 6976 6625 2638 6977 6626
12908 6 3 5 5 0 2638 6977 6626 2639 6978 6627
12909 6 3 5 5 0 2639 6978 6627 2640 6979 6628
12910 6 3 5 5 0 2640 6979 6628 2641 6980 6629
12911 6 3 5 5 0 2641 6980 6629 2642 6981 6630
12912 6 3 5 5 0 2642 6981 6630 567 3026 3017
12913 6 3 5 5 0 2259 2278 2287 5851 6592 6943
12914 6 3 5 5 0 5851 6592 6943 5852 6593 6944
12915 6 3 5 5 0 5852 6593 6944 5853 6594 6945
12916 6 3 5 5 0 5853 6594 6945 5854 6595 6946
12917 6 3 5 5 0 5854 6595 6946 5855 6596 6947
12918 6 3 5 5 0 5855 6596 6947 5856 6597 6948
12919 6 3 5 5 0 5856 6597 6948 5857 6598 6949
12920 6 3 5 5 0 5857 6598 6949 5858 6599 6950
12921 6 3 5 5 0 5858 6599 6950 5859 6600 6951
12922 6 3 5 5 0 5859 6600 6951 5860 6601 6952
12923 6 3 5 5 0 5860 6601 6952 5861 6602 6953
12924 6 3 5 5 0 5861 6602 6953 5862 6603 6954
12925 6 3 5 5 0 5862 6603 6954 5863 6604 6955
12926 6 3 5 5 0 5863 6604 6955 5864 6605 6956
12927 6 3 5 5 0 5864 6605 6956 5865 6606 6957
12928 6 3 5 5 0 5865 6606 6957 5866 6607 6958
12929 6 3 5 5 0 5866 6607 6958 5867 6608 6959
12930 6 3 5 5 0 5867 6608 6959 5868 6609 6960
12931 6 3 5 5 0 5868 6609 6960 5869 6610 6961
12932 6 3 5 5 0 5869 6610 6961 5870 6611 6962
12933 6 3 5 5 0 5870 6611 6962 5871 6612 6963
12934 6 3 5 5 0 5871 6612 6963 5872 6613 6964
12935 6 3 5 5 0 5872 6613 6964 5873 6614 6965
12936 6 3 5 5 0 5873 6614 6965 5874 6615 6966
12937 6 3 5 5 0 5874 6615 6966 5875 6616 6967
12938 6 3 5 5 0 5875 6616 6967 5876 6617 6968
12939 6 3 5 5 0 5876 6617 6968 5877 6618 6969
12940 6 3 5 5 0 5877 6618 6969 5878 6619 6970
12941 6 3 5 5 0 5878 6619 6970 5879 6620 6971
12942 6 3 5 5 0 5879 6620 6971 5880 6621 6972
12943 6 3 5 5 0 5880 6621 6972 5881 6622 6973
12944 6 3 5 5 0 5881 6622 6973 5882 6623 6974
12945 6 3 5 5 0 5882 6623 6974 5883 6624 6975
12946 6 3 5 5 0 5883 6624 6975 5884 6625 6976
12947 6 3 5 5 0 5884 6625 6976 5885 6626 6977
12948 6 3 5 5 0 5885 6626 6977 5886 6627 6978
12949 6 3 5 5 0 5886 6627 6978 5887 6628 6979
12950 6 3 5 5 0 5887 6628 6979 5888 6629 6980
12951 6 3 5 5 0 5888 6629 6980 5889 6630 6981
12952 6 3 5 5 0 5889 6630 6981 2998 3017 3026
12953 6 3 5 5 0 2259 2287 2281 5851 6943 6709
12954 6 3 5 5 0 5851 6943 6709 5852 6944 6710
12955 6 3 5 5 0 5852 6944 6710 5853 6945 6711
12956 6 3 5 5 0 5853 6945 6711 5854 6946 6712
12957 6 3 5 5 0 5854 6946 6712 5855 6947 6713
12958 6 3 5 5 0 5855 6947 6713 5856 6948 6714
12959 6 3 5 5 0 5856 6948 6714 5857 6949 6715
12960 6 3 5 5 0 5857 6949 6715 5858 6950 6716
12961 6 3 5 5 0 5858 6950 6716 5859 6951 6717
12962 6 3 5 5 0 5859 6951 6717 5860 6952 6718
12963 6 3 5 5 0 5860 6952 6718 5861 6953 6719
12964 6 3 5 5 0 5861 6953 6719 5862 6954 6720
12965 6 3 5 5 0 5862 6954 6720 5863 6955 6721
12966 6 3 5 5 0 5863 6955 6721 5864 6956 6722
12967 6 3 5 5 0 5864 6956 6722 5865 6957 6723
12968 6 3 5 5 0 5865 6957 6723 5866 6958 6724
12969 6 3 5 5 0 5866 6958 6724 5867 6959 6725
12970 6 3 5 5 0 5867 6959 6725 5868 6960 6726
12971 6 3 5 5 0 5868 6960 6726 5869 6961 6727
12972 6 3 5 5 0 5869 6961 6727 5870 6962 6728
12973 6 3 5 5 0 5870 6962 6728 5871 6963 6729
12974 6 3 5 5 0 5871 6963 6729 5872 6964 6730
12975 6 3 5 5 0 5872 6964 6730 5873 6965 6731
12976 6 3 5 5 0 5873 6965 6731 5874 6966 6732
12977 6 3 5 5 0 5874 6966 6732 5875 6967 6733
12978 6 3 5 5 0 5875 6967 6733 5876 6968 6734
12979 6 3 5 5 0 5876 6968 6734 5877 6969 6735
12980 6 3 5 5 0 5877 6969 6735 5878 6970 6736
12981 6 3 5 5 0 5878 6970 6736 5879 6971 6737
12982 6 3 5 5 0 5879 6971 6737 5880 6972 6738
12983 6 3 5 5 0 5880 6972 6738 5881 6973 6739
12984 6 3 5 5 0 5881 6973 6739 5882 6974 6740
12985 6 3 5 5 0 5882 6974 6740 5883 6975 6741
12986 6 3 5 5 0 5883 6975 6741 5884 6976 6742
12987 6 3 5 5 0 5884 6976 6742 5885 6977 6743
12988 6 3 5 5 0 5885 6977 6743 5886 6978 6744
12989 6 3 5 5 0 5886 6978 6744 5887 6979 6745
12990 6 3 5 5 0 5887 6979 6745 5888 6980 6746
12991 6 3 5 5 0 5888 6980 6746 5889 6981 6747
12992 6 3 5 5 0 5889 6981 6747 2998 3026 3020
12993 6 3 5 5 0 2255 2275 2284 5695 6475 6826
12994 6 3 5 5 0 5695 6475 6826 5696 6476 6827
12995 6 3 5 5 0 5696 6476 6827 5697 6477 6828
12996 6 3 5 5 0 5697 6477 6828 5698 6478 6829
12997 6 3 5 5 0 5698 6478 6829 5699 6479 6830
12998 6 3 5 5 0 5699 6479 6830 5700 6480 6831
12999 6 3 5 5 0 5700 6480 6831 5701 6481 6832
13000 6 3 5 5 0 5701 6481 6832 5702 6482 6833
13001 6 3 5 5 0 5702 6482 6833 5703 6483 6834
13002 6 3 5 5 0 5703 6483 6834 5704 6484 6835
13003 6 3 5 5 0 5704 6484 6835 5705 6485 6836
13004 6 3 5 5 0 5705 6485 6836 5706 6486 6837
13005 6 3 5 5 0 5706 6486 6837 5707 6487 6838
13006 6 3 5 5 0 5707 6487 6838 5708 6488 6839
13007 6 3 5 5 0 5708 6488 6839 5709 6489 6840
13008 6 3 5 5 0 5709 6489 6840 5710 6490 6841
13009 6 3 5 5 0 5710 6490 6841 5711 6491 6842
13010 6 3 5 5 0 5711 6491 6842 5712 6492 6843
13011 6 3 5 5 0 5712 6492 6843 5713 6493 6844
13012 6 3 5 5 0 5713 6493 6844 5714 6494 6845
13013 6 3 5 5 0 5714 6494 6845 5715 6495 6846
13014 6 3 5 5 0 5715 6495 6846 5716 6496 6847
13015 6 3 5 5 0 5716 6496 6847 5717 6497 6848
13016 6 3 5 5 0 5717 6497 6848 5718 6498 6849
13017 6 3 5 5 0 5718 6498 6849 5719 6499 6850
13018 6 3 5 5 0 5719 6499 6850 5720 6500 6851
13019 6 3 5 5 0 5720 6500 6851 5721 6501 6852
13020 6 3 5 5 0 5721 6501 6852 5722 6502 6853
13021 6 3 5 5 0 5722 6502 6853 5723 6503 6854
13022 6 3 5 5 0 5723 6503 6854 5724 6504 6855
13023 6 3 5 5 0 5724 6504 6855 5725 6505 6856
13024 6 3 5 5 0 5725 6505 6856 5726 6506 6857
13025 6 3 5 5 0 5726 6506 6857 5727 6507 6858
13026 6 3 5 5 0 5727 6507 6858 5728 6508 6859
13027 6 3 5 5 0 5728 6508 6859 5729 6509 6860
13028 6 3 5 5 0 5729 6509 6860 5730 6510 6861
13029 6 3 5 5 0 5730 6510 6861 5731 6511 6862
13030 6 3 5 5 0 5731 6511 6862 5732 6512 6863
13031 6 3 5 5 0 5732 6512 6863 5733 6513 6864
13032 6 3 5 5 0 5733 6513 6864 2994 3014 3023
13033 6 3 5 5 0 2284 2273 2255 6826 6397 5695
13034 6 3 5 5 0 6826 6397 5695 6827 6398 5696
13035 6 3 5 5 0 6827 6398 5696 6828 6399 5697
13036 6 3 5 5 0 6828 6399 5697 6829 6400 5698
13037 6 3 5 5 0 6829 6400 5698 6830 6401 5699
13038 6 3 5 5 0 6830 6401 5699 6831 6402 5700
13039 6 3 5 5 0 6831 6402 5700 6832 6403 5701
13040 6 3 5 5 0 6832 6403 5701 6833 6404 5702
13041 6 3 5 5 0 6833 6404 5702 6834 6405 5703
13042 6 3 5 5 0 6834 6405 5703 6835 6406 5704
13043 6 3 5 5 0 6835 6406 5704 6836 6407 5705
13044 6 3 5 5 0 6836 6407 5705 6837 6408 5706
13045 6 3 5 5 0 6837 6408 5706 6838 6409 5707
13046 6 3 5 5 0 6838 6409 5707 6839 6410 5708
13047 6 3 5 5 0 6839 6410 5708 6840 6411 5709
13048 6 3 5 5 0 6840 6411 5709 6841 6412 5710
13049 6 3 5 5 0 6841 6412 5710 6842 6413 5711
13050 6 3 5 5 0 6842 6413 5711 6843 6414 5712
13051 6 3 5 5 0 6843 6414 5712 6844 6415 5713
13052 6 3 5 5 0 6844 6415 5713 6845 6416 5714
13053 6 3 5 5 0 6845 6416 5714 6846 6417 5715
13054 6 3 5 5 0 6846 6417 5715 6847 6418 5716
13055 6 3 5 5 0 6847 6418 5716 6848 6419 5717
13056 6 3 5 5 0 6848 6419 5717 6849 6420 5718
13057 6 3 5 5 0 6849 6420 5718 6850 6421 5719
13058 6 3 5 5 0 6850 6421 5719 6851 6422 5720
13059 6 3 5 5 0 6851 6422 5720 6852 6423 5721
13060 6 3 5 5 0 6852 6423 5721 6853 6424 5722
13061 6 3 5 5 0 6853 6424 5722 6854 6425 5723
13062 6 3 5 5 0 6854 6425 5723 6855 6426 5724
13063 6 3 5 5 0 6855 6426 5724 6856 6427 5725
13064 6 3 5 5 0 6856 6427 5725 6857 6428 5726
13065 6 3 5 5 0 6857 6428 5726 6858 6429 5727
13066 6 3 5 5 0 6858 6429 5727 6859 6430 5728
13067 6 3 5 5 0 6859 6430 5728 6860 6431 5729
13068 6 3 5 5 0 6860 6431 5729 6861 6432 5730
13069 6 3 5 5 0 6861 6432 5730 6862 6433 5731
13070 6 3 5 5 0 6862 6433 5731 6863 6434 5732
13071 6 3 5 5 0 6863 6434 5732 6864 6435 5733
13072 6 3 5 5 0 6864 6435 5733 3023 3012 2994
13073 6 3 5 5 0 2284 2275 2266 6826 6475 6124
13074 6 3 5 5 0 6826 6475 6124 6827 6476 6125
13075 6 3 5 5 0 6827 6476 6125 6828 6477 6126
13076 6 3 5 5 0 6828 6477 6126 6829 6478 6127
13077 6 3 5 5 0 6829 6478 6127 6830 6479 6128
13078 6 3 5 5 0 6830 6479 6128 6831 6480 6129
13079 6 3 5 5 0 6831 6480 6129 6832 6481 6130
13080 6 3 5 5 0 6832 6481 6130 6833 6482 6131
13081 6 3 5 5 0 6833 6482 6131 6834 6483 6132
13082 6 3 5 5 0 6834 6483 6132 6835 6484 6133
13083 6 3 5 5 0 6835 6484 6133 6836 6485 6134
13084 6 3 5 5 0 6836 6485 6134 6837 6486 6135
13085 6 3 5 5 0 6837 6486 6135 6838 6487 6136
13086 6 3 5 5 0 6838 6487 6136 6839 6488 6137
13087 6 3 5 5 0 6839 6488 6137 6840 6489 6138
13088 6 3 5 5 0 6840 6489 6138 6841 6490 6139
13089 6 3 5 5 0 6841 6490 6139 6842 6491 6140
13090 6 3 5 5 0 6842 6491 6140 6843 6492 6141
13091 6 3 5 5 0 6843 6492 6141 6844 6493 6142
13092 6 3 5 5 0 6844 6493 6142 6845 6494 6143
13093 6 3 5 5 0 6845 6494 6143 6846 6495 6144
13094 6 3 5 5 0 6846 6495 6144 6847 6496 6145
13095 6 3 5 5 0 6847 6496 6145 6848 6497 6146
13096 6 3 5 5 0 6848 6497 6146 6849 6498 6147
13097 6 3 5 5 0 6849 6498 6147 6850 6499 6148
13098 6 3 5 5 0 6850 6499 6148 6851 6500 6149
13099 6 3 5 5 0 6851 6500 6149 6852 6501 6150
13100 6 3 5 5 0 6852 6501 6150 6853 6502 6151
13101 6 3 5 5 0 6853 6502 6151 6854 6503 6152
13102 6 3 5 5 0 6854 6503 6152 6855 6504 6153
13103 6 3 5 5 0 6855 6504 6153 6856 6505 6154
13104 6 3 5 5 0 6856 6505 6154 6857 6506 6155
13105 6 3 5 5 0 6857 6506 6155 6858 6507 6156
13106 6 3 5 5 0 6858 6507 6156 6859 6508 6157
13107 6 3 5 5 0 6859 6508 6157 6860 6509 6158
13108 6 3 5 5 0 6860 6509 6158 6861 6510 6159
13109 6 3 5 5 0 6861 6510 6159 6862 6511 6160
13110 6 3 5 5 0 6862 6511 6160 6863 6512 6161
13111 6 3 5 5 0 6863 6512 6161 6864 6513 6162
13112 6 3 5 5 0 6864 6513 6162 3023 3014 3005
13113 6 3 5 5 0 2255 2274 2285 5695 6436 6865
13114 6 3 5 5 0 5695 6436 6865 5696 6437 6866
13115 6 3 5 5 0 5696 6437 6866 5697 6438 6867
13116 6 3 5 5 0 5697 6438 6867 5698 6439 6868
13117 6 3 5 5 0 5698 6439 6868 5699 6440 6869
13118 6 3 5 5 0 5699 6440 6869 5700 6441 6870
13119 6 3 5 5 0 5700 6441 6870 5701 6442 6871
13120 6 3 5 5 0 5701 6442 6871 5702 6443 6872
13121 6 3 5 5 0 5702 6443 6872 5703 6444 6873
13122 6 3 5 5 0 5703 6444 6873 5704 6445 6874
13123 6 3 5 5 0 5704 6445 6874 5705 6446 6875
13124 6 3 5 5 0 5705 6446 6875 5706 6447 6876
13125 6 3 5 5 0 5706 6447 6876 5707 6448 6877
13126 6 3 5 5 0 5707 6448 6877 5708 6449 6878
13127 6 3 5 5 0 5708 6449 6878 5709 6450 6879
13128 6 3 5 5 0 5709 6450 6879 5710 6451 6880
13129 6 3 5 5 0 5710 6451 6880 5711 6452 6881
13130 6 3 5 5 0 5711 6452 6881 5712 6453 6882
13131 6 3 5 5 0 5712 6453 6882 5713 6454 6883
13132 6 3 5 5 0 5713 6454 6883 5714 6455 6884
13133 6 3 5 5 0 5714 6455 6884 5715 6456 6885
13134 6 3 5 5 0 5715 6456 6885 5716 6457 6886
13135 6 3 5 5 0 5716 6457 6886 5717 6458 6887
13136 6 3 5 5 0 5717 6458 6887 5718 6459 6888
13137 6 3 5 5 0 5718 6459 6888 5719 6460 6889
13138 6 3 5 5 0 5719 6460 6889 5720 6461 6890
13139 6 3 5 5 0 5720 6461 6890 5721 6462 6891
13140 6 3 5 5 0 5721 6462 6891 5722 6463 6892
13141 6 3 5 5 0 5722 6463 6892 5723 6464 6893
13142 6 3 5 5 0 5723 6464 6893 5724 6465 6894
13143 6 3 5 5 0 5724 6465 6894 5725 6466 6895
13144 6 3 5 5 0 5725 6466 6895 5726 6467 6896
13145 6 3 5 5 0 5726 6467 6896 5727 6468 6897
13146 6 3 5 5 0 5727 6468 6897 5728 6469 6898
13147 6 3 5 5 0 5728 6469 6898 5729 6470 6899
13148 6 3 5 5 0 5729 6470 6899 5730 6471 6900
13149 6 3 5 5 0 5730 6471 6900 5731 6472 6901
13150 6 3 5 5 0 5731 6472 6901 5732 6473 6902
13151 6 3 5 5 0 5732 6473 6902 5733 6474 6903
13152 6 3 5 5 0 5733 6474 6903 2994 3013 3024
13153 6 3 5 5 0 2285 2272 2255 6865 6358 5695
13154 6 3 5 5 0 6865 6358 5695 6866 6359 5696
13155 6 3 5 5 0 6866 6359 5696 6867 6360 5697
13156 6 3 5 5 0 6867 6360 5697 6868 6361 5698
13157 6 3 5 5 0 6868 6361 5698 6869 6362 5699
13158 6 3 5 5 0 6869 6362 5699 6870 6363 5700
13159 6 3 5 5 0 6870 6363 5700 6871 6364 5701
13160 6 3 5 5 0 6871 6364 5701 6872 6365 5702
13161 6 3 5 5 0 6872 6365 5702 6873 6366 5703
13162 6 3 5 5 0 6873 6366 5703 6874 6367 5704
13163 6 3 5 5 0 6874 6367 5704 6875 6368 5705
13164 6 3 5 5 0 6875 6368 5705 6876 6369 5706
13165 6 3 5 5 0 6876 6369 5706 6877 6370 5707
13166 6 3 5 5 0 6877 6370 5707 6878 6371 5708
13167 6 3 5 5 0 6878 6371 5708 6879 6372 5709
13168 6 3 5 5 0 6879 6372 5709 6880 6373 5710
13169 6 3 5 5 0 6880 6373 5710 6881 6374 5711
13170 6 3 5 5 0 6881 6374 5711 6882 6375 5712
13171 6 3 5 5 0 6882 6375 5712 6883 6376 5713
13172 6 3 5 5 0 6883 6376 5713 6884 6377 5714
13173 6 3 5 5 0 6884 6377 5714 6885 6378 5715
13174 6 3 5 5 0 6885 6378 5715 6886 6379 5716
13175 6 3 5 5 0 6886 6379 5716 6887 6380 5717
13176 6 3 5 5 0 6887 6380 5717 6888 6381 5718
13177 6 3 5 5 0 6888 6381 5718 6889 6382 5719
13178 6 3 5 5 0 6889 6382 5719 6890 6383 5720
13179 6 3 5 5 0 6890 6383 5720 6891 6384 5721
13180 6 3 5 5 0 6891 6384 5721 6892 6385 5722
13181 6 3 5 5 0 6892 6385 5722 6893 6386 5723
13182 6 3 5 5 0 6893 6386 5723 6894 6387 5724
13183 6 3 5 5 0 6894 6387 5724 6895 6388 5725
13184 6 3 5 5 0 6895 6388 5725 6896 6389 5726
13185 6 3 5 5 0 6896 6389 5726 6897 6390 5727
13186 6 3 5 5 0 6897 6390 5727 6898 6391 5728
13187 6 3 5 5 0 6898 6391 5728 6899 6392 5729
13188 6 3 5 5 0 6899 6392 5729 6900 6393 5730
13189 6 3 5 5 0 6900 6393 5730 6901 6394 5731
13190 6 3 5 5 0 6901 6394 5731 6902 6395 5732
13191 6 3 5 5 0 6902 6395 5732 6903 6396 5733
13192 6 3 5 5 0 6903 6396 5733 3024 3011 2994
13193 6 3 5 5 0 2285 2274 2267 6865 6436 6163
13194 6 3 5 5 0 6865 6436 6163 6866 6437 6164
13195 6 3 5 5 0 6866 6437 6164 6867 6438 6165
13196 6 3 5 5 0 6867 6438 6165 6868 6439 6166
13197 6 3 5 5 0 6868 6439 6166 6869 6440 6167
13198 6 3 5 5 0 6869 6440 6167 6870 6441 6168
13199 6 3 5 5 0 6870 6441 6168 6871 6442 6169
13200 6 3 5 5 0 6871 6442 6169 6872 6443 6170
13201 6 3 5 5 0 6872 6443 6170 6873 6444 6171
13202 6 3 5 5 0 6873 6444 6171 6874 6445 6172
13203 6 3 5 5 0 6874 6445 6172 6875 6446 6173
13204 6 3 5 5 0 6875 6446 6173 6876 6447 6174
13205 6 3 5 5 0 6876 6447 6174 6877 6448 6175
13206 6 3 5 5 0 6877 6448 6175 6878 6449 6176
13207 6 3 5 5 0 6878 6449 6176 6879 6450 6177
13208 6 3 5 5 0 6879 6450 6177 6880 6451 6178
13209 6 3 5 5 0 6880 6451 6178 6881 6452 6179
13210 6 3 5 5 0 6881 6452 6179 6882 6453 6180
13211 6 3 5 5 0 6882 6453 6180 6883 6454 6181
13212 6 3 5 5 0 6883 6454 6181 6884 6455 6182
13213 6 3 5 5 0 6884 6455 6182 6885 6456 6183
13214 6 3 5 5 0 6885 6456 6183 6886 6457 6184
13215 6 3 5 5 0 6886 6457 6184 6887 6458 6185
13216 6 3 5 5 0 6887 6458 6185 6888 6459 6186
13217 6 3 5 5 0 6888 6459 6186 6889 6460 6187
13218 6 3 5 5 0 6889 6460 6187 6890 6461 6188
13219 6 3 5 5 0 6890 6461 6188 6891 6462 6189
13220 6 3 5 5 0 6891 6462 6189 6892 6463 6190
13221 6 3 5 5 0 6892 6463 6190 6893 6464 6191
13222 6 3 5 5 0 6893 6464 6191 6894 6465 6192
13223 6 3 5 5 0 6894 6465 6192 6895 6466 6193
13224 6 3 5 5 0 6895 6466 6193 6896 6467 6194
13225 6 3 5 5 0 6896 6467 6194 6897 6468 6195
13226 6 3 5 5 0 6897 6468 6195 6898 6469 6196
13227 6 3 5 5 0 6898 6469 6196 6899 6470 6197
13228 6 3 5 5 0 6899 6470 6197 6900 6471 6198
13229 6 3 5 5 0 6900 6471 6198 6901 6472 6199
13230 6 3 5 5 0 6901 6472 6199 6902 6473 6200
13231 6 3 5 5 0 6902 6473 6200 6903 6474 6201
13232 6 3 5 5 0 6903 6474 6201 3024 3013 3006
13233 6 3 5 5 0 482 2282 481 2565 6748 2526
13234 6 3 5 5 0 2565 6748 2526 2566 6749 2527
13235 6 3 5 5 0 2566 6749 2527 2567 6750 2528
13236 6 3 5 5 0 2567 6750 2528 2568 6751 2529
13237 6 3 5 5 0 2568 6751 2529 2569 6752 2530
13238 6 3 5 5 0 2569 6752 2530 2570 6753 2531
13239 6 3 5 5 0 2570 6753 2531 2571 6754 2532
13240 6 3 5 5 0 2571 6754 2532 2572 6755 2533
13241 6 3 5 5 0 2572 6755 2533 2573 6756 2534
13242 6 3 5 5 0 2573 6756 2534 2574 6757 2535
13243 6 3 5 5 0 2574 6757 2535 2575 6758 2536
13244 6 3 5 5 0 2575 6758 2536 2576 6759 2537
13245 6 3 5 5 0 2576 6759 2537 2577 6760 2538
13246 6 3 5 5 0 2577 6760 2538 2578 6761 2539
13247 6 3 5 5 0 2578 6761 2539 2579 6762 2540
13248 6 3 5 5 0 2579 6762 2540 2580 6763 2541
13249 6 3 5 5 0 2580 6763 2541 2581 6764 2542
13250 6 3 5 5 0 2581 6764 2542 2582 6765 2543
13251 6 3 5 5 0 2582 6765 2543 2583 6766 2544
13252 6 3 5 5 0 2583 6766 2544 2584 6767 2545
13253 6 3 5 5 0 2584 6767 2545 2585 6768 2546
13254 6 3 5 5 0 2585 6768 2546 2586 6769 2547
13255 6 3 5 5 0 2586 6769 2547 2587 6770 2548
13256 6 3 5 5 0 2587 6770 2548 2588 6771 2549
13257 6 3 5 5 0 2588 6771 2549 2589 6772 2550
13258 6 3 5 5 0 2589 6772 2550 2590 6773 2551
13259 6 3 5 5 0 2590 6773 2551 2591 6774 2552
13260 6 3 5 5 0 2591 6774 2552 2592 6775 2553
13261 6 3 5 5 0 2592 6775 2553 2593 6776 2554
13262 6 3 5 5 0 2593 6776 2554 2594 6777 2555
13263 6 3 5 5 0 2594 6777 2555 2595 6778 2556
13264 6 3 5 5 0 2595 6778 2556 2596 6779 2557
13265 6 3 5 5 0 2596 6779 2557 2597 6780 2558
13266 6 3 5 5 0 2597 6780 2558 2598 6781 2559
13267 6 3 5 5 0 2598 6781 2559 2599 6782 2560
13268 6 3 5 5 0 2599 6782 2560 2600 6783 2561
13269 6 3 5 5 0 2600 6783 2561 2601 6784 2562
13270 6 3 5 5 0 2601 6784 2562 2602 6785 2563
13271 6 3 5 5 0 2602 6785 2563 2603 6786 2564
13272 6 3 5 5 0 2603 6786 2564 566 3021 565
13273 6 3 5 5 0 491 2283 490 2916 6787 2877
13274 6 3 5 5 0 2916 6787 2877 2917 6788 2878
13275 6 3 5 5 0 2917 6788 2878 2918 6789 2879
13276 6 3 5 5 0 2918 6789 2879 2919 6790 2880
13277 6 3 5 5 0 2919 6790 2880 2920 6791 2881
13278 6 3 5 5 0 2920 6791 2881 2921 6792 2882
13279 6 3 5 5 0 2921 6792 2882 2922 6793 2883
13280 6 3 5 5 0 2922 6793 2883 2923 6794 2884
13281 6 3 5 5 0 2923 6794 2884 2924 6795 2885
13282 6 3 5 5 0 2924 6795 2885 2925 6796 2886
13283 6 3 5 5 0 2925 6796 2886 2926 6797 2887
13284 6 3 5 5 0 2926 6797 2887 2927 6798 2888
13285 6 3 5 5 0 2927 6798 2888 2928 6799 2889
13286 6 3 5 5 0 2928 6799 2889 2929 6800 2890
13287 6 3 5 5 0 2929 6800 2890 2930 6801 2891
13288 6 3 5 5 0 2930 6801 2891 2931 6802 2892
13289 6 3 5 5 0 2931 6802 2892 2932 6803 2893
13290 6 3 5 5 0 2932 6803 2893 2933 6804 2894
13291 6 3 5 5 0 2933 6804 2894 2934 6805 2895
13292 6 3 5 5 0 2934 6805 2895 2935 6806 2896
13293 6 3 5 5 0 2935 6806 2896 2936 6807 2897
13294 6 3 5 5 0 2936 6807 2897 2937 6808 2898
13295 6 3 5 5 0 2937 6808 2898 2938 6809 2899
13296 6 3 5 5 0 2938 6809 2899 2939 6810 2900
13297 6 3 5 5 0 2939 6810 2900 2940 6811 2901
13298 6 3 5 5 0 2940 6811 2901 2941 6812 2902
13299 6 3 5 5 0 2941 6812 2902 2942 6813 2903
13300 6 3 5 5 0 2942 6813 2903 2943 6814 2904
13301 6 3 5 5 0 2943 6814 2904 2944 6815 2905
13302 6 3 5 5 0 2944 6815 2905 2945 6816 2906
13303 6 3 5 5 0 2945 6816 2906 2946 6817 2907
13304 6 3 5 5 0 2946 6817 2907 2947 6818 2908
13305 6 3 5 5 0 2947 6818 2908 2948 6819 2909
13306 6 3 5 5 0 2948 6819 2909 2949 6820 2910
13307 6 3 5 5 0 2949 6820 2910 2950 6821 2911
13308 6 3 5 5 0 2950 6821 2911 2951 6822 2912
13309 6 3 5 5 0 2951 6822 2912 2952 6823 2913
13310 6 3 5 5 0 2952 6823 2913 2953 6824 2914
13311 6 3 5 5 0 2953 6824 2914 2954 6825 2915
13312 6 3 5 5 0 2954 6825 2915 575 3022 574
13313 6 3 5 5 0 2265 2283 2288 6085 6787 6982
13314 6 3 5 5 0 6085 6787 6982 6086 6788 6983
13315 6 3 5 5 0 6086 6788 6983 6087 6789 6984
13316 6 3 5 5 0 6087 6789 6984 6088 6790 6985
13317 6 3 5 5 0 6088 6790 6985 6089 6791 6986
13318 6 3 5 5 0 6089 6791 6986 6090 6792 6987
13319 6 3 5 5 0 6090 6792 6987 6091 6793 6988
13320 6 3 5 5 0 6091 6793 6988 6092 6794 6989
13321 6 3 5 5 0 6092 6794 6989 6093 6795 6990
13322 6 3 5 5 0 6093 6795 6990 6094 6796 6991
13323 6 3 5 5 0 6094 6796 6991 6095 6797 6992
13324 6 3 5 5 0 6095 6797 6992 6096 6798 6993
13325 6 3 5 5 0 6096 6798 6993 6097 6799 6994
13326 6 3 5 5 0 6097 6799 6994 6098 6800 6995
13327 6 3 5 5 0 6098 6800 6995 6099 6801 6996
13328 6 3 5 5 0 6099 6801 6996 6100 6802 6997
13329 6 3 5 5 0 6100 6802 6997 6101 6803 6998
13330 6 3 5 5 0 6101 6803 6998 6102 6804 6999
13331 6 3 5 5 0 6102 6804 6999 6103 6805 7000
13332 6 3 5 5 0 6103 6805 7000 6104 6806 7001
13333 6 3 5 5 0 6104 6806 7001 6105 6807 7002
13334 6 3 5 5 0 6105 6807 7002 6106 6808 7003
13335 6 3 5 5 0 6106 6808 7003 6107 6809 7004
13336 6 3 5 5 0 6107 6809 7004 6108 6810 7005
13337 6 3 5 5 0 6108 6810 7005 6109 6811 7006
13338 6 3 5 5 0 6109 6811 7006 6110 6812 7007
13339 6 3 5 5 0 6110 6812 7007 6111 6813 7008
13340 6 3 5 5 0 6111 6813 7008 6112 6814 7009
13341 6 3 5 5 0 6112 6814 7009 6113 6815 7010
13342 6 3 5 5 0 6113 6815 7010 6114 6816 7011
13343 6 3 5 5 0 6114 6816 7011 6115 6817 7012
13344 6 3 5 5 0 6115 6817 7012 6116 6818 7013
13345 6 3 5 5 0 6116 6818 7013 6117 6819 7014
13346 6 3 5 5 0 6117 6819 7014 6118 6820 7015
13347 6 3 5 5 0 6118 6820 7015 6119 6821 7016
13348 6 3 5 5 0 6119 6821 7016 6120 6822 7017
13349 6 3 5 5 0 6120 6822 7017 6121 6823 7018
13350 6 3 5 5 0 6121 6823 7018 6122 6824 7019
13351 6 3 5 5 0 6122 6824 7019 6123 6825 7020
13352 6 3 5 5 0 6123 6825 7020 3004 3022 3027
13353 6 3 5 5 0 2288 2279 2265 6982 6631 6085
13354 6 3 5 5 0 6982 6631 6085 6983 6632 6086
13355 6 3 5 5 0 6983 6632 6086 6984 6633 6087
13356 6 3 5 5 0 6984 6633 6087 6985 6634 6088
13357 6 3 5 5 0 6985 6634 6088 6986 6635 6089
13358 6 3 5 5 0 6986 6635 6089 6987 6636 6090
13359 6 3 5 5 0 6987 6636 6090 6988 6637 6091
13360 6 3 5 5 0 6988 6637 6091 6989 6638 6092
13361 6 3 5 5 0 6989 6638 6092 6990 6639 6093
13362 6 3 5 5 0 6990 6639 6093 6991 6640 6094
13363 6 3 5 5 0 6991 6640 6094 6992 6641 6095
13364 6 3 5 5 0 6992 6641 6095 6993 6642 6096
13365 6 3 5 5 0 6993 6642 6096 6994 6643 6097
13366 6 3 5 5 0 6994 6643 6097 6995 6644 6098
13367 6 3 5 5 0 6995 6644 6098 6996 6645 6099
13368 6 3 5 5 0 6996 6645 6099 6997 6646 6100
13369 6 3 5 5 0 6997 6646 6100 6998 6647 6101
13370 6 3 5 5 0 6998 6647 6101 6999 6648 6102
13371 6 3 5 5 0 6999 6648 6102 7000 6649 6103
13372 6 3 5 5 0 7000 6649 6103 7001 6650 6104
13373 6 3 5 5 0 7001 6650 6104 7002 6651 6105
13374 6 3 5 5 0 7002 6651 6105 7003 6652 6106
13375 6 3 5 5 0 7003 6652 6106 7004 6653 6107
13376 6 3 5 5 0 7004 6653 6107 7005 6654 6108
13377 6 3 5 5 0 7005 6654 6108 7006 6655 6109
13378 6 3 5 5 0 7006 6655 6109 7007 6656 6110
13379 6 3 5 5 0 7007 6656 6110 7008 6657 6111
13380 6 3 5 5 0 7008 6657 6111 7009 6658 6112
13381 6 3 5 5 0 7009 6658 6112 7010 6659 6113
13382 6 3 5 5 0 7010 6659 6113 7011 6660 6114
13383 6 3 5 5 0 7011 6660 6114 7012 6661 6115
13384 6 3 5 5 0 7012 6661 6115 7013 6662 6116
13385 6 3 5 5 0 7013 6662 6116 7014 6663 6117
13386 6 3 5 5 0 7014 6663 6117 7015 6664 6118
13387 6 3 5 5 0 7015 6664 6118 7016 6665 6119
13388 6 3 5 5 0 7016 6665 6119 7017 6666 6120
13389 6 3 5 5 0 7017 6666 6120 7018 6667 6121
13390 6 3 5 5 0 7018 6667 6121 7019 6668 6122
13391 6 3 5 5 0 7019 6668 6122 7020 6669 6123
13392 6 3 5 5 0 7020 6669 6123 3027 3018 3004
13393 6 3 5 5 0 2288 2283 491 6982 6787 2916
13394 6 3 5 5 0 6982 6787 2916 6983 6788 2917
13395 6 3 5 5 0 6983 6788 2917 6984 6789 2918
13396 6 3 5 5 0 6984 6789 2918 6985 6790 2919
13397 6 3 5 5 0 6985 6790 2919 6986 6791 2920
13398 6 3 5 5 0 6986 6791 2920 6987 6792 2921
13399 6 3 5 5 0 6987 6792 2921 6988 6793 2922
13400 6 3 5 5 0 6988 6793 2922 6989 6794 2923
13401 6 3 5 5 0 6989 6794 2923 6990 6795 2924
13402 6 3 5 5 0 6990 6795 2924 6991 6796 2925
13403 6 3 5 5 0 6991 6796 2925 6992 6797 2926
13404 6 3 5 5 0 6992 6797 2926 6993 6798 2927
13405 6 3 5 5 0 6993 6798 2927 6994 6799 2928
13406 6 3 5 5 0 6994 6799 2928 6995 6800 2929
13407 6 3 5 5 0 6995 6800 2929 6996 6801 2930
13408 6 3 5 5 0 6996 6801 2930 6997 6802 2931
13409 6 3 5 5 0 6997 6802 2931 6998 6803 2932
13410 6 3 5 5 0 6998 6803 2932 6999 6804 2933
13411 6 3 5 5 0 6999 6804 2933 7000 6805 2934
13412 6 3 5 5 0 7000 6805 2934 7001 6806 2935
13413 6 3 5 5 0 7001 6806 2935 7002 6807 2936
13414 6 3 5 5 0 7002 6807 2936 7003 6808 2937
13415 6 3 5 5 0 7003 6808 2937 7004 6809 2938
13416 6 3 5 5 0 7004 6809 2938 7005 6810 2939
13417 6 3 5 5 0 7005 6810 2939 7006 6811 2940
13418 6 3 5 5 0 7006 6811 2940 7007 6812 2941
13419 6 3 5 5 0 7007 6812 2941 7008 6813 2942
13420 6 3 5 5 0 7008 6813 2942 7009 6814 2943
13421 6 3 5 5 0 7009 6814 2943 7010 6815 2944
13422 6 3 5 5 0 7010 6815 2944 7011 6816 2945
13423 6 3 5 5 0 7011 6816 2945 7012 6817 2946
13424 6 3 5 5 0 7012 6817 2946 7013 6818 2947
13425 6 3 5 5 0 7013 6818 2947 7014 6819 2948
13426 6 3 5 5 0 7014 6819 2948 7015 6820 2949
13427 6 3 5 5 0 7015 6820 2949 7016 6821 2950
13428 6 3 5 5 0 7016 6821 2950 7017 6822 2951
13429 6 3 5 5 0 7017 6822 2951 7018 6823 2952
13430 6 3 5 5 0 7018 6823 2952 7019 6824 2953
13431 6 3 5 5 0 7019 6824 2953 7020 6825 2954
13432 6 3 5 5 0 7020 6825 2954 3027 3022 575
13433 6 3 5 5 0 2264 2282 2289 6046 6748 7021
13434 6 3 5 5 0 6046 6748 7021 6047 6749 7022
13435 6 3 5 5 0 6047 6749 7022 6048 6750 7023
13436 6 3 5 5 0 6048 6750 7023 6049 6751 7024
13437 6 3 5 5 0 6049 6751 7024 6050 6752 7025
13438 6 3 5 5 0 6050 6752 7025 6051 6753 7026
13439 6 3 5 5 0 6051 6753 7026 6052 6754 7027
13440 6 3 5 5 0 6052 6754 7027 6053 6755 7028
13441 6 3 5 5 0 6053 6755 7028 6054 6756 7029
13442 6 3 5 5 0 6054 6756 7029 6055 6757 7030
13443 6 3 5 5 0 6055 6757 7030 6056 6758 7031
13444 6 3 5 5 0 6056 6758 7031 6057 6759 7032
13445 6 3 5 5 0 6057 6759 7032 6058 6760 7033
13446 6 3 5 5 0 6058 6760 7033 6059 6761 7034
13447 6 3 5 5 0 6059 6761 7034 6060 6762 7035
13448 6 3 5 5 0 6060 6762 7035 6061 6763 7036
13449 6 3 5 5 0 6061 6763 7036 6062 6764 7037
13450 6 3 5 5 0 6062 6764 7037 6063 6765 7038
13451 6 3 5 5 0 6063 6765 7038 6064 6766 7039
13452 6 3 5 5 0 6064 6766 7039 6065 6767 7040
13453 6 3 5 5 0 6065 6767 7040 6066 6768 7041
13454 6 3 5 5 0 6066 6768 7041 6067 6769 7042
13455 6 3 5 5 0 6067 6769 7042 6068 6770 7043
13456 6 3 5 5 0 6068 6770 7043 6069 6771 7044
13457 6 3 5 5 0 6069 6771 7044 6070 6772 7045
13458 6 3 5 5 0 6070 6772 7045 6071 6773 7046
13459 6 3 5 5 0 6071 6773 7046 6072 6774 7047
13460 6 3 5 5 0 6072 6774 7047 6073 6775 7048
13461 6 3 5 5 0 6073 6775 7048 6074 6776 7049
13462 6 3 5 5 0 6074 6776 7049 6075 6777 7050
13463 6 3 5 5 0 6075 6777 7050 6076 6778 7051
13464 6 3 5 5 0 6076 6778 7051 6077 6779 7052
13465 6 3 5 5 0 6077 6779 7052 6078 6780 7053
13466 6 3 5 5 0 6078 6780 7053 6079 6781 7054
13467 6 3 5 5 0 6079 6781 7054 6080 6782 7055
13468 6 3 5 5 0 6080 6782 7055 6081 6783 7056
13469 6 3 5 5 0 6081 6783 7056 6082 6784 7057
13470 6 3 5 5 0 6082 6784 7057 6083 6785 7058
13471 6 3 5 5 0 6083 6785 7058 6084 6786 7059
13472 6 3 5 5 0 6084 6786 7059 3003 3021 3028
13473 6 3 5 5 0 2289 2278 2264 7021 6592 6046
13474 6 3 5 5 0 7021 6592 6046 7022 6593 6047
13475 6 3 5 5 0 7022 6593 6047 7023 6594 6048
13476 6 3 5 5 0 7023 6594 6048 7024 6595 6049
13477 6 3 5 5 0 7024 6595 6049 7025 6596 6050
13478 6 3 5 5 0 7025 6596 6050 7026 6597 6051
13479 6 3 5 5 0 7026 6597 6051 7027 6598 6052
13480 6 3 5 5 0 7027 6598 6052 7028 6599 6053
13481 6 3 5 5 0 7028 6599 6053 7029 6600 6054
13482 6 3 5 5 0 7029 6600 6054 7030 6601 6055
13483 6 3 5 5 0 7030 6601 6055 7031 6602 6056
13484 6 3 5 5 0 7031 6602 6056 7032 6603 6057
13485 6 3 5 5 0 7032 6603 6057 7033 6604 6058
13486 6 3 5 5 0 7033 6604 6058 7034 6605 6059
13487 6 3 5 5 0 7034 6605 6059 7035 6606 6060
13488 6 3 5 5 0 7035 6606 6060 7036 6607 6061
13489 6 3 5 5 0 7036 6607 6061 7037 6608 6062
13490 6 3 5 5 0 7037 6608 6062 7038 6609 6063
13491 6 3 5 5 0 7038 6609 6063 7039 6610 6064
13492 6 3 5 5 0 7039 6610 6064 7040 6611 6065
13493 6 3 5 5 0 7040 6611 6065 7041 6612 6066
13494 6 3 5 5 0 7041 6612 6066 7042 6613 6067
13495 6 3 5 5 0 7042 6613 6067 7043 6614 6068
13496 6 3 5 5 0 7043 6614 6068 7044 6615 6069
13497 6 3 5 5 0 7044 6615 6069 7045 6616 6070
13498 6 3 5 5 0 7045 6616 6070 7046 6617 6071
13499 6 3 5 5 0 7046 6617 6071 7047 6618 6072
13500 6 3 5 5 0 7047 6618 6072 7048 6619 6073
13501 6 3 5 5 0 7048 6619 6073 7049 6620 6074
13502 6 3 5 5 0 7049 6620 6074 7050 6621 6075
13503 6 3 5 5 0 7050 6621 6075 7051 6622 6076
13504 6 3 5 5 0 7051 6622 6076 7052 6623 6077
13505 6 3 5 5 0 7052 6623 6077 7053 6624 6078
13506 6 3 5 5 0 7053 6624 6078 7054 6625 6079
13507 6 3 5 5 0 7054 6625 6079 7055 6626 6080
13508 6 3 5 5 0 7055 6626 6080 7056 6627 6081
13509 6 3 5 5 0 7056 6627 6081 7057 6628 6082
13510 6 3 5 5 0 7057 6628 6082 7058 6629 6083
13511 6 3 5 5 0 7058 6629 6083 7059 6630 6084
13512 6 3 5 5 0 7059 6630 6084 3028 3017 3003
13513 6 3 5 5 0 2289 2282 482 7021 6748 2565
13514 6 3 5 5 0 7021 6748 2565 7022 6749 2566
13515 6 3 5 5 0 7022 6749 2566 7023 6750 2567
13516 6 3 5 5 0 7023 6750 2567 7024 6751 2568
13517 6 3 5 5 0 7024 6751 2568 7025 6752 2569
13518 6 3 5 5 0 7025 6752 2569 7026 6753 2570
13519 6 3 5 5 0 7026 6753 2570 7027 6754 2571
13520 6 3 5 5 0 7027 6754 2571 7028 6755 2572
13521 6 3 5 5 0 7028 6755 2572 7029 6756 2573
13522 6 3 5 5 0 7029 6756 2573 7030 6757 2574
13523 6 3 5 5 0 7030 6757 2574 7031 6758 2575
13524 6 3 5 5 0 7031 6758 2575 7032 6759 2576
13525 6 3 5 5 0 7032 6759 2576 7033 6760 2577
13526 6 3 5 5 0 7033 6760 2577 7034 6761 2578
13527 6 3 5 5 0 7034 6761 2578 7035 6762 2579
13528 6 3 5 5 0 7035 6762 2579 7036 6763 2580
13529 6 3 5 5 0 7036 6763 2580 7037 6764 2581
13530 6 3 5 5 0 7037 6764 2581 7038 6765 2582
13531 6 3 5 5 0 7038 6765 2582 7039 6766 2583
13532 6 3 5 5 0 7039 6766 2583 7040 6767 2584
13533 6 3 5 5 0 7040 6767 2584 7041 6768 2585
13534 6 3 5 5 0 7041 6768 2585 7042 6769 2586
13535 6 3 5 5 0 7042 6769 2586 7043 6770 2587
13536 6 3 5 5 0 7043 6770 2587 7044 6771 2588
13537 6 3 5 5 0 7044 6771 2588 7045 6772 2589
13538 6 3 5 5 0 7045 6772 2589 7046 6773 2590
13539 6 3 5 5 0 7046 6773 2590 7047 6774 2591
13540 6 3 5 5 0 7047 6774 2591 7048 6775 2592
13541 6 3 5 5 0 7048 6775 2592 7049 6776 2593
13542 6 3 5 5 0 7049 6776 2593 7050 6777 2594
13543 6 3 5 5 0 7050 6777 2594 7051 6778 2595
13544 6 3 5 5 0 7051 6778 2595 7052 6779 2596
13545 6 3 5 5 0 7052 6779 2596 7053 6780 2597
13546 6 3 5 5 0 7053 6780 2597 7054 6781 2598
13547 6 3 5 5 0 7054 6781 2598 7055 6782 2599
13548 6 3 5 5 0 7055 6782 2599 7056 6783 2600
13549 6 3 5 5 0 7056 6783 2600 7057 6784 2601
13550 6 3 5 5 0 7057 6784 2601 7058 6785 2602
13551 6 3 5 5 0 7058 6785 2602 7059 6786 2603
13552 6 3 5 5 0 7059 6786 2603 3028 3021 566
13553 6 3 5 5 0 2289 482 483 7021 2565 2604
13554 6 3 5 5 0 7021 2565 2604 7022 2566 2605
13555 6 3 5 5 0 7022 2566 2605 7023 2567 2606
13556 6 3 5 5 0 7023 2567 2606 7024 2568 2607
13557 6 3 5 5 0 7024 2568 2607 7025 2569 2608
13558 6 3 5 5 0 7025 2569 2608 7026 2570 2609
13559 6 3 5 5 0 7026 2570 2609 7027 2571 2610
13560 6 3 5 5 0 7027 2571 2610 7028 2572 2611
13561 6 3 5 5 0 7028 2572 2611 7029 2573 2612
13562 6 3 5 5 0 7029 2573 2612 7030 2574 2613
13563 6 3 5 5 0 7030 2574 2613 7031 2575 2614
13564 6 3 5 5 0 7031 2575 2614 7032 2576 2615
13565 6 3 5 5 0 7032 2576 2615 7033 2577 2616
13566 6 3 5 5 0 7033 2577 2616 7034 2578 2617
13567 6 3 5 5 0 7034 2578 2617 7035 2579 2618
13568 6 3 5 5 0 7035 2579 2618 7036 2580 2619
13569 6 3 5 5 0 7036 2580 2619 7037 2581 2620
13570 6 3 5 5 0 7037 2581 2620 7038 2582 2621
13571 6 3 5 5 0 7038 2582 2621 7039 2583 2622
13572 6 3 5 5 0 7039 2583 2622 7040 2584 2623
13573 6 3 5 5 0 7040 2584 2623 7041 2585 2624
13574 6 3 5 5 0 7041 2585 2624 7042 2586 2625
13575 6 3 5 5 0 7042 2586 2625 7043 2587 2626
13576 6 3 5 5 0 7043 2587 2626 7044 2588 2627
13577 6 3 5 5 0 7044 2588 2627 7045 2589 2628
13578 6 3 5 5 0 7045 2589 2628 7046 2590 2629
13579 6 3 5 5 0 7046 2590 2629 7047 2591 2630
13580 6 3 5 5 0 7047 2591 2630 7048 2592 2631
13581 6 3 5 5 0 7048 2592 2631 7049 2593 2632
13582 6 3 5 5 0 7049 2593 2632 7050 2594 2633
13583 6 3 5 5 0 7050 2594 2633 7051 2595 2634
13584 6 3 5 5 0 7051 2595 2634 7052 2596 2635
13585 6 3 5 5 0 7052 2596 2635 7053 2597 2636
13586 6 3 5 5 0 7053 2597 2636 7054 2598 2637
13587 6 3 5 5 0 7054 2598 2637 7055 2599 2638
13588 6 3 5 5 0 7055 2599 2638 7056 2600 2639
13589 6 3 5 5 0 7056 2600 2639 7057 2601 2640
13590 6 3 5 5 0 7057 2601 2640 7058 2602 2641
13591 6 3 5 5 0 7058 2602 2641 7059 2603 2642
13592 6 3 5 5 0 7059 2603 2642 3028 566 567
13593 6 3 5 5 0 2278 2289 483 6592 7021 2604
13594 6 3 5 5 0 6592 7021 2604 6593 7022 2605
13595 6 3 5 5 0 6593 7022 2605 6594 7023 2606
13596 6 3 5 5 0 6594 7023 2606 6595 7024 2607
13597 6 3 5 5 0 6595 7024 2607 6596 7025 2608
13598 6 3 5 5 0 6596 7025 2608 6597 7026 2609
13599 6 3 5 5 0 6597 7026 2609 6598 7027 2610
13600 6 3 5 5 0 6598 7027 2610 6599 7028 2611
13601 6 3 5 5 0 6599 7028 2611 6600 7029 2612
13602 6 3 5 5 0 6600 7029 2612 6601 7030 2613
13603 6 3 5 5 0 6601 7030 2613 6602 7031 2614
13604 6 3 5 5 0 6602 7031 2614 6603 7032 2615
13605 6 3 5 5 0 6603 7032 2615 6604 7033 2616
13606 6 3 5 5 0 6604 7033 2616 6605 7034 2617
13607 6 3 5 5 0 6605 7034 2617 6606 7035 2618
13608 6 3 5 5 0 6606 7035 2618 6607 7036 2619
13609 6 3 5 5 0 6607 7036 2619 6608 7037 2620
13610 6 3 5 5 0 6608 7037 2620 6609 7038 2621
13611 6 3 5 5 0 6609 7038 2621 6610 7039 2622
13612 6 3 5 5 0 6610 7039 2622 6611 7040 2623
13613 6 3 5 5 0 6611 7040 2623 6612 7041 2624
13614 6 3 5 5 0 6612 7041 2624 6613 7042 2625
13615 6 3 5 5 0 6613 7042 2625 6614 7043 2626
13616 6 3 5 5 0 6614 7043 2626 6615 7044 2627
13617 6 3 5 5 0 6615 7044 2627 6616 7045 2628
13618 6 3 5 5 0 6616 7045 2628 6617 7046 2629
13619 6 3 5 5 0 6617 7046 2629 6618 7047 2630
13620 6 3 5 5 0 6618 7047 2630 6619 7048 2631
13621 6 3 5 5 0 6619 7048 2631 6620 7049 2632
13622 6 3 5 5 0 6620 7049 2632 6621 7050 2633
13623 6 3 5 5 0 6621 7050 2633 6622 7051 2634
13624 6 3 5 5 0 6622 7051 2634 6623 7052 2635
13625 6 3 5 5 0 6623 7052 2635 6624 7053 2636
13626 6 3 5 5 0 6624 7053 2636 6625 7054 2637
13627 6 3 5 5 0 6625 7054 2637 6626 7055 2638
13628 6 3 5 5 0 6626 7055 2638 6627 7056 2639
13629 6 3 5 5 0 6627 7056 2639 6628 7057 2640
13630 6 3 5 5 0 6628 7057 2640 6629 7058 2641
13631 6 3 5 5 0 6629 7058 2641 6630 7059 2642
13632 6 3 5 5 0 6630 7059 2642 3017 3028 567
13633 6 3 5 5 0 2288 491 492 6982 2916 2955
13634 6 3 5 5 0 6982 2916 2955 6983 2917 2956
13635 6 3 5 5 0 6983 2917 2956 6984 2918 2957
13636 6 3 5 5 0 6984 2918 2957 6985 2919 2958
13637 6 3 5 5 0 6985 2919 2958 6986 2920 2959
13638 6 3 5 5 0 6986 2920 2959 6987 2921 2960
13639 6 3 5 5 0 6987 2921 2960 6988 2922 2961
13640 6 3 5 5 0 6988 2922 2961 6989 2923 2962
13641 6 3 5 5 0 6989 2923 2962 6990 2924 2963
13642 6 3 5 5 0 6990 2924 2963 6991 2925 2964
13643 6 3 5 5 0 6991 2925 2964 6992 2926 2965
13644 6 3 5 5 0 6992 2926 2965 6993 2927 2966
13645 6 3 5 5 0 6993 2927 2966 6994 2928 2967
13646 6 3 5 5 0 6994 2928 2967 6995 2929 2968
13647 6 3 5 5 0 6995 2929 2968 6996 2930 2969
13648 6 3 5 5 0 6996 2930 2969 6997 2931 2970
13649 6 3 5 5 0 6997 2931 2970 6998 2932 2971
13650 6 3 5 5 0 6998 2932 2971 6999 2933 2972
13651 6 3 5 5 0 6999 2933 2972 7000 2934 2973
13652 6 3 5 5 0 7000 2934 2973 7001 2935 2974
13653 6 3 5 5 0 7001 2935 2974 7002 2936 2975
13654 6 3 5 5 0 7002 2936 2975 7003 2937 2976
13655 6 3 5 5 0 7003 2937 2976 7004 2938 2977
13656 6 3 5 5 0 7004 2938 2977 7005 2939 2978
13657 6 3 5 5 0 7005 2939 2978 7006 2940 2979
13658 6 3 5 5 0 7006 2940 2979 7007 2941 2980
13659 6 3 5 5 0 7007 2941 2980 7008 2942 2981
13660 6 3 5 5 0 7008 2942 2981 7009 2943 2982
13661 6 3 5 5 0 7009 2943 2982 7010 2944 2983
13662 6 3 5 5 0 7010 2944 2983 7011 2945 2984
13663 6 3 5 5 0 7011 2945 2984 7012 2946 2985
13664 6 3 5 5 0 7012 2946 2985 7013 2947 2986
13665 6 3 5 5 0 7013 2947 2986 7014 2948 2987
13666 6 3 5 5 0 7014 2948 2987 7015 2949 2988
13667 6 3 5 5 0 7015 2949 2988 7016 2950 2989
13668 6 3 5 5 0 7016 2950 2989 7017 2951 2990
13669 6 3 5 5 0 7017 2951 2990 7018 2952 2991
13670 6 3 5 5 0 7018 2952 2991 7019 2953 2992
13671 6 3 5 5 0 7019 2953 2992 7020 2954 2993
13672 6 3 5 5 0 7020 2954 2993 3027 575 576
13673 6 3 5 5 0 2279 2288 492 6631 6982 2955
13674 6 3 5 5 0 6631 6982 2955 6632 6983 2956
13675 6 3 5 5 0 6632 6983 2956 6633 6984 2957
13676 6 3 5 5 0 6633 6984 2957 6634 6985 2958
13677 6 3 5 5 0 6634 6985 2958 6635 6986 2959
13678 6 3 5 5 0 6635 6986 2959 6636 6987 2960
13679 6 3 5 5 0 6636 6987 2960 6637 6988 2961
13680 6 3 5 5 0 6637 6988 2961 6638 6989 2962
13681 6 3 5 5 0 6638 6989 2962 6639 6990 2963
13682 6 3 5 5 0 6639 6990 2963 6640 6991 2964
13683 6 3 5 5 0 6640 6991 2964 6641 6992 2965
13684 6 3 5 5 0 6641 6992 2965 6642 6993 2966
13685 6 3 5 5 0 6642 6993 2966 6643 6994 2967
13686 6 3 5 5 0 6643 6994 2967 6644 6995 2968
13687 6 3 5 5 0 6644 6995 2968 6645 6996 2969
13688 6 3 5 5 0 6645 6996 2969 6646 6997 2970
13689 6 3 5 5 0 6646 6997 2970 6647 6998 2971
13690 6 3 5 5 0 6647 6998 2971 6648 6999 2972
13691 6 3 5 5 0 6648 6999 2972 6649 7000 2973
13692 6 3 5 5 0 6649 7000 2973 6650 7001 2974
13693 6 3 5 5 0 6650 7001 2974 6651 7002 2975
13694 6 3 5 5 0 6651 7002 2975 6652 7003 2976
13695 6 3 5 5 0 6652 7003 2976 6653 7004 2977
13696 6 3 5 5 0 6653 7004 2977 6654 7005 2978
13697 6 3 5 5 0 6654 7005 2978 6655 7006 2979
13698 6 3 5 5 0 6655 7006 2979 6656 7007 2980
13699 6 3 5 5 0 6656 7007 2980 6657 7008 2981
13700 6 3 5 5 0 6657 7008 2981 6658 7009 2982
13701 6 3 5 5 0 6658 7009 2982 6659 7010 2983
13702 6 3 5 5 0 6659 7010 2983 6660 7011 2984
13703 6 3 5 5 0 6660 7011 2984 6661 7012 2985
13704 6 3 5 5 0 6661 7012 2985 6662 7013 2986
13705 6 3 5 5 0 6662 7013 2986 6663 7014 2987
13706 6 3 5 5 0 6663 7014 2987 6664 7015 2988
13707 6 3 5 5 0 6664 7015 2988 6665 7016 2989
13708 6 3 5 5 0 6665 7016 2989 6666 7017 2990
13709 6 3 5 5 0 6666 7017 2990 6667 7018 2991
13710 6 3 5 5 0 6667 7018 2991 6668 7019 2992
13711 6 3 5 5 0 6668 7019 2992 6669 7020 2993
13712 6 3 5 5 0 6669 7020 2993 3018 3027 576
13713 6 3 5 5 0 479 2277 2290 2448 6553 7060
13714 6 3 5 5 0 2448 6553 7060 2449 6554 7061
13715 6 3 5 5 0 2449 6554 7061 2450 6555 7062
13716 6 3 5 5 0 2450 6555 7062 2451 6556 7063
13717 6 3 5 5 0 2451 6556 7063 2452 6557 7064
13718 6 3 5 5 0 2452 6557 7064 2453 6558 7065
13719 6 3 5 5 0 2453 6558 7065 2454 6559 7066
13720 6 3 5 5 0 2454 6559 7066 2455 6560 7067
13721 6 3 5 5 0 2455 6560 7067 2456 6561 7068
13722 6 3 5 5 0 2456 6561 7068 2457 6562 7069
13723 6 3 5 5 0 2457 6562 7069 2458 6563 7070
13724 6 3 5 5 0 2458 6563 7070 2459 6564 7071
13725 6 3 5 5 0 2459 6564 7071 2460 6565 7072
13726 6 3 5 5 0 2460 6565 7072 2461 6566 7073
13727 6 3 5 5 0 2461 6566 7073 2462 6567 7074
13728 6 3 5 5 0 2462 6567 7074 2463 6568 7075
13729 6 3 5 5 0 2463 6568 7075 2464 6569 7076
13730 6 3 5 5 0 2464 6569 7076 2465 6570 7077
13731 6 3 5 5 0 2465 6570 7077 2466 6571 7078
13732 6 3 5 5 0 2466 6571 7078 2467 6572 7079
13733 6 3 5 5 0 2467 6572 7079 2468 6573 7080
13734 6 3 5 5 0 2468 6573 7080 2469 6574 7081
13735 6 3 5 5 0 2469 6574 7081 2470 6575 7082
13736 6 3 5 5 0 2470 6575 7082 2471 6576 7083
13737 6 3 5 5 0 2471 6576 7083 2472 6577 7084
13738 6 3 5 5 0 2472 6577 7084 2473 6578 7085
13739 6 3 5 5 0 2473 6578 7085 2474 6579 7086
13740 6 3 5 5 0 2474 6579 7086 2475 6580 7087
13741 6 3 5 5 0 2475 6580 7087 2476 6581 7088
13742 6 3 5 5 0 2476 6581 7088 2477 6582 7089
13743 6 3 5 5 0 2477 6582 7089 2478 6583 7090
13744 6 3 5 5 0 2478 6583 7090 2479 6584 7091
13745 6 3 5 5 0 2479 6584 7091 2480 6585 7092
13746 6 3 5 5 0 2480 6585 7092 2481 6586 7093
13747 6 3 5 5 0 2481 6586 7093 2482 6587 7094
13748 6 3 5 5 0 2482 6587 7094 2483 6588 7095
13749 6 3 5 5 0 2483 6588 7095 2484 6589 7096
13750 6 3 5 5 0 2484 6589 7096 2485 6590 7097
13751 6 3 5 5 0 2485 6590 7097 2486 6591 7098
13752 6 3 5 5 0 2486 6591 7098 563 3016 3029
13753 6 3 5 5 0 2290 2277 2256 7060 6553 5734
13754 6 3 5 5 0 7060 6553 5734 7061 6554 5735
13755 6 3 5 5 0 7061 6554 5735 7062 6555 5736
13756 6 3 5 5 0 7062 6555 5736 7063 6556 5737
13757 6 3 5 5 0 7063 6556 5737 7064 6557 5738
13758 6 3 5 5 0 7064 6557 5738 7065 6558 5739
13759 6 3 5 5 0 7065 6558 5739 7066 6559 5740
13760 6 3 5 5 0 7066 6559 5740 7067 6560 5741
13761 6 3 5 5 0 7067 6560 5741 7068 6561 5742
13762 6 3 5 5 0 7068 6561 5742 7069 6562 5743
13763 6 3 5 5 0 7069 6562 5743 7070 6563 5744
13764 6 3 5 5 0 7070 6563 5744 7071 6564 5745
13765 6 3 5 5 0 7071 6564 5745 7072 6565 5746
13766 6 3 5 5 0 7072 6565 5746 7073 6566 5747
13767 6 3 5 5 0 7073 6566 5747 7074 6567 5748
13768 6 3 5 5 0 7074 6567 5748 7075 6568 5749
13769 6 3 5 5 0 7075 6568 5749 7076 6569 5750
13770 6 3 5 5 0 7076 6569 5750 7077 6570 5751
13771 6 3 5 5 0 7077 6570 5751 7078 6571 5752
13772 6 3 5 5 0 7078 6571 5752 7079 6572 5753
13773 6 3 5 5 0 7079 6572 5753 7080 6573 5754
13774 6 3 5 5 0 7080 6573 5754 7081 6574 5755
13775 6 3 5 5 0 7081 6574 5755 7082 6575 5756
13776 6 3 5 5 0 7082 6575 5756 7083 6576 5757
13777 6 3 5 5 0 7083 6576 5757 7084 6577 5758
13778 6 3 5 5 0 7084 6577 5758 7085 6578 5759
13779 6 3 5 5 0 7085 6578 5759 7086 6579 5760
13780 6 3 5 5 0 7086 6579 5760 7087 6580 5761
13781 6 3 5 5 0 7087 6580 5761 7088 6581 5762
13782 6 3 5 5 0 7088 6581 5762 7089 6582 5763
13783 6 3 5 5 0 7089 6582 5763 7090 6583 5764
13784 6 3 5 5 0 7090 6583 5764 7091 6584 5765
13785 6 3 5 5 0 7091 6584 5765 7092 6585 5766
13786 6 3 5 5 0 7092 6585 5766 7093 6586 5767
13787 6 3 5 5 0 7093 6586 5767 7094 6587 5768
13788 6 3 5 5 0 7094 6587 5768 7095 6588 5769
13789 6 3 5 5 0 7095 6588 5769 7096 6589 5770
13790 6 3 5 5 0 7096 6589 5770 7097 6590 5771
13791 6 3 5 5 0 7097 6590 5771 7098 6591 5772
13792 6 3 5 5 0 7098 6591 5772 3029 3016 2995
13793 6 3 5 5 0 488 2276 2291 2799 6514 7099
13794 6 3 5 5 0 2799 6514 7099 2800 6515 7100
13795 6 3 5 5 0 2800 6515 7100 2801 6516 7101
13796 6 3 5 5 0 2801 6516 7101 2802 6517 7102
13797 6 3 5 5 0 2802 6517 7102 2803 6518 7103
13798 6 3 5 5 0 2803 6518 7103 2804 6519 7104
13799 6 3 5 5 0 2804 6519 7104 2805 6520 7105
13800 6 3 5 5 0 2805 6520 7105 2806 6521 7106
13801 6 3 5 5 0 2806 6521 7106 2807 6522 7107
13802 6 3 5 5 0 2807 6522 7107 2808 6523 7108
13803 6 3 5 5 0 2808 6523 7108 2809 6524 7109
13804 6 3 5 5 0 2809 6524 7109 2810 6525 7110
13805 6 3 5 5 0 2810 6525 7110 2811 6526 7111
13806 6 3 5 5 0 2811 6526 7111 2812 6527 7112
13807 6 3 5 5 0 2812 6527 7112 2813 6528 7113
13808 6 3 5 5 0 2813 6528 7113 2814 6529 7114
13809 6 3 5 5 0 2814 6529 7114 2815 6530 7115
13810 6 3 5 5 0 2815 6530 7115 2816 6531 7116
13811 6 3 5 5 0 2816 6531 7116 2817 6532 7117
13812 6 3 5 5 0 2817 6532 7117 2818 6533 7118
13813 6 3 5 5 0 2818 6533 7118 2819 6534 7119
13814 6 3 5 5 0 2819 6534 7119 2820 6535 7120
13815 6 3 5 5 0 2820 6535 7120 2821 6536 7121
13816 6 3 5 5 0 2821 6536 7121 2822 6537 7122
13817 6 3 5 5 0 2822 6537 7122 2823 6538 7123
13818 6 3 5 5 0 2823 6538 7123 2824 6539 7124
13819 6 3 5 5 0 2824 6539 7124 2825 6540 7125
13820 6 3 5 5 0 2825 6540 7125 2826 6541 7126
13821 6 3 5 5 0 2826 6541 7126 2827 6542 7127
13822 6 3 5 5 0 2827 6542 7127 2828 6543 7128
13823 6 3 5 5 0 2828 6543 7128 2829 6544 7129
13824 6 3 5 5 0 2829 6544 7129 2830 6545 7130
13825 6 3 5 5 0 2830 6545 7130 2831 6546 7131
13826 6 3 5 5 0 2831 6546 7131 2832 6547 7132
13827 6 3 5 5 0 2832 6547 7132 2833 6548 7133
13828 6 3 5 5 0 2833 6548 7133 2834 6549 7134
13829 6 3 5 5 0 2834 6549 7134 2835 6550 7135
13830 6 3 5 5 0 2835 6550 7135 2836 6551 7136
13831 6 3 5 5 0 2836 6551 7136 2837 6552 7137
13832 6 3 5 5 0 2837 6552 7137 572 3015 3030
13833 6 3 5 5 0 2291 2276 2257 7099 6514 5773
13834 6 3 5 5 0 7099 6514 5773 7100 6515 5774
13835 6 3 5 5 0 7100 6515 5774 7101 6516 5775
13836 6 3 5 5 0 7101 6516 5775 7102 6517 5776
13837 6 3 5 5 0 7102 6517 5776 7103 6518 5777
13838 6 3 5 5 0 7103 6518 5777 7104 6519 5778
13839 6 3 5 5 0 7104 6519 5778 7105 6520 5779
13840 6 3 5 5 0 7105 6520 5779 7106 6521 5780
13841 6 3 5 5 0 7106 6521 5780 7107 6522 5781
13842 6 3 5 5 0 7107 6522 5781 7108 6523 5782
13843 6 3 5 5 0 7108 6523 5782 7109 6524 5783
13844 6 3 5 5 0 7109 6524 5783 7110 6525 5784
13845 6 3 5 5 0 7110 6525 5784 7111 6526 5785
13846 6 3 5 5 0 7111 6526 5785 7112 6527 5786
13847 6 3 5 5 0 7112 6527 5786 7113 6528 5787
13848 6 3 5 5 0 7113 6528 5787 7114 6529 5788
13849 6 3 5 5 0 7114 6529 5788 7115 6530 5789
13850 6 3 5 5 0 7115 6530 5789 7116 6531 5790
13851 6 3 5 5 0 7116 6531 5790 7117 6532 5791
13852 6 3 5 5 0 7117 6532 5791 7118 6533 5792
13853 6 3 5 5 0 7118 6533 5792 7119 6534 5793
13854 6 3 5 5 0 7119 6534 5793 7120 6535 5794
13855 6 3 5 5 0 7120 6535 5794 7121 6536 5795
13856 6 3 5 5 0 7121 6536 5795 7122 6537 5796
13857 6 3 5 5 0 7122 6537 5796 7123 6538 5797
13858 6 3 5 5 0 7123 6538 5797 7124 6539 5798
13859 6 3 5 5 0 7124 6539 5798 7125 6540 5799
13860 6 3 5 5 0 7125 6540 5799 7126 6541 5800
13861 6 3 5 5 0 7126 6541 5800 7127 6542 5801
13862 6 3 5 5 0 7127 6542 5801 7128 6543 5802
13863 6 3 5 5 0 7128 6543 5802 7129 6544 5803
13864 6 3 5 5 0 7129 6544 5803 7130 6545 5804
13865 6 3 5 5 0 7130 6545 5804 7131 6546 5805
13866 6 3 5 5 0 7131 6546 5805 7132 6547 5806
13867 6 3 5 5 0 7132 6547 5806 7133 6548 5807
13868 6 3 5 5 0 7133 6548 5807 7134 6549 5808
13869 6 3 5 5 0 7134 6549 5808 7135 6550 5809
13870 6 3 5 5 0 7135 6550 5809 7136 6551 5810
13871 6 3 5 5 0 7136 6551 5810 7137 6552 5811
13872 6 3 5 5 0 7137 6552 5811 3030 3015 2996
13873 6 3 5 5 0 2263 478 2290 6007 2409 7060
13874 6 3 5 5 0 6007 2409 7060 6008 2410 7061
13875 6 3 5 5 0 6008 2410 7061 6009 2411 7062
13876 6 3 5 5 0 6009 2411 7062 6010 2412 7063
13877 6 3 5 5 0 6010 2412 7063 6011 2413 7064
13878 6 3 5 5 0 6011 2413 7064 6012 2414 7065
13879 6 3 5 5 0 6012 2414 7065 6013 2415 7066
13880 6 3 5 5 0 6013 2415 7066 6014 2416 7067
13881 6 3 5 5 0 6014 2416 7067 6015 2417 7068
13882 6 3 5 5 0 6015 2417 7068 6016 2418 7069
13883 6 3 5 5 0 6016 2418 7069 6017 2419 7070
13884 6 3 5 5 0 6017 2419 7070 6018 2420 7071
13885 6 3 5 5 0 6018 2420 7071 6019 2421 7072
13886 6 3 5 5 0 6019 2421 7072 6020 2422 7073
13887 6 3 5 5 0 6020 2422 7073 6021 2423 7074
13888 6 3 5 5 0 6021 2423 7074 6022 2424 7075
13889 6 3 5 5 0 6022 2424 7075 6023 2425 7076
13890 6 3 5 5 0 6023 2425 7076 6024 2426 7077
13891 6 3 5 5 0 6024 2426 7077 6025 2427 7078
13892 6 3 5 5 0 6025 2427 7078 6026 2428 7079
13893 6 3 5 5 0 6026 2428 7079 6027 2429 7080
13894 6 3 5 5 0 6027 2429 7080 6028 2430 7081
13895 6 3 5 5 0 6028 2430 7081 6029 2431 7082
13896 6 3 5 5 0 6029 2431 7082 6030 2432 7083
13897 6 3 5 5 0 6030 2432 7083 6031 2433 7084
13898 6 3 5 5 0 6031 2433 7084 6032 2434 7085
13899 6 3 5 5 0 6032 2434 7085 6033 2435 7086
13900 6 3 5 5 0 6033 2435 7086 6034 2436 7087
13901 6 3 5 5 0 6034 2436 7087 6035 2437 7088
13902 6 3 5 5 0 6035 2437 7088 6036 2438 7089
13903 6 3 5 5 0 6036 2438 7089 6037 2439 7090
13904 6 3 5 5 0 6037 2439 7090 6038 2440 7091
13905 6 3 5 5 0 6038 2440 7091 6039 2441 7092
13906 6 3 5 5 0 6039 2441 7092 6040 2442 7093
13907 6 3 5 5 0 6040 2442 7093 6041 2443 7094
13908 6 3 5 5 0 6041 2443 7094 6042 2444 7095
13909 6 3 5 5 0 6042 2444 7095 6043 2445 7096
13910 6 3 5 5 0 6043 2445 7096 6044 2446 7097
13911 6 3 5 5 0 6044 2446 7097 6045 2447 7098
13912 6 3 5 5 0 6045 2447 7098 3002 562 3029
13913 6 3 5 5 0 2290 2256 2263 7060 5734 6007
13914 6 3 5 5 0 7060 5734 6007 7061 5735 6008
13915 6 3 5 5 0 7061 5735 6008 7062 5736 6009
13916 6 3 5 5 0 7062 5736 6009 7063 5737 6010
13917 6 3 5 5 0 7063 5737 6010 7064 5738 6011
13918 6 3 5 5 0 7064 5738 6011 7065 5739 6012
13919 6 3 5 5 0 7065 5739 6012 7066 5740 6013
13920 6 3 5 5 0 7066 5740 6013 7067 5741 6014
13921 6 3 5 5 0 7067 5741 6014 7068 5742 6015
13922 6 3 5 5 0 7068 5742 6015 7069 5743 6016
13923 6 3 5 5 0 7069 5743 6016 7070 5744 6017
13924 6 3 5 5 0 7070 5744 6017 7071 5745 6018
13925 6 3 5 5 0 7071 5745 6018 7072 5746 6019
13926 6 3 5 5 0 7072 5746 6019 7073 5747 6020
13927 6 3 5 5 0 7073 5747 6020 7074 5748 6021
13928 6 3 5 5 0 7074 5748 6021 7075 5749 6022
13929 6 3 5 5 0 7075 5749 6022 7076 5750 6023
13930 6 3 5 5 0 7076 5750 6023 7077 5751 6024
13931 6 3 5 5 0 7077 5751 6024 7078 5752 6025
13932 6 3 5 5 0 7078 5752 6025 7079 5753 6026
13933 6 3 5 5 0 7079 5753 6026 7080 5754 6027
13934 6 3 5 5 0 7080 5754 6027 7081 5755 6028
13935 6 3 5 5 0 7081 5755 6028 7082 5756 6029
13936 6 3 5 5 0 7082 5756 6029 7083 5757 6030
13937 6 3 5 5 0 7083 5757 6030 7084 5758 6031
13938 6 3 5 5 0 7084 5758 6031 7085 5759 6032
13939 6 3 5 5 0 7085 5759 6032 7086 5760 6033
13940 6 3 5 5 0 7086 5760 6033 7087 5761 6034
13941 6 3 5 5 0 7087 5761 6034 7088 5762 6035
13942 6 3 5 5 0 7088 5762 6035 7089 5763 6036
13943 6 3 5 5 0 7089 5763 6036 7090 5764 6037
13944 6 3 5 5 0 7090 5764 6037 7091 5765 6038
13945 6 3 5 5 0 7091 5765 6038 7092 5766 6039
13946 6 3 5 5 0 7092 5766 6039 7093 5767 6040
13947 6 3 5 5 0 7093 5767 6040 7094 5768 6041
13948 6 3 5 5 0 7094 5768 6041 7095 5769 6042
13949 6 3 5 5 0 7095 5769 6042 7096 5770 6043
13950 6 3 5 5 0 7096 5770 6043 7097 5771 6044
13951 6 3 5 5 0 7097 5771 6044 7098 5772 6045
13952 6 3 5 5 0 7098 5772 6045 3029 2995 3002
13953 6 3 5 5 0 2290 478 479 7060 2409 2448
13954 6 3 5 5 0 7060 2409 2448 7061 2410 2449
13955 6 3 5 5 0 7061 2410 2449 7062 2411 2450
13956 6 3 5 5 0 7062 2411 2450 7063 2412 2451
13957 6 3 5 5 0 7063 2412 2451 7064 2413 2452
13958 6 3 5 5 0 7064 2413 2452 7065 2414 2453
13959 6 3 5 5 0 7065 2414 2453 7066 2415 2454
13960 6 3 5 5 0 7066 2415 2454 7067 2416 2455
13961 6 3 5 5 0 7067 2416 2455 7068 2417 2456
13962 6 3 5 5 0 7068 2417 2456 7069 2418 2457
13963 6 3 5 5 0 7069 2418 2457 7070 2419 2458
13964 6 3 5 5 0 7070 2419 2458 7071 2420 2459
13965 6 3 5 5 0 7071 2420 2459 7072 2421 2460
13966 6 3 5 5 0 7072 2421 2460 7073 2422 2461
13967 6 3 5 5 0 7073 2422 2461 7074 2423 2462
13968 6 3 5 5 0 7074 2423 2462 7075 2424 2463
13969 6 3 5 5 0 7075 2424 2463 7076 2425 2464
13970 6 3 5 5 0 7076 2425 2464 7077 2426 2465
13971 6 3 5 5 0 7077 2426 2465 7078 2427 2466
13972 6 3 5 5 0 7078 2427 2466 7079 2428 2467
13973 6 3 5 5 0 7079 2428 2467 7080 2429 2468
13974 6 3 5 5 0 7080 2429 2468 7081 2430 2469
13975 6 3 5 5 0 7081 2430 2469 7082 2431 2470
13976 6 3 5 5 0 7082 2431 2470 7083 2432 2471
13977 6 3 5 5 0 7083 2432 2471 7084 2433 2472
13978 6 3 5 5 0 7084 2433 2472 7085 2434 2473
13979 6 3 5 5 0 7085 2434 2473 7086 2435 2474
13980 6 3 5 5 0 7086 2435 2474 7087 2436 2475
13981 6 3 5 5 0 7087 2436 2475 7088 2437 2476
13982 6 3 5 5 0 7088 2437 2476 7089 2438 2477
13983 6 3 5 5 0 7089 2438 2477 7090 2439 2478
13984 6 3 5 5 0 7090 2439 2478 7091 2440 2479
13985 6 3 5 5 0 7091 2440 2479 7092 2441 2480
13986 6 3 5 5 0 7092 2441 2480 7093 2442 2481
13987 6 3 5 5 0 7093 2442 2481 7094 2443 2482
13988 6 3 5 5 0 7094 2443 2482 7095 2444 2483
13989 6 3 5 5 0 7095 2444 2483 7096 2445 2484
13990 6 3 5 5 0 7096 2445 2484 7097 2446 2485
13991 6 3 5 5 0 7097 2446 2485 7098 2447 2486
13992 6 3 5 5 0 7098 2447 2486 3029 562 563
13993 6 3 5 5 0 2258 487 2291 5812 2760 7099
13994 6 3 5 5 0 5812 2760 7099 5813 2761 7100
13995 6 3 5 5 0 5813 2761 7100 5814 2762 7101
13996 6 3 5 5 0 5814 2762 7101 5815 2763 7102
13997 6 3 5 5 0 5815 2763 7102 5816 2764 7103
13998 6 3 5 5 0 5816 2764 7103 5817 2765 7104
13999 6 3 5 5 0 5817 2765 7104 5818 2766 7105
14000 6 3 5 5 0 5818 2766 7105 5819 2767 7106
14001 6 3 5 5 0 5819 2767 7106 5820 2768 7107
14002 6 3 5 5 0 5820 2768 7107 5821 2769 7108
14003 6 3 5 5 0 5821 2769 7108 5822 2770 7109
14004 6 3 5 5 0 5822 2770 7109 5823 2771 7110
14005 6 3 5 5 0 5823 2771 7110 5824 2772 7111
14006 6 3 5 5 0 5824 2772 7111 5825 2773 7112
14007 6 3 5 5 0 5825 2773 7112 5826 2774 7113
14008 6 3 5 5 0 5826 2774 7113 5827 2775 7114
14009 6 3 5 5 0 5827 2775 7114 5828 2776 7115
14010 6 3 5 5 0 5828 2776 7115 5829 2777 7116
14011 6 3 5 5 0 5829 2777 7116 5830 2778 7117
14012 6 3 5 5 0 5830 2778 7117 5831 2779 7118
14013 6 3 5 5 0 5831 2779 7118 5832 2780 7119
14014 6 3 5 5 0 5832 2780 7119 5833 2781 7120
14015 6 3 5 5 0 5833 2781 7120 5834 2782 7121
14016 6 3 5 5 0 5834 2782 7121 5835 2783 7122
14017 6 3 5 5 0 5835 2783 7122 5836 2784 7123
14018 6 3 5 5 0 5836 2784 7123 5837 2785 7124
14019 6 3 5 5 0 5837 2785 7124 5838 2786 7125
14020 6 3 5 5 0 5838 2786 7125 5839 2787 7126
14021 6 3 5 5 0 5839 2787 7126 5840 2788 7127
14022 6 3 5 5 0 5840 2788 7127 5841 2789 7128
14023 6 3 5 5 0 5841 2789 7128 5842 2790 7129
14024 6 3 5 5 0 5842 2790 7129 5843 2791 7130
14025 6 3 5 5 0 5843 2791 7130 5844 2792 7131
14026 6 3 5 5 0 5844 2792 7131 5845 2793 7132
14027 6 3 5 5 0 5845 2793 7132 5846 2794 7133
14028 6 3 5 5 0 5846 2794 7133 5847 2795 7134
14029 6 3 5 5 0 5847 2795 7134 5848 2796 7135
14030 6 3 5 5 0 5848 2796 7135 5849 2797 7136
14031 6 3 5 5 0 5849 2797 7136 5850 2798 7137
14032 6 3 5 5 0 5850 2798 7137 2997 571 3030
14033 6 3 5 5 0 2291 2257 2258 7099 5773 5812
14034 6 3 5 5 0 7099 5773 5812 7100 5774 5813
14035 6 3 5 5 0 7100 5774 5813 7101 5775 5814
14036 6 3 5 5 0 7101 5775 5814 7102 5776 5815
14037 6 3 5 5 0 7102 5776 5815 7103 5777 5816
14038 6 3 5 5 0 7103 5777 5816 7104 5778 5817
14039 6 3 5 5 0 7104 5778 5817 7105 5779 5818
14040 6 3 5 5 0 7105 5779 5818 7106 5780 5819
14041 6 3 5 5 0 7106 5780 5819 7107 5781 5820
14042 6 3 5 5 0 7107 5781 5820 7108 5782 5821
14043 6 3 5 5 0 7108 5782 5821 7109 5783 5822
14044 6 3 5 5 0 7109 5783 5822 7110 5784 5823
14045 6 3 5 5 0 7110 5784 5823 7111 5785 5824
14046 6 3 5 5 0 7111 5785 5824 7112 5786 5825
14047 6 3 5 5 0 7112 5786 5825 7113 5787 5826
14048 6 3 5 5 0 7113 5787 5826 7114 5788 5827
14049 6 3 5 5 0 7114 5788 5827 7115 5789 5828
14050 6 3 5 5 0 7115 5789 5828 7116 5790 5829
14051 6 3 5 5 0 7116 5790 5829 7117 5791 5830
14052 6 3 5 5 0 7117 5791 5830 7118 5792 5831
14053 6 3 5 5 0 7118 5792 5831 7119 5793 5832
14054 6 3 5 5 0 7119 5793 5832 7120 5794 5833
14055 6 3 5 5 0 7120 5794 5833 7121 5795 5834
14056 6 3 5 5 0 7121 5795 5834 7122 5796 5835
14057 6 3 5 5 0 7122 5796 5835 7123 5797 5836
14058 6 3 5 5 0 7123 5797 5836 7124 5798 5837
14059 6 3 5 5 0 7124 5798 5837 7125 5799 5838
14060 6 3 5 5 0 7125 5799 5838 7126 5800 5839
14061 6 3 5 5 0 7126 5800 5839 7127 5801 5840
14062 6 3 5 5 0 7127 5801 5840 7128 5802 5841
14063 6 3 5 5 0 7128 5802 5841 7129 5803 5842
14064 6 3 5 5 0 7129 5803 5842 7130 5804 5843
14065 6 3 5 5 0 7130 5804 5843 7131 5805 5844
14066 6 3 5 5 0 7131 5805 5844 7132 5806 5845
14067 6 3 5 5 0 7132 5806 5845 7133 5807 5846
14068 6 3 5 5 0 7133 5807 5846 7134 5808 5847
14069 6 3 5 5 0 7134 5808 5847 7135 5809 5848
14070 6 3 5 5 0 7135 5809 5848 7136 5810 5849
14071 6 3 5 5 0 7136 5810 5849 7137 5811 5850
14072 6 3 5 5 0 7137 5811 5850 3030 2996 2997
14073 6 3 5 5 0 2291 487 488 7099 2760 2799
14074 6 3 5 5 0 7099 2760 2799 7100 2761 2800
14075 6 3 5 5 0 7100 2761 2800 7101 2762 2801
14076 6 3 5 5 0 7101 2762 2801 7102 2763 2802
14077 6 3 5 5 0 7102 2763 2802 7103 2764 2803
14078 6 3 5 5 0 7103 2764 2803 7104 2765 2804
14079 6 3 5 5 0 7104 2765 2804 7105 2766 2805
14080 6 3 5 5 0 7105 2766 2805 7106 2767 2806
14081 6 3 5 5 0 7106 2767 2806 7107 2768 2807
14082 6 3 5 5 0 7107 2768 2807 7108 2769 2808
14083 6 3 5 5 0 7108 2769 2808 7109 2770 2809
14084 6 3 5 5 0 7109 2770 2809 7110 2771 2810
14085 6 3 5 5 0 7110 2771 2810 7111 2772 2811
14086 6 3 5 5 0 7111 2772 2811 7112 2773 2812
14087 6 3 5 5 0 7112 2773 2812 7113 2774 2813
14088 6 3 5 5 0 7113 2774 2813 7114 2775 2814
14089 6 3 5 5 0 7114 2775 2814 7115 2776 2815
14090 6 3 5 5 0 7115 2776 2815 7116 2777 2816
14091 6 3 5 5 0 7116 2777 2816 7117 2778 2817
14092 6 3 5 5 0 7117 2778 2817 7118 2779 2818
14093 6 3 5 5 0 7118 2779 2818 7119 2780 2819
14094 6 3 5 5 0 7119 2780 2819 7120 2781 2820
14095 6 3 5 5 0 7120 2781 2820 7121 2782 2821
14096 6 3 5 5 0 7121 2782 2821 7122 2783 2822
14097 6 3 5 5 0 7122 2783 2822 7123 2784 2823
14098 6 3 5 5 0 7123 2784 2823 7124 2785 2824
14099 6 3 5 5 0 7124 2785 2824 7125 2786 2825
14100 6 3 5 5 0 7125 2786 2825 7126 2787 2826
14101 6 3 5 5 0 7126 2787 2826 7127 2788 2827
14102 6 3 5 5 0 7127 2788 2827 7128 2789 2828
14103 6 3 5 5 0 7128 2789 2828 7129 2790 2829
14104 6 3 5 5 0 7129 2790 2829 7130 2791 2830
14105 6 3 5 5 0 7130 2791 2830 7131 2792 2831
14106 6 3 5 5 0 7131 2792 2831 7132 2793 2832
14107 6 3 5 5 0 7132 2793 2832 7133 2794 2833
14108 6 3 5 5 0 7133 2794 2833 7134 2795 2834
14109 6 3 5 5 0 7134 2795 2834 7135 2796 2835
14110 6 3 5 5 0 7135 2796 2835 7136 2797 2836
14111 6 3 5 5 0 7136 2797 2836 7137 2798 2837
14112 6 3 5 5 0 7137 2798 2837 3030 571 572
$EndElements
