# This file was generated by TiberCAD (GraceIO.C)
# Stores 1D nodal data in format suitable for Grace
# x	spontaneous_power_density_Px[W/eV]	spontaneous_power_density_Py[W/eV]	spontaneous_power_density_Pz[W/eV]	stimulated_power_density_Px[W/eV]	stimulated_power_density_Py[W/eV]	stimulated_power_density_Pz[W/eV]	gain_Px[]	gain_Py[]	gain_Pz[]
3	1.833833399e-11	1.826966682e-11	1.43590491e-13	2.548659216e-11	2.544453975e-11	1.976873355e-13	0.3123167339	0.3118668769	0.002414067448	
3.001	1.840127372e-11	1.833240461e-11	1.440798044e-13	2.557423955e-11	2.553207753e-11	1.983622681e-13	0.3133912869	0.3129402873	0.00242231265	
3.002	1.846453832e-11	1.83954664e-11	1.445716251e-13	2.566234023e-11	2.56200682e-11	1.990406655e-13	0.3144713998	0.3140192535	0.002430600196	
3.003	1.852813006e-11	1.845885442e-11	1.450659702e-13	2.575089735e-11	2.570851488e-11	1.997225515e-13	0.3155571112	0.3151038141	0.002438930376	
3.004	1.859205118e-11	1.852257094e-11	1.455628571e-13	2.583991405e-11	2.579742075e-11	2.0040795e-13	0.3166484597	0.3161940077	0.002447303482	
3.005	1.865630397e-11	1.858661823e-11	1.460623033e-13	2.592939352e-11	2.588678899e-11	2.010968853e-13	0.3177454846	0.3172898736	0.002455719812	
3.006	1.872089072e-11	1.865099858e-11	1.465643263e-13	2.6019339e-11	2.59766228e-11	2.017893816e-13	0.3188482253	0.3183914512	0.002464179663	
3.007	1.878581377e-11	1.87157143e-11	1.47068944e-13	2.610975371e-11	2.606692544e-11	2.024854637e-13	0.3199567215	0.3194987803	0.002472683336	
3.008	1.885107544e-11	1.878076775e-11	1.475761743e-13	2.620064093e-11	2.615770017e-11	2.031851564e-13	0.3210710136	0.3206119009	0.002481231135	
3.009	1.891667811e-11	1.884616126e-11	1.480860352e-13	2.629200396e-11	2.624895029e-11	2.038884846e-13	0.3221911419	0.3217308536	0.002489823364	
3.01	1.898262415e-11	1.891189723e-11	1.48598545e-13	2.638384613e-11	2.634067914e-11	2.045954736e-13	0.3233171473	0.3228556793	0.002498460334	
3.011	1.904891597e-11	1.897797803e-11	1.491137221e-13	2.64761708e-11	2.643289006e-11	2.05306149e-13	0.3244490712	0.3239864192	0.002507142355	
3.012	1.911555598e-11	1.90444061e-11	1.49631585e-13	2.656898137e-11	2.652558645e-11	2.060205363e-13	0.3255869549	0.3251231147	0.002515869742	
3.013	1.918254665e-11	1.911118388e-11	1.501521525e-13	2.666228124e-11	2.661877171e-11	2.067386615e-13	0.3267308406	0.3262658079	0.002524642811	
3.014	1.924989042e-11	1.917831381e-11	1.506754434e-13	2.675607386e-11	2.671244931e-11	2.074605507e-13	0.3278807705	0.3274145411	0.002533461882	
3.015	1.931758979e-11	1.92457984e-11	1.512014768e-13	2.685036273e-11	2.680662271e-11	2.081862304e-13	0.3290367873	0.3285693569	0.002542327278	
3.016	1.938564728e-11	1.931364014e-11	1.517302719e-13	2.694515134e-11	2.690129543e-11	2.08915727e-13	0.330198934	0.3297302984	0.002551239323	
3.017	1.94540654e-11	1.938184155e-11	1.52261848e-13	2.704044323e-11	2.6996471e-11	2.096490675e-13	0.3313672543	0.330897409	0.002560198345	
3.018	1.952284673e-11	1.945040519e-11	1.527962248e-13	2.713624199e-11	2.709215299e-11	2.103862789e-13	0.3325417918	0.3320707326	0.002569204677	
3.019	1.959199383e-11	1.951933364e-11	1.533334219e-13	2.72325512e-11	2.7188345e-11	2.111273886e-13	0.3337225908	0.3332503133	0.002578258651	
3.02	1.966150931e-11	1.958862947e-11	1.538734592e-13	2.732937452e-11	2.728505068e-11	2.11872424e-13	0.334909696	0.3344361958	0.002587360605	
3.021	1.973139579e-11	1.965829532e-11	1.544163569e-13	2.742671561e-11	2.738227368e-11	2.12621413e-13	0.3361031524	0.3356284251	0.002596510878	
3.022	1.980165591e-11	1.972833383e-11	1.549621351e-13	2.752457816e-11	2.748001771e-11	2.133743836e-13	0.3373030053	0.3368270466	0.002605709813	
3.023	1.987229236e-11	1.979874765e-11	1.555108144e-13	2.762296593e-11	2.75782865e-11	2.141313642e-13	0.3385093007	0.3380321061	0.002614957756	
3.024	1.994330781e-11	1.986953949e-11	1.560624152e-13	2.772188266e-11	2.767708381e-11	2.148923832e-13	0.3397220847	0.3392436498	0.002624255057	
3.025	2.001470501e-11	1.994071204e-11	1.566169585e-13	2.782133217e-11	2.777641345e-11	2.156574694e-13	0.3409414041	0.3404617244	0.002633602066	
3.026	2.008648667e-11	2.001226806e-11	1.571744651e-13	2.79213183e-11	2.787627925e-11	2.16426652e-13	0.342167306	0.3416863769	0.002642999141	
3.027	2.015865559e-11	2.008421029e-11	1.577349563e-13	2.802184491e-11	2.797668508e-11	2.171999601e-13	0.3433998377	0.3429176549	0.002652446638	
3.028	2.023121454e-11	2.015654153e-11	1.582984534e-13	2.81229159e-11	2.807763485e-11	2.179774235e-13	0.3446390474	0.3441556063	0.00266194492	
3.029	2.030416634e-11	2.02292646e-11	1.58864978e-13	2.822453523e-11	2.817913248e-11	2.18759072e-13	0.3458849833	0.3454002793	0.002671494351	
3.03	2.037751385e-11	2.030238232e-11	1.594345518e-13	2.832670687e-11	2.828118197e-11	2.195449356e-13	0.3471376942	0.3466517229	0.002681095301	
3.031	2.045125993e-11	2.037589756e-11	1.600071967e-13	2.842943483e-11	2.838378731e-11	2.203350448e-13	0.3483972294	0.3479099862	0.002690748139	
3.032	2.052540747e-11	2.044981322e-11	1.60582935e-13	2.853272316e-11	2.848695257e-11	2.211294302e-13	0.3496636387	0.3491751189	0.002700453242	
3.033	2.05999594e-11	2.05241322e-11	1.611617888e-13	2.863657595e-11	2.859068181e-11	2.219281227e-13	0.3509369722	0.3504471712	0.002710210987	
3.034	2.067491867e-11	2.059885746e-11	1.617437809e-13	2.874099732e-11	2.869497917e-11	2.227311536e-13	0.3522172804	0.3517261937	0.002720021756	
3.035	2.075028825e-11	2.067399195e-11	1.623289338e-13	2.884599144e-11	2.87998488e-11	2.235385544e-13	0.3535046145	0.3530122374	0.002729885934	
3.036	2.082607115e-11	2.074953868e-11	1.629172706e-13	2.895156251e-11	2.890529491e-11	2.243503568e-13	0.3547990261	0.3543053539	0.002739803911	
3.037	2.090227039e-11	2.082550067e-11	1.635088144e-13	2.905771476e-11	2.901132173e-11	2.25166593e-13	0.3561005671	0.3556055951	0.002749776077	
3.038	2.097888904e-11	2.090188097e-11	1.641035886e-13	2.916445247e-11	2.911793353e-11	2.259872953e-13	0.35740929	0.3569130136	0.00275980283	
3.039	2.105593019e-11	2.097868267e-11	1.647016167e-13	2.927177996e-11	2.922513463e-11	2.268124963e-13	0.3587252479	0.3582276623	0.002769884567	
3.04	2.113339694e-11	2.105590886e-11	1.653029227e-13	2.937970159e-11	2.933292939e-11	2.276422291e-13	0.3600484942	0.3595495946	0.002780021694	
3.041	2.121129244e-11	2.11335627e-11	1.659075304e-13	2.948822175e-11	2.94413222e-11	2.284765269e-13	0.3613790829	0.3608788647	0.002790214616	
3.042	2.128961987e-11	2.121164734e-11	1.665154642e-13	2.959734489e-11	2.95503175e-11	2.293154233e-13	0.3627170685	0.3622155268	0.002800463743	
3.043	2.136838242e-11	2.129016598e-11	1.671267484e-13	2.970707548e-11	2.965991976e-11	2.301589522e-13	0.3640625059	0.3635596359	0.002810769491	
3.044	2.144758333e-11	2.136912184e-11	1.677414078e-13	2.981741805e-11	2.977013351e-11	2.310071477e-13	0.3654154506	0.3649112476	0.002821132277	
3.045	2.152722587e-11	2.144851819e-11	1.683594674e-13	2.992837716e-11	2.988096331e-11	2.318600444e-13	0.3667759588	0.3662704178	0.002831552523	
3.046	2.160731332e-11	2.15283583e-11	1.689809521e-13	3.003995741e-11	2.999241375e-11	2.327176771e-13	0.3681440868	0.367637203	0.002842030656	
3.047	2.168784901e-11	2.16086455e-11	1.696058875e-13	3.015216345e-11	3.01044895e-11	2.33580081e-13	0.3695198917	0.3690116603	0.002852567105	
3.048	2.17688363e-11	2.168938313e-11	1.702342991e-13	3.026499998e-11	3.021719523e-11	2.344472916e-13	0.3709034313	0.3703938473	0.002863162304	
3.049	2.185027856e-11	2.177057457e-11	1.708662127e-13	3.037847174e-11	3.033053568e-11	2.353193446e-13	0.3722947635	0.3717838221	0.002873816691	
3.05	2.193217922e-11	2.185222323e-11	1.715016546e-13	3.04925835e-11	3.044451564e-11	2.361962763e-13	0.3736939471	0.3731816433	0.002884530707	
3.051	2.201454173e-11	2.193433255e-11	1.72140651e-13	3.060734009e-11	3.055913992e-11	2.370781231e-13	0.3751010413	0.3745873702	0.002895304801	
3.052	2.209736957e-11	2.201690602e-11	1.727832284e-13	3.072274639e-11	3.067441341e-11	2.379649218e-13	0.376516106	0.3760010626	0.00290613942	
3.053	2.218066626e-11	2.209994713e-11	1.734294138e-13	3.083880732e-11	3.0790341e-11	2.388567096e-13	0.3779392015	0.3774227808	0.002917035021	
3.054	2.226443534e-11	2.218345944e-11	1.740792342e-13	3.095552784e-11	3.090692768e-11	2.397535241e-13	0.3793703888	0.3788525857	0.002927992062	
3.055	2.234868041e-11	2.226744651e-11	1.74732717e-13	3.107291296e-11	3.102417844e-11	2.406554031e-13	0.3808097293	0.3802905389	0.002939011006	
3.056	2.243340506e-11	2.235191195e-11	1.753898897e-13	3.119096774e-11	3.114209835e-11	2.415623849e-13	0.3822572853	0.3817367024	0.002950092321	
3.057	2.251861297e-11	2.243685941e-11	1.760507802e-13	3.130969729e-11	3.126069251e-11	2.42474508e-13	0.3837131193	0.383191139	0.002961236478	
3.058	2.260430781e-11	2.252229257e-11	1.767154166e-13	3.142910677e-11	3.137996608e-11	2.433918115e-13	0.3851772947	0.3846539118	0.002972443955	
3.059	2.26904933e-11	2.260821514e-11	1.773838274e-13	3.154920139e-11	3.149992426e-11	2.443143346e-13	0.3866498755	0.3861250849	0.002983715232	
3.06	2.27771732e-11	2.269463087e-11	1.780560411e-13	3.16699864e-11	3.162057231e-11	2.452421171e-13	0.3881309261	0.3876047227	0.002995050794	
3.061	2.286435131e-11	2.278154354e-11	1.787320868e-13	3.179146712e-11	3.174191553e-11	2.461751991e-13	0.3896205117	0.3890928903	0.003006451133	
3.062	2.295203145e-11	2.286895698e-11	1.794119935e-13	3.191364889e-11	3.186395928e-11	2.47113621e-13	0.391118698	0.3905896535	0.003017916743	
3.063	2.304021749e-11	2.295687505e-11	1.800957909e-13	3.203653713e-11	3.198670897e-11	2.480574237e-13	0.3926255515	0.3920950787	0.003029448123	
3.064	2.312891334e-11	2.304530163e-11	1.807835086e-13	3.216013731e-11	3.211017005e-11	2.490066484e-13	0.3941411393	0.3936092329	0.003041045778	
3.065	2.321812293e-11	2.313424068e-11	1.814751768e-13	3.228445493e-11	3.223434805e-11	2.499613368e-13	0.3956655289	0.3951321838	0.003052710218	
3.066	2.330785025e-11	2.322369614e-11	1.821708257e-13	3.240949557e-11	3.235924852e-11	2.50921531e-13	0.3971987889	0.3966639998	0.003064441956	
3.067	2.339809931e-11	2.331367205e-11	1.82870486e-13	3.253526485e-11	3.248487709e-11	2.518872733e-13	0.3987409882	0.3982047498	0.003076241511	
3.068	2.348887417e-11	2.340417243e-11	1.835741886e-13	3.266176846e-11	3.261123943e-11	2.528586067e-13	0.4002921965	0.3997545035	0.003088109408	
3.069	2.358017894e-11	2.34952014e-11	1.842819648e-13	3.278901211e-11	3.273834128e-11	2.538355744e-13	0.4018524842	0.4013133313	0.003100046177	
3.07	2.367201774e-11	2.358676307e-11	1.84993846e-13	3.291700161e-11	3.286618842e-11	2.548182202e-13	0.4034219223	0.4028813042	0.00311205235	
3.071	2.376439475e-11	2.36788616e-11	1.857098642e-13	3.30457428e-11	3.29947867e-11	2.558065881e-13	0.4050005827	0.404458494	0.003124128469	
3.072	2.38573142e-11	2.377150123e-11	1.864300515e-13	3.317524159e-11	3.312414202e-11	2.568007228e-13	0.4065885378	0.4060449732	0.003136275077	
3.073	2.395078034e-11	2.386468618e-11	1.871544403e-13	3.330550393e-11	3.325426034e-11	2.578006691e-13	0.4081858609	0.4076408149	0.003148492725	
3.074	2.404479747e-11	2.395842077e-11	1.878830634e-13	3.343653585e-11	3.338514768e-11	2.588064726e-13	0.4097926257	0.409246093	0.003160781969	
3.075	2.413936994e-11	2.405270931e-11	1.886159539e-13	3.356834342e-11	3.351681012e-11	2.598181791e-13	0.411408907	0.410860882	0.00317314337	
3.076	2.423450214e-11	2.41475562e-11	1.893531452e-13	3.37009328e-11	3.364925379e-11	2.608358349e-13	0.4130347801	0.4124852575	0.003185577493	
3.077	2.43301985e-11	2.424296585e-11	1.900946711e-13	3.383431018e-11	3.378248489e-11	2.618594868e-13	0.4146703212	0.4141192955	0.003198084911	
3.078	2.442646349e-11	2.433894274e-11	1.908405657e-13	3.396848182e-11	3.391650969e-11	2.62889182e-13	0.4163156071	0.4157630728	0.003210666202	
3.079	2.452330164e-11	2.443549136e-11	1.915908633e-13	3.410345406e-11	3.405133451e-11	2.639249683e-13	0.4179707156	0.4174166672	0.003223321949	
3.08	2.46207175e-11	2.453261628e-11	1.923455988e-13	3.423923328e-11	3.418696574e-11	2.649668939e-13	0.419635725	0.4190801569	0.003236052742	
3.081	2.471871568e-11	2.463032209e-11	1.931048072e-13	3.437582593e-11	3.432340982e-11	2.660150073e-13	0.4213107145	0.4207536212	0.003248859175	
3.082	2.481730085e-11	2.472861345e-11	1.93868524e-13	3.451323853e-11	3.446067328e-11	2.670693578e-13	0.4229957643	0.4224371402	0.003261741849	
3.083	2.491647771e-11	2.482749505e-11	1.94636785e-13	3.465147767e-11	3.459876268e-11	2.681299949e-13	0.424690955	0.4241307945	0.003274701372	
3.084	2.5016251e-11	2.492697162e-11	1.954096263e-13	3.479054999e-11	3.473768469e-11	2.691969689e-13	0.4263963683	0.4258346658	0.003287738356	
3.085	2.511662552e-11	2.502704796e-11	1.961870844e-13	3.493046222e-11	3.487744602e-11	2.702703302e-13	0.4281120867	0.4275488365	0.003300853421	
3.086	2.521760613e-11	2.512772891e-11	1.969691964e-13	3.507122113e-11	3.501805343e-11	2.713501301e-13	0.4298381934	0.42927339	0.003314047191	
3.087	2.531919771e-11	2.522901934e-11	1.977559993e-13	3.521283358e-11	3.51595138e-11	2.724364201e-13	0.4315747726	0.4310084102	0.003327320298	
3.088	2.542140521e-11	2.533092419e-11	1.985475308e-13	3.535530649e-11	3.530183403e-11	2.735292526e-13	0.4333219093	0.4327539822	0.003340673381	
3.089	2.552423362e-11	2.543344846e-11	1.99343829e-13	3.549864686e-11	3.544502113e-11	2.746286801e-13	0.4350796894	0.4345101918	0.003354107084	
3.09	2.5627688e-11	2.553659717e-11	2.001449322e-13	3.564286175e-11	3.558908214e-11	2.757347558e-13	0.4368481994	0.4362771257	0.003367622057	
3.091	2.573177344e-11	2.564037542e-11	2.009508792e-13	3.578795829e-11	3.573402421e-11	2.768475336e-13	0.4386275271	0.4380548716	0.003381218958	
3.092	2.583649509e-11	2.574478833e-11	2.017617092e-13	3.59339437e-11	3.587985454e-11	2.779670677e-13	0.440417761	0.4398435178	0.003394898452	
3.093	2.594185814e-11	2.584984111e-11	2.025774617e-13	3.608082527e-11	3.602658041e-11	2.790934131e-13	0.4422189905	0.4416431537	0.003408661209	
3.094	2.604786786e-11	2.5955539e-11	2.033981767e-13	3.622861034e-11	3.617420918e-11	2.80226625e-13	0.4440313059	0.4434538698	0.003422507907	
3.095	2.615452956e-11	2.60618873e-11	2.042238945e-13	3.637730635e-11	3.632274828e-11	2.813667596e-13	0.4458547985	0.4452757573	0.00343643923	
3.096	2.62618486e-11	2.616889136e-11	2.05054656e-13	3.652692082e-11	3.647220522e-11	2.825138733e-13	0.4476895605	0.4471089082	0.003450455871	
3.097	2.636983039e-11	2.62765566e-11	2.058905024e-13	3.667746133e-11	3.662258758e-11	2.836680233e-13	0.449535685	0.4489534159	0.003464558528	
3.098	2.647848042e-11	2.638488847e-11	2.067314753e-13	3.682893556e-11	3.677390304e-11	2.848292673e-13	0.4513932662	0.4508093743	0.003478747906	
3.099	2.658780422e-11	2.649389249e-11	2.075776167e-13	3.698135124e-11	3.692615933e-11	2.859976636e-13	0.4532623992	0.4526768786	0.00349302472	
3.1	2.669780737e-11	2.660357426e-11	2.084289692e-13	3.71347162e-11	3.707936428e-11	2.871732711e-13	0.4551431801	0.4545560248	0.00350738969	
3.101	2.680849553e-11	2.67139394e-11	2.092855756e-13	3.728903836e-11	3.723352579e-11	2.883561495e-13	0.457035706	0.4564469101	0.003521843543	
3.102	2.69198744e-11	2.682499361e-11	2.101474793e-13	3.744432571e-11	3.738865186e-11	2.895463587e-13	0.458940075	0.4583496325	0.003536387015	
3.103	2.703194974e-11	2.693674264e-11	2.110147241e-13	3.760058631e-11	3.754475055e-11	2.907439595e-13	0.4608563863	0.4602642911	0.003551020849	
3.104	2.714472739e-11	2.704919232e-11	2.118873544e-13	3.775782834e-11	3.770183003e-11	2.919490135e-13	0.46278474	0.4621909862	0.003565745797	
3.105	2.725821323e-11	2.716234851e-11	2.127654147e-13	3.791606004e-11	3.785989854e-11	2.931615825e-13	0.4647252373	0.4641298188	0.003580562617	
3.106	2.737241321e-11	2.727621716e-11	2.136489504e-13	3.807528973e-11	3.801896441e-11	2.943817293e-13	0.4666779806	0.4660808914	0.003595472075	
3.107	2.748733335e-11	2.739080427e-11	2.145380071e-13	3.823552585e-11	3.817903606e-11	2.956095172e-13	0.4686430733	0.4680443073	0.003610474946	
3.108	2.760297972e-11	2.75061159e-11	2.15432631e-13	3.83967769e-11	3.834012199e-11	2.968450102e-13	0.4706206198	0.4700201708	0.003625572014	
3.109	2.771935845e-11	2.762215818e-11	2.163328686e-13	3.855905148e-11	3.85022308e-11	2.98088273e-13	0.4726107258	0.4720085877	0.003640764068	
3.11	2.783647576e-11	2.773893731e-11	2.17238767e-13	3.872235828e-11	3.866537118e-11	2.993393709e-13	0.4746134979	0.4740096646	0.003656051908	
3.111	2.795433792e-11	2.785645954e-11	2.18150374e-13	3.888670609e-11	3.882955191e-11	3.0059837e-13	0.476629044	0.4760235093	0.003671436343	
3.112	2.807295127e-11	2.79747312e-11	2.190677376e-13	3.905210379e-11	3.899478188e-11	3.01865337e-13	0.478657473	0.4780502309	0.003686918188	
3.113	2.81923222e-11	2.809375868e-11	2.199909064e-13	3.921856035e-11	3.916107004e-11	3.031403393e-13	0.4806988952	0.4800899393	0.003702498268	
3.114	2.83124572e-11	2.821354846e-11	2.209199297e-13	3.938608483e-11	3.932842546e-11	3.044234452e-13	0.482753422	0.4821427461	0.003718177416	
3.115	2.843336281e-11	2.833410705e-11	2.218548569e-13	3.955468641e-11	3.949685731e-11	3.057147235e-13	0.4848211657	0.4842087636	0.003733956477	
3.116	2.855504565e-11	2.845544106e-11	2.227957384e-13	3.972437434e-11	3.966637486e-11	3.070142439e-13	0.4869022403	0.4862881058	0.0037498363	
3.117	2.867751239e-11	2.857755716e-11	2.237426248e-13	3.989515801e-11	3.983698746e-11	3.083220766e-13	0.4889967607	0.4883808874	0.003765817748	
3.118	2.880076979e-11	2.870046211e-11	2.246955675e-13	4.006704686e-11	4.000870457e-11	3.096382929e-13	0.4911048431	0.4904872247	0.003781901689	
3.119	2.89248247e-11	2.88241627e-11	2.256546182e-13	4.024005047e-11	4.018153577e-11	3.109629646e-13	0.493226605	0.4926072353	0.003798089002	
3.12	2.9049684e-11	2.894866585e-11	2.266198293e-13	4.041417852e-11	4.035549072e-11	3.122961643e-13	0.4953621651	0.4947410378	0.003814380578	
3.121	2.917535468e-11	2.907397851e-11	2.275912538e-13	4.058944078e-11	4.053057921e-11	3.136379655e-13	0.4975116436	0.4968887522	0.003830777313	
3.122	2.93018438e-11	2.920010773e-11	2.285689451e-13	4.076584713e-11	4.07068111e-11	3.149884425e-13	0.4996751619	0.4990505	0.003847280115	
3.123	2.942915848e-11	2.932706063e-11	2.295529573e-13	4.094340757e-11	4.08841964e-11	3.163476702e-13	0.5018528425	0.5012264039	0.003863889904	
3.124	2.955730594e-11	2.945484439e-11	2.305433451e-13	4.112213221e-11	4.10627452e-11	3.177157245e-13	0.5040448096	0.5034165877	0.003880607605	
3.125	2.968629347e-11	2.958346631e-11	2.315401638e-13	4.130203125e-11	4.124246771e-11	3.190926821e-13	0.5062511885	0.505621177	0.003897434158	
3.126	2.981612844e-11	2.971293374e-11	2.325434692e-13	4.148311502e-11	4.142337425e-11	3.204786205e-13	0.5084721061	0.5078402985	0.00391437051	
3.127	2.994681829e-11	2.984325411e-11	2.335533179e-13	4.166539397e-11	4.160547527e-11	3.218736181e-13	0.5107076905	0.5100740803	0.003931417619	
3.128	3.007837056e-11	2.997443494e-11	2.345697667e-13	4.184887864e-11	4.178878132e-11	3.23277754e-13	0.5129580713	0.5123226521	0.003948576455	
3.129	3.021079287e-11	3.010648383e-11	2.355928736e-13	4.20335797e-11	4.197330305e-11	3.246911084e-13	0.5152233796	0.5145861449	0.003965847997	
3.13	3.034409291e-11	3.023940848e-11	2.366226969e-13	4.221950796e-11	4.215905127e-11	3.261137621e-13	0.5175037479	0.5168646911	0.003983233235	
3.131	3.047827848e-11	3.037321665e-11	2.376592954e-13	4.240667431e-11	4.234603689e-11	3.275457971e-13	0.5197993101	0.5191584247	0.004000733171	
3.132	3.061335743e-11	3.05079162e-11	2.387027289e-13	4.25950898e-11	4.253427092e-11	3.289872961e-13	0.5221102017	0.5214674812	0.004018348816	
3.133	3.074933774e-11	3.064351508e-11	2.397530577e-13	4.278476557e-11	4.272376452e-11	3.304383428e-13	0.5244365597	0.5237919974	0.004036081195	
3.134	3.088622746e-11	3.078002132e-11	2.408103426e-13	4.297571291e-11	4.291452897e-11	3.318990218e-13	0.5267785225	0.526132112	0.004053931342	
3.135	3.102403472e-11	3.091744304e-11	2.418746455e-13	4.316794323e-11	4.310657568e-11	3.333694186e-13	0.5291362304	0.528487965	0.004071900304	
3.136	3.116276775e-11	3.105578848e-11	2.429460285e-13	4.336146806e-11	4.329991618e-11	3.348496197e-13	0.5315098249	0.5308596979	0.004089989137	
3.137	3.130243487e-11	3.119506592e-11	2.440245547e-13	4.355629906e-11	4.349456212e-11	3.363397125e-13	0.5338994492	0.5332474541	0.004108198914	
3.138	3.144304451e-11	3.133528378e-11	2.451102878e-13	4.375244803e-11	4.369052532e-11	3.378397856e-13	0.5363052483	0.5356513784	0.004126530714	
3.139	3.158460518e-11	3.147645056e-11	2.462032922e-13	4.394992691e-11	4.388781768e-11	3.393499282e-13	0.5387273686	0.5380716173	0.004144985632	
3.14	3.172712548e-11	3.161857484e-11	2.473036331e-13	4.414874777e-11	4.408645129e-11	3.40870231e-13	0.5411659584	0.5405083189	0.004163564774	
3.141	3.187061413e-11	3.176166532e-11	2.484113764e-13	4.434892279e-11	4.428643834e-11	3.424007852e-13	0.5436211675	0.5429616331	0.004182269259	
3.142	3.201507992e-11	3.190573079e-11	2.495265888e-13	4.455046434e-11	4.448779117e-11	3.439416834e-13	0.5460931474	0.5454317115	0.004201100219	
3.143	3.216053176e-11	3.205078014e-11	2.506493375e-13	4.475338489e-11	4.469052226e-11	3.454930192e-13	0.5485820515	0.5479187073	0.004220058796	
3.144	3.230697867e-11	3.219682236e-11	2.517796908e-13	4.495769708e-11	4.489464424e-11	3.47054887e-13	0.5510880348	0.5504227757	0.004239146149	
3.145	3.245442975e-11	3.234386655e-11	2.529177175e-13	4.516341366e-11	4.510016987e-11	3.486273827e-13	0.5536112543	0.5529440733	0.004258363448	
3.146	3.260289423e-11	3.249192191e-11	2.540634874e-13	4.537054758e-11	4.530711208e-11	3.502106028e-13	0.5561518685	0.555482759	0.004277711876	
3.147	3.275238141e-11	3.264099775e-11	2.552170709e-13	4.557911188e-11	4.551548394e-11	3.518046454e-13	0.5587100379	0.5580389931	0.004297192631	
3.148	3.290290074e-11	3.279110347e-11	2.563785394e-13	4.57891198e-11	4.572529865e-11	3.534096093e-13	0.561285925	0.560612938	0.004316806922	
3.149	3.305446174e-11	3.294224861e-11	2.57547965e-13	4.600058471e-11	4.59365696e-11	3.550255947e-13	0.5638796938	0.5632047579	0.004336555976	
3.15	3.320707408e-11	3.30944428e-11	2.587254206e-13	4.621352013e-11	4.61493103e-11	3.566527029e-13	0.5664915106	0.5658146189	0.004356441031	
3.151	3.336074751e-11	3.324769577e-11	2.599109799e-13	4.642793975e-11	4.636353444e-11	3.582910363e-13	0.5691215435	0.5684426892	0.004376463339	
3.152	3.35154919e-11	3.340201739e-11	2.611047177e-13	4.664385743e-11	4.657925586e-11	3.599406984e-13	0.5717699624	0.5710891386	0.004396624169	
3.153	3.367131726e-11	3.355741764e-11	2.623067095e-13	4.686128716e-11	4.679648858e-11	3.616017942e-13	0.5744369395	0.5737541394	0.004416924803	
3.154	3.382823368e-11	3.37139066e-11	2.635170315e-13	4.708024312e-11	4.701524675e-11	3.632744296e-13	0.5771226487	0.5764378654	0.004437366538	
3.155	3.398625139e-11	3.387149449e-11	2.64735761e-13	4.730073965e-11	4.723554473e-11	3.64958712e-13	0.5798272662	0.5791404929	0.004457950686	
3.156	3.414538074e-11	3.403019163e-11	2.659629763e-13	4.752279126e-11	4.7457397e-11	3.666547498e-13	0.5825509702	0.5818621998	0.004478678575	
3.157	3.43056322e-11	3.419000847e-11	2.671987564e-13	4.774641262e-11	4.768081826e-11	3.683626528e-13	0.5852939409	0.5846031667	0.004499551547	
3.158	3.446701636e-11	3.43509556e-11	2.684431812e-13	4.79716186e-11	4.790582335e-11	3.700825321e-13	0.5880563608	0.5873635757	0.004520570963	
3.159	3.462954394e-11	3.45130437e-11	2.696963317e-13	4.819842422e-11	4.81324273e-11	3.718145001e-13	0.5908384144	0.5901436116	0.004541738196	
3.16	3.479322578e-11	3.467628361e-11	2.709582897e-13	4.842684469e-11	4.836064532e-11	3.735586705e-13	0.5936402886	0.5929434611	0.004563054637	
3.161	3.495807285e-11	3.484068629e-11	2.722291382e-13	4.865689541e-11	4.85904928e-11	3.753151583e-13	0.5964621723	0.5957633133	0.004584521695	
3.162	3.512409627e-11	3.500626281e-11	2.735089609e-13	4.888859194e-11	4.88219853e-11	3.770840798e-13	0.5993042569	0.5986033593	0.004606140792	
3.163	3.529130727e-11	3.517302441e-11	2.747978426e-13	4.912195005e-11	4.905513858e-11	3.78865553e-13	0.6021667358	0.6014637927	0.00462791337	
3.164	3.545971723e-11	3.534098243e-11	2.760958692e-13	4.935698569e-11	4.928996861e-11	3.80659697e-13	0.6050498052	0.6043448096	0.004649840888	
3.165	3.562933764e-11	3.551014836e-11	2.774031275e-13	4.9593715e-11	4.952649151e-11	3.824666323e-13	0.6079536631	0.607246608	0.00467192482	
3.166	3.580018017e-11	3.568053384e-11	2.787197053e-13	4.983215432e-11	4.976472362e-11	3.842864811e-13	0.6108785102	0.6101693887	0.004694166659	
3.167	3.597225659e-11	3.585215064e-11	2.800456917e-13	5.007232019e-11	5.000468148e-11	3.861193668e-13	0.6138245497	0.6131133547	0.004716567917	
3.168	3.614557885e-11	3.602501066e-11	2.813811765e-13	5.031422934e-11	5.024638181e-11	3.879654144e-13	0.6167919871	0.6160787116	0.004739130123	
3.169	3.632015901e-11	3.619912596e-11	2.827262508e-13	5.055789871e-11	5.048984156e-11	3.898247503e-13	0.6197810304	0.6190656675	0.004761854824	
3.17	3.649600931e-11	3.637450876e-11	2.840810068e-13	5.080334546e-11	5.073507788e-11	3.916975027e-13	0.6227918903	0.622074433	0.004784743587	
3.171	3.66731421e-11	3.655117139e-11	2.854455378e-13	5.105058692e-11	5.098210811e-11	3.935838011e-13	0.6258247799	0.6251052211	0.004807797996	
3.172	3.685156993e-11	3.672912637e-11	2.868199381e-13	5.129964069e-11	5.123094982e-11	3.954837765e-13	0.6288799151	0.6281582478	0.004831019656	
3.173	3.703130545e-11	3.690838635e-11	2.882043034e-13	5.155052453e-11	5.14816208e-11	3.973975617e-13	0.6319575142	0.6312337314	0.00485441019	
3.174	3.721236152e-11	3.708896414e-11	2.895987303e-13	5.180325645e-11	5.173413904e-11	3.993252911e-13	0.6350577984	0.634331893	0.004877971243	
3.175	3.739475111e-11	3.727087272e-11	2.910033166e-13	5.205785469e-11	5.198852278e-11	4.012671006e-13	0.6381809915	0.6374529566	0.004901704478	
3.176	3.757848737e-11	3.745412521e-11	2.924181616e-13	5.231433768e-11	5.224479045e-11	4.032231279e-13	0.6413273203	0.6405971488	0.004925611579	
3.177	3.776358363e-11	3.763873492e-11	2.938433654e-13	5.257272412e-11	5.250296075e-11	4.051935122e-13	0.6444970141	0.643764699	0.00494969425	
3.178	3.795005337e-11	3.782471529e-11	2.952790295e-13	5.283303292e-11	5.276305257e-11	4.071783947e-13	0.6476903053	0.6469558395	0.004973954218	
3.179	3.813791022e-11	3.801207995e-11	2.967252568e-13	5.309528321e-11	5.302508507e-11	4.091779181e-13	0.650907429	0.6501708056	0.00499839323	
3.18	3.832716801e-11	3.82008427e-11	2.981821513e-13	5.33594944e-11	5.328907764e-11	4.11192227e-13	0.6541486235	0.6534098354	0.005023013053	
3.181	3.851784072e-11	3.839101751e-11	2.996498183e-13	5.362568612e-11	5.35550499e-11	4.132214677e-13	0.6574141298	0.65667317	0.005047815479	
3.182	3.870994253e-11	3.858261853e-11	3.011283644e-13	5.389387823e-11	5.382302173e-11	4.152657883e-13	0.6607041921	0.6599610536	0.00507280232	
3.183	3.890348778e-11	3.877566006e-11	3.026178975e-13	5.416409088e-11	5.409301326e-11	4.173253388e-13	0.6640190578	0.6632737334	0.005097975411	
3.184	3.909849098e-11	3.897015663e-11	3.041185271e-13	5.443634444e-11	5.436504487e-11	4.194002712e-13	0.667358977	0.6666114599	0.005123336612	
3.185	3.929496685e-11	3.91661229e-11	3.056303636e-13	5.471065956e-11	5.463913719e-11	4.214907391e-13	0.6707242035	0.6699744866	0.005148887802	
3.186	3.949293028e-11	3.936357376e-11	3.071535192e-13	5.498705714e-11	5.491531114e-11	4.235968983e-13	0.6741149939	0.6733630702	0.005174630888	
3.187	3.969239636e-11	3.956252426e-11	3.086881073e-13	5.526555834e-11	5.519358787e-11	4.257189065e-13	0.6775316084	0.6767774709	0.005200567798	
3.188	3.989338036e-11	3.976298965e-11	3.102342428e-13	5.554618461e-11	5.547398882e-11	4.278569232e-13	0.6809743102	0.6802179519	0.005226700486	
3.189	4.009589775e-11	3.996498539e-11	3.117920421e-13	5.582895766e-11	5.575653571e-11	4.300111102e-13	0.684443366	0.6836847799	0.00525303093	
3.19	4.029996419e-11	4.016852711e-11	3.133616228e-13	5.611389948e-11	5.604125052e-11	4.321816311e-13	0.6879390461	0.6871782253	0.005279561133	
3.191	4.050559556e-11	4.037363067e-11	3.149431043e-13	5.640103234e-11	5.632815554e-11	4.343686517e-13	0.6914616241	0.6906985615	0.005306293124	
3.192	4.071280794e-11	4.058031211e-11	3.165366074e-13	5.669037882e-11	5.661727331e-11	4.365723401e-13	0.6950113771	0.6942460659	0.005333228957	
3.193	4.092161759e-11	4.078858769e-11	3.181422544e-13	5.698196176e-11	5.69086267e-11	4.38792866e-13	0.6985885859	0.697821019	0.005360370713	
3.194	4.113204102e-11	4.099847387e-11	3.197601693e-13	5.727580431e-11	5.720223885e-11	4.41030402e-13	0.7021935348	0.7014237054	0.0053877205	
3.195	4.134409492e-11	4.120998734e-11	3.213904776e-13	5.757192992e-11	5.749813321e-11	4.432851222e-13	0.7058265119	0.705054413	0.005415280452	
3.196	4.155779622e-11	4.142314499e-11	3.230333062e-13	5.787036236e-11	5.779633354e-11	4.455572035e-13	0.7094878092	0.7087134339	0.005443052731	
3.197	4.177316206e-11	4.163796394e-11	3.246887841e-13	5.817112568e-11	5.809686389e-11	4.478468248e-13	0.7131777221	0.7124010636	0.005471039527	
3.198	4.199020981e-11	4.185446153e-11	3.263570415e-13	5.847424427e-11	5.839974867e-11	4.501541673e-13	0.7168965504	0.7161176016	0.005499243058	
3.199	4.220895705e-11	4.207265533e-11	3.280382106e-13	5.877974282e-11	5.870501255e-11	4.524794147e-13	0.7206445973	0.7198633516	0.005527665571	
3.2	4.242942163e-11	4.229256313e-11	3.297324251e-13	5.908764638e-11	5.901268058e-11	4.548227531e-13	0.7244221705	0.7236386208	0.005556309342	
3.201	4.265162158e-11	4.251420299e-11	3.314398207e-13	5.93979803e-11	5.93227781e-11	4.571843707e-13	0.7282295813	0.727443721	0.005585176678	
3.202	4.287557523e-11	4.273759315e-11	3.331605346e-13	5.971077026e-11	5.963533081e-11	4.595644586e-13	0.7320671455	0.7312789678	0.005614269915	
3.203	4.310130109e-11	4.296275215e-11	3.348947059e-13	6.002604231e-11	5.995036475e-11	4.619632102e-13	0.735935183	0.735144681	0.005643591418	
3.204	4.332881797e-11	4.318969873e-11	3.366424755e-13	6.034382282e-11	6.026790629e-11	4.643808214e-13	0.7398340178	0.7390411847	0.005673143587	
3.205	4.355814489e-11	4.341845191e-11	3.384039864e-13	6.066413853e-11	6.058798217e-11	4.668174906e-13	0.7437639783	0.7429688075	0.005702928851	
3.206	4.378930115e-11	4.364903095e-11	3.40179383e-13	6.098701653e-11	6.091061948e-11	4.692734192e-13	0.7477253974	0.7469278822	0.005732949671	
3.207	4.40223063e-11	4.388145538e-11	3.419688119e-13	6.131248428e-11	6.123584567e-11	4.717488109e-13	0.7517186125	0.7509187461	0.005763208541	
3.208	4.425718014e-11	4.411574498e-11	3.437724218e-13	6.16405696e-11	6.156368857e-11	4.742438721e-13	0.7557439652	0.7549417411	0.005793707989	
3.209	4.449394277e-11	4.435191979e-11	3.455903631e-13	6.197130068e-11	6.189417637e-11	4.767588123e-13	0.7598018022	0.7589972136	0.005824450576	
3.21	4.473261451e-11	4.459000014e-11	3.474227882e-13	6.230470611e-11	6.222733765e-11	4.792938434e-13	0.7638924745	0.7630855149	0.005855438898	
3.211	4.497321601e-11	4.483000662e-11	3.492698518e-13	6.264081486e-11	6.256320139e-11	4.818491804e-13	0.768016338	0.7672070009	0.005886675584	
3.212	4.521576816e-11	4.507196012e-11	3.511317104e-13	6.297965628e-11	6.290179695e-11	4.844250411e-13	0.7721737536	0.7713620324	0.005918163299	
3.213	4.546029216e-11	4.531588178e-11	3.530085227e-13	6.332126015e-11	6.324315409e-11	4.870216462e-13	0.7763650869	0.7755509751	0.005949904746	
3.214	4.570680947e-11	4.556179306e-11	3.549004496e-13	6.366565664e-11	6.358730297e-11	4.896392194e-13	0.7805907086	0.7797741998	0.005981902662	
3.215	4.595534187e-11	4.58097157e-11	3.56807654e-13	6.401287631e-11	6.393427419e-11	4.922779874e-13	0.7848509944	0.7840320821	0.006014159821	
3.216	4.620591144e-11	4.605967175e-11	3.587303013e-13	6.43629502e-11	6.428409875e-11	4.949381801e-13	0.7891463254	0.7883250033	0.006046679037	
3.217	4.645854054e-11	4.631168353e-11	3.606685589e-13	6.471590971e-11	6.463680808e-11	4.976200304e-13	0.7934770876	0.7926533494	0.006079463161	
3.218	4.671325186e-11	4.656577371e-11	3.626225964e-13	6.507178673e-11	6.499243405e-11	5.003237744e-13	0.7978436728	0.7970175121	0.006112515081	
3.219	4.697006839e-11	4.682196524e-11	3.645925861e-13	6.543061355e-11	6.535100897e-11	5.030496515e-13	0.8022464778	0.8014178883	0.006145837728	
3.22	4.722901345e-11	4.708028143e-11	3.665787023e-13	6.579242294e-11	6.57125656e-11	5.057979043e-13	0.8066859052	0.8058548808	0.006179434071	
3.221	4.749011068e-11	4.734074586e-11	3.685811218e-13	6.615724812e-11	6.607713716e-11	5.085687789e-13	0.811162363	0.8103288976	0.006213307121	
3.222	4.775338404e-11	4.760338249e-11	3.706000238e-13	6.652512276e-11	6.644475732e-11	5.113625244e-13	0.8156762652	0.8148403526	0.006247459929	
3.223	4.801885785e-11	4.786821558e-11	3.726355902e-13	6.689608102e-11	6.681546024e-11	5.141793939e-13	0.8202280314	0.8193896656	0.006281895591	
3.224	4.828655675e-11	4.813526975e-11	3.746880051e-13	6.727015752e-11	6.718928055e-11	5.170196437e-13	0.8248180872	0.8239772621	0.006316617243	
3.225	4.855650572e-11	4.840456995e-11	3.767574553e-13	6.76473874e-11	6.756625338e-11	5.198835335e-13	0.8294468641	0.8286035738	0.006351628066	
3.226	4.882873012e-11	4.86761415e-11	3.788441303e-13	6.802780626e-11	6.794641434e-11	5.22771327e-13	0.8341147997	0.8332690384	0.006386931287	
3.227	4.910325565e-11	4.895001007e-11	3.80948222e-13	6.841145024e-11	6.832979957e-11	5.256832914e-13	0.8388223381	0.8379740998	0.006422530175	
3.228	4.938010838e-11	4.92262017e-11	3.830699253e-13	6.879835596e-11	6.87164457e-11	5.286196977e-13	0.8435699293	0.8427192084	0.006458428047	
3.229	4.965931475e-11	4.950474278e-11	3.852094375e-13	6.918856059e-11	6.910638989e-11	5.315808206e-13	0.8483580301	0.8475048207	0.006494628267	
3.23	4.994090157e-11	4.978566011e-11	3.873669589e-13	6.958210183e-11	6.949966984e-11	5.345669388e-13	0.8531871036	0.8523314002	0.006531134244	
3.231	5.022489604e-11	5.006898085e-11	3.895426926e-13	6.99790179e-11	6.989632378e-11	5.375783348e-13	0.8580576196	0.8571994166	0.006567949439	
3.232	5.051132577e-11	5.035473255e-11	3.917368446e-13	7.037934759e-11	7.02963905e-11	5.406152955e-13	0.8629700547	0.8621093467	0.00660507736	
3.233	5.080021873e-11	5.064294317e-11	3.939496236e-13	7.078313025e-11	7.069990934e-11	5.436781113e-13	0.8679248925	0.8670616739	0.006642521564	
3.234	5.109160331e-11	5.093364107e-11	3.961812417e-13	7.119040578e-11	7.110692023e-11	5.467670772e-13	0.8729226234	0.8720568889	0.006680285661	
3.235	5.138550833e-11	5.122685501e-11	3.984319135e-13	7.160121468e-11	7.151746365e-11	5.498824922e-13	0.8779637451	0.8770954894	0.006718373311	
3.236	5.1681963e-11	5.152261418e-11	4.007018571e-13	7.201559803e-11	7.19315807e-11	5.530246598e-13	0.8830487623	0.8821779803	0.006756788228	
3.237	5.198099698e-11	5.18209482e-11	4.029912936e-13	7.243359751e-11	7.234931305e-11	5.561938876e-13	0.8881781874	0.8873048739	0.006795534179	
3.238	5.228264034e-11	5.21218871e-11	4.053004472e-13	7.285525542e-11	7.277070302e-11	5.593904879e-13	0.8933525402	0.8924766901	0.006834614984	
3.239	5.258692361e-11	5.242546138e-11	4.076295455e-13	7.328061468e-11	7.31957935e-11	5.626147773e-13	0.8985723479	0.8976939564	0.006874034522	
3.24	5.289387776e-11	5.273170196e-11	4.099788192e-13	7.370971882e-11	7.362462806e-11	5.658670771e-13	0.9038381459	0.9029572081	0.006913796724	
3.241	5.320353421e-11	5.304064023e-11	4.123485026e-13	7.414261205e-11	7.405725089e-11	5.691477134e-13	0.9091504772	0.9082669883	0.006953905581	
3.242	5.351592486e-11	5.335230805e-11	4.147388331e-13	7.45793392e-11	7.449370684e-11	5.724570169e-13	0.9145098929	0.9136238483	0.006994365143	
3.243	5.383108207e-11	5.366673775e-11	4.171500518e-13	7.50199458e-11	7.493404143e-11	5.757953232e-13	0.9199169525	0.9190283476	0.007035179516	
3.244	5.41490387e-11	5.398396212e-11	4.195824034e-13	7.546447802e-11	7.537830086e-11	5.791629728e-13	0.9253722236	0.9244810539	0.007076352871	
3.245	5.446982807e-11	5.430401448e-11	4.22036136e-13	7.591298277e-11	7.582653201e-11	5.825603113e-13	0.9308762825	0.9299825436	0.007117889436	
3.246	5.479348402e-11	5.462692861e-11	4.245115014e-13	7.636550762e-11	7.627878247e-11	5.859876895e-13	0.936429714	0.9355334018	0.007159793505	
3.247	5.51200409e-11	5.495273882e-11	4.270087553e-13	7.682210087e-11	7.673510056e-11	5.89445463e-13	0.9420331118	0.941134222	0.007202069435	
3.248	5.544953357e-11	5.528147993e-11	4.295281569e-13	7.728281157e-11	7.719553531e-11	5.929339932e-13	0.9476870786	0.9467856072	0.007244721646	
3.249	5.578199741e-11	5.561318728e-11	4.320699695e-13	7.774768948e-11	7.766013651e-11	5.964536466e-13	0.953392226	0.9524881692	0.007287754625	
3.25	5.611746835e-11	5.594789675e-11	4.346344602e-13	7.821678514e-11	7.812895469e-11	6.000047952e-13	0.9591491753	0.9582425292	0.007331172928	
3.251	5.645598286e-11	5.628564478e-11	4.372219003e-13	7.869014985e-11	7.860204115e-11	6.035878166e-13	0.964958557	0.9640493179	0.007374981178	
3.252	5.679757796e-11	5.662646835e-11	4.398325649e-13	7.916783569e-11	7.9079448e-11	6.072030943e-13	0.9708210112	0.9699091757	0.007419184067	
3.253	5.714229125e-11	5.6970405e-11	4.424667334e-13	7.964989556e-11	7.956122812e-11	6.108510172e-13	0.976737188	0.9758227526	0.007463786358	
3.254	5.74901609e-11	5.731749286e-11	4.451246893e-13	8.013638313e-11	8.004743522e-11	6.145319805e-13	0.9827077474	0.9817907088	0.007508792888	
3.255	5.784122565e-11	5.766777064e-11	4.478067207e-13	8.062735296e-11	8.053812382e-11	6.182463851e-13	0.9887333597	0.9878137148	0.007554208566	
3.256	5.819552486e-11	5.802127765e-11	4.505131197e-13	8.112286039e-11	8.103334932e-11	6.219946381e-13	0.9948147053	0.9938924512	0.007600038376	
3.257	5.855309851e-11	5.83780538e-11	4.532441832e-13	8.162296167e-11	8.153316794e-11	6.25777153e-13	1.000952476	1.000027609	0.007646287379	
3.258	5.891398716e-11	5.873813965e-11	4.560002123e-13	8.212771391e-11	8.20376368e-11	6.295943493e-13	1.007147373	1.006219891	0.007692960713	
3.259	5.927823204e-11	5.910157635e-11	4.587815129e-13	8.263717509e-11	8.254681391e-11	6.334466533e-13	1.013400109	1.01247001	0.007740063596	
3.26	5.964587501e-11	5.946840573e-11	4.615883957e-13	8.315140412e-11	8.306075819e-11	6.373344977e-13	1.019711409	1.018778691	0.007787601325	
3.261	6.001695858e-11	5.983867024e-11	4.644211761e-13	8.367046085e-11	8.357952947e-11	6.41258322e-13	1.026082008	1.025146668	0.00783557928	
3.262	6.039152594e-11	6.021241304e-11	4.672801743e-13	8.419440604e-11	8.410318854e-11	6.452185723e-13	1.032512653	1.031574689	0.007884002926	
3.263	6.076962096e-11	6.058967793e-11	4.701657156e-13	8.472330144e-11	8.463179716e-11	6.492157019e-13	1.039004104	1.038063514	0.007932877811	
3.264	6.11512882e-11	6.097050944e-11	4.730781304e-13	8.525720977e-11	8.516541804e-11	6.532501712e-13	1.04555713	1.044613913	0.00798220957	
3.265	6.153657293e-11	6.135495279e-11	4.760177541e-13	8.579619475e-11	8.570411493e-11	6.573224475e-13	1.052172517	1.05122667	0.008032003929	
3.266	6.192552114e-11	6.174305391e-11	4.789849275e-13	8.634032111e-11	8.624795257e-11	6.614330059e-13	1.058851058	1.057902581	0.008082266701	
3.267	6.231817955e-11	6.213485948e-11	4.819799967e-13	8.688965462e-11	8.679699674e-11	6.655823287e-13	1.065593564	1.064642454	0.008133003791	
3.268	6.271459565e-11	6.253041692e-11	4.850033134e-13	8.744426213e-11	8.735131429e-11	6.697709058e-13	1.072400855	1.071447113	0.008184221201	
3.269	6.311481766e-11	6.292977444e-11	4.880552347e-13	8.800421154e-11	8.791097314e-11	6.739992351e-13	1.079273766	1.078317391	0.008235925025	
3.27	6.351889462e-11	6.333298098e-11	4.911361234e-13	8.856957186e-11	8.847604231e-11	6.782678223e-13	1.086213146	1.085254137	0.008288121454	
3.271	6.392687633e-11	6.374008632e-11	4.942463482e-13	8.914041323e-11	8.904659196e-11	6.825771812e-13	1.093219857	1.092258214	0.008340816781	
3.272	6.433881342e-11	6.415114102e-11	4.973862835e-13	8.971680691e-11	8.962269336e-11	6.869278338e-13	1.100294776	1.099330498	0.008394017397	
3.273	6.475475732e-11	6.456619648e-11	5.005563099e-13	9.029882536e-11	9.020441896e-11	6.913203106e-13	1.107438792	1.10647188	0.008447729798	
3.274	6.517476034e-11	6.498530492e-11	5.037568141e-13	9.088654219e-11	9.079184242e-11	6.957551507e-13	1.114652811	1.113683265	0.008501960584	
3.275	6.559887561e-11	6.540851945e-11	5.069881889e-13	9.148003226e-11	9.138503859e-11	7.002329017e-13	1.121937754	1.120965575	0.008556716461	
3.276	6.602715716e-11	6.583589403e-11	5.102508337e-13	9.207937163e-11	9.198408355e-11	7.047541203e-13	1.129294555	1.128319743	0.008612004245	
3.277	6.64596599e-11	6.626748352e-11	5.135451541e-13	9.268463764e-11	9.258905466e-11	7.093193722e-13	1.136724165	1.135746722	0.008667830865	
3.278	6.689643966e-11	6.670334369e-11	5.168715625e-13	9.329590891e-11	9.320003056e-11	7.139292323e-13	1.144227552	1.143247478	0.00872420336	
3.279	6.733755319e-11	6.714353123e-11	5.202304782e-13	9.391326539e-11	9.381709119e-11	7.185842852e-13	1.151805697	1.150822995	0.008781128887	
3.28	6.77830582e-11	6.758810379e-11	5.23622327e-13	9.453678833e-11	9.444031786e-11	7.232851248e-13	1.159459601	1.158474272	0.00883861472	
3.281	6.823301334e-11	6.803711998e-11	5.270475419e-13	9.516656039e-11	9.50697932e-11	7.280323549e-13	1.167190279	1.166202325	0.008896668253	
3.282	6.868747828e-11	6.849063939e-11	5.305065633e-13	9.580266559e-11	9.570560127e-11	7.328265895e-13	1.174998764	1.174008188	0.008955297004	
3.283	6.914651368e-11	6.894872263e-11	5.339998385e-13	9.644518939e-11	9.634782755e-11	7.376684525e-13	1.182886107	1.181892912	0.009014508615	
3.284	6.961018121e-11	6.941143131e-11	5.375278225e-13	9.709421868e-11	9.699655894e-11	7.425585785e-13	1.190853378	1.189857565	0.009074310855	
3.285	7.007854361e-11	6.987882812e-11	5.410909778e-13	9.774984185e-11	9.765188386e-11	7.474976125e-13	1.198901661	1.197903235	0.009134711625	
3.286	7.055166469e-11	7.035097679e-11	5.446897747e-13	9.841214878e-11	9.83138922e-11	7.524862106e-13	1.207032063	1.206031028	0.009195718957	
3.287	7.102960933e-11	7.082794215e-11	5.483246914e-13	9.908123093e-11	9.898267544e-11	7.575250397e-13	1.215245709	1.214242067	0.00925734102	
3.288	7.151244355e-11	7.130979014e-11	5.51996214e-13	9.975718128e-11	9.965832659e-11	7.62614778e-13	1.223543741	1.222537498	0.009319586121	
3.289	7.200023448e-11	7.179658786e-11	5.557048372e-13	1.004400945e-10	1.003409403e-10	7.677561155e-13	1.231927324	1.230918483	0.009382462707	
3.29	7.249305043e-11	7.228840353e-11	5.594510637e-13	1.011300667e-10	1.010306128e-10	7.729497536e-13	1.24039764	1.239386207	0.00944597937	
3.291	7.299096089e-11	7.278530657e-11	5.632354049e-13	1.01827196e-10	1.017274421e-10	7.781964059e-13	1.248955895	1.247941874	0.009510144849	
3.292	7.349403655e-11	7.328736762e-11	5.670583812e-13	1.025315819e-10	1.024315279e-10	7.834967981e-13	1.257603313	1.25658671	0.009574968032	
3.293	7.400234934e-11	7.379465855e-11	5.709205216e-13	1.032433258e-10	1.031429714e-10	7.888516686e-13	1.266341141	1.265321962	0.009640457962	
3.294	7.451597245e-11	7.430725247e-11	5.748223644e-13	1.039625309e-10	1.03861876e-10	7.942617684e-13	1.275170647	1.274148899	0.009706623836	
3.295	7.503498037e-11	7.48252238e-11	5.787644571e-13	1.046893022e-10	1.045883467e-10	7.997278616e-13	1.284093124	1.283068813	0.009773475013	
3.296	7.555944888e-11	7.534864826e-11	5.827473566e-13	1.054237465e-10	1.053224902e-10	8.052507254e-13	1.293109884	1.292083017	0.009841021012	
3.297	7.608945512e-11	7.587760291e-11	5.867716299e-13	1.061659726e-10	1.060644154e-10	8.108311507e-13	1.302222265	1.30119285	0.009909271521	
3.298	7.66250776e-11	7.641216621e-11	5.908378534e-13	1.069160911e-10	1.06814233e-10	8.164699424e-13	1.311431629	1.310399674	0.009978236397	
3.299	7.716639622e-11	7.695241797e-11	5.949466139e-13	1.076742146e-10	1.075720556e-10	8.221679193e-13	1.32073936	1.319704873	0.01004792567	
3.3	7.771349233e-11	7.749843947e-11	5.990985085e-13	1.08440458e-10	1.08337998e-10	8.279259149e-13	1.33014687	1.329109859	0.01011834954	
3.301	7.826644872e-11	7.805031344e-11	6.032941447e-13	1.092149379e-10	1.09112177e-10	8.337447772e-13	1.339655594	1.338616068	0.01018951841	
3.302	7.88253497e-11	7.86081241e-11	6.07534141e-13	1.099977731e-10	1.098947114e-10	8.396253693e-13	1.349266993	1.348224963	0.01026144284	
3.303	7.939028107e-11	7.91719572e-11	6.118191267e-13	1.107890848e-10	1.106857223e-10	8.4556857e-13	1.358982558	1.357938033	0.0103341336	
3.304	7.996133023e-11	7.974190003e-11	6.161497423e-13	1.115889961e-10	1.11485333e-10	8.515752735e-13	1.368803802	1.367756794	0.01040760164	
3.305	8.053858614e-11	8.031804151e-11	6.2052664e-13	1.123976326e-10	1.12293669e-10	8.576463901e-13	1.378732271	1.377682789	0.01048185811	
3.306	8.112213941e-11	8.090047215e-11	6.249504836e-13	1.132151219e-10	1.13110858e-10	8.637828468e-13	1.388769534	1.387717591	0.01055691436	
3.307	8.171208231e-11	8.148928414e-11	6.294219487e-13	1.140415943e-10	1.139370304e-10	8.699855869e-13	1.398917194	1.397862801	0.01063278196	
3.308	8.23085088e-11	8.208457139e-11	6.339417235e-13	1.148771823e-10	1.147723186e-10	8.762555713e-13	1.409176881	1.40812005	0.01070947266	
3.309	8.29115146e-11	8.268642951e-11	6.385105083e-13	1.15722021e-10	1.156168577e-10	8.825937782e-13	1.419550254	1.418491	0.01078699846	
3.31	8.352119721e-11	8.329495592e-11	6.431290166e-13	1.165762478e-10	1.164707853e-10	8.890012037e-13	1.430039007	1.428977342	0.01086537155	
3.311	8.413765591e-11	8.391024984e-11	6.477979746e-13	1.174400029e-10	1.173342416e-10	8.954788621e-13	1.440644862	1.439580801	0.01094460437	
3.312	8.476099189e-11	8.453241236e-11	6.525181221e-13	1.183134289e-10	1.182073692e-10	9.020277867e-13	1.451369576	1.450303132	0.01102470956	
3.313	8.539130822e-11	8.516154648e-11	6.572902123e-13	1.191966714e-10	1.190903138e-10	9.086490297e-13	1.462214936	1.461146126	0.01110570002	
3.314	8.602870991e-11	8.579775711e-11	6.621150126e-13	1.200898785e-10	1.199832234e-10	9.153436627e-13	1.473182767	1.472111606	0.01118758888	
3.315	8.667330396e-11	8.644115117e-11	6.669933046e-13	1.209932012e-10	1.208862491e-10	9.221127777e-13	1.484274925	1.48320143	0.01127038951	
3.316	8.732519942e-11	8.709183763e-11	6.719258844e-13	1.219067934e-10	1.21799545e-10	9.289574868e-13	1.495493304	1.494417492	0.01135411553	
3.317	8.798450741e-11	8.774992752e-11	6.76913563e-13	1.228308119e-10	1.227232677e-10	9.358789231e-13	1.506839833	1.505761721	0.01143878084	
3.318	8.865134118e-11	8.841553399e-11	6.819571667e-13	1.237654166e-10	1.236575773e-10	9.42878241e-13	1.518316478	1.517236084	0.01152439957	
3.319	8.932581616e-11	8.90887724e-11	6.870575375e-13	1.247107704e-10	1.246026367e-10	9.499566169e-13	1.529925243	1.528842588	0.01161098613	
3.32	9.000805002e-11	8.976976031e-11	6.922155333e-13	1.256670394e-10	1.25558612e-10	9.571152495e-13	1.541668173	1.540583274	0.01169855521	
3.321	9.069816269e-11	9.045861757e-11	6.97432028e-13	1.266343928e-10	1.265256726e-10	9.643553603e-13	1.553547349	1.552460229	0.01178712177	
3.322	9.139627647e-11	9.115546637e-11	7.027079127e-13	1.276130034e-10	1.275039912e-10	9.716781942e-13	1.565564897	1.564475575	0.01187670107	
3.323	9.210251601e-11	9.18604313e-11	7.080440952e-13	1.286030471e-10	1.284937438e-10	9.790850202e-13	1.577722981	1.576631479	0.01196730866	
3.324	9.281700844e-11	9.257363936e-11	7.13441501e-13	1.296047034e-10	1.2949511e-10	9.865771316e-13	1.590023809	1.588930151	0.01205896037	
3.325	9.353988339e-11	9.329522009e-11	7.189010734e-13	1.306181554e-10	1.305082729e-10	9.941558469e-13	1.602469634	1.601373842	0.01215167237	
3.326	9.427127303e-11	9.402530557e-11	7.244237738e-13	1.316435896e-10	1.315334191e-10	1.00182251e-12	1.615062752	1.61396485	0.01224546113	
3.327	9.501131218e-11	9.476403052e-11	7.300105827e-13	1.326811966e-10	1.325707391e-10	1.009578492e-12	1.627805506	1.626705518	0.01234034342	
3.328	9.576013835e-11	9.551153235e-11	7.356624995e-13	1.337311704e-10	1.336204272e-10	1.017425189e-12	1.640700284	1.639598237	0.01243633638	
3.329	9.65178918e-11	9.626795121e-11	7.413805432e-13	1.347937092e-10	1.346826815e-10	1.025364026e-12	1.653749525	1.652645445	0.01253345746	
3.33	9.728471561e-11	9.703343007e-11	7.471657531e-13	1.35869015e-10	1.357577041e-10	1.033396456e-12	1.666955715	1.665849629	0.01263172446	
3.331	9.806075573e-11	9.780811481e-11	7.530191888e-13	1.369572941e-10	1.368457014e-10	1.041523962e-12	1.680321391	1.679213327	0.01273115554	
3.332	9.884616112e-11	9.859215424e-11	7.589419312e-13	1.380587569e-10	1.379468837e-10	1.049748053e-12	1.693849143	1.692739129	0.01283176922	
3.333	9.964108372e-11	9.938570022e-11	7.649350826e-13	1.391736179e-10	1.390614658e-10	1.058070273e-12	1.70754161	1.706429677	0.01293358438	
3.334	1.004456786e-10	1.001889077e-10	7.709997674e-13	1.403020963e-10	1.401896668e-10	1.066492192e-12	1.721401491	1.720287669	0.0130366203	
3.335	1.01260104e-10	1.010019349e-10	7.771371326e-13	1.414444158e-10	1.413317105e-10	1.075015416e-12	1.735431535	1.734315857	0.01314089663	
3.336	1.020845215e-10	1.018249431e-10	7.833483484e-13	1.426008044e-10	1.42487825e-10	1.083641581e-12	1.749634552	1.748517049	0.01324643344	
3.337	1.02919096e-10	1.026580971e-10	7.896346088e-13	1.437714952e-10	1.436582435e-10	1.092372357e-12	1.764013409	1.762894115	0.01335325117	
3.338	1.037639956e-10	1.035015651e-10	7.959971319e-13	1.449567261e-10	1.448432039e-10	1.101209448e-12	1.778571033	1.777449982	0.01346137073	
3.339	1.046193923e-10	1.043555188e-10	8.02437161e-13	1.461567398e-10	1.460429489e-10	1.110154593e-12	1.793310411	1.79218764	0.01357081342	
3.34	1.054854614e-10	1.052201335e-10	8.089559645e-13	1.473717842e-10	1.472577268e-10	1.119209568e-12	1.808234595	1.807110139	0.01368160098	
3.341	1.06362382e-10	1.060955881e-10	8.155548375e-13	1.486021125e-10	1.484877906e-10	1.128376184e-12	1.823346701	1.822220598	0.01379375564	
3.342	1.072503372e-10	1.069820655e-10	8.222351015e-13	1.498479834e-10	1.497333989e-10	1.137656289e-12	1.838649911	1.8375222	0.01390730003	
3.343	1.081495135e-10	1.078797523e-10	8.289981055e-13	1.511096607e-10	1.509948161e-10	1.147051772e-12	1.854147474	1.853018194	0.01402225731	
3.344	1.090601018e-10	1.087888391e-10	8.35845227e-13	1.523874142e-10	1.522723117e-10	1.156564561e-12	1.86984271	1.868711903	0.01413865109	
3.345	1.09982297e-10	1.097095207e-10	8.427778719e-13	1.536815195e-10	1.535661614e-10	1.166196623e-12	1.88573901	1.884606717	0.0142565055	
3.346	1.109162982e-10	1.10641996e-10	8.497974762e-13	1.54992258e-10	1.548766468e-10	1.175949967e-12	1.901839839	1.900706103	0.01437584516	
3.347	1.118623086e-10	1.115864683e-10	8.569055058e-13	1.563199172e-10	1.562040555e-10	1.185826646e-12	1.918148736	1.917013601	0.01449669522	
3.348	1.12820536e-10	1.125431451e-10	8.641034582e-13	1.57664791e-10	1.575486815e-10	1.195828756e-12	1.934669317	1.933532829	0.01461908137	
3.349	1.137911929e-10	1.135122387e-10	8.713928626e-13	1.590271797e-10	1.589108251e-10	1.205958437e-12	1.95140528	1.950267485	0.01474302985	
3.35	1.147744961e-10	1.144939659e-10	8.787752808e-13	1.604073902e-10	1.602907932e-10	1.216217876e-12	1.968360401	1.967221347	0.01486856746	
3.351	1.157706674e-10	1.154885484e-10	8.862523087e-13	1.61805736e-10	1.616888997e-10	1.226609307e-12	1.985538541	1.984398277	0.01499572159	
3.352	1.167799334e-10	1.164962125e-10	8.938255762e-13	1.632225379e-10	1.631054652e-10	1.237135013e-12	2.002943647	2.001802224	0.01512452021	
3.353	1.178025259e-10	1.175171899e-10	9.014967488e-13	1.646581235e-10	1.645408176e-10	1.247797326e-12	2.020579755	2.019437224	0.01525499191	
3.354	1.188386817e-10	1.185517172e-10	9.092675285e-13	1.661128281e-10	1.659952921e-10	1.258598629e-12	2.038450988	2.037307403	0.01538716591	
3.355	1.198886429e-10	1.196000366e-10	9.171396543e-13	1.675869942e-10	1.674692315e-10	1.269541357e-12	2.056561567	2.055416981	0.01552107205	
3.356	1.209526572e-10	1.206623954e-10	9.251149037e-13	1.690809722e-10	1.689629862e-10	1.280628e-12	2.074915803	2.073770273	0.01565674086	
3.357	1.220309779e-10	1.217390467e-10	9.331950932e-13	1.705951205e-10	1.704769148e-10	1.291861103e-12	2.09351811	2.092371693	0.01579420352	
3.358	1.231238638e-10	1.228302495e-10	9.413820799e-13	1.721298057e-10	1.720113839e-10	1.303243267e-12	2.112372999	2.111225753	0.01593349193	
3.359	1.2423158e-10	1.239362683e-10	9.496777624e-13	1.736854026e-10	1.735667684e-10	1.314777151e-12	2.131485087	2.130337072	0.01607463869	
3.36	1.253543973e-10	1.250573741e-10	9.580840815e-13	1.752622948e-10	1.751434522e-10	1.326465475e-12	2.150859096	2.149710374	0.01621767714	
3.361	1.264925932e-10	1.26193844e-10	9.66603022e-13	1.768608748e-10	1.767418277e-10	1.33831102e-12	2.170499858	2.169350491	0.01636264136	
3.362	1.276464511e-10	1.273459613e-10	9.752366135e-13	1.784815442e-10	1.783622966e-10	1.350316629e-12	2.190412317	2.189262371	0.01650956622	
3.363	1.288162613e-10	1.285140162e-10	9.839869316e-13	1.801247138e-10	1.800052701e-10	1.362485211e-12	2.210601534	2.209451074	0.01665848738	
3.364	1.30002321e-10	1.296983057e-10	9.928560995e-13	1.817908043e-10	1.816711687e-10	1.374819742e-12	2.231072687	2.229921781	0.01680944133	
3.365	1.312049341e-10	1.308991335e-10	1.001846289e-12	1.834802463e-10	1.833604233e-10	1.387323265e-12	2.251831078	2.250679794	0.01696246537	
3.366	1.324244119e-10	1.321168106e-10	1.010959722e-12	1.851934803e-10	1.850734745e-10	1.399998895e-12	2.272882133	2.271730543	0.01711759769	
3.367	1.33661073e-10	1.333516556e-10	1.020198671e-12	1.869309578e-10	1.868107739e-10	1.412849818e-12	2.294231409	2.293079585	0.01727487736	
3.368	1.349152436e-10	1.346039945e-10	1.029565464e-12	1.886931406e-10	1.885727835e-10	1.425879295e-12	2.315884596	2.314732612	0.01743434437	
3.369	1.361872578e-10	1.35874161e-10	1.039062479e-12	1.90480502e-10	1.903599766e-10	1.439090663e-12	2.33784752	2.336695451	0.01759603963	
3.37	1.374774575e-10	1.37162497e-10	1.048692155e-12	1.922935265e-10	1.92172838e-10	1.45248734e-12	2.360126148	2.358974073	0.01776000503	
3.371	1.387861932e-10	1.384693528e-10	1.058456984e-12	1.941327106e-10	1.940118641e-10	1.466072821e-12	2.382726594	2.381574591	0.01792628345	
3.372	1.401138237e-10	1.39795087e-10	1.06835952e-12	1.959985625e-10	1.958775635e-10	1.479850688e-12	2.40565512	2.40450327	0.0180949188	
3.373	1.414607167e-10	1.41140067e-10	1.078402377e-12	1.978916035e-10	1.977704574e-10	1.493824605e-12	2.428918141	2.427766527	0.01826595602	
3.374	1.428272489e-10	1.425046694e-10	1.088588231e-12	1.998123671e-10	1.996910797e-10	1.507998327e-12	2.452522232	2.451370938	0.01843944115	
3.375	1.442138063e-10	1.438892798e-10	1.098919824e-12	2.017614005e-10	2.016399776e-10	1.522375699e-12	2.476474131	2.475323243	0.01861542133	
3.376	1.456207845e-10	1.452942938e-10	1.109399962e-12	2.037392644e-10	2.036177118e-10	1.536960659e-12	2.500780744	2.49963035	0.01879394485	
3.377	1.47048589e-10	1.467201165e-10	1.120031521e-12	2.057465335e-10	2.056248574e-10	1.55175724e-12	2.525449148	2.524299339	0.0189750612	
3.378	1.484976353e-10	1.481671634e-10	1.130817447e-12	2.077837969e-10	2.076620035e-10	1.566769576e-12	2.550486602	2.549337469	0.01915882104	
3.379	1.499683497e-10	1.496358602e-10	1.141760758e-12	2.098516588e-10	2.097297545e-10	1.582001902e-12	2.575900547	2.574752183	0.01934527632	
3.38	1.514611689e-10	1.511266438e-10	1.152864546e-12	2.119507387e-10	2.118287301e-10	1.597458556e-12	2.601698613	2.600551113	0.01953448025	
3.381	1.529765411e-10	1.526399618e-10	1.164131981e-12	2.140816718e-10	2.139595655e-10	1.613143987e-12	2.627888627	2.626742089	0.01972648739	
3.382	1.545149259e-10	1.541762736e-10	1.175566311e-12	2.162451099e-10	2.161229127e-10	1.629062754e-12	2.654478615	2.653333138	0.01992135365	
3.383	1.560767945e-10	1.557360503e-10	1.187170865e-12	2.184417213e-10	2.183194404e-10	1.645219531e-12	2.681476814	2.680332498	0.02011913634	
3.384	1.576626305e-10	1.573197752e-10	1.198949058e-12	2.206721921e-10	2.205498345e-10	1.661619108e-12	2.708891672	2.707748621	0.02031989425	
3.385	1.592729301e-10	1.589279442e-10	1.210904388e-12	2.22937226e-10	2.22814799e-10	1.6782664e-12	2.736731859	2.735590178	0.02052368763	
3.386	1.609082024e-10	1.60561066e-10	1.223040445e-12	2.252375452e-10	2.251150563e-10	1.695166445e-12	2.765006276	2.76386607	0.02073057829	
3.387	1.625689701e-10	1.622196631e-10	1.23536091e-12	2.275738911e-10	2.274513479e-10	1.712324412e-12	2.793724054	2.792585433	0.02094062963	
3.388	1.642557693e-10	1.639042715e-10	1.247869559e-12	2.299470248e-10	2.298244351e-10	1.729745603e-12	2.822894571	2.821757646	0.02115390668	
3.389	1.659691509e-10	1.656154415e-10	1.260570263e-12	2.323577276e-10	2.322350993e-10	1.747435457e-12	2.852527454	2.851392336	0.02137047616	
3.39	1.677096801e-10	1.673537382e-10	1.273466998e-12	2.348068019e-10	2.346841431e-10	1.765399556e-12	2.882632589	2.881499392	0.02159040654	
3.391	1.694779376e-10	1.691197418e-10	1.28656384e-12	2.372950717e-10	2.371723907e-10	1.783643626e-12	2.913220129	2.912088969	0.02181376807	
3.392	1.712745196e-10	1.709140483e-10	1.299864975e-12	2.398233834e-10	2.397006885e-10	1.802173548e-12	2.944300503	2.943171499	0.02204063289	
3.393	1.731000386e-10	1.727372698e-10	1.313374697e-12	2.423926064e-10	2.422699062e-10	1.820995355e-12	2.975884426	2.974757697	0.02227107501	
3.394	1.749551239e-10	1.745900354e-10	1.327097417e-12	2.450036342e-10	2.448809374e-10	1.840115243e-12	3.007982907	3.006858573	0.02250517044	
3.395	1.768404221e-10	1.764729912e-10	1.341037661e-12	2.476573848e-10	2.475347002e-10	1.859539574e-12	3.040607258	3.039485443	0.02274299723	
3.396	1.787565977e-10	1.783868012e-10	1.355200079e-12	2.503548018e-10	2.502321384e-10	1.87927488e-12	3.073769108	3.072649937	0.02298463553	
3.397	1.807043335e-10	1.803321482e-10	1.369589443e-12	2.53096855e-10	2.52974222e-10	1.899327872e-12	3.107480409	3.106364008	0.02323016767	
3.398	1.826843317e-10	1.823097338e-10	1.384210659e-12	2.558845416e-10	2.557619482e-10	1.919705444e-12	3.141753452	3.140639948	0.02347967822	
3.399	1.846973141e-10	1.843202794e-10	1.399068765e-12	2.587188869e-10	2.585963426e-10	1.940414676e-12	3.176600872	3.175490395	0.02373325407	
3.4	1.867440231e-10	1.863645269e-10	1.414168936e-12	2.616009455e-10	2.614784598e-10	1.961462847e-12	3.212035666	3.210928347	0.02399098452	
3.401	1.888252221e-10	1.884432394e-10	1.429516491e-12	2.64531802e-10	2.644093846e-10	1.982857435e-12	3.248071204	3.246967175	0.02425296132	
3.402	1.909416963e-10	1.905572017e-10	1.445116898e-12	2.675125722e-10	2.673902329e-10	2.004606128e-12	3.284721238	3.283620633	0.02451927882	
3.403	1.930942538e-10	1.927072213e-10	1.460975777e-12	2.705444044e-10	2.704221531e-10	2.026716829e-12	3.321999922	3.320902875	0.02479003399	
3.404	1.95283726e-10	1.948941291e-10	1.477098905e-12	2.7362848e-10	2.735063267e-10	2.049197664e-12	3.35992182	3.358828466	0.02506532655	
3.405	1.975109684e-10	1.971187804e-10	1.493492222e-12	2.767660152e-10	2.766439701e-10	2.072056991e-12	3.398501924	3.3974124	0.02534525904	
3.406	1.99776862e-10	1.993820554e-10	1.51016184e-12	2.799582621e-10	2.798363354e-10	2.095303403e-12	3.437755668	3.436670111	0.02562993694	
3.407	2.020823134e-10	2.016848603e-10	1.527114041e-12	2.832065099e-10	2.830847118e-10	2.118945744e-12	3.477698944	3.476617494	0.02591946877	
3.408	2.044282565e-10	2.040281284e-10	1.544355293e-12	2.865120861e-10	2.86390427e-10	2.14299311e-12	3.518348121	3.517270914	0.02621396616	
3.409	2.068156529e-10	2.064128207e-10	1.561892246e-12	2.898763583e-10	2.897548486e-10	2.167454863e-12	3.559720056	3.558647232	0.02651354401	
3.41	2.092454932e-10	2.088399274e-10	1.579731748e-12	2.933007351e-10	2.931793853e-10	2.192340638e-12	3.601832119	3.600763817	0.02681832058	
3.411	2.117187981e-10	2.113104683e-10	1.597880845e-12	2.967866683e-10	2.966654889e-10	2.217660353e-12	3.644702208	3.643638566	0.02712841759	
3.412	2.142366192e-10	2.138254947e-10	1.616346791e-12	3.003356538e-10	3.002146553e-10	2.243424221e-12	3.688348768	3.687289926	0.02744396039	
3.413	2.168000405e-10	2.163860897e-10	1.635137056e-12	3.039492338e-10	3.038284267e-10	2.269642758e-12	3.732790814	3.731736909	0.02776507805	
3.414	2.194101795e-10	2.189933702e-10	1.654259332e-12	3.07628998e-10	3.075083928e-10	2.296326793e-12	3.77804795	3.776999119	0.02809190352	
3.415	2.220681883e-10	2.216484876e-10	1.673721542e-12	3.11376586e-10	3.112561932e-10	2.323487485e-12	3.824140393	3.823096773	0.02842457374	
3.416	2.247752551e-10	2.243526293e-10	1.693531849e-12	3.151936887e-10	3.150735186e-10	2.351136329e-12	3.871088994	3.870050719	0.02876322983	
3.417	2.275326055e-10	2.271070201e-10	1.713698664e-12	3.190820505e-10	3.189621133e-10	2.379285171e-12	3.918915266	3.917882469	0.0291080172	
3.418	2.303415038e-10	2.299129237e-10	1.734230653e-12	3.230434711e-10	3.229237771e-10	2.407946222e-12	3.967641404	3.966614217	0.02945908576	
3.419	2.332032548e-10	2.327716438e-10	1.755136752e-12	3.270798081e-10	3.269603673e-10	2.437132068e-12	4.017290318	4.016268868	0.02981659003	
3.42	2.361192052e-10	2.356845263e-10	1.776426173e-12	3.311929787e-10	3.31073801e-10	2.46685569e-12	4.067885655	4.066870066	0.03018068935	
3.421	2.39090745e-10	2.386529604e-10	1.798108414e-12	3.353849626e-10	3.352660576e-10	2.497130471e-12	4.11945183	4.118442226	0.03055154806	
3.422	2.421193097e-10	2.416783805e-10	1.820193272e-12	3.396578041e-10	3.395391811e-10	2.52797022e-12	4.172014059	4.171010556	0.03092933567	
3.423	2.452063818e-10	2.447622681e-10	1.842690854e-12	3.440136145e-10	3.438952826e-10	2.559389182e-12	4.225598387	4.224601099	0.03131422707	
3.424	2.483534925e-10	2.479061534e-10	1.865611586e-12	3.484545754e-10	3.483365434e-10	2.591402056e-12	4.280231722	4.279240757	0.03170640277	
3.425	2.515622241e-10	2.511116176e-10	1.888966231e-12	3.529829409e-10	3.528652173e-10	2.624024014e-12	4.335941872	4.334957333	0.03210604905	
3.426	2.548342117e-10	2.543802946e-10	1.912765897e-12	3.576010411e-10	3.574836336e-10	2.65727072e-12	4.392757581	4.391779563	0.03251335825	
3.427	2.581711457e-10	2.577138736e-10	1.937022053e-12	3.623112845e-10	3.621942007e-10	2.691158347e-12	4.450708565	4.449737157	0.03292852897	
3.428	2.615747736e-10	2.611141008e-10	1.961746542e-12	3.671161621e-10	3.669994089e-10	2.725703598e-12	4.509825553	4.508860835	0.03335176632	
3.429	2.650469027e-10	2.645827822e-10	1.986951596e-12	3.7201825e-10	3.719018337e-10	2.760923729e-12	4.570140332	4.569182376	0.03378328222	
3.43	2.685894025e-10	2.68121786e-10	2.012649854e-12	3.770202136e-10	3.769041397e-10	2.796836568e-12	4.631685786	4.630734654	0.0342232956	
3.431	2.722042076e-10	2.71733045e-10	2.038854374e-12	3.821248109e-10	3.820090844e-10	2.833460542e-12	4.694495948	4.693551691	0.03467203276	
3.432	2.758933196e-10	2.754185596e-10	2.065578655e-12	3.873348968e-10	3.872195215e-10	2.870814697e-12	4.758606044	4.7576687	0.03512972764	
3.433	2.796588111e-10	2.791804005e-10	2.092836649e-12	3.926534268e-10	3.925384059e-10	2.908918726e-12	4.824052547	4.823122142	0.0355966221	
3.434	2.835028278e-10	2.830207118e-10	2.120642787e-12	3.980834617e-10	3.979687972e-10	2.947792997e-12	4.890873229	4.889949775	0.0360729663	
3.435	2.874275922e-10	2.869417141e-10	2.149011991e-12	4.036281722e-10	4.03513865e-10	2.987458578e-12	4.959107218	4.95819071	0.03655901902	
3.436	2.914354066e-10	2.909457079e-10	2.177959702e-12	4.092908434e-10	4.091768931e-10	3.027937267e-12	5.028795059	5.027885474	0.03705504803	
3.437	2.955286569e-10	2.95035077e-10	2.207501896e-12	4.150748799e-10	4.149612848e-10	3.069251624e-12	5.099978772	5.099076069	0.03756133046	
3.438	2.997098163e-10	2.992122924e-10	2.23765511e-12	4.209838113e-10	4.208705683e-10	3.111425004e-12	5.172701922	5.171806041	0.03807815319	
3.439	3.039814487e-10	3.034799159e-10	2.268436463e-12	4.270212977e-10	4.269084019e-10	3.154481588e-12	5.247009687	5.246120543	0.03860581331	
3.44	3.083462135e-10	3.078406043e-10	2.299863684e-12	4.331911354e-10	4.330785802e-10	3.198446424e-12	5.32294893	5.322066413	0.03914461849	
3.441	3.128068692e-10	3.122971139e-10	2.331955139e-12	4.394972636e-10	4.393850404e-10	3.243345456e-12	5.400568275	5.399692251	0.03969488754	
3.442	3.173662787e-10	3.168523045e-10	2.364729854e-12	4.459437702e-10	4.458318682e-10	3.289205573e-12	5.47991819	5.479048494	0.04025695078	
3.443	3.220274132e-10	3.215091449e-10	2.398207548e-12	4.525348992e-10	4.524233055e-10	3.336054645e-12	5.56105107	5.560187507	0.04083115065	
3.444	3.267933582e-10	3.262707172e-10	2.432408665e-12	4.59275058e-10	4.591637569e-10	3.383921566e-12	5.644021328	5.643163667	0.0414178422	
3.445	3.316673179e-10	3.311402227e-10	2.467354402e-12	4.661688245e-10	4.660577978e-10	3.432836305e-12	5.728885491	5.728033463	0.04201739365	
3.446	3.366526215e-10	3.361209872e-10	2.503066744e-12	4.73220956e-10	4.731101823e-10	3.482829947e-12	5.815702296	5.814855594	0.04263018702	
3.447	3.417527289e-10	3.412164669e-10	2.539568504e-12	4.804363969e-10	4.803258517e-10	3.533934753e-12	5.9045328	5.903691073	0.04325661873	
3.448	3.469712369e-10	3.464302548e-10	2.576883356e-12	4.878202885e-10	4.877099437e-10	3.586184206e-12	5.99544049	5.994603337	0.04389710027	
3.449	3.523118858e-10	3.517660872e-10	2.615035875e-12	4.953779779e-10	4.952678016e-10	3.639613072e-12	6.0884914	6.087658372	0.04455205891	
3.45	3.577785666e-10	3.572278508e-10	2.654051583e-12	5.031150284e-10	5.030049846e-10	3.694257456e-12	6.183754239	6.182924829	0.04522193841	
3.451	3.633753281e-10	3.628195899e-10	2.693956989e-12	5.110372303e-10	5.109272782e-10	3.750154872e-12	6.281300519	6.28047416	0.04590719983	
3.452	3.691063853e-10	3.685455145e-10	2.734779638e-12	5.191506118e-10	5.19040706e-10	3.807344301e-12	6.381204697	6.380380757	0.04660832232	
3.453	3.749761268e-10	3.744100082e-10	2.776548158e-12	5.274614512e-10	5.273515409e-10	3.865866268e-12	6.483544325	6.482722101	0.047325804	
3.454	3.809891246e-10	3.804176373e-10	2.819292316e-12	5.359762897e-10	5.358663182e-10	3.925762913e-12	6.588400203	6.587578915	0.0480601629	
3.455	3.871501427e-10	3.865731601e-10	2.86304307e-12	5.447019445e-10	5.445918491e-10	3.98707807e-12	6.695856547	6.695035335	0.04881193788	
3.456	3.934641472e-10	3.928815363e-10	2.907832627e-12	5.536455234e-10	5.535352346e-10	4.049857352e-12	6.806001169	6.80517908	0.04958168968	
3.457	3.999363171e-10	3.993479381e-10	2.953694507e-12	5.628144398e-10	5.627038805e-10	4.114148237e-12	6.918925659	6.918101644	0.05037000201	
3.458	4.065720548e-10	4.059777609e-10	3.000663606e-12	5.722164285e-10	5.721055139e-10	4.18000016e-12	7.034725586	7.033898491	0.05117748268	
3.459	4.133769986e-10	4.127766353e-10	3.048776266e-12	5.818595632e-10	5.817481998e-10	4.247464616e-12	7.15350071	7.152669269	0.05200476484	
3.46	4.203570347e-10	4.197504394e-10	3.09807035e-12	5.917522744e-10	5.916403595e-10	4.316595259e-12	7.275355208	7.27451803	0.05285250823	
3.461	4.27518311e-10	4.269053123e-10	3.148585314e-12	6.019033688e-10	6.017907894e-10	4.387448017e-12	7.400397908	7.399553471	0.05372140059	
3.462	4.348672512e-10	4.342476683e-10	3.200362297e-12	6.123220495e-10	6.122086819e-10	4.460081208e-12	7.528742551	7.527889189	0.05461215907	
3.463	4.424105698e-10	4.41784212e-10	3.2534442e-12	6.230179385e-10	6.229036469e-10	4.534555665e-12	7.660508054	7.659643945	0.05552553178	
3.464	4.501552884e-10	4.495219541e-10	3.307875787e-12	6.340010994e-10	6.338857352e-10	4.610934866e-12	7.795818805	7.794941958	0.05646229945	
3.465	4.581087529e-10	4.574682291e-10	3.363703776e-12	6.452820624e-10	6.451654632e-10	4.689285079e-12	7.934804966	7.93391321	0.05742327711	
3.466	4.662786517e-10	4.656307131e-10	3.42097695e-12	6.56871851e-10	6.567538393e-10	4.76967551e-12	8.077602805	8.07669377	0.05840931597	
3.467	4.746730355e-10	4.740174433e-10	3.479746263e-12	6.687820101e-10	6.686623919e-10	4.852178459e-12	8.224355046	8.223426149	0.0594213054	
3.468	4.833003379e-10	4.826368394e-10	3.540064961e-12	6.810246362e-10	6.809032e-10	4.936869494e-12	8.375211239	8.374259667	0.06046017497	
3.469	4.921693983e-10	4.914977252e-10	3.601988709e-12	6.936124099e-10	6.934889247e-10	5.02382763e-12	8.530328169	8.529350857	0.06152689671	
3.47	5.012894851e-10	5.006093527e-10	3.665575723e-12	7.065586301e-10	7.064328443e-10	5.113135518e-12	8.689870274	8.688863887	0.06262248747	
3.471	5.106703217e-10	5.099814278e-10	3.730886915e-12	7.198772512e-10	7.197488906e-10	5.204879655e-12	8.854010112	8.852971022	0.06374801142	
3.472	5.20322114e-10	5.196241371e-10	3.797986044e-12	7.335829229e-10	7.334516885e-10	5.299150597e-12	9.022928848	9.021853106	0.06490458281	
3.473	5.302555794e-10	5.295481777e-10	3.866939882e-12	7.476910321e-10	7.475565986e-10	5.396043198e-12	9.19681678	9.195700094	0.06609336878	
3.474	5.404819786e-10	5.397647879e-10	3.937818383e-12	7.622177489e-10	7.620797619e-10	5.495656857e-12	9.375873905	9.374711608	0.06731559248	
3.475	5.510131492e-10	5.502857816e-10	4.010694877e-12	7.771800754e-10	7.770381492e-10	5.598095781e-12	9.560310526	9.559097544	0.06857253634	
3.476	5.61861542e-10	5.611235838e-10	4.085646259e-12	7.92595898e-10	7.924496128e-10	5.703469277e-12	9.750347901	9.74907872	0.06986554559	
3.477	5.730402601e-10	5.722912698e-10	4.162753212e-12	8.084840442e-10	8.083329431e-10	5.811892052e-12	9.946218944	9.944887571	0.07119603202	
3.478	5.84563101e-10	5.83802607e-10	4.242100427e-12	8.24864343e-10	8.24707929e-10	5.92348454e-12	10.14816898	10.1467689	0.07256547802	
3.479	5.964446014e-10	5.956720997e-10	4.323776853e-12	8.417576905e-10	8.415954227e-10	6.038373257e-12	10.35645656	10.3549807	0.07397544091	
3.48	6.087000864e-10	6.079150376e-10	4.407875957e-12	8.591861205e-10	8.590174104e-10	6.156691171e-12	10.57135432	10.56979499	0.07542755756	
3.481	6.213457216e-10	6.205475484e-10	4.494496005e-12	8.771728804e-10	8.769970878e-10	6.27857811e-12	10.79314994	10.79149878	0.0769235494	
3.482	6.343985701e-10	6.335866538e-10	4.583740366e-12	8.957425135e-10	8.955589416e-10	6.404181193e-12	11.02214718	11.0203951	0.07846522773	
3.483	6.478766535e-10	6.470503308e-10	4.675717834e-12	9.149209476e-10	9.147288381e-10	6.533655298e-12	11.25866694	11.25680407	0.08005449953	
3.484	6.617990185e-10	6.609575773e-10	4.770542983e-12	9.34735591e-10	9.345341186e-10	6.667163564e-12	11.50304846	11.50106406	0.08169337358	
3.485	6.761858082e-10	6.753284838e-10	4.868336537e-12	9.552154365e-10	9.55003703e-10	6.804877928e-12	11.75565066	11.75353306	0.08338396723	
3.486	6.910583401e-10	6.901843104e-10	4.969225781e-12	9.76391174e-10	9.761682014e-10	6.946979712e-12	12.01685347	12.01458997	0.08512851349	
3.487	7.064391902e-10	7.05547571e-10	5.073344997e-12	9.982953128e-10	9.980600361e-10	7.093660249e-12	12.28705939	12.28463617	0.08692936886	
3.488	7.223522847e-10	7.214421237e-10	5.180835935e-12	1.020962314e-09	1.020713573e-09	7.245121561e-12	12.56669511	12.56409716	0.08878902166	
3.489	7.388229991e-10	7.378932702e-10	5.291848326e-12	1.044428735e-09	1.044165266e-09	7.401577095e-12	12.85621335	12.85342429	0.09071010114	
3.49	7.558782667e-10	7.549278633e-10	5.406540432e-12	1.068733387e-09	1.068453812e-09	7.563252512e-12	13.15609473	13.15309675	0.09269538723	
3.491	7.73546696e-10	7.725744236e-10	5.525079644e-12	1.093917503e-09	1.09362032e-09	7.730386552e-12	13.46684996	13.46362366	0.09474782116	
3.492	7.918586998e-10	7.908632679e-10	5.647643134e-12	1.120024929e-09	1.1197085e-09	7.903231959e-12	13.78902213	13.78554636	0.09687051699	
3.493	8.108466344e-10	8.098266477e-10	5.77441855e-12	1.147102323e-09	1.146764862e-09	8.082056494e-12	14.12318924	14.11944096	0.09906677403	
3.494	8.305449539e-10	8.294989024e-10	5.905604784e-12	1.175199381e-09	1.174838936e-09	8.267144033e-12	14.46996695	14.46592102	0.1013400905	
3.495	8.50990377e-10	8.499166251e-10	6.0414128e-12	1.204369077e-09	1.203983518e-09	8.458795757e-12	14.83001164	14.82564063	0.103694178	
3.496	8.722220711e-10	8.711188457e-10	6.182066536e-12	1.234667934e-09	1.234254934e-09	8.657331451e-12	15.20402367	15.19929765	0.1061329781	
3.497	8.942818534e-10	8.931472305e-10	6.327803886e-12	1.266156313e-09	1.265713326e-09	8.863090918e-12	15.59275109	15.58763735	0.108660679	
3.498	9.172144125e-10	9.160463025e-10	6.478877772e-12	1.298898734e-09	1.298422979e-09	9.076435523e-12	15.99699355	15.99145636	0.1112817354	
3.499	9.410675515e-10	9.398636825e-10	6.635557311e-12	1.332964234e-09	1.332452665e-09	9.297749873e-12	16.41760677	16.41160705	0.1140008888	
3.5	9.658924556e-10	9.646503559e-10	6.7981291e-12	1.368426753e-09	1.367876035e-09	9.527443661e-12	16.85550733	16.84900232	0.1168231904	
3.501	9.917439883e-10	9.904609653e-10	6.966898608e-12	1.405365564e-09	1.404772044e-09	9.765953682e-12	17.31167803	17.30462093	0.1197540262	
3.502	1.018681017e-09	1.017354135e-09	7.142191712e-12	1.443865748e-09	1.443225419e-09	1.001374604e-11	17.78717381	17.77951332	0.1227991439	
3.503	1.046766774e-09	1.04539283e-09	7.324356379e-12	1.48401872e-09	1.483327187e-09	1.027131857e-11	18.28312823	18.27480812	0.1259646834	
3.504	1.076069257e-09	1.07464475e-09	7.513764513e-12	1.525922808e-09	1.525175244e-09	1.053920352e-11	18.80076076	18.79171933	0.1292572091	
3.505	1.106661671e-09	1.105182774e-09	7.710813987e-12	1.569683902e-09	1.568875004e-09	1.081797043e-11	19.34138475	19.33155425	0.1326837468	
3.506	1.138622923e-09	1.137085445e-09	7.91593088e-12	1.615416167e-09	1.614540103e-09	1.110822944e-11	19.90641639	19.89572236	0.1362518233	
3.507	1.172038169e-09	1.170437517e-09	8.129571951e-12	1.663242846e-09	1.662293196e-09	1.141063477e-11	20.49738464	20.48574518	0.1399695103	
3.508	1.206999426e-09	1.205330561e-09	8.352227361e-12	1.713297149e-09	1.712266841e-09	1.172588872e-11	21.11594228	21.10326723	0.1438454734	
3.509	1.243606254e-09	1.241863641e-09	8.584423693e-12	1.765723244e-09	1.764604479e-09	1.205474599e-11	21.76387833	21.75006834	0.1478890262	
3.51	1.281966523e-09	1.280144073e-09	8.8267273e-12	1.820677375e-09	1.819461548e-09	1.239801854e-11	22.44313185	22.42807733	0.1521101893	
3.511	1.322197265e-09	1.320288273e-09	9.079748009e-12	1.878329107e-09	1.87700671e-09	1.275658089e-11	23.1558075	23.13938746	0.1565197574	
3.512	1.364425638e-09	1.362422714e-09	9.344143254e-12	1.93886273e-09	1.937423246e-09	1.313137617e-11	23.90419298	23.8862737	0.1611293727	
3.513	1.408790005e-09	1.40668499e-09	9.620622662e-12	2.00247883e-09	2.000910617e-09	1.352342267e-11	24.69077862	24.67121214	0.1659516072	
3.514	1.455441158e-09	1.453225034e-09	9.909953185e-12	2.069396073e-09	2.067686228e-09	1.39338213e-11	25.51827958	25.496902	0.1710000543	
3.515	1.50454369e-09	1.502206476e-09	1.021296482e-11	2.139853209e-09	2.137987415e-09	1.436376386e-11	26.38966077	26.36629032	0.1762894313	
3.516	1.556277554e-09	1.553808188e-09	1.053055701e-11	2.214111348e-09	2.212073695e-09	1.481454228e-11	27.3081652	27.28260006	0.1818356944	
3.517	1.610839833e-09	1.608226035e-09	1.086370586e-11	2.292456533e-09	2.290229328e-09	1.528755907e-11	28.27734608	28.24936187	0.1876561671	
3.518	1.668446743e-09	1.665674867e-09	1.121347216e-11	2.375202678e-09	2.372766209e-09	1.578433894e-11	29.30110332	29.27045023	0.1937696852	
3.519	1.729335922e-09	1.726390775e-09	1.158101052e-11	2.462694895e-09	2.46002718e-09	1.6306542e-11	30.38372505	30.35012464	0.2001967597	
3.52	1.79376904e-09	1.790633683e-09	1.196757961e-11	2.555313314e-09	2.552389798e-09	1.685597858e-11	31.52993516	31.49307655	0.2069597608	
3.521	1.862034781e-09	1.858690298e-09	1.237455374e-11	2.653477431e-09	2.65027065e-09	1.743462605e-11	32.74494748	32.70448316	0.2140831256	
3.522	1.934452259e-09	1.930877495e-09	1.280343597e-11	2.757651105e-09	2.754130294e-09	1.804464776e-11	34.0345281	33.99006894	0.2215935938	
3.523	2.01137495e-09	2.007546202e-09	1.325587303e-11	2.868348296e-09	2.864478938e-09	1.868841467e-11	35.40506677	35.35617642	0.2295204754	
3.524	2.093195206e-09	2.089085872e-09	1.373367222e-11	2.986139663e-09	2.981882968e-09	1.936852989e-11	36.86365922	36.80984754	0.2378959546	
3.525	2.180349465e-09	2.175929638e-09	1.423882072e-11	3.111660176e-09	3.106972484e-09	2.008785663e-11	38.41820201	38.35891757	0.2467554366	
3.526	2.273324266e-09	2.268560262e-09	1.477350763e-11	3.245617912e-09	3.240449994e-09	2.084955015e-11	40.07750218	40.0121235	0.2561379443	
3.527	2.372663211e-09	2.367517022e-09	1.534014916e-11	3.388804228e-09	3.383100485e-09	2.165709436e-11	41.8514041	41.77922954	0.2660865712	
3.528	2.478975027e-09	2.47340369e-09	1.594141754e-11	3.542105554e-09	3.535803077e-09	2.251434371e-11	43.75093647	43.67117251	0.2766490017	
3.529	2.592942922e-09	2.586897779e-09	1.658027419e-11	3.706517073e-09	3.699544557e-09	2.342557139e-11	45.78848289	45.70023046	0.2878781086	
3.53	2.71533544e-09	2.708761278e-09	1.726000793e-11	3.883158593e-09	3.875435072e-09	2.439552472e-11	47.97797987	47.88021847	0.2998326411	
3.531	2.84701906e-09	2.839853114e-09	1.798427895e-11	4.073292987e-09	4.064726356e-09	2.542948909e-11	50.33514671	50.22671589	0.3125780169	
3.532	2.988972817e-09	2.981143602e-09	1.87571696e-11	4.278347567e-09	4.268832869e-09	2.653336164e-11	52.87775212	52.75732996	0.3261872375	
3.533	3.142305217e-09	3.133731177e-09	1.958324296e-11	4.499938849e-09	4.48935627e-09	2.77137364e-11	55.62592305	55.49200107	0.3407419443	
3.534	3.308273776e-09	3.2988617e-09	2.046761054e-11	4.739901123e-09	4.728113673e-09	2.897800263e-11	58.60250107	58.45335507	0.3563336392	
3.535	3.488307433e-09	3.477950631e-09	2.141601041e-11	5.000319256e-09	4.987170068e-09	3.033445833e-11	61.83345143	61.66710771	0.3730650935	
3.536	3.68403208e-09	3.67260827e-09	2.243489727e-11	5.283566036e-09	5.268875258e-09	3.179244112e-11	65.34832881	65.1625251	0.3910519726	
3.537	3.897299262e-09	3.884668147e-09	2.353154597e-11	5.592344152e-09	5.575905374e-09	3.336247873e-11	69.18080072	68.97294145	0.4104247029	
3.538	4.130217836e-09	4.116218354e-09	2.471416995e-11	5.929732492e-09	5.911308691e-09	3.505646105e-11	73.36922461	73.13633011	0.431330608	
3.539	4.385187876e-09	4.36963512e-09	2.599205577e-11	6.299235687e-09	6.278554697e-09	3.688783561e-11	77.9572652	77.69591484	0.4539363337	
3.54	4.664935253e-09	4.647617112e-09	2.737571413e-11	6.704834608e-09	6.681584159e-09	3.887182691e-11	82.9945231	82.70079316	0.4784305687	
3.541	4.972543978e-09	4.953217581e-09	2.887704665e-11	7.151033484e-09	7.124855971e-09	4.102567851e-11	88.53712036	88.20651852	0.5050270463	
3.542	5.311481223e-09	5.289869408e-09	3.050952535e-11	7.642896182e-09	7.613383463e-09	4.33689133e-11	94.64814951	94.27554962	0.5339677684	
3.543	5.685606779e-09	5.661394946e-09	3.228837812e-11	8.186059481e-09	8.152748237e-09	4.592360199e-11	101.3978332	100.9774172	0.5655263279	
3.544	6.099154106e-09	6.071988058e-09	3.423076803e-11	8.786704429e-09	8.749072982e-09	4.871462188e-11	108.8631577	108.3883759	0.6000111024	
3.545	6.556664068e-09	6.526149781e-09	3.635594608e-11	9.451457943e-09	9.408925924e-09	5.176987579e-11	117.1266307	116.5901976	0.6377679414	
3.546	7.062845285e-09	7.028552002e-09	3.868534609e-11	1.018718628e-08	1.013911918e-08	5.512042511e-11	126.2736836	125.6676352	0.6791817718	
3.547	7.622328521e-09	7.583797045e-09	4.124257751e-11	1.100063244e-08	1.09463538e-08	5.880047178e-11	136.388116	135.7039629	0.7246763031	
3.548	8.239280828e-09	8.196039351e-09	4.405325933e-11	1.189784703e-08	1.183666179e-08	6.284710565e-11	147.5449529	146.7739728	0.7747107874	
3.549	8.916856279e-09	8.868446143e-09	4.714463244e-11	1.288337868e-08	1.281461106e-08	6.729972538e-11	159.8002886	158.9340017	0.8297726868	
3.55	9.656495637e-09	9.602508729e-09	5.054489953e-11	1.395924233e-08	1.388229088e-08	7.219905805e-11	173.1783505	172.2092096	0.8903653178	
3.551	1.045715787e-08	1.039728533e-08	5.428228226e-11	1.512378771e-08	1.503819698e-08	7.758576351e-11	187.6573217	186.57961	0.9569903046	
3.552	1.131466767e-08	1.124875615e-08	5.838386064e-11	1.637073965e-08	1.627628296e-08	8.34987198e-11	203.1573298	201.9681976	1.030126066	
3.553	1.222145322e-08	1.214956129e-08	6.287434587e-11	1.768881464e-08	1.758557683e-08	8.997321407e-11	219.5356808	218.2361811	1.110205167	
3.554	1.316693844e-08	1.30893836e-08	6.777497776e-11	1.906230266e-08	1.895074911e-08	9.703932182e-11	236.5942184	235.1901683	1.197594097	
3.555	1.413865068e-08	1.405604001e-08	7.310266327e-11	2.047270466e-08	2.035372601e-08	1.047206475e-10	254.0999415	252.6024774	1.292577659	
3.556	1.51237393e-08	1.503698069e-08	7.886930385e-11	2.19009761e-08	2.177590423e-08	1.130333498e-10	271.8132326	270.2390051	1.395347019	
3.557	1.611031419e-08	1.602060431e-08	8.50811683e-11	2.332950511e-08	2.320009506e-08	1.219852412e-10	289.5127528	287.8836947	1.505988733	
3.558	1.70881222e-08	1.699689749e-08	9.173833278e-11	2.474311343e-08	2.461147095e-08	1.315749908e-10	307.0080491	305.3504654	1.624475142	
3.559	1.804858613e-08	1.795741706e-08	9.883445777e-11	2.612911503e-08	2.599754083e-08	1.41791832e-10	324.1402902	322.4829077	1.750661107	
3.56	1.898467964e-08	1.889511156e-08	1.063569095e-10	2.747712914e-08	2.734788454e-08	1.526157892e-10	340.7798669	339.150898	1.884287388	
3.561	1.989102345e-08	1.98044231e-08	1.142861541e-10	2.877921812e-08	2.865429829e-08	1.640168618e-10	356.8280373	355.252334	2.024971211	
3.562	2.076405041e-08	2.068156373e-08	1.225923243e-10	3.00301297e-08	2.991119966e-08	1.759500841e-10	372.2199191	370.7181511	2.17214558	
3.563	2.160169619e-08	2.152439985e-08	1.312275712e-10	3.122684757e-08	3.111546216e-08	1.883444166e-10	386.9188938	385.510271	2.324921711	
3.564	2.24022859e-08	2.233150852e-08	1.401159415e-10	3.236696464e-08	3.226503789e-08	2.010879983e-10	400.8963443	399.6044566	2.481905882	
3.565	2.316296361e-08	2.310062137e-08	1.49146277e-10	3.344638384e-08	3.335668119e-08	2.140177828e-10	414.1029785	412.9619393	2.641070491	
3.566	2.387855416e-08	2.382727991e-08	1.581747291e-10	3.445764691e-08	3.43839771e-08	2.269231994e-10	426.4479304	425.5047994	2.799799295	
3.567	2.454163711e-08	2.450453369e-08	1.670399666e-10	3.539003261e-08	3.533689176e-08	2.395683387e-10	437.7998659	437.1102664	2.955162952	
3.568	2.514387908e-08	2.512388875e-08	1.755874396e-10	3.623149459e-08	3.620314931e-08	2.517273677e-10	448.0109874	447.6277467	3.104359064	
3.569	2.567791962e-08	2.567700832e-08	1.836933263e-10	3.697140927e-08	3.697070775e-08	2.632194966e-10	456.9511411	456.9095334	3.245146828	
3.57	2.613894754e-08	2.615745673e-08	1.912779982e-10	3.760287275e-08	3.763029682e-08	2.739286777e-10	464.5363278	464.8422818	3.376092085	
3.571	2.652553527e-08	2.656205254e-08	1.983039426e-10	3.812391335e-08	3.817738248e-08	2.838006419e-10	470.7437281	471.3713392	3.496530929	
3.572	2.683978147e-08	2.689169337e-08	2.047612751e-10	3.853769396e-08	3.861335968e-08	2.928218267e-10	475.6141636	476.5154704	3.6063082	
3.573	2.708696844e-08	2.715157744e-08	2.106502618e-10	3.885200817e-08	3.894586773e-08	3.009938913e-10	479.2457923	480.3707043	3.705460759	
3.574	2.727485561e-08	2.735072303e-08	2.159703253e-10	3.907825125e-08	3.918809065e-08	3.083176203e-10	481.7813221	483.1016366	3.794016818	
3.575	2.741261937e-08	2.750072939e-08	2.20718572e-10	3.922988556e-08	3.935696531e-08	3.147906831e-10	483.3890197	484.9192692	3.871967092	
3.576	2.750938782e-08	2.761378784e-08	2.248928592e-10	3.932032905e-08	3.947031477e-08	3.204120734e-10	484.2366537	486.0456362	3.939319363	
3.577	2.757236356e-08	2.770006723e-08	2.284914179e-10	3.93602572e-08	3.954308775e-08	3.251816635e-10	484.4582572	486.6674613	3.996093437	
3.578	2.76047683e-08	2.776489186e-08	2.31505392e-10	3.935465188e-08	3.958330364e-08	3.290895443e-10	484.1178014	486.8862234	4.042190216	
3.579	2.760420483e-08	2.780652916e-08	2.339083457e-10	3.930044757e-08	3.95888728e-08	3.321009117e-10	483.180218	486.6790016	4.077205398	
3.58	2.756225485e-08	2.781558674e-08	2.356515995e-10	3.918594354e-08	3.954672061e-08	3.341491979e-10	481.5041196	485.887646	4.100343994	
3.581	2.746599385e-08	2.777674149e-08	2.36672889e-10	3.899295324e-08	3.943524512e-08	3.351482147e-10	478.8681273	484.2489029	4.110568175	
3.582	2.730153785e-08	2.76728044e-08	2.369192671e-10	3.870185216e-08	3.923010921e-08	3.350246542e-10	475.0327746	481.4654792	4.106995215	
3.583	2.705882743e-08	2.749015146e-08	2.363768454e-10	3.829839112e-08	3.891198155e-08	3.337604129e-10	469.8240785	477.3010252	4.08941634	
3.584	2.673597111e-08	2.722368361e-08	2.350942454e-10	3.777988567e-08	3.847360897e-08	3.3142604e-10	463.2094773	471.6669248	4.058707158	
3.585	2.634127438e-08	2.687929929e-08	2.331871819e-10	3.715811529e-08	3.79233509e-08	3.281874144e-10	455.3334448	464.665717	4.016910243	
3.586	2.589201431e-08	2.647280747e-08	2.308191117e-10	3.645759363e-08	3.728365063e-08	3.242784559e-10	446.4963675	456.5724543	3.966901746	
3.587	2.541064634e-08	2.602591887e-08	2.281635551e-10	3.571018453e-08	3.658534843e-08	3.199478323e-10	437.0886169	447.7650776	3.911739549	
3.588	2.492030939e-08	2.556129775e-08	2.253618158e-10	3.494871526e-08	3.586065272e-08	3.153991078e-10	427.5123072	438.6383147	3.853931007	
3.589	2.444141842e-08	2.50987177e-08	2.224920894e-10	3.420213333e-08	3.513767368e-08	3.107469181e-10	418.1219474	429.536688	3.794896423	
3.59	2.399004229e-08	2.465327585e-08	2.195621606e-10	3.349320665e-08	3.443788174e-08	3.060063364e-10	409.1962711	420.7233467	3.734837883	
3.591	2.357758941e-08	2.423532146e-08	2.165290518e-10	3.283810007e-08	3.377601153e-08	3.011201411e-10	400.9331183	412.3788914	3.673070822	
3.592	2.321083351e-08	2.38510746e-08	2.133374342e-10	3.224646168e-08	3.316096728e-08	2.960125106e-10	393.4506603	404.6125415	3.608678366	
3.593	2.289162044e-08	2.350302027e-08	2.099592752e-10	3.172107999e-08	3.259643509e-08	2.906446416e-10	386.783455	397.4698068	3.541189795	
3.594	2.261625565e-08	2.318969566e-08	2.064159924e-10	3.12570954e-08	3.208065605e-08	2.850461388e-10	380.8730726	390.9299595	3.470964502	
3.595	2.237503732e-08	2.290501954e-08	2.027735094e-10	3.084140157e-08	3.160555653e-08	2.793087283e-10	375.5609826	384.8956618	3.399117537	
3.596	2.215247874e-08	2.263766612e-08	1.991151622e-10	3.045298093e-08	3.115592228e-08	2.735491017e-10	370.5927319	379.1830668	3.327069279	
3.597	2.192862481e-08	2.237117235e-08	1.955082292e-10	3.006472237e-08	3.070955543e-08	2.678627159e-10	365.6400354	373.5237686	3.255984492	
3.598	2.168164475e-08	2.208542734e-08	1.919806339e-10	2.964696205e-08	3.023929702e-08	2.622914753e-10	360.3436833	367.5892862	3.186379422	
3.599	2.139146943e-08	2.175976172e-08	1.885162489e-10	2.917242915e-08	2.971721168e-08	2.568169846e-10	354.3734059	361.0416767	3.118039083	
3.6	2.104360547e-08	2.137704554e-08	1.850665274e-10	2.862142079e-08	2.912013357e-08	2.513763014e-10	347.490478	353.6005941	3.05020766	
3.601	2.063181296e-08	2.092744704e-08	1.815692908e-10	2.798542779e-08	2.84347487e-08	2.45887604e-10	339.5915658	345.1047325	2.981899438	
3.602	2.015864464e-08	2.041042806e-08	1.779651976e-10	2.726785363e-08	2.766028507e-08	2.40272753e-10	330.7174006	335.5443331	2.912172304	
3.603	1.963389243e-08	1.983435149e-08	1.742072302e-10	2.648188751e-08	2.680796708e-08	2.344702775e-10	321.0270155	325.0545644	2.840285229	
3.604	1.907197308e-08	1.921419656e-08	1.702641825e-10	2.564693252e-08	2.589790988e-08	2.28440049e-10	310.7544914	313.87795	2.765754815	
3.605	1.848941429e-08	1.856848239e-08	1.661218377e-10	2.478517422e-08	2.495495292e-08	2.221646338e-10	300.1674055	302.3139918	2.68837125	
3.606	1.7902943e-08	1.791631581e-08	1.61784425e-10	2.391898821e-08	2.400468358e-08	2.156509124e-10	289.5354712	290.6711319	2.60821725	
3.607	1.732800609e-08	1.727496497e-08	1.5727607e-10	2.306897148e-08	2.307019947e-08	2.08931718e-10	279.1067946	279.2276997	2.525687255	
3.608	1.677744812e-08	1.665806758e-08	1.526400462e-10	2.225222125e-08	2.216974808e-08	2.020646715e-10	269.0871934	268.2034993	2.441473104	
3.609	1.626039242e-08	1.607457572e-08	1.479342921e-10	2.148090109e-08	2.131536029e-08	1.95126191e-10	259.6230157	257.7434081	2.356491816	
3.61	1.578162767e-08	1.552854856e-08	1.432241803e-10	2.076147371e-08	2.051260499e-08	1.882019345e-10	250.7919802	247.9144759	2.271770587	
3.611	1.53417425e-08	1.501977701e-08	1.385754897e-10	2.009490641e-08	1.976142885e-08	1.81377523e-10	242.605699	238.7160651	2.188335164	
3.612	1.493799507e-08	1.454504607e-08	1.34050019e-10	1.947782577e-08	1.90578175e-08	1.747327657e-10	235.0235867	230.0998417	2.107140376	
3.613	1.456564743e-08	1.409970774e-08	1.297038258e-10	1.890427159e-08	1.839585134e-08	1.683394679e-10	227.9739506	221.994486	2.029043896	
3.614	1.42193083e-08	1.367913807e-08	1.255858749e-10	1.836746983e-08	1.776961462e-08	1.62260049e-10	221.3753116	214.3286384	1.954790083	
3.615	1.389374994e-08	1.327959368e-08	1.21734499e-10	1.786095253e-08	1.717435308e-08	1.56543676e-10	215.1499166	207.0448514	1.884964447	
3.616	1.358381161e-08	1.289810261e-08	1.181705975e-10	1.737853642e-08	1.660642481e-08	1.512184947e-10	209.2236029	200.0991109	1.819901645	
3.617	1.328344273e-08	1.253142446e-08	1.148889477e-10	1.691321201e-08	1.60620802e-08	1.462815572e-10	203.5126198	193.4463492	1.759566003	
3.618	1.298450417e-08	1.217465554e-08	1.118510359e-10	1.64556863e-08	1.553576626e-08	1.416905259e-10	197.9062628	187.0202366	1.703453105	
3.619	1.267627166e-08	1.182038587e-08	1.089833096e-10	1.599371982e-08	1.501905401e-08	1.373618017e-10	192.258912	180.7203481	1.650567762	
3.62	1.234636626e-08	1.145914973e-08	1.061833322e-10	1.551313921e-08	1.450108965e-08	1.33177974e-10	186.4019821	174.4174451	1.599512819	
3.621	1.198309058e-08	1.10812534e-08	1.03333516e-10	1.50005172e-08	1.397068483e-08	1.290041121e-10	180.1757084	167.9782584	1.548682964	
3.622	1.157827844e-08	1.067925346e-08	1.003192107e-10	1.444647876e-08	1.341919784e-08	1.247089775e-10	173.4683989	161.2997007	1.496516893	
3.623	1.112935637e-08	1.024991127e-08	9.704649616e-11	1.384810501e-08	1.284282664e-08	1.201855989e-10	166.2449906	154.3361161	1.441741633	
3.624	1.063970236e-08	9.794716879e-09	9.345574531e-11	1.320935776e-08	1.224324348e-08	1.153665841e-10	158.5521029	147.106843	1.383554103	
3.625	1.011732703e-08	9.318907484e-09	8.95289369e-11	1.253954242e-08	1.162646852e-08	1.102319227e-10	150.4997891	139.6828578	1.321713288	
3.626	9.572720456e-09	8.829699813e-09	8.529027664e-11	1.185078291e-08	1.100080686e-08	1.048089953e-10	142.2315448	132.16228	1.25653986	
3.627	9.016883003e-09	8.334673458e-09	8.080055184e-11	1.115569312e-08	1.037493422e-08	9.91655407e-11	133.8966349	124.6476224	1.188832359	
3.628	8.460120584e-09	7.840859026e-09	7.614651763e-11	1.046593139e-08	9.756785017e-09	9.33972492e-11	125.6329027	117.2325553	1.119719875	
3.629	7.911580905e-09	7.354513416e-09	7.142770665e-11	9.791633058e-09	9.153244292e-09	8.761276132e-11	117.5600155	109.9982189	1.050484211	
3.63	7.379162063e-09	6.881219596e-09	6.674357834e-11	9.141313156e-09	8.570246553e-09	8.19193398e-11	109.7783177	103.0143871	0.9823902297	
3.631	6.869451426e-09	6.425952088e-09	6.218329821e-11	8.521847203e-09	8.012877852e-09	7.641172582e-11	102.3686384	96.3406975	0.9165540815	
3.632	6.387581397e-09	5.992961877e-09	5.781915084e-11	7.938383205e-09	7.485305313e-09	7.116521498e-11	95.39130038	90.0258558	0.8538614918	
3.633	5.937082505e-09	5.585545995e-09	5.370352294e-11	7.394251891e-09	6.990588473e-09	6.623277042e-11	88.88510694	84.10544734	0.794933883	
3.634	5.519856895e-09	5.205852415e-09	4.986886655e-11	6.890995206e-09	6.530522423e-09	6.1645402e-11	82.86771803	78.60011804	0.7401331228	
3.635	5.1363241e-09	4.854830314e-09	4.632984723e-11	6.428563849e-09	6.105623965e-09	5.741484756e-11	77.33801152	73.51543611	0.689593438	
3.636	4.785703554e-09	4.532344105e-09	4.308679271e-11	6.005646025e-09	5.715278785e-09	5.353754887e-11	72.27998403	68.84364603	0.6432685592	
3.637	4.466355799e-09	4.237399765e-09	4.012958547e-11	5.620046872e-09	5.357996449e-09	4.999899521e-11	67.66724186	64.56668792	0.6009831363	
3.638	4.176110159e-09	3.968410733e-09	3.744132498e-11	5.269044938e-09	5.031698925e-09	4.677773186e-11	63.46721476	60.6596072	0.5624801386	
3.639	3.912535433e-09	3.723445578e-09	3.500136137e-11	4.949682489e-09	4.733984324e-09	4.384863511e-11	59.64458465	57.09366811	0.52745955	
3.64	3.673139217e-09	3.5004268e-09	3.278756433e-11	4.658976595e-09	4.462335754e-09	4.118533336e-11	56.16377635	53.83881705	0.4956069537	
3.641	3.455500409e-09	3.297273116e-09	3.077787218e-11	4.394057404e-09	4.214268783e-09	3.876184002e-11	52.9905875	50.86542022	0.4666127947	
3.642	3.25734806e-09	3.111991096e-09	2.895125397e-11	4.152248596e-09	3.987424708e-09	3.655355124e-11	50.09313495	48.14536104	0.4401841352	
3.643	3.076601327e-09	2.942727341e-09	2.728823796e-11	3.931106243e-09	3.779622016e-09	3.453777881e-11	47.44231019	45.6526441	0.4160509169	
3.644	2.911383374e-09	2.787792734e-09	2.577114364e-11	3.728430089e-09	3.588878513e-09	3.269396752e-11	45.01190909	43.36365298	0.3939685011	
3.645	2.760019097e-09	2.645668426e-09	2.438412471e-11	3.542257884e-09	3.41341445e-09	3.100371343e-11	42.77856181	41.25718412	0.3737178561	
3.646	2.621023636e-09	2.515000748e-09	2.311310005e-11	3.370850236e-09	3.251644309e-09	2.945066551e-11	40.72155112	39.31434706	0.3551043727	
3.647	2.493086296e-09	2.394590053e-09	2.194562502e-11	3.21267092e-09	3.102162508e-09	2.802036663e-11	38.82257734	37.51839329	0.3379559648	
3.648	2.37505278e-09	2.283376737e-09	2.087073624e-11	3.066365713e-09	2.96372645e-09	2.670006919e-11	37.06550624	35.85451399	0.3221208724	
3.649	2.26590746e-09	2.180426434e-09	1.987879041e-11	2.930741565e-09	2.835238998e-09	2.547854671e-11	35.43612106	34.30963131	0.3074654214	
3.65	2.164756653e-09	2.084915587e-09	1.896130863e-11	2.804747092e-09	2.715731586e-09	2.434591366e-11	33.92189052	32.87219735	0.2938718809	
3.651	2.070813332e-09	1.996117983e-09	1.811083222e-11	2.687454838e-09	2.604348582e-09	2.329345951e-11	32.51175788	31.53200817	0.2812364905	
3.652	1.983383478e-09	1.913392555e-09	1.732079279e-11	2.578045469e-09	2.500333181e-09	2.231349949e-11	31.19595302	30.28003607	0.2694676881	
3.653	1.901854036e-09	1.836172539e-09	1.658539707e-11	2.475793864e-09	2.403014884e-09	2.139924272e-11	29.96582704	29.10828063	0.2584845418	
3.654	1.825682407e-09	1.763955927e-09	1.589952598e-11	2.380056966e-09	2.311798505e-09	2.054467653e-11	28.81370792	28.00963808	0.2482153767	
3.655	1.754387315e-09	1.696297153e-09	1.525864674e-11	2.29026325e-09	2.226154588e-09	1.974446605e-11	27.73277514	26.97778729	0.2385965808	
3.656	1.687540916e-09	1.632799869e-09	1.465873688e-11	2.205903597e-09	2.145611086e-09	1.899386706e-11	26.71695134	26.00709088	0.2295715704	
3.657	1.62476198e-09	1.573110699e-09	1.409621858e-11	2.126523417e-09	2.069746159e-09	1.828865082e-11	25.76080859	25.09250958	0.2210898964	
3.658	1.565710014e-09	1.516913843e-09	1.356790198e-11	2.051715857e-09	1.998181953e-09	1.762503915e-11	24.85948757	24.22952819	0.213106473	
3.659	1.510080194e-09	1.463926415e-09	1.307093647e-11	1.981115925e-09	1.930579213e-09	1.699964847e-11	24.00862773	23.41409155	0.2055809121	
3.66	1.457598988e-09	1.41389442e-09	1.260276856e-11	1.914395423e-09	1.866632633e-09	1.640944142e-11	23.20430704	22.6425492	0.1984769488	
3.661	1.408020384e-09	1.366589276e-09	1.216110559e-11	1.851258563e-09	1.806066827e-09	1.585168518e-11	22.44298978	21.91160745	0.1917619453	
3.662	1.361122616e-09	1.321804804e-09	1.17438844e-11	1.791438169e-09	1.748632842e-09	1.532391528e-11	21.72148137	21.21828783	0.1854064611	
3.663	1.316705337e-09	1.279354615e-09	1.134924416e-11	1.734692382e-09	1.694105119e-09	1.482390435e-11	21.03688914	20.55989103	0.1793838809	
3.664	1.274587158e-09	1.239069854e-09	1.097550288e-11	1.680801794e-09	1.642278869e-09	1.434963496e-11	20.38658822	19.93396551	0.1736700916	
3.665	1.234603513e-09	1.200797218e-09	1.062113697e-11	1.629566955e-09	1.592967766e-09	1.389927595e-11	19.76819187	19.33828016	0.1682432009	
3.666	1.196604795e-09	1.164397246e-09	1.028476345e-11	1.580806193e-09	1.546001948e-09	1.347116189e-11	19.17952551	18.77080043	0.1630832928	
3.667	1.160454725e-09	1.129742815e-09	9.965124495e-12	1.534353709e-09	1.50122626e-09	1.306377502e-11	18.61860404	18.22966737	0.1581722126	
3.668	1.126028933e-09	1.09671783e-09	9.661073835e-12	1.490057907e-09	1.458498714e-09	1.26757296e-11	18.08361192	17.71317935	0.1534933802	
3.669	1.093213707e-09	1.065216064e-09	9.371564925e-12	1.447779926e-09	1.417689137e-09	1.230575799e-11	17.57288572	17.21977589	0.1490316254	
3.67	1.061904891e-09	1.035140152e-09	9.095640516e-12	1.407392346e-09	1.378677978e-09	1.195269858e-11	17.08489866	16.74802346	0.1447730431	
3.671	1.03200692e-09	1.006400694e-09	8.8324235e-12	1.368778052e-09	1.341355256e-09	1.161548507e-11	16.61824708	16.29660296	0.140704866	
3.672	1.003431965e-09	9.789154654e-10	8.581108825e-12	1.331829218e-09	1.305619632e-09	1.129313699e-11	16.17163834	15.86429857	0.1368153519	
3.673	9.760991773e-10	9.526087221e-10	8.340956368e-12	1.296446421e-09	1.271377576e-09	1.098475137e-11	15.74388025	15.44998796	0.1330936844	
3.674	9.499340162e-10	9.27410579e-10	8.111284613e-12	1.262537841e-09	1.238542645e-09	1.068949532e-11	15.33387151	15.05263347	0.1295298837	
3.675	9.248676555e-10	9.032564604e-10	7.891465046e-12	1.230018558e-09	1.207034819e-09	1.040659942e-11	14.94059335	14.6712744	0.1261147289	
3.676	9.008364517e-10	8.800866101e-10	7.680917175e-12	1.198809921e-09	1.176779924e-09	1.013535187e-11	14.563102	14.30501998	0.1228396877	
3.677	8.777814721e-10	8.578456544e-10	7.479104094e-12	1.168838985e-09	1.147709113e-09	9.875093246e-12	14.20052193	13.9530432	0.1196968538	
3.678	8.556480714e-10	8.364822107e-10	7.285528517e-12	1.140038009e-09	1.119758394e-09	9.62521183e-12	13.8520399	13.61457524	0.1166788912	
3.679	8.343855137e-10	8.159485381e-10	7.099729243e-12	1.112344003e-09	1.092868219e-09	9.385139406e-12	13.51689955	13.28890045	0.1137789845	
3.68	8.139466329e-10	7.96200223e-10	6.921277983e-12	1.085698322e-09	1.066983099e-09	9.154347507e-12	13.19439652	12.97535186	0.1109907934	
3.681	7.942875278e-10	7.771958966e-10	6.749776508e-12	1.0600463e-09	1.042051275e-09	8.932344036e-12	12.88387413	12.67330717	0.1083084129	
3.682	7.753672876e-10	7.58896981e-10	6.584854099e-12	1.035336926e-09	1.018024405e-09	8.71867022e-12	12.58471943	12.38218504	0.1057263369	
3.683	7.571477443e-10	7.412674594e-10	6.426165235e-12	1.01152254e-09	9.948572923e-10	8.512897864e-12	12.29635966	12.10144184	0.1032394252	
3.684	7.395932492e-10	7.242736693e-10	6.273387519e-12	9.885585689e-10	9.725076336e-10	8.314626878e-12	12.01825903	11.83056865	0.100842874	
3.685	7.226704708e-10	7.078841148e-10	6.126219798e-12	9.664032802e-10	9.509357938e-10	8.123483024e-12	11.7499158	11.56908853	0.09853218914	
3.686	7.063482115e-10	6.920692965e-10	5.984380465e-12	9.450175635e-10	9.301046001e-10	7.939115893e-12	11.49085966	11.31655409	0.09630316175	
3.687	6.905972419e-10	6.768015574e-10	5.847605916e-12	9.243647282e-10	9.09979155e-10	7.76119705e-12	11.24064931	11.07254525	0.09415184629	
3.688	6.753901489e-10	6.620549426e-10	5.715649158e-12	9.044103214e-10	8.905266663e-10	7.589418363e-12	10.99887029	10.83666719	0.09207454041	
3.689	6.607011993e-10	6.478050716e-10	5.588278532e-12	8.851219615e-10	8.717162921e-10	7.423490473e-12	10.76513299	10.60854849	0.09006776673	
3.69	6.465062139e-10	6.340290216e-10	5.46527656e-12	8.664691862e-10	8.535189988e-10	7.263141402e-12	10.53907081	10.38783946	0.0881282562	
3.691	6.327824536e-10	6.207052216e-10	5.34643889e-12	8.484233139e-10	8.359074318e-10	7.108115286e-12	10.32033853	10.17421056	0.08625293291	
3.692	6.195085149e-10	6.078133551e-10	5.231573332e-12	8.309573169e-10	8.188557971e-10	6.958171205e-12	10.10861078	9.967351005	0.08443890017	
3.693	6.066642345e-10	5.953342711e-10	5.120498983e-12	8.140457046e-10	8.023397522e-10	6.813082132e-12	9.903580636	9.766967442	0.08268342783	
3.694	5.94230602e-10	5.832499025e-10	5.013045416e-12	7.976644175e-10	7.863363067e-10	6.672633948e-12	9.704958356	9.572782764	0.08098394063	
3.695	5.821896792e-10	5.715431916e-10	4.90905195e-12	7.817907291e-10	7.708237304e-10	6.536624556e-12	9.512470206	9.384535012	0.07933800746	
3.696	5.70524527e-10	5.60198021e-10	4.808366965e-12	7.664031556e-10	7.557814693e-10	6.404863055e-12	9.325857378	9.201976363	0.0777433316	
3.697	5.592191375e-10	5.491991509e-10	4.710847288e-12	7.514813732e-10	7.411900674e-10	6.277168989e-12	9.144875	9.024872197	0.07619774162	
3.698	5.482583716e-10	5.385321602e-10	4.616357619e-12	7.370061418e-10	7.270310958e-10	6.153371651e-12	8.969291219	8.853000242	0.07469918311	
3.699	5.376279017e-10	5.281833938e-10	4.524770004e-12	7.229592348e-10	7.132870859e-10	6.03330944e-12	8.798886359	8.686149776	0.073245711	
3.7	5.273141589e-10	5.18139912e-10	4.435963353e-12	7.093233736e-10	6.999414688e-10	5.916829275e-12	8.633452137	8.524120901	0.07183548246	
3.701	5.173042838e-10	5.083894457e-10	4.34982299e-12	6.960821677e-10	6.869785186e-10	5.803786045e-12	8.472790952	8.366723861	0.07046675037	
3.702	5.075860818e-10	4.989203537e-10	4.266240242e-12	6.832200592e-10	6.743833003e-10	5.694042104e-12	8.316715206	8.213778412	0.06913785732	
3.703	4.98147981e-10	4.897215834e-10	4.185112061e-12	6.707222713e-10	6.62141621e-10	5.587466808e-12	8.165046696	8.065113248	0.06784722993	
3.704	4.889789934e-10	4.807826351e-10	4.106340662e-12	6.585747602e-10	6.502399851e-10	5.483936079e-12	8.017616036	7.920565454	0.06659337374	
3.705	4.800686793e-10	4.720935276e-10	4.029833205e-12	6.467641712e-10	6.386655529e-10	5.383332006e-12	7.874262128	7.779980006	0.06537486836	
3.706	4.714071142e-10	4.636447678e-10	3.955501487e-12	6.352777975e-10	6.274061011e-10	5.28554247e-12	7.734831665	7.64320931	0.06419036303	
3.707	4.629848574e-10	4.55427321e-10	3.883261663e-12	6.241035416e-10	6.164499873e-10	5.190460801e-12	7.599178677	7.510112763	0.06303857245	
3.708	4.547929236e-10	4.474325844e-10	3.813033982e-12	6.132298802e-10	6.057861162e-10	5.097985456e-12	7.467164098	7.380556351	0.06191827295	
3.709	4.468227563e-10	4.396523615e-10	3.744742548e-12	6.026458305e-10	5.954039083e-10	5.008019717e-12	7.338655374	7.254412274	0.06082829889	
3.71	4.390662026e-10	4.320788396e-10	3.678315091e-12	5.9234092e-10	5.852932706e-10	4.920471416e-12	7.213526085	7.131558594	0.05976753931	
3.711	4.315154904e-10	4.247045668e-10	3.613682758e-12	5.82305157e-10	5.754445695e-10	4.835252674e-12	7.091655609	7.011878911	0.05873493483	
3.712	4.241632065e-10	4.175224329e-10	3.550779919e-12	5.725290043e-10	5.658486055e-10	4.752279657e-12	6.972928788	6.895262051	0.05772947473	
3.713	4.170022768e-10	4.105256494e-10	3.489543978e-12	5.630033536e-10	5.564965892e-10	4.671472354e-12	6.857235636	6.781601786	0.05675019425	
3.714	4.10025947e-10	4.037077323e-10	3.429915212e-12	5.537195024e-10	5.473801189e-10	4.592754361e-12	6.74447105	6.670796562	0.05579617205	
3.715	4.032277655e-10	3.970624856e-10	3.371836602e-12	5.446691318e-10	5.384911601e-10	4.516052686e-12	6.634534551	6.562749253	0.05486652781	
3.716	3.966015666e-10	3.905839852e-10	3.31525369e-12	5.358442861e-10	5.298220262e-10	4.441297565e-12	6.527330032	6.457366924	0.05396042008	
3.717	3.901414552e-10	3.84266565e-10	3.260114439e-12	5.272373533e-10	5.213653594e-10	4.368422287e-12	6.422765531	6.354560609	0.05307704412	
3.718	3.838417925e-10	3.78104803e-10	3.206369101e-12	5.188410475e-10	5.131141145e-10	4.297363033e-12	6.320753012	6.254245111	0.05221563002	
3.719	3.776971823e-10	3.720935084e-10	3.153970095e-12	5.106483913e-10	5.050615421e-10	4.228058724e-12	6.221208162	6.156338801	0.05137544083	
3.72	3.717024583e-10	3.662277099e-10	3.102871896e-12	5.026527005e-10	4.972011739e-10	4.160450877e-12	6.124050196	6.060763442	0.05055577089	
3.721	3.658526725e-10	3.605026441e-10	3.053030922e-12	4.948475687e-10	4.895268084e-10	4.094483474e-12	6.029201686	5.967444015	0.04975594417	
3.722	3.601430837e-10	3.549137453e-10	3.004405437e-12	4.872268538e-10	4.820324973e-10	4.030102835e-12	5.936588381	5.876308557	0.04897531282	
3.723	3.545691472e-10	3.494566353e-10	2.956955457e-12	4.797846641e-10	4.747125334e-10	3.967257496e-12	5.846139057	5.787288015	0.04821325567	
3.724	3.491265048e-10	3.441271141e-10	2.910642658e-12	4.725153465e-10	4.675614382e-10	3.905898105e-12	5.757785364	5.700316096	0.04746917699	
3.725	3.438109755e-10	3.389211511e-10	2.865430295e-12	4.654134744e-10	4.605739513e-10	3.845977313e-12	5.671461685	5.615329139	0.04674250517	
3.726	3.386185469e-10	3.338348771e-10	2.821283121e-12	4.584738369e-10	4.537450194e-10	3.787449674e-12	5.587105004	5.532265987	0.04603269152	
3.727	3.335453669e-10	3.288645757e-10	2.778167317e-12	4.516914282e-10	4.470697869e-10	3.730271556e-12	5.50465478	5.451067864	0.04533920922	
3.728	3.285877358e-10	3.24006677e-10	2.736050416e-12	4.45061438e-10	4.405435858e-10	3.674401052e-12	5.42405283	5.371678266	0.04466155222	
3.729	3.237420992e-10	3.192577497e-10	2.694901243e-12	4.385792421e-10	4.341619279e-10	3.619797897e-12	5.345243219	5.294042854	0.04399923425	
3.73	3.190050409e-10	3.14614495e-10	2.654689852e-12	4.322403939e-10	4.279204954e-10	3.566423389e-12	5.268172151	5.218109353	0.04335178792	
3.731	3.143732765e-10	3.100737406e-10	2.615387462e-12	4.260406157e-10	4.218151338e-10	3.51424032e-12	5.192787871	5.143827457	0.04271876376	
3.732	3.098436473e-10	3.056324343e-10	2.576966411e-12	4.199757913e-10	4.15841844e-10	3.463212899e-12	5.119040576	5.071148737	0.04209972949	
3.733	3.054131142e-10	3.012876387e-10	2.539400095e-12	4.140419586e-10	4.099967754e-10	3.413306695e-12	5.046882316	5.000026561	0.04149426912	
3.734	3.010787525e-10	2.970365264e-10	2.502662925e-12	4.082353022e-10	4.042762192e-10	3.364488568e-12	4.976266922	4.930416009	0.0409019823	
3.735	2.968377466e-10	2.928763742e-10	2.466730277e-12	4.025521475e-10	3.986766021e-10	3.316726613e-12	4.907149914	4.862273797	0.04032248353	
3.736	2.926873848e-10	2.888045591e-10	2.431578449e-12	3.969889536e-10	3.931944802e-10	3.269990104e-12	4.839488437	4.795558208	0.03975540155	
3.737	2.886250553e-10	2.848185537e-10	2.397184619e-12	3.915423081e-10	3.878265335e-10	3.224249443e-12	4.773241181	4.730229019	0.03920037867	
3.738	2.846482409e-10	2.809159216e-10	2.363526806e-12	3.862089212e-10	3.825695603e-10	3.179476107e-12	4.708368319	4.66624744	0.0386570702	
3.739	2.807545156e-10	2.77094314e-10	2.330583832e-12	3.809856201e-10	3.774204723e-10	3.135642603e-12	4.644831437	4.603576051	0.03812514385	
3.74	2.769415403e-10	2.733514655e-10	2.298335287e-12	3.758693445e-10	3.723762895e-10	3.09272242e-12	4.582593479	4.542178741	0.0376042792	
3.741	2.732070587e-10	2.696851906e-10	2.266761495e-12	3.708571411e-10	3.674341359e-10	3.050689993e-12	4.521618686	4.482020657	0.03709416721	
3.742	2.695488944e-10	2.660933803e-10	2.235843481e-12	3.659461598e-10	3.625912348e-10	3.009520655e-12	4.46187254	4.423068146	0.0365945097	
3.743	2.65964947e-10	2.625739991e-10	2.205562943e-12	3.611336488e-10	3.57844905e-10	2.969190603e-12	4.403321714	4.36528871	0.03610501889	
3.744	2.624531891e-10	2.591250814e-10	2.175902224e-12	3.564169507e-10	3.531925563e-10	2.929676859e-12	4.345934022	4.308650953	0.03562541699	
3.745	2.590116631e-10	2.55744729e-10	2.146844279e-12	3.517934986e-10	3.486316864e-10	2.890957239e-12	4.289678371	4.25312454	0.03515543575	
3.746	2.556384784e-10	2.524311081e-10	2.118372656e-12	3.472608122e-10	3.441598768e-10	2.853010317e-12	4.234524715	4.198680153	0.0346948161	
3.747	2.523318086e-10	2.491824469e-10	2.090471468e-12	3.428164946e-10	3.397747896e-10	2.815815393e-12	4.180444015	4.145289446	0.03424330773	
3.748	2.490898889e-10	2.459970327e-10	2.063125367e-12	3.384582284e-10	3.354741644e-10	2.779352468e-12	4.127408196	4.092925011	0.03380066876	
3.749	2.459110133e-10	2.428732099e-10	2.036319528e-12	3.341837731e-10	3.312558147e-10	2.743602208e-12	4.075390109	4.041560337	0.03336666537	
3.75	2.427935327e-10	2.398093772e-10	2.010039623e-12	3.299909616e-10	3.271176255e-10	2.708545925e-12	4.024363495	3.991169777	0.03294107153	
3.751	2.397358522e-10	2.368039863e-10	1.984271801e-12	3.258776974e-10	3.230575504e-10	2.674165545e-12	3.974302949	3.941728511	0.03252366862	
3.752	2.367364295e-10	2.338555386e-10	1.959002671e-12	3.218419518e-10	3.190736087e-10	2.640443587e-12	3.925183884	3.893212516	0.03211424517	
3.753	2.337937718e-10	2.309625844e-10	1.934219283e-12	3.178817614e-10	3.151638828e-10	2.607363138e-12	3.876982503	3.845598536	0.0317125966	
3.754	2.309064351e-10	2.281237203e-10	1.909909108e-12	3.139952254e-10	3.11326516e-10	2.574907832e-12	3.829675768	3.798864049	0.03131852489	
3.755	2.280730212e-10	2.253375875e-10	1.886060026e-12	3.101805031e-10	3.075597102e-10	2.543061827e-12	3.783241367	3.752987241	0.03093183839	
3.756	2.252921768e-10	2.226028704e-10	1.862660304e-12	3.06435812e-10	3.038617234e-10	2.511809787e-12	3.73765769	3.707946982	0.03055235154	
3.757	2.225625911e-10	2.199182946e-10	1.839698587e-12	3.02759425e-10	3.002308677e-10	2.481136858e-12	3.692903802	3.663722793	0.03017988461	
3.758	2.198829946e-10	2.172826254e-10	1.81716388e-12	2.991496689e-10	2.966655075e-10	2.451028658e-12	3.648959415	3.620294829	0.02981426354	
3.759	2.172521573e-10	2.146946664e-10	1.795045535e-12	2.956049219e-10	2.931640571e-10	2.421471249e-12	3.605804865	3.57764385	0.02945531969	
3.76	2.146688875e-10	2.121532583e-10	1.773333236e-12	2.92123612e-10	2.897249793e-10	2.392451128e-12	3.563421093	3.535751203	0.02910288963	
3.761	2.121320299e-10	2.096572768e-10	1.752016992e-12	2.887042149e-10	2.863467832e-10	2.363955206e-12	3.521789614	3.494598797	0.02875681496	
3.762	2.096404646e-10	2.072056321e-10	1.731087118e-12	2.853452527e-10	2.830280229e-10	2.335970797e-12	3.480892504	3.454169083	0.02841694212	
3.763	2.071931059e-10	2.047972672e-10	1.710534226e-12	2.820452916e-10	2.797672957e-10	2.308485598e-12	3.440712376	3.414445039	0.02808312221	
3.764	2.047889006e-10	2.024311568e-10	1.690349217e-12	2.788029407e-10	2.765632404e-10	2.28148768e-12	3.40123236	3.375410142	0.02775521081	
3.765	2.024268272e-10	2.001063061e-10	1.670523266e-12	2.756168503e-10	2.73414536e-10	2.25496547e-12	3.362436086	3.33704836	0.02743306785	
3.766	2.001058947e-10	1.978217499e-10	1.651047815e-12	2.724857106e-10	2.703199002e-10	2.228907742e-12	3.324307665	3.299344127	0.02711655741	
3.767	1.978251412e-10	1.955765511e-10	1.631914561e-12	2.694082501e-10	2.672780882e-10	2.203303601e-12	3.286831673	3.262282331	0.02680554759	
3.768	1.955836334e-10	1.933698004e-10	1.61311545e-12	2.663832341e-10	2.64287891e-10	2.178142474e-12	3.249993135	3.225848297	0.0264999104	
3.769	1.933804649e-10	1.912006146e-10	1.594642665e-12	2.63409464e-10	2.613481344e-10	2.153414097e-12	3.213777505	3.190027769	0.02619952154	
3.77	1.912147559e-10	1.890681362e-10	1.576488618e-12	2.604857753e-10	2.58457678e-10	2.129108504e-12	3.178170658	3.154806899	0.02590426036	
3.771	1.890856519e-10	1.869715322e-10	1.558645942e-12	2.576110369e-10	2.556154136e-10	2.105216018e-12	3.143158869	3.120172234	0.02561400967	
3.772	1.86992323e-10	1.849099934e-10	1.541107486e-12	2.547841499e-10	2.528202643e-10	2.08172724e-12	3.108728804	3.086110698	0.02532865565	
3.773	1.849339627e-10	1.828827335e-10	1.523866305e-12	2.520040463e-10	2.500711836e-10	2.058633038e-12	3.074867503	3.052609581	0.02504808772	
3.774	1.829097878e-10	1.808889885e-10	1.50691565e-12	2.49269688e-10	2.47367154e-10	2.035924541e-12	3.041562369	3.019656529	0.02477219844	
3.775	1.809190367e-10	1.789280156e-10	1.490248967e-12	2.465800661e-10	2.447071863e-10	2.013593127e-12	3.008801158	2.987239528	0.0245008834	
3.776	1.789609693e-10	1.769990928e-10	1.473859887e-12	2.439341994e-10	2.420903186e-10	1.991630417e-12	2.976571963	2.955346897	0.0242340411	
3.777	1.770348663e-10	1.751015181e-10	1.457742221e-12	2.413311339e-10	2.395156155e-10	1.970028264e-12	2.944863202	2.923967273	0.02397157287	
3.778	1.751400279e-10	1.732346087e-10	1.441889951e-12	2.387699416e-10	2.369821669e-10	1.948778749e-12	2.913663615	2.893089603	0.02371338278	
3.779	1.732757739e-10	1.713977006e-10	1.426297229e-12	2.3624972e-10	2.344890874e-10	1.927874169e-12	2.882962244	2.862703134	0.02345937752	
3.78	1.714414426e-10	1.695901479e-10	1.410958366e-12	2.337695907e-10	2.320355155e-10	1.907307033e-12	2.85274843	2.832797399	0.02320946636	
3.781	1.696363901e-10	1.67811322e-10	1.395867832e-12	2.313286993e-10	2.296206129e-10	1.887070054e-12	2.823011797	2.803362215	0.02296356102	
3.782	1.678599902e-10	1.660606114e-10	1.381020247e-12	2.289262141e-10	2.272435634e-10	1.867156143e-12	2.79374225	2.774387668	0.02272157561	
3.783	1.661116332e-10	1.643374208e-10	1.366410377e-12	2.265613255e-10	2.249035727e-10	1.847558401e-12	2.764929961	2.745864105	0.02248342654	
3.784	1.643907261e-10	1.626411707e-10	1.35203313e-12	2.242332454e-10	2.225998671e-10	1.828270114e-12	2.736565361	2.717782129	0.02224903248	
3.785	1.626966913e-10	1.60971297e-10	1.33788355e-12	2.219412066e-10	2.203316934e-10	1.809284747e-12	2.708639132	2.690132588	0.02201831423	
3.786	1.610289667e-10	1.593272505e-10	1.323956814e-12	2.196844616e-10	2.18098318e-10	1.790595938e-12	2.681142202	2.662906568	0.02179119472	
3.787	1.593870047e-10	1.577084963e-10	1.310248227e-12	2.174622827e-10	2.158990263e-10	1.772197491e-12	2.654065732	2.636095385	0.02156759887	
3.788	1.577702724e-10	1.561145133e-10	1.296753219e-12	2.152739609e-10	2.13733122e-10	1.754083376e-12	2.627401113	2.60969058	0.02134745359	
3.789	1.561782503e-10	1.54544794e-10	1.283467338e-12	2.131188055e-10	2.115999268e-10	1.736247716e-12	2.601139957	2.58368391	0.02113068769	
3.79	1.546104326e-10	1.529988439e-10	1.27038625e-12	2.109961434e-10	2.094987797e-10	1.718684788e-12	2.57527409	2.55806734	0.0209172318	
3.791	1.530663266e-10	1.514761813e-10	1.257505733e-12	2.089053189e-10	2.074290363e-10	1.701389018e-12	2.549795547	2.53283304	0.02070701835	
3.792	1.515454518e-10	1.499763364e-10	1.244821675e-12	2.068456925e-10	2.053900686e-10	1.684354971e-12	2.524696563	2.507973377	0.0204999815	
3.793	1.500473404e-10	1.484988516e-10	1.232330068e-12	2.048166411e-10	2.033812643e-10	1.667577355e-12	2.499969569	2.48348091	0.02029605708	
3.794	1.48571536e-10	1.470432808e-10	1.220027008e-12	2.028175572e-10	2.014020264e-10	1.651051008e-12	2.475607186	2.459348381	0.02009518256	
3.795	1.47117594e-10	1.456091888e-10	1.20790869e-12	2.008478484e-10	1.994517726e-10	1.634770901e-12	2.451602218	2.435568716	0.01989729695	
3.796	1.456850808e-10	1.441961517e-10	1.195971405e-12	1.98906937e-10	1.975299353e-10	1.61873213e-12	2.427947647	2.41213501	0.01970234082	
3.797	1.442735735e-10	1.428037556e-10	1.184211536e-12	1.969942596e-10	1.956359604e-10	1.602929913e-12	2.404636628	2.389040532	0.01951025622	
3.798	1.428826598e-10	1.414315972e-10	1.172625559e-12	1.951092665e-10	1.937693078e-10	1.587359589e-12	2.381662485	2.366278714	0.01932098661	
3.799	1.415119375e-10	1.400792829e-10	1.161210037e-12	1.932514215e-10	1.919294502e-10	1.572016609e-12	2.359018703	2.343843146	0.01913447688	
3.8	1.401610143e-10	1.387464286e-10	1.149961617e-12	1.914202016e-10	1.901158732e-10	1.556896538e-12	2.336698926	2.321727574	0.01895067324	
3.801	1.388295075e-10	1.374326598e-10	1.13887703e-12	1.896150961e-10	1.883280747e-10	1.541995048e-12	2.314696952	2.299925895	0.01876952323	
3.802	1.375170435e-10	1.361376108e-10	1.127953087e-12	1.878356069e-10	1.865655648e-10	1.527307918e-12	2.293006725	2.278432151	0.01859097566	
3.803	1.362232579e-10	1.348609248e-10	1.117186675e-12	1.860812475e-10	1.848278651e-10	1.512831026e-12	2.271622339	2.257240526	0.01841498058	
3.804	1.34947795e-10	1.336022535e-10	1.106574758e-12	1.843515434e-10	1.831145086e-10	1.498560353e-12	2.250538023	2.236345341	0.01824148924	
3.805	1.336903075e-10	1.32361257e-10	1.096114375e-12	1.82646031e-10	1.814250393e-10	1.484491974e-12	2.229748145	2.215741053	0.01807045405	
3.806	1.324504566e-10	1.311376032e-10	1.085802633e-12	1.809642577e-10	1.79759012e-10	1.470622058e-12	2.209247206	2.195422246	0.01790182857	
3.807	1.312279112e-10	1.299309681e-10	1.075636709e-12	1.793057816e-10	1.781159917e-10	1.456946865e-12	2.189029834	2.175383632	0.01773556743	
3.808	1.300223482e-10	1.28741035e-10	1.065613849e-12	1.776701711e-10	1.764955539e-10	1.443462744e-12	2.169090785	2.155620047	0.01757162637	
3.809	1.288334521e-10	1.275674948e-10	1.055731362e-12	1.760570046e-10	1.748972835e-10	1.430166127e-12	2.149424934	2.136126444	0.01740996213	
3.81	1.276609145e-10	1.264100455e-10	1.045986622e-12	1.744658702e-10	1.733207751e-10	1.417053534e-12	2.130027276	2.116897893	0.01725053247	
3.811	1.265044344e-10	1.252683921e-10	1.036377063e-12	1.728963655e-10	1.717656327e-10	1.404121561e-12	2.110892919	2.097929577	0.01709329616	
3.812	1.253637177e-10	1.241422464e-10	1.026900181e-12	1.713480974e-10	1.702314692e-10	1.391366886e-12	2.092017085	2.079216788	0.01693821288	
3.813	1.24238477e-10	1.230313267e-10	1.017553527e-12	1.698206816e-10	1.687179065e-10	1.378786263e-12	2.073395104	2.060754926	0.01678524326	
3.814	1.231284314e-10	1.219353578e-10	1.008334711e-12	1.683137428e-10	1.672245747e-10	1.36637652e-12	2.055022411	2.042539494	0.01663434883	
3.815	1.220333066e-10	1.208540707e-10	9.992413982e-13	1.668269137e-10	1.657511125e-10	1.354134557e-12	2.036894544	2.024566096	0.01648549201	
3.816	1.209528344e-10	1.197872025e-10	9.902713054e-13	1.653598358e-10	1.642971665e-10	1.342057345e-12	2.019007143	2.006830434	0.01633863604	
3.817	1.198867525e-10	1.187344961e-10	9.814222025e-13	1.639121582e-10	1.628623914e-10	1.330141924e-12	2.001355942	1.989328306	0.01619374501	
3.818	1.188348048e-10	1.176957003e-10	9.7269191e-13	1.62483538e-10	1.614464493e-10	1.318385398e-12	1.983936774	1.972055604	0.01605078382	
3.819	1.177967405e-10	1.166705693e-10	9.640782971e-13	1.610736398e-10	1.6004901e-10	1.30678494e-12	1.96674556	1.955008307	0.01590971816	
3.82	1.167723149e-10	1.15658863e-10	9.555792813e-13	1.596821357e-10	1.586697503e-10	1.295337783e-12	1.949778313	1.938182488	0.01577051445	
3.821	1.157612882e-10	1.146603462e-10	9.471928263e-13	1.58308705e-10	1.573083543e-10	1.284041221e-12	1.933031134	1.9215743	0.01563313989	
3.822	1.147634261e-10	1.136747893e-10	9.389169412e-13	1.569530338e-10	1.559645129e-10	1.27289261e-12	1.916500207	1.905179983	0.0154975624	
3.823	1.137784996e-10	1.127019674e-10	9.307496794e-13	1.556148154e-10	1.546379236e-10	1.261889364e-12	1.900181801	1.888995858	0.01536375058	
3.824	1.128062844e-10	1.117416607e-10	9.226891369e-13	1.542937493e-10	1.533282905e-10	1.251028951e-12	1.884072265	1.873018324	0.01523167375	
3.825	1.118465612e-10	1.107936539e-10	9.147334516e-13	1.529895419e-10	1.520353242e-10	1.240308896e-12	1.868168025	1.857243859	0.01510130186	
3.826	1.108991156e-10	1.098577365e-10	9.068808022e-13	1.517019055e-10	1.507587413e-10	1.229726778e-12	1.852465586	1.841669015	0.01497260554	
3.827	1.099637374e-10	1.089337026e-10	8.991294068e-13	1.50430559e-10	1.494982644e-10	1.219280228e-12	1.836961526	1.826290418	0.01484555605	
3.828	1.090402214e-10	1.080213505e-10	8.914775222e-13	1.491752268e-10	1.482536222e-10	1.208966927e-12	1.821652497	1.811104764	0.01472012525	
3.829	1.081283665e-10	1.071204829e-10	8.839234426e-13	1.479356395e-10	1.470245489e-10	1.198784607e-12	1.80653522	1.796108821	0.01459628562	
3.83	1.072279758e-10	1.062309067e-10	8.764654992e-13	1.467115332e-10	1.458107845e-10	1.188731047e-12	1.791606486	1.781299422	0.01447401022	
3.831	1.063388567e-10	1.053524328e-10	8.691020583e-13	1.455026496e-10	1.446120742e-10	1.178804075e-12	1.776863153	1.766673469	0.01435327268	
3.832	1.054608207e-10	1.04484876e-10	8.618315214e-13	1.443087357e-10	1.434281687e-10	1.169001562e-12	1.762302147	1.752227927	0.01423404717	
3.833	1.045936832e-10	1.036280552e-10	8.546523237e-13	1.43129544e-10	1.422588237e-10	1.159321426e-12	1.747920453	1.737959823	0.01411630844	
3.834	1.037372633e-10	1.027817928e-10	8.475629331e-13	1.419648319e-10	1.411038002e-10	1.149761629e-12	1.733715123	1.723866248	0.01400003173	
3.835	1.028913841e-10	1.01945915e-10	8.405618502e-13	1.408143619e-10	1.399628639e-10	1.140320173e-12	1.719683267	1.70994435	0.01388519282	
3.836	1.020558723e-10	1.011202517e-10	8.336476065e-13	1.396779013e-10	1.388357853e-10	1.130995104e-12	1.705822056	1.696191337	0.01377176798	
3.837	1.01230558e-10	1.00304636e-10	8.268187642e-13	1.385552223e-10	1.377223397e-10	1.121784507e-12	1.692128717	1.682604472	0.01365973397	
3.838	1.004152749e-10	9.949890476e-11	8.200739154e-13	1.374461017e-10	1.366223069e-10	1.112686506e-12	1.678600534	1.669181076	0.01354906805	
3.839	9.960986022e-11	9.870289786e-11	8.13411681e-13	1.363503207e-10	1.355354712e-10	1.103699266e-12	1.665234848	1.655918523	0.0134397479	
3.84	9.88141543e-11	9.79164586e-11	8.068307105e-13	1.35267665e-10	1.344616211e-10	1.094820986e-12	1.652029051	1.642814239	0.01333175171	
3.841	9.80280008e-11	9.713943337e-11	8.003296809e-13	1.341979247e-10	1.334005495e-10	1.086049905e-12	1.638980589	1.629865703	0.01322505806	
3.842	9.725124652e-11	9.637167169e-11	7.939072961e-13	1.331408939e-10	1.323520533e-10	1.077384294e-12	1.626086958	1.617070443	0.01311964601	
3.843	9.648374135e-11	9.561302605e-11	7.875622863e-13	1.320963711e-10	1.313159336e-10	1.068822462e-12	1.613345704	1.604426037	0.013015495	
3.844	9.572533816e-11	9.486335192e-11	7.812934075e-13	1.310641585e-10	1.302919954e-10	1.06036275e-12	1.600754424	1.59193011	0.01291258492	
3.845	9.497589277e-11	9.412250761e-11	7.750994406e-13	1.300440625e-10	1.292800474e-10	1.052003533e-12	1.588310758	1.579580334	0.01281089603	
3.846	9.423526386e-11	9.339035425e-11	7.68979191e-13	1.29035893e-10	1.282799022e-10	1.043743219e-12	1.576012397	1.567374429	0.012710409	
3.847	9.350331288e-11	9.26667557e-11	7.629314878e-13	1.280394639e-10	1.27291376e-10	1.035580246e-12	1.563857074	1.555310155	0.01261110488	
3.848	9.277990402e-11	9.195157848e-11	7.569551836e-13	1.270545926e-10	1.263142886e-10	1.027513084e-12	1.551842569	1.543385321	0.01251296509	
3.849	9.206490415e-11	9.124469173e-11	7.510491533e-13	1.260811002e-10	1.253484634e-10	1.019540232e-12	1.539966703	1.531597773	0.01241597142	
3.85	9.135818271e-11	9.054596712e-11	7.452122945e-13	1.251188109e-10	1.243937271e-10	1.01166022e-12	1.528227339	1.519945402	0.01232010602	
3.851	9.065961169e-11	8.985527883e-11	7.394435261e-13	1.241675528e-10	1.234499096e-10	1.003871606e-12	1.516622384	1.50842614	0.01222535137	
3.852	8.996906556e-11	8.917250344e-11	7.337417881e-13	1.232271569e-10	1.225168444e-10	9.961729747e-13	1.505149781	1.497037956	0.0121316903	
3.853	8.92864212e-11	8.849751993e-11	7.281060414e-13	1.222974578e-10	1.215943679e-10	9.885629399e-13	1.493807517	1.485778861	0.01203910598	
3.854	8.861155787e-11	8.783020958e-11	7.225352669e-13	1.213782928e-10	1.206823198e-10	9.810401414e-13	1.482593614	1.4746469	0.0119475819	
3.855	8.794435713e-11	8.717045593e-11	7.170284651e-13	1.204695027e-10	1.197805426e-10	9.736032453e-13	1.471506132	1.463640157	0.01185710186	
3.856	8.72847028e-11	8.651814475e-11	7.115846559e-13	1.195709311e-10	1.188888821e-10	9.662509431e-13	1.46054317	1.452756754	0.01176764998	
3.857	8.66324809e-11	8.587316395e-11	7.062028779e-13	1.186824247e-10	1.180071867e-10	9.589819513e-13	1.449702859	1.441994845	0.01167921067	
3.858	8.598757963e-11	8.523540358e-11	7.00882188e-13	1.178038329e-10	1.171353079e-10	9.517950106e-13	1.438983369	1.43135262	0.01159176863	
3.859	8.534988925e-11	8.460475573e-11	6.956216612e-13	1.169350081e-10	1.162730997e-10	9.446888858e-13	1.428382902	1.420828303	0.01150530889	
3.86	8.471930212e-11	8.398111451e-11	6.904203898e-13	1.160758052e-10	1.15420419e-10	9.376623647e-13	1.417899693	1.41042015	0.0114198167	
3.861	8.409571259e-11	8.336437602e-11	6.852774835e-13	1.152260821e-10	1.145771253e-10	9.307142579e-13	1.407532011	1.400126452	0.01133527764	
3.862	8.347901699e-11	8.275443828e-11	6.801920685e-13	1.143856992e-10	1.137430807e-10	9.238433982e-13	1.397278157	1.389945527	0.01125167753	
3.863	8.286911356e-11	8.215120118e-11	6.751632873e-13	1.135545193e-10	1.129181499e-10	9.170486402e-13	1.387136463	1.379875727	0.01116900246	
3.864	8.226590243e-11	8.155456647e-11	6.701902988e-13	1.127324081e-10	1.121021999e-10	9.103288596e-13	1.37710529	1.369915435	0.01108723878	
3.865	8.166928555e-11	8.09644377e-11	6.652722771e-13	1.119192333e-10	1.112951002e-10	9.036829532e-13	1.367183033	1.360063059	0.01100637309	
3.866	8.10791667e-11	8.03807202e-11	6.604084117e-13	1.111148655e-10	1.104967228e-10	8.971098377e-13	1.357368111	1.350317042	0.01092639224	
3.867	8.049545139e-11	7.980332098e-11	6.555979072e-13	1.103191772e-10	1.09706942e-10	8.906084498e-13	1.347658976	1.34067585	0.01084728331	
3.868	7.991804685e-11	7.923214878e-11	6.508399827e-13	1.095320434e-10	1.089256341e-10	8.841777458e-13	1.338054106	1.331137978	0.01076903363	
3.869	7.934686202e-11	7.866711397e-11	6.461338716e-13	1.087533414e-10	1.081526779e-10	8.778167006e-13	1.328552006	1.321701951	0.01069163076	
3.87	7.878180745e-11	7.810812855e-11	6.414788212e-13	1.079829508e-10	1.073879543e-10	8.715243082e-13	1.31915121	1.312366316	0.01061506246	
3.871	7.822279532e-11	7.755510606e-11	6.368740926e-13	1.07220753e-10	1.066313463e-10	8.652995803e-13	1.309850274	1.30312965	0.01053931675	
3.872	7.766973938e-11	7.700796164e-11	6.323189602e-13	1.064666318e-10	1.05882739e-10	8.591415467e-13	1.300647785	1.29399055	0.01046438184	
3.873	7.712255492e-11	7.646661189e-11	6.278127115e-13	1.057204729e-10	1.051420195e-10	8.530492544e-13	1.291542351	1.284947644	0.01039024614	
3.874	7.658115874e-11	7.593097494e-11	6.233546468e-13	1.049821643e-10	1.044090769e-10	8.470217674e-13	1.282532606	1.27599958	0.01031689831	
3.875	7.604546911e-11	7.540097032e-11	6.18944079e-13	1.042515957e-10	1.036838023e-10	8.410581667e-13	1.273617208	1.267145031	0.01024432716	
3.876	7.551540574e-11	7.4876519e-11	6.145803331e-13	1.035286588e-10	1.029660887e-10	8.351575492e-13	1.26479484	1.258382693	0.01017252175	
3.877	7.499088977e-11	7.435754335e-11	6.102627461e-13	1.028132472e-10	1.022558309e-10	8.293190279e-13	1.256064206	1.249711286	0.01010147128	
3.878	7.447184372e-11	7.384396708e-11	6.05990667e-13	1.021052563e-10	1.015529255e-10	8.235417314e-13	1.247424032	1.241129549	0.01003116518	
3.879	7.395819144e-11	7.333571523e-11	6.017634559e-13	1.014045836e-10	1.008572711e-10	8.178248038e-13	1.238873069	1.232636247	0.009961593049	
3.88	7.344985814e-11	7.283271415e-11	5.975804844e-13	1.00711128e-10	1.001687679e-10	8.121674038e-13	1.230410087	1.224230163	0.009892744671	
3.881	7.29467703e-11	7.233489145e-11	5.934411352e-13	1.000247904e-10	9.948731771e-11	8.065687049e-13	1.222033879	1.215910103	0.009824610007	
3.882	7.244885569e-11	7.184217601e-11	5.893448014e-13	9.934547326e-11	9.881282426e-11	8.010278951e-13	1.213743256	1.207674893	0.009757179191	
3.883	7.195604332e-11	7.135449792e-11	5.85290887e-13	9.867308076e-11	9.814519279e-11	7.955441763e-13	1.205537054	1.199523377	0.009690442529	
3.884	7.146826341e-11	7.087178846e-11	5.812788061e-13	9.800751874e-11	9.748433016e-11	7.901167641e-13	1.197414124	1.191454422	0.009624390494	
3.885	7.098544739e-11	7.03939801e-11	5.773079831e-13	9.734869462e-11	9.683014484e-11	7.847448878e-13	1.189373339	1.183466913	0.009559013721	
3.886	7.050752784e-11	6.992100644e-11	5.733778522e-13	9.669651739e-11	9.618254684e-11	7.794277895e-13	1.181413591	1.175559752	0.009494303006	
3.887	7.00344385e-11	6.945280222e-11	5.694878572e-13	9.605089758e-11	9.554144767e-11	7.741647246e-13	1.17353379	1.167731861	0.009430249302	
3.888	6.956611422e-11	6.898930327e-11	5.656374517e-13	9.541174723e-11	9.490676034e-11	7.68954961e-13	1.165732865	1.159982181	0.009366843716	
3.889	6.910249097e-11	6.853044651e-11	5.618260984e-13	9.477897984e-11	9.427839933e-11	7.63797779e-13	1.158009763	1.152309669	0.009304077504	
3.89	6.864350577e-11	6.807616991e-11	5.58053269e-13	9.415251038e-11	9.365628052e-11	7.586924711e-13	1.150363447	1.144713301	0.009241942072	
3.891	6.818909672e-11	6.762641248e-11	5.543184444e-13	9.353225521e-11	9.304032119e-11	7.536383415e-13	1.1427929	1.137192068	0.009180428966	
3.892	6.773920293e-11	6.718111425e-11	5.506211141e-13	9.291813212e-11	9.243044002e-11	7.486347064e-13	1.13529712	1.129744979	0.009119529879	
3.893	6.729376454e-11	6.674021623e-11	5.469607761e-13	9.231006021e-11	9.182655701e-11	7.436808932e-13	1.127875122	1.122371059	0.009059236638	
3.894	6.685272267e-11	6.630366043e-11	5.433369369e-13	9.170795995e-11	9.122859347e-11	7.387762404e-13	1.120525936	1.115069351	0.008999541209	
3.895	6.641601944e-11	6.587138979e-11	5.397491114e-13	9.111175311e-11	9.063647202e-11	7.339200978e-13	1.113248611	1.107838909	0.00894043569	
3.896	6.598359789e-11	6.544334821e-11	5.361968222e-13	9.052136273e-11	9.005011654e-11	7.291118257e-13	1.106042208	1.100678808	0.008881912309	
3.897	6.555540201e-11	6.501948049e-11	5.326796e-13	8.993671312e-11	8.946945213e-11	7.24350795e-13	1.098905806	1.093588133	0.008823963424	
3.898	6.513137671e-11	6.459973235e-11	5.291969833e-13	8.935772982e-11	8.889440514e-11	7.19636387e-13	1.091838498	1.086565988	0.008766581515	
3.899	6.471146779e-11	6.418405038e-11	5.257485181e-13	8.878433957e-11	8.832490309e-11	7.14967993e-13	1.084839391	1.079611489	0.008709759189	
3.9	6.429562194e-11	6.377238203e-11	5.22333758e-13	8.821647031e-11	8.776087466e-11	7.103450142e-13	1.077907608	1.072723767	0.00865348917	
3.901	6.388378672e-11	6.336467562e-11	5.189522636e-13	8.765405111e-11	8.720224971e-11	7.057668619e-13	1.071042284	1.065901967	0.008597764302	
3.902	6.34759105e-11	6.296088028e-11	5.156036029e-13	8.709701222e-11	8.664895919e-11	7.012329565e-13	1.064242571	1.059145247	0.008542577545	
3.903	6.307194253e-11	6.256094598e-11	5.122873508e-13	8.654528498e-11	8.610093518e-11	6.967427279e-13	1.05750763	1.05245278	0.008487921972	
3.904	6.267183284e-11	6.216482346e-11	5.090030892e-13	8.599880184e-11	8.555811082e-11	6.922956154e-13	1.05083664	1.045823751	0.008433790768	
3.905	6.227553227e-11	6.177246428e-11	5.057504066e-13	8.54574963e-11	8.502042033e-11	6.87891067e-13	1.044228791	1.039257358	0.008380177227	
3.906	6.188299245e-11	6.138382074e-11	5.025288983e-13	8.492130294e-11	8.448779895e-11	6.835285396e-13	1.037683285	1.032752811	0.00832707475	
3.907	6.149416576e-11	6.099884592e-11	4.993381658e-13	8.439015736e-11	8.396018295e-11	6.79207499e-13	1.031199338	1.026309334	0.008274476842	
3.908	6.110900536e-11	6.061749361e-11	4.961778172e-13	8.386399619e-11	8.343750962e-11	6.749274191e-13	1.024776177	1.019926162	0.008222377115	
3.909	6.072746512e-11	6.023971837e-11	4.930474668e-13	8.334275704e-11	8.29197172e-11	6.706877825e-13	1.018413044	1.013602543	0.008170769277	
3.91	6.034949966e-11	5.986547545e-11	4.89946735e-13	8.28263785e-11	8.240674492e-11	6.664880797e-13	1.012109189	1.007337736	0.008119647139	
3.911	5.997506429e-11	5.949472078e-11	4.868752481e-13	8.231480011e-11	8.189853294e-11	6.623278094e-13	1.005863875	1.001131011	0.008069004608	
3.912	5.960411505e-11	5.912741101e-11	4.838326385e-13	8.180796237e-11	8.139502236e-11	6.58206478e-13	0.9996763794	0.9949816511	0.008018835686	
3.913	5.923660863e-11	5.876350346e-11	4.808185441e-13	8.130580669e-11	8.089615518e-11	6.541235997e-13	0.9935459864	0.9888889482	0.00796913447	
3.914	5.887250242e-11	5.840295608e-11	4.778326088e-13	8.080827538e-11	8.040187431e-11	6.500786964e-13	0.9874719937	0.9828522067	0.007919895149	
3.915	5.851175444e-11	5.804572752e-11	4.748744818e-13	8.031531165e-11	7.991212353e-11	6.460712973e-13	0.9814537092	0.9768707413	0.007871112	
3.916	5.815432339e-11	5.769177701e-11	4.71943818e-13	7.982685958e-11	7.942684747e-11	6.421009388e-13	0.9754904517	0.9709438771	0.007822779391	
3.917	5.780016859e-11	5.734106446e-11	4.690402773e-13	7.934286409e-11	7.894599162e-11	6.381671647e-13	0.9695815502	0.9650709494	0.007774891775	
3.918	5.744924997e-11	5.699355035e-11	4.661635252e-13	7.886327097e-11	7.84695023e-11	6.342695256e-13	0.9637263438	0.9592513039	0.007727443693	
3.919	5.710152811e-11	5.66491958e-11	4.633132321e-13	7.838802682e-11	7.799732664e-11	6.304075791e-13	0.9579241819	0.953484296	0.007680429767	
3.92	5.675696415e-11	5.630796248e-11	4.604890738e-13	7.791707903e-11	7.752941256e-11	6.265808896e-13	0.9521744236	0.9477692909	0.007633844702	
3.921	5.641551985e-11	5.596981267e-11	4.576907307e-13	7.745037582e-11	7.70657088e-11	6.22789028e-13	0.9464764379	0.9421056634	0.007587683285	
3.922	5.607715753e-11	5.563470922e-11	4.549178883e-13	7.698786617e-11	7.660616482e-11	6.19031572e-13	0.940829603	0.9364927977	0.007541940381	
3.923	5.574184009e-11	5.530261553e-11	4.521702368e-13	7.652949983e-11	7.615073089e-11	6.153081053e-13	0.9352333067	0.9309300871	0.007496610932	
3.924	5.540953098e-11	5.497349555e-11	4.494474712e-13	7.607522731e-11	7.569935799e-11	6.116182183e-13	0.9296869456	0.9254169343	0.007451689957	
3.925	5.508019422e-11	5.464731377e-11	4.46749291e-13	7.562499984e-11	7.525199784e-11	6.079615073e-13	0.9241899259	0.9199527504	0.007407172552	
3.926	5.475379433e-11	5.432403522e-11	4.440754003e-13	7.51787694e-11	7.480860288e-11	6.043375748e-13	0.9187416619	0.9145369557	0.007363053884	
3.927	5.44302964e-11	5.400362543e-11	4.414255076e-13	7.473648866e-11	7.436912625e-11	6.007460291e-13	0.9133415773	0.9091689787	0.007319329193	
3.928	5.410966601e-11	5.368605047e-11	4.387993259e-13	7.429811102e-11	7.393352179e-11	5.971864846e-13	0.9079891037	0.9038482567	0.00727599379	
3.929	5.379186926e-11	5.337127689e-11	4.361965723e-13	7.386359054e-11	7.3501744e-11	5.936585612e-13	0.9026836816	0.8985742351	0.007233043056	
3.93	5.347687276e-11	5.305927173e-11	4.336169683e-13	7.343288197e-11	7.307374808e-11	5.901618845e-13	0.8974247593	0.8933463673	0.007190472441	
3.931	5.316464359e-11	5.275000253e-11	4.310602394e-13	7.300594071e-11	7.264948986e-11	5.866960857e-13	0.8922117935	0.8881641149	0.007148277461	
3.932	5.285514934e-11	5.244343731e-11	4.285261152e-13	7.258272283e-11	7.222892582e-11	5.832608014e-13	0.8870442487	0.8830269472	0.007106453698	
3.933	5.254835806e-11	5.213954453e-11	4.260143294e-13	7.216318504e-11	7.181201309e-11	5.798556735e-13	0.8819215971	0.8779343415	0.007064996802	
3.934	5.224423827e-11	5.183829314e-11	4.235246194e-13	7.174728465e-11	7.139870939e-11	5.764803493e-13	0.8768433188	0.8728857823	0.007023902482	
3.935	5.194275894e-11	5.153965252e-11	4.210567267e-13	7.133497963e-11	7.098897308e-11	5.731344811e-13	0.8718089012	0.8678807618	0.006983166513	
3.936	5.16438895e-11	5.124359251e-11	4.186103965e-13	7.092622853e-11	7.058276311e-11	5.698177264e-13	0.8668178392	0.8629187794	0.00694278473	
3.937	5.134759983e-11	5.095008337e-11	4.161853776e-13	7.052099051e-11	7.018003903e-11	5.665297474e-13	0.8618696351	0.8579993417	0.006902753029	
3.938	5.105386022e-11	5.06590958e-11	4.137814226e-13	7.01192253e-11	6.978076094e-11	5.632702116e-13	0.8569637981	0.8531219625	0.006863067367	
3.939	5.076264141e-11	5.037060092e-11	4.113982876e-13	6.972089323e-11	6.938488954e-11	5.60038791e-13	0.8520998445	0.8482861625	0.006823723756	
3.94	5.047391456e-11	5.008457025e-11	4.090357323e-13	6.932595518e-11	6.899238609e-11	5.568351624e-13	0.8472772977	0.843491469	0.006784718268	
3.941	5.018765123e-11	4.980097573e-11	4.066935198e-13	6.893437259e-11	6.860321239e-11	5.536590073e-13	0.8424956877	0.8387374163	0.00674604703	
3.942	4.990382338e-11	4.95197897e-11	4.043714167e-13	6.854610746e-11	6.821733078e-11	5.505100118e-13	0.837754551	0.8340235452	0.006707706226	
3.943	4.962240339e-11	4.924098489e-11	4.020691929e-13	6.816112231e-11	6.783470413e-11	5.473878663e-13	0.8330534311	0.829349403	0.006669692093	
3.944	4.934336402e-11	4.896453441e-11	3.997866215e-13	6.77793802e-11	6.745529585e-11	5.442922657e-13	0.8283918775	0.8247145432	0.006632000921	
3.945	4.906667842e-11	4.869041175e-11	3.97523479e-13	6.740084471e-11	6.707906985e-11	5.412229092e-13	0.8237694464	0.8201185259	0.006594629055	
3.946	4.87923201e-11	4.841859079e-11	3.952795449e-13	6.702547991e-11	6.670599056e-11	5.381795005e-13	0.8191856999	0.815560917	0.006557572889	
3.947	4.852026298e-11	4.814904575e-11	3.930546019e-13	6.665325042e-11	6.633602288e-11	5.351617471e-13	0.8146402065	0.8110412888	0.00652082887	
3.948	4.825048131e-11	4.788175123e-11	3.908484359e-13	6.628412131e-11	6.596913222e-11	5.321693609e-13	0.8101325404	0.8065592193	0.006484393494	
3.949	4.798294971e-11	4.761668218e-11	3.886608357e-13	6.591805815e-11	6.560528447e-11	5.292020578e-13	0.8056622821	0.8021142924	0.006448263306	
3.95	4.771764317e-11	4.73538139e-11	3.86491593e-13	6.555502699e-11	6.524444599e-11	5.262595574e-13	0.8012290177	0.797706098	0.0064124349	
3.951	4.7454537e-11	4.709312202e-11	3.843405024e-13	6.519499435e-11	6.48865836e-11	5.233415836e-13	0.7968323391	0.7933342313	0.006376904916	
3.952	4.719360688e-11	4.683458253e-11	3.822073617e-13	6.483792722e-11	6.453166458e-11	5.20447864e-13	0.7924718436	0.7889982933	0.006341670043	
3.953	4.693482881e-11	4.657817173e-11	3.800919711e-13	6.448379303e-11	6.417965666e-11	5.175781298e-13	0.7881471344	0.7846978904	0.006306727015	
3.954	4.667817912e-11	4.632386625e-11	3.779941338e-13	6.413255966e-11	6.383052802e-11	5.147321163e-13	0.7838578198	0.7804326344	0.006272072609	
3.955	4.642363447e-11	4.607164306e-11	3.759136557e-13	6.378419543e-11	6.348424726e-11	5.11909562e-13	0.7796035138	0.7762021425	0.00623770365	
3.956	4.617117184e-11	4.582147942e-11	3.738503454e-13	6.34386691e-11	6.314078341e-11	5.091102093e-13	0.7753838354	0.7720060369	0.006203617004	
3.957	4.592076853e-11	4.557335291e-11	3.71804014e-13	6.309594985e-11	6.280010594e-11	5.063338042e-13	0.7711984088	0.7678439451	0.006169809581	
3.958	4.567240213e-11	4.532724142e-11	3.697744754e-13	6.275600728e-11	6.246218471e-11	5.035800959e-13	0.7670468635	0.7637154997	0.006136278334	
3.959	4.542605057e-11	4.508312313e-11	3.677615458e-13	6.241881139e-11	6.212699e-11	5.008488371e-13	0.7629288338	0.7596203379	0.006103020256	
3.96	4.518169203e-11	4.484097652e-11	3.657650443e-13	6.208433261e-11	6.179449249e-11	4.981397841e-13	0.7588439589	0.7555581023	0.006070032382	
3.961	4.493930504e-11	4.460078037e-11	3.63784792e-13	6.175254174e-11	6.146466325e-11	4.954526961e-13	0.7547918831	0.7515284399	0.006037311787	
3.962	4.469886837e-11	4.436251373e-11	3.618206128e-13	6.142340999e-11	6.113747373e-11	4.927873361e-13	0.7507722553	0.7475310026	0.006004855584	
3.963	4.446036112e-11	4.412615593e-11	3.598723327e-13	6.109690896e-11	6.081289578e-11	4.901434697e-13	0.7467847291	0.7435654469	0.005972660928	
3.964	4.422376262e-11	4.38916866e-11	3.579397804e-13	6.07730106e-11	6.049090161e-11	4.875208661e-13	0.7428289628	0.7396314339	0.00594072501	
3.965	4.398905253e-11	4.365908562e-11	3.560227865e-13	6.045168726e-11	6.017146381e-11	4.849192974e-13	0.7389046191	0.7357286292	0.005909045059	
3.966	4.375621073e-11	4.342833314e-11	3.541211841e-13	6.013291166e-11	5.985455533e-11	4.823385388e-13	0.7350113653	0.7318567028	0.005877618341	
3.967	4.352521742e-11	4.319940959e-11	3.522348087e-13	5.981665686e-11	5.954014948e-11	4.797783685e-13	0.7311488731	0.7280153291	0.00584644216	
3.968	4.329605301e-11	4.297229562e-11	3.503634976e-13	5.950289629e-11	5.922821991e-11	4.772385677e-13	0.7273168185	0.7242041868	0.005815513854	
3.969	4.306869822e-11	4.274697219e-11	3.485070906e-13	5.919160374e-11	5.891874063e-11	4.747189203e-13	0.7235148817	0.7204229587	0.005784830797	
3.97	4.284313398e-11	4.252342047e-11	3.466654294e-13	5.888275331e-11	5.861168598e-11	4.722192134e-13	0.7197427472	0.7166713319	0.005754390398	
3.971	4.261934149e-11	4.23016219e-11	3.448383581e-13	5.857631948e-11	5.830703065e-11	4.697392366e-13	0.7160001037	0.7129489976	0.005724190099	
3.972	4.239730221e-11	4.208155814e-11	3.430257225e-13	5.827227704e-11	5.800474964e-11	4.672787824e-13	0.7122866438	0.7092556509	0.005694227378	
3.973	4.217699782e-11	4.18632111e-11	3.412273707e-13	5.79706011e-11	5.77048183e-11	4.648376461e-13	0.7086020641	0.705590991	0.005664499744	
3.974	4.195841025e-11	4.164656295e-11	3.394431527e-13	5.767126713e-11	5.740721229e-11	4.624156256e-13	0.7049460652	0.7019547209	0.00563500474	
3.975	4.174152167e-11	4.143159605e-11	3.376729205e-13	5.737425088e-11	5.711190757e-11	4.600125214e-13	0.7013183517	0.6983465474	0.00560573994	
3.976	4.152631447e-11	4.121829301e-11	3.359165279e-13	5.707952843e-11	5.681888042e-11	4.576281366e-13	0.6977186319	0.6947661813	0.005576702949	
3.977	4.131277127e-11	4.100663668e-11	3.341738308e-13	5.678707617e-11	5.652810745e-11	4.552622771e-13	0.6941466177	0.6912133368	0.005547891406	
3.978	4.110087492e-11	4.07966101e-11	3.324446869e-13	5.649687079e-11	5.623956552e-11	4.529147509e-13	0.690602025	0.6876877322	0.005519302978	
3.979	4.089060849e-11	4.058819655e-11	3.307289558e-13	5.620888928e-11	5.595323184e-11	4.505853689e-13	0.6870845732	0.6841890889	0.005490935362	
3.98	4.068195527e-11	4.038137951e-11	3.290264987e-13	5.592310892e-11	5.566908387e-11	4.482739441e-13	0.6835939853	0.6807171323	0.005462786287	
3.981	4.047489875e-11	4.017614269e-11	3.273371788e-13	5.563950729e-11	5.538709939e-11	4.459802921e-13	0.6801299878	0.677271591	0.005434853509	
3.982	4.026942265e-11	3.997246999e-11	3.256608611e-13	5.535806225e-11	5.510725642e-11	4.437042308e-13	0.6766923106	0.6738521971	0.005407134814	
3.983	4.006551089e-11	3.977034551e-11	3.239974122e-13	5.507875195e-11	5.482953331e-11	4.414455805e-13	0.6732806874	0.6704586863	0.005379628015	
3.984	3.986314759e-11	3.956975359e-11	3.223467004e-13	5.480155479e-11	5.455390865e-11	4.392041638e-13	0.6698948547	0.6670907975	0.005352330955	
3.985	3.966231708e-11	3.937067872e-11	3.207085958e-13	5.452644946e-11	5.42803613e-11	4.369798053e-13	0.6665345529	0.6637482727	0.005325241502	
3.986	3.946300387e-11	3.917310561e-11	3.190829701e-13	5.425341494e-11	5.400887041e-11	4.347723322e-13	0.6631995252	0.6604308575	0.005298357553	
3.987	3.92651927e-11	3.897701916e-11	3.174696967e-13	5.398243043e-11	5.373941536e-11	4.325815737e-13	0.6598895184	0.6571383004	0.00527167703	
3.988	3.906886846e-11	3.878240447e-11	3.158686503e-13	5.371347544e-11	5.347197582e-11	4.304073611e-13	0.6566042821	0.6538703532	0.005245197884	
3.989	3.887401626e-11	3.858924681e-11	3.142797077e-13	5.344652968e-11	5.320653168e-11	4.28249528e-13	0.6533435694	0.6506267708	0.005218918088	
3.99	3.868062139e-11	3.839753164e-11	3.127027467e-13	5.318157317e-11	5.294306312e-11	4.261079099e-13	0.6501071362	0.647407311	0.005192835643	
3.991	3.848866932e-11	3.820724461e-11	3.111376472e-13	5.291858614e-11	5.268155053e-11	4.239823444e-13	0.6468947416	0.6442117349	0.005166948574	
3.992	3.829814569e-11	3.801837152e-11	3.0958429e-13	5.265754908e-11	5.242197456e-11	4.218726714e-13	0.6437061475	0.6410398062	0.005141254932	
3.993	3.810903634e-11	3.783089839e-11	3.08042558e-13	5.239844271e-11	5.21643161e-11	4.197787324e-13	0.6405411191	0.6378912917	0.005115752792	
3.994	3.792132728e-11	3.764481137e-11	3.065123351e-13	5.214124801e-11	5.190855627e-11	4.177003712e-13	0.6373994241	0.6347659612	0.00509044025	
3.995	3.773500468e-11	3.746009681e-11	3.049935068e-13	5.188594618e-11	5.165467643e-11	4.156374332e-13	0.6342808332	0.6316635871	0.00506531543	
3.996	3.75500549e-11	3.727674122e-11	3.034859602e-13	5.163251865e-11	5.140265816e-11	4.135897661e-13	0.6311851201	0.6285839446	0.005040376476	
3.997	3.736646444e-11	3.709473128e-11	3.019895835e-13	5.138094708e-11	5.115248327e-11	4.115572191e-13	0.628112061	0.6255268119	0.005015621556	
3.998	3.718422e-11	3.691405381e-11	3.005042665e-13	5.113121335e-11	5.09041338e-11	4.095396437e-13	0.625061435	0.6224919697	0.004991048862	
3.999	3.700330841e-11	3.673469582e-11	2.990299002e-13	5.088329957e-11	5.065759198e-11	4.075368927e-13	0.6220330237	0.6194792014	0.004966656606	
4	3.682371669e-11	3.655664447e-11	2.975663771e-13	5.063718806e-11	5.041284029e-11	4.055488212e-13	0.6190266117	0.616488293	0.004942443022	
4.001	3.6645432e-11	3.637988707e-11	2.961135909e-13	5.039286136e-11	5.01698614e-11	4.035752857e-13	0.6160419859	0.6135190331	0.004918406368	
4.002	3.646844166e-11	3.620441108e-11	2.946714366e-13	5.015030223e-11	4.992863821e-11	4.016161446e-13	0.6130789359	0.610571213	0.00489454492	
4.003	3.629273314e-11	3.603020413e-11	2.932398106e-13	4.99094936e-11	4.96891538e-11	3.996712582e-13	0.6101372539	0.6076446263	0.004870856977	
4.004	3.611829408e-11	3.585725398e-11	2.918186105e-13	4.967041866e-11	4.945139148e-11	3.977404881e-13	0.6072167344	0.6047390692	0.004847340859	
4.005	3.594511224e-11	3.568554855e-11	2.904077351e-13	4.943306076e-11	4.921533474e-11	3.958236979e-13	0.6043171746	0.6018543404	0.004823994904	
4.006	3.577317555e-11	3.55150759e-11	2.890070845e-13	4.919740347e-11	4.898096728e-11	3.939207527e-13	0.6014383739	0.5989902408	0.004800817472	
4.007	3.560247207e-11	3.534582423e-11	2.876165599e-13	4.896343054e-11	4.874827299e-11	3.920315193e-13	0.5985801343	0.5961465739	0.004777806943	
4.008	3.543299002e-11	3.517778189e-11	2.862360637e-13	4.873112594e-11	4.851723594e-11	3.901558661e-13	0.5957422602	0.5933231455	0.004754961716	
4.009	3.526471775e-11	3.501093737e-11	2.848654997e-13	4.850047381e-11	4.828784042e-11	3.88293663e-13	0.592924558	0.5905197636	0.004732280207	
4.01	3.509764374e-11	3.484527927e-11	2.835047726e-13	4.827145849e-11	4.806007087e-11	3.864447815e-13	0.5901268367	0.5877362384	0.004709760855	
4.011	3.493175663e-11	3.468079637e-11	2.821537883e-13	4.804406449e-11	4.783391195e-11	3.846090946e-13	0.5873489075	0.5849723827	0.004687402114	
4.012	3.476704517e-11	3.451747755e-11	2.808124539e-13	4.781827651e-11	4.760934847e-11	3.827864769e-13	0.5845905837	0.5822280111	0.004665202458	
4.013	3.460349825e-11	3.435531182e-11	2.794806775e-13	4.759407944e-11	4.738636543e-11	3.809768044e-13	0.581851681	0.5795029407	0.00464316038	
4.014	3.444110492e-11	3.419428834e-11	2.781583685e-13	4.737145834e-11	4.716494802e-11	3.791799547e-13	0.5791320171	0.5767969905	0.00462127439	
4.015	3.427985431e-11	3.403439639e-11	2.76845437e-13	4.715039845e-11	4.694508158e-11	3.773958066e-13	0.576431412	0.5741099818	0.004599543014	
4.016	3.411973572e-11	3.387562537e-11	2.755417946e-13	4.693088517e-11	4.672675164e-11	3.756242406e-13	0.5737496875	0.5714417379	0.004577964797	
4.017	3.396073854e-11	3.37179648e-11	2.742473536e-13	4.671290408e-11	4.650994388e-11	3.738651384e-13	0.5710866679	0.5687920842	0.004556538302	
4.018	3.380285232e-11	3.356140434e-11	2.729620275e-13	4.649644093e-11	4.629464417e-11	3.721183833e-13	0.5684421792	0.566160848	0.004535262107	
4.019	3.36460667e-11	3.340593376e-11	2.716857308e-13	4.628148164e-11	4.608083853e-11	3.703838597e-13	0.5658160496	0.5635478588	0.004514134808	
4.02	3.349037146e-11	3.325154294e-11	2.70418379e-13	4.606801227e-11	4.586851314e-11	3.686614535e-13	0.5632081092	0.560952948	0.004493155016	
4.021	3.333575649e-11	3.309822189e-11	2.691598886e-13	4.585601907e-11	4.565765435e-11	3.669510521e-13	0.5606181901	0.5583759489	0.004472321359	
4.022	3.318221181e-11	3.294596073e-11	2.67910177e-13	4.564548844e-11	4.544824865e-11	3.652525438e-13	0.5580461264	0.5558166967	0.004451632481	
4.023	3.302972753e-11	3.27947497e-11	2.666691625e-13	4.543640691e-11	4.52402827e-11	3.635658186e-13	0.5554917541	0.5532750285	0.004431087042	
4.024	3.287829391e-11	3.264457914e-11	2.654367646e-13	4.522876121e-11	4.503374332e-11	3.618907675e-13	0.5529549109	0.5507507835	0.004410683718	
4.025	3.272790128e-11	3.249543952e-11	2.642129036e-13	4.50225382e-11	4.482861746e-11	3.602272828e-13	0.5504354365	0.5482438024	0.004390421197	
4.026	3.257854011e-11	3.23473214e-11	2.629975007e-13	4.481772487e-11	4.462489223e-11	3.585752583e-13	0.5479331725	0.5457539279	0.004370298186	
4.027	3.243020097e-11	3.220021547e-11	2.617904779e-13	4.461430839e-11	4.442255489e-11	3.569345886e-13	0.5454479622	0.5432810044	0.004350313405	
4.028	3.228287455e-11	3.205411249e-11	2.605917583e-13	4.441227607e-11	4.422159283e-11	3.553051699e-13	0.5429796507	0.5408248783	0.00433046559	
4.029	3.213655162e-11	3.190900335e-11	2.594012659e-13	4.421161535e-11	4.402199361e-11	3.536868993e-13	0.5405280849	0.5383853974	0.004310753488	
4.03	3.199122308e-11	3.176487906e-11	2.582189252e-13	4.401231382e-11	4.38237449e-11	3.520796752e-13	0.5380931134	0.5359624114	0.004291175865	
4.031	3.184687992e-11	3.16217307e-11	2.570446621e-13	4.381435922e-11	4.362683453e-11	3.504833971e-13	0.5356745864	0.5335557717	0.004271731499	
4.032	3.170351324e-11	3.147954946e-11	2.55878403e-13	4.36177394e-11	4.343125047e-11	3.488979658e-13	0.5332723561	0.5311653314	0.004252419179	
4.033	3.156111423e-11	3.133832664e-11	2.547200751e-13	4.342244239e-11	4.32369808e-11	3.473232831e-13	0.5308862759	0.5287909451	0.004233237713	
4.034	3.141967418e-11	3.119805362e-11	2.535696066e-13	4.322845631e-11	4.304401375e-11	3.457592518e-13	0.5285162014	0.5264324693	0.004214185919	
4.035	3.12791845e-11	3.10587219e-11	2.524269265e-13	4.303576945e-11	4.28523377e-11	3.442057761e-13	0.5261619893	0.5240897618	0.004195262629	
4.036	3.113963666e-11	3.092032306e-11	2.512919645e-13	4.28443702e-11	4.266194112e-11	3.426627609e-13	0.5238234983	0.5217626821	0.004176466688	
4.037	3.100102226e-11	3.078284877e-11	2.501646512e-13	4.26542471e-11	4.247281265e-11	3.411301124e-13	0.5215005883	0.5194510915	0.004157796954	
4.038	3.086333298e-11	3.06462908e-11	2.490449179e-13	4.246538881e-11	4.228494102e-11	3.396077379e-13	0.5191931211	0.5171548524	0.0041392523	
4.039	3.072656058e-11	3.051064101e-11	2.479326967e-13	4.227778411e-11	4.20983151e-11	3.380955456e-13	0.5169009598	0.514873829	0.004120831607	
4.04	3.059069692e-11	3.037589136e-11	2.468279203e-13	4.209142193e-11	4.191292389e-11	3.365934448e-13	0.5146239692	0.512607887	0.004102533773	
4.041	3.045573396e-11	3.024203389e-11	2.457305226e-13	4.190629129e-11	4.17287565e-11	3.351013458e-13	0.5123620155	0.5103568935	0.004084357705	
4.042	3.032166375e-11	3.010906072e-11	2.446404377e-13	4.172238134e-11	4.154580218e-11	3.336191598e-13	0.5101149662	0.5081207171	0.004066302325	
4.043	3.018847841e-11	2.997696406e-11	2.435576007e-13	4.153968137e-11	4.136405026e-11	3.32146799e-13	0.5078826907	0.5058992279	0.004048366565	
4.044	3.005617016e-11	2.984573622e-11	2.424819475e-13	4.135818076e-11	4.118349023e-11	3.306841769e-13	0.5056650593	0.5036922973	0.004030549368	
4.045	2.99247313e-11	2.971536959e-11	2.414134146e-13	4.117786901e-11	4.100411167e-11	3.292312074e-13	0.5034619441	0.5014997982	0.004012849691	
4.046	2.979415421e-11	2.958585663e-11	2.403519391e-13	4.099873577e-11	4.082590427e-11	3.277878058e-13	0.5012732185	0.4993216049	0.003995266501	
4.047	2.966443138e-11	2.945718989e-11	2.39297459e-13	4.082077075e-11	4.064885786e-11	3.263538881e-13	0.4990987572	0.4971575929	0.003977798777	
4.048	2.953555534e-11	2.932936201e-11	2.382499128e-13	4.06439638e-11	4.047296234e-11	3.249293713e-13	0.4969384363	0.4950076392	0.003960445508	
4.049	2.940751874e-11	2.920236569e-11	2.372092398e-13	4.046830489e-11	4.029820775e-11	3.235141733e-13	0.4947921334	0.4928716222	0.003943205696	
4.05	2.928031428e-11	2.907619373e-11	2.361753799e-13	4.029378409e-11	4.012458423e-11	3.221082129e-13	0.4926597271	0.4907494215	0.003926078353	
4.051	2.915393476e-11	2.8950839e-11	2.351482737e-13	4.012039155e-11	3.995208203e-11	3.207114097e-13	0.4905410977	0.4886409179	0.0039090625	
4.052	2.902837304e-11	2.882629444e-11	2.341278624e-13	3.994811757e-11	3.978069149e-11	3.193236844e-13	0.4884361264	0.4865459938	0.003892157172	
4.053	2.890362209e-11	2.870255308e-11	2.331140878e-13	3.977695253e-11	3.961040307e-11	3.179449582e-13	0.486344696	0.4844645326	0.003875361411	
4.054	2.877967491e-11	2.857960801e-11	2.321068925e-13	3.960688691e-11	3.944120734e-11	3.165751535e-13	0.4842666903	0.4823964189	0.003858674272	
4.055	2.865652461e-11	2.845745241e-11	2.311062195e-13	3.943791131e-11	3.927309493e-11	3.152141934e-13	0.4822019947	0.4803415388	0.003842094819	
4.056	2.853416436e-11	2.833607952e-11	2.301120126e-13	3.927001641e-11	3.910605662e-11	3.138620017e-13	0.4801504953	0.4782997794	0.003825622125	
4.057	2.841258741e-11	2.821548265e-11	2.291242162e-13	3.910319302e-11	3.894008326e-11	3.125185033e-13	0.47811208	0.476271029	0.003809255277	
4.058	2.829178706e-11	2.80956552e-11	2.281427751e-13	3.8937432e-11	3.87751658e-11	3.111836236e-13	0.4760866374	0.4742551774	0.003792993366	
4.059	2.817175672e-11	2.797659063e-11	2.271676349e-13	3.877272435e-11	3.861129529e-11	3.09857289e-13	0.4740740575	0.4722521151	0.003776835497	
4.06	2.805248984e-11	2.785828245e-11	2.261987417e-13	3.860906115e-11	3.844846287e-11	3.085394266e-13	0.4720742315	0.470261734	0.003760780784	
4.061	2.793397995e-11	2.774072428e-11	2.252360421e-13	3.844643357e-11	3.828665979e-11	3.072299644e-13	0.4700870517	0.4682839273	0.003744828348	
4.062	2.781622065e-11	2.762390976e-11	2.242794835e-13	3.828483289e-11	3.812587738e-11	3.05928831e-13	0.4681124116	0.466318589	0.003728977322	
4.063	2.769920559e-11	2.750783265e-11	2.233290136e-13	3.812425045e-11	3.796610704e-11	3.046359558e-13	0.4661502057	0.4643656144	0.003713226848	
4.064	2.758292852e-11	2.739248672e-11	2.223845808e-13	3.796467771e-11	3.78073403e-11	3.03351269e-13	0.4642003296	0.4624248998	0.003697576074	
4.065	2.746738323e-11	2.727786585e-11	2.21446134e-13	3.780610621e-11	3.764956876e-11	3.020747016e-13	0.4622626801	0.4604963428	0.003682024161	
4.066	2.735256358e-11	2.716396395e-11	2.205136226e-13	3.764852758e-11	3.749278411e-11	3.008061851e-13	0.4603371551	0.4585798419	0.003666570277	
4.067	2.723846351e-11	2.705077503e-11	2.195869967e-13	3.749193354e-11	3.733697811e-11	2.995456519e-13	0.4584236534	0.4566752966	0.003651213599	
4.068	2.712507699e-11	2.693829314e-11	2.186662068e-13	3.733631588e-11	3.718214263e-11	2.982930351e-13	0.4565220751	0.4547826075	0.003635953311	
4.069	2.701239808e-11	2.682651238e-11	2.177512039e-13	3.71816665e-11	3.702826961e-11	2.970482685e-13	0.4546323211	0.4529016764	0.003620788609	
4.07	2.690042091e-11	2.671542694e-11	2.168419395e-13	3.702797736e-11	3.687535109e-11	2.958112865e-13	0.4527542935	0.4510324059	0.003605718694	
4.071	2.678913963e-11	2.660503105e-11	2.159383656e-13	3.687524053e-11	3.672337918e-11	2.945820242e-13	0.4508878952	0.4491746996	0.003590742777	
4.072	2.66785485e-11	2.649531901e-11	2.15040435e-13	3.672344813e-11	3.657234606e-11	2.933604176e-13	0.4490330304	0.4473284623	0.003575860077	
4.073	2.656864181e-11	2.638628517e-11	2.141481005e-13	3.657259239e-11	3.642224401e-11	2.92146403e-13	0.447189604	0.4454935996	0.003561069821	
4.074	2.645941391e-11	2.627792396e-11	2.132613157e-13	3.642266561e-11	3.627306538e-11	2.909399176e-13	0.4453575222	0.4436700181	0.003546371245	
4.075	2.635085921e-11	2.617022983e-11	2.123800347e-13	3.627366016e-11	3.61248026e-11	2.897408992e-13	0.4435366917	0.4418576255	0.00353176359	
4.076	2.624297219e-11	2.606319731e-11	2.115042119e-13	3.61255685e-11	3.597744819e-11	2.885492862e-13	0.4417270206	0.4400563302	0.003517246109	
4.077	2.613574738e-11	2.5956821e-11	2.106338023e-13	3.597838316e-11	3.583099472e-11	2.873650178e-13	0.4399284178	0.4382660418	0.003502818059	
4.078	2.602917935e-11	2.585109553e-11	2.097687613e-13	3.583209675e-11	3.568543485e-11	2.861880336e-13	0.438140793	0.4364866705	0.003488478707	
4.079	2.592326275e-11	2.574601559e-11	2.089090448e-13	3.568670196e-11	3.554076133e-11	2.850182739e-13	0.436364057	0.4347181277	0.003474227325	
4.08	2.581799227e-11	2.564157593e-11	2.080546091e-13	3.554219154e-11	3.539696696e-11	2.838556796e-13	0.4345981213	0.4329603257	0.003460063196	
4.081	2.571336266e-11	2.553777136e-11	2.072054111e-13	3.539855832e-11	3.525404462e-11	2.827001923e-13	0.4328428985	0.4312131775	0.003445985607	
4.082	2.560936871e-11	2.543459672e-11	2.063614079e-13	3.525579522e-11	3.511198727e-11	2.815517541e-13	0.431098302	0.429476597	0.003431993855	
4.083	2.550600529e-11	2.533204693e-11	2.055225573e-13	3.51138952e-11	3.497078793e-11	2.804103077e-13	0.4293642461	0.4277504991	0.003418087241	
4.084	2.54032673e-11	2.523011694e-11	2.046888172e-13	3.497285132e-11	3.483043969e-11	2.792757965e-13	0.4276406459	0.4260347995	0.003404265076	
4.085	2.530114969e-11	2.512880176e-11	2.038601463e-13	3.483265668e-11	3.469093573e-11	2.781481642e-13	0.4259274174	0.4243294147	0.003390526677	
4.086	2.519964747e-11	2.502809644e-11	2.030365034e-13	3.469330449e-11	3.455226926e-11	2.770273553e-13	0.4242244775	0.4226342621	0.003376871368	
4.087	2.50987557e-11	2.49279961e-11	2.02217848e-13	3.455478799e-11	3.441443361e-11	2.759133148e-13	0.4225317437	0.4209492599	0.003363298478	
4.088	2.49984695e-11	2.48284959e-11	2.014041397e-13	3.44171005e-11	3.427742213e-11	2.748059883e-13	0.4208491347	0.4192743272	0.003349807345	
4.089	2.4898784e-11	2.472959104e-11	2.005953389e-13	3.428023541e-11	3.414122825e-11	2.737053218e-13	0.4191765697	0.4176093837	0.003336397314	
4.09	2.479969443e-11	2.463127676e-11	1.997914059e-13	3.414418619e-11	3.400584548e-11	2.72611262e-13	0.4175139689	0.41595435	0.003323067734	
4.091	2.470119603e-11	2.453354839e-11	1.989923018e-13	3.400894634e-11	3.387126738e-11	2.715237561e-13	0.415861253	0.4143091477	0.003309817964	
4.092	2.46032841e-11	2.443640125e-11	1.98197988e-13	3.387450945e-11	3.373748758e-11	2.704427517e-13	0.4142183439	0.4126736988	0.003296647365	
4.093	2.450595399e-11	2.433983075e-11	1.974084262e-13	3.374086917e-11	3.360449976e-11	2.693681972e-13	0.412585164	0.4110479264	0.003283555309	
4.094	2.44092011e-11	2.424383233e-11	1.966235785e-13	3.360801921e-11	3.347229769e-11	2.683000411e-13	0.4109616365	0.4094317541	0.00327054117	
4.095	2.431302085e-11	2.414840146e-11	1.958434075e-13	3.347595334e-11	3.334087517e-11	2.672382328e-13	0.4093476854	0.4078251064	0.003257604332	
4.096	2.421740874e-11	2.405353369e-11	1.950678759e-13	3.33446654e-11	3.321022609e-11	2.661827221e-13	0.4077432355	0.4062279086	0.003244744183	
4.097	2.412236029e-11	2.395922457e-11	1.942969471e-13	3.321414928e-11	3.308034437e-11	2.65133459e-13	0.4061482121	0.4046400865	0.003231960116	
4.098	2.402787108e-11	2.386546973e-11	1.935305847e-13	3.308439893e-11	3.295122401e-11	2.640903945e-13	0.4045625416	0.4030615669	0.003219251533	
4.099	2.393393671e-11	2.377226483e-11	1.927687526e-13	3.295540837e-11	3.282285907e-11	2.630534797e-13	0.4029861508	0.4014922772	0.00320661784	
4.1	2.384055286e-11	2.367960556e-11	1.920114151e-13	3.282717166e-11	3.269524366e-11	2.620226663e-13	0.4014189674	0.3999321454	0.003194058449	
4.101	2.374771521e-11	2.358748768e-11	1.912585369e-13	3.269968295e-11	3.256837194e-11	2.609979065e-13	0.3998609197	0.3983811003	0.003181572777	
4.102	2.365541952e-11	2.349590697e-11	1.905100831e-13	3.257293641e-11	3.244223814e-11	2.599791529e-13	0.3983119368	0.3968390714	0.003169160249	
4.103	2.356366156e-11	2.340485925e-11	1.897660189e-13	3.244692628e-11	3.231683655e-11	2.589663586e-13	0.3967719484	0.3953059889	0.003156820293	
4.104	2.347243716e-11	2.331434039e-11	1.890263102e-13	3.232164688e-11	3.219216149e-11	2.579594772e-13	0.3952408849	0.3937817837	0.003144552345	
4.105	2.338174219e-11	2.32243463e-11	1.882909229e-13	3.219709254e-11	3.206820737e-11	2.569584628e-13	0.3937186773	0.3922663872	0.003132355844	
4.106	2.329157255e-11	2.313487292e-11	1.875598234e-13	3.207325769e-11	3.194496863e-11	2.559632697e-13	0.3922052575	0.3907597316	0.003120230236	
4.107	2.320192419e-11	2.304591625e-11	1.868329784e-13	3.195013677e-11	3.182243976e-11	2.549738528e-13	0.3907005578	0.3892617498	0.003108174972	
4.108	2.311279309e-11	2.295747229e-11	1.861103549e-13	3.182772432e-11	3.170061532e-11	2.539901676e-13	0.3892045113	0.3877723752	0.003096189509	
4.109	2.302417527e-11	2.286953712e-11	1.853919202e-13	3.170601489e-11	3.157948991e-11	2.530121698e-13	0.3877170517	0.3862915419	0.003084273309	
4.11	2.29360668e-11	2.278210684e-11	1.846776421e-13	3.15850031e-11	3.145905819e-11	2.520398155e-13	0.3862381133	0.3848191847	0.003072425837	
4.111	2.284846378e-11	2.269517758e-11	1.839674884e-13	3.146468363e-11	3.133931487e-11	2.510730614e-13	0.3847676311	0.3833552389	0.003060646567	
4.112	2.276136234e-11	2.260874552e-11	1.832614274e-13	3.13450512e-11	3.12202547e-11	2.501118645e-13	0.3833055405	0.3818996405	0.003048934974	
4.113	2.267475865e-11	2.252280687e-11	1.825594277e-13	3.122610059e-11	3.110187249e-11	2.491561823e-13	0.381851778	0.3804523261	0.003037290541	
4.114	2.258864893e-11	2.243735787e-11	1.818614583e-13	3.11078266e-11	3.098416309e-11	2.482059727e-13	0.3804062801	0.3790132328	0.003025712756	
4.115	2.250302941e-11	2.235239481e-11	1.811674882e-13	3.099022413e-11	3.086712142e-11	2.472611938e-13	0.3789689844	0.3775822985	0.003014201109	
4.116	2.241789639e-11	2.226791401e-11	1.804774869e-13	3.087328808e-11	3.075074243e-11	2.463218043e-13	0.3775398288	0.3761594616	0.003002755098	
4.117	2.233324618e-11	2.218391182e-11	1.797914242e-13	3.075701343e-11	3.063502111e-11	2.453877633e-13	0.3761187519	0.3747446609	0.002991374223	
4.118	2.224907512e-11	2.210038462e-11	1.791092702e-13	3.064139518e-11	3.051995251e-11	2.444590302e-13	0.3747056928	0.373337836	0.002980057992	
4.119	2.216537962e-11	2.201732885e-11	1.784309952e-13	3.052642841e-11	3.040553174e-11	2.435355648e-13	0.3733005913	0.371938927	0.002968805915	
4.12	2.208215607e-11	2.193474094e-11	1.777565697e-13	3.041210822e-11	3.029175392e-11	2.426173274e-13	0.3719033876	0.3705478746	0.002957617508	
4.121	2.199940095e-11	2.185261739e-11	1.770859648e-13	3.029842977e-11	3.017861425e-11	2.417042784e-13	0.3705140227	0.36916462	0.00294649229	
4.122	2.191711073e-11	2.177095473e-11	1.764191515e-13	3.018538825e-11	3.006610796e-11	2.407963789e-13	0.3691324379	0.3677891048	0.002935429787	
4.123	2.183528193e-11	2.16897495e-11	1.757561012e-13	3.007297892e-11	2.995423033e-11	2.398935901e-13	0.3677585751	0.3664212715	0.002924429527	
4.124	2.175391111e-11	2.160899829e-11	1.750967858e-13	2.996119705e-11	2.984297666e-11	2.389958738e-13	0.3663923768	0.3650610629	0.002913491043	
4.125	2.167299486e-11	2.152869772e-11	1.744411772e-13	2.985003799e-11	2.973234234e-11	2.381031919e-13	0.3650337862	0.3637084224	0.002902613874	
4.126	2.159252978e-11	2.144884444e-11	1.737892476e-13	2.973949711e-11	2.962232275e-11	2.372155069e-13	0.3636827467	0.3623632938	0.002891797562	
4.127	2.151251253e-11	2.136943513e-11	1.731409695e-13	2.962956983e-11	2.951291336e-11	2.363327815e-13	0.3623392024	0.3610256215	0.002881041653	
4.128	2.143293979e-11	2.12904665e-11	1.724963156e-13	2.952025162e-11	2.940410966e-11	2.354549787e-13	0.3610030979	0.3596953506	0.002870345698	
4.129	2.135380826e-11	2.121193529e-11	1.71855259e-13	2.941153796e-11	2.929590717e-11	2.345820621e-13	0.3596743784	0.3583724264	0.002859709252	
4.13	2.127511469e-11	2.113383828e-11	1.71217773e-13	2.930342442e-11	2.918830147e-11	2.337139953e-13	0.3583529894	0.3570567949	0.002849131873	
4.131	2.119685584e-11	2.105617225e-11	1.705838309e-13	2.919590657e-11	2.908128817e-11	2.328507426e-13	0.357038877	0.3557484025	0.002838613125	
4.132	2.111902851e-11	2.097893406e-11	1.699534067e-13	2.908898005e-11	2.897486294e-11	2.319922682e-13	0.3557319879	0.3544471961	0.002828152575	
4.133	2.104162954e-11	2.090212054e-11	1.693264743e-13	2.898264052e-11	2.886902146e-11	2.311385371e-13	0.3544322691	0.3531531233	0.002817749794	
4.134	2.096465579e-11	2.08257286e-11	1.687030078e-13	2.887688368e-11	2.876375946e-11	2.302895142e-13	0.3531396683	0.3518661318	0.002807404356	
4.135	2.088810413e-11	2.074975516e-11	1.680829819e-13	2.877170529e-11	2.865907273e-11	2.294451649e-13	0.3518541335	0.35058617	0.002797115841	
4.136	2.081197149e-11	2.067419715e-11	1.674663711e-13	2.866710112e-11	2.855495707e-11	2.286054552e-13	0.3505756132	0.3493131868	0.002786883832	
4.137	2.073625482e-11	2.059905155e-11	1.668531505e-13	2.856306701e-11	2.845140833e-11	2.277703508e-13	0.3493040565	0.3480471315	0.002776707914	
4.138	2.066095107e-11	2.052431535e-11	1.662432952e-13	2.84595988e-11	2.83484224e-11	2.269398183e-13	0.3480394128	0.3467879539	0.002766587679	
4.139	2.058605725e-11	2.04499856e-11	1.656367806e-13	2.835669241e-11	2.824599521e-11	2.261138242e-13	0.346781632	0.3455356042	0.002756522721	
4.14	2.051157039e-11	2.037605934e-11	1.650335823e-13	2.825434375e-11	2.814412271e-11	2.252923355e-13	0.3455306645	0.344290033	0.002746512637	
4.141	2.043748755e-11	2.030253366e-11	1.644336762e-13	2.815254882e-11	2.80428009e-11	2.244753196e-13	0.3442864612	0.3430511914	0.002736557029	
4.142	2.036380579e-11	2.022940566e-11	1.638370382e-13	2.805130361e-11	2.794202582e-11	2.236627439e-13	0.3430489732	0.3418190312	0.002726655502	
4.143	2.029052223e-11	2.015667247e-11	1.632436449e-13	2.795060417e-11	2.784179354e-11	2.228545763e-13	0.3418181524	0.3405935041	0.002716807665	
4.144	2.0217634e-11	2.008433127e-11	1.626534725e-13	2.785044658e-11	2.774210015e-11	2.220507849e-13	0.3405939508	0.3393745627	0.002707013129	
4.145	2.014513826e-11	2.001237922e-11	1.620664978e-13	2.775082695e-11	2.764294181e-11	2.212513382e-13	0.339376321	0.3381621597	0.002697271511	
4.146	2.00730322e-11	1.994081355e-11	1.614826977e-13	2.765174145e-11	2.754431468e-11	2.204562049e-13	0.338165216	0.3369562486	0.002687582429	
4.147	2.000131301e-11	1.986963149e-11	1.609020494e-13	2.755318624e-11	2.744621498e-11	2.196653541e-13	0.3369605893	0.3357567829	0.002677945507	
4.148	1.992997794e-11	1.979883029e-11	1.603245302e-13	2.745515755e-11	2.734863894e-11	2.188787548e-13	0.3357623946	0.3345637168	0.00266836037	
4.149	1.985902425e-11	1.972840725e-11	1.597501176e-13	2.735765162e-11	2.725158284e-11	2.180963768e-13	0.3345705862	0.3333770047	0.002658826647	
4.15	1.978844921e-11	1.965835968e-11	1.591787894e-13	2.726066476e-11	2.715504299e-11	2.173181899e-13	0.3333851188	0.3321966016	0.002649343971	
4.151	1.971825013e-11	1.958868489e-11	1.586105234e-13	2.716419327e-11	2.705901574e-11	2.165441641e-13	0.3322059474	0.3310224629	0.002639911978	
4.152	1.964842436e-11	1.951938026e-11	1.580452979e-13	2.706823351e-11	2.696349745e-11	2.157742697e-13	0.3310330274	0.3298545441	0.002630530308	
4.153	1.957896923e-11	1.945044316e-11	1.574830912e-13	2.697278185e-11	2.686848453e-11	2.150084775e-13	0.3298663147	0.3286928014	0.002621198601	
4.154	1.950988213e-11	1.9381871e-11	1.569238817e-13	2.687783472e-11	2.677397342e-11	2.142467584e-13	0.3287057655	0.3275371914	0.002611916505	
4.155	1.944116047e-11	1.93136612e-11	1.563676482e-13	2.678338856e-11	2.667996059e-11	2.134890833e-13	0.3275513365	0.3263876708	0.002602683667	
4.156	1.937280166e-11	1.92458112e-11	1.558143696e-13	2.668943985e-11	2.658644254e-11	2.127354238e-13	0.3264029846	0.3252441969	0.00259349974	
4.157	1.930480315e-11	1.917831849e-11	1.55264025e-13	2.65959851e-11	2.64934158e-11	2.119857515e-13	0.3252606672	0.3241067274	0.002584364378	
4.158	1.923716242e-11	1.911118055e-11	1.547165937e-13	2.650302085e-11	2.640087693e-11	2.112400383e-13	0.3241243421	0.3229752202	0.00257527724	
4.159	1.916987695e-11	1.90443949e-11	1.54172055e-13	2.641054366e-11	2.630882251e-11	2.104982563e-13	0.3229939673	0.3218496337	0.002566237985	
4.16	1.910294425e-11	1.897795908e-11	1.536303887e-13	2.631855014e-11	2.621724918e-11	2.097603779e-13	0.3218695014	0.3207299266	0.002557246278	
4.161	1.903636188e-11	1.891187064e-11	1.530915746e-13	2.622703692e-11	2.612615359e-11	2.090263759e-13	0.3207509033	0.319616058	0.002548301786	
4.162	1.897012737e-11	1.884612717e-11	1.525555926e-13	2.613600066e-11	2.60355324e-11	2.082962229e-13	0.319638132	0.3185079873	0.002539404179	
4.163	1.890423831e-11	1.878072626e-11	1.52022423e-13	2.604543804e-11	2.594538234e-11	2.075698923e-13	0.3185311472	0.3174056744	0.002530553128	
4.164	1.883869229e-11	1.871566554e-11	1.51492046e-13	2.595534578e-11	2.585570013e-11	2.068473572e-13	0.3174299088	0.3163090794	0.00252174831	
4.165	1.877348695e-11	1.865094265e-11	1.509644422e-13	2.586572063e-11	2.576648255e-11	2.061285913e-13	0.316334377	0.3152181627	0.002512989404	
4.166	1.870861991e-11	1.858655525e-11	1.504395922e-13	2.577655936e-11	2.567772638e-11	2.054135683e-13	0.3152445125	0.3141328853	0.002504276089	
4.167	1.864408885e-11	1.852250103e-11	1.49917477e-13	2.568785876e-11	2.558942845e-11	2.047022624e-13	0.3141602761	0.3130532081	0.00249560805	
4.168	1.857989143e-11	1.845877769e-11	1.493980775e-13	2.559961568e-11	2.55015856e-11	2.039946478e-13	0.3130816292	0.3119790929	0.002486984973	
4.169	1.851602537e-11	1.839538295e-11	1.488813749e-13	2.551182696e-11	2.541419471e-11	2.032906989e-13	0.3120085334	0.3109105013	0.002478406549	
4.17	1.845248838e-11	1.833231455e-11	1.483673506e-13	2.542448949e-11	2.532725269e-11	2.025903905e-13	0.3109409505	0.3098473955	0.002469872468	
4.171	1.838927821e-11	1.826957025e-11	1.47855986e-13	2.533760018e-11	2.524075645e-11	2.018936975e-13	0.309878843	0.308789738	0.002461382425	
4.172	1.832639261e-11	1.820714785e-11	1.473472629e-13	2.525115596e-11	2.515470296e-11	2.01200595e-13	0.3088221732	0.3077374917	0.002452936118	
4.173	1.826382937e-11	1.814504513e-11	1.46841163e-13	2.516515379e-11	2.506908919e-11	2.005110584e-13	0.3077709043	0.3066906196	0.002444533247	
4.174	1.820158628e-11	1.808325991e-11	1.463376683e-13	2.507959067e-11	2.498391215e-11	1.998250632e-13	0.3067249993	0.3056490851	0.002436173514	
4.175	1.813966116e-11	1.802179003e-11	1.45836761e-13	2.499446361e-11	2.489916888e-11	1.991425852e-13	0.3056844218	0.3046128521	0.002427856624	
4.176	1.807805184e-11	1.796063336e-11	1.453384233e-13	2.490976964e-11	2.481485643e-11	1.984636004e-13	0.3046491356	0.3035818845	0.002419582284	
4.177	1.801675618e-11	1.789978775e-11	1.448426378e-13	2.482550584e-11	2.473097188e-11	1.977880849e-13	0.303619105	0.3025561467	0.002411350205	
4.178	1.795577206e-11	1.783925111e-11	1.443493869e-13	2.474166928e-11	2.464751234e-11	1.971160152e-13	0.3025942943	0.3015356033	0.002403160099	
4.179	1.789509735e-11	1.777902134e-11	1.438586534e-13	2.465825709e-11	2.456447494e-11	1.964473678e-13	0.3015746684	0.3005202194	0.002395011681	
4.18	1.783472998e-11	1.771909637e-11	1.433704203e-13	2.45752664e-11	2.448185683e-11	1.957821195e-13	0.3005601922	0.2995099602	0.002386904668	
4.181	1.777466786e-11	1.765947414e-11	1.428846705e-13	2.449269437e-11	2.43996552e-11	1.951202474e-13	0.2995508311	0.2985047911	0.00237883878	
4.182	1.771490894e-11	1.760015262e-11	1.424013871e-13	2.441053819e-11	2.431786725e-11	1.944617285e-13	0.2985465508	0.2975046781	0.002370813739	
4.183	1.765545118e-11	1.754112979e-11	1.419205536e-13	2.432879507e-11	2.42364902e-11	1.938065402e-13	0.2975473171	0.2965095873	0.00236282927	
4.184	1.759629256e-11	1.748240365e-11	1.414421534e-13	2.424746225e-11	2.415552131e-11	1.931546602e-13	0.2965530964	0.295519485	0.002354885099	
4.185	1.753743107e-11	1.742397219e-11	1.4096617e-13	2.416653697e-11	2.407495784e-11	1.925060661e-13	0.295563855	0.2945343379	0.002346980955	
4.186	1.747886472e-11	1.736583347e-11	1.404925872e-13	2.408601652e-11	2.39947971e-11	1.918607358e-13	0.2945795597	0.293554113	0.00233911657	
4.187	1.742059154e-11	1.730798551e-11	1.400213889e-13	2.40058982e-11	2.391503639e-11	1.912186476e-13	0.2936001777	0.2925787776	0.002331291677	
4.188	1.736260958e-11	1.725042639e-11	1.395525591e-13	2.392617933e-11	2.383567306e-11	1.905797797e-13	0.2926256762	0.2916082991	0.002323506013	
4.189	1.73049169e-11	1.719315418e-11	1.390860819e-13	2.384685727e-11	2.375670448e-11	1.899441106e-13	0.2916560228	0.2906426453	0.002315759314	
4.19	1.724751158e-11	1.713616698e-11	1.386219416e-13	2.376792937e-11	2.367812802e-11	1.89311619e-13	0.2906911855	0.2896817843	0.002308051322	
4.191	1.71903917e-11	1.70794629e-11	1.381601226e-13	2.368939303e-11	2.35999411e-11	1.886822836e-13	0.2897311322	0.2887256843	0.002300381778	
4.192	1.713355537e-11	1.702304006e-11	1.377006095e-13	2.361124566e-11	2.352214113e-11	1.880560836e-13	0.2887758314	0.287774314	0.002292750428	
4.193	1.707700073e-11	1.69668966e-11	1.372433868e-13	2.35334847e-11	2.344472558e-11	1.874329981e-13	0.2878252519	0.2868276421	0.002285157017	
4.194	1.70207259e-11	1.691103069e-11	1.367884394e-13	2.345610759e-11	2.33676919e-11	1.868130064e-13	0.2868793624	0.2858856378	0.002277601295	
4.195	1.696472906e-11	1.685544049e-11	1.363357522e-13	2.337911182e-11	2.329103759e-11	1.861960882e-13	0.2859381321	0.2849482704	0.002270083013	
4.196	1.690900835e-11	1.680012419e-11	1.358853102e-13	2.330249488e-11	2.321476015e-11	1.855822231e-13	0.2850015305	0.2840155095	0.002262601922	
4.197	1.685356198e-11	1.674507999e-11	1.354370987e-13	2.322625429e-11	2.313885713e-11	1.84971391e-13	0.2840695273	0.2830873249	0.002255157779	
4.198	1.679838814e-11	1.669030612e-11	1.349911028e-13	2.315038757e-11	2.306332607e-11	1.843635718e-13	0.2831420923	0.2821636867	0.00224775034	
4.199	1.674348505e-11	1.663580079e-11	1.345473081e-13	2.30748923e-11	2.298816454e-11	1.83758746e-13	0.2822191958	0.2812445653	0.002240379364	
4.2	1.668885094e-11	1.658156226e-11	1.341056999e-13	2.299976605e-11	2.291337014e-11	1.831568937e-13	0.2813008081	0.2803299312	0.002233044612	
4.201	1.663448405e-11	1.652758879e-11	1.336662641e-13	2.292500641e-11	2.283894048e-11	1.825579955e-13	0.2803868999	0.2794197552	0.002225745847	
4.202	1.658038263e-11	1.647387864e-11	1.332289863e-13	2.2850611e-11	2.276487318e-11	1.819620321e-13	0.2794774421	0.2785140084	0.002218482833	
4.203	1.652654497e-11	1.642043012e-11	1.327938524e-13	2.277657746e-11	2.269116589e-11	1.813689844e-13	0.2785724058	0.277612662	0.002211255337	
4.204	1.647296935e-11	1.636724152e-11	1.323608484e-13	2.270290344e-11	2.261781629e-11	1.807788333e-13	0.2776717624	0.2767156877	0.002204063129	
4.205	1.641965406e-11	1.631431115e-11	1.319299605e-13	2.262958662e-11	2.254482206e-11	1.8019156e-13	0.2767754834	0.275823057	0.002196905977	
4.206	1.636659744e-11	1.626163735e-11	1.315011748e-13	2.255662468e-11	2.247218091e-11	1.796071457e-13	0.2758835408	0.2749347421	0.002189783656	
4.207	1.631379779e-11	1.620921846e-11	1.310744777e-13	2.248401535e-11	2.239989056e-11	1.790255721e-13	0.2749959064	0.274050715	0.002182695938	
4.208	1.626125347e-11	1.615705284e-11	1.306498557e-13	2.241175634e-11	2.232794876e-11	1.784468206e-13	0.2741125527	0.2731709483	0.002175642601	
4.209	1.620896282e-11	1.610513885e-11	1.302272952e-13	2.233984541e-11	2.225635326e-11	1.77870873e-13	0.273233452	0.2722954146	0.002168623421	
4.21	1.615692422e-11	1.605347488e-11	1.29806783e-13	2.226828032e-11	2.218510185e-11	1.772977113e-13	0.2723585772	0.2714240867	0.002161638179	
4.211	1.610513605e-11	1.600205933e-11	1.293883059e-13	2.219705885e-11	2.211419232e-11	1.767273174e-13	0.2714879011	0.2705569378	0.002154686656	
4.212	1.605359671e-11	1.59508906e-11	1.289718506e-13	2.212617882e-11	2.204362249e-11	1.761596736e-13	0.2706213969	0.269693941	0.002147768634	
4.213	1.600230459e-11	1.589996711e-11	1.285574043e-13	2.205563803e-11	2.197339018e-11	1.755947622e-13	0.269759038	0.26883507	0.0021408839	
4.214	1.595125812e-11	1.58492873e-11	1.281449539e-13	2.198543433e-11	2.190349326e-11	1.750325657e-13	0.268900798	0.2679802985	0.00213403224	
4.215	1.590045573e-11	1.579884961e-11	1.277344867e-13	2.191556557e-11	2.183392958e-11	1.744730666e-13	0.2680466506	0.2671296003	0.002127213441	
4.216	1.584989587e-11	1.574865251e-11	1.2732599e-13	2.184602962e-11	2.176469703e-11	1.739162479e-13	0.2671965698	0.2662829497	0.002120427294	
4.217	1.579957699e-11	1.569869446e-11	1.269194512e-13	2.177682436e-11	2.16957935e-11	1.733620923e-13	0.2663505299	0.2654403209	0.002113673591	
4.218	1.574949757e-11	1.564897395e-11	1.265148578e-13	2.17079477e-11	2.162721692e-11	1.728105829e-13	0.2655085052	0.2646016886	0.002106952126	
4.219	1.569965608e-11	1.559948947e-11	1.261121973e-13	2.163939757e-11	2.155896522e-11	1.722617028e-13	0.2646704704	0.2637670274	0.002100262692	
4.22	1.565005102e-11	1.555023953e-11	1.257114575e-13	2.15711719e-11	2.149103634e-11	1.717154354e-13	0.2638364003	0.2629363123	0.002093605087	
4.221	1.56006809e-11	1.550122265e-11	1.253126262e-13	2.150326864e-11	2.142342826e-11	1.711717641e-13	0.2630062698	0.2621095185	0.002086979109	
4.222	1.555154423e-11	1.545243736e-11	1.249156913e-13	2.143568577e-11	2.135613895e-11	1.706306724e-13	0.2621800542	0.2612866213	0.002080384558	
4.223	1.550263954e-11	1.54038822e-11	1.245206407e-13	2.136842127e-11	2.128916641e-11	1.700921441e-13	0.261357729	0.2604675962	0.002073821236	
4.224	1.545396537e-11	1.535555572e-11	1.241274625e-13	2.130147314e-11	2.122250866e-11	1.69556163e-13	0.2605392696	0.259652419	0.002067288945	
4.225	1.540552027e-11	1.53074565e-11	1.237361449e-13	2.12348394e-11	2.115616372e-11	1.69022713e-13	0.2597246519	0.2588410656	0.002060787489	
4.226	1.535730281e-11	1.52595831e-11	1.233466762e-13	2.116851808e-11	2.109012965e-11	1.684917782e-13	0.2589138518	0.258033512	0.002054316676	
4.227	1.530931157e-11	1.521193412e-11	1.229590448e-13	2.110250723e-11	2.102440448e-11	1.679633428e-13	0.2581068455	0.2572297346	0.002047876312	
4.228	1.526154512e-11	1.516450814e-11	1.22573239e-13	2.103680492e-11	2.095898632e-11	1.674373911e-13	0.2573036094	0.2564297098	0.002041466207	
4.229	1.521400207e-11	1.511730379e-11	1.221892475e-13	2.097140922e-11	2.089387323e-11	1.669139076e-13	0.25650412	0.2556334143	0.002035086171	
4.23	1.516668103e-11	1.507031969e-11	1.218070588e-13	2.090631822e-11	2.082906333e-11	1.663928768e-13	0.255708354	0.254840825	0.002028736016	
4.231	1.51195806e-11	1.502355445e-11	1.214266618e-13	2.084153004e-11	2.076455474e-11	1.658742835e-13	0.2549162883	0.2540519188	0.002022415557	
4.232	1.507269943e-11	1.497700673e-11	1.210480452e-13	2.07770428e-11	2.070034558e-11	1.653581124e-13	0.2541279	0.253266673	0.002016124608	
4.233	1.502603615e-11	1.493067517e-11	1.206711978e-13	2.071285464e-11	2.063643401e-11	1.648443485e-13	0.2533431663	0.2524850649	0.002009862985	
4.234	1.497958941e-11	1.488455844e-11	1.202961088e-13	2.06489637e-11	2.05728182e-11	1.643329768e-13	0.2525620647	0.2517070721	0.002003630506	
4.235	1.493335787e-11	1.483865522e-11	1.199227671e-13	2.058536816e-11	2.050949631e-11	1.638239825e-13	0.2517845728	0.2509326723	0.001997426991	
4.236	1.488734021e-11	1.479296417e-11	1.19551162e-13	2.052206619e-11	2.044646654e-11	1.633173509e-13	0.2510106682	0.2501618434	0.00199125226	
4.237	1.484153511e-11	1.474748401e-11	1.191812826e-13	2.045905599e-11	2.038372709e-11	1.628130673e-13	0.2502403291	0.2493945634	0.001985106136	
4.238	1.479594126e-11	1.470221343e-11	1.188131183e-13	2.039633577e-11	2.032127618e-11	1.623111173e-13	0.2494735335	0.2486308106	0.001978988442	
4.239	1.475055735e-11	1.465715114e-11	1.184466584e-13	2.033390374e-11	2.025911204e-11	1.618114864e-13	0.2487102596	0.2478705634	0.001972899002	
4.24	1.470538211e-11	1.461229587e-11	1.180818926e-13	2.027175815e-11	2.019723292e-11	1.613141604e-13	0.247950486	0.2471138004	0.001966837643	
4.241	1.466041425e-11	1.456764635e-11	1.177188103e-13	2.020989725e-11	2.013563708e-11	1.608191252e-13	0.2471941912	0.2463605002	0.001960804193	
4.242	1.461565251e-11	1.452320132e-11	1.173574012e-13	2.014831929e-11	2.007432279e-11	1.603263666e-13	0.2464413541	0.2456106418	0.00195479848	
4.243	1.457109563e-11	1.447895954e-11	1.16997655e-13	2.008702255e-11	2.001328833e-11	1.598358707e-13	0.2456919535	0.2448642042	0.001948820334	
4.244	1.452674235e-11	1.443491976e-11	1.166395615e-13	2.002600532e-11	1.995253201e-11	1.593476238e-13	0.2449459686	0.2441211666	0.001942869586	
4.245	1.448259144e-11	1.439108077e-11	1.162831107e-13	1.996526591e-11	1.989205213e-11	1.58861612e-13	0.2442033786	0.2433815084	0.001936946071	
4.246	1.443864167e-11	1.434744133e-11	1.159282924e-13	1.990480262e-11	1.983184702e-11	1.583778217e-13	0.2434641629	0.2426452092	0.00193104962	
4.247	1.439489181e-11	1.430400024e-11	1.155750967e-13	1.984461379e-11	1.977191502e-11	1.578962394e-13	0.2427283012	0.2419122485	0.001925180071	
4.248	1.435134066e-11	1.426075629e-11	1.152235138e-13	1.978469775e-11	1.971225447e-11	1.574168516e-13	0.2419957731	0.2411826062	0.001919337258	
4.249	1.430798702e-11	1.42177083e-11	1.148735337e-13	1.972505286e-11	1.965286374e-11	1.569396451e-13	0.2412665585	0.2404562624	0.001913521021	
4.25	1.426482968e-11	1.417485509e-11	1.145251469e-13	1.966567749e-11	1.95937412e-11	1.564646066e-13	0.2405406374	0.2397331971	0.001907731197	
4.251	1.422186747e-11	1.413219547e-11	1.141783436e-13	1.960657e-11	1.953488524e-11	1.55991723e-13	0.2398179901	0.2390133906	0.001901967628	
4.252	1.41790992e-11	1.408972828e-11	1.138331142e-13	1.95477288e-11	1.947629425e-11	1.555209813e-13	0.2390985968	0.2382968234	0.001896230154	
4.253	1.413652372e-11	1.404745237e-11	1.134894492e-13	1.948915227e-11	1.941796665e-11	1.550523686e-13	0.238382438	0.237583476	0.001890518618	
4.254	1.409413987e-11	1.400536658e-11	1.131473392e-13	1.943083885e-11	1.935990087e-11	1.54585872e-13	0.2376694944	0.2368733292	0.001884832865	
4.255	1.405194649e-11	1.396346979e-11	1.128067748e-13	1.937278694e-11	1.930209532e-11	1.541214788e-13	0.2369597468	0.2361663638	0.001879172738	
4.256	1.400994244e-11	1.392176085e-11	1.124677467e-13	1.931499499e-11	1.924454847e-11	1.536591763e-13	0.2362531759	0.2354625608	0.001873538084	
4.257	1.39681266e-11	1.388023865e-11	1.121302456e-13	1.925746145e-11	1.918725877e-11	1.531989521e-13	0.235549763	0.2347619015	0.001867928751	
4.258	1.392649784e-11	1.383890207e-11	1.117942625e-13	1.920018477e-11	1.913022468e-11	1.527407936e-13	0.2348494891	0.234064367	0.001862344586	
4.259	1.388505505e-11	1.379775001e-11	1.114597881e-13	1.914316344e-11	1.907344469e-11	1.522846886e-13	0.2341523357	0.2333699388	0.00185678544	
4.26	1.384379711e-11	1.375678137e-11	1.111268135e-13	1.908639593e-11	1.901691729e-11	1.518306247e-13	0.2334582842	0.2326785986	0.001851251163	
4.261	1.380272293e-11	1.371599506e-11	1.107953298e-13	1.902988074e-11	1.896064098e-11	1.513785899e-13	0.2327673161	0.2319903279	0.001845741606	
4.262	1.376183142e-11	1.367538999e-11	1.10465328e-13	1.897361637e-11	1.890461428e-11	1.509285719e-13	0.2320794134	0.2313051087	0.001840256623	
4.263	1.372112149e-11	1.36349651e-11	1.101367992e-13	1.891760134e-11	1.884883571e-11	1.504805589e-13	0.2313945578	0.2306229229	0.001834796068	
4.264	1.368059208e-11	1.359471932e-11	1.098097349e-13	1.886183419e-11	1.879330381e-11	1.50034539e-13	0.2307127313	0.2299437527	0.001829359796	
4.265	1.364024211e-11	1.35546516e-11	1.094841261e-13	1.880631343e-11	1.873801712e-11	1.495905002e-13	0.2300339161	0.2292675801	0.001823947662	
4.266	1.360007053e-11	1.351476088e-11	1.091599644e-13	1.875103764e-11	1.86829742e-11	1.491484309e-13	0.2293580946	0.2285943878	0.001818559525	
4.267	1.356007629e-11	1.347504612e-11	1.088372411e-13	1.869600536e-11	1.862817363e-11	1.487083195e-13	0.228685249	0.2279241581	0.001813195242	
4.268	1.352025834e-11	1.343550628e-11	1.085159478e-13	1.864121517e-11	1.857361397e-11	1.482701545e-13	0.2280153619	0.2272568736	0.001807854673	
4.269	1.348061564e-11	1.339614035e-11	1.08196076e-13	1.858666565e-11	1.851929381e-11	1.478339242e-13	0.2273484161	0.2265925172	0.001802537677	
4.27	1.344114718e-11	1.33569473e-11	1.078776172e-13	1.853235539e-11	1.846521177e-11	1.473996174e-13	0.2266843943	0.2259310716	0.001797244118	
4.271	1.340185192e-11	1.331792613e-11	1.075605634e-13	1.847828299e-11	1.841136644e-11	1.469672228e-13	0.2260232794	0.22527252	0.001791973856	
4.272	1.336272887e-11	1.327907581e-11	1.07244906e-13	1.842444706e-11	1.835775644e-11	1.465367291e-13	0.2253650544	0.2246168455	0.001786726755	
4.273	1.3323777e-11	1.324039537e-11	1.06930637e-13	1.837084623e-11	1.830438041e-11	1.461081253e-13	0.2247097026	0.2239640312	0.00178150268	
4.274	1.328499532e-11	1.320188381e-11	1.066177483e-13	1.831747913e-11	1.825123698e-11	1.456814002e-13	0.2240572073	0.2233140606	0.001776301496	
4.275	1.324638285e-11	1.316354014e-11	1.063062316e-13	1.82643444e-11	1.819832481e-11	1.452565429e-13	0.2234075517	0.2226669172	0.001771123069	
4.276	1.32079386e-11	1.31253634e-11	1.059960791e-13	1.821144069e-11	1.814564256e-11	1.448335425e-13	0.2227607195	0.2220225846	0.001765967267	
4.277	1.316966159e-11	1.308735261e-11	1.056872828e-13	1.815876666e-11	1.809318888e-11	1.444123881e-13	0.2221166944	0.2213810465	0.001760833958	
4.278	1.313155085e-11	1.304950681e-11	1.053798348e-13	1.810632099e-11	1.804096247e-11	1.439930692e-13	0.22147546	0.2207422868	0.001755723012	
4.279	1.309360543e-11	1.301182505e-11	1.050737272e-13	1.805410236e-11	1.7988962e-11	1.435755749e-13	0.2208370004	0.2201062895	0.001750634298	
4.28	1.305582435e-11	1.297430639e-11	1.047689522e-13	1.800210945e-11	1.793718618e-11	1.431598948e-13	0.2202012994	0.2194730386	0.001745567688	
4.281	1.301820669e-11	1.293694987e-11	1.044655022e-13	1.795034097e-11	1.788563372e-11	1.427460183e-13	0.2195683412	0.2188425183	0.001740523054	
4.282	1.298075149e-11	1.289975458e-11	1.041633693e-13	1.789879563e-11	1.783430332e-11	1.42333935e-13	0.2189381101	0.2182147129	0.001735500268	
4.283	1.294345782e-11	1.286271957e-11	1.038625462e-13	1.784747214e-11	1.778319373e-11	1.419236345e-13	0.2183105903	0.217589607	0.001730499206	
4.284	1.290632475e-11	1.282584393e-11	1.03563025e-13	1.779636923e-11	1.773230366e-11	1.415151066e-13	0.2176857664	0.2169671849	0.001725519741	
4.285	1.286935137e-11	1.278912675e-11	1.032647985e-13	1.774548565e-11	1.768163187e-11	1.411083411e-13	0.2170636229	0.2163474314	0.001720561749	
4.286	1.283253674e-11	1.275256712e-11	1.02967859e-13	1.769482013e-11	1.76311771e-11	1.407033278e-13	0.2164441444	0.2157303312	0.001715625107	
4.287	1.279587998e-11	1.271616414e-11	1.026721992e-13	1.764437143e-11	1.758093812e-11	1.403000567e-13	0.2158273159	0.2151158692	0.001710709693	
4.288	1.275938017e-11	1.267991691e-11	1.023778118e-13	1.759413831e-11	1.75309137e-11	1.398985178e-13	0.2152131221	0.2145040303	0.001705815385	
4.289	1.272303642e-11	1.264382454e-11	1.020846894e-13	1.754411955e-11	1.748110262e-11	1.394987012e-13	0.2146015482	0.2138947997	0.001700942062	
4.29	1.268684784e-11	1.260788617e-11	1.017928249e-13	1.749431393e-11	1.743150367e-11	1.39100597e-13	0.2139925791	0.2132881625	0.001696089605	
4.291	1.265081355e-11	1.25721009e-11	1.01502211e-13	1.744472023e-11	1.738211564e-11	1.387041955e-13	0.2133862001	0.212684104	0.001691257894	
4.292	1.261493268e-11	1.253646787e-11	1.012128405e-13	1.739533727e-11	1.733293733e-11	1.38309487e-13	0.2127823966	0.2120826096	0.001686446811	
4.293	1.257920434e-11	1.250098622e-11	1.009247065e-13	1.734616383e-11	1.728396757e-11	1.379164619e-13	0.2121811539	0.2114836648	0.001681656239	
4.294	1.254362768e-11	1.246565509e-11	1.006378018e-13	1.729719875e-11	1.723520517e-11	1.375251105e-13	0.2115824576	0.2108872553	0.001676886061	
4.295	1.250820184e-11	1.243047363e-11	1.003521195e-13	1.724844083e-11	1.718664896e-11	1.371354234e-13	0.2109862934	0.2102933666	0.001672136162	
4.296	1.247292597e-11	1.239544099e-11	1.000676526e-13	1.719988893e-11	1.713829779e-11	1.367473912e-13	0.2103926469	0.2097019847	0.001667406427	
4.297	1.243779922e-11	1.236055634e-11	9.978439429e-14	1.715154186e-11	1.709015049e-11	1.363610044e-13	0.209801504	0.2091130953	0.001662696742	
4.298	1.240282075e-11	1.232581885e-11	9.950233766e-14	1.71033985e-11	1.704220592e-11	1.359762539e-13	0.2092128506	0.2085266846	0.001658006994	
4.299	1.236798973e-11	1.229122768e-11	9.922147595e-14	1.705545768e-11	1.699446295e-11	1.355931303e-13	0.2086266727	0.2079427387	0.001653337069	
4.3	1.233330533e-11	1.225678201e-11	9.89418024e-14	1.700771828e-11	1.694692045e-11	1.352116245e-13	0.2080429566	0.2073612436	0.001648686857	
4.301	1.229876672e-11	1.222248104e-11	9.866331033e-14	1.696017916e-11	1.689957729e-11	1.348317275e-13	0.2074616883	0.2067821858	0.001644056247	
4.302	1.22643731e-11	1.218832394e-11	9.838599308e-14	1.691283921e-11	1.685243236e-11	1.344534301e-13	0.2068828543	0.2062055516	0.001639445129	
4.303	1.223012365e-11	1.215430993e-11	9.810984406e-14	1.686569732e-11	1.680548455e-11	1.340767234e-13	0.2063064409	0.2056313274	0.001634853393	
4.304	1.219601756e-11	1.212043818e-11	9.783485669e-14	1.681875238e-11	1.675873278e-11	1.337015985e-13	0.2057324347	0.2050595	0.00163028093	
4.305	1.216205404e-11	1.208670793e-11	9.756102449e-14	1.67720033e-11	1.671217594e-11	1.333280465e-13	0.2051608223	0.2044900559	0.001625727634	
4.306	1.212823228e-11	1.205311837e-11	9.728834097e-14	1.672544899e-11	1.666581295e-11	1.329560586e-13	0.2045915903	0.2039229819	0.001621193397	
4.307	1.209455151e-11	1.201966872e-11	9.701679972e-14	1.667908836e-11	1.661964274e-11	1.325856262e-13	0.2040247256	0.2033582648	0.001616678112	
4.308	1.206101094e-11	1.198635822e-11	9.674639436e-14	1.663292034e-11	1.657366424e-11	1.322167405e-13	0.2034602151	0.2027958917	0.001612181675	
4.309	1.20276098e-11	1.195318608e-11	9.647711858e-14	1.658694387e-11	1.65278764e-11	1.31849393e-13	0.2028980456	0.2022358495	0.00160770398	
4.31	1.19943473e-11	1.192015154e-11	9.620896607e-14	1.654115789e-11	1.648227814e-11	1.314835751e-13	0.2023382044	0.2016781255	0.001603244923	
4.311	1.196122268e-11	1.188725385e-11	9.59419306e-14	1.649556134e-11	1.643686844e-11	1.311192784e-13	0.2017806785	0.2011227067	0.001598804401	
4.312	1.192823519e-11	1.185449224e-11	9.567600596e-14	1.645015319e-11	1.639164625e-11	1.307564943e-13	0.2012254551	0.2005695805	0.001594382312	
4.313	1.189538406e-11	1.182186597e-11	9.541118601e-14	1.640493239e-11	1.634661054e-11	1.303952146e-13	0.2006725217	0.2000187343	0.001589978553	
4.314	1.186266855e-11	1.178937428e-11	9.514746462e-14	1.635989791e-11	1.630176029e-11	1.300354309e-13	0.2001218656	0.1994701557	0.001585593023	
4.315	1.18300879e-11	1.175701645e-11	9.488483573e-14	1.631504874e-11	1.625709448e-11	1.296771349e-13	0.1995734743	0.198923832	0.001581225622	
4.316	1.179764138e-11	1.172479174e-11	9.462329331e-14	1.627038385e-11	1.621261209e-11	1.293203185e-13	0.1990273354	0.198379751	0.001576876249	
4.317	1.176532826e-11	1.169269941e-11	9.436283137e-14	1.622590224e-11	1.616831213e-11	1.289649736e-13	0.1984834367	0.1978379005	0.001572544807	
4.318	1.173314779e-11	1.166073875e-11	9.410344396e-14	1.618160291e-11	1.612419359e-11	1.28611092e-13	0.1979417657	0.1972982682	0.001568231195	
4.319	1.170109926e-11	1.162890903e-11	9.384512518e-14	1.613748485e-11	1.608025549e-11	1.282586657e-13	0.1974023105	0.1967608421	0.001563935317	
4.32	1.166918195e-11	1.159720954e-11	9.358786916e-14	1.609354709e-11	1.603649685e-11	1.279076868e-13	0.1968650589	0.1962256101	0.001559657075	
4.321	1.163739513e-11	1.156563956e-11	9.333167007e-14	1.604978864e-11	1.599291668e-11	1.275581473e-13	0.1963299989	0.1956925602	0.001555396374	
4.322	1.16057381e-11	1.15341984e-11	9.307652214e-14	1.600620852e-11	1.594951403e-11	1.272100394e-13	0.1957971187	0.1951616808	0.001551153116	
4.323	1.157421015e-11	1.150288535e-11	9.282241961e-14	1.596280577e-11	1.590628791e-11	1.268633552e-13	0.1952664063	0.1946329599	0.001546927207	
4.324	1.154281059e-11	1.147169972e-11	9.256935679e-14	1.591957942e-11	1.586323739e-11	1.265180871e-13	0.19473785	0.1941063858	0.001542718552	
4.325	1.15115387e-11	1.144064081e-11	9.231732799e-14	1.587652853e-11	1.58203615e-11	1.261742272e-13	0.1942114382	0.1935819471	0.001538527058	
4.326	1.148039381e-11	1.140970795e-11	9.20663276e-14	1.583365213e-11	1.577765931e-11	1.258317679e-13	0.1936871593	0.193059632	0.001534352632	
4.327	1.144937523e-11	1.137890044e-11	9.181635002e-14	1.57909493e-11	1.573512987e-11	1.254907018e-13	0.1931650017	0.1925394292	0.00153019518	
4.328	1.141848227e-11	1.134821762e-11	9.156738971e-14	1.574841908e-11	1.569277226e-11	1.25151021e-13	0.1926449541	0.1920213274	0.001526054611	
4.329	1.138771425e-11	1.131765881e-11	9.131944113e-14	1.570606056e-11	1.565058555e-11	1.248127183e-13	0.192127005	0.191505315	0.001521930833	
4.33	1.13570705e-11	1.128722333e-11	9.107249883e-14	1.566387281e-11	1.560856882e-11	1.244757862e-13	0.1916111432	0.1909913811	0.001517823756	
4.331	1.132655036e-11	1.125691054e-11	9.082655735e-14	1.562185491e-11	1.556672116e-11	1.241402172e-13	0.1910973574	0.1904795143	0.00151373329	
4.332	1.129615315e-11	1.122671977e-11	9.05816113e-14	1.558000595e-11	1.552504167e-11	1.238060039e-13	0.1905856366	0.1899697037	0.001509659345	
4.333	1.126587823e-11	1.119665036e-11	9.03376553e-14	1.553832503e-11	1.548352943e-11	1.234731392e-13	0.1900759697	0.1894619382	0.001505601832	
4.334	1.123572492e-11	1.116670167e-11	9.009468402e-14	1.549681124e-11	1.544218357e-11	1.231416158e-13	0.1895683457	0.1889562069	0.001501560663	
4.335	1.120569259e-11	1.113687305e-11	8.985269218e-14	1.54554637e-11	1.540100318e-11	1.228114264e-13	0.1890627536	0.1884524989	0.001497535751	
4.336	1.117578059e-11	1.110716385e-11	8.96116745e-14	1.541428151e-11	1.535998739e-11	1.224825639e-13	0.1885591827	0.1879508035	0.001493527007	
4.337	1.114598827e-11	1.107757345e-11	8.937162577e-14	1.53732638e-11	1.531913533e-11	1.221550212e-13	0.1880576222	0.1874511099	0.001489534347	
4.338	1.111631499e-11	1.10481012e-11	8.91325408e-14	1.53324097e-11	1.527844611e-11	1.218287913e-13	0.1875580614	0.1869534075	0.001485557682	
4.339	1.108676013e-11	1.101874649e-11	8.889441442e-14	1.529171832e-11	1.523791888e-11	1.21503867e-13	0.1870604897	0.1864576857	0.00148159693	
4.34	1.105732304e-11	1.098950868e-11	8.865724153e-14	1.525118881e-11	1.519755277e-11	1.211802416e-13	0.1865648965	0.1859639341	0.001477652003	
4.341	1.102800312e-11	1.096038716e-11	8.842101702e-14	1.521082031e-11	1.515734694e-11	1.20857908e-13	0.1860712713	0.1854721421	0.001473722819	
4.342	1.099879972e-11	1.09313813e-11	8.818573586e-14	1.517061197e-11	1.511730054e-11	1.205368594e-13	0.1855796037	0.1849822995	0.001469809293	
4.343	1.096971225e-11	1.09024905e-11	8.795139303e-14	1.513056294e-11	1.507741271e-11	1.20217089e-13	0.1850898834	0.1844943959	0.001465911343	
4.344	1.094074008e-11	1.087371415e-11	8.771798353e-14	1.509067238e-11	1.503768263e-11	1.1989859e-13	0.1846021002	0.1840084211	0.001462028886	
4.345	1.091188261e-11	1.084505165e-11	8.748550241e-14	1.505093946e-11	1.499810947e-11	1.195813556e-13	0.1841162437	0.1835243649	0.001458161839	
4.346	1.088313923e-11	1.081650239e-11	8.725394476e-14	1.501136334e-11	1.49586924e-11	1.192653791e-13	0.1836323039	0.1830422173	0.001454310122	
4.347	1.085450934e-11	1.078806578e-11	8.702330569e-14	1.49719432e-11	1.491943059e-11	1.18950654e-13	0.1831502706	0.1825619683	0.001450473653	
4.348	1.082599234e-11	1.075974122e-11	8.679358034e-14	1.493267822e-11	1.488032324e-11	1.186371736e-13	0.182670134	0.1820836078	0.001446652351	
4.349	1.079758764e-11	1.073152813e-11	8.656476389e-14	1.489356758e-11	1.484136954e-11	1.183249314e-13	0.1821918839	0.181607126	0.001442846138	
4.35	1.076929465e-11	1.070342593e-11	8.633685155e-14	1.485461049e-11	1.480256867e-11	1.180139208e-13	0.1817155107	0.181132513	0.001439054934	
4.351	1.074111279e-11	1.067543403e-11	8.610983857e-14	1.481580613e-11	1.476391985e-11	1.177041353e-13	0.1812410043	0.1806597591	0.001435278659	
4.352	1.071304147e-11	1.064755185e-11	8.58837202e-14	1.477715372e-11	1.472542228e-11	1.173955686e-13	0.1807683552	0.1801888546	0.001431517236	
4.353	1.068508011e-11	1.061977883e-11	8.565849177e-14	1.473865244e-11	1.468707516e-11	1.170882143e-13	0.1802975536	0.1797197898	0.001427770587	
4.354	1.065722815e-11	1.059211439e-11	8.543414859e-14	1.470030153e-11	1.464887772e-11	1.167820659e-13	0.1798285898	0.1792525552	0.001424038634	
4.355	1.062948501e-11	1.056455797e-11	8.521068604e-14	1.466210019e-11	1.461082918e-11	1.164771173e-13	0.1793614544	0.1787871413	0.0014203213	
4.356	1.060185013e-11	1.053710901e-11	8.49880995e-14	1.462404765e-11	1.457292876e-11	1.161733621e-13	0.1788961378	0.1783235385	0.00141661851	
4.357	1.057432294e-11	1.050976694e-11	8.476638441e-14	1.458614313e-11	1.453517569e-11	1.158707941e-13	0.1784326307	0.1778617376	0.001412930187	
4.358	1.054690288e-11	1.048253122e-11	8.454553622e-14	1.454838588e-11	1.449756922e-11	1.155694071e-13	0.1779709235	0.1774017291	0.001409256257	
4.359	1.05195894e-11	1.045540128e-11	8.432555042e-14	1.451077512e-11	1.446010859e-11	1.15269195e-13	0.1775110071	0.1769435038	0.001405596644	
4.36	1.049238194e-11	1.04283766e-11	8.410642251e-14	1.44733101e-11	1.442279303e-11	1.149701518e-13	0.1770528721	0.1764870525	0.001401951273	
4.361	1.046527997e-11	1.040145661e-11	8.388814803e-14	1.443599007e-11	1.438562181e-11	1.146722712e-13	0.1765965094	0.1760323661	0.001398320073	
4.362	1.043828292e-11	1.037464078e-11	8.367072257e-14	1.439881427e-11	1.434859417e-11	1.143755474e-13	0.1761419098	0.1755794355	0.001394702967	
4.363	1.041139027e-11	1.034792858e-11	8.345414172e-14	1.436178198e-11	1.431170938e-11	1.140799743e-13	0.1756890642	0.1751282515	0.001391099885	
4.364	1.038460147e-11	1.032131947e-11	8.323840112e-14	1.432489244e-11	1.427496671e-11	1.137855459e-13	0.1752379637	0.1746788053	0.001387510753	
4.365	1.035791599e-11	1.029481291e-11	8.302349641e-14	1.428814493e-11	1.423836543e-11	1.134922565e-13	0.1747885993	0.174231088	0.0013839355	
4.366	1.033133329e-11	1.026840839e-11	8.280942328e-14	1.425153872e-11	1.42019048e-11	1.132001e-13	0.174340962	0.1737850906	0.001380374054	
4.367	1.030485286e-11	1.024210538e-11	8.259617745e-14	1.421507307e-11	1.416558412e-11	1.129090707e-13	0.1738950431	0.1733408044	0.001376826344	
4.368	1.027847416e-11	1.021590336e-11	8.238375465e-14	1.417874729e-11	1.412940266e-11	1.126191628e-13	0.1734508337	0.1728982206	0.001373292299	
4.369	1.025219668e-11	1.018980181e-11	8.217215066e-14	1.414256064e-11	1.409335971e-11	1.123303705e-13	0.1730083251	0.1724573305	0.00136977185	
4.37	1.02260199e-11	1.016380022e-11	8.196136127e-14	1.410651242e-11	1.405745458e-11	1.120426881e-13	0.1725675087	0.1720181256	0.001366264926	
4.371	1.01999433e-11	1.013789808e-11	8.17513823e-14	1.407060192e-11	1.402168654e-11	1.117561099e-13	0.1721283758	0.1715805971	0.001362771459	
4.372	1.017396638e-11	1.011209488e-11	8.15422096e-14	1.403482845e-11	1.398605492e-11	1.114706303e-13	0.1716909178	0.1711447367	0.001359291379	
4.373	1.014808862e-11	1.008639012e-11	8.133383905e-14	1.399919131e-11	1.395055901e-11	1.111862436e-13	0.1712551262	0.1707105357	0.001355824619	
4.374	1.012230952e-11	1.00607833e-11	8.112626655e-14	1.396368979e-11	1.391519812e-11	1.109029444e-13	0.1708209926	0.1702779859	0.00135237111	
4.375	1.009662858e-11	1.003527393e-11	8.091948802e-14	1.392832323e-11	1.387997158e-11	1.10620727e-13	0.1703885086	0.1698470788	0.001348930784	
4.376	1.007104531e-11	1.00098615e-11	8.071349942e-14	1.389309092e-11	1.38448787e-11	1.103395859e-13	0.1699576658	0.1694178061	0.001345503576	
4.377	1.00455592e-11	9.984545527e-12	8.050829673e-14	1.38579922e-11	1.380991881e-11	1.100595157e-13	0.169528456	0.1689901595	0.001342089418	
4.378	1.002016976e-11	9.959325524e-12	8.030387596e-14	1.382302639e-11	1.377509123e-11	1.09780511e-13	0.1691008708	0.168564131	0.001338688243	
4.379	9.994876516e-12	9.934201006e-12	8.010023313e-14	1.378819282e-11	1.37403953e-11	1.095025663e-13	0.1686749021	0.1681397122	0.001335299987	
4.38	9.969678971e-12	9.90917149e-12	7.989736431e-14	1.375349081e-11	1.370583035e-11	1.092256762e-13	0.1682505417	0.1677168951	0.001331924584	
4.381	9.944576644e-12	9.884236498e-12	7.969526556e-14	1.371891972e-11	1.367139573e-11	1.089498356e-13	0.1678277816	0.1672956717	0.001328561969	
4.382	9.919569056e-12	9.859395555e-12	7.9493933e-14	1.368447888e-11	1.363709078e-11	1.086750389e-13	0.1674066137	0.1668760339	0.001325212077	
4.383	9.894655732e-12	9.834648187e-12	7.929336277e-14	1.365016764e-11	1.360291485e-11	1.084012811e-13	0.16698703	0.1664579738	0.001321874844	
4.384	9.869836197e-12	9.809993926e-12	7.9093551e-14	1.361598534e-11	1.356886729e-11	1.081285568e-13	0.1665690226	0.1660414835	0.001318550207	
4.385	9.845109981e-12	9.785432304e-12	7.889449388e-14	1.358193135e-11	1.353494747e-11	1.078568608e-13	0.1661525836	0.1656265551	0.001315238102	
4.386	9.820476617e-12	9.760962858e-12	7.869618762e-14	1.354800502e-11	1.350115473e-11	1.075861881e-13	0.1657377051	0.1652131808	0.001311938466	
4.387	9.79593564e-12	9.736585127e-12	7.849862844e-14	1.351420571e-11	1.346748846e-11	1.073165333e-13	0.1653243794	0.1648013529	0.001308651237	
4.388	9.771486588e-12	9.712298652e-12	7.830181259e-14	1.348053279e-11	1.343394802e-11	1.070478916e-13	0.1649125987	0.1643910637	0.001305376353	
4.389	9.747129003e-12	9.688102979e-12	7.810573634e-14	1.344698563e-11	1.340053277e-11	1.067802577e-13	0.1645023553	0.1639823054	0.001302113751	
4.39	9.722862428e-12	9.663997656e-12	7.7910396e-14	1.341356361e-11	1.336724211e-11	1.065136267e-13	0.1640936416	0.1635750706	0.00129886337	
4.391	9.698686412e-12	9.639982232e-12	7.771578788e-14	1.33802661e-11	1.33340754e-11	1.062479935e-13	0.16368645	0.1631693516	0.00129562515	
4.392	9.674600502e-12	9.616056261e-12	7.752190832e-14	1.334709248e-11	1.330103204e-11	1.059833532e-13	0.1632807729	0.1627651409	0.00129239903	
4.393	9.650604252e-12	9.592219299e-12	7.73287537e-14	1.331404214e-11	1.326811142e-11	1.057197008e-13	0.1628766028	0.162362431	0.00128918495	
4.394	9.626697217e-12	9.568470906e-12	7.713632039e-14	1.328111447e-11	1.323531292e-11	1.054570314e-13	0.1624739323	0.1619612146	0.001285982849	
4.395	9.602878956e-12	9.544810642e-12	7.694460482e-14	1.324830887e-11	1.320263594e-11	1.051953401e-13	0.1620727539	0.1615614842	0.001282792668	
4.396	9.579149028e-12	9.521238072e-12	7.675360341e-14	1.321562472e-11	1.317007989e-11	1.049346221e-13	0.1616730603	0.1611632325	0.001279614348	
4.397	9.555506998e-12	9.497752762e-12	7.656331263e-14	1.318306143e-11	1.313764416e-11	1.046748725e-13	0.1612748442	0.1607664523	0.001276447831	
4.398	9.531952432e-12	9.474354283e-12	7.637372894e-14	1.315061842e-11	1.310532817e-11	1.044160866e-13	0.1608780982	0.1603711362	0.001273293058	
4.399	9.508484898e-12	9.451042206e-12	7.618484885e-14	1.311829507e-11	1.307313132e-11	1.041582596e-13	0.1604828152	0.159977277	0.001270149971	
4.4	9.485103968e-12	9.427816107e-12	7.599666888e-14	1.308609081e-11	1.304105304e-11	1.039013868e-13	0.160088988	0.1595848677	0.001267018511	
4.401	9.461809217e-12	9.404675563e-12	7.580918557e-14	1.305400505e-11	1.300909273e-11	1.036454634e-13	0.1596966093	0.1591939011	0.001263898623	
4.402	9.43860022e-12	9.381620154e-12	7.562239549e-14	1.302203721e-11	1.297724982e-11	1.033904848e-13	0.1593056722	0.1588043702	0.001260790249	
4.403	9.415476558e-12	9.358649463e-12	7.543629522e-14	1.299018671e-11	1.294552374e-11	1.031364463e-13	0.1589161696	0.1584162679	0.001257693333	
4.404	9.392437812e-12	9.335763075e-12	7.525088137e-14	1.295845298e-11	1.291391391e-11	1.028833434e-13	0.1585280943	0.1580295872	0.001254607817	
4.405	9.369483567e-12	9.312960578e-12	7.506615056e-14	1.292683545e-11	1.288241977e-11	1.026311713e-13	0.1581414396	0.1576443212	0.001251533647	
4.406	9.34661341e-12	9.290241562e-12	7.488209944e-14	1.289533355e-11	1.285104076e-11	1.023799257e-13	0.1577561985	0.157260463	0.001248470766	
4.407	9.32382693e-12	9.26760562e-12	7.469872468e-14	1.286394672e-11	1.28197763e-11	1.021296018e-13	0.157372364	0.1568780058	0.00124541912	
4.408	9.30112372e-12	9.245052347e-12	7.451602297e-14	1.28326744e-11	1.278862585e-11	1.018801953e-13	0.1569899293	0.1564969427	0.001242378653	
4.409	9.278503374e-12	9.222581341e-12	7.433399101e-14	1.280151603e-11	1.275758886e-11	1.016317017e-13	0.1566088876	0.156117267	0.001239349311	
4.41	9.255965489e-12	9.200192202e-12	7.415262555e-14	1.277047105e-11	1.272666476e-11	1.013841164e-13	0.1562292322	0.1557389719	0.00123633104	
4.411	9.233509665e-12	9.177884533e-12	7.397192331e-14	1.273953893e-11	1.269585302e-11	1.011374351e-13	0.1558509564	0.1553620507	0.001233323786	
4.412	9.211135503e-12	9.155657939e-12	7.379188109e-14	1.27087191e-11	1.266515308e-11	1.008916534e-13	0.1554740534	0.1549864969	0.001230327495	
4.413	9.188842608e-12	9.133512026e-12	7.361249565e-14	1.267801104e-11	1.263456442e-11	1.006467669e-13	0.1550985166	0.1546123038	0.001227342114	
4.414	9.166630587e-12	9.111446406e-12	7.343376381e-14	1.264741419e-11	1.260408649e-11	1.004027712e-13	0.1547243395	0.1542394648	0.00122436759	
4.415	9.144499048e-12	9.08946069e-12	7.32556824e-14	1.261692803e-11	1.257371875e-11	1.001596621e-13	0.1543515154	0.1538679734	0.00122140387	
4.416	9.122447603e-12	9.067554492e-12	7.307824827e-14	1.258655201e-11	1.254346069e-11	9.991743523e-14	0.1539800379	0.153497823	0.001218450903	
4.417	9.100475866e-12	9.04572743e-12	7.290145827e-14	1.255628561e-11	1.251331176e-11	9.967608635e-14	0.1536099004	0.1531290074	0.001215508636	
4.418	9.078583453e-12	9.023979122e-12	7.27253093e-14	1.25261283e-11	1.248327145e-11	9.943561122e-14	0.1532410966	0.15276152	0.001212577017	
4.419	9.056769982e-12	9.00230919e-12	7.254979826e-14	1.249607956e-11	1.245333923e-11	9.919600562e-14	0.15287362	0.1523953544	0.001209655996	
4.42	9.035035074e-12	8.980717257e-12	7.237492206e-14	1.246613887e-11	1.242351458e-11	9.895726537e-14	0.1525074643	0.1520305044	0.001206745521	
4.421	9.013378353e-12	8.95920295e-12	7.220067766e-14	1.24363057e-11	1.2393797e-11	9.871938629e-14	0.1521426231	0.1516669637	0.001203845541	
4.422	8.991799443e-12	8.937765897e-12	7.2027062e-14	1.240657955e-11	1.236418596e-11	9.848236426e-14	0.1517790901	0.1513047259	0.001200956006	
4.423	8.970297971e-12	8.916405728e-12	7.185407207e-14	1.23769599e-11	1.233468097e-11	9.824619515e-14	0.1514168591	0.1509437849	0.001198076866	
4.424	8.948873568e-12	8.895122075e-12	7.168170487e-14	1.234744625e-11	1.23052815e-11	9.801087488e-14	0.151055924	0.1505841344	0.001195208072	
4.425	8.927525866e-12	8.873914574e-12	7.15099574e-14	1.231803809e-11	1.227598707e-11	9.777639938e-14	0.1506962784	0.1502257684	0.001192349573	
4.426	8.906254498e-12	8.852782861e-12	7.133882669e-14	1.228873491e-11	1.224679717e-11	9.754276462e-14	0.1503379163	0.1498686807	0.00118950132	
4.427	8.885059101e-12	8.831726576e-12	7.11683098e-14	1.225953622e-11	1.22177113e-11	9.730996658e-14	0.1499808316	0.1495128652	0.001186663265	
4.428	8.863939314e-12	8.81074536e-12	7.099840379e-14	1.223044152e-11	1.218872897e-11	9.707800126e-14	0.1496250182	0.1491583159	0.001183835358	
4.429	8.842894777e-12	8.789838856e-12	7.082910575e-14	1.220145031e-11	1.215984969e-11	9.684686469e-14	0.14927047	0.1488050269	0.001181017552	
4.43	8.821925132e-12	8.769006709e-12	7.066041278e-14	1.217256212e-11	1.213107297e-11	9.661655294e-14	0.1489171811	0.148452992	0.001178209798	
4.431	8.801030025e-12	8.748248568e-12	7.0492322e-14	1.214377644e-11	1.210239832e-11	9.638706208e-14	0.1485651456	0.1481022055	0.001175412049	
4.432	8.780209103e-12	8.727564083e-12	7.032483054e-14	1.21150928e-11	1.207382527e-11	9.615838821e-14	0.1482143574	0.1477526613	0.001172624257	
4.433	8.759462014e-12	8.706952904e-12	7.015793556e-14	1.208651071e-11	1.204535333e-11	9.593052746e-14	0.1478648108	0.1474043537	0.001169846375	
4.434	8.738788411e-12	8.686414686e-12	6.999163422e-14	1.20580297e-11	1.201698202e-11	9.570347598e-14	0.1475164997	0.1470572768	0.001167078356	
4.435	8.718187945e-12	8.665949084e-12	6.982592372e-14	1.202964928e-11	1.198871088e-11	9.547722993e-14	0.1471694186	0.1467114248	0.001164320153	
4.436	8.697660273e-12	8.645555758e-12	6.966080125e-14	1.200136898e-11	1.196053943e-11	9.525178551e-14	0.1468235614	0.1463667919	0.00116157172	
4.437	8.677205051e-12	8.625234365e-12	6.949626404e-14	1.197318834e-11	1.19324672e-11	9.502713894e-14	0.1464789226	0.1460233725	0.00115883301	
4.438	8.656821939e-12	8.60498457e-12	6.933230932e-14	1.194510689e-11	1.190449373e-11	9.480328646e-14	0.1461354963	0.1456811608	0.001156103979	
4.439	8.636510599e-12	8.584806034e-12	6.916893435e-14	1.191712415e-11	1.187661856e-11	9.458022432e-14	0.1457932769	0.1453401512	0.00115338458	
4.44	8.616270693e-12	8.564698425e-12	6.900613639e-14	1.188923967e-11	1.184884122e-11	9.43579488e-14	0.1454522588	0.145000338	0.001150674769	
4.441	8.596101886e-12	8.544661409e-12	6.884391274e-14	1.186145299e-11	1.182116125e-11	9.413645622e-14	0.1451124362	0.1446617157	0.001147974499	
4.442	8.576003847e-12	8.524694658e-12	6.868226068e-14	1.183376366e-11	1.179357821e-11	9.391574289e-14	0.1447738037	0.1443242787	0.001145283727	
4.443	8.555976243e-12	8.504797842e-12	6.852117754e-14	1.180617121e-11	1.176609163e-11	9.369580517e-14	0.1444363557	0.1439880215	0.001142602408	
4.444	8.536018747e-12	8.484970635e-12	6.836066065e-14	1.177867519e-11	1.173870108e-11	9.347663943e-14	0.1441000867	0.1436529386	0.001139930497	
4.445	8.516131031e-12	8.465212713e-12	6.820070735e-14	1.175127516e-11	1.17114061e-11	9.325824204e-14	0.1437649911	0.1433190244	0.001137267951	
4.446	8.49631277e-12	8.445523753e-12	6.804131502e-14	1.172397067e-11	1.168420625e-11	9.304060944e-14	0.1434310636	0.1429862737	0.001134614725	
4.447	8.476563641e-12	8.425903435e-12	6.788248102e-14	1.169676127e-11	1.165710109e-11	9.282373804e-14	0.1430982986	0.1426546809	0.001131970778	
4.448	8.456883322e-12	8.406351439e-12	6.772420276e-14	1.166964653e-11	1.163009017e-11	9.26076243e-14	0.1427666909	0.1423242407	0.001129336064	
4.449	8.437271495e-12	8.386867449e-12	6.756647765e-14	1.164262601e-11	1.160317307e-11	9.239226469e-14	0.142436235	0.1419949478	0.001126710541	
4.45	8.417727841e-12	8.367451149e-12	6.74093031e-14	1.161569927e-11	1.157634934e-11	9.217765571e-14	0.1421069255	0.1416667968	0.001124094167	
4.451	8.398252045e-12	8.348102226e-12	6.725267656e-14	1.158886587e-11	1.154961856e-11	9.196379388e-14	0.1417787574	0.1413397826	0.001121486899	
4.452	8.378843793e-12	8.328820369e-12	6.709659548e-14	1.156212538e-11	1.152298029e-11	9.175067572e-14	0.1414517251	0.1410138998	0.001118888695	
4.453	8.359502773e-12	8.309605267e-12	6.694105733e-14	1.153547739e-11	1.149643412e-11	9.153829779e-14	0.1411258235	0.1406891432	0.001116299513	
4.454	8.340228674e-12	8.290456614e-12	6.67860596e-14	1.150892145e-11	1.146997961e-11	9.132665667e-14	0.1408010475	0.1403655076	0.001113719311	
4.455	8.321021188e-12	8.271374102e-12	6.663159978e-14	1.148245715e-11	1.144361634e-11	9.111574894e-14	0.1404773917	0.140042988	0.001111148047	
4.456	8.301880008e-12	8.252357428e-12	6.647767539e-14	1.145608406e-11	1.14173439e-11	9.090557124e-14	0.1401548511	0.1397215791	0.001108585681	
4.457	8.282804829e-12	8.233406288e-12	6.632428395e-14	1.142980177e-11	1.139116187e-11	9.069612018e-14	0.1398334206	0.1394012758	0.001106032171	
4.458	8.263795348e-12	8.214520382e-12	6.6171423e-14	1.140360986e-11	1.136506983e-11	9.048739242e-14	0.139513095	0.1390820732	0.001103487477	
4.459	8.244851264e-12	8.195699411e-12	6.601909011e-14	1.137750791e-11	1.133906738e-11	9.027938464e-14	0.1391938693	0.1387639661	0.001100951557	
4.46	8.225972276e-12	8.176943076e-12	6.586728283e-14	1.135149552e-11	1.131315409e-11	9.007209352e-14	0.1388757385	0.1384469496	0.001098424373	
4.461	8.207158087e-12	8.158251084e-12	6.571599876e-14	1.132557227e-11	1.128732957e-11	8.986551577e-14	0.1385586975	0.1381310186	0.001095905883	
4.462	8.188408401e-12	8.139623138e-12	6.556523549e-14	1.129973776e-11	1.126159341e-11	8.965964813e-14	0.1382427414	0.1378161682	0.001093396047	
4.463	8.169722921e-12	8.121058947e-12	6.541499063e-14	1.127399158e-11	1.12359452e-11	8.945448735e-14	0.1379278653	0.1375023935	0.001090894827	
4.464	8.151101357e-12	8.102558221e-12	6.526526181e-14	1.124833333e-11	1.121038455e-11	8.925003018e-14	0.1376140642	0.1371896896	0.001088402183	
4.465	8.132543416e-12	8.08412067e-12	6.511604667e-14	1.122276262e-11	1.118491106e-11	8.904627341e-14	0.1373013332	0.1368780517	0.001085918075	
4.466	8.114048809e-12	8.065746006e-12	6.496734286e-14	1.119727903e-11	1.115952432e-11	8.884321386e-14	0.1369896674	0.1365674748	0.001083442464	
4.467	8.095617247e-12	8.047433944e-12	6.481914804e-14	1.117188218e-11	1.113422396e-11	8.864084833e-14	0.1366790621	0.1362579542	0.001080975313	
4.468	8.077248445e-12	8.0291842e-12	6.467145989e-14	1.114657167e-11	1.110900957e-11	8.843917367e-14	0.1363695125	0.135949485	0.001078516582	
4.469	8.058942118e-12	8.010996491e-12	6.452427611e-14	1.112134712e-11	1.108388077e-11	8.823818674e-14	0.1360610136	0.1356420626	0.001076066233	
4.47	8.040697982e-12	7.992870536e-12	6.437759439e-14	1.109620813e-11	1.105883717e-11	8.803788441e-14	0.1357535609	0.1353356822	0.001073624228	
4.471	8.022515756e-12	7.974806056e-12	6.423141247e-14	1.107115432e-11	1.103387838e-11	8.783826357e-14	0.1354471495	0.135030339	0.001071190529	
4.472	8.00439516e-12	7.956802773e-12	6.408572806e-14	1.104618529e-11	1.100900403e-11	8.763932114e-14	0.1351417748	0.1347260285	0.001068765099	
4.473	7.986335916e-12	7.93886041e-12	6.394053892e-14	1.102130068e-11	1.098421373e-11	8.744105405e-14	0.1348374321	0.1344227459	0.0010663479	
4.474	7.968337747e-12	7.920978694e-12	6.37958428e-14	1.09965001e-11	1.09595071e-11	8.724345923e-14	0.1345341167	0.1341204866	0.001063938895	
4.475	7.950400378e-12	7.903157351e-12	6.365163747e-14	1.097178316e-11	1.093488377e-11	8.704653366e-14	0.1342318241	0.1338192461	0.001061538046	
4.476	7.932523535e-12	7.885396109e-12	6.350792071e-14	1.094714951e-11	1.091034336e-11	8.685027431e-14	0.1339305496	0.1335190197	0.001059145318	
4.477	7.914706945e-12	7.867694698e-12	6.336469032e-14	1.092259875e-11	1.08858855e-11	8.665467818e-14	0.1336302886	0.133219803	0.001056760673	
4.478	7.89695034e-12	7.85005285e-12	6.32219441e-14	1.089813053e-11	1.086150983e-11	8.645974229e-14	0.1333310367	0.1329215913	0.001054384075	
4.479	7.879253448e-12	7.832470298e-12	6.307967987e-14	1.087374446e-11	1.083721596e-11	8.626546366e-14	0.1330327893	0.1326243801	0.001052015489	
4.48	7.861616003e-12	7.814946777e-12	6.293789547e-14	1.084944019e-11	1.081300355e-11	8.607183935e-14	0.1327355418	0.1323281651	0.001049654877	
4.481	7.844037739e-12	7.797482021e-12	6.279658873e-14	1.082521734e-11	1.078887221e-11	8.587886641e-14	0.13243929	0.1320329418	0.001047302204	
4.482	7.826518391e-12	7.780075769e-12	6.265575752e-14	1.080107556e-11	1.07648216e-11	8.568654193e-14	0.1321440292	0.1317387056	0.001044957435	
4.483	7.809057696e-12	7.762727759e-12	6.251539971e-14	1.077701448e-11	1.074085135e-11	8.5494863e-14	0.1318497551	0.1314454524	0.001042620534	
4.484	7.791655393e-12	7.745437732e-12	6.237551316e-14	1.075303375e-11	1.071696111e-11	8.530382674e-14	0.1315564633	0.1311531775	0.001040291467	
4.485	7.77431122e-12	7.72820543e-12	6.223609578e-14	1.072913299e-11	1.069315051e-11	8.511343028e-14	0.1312641494	0.1308618768	0.001037970197	
4.486	7.75702492e-12	7.711030595e-12	6.209714547e-14	1.070531187e-11	1.066941921e-11	8.492367076e-14	0.130972809	0.1305715459	0.00103565669	
4.487	7.739796235e-12	7.693912973e-12	6.195866014e-14	1.068157003e-11	1.064576685e-11	8.473454534e-14	0.130682438	0.1302821805	0.001033350913	
4.488	7.722624909e-12	7.676852309e-12	6.182063772e-14	1.06579071e-11	1.062219308e-11	8.45460512e-14	0.1303930319	0.1299937763	0.001031052829	
4.489	7.705510688e-12	7.659848352e-12	6.168307614e-14	1.063432276e-11	1.059869755e-11	8.435818554e-14	0.1301045864	0.129706329	0.001028762406	
4.49	7.688453319e-12	7.642900849e-12	6.154597337e-14	1.061081664e-11	1.057527993e-11	8.417094555e-14	0.1298170974	0.1294198345	0.001026479609	
4.491	7.67145255e-12	7.626009551e-12	6.140932736e-14	1.058738841e-11	1.055193986e-11	8.398432847e-14	0.1295305607	0.1291342885	0.001024204404	
4.492	7.654508131e-12	7.60917421e-12	6.127313607e-14	1.056403771e-11	1.0528677e-11	8.379833154e-14	0.1292449719	0.1288496868	0.001021936757	
4.493	7.637619812e-12	7.592394579e-12	6.113739751e-14	1.05407642e-11	1.050549102e-11	8.3612952e-14	0.128960327	0.1285660252	0.001019676636	
4.494	7.620787348e-12	7.575670412e-12	6.100210965e-14	1.051756756e-11	1.048238156e-11	8.342818713e-14	0.1286766217	0.1282832998	0.001017424007	
4.495	7.60401049e-12	7.559001465e-12	6.086727051e-14	1.049444743e-11	1.045934831e-11	8.324403421e-14	0.128393852	0.1280015062	0.001015178836	
4.496	7.587288996e-12	7.542387495e-12	6.073287811e-14	1.047140348e-11	1.043639092e-11	8.306049055e-14	0.1281120137	0.1277206404	0.001012941092	
4.497	7.57062262e-12	7.52582826e-12	6.059893047e-14	1.044843538e-11	1.041350905e-11	8.287755345e-14	0.1278311027	0.1274406985	0.00101071074	
4.498	7.554011122e-12	7.50932352e-12	6.046542562e-14	1.04255428e-11	1.039070239e-11	8.269522025e-14	0.127551115	0.1271616762	0.001008487749	
4.499	7.53745426e-12	7.492873037e-12	6.033236163e-14	1.04027254e-11	1.036797059e-11	8.251348829e-14	0.1272720466	0.1268835696	0.001006272087	
4.5	7.520951795e-12	7.476476571e-12	6.019973655e-14	1.037998285e-11	1.034531334e-11	8.233235492e-14	0.1269938933	0.1266063746	0.00100406372	
4.501	7.504503489e-12	7.460133888e-12	6.006754846e-14	1.035731483e-11	1.03227303e-11	8.215181753e-14	0.1267166513	0.1263300874	0.001001862618	
4.502	7.488109104e-12	7.443844752e-12	5.993579542e-14	1.033472102e-11	1.030022116e-11	8.19718735e-14	0.1264403165	0.1260547039	0.0009996687473	
4.503	7.471768407e-12	7.42760893e-12	5.980447555e-14	1.031220108e-11	1.027778558e-11	8.179252023e-14	0.126164885	0.1257802202	0.0009974820776	
4.504	7.455481161e-12	7.411426188e-12	5.967358693e-14	1.02897547e-11	1.025542325e-11	8.161375514e-14	0.1258903528	0.1255066324	0.000995302577	
4.505	7.439247134e-12	7.395296296e-12	5.954312769e-14	1.026738155e-11	1.023313386e-11	8.143557565e-14	0.1256167161	0.1252339366	0.0009931302142	
4.506	7.423066095e-12	7.379219023e-12	5.941309594e-14	1.024508132e-11	1.021091707e-11	8.125797921e-14	0.1253439709	0.1249621289	0.000990964958	
4.507	7.406937813e-12	7.363194141e-12	5.928348982e-14	1.02228537e-11	1.018877259e-11	8.108096329e-14	0.1250721134	0.1246912054	0.0009888067775	
4.508	7.390862059e-12	7.347221423e-12	5.915430747e-14	1.020069836e-11	1.016670009e-11	8.090452534e-14	0.1248011397	0.1244211624	0.0009866556418	
4.509	7.374838605e-12	7.331300642e-12	5.902554705e-14	1.017861499e-11	1.014469927e-11	8.072866287e-14	0.124531046	0.1241519959	0.0009845115203	
4.51	7.358867224e-12	7.315431573e-12	5.889720672e-14	1.015660329e-11	1.012276981e-11	8.055337336e-14	0.1242618285	0.1238837023	0.0009823743826	
4.511	7.34294769e-12	7.299613993e-12	5.876928465e-14	1.013466294e-11	1.01009114e-11	8.037865433e-14	0.1239934834	0.1236162777	0.0009802441983	
4.512	7.327079781e-12	7.283847678e-12	5.864177903e-14	1.011279363e-11	1.007912374e-11	8.02045033e-14	0.1237260069	0.1233497185	0.0009781209372	
4.513	7.311263271e-12	7.268132408e-12	5.851468806e-14	1.009099506e-11	1.005740653e-11	8.003091782e-14	0.1234593953	0.1230840208	0.0009760045695	
4.514	7.29549794e-12	7.252467962e-12	5.838800993e-14	1.006926692e-11	1.003575945e-11	7.985789544e-14	0.1231936448	0.1228191809	0.0009738950653	
4.515	7.279783567e-12	7.236854121e-12	5.826174286e-14	1.004760891e-11	1.001418221e-11	7.968543373e-14	0.1229287518	0.1225551952	0.0009717923949	
4.516	7.264119932e-12	7.221290667e-12	5.813588507e-14	1.002602073e-11	9.992674514e-12	7.951353026e-14	0.1226647126	0.1222920601	0.0009696965289	
4.517	7.248506818e-12	7.205777385e-12	5.80104348e-14	1.000450207e-11	9.971236054e-12	7.934218262e-14	0.1224015235	0.1220297717	0.0009676074379	
4.518	7.232944006e-12	7.190314057e-12	5.788539028e-14	9.983052647e-12	9.949866535e-12	7.917138843e-14	0.1221391808	0.1217683266	0.0009655250927	
4.519	7.217431282e-12	7.174900471e-12	5.776074977e-14	9.961672154e-12	9.928565663e-12	7.90011453e-14	0.121877681	0.1215077211	0.0009634494643	
4.52	7.20196843e-12	7.159536412e-12	5.763651153e-14	9.940360299e-12	9.907333144e-12	7.883145086e-14	0.1216170204	0.1212479515	0.0009613805238	
4.521	7.186555236e-12	7.144221669e-12	5.751267382e-14	9.919116787e-12	9.886168686e-12	7.866230276e-14	0.1213571954	0.1209890145	0.0009593182426	
4.522	7.171191489e-12	7.12895603e-12	5.738923494e-14	9.897941328e-12	9.865071997e-12	7.849369865e-14	0.1210982024	0.1207309063	0.0009572625921	
4.523	7.155876976e-12	7.113739287e-12	5.726619316e-14	9.876833629e-12	9.84404279e-12	7.83256362e-14	0.120840038	0.1204736234	0.0009552135438	
4.524	7.140611488e-12	7.098571229e-12	5.714354679e-14	9.855793403e-12	9.823080775e-12	7.81581131e-14	0.1205826986	0.1202171624	0.0009531710696	
4.525	7.125394816e-12	7.083451651e-12	5.702129413e-14	9.834820361e-12	9.802185668e-12	7.799112703e-14	0.1203261806	0.1199615197	0.0009511351413	
4.526	7.110226751e-12	7.068380345e-12	5.689943349e-14	9.813914219e-12	9.781357183e-12	7.782467571e-14	0.1200704806	0.1197066919	0.0009491057309	
4.527	7.095107086e-12	7.053357106e-12	5.677796322e-14	9.793074692e-12	9.760595038e-12	7.765875684e-14	0.1198155951	0.1194526754	0.0009470828107	
4.528	7.080035617e-12	7.038381729e-12	5.665688162e-14	9.772301496e-12	9.739898951e-12	7.749336817e-14	0.1195615206	0.119199467	0.000945066353	
4.529	7.065012137e-12	7.023454012e-12	5.653618706e-14	9.751594352e-12	9.719268642e-12	7.732850744e-14	0.1193082538	0.118947063	0.0009430563304	
4.53	7.050036444e-12	7.008573752e-12	5.641587788e-14	9.730952978e-12	9.698703833e-12	7.716417239e-14	0.1190557911	0.1186954601	0.0009410527154	
4.531	7.035108335e-12	6.993740749e-12	5.629595244e-14	9.710377097e-12	9.678204246e-12	7.700036081e-14	0.1188041292	0.118444655	0.0009390554808	
4.532	7.020227608e-12	6.978954802e-12	5.617640912e-14	9.689866431e-12	9.657769606e-12	7.683707046e-14	0.1185532647	0.1181946443	0.0009370645995	
4.533	7.005394064e-12	6.964215713e-12	5.605724628e-14	9.669420705e-12	9.637399638e-12	7.667429913e-14	0.1183031942	0.1179454245	0.0009350800447	
4.534	6.990607502e-12	6.949523284e-12	5.593846232e-14	9.649039646e-12	9.617094071e-12	7.651204463e-14	0.1180539144	0.1176969925	0.0009331017896	
4.535	6.975867724e-12	6.934877317e-12	5.582005563e-14	9.62872298e-12	9.596852632e-12	7.635030477e-14	0.1178054219	0.1174493448	0.0009311298075	
4.536	6.961174534e-12	6.920277617e-12	5.570202461e-14	9.608470437e-12	9.576675051e-12	7.618907738e-14	0.1175577135	0.1172024781	0.0009291640719	
4.537	6.946527736e-12	6.90572399e-12	5.558436768e-14	9.588281747e-12	9.556561062e-12	7.602836029e-14	0.1173107858	0.1169563893	0.0009272045564	
4.538	6.931927132e-12	6.891216241e-12	5.546708326e-14	9.568156642e-12	9.536510395e-12	7.586815136e-14	0.1170646356	0.1167110749	0.0009252512348	
4.539	6.917372531e-12	6.876754179e-12	5.535016977e-14	9.548094855e-12	9.516522786e-12	7.570844843e-14	0.1168192596	0.1164665318	0.0009233040811	
4.54	6.902863739e-12	6.86233761e-12	5.523362566e-14	9.52809612e-12	9.496597971e-12	7.554924938e-14	0.1165746545	0.1162227568	0.0009213630693	
4.541	6.888400562e-12	6.847966345e-12	5.511744936e-14	9.508160174e-12	9.476735687e-12	7.53905521e-14	0.1163308172	0.1159797466	0.0009194281735	
4.542	6.873982812e-12	6.833640194e-12	5.500163933e-14	9.488286753e-12	9.456935671e-12	7.523235448e-14	0.1160877444	0.1157374979	0.0009174993681	
4.543	6.859610296e-12	6.819358968e-12	5.488619404e-14	9.468475597e-12	9.437197665e-12	7.507465441e-14	0.1158454329	0.1154960078	0.0009155766277	
4.544	6.845282827e-12	6.805122479e-12	5.477111195e-14	9.448726446e-12	9.417521409e-12	7.491744982e-14	0.1156038795	0.1152552729	0.0009136599266	
4.545	6.831000216e-12	6.790930541e-12	5.465639153e-14	9.42903904e-12	9.397906646e-12	7.476073863e-14	0.1153630812	0.1150152901	0.0009117492397	
4.546	6.816762276e-12	6.776782968e-12	5.454203129e-14	9.409413123e-12	9.37835312e-12	7.460451878e-14	0.1151230346	0.1147760564	0.0009098445419	
4.547	6.802568821e-12	6.762679575e-12	5.44280297e-14	9.38984844e-12	9.358860576e-12	7.444878821e-14	0.1148837368	0.1145375685	0.0009079458081	
4.548	6.788419665e-12	6.748620179e-12	5.431438527e-14	9.370344734e-12	9.339428761e-12	7.429354489e-14	0.1146451846	0.1142998234	0.0009060530134	
4.549	6.774314625e-12	6.734604596e-12	5.42010965e-14	9.350901754e-12	9.320057422e-12	7.413878678e-14	0.1144073749	0.114062818	0.0009041661332	
4.55	6.760253517e-12	6.720632644e-12	5.408816193e-14	9.331519247e-12	9.300746309e-12	7.398451186e-14	0.1141703046	0.1138265493	0.0009022851426	
4.551	6.746236158e-12	6.706704143e-12	5.397558006e-14	9.312196962e-12	9.281495173e-12	7.383071813e-14	0.1139339707	0.1135910141	0.0009004100174	
4.552	6.732262368e-12	6.692818913e-12	5.386334944e-14	9.29293465e-12	9.262303765e-12	7.367740357e-14	0.1136983701	0.1133562095	0.0008985407331	
4.553	6.718331966e-12	6.678976774e-12	5.37514686e-14	9.273732064e-12	9.243171838e-12	7.352456621e-14	0.1134634998	0.1131221324	0.0008966772654	
4.554	6.704444772e-12	6.665177548e-12	5.363993609e-14	9.254588957e-12	9.224099147e-12	7.337220407e-14	0.1132293567	0.1128887799	0.0008948195903	
4.555	6.690600609e-12	6.651421058e-12	5.352875047e-14	9.235505082e-12	9.205085447e-12	7.322031517e-14	0.112995938	0.1126561489	0.0008929676838	
4.556	6.676799297e-12	6.637707128e-12	5.341791029e-14	9.216480196e-12	9.186130496e-12	7.306889756e-14	0.1127632404	0.1124242365	0.0008911215219	
4.557	6.663040661e-12	6.624035582e-12	5.330741413e-14	9.197514056e-12	9.16723405e-12	7.291794928e-14	0.1125312613	0.1121930396	0.0008892810811	
4.558	6.649324525e-12	6.610406245e-12	5.319726057e-14	9.17860642e-12	9.148395871e-12	7.276746841e-14	0.1122999974	0.1119625555	0.0008874463375	
4.559	6.635650713e-12	6.596818944e-12	5.308744819e-14	9.159757048e-12	9.129615718e-12	7.261745301e-14	0.112069446	0.1117327811	0.0008856172678	
4.56	6.622019052e-12	6.583273507e-12	5.297797557e-14	9.1409657e-12	9.110893353e-12	7.246790116e-14	0.1118396041	0.1115037135	0.0008837938485	
4.561	6.608429369e-12	6.569769761e-12	5.286884133e-14	9.122232139e-12	9.092228539e-12	7.231881096e-14	0.1116104688	0.1112753499	0.0008819760564	
4.562	6.594881491e-12	6.556307536e-12	5.276004407e-14	9.103556128e-12	9.073621041e-12	7.217018051e-14	0.1113820371	0.1110476873	0.0008801638684	
4.563	6.581375247e-12	6.54288666e-12	5.26515824e-14	9.08493743e-12	9.055070623e-12	7.202200792e-14	0.1111543063	0.1108207229	0.0008783572615	
4.564	6.567910467e-12	6.529506966e-12	5.254345494e-14	9.066375813e-12	9.036577054e-12	7.18742913e-14	0.1109272734	0.1105944538	0.0008765562127	
4.565	6.55448698e-12	6.516168284e-12	5.243566032e-14	9.047871042e-12	9.0181401e-12	7.172702879e-14	0.1107009356	0.1103688772	0.0008747606992	
4.566	6.541104619e-12	6.502870448e-12	5.232819718e-14	9.029422885e-12	8.999759531e-12	7.158021854e-14	0.1104752901	0.1101439903	0.0008729706985	
4.567	6.527763215e-12	6.48961329e-12	5.222106415e-14	9.011031113e-12	8.981435117e-12	7.143385868e-14	0.110250334	0.1099197903	0.0008711861879	
4.568	6.514462601e-12	6.476396645e-12	5.211425989e-14	8.992695495e-12	8.963166629e-12	7.128794738e-14	0.1100260646	0.1096962743	0.000869407145	
4.569	6.501202611e-12	6.463220348e-12	5.200778305e-14	8.974415802e-12	8.94495384e-12	7.114248281e-14	0.109802479	0.1094734396	0.0008676335475	
4.57	6.48798308e-12	6.450084234e-12	5.19016323e-14	8.956191808e-12	8.926796524e-12	7.099746314e-14	0.1095795744	0.1092512834	0.0008658653732	
4.571	6.474803843e-12	6.436988141e-12	5.17958063e-14	8.938023287e-12	8.908694455e-12	7.085288656e-14	0.1093573482	0.1090298029	0.0008641025999	
4.572	6.461664737e-12	6.423931905e-12	5.169030373e-14	8.919910012e-12	8.89064741e-12	7.070875127e-14	0.1091357975	0.1088089955	0.0008623452058	
4.573	6.448565598e-12	6.410915366e-12	5.158512327e-14	8.901851762e-12	8.872655166e-12	7.056505547e-14	0.1089149196	0.1085888584	0.0008605931689	
4.574	6.435506266e-12	6.397938362e-12	5.148026361e-14	8.883848312e-12	8.8547175e-12	7.042179738e-14	0.1086947118	0.1083693889	0.0008588464675	
4.575	6.422486577e-12	6.385000734e-12	5.137572345e-14	8.865899441e-12	8.836834193e-12	7.027897522e-14	0.1084751713	0.1081505843	0.00085710508	
4.576	6.409506374e-12	6.372102322e-12	5.12715015e-14	8.84800493e-12	8.819005025e-12	7.013658723e-14	0.1082562956	0.1079324419	0.0008553689847	
4.577	6.396565494e-12	6.359242968e-12	5.116759646e-14	8.830164557e-12	8.801229778e-12	6.999463163e-14	0.1080380819	0.107714959	0.0008536381603	
4.578	6.383663781e-12	6.346422514e-12	5.106400704e-14	8.812378106e-12	8.783508233e-12	6.98531067e-14	0.1078205275	0.107498133	0.0008519125854	
4.579	6.370801076e-12	6.333640804e-12	5.096073197e-14	8.794645359e-12	8.765840176e-12	6.971201068e-14	0.1076036298	0.1072819613	0.0008501922388	
4.58	6.357977222e-12	6.320897681e-12	5.085776999e-14	8.7769661e-12	8.74822539e-12	6.957134184e-14	0.1073873861	0.1070664411	0.0008484770995	
4.581	6.345192062e-12	6.30819299e-12	5.075511981e-14	8.759340113e-12	8.730663663e-12	6.943109847e-14	0.1071717938	0.1068515699	0.0008467671464	
4.582	6.332445441e-12	6.295526577e-12	5.06527802e-14	8.741767186e-12	8.713154781e-12	6.929127883e-14	0.1069568504	0.1066373452	0.0008450623587	
4.583	6.319737204e-12	6.282898289e-12	5.055074988e-14	8.724247105e-12	8.695698531e-12	6.915188124e-14	0.1067425531	0.1064237642	0.0008433627154	
4.584	6.307067197e-12	6.270307971e-12	5.044902763e-14	8.706779659e-12	8.678294704e-12	6.901290399e-14	0.1065288994	0.1062108244	0.0008416681961	
4.585	6.294435267e-12	6.257755473e-12	5.03476122e-14	8.689364637e-12	8.66094309e-12	6.887434539e-14	0.1063158868	0.1059985233	0.00083997878	
4.586	6.281841262e-12	6.245240642e-12	5.024650235e-14	8.672001828e-12	8.643643479e-12	6.873620377e-14	0.1061035126	0.1057868583	0.0008382944467	
4.587	6.269285029e-12	6.232763329e-12	5.014569687e-14	8.654691026e-12	8.626395665e-12	6.859847745e-14	0.1058917744	0.1055758268	0.0008366151758	
4.588	6.256766418e-12	6.220323383e-12	5.004519452e-14	8.637432021e-12	8.60919944e-12	6.846116476e-14	0.1056806695	0.1053654264	0.0008349409471	
4.589	6.244285278e-12	6.207920655e-12	4.994499409e-14	8.620224608e-12	8.592054599e-12	6.832426406e-14	0.1054701956	0.1051556545	0.0008332717403	
4.59	6.231841461e-12	6.195554997e-12	4.984509439e-14	8.603068581e-12	8.574960938e-12	6.818777369e-14	0.1052603499	0.1049465086	0.0008316075355	
4.591	6.219434817e-12	6.183226261e-12	4.974549419e-14	8.585963735e-12	8.557918252e-12	6.805169202e-14	0.1050511301	0.1047379862	0.0008299483126	
4.592	6.207065198e-12	6.1709343e-12	4.964619232e-14	8.568909868e-12	8.54092634e-12	6.791601742e-14	0.1048425337	0.1045300849	0.0008282940518	
4.593	6.194732457e-12	6.158678969e-12	4.954718757e-14	8.551906776e-12	8.523984999e-12	6.778074826e-14	0.1046345581	0.1043228022	0.0008266447333	
4.594	6.182436448e-12	6.146460121e-12	4.944847876e-14	8.534954258e-12	8.507094029e-12	6.764588293e-14	0.104427201	0.1041161356	0.0008250003374	
4.595	6.170177025e-12	6.134277612e-12	4.935006471e-14	8.518052115e-12	8.490253231e-12	6.751141983e-14	0.1042204598	0.1039100827	0.0008233608445	
4.596	6.157954043e-12	6.122131298e-12	4.925194426e-14	8.501200146e-12	8.473462406e-12	6.737735735e-14	0.1040143322	0.1037046411	0.0008217262353	
4.597	6.145767357e-12	6.110021036e-12	4.915411623e-14	8.484398152e-12	8.456721357e-12	6.72436939e-14	0.1038088156	0.1034998083	0.0008200964902	
4.598	6.133616825e-12	6.097946683e-12	4.905657946e-14	8.467645937e-12	8.440029886e-12	6.711042791e-14	0.1036039078	0.103295582	0.00081847159	
4.599	6.121502302e-12	6.085908097e-12	4.89593328e-14	8.450943304e-12	8.423387799e-12	6.697755779e-14	0.1033996063	0.1030919597	0.0008168515155	
4.6	6.109423647e-12	6.073905138e-12	4.88623751e-14	8.434290057e-12	8.4067949e-12	6.684508198e-14	0.1031959086	0.1028889391	0.0008152362477	
4.601	6.097380718e-12	6.061937663e-12	4.876570521e-14	8.417686003e-12	8.390250996e-12	6.671299893e-14	0.1029928125	0.1026865178	0.0008136257674	
4.602	6.085373375e-12	6.050005535e-12	4.866932199e-14	8.401130946e-12	8.373755894e-12	6.658130708e-14	0.1027903156	0.1024846934	0.0008120200559	
4.603	6.073401477e-12	6.038108613e-12	4.857322432e-14	8.384624695e-12	8.357309403e-12	6.645000488e-14	0.1025884154	0.1022834637	0.0008104190943	
4.604	6.061464885e-12	6.02624676e-12	4.847741106e-14	8.368167058e-12	8.34091133e-12	6.631909081e-14	0.1023871097	0.1020828262	0.0008088228639	
4.605	6.04956346e-12	6.014419837e-12	4.83818811e-14	8.351757843e-12	8.324561488e-12	6.618856332e-14	0.1021863962	0.1018827786	0.000807231346	
4.606	6.037697064e-12	6.002627707e-12	4.828663331e-14	8.335396862e-12	8.308259685e-12	6.605842091e-14	0.1019862724	0.1016833187	0.0008056445221	
4.607	6.02586556e-12	5.990870235e-12	4.819166659e-14	8.319083926e-12	8.292005735e-12	6.592866206e-14	0.1017867361	0.1014844442	0.0008040623738	
4.608	6.014068812e-12	5.979147284e-12	4.809697983e-14	8.302818845e-12	8.275799451e-12	6.579928525e-14	0.1015877851	0.1012861526	0.0008024848827	
4.609	6.002306682e-12	5.967458719e-12	4.800257194e-14	8.286601434e-12	8.259640645e-12	6.5670289e-14	0.1013894169	0.1010884419	0.0008009120305	
4.61	5.990579036e-12	5.955804407e-12	4.790844181e-14	8.270431506e-12	8.243529133e-12	6.554167181e-14	0.1011916294	0.1008913096	0.0007993437991	
4.611	5.978885739e-12	5.944184212e-12	4.781458836e-14	8.254308876e-12	8.22746473e-12	6.541343219e-14	0.1009944202	0.1006947536	0.0007977801704	
4.612	5.967226656e-12	5.932598003e-12	4.772101051e-14	8.238233359e-12	8.211447252e-12	6.528556868e-14	0.1007977872	0.1004987716	0.0007962211264	
4.613	5.955601656e-12	5.921045646e-12	4.762770717e-14	8.222204773e-12	8.195476518e-12	6.51580798e-14	0.100601728	0.1003033613	0.0007946666492	
4.614	5.944010603e-12	5.90952701e-12	4.753467728e-14	8.206222934e-12	8.179552345e-12	6.503096408e-14	0.1004062405	0.1001085206	0.0007931167209	
4.615	5.932453368e-12	5.898041964e-12	4.744191977e-14	8.19028766e-12	8.163674552e-12	6.490422008e-14	0.1002113224	0.09991424723	0.0007915713238	
4.616	5.920929818e-12	5.886590377e-12	4.734943357e-14	8.174398772e-12	8.14784296e-12	6.477784634e-14	0.1000169715	0.09972053899	0.0007900304403	
4.617	5.909439822e-12	5.875172119e-12	4.725721763e-14	8.158556089e-12	8.132057389e-12	6.465184143e-14	0.09982318562	0.09952739369	0.0007884940527	
4.618	5.89798325e-12	5.863787062e-12	4.716527089e-14	8.142759432e-12	8.116317661e-12	6.45262039e-14	0.09962996256	0.09933480915	0.0007869621437	
4.619	5.886559973e-12	5.852435075e-12	4.70735923e-14	8.127008623e-12	8.100623599e-12	6.440093234e-14	0.09943730016	0.0991427832	0.0007854346959	
4.62	5.875169862e-12	5.841116033e-12	4.698218084e-14	8.111303485e-12	8.084975025e-12	6.427602531e-14	0.09924519623	0.09895131369	0.0007839116918	
4.621	5.863812788e-12	5.829829806e-12	4.689103545e-14	8.095643841e-12	8.069371766e-12	6.415148142e-14	0.09905364862	0.09876039846	0.0007823931144	
4.622	5.852488624e-12	5.818576269e-12	4.680015511e-14	8.080029515e-12	8.053813644e-12	6.402729924e-14	0.09886265518	0.09857003538	0.0007808789464	
4.623	5.841197242e-12	5.807355294e-12	4.670953879e-14	8.064460334e-12	8.038300488e-12	6.390347739e-14	0.09867221379	0.09838022232	0.0007793691708	
4.624	5.829938516e-12	5.796166758e-12	4.661918546e-14	8.048936122e-12	8.022832123e-12	6.378001447e-14	0.0984823223	0.09819095716	0.0007778637706	
4.625	5.818712321e-12	5.785010534e-12	4.652909412e-14	8.033456707e-12	8.007408376e-12	6.365690909e-14	0.09829297861	0.09800223779	0.0007763627289	
4.626	5.807518531e-12	5.773886498e-12	4.643926374e-14	8.018021917e-12	7.992029078e-12	6.353415987e-14	0.09810418062	0.09781406213	0.0007748660289	
4.627	5.796357021e-12	5.762794526e-12	4.634969332e-14	8.00263158e-12	7.976694057e-12	6.341176545e-14	0.09791592621	0.09762642807	0.0007733736539	
4.628	5.785227668e-12	5.751734497e-12	4.626038187e-14	7.987285525e-12	7.961403142e-12	6.328972444e-14	0.09772821332	0.09743933354	0.0007718855872	
4.629	5.774130348e-12	5.740706286e-12	4.617132837e-14	7.971983584e-12	7.946156166e-12	6.31680355e-14	0.09754103986	0.09725277648	0.0007704018123	
4.63	5.763064938e-12	5.729709771e-12	4.608253185e-14	7.956725586e-12	7.93095296e-12	6.304669727e-14	0.09735440377	0.09706675484	0.0007689223127	
4.631	5.752031315e-12	5.718744833e-12	4.59939913e-14	7.941511364e-12	7.915793356e-12	6.292570841e-14	0.09716830299	0.09688126655	0.0007674470718	
4.632	5.741029359e-12	5.707811348e-12	4.590570575e-14	7.926340751e-12	7.900677188e-12	6.280506757e-14	0.09698273548	0.09669630958	0.0007659760735	
4.633	5.730058948e-12	5.696909199e-12	4.581767422e-14	7.911213579e-12	7.885604289e-12	6.268477342e-14	0.0967976992	0.09651188191	0.0007645093015	
4.634	5.719119961e-12	5.686038264e-12	4.572989574e-14	7.896129683e-12	7.870574496e-12	6.256482463e-14	0.09661319213	0.09632798152	0.0007630467395	
4.635	5.708212279e-12	5.675198425e-12	4.564236933e-14	7.881088898e-12	7.855587644e-12	6.244521988e-14	0.09642921224	0.0961446064	0.0007615883715	
4.636	5.697335783e-12	5.664389563e-12	4.555509403e-14	7.866091061e-12	7.840643568e-12	6.232595786e-14	0.09624575753	0.09596175455	0.0007601341815	
4.637	5.686490352e-12	5.65361156e-12	4.546806888e-14	7.851136007e-12	7.825742108e-12	6.220703726e-14	0.09606282601	0.09577942398	0.0007586841534	
4.638	5.67567587e-12	5.642864299e-12	4.538129293e-14	7.836223573e-12	7.810883099e-12	6.208845677e-14	0.09588041568	0.09559761271	0.0007572382715	
4.639	5.664892218e-12	5.632147663e-12	4.529476522e-14	7.821353599e-12	7.796066383e-12	6.19702151e-14	0.09569852457	0.09541631877	0.00075579652	
4.64	5.65413928e-12	5.621461535e-12	4.520848482e-14	7.806525923e-12	7.781291797e-12	6.185231097e-14	0.0955171507	0.09523554019	0.000754358883	
4.641	5.643416939e-12	5.610805801e-12	4.512245077e-14	7.791740384e-12	7.766559183e-12	6.173474307e-14	0.09533629213	0.09505527503	0.0007529253451	
4.642	5.632725078e-12	5.600180344e-12	4.503666214e-14	7.776996824e-12	7.751868382e-12	6.161751015e-14	0.09515594688	0.09487552135	0.0007514958905	
4.643	5.622063583e-12	5.589585051e-12	4.4951118e-14	7.762295083e-12	7.737219235e-12	6.150061093e-14	0.09497611304	0.09469627721	0.0007500705038	
4.644	5.611432338e-12	5.579019806e-12	4.486581741e-14	7.747635003e-12	7.722611585e-12	6.138404413e-14	0.09479678866	0.09451754068	0.0007486491697	
4.645	5.60083123e-12	5.568484497e-12	4.478075947e-14	7.733016427e-12	7.708045275e-12	6.126780851e-14	0.09461797181	0.09433930985	0.0007472318726	
4.646	5.590260143e-12	5.557979011e-12	4.469594323e-14	7.718439198e-12	7.69352015e-12	6.11519028e-14	0.0944396606	0.09416158281	0.0007458185974	
4.647	5.579718966e-12	5.547503234e-12	4.46113678e-14	7.703903161e-12	7.679036055e-12	6.103632577e-14	0.0942618531	0.09398435767	0.0007444093288	
4.648	5.569207584e-12	5.537057056e-12	4.452703226e-14	7.68940816e-12	7.664592835e-12	6.092107616e-14	0.09408454743	0.09380763254	0.0007430040518	
4.649	5.558725887e-12	5.526640364e-12	4.44429357e-14	7.674954042e-12	7.650190335e-12	6.080615275e-14	0.09390774169	0.09363140553	0.0007416027512	
4.65	5.548273762e-12	5.516253048e-12	4.435907721e-14	7.660540652e-12	7.635828405e-12	6.06915543e-14	0.09373143402	0.09345567478	0.000740205412	
4.651	5.537851098e-12	5.505894997e-12	4.427545592e-14	7.646167837e-12	7.62150689e-12	6.057727959e-14	0.09355562253	0.09328043843	0.0007388120194	
4.652	5.527457785e-12	5.495566102e-12	4.419207091e-14	7.631835446e-12	7.60722564e-12	6.046332739e-14	0.09338030538	0.09310569461	0.0007374225585	
4.653	5.517093712e-12	5.485266253e-12	4.410892129e-14	7.617543326e-12	7.592984503e-12	6.034969651e-14	0.0932054807	0.0929314415	0.0007360370144	
4.654	5.50675877e-12	5.474995341e-12	4.40260062e-14	7.603291328e-12	7.57878333e-12	6.023638572e-14	0.09303114665	0.09275767724	0.0007346553726	
4.655	5.496452849e-12	5.464753258e-12	4.394332473e-14	7.5890793e-12	7.564621971e-12	6.012339383e-14	0.09285730141	0.09258440002	0.0007332776183	
4.656	5.486175841e-12	5.454539896e-12	4.386087602e-14	7.574907095e-12	7.550500278e-12	6.001071965e-14	0.09268394313	0.09241160801	0.0007319037369	
4.657	5.475927638e-12	5.444355148e-12	4.377865919e-14	7.560774562e-12	7.536418102e-12	5.989836198e-14	0.09251107002	0.09223929941	0.000730533714	
4.658	5.465708133e-12	5.434198907e-12	4.369667337e-14	7.546681554e-12	7.522375296e-12	5.978631963e-14	0.09233868024	0.09206747241	0.0007291675352	
4.659	5.455517218e-12	5.424071067e-12	4.36149177e-14	7.532627923e-12	7.508371713e-12	5.967459144e-14	0.09216677202	0.09189612522	0.000727805186	
4.66	5.445354786e-12	5.413971521e-12	4.353339132e-14	7.518613524e-12	7.494407208e-12	5.956317621e-14	0.09199534354	0.09172525605	0.0007264466522	
4.661	5.435220732e-12	5.403900165e-12	4.345209337e-14	7.50463821e-12	7.480481635e-12	5.94520728e-14	0.09182439304	0.09155486312	0.0007250919195	
4.662	5.42511495e-12	5.393856894e-12	4.3371023e-14	7.490701836e-12	7.466594849e-12	5.934128003e-14	0.09165391873	0.09138494468	0.0007237409737	
4.663	5.415037335e-12	5.383841603e-12	4.329017935e-14	7.476804257e-12	7.452746706e-12	5.923079674e-14	0.09148391884	0.09121549895	0.0007223938007	
4.664	5.404987783e-12	5.373854188e-12	4.320956159e-14	7.462945329e-12	7.438937064e-12	5.912062179e-14	0.09131439162	0.09104652419	0.0007210503866	
4.665	5.394966188e-12	5.363894547e-12	4.312916887e-14	7.44912491e-12	7.42516578e-12	5.901075403e-14	0.09114533532	0.09087801864	0.0007197107173	
4.666	5.384972449e-12	5.353962576e-12	4.304900036e-14	7.435342856e-12	7.411432711e-12	5.890119232e-14	0.09097674819	0.09070998059	0.0007183747789	
4.667	5.37500646e-12	5.344058172e-12	4.296905522e-14	7.421599026e-12	7.397737716e-12	5.879193552e-14	0.09080862849	0.09054240829	0.0007170425576	
4.668	5.36506812e-12	5.334181234e-12	4.288933263e-14	7.407893278e-12	7.384080656e-12	5.86829825e-14	0.09064097451	0.09037530002	0.0007157140396	
4.669	5.355157327e-12	5.32433166e-12	4.280983175e-14	7.394225473e-12	7.370461388e-12	5.857433213e-14	0.09047378452	0.09020865408	0.0007143892112	
4.67	5.345273978e-12	5.31450935e-12	4.273055177e-14	7.380595469e-12	7.356879776e-12	5.84659833e-14	0.09030705681	0.09004246876	0.0007130680586	
4.671	5.335417973e-12	5.304714203e-12	4.265149187e-14	7.367003127e-12	7.343335678e-12	5.835793489e-14	0.09014078967	0.08987674236	0.0007117505685	
4.672	5.325589211e-12	5.294946118e-12	4.257265123e-14	7.35344831e-12	7.329828958e-12	5.825018579e-14	0.08997498142	0.0897114732	0.0007104367271	
4.673	5.315787591e-12	5.285204996e-12	4.249402905e-14	7.339930878e-12	7.316359479e-12	5.814273489e-14	0.08980963036	0.08954665959	0.0007091265211	
4.674	5.306013013e-12	5.275490737e-12	4.241562451e-14	7.326450695e-12	7.302927102e-12	5.80355811e-14	0.08964473482	0.08938229986	0.000707819937	
4.675	5.296265379e-12	5.265803244e-12	4.233743682e-14	7.313007623e-12	7.289531693e-12	5.792872333e-14	0.08948029312	0.08921839235	0.0007065169615	
4.676	5.286544588e-12	5.256142418e-12	4.225946517e-14	7.299601527e-12	7.276173115e-12	5.782216047e-14	0.0893163036	0.08905493539	0.0007052175814	
4.677	5.276850543e-12	5.246508161e-12	4.218170878e-14	7.286232271e-12	7.262851234e-12	5.771589145e-14	0.08915276459	0.08889192734	0.0007039217833	
4.678	5.267183146e-12	5.236900375e-12	4.210416685e-14	7.27289972e-12	7.249565915e-12	5.760991519e-14	0.08898967447	0.08872936656	0.0007026295542	
4.679	5.257542299e-12	5.227318964e-12	4.202683858e-14	7.25960374e-12	7.236317024e-12	5.750423061e-14	0.08882703157	0.0885672514	0.000701340881	
4.68	5.247927904e-12	5.217763832e-12	4.19497232e-14	7.246344198e-12	7.223104429e-12	5.739883664e-14	0.08866483427	0.08840558025	0.0007000557505	
4.681	5.238339865e-12	5.208234881e-12	4.187281993e-14	7.233120959e-12	7.209927997e-12	5.729373223e-14	0.08850308093	0.08824435147	0.0006987741499	
4.682	5.228778086e-12	5.198732018e-12	4.179612798e-14	7.219933892e-12	7.196787597e-12	5.71889163e-14	0.08834176995	0.08808356347	0.0006974960662	
4.683	5.219242472e-12	5.189255145e-12	4.171964659e-14	7.206782865e-12	7.183683095e-12	5.708438781e-14	0.08818089971	0.08792321463	0.0006962214866	
4.684	5.209732925e-12	5.17980417e-12	4.164337499e-14	7.193667746e-12	7.170614363e-12	5.698014569e-14	0.0880204686	0.08776330335	0.0006949503982	
4.685	5.200249352e-12	5.170378997e-12	4.156731239e-14	7.180588406e-12	7.15758127e-12	5.687618892e-14	0.08786047502	0.08760382805	0.0006936827883	
4.686	5.190791659e-12	5.160979532e-12	4.149145806e-14	7.167544713e-12	7.144583687e-12	5.677251644e-14	0.0877009174	0.08744478713	0.0006924186443	
4.687	5.18135975e-12	5.151605683e-12	4.141581122e-14	7.154536539e-12	7.131621484e-12	5.666912723e-14	0.08754179413	0.08728617903	0.0006911579535	
4.688	5.171953532e-12	5.142257356e-12	4.134037111e-14	7.141563754e-12	7.118694533e-12	5.656602025e-14	0.08738310366	0.08712800217	0.0006899007033	
4.689	5.162572913e-12	5.132934458e-12	4.126513699e-14	7.128626231e-12	7.105802707e-12	5.646319446e-14	0.0872248444	0.08697025499	0.0006886468812	
4.69	5.153217799e-12	5.123636898e-12	4.119010811e-14	7.115723841e-12	7.092945879e-12	5.636064886e-14	0.08706701481	0.08681293594	0.0006873964748	
4.691	5.143888097e-12	5.114364584e-12	4.111528372e-14	7.102856458e-12	7.080123921e-12	5.625838243e-14	0.08690961331	0.08665604347	0.0006861494717	
4.692	5.134583716e-12	5.105117423e-12	4.104066307e-14	7.090023954e-12	7.067336707e-12	5.615639415e-14	0.08675263838	0.08649957603	0.0006849058595	
4.693	5.125304565e-12	5.095895326e-12	4.096624543e-14	7.077226205e-12	7.054584113e-12	5.605468301e-14	0.08659608846	0.0863435321	0.0006836656259	
4.694	5.116050551e-12	5.086698202e-12	4.089203007e-14	7.064463083e-12	7.041866014e-12	5.595324801e-14	0.08643996202	0.08618791014	0.0006824287588	
4.695	5.106821585e-12	5.077525961e-12	4.081801624e-14	7.051734466e-12	7.029182285e-12	5.585208815e-14	0.08628425754	0.08603270863	0.0006811952459	
4.696	5.097617576e-12	5.068378512e-12	4.074420322e-14	7.039040228e-12	7.016532801e-12	5.575120244e-14	0.0861289735	0.08587792606	0.0006799650751	
4.697	5.088438434e-12	5.059255767e-12	4.067059029e-14	7.026380245e-12	7.003917441e-12	5.565058989e-14	0.08597410838	0.08572356093	0.0006787382344	
4.698	5.07928407e-12	5.050157638e-12	4.059717672e-14	7.013754395e-12	6.991336082e-12	5.555024951e-14	0.08581966068	0.08556961173	0.0006775147117	
4.699	5.070154394e-12	5.041084034e-12	4.052396179e-14	7.001162555e-12	6.978788601e-12	5.545018032e-14	0.0856656289	0.08541607698	0.0006762944951	
4.7	5.061049318e-12	5.032034869e-12	4.045094479e-14	6.988604602e-12	6.966274876e-12	5.535038134e-14	0.08551201155	0.08526295517	0.0006750775727	
4.701	5.051968753e-12	5.023010054e-12	4.0378125e-14	6.976080416e-12	6.953794788e-12	5.525085161e-14	0.08535880713	0.08511024484	0.0006738639326	
4.702	5.042912611e-12	5.014009502e-12	4.030550171e-14	6.963589875e-12	6.941348215e-12	5.515159014e-14	0.08520601418	0.08495794452	0.0006726535631	
4.703	5.033880806e-12	5.005033127e-12	4.023307422e-14	6.951132858e-12	6.928935037e-12	5.505259599e-14	0.08505363122	0.08480605272	0.0006714464523	
4.704	5.024873249e-12	4.996080841e-12	4.016084182e-14	6.938709247e-12	6.916555135e-12	5.49538682e-14	0.08490165678	0.084654568	0.0006702425887	
4.705	5.015889854e-12	4.987152559e-12	4.008880382e-14	6.926318921e-12	6.90420839e-12	5.485540579e-14	0.08475008941	0.0845034889	0.0006690419605	
4.706	5.006930535e-12	4.978248195e-12	4.001695951e-14	6.913961762e-12	6.891894684e-12	5.475720784e-14	0.08459892764	0.08435281397	0.0006678445562	
4.707	4.997995206e-12	4.969367664e-12	3.994530821e-14	6.901637651e-12	6.879613899e-12	5.465927338e-14	0.08444817005	0.08420254177	0.0006666503642	
4.708	4.989083781e-12	4.960510879e-12	3.987384922e-14	6.889346471e-12	6.867365918e-12	5.456160148e-14	0.08429781517	0.08405267087	0.0006654593731	
4.709	4.980196174e-12	4.951677758e-12	3.980258185e-14	6.877088104e-12	6.855150624e-12	5.44641912e-14	0.08414786159	0.08390319984	0.0006642715715	
4.71	4.971332302e-12	4.942868215e-12	3.973150542e-14	6.864862434e-12	6.842967901e-12	5.436704161e-14	0.08399830787	0.08375412726	0.0006630869479	
4.711	4.962492079e-12	4.934082168e-12	3.966061924e-14	6.852669344e-12	6.830817632e-12	5.427015177e-14	0.0838491526	0.08360545171	0.000661905491	
4.712	4.953675422e-12	4.925319531e-12	3.958992265e-14	6.840508719e-12	6.818699703e-12	5.417352076e-14	0.08370039436	0.08345717179	0.0006607271895	
4.713	4.944882246e-12	4.916580222e-12	3.951941495e-14	6.828380444e-12	6.806614e-12	5.407714767e-14	0.08355203173	0.08330928608	0.0006595520323	
4.714	4.936112469e-12	4.907864159e-12	3.944909549e-14	6.816284403e-12	6.794560407e-12	5.398103156e-14	0.08340406333	0.0831617932	0.0006583800081	
4.715	4.927366008e-12	4.899171259e-12	3.937896359e-14	6.804220483e-12	6.782538812e-12	5.388517153e-14	0.08325648775	0.08301469176	0.0006572111057	
4.716	4.918642779e-12	4.89050144e-12	3.930901859e-14	6.792188571e-12	6.770549101e-12	5.378956668e-14	0.0831093036	0.08286798036	0.0006560453143	
4.717	4.909942701e-12	4.88185462e-12	3.923925981e-14	6.780188552e-12	6.758591161e-12	5.369421609e-14	0.0829625095	0.08272165764	0.0006548826226	
4.718	4.901265692e-12	4.873230718e-12	3.916968661e-14	6.768220315e-12	6.74666488e-12	5.359911886e-14	0.08281610408	0.08257572221	0.0006537230197	
4.719	4.89261167e-12	4.864629653e-12	3.910029831e-14	6.756283746e-12	6.734770147e-12	5.350427411e-14	0.08267008595	0.08243017272	0.0006525664947	
4.72	4.883980555e-12	4.856051345e-12	3.903109428e-14	6.744378735e-12	6.72290685e-12	5.340968092e-14	0.08252445377	0.08228500781	0.0006514130367	
4.721	4.875372264e-12	4.847495713e-12	3.896207385e-14	6.732505171e-12	6.711074879e-12	5.331533842e-14	0.08237920616	0.08214022611	0.0006502626348	
4.722	4.866786719e-12	4.838962677e-12	3.889323637e-14	6.720662942e-12	6.699274123e-12	5.322124572e-14	0.08223434177	0.08199582629	0.0006491152783	
4.723	4.858223838e-12	4.830452159e-12	3.882458121e-14	6.708851938e-12	6.687504473e-12	5.312740194e-14	0.08208985926	0.08185180699	0.0006479709564	
4.724	4.849683543e-12	4.821964078e-12	3.875610772e-14	6.69707205e-12	6.675765819e-12	5.30338062e-14	0.08194575728	0.08170816689	0.0006468296585	
4.725	4.841165753e-12	4.813498355e-12	3.868781525e-14	6.685323169e-12	6.664058053e-12	5.294045763e-14	0.08180203451	0.08156490465	0.0006456913738	
4.726	4.83267039e-12	4.805054914e-12	3.861970316e-14	6.673605185e-12	6.652381066e-12	5.284735535e-14	0.0816586896	0.08142201895	0.0006445560918	
4.727	4.824197375e-12	4.796633674e-12	3.855177084e-14	6.661917991e-12	6.640734751e-12	5.275449851e-14	0.08151572124	0.08127950847	0.000643423802	
4.728	4.81574663e-12	4.788234559e-12	3.848401763e-14	6.650261479e-12	6.629119e-12	5.266188623e-14	0.08137312811	0.0811373719	0.0006422944937	
4.729	4.807318076e-12	4.779857491e-12	3.841644292e-14	6.63863554e-12	6.617533706e-12	5.256951767e-14	0.0812309089	0.08099560793	0.0006411681566	
4.73	4.798911637e-12	4.771502393e-12	3.834904607e-14	6.62704007e-12	6.605978763e-12	5.247739196e-14	0.08108906229	0.08085421526	0.0006400447803	
4.731	4.790527234e-12	4.763169187e-12	3.828182646e-14	6.61547496e-12	6.594454065e-12	5.238550827e-14	0.08094758699	0.08071319258	0.0006389243543	
4.732	4.782164791e-12	4.754857799e-12	3.821478348e-14	6.603940105e-12	6.582959506e-12	5.229386573e-14	0.08080648171	0.08057253863	0.0006378068684	
4.733	4.77382423e-12	4.746568151e-12	3.81479165e-14	6.5924354e-12	6.571494982e-12	5.22024635e-14	0.08066574515	0.08043225209	0.0006366923123	
4.734	4.765505477e-12	4.738300168e-12	3.80812249e-14	6.58096074e-12	6.560060388e-12	5.211130075e-14	0.08052537603	0.08029233171	0.0006355806756	
4.735	4.757208455e-12	4.730053774e-12	3.801470808e-14	6.56951602e-12	6.548655619e-12	5.202037664e-14	0.08038537307	0.08015277621	0.0006344719484	
4.736	4.748933088e-12	4.721828895e-12	3.794836542e-14	6.558101136e-12	6.537280573e-12	5.192969034e-14	0.080245735	0.08001358431	0.0006333661203	
4.737	4.7406793e-12	4.713625455e-12	3.788219632e-14	6.546715984e-12	6.525935145e-12	5.183924102e-14	0.08010646056	0.07987475476	0.0006322631813	
4.738	4.732447018e-12	4.70544338e-12	3.781620017e-14	6.535360462e-12	6.514619233e-12	5.174902785e-14	0.07996754847	0.07973628629	0.0006311631213	
4.739	4.724236166e-12	4.697282595e-12	3.775037637e-14	6.524034466e-12	6.503332736e-12	5.165905002e-14	0.07982899748	0.07959817766	0.0006300659304	
4.74	4.716046669e-12	4.689143028e-12	3.768472431e-14	6.512737894e-12	6.49207555e-12	5.15693067e-14	0.07969080635	0.07946042763	0.0006289715986	
4.741	4.707878455e-12	4.681024604e-12	3.761924341e-14	6.501470644e-12	6.480847574e-12	5.147979708e-14	0.07955297383	0.07932303494	0.0006278801158	
4.742	4.699731448e-12	4.672927251e-12	3.755393307e-14	6.490232615e-12	6.469648708e-12	5.139052034e-14	0.07941549868	0.07918599837	0.0006267914723	
4.743	4.691605577e-12	4.664850895e-12	3.748879269e-14	6.479023706e-12	6.458478851e-12	5.130147569e-14	0.07927837965	0.07904931668	0.0006257056582	
4.744	4.683500767e-12	4.656795463e-12	3.742382169e-14	6.467843817e-12	6.447337903e-12	5.121266232e-14	0.07914161553	0.07891298866	0.0006246226638	
4.745	4.675416946e-12	4.648760885e-12	3.735901948e-14	6.456692846e-12	6.436225764e-12	5.112407942e-14	0.07900520509	0.07877701307	0.0006235424791	
4.746	4.667354042e-12	4.640747087e-12	3.729438547e-14	6.445570695e-12	6.425142334e-12	5.103572621e-14	0.07886914712	0.07864138872	0.0006224650946	
4.747	4.659311982e-12	4.632753998e-12	3.722991908e-14	6.434477265e-12	6.414087516e-12	5.094760188e-14	0.07873344038	0.07850611438	0.0006213905006	
4.748	4.651290695e-12	4.624781547e-12	3.716561974e-14	6.423412455e-12	6.40306121e-12	5.085970564e-14	0.07859808369	0.07837118886	0.0006203186874	
4.749	4.643290109e-12	4.616829663e-12	3.710148687e-14	6.412376169e-12	6.392063318e-12	5.077203672e-14	0.07846307583	0.07823661095	0.0006192496454	
4.75	4.635310153e-12	4.608898275e-12	3.703751989e-14	6.401368308e-12	6.381093744e-12	5.068459433e-14	0.07832841562	0.07810237946	0.0006181833652	
4.751	4.627350756e-12	4.600987313e-12	3.697371823e-14	6.390388775e-12	6.37015239e-12	5.059737768e-14	0.07819410184	0.07796849321	0.0006171198371	
4.752	4.619411848e-12	4.593096706e-12	3.691008132e-14	6.379437472e-12	6.359239158e-12	5.0510386e-14	0.07806013333	0.07783495101	0.0006160590518	
4.753	4.611493358e-12	4.585226385e-12	3.684660859e-14	6.368514303e-12	6.348353954e-12	5.042361852e-14	0.07792650889	0.07770175169	0.0006150009997	
4.754	4.603595216e-12	4.57737628e-12	3.678329949e-14	6.357619171e-12	6.33749668e-12	5.033707447e-14	0.07779322734	0.07756889406	0.0006139456716	
4.755	4.595717352e-12	4.569546323e-12	3.672015345e-14	6.34675198e-12	6.326667241e-12	5.025075307e-14	0.07766028752	0.07743637697	0.0006128930581	
4.756	4.587859698e-12	4.561736444e-12	3.66571699e-14	6.335912635e-12	6.315865543e-12	5.016465358e-14	0.07752768826	0.07730419925	0.0006118431498	
4.757	4.580022184e-12	4.553946574e-12	3.65943483e-14	6.325101042e-12	6.305091491e-12	5.007877522e-14	0.07739542839	0.07717235973	0.0006107959375	
4.758	4.572204741e-12	4.546176645e-12	3.653168808e-14	6.314317104e-12	6.29434499e-12	4.999311724e-14	0.07726350677	0.07704085728	0.000609751412	
4.759	4.564407301e-12	4.53842659e-12	3.64691887e-14	6.303560729e-12	6.283625946e-12	4.990767889e-14	0.07713192222	0.07690969074	0.0006087095641	
4.76	4.556629795e-12	4.530696341e-12	3.64068496e-14	6.292831822e-12	6.272934266e-12	4.982245941e-14	0.07700067361	0.07677885896	0.0006076703847	
4.761	4.548872157e-12	4.522985829e-12	3.634467024e-14	6.282130289e-12	6.262269858e-12	4.973745807e-14	0.0768697598	0.07664836081	0.0006066338646	
4.762	4.541134317e-12	4.515294988e-12	3.628265007e-14	6.271456038e-12	6.251632627e-12	4.965267411e-14	0.07673917964	0.07651819515	0.0006055999948	
4.763	4.533416209e-12	4.507623752e-12	3.622078854e-14	6.260808976e-12	6.241022482e-12	4.956810679e-14	0.07660893201	0.07638836086	0.0006045687662	
4.764	4.525717766e-12	4.499972053e-12	3.615908513e-14	6.25018901e-12	6.230439332e-12	4.948375539e-14	0.07647901577	0.07625885681	0.0006035401699	
4.765	4.518038921e-12	4.492339825e-12	3.609753928e-14	6.239596049e-12	6.219883083e-12	4.939961915e-14	0.0763494298	0.07612968188	0.0006025141968	
4.766	4.510379607e-12	4.484727002e-12	3.603615047e-14	6.229030002e-12	6.209353646e-12	4.931569736e-14	0.07622017298	0.07600083496	0.0006014908382	
4.767	4.502739758e-12	4.477133519e-12	3.597491816e-14	6.218490776e-12	6.19885093e-12	4.923198928e-14	0.07609124421	0.07587231494	0.0006004700851	
4.768	4.495119309e-12	4.46955931e-12	3.591384181e-14	6.207978282e-12	6.188374844e-12	4.914849418e-14	0.07596264236	0.07574412071	0.0005994519286	
4.769	4.487518193e-12	4.462004309e-12	3.58529209e-14	6.197492429e-12	6.177925298e-12	4.906521136e-14	0.07583436633	0.07561625118	0.0005984363601	
4.77	4.479936346e-12	4.454468452e-12	3.57921549e-14	6.187033127e-12	6.167502204e-12	4.898214007e-14	0.07570641503	0.07548870524	0.0005974233706	
4.771	4.472373702e-12	4.446951675e-12	3.573154329e-14	6.176600286e-12	6.15710547e-12	4.889927962e-14	0.07557878736	0.0753614818	0.0005964129515	
4.772	4.464830197e-12	4.439453912e-12	3.567108554e-14	6.166193818e-12	6.146735009e-12	4.881662929e-14	0.07545148223	0.07523457978	0.0005954050941	
4.773	4.457305765e-12	4.4319751e-12	3.561078114e-14	6.155813633e-12	6.136390732e-12	4.873418837e-14	0.07532449855	0.0751079981	0.0005943997897	
4.774	4.449800343e-12	4.424515175e-12	3.555062955e-14	6.145459643e-12	6.126072552e-12	4.865195614e-14	0.07519783524	0.07498173568	0.0005933970297	
4.775	4.442313867e-12	4.417074074e-12	3.549063028e-14	6.13513176e-12	6.11578038e-12	4.856993192e-14	0.07507149122	0.07485579145	0.0005923968056	
4.776	4.434846272e-12	4.409651732e-12	3.54307828e-14	6.124829896e-12	6.105514128e-12	4.848811499e-14	0.07494546543	0.07473016433	0.0005913991088	
4.777	4.427397496e-12	4.402248087e-12	3.537108661e-14	6.114553964e-12	6.095273711e-12	4.840650465e-14	0.07481975678	0.07460485326	0.0005904039307	
4.778	4.419967475e-12	4.394863077e-12	3.531154119e-14	6.104303877e-12	6.085059041e-12	4.832510022e-14	0.07469436423	0.07447985719	0.000589411263	
4.779	4.412556147e-12	4.387496639e-12	3.525214603e-14	6.094079548e-12	6.074870033e-12	4.8243901e-14	0.07456928671	0.07435517506	0.0005884210971	
4.78	4.405163448e-12	4.38014871e-12	3.519290064e-14	6.083880891e-12	6.064706599e-12	4.81629063e-14	0.07444452316	0.07423080582	0.0005874334247	
4.781	4.397789317e-12	4.372819228e-12	3.51338045e-14	6.07370782e-12	6.054568655e-12	4.808211544e-14	0.07432007254	0.07410674842	0.0005864482374	
4.782	4.39043369e-12	4.365508133e-12	3.507485712e-14	6.06356025e-12	6.044456116e-12	4.800152773e-14	0.07419593379	0.07398300182	0.0005854655269	
4.783	4.383096507e-12	4.358215362e-12	3.5016058e-14	6.053438095e-12	6.034368896e-12	4.792114248e-14	0.07407210589	0.07385956498	0.0005844852848	
4.784	4.375777706e-12	4.350940854e-12	3.495740664e-14	6.04334127e-12	6.024306912e-12	4.784095903e-14	0.07394858778	0.07373643687	0.000583507503	
4.785	4.368477225e-12	4.343684548e-12	3.489890254e-14	6.033269692e-12	6.014270079e-12	4.77609767e-14	0.07382537845	0.07361361647	0.0005825321732	
4.786	4.361195002e-12	4.336446384e-12	3.484054522e-14	6.023223276e-12	6.004258313e-12	4.768119481e-14	0.07370247685	0.07349110273	0.0005815592871	
4.787	4.353930979e-12	4.329226301e-12	3.478233418e-14	6.013201938e-12	5.994271531e-12	4.76016127e-14	0.07357988197	0.07336889466	0.0005805888367	
4.788	4.346685093e-12	4.322024239e-12	3.472426893e-14	6.003205594e-12	5.984309649e-12	4.75222297e-14	0.07345759279	0.07324699122	0.0005796208138	
4.789	4.339457284e-12	4.314840139e-12	3.466634899e-14	5.993234163e-12	5.974372586e-12	4.744304515e-14	0.07333560828	0.07312539141	0.0005786552103	
4.79	4.332247492e-12	4.307673939e-12	3.460857387e-14	5.98328756e-12	5.964460258e-12	4.736405838e-14	0.07321392744	0.07300409422	0.0005776920181	
4.791	4.325055658e-12	4.300525581e-12	3.45509431e-14	5.973365704e-12	5.954572584e-12	4.728526873e-14	0.07309254927	0.07288309865	0.0005767312293	
4.792	4.317881722e-12	4.293395006e-12	3.449345618e-14	5.963468513e-12	5.944709482e-12	4.720667556e-14	0.07297147275	0.07276240369	0.0005757728359	
4.793	4.310725624e-12	4.286282155e-12	3.443611265e-14	5.953595904e-12	5.934870871e-12	4.712827821e-14	0.07285069689	0.07264200836	0.0005748168298	
4.794	4.303587305e-12	4.279186969e-12	3.437891202e-14	5.943747797e-12	5.925056669e-12	4.705007602e-14	0.07273022069	0.07252191165	0.0005738632032	
4.795	4.296466707e-12	4.272109389e-12	3.432185382e-14	5.933924111e-12	5.915266796e-12	4.697206836e-14	0.07261004317	0.07240211259	0.0005729119482	
4.796	4.289363771e-12	4.265049358e-12	3.426493758e-14	5.924124764e-12	5.905501171e-12	4.689425457e-14	0.07249016333	0.07228261019	0.0005719630568	
4.797	4.282278438e-12	4.258006817e-12	3.420816283e-14	5.914349677e-12	5.895759715e-12	4.681663401e-14	0.0723705802	0.07216340347	0.0005710165214	
4.798	4.275210651e-12	4.250981709e-12	3.415152909e-14	5.904598769e-12	5.886042348e-12	4.673920605e-14	0.07225129279	0.07204449146	0.0005700723341	
4.799	4.268160351e-12	4.243973976e-12	3.409503591e-14	5.89487196e-12	5.87634899e-12	4.666197005e-14	0.07213230014	0.07192587318	0.0005691304871	
4.8	4.261127481e-12	4.23698356e-12	3.403868281e-14	5.885169173e-12	5.866679562e-12	4.658492537e-14	0.07201360126	0.07180754768	0.0005681909727	
4.801	4.254111983e-12	4.230010406e-12	3.398246934e-14	5.875490326e-12	5.857033986e-12	4.650807138e-14	0.0718951952	0.07168951398	0.0005672537832	
4.802	4.2471138e-12	4.223054456e-12	3.392639503e-14	5.865835342e-12	5.847412183e-12	4.643140746e-14	0.07177708099	0.07157177112	0.0005663189109	
4.803	4.240132876e-12	4.216115653e-12	3.387045942e-14	5.856204142e-12	5.837814075e-12	4.635493298e-14	0.07165925767	0.07145431816	0.0005653863483	
4.804	4.233169153e-12	4.209193941e-12	3.381466206e-14	5.846596648e-12	5.828239585e-12	4.62786473e-14	0.07154172429	0.07133715414	0.0005644560876	
4.805	4.226222575e-12	4.202289265e-12	3.375900249e-14	5.837012783e-12	5.818688634e-12	4.620254982e-14	0.0714244799	0.07122027812	0.0005635281214	
4.806	4.219293086e-12	4.195401567e-12	3.370348027e-14	5.827452468e-12	5.809161147e-12	4.612663991e-14	0.07130752355	0.07110368914	0.0005626024421	
4.807	4.21238063e-12	4.188530794e-12	3.364809492e-14	5.817915628e-12	5.799657045e-12	4.605091696e-14	0.07119085429	0.07098738628	0.0005616790421	
4.808	4.205485151e-12	4.181676888e-12	3.359284602e-14	5.808402184e-12	5.790176253e-12	4.597538036e-14	0.07107447119	0.07087136859	0.0005607579141	
4.809	4.198606593e-12	4.174839795e-12	3.35377331e-14	5.798912061e-12	5.780718694e-12	4.590002948e-14	0.07095837332	0.07075563514	0.0005598390505	
4.81	4.191744901e-12	4.168019461e-12	3.348275573e-14	5.789445182e-12	5.771284292e-12	4.582486374e-14	0.07084255974	0.07064018502	0.0005589224439	
4.811	4.184900021e-12	4.161215829e-12	3.342791345e-14	5.780001471e-12	5.761872973e-12	4.57498825e-14	0.07072702952	0.07052501728	0.000558008087	
4.812	4.178071896e-12	4.154428847e-12	3.337320584e-14	5.770580854e-12	5.75248466e-12	4.567508519e-14	0.07061178175	0.07041013102	0.0005570959724	
4.813	4.171260473e-12	4.147658459e-12	3.331863243e-14	5.761183254e-12	5.743119279e-12	4.560047119e-14	0.07049681549	0.07029552531	0.0005561860927	
4.814	4.164465697e-12	4.140904611e-12	3.326419281e-14	5.751808597e-12	5.733776755e-12	4.55260399e-14	0.07038212984	0.07018119924	0.0005552784407	
4.815	4.157687513e-12	4.13416725e-12	3.320988652e-14	5.742456808e-12	5.724457014e-12	4.545179073e-14	0.07026772388	0.0700671519	0.0005543730091	
4.816	4.150925869e-12	4.127446322e-12	3.315571314e-14	5.733127813e-12	5.715159981e-12	4.537772309e-14	0.0701535967	0.06995338239	0.0005534697907	
4.817	4.144180709e-12	4.120741773e-12	3.310167224e-14	5.723821537e-12	5.705885584e-12	4.530383638e-14	0.07003974739	0.06983988981	0.0005525687782	
4.818	4.137451981e-12	4.114053551e-12	3.304776337e-14	5.714537907e-12	5.696633748e-12	4.523013001e-14	0.06992617507	0.06972667326	0.0005516699645	
4.819	4.130739631e-12	4.107381602e-12	3.299398611e-14	5.70527685e-12	5.6874044e-12	4.51566034e-14	0.06981287882	0.06961373183	0.0005507733425	
4.82	4.124043606e-12	4.100725874e-12	3.294034004e-14	5.696038293e-12	5.678197468e-12	4.508325597e-14	0.06969985775	0.06950106465	0.0005498789049	
4.821	4.117363853e-12	4.094086314e-12	3.288682472e-14	5.686822162e-12	5.669012879e-12	4.501008713e-14	0.06958711098	0.06938867082	0.0005489866447	
4.822	4.110700319e-12	4.087462869e-12	3.283343973e-14	5.677628385e-12	5.659850561e-12	4.49370963e-14	0.06947463761	0.06927654946	0.0005480965549	
4.823	4.104052953e-12	4.080855489e-12	3.278018464e-14	5.66845689e-12	5.650710442e-12	4.486428291e-14	0.06936243676	0.0691646997	0.0005472086284	
4.824	4.097421701e-12	4.074264119e-12	3.272705905e-14	5.659307604e-12	5.64159245e-12	4.479164638e-14	0.06925050756	0.06905312064	0.0005463228582	
4.825	4.090806512e-12	4.06768871e-12	3.267406252e-14	5.650180457e-12	5.632496513e-12	4.471918614e-14	0.06913884912	0.06894181143	0.0005454392374	
4.826	4.084207333e-12	4.06112921e-12	3.262119464e-14	5.641075377e-12	5.623422561e-12	4.464690161e-14	0.06902746058	0.06883077119	0.0005445577589	
4.827	4.077624114e-12	4.054585566e-12	3.2568455e-14	5.631992292e-12	5.614370524e-12	4.457479224e-14	0.06891634106	0.06871999905	0.0005436784159	
4.828	4.071056802e-12	4.048057729e-12	3.251584317e-14	5.622931132e-12	5.605340329e-12	4.450285745e-14	0.06880548969	0.06860949416	0.0005428012014	
4.829	4.064505347e-12	4.041545646e-12	3.246335875e-14	5.613891827e-12	5.596331908e-12	4.443109668e-14	0.06869490562	0.06849925565	0.0005419261087	
4.83	4.057969697e-12	4.035049269e-12	3.241100133e-14	5.604874305e-12	5.587345189e-12	4.435950938e-14	0.06858458799	0.06838928266	0.0005410531308	
4.831	4.051449801e-12	4.028568545e-12	3.235877049e-14	5.595878498e-12	5.578380105e-12	4.428809498e-14	0.06847453594	0.06827957435	0.000540182261	
4.832	4.04494561e-12	4.022103426e-12	3.230666583e-14	5.586904335e-12	5.569436584e-12	4.421685292e-14	0.06836474862	0.06817012987	0.0005393134924	
4.833	4.038457073e-12	4.01565386e-12	3.225468694e-14	5.577951748e-12	5.560514558e-12	4.414578265e-14	0.06825522518	0.06806094837	0.0005384468184	
4.834	4.031984138e-12	4.009219798e-12	3.220283341e-14	5.569020666e-12	5.551613959e-12	4.407488363e-14	0.06814596478	0.06795202901	0.0005375822321	
4.835	4.025526758e-12	4.00280119e-12	3.215110485e-14	5.560111022e-12	5.542734717e-12	4.400415529e-14	0.06803696657	0.06784337095	0.000536719727	
4.836	4.019084881e-12	3.996397987e-12	3.209950085e-14	5.551222746e-12	5.533876764e-12	4.39335971e-14	0.06792822972	0.06773497335	0.0005358592962	
4.837	4.012658457e-12	3.99001014e-12	3.204802102e-14	5.54235577e-12	5.525040033e-12	4.38632085e-14	0.06781975338	0.06762683538	0.0005350009332	
4.838	4.006247439e-12	3.983637599e-12	3.199666495e-14	5.533510027e-12	5.516224455e-12	4.379298895e-14	0.06771153674	0.06751895623	0.0005341446313	
4.839	3.999851776e-12	3.977280315e-12	3.194543225e-14	5.524685448e-12	5.507429963e-12	4.372293792e-14	0.06760357895	0.06741133505	0.000533290384	
4.84	3.993471419e-12	3.970938241e-12	3.189432252e-14	5.515881966e-12	5.49865649e-12	4.365305487e-14	0.0674958792	0.06730397102	0.0005324381847	
4.841	3.98710632e-12	3.964611327e-12	3.184333538e-14	5.507099514e-12	5.489903969e-12	4.358333925e-14	0.06738843666	0.06719686334	0.0005315880268	
4.842	3.98075643e-12	3.958299525e-12	3.179247042e-14	5.498338025e-12	5.481172333e-12	4.351379053e-14	0.06728125052	0.06709001117	0.0005307399038	
4.843	3.9744217e-12	3.952002787e-12	3.174172726e-14	5.489597432e-12	5.472461516e-12	4.344440818e-14	0.06717431996	0.06698341372	0.0005298938092	
4.844	3.968102083e-12	3.945721065e-12	3.169110551e-14	5.480877669e-12	5.463771452e-12	4.337519167e-14	0.06706764416	0.06687707017	0.0005290497366	
4.845	3.96179753e-12	3.939454311e-12	3.164060478e-14	5.472178669e-12	5.455102074e-12	4.330614048e-14	0.06696122232	0.06677097972	0.0005282076795	
4.846	3.955507993e-12	3.933202479e-12	3.159022469e-14	5.463500367e-12	5.446453318e-12	4.323725407e-14	0.06685505364	0.06666514155	0.0005273676316	
4.847	3.949233425e-12	3.92696552e-12	3.153996485e-14	5.454842698e-12	5.437825117e-12	4.316853192e-14	0.06674913731	0.06655955488	0.0005265295863	
4.848	3.942973778e-12	3.920743387e-12	3.148982488e-14	5.446205595e-12	5.429217407e-12	4.309997351e-14	0.06664347252	0.06645421891	0.0005256935374	
4.849	3.936729006e-12	3.914536034e-12	3.143980441e-14	5.437588994e-12	5.420630123e-12	4.303157832e-14	0.06653805849	0.06634913284	0.0005248594786	
4.85	3.93049906e-12	3.908343413e-12	3.138990304e-14	5.428992829e-12	5.4120632e-12	4.296334583e-14	0.06643289443	0.06624429589	0.0005240274035	
4.851	3.924283894e-12	3.902165478e-12	3.13401204e-14	5.420417037e-12	5.403516574e-12	4.289527553e-14	0.06632797953	0.06613970726	0.0005231973057	
4.852	3.918083461e-12	3.896002183e-12	3.129045612e-14	5.411861553e-12	5.394990181e-12	4.28273669e-14	0.06622331302	0.06603536617	0.0005223691792	
4.853	3.911897716e-12	3.889853481e-12	3.124090983e-14	5.403326312e-12	5.386483957e-12	4.275961943e-14	0.06611889412	0.06593127185	0.0005215430176	
4.854	3.90572661e-12	3.883719327e-12	3.119148113e-14	5.394811252e-12	5.377997839e-12	4.269203261e-14	0.06601472203	0.06582742351	0.0005207188147	
4.855	3.899570099e-12	3.877599674e-12	3.114216968e-14	5.386316308e-12	5.369531762e-12	4.262460594e-14	0.06591079599	0.06572382038	0.0005198965643	
4.856	3.893428136e-12	3.871494477e-12	3.109297509e-14	5.377841417e-12	5.361085665e-12	4.255733891e-14	0.06580711522	0.06562046169	0.0005190762603	
4.857	3.887300675e-12	3.86540369e-12	3.104389699e-14	5.369386516e-12	5.352659484e-12	4.249023101e-14	0.06570367894	0.06551734667	0.0005182578965	
4.858	3.881187671e-12	3.859327269e-12	3.099493503e-14	5.360951542e-12	5.344253157e-12	4.242328174e-14	0.0656004864	0.06541447456	0.0005174414668	
4.859	3.875089078e-12	3.853265167e-12	3.094608882e-14	5.352536433e-12	5.33586662e-12	4.23564906e-14	0.06549753682	0.06531184458	0.0005166269652	
4.86	3.869004852e-12	3.84721734e-12	3.089735801e-14	5.344141126e-12	5.327499814e-12	4.22898571e-14	0.06539482944	0.06520945599	0.0005158143855	
4.861	3.862934946e-12	3.841183743e-12	3.084874224e-14	5.335765559e-12	5.319152674e-12	4.222338074e-14	0.06529236351	0.06510730803	0.0005150037216	
4.862	3.856879316e-12	3.835164331e-12	3.080024114e-14	5.32740967e-12	5.31082514e-12	4.215706103e-14	0.06519013826	0.06500539994	0.0005141949677	
4.863	3.850837918e-12	3.82915906e-12	3.075185435e-14	5.319073398e-12	5.302517151e-12	4.209089747e-14	0.06508815294	0.06490373096	0.0005133881177	
4.864	3.844810706e-12	3.823167887e-12	3.070358151e-14	5.310756682e-12	5.294228645e-12	4.202488957e-14	0.06498640681	0.06480230037	0.0005125831656	
4.865	3.838797637e-12	3.817190765e-12	3.065542227e-14	5.302459459e-12	5.285959561e-12	4.195903685e-14	0.06488489911	0.0647011074	0.0005117801055	
4.866	3.832798665e-12	3.811227653e-12	3.060737627e-14	5.29418167e-12	5.277709839e-12	4.189333882e-14	0.06478362911	0.06460015132	0.0005109789314	
4.867	3.826813748e-12	3.805278505e-12	3.055944315e-14	5.285923254e-12	5.269479419e-12	4.182779499e-14	0.06468259605	0.06449943139	0.0005101796375	
4.868	3.820842841e-12	3.799343279e-12	3.051162257e-14	5.27768415e-12	5.26126824e-12	4.176240489e-14	0.0645817992	0.06439894687	0.0005093822178	
4.869	3.8148859e-12	3.793421931e-12	3.046391416e-14	5.269464298e-12	5.253076241e-12	4.169716803e-14	0.06448123783	0.06429869704	0.0005085866666	
4.87	3.808942882e-12	3.787514418e-12	3.041631758e-14	5.261263637e-12	5.244903365e-12	4.163208394e-14	0.0643809112	0.06419868115	0.0005077929779	
4.871	3.803013744e-12	3.781620696e-12	3.036883247e-14	5.25308211e-12	5.23674955e-12	4.156715213e-14	0.06428081858	0.06409889848	0.000507001146	
4.872	3.797098442e-12	3.775740723e-12	3.03214585e-14	5.244919655e-12	5.228614738e-12	4.150237214e-14	0.06418095924	0.06399934831	0.000506211165	
4.873	3.791196934e-12	3.769874456e-12	3.027419532e-14	5.236776214e-12	5.220498871e-12	4.143774349e-14	0.06408133247	0.06390002991	0.0005054230293	
4.874	3.785309176e-12	3.764021853e-12	3.022704257e-14	5.228651727e-12	5.212401888e-12	4.13732657e-14	0.06398193753	0.06380094257	0.000504636733	
4.875	3.779435126e-12	3.75818287e-12	3.017999992e-14	5.220546137e-12	5.204323731e-12	4.130893832e-14	0.06388277371	0.06370208557	0.0005038522705	
4.876	3.773574741e-12	3.752357466e-12	3.013306702e-14	5.212459383e-12	5.196264343e-12	4.124476087e-14	0.06378384029	0.0636034582	0.000503069636	
4.877	3.767727979e-12	3.746545599e-12	3.008624353e-14	5.204391409e-12	5.188223664e-12	4.118073288e-14	0.06368513656	0.06350505974	0.0005022888239	
4.878	3.761894797e-12	3.740747227e-12	3.003952912e-14	5.196342156e-12	5.180201638e-12	4.11168539e-14	0.06358666181	0.06340688949	0.0005015098286	
4.879	3.756075155e-12	3.734962308e-12	2.999292343e-14	5.188311565e-12	5.172198206e-12	4.105312345e-14	0.06348841533	0.06330894674	0.0005007326443	
4.88	3.750269009e-12	3.7291908e-12	2.994642615e-14	5.18029958e-12	5.164213311e-12	4.098954109e-14	0.06339039642	0.06321123079	0.0004999572655	
4.881	3.744476318e-12	3.723432663e-12	2.990003692e-14	5.172306142e-12	5.156246897e-12	4.092610635e-14	0.06329260437	0.06311374094	0.0004991836865	
4.882	3.73869704e-12	3.717687854e-12	2.985375542e-14	5.164331195e-12	5.148298904e-12	4.086281878e-14	0.06319503848	0.06301647649	0.0004984119019	
4.883	3.732931135e-12	3.711956332e-12	2.980758131e-14	5.156374682e-12	5.140369278e-12	4.079967791e-14	0.06309769806	0.06291943675	0.0004976419061	
4.884	3.727178561e-12	3.706238058e-12	2.976151426e-14	5.148436546e-12	5.132457962e-12	4.07366833e-14	0.06300058241	0.06282262103	0.0004968736935	
4.885	3.721439276e-12	3.700532989e-12	2.971555393e-14	5.14051673e-12	5.124564899e-12	4.06738345e-14	0.06290369085	0.06272602863	0.0004961072586	
4.886	3.715713241e-12	3.694841086e-12	2.966970001e-14	5.132615178e-12	5.116690032e-12	4.061113105e-14	0.06280702267	0.06262965888	0.0004953425961	
4.887	3.710000414e-12	3.689162307e-12	2.962395216e-14	5.124731834e-12	5.108833307e-12	4.054857251e-14	0.0627105772	0.06253351108	0.0004945797003	
4.888	3.704300754e-12	3.683496612e-12	2.957831006e-14	5.116866641e-12	5.100994668e-12	4.048615844e-14	0.06261435375	0.06243758456	0.0004938185659	
4.889	3.698614221e-12	3.677843962e-12	2.953277337e-14	5.109019545e-12	5.093174058e-12	4.042388838e-14	0.06251835164	0.06234187863	0.0004930591874	
4.89	3.692940775e-12	3.672204317e-12	2.948734178e-14	5.10119049e-12	5.085371423e-12	4.036176189e-14	0.0624225702	0.06224639263	0.0004923015595	
4.891	3.687280376e-12	3.666577635e-12	2.944201495e-14	5.09337942e-12	5.077586708e-12	4.029977854e-14	0.06232700873	0.06215112587	0.0004915456767	
4.892	3.681632984e-12	3.660963878e-12	2.939679258e-14	5.085586281e-12	5.069819857e-12	4.023793788e-14	0.06223166659	0.06205607769	0.0004907915338	
4.893	3.675998558e-12	3.655363006e-12	2.935167434e-14	5.077811017e-12	5.062070817e-12	4.017623948e-14	0.06213654308	0.06196124742	0.0004900391253	
4.894	3.67037706e-12	3.64977498e-12	2.93066599e-14	5.070053574e-12	5.054339533e-12	4.011468289e-14	0.06204163755	0.06186663439	0.000489288446	
4.895	3.664768449e-12	3.644199761e-12	2.926174895e-14	5.062313897e-12	5.04662595e-12	4.00532677e-14	0.06194694933	0.06177223794	0.0004885394905	
4.896	3.659172687e-12	3.638637308e-12	2.921694118e-14	5.054591933e-12	5.038930015e-12	3.999199345e-14	0.06185247775	0.06167805741	0.0004877922537	
4.897	3.653589733e-12	3.633087584e-12	2.917223627e-14	5.046887627e-12	5.031251673e-12	3.993085973e-14	0.06175822216	0.06158409215	0.0004870467302	
4.898	3.64801955e-12	3.62755055e-12	2.91276339e-14	5.039200926e-12	5.023590872e-12	3.98698661e-14	0.06166418189	0.06149034148	0.0004863029147	
4.899	3.642462098e-12	3.622026166e-12	2.908313376e-14	5.031531775e-12	5.015947557e-12	3.980901213e-14	0.0615703563	0.06139680477	0.0004855608022	
4.9	3.636917338e-12	3.616514395e-12	2.903873553e-14	5.023880122e-12	5.008321676e-12	3.974829741e-14	0.06147674472	0.06130348136	0.0004848203874	
4.901	3.631385232e-12	3.611015198e-12	2.899443891e-14	5.016245913e-12	5.000713175e-12	3.968772149e-14	0.06138334651	0.06121037061	0.000484081665	
4.902	3.625865741e-12	3.605528536e-12	2.895024359e-14	5.008629095e-12	4.993122003e-12	3.962728397e-14	0.06129016102	0.06111747186	0.0004833446301	
4.903	3.620358827e-12	3.600054373e-12	2.890614926e-14	5.001029616e-12	4.985548105e-12	3.956698442e-14	0.06119718761	0.06102478448	0.0004826092773	
4.904	3.614864452e-12	3.594592669e-12	2.886215561e-14	4.993447422e-12	4.977991431e-12	3.950682242e-14	0.06110442562	0.06093230782	0.0004818756017	
4.905	3.609382577e-12	3.589143386e-12	2.881826233e-14	4.985882463e-12	4.970451927e-12	3.944679755e-14	0.06101187443	0.06084004124	0.0004811435981	
4.906	3.603913165e-12	3.583706489e-12	2.877446912e-14	4.978334684e-12	4.962929541e-12	3.938690939e-14	0.06091953339	0.06074798412	0.0004804132614	
4.907	3.598456178e-12	3.578281938e-12	2.873077567e-14	4.970804035e-12	4.955424223e-12	3.932715754e-14	0.06082740186	0.06065613581	0.0004796845866	
4.908	3.593011579e-12	3.572869696e-12	2.868718169e-14	4.963290463e-12	4.94793592e-12	3.926754157e-14	0.06073547922	0.06056449568	0.0004789575686	
4.909	3.587579329e-12	3.567469727e-12	2.864368687e-14	4.955793917e-12	4.94046458e-12	3.920806108e-14	0.06064376483	0.06047306311	0.0004782322024	
4.91	3.582159392e-12	3.562081993e-12	2.86002909e-14	4.948314345e-12	4.933010154e-12	3.914871566e-14	0.06055225806	0.06038183747	0.0004775084831	
4.911	3.57675173e-12	3.556706457e-12	2.85569935e-14	4.940851697e-12	4.925572589e-12	3.908950489e-14	0.06046095829	0.06029081813	0.0004767864056	
4.912	3.571356307e-12	3.551343082e-12	2.851379436e-14	4.933405921e-12	4.918151834e-12	3.903042837e-14	0.06036986489	0.06020000448	0.0004760659649	
4.913	3.565973085e-12	3.545991832e-12	2.847069318e-14	4.925976966e-12	4.91074784e-12	3.897148569e-14	0.06027897724	0.06010939589	0.0004753471562	
4.914	3.560602027e-12	3.54065267e-12	2.842768968e-14	4.918564782e-12	4.903360556e-12	3.891267645e-14	0.06018829472	0.06001899175	0.0004746299745	
4.915	3.555243098e-12	3.53532556e-12	2.838478354e-14	4.911169318e-12	4.895989931e-12	3.885400025e-14	0.06009781672	0.05992879145	0.0004739144149	
4.916	3.54989626e-12	3.530010466e-12	2.834197449e-14	4.903790525e-12	4.888635915e-12	3.879545669e-14	0.06000754262	0.05983879436	0.0004732004724	
4.917	3.544561478e-12	3.524707351e-12	2.829926223e-14	4.896428351e-12	4.881298459e-12	3.873704536e-14	0.0599174718	0.05974899988	0.0004724881423	
4.918	3.539238714e-12	3.51941618e-12	2.825664646e-14	4.889082747e-12	4.873977513e-12	3.867876587e-14	0.05982760367	0.0596594074	0.0004717774197	
4.919	3.533927933e-12	3.514136916e-12	2.821412689e-14	4.881753664e-12	4.866673027e-12	3.862061782e-14	0.0597379376	0.05957001632	0.0004710682998	
4.92	3.5286291e-12	3.508869524e-12	2.817170324e-14	4.874441051e-12	4.859384953e-12	3.856260082e-14	0.05964847299	0.05948082603	0.0004703607777	
4.921	3.523342177e-12	3.503613969e-12	2.812937522e-14	4.86714486e-12	4.85211324e-12	3.850471448e-14	0.05955920925	0.05939183594	0.0004696548486	
4.922	3.518067129e-12	3.498370214e-12	2.808714254e-14	4.859865042e-12	4.84485784e-12	3.844695839e-14	0.05947014577	0.05930304544	0.0004689505077	
4.923	3.512803922e-12	3.493138225e-12	2.804500491e-14	4.852601547e-12	4.837618704e-12	3.838933218e-14	0.05938128195	0.05921445393	0.0004682477504	
4.924	3.507552519e-12	3.487917966e-12	2.800296206e-14	4.845354326e-12	4.830395784e-12	3.833183545e-14	0.0592926172	0.05912606083	0.0004675465718	
4.925	3.502312885e-12	3.482709403e-12	2.796101368e-14	4.838123332e-12	4.823189031e-12	3.827446781e-14	0.05920415091	0.05903786554	0.0004668469672	
4.926	3.497084986e-12	3.4775125e-12	2.791915951e-14	4.830908515e-12	4.815998397e-12	3.821722887e-14	0.05911588251	0.05894986747	0.000466148932	
4.927	3.491868785e-12	3.472327223e-12	2.787739926e-14	4.823709828e-12	4.808823834e-12	3.816011827e-14	0.05902781139	0.05886206603	0.0004654524613	
4.928	3.486664248e-12	3.467153536e-12	2.783573265e-14	4.816527222e-12	4.801665294e-12	3.81031356e-14	0.05893993698	0.05877446064	0.0004647575507	
4.929	3.481471341e-12	3.461991407e-12	2.77941594e-14	4.80936065e-12	4.794522729e-12	3.804628049e-14	0.05885225868	0.05868705071	0.0004640641953	
4.93	3.476290029e-12	3.456840799e-12	2.775267923e-14	4.802210063e-12	4.787396093e-12	3.798955255e-14	0.05876477591	0.05859983566	0.0004633723905	
4.931	3.471120277e-12	3.451701679e-12	2.771129187e-14	4.795075415e-12	4.780285336e-12	3.793295142e-14	0.0586774881	0.05851281492	0.0004626821319	
4.932	3.46596205e-12	3.446574013e-12	2.766999703e-14	4.787956657e-12	4.773190414e-12	3.78764767e-14	0.05859039466	0.05842598791	0.0004619934146	
4.933	3.460815316e-12	3.441457766e-12	2.762879444e-14	4.780853744e-12	4.766111277e-12	3.782012803e-14	0.05850349501	0.05833935405	0.0004613062342	
4.934	3.455680038e-12	3.436352905e-12	2.758768382e-14	4.773766627e-12	4.75904788e-12	3.776390503e-14	0.05841678859	0.05825291277	0.000460620586	
4.935	3.450556185e-12	3.431259397e-12	2.754666491e-14	4.76669526e-12	4.752000176e-12	3.770780732e-14	0.05833027482	0.0581666635	0.0004599364656	
4.936	3.445443721e-12	3.426177206e-12	2.750573743e-14	4.759639597e-12	4.744968119e-12	3.765183454e-14	0.05824395312	0.05808060566	0.0004592538684	
4.937	3.440342613e-12	3.4211063e-12	2.746490111e-14	4.75259959e-12	4.737951662e-12	3.759598631e-14	0.05815782293	0.05799473871	0.0004585727898	
4.938	3.435252827e-12	3.416046646e-12	2.742415567e-14	4.745575194e-12	4.730950759e-12	3.754026226e-14	0.05807188369	0.05790906206	0.0004578932254	
4.939	3.43017433e-12	3.41099821e-12	2.738350086e-14	4.738566362e-12	4.723965364e-12	3.748466203e-14	0.05798613483	0.05782357516	0.0004572151707	
4.94	3.425107089e-12	3.405960959e-12	2.734293639e-14	4.731573049e-12	4.716995431e-12	3.742918525e-14	0.05790057578	0.05773827745	0.0004565386212	
4.941	3.420051069e-12	3.40093486e-12	2.730246201e-14	4.724595209e-12	4.710040916e-12	3.737383156e-14	0.057815206	0.05765316838	0.0004558635724	
4.942	3.415006239e-12	3.39591988e-12	2.726207744e-14	4.717632795e-12	4.703101771e-12	3.731860058e-14	0.05773002491	0.05756824737	0.00045519002	
4.943	3.409972565e-12	3.390915986e-12	2.722178242e-14	4.710685764e-12	4.696177953e-12	3.726349196e-14	0.05764503197	0.05748351389	0.0004545179595	
4.944	3.404950014e-12	3.385923146e-12	2.718157669e-14	4.703754068e-12	4.689269415e-12	3.720850534e-14	0.05756022662	0.05739896737	0.0004538473864	
4.945	3.399938554e-12	3.380941327e-12	2.714145998e-14	4.696837664e-12	4.682376114e-12	3.715364035e-14	0.0574756083	0.05731460728	0.0004531782965	
4.946	3.394938152e-12	3.375970497e-12	2.710143202e-14	4.689936506e-12	4.675498003e-12	3.709889664e-14	0.05739117648	0.05723043306	0.0004525106853	
4.947	3.389948774e-12	3.371010624e-12	2.706149257e-14	4.68305055e-12	4.66863504e-12	3.704427385e-14	0.0573069306	0.05714644416	0.0004518445485	
4.948	3.38497039e-12	3.366061674e-12	2.702164135e-14	4.67617975e-12	4.661787178e-12	3.698977163e-14	0.05722287011	0.05706264004	0.0004511798818	
4.949	3.380002967e-12	3.361123617e-12	2.698187811e-14	4.669324063e-12	4.654954375e-12	3.693538962e-14	0.05713899447	0.05697902017	0.0004505166808	
4.95	3.375046471e-12	3.35619642e-12	2.694220259e-14	4.662483444e-12	4.648136585e-12	3.688112746e-14	0.05705530315	0.05689558399	0.0004498549412	
4.951	3.370100873e-12	3.351280051e-12	2.690261453e-14	4.655657849e-12	4.641333765e-12	3.682698481e-14	0.05697179559	0.05681233098	0.0004491946587	
4.952	3.365166139e-12	3.346374479e-12	2.686311367e-14	4.648847234e-12	4.634545871e-12	3.677296131e-14	0.05688847127	0.0567292606	0.000448535829	
4.953	3.360242237e-12	3.341479672e-12	2.682369976e-14	4.642051555e-12	4.627772859e-12	3.671905662e-14	0.05680532965	0.0566463723	0.000447878448	
4.954	3.355329137e-12	3.336595598e-12	2.678437254e-14	4.635270769e-12	4.621014686e-12	3.666527038e-14	0.05672237019	0.05656366557	0.0004472225113	
4.955	3.350426806e-12	3.331722227e-12	2.674513176e-14	4.628504831e-12	4.614271309e-12	3.661160225e-14	0.05663959236	0.05648113987	0.0004465680147	
4.956	3.345535213e-12	3.326859527e-12	2.670597716e-14	4.6217537e-12	4.607542684e-12	3.655805189e-14	0.05655699563	0.05639879468	0.000445914954	
4.957	3.340654327e-12	3.322007467e-12	2.66669085e-14	4.615017331e-12	4.600828768e-12	3.650461894e-14	0.05647457947	0.05631662946	0.000445263325	
4.958	3.335784116e-12	3.317166015e-12	2.662792552e-14	4.608295681e-12	4.594129519e-12	3.645130308e-14	0.05639234337	0.05623464369	0.0004446131236	
4.959	3.330924549e-12	3.312335141e-12	2.658902797e-14	4.601588708e-12	4.587444894e-12	3.639810394e-14	0.05631028678	0.05615283686	0.0004439643455	
4.96	3.326075596e-12	3.307514815e-12	2.65502156e-14	4.59489637e-12	4.58077485e-12	3.634502121e-14	0.0562284092	0.05607120843	0.0004433169866	
4.961	3.321237225e-12	3.302705005e-12	2.651148817e-14	4.588218622e-12	4.574119345e-12	3.629205452e-14	0.05614671009	0.0559897579	0.0004426710428	
4.962	3.316409406e-12	3.297905681e-12	2.647284542e-14	4.581555424e-12	4.567478337e-12	3.623920356e-14	0.05606518895	0.05590848474	0.0004420265099	
4.963	3.311592108e-12	3.293116812e-12	2.64342871e-14	4.574906732e-12	4.560851783e-12	3.618646797e-14	0.05598384526	0.05582738844	0.0004413833838	
4.964	3.3067853e-12	3.288338368e-12	2.639581299e-14	4.568272505e-12	4.554239642e-12	3.613384743e-14	0.0559026785	0.05574646849	0.0004407416605	
4.965	3.301988952e-12	3.283570319e-12	2.635742282e-14	4.561652701e-12	4.547641872e-12	3.608134159e-14	0.05582168815	0.05566572438	0.0004401013359	
4.966	3.297203034e-12	3.278812635e-12	2.631911635e-14	4.555047278e-12	4.541058431e-12	3.602895014e-14	0.05574087371	0.05558515559	0.0004394624059	
4.967	3.292427515e-12	3.274065285e-12	2.628089334e-14	4.548456194e-12	4.534489278e-12	3.597667273e-14	0.05566023467	0.05550476163	0.0004388248664	
4.968	3.287662366e-12	3.26932824e-12	2.624275356e-14	4.541879408e-12	4.527934371e-12	3.592450903e-14	0.05557977052	0.05542454198	0.0004381887135	
4.969	3.282907556e-12	3.26460147e-12	2.620469675e-14	4.535316878e-12	4.52139367e-12	3.587245871e-14	0.05549948075	0.05534449614	0.0004375539431	
4.97	3.278163055e-12	3.259884945e-12	2.616672267e-14	4.528768564e-12	4.514867133e-12	3.582052145e-14	0.05541936487	0.05526462361	0.0004369205512	
4.971	3.273428834e-12	3.255178636e-12	2.612883109e-14	4.522234424e-12	4.50835472e-12	3.576869692e-14	0.05533942237	0.05518492388	0.0004362885337	
4.972	3.268704863e-12	3.250482513e-12	2.609102177e-14	4.515714418e-12	4.501856389e-12	3.57169848e-14	0.05525965274	0.05510539647	0.0004356578869	
4.973	3.263991113e-12	3.245796546e-12	2.605329447e-14	4.509208504e-12	4.4953721e-12	3.566538475e-14	0.0551800555	0.05502604087	0.0004350286066	
4.974	3.259287553e-12	3.241120707e-12	2.601564896e-14	4.502716643e-12	4.488901813e-12	3.561389645e-14	0.05510063014	0.0549468566	0.0004344006889	
4.975	3.254594155e-12	3.236454967e-12	2.597808498e-14	4.496238793e-12	4.482445487e-12	3.556251959e-14	0.05502137618	0.05486784315	0.00043377413	
4.976	3.249910889e-12	3.231799296e-12	2.594060232e-14	4.489774914e-12	4.476003083e-12	3.551125383e-14	0.05494229311	0.05478900003	0.0004331489258	
4.977	3.245237726e-12	3.227153665e-12	2.590320074e-14	4.483324966e-12	4.469574559e-12	3.546009886e-14	0.05486338044	0.05471032676	0.0004325250726	
4.978	3.240574637e-12	3.222518045e-12	2.586588e-14	4.47688891e-12	4.463159878e-12	3.540905437e-14	0.0547846377	0.05463182285	0.0004319025663	
4.979	3.235921594e-12	3.217892408e-12	2.582863987e-14	4.470466705e-12	4.456758997e-12	3.535812003e-14	0.05470606438	0.05455348782	0.0004312814031	
4.98	3.231278566e-12	3.213276725e-12	2.579148012e-14	4.464058312e-12	4.450371879e-12	3.530729552e-14	0.05462766001	0.05447532117	0.0004306615792	
4.981	3.226645527e-12	3.208670968e-12	2.575440051e-14	4.457663691e-12	4.443998484e-12	3.525658054e-14	0.0545494241	0.05439732243	0.0004300430907	
4.982	3.222022446e-12	3.204075108e-12	2.571740082e-14	4.451282802e-12	4.437638772e-12	3.520597476e-14	0.05447135616	0.05431949112	0.0004294259337	
4.983	3.217409296e-12	3.199489116e-12	2.568048082e-14	4.444915606e-12	4.431292704e-12	3.515547787e-14	0.05439345573	0.05424182675	0.0004288101045	
4.984	3.212806048e-12	3.194912965e-12	2.564364027e-14	4.438562065e-12	4.424960241e-12	3.510508957e-14	0.05431572231	0.05416432885	0.0004281955993	
4.985	3.208212673e-12	3.190346627e-12	2.560687896e-14	4.432222138e-12	4.418641345e-12	3.505480953e-14	0.05423815543	0.05408699695	0.0004275824142	
4.986	3.203629144e-12	3.185790072e-12	2.557019665e-14	4.425895788e-12	4.412335977e-12	3.500463745e-14	0.05416075461	0.05400983056	0.0004269705455	
4.987	3.199055432e-12	3.181243274e-12	2.553359311e-14	4.419582976e-12	4.406044097e-12	3.495457302e-14	0.05408351939	0.05393282923	0.0004263599894	
4.988	3.19449151e-12	3.176706205e-12	2.549706813e-14	4.413283662e-12	4.399765668e-12	3.490461594e-14	0.05400644929	0.05385599247	0.0004257507421	
4.989	3.189937349e-12	3.172178836e-12	2.546062147e-14	4.406997808e-12	4.393500651e-12	3.485476589e-14	0.05392954384	0.05377931982	0.0004251428	
4.99	3.185392921e-12	3.16766114e-12	2.542425292e-14	4.400725377e-12	4.387249009e-12	3.480502257e-14	0.05385280256	0.05370281082	0.0004245361593	
4.991	3.1808582e-12	3.16315309e-12	2.538796225e-14	4.39446633e-12	4.381010702e-12	3.475538568e-14	0.053776225	0.05362646499	0.0004239308162	
4.992	3.176333156e-12	3.158654658e-12	2.535174924e-14	4.388220628e-12	4.374785693e-12	3.470585491e-14	0.05369981069	0.05355028188	0.0004233267671	
4.993	3.171817763e-12	3.154165817e-12	2.531561366e-14	4.381988234e-12	4.368573945e-12	3.465642996e-14	0.05362355916	0.05347426101	0.0004227240083	
4.994	3.167311994e-12	3.14968654e-12	2.527955529e-14	4.375769111e-12	4.36237542e-12	3.460711053e-14	0.05354746996	0.05339840194	0.0004221225362	
4.995	3.16281582e-12	3.145216799e-12	2.524357393e-14	4.36956322e-12	4.35619008e-12	3.455789631e-14	0.05347154261	0.0533227042	0.000421522347	
4.996	3.158329216e-12	3.140756567e-12	2.520766934e-14	4.363370523e-12	4.350017887e-12	3.450878702e-14	0.05339577667	0.05324716733	0.0004209234371	
4.997	3.153852152e-12	3.136305818e-12	2.517184131e-14	4.357190985e-12	4.343858805e-12	3.445978235e-14	0.05332017167	0.05317179088	0.0004203258029	
4.998	3.149384604e-12	3.131864524e-12	2.513608962e-14	4.351024566e-12	4.337712797e-12	3.4410882e-14	0.05324472716	0.05309657439	0.0004197294407	
4.999	3.144926543e-12	3.127432659e-12	2.510041405e-14	4.344871231e-12	4.331579825e-12	3.436208568e-14	0.05316944269	0.05302151742	0.000419134347	
5	3.140477942e-12	3.123010196e-12	2.506481439e-14	4.338730942e-12	4.325459853e-12	3.431339309e-14	0.0530943178	0.05294661951	0.0004185405182	
