$MeshFormat
2.2 0 8
$EndMeshFormat
$PhysicalNames
7
1 4 "anode"
1 5 "cathode"
1 6 "reservoir"
1 7 "dissipator"
2 1 "n_side"
2 2 "p_side"
2 3 "air"
$EndPhysicalNames
$Nodes
4226
1 0 0 0
2 150 0 0
3 150 60 0
4 120 60 0
5 75 60 0
6 0 60 0
7 75 90 0
8 30 90 0
9 0 90 0
10 300 0 0
11 0 300 0
12 300 300 0
13 0 84 0
14 75 84 0
15 12.49999999997798 0 0
16 24.99999999995595 0 0
17 37.49999999993393 0 0
18 49.99999999991167 0 0
19 62.4999999998894 0 0
20 74.99999999986714 0 0
21 87.49999999987449 0 0
22 99.99999999988182 0 0
23 112.4999999998892 0 0
24 124.9999999999261 0 0
25 137.4999999999631 0 0
26 150 11.63971923799887 0
27 150 21.24719476083132 0
28 150 29.17724461456798 0
29 150 35.72274035945119 0
30 150 41.12542094439188 0
31 150 45.58481544676823 0
32 150 49.26561822105056 0
33 150 52.30376843239563 0
34 150 54.81147051406636 0
35 150 56.88133807132505 0
36 150 58.58981557040779 0
37 148.8000000000213 60 0
38 147.6000000000426 60 0
39 146.400000000064 60 0
40 145.2000000000853 60 0
41 144.0000000001066 60 0
42 142.8000000001279 60 0
43 141.6000000001492 60 0
44 140.4000000001705 60 0
45 139.2000000001918 60 0
46 138.0000000002132 60 0
47 136.8000000002345 60 0
48 135.6000000002558 60 0
49 134.4000000002629 60 0
50 133.2000000002558 60 0
51 132.0000000002487 60 0
52 130.8000000002416 60 0
53 129.6000000002345 60 0
54 128.4000000002274 60 0
55 127.2000000002132 60 0
56 126.0000000001776 60 0
57 124.8000000001421 60 0
58 123.6000000001066 60 0
59 122.4000000000711 60 0
60 121.2000000000355 60 0
61 118.7753472500524 60 0
62 117.5340305125907 60 0
63 116.2758223894487 60 0
64 115.0004940134475 60 0
65 113.7078119644451 60 0
66 112.3975405854058 60 0
67 111.06943884298 60 0
68 109.7232659879879 60 0
69 108.3587754458952 60 0
70 106.9757177421693 60 0
71 105.5738403609168 60 0
72 104.1528875971655 60 0
73 102.7125993798267 60 0
74 101.2527128401117 60 0
75 99.77296105258614 60 0
76 98.27307430330666 60 0
77 96.75277830744912 60 0
78 95.21179471223039 60 0
79 93.64984269590474 60 0
80 92.06663686874289 60 0
81 90.46188799007196 60 0
82 88.83530289997351 60 0
83 87.1865844581267 60 0
84 85.51543148942905 60 0
85 83.82153873603824 60 0
86 82.10459681549092 60 0
87 80.36429218456655 60 0
88 78.60030657199059 60 0
89 76.81231775295127 60 0
90 73.1707317073149 60 0
91 71.34146341462981 60 0
92 69.51219512194473 60 0
93 67.68292682925963 60 0
94 65.85365853657453 60 0
95 64.02439024388944 60 0
96 62.19512195120435 60 0
97 60.36585365851926 60 0
98 58.53658536583416 60 0
99 56.70731707314907 60 0
100 54.87804878046722 60 0
101 53.04878048778647 60 0
102 51.2195121951057 60 0
103 49.39024390242494 60 0
104 47.56097560974418 60 0
105 45.73170731706342 60 0
106 43.90243902438266 60 0
107 42.0731707317019 60 0
108 40.24390243902114 60 0
109 38.41463414634038 60 0
110 36.58536585365962 60 0
111 34.75609756097887 60 0
112 32.9268292682981 60 0
113 31.09756097561733 60 0
114 29.26829268293658 60 0
115 27.43902439025582 60 0
116 25.60975609757505 60 0
117 23.7804878048943 60 0
118 21.95121951221353 60 0
119 20.12195121953278 60 0
120 18.29268292685094 60 0
121 16.46341463416584 60 0
122 14.63414634148074 60 0
123 12.80487804879564 60 0
124 10.97560975611056 60 0
125 9.146341463425458 60 0
126 7.317073170740372 60 0
127 5.487804878055286 60 0
128 3.658536585370172 60 0
129 1.8292682926851 60 0
130 0 58.0069681957168 0
131 0 55.63878628738272 0
132 0 52.82484018671763 0
133 0 49.48122286281137 0
134 0 45.50823355840698 0
135 0 40.78740497754795 0
136 0 35.17797205409095 0
137 0 28.51267116428912 0
138 0 20.59275563191792 0
139 0 11.18206689774924 0
140 75 61.88675204340983 0
141 75 63.87238876201425 0
142 75 65.96209169218697 0
143 75 68.16131571950667 0
144 75 70.47580021128903 0
145 75 72.91158677795022 0
146 75 75.47503232959816 0
147 75 78.17282730348711 0
148 75 81.01201300701528 0
149 75 87 0
150 72.05410471582908 90 0
151 69.29720329501926 90 0
152 66.71717110395745 90 0
153 64.30266127111203 90 0
154 62.04305429016325 90 0
155 59.92841229047908 90 0
156 57.94943522746322 90 0
157 56.09741975919071 90 0
158 54.36422049227025 90 0
159 52.74221456002272 90 0
160 51.22426866167502 90 0
161 49.80370657572765 90 0
162 48.47428075837475 90 0
163 47.2301444277393 90 0
164 46.06582564691931 90 0
165 44.97620382821118 90 0
166 43.95648674094968 90 0
167 43.00218947433081 90 0
168 42.10911539014904 90 0
169 41.27333652928261 90 0
170 40.49117707054047 90 0
171 39.75919710038908 90 0
172 39.07417735311167 90 0
173 38.43310512631469 90 0
174 37.83316080693404 90 0
175 37.27170612820732 90 0
176 36.74627148961368 90 0
177 36.25454616028876 90 0
178 35.79436744251433 90 0
179 35.36371156129517 90 0
180 34.96068443638198 90 0
181 34.58351354819027 90 0
182 34.23054007476347 90 0
183 33.90021159582156 90 0
184 33.59107539567461 90 0
185 33.30177187706693 90 0
186 33.0310285933632 90 0
187 32.777654910953 90 0
188 32.54053635124912 90 0
189 32.31863019338901 90 0
190 32.11096043643224 90 0
191 31.91661374177384 90 0
192 31.73473537545868 90 0
193 31.56452542439983 90 0
194 31.4052353018018 90 0
195 31.25616444592752 90 0
196 31.11665723371026 90 0
197 30.98610010989152 90 0
198 30.86391890135091 90 0
199 30.7495762169725 90 0
200 30.64256920496155 90 0
201 30.5424272261587 90 0
202 30.44870986687017 90 0
203 30.36100496100525 90 0
204 30.27892675971837 90 0
205 30.20211428861841 90 0
206 30.13022972827925 90 0
207 30.06295692677362 90 0
208 29.93987975951899 90 0
209 29.87975951903799 90 0
210 29.81963927855698 90 0
211 29.75951903807598 90 0
212 29.69939879759497 90 0
213 29.63927855711396 90 0
214 29.57915831663296 90 0
215 29.51903807615195 90 0
216 29.45891783567094 90 0
217 29.39879759518994 90 0
218 29.33867735470893 90 0
219 29.27855711422792 90 0
220 29.21843687374692 90 0
221 29.15831663326591 90 0
222 29.0981963927849 90 0
223 29.0380761523039 90 0
224 28.97795591182289 90 0
225 28.91783567134188 90 0
226 28.85771543086088 90 0
227 28.79759519037987 90 0
228 28.73747494989886 90 0
229 28.67735470941786 90 0
230 28.61723446893685 90 0
231 28.55711422845584 90 0
232 28.49699398797484 90 0
233 28.43687374749383 90 0
234 28.37675350701283 90 0
235 28.31663326653182 90 0
236 28.25651302605081 90 0
237 28.19639278556981 90 0
238 28.1362725450888 90 0
239 28.0761523046078 90 0
240 28.01603206412679 90 0
241 27.95591182364578 90 0
242 27.89579158316478 90 0
243 27.83567134268377 90 0
244 27.77555110220276 90 0
245 27.71543086172176 90 0
246 27.65531062124075 90 0
247 27.59519038075974 90 0
248 27.53507014027874 90 0
249 27.47494989979773 90 0
250 27.41482965931672 90 0
251 27.35470941883572 90 0
252 27.29458917835471 90 0
253 27.2344689378737 90 0
254 27.1743486973927 90 0
255 27.11422845691169 90 0
256 27.05410821643068 90 0
257 26.99398797594968 90 0
258 26.93386773546867 90 0
259 26.87374749498766 90 0
260 26.81362725450666 90 0
261 26.75350701402565 90 0
262 26.69338677354465 90 0
263 26.63326653306364 90 0
264 26.57314629258263 90 0
265 26.51302605210163 90 0
266 26.45290581162062 90 0
267 26.39278557113962 90 0
268 26.33266533065861 90 0
269 26.2725450901776 90 0
270 26.2124248496966 90 0
271 26.15230460921559 90 0
272 26.09218436873458 90 0
273 26.03206412825358 90 0
274 25.97194388777257 90 0
275 25.91182364729156 90 0
276 25.85170340681056 90 0
277 25.79158316632955 90 0
278 25.73146292584854 90 0
279 25.67134268536754 90 0
280 25.61122244488653 90 0
281 25.55110220440552 90 0
282 25.49098196392452 90 0
283 25.43086172344351 90 0
284 25.37074148296251 90 0
285 25.3106212424815 90 0
286 25.25050100200049 90 0
287 25.19038076151949 90 0
288 25.13026052103848 90 0
289 25.07014028055747 90 0
290 25.01002004007647 90 0
291 24.94989979959546 90 0
292 24.88977955911446 90 0
293 24.82965931863345 90 0
294 24.76953907815244 90 0
295 24.70941883767144 90 0
296 24.64929859719043 90 0
297 24.58917835670942 90 0
298 24.52905811622842 90 0
299 24.46893787574741 90 0
300 24.4088176352664 90 0
301 24.3486973947854 90 0
302 24.28857715430439 90 0
303 24.22845691382338 90 0
304 24.16833667334238 90 0
305 24.10821643286137 90 0
306 24.04809619238036 90 0
307 23.98797595189936 90 0
308 23.92785571141835 90 0
309 23.86773547093735 90 0
310 23.80761523045634 90 0
311 23.74749498997533 90 0
312 23.68737474949432 90 0
313 23.62725450901332 90 0
314 23.56713426853231 90 0
315 23.50701402805131 90 0
316 23.4468937875703 90 0
317 23.38677354708929 90 0
318 23.32665330660829 90 0
319 23.26653306612728 90 0
320 23.20641282564628 90 0
321 23.14629258516527 90 0
322 23.08617234468426 90 0
323 23.02605210420326 90 0
324 22.96593186372225 90 0
325 22.90581162324124 90 0
326 22.84569138276024 90 0
327 22.78557114227923 90 0
328 22.72545090179822 90 0
329 22.66533066131722 90 0
330 22.60521042083621 90 0
331 22.5450901803552 90 0
332 22.48496993987422 90 0
333 22.4248496993933 90 0
334 22.36472945891239 90 0
335 22.30460921843147 90 0
336 22.24448897795055 90 0
337 22.18436873746963 90 0
338 22.12424849698871 90 0
339 22.0641282565078 90 0
340 22.00400801602688 90 0
341 21.94388777554596 90 0
342 21.88376753506505 90 0
343 21.82364729458413 90 0
344 21.76352705410321 90 0
345 21.70340681362229 90 0
346 21.64328657314137 90 0
347 21.58316633266046 90 0
348 21.52304609217954 90 0
349 21.46292585169862 90 0
350 21.40280561121771 90 0
351 21.34268537073679 90 0
352 21.28256513025587 90 0
353 21.22244488977496 90 0
354 21.16232464929404 90 0
355 21.10220440881312 90 0
356 21.0420841683322 90 0
357 20.98196392785128 90 0
358 20.92184368737037 90 0
359 20.86172344688945 90 0
360 20.80160320640853 90 0
361 20.74148296592762 90 0
362 20.6813627254467 90 0
363 20.62124248496578 90 0
364 20.56112224448486 90 0
365 20.50100200400394 90 0
366 20.44088176352303 90 0
367 20.38076152304211 90 0
368 20.32064128256119 90 0
369 20.26052104208027 90 0
370 20.20040080159936 90 0
371 20.14028056111844 90 0
372 20.08016032063752 90 0
373 20.0200400801566 90 0
374 19.95991983967569 90 0
375 19.89979959919477 90 0
376 19.83967935871385 90 0
377 19.77955911823294 90 0
378 19.71943887775202 90 0
379 19.6593186372711 90 0
380 19.59919839679018 90 0
381 19.53907815630927 90 0
382 19.47895791582835 90 0
383 19.41883767534743 90 0
384 19.35871743486651 90 0
385 19.2985971943856 90 0
386 19.23847695390468 90 0
387 19.17835671342376 90 0
388 19.11823647294284 90 0
389 19.05811623246193 90 0
390 18.99799599198101 90 0
391 18.93787575150009 90 0
392 18.87775551101917 90 0
393 18.81763527053825 90 0
394 18.75751503005734 90 0
395 18.69739478957642 90 0
396 18.6372745490955 90 0
397 18.57715430861459 90 0
398 18.51703406813367 90 0
399 18.45691382765276 90 0
400 18.39679358717184 90 0
401 18.33667334669092 90 0
402 18.27655310621 90 0
403 18.21643286572908 90 0
404 18.15631262524816 90 0
405 18.09619238476725 90 0
406 18.03607214428633 90 0
407 17.97595190380541 90 0
408 17.9158316633245 90 0
409 17.85571142284358 90 0
410 17.79559118236266 90 0
411 17.73547094188174 90 0
412 17.67535070140082 90 0
413 17.61523046091991 90 0
414 17.55511022043899 90 0
415 17.49498997995807 90 0
416 17.43486973947716 90 0
417 17.37474949899624 90 0
418 17.31462925851532 90 0
419 17.2545090180344 90 0
420 17.19438877755348 90 0
421 17.13426853707257 90 0
422 17.07414829659165 90 0
423 17.01402805611073 90 0
424 16.95390781562982 90 0
425 16.8937875751489 90 0
426 16.83366733466798 90 0
427 16.77354709418707 90 0
428 16.71342685370615 90 0
429 16.65330661322523 90 0
430 16.59318637274431 90 0
431 16.53306613226339 90 0
432 16.47294589178248 90 0
433 16.41282565130156 90 0
434 16.35270541082064 90 0
435 16.29258517033973 90 0
436 16.23246492985881 90 0
437 16.17234468937789 90 0
438 16.11222444889697 90 0
439 16.05210420841605 90 0
440 15.99198396793514 90 0
441 15.93186372745422 90 0
442 15.8717434869733 90 0
443 15.81162324649238 90 0
444 15.75150300601147 90 0
445 15.69138276553055 90 0
446 15.63126252504963 90 0
447 15.57114228456872 90 0
448 15.5110220440878 90 0
449 15.45090180360688 90 0
450 15.39078156312596 90 0
451 15.33066132264505 90 0
452 15.27054108216413 90 0
453 15.21042084168321 90 0
454 15.15030060120229 90 0
455 15.09018036072138 90 0
456 15.03006012024046 90 0
457 14.96993987975954 90 0
458 14.90981963927863 90 0
459 14.84969939879771 90 0
460 14.78957915831679 90 0
461 14.72945891783587 90 0
462 14.66933867735495 90 0
463 14.60921843687404 90 0
464 14.54909819639312 90 0
465 14.4889779559122 90 0
466 14.42885771543128 90 0
467 14.36873747495037 90 0
468 14.30861723446945 90 0
469 14.24849699398853 90 0
470 14.18837675350762 90 0
471 14.1282565130267 90 0
472 14.06813627254578 90 0
473 14.00801603206487 90 0
474 13.94789579158394 90 0
475 13.88777555110303 90 0
476 13.82765531062211 90 0
477 13.76753507014119 90 0
478 13.70741482966028 90 0
479 13.64729458917936 90 0
480 13.58717434869844 90 0
481 13.52705410821752 90 0
482 13.4669338677366 90 0
483 13.40681362725569 90 0
484 13.34669338677477 90 0
485 13.28657314629385 90 0
486 13.22645290581293 90 0
487 13.16633266533202 90 0
488 13.1062124248511 90 0
489 13.04609218437018 90 0
490 12.98597194388926 90 0
491 12.92585170340835 90 0
492 12.86573146292743 90 0
493 12.80561122244652 90 0
494 12.7454909819656 90 0
495 12.68537074148468 90 0
496 12.62525050100377 90 0
497 12.56513026052284 90 0
498 12.50501002004193 90 0
499 12.44488977956101 90 0
500 12.38476953908009 90 0
501 12.32464929859918 90 0
502 12.26452905811826 90 0
503 12.20440881763734 90 0
504 12.14428857715643 90 0
505 12.08416833667551 90 0
506 12.02404809619458 90 0
507 11.96392785571367 90 0
508 11.90380761523275 90 0
509 11.84368737475183 90 0
510 11.78356713427092 90 0
511 11.72344689379 90 0
512 11.66332665330908 90 0
513 11.60320641282816 90 0
514 11.54308617234724 90 0
515 11.48296593186633 90 0
516 11.42284569138542 90 0
517 11.3627254509045 90 0
518 11.30260521042358 90 0
519 11.24248496994266 90 0
520 11.18236472946175 90 0
521 11.12224448898083 90 0
522 11.06212424849991 90 0
523 11.00200400801899 90 0
524 10.94188376753808 90 0
525 10.88176352705716 90 0
526 10.82164328657624 90 0
527 10.76152304609532 90 0
528 10.70140280561441 90 0
529 10.64128256513349 90 0
530 10.58116232465257 90 0
531 10.52104208417165 90 0
532 10.46092184369073 90 0
533 10.40080160320982 90 0
534 10.3406813627289 90 0
535 10.28056112224798 90 0
536 10.22044088176707 90 0
537 10.16032064128615 90 0
538 10.10020040080523 90 0
539 10.04008016032431 90 0
540 9.979959919843395 90 0
541 9.919839679362479 90 0
542 9.859719438881559 90 0
543 9.799599198400642 90 0
544 9.739478957919729 90 0
545 9.679358717438806 90 0
546 9.619238476957889 90 0
547 9.559118236476973 90 0
548 9.498997995996056 90 0
549 9.438877755515136 90 0
550 9.37875751503422 90 0
551 9.318637274553303 90 0
552 9.258517034072391 90 0
553 9.198396793591471 90 0
554 9.138276553110551 90 0
555 9.078156312629634 90 0
556 9.018036072148718 90 0
557 8.957915831667798 90 0
558 8.897795591186881 90 0
559 8.837675350705965 90 0
560 8.777555110225048 90 0
561 8.717434869744128 90 0
562 8.657314629263208 90 0
563 8.597194388782292 90 0
564 8.537074148301379 90 0
565 8.476953907820459 90 0
566 8.416833667339539 90 0
567 8.356713426858626 90 0
568 8.296593186377709 90 0
569 8.236472945896793 90 0
570 8.176352705415873 90 0
571 8.116232464934953 90 0
572 8.05611222445404 90 0
573 7.99599198397312 90 0
574 7.9358717434922 90 0
575 7.875751503011287 90 0
576 7.815631262530371 90 0
577 7.755511022049451 90 0
578 7.695390781568531 90 0
579 7.635270541087618 90 0
580 7.575150300606698 90 0
581 7.515030060125781 90 0
582 7.454909819644794 90 0
583 7.394789579163788 90 0
584 7.334669338682787 90 0
585 7.274549098201778 90 0
586 7.214428857720769 90 0
587 7.154308617239764 90 0
588 7.094188376758758 90 0
589 7.034068136277753 90 0
590 6.973947895796744 90 0
591 6.913827655315743 90 0
592 6.853707414834737 90 0
593 6.793587174353728 90 0
594 6.73346693387272 90 0
595 6.673346693391714 90 0
596 6.613226452910709 90 0
597 6.553106212429704 90 0
598 6.492985971948695 90 0
599 6.43286573146769 90 0
600 6.372745490986684 90 0
601 6.312625250505675 90 0
602 6.252505010024667 90 0
603 6.192384769543665 90 0
604 6.13226452906266 90 0
605 6.072144288581651 90 0
606 6.012024048100642 90 0
607 5.951903807619637 90 0
608 5.891783567138631 90 0
609 5.831663326657626 90 0
610 5.771543086176617 90 0
611 5.711422845695612 90 0
612 5.651302605214607 90 0
613 5.591182364733598 90 0
614 5.531062124252589 90 0
615 5.470941883771587 90 0
616 5.410821643290582 90 0
617 5.350701402809573 90 0
618 5.290581162328564 90 0
619 5.230460921847559 90 0
620 5.170340681366554 90 0
621 5.110220440885545 90 0
622 5.050100200404536 90 0
623 4.989979959923534 90 0
624 4.929859719442529 90 0
625 4.86973947896152 90 0
626 4.809619238480511 90 0
627 4.749498997999506 90 0
628 4.689378757518504 90 0
629 4.629258517037496 90 0
630 4.569138276556487 90 0
631 4.509018036075481 90 0
632 4.448897795594476 90 0
633 4.388777555113467 90 0
634 4.328657314632459 90 0
635 4.268537074151457 90 0
636 4.208416833670451 90 0
637 4.148296593189443 90 0
638 4.088176352708437 90 0
639 4.028056112227432 90 0
640 3.967935871746427 90 0
641 3.907815631265422 90 0
642 3.847695390784413 90 0
643 3.787575150303407 90 0
644 3.727454909822402 90 0
645 3.667334669341393 90 0
646 3.607214428860384 90 0
647 3.547094188379379 90 0
648 3.486973947898377 90 0
649 3.426853707417369 90 0
650 3.36673346693636 90 0
651 3.306613226455354 90 0
652 3.246492985974349 90 0
653 3.18637274549334 90 0
654 3.126252505012335 90 0
655 3.06613226453133 90 0
656 3.006012024050325 90 0
657 2.945891783569316 90 0
658 2.885771543088307 90 0
659 2.825651302607302 90 0
660 2.765531062126296 90 0
661 2.705410821645291 90 0
662 2.645290581164282 90 0
663 2.585170340683277 90 0
664 2.525050100202272 90 0
665 2.464929859721263 90 0
666 2.404809619240257 90 0
667 2.344689378759252 90 0
668 2.284569138278247 90 0
669 2.224448897797238 90 0
670 2.164328657316229 90 0
671 2.104208416835224 90 0
672 2.044088176354219 90 0
673 1.983967935873213 90 0
674 1.923847695392205 90 0
675 1.863727454911199 90 0
676 1.803607214430194 90 0
677 1.743486973949185 90 0
678 1.68336673346818 90 0
679 1.623246492987175 90 0
680 1.563126252506169 90 0
681 1.50300601202516 90 0
682 1.442885771544155 90 0
683 1.38276553106315 90 0
684 1.322645290582145 90 0
685 1.262525050101139 90 0
686 1.202404809620131 90 0
687 1.142284569139125 90 0
688 1.08216432865812 90 0
689 1.022044088177111 90 0
690 0.9619238476961023 90 0
691 0.9018036072151006 90 0
692 0.8416833667340953 90 0
693 0.7815631262530864 90 0
694 0.7214428857720776 90 0
695 0.6613226452910723 90 0
696 0.601202404810067 90 0
697 0.5410821643290618 90 0
698 0.4809619238480529 90 0
699 0.4208416833670476 90 0
700 0.3607214428860424 90 0
701 0.3006012024050335 90 0
702 0.2404809619240247 90 0
703 0.180360721443023 90 0
704 0.1202404809620177 90 0
705 0.06012024048100884 90 0
706 0 89.908325062315 0
707 0 89.74801506519358 0
708 0 89.46768438519027 0
709 0 88.97747615548295 0
710 0 88.12025940867537 0
711 0 86.62126296796045 0
712 0 81.01201300717393 0
713 0 78.17282730378858 0
714 0 75.47503233002787 0
715 0 72.91158677849461 0
716 0 70.475800211758 0
717 0 68.16131571980807 0
718 0 65.96209169233629 0
719 0 63.87238876203355 0
720 0 61.88675204341899 0
721 3.124999999994494 84 0
722 6.249999999988988 84 0
723 9.374999999983483 84 0
724 12.49999999997798 84 0
725 15.62499999997247 84 0
726 18.74999999996697 84 0
727 21.8749999999614 84 0
728 24.99999999995583 84 0
729 28.12499999995027 84 0
730 31.2499999999447 84 0
731 34.37499999993913 84 0
732 37.49999999993357 84 0
733 40.6249999999354 84 0
734 43.74999999993724 84 0
735 46.87499999993907 84 0
736 49.99999999994091 84 0
737 53.12499999994275 84 0
738 56.24999999994458 84 0
739 59.37499999995381 84 0
740 62.49999999996305 84 0
741 65.6249999999723 84 0
742 68.74999999998153 84 0
743 71.87499999999076 84 0
744 0 90.07010961341973 0
745 0 90.16360228329609 0
746 0 90.28827676541231 0
747 0 90.45453286288458 0
748 0 90.67623891544 0
749 0 90.9718886929095 0
750 0 91.36614403087378 0
751 0 91.89189193033526 0
752 0 92.59298811049658 0
753 0 93.52791469221881 0
754 0 94.77465951651587 0
755 0 96.43722037460522 0
756 0 98.65428097240715 0
757 0 101.6107789620303 0
758 0 105.5533318498434 0
759 0 110.8108117637673 0
760 0 117.8217725366976 0
761 0 127.1710388941129 0
762 0 139.6384878569258 0
763 0 156.2640953958966 0
764 0 178.4347019059473 0
765 0 207.9996807676142 0
766 0 247.4252164100577 0
767 74.99999999986784 300 0
768 149.9999999997343 300 0
769 224.9999999997783 300 0
770 300 224.9999999999112 0
771 300 150 0
772 300 75.00000000008879 0
773 248.3961915709585 0 0
774 210.9947945157081 0 0
775 183.8870247486567 0 0
776 164.2398631935629 0 0
777 129.7113202325425 55.24841500854607 0
778 135.1088809091442 43.19242306002393 0
779 135.0207619437065 51.65987111368859 0
780 15.7351835238475 53.91206818511662 0
781 117.5047560336438 45.00300149835515 0
782 93.90622476671778 31.96158840296895 0
783 17.77306308739899 46.8680496701467 0
784 100.6661077058575 48.80226958178792 0
785 87.83767623735612 49.83236212081878 0
786 55.9907869495476 28.94536443600897 0
787 69.29994514335641 31.10973347841416 0
788 42.55913998291692 36.31350856858855 0
789 52.89503057319035 32.76875226576878 0
790 39.59745317293402 44.5422953632584 0
791 48.46846327293107 44.82324173578345 0
792 76.52691820288389 47.49424683936056 0
793 139.427046103945 56.5899683541795 0
794 8.230991132029867 48.53260717856718 0
795 143.1747929606157 57.56772612750048 0
796 6.67118172550021 55.6390074053081 0
797 146.0463028907625 55.06185416324879 0
798 148.0786321323142 55.68916158512932 0
799 4.673399464114596 57.75134352808247 0
800 148.5637917351657 57.7060444694518 0
801 9.05633367196476 18.6578397791895 0
802 2.391166523958521 57.93103364211289 0
803 31.36157664368773 47.05265457922611 0
804 67.73726807871527 46.45208313403776 0
805 55.86064828625187 51.23361785705142 0
806 113.9919704119282 54.13648256763356 0
807 31.61494372880073 55.46627039294836 0
808 116.0566577970953 57.43618959498264 0
809 70.96686490936045 53.82834417876676 0
810 37.22299316220061 52.85189112186049 0
811 47.00289302839317 53.71770161170465 0
812 25.05788827901068 52.87001800989881 0
813 51.25594300463848 53.90657775009888 0
814 127.3540220101692 45.25946168905517 0
815 82.18214595118383 54.5756520020299 0
816 121.1805937925505 15.97668943940508 0
817 18.86574354428209 53.06665688941482 0
818 103.508161957942 56.88732726298355 0
819 81.80297118304779 30.50859819395325 0
820 78.56993389789383 54.16686420160433 0
821 99.26179793659458 18.09248801279038 0
822 111.1044668782064 17.38352225476374 0
823 85.19114182557486 54.01748354822397 0
824 47.51710295337804 19.81400606441468 0
825 72.79393923297987 15.72914260175318 0
826 132.3439728834087 50.32171410308736 0
827 84.82905366610581 41.18165883118402 0
828 108.1513021257596 48.24428797594673 0
829 89.54021969619239 57.30137723369543 0
830 25.96417305444477 41.46749565136201 0
831 93.83028217464209 49.20936885910077 0
832 12.15223687608824 55.27015126265926 0
833 20.90035025945084 58.24305435903724 0
834 88.9364568254579 16.79333924008537 0
835 54.54393090915797 14.67052006893388 0
836 28.14300978871586 18.64517475381085 0
837 132.398299050373 17.22137732813725 0
838 139.6655695336165 54.42460896493963 0
839 124.5771849393904 39.10884400363462 0
840 97.33198822746324 41.79574519685496 0
841 91.72489727759485 41.92193709666494 0
842 21.67683283801236 39.47046581200276 0
843 140.5863282914167 30.94392152666725 0
844 12.5565432279133 52.69437339266103 0
845 105.7434881145691 41.58671038914255 0
846 144.7215972240251 44.15384057804887 0
847 133.2658118790738 53.47041555860028 0
848 72.00483336743523 36.72831174969655 0
849 3.950568628678658 31.91584538799228 0
850 111.4054512885687 40.44204571987599 0
851 134.4616903484718 25.59675594939311 0
852 130.2507069001063 39.07554724933289 0
853 2.716432674176908 51.31235225606508 0
854 13.74782736352796 48.28990458263926 0
855 101.1315805701925 33.57537950133246 0
856 17.00806468714425 26.70518931897258 0
857 4.193859760532713 41.74076165100448 0
858 136.0358869495979 48.55078274189272 0
859 144.2053834846577 55.83755396869894 0
860 24.42657829982071 30.18012821195724 0
861 141.9355520336092 58.67324954541319 0
862 137.6229071712006 56.05522757363439 0
863 140.2898702176772 9.925728298185687 0
864 3.222344724806599 55.11101589641017 0
865 147.1610214130041 51.01302134165335 0
866 10.66894546229546 9.885895160572149 0
867 138.675869575511 58.99089494594298 0
868 16.26819782030933 50.90606248477994 0
869 8.319067322028081 52.16363428063421 0
870 135.8067395314471 54.33600639657452 0
871 35.62587922037942 34.7633321513165 0
872 139.7473305126315 46.19051140087831 0
873 56.94825574349724 40.39310442137056 0
874 146.4913314033904 57.23413376665443 0
875 144.6204831663612 58.31988621117991 0
876 53.96230535371054 57.05173172709724 0
877 119.592750848088 51.48453531618937 0
878 122.614465789555 57.44322890493673 0
879 102.8089654593238 52.30240080424227 0
880 106.7627862767774 51.77841809177221 0
881 26.47609911074771 46.7263360966251 0
882 49.67443772964533 51.7497985638234 0
883 92.4131673515863 52.60665327622678 0
884 122.2200981523827 51.01354205137302 0
885 89.76410867016797 52.62179193586498 0
886 62.86357913517218 50.49986711860421 0
887 107.4688395918533 54.53968377051234 0
888 68.4157721318807 53.50902822746524 0
889 109.7252618497889 58.03400670022837 0
890 28.19588519747293 50.58480109818675 0
891 99.22422835854157 52.15056242489993 0
892 93.18282037975645 56.09401182022817 0
893 113.0046661710103 57.44322834151157 0
894 31.44914119875917 52.21022331012436 0
895 22.12289062234681 49.76417472879341 0
896 113.8678263832258 51.26985260362348 0
897 123.5629387748331 46.34838424998974 0
898 122.2033212615504 53.91712930355722 0
899 93.82505366995778 58.6436728761842 0
900 43.08167893838142 58.7329572717701 0
901 117.5306786379463 40.20712743318239 0
902 52.60187321178413 51.9729160733945 0
903 121.7937932416248 58.67223597345365 0
904 78.4072766067233 39.12258178034728 0
905 125.1535284156137 55.79978554228303 0
906 95.76773074155807 51.82028193056335 0
907 102.2001987737373 58.30823098745594 0
908 112.2790851874779 48.01057962434054 0
909 114.4506062018812 57.70463933254126 0
910 56.16639811564119 45.20760992374596 0
911 26.40573591455245 57.67402450842712 0
912 70.54509276614165 50.56379450103988 0
913 120.4446301087713 43.62214061885238 0
914 33.79657699990716 57.43574442100357 0
915 34.45865958026848 42.01111276650688 0
916 128.3422741178318 51.64402695887909 0
917 39.31916658197506 49.09768709488412 0
918 34.7812093341405 50.20931264108413 0
919 40.06253625499146 52.61677352679372 0
920 28.41256779727459 54.11725324742154 0
921 88.09688335230001 58.11971739916531 0
922 80.32991635149968 52.53376032476169 0
923 14.10714450706274 57.69105205184946 0
924 45.95631962630528 50.74696393889904 0
925 81.78794774414534 56.96580365573132 0
926 125.8522748608398 49.40336657895787 0
927 79.91931067831432 44.06088153535779 0
928 21.71477351865258 53.71192597985091 0
929 34.0551188262865 53.9925432203944 0
930 119.1569704777743 58.73525973921556 0
931 41.57856462011565 28.04181371723123 0
932 97.42212505019229 58.4958068862537 0
933 100.029071617219 26.78327984718277 0
934 118.0105855567085 57.52598416043186 0
935 127.5160395183115 54.89550010964784 0
936 91.97969385679937 25.01337512936556 0
937 114.0430896721609 44.42917549343267 0
938 89.2771368181955 36.92219701442985 0
939 52.46059104672127 48.02543796441617 0
940 22.85261579509557 56.04630350364719 0
941 32.9718234938565 9.676055375023894 0
942 52.28803360229424 42.38291991577785 0
943 45.5274130745698 10.31855484159543 0
944 109.6141245837511 44.61706838116113 0
945 104.8153537121085 8.62263859026937 0
946 104.181142529155 48.69567809638545 0
947 21.89486248764769 44.05697053024275 0
948 84.76926270228809 58.4272548420916 0
949 130.5502563819612 53.34025663433187 0
950 71.41247584751443 24.49932790191383 0
951 78.1605140016283 56.57407905753227 0
952 72.26778397835668 46.73605216991984 0
953 82.80719552101694 35.17147053094495 0
954 105.9523076352264 45.69124031183427 0
955 137.3537874818228 58.82779102585102 0
956 60.28424836238759 47.54399124743134 0
957 81.28854140356249 22.82208576970299 0
958 130.1732494611506 57.26668686145347 0
959 97.14185080736173 48.93363293025391 0
960 132.7998770722562 46.75417236116999 0
961 30.12575834172901 38.50871633675269 0
962 91.07087664114763 50.09737895457097 0
963 86.89326192500114 30.54009573838361 0
964 143.416064872386 58.82638712207245 0
965 74.93794718115717 43.09401507984322 0
966 95.16263562595162 45.65124307606223 0
967 11.13440395253412 58.02296878009113 0
968 17.63864301131246 55.62187881385294 0
969 130.7648794378267 44.05825462352379 0
970 102.6629847179143 45.29725627569432 0
971 29.95777869318621 58.41122035413463 0
972 18.78386908664074 50.28708078445547 0
973 63.63246734950273 17.04612483926274 0
974 132.070768636567 57.75729343542586 0
975 84.81915960595688 47.07338390866906 0
976 61.41021232686819 58.17862748710118 0
977 10.02465352210833 42.12388719290025 0
978 98.9214983635797 45.37286905764447 0
979 128.4686012130352 56.94526903321286 0
980 49.1343249980459 54.85352106811153 0
981 22.76976036705977 58.21886394164319 0
982 117.0962753394996 58.68753507834358 0
983 68.63127984114797 41.83910266335481 0
984 113.4804893441414 33.81673361870644 0
985 68.74840778424071 7.562042408974011 0
986 76.48742771733352 31.79197422718261 0
987 136.3140996856256 37.57396490857971 0
988 96.16026120898668 37.29490348245366 0
989 39.06989917702317 39.995640275914 0
990 35.57357558995172 46.28139640645142 0
991 37.44456540096719 18.64601326094737 0
992 129.6397662998779 47.72962737337787 0
993 80.26734041696362 55.50296663388682 0
994 60.70117374731441 44.01177359976342 0
995 116.889732806409 8.382518884943513 0
996 127.8219235826995 42.02784154299734 0
997 140.0570936368406 58.46802502958726 0
998 62.59757073319713 27.65227833315934 0
999 44.08325569797226 47.19734935971801 0
1000 112.1538688918493 25.59894467489218 0
1001 138.8887801796816 41.30534723514648 0
1002 29.42425766790276 43.11581813624243 0
1003 120.1294491771948 34.92686079235664 0
1004 135.6083881586225 58.94102503926727 0
1005 147.5898598967151 58.96708643328613 0
1006 133.6640017479115 56.09887827440708 0
1007 90.34451936055605 46.58718375722982 0
1008 52.75182749547395 37.50499462930608 0
1009 63.87917145360785 47.03625203673563 0
1010 124.6700128274678 43.16948294216271 0
1011 25.11076947244981 36.19651825693905 0
1012 42.59835501028668 51.19220239439272 0
1013 80.43128165968946 48.97080565083974 0
1014 55.67080875848306 22.65101791004647 0
1015 50.14895621615646 27.7142462770041 0
1016 14.0486360313567 55.04847974422694 0
1017 5.538341911609012 52.89132982140018 0
1018 9.8998467149602 55.15650545633425 0
1019 138.4250114212628 57.71278265619677 0
1020 129.1769701632798 58.757666856691 0
1021 137.8570325025401 52.05645555352999 0
1022 143.642725084096 37.63181261582984 0
1023 93.41928551904721 8.534883161355273 0
1024 131.5889910584002 55.53780873657249 0
1025 106.8413720912782 36.26936576023659 0
1026 101.6918313278487 38.706139160521 0
1027 75.90458687881492 54.54814688486494 0
1028 62.55024074804681 39.94777210984675 0
1029 15.86382683496822 56.55453024753391 0
1030 18.27999651664719 34.83133779260025 0
1031 147.318979361496 53.71201129869746 0
1032 14.03603652041533 44.58476321926902 0
1033 125.2288056524972 33.63184129199171 0
1034 5.56378141393735 49.5824654803049 0
1035 24.19891042432596 24.33341269016135 0
1036 21.55051798885007 9.984680867721869 0
1037 7.15426939171286 27.69516070542514 0
1038 31.68273430382602 26.79899617567488 0
1039 146.1676957837635 58.94647446742492 0
1040 136.6693222542543 57.8943143102027 0
1041 127.640513246816 58.5153373676965 0
1042 16.50025394645714 41.5228542984966 0
1043 128.6115066617196 8.552605034023449 0
1044 8.461615489183608 57.85086106106176 0
1045 73.14704032066501 55.82552556148544 0
1046 101.270358150275 42.55174401597146 0
1047 58.2697797061709 34.50246739601314 0
1048 81.09809010928997 10.20592759741012 0
1049 47.84358317505812 39.63408177125707 0
1050 39.41813104774547 55.53168124040432 0
1051 133.8732848197658 58.37470305069213 0
1052 126.1039336324174 58.55020782763327 0
1053 85.3004752608516 50.92957501030055 0
1054 57.44316985746954 8.098403261880676 0
1055 141.5109017389846 56.50664031828878 0
1056 111.7671830717342 55.31024181583313 0
1057 130.5921565640645 58.79821769919815 0
1058 15.83893048177955 58.46312768087061 0
1059 43.60363241313926 42.08435284575324 0
1060 18.43763033721606 18.03536542840471 0
1061 108.2014664832177 58.42540878644244 0
1062 112.279342380086 58.96012396642594 0
1063 28.35007684219833 58.07726563733422 0
1064 71.99954104037099 58.12439205197158 0
1065 106.9878559836936 56.73647444315909 0
1066 111.2383724659038 57.54105048115274 0
1067 123.4979710140356 58.78515882903951 0
1068 99.18577979271559 57.26324870653311 0
1069 18.1043771277795 58.21701933688144 0
1070 25.75961255407644 55.59459047405997 0
1071 54.25477421505441 58.70579764196859 0
1072 27.698576681096 56.35730021985056 0
1073 58.56834396864425 58.42385138141096 0
1074 106.0289194452436 23.46948419229403 0
1075 80.23084776902301 57.38605296137519 0
1076 119.3545151210298 55.65852126735642 0
1077 118.1599118731706 58.94305249602949 0
1078 106.6108836599873 29.91886459910741 0
1079 101.1377360469171 54.11626722340152 0
1080 109.2532719770606 59.080392745446 0
1081 59.6627262426866 56.11357469935209 0
1082 125.8967018740115 25.5561741002596 0
1083 25.46319080239453 49.98633248337602 0
1084 35.78503463148721 58.23668430564588 0
1085 97.8149404278154 56.58570743608583 0
1086 99.32709232467805 55.18964209376463 0
1087 109.6072197878293 53.70177399368256 0
1088 105.2512682965425 57.45994332992415 0
1089 83.8133420614505 56.51810705114118 0
1090 65.05628339618713 56.62049477393805 0
1091 10.84281809186749 49.4603856230507 0
1092 75.73566451133777 58.68921305529828 0
1093 31.49309666053129 57.93943373334941 0
1094 110.529943035058 58.91782941373754 0
1095 88.03614829666616 43.97577880908305 0
1096 48.10327023509022 48.52051663738838 0
1097 20.01275054276217 55.81780648044742 0
1098 2.869086612469175 48.15756614538633 0
1099 79.41973499896309 58.64125791310548 0
1100 6.600845907941292 58.2866847246371 0
1101 117.1746008498085 50.92586199133117 0
1102 120.6375045112392 53.24974030264585 0
1103 119.2736229252356 29.11359146266752 0
1104 81.15292001530783 58.63444402150568 0
1105 11.02141368137121 32.69215575135851 0
1106 29.58784006718119 56.72812393083979 0
1107 67.21302020448398 56.10421843336624 0
1108 120.3939455751631 58.58505575778297 0
1109 119.5809394477629 48.46133364262742 0
1110 102.8903426323724 55.23636107733923 0
1111 111.9165704915133 53.10115661498565 0
1112 6.834471374276837 37.06252131827681 0
1113 6.022984979597617 45.89174209067179 0
1114 103.87340655514 58.57517439745106 0
1115 38.22877216209572 58.25417964525608 0
1116 54.08731238626228 54.41390613988564 0
1117 62.70971470953234 56.18632503949069 0
1118 82.95398665787357 58.36171313243425 0
1119 73.67452431297873 52.85761812389158 0
1120 110.4307983754305 51.0176781507252 0
1121 97.12993830686536 54.60327106895519 0
1122 36.39245685788158 55.98987053252791 0
1123 124.6012513543938 57.27499353528123 0
1124 114.0076235957991 58.81875952857965 0
1125 57.25301740431854 48.64890519086363 0
1126 10.47069543530237 46.47642577241313 0
1127 101.2592042253422 56.44633556122391 0
1128 121.0577572817266 56.94559657023025 0
1129 77.2786245323647 58.41710110226228 0
1130 148.9907303263804 59.05258929462914 0
1131 105.0963820799396 54.99194425821467 0
1132 57.74159267912641 53.79294613211805 0
1133 115.9244423015777 48.2952303036809 0
1134 109.2851713191458 56.32694857014438 0
1135 24.52966142220893 57.92229707129624 0
1136 51.15899202529719 56.26167312309623 0
1137 121.1467229585515 55.13008025877433 0
1138 70.02431966608681 56.33437629406827 0
1139 90.69051793417385 55.47210348241225 0
1140 126.5806445634313 56.99684890262578 0
1141 114.3564875936335 56.35063948247708 0
1142 56.6460825504796 56.34755880738263 0
1143 94.86698995221323 54.52228418784148 0
1144 45.1899596905497 58.03187273953984 0
1145 115.6028208439247 58.8045655309991 0
1146 117.7021645816202 22.47138424720732 0
1147 47.96285034381858 33.66289953819263 0
1148 73.99936448950098 58.20619787606549 0
1149 66.44809946120277 58.23623521175373 0
1150 47.88010561635343 56.47541123388244 0
1151 55.85421467244758 58.2893427644318 0
1152 70.27102740657836 58.57626185544243 0
1153 88.10979501448173 55.28599504396873 0
1154 12.53215780817215 37.64655127072648 0
1155 45.05621741854052 55.56014056167616 0
1156 73.98932372855349 49.78368988225005 0
1157 66.5774122524969 50.13476088561768 0
1158 65.63960830458963 35.36514834361919 0
1159 95.72302105805099 56.74335288154181 0
1160 49.93605841925342 58.24285136932848 0
1161 42.32615619776167 54.51725724905288 0
1162 142.4579534132248 20.50314364670565 0
1163 119.5947548024805 57.49008349900341 0
1164 124.653050095173 58.70839902874225 0
1165 75.70429912238528 57.04337725625145 0
1166 52.25694420166528 58.37200668524888 0
1167 132.0770556277363 32.02122300462018 0
1168 86.2816271088069 58.65062255904392 0
1169 106.4009120320276 58.56956189397806 0
1170 87.24063940168645 52.5374415318354 0
1171 29.394343927641 33.28953822652807 0
1172 116.0661951157114 53.11555615905569 0
1173 118.2822347256714 53.41787837982313 0
1174 44.45292540491043 53.1286530117443 0
1175 77.06092643318773 51.4793045582247 0
1176 59.22930549183956 50.93305177483727 0
1177 122.9673709816193 55.84799589516217 0
1178 135.5294003854727 57.01043196163104 0
1179 64.80531369266289 53.86358680577933 0
1180 82.9409045239298 51.35077008673267 0
1181 116.5883780459683 55.37732165882291 0
1182 141.3522479187978 52.26373482125361 0
1183 144.6111064557984 53.00852412965568 0
1184 132.5752009159501 59.02793110554732 0
1185 95.80826348216051 58.74555384703002 0
1186 61.16870532516999 53.56489192836361 0
1187 42.98699302120206 56.88595982210251 0
1188 139.8339880638348 49.95392138725435 0
1189 99.04381164956678 58.77646543397524 0
1190 142.2509412074913 54.15214548923844 0
1191 86.04367534415034 56.83653007393912 0
1192 100.4524447223433 58.46571344819804 0
1193 68.50562037715056 58.26319197337464 0
1194 63.95678294649411 58.46024035889766 0
1195 131.6076252234144 59.11668844803425 0
1196 89.61345808627925 58.86877724347003 0
1197 105.0504629683585 58.92093592427066 0
1198 124.8935581868784 53.21733520569431 0
1199 41.07430463168617 57.97357121107699 0
1200 64.69982677376647 43.85739670874766 0
1201 137.7380621847011 54.21807462216963 0
1202 146.0572633438782 33.36892977912907 0
1203 143.4694131161736 49.0948053154497 0
1204 41.45139622459885 56.22711738065918 0
1205 91.34008494645352 58.05427752228429 0
1206 147.0704063506406 47.82242018059414 0
1207 140.9981614176924 59.28531864375012 0
1208 47.61484175923152 58.79168922379179 0
1209 39.54251175319191 68.82386680545959 0
1210 14.89382309010046 67.62384402405762 0
1211 60.10864853235692 67.9938862963983 0
1212 25.78247174281842 68.44718323722294 0
1213 48.9461181354576 69.10709412584833 0
1214 17.19471387834938 68.54583226300942 0
1215 57.87794123522422 68.58616476017117 0
1216 41.9931421038261 68.40037384723931 0
1217 11.21732424429091 73.01857334627518 0
1218 63.78267575568076 73.01857334618568 0
1219 31.10101707861635 74.17081795308722 0
1220 21.86555847354277 74.21870550132998 0
1221 53.08570116090091 74.26476351342157 0
1222 6.677956151593634 67.76425506957803 0
1223 68.32204384839748 67.76425506940917 0
1224 67.22581084671017 76.00848182690137 0
1225 7.774139260633369 76.00844050217013 0
1226 71.32887612992046 64.00527820834098 0
1227 3.670313524190719 64.00327353549007 0
1228 72.3833576912 61.88482265320825 0
1229 2.6166423087995 61.8848226532482 0
1230 11.14080436639735 66.47482984288658 0
1231 63.77900644483849 66.57146118086749 0
1232 21.60651629300037 67.73415086102727 0
1233 53.02235009624692 67.79019787074643 0
1234 31.4081784272736 67.65720047162337 0
1235 44.06165991524284 67.34078218466344 0
1236 26.5419521936895 76.50185082627593 0
1237 48.4384455973352 76.51318258400741 0
1238 17.30589271588215 77.22798093100273 0
1239 57.68868735396097 77.23395137019291 0
1240 35.00430384569629 76.99423857143434 0
1241 39.97777898037129 75.05829347257486 0
1242 42.33834492767885 63.83200674933892 0
1243 32.49981476082183 64.28314603852455 0
1244 22.9875511370766 64.48623956358692 0
1245 30.46533865455161 63.89763164324008 0
1246 44.37847361771797 63.58569314827931 0
1247 34.51159423307183 64.27177358479106 0
1248 18.77896380961058 64.73811125875706 0
1249 55.26821101434362 64.37576284346289 0
1250 24.20060823967128 63.27808980418734 0
1251 51.11419006973878 64.50182596250771 0
1252 36.61188097789494 64.01420907600316 0
1253 14.28540787674714 63.43859380538614 0
1254 59.85465923369761 64.23779220392497 0
1255 28.28573570408832 64.35942110235007 0
1256 46.8050144846521 64.12689430796824 0
1257 21.99608371017717 78.86402245490899 0
1258 52.97714217988042 78.64967246311966 0
1259 11.97711406582698 77.44468440260127 0
1260 63.02288593413256 77.44468440254578 0
1261 69.53211420648567 71.78439417822074 0
1262 5.467885793502062 71.78439417846413 0
1263 3.265242420897467 70.45877211846663 0
1264 71.73475757909661 70.45877211815194 0
1265 65.16209189179506 71.34323675715244 0
1266 9.837908108183436 71.34323675727211 0
1267 9.051069866807712 73.74528971565495 0
1268 65.94893013316799 73.74528971551906 0
1269 72.07319222058118 67.84149207533873 0
1270 2.926807779415654 67.84149207559183 0
1271 72.67491919203145 65.7529227223839 0
1272 2.32508080796698 65.75292272255057 0
1273 4.876767583923413 62.00614210608045 0
1274 70.28397212768857 61.91572299954032 0
1275 67.08791867789014 81.6688183075445 0
1276 7.912064452061202 81.66878752235365 0
1277 13.02977029874379 71.76193206579519 0
1278 61.97993658701548 71.76642887378694 0
1279 73.50207010524205 63.9422973362187 0
1280 1.497929894757463 63.94229733630522 0
1281 23.37452321296957 72.08032218677103 0
1282 51.90077900699702 72.39186180673953 0
1283 54.17439116719677 72.21034716326879 0
1284 20.63120560560735 72.3641917565059 0
1285 70.1877421360215 66.27861868257894 0
1286 4.811791837211854 66.27823216672793 0
1287 32.58009638042223 72.34219172481814 0
1288 43.42816306237286 71.27428974947412 0
1289 4.49977400605633 79.35613665262137 0
1290 70.50022144535632 79.35614381737584 0
1291 45.03867736286085 70.7999861963862 0
1292 12.55393157735613 62.83623168996778 0
1293 17.06841762310534 65.95689576839128 0
1294 35.83013097775441 72.85256118510864 0
1295 58.91064529959048 66.28320760829376 0
1296 26.61699446389865 79.32387764627987 0
1297 58.15813619259804 71.35125976366542 0
1298 48.59581863160724 79.06965335821057 0
1299 16.73480642061833 71.54451145292647 0
1300 18.00927692778052 79.08694749731508 0
1301 56.98795866611943 79.09160216682014 0
1302 28.5721620787121 67.85749066803315 0
1303 38.67417382840618 66.54532615434066 0
1304 36.17233339440776 66.18345707990207 0
1305 56.34606480691747 66.11323472666957 0
1306 50.13439476961842 66.34887824664067 0
1307 33.4984821238836 66.42814948328571 0
1308 18.72398355780997 66.68308836678305 0
1309 25.49508196628926 70.99380622165563 0
1310 57.51834762236456 64.45295173945408 0
1311 46.06092847890734 68.63472971830724 0
1312 62.36475087947432 64.71469894182248 0
1313 12.56913775781503 64.69348810179409 0
1314 34.3871324381905 79.1581546517784 0
1315 62.32056255244301 68.92990909060242 0
1316 12.69806605782535 68.92635595703737 0
1317 58.61609520569118 74.41333743243548 0
1318 16.26823770507484 74.61533739382796 0
1319 26.87257956801241 73.0329671809012 0
1320 47.63154515977004 74.03825285308336 0
1321 47.83090496310996 66.25165922824647 0
1322 13.13599323146892 74.81363781914145 0
1323 61.84799703845231 74.78617366574028 0
1324 39.00617360025844 72.33970749781112 0
1325 16.46476135410345 64.01895253135829 0
1326 22.00902382260704 63.00497456449941 0
1327 52.07278909826386 66.13902255386462 0
1328 14.86088125644835 65.53185864469934 0
1329 27.17858616297572 66.16425364994529 0
1330 33.13361591084105 62.37920706901021 0
1331 65.52446756920327 64.7144959727341 0
1332 9.211953719102079 64.45310910123439 0
1333 42.57791670673011 61.69303146115794 0
1334 41.6782446406897 77.17558323901908 0
1335 14.68306198665809 77.29903221921153 0
1336 60.29381130003971 77.2622892219084 0
1337 29.66340897313057 66.00465923057628 0
1338 24.62992008784749 65.88044858359173 0
1339 62.13101779379196 80.30975476712665 0
1340 12.86228309678596 80.31430806407863 0
1341 8.795531110296052 67.09672050437126 0
1342 66.20216497835447 67.09826486102529 0
1343 48.39380348864285 61.14437002406875 0
1344 20.40778681592441 66.28897116738257 0
1345 28.52301662391014 62.21931652709766 0
1346 29.05305147704982 78.03525786956241 0
1347 40.93702687876697 65.24538320373961 0
1348 54.12104774743698 66.09674416581255 0
1349 45.46091153700308 66.02069567507012 0
1350 24.32076093233945 77.71482751341513 0
1351 50.68944592736768 77.6714574709066 0
1352 46.50459857769054 77.7313266443895 0
1353 7.083600375208416 65.42428117385768 0
1354 67.75164303316632 65.62190386909849 0
1355 10.39334584276175 69.06492564919704 0
1356 64.60875857140495 69.06590039476046 0
1357 8.529975765567324 61.823184174826 0
1358 65.98616850827752 62.25808993490669 0
1359 40.86340244746511 62.93474256417079 0
1360 55.24497500568517 77.70166112862462 0
1361 19.73974003819694 77.69370570027166 0
1362 49.03823808229558 64.56879587243618 0
1363 37.54933083363631 76.12074697129293 0
1364 41.2058304262744 70.52255027399067 0
1365 37.35085773792915 62.02271433387998 0
1366 19.41684907056694 61.34005025340618 0
1367 35.26325857192912 61.98700972827777 0
1368 31.22348000596788 76.64356942006164 0
1369 41.38841403191861 72.87740381501685 0
1370 54.97227817675477 68.14371009572265 0
1371 33.39135644705809 68.5085429240066 0
1372 53.00666872041747 76.55892335556989 0
1373 21.97309270740206 76.54423136184683 0
1374 6.646571058373953 69.74711671525054 0
1375 68.35342894161414 69.74711671505773 0
1376 24.98763843844194 61.62888978859359 0
1377 66.58086595918012 69.4439344937217 0
1378 8.419100791279376 69.44351464346063 0
1379 9.985417440011332 79.42701797725589 0
1380 65.0139496875462 79.42625177820138 0
1381 32.05661404545691 69.86755121974284 0
1382 44.08842629650792 77.83013244870735 0
1383 22.39359192239467 66.11624724371052 0
1384 53.14425451427228 64.53622490738884 0
1385 50.58571528564454 74.85573440943111 0
1386 32.94431204897451 81.43136495561613 0
1387 27.8527908690046 70.28849404689505 0
1388 31.02949690503652 61.65722466559377 0
1389 24.29797934444313 74.70339810464684 0
1390 44.48912890151887 61.38207178252835 0
1391 23.49240990820295 67.9905965879655 0
1392 55.73363826408629 70.35555294574247 0
1393 19.86311054864665 68.23064101048118 0
1394 61.22657749682623 66.48306809295734 0
1395 13.35131854829043 66.70786220294511 0
1396 51.21059166394247 68.19841632791865 0
1397 33.21491039607059 77.62417656040972 0
1398 29.20228963780076 74.91816180577432 0
1399 45.535341191448 75.52178185871536 0
1400 19.05508408577038 70.61095968970666 0
1401 42.90089221799789 75.09608709657367 0
1402 69.08778038838797 81.12149380643346 0
1403 5.912213391486183 81.12148268287126 0
1404 14.87328954686134 70.26127440212069 0
1405 60.12531031393872 70.29939471709795 0
1406 24.1141686009105 69.88568220062878 0
1407 19.42251253585669 75.12960530699823 0
1408 55.42522563979099 74.91039166697526 0
1409 70.03715274260604 68.92321066949772 0
1410 4.962847257386234 68.92321066971981 0
1411 33.52434229463672 75.05981279915055 0
1412 67.6961277112774 78.84291066607261 0
1413 7.30386348694871 78.84289460431673 0
1414 68.23761356200016 74.06277082812316 0
1415 6.762376905553115 74.06275174292658 0
1416 21.73280755610984 69.73749715111443 0
1417 30.00777204491637 69.53789059030422 0
1418 59.76584557584001 61.72883715222999 0
1419 43.63533839735047 69.48536393666065 0
1420 34.45692379837541 70.34506750400716 0
1421 15.5820894407853 62.03088116048363 0
1422 3.192029803928141 72.6354349485168 0
1423 71.80796926199666 72.63543643953622 0
1424 53.05902194805942 69.85207818631328 0
1425 64.97076383755048 76.27016996884542 0
1426 10.02899726135295 76.26998261880587 0
1427 50.9658600166505 70.53497435956676 0
1428 38.75545291782305 63.96990292248719 0
1429 4.321678574494991 74.53922908092795 0
1430 70.67831657382816 74.53923639891372 0
1431 43.20017884923865 65.55147614111407 0
1432 31.61333955067311 65.68570090364513 0
1433 63.47700561450371 70.84003440480951 0
1434 11.52576921856516 70.83844256405463 0
1435 1.502602434169584 69.34357500339388 0
1436 73.49739756582822 69.34357500305696 0
1437 21.02262688059335 64.62001178425753 0
1438 72.41722264655677 76.92621337226349 0
1439 2.582773680592363 76.92620839441688 0
1440 26.45399037513784 63.69609092176285 0
1441 1.636655563242011 71.79294170753796 0
1442 73.36334402161332 71.79294236996513 0
1443 29.95330851774709 72.02258207450328 0
1444 7.706388846034353 71.64949305219967 0
1445 67.29360561236082 71.64956302709497 0
1446 44.63081696295198 73.06566912350938 0
1447 21.94239619865089 81.7002195267135 0
1448 5.529713046233575 76.64006656746641 0
1449 69.47027367151269 76.64008220375477 0
1450 73.64910179568817 67.41227944249465 0
1451 1.350898204310444 67.41227944273612 0
1452 13.54796782781347 61.62286259943745 0
1453 17.82148833066035 62.25089220192676 0
1454 51.38188677440229 80.90141167683717 0
1455 63.71677049115055 63.17798469037502 0
1456 37.50568110675759 74.21915521315815 0
1457 46.4330368423251 61.9572627113298 0
1458 10.84801455428668 63.03045593351944 0
1459 36.89316120944744 78.97992089024855 0
1460 11.77395682130343 61.43436583488773 0
1461 35.82478484615345 81.49998764771372 0
1462 56.46796861597084 62.37607711491169 0
1463 24.28488254760927 80.60853880252455 0
1464 45.77802762422901 80.7189014791138 0
1465 35.39573478850667 68.35560633499985 0
1466 39.50783495586732 78.23495951962292 0
1467 29.378502189357 81.12888432333945 0
1468 5.441461490942467 64.06202770294257 0
1469 69.12262854705037 63.86460671790656 0
1470 10.32441696240287 61.25981896448251 0
1471 64.33578756878501 61.39516665152799 0
1472 54.25706875468719 62.35742924529266 0
1473 50.18272414423778 63.19047501427532 0
1474 42.03951955680031 80.4842945821575 0
1475 18.42236927058552 72.85292111999304 0
1476 61.52948187207848 63.04422976442777 0
1477 42.04353169380512 66.87313963865395 0
1478 54.74848421354644 80.81701770560332 0
1479 19.52715519908483 80.57011068749929 0
1480 40.87401478280527 61.29646295443776 0
1481 17.04200238140899 81.62943097625445 0
1482 57.83309280957189 81.67248471120122 0
1483 58.21101394582433 62.80402186899681 0
1484 26.64774939480965 61.56184659410455 0
1485 31.8270973550474 79.06340411808793 0
1486 59.27200714721049 79.63241185424906 0
1487 15.70054853682172 79.63075539666345 0
1488 51.85870696708025 62.92873180613727 0
1489 38.73171676135625 81.19986043995711 0
1490 40.59842387690072 67.23407842767287 0
1491 50.29690805144363 61.61465738792981 0
1492 37.26702533018464 70.19862942911492 0
1493 48.53356963152231 62.76716663451867 0
1494 10.54980602337816 81.90989417676924 0
1495 64.44936365699517 81.90876957244718 0
1496 56.42149729387265 72.64817779441748 0
1497 6.87834640681005 63.17797483753657 0
1498 25.01004102292859 72.70262342349368 0
1499 47.00347923812396 71.46185889469142 0
1500 14.80841944055344 72.59933862676236 0
1501 60.14549506753914 72.52331889054521 0
1502 39.43132401357254 61.66680543389575 0
1503 49.50558280710728 72.06496274156008 0
1504 37.41035581893944 68.02137716076342 0
1505 35.7875171150033 75.06600530614564 0
1506 57.92221432537984 61.39504848624553 0
1507 34.01995032801178 61.091554199322 0
1508 3.897058734983613 81.87153782962184 0
1509 71.10293932352518 81.87154114533317 0
1510 37.55346027963299 65.17822380818326 0
1511 6.617993561019288 61.4014602236886 0
1512 10.94247759940028 64.66297074485863 0
1513 63.84624884616665 64.79466019644977 0
1514 73.13180711244175 79.36768788290831 0
1515 1.868191416904766 79.36768564148807 0
1516 48.53295917329744 81.75647074652629 0
1517 21.02066199984591 61.49066388664525 0
1518 60.22222355009824 81.92293026651538 0
1519 14.74596680299342 81.9148988873993 0
1520 62.27617876592387 61.33517403693725 0
1521 67.28780998521759 63.56571204440019 0
1522 68.10548420742279 61.807261302215 0
1523 23.06608459820842 61.51343159435726 0
1524 20.0116023189807 62.90745065824871 0
1525 1.778050030376575 82.05024729565677 0
1526 73.22194928719155 82.05024840705134 0
1527 31.78206655781275 63.05430235409215 0
1528 39.25538527747734 70.47118850159407 0
1529 73.04447541733249 74.04674128137115 0
1530 1.955522937042917 74.04673887332035 0
1531 26.6810758401542 81.81226015442877 0
1532 66.90705952038363 61.01633780928043 0
1533 52.55366828438832 61.17258720302834 0
1534 55.57760080606858 61.1833765900511 0
1535 2.036096780834564 89.75261644280657 0
1536 20.4994727909636 89.50169452410505 0
1537 5.108980221561066 89.29800307459074 0
1538 10.16302644121564 87.94893163174746 0
1539 9.209622919464657 86.87821150113331 0
1540 21.71950695444946 88.79502660668173 0
1541 31.59699394436138 88.28539753906004 0
1542 46.20925408014104 86.87759108157445 0
1543 56.95563085695854 86.24464427554328 0
1544 58.78772538527475 87.62260141724262 0
1545 62.92840445113942 87.31865589867493 0
1546 65.26209429986415 87.32660428589547 0
1547 67.99411642977435 87.10256061354362 0
1548 70.53918301852811 87.18767949623943 0
1549 23.05419240392461 88.71162820458012 0
1550 7.103013611930584 88.82231310565986 0
1551 27.32920790300019 89.23679499413636 0
1552 11.55095116253843 88.90299389805058 0
1553 9.094163834777531 88.23762924459838 0
1554 27.7789857126377 88.96970989789781 0
1555 26.19617665304768 89.46032252943829 0
1556 10.94076883599288 89.81708655485424 0
1557 30.40465747759841 89.42415390122177 0
1558 23.22156609763578 89.23862673162603 0
1559 7.829636446553184 89.83462375727777 0
1560 19.77246880328176 89.83863871017752 0
1561 20.77816980543962 89.82750274662317 0
1562 8.083884946602826 89.54131892794653 0
1563 20.62846778931526 89.84248347548755 0
1564 29.87173610801266 89.75214536185672 0
1565 32.93826093122161 89.25199321030486 0
1566 39.71143246676647 88.44627936906063 0
1567 38.74896481609916 86.83291793125989 0
1568 32.18142469648902 86.30957607240023 0
1569 33.5201672702389 89.61378316287814 0
1570 44.40906741339401 87.28715489936508 0
1571 43.71014713732828 88.84459512387086 0
1572 34.39010692964629 87.28296518819937 0
1573 30.46015112943811 87.50093934305283 0
1574 36.36561593516623 86.45020653896893 0
1575 34.86301667927213 88.78215897419102 0
1576 8.466223525269951 88.81959141942484 0
1577 15.95611799918956 86.92444372829148 0
1578 6.62058036426562 87.99408870657932 0
1579 49.82281656689242 88.6137332197388 0
1580 60.90163950230059 88.13930777751381 0
1581 54.78253829265048 86.29939785542835 0
1582 64.07887468773473 85.6613150461426 0
1583 60.9257421004974 86.20753783864942 0
1584 35.75675810967706 88.30085106835467 0
1585 0.3598586745504981 89.91697285364209 0
1586 0.135975736639243 89.901325162519 0
1587 9.712682475487441 89.950026465039 0
1588 15.16241019749341 89.59167024813685 0
1589 28.4017779643137 89.77140256224453 0
1590 27.27379214891096 89.81533101214588 0
1591 7.120183342862332 89.91740983449567 0
1592 9.791950244057157 89.82859242594094 0
1593 23.18496994762475 89.78197188948837 0
1594 13.33648242881704 89.85626291762782 0
1595 15.38170764268248 89.87872088796352 0
1596 10.11805643180318 89.78326241787086 0
1597 11.94388336530975 89.794563525066 0
1598 12.25071520946163 89.84232568580882 0
1599 15.51188691916278 89.77188435654782 0
1600 13.63487915000719 89.84337517567526 0
1601 28.14953369666224 89.90813392396042 0
1602 27.17032702243418 89.8959494385071 0
1603 14.67764463697217 89.5775719200491 0
1604 20.36218084867266 89.84206619143376 0
1605 8.299758752534192 89.83977096343837 0
1606 8.021130949798424 89.77776723416814 0
1607 8.224024399561136 89.90533974353593 0
1608 10.86572423800138 89.90510087831974 0
1609 15.56760229395008 89.920508129412 0
1610 19.80401176339997 89.94491901382285 0
1611 20.69904328215205 89.9259850778204 0
1612 27.03630430713419 89.92115920302749 0
1613 23.63756375917008 89.942546959388 0
1614 11.03096000241746 89.90558931898597 0
1615 29.90474750319085 89.92944150176841 0
1616 24.13749056434121 89.90582412999163 0
1617 19.88535348018135 89.92723098178647 0
1618 30.88134949580575 89.88299617525523 0
1619 5.44147080410716 89.74278565490643 0
1620 7.837846824772652 89.93930251148579 0
1621 29.69600059787352 89.92702156240377 0
1622 10.94989637285609 89.926008403014 0
1623 27.88566568377892 89.81125242864935 0
1624 20.79628600835455 89.95006565795779 0
1625 23.98720858945997 89.92356597065896 0
1626 20.60249756478285 89.93615428950118 0
1627 31.74113427509325 89.78991869710892 0
1628 28.96589066762095 88.44521613498823 0
1629 16.37261242928613 89.34640881948552 0
1630 30.76156294061649 89.60099362758569 0
1631 10.93689173551926 89.6050999821715 0
1632 30.30675285182057 89.71142817807062 0
1633 30.00834985561706 89.60924085241851 0
1634 20.69039332289198 89.67438795853849 0
1635 24.99185604418381 89.51379399806935 0
1636 33.04972163920538 89.76830908259522 0
1637 30.19075533954037 89.88500944863257 0
1638 29.32064731066948 89.10775944210158 0
1639 3.063049267916603 89.77631708128177 0
1640 3.281910469356293 89.58501238492956 0
1641 28.07344581852115 89.40060752446162 0
1642 5.068273680089416 89.8481175635129 0
1643 20.38206335980227 89.65124863822173 0
1644 15.67352329939791 89.81192205162239 0
1645 20.0393295506438 89.69726564573971 0
1646 1.896159213294862 89.9191542583881 0
1647 37.77549981699383 89.43158539755949 0
1648 32.27702621175821 89.09571069540195 0
1649 23.83347575893999 89.63224106636186 0
1650 29.02633903001877 89.44492253906549 0
1651 17.19552188081263 89.81971822983532 0
1652 23.88384801688767 89.29471354096805 0
1653 3.543651262342793 89.65239820809985 0
1654 34.84978460862071 89.52377795696975 0
1655 13.83204164497053 89.52379132466866 0
1656 34.24179671774412 89.52949055357203 0
1657 30.09152305032081 89.78039794925037 0
1658 33.74623996193704 88.82813867545427 0
1659 7.940325475657052 89.42400367681961 0
1660 8.70652120273904 89.29903135468862 0
1661 10.66177044655922 89.50652859228634 0
1662 30.67767276619836 89.84717818179865 0
1663 5.923658556895579 89.35403600541505 0
1664 35.45214004097299 89.37842722650787 0
1665 8.216946827313549 89.72604496296847 0
1666 13.2524931375487 89.68571468367507 0
1667 15.22352402739984 89.35607751098095 0
1668 31.09985351003552 89.45999587719831 0
1669 21.39125117721695 87.65931902776889 0
1670 22.61032637020418 89.92918675895748 0
1671 27.53173338500565 89.83772327682755 0
1672 22.90092627992012 89.79281205119489 0
1673 27.78099770254225 89.87618041063462 0
1674 28.64341181035282 89.91861343805725 0
1675 16.20529331043954 89.84024286597953 0
1676 24.33566178004655 89.92133568617665 0
1677 9.952071740920733 89.81972796231175 0
1678 27.74572923646609 89.67265066778459 0
1679 21.06198507485604 89.80821528510189 0
1680 10.09045613957394 89.92217708549779 0
1681 12.13322063444075 89.91737545228972 0
1682 12.03264161651412 89.90864948715254 0
1683 5.2657676225699 89.93318485192604 0
1684 12.1301397100053 89.77844411588516 0
1685 27.94863252310682 89.65796667074845 0
1686 41.54580570083836 89.27053021447539 0
1687 9.786061750612033 89.91887262356573 0
1688 14.93374356779422 89.42163502518272 0
1689 11.8386427715601 89.92766795283625 0
1690 29.03203356440865 89.85445001320143 0
1691 11.75413028902351 89.82506370880743 0
1692 15.46338363961826 89.92738949822149 0
1693 15.14351736447916 89.04646465251741 0
1694 7.061017802220237 89.94110854847983 0
1695 18.34904589509038 89.94847354764325 0
1696 16.15893116546988 89.69635351699901 0
1697 26.02219247870664 89.67671217033636 0
1698 27.22160915953084 89.6114892300258 0
1699 29.31686766283655 89.88072220986601 0
1700 4.170774833984082 89.89816746889933 0
1701 27.29173755817766 86.80124371847072 0
1702 3.462410810949938 89.34818199037181 0
1703 45.30853124295767 88.8814841012763 0
1704 10.77657873643322 89.78123192366084 0
1705 16.2307504343151 89.94800407903 0
1706 11.9469803433893 89.93667297861724 0
1707 11.04245323615414 89.24084377560563 0
1708 13.35485530988385 89.95074774738895 0
1709 13.60749721660884 89.95177844484964 0
1710 23.47919349703615 89.75946603652267 0
1711 14.82711699530551 89.8310809645908 0
1712 20.32533450619555 89.9505706454005 0
1713 52.50074676161878 86.31465905368145 0
1714 8.291930281489602 89.92802441727235 0
1715 12.2461315321768 89.94530472470886 0
1716 16.37858841572696 89.80385035998604 0
1717 20.39686076234108 89.94552159510857 0
1718 15.20274892615524 89.92084240063885 0
1719 16.88687018539012 89.9387830475121 0
1720 7.72946464926482 89.92641364971007 0
1721 50.58257340602925 86.7669004373317 0
1722 3.269437566160474 89.93448271024135 0
1723 5.647985756910657 89.92825741232618 0
1724 40.4982936229793 89.31562588210686 0
1725 5.561842690213267 89.7957317580458 0
1726 21.84238562229685 89.91926601158649 0
1727 18.56837211971134 89.94605937308656 0
1728 27.72665034428018 89.43644663534691 0
1729 38.61503700734315 88.93073216918995 0
1730 8.512316791359586 89.84404252152919 0
1731 20.14650000787965 89.94607852110185 0
1732 13.28161486073787 89.937084800234 0
1733 7.847098540533215 89.64627194971638 0
1734 18.74878910818388 89.84210220558954 0
1735 22.76448345247238 89.58258342322658 0
1736 15.4610256155561 89.50335648147849 0
1737 30.43701924743501 89.88108772716303 0
1738 10.57744110837853 89.94015963154997 0
1739 13.81623495566212 89.94861712047445 0
1740 3.08652406151427 89.92311458546378 0
1741 18.65870132065231 89.92178724813124 0
1742 7.586785347365628 89.95073547378291 0
1743 29.72037936111008 89.60750261353624 0
1744 29.99499064070584 89.91103916065472 0
1745 22.37689959901407 89.9080900833025 0
1746 31.50799999900669 89.53106820481503 0
1747 14.61478644486735 89.9200699744631 0
1748 4.384713789001442 89.94783691868692 0
1749 8.441480779651615 89.72003576532511 0
1750 27.32026421926491 89.92417841996853 0
1751 14.02915795932044 89.7238317423237 0
1752 8.382066100151704 89.90552196014214 0
1753 2.275450742072579 89.93670445099413 0
1754 8.487129153595196 89.94781052897577 0
1755 13.48098561245509 89.76271293671118 0
1756 11.30442481366966 87.90948965285698 0
1757 4.001852079197527 89.9137279967478 0
1758 8.683189967240763 89.59909554792547 0
1759 29.70156428316929 89.79315565853223 0
1760 22.81002097607206 89.92316744558953 0
1761 24.05567503976157 89.92908560762415 0
1762 37.21100833371931 88.40695649379388 0
1763 12.35124544721201 89.92241811954312 0
1764 3.912968759753023 89.9331091685456 0
1765 5.033266927730622 89.9535392568184 0
1766 23.9108619987909 89.91114834365143 0
1767 13.88157496467568 89.91225522933325 0
1768 30.09409113712398 89.91528931170754 0
1769 9.741453617497649 89.44154458201847 0
1770 43.11548559825346 87.83210767656661 0
1771 10.27859159188854 89.73436370680228 0
1772 4.83327941015822 89.93676439809232 0
1773 6.310709512364197 89.93088529109794 0
1774 14.36786752040736 89.93838918499942 0
1775 29.11980344029858 89.90688494892517 0
1776 28.059655137093 89.94881214264986 0
1777 27.49025648208524 89.66035779276545 0
1778 10.68223343393981 89.91618865756779 0
1779 12.71276709176823 89.91661133907026 0
1780 14.53938345549389 89.34657109276282 0
1781 13.08235981257152 89.80093737792178 0
1782 10.77772732427786 89.92853337662768 0
1783 28.76045126604581 88.9794313992207 0
1784 16.36972208403322 89.63402572641972 0
1785 14.91004599260915 89.68759618097873 0
1786 11.12653200694258 89.77673254395521 0
1787 18.4541051847977 89.9311242237649 0
1788 18.41312247635721 89.67869033382391 0
1789 2.668934890322546 89.53650586053298 0
1790 8.304512174602841 89.32497313229341 0
1791 29.80268139295679 89.91718401632626 0
1792 21.36290875367988 89.7975469943101 0
1793 24.08202805401578 89.82614814165142 0
1794 21.34559519392392 89.94032238000591 0
1795 27.60381060383869 89.92048080836923 0
1796 16.69143524001584 89.88871005073369 0
1797 14.90468204056364 89.92291609958855 0
1798 22.49438967419271 89.93256946864008 0
1799 22.90123119634249 89.93693395321746 0
1800 15.30484531783762 89.76949952142262 0
1801 15.00821066575476 89.94717519183682 0
1802 5.365425427142126 89.95034454518297 0
1803 28.72270788603327 89.85265541729416 0
1804 6.423340242679963 89.9328651730125 0
1805 11.84354670092362 89.672660004606 0
1806 24.09350544647899 89.55977513693931 0
1807 27.72114137705631 89.93221611237233 0
1808 6.226751039752519 89.92736763969181 0
1809 16.5890058840621 89.77395320885707 0
1810 11.43505799138819 89.43639690922519 0
1811 22.702200619928 89.79845531523183 0
1812 23.33867308421163 89.83761403329974 0
1813 14.82380117259434 89.94112556127766 0
1814 30.56001453627557 89.87830335730114 0
1815 16.31105208670328 89.92263250157093 0
1816 8.645914714273319 89.81936133150774 0
1817 2.236078619830341 89.43342187994342 0
1818 39.53162751011794 89.33852748407148 0
1819 42.47995341609895 89.01307083397451 0
1820 29.55563522761646 89.78382669016965 0
1821 4.277560474796004 89.91169380248787 0
1822 3.928150062980029 89.85763494665314 0
1823 18.5585843213799 89.80720412500874 0
1824 14.27075605150819 89.92622889772511 0
1825 14.6713522298717 89.7856186645956 0
1826 42.99234413766865 86.05947567500171 0
1827 30.29609557468966 89.91292089231104 0
1828 27.47396077146519 89.93405834069837 0
1829 31.21701696482818 89.06030745865165 0
1830 13.42809523239132 89.92271160291232 0
1831 24.22317256031789 89.93092612700336 0
1832 24.43445180300232 89.92304996012099 0
1833 23.30159503497219 89.60798363785368 0
1834 16.15287359728094 89.93824144191456 0
1835 2.460248440052766 89.7452602287251 0
1836 4.47976694849642 89.92166198608948 0
1837 6.853725371669273 89.94528075520161 0
1838 14.97409622016816 89.85400766213949 0
1839 48.45328219743865 86.79409606856474 0
1840 22.71936532433301 89.94787935007355 0
1841 11.21602496840288 89.60852094402127 0
1842 21.94262737354455 89.94090265708597 0
1843 26.95157521327696 89.91010057373354 0
1844 23.4547349195621 89.90941136974213 0
1845 14.7383200928724 89.92784349320766 0
1846 27.68403679261045 89.81650192274343 0
1847 7.011595985671435 89.6479214157465 0
1848 29.61382306215103 89.89555160267086 0
1849 44.83985184466179 85.64134052627294 0
1850 26.87880504019571 89.93837735539576 0
1851 9.641473533089119 89.90591408534873 0
1852 26.88912158370495 89.81954683341564 0
1853 13.00383208371539 89.58268347329017 0
1854 28.56179033804169 89.79261708103357 0
1855 10.21044599530109 89.92180717634186 0
1856 46.95347578511317 88.53363912760108 0
1857 23.95950844809834 89.75607616441256 0
1858 4.558760915625802 89.80775560626266 0
1859 15.31236192662534 89.92983486400834 0
1860 5.805139917252223 89.66110667003707 0
1861 6.830135953085687 89.36154202089104 0
1862 28.47117963801809 89.49761620382061 0
1863 8.943857791316738 89.92871953938182 0
1864 5.778798390511527 89.91462820974608 0
1865 30.53686969856533 89.7202880846682 0
1866 7.665748087956735 89.54387455120097 0
1867 7.936235739336111 89.92214802789486 0
1868 20.24275231834442 89.92736998397028 0
1869 27.95231103027982 89.92891539968615 0
1870 19.61240556617748 89.82392994482551 0
1871 29.03985631672093 89.94455816424555 0
1872 41.21465996982997 87.5962509478057 0
1873 8.596008416174341 89.9274908533109 0
1874 15.10177599718803 89.79018741118439 0
1875 29.51494519438185 89.92794085732703 0
1876 27.07082001459889 89.80837541579173 0
1877 24.3688854282863 89.57986566497289 0
1878 11.12737311844857 89.93553150092895 0
1879 21.26371858644188 89.90431215421863 0
1880 28.54669242170675 89.94271842475855 0
1881 2.959712468033345 89.45289704471418 0
1882 25.66308522625241 89.73424468346984 0
1883 28.33317364205651 89.89021370634121 0
1884 27.83530426024409 89.93550919304893 0
1885 16.80413265382058 89.79814342513269 0
1886 23.03371603113709 89.57498769274468 0
1887 56.19690852220086 88.34800123621797 0
1888 28.67963018063826 89.69224867378983 0
1889 7.043890430069816 89.83255759106305 0
1890 23.56968261001375 89.44479781240969 0
1891 8.701746549102296 89.94663980947489 0
1892 2.03630807145381 89.92984290165633 0
1893 2.629567528600937 89.10070312204429 0
1894 7.647032008599465 89.94411827768289 0
1895 5.903311555632858 89.90770778620492 0
1896 1.801689888584525 89.46747423862098 0
1897 6.537507098157792 89.48468826742703 0
1898 25.4396021071457 88.74523755825845 0
1899 11.79470229439238 89.40526457162093 0
1900 31.028219498729 89.74238747195157 0
1901 8.132800999263294 89.88793534654582 0
1902 5.32448720181204 89.84477415169057 0
1903 28.76262197570004 89.50248595252815 0
1904 31.502224987215 89.82219171952752 0
1905 18.25229590340264 89.91450087813182 0
1906 27.38709438778728 89.94262890598336 0
1907 22.54687060204851 89.80808471687762 0
1908 25.70856090517571 89.93186702538253 0
1909 27.41285023241987 89.85237962473151 0
1910 15.08788546186498 89.91870211096659 0
1911 6.004093944761066 89.83986119793735 0
1912 6.969828324378311 89.93284388173144 0
1913 25.79412310792951 89.89661539646328 0
1914 4.657055998374305 89.91829248440665 0
1915 4.913039382968562 89.75807582163345 0
1916 23.05266519912527 89.79677524220394 0
1917 2.153327905530774 89.90728670874331 0
1918 24.52073416690342 89.91177497085803 0
1919 16.28964620806012 88.89067081571744 0
1920 27.24320230110744 89.940083542818 0
1921 6.780822639350603 89.63671198920117 0
1922 14.34025602277093 89.84652956651652 0
1923 2.559793998970919 88.22423241724296 0
1924 17.00364752777716 89.83985006768484 0
1925 25.87402772040343 89.7675380548601 0
1926 7.380671957387286 89.9409583453989 0
1927 11.32807770553963 89.92694903122457 0
1928 17.67541841036544 89.9595389638924 0
1929 5.19818993956446 89.82837318862651 0
1930 18.36655471506605 89.85515565327653 0
1931 23.550963355692 89.90035486840857 0
1932 7.309289437329508 89.93146598254576 0
1933 28.44708422491349 89.92049046063202 0
1934 16.70263237376962 89.52933025859168 0
1935 25.51845071442015 89.93315964406921 0
1936 1.467221038512322 89.88173425830327 0
1937 2.75770066267398 89.93229083892811 0
1938 16.01793529954831 89.79197737664499 0
1939 23.1119789234056 89.89919346576362 0
1940 5.539265045577531 89.93849787621839 0
1941 7.756387261000014 89.09019067627179 0
1942 19.63411833256379 89.94106073197642 0
1943 5.44509273339742 89.88815944908227 0
1944 24.23745434253483 89.78064813387529 0
1945 23.00679867106344 89.92047110177226 0
1946 30.82219095655897 89.26530347595758 0
1947 24.40798195311455 89.8135799128324 0
1948 28.03385727577247 89.82951798533361 0
1949 3.266944245829623 89.83620740421003 0
1950 12.30633571893898 89.70053321465925 0
1951 19.91118906643231 89.12559218568781 0
1952 21.09095082201258 89.58337842957454 0
1953 14.22353476403072 89.77946630648189 0
1954 4.061244236441124 89.84067432558544 0
1955 21.52542941480655 89.78203818527052 0
1956 17.00563201891221 89.95118811682987 0
1957 25.60663649436409 89.9263405013054 0
1958 2.033492420708831 88.93359227635843 0
1959 9.983742637852803 89.94891368680685 0
1960 2.258438236426125 89.78181589935095 0
1961 5.27320009248085 89.63250560337498 0
1962 31.29222993577344 89.78997169571365 0
1963 8.043084060293323 89.93130843476814 0
1964 4.691803661457326 89.83860242685964 0
1965 16.4063897785777 89.94369770442995 0
1966 4.930256992387509 89.91650395373657 0
1967 4.382145471952746 89.80893581906211 0
1968 6.879128144939431 89.81408256205067 0
1969 6.256577035147697 89.80610416402764 0
1970 27.10167036695102 89.94099219144066 0
1971 10.34243675824129 89.92757943353429 0
1972 14.15228326379652 89.4396189340454 0
1973 3.364161653189947 89.94181267944734 0
1974 28.94621043295075 89.92873593959712 0
1975 5.149131368487915 89.94760959063996 0
1976 7.162322612667002 89.80574223810042 0
1977 22.29303064301925 89.93737255448382 0
1978 16.60431632086919 89.92035546296101 0
1979 12.4361584764607 89.94660722417183 0
1980 51.86155217471086 88.33274456626485 0
1981 4.090987117674891 89.93609627229222 0
1982 53.74136346724566 88.21580045193211 0
1983 20.88654928519711 89.7026690738694 0
1984 4.755201763535271 89.92699355050202 0
1985 21.71974180098525 89.81403684122822 0
1986 23.66016931930827 89.78820963070525 0
1987 25.04430494765991 89.75598590849546 0
1988 3.947219129697963 89.6644692198288 0
1989 17.84943415990381 89.93792552013853 0
1990 10.4182888829808 89.81578863212631 0
1991 20.20242005915038 89.45405021402401 0
1992 21.37709458038924 89.62091010715497 0
1993 21.21792764964885 89.77432619800122 0
1994 21.92498536682245 89.81753169310331 0
1995 5.063772251446196 89.68934834956144 0
1996 21.03654329266704 89.94955407081302 0
1997 3.480536100618099 89.93619392558537 0
1998 19.54937712043246 89.92746840993868 0
1999 10.1391437511995 89.58236728253416 0
2000 5.671434448800452 86.91223124106412 0
2001 15.76646630699986 89.92247284904819 0
2002 6.01298704187914 89.94967685470426 0
2003 7.662068037102814 89.82539826596863 0
2004 13.86845677961532 89.7709044298295 0
2005 1.800849733461934 89.96447335708135 0
2006 20.39316859242065 88.93988946598172 0
2007 22.22152825501624 89.92714336276342 0
2008 12.24271949213095 88.40288677502694 0
2009 19.65197178043307 88.4948124740497 0
2010 28.73700201192834 89.9410567849249 0
2011 24.81494499562344 89.91101235785662 0
2012 21.58075456306691 89.35320517782729 0
2013 13.18756595817872 89.29691213019497 0
2014 9.895674801881444 89.91505135422007 0
2015 12.74609390886074 89.66302129937829 0
2016 17.01710428178159 89.60797596952229 0
2017 7.961941614660179 88.00868820460573 0
2018 20.53006262342113 89.7344162816796 0
2019 11.29763319268336 89.8195570466081 0
2020 21.45226929889114 89.91924508146204 0
2021 10.57333652642947 89.79335133921667 0
2022 25.1475492309986 89.94103901213265 0
2023 19.72085334111859 89.93362109270434 0
2024 4.801579577426287 89.84032448622305 0
2025 22.29195667094584 89.09582904722411 0
2026 1.258875855942101 88.18592852290944 0
2027 17.94272817626242 88.99865818951477 0
2028 16.72427740442417 89.26141850402132 0
2029 17.09329757103333 89.92137949988631 0
2030 15.68308748120367 89.94812646920833 0
2031 19.88271826499438 89.77735977639971 0
2032 5.706277642642745 89.75703168431544 0
2033 9.361058419813073 89.93874741699327 0
2034 23.2151690375261 89.90687112147326 0
2035 10.47026677448785 89.92480187442989 0
2036 23.30474110788862 89.95405381264543 0
2037 21.67193249259174 89.93568266116279 0
2038 23.70892091839769 89.92137123465578 0
2039 9.274778166005152 89.92698870265274 0
2040 4.568304436439848 89.94449811896679 0
2041 21.9777297921413 89.36521531687987 0
2042 4.417087346814627 89.55897246780003 0
2043 21.7595443627797 89.94312487810139 0
2044 10.44488572315121 89.65110933768401 0
2045 21.81807071289393 89.61471263660854 0
2046 18.14158560981395 89.92143102525877 0
2047 4.186667024174872 89.73254462710121 0
2048 12.91098933960233 88.84804325398761 0
2049 9.177974757841479 89.9249264425161 0
2050 16.06982582674916 89.91986096035667 0
2051 14.51427226815012 89.84397500900684 0
2052 28.8357955146486 89.93714538465363 0
2053 3.008060203756086 89.93118519929673 0
2054 25.17611353974016 89.82781451275048 0
2055 13.7748377103261 89.84537110927288 0
2056 3.445617747548094 89.82916315039522 0
2057 21.15244979307085 89.91948681544783 0
2058 19.88453324713167 89.51048845483562 0
2059 11.71483294889372 89.94537602107764 0
2060 28.33362066772381 88.49154252590579 0
2061 3.179241150904776 89.92336784146634 0
2062 13.5142945135333 89.92004523819696 0
2063 12.87998754361075 89.92362024502934 0
2064 20.50261202299632 89.91230289419798 0
2065 22.42581639922132 89.75653903400705 0
2066 25.52197134049669 89.83965666470944 0
2067 25.24560370491482 89.92866875253142 0
2068 13.52222467441312 89.49527002294751 0
2069 11.24135471084154 89.91874541260906 0
2070 12.39542334980142 89.84694052204803 0
2071 20.91511146580605 89.90211937550528 0
2072 28.24227493818187 89.01837121312022 0
2073 29.19624301432675 89.92447387778024 0
2074 23.38636328926439 89.94021584313747 0
2075 4.721041164715877 89.66323095983692 0
2076 29.18628198473419 89.81464102743649 0
2077 19.97144187533535 89.93531751755339 0
2078 12.80149977409774 89.29923705777341 0
2079 12.47056587945629 89.51058533816179 0
2080 25.0604559545509 89.88926656186545 0
2081 24.62741002964011 89.89957722080305 0
2082 8.909415096069083 89.76072452662198 0
2083 16.51224542904826 89.9197837311132 0
2084 17.39438654667874 89.92162317582132 0
2085 2.384986818335354 89.90980248496557 0
2086 26.18432263795953 89.91666332958607 0
2087 5.89119821739243 89.8045823265786 0
2088 21.6109163633971 89.8908333062052 0
2089 48.18679994711166 88.78829368318092 0
2090 24.76162457080409 89.15794292643125 0
2091 19.03147917833177 89.42956987382698 0
2092 16.76519799643042 89.94651950333979 0
2093 32.02019536932055 89.59704878511329 0
2094 37.01793752259854 89.50046345017702 0
2095 12.67970387667145 89.80511067188471 0
2096 12.53413350150597 89.7567317081208 0
2097 17.20071090300982 89.94934581652724 0
2098 12.13022397321368 89.57712712883891 0
2099 15.94035120247242 89.91239233288407 0
2100 1.618506925311559 89.92544799941845 0
2101 14.19859489162497 89.91393424785686 0
2102 0.7032202503178349 89.95224802941389 0
2103 17.3541319553349 85.95708514751473 0
2104 4.377292951722194 88.68631510156267 0
2105 14.09050856180495 86.2399784898944 0
2106 15.72545760104275 89.59217382422827 0
2107 24.64368228261 89.51308160970575 0
2108 15.83716797988888 89.79158846068869 0
2109 17.28598296125136 89.60866687561661 0
2110 17.0818641512846 89.22842151637836 0
2111 26.62303243944521 89.45803575693985 0
2112 17.92722469695959 89.69579346378566 0
2113 12.80329456525488 89.94613333090042 0
2114 24.54686036999053 89.76818485712623 0
2115 4.377984317529572 85.71095092000803 0
2116 9.207413976127166 89.80653031874682 0
2117 20.20425451435901 89.7735307642308 0
2118 18.01304080917683 89.85723525199856 0
2119 9.013089922164017 89.47275259237277 0
2120 21.53896550038696 89.91842331458756 0
2121 14.36440235215361 88.4766412497372 0
2122 3.903773252968588 87.75788930606056 0
2123 29.89975118879508 89.20569079734344 0
2124 24.29568403910414 89.01558802383242 0
2125 18.75757893095598 89.3148666373432 0
2126 19.4664046753706 89.83376762212497 0
2127 24.85513669970602 89.7401850063211 0
2128 25.06097519626065 89.11629719799107 0
2129 19.4953883620925 89.65953603145144 0
2130 27.50675438857824 88.28747993945051 0
2131 22.01669193150726 89.91256210409615 0
2132 21.58733572219253 89.63185495468304 0
2133 15.84673809633398 89.9269247437975 0
2134 25.2156291914194 89.65432200628042 0
2135 26.72091630152963 89.75196476126554 0
2136 14.10578050252796 89.88603945068593 0
2137 14.44364223640939 89.92791795601501 0
2138 7.483599785912904 86.21879277857272 0
2139 18.17526704885352 88.3311131557042 0
2140 12.52607846581989 89.90905662623236 0
2141 0.7666728412662852 89.91212051413375 0
2142 12.62130899936557 89.9493470437435 0
2143 11.62992798236154 89.89112315319493 0
2144 29.43601836867384 89.83200275127311 0
2145 12.26103266673919 89.12157752753917 0
2146 13.69329747243642 89.70479185199025 0
2147 26.19411937644626 89.76024046232752 0
2148 32.87772286366579 88.17581616278039 0
2149 7.52624404907203 89.81246519021352 0
2150 17.52669581876591 89.67974521818019 0
2151 16.56903497523367 88.22567938521223 0
2152 20.04920637342948 89.87565031786077 0
2153 6.404269731122262 89.82587138727411 0
2154 10.78313703949869 86.43466056752159 0
2155 13.49478144677953 87.92183974501881 0
2156 1.809331042457854 89.78217724771382 0
2157 24.69888982998267 89.80379916819008 0
2158 17.46879370413255 89.33916591804113 0
2159 3.80908768750957 89.93009745348687 0
2160 14.44553237729801 89.65990735620831 0
2161 9.772076937860453 89.6938378578069 0
2162 25.51861398616349 89.3296095393995 0
2163 23.17605537642864 88.05894053327432 0
2164 2.220694515628966 86.3489350193917 0
2165 18.04241966105877 89.45316691075041 0
2166 19.18852098444179 89.82268594736563 0
2167 19.00818885995016 89.93065642842525 0
2168 30.58276560804137 88.72439388472499 0
2169 25.97060034750513 89.94673264673406 0
2170 19.32557645393004 89.92642994232934 0
2171 17.85947006052939 89.82635115205487 0
2172 3.710059909499235 89.91410208459554 0
2173 18.05509654043446 89.94323973540956 0
2174 6.720112460557902 89.82228285710978 0
2175 19.22047770214337 89.92673791121216 0
2176 1.076110604507407 89.9105525641841 0
2177 25.71514680848394 86.3257807064506 0
2178 17.93372005847798 89.9265073873304 0
2179 18.52327581307566 88.97955814250115 0
2180 19.32587048513953 89.81950442096183 0
2181 17.73307442406498 89.91302511719925 0
2182 18.19180670592753 89.71417401497135 0
2183 9.094935843741055 89.70800470218056 0
2184 26.36204392266139 89.15046765456572 0
2185 18.83082279082013 89.93343607338075 0
2186 25.30171898810272 89.82297428223291 0
2187 19.41767739441642 89.92959577076498 0
2188 9.457911323718234 89.91786155660368 0
2189 17.37111568456419 89.81820496413813 0
2190 25.23955009925846 89.45794940639396 0
2191 22.56392062402849 88.39339707987726 0
2192 17.37264383964393 88.65153857757441 0
2193 18.93269127848586 89.94461103504756 0
2194 22.27249389840106 89.81350596985764 0
2195 6.526994143227451 89.91538853592728 0
2196 21.14088491442877 89.21220668037014 0
2197 26.4501146622587 89.93868947128782 0
2198 17.48501907334897 89.90060615148604 0
2199 12.36354455383474 86.9628523613232 0
2200 17.30357862210852 89.93137586001447 0
2201 9.660669323214078 89.77728243167704 0
2202 8.756539123108698 89.89578555072912 0
2203 25.41067607913059 89.67572423172271 0
2204 9.387585202577698 89.80032136361497 0
2205 12.94355626377382 89.92611032849349 0
2206 29.65642317170676 88.3872846885032 0
2207 22.31286607475947 89.53047958299184 0
2208 17.38883109885813 87.53579714528563 0
2209 11.53632594581522 89.93356584787011 0
2210 9.269698930381201 89.58979138333022 0
2211 16.14912676028942 89.47047025599076 0
2212 14.52162193578443 89.93861397556725 0
2213 17.73521025701355 89.73977246508336 0
2214 12.92398788632694 89.80332716868692 0
2215 32.70255713637961 89.70930221675798 0
2216 4.050637675537557 89.44489928604473 0
2217 10.20404922172441 88.89207083802924 0
2218 14.71061777463816 88.9228318374988 0
2219 13.7079562173693 89.94130597861033 0
2220 20.32796132175849 87.83462095767443 0
2221 26.79308615035056 89.9195098727924 0
2222 15.41929401603303 89.11191086262173 0
2223 18.56777453936724 89.56420854805586 0
2224 25.87007218037549 89.50660578221975 0
2225 14.29073021339428 89.03667206489781 0
2226 19.70465571633138 89.6607705648555 0
2227 18.34838661471497 89.38618896813725 0
2228 36.31900415705496 89.36952831983335 0
2229 5.555630245624061 89.62033235492704 0
2230 17.76670562193546 89.48949037418738 0
2231 4.718386553513905 89.1909260953249 0
2232 73.24471462239133 87.03127991603991 0
2233 3.594214509712465 89.88580781535187 0
2234 19.26819612277241 89.616058583921 0
2235 7.466112786221118 89.92518667125925 0
2236 2.581967476245589 89.89392226459745 0
2237 24.94524087132175 89.89284057940586 0
2238 0.5136499025701864 89.89351473813568 0
2239 0.49115569347597 89.02323382930585 0
2240 1.323613931385991 89.92668681609435 0
2241 25.89706468303182 89.91179112106221 0
2242 9.543179048685911 89.92861355028529 0
2243 22.11325901824071 89.88483828947562 0
2244 24.83402839578393 88.59715490364989 0
2245 26.83607187206941 88.97842803921128 0
2246 26.38772982964385 89.55234168663883 0
2247 21.38657145033199 89.0728018466438 0
2248 22.48222277921109 86.76752369864731 0
2249 5.914227140583811 88.7301463286891 0
2250 20.5983181634365 86.09453236323704 0
2251 9.532194060577515 89.82919199170118 0
2252 1.304814222207012 89.77970530511031 0
2253 2.664960184246909 89.92489259299614 0
2254 4.275407892660153 89.21090071418732 0
2255 1.424754499178281 89.54950276493847 0
2256 0.7309809853452277 89.64452436447355 0
2257 30.16595271313751 85.80507283812106 0
2258 26.54140084488749 89.69332253619041 0
2259 13.20670720510833 89.88610190281956 0
2260 10.01171128121788 89.36601983926046 0
2261 12.79097247874883 89.84297067582499 0
2262 25.0021641430021 89.95343422130229 0
2263 18.76734408774684 89.62460860217739 0
2264 22.54339131501776 89.4106823696454 0
2265 26.29863225368328 88.17809615536081 0
2266 17.61796552355968 89.88466970226304 0
2267 1.528621155234978 89.072627855517 0
2268 5.470914843540661 89.1840505819256 0
2269 10.81703562795457 88.66556543857978 0
2270 7.346989424398441 89.79538627573424 0
2271 5.128241841175113 88.50030719710105 0
2272 22.04436530865794 89.83312412864473 0
2273 13.01248699516028 89.90649413399372 0
2274 6.585235145753654 89.96455715394133 0
2275 1.20171245585018 89.89868133315257 0
2276 9.538281312427785 89.60569619703189 0
2277 6.453908462862702 89.01995016910989 0
2278 4.900721011046819 89.57018616559382 0
2279 18.89673352767955 87.11878733870452 0
2280 24.7163696124533 89.94026175107929 0
2281 1.732564833007684 89.91668829904013 0
2282 28.20763098303803 89.73535255572172 0
2283 2.500392172540087 89.92483082971468 0
2284 6.35191687475075 89.65124238337911 0
2285 0.9240991189943187 89.89073855898505 0
2286 21.03632170455764 88.70038300183037 0
2287 25.94633701767928 89.0712077158144 0
2288 16.81250187604812 88.85295700718345 0
2289 8.843562335082865 89.91044261312754 0
2290 0.310550954420016 89.68928809136584 0
2291 15.97388047924503 89.57247843416762 0
2292 18.0027762912362 89.94539647494771 0
2293 23.62262524544013 88.77330449030215 0
2294 8.767724247154945 89.79708191398237 0
2295 2.701392681474487 89.78899000177621 0
2296 7.44440201654952 89.48005383765788 0
2297 26.40042514011104 89.81259582097994 0
2298 25.42174651507715 89.90001325470021 0
2299 7.212457246564529 89.91589955194944 0
2300 32.37041944565238 89.79293685172793 0
2301 6.757282936175931 89.93206946488571 0
2302 19.15106592375722 89.96768441893622 0
2303 3.850101045544079 88.99788206809502 0
2304 26.94665986090779 89.53529401884136 0
2305 18.93985844826229 89.78970022324002 0
2306 0.6637201554473563 89.89733264606372 0
2307 12.61479838702622 89.86737147781032 0
2308 9.071008300373052 89.89111319118091 0
2309 28.88102738512471 89.75283526052922 0
2310 22.0644405654034 89.69556037871681 0
2311 9.441218804808841 89.30625441152232 0
2312 26.56570080280261 89.89044489728511 0
2313 15.84858666157254 89.23309178241263 0
2314 6.574543496580739 89.75708593620867 0
2315 24.15738403974826 87.64882260525687 0
2316 28.81319128704166 87.21484739856153 0
2317 19.09495109074938 89.90084551920522 0
2318 21.3152512660459 89.36850044831415 0
2319 20.83714995249176 89.35525361599181 0
2320 11.62555534089773 89.67753775134193 0
2321 15.45617321760009 88.4840570209696 0
2322 13.98700261461914 89.89900440745319 0
2323 3.752207771110342 89.754605154139 0
2324 11.41901200579867 89.89904097970523 0
2325 22.55530635295613 89.65182355808061 0
2326 26.69331059588612 89.92698658855717 0
2327 19.67432492660179 89.48133629338523 0
2328 19.45538508808526 89.24764309842034 0
2329 29.09639189315262 89.69791091694205 0
2330 22.78188951359456 89.14396207841774 0
2331 26.08953678842612 89.92310271860497 0
2332 6.07542832473054 89.67578009030656 0
2333 3.725025230110798 89.48717082413482 0
2334 6.121578871682368 89.89984874333345 0
2335 25.28895872096902 87.89901838579533 0
2336 2.880626335610586 89.8894837804275 0
2337 26.27356579043317 89.90139753511399 0
2338 18.92738448105926 88.70233581722144 0
2339 1.641516201387824 89.75426543916728 0
2340 6.635820189799728 89.91305484972467 0
2341 13.71937736166108 89.00484859068725 0
2342 23.81197276686303 89.87613080497336 0
2343 29.35942270445476 89.61734818183544 0
2344 0.2527866427790024 89.91903433246659 0
2345 13.10336521456557 89.9322555691225 0
2346 18.73864460785801 89.9394651054203 0
2347 14.67239671550555 87.60939204678229 0
2348 29.57624350128079 89.38684544612832 0
2349 9.614090027373717 88.80166888867636 0
2350 7.258832975978811 89.63542011876382 0
2351 2.854743128671513 89.68883875374652 0
2352 32.52963718714372 89.45127010849632 0
2353 1.084359022391592 89.6738955010704 0
2354 19.10460119183032 89.71177204826752 0
2355 3.235324224917728 88.92382833335118 0
2356 9.059424634023737 88.99180707087628 0
2357 1.086425424831611 89.19125554195995 0
2358 26.36991129892023 89.93053656547634 0
2359 10.33963727259513 89.40450320454076 0
2360 26.00461561938134 89.8339672563455 0
2361 28.24331289998487 89.92228336433722 0
2362 7.468392790716747 89.67533552727693 0
2363 25.3285698281365 89.92859121486745 0
2364 9.802504590524498 89.16151171190137 0
2365 11.41933045196895 89.7091471446703 0
2366 9.955752293416566 89.61445999030043 0
2367 10.6129891609975 89.14190236980835 0
2368 23.84437338623155 85.7532613559365 0
2369 11.52603034536842 89.82208297535649 0
2370 7.230448225964544 89.33863263044549 0
2371 31.70777165770449 89.11548572335684 0
2372 6.268483863479473 89.43713938312753 0
2373 29.41070400191034 89.94011096974435 0
2374 5.833620948706248 88.03419336835839 0
2375 126.8311475899301 70.98916204514923 0
2376 112.5977174970789 71.98100562210725 0
2377 104.5096455295589 74.96929444861293 0
2378 98.66338976477405 76.99705680772173 0
2379 104.3532381696025 68.4563411529375 0
2380 89.02476040080107 75.59677678936607 0
2381 88.07721142959406 73.70167249812107 0
2382 85.88210605410777 65.06381688890261 0
2383 11.08927865595924 92.0524463983037 0
2384 82.03214574035349 65.37902521934311 0
2385 3.182034787372409 90.55790337450691 0
2386 4.74366930182203 93.66932131779696 0
2387 3.400422007783179 93.70876984008906 0
2388 2.374889873289064 90.45234865480862 0
2389 19.20729905042848 112.1365232615901 0
2390 30.58665868792317 103.2940753340845 0
2391 1.504922819681833 91.25144179895804 0
2392 1.514600669088764 90.43824699062985 0
2393 1.091459214639138 90.72021056290713 0
2394 0.9957757539380621 91.10302163632095 0
2395 0.4557769932574591 90.76337452910833 0
2396 0.6367233621193662 90.59671774912393 0
2397 0.550288399960784 90.17395111776133 0
2398 0.2396815426157649 90.37947723593309 0
2399 78.58573405739277 63.77095061347572 0
2400 0.2011640346727013 90.24807358779256 0
2401 170.039545777463 35.93502382279898 0
2402 126.3264461264062 66.19529991567565 0
2403 123.1275999367261 63.7338436267259 0
2404 121.6971920153193 63.79239858315301 0
2405 118.0243802125408 65.22424739778022 0
2406 106.8808037097688 87.75170161632836 0
2407 116.4491515439507 64.36835645995716 0
2408 113.422861886297 64.28890299379206 0
2409 95.89621657122835 89.29692436039254 0
2410 108.5109681100581 67.51877187141351 0
2411 20.64543858903307 92.33415567817084 0
2412 120.6292422736933 69.39616652693199 0
2413 96.33203716926532 65.89839365553833 0
2414 22.96268187200555 90.92158164067013 0
2415 79.80630691753863 83.97067615404993 0
2416 12.08442128572873 94.1178097114941 0
2417 130.3230938117113 82.85324645027565 0
2418 9.719298773300224 92.01703407447523 0
2419 13.0091777439577 91.82462969097141 0
2420 16.96161312711241 90.79689060840083 0
2421 12.84999702573082 90.57279362770412 0
2422 89.98264908658462 65.82435301365931 0
2423 7.572601413154516 91.49996814669805 0
2424 9.590194893932676 90.38933830095966 0
2425 7.153427305424238 91.29146842630068 0
2426 13.92957115188536 95.04400044386996 0
2427 11.90636845256763 92.35206945507468 0
2428 9.377664826867404 90.44379907257178 0
2429 5.299389727112295 91.88379763029455 0
2430 9.444784495153058 91.01581309083967 0
2431 7.028163675056393 90.44482588943244 0
2432 108.0739970402705 62.55124214445576 0
2433 5.135052388565164 90.30872389788708 0
2434 3.82841947523416 90.17573334739696 0
2435 6.814503804750744 90.44909254308783 0
2436 6.605394857499668 91.0191483581665 0
2437 94.53834119433756 72.69814801503821 0
2438 80.47836956730681 80.71158880274383 0
2439 2.977560820101343 90.40281756711664 0
2440 2.789073580889605 90.42482714550772 0
2441 38.50475300093714 93.86984125626473 0
2442 8.901314431841422 90.55379176466485 0
2443 3.663878911750315 90.50437933535886 0
2444 1.738600671493504 90.49376841370857 0
2445 2.757449002358651 90.1571584470356 0
2446 81.58774891148074 77.94570246236397 0
2447 3.714001740624747 90.14255843567962 0
2448 107.4950668292856 114.1633515912773 0
2449 3.511083582545772 90.36177137983744 0
2450 4.620288896568909 90.31657873745819 0
2451 93.53626147433575 77.87353325460839 0
2452 1.968180688213861 90.15650795996005 0
2453 3.197309097363622 91.56147833563405 0
2454 2.387083280050876 90.16323860822565 0
2455 1.866847799348297 90.10278471195295 0
2456 135.4779720431056 73.61234938615921 0
2457 50.65675058911587 94.74295000492995 0
2458 1.624861265022552 90.19051289809948 0
2459 82.39988868835705 63.50133046049447 0
2460 77.03143736288652 69.27335405311727 0
2461 1.530106275318623 90.13536601072163 0
2462 1.771482752513343 90.13209979604828 0
2463 1.145770977219222 90.12897162001802 0
2464 88.52623277468793 69.08761326977029 0
2465 1.337265288928779 90.13149598930082 0
2466 86.21871693137489 61.66281690922475 0
2467 90.8252840455727 61.62864578725987 0
2468 1.592947663632833 90.75731684120767 0
2469 78.20471757667379 65.60692330196265 0
2470 6.665151421433579 113.3827213124208 0
2471 99.66518057382946 71.72011633850573 0
2472 15.2620340488812 145.9231976935697 0
2473 84.07563922552443 68.91991574887355 0
2474 1.299363856099847 90.88706572093137 0
2475 0.5858778734666465 90.36417095715991 0
2476 84.33719819397902 66.65746954504877 0
2477 173.5020255887766 17.71939765912429 0
2478 59.34759120062837 91.97296404821661 0
2479 36.31281303156914 108.7619888003818 0
2480 162.0333900868771 26.60099349623565 0
2481 0.4715547801961142 91.01534767198075 0
2482 0.7551474467811228 90.27856901172358 0
2483 150.9583302287001 190.8942148265107 0
2484 184.0448371431829 163.9899164545754 0
2485 0.8866318111117142 90.54736332167083 0
2486 0.07261185479128876 90.08280807661811 0
2487 0.753003210345776 90.42330304565704 0
2488 30.51778178384181 134.2682235896483 0
2489 0.2377766025664208 90.12826845985562 0
2490 0.4335902399931691 90.1439637378283 0
2491 1.068860780260083 90.21735781287414 0
2492 76.84526969313917 64.83590206015195 0
2493 0.5028488893847172 90.07634953421648 0
2494 3.31680229284868 91.0623337338634 0
2495 1.359531780849611 90.30747629597327 0
2496 0.4280913013552607 90.50255355952312 0
2497 167.3798384509976 245.7897503683285 0
2498 0.3455980144059464 90.08087259367437 0
2499 27.01389679531373 110.2074351091925 0
2500 226.7467406749967 149.6627428253729 0
2501 95.51506184343658 185.7372624025376 0
2502 13.79326804964005 117.3720362075996 0
2503 80.00465490015138 64.7517609893515 0
2504 0.9100023550484282 90.31094912154995 0
2505 0.7807953573594302 90.81047485776982 0
2506 0.1593407669260097 90.07634364137527 0
2507 25.82819808781312 92.97558158173349 0
2508 19.05822163998548 92.41735493009173 0
2509 27.09266098400197 93.26633184754759 0
2510 28.03187434443103 91.98090763303865 0
2511 19.77987523367427 92.109341058776 0
2512 20.84773650950973 91.46354306368472 0
2513 28.34109699849847 90.6387729056586 0
2514 15.94066569615354 91.16335341683812 0
2515 20.18659516090383 91.61335021492535 0
2516 14.51383811345197 91.92096176956692 0
2517 21.18598602809064 90.75206866086171 0
2518 13.79656764823925 92.10432585877102 0
2519 24.00202479838164 92.22990134436293 0
2520 26.01533460963863 90.49637227564452 0
2521 20.96434356594919 90.38250534365427 0
2522 17.221739796965 92.27401386643719 0
2523 21.46021678945647 90.60441769346485 0
2524 19.99708704706875 90.24204904896823 0
2525 26.68114739366571 90.67803839356702 0
2526 14.05552576403468 91.44725780277717 0
2527 20.49005737766883 91.07432960979231 0
2528 19.70255490870485 91.36923333643678 0
2529 24.57689510819491 90.92859217768938 0
2530 24.74040901188573 90.27432212008158 0
2531 11.2572295741938 91.34141210845964 0
2532 10.09780481736777 91.52756184001507 0
2533 25.89352570964205 91.27703332886487 0
2534 10.71423774403006 91.57219037145255 0
2535 25.5745087522511 90.68261577132354 0
2536 10.89319740261783 90.96992965468368 0
2537 23.05580044436088 91.41726920030135 0
2538 19.67658080018298 90.48745564770422 0
2539 14.91794868149651 90.51462132089955 0
2540 13.39156980557307 90.97094206099707 0
2541 12.35186095246704 91.80039817484611 0
2542 16.8361300236635 91.58681428181993 0
2543 12.11792646267023 91.24376848422816 0
2544 17.91397569700354 90.5061225134065 0
2545 7.557410747409235 91.00657392846043 0
2546 6.040618348363871 90.2398132347269 0
2547 7.266557216524295 90.90733445921154 0
2548 11.15453369969643 90.38191090750374 0
2549 10.640092141601 90.69149446325696 0
2550 6.972206452977051 91.00419812878859 0
2551 10.34838104055958 90.61022267875451 0
2552 16.37746803492545 90.78175728780376 0
2553 8.12824890194365 90.37268016599074 0
2554 6.001307026825952 90.67798402654763 0
2555 11.06492012864127 90.2361649165053 0
2556 29.94906738507373 94.0341019507287 0
2557 29.7367285430852 90.94845413729911 0
2558 103.1339324684899 64.10711068869384 0
2559 16.63630546658492 90.51580050363872 0
2560 23.11509979541908 90.26848910396274 0
2561 8.153541859429 90.75522934659425 0
2562 5.79747886287302 90.27285208841091 0
2563 17.37300188016168 90.55316884075678 0
2564 8.438884756793881 90.27341197304698 0
2565 7.996487341473757 90.16728455051835 0
2566 81.34090487729718 85.99019042467641 0
2567 106.1960690910133 65.08253010912235 0
2568 13.05851366170702 90.14696042024768 0
2569 115.3217185446164 67.02842392286068 0
2570 30.66783882318201 90.30668670006763 0
2571 30.76777628901917 92.82084773345483 0
2572 92.18091005238003 68.69461241748942 0
2573 29.6770218342577 90.42266570202503 0
2574 118.3266342541854 70.73308372598457 0
2575 5.539963523428906 90.18376887187004 0
2576 86.83913274104313 90.75944830383776 0
2577 30.69342746695495 91.14693846624471 0
2578 33.43948330885361 91.4806673593009 0
2579 100.096764288077 66.73400608494899 0
2580 90.51670366611638 69.88821448601354 0
2581 5.283835246483162 90.37673078702898 0
2582 121.2721276514569 61.56665002310277 0
2583 15.99084978867928 92.35641161530545 0
2584 12.66322134036621 90.1999921650078 0
2585 111.6902466336055 67.7040238958198 0
2586 6.465804317560427 90.28456797286952 0
2587 11.69259806008607 91.23559245622323 0
2588 110.6105359056569 63.30802662501816 0
2589 127.6011142309968 62.09569070579405 0
2590 16.16381038178719 91.73139760829402 0
2591 128.3019301659359 67.95280853635533 0
2592 90.57805708316725 74.27390255313179 0
2593 5.286630749488437 90.12664077876853 0
2594 9.11565080062379 91.18901899630991 0
2595 9.039336845511439 90.16113822876514 0
2596 117.1691890206541 77.90957786282266 0
2597 94.44062136960615 62.31483498364975 0
2598 110.0493617883042 66.7328506186157 0
2599 107.5312645537674 70.68787892271172 0
2600 9.727935228116971 90.11939342204806 0
2601 98.0182598895469 69.95997756889339 0
2602 118.8683938044745 62.93962654006491 0
2603 93.26514100052657 63.19629231246718 0
2604 92.58401716798103 66.78394000055219 0
2605 4.353290900382893 90.18975710822967 0
2606 9.488808597212195 90.1876249979603 0
2607 9.39024594984374 90.15964096652179 0
2608 83.17549580970106 82.9493562872162 0
2609 106.9613378679481 72.74179429439091 0
2610 124.2503678870399 73.66715743223017 0
2611 5.127656945150602 90.16837505519914 0
2612 2.0708488731729 90.16106143610243 0
2613 8.424811560310248 90.88323672028895 0
2614 125.3997272993703 61.29294133465388 0
2615 92.70596178573538 74.82528824336508 0
2616 95.37624703042367 81.02244415410279 0
2617 97.90685264300527 84.18738545003261 0
2618 105.7941403325764 62.03579066591944 0
2619 122.7019352188567 61.2518043640399 0
2620 114.7596142243681 84.38459822656989 0
2621 87.18682703094845 76.17302410417257 0
2622 101.8388091163821 77.54316071100536 0
2623 103.2194549281819 82.61560714332093 0
2624 88.05889629971473 61.47919719109284 0
2625 112.8395324967499 61.82887795069036 0
2626 6.603696692504657 90.65726138179458 0
2627 38.706913854434 91.41337599679913 0
2628 4.058611322178823 90.1150628987311 0
2629 123.5686004500542 69.7139536031775 0
2630 106.7375482388796 68.59757029097644 0
2631 3.145260797667817 90.31964110395596 0
2632 134.0044922254888 61.55886209729789 0
2633 85.89040838432712 81.1087117592988 0
2634 79.1808440462823 78.59603009962321 0
2635 8.797477752146014 90.89370247344623 0
2636 83.99620583097769 73.11767917622583 0
2637 4.156752013640816 90.0786202705134 0
2638 106.5929448120382 78.72436577202539 0
2639 7.091434420653992 90.2637422766977 0
2640 4.236459028302284 90.51565307055873 0
2641 2.108379992892823 90.06428142759636 0
2642 101.5271202518178 70.51607272127552 0
2643 2.600139454636299 90.52756097552496 0
2644 110.022168728712 68.93326134088856 0
2645 99.56650381184345 74.49675925805074 0
2646 135.6792459238816 78.46440861886208 0
2647 130.9855996190128 61.58809071437669 0
2648 3.787751425979437 90.06699961623788 0
2649 92.95080965491691 83.91526518486334 0
2650 134.2956463783076 106.2920645623937 0
2651 89.10158132130266 78.20453241617865 0
2652 129.2128523129706 75.42162123396109 0
2653 2.598356957612506 90.06923769180707 0
2654 120.3483593956188 121.7277039789573 0
2655 134.073771026627 64.18528450315038 0
2656 122.6311700476003 65.43163853377298 0
2657 8.568541879069032 94.49840254904184 0
2658 84.14726986875276 62.64299779693187 0
2659 102.2740902985999 72.75476665733215 0
2660 88.14762482271904 71.29895205072221 0
2661 77.21029320172144 74.30733419561581 0
2662 49.04273883946288 91.41833512073828 0
2663 4.53967179738338 90.06868133278023 0
2664 5.001185551032275 90.04484018472806 0
2665 100.8451181535883 88.61072544872175 0
2666 2.690315039631396 90.07893064630348 0
2667 2.12480058453489 90.27563379740967 0
2668 104.715265429896 72.26559635530887 0
2669 89.76891841617322 64.448341323143 0
2670 3.873748702037136 90.07635097978407 0
2671 2.661530022031037 90.29022378679144 0
2672 120.1368082187382 64.02702738751788 0
2673 102.3340891142873 94.93131056900795 0
2674 86.13589403051787 69.96660687248847 0
2675 42.28519455376922 93.0692563909287 0
2676 4.64455743620835 90.47857274615048 0
2677 2.537276371420739 90.06136713743298 0
2678 16.41734367299849 91.18511832309511 0
2679 16.35504090854431 101.7765469936077 0
2680 6.885162274002177 90.68554618681885 0
2681 3.705634804798648 90.04969264155548 0
2682 23.38731157139166 120.9199033615238 0
2683 94.61287423966141 75.70470134201325 0
2684 77.0667611990222 71.65154808651116 0
2685 3.50380365921983 90.80538444143406 0
2686 82.54543274614856 61.62962483095021 0
2687 10.35528587518549 92.31085430886388 0
2688 13.43202312400393 99.10823155413107 0
2689 11.72747111292976 91.693500924798 0
2690 1.615329971322351 90.07341326210206 0
2691 131.4946297778342 69.42998455794684 0
2692 17.02133593202643 96.12699336108192 0
2693 12.51482910497747 128.873186709331 0
2694 97.27043721377213 72.27156762581879 0
2695 1.938033921634439 90.05560673798384 0
2696 1.535623460085692 90.04957252219376 0
2697 85.97621083950042 63.43426317622439 0
2698 3.324021601560669 90.34532931755049 0
2699 0.8590656185760137 90.16859762817791 0
2700 119.452294822443 67.07287571984666 0
2701 1.441922699305843 90.17352025879048 0
2702 2.489008370803521 90.29869673347136 0
2703 87.27275640587227 68.18980897674314 0
2704 86.14817195345388 72.23257838980875 0
2705 2.634933996978264 90.15702723066447 0
2706 84.44131207033053 61.12156111599194 0
2707 14.14400028064413 92.72275709641416 0
2708 3.969022565886296 90.19412422211245 0
2709 4.082868356369345 90.82759534279324 0
2710 2.780746868057683 90.0487203310945 0
2711 3.820547756102696 94.66363766438521 0
2712 91.14404859607613 76.96421642455904 0
2713 14.85057737086133 93.80335460314936 0
2714 79.67537821608512 68.68649715975612 0
2715 15.79952241585698 93.15999919740379 0
2716 78.33803685803974 151.7216690307189 0
2717 1.834642438224707 90.31621082605744 0
2718 42.92978360481964 99.06340834607305 0
2719 12.42471174912248 93.04449789780135 0
2720 1.516161362176044 90.2541796598115 0
2721 1.866057050307145 90.20486851786053 0
2722 126.0874193743503 68.19912429371297 0
2723 13.34551003549525 111.1254489986082 0
2724 3.571363186071653 90.17978001923485 0
2725 83.99423448417311 64.48853587096114 0
2726 50.83674922194832 98.94435609074041 0
2727 153.4831984776532 50.10721796027078 0
2728 1.712653649988421 90.06724164437134 0
2729 80.48887534107324 62.95026320577595 0
2730 13.20593277316604 92.631340307478 0
2731 159.9550557738433 15.44146103083802 0
2732 110.3169201971044 61.00045706416139 0
2733 11.7080329757633 103.2361875795095 0
2734 157.3848798949973 35.65272366009187 0
2735 9.807877107813328 107.574573297183 0
2736 80.13039401318458 66.53950626852497 0
2737 43.56675129832139 95.15068141348618 0
2738 2.335933497724818 90.6793126144896 0
2739 1.691090442679159 90.13590416431524 0
2740 8.03842991233166 91.63343044539762 0
2741 54.15748730392551 104.4502120461253 0
2742 3.533300326542913 102.7822075927448 0
2743 16.80589148599726 97.9097136477954 0
2744 1.304401459654525 90.04784936314599 0
2745 0.2858111239822885 90.0445650269575 0
2746 2.909857422334901 90.65296017877506 0
2747 9.798756463440847 91.00372671447543 0
2748 2.262728600306522 91.02954808488272 0
2749 21.09860507851379 94.56629091451042 0
2750 77.69762169667359 82.68759754234047 0
2751 3.20307477445956 90.80376519761977 0
2752 4.786578304889969 90.36364176770678 0
2753 0.571186983336656 90.06152396448886 0
2754 28.5301388401088 93.12085023780934 0
2755 3.400986968455732 90.56592414395404 0
2756 1.973649469675677 90.25228385390085 0
2757 59.70464994148867 95.04151413518247 0
2758 15.5106934461065 107.1659396026648 0
2759 78.15642383890011 67.47397412496136 0
2760 0.3132421876804642 90.20544950931456 0
2761 7.578265069823644 92.1021780059678 0
2762 31.39974531249684 156.0002615746235 0
2763 0.4269156185902148 90.29506783325149 0
2764 6.919208980086337 121.0970667592353 0
2765 193.0434688476399 28.42033033138418 0
2766 1.13428650446614 90.40009308640215 0
2767 5.973332958472831 98.76211365177765 0
2768 0.752791784296411 90.14193035101084 0
2769 1.319180404777298 90.57272802106284 0
2770 1.211193567255583 90.21061128528557 0
2771 11.34493938332863 92.93491385643044 0
2772 76.68434746969086 66.79253978218487 0
2773 16.13247903454712 94.25563722693563 0
2774 9.406511958897237 92.5379340543863 0
2775 211.6082063255528 100.7012419451905 0
2776 53.47248582690072 93.58892184513692 0
2777 1.667893461377157 90.32337090392765 0
2778 18.5427766677071 93.44570436385493 0
2779 1.838872267396119 91.05617201875256 0
2780 107.6094812276435 61.13468586205976 0
2781 8.64784036348574 93.27524539777528 0
2782 17.5804711339251 93.08631806395368 0
2783 0.1153664220870445 90.18873620356287 0
2784 78.28084833737418 61.782383175491 0
2785 1.755848828138395 91.88619417502048 0
2786 28.44636080164364 91.4640820179978 0
2787 28.89653358430393 90.33335610775771 0
2788 29.01071307146469 90.99229815111909 0
2789 20.93754354401321 90.19955307156067 0
2790 15.28988947786345 90.14951211111942 0
2791 20.36407327119338 90.18952419950149 0
2792 25.75768242032834 90.4884473857869 0
2793 25.7778465177804 90.18525214610138 0
2794 25.11898476749024 90.08670410727674 0
2795 16.21740269049389 90.59379518852377 0
2796 26.26598578051278 90.4466687390093 0
2797 25.31431553677449 90.29979436203242 0
2798 19.58773526600637 90.31046495009709 0
2799 14.64768160486525 90.49493673698329 0
2800 17.82445293860482 90.16998846472897 0
2801 22.61211527247837 90.20810668352733 0
2802 20.85170398895966 90.18020543618402 0
2803 26.25725542548945 90.18909881275843 0
2804 19.93529152852053 90.15010144978771 0
2805 16.45876712601525 90.38408552884776 0
2806 23.68446090794444 90.36894047500562 0
2807 18.99511522092769 90.21985421737428 0
2808 25.63741139604018 90.20414507401756 0
2809 21.74152151785361 90.17899684391278 0
2810 24.92552507053834 90.14944364284274 0
2811 14.7758625234302 90.17350132163006 0
2812 19.36054455562351 90.22775307789708 0
2813 25.52804997785954 90.18494088741524 0
2814 18.86524698285607 90.19275326481106 0
2815 20.74777249865167 90.17647888784886 0
2816 18.58040703378696 90.23631572880777 0
2817 10.79279931739877 90.21724963550285 0
2818 22.51464842834471 90.13107755415865 0
2819 21.6351397664926 90.16541848921413 0
2820 13.40965366632256 90.31995038562066 0
2821 17.71466543630169 90.13029557210187 0
2822 27.74685060670961 91.27672601621941 0
2823 19.75922166387217 90.15830571633364 0
2824 15.16930954066993 90.16260778211448 0
2825 14.04757743920131 90.17012811033351 0
2826 21.12757231537352 90.18334041939188 0
2827 19.244001720692 90.17715331854974 0
2828 14.4187751196032 90.25989714924579 0
2829 22.27413483066251 90.14899918790292 0
2830 10.77772648580725 90.06023097430968 0
2831 13.93396292134584 90.17220750199387 0
2832 26.00814937279923 90.15149388943023 0
2833 14.98028987336341 90.14789050059686 0
2834 17.54988469461785 90.63828066067657 0
2835 16.64887001858101 90.18759126773217 0
2836 24.87510126378914 90.07615537783181 0
2837 18.41312427175893 90.15432813756965 0
2838 27.3474601407848 90.14048761341655 0
2839 8.37852212901039 90.16044252382319 0
2840 81.75532403572531 89.77755294592741 0
2841 29.68771706583017 90.16291777681208 0
2842 27.64697181588724 90.11601993725166 0
2843 18.0018436158857 90.16845428456311 0
2844 16.83355624816886 90.13073451579928 0
2845 20.10143466427416 90.05922192152011 0
2846 8.213716705885693 90.1577756741865 0
2847 99.7671341488024 64.62601192600236 0
2848 5.495854955765684 90.08027897562177 0
2849 103.441090643697 66.07961910020249 0
2850 12.32532912810966 90.09243002397666 0
2851 5.413790857764398 90.14216994749872 0
2852 97.05835185167251 64.44597807648904 0
2853 23.10700828397334 90.14185975169953 0
2854 30.15583067388843 90.16424998496423 0
2855 99.08832776977775 62.70029951553555 0
2856 24.71462083624048 90.05956765179407 0
2857 12.11265413294792 90.06921919066311 0
2858 113.7933461679653 69.01742608257051 0
2859 115.4097937255199 61.45037895784525 0
2860 19.26830695492449 91.04459932828159 0
2861 111.6497994200561 61.20191898331611 0
2862 23.19072135688921 90.06810903023772 0
2863 12.20645011422269 90.07075864053323 0
2864 6.180904411970588 90.51012611948819 0
2865 29.31708331537387 91.02076940182978 0
2866 6.126390575737666 90.29281654769098 0
2867 27.26827433589418 90.07236962730367 0
2868 9.951355191852882 90.22482986956696 0
2869 13.06864031920015 90.05221330811986 0
2870 22.66644423164978 90.65376930372209 0
2871 17.44907283724579 90.06536066413112 0
2872 10.23925454037246 90.08272296219951 0
2873 102.1214092066015 67.40445962029078 0
2874 17.06313990247613 90.36943919072571 0
2875 5.681144451117881 90.16434954534866 0
2876 101.7242009514487 65.37068170734972 0
2877 17.72034063388029 90.46852657539593 0
2878 14.74956080204382 90.69428946909315 0
2879 111.7881593443421 62.56995751003322 0
2880 5.983212242329356 90.35799610677222 0
2881 27.83889672861232 90.04744208565613 0
2882 20.87437239279057 90.92523714908994 0
2883 14.32449191578094 91.04024118179835 0
2884 17.79726753188983 90.66384653119496 0
2885 11.55591854986924 90.05820361171743 0
2886 2.968652456036098 90.12110224709133 0
2887 94.90495388077026 64.28738754010725 0
2888 77.19017628016681 100.610073945732 0
2889 15.63854198651326 91.68407263998927 0
2890 104.4206284681396 62.74453572815041 0
2891 97.31917867968325 67.85997184712784 0
2892 115.6954113213985 71.45328196137744 0
2893 104.7475184623307 64.68810181430997 0
2894 16.43724729201454 90.54729644675751 0
2895 12.60370021829894 90.07062619505446 0
2896 6.403878143432414 90.5193696204512 0
2897 9.934993078835863 90.35530987093253 0
2898 4.485388562342073 90.13012178960599 0
2899 8.153333207053707 90.08287283867287 0
2900 10.10274854960505 90.44432049196851 0
2901 27.75377914057618 90.08348905676705 0
2902 12.99240522746373 90.05897235753783 0
2903 105.3201078300438 66.50768530797012 0
2904 5.801699798093926 90.05125286421014 0
2905 7.987977195671377 90.07341398822369 0
2906 20.80578325390872 90.43111922028386 0
2907 25.87674699240133 90.79313548623746 0
2908 27.84002712449191 90.90763265509426 0
2909 119.5300107783748 61.36933999432438 0
2910 21.67757472355293 90.49373810338743 0
2911 105.8980950711352 63.43257071460437 0
2912 92.58992872740235 70.8565703925116 0
2913 98.29820367494345 66.04255214743928 0
2914 9.81487397478074 90.05960790236907 0
2915 24.37515919069848 90.65817891996006 0
2916 4.916330996755085 90.07925161544465 0
2917 116.4649493017604 68.88865864754617 0
2918 10.50322649931629 90.07544378314161 0
2919 27.57429742223453 90.25192481256903 0
2920 114.6254383096481 74.99040983046723 0
2921 5.915231296815087 90.20227269157697 0
2922 31.34190108580414 91.35762021653967 0
2923 27.32011627590416 91.09376490506767 0
2924 19.88639865818382 90.36873739872446 0
2925 124.7095216395007 62.87388762280248 0
2926 12.6064667305155 90.1429933870763 0
2927 91.26526184139999 65.45564158177869 0
2928 4.850121068901119 90.06697220934748 0
2929 4.231353396005411 90.15704577910149 0
2930 11.49878784561974 90.05069665808473 0
2931 132.5948089169814 61.56349686643195 0
2932 10.55818713233287 90.17781897337387 0
2933 126.211568001387 62.29927120813354 0
2934 92.81081061682276 61.65711580192404 0
2935 100.8883671540769 68.7583008481799 0
2936 17.28876852564024 90.75431835400086 0
2937 26.58732582036976 92.44442230216879 0
2938 13.52981102473247 90.42158743056117 0
2939 9.488666612553487 90.08466857691526 0
2940 85.7451259735063 68.09204405422392 0
2941 116.5716792298968 62.62041435130786 0
2942 4.489274776606892 90.2621056535753 0
2943 111.6038549154639 74.7852719797169 0
2944 13.30366159012117 90.39333774756574 0
2945 25.36282663940728 91.45373548355792 0
2946 12.93000791113292 90.29857714502356 0
2947 3.036085627386406 90.08533164973585 0
2948 107.1726938676633 63.70350178795946 0
2949 14.2215963152413 90.69786362578934 0
2950 127.8715623889077 60.83350499727103 0
2951 95.68720452204769 61.23004235829325 0
2952 4.349623674762864 90.34593172400162 0
2953 126.568748499933 63.9163259045278 0
2954 22.07744673755014 90.4479291994208 0
2955 6.602949725832151 90.20433699898264 0
2956 130.16943265339 63.56662666720778 0
2957 35.38096566186766 91.3288304213165 0
2958 11.48702529165056 90.88731127156964 0
2959 133.3834445680747 62.68668092051 0
2960 117.3783802336697 67.03525473965422 0
2961 4.592183687583598 90.16116128305302 0
2962 9.451213599644152 90.27301704830636 0
2963 111.7575470500567 63.90633142685115 0
2964 8.430939968103109 90.61139875518855 0
2965 6.528588801733267 90.06088017259451 0
2966 87.70069667334973 64.35094314935215 0
2967 124.1371262585514 61.37151686231766 0
2968 109.6846327049992 71.79014722858352 0
2969 92.13053260849701 72.92172120328117 0
2970 23.65224120753419 91.55445305218761 0
2971 18.09721047439722 90.3830429087986 0
2972 10.40628387520266 90.04849867834504 0
2973 8.286223263318572 90.24409639798948 0
2974 9.745852560069554 90.05735089519676 0
2975 96.15437142237241 70.93172431278734 0
2976 94.73148599551578 70.46570433040291 0
2977 91.4018511907494 63.41277889816983 0
2978 94.33825957064077 66.28013710121375 0
2979 26.36618990112811 90.95517750294769 0
2980 117.6999240993823 63.44070697842923 0
2981 86.39204521541913 83.4871286114131 0
2982 96.02577549309019 103.6086527303135 0
2983 109.2899274962134 62.91580881140231 0
2984 30.87825624613627 90.62203647430981 0
2985 19.31011688562923 90.70006883037651 0
2986 9.786970197660237 90.30617434836802 0
2987 5.321172009885305 90.21754637287962 0
2988 7.597209866835567 90.06571710501612 0
2989 76.31679063813564 130.7691795839725 0
2990 95.67285281061119 67.57611630711146 0
2991 89.76047139461035 117.1045575088397 0
2992 18.52003137158676 91.11260016459167 0
2993 8.528775134089354 90.40039888405973 0
2994 26.46121881713708 91.53623645696614 0
2995 10.03839526609007 90.13577872800614 0
2996 10.71297272555464 90.0450719061205 0
2997 104.9927626662895 61.18390762815773 0
2998 111.5888851854893 65.60276940637134 0
2999 17.23244077157827 90.23267516300216 0
3000 102.5928567371802 69.09852119509797 0
3001 132.0815031106259 63.64735099527777 0
3002 3.32576256935744 90.04303836533958 0
3003 88.89293156523445 67.10763866977048 0
3004 152.785862883041 54.71033692328717 0
3005 36.50539241835059 94.39167610725794 0
3006 14.48908072637905 90.73114588516898 0
3007 0.4240936989808293 90.05019764428653 0
3008 118.3842057751573 68.55271805911835 0
3009 6.918386952734271 90.31477783888882 0
3010 108.8602355548111 82.68120990328819 0
3011 8.064401086159803 90.07421385797407 0
3012 4.722735540134777 90.19507889387584 0
3013 3.458930780723675 90.13330560360303 0
3014 4.685118541259728 90.06825499176523 0
3015 4.236012399276292 90.06520910824651 0
3016 9.153942532543136 90.16337856103358 0
3017 128.4846980992604 63.18190859698527 0
3018 10.08090821742789 90.77858582738963 0
3019 2.976421236389351 91.04366888669205 0
3020 18.14324431822601 92.2724043528026 0
3021 12.58908180928688 90.7022911867339 0
3022 91.87016536612127 79.90691147422635 0
3023 84.72171075742831 77.00764165965018 0
3024 6.708298101776629 90.05281817932261 0
3025 134.0103264713886 93.50937835282669 0
3026 9.578718132329161 90.0521237473441 0
3027 99.07765070788535 68.24991373350915 0
3028 2.025515120367013 91.51942639199773 0
3029 2.610138028579058 91.31796330412169 0
3030 128.6644472266373 65.39668198681595 0
3031 85.11549941279239 105.7811615757018 0
3032 122.4339195632743 79.64544105875173 0
3033 4.072646556840221 90.04735845017545 0
3034 122.1351755567565 62.7191415672043 0
3035 61.86226393108932 109.1431883686245 0
3036 5.432013520828082 90.30613645291889 0
3037 95.96308202069419 69.23943811750947 0
3038 78.26939402097138 86.1817342565474 0
3039 92.98167204108353 64.85592949618832 0
3040 10.0196565523629 90.04818812363678 0
3041 2.252242338944148 90.15678885763431 0
3042 3.292710761510859 90.09619608145306 0
3043 1.362725271896951 90.0436857381184 0
3044 29.80870343605045 92.40564849127556 0
3045 4.225707022552604 90.29723646260526 0
3046 28.97207941282914 91.98969169044751 0
3047 27.40309687725157 92.4892771446245 0
3048 2.884595928889924 90.15692248793592 0
3049 2.198520341494186 90.0688426887131 0
3050 117.9503606857631 62.06818887406033 0
3051 117.8032061231152 73.6550428386255 0
3052 4.238729415185835 92.94183731042328 0
3053 120.8127604568746 72.11216818658211 0
3054 90.56410087919778 67.54885906271913 0
3055 1.79363430752344 90.05035435872877 0
3056 110.4582256144837 62.08264869441479 0
3057 3.249730431671854 90.20398344693261 0
3058 2.995427888012934 90.21657441678876 0
3059 2.247067264221973 92.5025590002289 0
3060 23.30771257614766 90.54745690259784 0
3061 135.1353192886104 62.99932041154534 0
3062 5.253746989258156 92.70798992959959 0
3063 74.06952839684675 112.170592136955 0
3064 108.454460983014 64.15389430926248 0
3065 9.692485376204736 90.22779119833996 0
3066 120.3485567320309 102.2715466077053 0
3067 9.557448069804261 90.24782159998426 0
3068 14.59139440291088 91.28458745545906 0
3069 4.864993978219116 90.18435205226936 0
3070 112.7658033702186 93.15503681977422 0
3071 94.0086480493179 68.55664552382726 0
3072 7.636322463962643 92.92840062863503 0
3073 17.14508730670454 90.57512148907459 0
3074 13.36991703334563 90.6262371444394 0
3075 113.4324767668858 66.61402401436843 0
3076 37.79213130566157 91.10722562702243 0
3077 2.259250588804525 90.05613219744883 0
3078 105.7571045495708 70.5046947434022 0
3079 39.42469580849919 92.21329566685399 0
3080 108.7001293216179 75.49010841358768 0
3081 9.190285929157517 90.07185660998714 0
3082 120.1601730006604 65.54920404378271 0
3083 16.65627144218825 93.07038767798703 0
3084 1.746680882101624 90.21868371782504 0
3085 23.30350927621968 91.91462716537093 0
3086 108.0438574062718 101.8192353657142 0
3087 2.844272873713916 90.27475397519601 0
3088 111.7587723083716 78.42364885549685 0
3089 13.50522371593838 91.45395430906622 0
3090 111.6262318493364 69.90678397179086 0
3091 2.021631956067859 90.07434775598999 0
3092 99.78909250333719 69.88500697930458 0
3093 15.08492455988406 91.49874051096965 0
3094 5.222874136145279 90.20879006725731 0
3095 103.5366125727779 70.59933213755903 0
3096 87.51658256074728 62.72474725989484 0
3097 2.577508314297556 91.89014555538529 0
3098 88.63812836532421 65.65194740315371 0
3099 151.666524089644 95.8039851512543 0
3100 5.265742280664621 90.04926720301569 0
3101 120.4873706191261 75.34781902850571 0
3102 98.92468268667382 80.25931062323046 0
3103 5.338141092359536 90.06497172452934 0
3104 43.30120258757606 113.3993780139765 0
3105 120.5891046881328 62.73694894417674 0
3106 37.9061393224347 92.22486658121466 0
3107 7.112391614719718 90.06355780398269 0
3108 79.1500589481595 70.81582388958951 0
3109 99.73847632259955 134.3453208916052 0
3110 89.32821993567856 62.78094054961097 0
3111 81.95549286076366 67.74016608944547 0
3112 106.8328917347761 62.29019751287843 0
3113 83.71318417573622 79.71292363144762 0
3114 96.86581481027743 75.22640708697368 0
3115 107.1295490348152 66.48167643944275 0
3116 89.57213082537578 87.07288895765099 0
3117 7.060750454726634 90.13494257362346 0
3118 34.34583332874256 92.15288447052411 0
3119 110.0227738885815 64.68125924839835 0
3120 122.1644093360959 88.75006075168274 0
3121 5.483724555169898 90.56830171377986 0
3122 12.75967148956306 90.31733543444069 0
3123 9.595902553037353 90.1431355630385 0
3124 124.5984041174201 64.80156769130117 0
3125 84.55227978580338 86.53086760419585 0
3126 1.442037538771044 90.06670506489063 0
3127 96.3298783343577 77.84724221144172 0
3128 3.201158579483419 90.08379401497162 0
3129 0.8156264173951472 90.07010071227194 0
3130 10.59049933424362 90.09679314025342 0
3131 0.6609237125407229 90.20318812162444 0
3132 40.73204269817628 91.76537101231675 0
3133 137.3414638349861 62.94322498519758 0
3134 19.19665391216548 95.86750010567877 0
3135 9.223166139704194 90.74113782293435 0
3136 92.94178292709023 93.52727398076962 0
3137 124.1650183262165 66.94088203326821 0
3138 142.1108918688226 121.8758982575141 0
3139 3.637360958089223 90.07228864728523 0
3140 2.297463005381374 90.31089229689967 0
3141 13.73768291395981 91.08251306611807 0
3142 1.232930340334204 90.07912654011875 0
3143 34.04517048721616 119.2681427503013 0
3144 5.091570371118578 90.07242085357743 0
3145 6.749198586264735 90.29637825345397 0
3146 89.50191823420229 61.17775670559274 0
3147 115.0682994321198 65.2822632961862 0
3148 121.7780698414676 67.30370816196901 0
3149 8.706512313887961 90.68450784242935 0
3150 3.687228710910945 90.27883038859655 0
3151 84.00646772243893 71.05529709980203 0
3152 2.921572010040816 90.07934247528159 0
3153 118.9900713287992 64.17313097008324 0
3154 29.60858231075073 91.46482303994598 0
3155 108.4749251885576 69.43677235239605 0
3156 135.6890560836562 61.18562009369909 0
3157 62.46390098473078 92.64998111107893 0
3158 86.92413474733912 66.4448098124564 0
3159 36.98175545155762 92.88758124045128 0
3160 16.55455048157742 92.21902040017876 0
3161 13.38039025724094 93.56687355798175 0
3162 90.35518758222106 72.14607318781019 0
3163 107.4722943575683 65.11414723741086 0
3164 12.46217384231911 90.05355203366676 0
3165 108.6065680270569 65.78043328742395 0
3166 156.8524649549508 43.67099413677548 0
3167 3.44042617600648 90.24108972134317 0
3168 4.412240656720031 90.73956021269341 0
3169 2.165327397139535 90.48104308681586 0
3170 2.197808734167639 95.77169440913725 0
3171 106.2731858654614 61.10138625774866 0
3172 9.667728336955689 90.0564830689527 0
3173 131.222707054553 65.92987936707827 0
3174 5.160779868819173 90.49651237304045 0
3175 86.42537162417325 78.55454081741271 0
3176 3.378564959417584 90.07623373778733 0
3177 0.227866388491314 90.60749729100161 0
3178 3.97203600698118 90.07376326540282 0
3179 109.1186561442284 61.38354893949914 0
3180 152.7078372970472 68.24564489376945 0
3181 94.31681631417584 60.96855814676833 0
3182 88.88607319880516 81.74999703157769 0
3183 29.37991287197513 90.15925554044979 0
3184 16.31675174242728 90.13262004204459 0
3185 29.56353103321119 90.16032645997268 0
3186 23.92040089970416 90.15616411973495 0
3187 24.63983571114227 90.09200753816778 0
3188 16.43395361665162 90.15859569096865 0
3189 28.75657928269443 90.08905061442492 0
3190 28.93245657164692 90.615829433591 0
3191 19.63047841549034 90.17729808354456 0
3192 13.53367471720426 90.05788129783551 0
3193 16.13089457096787 90.11867457137294 0
3194 24.63640145826519 90.3108842479201 0
3195 13.45962938970952 90.13371974538511 0
3196 29.2062820343729 90.69376654554702 0
3197 19.32091578972676 90.12783642614643 0
3198 24.04875454633407 90.05758434199642 0
3199 24.1797786831388 90.24144406891531 0
3200 17.88281993869015 90.07486691581931 0
3201 28.44354943959199 90.06054844457259 0
3202 28.24876878345213 90.09853350618586 0
3203 27.94879091515922 90.1372723854932 0
3204 26.15573091563672 90.14845261578763 0
3205 26.32901695982693 90.26023433708112 0
3206 22.42229903008455 90.06700261544925 0
3207 20.89327339459834 90.09520835175401 0
3208 17.52557393383939 90.07500753264371 0
3209 17.61132992860952 90.07913742979319 0
3210 25.68758963269689 90.08215626038334 0
3211 13.99472343863961 90.06613190646479 0
3212 12.01348794844763 90.21484720824002 0
3213 26.77743969135531 90.3353789617484 0
3214 20.70079796010826 90.29717535188477 0
3215 18.05839103329314 90.2533329444927 0
3216 16.01719183331776 90.53295112979754 0
3217 18.116666198826 90.14103387939944 0
3218 21.55632426759187 90.09002393722847 0
3219 20.81706975494272 90.09124492708112 0
3220 18.20047232039696 90.22962835059157 0
3221 27.35335662824167 90.04795837972934 0
3222 29.60754992764774 90.07653688489683 0
3223 20.98852805169642 90.07411963364294 0
3224 23.49420059040319 90.74574355761308 0
3225 28.64775898178222 90.7474380727764 0
3226 13.62293885000139 90.06646860505036 0
3227 22.31790948669511 90.23522802208764 0
3228 14.08786482883867 90.07066909146225 0
3229 29.79415147205785 90.25899291138217 0
3230 19.11485140378781 90.17997551835531 0
3231 21.08775745545683 90.07464391837553 0
3232 11.64025708717747 90.22496239728993 0
3233 25.91448141286327 90.18270584523151 0
3234 21.86775720475182 90.6459226333572 0
3235 15.0674180021925 90.22736659334258 0
3236 18.07160539513959 90.07355834648466 0
3237 26.23961053421523 90.08473697791335 0
3238 28.38918582531689 90.37807999351351 0
3239 25.52272526596266 90.3692744432027 0
3240 16.64383423138882 90.08206820675753 0
3241 12.05450299933133 90.10659014016504 0
3242 18.59724736461207 90.12701287357046 0
3243 25.86435509776901 90.34766528460345 0
3244 13.85518201122169 90.2370296677535 0
3245 25.31317654999292 90.5230610156276 0
3246 20.73044332474633 90.06248686623984 0
3247 15.19811791357823 90.07312898711234 0
3248 25.18643010167033 90.19945808562947 0
3249 15.34180971671348 90.05846888792929 0
3250 18.315026898301 90.14314103532945 0
3251 11.87946472153116 90.13544125586394 0
3252 19.89496525094988 90.06750299827341 0
3253 20.27581071017312 90.33007129200152 0
3254 26.79728796622823 90.07923788469685 0
3255 22.49048433134183 90.04695000496497 0
3256 13.8828626172654 90.06299615640332 0
3257 19.25873599150244 90.07935214032736 0
3258 8.246611223021628 90.06399996319956 0
3259 11.7690543653834 90.17236051815978 0
3260 23.75300268487434 90.5768252567525 0
3261 26.0857919916336 90.19385593715766 0
3262 126.7369498277567 61.13761655998039 0
3263 17.90959325562513 90.16725475868202 0
3264 33.44054501768436 90.70907402083371 0
3265 16.62173611970651 90.31902510618907 0
3266 26.16923039345793 90.70327555683595 0
3267 19.98395883019985 90.06551741869934 0
3268 26.06504512283758 90.0895538752906 0
3269 17.90917755346844 90.30646230430028 0
3270 14.67115361494631 90.2906626591661 0
3271 26.75731865849451 90.18755002316196 0
3272 14.21330747978246 90.0716392928489 0
3273 19.78904505277082 90.0554653112449 0
3274 7.054263397449557 90.05121415212128 0
3275 24.94487412491416 90.05266299493765 0
3276 10.88796844327397 90.22011300145158 0
3277 15.01690756345838 90.07636950838842 0
3278 27.09823570683977 90.19739980822567 0
3279 19.69412369237536 90.07656934453424 0
3280 13.79600691465978 90.04893530270125 0
3281 17.06627314394403 90.06341633368406 0
3282 13.9943900929077 90.54161177970134 0
3283 26.8029514217583 90.49853371972983 0
3284 2.352233737617847 98.55155720171771 0
3285 7.760205180987709 90.08366705500153 0
3286 77.36072746038593 89.84755806109544 0
3287 17.39320449866585 90.33871390523987 0
3288 23.10787366771266 90.04056098700487 0
3289 19.44135101399632 90.37000652080103 0
3290 17.5783900679179 90.31748523549943 0
3291 10.96176578265161 90.12944906383413 0
3292 14.56276662971254 90.20690825991029 0
3293 26.97442370691264 90.04879519191715 0
3294 2.845886800652109 90.09229922061641 0
3295 27.9942696336252 90.07006975876135 0
3296 27.7920615167877 90.44439407646017 0
3297 10.48762655345207 90.46709148995058 0
3298 8.684813210779902 90.05297075474039 0
3299 20.16795445578941 90.08618516572081 0
3300 17.71164109082076 90.05015873587448 0
3301 19.85115914916395 90.1379759774926 0
3302 21.01787672125959 90.25785721671905 0
3303 20.87166692035009 90.28879833800151 0
3304 16.30561931487041 90.39303922625861 0
3305 21.03737012226678 90.14958502910982 0
3306 26.39512335850071 90.06006136419731 0
3307 10.83838094344272 90.12579347866146 0
3308 27.11473729128742 90.30741850623045 0
3309 16.85082422290604 90.04746016281346 0
3310 27.91312019703597 90.2622233124363 0
3311 15.4809563820769 90.16532247495037 0
3312 10.66498716380002 90.28332642781179 0
3313 7.847827266271217 90.06074638306653 0
3314 25.96756897569048 90.07252270463324 0
3315 27.16672389071238 90.07127702616485 0
3316 24.91506839378062 90.29381129643259 0
3317 19.491370181992 90.19797112227027 0
3318 23.4353250754053 91.03071548345072 0
3319 17.35656987654388 90.18816206691538 0
3320 28.02199927877273 90.60343438259002 0
3321 26.01131744088761 90.28381297091509 0
3322 231.8560507982669 32.52334778289094 0
3323 22.72357514919828 90.26601510584196 0
3324 14.30260117401698 90.34002254552588 0
3325 16.50380634803841 90.24959506286358 0
3326 5.413386520215113 90.0467996284678 0
3327 23.39220835417759 90.06195420034338 0
3328 19.04624424913175 90.32752622619869 0
3329 6.097086342356747 90.15655885439872 0
3330 26.16432788601498 90.29289984198535 0
3331 22.88630006497873 90.55108968564788 0
3332 12.7898627731113 90.06936818403727 0
3333 21.65310396373376 90.06812673523392 0
3334 15.42787049131739 90.06779540031404 0
3335 5.991596519629101 90.13170473317359 0
3336 27.67804576852304 90.04966383920984 0
3337 14.67147966649891 90.05133061024155 0
3338 17.96994190583283 90.07059759402763 0
3339 6.605001148528788 90.39207069295718 0
3340 2.984730206824038 90.05706032282686 0
3341 10.67162692086718 90.45915762025921 0
3342 16.48028023234731 90.05967368503006 0
3343 19.21516620667314 90.32814134425675 0
3344 123.4126884433109 62.45486619491904 0
3345 16.11280554507537 90.81393300031026 0
3346 22.11404456262252 90.67440689240512 0
3347 14.82354540646504 166.6204822216674 0
3348 21.80134169217609 90.93578683640648 0
3349 102.8280524681523 62.68882503745995 0
3350 24.83076026332382 90.17249859188387 0
3351 13.81193327113649 90.12759091510186 0
3352 23.20284606653926 90.72990833331214 0
3353 30.26119943716989 90.08371756769513 0
3354 29.51678435696833 90.7098256354612 0
3355 8.320459501650637 90.41951364746477 0
3356 19.59799767081303 94.30219986924213 0
3357 17.60553677747956 90.1781264154077 0
3358 17.72151499873834 90.26838784203839 0
3359 9.405131724905559 90.06896309912825 0
3360 20.25499114477961 90.14404172176027 0
3361 16.72764473748446 90.12961300339701 0
3362 30.16022778790488 90.05025944026093 0
3363 27.57052188490623 90.06486459362843 0
3364 8.334248752839073 90.07113049371939 0
3365 14.6394500740145 90.9003807690801 0
3366 6.366011715992336 90.17658945719718 0
3367 6.722532725354635 90.14393562893453 0
3368 26.9670537200861 90.5977769206802 0
3369 4.470821877689978 90.44144736889427 0
3370 17.23808184174372 90.39781155366612 0
3371 47.53490943395544 101.8994473537489 0
3372 29.70868396852131 90.07148866166558 0
3373 4.309348651091274 90.08015618404721 0
3374 19.98412115904048 90.62695791315436 0
3375 13.97014971472796 90.30309290635606 0
3376 25.70577662952781 90.327372890239 0
3377 6.468692971384383 90.05355370627225 0
3378 18.3772994494503 90.07396444732676 0
3379 6.228636525686396 90.16885292882402 0
3380 4.661991052076449 92.22121174756883 0
3381 8.196866450062998 90.54429160818329 0
3382 10.81638552092638 90.37306289147558 0
3383 15.24408516835389 90.30147513021596 0
3384 23.81505972937454 90.0432954685852 0
3385 15.09296327906329 90.3924174464929 0
3386 17.80834176166859 94.39838867121428 0
3387 18.06092716560443 90.61931563472361 0
3388 79.6351129143989 75.50871811930493 0
3389 18.13058577077806 90.05445000837128 0
3390 25.01864944119101 90.08002319920881 0
3391 21.63011131832207 90.31536044427264 0
3392 25.04235236356935 90.19132845019577 0
3393 29.11477147595845 91.30715139348347 0
3394 8.701084553106091 90.11225020466273 0
3395 18.51925260206033 90.17051709083285 0
3396 7.528180626661225 90.13856794549663 0
3397 21.33145324695428 91.16273458225578 0
3398 13.39333143507133 90.21974361560665 0
3399 21.47375924292858 90.41717166957199 0
3400 18.10552758773813 91.01866393246635 0
3401 21.79463774825794 90.29332086714068 0
3402 100.3340801269154 61.48379852674507 0
3403 5.207237421342145 90.8559575569498 0
3404 17.09671985658409 90.18129390423897 0
3405 1.986366622312706 90.70410666217175 0
3406 33.57722949527807 90.21713722562322 0
3407 5.795652594666367 90.1385434154497 0
3408 113.912875004159 62.49289419805547 0
3409 53.88089175697191 142.1418518205361 0
3410 12.58075399871955 96.31414425097422 0
3411 10.70577422983066 90.13525995019496 0
3412 12.77650738981837 90.13576528377709 0
3413 28.20764554948505 90.44656783692911 0
3414 20.04537090767792 90.05128824988014 0
3415 14.66645037980628 90.15456388760346 0
3416 6.047959642654873 90.0685151503551 0
3417 8.571045559535353 90.24015668197363 0
3418 77.41668772011225 79.76540064388782 0
3419 25.42318691790678 90.20409056163346 0
3420 4.469308156716399 90.0461158183678 0
3421 19.12660859201989 90.06768315638716 0
3422 4.399661596800572 90.06293857132553 0
3423 7.909983244997463 90.09007545647856 0
3424 20.88850137743599 90.62371671370012 0
3425 3.909252565666557 90.13159712501422 0
3426 20.063317023295 91.03883608417611 0
3427 19.85877580888459 90.24668081712264 0
3428 15.38356001149806 90.27259167379289 0
3429 24.79473807528886 90.07865521671005 0
3430 6.243153709195979 90.05204488784217 0
3431 4.972267694498421 90.35518422064438 0
3432 26.43195876879549 90.60432240945859 0
3433 82.58876739959892 74.75114363098162 0
3434 22.91475568469572 90.30932272310578 0
3435 27.62411630796954 90.04532610611496 0
3436 0.1112423998751021 90.31181933111708 0
3437 6.277203435120154 90.31242429122017 0
3438 7.676203519385877 90.05246291873546 0
3439 15.14069621305222 92.4511019233606 0
3440 9.266914947010605 90.05068941112091 0
3441 30.05608062629661 90.08351560918432 0
3442 4.641240955387238 90.84887760336298 0
3443 27.55665595780799 90.87338065592978 0
3444 14.85450591672406 96.76827631721183 0
3445 12.62576090921196 91.18709307784329 0
3446 22.38567544589901 90.16465986970358 0
3447 52.52049372566845 113.8411899519564 0
3448 11.23893716382689 90.05710212161365 0
3449 5.785073932219629 90.82465943992626 0
3450 13.23533228044033 90.05941514868107 0
3451 76.69853756032084 63.01816109291723 0
3452 15.38813135683048 90.13959915967243 0
3453 16.98071950706936 90.0694139713584 0
3454 10.19140704857162 96.00131798372249 0
3455 37.12533930452498 90.61009740644316 0
3456 7.882300354155067 90.20738202205155 0
3457 27.85346283449243 187.6311938879834 0
3458 15.35769388120886 95.19965239044974 0
3459 17.46637635271994 90.18555112073712 0
3460 0.2242691859828807 90.81418406906425 0
3461 16.55102168814331 90.13670175059137 0
3462 16.77808248740633 90.05267055056028 0
3463 23.29248944417193 90.07436745389704 0
3464 7.837422423325899 90.12920977907577 0
3465 103.4674254607261 61.45038151389236 0
3466 19.44936508855262 90.0810883719837 0
3467 31.27288282760705 90.73481104996355 0
3468 10.1675142194568 90.05831822504415 0
3469 19.74172329342473 93.02147565032406 0
3470 21.49564958291513 90.23268027487551 0
3471 96.16206870181158 62.81014664404368 0
3472 9.71059920638541 99.16312734078068 0
3473 13.1552670227278 90.25257481437659 0
3474 22.82647367650807 90.17445008754616 0
3475 112.7441951563209 63.01739281588446 0
3476 54.95898604882372 97.02824900326098 0
3477 8.296989139305682 90.14085670160065 0
3478 16.84176674163858 90.24542501028262 0
3479 8.116750592106174 90.20292527330732 0
3480 78.21187865189752 93.65874755385805 0
3481 10.51060619263307 90.30559913708528 0
3482 12.53060681603651 90.08994037525316 0
3483 40.65290364162718 95.74955681166044 0
3484 22.47713660680449 90.28373988653364 0
3485 24.10701553499373 97.77128673576341 0
3486 10.05937853368906 90.26476112787098 0
3487 97.54940007942091 63.17375773238795 0
3488 12.85621172307205 90.15666051466211 0
3489 18.91009445680604 90.35793013616681 0
3490 101.9964879273272 74.99124774664588 0
3491 27.05167807612806 90.06752991420612 0
3492 18.39172934381321 90.2660433793633 0
3493 13.37670698104213 90.06090135741687 0
3494 21.23474290983739 90.18935176602906 0
3495 16.62128415850728 90.79900998627036 0
3496 9.525523865646578 90.68264735527987 0
3497 7.681057945569805 90.26642911796854 0
3498 85.40429775878427 74.69215999155161 0
3499 13.58995886974906 90.15891858042674 0
3500 10.08990924833147 90.06217920799004 0
3501 115.1391101369906 63.41720170952399 0
3502 18.72178493509037 91.66050654038393 0
3503 5.016345397854384 90.17615170140968 0
3504 14.01447878939702 90.91142723306034 0
3505 30.19749298250282 90.48261047391591 0
3506 53.58620487335772 91.51685098790794 0
3507 11.81663286780678 90.07374409445409 0
3508 116.4483859933795 65.7877091632877 0
3509 18.31059059646419 90.77661181260024 0
3510 1.970564530563503 90.42050777334403 0
3511 89.01690648476843 242.0427040096911 0
3512 5.736679936501642 90.06843814758911 0
3513 3.537163317590494 90.06226305885971 0
3514 80.67071513737419 72.58911315661371 0
3515 13.109440512343 90.45703666775582 0
3516 32.48949913172185 90.18867455553099 0
3517 18.31753805908571 90.4957867835851 0
3518 158.7936605491837 77.45673618536009 0
3519 22.7191830564148 90.14208801084622 0
3520 28.24790500793253 90.97431212174538 0
3521 72.5285817714481 94.06835566338808 0
3522 153.7274046364529 58.49465255519965 0
3523 18.55158030872966 90.0792526075134 0
3524 7.638192440955092 90.42657657382163 0
3525 17.52961028853084 90.46993719629126 0
3526 85.4499626857594 96.85315877679886 0
3527 28.16202395090032 94.43238460913459 0
3528 9.105141620599122 90.07739040408313 0
3529 56.20883041700782 92.39894480067049 0
3530 3.35757982769872 90.18090122832341 0
3531 10.98044935675156 90.42582435722532 0
3532 24.80223098328613 90.47793880242565 0
3533 27.86000152967279 90.13223474378833 0
3534 10.63175396767871 90.0543609600745 0
3535 17.37572467754876 90.08188977766258 0
3536 29.88947210674267 90.11747195378516 0
3537 41.9630994747677 104.603500098538 0
3538 23.23993144761082 90.17676450444519 0
3539 2.314621610534075 90.07027495641707 0
3540 19.30516721305893 90.49434618582822 0
3541 56.93232433745089 170.4415628010528 0
3542 19.72957131557061 90.29351204859671 0
3543 3.846589586260298 90.3401867003537 0
3544 15.43490719593224 90.39027329063856 0
3545 180.128819827477 123.7521051038657 0
3546 157.2644776098315 150.5684865966979 0
3547 2.621345802750283 90.86351257013827 0
3548 28.68666455815738 91.10598071416442 0
3549 4.907947519259117 90.65932017042091 0
3550 23.38673073986959 90.17455178608149 0
3551 2.15095842620779 90.14532164149118 0
3552 129.0795089809747 152.3302983410235 0
3553 11.17045831073917 90.64098504774546 0
3554 101.2873056020698 63.24687518780149 0
3555 22.91260773874691 90.17611247392867 0
3556 13.68323527668591 90.70058569358038 0
3557 161.9195657849708 51.2005006182465 0
3558 23.13003177750729 90.4557516242262 0
3559 29.96711776671452 90.3620232500114 0
3560 36.65378494940508 91.52913563001219 0
3561 3.120366521651023 90.15775248767638 0
3562 3.457697342609499 90.05436048005001 0
3563 8.65598566566651 90.34307387391492 0
3564 10.33586007845319 90.07989303900069 0
3565 26.32456899978732 90.13393539189185 0
3566 81.66909817828135 70.26965568268496 0
3567 181.0889235934677 53.54338911949338 0
3568 12.5874275742344 92.35417137141695 0
3569 17.1518956023397 90.07072808609307 0
3570 21.35683384300424 90.17025200832698 0
3571 14.15212722858235 90.05102083385188 0
3572 29.30283926352852 90.27551723061538 0
3573 30.65158108559652 90.09156738269515 0
3574 11.8783592363838 90.05370877184708 0
3575 16.03246384578793 90.08385251813351 0
3576 23.4906182272655 90.49772404676177 0
3577 16.17489535810208 90.04713557824711 0
3578 23.8921125876949 90.06281763482924 0
3579 18.64267440062396 90.06791287322969 0
3580 22.90690829651258 90.07241433774624 0
3581 13.21394836819748 90.14334850109934 0
3582 29.96614875901227 90.07459134627631 0
3583 16.38885653458109 90.06825895101161 0
3584 16.92495522376857 90.15647577709882 0
3585 20.67930909956536 90.10741270035962 0
3586 17.20136729451279 90.11784535634358 0
3587 16.56389254145854 90.05846539037422 0
3588 15.06461738490252 90.14475548788485 0
3589 29.38515992881055 90.47302042225878 0
3590 40.96036208168304 230.81277364929 0
3591 17.21902218674236 90.0481676513257 0
3592 13.32384402710925 90.13147663084057 0
3593 12.91005831077316 90.0734702973167 0
3594 29.97049874895731 90.18954000067505 0
3595 6.833912398896054 90.19034405990863 0
3596 23.47298011828942 90.11035273556961 0
3597 19.61096560058339 90.05984651809884 0
3598 0.7519147764579814 90.0534088301587 0
3599 77.2679729706024 77.11598684739404 0
3600 17.95861121799346 90.80107729757583 0
3601 25.3958418165104 90.05218183024407 0
3602 249.9627452353749 107.5839763322524 0
3603 19.53336922645932 90.08603401598289 0
3604 20.54088957020607 90.08327695950045 0
3605 22.80106062596343 90.07593552734384 0
3606 12.04267016771731 90.04288530401064 0
3607 28.14115059337141 90.08355520847476 0
3608 19.18485893458749 90.11219265616741 0
3609 29.3325674949044 90.08505706024583 0
3610 10.9045742459725 90.06305425520173 0
3611 16.76123754182442 91.16821012301251 0
3612 22.6294160809799 90.36478192751171 0
3613 10.56553684201257 90.04531957669391 0
3614 11.14471720935568 94.84992985976909 0
3615 6.784718553652449 90.06916903191689 0
3616 29.27294409822556 90.13685967229219 0
3617 30.13106092657241 90.29057591617622 0
3618 7.76432477025411 90.1929955714168 0
3619 19.04064381214333 90.09285757887316 0
3620 28.81872832738659 90.04352025688786 0
3621 40.78692734551591 90.66123155728864 0
3622 13.03719428114404 90.26321068790052 0
3623 7.809838119047749 90.36357830177046 0
3624 129.5738431074201 234.014705918757 0
3625 25.38426556697063 90.11324712703173 0
3626 22.99254774365361 90.16830552056869 0
3627 40.33781476840598 93.21104275556435 0
3628 24.84909675272299 90.82286643428024 0
3629 21.33251202364404 90.30288018253067 0
3630 35.79298378325665 92.7187941222416 0
3631 29.82308209579377 90.05882871387666 0
3632 16.08360923870649 90.04156563880269 0
3633 29.493541776025 90.27223204081989 0
3634 16.7032589846422 90.05287035214296 0
3635 62.05562351636628 203.333099350111 0
3636 22.08349514804076 90.08896299918067 0
3637 29.89966844802114 90.05017840278762 0
3638 14.20138870240467 90.25551747405598 0
3639 19.36105290991825 90.05345354744611 0
3640 16.26293909490697 90.05866680804291 0
3641 25.30667334018957 90.16184613058969 0
3642 16.22431481477577 90.11358093993942 0
3643 26.15288340005605 90.05379057816526 0
3644 21.44929892911419 90.12548791823727 0
3645 28.91865747965346 90.16248719522186 0
3646 25.0565835457503 90.58518857030457 0
3647 26.6491163565893 90.14872179800822 0
3648 81.19246885780898 64.05955018359553 0
3649 22.79147160909906 90.37854302942202 0
3650 18.2339393171707 90.34780244621503 0
3651 16.7378946205094 90.23290429643031 0
3652 29.29084363101937 95.99730540741002 0
3653 30.30052161530603 90.21954625495763 0
3654 17.00528028759096 90.15240934377955 0
3655 8.646319057633459 90.51672727576742 0
3656 180.7541844777537 82.80179585234198 0
3657 7.980794554652498 90.31274773988609 0
3658 133.6739456643697 66.06597092394209 0
3659 16.94813613130225 90.24277429498177 0
3660 24.24067126460771 91.57023880444484 0
3661 5.470374290317173 90.98726196240065 0
3662 21.13851494350218 90.33861472571648 0
3663 29.80628487289401 90.14490500115238 0
3664 13.29815218321474 90.24141883486381 0
3665 24.71547351237722 90.13665685493777 0
3666 10.15517462019788 90.15359736317536 0
3667 34.92561290372964 90.55311415021438 0
3668 30.79023777933141 90.1487629832158 0
3669 24.66947287528097 90.69293921586095 0
3670 21.03107378022819 90.51972041751212 0
3671 23.91262858181778 90.37654573688052 0
3672 51.24280551602676 91.7203698437027 0
3673 26.58481831085113 90.06757800678947 0
3674 25.31967530162714 90.05848004565709 0
3675 14.93367174412429 90.06794054677711 0
3676 113.9248810106081 61.11727379508401 0
3677 21.27034380130835 90.48914555827629 0
3678 24.76999749874444 91.29686148913603 0
3679 29.4597721741678 90.14630225054954 0
3680 12.5765646200363 90.30180063854654 0
3681 13.09706800031854 90.78863253300217 0
3682 18.78780509288599 90.0578559794134 0
3683 14.47490363780223 90.04775349087815 0
3684 18.72984812872045 90.08238818759452 0
3685 8.424302429641036 90.06549512006931 0
3686 23.83196653131605 90.10677556168358 0
3687 26.31716752916499 90.05974972276438 0
3688 60.37998143493195 123.5825705994435 0
3689 17.15808900668626 91.14031348270494 0
3690 5.778702174534984 90.48347758746034 0
3691 14.46140738952105 90.12313281222772 0
3692 100.6677710012627 156.0336376664713 0
3693 118.1016310281607 60.90143146196017 0
3694 7.648450896655396 90.15140532997751 0
3695 19.28060060976026 91.58935058807617 0
3696 15.97069534119758 90.13144055432542 0
3697 29.12435997497141 90.39177110612955 0
3698 7.440511370367203 103.5072038218052 0
3699 8.801030517343289 90.31939778549501 0
3700 1.112286187663795 92.62983472176813 0
3701 13.14115577902691 90.09322062229737 0
3702 13.50177515885909 90.25395823758942 0
3703 21.17549270852517 90.08191020104981 0
3704 33.96327019589408 90.41381786812242 0
3705 153.9063624293984 63.16562557650337 0
3706 21.36925436474392 92.50110532946181 0
3707 25.78494348458024 90.05855228816085 0
3708 4.329398155412542 91.19355626850573 0
3709 24.49076273950999 90.08838333850358 0
3710 21.56892257145479 90.79769298847235 0
3711 7.200029826219521 90.06275668751526 0
3712 136.9174445601791 69.23098324301128 0
3713 5.999364098561737 91.04325646823057 0
3714 23.51675446918368 90.16622503125154 0
3715 17.27918044049654 90.09553428789276 0
3716 5.89378593797287 90.07305710479744 0
3717 14.7654148792534 90.08039701302178 0
3718 17.78862185021506 90.06075852693209 0
3719 14.3099043062536 90.18234779041249 0
3720 30.759216397971 91.9476234388455 0
3721 8.871681020022393 90.07811977581179 0
3722 15.94555100664435 90.04959777801776 0
3723 21.71733942879581 90.07675339796607 0
3724 21.37789669757993 91.76375014997372 0
3725 14.56844223477 90.08360269975671 0
3726 12.13716230134665 90.16425623550909 0
3727 9.112904958839835 91.7734521751333 0
3728 29.868258893112 90.65006329292646 0
3729 25.86806124083608 90.08317216402116 0
3730 19.39918503240341 90.13474262607755 0
3731 16.36802348616023 90.26019579129733 0
3732 23.4762302073001 90.05173503948029 0
3733 27.20764233938813 91.66962467727843 0
3734 60.41725468804597 100.1141847448817 0
3735 46.98686310559578 91.21579018151546 0
3736 4.809821386428795 91.0965698174178 0
3737 18.93900557750828 90.08213293534092 0
3738 23.30231616922558 90.34926712140285 0
3739 6.319089697787805 90.07780436084442 0
3740 45.16945141823164 93.05066774272252 0
3741 20.60890010489012 90.16603580805493 0
3742 6.955399532763759 90.17188680845038 0
3743 39.65691936128137 90.94855819523134 0
3744 14.14668299178364 90.14016805444086 0
3745 98.34347672459614 64.46841199291704 0
3746 23.01772032662961 90.07052343283657 0
3747 17.50629409066618 91.60551073524043 0
3748 7.658155541794189 93.76436567782096 0
3749 14.40461290289515 90.06306524374504 0
3750 9.344933803962157 90.0717655141313 0
3751 18.21554859391586 90.07775087078841 0
3752 12.68698383457054 90.07734315186913 0
3753 23.49279195564351 90.30861020987543 0
3754 7.16840058510562 90.15049222486986 0
3755 209.4333732163291 215.1734841158774 0
3756 16.90629176544859 90.06734740451168 0
3757 48.06817574841239 93.05923935638828 0
3758 18.4617140164225 90.0682946118918 0
3759 10.4160506488995 90.16142787634355 0
3760 18.08517483766955 91.43169748585503 0
3761 116.9738862618967 61.17340227419561 0
3762 21.91785228098771 90.06753237348426 0
3763 34.38963670547356 90.42043792595582 0
3764 5.618962882951686 90.33405829179766 0
3765 25.57995103658111 90.07881748136782 0
3766 13.44424691357548 90.05034124137111 0
3767 18.30422027891361 90.05897127068893 0
3768 20.62787852274888 90.06421981590985 0
3769 2.108940515236716 94.43704126573806 0
3770 21.46951235125442 90.05838026120573 0
3771 16.22413544621814 90.22156113875488 0
3772 16.82015917924231 90.3917718203646 0
3773 2.396257509545162 90.05532710730039 0
3774 2.527661442346679 90.15078291094457 0
3775 6.144150064098512 90.06214418058913 0
3776 12.96167354786025 90.16402105001242 0
3777 12.83185692111376 90.91961732866082 0
3778 27.43422303577594 90.07463073557109 0
3779 25.21155052013139 90.9143843414269 0
3780 29.10640750939362 90.0655242946481 0
3781 164.7540660469489 64.91750760929594 0
3782 13.71698792086247 90.19755835616525 0
3783 0.2207540353683533 90.04983542563768 0
3784 129.170264223843 61.50123315929849 0
3785 0.9571573971525446 90.15227963915781 0
3786 28.90839127058229 90.05846796308568 0
3787 38.59600781921483 98.92689104697911 0
3788 28.61181395119085 90.05046255448551 0
3789 19.19714710992915 90.05083000810609 0
3790 24.17753825041882 90.07076500818414 0
3791 18.66576291588844 90.16837569614184 0
3792 7.258610735169253 90.13878539070735 0
3793 25.21833266046143 90.0783339694341 0
3794 8.964218194927815 90.07051274799075 0
3795 22.55907270328423 90.04501233346251 0
3796 15.10278478353903 90.06526596650001 0
3797 8.739930894253998 90.05674605389106 0
3798 23.53609657456902 90.06115280325474 0
3799 14.30851543559287 90.07518990720088 0
3800 15.55608250661032 90.26736381881737 0
3801 45.145130635774 91.01815772046358 0
3802 15.2621558064005 90.0562219972322 0
3803 35.70124049229437 102.1645331681103 0
3804 23.80155353042723 90.84981437062497 0
3805 25.63717429658568 90.04015070960622 0
3806 11.23251641313414 90.24177116875336 0
3807 29.64557799106574 90.25670173491601 0
3808 16.06825164205111 90.21269954797241 0
3809 9.574024289971481 91.4323944433046 0
3810 12.66679879505807 90.44452032450495 0
3811 13.62497832268092 90.28366244044874 0
3812 43.66748488340467 91.54606208660201 0
3813 27.42224282871202 90.22974445099523 0
3814 15.50040781864815 90.61380533962294 0
3815 136.2457972010269 65.18676249594776 0
3816 26.85085193364123 90.04581182634901 0
3817 25.83987896552395 91.95603910593773 0
3818 12.52815566361692 90.18756246511305 0
3819 27.51242472843931 90.13311908037103 0
3820 2.204648273804765 93.24450097077501 0
3821 12.84549509846609 90.05989979920322 0
3822 30.49922376147647 90.64448771749839 0
3823 4.049070515053249 90.36719450891793 0
3824 13.31382996433207 90.05035862738769 0
3825 11.02303187189822 90.06101469488796 0
3826 8.911204574352942 90.17539976539662 0
3827 76.35759533501148 61.35681250185699 0
3828 24.02490184956853 90.23467913047206 0
3829 26.915325299478 90.0562031683267 0
3830 20.59623330777659 105.4177655043682 0
3831 20.87644406272797 93.25010704204244 0
3832 11.31412661883749 90.37901009484257 0
3833 16.79705609890799 90.61651466111432 0
3834 21.92772859482447 91.39016783836543 0
3835 2.578283458039875 90.22418266546796 0
3836 23.23903917320867 90.03561912103369 0
3837 49.75261767325448 92.7352235814398 0
3838 27.74561989265972 90.68591481802369 0
3839 26.9600385791396 90.15523737313514 0
3840 29.15755861882059 90.18539542098297 0
3841 13.07367245354776 91.19876754498915 0
3842 23.64712255530157 90.18701692638074 0
3843 25.55466390205071 91.03636162575836 0
3844 28.66150997552069 90.14086985958897 0
3845 14.0915724612925 90.24672680945156 0
3846 3.122728040592976 90.05447969206398 0
3847 37.76698707267326 90.45718737876881 0
3848 16.00599685165606 90.34569196920609 0
3849 31.36110167502465 98.57552858052348 0
3850 7.289717792745012 90.06642147706236 0
3851 26.07108914100764 90.93399915540506 0
3852 4.574473371026171 107.2684749396274 0
3853 6.887001188876209 90.08276104891296 0
3854 4.780347894165793 90.0857763578763 0
3855 2.473043093881165 90.07178596065059 0
3856 82.58625085373421 72.35657774926163 0
3857 4.603074163964138 90.05961952151969 0
3858 14.23678019526546 90.13977682682597 0
3859 15.90635288579856 90.21415628912744 0
3860 27.50634367257747 90.05534038672089 0
3861 31.78221024011541 93.44160500472191 0
3862 24.19865951750093 90.14638192706087 0
3863 4.115086139219533 90.20154735699693 0
3864 13.76522989399491 90.38722339926497 0
3865 25.11266000521892 90.35781569463599 0
3866 46.88848692197612 96.59237231472341 0
3867 6.982751180172343 90.06297208330115 0
3868 16.32276759061514 90.05190916021982 0
3869 21.81619278483953 90.06395148221227 0
3870 24.12201226120317 90.38554570972455 0
3871 24.57575809505753 90.05200507358016 0
3872 26.48414718748602 90.07385636760974 0
3873 28.04144615736635 90.1646208095203 0
3874 24.63044730700725 90.19805186950862 0
3875 46.05628774254357 124.4629367230724 0
3876 10.41348079139955 91.03924924194189 0
3877 18.77205097284076 90.14234517400223 0
3878 27.91294094616134 90.06599735322646 0
3879 38.28973377515143 96.06464156624402 0
3880 22.00127054929464 90.05056376847845 0
3881 15.65338281180875 90.42005458998575 0
3882 5.192980531697215 90.08308587113164 0
3883 19.62737529756068 90.82594169032551 0
3884 11.49722275197057 90.3196759060944 0
3885 78.74658828013524 72.97450748952703 0
3886 19.10170908926002 90.49937814627641 0
3887 35.68060142149062 90.54782882840573 0
3888 10.10281569845682 91.09000905377053 0
3889 14.19490449071078 90.45870101739739 0
3890 38.46619926863008 90.56090674254597 0
3891 29.19761543438472 90.07536553312131 0
3892 4.00895410176271 91.91259582991037 0
3893 32.18418156179897 90.24791478069297 0
3894 0.5144415509664125 91.49225131831933 0
3895 1.071406363480928 93.70741818500008 0
3896 10.33906476362075 90.34964479302978 0
3897 29.03507917651701 90.21243518608031 0
3898 18.73447400193118 90.27612557476338 0
3899 8.391626372313683 92.19271816642107 0
3900 36.33258347804214 90.51949151041424 0
3901 23.80634220099028 90.21842625797015 0
3902 10.28108966362791 90.1848208142449 0
3903 10.86751513364269 90.59725517689486 0
3904 22.62829953485445 90.08470647284558 0
3905 28.26711707000957 90.24667610977771 0
3906 18.93794167032257 91.25633124078347 0
3907 9.882138151344282 90.04810219986773 0
3908 34.1872987765566 90.9821726952958 0
3909 9.951094893903914 90.08497419083706 0
3910 9.833525884029758 90.15579006698208 0
3911 26.63977364184001 90.46690301483768 0
3912 11.89834701822746 90.90308212183106 0
3913 14.38078634947859 90.13299067661367 0
3914 26.85691457965562 90.13004386171809 0
3915 3.144933280061665 92.54792778583287 0
3916 33.23074534534823 90.27630952300161 0
3917 112.903913095453 60.8296141458181 0
3918 15.51905247201278 90.05884909658786 0
3919 11.10359133028501 90.06179557853061 0
3920 29.39644574386755 90.07397774877391 0
3921 15.86149205425198 90.39330716403953 0
3922 30.44391917493935 90.33385363160612 0
3923 0.9772680505445607 90.0628262169292 0
3924 31.95482465910884 90.18455788188763 0
3925 8.494060762650651 90.14968998021902 0
3926 26.63991796167704 90.27816835200635 0
3927 5.979453991195425 90.05465539766523 0
3928 8.517838756676113 90.05927809188536 0
3929 29.49790133781751 90.05714291802413 0
3930 28.15631253656144 90.18525234649286 0
3931 24.97481714515095 90.43368694368598 0
3932 36.01032747008873 90.97606978978811 0
3933 10.97016295395596 90.05287675459068 0
3934 0.5351799651620853 92.01275458243703 0
3935 7.353071949170084 90.05541522816804 0
3936 21.98006389860417 90.13740890776046 0
3937 10.84481769777117 90.04981574163457 0
3938 137.5115206772562 60.96115521639399 0
3939 28.55143554248308 90.47280344312507 0
3940 28.54482310809758 90.26407668715763 0
3941 26.54871258455652 90.16436577564428 0
3942 5.141278006266973 90.03887668117727 0
3943 22.19779239852572 90.07118476854518 0
3944 35.07898752087986 96.64987575163462 0
3945 14.09774701336556 90.35802715104208 0
3946 18.8375647690851 90.87000055857482 0
3947 18.88177229884157 90.57985163819681 0
3948 26.43373964927661 90.16683642257475 0
3949 16.95741112288868 90.54994755393601 0
3950 21.13309669649675 90.03570166074428 0
3951 12.39668770883948 90.04414090212914 0
3952 5.662952838070808 90.05695384980531 0
3953 11.47869584442013 97.64670528240211 0
3954 7.343482510291049 90.12587209934907 0
3955 14.40422859609125 90.4732008069998 0
3956 28.6905745882811 90.05741250971099 0
3957 13.71582599091038 90.06927457789678 0
3958 9.273091765016247 90.26012444308924 0
3959 25.09683509501963 102.3823186994647 0
3960 15.12376541876093 90.60161139618653 0
3961 21.86660428805515 90.16491236654196 0
3962 15.80617828231472 90.6850113703463 0
3963 22.31363950512895 90.06903982477613 0
3964 25.4682323980904 90.08412419094155 0
3965 0.6588841990582216 90.07925029813052 0
3966 18.60662089528882 90.61967706743198 0
3967 10.18749122614813 90.27942891805792 0
3968 42.22659720194727 90.88024013089201 0
3969 16.13976629643456 90.38328970008554 0
3970 31.12690248675829 90.17808889244664 0
3971 121.6514367978757 60.71206569967458 0
3972 31.69174609408017 90.24225383944845 0
3973 8.608301107534301 90.09585751514665 0
3974 24.10382236951012 90.14133384651548 0
3975 18.84324990127475 90.0791812255946 0
3976 30.1138118137589 90.98865152823247 0
3977 27.25628187666311 90.70413682411068 0
3978 28.07721788380369 90.32792646197156 0
3979 14.86861797415805 90.13551953423821 0
3980 21.87101242496134 90.42786414640032 0
3981 11.97119586050552 90.0703530013559 0
3982 18.57017066396288 90.38007732802099 0
3983 9.831442180935593 90.56572898705338 0
3984 20.05542493067913 90.11614458254958 0
3985 11.4744785005996 90.54125404976394 0
3986 20.47878284618695 90.19569087283814 0
3987 7.205811738907952 90.4029671042988 0
3988 17.68120218661269 91.00671355996437 0
3989 1.069742517591764 91.72924970547065 0
3990 21.2839048441221 90.07275470470411 0
3991 5.583693376228244 90.08089187377431 0
3992 21.38417349157491 90.07114581541235 0
3993 22.19395684289784 90.29952217160455 0
3994 28.06771075218991 90.0529245886496 0
3995 30.96007317217167 90.17879085191923 0
3996 23.96750335514115 90.06644592785165 0
3997 22.72081598710456 90.05045500183928 0
3998 7.25951851211846 90.25636817226966 0
3999 120.7307150455486 60.72961114342034 0
4000 29.08000697147003 90.12907748161106 0
4001 21.99841934196034 90.26865112990541 0
4002 47.89543850517863 107.638745492869 0
4003 31.83492612741128 95.40909291156972 0
4004 28.7040182353655 90.3082171761845 0
4005 29.27313306169974 90.04954704427655 0
4006 12.10911185999957 90.30157148577425 0
4007 28.74644058311633 90.49552884668694 0
4008 1.142720641896941 90.0491573244381 0
4009 18.73211302282003 90.42841070016149 0
4010 15.30845525097374 90.67428960526679 0
4011 1.056569466272655 90.08722751620246 0
4012 3.936456148106859 90.53952071639851 0
4013 25.52256690075039 90.04073541807735 0
4014 9.269902487922232 90.12957591764734 0
4015 22.1601710934389 90.19129136795648 0
4016 31.75339885262813 90.90136245761239 0
4017 63.96637338148484 95.02380787570191 0
4018 27.32566520210407 90.33014048109071 0
4019 11.16524527344911 90.13219551505733 0
4020 14.79532266159262 90.38238051613232 0
4021 20.43783480352673 90.07582478984581 0
4022 15.28409735528871 90.49564536807061 0
4023 14.89821118888249 90.28226006617778 0
4024 30.37765462866486 90.07944368710803 0
4025 68.27782473245422 100.5704093726912 0
4026 24.49870557526177 90.23936453770514 0
4027 30.88004651431236 90.33147635486766 0
4028 12.46487997694266 90.43500467103847 0
4029 24.56652538932268 90.45511067418562 0
4030 130.138965960833 60.77233096841879 0
4031 32.82553621829699 92.28350639606772 0
4032 24.01166720428768 90.13268333762673 0
4033 23.59463756566764 90.08248060674471 0
4034 22.05679134292537 90.17229218152401 0
4035 97.48834357085391 61.54069171682967 0
4036 20.33746086256128 90.08331373072133 0
4037 11.0710393330999 90.12620283442254 0
4038 24.30248125383471 90.1718780665784 0
4039 24.39665527947337 90.14052531778043 0
4040 6.62017739347512 90.07080497434026 0
4041 22.08127821143923 93.14898052127037 0
4042 0.9020754721876519 90.06482917093383 0
4043 32.85844714356259 91.19827626029137 0
4044 9.085979712069326 90.25720453317649 0
4045 67.65218828909877 93.64921251249503 0
4046 11.66106706451674 90.42405096779449 0
4047 101.9803626463003 61.47831337764981 0
4048 65.12597545022875 92.23270216318903 0
4049 27.74790311993933 90.22716052498326 0
4050 11.42721052034496 90.06451781198267 0
4051 21.77495913654553 95.8946306638238 0
4052 12.27277211228492 90.83680064953063 0
4053 7.401466496106525 90.80774837860025 0
4054 22.14937779197095 90.97515576443712 0
4055 6.254689100646342 91.28029146901991 0
4056 11.33144224213678 90.07501223780429 0
4057 20.25345991044989 90.06039798060651 0
4058 20.08118966526176 90.39240395240124 0
4059 24.32371734336922 90.07137033902281 0
4060 15.47397939399964 91.01549394937835 0
4061 12.29985515331628 90.37237419591672 0
4062 6.483254780176353 90.13624800200101 0
4063 14.98618482301051 90.89800180954164 0
4064 3.737557270804932 91.16103543197485 0
4065 5.759849882355669 91.31249009029931 0
4066 32.19751337394758 91.51722899361353 0
4067 23.26237442695778 93.81225790562087 0
4068 15.60308203042443 90.14001696640274 0
4069 11.69873644266143 90.13594317789439 0
4070 19.07989399954808 90.73877970034123 0
4071 27.3004220202132 90.23272705237358 0
4072 24.12133365449335 90.0539366393392 0
4073 24.40665330186255 90.05067303210818 0
4074 148.8582960783665 62.40588443137838 0
4075 22.44774963752449 94.59660550063617 0
4076 24.00258597814476 95.24613042258095 0
4077 27.35368628600783 90.47663222775685 0
4078 98.99135736468796 61.14495795182205 0
4079 18.56870190810621 90.84472240079967 0
4080 27.61884270572155 90.36704285271665 0
4081 15.70029482804055 90.08419855240305 0
4082 22.37439876374094 90.72867940802122 0
4083 140.5266341821027 65.57608331287139 0
4084 12.29675156575134 90.5400007852388 0
4085 221.1876541825794 68.65344019480601 0
4086 6.299196442832537 90.8275164733078 0
4087 23.25988148666042 92.73204260591007 0
4088 145.6032171649129 61.82243910259245 0
4089 15.72723301231626 90.22976944024497 0
4090 7.408293791658887 90.41132041110396 0
4091 6.558742675304223 90.11806753697961 0
4092 32.31284002959241 90.42879618394194 0
4093 20.1340339501394 90.20493291216667 0
4094 25.16448967762741 90.04125951917771 0
4095 27.46523376593435 90.3743024283858 0
4096 19.47211824208563 90.5755637750071 0
4097 32.28445377456285 90.8415604048093 0
4098 27.20327272475755 90.27164980227415 0
4099 31.61235893419239 92.22807196387386 0
4100 28.79892359659712 90.19115212452992 0
4101 5.17522978922121 91.31012840163636 0
4102 11.8774040993228 90.29658889010835 0
4103 28.33487916881936 90.15155158598617 0
4104 30.49037891724538 90.14729966520494 0
4105 13.66142790788082 90.12305502988478 0
4106 31.96033385904718 90.46767427169888 0
4107 4.714130702002334 91.60297661588895 0
4108 7.430731446040852 90.0852883271594 0
4109 7.419614302887165 90.21368488997423 0
4110 24.25238142485664 90.07813208850784 0
4111 31.3172229303409 90.36739501878498 0
4112 7.779822466669306 90.57374165848134 0
4113 14.54092111304371 90.34512112246105 0
4114 9.142982779984719 90.42166744734554 0
4115 15.9008573379786 90.09689666448189 0
4116 26.47246160895317 90.33518878321638 0
4117 7.004484319310358 91.8229602194058 0
4118 3.784912869250256 90.76758305359189 0
4119 29.01160305096557 90.09033649548849 0
4120 24.19845650939692 91.07000504990512 0
4121 6.407110064632541 90.07403258771916 0
4122 7.553021526250975 90.26256101063437 0
4123 7.999304570904537 91.12689249273924 0
4124 24.95812222465335 92.05831540768804 0
4125 11.51534101535239 90.14459199183061 0
4126 20.54321608130249 90.32012985606845 0
4127 11.63335088951995 90.09039676035204 0
4128 31.28665558881081 90.13358859155636 0
4129 7.838726865180639 90.78107244623698 0
4130 31.57721624342258 90.48476365634275 0
4131 26.96710689240116 90.3471197637961 0
4132 144.0856941607831 75.51474548674129 0
4133 23.86318534893573 91.21189648338925 0
4134 15.61862418760075 90.04611621304183 0
4135 12.17074088502922 90.41364703798911 0
4136 14.85280046565481 90.04730951567285 0
4137 27.23073146986698 90.16431848829308 0
4138 259.736022778243 200.4672453882234 0
4139 12.38947285204589 90.24408607601255 0
4140 80.39739199944067 61.06037853536952 0
4141 8.98030814351719 90.31476658747395 0
4142 6.385564079427523 93.35867072396726 0
4143 11.75584293538713 90.31795415944218 0
4144 26.18178845495883 94.51717005656916 0
4145 11.72687360667737 90.06749207869434 0
4146 31.46771289683207 90.1950853005482 0
4147 143.3120537918871 62.51538510942916 0
4148 33.4809992210675 93.98171693367333 0
4149 28.84025599138278 90.10893563083005 0
4150 32.80315174334856 90.45533636855112 0
4151 24.49928220822427 93.36734276063792 0
4152 139.1676990952571 61.58947361283872 0
4153 22.56919561332774 91.94054218261302 0
4154 20.62798225971166 90.4464716937442 0
4155 7.957507713002791 96.48273239473212 0
4156 20.42312223367265 90.32225236903464 0
4157 31.07725047877209 90.39588527403215 0
4158 23.74218933507442 90.0896356634635 0
4159 12.03191359946107 90.60501753271436 0
4160 4.360159862728682 96.37260259773895 0
4161 20.23555656117068 90.51162218061715 0
4162 11.27055495559223 90.14114667161815 0
4163 27.7412011141843 98.62939916829006 0
4164 21.86507069638305 92.14890920433686 0
4165 6.960221443058501 92.4536419091863 0
4166 8.799405278166439 90.05089473991801 0
4167 10.21795812545277 93.81580096518543 0
4168 27.16791740125058 90.42950485750042 0
4169 7.21541526851283 90.66542772823341 0
4170 20.53557496322813 99.3848254602968 0
4171 6.201965553450813 92.0290233000057 0
4172 24.32884105498805 90.35843694133095 0
4173 26.69685547547985 90.0698863197732 0
4174 11.36977350248122 90.19510369756087 0
4175 6.697778886437664 91.41234442827283 0
4176 20.6359930670417 90.68537526382376 0
4177 26.89423576056749 91.03353652580255 0
4178 22.29568477473716 90.43703501934228 0
4179 7.983977030997977 90.52904875244901 0
4180 24.38114460221352 90.22910511288536 0
4181 27.5419050766646 90.55880863832547 0
4182 145.8489554458499 66.01336372279701 0
4183 27.46213194594499 96.01920211331345 0
4184 24.0525334632356 90.62911192636297 0
4185 258.8338791988701 248.1281459008024 0
4186 15.80994397194445 90.08928870660819 0
4187 28.53402343810764 90.10110701775341 0
4188 8.787210936656367 90.14402209292598 0
4189 28.41449491073059 90.18297726509468 0
4190 22.52937533026861 91.14673790544718 0
4191 8.554315132495681 91.38463592424806 0
4192 11.72669745498923 90.64193194392975 0
4193 12.4387376684946 90.11861864602521 0
4194 7.54847543949893 90.66749444641972 0
4195 5.435184364266463 94.75594419115976 0
4196 11.84226461458126 90.45327850027489 0
4197 7.041712819534717 94.78125669494965 0
4198 25.89894460564532 96.43663769930342 0
4199 24.21963649253133 90.50781837434464 0
4200 7.516868686652487 90.04826222961202 0
4201 20.3094180372839 90.73709917611167 0
4202 12.25677931320823 90.16940474377176 0
4203 22.49146588425358 90.48497158779429 0
4204 12.00748716780693 90.38082510918349 0
4205 12.22548217031624 90.27549274282728 0
4206 27.95109971910002 90.40949455836451 0
4207 6.153579543601096 96.23092990607162 0
4208 20.4474630354867 90.4854740051064 0
4209 28.34584505458053 90.07727953776688 0
4210 30.19296873843014 91.58318356979676 0
4211 139.1529768914817 85.22915281199201 0
4212 8.686256006692128 90.20958802108039 0
4213 24.56710188559576 90.13396247149305 0
4214 34.70992766772412 91.25425043433771 0
4215 23.65971574291025 90.07182663931779 0
4216 35.01850189095891 93.95333706752191 0
4217 141.2939710199931 61.61472456166076 0
4218 9.043766423573278 90.06411493114311 0
4219 23.91606838302019 90.24645381126443 0
4220 31.04174345794562 90.95937251522091 0
4221 26.86376368020924 90.23106599671195 0
4222 11.20197764480034 90.9599095206146 0
4223 11.16247659720072 90.05021864304032 0
4224 8.565102100323521 90.03878390175799 0
4225 28.29194003265382 90.04395326098819 0
4226 27.42908768342802 90.14449547008847 0
$EndNodes
$Elements
8922
1 1 2 7 1 1 15
2 1 2 7 1 15 16
3 1 2 7 1 16 17
4 1 2 7 1 17 18
5 1 2 7 1 18 19
6 1 2 7 1 19 20
7 1 2 7 1 20 21
8 1 2 7 1 21 22
9 1 2 7 1 22 23
10 1 2 7 1 23 24
11 1 2 7 1 24 25
12 1 2 7 1 25 2
13 1 2 5 3 3 37
14 1 2 5 3 37 38
15 1 2 5 3 38 39
16 1 2 5 3 39 40
17 1 2 5 3 40 41
18 1 2 5 3 41 42
19 1 2 5 3 42 43
20 1 2 5 3 43 44
21 1 2 5 3 44 45
22 1 2 5 3 45 46
23 1 2 5 3 46 47
24 1 2 5 3 47 48
25 1 2 5 3 48 49
26 1 2 5 3 49 50
27 1 2 5 3 50 51
28 1 2 5 3 51 52
29 1 2 5 3 52 53
30 1 2 5 3 53 54
31 1 2 5 3 54 55
32 1 2 5 3 55 56
33 1 2 5 3 56 57
34 1 2 5 3 57 58
35 1 2 5 3 58 59
36 1 2 5 3 59 60
37 1 2 5 3 60 4
38 1 2 4 10 8 208
39 1 2 4 10 208 209
40 1 2 4 10 209 210
41 1 2 4 10 210 211
42 1 2 4 10 211 212
43 1 2 4 10 212 213
44 1 2 4 10 213 214
45 1 2 4 10 214 215
46 1 2 4 10 215 216
47 1 2 4 10 216 217
48 1 2 4 10 217 218
49 1 2 4 10 218 219
50 1 2 4 10 219 220
51 1 2 4 10 220 221
52 1 2 4 10 221 222
53 1 2 4 10 222 223
54 1 2 4 10 223 224
55 1 2 4 10 224 225
56 1 2 4 10 225 226
57 1 2 4 10 226 227
58 1 2 4 10 227 228
59 1 2 4 10 228 229
60 1 2 4 10 229 230
61 1 2 4 10 230 231
62 1 2 4 10 231 232
63 1 2 4 10 232 233
64 1 2 4 10 233 234
65 1 2 4 10 234 235
66 1 2 4 10 235 236
67 1 2 4 10 236 237
68 1 2 4 10 237 238
69 1 2 4 10 238 239
70 1 2 4 10 239 240
71 1 2 4 10 240 241
72 1 2 4 10 241 242
73 1 2 4 10 242 243
74 1 2 4 10 243 244
75 1 2 4 10 244 245
76 1 2 4 10 245 246
77 1 2 4 10 246 247
78 1 2 4 10 247 248
79 1 2 4 10 248 249
80 1 2 4 10 249 250
81 1 2 4 10 250 251
82 1 2 4 10 251 252
83 1 2 4 10 252 253
84 1 2 4 10 253 254
85 1 2 4 10 254 255
86 1 2 4 10 255 256
87 1 2 4 10 256 257
88 1 2 4 10 257 258
89 1 2 4 10 258 259
90 1 2 4 10 259 260
91 1 2 4 10 260 261
92 1 2 4 10 261 262
93 1 2 4 10 262 263
94 1 2 4 10 263 264
95 1 2 4 10 264 265
96 1 2 4 10 265 266
97 1 2 4 10 266 267
98 1 2 4 10 267 268
99 1 2 4 10 268 269
100 1 2 4 10 269 270
101 1 2 4 10 270 271
102 1 2 4 10 271 272
103 1 2 4 10 272 273
104 1 2 4 10 273 274
105 1 2 4 10 274 275
106 1 2 4 10 275 276
107 1 2 4 10 276 277
108 1 2 4 10 277 278
109 1 2 4 10 278 279
110 1 2 4 10 279 280
111 1 2 4 10 280 281
112 1 2 4 10 281 282
113 1 2 4 10 282 283
114 1 2 4 10 283 284
115 1 2 4 10 284 285
116 1 2 4 10 285 286
117 1 2 4 10 286 287
118 1 2 4 10 287 288
119 1 2 4 10 288 289
120 1 2 4 10 289 290
121 1 2 4 10 290 291
122 1 2 4 10 291 292
123 1 2 4 10 292 293
124 1 2 4 10 293 294
125 1 2 4 10 294 295
126 1 2 4 10 295 296
127 1 2 4 10 296 297
128 1 2 4 10 297 298
129 1 2 4 10 298 299
130 1 2 4 10 299 300
131 1 2 4 10 300 301
132 1 2 4 10 301 302
133 1 2 4 10 302 303
134 1 2 4 10 303 304
135 1 2 4 10 304 305
136 1 2 4 10 305 306
137 1 2 4 10 306 307
138 1 2 4 10 307 308
139 1 2 4 10 308 309
140 1 2 4 10 309 310
141 1 2 4 10 310 311
142 1 2 4 10 311 312
143 1 2 4 10 312 313
144 1 2 4 10 313 314
145 1 2 4 10 314 315
146 1 2 4 10 315 316
147 1 2 4 10 316 317
148 1 2 4 10 317 318
149 1 2 4 10 318 319
150 1 2 4 10 319 320
151 1 2 4 10 320 321
152 1 2 4 10 321 322
153 1 2 4 10 322 323
154 1 2 4 10 323 324
155 1 2 4 10 324 325
156 1 2 4 10 325 326
157 1 2 4 10 326 327
158 1 2 4 10 327 328
159 1 2 4 10 328 329
160 1 2 4 10 329 330
161 1 2 4 10 330 331
162 1 2 4 10 331 332
163 1 2 4 10 332 333
164 1 2 4 10 333 334
165 1 2 4 10 334 335
166 1 2 4 10 335 336
167 1 2 4 10 336 337
168 1 2 4 10 337 338
169 1 2 4 10 338 339
170 1 2 4 10 339 340
171 1 2 4 10 340 341
172 1 2 4 10 341 342
173 1 2 4 10 342 343
174 1 2 4 10 343 344
175 1 2 4 10 344 345
176 1 2 4 10 345 346
177 1 2 4 10 346 347
178 1 2 4 10 347 348
179 1 2 4 10 348 349
180 1 2 4 10 349 350
181 1 2 4 10 350 351
182 1 2 4 10 351 352
183 1 2 4 10 352 353
184 1 2 4 10 353 354
185 1 2 4 10 354 355
186 1 2 4 10 355 356
187 1 2 4 10 356 357
188 1 2 4 10 357 358
189 1 2 4 10 358 359
190 1 2 4 10 359 360
191 1 2 4 10 360 361
192 1 2 4 10 361 362
193 1 2 4 10 362 363
194 1 2 4 10 363 364
195 1 2 4 10 364 365
196 1 2 4 10 365 366
197 1 2 4 10 366 367
198 1 2 4 10 367 368
199 1 2 4 10 368 369
200 1 2 4 10 369 370
201 1 2 4 10 370 371
202 1 2 4 10 371 372
203 1 2 4 10 372 373
204 1 2 4 10 373 374
205 1 2 4 10 374 375
206 1 2 4 10 375 376
207 1 2 4 10 376 377
208 1 2 4 10 377 378
209 1 2 4 10 378 379
210 1 2 4 10 379 380
211 1 2 4 10 380 381
212 1 2 4 10 381 382
213 1 2 4 10 382 383
214 1 2 4 10 383 384
215 1 2 4 10 384 385
216 1 2 4 10 385 386
217 1 2 4 10 386 387
218 1 2 4 10 387 388
219 1 2 4 10 388 389
220 1 2 4 10 389 390
221 1 2 4 10 390 391
222 1 2 4 10 391 392
223 1 2 4 10 392 393
224 1 2 4 10 393 394
225 1 2 4 10 394 395
226 1 2 4 10 395 396
227 1 2 4 10 396 397
228 1 2 4 10 397 398
229 1 2 4 10 398 399
230 1 2 4 10 399 400
231 1 2 4 10 400 401
232 1 2 4 10 401 402
233 1 2 4 10 402 403
234 1 2 4 10 403 404
235 1 2 4 10 404 405
236 1 2 4 10 405 406
237 1 2 4 10 406 407
238 1 2 4 10 407 408
239 1 2 4 10 408 409
240 1 2 4 10 409 410
241 1 2 4 10 410 411
242 1 2 4 10 411 412
243 1 2 4 10 412 413
244 1 2 4 10 413 414
245 1 2 4 10 414 415
246 1 2 4 10 415 416
247 1 2 4 10 416 417
248 1 2 4 10 417 418
249 1 2 4 10 418 419
250 1 2 4 10 419 420
251 1 2 4 10 420 421
252 1 2 4 10 421 422
253 1 2 4 10 422 423
254 1 2 4 10 423 424
255 1 2 4 10 424 425
256 1 2 4 10 425 426
257 1 2 4 10 426 427
258 1 2 4 10 427 428
259 1 2 4 10 428 429
260 1 2 4 10 429 430
261 1 2 4 10 430 431
262 1 2 4 10 431 432
263 1 2 4 10 432 433
264 1 2 4 10 433 434
265 1 2 4 10 434 435
266 1 2 4 10 435 436
267 1 2 4 10 436 437
268 1 2 4 10 437 438
269 1 2 4 10 438 439
270 1 2 4 10 439 440
271 1 2 4 10 440 441
272 1 2 4 10 441 442
273 1 2 4 10 442 443
274 1 2 4 10 443 444
275 1 2 4 10 444 445
276 1 2 4 10 445 446
277 1 2 4 10 446 447
278 1 2 4 10 447 448
279 1 2 4 10 448 449
280 1 2 4 10 449 450
281 1 2 4 10 450 451
282 1 2 4 10 451 452
283 1 2 4 10 452 453
284 1 2 4 10 453 454
285 1 2 4 10 454 455
286 1 2 4 10 455 456
287 1 2 4 10 456 457
288 1 2 4 10 457 458
289 1 2 4 10 458 459
290 1 2 4 10 459 460
291 1 2 4 10 460 461
292 1 2 4 10 461 462
293 1 2 4 10 462 463
294 1 2 4 10 463 464
295 1 2 4 10 464 465
296 1 2 4 10 465 466
297 1 2 4 10 466 467
298 1 2 4 10 467 468
299 1 2 4 10 468 469
300 1 2 4 10 469 470
301 1 2 4 10 470 471
302 1 2 4 10 471 472
303 1 2 4 10 472 473
304 1 2 4 10 473 474
305 1 2 4 10 474 475
306 1 2 4 10 475 476
307 1 2 4 10 476 477
308 1 2 4 10 477 478
309 1 2 4 10 478 479
310 1 2 4 10 479 480
311 1 2 4 10 480 481
312 1 2 4 10 481 482
313 1 2 4 10 482 483
314 1 2 4 10 483 484
315 1 2 4 10 484 485
316 1 2 4 10 485 486
317 1 2 4 10 486 487
318 1 2 4 10 487 488
319 1 2 4 10 488 489
320 1 2 4 10 489 490
321 1 2 4 10 490 491
322 1 2 4 10 491 492
323 1 2 4 10 492 493
324 1 2 4 10 493 494
325 1 2 4 10 494 495
326 1 2 4 10 495 496
327 1 2 4 10 496 497
328 1 2 4 10 497 498
329 1 2 4 10 498 499
330 1 2 4 10 499 500
331 1 2 4 10 500 501
332 1 2 4 10 501 502
333 1 2 4 10 502 503
334 1 2 4 10 503 504
335 1 2 4 10 504 505
336 1 2 4 10 505 506
337 1 2 4 10 506 507
338 1 2 4 10 507 508
339 1 2 4 10 508 509
340 1 2 4 10 509 510
341 1 2 4 10 510 511
342 1 2 4 10 511 512
343 1 2 4 10 512 513
344 1 2 4 10 513 514
345 1 2 4 10 514 515
346 1 2 4 10 515 516
347 1 2 4 10 516 517
348 1 2 4 10 517 518
349 1 2 4 10 518 519
350 1 2 4 10 519 520
351 1 2 4 10 520 521
352 1 2 4 10 521 522
353 1 2 4 10 522 523
354 1 2 4 10 523 524
355 1 2 4 10 524 525
356 1 2 4 10 525 526
357 1 2 4 10 526 527
358 1 2 4 10 527 528
359 1 2 4 10 528 529
360 1 2 4 10 529 530
361 1 2 4 10 530 531
362 1 2 4 10 531 532
363 1 2 4 10 532 533
364 1 2 4 10 533 534
365 1 2 4 10 534 535
366 1 2 4 10 535 536
367 1 2 4 10 536 537
368 1 2 4 10 537 538
369 1 2 4 10 538 539
370 1 2 4 10 539 540
371 1 2 4 10 540 541
372 1 2 4 10 541 542
373 1 2 4 10 542 543
374 1 2 4 10 543 544
375 1 2 4 10 544 545
376 1 2 4 10 545 546
377 1 2 4 10 546 547
378 1 2 4 10 547 548
379 1 2 4 10 548 549
380 1 2 4 10 549 550
381 1 2 4 10 550 551
382 1 2 4 10 551 552
383 1 2 4 10 552 553
384 1 2 4 10 553 554
385 1 2 4 10 554 555
386 1 2 4 10 555 556
387 1 2 4 10 556 557
388 1 2 4 10 557 558
389 1 2 4 10 558 559
390 1 2 4 10 559 560
391 1 2 4 10 560 561
392 1 2 4 10 561 562
393 1 2 4 10 562 563
394 1 2 4 10 563 564
395 1 2 4 10 564 565
396 1 2 4 10 565 566
397 1 2 4 10 566 567
398 1 2 4 10 567 568
399 1 2 4 10 568 569
400 1 2 4 10 569 570
401 1 2 4 10 570 571
402 1 2 4 10 571 572
403 1 2 4 10 572 573
404 1 2 4 10 573 574
405 1 2 4 10 574 575
406 1 2 4 10 575 576
407 1 2 4 10 576 577
408 1 2 4 10 577 578
409 1 2 4 10 578 579
410 1 2 4 10 579 580
411 1 2 4 10 580 581
412 1 2 4 10 581 582
413 1 2 4 10 582 583
414 1 2 4 10 583 584
415 1 2 4 10 584 585
416 1 2 4 10 585 586
417 1 2 4 10 586 587
418 1 2 4 10 587 588
419 1 2 4 10 588 589
420 1 2 4 10 589 590
421 1 2 4 10 590 591
422 1 2 4 10 591 592
423 1 2 4 10 592 593
424 1 2 4 10 593 594
425 1 2 4 10 594 595
426 1 2 4 10 595 596
427 1 2 4 10 596 597
428 1 2 4 10 597 598
429 1 2 4 10 598 599
430 1 2 4 10 599 600
431 1 2 4 10 600 601
432 1 2 4 10 601 602
433 1 2 4 10 602 603
434 1 2 4 10 603 604
435 1 2 4 10 604 605
436 1 2 4 10 605 606
437 1 2 4 10 606 607
438 1 2 4 10 607 608
439 1 2 4 10 608 609
440 1 2 4 10 609 610
441 1 2 4 10 610 611
442 1 2 4 10 611 612
443 1 2 4 10 612 613
444 1 2 4 10 613 614
445 1 2 4 10 614 615
446 1 2 4 10 615 616
447 1 2 4 10 616 617
448 1 2 4 10 617 618
449 1 2 4 10 618 619
450 1 2 4 10 619 620
451 1 2 4 10 620 621
452 1 2 4 10 621 622
453 1 2 4 10 622 623
454 1 2 4 10 623 624
455 1 2 4 10 624 625
456 1 2 4 10 625 626
457 1 2 4 10 626 627
458 1 2 4 10 627 628
459 1 2 4 10 628 629
460 1 2 4 10 629 630
461 1 2 4 10 630 631
462 1 2 4 10 631 632
463 1 2 4 10 632 633
464 1 2 4 10 633 634
465 1 2 4 10 634 635
466 1 2 4 10 635 636
467 1 2 4 10 636 637
468 1 2 4 10 637 638
469 1 2 4 10 638 639
470 1 2 4 10 639 640
471 1 2 4 10 640 641
472 1 2 4 10 641 642
473 1 2 4 10 642 643
474 1 2 4 10 643 644
475 1 2 4 10 644 645
476 1 2 4 10 645 646
477 1 2 4 10 646 647
478 1 2 4 10 647 648
479 1 2 4 10 648 649
480 1 2 4 10 649 650
481 1 2 4 10 650 651
482 1 2 4 10 651 652
483 1 2 4 10 652 653
484 1 2 4 10 653 654
485 1 2 4 10 654 655
486 1 2 4 10 655 656
487 1 2 4 10 656 657
488 1 2 4 10 657 658
489 1 2 4 10 658 659
490 1 2 4 10 659 660
491 1 2 4 10 660 661
492 1 2 4 10 661 662
493 1 2 4 10 662 663
494 1 2 4 10 663 664
495 1 2 4 10 664 665
496 1 2 4 10 665 666
497 1 2 4 10 666 667
498 1 2 4 10 667 668
499 1 2 4 10 668 669
500 1 2 4 10 669 670
501 1 2 4 10 670 671
502 1 2 4 10 671 672
503 1 2 4 10 672 673
504 1 2 4 10 673 674
505 1 2 4 10 674 675
506 1 2 4 10 675 676
507 1 2 4 10 676 677
508 1 2 4 10 677 678
509 1 2 4 10 678 679
510 1 2 4 10 679 680
511 1 2 4 10 680 681
512 1 2 4 10 681 682
513 1 2 4 10 682 683
514 1 2 4 10 683 684
515 1 2 4 10 684 685
516 1 2 4 10 685 686
517 1 2 4 10 686 687
518 1 2 4 10 687 688
519 1 2 4 10 688 689
520 1 2 4 10 689 690
521 1 2 4 10 690 691
522 1 2 4 10 691 692
523 1 2 4 10 692 693
524 1 2 4 10 693 694
525 1 2 4 10 694 695
526 1 2 4 10 695 696
527 1 2 4 10 696 697
528 1 2 4 10 697 698
529 1 2 4 10 698 699
530 1 2 4 10 699 700
531 1 2 4 10 700 701
532 1 2 4 10 701 702
533 1 2 4 10 702 703
534 1 2 4 10 703 704
535 1 2 4 10 704 705
536 1 2 4 10 705 9
537 1 2 6 15 11 767
538 1 2 6 15 767 768
539 1 2 6 15 768 769
540 1 2 6 15 769 12
541 1 2 6 16 12 770
542 1 2 6 16 770 771
543 1 2 6 16 771 772
544 1 2 6 16 772 10
545 1 2 6 17 10 773
546 1 2 6 17 773 774
547 1 2 6 17 774 775
548 1 2 6 17 775 776
549 1 2 6 17 776 2
550 2 2 1 19 802 128 129
551 2 2 1 19 130 802 129
552 2 2 1 19 130 129 6
553 2 2 1 19 798 34 35
554 2 2 1 19 799 127 128
555 2 2 1 19 802 799 128
556 2 2 1 19 847 826 779
557 2 2 1 19 132 133 853
558 2 2 1 19 779 826 858
559 2 2 1 19 862 838 793
560 2 2 1 19 796 799 864
561 2 2 1 19 868 817 780
562 2 2 1 19 780 844 868
563 2 2 1 19 798 800 874
564 2 2 1 19 864 799 802
565 2 2 1 19 847 779 870
566 2 2 1 19 858 778 872
567 2 2 1 19 854 783 868
568 2 2 1 19 854 868 844
569 2 2 1 19 861 42 43
570 2 2 1 19 867 45 46
571 2 2 1 19 797 798 874
572 2 2 1 19 875 40 41
573 2 2 1 19 139 866 801
574 2 2 1 19 865 32 33
575 2 2 1 19 136 137 849
576 2 2 1 19 857 134 135
577 2 2 1 19 801 138 139
578 2 2 1 19 130 131 802
579 2 2 1 19 131 864 802
580 2 2 1 19 132 853 864
581 2 2 1 19 864 131 132
582 2 2 1 19 863 25 2
583 2 2 1 19 26 863 2
584 2 2 1 19 1 15 866
585 2 2 1 19 1 866 139
586 2 2 1 19 35 36 800
587 2 2 1 19 35 800 798
588 2 2 1 19 890 881 803
589 2 2 1 19 894 890 803
590 2 2 1 19 106 107 900
591 2 2 1 19 813 882 902
592 2 2 1 19 906 883 831
593 2 2 1 19 907 73 74
594 2 2 1 19 913 901 839
595 2 2 1 19 111 112 914
596 2 2 1 19 918 894 803
597 2 2 1 19 810 917 919
598 2 2 1 19 812 890 920
599 2 2 1 19 921 82 83
600 2 2 1 19 927 904 827
601 2 2 1 19 928 895 812
602 2 2 1 19 807 894 929
603 2 2 1 19 931 788 871
604 2 2 1 19 933 855 782
605 2 2 1 19 936 933 782
606 2 2 1 19 850 901 937
607 2 2 1 19 940 928 812
608 2 2 1 19 941 16 17
609 2 2 1 19 873 910 942
610 2 2 1 19 943 835 824
611 2 2 1 19 944 845 850
612 2 2 1 19 944 908 828
613 2 2 1 19 945 22 23
614 2 2 1 19 945 822 821
615 2 2 1 19 946 879 784
616 2 2 1 19 830 881 947
617 2 2 1 19 947 842 830
618 2 2 1 19 949 916 826
619 2 2 1 19 826 847 949
620 2 2 1 19 953 938 827
621 2 2 1 19 827 904 953
622 2 2 1 19 954 944 828
623 2 2 1 19 845 944 954
624 2 2 1 19 828 946 954
625 2 2 1 19 867 46 955
626 2 2 1 19 784 891 959
627 2 2 1 19 778 858 960
628 2 2 1 19 960 858 826
629 2 2 1 19 871 915 961
630 2 2 1 19 831 883 962
631 2 2 1 19 782 938 963
632 2 2 1 19 964 795 875
633 2 2 1 19 875 41 964
634 2 2 1 19 861 795 964
635 2 2 1 19 848 904 965
636 2 2 1 19 792 952 965
637 2 2 1 19 966 841 840
638 2 2 1 19 966 959 831
639 2 2 1 19 968 780 817
640 2 2 1 19 969 852 778
641 2 2 1 19 778 960 969
642 2 2 1 19 970 946 784
643 2 2 1 19 972 868 783
644 2 2 1 19 817 868 972
645 2 2 1 19 783 895 972
646 2 2 1 19 784 959 978
647 2 2 1 19 978 970 784
648 2 2 1 19 777 958 979
649 2 2 1 19 811 882 980
650 2 2 1 19 980 882 813
651 2 2 1 19 117 118 981
652 2 2 1 19 983 952 804
653 2 2 1 19 984 901 850
654 2 2 1 19 19 20 985
655 2 2 1 19 825 973 985
656 2 2 1 19 782 855 988
657 2 2 1 19 803 915 990
658 2 2 1 19 990 915 790
659 2 2 1 19 824 931 991
660 2 2 1 19 992 960 826
661 2 2 1 19 826 916 992
662 2 2 1 19 820 922 993
663 2 2 1 19 993 922 815
664 2 2 1 19 994 910 873
665 2 2 1 19 23 24 995
666 2 2 1 19 852 969 996
667 2 2 1 19 996 839 852
668 2 2 1 19 996 969 814
669 2 2 1 19 998 950 787
670 2 2 1 19 1001 872 778
671 2 2 1 19 846 872 1001
672 2 2 1 19 803 881 1002
673 2 2 1 19 1002 881 830
674 2 2 1 19 1002 915 803
675 2 2 1 19 839 901 1003
676 2 2 1 19 1006 847 870
677 2 2 1 19 831 962 1007
678 2 2 1 19 841 966 1007
679 2 2 1 19 1007 966 831
680 2 2 1 19 814 897 1010
681 2 2 1 19 839 996 1010
682 2 2 1 19 1010 996 814
683 2 2 1 19 830 842 1011
684 2 2 1 19 792 927 1013
685 2 2 1 19 1014 824 835
686 2 2 1 19 824 1014 1015
687 2 2 1 19 1015 1014 786
688 2 2 1 19 1016 844 780
689 2 2 1 19 1016 923 832
690 2 2 1 19 832 844 1016
691 2 2 1 19 1017 796 864
692 2 2 1 19 869 796 1017
693 2 2 1 19 864 853 1017
694 2 2 1 19 1018 844 832
695 2 2 1 19 869 844 1018
696 2 2 1 19 862 793 1019
697 2 2 1 19 867 955 1019
698 2 2 1 19 53 54 1020
699 2 2 1 19 870 779 1021
700 2 2 1 19 1024 958 777
701 2 2 1 19 1025 984 850
702 2 2 1 19 1028 994 873
703 2 2 1 19 780 968 1029
704 2 2 1 19 794 869 1034
705 2 2 1 19 39 40 1039
706 2 2 1 19 1039 40 875
707 2 2 1 19 1041 54 55
708 2 2 1 19 1043 863 837
709 2 2 1 19 845 970 1046
710 2 2 1 19 1047 1028 873
711 2 2 1 19 20 21 1048
712 2 2 1 19 810 919 1050
713 2 2 1 19 49 50 1051
714 2 2 1 19 1054 18 19
715 2 2 1 19 1054 973 835
716 2 2 1 19 1055 859 795
717 2 2 1 19 1057 52 53
718 2 2 1 19 1058 121 122
719 2 2 1 19 1048 21 1023
720 2 2 1 19 973 825 950
721 2 2 1 19 943 18 1054
722 2 2 1 19 943 1054 835
723 2 2 1 19 1020 54 1041
724 2 2 1 19 1043 24 25
725 2 2 1 19 863 1043 25
726 2 2 1 19 15 16 1036
727 2 2 1 19 15 1036 866
728 2 2 1 19 1019 793 997
729 2 2 1 19 867 1019 997
730 2 2 1 19 1017 853 1034
731 2 2 1 19 1017 1034 869
732 2 2 1 19 989 1059 790
733 2 2 1 19 1011 842 1030
734 2 2 1 19 1011 1030 860
735 2 2 1 19 1031 865 33
736 2 2 1 19 1005 37 38
737 2 2 1 19 973 1014 835
738 2 2 1 19 891 784 879
739 2 2 1 19 946 828 880
740 2 2 1 19 879 946 880
741 2 2 1 19 912 809 888
742 2 2 1 19 895 783 947
743 2 2 1 19 895 947 881
744 2 2 1 19 939 805 902
745 2 2 1 19 882 939 902
746 2 2 1 19 885 785 962
747 2 2 1 19 885 962 883
748 2 2 1 19 897 814 926
749 2 2 1 19 897 926 884
750 2 2 1 19 912 804 952
751 2 2 1 19 894 807 920
752 2 2 1 19 894 920 890
753 2 2 1 19 906 831 959
754 2 2 1 19 906 959 891
755 2 2 1 19 914 807 929
756 2 2 1 19 918 810 929
757 2 2 1 19 918 929 894
758 2 2 1 19 913 839 1010
759 2 2 1 19 913 1010 897
760 2 2 1 19 918 803 990
761 2 2 1 19 984 1003 901
762 2 2 1 19 927 792 965
763 2 2 1 19 927 965 904
764 2 2 1 19 981 833 940
765 2 2 1 19 944 850 937
766 2 2 1 19 908 944 937
767 2 2 1 19 939 791 942
768 2 2 1 19 939 942 910
769 2 2 1 19 910 994 956
770 2 2 1 19 1002 830 961
771 2 2 1 19 915 1002 961
772 2 2 1 19 949 777 935
773 2 2 1 19 916 949 935
774 2 2 1 19 926 814 992
775 2 2 1 19 926 992 916
776 2 2 1 19 917 1012 919
777 2 2 1 19 1016 780 1029
778 2 2 1 19 1016 1029 923
779 2 2 1 19 924 1012 999
780 2 2 1 19 1008 873 942
781 2 2 1 19 936 834 821
782 2 2 1 19 933 936 821
783 2 2 1 19 936 782 963
784 2 2 1 19 991 836 941
785 2 2 1 19 953 819 963
786 2 2 1 19 953 963 938
787 2 2 1 19 986 787 950
788 2 2 1 19 970 845 954
789 2 2 1 19 946 970 954
790 2 2 1 19 975 785 1053
791 2 2 1 19 983 848 965
792 2 2 1 19 952 983 965
793 2 2 1 19 1040 862 1019
794 2 2 1 19 955 1040 1019
795 2 2 1 19 1022 846 1001
796 2 2 1 19 958 1024 974
797 2 2 1 19 966 840 978
798 2 2 1 19 966 978 959
799 2 2 1 19 992 814 969
800 2 2 1 19 960 992 969
801 2 2 1 19 978 840 1046
802 2 2 1 19 978 1046 970
803 2 2 1 19 1054 19 985
804 2 2 1 19 973 1054 985
805 2 2 1 19 1057 53 1020
806 2 2 1 19 1026 845 1046
807 2 2 1 19 1035 1060 836
808 2 2 1 19 836 1038 1035
809 2 2 1 19 860 1035 1038
810 2 2 1 19 1038 836 991
811 2 2 1 19 1038 931 871
812 2 2 1 19 1038 991 931
813 2 2 1 19 1011 961 830
814 2 2 1 19 903 59 60
815 2 2 1 19 115 116 911
816 2 2 1 19 930 4 61
817 2 2 1 19 76 77 932
818 2 2 1 19 815 925 993
819 2 2 1 19 995 945 23
820 2 2 1 19 822 945 995
821 2 2 1 19 995 816 822
822 2 2 1 19 948 84 85
823 2 2 1 19 951 820 993
824 2 2 1 19 123 124 967
825 2 2 1 19 1027 820 951
826 2 2 1 19 62 63 982
827 2 2 1 19 982 808 934
828 2 2 1 19 971 113 114
829 2 2 1 19 976 96 97
830 2 2 1 19 55 56 1052
831 2 2 1 19 55 1052 1041
832 2 2 1 19 1043 995 24
833 2 2 1 19 816 995 1043
834 2 2 1 19 1043 837 816
835 2 2 1 19 1048 985 20
836 2 2 1 19 825 985 1048
837 2 2 1 19 137 138 1037
838 2 2 1 19 1037 849 137
839 2 2 1 19 856 1037 801
840 2 2 1 19 1037 138 801
841 2 2 1 19 42 964 41
842 2 2 1 19 861 964 42
843 2 2 1 19 783 854 1032
844 2 2 1 19 924 882 811
845 2 2 1 19 935 777 979
846 2 2 1 19 988 938 782
847 2 2 1 19 841 938 988
848 2 2 1 19 988 840 841
849 2 2 1 19 16 941 1036
850 2 2 1 19 1036 941 836
851 2 2 1 19 839 1003 1033
852 2 2 1 19 1033 852 839
853 2 2 1 19 875 874 1039
854 2 2 1 19 819 957 963
855 2 2 1 19 936 957 834
856 2 2 1 19 936 963 957
857 2 2 1 19 791 1049 942
858 2 2 1 19 1049 1008 942
859 2 2 1 19 1023 21 22
860 2 2 1 19 22 945 1023
861 2 2 1 19 821 834 1023
862 2 2 1 19 1023 945 821
863 2 2 1 19 1025 850 845
864 2 2 1 19 1026 1025 845
865 2 2 1 19 855 1025 1026
866 2 2 1 19 1015 786 789
867 2 2 1 19 1015 931 824
868 2 2 1 19 47 955 46
869 2 2 1 19 17 18 943
870 2 2 1 19 17 943 941
871 2 2 1 19 991 943 824
872 2 2 1 19 943 991 941
873 2 2 1 19 986 957 819
874 2 2 1 19 825 957 950
875 2 2 1 19 957 986 950
876 2 2 1 19 778 852 987
877 2 2 1 19 778 987 1001
878 2 2 1 19 1022 987 843
879 2 2 1 19 987 1022 1001
880 2 2 1 19 1047 789 786
881 2 2 1 19 1008 1047 873
882 2 2 1 19 789 1047 1008
883 2 2 1 19 975 927 827
884 2 2 1 19 975 1013 927
885 2 2 1 19 777 949 1024
886 2 2 1 19 1024 949 847
887 2 2 1 19 986 819 953
888 2 2 1 19 986 904 848
889 2 2 1 19 848 787 986
890 2 2 1 19 986 953 904
891 2 2 1 19 796 869 1018
892 2 2 1 19 796 1018 1044
893 2 2 1 19 1018 832 967
894 2 2 1 19 122 123 923
895 2 2 1 19 122 923 1058
896 2 2 1 19 832 923 967
897 2 2 1 19 967 923 123
898 2 2 1 19 1042 1030 842
899 2 2 1 19 1005 38 39
900 2 2 1 19 1005 874 800
901 2 2 1 19 1005 39 1039
902 2 2 1 19 1039 874 1005
903 2 2 1 19 840 988 1026
904 2 2 1 19 840 1026 1046
905 2 2 1 19 1026 988 855
906 2 2 1 19 790 917 990
907 2 2 1 19 918 917 810
908 2 2 1 19 918 990 917
909 2 2 1 19 958 1020 979
910 2 2 1 19 801 1060 856
911 2 2 1 19 866 1060 801
912 2 2 1 19 1060 866 1036
913 2 2 1 19 836 1060 1036
914 2 2 1 19 788 1059 989
915 2 2 1 19 1059 788 1049
916 2 2 1 19 999 1059 791
917 2 2 1 19 791 1059 1049
918 2 2 1 19 1057 958 974
919 2 2 1 19 1020 958 1057
920 2 2 1 19 793 838 1055
921 2 2 1 19 1029 1058 923
922 2 2 1 19 1004 48 49
923 2 2 1 19 1051 1004 49
924 2 2 1 19 118 119 833
925 2 2 1 19 981 118 833
926 2 2 1 19 1062 66 67
927 2 2 1 19 1063 115 911
928 2 2 1 19 893 1062 1066
929 2 2 1 19 1066 1056 893
930 2 2 1 19 1067 903 878
931 2 2 1 19 1070 940 812
932 2 2 1 19 812 920 1070
933 2 2 1 19 1072 1063 911
934 2 2 1 19 1072 1070 920
935 2 2 1 19 911 1070 1072
936 2 2 1 19 821 822 1074
937 2 2 1 19 1074 822 1000
938 2 2 1 19 1074 933 821
939 2 2 1 19 951 993 1075
940 2 2 1 19 1075 993 925
941 2 2 1 19 930 61 1077
942 2 2 1 19 982 934 1077
943 2 2 1 19 1077 934 930
944 2 2 1 19 1079 891 879
945 2 2 1 19 1080 68 69
946 2 2 1 19 1080 1061 889
947 2 2 1 19 69 1061 1080
948 2 2 1 19 1083 890 812
949 2 2 1 19 1083 895 881
950 2 2 1 19 881 890 1083
951 2 2 1 19 812 895 1083
952 2 2 1 19 1084 110 111
953 2 2 1 19 111 914 1084
954 2 2 1 19 1085 1068 932
955 2 2 1 19 891 1079 1086
956 2 2 1 19 1089 815 823
957 2 2 1 19 925 815 1089
958 2 2 1 19 1091 869 794
959 2 2 1 19 1091 854 844
960 2 2 1 19 844 869 1091
961 2 2 1 19 89 5 1092
962 2 2 1 19 1093 807 914
963 2 2 1 19 67 68 1094
964 2 2 1 19 1094 1062 67
965 2 2 1 19 1095 975 827
966 2 2 1 19 791 939 1096
967 2 2 1 19 882 924 1096
968 2 2 1 19 1096 939 882
969 2 2 1 19 1098 133 134
970 2 2 1 19 87 88 1099
971 2 2 1 19 951 1075 1099
972 2 2 1 19 1100 796 1044
973 2 2 1 19 1044 126 1100
974 2 2 1 19 799 796 1100
975 2 2 1 19 877 884 1102
976 2 2 1 19 1102 884 898
977 2 2 1 19 1104 86 87
978 2 2 1 19 1104 1075 925
979 2 2 1 19 920 807 1106
980 2 2 1 19 971 1063 1106
981 2 2 1 19 781 913 1109
982 2 2 1 19 1109 913 897
983 2 2 1 19 1110 1079 879
984 2 2 1 19 806 1056 1111
985 2 2 1 19 857 977 1113
986 2 2 1 19 72 73 1114
987 2 2 1 19 1114 73 907
988 2 2 1 19 1116 813 902
989 2 2 1 19 85 86 1118
990 2 2 1 19 1119 1045 809
991 2 2 1 19 1121 906 891
992 2 2 1 19 1122 914 929
993 2 2 1 19 1124 64 65
994 2 2 1 19 805 939 1125
995 2 2 1 19 910 956 1125
996 2 2 1 19 1125 939 910
997 2 2 1 19 1126 977 1032
998 2 2 1 19 1032 854 1126
999 2 2 1 19 1129 88 89
1000 2 2 1 19 1005 800 1130
1001 2 2 1 19 1130 37 1005
1002 2 2 1 19 1130 800 36
1003 2 2 1 19 887 1065 1131
1004 2 2 1 19 1135 1070 911
1005 2 2 1 19 940 1070 1135
1006 2 2 1 19 883 892 1139
1007 2 2 1 19 1139 885 883
1008 2 2 1 19 905 935 1140
1009 2 2 1 19 1140 935 979
1010 2 2 1 19 893 1056 1141
1011 2 2 1 19 1141 1056 806
1012 2 2 1 19 1143 883 906
1013 2 2 1 19 892 883 1143
1014 2 2 1 19 909 808 1145
1015 2 2 1 19 1145 808 982
1016 2 2 1 19 1146 822 816
1017 2 2 1 19 1000 822 1146
1018 2 2 1 19 816 1082 1146
1019 2 2 1 19 1147 1049 788
1020 2 2 1 19 1148 5 90
1021 2 2 1 19 1130 36 3
1022 2 2 1 19 37 1130 3
1023 2 2 1 19 1091 794 1126
1024 2 2 1 19 1091 1126 854
1025 2 2 1 19 1094 68 1080
1026 2 2 1 19 889 1094 1080
1027 2 2 1 19 1121 1143 906
1028 2 2 1 19 999 791 1096
1029 2 2 1 19 999 1096 924
1030 2 2 1 19 1118 86 1104
1031 2 2 1 19 925 1118 1104
1032 2 2 1 19 1092 5 1148
1033 2 2 1 19 1099 88 1129
1034 2 2 1 19 1099 1129 951
1035 2 2 1 19 1106 807 1093
1036 2 2 1 19 971 1106 1093
1037 2 2 1 19 1147 789 1008
1038 2 2 1 19 1049 1147 1008
1039 2 2 1 19 1126 794 1113
1040 2 2 1 19 977 1126 1113
1041 2 2 1 19 914 1122 1084
1042 2 2 1 19 856 1105 1037
1043 2 2 1 19 853 133 1098
1044 2 2 1 19 853 1098 1034
1045 2 2 1 19 1094 889 1066
1046 2 2 1 19 1062 1094 1066
1047 2 2 1 19 1072 920 1106
1048 2 2 1 19 1072 1106 1063
1049 2 2 1 19 1088 818 1131
1050 2 2 1 19 1088 1131 1065
1051 2 2 1 19 1104 87 1099
1052 2 2 1 19 1075 1104 1099
1053 2 2 1 19 1129 89 1092
1054 2 2 1 19 113 971 1093
1055 2 2 1 19 1121 891 1086
1056 2 2 1 19 887 880 1087
1057 2 2 1 19 1102 898 1137
1058 2 2 1 19 1103 1000 1146
1059 2 2 1 19 1103 1146 1082
1060 2 2 1 19 1101 896 1133
1061 2 2 1 19 1108 903 60
1062 2 2 1 19 1120 908 896
1063 2 2 1 19 1109 897 884
1064 2 2 1 19 981 940 1135
1065 2 2 1 19 1145 982 63
1066 2 2 1 19 828 908 1120
1067 2 2 1 19 980 813 1136
1068 2 2 1 19 119 120 1069
1069 2 2 1 19 1069 833 119
1070 2 2 1 19 1097 1069 968
1071 2 2 1 19 833 1069 1097
1072 2 2 1 19 1071 100 101
1073 2 2 1 19 1073 98 99
1074 2 2 1 19 97 98 1073
1075 2 2 1 19 1073 976 97
1076 2 2 1 19 976 1073 1081
1077 2 2 1 19 1134 1066 889
1078 2 2 1 19 1056 1066 1134
1079 2 2 1 19 1078 855 933
1080 2 2 1 19 933 1074 1078
1081 2 2 1 19 1078 1074 1000
1082 2 2 1 19 63 64 1145
1083 2 2 1 19 1145 1124 909
1084 2 2 1 19 1145 64 1124
1085 2 2 1 19 788 931 1147
1086 2 2 1 19 1147 931 1015
1087 2 2 1 19 1015 789 1147
1088 2 2 1 19 817 928 1097
1089 2 2 1 19 968 817 1097
1090 2 2 1 19 940 833 1097
1091 2 2 1 19 940 1097 928
1092 2 2 1 19 136 849 1112
1093 2 2 1 19 977 857 1112
1094 2 2 1 19 1113 134 857
1095 2 2 1 19 1113 794 1034
1096 2 2 1 19 1098 1113 1034
1097 2 2 1 19 134 1113 1098
1098 2 2 1 19 70 1061 69
1099 2 2 1 19 1045 1064 1138
1100 2 2 1 19 1138 809 1045
1101 2 2 1 19 1093 112 113
1102 2 2 1 19 914 112 1093
1103 2 2 1 19 62 1077 61
1104 2 2 1 19 982 1077 62
1105 2 2 1 19 1119 809 912
1106 2 2 1 19 60 4 1108
1107 2 2 1 19 1108 4 930
1108 2 2 1 19 1020 1041 979
1109 2 2 1 19 911 116 1135
1110 2 2 1 19 117 981 1135
1111 2 2 1 19 1135 116 117
1112 2 2 1 19 115 1063 114
1113 2 2 1 19 114 1063 971
1114 2 2 1 19 120 121 1069
1115 2 2 1 19 1069 121 1058
1116 2 2 1 19 1029 968 1069
1117 2 2 1 19 1029 1069 1058
1118 2 2 1 19 790 915 989
1119 2 2 1 19 989 915 871
1120 2 2 1 19 871 788 989
1121 2 2 1 19 896 806 1111
1122 2 2 1 19 1111 1120 896
1123 2 2 1 19 1045 1119 1027
1124 2 2 1 19 127 1100 126
1125 2 2 1 19 799 1100 127
1126 2 2 1 19 1042 1032 977
1127 2 2 1 19 1116 902 805
1128 2 2 1 19 1142 876 1116
1129 2 2 1 19 47 48 1004
1130 2 2 1 19 1004 955 47
1131 2 2 1 19 1040 955 1004
1132 2 2 1 19 59 1067 58
1133 2 2 1 19 903 1067 59
1134 2 2 1 19 837 851 1082
1135 2 2 1 19 816 837 1082
1136 2 2 1 19 781 1109 1133
1137 2 2 1 19 1109 884 877
1138 2 2 1 19 1101 1109 877
1139 2 2 1 19 1101 1133 1109
1140 2 2 1 19 999 790 1059
1141 2 2 1 19 790 999 917
1142 2 2 1 19 1012 917 999
1143 2 2 1 19 126 1044 125
1144 2 2 1 19 1044 1018 967
1145 2 2 1 19 805 1132 1116
1146 2 2 1 19 1132 1142 1116
1147 2 2 1 19 1065 887 1134
1148 2 2 1 19 889 1061 1134
1149 2 2 1 19 1065 1134 1061
1150 2 2 1 19 1007 962 785
1151 2 2 1 19 975 1007 785
1152 2 2 1 19 1095 841 1007
1153 2 2 1 19 1007 975 1095
1154 2 2 1 19 1122 929 810
1155 2 2 1 19 810 1050 1122
1156 2 2 1 19 1050 1115 1122
1157 2 2 1 19 907 818 1114
1158 2 2 1 19 1088 1114 818
1159 2 2 1 19 109 110 1115
1160 2 2 1 19 1115 110 1084
1161 2 2 1 19 818 907 1127
1162 2 2 1 19 1110 818 1127
1163 2 2 1 19 1079 1110 1127
1164 2 2 1 19 45 867 997
1165 2 2 1 19 1003 984 1103
1166 2 2 1 19 1103 984 1000
1167 2 2 1 19 1042 947 783
1168 2 2 1 19 1032 1042 783
1169 2 2 1 19 842 947 1042
1170 2 2 1 19 1025 855 1078
1171 2 2 1 19 1078 984 1025
1172 2 2 1 19 984 1078 1000
1173 2 2 1 19 899 78 79
1174 2 2 1 19 1089 1118 925
1175 2 2 1 19 948 85 1118
1176 2 2 1 19 1118 1089 948
1177 2 2 1 19 1133 937 781
1178 2 2 1 19 1133 896 908
1179 2 2 1 19 908 937 1133
1180 2 2 1 19 888 809 1138
1181 2 2 1 19 1107 888 1138
1182 2 2 1 19 1014 998 786
1183 2 2 1 19 998 973 950
1184 2 2 1 19 973 998 1014
1185 2 2 1 19 825 1048 957
1186 2 2 1 19 834 1048 1023
1187 2 2 1 19 957 1048 834
1188 2 2 1 19 1108 1128 903
1189 2 2 1 19 878 903 1128
1190 2 2 1 19 858 1021 779
1191 2 2 1 19 893 909 1124
1192 2 2 1 19 1124 1062 893
1193 2 2 1 19 33 34 1031
1194 2 2 1 19 797 1031 798
1195 2 2 1 19 1031 34 798
1196 2 2 1 19 786 998 1047
1197 2 2 1 19 856 860 1030
1198 2 2 1 19 860 856 1035
1199 2 2 1 19 1105 856 1030
1200 2 2 1 19 1060 1035 856
1201 2 2 1 19 880 828 1120
1202 2 2 1 19 880 1120 1087
1203 2 2 1 19 1064 1045 1148
1204 2 2 1 19 1110 1131 818
1205 2 2 1 19 880 887 1131
1206 2 2 1 19 1131 879 880
1207 2 2 1 19 879 1131 1110
1208 2 2 1 19 1095 827 938
1209 2 2 1 19 841 1095 938
1210 2 2 1 19 928 817 972
1211 2 2 1 19 928 972 895
1212 2 2 1 19 857 135 136
1213 2 2 1 19 1112 857 136
1214 2 2 1 19 849 1037 1105
1215 2 2 1 19 849 1105 1112
1216 2 2 1 19 90 91 1064
1217 2 2 1 19 90 1064 1148
1218 2 2 1 19 1151 1142 1073
1219 2 2 1 19 1073 99 1151
1220 2 2 1 19 1153 885 1139
1221 2 2 1 19 1139 829 1153
1222 2 2 1 19 1042 977 1154
1223 2 2 1 19 1154 977 1112
1224 2 2 1 19 912 952 1156
1225 2 2 1 19 1156 1119 912
1226 2 2 1 19 1157 1009 804
1227 2 2 1 19 1158 1047 998
1228 2 2 1 19 998 787 1158
1229 2 2 1 19 1050 919 1161
1230 2 2 1 19 1163 930 934
1231 2 2 1 19 934 1076 1163
1232 2 2 1 19 1148 1045 1165
1233 2 2 1 19 1165 1045 1027
1234 2 2 1 19 1166 1071 101
1235 2 2 1 19 987 852 1167
1236 2 2 1 19 1167 852 1033
1237 2 2 1 19 83 84 1168
1238 2 2 1 19 1168 84 948
1239 2 2 1 19 1168 921 83
1240 2 2 1 19 1061 70 1169
1241 2 2 1 19 1169 1065 1061
1242 2 2 1 19 1170 785 885
1243 2 2 1 19 1053 785 1170
1244 2 2 1 19 1171 1038 871
1245 2 2 1 19 871 961 1171
1246 2 2 1 19 860 1038 1171
1247 2 2 1 19 1172 896 1101
1248 2 2 1 19 806 896 1172
1249 2 2 1 19 1173 1101 877
1250 2 2 1 19 877 1102 1173
1251 2 2 1 19 924 811 1174
1252 2 2 1 19 1174 1012 924
1253 2 2 1 19 1175 1013 922
1254 2 2 1 19 1177 1128 1137
1255 2 2 1 19 878 1128 1177
1256 2 2 1 19 1178 1004 1051
1257 2 2 1 19 1181 934 808
1258 2 2 1 19 934 1181 1076
1259 2 2 1 19 1011 860 1171
1260 2 2 1 19 1011 1171 961
1261 2 2 1 19 1065 1169 1088
1262 2 2 1 19 1108 930 1163
1263 2 2 1 19 1108 1163 1128
1264 2 2 1 19 1101 1173 1172
1265 2 2 1 19 1071 1166 876
1266 2 2 1 19 1151 99 100
1267 2 2 1 19 1071 1151 100
1268 2 2 1 19 1151 1071 876
1269 2 2 1 19 1142 1151 876
1270 2 2 1 19 792 1013 1175
1271 2 2 1 19 1174 811 1155
1272 2 2 1 19 1076 1173 1102
1273 2 2 1 19 886 1009 1157
1274 2 2 1 19 843 851 1162
1275 2 2 1 19 1115 1084 1122
1276 2 2 1 19 1120 1111 1087
1277 2 2 1 19 815 922 1180
1278 2 2 1 19 823 815 1180
1279 2 2 1 19 823 1180 1053
1280 2 2 1 19 1136 1160 1150
1281 2 2 1 19 1166 101 102
1282 2 2 1 19 1137 1128 1076
1283 2 2 1 19 1128 1163 1076
1284 2 2 1 19 1076 1102 1137
1285 2 2 1 19 27 28 1162
1286 2 2 1 19 892 1143 1159
1287 2 2 1 19 899 892 1159
1288 2 2 1 19 1160 102 103
1289 2 2 1 19 102 1160 1166
1290 2 2 1 19 1166 1160 1136
1291 2 2 1 19 1179 888 1107
1292 2 2 1 19 1107 1090 1179
1293 2 2 1 19 997 44 45
1294 2 2 1 19 1152 91 92
1295 2 2 1 19 1152 1064 91
1296 2 2 1 19 1138 1064 1152
1297 2 2 1 19 823 1053 1170
1298 2 2 1 19 1154 1030 1042
1299 2 2 1 19 1154 1112 1105
1300 2 2 1 19 1105 1030 1154
1301 2 2 1 19 922 820 1175
1302 2 2 1 19 1175 820 1027
1303 2 2 1 19 1119 1175 1027
1304 2 2 1 19 1175 1119 1156
1305 2 2 1 19 1103 1033 1003
1306 2 2 1 19 1082 1033 1103
1307 2 2 1 19 1137 898 1177
1308 2 2 1 19 1177 905 1123
1309 2 2 1 19 878 1177 1123
1310 2 2 1 19 956 886 1176
1311 2 2 1 19 1176 1125 956
1312 2 2 1 19 805 1176 1132
1313 2 2 1 19 1176 805 1125
1314 2 2 1 19 1180 922 1013
1315 2 2 1 19 1013 975 1180
1316 2 2 1 19 1180 975 1053
1317 2 2 1 19 843 1162 28
1318 2 2 1 19 976 1081 1117
1319 2 2 1 19 851 837 1162
1320 2 2 1 19 1162 837 863
1321 2 2 1 19 1162 863 26
1322 2 2 1 19 1162 26 27
1323 2 2 1 19 1123 1067 878
1324 2 2 1 19 1164 1123 1052
1325 2 2 1 19 1067 1123 1164
1326 2 2 1 19 1159 1121 1085
1327 2 2 1 19 1159 1143 1121
1328 2 2 1 19 93 94 1149
1329 2 2 1 19 1149 1090 1107
1330 2 2 1 19 1157 804 912
1331 2 2 1 19 912 888 1157
1332 2 2 1 19 1157 888 1179
1333 2 2 1 19 887 1087 1134
1334 2 2 1 19 1087 1111 1056
1335 2 2 1 19 1134 1087 1056
1336 2 2 1 19 1090 1117 1179
1337 2 2 1 19 956 1009 886
1338 2 2 1 19 994 1009 956
1339 2 2 1 19 1085 932 1159
1340 2 2 1 19 125 967 124
1341 2 2 1 19 1044 967 125
1342 2 2 1 19 1144 105 106
1343 2 2 1 19 106 900 1144
1344 2 2 1 19 1182 838 1021
1345 2 2 1 19 1150 811 980
1346 2 2 1 19 1155 811 1150
1347 2 2 1 19 1150 1144 1155
1348 2 2 1 19 1150 980 1136
1349 2 2 1 19 1127 1068 1086
1350 2 2 1 19 1086 1079 1127
1351 2 2 1 19 806 1181 1141
1352 2 2 1 19 1141 808 909
1353 2 2 1 19 808 1141 1181
1354 2 2 1 19 893 1141 909
1355 2 2 1 19 1172 1181 806
1356 2 2 1 19 1076 1181 1173
1357 2 2 1 19 1173 1181 1172
1358 2 2 1 19 859 1183 797
1359 2 2 1 19 797 1183 1031
1360 2 2 1 19 1031 1183 865
1361 2 2 1 19 886 1157 1179
1362 2 2 1 19 862 1178 870
1363 2 2 1 19 1040 1178 862
1364 2 2 1 19 870 1178 1006
1365 2 2 1 19 1004 1178 1040
1366 2 2 1 19 1164 57 58
1367 2 2 1 19 1067 1164 58
1368 2 2 1 19 1051 50 1184
1369 2 2 1 19 1184 974 1051
1370 2 2 1 19 78 899 1185
1371 2 2 1 19 1185 899 1159
1372 2 2 1 19 1144 900 1187
1373 2 2 1 19 1187 1155 1144
1374 2 2 1 19 1182 1021 1188
1375 2 2 1 19 76 932 1189
1376 2 2 1 19 1189 932 1068
1377 2 2 1 19 1189 75 76
1378 2 2 1 19 1190 859 1055
1379 2 2 1 19 1183 859 1190
1380 2 2 1 19 1192 1127 907
1381 2 2 1 19 1068 1127 1192
1382 2 2 1 19 1193 93 1149
1383 2 2 1 19 1191 921 1168
1384 2 2 1 19 948 1191 1168
1385 2 2 1 19 858 872 1188
1386 2 2 1 19 858 1188 1021
1387 2 2 1 19 1184 50 51
1388 2 2 1 19 92 93 1193
1389 2 2 1 19 92 1193 1152
1390 2 2 1 19 1185 1159 932
1391 2 2 1 19 952 792 1156
1392 2 2 1 19 792 1175 1156
1393 2 2 1 19 1086 1068 1085
1394 2 2 1 19 1085 1121 1086
1395 2 2 1 19 1185 77 78
1396 2 2 1 19 77 1185 932
1397 2 2 1 19 80 899 79
1398 2 2 1 19 1193 1107 1138
1399 2 2 1 19 1138 1152 1193
1400 2 2 1 19 1149 1107 1193
1401 2 2 1 19 74 75 1192
1402 2 2 1 19 1192 907 74
1403 2 2 1 19 1192 1189 1068
1404 2 2 1 19 1192 75 1189
1405 2 2 1 19 1132 1176 1186
1406 2 2 1 19 1186 1117 1081
1407 2 2 1 19 1176 886 1186
1408 2 2 1 19 1179 1117 1186
1409 2 2 1 19 1186 886 1179
1410 2 2 1 19 1012 1161 919
1411 2 2 1 19 1161 1012 1174
1412 2 2 1 19 1161 1174 1155
1413 2 2 1 19 1191 1089 823
1414 2 2 1 19 948 1089 1191
1415 2 2 1 19 1169 70 71
1416 2 2 1 19 1123 905 1140
1417 2 2 1 19 1052 1123 1140
1418 2 2 1 19 1165 1027 951
1419 2 2 1 19 1129 1165 951
1420 2 2 1 19 1165 1129 1092
1421 2 2 1 19 1148 1165 1092
1422 2 2 1 19 1166 1136 876
1423 2 2 1 19 1136 1116 876
1424 2 2 1 19 1136 813 1116
1425 2 2 1 19 1167 851 843
1426 2 2 1 19 987 1167 843
1427 2 2 1 19 851 1167 1082
1428 2 2 1 19 1082 1167 1033
1429 2 2 1 19 847 1006 1024
1430 2 2 1 19 1024 1006 974
1431 2 2 1 19 1006 1051 974
1432 2 2 1 19 1051 1006 1178
1433 2 2 1 19 859 875 795
1434 2 2 1 19 874 859 797
1435 2 2 1 19 875 859 874
1436 2 2 1 19 56 57 1164
1437 2 2 1 19 56 1164 1052
1438 2 2 1 19 1090 1149 1194
1439 2 2 1 19 1195 974 1184
1440 2 2 1 19 1184 51 1195
1441 2 2 1 19 1057 974 1195
1442 2 2 1 19 82 921 1196
1443 2 2 1 19 1196 921 829
1444 2 2 1 19 1088 1169 1197
1445 2 2 1 19 1197 1114 1088
1446 2 2 1 19 1197 1169 71
1447 2 2 1 19 1198 905 1177
1448 2 2 1 19 1177 898 1198
1449 2 2 1 19 1195 51 52
1450 2 2 1 19 1057 1195 52
1451 2 2 1 19 1197 71 72
1452 2 2 1 19 1114 1197 72
1453 2 2 1 19 94 95 1194
1454 2 2 1 19 94 1194 1149
1455 2 2 1 19 81 82 1196
1456 2 2 1 19 1187 1161 1155
1457 2 2 1 19 1199 107 108
1458 2 2 1 19 107 1199 900
1459 2 2 1 19 1055 838 1190
1460 2 2 1 19 1182 1183 1190
1461 2 2 1 19 1190 838 1182
1462 2 2 1 19 979 1041 1140
1463 2 2 1 19 1052 1140 1041
1464 2 2 1 19 1170 1153 823
1465 2 2 1 19 823 1153 1191
1466 2 2 1 19 921 1153 829
1467 2 2 1 19 885 1153 1170
1468 2 2 1 19 1153 921 1191
1469 2 2 1 19 1158 787 848
1470 2 2 1 19 983 1158 848
1471 2 2 1 19 1158 983 1028
1472 2 2 1 19 1028 1047 1158
1473 2 2 1 19 1022 29 30
1474 2 2 1 19 1022 30 846
1475 2 2 1 19 1142 1081 1073
1476 2 2 1 19 1142 1132 1081
1477 2 2 1 19 1132 1186 1081
1478 2 2 1 19 1187 900 1199
1479 2 2 1 19 1115 1050 1199
1480 2 2 1 19 884 1198 898
1481 2 2 1 19 935 905 1198
1482 2 2 1 19 1198 884 926
1483 2 2 1 19 926 916 1198
1484 2 2 1 19 1198 916 935
1485 2 2 1 19 95 96 1194
1486 2 2 1 19 1194 96 976
1487 2 2 1 19 1117 1194 976
1488 2 2 1 19 1194 1117 1090
1489 2 2 1 19 804 1009 1200
1490 2 2 1 19 1028 983 1200
1491 2 2 1 19 1200 983 804
1492 2 2 1 19 838 862 1201
1493 2 2 1 19 870 1021 1201
1494 2 2 1 19 1201 862 870
1495 2 2 1 19 1201 1021 838
1496 2 2 1 19 1202 28 29
1497 2 2 1 19 1202 1022 843
1498 2 2 1 19 843 28 1202
1499 2 2 1 19 29 1022 1202
1500 2 2 1 19 1183 1182 1203
1501 2 2 1 19 1203 865 1183
1502 2 2 1 19 1204 1050 1161
1503 2 2 1 19 1204 1187 1199
1504 2 2 1 19 1199 1050 1204
1505 2 2 1 19 1161 1187 1204
1506 2 2 1 19 1205 80 81
1507 2 2 1 19 81 1196 1205
1508 2 2 1 19 1200 1009 994
1509 2 2 1 19 1028 1200 994
1510 2 2 1 19 829 1205 1196
1511 2 2 1 19 109 1115 108
1512 2 2 1 19 108 1115 1199
1513 2 2 1 19 30 31 846
1514 2 2 1 19 997 793 1055
1515 2 2 1 19 1055 795 861
1516 2 2 1 19 1055 861 997
1517 2 2 1 19 892 899 1205
1518 2 2 1 19 1205 899 80
1519 2 2 1 19 1205 1139 892
1520 2 2 1 19 1205 829 1139
1521 2 2 1 19 1206 846 31
1522 2 2 1 19 43 44 1207
1523 2 2 1 19 997 861 1207
1524 2 2 1 19 1207 44 997
1525 2 2 1 19 1207 861 43
1526 2 2 1 19 1206 31 32
1527 2 2 1 19 32 865 1206
1528 2 2 1 19 1203 1206 865
1529 2 2 1 19 872 846 1203
1530 2 2 1 19 1203 846 1206
1531 2 2 1 19 872 1203 1188
1532 2 2 1 19 1188 1203 1182
1533 2 2 1 19 901 913 781
1534 2 2 1 19 937 901 781
1535 2 2 1 19 65 66 1062
1536 2 2 1 19 65 1062 1124
1537 2 2 1 19 1208 1144 1150
1538 2 2 1 19 1150 1160 1208
1539 2 2 1 19 104 1208 103
1540 2 2 1 19 103 1208 1160
1541 2 2 1 19 105 1208 104
1542 2 2 1 19 1144 1208 105
1543 2 2 2 21 129 1229 128
1544 2 2 2 21 1228 90 91
1545 2 2 2 21 1226 1279 1228
1546 2 2 2 21 1280 1227 1229
1547 2 2 2 21 1229 1227 1273
1548 2 2 2 21 1226 1228 1274
1549 2 2 2 21 1281 1284 1220
1550 2 2 2 21 1283 1282 1221
1551 2 2 2 21 1268 1265 1218
1552 2 2 2 21 1266 1267 1217
1553 2 2 2 21 1272 1270 1286
1554 2 2 2 21 1269 1271 1285
1555 2 2 2 21 1272 1286 1227
1556 2 2 2 21 1285 1271 1226
1557 2 2 2 21 1279 142 141
1558 2 2 2 21 142 1279 1271
1559 2 2 2 21 1271 1279 1226
1560 2 2 2 21 718 1280 719
1561 2 2 2 21 1280 718 1272
1562 2 2 2 21 1280 1272 1227
1563 2 2 2 21 1275 741 742
1564 2 2 2 21 723 1276 722
1565 2 2 2 21 720 719 1280
1566 2 2 2 21 1229 720 1280
1567 2 2 2 21 141 140 1279
1568 2 2 2 21 140 1228 1279
1569 2 2 2 21 91 92 1274
1570 2 2 2 21 1228 91 1274
1571 2 2 2 21 127 128 1273
1572 2 2 2 21 128 1229 1273
1573 2 2 2 21 1293 1210 1214
1574 2 2 2 21 1295 1215 1211
1575 2 2 2 21 1304 1252 1247
1576 2 2 2 21 1305 1215 1295
1577 2 2 2 21 1308 1248 1293
1578 2 2 2 21 1214 1308 1293
1579 2 2 2 21 1254 1310 1295
1580 2 2 2 21 1321 1213 1306
1581 2 2 2 21 1213 1321 1311
1582 2 2 2 21 1322 1277 1217
1583 2 2 2 21 1278 1323 1218
1584 2 2 2 21 1248 1325 1293
1585 2 2 2 21 1327 1251 1306
1586 2 2 2 21 1328 1210 1293
1587 2 2 2 21 1328 1253 1313
1588 2 2 2 21 1329 1212 1302
1589 2 2 2 21 1330 1243 1247
1590 2 2 2 21 1333 1242 1246
1591 2 2 2 21 1335 1238 1318
1592 2 2 2 21 1239 1336 1317
1593 2 2 2 21 1255 1337 1245
1594 2 2 2 21 1234 1337 1302
1595 2 2 2 21 1341 1230 1332
1596 2 2 2 21 1231 1342 1331
1597 2 2 2 21 1344 1248 1308
1598 2 2 2 21 1249 1348 1305
1599 2 2 2 21 1233 1348 1327
1600 2 2 2 21 1349 1256 1246
1601 2 2 2 21 1349 1235 1311
1602 2 2 2 21 1236 1350 1296
1603 2 2 2 21 1351 1237 1298
1604 2 2 2 21 1222 1353 1286
1605 2 2 2 21 1354 1223 1285
1606 2 2 2 21 1230 1355 1316
1607 2 2 2 21 1355 1230 1341
1608 2 2 2 21 1356 1231 1315
1609 2 2 2 21 1231 1356 1342
1610 2 2 2 21 1239 1360 1301
1611 2 2 2 21 1361 1238 1300
1612 2 2 2 21 1251 1362 1306
1613 2 2 2 21 1209 1364 1216
1614 2 2 2 21 1241 1369 1324
1615 2 2 2 21 1370 1215 1305
1616 2 2 2 21 1234 1371 1307
1617 2 2 2 21 1372 1258 1360
1618 2 2 2 21 1258 1372 1351
1619 2 2 2 21 1257 1373 1361
1620 2 2 2 21 1373 1257 1350
1621 2 2 2 21 1377 1223 1342
1622 2 2 2 21 1223 1377 1375
1623 2 2 2 21 1222 1378 1341
1624 2 2 2 21 1378 1222 1374
1625 2 2 2 21 1259 1379 1340
1626 2 2 2 21 1380 1260 1339
1627 2 2 2 21 1234 1381 1371
1628 2 2 2 21 1244 1383 1338
1629 2 2 2 21 1232 1383 1344
1630 2 2 2 21 1384 1251 1327
1631 2 2 2 21 1385 1237 1351
1632 2 2 2 21 731 1386 730
1633 2 2 2 21 1212 1387 1302
1634 2 2 2 21 1387 1212 1309
1635 2 2 2 21 1236 1389 1350
1636 2 2 2 21 1391 1212 1338
1637 2 2 2 21 1215 1392 1297
1638 2 2 2 21 1392 1215 1370
1639 2 2 2 21 1214 1393 1308
1640 2 2 2 21 1231 1394 1315
1641 2 2 2 21 1394 1231 1312
1642 2 2 2 21 1394 1211 1315
1643 2 2 2 21 1395 1230 1316
1644 2 2 2 21 1230 1395 1313
1645 2 2 2 21 1210 1395 1316
1646 2 2 2 21 1213 1396 1306
1647 2 2 2 21 1240 1397 1314
1648 2 2 2 21 1398 1236 1346
1649 2 2 2 21 1236 1398 1319
1650 2 2 2 21 1237 1399 1352
1651 2 2 2 21 1399 1237 1320
1652 2 2 2 21 1400 1214 1299
1653 2 2 2 21 1214 1400 1393
1654 2 2 2 21 1241 1401 1369
1655 2 2 2 21 1401 1241 1334
1656 2 2 2 21 742 1402 1275
1657 2 2 2 21 1403 722 1276
1658 2 2 2 21 1404 1210 1316
1659 2 2 2 21 1277 1404 1316
1660 2 2 2 21 1211 1405 1315
1661 2 2 2 21 1405 1278 1315
1662 2 2 2 21 1212 1406 1309
1663 2 2 2 21 1406 1281 1309
1664 2 2 2 21 1406 1212 1391
1665 2 2 2 21 1407 1238 1361
1666 2 2 2 21 1239 1408 1360
1667 2 2 2 21 1223 1409 1285
1668 2 2 2 21 1409 1269 1285
1669 2 2 2 21 1410 1222 1286
1670 2 2 2 21 1270 1410 1286
1671 2 2 2 21 1411 1219 1368
1672 2 2 2 21 1275 1412 1380
1673 2 2 2 21 1413 1276 1379
1674 2 2 2 21 1224 1414 1268
1675 2 2 2 21 1415 1225 1267
1676 2 2 2 21 1232 1416 1391
1677 2 2 2 21 1417 1234 1302
1678 2 2 2 21 1234 1417 1381
1679 2 2 2 21 1235 1419 1311
1680 2 2 2 21 1419 1291 1311
1681 2 2 2 21 1420 1287 1294
1682 2 2 2 21 1263 1422 1262
1683 2 2 2 21 1423 1264 1261
1684 2 2 2 21 1424 1233 1396
1685 2 2 2 21 1213 1427 1396
1686 2 2 2 21 1262 1429 1415
1687 2 2 2 21 1429 1262 1422
1688 2 2 2 21 1430 1261 1414
1689 2 2 2 21 1261 1430 1423
1690 2 2 2 21 1431 1242 1347
1691 2 2 2 21 1432 1234 1307
1692 2 2 2 21 1243 1432 1307
1693 2 2 2 21 1265 1433 1218
1694 2 2 2 21 1278 1433 1315
1695 2 2 2 21 1433 1278 1218
1696 2 2 2 21 1434 1266 1217
1697 2 2 2 21 1434 1277 1316
1698 2 2 2 21 1277 1434 1217
1699 2 2 2 21 716 1435 717
1700 2 2 2 21 1270 1435 1263
1701 2 2 2 21 1436 144 143
1702 2 2 2 21 1436 1269 1264
1703 2 2 2 21 1437 1244 1326
1704 2 2 2 21 1437 1248 1344
1705 2 2 2 21 1255 1440 1329
1706 2 2 2 21 715 1441 716
1707 2 2 2 21 1442 145 144
1708 2 2 2 21 1443 1287 1381
1709 2 2 2 21 1266 1444 1267
1710 2 2 2 21 1262 1444 1374
1711 2 2 2 21 1445 1265 1268
1712 2 2 2 21 1445 1261 1375
1713 2 2 2 21 1446 1288 1369
1714 2 2 2 21 1225 1448 1413
1715 2 2 2 21 1289 1448 1439
1716 2 2 2 21 1448 1289 1413
1717 2 2 2 21 1449 1224 1412
1718 2 2 2 21 1449 1290 1438
1719 2 2 2 21 1290 1449 1412
1720 2 2 2 21 1450 143 142
1721 2 2 2 21 1450 1271 1269
1722 2 2 2 21 1271 1450 142
1723 2 2 2 21 717 1451 718
1724 2 2 2 21 1272 1451 1270
1725 2 2 2 21 1451 1272 718
1726 2 2 2 21 1441 1435 716
1727 2 2 2 21 1263 1435 1441
1728 2 2 2 21 1436 1442 144
1729 2 2 2 21 1436 1264 1442
1730 2 2 2 21 126 1357 125
1731 2 2 2 21 1415 1444 1262
1732 2 2 2 21 1415 1267 1444
1733 2 2 2 21 1445 1414 1261
1734 2 2 2 21 1268 1414 1445
1735 2 2 2 21 1450 1436 143
1736 2 2 2 21 1269 1436 1450
1737 2 2 2 21 1435 1451 717
1738 2 2 2 21 1435 1270 1451
1739 2 2 2 21 1413 1403 1276
1740 2 2 2 21 1289 1403 1413
1741 2 2 2 21 1402 1412 1275
1742 2 2 2 21 1402 1290 1412
1743 2 2 2 21 1328 1325 1253
1744 2 2 2 21 1293 1325 1328
1745 2 2 2 21 1305 1310 1249
1746 2 2 2 21 1305 1295 1310
1747 2 2 2 21 1329 1337 1255
1748 2 2 2 21 1329 1302 1337
1749 2 2 2 21 1370 1348 1233
1750 2 2 2 21 1305 1348 1370
1751 2 2 2 21 1327 1396 1233
1752 2 2 2 21 1327 1306 1396
1753 2 2 2 21 1321 1362 1256
1754 2 2 2 21 1321 1306 1362
1755 2 2 2 21 1344 1393 1232
1756 2 2 2 21 1344 1308 1393
1757 2 2 2 21 1349 1321 1256
1758 2 2 2 21 1311 1321 1349
1759 2 2 2 21 1328 1395 1210
1760 2 2 2 21 1328 1313 1395
1761 2 2 2 21 1356 1433 1265
1762 2 2 2 21 1356 1315 1433
1763 2 2 2 21 1434 1355 1266
1764 2 2 2 21 1316 1355 1434
1765 2 2 2 21 1323 1336 1260
1766 2 2 2 21 1323 1317 1336
1767 2 2 2 21 1335 1322 1259
1768 2 2 2 21 1318 1322 1335
1769 2 2 2 21 1364 1369 1288
1770 2 2 2 21 1364 1324 1369
1771 2 2 2 21 1384 1348 1249
1772 2 2 2 21 1327 1348 1384
1773 2 2 2 21 1354 1342 1223
1774 2 2 2 21 1331 1342 1354
1775 2 2 2 21 1341 1353 1222
1776 2 2 2 21 1341 1332 1353
1777 2 2 2 21 1334 1382 1401
1778 2 2 2 21 1391 1383 1232
1779 2 2 2 21 1338 1383 1391
1780 2 2 2 21 1355 1378 1266
1781 2 2 2 21 1355 1341 1378
1782 2 2 2 21 1377 1356 1265
1783 2 2 2 21 1342 1356 1377
1784 2 2 2 21 1345 1440 1255
1785 2 2 2 21 1437 1383 1244
1786 2 2 2 21 1344 1383 1437
1787 2 2 2 21 1398 1368 1219
1788 2 2 2 21 1346 1368 1398
1789 2 2 2 21 1373 1389 1220
1790 2 2 2 21 1373 1350 1389
1791 2 2 2 21 1385 1372 1221
1792 2 2 2 21 1351 1372 1385
1793 2 2 2 21 1382 1352 1399
1794 2 2 2 21 1372 1408 1221
1795 2 2 2 21 1372 1360 1408
1796 2 2 2 21 1407 1373 1220
1797 2 2 2 21 1361 1373 1407
1798 2 2 2 21 1411 1397 1240
1799 2 2 2 21 1368 1397 1411
1800 2 2 2 21 1369 1401 1446
1801 2 2 2 21 1420 1381 1287
1802 2 2 2 21 1371 1381 1420
1803 2 2 2 21 1378 1444 1266
1804 2 2 2 21 1378 1374 1444
1805 2 2 2 21 1445 1377 1265
1806 2 2 2 21 1375 1377 1445
1807 2 2 2 21 1381 1417 1443
1808 2 2 2 21 1406 1416 1281
1809 2 2 2 21 1406 1391 1416
1810 2 2 2 21 1424 1427 1282
1811 2 2 2 21 1424 1396 1427
1812 2 2 2 21 1441 1422 1263
1813 2 2 2 21 1423 1442 1264
1814 2 2 2 21 1218 1425 1268
1815 2 2 2 21 1425 1218 1323
1816 2 2 2 21 1260 1425 1323
1817 2 2 2 21 1426 1217 1267
1818 2 2 2 21 1217 1426 1322
1819 2 2 2 21 1426 1259 1322
1820 2 2 2 21 1313 1253 1292
1821 2 2 2 21 1326 1244 1250
1822 2 2 2 21 1345 114 115
1823 2 2 2 21 1345 1255 1245
1824 2 2 2 21 1242 1333 1359
1825 2 2 2 21 1365 109 110
1826 2 2 2 21 1428 1365 1252
1827 2 2 2 21 120 1366 119
1828 2 2 2 21 1367 110 111
1829 2 2 2 21 1365 110 1367
1830 2 2 2 21 1367 1247 1252
1831 2 2 2 21 1252 1365 1367
1832 2 2 2 21 1247 1367 1330
1833 2 2 2 21 117 1376 116
1834 2 2 2 21 1250 1440 1376
1835 2 2 2 21 114 1388 113
1836 2 2 2 21 1388 114 1345
1837 2 2 2 21 1245 1388 1345
1838 2 2 2 21 1390 105 106
1839 2 2 2 21 1246 1390 1333
1840 2 2 2 21 1247 1307 1304
1841 2 2 2 21 1307 1247 1243
1842 2 2 2 21 98 1418 97
1843 2 2 2 21 1421 121 122
1844 2 2 2 21 1421 1253 1325
1845 2 2 2 21 1431 1235 1349
1846 2 2 2 21 1246 1431 1349
1847 2 2 2 21 1431 1246 1242
1848 2 2 2 21 1447 726 727
1849 2 2 2 21 728 1447 727
1850 2 2 2 21 1336 1339 1260
1851 2 2 2 21 1340 1335 1259
1852 2 2 2 21 1237 1352 1298
1853 2 2 2 21 1346 1236 1296
1854 2 2 2 21 1234 1432 1337
1855 2 2 2 21 1432 1245 1337
1856 2 2 2 21 1245 1432 1243
1857 2 2 2 21 1338 1212 1329
1858 2 2 2 21 1338 1250 1244
1859 2 2 2 21 1338 1440 1250
1860 2 2 2 21 1338 1329 1440
1861 2 2 2 21 1416 1232 1393
1862 2 2 2 21 1416 1284 1281
1863 2 2 2 21 1416 1400 1284
1864 2 2 2 21 1393 1400 1416
1865 2 2 2 21 1425 1224 1268
1866 2 2 2 21 1425 1412 1224
1867 2 2 2 21 1425 1260 1380
1868 2 2 2 21 1425 1380 1412
1869 2 2 2 21 1225 1426 1267
1870 2 2 2 21 1413 1426 1225
1871 2 2 2 21 1259 1426 1379
1872 2 2 2 21 1379 1426 1413
1873 2 2 2 21 1233 1424 1370
1874 2 2 2 21 1283 1424 1282
1875 2 2 2 21 1392 1424 1283
1876 2 2 2 21 1392 1370 1424
1877 2 2 2 21 1317 1408 1239
1878 2 2 2 21 1408 1283 1221
1879 2 2 2 21 1407 1318 1238
1880 2 2 2 21 1284 1407 1220
1881 2 2 2 21 1385 1320 1237
1882 2 2 2 21 1282 1385 1221
1883 2 2 2 21 1287 1411 1294
1884 2 2 2 21 1411 1287 1219
1885 2 2 2 21 1223 1375 1409
1886 2 2 2 21 1409 1264 1269
1887 2 2 2 21 1264 1409 1261
1888 2 2 2 21 1375 1261 1409
1889 2 2 2 21 1374 1222 1410
1890 2 2 2 21 1263 1410 1270
1891 2 2 2 21 1410 1263 1262
1892 2 2 2 21 1262 1374 1410
1893 2 2 2 21 1215 1405 1211
1894 2 2 2 21 1405 1215 1297
1895 2 2 2 21 1404 1214 1210
1896 2 2 2 21 1214 1404 1299
1897 2 2 2 21 1303 1347 1428
1898 2 2 2 21 1319 1389 1236
1899 2 2 2 21 1389 1281 1220
1900 2 2 2 21 90 140 5
1901 2 2 2 21 1228 140 90
1902 2 2 2 21 720 129 6
1903 2 2 2 21 720 1229 129
1904 2 2 2 21 1446 1291 1288
1905 2 2 2 21 1320 1446 1399
1906 2 2 2 21 1443 1219 1287
1907 2 2 2 21 1443 1398 1219
1908 2 2 2 21 1443 1319 1398
1909 2 2 2 21 1333 106 107
1910 2 2 2 21 1390 106 1333
1911 2 2 2 21 1452 1253 1421
1912 2 2 2 21 1253 1452 1292
1913 2 2 2 21 1453 1325 1248
1914 2 2 2 21 1454 1258 1351
1915 2 2 2 21 1298 1454 1351
1916 2 2 2 21 1324 1456 1241
1917 2 2 2 21 1456 1363 1241
1918 2 2 2 21 1456 1324 1294
1919 2 2 2 21 1390 1457 105
1920 2 2 2 21 1314 1459 1240
1921 2 2 2 21 1459 1363 1240
1922 2 2 2 21 1292 1460 1458
1923 2 2 2 21 732 1461 731
1924 2 2 2 21 1310 1462 1249
1925 2 2 2 21 1257 1463 1350
1926 2 2 2 21 1463 1296 1350
1927 2 2 2 21 1464 1298 1352
1928 2 2 2 21 1307 1465 1304
1929 2 2 2 21 1465 1307 1371
1930 2 2 2 21 1241 1466 1334
1931 2 2 2 21 1296 1467 1346
1932 2 2 2 21 1286 1468 1227
1933 2 2 2 21 1468 1286 1353
1934 2 2 2 21 1469 1285 1226
1935 2 2 2 21 1285 1469 1354
1936 2 2 2 21 1470 124 125
1937 2 2 2 21 1470 1357 1458
1938 2 2 2 21 1357 1470 125
1939 2 2 2 21 95 1471 94
1940 2 2 2 21 1471 1358 94
1941 2 2 2 21 1472 1384 1249
1942 2 2 2 21 1473 1362 1251
1943 2 2 2 21 1407 1475 1318
1944 2 2 2 21 1475 1407 1284
1945 2 2 2 21 1475 1299 1318
1946 2 2 2 21 1476 1254 1312
1947 2 2 2 21 1235 1477 1216
1948 2 2 2 21 1347 1477 1431
1949 2 2 2 21 1477 1235 1431
1950 2 2 2 21 1258 1478 1360
1951 2 2 2 21 1478 1301 1360
1952 2 2 2 21 1479 1257 1361
1953 2 2 2 21 1300 1479 1361
1954 2 2 2 21 1480 107 108
1955 2 2 2 21 1480 1359 1333
1956 2 2 2 21 107 1480 1333
1957 2 2 2 21 1481 725 726
1958 2 2 2 21 739 1482 738
1959 2 2 2 21 1483 1310 1254
1960 2 2 2 21 1418 1483 1254
1961 2 2 2 21 1484 1345 115
1962 2 2 2 21 1484 1376 1440
1963 2 2 2 21 1345 1484 1440
1964 2 2 2 21 1397 1485 1314
1965 2 2 2 21 1485 1386 1314
1966 2 2 2 21 1301 1486 1239
1967 2 2 2 21 1486 1336 1239
1968 2 2 2 21 1487 1300 1238
1969 2 2 2 21 1335 1487 1238
1970 2 2 2 21 1384 1488 1251
1971 2 2 2 21 1490 1209 1216
1972 2 2 2 21 1490 1347 1303
1973 2 2 2 21 1209 1490 1303
1974 2 2 2 21 103 1491 102
1975 2 2 2 21 1362 1493 1256
1976 2 2 2 21 723 1494 1276
1977 2 2 2 21 1494 1379 1276
1978 2 2 2 21 1495 741 1275
1979 2 2 2 21 1380 1495 1275
1980 2 2 2 21 1283 1496 1392
1981 2 2 2 21 1496 1297 1392
1982 2 2 2 21 1498 1309 1281
1983 2 2 2 21 1498 1389 1319
1984 2 2 2 21 1389 1498 1281
1985 2 2 2 21 1309 1498 1319
1986 2 2 2 21 1499 1291 1446
1987 2 2 2 21 1320 1499 1446
1988 2 2 2 21 1500 1277 1322
1989 2 2 2 21 1318 1500 1322
1990 2 2 2 21 1278 1501 1323
1991 2 2 2 21 1501 1317 1323
1992 2 2 2 21 1359 1502 1428
1993 2 2 2 21 1502 1365 1428
1994 2 2 2 21 1385 1503 1320
1995 2 2 2 21 1503 1385 1282
1996 2 2 2 21 1505 1363 1456
1997 2 2 2 21 1363 1505 1240
1998 2 2 2 21 1294 1505 1456
1999 2 2 2 21 1505 1411 1240
2000 2 2 2 21 1294 1411 1505
2001 2 2 2 21 1400 1475 1284
2002 2 2 2 21 1400 1299 1475
2003 2 2 2 21 1461 1386 731
2004 2 2 2 21 1314 1386 1461
2005 2 2 2 21 1477 1490 1216
2006 2 2 2 21 1477 1347 1490
2007 2 2 2 21 1462 1472 1249
2008 2 2 2 21 1488 1473 1251
2009 2 2 2 21 1457 104 105
2010 2 2 2 21 1343 104 1457
2011 2 2 2 21 116 1484 115
2012 2 2 2 21 116 1376 1484
2013 2 2 2 21 1472 1488 1384
2014 2 2 2 21 1473 1493 1362
2015 2 2 2 21 1504 1492 1209
2016 2 2 2 21 1358 1455 1331
2017 2 2 2 21 1470 1460 124
2018 2 2 2 21 1458 1460 1470
2019 2 2 2 21 1502 109 1365
2020 2 2 2 21 1301 1478 1482
2021 2 2 2 21 1482 1478 738
2022 2 2 2 21 1478 737 738
2023 2 2 2 21 1460 123 124
2024 2 2 2 21 123 1460 1452
2025 2 2 2 21 1460 1292 1452
2026 2 2 2 21 1447 1463 1257
2027 2 2 2 21 1463 1447 728
2028 2 2 2 21 1479 1300 1481
2029 2 2 2 21 1479 1447 1257
2030 2 2 2 21 1447 1479 726
2031 2 2 2 21 1479 1481 726
2032 2 2 2 21 122 123 1452
2033 2 2 2 21 1421 122 1452
2034 2 2 2 21 1489 733 1474
2035 2 2 2 21 734 1474 733
2036 2 2 2 21 1495 740 741
2037 2 2 2 21 740 1495 1339
2038 2 2 2 21 1495 1380 1339
2039 2 2 2 21 724 1494 723
2040 2 2 2 21 1494 724 1340
2041 2 2 2 21 1379 1494 1340
2042 2 2 2 21 1489 732 733
2043 2 2 2 21 1489 1461 732
2044 2 2 2 21 1382 1399 1401
2045 2 2 2 21 1399 1446 1401
2046 2 2 2 21 1363 1466 1241
2047 2 2 2 21 1459 1466 1363
2048 2 2 2 21 1297 1496 1317
2049 2 2 2 21 1496 1408 1317
2050 2 2 2 21 1408 1496 1283
2051 2 2 2 21 1291 1499 1311
2052 2 2 2 21 1499 1213 1311
2053 2 2 2 21 109 1502 108
2054 2 2 2 21 1359 1480 1502
2055 2 2 2 21 1502 1480 108
2056 2 2 2 21 1504 1303 1304
2057 2 2 2 21 1303 1504 1209
2058 2 2 2 21 1304 1465 1504
2059 2 2 2 21 1497 1353 1332
2060 2 2 2 21 1332 1357 1497
2061 2 2 2 21 1497 1468 1353
2062 2 2 2 21 1501 1278 1405
2063 2 2 2 21 1297 1501 1405
2064 2 2 2 21 1501 1297 1317
2065 2 2 2 21 1485 1368 1346
2066 2 2 2 21 1467 1485 1346
2067 2 2 2 21 1485 1397 1368
2068 2 2 2 21 1277 1500 1404
2069 2 2 2 21 1500 1299 1404
2070 2 2 2 21 1299 1500 1318
2071 2 2 2 21 1457 1246 1256
2072 2 2 2 21 1246 1457 1390
2073 2 2 2 21 1343 1457 1493
2074 2 2 2 21 1493 1457 1256
2075 2 2 2 21 1310 1483 1462
2076 2 2 2 21 1387 1417 1302
2077 2 2 2 21 1319 1387 1309
2078 2 2 2 21 1443 1387 1319
2079 2 2 2 21 1443 1417 1387
2080 2 2 2 21 1448 1225 1415
2081 2 2 2 21 1415 1429 1448
2082 2 2 2 21 1224 1449 1414
2083 2 2 2 21 1430 1414 1449
2084 2 2 2 21 1453 1366 120
2085 2 2 2 21 1453 1421 1325
2086 2 2 2 21 121 1421 1453
2087 2 2 2 21 120 121 1453
2088 2 2 2 21 1419 1235 1216
2089 2 2 2 21 1419 1288 1291
2090 2 2 2 21 1364 1288 1419
2091 2 2 2 21 1364 1419 1216
2092 2 2 2 21 1471 1455 1358
2093 2 2 2 21 1292 1458 1313
2094 2 2 2 21 1332 1458 1357
2095 2 2 2 21 1476 1418 1254
2096 2 2 2 21 1211 1394 1295
2097 2 2 2 21 1254 1394 1312
2098 2 2 2 21 1394 1254 1295
2099 2 2 2 21 1301 1482 1486
2100 2 2 2 21 1486 1339 1336
2101 2 2 2 21 1481 1300 1487
2102 2 2 2 21 1340 1487 1335
2103 2 2 2 21 1506 98 99
2104 2 2 2 21 1506 1462 1483
2105 2 2 2 21 111 1507 1367
2106 2 2 2 21 1507 1330 1367
2107 2 2 2 21 1289 1508 1403
2108 2 2 2 21 1509 1290 1402
2109 2 2 2 21 1510 1252 1304
2110 2 2 2 21 1510 1303 1428
2111 2 2 2 21 1303 1510 1304
2112 2 2 2 21 1252 1510 1428
2113 2 2 2 21 127 1511 126
2114 2 2 2 21 1497 1511 1273
2115 2 2 2 21 1511 127 1273
2116 2 2 2 21 1230 1512 1332
2117 2 2 2 21 1458 1512 1313
2118 2 2 2 21 1512 1458 1332
2119 2 2 2 21 1512 1230 1313
2120 2 2 2 21 1513 1231 1331
2121 2 2 2 21 1513 1455 1312
2122 2 2 2 21 1455 1513 1331
2123 2 2 2 21 1231 1513 1312
2124 2 2 2 21 1514 1290 1509
2125 2 2 2 21 1289 1515 1508
2126 2 2 2 21 1298 1516 1454
2127 2 2 2 21 1517 118 119
2128 2 2 2 21 1518 739 740
2129 2 2 2 21 1518 1339 1486
2130 2 2 2 21 1339 1518 740
2131 2 2 2 21 725 1519 724
2132 2 2 2 21 1340 1519 1487
2133 2 2 2 21 1519 1340 724
2134 2 2 2 21 1521 1331 1354
2135 2 2 2 21 1331 1521 1358
2136 2 2 2 21 1523 117 118
2137 2 2 2 21 1524 1248 1437
2138 2 2 2 21 1248 1524 1453
2139 2 2 2 21 1525 712 13
2140 2 2 2 21 1525 721 1508
2141 2 2 2 21 721 1525 13
2142 2 2 2 21 148 1526 14
2143 2 2 2 21 743 1526 1509
2144 2 2 2 21 1526 743 14
2145 2 2 2 21 1527 1245 1243
2146 2 2 2 21 1527 1330 1388
2147 2 2 2 21 1330 1527 1243
2148 2 2 2 21 1245 1527 1388
2149 2 2 2 21 1517 1523 118
2150 2 2 2 21 1517 1326 1523
2151 2 2 2 21 1509 742 743
2152 2 2 2 21 1402 742 1509
2153 2 2 2 21 722 1508 721
2154 2 2 2 21 722 1403 1508
2155 2 2 2 21 1524 1366 1453
2156 2 2 2 21 1506 1418 98
2157 2 2 2 21 1483 1418 1506
2158 2 2 2 21 1469 1521 1354
2159 2 2 2 21 1366 1517 119
2160 2 2 2 21 112 1507 111
2161 2 2 2 21 1511 1357 126
2162 2 2 2 21 1497 1357 1511
2163 2 2 2 21 1518 1482 739
2164 2 2 2 21 1486 1482 1518
2165 2 2 2 21 1481 1519 725
2166 2 2 2 21 1481 1487 1519
2167 2 2 2 21 1525 1515 712
2168 2 2 2 21 1508 1515 1525
2169 2 2 2 21 1514 1526 148
2170 2 2 2 21 1514 1509 1526
2171 2 2 2 21 147 1514 148
2172 2 2 2 21 1515 713 712
2173 2 2 2 21 1522 92 93
2174 2 2 2 21 92 1522 1274
2175 2 2 2 21 1520 97 1418
2176 2 2 2 21 97 1520 96
2177 2 2 2 21 1476 1520 1418
2178 2 2 2 21 1520 95 96
2179 2 2 2 21 1471 95 1520
2180 2 2 2 21 1330 112 1388
2181 2 2 2 21 1330 1507 112
2182 2 2 2 21 113 1388 112
2183 2 2 2 21 1290 1514 1438
2184 2 2 2 21 1515 1289 1439
2185 2 2 2 21 1455 1476 1312
2186 2 2 2 21 1455 1520 1476
2187 2 2 2 21 1520 1455 1471
2188 2 2 2 21 1516 735 736
2189 2 2 2 21 1516 1298 1464
2190 2 2 2 21 1227 1468 1273
2191 2 2 2 21 1468 1497 1273
2192 2 2 2 21 1469 1226 1274
2193 2 2 2 21 1522 1469 1274
2194 2 2 2 21 1523 1326 1250
2195 2 2 2 21 1376 1523 1250
2196 2 2 2 21 1523 1376 117
2197 2 2 2 21 1343 103 104
2198 2 2 2 21 735 1464 734
2199 2 2 2 21 734 1464 1474
2200 2 2 2 21 1516 1464 735
2201 2 2 2 21 1454 736 737
2202 2 2 2 21 1454 737 1478
2203 2 2 2 21 1454 1478 1258
2204 2 2 2 21 1454 1516 736
2205 2 2 2 21 1467 729 730
2206 2 2 2 21 1386 1467 730
2207 2 2 2 21 1386 1485 1467
2208 2 2 2 21 1359 1347 1242
2209 2 2 2 21 1428 1347 1359
2210 2 2 2 21 1282 1427 1503
2211 2 2 2 21 1427 1213 1503
2212 2 2 2 21 1213 1499 1503
2213 2 2 2 21 1503 1499 1320
2214 2 2 2 21 1430 1449 1438
2215 2 2 2 21 1448 1429 1439
2216 2 2 2 21 1466 1489 1474
2217 2 2 2 21 1466 1474 1334
2218 2 2 2 21 1492 1294 1324
2219 2 2 2 21 1294 1492 1420
2220 2 2 2 21 713 1439 714
2221 2 2 2 21 1515 1439 713
2222 2 2 2 21 1438 147 146
2223 2 2 2 21 1438 1514 147
2224 2 2 2 21 1528 1364 1209
2225 2 2 2 21 1528 1492 1324
2226 2 2 2 21 1492 1528 1209
2227 2 2 2 21 1364 1528 1324
2228 2 2 2 21 1529 1430 1438
2229 2 2 2 21 146 1529 1438
2230 2 2 2 21 1429 1530 1439
2231 2 2 2 21 1530 714 1439
2232 2 2 2 21 1531 728 729
2233 2 2 2 21 1531 1296 1463
2234 2 2 2 21 728 1531 1463
2235 2 2 2 21 1530 715 714
2236 2 2 2 21 145 1529 146
2237 2 2 2 21 1467 1531 729
2238 2 2 2 21 1467 1296 1531
2239 2 2 2 21 1521 1522 1358
2240 2 2 2 21 1521 1469 1522
2241 2 2 2 21 1343 1493 1491
2242 2 2 2 21 103 1343 1491
2243 2 2 2 21 1473 1491 1493
2244 2 2 2 21 1441 715 1530
2245 2 2 2 21 1530 1422 1441
2246 2 2 2 21 1429 1422 1530
2247 2 2 2 21 145 1442 1529
2248 2 2 2 21 1423 1529 1442
2249 2 2 2 21 1423 1430 1529
2250 2 2 2 21 1420 1465 1371
2251 2 2 2 21 1492 1465 1420
2252 2 2 2 21 1504 1465 1492
2253 2 2 2 21 1366 1524 1517
2254 2 2 2 21 1326 1524 1437
2255 2 2 2 21 1517 1524 1326
2256 2 2 2 21 1474 1382 1334
2257 2 2 2 21 1382 1464 1352
2258 2 2 2 21 1474 1464 1382
2259 2 2 2 21 1314 1461 1459
2260 2 2 2 21 1489 1459 1461
2261 2 2 2 21 1489 1466 1459
2262 2 2 2 21 1491 1473 1488
2263 2 2 2 21 1532 93 94
2264 2 2 2 21 1532 1358 1522
2265 2 2 2 21 1358 1532 94
2266 2 2 2 21 93 1532 1522
2267 2 2 2 21 1491 1533 102
2268 2 2 2 21 1533 1491 1488
2269 2 2 2 21 1533 101 102
2270 2 2 2 21 1472 1533 1488
2271 2 2 2 21 100 1534 99
2272 2 2 2 21 1462 1534 1472
2273 2 2 2 21 1534 100 1472
2274 2 2 2 21 1534 1506 99
2275 2 2 2 21 1462 1506 1534
2276 2 2 2 21 101 1472 100
2277 2 2 2 21 101 1533 1472
2278 2 2 2 23 706 705 9
2279 2 2 2 23 1544 155 156
2280 2 2 2 23 153 154 1545
2281 2 2 2 23 1546 152 153
2282 2 2 2 23 153 1545 1546
2283 2 2 2 23 1547 151 152
2284 2 2 2 23 1546 1547 152
2285 2 2 2 23 1547 741 742
2286 2 2 2 23 741 1547 1546
2287 2 2 2 23 1548 150 151
2288 2 2 2 23 1547 1548 151
2289 2 2 2 23 1548 742 743
2290 2 2 2 23 742 1548 1547
2291 2 2 2 23 1567 732 733
2292 2 2 2 23 1568 730 731
2293 2 2 2 23 1573 1568 1541
2294 2 2 2 23 732 1567 1574
2295 2 2 2 23 1580 154 155
2296 2 2 2 23 1545 154 1580
2297 2 2 2 23 155 1544 1580
2298 2 2 2 23 737 738 1581
2299 2 2 2 23 1581 738 1543
2300 2 2 2 23 1582 740 741
2301 2 2 2 23 1582 1546 1545
2302 2 2 2 23 1545 740 1582
2303 2 2 2 23 741 1546 1582
2304 2 2 2 23 739 740 1583
2305 2 2 2 23 1583 740 1545
2306 2 2 2 23 1580 1544 1583
2307 2 2 2 23 1580 1583 1545
2308 2 2 2 23 1569 183 184
2309 2 2 2 23 1569 184 185
2310 2 2 2 23 1574 731 732
2311 2 2 2 23 706 707 1586
2312 2 2 2 23 569 570 1607
2313 2 2 2 23 361 362 1611
2314 2 2 2 23 1563 1561 1611
2315 2 2 2 23 313 314 1613
2316 2 2 2 23 522 523 1614
2317 2 2 2 23 1615 208 209
2318 2 2 2 23 180 181 1654
2319 2 2 2 23 1658 1656 1569
2320 2 2 2 23 1569 1565 1658
2321 2 2 2 23 183 1569 1656
2322 2 2 2 23 1587 544 545
2323 2 2 2 23 199 200 1662
2324 2 2 2 23 1612 256 257
2325 2 2 2 23 1617 375 376
2326 2 2 2 23 376 1610 1617
2327 2 2 2 23 1617 1610 1560
2328 2 2 2 23 374 375 1617
2329 2 2 2 23 446 447 1609
2330 2 2 2 23 1621 212 213
2331 2 2 2 23 211 212 1621
2332 2 2 2 23 1620 575 576
2333 2 2 2 23 523 524 1622
2334 2 2 2 23 1622 1614 523
2335 2 2 2 23 1556 1614 1622
2336 2 2 2 23 525 526 1608
2337 2 2 2 23 1622 524 525
2338 2 2 2 23 525 1608 1622
2339 2 2 2 23 1622 1608 1556
2340 2 2 2 23 1624 360 361
2341 2 2 2 23 361 1611 1624
2342 2 2 2 23 1624 1611 1561
2343 2 2 2 23 359 360 1624
2344 2 2 2 23 1625 307 308
2345 2 2 2 23 1563 1611 1626
2346 2 2 2 23 1626 363 364
2347 2 2 2 23 205 206 1637
2348 2 2 2 23 1636 186 187
2349 2 2 2 23 185 186 1636
2350 2 2 2 23 1636 1569 185
2351 2 2 2 23 1565 1569 1636
2352 2 2 2 23 1634 1561 1563
2353 2 2 2 23 1665 1606 1562
2354 2 2 2 23 1665 1605 1607
2355 2 2 2 23 1553 1539 1538
2356 2 2 2 23 1657 1564 1633
2357 2 2 2 23 1632 1633 1557
2358 2 2 2 23 1656 182 183
2359 2 2 2 23 181 182 1656
2360 2 2 2 23 1654 181 1656
2361 2 2 2 23 1647 173 174
2362 2 2 2 23 1609 1599 1644
2363 2 2 2 23 1658 1572 1575
2364 2 2 2 23 1630 1618 1662
2365 2 2 2 23 739 1544 1543
2366 2 2 2 23 1543 738 739
2367 2 2 2 23 739 1583 1544
2368 2 2 2 23 1571 166 167
2369 2 2 2 23 1618 197 198
2370 2 2 2 23 229 230 1674
2371 2 2 2 23 1680 538 539
2372 2 2 2 23 1681 504 505
2373 2 2 2 23 505 506 1682
2374 2 2 2 23 1682 1681 505
2375 2 2 2 23 1598 1681 1684
2376 2 2 2 23 1703 1571 1570
2377 2 2 2 23 1704 1556 1608
2378 2 2 2 23 1712 368 369
2379 2 2 2 23 737 1581 1713
2380 2 2 2 23 1714 568 569
2381 2 2 2 23 1714 1607 1605
2382 2 2 2 23 569 1607 1714
2383 2 2 2 23 366 367 1717
2384 2 2 2 23 1729 1567 1566
2385 2 2 2 23 1733 1659 1562
2386 2 2 2 23 476 477 1739
2387 2 2 2 23 1744 8 208
2388 2 2 2 23 208 1615 1744
2389 2 2 2 23 632 633 1748
2390 2 2 2 23 1605 1665 1749
2391 2 2 2 23 251 252 1750
2392 2 2 2 23 1754 565 566
2393 2 2 2 23 1765 622 623
2394 2 2 2 23 1766 1625 308
2395 2 2 2 23 1768 1657 1637
2396 2 2 2 23 1770 1570 1571
2397 2 2 2 23 1772 625 626
2398 2 2 2 23 494 495 1779
2399 2 2 2 23 1782 1608 526
2400 2 2 2 23 526 527 1782
2401 2 2 2 23 1603 1688 1785
2402 2 2 2 23 1785 1688 1588
2403 2 2 2 23 399 400 1787
2404 2 2 2 23 1790 1576 1660
2405 2 2 2 23 209 210 1791
2406 2 2 2 23 1791 1615 209
2407 2 2 2 23 1606 1559 1733
2408 2 2 2 23 1606 1733 1562
2409 2 2 2 23 1631 1556 1704
2410 2 2 2 23 1791 210 211
2411 2 2 2 23 1720 1559 1620
2412 2 2 2 23 305 306 1761
2413 2 2 2 23 305 1761 1616
2414 2 2 2 23 654 655 1740
2415 2 2 2 23 1737 202 203
2416 2 2 2 23 1604 1717 1712
2417 2 2 2 23 1722 651 652
2418 2 2 2 23 330 331 1670
2419 2 2 2 23 1677 1596 1680
2420 2 2 2 23 1728 1641 1685
2421 2 2 2 23 1678 1728 1685
2422 2 2 2 23 1682 1597 1684
2423 2 2 2 23 1682 1684 1681
2424 2 2 2 23 1693 1667 1688
2425 2 2 2 23 1692 1599 1609
2426 2 2 2 23 1595 1599 1692
2427 2 2 2 23 1752 1605 1749
2428 2 2 2 23 1768 1637 206
2429 2 2 2 23 367 368 1712
2430 2 2 2 23 367 1712 1717
2431 2 2 2 23 400 401 1695
2432 2 2 2 23 400 1695 1787
2433 2 2 2 23 588 589 1694
2434 2 2 2 23 435 436 1705
2435 2 2 2 23 1705 436 437
2436 2 2 2 23 483 484 1708
2437 2 2 2 23 1708 484 485
2438 2 2 2 23 506 507 1706
2439 2 2 2 23 1706 1682 506
2440 2 2 2 23 1597 1682 1706
2441 2 2 2 23 1706 507 508
2442 2 2 2 23 508 1689 1706
2443 2 2 2 23 1706 1689 1597
2444 2 2 2 23 1597 1689 1691
2445 2 2 2 23 508 509 1689
2446 2 2 2 23 480 481 1709
2447 2 2 2 23 479 480 1709
2448 2 2 2 23 502 503 1715
2449 2 2 2 23 1715 1681 1598
2450 2 2 2 23 452 453 1718
2451 2 2 2 23 1723 612 613
2452 2 2 2 23 1727 397 398
2453 2 2 2 23 201 202 1737
2454 2 2 2 23 1732 1708 485
2455 2 2 2 23 333 334 1745
2456 2 2 2 23 466 467 1774
2457 2 2 2 23 1775 221 222
2458 2 2 2 23 601 602 1773
2459 2 2 2 23 169 1686 168
2460 2 2 2 23 395 396 1741
2461 2 2 2 23 164 165 1703
2462 2 2 2 23 169 170 1724
2463 2 2 2 23 1724 1686 169
2464 2 2 2 23 1730 1752 1749
2465 2 2 2 23 363 1611 362
2466 2 2 2 23 1626 1611 363
2467 2 2 2 23 1724 170 171
2468 2 2 2 23 1603 1780 1688
2469 2 2 2 23 1747 462 463
2470 2 2 2 23 206 207 1768
2471 2 2 2 23 1728 1554 1641
2472 2 2 2 23 1654 1575 1664
2473 2 2 2 23 1761 1793 1616
2474 2 2 2 23 1625 1793 1761
2475 2 2 2 23 1786 1614 1556
2476 2 2 2 23 1764 640 641
2477 2 2 2 23 1564 1743 1633
2478 2 2 2 23 1640 1702 1653
2479 2 2 2 23 1616 304 305
2480 2 2 2 23 543 1687 542
2481 2 2 2 23 1659 1790 1562
2482 2 2 2 23 1562 1790 1665
2483 2 2 2 23 1692 448 449
2484 2 2 2 23 1783 1638 1650
2485 2 2 2 23 1783 1628 1638
2486 2 2 2 23 1615 1791 1564
2487 2 2 2 23 1621 1791 211
2488 2 2 2 23 566 567 1752
2489 2 2 2 23 566 1752 1754
2490 2 2 2 23 1605 1752 1714
2491 2 2 2 23 1608 1782 1704
2492 2 2 2 23 1704 1782 1778
2493 2 2 2 23 1758 1790 1660
2494 2 2 2 23 1715 1598 1763
2495 2 2 2 23 1657 1632 1637
2496 2 2 2 23 1657 1633 1632
2497 2 2 2 23 1665 1790 1749
2498 2 2 2 23 1790 1758 1749
2499 2 2 2 23 1728 1678 1777
2500 2 2 2 23 1708 1732 1594
2501 2 2 2 23 1752 1730 1754
2502 2 2 2 23 1744 1615 1564
2503 2 2 2 23 1744 1564 1657
2504 2 2 2 23 1744 1657 1768
2505 2 2 2 23 1719 425 426
2506 2 2 2 23 424 425 1719
2507 2 2 2 23 1574 1762 1584
2508 2 2 2 23 1647 1762 1729
2509 2 2 2 23 1574 1567 1762
2510 2 2 2 23 1762 1567 1729
2511 2 2 2 23 1696 1784 1716
2512 2 2 2 23 239 240 1776
2513 2 2 2 23 1564 1759 1743
2514 2 2 2 23 1759 1564 1791
2515 2 2 2 23 1759 1791 1621
2516 2 2 2 23 1654 1656 1575
2517 2 2 2 23 1656 1658 1575
2518 2 2 2 23 1570 1542 1703
2519 2 2 2 23 306 307 1625
2520 2 2 2 23 306 1625 1761
2521 2 2 2 23 503 504 1681
2522 2 2 2 23 503 1681 1715
2523 2 2 2 23 1683 618 619
2524 2 2 2 23 736 737 1713
2525 2 2 2 23 736 1713 1721
2526 2 2 2 23 1618 198 199
2527 2 2 2 23 1662 1618 199
2528 2 2 2 23 567 568 1714
2529 2 2 2 23 567 1714 1752
2530 2 2 2 23 1588 1688 1667
2531 2 2 2 23 1597 1691 1805
2532 2 2 2 23 1807 245 246
2533 2 2 2 23 1810 1707 1552
2534 2 2 2 23 1735 1672 1811
2535 2 2 2 23 1814 201 1737
2536 2 2 2 23 171 172 1818
2537 2 2 2 23 1818 1724 171
2538 2 2 2 23 1571 167 1819
2539 2 2 2 23 1819 1770 1571
2540 2 2 2 23 1757 1764 1822
2541 2 2 2 23 1826 1570 1770
2542 2 2 2 23 1637 1632 1827
2543 2 2 2 23 1827 1632 1737
2544 2 2 2 23 1746 1668 1829
2545 2 2 2 23 302 303 1831
2546 2 2 2 23 1831 1676 302
2547 2 2 2 23 1711 1785 1838
2548 2 2 2 23 1721 1579 1839
2549 2 2 2 23 1542 735 1839
2550 2 2 2 23 1707 1810 1841
2551 2 2 2 23 1842 341 342
2552 2 2 2 23 342 1726 1842
2553 2 2 2 23 460 461 1845
2554 2 2 2 23 1845 1813 460
2555 2 2 2 23 1848 1820 1759
2556 2 2 2 23 1849 735 1542
2557 2 2 2 23 1542 1570 1849
2558 2 2 2 23 734 735 1849
2559 2 2 2 23 1596 1771 1855
2560 2 2 2 23 1718 1800 1859
2561 2 2 2 23 1859 1800 1595
2562 2 2 2 23 556 557 1863
2563 2 2 2 23 1865 1557 1630
2564 2 2 2 23 1632 1557 1865
2565 2 2 2 23 214 215 1875
2566 2 2 2 23 1876 1590 1602
2567 2 2 2 23 1878 521 522
2568 2 2 2 23 522 1614 1878
2569 2 2 2 23 1880 1854 1674
2570 2 2 2 23 234 235 1883
2571 2 2 2 23 1630 1668 1900
2572 2 2 2 23 1900 1618 1630
2573 2 2 2 23 570 571 1901
2574 2 2 2 23 1901 1607 570
2575 2 2 2 23 315 316 1844
2576 2 2 2 23 200 201 1814
2577 2 2 2 23 200 1814 1662
2578 2 2 2 23 1733 1866 1659
2579 2 2 2 23 1828 249 250
2580 2 2 2 23 244 245 1807
2581 2 2 2 23 1831 303 304
2582 2 2 2 23 1830 482 483
2583 2 2 2 23 1825 1603 1785
2584 2 2 2 23 1711 1825 1785
2585 2 2 2 23 1832 299 300
2586 2 2 2 23 1599 1595 1800
2587 2 2 2 23 1875 215 216
2588 2 2 2 23 327 328 1840
2589 2 2 2 23 327 1840 1760
2590 2 2 2 23 1867 573 574
2591 2 2 2 23 340 341 1842
2592 2 2 2 23 1821 635 636
2593 2 2 2 23 1700 1821 636
2594 2 2 2 23 562 563 1873
2595 2 2 2 23 1891 561 562
2596 2 2 2 23 1894 578 579
2597 2 2 2 23 1742 1894 579
2598 2 2 2 23 1819 1686 1872
2599 2 2 2 23 1819 1872 1770
2600 2 2 2 23 1816 1730 1749
2601 2 2 2 23 1758 1816 1749
2602 2 2 2 23 1845 461 462
2603 2 2 2 23 1747 1845 462
2604 2 2 2 23 1566 1724 1818
2605 2 2 2 23 1566 1818 1729
2606 2 2 2 23 259 260 1850
2607 2 2 2 23 1833 1593 1886
2608 2 2 2 23 1886 1672 1735
2609 2 2 2 23 1887 157 158
2610 2 2 2 23 1812 1593 1833
2611 2 2 2 23 1812 1833 1710
2612 2 2 2 23 1826 734 1849
2613 2 2 2 23 1826 1849 1570
2614 2 2 2 23 1741 1727 1823
2615 2 2 2 23 1741 1823 1734
2616 2 2 2 23 1839 735 736
2617 2 2 2 23 1721 1839 736
2618 2 2 2 23 1716 1784 1809
2619 2 2 2 23 1846 1673 1807
2620 2 2 2 23 1808 1773 602
2621 2 2 2 23 1853 1666 1781
2622 2 2 2 23 1869 1776 240
2623 2 2 2 23 1737 1632 1865
2624 2 2 2 23 1827 1737 203
2625 2 2 2 23 1868 1712 369
2626 2 2 2 23 1881 1640 1639
2627 2 2 2 23 230 231 1880
2628 2 2 2 23 230 1880 1674
2629 2 2 2 23 242 243 1884
2630 2 2 2 23 1612 1843 1876
2631 2 2 2 23 1789 1893 1881
2632 2 2 2 23 246 247 1795
2633 2 2 2 23 246 1795 1807
2634 2 2 2 23 1795 1846 1807
2635 2 2 2 23 324 325 1799
2636 2 2 2 23 1801 456 457
2637 2 2 2 23 616 617 1802
2638 2 2 2 23 457 458 1797
2639 2 2 2 23 457 1797 1801
2640 2 2 2 23 1838 1797 1711
2641 2 2 2 23 1797 458 459
2642 2 2 2 23 1797 1838 1801
2643 2 2 2 23 459 460 1813
2644 2 2 2 23 1813 1797 459
2645 2 2 2 23 1711 1797 1813
2646 2 2 2 23 1754 1730 1873
2647 2 2 2 23 1726 342 343
2648 2 2 2 23 1773 600 601
2649 2 2 2 23 599 600 1804
2650 2 2 2 23 1804 600 1773
2651 2 2 2 23 1873 563 564
2652 2 2 2 23 1754 564 565
2653 2 2 2 23 1873 564 1754
2654 2 2 2 23 1826 733 734
2655 2 2 2 23 401 402 1695
2656 2 2 2 23 608 609 1895
2657 2 2 2 23 1715 501 502
2658 2 2 2 23 501 1715 1763
2659 2 2 2 23 538 1680 537
2660 2 2 2 23 1647 1729 173
2661 2 2 2 23 1864 610 611
2662 2 2 2 23 609 610 1864
2663 2 2 2 23 609 1864 1895
2664 2 2 2 23 330 1670 329
2665 2 2 2 23 1840 328 329
2666 2 2 2 23 168 1819 167
2667 2 2 2 23 1686 1819 168
2668 2 2 2 23 1724 1566 1872
2669 2 2 2 23 1872 1686 1724
2670 2 2 2 23 369 370 1868
2671 2 2 2 23 248 249 1828
2672 2 2 2 23 1671 1795 1828
2673 2 2 2 23 640 1757 639
2674 2 2 2 23 1764 1757 640
2675 2 2 2 23 602 603 1808
2676 2 2 2 23 636 637 1700
2677 2 2 2 23 1823 1727 1787
2678 2 2 2 23 1840 329 1670
2679 2 2 2 23 1760 1840 1811
2680 2 2 2 23 1865 1630 1662
2681 2 2 2 23 1865 1814 1737
2682 2 2 2 23 1814 1865 1662
2683 2 2 2 23 1802 617 618
2684 2 2 2 23 1683 1802 618
2685 2 2 2 23 203 204 1827
2686 2 2 2 23 1637 1827 205
2687 2 2 2 23 1827 204 205
2688 2 2 2 23 376 377 1610
2689 2 2 2 23 1824 468 469
2690 2 2 2 23 467 468 1774
2691 2 2 2 23 468 1824 1774
2692 2 2 2 23 509 510 1689
2693 2 2 2 23 1673 1623 1884
2694 2 2 2 23 1623 1678 1685
2695 2 2 2 23 1782 528 1778
2696 2 2 2 23 1782 527 528
2697 2 2 2 23 1821 634 635
2698 2 2 2 23 633 634 1748
2699 2 2 2 23 634 1821 1748
2700 2 2 2 23 1811 1840 1670
2701 2 2 2 23 326 1799 325
2702 2 2 2 23 1760 1799 326
2703 2 2 2 23 1760 326 327
2704 2 2 2 23 448 1609 447
2705 2 2 2 23 1692 1609 448
2706 2 2 2 23 1833 1558 1890
2707 2 2 2 23 243 244 1884
2708 2 2 2 23 1884 1807 1673
2709 2 2 2 23 1884 244 1807
2710 2 2 2 23 451 452 1859
2711 2 2 2 23 1718 1859 452
2712 2 2 2 23 1705 1815 435
2713 2 2 2 23 435 1815 434
2714 2 2 2 23 241 1869 240
2715 2 2 2 23 1836 632 1748
2716 2 2 2 23 213 1848 1621
2717 2 2 2 23 1848 213 214
2718 2 2 2 23 1848 1759 1621
2719 2 2 2 23 1875 1848 214
2720 2 2 2 23 231 232 1880
2721 2 2 2 23 453 454 1718
2722 2 2 2 23 1886 1558 1833
2723 2 2 2 23 1588 1800 1874
2724 2 2 2 23 1874 1800 1718
2725 2 2 2 23 1835 1817 1789
2726 2 2 2 23 1789 1817 1893
2727 2 2 2 23 1901 1606 1665
2728 2 2 2 23 1665 1607 1901
2729 2 2 2 23 191 192 1627
2730 2 2 2 23 1837 592 593
2731 2 2 2 23 591 592 1837
2732 2 2 2 23 1875 1820 1848
2733 2 2 2 23 1878 1614 1786
2734 2 2 2 23 1794 1879 1792
2735 2 2 2 23 1812 1710 1844
2736 2 2 2 23 1552 1899 1810
2737 2 2 2 23 1889 1591 1694
2738 2 2 2 23 1572 1574 1584
2739 2 2 2 23 1575 1572 1584
2740 2 2 2 23 1575 1584 1664
2741 2 2 2 23 238 1601 237
2742 2 2 2 23 1776 1601 238
2743 2 2 2 23 1776 238 239
2744 2 2 2 23 1698 1590 1876
2745 2 2 2 23 1852 1876 1843
2746 2 2 2 23 1559 1867 1620
2747 2 2 2 23 1559 1606 1867
2748 2 2 2 23 1872 1566 1567
2749 2 2 2 23 1826 1770 1872
2750 2 2 2 23 1862 1854 1589
2751 2 2 2 23 1862 1888 1854
2752 2 2 2 23 1785 1588 1874
2753 2 2 2 23 1838 1785 1874
2754 2 2 2 23 1595 1692 450
2755 2 2 2 23 450 1859 1595
2756 2 2 2 23 449 450 1692
2757 2 2 2 23 451 1859 450
2758 2 2 2 23 1873 1891 562
2759 2 2 2 23 1873 1730 1816
2760 2 2 2 23 1873 1816 1891
2761 2 2 2 23 1802 1683 1902
2762 2 2 2 23 1813 1845 1711
2763 2 2 2 23 1845 1825 1711
2764 2 2 2 23 1747 1825 1845
2765 2 2 2 23 1743 1759 1820
2766 2 2 2 23 1796 1809 1885
2767 2 2 2 23 1846 1777 1678
2768 2 2 2 23 1777 1846 1671
2769 2 2 2 23 1795 1671 1846
2770 2 2 2 23 1830 1594 1755
2771 2 2 2 23 1594 1830 1708
2772 2 2 2 23 1708 1830 483
2773 2 2 2 23 1616 1831 304
2774 2 2 2 23 1892 672 673
2775 2 2 2 23 437 438 1834
2776 2 2 2 23 1625 1766 1857
2777 2 2 2 23 1625 1857 1793
2778 2 2 2 23 1666 1755 1594
2779 2 2 2 23 301 302 1676
2780 2 2 2 23 1672 1799 1760
2781 2 2 2 23 1672 1760 1811
2782 2 2 2 23 350 351 1794
2783 2 2 2 23 1794 351 352
2784 2 2 2 23 1879 1794 352
2785 2 2 2 23 1795 247 248
2786 2 2 2 23 1828 1795 248
2787 2 2 2 23 257 258 1843
2788 2 2 2 23 257 1843 1612
2789 2 2 2 23 331 332 1798
2790 2 2 2 23 331 1798 1670
2791 2 2 2 23 1798 332 333
2792 2 2 2 23 1745 1798 333
2793 2 2 2 23 1678 1623 1673
2794 2 2 2 23 1846 1678 1673
2795 2 2 2 23 1591 587 588
2796 2 2 2 23 1694 1591 588
2797 2 2 2 23 179 180 1654
2798 2 2 2 23 179 1654 1664
2799 2 2 2 23 398 399 1787
2800 2 2 2 23 398 1787 1727
2801 2 2 2 23 1896 1817 1535
2802 2 2 2 23 1731 371 372
2803 2 2 2 23 1903 1783 1650
2804 2 2 2 23 1903 1888 1862
2805 2 2 2 23 1862 1783 1903
2806 2 2 2 23 1746 1627 1904
2807 2 2 2 23 1905 1695 402
2808 2 2 2 23 1828 250 1906
2809 2 2 2 23 1670 1798 1907
2810 2 2 2 23 1828 1906 1909
2811 2 2 2 23 1889 1694 1912
2812 2 2 2 23 1672 1886 1916
2813 2 2 2 23 1916 1886 1593
2814 2 2 2 23 1892 1535 1917
2815 2 2 2 23 1602 1590 1920
2816 2 2 2 23 1920 1590 1750
2817 2 2 2 23 1921 1897 1861
2818 2 2 2 23 1787 1695 1930
2819 2 2 2 23 1844 1710 1931
2820 2 2 2 23 1933 233 234
2821 2 2 2 23 234 1883 1933
2822 2 2 2 23 1934 1809 1784
2823 2 2 2 23 1696 1675 1938
2824 2 2 2 23 613 614 1940
2825 2 2 2 23 1940 1723 613
2826 2 2 2 23 1793 1806 1944
2827 2 2 2 23 1799 1672 1945
2828 2 2 2 23 1829 1668 1946
2829 2 2 2 23 1623 1685 1948
2830 2 2 2 23 1956 423 424
2831 2 2 2 23 279 280 1957
2832 2 2 2 23 1957 1908 279
2833 2 2 2 23 1817 1896 1958
2834 2 2 2 23 1959 1677 1680
2835 2 2 2 23 1902 1929 1961
2836 2 2 2 23 1961 1619 1902
2837 2 2 2 23 1963 1606 1901
2838 2 2 2 23 1867 1606 1963
2839 2 2 2 23 1965 433 434
2840 2 2 2 23 434 1815 1965
2841 2 2 2 23 1836 1748 1967
2842 2 2 2 23 1773 1808 1969
2843 2 2 2 23 1612 1876 1970
2844 2 2 2 23 1970 1876 1602
2845 2 2 2 23 649 650 1973
2846 2 2 2 23 1975 620 621
2847 2 2 2 23 1976 1591 1889
2848 2 2 2 23 1978 429 430
2849 2 2 2 23 254 255 1970
2850 2 2 2 23 254 1970 1602
2851 2 2 2 23 1970 255 256
2852 2 2 2 23 1612 1970 256
2853 2 2 2 23 1941 1576 1790
2854 2 2 2 23 1659 1941 1790
2855 2 2 2 23 1630 1557 1946
2856 2 2 2 23 1630 1946 1668
2857 2 2 2 23 1927 517 518
2858 2 2 2 23 1957 280 281
2859 2 2 2 23 1885 1809 1934
2860 2 2 2 23 1930 1695 1905
2861 2 2 2 23 1967 1748 1821
2862 2 2 2 23 1912 1968 1889
2863 2 2 2 23 1902 1943 1802
2864 2 2 2 23 1910 1801 1838
2865 2 2 2 23 1874 1910 1838
2866 2 2 2 23 1920 253 254
2867 2 2 2 23 1602 1920 254
2868 2 2 2 23 252 253 1920
2869 2 2 2 23 252 1920 1750
2870 2 2 2 23 1619 1725 1943
2871 2 2 2 23 1619 1943 1902
2872 2 2 2 23 1950 1598 1684
2873 2 2 2 23 232 233 1933
2874 2 2 2 23 571 572 1963
2875 2 2 2 23 571 1963 1901
2876 2 2 2 23 281 282 1935
2877 2 2 2 23 1683 1929 1902
2878 2 2 2 23 1945 1672 1916
2879 2 2 2 23 1916 1593 1939
2880 2 2 2 23 1750 1590 1909
2881 2 2 2 23 1750 1909 1906
2882 2 2 2 23 324 1799 1945
2883 2 2 2 23 1922 1774 1824
2884 2 2 2 23 1719 1885 1924
2885 2 2 2 23 1959 1680 539
2886 2 2 2 23 1616 1793 1944
2887 2 2 2 23 1832 1947 1918
2888 2 2 2 23 278 279 1908
2889 2 2 2 23 1910 1718 454
2890 2 2 2 23 454 455 1910
2891 2 2 2 23 1874 1718 1910
2892 2 2 2 23 194 195 1962
2893 2 2 2 23 1953 1922 1824
2894 2 2 2 23 590 1912 589
2895 2 2 2 23 589 1912 1694
2896 2 2 2 23 251 1906 250
2897 2 2 2 23 1750 1906 251
2898 2 2 2 23 1671 1828 1909
2899 2 2 2 23 1776 1869 1948
2900 2 2 2 23 1753 1917 1960
2901 2 2 2 23 668 669 1753
2902 2 2 2 23 669 1917 1753
2903 2 2 2 23 1956 424 1719
2904 2 2 2 23 1719 1924 1956
2905 2 2 2 23 1944 1831 1616
2906 2 2 2 23 1831 1944 1676
2907 2 2 2 23 612 1723 611
2908 2 2 2 23 611 1723 1864
2909 2 2 2 23 1642 1765 1966
2910 2 2 2 23 1966 1915 1642
2911 2 2 2 23 1847 1921 1861
2912 2 2 2 23 539 540 1959
2913 2 2 2 23 1959 540 541
2914 2 2 2 23 1918 297 298
2915 2 2 2 23 1893 1817 1958
2916 2 2 2 23 1893 1958 1923
2917 2 2 2 23 1811 1670 1907
2918 2 2 2 23 1908 277 278
2919 2 2 2 23 1908 1913 277
2920 2 2 2 23 1971 533 534
2921 2 2 2 23 1934 1784 1629
2922 2 2 2 23 1765 1642 1975
2923 2 2 2 23 573 1963 572
2924 2 2 2 23 1867 1963 573
2925 2 2 2 23 1832 1676 1947
2926 2 2 2 23 1947 1676 1944
2927 2 2 2 23 485 486 1732
2928 2 2 2 23 1945 323 324
2929 2 2 2 23 322 323 1945
2930 2 2 2 23 322 1945 1939
2931 2 2 2 23 575 1867 574
2932 2 2 2 23 1620 1867 575
2933 2 2 2 23 242 1884 1869
2934 2 2 2 23 1869 241 242
2935 2 2 2 23 1884 1623 1869
2936 2 2 2 23 1869 1623 1948
2937 2 2 2 23 1931 1613 314
2938 2 2 2 23 579 580 1742
2939 2 2 2 23 1930 1788 1823
2940 2 2 2 23 1823 1787 1930
2941 2 2 2 23 529 1778 528
2942 2 2 2 23 1738 1778 529
2943 2 2 2 23 1738 529 530
2944 2 2 2 23 703 704 1586
2945 2 2 2 23 1977 335 336
2946 2 2 2 23 334 335 1977
2947 2 2 2 23 334 1977 1745
2948 2 2 2 23 1817 1960 1535
2949 2 2 2 23 1917 1535 1960
2950 2 2 2 23 1960 1817 1835
2951 2 2 2 23 1978 1809 1796
2952 2 2 2 23 1690 1871 1974
2953 2 2 2 23 476 1739 475
2954 2 2 2 23 475 1739 1767
2955 2 2 2 23 474 475 1767
2956 2 2 2 23 1855 1771 1971
2957 2 2 2 23 576 577 1620
2958 2 2 2 23 577 1720 1620
2959 2 2 2 23 534 535 1971
2960 2 2 2 23 1668 1746 1962
2961 2 2 2 23 1900 1668 1962
2962 2 2 2 23 1962 1746 1904
2963 2 2 2 23 1974 224 225
2964 2 2 2 23 223 224 1871
2965 2 2 2 23 224 1974 1871
2966 2 2 2 23 403 1905 402
2967 2 2 2 23 156 157 1887
2968 2 2 2 23 1887 1544 156
2969 2 2 2 23 1543 1544 1887
2970 2 2 2 23 1543 1887 1581
2971 2 2 2 23 1803 1674 1854
2972 2 2 2 23 1888 1803 1854
2973 2 2 2 23 193 194 1904
2974 2 2 2 23 1962 1904 194
2975 2 2 2 23 1929 1975 1642
2976 2 2 2 23 1975 1683 619
2977 2 2 2 23 1683 1975 1929
2978 2 2 2 23 620 1975 619
2979 2 2 2 23 1965 432 433
2980 2 2 2 23 1815 1716 1965
2981 2 2 2 23 1871 222 223
2982 2 2 2 23 222 1871 1775
2983 2 2 2 23 1690 1775 1871
2984 2 2 2 23 1972 1751 1655
2985 2 2 2 23 1956 422 423
2986 2 2 2 23 1723 1940 1725
2987 2 2 2 23 1943 1725 1940
2988 2 2 2 23 164 1856 163
2989 2 2 2 23 1856 1703 1542
2990 2 2 2 23 1856 1542 1839
2991 2 2 2 23 1703 1856 164
2992 2 2 2 23 437 1834 1705
2993 2 2 2 23 1850 258 259
2994 2 2 2 23 1843 258 1850
2995 2 2 2 23 1850 1852 1843
2996 2 2 2 23 1822 1954 1757
2997 2 2 2 23 1949 1973 1722
2998 2 2 2 23 1640 1949 1639
2999 2 2 2 23 1863 557 558
3000 2 2 2 23 313 1613 312
3001 2 2 2 23 1933 1589 1854
3002 2 2 2 23 1883 1589 1933
3003 2 2 2 23 1933 1854 1880
3004 2 2 2 23 1880 232 1933
3005 2 2 2 23 1935 1957 281
3006 2 2 2 23 1942 379 380
3007 2 2 2 23 165 166 1571
3008 2 2 2 23 165 1571 1703
3009 2 2 2 23 1973 650 651
3010 2 2 2 23 1722 1973 651
3011 2 2 2 23 1910 455 456
3012 2 2 2 23 1801 1910 456
3013 2 2 2 23 1917 669 670
3014 2 2 2 23 621 622 1765
3015 2 2 2 23 1975 621 1765
3016 2 2 2 23 1931 314 315
3017 2 2 2 23 1844 1931 315
3018 2 2 2 23 1742 580 581
3019 2 2 2 23 705 706 1586
3020 2 2 2 23 705 1586 704
3021 2 2 2 23 1720 577 578
3022 2 2 2 23 1894 1720 578
3023 2 2 2 23 535 536 1855
3024 2 2 2 23 1971 535 1855
3025 2 2 2 23 1757 1954 1981
3026 2 2 2 23 1981 1954 1700
3027 2 2 2 23 1982 1887 158
3028 2 2 2 23 1581 1887 1982
3029 2 2 2 23 1984 1914 1964
3030 2 2 2 23 1971 1771 1990
3031 2 2 2 23 1536 1643 1991
3032 2 2 2 23 1992 1955 1792
3033 2 2 2 23 1952 1992 1993
3034 2 2 2 23 1993 1992 1792
3035 2 2 2 23 1995 1642 1915
3036 2 2 2 23 1995 1537 1961
3037 2 2 2 23 1996 355 356
3038 2 2 2 23 1997 648 649
3039 2 2 2 23 649 1973 1997
3040 2 2 2 23 380 381 1998
3041 2 2 2 23 1998 1942 380
3042 2 2 2 23 2001 443 444
3043 2 2 2 23 605 606 2002
3044 2 2 2 23 2010 229 1674
3045 2 2 2 23 1674 1803 2010
3046 2 2 2 23 2011 293 294
3047 2 2 2 23 2014 541 542
3048 2 2 2 23 542 1687 2014
3049 2 2 2 23 1885 1934 2016
3050 2 2 2 23 2018 1536 1634
3051 2 2 2 23 1643 1536 2018
3052 2 2 2 23 2020 349 350
3053 2 2 2 23 350 1794 2020
3054 2 2 2 23 1778 1738 2021
3055 2 2 2 23 2023 378 379
3056 2 2 2 23 379 1942 2023
3057 2 2 2 23 2024 1915 1966
3058 2 2 2 23 1966 1772 2024
3059 2 2 2 23 2026 1923 1958
3060 2 2 2 23 2029 421 422
3061 2 2 2 23 422 1956 2029
3062 2 2 2 23 1609 1644 2030
3063 2 2 2 23 2030 446 1609
3064 2 2 2 23 2032 1864 1723
3065 2 2 2 23 1723 1725 2032
3066 2 2 2 23 1980 159 160
3067 2 2 2 23 1563 2018 1634
3068 2 2 2 23 1561 1634 1983
3069 2 2 2 23 1959 541 2014
3070 2 2 2 23 445 446 2030
3071 2 2 2 23 1666 1853 2013
3072 2 2 2 23 1894 1742 2003
3073 2 2 2 23 2024 1772 1984
3074 2 2 2 23 1964 2024 1984
3075 2 2 2 23 228 229 2010
3076 2 2 2 23 1929 1642 1995
3077 2 2 2 23 1929 1995 1961
3078 2 2 2 23 1984 627 628
3079 2 2 2 23 1914 1984 628
3080 2 2 2 23 1629 2028 1934
3081 2 2 2 23 1951 2009 2006
3082 2 2 2 23 2006 1536 1991
3083 2 2 2 23 1951 2006 1991
3084 2 2 2 23 1993 1792 1879
3085 2 2 2 23 2017 1553 1576
3086 2 2 2 23 336 337 2007
3087 2 2 2 23 2007 1977 336
3088 2 2 2 23 1988 1954 1822
3089 2 2 2 23 1993 1679 1952
3090 2 2 2 23 2033 550 551
3091 2 2 2 23 1982 158 159
3092 2 2 2 23 1980 1982 159
3093 2 2 2 23 1982 1713 1581
3094 2 2 2 23 1713 1982 1980
3095 2 2 2 23 1916 1939 1945
3096 2 2 2 23 2005 676 677
3097 2 2 2 23 301 1676 300
3098 2 2 2 23 300 1676 1832
3099 2 2 2 23 299 1918 298
3100 2 2 2 23 1832 1918 299
3101 2 2 2 23 1931 1710 1986
3102 2 2 2 23 1980 1721 1713
3103 2 2 2 23 1753 667 668
3104 2 2 2 23 584 1932 1926
3105 2 2 2 23 584 585 1932
3106 2 2 2 23 2031 1617 1560
3107 2 2 2 23 356 357 1996
3108 2 2 2 23 647 648 1997
3109 2 2 2 23 1895 607 608
3110 2 2 2 23 2002 606 607
3111 2 2 2 23 1983 1952 1679
3112 2 2 2 23 710 711 2026
3113 2 2 2 23 500 1979 499
3114 2 2 2 23 1763 500 501
3115 2 2 2 23 1763 1979 500
3116 2 2 2 23 2028 1629 1919
3117 2 2 2 23 2017 1550 1578
3118 2 2 2 23 2017 1539 1553
3119 2 2 2 23 639 1981 638
3120 2 2 2 23 1757 1981 639
3121 2 2 2 23 638 1981 637
3122 2 2 2 23 637 1981 1700
3123 2 2 2 23 1940 614 615
3124 2 2 2 23 1940 615 1943
3125 2 2 2 23 1677 2014 1592
3126 2 2 2 23 1592 2014 1687
3127 2 2 2 23 2014 1677 1959
3128 2 2 2 23 1794 1792 2020
3129 2 2 2 23 2020 1792 1955
3130 2 2 2 23 378 2023 377
3131 2 2 2 23 1610 2023 1560
3132 2 2 2 23 377 2023 1610
3133 2 2 2 23 1870 1560 2023
3134 2 2 2 23 1942 1870 2023
3135 2 2 2 23 1756 2008 1552
3136 2 2 2 23 2016 1934 2028
3137 2 2 2 23 308 309 1766
3138 2 2 2 23 671 1917 670
3139 2 2 2 23 1892 671 672
3140 2 2 2 23 671 1892 1917
3141 2 2 2 23 1944 1806 1877
3142 2 2 2 23 1947 1944 1877
3143 2 2 2 23 2002 607 1895
3144 2 2 2 23 2002 1895 1911
3145 2 2 2 23 536 537 1855
3146 2 2 2 23 537 1680 1855
3147 2 2 2 23 1855 1680 1596
3148 2 2 2 23 1998 1870 1942
3149 2 2 2 23 1579 160 161
3150 2 2 2 23 160 1579 1980
3151 2 2 2 23 162 1579 161
3152 2 2 2 23 1980 1579 1721
3153 2 2 2 23 1967 1858 1836
3154 2 2 2 23 1914 1858 1964
3155 2 2 2 23 1912 590 591
3156 2 2 2 23 591 1837 1912
3157 2 2 2 23 1912 1837 1968
3158 2 2 2 23 1994 1842 1726
3159 2 2 2 23 1655 1751 2004
3160 2 2 2 23 2003 1720 1894
3161 2 2 2 23 1720 2003 1559
3162 2 2 2 23 1733 1559 2003
3163 2 2 2 23 1733 2003 1866
3164 2 2 2 23 499 1979 498
3165 2 2 2 23 195 196 1962
3166 2 2 2 23 196 1900 1962
3167 2 2 2 23 1892 1646 1535
3168 2 2 2 23 2021 1704 1778
3169 2 2 2 23 530 531 1738
3170 2 2 2 23 626 627 1984
3171 2 2 2 23 626 1984 1772
3172 2 2 2 23 370 371 1731
3173 2 2 2 23 1868 370 1731
3174 2 2 2 23 409 410 1989
3175 2 2 2 23 583 584 1926
3176 2 2 2 23 623 624 1966
3177 2 2 2 23 623 1966 1765
3178 2 2 2 23 1943 615 616
3179 2 2 2 23 1802 1943 616
3180 2 2 2 23 1900 196 197
3181 2 2 2 23 1618 1900 197
3182 2 2 2 23 2034 1939 1593
3183 2 2 2 23 345 346 2037
3184 2 2 2 23 2041 1540 2025
3185 2 2 2 23 1994 1985 2045
3186 2 2 2 23 1954 1988 2047
3187 2 2 2 23 438 439 2050
3188 2 2 2 23 2050 1834 438
3189 2 2 2 23 656 657 2053
3190 2 2 2 23 2056 1997 1973
3191 2 2 2 23 2057 354 355
3192 2 2 2 23 355 1996 2057
3193 2 2 2 23 2059 1691 1689
3194 2 2 2 23 1689 510 2059
3195 2 2 2 23 2060 1628 1783
3196 2 2 2 23 1740 1639 2061
3197 2 2 2 23 2061 1639 1949
3198 2 2 2 23 1709 481 2062
3199 2 2 2 23 2062 1600 1709
3200 2 2 2 23 2064 365 366
3201 2 2 2 23 366 1717 2064
3202 2 2 2 23 1798 1745 2065
3203 2 2 2 23 2065 1907 1798
3204 2 2 2 23 2068 1755 1666
3205 2 2 2 23 2071 358 359
3206 2 2 2 23 359 1624 2071
3207 2 2 2 23 2072 1641 1554
3208 2 2 2 23 2072 2060 1783
3209 2 2 2 23 1554 2060 2072
3210 2 2 2 23 2074 1812 1844
3211 2 2 2 23 1617 2031 2077
3212 2 2 2 23 2078 1853 2015
3213 2 2 2 23 2079 2078 2015
3214 2 2 2 23 297 1918 2081
3215 2 2 2 23 2081 296 297
3216 2 2 2 23 2083 431 432
3217 2 2 2 23 432 1965 2083
3218 2 2 2 23 416 417 2084
3219 2 2 2 23 2085 666 667
3220 2 2 2 23 667 1753 2085
3221 2 2 2 23 2032 1860 2087
3222 2 2 2 23 1579 162 2089
3223 2 2 2 23 1856 1839 2089
3224 2 2 2 23 2089 1839 1579
3225 2 2 2 23 2092 427 428
3226 2 2 2 23 2093 1627 1746
3227 2 2 2 23 2064 1717 1604
3228 2 2 2 23 1862 1641 2072
3229 2 2 2 23 1862 2072 1783
3230 2 2 2 23 357 358 2071
3231 2 2 2 23 2073 220 221
3232 2 2 2 23 1775 2073 221
3233 2 2 2 23 2063 491 492
3234 2 2 2 23 2062 481 482
3235 2 2 2 23 1830 2062 482
3236 2 2 2 23 1858 2075 1964
3237 2 2 2 23 2089 162 163
3238 2 2 2 23 1856 2089 163
3239 2 2 2 23 2036 1812 2074
3240 2 2 2 23 1747 2051 1825
3241 2 2 2 23 1755 1600 2062
3242 2 2 2 23 1755 2062 1830
3243 2 2 2 23 316 317 2074
3244 2 2 2 23 316 2074 1844
3245 2 2 2 23 1763 2070 1979
3246 2 2 2 23 665 666 2085
3247 2 2 2 23 1767 1739 2055
3248 2 2 2 23 1767 2055 2004
3249 2 2 2 23 2050 439 440
3250 2 2 2 23 2012 1540 2041
3251 2 2 2 23 2080 1987 2054
3252 2 2 2 23 2022 2080 2054
3253 2 2 2 23 2059 510 511
3254 2 2 2 23 2034 1593 1812
3255 2 2 2 23 1836 1858 2040
3256 2 2 2 23 2039 2033 551
3257 2 2 2 23 2040 1858 1914
3258 2 2 2 23 2044 2021 1990
3259 2 2 2 23 374 1617 2077
3260 2 2 2 23 2087 1911 1895
3261 2 2 2 23 2036 2034 1812
3262 2 2 2 23 518 519 2069
3263 2 2 2 23 2069 1927 518
3264 2 2 2 23 1990 1771 2044
3265 2 2 2 23 532 2035 531
3266 2 2 2 23 519 520 2069
3267 2 2 2 23 1878 520 521
3268 2 2 2 23 1878 2069 520
3269 2 2 2 23 2038 312 1613
3270 2 2 2 23 1738 531 2035
3271 2 2 2 23 2035 2021 1738
3272 2 2 2 23 1990 2021 2035
3273 2 2 2 23 348 349 2020
3274 2 2 2 23 2077 373 374
3275 2 2 2 23 2036 318 319
3276 2 2 2 23 227 228 2010
3277 2 2 2 23 2010 1803 2052
3278 2 2 2 23 1949 1640 2056
3279 2 2 2 23 2056 1973 1949
3280 2 2 2 23 2056 1640 1653
3281 2 2 2 23 652 653 2061
3282 2 2 2 23 1949 1722 2061
3283 2 2 2 23 652 2061 1722
3284 2 2 2 23 1651 1924 2016
3285 2 2 2 23 1924 1651 2029
3286 2 2 2 23 2016 1924 1885
3287 2 2 2 23 1956 1924 2029
3288 2 2 2 23 654 2061 653
3289 2 2 2 23 654 1740 2061
3290 2 2 2 23 1978 1796 429
3291 2 2 2 23 1664 178 179
3292 2 2 2 23 2052 226 227
3293 2 2 2 23 2010 2052 227
3294 2 2 2 23 532 533 2035
3295 2 2 2 23 533 1971 2035
3296 2 2 2 23 1990 2035 1971
3297 2 2 2 23 551 552 2039
3298 2 2 2 23 2039 552 553
3299 2 2 2 23 174 175 1647
3300 2 2 2 23 2040 629 630
3301 2 2 2 23 628 629 1914
3302 2 2 2 23 629 2040 1914
3303 2 2 2 23 1985 2088 1955
3304 2 2 2 23 2013 1853 2078
3305 2 2 2 23 1960 2085 1753
3306 2 2 2 23 1960 1835 2085
3307 2 2 2 23 1716 1809 2083
3308 2 2 2 23 1965 1716 2083
3309 2 2 2 23 2083 1809 1978
3310 2 2 2 23 444 445 2030
3311 2 2 2 23 444 2030 2001
3312 2 2 2 23 1644 2001 2030
3313 2 2 2 23 1786 2069 1878
3314 2 2 2 23 2069 2019 1927
3315 2 2 2 23 1604 1643 2018
3316 2 2 2 23 1868 1604 1712
3317 2 2 2 23 321 2034 320
3318 2 2 2 23 1939 2034 321
3319 2 2 2 23 1939 321 322
3320 2 2 2 23 583 1926 582
3321 2 2 2 23 1895 1864 2087
3322 2 2 2 23 2087 1864 2032
3323 2 2 2 23 1561 2071 1624
3324 2 2 2 23 1983 2071 1561
3325 2 2 2 23 2071 1679 1996
3326 2 2 2 23 2071 1983 1679
3327 2 2 2 23 2071 1996 357
3328 2 2 2 23 426 427 2092
3329 2 2 2 23 2092 1719 426
3330 2 2 2 23 1885 1719 2092
3331 2 2 2 23 1796 1885 2092
3332 2 2 2 23 1626 2064 1563
3333 2 2 2 23 2064 2018 1563
3334 2 2 2 23 2064 1604 2018
3335 2 2 2 23 1556 1631 1786
3336 2 2 2 23 1631 1841 1786
3337 2 2 2 23 1841 2019 1786
3338 2 2 2 23 2019 2069 1786
3339 2 2 2 23 1679 1993 2057
3340 2 2 2 23 1679 2057 1996
3341 2 2 2 23 2057 1993 1879
3342 2 2 2 23 343 344 2043
3343 2 2 2 23 2043 1726 343
3344 2 2 2 23 2043 344 345
3345 2 2 2 23 2037 2043 345
3346 2 2 2 23 463 464 1747
3347 2 2 2 23 288 2022 287
3348 2 2 2 23 1661 1707 1631
3349 2 2 2 23 1631 1707 1841
3350 2 2 2 23 2070 1763 1598
3351 2 2 2 23 2070 1598 1950
3352 2 2 2 23 2050 1675 1834
3353 2 2 2 23 1938 1675 2050
3354 2 2 2 23 630 631 2040
3355 2 2 2 23 1836 631 632
3356 2 2 2 23 1836 2040 631
3357 2 2 2 23 2012 2041 2045
3358 2 2 2 23 1935 2066 1957
3359 2 2 2 23 2075 1915 2024
3360 2 2 2 23 2075 2024 1964
3361 2 2 2 23 319 320 2034
3362 2 2 2 23 319 2034 2036
3363 2 2 2 23 2022 288 289
3364 2 2 2 23 2022 289 2080
3365 2 2 2 23 2074 317 318
3366 2 2 2 23 2036 2074 318
3367 2 2 2 23 428 429 1796
3368 2 2 2 23 428 1796 2092
3369 2 2 2 23 1978 430 431
3370 2 2 2 23 2083 1978 431
3371 2 2 2 23 1985 2043 2037
3372 2 2 2 23 1985 2037 2088
3373 2 2 2 23 598 599 1804
3374 2 2 2 23 1647 175 2094
3375 2 2 2 23 2094 1762 1647
3376 2 2 2 23 2097 2029 1651
3377 2 2 2 23 2099 1938 2050
3378 2 2 2 23 2101 1953 1824
3379 2 2 2 23 2105 724 725
3380 2 2 2 23 2090 1635 2107
3381 2 2 2 23 2001 1644 2108
3382 2 2 2 23 2110 2016 2028
3383 2 2 2 23 1877 2107 2114
3384 2 2 2 23 721 722 2115
3385 2 2 2 23 2115 722 2000
3386 2 2 2 23 2117 1868 1731
3387 2 2 2 23 2020 1955 2120
3388 2 2 2 23 2120 1955 2088
3389 2 2 2 23 2127 1635 1987
3390 2 2 2 23 340 1842 2131
3391 2 2 2 23 1992 2012 2132
3392 2 2 2 23 2132 2012 2045
3393 2 2 2 23 2132 1955 1992
3394 2 2 2 23 1987 1635 2134
3395 2 2 2 23 1539 2017 2138
3396 2 2 2 23 2000 722 2138
3397 2 2 2 23 2140 497 498
3398 2 2 2 23 498 1979 2140
3399 2 2 2 23 496 497 2142
3400 2 2 2 23 2079 2098 2145
3401 2 2 2 23 2145 2078 2079
3402 2 2 2 23 1648 1541 2148
3403 2 2 2 23 2148 1565 1648
3404 2 2 2 23 2152 1731 372
3405 2 2 2 23 372 373 2152
3406 2 2 2 23 2048 2008 2155
3407 2 2 2 23 1535 1646 2156
3408 2 2 2 23 2156 1896 1535
3409 2 2 2 23 2160 1922 1953
3410 2 2 2 23 389 390 2167
3411 2 2 2 23 1743 2123 1633
3412 2 2 2 23 1677 1592 2161
3413 2 2 2 23 1877 2114 1947
3414 2 2 2 23 2146 1655 2004
3415 2 2 2 23 1604 1868 2117
3416 2 2 2 23 2164 1923 2026
3417 2 2 2 23 2133 442 443
3418 2 2 2 23 2001 2133 443
3419 2 2 2 23 1578 2000 2138
3420 2 2 2 23 1578 2138 2017
3421 2 2 2 23 2138 722 723
3422 2 2 2 23 1539 2138 723
3423 2 2 2 23 2142 497 2140
3424 2 2 2 23 2154 1756 1538
3425 2 2 2 23 1985 1955 2132
3426 2 2 2 23 1985 2132 2045
3427 2 2 2 23 2107 1635 2127
3428 2 2 2 23 2096 2070 1950
3429 2 2 2 23 2079 2096 1950
3430 2 2 2 23 725 726 2103
3431 2 2 2 23 725 2103 1577
3432 2 2 2 23 1950 2098 2079
3433 2 2 2 23 2141 692 693
3434 2 2 2 23 2152 373 2077
3435 2 2 2 23 2096 2079 2015
3436 2 2 2 23 2095 2096 2015
3437 2 2 2 23 1899 2145 2098
3438 2 2 2 23 2133 2001 2108
3439 2 2 2 23 2115 2000 2122
3440 2 2 2 23 348 2020 2120
3441 2 2 2 23 2054 1987 2134
3442 2 2 2 23 2136 471 472
3443 2 2 2 23 2099 2133 2108
3444 2 2 2 23 1829 1946 2168
3445 2 2 2 23 643 644 2159
3446 2 2 2 23 725 1577 2105
3447 2 2 2 23 495 2142 1779
3448 2 2 2 23 495 496 2142
3449 2 2 2 23 1870 1998 2126
3450 2 2 2 23 1870 2126 2129
3451 2 2 2 23 353 354 2057
3452 2 2 2 23 352 353 1879
3453 2 2 2 23 2057 1879 353
3454 2 2 2 23 421 2097 420
3455 2 2 2 23 2029 2097 421
3456 2 2 2 23 409 1989 408
3457 2 2 2 23 176 2094 175
3458 2 2 2 23 2120 347 348
3459 2 2 2 23 226 2052 225
3460 2 2 2 23 225 2052 1974
3461 2 2 2 23 1774 2137 466
3462 2 2 2 23 1922 2137 1774
3463 2 2 2 23 2055 2146 2004
3464 2 2 2 23 1755 2146 1600
3465 2 2 2 23 2146 1755 2068
3466 2 2 2 23 1991 2058 1951
3467 2 2 2 23 1991 1645 2058
3468 2 2 2 23 404 405 2046
3469 2 2 2 23 2058 1645 2031
3470 2 2 2 23 1899 1552 2145
3471 2 2 2 23 1552 2008 2145
3472 2 2 2 23 2145 2008 2048
3473 2 2 2 23 2145 2048 2078
3474 2 2 2 23 511 512 2059
3475 2 2 2 23 2143 1691 2059
3476 2 2 2 23 2117 1731 2152
3477 2 2 2 23 2077 2031 2152
3478 2 2 2 23 2114 2107 2157
3479 2 2 2 23 2107 2127 2157
3480 2 2 2 23 695 2102 694
3481 2 2 2 23 2136 1751 1953
3482 2 2 2 23 2136 1953 2101
3483 2 2 2 23 1538 1539 2154
3484 2 2 2 23 2140 1979 2070
3485 2 2 2 23 2140 2070 2096
3486 2 2 2 23 1565 2148 1658
3487 2 2 2 23 2148 1572 1658
3488 2 2 2 23 2148 1541 1568
3489 2 2 2 23 1572 2148 1568
3490 2 2 2 23 2168 1541 1829
3491 2 2 2 23 1573 1541 2168
3492 2 2 2 23 2144 1820 1875
3493 2 2 2 23 1842 1994 2131
3494 2 2 2 23 1597 1805 2098
3495 2 2 2 23 2098 1684 1597
3496 2 2 2 23 2098 1805 1899
3497 2 2 2 23 2098 1950 1684
3498 2 2 2 23 711 13 2164
3499 2 2 2 23 2026 711 2164
3500 2 2 2 23 2164 13 721
3501 2 2 2 23 2115 2164 721
3502 2 2 2 23 2090 2128 1635
3503 2 2 2 23 553 554 2049
3504 2 2 2 23 2049 2039 553
3505 2 2 2 23 2116 2039 2049
3506 2 2 2 23 1969 2153 1773
3507 2 2 2 23 1773 2153 1804
3508 2 2 2 23 2147 1697 1555
3509 2 2 2 23 1991 1643 2117
3510 2 2 2 23 1643 1604 2117
3511 2 2 2 23 1645 1991 2117
3512 2 2 2 23 1585 699 700
3513 2 2 2 23 1705 1675 1815
3514 2 2 2 23 1705 1834 1675
3515 2 2 2 23 1675 1696 1716
3516 2 2 2 23 1675 1716 1815
3517 2 2 2 23 1660 2119 1758
3518 2 2 2 23 642 643 2159
3519 2 2 2 23 2159 1822 1764
3520 2 2 2 23 2160 1780 1603
3521 2 2 2 23 2160 1603 1825
3522 2 2 2 23 2051 2160 1825
3523 2 2 2 23 2109 1651 2016
3524 2 2 2 23 2109 2016 2110
3525 2 2 2 23 2109 2110 2158
3526 2 2 2 23 2109 2158 2150
3527 2 2 2 23 1891 560 561
3528 2 2 2 23 2108 1938 2099
3529 2 2 2 23 1687 543 544
3530 2 2 2 23 1687 544 1587
3531 2 2 2 23 2068 1666 2013
3532 2 2 2 23 659 660 1937
3533 2 2 2 23 1554 1728 1551
3534 2 2 2 23 2051 2137 1922
3535 2 2 2 23 2160 2051 1922
3536 2 2 2 23 2101 470 471
3537 2 2 2 23 2136 2101 471
3538 2 2 2 23 469 470 2101
3539 2 2 2 23 1824 469 2101
3540 2 2 2 23 2146 2055 1600
3541 2 2 2 23 403 404 2046
3542 2 2 2 23 403 2046 1905
3543 2 2 2 23 1764 641 642
3544 2 2 2 23 2159 1764 642
3545 2 2 2 23 2113 493 494
3546 2 2 2 23 1779 2113 494
3547 2 2 2 23 2170 384 385
3548 2 2 2 23 2112 2118 2171
3549 2 2 2 23 2046 405 2173
3550 2 2 2 23 2173 2118 2046
3551 2 2 2 23 2178 2171 2118
3552 2 2 2 23 1989 2171 2178
3553 2 2 2 23 2027 2139 2179
3554 2 2 2 23 2181 2171 1989
3555 2 2 2 23 2109 2150 2189
3556 2 2 2 23 1540 1669 2191
3557 2 2 2 23 2192 2027 2158
3558 2 2 2 23 2197 266 267
3559 2 2 2 23 2155 2008 2199
3560 2 2 2 23 417 418 2200
3561 2 2 2 23 2200 2084 417
3562 2 2 2 23 560 1891 2202
3563 2 2 2 23 2134 2190 2203
3564 2 2 2 23 1577 2103 2208
3565 2 2 2 23 2209 514 515
3566 2 2 2 23 2116 2183 2210
3567 2 2 2 23 2212 2051 1747
3568 2 2 2 23 2137 2051 2212
3569 2 2 2 23 1636 187 2215
3570 2 2 2 23 2215 1565 1636
3571 2 2 2 23 2219 1739 477
3572 2 2 2 23 477 478 2219
3573 2 2 2 23 2221 1850 260
3574 2 2 2 23 2165 2027 2227
3575 2 2 2 23 2228 177 178
3576 2 2 2 23 178 1664 2228
3577 2 2 2 23 2229 1663 1860
3578 2 2 2 23 2150 2158 2230
3579 2 2 2 23 2232 7 150
3580 2 2 2 23 150 1548 2232
3581 2 2 2 23 149 7 2232
3582 2 2 2 23 2056 1653 2233
3583 2 2 2 23 2234 2180 2166
3584 2 2 2 23 2235 581 582
3585 2 2 2 23 582 1926 2235
3586 2 2 2 23 2237 1987 2080
3587 2 2 2 23 1577 2208 2151
3588 2 2 2 23 1742 581 2235
3589 2 2 2 23 2055 1739 2219
3590 2 2 2 23 2179 2227 2027
3591 2 2 2 23 2219 478 479
3592 2 2 2 23 2204 2033 2039
3593 2 2 2 23 2116 2204 2039
3594 2 2 2 23 2199 2008 1756
3595 2 2 2 23 2154 2199 1756
3596 2 2 2 23 1635 2128 2190
3597 2 2 2 23 1635 2190 2134
3598 2 2 2 23 644 2172 2159
3599 2 2 2 23 2215 187 188
3600 2 2 2 23 2193 391 392
3601 2 2 2 23 390 391 2193
3602 2 2 2 23 390 2193 2167
3603 2 2 2 23 2186 2067 2054
3604 2 2 2 23 2134 2186 2054
3605 2 2 2 23 2118 2182 2046
3606 2 2 2 23 2110 2192 2158
3607 2 2 2 23 273 274 2169
3608 2 2 2 23 2174 1921 1968
3609 2 2 2 23 2186 2134 2203
3610 2 2 2 23 2180 2234 2129
3611 2 2 2 23 2204 2116 2210
3612 2 2 2 23 2212 1747 464
3613 2 2 2 23 2194 2207 2065
3614 2 2 2 23 2063 2214 2205
3615 2 2 2 23 1870 2129 2226
3616 2 2 2 23 2225 1780 1972
3617 2 2 2 23 386 387 2175
3618 2 2 2 23 385 386 2175
3619 2 2 2 23 2166 2180 2175
3620 2 2 2 23 385 2175 2170
3621 2 2 2 23 2187 383 384
3622 2 2 2 23 384 2170 2187
3623 2 2 2 23 2188 548 549
3624 2 2 2 23 2188 2033 2204
3625 2 2 2 23 2221 260 261
3626 2 2 2 23 275 2169 274
3627 2 2 2 23 420 2097 419
3628 2 2 2 23 2200 418 419
3629 2 2 2 23 406 2173 405
3630 2 2 2 23 1651 2109 2189
3631 2 2 2 23 689 2176 688
3632 2 2 2 23 2178 408 1989
3633 2 2 2 23 407 408 2178
3634 2 2 2 23 1758 2119 2082
3635 2 2 2 23 2119 2183 2082
3636 2 2 2 23 491 2205 490
3637 2 2 2 23 2205 491 2063
3638 2 2 2 23 2054 2067 2022
3639 2 2 2 23 2022 2067 287
3640 2 2 2 23 286 287 2067
3641 2 2 2 23 285 286 2067
3642 2 2 2 23 644 645 2172
3643 2 2 2 23 2112 2165 2182
3644 2 2 2 23 2182 2118 2112
3645 2 2 2 23 2182 1788 1930
3646 2 2 2 23 2182 1930 1905
3647 2 2 2 23 2182 1905 2046
3648 2 2 2 23 2226 1560 1870
3649 2 2 2 23 2031 2226 2058
3650 2 2 2 23 2031 1560 2226
3651 2 2 2 23 2199 724 2105
3652 2 2 2 23 2105 2155 2199
3653 2 2 2 23 2154 724 2199
3654 2 2 2 23 1725 1619 2229
3655 2 2 2 23 1619 1961 2229
3656 2 2 2 23 2229 2032 1725
3657 2 2 2 23 2032 2229 1860
3658 2 2 2 23 2179 2125 2227
3659 2 2 2 23 2120 2088 347
3660 2 2 2 23 265 266 2197
3661 2 2 2 23 1947 2114 1918
3662 2 2 2 23 1918 2114 2081
3663 2 2 2 23 2081 2114 2157
3664 2 2 2 23 598 1804 2195
3665 2 2 2 23 597 598 2195
3666 2 2 2 23 2195 1804 2153
3667 2 2 2 23 2106 1644 1599
3668 2 2 2 23 1599 1736 2106
3669 2 2 2 23 2108 1644 2106
3670 2 2 2 23 2187 382 383
3671 2 2 2 23 1998 2187 2126
3672 2 2 2 23 464 465 2212
3673 2 2 2 23 545 1851 1587
3674 2 2 2 23 545 546 1851
3675 2 2 2 23 1572 1568 731
3676 2 2 2 23 731 1574 1572
3677 2 2 2 23 1850 2221 1852
3678 2 2 2 23 1852 2221 2135
3679 2 2 2 23 2225 2121 2218
3680 2 2 2 23 1882 2066 2203
3681 2 2 2 23 2224 1925 1882
3682 2 2 2 23 1697 1925 2224
3683 2 2 2 23 479 1709 2219
3684 2 2 2 23 2219 1709 1600
3685 2 2 2 23 2055 2219 1600
3686 2 2 2 23 440 441 2099
3687 2 2 2 23 2099 2050 440
3688 2 2 2 23 2099 441 442
3689 2 2 2 23 2099 442 2133
3690 2 2 2 23 1775 1690 2076
3691 2 2 2 23 1775 2076 2073
3692 2 2 2 23 2073 2076 1699
3693 2 2 2 23 2154 1539 723
3694 2 2 2 23 723 724 2154
3695 2 2 2 23 2119 2210 2183
3696 2 2 2 23 1584 1762 2228
3697 2 2 2 23 2228 1664 1584
3698 2 2 2 23 2228 1762 2094
3699 2 2 2 23 2228 176 177
3700 2 2 2 23 2228 2094 176
3701 2 2 2 23 1891 1816 2202
3702 2 2 2 23 2047 1988 2216
3703 2 2 2 23 2189 2198 2084
3704 2 2 2 23 2189 2150 2198
3705 2 2 2 23 1696 2211 1784
3706 2 2 2 23 1629 1784 2211
3707 2 2 2 23 1781 2214 1853
3708 2 2 2 23 2015 1853 2214
3709 2 2 2 23 2086 270 271
3710 2 2 2 23 2027 2230 2158
3711 2 2 2 23 2165 2230 2027
3712 2 2 2 23 2112 2230 2165
3713 2 2 2 23 2027 2192 2139
3714 2 2 2 23 2139 2192 2208
3715 2 2 2 23 2208 2192 2151
3716 2 2 2 23 1693 2222 1667
3717 2 2 2 23 1736 1667 2222
3718 2 2 2 23 2084 2200 2189
3719 2 2 2 23 1651 2200 2097
3720 2 2 2 23 1651 2189 2200
3721 2 2 2 23 419 2097 2200
3722 2 2 2 23 2171 2213 2112
3723 2 2 2 23 2213 2230 2112
3724 2 2 2 23 2230 2213 2150
3725 2 2 2 23 2213 2171 2181
3726 2 2 2 23 679 2100 678
3727 2 2 2 23 2031 1645 2152
3728 2 2 2 23 2152 1645 2117
3729 2 2 2 23 2207 2041 2025
3730 2 2 2 23 1987 2237 2127
3731 2 2 2 23 1592 1851 2201
3732 2 2 2 23 2161 1592 2201
3733 2 2 2 23 2123 1557 1633
3734 2 2 2 23 2206 2123 1638
3735 2 2 2 23 1823 1788 2223
3736 2 2 2 23 2227 2125 2223
3737 2 2 2 23 2078 2048 2013
3738 2 2 2 23 675 676 2005
3739 2 2 2 23 675 2005 1646
3740 2 2 2 23 1592 1687 1587
3741 2 2 2 23 1592 1587 1851
3742 2 2 2 23 492 493 2113
3743 2 2 2 23 492 2113 2063
3744 2 2 2 23 2225 2218 1780
3745 2 2 2 23 549 550 2033
3746 2 2 2 23 549 2033 2188
3747 2 2 2 23 346 347 2088
3748 2 2 2 23 346 2088 2037
3749 2 2 2 23 1998 381 382
3750 2 2 2 23 1998 382 2187
3751 2 2 2 23 2149 2003 1742
3752 2 2 2 23 2235 2149 1742
3753 2 2 2 23 1913 1925 2241
3754 2 2 2 23 1555 2184 2246
3755 2 2 2 23 2246 2184 2111
3756 2 2 2 23 1540 2012 2247
3757 2 2 2 23 2250 726 727
3758 2 2 2 23 2251 2242 2188
3759 2 2 2 23 2254 2104 2231
3760 2 2 2 23 2257 729 730
3761 2 2 2 23 2095 2015 2261
3762 2 2 2 23 2261 2015 2214
3763 2 2 2 23 2262 2237 2080
3764 2 2 2 23 2207 2025 2264
3765 2 2 2 23 2266 2150 2213
3766 2 2 2 23 2198 2150 2266
3767 2 2 2 23 2267 2026 1958
3768 2 2 2 23 2217 1538 2269
3769 2 2 2 23 2269 1538 1756
3770 2 2 2 23 2272 2131 1994
3771 2 2 2 23 2214 1781 2273
3772 2 2 2 23 2274 596 597
3773 2 2 2 23 597 2195 2274
3774 2 2 2 23 2075 2231 2278
3775 2 2 2 23 2278 1915 2075
3776 2 2 2 23 2278 2231 1537
3777 2 2 2 23 2081 2157 2280
3778 2 2 2 23 2280 2157 2011
3779 2 2 2 23 678 2100 2281
3780 2 2 2 23 2085 1835 2283
3781 2 2 2 23 2283 1835 2236
3782 2 2 2 23 2286 1669 1540
3783 2 2 2 23 1540 2247 2286
3784 2 2 2 23 2288 2028 1919
3785 2 2 2 23 2288 2151 2192
3786 2 2 2 23 1919 2151 2288
3787 2 2 2 23 2289 2082 1863
3788 2 2 2 23 2178 2118 2292
3789 2 2 2 23 2292 407 2178
3790 2 2 2 23 2292 2118 2173
3791 2 2 2 23 1816 1758 2294
3792 2 2 2 23 2294 1758 2082
3793 2 2 2 23 2294 2202 1816
3794 2 2 2 23 2295 2253 2236
3795 2 2 2 23 2236 1835 2295
3796 2 2 2 23 1591 1976 2299
3797 2 2 2 23 2300 189 190
3798 2 2 2 23 2301 594 595
3799 2 2 2 23 387 388 2302
3800 2 2 2 23 2302 2175 387
3801 2 2 2 23 2307 2096 2095
3802 2 2 2 23 2307 2142 2140
3803 2 2 2 23 2140 2096 2307
3804 2 2 2 23 1863 2082 2308
3805 2 2 2 23 2309 1974 2052
3806 2 2 2 23 2052 1803 2309
3807 2 2 2 23 2310 2207 2194
3808 2 2 2 23 265 2197 2312
3809 2 2 2 23 2317 388 389
3810 2 2 2 23 389 2167 2317
3811 2 2 2 23 2012 1992 2318
3812 2 2 2 23 2196 2247 2318
3813 2 2 2 23 2318 2247 2012
3814 2 2 2 23 474 1767 2322
3815 2 2 2 23 2323 1822 2159
3816 2 2 2 23 2159 2172 2323
3817 2 2 2 23 2207 2264 2325
3818 2 2 2 23 2325 2264 1735
3819 2 2 2 23 261 262 2326
3820 2 2 2 23 2326 2221 261
3821 2 2 2 23 2327 1951 2058
3822 2 2 2 23 2076 1690 2329
3823 2 2 2 23 272 273 2331
3824 2 2 2 23 2333 2303 2216
3825 2 2 2 23 1702 2303 2333
3826 2 2 2 23 2339 2100 1936
3827 2 2 2 23 595 596 2340
3828 2 2 2 23 2340 2301 595
3829 2 2 2 23 2341 2121 2225
3830 2 2 2 23 2257 730 1568
3831 2 2 2 23 1573 2257 1568
3832 2 2 2 23 1549 1558 2330
3833 2 2 2 23 1863 2308 556
3834 2 2 2 23 2299 586 587
3835 2 2 2 23 1591 2299 587
3836 2 2 2 23 2270 1932 2299
3837 2 2 2 23 2270 2299 1976
3838 2 2 2 23 2278 1537 1995
3839 2 2 2 23 1915 2278 1995
3840 2 2 2 23 1552 1707 2269
3841 2 2 2 23 1552 2269 1756
3842 2 2 2 23 2331 273 2169
3843 2 2 2 23 289 290 2262
3844 2 2 2 23 289 2262 2080
3845 2 2 2 23 294 295 2280
3846 2 2 2 23 294 2280 2011
3847 2 2 2 23 2280 295 296
3848 2 2 2 23 2081 2280 296
3849 2 2 2 23 2100 2339 2281
3850 2 2 2 23 2066 1935 2298
3851 2 2 2 23 2307 2095 1779
3852 2 2 2 23 2142 2307 1779
3853 2 2 2 23 188 189 2300
3854 2 2 2 23 1779 2095 2261
3855 2 2 2 23 1779 2261 2113
3856 2 2 2 23 1555 2287 2184
3857 2 2 2 23 2188 2242 548
3858 2 2 2 23 1988 1822 2323
3859 2 2 2 23 2323 2172 2233
3860 2 2 2 23 2110 2028 2288
3861 2 2 2 23 2110 2288 2192
3862 2 2 2 23 2153 2314 2195
3863 2 2 2 23 1690 1974 2309
3864 2 2 2 23 2181 1928 2266
3865 2 2 2 23 2181 2266 2213
3866 2 2 2 23 2214 2273 2205
3867 2 2 2 23 2340 596 2274
3868 2 2 2 23 2263 1734 1823
3869 2 2 2 23 2223 2263 1823
3870 2 2 2 23 1585 2290 2238
3871 2 2 2 23 2318 1992 1952
3872 2 2 2 23 2196 2318 1952
3873 2 2 2 23 2321 1693 2218
3874 2 2 2 23 2298 283 284
3875 2 2 2 23 2243 2131 2272
3876 2 2 2 23 2302 388 2317
3877 2 2 2 23 2294 2082 2289
3878 2 2 2 23 2202 2294 2289
3879 2 2 2 23 2303 2104 2254
3880 2 2 2 23 2216 2303 2254
3881 2 2 2 23 2063 2113 2261
3882 2 2 2 23 2063 2261 2214
3883 2 2 2 23 1961 1537 2268
3884 2 2 2 23 1961 2268 2229
3885 2 2 2 23 1663 2229 2268
3886 2 2 2 23 593 594 2301
3887 2 2 2 23 677 678 2281
3888 2 2 2 23 677 2281 2005
3889 2 2 2 23 2239 709 710
3890 2 2 2 23 2026 2239 710
3891 2 2 2 23 406 407 2292
3892 2 2 2 23 406 2292 2173
3893 2 2 2 23 2125 2091 2263
3894 2 2 2 23 2125 2263 2223
3895 2 2 2 23 2204 2210 2276
3896 2 2 2 23 2252 1936 2240
3897 2 2 2 23 2251 2201 1851
3898 2 2 2 23 2242 2251 1851
3899 2 2 2 23 2245 2265 2130
3900 2 2 2 23 665 2085 2283
3901 2 2 2 23 2267 1958 1896
3902 2 2 2 23 2253 2295 1937
3903 2 2 2 23 2108 2106 2291
3904 2 2 2 23 2289 1863 558
3905 2 2 2 23 1926 1932 2270
3906 2 2 2 23 1653 1702 2333
3907 2 2 2 23 2327 2058 2226
3908 2 2 2 23 1634 1536 2319
3909 2 2 2 23 708 709 2239
3910 2 2 2 23 2313 1919 1629
3911 2 2 2 23 2211 2313 1629
3912 2 2 2 23 605 2002 2334
3913 2 2 2 23 515 516 2324
3914 2 2 2 23 2324 2209 515
3915 2 2 2 23 2226 2129 2327
3916 2 2 2 23 2328 2327 2129
3917 2 2 2 23 2319 1983 1634
3918 2 2 2 23 1952 2319 2196
3919 2 2 2 23 1952 1983 2319
3920 2 2 2 23 2270 2235 1926
3921 2 2 2 23 2235 2270 2149
3922 2 2 2 23 276 2241 275
3923 2 2 2 23 275 2241 2169
3924 2 2 2 23 558 559 2289
3925 2 2 2 23 2202 2289 560
3926 2 2 2 23 2289 559 560
3927 2 2 2 23 2291 1938 2108
3928 2 2 2 23 1696 2291 2211
3929 2 2 2 23 1696 1938 2291
3930 2 2 2 23 2201 2251 2276
3931 2 2 2 23 2251 2188 2204
3932 2 2 2 23 2204 2276 2251
3933 2 2 2 23 2242 547 548
3934 2 2 2 23 688 2176 687
3935 2 2 2 23 2262 290 291
3936 2 2 2 23 291 2237 2262
3937 2 2 2 23 2153 1969 2284
3938 2 2 2 23 2284 1969 2332
3939 2 2 2 23 2216 1988 2333
3940 2 2 2 23 2319 1536 2006
3941 2 2 2 23 2283 664 665
3942 2 2 2 23 663 2283 2236
3943 2 2 2 23 663 664 2283
3944 2 2 2 23 2244 1898 2128
3945 2 2 2 23 2335 1898 2244
3946 2 2 2 23 2128 2090 2244
3947 2 2 2 23 1555 2246 2147
3948 2 2 2 23 2246 2297 2147
3949 2 2 2 23 2246 2258 2297
3950 2 2 2 23 707 2290 1586
3951 2 2 2 23 2194 1745 1977
3952 2 2 2 23 1977 2007 2194
3953 2 2 2 23 2065 1745 2194
3954 2 2 2 23 2194 2007 2243
3955 2 2 2 23 2194 2243 2310
3956 2 2 2 23 2243 2272 2310
3957 2 2 2 23 2087 1860 2332
3958 2 2 2 23 2332 1911 2087
3959 2 2 2 23 2332 1860 1663
3960 2 2 2 23 662 2253 661
3961 2 2 2 23 1937 661 2253
3962 2 2 2 23 660 661 1937
3963 2 2 2 23 2276 1769 2161
3964 2 2 2 23 2201 2276 2161
3965 2 2 2 23 2131 339 340
3966 2 2 2 23 2002 1911 2334
3967 2 2 2 23 1808 2334 1969
3968 2 2 2 23 392 393 2185
3969 2 2 2 23 2185 2193 392
3970 2 2 2 23 2328 2009 1951
3971 2 2 2 23 2328 1951 2327
3972 2 2 2 23 2338 2009 2328
3973 2 2 2 23 2233 1653 2323
3974 2 2 2 23 2333 1988 2323
3975 2 2 2 23 2323 1653 2333
3976 2 2 2 23 707 708 2290
3977 2 2 2 23 708 2239 2290
3978 2 2 2 23 2019 2324 1927
3979 2 2 2 23 2297 2337 2147
3980 2 2 2 23 2181 410 411
3981 2 2 2 23 410 2181 1989
3982 2 2 2 23 1805 1691 2320
3983 2 2 2 23 2320 1899 1805
3984 2 2 2 23 2320 1810 1899
3985 2 2 2 23 2042 2047 2216
3986 2 2 2 23 2075 2042 2231
3987 2 2 2 23 2231 2042 2254
3988 2 2 2 23 2254 2042 2216
3989 2 2 2 23 2179 2139 2338
3990 2 2 2 23 2321 1577 2151
3991 2 2 2 23 2218 2121 2321
3992 2 2 2 23 2274 2195 2340
3993 2 2 2 23 2340 2195 2314
3994 2 2 2 23 2314 2174 2340
3995 2 2 2 23 2342 1857 1766
3996 2 2 2 23 2342 1649 1857
3997 2 2 2 23 1986 1649 2342
3998 2 2 2 23 1767 2004 2322
3999 2 2 2 23 2004 1751 2322
4000 2 2 2 23 2322 1751 2136
4001 2 2 2 23 2146 2068 1655
4002 2 2 2 23 2314 1897 1921
4003 2 2 2 23 2284 1897 2314
4004 2 2 2 23 2174 2314 1921
4005 2 2 2 23 2284 2314 2153
4006 2 2 2 23 2290 2239 2256
4007 2 2 2 23 1646 674 675
4008 2 2 2 23 2264 2025 2330
4009 2 2 2 23 2309 1803 1888
4010 2 2 2 23 2329 1690 2309
4011 2 2 2 23 1903 2309 1888
4012 2 2 2 23 1903 1650 2309
4013 2 2 2 23 2309 1650 2329
4014 2 2 2 23 2257 1573 2316
4015 2 2 2 23 2166 2175 2317
4016 2 2 2 23 2317 2175 2302
4017 2 2 2 23 2203 2066 2298
4018 2 2 2 23 2186 2203 2298
4019 2 2 2 23 1948 1601 1776
4020 2 2 2 23 2237 291 292
4021 2 2 2 23 1820 2343 1743
4022 2 2 2 23 2343 1650 1638
4023 2 2 2 23 2135 2312 2258
4024 2 2 2 23 2312 2197 2297
4025 2 2 2 23 2297 2258 2312
4026 2 2 2 23 2179 2338 2125
4027 2 2 2 23 2338 2091 2125
4028 2 2 2 23 2328 2091 2338
4029 2 2 2 23 263 2326 262
4030 2 2 2 23 2135 2221 2326
4031 2 2 2 23 2135 2326 2312
4032 2 2 2 23 2180 2129 2126
4033 2 2 2 23 2187 2180 2126
4034 2 2 2 23 2170 2175 2180
4035 2 2 2 23 2187 2170 2180
4036 2 2 2 23 1789 2295 1835
4037 2 2 2 23 2273 489 490
4038 2 2 2 23 2205 2273 490
4039 2 2 2 23 2305 1734 2263
4040 2 2 2 23 2300 2215 188
4041 2 2 2 23 2060 1554 2130
4042 2 2 2 23 2130 1554 1551
4043 2 2 2 23 1589 2282 1862
4044 2 2 2 23 1641 1862 2282
4045 2 2 2 23 2282 1685 1641
4046 2 2 2 23 1948 1685 2282
4047 2 2 2 23 2286 2247 2196
4048 2 2 2 23 2319 2286 2196
4049 2 2 2 23 2006 2286 2319
4050 2 2 2 23 2339 1896 2156
4051 2 2 2 23 2281 2339 2156
4052 2 2 2 23 2301 2174 1968
4053 2 2 2 23 2301 1968 1837
4054 2 2 2 23 2174 2301 2340
4055 2 2 2 23 593 2301 1837
4056 2 2 2 23 2232 14 149
4057 2 2 2 23 743 14 2232
4058 2 2 2 23 2232 1548 743
4059 2 2 2 23 2122 2271 2104
4060 2 2 2 23 2000 2271 2122
4061 2 2 2 23 513 514 2209
4062 2 2 2 23 2143 513 2209
4063 2 2 2 23 1968 1847 1889
4064 2 2 2 23 1889 1847 1976
4065 2 2 2 23 1921 1847 1968
4066 2 2 2 23 2291 2313 2211
4067 2 2 2 23 2222 2313 1736
4068 2 2 2 23 2106 2313 2291
4069 2 2 2 23 2313 2106 1736
4070 2 2 2 23 1898 2162 2128
4071 2 2 2 23 2162 1898 2287
4072 2 2 2 23 2128 2162 2190
4073 2 2 2 23 2224 2162 2287
4074 2 2 2 23 2130 2265 1701
4075 2 2 2 23 1698 2304 1551
4076 2 2 2 23 2325 1735 1811
4077 2 2 2 23 1907 2325 1811
4078 2 2 2 23 2325 1907 2065
4079 2 2 2 23 2065 2207 2325
4080 2 2 2 23 2308 2116 2049
4081 2 2 2 23 2183 2308 2082
4082 2 2 2 23 2116 2308 2183
4083 2 2 2 23 2122 1923 2164
4084 2 2 2 23 2164 2115 2122
4085 2 2 2 23 393 394 2185
4086 2 2 2 23 2102 2306 2141
4087 2 2 2 23 1781 1666 2259
4088 2 2 2 23 1666 1594 2259
4089 2 2 2 23 1594 1732 2259
4090 2 2 2 23 2245 2130 1551
4091 2 2 2 23 2245 1551 2304
4092 2 2 2 23 2111 2184 2245
4093 2 2 2 23 2245 2304 2111
4094 2 2 2 23 2045 2041 2310
4095 2 2 2 23 2310 1994 2045
4096 2 2 2 23 2310 2041 2207
4097 2 2 2 23 1994 2310 2272
4098 2 2 2 23 2048 2341 2013
4099 2 2 2 23 2013 2341 2068
4100 2 2 2 23 2155 2341 2048
4101 2 2 2 23 2155 2121 2341
4102 2 2 2 23 1596 1999 1771
4103 2 2 2 23 2047 1700 1954
4104 2 2 2 23 1967 1821 2047
4105 2 2 2 23 1700 2047 1821
4106 2 2 2 23 2165 2227 2182
4107 2 2 2 23 2227 1788 2182
4108 2 2 2 23 2223 1788 2227
4109 2 2 2 23 1628 2206 1638
4110 2 2 2 23 2206 1628 2316
4111 2 2 2 23 2206 1573 2168
4112 2 2 2 23 2206 2316 1573
4113 2 2 2 23 2218 1693 1688
4114 2 2 2 23 1780 2218 1688
4115 2 2 2 23 2253 662 663
4116 2 2 2 23 2236 2253 663
4117 2 2 2 23 546 547 2242
4118 2 2 2 23 546 2242 1851
4119 2 2 2 23 2256 2285 2141
4120 2 2 2 23 512 513 2143
4121 2 2 2 23 512 2143 2059
4122 2 2 2 23 1555 1697 2224
4123 2 2 2 23 1555 2224 2287
4124 2 2 2 23 2056 2233 1997
4125 2 2 2 23 1663 2268 2249
4126 2 2 2 23 364 365 2064
4127 2 2 2 23 364 2064 1626
4128 2 2 2 23 207 8 1744
4129 2 2 2 23 207 1744 1768
4130 2 2 2 23 172 173 1729
4131 2 2 2 23 172 1729 1818
4132 2 2 2 23 585 586 2299
4133 2 2 2 23 585 2299 1932
4134 2 2 2 23 1966 624 625
4135 2 2 2 23 1772 1966 625
4136 2 2 2 23 1985 1994 1726
4137 2 2 2 23 2043 1985 1726
4138 2 2 2 23 465 466 2137
4139 2 2 2 23 2212 465 2137
4140 2 2 2 23 1997 2233 647
4141 2 2 2 23 1936 2252 2255
4142 2 2 2 23 1586 2290 2344
4143 2 2 2 23 2344 2290 1585
4144 2 2 2 23 2345 2273 1781
4145 2 2 2 23 1781 2259 2345
4146 2 2 2 23 1741 1734 2346
4147 2 2 2 23 2185 394 2346
4148 2 2 2 23 2346 1734 2185
4149 2 2 2 23 2347 1577 2321
4150 2 2 2 23 2321 2121 2347
4151 2 2 2 23 2105 1577 2347
4152 2 2 2 23 2348 1638 2123
4153 2 2 2 23 2348 1743 2343
4154 2 2 2 23 2343 1638 2348
4155 2 2 2 23 2123 1743 2348
4156 2 2 2 23 2349 1553 1538
4157 2 2 2 23 2350 1976 1847
4158 2 2 2 23 2270 1976 2350
4159 2 2 2 23 2351 1789 1881
4160 2 2 2 23 2295 1789 2351
4161 2 2 2 23 2352 1648 1565
4162 2 2 2 23 2352 2215 2300
4163 2 2 2 23 1565 2215 2352
4164 2 2 2 23 1893 1923 2355
4165 2 2 2 23 2356 2119 1660
4166 2 2 2 23 2239 2026 2357
4167 2 2 2 23 2357 2026 2267
4168 2 2 2 23 2358 2297 2197
4169 2 2 2 23 2337 2297 2358
4170 2 2 2 23 2260 2217 2359
4171 2 2 2 23 1925 1697 2360
4172 2 2 2 23 2331 2169 2360
4173 2 2 2 23 2362 2149 2270
4174 2 2 2 23 2067 2186 2363
4175 2 2 2 23 2363 2186 2298
4176 2 2 2 23 2260 1769 2364
4177 2 2 2 23 2161 1769 2366
4178 2 2 2 23 2366 1677 2161
4179 2 2 2 23 1707 1661 2367
4180 2 2 2 23 2217 2269 2367
4181 2 2 2 23 2367 2269 1707
4182 2 2 2 23 2361 236 237
4183 2 2 2 23 1601 2361 237
4184 2 2 2 23 235 236 2361
4185 2 2 2 23 235 2361 1883
4186 2 2 2 23 2155 2105 2347
4187 2 2 2 23 2155 2347 2121
4188 2 2 2 23 2241 1925 2360
4189 2 2 2 23 2241 2360 2169
4190 2 2 2 23 2367 1661 2359
4191 2 2 2 23 2217 2367 2359
4192 2 2 2 23 2344 702 703
4193 2 2 2 23 1586 2344 703
4194 2 2 2 23 1596 1677 2366
4195 2 2 2 23 1596 2366 1999
4196 2 2 2 23 2366 1769 2260
4197 2 2 2 23 1999 2366 2260
4198 2 2 2 23 2349 1538 2217
4199 2 2 2 23 2285 2256 2353
4200 2 2 2 23 2354 2234 2166
4201 2 2 2 23 1881 1893 2355
4202 2 2 2 23 2336 2295 2351
4203 2 2 2 23 2358 2197 267
4204 2 2 2 23 2363 2298 284
4205 2 2 2 23 2324 2019 2365
4206 2 2 2 23 1999 2260 2359
4207 2 2 2 23 2166 2317 2354
4208 2 2 2 23 702 2344 701
4209 2 2 2 23 701 2344 1585
4210 2 2 2 23 700 701 1585
4211 2 2 2 23 2217 2260 2364
4212 2 2 2 23 2364 2349 2217
4213 2 2 2 23 2349 2364 2311
4214 2 2 2 23 267 268 2358
4215 2 2 2 23 1881 1639 2351
4216 2 2 2 23 2303 1702 2355
4217 2 2 2 23 1661 2044 2359
4218 2 2 2 23 674 1646 673
4219 2 2 2 23 673 1646 1892
4220 2 2 2 23 285 2363 284
4221 2 2 2 23 2363 285 2067
4222 2 2 2 23 395 2346 394
4223 2 2 2 23 1741 2346 395
4224 2 2 2 23 1576 1553 2356
4225 2 2 2 23 2356 1660 1576
4226 2 2 2 23 2356 2349 2311
4227 2 2 2 23 2356 1553 2349
4228 2 2 2 23 397 1727 396
4229 2 2 2 23 396 1727 1741
4230 2 2 2 23 412 413 1928
4231 2 2 2 23 2357 2256 2239
4232 2 2 2 23 2353 2357 2255
4233 2 2 2 23 2256 2357 2353
4234 2 2 2 23 2353 2255 2252
4235 2 2 2 23 2353 2252 2275
4236 2 2 2 23 489 2345 488
4237 2 2 2 23 2273 2345 489
4238 2 2 2 23 2304 1852 2135
4239 2 2 2 23 1876 1852 2304
4240 2 2 2 23 2304 1698 1876
4241 2 2 2 23 272 2331 271
4242 2 2 2 23 271 2331 2086
4243 2 2 2 23 1601 1948 2282
4244 2 2 2 23 2361 1601 2282
4245 2 2 2 23 2361 2282 1883
4246 2 2 2 23 2282 1589 1883
4247 2 2 2 23 2122 2104 2303
4248 2 2 2 23 2355 2122 2303
4249 2 2 2 23 2355 1923 2122
4250 2 2 2 23 2135 2258 2111
4251 2 2 2 23 2135 2111 2304
4252 2 2 2 23 2246 2111 2258
4253 2 2 2 23 1858 1967 2042
4254 2 2 2 23 2042 2075 1858
4255 2 2 2 23 2042 1967 2047
4256 2 2 2 23 2365 2019 1841
4257 2 2 2 23 1841 1810 2365
4258 2 2 2 23 2365 1810 2320
4259 2 2 2 23 2311 1769 2276
4260 2 2 2 23 2311 2276 2210
4261 2 2 2 23 2364 1769 2311
4262 2 2 2 23 2311 2210 2119
4263 2 2 2 23 2119 2356 2311
4264 2 2 2 23 2243 338 339
4265 2 2 2 23 339 2131 2243
4266 2 2 2 23 685 686 2275
4267 2 2 2 23 1551 1728 1777
4268 2 2 2 23 1777 1698 1551
4269 2 2 2 23 2305 2193 2185
4270 2 2 2 23 2185 1734 2305
4271 2 2 2 23 1691 2143 2320
4272 2 2 2 23 2337 2086 2147
4273 2 2 2 23 1972 1780 2160
4274 2 2 2 23 2160 1953 1972
4275 2 2 2 23 1972 1953 1751
4276 2 2 2 23 1736 1599 1800
4277 2 2 2 23 1800 1588 1736
4278 2 2 2 23 1736 1588 1667
4279 2 2 2 23 2177 728 729
4280 2 2 2 23 2337 269 270
4281 2 2 2 23 270 2086 2337
4282 2 2 2 23 2341 2225 1972
4283 2 2 2 23 1972 1655 2341
4284 2 2 2 23 2341 1655 2068
4285 2 2 2 23 2231 2104 2271
4286 2 2 2 23 2231 2271 1537
4287 2 2 2 23 2249 2268 2271
4288 2 2 2 23 1537 2271 2268
4289 2 2 2 23 1704 2021 1661
4290 2 2 2 23 1661 1631 1704
4291 2 2 2 23 2044 1661 2021
4292 2 2 2 23 2329 1650 2343
4293 2 2 2 23 2321 2151 1919
4294 2 2 2 23 2321 1919 2313
4295 2 2 2 23 2313 2222 2321
4296 2 2 2 23 2321 2222 1693
4297 2 2 2 23 2091 2328 2234
4298 2 2 2 23 2234 2328 2129
4299 2 2 2 23 2265 2335 2177
4300 2 2 2 23 2177 1701 2265
4301 2 2 2 23 2317 2167 2305
4302 2 2 2 23 2305 2354 2317
4303 2 2 2 23 2305 2167 2193
4304 2 2 2 23 2362 2296 1866
4305 2 2 2 23 2168 1557 2123
4306 2 2 2 23 2123 2206 2168
4307 2 2 2 23 1946 1557 2168
4308 2 2 2 23 1861 1897 2277
4309 2 2 2 23 1550 1861 2277
4310 2 2 2 23 1937 2295 2336
4311 2 2 2 23 2176 2353 2275
4312 2 2 2 23 2353 2176 2285
4313 2 2 2 23 411 412 1928
4314 2 2 2 23 411 1928 2181
4315 2 2 2 23 2156 1646 2005
4316 2 2 2 23 2281 2156 2005
4317 2 2 2 23 1702 1640 1881
4318 2 2 2 23 2355 1702 1881
4319 2 2 2 23 2044 1771 1999
4320 2 2 2 23 2359 2044 1999
4321 2 2 2 23 2275 686 687
4322 2 2 2 23 2176 2275 687
4323 2 2 2 23 2362 2270 2350
4324 2 2 2 23 2296 2362 2350
4325 2 2 2 23 2368 727 728
4326 2 2 2 23 2324 2365 2369
4327 2 2 2 23 2369 2209 2324
4328 2 2 2 23 2369 2365 2320
4329 2 2 2 23 1861 1550 2370
4330 2 2 2 23 2370 1847 1861
4331 2 2 2 23 2371 1541 1648
4332 2 2 2 23 2371 1746 1829
4333 2 2 2 23 1829 1541 2371
4334 2 2 2 23 2371 1648 2093
4335 2 2 2 23 1746 2371 2093
4336 2 2 2 23 2350 1847 2370
4337 2 2 2 23 2350 2370 2296
4338 2 2 2 23 2143 2209 2369
4339 2 2 2 23 2143 2369 2320
4340 2 2 2 23 2368 728 2177
4341 2 2 2 23 1857 1806 1793
4342 2 2 2 23 2315 2177 2335
4343 2 2 2 23 2315 2368 2177
4344 2 2 2 23 679 680 2100
4345 2 2 2 23 517 2324 516
4346 2 2 2 23 1927 2324 517
4347 2 2 2 23 488 2345 487
4348 2 2 2 23 487 2345 2259
4349 2 2 2 23 277 1913 276
4350 2 2 2 23 276 1913 2241
4351 2 2 2 23 659 1937 2336
4352 2 2 2 23 2265 2184 2287
4353 2 2 2 23 2287 1898 2265
4354 2 2 2 23 2265 1898 2335
4355 2 2 2 23 2245 2184 2265
4356 2 2 2 23 218 219 1699
4357 2 2 2 23 2331 2360 2147
4358 2 2 2 23 2147 2086 2331
4359 2 2 2 23 1697 2147 2360
4360 2 2 2 23 695 2306 2102
4361 2 2 2 23 2255 2267 1896
4362 2 2 2 23 1896 2339 2255
4363 2 2 2 23 2255 2357 2267
4364 2 2 2 23 1936 2255 2339
4365 2 2 2 23 2130 1701 2316
4366 2 2 2 23 2316 2060 2130
4367 2 2 2 23 1628 2060 2316
4368 2 2 2 23 2250 727 2248
4369 2 2 2 23 2296 1941 1866
4370 2 2 2 23 2296 2370 1941
4371 2 2 2 23 1941 1659 1866
4372 2 2 2 23 2370 1550 1941
4373 2 2 2 23 1590 1698 1777
4374 2 2 2 23 1777 1909 1590
4375 2 2 2 23 1909 1777 1671
4376 2 2 2 23 486 2259 1732
4377 2 2 2 23 487 2259 486
4378 2 2 2 23 1663 2249 2277
4379 2 2 2 23 2127 2011 2157
4380 2 2 2 23 2237 2011 2127
4381 2 2 2 23 2362 1866 2003
4382 2 2 2 23 2149 2362 2003
4383 2 2 2 23 2093 1648 2352
4384 2 2 2 23 2093 2352 2300
4385 2 2 2 23 2248 727 2368
4386 2 2 2 23 2372 1663 2277
4387 2 2 2 23 2372 2284 2332
4388 2 2 2 23 2332 1663 2372
4389 2 2 2 23 1875 216 2373
4390 2 2 2 23 2373 2144 1875
4391 2 2 2 23 2374 2000 1578
4392 2 2 2 23 2374 2249 2271
4393 2 2 2 23 2271 2000 2374
4394 2 2 2 23 655 656 2053
4395 2 2 2 23 655 2053 1740
4396 2 2 2 23 2373 216 217
4397 2 2 2 23 2372 2277 1897
4398 2 2 2 23 2284 2372 1897
4399 2 2 2 23 2275 2252 2240
4400 2 2 2 23 2275 2240 685
4401 2 2 2 23 2240 684 685
4402 2 2 2 23 1669 2250 2248
4403 2 2 2 23 2250 2220 2279
4404 2 2 2 23 1669 2220 2250
4405 2 2 2 23 1941 1550 2017
4406 2 2 2 23 2017 1576 1941
4407 2 2 2 23 695 696 2306
4408 2 2 2 23 657 658 2336
4409 2 2 2 23 2336 2053 657
4410 2 2 2 23 2336 658 659
4411 2 2 2 23 1957 2066 1882
4412 2 2 2 23 1908 1957 1882
4413 2 2 2 23 1913 1882 1925
4414 2 2 2 23 1882 1913 1908
4415 2 2 2 23 2277 2249 1578
4416 2 2 2 23 1578 1550 2277
4417 2 2 2 23 2249 2374 1578
4418 2 2 2 23 2332 1969 2334
4419 2 2 2 23 2334 1911 2332
4420 2 2 2 23 2084 2198 416
4421 2 2 2 23 2103 726 2279
4422 2 2 2 23 2208 2103 2279
4423 2 2 2 23 2279 726 2250
4424 2 2 2 23 2336 2351 1639
4425 2 2 2 23 1639 2053 2336
4426 2 2 2 23 2053 1639 1740
4427 2 2 2 23 219 220 2073
4428 2 2 2 23 219 2073 1699
4429 2 2 2 23 2240 683 684
4430 2 2 2 23 696 697 2238
4431 2 2 2 23 2238 2306 696
4432 2 2 2 23 2373 217 218
4433 2 2 2 23 1699 2373 218
4434 2 2 2 23 2373 1699 2144
4435 2 2 2 23 1652 1649 1890
4436 2 2 2 23 2006 2009 2220
4437 2 2 2 23 2220 2286 2006
4438 2 2 2 23 2286 2220 1669
4439 2 2 2 23 2191 1669 2248
4440 2 2 2 23 2368 2315 2248
4441 2 2 2 23 2163 2248 2315
4442 2 2 2 23 2191 2248 2163
4443 2 2 2 23 2285 691 692
4444 2 2 2 23 692 2141 2285
4445 2 2 2 23 2343 2144 1699
4446 2 2 2 23 1699 2076 2343
4447 2 2 2 23 1820 2144 2343
4448 2 2 2 23 2343 2076 2329
4449 2 2 2 23 2090 2124 2244
4450 2 2 2 23 2354 2091 2234
4451 2 2 2 23 2191 1549 2330
4452 2 2 2 23 2330 2025 2191
4453 2 2 2 23 2191 2025 1540
4454 2 2 2 23 1649 1652 1806
4455 2 2 2 23 1857 1649 1806
4456 2 2 2 23 1549 2191 2163
4457 2 2 2 23 1549 2163 2293
4458 2 2 2 23 2279 2139 2208
4459 2 2 2 23 1886 1735 2330
4460 2 2 2 23 2330 1558 1886
4461 2 2 2 23 2330 1735 2264
4462 2 2 2 23 2293 2124 1652
4463 2 2 2 23 2293 1652 1890
4464 2 2 2 23 1890 1558 2293
4465 2 2 2 23 2293 1558 1549
4466 2 2 2 23 1877 1806 2124
4467 2 2 2 23 2107 1877 2124
4468 2 2 2 23 2124 1806 1652
4469 2 2 2 23 2124 2090 2107
4470 2 2 2 23 1986 1710 1890
4471 2 2 2 23 1890 1649 1986
4472 2 2 2 23 1890 1710 1833
4473 2 2 2 23 1986 2342 2038
4474 2 2 2 23 2038 1613 1986
4475 2 2 2 23 1986 1613 1931
4476 2 2 2 23 2038 311 312
4477 2 2 2 23 699 1585 2238
4478 2 2 2 23 2238 698 699
4479 2 2 2 23 697 698 2238
4480 2 2 2 23 2338 2139 2279
4481 2 2 2 23 2279 2009 2338
4482 2 2 2 23 2220 2009 2279
4483 2 2 2 23 2093 190 191
4484 2 2 2 23 191 1627 2093
4485 2 2 2 23 2300 190 2093
4486 2 2 2 23 729 2257 2316
4487 2 2 2 23 2316 1701 729
4488 2 2 2 23 2177 729 1701
4489 2 2 2 23 1936 682 683
4490 2 2 2 23 683 2240 1936
4491 2 2 2 23 2238 2290 2256
4492 2 2 2 23 2256 2306 2238
4493 2 2 2 23 2306 2256 2141
4494 2 2 2 23 1882 2203 2162
4495 2 2 2 23 2162 2224 1882
4496 2 2 2 23 2190 2162 2203
4497 2 2 2 23 292 293 2011
4498 2 2 2 23 2011 2237 292
4499 2 2 2 23 414 415 2198
4500 2 2 2 23 2198 415 416
4501 2 2 2 23 603 604 2334
4502 2 2 2 23 2334 1808 603
4503 2 2 2 23 2334 604 605
4504 2 2 2 23 689 690 2285
4505 2 2 2 23 2285 2176 689
4506 2 2 2 23 2285 690 691
4507 2 2 2 23 554 555 2308
4508 2 2 2 23 2308 2049 554
4509 2 2 2 23 2308 555 556
4510 2 2 2 23 2266 413 414
4511 2 2 2 23 2198 2266 414
4512 2 2 2 23 1928 413 2266
4513 2 2 2 23 263 264 2312
4514 2 2 2 23 2312 2326 263
4515 2 2 2 23 2312 264 265
4516 2 2 2 23 645 646 2233
4517 2 2 2 23 2233 2172 645
4518 2 2 2 23 2233 646 647
4519 2 2 2 23 309 310 2342
4520 2 2 2 23 2342 1766 309
4521 2 2 2 23 2315 2244 2124
4522 2 2 2 23 2124 2293 2315
4523 2 2 2 23 2335 2244 2315
4524 2 2 2 23 2315 2293 2163
4525 2 2 2 23 680 681 1936
4526 2 2 2 23 1936 2100 680
4527 2 2 2 23 1936 681 682
4528 2 2 2 23 311 2038 2342
4529 2 2 2 23 2342 310 311
4530 2 2 2 23 733 1826 1872
4531 2 2 2 23 1872 1567 733
4532 2 2 2 23 472 473 2322
4533 2 2 2 23 2322 2136 472
4534 2 2 2 23 2322 473 474
4535 2 2 2 23 1627 192 193
4536 2 2 2 23 1904 1627 193
4537 2 2 2 23 337 338 2243
4538 2 2 2 23 337 2243 2007
4539 2 2 2 23 282 283 2298
4540 2 2 2 23 282 2298 1935
4541 2 2 2 23 268 269 2337
4542 2 2 2 23 2358 268 2337
4543 2 2 2 23 2141 693 694
4544 2 2 2 23 2102 2141 694
4545 2 2 2 23 2305 2263 2091
4546 2 2 2 23 2354 2305 2091
4547 2 2 3 25 9 744 705
4548 2 2 3 25 144 2460 143
4549 2 2 3 25 763 2472 762
4550 2 2 3 25 2496 2396 2475
4551 2 2 3 25 2497 768 769
4552 2 2 3 25 2393 2505 2394
4553 2 2 3 25 2505 2481 2394
4554 2 2 3 25 2395 2481 2505
4555 2 2 3 25 2499 2479 2390
4556 2 2 3 25 776 2477 775
4557 2 2 3 25 2486 705 744
4558 2 2 3 25 2505 2396 2395
4559 2 2 3 25 2503 2399 2469
4560 2 2 3 25 156 2478 155
4561 2 2 3 25 2486 744 745
4562 2 2 3 25 698 2493 697
4563 2 2 3 25 2490 2397 2493
4564 2 2 3 25 704 2506 703
4565 2 2 3 25 2394 2474 2393
4566 2 2 3 25 2505 2393 2485
4567 2 2 3 25 2468 2444 2392
4568 2 2 3 25 142 2492 141
4569 2 2 3 25 2399 2492 2469
4570 2 2 3 25 705 2486 704
4571 2 2 3 25 2506 704 2486
4572 2 2 3 25 2396 2487 2475
4573 2 2 3 25 2482 2475 2487
4574 2 2 3 25 776 2 26
4575 2 2 3 25 2480 2401 2477
4576 2 2 3 25 2396 2496 2395
4577 2 2 3 25 2504 2487 2485
4578 2 2 3 25 2396 2485 2487
4579 2 2 3 25 2396 2505 2485
4580 2 2 3 25 2481 749 750
4581 2 2 3 25 2592 2381 2380
4582 2 2 3 25 2608 2415 2566
4583 2 2 3 25 2415 2608 2438
4584 2 2 3 25 2375 2629 2610
4585 2 2 3 25 2631 2439 2385
4586 2 2 3 25 2446 2634 2438
4587 2 2 3 25 2638 2377 2622
4588 2 2 3 25 2645 2378 2622
4589 2 2 3 25 2648 642 643
4590 2 2 3 25 2456 2652 2646
4591 2 2 3 25 2652 2417 2646
4592 2 2 3 25 2653 662 663
4593 2 2 3 25 2471 2659 2642
4594 2 2 3 25 2464 2660 2580
4595 2 2 3 25 2662 161 162
4596 2 2 3 25 2409 2665 2617
4597 2 2 3 25 662 2666 661
4598 2 2 3 25 2666 662 2653
4599 2 2 3 25 2683 2437 2615
4600 2 2 3 25 2451 2683 2615
4601 2 2 3 25 2375 2691 2591
4602 2 2 3 25 2471 2694 2645
4603 2 2 3 25 2697 2466 2658
4604 2 2 3 25 2385 2698 2631
4605 2 2 3 25 85 2706 84
4606 2 2 3 25 2466 2706 2658
4607 2 2 3 25 2706 2466 84
4608 2 2 3 25 2712 2451 2615
4609 2 2 3 25 2712 2380 2651
4610 2 2 3 25 2720 2461 2701
4611 2 2 3 25 2722 2375 2591
4612 2 2 3 25 2402 2722 2591
4613 2 2 3 25 2375 2722 2629
4614 2 2 3 25 2459 2725 2658
4615 2 2 3 25 678 2728 677
4616 2 2 3 25 2729 2459 2686
4617 2 2 3 25 26 2731 776
4618 2 2 3 25 2477 2731 2480
4619 2 2 3 25 2731 2477 776
4620 2 2 3 25 702 2745 701
4621 2 2 3 25 2498 2745 2489
4622 2 2 3 25 2750 148 14
4623 2 2 3 25 2753 2493 2397
4624 2 2 3 25 2443 2755 2685
4625 2 2 3 25 2755 2443 2449
4626 2 2 3 25 2452 2756 2612
4627 2 2 3 25 2759 2460 2714
4628 2 2 3 25 2760 2490 2498
4629 2 2 3 25 2762 2488 2472
4630 2 2 3 25 2475 2763 2496
4631 2 2 3 25 2763 2398 2496
4632 2 2 3 25 761 2764 760
4633 2 2 3 25 2764 761 2693
4634 2 2 3 25 2769 2392 2495
4635 2 2 3 25 2465 2770 2495
4636 2 2 3 25 142 2772 2492
4637 2 2 3 25 2772 2469 2492
4638 2 2 3 25 70 2780 69
4639 2 2 3 25 2783 745 746
4640 2 2 3 25 2755 2698 2385
4641 2 2 3 25 2449 2698 2755
4642 2 2 3 25 2401 2765 2477
4643 2 2 3 25 2465 2495 2701
4644 2 2 3 25 2503 2736 2384
4645 2 2 3 25 2503 2469 2736
4646 2 2 3 25 762 2693 761
4647 2 2 3 25 762 2472 2693
4648 2 2 3 25 2455 2462 2721
4649 2 2 3 25 2644 2598 2410
4650 2 2 3 25 2585 2598 2644
4651 2 2 3 25 2601 2694 2471
4652 2 2 3 25 2609 2668 2377
4653 2 2 3 25 2712 2592 2380
4654 2 2 3 25 2615 2592 2712
4655 2 2 3 25 2617 2649 2409
4656 2 2 3 25 2617 2616 2649
4657 2 2 3 25 2623 2665 2406
4658 2 2 3 25 2623 2617 2665
4659 2 2 3 25 2645 2659 2471
4660 2 2 3 25 2622 2623 2638
4661 2 2 3 25 2691 2652 2456
4662 2 2 3 25 2668 2659 2377
4663 2 2 3 25 2666 2705 2445
4664 2 2 3 25 2666 2653 2705
4665 2 2 3 25 2660 2704 2381
4666 2 2 3 25 2697 2725 2382
4667 2 2 3 25 2697 2658 2725
4668 2 2 3 25 2728 2739 2462
4669 2 2 3 25 2643 2702 2388
4670 2 2 3 25 2488 2693 2472
4671 2 2 3 25 2488 2682 2693
4672 2 2 3 25 2480 2734 2401
4673 2 2 3 25 2720 2495 2392
4674 2 2 3 25 2701 2495 2720
4675 2 2 3 25 2759 2736 2469
4676 2 2 3 25 2714 2736 2759
4677 2 2 3 25 2753 697 2493
4678 2 2 3 25 2769 2495 2766
4679 2 2 3 25 2427 2689 2383
4680 2 2 3 25 2411 2512 2515
4681 2 2 3 25 2550 2425 2547
4682 2 2 3 25 2534 2531 2536
4683 2 2 3 25 2680 2436 2550
4684 2 2 3 25 2727 32 33
4685 2 2 3 25 2720 2458 2461
4686 2 2 3 25 2777 2458 2720
4687 2 2 3 25 2440 2746 2439
4688 2 2 3 25 2387 2711 2386
4689 2 2 3 25 2664 622 623
4690 2 2 3 25 642 2670 641
4691 2 2 3 25 2670 642 2648
4692 2 2 3 25 2434 2670 2648
4693 2 2 3 25 2677 663 664
4694 2 2 3 25 663 2677 2653
4695 2 2 3 25 645 2681 644
4696 2 2 3 25 680 2690 679
4697 2 2 3 25 2458 2690 2461
4698 2 2 3 25 2690 678 679
4699 2 2 3 25 2728 678 2690
4700 2 2 3 25 2458 2739 2690
4701 2 2 3 25 2728 2690 2739
4702 2 2 3 25 672 2641 671
4703 2 2 3 25 674 2695 673
4704 2 2 3 25 2695 2455 2452
4705 2 2 3 25 2439 2746 2385
4706 2 2 3 25 2751 2385 2746
4707 2 2 3 25 2696 680 681
4708 2 2 3 25 680 2696 2690
4709 2 2 3 25 2696 2461 2690
4710 2 2 3 25 661 2710 660
4711 2 2 3 25 2710 661 2666
4712 2 2 3 25 2445 2710 2666
4713 2 2 3 25 2710 659 660
4714 2 2 3 25 685 2744 684
4715 2 2 3 25 2504 2766 2491
4716 2 2 3 25 2766 2504 2485
4717 2 2 3 25 2751 2755 2385
4718 2 2 3 25 2751 2685 2755
4719 2 2 3 25 697 2753 696
4720 2 2 3 25 2721 2452 2455
4721 2 2 3 25 2756 2452 2721
4722 2 2 3 25 2721 2717 2756
4723 2 2 3 25 57 2614 56
4724 2 2 3 25 2723 2502 2389
4725 2 2 3 25 2758 2723 2389
4726 2 2 3 25 2686 85 86
4727 2 2 3 25 2686 2706 85
4728 2 2 3 25 2686 2459 2658
4729 2 2 3 25 2686 2658 2706
4730 2 2 3 25 68 2732 67
4731 2 2 3 25 2435 2680 2431
4732 2 2 3 25 2436 2680 2626
4733 2 2 3 25 2680 2435 2626
4734 2 2 3 25 26 27 2731
4735 2 2 3 25 27 2480 2731
4736 2 2 3 25 28 2480 27
4737 2 2 3 25 2480 28 2734
4738 2 2 3 25 2734 28 29
4739 2 2 3 25 29 30 2734
4740 2 2 3 25 2752 2450 2676
4741 2 2 3 25 774 775 2765
4742 2 2 3 25 775 2477 2765
4743 2 2 3 25 2661 145 146
4744 2 2 3 25 2684 145 2661
4745 2 2 3 25 143 2772 142
4746 2 2 3 25 2772 143 2460
4747 2 2 3 25 2759 2469 2772
4748 2 2 3 25 2460 2759 2772
4749 2 2 3 25 2502 2693 2682
4750 2 2 3 25 2502 2764 2693
4751 2 2 3 25 2463 2491 2770
4752 2 2 3 25 2498 2489 2760
4753 2 2 3 25 2656 2403 2404
4754 2 2 3 25 2660 2464 2674
4755 2 2 3 25 2660 2674 2704
4756 2 2 3 25 144 145 2684
4757 2 2 3 25 2460 144 2684
4758 2 2 3 25 2713 2773 2715
4759 2 2 3 25 2667 2612 2756
4760 2 2 3 25 2499 2389 2682
4761 2 2 3 25 2682 2389 2502
4762 2 2 3 25 2725 2459 2384
4763 2 2 3 25 2725 2476 2382
4764 2 2 3 25 2476 2725 2384
4765 2 2 3 25 2427 2383 2771
4766 2 2 3 25 2719 2771 2416
4767 2 2 3 25 2504 2482 2487
4768 2 2 3 25 2699 2482 2504
4769 2 2 3 25 2699 2768 2482
4770 2 2 3 25 2440 2671 2643
4771 2 2 3 25 2445 2705 2671
4772 2 2 3 25 2643 2671 2702
4773 2 2 3 25 2674 2464 2703
4774 2 2 3 25 2438 2750 2415
4775 2 2 3 25 2406 2665 2673
4776 2 2 3 25 2665 2409 2673
4777 2 2 3 25 2763 2397 2490
4778 2 2 3 25 2397 2763 2475
4779 2 2 3 25 2490 2760 2763
4780 2 2 3 25 2652 2375 2610
4781 2 2 3 25 2691 2375 2652
4782 2 2 3 25 2751 2494 2685
4783 2 2 3 25 2621 2380 2381
4784 2 2 3 25 2651 2380 2621
4785 2 2 3 25 2678 2590 2542
4786 2 2 3 25 82 83 2624
4787 2 2 3 25 83 2466 2624
4788 2 2 3 25 84 2466 83
4789 2 2 3 25 2729 2399 2503
4790 2 2 3 25 2392 2444 2777
4791 2 2 3 25 2720 2392 2777
4792 2 2 3 25 2468 2769 2474
4793 2 2 3 25 2769 2468 2392
4794 2 2 3 25 2769 2393 2474
4795 2 2 3 25 2547 2425 2545
4796 2 2 3 25 2423 2545 2425
4797 2 2 3 25 81 2467 80
4798 2 2 3 25 2491 2766 2770
4799 2 2 3 25 2766 2495 2770
4800 2 2 3 25 2485 2393 2766
4801 2 2 3 25 2766 2393 2769
4802 2 2 3 25 2761 2740 2423
4803 2 2 3 25 2411 2515 2511
4804 2 2 3 25 2427 2771 2719
4805 2 2 3 25 2590 2678 2514
4806 2 2 3 25 2851 2575 2848
4807 2 2 3 25 2732 2861 67
4808 2 2 3 25 536 2872 535
4809 2 2 3 25 2873 2379 2849
4810 2 2 3 25 2579 2876 2847
4811 2 2 3 25 2558 2876 2849
4812 2 2 3 25 2879 2625 2861
4813 2 2 3 25 2887 2413 2852
4814 2 2 3 25 2376 2892 2858
4815 2 2 3 25 2893 2558 2849
4816 2 2 3 25 2558 2893 2890
4817 2 2 3 25 2894 2559 2805
4818 2 2 3 25 2895 496 497
4819 2 2 3 25 2903 2379 2630
4820 2 2 3 25 2379 2903 2849
4821 2 2 3 25 2911 2618 2890
4822 2 2 3 25 2913 2579 2847
4823 2 2 3 25 2913 2413 2891
4824 2 2 3 25 2917 2569 2858
4825 2 2 3 25 2918 531 532
4826 2 2 3 25 2376 2920 2892
4827 2 2 3 25 2927 2669 2422
4828 2 2 3 25 2934 80 2467
4829 2 2 3 25 2579 2935 2873
4830 2 2 3 25 2940 2473 2674
4831 2 2 3 25 2703 2940 2674
4832 2 2 3 25 2473 2940 2476
4833 2 2 3 25 2605 2942 2898
4834 2 2 3 25 2376 2943 2920
4835 2 2 3 25 2567 2948 2911
4836 2 2 3 25 2951 77 78
4837 2 2 3 25 2605 2952 2942
4838 2 2 3 25 2959 2632 2931
4839 2 2 3 25 2961 2663 2898
4840 2 2 3 25 2962 2428 2424
4841 2 2 3 25 2588 2963 2879
4842 2 2 3 25 2964 2561 2613
4843 2 2 3 25 2614 2967 2925
4844 2 2 3 25 2376 2968 2943
4845 2 2 3 25 2437 2969 2615
4846 2 2 3 25 2969 2592 2615
4847 2 2 3 25 2973 2564 2839
4848 2 2 3 25 2975 2694 2601
4849 2 2 3 25 2694 2975 2437
4850 2 2 3 25 2437 2976 2912
4851 2 2 3 25 2976 2437 2975
4852 2 2 3 25 2977 2669 2927
4853 2 2 3 25 2980 2407 2405
4854 2 2 3 25 2407 2980 2941
4855 2 2 3 25 2608 2981 2633
4856 2 2 3 25 2593 2987 2851
4857 2 2 3 25 2413 2990 2891
4858 2 2 3 25 2991 2448 2982
4859 2 2 3 25 2996 528 529
4860 2 2 3 25 72 2997 71
4861 2 2 3 25 2998 2598 2585
4862 2 2 3 25 2998 2408 2963
4863 2 2 3 25 3000 2379 2873
4864 2 2 3 25 3001 2647 2956
4865 2 2 3 25 2647 3001 2931
4866 2 2 3 25 651 3002 650
4867 2 2 3 25 3007 2490 2493
4868 2 2 3 25 2490 3007 2498
4869 2 2 3 25 3008 2574 2412
4870 2 2 3 25 2700 3008 2412
4871 2 2 3 25 2574 3008 2917
4872 2 2 3 25 3009 2431 2639
4873 2 2 3 25 3010 2406 2620
4874 2 2 3 25 3012 2450 2752
4875 2 2 3 25 629 3014 628
4876 2 2 3 25 3015 635 636
4877 2 2 3 25 3017 2589 2953
4878 2 2 3 25 2616 3022 2649
4879 2 2 3 25 547 3026 546
4880 2 2 3 25 2601 3027 2891
4881 2 2 3 25 2579 3027 2935
4882 2 2 3 25 3029 2748 3028
4883 2 2 3 25 3030 2402 2591
4884 2 2 3 25 2402 3030 2953
4885 2 2 3 25 3032 2417 2652
4886 2 2 3 25 2610 3032 2652
4887 2 2 3 25 2601 3037 2975
4888 2 2 3 25 3037 2601 2891
4889 2 2 3 25 2604 3039 2927
4890 2 2 3 25 3043 2744 2465
4891 2 2 3 25 670 3049 669
4892 2 2 3 25 3050 2602 2909
4893 2 2 3 25 3051 2574 2892
4894 2 2 3 25 3053 2574 3051
4895 2 2 3 25 3054 2572 2604
4896 2 2 3 25 2462 3055 2728
4897 2 2 3 25 2732 3056 2861
4898 2 2 3 25 2588 3056 2983
4899 2 2 3 25 3061 2632 2959
4900 2 2 3 25 2655 3061 2959
4901 2 2 3 25 3064 2432 2948
4902 2 2 3 25 2432 3064 2983
4903 2 2 3 25 3065 2424 2986
4904 2 2 3 25 2650 3066 2654
4905 2 2 3 25 3066 2448 2654
4906 2 2 3 25 3067 2606 2962
4907 2 2 3 25 2424 3067 2962
4908 2 2 3 25 3071 2572 2912
4909 2 2 3 25 3073 2420 2936
4910 2 2 3 25 2585 3075 2998
4911 2 2 3 25 3075 2408 2998
4912 2 2 3 25 3077 668 669
4913 2 2 3 25 2599 3078 2609
4914 2 2 3 25 3078 2668 2609
4915 2 2 3 25 2700 3082 2405
4916 2 2 3 25 3083 2715 2773
4917 2 2 3 25 3084 2462 2739
4918 2 2 3 25 2462 3084 2721
4919 2 2 3 25 3086 2448 3066
4920 2 2 3 25 2671 3087 2445
4921 2 2 3 25 3087 2671 2440
4922 2 2 3 25 2620 3088 3010
4923 2 2 3 25 3091 2641 672
4924 2 2 3 25 3092 2601 2471
4925 2 2 3 25 3092 2642 2935
4926 2 2 3 25 2642 3092 2471
4927 2 2 3 25 2581 3094 2433
4928 2 2 3 25 3094 2611 2433
4929 2 2 3 25 3095 2379 3000
4930 2 2 3 25 3096 2624 2466
4931 2 2 3 25 3096 2697 2966
4932 2 2 3 25 2697 3096 2466
4933 2 2 3 25 2785 3097 3028
4934 2 2 3 25 2422 3098 3003
4935 2 2 3 25 3098 2422 2669
4936 2 2 3 25 619 3100 618
4937 2 2 3 25 2596 3101 3051
4938 2 2 3 25 2378 3102 2622
4939 2 2 3 25 3102 2623 2622
4940 2 2 3 25 3103 617 618
4941 2 2 3 25 2460 3108 2714
4942 2 2 3 25 3108 2460 2684
4943 2 2 3 25 2448 3109 2654
4944 2 2 3 25 3109 2448 2991
4945 2 2 3 25 2669 3110 2966
4946 2 2 3 25 2476 3111 2473
4947 2 2 3 25 3111 2476 2384
4948 2 2 3 25 3112 2432 2780
4949 2 2 3 25 3112 2618 2911
4950 2 2 3 25 2446 3113 3023
4951 2 2 3 25 3114 2437 2683
4952 2 2 3 25 2437 3114 2694
4953 2 2 3 25 3115 2567 2903
4954 2 2 3 25 2630 3115 2903
4955 2 2 3 25 3119 2588 2983
4956 2 2 3 25 2656 3124 2403
4957 2 2 3 25 2608 3125 2981
4958 2 2 3 25 3126 681 682
4959 2 2 3 25 681 3126 2696
4960 2 2 3 25 3131 2397 2475
4961 2 2 3 25 2482 3131 2475
4962 2 2 3 25 2402 3137 2722
4963 2 2 3 25 2654 3138 2650
4964 2 2 3 25 3139 645 646
4965 2 2 3 25 645 3139 2681
4966 2 2 3 25 3140 2702 2454
4967 2 2 3 25 2702 3140 2388
4968 2 2 3 25 3142 685 686
4969 2 2 3 25 685 3142 2744
4970 2 2 3 25 622 3144 621
4971 2 2 3 25 3146 2624 3110
4972 2 2 3 25 2467 3146 3110
4973 2 2 3 25 3148 2412 2629
4974 2 2 3 25 3149 2613 2635
4975 2 2 3 25 2442 3149 2635
4976 2 2 3 25 2674 3151 2704
4977 2 2 3 25 3151 2674 2473
4978 2 2 3 25 3152 657 658
4979 2 2 3 25 3153 2602 2980
4980 2 2 3 25 2602 3153 2672
4981 2 2 3 25 2405 3153 2980
4982 2 2 3 25 3155 2644 2410
4983 2 2 3 25 48 3156 47
4984 2 2 3 25 3158 2703 3003
4985 2 2 3 25 2441 3159 3005
4986 2 2 3 25 2567 3163 2948
4987 2 2 3 25 3165 2410 2598
4988 2 2 3 25 2734 3166 2401
4989 2 2 3 25 3167 2724 3013
4990 2 2 3 25 2724 3167 2449
4991 2 2 3 25 3171 70 71
4992 2 2 3 25 70 3171 2780
4993 2 2 3 25 3172 545 546
4994 2 2 3 25 3176 649 650
4995 2 2 3 25 2780 3179 69
4996 2 2 3 25 79 3181 78
4997 2 2 3 25 2482 2768 3131
4998 2 2 3 25 3181 2951 78
4999 2 2 3 25 2597 2951 3181
5000 2 2 3 25 3087 3048 2445
5001 2 2 3 25 2630 3155 2410
5002 2 2 3 25 2630 2599 3155
5003 2 2 3 25 2977 2934 2467
5004 2 2 3 25 2603 2934 2977
5005 2 2 3 25 3054 2927 2422
5006 2 2 3 25 2604 2927 3054
5007 2 2 3 25 2964 2613 3149
5008 2 2 3 25 2997 3171 71
5009 2 2 3 25 2997 2618 3171
5010 2 2 3 25 3079 3106 2441
5011 2 2 3 25 3079 2627 3106
5012 2 2 3 25 3010 2623 2406
5013 2 2 3 25 2638 2623 3010
5014 2 2 3 25 3002 3176 650
5015 2 2 3 25 3041 3140 2454
5016 2 2 3 25 3041 2667 3140
5017 2 2 3 25 3110 2977 2467
5018 2 2 3 25 2669 2977 3110
5019 2 2 3 25 3082 3153 2405
5020 2 2 3 25 3082 2672 3153
5021 2 2 3 25 3179 68 69
5022 2 2 3 25 2732 68 3179
5023 2 2 3 25 3012 2752 3069
5024 2 2 3 25 2391 2785 3028
5025 2 2 3 25 3084 2717 2721
5026 2 2 3 25 2777 2717 3084
5027 2 2 3 25 3026 3172 546
5028 2 2 3 25 3100 3103 618
5029 2 2 3 25 3100 2593 3103
5030 2 2 3 25 3004 33 34
5031 2 2 3 25 2727 33 3004
5032 2 2 3 25 3049 3077 669
5033 2 2 3 25 2751 3019 2494
5034 2 2 3 25 2751 2746 3019
5035 2 2 3 25 2455 3055 2462
5036 2 2 3 25 684 3043 683
5037 2 2 3 25 684 2744 3043
5038 2 2 3 25 3112 3171 2618
5039 2 2 3 25 3112 2780 3171
5040 2 2 3 25 2458 3084 2739
5041 2 2 3 25 2458 2777 3084
5042 2 2 3 25 2669 2966 3098
5043 2 2 3 25 700 3007 699
5044 2 2 3 25 700 2498 3007
5045 2 2 3 25 2707 2516 2518
5046 2 2 3 25 295 2856 294
5047 2 2 3 25 2877 2884 2544
5048 2 2 3 25 2877 2834 2884
5049 2 2 3 25 2512 2527 2515
5050 2 2 3 25 2913 2852 2413
5051 2 2 3 25 527 2830 526
5052 2 2 3 25 2893 2903 2567
5053 2 2 3 25 2893 2849 2903
5054 2 2 3 25 2873 2876 2579
5055 2 2 3 25 2873 2849 2876
5056 2 2 3 25 2917 2892 2574
5057 2 2 3 25 2858 2892 2917
5058 2 2 3 25 2879 3056 2588
5059 2 2 3 25 2879 2861 3056
5060 2 2 3 25 2792 2907 2520
5061 2 2 3 25 2880 2921 2562
5062 2 2 3 25 2897 2868 2986
5063 2 2 3 25 2848 614 615
5064 2 2 3 25 2997 2890 2618
5065 2 2 3 25 3000 2935 2642
5066 2 2 3 25 2873 2935 3000
5067 2 2 3 25 2883 3006 2949
5068 2 2 3 25 2978 3039 2604
5069 2 2 3 25 2886 3048 3058
5070 2 2 3 25 3105 2909 2602
5071 2 2 3 25 3031 2888 3063
5072 2 2 3 25 2911 2893 2567
5073 2 2 3 25 2890 2893 2911
5074 2 2 3 25 2913 3027 2579
5075 2 2 3 25 2913 2891 3027
5076 2 2 3 25 2891 2990 3037
5077 2 2 3 25 3051 2920 2596
5078 2 2 3 25 2892 2920 3051
5079 2 2 3 25 2961 2942 2450
5080 2 2 3 25 2898 2942 2961
5081 2 2 3 25 2969 3162 2592
5082 2 2 3 25 3112 2948 2432
5083 2 2 3 25 2911 2948 3112
5084 2 2 3 25 2912 2976 3071
5085 2 2 3 25 2929 3015 2637
5086 2 2 3 25 2977 3039 2603
5087 2 2 3 25 2977 2927 3039
5088 2 2 3 25 2968 2599 2609
5089 2 2 3 25 2959 2931 3001
5090 2 2 3 25 3092 3027 2601
5091 2 2 3 25 2935 3027 3092
5092 2 2 3 25 2978 2990 2413
5093 2 2 3 25 3050 2980 2602
5094 2 2 3 25 2941 2980 3050
5095 2 2 3 25 3080 2968 2609
5096 2 2 3 25 2943 2968 3080
5097 2 2 3 25 3064 2948 3163
5098 2 2 3 25 3017 2953 3030
5099 2 2 3 25 3096 3110 2624
5100 2 2 3 25 3096 2966 3110
5101 2 2 3 25 2987 3094 2581
5102 2 2 3 25 3078 3095 2668
5103 2 2 3 25 2991 2982 3031
5104 2 2 3 25 2983 3064 3119
5105 2 2 3 25 3009 2435 2431
5106 2 2 3 25 3101 3032 2610
5107 2 2 3 25 2637 3033 2628
5108 2 2 3 25 2522 3083 2782
5109 2 2 3 25 3003 3098 3158
5110 2 2 3 25 2596 3088 2620
5111 2 2 3 25 3053 2412 2574
5112 2 2 3 25 3029 3028 3097
5113 2 2 3 25 3070 2406 2673
5114 2 2 3 25 3059 3097 2785
5115 2 2 3 25 3053 3101 2610
5116 2 2 3 25 3053 3051 3101
5117 2 2 3 25 3070 2673 3086
5118 2 2 3 25 3175 3182 2651
5119 2 2 3 25 2621 3175 2651
5120 2 2 3 25 3086 2982 2448
5121 2 2 3 25 2673 2982 3086
5122 2 2 3 25 3073 2936 2563
5123 2 2 3 25 2894 2795 2552
5124 2 2 3 25 2799 2878 2539
5125 2 2 3 25 3068 2526 2516
5126 2 2 3 25 3004 34 35
5127 2 2 3 25 372 2845 371
5128 2 2 3 25 2936 2834 2563
5129 2 2 3 25 2764 2470 760
5130 2 2 3 25 2502 2723 2470
5131 2 2 3 25 2723 2735 2470
5132 2 2 3 25 2502 2470 2764
5133 2 2 3 25 504 2863 503
5134 2 2 3 25 2863 504 2857
5135 2 2 3 25 2863 502 503
5136 2 2 3 25 2857 504 505
5137 2 2 3 25 2515 2528 2511
5138 2 2 3 25 2516 3093 3068
5139 2 2 3 25 3065 3067 2424
5140 2 2 3 25 489 2869 488
5141 2 2 3 25 2902 489 490
5142 2 2 3 25 489 2902 2869
5143 2 2 3 25 2902 2568 2869
5144 2 2 3 25 610 2904 609
5145 2 2 3 25 245 2901 244
5146 2 2 3 25 2914 542 543
5147 2 2 3 25 2928 625 626
5148 2 2 3 25 2916 625 2928
5149 2 2 3 25 2930 514 515
5150 2 2 3 25 514 2930 2885
5151 2 2 3 25 514 2885 513
5152 2 2 3 25 2522 3160 3083
5153 2 2 3 25 2715 3083 2583
5154 2 2 3 25 3160 2583 3083
5155 2 2 3 25 2606 3123 2939
5156 2 2 3 25 3026 2939 3123
5157 2 2 3 25 549 2939 548
5158 2 2 3 25 2606 2939 2607
5159 2 2 3 25 656 2947 655
5160 2 2 3 25 2974 543 544
5161 2 2 3 25 543 2974 2914
5162 2 2 3 25 2974 2600 2914
5163 2 2 3 25 2972 532 533
5164 2 2 3 25 532 2972 2918
5165 2 2 3 25 534 2972 533
5166 2 2 3 25 3011 571 572
5167 2 2 3 25 571 3011 2899
5168 2 2 3 25 2905 573 574
5169 2 2 3 25 571 2899 570
5170 2 2 3 25 573 3011 572
5171 2 2 3 25 3011 573 2905
5172 2 2 3 25 2565 3011 2905
5173 2 2 3 25 3040 539 540
5174 2 2 3 25 639 3033 638
5175 2 2 3 25 2723 2758 2735
5176 2 2 3 25 3106 3159 2441
5177 2 2 3 25 3174 2581 2433
5178 2 2 3 25 3081 553 554
5179 2 2 3 25 588 3107 587
5180 2 2 3 25 653 3128 652
5181 2 2 3 25 3178 639 640
5182 2 2 3 25 639 3178 3033
5183 2 2 3 25 499 3164 498
5184 2 2 3 25 2542 2590 3160
5185 2 2 3 25 3160 2522 2542
5186 2 2 3 25 3160 2590 2583
5187 2 2 3 25 528 2996 527
5188 2 2 3 25 527 2996 2830
5189 2 2 3 25 2918 2932 3130
5190 2 2 3 25 2965 597 598
5191 2 2 3 25 2851 3103 2593
5192 2 2 3 25 2607 2962 2606
5193 2 2 3 25 2799 3006 2878
5194 2 2 3 25 2689 2543 2587
5195 2 2 3 25 2541 2543 2689
5196 2 2 3 25 2541 2689 2427
5197 2 2 3 25 2950 54 55
5198 2 2 3 25 2464 3003 2703
5199 2 2 3 25 2526 2518 2516
5200 2 2 3 25 149 3038 14
5201 2 2 3 25 2415 2750 3038
5202 2 2 3 25 2415 3038 2566
5203 2 2 3 25 3038 2750 14
5204 2 2 3 25 2909 4 61
5205 2 2 3 25 3105 2582 2909
5206 2 2 3 25 2730 2707 2518
5207 2 2 3 25 2518 2419 2730
5208 2 2 3 25 2730 3161 2707
5209 2 2 3 25 2450 3012 2961
5210 2 2 3 25 2938 2820 2944
5211 2 2 3 25 3074 2938 2944
5212 2 2 3 25 2377 3080 2609
5213 2 2 3 25 3080 2377 2638
5214 2 2 3 25 3065 2600 3123
5215 2 2 3 25 2606 3067 3123
5216 2 2 3 25 3065 3123 3067
5217 2 2 3 25 2934 79 80
5218 2 2 3 25 3181 79 2934
5219 2 2 3 25 2934 2603 2597
5220 2 2 3 25 2597 3181 2934
5221 2 2 3 25 2566 3038 2840
5222 2 2 3 25 3020 2522 2782
5223 2 2 3 25 2410 3115 2630
5224 2 2 3 25 2410 3165 3115
5225 2 2 3 25 3163 2567 3115
5226 2 2 3 25 3163 3115 3165
5227 2 2 3 25 63 64 2859
5228 2 2 3 25 2496 3177 2395
5229 2 2 3 25 3177 747 748
5230 2 2 3 25 3177 2496 2398
5231 2 2 3 25 676 677 3055
5232 2 2 3 25 677 2728 3055
5233 2 2 3 25 2399 2729 2784
5234 2 2 3 25 2970 3085 2519
5235 2 2 3 25 2979 2533 2994
5236 2 2 3 25 3075 3147 2408
5237 2 2 3 25 2663 630 631
5238 2 2 3 25 2688 2679 2743
5239 2 2 3 25 2510 2754 3046
5240 2 2 3 25 82 3146 81
5241 2 2 3 25 3146 82 2624
5242 2 2 3 25 3146 2467 81
5243 2 2 3 25 2432 3179 2780
5244 2 2 3 25 3179 2432 2983
5245 2 2 3 25 3179 3056 2732
5246 2 2 3 25 2983 3056 3179
5247 2 2 3 25 31 3166 30
5248 2 2 3 25 30 3166 2734
5249 2 2 3 25 2383 2689 2531
5250 2 2 3 25 2531 2689 2587
5251 2 2 3 25 2531 2534 2383
5252 2 2 3 25 2531 2587 2958
5253 2 2 3 25 2673 3136 2982
5254 2 2 3 25 3136 2673 2409
5255 2 2 3 25 3090 2376 2858
5256 2 2 3 25 2585 3090 2858
5257 2 2 3 25 3090 2585 2644
5258 2 2 3 25 624 625 2916
5259 2 2 3 25 2664 624 2916
5260 2 2 3 25 2664 623 624
5261 2 2 3 25 2509 2937 2507
5262 2 2 3 25 3047 2937 2509
5263 2 2 3 25 2512 2882 2527
5264 2 2 3 25 3116 3125 2576
5265 2 2 3 25 3116 2981 3125
5266 2 2 3 25 2412 3053 2629
5267 2 2 3 25 3053 2610 2629
5268 2 2 3 25 2476 3158 2382
5269 2 2 3 25 2703 3158 2940
5270 2 2 3 25 3158 2476 2940
5271 2 2 3 25 2387 2386 3052
5272 2 2 3 25 3032 3120 2417
5273 2 2 3 25 3032 2596 2620
5274 2 2 3 25 3101 2596 3032
5275 2 2 3 25 3032 2620 3120
5276 2 2 3 25 2406 3070 2620
5277 2 2 3 25 2620 3070 3120
5278 2 2 3 25 672 673 3091
5279 2 2 3 25 673 2695 3091
5280 2 2 3 25 3091 2452 2612
5281 2 2 3 25 2452 3091 2695
5282 2 2 3 25 2641 3091 2612
5283 2 2 3 25 3148 2700 2412
5284 2 2 3 25 2760 2400 2398
5285 2 2 3 25 2398 2763 2760
5286 2 2 3 25 2760 2489 2400
5287 2 2 3 25 2417 3120 3025
5288 2 2 3 25 2650 3025 3066
5289 2 2 3 25 2590 2514 2889
5290 2 2 3 25 2889 2583 2590
5291 2 2 3 25 3085 2970 2537
5292 2 2 3 25 2713 3161 2426
5293 2 2 3 25 2713 2707 3161
5294 2 2 3 25 2961 3012 3014
5295 2 2 3 25 2566 3125 2608
5296 2 2 3 25 3125 2566 2840
5297 2 2 3 25 2576 3125 2840
5298 2 2 3 25 2960 2569 2917
5299 2 2 3 25 2960 2700 2405
5300 2 2 3 25 2960 3008 2700
5301 2 2 3 25 2960 2917 3008
5302 2 2 3 25 2774 2687 2418
5303 2 2 3 25 2978 2413 2887
5304 2 2 3 25 2603 2887 2597
5305 2 2 3 25 2603 3039 2887
5306 2 2 3 25 2978 2887 3039
5307 2 2 3 25 2592 3162 2381
5308 2 2 3 25 2660 3162 2580
5309 2 2 3 25 3162 2660 2381
5310 2 2 3 25 698 699 3007
5311 2 2 3 25 2493 698 3007
5312 2 2 3 25 2648 2447 2434
5313 2 2 3 25 3150 2434 2447
5314 2 2 3 25 2681 2447 2648
5315 2 2 3 25 3044 2754 2556
5316 2 2 3 25 3178 640 641
5317 2 2 3 25 2670 3178 641
5318 2 2 3 25 3062 3052 2386
5319 2 2 3 25 3036 2575 2851
5320 2 2 3 25 3036 2987 2581
5321 2 2 3 25 3036 2851 2987
5322 2 2 3 25 2933 2614 2925
5323 2 2 3 25 2664 3144 622
5324 2 2 3 25 2518 3089 2419
5325 2 2 3 25 2526 3089 2518
5326 2 2 3 25 2526 3141 3089
5327 2 2 3 25 758 2742 757
5328 2 2 3 25 2933 2953 2589
5329 2 2 3 25 2925 2953 2933
5330 2 2 3 25 2738 2388 3169
5331 2 2 3 25 3140 3169 2388
5332 2 2 3 25 2667 3169 3140
5333 2 2 3 25 643 644 2648
5334 2 2 3 25 644 2681 2648
5335 2 2 3 25 2866 2546 2880
5336 2 2 3 25 2546 2921 2880
5337 2 2 3 25 2554 2864 2880
5338 2 2 3 25 2880 2864 2866
5339 2 2 3 25 3020 2778 2508
5340 2 2 3 25 2782 2778 3020
5341 2 2 3 25 2907 2792 2535
5342 2 2 3 25 2687 2771 2383
5343 2 2 3 25 2534 2687 2383
5344 2 2 3 25 2532 2687 2534
5345 2 2 3 25 2532 2418 2687
5346 2 2 3 25 2969 2437 2912
5347 2 2 3 25 2580 2912 2572
5348 2 2 3 25 2580 3162 2912
5349 2 2 3 25 2969 2912 3162
5350 2 2 3 25 89 2784 88
5351 2 2 3 25 3148 2656 3082
5352 2 2 3 25 3082 2700 3148
5353 2 2 3 25 2730 2719 3161
5354 2 2 3 25 2376 3090 2968
5355 2 2 3 25 3155 2599 2968
5356 2 2 3 25 3090 2644 2968
5357 2 2 3 25 2644 3155 2968
5358 2 2 3 25 2628 3178 2708
5359 2 2 3 25 2628 3033 3178
5360 2 2 3 25 3138 3099 2650
5361 2 2 3 25 3002 3042 3176
5362 2 2 3 25 2748 2779 3028
5363 2 2 3 25 3168 2640 2709
5364 2 2 3 25 3145 2435 3009
5365 2 2 3 25 2478 2757 3157
5366 2 2 3 25 2974 3172 2600
5367 2 2 3 25 3123 2600 3172
5368 2 2 3 25 3026 3123 3172
5369 2 2 3 25 3044 3046 2754
5370 2 2 3 25 3161 2719 2416
5371 2 2 3 25 3161 2416 2426
5372 2 2 3 25 2717 2777 2444
5373 2 2 3 25 3173 2591 2691
5374 2 2 3 25 3116 2409 2649
5375 2 2 3 25 3116 3136 2409
5376 2 2 3 25 3116 2576 3136
5377 2 2 3 25 3182 2633 2981
5378 2 2 3 25 3175 2633 3182
5379 2 2 3 25 2614 57 2967
5380 2 2 3 25 3175 2621 3023
5381 2 2 3 25 3175 3113 2633
5382 2 2 3 25 3023 3113 3175
5383 2 2 3 25 2430 3135 2594
5384 2 2 3 25 3134 2692 2743
5385 2 2 3 25 3143 2479 2499
5386 2 2 3 25 2682 3143 2499
5387 2 2 3 25 2488 3143 2682
5388 2 2 3 25 2699 3129 2768
5389 2 2 3 25 2883 2526 3068
5390 2 2 3 25 2468 2474 2391
5391 2 2 3 25 2391 2474 2394
5392 2 2 3 25 2779 2468 2391
5393 2 2 3 25 2779 2391 3028
5394 2 2 3 25 3061 3156 2632
5395 2 2 3 25 3133 3156 3061
5396 2 2 3 25 2770 3142 2463
5397 2 2 3 25 2465 2744 3142
5398 2 2 3 25 3142 2770 2465
5399 2 2 3 25 2588 3119 2963
5400 2 2 3 25 2998 3119 2598
5401 2 2 3 25 2963 3119 2998
5402 2 2 3 25 3152 3048 2886
5403 2 2 3 25 3139 2447 2681
5404 2 2 3 25 3139 2724 2447
5405 2 2 3 25 2422 3003 3054
5406 2 2 3 25 2580 3054 2464
5407 2 2 3 25 3054 2580 2572
5408 2 2 3 25 3003 2464 3054
5409 2 2 3 25 3034 2404 2403
5410 2 2 3 25 3034 2619 2582
5411 2 2 3 25 3071 2604 2572
5412 2 2 3 25 2978 2604 3071
5413 2 2 3 25 2978 3071 2990
5414 2 2 3 25 638 3033 637
5415 2 2 3 25 2637 637 3033
5416 2 2 3 25 3173 3030 2591
5417 2 2 3 25 3022 3182 2649
5418 2 2 3 25 3182 3116 2649
5419 2 2 3 25 3116 3182 2981
5420 2 2 3 25 3150 2449 2443
5421 2 2 3 25 2724 2449 3150
5422 2 2 3 25 3150 2447 2724
5423 2 2 3 25 2989 2716 3109
5424 2 2 3 25 683 3126 682
5425 2 2 3 25 2461 2696 3126
5426 2 2 3 25 3126 2701 2461
5427 2 2 3 25 3043 3126 683
5428 2 2 3 25 3126 2465 2701
5429 2 2 3 25 3126 3043 2465
5430 2 2 3 25 3128 3057 3042
5431 2 2 3 25 3034 2582 3105
5432 2 2 3 25 2672 3105 2602
5433 2 2 3 25 3105 2672 2404
5434 2 2 3 25 3034 3105 2404
5435 2 2 3 25 3106 2627 3076
5436 2 2 3 25 2745 700 701
5437 2 2 3 25 2498 700 2745
5438 2 2 3 25 2404 3082 2656
5439 2 2 3 25 2404 2672 3082
5440 2 2 3 25 2987 2593 3094
5441 2 2 3 25 3141 2540 3089
5442 2 2 3 25 548 3026 547
5443 2 2 3 25 548 2939 3026
5444 2 2 3 25 652 3002 651
5445 2 2 3 25 652 3042 3002
5446 2 2 3 25 3128 3042 652
5447 2 2 3 25 545 2974 544
5448 2 2 3 25 545 3172 2974
5449 2 2 3 25 2861 66 67
5450 2 2 3 25 2727 31 32
5451 2 2 3 25 3166 31 2727
5452 2 2 3 25 2571 3044 2556
5453 2 2 3 25 2641 670 671
5454 2 2 3 25 3049 670 2641
5455 2 2 3 25 58 2967 57
5456 2 2 3 25 747 3177 2398
5457 2 2 3 25 482 3192 481
5458 2 2 3 25 3196 2788 2865
5459 2 2 3 25 2812 3197 2827
5460 2 2 3 25 3200 408 409
5461 2 2 3 25 334 3206 333
5462 2 2 3 25 359 3207 358
5463 2 2 3 25 2789 3207 2802
5464 2 2 3 25 414 3209 413
5465 2 2 3 25 3209 414 3208
5466 2 2 3 25 3211 2831 2825
5467 2 2 3 25 3211 473 474
5468 2 2 3 25 3217 2843 3215
5469 2 2 3 25 348 3218 347
5470 2 2 3 25 2802 3219 2815
5471 2 2 3 25 2971 3220 3215
5472 2 2 3 25 356 3231 355
5473 2 2 3 25 3236 405 406
5474 2 2 3 25 3236 2843 3217
5475 2 2 3 25 2813 3239 2808
5476 2 2 3 25 2520 3243 2792
5477 2 2 3 25 2846 3258 2899
5478 2 2 3 25 2614 3262 56
5479 2 2 3 25 3262 2614 2933
5480 2 2 3 25 2800 3263 3200
5481 2 2 3 25 3266 2796 2520
5482 2 2 3 25 2907 3266 2520
5483 2 2 3 25 3268 272 273
5484 2 2 3 25 2544 3269 2877
5485 2 2 3 25 3273 376 377
5486 2 2 3 25 3107 3274 3117
5487 2 2 3 25 2810 3275 2836
5488 2 2 3 25 379 3279 378
5489 2 2 3 25 3280 476 477
5490 2 2 3 25 3284 757 2742
5491 2 2 3 25 2767 3284 2742
5492 2 2 3 25 3286 2840 3038
5493 2 2 3 25 2555 3291 3276
5494 2 2 3 25 258 3293 257
5495 2 2 3 25 2445 3294 2710
5496 2 2 3 25 3152 3294 3048
5497 2 2 3 25 3294 2445 3048
5498 2 2 3 25 3295 240 241
5499 2 2 3 25 3297 2551 2549
5500 2 2 3 25 3304 2795 2894
5501 2 2 3 25 2805 3304 2894
5502 2 2 3 25 3307 2817 3276
5503 2 2 3 25 3309 425 426
5504 2 2 3 25 576 3313 575
5505 2 2 3 25 275 3314 274
5506 2 2 3 25 2851 3326 3103
5507 2 2 3 25 3326 2851 2848
5508 2 2 3 25 3327 317 318
5509 2 2 3 25 2807 3328 3230
5510 2 2 3 25 2866 3329 2546
5511 2 2 3 25 450 3334 449
5512 2 2 3 25 3335 2921 2546
5513 2 2 3 25 3336 245 246
5514 2 2 3 25 3336 2842 2901
5515 2 2 3 25 245 3336 2901
5516 2 2 3 25 3339 2626 2435
5517 2 2 3 25 3145 3339 2435
5518 2 2 3 25 656 3340 2947
5519 2 2 3 25 3340 2886 2947
5520 2 2 3 25 2549 3341 3297
5521 2 2 3 25 2812 3343 3289
5522 2 2 3 25 2925 3344 2403
5523 2 2 3 25 3344 3034 2403
5524 2 2 3 25 3344 2925 2967
5525 2 2 3 25 2795 3345 2552
5526 2 2 3 25 3347 2762 2472
5527 2 2 3 25 3349 2558 2890
5528 2 2 3 25 3355 2564 2973
5529 2 2 3 25 2564 3355 2993
5530 2 2 3 25 2800 3358 3269
5531 2 2 3 25 3358 2877 3269
5532 2 2 3 25 3359 2939 549
5533 2 2 3 25 2939 3359 2607
5534 2 2 3 25 2791 3360 3253
5535 2 2 3 25 3365 2883 3068
5536 2 2 3 25 2676 3369 3168
5537 2 2 3 25 2563 3370 3073
5538 2 2 3 25 3370 2874 3073
5539 2 2 3 25 3373 2929 2605
5540 2 2 3 25 3374 2924 2538
5541 2 2 3 25 3062 3380 3052
5542 2 2 3 25 2817 3382 3276
5543 2 2 3 25 3382 2817 3312
5544 2 2 3 25 3384 310 311
5545 2 2 3 25 3386 2778 2782
5546 2 2 3 25 3387 2544 2884
5547 2 2 3 25 3388 2634 2446
5548 2 2 3 25 3405 2444 2468
5549 2 2 3 25 2779 3405 2468
5550 2 2 3 25 2562 3407 2875
5551 2 2 3 25 2762 3409 2488
5552 2 2 3 25 2996 3411 2830
5553 2 2 3 25 3122 3412 2584
5554 2 2 3 25 373 3414 372
5555 2 2 3 25 3414 2845 372
5556 2 2 3 25 606 3416 605
5557 2 2 3 25 3417 2564 2993
5558 2 2 3 25 2634 3418 2438
5559 2 2 3 25 3418 2750 2438
5560 2 2 3 25 631 3420 2663
5561 2 2 3 25 3420 2898 2663
5562 2 2 3 25 2898 3422 2605
5563 2 2 3 25 3423 2565 2905
5564 2 2 3 25 3425 2434 2708
5565 2 2 3 25 3425 3178 2670
5566 2 2 3 25 3178 3425 2708
5567 2 2 3 25 2434 3425 2670
5568 2 2 3 25 2527 3426 2515
5569 2 2 3 25 3426 2528 2515
5570 2 2 3 25 3427 2924 2524
5571 2 2 3 25 3431 3174 2433
5572 2 2 3 25 3433 2446 3023
5573 2 2 3 25 247 3435 246
5574 2 2 3 25 2398 3436 747
5575 2 2 3 25 3436 2398 2400
5576 2 2 3 25 3436 746 747
5577 2 2 3 25 3437 2866 2864
5578 2 2 3 25 3437 2586 3366
5579 2 2 3 25 3438 578 579
5580 2 2 3 25 2988 3438 579
5581 2 2 3 25 2889 3439 2583
5582 2 2 3 25 3444 2688 2743
5583 2 2 3 25 2692 3444 2743
5584 2 2 3 25 3446 2818 3206
5585 2 2 3 25 3451 2492 2399
5586 2 2 3 25 2784 3451 2399
5587 2 2 3 25 3458 2773 2713
5588 2 2 3 25 2773 3458 2692
5589 2 2 3 25 2871 3459 3208
5590 2 2 3 25 3460 749 2481
5591 2 2 3 25 3460 2395 3177
5592 2 2 3 25 2395 3460 2481
5593 2 2 3 25 427 3462 426
5594 2 2 3 25 319 3463 318
5595 2 2 3 25 3465 2997 72
5596 2 2 3 25 3471 2887 2852
5597 2 2 3 25 2887 3471 2597
5598 2 2 3 25 2879 3475 2625
5599 2 2 3 25 2839 3477 2973
5600 2 2 3 25 3477 2846 2973
5601 2 2 3 25 2818 3484 2801
5602 2 2 3 25 2814 3489 2807
5603 2 2 3 25 3490 2622 2377
5604 2 2 3 25 3490 2659 2645
5605 2 2 3 25 2659 3490 2377
5606 2 2 3 25 2622 3490 2645
5607 2 2 3 25 3491 256 257
5608 2 2 3 25 3493 483 484
5609 2 2 3 25 2428 3496 2424
5610 2 2 3 25 3496 2428 3135
5611 2 2 3 25 3498 2621 2381
5612 2 2 3 25 2704 3498 2381
5613 2 2 3 25 538 3500 537
5614 2 2 3 25 3144 3503 2611
5615 2 2 3 25 3503 3144 2664
5616 2 2 3 25 2883 3504 2526
5617 2 2 3 25 3504 3141 2526
5618 2 2 3 25 2407 3508 2405
5619 2 2 3 25 3508 2960 2405
5620 2 2 3 25 3508 2407 3147
5621 2 2 3 25 2717 3510 2756
5622 2 2 3 25 2904 3512 3407
5623 2 2 3 25 3512 2875 3407
5624 2 2 3 25 3139 3513 2724
5625 2 2 3 25 3515 2946 2421
5626 2 2 3 25 2822 3520 2908
5627 2 2 3 25 3525 2563 2834
5628 2 2 3 25 2877 3525 2834
5629 2 2 3 25 2563 3525 3287
5630 2 2 3 25 3526 3136 2576
5631 2 2 3 25 3528 554 555
5632 2 2 3 25 554 3528 3081
5633 2 2 3 25 3529 156 157
5634 2 2 3 25 156 3529 2478
5635 2 2 3 25 3531 2548 2555
5636 2 2 3 25 2871 3535 3459
5637 2 2 3 25 3542 2798 2538
5638 2 2 3 25 2924 3542 2538
5639 2 2 3 25 2434 3543 2708
5640 2 2 3 25 3543 2434 3150
5641 2 2 3 25 3545 3099 3138
5642 2 2 3 25 2746 3547 3019
5643 2 2 3 25 2788 3548 3393
5644 2 2 3 25 3548 2788 3225
5645 2 2 3 25 3548 2786 3393
5646 2 2 3 25 3109 3552 2654
5647 2 2 3 25 3553 2548 3531
5648 2 2 3 25 3554 2558 3349
5649 2 2 3 25 3004 3557 2727
5650 2 2 3 25 3076 3560 3106
5651 2 2 3 25 3562 3176 3013
5652 2 2 3 25 3176 3562 649
5653 2 2 3 25 535 3564 534
5654 2 2 3 25 3564 535 2872
5655 2 2 3 25 3565 2803 3205
5656 2 2 3 25 2427 3568 2541
5657 2 2 3 25 2730 3568 2719
5658 2 2 3 25 3568 2427 2719
5659 2 2 3 25 3562 648 649
5660 2 2 3 25 2678 3345 2514
5661 2 2 3 25 2678 2552 3345
5662 2 2 3 25 2511 3469 2411
5663 2 2 3 25 2511 2508 3469
5664 2 2 3 25 3386 3083 2773
5665 2 2 3 25 2782 3083 3386
5666 2 2 3 25 3447 3035 2741
5667 2 2 3 25 3013 2724 3513
5668 2 2 3 25 3568 2419 2541
5669 2 2 3 25 2730 2419 3568
5670 2 2 3 25 3307 3411 2817
5671 2 2 3 25 3307 2830 3411
5672 2 2 3 25 3463 3327 318
5673 2 2 3 25 3462 3309 426
5674 2 2 3 25 2844 3309 3462
5675 2 2 3 25 2973 3479 2553
5676 2 2 3 25 2973 2846 3479
5677 2 2 3 25 3437 2896 2586
5678 2 2 3 25 2864 2896 3437
5679 2 2 3 25 3471 2951 2597
5680 2 2 3 25 3487 3471 2852
5681 2 2 3 25 3564 2972 534
5682 2 2 3 25 3287 3370 2563
5683 2 2 3 25 2557 3354 2865
5684 2 2 3 25 3329 3335 2546
5685 2 2 3 25 3489 3328 2807
5686 2 2 3 25 2667 3551 2612
5687 2 2 3 25 2667 3041 3551
5688 2 2 3 25 3371 2741 2726
5689 2 2 3 25 2450 3369 2676
5690 2 2 3 25 3557 3166 2727
5691 2 2 3 25 3510 2667 2756
5692 2 2 3 25 3169 2667 3510
5693 2 2 3 25 378 3273 377
5694 2 2 3 25 2619 3344 2967
5695 2 2 3 25 2619 3034 3344
5696 2 2 3 25 3314 2832 3268
5697 2 2 3 25 3279 3273 378
5698 2 2 3 25 3279 2823 3273
5699 2 2 3 25 3395 3492 2816
5700 2 2 3 25 3395 2837 3492
5701 2 2 3 25 3435 3336 246
5702 2 2 3 25 2842 3336 3435
5703 2 2 3 25 3439 3093 2516
5704 2 2 3 25 2889 3093 3439
5705 2 2 3 25 3293 3491 257
5706 2 2 3 25 550 3359 549
5707 2 2 3 25 617 3326 616
5708 2 2 3 25 617 3103 3326
5709 2 2 3 25 3074 3556 2938
5710 2 2 3 25 2589 3262 2933
5711 2 2 3 25 2589 2950 3262
5712 2 2 3 25 73 3465 72
5713 2 2 3 25 3460 748 749
5714 2 2 3 25 3177 748 3460
5715 2 2 3 25 2955 3145 3367
5716 2 2 3 25 3545 3138 3546
5717 2 2 3 25 668 3539 667
5718 2 2 3 25 668 3077 3539
5719 2 2 3 25 3508 2569 2960
5720 2 2 3 25 3147 2569 3508
5721 2 2 3 25 3549 2752 2676
5722 2 2 3 25 3062 2429 3380
5723 2 2 3 25 2553 3355 2973
5724 2 2 3 25 3355 2964 2993
5725 2 2 3 25 3347 763 764
5726 2 2 3 25 2472 763 3347
5727 2 2 3 25 3006 3365 2878
5728 2 2 3 25 3006 2883 3365
5729 2 2 3 25 3436 2783 746
5730 2 2 3 25 2400 2783 3436
5731 2 2 3 25 3551 2641 2612
5732 2 2 3 25 3049 2641 3551
5733 2 2 3 25 3513 646 647
5734 2 2 3 25 3139 646 3513
5735 2 2 3 25 3145 2955 3339
5736 2 2 3 25 3458 3444 2692
5737 2 2 3 25 2426 3458 2713
5738 2 2 3 25 3076 3455 3560
5739 2 2 3 25 3196 3190 2788
5740 2 2 3 25 3190 3225 2788
5741 2 2 3 25 3238 3413 2513
5742 2 2 3 25 3261 3268 2832
5743 2 2 3 25 3243 3233 2793
5744 2 2 3 25 3209 3357 2821
5745 2 2 3 25 3209 3208 3357
5746 2 2 3 25 3231 3305 2826
5747 2 2 3 25 3415 3270 2811
5748 2 2 3 25 3217 3215 3220
5749 2 2 3 25 3269 3263 2800
5750 2 2 3 25 3558 3352 3060
5751 2 2 3 25 3265 2805 2559
5752 2 2 3 25 3301 3273 2823
5753 2 2 3 25 3379 3329 2866
5754 2 2 3 25 3323 3519 2801
5755 2 2 3 25 3302 3305 2789
5756 2 2 3 25 3351 3244 2831
5757 2 2 3 25 3284 756 757
5758 2 2 3 25 3250 3492 2837
5759 2 2 3 25 3429 3350 2836
5760 2 2 3 25 3428 3452 2790
5761 2 2 3 25 3392 3390 2810
5762 2 2 3 25 3401 3391 2910
5763 2 2 3 25 3276 3291 3307
5764 2 2 3 25 3534 3411 2996
5765 2 2 3 25 3290 3525 2877
5766 2 2 3 25 3290 3287 3525
5767 2 2 3 25 3289 3343 3540
5768 2 2 3 25 3373 3015 2929
5769 2 2 3 25 598 3377 2965
5770 2 2 3 25 3340 3152 2886
5771 2 2 3 25 3413 3320 2513
5772 2 2 3 25 3330 2520 2796
5773 2 2 3 25 3321 2520 3330
5774 2 2 3 25 3383 3428 2790
5775 2 2 3 25 3554 3402 2855
5776 2 2 3 25 3437 3379 2866
5777 2 2 3 25 3366 3379 3437
5778 2 2 3 25 3457 764 765
5779 2 2 3 25 2910 3399 2523
5780 2 2 3 25 2910 3391 3399
5781 2 2 3 25 3530 3042 3057
5782 2 2 3 25 293 3429 2836
5783 2 2 3 25 3459 3535 3319
5784 2 2 3 25 529 3534 2996
5785 2 2 3 25 3522 36 3
5786 2 2 3 25 3522 35 36
5787 2 2 3 25 3004 35 3522
5788 2 2 3 25 2792 3376 3239
5789 2 2 3 25 3376 2808 3239
5790 2 2 3 25 2815 3303 2802
5791 2 2 3 25 3303 2815 3214
5792 2 2 3 25 2906 3303 3214
5793 2 2 3 25 3261 3204 3268
5794 2 2 3 25 3210 278 279
5795 2 2 3 25 3538 2862 2853
5796 2 2 3 25 2853 2560 3538
5797 2 2 3 25 3219 359 360
5798 2 2 3 25 359 3219 3207
5799 2 2 3 25 3219 2802 3207
5800 2 2 3 25 3198 306 307
5801 2 2 3 25 358 3223 357
5802 2 2 3 25 3223 358 3207
5803 2 2 3 25 2789 3223 3207
5804 2 2 3 25 3223 356 357
5805 2 2 3 25 3231 356 3223
5806 2 2 3 25 2789 3305 3223
5807 2 2 3 25 3231 3223 3305
5808 2 2 3 25 3226 479 480
5809 2 2 3 25 2825 3228 3211
5810 2 2 3 25 2803 3565 3237
5811 2 2 3 25 270 3237 269
5812 2 2 3 25 2803 3237 3204
5813 2 2 3 25 430 3240 429
5814 2 2 3 25 3461 2835 3240
5815 2 2 3 25 2835 3361 3240
5816 2 2 3 25 3330 2796 3205
5817 2 2 3 25 2803 3330 3205
5818 2 2 3 25 185 3406 184
5819 2 2 3 25 3362 205 206
5820 2 2 3 25 2854 3353 3362
5821 2 2 3 25 3246 360 361
5822 2 2 3 25 360 3246 3219
5823 2 2 3 25 3246 2815 3219
5824 2 2 3 25 362 3246 361
5825 2 2 3 25 3249 450 451
5826 2 2 3 25 3334 450 3249
5827 2 2 3 25 2790 3452 3249
5828 2 2 3 25 3334 3249 3452
5829 2 2 3 25 376 3252 375
5830 2 2 3 25 376 3273 3252
5831 2 2 3 25 3301 2804 3252
5832 2 2 3 25 3252 3273 3301
5833 2 2 3 25 3252 374 375
5834 2 2 3 25 333 3255 332
5835 2 2 3 25 3255 333 3206
5836 2 2 3 25 2818 3255 3206
5837 2 2 3 25 3255 331 332
5838 2 2 3 25 213 3372 212
5839 2 2 3 25 3372 213 3222
5840 2 2 3 25 2841 3372 3222
5841 2 2 3 25 2841 3222 3185
5842 2 2 3 25 3222 213 214
5843 2 2 3 25 3372 211 212
5844 2 2 3 25 476 3256 475
5845 2 2 3 25 476 3280 3256
5846 2 2 3 25 3351 2831 3256
5847 2 2 3 25 3256 3280 3351
5848 2 2 3 25 3256 474 475
5849 2 2 3 25 474 3256 3211
5850 2 2 3 25 3256 2831 3211
5851 2 2 3 25 3257 385 386
5852 2 2 3 25 3257 2827 3197
5853 2 2 3 25 261 3254 260
5854 2 2 3 25 3258 568 569
5855 2 2 3 25 2846 3477 3258
5856 2 2 3 25 470 3272 469
5857 2 2 3 25 3390 3275 2810
5858 2 2 3 25 3285 576 577
5859 2 2 3 25 3313 576 3285
5860 2 2 3 25 3313 3285 3464
5861 2 2 3 25 3277 456 457
5862 2 2 3 25 3406 183 184
5863 2 2 3 25 3288 321 322
5864 2 2 3 25 3288 2853 2862
5865 2 2 3 25 2821 3300 3209
5866 2 2 3 25 3300 411 412
5867 2 2 3 25 268 3306 267
5868 2 2 3 25 3306 266 267
5869 2 2 3 25 2819 3333 3218
5870 2 2 3 25 3333 345 346
5871 2 2 3 25 3337 462 463
5872 2 2 3 25 3338 406 407
5873 2 2 3 25 406 3338 3236
5874 2 2 3 25 3338 2843 3236
5875 2 2 3 25 408 3338 407
5876 2 2 3 25 3338 408 3200
5877 2 2 3 25 3338 3263 2843
5878 2 2 3 25 3338 3200 3263
5879 2 2 3 25 3303 2789 2802
5880 2 2 3 25 3302 2789 3303
5881 2 2 3 25 3303 2906 2521
5882 2 2 3 25 2521 3302 3303
5883 2 2 3 25 568 3364 567
5884 2 2 3 25 3364 568 3258
5885 2 2 3 25 3364 3477 2839
5886 2 2 3 25 3364 3258 3477
5887 2 2 3 25 176 3455 175
5888 2 2 3 25 3342 431 432
5889 2 2 3 25 3363 247 248
5890 2 2 3 25 3435 247 3363
5891 2 2 3 25 2842 3435 3363
5892 2 2 3 25 401 3378 400
5893 2 2 3 25 3378 3250 2837
5894 2 2 3 25 3440 551 552
5895 2 2 3 25 389 3421 388
5896 2 2 3 25 3421 387 388
5897 2 2 3 25 603 3430 602
5898 2 2 3 25 3430 601 602
5899 2 2 3 25 3453 423 424
5900 2 2 3 25 3448 518 519
5901 2 2 3 25 487 3450 486
5902 2 2 3 25 3450 485 486
5903 2 2 3 25 632 3420 631
5904 2 2 3 25 3422 2898 3420
5905 2 2 3 25 383 3466 382
5906 2 2 3 25 3376 2792 3243
5907 2 2 3 25 2793 3376 3243
5908 2 2 3 25 428 3462 427
5909 2 2 3 25 3462 3361 2844
5910 2 2 3 25 3327 316 317
5911 2 2 3 25 405 3389 404
5912 2 2 3 25 3236 3389 405
5913 2 2 3 25 3217 3389 3236
5914 2 2 3 25 2823 3279 3191
5915 2 2 3 25 3233 2832 3314
5916 2 2 3 25 3384 309 310
5917 2 2 3 25 3057 3561 2631
5918 2 2 3 25 2865 3354 3196
5919 2 2 3 25 2821 3358 2800
5920 2 2 3 25 2821 3357 3358
5921 2 2 3 25 3290 2877 3358
5922 2 2 3 25 3290 3358 3357
5923 2 2 3 25 764 3457 3347
5924 2 2 3 25 3457 2762 3347
5925 2 2 3 25 3541 2762 3457
5926 2 2 3 25 3428 3311 3452
5927 2 2 3 25 2963 3475 2879
5928 2 2 3 25 3475 2963 2408
5929 2 2 3 25 2530 3316 3350
5930 2 2 3 25 3350 2810 2836
5931 2 2 3 25 3377 598 599
5932 2 2 3 25 3387 2971 2544
5933 2 2 3 25 3517 2971 3387
5934 2 2 3 25 3387 3509 3517
5935 2 2 3 25 293 294 3429
5936 2 2 3 25 2856 3429 294
5937 2 2 3 25 3157 153 154
5938 2 2 3 25 3343 2827 3230
5939 2 2 3 25 2827 3343 2812
5940 2 2 3 25 3343 3230 3328
5941 2 2 3 25 2901 3533 2881
5942 2 2 3 25 3042 3530 3176
5943 2 2 3 25 3013 3530 3167
5944 2 2 3 25 3013 3176 3530
5945 2 2 3 25 3210 2808 2793
5946 2 2 3 25 3376 2793 2808
5947 2 2 3 25 55 56 3262
5948 2 2 3 25 2950 55 3262
5949 2 2 3 25 2831 3375 2825
5950 2 2 3 25 2831 3244 3375
5951 2 2 3 25 3346 2954 3234
5952 2 2 3 25 3346 3234 3348
5953 2 2 3 25 3322 773 774
5954 2 2 3 25 2765 3322 774
5955 2 2 3 25 2444 3510 2717
5956 2 2 3 25 3405 3510 2444
5957 2 2 3 25 3340 656 657
5958 2 2 3 25 657 3152 3340
5959 2 2 3 25 588 589 3274
5960 2 2 3 25 3107 588 3274
5961 2 2 3 25 2890 3465 3349
5962 2 2 3 25 3465 2890 2997
5963 2 2 3 25 569 570 3258
5964 2 2 3 25 570 2899 3258
5965 2 2 3 25 3147 2407 3501
5966 2 2 3 25 2408 3147 3501
5967 2 2 3 25 2949 3504 2883
5968 2 2 3 25 2949 3282 3504
5969 2 2 3 25 3060 3352 3224
5970 2 2 3 25 3044 3154 3046
5971 2 2 3 25 539 3500 538
5972 2 2 3 25 3235 3383 2824
5973 2 2 3 25 3383 2790 2824
5974 2 2 3 25 414 415 3208
5975 2 2 3 25 415 2871 3208
5976 2 2 3 25 416 2871 415
5977 2 2 3 25 3479 3011 2565
5978 2 2 3 25 3479 2846 2899
5979 2 2 3 25 2899 3011 3479
5980 2 2 3 25 3557 3004 3522
5981 2 2 3 25 3407 2562 2921
5982 2 2 3 25 3534 529 530
5983 2 2 3 25 2895 3482 2926
5984 2 2 3 25 493 494 3332
5985 2 2 3 25 3418 148 2750
5986 2 2 3 25 3418 147 148
5987 2 2 3 25 3128 3561 3057
5988 2 2 3 25 2941 3501 2407
5989 2 2 3 25 3501 2941 2859
5990 2 2 3 25 2859 3408 3501
5991 2 2 3 25 2733 2688 3472
5992 2 2 3 25 3369 2450 2942
5993 2 2 3 25 2942 2952 3369
5994 2 2 3 25 3037 2976 2975
5995 2 2 3 25 3071 2976 3037
5996 2 2 3 25 3037 2990 3071
5997 2 2 3 25 610 3512 2904
5998 2 2 3 25 3345 2795 3216
5999 2 2 3 25 3108 3566 2714
6000 2 2 3 25 3169 3405 2738
6001 2 2 3 25 3169 3510 3405
6002 2 2 3 25 3029 3097 2453
6003 2 2 3 25 3088 2596 2920
6004 2 2 3 25 2920 2943 3088
6005 2 2 3 25 2794 3392 3248
6006 2 2 3 25 2794 3390 3392
6007 2 2 3 25 3325 2805 3265
6008 2 2 3 25 3265 2835 3325
6009 2 2 3 25 2835 3461 3325
6010 2 2 3 25 3152 658 3294
6011 2 2 3 25 3166 3557 2401
6012 2 2 3 25 3557 3567 2401
6013 2 2 3 25 3167 2698 2449
6014 2 2 3 25 2698 3057 2631
6015 2 2 3 25 3167 3530 2698
6016 2 2 3 25 3530 3057 2698
6017 2 2 3 25 3312 2817 3411
6018 2 2 3 25 3534 3130 3411
6019 2 2 3 25 2932 3411 3130
6020 2 2 3 25 3411 2932 3312
6021 2 2 3 25 149 7 3286
6022 2 2 3 25 3038 149 3286
6023 2 2 3 25 2818 3446 3484
6024 2 2 3 25 3451 141 2492
6025 2 2 3 25 3331 2870 2414
6026 2 2 3 25 2414 3352 3331
6027 2 2 3 25 3331 3352 3558
6028 2 2 3 25 58 2619 2967
6029 2 2 3 25 3069 2916 2928
6030 2 2 3 25 2598 3119 3165
6031 2 2 3 25 3064 3163 3165
6032 2 2 3 25 3119 3064 3165
6033 2 2 3 25 3317 2798 3191
6034 2 2 3 25 59 2619 58
6035 2 2 3 25 675 2455 2695
6036 2 2 3 25 2455 675 3055
6037 2 2 3 25 2695 674 675
6038 2 2 3 25 676 3055 675
6039 2 2 3 25 2792 3239 2535
6040 2 2 3 25 2797 3245 3239
6041 2 2 3 25 3419 2797 3239
6042 2 2 3 25 3245 2535 3239
6043 2 2 3 25 2813 3419 3239
6044 2 2 3 25 3554 2855 2847
6045 2 2 3 25 2876 3554 2847
6046 2 2 3 25 3554 2876 2558
6047 2 2 3 25 2565 3423 3456
6048 2 2 3 25 3488 3412 3122
6049 2 2 3 25 3332 3412 3488
6050 2 2 3 25 75 3402 74
6051 2 2 3 25 2931 2632 50
6052 2 2 3 25 2826 3305 3302
6053 2 2 3 25 2517 3424 2882
6054 2 2 3 25 615 616 3326
6055 2 2 3 25 2848 615 3326
6056 2 2 3 25 2473 3566 3151
6057 2 2 3 25 2636 2704 3151
6058 2 2 3 25 3267 373 374
6059 2 2 3 25 3414 373 3267
6060 2 2 3 25 3252 2804 3267
6061 2 2 3 25 374 3252 3267
6062 2 2 3 25 2378 3127 3102
6063 2 2 3 25 3102 2617 2623
6064 2 2 3 25 2617 3102 2616
6065 2 2 3 25 3127 2616 3102
6066 2 2 3 25 3301 2823 3427
6067 2 2 3 25 3542 2924 3427
6068 2 2 3 25 2804 3301 3427
6069 2 2 3 25 3049 3041 3077
6070 2 2 3 25 3551 3041 3049
6071 2 2 3 25 2470 759 760
6072 2 2 3 25 3545 2500 2775
6073 2 2 3 25 3545 2484 2500
6074 2 2 3 25 3545 3546 2484
6075 2 2 3 25 2865 2788 3393
6076 2 2 3 25 3046 3154 3393
6077 2 2 3 25 2621 3498 3023
6078 2 2 3 25 2636 3498 2704
6079 2 2 3 25 3433 3498 2636
6080 2 2 3 25 3433 3023 3498
6081 2 2 3 25 3127 2451 2616
6082 2 2 3 25 3127 2683 2451
6083 2 2 3 25 3229 2573 3559
6084 2 2 3 25 2971 3269 2544
6085 2 2 3 25 2843 3269 3215
6086 2 2 3 25 2843 3263 3269
6087 2 2 3 25 2971 3215 3269
6088 2 2 3 25 3141 3556 2540
6089 2 2 3 25 3074 2540 3556
6090 2 2 3 25 3504 3556 3141
6091 2 2 3 25 3556 3504 3282
6092 2 2 3 25 2446 3433 3388
6093 2 2 3 25 2426 2416 3410
6094 2 2 3 25 594 595 3024
6095 2 2 3 25 3150 2443 3543
6096 2 2 3 25 2783 2400 2489
6097 2 2 3 25 2489 2506 2783
6098 2 2 3 25 2486 2783 2506
6099 2 2 3 25 2783 2486 745
6100 2 2 3 25 2454 3539 3041
6101 2 2 3 25 3077 3041 3539
6102 2 2 3 25 2379 3078 2630
6103 2 2 3 25 2379 3095 3078
6104 2 2 3 25 3078 2599 2630
6105 2 2 3 25 3533 3310 3203
6106 2 2 3 25 3174 3431 3549
6107 2 2 3 25 3549 3403 3174
6108 2 2 3 25 3114 2378 2645
6109 2 2 3 25 3127 2378 3114
6110 2 2 3 25 3114 2645 2694
6111 2 2 3 25 3114 2683 3127
6112 2 2 3 25 2581 3174 3121
6113 2 2 3 25 3121 3174 3403
6114 2 2 3 25 3036 2581 3121
6115 2 2 3 25 3552 2501 2483
6116 2 2 3 25 3138 2654 3552
6117 2 2 3 25 3552 3546 3138
6118 2 2 3 25 3523 3395 3242
6119 2 2 3 25 610 611 3512
6120 2 2 3 25 3289 2538 2798
6121 2 2 3 25 2798 3317 3289
6122 2 2 3 25 3289 3317 2812
6123 2 2 3 25 3243 2520 3321
6124 2 2 3 25 2832 3233 3321
6125 2 2 3 25 3261 2832 3321
6126 2 2 3 25 3321 3233 3243
6127 2 2 3 25 3156 48 49
6128 2 2 3 25 49 2632 3156
6129 2 2 3 25 2632 49 50
6130 2 2 3 25 579 580 2988
6131 2 2 3 25 2569 3075 2858
6132 2 2 3 25 2569 3147 3075
6133 2 2 3 25 3075 2585 2858
6134 2 2 3 25 3507 3259 3251
6135 2 2 3 25 3017 3030 2956
6136 2 2 3 25 3173 2956 3030
6137 2 2 3 25 2778 3469 2508
6138 2 2 3 25 2778 3356 3469
6139 2 2 3 25 3528 2595 3016
6140 2 2 3 25 3016 3081 3528
6141 2 2 3 25 3529 2757 2478
6142 2 2 3 25 3529 3476 2757
6143 2 2 3 25 3476 3529 2776
6144 2 2 3 25 3106 3560 3159
6145 2 2 3 25 2457 2726 3476
6146 2 2 3 25 2776 2457 3476
6147 2 2 3 25 3476 2726 2741
6148 2 2 3 25 2854 3362 3441
6149 2 2 3 25 3386 2692 3134
6150 2 2 3 25 2692 3386 2773
6151 2 2 3 25 3356 2778 3386
6152 2 2 3 25 3134 3356 3386
6153 2 2 3 25 2401 3567 2765
6154 2 2 3 25 2897 3486 2868
6155 2 2 3 25 3486 2995 2868
6156 2 2 3 25 2900 3486 2897
6157 2 2 3 25 2737 3483 2718
6158 2 2 3 25 3074 2944 3515
6159 2 2 3 25 3417 2993 3563
6160 2 2 3 25 3502 3020 2508
6161 2 2 3 25 3473 3515 2944
6162 2 2 3 25 2735 2758 2733
6163 2 2 3 25 2733 2758 2679
6164 2 2 3 25 2679 2688 2733
6165 2 2 3 25 3356 3134 2749
6166 2 2 3 25 3113 2438 2608
6167 2 2 3 25 2438 3113 2446
6168 2 2 3 25 2633 3113 2608
6169 2 2 3 25 3480 3521 2888
6170 2 2 3 25 3495 2559 2894
6171 2 2 3 25 2894 2552 3495
6172 2 2 3 25 2678 3495 2552
6173 2 2 3 25 2748 3029 3547
6174 2 2 3 25 3019 3547 3029
6175 2 2 3 25 3405 2748 2738
6176 2 2 3 25 2748 3547 2738
6177 2 2 3 25 2779 2748 3405
6178 2 2 3 25 2451 3022 2616
6179 2 2 3 25 2712 3022 2451
6180 2 2 3 25 2651 3022 2712
6181 2 2 3 25 2651 3182 3022
6182 2 2 3 25 3432 2796 3266
6183 2 2 3 25 2979 3432 3266
6184 2 2 3 25 3432 2979 2525
6185 2 2 3 25 2966 2697 2382
6186 2 2 3 25 2382 3158 2966
6187 2 2 3 25 3158 3098 2966
6188 2 2 3 25 3063 2989 2991
6189 2 2 3 25 2991 2989 3109
6190 2 2 3 25 3031 3063 2991
6191 2 2 3 25 3010 3088 2638
6192 2 2 3 25 3088 3080 2638
6193 2 2 3 25 3080 3088 2943
6194 2 2 3 25 2862 3538 3463
6195 2 2 3 25 3550 3463 3538
6196 2 2 3 25 3488 3122 2946
6197 2 2 3 25 2517 2882 3397
6198 2 2 3 25 3397 2882 2512
6199 2 2 3 25 3286 7 3480
6200 2 2 3 25 2840 3286 3480
6201 2 2 3 25 3086 3066 3070
6202 2 2 3 25 3120 3070 3066
6203 2 2 3 25 3120 3066 3025
6204 2 2 3 25 3550 3327 3463
6205 2 2 3 25 3459 3357 3208
6206 2 2 3 25 3290 3459 3287
6207 2 2 3 25 3459 3319 3287
6208 2 2 3 25 3290 3357 3459
6209 2 2 3 25 3500 3040 2995
6210 2 2 3 25 539 3040 3500
6211 2 2 3 25 3532 2530 3194
6212 2 2 3 25 2530 3532 3316
6213 2 2 3 25 2902 490 491
6214 2 2 3 25 2664 2916 3503
6215 2 2 3 25 3503 2916 3069
6216 2 2 3 25 2611 3503 2433
6217 2 2 3 25 3509 3400 2992
6218 2 2 3 25 3443 2923 2822
6219 2 2 3 25 2822 2908 3443
6220 2 2 3 25 2583 3439 2715
6221 2 2 3 25 2516 2707 3439
6222 2 2 3 25 2715 3439 2713
6223 2 2 3 25 2707 2713 3439
6224 2 2 3 25 3137 2629 2722
6225 2 2 3 25 3137 3148 2629
6226 2 2 3 25 3124 2656 3137
6227 2 2 3 25 2656 3148 3137
6228 2 2 3 25 2430 3496 3135
6229 2 2 3 25 3506 158 159
6230 2 2 3 25 3506 2776 3529
6231 2 2 3 25 2959 3001 2655
6232 2 2 3 25 3173 3001 2956
6233 2 2 3 25 3427 2524 2804
6234 2 2 3 25 3541 2501 2716
6235 2 2 3 25 454 3247 453
6236 2 2 3 25 3209 412 413
6237 2 2 3 25 3300 412 3209
6238 2 2 3 25 3316 2810 3350
6239 2 2 3 25 3392 2810 3316
6240 2 2 3 25 635 3373 634
6241 2 2 3 25 635 3015 3373
6242 2 2 3 25 3422 632 633
6243 2 2 3 25 3420 632 3422
6244 2 2 3 25 423 3281 422
6245 2 2 3 25 423 3453 3281
6246 2 2 3 25 659 3294 658
6247 2 2 3 25 659 2710 3294
6248 2 2 3 25 562 3298 561
6249 2 2 3 25 3442 2676 3168
6250 2 2 3 25 3549 2676 3442
6251 2 2 3 25 3434 3474 3323
6252 2 2 3 25 3434 3555 3474
6253 2 2 3 25 3474 3519 3323
6254 2 2 3 25 3571 3272 470
6255 2 2 3 25 3574 3507 3251
6256 2 2 3 25 3260 3576 3224
6257 2 2 3 25 3576 3260 2806
6258 2 2 3 25 3577 436 437
6259 2 2 3 25 3242 3579 3523
6260 2 2 3 25 3478 3584 2844
6261 2 2 3 25 3585 2815 3246
6262 2 2 3 25 3404 3586 3569
6263 2 2 3 25 3586 3404 2999
6264 2 2 3 25 430 3587 3240
6265 2 2 3 25 3461 3587 3342
6266 2 2 3 25 3587 3461 3240
6267 2 2 3 25 2824 3588 3235
6268 2 2 3 25 3588 2833 3235
6269 2 2 3 25 420 3591 419
6270 2 2 3 25 3591 420 3569
6271 2 2 3 25 3592 3450 3581
6272 2 2 3 25 491 3593 2902
6273 2 2 3 25 3441 3594 2854
6274 2 2 3 25 3145 3595 3367
6275 2 2 3 25 3597 3191 3279
6276 2 2 3 25 3388 3599 2634
6277 2 2 3 25 3599 3388 2661
6278 2 2 3 25 3509 3600 3400
6279 2 2 3 25 284 3601 283
6280 2 2 3 25 3191 3603 3317
6281 2 2 3 25 3603 3466 3317
6282 2 2 3 25 3605 326 327
6283 2 2 3 25 2857 3606 3241
6284 2 2 3 25 3608 3230 2827
6285 2 2 3 25 3257 3608 2827
6286 2 2 3 25 3230 3608 3421
6287 2 2 3 25 3611 2678 2542
6288 2 2 3 25 2801 3612 3323
6289 2 2 3 25 3612 2801 3484
6290 2 2 3 25 3613 531 2918
6291 2 2 3 25 3130 3613 2918
6292 2 2 3 25 531 3613 530
6293 2 2 3 25 3614 3410 2416
6294 2 2 3 25 3410 3614 3454
6295 2 2 3 25 3615 3367 3595
6296 2 2 3 25 3183 3616 3572
6297 2 2 3 25 3617 3559 3505
6298 2 2 3 25 3230 3619 2807
6299 2 2 3 25 3473 3622 3515
6300 2 2 3 25 3622 3473 2568
6301 2 2 3 25 3622 2946 3515
6302 2 2 3 25 3623 3456 3618
6303 2 2 3 25 3624 2497 2483
6304 2 2 3 25 3627 3132 3079
6305 2 2 3 25 3629 3399 3470
6306 2 2 3 25 3560 3630 3159
6307 2 2 3 25 3630 3560 2957
6308 2 2 3 25 439 3632 438
6309 2 2 3 25 3193 3632 3575
6310 2 2 3 25 3462 3634 3361
6311 2 2 3 25 3634 3462 428
6312 2 2 3 25 3634 3240 3361
6313 2 2 3 25 3457 3635 3541
6314 2 2 3 25 3637 208 209
6315 2 2 3 25 3637 3536 3582
6316 2 2 3 25 208 3637 3582
6317 2 2 3 25 2797 3641 3248
6318 2 2 3 25 3641 2797 3419
6319 2 2 3 25 3193 3642 3577
6320 2 2 3 25 272 3643 271
6321 2 2 3 25 3204 3643 3268
6322 2 2 3 25 3643 272 3268
6323 2 2 3 25 3646 3532 3628
6324 2 2 3 25 2459 3648 2384
6325 2 2 3 25 2503 3648 2729
6326 2 2 3 25 3648 2503 2384
6327 2 2 3 25 3648 2459 2729
6328 2 2 3 25 3434 3649 3331
6329 2 2 3 25 3649 3434 3323
6330 2 2 3 25 2971 3650 3220
6331 2 2 3 25 3492 3650 3517
6332 2 2 3 25 3650 3492 3220
6333 2 2 3 25 3650 2971 3517
6334 2 2 3 25 3654 3453 3584
6335 2 2 3 25 3453 3654 3281
6336 2 2 3 25 2964 3655 2993
6337 2 2 3 25 3655 3563 2993
6338 2 2 3 25 3655 2964 3149
6339 2 2 3 25 3657 3456 3623
6340 2 2 3 25 3658 3173 2691
6341 2 2 3 25 2521 3662 3302
6342 2 2 3 25 3473 3664 3581
6343 2 2 3 25 3350 3665 2530
6344 2 2 3 25 3187 3665 2856
6345 2 2 3 25 3666 3500 2995
6346 2 2 3 25 3500 3666 3468
6347 2 2 3 25 3486 3666 2995
6348 2 2 3 25 2529 3669 2915
6349 2 2 3 25 3670 2521 2906
6350 2 2 3 25 3424 3670 2906
6351 2 2 3 25 3277 3675 2833
6352 2 2 3 25 3408 3676 2625
6353 2 2 3 25 3399 3677 2523
6354 2 2 3 25 3677 3399 3629
6355 2 2 3 25 3074 3681 2540
6356 2 2 3 25 3683 465 466
6357 2 2 3 25 3685 3364 2839
6358 2 2 3 25 3306 3687 3565
6359 2 2 3 25 3687 3306 268
6360 2 2 3 25 3687 3237 3565
6361 2 2 3 25 2420 3689 2936
6362 2 2 3 25 3690 2880 2562
6363 2 2 3 25 3292 3691 2828
6364 2 2 3 25 3692 2716 2501
6365 2 2 3 25 3692 3552 3109
6366 2 2 3 25 3552 3692 2501
6367 2 2 3 25 2716 3692 3109
6368 2 2 3 25 3693 2909 61
6369 2 2 3 25 2909 3693 3050
6370 2 2 3 25 2511 3695 2508
6371 2 2 3 25 3695 3502 2508
6372 2 2 3 25 3697 3190 3196
6373 2 2 3 25 3190 3697 2787
6374 2 2 3 25 2733 3698 2735
6375 2 2 3 25 3698 2733 3472
6376 2 2 3 25 2785 3700 3059
6377 2 2 3 25 3701 487 488
6378 2 2 3 25 487 3701 3450
6379 2 2 3 25 3702 2820 2938
6380 2 2 3 25 3704 182 183
6381 2 2 3 25 3210 3707 278
6382 2 2 3 25 3707 3210 2793
6383 2 2 3 25 3715 418 419
6384 2 2 3 25 609 3716 608
6385 2 2 3 25 3716 609 2904
6386 2 2 3 25 461 3717 460
6387 2 2 3 25 3718 409 410
6388 2 2 3 25 409 3718 3200
6389 2 2 3 25 3720 2922 2577
6390 2 2 3 25 559 3721 558
6391 2 2 3 25 345 3723 344
6392 2 2 3 25 3723 345 3333
6393 2 2 3 25 3724 3397 2512
6394 2 2 3 25 3725 463 464
6395 2 2 3 25 463 3725 3337
6396 2 2 3 25 3726 2857 3241
6397 2 2 3 25 2857 3726 2863
6398 2 2 3 25 3559 3728 3505
6399 2 2 3 25 3728 3559 2573
6400 2 2 3 25 2805 3731 3304
6401 2 2 3 25 316 3732 315
6402 2 2 3 25 3476 3734 2757
6403 2 2 3 25 3734 3476 2741
6404 2 2 3 25 3737 390 391
6405 2 2 3 25 2639 3742 3009
6406 2 2 3 25 3742 2639 3117
6407 2 2 3 25 3744 3228 2825
6408 2 2 3 25 3228 3744 3571
6409 2 2 3 25 2847 3745 2913
6410 2 2 3 25 2852 3745 3487
6411 2 2 3 25 3745 2852 2913
6412 2 2 3 25 2781 3748 2657
6413 2 2 3 25 3748 2781 3072
6414 2 2 3 25 467 3749 466
6415 2 2 3 25 3752 494 495
6416 2 2 3 25 494 3752 3332
6417 2 2 3 25 3117 3754 3107
6418 2 2 3 25 2484 3755 2500
6419 2 2 3 25 3758 2837 3395
6420 2 2 3 25 3523 3758 3395
6421 2 2 3 25 3759 2972 3564
6422 2 2 3 25 2972 3759 2918
6423 2 2 3 25 3502 3760 3020
6424 2 2 3 25 3761 2859 2941
6425 2 2 3 25 2859 3761 63
6426 2 2 3 25 3763 181 182
6427 2 2 3 25 3764 3036 3121
6428 2 2 3 25 3192 3766 3195
6429 2 2 3 25 3766 3493 3195
6430 2 2 3 25 3767 3378 401
6431 2 2 3 25 3378 3767 3250
6432 2 2 3 25 3768 362 363
6433 2 2 3 25 3218 3770 3644
6434 2 2 3 25 3265 3772 3651
6435 2 2 3 25 3772 3265 2559
6436 2 2 3 25 667 3773 666
6437 2 2 3 25 3773 667 3539
6438 2 2 3 25 604 3775 603
6439 2 2 3 25 3776 2568 2902
6440 2 2 3 25 3776 3488 2946
6441 2 2 3 25 3021 3777 2421
6442 2 2 3 25 3778 249 250
6443 2 2 3 25 3351 3782 3244
6444 2 2 3 25 2745 3783 2489
6445 2 2 3 25 3783 2745 702
6446 2 2 3 25 3783 2506 2489
6447 2 2 3 25 231 3788 230
6448 2 2 3 25 3789 3421 3608
6449 2 2 3 25 3421 3789 387
6450 2 2 3 25 3257 3789 3608
6451 2 2 3 25 3795 3255 2818
6452 2 2 3 25 3255 3795 331
6453 2 2 3 25 703 3783 702
6454 2 2 3 25 703 2506 3783
6455 2 2 3 25 561 3797 560
6456 2 2 3 25 3685 565 566
6457 2 2 3 25 3591 3715 419
6458 2 2 3 25 3776 3622 2568
6459 2 2 3 25 2946 3622 3776
6460 2 2 3 25 2957 3118 3630
6461 2 2 3 25 3749 3683 466
6462 2 2 3 25 3710 2910 2523
6463 2 2 3 25 3234 2910 3710
6464 2 2 3 25 3009 3595 3145
6465 2 2 3 25 3456 3464 3618
6466 2 2 3 25 3698 2767 2742
6467 2 2 3 25 3472 2767 3698
6468 2 2 3 25 2441 3627 3079
6469 2 2 3 25 2441 3483 3627
6470 2 2 3 25 2776 3506 3672
6471 2 2 3 25 3594 3617 2854
6472 2 2 3 25 3594 3559 3617
6473 2 2 3 25 3612 3649 3323
6474 2 2 3 25 3419 3625 3641
6475 2 2 3 25 3579 3242 3791
6476 2 2 3 25 438 3577 437
6477 2 2 3 25 3795 330 331
6478 2 2 3 25 3636 338 339
6479 2 2 3 25 269 3687 268
6480 2 2 3 25 269 3237 3687
6481 2 2 3 25 429 3634 428
6482 2 2 3 25 429 3240 3634
6483 2 2 3 25 3789 386 387
6484 2 2 3 25 3257 386 3789
6485 2 2 3 25 456 3796 455
6486 2 2 3 25 456 3277 3796
6487 2 2 3 25 3536 3631 3663
6488 2 2 3 25 3570 3470 3644
6489 2 2 3 25 567 3685 566
6490 2 2 3 25 567 3364 3685
6491 2 2 3 25 601 3430 3739
6492 2 2 3 25 2517 3710 2523
6493 2 2 3 25 2517 3397 3710
6494 2 2 3 25 402 3767 401
6495 2 2 3 25 3418 3599 147
6496 2 2 3 25 3418 2634 3599
6497 2 2 3 25 2806 3260 3671
6498 2 2 3 25 62 3693 61
6499 2 2 3 25 3576 3060 3224
6500 2 2 3 25 54 3784 53
6501 2 2 3 25 54 2950 3784
6502 2 2 3 25 3557 3522 3781
6503 2 2 3 25 3665 3429 2856
6504 2 2 3 25 3350 3429 3665
6505 2 2 3 25 3704 3763 182
6506 2 2 3 25 3705 3522 3
6507 2 2 3 25 3677 2517 2523
6508 2 2 3 25 3570 3629 3470
6509 2 2 3 25 3570 3494 3629
6510 2 2 3 25 3245 3779 2535
6511 2 2 3 25 3662 2826 3302
6512 2 2 3 25 3494 2826 3662
6513 2 2 3 25 2517 3670 3424
6514 2 2 3 25 3760 2992 3400
6515 2 2 3 25 3502 2992 3760
6516 2 2 3 25 2869 3701 488
6517 2 2 3 25 3449 3713 2554
6518 2 2 3 25 3761 62 63
6519 2 2 3 25 2501 3635 3511
6520 2 2 3 25 2501 3541 3635
6521 2 2 3 25 605 3775 604
6522 2 2 3 25 2501 3624 2483
6523 2 2 3 25 2501 3511 3624
6524 2 2 3 25 3563 3655 3699
6525 2 2 3 25 3628 3669 2529
6526 2 2 3 25 3628 3532 3669
6527 2 2 3 25 3593 3776 2902
6528 2 2 3 25 3593 3488 3776
6529 2 2 3 25 3746 323 324
6530 2 2 3 25 492 3593 491
6531 2 2 3 25 3600 3387 2884
6532 2 2 3 25 3509 3387 3600
6533 2 2 3 25 3739 3379 3366
6534 2 2 3 25 3430 3379 3739
6535 2 2 3 25 199 3668 198
6536 2 2 3 25 3406 3704 183
6537 2 2 3 25 3613 3534 530
6538 2 2 3 25 3130 3534 3613
6539 2 2 3 25 3775 3430 603
6540 2 2 3 25 3416 3775 605
6541 2 2 3 25 3404 3281 3654
6542 2 2 3 25 3569 3586 3591
6543 2 2 3 25 3588 3277 2833
6544 2 2 3 25 3582 3594 3441
6545 2 2 3 25 3590 765 766
6546 2 2 3 25 3592 3664 3398
6547 2 2 3 25 3592 3581 3664
6548 2 2 3 25 3611 3495 2678
6549 2 2 3 25 3596 3327 3550
6550 2 2 3 25 3631 211 3372
6551 2 2 3 25 3651 2835 3265
6552 2 2 3 25 3623 3497 3524
6553 2 2 3 25 3642 3771 3184
6554 2 2 3 25 3660 2970 2519
6555 2 2 3 25 3478 3651 3772
6556 2 2 3 25 162 3735 2662
6557 2 2 3 25 2528 3695 2511
6558 2 2 3 25 457 3675 3277
6559 2 2 3 25 3515 3681 3074
6560 2 2 3 25 3756 425 3309
6561 2 2 3 25 2662 3735 3757
6562 2 2 3 25 482 3766 3192
6563 2 2 3 25 3550 3738 3753
6564 2 2 3 25 3632 3577 438
6565 2 2 3 25 3632 3193 3577
6566 2 2 3 25 3659 3478 3772
6567 2 2 3 25 181 3667 180
6568 2 2 3 25 181 3763 3667
6569 2 2 3 25 425 3756 424
6570 2 2 3 25 3756 3453 424
6571 2 2 3 25 3580 324 325
6572 2 2 3 25 3746 324 3580
6573 2 2 3 25 3580 3555 3626
6574 2 2 3 25 326 3580 325
6575 2 2 3 25 3555 3580 3474
6576 2 2 3 25 309 3578 308
6577 2 2 3 25 3578 309 3384
6578 2 2 3 25 3686 3186 3578
6579 2 2 3 25 3384 3686 3578
6580 2 2 3 25 434 3583 433
6581 2 2 3 25 3188 3583 3184
6582 2 2 3 25 3616 3183 3609
6583 2 2 3 25 2844 3756 3309
6584 2 2 3 25 3756 2844 3584
6585 2 2 3 25 3453 3756 3584
6586 2 2 3 25 3598 693 694
6587 2 2 3 25 3598 2768 3129
6588 2 2 3 25 381 3597 380
6589 2 2 3 25 3597 381 3603
6590 2 2 3 25 3603 3191 3597
6591 2 2 3 25 3620 226 227
6592 2 2 3 25 385 3639 384
6593 2 2 3 25 3639 385 3257
6594 2 2 3 25 3197 3639 3257
6595 2 2 3 25 3639 383 384
6596 2 2 3 25 383 3639 3466
6597 2 2 3 25 3197 3730 3639
6598 2 2 3 25 3730 3466 3639
6599 2 2 3 25 436 3640 435
6600 2 2 3 25 3640 436 3577
6601 2 2 3 25 3640 3642 3184
6602 2 2 3 25 3640 3577 3642
6603 2 2 3 25 3108 3514 3566
6604 2 2 3 25 3674 284 285
6605 2 2 3 25 3601 284 3674
6606 2 2 3 25 3601 3674 3625
6607 2 2 3 25 286 3674 285
6608 2 2 3 25 286 3793 3674
6609 2 2 3 25 394 3682 393
6610 2 2 3 25 2426 3444 3458
6611 2 2 3 25 3410 3444 2426
6612 2 2 3 25 2688 3444 3410
6613 2 2 3 25 587 3711 586
6614 2 2 3 25 3711 587 3107
6615 2 2 3 25 3754 3711 3107
6616 2 2 3 25 222 3780 221
6617 2 2 3 25 557 3794 556
6618 2 2 3 25 281 3765 280
6619 2 2 3 25 3404 3569 3281
6620 2 2 3 25 3755 2483 2497
6621 2 2 3 25 2483 3755 2484
6622 2 2 3 25 765 3590 3457
6623 2 2 3 25 3511 3635 3590
6624 2 2 3 25 3635 3457 3590
6625 2 2 3 25 159 160 3672
6626 2 2 3 25 3506 159 3672
6627 2 2 3 25 3195 3592 3398
6628 2 2 3 25 3195 3493 3592
6629 2 2 3 25 200 201 3573
6630 2 2 3 25 2806 3753 3576
6631 2 2 3 25 2835 3651 3361
6632 2 2 3 25 3478 2844 3651
6633 2 2 3 25 3651 2844 3361
6634 2 2 3 25 211 3631 210
6635 2 2 3 25 3631 3536 3637
6636 2 2 3 25 3631 209 210
6637 2 2 3 25 3637 209 3631
6638 2 2 3 25 636 637 2637
6639 2 2 3 25 3015 636 2637
6640 2 2 3 25 3681 3515 2421
6641 2 2 3 25 3777 3681 2421
6642 2 2 3 25 342 3762 341
6643 2 2 3 25 420 421 3569
6644 2 2 3 25 421 3281 3569
6645 2 2 3 25 422 3281 421
6646 2 2 3 25 3676 64 65
6647 2 2 3 25 64 3676 2859
6648 2 2 3 25 3676 3408 2859
6649 2 2 3 25 3735 162 163
6650 2 2 3 25 379 380 3597
6651 2 2 3 25 3279 379 3597
6652 2 2 3 25 552 553 3440
6653 2 2 3 25 553 3081 3440
6654 2 2 3 25 3675 457 458
6655 2 2 3 25 430 431 3587
6656 2 2 3 25 431 3342 3587
6657 2 2 3 25 3710 3348 3234
6658 2 2 3 25 3348 3710 3397
6659 2 2 3 25 3434 3558 2560
6660 2 2 3 25 3558 3434 3331
6661 2 2 3 25 3743 171 172
6662 2 2 3 25 3494 3662 3629
6663 2 2 3 25 3629 3662 3677
6664 2 2 3 25 158 3529 157
6665 2 2 3 25 3529 158 3506
6666 2 2 3 25 3478 3659 3584
6667 2 2 3 25 3584 3659 3654
6668 2 2 3 25 3538 3738 3550
6669 2 2 3 25 2560 3738 3538
6670 2 2 3 25 3738 2560 3558
6671 2 2 3 25 3558 3060 3738
6672 2 2 3 25 3246 3768 3585
6673 2 2 3 25 3768 3246 362
6674 2 2 3 25 160 161 3672
6675 2 2 3 25 161 2662 3672
6676 2 2 3 25 291 292 3275
6677 2 2 3 25 292 2836 3275
6678 2 2 3 25 293 2836 292
6679 2 2 3 25 3183 3572 3633
6680 2 2 3 25 3679 3183 3633
6681 2 2 3 25 3185 3679 3633
6682 2 2 3 25 3633 3572 3589
6683 2 2 3 25 2905 574 3423
6684 2 2 3 25 575 3423 574
6685 2 2 3 25 3313 3464 3423
6686 2 2 3 25 575 3313 3423
6687 2 2 3 25 3423 3464 3456
6688 2 2 3 25 146 147 3599
6689 2 2 3 25 2661 146 3599
6690 2 2 3 25 276 3729 275
6691 2 2 3 25 3729 3314 275
6692 2 2 3 25 2575 3764 2875
6693 2 2 3 25 3764 2575 3036
6694 2 2 3 25 3764 2562 2875
6695 2 2 3 25 3229 3663 2841
6696 2 2 3 25 3663 3372 2841
6697 2 2 3 25 3631 3372 3663
6698 2 2 3 25 2881 242 243
6699 2 2 3 25 3312 3341 3382
6700 2 2 3 25 3766 482 483
6701 2 2 3 25 3493 3766 483
6702 2 2 3 25 3626 2560 2853
6703 2 2 3 25 2560 3626 3434
6704 2 2 3 25 3555 3434 3626
6705 2 2 3 25 396 397 3579
6706 2 2 3 25 397 3523 3579
6707 2 2 3 25 398 3523 397
6708 2 2 3 25 3327 3732 316
6709 2 2 3 25 3732 3327 3596
6710 2 2 3 25 470 471 3571
6711 2 2 3 25 471 3228 3571
6712 2 2 3 25 472 3228 471
6713 2 2 3 25 3770 348 349
6714 2 2 3 25 348 3770 3218
6715 2 2 3 25 3781 3705 3180
6716 2 2 3 25 3705 3781 3522
6717 2 2 3 25 3099 3656 3518
6718 2 2 3 25 3656 3099 3545
6719 2 2 3 25 3545 2775 3656
6720 2 2 3 25 3720 3044 2571
6721 2 2 3 25 508 509 3574
6722 2 2 3 25 509 3507 3574
6723 2 2 3 25 510 3507 509
6724 2 2 3 25 3702 3398 2820
6725 2 2 3 25 3702 3195 3398
6726 2 2 3 25 768 3511 767
6727 2 2 3 25 768 2497 3624
6728 2 2 3 25 3624 3511 768
6729 2 2 3 25 3781 3180 3518
6730 2 2 3 25 3656 3781 3518
6731 2 2 3 25 3557 3781 3567
6732 2 2 3 25 3781 3656 3567
6733 2 2 3 25 2854 3653 3353
6734 2 2 3 25 3617 3653 2854
6735 2 2 3 25 3653 3617 3505
6736 2 2 3 25 3137 2402 3124
6737 2 2 3 25 2953 3124 2402
6738 2 2 3 25 3124 2925 2403
6739 2 2 3 25 3124 2953 2925
6740 2 2 3 25 417 418 3535
6741 2 2 3 25 418 3715 3535
6742 2 2 3 25 480 481 3192
6743 2 2 3 25 3226 480 3192
6744 2 2 3 25 3588 2824 3796
6745 2 2 3 25 3247 3796 2824
6746 2 2 3 25 3796 3277 3588
6747 2 2 3 25 237 238 3607
6748 2 2 3 25 3445 2541 2419
6749 2 2 3 25 3445 2543 2541
6750 2 2 3 25 3445 3777 3021
6751 2 2 3 25 3404 3659 2874
6752 2 2 3 25 3654 3659 3404
6753 2 2 3 25 326 3605 3580
6754 2 2 3 25 3605 3474 3580
6755 2 2 3 25 3492 3250 3220
6756 2 2 3 25 442 3722 441
6757 2 2 3 25 3031 3526 2888
6758 2 2 3 25 3526 3031 2982
6759 2 2 3 25 3136 3526 2982
6760 2 2 3 25 3461 3188 3325
6761 2 2 3 25 3461 3342 3188
6762 2 2 3 25 3188 3342 3583
6763 2 2 3 25 400 3758 399
6764 2 2 3 25 2837 3758 3378
6765 2 2 3 25 400 3378 3758
6766 2 2 3 25 8 208 3582
6767 2 2 3 25 3441 8 3582
6768 2 2 3 25 3441 207 8
6769 2 2 3 25 2803 3204 3330
6770 2 2 3 25 3261 3330 3204
6771 2 2 3 25 3330 3261 3321
6772 2 2 3 25 2790 3247 2824
6773 2 2 3 25 3095 2642 2659
6774 2 2 3 25 2642 3095 3000
6775 2 2 3 25 2668 3095 2659
6776 2 2 3 25 3582 3536 3594
6777 2 2 3 25 3536 3663 3594
6778 2 2 3 25 3559 3594 3229
6779 2 2 3 25 3663 3229 3594
6780 2 2 3 25 3642 3193 3771
6781 2 2 3 25 3526 2576 2840
6782 2 2 3 25 3480 3526 2840
6783 2 2 3 25 3526 3480 2888
6784 2 2 3 25 2826 3703 3231
6785 2 2 3 25 3325 3731 2805
6786 2 2 3 25 3184 3731 3188
6787 2 2 3 25 3184 3771 3731
6788 2 2 3 25 3325 3188 3731
6789 2 2 3 25 3719 3638 3324
6790 2 2 3 25 3433 3514 3388
6791 2 2 3 25 264 3673 263
6792 2 2 3 25 3394 3797 3298
6793 2 2 3 25 3797 561 3298
6794 2 2 3 25 398 399 3758
6795 2 2 3 25 398 3758 3523
6796 2 2 3 25 2860 3695 2528
6797 2 2 3 25 525 3610 524
6798 2 2 3 25 3307 3291 3610
6799 2 2 3 25 3235 3385 3383
6800 2 2 3 25 3058 2439 2631
6801 2 2 3 25 3561 3058 2631
6802 2 2 3 25 3058 2947 2886
6803 2 2 3 25 3058 3561 2947
6804 2 2 3 25 472 473 3211
6805 2 2 3 25 3228 472 3211
6806 2 2 3 25 3503 3431 2433
6807 2 2 3 25 3431 3069 2752
6808 2 2 3 25 3431 2752 3549
6809 2 2 3 25 3431 3503 3069
6810 2 2 3 25 3717 3337 3415
6811 2 2 3 25 2388 2738 2643
6812 2 2 3 25 2746 2440 2643
6813 2 2 3 25 3547 2746 2643
6814 2 2 3 25 2738 3547 2643
6815 2 2 3 25 3468 536 537
6816 2 2 3 25 536 3468 2872
6817 2 2 3 25 3500 3468 537
6818 2 2 3 25 3730 2812 3317
6819 2 2 3 25 2812 3730 3197
6820 2 2 3 25 3466 3730 3317
6821 2 2 3 25 2989 3409 2716
6822 2 2 3 25 3409 3541 2716
6823 2 2 3 25 3541 3409 2762
6824 2 2 3 25 2989 3688 3409
6825 2 2 3 25 277 278 3707
6826 2 2 3 25 3312 2932 3481
6827 2 2 3 25 3341 3481 3297
6828 2 2 3 25 3481 3341 3312
6829 2 2 3 25 2900 3018 2551
6830 2 2 3 25 634 3422 633
6831 2 2 3 25 3422 3373 2605
6832 2 2 3 25 3373 3422 634
6833 2 2 3 25 505 506 3606
6834 2 2 3 25 2857 505 3606
6835 2 2 3 25 255 3315 254
6836 2 2 3 25 2736 3111 2384
6837 2 2 3 25 3111 3566 2473
6838 2 2 3 25 3111 2736 2714
6839 2 2 3 25 3566 3111 2714
6840 2 2 3 25 2639 3754 3117
6841 2 2 3 25 755 756 3284
6842 2 2 3 25 3170 755 3284
6843 2 2 3 25 2627 3079 3743
6844 2 2 3 25 3743 3079 3132
6845 2 2 3 25 3621 3743 3132
6846 2 2 3 25 3775 3329 3379
6847 2 2 3 25 3379 3430 3775
6848 2 2 3 25 3759 2932 2918
6849 2 2 3 25 3481 2932 3759
6850 2 2 3 25 2557 3728 3354
6851 2 2 3 25 2573 3354 3728
6852 2 2 3 25 3248 3793 2794
6853 2 2 3 25 2537 3318 2414
6854 2 2 3 25 3318 2537 2970
6855 2 2 3 25 3318 3352 2414
6856 2 2 3 25 3352 3318 3224
6857 2 2 3 25 2808 3765 2813
6858 2 2 3 25 3765 2808 3210
6859 2 2 3 25 3451 140 141
6860 2 2 3 25 3221 2838 3778
6861 2 2 3 25 3383 3544 3428
6862 2 2 3 25 3135 2442 2635
6863 2 2 3 25 2594 3135 2635
6864 2 2 3 25 3731 3771 3304
6865 2 2 3 25 3741 3214 2815
6866 2 2 3 25 2815 3585 3741
6867 2 2 3 25 2798 3542 3191
6868 2 2 3 25 3542 2823 3191
6869 2 2 3 25 2823 3542 3427
6870 2 2 3 25 3738 3060 3576
6871 2 2 3 25 3753 3738 3576
6872 2 2 3 25 3712 2691 2456
6873 2 2 3 25 3712 3658 2691
6874 2 2 3 25 2711 3769 3170
6875 2 2 3 25 2387 3769 2711
6876 2 2 3 25 2937 3733 2994
6877 2 2 3 25 3733 3047 2510
6878 2 2 3 25 3733 2937 3047
6879 2 2 3 25 2418 3727 2774
6880 2 2 3 25 3724 2512 2411
6881 2 2 3 25 2411 3706 3724
6882 2 2 3 25 2807 3737 2814
6883 2 2 3 25 3619 3737 2807
6884 2 2 3 25 2737 2675 3483
6885 2 2 3 25 3132 3627 2675
6886 2 2 3 25 3627 3483 2675
6887 2 2 3 25 252 3221 251
6888 2 2 3 25 3683 3749 3691
6889 2 2 3 25 3752 2926 2584
6890 2 2 3 25 3412 3752 2584
6891 2 2 3 25 3752 2895 2926
6892 2 2 3 25 3752 3412 3332
6893 2 2 3 25 3773 3539 2454
6894 2 2 3 25 3773 665 666
6895 2 2 3 25 3596 3550 3714
6896 2 2 3 25 3550 3753 3714
6897 2 2 3 25 2509 2754 3047
6898 2 2 3 25 3527 2754 2509
6899 2 2 3 25 2754 3527 2556
6900 2 2 3 25 3047 2754 2510
6901 2 2 3 25 2553 3381 3355
6902 2 2 3 25 2561 2964 3381
6903 2 2 3 25 3381 2964 3355
6904 2 2 3 25 594 3615 593
6905 2 2 3 25 3615 594 3024
6906 2 2 3 25 3367 3615 3024
6907 2 2 3 25 3755 2497 769
6908 2 2 3 25 3792 3711 3754
6909 2 2 3 25 3768 363 364
6910 2 2 3 25 3768 3741 3585
6911 2 2 3 25 3723 2819 2809
6912 2 2 3 25 3333 2819 3723
6913 2 2 3 25 3104 2479 3143
6914 2 2 3 25 3537 2479 3104
6915 2 2 3 25 3715 2999 3319
6916 2 2 3 25 3715 3586 2999
6917 2 2 3 25 3535 3715 3319
6918 2 2 3 25 3591 3586 3715
6919 2 2 3 25 3272 3571 3744
6920 2 2 3 25 2853 3288 3746
6921 2 2 3 25 3626 2853 3746
6922 2 2 3 25 3580 3626 3746
6923 2 2 3 25 2826 3494 3703
6924 2 2 3 25 3046 2786 2510
6925 2 2 3 25 2786 3046 3393
6926 2 2 3 25 3415 2811 3717
6927 2 2 3 25 2874 3370 2999
6928 2 2 3 25 2999 3404 2874
6929 2 2 3 25 3319 2999 3287
6930 2 2 3 25 3287 2999 3370
6931 2 2 3 25 3511 3590 767
6932 2 2 3 25 3726 3241 3212
6933 2 2 3 25 3691 3292 3725
6934 2 2 3 25 3683 3691 3725
6935 2 2 3 25 2454 2702 3774
6936 2 2 3 25 3774 2705 2653
6937 2 2 3 25 2677 3774 2653
6938 2 2 3 25 3335 3716 2921
6939 2 2 3 25 3716 3407 2921
6940 2 2 3 25 3407 3716 2904
6941 2 2 3 25 601 3739 600
6942 2 2 3 25 3391 2809 2819
6943 2 2 3 25 3401 2809 3391
6944 2 2 3 25 3701 2869 2568
6945 2 2 3 25 3473 3701 2568
6946 2 2 3 25 3473 3581 3701
6947 2 2 3 25 3581 3450 3701
6948 2 2 3 25 753 3700 752
6949 2 2 3 25 2718 3537 3371
6950 2 2 3 25 2718 3787 3537
6951 2 2 3 25 3729 3233 3314
6952 2 2 3 25 3233 3729 2793
6953 2 2 3 25 3740 2675 2737
6954 2 2 3 25 3513 647 648
6955 2 2 3 25 3513 648 3562
6956 2 2 3 25 3513 3562 3013
6957 2 2 3 25 2820 3664 2944
6958 2 2 3 25 3664 2820 3398
6959 2 2 3 25 3664 3473 2944
6960 2 2 3 25 411 3718 410
6961 2 2 3 25 3718 2821 2800
6962 2 2 3 25 3718 2800 3200
6963 2 2 3 25 3300 2821 3718
6964 2 2 3 25 411 3300 3718
6965 2 2 3 25 3339 2586 2896
6966 2 2 3 25 2955 2586 3339
6967 2 2 3 25 2626 3339 2896
6968 2 2 3 25 2491 3785 2504
6969 2 2 3 25 3785 2699 2504
6970 2 2 3 25 3618 3464 3285
6971 2 2 3 25 3689 3611 2542
6972 2 2 3 25 2457 2776 3672
6973 2 2 3 25 2874 3659 3772
6974 2 2 3 25 3719 3324 2828
6975 2 2 3 25 3479 3657 2553
6976 2 2 3 25 3479 2565 3657
6977 2 2 3 25 2565 3456 3657
6978 2 2 3 25 3641 3625 3674
6979 2 2 3 25 3734 2741 3035
6980 2 2 3 25 2589 3017 3784
6981 2 2 3 25 2950 2589 3784
6982 2 2 3 25 2956 2647 3784
6983 2 2 3 25 2956 3784 3017
6984 2 2 3 25 3549 3736 3403
6985 2 2 3 25 3442 3736 3549
6986 2 2 3 25 3535 416 417
6987 2 2 3 25 2871 416 3535
6988 2 2 3 25 3001 3658 2655
6989 2 2 3 25 3001 3173 3658
6990 2 2 3 25 404 3751 403
6991 2 2 3 25 404 3389 3751
6992 2 2 3 25 3276 3531 2555
6993 2 2 3 25 3276 3382 3531
6994 2 2 3 25 3579 395 396
6995 2 2 3 25 3441 206 207
6996 2 2 3 25 3362 206 3441
6997 2 2 3 25 3438 577 578
6998 2 2 3 25 3285 577 3438
6999 2 2 3 25 2855 3745 2847
7000 2 2 3 25 2855 3487 3745
7001 2 2 3 25 2865 3154 2557
7002 2 2 3 25 2865 3393 3154
7003 2 2 3 25 3421 3619 3230
7004 2 2 3 25 3621 169 170
7005 2 2 3 25 3682 394 3684
7006 2 2 3 25 3611 2420 3495
7007 2 2 3 25 3689 2420 3611
7008 2 2 3 25 244 2881 243
7009 2 2 3 25 244 2901 2881
7010 2 2 3 25 3746 322 323
7011 2 2 3 25 3288 322 3746
7012 2 2 3 25 321 2862 320
7013 2 2 3 25 3288 2862 321
7014 2 2 3 25 3337 461 462
7015 2 2 3 25 3717 461 3337
7016 2 2 3 25 205 3353 204
7017 2 2 3 25 205 3362 3353
7018 2 2 3 25 693 3129 692
7019 2 2 3 25 693 3598 3129
7020 2 2 3 25 3575 439 440
7021 2 2 3 25 3632 439 3575
7022 2 2 3 25 2816 3242 3395
7023 2 2 3 25 3791 3242 2816
7024 2 2 3 25 3221 250 251
7025 2 2 3 25 3778 250 3221
7026 2 2 3 25 226 3786 225
7027 2 2 3 25 226 3620 3786
7028 2 2 3 25 11 3590 766
7029 2 2 3 25 11 767 3590
7030 2 2 3 25 3683 464 465
7031 2 2 3 25 3725 464 3683
7032 2 2 3 25 3544 3800 3428
7033 2 2 3 25 3249 3802 2790
7034 2 2 3 25 3802 3247 2790
7035 2 2 3 25 2479 3803 2390
7036 2 2 3 25 280 3805 279
7037 2 2 3 25 3210 3805 3765
7038 2 2 3 25 3805 3210 279
7039 2 2 3 25 3805 280 3765
7040 2 2 3 25 3807 3229 2841
7041 2 2 3 25 3807 3633 2573
7042 2 2 3 25 3229 3807 2573
7043 2 2 3 25 3727 3809 2594
7044 2 2 3 25 2747 3809 2532
7045 2 2 3 25 2938 3811 3702
7046 2 2 3 25 3812 2675 3740
7047 2 2 3 25 3816 259 260
7048 2 2 3 25 3254 3816 260
7049 2 2 3 25 2937 3817 2507
7050 2 2 3 25 3482 3818 2926
7051 2 2 3 25 3820 3769 2387
7052 2 2 3 25 3593 3821 3488
7053 2 2 3 25 3821 3593 492
7054 2 2 3 25 3821 3332 3488
7055 2 2 3 25 3543 3823 2708
7056 2 2 3 25 3592 3824 3450
7057 2 2 3 25 3824 3592 3493
7058 2 2 3 25 3824 485 3450
7059 2 2 3 25 3794 3826 2595
7060 2 2 3 25 2784 3827 3451
7061 2 2 3 25 3827 2784 89
7062 2 2 3 25 3827 140 3451
7063 2 2 3 25 259 3829 258
7064 2 2 3 25 3829 259 3816
7065 2 2 3 25 3830 2389 2499
7066 2 2 3 25 2548 3832 3806
7067 2 2 3 25 3495 3833 2559
7068 2 2 3 25 3833 3772 2559
7069 2 2 3 25 3833 3495 2420
7070 2 2 3 25 3834 3348 3397
7071 2 2 3 25 3724 3834 3397
7072 2 2 3 25 2671 3835 2702
7073 2 2 3 25 3774 3835 2705
7074 2 2 3 25 3835 3774 2702
7075 2 2 3 25 3835 2671 2705
7076 2 2 3 25 3836 320 2862
7077 2 2 3 25 3836 3463 319
7078 2 2 3 25 3463 3836 2862
7079 2 2 3 25 320 3836 319
7080 2 2 3 25 3672 3837 2457
7081 2 2 3 25 3757 3837 2662
7082 2 2 3 25 3837 3757 2457
7083 2 2 3 25 3837 3672 2662
7084 2 2 3 25 2908 3838 3443
7085 2 2 3 25 3839 3278 3491
7086 2 2 3 25 3616 3840 3572
7087 2 2 3 25 3089 3841 2419
7088 2 2 3 25 3841 3445 2419
7089 2 2 3 25 3753 3842 3714
7090 2 2 3 25 3842 3753 2806
7091 2 2 3 25 2533 3843 2945
7092 2 2 3 25 3843 3779 2945
7093 2 2 3 25 3375 3845 2825
7094 2 2 3 25 3744 3845 3638
7095 2 2 3 25 3845 3744 2825
7096 2 2 3 25 3846 654 655
7097 2 2 3 25 2947 3846 655
7098 2 2 3 25 3847 3455 3076
7099 2 2 3 25 3851 2907 2533
7100 2 2 3 25 3851 2979 3266
7101 2 2 3 25 2979 3851 2533
7102 2 2 3 25 2907 3851 3266
7103 2 2 3 25 3852 759 2470
7104 2 2 3 25 2735 3852 2470
7105 2 2 3 25 626 3854 2928
7106 2 2 3 25 3855 3773 2454
7107 2 2 3 25 3774 3855 2454
7108 2 2 3 25 3151 3856 2636
7109 2 2 3 25 3514 3856 3566
7110 2 2 3 25 3856 3151 3566
7111 2 2 3 25 3857 2663 2961
7112 2 2 3 25 3857 3014 629
7113 2 2 3 25 3014 3857 2961
7114 2 2 3 25 3858 3744 3638
7115 2 2 3 25 3744 3858 3272
7116 2 2 3 25 3719 3858 3638
7117 2 2 3 25 3863 2637 2628
7118 2 2 3 25 2637 3863 2929
7119 2 2 3 25 3864 3782 3811
7120 2 2 3 25 3782 3864 3244
7121 2 2 3 25 3865 3248 3392
7122 2 2 3 25 3757 3866 2457
7123 2 2 3 25 3868 3583 434
7124 2 2 3 25 3868 3640 3184
7125 2 2 3 25 3583 3868 3184
7126 2 2 3 25 344 3869 343
7127 2 2 3 25 3869 344 3723
7128 2 2 3 25 266 3872 265
7129 2 2 3 25 3872 266 3306
7130 2 2 3 25 3873 3295 3203
7131 2 2 3 25 2488 3875 3143
7132 2 2 3 25 3875 2488 3409
7133 2 2 3 25 2549 3876 2536
7134 2 2 3 25 3876 2549 2551
7135 2 2 3 25 3878 241 242
7136 2 2 3 25 241 3878 3295
7137 2 2 3 25 3005 3879 2441
7138 2 2 3 25 3879 3483 2441
7139 2 2 3 25 2538 3883 3374
7140 2 2 3 25 2684 3885 3108
7141 2 2 3 25 3885 3514 3108
7142 2 2 3 25 3888 2747 2532
7143 2 2 3 25 3890 3743 172
7144 2 2 3 25 3743 3890 2627
7145 2 2 3 25 3894 2394 2481
7146 2 2 3 25 3895 753 754
7147 2 2 3 25 753 3895 3700
7148 2 2 3 25 3897 3645 2787
7149 2 2 3 25 3898 3791 2816
7150 2 2 3 25 3727 3899 2774
7151 2 2 3 25 3455 3900 3560
7152 2 2 3 25 3900 3455 176
7153 2 2 3 25 3686 3901 3186
7154 2 2 3 25 3902 3759 3564
7155 2 2 3 25 3903 2549 2536
7156 2 2 3 25 3553 3903 2536
7157 2 2 3 25 542 3907 541
7158 2 2 3 25 3907 542 2914
7159 2 2 3 25 3908 3667 3763
7160 2 2 3 25 3909 540 541
7161 2 2 3 25 540 3909 3040
7162 2 2 3 25 3691 3913 2828
7163 2 2 3 25 3913 3719 2828
7164 2 2 3 25 3913 3691 3749
7165 2 2 3 25 3254 3914 3816
7166 2 2 3 25 3916 3406 185
7167 2 2 3 25 3917 66 2861
7168 2 2 3 25 3917 2625 3676
7169 2 2 3 25 2625 3917 2861
7170 2 2 3 25 630 3857 629
7171 2 2 3 25 630 2663 3857
7172 2 2 3 25 3809 2430 2594
7173 2 2 3 25 2747 2430 3809
7174 2 2 3 25 2881 3878 242
7175 2 2 3 25 3815 3061 2655
7176 2 2 3 25 3133 3061 3815
7177 2 2 3 25 3795 3904 330
7178 2 2 3 25 3915 3892 2453
7179 2 2 3 25 175 3847 174
7180 2 2 3 25 175 3455 3847
7181 2 2 3 25 3564 2872 3902
7182 2 2 3 25 3491 3293 3839
7183 2 2 3 25 3867 589 590
7184 2 2 3 25 3274 589 3867
7185 2 2 3 25 3320 3838 2908
7186 2 2 3 25 3320 3296 3838
7187 2 2 3 25 3324 3638 3889
7188 2 2 3 25 3658 3815 2655
7189 2 2 3 25 3658 3712 3815
7190 2 2 3 25 3858 3799 3272
7191 2 2 3 25 3719 3799 3858
7192 2 2 3 25 3907 3909 541
7193 2 2 3 25 3774 2677 3855
7194 2 2 3 25 221 3891 220
7195 2 2 3 25 221 3780 3891
7196 2 2 3 25 3828 3870 3199
7197 2 2 3 25 3917 65 66
7198 2 2 3 25 3676 65 3917
7199 2 2 3 25 3740 3801 3812
7200 2 2 3 25 435 3868 434
7201 2 2 3 25 435 3640 3868
7202 2 2 3 25 298 3871 297
7203 2 2 3 25 298 3709 3871
7204 2 2 3 25 186 3916 185
7205 2 2 3 25 3185 3807 2841
7206 2 2 3 25 3185 3633 3807
7207 2 2 3 25 3700 3820 3059
7208 2 2 3 25 3895 3820 3700
7209 2 2 3 25 3895 3769 3820
7210 2 2 3 25 3224 3804 3260
7211 2 2 3 25 3224 3318 3804
7212 2 2 3 25 3809 2418 2532
7213 2 2 3 25 3727 2418 3809
7214 2 2 3 25 3910 3907 2914
7215 2 2 3 25 3818 2584 2926
7216 2 2 3 25 3680 2584 3818
7217 2 2 3 25 173 3890 172
7218 2 2 3 25 3850 584 585
7219 2 2 3 25 453 3802 452
7220 2 2 3 25 453 3247 3802
7221 2 2 3 25 3877 3791 3898
7222 2 2 3 25 3913 3799 3719
7223 2 2 3 25 3749 3799 3913
7224 2 2 3 25 3880 339 340
7225 2 2 3 25 3636 339 3880
7226 2 2 3 25 3856 3433 2636
7227 2 2 3 25 3514 3433 3856
7228 2 2 3 25 627 3854 626
7229 2 2 3 25 5 3827 89
7230 2 2 3 25 5 140 3827
7231 2 2 3 25 3800 3311 3428
7232 2 2 3 25 493 3821 492
7233 2 2 3 25 493 3332 3821
7234 2 2 3 25 3798 3596 3714
7235 2 2 3 25 3732 3596 3798
7236 2 2 3 25 177 3900 176
7237 2 2 3 25 3829 3293 258
7238 2 2 3 25 3886 3343 3328
7239 2 2 3 25 3540 3343 3886
7240 2 2 3 25 3537 3803 2479
7241 2 2 3 25 3537 3787 3803
7242 2 2 3 25 2421 3810 3021
7243 2 2 3 25 3860 249 3778
7244 2 2 3 25 3860 3819 3363
7245 2 2 3 25 3891 3840 3616
7246 2 2 3 25 3852 758 759
7247 2 2 3 25 3829 3816 3914
7248 2 2 3 25 2907 3843 2533
7249 2 2 3 25 3877 3684 3791
7250 2 2 3 25 3891 3780 3840
7251 2 2 3 25 3893 189 190
7252 2 2 3 25 179 3887 178
7253 2 2 3 25 3014 627 628
7254 2 2 3 25 3489 3886 3328
7255 2 2 3 25 2842 3819 2919
7256 2 2 3 25 3819 2842 3363
7257 2 2 3 25 3684 3877 3682
7258 2 2 3 25 758 3852 2742
7259 2 2 3 25 3698 3852 2735
7260 2 2 3 25 3698 2742 3852
7261 2 2 3 25 619 620 3882
7262 2 2 3 25 3100 619 3882
7263 2 2 3 25 249 3860 248
7264 2 2 3 25 3860 3363 248
7265 2 2 3 25 3865 2797 3248
7266 2 2 3 25 2797 3865 3245
7267 2 2 3 25 3808 3193 3575
7268 2 2 3 25 3771 3193 3808
7269 2 2 3 25 3808 3575 3696
7270 2 2 3 25 3690 2554 2880
7271 2 2 3 25 2554 3690 3449
7272 2 2 3 25 467 468 3799
7273 2 2 3 25 3749 467 3799
7274 2 2 3 25 468 469 3799
7275 2 2 3 25 469 3272 3799
7276 2 2 3 25 484 485 3824
7277 2 2 3 25 3493 484 3824
7278 2 2 3 25 164 165 3801
7279 2 2 3 25 315 3732 3798
7280 2 2 3 25 2737 3866 3740
7281 2 2 3 25 3866 3757 3740
7282 2 2 3 25 3247 454 3796
7283 2 2 3 25 3796 454 455
7284 2 2 3 25 3825 522 523
7285 2 2 3 25 3733 2510 2822
7286 2 2 3 25 2786 2822 2510
7287 2 2 3 25 2786 3520 2822
7288 2 2 3 25 2822 2923 3733
7289 2 2 3 25 3831 3356 2749
7290 2 2 3 25 3356 3831 3469
7291 2 2 3 25 3792 3850 3711
7292 2 2 3 25 2661 3885 2684
7293 2 2 3 25 3885 2661 3388
7294 2 2 3 25 3514 3885 3388
7295 2 2 3 25 3516 187 188
7296 2 2 3 25 3759 3896 3481
7297 2 2 3 25 3759 3902 3896
7298 2 2 3 25 3860 3778 3819
7299 2 2 3 25 3912 2587 2543
7300 2 2 3 25 3245 3646 3779
7301 2 2 3 25 3779 3646 3628
7302 2 2 3 25 3618 3497 3623
7303 2 2 3 25 3684 394 395
7304 2 2 3 25 3684 395 3579
7305 2 2 3 25 3579 3791 3684
7306 2 2 3 25 3735 163 164
7307 2 2 3 25 3757 3735 3740
7308 2 2 3 25 3801 3740 3735
7309 2 2 3 25 3735 164 3801
7310 2 2 3 25 3707 276 277
7311 2 2 3 25 3729 3707 2793
7312 2 2 3 25 3729 276 3707
7313 2 2 3 25 608 3716 607
7314 2 2 3 25 3880 340 341
7315 2 2 3 25 341 3762 3880
7316 2 2 3 25 432 433 3342
7317 2 2 3 25 433 3583 3342
7318 2 2 3 25 3898 3489 2814
7319 2 2 3 25 2814 3877 3898
7320 2 2 3 25 3009 3742 3595
7321 2 2 3 25 754 755 3170
7322 2 2 3 25 3769 754 3170
7323 2 2 3 25 754 3769 3895
7324 2 2 3 25 3661 3121 3403
7325 2 2 3 25 3661 3449 3121
7326 2 2 3 25 3806 2555 2548
7327 2 2 3 25 3359 3750 2607
7328 2 2 3 25 551 3440 3750
7329 2 2 3 25 381 382 3603
7330 2 2 3 25 382 3466 3603
7331 2 2 3 25 3483 3787 2718
7332 2 2 3 25 3483 3879 3787
7333 2 2 3 25 3841 3777 3445
7334 2 2 3 25 3089 2540 3841
7335 2 2 3 25 3681 3841 2540
7336 2 2 3 25 3841 3681 3777
7337 2 2 3 25 3800 3544 3881
7338 2 2 3 25 3474 3605 3519
7339 2 2 3 25 222 223 3780
7340 2 2 3 25 3751 402 403
7341 2 2 3 25 402 3751 3767
7342 2 2 3 25 3767 3751 3250
7343 2 2 3 25 3747 2522 3020
7344 2 2 3 25 3747 2542 2522
7345 2 2 3 25 3689 2542 3747
7346 2 2 3 25 3122 2421 2946
7347 2 2 3 25 2584 3680 3122
7348 2 2 3 25 3334 3452 3311
7349 2 2 3 25 3760 3747 3020
7350 2 2 3 25 3254 3271 3914
7351 2 2 3 25 3670 2517 3677
7352 2 2 3 25 3670 3662 2521
7353 2 2 3 25 3677 3662 3670
7354 2 2 3 25 3283 3911 2525
7355 2 2 3 25 3911 3432 2525
7356 2 2 3 25 3213 3911 3283
7357 2 2 3 25 3415 3292 3270
7358 2 2 3 25 3292 3415 3725
7359 2 2 3 25 3415 3337 3725
7360 2 2 3 25 2992 3502 3906
7361 2 2 3 25 2860 3906 3695
7362 2 2 3 25 3502 3695 3906
7363 2 2 3 25 3871 296 297
7364 2 2 3 25 296 3187 2856
7365 2 2 3 25 296 3871 3187
7366 2 2 3 25 296 2856 295
7367 2 2 3 25 3667 2957 3887
7368 2 2 3 25 3087 2440 2439
7369 2 2 3 25 2439 3058 3087
7370 2 2 3 25 3058 3048 3087
7371 2 2 3 25 3217 3220 3751
7372 2 2 3 25 3751 3389 3217
7373 2 2 3 25 3250 3751 3220
7374 2 2 3 25 2551 3896 2900
7375 2 2 3 25 2551 3297 3896
7376 2 2 3 25 3481 3896 3297
7377 2 2 3 25 2985 3540 3886
7378 2 2 3 25 62 3761 3693
7379 2 2 3 25 3050 3761 2941
7380 2 2 3 25 3693 3761 3050
7381 2 2 3 25 3894 2481 750
7382 2 2 3 25 751 3894 750
7383 2 2 3 25 3380 3892 3052
7384 2 2 3 25 3892 3915 3052
7385 2 2 3 25 2528 3883 2860
7386 2 2 3 25 3883 2985 2860
7387 2 2 3 25 3426 3374 3883
7388 2 2 3 25 3426 3883 2528
7389 2 2 3 25 2801 3904 2818
7390 2 2 3 25 2801 3519 3904
7391 2 2 3 25 3904 3795 2818
7392 2 2 3 25 2593 3100 3882
7393 2 2 3 25 3094 2593 3882
7394 2 2 3 25 2611 3094 3882
7395 2 2 3 25 3882 3144 2611
7396 2 2 3 25 3741 3768 3604
7397 2 2 3 25 3768 364 3604
7398 2 2 3 25 365 3604 364
7399 2 2 3 25 2995 3040 3909
7400 2 2 3 25 2995 3909 2868
7401 2 2 3 25 3909 3910 2868
7402 2 2 3 25 3909 3907 3910
7403 2 2 3 25 2571 2556 3861
7404 2 2 3 25 3274 3867 3117
7405 2 2 3 25 3867 3742 3117
7406 2 2 3 25 3533 3878 2881
7407 2 2 3 25 3878 3533 3203
7408 2 2 3 25 3295 3878 3203
7409 2 2 3 25 2945 3817 2533
7410 2 2 3 25 2937 2994 3817
7411 2 2 3 25 2994 2533 3817
7412 2 2 3 25 3910 2914 2600
7413 2 2 3 25 2600 3065 3910
7414 2 2 3 25 3910 2986 2868
7415 2 2 3 25 3910 3065 2986
7416 2 2 3 25 2726 2457 3866
7417 2 2 3 25 3866 3371 2726
7418 2 2 3 25 2737 2718 3866
7419 2 2 3 25 2718 3371 3866
7420 2 2 3 25 3544 3814 3881
7421 2 2 3 25 273 274 3314
7422 2 2 3 25 3268 273 3314
7423 2 2 3 25 2530 3874 3194
7424 2 2 3 25 3665 3874 2530
7425 2 2 3 25 3187 3874 3665
7426 2 2 3 25 3527 3652 2556
7427 2 2 3 25 3899 2740 2761
7428 2 2 3 25 3899 2761 3072
7429 2 2 3 25 3072 2781 3899
7430 2 2 3 25 3899 2781 2774
7431 2 2 3 25 3863 2628 2708
7432 2 2 3 25 3823 3863 2708
7433 2 2 3 25 2578 3118 3908
7434 2 2 3 25 3264 2578 3908
7435 2 2 3 25 3903 3341 2549
7436 2 2 3 25 3903 3531 3382
7437 2 2 3 25 3382 3341 3903
7438 2 2 3 25 3531 3903 3553
7439 2 2 3 25 3589 3697 3196
7440 2 2 3 25 3589 3572 3697
7441 2 2 3 25 3840 3697 3572
7442 2 2 3 25 3843 2907 2535
7443 2 2 3 25 3779 3843 2535
7444 2 2 3 25 3853 3615 3595
7445 2 2 3 25 3853 3595 3742
7446 2 2 3 25 3742 3867 3853
7447 2 2 3 25 3052 3915 2387
7448 2 2 3 25 3059 3915 3097
7449 2 2 3 25 3820 3915 3059
7450 2 2 3 25 3915 3820 2387
7451 2 2 3 25 3915 2453 3097
7452 2 2 3 25 3392 3316 3865
7453 2 2 3 25 3646 3245 3865
7454 2 2 3 25 2551 3018 3876
7455 2 2 3 25 2534 2536 3876
7456 2 2 3 25 3888 3876 3018
7457 2 2 3 25 2534 3876 2532
7458 2 2 3 25 3876 3888 2532
7459 2 2 3 25 3069 2928 3854
7460 2 2 3 25 3014 3012 3854
7461 2 2 3 25 627 3014 3854
7462 2 2 3 25 3854 3012 3069
7463 2 2 3 25 3556 3864 2938
7464 2 2 3 25 3811 2938 3864
7465 2 2 3 25 3244 3864 3375
7466 2 2 3 25 3864 3556 3282
7467 2 2 3 25 3282 3375 3864
7468 2 2 3 25 3873 3203 3310
7469 2 2 3 25 390 3619 389
7470 2 2 3 25 390 3737 3619
7471 2 2 3 25 3421 389 3619
7472 2 2 3 25 3035 3688 3063
7473 2 2 3 25 3688 3035 3447
7474 2 2 3 25 3063 3688 2989
7475 2 2 3 25 3329 3416 3335
7476 2 2 3 25 3416 3329 3775
7477 2 2 3 25 771 3602 2500
7478 2 2 3 25 772 3602 771
7479 2 2 3 25 3602 2775 2500
7480 2 2 3 25 2809 3869 3723
7481 2 2 3 25 255 256 3491
7482 2 2 3 25 3315 255 3491
7483 2 2 3 25 3803 3849 2390
7484 2 2 3 25 3238 3905 3413
7485 2 2 3 25 3690 2562 3764
7486 2 2 3 25 3690 3764 3121
7487 2 2 3 25 3449 3690 3121
7488 2 2 3 25 3475 3408 2625
7489 2 2 3 25 3408 3475 2408
7490 2 2 3 25 3408 2408 3501
7491 2 2 3 25 3889 3282 2949
7492 2 2 3 25 3822 2577 2984
7493 2 2 3 25 2570 3822 2984
7494 2 2 3 25 3589 3354 2573
7495 2 2 3 25 2573 3633 3589
7496 2 2 3 25 3354 3589 3196
7497 2 2 3 25 3643 270 271
7498 2 2 3 25 270 3643 3237
7499 2 2 3 25 3643 3204 3237
7500 2 2 3 25 2747 3496 2430
7501 2 2 3 25 3018 2747 3888
7502 2 2 3 25 3855 664 665
7503 2 2 3 25 3855 665 3773
7504 2 2 3 25 2677 664 3855
7505 2 2 3 25 3218 3470 2819
7506 2 2 3 25 2819 3470 3391
7507 2 2 3 25 3644 3470 3218
7508 2 2 3 25 3470 3399 3391
7509 2 2 3 25 2478 154 155
7510 2 2 3 25 3157 154 2478
7511 2 2 3 25 3802 451 452
7512 2 2 3 25 3249 451 3802
7513 2 2 3 25 3227 3446 2829
7514 2 2 3 25 3227 3484 3446
7515 2 2 3 25 3782 3499 3811
7516 2 2 3 25 3743 170 171
7517 2 2 3 25 3621 170 3743
7518 2 2 3 25 3859 3808 3696
7519 2 2 3 25 3848 3808 3859
7520 2 2 3 25 299 3709 298
7521 2 2 3 25 3667 179 180
7522 2 2 3 25 3887 179 3667
7523 2 2 3 25 3798 314 315
7524 2 2 3 25 3711 585 586
7525 2 2 3 25 3850 585 3711
7526 2 2 3 25 347 3333 346
7527 2 2 3 25 347 3218 3333
7528 2 2 3 25 3918 3334 3311
7529 2 2 3 25 3183 3920 3609
7530 2 2 3 25 3848 3921 3216
7531 2 2 3 25 3922 3822 2570
7532 2 2 3 25 3925 2564 3417
7533 2 2 3 25 3335 3927 3716
7534 2 2 3 25 3927 3335 3416
7535 2 2 3 25 3927 607 3716
7536 2 2 3 25 565 3928 564
7537 2 2 3 25 3532 3931 3316
7538 2 2 3 25 3865 3931 3646
7539 2 2 3 25 3931 3865 3316
7540 2 2 3 25 3931 3532 3646
7541 2 2 3 25 3560 3932 2957
7542 2 2 3 25 3932 3887 2957
7543 2 2 3 25 3933 3610 3291
7544 2 2 3 25 3934 751 752
7545 2 2 3 25 3700 3934 752
7546 2 2 3 25 751 3934 3894
7547 2 2 3 25 3937 526 2830
7548 2 2 3 25 3937 3307 3610
7549 2 2 3 25 3307 3937 2830
7550 2 2 3 25 3156 3938 47
7551 2 2 3 25 3938 3156 3133
7552 2 2 3 25 621 3942 620
7553 2 2 3 25 3882 3942 3144
7554 2 2 3 25 3942 3882 620
7555 2 2 3 25 3942 621 3144
7556 2 2 3 25 3787 3944 3803
7557 2 2 3 25 3944 3849 3803
7558 2 2 3 25 3945 3375 3282
7559 2 2 3 25 3889 3945 3282
7560 2 2 3 25 3375 3945 3845
7561 2 2 3 25 3306 3948 3872
7562 2 2 3 25 3948 3306 3565
7563 2 2 3 25 3073 3949 2420
7564 2 2 3 25 3833 3949 3772
7565 2 2 3 25 3949 3833 2420
7566 2 2 3 25 355 3950 354
7567 2 2 3 25 3703 3950 3231
7568 2 2 3 25 3950 3703 354
7569 2 2 3 25 3950 355 3231
7570 2 2 3 25 3512 3952 2875
7571 2 2 3 25 3953 2688 3410
7572 2 2 3 25 3454 3953 3410
7573 2 2 3 25 2688 3953 3472
7574 2 2 3 25 3850 3954 3935
7575 2 2 3 25 3954 3850 3792
7576 2 2 3 25 3006 3955 2949
7577 2 2 3 25 3955 3889 2949
7578 2 2 3 25 479 3957 478
7579 2 2 3 25 3957 479 3226
7580 2 2 3 25 3961 3869 2809
7581 2 2 3 25 3869 3961 3762
7582 2 2 3 25 3962 3881 3814
7583 2 2 3 25 335 3963 334
7584 2 2 3 25 3896 3967 2900
7585 2 2 3 25 3967 3486 2900
7586 2 2 3 25 169 3968 168
7587 2 2 3 25 3968 169 3621
7588 2 2 3 25 3304 3969 2795
7589 2 2 3 25 59 3971 2619
7590 2 2 3 25 3971 2582 2619
7591 2 2 3 25 3873 3978 3930
7592 2 2 3 25 3978 3873 3310
7593 2 2 3 25 3675 3979 2833
7594 2 2 3 25 508 3981 507
7595 2 2 3 25 3981 508 3574
7596 2 2 3 25 3982 3898 2816
7597 2 2 3 25 2424 3983 2986
7598 2 2 3 25 3983 2424 3496
7599 2 2 3 25 3984 3267 2804
7600 2 2 3 25 3986 3741 3604
7601 2 2 3 25 3988 2936 3689
7602 2 2 3 25 2936 3988 2834
7603 2 2 3 25 3989 2391 2394
7604 2 2 3 25 3894 3989 2394
7605 2 2 3 25 2884 2834 3988
7606 2 2 3 25 3414 3984 2845
7607 2 2 3 25 3414 3267 3984
7608 2 2 3 25 3958 2962 2607
7609 2 2 3 25 3560 3900 3932
7610 2 2 3 25 3952 611 612
7611 2 2 3 25 3512 611 3952
7612 2 2 3 25 3966 3517 3509
7613 2 2 3 25 3938 46 47
7614 2 2 3 25 218 3920 217
7615 2 2 3 25 218 3609 3920
7616 2 2 3 25 393 3975 392
7617 2 2 3 25 393 3682 3975
7618 2 2 3 25 3963 3206 334
7619 2 2 3 25 2874 3949 3073
7620 2 2 3 25 2874 3772 3949
7621 2 2 3 25 3505 3922 3653
7622 2 2 3 25 3505 3822 3922
7623 2 2 3 25 3848 3859 3921
7624 2 2 3 25 3896 3902 3967
7625 2 2 3 25 3945 3638 3845
7626 2 2 3 25 3889 3638 3945
7627 2 2 3 25 3956 228 229
7628 2 2 3 25 3918 447 448
7629 2 2 3 25 449 3918 448
7630 2 2 3 25 449 3334 3918
7631 2 2 3 25 3921 3962 3216
7632 2 2 3 25 3921 3881 3962
7633 2 2 3 25 60 3971 59
7634 2 2 3 25 3965 694 695
7635 2 2 3 25 3598 694 3965
7636 2 2 3 25 696 3965 695
7637 2 2 3 25 696 2753 3965
7638 2 2 3 25 3969 3216 2795
7639 2 2 3 25 3848 3216 3969
7640 2 2 3 25 3621 3132 3968
7641 2 2 3 25 3679 3920 3183
7642 2 2 3 25 3925 2839 2564
7643 2 2 3 25 3935 584 3850
7644 2 2 3 25 3933 524 3610
7645 2 2 3 25 3905 3930 3978
7646 2 2 3 25 3771 3969 3304
7647 2 2 3 25 3872 3948 3941
7648 2 2 3 25 3679 3929 3920
7649 2 2 3 25 3867 590 591
7650 2 2 3 25 592 3853 591
7651 2 2 3 25 3867 591 3853
7652 2 2 3 25 3943 336 337
7653 2 2 3 25 3810 2421 3122
7654 2 2 3 25 3680 3810 3122
7655 2 2 3 25 524 3933 523
7656 2 2 3 25 3933 3825 523
7657 2 2 3 25 689 690 3923
7658 2 2 3 25 3685 3928 565
7659 2 2 3 25 606 607 3927
7660 2 2 3 25 3416 606 3927
7661 2 2 3 25 525 526 3937
7662 2 2 3 25 3610 525 3937
7663 2 2 3 25 282 283 3964
7664 2 2 3 25 283 3601 3964
7665 2 2 3 25 584 3935 583
7666 2 2 3 25 3947 3886 3489
7667 2 2 3 25 3831 2411 3469
7668 2 2 3 25 3706 2411 3831
7669 2 2 3 25 521 522 3919
7670 2 2 3 25 522 3825 3919
7671 2 2 3 25 191 3924 190
7672 2 2 3 25 190 3924 3893
7673 2 2 3 25 3936 3880 3762
7674 2 2 3 25 3961 3936 3762
7675 2 2 3 25 264 265 3673
7676 2 2 3 25 3673 265 3872
7677 2 2 3 25 188 189 3516
7678 2 2 3 25 189 3893 3516
7679 2 2 3 25 3969 3771 3808
7680 2 2 3 25 3848 3969 3808
7681 2 2 3 25 3900 177 178
7682 2 2 3 25 178 3887 3900
7683 2 2 3 25 3887 3932 3900
7684 2 2 3 25 3972 192 193
7685 2 2 3 25 3926 3911 3213
7686 2 2 3 25 3839 3293 3829
7687 2 2 3 25 3829 3914 3839
7688 2 2 3 25 3417 3973 3925
7689 2 2 3 25 495 496 3752
7690 2 2 3 25 496 2895 3752
7691 2 2 3 25 2931 51 2647
7692 2 2 3 25 52 2647 51
7693 2 2 3 25 2931 50 51
7694 2 2 3 25 3447 3104 3875
7695 2 2 3 25 3875 3688 3447
7696 2 2 3 25 3143 3875 3104
7697 2 2 3 25 3688 3875 3409
7698 2 2 3 25 3671 3870 3828
7699 2 2 3 25 2845 3299 371
7700 2 2 3 25 370 371 3299
7701 2 2 3 25 304 3790 303
7702 2 2 3 25 2839 3925 3685
7703 2 2 3 25 3928 3685 3925
7704 2 2 3 25 3819 3813 2919
7705 2 2 3 25 216 3929 215
7706 2 2 3 25 214 215 3929
7707 2 2 3 25 3929 3185 3222
7708 2 2 3 25 3679 3185 3929
7709 2 2 3 25 3222 214 3929
7710 2 2 3 25 3697 3897 2787
7711 2 2 3 25 3897 3697 3840
7712 2 2 3 25 200 3573 199
7713 2 2 3 25 199 3573 3668
7714 2 2 3 25 2570 3668 3573
7715 2 2 3 25 3869 342 343
7716 2 2 3 25 3869 3762 342
7717 2 2 3 25 550 551 3750
7718 2 2 3 25 3359 550 3750
7719 2 2 3 25 3291 3825 3933
7720 2 2 3 25 653 654 3846
7721 2 2 3 25 3561 3846 2947
7722 2 2 3 25 3128 653 3846
7723 2 2 3 25 3846 3561 3128
7724 2 2 3 25 3963 335 336
7725 2 2 3 25 336 3943 3963
7726 2 2 3 25 3401 2910 3980
7727 2 2 3 25 3234 3980 2910
7728 2 2 3 25 2954 3980 3234
7729 2 2 3 25 3978 3413 3905
7730 2 2 3 25 197 3970 196
7731 2 2 3 25 2639 2431 3987
7732 2 2 3 25 3975 3682 3877
7733 2 2 3 25 3737 3975 2814
7734 2 2 3 25 3975 3877 2814
7735 2 2 3 25 3974 3828 3199
7736 2 2 3 25 3862 3974 3199
7737 2 2 3 25 3862 3790 3974
7738 2 2 3 25 2895 497 3482
7739 2 2 3 25 3164 3482 498
7740 2 2 3 25 497 498 3482
7741 2 2 3 25 3965 2753 2397
7742 2 2 3 25 2397 3131 3965
7743 2 2 3 25 3131 2768 3965
7744 2 2 3 25 3598 3965 2768
7745 2 2 3 25 3299 2845 3984
7746 2 2 3 25 2524 3984 2804
7747 2 2 3 25 168 3968 167
7748 2 2 3 25 3132 2675 3968
7749 2 2 3 25 2675 3812 3968
7750 2 2 3 25 3964 3419 2813
7751 2 2 3 25 3964 2813 3765
7752 2 2 3 25 3964 3625 3419
7753 2 2 3 25 3601 3625 3964
7754 2 2 3 25 3801 165 166
7755 2 2 3 25 3812 3801 166
7756 2 2 3 25 3345 3962 2514
7757 2 2 3 25 3962 3345 3216
7758 2 2 3 25 3154 3976 2557
7759 2 2 3 25 3976 3728 2557
7760 2 2 3 25 3872 3941 3673
7761 2 2 3 25 3941 3647 3673
7762 2 2 3 25 3960 3385 2539
7763 2 2 3 25 3446 3963 2829
7764 2 2 3 25 3206 3963 3446
7765 2 2 3 25 3981 506 507
7766 2 2 3 25 3981 3606 506
7767 2 2 3 25 3606 3981 3241
7768 2 2 3 25 3241 3981 3212
7769 2 2 3 25 3981 3574 3251
7770 2 2 3 25 3981 3251 3212
7771 2 2 3 25 3958 2428 2962
7772 2 2 3 25 3979 3717 2811
7773 2 2 3 25 592 593 3615
7774 2 2 3 25 3853 592 3615
7775 2 2 3 25 2897 2986 3983
7776 2 2 3 25 2897 3983 2900
7777 2 2 3 25 2900 3983 3018
7778 2 2 3 25 3983 3496 2747
7779 2 2 3 25 3018 3983 2747
7780 2 2 3 25 3988 3600 2884
7781 2 2 3 25 3600 3988 3400
7782 2 2 3 25 3760 3400 3988
7783 2 2 3 25 3689 3747 3988
7784 2 2 3 25 3747 3760 3988
7785 2 2 3 25 2809 3401 3961
7786 2 2 3 25 3985 3553 2958
7787 2 2 3 25 2513 3520 3225
7788 2 2 3 25 2513 3320 3520
7789 2 2 3 25 3548 3520 2786
7790 2 2 3 25 3320 2908 3520
7791 2 2 3 25 3225 3520 3548
7792 2 2 3 25 3948 3565 3205
7793 2 2 3 25 3492 3982 2816
7794 2 2 3 25 3492 3517 3982
7795 2 2 3 25 3982 3517 3966
7796 2 2 3 25 3943 2829 3963
7797 2 2 3 25 2627 3890 3076
7798 2 2 3 25 3890 3847 3076
7799 2 2 3 25 613 3952 612
7800 2 2 3 25 3957 3280 477
7801 2 2 3 25 3280 3957 3351
7802 2 2 3 25 478 3957 477
7803 2 2 3 25 3957 3782 3351
7804 2 2 3 25 3353 203 204
7805 2 2 3 25 3225 3939 2513
7806 2 2 3 25 3238 2513 3939
7807 2 2 3 25 3920 216 217
7808 2 2 3 25 3929 216 3920
7809 2 2 3 25 3951 500 501
7810 2 2 3 25 3238 3939 3940
7811 2 2 3 25 167 3812 166
7812 2 2 3 25 167 3968 3812
7813 2 2 3 25 3847 173 174
7814 2 2 3 25 3890 173 3847
7815 2 2 3 25 3990 3494 3570
7816 2 2 3 25 3494 3990 3703
7817 2 2 3 25 3991 2575 2875
7818 2 2 3 25 3952 3991 2875
7819 2 2 3 25 3873 3994 3295
7820 2 2 3 25 3994 3873 3607
7821 2 2 3 25 197 3995 3970
7822 2 2 3 25 307 3996 3198
7823 2 2 3 25 3186 3996 3578
7824 2 2 3 25 3997 3519 3605
7825 2 2 3 25 4 3999 60
7826 2 2 3 25 2582 3999 2909
7827 2 2 3 25 3999 4 2909
7828 2 2 3 25 4000 3840 3780
7829 2 2 3 25 3840 4000 3897
7830 2 2 3 25 4001 3936 3961
7831 2 2 3 25 2741 4002 3447
7832 2 2 3 25 4002 3104 3447
7833 2 2 3 25 4002 2741 3371
7834 2 2 3 25 4003 2556 3652
7835 2 2 3 25 2556 4003 3861
7836 2 2 3 25 4004 3940 3939
7837 2 2 3 25 3940 4004 3844
7838 2 2 3 25 3616 4005 3891
7839 2 2 3 25 4005 3616 3609
7840 2 2 3 25 3212 4006 3726
7841 2 2 3 25 3190 4007 3225
7842 2 2 3 25 4007 3939 3225
7843 2 2 3 25 687 4008 686
7844 2 2 3 25 4008 3142 686
7845 2 2 3 25 3898 4009 3489
7846 2 2 3 25 4009 3947 3489
7847 2 2 3 25 4009 3898 3982
7848 2 2 3 25 4012 3543 2443
7849 2 2 3 25 4013 281 282
7850 2 2 3 25 4013 3964 3765
7851 2 2 3 25 3964 4013 282
7852 2 2 3 25 281 4013 3765
7853 2 2 3 25 3750 4014 2607
7854 2 2 3 25 4014 3958 2607
7855 2 2 3 25 3943 4015 2829
7856 2 2 3 25 4020 2799 2539
7857 2 2 3 25 2799 4020 3270
7858 2 2 3 25 4022 3544 3383
7859 2 2 3 25 3544 4022 3814
7860 2 2 3 25 3979 4023 2833
7861 2 2 3 25 4023 3979 2811
7862 2 2 3 25 4024 3353 3653
7863 2 2 3 25 3874 4026 3194
7864 2 2 3 25 4027 2570 2984
7865 2 2 3 25 2570 4027 3668
7866 2 2 3 25 53 4030 52
7867 2 2 3 25 2647 4030 3784
7868 2 2 3 25 4030 2647 52
7869 2 2 3 25 4030 53 3784
7870 2 2 3 25 3974 4032 3828
7871 2 2 3 25 4032 3974 3198
7872 2 2 3 25 4032 3186 3828
7873 2 2 3 25 2951 4035 77
7874 2 2 3 25 4035 2951 3471
7875 2 2 3 25 4037 3291 2555
7876 2 2 3 25 3291 4037 3825
7877 2 2 3 25 4040 595 596
7878 2 2 3 25 595 4040 3024
7879 2 2 3 25 4045 151 152
7880 2 2 3 25 4047 3402 3554
7881 2 2 3 25 3349 4047 3554
7882 2 2 3 25 153 4048 152
7883 2 2 3 25 4048 153 3157
7884 2 2 3 25 3533 4049 3310
7885 2 2 3 25 4057 3299 3360
7886 2 2 3 25 3962 4060 2514
7887 2 2 3 25 3960 4063 4010
7888 2 2 3 25 3713 4065 4055
7889 2 2 3 25 692 4042 691
7890 2 2 3 25 692 3129 4042
7891 2 2 3 25 4002 3537 3104
7892 2 2 3 25 3371 3537 4002
7893 2 2 3 25 4032 3996 3186
7894 2 2 3 25 3198 3996 4032
7895 2 2 3 25 3190 2787 4007
7896 2 2 3 25 4059 301 302
7897 2 2 3 25 3995 3668 4027
7898 2 2 3 25 4049 3296 3310
7899 2 2 3 25 4011 2491 2463
7900 2 2 3 25 3785 2491 4011
7901 2 2 3 25 4065 3449 3661
7902 2 2 3 25 3713 3449 4065
7903 2 2 3 25 517 4050 516
7904 2 2 3 25 4037 3919 3825
7905 2 2 3 25 4050 515 516
7906 2 2 3 25 2930 515 4050
7907 2 2 3 25 4048 4045 152
7908 2 2 3 25 4028 3810 3680
7909 2 2 3 25 3385 4022 3383
7910 2 2 3 25 3385 3960 4022
7911 2 2 3 25 4026 4029 3194
7912 2 2 3 25 4042 690 691
7913 2 2 3 25 3923 690 4042
7914 2 2 3 25 4009 3966 3947
7915 2 2 3 25 3982 3966 4009
7916 2 2 3 25 3999 3971 60
7917 2 2 3 25 2582 3971 3999
7918 2 2 3 25 3884 4046 3232
7919 2 2 3 25 3884 3985 4046
7920 2 2 3 25 367 4021 366
7921 2 2 3 25 4035 76 77
7922 2 2 3 25 3487 4035 3471
7923 2 2 3 25 198 3995 197
7924 2 2 3 25 198 3668 3995
7925 2 2 3 25 4022 4010 3814
7926 2 2 3 25 3960 4010 4022
7927 2 2 3 25 4063 2539 2878
7928 2 2 3 25 3960 2539 4063
7929 2 2 3 25 4005 218 219
7930 2 2 3 25 3609 218 4005
7931 2 2 3 25 3401 4001 3961
7932 2 2 3 25 3401 3980 4001
7933 2 2 3 25 613 3991 3952
7934 2 2 3 25 3997 3904 3519
7935 2 2 3 25 4011 3923 3785
7936 2 2 3 25 4024 203 3353
7937 2 2 3 25 4001 4034 3936
7938 2 2 3 25 4017 3734 4025
7939 2 2 3 25 3814 4060 3962
7940 2 2 3 25 3570 3992 3990
7941 2 2 3 25 203 4024 202
7942 2 2 3 25 307 308 3996
7943 2 2 3 25 308 3578 3996
7944 2 2 3 25 4060 3814 4010
7945 2 2 3 25 3142 4008 2463
7946 2 2 3 25 613 614 3991
7947 2 2 3 25 2575 3991 2848
7948 2 2 3 25 614 2848 3991
7949 2 2 3 25 3195 3499 3192
7950 2 2 3 25 3499 3226 3192
7951 2 2 3 25 3702 3499 3195
7952 2 2 3 25 3811 3499 3702
7953 2 2 3 25 2757 4017 3157
7954 2 2 3 25 4017 2757 3734
7955 2 2 3 25 4017 4048 3157
7956 2 2 3 25 352 353 3990
7957 2 2 3 25 353 3703 3990
7958 2 2 3 25 354 3703 353
7959 2 2 3 25 219 220 4005
7960 2 2 3 25 220 3891 4005
7961 2 2 3 25 4049 2901 2842
7962 2 2 3 25 2901 4049 3533
7963 2 2 3 25 2919 4049 2842
7964 2 2 3 25 4016 3467 2922
7965 2 2 3 25 239 240 3994
7966 2 2 3 25 240 3295 3994
7967 2 2 3 25 3553 3832 2548
7968 2 2 3 25 3832 3553 3985
7969 2 2 3 25 3985 3884 3832
7970 2 2 3 25 4038 3862 3199
7971 2 2 3 25 3880 3936 3636
7972 2 2 3 25 3936 4034 3636
7973 2 2 3 25 4015 3943 3636
7974 2 2 3 25 4034 4015 3636
7975 2 2 3 25 3973 3928 3925
7976 2 2 3 25 3997 328 329
7977 2 2 3 25 330 3904 329
7978 2 2 3 25 329 3904 3997
7979 2 2 3 25 238 239 3994
7980 2 2 3 25 3607 238 3994
7981 2 2 3 25 327 328 3997
7982 2 2 3 25 3605 327 3997
7983 2 2 3 25 3443 3977 2923
7984 2 2 3 25 4001 3980 2954
7985 2 2 3 25 3993 4001 2954
7986 2 2 3 25 3923 4011 689
7987 2 2 3 25 4011 688 689
7988 2 2 3 25 305 306 3198
7989 2 2 3 25 391 392 3737
7990 2 2 3 25 392 3975 3737
7991 2 2 3 25 3793 3248 3641
7992 2 2 3 25 3674 3793 3641
7993 2 2 3 25 4057 369 370
7994 2 2 3 25 4057 368 369
7995 2 2 3 25 4057 370 3299
7996 2 2 3 25 4036 368 4057
7997 2 2 3 25 3390 2794 289
7998 2 2 3 25 288 289 2794
7999 2 2 3 25 3202 3607 3930
8000 2 2 3 25 3607 3873 3930
8001 2 2 3 25 500 3951 499
8002 2 2 3 25 3951 3164 499
8003 2 2 3 25 3468 3666 2872
8004 2 2 3 25 3902 2872 3666
8005 2 2 3 25 3486 3967 3666
8006 2 2 3 25 3967 3902 3666
8007 2 2 3 25 2952 3045 2640
8008 2 2 3 25 3369 2952 2640
8009 2 2 3 25 3369 2640 3168
8010 2 2 3 25 2494 2453 4064
8011 2 2 3 25 3892 4064 2453
8012 2 2 3 25 4064 3708 2709
8013 2 2 3 25 2685 2494 4064
8014 2 2 3 25 4064 3892 3708
8015 2 2 3 25 3134 4051 2749
8016 2 2 3 25 3346 3348 4054
8017 2 2 3 25 4039 4059 4038
8018 2 2 3 25 3396 3694 2988
8019 2 2 3 25 3365 4063 2878
8020 2 2 3 25 4063 3068 3093
8021 2 2 3 25 4063 3365 3068
8022 2 2 3 25 4025 3063 2888
8023 2 2 3 25 2888 3521 4025
8024 2 2 3 25 3035 3063 4025
8025 2 2 3 25 3734 3035 4025
8026 2 2 3 25 4042 3129 2699
8027 2 2 3 25 3785 4042 2699
8028 2 2 3 25 4042 3785 3923
8029 2 2 3 25 2924 4058 2524
8030 2 2 3 25 2924 3374 4058
8031 2 2 3 25 3445 3021 4052
8032 2 2 3 25 3445 4052 2543
8033 2 2 3 25 4052 3912 2543
8034 2 2 3 25 3946 2992 3906
8035 2 2 3 25 3947 3966 3946
8036 2 2 3 25 3264 4043 2578
8037 2 2 3 25 4031 2578 4043
8038 2 2 3 25 3360 2791 4036
8039 2 2 3 25 4036 4057 3360
8040 2 2 3 25 4041 3706 3831
8041 2 2 3 25 3831 2749 4041
8042 2 2 3 25 441 3722 440
8043 2 2 3 25 3722 3696 3575
8044 2 2 3 25 440 3722 3575
8045 2 2 3 25 3644 3992 3570
8046 2 2 3 25 351 3992 350
8047 2 2 3 25 3992 3644 3770
8048 2 2 3 25 3946 3906 2860
8049 2 2 3 25 366 4021 365
8050 2 2 3 25 3604 365 4021
8051 2 2 3 25 4045 4025 3521
8052 2 2 3 25 4025 4045 4017
8053 2 2 3 25 4017 4045 4048
8054 2 2 3 25 3788 3956 230
8055 2 2 3 25 3788 3844 3956
8056 2 2 3 25 3956 229 230
8057 2 2 3 25 3189 3956 3844
8058 2 2 3 25 2758 2389 3830
8059 2 2 3 25 2758 3830 2679
8060 2 2 3 25 2545 4053 2547
8061 2 2 3 25 2539 3385 4023
8062 2 2 3 25 4023 4020 2539
8063 2 2 3 25 3235 4023 3385
8064 2 2 3 25 3235 2833 4023
8065 2 2 3 25 3021 3810 4028
8066 2 2 3 25 3118 2578 4031
8067 2 2 3 25 4060 2889 2514
8068 2 2 3 25 4060 3093 2889
8069 2 2 3 25 4063 3093 4060
8070 2 2 3 25 4060 4010 4063
8071 2 2 3 25 3926 3213 3271
8072 2 2 3 25 3926 3647 3941
8073 2 2 3 25 3986 4021 2791
8074 2 2 3 25 4021 4036 2791
8075 2 2 3 25 3604 4021 3986
8076 2 2 3 25 3669 4029 2915
8077 2 2 3 25 3532 3194 4029
8078 2 2 3 25 4029 3669 3532
8079 2 2 3 25 596 597 4040
8080 2 2 3 25 597 2965 4040
8081 2 2 3 25 3024 4040 3367
8082 2 2 3 25 3367 4040 2955
8083 2 2 3 25 3793 286 287
8084 2 2 3 25 314 4033 313
8085 2 2 3 25 4033 314 3798
8086 2 2 3 25 4033 3798 3714
8087 2 2 3 25 2586 2955 4062
8088 2 2 3 25 3366 2586 4062
8089 2 2 3 25 2965 3377 4062
8090 2 2 3 25 3989 2785 2391
8091 2 2 3 25 2785 3989 3700
8092 2 2 3 25 3989 3934 3700
8093 2 2 3 25 3989 3894 3934
8094 2 2 3 25 2640 4012 2709
8095 2 2 3 25 4015 3227 2829
8096 2 2 3 25 4015 3993 3227
8097 2 2 3 25 3993 4015 4001
8098 2 2 3 25 4015 4034 4001
8099 2 2 3 25 350 3770 349
8100 2 2 3 25 350 3992 3770
8101 2 2 3 25 4020 2811 3270
8102 2 2 3 25 4023 2811 4020
8103 2 2 3 25 4043 4066 4031
8104 2 2 3 25 2985 4070 2860
8105 2 2 3 25 4070 3946 2860
8106 2 2 3 25 4070 2985 3886
8107 2 2 3 25 4072 305 3198
8108 2 2 3 25 4072 3974 3790
8109 2 2 3 25 3974 4072 3198
8110 2 2 3 25 4073 4059 4039
8111 2 2 3 25 4059 4073 301
8112 2 2 3 25 4075 4041 2749
8113 2 2 3 25 4051 4075 2749
8114 2 2 3 25 4041 4075 4067
8115 2 2 3 25 4078 75 76
8116 2 2 3 25 4079 3509 2992
8117 2 2 3 25 4079 3946 3966
8118 2 2 3 25 3946 4079 2992
8119 2 2 3 25 3509 4079 3966
8120 2 2 3 25 4049 4080 3296
8121 2 2 3 25 4080 4049 2919
8122 2 2 3 25 4054 4082 3346
8123 2 2 3 25 4028 4084 3021
8124 2 2 3 25 4084 4052 3021
8125 2 2 3 25 3656 4085 3567
8126 2 2 3 25 4086 3713 4055
8127 2 2 3 25 2436 4086 4055
8128 2 2 3 25 4087 2519 3085
8129 2 2 3 25 4087 4041 4067
8130 2 2 3 25 4091 4040 2965
8131 2 2 3 25 4091 4062 2955
8132 2 2 3 25 4062 4091 2965
8133 2 2 3 25 4040 4091 2955
8134 2 2 3 25 4093 3360 3299
8135 2 2 3 25 3984 4093 3299
8136 2 2 3 25 4094 287 288
8137 2 2 3 25 4094 2794 3793
8138 2 2 3 25 2794 4094 288
8139 2 2 3 25 287 4094 3793
8140 2 2 3 25 4018 4095 3813
8141 2 2 3 25 4096 2538 3289
8142 2 2 3 25 4096 2985 3883
8143 2 2 3 25 2538 4096 3883
8144 2 2 3 25 4097 4016 4066
8145 2 2 3 25 4043 4097 4066
8146 2 2 3 25 4099 4031 4066
8147 2 2 3 25 4065 4101 2429
8148 2 2 3 25 201 4104 3573
8149 2 2 3 25 3499 4105 3226
8150 2 2 3 25 3957 4105 3782
8151 2 2 3 25 4105 3957 3226
8152 2 2 3 25 4105 3499 3782
8153 2 2 3 25 3892 4107 3708
8154 2 2 3 25 4107 3892 3380
8155 2 2 3 25 583 4108 582
8156 2 2 3 25 4108 583 3935
8157 2 2 3 25 4110 303 3790
8158 2 2 3 25 4113 3270 3292
8159 2 2 3 25 3270 4113 2799
8160 2 2 3 25 3958 4114 2428
8161 2 2 3 25 3926 4116 3911
8162 2 2 3 25 2685 4118 2443
8163 2 2 3 25 4118 4012 2443
8164 2 2 3 25 223 4119 3780
8165 2 2 3 25 3739 4121 600
8166 2 2 3 25 2945 4124 3817
8167 2 2 3 25 4050 4125 2930
8168 2 2 3 25 4096 3540 2985
8169 2 2 3 25 3289 3540 4096
8170 2 2 3 25 3292 2828 4113
8171 2 2 3 25 4121 599 600
8172 2 2 3 25 3377 599 4121
8173 2 2 3 25 2765 4085 3322
8174 2 2 3 25 2765 3567 4085
8175 2 2 3 25 4112 3623 3524
8176 2 2 3 25 4120 2529 2915
8177 2 2 3 25 3678 2529 4120
8178 2 2 3 25 4122 3694 3396
8179 2 2 3 25 3497 3694 4122
8180 2 2 3 25 4085 2775 3602
8181 2 2 3 25 3656 2775 4085
8182 2 2 3 25 3678 4124 2945
8183 2 2 3 25 3678 3660 4124
8184 2 2 3 25 3741 3986 4126
8185 2 2 3 25 4115 3696 3722
8186 2 2 3 25 3941 4116 3926
8187 2 2 3 25 3941 3948 4116
8188 2 2 3 25 3998 4109 3954
8189 2 2 3 25 4109 4122 3396
8190 2 2 3 25 4095 2919 3813
8191 2 2 3 25 224 4119 223
8192 2 2 3 25 4095 4080 2919
8193 2 2 3 25 4071 3813 2838
8194 2 2 3 25 4018 3813 4071
8195 2 2 3 25 4072 304 305
8196 2 2 3 25 3790 304 4072
8197 2 2 3 25 3893 4092 3516
8198 2 2 3 25 3947 4070 3886
8199 2 2 3 25 3947 3946 4070
8200 2 2 3 25 4016 2922 4066
8201 2 2 3 25 4068 3311 3800
8202 2 2 3 25 4077 4095 4018
8203 2 2 3 25 4076 4051 3485
8204 2 2 3 25 442 4115 3722
8205 2 2 3 25 4074 3 37
8206 2 2 3 25 3 4074 3705
8207 2 2 3 25 303 4110 302
8208 2 2 3 25 4110 4059 302
8209 2 2 3 25 3259 4102 3251
8210 2 2 3 25 3201 232 233
8211 2 2 3 25 3972 4106 3924
8212 2 2 3 25 4106 3893 3924
8213 2 2 3 25 4102 3212 3251
8214 2 2 3 25 4104 201 202
8215 2 2 3 25 202 4024 4104
8216 2 2 3 25 2626 4086 2436
8217 2 2 3 25 2896 4086 2626
8218 2 2 3 25 2864 2554 4086
8219 2 2 3 25 3713 4086 2554
8220 2 2 3 25 4086 2896 2864
8221 2 2 3 25 75 4078 3402
8222 2 2 3 25 4078 2855 3402
8223 2 2 3 25 233 234 3201
8224 2 2 3 25 290 3275 3390
8225 2 2 3 25 291 3275 290
8226 2 2 3 25 289 290 3390
8227 2 2 3 25 368 4036 367
8228 2 2 3 25 4021 367 4036
8229 2 2 3 25 4101 3403 3736
8230 2 2 3 25 3661 3403 4101
8231 2 2 3 25 3661 4101 4065
8232 2 2 3 25 3754 2639 3998
8233 2 2 3 25 3998 2639 3987
8234 2 2 3 25 3792 3754 3998
8235 2 2 3 25 3792 3998 3954
8236 2 2 3 25 4090 3998 3987
8237 2 2 3 25 300 301 4073
8238 2 2 3 25 150 3521 7
8239 2 2 3 25 7 3521 3480
8240 2 2 3 25 4122 3524 3497
8241 2 2 3 25 3524 4122 4090
8242 2 2 3 25 3406 3916 3264
8243 2 2 3 25 4007 2787 4004
8244 2 2 3 25 3939 4007 4004
8245 2 2 3 25 3708 3168 2709
8246 2 2 3 25 3442 3168 3708
8247 2 2 3 25 3442 3708 3736
8248 2 2 3 25 4084 4028 4061
8249 2 2 3 25 224 225 3786
8250 2 2 3 25 4012 2640 3823
8251 2 2 3 25 2640 3045 3823
8252 2 2 3 25 3045 3863 3823
8253 2 2 3 25 3543 4012 3823
8254 2 2 3 25 3826 3794 3721
8255 2 2 3 25 3377 4121 4062
8256 2 2 3 25 4121 3739 3366
8257 2 2 3 25 4121 3366 4062
8258 2 2 3 25 3259 4069 3232
8259 2 2 3 25 3694 3438 2988
8260 2 2 3 25 3694 3285 3438
8261 2 2 3 25 3694 3618 3285
8262 2 2 3 25 3694 3497 3618
8263 2 2 3 25 4035 4078 76
8264 2 2 3 25 2855 4035 3487
8265 2 2 3 25 2855 4078 4035
8266 2 2 3 25 444 445 4081
8267 2 2 3 25 74 4047 73
8268 2 2 3 25 73 4047 3465
8269 2 2 3 25 74 3402 4047
8270 2 2 3 25 3465 4047 3349
8271 2 2 3 25 3705 4074 3180
8272 2 2 3 25 3660 2519 4124
8273 2 2 3 25 3817 4124 2507
8274 2 2 3 25 4097 4106 4016
8275 2 2 3 25 4119 3786 3645
8276 2 2 3 25 4119 224 3786
8277 2 2 3 25 3645 3897 4119
8278 2 2 3 25 4000 4119 3897
8279 2 2 3 25 4119 4000 3780
8280 2 2 3 25 4104 2570 3573
8281 2 2 3 25 3922 4104 3653
8282 2 2 3 25 4104 4024 3653
8283 2 2 3 25 4104 3922 2570
8284 2 2 3 25 4039 4026 3709
8285 2 2 3 25 4014 3016 3958
8286 2 2 3 25 4014 3081 3016
8287 2 2 3 25 4014 3750 3440
8288 2 2 3 25 3440 3081 4014
8289 2 2 3 25 4123 2545 2423
8290 2 2 3 25 2423 2740 4123
8291 2 2 3 25 2613 2561 4123
8292 2 2 3 25 4109 3998 4090
8293 2 2 3 25 4122 4109 4090
8294 2 2 3 25 4110 3790 3862
8295 2 2 3 25 4038 4110 3862
8296 2 2 3 25 4038 4059 4110
8297 2 2 3 25 4019 2555 3806
8298 2 2 3 25 4019 4037 2555
8299 2 2 3 25 4019 3919 4037
8300 2 2 3 25 4054 3348 3834
8301 2 2 3 25 4008 687 688
8302 2 2 3 25 4008 688 4011
8303 2 2 3 25 4008 4011 2463
8304 2 2 3 25 4108 4109 3396
8305 2 2 3 25 4108 3935 3954
8306 2 2 3 25 4109 4108 3954
8307 2 2 3 25 3278 3308 4098
8308 2 2 3 25 4018 4071 4098
8309 2 2 3 25 3741 4126 3214
8310 2 2 3 25 3660 3678 4120
8311 2 2 3 25 4114 3135 2428
8312 2 2 3 25 2442 3135 4114
8313 2 2 3 25 2930 4125 2885
8314 2 2 3 25 4125 3884 3232
8315 2 2 3 25 4044 3016 2595
8316 2 2 3 25 3958 3016 4044
8317 2 2 3 25 4114 3958 4044
8318 2 2 3 25 3283 2525 3368
8319 2 2 3 25 517 518 4056
8320 2 2 3 25 517 4056 4050
8321 2 2 3 25 518 3448 4056
8322 2 2 3 25 3602 772 4085
8323 2 2 3 25 4085 772 3322
8324 2 2 3 25 2787 3645 4100
8325 2 2 3 25 4100 4004 2787
8326 2 2 3 25 4100 3189 3844
8327 2 2 3 25 4100 3844 4004
8328 2 2 3 25 2796 4116 3205
8329 2 2 3 25 2796 3432 4116
8330 2 2 3 25 3205 4116 3948
8331 2 2 3 25 3911 4116 3432
8332 2 2 3 25 4089 3800 3881
8333 2 2 3 25 4089 3881 3921
8334 2 2 3 25 4068 3800 4089
8335 2 2 3 25 4089 3921 3859
8336 2 2 3 25 4117 2761 2423
8337 2 2 3 25 2425 4117 2423
8338 2 2 3 25 4068 3918 3311
8339 2 2 3 25 2442 3655 3149
8340 2 2 3 25 2442 3699 3655
8341 2 2 3 25 3944 3879 3005
8342 2 2 3 25 3787 3879 3944
8343 2 2 3 25 228 3956 3189
8344 2 2 3 25 192 3924 191
8345 2 2 3 25 192 3972 3924
8346 2 2 3 25 3322 10 773
8347 2 2 3 25 772 10 3322
8348 2 2 3 25 4127 4125 3232
8349 2 2 3 25 4125 4127 2885
8350 2 2 3 25 4069 4127 3232
8351 2 2 3 25 4128 3970 4111
8352 2 2 3 25 4123 4129 2545
8353 2 2 3 25 4129 4123 2561
8354 2 2 3 25 4130 4106 3972
8355 2 2 3 25 4130 4111 3467
8356 2 2 3 25 4133 3318 2970
8357 2 2 3 25 4133 4120 3804
8358 2 2 3 25 3318 4133 3804
8359 2 2 3 25 4134 447 3918
8360 2 2 3 25 4068 4134 3918
8361 2 2 3 25 4061 4135 4084
8362 2 2 3 25 4136 3979 3675
8363 2 2 3 25 4098 4137 3278
8364 2 2 3 25 3315 4137 2867
8365 2 2 3 25 2500 4138 771
8366 2 2 3 25 4138 2500 3755
8367 2 2 3 25 4138 770 771
8368 2 2 3 25 4140 2729 2686
8369 2 2 3 25 2729 4140 2784
8370 2 2 3 25 4044 4141 4114
8371 2 2 3 25 3232 4143 3259
8372 2 2 3 25 4143 4102 3259
8373 2 2 3 25 4143 3232 4046
8374 2 2 3 25 2507 4144 2509
8375 2 2 3 25 3507 4145 3259
8376 2 2 3 25 4145 4069 3259
8377 2 2 3 25 4146 4111 4130
8378 2 2 3 25 3972 4146 4130
8379 2 2 3 25 4031 4148 3118
8380 2 2 3 25 3786 4149 3645
8381 2 2 3 25 4149 4100 3645
8382 2 2 3 25 4149 3786 3620
8383 2 2 3 25 4124 4151 2507
8384 2 2 3 25 4151 4124 2519
8385 2 2 3 25 4152 44 45
8386 2 2 3 25 4154 2906 3214
8387 2 2 3 25 4126 4154 3214
8388 2 2 3 25 3253 4156 2791
8389 2 2 3 25 4157 2984 3467
8390 2 2 3 25 4111 4157 3467
8391 2 2 3 25 4161 3253 4058
8392 2 2 3 25 4162 4019 3806
8393 2 2 3 25 4164 3724 3706
8394 2 2 3 25 3724 4164 3834
8395 2 2 3 25 3072 4165 4142
8396 2 2 3 25 4166 3721 559
8397 2 2 3 25 4168 4077 4018
8398 2 2 3 25 4170 3134 2743
8399 2 2 3 25 3134 4170 4051
8400 2 2 3 25 4026 4172 4029
8401 2 2 3 25 4117 4175 4171
8402 2 2 3 25 4175 4055 4171
8403 2 2 3 25 4177 3368 2525
8404 2 2 3 25 4178 3484 3227
8405 2 2 3 25 4180 4026 4039
8406 2 2 3 25 4038 4180 4039
8407 2 2 3 25 3838 4181 3443
8408 2 2 3 25 4074 4182 3180
8409 2 2 3 25 4183 3652 3527
8410 2 2 3 25 3652 4183 4163
8411 2 2 3 25 4185 769 12
8412 2 2 3 25 769 4185 3755
8413 2 2 3 25 770 4185 12
8414 2 2 3 25 231 4187 3788
8415 2 2 3 25 4187 231 232
8416 2 2 3 25 4188 3797 3394
8417 2 2 3 25 4191 4123 2740
8418 2 2 3 25 4123 4191 2613
8419 2 2 3 25 4193 3482 3164
8420 2 2 3 25 3482 4193 3818
8421 2 2 3 25 4194 4053 2545
8422 2 2 3 25 560 4166 559
8423 2 2 3 25 560 3797 4166
8424 2 2 3 25 4128 194 195
8425 2 2 3 25 4098 4071 4137
8426 2 2 3 25 3189 4149 3620
8427 2 2 3 25 3189 4100 4149
8428 2 2 3 25 2657 4167 2781
8429 2 2 3 25 4165 4117 4171
8430 2 2 3 25 4156 3986 2791
8431 2 2 3 25 4126 3986 4156
8432 2 2 3 25 4134 446 447
8433 2 2 3 25 4087 4151 2519
8434 2 2 3 25 3201 4187 232
8435 2 2 3 25 4181 3977 3443
8436 2 2 3 25 4077 3977 4181
8437 2 2 3 25 4095 4077 4181
8438 2 2 3 25 4129 4194 2545
8439 2 2 3 25 4129 4112 4194
8440 2 2 3 25 3283 4131 3213
8441 2 2 3 25 3283 3368 4131
8442 2 2 3 25 4162 3448 4019
8443 2 2 3 25 4056 3448 4162
8444 2 2 3 25 4144 3527 2509
8445 2 2 3 25 4138 4185 770
8446 2 2 3 25 4138 3755 4185
8447 2 2 3 25 2761 4165 3072
8448 2 2 3 25 2761 4117 4165
8449 2 2 3 25 4168 4098 3308
8450 2 2 3 25 4018 4098 4168
8451 2 2 3 25 4136 3717 3979
8452 2 2 3 25 4188 4166 3797
8453 2 2 3 25 2906 4154 4176
8454 2 2 3 25 4180 4172 4026
8455 2 2 3 25 4179 2561 3381
8456 2 2 3 25 2561 4179 4129
8457 2 2 3 25 4179 4112 4129
8458 2 2 3 25 4177 3977 3368
8459 2 2 3 25 3977 4177 2923
8460 2 2 3 25 4092 3893 4106
8461 2 2 3 25 4092 4106 4097
8462 2 2 3 25 4139 4061 4028
8463 2 2 3 25 4076 4075 4051
8464 2 2 3 25 4067 4075 4076
8465 2 2 3 25 4194 3524 4090
8466 2 2 3 25 3524 4194 4112
8467 2 2 3 25 4012 4118 2709
8468 2 2 3 25 4118 4064 2709
8469 2 2 3 25 4064 4118 2685
8470 2 2 3 25 2429 4171 4065
8471 2 2 3 25 4171 4055 4065
8472 2 2 3 25 4181 3838 3296
8473 2 2 3 25 4080 4181 3296
8474 2 2 3 25 4181 4080 4095
8475 2 2 3 25 458 459 4136
8476 2 2 3 25 3675 458 4136
8477 2 2 3 25 86 87 4140
8478 2 2 3 25 2686 86 4140
8479 2 2 3 25 4157 4027 2984
8480 2 2 3 25 3995 4157 3970
8481 2 2 3 25 4111 3970 4157
8482 2 2 3 25 3995 4027 4157
8483 2 2 3 25 3721 4188 3826
8484 2 2 3 25 3721 4166 4188
8485 2 2 3 25 4172 4038 3199
8486 2 2 3 25 4180 4038 4172
8487 2 2 3 25 3278 4131 3308
8488 2 2 3 25 3278 3839 4131
8489 2 2 3 25 41 4088 40
8490 2 2 3 25 4125 4174 3884
8491 2 2 3 25 87 88 4140
8492 2 2 3 25 88 2784 4140
8493 2 2 3 25 4099 3720 2571
8494 2 2 3 25 3861 4099 2571
8495 2 2 3 25 2922 3720 4099
8496 2 2 3 25 4066 2922 4099
8497 2 2 3 25 4175 2550 2436
8498 2 2 3 25 4175 2425 2550
8499 2 2 3 25 4055 4175 2436
8500 2 2 3 25 4117 2425 4175
8501 2 2 3 25 511 4145 510
8502 2 2 3 25 4145 3507 510
8503 2 2 3 25 4136 459 460
8504 2 2 3 25 460 3717 4136
8505 2 2 3 25 4088 4147 4182
8506 2 2 3 25 3380 2429 4107
8507 2 2 3 25 4101 4107 2429
8508 2 2 3 25 3736 4107 4101
8509 2 2 3 25 3736 3708 4107
8510 2 2 3 25 193 4146 3972
8511 2 2 3 25 4146 193 194
8512 2 2 3 25 4146 194 4128
8513 2 2 3 25 4146 4128 4111
8514 2 2 3 25 446 4134 445
8515 2 2 3 25 2414 4190 2537
8516 2 2 3 25 4190 4054 3834
8517 2 2 3 25 3844 3788 4187
8518 2 2 3 25 3940 3844 4187
8519 2 2 3 25 4134 4081 445
8520 2 2 3 25 4081 4068 4089
8521 2 2 3 25 4081 4134 4068
8522 2 2 3 25 2979 4177 2525
8523 2 2 3 25 2979 2994 4177
8524 2 2 3 25 3733 4177 2994
8525 2 2 3 25 4177 3733 2923
8526 2 2 3 25 3908 3704 3264
8527 2 2 3 25 3406 3264 3704
8528 2 2 3 25 3763 3704 3908
8529 2 2 3 25 4170 2743 2679
8530 2 2 3 25 4051 4170 3485
8531 2 2 3 25 4170 3959 3485
8532 2 2 3 25 2679 3830 4170
8533 2 2 3 25 3959 4170 3830
8534 2 2 3 25 4163 2390 3849
8535 2 2 3 25 2390 4163 3959
8536 2 2 3 25 4163 3849 3652
8537 2 2 3 25 3485 3959 4163
8538 2 2 3 25 4176 2527 2882
8539 2 2 3 25 2882 3424 4176
8540 2 2 3 25 3424 2906 4176
8541 2 2 3 25 4171 2429 3062
8542 2 2 3 25 4182 4147 4083
8543 2 2 3 25 4073 299 300
8544 2 2 3 25 299 4073 3709
8545 2 2 3 25 4039 3709 4073
8546 2 2 3 25 3652 3849 4003
8547 2 2 3 25 4003 3849 3944
8548 2 2 3 25 4092 4150 3516
8549 2 2 3 25 4097 4043 4150
8550 2 2 3 25 4150 4092 4097
8551 2 2 3 25 3993 4178 3227
8552 2 2 3 25 4178 3993 2954
8553 2 2 3 25 2954 3346 4178
8554 2 2 3 25 4082 4178 3346
8555 2 2 3 25 3159 3630 3005
8556 2 2 3 25 4174 3806 3832
8557 2 2 3 25 4174 4162 3806
8558 2 2 3 25 4174 3832 3884
8559 2 2 3 25 4152 3938 3133
8560 2 2 3 25 4152 46 3938
8561 2 2 3 25 4152 45 46
8562 2 2 3 25 3085 2537 4153
8563 2 2 3 25 4153 4087 3085
8564 2 2 3 25 4067 4151 4087
8565 2 2 3 25 4076 4151 4067
8566 2 2 3 25 3861 4003 4148
8567 2 2 3 25 351 3990 3992
8568 2 2 3 25 3990 351 352
8569 2 2 3 25 4184 4120 2915
8570 2 2 3 25 3671 3260 4184
8571 2 2 3 25 3804 4184 3260
8572 2 2 3 25 4184 3870 3671
8573 2 2 3 25 4120 4184 3804
8574 2 2 3 25 4144 4183 3527
8575 2 2 3 25 4167 2657 3454
8576 2 2 3 25 2771 4167 2416
8577 2 2 3 25 3614 4167 3454
8578 2 2 3 25 4167 3614 2416
8579 2 2 3 25 3678 3628 2529
8580 2 2 3 25 3779 3678 2945
8581 2 2 3 25 3628 3678 3779
8582 2 2 3 25 3686 3384 4158
8583 2 2 3 25 3901 3686 4158
8584 2 2 3 25 3360 4093 3253
8585 2 2 3 25 4093 4058 3253
8586 2 2 3 25 4058 4093 2524
8587 2 2 3 25 4093 3984 2524
8588 2 2 3 25 3238 4189 3905
8589 2 2 3 25 3238 3940 4189
8590 2 2 3 25 2711 3170 4160
8591 2 2 3 25 3454 2657 4155
8592 2 2 3 25 4168 3368 3977
8593 2 2 3 25 4131 3368 4168
8594 2 2 3 25 4077 4168 3977
8595 2 2 3 25 4131 4168 3308
8596 2 2 3 25 3912 4052 4159
8597 2 2 3 25 4159 4192 3912
8598 2 2 3 25 4159 4052 4084
8599 2 2 3 25 4135 4159 4084
8600 2 2 3 25 3870 4172 3199
8601 2 2 3 25 2915 4029 4172
8602 2 2 3 25 4033 3714 3842
8603 2 2 3 25 3842 3901 4158
8604 2 2 3 25 3072 4142 3748
8605 2 2 3 25 3062 2386 4142
8606 2 2 3 25 4132 2456 2646
8607 2 2 3 25 4046 3985 4192
8608 2 2 3 25 3657 3623 4179
8609 2 2 3 25 4179 3623 4112
8610 2 2 3 25 3381 2553 4179
8611 2 2 3 25 3657 4179 2553
8612 2 2 3 25 2799 3955 3006
8613 2 2 3 25 4113 3955 2799
8614 2 2 3 25 2828 3324 3955
8615 2 2 3 25 4113 2828 3955
8616 2 2 3 25 3324 3889 3955
8617 2 2 3 25 4191 2635 2613
8618 2 2 3 25 2635 4191 2594
8619 2 2 3 25 2740 3899 4191
8620 2 2 3 25 3727 2594 4191
8621 2 2 3 25 3899 3727 4191
8622 2 2 3 25 2431 2680 4169
8623 2 2 3 25 4169 3987 2431
8624 2 2 3 25 2680 2550 4169
8625 2 2 3 25 2547 4169 2550
8626 2 2 3 25 4053 4169 2547
8627 2 2 3 25 2605 2929 3045
8628 2 2 3 25 2952 2605 3045
8629 2 2 3 25 3863 3045 2929
8630 2 2 3 25 3951 2850 4193
8631 2 2 3 25 3951 4193 3164
8632 2 2 3 25 3815 3712 4083
8633 2 2 3 25 3189 227 228
8634 2 2 3 25 3620 227 3189
8635 2 2 3 25 4141 2595 3826
8636 2 2 3 25 4044 2595 4141
8637 2 2 3 25 3649 2870 3331
8638 2 2 3 25 3612 2870 3649
8639 2 2 3 25 3970 195 196
8640 2 2 3 25 4128 195 3970
8641 2 2 3 25 3019 2453 2494
8642 2 2 3 25 3029 2453 3019
8643 2 2 3 25 3546 2483 2484
8644 2 2 3 25 3552 2483 3546
8645 2 2 3 25 3660 4133 2970
8646 2 2 3 25 3660 4120 4133
8647 2 2 3 25 3099 3025 2650
8648 2 2 3 25 4195 4142 2386
8649 2 2 3 25 4196 4192 4159
8650 2 2 3 25 4196 4102 4143
8651 2 2 3 25 4142 4197 3748
8652 2 2 3 25 4197 4142 4195
8653 2 2 3 25 4183 4198 4163
8654 2 2 3 25 4198 4183 4144
8655 2 2 3 25 4198 3485 4163
8656 2 2 3 25 4199 4172 3870
8657 2 2 3 25 4199 4184 2915
8658 2 2 3 25 4184 4199 3870
8659 2 2 3 25 4172 4199 2915
8660 2 2 3 25 3396 4200 4108
8661 2 2 3 25 4200 3396 2988
8662 2 2 3 25 4201 2527 4176
8663 2 2 3 25 3726 4202 2863
8664 2 2 3 25 4203 3612 3484
8665 2 2 3 25 4178 4203 3484
8666 2 2 3 25 3612 4203 2870
8667 2 2 3 25 4204 4102 4196
8668 2 2 3 25 4159 4204 4196
8669 2 2 3 25 4139 4205 4061
8670 2 2 3 25 3296 4206 3310
8671 2 2 3 25 4206 3978 3310
8672 2 2 3 25 4206 3296 3320
8673 2 2 3 25 4160 4207 4195
8674 2 2 3 25 4176 4208 4201
8675 2 2 3 25 4208 4161 4201
8676 2 2 3 25 4209 4103 4189
8677 2 2 3 25 4210 3154 3044
8678 2 2 3 25 3720 4210 3044
8679 2 2 3 25 4211 4132 2646
8680 2 2 3 25 4212 4188 3394
8681 2 2 3 25 4212 3417 3563
8682 2 2 3 25 3709 4213 3871
8683 2 2 3 25 3874 4213 4026
8684 2 2 3 25 4213 3709 4026
8685 2 2 3 25 4214 2957 3667
8686 2 2 3 25 4214 3908 3118
8687 2 2 3 25 3908 4214 3667
8688 2 2 3 25 2957 4214 3118
8689 2 2 3 25 4158 4215 3842
8690 2 2 3 25 4215 4033 3842
8691 2 2 3 25 4216 3005 3630
8692 2 2 3 25 3528 4218 2595
8693 2 2 3 25 3794 4218 556
8694 2 2 3 25 4218 3794 2595
8695 2 2 3 25 4219 3828 3186
8696 2 2 3 25 4219 3901 3671
8697 2 2 3 25 3901 4219 3186
8698 2 2 3 25 3828 4219 3671
8699 2 2 3 25 4220 2577 2922
8700 2 2 3 25 4220 3467 2984
8701 2 2 3 25 3467 4220 2922
8702 2 2 3 25 2577 4220 2984
8703 2 2 3 25 2417 4211 2646
8704 2 2 3 25 2417 3025 4211
8705 2 2 3 25 3973 4212 3394
8706 2 2 3 25 3973 3417 4212
8707 2 2 3 25 4213 3187 3871
8708 2 2 3 25 3874 3187 4213
8709 2 2 3 25 4218 555 556
8710 2 2 3 25 3528 555 4218
8711 2 2 3 25 4197 2657 3748
8712 2 2 3 25 4155 2657 4197
8713 2 2 3 25 2711 4195 2386
8714 2 2 3 25 2711 4160 4195
8715 2 2 3 25 4135 4205 4006
8716 2 2 3 25 4135 4061 4205
8717 2 2 3 25 4203 4082 2870
8718 2 2 3 25 4178 4082 4203
8719 2 2 3 25 4046 4196 4143
8720 2 2 3 25 4046 4192 4196
8721 2 2 3 25 3118 4216 3630
8722 2 2 3 25 3118 4148 4216
8723 2 2 3 25 4198 4076 3485
8724 2 2 3 25 4144 4076 4198
8725 2 2 3 25 4197 4207 4155
8726 2 2 3 25 4197 4195 4207
8727 2 2 3 25 4205 3726 4006
8728 2 2 3 25 4154 4208 4176
8729 2 2 3 25 4217 44 4152
8730 2 2 3 25 4135 4204 4159
8731 2 2 3 25 4210 3976 3154
8732 2 2 3 25 234 4209 3201
8733 2 2 3 25 4126 4208 4154
8734 2 2 3 25 3212 4102 4204
8735 2 2 3 25 4204 4135 4006
8736 2 2 3 25 3212 4204 4006
8737 2 2 3 25 44 4217 43
8738 2 2 3 25 4217 42 43
8739 2 2 3 25 4210 3720 2577
8740 2 2 3 25 3976 4210 2577
8741 2 2 3 25 580 581 4200
8742 2 2 3 25 2988 580 4200
8743 2 2 3 25 4209 234 235
8744 2 2 3 25 3202 4103 4209
8745 2 2 3 25 4088 4182 4074
8746 2 2 3 25 4074 37 38
8747 2 2 3 25 4130 3467 4016
8748 2 2 3 25 4106 4130 4016
8749 2 2 3 25 4202 3726 4205
8750 2 2 3 25 581 582 4200
8751 2 2 3 25 582 4108 4200
8752 2 2 3 25 151 3521 150
8753 2 2 3 25 3521 151 4045
8754 2 2 3 25 312 313 4215
8755 2 2 3 25 313 4033 4215
8756 2 2 3 25 4147 41 42
8757 2 2 3 25 41 4147 4088
8758 2 2 3 25 4217 4147 42
8759 2 2 3 25 4211 3025 3099
8760 2 2 3 25 4153 4041 4087
8761 2 2 3 25 4153 4164 4041
8762 2 2 3 25 4041 4164 3706
8763 2 2 3 25 4174 4050 4056
8764 2 2 3 25 4050 4174 4125
8765 2 2 3 25 4162 4174 4056
8766 2 2 3 25 4103 3905 4189
8767 2 2 3 25 3905 4103 3202
8768 2 2 3 25 3930 3905 3202
8769 2 2 3 25 4167 2687 2774
8770 2 2 3 25 2687 4167 2771
8771 2 2 3 25 2781 4167 2774
8772 2 2 3 25 263 4173 262
8773 2 2 3 25 4173 263 3673
8774 2 2 3 25 3647 4173 3673
8775 2 2 3 25 252 2867 3221
8776 2 2 3 25 253 2867 252
8777 2 2 3 25 4169 4090 3987
8778 2 2 3 25 4090 4169 4194
8779 2 2 3 25 4053 4194 4169
8780 2 2 3 25 3959 2499 2390
8781 2 2 3 25 2499 3959 3830
8782 2 2 3 25 4173 3647 3271
8783 2 2 3 25 3271 3647 3926
8784 2 2 3 25 4153 4190 3834
8785 2 2 3 25 4190 4153 2537
8786 2 2 3 25 4164 4153 3834
8787 2 2 3 25 2806 3901 3842
8788 2 2 3 25 3901 2806 3671
8789 2 2 3 25 4208 4126 4156
8790 2 2 3 25 3253 4161 4208
8791 2 2 3 25 3253 4208 4156
8792 2 2 3 25 261 4173 3254
8793 2 2 3 25 4173 261 262
8794 2 2 3 25 4173 3271 3254
8795 2 2 3 25 4171 4142 4165
8796 2 2 3 25 4142 4171 3062
8797 2 2 3 25 3284 4160 3170
8798 2 2 3 25 2767 4155 4207
8799 2 2 3 25 4207 4160 2767
8800 2 2 3 25 4160 3284 2767
8801 2 2 3 25 3264 4150 4043
8802 2 2 3 25 4150 3264 3916
8803 2 2 3 25 4144 4151 4076
8804 2 2 3 25 4151 4144 2507
8805 2 2 3 25 4189 4187 3201
8806 2 2 3 25 4187 4189 3940
8807 2 2 3 25 4209 4189 3201
8808 2 2 3 25 2958 4192 3985
8809 2 2 3 25 4192 2958 3912
8810 2 2 3 25 2958 2587 3912
8811 2 2 3 25 4127 512 513
8812 2 2 3 25 2885 4127 513
8813 2 2 3 25 3944 4148 4003
8814 2 2 3 25 4216 4148 3944
8815 2 2 3 25 3005 4216 3944
8816 2 2 3 25 4155 3472 3454
8817 2 2 3 25 4155 2767 3472
8818 2 2 3 25 3472 3953 3454
8819 2 2 3 25 3413 4206 3320
8820 2 2 3 25 3413 3978 4206
8821 2 2 3 25 4221 3271 3213
8822 2 2 3 25 4131 4221 3213
8823 2 2 3 25 3271 4221 3914
8824 2 2 3 25 4222 2536 2531
8825 2 2 3 25 4222 2958 3553
8826 2 2 3 25 2958 4222 2531
8827 2 2 3 25 2536 4222 3553
8828 2 2 3 25 4221 3839 3914
8829 2 2 3 25 4131 3839 4221
8830 2 2 3 25 3374 4161 4058
8831 2 2 3 25 512 4145 511
8832 2 2 3 25 4069 4145 4127
8833 2 2 3 25 4145 512 4127
8834 2 2 3 25 4152 4083 4217
8835 2 2 3 25 4083 4152 3133
8836 2 2 3 25 3815 4083 3133
8837 2 2 3 25 4147 4217 4083
8838 2 2 3 25 4099 3861 4031
8839 2 2 3 25 3861 4148 4031
8840 2 2 3 25 3976 3505 3728
8841 2 2 3 25 3976 3822 3505
8842 2 2 3 25 3822 3976 2577
8843 2 2 3 25 557 558 3794
8844 2 2 3 25 558 3721 3794
8845 2 2 3 25 4139 3818 4193
8846 2 2 3 25 4139 3680 3818
8847 2 2 3 25 4028 3680 4139
8848 2 2 3 25 3180 4132 3518
8849 2 2 3 25 312 4158 311
8850 2 2 3 25 4158 312 4215
8851 2 2 3 25 4158 3384 311
8852 2 2 3 25 3448 519 520
8853 2 2 3 25 2867 2838 3221
8854 2 2 3 25 4137 2838 2867
8855 2 2 3 25 4137 4071 2838
8856 2 2 3 25 520 4223 3448
8857 2 2 3 25 4019 4223 3919
8858 2 2 3 25 4223 4019 3448
8859 2 2 3 25 564 4224 563
8860 2 2 3 25 3973 4224 3928
8861 2 2 3 25 4224 564 3928
8862 2 2 3 25 4225 235 236
8863 2 2 3 25 4225 3202 4209
8864 2 2 3 25 235 4225 4209
8865 2 2 3 25 2838 4226 3778
8866 2 2 3 25 3819 4226 3813
8867 2 2 3 25 4226 3819 3778
8868 2 2 3 25 4226 2838 3813
8869 2 2 3 25 521 4223 520
8870 2 2 3 25 521 3919 4223
8871 2 2 3 25 4188 3699 3826
8872 2 2 3 25 3699 4188 4212
8873 2 2 3 25 4212 3563 3699
8874 2 2 3 25 4141 3826 3699
8875 2 2 3 25 3426 4201 3374
8876 2 2 3 25 4201 3426 2527
8877 2 2 3 25 4161 3374 4201
8878 2 2 3 25 4139 4202 4205
8879 2 2 3 25 4141 3699 2442
8880 2 2 3 25 4114 4141 2442
8881 2 2 3 25 253 254 3315
8882 2 2 3 25 2867 253 3315
8883 2 2 3 25 3973 3394 3298
8884 2 2 3 25 3315 3278 4137
8885 2 2 3 25 3278 3315 3491
8886 2 2 3 25 2850 2863 4202
8887 2 2 3 25 2850 3951 501
8888 2 2 3 25 3099 4132 4211
8889 2 2 3 25 4132 3099 3518
8890 2 2 3 25 40 4088 39
8891 2 2 3 25 4132 4083 3712
8892 2 2 3 25 4083 4132 4182
8893 2 2 3 25 2456 4132 3712
8894 2 2 3 25 3180 4182 4132
8895 2 2 3 25 2870 4190 2414
8896 2 2 3 25 4190 2870 4082
8897 2 2 3 25 4054 4190 4082
8898 2 2 3 25 2850 4139 4193
8899 2 2 3 25 4139 2850 4202
8900 2 2 3 25 3973 562 563
8901 2 2 3 25 562 3973 3298
8902 2 2 3 25 4224 3973 563
8903 2 2 3 25 444 4186 443
8904 2 2 3 25 4186 444 4081
8905 2 2 3 25 4186 3859 4115
8906 2 2 3 25 3696 4115 3859
8907 2 2 3 25 4089 4186 4081
8908 2 2 3 25 3859 4186 4089
8909 2 2 3 25 237 3202 236
8910 2 2 3 25 3202 237 3607
8911 2 2 3 25 3202 4225 236
8912 2 2 3 25 4150 186 187
8913 2 2 3 25 186 4150 3916
8914 2 2 3 25 3516 4150 187
8915 2 2 3 25 4186 442 443
8916 2 2 3 25 442 4186 4115
8917 2 2 3 25 502 2850 501
8918 2 2 3 25 2850 502 2863
8919 2 2 3 25 4088 38 39
8920 2 2 3 25 4074 38 4088
8921 2 2 3 25 338 3943 337
8922 2 2 3 25 338 3636 3943
$EndElements
