$MeshFormat
2 0 8
$EndMeshFormat
$PhysicalNames
7
1 "coll_doped"
2 "coll"
3 "b_reg"
4 "e_reg"
5 "emitter"
6 "base"
7 "collector"
$EndPhysicalNames
$Nodes
5121
1 0 0 0
2 17 0 0
3 0 2 0
4 17 2 0
5 17 7.5 0
6 0 6 0
7 0 6.5 0
8 0 7.5 0
9 4 7.5 0
10 6 7.5 0
11 10 7.5 0
12 10 7 0
13 7 7.5 0
14 9 7.5 0
15 5 6.5 0
16 9 6 0
17 12 7.5 0
18 0.2023809523807226 0 0
19 0.4047619047614452 0 0
20 0.6071428571421679 0 0
21 0.8095238095228905 0 0
22 1.011904761903613 0 0
23 1.214285714284336 0 0
24 1.416666666665058 0 0
25 1.619047619045781 0 0
26 1.821428571426504 0 0
27 2.023809523807226 0 0
28 2.226190476187949 0 0
29 2.428571428568671 0 0
30 2.630952380949394 0 0
31 2.833333333330116 0 0
32 3.035714285710839 0 0
33 3.238095238091562 0 0
34 3.440476190472284 0 0
35 3.642857142853007 0 0
36 3.84523809523373 0 0
37 4.047619047614453 0 0
38 4.249999999995175 0 0
39 4.452380952376028 0 0
40 4.654761904756881 0 0
41 4.857142857137734 0 0
42 5.059523809518586 0 0
43 5.261904761899439 0 0
44 5.464285714280291 0 0
45 5.666666666661145 0 0
46 5.869047619041997 0 0
47 6.07142857142285 0 0
48 6.273809523803703 0 0
49 6.476190476184555 0 0
50 6.678571428565408 0 0
51 6.880952380946261 0 0
52 7.083333333327114 0 0
53 7.285714285707966 0 0
54 7.488095238088819 0 0
55 7.690476190469671 0 0
56 7.892857142850525 0 0
57 8.095238095231377 0 0
58 8.29761904761223 0 0
59 8.499999999993083 0 0
60 8.702380952374465 0 0
61 8.904761904755846 0 0
62 9.107142857137227 0 0
63 9.309523809518609 0 0
64 9.511904761899991 0 0
65 9.71428571428137 0 0
66 9.916666666662753 0 0
67 10.11904761904414 0 0
68 10.32142857142551 0 0
69 10.5238095238069 0 0
70 10.72619047618828 0 0
71 10.92857142856966 0 0
72 11.13095238095104 0 0
73 11.33333333333242 0 0
74 11.53571428571381 0 0
75 11.73809523809519 0 0
76 11.94047619047657 0 0
77 12.14285714285795 0 0
78 12.34523809523933 0 0
79 12.54761904762071 0 0
80 12.75000000000209 0 0
81 12.95238095238295 0 0
82 13.1547619047638 0 0
83 13.35714285714465 0 0
84 13.5595238095255 0 0
85 13.76190476190636 0 0
86 13.96428571428721 0 0
87 14.16666666666806 0 0
88 14.36904761904892 0 0
89 14.57142857142977 0 0
90 14.77380952381062 0 0
91 14.97619047619147 0 0
92 15.17857142857233 0 0
93 15.38095238095318 0 0
94 15.58333333333403 0 0
95 15.78571428571489 0 0
96 15.98809523809574 0 0
97 16.19047619047659 0 0
98 16.39285714285744 0 0
99 16.5952380952383 0 0
100 16.79761904761915 0 0
101 17 0.2222222222216888 0
102 17 0.4444444444433776 0
103 17 0.6666666666652143 0
104 17 0.8888888888871004 0
105 17 1.111111111109295 0
106 17 1.333333333331798 0
107 17 1.555555555554378 0
108 17 1.777777777777189 0
109 16.79761904762006 2 0
110 16.59523809524011 2 0
111 16.39285714286017 2 0
112 16.19047619048022 2 0
113 15.98809523810028 2 0
114 15.78571428572033 2 0
115 15.58333333334039 2 0
116 15.38095238096044 2 0
117 15.1785714285805 2 0
118 14.97619047620055 2 0
119 14.77380952382061 2 0
120 14.57142857144066 2 0
121 14.36904761906072 2 0
122 14.16666666668078 2 0
123 13.96428571430083 2 0
124 13.76190476192089 2 0
125 13.55952380954094 2 0
126 13.357142857161 2 0
127 13.15476190478105 2 0
128 12.95238095240111 2 0
129 12.75000000002116 2 0
130 12.54761904764069 2 0
131 12.34523809526022 2 0
132 12.14285714287974 2 0
133 11.94047619049927 2 0
134 11.7380952381188 2 0
135 11.53571428573832 2 0
136 11.33333333335785 2 0
137 11.13095238097738 2 0
138 10.92857142859691 2 0
139 10.72619047621643 2 0
140 10.52380952383596 2 0
141 10.32142857145548 2 0
142 10.11904761907501 2 0
143 9.916666666694539 2 0
144 9.714285714314064 2 0
145 9.511904761933591 2 0
146 9.309523809553118 2 0
147 9.107142857172645 2 0
148 8.904761904792172 2 0
149 8.7023809524117 2 0
150 8.500000000031227 2 0
151 8.297619047649695 2 0
152 8.095238095268165 2 0
153 7.892857142886633 2 0
154 7.690476190505104 2 0
155 7.488095238123573 2 0
156 7.285714285742042 2 0
157 7.083333333360511 2 0
158 6.880952380978981 2 0
159 6.678571428597451 2 0
160 6.47619047621592 2 0
161 6.273809523834388 2 0
162 6.071428571452859 2 0
163 5.869047619071329 2 0
164 5.666666666689797 2 0
165 5.464285714308266 2 0
166 5.261904761926735 2 0
167 5.059523809545206 2 0
168 4.857142857163675 2 0
169 4.654761904782143 2 0
170 4.452380952400612 2 0
171 4.250000000019083 2 0
172 4.047619047637222 2 0
173 3.845238095255361 2 0
174 3.642857142873499 2 0
175 3.440476190491638 2 0
176 3.238095238109779 2 0
177 3.035714285727917 2 0
178 2.833333333346055 2 0
179 2.630952380964194 2 0
180 2.428571428582333 2 0
181 2.226190476200473 2 0
182 2.023809523818612 2 0
183 1.82142857143675 2 0
184 1.619047619054889 2 0
185 1.416666666673028 2 0
186 1.214285714291168 2 0
187 1.011904761909307 2 0
188 0.8095238095274455 2 0
189 0.6071428571455841 2 0
190 0.4047619047637228 2 0
191 0.2023809523818614 2 0
192 0 1.777777777778086 0
193 0 1.555555555556172 0
194 0 1.333333333334721 0
195 0 1.111111111113424 0
196 0 0.8888888888915103 0
197 0 0.6666666666689798 0
198 0 0.4444444444462949 0
199 0 0.2222222222231476 0
200 17 2.216642157580208 0
201 17 2.467417955925383 0
202 17 2.757705487235182 0
203 17 3.093730089641539 0
204 17 3.482698089177803 0
205 17 3.932951038033353 0
206 17 4.45414487045095 0
207 17 5.05745689062867 0
208 17 5.75582571947715 0
209 17 6.564227841229485 0
210 5.890467834385851 7.5 0
211 5.774937043487898 7.5 0
212 5.653079065890164 7.5 0
213 5.52454741763511 7.5 0
214 5.38897659070793 7.5 0
215 5.245981077348151 7.5 0
216 5.095154245810062 7.5 0
217 4.936067245869109 7.5 0
218 4.76826768122317 7.5 0
219 4.591278379738756 7.5 0
220 4.40459607947949 7.5 0
221 4.207689915393619 7.5 0
222 3.788404129692688 7.5 0
223 3.560018494514932 7.5 0
224 3.313510850442397 7.5 0
225 3.047443146044857 7.5 0
226 2.760263415205042 7.5 0
227 2.45029643897292 7.5 0
228 2.115734029401907 7.5 0
229 1.754624573396185 7.5 0
230 1.364861750719966 7.5 0
231 0.9441717926284099 7.5 0
232 0.4901008309772821 7.5 0
233 0 7.085925382151908 0
234 0 6.809017004571791 0
235 0 6.623837209919613 0
236 0 6.375 0
237 0 6.25 0
238 0 6.125 0
239 0 5.895982032357328 0
240 0 5.789259171604712 0
241 0 5.679761037244219 0
242 0 5.567415453684733 0
243 0 5.452148380218763 0
244 0 5.333883832866125 0
245 0 5.21254387315913 0
246 0 5.088048553643014 0
247 0 4.960315778823994 0
248 0 4.829261397186478 0
249 0 4.69479899454744 0
250 0 4.556839984585417 0
251 0 4.415293411008605 0
252 0 4.270065989777986 0
253 0 4.121062026589475 0
254 0 3.968183256828883 0
255 0 3.811328977493472 0
256 0 3.650395788144866 0
257 0 3.485277597156076 0
258 0 3.315865545544321 0
259 0 3.142048078046219 0
260 0 2.963710563549285 0
261 0 2.780735499879482 0
262 0 2.593002239136097 0
263 0 2.400387141812801 0
264 0 2.202763089600125 0
265 10 7.375 0
266 10 7.25 0
267 10 7.125 0
268 5.994521895368293 7.395471536732536 0
269 5.978147600733885 7.292088309182614 0
270 5.95105651629533 7.190983005625598 0
271 5.913545457642873 7.093263356924811 0
272 5.866025403784677 7.000000000000414 0
273 5.809016994375116 6.912214747707758 0
274 5.743144825477458 6.830869393641213 0
275 5.669130606358787 6.756855174522542 0
276 5.587785252292242 6.690983005624884 0
277 5.499999999999586 6.633974596215323 0
278 5.406736643075189 6.586454542357127 0
279 5.309016994374402 6.54894348370467 0
280 5.207911690817386 6.521852399266115 0
281 5.104528463267464 6.505478104631707 0
282 9.994521895368258 6.895471536732199 0
283 9.978147600733744 6.79208830918195 0
284 9.951056516295015 6.690983005624629 0
285 9.91354545764232 6.59326335692357 0
286 9.866025403783828 6.499999999998943 0
287 9.809016994373918 6.412214747706111 0
288 9.743144825475868 6.330869393639446 0
289 9.66913060635647 6.256855174520456 0
290 9.587785252288796 6.190983005622381 0
291 9.499999999994911 6.133974596212623 0
292 9.406736643069214 6.086454542354467 0
293 9.309016994369209 6.048943483702982 0
294 9.207911690813825 6.021852399265359 0
295 9.104528463265654 6.005478104631516 0
296 6.122462064682198 7.5 0
297 6.259921068621661 7.5 0
298 6.414213577882214 7.5 0
299 6.58740104967045 7.5 0
300 6.781797441703718 7.5 0
301 7.222222222217288 7.5 0
302 7.444444444434576 7.5 0
303 7.666666666653714 7.5 0
304 7.888888888873469 7.5 0
305 8.111111111095692 7.5 0
306 8.333333333320381 7.5 0
307 8.555555555545688 7.5 0
308 8.777777777772844 7.5 0
309 9.21820255829628 7.5 0
310 9.412598950329549 7.5 0
311 9.585786422117785 7.5 0
312 9.740078931378338 7.5 0
313 9.877537935317802 7.5 0
314 8.898876404494709 6 0
315 8.797752808989419 6 0
316 8.696629213484128 6 0
317 8.595505617978837 6 0
318 8.494382022473546 6 0
319 8.393258426968258 6 0
320 8.292134831462967 6 0
321 8.191011235957676 6 0
322 8.089887640452385 6 0
323 7.988764044947095 6 0
324 7.887640449441804 6 0
325 7.786516853936513 6 0
326 7.685393258431223 6 0
327 7.584269662925933 6 0
328 7.483146067420642 6 0
329 7.382022471915351 6 0
330 7.280898876410061 6 0
331 7.17977528090477 6 0
332 7.07865168539948 6 0
333 6.977528089894189 6 0
334 6.876404494388899 6 0
335 6.775280898883608 6 0
336 6.674157303378131 6 0
337 6.57303370787259 6 0
338 6.47191011236705 6 0
339 6.370786516861511 6 0
340 6.26966292135597 6 0
341 6.16853932585043 6 0
342 6.06741573034489 6 0
343 5.966292134839351 6 0
344 5.86516853933381 6 0
345 5.764044943828271 6 0
346 5.662921348322731 6 0
347 5.56179775281719 6 0
348 5.460674157311651 6 0
349 5.359550561806111 6 0
350 5.25842696630057 6 0
351 5.15730337079503 6 0
352 5.056179775289491 6 0
353 4.95505617978395 6 0
354 4.85393258427841 6 0
355 4.75280898877287 6 0
356 4.65168539326733 6 0
357 4.55056179776179 6 0
358 4.449438202256125 6 0
359 4.348314606750336 6 0
360 4.247191011244547 6 0
361 4.146067415738758 6 0
362 4.044943820232968 6 0
363 3.943820224727178 6 0
364 3.842696629221388 6 0
365 3.741573033715599 6 0
366 3.64044943820981 6 0
367 3.53932584270402 6 0
368 3.438202247198231 6 0
369 3.337078651692441 6 0
370 3.235955056186651 6 0
371 3.134831460680862 6 0
372 3.033707865175073 6 0
373 2.932584269669284 6 0
374 2.831460674163493 6 0
375 2.730337078657704 6 0
376 2.629213483151915 6 0
377 2.528089887646125 6 0
378 2.426966292140336 6 0
379 2.325842696634546 6 0
380 2.224719101128741 6 0
381 2.12359550562289 6 0
382 2.022471910117038 6 0
383 1.921348314611186 6 0
384 1.820224719105334 6 0
385 1.719101123599482 6 0
386 1.617977528093629 6 0
387 1.516853932587777 6 0
388 1.415730337081927 6 0
389 1.314606741576074 6 0
390 1.213483146070222 6 0
391 1.11235955056437 6 0
392 1.011235955058518 6 0
393 0.9101123595526663 6 0
394 0.8089887640468153 6 0
395 0.7078651685409633 6 0
396 0.6067415730351112 6 0
397 0.5056179775292592 6 0
398 0.4044943820234072 6 0
399 0.3033707865175551 6 0
400 0.2022471910117031 6 0
401 0.101123595505852 6 0
402 4.897959183673498 6.5 0
403 4.795918367346996 6.5 0
404 4.693877551020493 6.5 0
405 4.591836734693991 6.5 0
406 4.489795918367489 6.5 0
407 4.387755102040987 6.5 0
408 4.285714285714484 6.5 0
409 4.183673469387982 6.5 0
410 4.081632653061479 6.5 0
411 3.979591836734977 6.5 0
412 3.877551020408475 6.5 0
413 3.775510204081972 6.5 0
414 3.67346938775547 6.5 0
415 3.571428571428968 6.5 0
416 3.469387755102466 6.5 0
417 3.367346938775963 6.5 0
418 3.265306122449461 6.5 0
419 3.163265306122959 6.5 0
420 3.061224489796456 6.5 0
421 2.959183673469954 6.5 0
422 2.857142857143452 6.5 0
423 2.75510204081695 6.5 0
424 2.653061224490448 6.5 0
425 2.551020408163945 6.5 0
426 2.448979591837443 6.5 0
427 2.346938775510941 6.5 0
428 2.244897959184438 6.5 0
429 2.142857142857935 6.5 0
430 2.040816326531434 6.5 0
431 1.938775510204931 6.5 0
432 1.836734693878429 6.5 0
433 1.734693877551927 6.5 0
434 1.632653061225425 6.5 0
435 1.530612244898922 6.5 0
436 1.42857142857242 6.5 0
437 1.326530612245918 6.5 0
438 1.224489795919387 6.5 0
439 1.122448979592772 6.5 0
440 1.020408163266156 6.5 0
441 0.9183673469395404 6.5 0
442 0.8163265306129247 6.5 0
443 0.714285714286309 6.5 0
444 0.6122448979596939 6.5 0
445 0.5102040816330783 6.5 0
446 0.4081632653064626 6.5 0
447 0.306122448979847 6.5 0
448 0.2040816326532313 6.5 0
449 0.1020408163266157 6.5 0
450 16.07087465536095 7.5 0
451 15.27987307197704 7.5 0
452 14.60646167774593 7.5 0
453 14.03315981008437 7.5 0
454 13.5450850228676 7.5 0
455 13.1295674967711 7.5 0
456 12.77582075630072 7.5 0
457 12.47466209898798 7.5 0
458 12.21827370719264 7.5 0
459 11.79231008460638 7.5 0
460 11.59540392052051 7.5 0
461 11.40872162026124 7.5 0
462 11.23173231877683 7.5 0
463 11.06393275413089 7.5 0
464 10.90484575418994 7.5 0
465 10.75401892265185 7.5 0
466 10.61102340929207 7.5 0
467 10.47545258236489 7.5 0
468 10.34692093410984 7.5 0
469 10.2250629565121 7.5 0
470 10.10953216561415 7.5 0
471 14.21409826095692 1.000000208722711 0
472 13.23387460606016 1 0
473 15.16361308726431 1.006150921353685 0
474 15.99842109990252 1.057277223736802 0
475 15.35476175846688 1.011692907424489 0
476 13.43501768114456 1 0
477 13.60664620709069 1 0
478 14.73678966365698 1.000002791243638 0
479 14.41221519119271 1.000000429383687 0
480 12.87816982295576 1 0
481 8.774583150867883 0.9996811826412231 0
482 12.63081604096215 1 0
483 11.37449467173848 1 0
484 12.17425125438839 1 0
485 11.98263961238481 1 0
486 10.09458338947547 1.00208786639152 0
487 9.0689215996749 1 0
488 11.80417471668486 1 0
489 9.551403874634612 0.9466915645305058 0
490 10.48091038468887 0.9999999999999999 0
491 11.59520617974493 1 0
492 10.30830852422046 1.000677933673469 0
493 7.155705855736277 0.9878105682229945 0
494 8.156167560589628 1.017714554057513 0
495 6.627868616820497 1.011774846904945 0
496 5.004335880411313 0.9833245330763791 0
497 6.425235815964929 1 0
498 5.822834571896735 1 0
499 5.624173067274648 1 0
500 7.719698690601708 0.9770764618168972 0
501 2.752582384953192 0.9877160501567971 0
502 2.558003800541086 0.9986039325908393 0
503 2.371083349555933 1.019771782728319 0
504 0.9549849838632646 0.952929004415762 0
505 3.555264749435943 0.9946327223380134 0
506 3.364505140834331 0.9999999999685105 0
507 2.190915139635259 1.023886789876505 0
508 1.987146953757664 0.9999155150039658 0
509 1.644069404467433 1.002455101649628 0
510 3.113589898497457 0.9947890158191234 0
511 3.920886240880303 1.001449576147456 0
512 4.36299590279806 1.010334438373221 0
513 8.564911249509974 1 0
514 16.58821822998453 0.8581207009116856 0
515 0.4117842386530847 1.141879299088533 0
516 0.4181126386900772 0.5378003593215832 0
517 16.58189297666984 1.462199640678729 0
518 0.3561258220703612 1.769376157841465 0
519 16.6438235302458 0.2306179139957684 0
520 0.3229211056289221 0.3222684530190874 0
521 16.67706466174652 1.677732252862075 0
522 16.12851626297651 0.5740407319890394 0
523 0.8810998605517035 1.522450626553115 0
524 2.782864483730337 0.5043707785116822 0
525 2.782864483738042 1.495629193335946 0
526 9.000988830632993 1.555412455546581 0
527 9.965421793894784 1.5 0
528 6.853956887904752 0.5023287834142296 0
529 4.601824657753823 0.5094146762511885 0
530 3.630912762504146 0.5119111394511947 0
531 9.935881832953134 0.5043149585341644 0
532 9.01280588533808 0.4101384952899598 0
533 4.591425052655801 1.478307185575777 0
534 6.857797727051042 1.507540994198406 0
535 3.630912762514071 1.48808886053963 0
536 11.17554780103421 1.50190214147211 0
537 4.220126133399916 0.5177280630053845 0
538 11.17554780102114 0.4980978585278897 0
539 4.217864505112073 1.481362651349681 0
540 11.69862171710879 1.542583171878819 0
541 11.6986217188001 0.4574168287639958 0
542 11.88151467735345 1.551512428234638 0
543 11.88151467734082 0.4484875717653621 0
544 14.69177144824845 1.561171690337812 0
545 12.8302734700586 1.560709075984256 0
546 10.47007578752476 1.581111565040865 0
547 12.11778519458665 1.476464805775682 0
548 14.69178934098948 0.4388489572755594 0
549 7.896542135274953 0.419461523733084 0
550 3.007883967620735 0.5013092505784302 0
551 12.83027347004813 0.4392909240157435 0
552 12.11778519457624 0.5235351942243175 0
553 10.47119479620765 0.3232076750895251 0
554 7.89704991842882 1.58204925123633 0
555 3.0038345265065 1.47740487468456 0
556 13.17793576073668 1.556342762584783 0
557 13.4882911406821 1.525276305183532 0
558 13.85153704589106 1.357940309827513 0
559 14.89669784126671 1.51417747803359 0
560 9.210282859544302 1.570219230364401 0
561 9.759665962331768 1.556172739728597 0
562 10.73698496421051 1.458228333595354 0
563 14.88453210330955 0.4969157411655796 0
564 13.84486765459721 0.6591683738782591 0
565 8.17802631927773 0.4226714047682246 0
566 13.48829114067388 0.4747236948164684 0
567 7.091554085628406 0.4241774952168368 0
568 13.17793576072715 0.4436572374152166 0
569 6.181382610363708 0.6421222234796656 0
570 5.313890778164805 0.6203020437153011 0
571 4.806871420958028 0.4539273348965546 0
572 3.848066063873363 0.4237268813767865 0
573 3.221527676292038 0.3952191538096469 0
574 2.428917486994941 0.3835671413963752 0
575 1.447533898325787 0.4480412334080741 0
576 10.73699619728464 0.5417759034901047 0
577 9.691061159350719 0.4249350469962627 0
578 9.269704841737132 0.459508183787446 0
579 4.801278490845905 1.537555771116904 0
580 5.31389077817517 1.379697956284699 0
581 6.181382610374524 1.357877776520334 0
582 7.091554085647616 1.575822504783163 0
583 1.445066136147633 1.550780383168062 0
584 8.178026319298969 1.577328595231775 0
585 2.428504797719338 1.615963360817468 0
586 3.221052265357323 1.603878769422126 0
587 3.848066063885769 1.576273118621684 0
588 13.36708650144012 1.417537258894986 0
589 14.13615363731469 1.35808849461137 0
590 8.858069981944743 1.433173962589955 0
591 9.511952842557049 1.370898839593758 0
592 10.15156141960062 1.487442765914466 0
593 10.94394712945052 1.490035469226496 0
594 11.38120703287535 1.447461720644438 0
595 12.62829736229271 1.483027366077336 0
596 15.69986128533563 0.5924763558703753 0
597 14.16791815937886 0.6333299916697084 0
598 13.36708650143332 0.5824627411050142 0
599 7.278802919555672 0.5839807644940194 0
600 6.657692703278546 0.6216714541098621 0
601 5.898953294659165 0.6454929683674016 0
602 8.373602689382414 0.5509272413823612 0
603 5.066489673930554 0.5842784613506314 0
604 4.008686757955664 0.5903196030395194 0
605 3.413971103318186 0.525323140166491 0
606 2.605798702120545 0.5170199814420429 0
607 1.3129025900163 0.5664144679863231 0
608 12.62829736228328 0.5169726339226639 0
609 11.3812070328641 0.5525382793555617 0
610 10.9439490016184 0.5099652369544141 0
611 10.1503455722031 0.5176086089618288 0
612 9.50963785283952 0.5802119414601167 0
613 8.858069981929017 0.566826037410045 0
614 5.09689059575403 1.447229602900721 0
615 5.898953294669553 1.354507031632599 0
616 6.66012898792516 1.382164690748765 0
617 7.270913305130665 1.421901241424867 0
618 1.27512723415231 1.427661862773898 0
619 2.605798702127577 1.482979890182325 0
620 8.37360268939903 1.449072758617639 0
621 3.413971103327266 1.474676859548943 0
622 4.00868675796484 1.409680396960262 0
623 8.552944139188163 0.3748433930202372 0
624 8.552944139211384 1.625156606979763 0
625 16.51032575650132 0.5271621015068906 0
626 0.4896745161556273 1.472837898493168 0
627 16.03021773396151 1.531477991511322 0
628 0.9278849487510599 0.4988141547897799 0
629 16.39622076263916 1.294175680710173 0
630 0.5897442789388452 0.7100357115693342 0
631 16.55054468334582 1.143616321971968 0
632 0.4494584501294692 0.8563836780283417 0
633 0.5982309286454962 1.127271976988916 0
634 16.40177096224872 0.8727280230112576 0
635 0.2557308292641928 0.7389050135982956 0
636 16.74427041059073 1.261094986402186 0
637 0.1710747042722702 1.458320255880465 0
638 16.82892539025899 0.5416797441194622 0
639 16.67589431466018 0.5967557853018463 0
640 0.3241060105769403 1.403244214698198 0
641 0.1844881592445891 0.5038812314790789 0
642 16.81551188823333 1.496118768521428 0
643 0.1608028146977713 1.670678978206343 0
644 16.83918895486304 0.3293200337649293 0
645 0.1415738602702514 0.3274160111776181 0
646 16.85842664075984 1.672583988822772 0
647 1.162034839333232 1.02583547424727 0
648 15.82018784215708 0.9311549728314223 0
649 1.25170265481435 1.64671900821034 0
650 15.77667911789075 0.3798860000489851 0
651 8.481864549652894 0.7825043684778333 0
652 8.481864549660967 1.217495631522167 0
653 1.245344617476851 0.333399269824202 0
654 0.9632496203957377 1.157614150431744 0
655 16.023042044065 0.8085769647826744 0
656 6.526846273284847 0.8122312222884659 0
657 6.531619271001763 1.191381530531428 0
658 14.26260358583161 1.16987148721728 0
659 14.24603430221858 0.8185990846437576 0
660 13.47710591767926 1.192731694963872 0
661 5.74676665426058 0.79566759173394 0
662 13.47710591767622 0.8072683055633282 0
663 5.746766654266454 1.20433240826606 0
664 3.866727054658416 0.767057814084092 0
665 3.883784305503871 1.24366697092084 0
666 7.091941881003365 0.7539942931670202 0
667 7.055583251738928 1.186021125488955 0
668 4.909112507051733 0.7637301023529057 0
669 9.683748111055284 1.215547259154977 0
670 1.424718698329009 1.332556013014762 0
671 15.56591813328925 0.66467210206477 0
672 1.437510444042999 0.7117800469253559 0
673 13.0720217598578 1.255408838665675 0
674 13.07202175985331 0.7445911613343253 0
675 10.67037531895134 1.292979751398534 0
676 10.67037531894304 0.7070202486014661 0
677 14.94963778160832 1.339659914569025 0
678 14.90038153211021 0.6859774707956104 0
679 11.74444269301553 1.384646863208852 0
680 11.74444269300649 0.6153531367911477 0
681 12.27319968032777 1.172274610626414 0
682 12.27319968032414 0.8277253893735858 0
683 12.09813366782065 1.294830541110668 0
684 12.09813366781417 0.7051694588893317 0
685 8.698013132512392 1.352002830912855 0
686 8.698013132499499 0.6479971690871452 0
687 1.425753731733495 1.721217670889338 0
688 7.470024501416682 0.2694765888366488 0
689 7.469542926249697 1.73100892472013 0
690 1.420062435617121 0.2591478769367418 0
691 6.05458818801118 0.2872834856002249 0
692 6.0545881880325 1.712716514399775 0
693 13.98055259034716 1.712281336397062 0
694 5.24867841577412 0.2519469246031746 0
695 13.98055259033755 0.287718668879025 0
696 5.248678415794502 1.748053075396825 0
697 14.69356539654482 1.793945731070077 0
698 14.69358512598303 0.2060738460456847 0
699 15.57097958182735 0.3277066455028179 0
700 10.40871751859319 1.786326451041768 0
701 12.85873089486448 1.779680306030335 0
702 12.85873089485016 0.2203196939697316 0
703 14.91246387169113 1.816984998004157 0
704 14.91467324731134 0.1799022058241453 0
705 10.62840640008978 1.767315036393299 0
706 10.64421855520131 0.2028227650593035 0
707 13.10275797815122 1.775988955341137 0
708 13.10275797813764 0.2240110446588632 0
709 12.31097688966679 1.842038369848806 0
710 12.31097688965845 0.1579616301547373 0
711 11.90992845342075 1.785222142738757 0
712 11.909928453421 0.2147778572681057 0
713 8.246170358309513 1.232845874389069 0
714 8.246170358301034 0.7722154267702209 0
715 8.906944089482243 1.274282873710086 0
716 8.90678641709618 0.725379040894397 0
717 8.063954003734594 1.195097659188641 0
718 8.007123585635702 0.8365573497431124 0
719 16.07863751629764 1.727398532088601 0
720 0.9656667181690951 0.3150329118686815 0
721 8.895610835829784 1.733244251766995 0
722 8.895610835803243 0.2667557482330049 0
723 8.720479718262366 1.794783380825628 0
724 8.720479718233113 0.2052166191743724 0
725 11.32864400554196 1.235188415805949 0
726 11.32864400553599 0.7648115841940507 0
727 12.46644883753 1.322253150132598 0
728 12.46644883752351 0.6777468498674019 0
729 10.07806623746294 1.343326963308443 0
730 10.09740009339914 0.674198844347864 0
731 10.85682378143537 1.343936023386978 0
732 10.85682378142591 0.6560639766130217 0
733 4.538693820638525 0.6845424928251811 0
734 4.504795170701364 1.300090611673568 0
735 2.850198202948906 0.3202439061155053 0
736 2.849784704949897 1.678753944811098 0
737 4.055366815776813 0.8111267353955675 0
738 4.057581888117683 1.190554081096449 0
739 1.603866628103955 1.691045627159423 0
740 9.872164512186663 1.717689860579648 0
741 9.872164512163721 0.2823101394203515 0
742 4.690783025303554 0.3150053713733683 0
743 4.688613173662458 1.682225202907297 0
744 1.605252871940765 0.3075820077668051 0
745 3.676326668413575 0.3011529637868679 0
746 3.676326668428032 1.698847036207503 0
747 6.884154078578777 0.2956592129039116 0
748 6.884154078601824 1.704340787096088 0
749 13.2732304830924 1.250186319603491 0
750 13.27323048308821 0.749813680396509 0
751 6.739412658893321 0.8414187076440287 0
752 6.694390373381284 1.201362561548602 0
753 6.275955679830076 0.2441886780753969 0
754 6.275955679853259 1.755811321924603 0
755 13.76219772954959 1.759955536420782 0
756 5.46621828404772 0.2441860945767196 0
757 13.76219772953858 0.2400444651645197 0
758 5.466218284068854 1.75581390542328 0
759 14.54590170027136 1.683563517850193 0
760 14.54591033400207 0.3164459455265679 0
761 3.519258869411223 0.8446974206139863 0
762 3.519258869414327 1.155302579344145 0
763 9.485161649032936 1.162638095712794 0
764 9.456223215479596 0.7873365572040755 0
765 2.714289805275662 0.8451433200472422 0
766 2.695280429781008 1.144619131364807 0
767 7.304509441351343 0.8140193631659013 0
768 7.28138633764581 1.187159645186524 0
769 13.56944183356674 1.809283654390998 0
770 13.55535114364542 0.1835819245017388 0
771 5.703181637270509 0.2976786062458063 0
772 5.703181637290676 1.702321393754194 0
773 6.490063442682943 0.2485137132109788 0
774 6.490063442706515 1.751486286789021 0
775 6.677859728075892 0.2377882682586924 0
776 6.677859728100293 1.762211731741308 0
777 7.122999901947558 0.2687451061153628 0
778 7.122999901972048 1.731254893884637 0
779 4.88080291290384 0.2815034594293599 0
780 4.879509115958422 1.716615487286328 0
781 9.652146324642617 1.751374674493665 0
782 9.652146324617833 0.2486253255063346 0
783 3.886139713984976 0.2695856289558472 0
784 3.886139714000896 1.73041437104296 0
785 9.263768605001117 1.804767617926733 0
786 9.247474413330409 0.1698115997675361 0
787 11.05004686509925 1.691263764103919 0
788 11.05004713253529 0.3087363367790673 0
789 4.211193111122602 0.3057034638092079 0
790 4.21108235989109 1.694249747799345 0
791 4.056025100971293 0.2469197352478572 0
792 4.056025100988395 1.753080264751904 0
793 7.290048111862317 0.2333013525722789 0
794 7.290048111888441 1.766698647427721 0
795 5.058380239298491 0.2683551393279838 0
796 5.058164606490609 1.731331351791298 0
797 1.819834623884426 1.748439044937559 0
798 10.08539908822899 1.654219403534998 0
799 10.09469597248437 0.3497404154826343 0
800 5.868957816992966 0.2293216421406526 0
801 5.868957817015555 1.770678357859347 0
802 14.16122247517431 1.736746676082969 0
803 14.16122247516495 0.2632533730749957 0
804 7.805424529792218 0.1837526767053013 0
805 7.805588224735348 1.816926106505208 0
806 1.820132304549255 0.2512911510796994 0
807 3.134213471766445 0.1835544743075349 0
808 3.133980093683831 1.815943480608733 0
809 11.28678961063793 1.664031400634008 0
810 11.28678965519667 0.3359686161798232 0
811 10.86093793528335 1.830379092042251 0
812 10.86095555159371 0.1696275527838342 0
813 2.313328725819675 1.803899023979861 0
814 2.313442473204707 0.1959779508015592 0
815 2.059611422023255 1.805529836136313 0
816 2.875350370539017 0.6617985282034976 0
817 2.844815135212312 1.281215048827793 0
818 2.059773976100848 0.1943870435005726 0
819 8.036160438708871 0.2079077434087927 0
820 8.036160438737769 1.792092256591207 0
821 9.852905829204021 1.364023679465988 0
822 9.886917200365941 0.7101719999520464 0
823 4.739924876339202 0.6402873986727325 0
824 4.714331327325675 1.322302367622312 0
825 3.65859669136137 0.7173330229039907 0
826 3.687229624400004 1.297337116084368 0
827 11.06501597565996 1.277572839863409 0
828 11.0692549337503 0.7156177623791116 0
829 4.351780487345667 0.7022220760431509 0
830 4.327528177117101 1.310315545131052 0
831 1.604079096347729 1.26335268869496 0
832 7.727104741229266 1.265862589637036 0
833 1.628213154159492 0.7497554269638675 0
834 14.59107211443664 1.339945165327203 0
835 14.59107251517784 0.6600577515603191 0
836 11.55356939788336 1.29263132579537 0
837 11.55356939787625 0.7073686742046305 0
838 12.67156802143075 1.293198000758203 0
839 12.67156802142509 0.7068019992417969 0
840 8.243842014894634 0.1890309564435786 0
841 8.243842014924658 1.810969043556421 0
842 0.9820944065792931 0.7205744161206705 0
843 15.9730137019475 1.306636648127731 0
844 0.6151075836538785 0.9341210082748792 0
845 16.36761472247816 1.07773187402054 0
846 16.24648523900109 0.7186575069400769 0
847 0.7591375801215411 1.290761032409043 0
848 0.6130445979248865 0.5045780537183382 0
849 16.38697930093109 1.49542194620863 0
850 1.198568961584049 0.772037026336531 0
851 15.82890944626595 0.764296564261787 0
852 1.17632469332834 1.270951198236483 0
853 16.24117865354627 0.3416010919281135 0
854 0.7187574847066006 1.672559847377931 0
855 0.7566949905361042 0.3909613032692611 0
856 16.24311545175629 1.609047338734254 0
857 0.7823093818130554 0.6076537332009709 0
858 16.18888749003986 1.411047131413758 0
859 0.7751539285724491 0.8379868585484836 0
860 8.361104371216909 1 0
861 0.5014712951757041 1.315845503829076 0
862 16.4985347575325 0.6841544961710363 0
863 8.489247231228488 0.1617701088536734 0
864 8.489247231259807 1.838229891146327 0
865 0.4293744940267039 0.7125828876315251 0
866 16.57062975544898 1.287417112368811 0
867 16.52631941547685 0.9878346732263348 0
868 0.4736827049752327 1.012165326773911 0
869 16.19018534278318 0.9607491292802983 0
870 0.773000613366709 1.061486637985616 0
871 0.5494722928548341 0.3225836319472726 0
872 16.45268157214858 1.679403846998228 0
873 1.128184854372132 0.5211549291938563 0
874 0.6599097769265575 1.484406473144598 0
875 16.34010983662382 0.5155935268031639 0
876 0.2600583775433333 1.002896557758387 0
877 16.73994306538022 0.9971034422420033 0
878 16.26712044202102 1.819072515062064 0
879 0.7425033318638572 0.189666751596073 0
880 16.46520243581428 0.3651424872077531 0
881 0.5347620518396351 1.634855595240775 0
882 0.2383563751744761 1.252375753671829 0
883 16.76164510825949 0.7476242463283355 0
884 0.3364258856530659 1.574155233292825 0
885 16.66357528486389 0.4258447666984344 0
886 1.811413122314292 1.000071169900781 0
887 16.81134195236361 1.832053605056529 0
888 0.1886507708233272 0.1679467405357833 0
889 14.94519998773267 1.000023600450154 0
890 10.71533718367186 1.010994264851383 0
891 5.3277422110644 1.163444072099574 0
892 5.327742211059936 0.8365559279004255 0
893 6.162454184957511 1.174677810674149 0
894 6.14173339702381 0.8696151172930278 0
895 13.89146994966623 0.824370255868099 0
896 13.89138035385369 1.130253192979566 0
897 9.123163828125906 0.8177065555963893 0
898 9.124537830267467 1.174661095829704 0
899 15.48894289081608 1.208024652187943 0
900 14.65732462395023 0.8570968612066419 0
901 14.65732462395172 1.142906582758187 0
902 1.543372171326914 0.8968026707997357 0
903 8.920543346329071 1.087497083940012 0
904 8.920457289902409 0.9096358674897446 0
905 7.632299773702909 1.116290235096658 0
906 7.688625631482856 0.775984504391351 0
907 12.79623214491248 1.408174770207212 0
908 12.7962321449048 0.5918252297927882 0
909 7.925238418025254 1.267287300322406 0
910 15.92187456800593 1.85505362135221 0
911 1.106659504122792 0.1560016439271439 0
912 15.49223296571903 1.842072068839962 0
913 15.4656887051847 0.158683261615747 0
914 2.27184504050784 0.8583744049503697 0
915 7.84845259238117 1.379232100931974 0
916 7.8654898375753 0.6811568382708034 0
917 1.506244569807006 0.1395498435529305 0
918 1.522009056873018 1.855062200612087 0
919 2.740611798198199 1.846361149157743 0
920 2.740680714520149 0.1534717990917298 0
921 7.698085226593872 0.5349830878041225 0
922 7.70205104213013 1.473521300028615 0
923 4.158064314536562 1.86401442711776 0
924 4.158064314516469 0.1359855728822001 0
925 5.771376226589795 0.1209449060295414 0
926 5.771376226615292 1.879055093970458 0
927 7.196780217554429 0.1248109425193689 0
928 7.196780217583989 1.875189057480631 0
929 14.26860158638094 1.857684803911163 0
930 14.26860249742858 0.1423162001827032 0
931 6.784601984005895 1.870013682455042 0
932 6.78460198397772 0.1299863175449578 0
933 4.970846959128955 0.1252295062122071 0
934 4.970846959151982 1.874770493787793 0
935 9.620253614916209 1.899820054737795 0
936 9.620253614886405 0.1001799452622054 0
937 14.46777779392935 1.181857338672716 0
938 14.46777786071809 0.8181444959360854 0
939 6.171524610906598 0.1239562665343916 0
940 6.171524610933189 1.876043733465608 0
941 5.361905027272095 0.1239493772045855 0
942 5.36190502729631 1.876050622795414 0
943 13.90713870299746 1.870153053973686 0
944 13.90713870298539 0.1298469481362881 0
945 8.053386025075218 1.378481776450883 0
946 8.067539097660408 0.6210864613028478 0
947 3.551060540077046 1.824263557990338 0
948 3.551094950757589 0.1756711486355024 0
949 5.161144070529339 1.877525712619152 0
950 5.161144070505683 0.1224742873808474 0
951 5.968461764130804 1.878969126616696 0
952 5.968461764104732 0.1210308733833039 0
953 7.401786893990651 1.871572555653823 0
954 7.401834021431065 0.1286321241520944 0
955 2.097521807134758 0.8474305106840417 0
956 2.104696317623793 1.178575173794707 0
957 3.960904084018935 0.129085791101619 0
958 3.960904084038299 1.870914208898136 0
959 14.06675271885725 0.1214716066378958 0
960 14.06675271886881 1.878528397050584 0
961 6.580873893921253 0.1231760260262477 0
962 6.580873893949055 1.876823973973752 0
963 1.777861705072387 1.312752290460135 0
964 9.457454581967829 0.1736972801578023 0
965 9.457454581995808 1.826302719842198 0
966 1.78790845106991 0.6927341340596919 0
967 16.42007103102983 0.1733101062136198 0
968 0.5796676551328116 1.826657230398813 0
969 12.75164645863547 0.8624434745346777 0
970 12.75164645863807 1.137556525465322 0
971 13.30350493034985 0.1765712353100794 0
972 13.3370424313509 1.842163983248046 0
973 10.51353710772273 0.5435146532103289 0
974 10.52858828549623 1.419938672342738 0
975 1.881389694382211 1.87735612713828 0
976 1.881581339417604 0.1224658930945185 0
977 14.77598156194838 0.6141245235346877 0
978 14.77597947296317 1.385882149057023 0
979 8.72781611777952 1.166721483969312 0
980 8.72781611777344 0.8332785160306878 0
981 2.186128432357735 1.574967642529006 0
982 2.186687129026866 0.4247483762942286 0
983 2.90046272592039 1.077893998615177 0
984 11.51725511918715 1.13600093281218 0
985 11.51725511918383 0.8639990671878198 0
986 12.87070541540311 0.7301433796003334 0
987 12.87070541540809 1.269856620399666 0
988 5.569014676617031 1.877026387281379 0
989 5.569014676592197 0.1229736127186214 0
990 6.378069604582055 1.876694219358831 0
991 6.378069604554853 0.1233057806411691 0
992 12.39954097512908 1 0
993 1.604555314017601 1.461315871133975 0
994 4.179786247344534 1.308306418631251 0
995 4.183048493509363 0.6912105097009048 0
996 1.612844865508488 0.5487407118470815 0
997 15.28670125044698 0.1288401886924769 0
998 15.29056223508159 1.867096612792373 0
999 7.49589686683488 1.543559981010655 0
1000 7.497587120292859 0.456820770089315 0
1001 2.529795507317454 1.824070341908558 0
1002 2.529906561437 0.1757744006300277 0
1003 11.56836110200381 1.461214080017864 0
1004 11.56836110199259 0.5387859199821363 0
1005 11.39920132783826 0.1613206510036687 0
1006 11.39920131851964 1.83867935251923 0
1007 6.222775519261951 1.56365890673867 0
1008 6.222775519244805 0.4363410932613302 0
1009 13.81052000899115 0.4348299153380848 0
1010 13.81052000899917 1.565170088798451 0
1011 5.389671575402828 1.592920742619137 0
1012 5.389671575386447 0.4070792573808625 0
1013 5.506463567285359 0.8029053016851293 0
1014 5.506463567290859 1.197094698314871 0
1015 13.70870417498364 1.186215227163757 0
1016 13.70517585662944 0.8064057825542572 0
1017 4.648293969571461 1.141766885682088 0
1018 3.464147555288327 1.31749812478449 0
1019 3.466925576984119 0.6867473186739265 0
1020 15.37951985606201 0.6998447361299096 0
1021 6.318521358147333 0.8148670496005203 0
1022 6.322770322426481 1.193117230530658 0
1023 15.34607875184732 1.39757544954918 0
1024 2.646962914772212 1.318229025160453 0
1025 2.652425592330006 0.6742608472284614 0
1026 11.68118544478337 1.185448252097629 0
1027 11.68118544477898 0.8145517479023711 0
1028 12.98946816648002 0.5741411301165356 0
1029 12.98946816648767 1.425858869883464 0
1030 1.715289019600019 1.862921169453551 0
1031 1.715858102198497 0.1365419347332617 0
1032 9.281822176792963 0.6679571251552602 0
1033 9.296668669383596 1.331980875121811 0
1034 4.663576179390375 0.8148367512547784 0
1035 10.19039084278292 1.179110221099066 0
1036 10.2110389876851 0.8372850394305565 0
1037 12.22709034547538 0.3395715482530109 0
1038 12.22709034548953 1.660428451746989 0
1039 10.38571943965675 0.8483259656898898 0
1040 10.38485586654143 1.154355527406041 0
1041 6.865945441474736 1.302485845952917 0
1042 6.892740752076366 0.6993552106037307 0
1043 1.720402156564822 0.8740640244889634 0
1044 2.204511599693771 0.671209450615721 0
1045 2.191496664622049 1.370787246524511 0
1046 1.700304257867108 1.132348689695188 0
1047 1.314255386523358 0.1434168657800722 0
1048 15.72002796871079 1.840942813947881 0
1049 12.02443482361891 1.672736130818127 0
1050 12.02443482365847 0.3272638692024608 0
1051 3.298510522233296 0.8340330166599594 0
1052 3.289785817188307 1.172968417901074 0
1053 10.48351729883548 1.272587657904619 0
1054 10.48461908335257 0.7283231872994766 0
1055 3.033362465824436 0.7027308012840564 0
1056 3.238712833037241 1.369990186024502 0
1057 3.221063792837936 0.6419694761488043 0
1058 8.571111268145225 0.5569441605546318 0
1059 8.571111268161612 1.443055839445368 0
1060 10.81051359910591 1.188754343603009 0
1061 10.84621208160513 0.8342082287010675 0
1062 15.05130228157903 0.8246803609573067 0
1063 15.05814765461691 1.161273130963748 0
1064 12.08294482329985 0.1761333016795339 0
1065 12.08294482326347 1.823866698341054 0
1066 7.512562178150634 1.301169629597735 0
1067 7.501776619515792 0.683943882339379 0
1068 5.408435977626337 1 0
1069 5.105150858828163 1.213417745001275 0
1070 5.136019676114048 0.8078363134460059 0
1071 13.98048636556454 1.28921627664696 0
1072 12.27403841693591 1.340582858563183 0
1073 12.27403841692873 0.659417141436817 0
1074 6.057917184719855 1.297436920681892 0
1075 6.053773027125315 0.7114216649115431 0
1076 14.74641152672972 0.7491758058463616 0
1077 14.74641081050742 1.25083007817107 0
1078 13.15751441959318 0.8739021297064619 0
1079 13.15751441959534 1.126097870293538 0
1080 12.67584789094724 1.695284525923172 0
1081 12.67584789093446 0.3047154740771003 0
1082 3.70940604441051 0.900613056883643 0
1083 3.714644524395945 1.098128357503562 0
1084 1.354979203125291 0.9542767725477096 0
1085 13.79655782344925 0.9762050539873335 0
1086 9.883783658559702 0.8933395387825294 0
1087 6.234807422650277 1.023892827537878 0
1088 1.903668584698024 1.16399396091118 0
1089 1.9076554814881 0.8423409403295262 0
1090 1.986354683020628 0.3958850221547484 0
1091 1.985396460314785 1.604402488823518 0
1092 7.900375030702595 1.074365381090013 0
1093 7.836262555199633 0.8690281070624355 0
1094 12.37103279328995 1.486516193531161 0
1095 12.37103279327988 0.5134838064688387 0
1096 9.072502387471047 0.6097615601098756 0
1097 9.066248710209225 1.389955082193756 0
1098 15.62568336904883 1.037149712995008 0
1099 13.38892616221244 1.633653303437918 0
1100 13.39719609294519 0.3587452900909745 0
1101 6.626580603640025 1.593464298672489 0
1102 6.628874668284571 0.4102488386915862 0
1103 7.343203248133554 0.9995951674111332 0
1104 4.045041209588198 0.3941829616361506 0
1105 4.045041209601882 1.60581703836332 0
1106 14.15945858866772 1.560738675458722 0
1107 14.15945858866062 0.4392614543947248 0
1108 7.292751385808128 1.628513573148945 0
1109 7.294547014572924 0.3717910612555891 0
1110 5.175288418956897 0.4267097538785219 0
1111 5.180319300469858 1.57848933868325 0
1112 9.544382960287878 1.585712558229062 0
1113 9.492672344135112 0.3607317081999245 0
1114 5.877483730622871 0.42224673132605 0
1115 5.877483730639795 1.57775326867395 0
1116 3.457591270514376 1.636004454326886 0
1117 3.457670505659641 0.3638451992197032 0
1118 5.552318277601039 0.5996392860944286 0
1119 5.552318277612287 1.400360713905571 0
1120 2.927843269800413 0.8740707665707161 0
1121 3.065200156060368 1.229043590312038 0
1122 14.49625169820557 0.4681347029282675 0
1123 14.4962516180625 1.53186641750965 0
1124 2.656226665675085 1.657292980035523 0
1125 2.656394358625313 0.3424080011978939 0
1126 7.041799305233712 0.5927673093791673 0
1127 7.052166244406045 1.383748477689796 0
1128 4.902122156610576 0.5777233698881186 0
1129 4.927083909308304 1.376238014416151 0
1130 7.679633754530198 0.3394903335777295 0
1131 7.680087325087171 1.662571614238727 0
1132 13.61575727092871 1.40925714115305 0
1133 13.61525322544376 0.589688719687481 0
1134 9.670974353774653 1.418235665603221 0
1135 9.673585332309528 0.7901152020060821 0
1136 11.5286776298997 1.6380156393452 0
1137 11.5286776383946 0.3619843638649507 0
1138 6.422905825626961 0.5893917923936616 0
1139 6.424214994490548 1.413343395488306 0
1140 2.940421950036257 1.847091523267786 0
1141 2.940513671721291 0.1526921299068161 0
1142 2.459504999486565 1.390665188050387 0
1143 2.461715182489091 0.606922320706157 0
1144 3.818120365475585 0.6031604947487328 0
1145 3.811735902853711 1.403009292625357 0
1146 14.85330735985536 1.139108246692538 0
1147 14.8567505637872 0.8603354226537056 0
1148 4.347540167134341 1.837066303622938 0
1149 4.347558625655462 0.1629258983118139 0
1150 10.59031003715621 1.137391269101236 0
1151 10.59053469889157 0.8627989289571544 0
1152 11.03509422269838 0.129078207379044 0
1153 11.03509422272168 1.870921792620956 0
1154 14.35654006382293 1.662239099629783 0
1155 14.35654222948949 0.3377635307800544 0
1156 12.53220333566964 1.15421371449709 0
1157 12.53220333566657 0.8457862855029105 0
1158 1.995723833777769 1.391179113849353 0
1159 1.999182679824722 0.6205023837424981 0
1160 12.96215050266999 1.1314866424707 0
1161 12.96215050266762 0.8685133575292996 0
1162 6.408115027133872 0.3857368231265907 0
1163 6.407918047990461 1.615552841922618 0
1164 1.797873094195154 1.534855739393994 0
1165 1.801945975985628 0.4694559017750874 0
1166 5.568388968981621 0.4262658314707 0
1167 5.568388968997807 1.5737341685293 0
1168 13.60705610682565 1.61992910323924 0
1169 13.60705610681626 0.380070896843425 0
1170 15.33535338573508 0.3110742656069173 0
1171 15.30838309205298 1.669972749465856 0
1172 1.100788969063101 1.474288667086659 0
1173 15.90716782901859 0.5814523576327092 0
1174 2.478948029824458 0.8216925722872546 0
1175 2.508605753613245 1.18685115448297 0
1176 7.521894720594545 0.9368656830525401 0
1177 7.460532869237328 1.10490062986952 0
1178 8.366760957309108 0.341836481630781 0
1179 8.366760957333547 1.658163518369219 0
1180 16.00635944467821 0.3832986906879055 0
1181 13.05856237892367 1 0
1182 6.960803476548048 0.89651605861993 0
1183 6.853202827842184 1.069227041332434 0
1184 11.21572203801428 0.1465711184173352 0
1185 11.21572203803641 1.853428881582665 0
1186 14.08032535131942 1.142718822596188 0
1187 14.02888096073132 0.9523058856898576 0
1188 10.01524958747361 0.1500611221590961 0
1189 10.0146619750387 1.850651689899429 0
1190 8.75806932587169 0.4377843525748202 0
1191 8.758069325892249 1.56221564742518 0
1192 14.58215016217037 1.000001419026437 0
1193 5.226781494916933 1.010724096772279 0
1194 10.30598291431187 0.6588130708824519 0
1195 10.31999956720746 1.375198850557814 0
1196 9.795685498251695 0.1365575004884578 0
1197 9.795685498279594 1.863442499511542 0
1198 4.777690791426882 1.867158069064266 0
1199 4.777690791404628 0.1328419309357341 0
1200 1.076898871880759 0.8670975626868325 0
1201 6.992136982750542 1.863466403486066 0
1202 6.992136982721976 0.1365335965139335 0
1203 3.754858257022384 1.856011884624932 0
1204 3.754858257004315 0.1439881153708958 0
1205 13.1715805427333 0.6284274895532476 0
1206 13.17158054273967 1.371572510446752 0
1207 5.950365067057866 0.852212849905804 0
1208 6.001978972155258 1.097084370748926 0
1209 1.515162656447719 1.111484879546661 0
1210 9.226236785609386 0.9997666812435758 0
1211 15.46600115325482 0.8576008770687279 0
1212 13.32089516272864 0.8844064170561561 0
1213 13.32089516273054 1.115593582943844 0
1214 4.559986269329965 1.831599108760166 0
1215 4.560350987675867 0.1679380206090699 0
1216 4.426899954362595 1.634949076357247 0
1217 4.429775659336018 0.3623929678763393 0
1218 16.08550234929216 1.880515970778733 0
1219 0.9305117490872929 0.1315969959864166 0
1220 11.16007737123139 1.05742049698296 0
1221 11.1923585201725 0.8823671016252519 0
1222 15.66080804230953 0.8106741055123496 0
1223 9.926934449629067 1.135189620926556 0
1224 15.68868153479266 0.1711704878367565 0
1225 13.2538196054624 0.2930891526088998 0
1226 13.24726340729246 1.699222502319707 0
1227 6.048159395004507 0.5241513611577026 0
1228 6.048850087949696 1.477325069774537 0
1229 1.310374923551988 1.835332807153732 0
1230 15.13622445400433 0.1598383832897607 0
1231 15.13107931987519 1.837328709548186 0
1232 13.98645137279739 1.473905863623346 0
1233 14.00760294760342 0.5380504975318586 0
1234 15.26492590421881 1.190351840649013 0
1235 3.118873989838708 0.8095186152965319 0
1236 10.63033605781397 0.4234129915401815 0
1237 10.63003011935781 1.576705420538508 0
1238 15.88504690852903 0.1988873178968661 0
1239 11.72188256273054 1.727709255480122 0
1240 11.72188256507784 0.2722907454117677 0
1241 9.327153813986868 0.29873920562934 0
1242 9.3704156628758 1.66220127777969 0
1243 11.23805126017177 0.6376105740706444 0
1244 11.23805120167548 1.366500409938128 0
1245 15.4922313063745 0.5087638438431089 0
1246 9.063759315495503 1.777273925934118 0
1247 9.056043130854777 0.1961088499207486 0
1248 1.100017505133325 1.826774744714703 0
1249 11.90139147665751 0.8002522740903467 0
1250 11.90139147666207 1.199747725909653 0
1251 10.9377463049801 1.040489306428661 0
1252 4.452939316694837 1.153611336332618 0
1253 15.14417618466319 1.511137473152985 0
1254 3.034343111739364 1.689972618179781 0
1255 3.035049018640234 0.3083749486931988 0
1256 15.82804193500562 1.663925983130622 0
1257 4.55879733060294 0.9917753112903892 0
1258 10.80839223558187 1.635654519316638 0
1259 10.80846596190978 0.3643737922046379 0
1260 12.47027460640094 0.3304172385314006 0
1261 12.47027460641291 1.669582761469224 0
1262 12.99727079883975 0.3834829660533655 0
1263 12.99727079885081 1.616517033946635 0
1264 16.26186696958241 0.1547759853898565 0
1265 14.34948214975664 1.401354620422431 0
1266 14.34948222962825 0.5986463978734674 0
1267 5.724515427232631 0.5311651692063878 0
1268 5.724515427246096 1.468834830793612 0
1269 8.212796348020682 1.409432251172341 0
1270 8.211882349897726 0.5944562245316419 0
1271 0.7568563797143351 1.851923628239962 0
1272 3.340513005506593 0.1863816626620645 0
1273 3.340375933038999 1.813348377058014 0
1274 4.991382988499375 1.55370976005753 0
1275 4.981659137109731 0.432082919795195 0
1276 12.09616748289315 0.8589851058114201 0
1277 12.09616748289625 1.14101489418858 0
1278 1.332233347345561 1.135489085156129 0
1279 4.159168640019852 1.004434844488908 0
1280 10.25689319237423 0.1991831503731976 0
1281 10.20849398242721 1.804326316290687 0
1282 11.58471421102394 0.1591191520560774 0
1283 11.5847142070014 1.84088084946891 0
1284 4.77425563241934 0.9804118013697204 0
1285 4.42522434239372 0.5515072289788437 0
1286 4.413702571989786 1.441005014017465 0
1287 10.28805828109546 0.4321354960841816 0
1288 4.258301022757312 0.8553715572962259 0
1289 4.253530068791306 1.16525823009099 0
1290 14.86208735067243 0.3321908779851987 0
1291 14.86216341930806 1.667242402358327 0
1292 10.27404122726371 1.614770892063433 0
1293 4.862241929644044 1.169576891194654 0
1294 9.388070993837449 1.514801990562307 0
1295 11.94865354187904 0.6185595271521012 0
1296 11.94865354188767 1.381440472847899 0
1297 9.30977931230149 1.131828499731711 0
1298 16.59333933475587 1.860904517393067 0
1299 0.4076915413322908 0.1400416062290032 0
1300 10.02845638490254 0.8281636891698723 0
1301 2.344644327569915 0.6932600949452162 0
1302 11.04112984234788 0.9060205792234104 0
1303 2.304510374081428 1.237344565448704 0
1304 9.300747526644383 0.8525725339899937 0
1305 14.03112899569927 0.7376373482135902 0
1306 2.325295145154917 0.5559414767915396 0
1307 14.46751939623031 0.1670999204225017 0
1308 14.46751415625358 1.832905525410203 0
1309 2.314029053653423 1.437945600674015 0
1310 7.010600017645898 1.038381421480769 0
1311 15.04315833428541 1.672804932207305 0
1312 15.25417468278628 0.5331206893928612 0
1313 0.5767025057982875 0.1630729974430872 0
1314 9.72377813637536 1.006004196424426 0
1315 7.165012284730362 1.294707622447535 0
1316 15.15259325539091 1.31999956177679 0
1317 7.589248039288108 0.1535586205452956 0
1318 9.388258727283734 0.9801389887354426 0
1319 16.42649962294641 1.83984521986334 0
1320 7.589262799781924 1.847013200186315 0
1321 15.06476167070812 0.3716102990112835 0
1322 0.9035104444665319 1.73958840834709 0
1323 4.455690790588814 0.8431804378471579 0
1324 15.1860866705605 0.70618440252145 0
1325 9.182636417049453 0.3068612668790061 0
1326 16.09550390081804 0.1797605143171236 0
1327 15.26688080119793 0.8510257009092616 0
1328 15.84345050008714 1.129258211475475 0
1329 9.611022942774548 1.082720278955676 0
1330 15.05687315684228 0.6030814939740152 0
1331 15.57396107923058 1.687721770943522 0
1332 9.739416675563769 0.6019498297897344 0
1333 15.63493782285706 0.4522082113163218 0
1334 12.54344690732438 0.1384818432588469 0
1335 12.54344690733982 1.861518156741834 0
1336 0.9761201446920846 1.343213134943409 0
1337 0.9163625801501887 1.883657356260351 0
1338 1.04435922684428 1.634736171802175 0
1339 15.71807029335861 1.256047306845512 0
1340 15.5860690984777 1.397350888869041 0
1341 15.79961683495699 1.447008439091329 0
1342 16.18572385329839 1.184602947881551 0
1343 12.70700642329318 1.834120747173835 0
1344 12.70700642327777 0.1658792528264197 0
1345 10.44350892780312 0.1450427181044052 0
1346 15.4844983564937 1.540405035750922 0
1347 15.65443746083292 1.547282423557087 0
1348 16.81264493799438 0.1303600283303978 0
1349 0.1873452489856194 1.869638818970982 0
1350 11.32499237662164 3.688347962730032 0
1351 10.6427764477818 3.716388595563529 0
1352 10.02010947179968 4.301169341246938 0
1353 10.1174312964735 3.516316834041397 0
1354 9.505379248305214 3.581957607568476 0
1355 8.852800964113001 4.525427811884548 0
1356 8.612081916782364 4.176401633384573 0
1357 8.193979511581377 4.094748586747155 0
1358 8.011845691627398 4.058714013694525 0
1359 7.785047063629579 4.083471936224219 0
1360 7.60436784832573 4.061908716080195 0
1361 7.427117225235264 4.077347470438626 0
1362 7.176180565010294 4.082271428565264 0
1363 6.98017938924278 4.067094879713433 0
1364 6.750222187321246 4.066924373413636 0
1365 6.615810256223633 4.04646898274263 0
1366 6.351127002383525 4.062778931081566 0
1367 6.177544829948221 4.06844641033668 0
1368 5.996271899600538 4.07350300529564 0
1369 5.769533402870581 4.04552348829557 0
1370 5.569460360897923 4.031983853048889 0
1371 5.367132400421889 4.031970984843387 0
1372 5.164721491382441 4.031887422305612 0
1373 4.962243966671926 4.03174702776312 0
1374 4.760138499332211 4.031924138089057 0
1375 4.57665699452978 4.019314131461835 0
1376 4.402092490875702 4.057399036219181 0
1377 4.132050347992424 4.059025735603719 0
1378 3.950958775241952 4.031985828133385 0
1379 3.74864228818006 4.031982947433194 0
1380 3.546314532422695 4.031970921259347 0
1381 3.343900040825398 4.03188772116324 0
1382 3.141464696751416 4.031804829569357 0
1383 2.95866848035757 4.015670030344998 0
1384 2.768754837931364 4.020912324694987 0
1385 2.591178700127795 4.002360785317425 0
1386 2.309151503659724 4.089731991994546 0
1387 2.026649863275408 4.097171347170257 0
1388 11.28842023279657 5.385131993231629 0
1389 9.216441500707004 3.595732407854518 0
1390 9.128116276919362 4.448094638317549 0
1391 12.51214857215638 5.009261433121455 0
1392 0.7621776291034186 4.805363371768886 0
1393 12.73721947298143 3.998463016467944 0
1394 0.699638059086006 5.172406403922802 0
1395 0.6952936546237677 5.296610833429026 0
1396 13.23724208818088 4.933904364888393 0
1397 13.80357765367259 3.721988919291654 0
1398 1.335588504055132 3.093427245454931 0
1399 0.4831649239430009 5.305929945940766 0
1400 11.41567495253961 6.884333443381994 0
1401 0.4841036062582012 5.409705123477575 0
1402 0.755618424239188 2.988849034455231 0
1403 10.61213290574346 7.092224885573834 0
1404 0.2537171351139553 5.455878513841909 0
1405 0.5417144329603886 2.563474683921548 0
1406 10.08494381167783 6.947657152909742 0
1407 14.9302789078521 2.994740302850978 0
1408 16.47266012285445 3.391517540601924 0
1409 15.63104995222951 2.414535268685798 0
1410 0.4181053181278315 2.421730316925218 0
1411 16.18320113647781 2.712101183750498 0
1412 10.25746312778985 7.152235200634212 0
1413 0.2376604824420241 2.346344670362437 0
1414 16.51039560177281 2.244720129422352 0
1415 10.15425453331765 7.358464609982009 0
1416 16.76881490992013 2.250580798879555 0
1417 16.30746958591806 6.897696098549079 0
1418 10.72806267538592 4.95221334346454 0
1419 10.1217768055996 4.957556708157372 0
1420 9.893100833577023 4.708323257069695 0
1421 9.317197549427158 4.716289556241148 0
1422 9.065909002436992 4.762564285934468 0
1423 11.71511386144321 3.382281768316206 0
1424 9.332743334091248 5.194883662483742 0
1425 8.727004769780898 4.934077574469211 0
1426 10.41620695869118 6.077779876933339 0
1427 8.763339200682291 5.512062630190846 0
1428 9.106553260776801 5.596695710074668 0
1429 1.730230213684401 3.069628925242126 0
1430 8.609209260639171 5.409884957142523 0
1431 8.410570921460721 5.142844424917838 0
1432 8.085929095667224 5.081184855217292 0
1433 2.368488120370844 5.024886982767781 0
1434 7.322989840426322 5.061646193144001 0
1435 12.03003055624546 5.743973456393162 0
1436 7.54928177276345 3.132560196510359 0
1437 7.41349099381326 3.115559146529633 0
1438 7.799794222540948 3.338483871484518 0
1439 7.072396196678511 3.195349889372645 0
1440 6.950233077259493 3.109839553847986 0
1441 6.77232022326867 3.101822392708633 0
1442 6.581636231457638 3.17669183591482 0
1443 6.427044034849378 3.094082563716931 0
1444 5.80359162960541 3.138586746206358 0
1445 5.629050420546279 3.125677917889069 0
1446 5.452639931068444 3.124634259195274 0
1447 5.264751998675009 3.130618100739776 0
1448 5.051030120981732 3.130612747103536 0
1449 4.831884525122113 3.125204807582167 0
1450 4.594468129615917 3.141827659025173 0
1451 4.385804874341425 3.137508106754256 0
1452 4.172823882962648 3.138901192960102 0
1453 7.946034611258304 3.164814026401259 0
1454 4.00101717773952 3.192623962323629 0
1455 3.89382749504751 3.141175843709141 0
1456 3.308656144473979 3.126230615729345 0
1457 3.188698825686052 3.182969952515569 0
1458 2.991508444770005 3.154805967699277 0
1459 2.760668826782764 3.143341375988463 0
1460 1.725277081617458 5.255302609376159 0
1461 8.878189487566647 3.273606738539348 0
1462 1.098934845923123 4.182043934622532 0
1463 9.105186095876443 3.070968259032522 0
1464 12.47925991061921 3.523220738713383 0
1465 11.70731025277996 2.712856774655585 0
1466 1.569310309361169 5.662155110827188 0
1467 10.63738225694017 6.709980419310422 0
1468 11.83076606756166 6.827577133442918 0
1469 11.21722726225004 6.357254933359162 0
1470 11.47537773652314 3.071150020007903 0
1471 12.13510342539301 2.694006768554956 0
1472 13.28993912854579 3.463620560059883 0
1473 12.58869443264756 6.618192534338529 0
1474 12.90560088796324 5.583078537715303 0
1475 10.25678066385172 2.664987464772815 0
1476 12.81932516432128 2.74789067576349 0
1477 10.58686321042336 2.598980189645646 0
1478 10.0674930889169 3.027589054855258 0
1479 0.7936609198391216 3.60193199593193 0
1480 9.271264377738861 2.554245820452786 0
1481 13.58242170741325 5.534310830868892 0
1482 9.735490028282767 2.490520915217951 0
1483 0.4723401228932549 4.307229816503362 0
1484 1.534517670765699 3.698296004133879 0
1485 0.9620581739653531 5.537837468224034 0
1486 0.3783581421246048 4.573194867068927 0
1487 14.18919937296983 3.304790088453728 0
1488 13.68033595670746 2.534300222518337 0
1489 1.22441614259835 4.794350223863126 0
1490 11.36455482631234 4.463536785330658 0
1491 13.41107232345891 6.5083683746302 0
1492 0.8313741472789644 5.7405482688246 0
1493 10.19881210183401 6.775312652613198 0
1494 14.33182102971119 5.959426629777554 0
1495 0.2864491326352903 4.966480975779482 0
1496 1.800768891952498 2.594250462379898 0
1497 0.3451049520050707 3.352915937762472 0
1498 0.4683301954867027 5.163301757247607 0
1499 15.37203249801141 4.496696141413294 0
1500 0.3740803155914819 3.018424882429315 0
1501 1.379486520073598 2.566834829358495 0
1502 0.2345773680839655 5.227402211562399 0
1503 11.93111720413227 4.838492490536269 0
1504 1.254382084929508 2.388185767821359 0
1505 16.24280270680026 4.049993805525439 0
1506 1.259995790421668 5.773653338364779 0
1507 11.68623452639819 7.28331436311277 0
1508 0.8949116803587625 5.345821896940558 0
1509 14.45408873290194 2.425564303039568 0
1510 0.900818684863007 2.433469223131685 0
1511 14.73343184222779 3.786198555066509 0
1512 10.35777441293242 6.966730776350869 0
1513 15.17734402977581 5.604103865156881 0
1514 0.3660126547790538 5.596113296810434 0
1515 15.15468119717535 2.357942882265506 0
1516 10.9382192566375 6.977224021020912 0
1517 9.09756997213009 4.03322599184743 0
1518 0.6934395539036277 5.518268630755507 0
1519 0.296111695206697 2.688153578355159 0
1520 15.9218316024018 2.931787441971453 0
1521 10.43008716803933 7.376280464896349 0
1522 10.86199009868048 7.256306150716752 0
1523 0.7703367040516692 2.312316073953341 0
1524 0.4222358021340353 5.815703888275568 0
1525 15.62556136351817 3.466132190079145 0
1526 1.869491760053302 4.673355323936426 0
1527 0.6992247856250158 5.850386378909961 0
1528 13.41060495123428 4.223158018123437 0
1529 0.2087771375800852 5.567169140533681 0
1530 11.48496572857492 7.334075191690796 0
1531 0.1095301591190049 5.291328231313098 0
1532 16.0883148975676 2.389501358374389 0
1533 10.22151588863209 6.995085529919665 0
1534 15.43350151771662 2.247016487248596 0
1535 0.167146417446106 2.545647037954375 0
1536 0.3660243710327719 5.461447287363533 0
1537 10.37118081219047 7.233370433625397 0
1538 0.2448164419111577 5.924963924489862 0
1539 14.08562916515355 3.995073687300959 0
1540 10.28612591799246 3.807568772973348 0
1541 0.5884016426088071 2.184499186111889 0
1542 15.64344279879903 2.736961135131605 0
1543 16.69720326285397 3.027299820297139 0
1544 15.66075258764318 6.864112878451255 0
1545 10.29932764411209 7.367788459234539 0
1546 0.4348865836068886 5.688077465309723 0
1547 10.82919784774393 4.225564740730186 0
1548 9.645469085560606 3.835483870501802 0
1549 8.892483086710518 4.256503688971661 0
1550 11.13683805618145 7.295786920474176 0
1551 10.11843607724306 7.071745916675547 0
1552 0.09277990311071203 5.405370585161003 0
1553 9.335208791466243 3.867947601259085 0
1554 12.40571432948051 4.48770771909328 0
1555 15.87980496422569 2.556856186532121 0
1556 15.64891769737704 2.163560497442675 0
1557 16.25707052798654 2.215195970805869 0
1558 16.25212570665485 3.01668774495673 0
1559 16.33546646864726 2.481423836759362 0
1560 12.63028989846027 4.499437815403678 0
1561 10.35779405502352 3.616129451797355 0
1562 16.25310751331825 6.223979172037845 0
1563 10.08932714742095 6.830684188899197 0
1564 16.66884774991246 2.535974770805942 0
1565 9.787989124646257 3.505834212611911 0
1566 0.2926248981343405 5.55246774895733 0
1567 16.45240342633704 2.755289704613909 0
1568 3.080176809274626 4.319019953405743 0
1569 2.666488636060451 4.297747287693025 0
1570 3.299435764650786 4.319071604260331 0
1571 2.217510495608596 4.349028282076879 0
1572 3.502229497982587 4.319486474194922 0
1573 3.704608529807488 4.319550445429067 0
1574 3.906923520967472 4.319560256417554 0
1575 2.968246992203709 4.314775819075052 0
1576 2.46084722992466 4.322492978826389 0
1577 4.109228678465183 4.319561754050028 0
1578 4.900412596668471 4.31856246271508 0
1579 4.311823802789287 4.319810711493719 0
1580 5.120166851171541 4.319067867120988 0
1581 5.322960115837327 4.319485909063546 0
1582 5.525339028117071 4.319550360415805 0
1583 5.727653994824682 4.31956024321135 0
1584 4.748109383518257 4.316228343995514 0
1585 4.598523440757099 4.315555792127301 0
1586 5.929959145968261 4.319561748890096 0
1587 6.132262787646336 4.319561960393999 0
1588 6.334566134955558 4.319561881617323 0
1589 6.536869032700811 4.319561169109645 0
1590 6.73916936742862 4.319556682976715 0
1591 7.143626290677228 4.319144652590377 0
1592 7.34542076681988 4.318189068365498 0
1593 7.547690602781373 4.318149821882558 0
1594 7.7509076667819 4.319465340579114 0
1595 7.957339013744125 4.323234916297548 0
1596 8.195951033206166 4.350463760462506 0
1597 8.471053895412874 4.407906124773376 0
1598 10.12117103749029 7.21736062775531 0
1599 10.22513637435297 5.667885046255769 0
1600 9.852830633886038 5.782244148072914 0
1601 10.32208253405146 4.258905643351095 0
1602 8.54512976055557 4.696664002231088 0
1603 10.59829082563576 4.490254752065709 0
1604 8.284134815823032 4.592899463746567 0
1605 2.363624753890815 4.567445311427918 0
1606 2.576758430985449 4.556910281172049 0
1607 7.853526132454099 4.569371348866776 0
1608 2.786086066289416 4.566161658055556 0
1609 7.65049317521554 4.567270529259781 0
1610 2.977190546690559 4.584120529762663 0
1611 3.194744599439824 4.56546621947338 0
1612 3.398510170198993 4.565600606612044 0
1613 3.600904448345451 4.565673415081372 0
1614 3.803116594655467 4.565593179671667 0
1615 4.005361274684681 4.565545257851274 0
1616 4.208193530215689 4.565993379422324 0
1617 4.599378578459132 4.585892837204483 0
1618 4.808673951656527 4.568886128917939 0
1619 5.015283660937155 4.565424016306491 0
1620 5.219165928532131 4.565591183521938 0
1621 5.421560791778064 4.565671717174888 0
1622 5.623755619959674 4.56557696942533 0
1623 5.825829153944844 4.565372749394009 0
1624 6.028453108026358 4.565674405188232 0
1625 6.230783545910245 4.565704273550883 0
1626 6.433097521818077 4.56570134175709 0
1627 6.635543465507947 4.565678215078191 0
1628 6.839048349201931 4.565495725068575 0
1629 7.043398803615657 4.56393451768688 0
1630 7.430779049785457 4.567797496104855 0
1631 7.479613643384593 5.533196205116569 0
1632 3.232210260239069 5.534001441522618 0
1633 3.434479881043532 5.533905467058384 0
1634 3.63674030998985 5.533740475138941 0
1635 3.83900307585723 5.533735447258659 0
1636 4.041267691122593 5.53381901248803 0
1637 4.243532827628463 5.53373183063301 0
1638 4.445796749729841 5.533689834903184 0
1639 3.029888712177643 5.533934989321628 0
1640 4.648054122807171 5.533679843080963 0
1641 4.850309985713412 5.533673263930451 0
1642 5.052572169506963 5.533672666683398 0
1643 5.254838408083189 5.533675603244943 0
1644 5.457103716663405 5.533677755459159 0
1645 5.659367402311403 5.533678523898288 0
1646 5.861630414514551 5.533678717755635 0
1647 6.063893248037663 5.533678758871066 0
1648 6.266156037910175 5.533678760761203 0
1649 6.468418790141117 5.533678711271433 0
1650 6.670680891287664 5.53364397667457 0
1651 6.872938966185933 5.533510034020034 0
1652 7.07518389042213 5.533453516896278 0
1653 7.277413039200819 5.533412845169158 0
1654 2.827166513133366 5.533752343383431 0
1655 7.681378484330653 5.534108409566759 0
1656 2.622938157294565 5.532966583136038 0
1657 7.884556078834248 5.532322209496309 0
1658 8.109858143476552 5.564991860997858 0
1659 10.57850957194032 5.519699251975581 0
1660 2.129369692427297 5.584867916259801 0
1661 2.139074668001238 4.611299197926626 0
1662 10.83990810007754 4.498806419239902 0
1663 8.514941256804882 4.961248592384939 0
1664 1.289900202614593 5.236563243979978 0
1665 8.414723585664268 3.919511986837872 0
1666 8.820400017664449 2.707522688709548 0
1667 2.182028693653468 3.832787522419837 0
1668 10.68740078000203 3.056968775179115 0
1669 1.617764894250375 4.746960530386553 0
1670 8.641807718976521 2.693079366434541 0
1671 1.826616762193186 5.635842677237288 0
1672 2.435757350710807 2.687417548011277 0
1673 2.571487491623563 2.63605099032096 0
1674 2.785319280787067 2.621710874178121 0
1675 3.018417752923976 2.597238596095437 0
1676 3.183054630239704 2.547311487126463 0
1677 3.379660368235614 2.564412298974328 0
1678 4.302705855920158 2.556890851425611 0
1679 4.520898003759787 2.582569915553829 0
1680 4.723875774612193 2.583054289603501 0
1681 4.8842736018137 2.584619935448923 0
1682 5.921021306699661 2.567889493922127 0
1683 6.160459910228796 2.598475306547054 0
1684 6.384485966839102 2.582324040649605 0
1685 6.556215313518862 2.565448472277301 0
1686 6.771249359356805 2.541170240385985 0
1687 8.274277762164312 2.638078645861227 0
1688 6.975167919657607 2.497396969891938 0
1689 8.097833770733388 2.533046493134106 0
1690 7.782575325620157 2.700013571103101 0
1691 8.113976041453535 3.784765699580662 0
1692 7.976343496967313 3.857857163673474 0
1693 2.502962710746877 3.842122136715545 0
1694 7.128266722022356 3.795311698900764 0
1695 7.271285745659928 3.757361024258508 0
1696 2.784520654858166 3.824266393963371 0
1697 6.965043275011531 3.859505974642088 0
1698 2.963699286789737 3.839919788283567 0
1699 6.787976736475574 3.79093326928137 0
1700 3.163015467413785 3.842093793740222 0
1701 3.364984881716975 3.842410188473866 0
1702 3.567280599798837 3.842466228934917 0
1703 3.769600918576313 3.842475771012804 0
1704 3.971921314876483 3.842477514039761 0
1705 4.164657716736326 3.867157714843056 0
1706 4.375916863341997 3.87069090770813 0
1707 4.578912661407925 3.842505992565662 0
1708 4.781193352498031 3.842473011841393 0
1709 4.983477522815242 3.842442998694291 0
1710 5.185815340815533 3.842458766654262 0
1711 5.388151304226462 3.84247295186164 0
1712 5.590475140839103 3.842476787427595 0
1713 5.767779194092209 3.849524704151774 0
1714 5.924149103917144 3.798099620196033 0
1715 6.424231427072721 3.826244295429113 0
1716 7.460815657450341 2.481152178323221 0
1717 10.88733597453914 3.545543630532246 0
1718 2.143461247469139 2.512933914008226 0
1719 9.740730342212826 5.069972925281986 0
1720 0.8502611442664971 4.596150272849565 0
1721 9.286288180884947 5.648304743128068 0
1722 8.479877506183149 5.773547173072409 0
1723 9.098562904695303 5.146311366595713 0
1724 7.611523597298963 4.868631741157636 0
1725 7.993400113253855 4.845769075065773 0
1726 7.787920182331894 4.821545656579091 0
1727 2.957066914046447 4.842219712824299 0
1728 3.158921907251947 4.839508149932971 0
1729 3.361382499696906 4.839637508110414 0
1730 3.56389021172816 4.839491361553638 0
1731 2.754293670049075 4.854811254964779 0
1732 3.765853564269539 4.839585442708791 0
1733 3.968409887651585 4.839463341547278 0
1734 4.170760296705123 4.83969009132019 0
1735 4.373262983624802 4.839843072238084 0
1736 7.212474415072982 4.832183642787958 0
1737 4.57672905309633 4.843145770479652 0
1738 4.777214925209601 4.839997331584043 0
1739 4.979737897457298 4.839569797278695 0
1740 5.182108135099234 4.839495894062401 0
1741 5.384463740083741 4.839464861562553 0
1742 5.586392270019853 4.839565134421023 0
1743 5.788704617538087 4.839390547134063 0
1744 5.991231539326421 4.839427354290463 0
1745 6.193510131219941 4.839602856384636 0
1746 6.395808824388655 4.83961455767643 0
1747 6.597988686854383 4.839724593232595 0
1748 6.994459466812141 4.822247711469942 0
1749 6.800535344621093 4.844117302503161 0
1750 2.536493576251833 4.823736607702439 0
1751 2.409281585010202 4.812823882981418 0
1752 2.272235395336146 4.804944220557121 0
1753 7.319843535566618 4.765603742288975 0
1754 7.426857681338575 4.868790446184515 0
1755 8.596782200927734 5.663296000409456 0
1756 2.650657531935217 4.773556831673667 0
1757 7.693612198550651 4.793153252119669 0
1758 11.18368647658669 3.613604486643133 0
1759 7.109911221100337 4.768996437479999 0
1760 6.883243579543993 4.791665448174879 0
1761 6.70210435406051 4.779159781572897 0
1762 2.85649382345321 4.778298977398776 0
1763 6.499478787258579 4.779143098993477 0
1764 6.297151460887759 4.7791491688042 0
1765 6.094858446696939 4.779149848090818 0
1766 5.892242109255053 4.778848818011702 0
1767 5.689950812377071 4.778845363345432 0
1768 5.48797915824315 4.779130707105055 0
1769 5.285678120292143 4.779071294341938 0
1770 5.083601807967694 4.779065101263528 0
1771 4.881320215718723 4.779253906576248 0
1772 4.678899604865869 4.779442411145549 0
1773 4.476413009542717 4.779086556093192 0
1774 4.274414894584778 4.779280141473596 0
1775 4.072047735498179 4.779212751809096 0
1776 3.869402518510159 4.77888711497009 0
1777 3.667387058501621 4.779136824575921 0
1778 3.06018181086953 4.77915157754235 0
1779 3.46508583979751 4.779087170567313 0
1780 3.263005868823131 4.77912096391115 0
1781 7.892546710511763 4.79652531227314 0
1782 8.132932917917609 4.814842112889713 0
1783 10.86544541538606 3.175505951326484 0
1784 7.522115701368588 4.800945006146287 0
1785 8.330920457632963 4.879871664673622 0
1786 8.588360107452569 3.626322327863485 0
1787 1.33699216881879 5.412503803340015 0
1788 9.957402150388196 6.067506442085448 0
1789 2.020340106038672 3.600105032230589 0
1790 8.739340838906509 5.168144784039661 0
1791 11.24916779522393 5.865688500924549 0
1792 10.82716761874241 6.215704470381842 0
1793 1.786621977043186 4.958256476496993 0
1794 1.767353970792671 4.203509063595245 0
1795 9.601726597884259 5.287890541143224 0
1796 9.896892557299116 2.522703961276681 0
1797 11.32177931651982 4.916050390372114 0
1798 10.43011709151645 3.918181772499675 0
1799 10.16466348583116 4.696650960293236 0
1800 2.019607410796779 4.910633975665649 0
1801 11.60600017342029 6.065772074137221 0
1802 2.193909798257796 3.498480310810327 0
1803 11.95329751219013 3.045239470212289 0
1804 0.5939435809892416 3.980419189068904 0
1805 1.176327765263064 3.648066229022409 0
1806 13.46218766512459 2.991523843311835 0
1807 11.94018454432702 6.325977618004878 0
1808 9.839171430508877 4.602058338146404 0
1809 7.684285937674947 3.573830148782073 0
1810 8.010733012698596 3.515716625021553 0
1811 11.39430379581129 2.477988473289225 0
1812 7.327501926611812 3.45317254802204 0
1813 1.097411358880871 4.504505534230466 0
1814 2.349231381488632 3.51922221457041 0
1815 2.713145615844854 3.560570387080029 0
1816 3.263259563660855 3.507900801900319 0
1817 3.466392677835753 3.503582924638987 0
1818 4.013475390248519 3.531877926188115 0
1819 6.934139698892428 3.46687148084826 0
1820 4.184764284121544 3.526177693950313 0
1821 4.396651209354985 3.488638425052486 0
1822 4.580268394022945 3.504000965080898 0
1823 4.782635199856162 3.504039719288421 0
1824 4.979666321348808 3.48478769020883 0
1825 5.183015900976355 3.483506973552405 0
1826 5.394008479835906 3.521390039363099 0
1827 5.596301957329515 3.524069926735422 0
1828 5.806238299579478 3.506453356830205 0
1829 6.006492522069583 3.491165672101617 0
1830 6.262833101705989 3.541975836103347 0
1831 9.356478084621584 4.949297066105331 0
1832 0.3120845255689594 3.715654867052832 0
1833 8.29938099475107 3.603329737954336 0
1834 9.574613657494824 4.583428094123458 0
1835 0.9519913006025534 3.04296576857486 0
1836 10.05482499554146 6.377897595743687 0
1837 1.080568381068533 3.292037226278712 0
1838 11.60086467634595 3.003716403254445 0
1839 9.690438223432977 2.816397337174041 0
1840 0.8160398271737795 4.282162505526686 0
1841 9.166212577041774 4.964510124607235 0
1842 12.30090448745876 3.083820375480127 0
1843 8.618744140606122 5.162795152232097 0
1844 10.26648552587257 6.507969740109583 0
1845 8.820308272134289 5.831826255464605 0
1846 1.988362694630103 2.89889608145247 0
1847 9.335200002892588 2.84515633684944 0
1848 10.56861263174531 6.469997876150656 0
1849 1.37074429985629 3.396335407872622 0
1850 0.9592069166160367 3.942033388237991 0
1851 1.430198889228551 4.565344158803071 0
1852 11.35379218272981 3.356810715689301 0
1853 13.90333656708802 2.901483387112799 0
1854 1.549234254150916 4.062219523169705 0
1855 9.524763992052852 5.067041021964219 0
1856 8.790183284201527 3.022258043407532 0
1857 11.62580023153276 5.089865870029997 0
1858 10.8563684800111 6.551455677724017 0
1859 0.2725579833154075 4.838708306566163 0
1860 1.52997731820978 5.391260986508281 0
1861 11.58320739226056 6.539625916226734 0
1862 13.03520708413121 3.070472180018305 0
1863 12.40690888053638 6.157566595552256 0
1864 10.99219800982993 5.216137186120794 0
1865 10.19816785449623 2.998508485554127 0
1866 1.278620034225603 3.967865452408162 0
1867 1.847581726619323 3.872172364979245 0
1868 14.33213456615229 2.807673597525253 0
1869 14.09913453289295 2.451152582279316 0
1870 1.674038324618027 3.350105587950753 0
1871 13.22647663953282 2.634916241689537 0
1872 9.928073417170634 4.512636761885978 0
1873 1.499247674609604 2.725379361995791 0
1874 1.700549043952305 5.860689830928041 0
1875 0.2501360038633863 4.064044282127933 0
1876 9.890057491605935 2.81774326094388 0
1877 11.62021768264354 5.562721388799349 0
1878 0.4523559645783803 3.192428619325709 0
1879 9.187008754541397 2.756961272423263 0
1880 0.7437975263748787 3.29294957095667 0
1881 11.9535734530809 5.237844473081251 0
1882 10.14800416217175 3.96953393692666 0
1883 11.13666788726576 6.770053630545849 0
1884 9.784005727358645 4.052839959574323 0
1885 0.5085557491711943 5.011488222161832 0
1886 0.564549655845583 4.75566642051803 0
1887 10.4293544572176 6.706614810104315 0
1888 11.67694456433872 4.679329115250395 0
1889 9.735093336813923 4.352347802386711 0
1890 9.402544458965485 5.440289643406936 0
1891 8.993018745046351 2.730630228660596 0
1892 1.330535520386065 4.26846512999088 0
1893 12.31837041636104 5.243325006279719 0
1894 10.274627777905 5.134244936526675 0
1895 12.42120466995643 2.355663348565782 0
1896 1.354105171438614 5.537374711018121 0
1897 11.73468256803289 4.246966822982968 0
1898 11.414037132633 4.038478905907539 0
1899 11.8361667837045 3.811501675623879 0
1900 1.505676647393671 5.896667043738894 0
1901 10.69656052627286 2.329468368087061 0
1902 11.10374802696041 4.299702730374896 0
1903 13.67794478575566 3.41162460550064 0
1904 12.08103839266015 3.450928084598774 0
1905 0.5078462117665123 3.459497720255959 0
1906 9.423882851771374 3.727103201651703 0
1907 9.162948743412706 5.40020683224543 0
1908 10.15856258094523 2.369553893367681 0
1909 14.63322563658792 3.156781197111178 0
1910 13.45493193020546 5.950111703103453 0
1911 1.404673057915397 2.851577284515025 0
1912 13.02301030185046 6.154616108828293 0
1913 12.23543514883529 3.832796713889265 0
1914 1.962631752443816 4.394666853338649 0
1915 8.935930524298174 3.717551540357131 0
1916 2.035708555819698 5.23354752975809 0
1917 0.9914319419939527 4.805121644600776 0
1918 13.83709419204792 2.143800842551962 0
1919 11.74219557884159 2.279351302198073 0
1920 1.118892121635388 5.341430744491781 0
1921 12.08318662067862 7.23563599503455 0
1922 1.22895883725337 5.673498397641793 0
1923 1.160267515646219 5.023225876336165 0
1924 12.09961862960504 2.290448008810448 0
1925 12.98637109147357 3.859090850978332 0
1926 9.18055178596288 3.859746761736551 0
1927 9.370785755265315 4.483361629861204 0
1928 9.889761733985624 3.340363064050147 0
1929 11.33221914082631 6.734842923478876 0
1930 10.53032439534813 2.251463495227843 0
1931 9.964760815233015 4.016924467885254 0
1932 14.51240100427699 4.169878960089156 0
1933 9.012125464670721 3.383467683142487 0
1934 14.78494445827736 2.71839324620817 0
1935 0.1323808432796327 4.778907787388665 0
1936 9.558733696036409 4.112315217678059 0
1937 1.023455547189873 5.707150627227961 0
1938 1.367614976517215 5.748614013178429 0
1939 12.61545592467722 2.714431258316814 0
1940 14.18692046839117 6.888311868323572 0
1941 14.83208328949902 4.618862501128782 0
1942 9.090625622221195 4.59023842509943 0
1943 14.29863521910677 5.419675870247469 0
1944 10.07445412885996 3.360258992132575 0
1945 8.815835515269821 2.344509863173037 0
1946 10.10157005144649 2.853405413883162 0
1947 13.92894718573352 6.311165680938112 0
1948 8.728945660966341 4.292814643497832 0
1949 8.533172139309956 5.205694423725034 0
1950 12.32578042777187 4.036058898684502 0
1951 1.004771432684224 5.395115914751539 0
1952 9.254317636704796 4.152137515172324 0
1953 9.363622360813716 3.30772845165439 0
1954 9.218094611990848 4.530867806193813 0
1955 15.18925144530047 3.62446602122653 0
1956 13.03029368035354 4.145658189256399 0
1957 10.1804751329364 3.191778739354458 0
1958 11.48119541496109 2.85906215603659 0
1959 11.6359338468152 6.874967411038408 0
1960 13.66106092116221 4.873702185557907 0
1961 0.374106437436855 5.051188551597246 0
1962 12.65355719421266 5.316069789352816 0
1963 10.28969444001093 6.870139999438333 0
1964 10.7642105756516 6.999692947994238 0
1965 10.4584284977002 6.849928484703813 0
1966 10.60938573271512 6.943256063486938 0
1967 0.9224453343927441 5.030439103516955 0
1968 8.957719662247165 4.632590534825915 0
1969 10.83319164085587 6.856531723095653 0
1970 13.70241450541651 4.454872057123826 0
1971 14.89838578795507 2.480955139834586 0
1972 12.24099134242968 4.904674018104383 0
1973 9.285268801104218 3.719263066993145 0
1974 14.88524950117572 3.373286631645857 0
1975 0.6012645705806745 2.736253940015344 0
1976 9.258920508272929 4.348259917304278 0
1977 11.26041978757452 7.125686437508946 0
1978 0.3668729534901491 5.254216056377776 0
1979 1.220154894826038 2.579138497589372 0
1980 9.720788352820973 3.696376082951129 0
1981 13.04874830940227 5.274946465585786 0
1982 1.167191339153874 5.840628390324656 0
1983 0.7590263081999931 5.659805929015158 0
1984 9.989689679110072 4.932768768405944 0
1985 0.1184806667747554 4.645559155738435 0
1986 8.695635955360183 5.464354763532635 0
1987 12.31980731889714 6.663752857520383 0
1988 0.8241450914210204 5.850099705603874 0
1989 11.0322832630384 3.918623527922168 0
1990 1.439045706233191 2.199754243228183 0
1991 13.28990780064507 3.915382252378184 0
1992 0.8289487782998872 5.541739839755283 0
1993 9.450674412814328 2.554211895322528 0
1994 12.8281733036102 4.959008832521761 0
1995 13.81926566948352 5.308572345256225 0
1996 11.23239958131419 6.941214122714543 0
1997 9.404792196596309 4.031452048091763 0
1998 14.84806001805192 5.157174198240587 0
1999 12.55256774952375 3.772277526768574 0
2000 1.01741984915659 2.290286612706301 0
2001 15.49277289168165 3.904609541597466 0
2002 0.4321288924055851 4.417505294842375 0
2003 2.216188101577057 3.160406579275882 0
2004 9.284980390812949 3.125738692234723 0
2005 11.07884801891485 7.087414020483474 0
2006 1.790180092119381 3.268746072895326 0
2007 14.37202984965512 2.194960526821663 0
2008 0.09685431270558791 5.054893441388702 0
2009 2.266460243233593 4.211544866061055 0
2010 10.75032959879076 2.648888731990378 0
2011 12.24518231558015 4.62591031982027 0
2012 13.37021283029372 4.600068230823249 0
2013 11.73322216761438 7.052620959200001 0
2014 9.89198447135022 3.69057237210727 0
2015 10.05445162155722 3.679113133204934 0
2016 11.94558484252032 2.602988510518913 0
2017 9.692577873062513 3.381576477223593 0
2018 8.758168058019336 3.911398700230238 0
2019 0.3144369951943676 3.1823971292828 0
2020 0.9406754990427277 5.787206809011664 0
2021 8.822976911813656 4.66362803811047 0
2022 13.90830001414674 5.77923804409106 0
2023 15.95686734769704 4.941679082129787 0
2024 8.71607545812495 3.344367579106257 0
2025 0.5495646880969555 2.89018213676193 0
2026 14.47216077438475 3.470841011187411 0
2027 0.4356063367953398 4.79455470268721 0
2028 14.09111342799142 4.333652802711519 0
2029 8.980593786427738 4.912566143025193 0
2030 1.701175158232816 4.481868276989672 0
2031 15.25858196158161 3.191354396469727 0
2032 8.990600225737269 5.582981664533732 0
2033 10.89984914687944 7.11747075765327 0
2034 9.811606768480674 3.879876511587586 0
2035 8.12977183361909 4.216871923412881 0
2036 1.142767548923141 5.705183197762797 0
2037 9.189342853398344 4.768745190137958 0
2038 8.580606133148512 4.3045184612845 0
2039 9.008864204276957 3.200339216080108 0
2040 10.19038317868761 3.657436794600049 0
2041 13.7636464221154 4.118480326811636 0
2042 15.09665465960137 2.696044566168875 0
2043 7.903143002579276 4.182007747699701 0
2044 2.412556416203997 4.189797770006828 0
2045 13.1340588539721 4.40744101665405 0
2046 0.1452924330449879 4.928617762335636 0
2047 2.644174441110682 4.145577022404376 0
2048 3.03349109955311 4.176122780719742 0
2049 3.244794372833799 4.177718678861603 0
2050 3.447604406469555 4.178140615862396 0
2051 3.65002148876691 4.178232609903526 0
2052 3.852345576219794 4.178246079098908 0
2053 4.0546580367818 4.178249764013221 0
2054 4.264694308233477 4.172501919569761 0
2055 4.652513655366267 4.176581098680223 0
2056 4.853861113021813 4.175761256883425 0
2057 5.065546023759858 4.177692886749749 0
2058 5.268378525904105 4.178140380730135 0
2059 5.470794845089402 4.17823274035335 0
2060 5.673120003852939 4.178247443198053 0
2061 5.879530066367934 4.175515538442975 0
2062 6.077845662825509 4.178352010111728 0
2063 6.280332276215781 4.178550036983887 0
2064 6.486827885326365 4.165110145372569 0
2065 6.684970330926635 4.177605036526209 0
2066 7.0875705327916 4.187641389027014 0
2067 14.3698215531428 3.827436476791048 0
2068 7.698158916354796 4.18792078010148 0
2069 7.295910749090026 4.185505514283084 0
2070 8.98717046124216 4.490941860443527 0
2071 11.48628363547999 7.105983458529849 0
2072 8.877451808153296 4.394136477258274 0
2073 0.7278654211244103 2.495856266897491 0
2074 1.10734338964503 2.954787657006278 0
2075 10.73485433170477 7.17272213662423 0
2076 7.496783949035771 4.18738076567922 0
2077 0.9053227172887223 5.660231186542645 0
2078 12.29143661092269 4.336534802000275 0
2079 13.26182036528354 5.572508693283793 0
2080 9.57353596420376 3.72174220146459 0
2081 9.072348624353728 2.562983740412047 0
2082 9.497759161595841 3.437113316418672 0
2083 10.47277427047838 3.742149655282545 0
2084 10.17396332539374 6.86698511055152 0
2085 0.6468295296990431 4.974429623410805 0
2086 0.9272063738314408 2.894779492925516 0
2087 15.01268118546978 4.074753226854598 0
2088 14.13947338825548 3.607966667475132 0
2089 8.012031168367896 4.217058609665618 0
2090 15.40292653073269 5.083441281955795 0
2091 2.762322496040519 4.190714934994267 0
2092 6.832075195715854 4.181278067288053 0
2093 6.587542002521069 4.208027177510178 0
2094 6.955344136728708 4.220542928542899 0
2095 6.38557068464834 4.208458562420811 0
2096 6.183152931851347 4.208295409750439 0
2097 5.980689637637595 4.208140399976779 0
2098 5.778347442340248 4.208106901635924 0
2099 5.576028966949643 4.208096760435793 0
2100 5.37367288473139 4.208054916345846 0
2101 5.171080945526739 4.207811850859956 0
2102 4.96298527011604 4.206963449206432 0
2103 4.75367103937685 4.176621181699441 0
2104 4.498646239186304 4.17996430944358 0
2105 4.373463154443072 4.207604728927378 0
2106 2.881704375207338 4.171731337249621 0
2107 4.159907218279306 4.208120627654064 0
2108 3.957579406519532 4.208102976465279 0
2109 7.192177657712717 4.218299356266561 0
2110 3.755264376517686 4.208096298790744 0
2111 3.552908358058065 4.208055046059616 0
2112 3.35031986043372 4.207817913643884 0
2113 3.14241199818975 4.207144248832195 0
2114 7.802809113255011 4.217700406191704 0
2115 15.95472533484474 4.338788914214294 0
2116 14.91744083229213 6.786852986187786 0
2117 0.6556727610383103 5.632789438580184 0
2118 7.398728365103063 4.21746713699198 0
2119 7.60224365616155 4.217441429691737 0
2120 0.4113472981821116 4.919391968636668 0
2121 9.95306024230038 3.498490614726157 0
2122 0.8742830316489831 5.432508842083876 0
2123 1.056049099756243 5.797571828967676 0
2124 9.356100050417353 3.563354296392873 0
2125 10.97091296346137 7.357112959272757 0
2126 9.029935013330974 4.258248476210508 0
2127 15.945377311337 3.783043979508284 0
2128 13.5336418963773 3.918506414634614 0
2129 10.14699808947612 3.80297555990396 0
2130 1.60835685692025 2.564901907739555 0
2131 1.513336711414115 3.083503313751337 0
2132 0.1778177084605609 3.085440774122989 0
2133 9.720890855210985 4.805095750148812 0
2134 0.09395693084927788 5.598266148607635 0
2135 10.66979433640187 4.037763786482764 0
2136 1.226254280313122 2.169651211858925 0
2137 0.16380051834715 2.729680724151281 0
2138 0.7342085832198886 2.144817547007902 0
2139 15.36622296986724 2.865259576500506 0
2140 13.38664295242505 2.22912155563034 0
2141 2.148293018584298 4.266547399795469 0
2142 13.03479509536515 4.666717308898786 0
2143 13.43568057423261 5.243274362001481 0
2144 10.4808336383869 7.014643836197364 0
2145 1.058767417831637 5.604348608757078 0
2146 8.190221202593126 5.154984592161615 0
2147 0.1095330879128561 5.157661187342458 0
2148 10.71911564988521 7.321148906339146 0
2149 0.8214604951149485 5.249587827115869 0
2150 15.07115767841362 2.170282278147737 0
2151 0.3315761206636026 5.766400360911913 0
2152 15.38547574459965 2.543754084000316 0
2153 9.502281667047489 3.878736084967754 0
2154 10.43883007700859 2.551697926781955 0
2155 0.5872971647958435 5.458968830452645 0
2156 0.3959661032944724 5.347637735594526 0
2157 0.88509583943579 2.758395769795788 0
2158 12.62457738258685 4.779663707420158 0
2159 0.9422001499492466 5.902937305187414 0
2160 10.60185142643632 7.236758932023946 0
2161 14.81571578371965 6.11180336248885 0
2162 0.5719553335543324 2.390243857509066 0
2163 10.22635576747838 3.391909506630588 0
2164 0.5913938240161946 5.550400851317397 0
2165 11.3388637337256 7.310426198570265 0
2166 0.2297326358750385 5.076882806611258 0
2167 7.547792031418076 5.135921633302178 0
2168 7.766691255190654 5.149595231227241 0
2169 2.910990777994003 5.171145801324077 0
2170 3.113404125032142 5.172237480414566 0
2171 3.315561011707025 5.172557426559913 0
2172 3.518484332913237 5.172120939632929 0
2173 3.72018276710746 5.172432904477114 0
2174 3.923093500323784 5.172036548410441 0
2175 4.124997330893764 5.172288850889922 0
2176 4.327015489286867 5.17247747024946 0
2177 4.52988355762031 5.172138898873506 0
2178 4.731467710253582 5.17253948683381 0
2179 4.934075931511699 5.172229538188331 0
2180 5.136433078865844 5.172109500242939 0
2181 5.338951099864664 5.172003657762477 0
2182 5.54056548682763 5.172445805440754 0
2183 5.743261302061143 5.172191409566162 0
2184 5.945834008749281 5.172022033874076 0
2185 6.14777514921993 5.172241112524929 0
2186 6.350014035291148 5.172268663838937 0
2187 6.729839708432505 5.139690130267843 0
2188 6.959886376493035 5.159757095118334 0
2189 7.145806014624755 5.156338189463629 0
2190 16.0669892504026 2.152189612091848 0
2191 0.9456021415415935 5.270549431394979 0
2192 15.7734563781744 5.638247559054388 0
2193 13.47412427242782 3.648364989428546 0
2194 0.2637717633587743 5.630719616623931 0
2195 7.337323641569055 5.162087502971301 0
2196 1.346184241182363 5.918099801747378 0
2197 9.631313784266158 3.542474791923398 0
2198 14.72002151424698 2.150066982343905 0
2199 16.02428800302576 3.32871020213912 0
2200 10.36584430268107 7.086768560804092 0
2201 15.65691599187475 3.104329321463014 0
2202 8.76731739677895 4.109732127095701 0
2203 0.2429261590989372 5.720298854193324 0
2204 0.6479215632538772 5.922104264828094 0
2205 0.4144769720851842 2.248131429229165 0
2206 0.7593644702817772 5.926489833047364 0
2207 0.07249764770494529 5.503022331917907 0
2208 0.6834691500852044 5.402974819633298 0
2209 0.6003599047571119 5.103104421043779 0
2210 0.1881476670511759 5.361374662606358 0
2211 0.4946013891343492 5.87007433674884 0
2212 0.2376750226260637 5.831926213936716 0
2213 0.7385108864666797 2.672849313400316 0
2214 0.3278346563014513 5.680321918769865 0
2215 10.48934158590193 7.280651674419806 0
2216 10.83689851789806 7.379119415365608 0
2217 0.5891014135146406 5.231622247829205 0
2218 0.6436286734833245 5.731111499223191 0
2219 0.7514798012016637 5.766390356315357 0
2220 9.25275437363984 3.997918593148648 0
2221 8.285188587506711 3.119241375481202 0
2222 10.49207667430972 7.156462428251342 0
2223 0.3471496898394226 2.543491842892917 0
2224 15.44654837249617 6.18866164995638 0
2225 0.5657745644485447 5.919245908139667 0
2226 0.5535215383338924 5.649516787660727 0
2227 0.7689248870864424 5.449450637843833 0
2228 1.060764707013568 2.510344755449926 0
2229 10.24509359577335 7.262827589435849 0
2230 16.68533232373801 2.768395964855228 0
2231 0.7897238164863514 5.362825809507743 0
2232 0.5936526319487211 5.84043054744133 0
2233 0.4099474320352131 5.926703732430561 0
2234 0.1659132260941483 5.66935808965071 0
2235 0.1362320883376509 5.789357327482421 0
2236 0.1616314433832075 3.404521996389074 0
2237 0.3309818836625822 2.823970838085406 0
2238 10.58298439208166 7.387834282525607 0
2239 0.1586167751311786 5.481378168946748 0
2240 0.484782572111421 5.545060574735638 0
2241 10.45298305091495 5.762757718875481 0
2242 8.295789595278187 5.763125091149878 0
2243 10.27542714309682 5.400240417700451 0
2244 7.283820119667328 5.751596363019893 0
2245 7.696181240465727 5.750439278379235 0
2246 4.047745858689068 5.75190039034162 0
2247 4.249998719765046 5.751879979845811 0
2248 4.452252948086759 5.751801403853603 0
2249 4.654506678741733 5.751782180579704 0
2250 4.856759567658915 5.751801944146504 0
2251 5.059012308676775 5.751870634360345 0
2252 3.845485897536645 5.751931216580256 0
2253 5.261271021500602 5.751801986468904 0
2254 5.463528122495053 5.751778770894492 0
2255 5.665784082263975 5.751776096566931 0
2256 5.868039700174795 5.75177581998954 0
2257 6.0702952207639 5.751775796352097 0
2258 6.272550714658256 5.75177575553765 0
2259 6.474806554450137 5.751753377964804 0
2260 7.081556333408838 5.751666951813266 0
2261 6.677062454194367 5.751605404907015 0
2262 6.879308335659563 5.751646110019593 0
2263 3.64322778427827 5.751936919791899 0
2264 2.830294232464319 5.751151277338667 0
2265 3.440976305458504 5.751826125573061 0
2266 3.036365977033605 5.752022473645598 0
2267 7.486778128311127 5.750701025107737 0
2268 7.901828762654245 5.750052449273277 0
2269 3.238706273625548 5.751946489431107 0
2270 8.084993959858815 5.767704026679222 0
2271 10.46973474469739 4.771659442597827 0
2272 2.179395874522985 5.787107129118634 0
2273 8.188968392957937 5.396650198190627 0
2274 10.71127661058046 5.951354346133475 0
2275 8.608317567023448 2.342142156674317 0
2276 2.384351869955328 2.516721449708173 0
2277 1.738429620972539 5.373881302174603 0
2278 9.876285835925346 5.540827547700702 0
2279 7.740498220927847 2.362603039011531 0
2280 10.29026386088685 5.904954594923724 0
2281 10.14599665544131 6.051642680978678 0
2282 2.393527990451705 5.344758167238846 0
2283 7.445576195247574 5.34680452604543 0
2284 9.633658884664563 5.822881616222847 0
2285 8.081727718009768 5.314878325168328 0
2286 3.198021022836572 5.347737910794658 0
2287 9.747009229012091 5.468849162124896 0
2288 7.646970957207114 5.347382035046595 0
2289 7.844241602852247 5.349625399814529 0
2290 2.995670352402284 5.347358795413428 0
2291 2.793030787376493 5.346244367971925 0
2292 5.018443980710166 5.347302413517076 0
2293 5.220719522039055 5.347307980790563 0
2294 3.602574482624885 5.347381884379077 0
2295 3.804844129898773 5.347324906495526 0
2296 4.816177651622937 5.347304708183273 0
2297 4.007114866883401 5.34731756580563 0
2298 4.20938995919038 5.347321446371636 0
2299 5.422993862621072 5.347312523612896 0
2300 3.400305691942791 5.347618891562464 0
2301 5.625264981089812 5.347314316874562 0
2302 5.827534573868763 5.347314808139153 0
2303 6.029803722189424 5.347314919771787 0
2304 4.411663651194935 5.34732524773936 0
2305 6.232072760476866 5.347314935041565 0
2306 6.43434174007503 5.34731488026523 0
2307 6.636610404198864 5.347313777812281 0
2308 7.041126000232484 5.347101832445231 0
2309 6.838875691782361 5.347286758087073 0
2310 4.61392342037403 5.347317329613724 0
2311 2.13381917612036 5.391175884661333 0
2312 7.24336734277769 5.347426014545269 0
2313 7.552086205722283 5.36439815584717 0
2314 3.304764410805536 5.365716598187638 0
2315 7.147827668953981 5.365065792895143 0
2316 2.68720192825412 5.350438539028986 0
2317 3.507036958402619 5.365492881457257 0
2318 7.350068746835583 5.365532986643912 0
2319 6.945589115621829 5.365217820412494 0
2320 4.922901998162746 5.365315905386486 0
2321 6.743330623223506 5.365312596459056 0
2322 6.54106356987239 5.365327895210204 0
2323 6.338795279474634 5.365328163135199 0
2324 5.125173638878366 5.365318656021821 0
2325 6.136526869889051 5.365328175785241 0
2326 5.934258399029832 5.365328128956341 0
2327 5.731989714812722 5.365327899085975 0
2328 5.327448382496095 5.365324056507221 0
2329 5.529720213725438 5.365326972002554 0
2330 2.900015126196484 5.365066606898878 0
2331 4.720642696684958 5.365323698715841 0
2332 3.709305229471698 5.365356588857158 0
2333 4.113846499174863 5.365340651526621 0
2334 3.911574532176977 5.365341152402921 0
2335 4.316121558788942 5.365338237101573 0
2336 4.518388232540391 5.365335732021892 0
2337 3.10245697473969 5.365603853243032 0
2338 7.752149203182158 5.366981985582102 0
2339 7.958471391115464 5.362731025298863 0
2340 2.254777099753925 5.343451007429669 0
2341 9.510877486906546 5.789998563164008 0
2342 10.97692822614834 5.513702254741214 0
2343 2.040908584258869 5.439518765914211 0
2344 10.68060591151989 5.239641781460409 0
2345 8.477459060390235 5.607715577813606 0
2346 10.18217706268251 6.29493409987077 0
2347 1.485143672107264 5.192862630565712 0
2348 10.65922452548061 4.208671183122823 0
2349 2.179084676841597 2.845013919451163 0
2350 9.204469149837733 5.860665908732078 0
2351 10.80586605813131 3.779590047103463 0
2352 1.967517415203696 5.833598100312354 0
2353 10.37519245994152 5.492676266378022 0
2354 6.397165584957775 2.912454701139753 0
2355 6.241981046200626 2.885988293806418 0
2356 6.043544046885156 2.886215980291761 0
2357 5.850288397644029 2.861164899373483 0
2358 5.658759431922384 2.848972312671734 0
2359 5.464444969640192 2.855544631792039 0
2360 5.283100910355498 2.856164333532155 0
2361 5.082022244090587 2.856969093257384 0
2362 4.846504068471723 2.876124719491657 0
2363 4.604577428906555 2.860320404355068 0
2364 4.395630088181039 2.857686083581709 0
2365 4.222075012228675 2.854238155915122 0
2366 4.054455533939405 2.86156166298566 0
2367 3.883709640669039 2.872317820841248 0
2368 3.716303986798909 2.877905026413375 0
2369 3.539947454429095 2.863519022230679 0
2370 3.167464360906919 2.864528358962441 0
2371 10.30120765926492 6.375563822214382 0
2372 1.476282975488505 4.773792094130402 0
2373 10.67541477325837 6.158647659101874 0
2374 8.00924546813288 2.161328754593519 0
2375 10.22118839369612 4.888844519625886 0
2376 10.62808486244444 4.670927713704596 0
2377 10.28345954599707 4.420356808402008 0
2378 3.045235923639804 2.295265889153 0
2379 3.344879193930409 2.221578668491609 0
2380 5.810811039871412 2.286805974236221 0
2381 5.076156221470623 2.300059661133183 0
2382 4.934171151125106 2.264678568250046 0
2383 4.7697898631095 2.289114193715899 0
2384 4.573751577543241 2.29318650770856 0
2385 4.373112101966438 2.282696576402761 0
2386 6.036853626944044 2.318788196283166 0
2387 6.227002947866986 2.313316709650517 0
2388 7.376196069807567 2.324602954851137 0
2389 6.764644609577893 2.296005117062438 0
2390 11.04644647593937 4.923605959396911 0
2391 1.62682514134812 5.146878984146628 0
2392 10.80415476262145 4.67779921885026 0
2393 10.80708104047222 5.392691474802708 0
2394 7.150167847355765 2.348137182084253 0
2395 6.935541187337243 2.299964193800385 0
2396 7.817154663950173 3.045874441931588 0
2397 8.545028202260362 5.847217928939076 0
2398 9.443609220248637 5.666694538605243 0
2399 10.52243152180377 6.338652678885036 0
2400 11.051772451112 3.305394093537078 0
2401 10.52479158003106 4.069982630492046 0
2402 8.482320422060381 2.15561333713557 0
2403 11.03257501028763 6.052923064587779 0
2404 8.950062480047288 5.42305415072968 0
2405 0.5204489961030984 3.641095013461387 0
2406 8.929779674064021 5.051343708894541 0
2407 11.40257937539766 2.233312139593205 0
2408 10.72850178227861 4.380172079419663 0
2409 8.803231363374772 5.048354663012386 0
2410 2.031706427625616 5.633548798926309 0
2411 9.7379315394265 5.316911643102172 0
2412 1.988310441431331 5.010260795790391 0
2413 8.797330524594878 5.636295519289587 0
2414 10.06573833467027 4.445148001848582 0
2415 11.26589741695761 5.584582002335552 0
2416 1.714494299359286 5.674340500783683 0
2417 0.9415302537399964 3.454995957572307 0
2418 11.20344498695989 6.08344147505172 0
2419 1.894949984121244 5.073829215564752 0
2420 8.917699146100032 5.667613957929333 0
2421 10.42484453871295 5.07201980509747 0
2422 7.488162800865164 2.191021075263174 0
2423 8.584576384954959 5.536310593413546 0
2424 9.212122257141138 5.545377515882117 0
2425 13.21786343655322 2.196168617053663 0
2426 11.38043513433727 6.209214956783728 0
2427 11.40920491120277 5.71717247334376 0
2428 9.818018495753163 6.211774567557115 0
2429 11.27632316781136 5.156126946653246 0
2430 9.048516053217069 5.339740661382618 0
2431 2.078865234761168 2.698368809198214 0
2432 11.97737597353608 6.057567265360554 0
2433 9.954398614293742 5.663520287401941 0
2434 11.15189111694819 5.010932106205491 0
2435 10.68038951094538 6.326729391445507 0
2436 9.242847401172451 5.065846642718355 0
2437 0.9940677633543387 3.625410693913766 0
2438 10.81744106035499 5.681122039525779 0
2439 1.280405804500819 5.014956716491959 0
2440 0.6692419691931569 3.775931829261801 0
2441 8.714518614408812 5.871687385176934 0
2442 2.248130335069002 3.323511255295593 0
2443 1.337222337789418 4.870532197422895 0
2444 1.37613433589846 5.123293453161204 0
2445 11.34791590152082 4.686484187522431 0
2446 0.8719467725687716 4.100774451899898 0
2447 0.9600389952729239 4.392226072228972 0
2448 0.7032145865738079 4.124745310406241 0
2449 10.0497955313686 6.258524831468566 0
2450 1.265779298266983 4.542392440807601 0
2451 11.45589508533401 5.239535456626867 0
2452 1.75696936304388 5.801008314813529 0
2453 1.639390827125512 5.349806601986788 0
2454 9.615586093747419 5.412501465702253 0
2455 11.1353672054294 2.68183671396762 0
2456 11.58755900060863 6.322275619928349 0
2457 2.430688647147932 3.367583197233273 0
2458 8.565332308252486 3.481548634618967 0
2459 1.599228633914048 3.500874129749114 0
2460 9.008471416125309 2.240146267503856 0
2461 0.7764446390709389 3.954244421199621 0
2462 0.873316295366092 3.788015171435076 0
2463 1.65620254883037 5.000262862231335 0
2464 10.7044504173573 2.855382232392904 0
2465 1.546024081554882 5.521775235003322 0
2466 8.644075252037862 4.814037987424212 0
2467 11.03543600878272 6.235561770143693 0
2468 8.376263973700789 3.745329124103594 0
2469 11.80456505145205 5.918434295201005 0
2470 1.759777123123759 5.11206385518351 0
2471 10.98782587024576 3.706075763042384 0
2472 0.4745257304328981 3.840130154950499 0
2473 11.61770797001479 5.815257735217631 0
2474 11.56829392148191 2.383516159538639 0
2475 1.654997712131724 5.770643805525817 0
2476 1.583653551323326 4.875330013943355 0
2477 1.175420728459237 4.666273873240651 0
2478 2.291681656482289 3.018496812341406 0
2479 1.438949735891407 5.326394328569565 0
2480 10.83109926186354 3.945122166697971 0
2481 11.62017734830287 5.320517495839536 0
2482 1.231239638702284 4.383283755522023 0
2483 11.08561973664297 4.514457266829947 0
2484 10.41571318344611 6.461825075294725 0
2485 8.944296869837592 5.791748744841313 0
2486 1.394022602811746 3.843245976541373 0
2487 1.361115680572864 4.419999418090308 0
2488 9.557517223440467 5.900193195621559 0
2489 0.6572781572727232 4.467535266875793 0
2490 1.043086347134677 4.6727434488269 0
2491 1.682443856167909 3.965108097992526 0
2492 1.093321336282353 4.31821493263104 0
2493 2.02389261168458 3.859115922330024 0
2494 6.891284618055015 3.263185759567416 0
2495 11.03043686787193 6.452967481936177 0
2496 1.059139103121647 3.794235734740498 0
2497 1.544742560105548 3.89642915206502 0
2498 7.03604170518511 3.331357703620993 0
2499 0.6369306179301046 4.301029148925484 0
2500 10.37866386489791 4.093045664545843 0
2501 8.481594974897916 5.460455749313349 0
2502 11.09861747951594 4.111519046104473 0
2503 1.799834382526712 4.05187551015653 0
2504 8.654320554270493 3.033648353995636 0
2505 9.81587483830728 5.179643792799904 0
2506 9.246803342485315 5.302215850237885 0
2507 10.01720506760632 2.217373777068684 0
2508 13.07183924727385 2.415028528823573 0
2509 0.1715874241658572 4.205753643056815 0
2510 1.346529194226504 3.675418879144102 0
2511 0.6884410011585177 4.724928302935891 0
2512 1.441478527832225 3.52231297181762 0
2513 8.229892133184123 4.910300655393055 0
2514 9.468624670160816 5.248541218191598 0
2515 2.600920195524822 3.376430001257158 0
2516 1.337092021029474 4.699430690471661 0
2517 6.249029235146098 3.346128395285754 0
2518 8.522076207974289 3.75910973143351 0
2519 0.7894132008745613 4.948514257703059 0
2520 10.86575766435269 2.436362313044558 0
2521 3.536236158634461 3.345547872140866 0
2522 3.267855968443771 3.305308242881927 0
2523 4.592796962370406 3.320753522710168 0
2524 4.801007622843374 3.317996127562066 0
2525 5.835035734947159 3.293822834692949 0
2526 6.088503294412143 3.344792564876442 0
2527 3.089447131451143 3.31175607109811 0
2528 0.290481875740022 3.903468789440584 0
2529 7.974258092051879 3.345171442806253 0
2530 2.940992288053577 3.354934119284676 0
2531 12.61870913985705 2.317129679061934 0
2532 9.354664135140325 5.545829441252646 0
2533 8.535572329351682 4.855670836001921 0
2534 10.78346827037775 3.632931442626907 0
2535 1.826920049642319 4.815340320759144 0
2536 6.666315038062415 3.445939648105051 0
2537 9.031463730452671 5.047337083581493 0
2538 9.291623766750361 5.427110704570711 0
2539 0.8156891446873996 4.466130449684819 0
2540 1.915666188694676 4.535290290717226 0
2541 11.71934430039121 4.475123903055482 0
2542 1.68658416748037 3.794505358410685 0
2543 10.86497013807347 6.384967584756907 0
2544 9.493496033731779 5.513682411282639 0
2545 0.5278776049917955 4.155954384130973 0
2546 10.08521449769171 4.136901601593337 0
2547 13.31952848489249 2.408144874246192 0
2548 13.57021856155354 2.761116495797495 0
2549 11.20622166879672 4.607432211160805 0
2550 1.118793247358719 3.477898523029192 0
2551 9.999856218856012 6.49942411713423 0
2552 9.344882062188775 5.04627887290983 0
2553 8.415629468585069 4.785809988647196 0
2554 2.003160663091222 2.339115821418444 0
2555 10.85638240788539 5.085375921231621 0
2556 9.125182859274167 5.261859364739664 0
2557 9.661401783912547 4.701982815007635 0
2558 0.4262155700034985 4.024714435400029 0
2559 0.9777739187096978 4.222825474440649 0
2560 11.79902019537204 5.398875941655089 0
2561 9.509252878178467 4.461920988638451 0
2562 8.671534482413788 5.05956263831422 0
2563 12.76143262233003 2.541060117712596 0
2564 1.070161035658632 4.921674592019122 0
2565 12.02151354734394 3.246366657944051 0
2566 11.96819133552362 3.629421603448732 0
2567 12.45790417510823 2.898955189674341 0
2568 12.21618013482136 6.953861822451546 0
2569 11.83650021324762 3.219214835514574 0
2570 7.011970854138885 3.661590234353703 0
2571 0.1840465128147206 3.564919064326157 0
2572 11.49049527814816 4.783785514078141 0
2573 11.98419395187658 5.467196298164716 0
2574 8.733774198475251 2.871358280331248 0
2575 10.71228219671269 3.476770191858161 0
2576 2.237934517177937 5.572941151196995 0
2577 14.00758875976705 2.666364737396609 0
2578 1.229346708974575 3.813924143732465 0
2579 13.36401629034435 3.227522189826679 0
2580 8.214749521226784 5.580464129677921 0
2581 8.377933365709968 3.427646617478259 0
2582 11.42148338319964 5.975434917067943 0
2583 10.12311468282206 6.550748562352801 0
2584 8.685513078439998 5.597699594345848 0
2585 11.39508420687277 4.241662194270322 0
2586 12.19478438911711 5.973592101269461 0
2587 9.03214085819331 5.685918888614935 0
2588 7.4537231621636 4.707149510473672 0
2589 10.93559976693841 4.08802489196822 0
2590 1.572832410529145 4.530967426182684 0
2591 11.77635964023295 4.028175325941464 0
2592 6.414699986044911 3.25539624496114 0
2593 2.582613749159728 3.689242842694782 0
2594 0.9457967264901402 4.927407223231728 0
2595 1.906714705814163 2.726680206624428 0
2596 2.118784391055621 4.728051415347263 0
2597 9.57531122308353 2.98426270350333 0
2598 12.05817132664428 2.910116251790496 0
2599 13.45092679196835 2.584492798665444 0
2600 10.17107651733583 4.306667419141543 0
2601 1.853889686009107 3.699991308733561 0
2602 8.392208563892702 4.646678926982901 0
2603 1.236644982787155 5.128831031510959 0
2604 10.16983542001684 6.427629219699842 0
2605 1.485786877000844 4.441740671989173 0
2606 1.826877305655047 4.437333173594777 0
2607 0.356324304559538 3.532868832528962 0
2608 1.978467319393581 4.788682603456562 0
2609 0.1819878810831859 3.812056232614871 0
2610 11.79958879022838 3.577905130158176 0
2611 11.41454444669609 6.43402677036566 0
2612 9.54707689999919 4.706423706641275 0
2613 1.455837517184931 5.586071970465485 0
2614 1.125234389304515 3.940474321456396 0
2615 12.34143682766497 7.213508271788522 0
2616 1.902376837362419 4.144615938480015 0
2617 11.55658232278965 2.603742649050553 0
2618 12.18669221214852 5.492543232926775 0
2619 10.69575575999774 3.25601087878547 0
2620 2.099213103904914 3.974562345045729 0
2621 1.035875288805697 5.024179027601083 0
2622 1.312110821953107 4.118557627806868 0
2623 11.14674599753095 5.300897481361265 0
2624 1.281931354986596 3.509203390980346 0
2625 9.492796644194556 5.374424809564165 0
2626 2.554179692910823 4.68134001205931 0
2627 1.412495009694442 5.89033968025682 0
2628 1.099053445567409 3.116085929127765 0
2629 12.13019319376787 2.469383332296617 0
2630 0.3687505317304856 4.186729567093885 0
2631 13.13525726374895 2.857007645522483 0
2632 8.829315921422921 5.411922108444867 0
2633 8.907048294089158 4.781896498344277 0
2634 2.022337681572794 4.247164149176309 0
2635 4.974846407540484 4.702305715169332 0
2636 3.154075340128747 4.702254421597215 0
2637 4.772031115269984 4.703395376787883 0
2638 2.749081012405907 4.700526961388263 0
2639 2.959111978023458 4.722164009332617 0
2640 5.177810859033838 4.70236188002493 0
2641 3.357195550357056 4.702386197442803 0
2642 7.015947077184078 4.682484054865189 0
2643 5.380046053419237 4.702365607615134 0
2644 3.559430880464087 4.70237279390227 0
2645 6.794309899605103 4.704089308386633 0
2646 5.582206389871947 4.702254610409867 0
2647 6.594016774799113 4.702382479790687 0
2648 6.391553127764342 4.702398759736875 0
2649 6.189241313676608 4.702401967828982 0
2650 5.986784170021784 4.702251791568636 0
2651 5.78428558275228 4.702061039836773 0
2652 3.761611071859126 4.702274955864556 0
2653 4.166504244698944 4.7025501677236 0
2654 3.963879755136273 4.702253117885935 0
2655 4.579238399813605 4.723237198781256 0
2656 4.367112158656544 4.712121964888442 0
2657 11.54301932267828 4.337842878997633 0
2658 9.683965876851126 5.181247399410169 0
2659 7.361166924225278 4.662276598792219 0
2660 7.598723704909951 4.710905674065478 0
2661 12.56688911567625 3.324574878619038 0
2662 11.63425753603032 4.873985773345566 0
2663 7.820768546659433 4.691698177950316 0
2664 10.47535107234529 6.593562848749341 0
2665 11.44112435888906 5.483183145432985 0
2666 1.429706624613864 4.158075564459858 0
2667 1.714945355712397 3.617817634603533 0
2668 9.0045565314397 5.190642270865445 0
2669 12.24218679499688 2.888677369699786 0
2670 12.37334653484333 3.294424405112622 0
2671 9.923874958870314 6.398509809754749 0
2672 14.15426820152076 2.242928964660134 0
2673 9.446952921958635 5.121463040538782 0
2674 8.976557109753111 2.411365433388358 0
2675 2.329052801074035 4.695312137095976 0
2676 12.3022529504717 2.503372990142198 0
2677 8.05739794609975 4.708296956734229 0
2678 6.699275124605167 3.626988695137209 0
2679 12.19227481307041 3.268913626216254 0
2680 0.7804403617598368 3.42012222881046 0
2681 9.607563325351697 6.099786374315806 0
2682 1.737412167830903 4.34534618152141 0
2683 8.238262702146359 3.73388011513614 0
2684 8.7698169330389 4.798102974472525 0
2685 1.535272755931999 4.652553165063879 0
2686 11.06082472595367 3.053617132656014 0
2687 8.239340159789636 4.485835535269898 0
2688 9.158295648941076 5.673020833036623 0
2689 10.87859935990855 4.352710177196522 0
2690 9.561181713211408 5.162804161836793 0
2691 11.75491269201394 6.432102224375604 0
2692 2.04199226495242 4.507709303183499 0
2693 9.196743872282601 5.168885338545199 0
2694 0.8856923467964549 3.29933600682487 0
2695 2.622121052152389 4.432891405174195 0
2696 9.37252270277463 5.331244314742507 0
2697 11.80928923460074 5.651076519238493 0
2698 1.706048615454804 4.84691255143218 0
2699 10.72661743233154 6.638148591031883 0
2700 10.8742079555089 3.388810165894949 0
2701 11.89725412092923 2.840428725575081 0
2702 1.949924754228893 3.999918904693633 0
2703 10.71792472186502 6.496338109184752 0
2704 11.24186391930499 4.172183811139377 0
2705 8.70929778756199 5.741074395543429 0
2706 10.9784748527949 4.417638180251592 0
2707 9.877040402283727 4.312296896682573 0
2708 7.902419378659732 4.447413379514036 0
2709 3.028584471792623 4.441263841664939 0
2710 4.846886627911437 4.440911110434801 0
2711 12.95949430391624 7.22600257260721 0
2712 8.106713115299401 4.465577066512791 0
2713 9.394536296931401 2.989162567426221 0
2714 7.298714654247344 4.41657612480186 0
2715 7.089651653445312 4.443954510931218 0
2716 4.657001754221589 4.441268861845974 0
2717 6.87932193604564 4.472124287018334 0
2718 6.685132076280392 4.444235445250333 0
2719 6.482834041091944 4.444237086372834 0
2720 6.280534988841001 4.444237321352142 0
2721 6.078235706559241 4.444237279228864 0
2722 2.509112249601825 5.526184142606906 0
2723 5.875935913691083 4.444236789290399 0
2724 5.67363312295506 4.444233739292365 0
2725 5.471312307942054 4.444215307889574 0
2726 4.257666049772945 4.444342493880213 0
2727 4.055242966596462 4.444236797305076 0
2728 5.268885887374926 4.444106757278448 0
2729 3.852940169125633 4.444233786954515 0
2730 3.65061933207269 4.444215628178145 0
2731 5.065864154459637 4.443490193299385 0
2732 3.448192907817617 4.444108910746231 0
2733 3.245172225288924 4.443504632819307 0
2734 11.92292357177958 2.284585498954238 0
2735 1.462739192058361 5.706303979321885 0
2736 2.859972056646207 3.694352846132293 0
2737 3.051087441544775 3.656336115305834 0
2738 3.254274526334126 3.676842127244421 0
2739 3.456903896086593 3.675204292837964 0
2740 3.671115289198799 3.685436629261716 0
2741 3.874047336566479 3.647387773483499 0
2742 4.069358552650555 3.675411972578503 0
2743 4.275164598726339 3.676676397398017 0
2744 4.478335875226305 3.676999955285537 0
2745 4.68084194939962 3.677069072207189 0
2746 4.883191966684006 3.677073102022231 0
2747 5.085519453788464 3.677071899397452 0
2748 5.287850807062421 3.677076764807925 0
2749 5.490180282107739 3.677080533429073 0
2750 5.955258743033657 3.634509789547016 0
2751 5.675776304229608 3.678289300985785 0
2752 12.90873077832477 3.273298582847656 0
2753 7.696808762624877 4.44390481665041 0
2754 7.493129684301253 4.446233914502598 0
2755 7.223902524676778 4.690203636829494 0
2756 2.705395086195625 3.719243974197449 0
2757 11.78051353180329 2.471206080169147 0
2758 1.869831619276275 4.295439226617734 0
2759 2.0075601569225 4.638716361274761 0
2760 2.406177924888302 4.435110817430129 0
2761 1.664233590720144 4.61492493584668 0
2762 11.778432905893 6.187021516167935 0
2763 9.915437001865534 4.170379967342218 0
2764 2.1249837437622 3.026554843570779 0
2765 11.90188298873228 6.577869828938462 0
2766 8.593476430776208 3.900451864357396 0
2767 10.29072203072971 3.977554760546228 0
2768 1.607969417836719 5.862269579831318 0
2769 1.41807281631013 4.007732216075165 0
2770 2.342321672136871 3.831789736365162 0
2771 13.89483439317347 2.502911658700705 0
2772 2.262269451632752 2.678242567643724 0
2773 1.765156005023696 2.394763484177103 0
2774 11.98177341110215 4.000954032989347 0
2775 9.652329771929308 4.454429526931773 0
2776 11.51027200817909 4.565891611773879 0
2777 8.335412556608183 4.381030298528672 0
2778 14.24846870653536 3.036122831245896 0
2779 12.52793491782792 2.521787885155994 0
2780 13.79568306259794 3.143552306774668 0
2781 7.543038865625692 3.673186204304123 0
2782 8.915109271662645 3.849288963195962 0
2783 11.23057351962328 3.232637547194718 0
2784 1.544304417789582 5.784299743120166 0
2785 13.148293119985 3.257928473953808 0
2786 8.501436171830575 4.541457946833222 0
2787 2.516901344397679 4.438421972540015 0
2788 12.97792754837596 2.65322946873957 0
2789 10.70895104573996 4.541906476213379 0
2790 2.420166604767755 3.684279880666379 0
2791 11.18587724070183 4.823382841895445 0
2792 9.596356620336673 4.349224657041804 0
2793 10.2298158999033 6.65338350646581 0
2794 9.860053593564047 5.024995270692934 0
2795 9.71261859304828 4.210684412734357 0
2796 11.41283040798307 3.200888397324873 0
2797 2.096079783646224 3.19675516646519 0
2798 11.66585715403309 3.711394550220963 0
2799 11.88177772663544 7.338585992713091 0
2800 10.22862976928757 4.112207706204453 0
2801 0.7364926890197411 4.59641121406517 0
2802 13.7893784899087 2.718768267286206 0
2803 1.642897723985173 2.230913697057409 0
2804 0.9508811830705577 4.557176085433378 0
2805 11.78444559299893 4.956536630388668 0
2806 8.13521572140178 3.632573526611189 0
2807 2.364228525223716 4.905726930266049 0
2808 0.9179595359622826 4.692192490744005 0
2809 8.000033605244205 4.427141566418175 0
2810 7.978423382713631 5.562715861281403 0
2811 8.333822262990168 5.015484230089024 0
2812 1.789020239620678 4.574365259401801 0
2813 8.446748720976563 2.707677735662533 0
2814 7.617261715551752 2.595397425913611 0
2815 8.642451474217705 4.55965893965937 0
2816 2.732670615715394 5.536070093513918 0
2817 14.88314821425253 2.152483195501544 0
2818 12.13499538462788 6.475420184758149 0
2819 11.93849723678454 5.031348360149275 0
2820 10.37642200156484 3.449299809692157 0
2821 7.767802411525151 5.565522600330894 0
2822 2.913993269379898 5.565147242454406 0
2823 8.504836021954205 4.062382973351464 0
2824 3.116477125854438 5.565206996838915 0
2825 7.566050912350168 5.564665777450993 0
2826 3.318768359278695 5.565125029529973 0
2827 3.521032109945613 5.565050254019742 0
2828 3.723292254812689 5.564955008657289 0
2829 3.92555487608715 5.565024516154301 0
2830 4.127818932774892 5.565071285218429 0
2831 4.33008230475466 5.564944970927665 0
2832 4.532342137984959 5.564915253975149 0
2833 4.734597537693454 5.564906330007113 0
2834 4.936855776477734 5.564902902210554 0
2835 5.139119177260626 5.564904263845695 0
2836 5.341383692214346 5.56490662441634 0
2837 5.543646915612878 5.564907888879806 0
2838 5.745909132206019 5.564908294927194 0
2839 5.9481709882373 5.564908393286958 0
2840 6.150432751787008 5.564908412071349 0
2841 6.352694485679462 5.564908400103035 0
2842 6.554956082181326 5.564903366913841 0
2843 6.757215862118395 5.564805839734255 0
2844 6.95946844541465 5.564667160242485 0
2845 7.363932797710921 5.564638828947507 0
2846 8.607372853586817 4.947499643917685 0
2847 7.161704392968004 5.564663480624334 0
2848 11.47067489709976 5.009109585687117 0
2849 12.69508330756133 2.962276855462465 0
2850 2.227917419810389 3.682185821850141 0
2851 0.9712392817838719 5.149740150955154 0
2852 12.04570689870318 3.818054778835534 0
2853 11.93082836821115 4.158657628938343 0
2854 13.52172172788798 2.37222105137814 0
2855 11.97576675389522 2.423722286149873 0
2856 9.165253480721898 3.717249448895353 0
2857 1.439760704105181 5.809128761291549 0
2858 1.43253360070434 5.462422087879077 0
2859 10.60628126686236 6.603026799613073 0
2860 0.8021436624485196 4.695914349332009 0
2861 11.23862924856786 3.977675777021027 0
2862 10.36112497436974 6.616053809897167 0
2863 9.813484233877421 4.464114668462837 0
2864 1.23675042163983 3.352058693119373 0
2865 12.32331380896156 5.696974204756651 0
2866 8.444057844790414 5.019559001495854 0
2867 12.20991098693473 2.147600428613134 0
2868 8.691004562503254 4.684681485940861 0
2869 1.19788277136209 4.904792945945551 0
2870 12.15038214023052 3.645976460704683 0
2871 11.58613384341591 4.129546210444628 0
2872 2.165347140100418 4.482907957721282 0
2873 9.133114145400151 5.05214470573963 0
2874 13.68304445621174 2.948888607040848 0
2875 11.83183546818955 2.139363777817491 0
2876 1.177639990511562 4.080637141483873 0
2877 1.222851635174834 3.185572073842337 0
2878 1.035122805605618 4.078131452023556 0
2879 13.24827337324915 3.036125372468037 0
2880 1.968370329134811 3.764573459216661 0
2881 3.138282817472974 4.441329987380006 0
2882 0.8666999825873555 4.812131968726955 0
2883 4.958489672598413 4.441163587486613 0
2884 2.749148183718788 4.438215365262162 0
2885 7.798568662198836 4.443343710835914 0
2886 2.132218897353456 5.153787226511745 0
2887 8.518936544957782 5.705560034700505 0
2888 8.276204905244661 3.851451132336015 0
2889 11.22269818089769 2.857486479127774 0
2890 1.117066494534489 4.794159454749354 0
2891 1.930641901088008 3.084596527034912 0
2892 9.307531053645757 4.841958921037516 0
2893 0.1313287032490838 4.500673256802153 0
2894 1.908573911107053 3.423959032758972 0
2895 7.960047282197168 3.666402150884181 0
2896 4.368764591858977 4.426969064508511 0
2897 3.346246412959312 4.442079785971015 0
2898 5.16693936579478 4.442072104315621 0
2899 9.024911751689245 3.901648258656577 0
2900 13.34889004919623 2.810863732909139 0
2901 3.548868015396903 4.442348777623422 0
2902 5.369561522813726 4.442347635484562 0
2903 3.751226163262023 4.442398045148971 0
2904 3.953535682555942 4.442406632056556 0
2905 4.155864023773655 4.442431410165924 0
2906 5.571919673857092 4.442397875644392 0
2907 5.774229182676475 4.44240660655161 0
2908 5.976530180168221 4.442408073497169 0
2909 6.178829728943582 4.442408298998046 0
2910 4.750578795067392 4.46237265219092 0
2911 6.381128972897418 4.442408229472829 0
2912 6.583427725620953 4.442407505563147 0
2913 6.785723219376773 4.442400406571511 0
2914 9.779436799201452 2.985833829724123 0
2915 6.972759244828921 4.451965161842764 0
2916 7.59433475486476 4.441757919712406 0
2917 9.06202556710554 5.483984675435114 0
2918 11.21715670985445 6.566444069117257 0
2919 12.49996739221068 5.930154074661711 0
2920 7.204332386684684 4.436050470072769 0
2921 13.47669737361425 3.385603937355566 0
2922 1.081368802270374 2.740945685429155 0
2923 10.53707181441267 3.564763264910819 0
2924 1.629441795593251 4.261162427932231 0
2925 9.444611376418512 4.771577784881412 0
2926 11.71715664703231 6.661410431609436 0
2927 2.254563340843045 4.58738582371782 0
2928 6.261094383157044 3.903352958878255 0
2929 6.069684648905402 3.901572843921179 0
2930 5.906509144947102 3.956006012338334 0
2931 5.681128806915533 3.937233066384366 0
2932 5.478804801596343 3.937226144295377 0
2933 5.276455134211581 3.937197531416225 0
2934 5.074064580421285 3.937134053854321 0
2935 4.871763335329352 3.937146794096965 0
2936 4.669589761185154 3.937268481110361 0
2937 4.467321772530857 3.937309595535428 0
2938 4.062601446572382 3.93723450875286 0
2939 3.860280824218702 3.937230515154786 0
2940 3.657959584744476 3.937223967160066 0
2941 3.455620013690976 3.937183764957843 0
2942 3.253341271676894 3.937049133236671 0
2943 3.051850097701598 3.93645367216882 0
2944 0.6489574076332792 3.519516949048528 0
2945 1.91756965592316 4.935196525854114 0
2946 2.594442003097962 4.966258166464699 0
2947 2.882899249078339 4.475115719853962 0
2948 2.854832568652828 3.92888513889846 0
2949 7.692909421568514 3.902520820218537 0
2950 4.497142760884214 4.471660040894975 0
2951 7.391711685192533 4.44509736624611 0
2952 10.24048001149645 2.166721980288003 0
2953 13.01592265162239 3.458857756643558 0
2954 7.034862375695883 4.96748101883191 0
2955 1.172148528300759 5.238224928727769 0
2956 7.247436480295037 4.967929401902141 0
2957 10.84954044958226 6.714979183153281 0
2958 1.74557985829027 4.711976486960464 0
2959 10.67375740725806 3.868660362028665 0
2960 14.21330645431553 2.63737328934109 0
2961 12.15830509791753 3.966849959391097 0
2962 2.093018725543724 4.374670657548681 0
2963 8.151955415341604 4.611019591749911 0
2964 8.370597693892835 4.509301382689106 0
2965 9.637959912721415 5.03775303175766 0
2966 14.12063019570544 2.857705570779475 0
2967 13.73751327589142 2.332765438701326 0
2968 13.57659560560809 3.184785914968372 0
2969 9.446139870956518 4.660661882293792 0
2970 1.59608903505387 4.393241090534378 0
2971 2.162266822364795 4.115824047678958 0
2972 13.62814668559412 7.02686906355091 0
2973 1.663833078868234 4.123033280841327 0
2974 12.71014317223944 3.202776999839413 0
2975 9.824026932355602 2.683187805890784 0
2976 8.850323462727156 4.929227283511639 0
2977 10.5264050417756 2.933931413132121 0
2978 12.42061952064311 5.457962536924495 0
2979 0.5410202948835879 4.889260365067115 0
2980 1.207297025626415 4.22520042034287 0
2981 8.65759872372441 5.276987579216629 0
2982 1.261988622696871 5.900804707639902 0
2983 10.51027204723855 3.159469162914305 0
2984 12.85333549822747 3.082256434870741 0
2985 12.91751314888059 2.902457556185863 0
2986 8.881630288442173 5.537805680829941 0
2987 9.06564737609618 3.655439078635013 0
2988 0.1659687066839266 3.249488913821695 0
2989 12.34466825347901 3.676689328975598 0
2990 1.544420310872506 4.180570470998843 0
2991 12.11034833538991 5.097560713273611 0
2992 1.759924219121891 3.455573789418711 0
2993 14.40176950402971 3.184691239338242 0
2994 11.235623929088 4.377486413821491 0
2995 2.084389481756796 3.75594247451983 0
2996 7.859801497562741 3.949203321803392 0
2997 9.443295520986602 5.006338872776847 0
2998 11.78691900967867 5.172498128523969 0
2999 10.78560201554226 4.102677993141958 0
3000 1.064890055682131 5.902480108146122 0
3001 9.235557059421149 2.949263559440943 0
3002 10.53330028839166 3.357831869877636 0
3003 11.33922696012199 2.67102177578088 0
3004 0.3394233174571419 4.710469718748436 0
3005 16.44841889011142 4.603318105242155 0
3006 12.75577743406315 3.439009039909398 0
3007 11.96192141680116 6.999134237952458 0
3008 8.752348082274192 4.575125345828905 0
3009 11.42867291688952 6.598251950964602 0
3010 12.42955653393962 2.186837224518722 0
3011 14.40534196676912 4.907460944731878 0
3012 11.20876038904327 3.791601305645775 0
3013 8.524127901636447 5.330252860569407 0
3014 1.41249989052351 3.236976587954048 0
3015 11.70052525168652 2.890098968554459 0
3016 8.93160453909665 3.080081569192294 0
3017 9.781358743453131 4.6984944107488 0
3018 12.17692455590738 6.217310681463931 0
3019 0.2741967768584246 4.462786029678578 0
3020 14.02896161918432 3.095220667698759 0
3021 11.63645231129464 2.172590563191235 0
3022 11.48120732919283 3.670659488617209 0
3023 0.5860077447700248 3.078273665479465 0
3024 12.69792949280029 3.633626711507618 0
3025 9.083159771026271 4.931569800322133 0
3026 1.345713967486251 5.841649601779809 0
3027 8.266905599677994 4.233548978574087 0
3028 2.337324816104836 4.328534048405474 0
3029 12.12805808028407 3.073855625223834 0
3030 10.55972682004171 3.951729768020701 0
3031 10.35142843181944 2.282990991336652 0
3032 0.7428767971084547 2.823551614559021 0
3033 1.808785202081822 2.903102433734604 0
3034 2.286514153270965 4.455938749311287 0
3035 10.94983328332459 4.580898656377324 0
3036 8.883655941424394 2.876851879381219 0
3037 12.38013969807916 2.703538576924015 0
3038 8.682522069477384 3.744228823390368 0
3039 9.412840476715763 2.705246655095374 0
3040 12.51737846548122 3.127804784031335 0
3041 11.8866259061248 4.625535266729116 0
3042 9.166470214922155 3.25714307795544 0
3043 10.4344445908 2.1362883634652 0
3044 1.942800355824974 2.545809432353238 0
3045 10.33063516853893 3.076511787227461 0
3046 1.306207915474119 2.730149288307988 0
3047 1.531819365896877 3.367213892227953 0
3048 9.842501105534556 4.844282319881125 0
3049 9.99162136734026 3.197232348417641 0
3050 14.28429966516445 2.425922480756579 0
3051 12.38887624182746 3.850951202648824 0
3052 10.00280325102569 4.763053571941874 0
3053 14.40503716057977 2.606860452988832 0
3054 9.609777050194209 2.649932151273676 0
3055 1.583553089353166 5.939791209750696 0
3056 9.948158933746939 4.412014796195757 0
3057 10.55457707579745 3.840000263616974 0
3058 11.91028908057694 4.365241899101797 0
3059 0.2488453119754574 4.59300500879973 0
3060 10.53811004227844 6.715366287861381 0
3061 1.607775697139195 3.226302131617771 0
3062 12.27138537446464 2.324708572688922 0
3063 7.42605848843308 3.811015451696037 0
3064 1.374560273174041 5.651230828185684 0
3065 13.16174926671831 6.899185922254985 0
3066 8.650660418125316 4.032846296793602 0
3067 12.27016167415044 3.476692107386885 0
3068 0.466452959603547 4.663008205245383 0
3069 8.068080424713669 4.330222029427083 0
3070 8.53541195218507 5.073881345153469 0
3071 11.01595169544783 6.64125245800698 0
3072 1.846247946455559 5.198960811028852 0
3073 7.730436940321847 3.191069528814396 0
3074 13.93913998040597 3.380857209199097 0
3075 10.68789218090265 2.48237625824357 0
3076 10.45792816016515 2.736033711172302 0
3077 0.6389943337803987 3.36876787704624 0
3078 9.407136996856103 4.208276910473143 0
3079 9.449573713519181 4.88791846663529 0
3080 0.8307551020945158 5.116059375230578 0
3081 12.02460366498132 2.143666285699219 0
3082 8.867869271423205 2.13277372915166 0
3083 11.3993519526751 3.855360890470019 0
3084 14.37279570888913 4.540800634841096 0
3085 2.477964025704607 4.561101108737406 0
3086 11.90548435981437 3.416918683526772 0
3087 0.222337624560479 4.713329995448285 0
3088 8.695816556558805 3.543771797104417 0
3089 15.24377284056931 2.155048329532368 0
3090 0.616143192470866 3.231536249883622 0
3091 9.566792721341942 3.269157402134131 0
3092 1.666593619865864 5.933795007615553 0
3093 8.00041599265049 4.560399828778008 0
3094 8.35236639205525 4.088089858004719 0
3095 7.114377839736838 3.469780661641522 0
3096 9.949307806595987 2.94983890844839 0
3097 12.11063567377139 5.307693944745215 0
3098 12.58605026377084 5.646516180438177 0
3099 10.31508421157009 2.480239438425775 0
3100 10.02008598570996 2.447969086667099 0
3101 2.423898749078899 4.008305540074718 0
3102 9.118934973599059 4.205075021633546 0
3103 7.523382067809091 3.934731260381078 0
3104 12.82343484322263 5.914194200435958 0
3105 7.84982950287642 3.494639636579193 0
3106 2.692642290136606 4.564598322599253 0
3107 0.8931865614100247 2.147850146844208 0
3108 12.43845203386123 4.719273304066113 0
3109 0.7101822833748278 5.059678892147346 0
3110 8.446180359377056 4.236268332557342 0
3111 1.505229302679276 2.402972790081259 0
3112 8.261160348889169 4.744694496932233 0
3113 9.720489615238527 4.584890331780402 0
3114 1.580332475682553 2.904164256193315 0
3115 1.763780496545839 5.908664076384459 0
3116 12.09560489089833 4.197023930008948 0
3117 13.96349865840244 2.298169823478549 0
3118 9.536482984381996 4.248599736747314 0
3119 9.556791066026213 4.949309640197787 0
3120 10.5201043623766 2.417139275574942 0
3121 8.963314410033053 4.143321849772804 0
3122 10.02203040509825 2.655009153165004 0
3123 11.51881081606058 6.715572012783341 0
3124 14.04146852648614 5.036711862267526 0
3125 11.76312980214075 3.029327973572565 0
3126 12.08451954229995 4.748681016218049 0
3127 6.796902232107892 3.505502277336575 0
3128 9.442053562961352 4.558415037201655 0
3129 9.222240442495204 3.441452517157031 0
3130 10.97409106372532 6.818082082824127 0
3131 8.27585775967875 3.977809002652318 0
3132 11.61779832694195 3.17598218825051 0
3133 8.921154216497063 3.986598660135594 0
3134 8.453690725611507 3.601246687736911 0
3135 7.689417749314734 3.722032613040541 0
3136 0.793399821272026 3.160418968745082 0
3137 10.31698824717441 2.877868568846638 0
3138 11.60009472996628 3.901148827368284 0
3139 8.957387661427859 3.563200073943316 0
3140 15.11377558407376 4.839043530684615 0
3141 0.5154660643653243 4.523747227084903 0
3142 0.9621410590613954 3.182168779910258 0
3143 14.54441139934958 2.764658513782512 0
3144 0.8990707235289715 2.601976835684061 0
3145 1.108350787432819 5.142837341171274 0
3146 11.78267816072501 4.794775855250004 0
3147 0.6067518205629453 4.619697169048265 0
3148 7.537907242981858 4.567155436303125 0
3149 7.756549697977086 4.568387638214036 0
3150 1.30260892172527 5.694581636195764 0
3151 7.103503284919077 3.947954243824813 0
3152 1.245447540681477 2.879830867856372 0
3153 10.70918123861124 6.880079930075368 0
3154 1.235052100862341 5.361691053875953 0
3155 1.383605928312307 2.974303437541783 0
3156 4.35112428265436 4.560759842635728 0
3157 5.121599703123478 4.568689475528712 0
3158 3.300964463336599 4.5687113400003 0
3159 12.39592150897907 6.402766456634254 0
3160 9.913506133354355 3.071445789895274 0
3161 1.055119013657495 5.255174150524337 0
3162 12.06109473220727 4.924151319656318 0
3163 5.324264315963618 4.568808413369003 0
3164 3.503609053946472 4.56881325087264 0
3165 5.526567555826063 4.568812359165199 0
3166 3.705918341408334 4.568819051331221 0
3167 3.908109725521057 4.568721730110298 0
3168 5.728682922670075 4.568646269432982 0
3169 4.110651838022497 4.568938405964283 0
3170 5.931032105680703 4.568695627203199 0
3171 6.133514178867157 4.568866263690652 0
3172 6.33582328160486 4.568870002844126 0
3173 6.538187148592726 4.568861012002236 0
3174 6.740470016241955 4.569095905806449 0
3175 6.947287509973608 4.56507734873415 0
3176 11.33760396095573 7.009908886822741 0
3177 12.5263943493384 4.223691189313802 0
3178 4.914402002934376 4.568646344908668 0
3179 7.165928795490022 4.563052283517226 0
3180 3.094271231128257 4.56862349414224 0
3181 1.232315073906032 3.034001201804911 0
3182 16.40530835488352 5.370084421428332 0
3183 14.63682486809479 2.511847276305867 0
3184 9.656439622615347 4.909563119264829 0
3185 2.553278810763156 4.234793380396886 0
3186 12.90035902619619 3.640588948309253 0
3187 4.713125883131593 4.573094428348042 0
3188 10.00936754456476 4.608915112036518 0
3189 12.90233447304429 4.433596982775019 0
3190 9.052854753261959 2.915745678091767 0
3191 12.49949247677479 3.987197776968108 0
3192 1.143868690935828 5.436988204129174 0
3193 9.44648929054858 4.349940640011034 0
3194 12.06101610863691 6.751129912167605 0
3195 14.04569917611909 4.691200081205625 0
3196 7.691667072018427 3.398239203308313 0
3197 1.247737002669044 5.482659724112497 0
3198 14.58901262153014 2.262574418257655 0
3199 9.057673831802287 3.788380382506258 0
3200 8.745912292986482 4.463624153925008 0
3201 0.300884266344415 5.351326077891084 0
3202 7.296648002900299 4.540150568052076 0
3203 10.97070622231035 4.249193294437648 0
3204 9.076944641593826 3.543487706880993 0
3205 9.506385758850216 2.83282410198006 0
3206 12.64533752030852 6.238546906497447 0
3207 9.641822770849416 3.979147596031755 0
3208 9.626355546606842 3.125317591210602 0
3209 9.112569080544848 4.327132458455909 0
3210 2.819286209112661 4.311875912028974 0
3211 2.530869634081741 3.527497344067554 0
3212 9.178766601770056 4.867477919272667 0
3213 0.3293642548726722 5.874444169558963 0
3214 12.77668802176029 3.786508643249063 0
3215 1.281947414436363 5.596813156451748 0
3216 11.03380070170061 3.492151881848999 0
3217 10.0029676547115 3.839832663602611 0
3218 12.78974208113743 4.661889269858369 0
3219 8.611734271427082 4.428330044995551 0
3220 0.5123737176565019 3.323607531881309 0
3221 8.426008966510258 4.919717139037494 0
3222 7.259500461790262 3.910731805822334 0
3223 14.47076186755434 2.978276105739737 0
3224 1.700700967843482 2.736413104777931 0
3225 11.60339805281437 3.520626761824364 0
3226 4.445703326140438 4.321623850839955 0
3227 2.326316314522226 5.137324618835195 0
3228 14.7842368176786 2.309911583954376 0
3229 8.142014403848192 3.93524344933583 0
3230 9.004620954483526 4.362509599942905 0
3231 3.191712331285143 4.31796485092653 0
3232 5.012244094795659 4.317823407763041 0
3233 7.852244721109211 4.322829563925619 0
3234 2.647135217944298 3.852170613499382 0
3235 0.1744467376769625 2.90032721370296 0
3236 0.4444644933911201 2.707587836672051 0
3237 8.843819047442082 3.463161696473081 0
3238 10.72962928682102 6.771467368558988 0
3239 9.266119630073399 4.955894924441822 0
3240 10.25746678698039 3.526969817988943 0
3241 10.32286057952745 6.740790157575288 0
3242 9.387291889461277 5.983697479533737 0
3243 9.780453642879325 3.189604010142595 0
3244 10.35674640367832 3.265503953672854 0
3245 0.3342355025947942 5.157756669794049 0
3246 12.09464844980324 4.488143842895926 0
3247 7.648357393261542 4.32144001810295 0
3248 3.399004808385596 4.318450884113129 0
3249 5.219735281934903 4.318447478228116 0
3250 2.252387302595755 3.977585768351453 0
3251 9.198374047944592 4.665259877025828 0
3252 3.601542537014107 4.318648163564784 0
3253 5.422273450755161 4.318647811592114 0
3254 7.445577508872312 4.322086345611328 0
3255 14.71759777714148 5.670594775965079 0
3256 3.803884722650016 4.318680818639959 0
3257 5.624615798426081 4.318681070366293 0
3258 4.006194715314399 4.318686363384619 0
3259 5.826927984985669 4.318688836603625 0
3260 4.208590215364029 4.318764934980243 0
3261 6.029253853467528 4.318710245349773 0
3262 6.231613141408935 4.318769151515972 0
3263 6.433903281141994 4.318781979215857 0
3264 6.636185089246413 4.318565502822705 0
3265 6.886389892107481 4.344173194640378 0
3266 1.482442263441895 4.30332211057081 0
3267 13.16946546545748 3.666440687567551 0
3268 14.95832193909503 2.29431501594075 0
3269 10.61368617584437 6.811679758999484 0
3270 7.022556958429875 4.327903639595775 0
3271 7.242917760411913 4.321216271936906 0
3272 0.6654052185941187 4.849693723567298 0
3273 11.31391666432366 3.045806955391312 0
3274 9.332107566424297 4.602475964802907 0
3275 16.63706080604363 3.93172809220356 0
3276 0.1663663491418199 5.907950759012802 0
3277 14.67586536573203 2.919784924425507 0
3278 15.86984089794615 2.239520417589547 0
3279 10.41986040827434 5.914150545738119 0
3280 8.154703368462028 5.658270185876154 0
3281 8.238776189264954 5.874447935669536 0
3282 1.896943523472315 5.73278204443915 0
3283 2.423123092069534 5.615501838653978 0
3284 7.943794900915826 5.679943294514416 0
3285 10.54480793757905 5.981289307785428 0
3286 2.100608818405585 5.704723918537103 0
3287 9.519668051709219 6.0568197263429 0
3288 7.481592027920118 5.882519147070266 0
3289 6.874822523695994 5.882529583173894 0
3290 2.047116403063907 5.904100833191599 0
3291 8.045871190838737 5.660783301876317 0
3292 3.2342989773472 5.882689447350949 0
3293 2.214955539779842 5.67448519341549 0
3294 7.077074163775651 5.882446022435897 0
3295 5.05456391116665 5.882677077295547 0
3296 4.852317999931661 5.882533867151584 0
3297 5.256820238586111 5.882533550810876 0
3298 5.459073464572182 5.882480300940369 0
3299 5.661324949965876 5.882473730710104 0
3300 5.863576147237196 5.88247293547895 0
3301 6.065827284867463 5.882472841914009 0
3302 6.268078408089997 5.882472817927133 0
3303 6.470330525025077 5.882432688702196 0
3304 4.650069267721086 5.882483191423567 0
3305 6.672584403729932 5.882273584288868 0
3306 4.447818900528262 5.882495586276455 0
3307 3.638808787156736 5.88269894317974 0
3308 4.245569625711965 5.882528639698218 0
3309 3.841065177692534 5.882598551807161 0
3310 7.334091239530231 5.681285584396191 0
3311 3.436565508413115 5.882435108183633 0
3312 3.031987532178633 5.882683466646514 0
3313 7.279332466271789 5.882316613802113 0
3314 2.884137801969799 5.681855365654068 0
3315 4.098013941458079 5.681742569139605 0
3316 2.797867567849103 5.633958417556181 0
3317 4.043324039564015 5.882420166537361 0
3318 7.683955225900561 5.882314402656276 0
3319 7.131855199359947 5.681392788624687 0
3320 6.727360402670344 5.681284844777809 0
3321 7.647821349703865 5.643934854877429 0
3322 2.619912549703974 5.89198207004454 0
3323 3.491240136990693 5.681613146298936 0
3324 4.300271275930523 5.681529568053759 0
3325 6.525104739678906 5.681463942797587 0
3326 6.322846938772804 5.681464968843224 0
3327 6.120589095998223 5.681464971153756 0
3328 5.91833123310918 5.681464954414906 0
3329 5.716073296006634 5.681464874120904 0
3330 3.086684588026852 5.681633575454787 0
3331 5.513815084086895 5.681464559458104 0
3332 5.311556237956815 5.681463705048337 0
3333 5.109296962351537 5.681462495822975 0
3334 4.907038984821218 5.68146248753201 0
3335 4.502528564383338 5.681474642035198 0
3336 4.704783618724861 5.681465452789508 0
3337 3.693495831044109 5.68152760762767 0
3338 3.895754809320066 5.681676458284505 0
3339 7.245695800696287 5.649381555507965 0
3340 4.009596336925159 5.649742619970707 0
3341 7.539865499030232 5.677809971187806 0
3342 9.707259950213158 6.171450640338475 0
3343 6.929612090640556 5.681159443651413 0
3344 7.86345250701729 5.653063019505619 0
3345 3.288977592472474 5.681544554389012 0
3346 2.998176805063341 5.649816075221985 0
3347 7.759366502476503 5.683694238024623 0
3348 3.807335664595885 5.649605170241749 0
3349 7.043459151257638 5.649280200893279 0
3350 5.020884226112129 5.649504487805653 0
3351 4.81862616066479 5.649505547639042 0
3352 5.223144615244207 5.649505706382969 0
3353 4.616370776090142 5.6495112576893 0
3354 4.414114524705633 5.649535119802357 0
3355 5.425405008863355 5.649506965777799 0
3356 5.627664603480526 5.64950754797266 0
3357 5.829923721001422 5.649507723586828 0
3358 6.032182680951665 5.649507764605761 0
3359 6.234441599276051 5.649507768550579 0
3360 6.436700477101978 5.649506891528602 0
3361 4.211856065989585 5.649662485807694 0
3362 6.638958541922254 5.649450437162709 0
3363 3.402818418316783 5.649636248014638 0
3364 3.605077384605018 5.649601566137151 0
3365 7.448415603249897 5.648751227752915 0
3366 1.998028044240619 5.7232182843703 0
3367 3.200544528669038 5.649658772272836 0
3368 6.841212782822535 5.649264604884698 0
3369 2.405570360153127 5.908435154143395 0
3370 2.279812331933468 5.784070020015735 0
3371 10.25618301108372 5.534610338005804 0
3372 2.073395226465544 5.800754642733057 0
3373 2.221305303158446 5.881504218490772 0
3374 8.257776479082839 5.667964744389402 0
3375 10.13473375633416 5.801686843874905 0
3376 10.31612238215233 6.219294336382601 0
3377 7.942171568731257 2.807467297437356 0
3378 7.75548670034981 2.525250994317843 0
3379 10.57090346738045 5.665046942295937 0
3380 9.295485820347894 5.938247317634554 0
3381 7.976587483358277 5.76066499473291 0
3382 2.75036443739699 5.727870376850051 0
3383 7.26643268213537 2.673773028910823 0
3384 10.26657582359871 6.085468699865505 0
3385 10.23690246950634 4.79247484333346 0
3386 9.795314893645768 6.105465707582014 0
3387 2.935266313581851 5.747259394673311 0
3388 7.5884880765039 5.7447516782384 0
3389 3.138304852137246 5.74730235431263 0
3390 3.947366149284202 5.747241496741798 0
3391 4.149622727330029 5.747224118077431 0
3392 3.340593100688107 5.747195257281267 0
3393 3.745105792016798 5.747252541789134 0
3394 4.351875945903153 5.747155426823737 0
3395 3.542852175909062 5.747206012439694 0
3396 5.160892201846459 5.74716378882905 0
3397 5.363150724801714 5.747108467110465 0
3398 5.565407287199754 5.747099414471886 0
3399 5.767663194464901 5.74709840643348 0
3400 5.96991890669108 5.747098307369037 0
3401 6.172174567358899 5.747098292243284 0
3402 6.374430266897876 5.747094382808622 0
3403 6.576687011599707 5.747008957237553 0
3404 4.554130265953233 5.747109176578832 0
3405 4.958636153558875 5.747163563130216 0
3406 4.75638359945689 5.747109394594337 0
3407 7.183433956697691 5.746972936332945 0
3408 7.385890822826053 5.746705204793829 0
3409 6.981184437104031 5.746966782311282 0
3410 6.778937835004999 5.746935305700137 0
3411 8.257761848929547 2.951773471545301 0
3412 7.085560484240159 2.673641241509404 0
3413 10.33820532008125 4.714833664992674 0
3414 7.495246646071391 5.250803240930588 0
3415 1.844520295798671 5.542700602463403 0
3416 9.89503015506441 6.140959014225935 0
3417 10.27876222648079 5.270837653361424 0
3418 7.777140071184186 2.178602380171404 0
3419 9.872529604254657 5.38764738763814 0
3420 8.200115805223648 5.770120353914436 0
3421 10.15373086026259 5.570467815189578 0
3422 7.09407855083099 5.2560846356883 0
3423 3.455906745971587 5.257101911288487 0
3424 3.253615061877383 5.257211192656254 0
3425 6.89450174953799 5.256813720938609 0
3426 6.692273115607004 5.25695531739471 0
3427 2.672987846541809 5.213823175680174 0
3428 6.506332297010004 5.251680871689403 0
3429 6.287726038674234 5.256957246524621 0
3430 6.085453958400457 5.256957236454046 0
3431 5.88318013757534 5.256955562482301 0
3432 5.680907472332072 5.256954617561322 0
3433 3.65818654577446 5.257000308014197 0
3434 5.478633738537867 5.25694987425661 0
3435 5.276351768735724 5.256914293058963 0
3436 5.07407038242049 5.256896075146737 0
3437 4.871804710804448 5.256953773456186 0
3438 4.669552692152506 5.256994750629896 0
3439 4.467293226187508 5.256980687574438 0
3440 4.265019539389637 5.256969928947531 0
3441 3.860459979284806 5.256966313814155 0
3442 4.062737727015791 5.256964500002797 0
3443 3.051251756520283 5.256970395503405 0
3444 2.84892994326876 5.25646793544458 0
3445 6.157064544936206 3.459205165599761 0
3446 7.293331776425212 5.251835802343543 0
3447 2.633815804142777 2.479733485724927 0
3448 10.55617698017684 6.109498679915359 0
3449 8.219972244945136 2.821951633113843 0
3450 10.34989739720267 5.819207244263867 0
3451 7.69663823506709 5.254244001311875 0
3452 8.092314523419203 5.188968450575583 0
3453 10.34747389342835 5.712186011712762 0
3454 2.581618184660769 5.294074919038551 0
3455 6.15719803391048 2.422559193113309 0
3456 9.924914710831152 6.237247591607826 0
3457 7.593826923849306 2.772517069969607 0
3458 2.46938213487174 5.243403730584085 0
3459 3.23529540306316 2.693819652868757 0
3460 6.819027380878715 2.815165740665557 0
3461 10.46865365211243 6.216499614138455 0
3462 8.43714779727839 3.036128962988959 0
3463 7.929736596285395 2.445012444581618 0
3464 6.898900027879331 2.676963039062144 0
3465 3.197639380414315 3.02505705010226 0
3466 10.31990330293405 5.994446117064459 0
3467 10.70055878009802 5.108075469776524 0
3468 1.852471951768166 5.838101801637229 0
3469 10.25123600395243 5.800594232039006 0
3470 3.074649694156053 2.768516855511902 0
3471 9.590413741862768 5.713653711853038 0
3472 1.753902076487638 5.583408679564679 0
3473 7.213884517570477 3.631115420542119 0
3474 6.711598594591618 2.694827364179289 0
3475 7.446581963661719 2.65679740957522 0
3476 6.750280118529913 2.94004585921194 0
3477 7.929682108429688 2.622667437333522 0
3478 1.471439546041681 4.898042171099602 0
3479 10.33691147120491 5.601929972101363 0
3480 3.609865547835984 3.053068237678638 0
3481 6.593235096997053 2.970759149339547 0
3482 7.898085068159081 5.28434012025311 0
3483 7.206671758311782 2.835062529697061 0
3484 6.244116405661525 3.735354677513263 0
3485 10.58452144342223 4.851485351307617 0
3486 8.369123033308796 5.663703291666434 0
3487 2.215301954428042 5.475638661539662 0
3488 1.520594370795059 5.074269753262811 0
3489 6.828573234833476 2.410611000205475 0
3490 8.776441306610719 3.161995272843546 0
3491 7.970179594530038 5.128097664223549 0
3492 9.590244292065929 6.005431352330096 0
3493 3.094475911459428 2.432318680626462 0
3494 8.668622982767578 2.211986244233067 0
3495 13.59450622526788 2.153986984037395 0
3496 7.609883083369311 2.431508187590786 0
3497 8.063790501576056 5.450559012035214 0
3498 9.954319634116198 6.317329935388225 0
3499 7.534594028026617 2.966759550844571 0
3500 1.808726555840579 5.737482091632608 0
3501 16.26443779001222 3.696998723995665 0
3502 2.880722187571172 2.413092881849396 0
3503 6.429603210076521 2.380266583277373 0
3504 9.758618782703985 5.574121571627411 0
3505 10.45010384731929 4.934325882350049 0
3506 1.638163982259779 5.452104793289988 0
3507 8.208694153333351 5.0549177465366 0
3508 7.594087280685305 5.246846488502597 0
3509 10.9327372295587 5.653799698693495 0
3510 2.757751400434944 5.258680504749867 0
3511 10.56948597386002 5.009497168487363 0
3512 6.297214121264969 3.027850844681359 0
3513 9.8456967433138 6.308721085271205 0
3514 10.02653825226331 5.386235276493052 0
3515 8.151609018736252 4.716133571374904 0
3516 10.59855382018318 5.829865930540443 0
3517 9.693062571940843 6.053940009600574 0
3518 0.1402261925610444 3.942548977823929 0
3519 10.32057269042478 4.570520228726895 0
3520 2.014426033469286 5.106460536985515 0
3521 10.77338483716673 6.060821239299062 0
3522 3.466887396286878 2.707330870480197 0
3523 3.397111728256847 2.999624541979379 0
3524 2.952678134003188 5.260009628885552 0
3525 10.17202205916968 4.534534893069861 0
3526 2.476330488275131 2.324213104116065 0
3527 3.155116979195444 5.260455410346727 0
3528 7.190023865411433 5.247092859577481 0
3529 3.357434256030159 5.260441026045157 0
3530 2.222742119262017 4.685398558928961 0
3531 4.975605283457255 5.260197307765718 0
3532 3.964268821557152 5.260251258488509 0
3533 4.166550806523785 5.26025666226942 0
3534 5.177880239395267 5.260174024078695 0
3535 3.761995514136758 5.260264945126383 0
3536 5.380164462556898 5.260223747772604 0
3537 4.773349910633489 5.260282925692159 0
3538 4.368829966783647 5.260262172474657 0
3539 3.559719308167542 5.260328813740569 0
3540 5.58244221594807 5.260241755346792 0
3541 5.784713803503092 5.260242959961724 0
3542 5.986987016029953 5.260244313935252 0
3543 4.57109661712931 5.260285114564418 0
3544 6.189260487822856 5.260245739785584 0
3545 10.64799583742555 6.053473724268576 0
3546 6.391532435729133 5.260245623887554 0
3547 6.603188720070099 5.274688022870395 0
3548 6.796075853810334 5.260221301856755 0
3549 6.997867419117349 5.259821576708873 0
3550 1.936271840284879 5.616292311562953 0
3551 0.1356237838933732 3.710870985926439 0
3552 2.547409068009244 5.055624486735607 0
3553 10.83664157040782 5.552204571132894 0
3554 2.562218262320523 5.167186957031366 0
3555 10.58061328765936 6.230005604697246 0
3556 2.357902105140838 5.244171887583966 0
3557 11.22436353419735 2.177457276599102 0
3558 4.97016972059228 3.299047634854019 0
3559 4.70038570514916 3.264662240788224 0
3560 5.177214916851696 3.29689507580218 0
3561 5.345848443002124 3.241460706210445 0
3562 4.431987776000446 3.303699328948315 0
3563 7.930866355454648 4.69397889165014 0
3564 5.519714836367169 3.272324320658142 0
3565 4.272631810887981 3.269871712435739 0
3566 5.705445896735683 3.237759388835881 0
3567 7.806861064141768 5.269126471966391 0
3568 9.386887508843106 2.3890954695428 0
3569 10.20666932314719 5.983435602833388 0
3570 3.50182462733369 2.428384437037193 0
3571 6.282259807093838 3.164060706015611 0
3572 5.722097775969091 2.481928916127375 0
3573 10.15612062628144 5.325032984610073 0
3574 3.664468831924336 2.722724039421132 0
3575 2.238187572147672 5.082999791980794 0
3576 3.889512758692005 3.257124436283708 0
3577 3.681263839242469 2.414889287294816 0
3578 6.912382647053476 4.688509932783228 0
3579 5.512446418049138 2.426834834017027 0
3580 5.903766068779509 2.418820447639084 0
3581 5.275877659663162 2.540256258480365 0
3582 4.06672764860213 2.340305577564804 0
3583 5.087727887796206 2.517158131738891 0
3584 4.44127257700642 2.419652793130741 0
3585 4.662152203538851 2.437813060560476 0
3586 4.876878100495168 2.425213977207274 0
3587 8.366356882009084 2.316731139232473 0
3588 10.81446320995747 2.198410190139422 0
3589 7.834423391427243 3.787108347231265 0
3590 7.392462658145964 5.24798637776335 0
3591 3.612980737845389 3.44317321193024 0
3592 9.427185228311696 5.882983485807157 0
3593 2.245854520346457 4.948603356193494 0
3594 1.940890461647295 5.916253199264314 0
3595 7.374164801380522 4.989926438289441 0
3596 8.248831054680224 3.30765144223591 0
3597 10.03898705932329 6.060896701115041 0
3598 7.317882760110662 2.996637757892526 0
3599 10.63343070578248 5.394113393088699 0
3600 2.110382994223492 5.012211198900682 0
3601 2.856050098841427 3.013676690883574 0
3602 7.425499034408303 5.129361186699248 0
3603 3.712163224283603 3.340504253160446 0
3604 6.14892046188348 3.220557014257737 0
3605 2.686929164672415 2.285271237647686 0
3606 9.570247511098907 5.618802827480771 0
3607 7.754925016753334 2.898189461086462 0
3608 4.747530390802061 2.729603371870167 0
3609 4.969650182005304 2.709203498524007 0
3610 4.549963003045637 2.722749816302818 0
3611 4.346403479718891 2.720528749686087 0
3612 4.134245621481154 2.678711435406097 0
3613 5.177261973199548 2.693286461546036 0
3614 3.948520764483078 2.712123472169351 0
3615 0.5237544364402019 5.76581908744323 0
3616 5.365192955286531 2.679967453743412 0
3617 7.509947131257451 2.341739771761676 0
3618 2.445099405807052 4.690293176667412 0
3619 5.55950657363376 2.651753140536896 0
3620 6.138434160057464 2.151337955817852 0
3621 3.385694695443612 3.39710264772084 0
3622 8.818048851145678 3.637011694759714 0
3623 6.920274670800691 3.72445674618085 0
3624 10.18281743141843 5.892527486822866 0
3625 7.038310719055142 5.065609348528968 0
3626 8.205897197581615 5.262135612474664 0
3627 5.777701134711539 2.69953355101579 0
3628 7.198474463568683 3.309512634634026 0
3629 3.049738771566101 4.664361315595874 0
3630 7.619424404909432 2.267318909695545 0
3631 10.42328413183716 5.214487521249455 0
3632 9.344559881412433 5.727837497620646 0
3633 9.230569132310926 5.756774850689521 0
3634 4.063688969608115 4.663699940246838 0
3635 7.24477234034788 5.122695835627967 0
3636 6.708575149751634 3.287052944729746 0
3637 8.270648159438124 2.46327228005324 0
3638 2.030189786318924 5.549065289765672 0
3639 10.00977661695106 6.154826362415599 0
3640 11.00845894032827 5.056796925536831 0
3641 5.884034624330933 4.663446005202863 0
3642 7.103120117452774 3.012007642230127 0
3643 1.976795347940277 5.370514178238477 0
3644 10.02930420587751 5.536511060834578 0
3645 6.693288902042926 4.664081138126972 0
3646 4.478401531668428 4.638793073416347 0
3647 4.870254738624019 4.664497494472014 0
3648 2.461224694479649 4.960047166261256 0
3649 10.55326002252204 4.356545673029761 0
3650 8.108387672588911 3.05201636533053 0
3651 2.868477112656814 4.63773130929864 0
3652 5.363955943992431 2.991490122129347 0
3653 7.977601292023887 5.240801610085327 0
3654 6.491266672046566 4.663697338456073 0
3655 4.086720144729683 3.347269452429394 0
3656 5.190092136035227 2.996028158455447 0
3657 5.979508718684424 2.73540906852139 0
3658 3.809876606560626 3.017777188536224 0
3659 4.97662526748043 2.998063662009939 0
3660 5.479671989827692 4.663647000294029 0
3661 3.659050360115724 4.663655408151068 0
3662 6.288910545968763 4.663704834553013 0
3663 4.825282570221955 2.997381713036622 0
3664 3.993894444574391 3.037153897892533 0
3665 4.691080996352471 2.998498914142784 0
3666 4.485709760866857 2.998776585103715 0
3667 4.301744767441558 2.998379239428191 0
3668 6.08657024345777 4.663668855273464 0
3669 7.919074838210517 2.291868035951437 0
3670 5.277393055448194 4.663639675774588 0
3671 3.456766298952824 4.663652003879414 0
3672 2.919476099088292 2.183707759964325 0
3673 2.6446637916748 4.655386481778509 0
3674 3.718022887760186 3.507428272026888 0
3675 8.725854865693689 5.375161678901145 0
3676 4.669156259471505 4.66586146652025 0
3677 5.941092621408598 3.363077502553101 0
3678 4.274551045018929 3.387131322563249 0
3679 7.648335753290922 5.131873325527248 0
3680 5.659934706592167 3.369099426536627 0
3681 12.48310232216944 6.924850192820974 0
3682 4.500426085437196 3.404273060447967 0
3683 5.495900082709023 3.41523894851327 0
3684 7.873993792635699 4.914116166540905 0
3685 4.691418776848409 3.382290515085955 0
3686 10.15654149896186 2.529610284663158 0
3687 4.883369716160156 3.401467792978334 0
3688 5.352617109957045 3.371802677349924 0
3689 5.077516714942285 3.391059343604359 0
3690 9.928047800930651 5.272917896470765 0
3691 5.074628487720529 4.663569237658598 0
3692 3.253997164417071 4.663587828484969 0
3693 2.578795429254476 5.422723320579687 0
3694 9.741667077160331 4.94424190346136 0
3695 3.861223933136416 4.663546019700509 0
3696 7.129273120443288 4.895129852077605 0
3697 8.583617784155139 5.758107431366823 0
3698 5.681776265526209 4.663476850490076 0
3699 10.55596948173208 5.147976301989132 0
3700 8.394642875336768 5.767272062484909 0
3701 3.872781014758171 2.386191593436031 0
3702 9.193487708862977 5.943476970310152 0
3703 8.191973461874873 3.481645487329879 0
3704 8.918344651270512 5.30252925672521 0
3705 4.197905347287581 2.185970226556398 0
3706 4.424256380805695 2.147434548202535 0
3707 4.625096637629134 2.146135705741341 0
3708 4.819827094710735 2.141167992195756 0
3709 3.959698619282516 2.200874669613794 0
3710 5.008680700849508 2.141193332319397 0
3711 5.193711893647805 2.166043400354966 0
3712 4.26795442943471 4.664212139787177 0
3713 5.430028771066683 2.200913327478689 0
3714 5.955524838131601 2.152560867557753 0
3715 2.07039682756826 3.383837355784065 0
3716 7.403497046384396 2.824095279802886 0
3717 5.623237565673087 2.161090004291218 0
3718 7.014939628143655 2.830992118984724 0
3719 2.688944720617899 5.461363093405737 0
3720 9.812234612832698 5.659786866585828 0
3721 9.468599756598396 3.1335612346939 0
3722 2.674465639537936 2.712028641258375 0
3723 10.44875063706401 4.459455089554633 0
3724 9.644841996227408 5.539460085597331 0
3725 6.904494203115327 2.969975603480631 0
3726 0.8470274803419517 5.937992672217375 0
3727 8.121249302502202 3.360205976947275 0
3728 2.364886056537347 3.178148076988235 0
3729 10.1499438029995 6.161071287054662 0
3730 3.15357255994684 3.426749569626253 0
3731 7.720025535483749 4.693125573333475 0
3732 6.852719560874395 3.962743228943793 0
3733 7.541539712991629 5.465632083050183 0
3734 6.30518875060159 2.747880830416883 0
3735 10.53454071703218 5.299125668584522 0
3736 2.563927414659667 4.345269404926102 0
3737 2.889387931364442 5.466086277903949 0
3738 8.445091234933525 5.703016168540819 0
3739 0.2617768031906342 3.463806457751666 0
3740 10.15509837167088 5.454721949937986 0
3741 0.5429320098697957 4.398325028221167 0
3742 1.955074464810852 3.277826729049894 0
3743 9.481702161247274 5.987711241022091 0
3744 3.900988472625676 5.466133868280775 0
3745 4.103256085494155 5.466159551010854 0
3746 7.137190847840212 5.465786131492331 0
3747 3.698722904566279 5.466132253073434 0
3748 4.305525185290824 5.46611785526058 0
3749 4.912303491647169 5.466087025718493 0
3750 5.114570227067325 5.466088439797547 0
3751 4.710045301511203 5.466093101461892 0
3752 3.091889015454562 5.466413727031997 0
3753 4.507789365093219 5.466102680238451 0
3754 5.316839786525678 5.466092288644029 0
3755 5.519107365215098 5.466094450350317 0
3756 5.721373210652702 5.46609513336441 0
3757 5.923638450645518 5.46609529967675 0
3758 6.125903535752938 5.466095333175478 0
3759 6.328168577792086 5.466095325157839 0
3760 6.530433530715152 5.466094206075445 0
3761 9.720152765920387 5.737761995544603 0
3762 3.496459288024416 5.466271230646447 0
3763 8.452746993597424 5.885072761847013 0
3764 6.732697430071449 5.466062823440266 0
3765 7.742709404489378 5.466994481841656 0
3766 6.934954274655125 5.465950030757956 0
3767 7.384978229320948 3.959514771150966 0
3768 3.294191775371836 5.466463121191456 0
3769 6.58781458550523 2.194719483790266 0
3770 7.390090516890971 3.270730258443133 0
3771 8.272996485663434 5.148353266038947 0
3772 3.88538211578997 3.432617894385244 0
3773 7.51869973183648 3.49260618622285 0
3774 7.339418940897268 5.465801190819096 0
3775 10.99964159012975 5.358927872319531 0
3776 1.444711660419632 4.672780027117253 0
3777 9.684026624325226 5.644091006727766 0
3778 10.12150367489808 4.835801400985315 0
3779 0.6580773231921641 3.634618946925912 0
3780 7.30873744608936 4.043074198052055 0
3781 6.538407284936994 3.344211373451752 0
3782 10.47183560506445 4.22495591290359 0
3783 6.867772531060777 3.629675350627006 0
3784 9.59831392985418 2.317725440583928 0
3785 10.40482567975591 6.32236710538304 0
3786 7.391943898649203 3.63599680860974 0
3787 7.946680942033185 5.46868838502779 0
3788 8.54433774000556 2.858642297673371 0
3789 2.667627695595753 2.990292423966505 0
3790 10.40079602930435 5.35304807492161 0
3791 7.111817684413374 4.653734186075758 0
3792 9.324463181291229 5.816554836571562 0
3793 2.790386188314949 5.440290214845598 0
3794 3.365305071872187 3.552126558868506 0
3795 9.867945027654256 6.031104619763039 0
3796 3.585083097745343 3.562965066139159 0
3797 3.141633039385544 3.542432300673396 0
3798 7.309854807135681 4.875172317343061 0
3799 3.191430083614529 5.444449092687188 0
3800 2.695909682640808 3.26784300191937 0
3801 2.124222005192013 4.865521128353462 0
3802 7.438890891827122 5.443714853781409 0
3803 2.989043054530715 5.444230213181045 0
3804 7.554469724656967 3.312622959875785 0
3805 11.45496600638077 3.479109089255019 0
3806 6.128774667324191 3.055371804236217 0
3807 4.809568380433697 5.444100576200507 0
3808 5.011831611778638 5.44409828704791 0
3809 6.832228851951228 5.444020843273019 0
3810 4.000514717652117 5.44416233109559 0
3811 3.798247228487046 5.444139889289394 0
3812 5.214101306050048 5.444101612693117 0
3813 4.607312182427989 5.444109662729701 0
3814 4.202784435477502 5.444154408160387 0
3815 5.416371002780161 5.44410495299893 0
3816 4.405052435341831 5.444122079741815 0
3817 5.618638543345722 5.444106454922275 0
3818 5.820904842247159 5.444106897415066 0
3819 6.023170744825961 5.444107001360517 0
3820 6.225436544726109 5.444107015018268 0
3821 7.640412125753341 5.444308989769351 0
3822 6.427702281964266 5.444106797316912 0
3823 6.629967504507193 5.444094091797952 0
3824 3.595981611860765 5.444203652510295 0
3825 2.525017423456906 4.116166899640047 0
3826 3.326755104912955 2.851730906251584 0
3827 7.034477177591486 5.443891755020273 0
3828 10.90221540977801 5.947702205394964 0
3829 7.033912941168592 2.15499379904002 0
3830 3.393715194981346 5.444370459947659 0
3831 7.576114442433704 3.81424813931231 0
3832 0.3107858047355294 4.332264798545047 0
3833 9.556375776006689 2.468317936724051 0
3834 9.674295196823188 4.088746796504624 0
3835 4.692931164899998 4.903464174774641 0
3836 8.097123700936187 4.954563384256908 0
3837 3.074436963584442 4.902620127368404 0
3838 7.840870665602343 5.446290002342717 0
3839 2.467057123860498 3.003455566106771 0
3840 6.909130298515186 4.908744696595551 0
3841 6.157294032632192 2.778682291512548 0
3842 7.23671299706765 5.44395549174132 0
3843 8.536036668756276 3.348367717695267 0
3844 1.659030709205569 5.563240809601319 0
3845 11.87404517397431 7.183030462279723 0
3846 2.853855679435526 4.926295699713042 0
3847 3.445267564820686 3.207258505407016 0
3848 2.493990992264128 5.347356167378114 0
3849 3.128567017597532 2.170221619974181 0
3850 9.003224778118485 5.876746550520759 0
3851 6.716031236107157 4.905217781255208 0
3852 6.513429096332124 4.902616608429724 0
3853 6.311248343867949 4.902535344557531 0
3854 6.109112075838965 4.902399416085676 0
3855 4.288180181451381 4.902869774715879 0
3856 5.906953846391769 4.902145893298592 0
3857 5.70411409374466 4.902457212846875 0
3858 4.491253977658782 4.903066510374313 0
3859 2.648981473758642 4.884705697683795 0
3860 5.501806281087635 4.902609681987907 0
3861 4.086337468331474 4.902451280027326 0
3862 7.255223198549989 3.146196042335317 0
3863 3.88402394504579 4.902280816726152 0
3864 3.681303956998454 4.902615584371947 0
3865 11.11001207607154 5.145958104348346 0
3866 3.479508477877179 4.902325963408473 0
3867 5.300228151795081 4.902176445470952 0
3868 4.895085806422292 4.902691623316183 0
3869 10.27778466845023 4.989125209003554 0
3870 11.19488103466822 3.420458547549075 0
3871 7.677278484363084 3.046890635837475 0
3872 8.867237173978497 5.173608942745432 0
3873 10.83374910756653 4.831772724928983 0
3874 10.08516430251512 5.666632900397178 0
3875 0.8922642551337324 5.196484196174145 0
3876 8.789615362499424 5.284725725012158 0
3877 1.421976988215375 4.994211545399142 0
3878 5.977073569696759 3.200715241678508 0
3879 7.691528084981027 4.907864090527204 0
3880 6.648798943358027 2.397921386975236 0
3881 8.583125519982062 3.200933019738478 0
3882 8.714116052418101 2.527484470711056 0
3883 9.576683616814567 4.818838754682434 0
3884 3.276515696168082 4.902696608157511 0
3885 5.097582466248916 4.902412670976188 0
3886 2.893480612926279 3.519130035309237 0
3887 9.410138999634109 5.776813784353723 0
3888 5.926243016872019 3.022260816628621 0
3889 7.307251906282578 2.504119379474099 0
3890 11.11254988722434 5.69921983454271 0
3891 9.832533950745642 2.333026484616876 0
3892 15.16293462472558 2.936849710497522 0
3893 9.756650124222492 6.25593417226534 0
3894 10.84074933846602 5.231360450709109 0
3895 7.277801023552589 2.138959159903192 0
3896 2.149482873084624 5.284806217816 0
3897 2.362941517705592 2.838514253185614 0
3898 9.526907582632406 4.000412736692333 0
3899 13.10216984701961 5.835789225608786 0
3900 3.276760249397252 2.424953615949379 0
3901 8.476784194518975 2.522981438056552 0
3902 3.045035512218027 3.468556368549585 0
3903 10.90932118019238 6.088277107181772 0
3904 10.33147510922102 4.866435018100929 0
3905 2.77862933616305 3.387930509957506 0
3906 8.971079640333066 5.506956542882117 0
3907 10.91426861331975 3.837352876191496 0
3908 1.530773401041162 4.968423269187249 0
3909 7.531246644704554 4.919125017364347 0
3910 14.01716268659054 2.136979926138129 0
3911 6.11377940383545 3.592677706443963 0
3912 0.587071652203443 5.350968633460419 0
3913 14.43868632202384 6.423389673922808 0
3914 12.76530637483559 4.260169438643368 0
3915 1.568619529693534 5.271949293231233 0
3916 11.00071572886108 4.739765144419687 0
3917 1.750554742322672 5.485912038634112 0
3918 11.12438706846487 5.477088363104041 0
3919 7.891202468314314 4.072528924151076 0
3920 2.827327621987963 3.248675514894566 0
3921 2.447007783037925 5.115204447448487 0
3922 8.912513927830789 5.903436434144386 0
3923 11.07105172440318 6.922774098493276 0
3924 1.072610233416042 2.121557594281887 0
3925 0.1526882341519267 4.369896508825556 0
3926 8.231588958273747 2.157577798726779 0
3927 7.612659741117492 2.127388473026024 0
3928 2.520367427256285 5.918631964527831 0
3929 2.93797232596925 5.896428184846562 0
3930 7.58307588156799 5.882392261657572 0
3931 3.335751072633293 5.882612861436535 0
3932 3.133475984596406 5.882746769788501 0
3933 3.740253212277671 5.882726937037333 0
3934 5.156009127953062 5.882669656078618 0
3935 3.94251171931885 5.882576039448092 0
3936 6.976264943293164 5.882566096743415 0
3937 5.358264144937613 5.882566042782195 0
3938 4.347010734592286 5.882588322105323 0
3939 6.571774710180875 5.882424564805433 0
3940 5.560516121367115 5.88254731511116 0
3941 5.762767406343368 5.882545024400161 0
3942 5.965018560945386 5.882544750869901 0
3943 6.167269686928321 5.882544716815936 0
3944 6.369520970561894 5.88253799687948 0
3945 4.5492610206766 5.882555444378705 0
3946 7.178518456657538 5.882442961232368 0
3947 4.751510876110442 5.882567066852933 0
3948 4.953757959135544 5.882669712107057 0
3949 4.144763620110645 5.882553412980339 0
3950 3.538004758971463 5.882623315406157 0
3951 7.380780421194028 5.88250246359512 0
3952 6.774020626121453 5.882464909173035 0
3953 7.790405285275001 5.869451466383492 0
3954 8.010337049628177 5.850568274470429 0
3955 10.70872115251491 4.793949681840614 0
3956 2.786708061638572 2.833415093458111 0
3957 8.373888974637946 5.443823462974294 0
3958 10.00427639515335 5.783189287210006 0
3959 8.3673218652745 2.824118879333746 0
3960 2.450303612867265 5.43866781313839 0
3961 6.077210177370685 3.748531884369633 0
3962 8.293747778180743 5.371175555784149 0
3963 8.40220370982316 5.354016836029492 0
3964 6.810576989678605 2.156525053289337 0
3965 8.411377165652272 3.239994855936346 0
3966 2.304844075188566 5.647484023569606 0
3967 1.859743188735564 5.932603815457201 0
3968 10.45139290439255 5.598097096393681 0
3969 7.941120992964156 5.923656430370848 0
3970 6.723825571871203 5.941152318570942 0
3971 7.330571471176743 5.941183511601555 0
3972 3.487839595986346 5.941234324637708 0
3973 9.946453847512432 5.97362975942243 0
3974 4.094590262908349 5.941197661305715 0
3975 4.701333891404175 5.941222393067947 0
3976 4.499085275518312 5.94121989065203 0
3977 5.712580004411543 5.941212718497584 0
3978 5.510330730559192 5.941214660521482 0
3979 5.914829185878488 5.941212484220563 0
3980 6.117078347940179 5.941212456319797 0
3981 6.319327532536008 5.941211331079454 0
3982 6.521578168819619 5.941152964792661 0
3983 7.128320635679363 5.941164025965434 0
3984 4.903580856209128 5.941278180419512 0
3985 5.308080920766298 5.941230437343623 0
3986 4.296836676195979 5.941239363178984 0
3987 3.083320149951559 5.941330854349517 0
3988 2.069114981229235 5.337144801676255 0
3989 3.892339543479407 5.94123563572093 0
3990 6.926069786066118 5.941244777879644 0
3991 7.735084132227565 5.941076744310336 0
3992 3.285587016356318 5.941272799265385 0
3993 5.105829150726445 5.941302021966724 0
3994 3.690086101670817 5.941329278493491 0
3995 7.532832487599983 5.941245807788825 0
3996 7.127497681778536 5.049876857440355 0
3997 11.23301986494622 2.366144502541895 0
3998 8.112708650895929 3.217735245501159 0
3999 0.9874009640688963 5.62739197268793 0
4000 2.733039668642487 4.983626882326533 0
4001 8.171207267924792 5.50111411649043 0
4002 2.552059983352955 2.148458324726404 0
4003 2.703842093411215 5.907351013409209 0
4004 2.771751882296877 5.823771024124 0
4005 12.7897102857037 2.163442867551556 0
4006 6.035859789312498 2.465306527500948 0
4007 7.725634677065965 5.824675288342147 0
4008 10.70094439340911 5.713354954480111 0
4009 1.820620742990203 5.304689234899167 0
4010 2.147393719841097 5.894616811030474 0
4011 10.17024550429851 4.431029945700421 0
4012 6.622825644308723 5.941167238742985 0
4013 2.305251202233996 5.902859319619246 0
4014 7.842816092323613 5.925582518787579 0
4015 7.229569531183379 5.941184518766911 0
4016 0.7314844367660018 4.379214342753196 0
4017 3.386837348713291 5.941259182253877 0
4018 3.993588268371795 5.941238250502017 0
4019 10.91230255599443 4.931588336496429 0
4020 7.027318217351326 5.941236820504066 0
4021 6.420575637695193 5.941222496908964 0
4022 6.218326037116817 5.941240220357053 0
4023 6.016076874135959 5.941240422220711 0
4024 5.813827704505447 5.941240527099544 0
4025 5.611578484573941 5.941241404140055 0
4026 5.409328996658842 5.941248573597945 0
4027 4.600332774391549 5.941246819920376 0
4028 4.39808406597355 5.941257193702132 0
4029 5.207078295854586 5.941289277699974 0
4030 4.802580866117781 5.941266917915329 0
4031 4.195836435318373 5.941253179527209 0
4032 7.634101774775542 5.941171536068835 0
4033 3.791335616342903 5.941315067176485 0
4034 6.825070650171212 5.941231931466252 0
4035 3.00391442858876 5.944088501168519 0
4036 7.534270894383848 5.817988606720082 0
4037 8.617582424754467 5.912351977226467 0
4038 7.431824157871143 5.941241821675962 0
4039 5.004827972051868 5.941321165298139 0
4040 3.184578107519833 5.941339978459059 0
4041 3.589085754116532 5.941314310286182 0
4042 2.826534645893266 5.921647073090829 0
4043 1.339833707691218 5.311702336136675 0
4044 1.070635999154976 5.503164767483691 0
4045 6.938330425339573 5.039526691772679 0
4046 7.884359311494397 5.185713244714777 0
4047 6.927271291737154 5.818622797582917 0
4048 5.106996362557825 5.818787161930896 0
4049 3.286714975041702 5.818786554124475 0
4050 3.691226491604081 5.818850466952831 0
4051 4.267882345435984 4.00535506278877 0
4052 8.821955754920642 3.771895944386683 0
4053 2.877794197085036 5.82397928925603 0
4054 7.12952259924954 5.818552322909561 0
4055 6.522776723865218 5.818574035380738 0
4056 5.30925351864617 5.818689917566645 0
4057 4.297991186917976 5.818729778218059 0
4058 6.320521628163558 5.818657721969177 0
4059 6.118268336180397 5.818659518798543 0
4060 5.916015063873459 5.818659560308562 0
4061 5.511508155286941 5.818663150488075 0
4062 5.713761730333484 5.81865993010792 0
4063 3.893485469648702 5.818758056104 0
4064 4.500243130653078 5.818678698571994 0
4065 3.0844050996595 5.81889769647983 0
4066 4.702494911923645 5.818673855958475 0
4067 4.904744597180503 5.818746886962168 0
4068 7.331817247174148 5.818510424835647 0
4069 6.725027208564016 5.818522061754869 0
4070 4.095741686964651 5.81871057664361 0
4071 3.488976886935238 5.818722550312802 0
4072 2.564285204366313 5.820837422745233 0
4073 6.517766708148324 2.752734125537479 0
4074 8.031957778641495 5.931619522745888 0
4075 2.245540402716094 5.21165736850597 0
4076 7.897114167539878 5.845498359159181 0
4077 2.671419394960794 5.650548173442324 0
4078 2.899521044677568 5.065472800462005 0
4079 2.104169660295123 5.484385618860452 0
4080 2.367483731094933 5.831343611449266 0
4081 3.099178096234443 5.053834141746692 0
4082 3.504127185713389 5.054028805625201 0
4083 3.908747574833873 5.053967041120401 0
4084 5.931655782569494 5.053850964006069 0
4085 5.728967948280698 5.054074302380783 0
4086 3.301450516720454 5.054228681499913 0
4087 5.324797214069036 5.053843049272666 0
4088 5.122330134479582 5.053938653446947 0
4089 3.706242463242264 5.054111817347346 0
4090 4.515612748325116 5.054234037864775 0
4091 5.526663254128599 5.054119218437027 0
4092 4.111037740046686 5.054037370355365 0
4093 6.133832982451334 5.053974728448762 0
4094 6.335950778641146 5.054094660734516 0
4095 6.527418403984224 5.034237062742202 0
4096 4.313001505736496 5.054294547501665 0
4097 6.750557694222233 5.029273124063762 0
4098 4.919824769765875 5.054178226749829 0
4099 4.71760790718457 5.0543898400352 0
4100 2.468534213632203 5.809169104761648 0
4101 9.94048490481633 5.869122546451261 0
4102 4.148998728229335 2.978046829836321 0
4103 2.571422762821603 2.809199354287331 0
4104 10.62096545373848 2.152605069486588 0
4105 2.70733739212029 2.127131627301869 0
4106 10.01850622664598 6.608243888300365 0
4107 2.667179332434216 5.791595678295519 0
4108 7.636056630018054 5.81565985726179 0
4109 2.998038284038852 2.909098579521233 0
4110 10.07261296452914 5.929399337628282 0
4111 5.553839414541049 2.989638245277144 0
4112 7.433521590301553 5.816487812020448 0
4113 8.383748298497579 5.546157881025944 0
4114 6.826564636797197 5.816786794567409 0
4115 3.590516147475808 5.817006368013853 0
4116 5.006285215379362 5.816985839297704 0
4117 3.185984360401267 5.817061551914581 0
4118 7.028812294761397 5.816803495632723 0
4119 2.983393210451005 5.816859208375932 0
4120 4.804035258710342 5.816905502611 0
4121 3.792770340129405 5.817019628378453 0
4122 2.569679746869989 3.189584806208539 0
4123 4.601784212611562 5.816880424581879 0
4124 5.410796355123279 5.81688110829704 0
4125 5.613050387736191 5.816869939576013 0
4126 4.197281261133385 5.816937750910578 0
4127 5.815303873737868 5.816868612786436 0
4128 6.017557228886948 5.816868462602025 0
4129 6.219810556896571 5.816868137215288 0
4130 5.208540411848372 5.816941010280831 0
4131 6.422064444827295 5.816841700617503 0
4132 4.399532141113585 5.816908202641528 0
4133 7.945363800219913 2.979892402667694 0
4134 7.231074140953006 5.816731937022088 0
4135 3.38826297486166 5.816929742818629 0
4136 8.117783524726162 2.338405278039025 0
4137 3.995029153911581 5.816934454302747 0
4138 6.624318752022353 5.816734768062413 0
4139 8.278105902348575 5.489092831667124 0
4140 11.08398629491988 2.495621726859261 0
4141 8.634916746118327 5.824574628787461 0
4142 7.804854734642087 5.768124871295368 0
4143 10.69842076143154 5.559099439032946 0
4144 7.605217547036412 5.003586336336096 0
4145 1.854985267982334 5.413085963968712 0
4146 10.4956437313989 5.442793291890353 0
4147 8.12101137986102 5.884922873354215 0
4148 1.9447833591901 5.179243696762966 0
4149 1.915263612830213 5.278126064300918 0
4150 8.431769569650381 5.258512307059142 0
4151 7.156916167934296 2.539413560374104 0
4152 1.163008256855129 5.927617953725109 0
4153 6.563933002809834 3.702378149583508 0
4154 1.167811844457766 5.571808008048398 0
4155 2.481478472272113 5.700661307664282 0
4156 6.418996746111783 3.60622130990146 0
4157 1.947278520430659 5.488529518652238 0
4158 11.20913584808248 6.221368283834576 0
4159 10.15255093015294 5.184617203269137 0
4160 2.544666859028178 5.624511631524896 0
4161 6.284272527932214 2.461887269905541 0
4162 10.05244541921137 5.083027067176286 0
4163 9.096243612730451 5.792680566255926 0
4164 9.100325618802549 5.913174683408404 0
4165 3.000708231161073 5.134837568804286 0
4166 5.736962051855195 2.997716823007735 0
4167 2.566291516437618 5.732433750917321 0
4168 7.060574460316634 5.157914617158077 0
4169 9.359930503830528 3.437412145405742 0
4170 3.4050302335583 5.133786588905696 0
4171 5.225766376820734 5.133489669480316 0
4172 2.787047620091688 5.131958006839979 0
4173 3.202700783063274 5.133706440731857 0
4174 5.023373885896429 5.133584797629125 0
4175 2.382322929371344 5.734799894459292 0
4176 3.607575503088255 5.133591729435133 0
4177 5.428056570522751 5.133521875440414 0
4178 4.012222503016296 5.133528133038263 0
4179 3.809657210548001 5.133680366396993 0
4180 5.630016619942178 5.13371703440115 0
4181 4.214278255794859 5.133710673639347 0
4182 5.832570897670344 5.133547868152603 0
4183 4.416489326265684 5.133796142288274 0
4184 10.08523991263195 6.701441174627945 0
4185 6.034999996807144 5.133487235225593 0
4186 6.237087035093245 5.133624677320554 0
4187 6.452727538349943 5.128525637594712 0
4188 6.5914301278939 5.157486127580754 0
4189 4.618963908219058 5.133706263127963 0
4190 11.03952178475724 2.232833072436953 0
4191 6.842478730505826 5.122401327444631 0
4192 9.94056292125709 5.139600708190986 0
4193 4.820911832590815 5.133824236565507 0
4194 2.317157294446907 5.547913653353238 0
4195 10.98968765682352 7.222818161720086 0
4196 3.188001365088993 2.320777402236149 0
4197 0.07879894416893091 5.706269730845388 0
4198 8.336197610393343 5.256173000384039 0
4199 11.07543610006674 5.903946158917925 0
4200 8.094574453840211 2.722367388449837 0
4201 12.62443843661279 7.211486439368116 0
4202 1.813485085740351 2.183074116560901 0
4203 3.986052185076387 2.523904993973158 0
4204 11.52631647304886 3.352616486776713 0
4205 2.818255722372279 5.025455972031311 0
4206 10.46727318005794 4.612941815273722 0
4207 6.826177288218511 4.974880153939165 0
4208 2.649524078117285 5.086412945846393 0
4209 6.162158426624893 3.813564913649171 0
4210 3.797519392306771 2.572497189155762 0
4211 9.210925125359838 2.182216661361343 0
4212 3.611452710656144 3.223927379718115 0
4213 7.848979552314553 5.051551964309298 0
4214 7.723627384937704 5.034913619903564 0
4215 10.94680153417891 5.78716587534069 0
4216 4.140949406077975 2.492914541100576 0
4217 0.2267451313106205 2.149770122331965 0
4218 7.78922240514117 4.948939130579107 0
4219 3.753731057705988 3.173258030203613 0
4220 7.803600772698102 3.648802579303451 0
4221 3.556536926004389 2.226272168824858 0
4222 11.33225423436333 3.538165048413962 0
4223 9.771758351603985 5.999943001462895 0
4224 8.898712677417592 2.54741607084244 0
4225 9.172370245515705 2.374919708507037 0
4226 9.74182230985001 5.830418486041842 0
4227 4.803929401012192 4.981424238837568 0
4228 3.388002434955718 4.981117359284535 0
4229 5.612993411200603 4.981090430745795 0
4230 4.39963345384371 4.981350680830499 0
4231 1.851534655597824 3.559489359549073 0
4232 3.79263811915632 4.981040178111939 0
4233 6.518388347981537 3.469550788967072 0
4234 1.385992330840588 5.238163198482627 0
4235 11.25920500265216 5.716665702786643 0
4236 3.584053692853065 2.57162299701504 0
4237 5.006322493378399 4.981062628232828 0
4238 6.418180604131719 4.974990328024995 0
4239 3.185533993837107 4.981099024906225 0
4240 4.197265908011004 4.981175622926629 0
4241 6.220123557852097 4.981038613921946 0
4242 5.815494531032509 4.980911131303165 0
4243 5.208802079752098 4.980892730451578 0
4244 1.000953701107587 5.847549012828219 0
4245 10.41470067532503 4.349614002046655 0
4246 7.485129623381074 5.007785176362638 0
4247 6.63238499340379 5.001177918224585 0
4248 9.411441552844463 2.192306754387237 0
4249 8.342194649071745 5.8793264044293 0
4250 2.980794488189916 4.987546675153121 0
4251 6.017964370564187 4.980880931892526 0
4252 3.995129853154284 4.980954663802464 0
4253 3.590441299774616 4.981027543623623 0
4254 5.411002535281141 4.980955855361921 0
4255 4.602183126563975 4.982001099442757 0
4256 3.79989126740347 2.747563680722197 0
4257 2.932626614708904 2.745995999752961 0
4258 8.836822200678428 5.733223252850234 0
4259 2.341612298727353 5.446971386676151 0
4260 10.95617037930547 2.641176168440342 0
4261 5.887961128446539 4.06263701109313 0
4262 6.80299450224237 3.393773814802545 0
4263 4.253778822810117 2.379738427696815 0
4264 12.99040296031169 2.179788643085685 0
4265 2.408289310163245 5.519934622423089 0
4266 6.479641667466383 3.9763457288291 0
4267 5.614654315144939 2.317539411604239 0
4268 0.1123899241180576 4.060318437285408 0
4269 10.04054156995833 5.234124429380716 0
4270 9.828216236728773 5.916931004522937 0
4271 5.41059686706988 2.526739465772215 0
4272 10.60805378608303 2.759229583241776 0
4273 10.08690782930909 6.46392487373264 0
4274 6.727435077653548 3.935083276704296 0
4275 5.825840328970419 3.693375354342162 0
4276 6.355475817259418 2.173273455422668 0
4277 10.1726468370354 5.068065176000621 0
4278 7.447690474999058 3.382282988140952 0
4279 10.06885639270198 7.30020630943433 0
4280 6.678381579829124 2.834706447786762 0
4281 2.251107522165621 2.321449612782548 0
4282 9.688039981470652 5.932819809400392 0
4283 9.838595945729772 5.289280180002745 0
4284 7.978267641556259 4.995880518268954 0
4285 5.785057545887446 2.120091369217038 0
4286 12.85762383467009 2.348449225285799 0
4287 10.77953880474744 5.818427558569244 0
4288 6.857712055917028 4.073072671719039 0
4289 8.094705264875829 2.889244759757427 0
4290 8.300700646892915 5.589476575685365 0
4291 9.951164474580207 5.462805318166618 0
4292 9.71212855552176 2.200695616567015 0
4293 6.40039245032122 3.427247324778421 0
4294 11.01070246531601 2.842343828161759 0
4295 10.8671693205482 2.963733891027106 0
4296 12.79067924268234 6.902214099301389 0
4297 8.541049052212927 5.928928533602511 0
4298 6.570455453043669 3.572220371063881 0
4299 6.379023620019918 3.942180478554508 0
4300 11.24521484084283 2.546014183213517 0
4301 6.607983489500415 3.859445842136334 0
4302 12.92512012884619 6.546724470070253 0
4303 5.283792245537642 2.382572154139333 0
4304 10.66889968232123 3.597713373739854 0
4305 9.297695542062762 2.28423509895285 0
4306 9.960687903285645 5.045097953616537 0
4307 10.85776443626355 2.790304970402498 0
4308 2.165656293399655 2.141620412058171 0
4309 1.992547946308565 2.150816493692144 0
4310 13.28814169544121 7.222903806929476 0
4311 9.589614902893612 2.142145562307636 0
4312 9.838563990976464 2.150219175650515 0
4313 12.62711900143244 2.133481954226442 0
4314 12.91720581316248 2.489441835140385 0
4315 6.664792088347747 3.744936489034605 0
4316 3.759729272902734 2.204704619861583 0
4317 8.806766540223689 5.934491679130988 0
4318 13.78877166579443 6.683678746860698 0
4319 2.349986031996028 2.155956908947198 0
4320 0.1072815209231205 2.088133302983023 0
4321 2.103118106241266 2.238250584987826 0
4322 0.0672870054975538 5.897091548409544 0
4323 6.214644244407234 6.389750488055118 0
4324 6.409163001259537 6.927835632288584 0
4325 6.756098382889156 6.576980165082643 0
4326 7.220721962227336 6.6837457549437 0
4327 8.320341505155261 6.675750954699442 0
4328 8.609884778391409 6.667920486037361 0
4329 7.395899821967626 6.698180017515059 0
4330 7.972308148040799 6.692238874973341 0
4331 8.90143426570501 6.669256599906506 0
4332 7.708909472733786 6.661265205760462 0
4333 7.850885392897967 6.406625034190694 0
4334 9.195799044399028 6.862692090544501 0
4335 5.888752948950187 6.257357034548442 0
4336 9.510295705113979 6.420775817279186 0
4337 9.662315566823571 6.699703720013858 0
4338 5.772903256033755 6.332314395307371 0
4339 9.683108073915198 7.098668248540946 0
4340 9.790512743162312 7.096650608264085 0
4341 5.391793991270911 6.289118395735045 0
4342 5.284864421328981 6.269752220961957 0
4343 5.216549397696222 6.197169814004909 0
4344 4.938998301717595 6.222965352666614 0
4345 4.842424264412762 6.213112652677647 0
4346 4.751632046756742 6.293266892371063 0
4347 4.666353286790279 6.192355917268 0
4348 4.566144590834124 6.199798479634502 0
4349 4.459285499925973 6.225484826418021 0
4350 4.35792407186971 6.225099033837933 0
4351 4.256431718670151 6.225019543878811 0
4352 4.154905202029702 6.225003763686328 0
4353 5.120005174755781 6.237951639877465 0
4354 4.053370915099046 6.225000711676586 0
4355 3.95183498384177 6.225000132678681 0
4356 3.850298719781277 6.225000024457411 0
4357 3.748762390372759 6.225000004466814 0
4358 3.647226048410776 6.225000000808738 0
4359 3.545689704074407 6.22500000014054 0
4360 3.444153359279017 6.224999999994606 0
4361 3.342617014301398 6.224999999815645 0
4362 3.241080668705115 6.224999998866781 0
4363 3.139544319483714 6.22499999319587 0
4364 3.038007948527394 6.224999959174368 0
4365 2.9364714471644 6.224999755046056 0
4366 2.834934163361879 6.224998530276308 0
4367 2.733392184922284 6.224991181657848 0
4368 2.631822038660262 6.22494708994709 0
4369 2.530082885463679 6.22468253968254 0
4370 2.412745988800205 6.218630952380953 0
4371 2.297218480041608 6.206971782660664 0
4372 2.191411312136983 6.26113638860352 0
4373 2.069101205567923 6.272578912351979 0
4374 1.962483286884618 6.274484342412382 0
4375 1.859860401997635 6.274893803714936 0
4376 1.758036689174287 6.274978664584178 0
4377 1.656370599616692 6.274995794679977 0
4378 1.554735219566512 6.274999183648505 0
4379 1.453105758986598 6.274999843532513 0
4380 1.351477429461778 6.274999970566462 0
4381 1.24984931859841 6.274999995982715 0
4382 1.148221275712868 6.275000008359361 0
4383 1.0465934068113 6.275000056215757 0
4384 0.9449665381321534 6.275000338418081 0
4385 0.8433456626778632 6.275002030715574 0
4386 0.7417607450752054 6.275012184331417 0
4387 0.6360548804052266 6.271850424671189 0
4388 0.5456036863194118 6.289004899688878 0
4389 0.4718935355646977 6.258455401490287 0
4390 0.2699834184393446 6.29175734124311 0
4391 9.658163386944715 7.383484467424546 0
4392 9.849816028724311 7.226766112449742 0
4393 0.08168766373981116 6.343777464732464 0
4394 6.305798161377774 7.266446302181777 0
4395 6.463730233774549 6.402678078289973 0
4396 6.41592014834014 6.110107173342587 0
4397 7.325569324941605 6.552137287251171 0
4398 6.029539879139719 6.720752440314364 0
4399 9.287175207697866 6.453528418546203 0
4400 6.759722261374602 6.304039014529451 0
4401 8.330147553218382 6.326635393552305 0
4402 6.151781806279597 6.930706974297308 0
4403 7.492717771401857 6.370004509842528 0
4404 7.231662449931914 6.290681066446029 0
4405 8.081162798509599 6.32714833817011 0
4406 8.596635615820745 6.315315661981732 0
4407 8.858854723085749 6.278962734692326 0
4408 6.460147181558408 7.199531881620291 0
4409 5.903926201983417 6.464269880047826 0
4410 7.840862374764575 7.059470030571751 0
4411 6.684855956935425 7.069963509279002 0
4412 8.613732762265501 6.987762833247487 0
4413 8.028409221869985 7.023009996600684 0
4414 7.59695104129324 7.090678775011022 0
4415 6.998707570041397 7.00049520701498 0
4416 6.071411818062894 6.227547197263443 0
4417 8.322632155481957 7.156899642418796 0
4418 9.777077694092821 6.775337131269459 0
4419 7.398183499052209 7.054958064085882 0
4420 5.685881921026706 6.527907178530117 0
4421 5.844160468781799 6.188415683343116 0
4422 5.51174873795802 6.443987550617389 0
4423 9.502893457970945 6.684931526075317 0
4424 5.687137537838297 6.195032329382703 0
4425 5.851939797939038 6.808698448913225 0
4426 9.473719404860068 6.974906746196374 0
4427 5.571014795605871 6.502136424029149 0
4428 9.787089505431556 6.891774895656555 0
4429 9.679562342121921 6.830159762048997 0
4430 9.518762527209487 7.336518860156011 0
4431 6.267410961518975 6.659367053915466 0
4432 5.477811179787476 6.164677190589491 0
4433 0.2965560386135329 6.119805625097765 0
4434 5.367576509225639 6.124095129429063 0
4435 0.350625750481556 6.394059072059384 0
4436 5.623489397320326 6.09977144129945 0
4437 2.275885896116529 6.100179949294532 0
4438 2.178982778610349 6.097119938639036 0
4439 2.375454646710508 6.117261904761905 0
4440 2.074719414577644 6.098962642991867 0
4441 5.126535762324963 6.106743142878675 0
4442 2.480008320507548 6.123710317460318 0
4443 1.972182089429788 6.099722159707934 0
4444 2.581894683399528 6.124785052910053 0
4445 1.870526655912966 6.0999341926539 0
4446 2.683336494473997 6.124964175485009 0
4447 1.769134256422522 6.099985447105881 0
4448 2.784704213578882 6.1249940292475 0
4449 1.667807873896778 6.099996921200801 0
4450 2.886059584022169 6.124999004874584 0
4451 1.56649666318281 6.099999368677937 0
4452 2.98741289635519 6.124999834145765 0
4453 1.465188754711128 6.099999873531059 0
4454 3.088765865669832 6.124999972357629 0
4455 1.363881538677035 6.099999975122 0
4456 3.190118777814736 6.124999995392948 0
4457 1.262574463914745 6.099999995177292 0
4458 3.291471680431304 6.124999999232219 0
4459 1.16126741737338 6.099999999076307 0
4460 3.392824581459543 6.124999999872403 0
4461 1.059960376375553 6.09999999982487 0
4462 3.49417748222143 6.12499999998093 0
4463 0.9586533364517856 6.099999999967082 0
4464 3.595530382929232 6.125000000009996 0
4465 0.85734629673374 6.099999999993859 0
4466 3.696883283570358 6.125000000080714 0
4467 0.7560392570547146 6.099999999998862 0
4468 3.798236183857412 6.125000000487737 0
4469 0.6406627739899637 6.098815582765941 0
4470 3.899589082045764 6.125000002926996 0
4471 0.5402730414402526 6.090394136409283 0
4472 4.000941967754586 6.125000017562073 0
4473 0.3927107858463547 6.169781418423828 0
4474 4.102294779255288 6.125000105372455 0
4475 4.203647149520612 6.125000632234737 0
4476 4.304996896453441 6.125003793408425 0
4477 4.406331047869916 6.125022760450547 0
4478 4.506395118836853 6.102902153183749 0
4479 4.926232809101399 6.112322982113688 0
4480 0.42256089178303 6.350199459940767 0
4481 0.4996549435953471 6.355333173147585 0
4482 0.5937092526898505 6.355509557148571 0
4483 0.6939423335830922 6.359273423120439 0
4484 0.7953905332022034 6.359882542229147 0
4485 0.8971056770183164 6.359981030093586 0
4486 0.9988760489882941 6.359996939374231 0
4487 1.10065741551456 6.359999506518569 0
4488 1.202440914344493 6.359999919362576 0
4489 1.304224827018014 6.359999980587396 0
4490 6.565530799564145 6.753595799529982 0
4491 1.406008864080377 6.359999962441567 0
4492 9.87253170433833 6.966889552076734 0
4493 1.50779317581816 6.359999811408103 0
4494 1.609578879560061 6.359999010422347 0
4495 1.711371946487881 6.359994851074174 0
4496 1.813203787464539 6.359973523320026 0
4497 1.915238504991844 6.359865765454631 0
4498 2.018327759511064 6.359331093316922 0
4499 2.126863190394813 6.35673804799697 0
4500 2.248067253944716 6.349799170850906 0
4501 2.335049002460521 6.382006560216679 0
4502 2.427006411194998 6.374258037813891 0
4503 2.538361082609914 6.374806068471628 0
4504 2.641876590589169 6.374955966217935 0
4505 2.743991012877204 6.374990709059543 0
4506 2.845856161141378 6.37499812618046 0
4507 2.947677137111242 6.374999633475167 0
4508 3.049490313261443 6.374999929875603 0
4509 3.151302116479913 6.374999986806469 0
4510 3.253113678716031 6.374999997550188 0
4511 3.354925198761104 6.374999999550675 0
4512 3.456736711432953 6.374999999923034 0
4513 3.558548222798245 6.375000000015372 0
4514 3.660359733809174 6.375000000178531 0
4515 3.762171244002865 6.375000001086701 0
4516 3.863982749560659 6.375000006522973 0
4517 3.965794227590734 6.375000039138325 0
4518 4.067605541951922 6.375000234830043 0
4519 4.160476208019638 6.383506043155514 0
4520 4.251708313245533 6.397726726376422 0
4521 4.353577617336302 6.397804378677658 0
4522 4.45570580820005 6.398025789225028 0
4523 4.56011086280236 6.39805995263576 0
4524 4.672044506326649 6.399160530937384 0
4525 4.800901795491724 6.416352258976978 0
4526 6.054352045813633 6.523021072018238 0
4527 9.421964251473675 6.259215708934313 0
4528 5.258480113670123 6.089659665891647 0
4529 0.1063371975508464 6.262731481481481 0
4530 9.574078594171324 6.573917259234073 0
4531 0.2383392254000467 6.404307591735254 0
4532 0.3743971703911891 6.279544497644816 0
4533 0.1886517125630831 6.19467804820876 0
4534 8.467003562735773 6.674254117534115 0
4535 8.150948396255227 6.672506098789078 0
4536 7.884428971337203 6.540296553350932 0
4537 6.132992604774484 7.315521785009651 0
4538 5.967400692059411 6.548118122350542 0
4539 9.783399318591998 7.369226860047924 0
4540 9.63100589230155 6.372586939128301 0
4541 0.1710462425055434 6.320870008990393 0
4542 0.06876375631265397 6.178325969743947 0
4543 0.1413693314647594 6.417742510909686 0
4544 5.938394751070141 6.356053310208293 0
4545 8.764875055144655 6.661334264921046 0
4546 6.853685408756175 6.696806830985643 0
4547 7.082422493820006 6.561784315322392 0
4548 6.514665255063233 6.158462358106805 0
4549 8.942933479185633 6.093275890920013 0
4550 8.795075363453302 6.138447814545955 0
4551 7.202181945728047 6.531511158544893 0
4552 6.606407427325678 6.115497418022703 0
4553 5.941864066950013 6.899477265781853 0
4554 7.594083352856658 6.503188983245818 0
4555 7.289768000666739 6.177568162680225 0
4556 8.976651334287826 6.221535505752369 0
4557 7.501579275822778 6.157909389222002 0
4558 8.585363291764873 6.138599339584959 0
4559 9.307248490260593 6.225449767713161 0
4560 6.379049667829984 6.538708242214254 0
4561 7.712010919719582 6.111458626299767 0
4562 7.472311599759917 6.541440400419927 0
4563 7.665801376757385 6.87982419773243 0
4564 6.504346006196118 6.610262628525551 0
4565 6.209000181654464 6.801857824506563 0
4566 6.350162256032226 6.294302847694128 0
4567 6.735913553459991 6.440758513700246 0
4568 6.513395735238193 6.303094612748265 0
4569 8.04391215605019 6.553684768765788 0
4570 6.810975332685933 6.082995559932078 0
4571 8.117386166355029 6.438905388714491 0
4572 7.781953863599772 6.81965212337186 0
4573 9.210954100103709 6.313207020745186 0
4574 7.747946760919644 6.479176408840808 0
4575 7.173875875029464 6.092844330628616 0
4576 8.633956365384822 6.483346119268701 0
4577 6.620140441171892 6.513982093289884 0
4578 8.648467578278243 7.247182550877922 0
4579 6.449088207265286 6.231400747003977 0
4580 7.347329059047403 7.262563565631237 0
4581 6.988108970040114 6.378847047114933 0
4582 6.259832642729848 6.297838936434945 0
4583 6.275177837174495 6.91158855211208 0
4584 5.986575959976398 7.020120348459195 0
4585 8.012492102355205 6.257867919563165 0
4586 6.680408593714096 6.83248915086588 0
4587 7.134597354766237 6.422273413682697 0
4588 7.493943412240976 6.874420640632931 0
4589 7.905242562797855 6.852021974477548 0
4590 9.072852381472208 6.324158448456576 0
4591 6.981103130311856 6.126977969332204 0
4592 8.294860516454072 6.961732099653182 0
4593 6.135763056027805 6.709060632792425 0
4594 6.330318109540022 6.395930395917527 0
4595 6.33695486261252 6.801497936104376 0
4596 6.24326839460704 6.503905454118779 0
4597 8.915687030059141 7.257136257197047 0
4598 6.111631547984716 6.100497591245125 0
4599 8.107124600380683 6.853290339870763 0
4600 7.276311449414738 6.419531632783486 0
4601 8.865635680482823 6.87578159658459 0
4602 8.191776461572816 6.333434743840208 0
4603 5.72382672429498 6.097412236945246 0
4604 9.535046407194889 6.294476132888411 0
4605 6.070568899155882 6.827275109597502 0
4606 7.350681954886095 6.321058331113901 0
4607 7.889884798715705 6.296109064318141 0
4608 6.147509793794015 6.309342168676633 0
4609 9.721562537504949 6.449424037746972 0
4610 6.568100634221503 6.941462027109226 0
4611 6.198784222503719 6.188423612090077 0
4612 6.970486990266428 6.792989748486223 0
4613 5.737859051713957 6.418847905196717 0
4614 7.779687743322447 7.292106390812645 0
4615 7.796297074758289 6.209360282095401 0
4616 6.455048358748222 7.06285021591138 0
4617 7.544346898719838 7.30669107269997 0
4618 8.006185165876124 7.264409690768603 0
4619 7.38598917055197 6.438414759299965 0
4620 8.460167510681291 6.316220474332215 0
4621 8.726136282348335 6.302587926614358 0
4622 6.094887695773801 7.061895571974044 0
4623 6.039218523873142 6.339978197227695 0
4624 6.411490106338865 6.697490219292544 0
4625 6.891112642806013 6.280552498154329 0
4626 7.637647494582743 6.361794152085074 0
4627 7.118944820205179 6.298588357351838 0
4628 7.30321901638515 6.860003838003089 0
4629 6.847462001751871 7.035649820022191 0
4630 7.1022656059838 6.859629206734119 0
4631 9.340099436447806 6.330083489503476 0
4632 9.481268526252226 7.141774748889561 0
4633 9.313078909324476 7.288411535625918 0
4634 9.317118018321555 7.06775770057844 0
4635 5.810078814117212 6.263963947195417 0
4636 6.34383192210272 7.013426311136806 0
4637 9.114744766295658 7.333867524575045 0
4638 9.033000050665487 6.0998393652913 0
4639 6.149535058458208 6.575591543315524 0
4640 5.956107263112874 6.780962727570823 0
4641 6.444700493057006 7.356842300894335 0
4642 6.553430513825961 7.103383253050192 0
4643 5.79185227947842 6.61004031311628 0
4644 7.557495868428927 6.694243329765922 0
4645 9.191771181405452 6.985737883550411 0
4646 9.128857018566581 7.138961915182366 0
4647 9.205007402429422 6.593423757727164 0
4648 5.983152648471826 6.256921458564 0
4649 5.475741043415616 6.525918806552381 0
4650 6.233601890900323 7.036749730948324 0
4651 9.47926722048406 6.837339548296128 0
4652 5.474070159178332 6.366095311847546 0
4653 9.407985465106925 6.45620646950512 0
4654 9.322296940806954 6.748911635603194 0
4655 5.378696022870438 6.513018119596154 0
4656 6.012977390134442 6.148331553815097 0
4657 5.626743503122291 6.437280706548621 0
4658 9.145372270343268 6.434572338409268 0
4659 5.959707643203764 6.663705394633658 0
4660 7.177947757030682 7.056392701752348 0
4661 5.773240273953898 6.731393003215774 0
4662 9.33361837511972 6.906832789383312 0
4663 6.000676444609899 7.114719797197313 0
4664 5.638553165876194 6.282114759101918 0
4665 9.129109546506919 6.760684321312447 0
4666 6.051990231833748 6.620300412791732 0
4667 9.628592462093444 6.480390243590605 0
4668 5.733851478179978 6.268327705688225 0
4669 6.298139385555331 6.096346322311072 0
4670 8.471068907620898 7.099848454085774 0
4671 5.586215322594438 6.361168828571532 0
4672 9.485583033468409 6.21047876090772 0
4673 9.43956010936134 6.350437523826521 0
4674 5.920619340372778 6.167282168374423 0
4675 6.116225115528444 6.441838415744532 0
4676 5.839105632941411 6.103450308638316 0
4677 5.810577393786819 6.492049930050503 0
4678 0.3689534235793446 6.071440114278846 0
4679 2.214372251857393 6.167821372144537 0
4680 5.163376700057031 6.42829178398033 0
4681 9.584014180316654 7.058980386093752 0
4682 2.492745960865919 6.437293036673689 0
4683 2.389876289259969 6.438211986736423 0
4684 4.711466657123216 6.096121040634539 0
4685 2.596127569548174 6.437425615582882 0
4686 2.698631162920043 6.437478676869339 0
4687 2.800713051439784 6.437494578972548 0
4688 2.902675696595386 6.437498722041528 0
4689 4.873128434461115 6.319106266095042 0
4690 3.00460979725423 6.437499714054855 0
4691 3.106537610274422 6.437499938426626 0
4692 2.289673002792324 6.436143081815605 0
4693 3.208464106130698 6.437499987125656 0
4694 9.578788709243101 6.905699943433252 0
4695 3.310390335224209 6.437499997370455 0
4696 3.412316511589092 6.437499999475019 0
4697 6.194592731882616 7.172354704531216 0
4698 3.514242677713194 6.43749999990899 0
4699 5.423504177460832 6.213172770767769 0
4700 3.616168841824091 6.437500000057798 0
4701 5.884454174244222 6.587156438424955 0
4702 3.718095005229282 6.437500000464422 0
4703 0.4498437160066533 6.084997377074768 0
4704 3.820021166568036 6.437500002809188 0
4705 3.92194731601777 6.437500016859453 0
4706 4.023873394850287 6.437500101157532 0
4707 4.103452253454262 6.439201275828617 0
4708 9.481447900752562 6.553486370966302 0
4709 5.419955968115694 6.443434322002104 0
4710 5.516041998393136 6.093308020316294 0
4711 9.038097250727937 6.642917024755989 0
4712 5.103821958613514 6.342715549591348 0
4713 5.048126603302614 6.416464123321352 0
4714 6.331147315715035 7.126187286383449 0
4715 8.82320438011276 7.043791719971608 0
4716 5.295904100653525 6.435160428489843 0
4717 4.936104951226589 6.4097340631386 0
4718 8.167671096254209 7.118773879914116 0
4719 9.71261531964794 6.990061777248719 0
4720 5.211688569573336 6.320279959996603 0
4721 8.960472259769267 6.779617809066857 0
4722 9.045693640956424 6.502424231460061 0
4723 2.467622016203673 6.30110228491002 0
4724 9.407135513273262 6.174595304224012 0
4725 2.186769467428767 6.431834861498536 0
4726 0.3074682961508322 6.211165677547569 0
4727 2.582533731536048 6.302164280338907 0
4728 2.686793923703633 6.302424641559227 0
4729 2.788969085511116 6.302483826514844 0
4730 2.890742048447754 6.302496638869798 0
4731 2.992438351871731 6.302499318343664 0
4732 3.09412018919359 6.302499864388806 0
4733 9.579805170678744 6.788738075246729 0
4734 3.19579931972517 6.302499973438517 0
4735 3.297477947464223 6.302499994865567 0
4736 3.399156482395948 6.30249999902523 0
4737 3.500835000268147 6.302499999856436 0
4738 3.60251351488313 6.302500000207233 0
4739 5.837889616752848 6.372385715413676 0
4740 5.682687629586769 6.350009050069064 0
4741 3.704192028114135 6.302500001368583 0
4742 3.80587053668636 6.302500007780587 0
4743 2.125239214507478 6.181282846830004 0
4744 3.907549020006145 6.302500043877369 0
4745 0.4565143046246982 6.422879078356146 0
4746 4.009227364436263 6.302500246386395 0
4747 5.310583742010875 6.336269672952394 0
4748 4.110904950009219 6.302501377043973 0
4749 6.628572075071193 6.634767689385202 0
4750 6.328654477071091 6.203069939812797 0
4751 4.212578425354384 6.302507654616048 0
4752 5.012158156281897 6.300465233863634 0
4753 4.314229873660413 6.302542281809309 0
4754 9.882036834503609 6.842518516390238 0
4755 4.415764826833585 6.302731815533941 0
4756 5.766261485518844 6.186219342351008 0
4757 2.020085336093714 6.185741065863646 0
4758 1.916722804368019 6.187043356651475 0
4759 4.516693978660624 6.303759641272156 0
4760 1.814665001493788 6.187388778450732 0
4761 1.713041995556155 6.187474183857169 0
4762 1.611536934285066 6.187494227008248 0
4763 1.510060816091971 6.187498746727024 0
4764 1.408591381037391 6.187499734439016 0
4765 5.323418227542322 6.199609574928882 0
4766 1.307123427057463 6.187499945130768 0
4767 9.032965383564759 6.94366948602269 0
4768 1.205655796538149 6.187499990606308 0
4769 1.104188265988875 6.187500009011173 0
4770 1.002720948923991 6.187500067239039 0
4771 4.759962395214901 6.188102567248549 0
4772 0.9012548332309889 6.187500406055527 0
4773 0.5535805497829202 6.428542044913971 0
4774 0.7997959096540884 6.187502436849193 0
4775 0.6862746341064393 6.187349238894686 0
4776 0.6531228094679661 6.430138350331369 0
4777 0.09234953476720149 6.09827741381818 0
4778 0.7543250357467524 6.431132526969171 0
4779 0.06501956230623725 6.427303995128431 0
4780 0.8560534306815786 6.431416040052241 0
4781 0.9579236319636707 6.431482338836478 0
4782 1.059828574125327 6.431496464769506 0
4783 2.081633532635092 6.430892399939638 0
4784 1.161741505845756 6.431499315187723 0
4785 5.583325709782208 6.187211217307703 0
4786 2.35072371594018 6.302057841263907 0
4787 1.263656195694002 6.431499869030557 0
4788 5.434270443040215 6.075489291779468 0
4789 1.365571270090558 6.431499967616442 0
4790 7.840086716834556 6.690465111222757 0
4791 1.467486484145727 6.431499950532513 0
4792 1.569402053284189 6.431499757119856 0
4793 9.36780106246078 6.581748029737217 0
4794 6.451762647804179 6.827812969647333 0
4795 1.671319464911099 6.43149870679175 0
4796 9.711654097031353 6.574427930858298 0
4797 1.773246817807243 6.431493135665033 0
4798 1.977824795070658 6.431263498585906 0
4799 1.875837351569608 6.430432653837599 0
4800 5.510753386564342 6.266222639131573 0
4801 7.759601864259185 6.331935794340683 0
4802 9.663780653056349 7.220614494126147 0
4803 6.05604143334692 7.192293900189686 0
4804 7.977089290101923 6.397013343520262 0
4805 4.624209861446635 6.301623989412568 0
4806 8.47594171059958 6.105064161253464 0
4807 8.730974523050673 6.472962617131865 0
4808 8.183187853445755 6.102695019287588 0
4809 8.699164537859197 6.144171111669348 0
4810 7.548097841253829 6.254243290267806 0
4811 6.683301714408704 6.213630746407044 0
4812 6.895212898221781 6.097161372270294 0
4813 8.649954079589682 6.233207617378508 0
4814 8.749101934581335 6.072926246180909 0
4815 5.584879194579553 6.589128730834685 0
4816 8.522720260317103 6.216366515464256 0
4817 7.065021462042729 6.108075211511784 0
4818 6.516387330193739 6.076813389894419 0
4819 8.463894740689845 6.922479716965467 0
4820 8.955070587702162 6.379965549823869 0
4821 7.606148549619484 6.150090950382243 0
4822 8.420835153583047 6.441379206145527 0
4823 6.571219458905339 6.221207178506712 0
4824 6.916892623041139 6.909968896316646 0
4825 8.260081001581126 6.586737574343843 0
4826 8.670684853163992 6.390517886260606 0
4827 6.813162260340906 6.812945327724239 0
4828 8.553627225108334 6.421123274007733 0
4829 6.797940151267966 7.232442213688263 0
4830 7.630421539143367 6.06736523171019 0
4831 6.806741772696033 6.190045420515192 0
4832 6.209519868976236 6.079119966494057 0
4833 5.377785955653117 6.370499211002835 0
4834 8.539418467919564 6.544779284486189 0
4835 8.258714947986377 6.784137240006108 0
4836 6.726144074896347 6.10036152414617 0
4837 7.671178862248394 6.24058887655013 0
4838 6.525544952620696 6.474157646214228 0
4839 7.429616757862102 6.241287506101917 0
4840 8.723074038630541 6.86881956204319 0
4841 7.099960983948111 7.303819723482962 0
4842 8.844486729216177 6.080433775064853 0
4843 8.695980640648576 6.567577508609403 0
4844 8.769476573496394 6.21377331586694 0
4845 8.803271162421087 6.394921699959569 0
4846 7.244917256332241 6.068674514547141 0
4847 6.852024918159766 6.404767110899699 0
4848 8.864579700454181 6.17107150614041 0
4849 8.866924640794565 6.536419937071039 0
4850 6.91852456935378 6.182949283842289 0
4851 9.132002088593898 6.092977941928615 0
4852 8.691264319212761 6.748377077000986 0
4853 4.608767807435599 6.098529598453465 0
4854 8.231217872595328 7.309049277885156 0
4855 6.003252888388031 6.44554649959952 0
4856 7.399568441881657 6.148741282297837 0
4857 8.267912497952763 6.461892504846527 0
4858 6.716022177212949 6.714799678561271 0
4859 7.025309670288444 6.228290649531348 0
4860 7.445792209390926 6.075678695198526 0
4861 7.153660321332932 6.200338319578536 0
4862 8.398050256171862 6.789739425723476 0
4863 8.379265364821256 6.56413227367594 0
4864 7.013088174624305 6.695649180358083 0
4865 5.869873040369986 6.701401434551542 0
4866 8.167653354540953 6.540886439930185 0
4867 6.621258641823496 7.285077879314202 0
4868 6.052814150306114 6.947069478224059 0
4869 2.271855190515872 6.279991295844749 0
4870 8.038213726093465 6.1201222672903 0
4871 6.751813678334156 6.933746455219531 0
4872 8.427045900473749 7.302163320877941 0
4873 8.125047206761542 6.232085741367682 0
4874 4.806433056531602 6.103190455387977 0
4875 6.973626275579349 7.167083886226993 0
4876 6.421338908370055 6.325481336330774 0
4877 5.682128254614935 6.651051234307381 0
4878 5.025785239279173 6.074677153469477 0
4879 6.924950089721068 6.535161057200916 0
4880 9.230463649595562 6.135656904820249 0
4881 9.124579794102777 6.201936255893771 0
4882 5.941425261853617 6.081421358630656 0
4883 8.566700636871099 6.808479031221727 0
4884 7.346788744020572 6.078594752597877 0
4885 0.5725393196353277 6.196319753893846 0
4886 6.609790651124301 6.357419443460855 0
4887 8.816726462960309 6.770495299885918 0
4888 7.795342980456297 6.592800819793739 0
4889 8.975178453075809 7.095889844593428 0
4890 8.257864598463643 6.222568911874569 0
4891 9.821506360951012 6.597554645916588 0
4892 9.333135368627177 6.135718058544009 0
4893 9.870950591486521 6.711251187709612 0
4894 7.541892884053855 6.075174044418827 0
4895 7.464314532687377 7.18248552405968 0
4896 5.024952573910135 6.175854250811592 0
4897 6.019948413031403 6.066050100738176 0
4898 8.643891110075257 6.070277357580195 0
4899 7.0294161768084 6.473618853391773 0
4900 9.772315797572473 6.672891099203667 0
4901 8.392107800491592 6.19760724389777 0
4902 8.149516358739737 6.989201579009687 0
4903 9.054747220118514 6.410280142037443 0
4904 8.310761207102097 6.100869358121705 0
4905 0.1973831431631546 6.068793514520785 0
4906 7.844893649947896 6.090838212688825 0
4907 8.556698229496483 6.062893981704985 0
4908 7.92678410031898 6.173259167440911 0
4909 6.930664970499828 7.340669164679643 0
4910 0.4854520796986572 6.159989617458402 0
4911 6.817246736057496 6.489416711720876 0
4912 9.785953078729012 6.506724272445382 0
4913 9.21831150851566 6.219062487293091 0
4914 7.941333134373295 6.074948023372747 0
4915 8.395354523775088 6.102466660080428 0
4916 8.248377707701671 6.055786457964209 0
4917 9.920257825280554 7.372355182014958 0
4918 9.918810079370825 7.110884378798427 0
4919 6.280014661732555 7.406468398014294 0
4920 5.102584395802246 7.018284603428083 0
4921 5.248968088700042 7.028349880372208 0
4922 5.405856636687559 6.857023510086451 0
4923 4.614784185843813 7.004196535515644 0
4924 5.537778873152827 7.073738497133325 0
4925 4.396777288127398 6.96084519068548 0
4926 4.123050266917367 6.913024503036238 0
4927 3.843335239895138 6.934145491427352 0
4928 5.637863681267299 7.18181007423033 0
4929 3.68283289460594 6.917909032364363 0
4930 3.560277901320528 6.816355992299904 0
4931 3.49589618452436 6.969197702769492 0
4932 3.304975574755052 6.922619460757187 0
4933 3.135043598090695 6.89030808938204 0
4934 2.807782134173799 6.827288179093266 0
4935 5.76212473639985 7.2314182471312 0
4936 2.121450680608763 6.761454016336269 0
4937 5.802760394034741 7.366160711066335 0
4938 0.9127872893814363 6.995541739688729 0
4939 5.343837448887464 7.063886092314611 0
4940 5.301331246494915 6.831226404056284 0
4941 4.637722702562804 6.758967598247175 0
4942 5.035391664005764 7.284536042402625 0
4943 4.822996314666027 7.151659407009466 0
4944 5.071379703351387 6.747920590754045 0
4945 5.444263582418586 7.283839369312037 0
4946 5.161059591242202 7.242574397673752 0
4947 4.38757082597273 6.719931691446813 0
4948 3.416452559259207 6.79508737529992 0
4949 4.209006831946124 6.683388379332222 0
4950 4.397771706808316 7.206221169500994 0
4951 2.990125633868506 6.791610821714387 0
4952 3.972630644145442 6.71924135879498 0
4953 4.184168774970682 7.218059105115496 0
4954 4.012536595169168 7.179182392862363 0
4955 3.745633046948623 6.699564837445576 0
4956 4.56742332615978 7.264681857352002 0
4957 2.28103058101944 6.755914597039362 0
4958 1.68345426902329 6.614464972709963 0
4959 5.545530885876616 7.39269574306045 0
4960 3.102817365822297 7.198363217538266 0
4961 1.962566098671434 6.684377348954443 0
4962 0.5867349148884473 6.78351199863977 0
4963 5.680079275710658 7.393081168246391 0
4964 3.441905676730568 7.319837322044394 0
4965 3.004276114756493 6.62696880201853 0
4966 1.396882654044519 6.696084482618424 0
4967 5.462622787590273 6.737031768273233 0
4968 0.3805418985669032 6.593912699897718 0
4969 2.209709654617955 6.622135821423946 0
4970 0.5209969632084838 6.637928554597092 0
4971 0.8672669808761396 6.622147601599736 0
4972 5.883975245734196 7.276574676476514 0
4973 5.3305608447005 6.949023540243675 0
4974 5.424129001139971 6.994640507642082 0
4975 5.850742270597441 7.181396535762902 0
4976 4.507894969318911 6.982499163645756 0
4977 4.708430144517737 6.960467827165208 0
4978 1.5504125202795 7.202281265027902 0
4979 5.914586278630809 7.36729713099726 0
4980 4.262270106998874 6.919205468234227 0
4981 5.101824979617298 6.861927030743501 0
4982 5.263613674889965 6.689658076618279 0
4983 4.596812804802028 6.662784803096678 0
4984 4.862262937046766 7.328996422330917 0
4985 3.410714866474789 6.627175528822692 0
4986 2.846850677402402 6.58842069802719 0
4987 4.966935085524359 6.816739672791894 0
4988 2.6028692411767 6.615887808299959 0
4989 4.047479208790606 6.81578733733965 0
4990 4.829419659687065 6.993516283872383 0
4991 3.914371988681932 6.822564143901613 0
4992 5.060188066602163 7.163341948001505 0
4993 4.187200147124521 6.79491507375982 0
4994 3.779749584161372 6.799062490041353 0
4995 4.388422459630747 6.607439982996282 0
4996 4.955849766795399 7.084451012048859 0
4997 4.604431654390074 6.884093886015187 0
4998 4.503837122476175 6.753520328307873 0
4999 5.184489245915241 6.791165996100628 0
5000 1.526585980684541 6.596112329552118 0
5001 4.864953570017481 6.741528636844062 0
5002 5.548981858648335 6.810567481930396 0
5003 3.860731514257659 6.687257930992446 0
5004 5.362274379591099 6.75876887642796 0
5005 4.66323665868259 7.362248573108892 0
5006 0.7117612642860819 6.61295598387938 0
5007 5.184585597063935 7.36879624831694 0
5008 3.267059316007236 6.785367741931513 0
5009 5.496173392296726 7.188849555475087 0
5010 3.645604372759662 6.633492382844143 0
5011 4.735734864013152 6.687382479487813 0
5012 3.934687469245266 7.065458642914628 0
5013 1.158168060350092 7.189252935513847 0
5014 4.291013490938231 6.704746150301759 0
5015 2.087858487795085 6.615138578075715 0
5016 4.385744054415642 6.837325560736258 0
5017 4.707313506604251 7.221533827924222 0
5018 3.761976717404245 6.60173989670056 0
5019 4.174332249999233 6.584522451616039 0
5020 3.626477368766452 7.088909682188822 0
5021 4.092481345954048 6.685543492741637 0
5022 0.7737935779105541 6.80303079666966 0
5023 3.126892886120105 6.7232863624854 0
5024 4.485422140295877 7.364256234640109 0
5025 3.962002989934984 6.61175292206277 0
5026 5.686487883229495 7.296073109968384 0
5027 4.795011592060809 6.576628375420177 0
5028 4.947337749823224 7.202596966358675 0
5029 5.211608401292914 6.910368473766134 0
5030 5.228797460686516 7.138469872163993 0
5031 5.729659774437173 6.975707514565499 0
5032 5.299803592832201 7.269025162023008 0
5033 5.376241249126075 7.402050931816063 0
5034 4.56392838137821 7.120547941961055 0
5035 5.375744276118747 7.172753874955712 0
5036 4.711207779089982 7.072191141748172 0
5037 3.325638866888082 7.126033099234955 0
5038 5.649526753791159 7.071807826876361 0
5039 3.258064465158046 7.323900509626523 0
5040 2.962922698790219 7.000113312660322 0
5041 4.970960848612189 6.945033355988286 0
5042 3.659935872209964 6.758678659223524 0
5043 3.271118602434576 6.644482006635998 0
5044 3.862615563985604 7.256754715290993 0
5045 4.299952539571929 7.072782851071028 0
5046 4.133770789729569 7.384160149614047 0
5047 3.531558521618594 6.6994717444808 0
5048 3.17345165895358 7.03640322699156 0
5049 2.86484279588136 7.249586040898984 0
5050 5.022692337959127 7.396465742610095 0
5051 5.431431852020374 7.099878936629032 0
5052 4.976096018895038 6.703629019772613 0
5053 3.993300833701992 6.9357546166421 0
5054 4.916995881067716 6.614220243660027 0
5055 2.599149346668248 7.259752734354024 0
5056 3.652349859835553 7.266056455675162 0
5057 5.577881126099029 7.291370076476769 0
5058 5.530014593640725 6.936181298091483 0
5059 4.117624164703886 7.039854274849367 0
5060 0.9821936741810726 6.594880358492683 0
5061 3.847554489217467 6.580150149951156 0
5062 4.484174473873469 6.629017306047561 0
5063 1.894966097340511 6.60401929438428 0
5064 4.058008215136944 6.576363773284089 0
5065 4.289374070044968 6.596682827374384 0
5066 4.663068540161702 6.583647599971296 0
5067 1.375003682111798 6.593187488448534 0
5068 3.54988247866635 6.573621551331886 0
5069 5.62110337482879 6.990692511283801 0
5070 5.054880607761587 6.617066420865674 0
5071 3.508453591349003 7.154006852382565 0
5072 3.996915975591286 7.339692727147149 0
5073 4.302236567779592 7.362116109811775 0
5074 5.150772781321693 6.687654531388143 0
5075 5.638481275320424 6.885330134983783 0
5076 5.772784011131496 7.105057650784502 0
5077 1.394187090877729 6.922608384046256 0
5078 3.767049732722326 7.088205669976887 0
5079 3.15072603476994 6.583001406448742 0
5080 4.565137694379736 6.575089941823107 0
5081 2.304375358104381 7.263023057786188 0
5082 1.582830716939216 6.762641700979728 0
5083 2.453238947819051 6.69691005729026 0
5084 1.783783621157686 6.717977817741239 0
5085 5.381985979791538 6.65976570348662 0
5086 4.74829546411995 6.845306417317721 0
5087 4.476428604945811 6.879825296745189 0
5088 4.30275972509 6.795224788895776 0
5089 1.779134038314544 7.173904125487364 0
5090 4.433264977040953 7.068579263372863 0
5091 1.787529304230363 6.593867479275021 0
5092 2.02326338128428 7.221689418010027 0
5093 2.352355462910102 6.593752948363472 0
5094 1.989106136040269 6.585271904225451 0
5095 2.715059883476657 7.016315044659463 0
5096 1.678315847748722 6.930578652603461 0
5097 1.940022361990615 6.923027678621251 0
5098 5.181787368738749 6.595108836079098 0
5099 1.281133626128726 6.606764940495616 0
5100 3.332099400557379 6.568318395804388 0
5101 2.220240207904323 6.973360145331713 0
5102 4.875689603734559 6.867022437971606 0
5103 0.1881830740633279 6.623422508507829 0
5104 2.470610489095181 7.01616571046429 0
5105 2.398907381996978 6.833209807633838 0
5106 4.82817397678979 6.65493993385302 0
5107 3.341336336043952 6.71302816317253 0
5108 2.739999730411904 6.673280081929707 0
5109 2.716359164242334 6.586999965979946 0
5110 0.5998261689140669 7.03959878976063 0
5111 1.119708113080273 6.744183025428563 0
5112 1.240145576425196 6.746873551265217 0
5113 1.129486767233378 6.892380356973138 0
5114 0.9863873728356293 6.753054856697402 0
5115 0.8045459466833126 7.249546272514694 0
5116 2.877806858122621 6.701513716556616 0
5117 0.2830488327343249 7.18480077529848 0
5118 2.594379359610222 6.810847223193294 0
5119 1.122114412678652 6.618219591547435 0
5120 0.3199164815469442 6.844764714178153 0
5121 2.481692730381448 6.581310162790738 0
$EndNodes
$Elements
10054
1 1 3 5 9 0 9 222
2 1 3 5 9 0 222 223
3 1 3 5 9 0 223 224
4 1 3 5 9 0 224 225
5 1 3 5 9 0 225 226
6 1 3 5 9 0 226 227
7 1 3 5 9 0 227 228
8 1 3 5 9 0 228 229
9 1 3 5 9 0 229 230
10 1 3 5 9 0 230 231
11 1 3 5 9 0 231 232
12 1 3 5 9 0 232 8
13 1 3 6 18 0 13 301
14 1 3 6 18 0 301 302
15 1 3 6 18 0 302 303
16 1 3 6 18 0 303 304
17 1 3 6 18 0 304 305
18 1 3 6 18 0 305 306
19 1 3 6 18 0 306 307
20 1 3 6 18 0 307 308
21 1 3 6 18 0 308 14
22 1 3 7 22 0 5 450
23 1 3 7 22 0 450 451
24 1 3 7 22 0 451 452
25 1 3 7 22 0 452 453
26 1 3 7 22 0 453 454
27 1 3 7 22 0 454 455
28 1 3 7 22 0 455 456
29 1 3 7 22 0 456 457
30 1 3 7 22 0 457 458
31 1 3 7 22 0 458 17
32 2 3 1 23 0 196 197 635
33 2 3 1 23 0 105 106 636
34 2 3 1 23 0 637 193 194
35 2 3 1 23 0 638 102 103
36 2 3 1 23 0 641 520 516
37 2 3 1 23 0 642 521 517
38 2 3 1 23 0 520 641 645
39 2 3 1 23 0 645 641 198
40 2 3 1 23 0 521 642 646
41 2 3 1 23 0 646 642 107
42 2 3 1 23 0 646 107 108
43 2 3 1 23 0 645 198 199
44 2 3 1 23 0 192 193 643
45 2 3 1 23 0 101 102 644
46 2 3 1 23 0 102 638 644
47 2 3 1 23 0 193 637 643
48 2 3 1 23 0 197 198 641
49 2 3 1 23 0 641 635 197
50 2 3 1 23 0 516 635 641
51 2 3 1 23 0 106 107 642
52 2 3 1 23 0 642 636 106
53 2 3 1 23 0 517 636 642
54 2 3 1 23 0 495 497 656
55 2 3 1 23 0 657 497 495
56 2 3 1 23 0 471 479 658
57 2 3 1 23 0 659 479 471
58 2 3 1 23 0 476 477 660
59 2 3 1 23 0 498 499 661
60 2 3 1 23 0 662 477 476
61 2 3 1 23 0 663 499 498
62 2 3 1 23 0 583 618 670
63 2 3 1 23 0 672 607 575
64 2 3 1 23 0 713 652 620
65 2 3 1 23 0 602 651 714
66 2 3 1 23 0 844 632 630
67 2 3 1 23 0 845 631 629
68 2 3 1 23 0 630 516 848
69 2 3 1 23 0 629 517 849
70 2 3 1 23 0 855 720 628
71 2 3 1 23 0 856 719 627
72 2 3 1 23 0 628 842 857
73 2 3 1 23 0 630 848 857
74 2 3 1 23 0 627 843 858
75 2 3 1 23 0 629 849 858
76 2 3 1 23 0 859 842 504
77 2 3 1 23 0 859 844 630
78 2 3 1 23 0 513 652 860
79 2 3 1 23 0 860 651 513
80 2 3 1 23 0 861 515 633
81 2 3 1 23 0 862 514 634
82 2 3 1 23 0 516 630 865
83 2 3 1 23 0 632 635 865
84 2 3 1 23 0 865 630 632
85 2 3 1 23 0 865 635 516
86 2 3 1 23 0 517 629 866
87 2 3 1 23 0 631 636 866
88 2 3 1 23 0 866 629 631
89 2 3 1 23 0 866 636 517
90 2 3 1 23 0 867 845 634
91 2 3 1 23 0 634 514 867
92 2 3 1 23 0 631 845 867
93 2 3 1 23 0 868 844 633
94 2 3 1 23 0 633 515 868
95 2 3 1 23 0 632 844 868
96 2 3 1 23 0 634 845 869
97 2 3 1 23 0 633 844 870
98 2 3 1 23 0 873 653 607
99 2 3 1 23 0 874 847 523
100 2 3 1 23 0 523 854 874
101 2 3 1 23 0 875 846 522
102 2 3 1 23 0 522 853 875
103 2 3 1 23 0 878 111 112
104 2 3 1 23 0 879 20 21
105 2 3 1 23 0 637 194 882
106 2 3 1 23 0 638 103 883
107 2 3 1 23 0 884 637 640
108 2 3 1 23 0 643 637 884
109 2 3 1 23 0 885 638 639
110 2 3 1 23 0 644 638 885
111 2 3 1 23 0 867 514 877
112 2 3 1 23 0 867 877 631
113 2 3 1 23 0 868 515 876
114 2 3 1 23 0 868 876 632
115 2 3 1 23 0 882 194 195
116 2 3 1 23 0 883 103 104
117 2 3 1 23 0 860 494 714
118 2 3 1 23 0 651 860 714
119 2 3 1 23 0 713 494 860
120 2 3 1 23 0 713 860 652
121 2 3 1 23 0 846 634 869
122 2 3 1 23 0 847 633 870
123 2 3 1 23 0 859 630 857
124 2 3 1 23 0 842 859 857
125 2 3 1 23 0 859 504 870
126 2 3 1 23 0 859 870 844
127 2 3 1 23 0 855 628 857
128 2 3 1 23 0 855 857 848
129 2 3 1 23 0 856 627 858
130 2 3 1 23 0 856 858 849
131 2 3 1 23 0 521 646 887
132 2 3 1 23 0 520 645 888
133 2 3 1 23 0 852 670 618
134 2 3 1 23 0 607 672 850
135 2 3 1 23 0 732 576 610
136 2 3 1 23 0 593 562 731
137 2 3 1 23 0 598 662 750
138 2 3 1 23 0 749 660 588
139 2 3 1 23 0 768 667 493
140 2 3 1 23 0 493 666 767
141 2 3 1 23 0 767 666 599
142 2 3 1 23 0 763 669 591
143 2 3 1 23 0 741 531 577
144 2 3 1 23 0 782 741 577
145 2 3 1 23 0 821 527 561
146 2 3 1 23 0 561 527 740
147 2 3 1 23 0 561 740 781
148 2 3 1 23 0 743 533 579
149 2 3 1 23 0 780 743 579
150 2 3 1 23 0 823 529 571
151 2 3 1 23 0 579 533 824
152 2 3 1 23 0 571 529 742
153 2 3 1 23 0 571 742 779
154 2 3 1 23 0 748 534 582
155 2 3 1 23 0 778 748 582
156 2 3 1 23 0 567 528 747
157 2 3 1 23 0 567 747 777
158 2 3 1 23 0 746 535 587
159 2 3 1 23 0 784 746 587
160 2 3 1 23 0 572 530 745
161 2 3 1 23 0 572 745 783
162 2 3 1 23 0 738 665 511
163 2 3 1 23 0 622 665 738
164 2 3 1 23 0 511 664 737
165 2 3 1 23 0 737 664 604
166 2 3 1 23 0 752 657 495
167 2 3 1 23 0 616 657 752
168 2 3 1 23 0 495 656 751
169 2 3 1 23 0 751 656 600
170 2 3 1 23 0 736 525 555
171 2 3 1 23 0 816 524 550
172 2 3 1 23 0 555 525 817
173 2 3 1 23 0 550 524 735
174 2 3 1 23 0 506 505 762
175 2 3 1 23 0 761 505 506
176 2 3 1 23 0 502 501 766
177 2 3 1 23 0 765 501 502
178 2 3 1 23 0 62 63 786
179 2 3 1 23 0 785 146 147
180 2 3 1 23 0 108 4 887
181 2 3 1 23 0 887 646 108
182 2 3 1 23 0 887 4 109
183 2 3 1 23 0 888 1 18
184 2 3 1 23 0 888 645 199
185 2 3 1 23 0 199 1 888
186 2 3 1 23 0 583 739 687
187 2 3 1 23 0 690 744 575
188 2 3 1 23 0 548 760 698
189 2 3 1 23 0 697 759 544
190 2 3 1 23 0 852 654 647
191 2 3 1 23 0 873 607 850
192 2 3 1 23 0 851 655 648
193 2 3 1 23 0 730 531 611
194 2 3 1 23 0 531 730 822
195 2 3 1 23 0 592 527 729
196 2 3 1 23 0 821 729 527
197 2 3 1 23 0 533 734 824
198 2 3 1 23 0 823 733 529
199 2 3 1 23 0 576 732 676
200 2 3 1 23 0 675 731 562
201 2 3 1 23 0 727 838 595
202 2 3 1 23 0 608 839 728
203 2 3 1 23 0 827 536 593
204 2 3 1 23 0 731 827 593
205 2 3 1 23 0 788 538 610
206 2 3 1 23 0 593 536 787
207 2 3 1 23 0 610 538 828
208 2 3 1 23 0 610 828 732
209 2 3 1 23 0 813 180 181
210 2 3 1 23 0 28 29 814
211 2 3 1 23 0 725 836 594
212 2 3 1 23 0 609 837 726
213 2 3 1 23 0 719 856 878
214 2 3 1 23 0 720 855 879
215 2 3 1 23 0 873 628 720
216 2 3 1 23 0 653 873 720
217 2 3 1 23 0 590 685 715
218 2 3 1 23 0 716 686 613
219 2 3 1 23 0 618 583 649
220 2 3 1 23 0 687 649 583
221 2 3 1 23 0 653 575 607
222 2 3 1 23 0 575 653 690
223 2 3 1 23 0 808 176 177
224 2 3 1 23 0 32 33 807
225 2 3 1 23 0 149 150 864
226 2 3 1 23 0 864 723 149
227 2 3 1 23 0 624 723 864
228 2 3 1 23 0 58 59 863
229 2 3 1 23 0 863 840 58
230 2 3 1 23 0 707 127 128
231 2 3 1 23 0 701 707 128
232 2 3 1 23 0 819 840 565
233 2 3 1 23 0 798 527 592
234 2 3 1 23 0 527 798 740
235 2 3 1 23 0 705 139 140
236 2 3 1 23 0 700 705 140
237 2 3 1 23 0 546 705 700
238 2 3 1 23 0 711 133 134
239 2 3 1 23 0 809 536 594
240 2 3 1 23 0 536 809 787
241 2 3 1 23 0 811 138 139
242 2 3 1 23 0 705 811 139
243 2 3 1 23 0 703 118 119
244 2 3 1 23 0 697 703 119
245 2 3 1 23 0 56 57 819
246 2 3 1 23 0 56 819 804
247 2 3 1 23 0 565 549 819
248 2 3 1 23 0 804 819 549
249 2 3 1 23 0 584 841 820
250 2 3 1 23 0 820 152 153
251 2 3 1 23 0 805 820 153
252 2 3 1 23 0 820 554 584
253 2 3 1 23 0 554 820 805
254 2 3 1 23 0 81 82 708
255 2 3 1 23 0 81 708 702
256 2 3 1 23 0 863 59 60
257 2 3 1 23 0 60 724 863
258 2 3 1 23 0 863 724 623
259 2 3 1 23 0 90 91 704
260 2 3 1 23 0 90 704 698
261 2 3 1 23 0 611 531 799
262 2 3 1 23 0 741 799 531
263 2 3 1 23 0 70 71 812
264 2 3 1 23 0 70 812 706
265 2 3 1 23 0 69 70 706
266 2 3 1 23 0 609 538 810
267 2 3 1 23 0 788 810 538
268 2 3 1 23 0 75 76 712
269 2 3 1 23 0 864 150 151
270 2 3 1 23 0 151 841 864
271 2 3 1 23 0 639 638 883
272 2 3 1 23 0 639 883 862
273 2 3 1 23 0 883 514 862
274 2 3 1 23 0 640 637 882
275 2 3 1 23 0 640 882 861
276 2 3 1 23 0 882 515 861
277 2 3 1 23 0 679 542 540
278 2 3 1 23 0 541 543 680
279 2 3 1 23 0 713 717 494
280 2 3 1 23 0 494 718 714
281 2 3 1 23 0 474 648 655
282 2 3 1 23 0 474 655 869
283 2 3 1 23 0 846 655 522
284 2 3 1 23 0 846 869 655
285 2 3 1 23 0 504 647 654
286 2 3 1 23 0 504 654 870
287 2 3 1 23 0 847 870 654
288 2 3 1 23 0 873 842 628
289 2 3 1 23 0 842 873 850
290 2 3 1 23 0 877 105 636
291 2 3 1 23 0 636 631 877
292 2 3 1 23 0 104 105 877
293 2 3 1 23 0 876 196 635
294 2 3 1 23 0 635 632 876
295 2 3 1 23 0 195 196 876
296 2 3 1 23 0 518 643 884
297 2 3 1 23 0 518 884 881
298 2 3 1 23 0 640 626 884
299 2 3 1 23 0 881 884 626
300 2 3 1 23 0 519 644 885
301 2 3 1 23 0 519 885 880
302 2 3 1 23 0 639 625 885
303 2 3 1 23 0 880 885 625
304 2 3 1 23 0 626 640 861
305 2 3 1 23 0 874 626 861
306 2 3 1 23 0 633 847 861
307 2 3 1 23 0 847 874 861
308 2 3 1 23 0 625 639 862
309 2 3 1 23 0 875 625 862
310 2 3 1 23 0 634 846 862
311 2 3 1 23 0 846 875 862
312 2 3 1 23 0 880 625 875
313 2 3 1 23 0 853 880 875
314 2 3 1 23 0 881 626 874
315 2 3 1 23 0 854 881 874
316 2 3 1 23 0 902 672 833
317 2 3 1 23 0 910 113 114
318 2 3 1 23 0 911 22 23
319 2 3 1 23 0 911 653 720
320 2 3 1 23 0 115 116 912
321 2 3 1 23 0 913 93 94
322 2 3 1 23 0 914 503 507
323 2 3 1 23 0 24 25 917
324 2 3 1 23 0 744 690 917
325 2 3 1 23 0 918 184 185
326 2 3 1 23 0 918 687 739
327 2 3 1 23 0 178 179 919
328 2 3 1 23 0 920 30 31
329 2 3 1 23 0 171 172 923
330 2 3 1 23 0 792 790 923
331 2 3 1 23 0 924 37 38
332 2 3 1 23 0 924 789 791
333 2 3 1 23 0 45 46 925
334 2 3 1 23 0 800 771 925
335 2 3 1 23 0 926 163 164
336 2 3 1 23 0 926 772 801
337 2 3 1 23 0 52 53 927
338 2 3 1 23 0 793 777 927
339 2 3 1 23 0 928 156 157
340 2 3 1 23 0 928 778 794
341 2 3 1 23 0 121 122 929
342 2 3 1 23 0 930 87 88
343 2 3 1 23 0 158 159 931
344 2 3 1 23 0 776 748 931
345 2 3 1 23 0 932 50 51
346 2 3 1 23 0 932 747 775
347 2 3 1 23 0 41 42 933
348 2 3 1 23 0 795 779 933
349 2 3 1 23 0 934 167 168
350 2 3 1 23 0 934 780 796
351 2 3 1 23 0 144 145 935
352 2 3 1 23 0 936 64 65
353 2 3 1 23 0 937 658 479
354 2 3 1 23 0 937 901 834
355 2 3 1 23 0 479 659 938
356 2 3 1 23 0 835 900 938
357 2 3 1 23 0 47 48 939
358 2 3 1 23 0 753 691 939
359 2 3 1 23 0 940 161 162
360 2 3 1 23 0 940 692 754
361 2 3 1 23 0 43 44 941
362 2 3 1 23 0 756 694 941
363 2 3 1 23 0 942 165 166
364 2 3 1 23 0 942 696 758
365 2 3 1 23 0 123 124 943
366 2 3 1 23 0 755 693 943
367 2 3 1 23 0 944 85 86
368 2 3 1 23 0 944 695 757
369 2 3 1 23 0 174 175 947
370 2 3 1 23 0 948 34 35
371 2 3 1 23 0 166 167 949
372 2 3 1 23 0 796 696 949
373 2 3 1 23 0 950 42 43
374 2 3 1 23 0 950 694 795
375 2 3 1 23 0 162 163 951
376 2 3 1 23 0 801 692 951
377 2 3 1 23 0 952 46 47
378 2 3 1 23 0 952 691 800
379 2 3 1 23 0 155 156 953
380 2 3 1 23 0 794 689 953
381 2 3 1 23 0 954 53 54
382 2 3 1 23 0 954 688 793
383 2 3 1 23 0 507 508 955
384 2 3 1 23 0 956 508 507
385 2 3 1 23 0 36 37 957
386 2 3 1 23 0 791 783 957
387 2 3 1 23 0 958 172 173
388 2 3 1 23 0 958 784 792
389 2 3 1 23 0 86 87 959
390 2 3 1 23 0 803 695 959
391 2 3 1 23 0 960 122 123
392 2 3 1 23 0 960 693 802
393 2 3 1 23 0 49 50 961
394 2 3 1 23 0 775 773 961
395 2 3 1 23 0 962 159 160
396 2 3 1 23 0 962 774 776
397 2 3 1 23 0 63 64 964
398 2 3 1 23 0 965 145 146
399 2 3 1 23 0 480 482 969
400 2 3 1 23 0 970 482 480
401 2 3 1 23 0 82 83 971
402 2 3 1 23 0 971 708 82
403 2 3 1 23 0 972 126 127
404 2 3 1 23 0 127 707 972
405 2 3 1 23 0 973 576 676
406 2 3 1 23 0 675 562 974
407 2 3 1 23 0 975 182 183
408 2 3 1 23 0 975 797 815
409 2 3 1 23 0 26 27 976
410 2 3 1 23 0 818 806 976
411 2 3 1 23 0 548 563 977
412 2 3 1 23 0 977 563 678
413 2 3 1 23 0 977 835 548
414 2 3 1 23 0 978 559 544
415 2 3 1 23 0 677 559 978
416 2 3 1 23 0 544 834 978
417 2 3 1 23 0 979 652 513
418 2 3 1 23 0 685 652 979
419 2 3 1 23 0 513 651 980
420 2 3 1 23 0 980 651 686
421 2 3 1 23 0 981 585 813
422 2 3 1 23 0 814 574 982
423 2 3 1 23 0 983 817 766
424 2 3 1 23 0 766 501 983
425 2 3 1 23 0 483 491 984
426 2 3 1 23 0 836 725 984
427 2 3 1 23 0 984 725 483
428 2 3 1 23 0 985 491 483
429 2 3 1 23 0 985 726 837
430 2 3 1 23 0 483 726 985
431 2 3 1 23 0 986 969 839
432 2 3 1 23 0 839 908 986
433 2 3 1 23 0 838 970 987
434 2 3 1 23 0 987 907 838
435 2 3 1 23 0 164 165 988
436 2 3 1 23 0 758 772 988
437 2 3 1 23 0 989 44 45
438 2 3 1 23 0 989 771 756
439 2 3 1 23 0 160 161 990
440 2 3 1 23 0 754 774 990
441 2 3 1 23 0 991 48 49
442 2 3 1 23 0 991 773 753
443 2 3 1 23 0 992 681 484
444 2 3 1 23 0 484 682 992
445 2 3 1 23 0 993 670 831
446 2 3 1 23 0 583 670 993
447 2 3 1 23 0 539 622 994
448 2 3 1 23 0 994 622 738
449 2 3 1 23 0 994 830 539
450 2 3 1 23 0 995 604 537
451 2 3 1 23 0 737 604 995
452 2 3 1 23 0 537 829 995
453 2 3 1 23 0 833 672 996
454 2 3 1 23 0 996 672 575
455 2 3 1 23 0 92 93 997
456 2 3 1 23 0 998 116 117
457 2 3 1 23 0 1001 179 180
458 2 3 1 23 0 29 30 1002
459 2 3 1 23 0 836 679 1003
460 2 3 1 23 0 1003 679 540
461 2 3 1 23 0 1004 680 837
462 2 3 1 23 0 541 680 1004
463 2 3 1 23 0 73 74 1005
464 2 3 1 23 0 1006 135 136
465 2 3 1 23 0 754 692 1007
466 2 3 1 23 0 1008 691 753
467 2 3 1 23 0 757 695 1009
468 2 3 1 23 0 1010 693 755
469 2 3 1 23 0 758 696 1011
470 2 3 1 23 0 1012 694 756
471 2 3 1 23 0 1013 661 499
472 2 3 1 23 0 499 663 1014
473 2 3 1 23 0 1015 660 477
474 2 3 1 23 0 477 662 1016
475 2 3 1 23 0 1017 824 734
476 2 3 1 23 0 535 621 1018
477 2 3 1 23 0 762 826 1018
478 2 3 1 23 0 1018 826 535
479 2 3 1 23 0 1019 605 530
480 2 3 1 23 0 1019 825 761
481 2 3 1 23 0 530 825 1019
482 2 3 1 23 0 1021 656 497
483 2 3 1 23 0 497 657 1022
484 2 3 1 23 0 525 619 1024
485 2 3 1 23 0 766 817 1024
486 2 3 1 23 0 1024 817 525
487 2 3 1 23 0 1025 606 524
488 2 3 1 23 0 1025 816 765
489 2 3 1 23 0 524 816 1025
490 2 3 1 23 0 1028 908 551
491 2 3 1 23 0 545 907 1029
492 2 3 1 23 0 183 184 1030
493 2 3 1 23 0 739 797 1030
494 2 3 1 23 0 1031 25 26
495 2 3 1 23 0 1031 806 744
496 2 3 1 23 0 578 612 1032
497 2 3 1 23 0 1032 612 764
498 2 3 1 23 0 763 591 1033
499 2 3 1 23 0 486 492 1035
500 2 3 1 23 0 1036 492 486
501 2 3 1 23 0 490 492 1039
502 2 3 1 23 0 1040 492 490
503 2 3 1 23 0 534 616 1041
504 2 3 1 23 0 1041 616 752
505 2 3 1 23 0 1042 600 528
506 2 3 1 23 0 751 600 1042
507 2 3 1 23 0 886 509 1043
508 2 3 1 23 0 833 966 1043
509 2 3 1 23 0 1046 509 886
510 2 3 1 23 0 1046 963 831
511 2 3 1 23 0 1047 911 23
512 2 3 1 23 0 653 911 1047
513 2 3 1 23 0 1048 910 114
514 2 3 1 23 0 542 547 1049
515 2 3 1 23 0 1049 711 542
516 2 3 1 23 0 1050 552 543
517 2 3 1 23 0 543 712 1050
518 2 3 1 23 0 506 510 1051
519 2 3 1 23 0 1052 510 506
520 2 3 1 23 0 1055 816 550
521 2 3 1 23 0 76 77 1064
522 2 3 1 23 0 1064 712 76
523 2 3 1 23 0 1065 132 133
524 2 3 1 23 0 133 711 1065
525 2 3 1 23 0 1066 617 768
526 2 3 1 23 0 767 599 1067
527 2 3 1 23 0 580 614 1069
528 2 3 1 23 0 1070 603 570
529 2 3 1 23 0 681 727 1072
530 2 3 1 23 0 1073 728 682
531 2 3 1 23 0 835 977 1076
532 2 3 1 23 0 1076 900 835
533 2 3 1 23 0 1076 977 678
534 2 3 1 23 0 1077 978 834
535 2 3 1 23 0 834 901 1077
536 2 3 1 23 0 677 978 1077
537 2 3 1 23 0 674 750 1078
538 2 3 1 23 0 1079 749 673
539 2 3 1 23 0 886 508 1088
540 2 3 1 23 0 1089 508 886
541 2 3 1 23 0 1090 806 818
542 2 3 1 23 0 815 797 1091
543 2 3 1 23 0 717 909 1092
544 2 3 1 23 0 1094 727 595
545 2 3 1 23 0 608 728 1095
546 2 3 1 23 0 1103 768 493
547 2 3 1 23 0 493 767 1103
548 2 3 1 23 0 1116 586 621
549 2 3 1 23 0 605 573 1117
550 2 3 1 23 0 817 983 1121
551 2 3 1 23 0 1124 585 619
552 2 3 1 23 0 606 574 1125
553 2 3 1 23 0 567 599 1126
554 2 3 1 23 0 1126 599 666
555 2 3 1 23 0 1127 617 582
556 2 3 1 23 0 668 823 1128
557 2 3 1 23 0 1128 603 668
558 2 3 1 23 0 1128 823 571
559 2 3 1 23 0 579 824 1129
560 2 3 1 23 0 1130 804 549
561 2 3 1 23 0 554 805 1131
562 2 3 1 23 0 557 588 1132
563 2 3 1 23 0 1132 588 660
564 2 3 1 23 0 1133 598 566
565 2 3 1 23 0 662 598 1133
566 2 3 1 23 0 669 821 1134
567 2 3 1 23 0 1134 591 669
568 2 3 1 23 0 1134 821 561
569 2 3 1 23 0 1136 809 594
570 2 3 1 23 0 609 810 1137
571 2 3 1 23 0 1138 600 656
572 2 3 1 23 0 657 616 1139
573 2 3 1 23 0 177 178 1140
574 2 3 1 23 0 1140 808 177
575 2 3 1 23 0 1141 31 32
576 2 3 1 23 0 32 807 1141
577 2 3 1 23 0 572 604 1144
578 2 3 1 23 0 664 825 1144
579 2 3 1 23 0 1144 604 664
580 2 3 1 23 0 1145 622 587
581 2 3 1 23 0 1145 826 665
582 2 3 1 23 0 665 622 1145
583 2 3 1 23 0 478 889 1146
584 2 3 1 23 0 1146 901 478
585 2 3 1 23 0 1147 889 478
586 2 3 1 23 0 478 900 1147
587 2 3 1 23 0 170 171 1148
588 2 3 1 23 0 1149 38 39
589 2 3 1 23 0 490 890 1150
590 2 3 1 23 0 1150 1040 490
591 2 3 1 23 0 1151 890 490
592 2 3 1 23 0 490 1039 1151
593 2 3 1 23 0 71 72 1152
594 2 3 1 23 0 788 812 1152
595 2 3 1 23 0 1152 812 71
596 2 3 1 23 0 1153 137 138
597 2 3 1 23 0 1153 811 787
598 2 3 1 23 0 138 811 1153
599 2 3 1 23 0 727 681 1156
600 2 3 1 23 0 1157 682 728
601 2 3 1 23 0 1160 970 480
602 2 3 1 23 0 1160 1079 673
603 2 3 1 23 0 480 969 1161
604 2 3 1 23 0 674 1078 1161
605 2 3 1 23 0 753 773 1162
606 2 3 1 23 0 1163 774 754
607 2 3 1 23 0 1164 797 739
608 2 3 1 23 0 744 806 1165
609 2 3 1 23 0 756 771 1166
610 2 3 1 23 0 1167 772 758
611 2 3 1 23 0 755 769 1168
612 2 3 1 23 0 1169 770 757
613 2 3 1 23 0 1173 522 655
614 2 3 1 23 0 655 851 1173
615 2 3 1 23 0 502 503 1174
616 2 3 1 23 0 1175 503 502
617 2 3 1 23 0 1176 1103 767
618 2 3 1 23 0 768 1103 1177
619 2 3 1 23 0 1178 863 623
620 2 3 1 23 0 840 863 1178
621 2 3 1 23 0 624 864 1179
622 2 3 1 23 0 1179 864 841
623 2 3 1 23 0 1180 853 522
624 2 3 1 23 0 1181 1078 472
625 2 3 1 23 0 472 1079 1181
626 2 3 1 23 0 72 73 1184
627 2 3 1 23 0 810 788 1184
628 2 3 1 23 0 1185 136 137
629 2 3 1 23 0 1185 787 809
630 2 3 1 23 0 66 67 1188
631 2 3 1 23 0 799 741 1188
632 2 3 1 23 0 1189 142 143
633 2 3 1 23 0 1189 740 798
634 2 3 1 23 0 1192 900 478
635 2 3 1 23 0 478 901 1192
636 2 3 1 23 0 1194 730 611
637 2 3 1 23 0 592 729 1195
638 2 3 1 23 0 65 66 1196
639 2 3 1 23 0 741 782 1196
640 2 3 1 23 0 1197 143 144
641 2 3 1 23 0 1197 781 740
642 2 3 1 23 0 168 169 1198
643 2 3 1 23 0 743 780 1198
644 2 3 1 23 0 1199 40 41
645 2 3 1 23 0 1199 779 742
646 2 3 1 23 0 647 504 1200
647 2 3 1 23 0 842 850 1200
648 2 3 1 23 0 1200 504 842
649 2 3 1 23 0 1200 850 647
650 2 3 1 23 0 157 158 1201
651 2 3 1 23 0 748 778 1201
652 2 3 1 23 0 1202 51 52
653 2 3 1 23 0 1202 777 747
654 2 3 1 23 0 173 174 1203
655 2 3 1 23 0 746 784 1203
656 2 3 1 23 0 1204 35 36
657 2 3 1 23 0 1204 783 745
658 2 3 1 23 0 568 598 1205
659 2 3 1 23 0 1205 598 750
660 2 3 1 23 0 1206 588 556
661 2 3 1 23 0 749 588 1206
662 2 3 1 23 0 1212 662 476
663 2 3 1 23 0 750 662 1212
664 2 3 1 23 0 476 472 1212
665 2 3 1 23 0 476 660 1213
666 2 3 1 23 0 1213 660 749
667 2 3 1 23 0 1213 472 476
668 2 3 1 23 0 169 170 1214
669 2 3 1 23 0 1215 39 40
670 2 3 1 23 0 952 47 939
671 2 3 1 23 0 691 952 939
672 2 3 1 23 0 940 162 951
673 2 3 1 23 0 940 951 692
674 2 3 1 23 0 960 123 943
675 2 3 1 23 0 693 960 943
676 2 3 1 23 0 950 43 941
677 2 3 1 23 0 694 950 941
678 2 3 1 23 0 944 86 959
679 2 3 1 23 0 944 959 695
680 2 3 1 23 0 942 166 949
681 2 3 1 23 0 942 949 696
682 2 3 1 23 0 1049 547 1038
683 2 3 1 23 0 1037 552 1050
684 2 3 1 23 0 914 507 955
685 2 3 1 23 0 1174 503 914
686 2 3 1 23 0 955 508 1089
687 2 3 1 23 0 1088 508 956
688 2 3 1 23 0 920 31 1141
689 2 3 1 23 0 920 1141 735
690 2 3 1 23 0 1140 178 919
691 2 3 1 23 0 736 1140 919
692 2 3 1 23 0 1030 184 918
693 2 3 1 23 0 739 1030 918
694 2 3 1 23 0 1189 143 1197
695 2 3 1 23 0 1189 1197 740
696 2 3 1 23 0 1196 66 1188
697 2 3 1 23 0 741 1196 1188
698 2 3 1 23 0 1215 40 1199
699 2 3 1 23 0 742 1215 1199
700 2 3 1 23 0 1198 169 1214
701 2 3 1 23 0 1198 1214 743
702 2 3 1 23 0 917 25 1031
703 2 3 1 23 0 917 1031 744
704 2 3 1 23 0 948 35 1204
705 2 3 1 23 0 948 1204 745
706 2 3 1 23 0 1203 174 947
707 2 3 1 23 0 746 1203 947
708 2 3 1 23 0 932 51 1202
709 2 3 1 23 0 932 1202 747
710 2 3 1 23 0 1201 158 931
711 2 3 1 23 0 748 1201 931
712 2 3 1 23 0 939 48 991
713 2 3 1 23 0 939 991 753
714 2 3 1 23 0 753 1162 1008
715 2 3 1 23 0 990 161 940
716 2 3 1 23 0 754 990 940
717 2 3 1 23 0 1007 1163 754
718 2 3 1 23 0 755 1168 1010
719 2 3 1 23 0 941 44 989
720 2 3 1 23 0 941 989 756
721 2 3 1 23 0 756 1166 1012
722 2 3 1 23 0 1009 1169 757
723 2 3 1 23 0 988 165 942
724 2 3 1 23 0 758 988 942
725 2 3 1 23 0 1011 1167 758
726 2 3 1 23 0 989 45 925
727 2 3 1 23 0 771 989 925
728 2 3 1 23 0 926 164 988
729 2 3 1 23 0 926 988 772
730 2 3 1 23 0 991 49 961
731 2 3 1 23 0 773 991 961
732 2 3 1 23 0 962 160 990
733 2 3 1 23 0 962 990 774
734 2 3 1 23 0 919 179 1001
735 2 3 1 23 0 1002 30 920
736 2 3 1 23 0 961 50 932
737 2 3 1 23 0 775 961 932
738 2 3 1 23 0 931 159 962
739 2 3 1 23 0 931 962 776
740 2 3 1 23 0 1202 52 927
741 2 3 1 23 0 777 1202 927
742 2 3 1 23 0 928 157 1201
743 2 3 1 23 0 928 1201 778
744 2 3 1 23 0 1199 41 933
745 2 3 1 23 0 779 1199 933
746 2 3 1 23 0 934 168 1198
747 2 3 1 23 0 934 1198 780
748 2 3 1 23 0 1197 144 935
749 2 3 1 23 0 781 1197 935
750 2 3 1 23 0 936 65 1196
751 2 3 1 23 0 936 1196 782
752 2 3 1 23 0 1204 36 957
753 2 3 1 23 0 783 1204 957
754 2 3 1 23 0 958 173 1203
755 2 3 1 23 0 958 1203 784
756 2 3 1 23 0 1185 137 1153
757 2 3 1 23 0 787 1185 1153
758 2 3 1 23 0 1152 72 1184
759 2 3 1 23 0 1152 1184 788
760 2 3 1 23 0 924 38 1149
761 2 3 1 23 0 924 1149 789
762 2 3 1 23 0 1148 171 923
763 2 3 1 23 0 790 1148 923
764 2 3 1 23 0 957 37 924
765 2 3 1 23 0 791 957 924
766 2 3 1 23 0 923 172 958
767 2 3 1 23 0 923 958 792
768 2 3 1 23 0 997 93 913
769 2 3 1 23 0 1149 39 1215
770 2 3 1 23 0 1214 170 1148
771 2 3 1 23 0 912 116 998
772 2 3 1 23 0 927 53 954
773 2 3 1 23 0 927 954 793
774 2 3 1 23 0 953 156 928
775 2 3 1 23 0 794 953 928
776 2 3 1 23 0 933 42 950
777 2 3 1 23 0 933 950 795
778 2 3 1 23 0 949 167 934
779 2 3 1 23 0 796 949 934
780 2 3 1 23 0 975 183 1030
781 2 3 1 23 0 975 1030 797
782 2 3 1 23 0 797 1164 1091
783 2 3 1 23 0 925 46 952
784 2 3 1 23 0 925 952 800
785 2 3 1 23 0 951 163 926
786 2 3 1 23 0 801 951 926
787 2 3 1 23 0 929 122 960
788 2 3 1 23 0 929 960 802
789 2 3 1 23 0 959 87 930
790 2 3 1 23 0 803 959 930
791 2 3 1 23 0 935 145 965
792 2 3 1 23 0 964 64 936
793 2 3 1 23 0 1031 26 976
794 2 3 1 23 0 806 1031 976
795 2 3 1 23 0 1090 1165 806
796 2 3 1 23 0 1006 136 1185
797 2 3 1 23 0 1006 1185 809
798 2 3 1 23 0 1184 73 1005
799 2 3 1 23 0 810 1184 1005
800 2 3 1 23 0 915 922 832
801 2 3 1 23 0 1043 509 902
802 2 3 1 23 0 833 1043 902
803 2 3 1 23 0 903 487 898
804 2 3 1 23 0 897 487 904
805 2 3 1 23 0 1035 492 1040
806 2 3 1 23 0 1039 492 1036
807 2 3 1 23 0 1073 1095 728
808 2 3 1 23 0 727 1094 1072
809 2 3 1 23 0 1212 472 1078
810 2 3 1 23 0 750 1212 1078
811 2 3 1 23 0 1079 472 1213
812 2 3 1 23 0 1079 1213 749
813 2 3 1 23 0 528 567 1126
814 2 3 1 23 0 1127 582 534
815 2 3 1 23 0 530 572 1144
816 2 3 1 23 0 530 1144 825
817 2 3 1 23 0 1145 587 535
818 2 3 1 23 0 826 1145 535
819 2 3 1 23 0 682 1157 992
820 2 3 1 23 0 992 1156 681
821 2 3 1 23 0 1068 499 1014
822 2 3 1 23 0 891 1068 1014
823 2 3 1 23 0 1013 499 1068
824 2 3 1 23 0 1013 1068 892
825 2 3 1 23 0 1087 497 1022
826 2 3 1 23 0 893 1087 1022
827 2 3 1 23 0 1021 497 1087
828 2 3 1 23 0 1021 1087 894
829 2 3 1 23 0 1085 477 1016
830 2 3 1 23 0 895 1085 1016
831 2 3 1 23 0 1015 477 1085
832 2 3 1 23 0 1015 1085 896
833 2 3 1 23 0 1192 479 938
834 2 3 1 23 0 900 1192 938
835 2 3 1 23 0 1076 678 1147
836 2 3 1 23 0 1076 1147 900
837 2 3 1 23 0 937 479 1192
838 2 3 1 23 0 937 1192 901
839 2 3 1 23 0 1146 677 1077
840 2 3 1 23 0 901 1146 1077
841 2 3 1 23 0 915 832 909
842 2 3 1 23 0 987 673 1029
843 2 3 1 23 0 987 1029 907
844 2 3 1 23 0 1028 674 986
845 2 3 1 23 0 908 1028 986
846 2 3 1 23 0 1053 675 974
847 2 3 1 23 0 973 676 1054
848 2 3 1 23 0 1046 886 1088
849 2 3 1 23 0 1046 1088 963
850 2 3 1 23 0 1089 886 1043
851 2 3 1 23 0 966 1089 1043
852 2 3 1 23 0 986 674 1161
853 2 3 1 23 0 986 1161 969
854 2 3 1 23 0 1160 673 987
855 2 3 1 23 0 970 1160 987
856 2 3 1 23 0 1057 605 1019
857 2 3 1 23 0 1018 621 1056
858 2 3 1 23 0 1054 676 1151
859 2 3 1 23 0 1054 1151 1039
860 2 3 1 23 0 1150 675 1053
861 2 3 1 23 0 1040 1150 1053
862 2 3 1 23 0 1143 606 1025
863 2 3 1 23 0 1024 619 1142
864 2 3 1 23 0 1181 480 1161
865 2 3 1 23 0 1078 1181 1161
866 2 3 1 23 0 1160 480 1181
867 2 3 1 23 0 1160 1181 1079
868 2 3 1 23 0 517 521 872
869 2 3 1 23 0 872 849 517
870 2 3 1 23 0 516 520 871
871 2 3 1 23 0 871 848 516
872 2 3 1 23 0 665 826 1083
873 2 3 1 23 0 1083 511 665
874 2 3 1 23 0 528 600 1102
875 2 3 1 23 0 1102 747 528
876 2 3 1 23 0 775 747 1102
877 2 3 1 23 0 1101 616 534
878 2 3 1 23 0 534 748 1101
879 2 3 1 23 0 1101 748 776
880 2 3 1 23 0 1034 823 668
881 2 3 1 23 0 776 774 1101
882 2 3 1 23 0 774 1163 1101
883 2 3 1 23 0 1102 773 775
884 2 3 1 23 0 1102 1162 773
885 2 3 1 23 0 827 731 1060
886 2 3 1 23 0 1061 732 828
887 2 3 1 23 0 537 604 1104
888 2 3 1 23 0 1104 789 537
889 2 3 1 23 0 791 789 1104
890 2 3 1 23 0 1105 622 539
891 2 3 1 23 0 539 790 1105
892 2 3 1 23 0 1105 790 792
893 2 3 1 23 0 566 598 1100
894 2 3 1 23 0 1169 566 1100
895 2 3 1 23 0 770 1169 1100
896 2 3 1 23 0 1099 588 557
897 2 3 1 23 0 1099 557 1168
898 2 3 1 23 0 1099 1168 769
899 2 3 1 23 0 1142 619 585
900 2 3 1 23 0 574 606 1143
901 2 3 1 23 0 1056 621 586
902 2 3 1 23 0 586 555 1056
903 2 3 1 23 0 573 605 1057
904 2 3 1 23 0 1057 550 573
905 2 3 1 23 0 550 1057 1055
906 2 3 1 23 0 1047 23 24
907 2 3 1 23 0 1047 24 917
908 2 3 1 23 0 1047 690 653
909 2 3 1 23 0 690 1047 917
910 2 3 1 23 0 1048 114 115
911 2 3 1 23 0 1048 115 912
912 2 3 1 23 0 733 823 1034
913 2 3 1 23 0 587 622 1105
914 2 3 1 23 0 1105 784 587
915 2 3 1 23 0 792 784 1105
916 2 3 1 23 0 1104 604 572
917 2 3 1 23 0 572 783 1104
918 2 3 1 23 0 1104 783 791
919 2 3 1 23 0 530 605 1117
920 2 3 1 23 0 1117 745 530
921 2 3 1 23 0 948 745 1117
922 2 3 1 23 0 1116 621 535
923 2 3 1 23 0 535 746 1116
924 2 3 1 23 0 1116 746 947
925 2 3 1 23 0 801 772 1115
926 2 3 1 23 0 1114 771 800
927 2 3 1 23 0 524 606 1125
928 2 3 1 23 0 1125 735 524
929 2 3 1 23 0 920 735 1125
930 2 3 1 23 0 1124 619 525
931 2 3 1 23 0 525 736 1124
932 2 3 1 23 0 1124 736 919
933 2 3 1 23 0 613 532 1096
934 2 3 1 23 0 1096 716 613
935 2 3 1 23 0 1097 526 590
936 2 3 1 23 0 590 715 1097
937 2 3 1 23 0 556 588 1099
938 2 3 1 23 0 1100 598 568
939 2 3 1 23 0 881 854 968
940 2 3 1 23 0 880 853 967
941 2 3 1 23 0 582 617 1108
942 2 3 1 23 0 1108 778 582
943 2 3 1 23 0 794 778 1108
944 2 3 1 23 0 1109 599 567
945 2 3 1 23 0 567 777 1109
946 2 3 1 23 0 1109 777 793
947 2 3 1 23 0 577 612 1113
948 2 3 1 23 0 1113 782 577
949 2 3 1 23 0 561 781 1112
950 2 3 1 23 0 1190 532 613
951 2 3 1 23 0 722 532 1190
952 2 3 1 23 0 1190 724 722
953 2 3 1 23 0 590 526 1191
954 2 3 1 23 0 1191 526 721
955 2 3 1 23 0 721 723 1191
956 2 3 1 23 0 831 670 1209
957 2 3 1 23 0 1209 1046 831
958 2 3 1 23 0 1209 509 1046
959 2 3 1 23 0 967 98 99
960 2 3 1 23 0 519 880 967
961 2 3 1 23 0 967 99 519
962 2 3 1 23 0 968 189 190
963 2 3 1 23 0 518 881 968
964 2 3 1 23 0 968 190 518
965 2 3 1 23 0 837 609 1004
966 2 3 1 23 0 1003 594 836
967 2 3 1 23 0 761 825 1082
968 2 3 1 23 0 1082 505 761
969 2 3 1 23 0 1083 826 762
970 2 3 1 23 0 762 505 1083
971 2 3 1 23 0 549 565 946
972 2 3 1 23 0 549 946 916
973 2 3 1 23 0 945 584 554
974 2 3 1 23 0 915 945 554
975 2 3 1 23 0 717 945 909
976 2 3 1 23 0 945 915 909
977 2 3 1 23 0 473 889 1062
978 2 3 1 23 0 1147 678 1062
979 2 3 1 23 0 889 1147 1062
980 2 3 1 23 0 1063 889 473
981 2 3 1 23 0 1063 677 1146
982 2 3 1 23 0 1063 1146 889
983 2 3 1 23 0 1007 1139 1163
984 2 3 1 23 0 581 1139 1007
985 2 3 1 23 0 1162 1138 1008
986 2 3 1 23 0 1008 1138 569
987 2 3 1 23 0 676 732 1061
988 2 3 1 23 0 1151 676 1061
989 2 3 1 23 0 890 1151 1061
990 2 3 1 23 0 1060 731 675
991 2 3 1 23 0 1060 675 1150
992 2 3 1 23 0 1060 1150 890
993 2 3 1 23 0 765 816 1120
994 2 3 1 23 0 1120 501 765
995 2 3 1 23 0 717 713 945
996 2 3 1 23 0 946 714 718
997 2 3 1 23 0 1169 1133 566
998 2 3 1 23 0 1009 1133 1169
999 2 3 1 23 0 564 1133 1009
1000 2 3 1 23 0 557 1132 1168
1001 2 3 1 23 0 1168 1132 1010
1002 2 3 1 23 0 1010 1132 558
1003 2 3 1 23 0 1011 1119 1167
1004 2 3 1 23 0 580 1119 1011
1005 2 3 1 23 0 1166 1118 1012
1006 2 3 1 23 0 1012 1118 570
1007 2 3 1 23 0 488 491 1027
1008 2 3 1 23 0 837 680 1027
1009 2 3 1 23 0 1027 985 837
1010 2 3 1 23 0 1027 491 985
1011 2 3 1 23 0 1026 491 488
1012 2 3 1 23 0 1026 679 836
1013 2 3 1 23 0 836 984 1026
1014 2 3 1 23 0 984 491 1026
1015 2 3 1 23 0 560 526 1097
1016 2 3 1 23 0 1033 560 1097
1017 2 3 1 23 0 1096 532 578
1018 2 3 1 23 0 1096 578 1032
1019 2 3 1 23 0 838 727 1156
1020 2 3 1 23 0 1156 970 838
1021 2 3 1 23 0 1156 482 970
1022 2 3 1 23 0 1157 728 839
1023 2 3 1 23 0 839 969 1157
1024 2 3 1 23 0 969 482 1157
1025 2 3 1 23 0 1084 647 850
1026 2 3 1 23 0 850 672 1084
1027 2 3 1 23 0 902 1084 672
1028 2 3 1 23 0 602 623 1058
1029 2 3 1 23 0 1058 651 602
1030 2 3 1 23 0 686 651 1058
1031 2 3 1 23 0 1178 623 602
1032 2 3 1 23 0 602 565 1178
1033 2 3 1 23 0 1178 565 840
1034 2 3 1 23 0 620 624 1179
1035 2 3 1 23 0 1179 584 620
1036 2 3 1 23 0 841 584 1179
1037 2 3 1 23 0 1059 624 620
1038 2 3 1 23 0 620 652 1059
1039 2 3 1 23 0 1059 652 685
1040 2 3 1 23 0 800 691 1114
1041 2 3 1 23 0 1115 692 801
1042 2 3 1 23 0 802 693 1106
1043 2 3 1 23 0 1107 695 803
1044 2 3 1 23 0 556 1029 1206
1045 2 3 1 23 0 1206 1029 673
1046 2 3 1 23 0 673 749 1206
1047 2 3 1 23 0 1205 1028 568
1048 2 3 1 23 0 674 1028 1205
1049 2 3 1 23 0 1205 750 674
1050 2 3 1 23 0 570 603 1110
1051 2 3 1 23 0 1012 570 1110
1052 2 3 1 23 0 795 694 1110
1053 2 3 1 23 0 694 1012 1110
1054 2 3 1 23 0 1111 614 580
1055 2 3 1 23 0 1111 580 1011
1056 2 3 1 23 0 1111 696 796
1057 2 3 1 23 0 1111 1011 696
1058 2 3 1 23 0 793 688 1109
1059 2 3 1 23 0 688 1000 1109
1060 2 3 1 23 0 1108 689 794
1061 2 3 1 23 0 1108 999 689
1062 2 3 1 23 0 1190 623 724
1063 2 3 1 23 0 623 1190 1058
1064 2 3 1 23 0 686 1190 613
1065 2 3 1 23 0 1058 1190 686
1066 2 3 1 23 0 723 624 1191
1067 2 3 1 23 0 1059 1191 624
1068 2 3 1 23 0 590 1191 685
1069 2 3 1 23 0 685 1191 1059
1070 2 3 1 23 0 1052 506 762
1071 2 3 1 23 0 762 1018 1052
1072 2 3 1 23 0 1052 1018 1056
1073 2 3 1 23 0 761 506 1051
1074 2 3 1 23 0 1051 1019 761
1075 2 3 1 23 0 1057 1019 1051
1076 2 3 1 23 0 683 681 1072
1077 2 3 1 23 0 1072 547 683
1078 2 3 1 23 0 1073 682 684
1079 2 3 1 23 0 684 552 1073
1080 2 3 1 23 0 856 849 872
1081 2 3 1 23 0 856 872 878
1082 2 3 1 23 0 855 848 871
1083 2 3 1 23 0 855 871 879
1084 2 3 1 23 0 818 814 982
1085 2 3 1 23 0 982 1090 818
1086 2 3 1 23 0 981 813 815
1087 2 3 1 23 0 815 1091 981
1088 2 3 1 23 0 1113 612 578
1089 2 3 1 23 0 104 877 883
1090 2 3 1 23 0 877 514 883
1091 2 3 1 23 0 195 876 882
1092 2 3 1 23 0 876 515 882
1093 2 3 1 23 0 1175 502 766
1094 2 3 1 23 0 1024 1175 766
1095 2 3 1 23 0 1175 1024 1142
1096 2 3 1 23 0 765 502 1174
1097 2 3 1 23 0 765 1174 1025
1098 2 3 1 23 0 1143 1025 1174
1099 2 3 1 23 0 908 608 551
1100 2 3 1 23 0 551 608 1081
1101 2 3 1 23 0 839 608 908
1102 2 3 1 23 0 545 595 907
1103 2 3 1 23 0 1080 595 545
1104 2 3 1 23 0 907 595 838
1105 2 3 1 23 0 835 1122 548
1106 2 3 1 23 0 760 1122 1155
1107 2 3 1 23 0 548 1122 760
1108 2 3 1 23 0 544 1123 834
1109 2 3 1 23 0 1154 1123 759
1110 2 3 1 23 0 759 1123 544
1111 2 3 1 23 0 1121 510 1052
1112 2 3 1 23 0 816 1055 1120
1113 2 3 1 23 0 744 996 575
1114 2 3 1 23 0 1165 996 744
1115 2 3 1 23 0 1074 893 581
1116 2 3 1 23 0 569 894 1075
1117 2 3 1 23 0 1069 891 580
1118 2 3 1 23 0 570 892 1070
1119 2 3 1 23 0 558 896 1071
1120 2 3 1 23 0 146 785 965
1121 2 3 1 23 0 964 786 63
1122 2 3 1 23 0 583 993 739
1123 2 3 1 23 0 739 993 1164
1124 2 3 1 23 0 1218 878 112
1125 2 3 1 23 0 1218 910 719
1126 2 3 1 23 0 719 878 1218
1127 2 3 1 23 0 1219 879 21
1128 2 3 1 23 0 1219 911 720
1129 2 3 1 23 0 720 879 1219
1130 2 3 1 23 0 725 827 1220
1131 2 3 1 23 0 1220 483 725
1132 2 3 1 23 0 1221 828 726
1133 2 3 1 23 0 726 483 1221
1134 2 3 1 23 0 1211 671 1222
1135 2 3 1 23 0 729 821 1223
1136 2 3 1 23 0 913 94 1224
1137 2 3 1 23 0 1224 699 913
1138 2 3 1 23 0 1225 568 708
1139 2 3 1 23 0 1100 568 1225
1140 2 3 1 23 0 708 971 1225
1141 2 3 1 23 0 707 556 1226
1142 2 3 1 23 0 1226 556 1099
1143 2 3 1 23 0 1226 972 707
1144 2 3 1 23 0 1227 601 1114
1145 2 3 1 23 0 1115 615 1228
1146 2 3 1 23 0 918 185 1229
1147 2 3 1 23 0 1229 687 918
1148 2 3 1 23 0 91 92 1230
1149 2 3 1 23 0 1230 704 91
1150 2 3 1 23 0 1231 117 118
1151 2 3 1 23 0 118 703 1231
1152 2 3 1 23 0 1232 589 1106
1153 2 3 1 23 0 1107 597 1233
1154 2 3 1 23 0 1234 475 899
1155 2 3 1 23 0 1235 510 1120
1156 2 3 1 23 0 1051 510 1235
1157 2 3 1 23 0 553 706 1236
1158 2 3 1 23 0 576 973 1236
1159 2 3 1 23 0 1236 973 553
1160 2 3 1 23 0 1237 705 546
1161 2 3 1 23 0 1237 974 562
1162 2 3 1 23 0 546 974 1237
1163 2 3 1 23 0 540 542 1239
1164 2 3 1 23 0 1239 542 711
1165 2 3 1 23 0 1240 543 541
1166 2 3 1 23 0 712 543 1240
1167 2 3 1 23 0 1113 578 1241
1168 2 3 1 23 0 785 560 1242
1169 2 3 1 23 0 538 609 1243
1170 2 3 1 23 0 726 828 1243
1171 2 3 1 23 0 1243 609 726
1172 2 3 1 23 0 1243 828 538
1173 2 3 1 23 0 1244 594 536
1174 2 3 1 23 0 1244 827 725
1175 2 3 1 23 0 725 594 1244
1176 2 3 1 23 0 536 827 1244
1177 2 3 1 23 0 526 560 1246
1178 2 3 1 23 0 1246 560 785
1179 2 3 1 23 0 1252 1017 734
1180 2 3 1 23 0 1254 1140 736
1181 2 3 1 23 0 808 1140 1254
1182 2 3 1 23 0 735 1141 1255
1183 2 3 1 23 0 1255 1141 807
1184 2 3 1 23 0 719 910 1256
1185 2 3 1 23 0 811 705 1258
1186 2 3 1 23 0 1259 706 812
1187 2 3 1 23 0 1260 1081 608
1188 2 3 1 23 0 595 1080 1261
1189 2 3 1 23 0 1262 1028 551
1190 2 3 1 23 0 568 1028 1262
1191 2 3 1 23 0 545 1029 1263
1192 2 3 1 23 0 1263 1029 556
1193 2 3 1 23 0 967 853 1264
1194 2 3 1 23 0 1267 661 1118
1195 2 3 1 23 0 601 661 1267
1196 2 3 1 23 0 1119 663 1268
1197 2 3 1 23 0 1268 663 615
1198 2 3 1 23 0 620 584 1269
1199 2 3 1 23 0 945 713 1269
1200 2 3 1 23 0 1269 584 945
1201 2 3 1 23 0 1269 713 620
1202 2 3 1 23 0 1270 565 602
1203 2 3 1 23 0 1270 714 946
1204 2 3 1 23 0 946 565 1270
1205 2 3 1 23 0 602 714 1270
1206 2 3 1 23 0 968 854 1271
1207 2 3 1 23 0 1272 573 807
1208 2 3 1 23 0 1117 573 1272
1209 2 3 1 23 0 808 586 1273
1210 2 3 1 23 0 1273 586 1116
1211 2 3 1 23 0 1274 614 1111
1212 2 3 1 23 0 1274 780 579
1213 2 3 1 23 0 1110 603 1275
1214 2 3 1 23 0 571 779 1275
1215 2 3 1 23 0 484 485 1276
1216 2 3 1 23 0 684 682 1276
1217 2 3 1 23 0 1276 682 484
1218 2 3 1 23 0 1277 485 484
1219 2 3 1 23 0 1277 681 683
1220 2 3 1 23 0 484 681 1277
1221 2 3 1 23 0 1278 670 852
1222 2 3 1 23 0 1209 670 1278
1223 2 3 1 23 0 1221 483 1220
1224 2 3 1 23 0 1274 579 1129
1225 2 3 1 23 0 614 1274 1129
1226 2 3 1 23 0 1128 571 1275
1227 2 3 1 23 0 1128 1275 603
1228 2 3 1 23 0 1232 558 1071
1229 2 3 1 23 0 589 1232 1071
1230 2 3 1 23 0 1227 569 1075
1231 2 3 1 23 0 601 1227 1075
1232 2 3 1 23 0 1074 581 1228
1233 2 3 1 23 0 1074 1228 615
1234 2 3 1 23 0 1237 562 1258
1235 2 3 1 23 0 1237 1258 705
1236 2 3 1 23 0 1259 576 1236
1237 2 3 1 23 0 706 1259 1236
1238 2 3 1 23 0 1230 92 997
1239 2 3 1 23 0 998 117 1231
1240 2 3 1 23 0 1222 671 596
1241 2 3 1 23 0 851 1222 596
1242 2 3 1 23 0 627 719 1256
1243 2 3 1 23 0 1048 1256 910
1244 2 3 1 23 0 1094 595 1261
1245 2 3 1 23 0 1260 608 1095
1246 2 3 1 23 0 1229 185 186
1247 2 3 1 23 0 649 687 1229
1248 2 3 1 23 0 1224 94 95
1249 2 3 1 23 0 650 699 1224
1250 2 3 1 23 0 1271 188 189
1251 2 3 1 23 0 968 1271 189
1252 2 3 1 23 0 1264 97 98
1253 2 3 1 23 0 967 1264 98
1254 2 3 1 23 0 796 780 1274
1255 2 3 1 23 0 796 1274 1111
1256 2 3 1 23 0 1275 779 795
1257 2 3 1 23 0 1110 1275 795
1258 2 3 1 23 0 1137 541 1004
1259 2 3 1 23 0 609 1137 1004
1260 2 3 1 23 0 1003 540 1136
1261 2 3 1 23 0 1003 1136 594
1262 2 3 1 23 0 473 475 1234
1263 2 3 1 23 0 473 1234 1063
1264 2 3 1 23 0 95 96 1238
1265 2 3 1 23 0 1055 1235 1120
1266 2 3 1 23 0 186 187 1248
1267 2 3 1 23 0 965 785 1242
1268 2 3 1 23 0 1241 786 964
1269 2 3 1 23 0 948 1117 1272
1270 2 3 1 23 0 1273 1116 947
1271 2 3 1 23 0 1083 505 1082
1272 2 3 1 23 0 1106 589 1265
1273 2 3 1 23 0 1265 1123 1154
1274 2 3 1 23 0 1106 1265 1154
1275 2 3 1 23 0 1266 597 1107
1276 2 3 1 23 0 1155 1122 1266
1277 2 3 1 23 0 1155 1266 1107
1278 2 3 1 23 0 721 526 1246
1279 2 3 1 23 0 1246 785 147
1280 2 3 1 23 0 1247 532 722
1281 2 3 1 23 0 62 786 1247
1282 2 3 1 23 0 113 1218 112
1283 2 3 1 23 0 910 1218 113
1284 2 3 1 23 0 22 1219 21
1285 2 3 1 23 0 911 1219 22
1286 2 3 1 23 0 920 1125 1002
1287 2 3 1 23 0 1001 1124 919
1288 2 3 1 23 0 1010 558 1232
1289 2 3 1 23 0 1232 693 1010
1290 2 3 1 23 0 1106 693 1232
1291 2 3 1 23 0 1233 564 1009
1292 2 3 1 23 0 1009 695 1233
1293 2 3 1 23 0 1233 695 1107
1294 2 3 1 23 0 1008 569 1227
1295 2 3 1 23 0 1227 691 1008
1296 2 3 1 23 0 1114 691 1227
1297 2 3 1 23 0 1228 581 1007
1298 2 3 1 23 0 1007 692 1228
1299 2 3 1 23 0 1228 692 1115
1300 2 3 1 23 0 495 1183 752
1301 2 3 1 23 0 751 1183 495
1302 2 3 1 23 0 1182 1183 751
1303 2 3 1 23 0 1057 1051 1235
1304 2 3 1 23 0 1055 1057 1235
1305 2 3 1 23 0 684 1276 1249
1306 2 3 1 23 0 1027 680 1249
1307 2 3 1 23 0 1027 1249 488
1308 2 3 1 23 0 1276 485 1249
1309 2 3 1 23 0 1249 485 488
1310 2 3 1 23 0 1250 1277 683
1311 2 3 1 23 0 1250 679 1026
1312 2 3 1 23 0 488 1250 1026
1313 2 3 1 23 0 1250 485 1277
1314 2 3 1 23 0 488 485 1250
1315 2 3 1 23 0 983 510 1121
1316 2 3 1 23 0 1120 510 983
1317 2 3 1 23 0 983 501 1120
1318 2 3 1 23 0 1114 601 1267
1319 2 3 1 23 0 1267 1118 1166
1320 2 3 1 23 0 1166 771 1267
1321 2 3 1 23 0 771 1114 1267
1322 2 3 1 23 0 1268 615 1115
1323 2 3 1 23 0 1167 1119 1268
1324 2 3 1 23 0 1268 772 1167
1325 2 3 1 23 0 1268 1115 772
1326 2 3 1 23 0 1254 736 555
1327 2 3 1 23 0 555 586 1254
1328 2 3 1 23 0 1254 586 808
1329 2 3 1 23 0 550 735 1255
1330 2 3 1 23 0 1255 573 550
1331 2 3 1 23 0 807 573 1255
1332 2 3 1 23 0 1087 893 1208
1333 2 3 1 23 0 1208 894 1087
1334 2 3 1 23 0 894 1208 1207
1335 2 3 1 23 0 1085 895 1187
1336 2 3 1 23 0 1187 896 1085
1337 2 3 1 23 0 896 1187 1186
1338 2 3 1 23 0 593 787 1258
1339 2 3 1 23 0 1258 562 593
1340 2 3 1 23 0 1258 787 811
1341 2 3 1 23 0 1259 788 610
1342 2 3 1 23 0 610 576 1259
1343 2 3 1 23 0 812 788 1259
1344 2 3 1 23 0 1252 734 830
1345 2 3 1 23 0 914 955 1044
1346 2 3 1 23 0 1036 730 1194
1347 2 3 1 23 0 1194 1039 1036
1348 2 3 1 23 0 1054 1039 1194
1349 2 3 1 23 0 551 1081 702
1350 2 3 1 23 0 701 1080 545
1351 2 3 1 23 0 1099 769 972
1352 2 3 1 23 0 972 1226 1099
1353 2 3 1 23 0 1195 729 1035
1354 2 3 1 23 0 1035 1040 1195
1355 2 3 1 23 0 1195 1040 1053
1356 2 3 1 23 0 992 482 1156
1357 2 3 1 23 0 1157 482 992
1358 2 3 1 23 0 913 699 1170
1359 2 3 1 23 0 1170 997 913
1360 2 3 1 23 0 912 998 1171
1361 2 3 1 23 0 1070 668 603
1362 2 3 1 23 0 496 668 1070
1363 2 3 1 23 0 1193 496 1070
1364 2 3 1 23 0 1070 892 1193
1365 2 3 1 23 0 1069 496 1193
1366 2 3 1 23 0 1193 891 1069
1367 2 3 1 23 0 1131 689 999
1368 2 3 1 23 0 1000 688 1130
1369 2 3 1 23 0 902 509 1209
1370 2 3 1 23 0 902 1209 1084
1371 2 3 1 23 0 1263 701 545
1372 2 3 1 23 0 707 701 1263
1373 2 3 1 23 0 1263 556 707
1374 2 3 1 23 0 551 702 1262
1375 2 3 1 23 0 1262 702 708
1376 2 3 1 23 0 708 568 1262
1377 2 3 1 23 0 141 700 140
1378 2 3 1 23 0 1082 825 664
1379 2 3 1 23 0 664 511 1082
1380 2 3 1 23 0 1082 511 1083
1381 2 3 1 23 0 899 475 1098
1382 2 3 1 23 0 1098 475 1211
1383 2 3 1 23 0 132 709 131
1384 2 3 1 23 0 78 710 77
1385 2 3 1 23 0 1176 500 905
1386 2 3 1 23 0 906 500 1176
1387 2 3 1 23 0 1177 1176 905
1388 2 3 1 23 0 1177 1103 1176
1389 2 3 1 23 0 1180 650 1238
1390 2 3 1 23 0 1210 487 897
1391 2 3 1 23 0 898 487 1210
1392 2 3 1 23 0 1265 589 658
1393 2 3 1 23 0 1265 658 937
1394 2 3 1 23 0 1265 834 1123
1395 2 3 1 23 0 834 1265 937
1396 2 3 1 23 0 659 597 1266
1397 2 3 1 23 0 938 659 1266
1398 2 3 1 23 0 1122 835 1266
1399 2 3 1 23 0 938 1266 835
1400 2 3 1 23 0 1038 547 1094
1401 2 3 1 23 0 1094 547 1072
1402 2 3 1 23 0 1095 552 1037
1403 2 3 1 23 0 1073 552 1095
1404 2 3 1 23 0 129 701 128
1405 2 3 1 23 0 81 702 80
1406 2 3 1 23 0 963 993 831
1407 2 3 1 23 0 1164 993 963
1408 2 3 1 23 0 833 996 966
1409 2 3 1 23 0 966 996 1165
1410 2 3 1 23 0 965 781 935
1411 2 3 1 23 0 1112 781 965
1412 2 3 1 23 0 1112 965 1242
1413 2 3 1 23 0 936 782 964
1414 2 3 1 23 0 964 782 1113
1415 2 3 1 23 0 1241 964 1113
1416 2 3 1 23 0 1278 852 647
1417 2 3 1 23 0 647 1084 1278
1418 2 3 1 23 0 1278 1084 1209
1419 2 3 1 23 0 973 1054 1194
1420 2 3 1 23 0 1222 851 648
1421 2 3 1 23 0 648 1098 1222
1422 2 3 1 23 0 1211 1222 1098
1423 2 3 1 23 0 666 493 1182
1424 2 3 1 23 0 1014 663 1119
1425 2 3 1 23 0 1014 1119 580
1426 2 3 1 23 0 891 1014 580
1427 2 3 1 23 0 1118 661 1013
1428 2 3 1 23 0 570 1118 1013
1429 2 3 1 23 0 570 1013 892
1430 2 3 1 23 0 618 649 1172
1431 2 3 1 23 0 852 618 1172
1432 2 3 1 23 0 979 513 481
1433 2 3 1 23 0 979 481 903
1434 2 3 1 23 0 979 715 685
1435 2 3 1 23 0 979 903 715
1436 2 3 1 23 0 481 513 980
1437 2 3 1 23 0 904 481 980
1438 2 3 1 23 0 686 716 980
1439 2 3 1 23 0 716 904 980
1440 2 3 1 23 0 1149 1217 789
1441 2 3 1 23 0 529 1217 742
1442 2 3 1 23 0 1215 742 1217
1443 2 3 1 23 0 1149 1215 1217
1444 2 3 1 23 0 790 1216 1148
1445 2 3 1 23 0 743 1216 533
1446 2 3 1 23 0 1216 743 1214
1447 2 3 1 23 0 1216 1214 1148
1448 2 3 1 23 0 1180 522 1173
1449 2 3 1 23 0 596 650 1173
1450 2 3 1 23 0 851 596 1173
1451 2 3 1 23 0 1173 650 1180
1452 2 3 1 23 0 1217 537 789
1453 2 3 1 23 0 790 539 1216
1454 2 3 1 23 0 827 1060 1251
1455 2 3 1 23 0 1022 657 1139
1456 2 3 1 23 0 1022 1139 581
1457 2 3 1 23 0 893 1022 581
1458 2 3 1 23 0 1138 656 1021
1459 2 3 1 23 0 569 1138 1021
1460 2 3 1 23 0 569 1021 894
1461 2 3 1 23 0 1132 660 1015
1462 2 3 1 23 0 558 1132 1015
1463 2 3 1 23 0 558 1015 896
1464 2 3 1 23 0 1016 662 1133
1465 2 3 1 23 0 1016 1133 564
1466 2 3 1 23 0 895 1016 564
1467 2 3 1 23 0 767 1067 1176
1468 2 3 1 23 0 906 1176 1067
1469 2 3 1 23 0 1177 1066 768
1470 2 3 1 23 0 832 1066 905
1471 2 3 1 23 0 922 1066 832
1472 2 3 1 23 0 1066 1177 905
1473 2 3 1 23 0 546 1195 974
1474 2 3 1 23 0 1195 1053 974
1475 2 3 1 23 0 61 722 724
1476 2 3 1 23 0 724 60 61
1477 2 3 1 23 0 723 721 148
1478 2 3 1 23 0 148 149 723
1479 2 3 1 23 0 1041 1127 534
1480 2 3 1 23 0 1127 1041 667
1481 2 3 1 23 0 667 1041 1183
1482 2 3 1 23 0 1041 752 1183
1483 2 3 1 23 0 1020 671 1211
1484 2 3 1 23 0 1251 890 1061
1485 2 3 1 23 0 1060 890 1251
1486 2 3 1 23 0 1102 600 1138
1487 2 3 1 23 0 1102 1138 1162
1488 2 3 1 23 0 1139 616 1101
1489 2 3 1 23 0 1163 1139 1101
1490 2 3 1 23 0 615 663 1208
1491 2 3 1 23 0 1074 615 1208
1492 2 3 1 23 0 1208 663 498
1493 2 3 1 23 0 1207 1208 498
1494 2 3 1 23 0 1208 893 1074
1495 2 3 1 23 0 1207 661 601
1496 2 3 1 23 0 1207 601 1075
1497 2 3 1 23 0 498 661 1207
1498 2 3 1 23 0 1075 894 1207
1499 2 3 1 23 0 120 697 119
1500 2 3 1 23 0 90 698 89
1501 2 3 1 23 0 1137 810 1005
1502 2 3 1 23 0 1006 809 1136
1503 2 3 1 23 0 152 820 841
1504 2 3 1 23 0 841 151 152
1505 2 3 1 23 0 840 819 57
1506 2 3 1 23 0 57 58 840
1507 2 3 1 23 0 1187 659 471
1508 2 3 1 23 0 1186 1187 471
1509 2 3 1 23 0 1186 658 589
1510 2 3 1 23 0 1186 589 1071
1511 2 3 1 23 0 471 658 1186
1512 2 3 1 23 0 1071 896 1186
1513 2 3 1 23 0 802 1154 929
1514 2 3 1 23 0 1106 1154 802
1515 2 3 1 23 0 930 1155 803
1516 2 3 1 23 0 803 1155 1107
1517 2 3 1 23 0 764 1135 489
1518 2 3 1 23 0 612 1135 764
1519 2 3 1 23 0 1135 822 1086
1520 2 3 1 23 0 1068 891 1193
1521 2 3 1 23 0 1193 892 1068
1522 2 3 1 23 0 614 1129 1069
1523 2 3 1 23 0 818 976 27
1524 2 3 1 23 0 182 975 815
1525 2 3 1 23 0 1092 909 832
1526 2 3 1 23 0 905 1092 832
1527 2 3 1 23 0 905 500 1092
1528 2 3 1 23 0 1092 500 1093
1529 2 3 1 23 0 1093 500 906
1530 2 3 1 23 0 717 1092 494
1531 2 3 1 23 0 494 1092 718
1532 2 3 1 23 0 718 1092 1093
1533 2 3 1 23 0 1279 738 511
1534 2 3 1 23 0 511 737 1279
1535 2 3 1 23 0 1281 700 141
1536 2 3 1 23 0 1137 1005 1282
1537 2 3 1 23 0 1282 1005 74
1538 2 3 1 23 0 1283 1006 1136
1539 2 3 1 23 0 135 1006 1283
1540 2 3 1 23 0 668 496 1284
1541 2 3 1 23 0 1284 1034 668
1542 2 3 1 23 0 829 537 1285
1543 2 3 1 23 0 1285 537 1217
1544 2 3 1 23 0 1285 733 829
1545 2 3 1 23 0 1286 539 830
1546 2 3 1 23 0 1216 539 1286
1547 2 3 1 23 0 830 734 1286
1548 2 3 1 23 0 1194 611 1287
1549 2 3 1 23 0 1289 1252 830
1550 2 3 1 23 0 512 1252 1289
1551 2 3 1 23 0 1290 563 548
1552 2 3 1 23 0 1290 698 704
1553 2 3 1 23 0 548 698 1290
1554 2 3 1 23 0 544 559 1291
1555 2 3 1 23 0 703 697 1291
1556 2 3 1 23 0 1291 697 544
1557 2 3 1 23 0 1292 592 1195
1558 2 3 1 23 0 1195 546 1292
1559 2 3 1 23 0 1129 824 1293
1560 2 3 1 23 0 560 1033 1294
1561 2 3 1 23 0 591 1112 1294
1562 2 3 1 23 0 1294 1033 591
1563 2 3 1 23 0 1295 680 543
1564 2 3 1 23 0 1249 680 1295
1565 2 3 1 23 0 543 552 1295
1566 2 3 1 23 0 542 679 1296
1567 2 3 1 23 0 1296 679 1250
1568 2 3 1 23 0 1296 547 542
1569 2 3 1 23 0 1297 763 1033
1570 2 3 1 23 0 1297 898 1210
1571 2 3 1 23 0 1033 898 1297
1572 2 3 1 23 0 110 111 1298
1573 2 3 1 23 0 19 20 1299
1574 2 3 1 23 0 730 1036 1300
1575 2 3 1 23 0 1300 1036 486
1576 2 3 1 23 0 1301 914 1044
1577 2 3 1 23 0 1301 1143 1174
1578 2 3 1 23 0 1174 914 1301
1579 2 3 1 23 0 1302 1061 828
1580 2 3 1 23 0 1251 1061 1302
1581 2 3 1 23 0 828 1221 1302
1582 2 3 1 23 0 1175 1142 1303
1583 2 3 1 23 0 1304 897 1032
1584 2 3 1 23 0 1210 897 1304
1585 2 3 1 23 0 597 659 1305
1586 2 3 1 23 0 1305 659 1187
1587 2 3 1 23 0 982 574 1306
1588 2 3 1 23 0 1306 574 1143
1589 2 3 1 23 0 1306 1044 982
1590 2 3 1 23 0 89 698 1307
1591 2 3 1 23 0 1307 698 760
1592 2 3 1 23 0 1308 697 120
1593 2 3 1 23 0 759 697 1308
1594 2 3 1 23 0 1309 585 981
1595 2 3 1 23 0 1142 585 1309
1596 2 3 1 23 0 981 1045 1309
1597 2 3 1 23 0 493 667 1310
1598 2 3 1 23 0 1183 1182 1310
1599 2 3 1 23 0 1310 667 1183
1600 2 3 1 23 0 1310 1182 493
1601 2 3 1 23 0 1223 486 1035
1602 2 3 1 23 0 729 1223 1035
1603 2 3 1 23 0 1279 512 1289
1604 2 3 1 23 0 1279 1289 738
1605 2 3 1 23 0 994 738 1289
1606 2 3 1 23 0 994 1289 830
1607 2 3 1 23 0 1288 512 1279
1608 2 3 1 23 0 737 1288 1279
1609 2 3 1 23 0 1288 737 995
1610 2 3 1 23 0 829 1288 995
1611 2 3 1 23 0 88 89 1307
1612 2 3 1 23 0 1308 120 121
1613 2 3 1 23 0 1257 1034 1284
1614 2 3 1 23 0 1309 1045 1303
1615 2 3 1 23 0 1142 1309 1303
1616 2 3 1 23 0 1301 1044 1306
1617 2 3 1 23 0 1301 1306 1143
1618 2 3 1 23 0 1242 560 1294
1619 2 3 1 23 0 1242 1294 1112
1620 2 3 1 23 0 683 547 1296
1621 2 3 1 23 0 683 1296 1250
1622 2 3 1 23 0 1295 552 684
1623 2 3 1 23 0 1249 1295 684
1624 2 3 1 23 0 1293 824 1017
1625 2 3 1 23 0 134 135 1283
1626 2 3 1 23 0 1282 74 75
1627 2 3 1 23 0 529 733 1285
1628 2 3 1 23 0 529 1285 1217
1629 2 3 1 23 0 1286 734 533
1630 2 3 1 23 0 1216 1286 533
1631 2 3 1 23 0 1302 1221 1220
1632 2 3 1 23 0 1220 827 1251
1633 2 3 1 23 0 1251 1302 1220
1634 2 3 1 23 0 1165 1159 966
1635 2 3 1 23 0 1158 1088 956
1636 2 3 1 23 0 956 1045 1158
1637 2 3 1 23 0 1158 963 1088
1638 2 3 1 23 0 955 1089 1159
1639 2 3 1 23 0 1159 1044 955
1640 2 3 1 23 0 1089 966 1159
1641 2 3 1 23 0 963 1158 1164
1642 2 3 1 23 0 1304 1032 764
1643 2 3 1 23 0 1223 821 669
1644 2 3 1 23 0 1086 486 1223
1645 2 3 1 23 0 906 921 916
1646 2 3 1 23 0 906 1067 921
1647 2 3 1 23 0 871 520 1299
1648 2 3 1 23 0 1299 520 888
1649 2 3 1 23 0 18 1299 888
1650 2 3 1 23 0 18 19 1299
1651 2 3 1 23 0 872 521 1298
1652 2 3 1 23 0 1298 521 887
1653 2 3 1 23 0 109 1298 887
1654 2 3 1 23 0 109 110 1298
1655 2 3 1 23 0 677 1253 559
1656 2 3 1 23 0 1091 1158 981
1657 2 3 1 23 0 1164 1158 1091
1658 2 3 1 23 0 981 1158 1045
1659 2 3 1 23 0 982 1159 1090
1660 2 3 1 23 0 1090 1159 1165
1661 2 3 1 23 0 1044 1159 982
1662 2 3 1 23 0 528 1126 1042
1663 2 3 1 23 0 666 1042 1126
1664 2 3 1 23 0 1182 1042 666
1665 2 3 1 23 0 1182 751 1042
1666 2 3 1 23 0 33 34 1272
1667 2 3 1 23 0 1272 807 33
1668 2 3 1 23 0 1272 34 948
1669 2 3 1 23 0 1273 175 176
1670 2 3 1 23 0 176 808 1273
1671 2 3 1 23 0 947 175 1273
1672 2 3 1 23 0 1245 596 671
1673 2 3 1 23 0 1245 671 1020
1674 2 3 1 23 0 1245 1170 699
1675 2 3 1 23 0 28 818 27
1676 2 3 1 23 0 814 818 28
1677 2 3 1 23 0 182 815 181
1678 2 3 1 23 0 181 815 813
1679 2 3 1 23 0 186 1248 1229
1680 2 3 1 23 0 1248 649 1229
1681 2 3 1 23 0 1300 822 730
1682 2 3 1 23 0 1086 1300 486
1683 2 3 1 23 0 822 1300 1086
1684 2 3 1 23 0 998 1231 1171
1685 2 3 1 23 0 1170 1230 997
1686 2 3 1 23 0 496 1069 1293
1687 2 3 1 23 0 1293 1069 1129
1688 2 3 1 23 0 1023 1171 1253
1689 2 3 1 23 0 95 1238 1224
1690 2 3 1 23 0 1238 650 1224
1691 2 3 1 23 0 1305 895 564
1692 2 3 1 23 0 1305 564 1233
1693 2 3 1 23 0 1305 1233 597
1694 2 3 1 23 0 1187 895 1305
1695 2 3 1 23 0 125 126 972
1696 2 3 1 23 0 972 769 125
1697 2 3 1 23 0 1067 599 1000
1698 2 3 1 23 0 1000 599 1109
1699 2 3 1 23 0 1067 1000 921
1700 2 3 1 23 0 999 617 1066
1701 2 3 1 23 0 1108 617 999
1702 2 3 1 23 0 922 999 1066
1703 2 3 1 23 0 1252 512 1257
1704 2 3 1 23 0 1257 1017 1252
1705 2 3 1 23 0 554 922 915
1706 2 3 1 23 0 1131 922 554
1707 2 3 1 23 0 999 922 1131
1708 2 3 1 23 0 916 921 549
1709 2 3 1 23 0 549 921 1130
1710 2 3 1 23 0 1130 921 1000
1711 2 3 1 23 0 709 1038 1261
1712 2 3 1 23 0 1038 1094 1261
1713 2 3 1 23 0 1260 1037 710
1714 2 3 1 23 0 1260 1095 1037
1715 2 3 1 23 0 147 148 1246
1716 2 3 1 23 0 721 1246 148
1717 2 3 1 23 0 1247 61 62
1718 2 3 1 23 0 61 1247 722
1719 2 3 1 23 0 1038 709 1065
1720 2 3 1 23 0 1065 709 132
1721 2 3 1 23 0 1065 711 1049
1722 2 3 1 23 0 1065 1049 1038
1723 2 3 1 23 0 1064 710 1037
1724 2 3 1 23 0 77 710 1064
1725 2 3 1 23 0 1050 712 1064
1726 2 3 1 23 0 1037 1050 1064
1727 2 3 1 23 0 555 817 1121
1728 2 3 1 23 0 1121 1056 555
1729 2 3 1 23 0 1121 1052 1056
1730 2 3 1 23 0 180 813 1001
1731 2 3 1 23 0 1001 813 585
1732 2 3 1 23 0 1001 585 1124
1733 2 3 1 23 0 1002 814 29
1734 2 3 1 23 0 574 814 1002
1735 2 3 1 23 0 1125 574 1002
1736 2 3 1 23 0 507 503 1303
1737 2 3 1 23 0 956 507 1303
1738 2 3 1 23 0 1303 503 1175
1739 2 3 1 23 0 1045 956 1303
1740 2 3 1 23 0 898 715 903
1741 2 3 1 23 0 1097 715 898
1742 2 3 1 23 0 898 1033 1097
1743 2 3 1 23 0 904 716 897
1744 2 3 1 23 0 897 716 1096
1745 2 3 1 23 0 1096 1032 897
1746 2 3 1 23 0 1281 141 142
1747 2 3 1 23 0 1281 142 1189
1748 2 3 1 23 0 1281 1189 798
1749 2 3 1 23 0 1311 1171 1231
1750 2 3 1 23 0 1253 1171 1311
1751 2 3 1 23 0 1313 20 879
1752 2 3 1 23 0 1313 871 1299
1753 2 3 1 23 0 1299 20 1313
1754 2 3 1 23 0 879 871 1313
1755 2 3 1 23 0 489 1135 1314
1756 2 3 1 23 0 1314 1135 1086
1757 2 3 1 23 0 1315 768 617
1758 2 3 1 23 0 1315 1127 667
1759 2 3 1 23 0 667 768 1315
1760 2 3 1 23 0 617 1127 1315
1761 2 3 1 23 0 1316 1023 1253
1762 2 3 1 23 0 1317 804 1130
1763 2 3 1 23 0 489 763 1318
1764 2 3 1 23 0 1210 1304 1318
1765 2 3 1 23 0 1319 111 878
1766 2 3 1 23 0 1319 872 1298
1767 2 3 1 23 0 1298 111 1319
1768 2 3 1 23 0 878 872 1319
1769 2 3 1 23 0 1131 805 1320
1770 2 3 1 23 0 1257 512 1323
1771 2 3 1 23 0 1323 512 1288
1772 2 3 1 23 0 578 532 1325
1773 2 3 1 23 0 1247 786 1325
1774 2 3 1 23 0 1325 532 1247
1775 2 3 1 23 0 853 1180 1326
1776 2 3 1 23 0 1326 1180 1238
1777 2 3 1 23 0 475 473 1327
1778 2 3 1 23 0 1327 473 1062
1779 2 3 1 23 0 1328 1098 648
1780 2 3 1 23 0 1329 763 489
1781 2 3 1 23 0 669 763 1329
1782 2 3 1 23 0 678 563 1330
1783 2 3 1 23 0 1331 1256 1048
1784 2 3 1 23 0 1241 578 1325
1785 2 3 1 23 0 1241 1325 786
1786 2 3 1 23 0 1327 1062 1324
1787 2 3 1 23 0 1318 763 1297
1788 2 3 1 23 0 1210 1318 1297
1789 2 3 1 23 0 1329 489 1314
1790 2 3 1 23 0 764 489 1318
1791 2 3 1 23 0 764 1318 1304
1792 2 3 1 23 0 1312 1020 1324
1793 2 3 1 23 0 1211 475 1327
1794 2 3 1 23 0 1327 1020 1211
1795 2 3 1 23 0 1020 1327 1324
1796 2 3 1 23 0 1311 1231 703
1797 2 3 1 23 0 1291 1311 703
1798 2 3 1 23 0 1311 559 1253
1799 2 3 1 23 0 1291 559 1311
1800 2 3 1 23 0 1308 121 929
1801 2 3 1 23 0 1308 1154 759
1802 2 3 1 23 0 1154 1308 929
1803 2 3 1 23 0 930 88 1307
1804 2 3 1 23 0 760 1155 1307
1805 2 3 1 23 0 930 1307 1155
1806 2 3 1 23 0 67 68 1280
1807 2 3 1 23 0 1188 67 1280
1808 2 3 1 23 0 799 1188 1280
1809 2 3 1 23 0 1316 677 1063
1810 2 3 1 23 0 1253 677 1316
1811 2 3 1 23 0 704 1230 1321
1812 2 3 1 23 0 704 1321 1290
1813 2 3 1 23 0 1321 563 1290
1814 2 3 1 23 0 1330 563 1321
1815 2 3 1 23 0 1331 1048 912
1816 2 3 1 23 0 1331 912 1171
1817 2 3 1 23 0 54 55 1317
1818 2 3 1 23 0 954 54 1317
1819 2 3 1 23 0 688 954 1317
1820 2 3 1 23 0 1130 688 1317
1821 2 3 1 23 0 1320 154 155
1822 2 3 1 23 0 1320 155 953
1823 2 3 1 23 0 1320 953 689
1824 2 3 1 23 0 1320 689 1131
1825 2 3 1 23 0 648 474 1328
1826 2 3 1 23 0 1328 474 843
1827 2 3 1 23 0 1321 1230 1170
1828 2 3 1 23 0 733 1034 1323
1829 2 3 1 23 0 829 733 1323
1830 2 3 1 23 0 1257 1323 1034
1831 2 3 1 23 0 829 1323 1288
1832 2 3 1 23 0 1093 916 718
1833 2 3 1 23 0 916 946 718
1834 2 3 1 23 0 906 916 1093
1835 2 3 1 23 0 1292 798 592
1836 2 3 1 23 0 1281 798 1292
1837 2 3 1 23 0 700 1292 546
1838 2 3 1 23 0 1292 700 1281
1839 2 3 1 23 0 1062 678 1330
1840 2 3 1 23 0 1062 1330 1324
1841 2 3 1 23 0 1312 1324 1330
1842 2 3 1 23 0 1314 1223 669
1843 2 3 1 23 0 1329 1314 669
1844 2 3 1 23 0 1086 1223 1314
1845 2 3 1 23 0 1293 1284 496
1846 2 3 1 23 0 1284 1017 1257
1847 2 3 1 23 0 1284 1293 1017
1848 2 3 1 23 0 1312 1245 1020
1849 2 3 1 23 0 1170 1245 1312
1850 2 3 1 23 0 1170 1312 1321
1851 2 3 1 23 0 769 124 125
1852 2 3 1 23 0 124 769 755
1853 2 3 1 23 0 943 124 755
1854 2 3 1 23 0 84 85 770
1855 2 3 1 23 0 757 770 85
1856 2 3 1 23 0 757 85 944
1857 2 3 1 23 0 75 712 1240
1858 2 3 1 23 0 1240 1282 75
1859 2 3 1 23 0 541 1137 1240
1860 2 3 1 23 0 1282 1240 1137
1861 2 3 1 23 0 1239 711 134
1862 2 3 1 23 0 134 1283 1239
1863 2 3 1 23 0 1239 1136 540
1864 2 3 1 23 0 1136 1239 1283
1865 2 3 1 23 0 1332 612 577
1866 2 3 1 23 0 1332 822 1135
1867 2 3 1 23 0 1135 612 1332
1868 2 3 1 23 0 1333 699 650
1869 2 3 1 23 0 1333 596 1245
1870 2 3 1 23 0 1245 699 1333
1871 2 3 1 23 0 650 596 1333
1872 2 3 1 23 0 1332 577 531
1873 2 3 1 23 0 822 1332 531
1874 2 3 1 23 0 1287 553 973
1875 2 3 1 23 0 1194 1287 973
1876 2 3 1 23 0 154 805 153
1877 2 3 1 23 0 1320 805 154
1878 2 3 1 23 0 56 804 55
1879 2 3 1 23 0 55 804 1317
1880 2 3 1 23 0 611 799 1287
1881 2 3 1 23 0 1287 799 1280
1882 2 3 1 23 0 553 1287 1280
1883 2 3 1 23 0 1312 1330 1321
1884 2 3 1 23 0 1271 854 1322
1885 2 3 1 23 0 1326 96 97
1886 2 3 1 23 0 1326 97 1264
1887 2 3 1 23 0 1264 853 1326
1888 2 3 1 23 0 1238 96 1326
1889 2 3 1 23 0 1322 854 523
1890 2 3 1 23 0 523 847 1336
1891 2 3 1 23 0 1336 847 654
1892 2 3 1 23 0 1336 1172 523
1893 2 3 1 23 0 1337 187 188
1894 2 3 1 23 0 1337 1271 1322
1895 2 3 1 23 0 188 1271 1337
1896 2 3 1 23 0 649 1248 1338
1897 2 3 1 23 0 1338 1248 1322
1898 2 3 1 23 0 1339 1328 843
1899 2 3 1 23 0 1248 187 1337
1900 2 3 1 23 0 1248 1337 1322
1901 2 3 1 23 0 79 80 1334
1902 2 3 1 23 0 1335 129 130
1903 2 3 1 23 0 79 1334 78
1904 2 3 1 23 0 1260 710 1334
1905 2 3 1 23 0 1334 1081 1260
1906 2 3 1 23 0 78 1334 710
1907 2 3 1 23 0 131 1335 130
1908 2 3 1 23 0 1335 709 1261
1909 2 3 1 23 0 1261 1080 1335
1910 2 3 1 23 0 709 1335 131
1911 2 3 1 23 0 1338 523 1172
1912 2 3 1 23 0 1172 649 1338
1913 2 3 1 23 0 1322 523 1338
1914 2 3 1 23 0 627 1256 1341
1915 2 3 1 23 0 1341 843 627
1916 2 3 1 23 0 843 474 1342
1917 2 3 1 23 0 1342 858 843
1918 2 3 1 23 0 701 129 1343
1919 2 3 1 23 0 1335 1080 1343
1920 2 3 1 23 0 1343 129 1335
1921 2 3 1 23 0 1343 1080 701
1922 2 3 1 23 0 1344 80 702
1923 2 3 1 23 0 1344 1081 1334
1924 2 3 1 23 0 1334 80 1344
1925 2 3 1 23 0 702 1081 1344
1926 2 3 1 23 0 69 706 1345
1927 2 3 1 23 0 1345 706 553
1928 2 3 1 23 0 1346 1171 1023
1929 2 3 1 23 0 1331 1171 1346
1930 2 3 1 23 0 1347 1256 1331
1931 2 3 1 23 0 1341 1256 1347
1932 2 3 1 23 0 1339 843 1341
1933 2 3 1 23 0 1347 1331 1346
1934 2 3 1 23 0 1098 1328 1339
1935 2 3 1 23 0 1339 899 1098
1936 2 3 1 23 0 899 1339 1340
1937 2 3 1 23 0 1345 1280 68
1938 2 3 1 23 0 68 69 1345
1939 2 3 1 23 0 553 1280 1345
1940 2 3 1 23 0 1023 899 1340
1941 2 3 1 23 0 1023 1340 1346
1942 2 3 1 23 0 1340 1347 1346
1943 2 3 1 23 0 1234 899 1023
1944 2 3 1 23 0 1234 1023 1316
1945 2 3 1 23 0 1063 1234 1316
1946 2 3 1 23 0 1340 1339 1341
1947 2 3 1 23 0 1347 1340 1341
1948 2 3 1 23 0 1342 474 869
1949 2 3 1 23 0 1342 845 629
1950 2 3 1 23 0 1342 629 858
1951 2 3 1 23 0 1342 869 845
1952 2 3 1 23 0 903 481 904
1953 2 3 1 23 0 903 904 487
1954 2 3 1 23 0 1134 561 1112
1955 2 3 1 23 0 1134 1112 591
1956 2 3 1 23 0 1336 654 852
1957 2 3 1 23 0 1172 1336 852
1958 2 3 1 23 0 971 770 1100
1959 2 3 1 23 0 1225 971 1100
1960 2 3 1 23 0 100 2 1348
1961 2 3 1 23 0 1348 2 101
1962 2 3 1 23 0 191 3 1349
1963 2 3 1 23 0 1349 3 192
1964 2 3 1 23 0 190 191 1349
1965 2 3 1 23 0 643 518 1349
1966 2 3 1 23 0 1349 192 643
1967 2 3 1 23 0 190 1349 518
1968 2 3 1 23 0 99 100 1348
1969 2 3 1 23 0 644 519 1348
1970 2 3 1 23 0 1348 101 644
1971 2 3 1 23 0 99 1348 519
1972 2 3 1 23 0 83 84 770
1973 2 3 1 23 0 83 770 971
1974 2 3 2 25 0 209 1417 5
1975 2 3 2 25 0 1417 450 5
1976 2 3 2 25 0 200 109 1416
1977 2 3 2 25 0 4 109 200
1978 2 3 2 25 0 1531 245 244
1979 2 3 2 25 0 1411 1555 1520
1980 2 3 2 25 0 1558 1411 1520
1981 2 3 2 25 0 1411 1559 1532
1982 2 3 2 25 0 1417 1562 1544
1983 2 3 2 25 0 1563 283 282
1984 2 3 2 25 0 1406 1563 282
1985 2 3 2 25 0 1564 1414 1559
1986 2 3 2 25 0 1411 1567 1559
1987 2 3 2 25 0 202 1543 203
1988 2 3 2 25 0 1566 1536 1404
1989 2 3 2 25 0 1507 460 459
1990 2 3 2 25 0 12 1406 282
1991 2 3 2 25 0 1542 1555 1409
1992 2 3 2 25 0 1542 1520 1555
1993 2 3 2 25 0 1532 1555 1411
1994 2 3 2 25 0 1521 468 467
1995 2 3 2 25 0 1557 1559 1414
1996 2 3 2 25 0 1558 1567 1411
1997 2 3 2 25 0 1543 1567 1558
1998 2 3 2 25 0 1551 1598 1412
1999 2 3 2 25 0 1564 1559 1567
2000 2 3 2 25 0 1409 1556 1534
2001 2 3 2 25 0 1556 114 115
2002 2 3 2 25 0 1557 111 112
2003 2 3 2 25 0 1557 1532 1559
2004 2 3 2 25 0 265 470 1415
2005 2 3 2 25 0 265 11 470
2006 2 3 2 25 0 1550 463 462
2007 2 3 2 25 0 1533 1551 1412
2008 2 3 2 25 0 267 1551 12
2009 2 3 2 25 0 1533 1406 1551
2010 2 3 2 25 0 1551 1406 12
2011 2 3 2 25 0 1545 468 1521
2012 2 3 2 25 0 1545 1521 1537
2013 2 3 2 25 0 1552 244 243
2014 2 3 2 25 0 244 1552 1531
2015 2 3 2 25 0 1566 1514 1536
2016 2 3 2 25 0 1566 1404 1529
2017 2 3 2 25 0 209 1562 1417
2018 2 3 2 25 0 451 450 1544
2019 2 3 2 25 0 450 1417 1544
2020 2 3 2 25 0 1558 1408 1543
2021 2 3 2 25 0 1530 460 1507
2022 2 3 2 25 0 1530 461 460
2023 2 3 2 25 0 1535 263 262
2024 2 3 2 25 0 1538 400 399
2025 2 3 2 25 0 201 1564 202
2026 2 3 2 25 0 1414 1564 1416
2027 2 3 2 25 0 263 1535 1413
2028 2 3 2 25 0 469 468 1545
2029 2 3 2 25 0 1415 469 1545
2030 2 3 2 25 0 1415 470 469
2031 2 3 2 25 0 1912 1491 1910
2032 2 3 2 25 0 1935 249 248
2033 2 3 2 25 0 1946 1478 1865
2034 2 3 2 25 0 1491 1947 1910
2035 2 3 2 25 0 1954 1390 1942
2036 2 3 2 25 0 1393 1956 1925
2037 2 3 2 25 0 1478 1957 1865
2038 2 3 2 25 0 1958 1470 1838
2039 2 3 2 25 0 1961 1498 1885
2040 2 3 2 25 0 1962 1391 1893
2041 2 3 2 25 0 1512 1963 1533
2042 2 3 2 25 0 1966 1403 1964
2043 2 3 2 25 0 1968 1422 1942
2044 2 3 2 25 0 1516 1969 1964
2045 2 3 2 25 0 1553 1973 1926
2046 2 3 2 25 0 1973 1553 1906
2047 2 3 2 25 0 1974 1407 1909
2048 2 3 2 25 0 1974 1511 1955
2049 2 3 2 25 0 1474 1981 1962
2050 2 3 2 25 0 1992 1518 1983
2051 2 3 2 25 0 1994 1391 1962
2052 2 3 2 25 0 1510 2000 1523
2053 2 3 2 25 0 2001 1525 1955
2054 2 3 2 25 0 2005 1550 1977
2055 2 3 2 25 0 122 2007 121
2056 2 3 2 25 0 2008 247 246
2057 2 3 2 25 0 2012 1396 1960
2058 2 3 2 25 0 2013 1468 1959
2059 2 3 2 25 0 2014 1565 1980
2060 2 3 2 25 0 2017 1565 1928
2061 2 3 2 25 0 1500 2019 1878
2062 2 3 2 25 0 2019 1497 1878
2063 2 3 2 25 0 1355 2021 1968
2064 2 3 2 25 0 2022 1481 1910
2065 2 3 2 25 0 2022 1494 1943
2066 2 3 2 25 0 1539 2028 1932
2067 2 3 2 25 0 1525 2031 1955
2068 2 3 2 25 0 2033 1516 1964
2069 2 3 2 25 0 1516 2033 2005
2070 2 3 2 25 0 1548 2034 1980
2071 2 3 2 25 0 1506 2036 1982
2072 2 3 2 25 0 2036 1506 1922
2073 2 3 2 25 0 2039 1461 1933
2074 2 3 2 25 0 2040 1353 2015
2075 2 3 2 25 0 2041 1539 1397
2076 2 3 2 25 0 2041 1528 1970
2077 2 3 2 25 0 1407 2042 1934
2078 2 3 2 25 0 2045 1528 1956
2079 2 3 2 25 0 1528 2045 2012
2080 2 3 2 25 0 2046 247 2008
2081 2 3 2 25 0 1511 2067 1932
2082 2 3 2 25 0 2067 1539 1932
2083 2 3 2 25 0 2067 1511 2026
2084 2 3 2 25 0 1390 2070 1942
2085 2 3 2 25 0 2072 1549 1948
2086 2 3 2 25 0 2072 1355 2070
2087 2 3 2 25 0 1523 2073 1510
2088 2 3 2 25 0 1403 2075 1964
2089 2 3 2 25 0 1492 2077 1983
2090 2 3 2 25 0 1481 2079 1910
2091 2 3 2 25 0 1474 2079 1981
2092 2 3 2 25 0 2080 1354 1906
2093 2 3 2 25 0 2080 1548 1980
2094 2 3 2 25 0 1480 2081 1879
2095 2 3 2 25 0 1406 2084 1563
2096 2 3 2 25 0 2084 1493 1563
2097 2 3 2 25 0 2086 1402 1835
2098 2 3 2 25 0 1511 2087 1955
2099 2 3 2 25 0 2087 1511 1932
2100 2 3 2 25 0 1487 2088 2026
2101 2 3 2 25 0 1499 2090 2023
2102 2 3 2 25 0 1499 2115 2001
2103 2 3 2 25 0 2115 1499 2023
2104 2 3 2 25 0 1518 2117 1983
2105 2 3 2 25 0 1495 2120 1859
2106 2 3 2 25 0 2121 1565 2014
2107 2 3 2 25 0 1565 2121 1928
2108 2 3 2 25 0 2122 1485 1951
2109 2 3 2 25 0 1508 2122 1951
2110 2 3 2 25 0 1354 2124 1906
2111 2 3 2 25 0 2127 1525 2001
2112 2 3 2 25 0 2128 1528 2041
2113 2 3 2 25 0 1528 2128 1991
2114 2 3 2 25 0 1397 2128 2041
2115 2 3 2 25 0 1540 2129 1882
2116 2 3 2 25 0 2130 1501 1873
2117 2 3 2 25 0 2137 1519 1535
2118 2 3 2 25 0 2138 188 189
2119 2 3 2 25 0 1396 2142 1994
2120 2 3 2 25 0 2142 1396 2012
2121 2 3 2 25 0 1396 2143 1960
2122 2 3 2 25 0 2143 1396 1981
2123 2 3 2 25 0 1512 2144 1965
2124 2 3 2 25 0 2147 245 1531
2125 2 3 2 25 0 1502 2147 1531
2126 2 3 2 25 0 2148 1522 2075
2127 2 3 2 25 0 2151 1524 1546
2128 2 3 2 25 0 2152 1409 1534
2129 2 3 2 25 0 1515 2152 1534
2130 2 3 2 25 0 1553 2153 1906
2131 2 3 2 25 0 2156 1399 1978
2132 2 3 2 25 0 2159 393 392
2133 2 3 2 25 0 1403 2160 2075
2134 2 3 2 25 0 2162 1410 1405
2135 2 3 2 25 0 2162 1523 1541
2136 2 3 2 25 0 1353 2163 1944
2137 2 3 2 25 0 1518 2164 2117
2138 2 3 2 25 0 2164 1518 2155
2139 2 3 2 25 0 1550 2165 1977
2140 2 3 2 25 0 1495 2166 1961
2141 2 3 2 25 0 2190 1532 1557
2142 2 3 2 25 0 2193 1397 1903
2143 2 3 2 25 0 2197 1565 2017
2144 2 3 2 25 0 1565 2197 1980
2145 2 3 2 25 0 2199 1525 2127
2146 2 3 2 25 0 1412 2200 1533
2147 2 3 2 25 0 2200 1512 1533
2148 2 3 2 25 0 2202 1356 1948
2149 2 3 2 25 0 1549 2202 1948
2150 2 3 2 25 0 395 2204 396
2151 2 3 2 25 0 2205 1413 1410
2152 2 3 2 25 0 394 2206 395
2153 2 3 2 25 0 1527 2206 1988
2154 2 3 2 25 0 242 2207 243
2155 2 3 2 25 0 2207 1552 243
2156 2 3 2 25 0 2207 242 2134
2157 2 3 2 25 0 1498 2209 1885
2158 2 3 2 25 0 1405 2213 2073
2159 2 3 2 25 0 2213 1405 1975
2160 2 3 2 25 0 2214 1514 2194
2161 2 3 2 25 0 1514 2214 1546
2162 2 3 2 25 0 2215 1537 1521
2163 2 3 2 25 0 1522 2216 2125
2164 2 3 2 25 0 2217 1498 1399
2165 2 3 2 25 0 2219 1492 1983
2166 2 3 2 25 0 1517 2220 1926
2167 2 3 2 25 0 2220 1553 1926
2168 2 3 2 25 0 2220 1517 1952
2169 2 3 2 25 0 1403 2222 2160
2170 2 3 2 25 0 2223 1410 1413
2171 2 3 2 25 0 1535 2223 1413
2172 2 3 2 25 0 1544 2224 2116
2173 2 3 2 25 0 2224 1544 1562
2174 2 3 2 25 0 2225 397 396
2175 2 3 2 25 0 1518 2227 2208
2176 2 3 2 25 0 2227 1518 1992
2177 2 3 2 25 0 2229 1412 1598
2178 2 3 2 25 0 2229 1545 1537
2179 2 3 2 25 0 1412 2229 1537
2180 2 3 2 25 0 1543 2230 1567
2181 2 3 2 25 0 1564 2230 202
2182 2 3 2 25 0 2230 1564 1567
2183 2 3 2 25 0 2230 1543 202
2184 2 3 2 25 0 2234 1529 2134
2185 2 3 2 25 0 1529 2234 2194
2186 2 3 2 25 0 2238 467 466
2187 2 3 2 25 0 467 2238 1521
2188 2 3 2 25 0 2239 1529 1404
2189 2 3 2 25 0 1529 2239 2134
2190 2 3 2 25 0 1401 2240 2155
2191 2 3 2 25 0 2231 2149 1395
2192 2 3 2 25 0 2073 2162 1405
2193 2 3 2 25 0 2073 1523 2162
2194 2 3 2 25 0 2206 2204 395
2195 2 3 2 25 0 1527 2204 2206
2196 2 3 2 25 0 2238 2215 1521
2197 2 3 2 25 0 2162 2205 1410
2198 2 3 2 25 0 2162 1541 2205
2199 2 3 2 25 0 2204 2225 396
2200 2 3 2 25 0 2151 1546 2214
2201 2 3 2 25 0 1566 2194 1514
2202 2 3 2 25 0 1566 1529 2194
2203 2 3 2 25 0 2089 2035 1358
2204 2 3 2 25 0 2009 2044 1386
2205 2 3 2 25 0 2114 2043 1359
2206 2 3 2 25 0 2119 2068 1360
2207 2 3 2 25 0 2106 2048 1383
2208 2 3 2 25 0 2113 2049 1382
2209 2 3 2 25 0 2112 2050 1381
2210 2 3 2 25 0 2111 2051 1380
2211 2 3 2 25 0 2110 2052 1379
2212 2 3 2 25 0 2108 2053 1378
2213 2 3 2 25 0 2107 2054 1377
2214 2 3 2 25 0 2104 2055 1375
2215 2 3 2 25 0 2103 2056 1374
2216 2 3 2 25 0 2102 2057 1373
2217 2 3 2 25 0 2101 2058 1372
2218 2 3 2 25 0 2100 2059 1371
2219 2 3 2 25 0 2099 2060 1370
2220 2 3 2 25 0 2098 2061 1369
2221 2 3 2 25 0 2097 2062 1368
2222 2 3 2 25 0 2096 2063 1367
2223 2 3 2 25 0 2095 2064 1366
2224 2 3 2 25 0 2093 2065 1365
2225 2 3 2 25 0 2094 2066 1363
2226 2 3 2 25 0 2109 2069 1362
2227 2 3 2 25 0 2118 2076 1361
2228 2 3 2 25 0 2009 2141 1571
2229 2 3 2 25 0 2119 2076 1593
2230 2 3 2 25 0 2114 2068 1594
2231 2 3 2 25 0 2089 2043 1595
2232 2 3 2 25 0 2109 2066 1591
2233 2 3 2 25 0 2118 2069 1592
2234 2 3 2 25 0 2091 2047 1569
2235 2 3 2 25 0 2092 2065 1590
2236 2 3 2 25 0 2113 2048 1568
2237 2 3 2 25 0 2112 2049 1570
2238 2 3 2 25 0 2111 2050 1572
2239 2 3 2 25 0 2110 2051 1573
2240 2 3 2 25 0 2108 2052 1574
2241 2 3 2 25 0 2107 2053 1577
2242 2 3 2 25 0 2105 2054 1579
2243 2 3 2 25 0 2103 2055 1584
2244 2 3 2 25 0 2102 2056 1578
2245 2 3 2 25 0 2093 2064 1589
2246 2 3 2 25 0 2101 2057 1580
2247 2 3 2 25 0 2100 2058 1581
2248 2 3 2 25 0 2099 2059 1582
2249 2 3 2 25 0 2098 2060 1583
2250 2 3 2 25 0 2097 2061 1586
2251 2 3 2 25 0 2096 2062 1587
2252 2 3 2 25 0 2095 2063 1588
2253 2 3 2 25 0 1835 2074 2086
2254 2 3 2 25 0 2038 1948 1356
2255 2 3 2 25 0 1935 1985 249
2256 2 3 2 25 0 2027 1859 2120
2257 2 3 2 25 0 1891 1879 2081
2258 2 3 2 25 0 1972 1893 1391
2259 2 3 2 25 0 1929 1996 1400
2260 2 3 2 25 0 1929 1883 1996
2261 2 3 2 25 0 1884 1931 2034
2262 2 3 2 25 0 1961 2120 1495
2263 2 3 2 25 0 1961 1885 2120
2264 2 3 2 25 0 1965 1963 1512
2265 2 3 2 25 0 1973 2124 1389
2266 2 3 2 25 0 1973 1906 2124
2267 2 3 2 25 0 2080 2153 1548
2268 2 3 2 25 0 2080 1906 2153
2269 2 3 2 25 0 1974 2026 1511
2270 2 3 2 25 0 1974 1909 2026
2271 2 3 2 25 0 2022 1947 1494
2272 2 3 2 25 0 1910 1947 2022
2273 2 3 2 25 0 2078 2011 1554
2274 2 3 2 25 0 1921 17 458
2275 2 3 2 25 0 1951 2191 1508
2276 2 3 2 25 0 1991 1956 1528
2277 2 3 2 25 0 1925 1956 1991
2278 2 3 2 25 0 1954 1976 1390
2279 2 3 2 25 0 1954 1927 1976
2280 2 3 2 25 0 1944 2121 1353
2281 2 3 2 25 0 1944 1928 2121
2282 2 3 2 25 0 2087 1941 1499
2283 2 3 2 25 0 1932 1941 2087
2284 2 3 2 25 0 1971 2042 1515
2285 2 3 2 25 0 1971 1934 2042
2286 2 3 2 25 0 2025 2237 1500
2287 2 3 2 25 0 1997 2153 1553
2288 2 3 2 25 0 1937 2020 2123
2289 2 3 2 25 0 2020 2077 1492
2290 2 3 2 25 0 2020 1937 2077
2291 2 3 2 25 0 2090 1998 1513
2292 2 3 2 25 0 1968 2070 1355
2293 2 3 2 25 0 1968 1942 2070
2294 2 3 2 25 0 2022 1995 1481
2295 2 3 2 25 0 1943 1995 2022
2296 2 3 2 25 0 1957 1944 2163
2297 2 3 2 25 0 2220 1997 1553
2298 2 3 2 25 0 1952 1997 2220
2299 2 3 2 25 0 2082 2124 1354
2300 2 3 2 25 0 1974 2031 1407
2301 2 3 2 25 0 1974 1955 2031
2302 2 3 2 25 0 2001 2087 1499
2303 2 3 2 25 0 2001 1955 2087
2304 2 3 2 25 0 2228 2000 1510
2305 2 3 2 25 0 1995 2143 1481
2306 2 3 2 25 0 1995 1960 2143
2307 2 3 2 25 0 2012 1970 1528
2308 2 3 2 25 0 1960 1970 2012
2309 2 3 2 25 0 1994 1981 1396
2310 2 3 2 25 0 1962 1981 1994
2311 2 3 2 25 0 2033 2075 1522
2312 2 3 2 25 0 2033 1964 2075
2313 2 3 2 25 0 1966 2144 1403
2314 2 3 2 25 0 1966 1965 2144
2315 2 3 2 25 0 2041 2028 1539
2316 2 3 2 25 0 1970 2028 2041
2317 2 3 2 25 0 1977 1996 2005
2318 2 3 2 25 0 2071 2165 1530
2319 2 3 2 25 0 2071 1977 2165
2320 2 3 2 25 0 2191 2149 1508
2321 2 3 2 25 0 2080 2197 1354
2322 2 3 2 25 0 2080 1980 2197
2323 2 3 2 25 0 2014 1980 2034
2324 2 3 2 25 0 2143 2079 1481
2325 2 3 2 25 0 1981 2079 2143
2326 2 3 2 25 0 1982 2036 2123
2327 2 3 2 25 0 1992 2077 1485
2328 2 3 2 25 0 1992 1983 2077
2329 2 3 2 25 0 1988 2020 1492
2330 2 3 2 25 0 2193 2128 1397
2331 2 3 2 25 0 1991 2128 2193
2332 2 3 2 25 0 2127 2115 1505
2333 2 3 2 25 0 2001 2115 2127
2334 2 3 2 25 0 2208 2155 1518
2335 2 3 2 25 0 2046 2166 1495
2336 2 3 2 25 0 2046 2008 2166
2337 2 3 2 25 0 124 1918 123
2338 2 3 2 25 0 2012 2045 2142
2339 2 3 2 25 0 2121 2015 1353
2340 2 3 2 25 0 2014 2015 2121
2341 2 3 2 25 0 2040 2129 1540
2342 2 3 2 25 0 2040 2015 2129
2343 2 3 2 25 0 2197 2082 1354
2344 2 3 2 25 0 2017 2082 2197
2345 2 3 2 25 0 2067 2088 1539
2346 2 3 2 25 0 2067 2026 2088
2347 2 3 2 25 0 2137 2237 1519
2348 2 3 2 25 0 2148 2075 2160
2349 2 3 2 25 0 2088 1397 1539
2350 2 3 2 25 0 2161 2116 2224
2351 2 3 2 25 0 2207 2239 1552
2352 2 3 2 25 0 2207 2134 2239
2353 2 3 2 25 0 2144 2222 1403
2354 2 3 2 25 0 2164 2155 2240
2355 2 3 2 25 0 2215 2222 1537
2356 2 3 2 25 0 2215 2160 2222
2357 2 3 2 25 0 2203 2194 2234
2358 2 3 2 25 0 2212 2203 2235
2359 2 3 2 25 0 2208 2227 2231
2360 2 3 2 25 0 1519 2223 1535
2361 2 3 2 25 0 2035 1357 1358
2362 2 3 2 25 0 2043 2089 1358
2363 2 3 2 25 0 2047 1384 1385
2364 2 3 2 25 0 2047 2091 1384
2365 2 3 2 25 0 2048 1575 1568
2366 2 3 2 25 0 2048 2106 1575
2367 2 3 2 25 0 2048 1382 1383
2368 2 3 2 25 0 2048 2113 1382
2369 2 3 2 25 0 2049 1381 1382
2370 2 3 2 25 0 2049 2112 1381
2371 2 3 2 25 0 2050 1380 1381
2372 2 3 2 25 0 2050 2111 1380
2373 2 3 2 25 0 2051 1379 1380
2374 2 3 2 25 0 2051 2110 1379
2375 2 3 2 25 0 2052 1378 1379
2376 2 3 2 25 0 2052 2108 1378
2377 2 3 2 25 0 2053 1377 1378
2378 2 3 2 25 0 2053 2107 1377
2379 2 3 2 25 0 2054 2105 1376
2380 2 3 2 25 0 2055 1585 1584
2381 2 3 2 25 0 2055 2104 1585
2382 2 3 2 25 0 2055 1374 1375
2383 2 3 2 25 0 2055 2103 1374
2384 2 3 2 25 0 2056 1584 1578
2385 2 3 2 25 0 2056 2103 1584
2386 2 3 2 25 0 2056 1373 1374
2387 2 3 2 25 0 2056 2102 1373
2388 2 3 2 25 0 2057 1372 1373
2389 2 3 2 25 0 2057 2101 1372
2390 2 3 2 25 0 2058 1371 1372
2391 2 3 2 25 0 2058 2100 1371
2392 2 3 2 25 0 2059 1370 1371
2393 2 3 2 25 0 2059 2099 1370
2394 2 3 2 25 0 2060 1369 1370
2395 2 3 2 25 0 2060 2098 1369
2396 2 3 2 25 0 2061 2097 1368
2397 2 3 2 25 0 2062 1367 1368
2398 2 3 2 25 0 2062 2096 1367
2399 2 3 2 25 0 2063 1366 1367
2400 2 3 2 25 0 2063 2095 1366
2401 2 3 2 25 0 2064 2093 1365
2402 2 3 2 25 0 2065 1364 1365
2403 2 3 2 25 0 2065 2092 1364
2404 2 3 2 25 0 2066 1362 1363
2405 2 3 2 25 0 2066 2109 1362
2406 2 3 2 25 0 2068 1359 1360
2407 2 3 2 25 0 2068 2114 1359
2408 2 3 2 25 0 2069 2118 1361
2409 2 3 2 25 0 2076 1360 1361
2410 2 3 2 25 0 2076 2119 1360
2411 2 3 2 25 0 2201 1525 2199
2412 2 3 2 25 0 2199 1558 1520
2413 2 3 2 25 0 1558 2199 1408
2414 2 3 2 25 0 1520 2201 2199
2415 2 3 2 25 0 2217 1395 1394
2416 2 3 2 25 0 2209 1498 2217
2417 2 3 2 25 0 1394 2209 2217
2418 2 3 2 25 0 115 116 1534
2419 2 3 2 25 0 1556 115 1534
2420 2 3 2 25 0 118 2150 117
2421 2 3 2 25 0 209 208 1562
2422 2 3 2 25 0 1485 2122 1992
2423 2 3 2 25 0 1992 2122 2227
2424 2 3 2 25 0 2198 119 120
2425 2 3 2 25 0 1493 2084 1963
2426 2 3 2 25 0 2084 1533 1963
2427 2 3 2 25 0 1533 2084 1406
2428 2 3 2 25 0 453 452 1940
2429 2 3 2 25 0 1940 452 2116
2430 2 3 2 25 0 1498 1978 1399
2431 2 3 2 25 0 2216 465 464
2432 2 3 2 25 0 2216 1522 2148
2433 2 3 2 25 0 1988 2159 2020
2434 2 3 2 25 0 259 2132 260
2435 2 3 2 25 0 1500 2132 2019
2436 2 3 2 25 0 257 2236 258
2437 2 3 2 25 0 2147 246 245
2438 2 3 2 25 0 246 2147 2008
2439 2 3 2 25 0 2166 2147 1502
2440 2 3 2 25 0 2008 2147 2166
2441 2 3 2 25 0 1985 250 249
2442 2 3 2 25 0 2046 248 247
2443 2 3 2 25 0 248 2046 1935
2444 2 3 2 25 0 1859 2046 1495
2445 2 3 2 25 0 1859 1935 2046
2446 2 3 2 25 0 2136 185 186
2447 2 3 2 25 0 185 2136 1990
2448 2 3 2 25 0 2136 1504 1990
2449 2 3 2 25 0 1504 2136 2000
2450 2 3 2 25 0 2228 1504 2000
2451 2 3 2 25 0 1540 1561 2040
2452 2 3 2 25 0 2158 1391 1994
2453 2 3 2 25 0 2156 1401 1399
2454 2 3 2 25 0 1401 2156 1536
2455 2 3 2 25 0 1525 2201 2031
2456 2 3 2 25 0 1542 2201 1520
2457 2 3 2 25 0 2139 2201 1542
2458 2 3 2 25 0 2031 2201 2139
2459 2 3 2 25 0 112 113 2190
2460 2 3 2 25 0 1557 112 2190
2461 2 3 2 25 0 1552 2210 1531
2462 2 3 2 25 0 2210 1552 2239
2463 2 3 2 25 0 2210 2239 1404
2464 2 3 2 25 0 2226 2117 2164
2465 2 3 2 25 0 2192 2090 1513
2466 2 3 2 25 0 2192 2023 2090
2467 2 3 2 25 0 2149 1394 1395
2468 2 3 2 25 0 1504 1979 1501
2469 2 3 2 25 0 1504 2228 1979
2470 2 3 2 25 0 461 2165 462
2471 2 3 2 25 0 2165 461 1530
2472 2 3 2 25 0 2165 1550 462
2473 2 3 2 25 0 262 261 2137
2474 2 3 2 25 0 1535 262 2137
2475 2 3 2 25 0 1400 2071 1959
2476 2 3 2 25 0 1507 2071 1530
2477 2 3 2 25 0 2013 2071 1507
2478 2 3 2 25 0 1959 2071 2013
2479 2 3 2 25 0 463 1550 2125
2480 2 3 2 25 0 1523 2138 1541
2481 2 3 2 25 0 2223 1405 1410
2482 2 3 2 25 0 2152 1515 2042
2483 2 3 2 25 0 2152 1542 1409
2484 2 3 2 25 0 2152 2139 1542
2485 2 3 2 25 0 2152 2042 2139
2486 2 3 2 25 0 2085 1885 2209
2487 2 3 2 25 0 2240 1536 1514
2488 2 3 2 25 0 1536 2240 1401
2489 2 3 2 25 0 1546 2240 1514
2490 2 3 2 25 0 201 200 1416
2491 2 3 2 25 0 1564 201 1416
2492 2 3 2 25 0 2144 1512 2200
2493 2 3 2 25 0 1537 2200 1412
2494 2 3 2 25 0 1537 2222 2200
2495 2 3 2 25 0 2144 2200 2222
2496 2 3 2 25 0 242 241 2134
2497 2 3 2 25 0 110 1414 1416
2498 2 3 2 25 0 1416 109 110
2499 2 3 2 25 0 2083 1540 1798
2500 2 3 2 25 0 1540 2083 1561
2501 2 3 2 25 0 2211 1524 2233
2502 2 3 2 25 0 2210 1502 1531
2503 2 3 2 25 0 2276 1672 1673
2504 2 3 2 25 0 2135 2401 2348
2505 2 3 2 25 0 151 2402 150
2506 2 3 2 25 0 2408 1547 2348
2507 2 3 2 25 0 1430 2423 1986
2508 2 3 2 25 0 1755 2423 2345
2509 2 3 2 25 0 2431 1846 2349
2510 2 3 2 25 0 1797 2434 2429
2511 2 3 2 25 0 2435 1792 2373
2512 2 3 2 25 0 1479 2437 2417
2513 2 3 2 25 0 2448 1840 2446
2514 2 3 2 25 0 1388 2451 2429
2515 2 3 2 25 0 2456 1801 2426
2516 2 3 2 25 0 1804 2461 2440
2517 2 3 2 25 0 1850 2461 2446
2518 2 3 2 25 0 1479 2462 2437
2519 2 3 2 25 0 2462 1479 2440
2520 2 3 2 25 0 1435 2469 2432
2521 2 3 2 25 0 1460 2470 2391
2522 2 3 2 25 0 1793 2470 2419
2523 2 3 2 25 0 1832 2472 2405
2524 2 3 2 25 0 2473 1877 2427
2525 2 3 2 25 0 2473 1801 2469
2526 2 3 2 25 0 1811 2474 2407
2527 2 3 2 25 0 1466 2475 2416
2528 2 3 2 25 0 2476 1669 2372
2529 2 3 2 25 0 1813 2477 2450
2530 2 3 2 25 0 2481 1857 2451
2531 2 3 2 25 0 2482 1813 2450
2532 2 3 2 25 0 1844 2484 2371
2533 2 3 2 25 0 1851 2487 2450
2534 2 3 2 25 0 1813 2490 2477
2535 2 3 2 25 0 2492 1813 2482
2536 2 3 2 25 0 1813 2492 2447
2537 2 3 2 25 0 2495 1469 2467
2538 2 3 2 25 0 2496 1805 2437
2539 2 3 2 25 0 2497 1484 2486
2540 2 3 2 25 0 2497 1854 2491
2541 2 3 2 25 0 2499 1840 2448
2542 2 3 2 25 0 1798 2500 2401
2543 2 3 2 25 0 2503 1867 2491
2544 2 3 2 25 0 1484 2510 2486
2545 2 3 2 25 0 2512 1484 2459
2546 2 3 2 25 0 1484 2512 2510
2547 2 3 2 25 0 2516 1851 2450
2548 2 3 2 25 0 1665 2518 2468
2549 2 3 2 25 0 1832 2528 2472
2550 2 3 2 25 0 2529 1453 1438
2551 2 3 2 25 0 2532 1721 2398
2552 2 3 2 25 0 1721 2532 2424
2553 2 3 2 25 0 1602 2533 2466
2554 2 3 2 25 0 2534 1351 2351
2555 2 3 2 25 0 2537 2029 2406
2556 2 3 2 25 0 1907 2538 2506
2557 2 3 2 25 0 2538 1907 2424
2558 2 3 2 25 0 1840 2539 2447
2559 2 3 2 25 0 1867 2542 2491
2560 2 3 2 25 0 2543 1792 2435
2561 2 3 2 25 0 1792 2543 2467
2562 2 3 2 25 0 1804 2545 2448
2563 2 3 2 25 0 2546 1882 1931
2564 2 3 2 25 0 2547 2140 2425
2565 2 3 2 25 0 1490 2549 2445
2566 2 3 2 25 0 2550 1837 2417
2567 2 3 2 25 0 1424 2552 2436
2568 2 3 2 25 0 1602 2553 2533
2569 2 3 2 25 0 2556 1907 2506
2570 2 3 2 25 0 1907 2556 2430
2571 2 3 2 25 0 2558 1804 2472
2572 2 3 2 25 0 1804 2558 2545
2573 2 3 2 25 0 2559 1840 2447
2574 2 3 2 25 0 1840 2559 2446
2575 2 3 2 25 0 1877 2560 2481
2576 2 3 2 25 0 1803 2569 2565
2577 2 3 2 25 0 1797 2572 2445
2578 2 3 2 25 0 2573 1881 2560
2579 2 3 2 25 0 1670 2574 1666
2580 2 3 2 25 0 1717 2575 2534
2581 2 3 2 25 0 2578 1866 2486
2582 2 3 2 25 0 2578 1805 2496
2583 2 3 2 25 0 2582 1791 2418
2584 2 3 2 25 0 1791 2582 2427
2585 2 3 2 25 0 1427 2584 2413
2586 2 3 2 25 0 2586 1435 2432
2587 2 3 2 25 0 1989 2589 2502
2588 2 3 2 25 0 2589 1989 2480
2589 2 3 2 25 0 1967 2594 2519
2590 2 3 2 25 0 1917 2594 2564
2591 2 3 2 25 0 2595 1846 2431
2592 2 3 2 25 0 1871 2599 2547
2593 2 3 2 25 0 1488 2599 2548
2594 2 3 2 25 0 1601 2600 2377
2595 2 3 2 25 0 1352 2600 2546
2596 2 3 2 25 0 1867 2601 2542
2597 2 3 2 25 0 1602 2602 2553
2598 2 3 2 25 0 1923 2603 2439
2599 2 3 2 25 0 1836 2604 2346
2600 2 3 2 25 0 2605 1851 2590
2601 2 3 2 25 0 1851 2605 2487
2602 2 3 2 25 0 1914 2606 2540
2603 2 3 2 25 0 1832 2607 2571
2604 2 3 2 25 0 2608 1526 2535
2605 2 3 2 25 0 2610 1899 2566
2606 2 3 2 25 0 1469 2611 2426
2607 2 3 2 25 0 1834 2612 2557
2608 2 3 2 25 0 2613 1466 2465
2609 2 3 2 25 0 1850 2614 2496
2610 2 3 2 25 0 1921 2615 2568
2611 2 3 2 25 0 1794 2616 2503
2612 2 3 2 25 0 1465 2617 1958
2613 2 3 2 25 0 1811 2617 2474
2614 2 3 2 25 0 1435 2618 2573
2615 2 3 2 25 0 2620 1667 2493
2616 2 3 2 25 0 2621 1923 2564
2617 2 3 2 25 0 2623 1388 2429
2618 2 3 2 25 0 2624 1805 2510
2619 2 3 2 25 0 1805 2624 2550
2620 2 3 2 25 0 1795 2625 2454
2621 2 3 2 25 0 2625 1795 2514
2622 2 3 2 25 0 2628 2074 1835
2623 2 3 2 25 0 1471 2629 2016
2624 2 3 2 25 0 2630 1875 2509
2625 2 3 2 25 0 2630 1483 2545
2626 2 3 2 25 0 1968 2633 1422
2627 2 3 2 25 0 2633 2029 1422
2628 2 3 2 25 0 2634 1387 2616
2629 2 3 2 25 0 1897 2657 2541
2630 2 3 2 25 0 1490 2657 2585
2631 2 3 2 25 0 2658 1795 2411
2632 2 3 2 25 0 2662 1888 2572
2633 2 3 2 25 0 2664 1848 2484
2634 2 3 2 25 0 2665 1388 2415
2635 2 3 2 25 0 1388 2665 2451
2636 2 3 2 25 0 1892 2666 2622
2637 2 3 2 25 0 1484 2667 2459
2638 2 3 2 25 0 2667 1484 2542
2639 2 3 2 25 0 2669 1842 2567
2640 2 3 2 25 0 2669 1471 2598
2641 2 3 2 25 0 2670 1464 2661
2642 2 3 2 25 0 1836 2671 2551
2643 2 3 2 25 0 122 2672 2007
2644 2 3 2 25 0 2673 1424 2514
2645 2 3 2 25 0 1424 2673 2552
2646 2 3 2 25 0 1945 2674 2460
2647 2 3 2 25 0 1471 2676 2629
2648 2 3 2 25 0 1904 2679 2565
2649 2 3 2 25 0 1842 2679 2670
2650 2 3 2 25 0 2680 1479 2417
2651 2 3 2 25 0 2682 2030 2606
2652 2 3 2 25 0 1833 2683 2468
2653 2 3 2 25 0 1425 2684 2466
2654 2 3 2 25 0 1669 2685 2372
2655 2 3 2 25 0 1851 2685 2590
2656 2 3 2 25 0 2686 1783 2400
2657 2 3 2 25 0 2688 1721 2424
2658 2 3 2 25 0 1428 2688 2424
2659 2 3 2 25 0 1662 2689 2408
2660 2 3 2 25 0 2689 1547 2408
2661 2 3 2 25 0 1795 2690 2514
2662 2 3 2 25 0 2690 1795 2658
2663 2 3 2 25 0 1861 2691 2456
2664 2 3 2 25 0 2692 1914 2540
2665 2 3 2 25 0 2693 1424 2436
2666 2 3 2 25 0 1424 2693 2506
2667 2 3 2 25 0 1837 2694 2417
2668 2 3 2 25 0 2696 1424 2506
2669 2 3 2 25 0 1424 2696 2514
2670 2 3 2 25 0 1435 2697 2469
2671 2 3 2 25 0 1877 2697 2560
2672 2 3 2 25 0 2698 1793 2535
2673 2 3 2 25 0 1793 2698 2463
2674 2 3 2 25 0 1783 2700 2400
2675 2 3 2 25 0 2702 1867 2503
2676 2 3 2 25 0 1867 2702 2493
2677 2 3 2 25 0 1848 2703 2435
2678 2 3 2 25 0 1858 2703 2699
2679 2 3 2 25 0 1902 2704 2502
2680 2 3 2 25 0 1898 2704 2585
2681 2 3 2 25 0 1902 2706 2483
2682 2 3 2 25 0 1662 2706 2689
2683 2 3 2 25 0 2709 1568 1575
2684 2 3 2 25 0 2710 1578 1584
2685 2 3 2 25 0 1596 2712 2687
2686 2 3 2 25 0 2716 1584 1585
2687 2 3 2 25 0 2735 1466 2613
2688 2 3 2 25 0 2755 1753 2659
2689 2 3 2 25 0 2756 1815 2593
2690 2 3 2 25 0 1919 2757 2734
2691 2 3 2 25 0 1914 2758 2606
2692 2 3 2 25 0 1794 2758 2616
2693 2 3 2 25 0 1526 2759 2540
2694 2 3 2 25 0 2761 2030 2590
2695 2 3 2 25 0 2762 1807 2432
2696 2 3 2 25 0 2762 1801 2456
2697 2 3 2 25 0 2763 1352 2546
2698 2 3 2 25 0 1931 2763 2546
2699 2 3 2 25 0 1846 2764 2349
2700 2 3 2 25 0 2765 1807 2691
2701 2 3 2 25 0 1665 2766 2518
2702 2 3 2 25 0 2767 1798 1540
2703 2 3 2 25 0 1882 2767 1540
2704 2 3 2 25 0 1798 2767 2500
2705 2 3 2 25 0 2768 1874 2475
2706 2 3 2 25 0 2769 1866 2622
2707 2 3 2 25 0 1866 2769 2486
2708 2 3 2 25 0 1869 2771 2577
2709 2 3 2 25 0 2772 1672 2276
2710 2 3 2 25 0 1718 2772 2276
2711 2 3 2 25 0 2774 1899 2591
2712 2 3 2 25 0 1834 2775 2561
2713 2 3 2 25 0 2776 1490 2445
2714 2 3 2 25 0 2776 1888 2541
2715 2 3 2 25 0 2777 1596 2687
2716 2 3 2 25 0 2779 1895 2676
2717 2 3 2 25 0 1466 2784 2475
2718 2 3 2 25 0 2784 1466 2735
2719 2 3 2 25 0 2785 1472 2579
2720 2 3 2 25 0 2785 1862 2752
2721 2 3 2 25 0 1602 2786 2602
2722 2 3 2 25 0 2787 1606 2695
2723 2 3 2 25 0 2787 1576 2760
2724 2 3 2 25 0 1871 2788 2631
2725 2 3 2 25 0 2788 1871 2508
2726 2 3 2 25 0 2789 1603 2376
2727 2 3 2 25 0 2789 1662 2408
2728 2 3 2 25 0 1603 2789 2408
2729 2 3 2 25 0 2790 1693 2593
2730 2 3 2 25 0 2791 1797 2445
2731 2 3 2 25 0 2793 1844 2583
2732 2 3 2 25 0 1852 2796 2783
2733 2 3 2 25 0 2003 2797 2442
2734 2 3 2 25 0 2798 1899 2610
2735 2 3 2 25 0 2799 459 17
2736 2 3 2 25 0 1921 2799 17
2737 2 3 2 25 0 459 2799 1507
2738 2 3 2 25 0 2800 1601 2500
2739 2 3 2 25 0 2800 1882 2546
2740 2 3 2 25 0 2802 1488 2548
2741 2 3 2 25 0 2802 1853 2577
2742 2 3 2 25 0 1813 2804 2490
2743 2 3 2 25 0 2804 1813 2447
2744 2 3 2 25 0 1857 2805 2662
2745 2 3 2 25 0 2808 1917 2490
2746 2 3 2 25 0 2809 1595 2708
2747 2 3 2 25 0 2812 1526 2540
2748 2 3 2 25 0 2812 2030 2761
2749 2 3 2 25 0 1602 2815 2786
2750 2 3 2 25 0 2817 2150 118
2751 2 3 2 25 0 2818 1807 2765
2752 2 3 2 25 0 2819 1503 2805
2753 2 3 2 25 0 1665 2823 2766
2754 2 3 2 25 0 2846 1425 2466
2755 2 3 2 25 0 1425 2846 2562
2756 2 3 2 25 0 2848 1797 2429
2757 2 3 2 25 0 1797 2848 2572
2758 2 3 2 25 0 2850 1802 1789
2759 2 3 2 25 0 1967 2851 2621
2760 2 3 2 25 0 1899 2852 2566
2761 2 3 2 25 0 2852 1899 2774
2762 2 3 2 25 0 1897 2853 2591
2763 2 3 2 25 0 2854 2140 2547
2764 2 3 2 25 0 1924 2855 2629
2765 2 3 2 25 0 2855 2016 2629
2766 2 3 2 25 0 2855 1924 2734
2767 2 3 2 25 0 2856 1926 1973
2768 2 3 2 25 0 1389 2856 1973
2769 2 3 2 25 0 1900 2857 2627
2770 2 3 2 25 0 1938 2857 2735
2771 2 3 2 25 0 1787 2858 2479
2772 2 3 2 25 0 2858 1860 2479
2773 2 3 2 25 0 2859 1848 2664
2774 2 3 2 25 0 2859 1467 2699
2775 2 3 2 25 0 1392 2860 2511
2776 2 3 2 25 0 1720 2860 2808
2777 2 3 2 25 0 2861 1989 2502
2778 2 3 2 25 0 1844 2862 2484
2779 2 3 2 25 0 2862 1844 2793
2780 2 3 2 25 0 1889 2863 2707
2781 2 3 2 25 0 2864 1837 2550
2782 2 3 2 25 0 2865 1435 2586
2783 2 3 2 25 0 1435 2865 2618
2784 2 3 2 25 0 1431 2866 2811
2785 2 3 2 25 0 2867 131 132
2786 2 3 2 25 0 2868 1602 2466
2787 2 3 2 25 0 1602 2868 2815
2788 2 3 2 25 0 1923 2869 2564
2789 2 3 2 25 0 2869 1923 2439
2790 2 3 2 25 0 2870 1904 2566
2791 2 3 2 25 0 2871 1897 2591
2792 2 3 2 25 0 1661 2872 2692
2793 2 3 2 25 0 1841 2873 2436
2794 2 3 2 25 0 1723 2873 2537
2795 2 3 2 25 0 1806 2874 2548
2796 2 3 2 25 0 1853 2874 2780
2797 2 3 2 25 0 2875 133 134
2798 2 3 2 25 0 2875 1919 2734
2799 2 3 2 25 0 1866 2876 2622
2800 2 3 2 25 0 2876 1866 2614
2801 2 3 2 25 0 2877 1837 2864
2802 2 3 2 25 0 1837 2877 2628
2803 2 3 2 25 0 1850 2878 2614
2804 2 3 2 25 0 2878 1850 2446
2805 2 3 2 25 0 1806 2879 2579
2806 2 3 2 25 0 1862 2879 2631
2807 2 3 2 25 0 1867 2880 2601
2808 2 3 2 25 0 2880 1867 2493
2809 2 3 2 25 0 2880 1789 2601
2810 2 3 2 25 0 2881 1568 2709
2811 2 3 2 25 0 2881 1611 2733
2812 2 3 2 25 0 2882 1392 2519
2813 2 3 2 25 0 2882 1917 2808
2814 2 3 2 25 0 2883 1578 2710
2815 2 3 2 25 0 2883 1619 2731
2816 2 3 2 25 0 2884 1569 2695
2817 2 3 2 25 0 2885 1607 2708
2818 2 3 2 25 0 2885 1594 2753
2819 2 3 2 25 0 2887 1755 2345
2820 2 3 2 25 0 2888 1665 2468
2821 2 3 2 25 0 2890 1489 2477
2822 2 3 2 25 0 2890 1917 2564
2823 2 3 2 25 0 2006 2891 1429
2824 2 3 2 25 0 250 2893 251
2825 2 3 2 25 0 2896 1579 2726
2826 2 3 2 25 0 2897 1612 2732
2827 2 3 2 25 0 2897 1570 2733
2828 2 3 2 25 0 2898 1620 2728
2829 2 3 2 25 0 2898 1580 2731
2830 2 3 2 25 0 1926 2899 1517
2831 2 3 2 25 0 2900 1806 2548
2832 2 3 2 25 0 2900 1871 2631
2833 2 3 2 25 0 2901 1613 2730
2834 2 3 2 25 0 2901 1572 2732
2835 2 3 2 25 0 2902 1621 2725
2836 2 3 2 25 0 2902 1581 2728
2837 2 3 2 25 0 2903 1614 2729
2838 2 3 2 25 0 2903 1573 2730
2839 2 3 2 25 0 2904 1615 2727
2840 2 3 2 25 0 2904 1574 2729
2841 2 3 2 25 0 2905 1616 2726
2842 2 3 2 25 0 2905 1577 2727
2843 2 3 2 25 0 2906 1622 2724
2844 2 3 2 25 0 2906 1582 2725
2845 2 3 2 25 0 2907 1623 2723
2846 2 3 2 25 0 2907 1583 2724
2847 2 3 2 25 0 2908 1624 2721
2848 2 3 2 25 0 2908 1586 2723
2849 2 3 2 25 0 2909 1625 2720
2850 2 3 2 25 0 2909 1587 2721
2851 2 3 2 25 0 1584 2910 2710
2852 2 3 2 25 0 2910 1618 2710
2853 2 3 2 25 0 2910 1584 2716
2854 2 3 2 25 0 2911 1626 2719
2855 2 3 2 25 0 2911 1588 2720
2856 2 3 2 25 0 2912 1627 2718
2857 2 3 2 25 0 2912 1589 2719
2858 2 3 2 25 0 2913 1628 2717
2859 2 3 2 25 0 2913 1590 2718
2860 2 3 2 25 0 1839 2914 1876
2861 2 3 2 25 0 2914 1839 2597
2862 2 3 2 25 0 2915 1629 2715
2863 2 3 2 25 0 2916 1609 2753
2864 2 3 2 25 0 2916 1593 2754
2865 2 3 2 25 0 2917 1428 2424
2866 2 3 2 25 0 1907 2917 2424
2867 2 3 2 25 0 1469 2918 2611
2868 2 3 2 25 0 1863 2919 2586
2869 2 3 2 25 0 2920 1591 2715
2870 2 3 2 25 0 2921 1472 2193
2871 2 3 2 25 0 1903 2921 2193
2872 2 3 2 25 0 1472 2921 2579
2873 2 3 2 25 0 1794 2924 2682
2874 2 3 2 25 0 1468 2926 1959
2875 2 3 2 25 0 1861 2926 2691
2876 2 3 2 25 0 1661 2927 2872
2877 2 3 2 25 0 2928 1367 1366
2878 2 3 2 25 0 2929 1368 1367
2879 2 3 2 25 0 1369 2930 1713
2880 2 3 2 25 0 2930 1714 1713
2881 2 3 2 25 0 1370 2931 1712
2882 2 3 2 25 0 1713 2931 1369
2883 2 3 2 25 0 2931 1713 1712
2884 2 3 2 25 0 2931 1370 1369
2885 2 3 2 25 0 1371 2932 1711
2886 2 3 2 25 0 1712 2932 1370
2887 2 3 2 25 0 2932 1712 1711
2888 2 3 2 25 0 2932 1371 1370
2889 2 3 2 25 0 1372 2933 1710
2890 2 3 2 25 0 1711 2933 1371
2891 2 3 2 25 0 2933 1711 1710
2892 2 3 2 25 0 2933 1372 1371
2893 2 3 2 25 0 1373 2934 1709
2894 2 3 2 25 0 1710 2934 1372
2895 2 3 2 25 0 2934 1710 1709
2896 2 3 2 25 0 2934 1373 1372
2897 2 3 2 25 0 1374 2935 1708
2898 2 3 2 25 0 1709 2935 1373
2899 2 3 2 25 0 2935 1709 1708
2900 2 3 2 25 0 2935 1374 1373
2901 2 3 2 25 0 1375 2936 1707
2902 2 3 2 25 0 1708 2936 1374
2903 2 3 2 25 0 2936 1708 1707
2904 2 3 2 25 0 2936 1375 1374
2905 2 3 2 25 0 1376 2937 1706
2906 2 3 2 25 0 1707 2937 1375
2907 2 3 2 25 0 2937 1707 1706
2908 2 3 2 25 0 2937 1376 1375
2909 2 3 2 25 0 1378 2938 1704
2910 2 3 2 25 0 1705 2938 1377
2911 2 3 2 25 0 2938 1705 1704
2912 2 3 2 25 0 2938 1378 1377
2913 2 3 2 25 0 1379 2939 1703
2914 2 3 2 25 0 1704 2939 1378
2915 2 3 2 25 0 2939 1704 1703
2916 2 3 2 25 0 2939 1379 1378
2917 2 3 2 25 0 1380 2940 1702
2918 2 3 2 25 0 1703 2940 1379
2919 2 3 2 25 0 2940 1703 1702
2920 2 3 2 25 0 2940 1380 1379
2921 2 3 2 25 0 1381 2941 1701
2922 2 3 2 25 0 1702 2941 1380
2923 2 3 2 25 0 2941 1702 1701
2924 2 3 2 25 0 2941 1381 1380
2925 2 3 2 25 0 1382 2942 1700
2926 2 3 2 25 0 1701 2942 1381
2927 2 3 2 25 0 2942 1701 1700
2928 2 3 2 25 0 2942 1382 1381
2929 2 3 2 25 0 1383 2943 1698
2930 2 3 2 25 0 1700 2943 1382
2931 2 3 2 25 0 2943 1700 1698
2932 2 3 2 25 0 2943 1383 1382
2933 2 3 2 25 0 2944 1905 2405
2934 2 3 2 25 0 2944 1479 2680
2935 2 3 2 25 0 1800 2945 2412
2936 2 3 2 25 0 1793 2945 2535
2937 2 3 2 25 0 1575 2947 2709
2938 2 3 2 25 0 2947 1610 2709
2939 2 3 2 25 0 1384 2948 1696
2940 2 3 2 25 0 1698 2948 1383
2941 2 3 2 25 0 2948 1698 1696
2942 2 3 2 25 0 2948 1384 1383
2943 2 3 2 25 0 2949 1360 1359
2944 2 3 2 25 0 1585 2950 2716
2945 2 3 2 25 0 2950 1617 2716
2946 2 3 2 25 0 2951 1592 2714
2947 2 3 2 25 0 2951 1630 2754
2948 2 3 2 25 0 1908 2952 2507
2949 2 3 2 25 0 2955 1664 2603
2950 2 3 2 25 0 2957 1858 2699
2951 2 3 2 25 0 1526 2958 2535
2952 2 3 2 25 0 1669 2958 2761
2953 2 3 2 25 0 1351 2959 2351
2954 2 3 2 25 0 2960 1869 2577
2955 2 3 2 25 0 1913 2961 1950
2956 2 3 2 25 0 2962 1571 2141
2957 2 3 2 25 0 2962 1914 2692
2958 2 3 2 25 0 2963 1604 2687
2959 2 3 2 25 0 1604 2964 2687
2960 2 3 2 25 0 2964 1604 2602
2961 2 3 2 25 0 1719 2965 2658
2962 2 3 2 25 0 1853 2966 2577
2963 2 3 2 25 0 1868 2966 2778
2964 2 3 2 25 0 2967 1488 2771
2965 2 3 2 25 0 2968 1806 2579
2966 2 3 2 25 0 2968 1903 2780
2967 2 3 2 25 0 1834 2969 2612
2968 2 3 2 25 0 2970 2030 2682
2969 2 3 2 25 0 2030 2970 2590
2970 2 3 2 25 0 2009 2971 2141
2971 2 3 2 25 0 1940 2972 453
2972 2 3 2 25 0 1854 2973 2491
2973 2 3 2 25 0 1794 2973 2924
2974 2 3 2 25 0 1876 2975 1839
2975 2 3 2 25 0 1482 2975 1796
2976 2 3 2 25 0 2029 2976 2406
2977 2 3 2 25 0 2977 1668 2464
2978 2 3 2 25 0 1893 2978 1962
2979 2 3 2 25 0 2978 1893 2618
2980 2 3 2 25 0 2980 1892 2622
2981 2 3 2 25 0 1892 2980 2482
2982 2 3 2 25 0 1982 2982 1506
2983 2 3 2 25 0 1668 2983 2619
2984 2 3 2 25 0 1862 2984 2752
2985 2 3 2 25 0 2985 1862 2631
2986 2 3 2 25 0 2985 1476 2849
2987 2 3 2 25 0 2986 1427 2413
2988 2 3 2 25 0 1389 2987 2856
2989 2 3 2 25 0 2019 2988 1497
2990 2 3 2 25 0 2988 2236 1497
2991 2 3 2 25 0 1464 2989 1999
2992 2 3 2 25 0 1913 2989 2870
2993 2 3 2 25 0 2990 1854 2666
2994 2 3 2 25 0 1972 2991 1893
2995 2 3 2 25 0 1881 2991 2819
2996 2 3 2 25 0 2992 1870 2459
2997 2 3 2 25 0 2993 1487 2026
2998 2 3 2 25 0 1909 2993 2026
2999 2 3 2 25 0 1487 2993 2778
3000 2 3 2 25 0 2994 1902 2483
3001 2 3 2 25 0 2994 1490 2585
3002 2 3 2 25 0 1667 2995 2493
3003 2 3 2 25 0 1789 2995 2850
3004 2 3 2 25 0 2995 1667 2850
3005 2 3 2 25 0 1692 2996 1358
3006 2 3 2 25 0 2997 1831 2552
3007 2 3 2 25 0 2998 1857 2481
3008 2 3 2 25 0 1857 2998 2805
3009 2 3 2 25 0 1547 2999 2348
3010 2 3 2 25 0 2135 2999 2480
3011 2 3 2 25 0 2999 2135 2348
3012 2 3 2 25 0 3000 2159 392
3013 2 3 2 25 0 3001 1847 1879
3014 2 3 2 25 0 3003 1958 2617
3015 2 3 2 25 0 1811 3003 2617
3016 2 3 2 25 0 3004 1859 2027
3017 2 3 2 25 0 1464 3006 2661
3018 2 3 2 25 0 3008 2021 1355
3019 2 3 2 25 0 3009 1861 2611
3020 2 3 2 25 0 3010 131 2867
3021 2 3 2 25 0 1998 3011 1943
3022 2 3 2 25 0 3011 1998 1941
3023 2 3 2 25 0 1849 3014 2864
3024 2 3 2 25 0 3015 1465 1958
3025 2 3 2 25 0 1838 3015 1958
3026 2 3 2 25 0 1465 3015 2701
3027 2 3 2 25 0 1808 3017 1420
3028 2 3 2 25 0 2133 3017 2557
3029 2 3 2 25 0 1807 3018 2432
3030 2 3 2 25 0 3020 1487 2778
3031 2 3 2 25 0 3020 1853 2780
3032 2 3 2 25 0 135 3021 134
3033 2 3 2 25 0 1878 3023 1500
3034 2 3 2 25 0 3023 2025 1500
3035 2 3 2 25 0 3025 2029 2537
3036 2 3 2 25 0 2029 3025 1422
3037 2 3 2 25 0 3026 1938 1506
3038 2 3 2 25 0 3026 2196 2627
3039 2 3 2 25 0 3027 1596 2777
3040 2 3 2 25 0 3028 1576 2044
3041 2 3 2 25 0 2009 3028 2044
3042 2 3 2 25 0 3029 1803 2565
3043 2 3 2 25 0 1803 3029 2598
3044 2 3 2 25 0 3030 1798 2401
3045 2 3 2 25 0 3030 2135 2959
3046 2 3 2 25 0 2135 3030 2401
3047 2 3 2 25 0 3032 1402 2086
3048 2 3 2 25 0 2157 3032 2086
3049 2 3 2 25 0 3033 1846 2595
3050 2 3 2 25 0 3034 1605 2760
3051 2 3 2 25 0 3034 1571 2872
3052 2 3 2 25 0 3035 1662 2392
3053 2 3 2 25 0 1939 3037 2567
3054 2 3 2 25 0 1471 3037 2676
3055 2 3 2 25 0 3039 1480 1879
3056 2 3 2 25 0 1847 3039 1879
3057 2 3 2 25 0 1842 3040 2567
3058 2 3 2 25 0 3042 1463 2039
3059 2 3 2 25 0 1463 3042 2004
3060 2 3 2 25 0 141 3043 140
3061 2 3 2 25 0 3044 1718 2554
3062 2 3 2 25 0 1718 3044 2431
3063 2 3 2 25 0 3045 1865 1957
3064 2 3 2 25 0 3046 1979 2922
3065 2 3 2 25 0 1870 3047 2459
3066 2 3 2 25 0 2133 3048 3017
3067 2 3 2 25 0 3048 1420 3017
3068 2 3 2 25 0 1478 3049 1957
3069 2 3 2 25 0 3049 1944 1957
3070 2 3 2 25 0 3050 1509 2007
3071 2 3 2 25 0 3050 1869 2960
3072 2 3 2 25 0 3051 1913 1950
3073 2 3 2 25 0 3051 1999 2989
3074 2 3 2 25 0 1913 3051 2989
3075 2 3 2 25 0 1868 3053 2960
3076 2 3 2 25 0 1482 3054 2975
3077 2 3 2 25 0 3054 1839 2975
3078 2 3 2 25 0 386 3055 387
3079 2 3 2 25 0 1900 3055 2768
3080 2 3 2 25 0 3055 1900 387
3081 2 3 2 25 0 1352 3056 2414
3082 2 3 2 25 0 3056 1872 2414
3083 2 3 2 25 0 3056 1352 2707
3084 2 3 2 25 0 3057 1351 2083
3085 2 3 2 25 0 1798 3057 2083
3086 2 3 2 25 0 1351 3057 2959
3087 2 3 2 25 0 1486 3059 3004
3088 2 3 2 25 0 1887 3060 2664
3089 2 3 2 25 0 3060 1887 1965
3090 2 3 2 25 0 1429 3061 2006
3091 2 3 2 25 0 3061 1870 2006
3092 2 3 2 25 0 1924 3062 2867
3093 2 3 2 25 0 3062 1924 2629
3094 2 3 2 25 0 1896 3064 2613
3095 2 3 2 25 0 3066 1356 2202
3096 2 3 2 25 0 3066 2018 2766
3097 2 3 2 25 0 2018 3066 2202
3098 2 3 2 25 0 3067 1464 2670
3099 2 3 2 25 0 3067 1904 2870
3100 2 3 2 25 0 1886 3068 2027
3101 2 3 2 25 0 1596 3069 2712
3102 2 3 2 25 0 3069 1596 2035
3103 2 3 2 25 0 3070 1843 2562
3104 2 3 2 25 0 1858 3071 2495
3105 2 3 2 25 0 3071 1858 2957
3106 2 3 2 25 0 1903 3074 2780
3107 2 3 2 25 0 1880 3077 2680
3108 2 3 2 25 0 3078 1952 1976
3109 2 3 2 25 0 3079 1831 2997
3110 2 3 2 25 0 133 3081 132
3111 2 3 2 25 0 1924 3081 2734
3112 2 3 2 25 0 1350 3083 3022
3113 2 3 2 25 0 1941 3084 3011
3114 2 3 2 25 0 1605 3085 2760
3115 2 3 2 25 0 1904 3086 2566
3116 2 3 2 25 0 3086 1904 2565
3117 2 3 2 25 0 1859 3087 1935
3118 2 3 2 25 0 3087 1985 1935
3119 2 3 2 25 0 3087 1859 3004
3120 2 3 2 25 0 3088 1786 3038
3121 2 3 2 25 0 1534 3089 1515
3122 2 3 2 25 0 3089 2150 1515
3123 2 3 2 25 0 1880 3090 3077
3124 2 3 2 25 0 3091 2082 2017
3125 2 3 2 25 0 3092 386 385
3126 2 3 2 25 0 3092 1874 2768
3127 2 3 2 25 0 1607 3093 2708
3128 2 3 2 25 0 3095 1819 2570
3129 2 3 2 25 0 1819 3095 2498
3130 2 3 2 25 0 3096 1478 1946
3131 2 3 2 25 0 1876 3096 1946
3132 2 3 2 25 0 3097 1881 2573
3133 2 3 2 25 0 3097 1893 2991
3134 2 3 2 25 0 1881 3097 2991
3135 2 3 2 25 0 3098 1962 2978
3136 2 3 2 25 0 1962 3098 1474
3137 2 3 2 25 0 1908 3099 3031
3138 2 3 2 25 0 3100 1908 2507
3139 2 3 2 25 0 3101 1386 2044
3140 2 3 2 25 0 1952 3102 1976
3141 2 3 2 25 0 3103 1360 2949
3142 2 3 2 25 0 1438 3105 2529
3143 2 3 2 25 0 1606 3106 2695
3144 2 3 2 25 0 2000 3107 1523
3145 2 3 2 25 0 3107 2138 1523
3146 2 3 2 25 0 2011 3108 1554
3147 2 3 2 25 0 3109 2085 2209
3148 2 3 2 25 0 1394 3109 2209
3149 2 3 2 25 0 1501 3111 1504
3150 2 3 2 25 0 3111 1990 1504
3151 2 3 2 25 0 1834 3113 2775
3152 2 3 2 25 0 3113 1834 2557
3153 2 3 2 25 0 3114 2131 1429
3154 2 3 2 25 0 384 3115 385
3155 2 3 2 25 0 3116 1950 2961
3156 2 3 2 25 0 1950 3116 2078
3157 2 3 2 25 0 3117 1869 2672
3158 2 3 2 25 0 1869 3117 2771
3159 2 3 2 25 0 1855 3119 2997
3160 2 3 2 25 0 3120 1930 3031
3161 2 3 2 25 0 1549 3121 2202
3162 2 3 2 25 0 3123 1959 2926
3163 2 3 2 25 0 1861 3123 2926
3164 2 3 2 25 0 1803 3125 2569
3165 2 3 2 25 0 3125 1803 2701
3166 2 3 2 25 0 2011 3126 1972
3167 2 3 2 25 0 1503 3126 3041
3168 2 3 2 25 0 3128 1834 2561
3169 2 3 2 25 0 1927 3128 2561
3170 2 3 2 25 0 1834 3128 2969
3171 2 3 2 25 0 3129 1389 2124
3172 2 3 2 25 0 3131 1665 2888
3173 2 3 2 25 0 3132 1838 1470
3174 2 3 2 25 0 3133 2018 2202
3175 2 3 2 25 0 3134 1786 2458
3176 2 3 2 25 0 3134 1833 2468
3177 2 3 2 25 0 3137 1475 1946
3178 2 3 2 25 0 1865 3137 1946
3179 2 3 2 25 0 3138 1899 2798
3180 2 3 2 25 0 1899 3138 2591
3181 2 3 2 25 0 1941 3140 1499
3182 2 3 2 25 0 2090 3140 1998
3183 2 3 2 25 0 3140 2090 1499
3184 2 3 2 25 0 3140 1941 1998
3185 2 3 2 25 0 1835 3142 2628
3186 2 3 2 25 0 1837 3142 2694
3187 2 3 2 25 0 3142 1837 2628
3188 2 3 2 25 0 1868 3143 3053
3189 2 3 2 25 0 3144 1510 2073
3190 2 3 2 25 0 3145 1923 2621
3191 2 3 2 25 0 1923 3145 2603
3192 2 3 2 25 0 3146 1888 2662
3193 2 3 2 25 0 3147 1886 2511
3194 2 3 2 25 0 1630 3148 2754
3195 2 3 2 25 0 1609 3149 2753
3196 2 3 2 25 0 3150 1922 1506
3197 2 3 2 25 0 3150 1938 3064
3198 2 3 2 25 0 1938 3150 1506
3199 2 3 2 25 0 1363 3151 1697
3200 2 3 2 25 0 3151 1694 1697
3201 2 3 2 25 0 3151 1363 1362
3202 2 3 2 25 0 2074 3152 2922
3203 2 3 2 25 0 1969 3153 1964
3204 2 3 2 25 0 3153 1966 1964
3205 2 3 2 25 0 3154 1664 2955
3206 2 3 2 25 0 1920 3154 2955
3207 2 3 2 25 0 3155 1398 2131
3208 2 3 2 25 0 3155 1911 3152
3209 2 3 2 25 0 1616 3156 2726
3210 2 3 2 25 0 1619 3157 2731
3211 2 3 2 25 0 1611 3158 2733
3212 2 3 2 25 0 3161 2191 1951
3213 2 3 2 25 0 1920 3161 1951
3214 2 3 2 25 0 3162 1503 2819
3215 2 3 2 25 0 3162 1972 3126
3216 2 3 2 25 0 1503 3162 3126
3217 2 3 2 25 0 1620 3163 2728
3218 2 3 2 25 0 1612 3164 2732
3219 2 3 2 25 0 1621 3165 2725
3220 2 3 2 25 0 1613 3166 2730
3221 2 3 2 25 0 1614 3167 2729
3222 2 3 2 25 0 1622 3168 2724
3223 2 3 2 25 0 1615 3169 2727
3224 2 3 2 25 0 1623 3170 2723
3225 2 3 2 25 0 1624 3171 2721
3226 2 3 2 25 0 1625 3172 2720
3227 2 3 2 25 0 1626 3173 2719
3228 2 3 2 25 0 1627 3174 2718
3229 2 3 2 25 0 1628 3175 2717
3230 2 3 2 25 0 3176 1400 1996
3231 2 3 2 25 0 3176 1977 2071
3232 2 3 2 25 0 1977 3176 1996
3233 2 3 2 25 0 1400 3176 2071
3234 2 3 2 25 0 1618 3178 2710
3235 2 3 2 25 0 1629 3179 2715
3236 2 3 2 25 0 1610 3180 2709
3237 2 3 2 25 0 2074 3181 3152
3238 2 3 2 25 0 3181 2074 2628
3239 2 3 2 25 0 3182 2192 1562
3240 2 3 2 25 0 208 3182 1562
3241 2 3 2 25 0 3183 1509 3053
3242 2 3 2 25 0 1617 3187 2716
3243 2 3 2 25 0 1420 3188 1808
3244 2 3 2 25 0 3188 1872 1808
3245 2 3 2 25 0 3191 1999 3051
3246 2 3 2 25 0 1999 3191 1393
3247 2 3 2 25 0 1950 3191 3051
3248 2 3 2 25 0 3193 1927 2561
3249 2 3 2 25 0 1987 3194 2568
3250 2 3 2 25 0 1468 3194 2765
3251 2 3 2 25 0 1970 3195 2028
3252 2 3 2 25 0 3199 1915 2782
3253 2 3 2 25 0 3199 1926 2856
3254 2 3 2 25 0 3200 2072 1948
3255 2 3 2 25 0 2072 3200 1355
3256 2 3 2 25 0 3201 1978 1502
3257 2 3 2 25 0 2210 3201 1502
3258 2 3 2 25 0 1630 3202 2659
3259 2 3 2 25 0 3203 1902 2502
3260 2 3 2 25 0 3203 1547 2689
3261 2 3 2 25 0 1389 3204 2987
3262 2 3 2 25 0 1839 3205 2597
3263 2 3 2 25 0 1976 3209 1390
3264 2 3 2 25 0 2126 3209 3102
3265 2 3 2 25 0 3209 1976 3102
3266 2 3 2 25 0 1814 3211 2457
3267 2 3 2 25 0 1815 3211 2593
3268 2 3 2 25 0 3212 1422 3025
3269 2 3 2 25 0 1841 3212 3025
3270 2 3 2 25 0 1925 3214 1393
3271 2 3 2 25 0 1999 3214 3024
3272 2 3 2 25 0 3214 1999 1393
3273 2 3 2 25 0 1896 3215 3064
3274 2 3 2 25 0 3216 1717 2471
3275 2 3 2 25 0 1758 3216 2471
3276 2 3 2 25 0 3217 1882 2129
3277 2 3 2 25 0 1882 3217 1931
3278 2 3 2 25 0 3218 2158 1994
3279 2 3 2 25 0 2142 3218 1994
3280 2 3 2 25 0 2038 3219 1948
3281 2 3 2 25 0 3220 1878 1497
3282 2 3 2 25 0 3220 1905 3077
3283 2 3 2 25 0 1905 3220 1497
3284 2 3 2 25 0 3221 1663 2533
3285 2 3 2 25 0 3221 1785 2811
3286 2 3 2 25 0 3223 1868 2778
3287 2 3 2 25 0 1868 3223 3143
3288 2 3 2 25 0 1496 3224 2595
3289 2 3 2 25 0 1423 3225 2610
3290 2 3 2 25 0 2198 3228 2817
3291 2 3 2 25 0 1691 3229 2888
3292 2 3 2 25 0 3230 2070 1390
3293 2 3 2 25 0 1570 3231 2733
3294 2 3 2 25 0 3231 1570 2049
3295 2 3 2 25 0 1580 3232 2731
3296 2 3 2 25 0 3232 1580 2057
3297 2 3 2 25 0 1595 3233 2708
3298 2 3 2 25 0 3233 1595 2043
3299 2 3 2 25 0 1693 3234 2593
3300 2 3 2 25 0 2132 3235 260
3301 2 3 2 25 0 2137 3235 2237
3302 2 3 2 25 0 3236 1519 2237
3303 2 3 2 25 0 1461 3237 1933
3304 2 3 2 25 0 3237 1461 2024
3305 2 3 2 25 0 1467 3238 2699
3306 2 3 2 25 0 1969 3238 3153
3307 2 3 2 25 0 3239 1841 2436
3308 2 3 2 25 0 3239 1831 2892
3309 2 3 2 25 0 2040 3240 1353
3310 2 3 2 25 0 3240 2163 1353
3311 2 3 2 25 0 3240 2040 1561
3312 2 3 2 25 0 1887 3241 1965
3313 2 3 2 25 0 3241 1963 1965
3314 2 3 2 25 0 3244 2163 2820
3315 2 3 2 25 0 2163 3244 1957
3316 2 3 2 25 0 1961 3245 1498
3317 2 3 2 25 0 3245 1978 1498
3318 2 3 2 25 0 1594 3247 2753
3319 2 3 2 25 0 3247 1594 2068
3320 2 3 2 25 0 1572 3248 2732
3321 2 3 2 25 0 3248 1572 2050
3322 2 3 2 25 0 1581 3249 2728
3323 2 3 2 25 0 3249 1581 2058
3324 2 3 2 25 0 1667 3250 2770
3325 2 3 2 25 0 3250 1667 2620
3326 2 3 2 25 0 3251 1942 1422
3327 2 3 2 25 0 2037 3251 1422
3328 2 3 2 25 0 1573 3252 2730
3329 2 3 2 25 0 3252 1573 2051
3330 2 3 2 25 0 1582 3253 2725
3331 2 3 2 25 0 3253 1582 2059
3332 2 3 2 25 0 1593 3254 2754
3333 2 3 2 25 0 3254 1593 2076
3334 2 3 2 25 0 3255 1943 1494
3335 2 3 2 25 0 2161 3255 1494
3336 2 3 2 25 0 1943 3255 1998
3337 2 3 2 25 0 1574 3256 2729
3338 2 3 2 25 0 3256 1574 2052
3339 2 3 2 25 0 1583 3257 2724
3340 2 3 2 25 0 3257 1583 2060
3341 2 3 2 25 0 1577 3258 2727
3342 2 3 2 25 0 3258 1577 2053
3343 2 3 2 25 0 1586 3259 2723
3344 2 3 2 25 0 3259 1586 2061
3345 2 3 2 25 0 1579 3260 2726
3346 2 3 2 25 0 3260 1579 2054
3347 2 3 2 25 0 1587 3261 2721
3348 2 3 2 25 0 3261 1587 2062
3349 2 3 2 25 0 1588 3262 2720
3350 2 3 2 25 0 3262 1588 2063
3351 2 3 2 25 0 1589 3263 2719
3352 2 3 2 25 0 3263 1589 2064
3353 2 3 2 25 0 1590 3264 2718
3354 2 3 2 25 0 3264 1590 2065
3355 2 3 2 25 0 1892 3266 2666
3356 2 3 2 25 0 3266 1892 2487
3357 2 3 2 25 0 1472 3267 2193
3358 2 3 2 25 0 3267 1991 2193
3359 2 3 2 25 0 3268 1971 1515
3360 2 3 2 25 0 3268 2150 2817
3361 2 3 2 25 0 2150 3268 1515
3362 2 3 2 25 0 3269 1966 3153
3363 2 3 2 25 0 1591 3270 2715
3364 2 3 2 25 0 3270 1591 2066
3365 2 3 2 25 0 1592 3271 2714
3366 2 3 2 25 0 3271 1592 2069
3367 2 3 2 25 0 2085 3272 2979
3368 2 3 2 25 0 3277 1909 1407
3369 2 3 2 25 0 3277 1934 3143
3370 2 3 2 25 0 1934 3277 1407
3371 2 3 2 25 0 3278 114 1556
3372 2 3 2 25 0 207 3182 208
3373 2 3 2 25 0 3272 2519 1392
3374 2 3 2 25 0 3080 3109 1394
3375 2 3 2 25 0 2996 2949 1359
3376 2 3 2 25 0 3200 3008 1355
3377 2 3 2 25 0 2891 3033 1429
3378 2 3 2 25 0 2891 1846 3033
3379 2 3 2 25 0 2796 3132 1470
3380 2 3 2 25 0 3033 3114 1429
3381 2 3 2 25 0 3206 3159 1473
3382 2 3 2 25 0 3021 2875 134
3383 2 3 2 25 0 1919 2875 3021
3384 2 3 2 25 0 1920 2955 3161
3385 2 3 2 25 0 3081 2867 132
3386 2 3 2 25 0 1924 2867 3081
3387 2 3 2 25 0 3200 1948 3219
3388 2 3 2 25 0 3191 3177 1393
3389 2 3 2 25 0 1950 3177 3191
3390 2 3 2 25 0 1967 2519 3080
3391 2 3 2 25 0 3050 2672 1869
3392 2 3 2 25 0 2007 2672 3050
3393 2 3 2 25 0 3004 3068 1486
3394 2 3 2 25 0 3004 2027 3068
3395 2 3 2 25 0 3209 3230 1390
3396 2 3 2 25 0 3209 2126 3230
3397 2 3 2 25 0 2634 2971 1387
3398 2 3 2 25 0 2634 2141 2971
3399 2 3 2 25 0 2213 3144 2073
3400 2 3 2 25 0 2213 2157 3144
3401 2 3 2 25 0 2982 3026 1506
3402 2 3 2 25 0 2982 2196 3026
3403 2 3 2 25 0 391 3000 392
3404 2 3 2 25 0 2962 2634 1914
3405 2 3 2 25 0 2141 2634 2962
3406 2 3 2 25 0 3236 2025 1975
3407 2 3 2 25 0 2237 2025 3236
3408 2 3 2 25 0 1500 3235 2132
3409 2 3 2 25 0 1500 2237 3235
3410 2 3 2 25 0 3069 2089 1595
3411 2 3 2 25 0 2035 2089 3069
3412 2 3 2 25 0 3233 2114 1594
3413 2 3 2 25 0 2043 2114 3233
3414 2 3 2 25 0 3210 2091 1569
3415 2 3 2 25 0 3231 2113 1568
3416 2 3 2 25 0 2049 2113 3231
3417 2 3 2 25 0 3248 2112 1570
3418 2 3 2 25 0 2050 2112 3248
3419 2 3 2 25 0 3252 2111 1572
3420 2 3 2 25 0 2051 2111 3252
3421 2 3 2 25 0 3256 2110 1573
3422 2 3 2 25 0 2052 2110 3256
3423 2 3 2 25 0 3258 2108 1574
3424 2 3 2 25 0 2053 2108 3258
3425 2 3 2 25 0 3260 2107 1577
3426 2 3 2 25 0 2054 2107 3260
3427 2 3 2 25 0 3226 2105 1579
3428 2 3 2 25 0 3232 2102 1578
3429 2 3 2 25 0 2057 2102 3232
3430 2 3 2 25 0 3249 2101 1580
3431 2 3 2 25 0 2058 2101 3249
3432 2 3 2 25 0 3253 2100 1581
3433 2 3 2 25 0 2059 2100 3253
3434 2 3 2 25 0 3257 2099 1582
3435 2 3 2 25 0 2060 2099 3257
3436 2 3 2 25 0 3259 2098 1583
3437 2 3 2 25 0 2061 2098 3259
3438 2 3 2 25 0 3261 2097 1586
3439 2 3 2 25 0 2062 2097 3261
3440 2 3 2 25 0 3262 2096 1587
3441 2 3 2 25 0 2063 2096 3262
3442 2 3 2 25 0 3263 2095 1588
3443 2 3 2 25 0 2064 2095 3263
3444 2 3 2 25 0 3264 2093 1589
3445 2 3 2 25 0 2065 2093 3264
3446 2 3 2 25 0 3265 2092 1590
3447 2 3 2 25 0 2066 2094 3270
3448 2 3 2 25 0 3247 2119 1593
3449 2 3 2 25 0 2068 2119 3247
3450 2 3 2 25 0 3271 2109 1591
3451 2 3 2 25 0 2069 2109 3271
3452 2 3 2 25 0 3254 2118 1592
3453 2 3 2 25 0 2076 2118 3254
3454 2 3 2 25 0 3278 113 114
3455 2 3 2 25 0 2190 113 3278
3456 2 3 2 25 0 3115 3092 385
3457 2 3 2 25 0 1874 3092 3115
3458 2 3 2 25 0 3235 261 260
3459 2 3 2 25 0 2137 261 3235
3460 2 3 2 25 0 2202 3121 3133
3461 2 3 2 25 0 3108 1560 1554
3462 2 3 2 25 0 2158 1560 3108
3463 2 3 2 25 0 1560 2158 3218
3464 2 3 2 25 0 2820 3240 1561
3465 2 3 2 25 0 2820 2163 3240
3466 2 3 2 25 0 3255 1513 1998
3467 2 3 2 25 0 2161 1513 3255
3468 2 3 2 25 0 2453 2277 1460
3469 2 3 2 25 0 2346 2449 1836
3470 2 3 2 25 0 2284 2341 2488
3471 2 3 2 25 0 2454 2411 1795
3472 2 3 2 25 0 2287 2411 2454
3473 2 3 2 25 0 1453 3073 1438
3474 2 3 2 25 0 2501 2423 1430
3475 2 3 2 25 0 2345 2423 2501
3476 2 3 2 25 0 2371 2604 1844
3477 2 3 2 25 0 2371 2346 2604
3478 2 3 2 25 0 2431 2772 1718
3479 2 3 2 25 0 2431 2349 2772
3480 2 3 2 25 0 2478 2764 2003
3481 2 3 2 25 0 2478 2349 2764
3482 2 3 2 25 0 2534 2471 1717
3483 2 3 2 25 0 2351 2471 2534
3484 2 3 2 25 0 2480 2959 2135
3485 2 3 2 25 0 2480 2351 2959
3486 2 3 2 25 0 2399 2484 1848
3487 2 3 2 25 0 2443 2516 1489
3488 2 3 2 25 0 2443 2372 2516
3489 2 3 2 25 0 2435 2399 1848
3490 2 3 2 25 0 2789 2392 1662
3491 2 3 2 25 0 2376 2392 2789
3492 2 3 2 25 0 2414 2600 1352
3493 2 3 2 25 0 2574 2504 1856
3494 2 3 2 25 0 2791 2434 1797
3495 2 3 2 25 0 2390 2434 2791
3496 2 3 2 25 0 2463 2470 1793
3497 2 3 2 25 0 2463 2391 2470
3498 2 3 2 25 0 2705 2441 1845
3499 2 3 2 25 0 2532 2544 1890
3500 2 3 2 25 0 2532 2398 2544
3501 2 3 2 25 0 2686 2400 2783
3502 2 3 2 25 0 2418 2403 2467
3503 2 3 2 25 0 2440 2472 1804
3504 2 3 2 25 0 2440 2405 2472
3505 2 3 2 25 0 2409 2976 1425
3506 2 3 2 25 0 2409 2406 2976
3507 2 3 2 25 0 2537 2668 1723
3508 2 3 2 25 0 2537 2406 2668
3509 2 3 2 25 0 2587 2688 1428
3510 2 3 2 25 0 2658 2505 1719
3511 2 3 2 25 0 2411 2505 2658
3512 2 3 2 25 0 2419 2945 1793
3513 2 3 2 25 0 2419 2412 2945
3514 2 3 2 25 0 2986 2420 2032
3515 2 3 2 25 0 2413 2420 2986
3516 2 3 2 25 0 2705 2584 1755
3517 2 3 2 25 0 2413 2584 2705
3518 2 3 2 25 0 3013 2501 1430
3519 2 3 2 25 0 2665 2427 1877
3520 2 3 2 25 0 2415 2427 2665
3521 2 3 2 25 0 2452 2475 1874
3522 2 3 2 25 0 2452 2416 2475
3523 2 3 2 25 0 2550 2437 1805
3524 2 3 2 25 0 2417 2437 2550
3525 2 3 2 25 0 2680 2694 1880
3526 2 3 2 25 0 2680 2417 2694
3527 2 3 2 25 0 2582 2426 1801
3528 2 3 2 25 0 2418 2426 2582
3529 2 3 2 25 0 2505 2794 1719
3530 2 3 2 25 0 3072 2470 1460
3531 2 3 2 25 0 2419 2470 3072
3532 2 3 2 25 0 2538 2532 1890
3533 2 3 2 25 0 2424 2532 2538
3534 2 3 2 25 0 2547 2508 1871
3535 2 3 2 25 0 2425 2508 2547
3536 2 3 2 25 0 2456 2611 1861
3537 2 3 2 25 0 2456 2426 2611
3538 2 3 2 25 0 2473 2582 1801
3539 2 3 2 25 0 2473 2427 2582
3540 2 3 2 25 0 2848 2451 1857
3541 2 3 2 25 0 2429 2451 2848
3542 2 3 2 25 0 2668 2556 1723
3543 2 3 2 25 0 2430 2556 2668
3544 2 3 2 25 0 2584 2423 1755
3545 2 3 2 25 0 2498 2494 1819
3546 2 3 2 25 0 2595 3044 1496
3547 2 3 2 25 0 2595 2431 3044
3548 2 3 2 25 0 2762 2469 1801
3549 2 3 2 25 0 2432 2469 2762
3550 2 3 2 25 0 2586 3018 1863
3551 2 3 2 25 0 2586 2432 3018
3552 2 3 2 25 0 2543 2703 1858
3553 2 3 2 25 0 2543 2435 2703
3554 2 3 2 25 0 3239 2552 1831
3555 2 3 2 25 0 2436 2552 3239
3556 2 3 2 25 0 2693 2873 1723
3557 2 3 2 25 0 2693 2436 2873
3558 2 3 2 25 0 2496 2462 1850
3559 2 3 2 25 0 2437 2462 2496
3560 2 3 2 25 0 2869 2443 1489
3561 2 3 2 25 0 2439 2443 2869
3562 2 3 2 25 0 2444 2603 1664
3563 2 3 2 25 0 2444 2439 2603
3564 2 3 2 25 0 2462 2461 1850
3565 2 3 2 25 0 2440 2461 2462
3566 2 3 2 25 0 2609 2528 1832
3567 2 3 2 25 0 2779 2531 1895
3568 2 3 2 25 0 2445 2549 2791
3569 2 3 2 25 0 2776 2572 1888
3570 2 3 2 25 0 2445 2572 2776
3571 2 3 2 25 0 2878 2559 1462
3572 2 3 2 25 0 2446 2559 2878
3573 2 3 2 25 0 2448 2461 1804
3574 2 3 2 25 0 2448 2446 2461
3575 2 3 2 25 0 2559 2492 1462
3576 2 3 2 25 0 2447 2492 2559
3577 2 3 2 25 0 2804 2539 1720
3578 2 3 2 25 0 2447 2539 2804
3579 2 3 2 25 0 2499 2545 1483
3580 2 3 2 25 0 2499 2448 2545
3581 2 3 2 25 0 2516 2477 1489
3582 2 3 2 25 0 2450 2477 2516
3583 2 3 2 25 0 2482 2487 1892
3584 2 3 2 25 0 2482 2450 2487
3585 2 3 2 25 0 2481 2665 1877
3586 2 3 2 25 0 2481 2451 2665
3587 2 3 2 25 0 2544 2625 1890
3588 2 3 2 25 0 2544 2454 2625
3589 2 3 2 25 0 2762 2691 1807
3590 2 3 2 25 0 2456 2691 2762
3591 2 3 2 25 0 2515 3211 1815
3592 2 3 2 25 0 2515 2457 3211
3593 2 3 2 25 0 3134 2581 1833
3594 2 3 2 25 0 2458 2581 3134
3595 2 3 2 25 0 2512 3047 1849
3596 2 3 2 25 0 2512 2459 3047
3597 2 3 2 25 0 2459 2667 2992
3598 2 3 2 25 0 2476 2698 1669
3599 2 3 2 25 0 2476 2463 2698
3600 2 3 2 25 0 2868 2684 2021
3601 2 3 2 25 0 2466 2684 2868
3602 2 3 2 25 0 2846 2533 1663
3603 2 3 2 25 0 2466 2533 2846
3604 2 3 2 25 0 2495 2543 1858
3605 2 3 2 25 0 2495 2467 2543
3606 2 3 2 25 0 3134 2518 1786
3607 2 3 2 25 0 2468 2518 3134
3608 2 3 2 25 0 2888 2683 1691
3609 2 3 2 25 0 2468 2683 2888
3610 2 3 2 25 0 2473 2697 1877
3611 2 3 2 25 0 2473 2469 2697
3612 2 3 2 25 0 2558 2528 1875
3613 2 3 2 25 0 2472 2528 2558
3614 2 3 2 25 0 2768 2784 1900
3615 2 3 2 25 0 2768 2475 2784
3616 2 3 2 25 0 2890 2490 1917
3617 2 3 2 25 0 2477 2490 2890
3618 2 3 2 25 0 2608 2759 1526
3619 2 3 2 25 0 2589 2999 1547
3620 2 3 2 25 0 2589 2480 2999
3621 2 3 2 25 0 2998 2560 1881
3622 2 3 2 25 0 2481 2560 2998
3623 2 3 2 25 0 2492 2980 1462
3624 2 3 2 25 0 2492 2482 2980
3625 2 3 2 25 0 2994 2549 1490
3626 2 3 2 25 0 2483 2549 2994
3627 2 3 2 25 0 3035 2706 1662
3628 2 3 2 25 0 2483 2706 3035
3629 2 3 2 25 0 2664 2862 1887
3630 2 3 2 25 0 2664 2484 2862
3631 2 3 2 25 0 2497 2769 1854
3632 2 3 2 25 0 2497 2486 2769
3633 2 3 2 25 0 2578 2510 1805
3634 2 3 2 25 0 2486 2510 2578
3635 2 3 2 25 0 2487 2605 3266
3636 2 3 2 25 0 2539 2801 1720
3637 2 3 2 25 0 2539 2489 2801
3638 2 3 2 25 0 2808 2804 1720
3639 2 3 2 25 0 2490 2804 2808
3640 2 3 2 25 0 2497 2542 1484
3641 2 3 2 25 0 2497 2491 2542
3642 2 3 2 25 0 2503 2973 1794
3643 2 3 2 25 0 2503 2491 2973
3644 2 3 2 25 0 2620 2702 1387
3645 2 3 2 25 0 2620 2493 2702
3646 2 3 2 25 0 2880 2995 1789
3647 2 3 2 25 0 2880 2493 2995
3648 2 3 2 25 0 2578 2614 1866
3649 2 3 2 25 0 2578 2496 2614
3650 2 3 2 25 0 2800 2767 1882
3651 2 3 2 25 0 2500 2767 2800
3652 2 3 2 25 0 3203 2589 1547
3653 2 3 2 25 0 2502 2589 3203
3654 2 3 2 25 0 2861 2704 1898
3655 2 3 2 25 0 2502 2704 2861
3656 2 3 2 25 0 2702 2616 1387
3657 2 3 2 25 0 2503 2616 2702
3658 2 3 2 25 0 2764 2797 2003
3659 2 3 2 25 0 2556 2693 1723
3660 2 3 2 25 0 2556 2506 2693
3661 2 3 2 25 0 2696 2538 1890
3662 2 3 2 25 0 2506 2538 2696
3663 2 3 2 25 0 2788 2563 1476
3664 2 3 2 25 0 2624 2512 1849
3665 2 3 2 25 0 2510 2512 2624
3666 2 3 2 25 0 2801 2860 1720
3667 2 3 2 25 0 2801 2511 2860
3668 2 3 2 25 0 2673 2690 1855
3669 2 3 2 25 0 2673 2514 2690
3670 2 3 2 25 0 2625 2696 1890
3671 2 3 2 25 0 2625 2514 2696
3672 2 3 2 25 0 2790 2770 1693
3673 2 3 2 25 0 2977 2983 1668
3674 2 3 2 25 0 2882 2594 1917
3675 2 3 2 25 0 2519 2594 2882
3676 2 3 2 25 0 3221 2553 1785
3677 2 3 2 25 0 2533 2553 3221
3678 2 3 2 25 0 2698 2958 1669
3679 2 3 2 25 0 2698 2535 2958
3680 2 3 2 25 0 2608 2945 1800
3681 2 3 2 25 0 2608 2535 2945
3682 2 3 2 25 0 3025 2873 1841
3683 2 3 2 25 0 2537 2873 3025
3684 2 3 2 25 0 2692 2759 1661
3685 2 3 2 25 0 2692 2540 2759
3686 2 3 2 25 0 2812 2606 2030
3687 2 3 2 25 0 2540 2606 2812
3688 2 3 2 25 0 2776 2657 1490
3689 2 3 2 25 0 2541 2657 2776
3690 2 3 2 25 0 2542 2601 2667
3691 2 3 2 25 0 2630 2558 1875
3692 2 3 2 25 0 2545 2558 2630
3693 2 3 2 25 0 2800 2600 1601
3694 2 3 2 25 0 2546 2600 2800
3695 2 3 2 25 0 2854 2599 1488
3696 2 3 2 25 0 2547 2599 2854
3697 2 3 2 25 0 2802 2874 1853
3698 2 3 2 25 0 2802 2548 2874
3699 2 3 2 25 0 2900 2599 1871
3700 2 3 2 25 0 2548 2599 2900
3701 2 3 2 25 0 2864 2624 1849
3702 2 3 2 25 0 2550 2624 2864
3703 2 3 2 25 0 2604 2583 1844
3704 2 3 2 25 0 2997 2673 1855
3705 2 3 2 25 0 2552 2673 2997
3706 2 3 2 25 0 3113 3017 1808
3707 2 3 2 25 0 2557 3017 3113
3708 2 3 2 25 0 2976 2684 1425
3709 2 3 2 25 0 2700 2575 1717
3710 2 3 2 25 0 2573 2697 1435
3711 2 3 2 25 0 2573 2560 2697
3712 2 3 2 25 0 2792 2775 1889
3713 2 3 2 25 0 2561 2775 2792
3714 2 3 2 25 0 2866 3070 1663
3715 2 3 2 25 0 3070 2846 1663
3716 2 3 2 25 0 2562 2846 3070
3717 2 3 2 25 0 2588 3148 1630
3718 2 3 2 25 0 2890 2869 1489
3719 2 3 2 25 0 2564 2869 2890
3720 2 3 2 25 0 2621 2594 1967
3721 2 3 2 25 0 2564 2594 2621
3722 2 3 2 25 0 3086 2569 1423
3723 2 3 2 25 0 2565 2569 3086
3724 2 3 2 25 0 3029 2679 1842
3725 2 3 2 25 0 2565 2679 3029
3726 2 3 2 25 0 2610 3086 1423
3727 2 3 2 25 0 2610 2566 3086
3728 2 3 2 25 0 2870 2852 1913
3729 2 3 2 25 0 2566 2852 2870
3730 2 3 2 25 0 2669 3037 1471
3731 2 3 2 25 0 2669 2567 3037
3732 2 3 2 25 0 2662 2848 1857
3733 2 3 2 25 0 2662 2572 2848
3734 2 3 2 25 0 3097 2618 1893
3735 2 3 2 25 0 2573 2618 3097
3736 2 3 2 25 0 2802 2771 1488
3737 2 3 2 25 0 2577 2771 2802
3738 2 3 2 25 0 2960 2966 1868
3739 2 3 2 25 0 2960 2577 2966
3740 2 3 2 25 0 2785 2879 1862
3741 2 3 2 25 0 2785 2579 2879
3742 2 3 2 25 0 2968 2921 1903
3743 2 3 2 25 0 2579 2921 2968
3744 2 3 2 25 0 2707 2795 1889
3745 2 3 2 25 0 2994 2704 1902
3746 2 3 2 25 0 2585 2704 2994
3747 2 3 2 25 0 2865 2586 2919
3748 2 3 2 25 0 2605 2590 2970
3749 2 3 2 25 0 2761 2685 1669
3750 2 3 2 25 0 2590 2685 2761
3751 2 3 2 25 0 2774 2591 2853
3752 2 3 2 25 0 2871 2591 3138
3753 2 3 2 25 0 2756 3234 1696
3754 2 3 2 25 0 2756 2593 3234
3755 2 3 2 25 0 2790 3211 1814
3756 2 3 2 25 0 2790 2593 3211
3757 2 3 2 25 0 3033 2595 3224
3758 2 3 2 25 0 2967 2854 1488
3759 2 3 2 25 0 2713 3205 1847
3760 2 3 2 25 0 2713 2597 3205
3761 2 3 2 25 0 2914 2597 3208
3762 2 3 2 25 0 2669 3029 1842
3763 2 3 2 25 0 2669 2598 3029
3764 2 3 2 25 0 3073 3196 1438
3765 2 3 2 25 0 2964 2786 1597
3766 2 3 2 25 0 2602 2786 2964
3767 2 3 2 25 0 2955 2603 3145
3768 2 3 2 25 0 2682 2758 1794
3769 2 3 2 25 0 2682 2606 2758
3770 2 3 2 25 0 2798 2610 3225
3771 2 3 2 25 0 3009 2918 1929
3772 2 3 2 25 0 2611 2918 3009
3773 2 3 2 25 0 2925 2969 1421
3774 2 3 2 25 0 2925 2612 2969
3775 2 3 2 25 0 2735 3064 1938
3776 2 3 2 25 0 2735 2613 3064
3777 2 3 2 25 0 2876 2878 1462
3778 2 3 2 25 0 2876 2614 2878
3779 2 3 2 25 0 2634 2758 1914
3780 2 3 2 25 0 2634 2616 2758
3781 2 3 2 25 0 2618 2865 2978
3782 2 3 2 25 0 2619 2983 3002
3783 2 3 2 25 0 2621 2851 3145
3784 2 3 2 25 0 2980 2876 1462
3785 2 3 2 25 0 2622 2876 2980
3786 2 3 2 25 0 2769 2666 1854
3787 2 3 2 25 0 2622 2666 2769
3788 2 3 2 25 0 3026 2857 1938
3789 2 3 2 25 0 2627 2857 3026
3790 2 3 2 25 0 3181 2877 1398
3791 2 3 2 25 0 2628 2877 3181
3792 2 3 2 25 0 3062 2676 1895
3793 2 3 2 25 0 2629 2676 3062
3794 2 3 2 25 0 2985 2788 1476
3795 2 3 2 25 0 2631 2788 2985
3796 2 3 2 25 0 2900 2879 1806
3797 2 3 2 25 0 2631 2879 2900
3798 2 3 2 25 0 2690 2965 1855
3799 2 3 2 25 0 2690 2658 2965
3800 2 3 2 25 0 2755 2659 3202
3801 2 3 2 25 0 2670 3040 1842
3802 2 3 2 25 0 2670 2661 3040
3803 2 3 2 25 0 2974 2661 3006
3804 2 3 2 25 0 3146 2805 1503
3805 2 3 2 25 0 2662 2805 3146
3806 2 3 2 25 0 2859 3060 1467
3807 2 3 2 25 0 2859 2664 3060
3808 2 3 2 25 0 2990 2666 3266
3809 2 3 2 25 0 2963 3112 1604
3810 2 3 2 25 0 3067 2679 1904
3811 2 3 2 25 0 2670 2679 3067
3812 2 3 2 25 0 2779 3037 1939
3813 2 3 2 25 0 2779 2676 3037
3814 2 3 2 25 0 2944 3077 1905
3815 2 3 2 25 0 2944 2680 3077
3816 2 3 2 25 0 2682 2924 2970
3817 2 3 2 25 0 2687 2712 2963
3818 2 3 2 25 0 2777 2964 1597
3819 2 3 2 25 0 2777 2687 2964
3820 2 3 2 25 0 3203 2706 1902
3821 2 3 2 25 0 2689 2706 3203
3822 2 3 2 25 0 2765 2926 1468
3823 2 3 2 25 0 2765 2691 2926
3824 2 3 2 25 0 2962 2872 1571
3825 2 3 2 25 0 2692 2872 2962
3826 2 3 2 25 0 2884 3106 1608
3827 2 3 2 25 0 2884 2695 3106
3828 2 3 2 25 0 2957 3238 1969
3829 2 3 2 25 0 2957 2699 3238
3830 2 3 2 25 0 2859 2703 1848
3831 2 3 2 25 0 2699 2703 2859
3832 2 3 2 25 0 3125 3015 1838
3833 2 3 2 25 0 2701 3015 3125
3834 2 3 2 25 0 3056 2863 1872
3835 2 3 2 25 0 2707 2863 3056
3836 2 3 2 25 0 2809 2708 3093
3837 2 3 2 25 0 2885 3233 1594
3838 2 3 2 25 0 2885 2708 3233
3839 2 3 2 25 0 2881 3180 1611
3840 2 3 2 25 0 2881 2709 3180
3841 2 3 2 25 0 2883 3178 1619
3842 2 3 2 25 0 2883 2710 3178
3843 2 3 2 25 0 2809 3069 1595
3844 2 3 2 25 0 2809 2712 3069
3845 2 3 2 25 0 2951 3202 1630
3846 2 3 2 25 0 2951 2714 3202
3847 2 3 2 25 0 2920 3271 1591
3848 2 3 2 25 0 2920 2714 3271
3849 2 3 2 25 0 2920 2715 3179
3850 2 3 2 25 0 2915 2715 3270
3851 2 3 2 25 0 2910 3187 1618
3852 2 3 2 25 0 2910 2716 3187
3853 2 3 2 25 0 2915 3175 1629
3854 2 3 2 25 0 2915 2717 3175
3855 2 3 2 25 0 2913 3265 1590
3856 2 3 2 25 0 2913 2717 3265
3857 2 3 2 25 0 2913 3174 1628
3858 2 3 2 25 0 2913 2718 3174
3859 2 3 2 25 0 2912 3264 1589
3860 2 3 2 25 0 2912 2718 3264
3861 2 3 2 25 0 2884 3210 1569
3862 2 3 2 25 0 2912 3173 1627
3863 2 3 2 25 0 2912 2719 3173
3864 2 3 2 25 0 2911 3263 1588
3865 2 3 2 25 0 2911 2719 3263
3866 2 3 2 25 0 2911 3172 1626
3867 2 3 2 25 0 2911 2720 3172
3868 2 3 2 25 0 2909 3262 1587
3869 2 3 2 25 0 2909 2720 3262
3870 2 3 2 25 0 2909 3171 1625
3871 2 3 2 25 0 2909 2721 3171
3872 2 3 2 25 0 2908 3261 1586
3873 2 3 2 25 0 2908 2721 3261
3874 2 3 2 25 0 2908 3170 1624
3875 2 3 2 25 0 2908 2723 3170
3876 2 3 2 25 0 2907 3259 1583
3877 2 3 2 25 0 2907 2723 3259
3878 2 3 2 25 0 2907 3168 1623
3879 2 3 2 25 0 2907 2724 3168
3880 2 3 2 25 0 2906 3257 1582
3881 2 3 2 25 0 2906 2724 3257
3882 2 3 2 25 0 2906 3165 1622
3883 2 3 2 25 0 2906 2725 3165
3884 2 3 2 25 0 2902 3253 1581
3885 2 3 2 25 0 2902 2725 3253
3886 2 3 2 25 0 2896 2726 3156
3887 2 3 2 25 0 2905 3260 1577
3888 2 3 2 25 0 2905 2726 3260
3889 2 3 2 25 0 2905 3169 1616
3890 2 3 2 25 0 2905 2727 3169
3891 2 3 2 25 0 2904 3258 1574
3892 2 3 2 25 0 2904 2727 3258
3893 2 3 2 25 0 2902 3163 1621
3894 2 3 2 25 0 2902 2728 3163
3895 2 3 2 25 0 2898 3249 1580
3896 2 3 2 25 0 2898 2728 3249
3897 2 3 2 25 0 2904 3167 1615
3898 2 3 2 25 0 2904 2729 3167
3899 2 3 2 25 0 2903 3256 1573
3900 2 3 2 25 0 2903 2729 3256
3901 2 3 2 25 0 2903 3166 1614
3902 2 3 2 25 0 2903 2730 3166
3903 2 3 2 25 0 2901 3252 1572
3904 2 3 2 25 0 2901 2730 3252
3905 2 3 2 25 0 2898 3157 1620
3906 2 3 2 25 0 2898 2731 3157
3907 2 3 2 25 0 2883 3232 1578
3908 2 3 2 25 0 2883 2731 3232
3909 2 3 2 25 0 2901 3164 1613
3910 2 3 2 25 0 2901 2732 3164
3911 2 3 2 25 0 2897 3248 1570
3912 2 3 2 25 0 2897 2732 3248
3913 2 3 2 25 0 2897 3158 1612
3914 2 3 2 25 0 2897 2733 3158
3915 2 3 2 25 0 2881 3231 1568
3916 2 3 2 25 0 2881 2733 3231
3917 2 3 2 25 0 2875 3081 133
3918 2 3 2 25 0 2875 2734 3081
3919 2 3 2 25 0 2855 2757 2016
3920 2 3 2 25 0 2734 2757 2855
3921 2 3 2 25 0 2784 2857 1900
3922 2 3 2 25 0 2784 2735 2857
3923 2 3 2 25 0 2896 3226 1579
3924 2 3 2 25 0 2785 2953 1472
3925 2 3 2 25 0 2785 2752 2953
3926 2 3 2 25 0 2974 2752 2984
3927 2 3 2 25 0 2885 3149 1607
3928 2 3 2 25 0 2885 2753 3149
3929 2 3 2 25 0 2916 3247 1593
3930 2 3 2 25 0 2916 2753 3247
3931 2 3 2 25 0 2916 3148 1609
3932 2 3 2 25 0 2916 2754 3148
3933 2 3 2 25 0 2951 3254 1592
3934 2 3 2 25 0 2951 2754 3254
3935 2 3 2 25 0 2787 3085 1606
3936 2 3 2 25 0 2787 2760 3085
3937 2 3 2 25 0 2812 2958 1526
3938 2 3 2 25 0 2812 2761 2958
3939 2 3 2 25 0 2818 3194 1987
3940 2 3 2 25 0 2818 2765 3194
3941 2 3 2 25 0 3066 2823 1356
3942 2 3 2 25 0 2766 2823 3066
3943 2 3 2 25 0 3092 3055 386
3944 2 3 2 25 0 2768 3055 3092
3945 2 3 2 25 0 2967 3117 1918
3946 2 3 2 25 0 2967 2771 3117
3947 2 3 2 25 0 2852 2961 1913
3948 2 3 2 25 0 2852 2774 2961
3949 2 3 2 25 0 3020 2966 1853
3950 2 3 2 25 0 2778 2966 3020
3951 2 3 2 25 0 3223 2993 1909
3952 2 3 2 25 0 2778 2993 3223
3953 2 3 2 25 0 3020 3074 1487
3954 2 3 2 25 0 3020 2780 3074
3955 2 3 2 25 0 2968 2874 1806
3956 2 3 2 25 0 2780 2874 2968
3957 2 3 2 25 0 3199 2899 1926
3958 2 3 2 25 0 2782 2899 3199
3959 2 3 2 25 0 3273 2796 1470
3960 2 3 2 25 0 2783 2796 3273
3961 2 3 2 25 0 2818 3018 1807
3962 2 3 2 25 0 2798 3022 3138
3963 2 3 2 25 0 2819 2998 1881
3964 2 3 2 25 0 2819 2805 2998
3965 2 3 2 25 0 2882 2860 1392
3966 2 3 2 25 0 2808 2860 2882
3967 2 3 2 25 0 3221 2866 1663
3968 2 3 2 25 0 2811 2866 3221
3969 2 3 2 25 0 3036 3190 1891
3970 2 3 2 25 0 2861 3012 1989
3971 2 3 2 25 0 3008 2868 2021
3972 2 3 2 25 0 2815 2868 3008
3973 2 3 2 25 0 3268 3228 1971
3974 2 3 2 25 0 2817 3228 3268
3975 2 3 2 25 0 3162 2991 1972
3976 2 3 2 25 0 2819 2991 3162
3977 2 3 2 25 0 2820 3002 3244
3978 2 3 2 25 0 2985 2984 1862
3979 2 3 2 25 0 2849 2984 2985
3980 2 3 2 25 0 3199 2987 1915
3981 2 3 2 25 0 2856 2987 3199
3982 2 3 2 25 0 2877 3014 1398
3983 2 3 2 25 0 2877 2864 3014
3984 2 3 2 25 0 3010 3062 1895
3985 2 3 2 25 0 3010 2867 3062
3986 2 3 2 25 0 3067 2989 1464
3987 2 3 2 25 0 2870 2989 3067
3988 2 3 2 25 0 3034 2927 1605
3989 2 3 2 25 0 2872 2927 3034
3990 2 3 2 25 0 3043 3031 1930
3991 2 3 2 25 0 3131 3229 1357
3992 2 3 2 25 0 3131 2888 3229
3993 2 3 2 25 0 3048 3052 1420
3994 2 3 2 25 0 3046 3152 1911
3995 2 3 2 25 0 3046 2922 3152
3996 2 3 2 25 0 2990 2973 1854
3997 2 3 2 25 0 2924 2973 2990
3998 2 3 2 25 0 3094 3131 1357
3999 2 3 2 25 0 3030 3057 1798
4000 2 3 2 25 0 3030 2959 3057
4001 2 3 2 25 0 3050 3053 1509
4002 2 3 2 25 0 3050 2960 3053
4003 2 3 2 25 0 3147 3068 1886
4004 2 3 2 25 0 3136 3090 1880
4005 2 3 2 25 0 3079 2997 3119
4006 2 3 2 25 0 2004 3001 1463
4007 2 3 2 25 0 3087 3059 1985
4008 2 3 2 25 0 3004 3059 3087
4009 2 3 2 25 0 3041 3146 1503
4010 2 3 2 25 0 3024 1464 1999
4011 2 3 2 25 0 3006 1464 3024
4012 2 3 2 25 0 3096 3160 1478
4013 2 3 2 25 0 116 3089 1534
4014 2 3 2 25 0 3186 3214 1925
4015 2 3 2 25 0 3186 3024 3214
4016 2 3 2 25 0 3120 3099 2154
4017 2 3 2 25 0 3031 3099 3120
4018 2 3 2 25 0 3246 3126 2011
4019 2 3 2 25 0 3041 3126 3246
4020 2 3 2 25 0 3183 3143 1934
4021 2 3 2 25 0 3053 3143 3183
4022 2 3 2 25 0 3150 3215 1922
4023 2 3 2 25 0 3150 3064 3215
4024 2 3 2 25 0 1932 3084 1941
4025 2 3 2 25 0 3220 3090 1878
4026 2 3 2 25 0 3077 3090 3220
4027 2 3 2 25 0 1971 3183 1934
4028 2 3 2 25 0 3198 3228 2198
4029 2 3 2 25 0 3124 1960 1995
4030 2 3 2 25 0 3277 3223 1909
4031 2 3 2 25 0 3143 3223 3277
4032 2 3 2 25 0 3155 3181 1398
4033 2 3 2 25 0 3155 3152 3181
4034 2 3 2 25 0 3269 3238 1467
4035 2 3 2 25 0 3153 3238 3269
4036 2 3 2 25 0 3005 207 206
4037 2 3 2 25 0 2138 189 1541
4038 2 3 2 25 0 1609 3148 2660
4039 2 3 2 25 0 2660 1784 1724
4040 2 3 2 25 0 2588 1784 2660
4041 2 3 2 25 0 2588 2660 3148
4042 2 3 2 25 0 1618 3187 2637
4043 2 3 2 25 0 2637 1772 1738
4044 2 3 2 25 0 2655 1773 1737
4045 2 3 2 25 0 1629 3175 2642
4046 2 3 2 25 0 1628 3174 2645
4047 2 3 2 25 0 2645 1761 1749
4048 2 3 2 25 0 1627 3173 2647
4049 2 3 2 25 0 2647 1763 1747
4050 2 3 2 25 0 1626 3172 2648
4051 2 3 2 25 0 2648 1764 1746
4052 2 3 2 25 0 1625 3171 2649
4053 2 3 2 25 0 2649 1765 1745
4054 2 3 2 25 0 1624 3170 2650
4055 2 3 2 25 0 2650 1766 1744
4056 2 3 2 25 0 1623 3168 2651
4057 2 3 2 25 0 2651 1767 1743
4058 2 3 2 25 0 1616 3169 2653
4059 2 3 2 25 0 2653 1775 1734
4060 2 3 2 25 0 1615 3167 2654
4061 2 3 2 25 0 2654 1776 1733
4062 2 3 2 25 0 2656 1774 1735
4063 2 3 2 25 0 1622 3165 2646
4064 2 3 2 25 0 2646 1768 1742
4065 2 3 2 25 0 1614 3166 2652
4066 2 3 2 25 0 2652 1777 1732
4067 2 3 2 25 0 1621 3163 2643
4068 2 3 2 25 0 2643 1769 1741
4069 2 3 2 25 0 1613 3164 2644
4070 2 3 2 25 0 2644 1779 1730
4071 2 3 2 25 0 1611 3180 2636
4072 2 3 2 25 0 2636 1778 1728
4073 2 3 2 25 0 1619 3178 2635
4074 2 3 2 25 0 2635 1771 1739
4075 2 3 2 25 0 1620 3157 2640
4076 2 3 2 25 0 2640 1770 1740
4077 2 3 2 25 0 1612 3158 2641
4078 2 3 2 25 0 2641 1780 1729
4079 2 3 2 25 0 1607 3149 2663
4080 2 3 2 25 0 2639 1762 1727
4081 2 3 2 25 0 1608 3106 2638
4082 2 3 2 25 0 2638 1756 1731
4083 2 3 2 25 0 1630 2659 2588
4084 2 3 2 25 0 1754 2588 1753
4085 2 3 2 25 0 2588 1754 1784
4086 2 3 2 25 0 2659 1753 2588
4087 2 3 2 25 0 1771 2637 1738
4088 2 3 2 25 0 1778 2639 1727
4089 2 3 2 25 0 1772 2655 1737
4090 2 3 2 25 0 1770 2635 1739
4091 2 3 2 25 0 1780 2636 1728
4092 2 3 2 25 0 1759 2642 1748
4093 2 3 2 25 0 1779 2641 1729
4094 2 3 2 25 0 1769 2640 1740
4095 2 3 2 25 0 1777 2644 1730
4096 2 3 2 25 0 1760 2645 1749
4097 2 3 2 25 0 1776 2652 1732
4098 2 3 2 25 0 1775 2654 1733
4099 2 3 2 25 0 1768 2643 1741
4100 2 3 2 25 0 1767 2646 1742
4101 2 3 2 25 0 1766 2651 1743
4102 2 3 2 25 0 1765 2650 1744
4103 2 3 2 25 0 1761 2647 1747
4104 2 3 2 25 0 1764 2649 1745
4105 2 3 2 25 0 1763 2648 1746
4106 2 3 2 25 0 1762 2638 1731
4107 2 3 2 25 0 1774 2653 1734
4108 2 3 2 25 0 1773 2656 1735
4109 2 3 2 25 0 3236 1975 1405
4110 2 3 2 25 0 2223 3236 1405
4111 2 3 2 25 0 3236 2223 1519
4112 2 3 2 25 0 1757 2660 1724
4113 2 3 2 25 0 1756 2626 1750
4114 2 3 2 25 0 2755 1736 1753
4115 2 3 2 25 0 2755 1759 1736
4116 2 3 2 25 0 1781 2663 1726
4117 2 3 2 25 0 1606 3085 2626
4118 2 3 2 25 0 2988 258 2236
4119 2 3 2 25 0 1782 2677 1725
4120 2 3 2 25 0 120 121 2007
4121 2 3 2 25 0 187 188 3107
4122 2 3 2 25 0 188 2138 3107
4123 2 3 2 25 0 1691 2683 2806
4124 2 3 2 25 0 2683 1833 2806
4125 2 3 2 25 0 3190 1463 3001
4126 2 3 2 25 0 1879 3190 3001
4127 2 3 2 25 0 3190 1879 1891
4128 2 3 2 25 0 388 387 1900
4129 2 3 2 25 0 2627 2196 388
4130 2 3 2 25 0 2196 389 388
4131 2 3 2 25 0 1900 2627 388
4132 2 3 2 25 0 1901 3075 2520
4133 2 3 2 25 0 3075 2010 2520
4134 2 3 2 25 0 2010 3075 1477
4135 2 3 2 25 0 3016 1461 2039
4136 2 3 2 25 0 464 463 2125
4137 2 3 2 25 0 2216 464 2125
4138 2 3 2 25 0 118 119 2817
4139 2 3 2 25 0 119 2198 2817
4140 2 3 2 25 0 1438 3196 3105
4141 2 3 2 25 0 3196 1809 3105
4142 2 3 2 25 0 256 2571 257
4143 2 3 2 25 0 257 2571 2236
4144 2 3 2 25 0 2671 287 286
4145 2 3 2 25 0 1477 3120 2154
4146 2 3 2 25 0 1477 3075 3120
4147 2 3 2 25 0 1930 3120 1901
4148 2 3 2 25 0 3075 1901 3120
4149 2 3 2 25 0 452 451 2116
4150 2 3 2 25 0 451 1544 2116
4151 2 3 2 25 0 1688 2394 2395
4152 2 3 2 25 0 2681 291 290
4153 2 3 2 25 0 399 398 2233
4154 2 3 2 25 0 3213 1538 399
4155 2 3 2 25 0 2233 3213 399
4156 2 3 2 25 0 116 117 3089
4157 2 3 2 25 0 2150 3089 117
4158 2 3 2 25 0 3242 293 292
4159 2 3 2 25 0 3115 2452 1874
4160 2 3 2 25 0 3010 130 131
4161 2 3 2 25 0 3010 1895 2531
4162 2 3 2 25 0 2154 3076 1477
4163 2 3 2 25 0 3076 2154 1475
4164 2 3 2 25 0 1413 264 263
4165 2 3 2 25 0 2153 3207 1548
4166 2 3 2 25 0 389 2196 2982
4167 2 3 2 25 0 389 2982 390
4168 2 3 2 25 0 1427 2632 1986
4169 2 3 2 25 0 2986 2632 1427
4170 2 3 2 25 0 2404 2632 2986
4171 2 3 2 25 0 3021 2474 1919
4172 2 3 2 25 0 2407 2474 3021
4173 2 3 2 25 0 1408 204 1543
4174 2 3 2 25 0 1408 3275 204
4175 2 3 2 25 0 203 1543 204
4176 2 3 2 25 0 3275 205 204
4177 2 3 2 25 0 1960 3195 1970
4178 2 3 2 25 0 3195 1960 3124
4179 2 3 2 25 0 3091 1953 2082
4180 2 3 2 25 0 2811 1785 2513
4181 2 3 2 25 0 2923 2083 1351
4182 2 3 2 25 0 2923 1561 2083
4183 2 3 2 25 0 1561 2923 2820
4184 2 3 2 25 0 3082 148 149
4185 2 3 2 25 0 3082 1945 2460
4186 2 3 2 25 0 2952 141 142
4187 2 3 2 25 0 3043 141 2952
4188 2 3 2 25 0 1908 3031 2952
4189 2 3 2 25 0 2952 3031 3043
4190 2 3 2 25 0 3119 1855 2965
4191 2 3 2 25 0 3276 400 1538
4192 2 3 2 25 0 3276 401 400
4193 2 3 2 25 0 1856 3036 2574
4194 2 3 2 25 0 3036 1666 2574
4195 2 3 2 25 0 2374 152 153
4196 2 3 2 25 0 3114 1873 1911
4197 2 3 2 25 0 2131 3114 3155
4198 2 3 2 25 0 3155 3114 1911
4199 2 3 2 25 0 1425 2562 2409
4200 2 3 2 25 0 2562 1790 2409
4201 2 3 2 25 0 1790 2562 1843
4202 2 3 2 25 0 3112 2602 1604
4203 2 3 2 25 0 3112 1785 2553
4204 2 3 2 25 0 3112 2553 2602
4205 2 3 2 25 0 2584 1986 2423
4206 2 3 2 25 0 1986 2584 1427
4207 2 3 2 25 0 1758 3012 1350
4208 2 3 2 25 0 3012 1758 2471
4209 2 3 2 25 0 1989 3012 2471
4210 2 3 2 25 0 2086 2074 2922
4211 2 3 2 25 0 2086 2922 2157
4212 2 3 2 25 0 2157 2922 3144
4213 2 3 2 25 0 2988 2132 259
4214 2 3 2 25 0 2132 2988 2019
4215 2 3 2 25 0 259 258 2988
4216 2 3 2 25 0 1478 3160 3049
4217 2 3 2 25 0 3049 1928 1944
4218 2 3 2 25 0 3243 1928 3049
4219 2 3 2 25 0 3049 3160 3243
4220 2 3 2 25 0 3243 2017 1928
4221 2 3 2 25 0 3091 2017 3243
4222 2 3 2 25 0 3243 3208 3091
4223 2 3 2 25 0 1440 2494 1439
4224 2 3 2 25 0 2494 1440 1441
4225 2 3 2 25 0 2498 1439 2494
4226 2 3 2 25 0 1400 3123 1929
4227 2 3 2 25 0 3123 1400 1959
4228 2 3 2 25 0 1861 3009 3123
4229 2 3 2 25 0 3009 1929 3123
4230 2 3 2 25 0 3239 3212 1841
4231 2 3 2 25 0 2037 3212 2892
4232 2 3 2 25 0 3212 2037 1422
4233 2 3 2 25 0 2892 3212 3239
4234 2 3 2 25 0 110 111 1414
4235 2 3 2 25 0 111 1557 1414
4236 2 3 2 25 0 3274 1421 2969
4237 2 3 2 25 0 3274 1927 1954
4238 2 3 2 25 0 3274 3128 1927
4239 2 3 2 25 0 2969 3128 3274
4240 2 3 2 25 0 3213 2212 1538
4241 2 3 2 25 0 2212 3213 2151
4242 2 3 2 25 0 2233 1524 3213
4243 2 3 2 25 0 3213 1524 2151
4244 2 3 2 25 0 2072 3230 1549
4245 2 3 2 25 0 3230 2072 2070
4246 2 3 2 25 0 3230 2126 1549
4247 2 3 2 25 0 3099 1475 2154
4248 2 3 2 25 0 1356 3110 2038
4249 2 3 2 25 0 3110 1356 2823
4250 2 3 2 25 0 3122 1796 2975
4251 2 3 2 25 0 1876 3122 2975
4252 2 3 2 25 0 3122 1876 1946
4253 2 3 2 25 0 2232 2204 1527
4254 2 3 2 25 0 2218 2232 1527
4255 2 3 2 25 0 2204 2232 2225
4256 2 3 2 25 0 2211 2225 2232
4257 2 3 2 25 0 2863 1808 1872
4258 2 3 2 25 0 2863 3113 1808
4259 2 3 2 25 0 2863 1889 2775
4260 2 3 2 25 0 2863 2775 3113
4261 2 3 2 25 0 1958 3273 1470
4262 2 3 2 25 0 3136 1835 1402
4263 2 3 2 25 0 3136 3142 1835
4264 2 3 2 25 0 3136 1880 2694
4265 2 3 2 25 0 3136 2694 3142
4266 2 3 2 25 0 3019 1486 2002
4267 2 3 2 25 0 3059 1486 3019
4268 2 3 2 25 0 1956 3189 2045
4269 2 3 2 25 0 126 127 2425
4270 2 3 2 25 0 2140 126 2425
4271 2 3 2 25 0 1496 2773 2130
4272 2 3 2 25 0 3044 2773 1496
4273 2 3 2 25 0 2554 2773 3044
4274 2 3 2 25 0 3032 2025 1402
4275 2 3 2 25 0 2025 3032 1975
4276 2 3 2 25 0 2157 2213 3032
4277 2 3 2 25 0 3032 2213 1975
4278 2 3 2 25 0 3251 1954 1942
4279 2 3 2 25 0 3274 1954 3251
4280 2 3 2 25 0 3251 2037 1421
4281 2 3 2 25 0 1421 3274 3251
4282 2 3 2 25 0 2619 1783 1668
4283 2 3 2 25 0 2700 1783 2619
4284 2 3 2 25 0 2619 2575 2700
4285 2 3 2 25 0 454 453 2972
4286 2 3 2 25 0 2707 1352 2763
4287 2 3 2 25 0 1884 2763 1931
4288 2 3 2 25 0 1884 2795 2763
4289 2 3 2 25 0 2707 2763 2795
4290 2 3 2 25 0 1486 3141 2002
4291 2 3 2 25 0 1486 3068 3141
4292 2 3 2 25 0 3141 3068 3147
4293 2 3 2 25 0 3111 2803 1990
4294 2 3 2 25 0 3111 2130 2773
4295 2 3 2 25 0 2130 3111 1501
4296 2 3 2 25 0 2773 2803 3111
4297 2 3 2 25 0 2570 1697 1694
4298 2 3 2 25 0 2927 2675 1605
4299 2 3 2 25 0 2675 1752 1751
4300 2 3 2 25 0 3070 1949 1843
4301 2 3 2 25 0 1949 3070 1431
4302 2 3 2 25 0 2866 1431 3070
4303 2 3 2 25 0 2607 1832 2405
4304 2 3 2 25 0 1905 2607 2405
4305 2 3 2 25 0 2607 1905 1497
4306 2 3 2 25 0 3185 2044 1576
4307 2 3 2 25 0 3023 1402 2025
4308 2 3 2 25 0 3136 1402 3023
4309 2 3 2 25 0 1878 3090 3023
4310 2 3 2 25 0 3023 3090 3136
4311 2 3 2 25 0 1661 2759 2596
4312 2 3 2 25 0 2608 2596 2759
4313 2 3 2 25 0 2208 2231 1395
4314 2 3 2 25 0 3224 2130 1873
4315 2 3 2 25 0 2130 3224 1496
4316 2 3 2 25 0 2592 1442 1443
4317 2 3 2 25 0 1847 3205 3039
4318 2 3 2 25 0 3039 1993 1480
4319 2 3 2 25 0 2871 2657 1897
4320 2 3 2 25 0 2871 1898 2585
4321 2 3 2 25 0 2585 2657 2871
4322 2 3 2 25 0 3139 1915 2987
4323 2 3 2 25 0 3139 3204 1933
4324 2 3 2 25 0 3139 2987 3204
4325 2 3 2 25 0 1847 3001 2713
4326 2 3 2 25 0 3001 2004 2713
4327 2 3 2 25 0 1849 3047 3014
4328 2 3 2 25 0 3014 2131 1398
4329 2 3 2 25 0 2522 1456 1457
4330 2 3 2 25 0 2527 1457 1458
4331 2 3 2 25 0 2522 1457 2527
4332 2 3 2 25 0 2527 1458 2530
4333 2 3 2 25 0 1814 2442 1802
4334 2 3 2 25 0 1814 2457 2442
4335 2 3 2 25 0 3078 1997 1952
4336 2 3 2 25 0 1997 3078 1936
4337 2 3 2 25 0 3118 1936 3078
4338 2 3 2 25 0 2430 2917 1907
4339 2 3 2 25 0 2917 2032 1428
4340 2 3 2 25 0 2430 2404 2917
4341 2 3 2 25 0 2992 2006 1870
4342 2 3 2 25 0 3198 2007 1509
4343 2 3 2 25 0 2007 3198 120
4344 2 3 2 25 0 3198 2198 120
4345 2 3 2 25 0 3269 1467 3060
4346 2 3 2 25 0 1965 3269 3060
4347 2 3 2 25 0 3269 1965 1966
4348 2 3 2 25 0 3124 1943 3011
4349 2 3 2 25 0 1943 3124 1995
4350 2 3 2 25 0 3204 1389 3129
4351 2 3 2 25 0 1933 3204 3129
4352 2 3 2 25 0 3185 1569 2047
4353 2 3 2 25 0 1976 3193 3078
4354 2 3 2 25 0 3193 1976 1927
4355 2 3 2 25 0 1549 2126 3121
4356 2 3 2 25 0 1475 3122 1946
4357 2 3 2 25 0 3122 3100 1796
4358 2 3 2 25 0 2892 1421 2037
4359 2 3 2 25 0 2925 1421 2892
4360 2 3 2 25 0 1831 3079 2892
4361 2 3 2 25 0 2925 2892 3079
4362 2 3 2 25 0 2807 1751 1752
4363 2 3 2 25 0 3061 3047 1870
4364 2 3 2 25 0 2131 3061 1429
4365 2 3 2 25 0 3061 2131 3014
4366 2 3 2 25 0 3061 3014 3047
4367 2 3 2 25 0 2148 2160 2238
4368 2 3 2 25 0 2215 2238 2160
4369 2 3 2 25 0 2018 3133 2782
4370 2 3 2 25 0 3177 2078 1554
4371 2 3 2 25 0 2078 3177 1950
4372 2 3 2 25 0 1560 3177 1554
4373 2 3 2 25 0 2115 3005 1505
4374 2 3 2 25 0 2023 3005 2115
4375 2 3 2 25 0 3084 1932 2028
4376 2 3 2 25 0 3084 2028 3195
4377 2 3 2 25 0 2895 1692 1691
4378 2 3 2 25 0 1691 2806 2895
4379 2 3 2 25 0 2806 1810 2895
4380 2 3 2 25 0 3267 1472 2953
4381 2 3 2 25 0 3267 1925 1991
4382 2 3 2 25 0 3267 3186 1925
4383 2 3 2 25 0 3267 2953 3186
4384 2 3 2 25 0 3071 3130 1883
4385 2 3 2 25 0 1969 3130 2957
4386 2 3 2 25 0 3130 1969 1516
4387 2 3 2 25 0 2957 3130 3071
4388 2 3 2 25 0 1546 2226 2240
4389 2 3 2 25 0 2164 2240 2226
4390 2 3 2 25 0 3038 1786 2518
4391 2 3 2 25 0 3038 2766 2018
4392 2 3 2 25 0 3038 2518 2766
4393 2 3 2 25 0 3013 1430 2981
4394 2 3 2 25 0 1843 2981 1790
4395 2 3 2 25 0 1949 3013 2981
4396 2 3 2 25 0 2981 1843 1949
4397 2 3 2 25 0 1350 3012 3083
4398 2 3 2 25 0 2861 1898 3083
4399 2 3 2 25 0 2861 3083 3012
4400 2 3 2 25 0 1517 3102 1952
4401 2 3 2 25 0 3102 1517 3121
4402 2 3 2 25 0 2126 3102 3121
4403 2 3 2 25 0 2849 1939 2567
4404 2 3 2 25 0 1939 2849 1476
4405 2 3 2 25 0 2849 2567 3040
4406 2 3 2 25 0 3241 1493 1963
4407 2 3 2 25 0 1493 3241 2793
4408 2 3 2 25 0 2862 3241 1887
4409 2 3 2 25 0 2862 2793 3241
4410 2 3 2 25 0 2764 1846 2891
4411 2 3 2 25 0 2764 2891 2797
4412 2 3 2 25 0 3110 1597 2038
4413 2 3 2 25 0 1597 3110 2777
4414 2 3 2 25 0 2777 3110 3027
4415 2 3 2 25 0 1358 3229 1692
4416 2 3 2 25 0 3229 1358 1357
4417 2 3 2 25 0 3229 1691 1692
4418 2 3 2 25 0 1978 3245 1502
4419 2 3 2 25 0 2166 3245 1961
4420 2 3 2 25 0 3245 2166 1502
4421 2 3 2 25 0 1548 3207 2034
4422 2 3 2 25 0 3207 1884 2034
4423 2 3 2 25 0 1513 2161 2224
4424 2 3 2 25 0 2192 1513 2224
4425 2 3 2 25 0 2192 2224 1562
4426 2 3 2 25 0 2750 1829 1828
4427 2 3 2 25 0 2751 1712 1713
4428 2 3 2 25 0 2749 1712 2751
4429 2 3 2 25 0 2751 1828 1827
4430 2 3 2 25 0 1827 2749 2751
4431 2 3 2 25 0 2749 1711 1712
4432 2 3 2 25 0 2748 1711 2749
4433 2 3 2 25 0 2749 1827 1826
4434 2 3 2 25 0 1826 2748 2749
4435 2 3 2 25 0 2748 1710 1711
4436 2 3 2 25 0 2747 1710 2748
4437 2 3 2 25 0 2748 1826 1825
4438 2 3 2 25 0 1825 2747 2748
4439 2 3 2 25 0 2747 1709 1710
4440 2 3 2 25 0 2746 1709 2747
4441 2 3 2 25 0 2747 1825 1824
4442 2 3 2 25 0 1824 2746 2747
4443 2 3 2 25 0 2746 1708 1709
4444 2 3 2 25 0 2745 1708 2746
4445 2 3 2 25 0 2746 1824 1823
4446 2 3 2 25 0 1823 2745 2746
4447 2 3 2 25 0 2745 1707 1708
4448 2 3 2 25 0 2744 1707 2745
4449 2 3 2 25 0 2745 1823 1822
4450 2 3 2 25 0 1822 2744 2745
4451 2 3 2 25 0 2744 1706 1707
4452 2 3 2 25 0 2743 1706 2744
4453 2 3 2 25 0 2744 1822 1821
4454 2 3 2 25 0 1821 2743 2744
4455 2 3 2 25 0 2743 1705 1706
4456 2 3 2 25 0 2742 1705 2743
4457 2 3 2 25 0 2743 1821 1820
4458 2 3 2 25 0 1820 2742 2743
4459 2 3 2 25 0 2742 1704 1705
4460 2 3 2 25 0 2741 1704 2742
4461 2 3 2 25 0 2742 1820 1818
4462 2 3 2 25 0 1818 2741 2742
4463 2 3 2 25 0 2741 1703 1704
4464 2 3 2 25 0 2740 1703 2741
4465 2 3 2 25 0 2740 1702 1703
4466 2 3 2 25 0 2739 1702 2740
4467 2 3 2 25 0 2739 1701 1702
4468 2 3 2 25 0 2738 1701 2739
4469 2 3 2 25 0 2738 1700 1701
4470 2 3 2 25 0 2737 1700 2738
4471 2 3 2 25 0 2737 1698 1700
4472 2 3 2 25 0 2736 1698 2737
4473 2 3 2 25 0 1397 3074 1903
4474 2 3 2 25 0 3074 1397 2088
4475 2 3 2 25 0 2088 1487 3074
4476 2 3 2 25 0 1863 3018 3159
4477 2 3 2 25 0 3159 1987 1473
4478 2 3 2 25 0 2818 1987 3159
4479 2 3 2 25 0 2818 3159 3018
4480 2 3 2 25 0 2587 2032 2420
4481 2 3 2 25 0 2032 2587 1428
4482 2 3 2 25 0 2587 2420 2485
4483 2 3 2 25 0 2203 2234 2235
4484 2 3 2 25 0 3065 2972 1491
4485 2 3 2 25 0 2078 3246 2011
4486 2 3 2 25 0 1667 2770 2850
4487 2 3 2 25 0 2850 1814 1802
4488 2 3 2 25 0 2790 1814 2850
4489 2 3 2 25 0 2850 2770 2790
4490 2 3 2 25 0 1560 3218 3189
4491 2 3 2 25 0 2142 2045 3189
4492 2 3 2 25 0 3218 2142 3189
4493 2 3 2 25 0 1985 2893 250
4494 2 3 2 25 0 3059 2893 1985
4495 2 3 2 25 0 3019 2893 3059
4496 2 3 2 25 0 3135 1809 2781
4497 2 3 2 25 0 2085 3109 2519
4498 2 3 2 25 0 3272 2085 2519
4499 2 3 2 25 0 3080 2519 3109
4500 2 3 2 25 0 1951 3192 1920
4501 2 3 2 25 0 1597 3219 2038
4502 2 3 2 25 0 3219 1597 2786
4503 2 3 2 25 0 2786 2815 3219
4504 2 3 2 25 0 2736 1696 1698
4505 2 3 2 25 0 2756 1696 2736
4506 2 3 2 25 0 1815 2756 2736
4507 2 3 2 25 0 1362 3222 3151
4508 2 3 2 25 0 3222 1694 3151
4509 2 3 2 25 0 1694 3222 1695
4510 2 3 2 25 0 3108 1972 1391
4511 2 3 2 25 0 1972 3108 2011
4512 2 3 2 25 0 2158 3108 1391
4513 2 3 2 25 0 1786 3088 2458
4514 2 3 2 25 0 3088 2024 2458
4515 2 3 2 25 0 2024 3088 3237
4516 2 3 2 25 0 1571 3028 2009
4517 2 3 2 25 0 3034 3028 1571
4518 2 3 2 25 0 1576 3028 2760
4519 2 3 2 25 0 2760 3028 3034
4520 2 3 2 25 0 2918 1469 2495
4521 2 3 2 25 0 2918 1883 1929
4522 2 3 2 25 0 2918 3071 1883
4523 2 3 2 25 0 2918 2495 3071
4524 2 3 2 25 0 3005 3182 207
4525 2 3 2 25 0 2192 3182 2023
4526 2 3 2 25 0 3182 3005 2023
4527 2 3 2 25 0 1453 2396 3073
4528 2 3 2 25 0 3184 3119 2965
4529 2 3 2 25 0 2792 1889 2795
4530 2 3 2 25 0 1936 3118 2795
4531 2 3 2 25 0 2792 2795 3118
4532 2 3 2 25 0 3054 3205 1839
4533 2 3 2 25 0 3054 1993 3039
4534 2 3 2 25 0 3054 3039 3205
4535 2 3 2 25 0 2563 1939 1476
4536 2 3 2 25 0 2779 1939 2563
4537 2 3 2 25 0 2563 2531 2779
4538 2 3 2 25 0 3132 1423 2569
4539 2 3 2 25 0 3132 3125 1838
4540 2 3 2 25 0 3132 2569 3125
4541 2 3 2 25 0 1666 3036 1891
4542 2 3 2 25 0 1385 3234 1693
4543 2 3 2 25 0 3234 1385 1384
4544 2 3 2 25 0 1696 3234 1384
4545 2 3 2 25 0 3222 3063 1695
4546 2 3 2 25 0 2021 2633 1968
4547 2 3 2 25 0 2021 2684 2633
4548 2 3 2 25 0 2976 2029 2633
4549 2 3 2 25 0 2633 2684 2976
4550 2 3 2 25 0 1501 3046 1873
4551 2 3 2 25 0 3046 1501 1979
4552 2 3 2 25 0 3046 1911 1873
4553 2 3 2 25 0 3103 1361 1360
4554 2 3 2 25 0 1463 3016 2039
4555 2 3 2 25 0 1463 3190 3016
4556 2 3 2 25 0 3036 1856 3016
4557 2 3 2 25 0 3036 3016 3190
4558 2 3 2 25 0 2123 3000 1982
4559 2 3 2 25 0 3198 1509 3183
4560 2 3 2 25 0 1971 3228 3183
4561 2 3 2 25 0 3198 3183 3228
4562 2 3 2 25 0 1803 2598 2701
4563 2 3 2 25 0 2016 2701 1471
4564 2 3 2 25 0 2701 2016 1465
4565 2 3 2 25 0 2598 1471 2701
4566 2 3 2 25 0 1386 2971 2009
4567 2 3 2 25 0 3250 2971 1386
4568 2 3 2 25 0 1387 2971 2620
4569 2 3 2 25 0 2620 2971 3250
4570 2 3 2 25 0 3007 1468 2013
4571 2 3 2 25 0 3007 3194 1468
4572 2 3 2 25 0 3007 1921 2568
4573 2 3 2 25 0 3007 2568 3194
4574 2 3 2 25 0 1860 2858 2465
4575 2 3 2 25 0 1896 2858 1787
4576 2 3 2 25 0 2613 2858 1896
4577 2 3 2 25 0 2613 2465 2858
4578 2 3 2 25 0 3101 3250 1386
4579 2 3 2 25 0 3101 1693 2770
4580 2 3 2 25 0 1693 3101 1385
4581 2 3 2 25 0 3101 2770 3250
4582 2 3 2 25 0 3278 1409 1555
4583 2 3 2 25 0 3278 1556 1409
4584 2 3 2 25 0 1532 3278 1555
4585 2 3 2 25 0 1532 2190 3278
4586 2 3 2 25 0 2757 1465 2016
4587 2 3 2 25 0 2757 2617 1465
4588 2 3 2 25 0 2757 1919 2474
4589 2 3 2 25 0 2757 2474 2617
4590 2 3 2 25 0 1967 3080 2851
4591 2 3 2 25 0 2149 3080 1394
4592 2 3 2 25 0 3275 206 205
4593 2 3 2 25 0 3005 3275 1505
4594 2 3 2 25 0 3275 3005 206
4595 2 3 2 25 0 2979 2120 1885
4596 2 3 2 25 0 2085 2979 1885
4597 2 3 2 25 0 2027 2979 1886
4598 2 3 2 25 0 2027 2120 2979
4599 2 3 2 25 0 1492 2219 1988
4600 2 3 2 25 0 2219 1527 1988
4601 2 3 2 25 0 2218 1527 2219
4602 2 3 2 25 0 3197 1896 1787
4603 2 3 2 25 0 3215 1896 3197
4604 2 3 2 25 0 3280 2580 1658
4605 2 3 2 25 0 1426 3285 3279
4606 2 3 2 25 0 2410 3286 1660
4607 2 3 2 25 0 2681 3287 291
4608 2 3 2 25 0 381 3290 382
4609 2 3 2 25 0 3291 2810 3284
4610 2 3 2 25 0 3339 2847 3319
4611 2 3 2 25 0 3340 2829 3338
4612 2 3 2 25 0 2825 3341 3321
4613 2 3 2 25 0 3346 2822 3314
4614 2 3 2 25 0 2821 3347 3344
4615 2 3 2 25 0 3348 2828 3337
4616 2 3 2 25 0 3349 2844 3343
4617 2 3 2 25 0 3350 2834 3334
4618 2 3 2 25 0 3351 2833 3336
4619 2 3 2 25 0 3352 2835 3333
4620 2 3 2 25 0 3353 2832 3335
4621 2 3 2 25 0 3354 2831 3324
4622 2 3 2 25 0 3355 2836 3332
4623 2 3 2 25 0 3356 2837 3331
4624 2 3 2 25 0 3357 2838 3329
4625 2 3 2 25 0 3358 2839 3328
4626 2 3 2 25 0 3359 2840 3327
4627 2 3 2 25 0 3360 2841 3326
4628 2 3 2 25 0 3361 2830 3315
4629 2 3 2 25 0 3362 2842 3325
4630 2 3 2 25 0 3363 2826 3345
4631 2 3 2 25 0 3364 2827 3323
4632 2 3 2 25 0 3365 2845 3310
4633 2 3 2 25 0 2352 3366 3282
4634 2 3 2 25 0 2410 3366 3286
4635 2 3 2 25 0 3367 2824 3330
4636 2 3 2 25 0 3368 2843 3320
4637 2 3 2 25 0 2243 3371 2353
4638 2 3 2 25 0 3372 2272 3286
4639 2 3 2 25 0 3372 2352 3290
4640 2 3 2 25 0 3374 2580 3280
4641 2 3 2 25 0 1690 3378 2814
4642 2 3 2 25 0 2268 3381 3284
4643 2 3 2 25 0 2428 3386 3342
4644 2 3 2 25 0 2264 3387 3314
4645 2 3 2 25 0 3388 2245 3321
4646 2 3 2 25 0 2266 3389 3330
4647 2 3 2 25 0 2252 3390 3338
4648 2 3 2 25 0 2246 3391 3315
4649 2 3 2 25 0 2269 3392 3345
4650 2 3 2 25 0 2263 3393 3337
4651 2 3 2 25 0 2247 3394 3324
4652 2 3 2 25 0 2265 3395 3323
4653 2 3 2 25 0 2251 3396 3333
4654 2 3 2 25 0 2253 3397 3332
4655 2 3 2 25 0 2254 3398 3331
4656 2 3 2 25 0 2255 3399 3329
4657 2 3 2 25 0 2256 3400 3328
4658 2 3 2 25 0 2257 3401 3327
4659 2 3 2 25 0 2258 3402 3326
4660 2 3 2 25 0 2259 3403 3325
4661 2 3 2 25 0 2248 3404 3335
4662 2 3 2 25 0 2250 3405 3334
4663 2 3 2 25 0 2249 3406 3336
4664 2 3 2 25 0 2260 3407 3319
4665 2 3 2 25 0 2244 3408 3310
4666 2 3 2 25 0 2262 3409 3343
4667 2 3 2 25 0 2261 3410 3320
4668 2 3 2 25 0 3413 1799 3385
4669 2 3 2 25 0 3414 2283 2313
4670 2 3 2 25 0 2428 3416 3386
4671 2 3 2 25 0 2287 3419 2411
4672 2 3 2 25 0 2270 3420 3280
4673 2 3 2 25 0 3421 1599 3371
4674 2 3 2 25 0 3422 2308 2315
4675 2 3 2 25 0 3423 2300 2317
4676 2 3 2 25 0 3424 2286 2314
4677 2 3 2 25 0 3425 2309 2319
4678 2 3 2 25 0 3426 2307 2321
4679 2 3 2 25 0 3428 2306 2322
4680 2 3 2 25 0 3429 2305 2323
4681 2 3 2 25 0 3430 2303 2325
4682 2 3 2 25 0 3431 2302 2326
4683 2 3 2 25 0 3432 2301 2327
4684 2 3 2 25 0 3433 2294 2332
4685 2 3 2 25 0 3434 2299 2329
4686 2 3 2 25 0 3435 2293 2328
4687 2 3 2 25 0 3436 2292 2324
4688 2 3 2 25 0 3437 2296 2320
4689 2 3 2 25 0 3438 2310 2331
4690 2 3 2 25 0 3439 2304 2336
4691 2 3 2 25 0 3440 2298 2335
4692 2 3 2 25 0 3441 2295 2334
4693 2 3 2 25 0 3442 2297 2333
4694 2 3 2 25 0 3443 2290 2337
4695 2 3 2 25 0 3444 2291 2330
4696 2 3 2 25 0 2526 3445 2517
4697 2 3 2 25 0 3445 1830 2517
4698 2 3 2 25 0 3446 2312 2318
4699 2 3 2 25 0 1673 3447 2276
4700 2 3 2 25 0 1426 3448 3285
4701 2 3 2 25 0 3450 2280 3279
4702 2 3 2 25 0 2241 3450 3279
4703 2 3 2 25 0 3451 2288 2338
4704 2 3 2 25 0 2241 3453 3450
4705 2 3 2 25 0 2428 3456 3416
4706 2 3 2 25 0 3457 1690 2814
4707 2 3 2 25 0 3461 1426 3376
4708 2 3 2 25 0 1426 3461 3448
4709 2 3 2 25 0 3463 2279 3378
4710 2 3 2 25 0 3466 1426 3279
4711 2 3 2 25 0 2280 3466 3279
4712 2 3 2 25 0 1426 3466 3384
4713 2 3 2 25 0 1418 3467 2555
4714 2 3 2 25 0 3469 1599 3375
4715 2 3 2 25 0 3469 2280 3450
4716 2 3 2 25 0 1671 3472 2416
4717 2 3 2 25 0 3473 2570 1694
4718 2 3 2 25 0 2570 3473 3095
4719 2 3 2 25 0 1716 3475 2814
4720 2 3 2 25 0 1690 3477 3378
4721 2 3 2 25 0 3477 1690 3377
4722 2 3 2 25 0 2372 3478 2476
4723 2 3 2 25 0 3478 2372 2443
4724 2 3 2 25 0 1599 3479 3371
4725 2 3 2 25 0 3479 2353 3371
4726 2 3 2 25 0 3479 1599 3453
4727 2 3 2 25 0 1443 3481 2354
4728 2 3 2 25 0 2242 3486 3374
4729 2 3 2 25 0 3488 2391 2463
4730 2 3 2 25 0 3489 1686 1688
4731 2 3 2 25 0 3489 2395 2389
4732 2 3 2 25 0 2395 3489 1688
4733 2 3 2 25 0 3490 2024 1461
4734 2 3 2 25 0 3016 3490 1461
4735 2 3 2 25 0 2681 3492 3287
4736 2 3 2 25 0 3493 1675 1676
4737 2 3 2 25 0 3494 2275 1945
4738 2 3 2 25 0 3082 3494 1945
4739 2 3 2 25 0 2275 3494 2402
4740 2 3 2 25 0 2854 3495 2140
4741 2 3 2 25 0 3496 1716 2814
4742 2 3 2 25 0 2285 3497 2273
4743 2 3 2 25 0 2449 3498 1836
4744 2 3 2 25 0 3498 2671 1836
4745 2 3 2 25 0 3500 1671 2416
4746 2 3 2 25 0 2452 3500 2416
4747 2 3 2 25 0 1671 3500 3282
4748 2 3 2 25 0 2199 3501 1408
4749 2 3 2 25 0 3501 3275 1408
4750 2 3 2 25 0 3501 2199 2127
4751 2 3 2 25 0 2287 3504 2278
4752 2 3 2 25 0 3506 1860 2465
4753 2 3 2 25 0 2146 3507 1432
4754 2 3 2 25 0 2513 3507 2811
4755 2 3 2 25 0 3508 2288 3451
4756 2 3 2 25 0 3510 2291 3444
4757 2 3 2 25 0 1418 3511 3467
4758 2 3 2 25 0 3512 2354 2355
4759 2 3 2 25 0 2354 3512 1443
4760 2 3 2 25 0 287 3513 288
4761 2 3 2 25 0 3515 2677 1782
4762 2 3 2 25 0 3515 3112 2963
4763 2 3 2 25 0 3112 3515 1782
4764 2 3 2 25 0 2677 3515 2963
4765 2 3 2 25 0 3516 2241 3279
4766 2 3 2 25 0 2241 3516 3379
4767 2 3 2 25 0 3517 2681 3342
4768 2 3 2 25 0 2609 3518 2528
4769 2 3 2 25 0 3519 1799 3413
4770 2 3 2 25 0 3520 1916 2886
4771 2 3 2 25 0 3521 2373 1792
4772 2 3 2 25 0 1456 3523 3465
4773 2 3 2 25 0 3524 2290 3443
4774 2 3 2 25 0 2377 3525 3519
4775 2 3 2 25 0 3525 1799 3519
4776 2 3 2 25 0 3526 2276 3447
4777 2 3 2 25 0 3527 2286 3424
4778 2 3 2 25 0 3528 2312 3446
4779 2 3 2 25 0 3529 2300 3423
4780 2 3 2 25 0 3530 2596 1752
4781 2 3 2 25 0 3530 2675 2927
4782 2 3 2 25 0 2675 3530 1752
4783 2 3 2 25 0 3531 2292 3436
4784 2 3 2 25 0 3532 2297 3442
4785 2 3 2 25 0 3533 2298 3440
4786 2 3 2 25 0 3534 2293 3435
4787 2 3 2 25 0 3535 2295 3441
4788 2 3 2 25 0 3536 2299 3434
4789 2 3 2 25 0 3537 2296 3437
4790 2 3 2 25 0 3538 2304 3439
4791 2 3 2 25 0 3539 2294 3433
4792 2 3 2 25 0 3540 2301 3432
4793 2 3 2 25 0 3541 2302 3431
4794 2 3 2 25 0 3542 2303 3430
4795 2 3 2 25 0 3543 2310 3438
4796 2 3 2 25 0 3544 2305 3429
4797 2 3 2 25 0 3545 2274 3285
4798 2 3 2 25 0 3545 2373 3521
4799 2 3 2 25 0 2274 3545 3521
4800 2 3 2 25 0 3546 2306 3428
4801 2 3 2 25 0 3547 2307 3426
4802 2 3 2 25 0 3548 2309 3425
4803 2 3 2 25 0 3549 2308 3422
4804 2 3 2 25 0 3550 1671 3282
4805 2 3 2 25 0 1671 3550 3415
4806 2 3 2 25 0 2571 3551 1832
4807 2 3 2 25 0 3551 2609 1832
4808 2 3 2 25 0 3551 2571 256
4809 2 3 2 25 0 2373 3555 2435
4810 2 3 2 25 0 3555 2399 2435
4811 2 3 2 25 0 3555 2373 3448
4812 2 3 2 25 0 3556 2282 3458
4813 2 3 2 25 0 1449 3558 1448
4814 2 3 2 25 0 3558 1449 2524
4815 2 3 2 25 0 1450 3559 1449
4816 2 3 2 25 0 3559 2524 1449
4817 2 3 2 25 0 3559 1450 2523
4818 2 3 2 25 0 1448 3560 1447
4819 2 3 2 25 0 1447 3561 1446
4820 2 3 2 25 0 1451 3562 1450
4821 2 3 2 25 0 3562 2523 1450
4822 2 3 2 25 0 3563 2663 1781
4823 2 3 2 25 0 3563 2677 3093
4824 2 3 2 25 0 1446 3564 1445
4825 2 3 2 25 0 1452 3565 1451
4826 2 3 2 25 0 1445 3566 1444
4827 2 3 2 25 0 3566 2525 1444
4828 2 3 2 25 0 3567 2289 3482
4829 2 3 2 25 0 1993 3568 1480
4830 2 3 2 25 0 3569 2281 3384
4831 2 3 2 25 0 2592 3571 2517
4832 2 3 2 25 0 3571 2592 1443
4833 2 3 2 25 0 3573 2243 3417
4834 2 3 2 25 0 3575 3227 1433
4835 2 3 2 25 0 1455 3576 1454
4836 2 3 2 25 0 3578 2645 1760
4837 2 3 2 25 0 3578 2642 3175
4838 2 3 2 25 0 3587 2275 2402
4839 2 3 2 25 0 3590 2283 3414
4840 2 3 2 25 0 3591 2521 1817
4841 2 3 2 25 0 3242 3592 3380
4842 2 3 2 25 0 3593 2807 1752
4843 2 3 2 25 0 2807 3593 1433
4844 2 3 2 25 0 3594 2352 3468
4845 2 3 2 25 0 3595 2956 1434
4846 2 3 2 25 0 3604 2526 2517
4847 2 3 2 25 0 2398 3606 2544
4848 2 3 2 25 0 1690 3607 3377
4849 2 3 2 25 0 3615 1546 1524
4850 2 3 2 25 0 1546 3615 2226
4851 2 3 2 25 0 1716 3617 2388
4852 2 3 2 25 0 3617 2422 2388
4853 2 3 2 25 0 3617 1716 3496
4854 2 3 2 25 0 3618 2675 1751
4855 2 3 2 25 0 3618 2626 3085
4856 2 3 2 25 0 3621 2522 1816
4857 2 3 2 25 0 3621 1817 2521
4858 2 3 2 25 0 3038 3622 3088
4859 2 3 2 25 0 3623 1699 1697
4860 2 3 2 25 0 2570 3623 1697
4861 2 3 2 25 0 3628 1439 2498
4862 2 3 2 25 0 2636 3629 1778
4863 2 3 2 25 0 3629 2639 1778
4864 2 3 2 25 0 3629 2636 3180
4865 2 3 2 25 0 3630 2279 3418
4866 2 3 2 25 0 2279 3630 3496
4867 2 3 2 25 0 3631 1894 3417
4868 2 3 2 25 0 1721 3632 2398
4869 2 3 2 25 0 3633 1721 2688
4870 2 3 2 25 0 2653 3634 1775
4871 2 3 2 25 0 3634 2654 1775
4872 2 3 2 25 0 3634 2653 3169
4873 2 3 2 25 0 3636 1441 1442
4874 2 3 2 25 0 1441 3636 2494
4875 2 3 2 25 0 3638 2410 1660
4876 2 3 2 25 0 3639 1788 3416
4877 2 3 2 25 0 2390 3640 2434
4878 2 3 2 25 0 1864 3640 2555
4879 2 3 2 25 0 2650 3641 1766
4880 2 3 2 25 0 3641 2651 1766
4881 2 3 2 25 0 3641 2650 3170
4882 2 3 2 25 0 2645 3645 1761
4883 2 3 2 25 0 3645 2647 1761
4884 2 3 2 25 0 3645 2645 3174
4885 2 3 2 25 0 2655 3646 1773
4886 2 3 2 25 0 3646 2656 1773
4887 2 3 2 25 0 2635 3647 1771
4888 2 3 2 25 0 3647 2637 1771
4889 2 3 2 25 0 3647 2635 3178
4890 2 3 2 25 0 3648 2946 1750
4891 2 3 2 25 0 3649 1603 2408
4892 2 3 2 25 0 2348 3649 2408
4893 2 3 2 25 0 3651 2638 1762
4894 2 3 2 25 0 2639 3651 1762
4895 2 3 2 25 0 3653 2285 3452
4896 2 3 2 25 0 2647 3654 1763
4897 2 3 2 25 0 3654 2648 1763
4898 2 3 2 25 0 3654 2647 3173
4899 2 3 2 25 0 1820 3655 1818
4900 2 3 2 25 0 3660 2643 1768
4901 2 3 2 25 0 3660 2646 3165
4902 2 3 2 25 0 2646 3660 1768
4903 2 3 2 25 0 3661 2644 1777
4904 2 3 2 25 0 3661 2652 3166
4905 2 3 2 25 0 2652 3661 1777
4906 2 3 2 25 0 2648 3662 1764
4907 2 3 2 25 0 3662 2649 1764
4908 2 3 2 25 0 3662 2648 3172
4909 2 3 2 25 0 2649 3668 1765
4910 2 3 2 25 0 3668 2650 1765
4911 2 3 2 25 0 3668 2649 3171
4912 2 3 2 25 0 3669 2279 3463
4913 2 3 2 25 0 3670 2640 1769
4914 2 3 2 25 0 3670 2643 3163
4915 2 3 2 25 0 2643 3670 1769
4916 2 3 2 25 0 3671 2641 1779
4917 2 3 2 25 0 3671 2644 3164
4918 2 3 2 25 0 2644 3671 1779
4919 2 3 2 25 0 3673 2626 1756
4920 2 3 2 25 0 3673 2638 3106
4921 2 3 2 25 0 2638 3673 1756
4922 2 3 2 25 0 2741 3674 2740
4923 2 3 2 25 0 2632 3675 1986
4924 2 3 2 25 0 2637 3676 1772
4925 2 3 2 25 0 3676 2655 1772
4926 2 3 2 25 0 3676 2637 3187
4927 2 3 2 25 0 1821 3678 1820
4928 2 3 2 25 0 3680 1828 2525
4929 2 3 2 25 0 1828 3680 1827
4930 2 3 2 25 0 2568 3681 1987
4931 2 3 2 25 0 3681 2568 2615
4932 2 3 2 25 0 3682 1822 2523
4933 2 3 2 25 0 1822 3682 1821
4934 2 3 2 25 0 1827 3683 1826
4935 2 3 2 25 0 3684 1725 1781
4936 2 3 2 25 0 3685 1823 2524
4937 2 3 2 25 0 3685 2523 1822
4938 2 3 2 25 0 1823 3685 1822
4939 2 3 2 25 0 3099 3686 1475
4940 2 3 2 25 0 3122 3686 3100
4941 2 3 2 25 0 3686 3122 1475
4942 2 3 2 25 0 3687 2524 1823
4943 2 3 2 25 0 1824 3687 1823
4944 2 3 2 25 0 1826 3688 1825
4945 2 3 2 25 0 1825 3689 1824
4946 2 3 2 25 0 3691 2635 1770
4947 2 3 2 25 0 3691 2640 3157
4948 2 3 2 25 0 2640 3691 1770
4949 2 3 2 25 0 3692 2636 1780
4950 2 3 2 25 0 3692 2641 3158
4951 2 3 2 25 0 2641 3692 1780
4952 2 3 2 25 0 2794 3694 1719
4953 2 3 2 25 0 3695 2652 1776
4954 2 3 2 25 0 3695 2654 3167
4955 2 3 2 25 0 2654 3695 1776
4956 2 3 2 25 0 3696 1736 1759
4957 2 3 2 25 0 3698 2646 1767
4958 2 3 2 25 0 3698 2651 3168
4959 2 3 2 25 0 2651 3698 1767
4960 2 3 2 25 0 3699 2344 3467
4961 2 3 2 25 0 2242 3700 3486
4962 2 3 2 25 0 3703 1833 2581
4963 2 3 2 25 0 3704 2430 2668
4964 2 3 2 25 0 3712 2653 1774
4965 2 3 2 25 0 3712 2656 3156
4966 2 3 2 25 0 2656 3712 1774
4967 2 3 2 25 0 3715 2442 2797
4968 2 3 2 25 0 2816 3719 1656
4969 2 3 2 25 0 3720 2278 3504
4970 2 3 2 25 0 3091 3721 1953
4971 2 3 2 25 0 3721 2004 1953
4972 2 3 2 25 0 3724 2454 2544
4973 2 3 2 25 0 393 3726 394
4974 2 3 2 25 0 1988 3726 2159
4975 2 3 2 25 0 3726 393 2159
4976 2 3 2 25 0 2442 3728 2003
4977 2 3 2 25 0 3728 2442 2457
4978 2 3 2 25 0 2527 3730 2522
4979 2 3 2 25 0 3730 1816 2522
4980 2 3 2 25 0 3731 2660 1757
4981 2 3 2 25 0 3731 2663 3149
4982 2 3 2 25 0 1697 3732 1363
4983 2 3 2 25 0 3732 1697 1699
4984 2 3 2 25 0 2825 3733 1631
4985 2 3 2 25 0 3736 2695 1569
4986 2 3 2 25 0 3185 3736 1569
4987 2 3 2 25 0 2695 3736 2787
4988 2 3 2 25 0 2822 3737 1654
4989 2 3 2 25 0 3738 1722 2887
4990 2 3 2 25 0 3739 1497 2236
4991 2 3 2 25 0 3739 2571 2607
4992 2 3 2 25 0 2571 3739 2236
4993 2 3 2 25 0 1497 3739 2607
4994 2 3 2 25 0 2243 3740 3371
4995 2 3 2 25 0 3741 2499 1483
4996 2 3 2 25 0 3741 3141 2489
4997 2 3 2 25 0 2499 3741 2489
4998 2 3 2 25 0 2891 3742 2797
4999 2 3 2 25 0 3742 2891 2006
5000 2 3 2 25 0 2829 3744 1635
5001 2 3 2 25 0 2830 3745 1636
5002 2 3 2 25 0 2847 3746 1652
5003 2 3 2 25 0 2828 3747 1634
5004 2 3 2 25 0 2831 3748 1637
5005 2 3 2 25 0 2834 3749 1641
5006 2 3 2 25 0 2835 3750 1642
5007 2 3 2 25 0 2833 3751 1640
5008 2 3 2 25 0 2824 3752 1639
5009 2 3 2 25 0 2832 3753 1638
5010 2 3 2 25 0 2836 3754 1643
5011 2 3 2 25 0 2837 3755 1644
5012 2 3 2 25 0 2838 3756 1645
5013 2 3 2 25 0 2839 3757 1646
5014 2 3 2 25 0 2840 3758 1647
5015 2 3 2 25 0 2841 3759 1648
5016 2 3 2 25 0 2842 3760 1649
5017 2 3 2 25 0 2284 3761 3471
5018 2 3 2 25 0 2827 3762 1633
5019 2 3 2 25 0 2843 3764 1650
5020 2 3 2 25 0 2821 3765 1655
5021 2 3 2 25 0 2844 3766 1651
5022 2 3 2 25 0 3103 3767 1361
5023 2 3 2 25 0 3222 3767 3063
5024 2 3 2 25 0 3767 3103 3063
5025 2 3 2 25 0 2826 3768 1632
5026 2 3 2 25 0 1437 3770 1436
5027 2 3 2 25 0 3773 1809 3196
5028 2 3 2 25 0 2845 3774 1653
5029 2 3 2 25 0 3776 1851 2516
5030 2 3 2 25 0 3776 2372 2685
5031 2 3 2 25 0 2372 3776 2516
5032 2 3 2 25 0 1851 3776 2685
5033 2 3 2 25 0 1799 3778 3385
5034 2 3 2 25 0 1479 3779 2440
5035 2 3 2 25 0 2405 3779 2944
5036 2 3 2 25 0 3779 2405 2440
5037 2 3 2 25 0 3779 1479 2944
5038 2 3 2 25 0 1361 3780 2069
5039 2 3 2 25 0 1362 3780 3222
5040 2 3 2 25 0 3780 1362 2069
5041 2 3 2 25 0 2401 3782 2348
5042 2 3 2 25 0 3783 2570 1819
5043 2 3 2 25 0 3127 3783 1819
5044 2 3 2 25 0 3785 2371 2484
5045 2 3 2 25 0 2399 3785 2484
5046 2 3 2 25 0 2371 3785 3376
5047 2 3 2 25 0 2781 3786 3063
5048 2 3 2 25 0 2810 3787 1657
5049 2 3 2 25 0 2574 3788 2504
5050 2 3 2 25 0 2243 3790 3417
5051 2 3 2 25 0 2755 3791 1759
5052 2 3 2 25 0 3791 2755 3179
5053 2 3 2 25 0 3791 2642 1759
5054 2 3 2 25 0 3792 2350 3380
5055 2 3 2 25 0 2291 3793 2330
5056 2 3 2 25 0 2739 3794 2738
5057 2 3 2 25 0 3794 2739 1817
5058 2 3 2 25 0 3794 1816 2738
5059 2 3 2 25 0 2740 3796 2739
5060 2 3 2 25 0 3796 1817 2739
5061 2 3 2 25 0 2738 3797 2737
5062 2 3 2 25 0 3797 2738 1816
5063 2 3 2 25 0 3798 1753 1736
5064 2 3 2 25 0 2956 3798 1736
5065 2 3 2 25 0 2286 3799 2314
5066 2 3 2 25 0 3801 2596 2608
5067 2 3 2 25 0 1800 3801 2608
5068 2 3 2 25 0 2283 3802 2313
5069 2 3 2 25 0 2290 3803 2337
5070 2 3 2 25 0 1436 3804 3073
5071 2 3 2 25 0 3804 1436 3770
5072 2 3 2 25 0 2296 3807 2320
5073 2 3 2 25 0 2292 3808 2324
5074 2 3 2 25 0 2309 3809 2319
5075 2 3 2 25 0 2297 3810 2333
5076 2 3 2 25 0 2295 3811 2334
5077 2 3 2 25 0 2293 3812 2328
5078 2 3 2 25 0 2310 3813 2331
5079 2 3 2 25 0 2298 3814 2335
5080 2 3 2 25 0 2299 3815 2329
5081 2 3 2 25 0 2304 3816 2336
5082 2 3 2 25 0 2301 3817 2327
5083 2 3 2 25 0 2302 3818 2326
5084 2 3 2 25 0 2303 3819 2325
5085 2 3 2 25 0 2305 3820 2323
5086 2 3 2 25 0 2288 3821 2338
5087 2 3 2 25 0 2306 3822 2322
5088 2 3 2 25 0 2307 3823 2321
5089 2 3 2 25 0 2294 3824 2332
5090 2 3 2 25 0 1385 3825 2047
5091 2 3 2 25 0 3825 3185 2047
5092 2 3 2 25 0 3826 2370 3465
5093 2 3 2 25 0 2370 3826 3459
5094 2 3 2 25 0 2308 3827 2315
5095 2 3 2 25 0 2300 3830 2317
5096 2 3 2 25 0 3135 3831 2949
5097 2 3 2 25 0 3831 3103 2949
5098 2 3 2 25 0 2630 3832 1483
5099 2 3 2 25 0 3832 2630 2509
5100 2 3 2 25 0 3834 1884 3207
5101 2 3 2 25 0 3834 1936 2795
5102 2 3 2 25 0 1936 3834 3207
5103 2 3 2 25 0 1884 3834 2795
5104 2 3 2 25 0 3835 1738 1772
5105 2 3 2 25 0 3837 1728 1778
5106 2 3 2 25 0 2289 3838 2339
5107 2 3 2 25 0 3840 1748 1760
5108 2 3 2 25 0 3841 2356 2355
5109 2 3 2 25 0 2312 3842 2318
5110 2 3 2 25 0 2458 3843 2581
5111 2 3 2 25 0 3844 1466 2416
5112 2 3 2 25 0 1466 3844 2465
5113 2 3 2 25 0 1507 3845 2013
5114 2 3 2 25 0 3845 3007 2013
5115 2 3 2 25 0 3845 1507 2799
5116 2 3 2 25 0 3846 1727 1762
5117 2 3 2 25 0 3851 1749 1761
5118 2 3 2 25 0 3852 1747 1763
5119 2 3 2 25 0 3853 1746 1764
5120 2 3 2 25 0 3854 1745 1765
5121 2 3 2 25 0 3855 1735 1774
5122 2 3 2 25 0 3856 1744 1766
5123 2 3 2 25 0 3857 1743 1767
5124 2 3 2 25 0 3858 1737 1773
5125 2 3 2 25 0 3859 1731 1756
5126 2 3 2 25 0 3860 1742 1768
5127 2 3 2 25 0 3861 1734 1775
5128 2 3 2 25 0 3863 1733 1776
5129 2 3 2 25 0 3864 1732 1777
5130 2 3 2 25 0 3865 2623 2429
5131 2 3 2 25 0 2623 3865 1864
5132 2 3 2 25 0 2434 3865 2429
5133 2 3 2 25 0 3866 1730 1779
5134 2 3 2 25 0 3867 1741 1769
5135 2 3 2 25 0 3868 1739 1771
5136 2 3 2 25 0 2396 3871 3073
5137 2 3 2 25 0 3871 1436 3073
5138 2 3 2 25 0 2406 3872 2668
5139 2 3 2 25 0 1599 3874 3375
5140 2 3 2 25 0 3874 1599 3421
5141 2 3 2 25 0 3875 2149 2191
5142 2 3 2 25 0 3875 2851 3080
5143 2 3 2 25 0 2851 3875 2191
5144 2 3 2 25 0 2149 3875 3080
5145 2 3 2 25 0 3878 2526 3604
5146 2 3 2 25 0 3879 1726 1757
5147 2 3 2 25 0 3881 2024 3490
5148 2 3 2 25 0 2504 3881 3490
5149 2 3 2 25 0 2612 3883 2557
5150 2 3 2 25 0 3884 1729 1780
5151 2 3 2 25 0 3885 1740 1770
5152 2 3 2 25 0 2737 3886 2736
5153 2 3 2 25 0 2398 3887 2341
5154 2 3 2 25 0 3887 2398 3632
5155 2 3 2 25 0 2357 3888 2356
5156 2 3 2 25 0 3892 1407 2031
5157 2 3 2 25 0 3892 2139 2042
5158 2 3 2 25 0 2139 3892 2031
5159 2 3 2 25 0 1407 3892 2042
5160 2 3 2 25 0 3893 289 288
5161 2 3 2 25 0 3893 2428 3342
5162 2 3 2 25 0 289 3893 3342
5163 2 3 2 25 0 156 3895 155
5164 2 3 2 25 0 3895 2422 155
5165 2 3 2 25 0 2478 3897 2349
5166 2 3 2 25 0 3898 1997 1936
5167 2 3 2 25 0 3898 3207 2153
5168 2 3 2 25 0 3207 3898 1936
5169 2 3 2 25 0 1997 3898 2153
5170 2 3 2 25 0 3899 1912 1910
5171 2 3 2 25 0 2079 3899 1910
5172 2 3 2 25 0 3901 2813 1670
5173 2 3 2 25 0 2530 3902 2527
5174 2 3 2 25 0 2403 3903 2467
5175 2 3 2 25 0 3903 1792 2467
5176 2 3 2 25 0 2375 3904 3385
5177 2 3 2 25 0 2271 3904 3505
5178 2 3 2 25 0 2032 3906 2986
5179 2 3 2 25 0 2404 3906 2917
5180 2 3 2 25 0 3906 2404 2986
5181 2 3 2 25 0 3906 2032 2917
5182 2 3 2 25 0 2471 3907 1989
5183 2 3 2 25 0 2480 3907 2351
5184 2 3 2 25 0 3907 2480 1989
5185 2 3 2 25 0 3907 2471 2351
5186 2 3 2 25 0 2463 3908 3488
5187 2 3 2 25 0 3908 2463 2476
5188 2 3 2 25 0 3909 1724 1784
5189 2 3 2 25 0 123 3910 122
5190 2 3 2 25 0 2672 3910 3117
5191 2 3 2 25 0 3910 2672 122
5192 2 3 2 25 0 3912 2217 1399
5193 2 3 2 25 0 3912 2155 2208
5194 2 3 2 25 0 3913 1494 1947
5195 2 3 2 25 0 1940 3913 1947
5196 2 3 2 25 0 1393 3914 1956
5197 2 3 2 25 0 3914 3189 1956
5198 2 3 2 25 0 3916 2390 2791
5199 2 3 2 25 0 1388 3918 2415
5200 2 3 2 25 0 1358 3919 2043
5201 2 3 2 25 0 1359 3919 2996
5202 2 3 2 25 0 3919 1359 2043
5203 2 3 2 25 0 3919 1358 2996
5204 2 3 2 25 0 1459 3920 1458
5205 2 3 2 25 0 3920 2530 1458
5206 2 3 2 25 0 3922 2485 1845
5207 2 3 2 25 0 3923 1516 2005
5208 2 3 2 25 0 1996 3923 2005
5209 2 3 2 25 0 1516 3923 3130
5210 2 3 2 25 0 2000 3924 3107
5211 2 3 2 25 0 3924 2000 2136
5212 2 3 2 25 0 3924 187 3107
5213 2 3 2 25 0 2893 3925 251
5214 2 3 2 25 0 151 3926 2402
5215 2 3 2 25 0 3927 154 155
5216 2 3 2 25 0 2422 3927 155
5217 2 3 2 25 0 154 3927 3418
5218 2 3 2 25 0 2229 1415 1545
5219 2 3 2 25 0 1598 1415 2229
5220 2 3 2 25 0 3726 2206 394
5221 2 3 2 25 0 1988 2206 3726
5222 2 3 2 25 0 3833 3054 1482
5223 2 3 2 25 0 1993 3054 3833
5224 2 3 2 25 0 126 3495 125
5225 2 3 2 25 0 126 2140 3495
5226 2 3 2 25 0 3491 3452 1432
5227 2 3 2 25 0 2928 1715 3484
5228 2 3 2 25 0 3924 186 187
5229 2 3 2 25 0 2136 186 3924
5230 2 3 2 25 0 1401 3912 1399
5231 2 3 2 25 0 1401 2155 3912
5232 2 3 2 25 0 3796 3591 1817
5233 2 3 2 25 0 1816 3730 3797
5234 2 3 2 25 0 3794 3621 1816
5235 2 3 2 25 0 1817 3621 3794
5236 2 3 2 25 0 3733 3802 1631
5237 2 3 2 25 0 3733 2313 3802
5238 2 3 2 25 0 3768 3799 1632
5239 2 3 2 25 0 3768 2314 3799
5240 2 3 2 25 0 3746 3827 1652
5241 2 3 2 25 0 3746 2315 3827
5242 2 3 2 25 0 3719 3693 1656
5243 2 3 2 25 0 2316 3693 3719
5244 2 3 2 25 0 3762 3830 1633
5245 2 3 2 25 0 3762 2317 3830
5246 2 3 2 25 0 3774 3842 1653
5247 2 3 2 25 0 3774 2318 3842
5248 2 3 2 25 0 3766 3809 1651
5249 2 3 2 25 0 3766 2319 3809
5250 2 3 2 25 0 3749 3807 1641
5251 2 3 2 25 0 3749 2320 3807
5252 2 3 2 25 0 3764 3823 1650
5253 2 3 2 25 0 3764 2321 3823
5254 2 3 2 25 0 3760 3822 1649
5255 2 3 2 25 0 3760 2322 3822
5256 2 3 2 25 0 3759 3820 1648
5257 2 3 2 25 0 3759 2323 3820
5258 2 3 2 25 0 3750 3808 1642
5259 2 3 2 25 0 3750 2324 3808
5260 2 3 2 25 0 3758 3819 1647
5261 2 3 2 25 0 3758 2325 3819
5262 2 3 2 25 0 3757 3818 1646
5263 2 3 2 25 0 3757 2326 3818
5264 2 3 2 25 0 3756 3817 1645
5265 2 3 2 25 0 3756 2327 3817
5266 2 3 2 25 0 3754 3812 1643
5267 2 3 2 25 0 3754 2328 3812
5268 2 3 2 25 0 3755 3815 1644
5269 2 3 2 25 0 3755 2329 3815
5270 2 3 2 25 0 3737 3793 1654
5271 2 3 2 25 0 3737 2330 3793
5272 2 3 2 25 0 3751 3813 1640
5273 2 3 2 25 0 3751 2331 3813
5274 2 3 2 25 0 3747 3824 1634
5275 2 3 2 25 0 3747 2332 3824
5276 2 3 2 25 0 3745 3810 1636
5277 2 3 2 25 0 3745 2333 3810
5278 2 3 2 25 0 3744 3811 1635
5279 2 3 2 25 0 3744 2334 3811
5280 2 3 2 25 0 3748 3814 1637
5281 2 3 2 25 0 3748 2335 3814
5282 2 3 2 25 0 3753 3816 1638
5283 2 3 2 25 0 3753 2336 3816
5284 2 3 2 25 0 3752 3803 1639
5285 2 3 2 25 0 3752 2337 3803
5286 2 3 2 25 0 3765 3821 1655
5287 2 3 2 25 0 3765 2338 3821
5288 2 3 2 25 0 3787 3838 1657
5289 2 3 2 25 0 3787 2339 3838
5290 2 3 2 25 0 2772 3897 1672
5291 2 3 2 25 0 2772 2349 3897
5292 2 3 2 25 0 3871 3499 1436
5293 2 3 2 25 0 3457 3607 1690
5294 2 3 2 25 0 3782 2500 1601
5295 2 3 2 25 0 2401 2500 3782
5296 2 3 2 25 0 2416 3472 3844
5297 2 3 2 25 0 3903 3521 1792
5298 2 3 2 25 0 3513 3893 288
5299 2 3 2 25 0 3513 2428 3893
5300 2 3 2 25 0 3865 3640 1864
5301 2 3 2 25 0 2434 3640 3865
5302 2 3 2 25 0 3782 3649 2348
5303 2 3 2 25 0 2476 3478 3908
5304 2 3 2 25 0 2478 3839 3897
5305 2 3 2 25 0 3507 3836 1432
5306 2 3 2 25 0 3507 2513 3836
5307 2 3 2 25 0 2517 3571 3604
5308 2 3 2 25 0 3561 3564 1446
5309 2 3 2 25 0 3564 3566 1445
5310 2 3 2 25 0 2544 3606 3724
5311 2 3 2 25 0 3862 3770 1437
5312 2 3 2 25 0 3492 2681 3517
5313 2 3 2 25 0 3496 3378 2279
5314 2 3 2 25 0 2814 3378 3496
5315 2 3 2 25 0 3675 1430 1986
5316 2 3 2 25 0 2981 1430 3675
5317 2 3 2 25 0 3196 3073 3804
5318 2 3 2 25 0 1883 3923 1996
5319 2 3 2 25 0 1883 3130 3923
5320 2 3 2 25 0 3883 2133 2557
5321 2 3 2 25 0 3184 2133 3883
5322 2 3 2 25 0 3876 3675 2632
5323 2 3 2 25 0 3592 3242 3743
5324 2 3 2 25 0 3587 2402 3926
5325 2 3 2 25 0 3457 2814 3475
5326 2 3 2 25 0 2887 2345 3738
5327 2 3 2 25 0 255 3551 256
5328 2 3 2 25 0 255 2609 3551
5329 2 3 2 25 0 3618 1605 2675
5330 2 3 2 25 0 3085 1605 3618
5331 2 3 2 25 0 1748 3578 1760
5332 2 3 2 25 0 1748 2642 3578
5333 2 3 2 25 0 1726 3731 1757
5334 2 3 2 25 0 1726 2663 3731
5335 2 3 2 25 0 1505 3501 2127
5336 2 3 2 25 0 1505 3275 3501
5337 2 3 2 25 0 1725 3563 1781
5338 2 3 2 25 0 1725 2677 3563
5339 2 3 2 25 0 3647 1618 2637
5340 2 3 2 25 0 3178 1618 3647
5341 2 3 2 25 0 3629 1610 2639
5342 2 3 2 25 0 3180 1610 3629
5343 2 3 2 25 0 3676 1617 2655
5344 2 3 2 25 0 3187 1617 3676
5345 2 3 2 25 0 3691 1619 2635
5346 2 3 2 25 0 3157 1619 3691
5347 2 3 2 25 0 3692 1611 2636
5348 2 3 2 25 0 3158 1611 3692
5349 2 3 2 25 0 3791 1629 2642
5350 2 3 2 25 0 3179 1629 3791
5351 2 3 2 25 0 3671 1612 2641
5352 2 3 2 25 0 3164 1612 3671
5353 2 3 2 25 0 3670 1620 2640
5354 2 3 2 25 0 3163 1620 3670
5355 2 3 2 25 0 3661 1613 2644
5356 2 3 2 25 0 3166 1613 3661
5357 2 3 2 25 0 3578 1628 2645
5358 2 3 2 25 0 3175 1628 3578
5359 2 3 2 25 0 3695 1614 2652
5360 2 3 2 25 0 3167 1614 3695
5361 2 3 2 25 0 3634 1615 2654
5362 2 3 2 25 0 3169 1615 3634
5363 2 3 2 25 0 3660 1621 2643
5364 2 3 2 25 0 3165 1621 3660
5365 2 3 2 25 0 3698 1622 2646
5366 2 3 2 25 0 3168 1622 3698
5367 2 3 2 25 0 3641 1623 2651
5368 2 3 2 25 0 3170 1623 3641
5369 2 3 2 25 0 3668 1624 2650
5370 2 3 2 25 0 3171 1624 3668
5371 2 3 2 25 0 3645 1627 2647
5372 2 3 2 25 0 3174 1627 3645
5373 2 3 2 25 0 3662 1625 2649
5374 2 3 2 25 0 3172 1625 3662
5375 2 3 2 25 0 3654 1626 2648
5376 2 3 2 25 0 3173 1626 3654
5377 2 3 2 25 0 3651 1608 2638
5378 2 3 2 25 0 3712 1616 2653
5379 2 3 2 25 0 3156 1616 3712
5380 2 3 2 25 0 3731 1609 2660
5381 2 3 2 25 0 3149 1609 3731
5382 2 3 2 25 0 3673 1606 2626
5383 2 3 2 25 0 3106 1606 3673
5384 2 3 2 25 0 3563 1607 2663
5385 2 3 2 25 0 3093 1607 3563
5386 2 3 2 25 0 1750 3618 1751
5387 2 3 2 25 0 1750 2626 3618
5388 2 3 2 25 0 1754 3909 1784
5389 2 3 2 25 0 1738 3868 1771
5390 2 3 2 25 0 1727 3837 1778
5391 2 3 2 25 0 1737 3835 1772
5392 2 3 2 25 0 1748 3696 1759
5393 2 3 2 25 0 1748 2954 3696
5394 2 3 2 25 0 1739 3885 1770
5395 2 3 2 25 0 1728 3884 1780
5396 2 3 2 25 0 1729 3866 1779
5397 2 3 2 25 0 1740 3867 1769
5398 2 3 2 25 0 1730 3864 1777
5399 2 3 2 25 0 1749 3840 1760
5400 2 3 2 25 0 1732 3863 1776
5401 2 3 2 25 0 1733 3861 1775
5402 2 3 2 25 0 1741 3860 1768
5403 2 3 2 25 0 1742 3857 1767
5404 2 3 2 25 0 1743 3856 1766
5405 2 3 2 25 0 1744 3854 1765
5406 2 3 2 25 0 1747 3851 1761
5407 2 3 2 25 0 1745 3853 1764
5408 2 3 2 25 0 1746 3852 1763
5409 2 3 2 25 0 1731 3846 1762
5410 2 3 2 25 0 1734 3855 1774
5411 2 3 2 25 0 1735 3858 1773
5412 2 3 2 25 0 1724 3879 1757
5413 2 3 2 25 0 1750 3859 1756
5414 2 3 2 25 0 1750 2946 3859
5415 2 3 2 25 0 1726 3684 1781
5416 2 3 2 25 0 3490 1856 2504
5417 2 3 2 25 0 3016 1856 3490
5418 2 3 2 25 0 3518 255 254
5419 2 3 2 25 0 2609 255 3518
5420 2 3 2 25 0 3518 1875 2528
5421 2 3 2 25 0 1921 3845 2799
5422 2 3 2 25 0 1921 3007 3845
5423 2 3 2 25 0 3530 1661 2596
5424 2 3 2 25 0 2927 1661 3530
5425 2 3 2 25 0 3900 3493 1676
5426 2 3 2 25 0 1915 3139 3622
5427 2 3 2 25 0 1918 3910 123
5428 2 3 2 25 0 1918 3117 3910
5429 2 3 2 25 0 1908 3686 3099
5430 2 3 2 25 0 1908 3100 3686
5431 2 3 2 25 0 2211 3615 1524
5432 2 3 2 25 0 2211 2232 3615
5433 2 3 2 25 0 3681 1473 1987
5434 2 3 2 25 0 1395 3912 2208
5435 2 3 2 25 0 1395 2217 3912
5436 2 3 2 25 0 2711 456 455
5437 2 3 2 25 0 2525 3566 3680
5438 2 3 2 25 0 3687 3558 2524
5439 2 3 2 25 0 3685 3559 2523
5440 2 3 2 25 0 2524 3559 3685
5441 2 3 2 25 0 2523 3562 3682
5442 2 3 2 25 0 2006 2992 2894
5443 2 3 2 25 0 3736 1576 2787
5444 2 3 2 25 0 3185 1576 3736
5445 2 3 2 25 0 1751 3648 1750
5446 2 3 2 25 0 1751 2807 3648
5447 2 3 2 25 0 3593 3575 1433
5448 2 3 2 25 0 3462 2504 3788
5449 2 3 2 25 0 3832 2002 1483
5450 2 3 2 25 0 3019 2002 3832
5451 2 3 2 25 0 1695 3063 3786
5452 2 3 2 25 0 2002 3741 1483
5453 2 3 2 25 0 2002 3141 3741
5454 2 3 2 25 0 2133 3184 3694
5455 2 3 2 25 0 3694 2965 1719
5456 2 3 2 25 0 3184 2965 3694
5457 2 3 2 25 0 3767 3780 1361
5458 2 3 2 25 0 3767 3222 3780
5459 2 3 2 25 0 3516 3285 2274
5460 2 3 2 25 0 3279 3285 3516
5461 2 3 2 25 0 3420 3281 2242
5462 2 3 2 25 0 3374 3420 2242
5463 2 3 2 25 0 3374 3280 3420
5464 2 3 2 25 0 3550 3366 2410
5465 2 3 2 25 0 3282 3366 3550
5466 2 3 2 25 0 3370 3293 2272
5467 2 3 2 25 0 3291 3381 2270
5468 2 3 2 25 0 3291 3284 3381
5469 2 3 2 25 0 3545 3448 2373
5470 2 3 2 25 0 3285 3448 3545
5471 2 3 2 25 0 3372 3366 2352
5472 2 3 2 25 0 3286 3366 3372
5473 2 3 2 25 0 3743 3492 2488
5474 2 3 2 25 0 3287 3492 3743
5475 2 3 2 25 0 3316 3382 2264
5476 2 3 2 25 0 3365 3408 2267
5477 2 3 2 25 0 3365 3310 3408
5478 2 3 2 25 0 3346 3387 2266
5479 2 3 2 25 0 3346 3314 3387
5480 2 3 2 25 0 3361 3391 2247
5481 2 3 2 25 0 3361 3315 3391
5482 2 3 2 25 0 3339 3407 2244
5483 2 3 2 25 0 3339 3319 3407
5484 2 3 2 25 0 3368 3410 2262
5485 2 3 2 25 0 3368 3320 3410
5486 2 3 2 25 0 3388 3341 2267
5487 2 3 2 25 0 3321 3341 3388
5488 2 3 2 25 0 3364 3395 2263
5489 2 3 2 25 0 3364 3323 3395
5490 2 3 2 25 0 3354 3394 2248
5491 2 3 2 25 0 3354 3324 3394
5492 2 3 2 25 0 3362 3403 2261
5493 2 3 2 25 0 3362 3325 3403
5494 2 3 2 25 0 3360 3402 2259
5495 2 3 2 25 0 3360 3326 3402
5496 2 3 2 25 0 3359 3401 2258
5497 2 3 2 25 0 3359 3327 3401
5498 2 3 2 25 0 3358 3400 2257
5499 2 3 2 25 0 3358 3328 3400
5500 2 3 2 25 0 3357 3399 2256
5501 2 3 2 25 0 3357 3329 3399
5502 2 3 2 25 0 3367 3389 2269
5503 2 3 2 25 0 3367 3330 3389
5504 2 3 2 25 0 3356 3398 2255
5505 2 3 2 25 0 3356 3331 3398
5506 2 3 2 25 0 3355 3397 2254
5507 2 3 2 25 0 3355 3332 3397
5508 2 3 2 25 0 3352 3396 2253
5509 2 3 2 25 0 3352 3333 3396
5510 2 3 2 25 0 3350 3405 2251
5511 2 3 2 25 0 3350 3334 3405
5512 2 3 2 25 0 3353 3404 2249
5513 2 3 2 25 0 3353 3335 3404
5514 2 3 2 25 0 3351 3406 2250
5515 2 3 2 25 0 3351 3336 3406
5516 2 3 2 25 0 3348 3393 2252
5517 2 3 2 25 0 3348 3337 3393
5518 2 3 2 25 0 3340 3390 2246
5519 2 3 2 25 0 3340 3338 3390
5520 2 3 2 25 0 3342 3386 3517
5521 2 3 2 25 0 3349 3409 2260
5522 2 3 2 25 0 3349 3343 3409
5523 2 3 2 25 0 3363 3392 2265
5524 2 3 2 25 0 3363 3345 3392
5525 2 3 2 25 0 3421 3371 3740
5526 2 3 2 25 0 3729 3384 2281
5527 2 3 2 25 0 3922 3850 2485
5528 2 3 2 25 0 3469 3624 2280
5529 2 3 2 25 0 3469 3375 3624
5530 2 3 2 25 0 3461 3785 2399
5531 2 3 2 25 0 3461 3376 3785
5532 2 3 2 25 0 3573 3740 2243
5533 2 3 2 25 0 3702 3380 2350
5534 2 3 2 25 0 3463 3477 1689
5535 2 3 2 25 0 3463 3378 3477
5536 2 3 2 25 0 3380 3592 3792
5537 2 3 2 25 0 3889 3475 1716
5538 2 3 2 25 0 3383 3475 3889
5539 2 3 2 25 0 3383 3483 3716
5540 2 3 2 25 0 3569 3466 2280
5541 2 3 2 25 0 3384 3466 3569
5542 2 3 2 25 0 3413 3904 2271
5543 2 3 2 25 0 3413 3385 3904
5544 2 3 2 25 0 3795 3416 1788
5545 2 3 2 25 0 3386 3416 3795
5546 2 3 2 25 0 3483 3412 3718
5547 2 3 2 25 0 3639 3456 2449
5548 2 3 2 25 0 3416 3456 3639
5549 2 3 2 25 0 3456 3498 2449
5550 2 3 2 25 0 3630 3927 2422
5551 2 3 2 25 0 3630 3418 3927
5552 2 3 2 25 0 3454 3427 3554
5553 2 3 2 25 0 3847 3523 1456
5554 2 3 2 25 0 3555 3461 2399
5555 2 3 2 25 0 3448 3461 3555
5556 2 3 2 25 0 3452 2146 1432
5557 2 3 2 25 0 3469 3453 1599
5558 2 3 2 25 0 3450 3453 3469
5559 2 3 2 25 0 3848 3458 2282
5560 2 3 2 25 0 3454 3458 3848
5561 2 3 2 25 0 3626 3771 2146
5562 2 3 2 25 0 3556 3921 3227
5563 2 3 2 25 0 3556 3458 3921
5564 2 3 2 25 0 3826 3523 2369
5565 2 3 2 25 0 3465 3523 3826
5566 2 3 2 25 0 3511 3505 2421
5567 2 3 2 25 0 3699 3511 2421
5568 2 3 2 25 0 3467 3511 3699
5569 2 3 2 25 0 3471 2341 2284
5570 2 3 2 25 0 3639 3597 1788
5571 2 3 2 25 0 3471 3761 3777
5572 2 3 2 25 0 3699 3735 2344
5573 2 3 2 25 0 3738 3700 1722
5574 2 3 2 25 0 3486 3700 3738
5575 2 3 2 25 0 3624 3569 2280
5576 2 3 2 25 0 3617 3630 2422
5577 2 3 2 25 0 3617 3496 3630
5578 2 3 2 25 0 3700 3763 1722
5579 2 3 2 25 0 2419 3520 2412
5580 2 3 2 25 0 3920 3905 2530
5581 2 3 2 25 0 3604 3806 3878
5582 2 3 2 25 0 3677 1829 2526
5583 2 3 2 25 0 1474 3899 2079
5584 2 3 2 25 0 3798 1754 1753
5585 2 3 2 25 0 1754 3798 3595
5586 2 3 2 25 0 3798 2956 3595
5587 2 3 2 25 0 3650 2221 3411
5588 2 3 2 25 0 3725 3642 3718
5589 2 3 2 25 0 2781 3063 3831
5590 2 3 2 25 0 3831 3135 2781
5591 2 3 2 25 0 3831 3063 3103
5592 2 3 2 25 0 2195 3602 1434
5593 2 3 2 25 0 3602 3595 1434
5594 2 3 2 25 0 3481 1442 1441
5595 2 3 2 25 0 1442 3481 1443
5596 2 3 2 25 0 1441 3476 3481
5597 2 3 2 25 0 3242 3380 293
5598 2 3 2 25 0 3925 3832 2509
5599 2 3 2 25 0 3925 2893 3019
5600 2 3 2 25 0 3925 3019 3832
5601 2 3 2 25 0 2956 3635 1434
5602 2 3 2 25 0 3702 295 294
5603 2 3 2 25 0 3567 2168 3451
5604 2 3 2 25 0 2338 3567 3451
5605 2 3 2 25 0 3567 2338 2289
5606 2 3 2 25 0 3725 1441 1440
5607 2 3 2 25 0 3725 3476 1441
5608 2 3 2 25 0 3725 3460 3476
5609 2 3 2 25 0 3799 2286 2337
5610 2 3 2 25 0 3799 2824 1632
5611 2 3 2 25 0 3752 2824 3799
5612 2 3 2 25 0 2337 3752 3799
5613 2 3 2 25 0 321 320 3281
5614 2 3 2 25 0 3802 2283 2318
5615 2 3 2 25 0 3802 2845 1631
5616 2 3 2 25 0 3774 2845 3802
5617 2 3 2 25 0 2318 3774 3802
5618 2 3 2 25 0 3809 2309 2321
5619 2 3 2 25 0 3809 2843 1651
5620 2 3 2 25 0 3764 2843 3809
5621 2 3 2 25 0 2321 3764 3809
5622 2 3 2 25 0 3807 2296 2331
5623 2 3 2 25 0 3807 2833 1641
5624 2 3 2 25 0 3751 2833 3807
5625 2 3 2 25 0 2331 3751 3807
5626 2 3 2 25 0 3813 2310 2336
5627 2 3 2 25 0 3813 2832 1640
5628 2 3 2 25 0 3753 2832 3813
5629 2 3 2 25 0 2336 3753 3813
5630 2 3 2 25 0 3808 2292 2320
5631 2 3 2 25 0 3808 2834 1642
5632 2 3 2 25 0 3749 2834 3808
5633 2 3 2 25 0 2320 3749 3808
5634 2 3 2 25 0 3812 2293 2324
5635 2 3 2 25 0 3812 2835 1643
5636 2 3 2 25 0 3750 2835 3812
5637 2 3 2 25 0 2324 3750 3812
5638 2 3 2 25 0 3815 2299 2328
5639 2 3 2 25 0 3815 2836 1644
5640 2 3 2 25 0 3754 2836 3815
5641 2 3 2 25 0 2328 3754 3815
5642 2 3 2 25 0 3816 2304 2335
5643 2 3 2 25 0 3816 2831 1638
5644 2 3 2 25 0 3748 2831 3816
5645 2 3 2 25 0 2335 3748 3816
5646 2 3 2 25 0 3811 2295 2332
5647 2 3 2 25 0 3811 2828 1635
5648 2 3 2 25 0 3747 2828 3811
5649 2 3 2 25 0 2332 3747 3811
5650 2 3 2 25 0 3817 2301 2329
5651 2 3 2 25 0 3817 2837 1645
5652 2 3 2 25 0 3755 2837 3817
5653 2 3 2 25 0 2329 3755 3817
5654 2 3 2 25 0 3818 2302 2327
5655 2 3 2 25 0 3818 2838 1646
5656 2 3 2 25 0 3756 2838 3818
5657 2 3 2 25 0 2327 3756 3818
5658 2 3 2 25 0 3819 2303 2326
5659 2 3 2 25 0 3819 2839 1647
5660 2 3 2 25 0 3757 2839 3819
5661 2 3 2 25 0 2326 3757 3819
5662 2 3 2 25 0 3820 2305 2325
5663 2 3 2 25 0 3820 2840 1648
5664 2 3 2 25 0 3758 2840 3820
5665 2 3 2 25 0 2325 3758 3820
5666 2 3 2 25 0 3822 2306 2323
5667 2 3 2 25 0 3822 2841 1649
5668 2 3 2 25 0 3759 2841 3822
5669 2 3 2 25 0 2323 3759 3822
5670 2 3 2 25 0 3823 2307 2322
5671 2 3 2 25 0 3823 2842 1650
5672 2 3 2 25 0 3760 2842 3823
5673 2 3 2 25 0 2322 3760 3823
5674 2 3 2 25 0 3827 2308 2319
5675 2 3 2 25 0 3827 2844 1652
5676 2 3 2 25 0 3766 2844 3827
5677 2 3 2 25 0 2319 3766 3827
5678 2 3 2 25 0 3830 2300 2314
5679 2 3 2 25 0 3830 2826 1633
5680 2 3 2 25 0 3768 2826 3830
5681 2 3 2 25 0 2314 3768 3830
5682 2 3 2 25 0 3824 2294 2317
5683 2 3 2 25 0 3824 2827 1634
5684 2 3 2 25 0 3762 2827 3824
5685 2 3 2 25 0 2317 3762 3824
5686 2 3 2 25 0 3810 2297 2334
5687 2 3 2 25 0 3810 2829 1636
5688 2 3 2 25 0 3744 2829 3810
5689 2 3 2 25 0 2334 3744 3810
5690 2 3 2 25 0 3814 2298 2333
5691 2 3 2 25 0 3814 2830 1637
5692 2 3 2 25 0 3745 2830 3814
5693 2 3 2 25 0 2333 3745 3814
5694 2 3 2 25 0 3803 2290 2330
5695 2 3 2 25 0 3803 2822 1639
5696 2 3 2 25 0 3737 2822 3803
5697 2 3 2 25 0 2330 3737 3803
5698 2 3 2 25 0 3821 2288 2313
5699 2 3 2 25 0 3821 2825 1655
5700 2 3 2 25 0 3733 2825 3821
5701 2 3 2 25 0 2313 3733 3821
5702 2 3 2 25 0 3842 2312 2315
5703 2 3 2 25 0 3842 2847 1653
5704 2 3 2 25 0 3746 2847 3842
5705 2 3 2 25 0 2315 3746 3842
5706 2 3 2 25 0 3793 2291 2316
5707 2 3 2 25 0 3793 2816 1654
5708 2 3 2 25 0 3719 2816 3793
5709 2 3 2 25 0 2316 3719 3793
5710 2 3 2 25 0 3508 2167 3414
5711 2 3 2 25 0 2313 3508 3414
5712 2 3 2 25 0 3508 2313 2288
5713 2 3 2 25 0 3528 2189 3422
5714 2 3 2 25 0 2315 3528 3422
5715 2 3 2 25 0 3528 2315 2312
5716 2 3 2 25 0 3527 2170 3443
5717 2 3 2 25 0 2337 3527 3443
5718 2 3 2 25 0 3527 2337 2286
5719 2 3 2 25 0 3537 2178 3438
5720 2 3 2 25 0 2331 3537 3438
5721 2 3 2 25 0 3537 2331 2296
5722 2 3 2 25 0 3543 2177 3439
5723 2 3 2 25 0 2336 3543 3439
5724 2 3 2 25 0 3543 2336 2310
5725 2 3 2 25 0 3532 2174 3441
5726 2 3 2 25 0 2334 3532 3441
5727 2 3 2 25 0 3532 2334 2297
5728 2 3 2 25 0 3531 2179 3437
5729 2 3 2 25 0 2320 3531 3437
5730 2 3 2 25 0 3531 2320 2292
5731 2 3 2 25 0 3533 2175 3442
5732 2 3 2 25 0 2333 3533 3442
5733 2 3 2 25 0 3533 2333 2298
5734 2 3 2 25 0 3535 2173 3433
5735 2 3 2 25 0 2332 3535 3433
5736 2 3 2 25 0 3535 2332 2295
5737 2 3 2 25 0 3538 2176 3440
5738 2 3 2 25 0 2335 3538 3440
5739 2 3 2 25 0 3538 2335 2304
5740 2 3 2 25 0 3838 2289 2338
5741 2 3 2 25 0 3838 2821 1657
5742 2 3 2 25 0 3765 2821 3838
5743 2 3 2 25 0 2338 3765 3838
5744 2 3 2 25 0 3534 2180 3436
5745 2 3 2 25 0 2324 3534 3436
5746 2 3 2 25 0 3534 2324 2293
5747 2 3 2 25 0 3536 2181 3435
5748 2 3 2 25 0 2328 3536 3435
5749 2 3 2 25 0 3536 2328 2299
5750 2 3 2 25 0 3540 2182 3434
5751 2 3 2 25 0 2329 3540 3434
5752 2 3 2 25 0 3540 2329 2301
5753 2 3 2 25 0 3541 2183 3432
5754 2 3 2 25 0 2327 3541 3432
5755 2 3 2 25 0 3541 2327 2302
5756 2 3 2 25 0 3542 2184 3431
5757 2 3 2 25 0 2326 3542 3431
5758 2 3 2 25 0 3542 2326 2303
5759 2 3 2 25 0 3544 2185 3430
5760 2 3 2 25 0 2325 3544 3430
5761 2 3 2 25 0 3544 2325 2305
5762 2 3 2 25 0 3546 2186 3429
5763 2 3 2 25 0 2323 3546 3429
5764 2 3 2 25 0 3546 2323 2306
5765 2 3 2 25 0 2322 3547 3428
5766 2 3 2 25 0 3547 2322 2307
5767 2 3 2 25 0 3548 2187 3426
5768 2 3 2 25 0 2321 3548 3426
5769 2 3 2 25 0 3548 2321 2309
5770 2 3 2 25 0 3524 2169 3444
5771 2 3 2 25 0 2330 3524 3444
5772 2 3 2 25 0 3524 2330 2290
5773 2 3 2 25 0 3539 2172 3423
5774 2 3 2 25 0 2317 3539 3423
5775 2 3 2 25 0 3539 2317 2294
5776 2 3 2 25 0 3549 2188 3425
5777 2 3 2 25 0 2319 3549 3425
5778 2 3 2 25 0 3549 2319 2308
5779 2 3 2 25 0 3529 2171 3424
5780 2 3 2 25 0 2314 3529 3424
5781 2 3 2 25 0 3529 2314 2300
5782 2 3 2 25 0 3590 2195 3446
5783 2 3 2 25 0 2318 3590 3446
5784 2 3 2 25 0 3590 2318 2283
5785 2 3 2 25 0 2316 3510 3427
5786 2 3 2 25 0 3510 2316 2291
5787 2 3 2 25 0 1677 3900 1676
5788 2 3 2 25 0 2339 3482 2289
5789 2 3 2 25 0 3727 2529 1810
5790 2 3 2 25 0 3497 2285 2339
5791 2 3 2 25 0 3497 2810 1658
5792 2 3 2 25 0 3787 2810 3497
5793 2 3 2 25 0 2339 3787 3497
5794 2 3 2 25 0 3100 3891 1796
5795 2 3 2 25 0 3891 3100 2507
5796 2 3 2 25 0 3891 1482 1796
5797 2 3 2 25 0 3367 1632 2824
5798 2 3 2 25 0 1632 3367 2826
5799 2 3 2 25 0 2269 3345 3367
5800 2 3 2 25 0 3345 2826 3367
5801 2 3 2 25 0 3368 1651 2843
5802 2 3 2 25 0 1651 3368 2844
5803 2 3 2 25 0 2262 3343 3368
5804 2 3 2 25 0 3343 2844 3368
5805 2 3 2 25 0 3365 1631 2845
5806 2 3 2 25 0 1631 3365 2825
5807 2 3 2 25 0 2267 3341 3365
5808 2 3 2 25 0 3341 2825 3365
5809 2 3 2 25 0 1641 3351 2834
5810 2 3 2 25 0 3351 1641 2833
5811 2 3 2 25 0 2250 3334 3351
5812 2 3 2 25 0 3334 2834 3351
5813 2 3 2 25 0 3353 1640 2832
5814 2 3 2 25 0 1640 3353 2833
5815 2 3 2 25 0 2249 3336 3353
5816 2 3 2 25 0 3336 2833 3353
5817 2 3 2 25 0 3350 1642 2834
5818 2 3 2 25 0 1642 3350 2835
5819 2 3 2 25 0 2251 3333 3350
5820 2 3 2 25 0 3333 2835 3350
5821 2 3 2 25 0 1643 3352 2836
5822 2 3 2 25 0 3352 1643 2835
5823 2 3 2 25 0 2253 3332 3352
5824 2 3 2 25 0 3332 2836 3352
5825 2 3 2 25 0 3355 1644 2836
5826 2 3 2 25 0 1644 3355 2837
5827 2 3 2 25 0 2254 3331 3355
5828 2 3 2 25 0 3331 2837 3355
5829 2 3 2 25 0 1638 3354 2832
5830 2 3 2 25 0 3354 1638 2831
5831 2 3 2 25 0 2248 3335 3354
5832 2 3 2 25 0 3335 2832 3354
5833 2 3 2 25 0 1645 3356 2838
5834 2 3 2 25 0 3356 1645 2837
5835 2 3 2 25 0 2255 3329 3356
5836 2 3 2 25 0 3329 2838 3356
5837 2 3 2 25 0 3348 1635 2828
5838 2 3 2 25 0 1635 3348 2829
5839 2 3 2 25 0 2252 3338 3348
5840 2 3 2 25 0 3338 2829 3348
5841 2 3 2 25 0 1646 3357 2839
5842 2 3 2 25 0 3357 1646 2838
5843 2 3 2 25 0 2256 3328 3357
5844 2 3 2 25 0 3328 2839 3357
5845 2 3 2 25 0 3358 1647 2839
5846 2 3 2 25 0 1647 3358 2840
5847 2 3 2 25 0 2257 3327 3358
5848 2 3 2 25 0 3327 2840 3358
5849 2 3 2 25 0 1648 3359 2841
5850 2 3 2 25 0 3359 1648 2840
5851 2 3 2 25 0 2258 3326 3359
5852 2 3 2 25 0 3326 2841 3359
5853 2 3 2 25 0 3360 1649 2841
5854 2 3 2 25 0 1649 3360 2842
5855 2 3 2 25 0 2259 3325 3360
5856 2 3 2 25 0 3325 2842 3360
5857 2 3 2 25 0 1650 3362 2843
5858 2 3 2 25 0 3362 1650 2842
5859 2 3 2 25 0 2261 3320 3362
5860 2 3 2 25 0 3320 2843 3362
5861 2 3 2 25 0 1652 3349 2847
5862 2 3 2 25 0 3349 1652 2844
5863 2 3 2 25 0 2260 3319 3349
5864 2 3 2 25 0 3319 2847 3349
5865 2 3 2 25 0 1633 3363 2827
5866 2 3 2 25 0 3363 1633 2826
5867 2 3 2 25 0 2265 3323 3363
5868 2 3 2 25 0 3323 2827 3363
5869 2 3 2 25 0 3364 1634 2827
5870 2 3 2 25 0 1634 3364 2828
5871 2 3 2 25 0 2263 3337 3364
5872 2 3 2 25 0 3337 2828 3364
5873 2 3 2 25 0 1637 3361 2831
5874 2 3 2 25 0 3361 1637 2830
5875 2 3 2 25 0 2247 3324 3361
5876 2 3 2 25 0 3324 2831 3361
5877 2 3 2 25 0 3340 1636 2829
5878 2 3 2 25 0 1636 3340 2830
5879 2 3 2 25 0 2246 3315 3340
5880 2 3 2 25 0 3315 2830 3340
5881 2 3 2 25 0 3346 1639 2822
5882 2 3 2 25 0 1639 3346 2824
5883 2 3 2 25 0 2266 3330 3346
5884 2 3 2 25 0 3330 2824 3346
5885 2 3 2 25 0 1655 3321 2821
5886 2 3 2 25 0 3321 1655 2825
5887 2 3 2 25 0 2245 3347 3321
5888 2 3 2 25 0 3347 2821 3321
5889 2 3 2 25 0 3339 1653 2847
5890 2 3 2 25 0 1653 3339 2845
5891 2 3 2 25 0 2244 3310 3339
5892 2 3 2 25 0 3310 2845 3339
5893 2 3 2 25 0 1433 3648 2807
5894 2 3 2 25 0 3552 2946 3648
5895 2 3 2 25 0 3921 1433 3227
5896 2 3 2 25 0 1433 3921 3648
5897 2 3 2 25 0 3552 3648 3921
5898 2 3 2 25 0 3316 1654 2816
5899 2 3 2 25 0 1654 3316 2822
5900 2 3 2 25 0 2264 3314 3316
5901 2 3 2 25 0 3314 2822 3316
5902 2 3 2 25 0 3840 2954 1748
5903 2 3 2 25 0 3829 157 158
5904 2 3 2 25 0 3829 2395 2394
5905 2 3 2 25 0 3459 1676 1675
5906 2 3 2 25 0 1676 3459 1677
5907 2 3 2 25 0 3470 2370 3459
5908 2 3 2 25 0 1675 3470 3459
5909 2 3 2 25 0 1657 3344 2810
5910 2 3 2 25 0 3344 1657 2821
5911 2 3 2 25 0 2268 3284 3344
5912 2 3 2 25 0 3284 2810 3344
5913 2 3 2 25 0 3696 2956 1736
5914 2 3 2 25 0 3291 1658 2810
5915 2 3 2 25 0 1658 3291 3280
5916 2 3 2 25 0 3291 2270 3280
5917 2 3 2 25 0 1755 3697 2705
5918 2 3 2 25 0 3697 1755 2887
5919 2 3 2 25 0 3697 1722 2397
5920 2 3 2 25 0 2887 1722 3697
5921 2 3 2 25 0 3849 176 177
5922 2 3 2 25 0 3369 379 378
5923 2 3 2 25 0 3370 2272 3373
5924 2 3 2 25 0 3709 172 173
5925 2 3 2 25 0 382 3594 383
5926 2 3 2 25 0 3594 382 3290
5927 2 3 2 25 0 2352 3594 3290
5928 2 3 2 25 0 3693 2722 1656
5929 2 3 2 25 0 3717 164 165
5930 2 3 2 25 0 165 3713 3717
5931 2 3 2 25 0 3878 1444 2525
5932 2 3 2 25 0 3677 2526 3878
5933 2 3 2 25 0 2525 3677 3878
5934 2 3 2 25 0 2146 3771 3507
5935 2 3 2 25 0 3771 2811 3507
5936 2 3 2 25 0 2811 3771 1431
5937 2 3 2 25 0 3177 3914 1393
5938 2 3 2 25 0 1560 3914 3177
5939 2 3 2 25 0 3189 3914 1560
5940 2 3 2 25 0 3713 165 166
5941 2 3 2 25 0 166 3711 3713
5942 2 3 2 25 0 3715 1802 2442
5943 2 3 2 25 0 1686 3880 1685
5944 2 3 2 25 0 3880 1686 3489
5945 2 3 2 25 0 2389 3880 3489
5946 2 3 2 25 0 152 3926 151
5947 2 3 2 25 0 3926 152 2374
5948 2 3 2 25 0 3711 166 167
5949 2 3 2 25 0 3710 2381 3711
5950 2 3 2 25 0 167 3710 3711
5951 2 3 2 25 0 3710 167 168
5952 2 3 2 25 0 3710 2382 2381
5953 2 3 2 25 0 3708 2382 3710
5954 2 3 2 25 0 168 3708 3710
5955 2 3 2 25 0 3705 171 172
5956 2 3 2 25 0 172 3709 3705
5957 2 3 2 25 0 3708 168 169
5958 2 3 2 25 0 3708 2383 2382
5959 2 3 2 25 0 3707 2383 3708
5960 2 3 2 25 0 169 3707 3708
5961 2 3 2 25 0 3706 170 171
5962 2 3 2 25 0 3706 2385 2384
5963 2 3 2 25 0 3705 2385 3706
5964 2 3 2 25 0 171 3705 3706
5965 2 3 2 25 0 3707 169 170
5966 2 3 2 25 0 3707 2384 2383
5967 2 3 2 25 0 3706 2384 3707
5968 2 3 2 25 0 170 3706 3707
5969 2 3 2 25 0 3714 162 163
5970 2 3 2 25 0 3620 162 3714
5971 2 3 2 25 0 3714 2380 2386
5972 2 3 2 25 0 2386 3620 3714
5973 2 3 2 25 0 3672 177 178
5974 2 3 2 25 0 3620 161 162
5975 2 3 2 25 0 3620 2386 2387
5976 2 3 2 25 0 3418 153 154
5977 2 3 2 25 0 153 3418 2374
5978 2 3 2 25 0 2279 3669 3418
5979 2 3 2 25 0 3669 2374 3418
5980 2 3 2 25 0 2623 3918 1388
5981 2 3 2 25 0 2623 3775 3918
5982 2 3 2 25 0 3775 2342 3918
5983 2 3 2 25 0 3900 1677 3570
5984 2 3 2 25 0 2379 3900 3570
5985 2 3 2 25 0 2404 3704 2632
5986 2 3 2 25 0 3704 2404 2430
5987 2 3 2 25 0 3876 2632 3704
5988 2 3 2 25 0 3495 124 125
5989 2 3 2 25 0 2967 3495 2854
5990 2 3 2 25 0 3495 2967 1918
5991 2 3 2 25 0 1918 124 3495
5992 2 3 2 25 0 2311 3487 2340
5993 2 3 2 25 0 2576 3487 1660
5994 2 3 2 25 0 1670 3788 2574
5995 2 3 2 25 0 2813 3788 1670
5996 2 3 2 25 0 2402 149 150
5997 2 3 2 25 0 3082 149 3494
5998 2 3 2 25 0 149 2402 3494
5999 2 3 2 25 0 3101 3825 1385
6000 2 3 2 25 0 3825 3101 2044
6001 2 3 2 25 0 3185 3825 2044
6002 2 3 2 25 0 3474 1686 1685
6003 2 3 2 25 0 3474 3464 1686
6004 2 3 2 25 0 3460 3464 3474
6005 2 3 2 25 0 1864 3775 2623
6006 2 3 2 25 0 1864 3894 3775
6007 2 3 2 25 0 2342 3775 2393
6008 2 3 2 25 0 3894 2393 3775
6009 2 3 2 25 0 3586 2381 2382
6010 2 3 2 25 0 3583 2381 3586
6011 2 3 2 25 0 3584 1678 1679
6012 2 3 2 25 0 3584 2384 2385
6013 2 3 2 25 0 3585 1679 1680
6014 2 3 2 25 0 3584 1679 3585
6015 2 3 2 25 0 3585 2383 2384
6016 2 3 2 25 0 2384 3584 3585
6017 2 3 2 25 0 3586 1680 1681
6018 2 3 2 25 0 3585 1680 3586
6019 2 3 2 25 0 3586 2382 2383
6020 2 3 2 25 0 2383 3585 3586
6021 2 3 2 25 0 2357 3627 2358
6022 2 3 2 25 0 2357 3657 3627
6023 2 3 2 25 0 3657 1682 3627
6024 2 3 2 25 0 3464 1688 1686
6025 2 3 2 25 0 1688 3464 3412
6026 2 3 2 25 0 3522 1677 3459
6027 2 3 2 25 0 3522 3826 2369
6028 2 3 2 25 0 3522 3459 3826
6029 2 3 2 25 0 2409 3872 2406
6030 2 3 2 25 0 1790 3872 2409
6031 2 3 2 25 0 3465 1457 1456
6032 2 3 2 25 0 3465 1458 1457
6033 2 3 2 25 0 292 291 3287
6034 2 3 2 25 0 292 3743 3242
6035 2 3 2 25 0 292 3287 3743
6036 2 3 2 25 0 1675 3502 1674
6037 2 3 2 25 0 1675 3493 3502
6038 2 3 2 25 0 3493 2378 3502
6039 2 3 2 25 0 3503 1684 1685
6040 2 3 2 25 0 3880 3503 1685
6041 2 3 2 25 0 2358 3619 2359
6042 2 3 2 25 0 2358 3627 3619
6043 2 3 2 25 0 1682 3657 1683
6044 2 3 2 25 0 2356 3657 2357
6045 2 3 2 25 0 2356 3841 3657
6046 2 3 2 25 0 3841 1683 3657
6047 2 3 2 25 0 3638 3550 2410
6048 2 3 2 25 0 3915 1860 2453
6049 2 3 2 25 0 1860 3915 2479
6050 2 3 2 25 0 3915 2347 2479
6051 2 3 2 25 0 2368 3574 2369
6052 2 3 2 25 0 3522 2369 3574
6053 2 3 2 25 0 2359 3616 2360
6054 2 3 2 25 0 2359 3619 3616
6055 2 3 2 25 0 1660 3293 2576
6056 2 3 2 25 0 3293 1660 3286
6057 2 3 2 25 0 2272 3293 3286
6058 2 3 2 25 0 3580 2386 2380
6059 2 3 2 25 0 2360 3613 2361
6060 2 3 2 25 0 2360 3616 3613
6061 2 3 2 25 0 2366 3614 2367
6062 2 3 2 25 0 2366 3612 3614
6063 2 3 2 25 0 2361 3609 2362
6064 2 3 2 25 0 2361 3613 3609
6065 2 3 2 25 0 2365 3612 2366
6066 2 3 2 25 0 2365 3611 3612
6067 2 3 2 25 0 3611 1678 3612
6068 2 3 2 25 0 1680 3608 1681
6069 2 3 2 25 0 2362 3608 2363
6070 2 3 2 25 0 2362 3609 3608
6071 2 3 2 25 0 3609 1681 3608
6072 2 3 2 25 0 1679 3610 1680
6073 2 3 2 25 0 2363 3610 2364
6074 2 3 2 25 0 2363 3608 3610
6075 2 3 2 25 0 3608 1680 3610
6076 2 3 2 25 0 1678 3611 1679
6077 2 3 2 25 0 2364 3611 2365
6078 2 3 2 25 0 2364 3610 3611
6079 2 3 2 25 0 3610 1679 3611
6080 2 3 2 25 0 1916 3896 2886
6081 2 3 2 25 0 3601 1459 1458
6082 2 3 2 25 0 3789 1459 3601
6083 2 3 2 25 0 2151 2214 2203
6084 2 3 2 25 0 2203 2212 2151
6085 2 3 2 25 0 2203 2214 2194
6086 2 3 2 25 0 2347 3488 2444
6087 2 3 2 25 0 3488 2347 2391
6088 2 3 2 25 0 2342 3553 3509
6089 2 3 2 25 0 3553 2438 3509
6090 2 3 2 25 0 1508 2149 2231
6091 2 3 2 25 0 2231 2122 1508
6092 2 3 2 25 0 2227 2122 2231
6093 2 3 2 25 0 1818 3772 2741
6094 2 3 2 25 0 3674 2741 3772
6095 2 3 2 25 0 1873 3114 3224
6096 2 3 2 25 0 3033 3224 3114
6097 2 3 2 25 0 2453 3506 2277
6098 2 3 2 25 0 3506 2453 1860
6099 2 3 2 25 0 3917 2277 3506
6100 2 3 2 25 0 3455 2387 2386
6101 2 3 2 25 0 1404 1536 3201
6102 2 3 2 25 0 3201 2210 1404
6103 2 3 2 25 0 2156 3201 1536
6104 2 3 2 25 0 3201 2156 1978
6105 2 3 2 25 0 1446 3652 1447
6106 2 3 2 25 0 2360 3652 2359
6107 2 3 2 25 0 2360 3656 3652
6108 2 3 2 25 0 3656 1447 3652
6109 2 3 2 25 0 1447 3656 1448
6110 2 3 2 25 0 2361 3656 2360
6111 2 3 2 25 0 2361 3659 3656
6112 2 3 2 25 0 3659 1448 3656
6113 2 3 2 25 0 3847 1456 2522
6114 2 3 2 25 0 3847 3621 2521
6115 2 3 2 25 0 2522 3621 3847
6116 2 3 2 25 0 1454 3664 1455
6117 2 3 2 25 0 2367 3664 2366
6118 2 3 2 25 0 2367 3658 3664
6119 2 3 2 25 0 3658 1455 3664
6120 2 3 2 25 0 1448 3659 1449
6121 2 3 2 25 0 2362 3659 2361
6122 2 3 2 25 0 2362 3663 3659
6123 2 3 2 25 0 3663 1449 3659
6124 2 3 2 25 0 1449 3665 1450
6125 2 3 2 25 0 1449 3663 3665
6126 2 3 2 25 0 2363 3665 2362
6127 2 3 2 25 0 3663 2362 3665
6128 2 3 2 25 0 1450 3666 1451
6129 2 3 2 25 0 1450 3665 3666
6130 2 3 2 25 0 2364 3666 2363
6131 2 3 2 25 0 3665 2363 3666
6132 2 3 2 25 0 1452 3664 1454
6133 2 3 2 25 0 1451 3667 1452
6134 2 3 2 25 0 1451 3666 3667
6135 2 3 2 25 0 2365 3667 2364
6136 2 3 2 25 0 3666 2364 3667
6137 2 3 2 25 0 2105 2104 1376
6138 2 3 2 25 0 2104 1375 1376
6139 2 3 2 25 0 3226 1585 2104
6140 2 3 2 25 0 2104 2105 3226
6141 2 3 2 25 0 3008 3200 2815
6142 2 3 2 25 0 3219 2815 3200
6143 2 3 2 25 0 2488 2341 3592
6144 2 3 2 25 0 3743 2488 3592
6145 2 3 2 25 0 2341 3471 2398
6146 2 3 2 25 0 3606 2398 3471
6147 2 3 2 25 0 2167 3602 3414
6148 2 3 2 25 0 3590 3602 2195
6149 2 3 2 25 0 3414 3602 3590
6150 2 3 2 25 0 2391 3915 1460
6151 2 3 2 25 0 3915 2391 2347
6152 2 3 2 25 0 3915 2453 1460
6153 2 3 2 25 0 3027 3110 3094
6154 2 3 2 25 0 1752 2596 3801
6155 2 3 2 25 0 3801 3593 1752
6156 2 3 2 25 0 1800 3600 3801
6157 2 3 2 25 0 1674 3447 1673
6158 2 3 2 25 0 1674 3502 3447
6159 2 3 2 25 0 3447 3502 3605
6160 2 3 2 25 0 1782 3836 2513
6161 2 3 2 25 0 3836 1782 1725
6162 2 3 2 25 0 3084 3195 3011
6163 2 3 2 25 0 3124 3011 3195
6164 2 3 2 25 0 2368 3658 2367
6165 2 3 2 25 0 2368 3480 3658
6166 2 3 2 25 0 3456 2428 3513
6167 2 3 2 25 0 2671 3513 287
6168 2 3 2 25 0 2671 3498 3513
6169 2 3 2 25 0 3456 3513 3498
6170 2 3 2 25 0 3899 1474 3104
6171 2 3 2 25 0 1912 3899 3104
6172 2 3 2 25 0 2282 3556 2340
6173 2 3 2 25 0 3895 156 157
6174 2 3 2 25 0 3895 2388 2422
6175 2 3 2 25 0 3895 2394 2388
6176 2 3 2 25 0 157 3829 3895
6177 2 3 2 25 0 3829 2394 3895
6178 2 3 2 25 0 2091 2106 1384
6179 2 3 2 25 0 2106 1383 1384
6180 2 3 2 25 0 3210 1575 2106
6181 2 3 2 25 0 2106 2091 3210
6182 2 3 2 25 0 2920 3202 2714
6183 2 3 2 25 0 3202 3179 2755
6184 2 3 2 25 0 2920 3179 3202
6185 2 3 2 25 0 3905 2515 1815
6186 2 3 2 25 0 2393 3894 2344
6187 2 3 2 25 0 2555 3894 1864
6188 2 3 2 25 0 2555 3467 3894
6189 2 3 2 25 0 3894 3467 2344
6190 2 3 2 25 0 3246 3058 3041
6191 2 3 2 25 0 3637 1689 1687
6192 2 3 2 25 0 2388 3889 1716
6193 2 3 2 25 0 2394 3889 2388
6194 2 3 2 25 0 2393 3553 2342
6195 2 3 2 25 0 2443 3877 3478
6196 2 3 2 25 0 3877 2443 2439
6197 2 3 2 25 0 2275 3587 3901
6198 2 3 2 25 0 3901 1687 2813
6199 2 3 2 25 0 3637 1687 3901
6200 2 3 2 25 0 3901 3587 3637
6201 2 3 2 25 0 3243 3160 2914
6202 2 3 2 25 0 2914 3208 3243
6203 2 3 2 25 0 3722 1674 1673
6204 2 3 2 25 0 2792 3193 2561
6205 2 3 2 25 0 2792 3118 3193
6206 2 3 2 25 0 3193 3118 3078
6207 2 3 2 25 0 3058 1897 2541
6208 2 3 2 25 0 1897 3058 2853
6209 2 3 2 25 0 3528 3635 2189
6210 2 3 2 25 0 2195 3635 3446
6211 2 3 2 25 0 3635 2195 1434
6212 2 3 2 25 0 3446 3635 3528
6213 2 3 2 25 0 2369 3480 2368
6214 2 3 2 25 0 2369 3523 3480
6215 2 3 2 25 0 3480 3523 3847
6216 2 3 2 25 0 290 289 3342
6217 2 3 2 25 0 2681 290 3342
6218 2 3 2 25 0 3508 3679 2167
6219 2 3 2 25 0 2168 3679 3451
6220 2 3 2 25 0 3451 3679 3508
6221 2 3 2 25 0 2899 3133 1517
6222 2 3 2 25 0 1517 3133 3121
6223 2 3 2 25 0 3133 2899 2782
6224 2 3 2 25 0 2536 3636 3781
6225 2 3 2 25 0 2592 3781 1442
6226 2 3 2 25 0 3781 3636 1442
6227 2 3 2 25 0 3139 1933 3237
6228 2 3 2 25 0 3622 3237 3088
6229 2 3 2 25 0 3139 3237 3622
6230 2 3 2 25 0 3703 2806 1833
6231 2 3 2 25 0 2806 3703 1810
6232 2 3 2 25 0 3727 1810 3703
6233 2 3 2 25 0 1426 3384 3376
6234 2 3 2 25 0 3376 2346 2371
6235 2 3 2 25 0 3729 2346 3376
6236 2 3 2 25 0 3376 3384 3729
6237 2 3 2 25 0 2444 3877 2439
6238 2 3 2 25 0 3877 2444 3488
6239 2 3 2 25 0 1494 3913 2161
6240 2 3 2 25 0 3913 2116 2161
6241 2 3 2 25 0 2116 3913 1940
6242 2 3 2 25 0 2340 3896 2311
6243 2 3 2 25 0 3623 2570 3783
6244 2 3 2 25 0 2678 3783 3127
6245 2 3 2 25 0 3783 2678 1699
6246 2 3 2 25 0 1699 3623 3783
6247 2 3 2 25 0 1984 3052 3048
6248 2 3 2 25 0 3048 2794 1984
6249 2 3 2 25 0 2133 3694 3048
6250 2 3 2 25 0 3694 2794 3048
6251 2 3 2 25 0 2520 3588 1901
6252 2 3 2 25 0 2024 3843 2458
6253 2 3 2 25 0 3881 3843 2024
6254 2 3 2 25 0 3631 2421 1894
6255 2 3 2 25 0 3699 2421 3631
6256 2 3 2 25 0 3699 3631 3735
6257 2 3 2 25 0 1933 3042 2039
6258 2 3 2 25 0 3129 3042 1933
6259 2 3 2 25 0 3042 1953 2004
6260 2 3 2 25 0 3042 3129 1953
6261 2 3 2 25 0 3632 1721 3633
6262 2 3 2 25 0 2350 3792 3633
6263 2 3 2 25 0 3632 3633 3792
6264 2 3 2 25 0 1810 2529 3105
6265 2 3 2 25 0 2895 1810 3105
6266 2 3 2 25 0 3273 2686 2783
6267 2 3 2 25 0 3273 2889 2686
6268 2 3 2 25 0 3763 2397 1722
6269 2 3 2 25 0 3096 1876 2914
6270 2 3 2 25 0 2914 3160 3096
6271 2 3 2 25 0 3098 3104 1474
6272 2 3 2 25 0 2865 2919 3098
6273 2 3 2 25 0 2978 2865 3098
6274 2 3 2 25 0 3104 3098 2919
6275 2 3 2 25 0 3869 3904 2375
6276 2 3 2 25 0 3869 2421 3505
6277 2 3 2 25 0 2421 3869 1894
6278 2 3 2 25 0 3869 3505 3904
6279 2 3 2 25 0 397 2233 398
6280 2 3 2 25 0 2211 2233 397
6281 2 3 2 25 0 2211 397 2225
6282 2 3 2 25 0 3724 2287 2454
6283 2 3 2 25 0 3504 2287 3724
6284 2 3 2 25 0 3504 3724 3777
6285 2 3 2 25 0 1575 3210 2947
6286 2 3 2 25 0 2884 1608 2947
6287 2 3 2 25 0 2884 2947 3210
6288 2 3 2 25 0 3626 2146 3452
6289 2 3 2 25 0 3626 2285 2273
6290 2 3 2 25 0 3452 2285 3626
6291 2 3 2 25 0 3720 1600 2433
6292 2 3 2 25 0 2278 3720 2433
6293 2 3 2 25 0 1419 3869 2375
6294 2 3 2 25 0 3468 2352 3282
6295 2 3 2 25 0 3468 2452 3115
6296 2 3 2 25 0 3468 3500 2452
6297 2 3 2 25 0 3468 3282 3500
6298 2 3 2 25 0 1799 3525 3188
6299 2 3 2 25 0 1872 3188 2414
6300 2 3 2 25 0 3525 2414 3188
6301 2 3 2 25 0 2281 3597 3729
6302 2 3 2 25 0 3729 2449 2346
6303 2 3 2 25 0 3639 2449 3729
6304 2 3 2 25 0 3729 3597 3639
6305 2 3 2 25 0 2433 3644 2278
6306 2 3 2 25 0 3874 3644 2433
6307 2 3 2 25 0 3421 3644 3874
6308 2 3 2 25 0 2353 3790 2243
6309 2 3 2 25 0 3596 3703 2581
6310 2 3 2 25 0 1809 3773 2781
6311 2 3 2 25 0 3786 3773 1812
6312 2 3 2 25 0 2781 3773 3786
6313 2 3 2 25 0 1585 3226 2950
6314 2 3 2 25 0 2896 2950 3226
6315 2 3 2 25 0 3272 1392 2511
6316 2 3 2 25 0 3272 1886 2979
6317 2 3 2 25 0 1886 3272 2511
6318 2 3 2 25 0 2117 2218 1983
6319 2 3 2 25 0 2218 2219 1983
6320 2 3 2 25 0 2226 2218 2117
6321 2 3 2 25 0 3615 2218 2226
6322 2 3 2 25 0 2232 2218 3615
6323 2 3 2 25 0 1510 3144 2228
6324 2 3 2 25 0 1979 2228 2922
6325 2 3 2 25 0 3144 2922 2228
6326 2 3 2 25 0 3472 1671 3415
6327 2 3 2 25 0 3472 3415 3917
6328 2 3 2 25 0 3511 1418 3485
6329 2 3 2 25 0 2271 3485 2376
6330 2 3 2 25 0 2271 3505 3485
6331 2 3 2 25 0 3485 3505 3511
6332 2 3 2 25 0 2605 2970 3266
6333 2 3 2 25 0 2990 3266 2924
6334 2 3 2 25 0 2970 2924 3266
6335 2 3 2 25 0 3197 1787 3154
6336 2 3 2 25 0 1920 3192 3154
6337 2 3 2 25 0 3154 3192 3197
6338 2 3 2 25 0 1683 3734 1684
6339 2 3 2 25 0 3841 3734 1683
6340 2 3 2 25 0 2354 3734 2355
6341 2 3 2 25 0 2355 3734 3841
6342 2 3 2 25 0 1830 3911 3484
6343 2 3 2 25 0 3006 2953 2752
6344 2 3 2 25 0 2974 3006 2752
6345 2 3 2 25 0 3006 3186 2953
6346 2 3 2 25 0 3186 3006 3024
6347 2 3 2 25 0 1898 2871 3138
6348 2 3 2 25 0 3083 1898 3138
6349 2 3 2 25 0 3083 3138 3022
6350 2 3 2 25 0 2412 3600 1800
6351 2 3 2 25 0 3520 3600 2412
6352 2 3 2 25 0 2886 3600 3520
6353 2 3 2 25 0 2886 3575 3600
6354 2 3 2 25 0 3147 2801 2489
6355 2 3 2 25 0 3141 3147 2489
6356 2 3 2 25 0 2801 3147 2511
6357 2 3 2 25 0 2356 3806 2355
6358 2 3 2 25 0 2355 3806 3512
6359 2 3 2 25 0 2919 1863 3206
6360 2 3 2 25 0 1863 3159 3206
6361 2 3 2 25 0 3104 3206 1912
6362 2 3 2 25 0 3206 3104 2919
6363 2 3 2 25 0 2278 3419 2287
6364 2 3 2 25 0 3246 2078 3116
6365 2 3 2 25 0 3116 2961 2774
6366 2 3 2 25 0 2774 2853 3116
6367 2 3 2 25 0 3058 3116 2853
6368 2 3 2 25 0 3116 3058 3246
6369 2 3 2 25 0 1829 3677 1828
6370 2 3 2 25 0 3677 2525 1828
6371 2 3 2 25 0 2925 3883 2612
6372 2 3 2 25 0 2925 3079 3883
6373 2 3 2 25 0 3079 3119 3883
6374 2 3 2 25 0 3119 3184 3883
6375 2 3 2 25 0 2515 3905 3800
6376 2 3 2 25 0 3920 1459 3800
6377 2 3 2 25 0 3800 3905 3920
6378 2 3 2 25 0 465 2238 466
6379 2 3 2 25 0 2148 465 2216
6380 2 3 2 25 0 2238 465 2148
6381 2 3 2 25 0 2034 1931 3217
6382 2 3 2 25 0 3217 2015 2014
6383 2 3 2 25 0 2014 2034 3217
6384 2 3 2 25 0 3217 2129 2015
6385 2 3 2 25 0 3499 1437 1436
6386 2 3 2 25 0 3598 1437 3499
6387 2 3 2 25 0 3598 3499 3716
6388 2 3 2 25 0 3925 252 251
6389 2 3 2 25 0 2509 252 3925
6390 2 3 2 25 0 184 1990 2803
6391 2 3 2 25 0 1990 184 185
6392 2 3 2 25 0 2344 3599 2393
6393 2 3 2 25 0 2344 3735 3599
6394 2 3 2 25 0 2851 2191 3161
6395 2 3 2 25 0 3145 2851 3161
6396 2 3 2 25 0 2955 3145 3161
6397 2 3 2 25 0 2376 3955 2392
6398 2 3 2 25 0 3955 3873 2392
6399 2 3 2 25 0 3955 2376 3485
6400 2 3 2 25 0 3874 3958 3375
6401 2 3 2 25 0 3959 3788 2813
6402 2 3 2 25 0 3959 3449 3411
6403 2 3 2 25 0 3960 3693 3848
6404 2 3 2 25 0 3693 3960 2722
6405 2 3 2 25 0 1714 3961 2750
6406 2 3 2 25 0 3963 2501 3013
6407 2 3 2 25 0 2501 3963 3957
6408 2 3 2 25 0 3964 3829 158
6409 2 3 2 25 0 3829 3964 2395
6410 2 3 2 25 0 3843 3965 2581
6411 2 3 2 25 0 3965 3596 2581
6412 2 3 2 25 0 384 3967 3115
6413 2 3 2 25 0 3468 3967 3594
6414 2 3 2 25 0 3967 3468 3115
6415 2 3 2 25 0 3968 3379 1659
6416 2 3 2 25 0 323 3969 324
6417 2 3 2 25 0 335 3970 336
6418 2 3 2 25 0 3305 3970 3952
6419 2 3 2 25 0 329 3971 330
6420 2 3 2 25 0 3313 3971 3951
6421 2 3 2 25 0 367 3972 368
6422 2 3 2 25 0 3311 3972 3950
6423 2 3 2 25 0 361 3974 362
6424 2 3 2 25 0 3317 3974 3949
6425 2 3 2 25 0 355 3975 356
6426 2 3 2 25 0 3304 3975 3947
6427 2 3 2 25 0 357 3976 358
6428 2 3 2 25 0 3306 3976 3945
6429 2 3 2 25 0 345 3977 346
6430 2 3 2 25 0 3299 3977 3941
6431 2 3 2 25 0 347 3978 348
6432 2 3 2 25 0 3298 3978 3940
6433 2 3 2 25 0 343 3979 344
6434 2 3 2 25 0 3300 3979 3942
6435 2 3 2 25 0 341 3980 342
6436 2 3 2 25 0 3301 3980 3943
6437 2 3 2 25 0 339 3981 340
6438 2 3 2 25 0 3302 3981 3944
6439 2 3 2 25 0 337 3982 338
6440 2 3 2 25 0 3303 3982 3939
6441 2 3 2 25 0 331 3983 332
6442 2 3 2 25 0 3294 3983 3946
6443 2 3 2 25 0 353 3984 354
6444 2 3 2 25 0 3296 3984 3948
6445 2 3 2 25 0 349 3985 350
6446 2 3 2 25 0 3297 3985 3937
6447 2 3 2 25 0 359 3986 360
6448 2 3 2 25 0 3308 3986 3938
6449 2 3 2 25 0 371 3987 372
6450 2 3 2 25 0 3312 3987 3932
6451 2 3 2 25 0 3988 3896 1916
6452 2 3 2 25 0 3896 3988 2311
6453 2 3 2 25 0 3643 3988 1916
6454 2 3 2 25 0 363 3989 364
6455 2 3 2 25 0 3309 3989 3935
6456 2 3 2 25 0 333 3990 334
6457 2 3 2 25 0 3289 3990 3936
6458 2 3 2 25 0 325 3991 326
6459 2 3 2 25 0 3318 3991 3953
6460 2 3 2 25 0 369 3992 370
6461 2 3 2 25 0 3292 3992 3931
6462 2 3 2 25 0 351 3993 352
6463 2 3 2 25 0 3295 3993 3934
6464 2 3 2 25 0 365 3994 366
6465 2 3 2 25 0 3307 3994 3933
6466 2 3 2 25 0 327 3995 328
6467 2 3 2 25 0 3288 3995 3930
6468 2 3 2 25 0 3996 3635 2956
6469 2 3 2 25 0 3696 3996 2956
6470 2 3 2 25 0 2407 3997 1811
6471 2 3 2 25 0 3997 2407 3557
6472 2 3 2 25 0 3998 3596 2221
6473 2 3 2 25 0 3650 3998 2221
6474 2 3 2 25 0 2077 3999 1485
6475 2 3 2 25 0 2145 3999 1937
6476 2 3 2 25 0 3999 2145 1485
6477 2 3 2 25 0 3999 2077 1937
6478 2 3 2 25 0 4001 1658 2580
6479 2 3 2 25 0 375 4003 376
6480 2 3 2 25 0 3382 4004 2264
6481 2 3 2 25 0 3580 4006 2386
6482 2 3 2 25 0 4006 3580 1682
6483 2 3 2 25 0 4006 3455 2386
6484 2 3 2 25 0 4007 3318 3953
6485 2 3 2 25 0 4008 3379 3516
6486 2 3 2 25 0 2277 4009 1460
6487 2 3 2 25 0 4009 3072 1460
6488 2 3 2 25 0 3372 4010 2272
6489 2 3 2 25 0 4010 3373 2272
6490 2 3 2 25 0 4011 2377 2600
6491 2 3 2 25 0 4011 2414 3525
6492 2 3 2 25 0 2414 4011 2600
6493 2 3 2 25 0 2377 4011 3525
6494 2 3 2 25 0 4012 337 336
6495 2 3 2 25 0 4012 3305 3939
6496 2 3 2 25 0 379 4013 380
6497 2 3 2 25 0 4013 3373 380
6498 2 3 2 25 0 4014 325 324
6499 2 3 2 25 0 4015 331 330
6500 2 3 2 25 0 4015 3313 3946
6501 2 3 2 25 0 4016 1840 2499
6502 2 3 2 25 0 4016 2489 2539
6503 2 3 2 25 0 2489 4016 2499
6504 2 3 2 25 0 1840 4016 2539
6505 2 3 2 25 0 4017 369 368
6506 2 3 2 25 0 4017 3311 3931
6507 2 3 2 25 0 4018 363 362
6508 2 3 2 25 0 4018 3317 3935
6509 2 3 2 25 0 3640 4019 2555
6510 2 3 2 25 0 4019 3640 2390
6511 2 3 2 25 0 4020 333 332
6512 2 3 2 25 0 4020 3294 3936
6513 2 3 2 25 0 4021 339 338
6514 2 3 2 25 0 4021 3303 3944
6515 2 3 2 25 0 4022 341 340
6516 2 3 2 25 0 4022 3302 3943
6517 2 3 2 25 0 4023 343 342
6518 2 3 2 25 0 4023 3301 3942
6519 2 3 2 25 0 4024 345 344
6520 2 3 2 25 0 4024 3300 3941
6521 2 3 2 25 0 4025 347 346
6522 2 3 2 25 0 4025 3299 3940
6523 2 3 2 25 0 4026 349 348
6524 2 3 2 25 0 4026 3298 3937
6525 2 3 2 25 0 4027 357 356
6526 2 3 2 25 0 4027 3304 3945
6527 2 3 2 25 0 4028 359 358
6528 2 3 2 25 0 4028 3306 3938
6529 2 3 2 25 0 4029 351 350
6530 2 3 2 25 0 4029 3297 3934
6531 2 3 2 25 0 4030 355 354
6532 2 3 2 25 0 4030 3296 3947
6533 2 3 2 25 0 4031 361 360
6534 2 3 2 25 0 4031 3308 3949
6535 2 3 2 25 0 4032 327 326
6536 2 3 2 25 0 4032 3318 3930
6537 2 3 2 25 0 4033 365 364
6538 2 3 2 25 0 4033 3309 3933
6539 2 3 2 25 0 4034 335 334
6540 2 3 2 25 0 4034 3289 3952
6541 2 3 2 25 0 4035 373 372
6542 2 3 2 25 0 4035 3312 3929
6543 2 3 2 25 0 4036 3388 2267
6544 2 3 2 25 0 4036 3288 3930
6545 2 3 2 25 0 2441 4037 316
6546 2 3 2 25 0 4038 329 328
6547 2 3 2 25 0 4038 3288 3951
6548 2 3 2 25 0 4039 353 352
6549 2 3 2 25 0 4039 3295 3948
6550 2 3 2 25 0 4040 371 370
6551 2 3 2 25 0 4040 3292 3932
6552 2 3 2 25 0 4041 367 366
6553 2 3 2 25 0 4041 3307 3950
6554 2 3 2 25 0 4042 375 374
6555 2 3 2 25 0 4043 3154 1787
6556 2 3 2 25 0 3154 4043 1664
6557 2 3 2 25 0 2479 4043 1787
6558 2 3 2 25 0 1485 4044 1951
6559 2 3 2 25 0 4044 3192 1951
6560 2 3 2 25 0 4044 1485 2145
6561 2 3 2 25 0 4045 3625 2954
6562 2 3 2 25 0 3840 4045 2954
6563 2 3 2 25 0 3482 4046 3567
6564 2 3 2 25 0 4047 3409 2262
6565 2 3 2 25 0 4047 3289 3936
6566 2 3 2 25 0 4048 3396 2251
6567 2 3 2 25 0 4048 3295 3934
6568 2 3 2 25 0 4049 3392 2269
6569 2 3 2 25 0 4049 3292 3931
6570 2 3 2 25 0 4050 3393 2263
6571 2 3 2 25 0 4050 3307 3933
6572 2 3 2 25 0 1376 4051 2054
6573 2 3 2 25 0 4051 1377 2054
6574 2 3 2 25 0 4052 2018 2782
6575 2 3 2 25 0 4052 3622 3038
6576 2 3 2 25 0 2018 4052 3038
6577 2 3 2 25 0 4053 3387 2264
6578 2 3 2 25 0 4054 3407 2260
6579 2 3 2 25 0 4054 3294 3946
6580 2 3 2 25 0 4055 3403 2259
6581 2 3 2 25 0 4055 3303 3939
6582 2 3 2 25 0 4056 3397 2253
6583 2 3 2 25 0 4056 3297 3937
6584 2 3 2 25 0 4057 3394 2247
6585 2 3 2 25 0 4057 3308 3938
6586 2 3 2 25 0 4058 3402 2258
6587 2 3 2 25 0 4058 3302 3944
6588 2 3 2 25 0 4059 3401 2257
6589 2 3 2 25 0 4059 3301 3943
6590 2 3 2 25 0 4060 3400 2256
6591 2 3 2 25 0 4060 3300 3942
6592 2 3 2 25 0 4061 3398 2254
6593 2 3 2 25 0 4061 3298 3940
6594 2 3 2 25 0 4062 3399 2255
6595 2 3 2 25 0 4062 3299 3941
6596 2 3 2 25 0 4063 3390 2252
6597 2 3 2 25 0 4063 3309 3935
6598 2 3 2 25 0 4064 3404 2248
6599 2 3 2 25 0 4064 3306 3945
6600 2 3 2 25 0 4065 3389 2266
6601 2 3 2 25 0 4065 3312 3932
6602 2 3 2 25 0 4066 3406 2249
6603 2 3 2 25 0 4066 3304 3947
6604 2 3 2 25 0 4067 3405 2250
6605 2 3 2 25 0 4067 3296 3948
6606 2 3 2 25 0 4068 3408 2244
6607 2 3 2 25 0 4068 3313 3951
6608 2 3 2 25 0 4069 3410 2261
6609 2 3 2 25 0 4069 3305 3952
6610 2 3 2 25 0 4070 3391 2246
6611 2 3 2 25 0 4070 3317 3949
6612 2 3 2 25 0 4071 3395 2265
6613 2 3 2 25 0 4071 3311 3950
6614 2 3 2 25 0 3322 4072 3928
6615 2 3 2 25 0 3734 4073 1684
6616 2 3 2 25 0 4074 323 322
6617 2 3 2 25 0 4075 3896 2340
6618 2 3 2 25 0 3556 4075 2340
6619 2 3 2 25 0 3381 4076 3954
6620 2 3 2 25 0 4076 3381 2268
6621 2 3 2 25 0 4077 2816 1656
6622 2 3 2 25 0 3487 4079 1660
6623 2 3 2 25 0 3638 4079 2343
6624 2 3 2 25 0 4079 3638 1660
6625 2 3 2 25 0 4100 3369 3928
6626 2 3 2 25 0 4102 3664 1452
6627 2 3 2 25 0 4102 3667 2365
6628 2 3 2 25 0 3667 4102 1452
6629 2 3 2 25 0 3897 4103 1672
6630 2 3 2 25 0 4105 3672 178
6631 2 3 2 25 0 2551 4106 2583
6632 2 3 2 25 0 3388 4108 2245
6633 2 3 2 25 0 3318 4108 3930
6634 2 3 2 25 0 3465 4109 1458
6635 2 3 2 25 0 4109 3601 1458
6636 2 3 2 25 0 4111 3652 1446
6637 2 3 2 25 0 3652 4111 2359
6638 2 3 2 25 0 3408 4112 2267
6639 2 3 2 25 0 3288 4112 3951
6640 2 3 2 25 0 2501 4113 2345
6641 2 3 2 25 0 4113 2501 3957
6642 2 3 2 25 0 3410 4114 2262
6643 2 3 2 25 0 3289 4114 3952
6644 2 3 2 25 0 3395 4115 2263
6645 2 3 2 25 0 3307 4115 3950
6646 2 3 2 25 0 3405 4116 2251
6647 2 3 2 25 0 3295 4116 3948
6648 2 3 2 25 0 3389 4117 2269
6649 2 3 2 25 0 3292 4117 3932
6650 2 3 2 25 0 3409 4118 2260
6651 2 3 2 25 0 3294 4118 3936
6652 2 3 2 25 0 3387 4119 2266
6653 2 3 2 25 0 3312 4119 3929
6654 2 3 2 25 0 3406 4120 2250
6655 2 3 2 25 0 3296 4120 3947
6656 2 3 2 25 0 3393 4121 2252
6657 2 3 2 25 0 3309 4121 3933
6658 2 3 2 25 0 3404 4123 2249
6659 2 3 2 25 0 3304 4123 3945
6660 2 3 2 25 0 3397 4124 2254
6661 2 3 2 25 0 3298 4124 3937
6662 2 3 2 25 0 3398 4125 2255
6663 2 3 2 25 0 3299 4125 3940
6664 2 3 2 25 0 3391 4126 2247
6665 2 3 2 25 0 3308 4126 3949
6666 2 3 2 25 0 3399 4127 2256
6667 2 3 2 25 0 3300 4127 3941
6668 2 3 2 25 0 3400 4128 2257
6669 2 3 2 25 0 3301 4128 3942
6670 2 3 2 25 0 3401 4129 2258
6671 2 3 2 25 0 3302 4129 3943
6672 2 3 2 25 0 3396 4130 2253
6673 2 3 2 25 0 3297 4130 3934
6674 2 3 2 25 0 3402 4131 2259
6675 2 3 2 25 0 3303 4131 3944
6676 2 3 2 25 0 3394 4132 2248
6677 2 3 2 25 0 3306 4132 3938
6678 2 3 2 25 0 4133 2396 1453
6679 2 3 2 25 0 3650 4133 1453
6680 2 3 2 25 0 3407 4134 2244
6681 2 3 2 25 0 3313 4134 3946
6682 2 3 2 25 0 3392 4135 2265
6683 2 3 2 25 0 3311 4135 3931
6684 2 3 2 25 0 3390 4137 2246
6685 2 3 2 25 0 3317 4137 3935
6686 2 3 2 25 0 3403 4138 2261
6687 2 3 2 25 0 3305 4138 3939
6688 2 3 2 25 0 3697 4141 2705
6689 2 3 2 25 0 4141 3697 2397
6690 2 3 2 25 0 4141 2441 2705
6691 2 3 2 25 0 1659 4143 3599
6692 2 3 2 25 0 4146 3790 2353
6693 2 3 2 25 0 4148 3520 2419
6694 2 3 2 25 0 3520 4148 1916
6695 2 3 2 25 0 3072 4148 2419
6696 2 3 2 25 0 4149 3643 1916
6697 2 3 2 25 0 1949 4150 3013
6698 2 3 2 25 0 4150 1949 1431
6699 2 3 2 25 0 4151 3889 2394
6700 2 3 2 25 0 1688 4151 2394
6701 2 3 2 25 0 4152 390 2982
6702 2 3 2 25 0 1982 4152 2982
6703 2 3 2 25 0 3192 4154 3197
6704 2 3 2 25 0 4154 3215 3197
6705 2 3 2 25 0 4156 3484 1715
6706 2 3 2 25 0 3638 4157 3550
6707 2 3 2 25 0 4157 3415 3550
6708 2 3 2 25 0 4158 1469 2426
6709 2 3 2 25 0 4158 2418 2467
6710 2 3 2 25 0 2418 4158 2426
6711 2 3 2 25 0 1469 4158 2467
6712 2 3 2 25 0 2722 4160 1656
6713 2 3 2 25 0 3455 4161 2387
6714 2 3 2 25 0 3503 4161 1684
6715 2 3 2 25 0 4161 3503 2387
6716 2 3 2 25 0 1984 4162 1419
6717 2 3 2 25 0 4163 2485 3850
6718 2 3 2 25 0 4164 3702 2350
6719 2 3 2 25 0 4165 3443 2170
6720 2 3 2 25 0 3443 4165 3524
6721 2 3 2 25 0 4166 3888 2357
6722 2 3 2 25 0 3888 4166 1444
6723 2 3 2 25 0 4168 3422 2189
6724 2 3 2 25 0 3422 4168 3549
6725 2 3 2 25 0 1953 4169 2082
6726 2 3 2 25 0 2124 4169 3129
6727 2 3 2 25 0 4169 2124 2082
6728 2 3 2 25 0 4169 1953 3129
6729 2 3 2 25 0 4170 3423 2172
6730 2 3 2 25 0 3423 4170 3529
6731 2 3 2 25 0 4171 3435 2181
6732 2 3 2 25 0 3435 4171 3534
6733 2 3 2 25 0 4172 3444 2169
6734 2 3 2 25 0 3444 4172 3510
6735 2 3 2 25 0 4173 3424 2171
6736 2 3 2 25 0 3424 4173 3527
6737 2 3 2 25 0 4174 3436 2180
6738 2 3 2 25 0 3436 4174 3531
6739 2 3 2 25 0 4176 3433 2173
6740 2 3 2 25 0 3433 4176 3539
6741 2 3 2 25 0 4177 3434 2182
6742 2 3 2 25 0 3434 4177 3536
6743 2 3 2 25 0 4178 3442 2175
6744 2 3 2 25 0 3442 4178 3532
6745 2 3 2 25 0 4179 3441 2174
6746 2 3 2 25 0 3441 4179 3535
6747 2 3 2 25 0 4180 3432 2183
6748 2 3 2 25 0 3432 4180 3540
6749 2 3 2 25 0 4181 3440 2176
6750 2 3 2 25 0 3440 4181 3533
6751 2 3 2 25 0 4182 3431 2184
6752 2 3 2 25 0 3431 4182 3541
6753 2 3 2 25 0 4183 3439 2177
6754 2 3 2 25 0 3439 4183 3538
6755 2 3 2 25 0 4185 3430 2185
6756 2 3 2 25 0 3430 4185 3542
6757 2 3 2 25 0 4186 3429 2186
6758 2 3 2 25 0 3429 4186 3544
6759 2 3 2 25 0 3428 4187 3546
6760 2 3 2 25 0 4188 3426 2187
6761 2 3 2 25 0 3426 4188 3547
6762 2 3 2 25 0 4189 3438 2178
6763 2 3 2 25 0 3438 4189 3543
6764 2 3 2 25 0 4190 3588 2520
6765 2 3 2 25 0 4191 3425 2188
6766 2 3 2 25 0 3425 4191 3548
6767 2 3 2 25 0 4192 2505 3690
6768 2 3 2 25 0 2505 4192 2794
6769 2 3 2 25 0 4193 3437 2179
6770 2 3 2 25 0 3437 4193 3537
6771 2 3 2 25 0 2005 4195 1550
6772 2 3 2 25 0 4195 2125 1550
6773 2 3 2 25 0 4195 2005 2033
6774 2 3 2 25 0 4196 2379 3849
6775 2 3 2 25 0 2379 4196 3900
6776 2 3 2 25 0 4197 241 240
6777 2 3 2 25 0 4197 2235 2234
6778 2 3 2 25 0 2235 4197 240
6779 2 3 2 25 0 3626 4198 3771
6780 2 3 2 25 0 4199 2418 1791
6781 2 3 2 25 0 2418 4199 2403
6782 2 3 2 25 0 2929 2930 1368
6783 2 3 2 25 0 2929 1714 2930
6784 2 3 2 25 0 1522 4195 2033
6785 2 3 2 25 0 1522 2125 4195
6786 2 3 2 25 0 3412 4151 1688
6787 2 3 2 25 0 4197 2134 241
6788 2 3 2 25 0 2234 2134 4197
6789 2 3 2 25 0 4146 3968 1659
6790 2 3 2 25 0 2353 3968 4146
6791 2 3 2 25 0 4037 4141 2397
6792 2 3 2 25 0 4037 2441 4141
6793 2 3 2 25 0 4148 4149 1916
6794 2 3 2 25 0 4148 3072 4149
6795 2 3 2 25 0 4155 3283 4175
6796 2 3 2 25 0 3995 4038 328
6797 2 3 2 25 0 3995 3288 4038
6798 2 3 2 25 0 4112 4036 2267
6799 2 3 2 25 0 3288 4036 4112
6800 2 3 2 25 0 3990 4034 334
6801 2 3 2 25 0 3990 3289 4034
6802 2 3 2 25 0 4114 4047 2262
6803 2 3 2 25 0 3289 4047 4114
6804 2 3 2 25 0 3992 4040 370
6805 2 3 2 25 0 3992 3292 4040
6806 2 3 2 25 0 4117 4049 2269
6807 2 3 2 25 0 3292 4049 4117
6808 2 3 2 25 0 3983 4020 332
6809 2 3 2 25 0 3983 3294 4020
6810 2 3 2 25 0 4118 4054 2260
6811 2 3 2 25 0 3294 4054 4118
6812 2 3 2 25 0 3993 4039 352
6813 2 3 2 25 0 3993 3295 4039
6814 2 3 2 25 0 4116 4048 2251
6815 2 3 2 25 0 3295 4048 4116
6816 2 3 2 25 0 3984 4030 354
6817 2 3 2 25 0 3984 3296 4030
6818 2 3 2 25 0 4120 4067 2250
6819 2 3 2 25 0 3296 4067 4120
6820 2 3 2 25 0 3985 4029 350
6821 2 3 2 25 0 3985 3297 4029
6822 2 3 2 25 0 4130 4056 2253
6823 2 3 2 25 0 3297 4056 4130
6824 2 3 2 25 0 3978 4026 348
6825 2 3 2 25 0 3978 3298 4026
6826 2 3 2 25 0 4124 4061 2254
6827 2 3 2 25 0 3298 4061 4124
6828 2 3 2 25 0 3977 4025 346
6829 2 3 2 25 0 3977 3299 4025
6830 2 3 2 25 0 4125 4062 2255
6831 2 3 2 25 0 3299 4062 4125
6832 2 3 2 25 0 3979 4024 344
6833 2 3 2 25 0 3979 3300 4024
6834 2 3 2 25 0 4127 4060 2256
6835 2 3 2 25 0 3300 4060 4127
6836 2 3 2 25 0 3980 4023 342
6837 2 3 2 25 0 3980 3301 4023
6838 2 3 2 25 0 4128 4059 2257
6839 2 3 2 25 0 3301 4059 4128
6840 2 3 2 25 0 3981 4022 340
6841 2 3 2 25 0 3981 3302 4022
6842 2 3 2 25 0 4129 4058 2258
6843 2 3 2 25 0 3302 4058 4129
6844 2 3 2 25 0 3982 4021 338
6845 2 3 2 25 0 3982 3303 4021
6846 2 3 2 25 0 4131 4055 2259
6847 2 3 2 25 0 3303 4055 4131
6848 2 3 2 25 0 3975 4027 356
6849 2 3 2 25 0 3975 3304 4027
6850 2 3 2 25 0 4123 4066 2249
6851 2 3 2 25 0 3304 4066 4123
6852 2 3 2 25 0 3970 4012 336
6853 2 3 2 25 0 3970 3305 4012
6854 2 3 2 25 0 4138 4069 2261
6855 2 3 2 25 0 3305 4069 4138
6856 2 3 2 25 0 3976 4028 358
6857 2 3 2 25 0 3976 3306 4028
6858 2 3 2 25 0 4132 4064 2248
6859 2 3 2 25 0 3306 4064 4132
6860 2 3 2 25 0 3994 4041 366
6861 2 3 2 25 0 3994 3307 4041
6862 2 3 2 25 0 4115 4050 2263
6863 2 3 2 25 0 3307 4050 4115
6864 2 3 2 25 0 3986 4031 360
6865 2 3 2 25 0 3986 3308 4031
6866 2 3 2 25 0 4126 4057 2247
6867 2 3 2 25 0 3308 4057 4126
6868 2 3 2 25 0 3989 4033 364
6869 2 3 2 25 0 3989 3309 4033
6870 2 3 2 25 0 4121 4063 2252
6871 2 3 2 25 0 3309 4063 4121
6872 2 3 2 25 0 3972 4017 368
6873 2 3 2 25 0 3972 3311 4017
6874 2 3 2 25 0 4135 4071 2265
6875 2 3 2 25 0 3311 4071 4135
6876 2 3 2 25 0 3987 4035 372
6877 2 3 2 25 0 3987 3312 4035
6878 2 3 2 25 0 4119 4065 2266
6879 2 3 2 25 0 3312 4065 4119
6880 2 3 2 25 0 3971 4015 330
6881 2 3 2 25 0 3971 3313 4015
6882 2 3 2 25 0 4134 4068 2244
6883 2 3 2 25 0 3313 4068 4134
6884 2 3 2 25 0 3974 4018 362
6885 2 3 2 25 0 3974 3317 4018
6886 2 3 2 25 0 4137 4070 2246
6887 2 3 2 25 0 3317 4070 4137
6888 2 3 2 25 0 3991 4032 326
6889 2 3 2 25 0 3991 3318 4032
6890 2 3 2 25 0 4108 4007 2245
6891 2 3 2 25 0 3318 4007 4108
6892 2 3 2 25 0 4072 3322 4107
6893 2 3 2 25 0 4004 4053 2264
6894 2 3 2 25 0 3969 4014 324
6895 2 3 2 25 0 4142 4076 2268
6896 2 3 2 25 0 4080 3369 4100
6897 2 3 2 25 0 1683 4006 1682
6898 2 3 2 25 0 1683 3455 4006
6899 2 3 2 25 0 4079 2311 2343
6900 2 3 2 25 0 3487 2311 4079
6901 2 3 2 25 0 4139 4001 2580
6902 2 3 2 25 0 3599 4146 1659
6903 2 3 2 25 0 2515 4122 2457
6904 2 3 2 25 0 2515 3800 4122
6905 2 3 2 25 0 3493 4196 2378
6906 2 3 2 25 0 3493 3900 4196
6907 2 3 2 25 0 4150 3963 3013
6908 2 3 2 25 0 4046 2168 3567
6909 2 3 2 25 0 3380 294 293
6910 2 3 2 25 0 3702 294 3380
6911 2 3 2 25 0 3653 2339 2285
6912 2 3 2 25 0 3482 2339 3653
6913 2 3 2 25 0 4073 1685 1684
6914 2 3 2 25 0 3474 1685 4073
6915 2 3 2 25 0 3964 2389 2395
6916 2 3 2 25 0 179 4105 178
6917 2 3 2 25 0 3988 2343 2311
6918 2 3 2 25 0 3643 2343 3988
6919 2 3 2 25 0 4160 4077 1656
6920 2 3 2 25 0 3465 2370 4109
6921 2 3 2 25 0 383 3967 384
6922 2 3 2 25 0 383 3594 3967
6923 2 3 2 25 0 4103 1673 1672
6924 2 3 2 25 0 3722 1673 4103
6925 2 3 2 25 0 4166 1445 1444
6926 2 3 2 25 0 2358 4166 2357
6927 2 3 2 25 0 1445 4111 1446
6928 2 3 2 25 0 4111 2358 2359
6929 2 3 2 25 0 4161 1683 1684
6930 2 3 2 25 0 3455 1683 4161
6931 2 3 2 25 0 2366 4102 2365
6932 2 3 2 25 0 2366 3664 4102
6933 2 3 2 25 0 1418 3955 3485
6934 2 3 2 25 0 1418 3873 3955
6935 2 3 2 25 0 4168 2188 3549
6936 2 3 2 25 0 3625 2188 4168
6937 2 3 2 25 0 4191 2187 3548
6938 2 3 2 25 0 4189 2177 3543
6939 2 3 2 25 0 4183 2176 3538
6940 2 3 2 25 0 4187 2186 3546
6941 2 3 2 25 0 4186 2185 3544
6942 2 3 2 25 0 4185 2184 3542
6943 2 3 2 25 0 4182 2183 3541
6944 2 3 2 25 0 4180 2182 3540
6945 2 3 2 25 0 4177 2181 3536
6946 2 3 2 25 0 4171 2180 3534
6947 2 3 2 25 0 4181 2175 3533
6948 2 3 2 25 0 4179 2173 3535
6949 2 3 2 25 0 4193 2178 3537
6950 2 3 2 25 0 4178 2174 3532
6951 2 3 2 25 0 4174 2179 3531
6952 2 3 2 25 0 4176 2172 3539
6953 2 3 2 25 0 4170 2171 3529
6954 2 3 2 25 0 4165 2169 3524
6955 2 3 2 25 0 4173 2170 3527
6956 2 3 2 25 0 2393 4143 3553
6957 2 3 2 25 0 2393 3599 4143
6958 2 3 2 25 0 1687 3959 2813
6959 2 3 2 25 0 1687 3449 3959
6960 2 3 2 25 0 1674 3722 3956
6961 2 3 2 25 0 3445 3911 1830
6962 2 3 2 25 0 1829 3445 2526
6963 2 3 2 25 0 2282 3960 3848
6964 2 3 2 25 0 1915 4052 2782
6965 2 3 2 25 0 1915 3622 4052
6966 2 3 2 25 0 3917 4145 2277
6967 2 3 2 25 0 3917 3415 4145
6968 2 3 2 25 0 4019 1418 2555
6969 2 3 2 25 0 3873 1418 4019
6970 2 3 2 25 0 3928 4072 4100
6971 2 3 2 25 0 4042 4003 375
6972 2 3 2 25 0 4107 4004 3382
6973 2 3 2 25 0 4053 4119 3387
6974 2 3 2 25 0 4053 3929 4119
6975 2 3 2 25 0 4032 3995 327
6976 2 3 2 25 0 3930 3995 4032
6977 2 3 2 25 0 4036 4108 3388
6978 2 3 2 25 0 4036 3930 4108
6979 2 3 2 25 0 4017 3992 369
6980 2 3 2 25 0 3931 3992 4017
6981 2 3 2 25 0 4049 4135 3392
6982 2 3 2 25 0 4049 3931 4135
6983 2 3 2 25 0 4040 3987 371
6984 2 3 2 25 0 3932 3987 4040
6985 2 3 2 25 0 4065 4117 3389
6986 2 3 2 25 0 4065 3932 4117
6987 2 3 2 25 0 4033 3994 365
6988 2 3 2 25 0 3933 3994 4033
6989 2 3 2 25 0 4050 4121 3393
6990 2 3 2 25 0 4050 3933 4121
6991 2 3 2 25 0 4029 3993 351
6992 2 3 2 25 0 3934 3993 4029
6993 2 3 2 25 0 4048 4130 3396
6994 2 3 2 25 0 4048 3934 4130
6995 2 3 2 25 0 4018 3989 363
6996 2 3 2 25 0 3935 3989 4018
6997 2 3 2 25 0 4063 4137 3390
6998 2 3 2 25 0 4063 3935 4137
6999 2 3 2 25 0 4020 3990 333
7000 2 3 2 25 0 3936 3990 4020
7001 2 3 2 25 0 4047 4118 3409
7002 2 3 2 25 0 4047 3936 4118
7003 2 3 2 25 0 4026 3985 349
7004 2 3 2 25 0 3937 3985 4026
7005 2 3 2 25 0 4056 4124 3397
7006 2 3 2 25 0 4056 3937 4124
7007 2 3 2 25 0 4028 3986 359
7008 2 3 2 25 0 3938 3986 4028
7009 2 3 2 25 0 4057 4132 3394
7010 2 3 2 25 0 4057 3938 4132
7011 2 3 2 25 0 4012 3982 337
7012 2 3 2 25 0 3939 3982 4012
7013 2 3 2 25 0 4055 4138 3403
7014 2 3 2 25 0 4055 3939 4138
7015 2 3 2 25 0 4025 3978 347
7016 2 3 2 25 0 3940 3978 4025
7017 2 3 2 25 0 4061 4125 3398
7018 2 3 2 25 0 4061 3940 4125
7019 2 3 2 25 0 4024 3977 345
7020 2 3 2 25 0 3941 3977 4024
7021 2 3 2 25 0 4062 4127 3399
7022 2 3 2 25 0 4062 3941 4127
7023 2 3 2 25 0 4023 3979 343
7024 2 3 2 25 0 3942 3979 4023
7025 2 3 2 25 0 4060 4128 3400
7026 2 3 2 25 0 4060 3942 4128
7027 2 3 2 25 0 4022 3980 341
7028 2 3 2 25 0 3943 3980 4022
7029 2 3 2 25 0 4059 4129 3401
7030 2 3 2 25 0 4059 3943 4129
7031 2 3 2 25 0 4021 3981 339
7032 2 3 2 25 0 3944 3981 4021
7033 2 3 2 25 0 4058 4131 3402
7034 2 3 2 25 0 4058 3944 4131
7035 2 3 2 25 0 4027 3976 357
7036 2 3 2 25 0 3945 3976 4027
7037 2 3 2 25 0 4064 4123 3404
7038 2 3 2 25 0 4064 3945 4123
7039 2 3 2 25 0 4015 3983 331
7040 2 3 2 25 0 3946 3983 4015
7041 2 3 2 25 0 4054 4134 3407
7042 2 3 2 25 0 4054 3946 4134
7043 2 3 2 25 0 4030 3975 355
7044 2 3 2 25 0 3947 3975 4030
7045 2 3 2 25 0 4066 4120 3406
7046 2 3 2 25 0 4066 3947 4120
7047 2 3 2 25 0 4039 3984 353
7048 2 3 2 25 0 3948 3984 4039
7049 2 3 2 25 0 4067 4116 3405
7050 2 3 2 25 0 4067 3948 4116
7051 2 3 2 25 0 4031 3974 361
7052 2 3 2 25 0 3949 3974 4031
7053 2 3 2 25 0 4070 4126 3391
7054 2 3 2 25 0 4070 3949 4126
7055 2 3 2 25 0 4041 3972 367
7056 2 3 2 25 0 3950 3972 4041
7057 2 3 2 25 0 4071 4115 3395
7058 2 3 2 25 0 4071 3950 4115
7059 2 3 2 25 0 4038 3971 329
7060 2 3 2 25 0 3951 3971 4038
7061 2 3 2 25 0 4068 4112 3408
7062 2 3 2 25 0 4068 3951 4112
7063 2 3 2 25 0 4034 3970 335
7064 2 3 2 25 0 3952 3970 4034
7065 2 3 2 25 0 4069 4114 3410
7066 2 3 2 25 0 4069 3952 4114
7067 2 3 2 25 0 4014 3991 325
7068 2 3 2 25 0 3953 3991 4014
7069 2 3 2 25 0 4007 3953 4142
7070 2 3 2 25 0 4074 3969 323
7071 2 3 2 25 0 3954 3969 4074
7072 2 3 2 25 0 4009 4149 3072
7073 2 3 2 25 0 4113 3957 4139
7074 2 3 2 25 0 3962 3957 3963
7075 2 3 2 25 0 4044 4154 3192
7076 2 3 2 25 0 3973 1788 3597
7077 2 3 2 25 0 1788 3973 3795
7078 2 3 2 25 0 3597 4110 3973
7079 2 3 2 25 0 4104 139 140
7080 2 3 2 25 0 4104 3043 1930
7081 2 3 2 25 0 3043 4104 140
7082 2 3 2 25 0 3877 3908 3478
7083 2 3 2 25 0 3908 3877 3488
7084 2 3 2 25 0 317 316 4037
7085 2 3 2 25 0 3449 1687 4200
7086 2 3 2 25 0 4200 3477 3377
7087 2 3 2 25 0 3477 4200 1689
7088 2 3 2 25 0 4200 1687 1689
7089 2 3 2 25 0 136 3557 2407
7090 2 3 2 25 0 137 3557 136
7091 2 3 2 25 0 3772 3576 3603
7092 2 3 2 25 0 4104 1901 3588
7093 2 3 2 25 0 1901 4104 1930
7094 2 3 2 25 0 4143 1659 3379
7095 2 3 2 25 0 4143 2438 3553
7096 2 3 2 25 0 4143 4008 2438
7097 2 3 2 25 0 4143 3379 4008
7098 2 3 2 25 0 3626 2273 3962
7099 2 3 2 25 0 4198 3626 3962
7100 2 3 2 25 0 4136 3926 2374
7101 2 3 2 25 0 3587 3926 4136
7102 2 3 2 25 0 3637 3587 4136
7103 2 3 2 25 0 4106 2551 285
7104 2 3 2 25 0 4009 2277 4145
7105 2 3 2 25 0 3643 4149 4145
7106 2 3 2 25 0 4009 4145 4149
7107 2 3 2 25 0 2952 142 2507
7108 2 3 2 25 0 3316 4077 3382
7109 2 3 2 25 0 4077 3316 2816
7110 2 3 2 25 0 2793 4184 1493
7111 2 3 2 25 0 2793 2583 4184
7112 2 3 2 25 0 3575 3593 3600
7113 2 3 2 25 0 3600 3593 3801
7114 2 3 2 25 0 3958 2433 1600
7115 2 3 2 25 0 2433 3958 3874
7116 2 3 2 25 0 1600 4101 3958
7117 2 3 2 25 0 3790 3735 3631
7118 2 3 2 25 0 3417 3790 3631
7119 2 3 2 25 0 4010 3290 381
7120 2 3 2 25 0 3290 4010 3372
7121 2 3 2 25 0 380 3373 4010
7122 2 3 2 25 0 380 4010 381
7123 2 3 2 25 0 391 4152 3000
7124 2 3 2 25 0 4152 391 390
7125 2 3 2 25 0 4152 1982 3000
7126 2 3 2 25 0 3653 3452 3491
7127 2 3 2 25 0 4046 3482 3653
7128 2 3 2 25 0 3491 4046 3653
7129 2 3 2 25 0 4001 3497 1658
7130 2 3 2 25 0 3497 4001 2273
7131 2 3 2 25 0 3887 3592 2341
7132 2 3 2 25 0 3792 3592 3887
7133 2 3 2 25 0 3632 3792 3887
7134 2 3 2 25 0 4184 1563 1493
7135 2 3 2 25 0 1563 4184 283
7136 2 3 2 25 0 4184 284 283
7137 2 3 2 25 0 159 160 3769
7138 2 3 2 25 0 2167 3679 4144
7139 2 3 2 25 0 3580 2380 3572
7140 2 3 2 25 0 3512 3571 1443
7141 2 3 2 25 0 3512 3806 3571
7142 2 3 2 25 0 3571 3806 3604
7143 2 3 2 25 0 2188 3625 4045
7144 2 3 2 25 0 4045 4191 2188
7145 2 3 2 25 0 2375 3778 1419
7146 2 3 2 25 0 3778 2375 3385
7147 2 3 2 25 0 4164 295 3702
7148 2 3 2 25 0 295 4164 16
7149 2 3 2 25 0 3850 16 4164
7150 2 3 2 25 0 3850 4164 4163
7151 2 3 2 25 0 2974 3040 2661
7152 2 3 2 25 0 2974 2984 2849
7153 2 3 2 25 0 2849 3040 2974
7154 2 3 2 25 0 3784 3833 1482
7155 2 3 2 25 0 3784 1482 3891
7156 2 3 2 25 0 4146 3599 3735
7157 2 3 2 25 0 4146 3735 3790
7158 2 3 2 25 0 4175 3283 3966
7159 2 3 2 25 0 3966 3293 3370
7160 2 3 2 25 0 3293 3966 2576
7161 2 3 2 25 0 3370 4175 3966
7162 2 3 2 25 0 3881 2504 3462
7163 2 3 2 25 0 3420 4147 3281
7164 2 3 2 25 0 4147 3420 2270
7165 2 3 2 25 0 3777 3606 3471
7166 2 3 2 25 0 3606 3777 3724
7167 2 3 2 25 0 2189 3635 3996
7168 2 3 2 25 0 3996 4168 2189
7169 2 3 2 25 0 2954 3625 3996
7170 2 3 2 25 0 3696 2954 3996
7171 2 3 2 25 0 3996 3625 4168
7172 2 3 2 25 0 3804 3773 3196
7173 2 3 2 25 0 3890 3918 2342
7174 2 3 2 25 0 2342 3509 3890
7175 2 3 2 25 0 3918 3890 2415
7176 2 3 2 25 0 3484 3911 3961
7177 2 3 2 25 0 3575 4075 3227
7178 2 3 2 25 0 4075 3556 3227
7179 2 3 2 25 0 2886 3896 4075
7180 2 3 2 25 0 2886 4075 3575
7181 2 3 2 25 0 2798 3225 3022
7182 2 3 2 25 0 3683 3688 1826
7183 2 3 2 25 0 3561 3688 3564
7184 2 3 2 25 0 3683 3564 3688
7185 2 3 2 25 0 3561 1447 3560
7186 2 3 2 25 0 3688 3560 1825
7187 2 3 2 25 0 3689 1825 3560
7188 2 3 2 25 0 3688 3561 3560
7189 2 3 2 25 0 4194 3487 2576
7190 2 3 2 25 0 3796 2740 3674
7191 2 3 2 25 0 3674 3591 3796
7192 2 3 2 25 0 3591 3674 3603
7193 2 3 2 25 0 3674 3772 3603
7194 2 3 2 25 0 3916 2549 2483
7195 2 3 2 25 0 3035 3916 2483
7196 2 3 2 25 0 2791 2549 3916
7197 2 3 2 25 0 3596 3727 3703
7198 2 3 2 25 0 3462 3411 2221
7199 2 3 2 25 0 3462 3959 3411
7200 2 3 2 25 0 3462 3788 3959
7201 2 3 2 25 0 1367 2928 2929
7202 2 3 2 25 0 3961 1714 2929
7203 2 3 2 25 0 3882 1670 1666
7204 2 3 2 25 0 3882 1945 2275
7205 2 3 2 25 0 3882 3901 1670
7206 2 3 2 25 0 2275 3901 3882
7207 2 3 2 25 0 3965 3462 2221
7208 2 3 2 25 0 3596 3965 2221
7209 2 3 2 25 0 3965 3881 3462
7210 2 3 2 25 0 3965 3843 3881
7211 2 3 2 25 0 3720 3761 1600
7212 2 3 2 25 0 3504 3777 3720
7213 2 3 2 25 0 3777 3761 3720
7214 2 3 2 25 0 1603 3649 3723
7215 2 3 2 25 0 4163 2587 2485
7216 2 3 2 25 0 3844 3506 2465
7217 2 3 2 25 0 3472 3917 3844
7218 2 3 2 25 0 3844 3917 3506
7219 2 3 2 25 0 314 16 3922
7220 2 3 2 25 0 3922 16 3850
7221 2 3 2 25 0 3683 1827 3680
7222 2 3 2 25 0 3564 3680 3566
7223 2 3 2 25 0 3680 3564 3683
7224 2 3 2 25 0 3521 3828 2274
7225 2 3 2 25 0 3903 2403 3828
7226 2 3 2 25 0 3828 3521 3903
7227 2 3 2 25 0 2006 2894 3742
7228 2 3 2 25 0 3742 3715 2797
7229 2 3 2 25 0 2241 3968 3453
7230 2 3 2 25 0 3968 2241 3379
7231 2 3 2 25 0 3479 3968 2353
7232 2 3 2 25 0 3453 3968 3479
7233 2 3 2 25 0 3514 3690 3419
7234 2 3 2 25 0 3591 3603 2521
7235 2 3 2 25 0 3738 2345 3486
7236 2 3 2 25 0 4113 3486 2345
7237 2 3 2 25 0 4107 3382 4077
7238 2 3 2 25 0 4167 4072 4107
7239 2 3 2 25 0 3870 1852 2783
7240 2 3 2 25 0 2400 3870 2783
7241 2 3 2 25 0 3580 3572 1682
7242 2 3 2 25 0 3572 3627 1682
7243 2 3 2 25 0 3627 3572 3619
7244 2 3 2 25 0 3721 2713 2004
7245 2 3 2 25 0 2713 3721 2597
7246 2 3 2 25 0 3721 3208 2597
7247 2 3 2 25 0 3091 3208 3721
7248 2 3 2 25 0 2576 3966 4194
7249 2 3 2 25 0 3966 3283 4194
7250 2 3 2 25 0 321 4147 322
7251 2 3 2 25 0 4147 321 3281
7252 2 3 2 25 0 4147 4074 322
7253 2 3 2 25 0 3956 3789 3601
7254 2 3 2 25 0 1608 3651 2947
7255 2 3 2 25 0 2947 3651 1610
7256 2 3 2 25 0 1610 3651 2639
7257 2 3 2 25 0 3560 1448 3558
7258 2 3 2 25 0 3687 1824 3558
7259 2 3 2 25 0 3689 3558 1824
7260 2 3 2 25 0 3689 3560 3558
7261 2 3 2 25 0 3730 2527 3902
7262 2 3 2 25 0 3797 3902 2737
7263 2 3 2 25 0 3886 2737 3902
7264 2 3 2 25 0 3797 3730 3902
7265 2 3 2 25 0 2950 3646 1617
7266 2 3 2 25 0 1617 3646 2655
7267 2 3 2 25 0 2678 3127 2536
7268 2 3 2 25 0 267 1598 1551
7269 2 3 2 25 0 2977 3045 2983
7270 2 3 2 25 0 4073 2354 3481
7271 2 3 2 25 0 4073 3734 2354
7272 2 3 2 25 0 2963 3093 2677
7273 2 3 2 25 0 2809 3093 2712
7274 2 3 2 25 0 2963 2712 3093
7275 2 3 2 25 0 3778 1984 1419
7276 2 3 2 25 0 3052 1984 3778
7277 2 3 2 25 0 3519 3723 2377
7278 2 3 2 25 0 3916 4019 2390
7279 2 3 2 25 0 2392 3916 3035
7280 2 3 2 25 0 2392 3873 3916
7281 2 3 2 25 0 3916 3873 4019
7282 2 3 2 25 0 3789 4122 1459
7283 2 3 2 25 0 3800 1459 4122
7284 2 3 2 25 0 3789 3839 4122
7285 2 3 2 25 0 458 2615 1921
7286 2 3 2 25 0 3897 3839 4103
7287 2 3 2 25 0 3789 4103 3839
7288 2 3 2 25 0 3722 4103 3956
7289 2 3 2 25 0 3789 3956 4103
7290 2 3 2 25 0 3859 2946 4000
7291 2 3 2 25 0 3554 3458 3454
7292 2 3 2 25 0 3554 3921 3458
7293 2 3 2 25 0 3552 3921 3554
7294 2 3 2 25 0 3672 3502 2378
7295 2 3 2 25 0 3605 3502 3672
7296 2 3 2 25 0 3672 4105 3605
7297 2 3 2 25 0 3022 3225 3805
7298 2 3 2 25 0 2035 3027 1357
7299 2 3 2 25 0 3094 1357 3027
7300 2 3 2 25 0 3027 2035 1596
7301 2 3 2 25 0 3849 177 3672
7302 2 3 2 25 0 2378 3849 3672
7303 2 3 2 25 0 4196 3849 2378
7304 2 3 2 25 0 3370 4080 4175
7305 2 3 2 25 0 4080 4100 4175
7306 2 3 2 25 0 4100 4155 4175
7307 2 3 2 25 0 2996 1692 3589
7308 2 3 2 25 0 1692 2895 3589
7309 2 3 2 25 0 3589 3135 2949
7310 2 3 2 25 0 3589 2949 2996
7311 2 3 2 25 0 3605 3526 3447
7312 2 3 2 25 0 1454 3655 1452
7313 2 3 2 25 0 3576 3655 1454
7314 2 3 2 25 0 3565 1452 3655
7315 2 3 2 25 0 3655 3576 3772
7316 2 3 2 25 0 3772 1818 3655
7317 2 3 2 25 0 3678 3565 3655
7318 2 3 2 25 0 3678 3655 1820
7319 2 3 2 25 0 2281 3569 4110
7320 2 3 2 25 0 4110 3597 2281
7321 2 3 2 25 0 4110 3569 3624
7322 2 3 2 25 0 4110 3624 3375
7323 2 3 2 25 0 3958 4110 3375
7324 2 3 2 25 0 3728 2478 2003
7325 2 3 2 25 0 4122 3728 2457
7326 2 3 2 25 0 3728 3839 2478
7327 2 3 2 25 0 3839 3728 4122
7328 2 3 2 25 0 3880 2389 3769
7329 2 3 2 25 0 3769 3503 3880
7330 2 3 2 25 0 1377 4051 1705
7331 2 3 2 25 0 1706 4051 1376
7332 2 3 2 25 0 4051 1706 1705
7333 2 3 2 25 0 3709 3582 3705
7334 2 3 2 25 0 3715 1789 1802
7335 2 3 2 25 0 1789 3715 2894
7336 2 3 2 25 0 3742 2894 3715
7337 2 3 2 25 0 1731 4000 3846
7338 2 3 2 25 0 3859 4000 1731
7339 2 3 2 25 0 1724 4144 3879
7340 2 3 2 25 0 3909 4144 1724
7341 2 3 2 25 0 1453 3998 3650
7342 2 3 2 25 0 3998 1453 2529
7343 2 3 2 25 0 3727 3596 3998
7344 2 3 2 25 0 2529 3727 3998
7345 2 3 2 25 0 4005 128 129
7346 2 3 2 25 0 3565 3562 1451
7347 2 3 2 25 0 3678 1821 3562
7348 2 3 2 25 0 3682 3562 1821
7349 2 3 2 25 0 3562 3565 3678
7350 2 3 2 25 0 2123 2036 1937
7351 2 3 2 25 0 2036 2145 1937
7352 2 3 2 25 0 3862 1437 3598
7353 2 3 2 25 0 3862 1439 3628
7354 2 3 2 25 0 3862 3642 1439
7355 2 3 2 25 0 3598 3642 3862
7356 2 3 2 25 0 4154 4044 2145
7357 2 3 2 25 0 4154 2145 2036
7358 2 3 2 25 0 1922 3215 4154
7359 2 3 2 25 0 1922 4154 2036
7360 2 3 2 25 0 2615 458 457
7361 2 3 2 25 0 1689 4136 3463
7362 2 3 2 25 0 4136 1689 3637
7363 2 3 2 25 0 3669 4136 2374
7364 2 3 2 25 0 3669 3463 4136
7365 2 3 2 25 0 3483 3642 3598
7366 2 3 2 25 0 3598 3716 3483
7367 2 3 2 25 0 3718 3642 3483
7368 2 3 2 25 0 1538 2212 3276
7369 2 3 2 25 0 2212 2235 3276
7370 2 3 2 25 0 1888 3041 2541
7371 2 3 2 25 0 1888 3146 3041
7372 2 3 2 25 0 3058 2541 3041
7373 2 3 2 25 0 2981 3876 1790
7374 2 3 2 25 0 1790 3876 3872
7375 2 3 2 25 0 2981 3675 3876
7376 2 3 2 25 0 3473 1694 1695
7377 2 3 2 25 0 1695 3786 3473
7378 2 3 2 25 0 3473 3786 1812
7379 2 3 2 25 0 3112 1782 2513
7380 2 3 2 25 0 1785 3112 2513
7381 2 3 2 25 0 457 4201 2615
7382 2 3 2 25 0 4203 3614 3612
7383 2 3 2 25 0 3132 4204 1423
7384 2 3 2 25 0 4204 3132 2796
7385 2 3 2 25 0 4000 4205 3846
7386 2 3 2 25 0 4205 4078 3846
7387 2 3 2 25 0 4206 2376 1603
7388 2 3 2 25 0 3723 4206 1603
7389 2 3 2 25 0 4207 3840 1749
7390 2 3 2 25 0 3840 4207 4045
7391 2 3 2 25 0 3554 4208 3552
7392 2 3 2 25 0 4209 2929 2928
7393 2 3 2 25 0 4209 3484 3961
7394 2 3 2 25 0 3484 4209 2928
7395 2 3 2 25 0 2929 4209 3961
7396 2 3 2 25 0 3603 4212 2521
7397 2 3 2 25 0 4212 3847 2521
7398 2 3 2 25 0 4214 4144 3679
7399 2 3 2 25 0 4144 4214 3879
7400 2 3 2 25 0 4215 3890 3509
7401 2 3 2 25 0 3612 4216 4203
7402 2 3 2 25 0 4216 3612 1678
7403 2 3 2 25 0 4216 3582 4203
7404 2 3 2 25 0 191 4217 190
7405 2 3 2 25 0 1726 4218 3684
7406 2 3 2 25 0 4218 1726 3879
7407 2 3 2 25 0 3658 4219 1455
7408 2 3 2 25 0 4220 3105 1809
7409 2 3 2 25 0 4220 3589 2895
7410 2 3 2 25 0 3105 4220 2895
7411 2 3 2 25 0 4222 1758 1350
7412 2 3 2 25 0 1758 4222 3870
7413 2 3 2 25 0 4223 3386 3795
7414 2 3 2 25 0 3386 4223 3517
7415 2 3 2 25 0 2674 4224 2081
7416 2 3 2 25 0 1666 4224 3882
7417 2 3 2 25 0 2674 4225 2460
7418 2 3 2 25 0 4227 3868 1738
7419 2 3 2 25 0 4228 3866 1729
7420 2 3 2 25 0 4229 3857 1742
7421 2 3 2 25 0 4230 3858 1735
7422 2 3 2 25 0 4231 2601 1789
7423 2 3 2 25 0 2894 4231 1789
7424 2 3 2 25 0 2601 4231 2667
7425 2 3 2 25 0 4232 3863 1732
7426 2 3 2 25 0 4234 2444 1664
7427 2 3 2 25 0 4234 2479 2347
7428 2 3 2 25 0 2444 4234 2347
7429 2 3 2 25 0 4235 1791 2427
7430 2 3 2 25 0 4235 2415 3890
7431 2 3 2 25 0 2415 4235 2427
7432 2 3 2 25 0 1791 4235 3890
7433 2 3 2 25 0 3577 4236 4210
7434 2 3 2 25 0 4236 3574 4210
7435 2 3 2 25 0 4237 3885 1739
7436 2 3 2 25 0 4238 3852 1746
7437 2 3 2 25 0 4239 3884 1728
7438 2 3 2 25 0 4240 3855 1734
7439 2 3 2 25 0 4241 3853 1745
7440 2 3 2 25 0 4242 3856 1743
7441 2 3 2 25 0 4243 3867 1740
7442 2 3 2 25 0 2020 4244 2123
7443 2 3 2 25 0 3000 4244 2159
7444 2 3 2 25 0 4244 3000 2123
7445 2 3 2 25 0 4244 2020 2159
7446 2 3 2 25 0 4245 1601 2377
7447 2 3 2 25 0 3723 4245 2377
7448 2 3 2 25 0 1601 4245 3782
7449 2 3 2 25 0 4246 3602 2167
7450 2 3 2 25 0 4144 4246 2167
7451 2 3 2 25 0 4247 3851 1747
7452 2 3 2 25 0 4249 2242 3281
7453 2 3 2 25 0 2242 4249 3700
7454 2 3 2 25 0 4250 3837 1727
7455 2 3 2 25 0 4251 3854 1744
7456 2 3 2 25 0 4252 3861 1733
7457 2 3 2 25 0 4253 3864 1730
7458 2 3 2 25 0 4254 3860 1741
7459 2 3 2 25 0 4255 3835 1737
7460 2 3 2 25 0 4256 2368 2367
7461 2 3 2 25 0 3614 4256 2367
7462 2 3 2 25 0 2368 4256 3574
7463 2 3 2 25 0 1675 4257 3470
7464 2 3 2 25 0 3956 4257 1674
7465 2 3 2 25 0 4257 1675 1674
7466 2 3 2 25 0 4258 1845 2485
7467 2 3 2 25 0 2420 4258 2485
7468 2 3 2 25 0 4259 2340 3487
7469 2 3 2 25 0 4194 4259 3487
7470 2 3 2 25 0 4260 2520 2010
7471 2 3 2 25 0 1368 4261 2061
7472 2 3 2 25 0 1369 4261 2930
7473 2 3 2 25 0 4261 1369 2061
7474 2 3 2 25 0 4261 1368 2930
7475 2 3 2 25 0 2536 4262 3636
7476 2 3 2 25 0 4262 2536 3127
7477 2 3 2 25 0 4262 2494 3636
7478 2 3 2 25 0 4263 2385 3705
7479 2 3 2 25 0 3582 4263 3705
7480 2 3 2 25 0 128 4264 127
7481 2 3 2 25 0 4264 2425 127
7482 2 3 2 25 0 2722 4265 3283
7483 2 3 2 25 0 4265 4194 3283
7484 2 3 2 25 0 4265 2722 3960
7485 2 3 2 25 0 4043 4234 1664
7486 2 3 2 25 0 4043 2479 4234
7487 2 3 2 25 0 4262 1819 2494
7488 2 3 2 25 0 3127 1819 4262
7489 2 3 2 25 0 1891 4224 1666
7490 2 3 2 25 0 1891 2081 4224
7491 2 3 2 25 0 4219 3576 1455
7492 2 3 2 25 0 3603 3576 4219
7493 2 3 2 25 0 1945 4224 2674
7494 2 3 2 25 0 1945 3882 4224
7495 2 3 2 25 0 4256 4210 3574
7496 2 3 2 25 0 3614 4210 4256
7497 2 3 2 25 0 4201 3681 2615
7498 2 3 2 25 0 4231 2992 2667
7499 2 3 2 25 0 2894 2992 4231
7500 2 3 2 25 0 4214 4218 3879
7501 2 3 2 25 0 3135 4220 1809
7502 2 3 2 25 0 3135 3589 4220
7503 2 3 2 25 0 2438 4215 3509
7504 2 3 2 25 0 4204 3225 1423
7505 2 3 2 25 0 3805 3225 4204
7506 2 3 2 25 0 1852 4204 2796
7507 2 3 2 25 0 1852 3805 4204
7508 2 3 2 25 0 3649 4245 3723
7509 2 3 2 25 0 3649 3782 4245
7510 2 3 2 25 0 3858 4255 1737
7511 2 3 2 25 0 3858 4090 4255
7512 2 3 2 25 0 3846 4250 1727
7513 2 3 2 25 0 3846 4078 4250
7514 2 3 2 25 0 3851 4207 1749
7515 2 3 2 25 0 3851 4097 4207
7516 2 3 2 25 0 4208 2946 3552
7517 2 3 2 25 0 4000 2946 4208
7518 2 3 2 25 0 3885 4243 1740
7519 2 3 2 25 0 3885 4088 4243
7520 2 3 2 25 0 3867 4254 1741
7521 2 3 2 25 0 3867 4087 4254
7522 2 3 2 25 0 3866 4253 1730
7523 2 3 2 25 0 3866 4082 4253
7524 2 3 2 25 0 3864 4232 1732
7525 2 3 2 25 0 3864 4089 4232
7526 2 3 2 25 0 3855 4230 1735
7527 2 3 2 25 0 3855 4096 4230
7528 2 3 2 25 0 3863 4252 1733
7529 2 3 2 25 0 3863 4083 4252
7530 2 3 2 25 0 3860 4229 1742
7531 2 3 2 25 0 3860 4091 4229
7532 2 3 2 25 0 3861 4240 1734
7533 2 3 2 25 0 3861 4092 4240
7534 2 3 2 25 0 3857 4242 1743
7535 2 3 2 25 0 3857 4085 4242
7536 2 3 2 25 0 3884 4228 1729
7537 2 3 2 25 0 3884 4086 4228
7538 2 3 2 25 0 3854 4241 1745
7539 2 3 2 25 0 3854 4093 4241
7540 2 3 2 25 0 3853 4238 1746
7541 2 3 2 25 0 3853 4094 4238
7542 2 3 2 25 0 3852 4247 1747
7543 2 3 2 25 0 3852 4095 4247
7544 2 3 2 25 0 3856 4251 1744
7545 2 3 2 25 0 3856 4084 4251
7546 2 3 2 25 0 3835 4227 1738
7547 2 3 2 25 0 3835 4099 4227
7548 2 3 2 25 0 3868 4237 1739
7549 2 3 2 25 0 3868 4098 4237
7550 2 3 2 25 0 3837 4239 1728
7551 2 3 2 25 0 3837 4081 4239
7552 2 3 2 25 0 3022 4222 1350
7553 2 3 2 25 0 3022 3805 4222
7554 2 3 2 25 0 1852 4222 3805
7555 2 3 2 25 0 1852 3870 4222
7556 2 3 2 25 0 4218 4213 3684
7557 2 3 2 25 0 4216 4263 3582
7558 2 3 2 25 0 457 456 4201
7559 2 3 2 25 0 456 2711 4201
7560 2 3 2 25 0 4210 3614 4203
7561 2 3 2 25 0 1598 267 266
7562 2 3 2 25 0 2284 4226 3761
7563 2 3 2 25 0 4213 2168 4046
7564 2 3 2 25 0 3491 4213 4046
7565 2 3 2 25 0 4100 4072 4167
7566 2 3 2 25 0 4100 4167 4155
7567 2 3 2 25 0 4225 2081 1480
7568 2 3 2 25 0 2081 4225 2674
7569 2 3 2 25 0 3568 4225 1480
7570 2 3 2 25 0 147 4211 146
7571 2 3 2 25 0 4225 4211 2460
7572 2 3 2 25 0 139 3588 138
7573 2 3 2 25 0 3588 139 4104
7574 2 3 2 25 0 284 4106 285
7575 2 3 2 25 0 4106 284 4184
7576 2 3 2 25 0 4106 4184 2583
7577 2 3 2 25 0 184 4202 183
7578 2 3 2 25 0 4202 2773 2554
7579 2 3 2 25 0 2773 4202 2803
7580 2 3 2 25 0 184 2803 4202
7581 2 3 2 25 0 4250 4081 3837
7582 2 3 2 25 0 4227 4098 3868
7583 2 3 2 25 0 4243 4087 3867
7584 2 3 2 25 0 4230 4090 3858
7585 2 3 2 25 0 4255 4099 3835
7586 2 3 2 25 0 4228 4082 3866
7587 2 3 2 25 0 4237 4088 3885
7588 2 3 2 25 0 4241 4094 3853
7589 2 3 2 25 0 4251 4093 3854
7590 2 3 2 25 0 4238 4095 3852
7591 2 3 2 25 0 4252 4092 3861
7592 2 3 2 25 0 4242 4084 3856
7593 2 3 2 25 0 4232 4083 3863
7594 2 3 2 25 0 4240 4096 3855
7595 2 3 2 25 0 4254 4091 3860
7596 2 3 2 25 0 4229 4085 3857
7597 2 3 2 25 0 4253 4089 3864
7598 2 3 2 25 0 4239 4086 3884
7599 2 3 2 25 0 143 2507 142
7600 2 3 2 25 0 4247 4097 3851
7601 2 3 2 25 0 4247 2187 4097
7602 2 3 2 25 0 4188 2187 4247
7603 2 3 2 25 0 4263 1678 3584
7604 2 3 2 25 0 4263 4216 1678
7605 2 3 2 25 0 2385 4263 3584
7606 2 3 2 25 0 4199 3828 2403
7607 2 3 2 25 0 4199 1791 3890
7608 2 3 2 25 0 4215 3828 4199
7609 2 3 2 25 0 3890 4215 4199
7610 2 3 2 25 0 4259 2282 2340
7611 2 3 2 25 0 2282 4259 3960
7612 2 3 2 25 0 4259 4265 3960
7613 2 3 2 25 0 4259 4194 4265
7614 2 3 2 25 0 1445 4166 4111
7615 2 3 2 25 0 4166 2358 4111
7616 2 3 2 25 0 4217 1413 2205
7617 2 3 2 25 0 1413 4217 264
7618 2 3 2 25 0 3480 4219 3658
7619 2 3 2 25 0 4212 3603 4219
7620 2 3 2 25 0 1444 3878 3888
7621 2 3 2 25 0 3878 3806 3888
7622 2 3 2 25 0 2356 3888 3806
7623 2 3 2 25 0 1845 4258 2705
7624 2 3 2 25 0 4258 2413 2705
7625 2 3 2 25 0 2413 4258 2420
7626 2 3 2 25 0 180 4002 179
7627 2 3 2 25 0 179 4002 4105
7628 2 3 2 25 0 4105 4002 3605
7629 2 3 2 25 0 3526 3605 4002
7630 2 3 2 25 0 4260 4140 2520
7631 2 3 2 25 0 4140 4260 2455
7632 2 3 2 25 0 3740 3644 3421
7633 2 3 2 25 0 3514 3644 3740
7634 2 3 2 25 0 3514 3740 3573
7635 2 3 2 25 0 2178 4193 4099
7636 2 3 2 25 0 4227 4099 4193
7637 2 3 2 25 0 4193 2179 4098
7638 2 3 2 25 0 4098 4227 4193
7639 2 3 2 25 0 2176 4183 4096
7640 2 3 2 25 0 4230 4096 4183
7641 2 3 2 25 0 4183 2177 4090
7642 2 3 2 25 0 4090 4230 4183
7643 2 3 2 25 0 2183 4182 4085
7644 2 3 2 25 0 4242 4085 4182
7645 2 3 2 25 0 4182 2184 4084
7646 2 3 2 25 0 4084 4242 4182
7647 2 3 2 25 0 2173 4179 4089
7648 2 3 2 25 0 4232 4089 4179
7649 2 3 2 25 0 4179 2174 4083
7650 2 3 2 25 0 4083 4232 4179
7651 2 3 2 25 0 2177 4189 4090
7652 2 3 2 25 0 4255 4090 4189
7653 2 3 2 25 0 4189 2178 4099
7654 2 3 2 25 0 4099 4255 4189
7655 2 3 2 25 0 2182 4180 4091
7656 2 3 2 25 0 4229 4091 4180
7657 2 3 2 25 0 4180 2183 4085
7658 2 3 2 25 0 4085 4229 4180
7659 2 3 2 25 0 2185 4186 4093
7660 2 3 2 25 0 4241 4093 4186
7661 2 3 2 25 0 4186 2186 4094
7662 2 3 2 25 0 4094 4241 4186
7663 2 3 2 25 0 2186 4187 4094
7664 2 3 2 25 0 4238 4094 4187
7665 2 3 2 25 0 4095 4238 4187
7666 2 3 2 25 0 2184 4185 4084
7667 2 3 2 25 0 4251 4084 4185
7668 2 3 2 25 0 4185 2185 4093
7669 2 3 2 25 0 4093 4251 4185
7670 2 3 2 25 0 2174 4178 4083
7671 2 3 2 25 0 4252 4083 4178
7672 2 3 2 25 0 4178 2175 4092
7673 2 3 2 25 0 4092 4252 4178
7674 2 3 2 25 0 2180 4171 4088
7675 2 3 2 25 0 4243 4088 4171
7676 2 3 2 25 0 4171 2181 4087
7677 2 3 2 25 0 4087 4243 4171
7678 2 3 2 25 0 2181 4177 4087
7679 2 3 2 25 0 4254 4087 4177
7680 2 3 2 25 0 4177 2182 4091
7681 2 3 2 25 0 4091 4254 4177
7682 2 3 2 25 0 2175 4181 4092
7683 2 3 2 25 0 4240 4092 4181
7684 2 3 2 25 0 4181 2176 4096
7685 2 3 2 25 0 4096 4240 4181
7686 2 3 2 25 0 2179 4174 4098
7687 2 3 2 25 0 4237 4098 4174
7688 2 3 2 25 0 4174 2180 4088
7689 2 3 2 25 0 4088 4237 4174
7690 2 3 2 25 0 2172 4176 4082
7691 2 3 2 25 0 4253 4082 4176
7692 2 3 2 25 0 4176 2173 4089
7693 2 3 2 25 0 4089 4253 4176
7694 2 3 2 25 0 2171 4170 4086
7695 2 3 2 25 0 4228 4086 4170
7696 2 3 2 25 0 4170 2172 4082
7697 2 3 2 25 0 4082 4228 4170
7698 2 3 2 25 0 2170 4173 4081
7699 2 3 2 25 0 4239 4081 4173
7700 2 3 2 25 0 4173 2171 4086
7701 2 3 2 25 0 4086 4239 4173
7702 2 3 2 25 0 2169 4165 4078
7703 2 3 2 25 0 4250 4078 4165
7704 2 3 2 25 0 4165 2170 4081
7705 2 3 2 25 0 4081 4250 4165
7706 2 3 2 25 0 4205 4000 4172
7707 2 3 2 25 0 4172 4000 4208
7708 2 3 2 25 0 4078 4205 4172
7709 2 3 2 25 0 4172 2169 4078
7710 2 3 2 25 0 4101 4110 3958
7711 2 3 2 25 0 4110 4101 3973
7712 2 3 2 25 0 1993 3833 3568
7713 2 3 2 25 0 3784 3568 3833
7714 2 3 2 25 0 135 2407 3021
7715 2 3 2 25 0 2407 135 136
7716 2 3 2 25 0 4163 4164 2350
7717 2 3 2 25 0 2350 3633 4163
7718 2 3 2 25 0 4163 3633 2688
7719 2 3 2 25 0 2587 4163 2688
7720 2 3 2 25 0 2750 3911 1829
7721 2 3 2 25 0 1829 3911 3445
7722 2 3 2 25 0 3961 3911 2750
7723 2 3 2 25 0 3369 4013 379
7724 2 3 2 25 0 3369 4080 4013
7725 2 3 2 25 0 3373 4013 3370
7726 2 3 2 25 0 4080 3370 4013
7727 2 3 2 25 0 2187 4191 4097
7728 2 3 2 25 0 4097 4191 4207
7729 2 3 2 25 0 4207 4191 4045
7730 2 3 2 25 0 1431 3771 4198
7731 2 3 2 25 0 4198 4150 1431
7732 2 3 2 25 0 3962 3963 4198
7733 2 3 2 25 0 4198 3963 4150
7734 2 3 2 25 0 3579 3619 3572
7735 2 3 2 25 0 3464 3718 3412
7736 2 3 2 25 0 3718 3464 3460
7737 2 3 2 25 0 3725 3718 3460
7738 2 3 2 25 0 2370 3470 4109
7739 2 3 2 25 0 4257 4109 3470
7740 2 3 2 25 0 3601 4109 3956
7741 2 3 2 25 0 3956 4109 4257
7742 2 3 2 25 0 3045 3137 1865
7743 2 3 2 25 0 3137 3076 1475
7744 2 3 2 25 0 2977 3137 3045
7745 2 3 2 25 0 2977 3076 3137
7746 2 3 2 25 0 3427 3454 2316
7747 2 3 2 25 0 3454 3693 2316
7748 2 3 2 25 0 3848 3693 3454
7749 2 3 2 25 0 4226 1600 3761
7750 2 3 2 25 0 3216 2700 1717
7751 2 3 2 25 0 3870 3216 1758
7752 2 3 2 25 0 3216 2400 2700
7753 2 3 2 25 0 3870 2400 3216
7754 2 3 2 25 0 286 2551 2671
7755 2 3 2 25 0 2551 286 285
7756 2 3 2 25 0 2736 3886 1815
7757 2 3 2 25 0 3886 3905 1815
7758 2 3 2 25 0 3902 2530 3886
7759 2 3 2 25 0 3905 3886 2530
7760 2 3 2 25 0 4133 3607 2396
7761 2 3 2 25 0 4133 3377 3607
7762 2 3 2 25 0 3872 3704 2668
7763 2 3 2 25 0 3704 3872 3876
7764 2 3 2 25 0 2520 4140 4190
7765 2 3 2 25 0 4190 3997 3557
7766 2 3 2 25 0 3997 4190 4140
7767 2 3 2 25 0 4167 4077 4160
7768 2 3 2 25 0 4107 4077 4167
7769 2 3 2 25 0 3244 3045 1957
7770 2 3 2 25 0 3002 2983 3244
7771 2 3 2 25 0 3244 2983 3045
7772 2 3 2 25 0 1665 3094 2823
7773 2 3 2 25 0 1665 3131 3094
7774 2 3 2 25 0 2823 3094 3110
7775 2 3 2 25 0 3709 3701 3582
7776 2 3 2 25 0 3701 4203 3582
7777 2 3 2 25 0 3701 3577 4210
7778 2 3 2 25 0 3701 4210 4203
7779 2 3 2 25 0 3716 3475 3383
7780 2 3 2 25 0 3457 3475 3716
7781 2 3 2 25 0 3499 3457 3716
7782 2 3 2 25 0 138 4190 137
7783 2 3 2 25 0 4190 3557 137
7784 2 3 2 25 0 3588 4190 138
7785 2 3 2 25 0 253 252 2509
7786 2 3 2 25 0 4014 4076 3953
7787 2 3 2 25 0 4076 4142 3953
7788 2 3 2 25 0 4076 3969 3954
7789 2 3 2 25 0 3969 4076 4014
7790 2 3 2 25 0 2343 3643 4157
7791 2 3 2 25 0 4157 3638 2343
7792 2 3 2 25 0 4157 4145 3415
7793 2 3 2 25 0 3643 4145 4157
7794 2 3 2 25 0 3964 158 159
7795 2 3 2 25 0 3964 159 3769
7796 2 3 2 25 0 3964 3769 2389
7797 2 3 2 25 0 3646 3156 2656
7798 2 3 2 25 0 2896 3156 2950
7799 2 3 2 25 0 3156 3646 2950
7800 2 3 2 25 0 4139 3962 2273
7801 2 3 2 25 0 4001 4139 2273
7802 2 3 2 25 0 3962 4139 3957
7803 2 3 2 25 0 3052 3188 1420
7804 2 3 2 25 0 3778 1799 3052
7805 2 3 2 25 0 3052 1799 3188
7806 2 3 2 25 0 3473 1812 3095
7807 2 3 2 25 0 3417 1894 4159
7808 2 3 2 25 0 4159 3573 3417
7809 2 3 2 25 0 3579 4267 3713
7810 2 3 2 25 0 4267 3717 3713
7811 2 3 2 25 0 4268 253 2509
7812 2 3 2 25 0 4268 1875 3518
7813 2 3 2 25 0 1875 4268 2509
7814 2 3 2 25 0 4269 3514 3573
7815 2 3 2 25 0 4159 4269 3573
7816 2 3 2 25 0 4270 4101 1600
7817 2 3 2 25 0 4226 4270 1600
7818 2 3 2 25 0 4271 3616 3619
7819 2 3 2 25 0 3579 4271 3619
7820 2 3 2 25 0 4272 2464 2010
7821 2 3 2 25 0 4272 3076 2977
7822 2 3 2 25 0 2464 4272 2977
7823 2 3 2 25 0 2551 4273 1836
7824 2 3 2 25 0 2604 4273 2583
7825 2 3 2 25 0 4273 2604 1836
7826 2 3 2 25 0 4273 2551 2583
7827 2 3 2 25 0 2751 4275 1828
7828 2 3 2 25 0 4275 2751 1713
7829 2 3 2 25 0 4275 2750 1828
7830 2 3 2 25 0 4276 161 3620
7831 2 3 2 25 0 2387 4276 3620
7832 2 3 2 25 0 4277 1419 4162
7833 2 3 2 25 0 4159 4277 4162
7834 2 3 2 25 0 4278 1812 3773
7835 2 3 2 25 0 4278 3804 3770
7836 2 3 2 25 0 3804 4278 3773
7837 2 3 2 25 0 1812 4278 3770
7838 2 3 2 25 0 4279 266 265
7839 2 3 2 25 0 4279 1415 1598
7840 2 3 2 25 0 1415 4279 265
7841 2 3 2 25 0 266 4279 1598
7842 2 3 2 25 0 4280 3460 3474
7843 2 3 2 25 0 4073 4280 3474
7844 2 3 2 25 0 3460 4280 3476
7845 2 3 2 25 0 1718 4281 2554
7846 2 3 2 25 0 4283 2411 3419
7847 2 3 2 25 0 4283 3690 2505
7848 2 3 2 25 0 3690 4283 3419
7849 2 3 2 25 0 2411 4283 2505
7850 2 3 2 25 0 4284 3684 4213
7851 2 3 2 25 0 3491 4284 4213
7852 2 3 2 25 0 4285 3714 163
7853 2 3 2 25 0 4285 3717 2380
7854 2 3 2 25 0 3714 4285 2380
7855 2 3 2 25 0 2531 4286 4005
7856 2 3 2 25 0 4287 3828 4215
7857 2 3 2 25 0 2438 4287 4215
7858 2 3 2 25 0 1364 4288 3732
7859 2 3 2 25 0 4288 1363 3732
7860 2 3 2 25 0 4289 3650 3411
7861 2 3 2 25 0 3650 4289 4133
7862 2 3 2 25 0 3486 4290 3374
7863 2 3 2 25 0 4139 4290 4113
7864 2 3 2 25 0 4290 3486 4113
7865 2 3 2 25 0 4291 3419 2278
7866 2 3 2 25 0 4291 3644 3514
7867 2 3 2 25 0 3644 4291 2278
7868 2 3 2 25 0 3419 4291 3514
7869 2 3 2 25 0 1477 4272 2010
7870 2 3 2 25 0 1477 3076 4272
7871 2 3 2 25 0 1714 4275 1713
7872 2 3 2 25 0 1714 2750 4275
7873 2 3 2 25 0 2274 3828 4287
7874 2 3 2 25 0 164 4285 163
7875 2 3 2 25 0 164 3717 4285
7876 2 3 2 25 0 3449 4289 3411
7877 2 3 2 25 0 3449 4200 4289
7878 2 3 2 25 0 4280 3481 3476
7879 2 3 2 25 0 4073 3481 4280
7880 2 3 2 25 0 146 4211 4248
7881 2 3 2 25 0 4289 3377 4133
7882 2 3 2 25 0 4200 3377 4289
7883 2 3 2 25 0 4268 254 253
7884 2 3 2 25 0 3518 254 4268
7885 2 3 2 25 0 4290 2580 3374
7886 2 3 2 25 0 4139 2580 4290
7887 2 3 2 25 0 1364 4274 1365
7888 2 3 2 25 0 4274 1364 3732
7889 2 3 2 25 0 2488 4282 2284
7890 2 3 2 25 0 4282 2488 3492
7891 2 3 2 25 0 4282 4226 2284
7892 2 3 2 25 0 3628 2498 3095
7893 2 3 2 25 0 3628 3095 1812
7894 2 3 2 25 0 1812 3770 3628
7895 2 3 2 25 0 3862 3628 3770
7896 2 3 2 25 0 4282 3492 3517
7897 2 3 2 25 0 4223 4282 3517
7898 2 3 2 25 0 4226 4282 4270
7899 2 3 2 25 0 1699 4274 3732
7900 2 3 2 25 0 3082 147 148
7901 2 3 2 25 0 4211 147 2460
7902 2 3 2 25 0 3082 2460 147
7903 2 3 2 25 0 4276 160 161
7904 2 3 2 25 0 1365 4266 2064
7905 2 3 2 25 0 4266 1366 2064
7906 2 3 2 25 0 4172 3427 3510
7907 2 3 2 25 0 4208 3554 3427
7908 2 3 2 25 0 4172 4208 3427
7909 2 3 2 25 0 3869 4277 1894
7910 2 3 2 25 0 4277 3869 1419
7911 2 3 2 25 0 4277 4159 1894
7912 2 3 2 25 0 3570 1677 4236
7913 2 3 2 25 0 1677 3522 4236
7914 2 3 2 25 0 4236 3522 3574
7915 2 3 2 25 0 3570 4236 3577
7916 2 3 2 25 0 4267 3572 2380
7917 2 3 2 25 0 3579 3572 4267
7918 2 3 2 25 0 3717 4267 2380
7919 2 3 2 25 0 4269 3690 3514
7920 2 3 2 25 0 3690 4269 4192
7921 2 3 2 25 0 4162 4269 4159
7922 2 3 2 25 0 4162 4192 4269
7923 2 3 2 25 0 3871 2396 3607
7924 2 3 2 25 0 3607 3457 3499
7925 2 3 2 25 0 3607 3499 3871
7926 2 3 2 25 0 4153 4156 1715
7927 2 3 2 25 0 145 146 4248
7928 2 3 2 25 0 3784 4248 3568
7929 2 3 2 25 0 4270 3973 4101
7930 2 3 2 25 0 3973 4270 3795
7931 2 3 2 25 0 4270 4223 3795
7932 2 3 2 25 0 4270 4282 4223
7933 2 3 2 25 0 3928 377 376
7934 2 3 2 25 0 376 3322 3928
7935 2 3 2 25 0 4003 3322 376
7936 2 3 2 25 0 3483 3383 3412
7937 2 3 2 25 0 3412 3383 4151
7938 2 3 2 25 0 3889 4151 3383
7939 2 3 2 25 0 2563 4286 2531
7940 2 3 2 25 0 3570 4221 2379
7941 2 3 2 25 0 3570 3577 4221
7942 2 3 2 25 0 3547 4188 3428
7943 2 3 2 25 0 4187 3428 4188
7944 2 3 2 25 0 4187 4188 4095
7945 2 3 2 25 0 4188 4247 4095
7946 2 3 2 25 0 4142 3347 2245
7947 2 3 2 25 0 4007 4142 2245
7948 2 3 2 25 0 4142 2268 3344
7949 2 3 2 25 0 3344 3347 4142
7950 2 3 2 25 0 3283 4160 2722
7951 2 3 2 25 0 3283 4155 4160
7952 2 3 2 25 0 4160 4155 4167
7953 2 3 2 25 0 3679 2168 4214
7954 2 3 2 25 0 2168 4213 4214
7955 2 3 2 25 0 4214 4213 4218
7956 2 3 2 25 0 4206 2271 2376
7957 2 3 2 25 0 2271 4206 3413
7958 2 3 2 25 0 3519 3413 4206
7959 2 3 2 25 0 3519 4206 3723
7960 2 3 2 25 0 2270 3381 3954
7961 2 3 2 25 0 3954 4147 2270
7962 2 3 2 25 0 4147 3954 4074
7963 2 3 2 25 0 189 190 1541
7964 2 3 2 25 0 190 2205 1541
7965 2 3 2 25 0 2205 190 4217
7966 2 3 2 25 0 318 3763 319
7967 2 3 2 25 0 2536 3781 4233
7968 2 3 2 25 0 3595 4246 1754
7969 2 3 2 25 0 1754 4246 3909
7970 2 3 2 25 0 3602 4246 3595
7971 2 3 2 25 0 3909 4246 4144
7972 2 3 2 25 0 3281 320 4249
7973 2 3 2 25 0 3700 4249 3763
7974 2 3 2 25 0 4249 319 3763
7975 2 3 2 25 0 319 4249 320
7976 2 3 2 25 0 2923 2575 3002
7977 2 3 2 25 0 3002 2575 2619
7978 2 3 2 25 0 2923 3002 2820
7979 2 3 2 25 0 3616 3581 3613
7980 2 3 2 25 0 3616 4271 3581
7981 2 3 2 25 0 4293 2517 1830
7982 2 3 2 25 0 2517 4293 2592
7983 2 3 2 25 0 2455 4294 2889
7984 2 3 2 25 0 4294 2455 4260
7985 2 3 2 25 0 1668 4295 2464
7986 2 3 2 25 0 4296 4201 2711
7987 2 3 2 25 0 4201 4296 3681
7988 2 3 2 25 0 318 4297 3763
7989 2 3 2 25 0 2397 4297 4037
7990 2 3 2 25 0 4297 2397 3763
7991 2 3 2 25 0 4298 2678 2536
7992 2 3 2 25 0 4233 4298 2536
7993 2 3 2 25 0 1366 4299 2928
7994 2 3 2 25 0 1715 4299 4266
7995 2 3 2 25 0 4299 1715 2928
7996 2 3 2 25 0 4299 1366 4266
7997 2 3 2 25 0 1811 4300 3003
7998 2 3 2 25 0 2455 4300 4140
7999 2 3 2 25 0 4300 2455 3003
8000 2 3 2 25 0 4302 3206 1473
8001 2 3 2 25 0 3713 4303 3579
8002 2 3 2 25 0 2534 4304 1351
8003 2 3 2 25 0 2923 4304 2575
8004 2 3 2 25 0 4304 2923 1351
8005 2 3 2 25 0 4304 2534 2575
8006 2 3 2 25 0 4305 4225 3568
8007 2 3 2 25 0 4305 4248 4211
8008 2 3 2 25 0 4248 4305 3568
8009 2 3 2 25 0 4225 4305 4211
8010 2 3 2 25 0 2794 4306 1984
8011 2 3 2 25 0 4162 4306 4192
8012 2 3 2 25 0 4306 4162 1984
8013 2 3 2 25 0 4306 2794 4192
8014 2 3 2 25 0 4307 2010 2464
8015 2 3 2 25 0 2010 4307 4260
8016 2 3 2 25 0 4303 4271 3579
8017 2 3 2 25 0 3581 4271 4303
8018 2 3 2 25 0 3997 4300 1811
8019 2 3 2 25 0 3997 4140 4300
8020 2 3 2 25 0 4295 4307 2464
8021 2 3 2 25 0 4293 3781 2592
8022 2 3 2 25 0 4233 3781 4293
8023 2 3 2 25 0 4296 1473 3681
8024 2 3 2 25 0 3065 4296 2711
8025 2 3 2 25 0 4294 4260 4307
8026 2 3 2 25 0 317 4297 318
8027 2 3 2 25 0 317 4037 4297
8028 2 3 2 25 0 4295 1783 2686
8029 2 3 2 25 0 1783 4295 1668
8030 2 3 2 25 0 1912 4302 1491
8031 2 3 2 25 0 4302 1912 3206
8032 2 3 2 25 0 4302 3065 1491
8033 2 3 2 25 0 1699 4301 4274
8034 2 3 2 25 0 4301 1715 4266
8035 2 3 2 25 0 1715 4301 4153
8036 2 3 2 25 0 4274 4301 1365
8037 2 3 2 25 0 4301 4266 1365
8038 2 3 2 25 0 4264 2508 2425
8039 2 3 2 25 0 4264 4286 2508
8040 2 3 2 25 0 4005 4264 128
8041 2 3 2 25 0 4286 4264 4005
8042 2 3 2 25 0 4298 4153 2678
8043 2 3 2 25 0 4156 4153 4298
8044 2 3 2 25 0 3583 3581 4303
8045 2 3 2 25 0 3711 4303 3713
8046 2 3 2 25 0 4303 3711 2381
8047 2 3 2 25 0 3583 4303 2381
8048 2 3 2 25 0 4156 1830 3484
8049 2 3 2 25 0 4156 4293 1830
8050 2 3 2 25 0 4156 4233 4293
8051 2 3 2 25 0 4298 4233 4156
8052 2 3 2 25 0 4276 2387 3503
8053 2 3 2 25 0 3769 4276 3503
8054 2 3 2 25 0 3769 160 4276
8055 2 3 2 25 0 4107 3322 4003
8056 2 3 2 25 0 4003 4004 4107
8057 2 3 2 25 0 3891 4292 3784
8058 2 3 2 25 0 4284 3491 1432
8059 2 3 2 25 0 3836 4284 1432
8060 2 3 2 25 0 1725 3684 4284
8061 2 3 2 25 0 4284 3836 1725
8062 2 3 2 25 0 4287 3516 2274
8063 2 3 2 25 0 4287 4008 3516
8064 2 3 2 25 0 4008 4287 2438
8065 2 3 2 25 0 3586 1681 3583
8066 2 3 2 25 0 1681 3609 3583
8067 2 3 2 25 0 3613 3583 3609
8068 2 3 2 25 0 3583 3613 3581
8069 2 3 2 25 0 4288 1364 2092
8070 2 3 2 25 0 2092 2094 1363
8071 2 3 2 25 0 1363 4288 2092
8072 2 3 2 25 0 2554 4309 4202
8073 2 3 2 25 0 4310 454 2972
8074 2 3 2 25 0 3065 4310 2972
8075 2 3 2 25 0 454 4310 455
8076 2 3 2 25 0 4248 4311 145
8077 2 3 2 25 0 4292 4311 3784
8078 2 3 2 25 0 4311 4248 3784
8079 2 3 2 25 0 2507 4312 3891
8080 2 3 2 25 0 4312 4292 3891
8081 2 3 2 25 0 4312 2507 143
8082 2 3 2 25 0 3010 4313 130
8083 2 3 2 25 0 4005 4313 2531
8084 2 3 2 25 0 4313 3010 2531
8085 2 3 2 25 0 2508 4314 2788
8086 2 3 2 25 0 2563 4314 4286
8087 2 3 2 25 0 4314 2563 2788
8088 2 3 2 25 0 4314 2508 4286
8089 2 3 2 25 0 2678 4315 1699
8090 2 3 2 25 0 4301 4315 4153
8091 2 3 2 25 0 4315 4301 1699
8092 2 3 2 25 0 4315 2678 4153
8093 2 3 2 25 0 3701 4316 3577
8094 2 3 2 25 0 4316 4221 3577
8095 2 3 2 25 0 4313 129 130
8096 2 3 2 25 0 4005 129 4313
8097 2 3 2 25 0 4311 144 145
8098 2 3 2 25 0 4292 144 4311
8099 2 3 2 25 0 183 4309 182
8100 2 3 2 25 0 183 4202 4309
8101 2 3 2 25 0 144 4312 143
8102 2 3 2 25 0 144 4292 4312
8103 2 3 2 25 0 4310 2711 455
8104 2 3 2 25 0 3065 2711 4310
8105 2 3 2 25 0 2276 4281 1718
8106 2 3 2 25 0 3526 4281 2276
8107 2 3 2 25 0 4308 181 182
8108 2 3 2 25 0 182 4309 4308
8109 2 3 2 25 0 4296 4302 1473
8110 2 3 2 25 0 4296 3065 4302
8111 2 3 2 25 0 4053 4042 3929
8112 2 3 2 25 0 4004 4042 4053
8113 2 3 2 25 0 4042 4004 4003
8114 2 3 2 25 0 3270 2094 3265
8115 2 3 2 25 0 2094 2092 3265
8116 2 3 2 25 0 2915 3265 2717
8117 2 3 2 25 0 2915 3270 3265
8118 2 3 2 25 0 175 2379 4221
8119 2 3 2 25 0 175 4221 174
8120 2 3 2 25 0 4294 2686 2889
8121 2 3 2 25 0 4294 4295 2686
8122 2 3 2 25 0 4295 4294 4307
8123 2 3 2 25 0 4317 1845 2441
8124 2 3 2 25 0 1845 4317 3922
8125 2 3 2 25 0 1947 4318 1940
8126 2 3 2 25 0 2972 4318 1491
8127 2 3 2 25 0 4318 2972 1940
8128 2 3 2 25 0 4318 1947 1491
8129 2 3 2 25 0 4002 4319 3526
8130 2 3 2 25 0 4319 4002 180
8131 2 3 2 25 0 264 4320 3
8132 2 3 2 25 0 191 4320 4217
8133 2 3 2 25 0 4320 191 3
8134 2 3 2 25 0 4320 264 4217
8135 2 3 2 25 0 4321 2554 4281
8136 2 3 2 25 0 4321 4308 4309
8137 2 3 2 25 0 4308 4321 4281
8138 2 3 2 25 0 2554 4321 4309
8139 2 3 2 25 0 181 4319 180
8140 2 3 2 25 0 181 4308 4319
8141 2 3 2 25 0 4319 4281 3526
8142 2 3 2 25 0 4308 4281 4319
8143 2 3 2 25 0 314 4317 315
8144 2 3 2 25 0 314 3922 4317
8145 2 3 2 25 0 4317 316 315
8146 2 3 2 25 0 2441 316 4317
8147 2 3 2 25 0 175 176 2379
8148 2 3 2 25 0 176 3849 2379
8149 2 3 2 25 0 373 4042 374
8150 2 3 2 25 0 3929 373 4035
8151 2 3 2 25 0 4042 373 3929
8152 2 3 2 25 0 173 4316 3709
8153 2 3 2 25 0 174 4316 173
8154 2 3 2 25 0 4316 3701 3709
8155 2 3 2 25 0 174 4221 4316
8156 2 3 2 25 0 1958 3003 2889
8157 2 3 2 25 0 3273 1958 2889
8158 2 3 2 25 0 2455 2889 3003
8159 2 3 2 25 0 3642 1440 1439
8160 2 3 2 25 0 3725 1440 3642
8161 2 3 2 25 0 4212 3480 3847
8162 2 3 2 25 0 4219 3480 4212
8163 2 3 2 25 0 3928 378 377
8164 2 3 2 25 0 3928 3369 378
8165 2 3 2 25 0 3276 4322 401
8166 2 3 2 25 0 6 4322 239
8167 2 3 2 25 0 6 401 4322
8168 2 3 2 25 0 239 4322 240
8169 2 3 2 25 0 4322 2235 240
8170 2 3 2 25 0 2235 4322 3276
8171 2 3 3 27 0 4393 237 236
8172 2 3 3 27 0 312 4391 311
8173 2 3 3 27 0 10 296 268
8174 2 3 3 27 0 4337 4429 4418
8175 2 3 3 27 0 446 4435 447
8176 2 3 3 27 0 4441 351 352
8177 2 3 3 27 0 4441 4353 4343
8178 2 3 3 27 0 4529 237 4393
8179 2 3 3 27 0 4532 4390 4435
8180 2 3 3 27 0 312 4539 4391
8181 2 3 3 27 0 4393 4541 4529
8182 2 3 3 27 0 4390 4541 4531
8183 2 3 3 27 0 237 4542 238
8184 2 3 3 27 0 4542 237 4529
8185 2 3 3 27 0 4543 448 4531
8186 2 3 3 27 0 313 4539 312
8187 2 3 3 27 0 4543 449 448
8188 2 3 3 27 0 339 4396 338
8189 2 3 3 27 0 4425 274 273
8190 2 3 3 27 0 4530 4423 4337
8191 2 3 3 27 0 4473 4532 4389
8192 2 3 3 27 0 4532 4480 4389
8193 2 3 3 27 0 4435 4480 4532
8194 2 3 3 27 0 4533 4541 4390
8195 2 3 3 27 0 4533 4529 4541
8196 2 3 3 27 0 4529 4533 4542
8197 2 3 3 27 0 4543 4541 4393
8198 2 3 3 27 0 4531 4541 4543
8199 2 3 3 27 0 4428 4418 4429
8200 2 3 3 27 0 4537 268 296
8201 2 3 3 27 0 268 4537 269
8202 2 3 3 27 0 4540 288 289
8203 2 3 3 27 0 354 4479 353
8204 2 3 3 27 0 4344 4479 4345
8205 2 3 3 27 0 447 4531 448
8206 2 3 3 27 0 4531 447 4435
8207 2 3 3 27 0 4390 4531 4435
8208 2 3 3 27 0 4346 4524 4525
8209 2 3 3 27 0 4436 346 347
8210 2 3 3 27 0 4343 4528 4441
8211 2 3 3 27 0 358 4478 357
8212 2 3 3 27 0 358 4477 4478
8213 2 3 3 27 0 4348 4478 4349
8214 2 3 3 27 0 4477 4349 4478
8215 2 3 3 27 0 359 4477 358
8216 2 3 3 27 0 359 4476 4477
8217 2 3 3 27 0 4349 4477 4350
8218 2 3 3 27 0 4476 4350 4477
8219 2 3 3 27 0 360 4476 359
8220 2 3 3 27 0 360 4475 4476
8221 2 3 3 27 0 4350 4476 4351
8222 2 3 3 27 0 4475 4351 4476
8223 2 3 3 27 0 361 4475 360
8224 2 3 3 27 0 361 4474 4475
8225 2 3 3 27 0 4351 4475 4352
8226 2 3 3 27 0 4474 4352 4475
8227 2 3 3 27 0 362 4474 361
8228 2 3 3 27 0 362 4472 4474
8229 2 3 3 27 0 4352 4474 4354
8230 2 3 3 27 0 4472 4354 4474
8231 2 3 3 27 0 363 4472 362
8232 2 3 3 27 0 363 4470 4472
8233 2 3 3 27 0 4354 4472 4355
8234 2 3 3 27 0 4470 4355 4472
8235 2 3 3 27 0 364 4470 363
8236 2 3 3 27 0 364 4468 4470
8237 2 3 3 27 0 4355 4470 4356
8238 2 3 3 27 0 4468 4356 4470
8239 2 3 3 27 0 365 4468 364
8240 2 3 3 27 0 365 4466 4468
8241 2 3 3 27 0 4356 4468 4357
8242 2 3 3 27 0 4466 4357 4468
8243 2 3 3 27 0 366 4466 365
8244 2 3 3 27 0 366 4464 4466
8245 2 3 3 27 0 4357 4466 4358
8246 2 3 3 27 0 4464 4358 4466
8247 2 3 3 27 0 367 4464 366
8248 2 3 3 27 0 367 4462 4464
8249 2 3 3 27 0 4358 4464 4359
8250 2 3 3 27 0 4462 4359 4464
8251 2 3 3 27 0 4465 393 394
8252 2 3 3 27 0 4463 393 4465
8253 2 3 3 27 0 380 4437 379
8254 2 3 3 27 0 4469 395 396
8255 2 3 3 27 0 4467 395 4469
8256 2 3 3 27 0 4471 396 397
8257 2 3 3 27 0 4469 396 4471
8258 2 3 3 27 0 4467 394 395
8259 2 3 3 27 0 4465 394 4467
8260 2 3 3 27 0 4463 392 393
8261 2 3 3 27 0 4461 392 4463
8262 2 3 3 27 0 4461 391 392
8263 2 3 3 27 0 4459 391 4461
8264 2 3 3 27 0 4459 390 391
8265 2 3 3 27 0 4457 390 4459
8266 2 3 3 27 0 379 4439 378
8267 2 3 3 27 0 379 4437 4439
8268 2 3 3 27 0 4370 4439 4371
8269 2 3 3 27 0 4437 4371 4439
8270 2 3 3 27 0 368 4462 367
8271 2 3 3 27 0 368 4460 4462
8272 2 3 3 27 0 4359 4462 4360
8273 2 3 3 27 0 4460 4360 4462
8274 2 3 3 27 0 4457 389 390
8275 2 3 3 27 0 4455 389 4457
8276 2 3 3 27 0 375 4448 374
8277 2 3 3 27 0 375 4446 4448
8278 2 3 3 27 0 4366 4448 4367
8279 2 3 3 27 0 4446 4367 4448
8280 2 3 3 27 0 378 4442 377
8281 2 3 3 27 0 378 4439 4442
8282 2 3 3 27 0 4369 4442 4370
8283 2 3 3 27 0 4439 4370 4442
8284 2 3 3 27 0 371 4456 370
8285 2 3 3 27 0 371 4454 4456
8286 2 3 3 27 0 4362 4456 4363
8287 2 3 3 27 0 4454 4363 4456
8288 2 3 3 27 0 369 4460 368
8289 2 3 3 27 0 369 4458 4460
8290 2 3 3 27 0 4360 4460 4361
8291 2 3 3 27 0 4458 4361 4460
8292 2 3 3 27 0 374 4450 373
8293 2 3 3 27 0 374 4448 4450
8294 2 3 3 27 0 4365 4450 4366
8295 2 3 3 27 0 4448 4366 4450
8296 2 3 3 27 0 373 4452 372
8297 2 3 3 27 0 373 4450 4452
8298 2 3 3 27 0 4364 4452 4365
8299 2 3 3 27 0 4450 4365 4452
8300 2 3 3 27 0 372 4454 371
8301 2 3 3 27 0 372 4452 4454
8302 2 3 3 27 0 4363 4454 4364
8303 2 3 3 27 0 4452 4364 4454
8304 2 3 3 27 0 377 4444 376
8305 2 3 3 27 0 377 4442 4444
8306 2 3 3 27 0 4368 4444 4369
8307 2 3 3 27 0 4442 4369 4444
8308 2 3 3 27 0 370 4458 369
8309 2 3 3 27 0 370 4456 4458
8310 2 3 3 27 0 4361 4458 4362
8311 2 3 3 27 0 4456 4362 4458
8312 2 3 3 27 0 376 4446 375
8313 2 3 3 27 0 376 4444 4446
8314 2 3 3 27 0 4367 4446 4368
8315 2 3 3 27 0 4444 4368 4446
8316 2 3 3 27 0 4455 388 389
8317 2 3 3 27 0 4453 388 4455
8318 2 3 3 27 0 4453 387 388
8319 2 3 3 27 0 4451 387 4453
8320 2 3 3 27 0 4443 382 383
8321 2 3 3 27 0 4440 382 4443
8322 2 3 3 27 0 4445 383 384
8323 2 3 3 27 0 4443 383 4445
8324 2 3 3 27 0 4451 386 387
8325 2 3 3 27 0 4449 386 4451
8326 2 3 3 27 0 4449 385 386
8327 2 3 3 27 0 4447 385 4449
8328 2 3 3 27 0 4447 384 385
8329 2 3 3 27 0 4445 384 4447
8330 2 3 3 27 0 4440 381 382
8331 2 3 3 27 0 4438 381 4440
8332 2 3 3 27 0 4438 380 381
8333 2 3 3 27 0 4437 380 4438
8334 2 3 3 27 0 4382 4488 4381
8335 2 3 3 27 0 4382 4487 4488
8336 2 3 3 27 0 4383 4487 4382
8337 2 3 3 27 0 4383 4486 4487
8338 2 3 3 27 0 4385 4485 4384
8339 2 3 3 27 0 4385 4484 4485
8340 2 3 3 27 0 4384 4486 4383
8341 2 3 3 27 0 4384 4485 4486
8342 2 3 3 27 0 4386 4484 4385
8343 2 3 3 27 0 4386 4483 4484
8344 2 3 3 27 0 4387 4483 4386
8345 2 3 3 27 0 4387 4482 4483
8346 2 3 3 27 0 4389 4481 4388
8347 2 3 3 27 0 4389 4480 4481
8348 2 3 3 27 0 4388 4482 4387
8349 2 3 3 27 0 4388 4481 4482
8350 2 3 3 27 0 4381 4489 4380
8351 2 3 3 27 0 4381 4488 4489
8352 2 3 3 27 0 4372 4499 4500
8353 2 3 3 27 0 4380 4491 4379
8354 2 3 3 27 0 4380 4489 4491
8355 2 3 3 27 0 4373 4499 4372
8356 2 3 3 27 0 4373 4498 4499
8357 2 3 3 27 0 4379 4493 4378
8358 2 3 3 27 0 4379 4491 4493
8359 2 3 3 27 0 4378 4494 4377
8360 2 3 3 27 0 4378 4493 4494
8361 2 3 3 27 0 4374 4498 4373
8362 2 3 3 27 0 4374 4497 4498
8363 2 3 3 27 0 4376 4496 4375
8364 2 3 3 27 0 4376 4495 4496
8365 2 3 3 27 0 4377 4495 4376
8366 2 3 3 27 0 4377 4494 4495
8367 2 3 3 27 0 4375 4497 4374
8368 2 3 3 27 0 4375 4496 4497
8369 2 3 3 27 0 311 4391 4430
8370 2 3 3 27 0 311 4430 310
8371 2 3 3 27 0 4551 4326 4397
8372 2 3 3 27 0 4326 4551 4547
8373 2 3 3 27 0 337 4552 336
8374 2 3 3 27 0 4329 4562 4397
8375 2 3 3 27 0 4403 4562 4554
8376 2 3 3 27 0 4563 4414 4410
8377 2 3 3 27 0 4569 4330 4535
8378 2 3 3 27 0 4330 4569 4536
8379 2 3 3 27 0 4410 4572 4563
8380 2 3 3 27 0 4572 4332 4563
8381 2 3 3 27 0 4332 4574 4554
8382 2 3 3 27 0 4577 4325 4567
8383 2 3 3 27 0 4396 4579 4548
8384 2 3 3 27 0 4402 4583 4565
8385 2 3 3 27 0 4587 4547 4551
8386 2 3 3 27 0 4588 4414 4563
8387 2 3 3 27 0 4414 4588 4419
8388 2 3 3 27 0 4410 4589 4572
8389 2 3 3 27 0 4589 4410 4413
8390 2 3 3 27 0 4431 4593 4565
8391 2 3 3 27 0 4395 4594 4560
8392 2 3 3 27 0 4595 4431 4565
8393 2 3 3 27 0 4596 4431 4560
8394 2 3 3 27 0 4413 4599 4589
8395 2 3 3 27 0 4599 4330 4589
8396 2 3 3 27 0 4397 4600 4551
8397 2 3 3 27 0 4424 4603 4436
8398 2 3 3 27 0 4540 4604 4336
8399 2 3 3 27 0 4605 4402 4565
8400 2 3 3 27 0 4606 4404 4600
8401 2 3 3 27 0 4608 4323 4582
8402 2 3 3 27 0 4324 4616 4610
8403 2 3 3 27 0 4619 4397 4562
8404 2 3 3 27 0 4403 4619 4562
8405 2 3 3 27 0 4397 4619 4600
8406 2 3 3 27 0 4416 4623 4608
8407 2 3 3 27 0 4431 4624 4560
8408 2 3 3 27 0 4624 4431 4595
8409 2 3 3 27 0 4626 4403 4554
8410 2 3 3 27 0 4631 4527 4559
8411 2 3 3 27 0 4633 4430 4632
8412 2 3 3 27 0 4426 4634 4632
8413 2 3 3 27 0 4421 4635 4335
8414 2 3 3 27 0 4636 4324 4583
8415 2 3 3 27 0 4324 4636 4616
8416 2 3 3 27 0 16 4638 295
8417 2 3 3 27 0 4431 4639 4593
8418 2 3 3 27 0 4639 4431 4596
8419 2 3 3 27 0 4640 4425 4553
8420 2 3 3 27 0 4642 4411 4610
8421 2 3 3 27 0 4332 4644 4563
8422 2 3 3 27 0 4644 4332 4554
8423 2 3 3 27 0 4402 4650 4583
8424 2 3 3 27 0 4650 4402 4622
8425 2 3 3 27 0 4399 4653 4631
8426 2 3 3 27 0 4423 4654 4651
8427 2 3 3 27 0 278 4655 279
8428 2 3 3 27 0 4655 278 4649
8429 2 3 3 27 0 4656 4416 4598
8430 2 3 3 27 0 4416 4656 4648
8431 2 3 3 27 0 4427 4657 4422
8432 2 3 3 27 0 4658 4399 4573
8433 2 3 3 27 0 4398 4659 4640
8434 2 3 3 27 0 4662 4426 4651
8435 2 3 3 27 0 4426 4662 4634
8436 2 3 3 27 0 4663 271 270
8437 2 3 3 27 0 271 4663 4584
8438 2 3 3 27 0 4666 4398 4593
8439 2 3 3 27 0 4530 4667 4336
8440 2 3 3 27 0 4540 4667 4609
8441 2 3 3 27 0 4667 4540 4336
8442 2 3 3 27 0 4668 4338 4635
8443 2 3 3 27 0 4668 4424 4664
8444 2 3 3 27 0 4412 4670 4578
8445 2 3 3 27 0 4671 4422 4657
8446 2 3 3 27 0 4672 290 291
8447 2 3 3 27 0 4672 4527 4604
8448 2 3 3 27 0 4673 4336 4604
8449 2 3 3 27 0 4673 4527 4631
8450 2 3 3 27 0 4527 4673 4604
8451 2 3 3 27 0 4335 4674 4421
8452 2 3 3 27 0 4674 4335 4648
8453 2 3 3 27 0 4675 4323 4608
8454 2 3 3 27 0 4677 4420 4643
8455 2 3 3 27 0 4420 4677 4613
8456 2 3 3 27 0 4678 398 399
8457 2 3 3 27 0 4678 4433 4473
8458 2 3 3 27 0 4371 4679 4372
8459 2 3 3 27 0 4438 4679 4437
8460 2 3 3 27 0 4679 4371 4437
8461 2 3 3 27 0 4682 426 425
8462 2 3 3 27 0 4682 4503 4502
8463 2 3 3 27 0 4683 427 426
8464 2 3 3 27 0 4683 4502 4501
8465 2 3 3 27 0 356 4684 355
8466 2 3 3 27 0 4685 425 424
8467 2 3 3 27 0 4685 4504 4503
8468 2 3 3 27 0 4686 424 423
8469 2 3 3 27 0 4686 4505 4504
8470 2 3 3 27 0 4687 423 422
8471 2 3 3 27 0 4687 4506 4505
8472 2 3 3 27 0 4688 422 421
8473 2 3 3 27 0 4688 4507 4506
8474 2 3 3 27 0 4690 421 420
8475 2 3 3 27 0 4690 4508 4507
8476 2 3 3 27 0 4691 420 419
8477 2 3 3 27 0 4691 4509 4508
8478 2 3 3 27 0 4692 428 427
8479 2 3 3 27 0 4692 4501 4500
8480 2 3 3 27 0 4693 419 418
8481 2 3 3 27 0 4693 4510 4509
8482 2 3 3 27 0 4426 4694 4651
8483 2 3 3 27 0 4694 4426 4681
8484 2 3 3 27 0 4695 418 417
8485 2 3 3 27 0 4695 4511 4510
8486 2 3 3 27 0 4696 417 416
8487 2 3 3 27 0 4696 4512 4511
8488 2 3 3 27 0 4698 416 415
8489 2 3 3 27 0 4698 4513 4512
8490 2 3 3 27 0 4699 4432 4434
8491 2 3 3 27 0 4700 415 414
8492 2 3 3 27 0 4700 4514 4513
8493 2 3 3 27 0 4702 414 413
8494 2 3 3 27 0 4702 4515 4514
8495 2 3 3 27 0 4473 4703 4678
8496 2 3 3 27 0 4703 398 4678
8497 2 3 3 27 0 4704 413 412
8498 2 3 3 27 0 4704 4516 4515
8499 2 3 3 27 0 4705 412 411
8500 2 3 3 27 0 4705 4517 4516
8501 2 3 3 27 0 4706 411 410
8502 2 3 3 27 0 4706 4518 4517
8503 2 3 3 27 0 4707 410 409
8504 2 3 3 27 0 4707 4519 4518
8505 2 3 3 27 0 4708 4336 4653
8506 2 3 3 27 0 4422 4709 4649
8507 2 3 3 27 0 4710 347 348
8508 2 3 3 27 0 347 4710 4436
8509 2 3 3 27 0 4408 4714 4394
8510 2 3 3 27 0 4714 4408 4616
8511 2 3 3 27 0 4716 280 279
8512 2 3 3 27 0 280 4716 4680
8513 2 3 3 27 0 15 4717 402
8514 2 3 3 27 0 4717 15 4713
8515 2 3 3 27 0 4339 4719 4681
8516 2 3 3 27 0 4343 4720 4342
8517 2 3 3 27 0 4723 4502 4503
8518 2 3 3 27 0 4723 4369 4370
8519 2 3 3 27 0 292 4724 291
8520 2 3 3 27 0 4527 4724 4559
8521 2 3 3 27 0 4725 429 428
8522 2 3 3 27 0 4725 4500 4499
8523 2 3 3 27 0 4433 4726 4473
8524 2 3 3 27 0 4726 4532 4473
8525 2 3 3 27 0 4727 4368 4369
8526 2 3 3 27 0 4727 4503 4504
8527 2 3 3 27 0 4728 4367 4368
8528 2 3 3 27 0 4728 4504 4505
8529 2 3 3 27 0 4729 4505 4506
8530 2 3 3 27 0 4729 4366 4367
8531 2 3 3 27 0 4730 4506 4507
8532 2 3 3 27 0 4730 4365 4366
8533 2 3 3 27 0 4731 4364 4365
8534 2 3 3 27 0 4731 4507 4508
8535 2 3 3 27 0 4732 4363 4364
8536 2 3 3 27 0 4732 4508 4509
8537 2 3 3 27 0 4423 4733 4337
8538 2 3 3 27 0 4733 4429 4337
8539 2 3 3 27 0 4733 4423 4651
8540 2 3 3 27 0 4734 4509 4510
8541 2 3 3 27 0 4734 4362 4363
8542 2 3 3 27 0 4735 4510 4511
8543 2 3 3 27 0 4735 4361 4362
8544 2 3 3 27 0 4736 4511 4512
8545 2 3 3 27 0 4736 4360 4361
8546 2 3 3 27 0 4737 4512 4513
8547 2 3 3 27 0 4737 4359 4360
8548 2 3 3 27 0 4738 4513 4514
8549 2 3 3 27 0 4738 4358 4359
8550 2 3 3 27 0 4739 4544 4335
8551 2 3 3 27 0 4338 4740 4613
8552 2 3 3 27 0 4741 4514 4515
8553 2 3 3 27 0 4741 4357 4358
8554 2 3 3 27 0 4742 4515 4516
8555 2 3 3 27 0 4742 4356 4357
8556 2 3 3 27 0 4372 4743 4373
8557 2 3 3 27 0 4440 4743 4438
8558 2 3 3 27 0 4744 4516 4517
8559 2 3 3 27 0 4744 4355 4356
8560 2 3 3 27 0 4745 446 445
8561 2 3 3 27 0 4745 4481 4480
8562 2 3 3 27 0 4746 4517 4518
8563 2 3 3 27 0 4746 4354 4355
8564 2 3 3 27 0 4748 4518 4519
8565 2 3 3 27 0 4748 4352 4354
8566 2 3 3 27 0 4490 4749 4564
8567 2 3 3 27 0 4751 4519 4520
8568 2 3 3 27 0 4751 4351 4352
8569 2 3 3 27 0 4753 4520 4521
8570 2 3 3 27 0 4753 4350 4351
8571 2 3 3 27 0 4754 4428 4492
8572 2 3 3 27 0 4755 4521 4522
8573 2 3 3 27 0 4755 4349 4350
8574 2 3 3 27 0 4424 4756 4603
8575 2 3 3 27 0 4421 4756 4635
8576 2 3 3 27 0 4373 4757 4374
8577 2 3 3 27 0 4443 4757 4440
8578 2 3 3 27 0 4374 4758 4375
8579 2 3 3 27 0 4445 4758 4443
8580 2 3 3 27 0 4759 4522 4523
8581 2 3 3 27 0 4759 4348 4349
8582 2 3 3 27 0 4375 4760 4376
8583 2 3 3 27 0 4447 4760 4445
8584 2 3 3 27 0 4376 4761 4377
8585 2 3 3 27 0 4449 4761 4447
8586 2 3 3 27 0 4377 4762 4378
8587 2 3 3 27 0 4451 4762 4449
8588 2 3 3 27 0 4378 4763 4379
8589 2 3 3 27 0 4453 4763 4451
8590 2 3 3 27 0 4379 4764 4380
8591 2 3 3 27 0 4455 4764 4453
8592 2 3 3 27 0 4765 4342 4341
8593 2 3 3 27 0 4380 4766 4381
8594 2 3 3 27 0 4457 4766 4455
8595 2 3 3 27 0 4381 4768 4382
8596 2 3 3 27 0 4459 4768 4457
8597 2 3 3 27 0 4382 4769 4383
8598 2 3 3 27 0 4461 4769 4459
8599 2 3 3 27 0 4383 4770 4384
8600 2 3 3 27 0 4463 4770 4461
8601 2 3 3 27 0 4384 4772 4385
8602 2 3 3 27 0 4465 4772 4463
8603 2 3 3 27 0 4773 445 444
8604 2 3 3 27 0 4773 4482 4481
8605 2 3 3 27 0 4385 4774 4386
8606 2 3 3 27 0 4467 4774 4465
8607 2 3 3 27 0 4386 4775 4387
8608 2 3 3 27 0 4469 4775 4467
8609 2 3 3 27 0 4776 444 443
8610 2 3 3 27 0 4776 4483 4482
8611 2 3 3 27 0 238 4777 6
8612 2 3 3 27 0 4777 401 6
8613 2 3 3 27 0 4778 443 442
8614 2 3 3 27 0 4778 4484 4483
8615 2 3 3 27 0 4779 236 7
8616 2 3 3 27 0 449 4779 7
8617 2 3 3 27 0 236 4779 4393
8618 2 3 3 27 0 4780 442 441
8619 2 3 3 27 0 4780 4485 4484
8620 2 3 3 27 0 4781 441 440
8621 2 3 3 27 0 4781 4486 4485
8622 2 3 3 27 0 4782 440 439
8623 2 3 3 27 0 4782 4487 4486
8624 2 3 3 27 0 4783 430 429
8625 2 3 3 27 0 4783 4499 4498
8626 2 3 3 27 0 4784 439 438
8627 2 3 3 27 0 4784 4488 4487
8628 2 3 3 27 0 4424 4785 4664
8629 2 3 3 27 0 4787 438 437
8630 2 3 3 27 0 4787 4489 4488
8631 2 3 3 27 0 4789 437 436
8632 2 3 3 27 0 4789 4491 4489
8633 2 3 3 27 0 4791 436 435
8634 2 3 3 27 0 4791 4493 4491
8635 2 3 3 27 0 4792 435 434
8636 2 3 3 27 0 4792 4494 4493
8637 2 3 3 27 0 4324 4794 4595
8638 2 3 3 27 0 4795 434 433
8639 2 3 3 27 0 4795 4495 4494
8640 2 3 3 27 0 4797 433 432
8641 2 3 3 27 0 4797 4496 4495
8642 2 3 3 27 0 4798 431 430
8643 2 3 3 27 0 4798 4498 4497
8644 2 3 3 27 0 4799 432 431
8645 2 3 3 27 0 4799 4497 4496
8646 2 3 3 27 0 4802 4430 4391
8647 2 3 3 27 0 4804 4405 4585
8648 2 3 3 27 0 4805 4523 4524
8649 2 3 3 27 0 4805 4347 4348
8650 2 3 3 27 0 4635 4739 4335
8651 2 3 3 27 0 4635 4338 4739
8652 2 3 3 27 0 4659 4398 4666
8653 2 3 3 27 0 4655 4716 279
8654 2 3 3 27 0 4679 4743 4372
8655 2 3 3 27 0 4679 4438 4743
8656 2 3 3 27 0 4743 4757 4373
8657 2 3 3 27 0 4743 4440 4757
8658 2 3 3 27 0 4757 4758 4374
8659 2 3 3 27 0 4757 4443 4758
8660 2 3 3 27 0 4758 4760 4375
8661 2 3 3 27 0 4758 4445 4760
8662 2 3 3 27 0 4760 4761 4376
8663 2 3 3 27 0 4760 4447 4761
8664 2 3 3 27 0 4761 4762 4377
8665 2 3 3 27 0 4761 4449 4762
8666 2 3 3 27 0 4762 4763 4378
8667 2 3 3 27 0 4762 4451 4763
8668 2 3 3 27 0 4763 4764 4379
8669 2 3 3 27 0 4763 4453 4764
8670 2 3 3 27 0 4764 4766 4380
8671 2 3 3 27 0 4764 4455 4766
8672 2 3 3 27 0 4766 4768 4381
8673 2 3 3 27 0 4766 4457 4768
8674 2 3 3 27 0 4768 4769 4382
8675 2 3 3 27 0 4768 4459 4769
8676 2 3 3 27 0 4769 4770 4383
8677 2 3 3 27 0 4769 4461 4770
8678 2 3 3 27 0 4770 4772 4384
8679 2 3 3 27 0 4770 4463 4772
8680 2 3 3 27 0 4772 4774 4385
8681 2 3 3 27 0 4772 4465 4774
8682 2 3 3 27 0 4774 4775 4386
8683 2 3 3 27 0 4774 4467 4775
8684 2 3 3 27 0 4745 4435 446
8685 2 3 3 27 0 4480 4435 4745
8686 2 3 3 27 0 4773 4745 445
8687 2 3 3 27 0 4481 4745 4773
8688 2 3 3 27 0 4776 4773 444
8689 2 3 3 27 0 4482 4773 4776
8690 2 3 3 27 0 4778 4776 443
8691 2 3 3 27 0 4483 4776 4778
8692 2 3 3 27 0 4780 4778 442
8693 2 3 3 27 0 4484 4778 4780
8694 2 3 3 27 0 4781 4780 441
8695 2 3 3 27 0 4485 4780 4781
8696 2 3 3 27 0 4782 4781 440
8697 2 3 3 27 0 4486 4781 4782
8698 2 3 3 27 0 4784 4782 439
8699 2 3 3 27 0 4487 4782 4784
8700 2 3 3 27 0 4787 4784 438
8701 2 3 3 27 0 4488 4784 4787
8702 2 3 3 27 0 4789 4787 437
8703 2 3 3 27 0 4489 4787 4789
8704 2 3 3 27 0 4791 4789 436
8705 2 3 3 27 0 4491 4789 4791
8706 2 3 3 27 0 4792 4791 435
8707 2 3 3 27 0 4493 4791 4792
8708 2 3 3 27 0 4795 4792 434
8709 2 3 3 27 0 4494 4792 4795
8710 2 3 3 27 0 4797 4795 433
8711 2 3 3 27 0 4495 4795 4797
8712 2 3 3 27 0 4799 4797 432
8713 2 3 3 27 0 4496 4797 4799
8714 2 3 3 27 0 4798 4799 431
8715 2 3 3 27 0 4798 4497 4799
8716 2 3 3 27 0 4783 4798 430
8717 2 3 3 27 0 4783 4498 4798
8718 2 3 3 27 0 4725 4783 429
8719 2 3 3 27 0 4725 4499 4783
8720 2 3 3 27 0 4692 4725 428
8721 2 3 3 27 0 4692 4500 4725
8722 2 3 3 27 0 4683 4692 427
8723 2 3 3 27 0 4683 4501 4692
8724 2 3 3 27 0 4682 4683 426
8725 2 3 3 27 0 4682 4502 4683
8726 2 3 3 27 0 4685 4682 425
8727 2 3 3 27 0 4503 4682 4685
8728 2 3 3 27 0 4686 4685 424
8729 2 3 3 27 0 4504 4685 4686
8730 2 3 3 27 0 4687 4686 423
8731 2 3 3 27 0 4505 4686 4687
8732 2 3 3 27 0 4688 4687 422
8733 2 3 3 27 0 4506 4687 4688
8734 2 3 3 27 0 4690 4688 421
8735 2 3 3 27 0 4507 4688 4690
8736 2 3 3 27 0 4691 4690 420
8737 2 3 3 27 0 4508 4690 4691
8738 2 3 3 27 0 4693 4691 419
8739 2 3 3 27 0 4509 4691 4693
8740 2 3 3 27 0 4695 4693 418
8741 2 3 3 27 0 4510 4693 4695
8742 2 3 3 27 0 4696 4695 417
8743 2 3 3 27 0 4511 4695 4696
8744 2 3 3 27 0 4698 4696 416
8745 2 3 3 27 0 4512 4696 4698
8746 2 3 3 27 0 4700 4698 415
8747 2 3 3 27 0 4513 4698 4700
8748 2 3 3 27 0 4702 4700 414
8749 2 3 3 27 0 4514 4700 4702
8750 2 3 3 27 0 4704 4702 413
8751 2 3 3 27 0 4515 4702 4704
8752 2 3 3 27 0 4705 4704 412
8753 2 3 3 27 0 4516 4704 4705
8754 2 3 3 27 0 4706 4705 411
8755 2 3 3 27 0 4517 4705 4706
8756 2 3 3 27 0 4707 4706 410
8757 2 3 3 27 0 4518 4706 4707
8758 2 3 3 27 0 4724 4672 291
8759 2 3 3 27 0 4527 4672 4724
8760 2 3 3 27 0 4699 4765 4341
8761 2 3 3 27 0 4699 4434 4765
8762 2 3 3 27 0 4674 4676 4421
8763 2 3 3 27 0 4805 4346 4347
8764 2 3 3 27 0 4524 4346 4805
8765 2 3 3 27 0 4759 4805 4348
8766 2 3 3 27 0 4759 4523 4805
8767 2 3 3 27 0 4755 4759 4349
8768 2 3 3 27 0 4755 4522 4759
8769 2 3 3 27 0 4753 4755 4350
8770 2 3 3 27 0 4753 4521 4755
8771 2 3 3 27 0 4751 4753 4351
8772 2 3 3 27 0 4751 4520 4753
8773 2 3 3 27 0 4748 4751 4352
8774 2 3 3 27 0 4748 4519 4751
8775 2 3 3 27 0 4746 4748 4354
8776 2 3 3 27 0 4746 4518 4748
8777 2 3 3 27 0 4744 4746 4355
8778 2 3 3 27 0 4744 4517 4746
8779 2 3 3 27 0 4742 4744 4356
8780 2 3 3 27 0 4742 4516 4744
8781 2 3 3 27 0 4741 4742 4357
8782 2 3 3 27 0 4741 4515 4742
8783 2 3 3 27 0 4738 4741 4358
8784 2 3 3 27 0 4738 4514 4741
8785 2 3 3 27 0 4737 4738 4359
8786 2 3 3 27 0 4737 4513 4738
8787 2 3 3 27 0 4736 4737 4360
8788 2 3 3 27 0 4736 4512 4737
8789 2 3 3 27 0 4735 4736 4361
8790 2 3 3 27 0 4735 4511 4736
8791 2 3 3 27 0 4734 4735 4362
8792 2 3 3 27 0 4734 4510 4735
8793 2 3 3 27 0 4723 4727 4369
8794 2 3 3 27 0 4723 4503 4727
8795 2 3 3 27 0 4730 4731 4365
8796 2 3 3 27 0 4730 4507 4731
8797 2 3 3 27 0 4731 4732 4364
8798 2 3 3 27 0 4731 4508 4732
8799 2 3 3 27 0 4729 4730 4366
8800 2 3 3 27 0 4729 4506 4730
8801 2 3 3 27 0 4727 4728 4368
8802 2 3 3 27 0 4727 4504 4728
8803 2 3 3 27 0 4728 4729 4367
8804 2 3 3 27 0 4728 4505 4729
8805 2 3 3 27 0 4732 4734 4363
8806 2 3 3 27 0 4732 4509 4734
8807 2 3 3 27 0 4543 4779 449
8808 2 3 3 27 0 4543 4393 4779
8809 2 3 3 27 0 4571 4602 4405
8810 2 3 3 27 0 4587 4600 4404
8811 2 3 3 27 0 4587 4551 4600
8812 2 3 3 27 0 4640 4605 4398
8813 2 3 3 27 0 4553 4605 4640
8814 2 3 3 27 0 4644 4562 4329
8815 2 3 3 27 0 4554 4562 4644
8816 2 3 3 27 0 4554 4574 4626
8817 2 3 3 27 0 4606 4555 4404
8818 2 3 3 27 0 4660 4580 4419
8819 2 3 3 27 0 4631 4573 4399
8820 2 3 3 27 0 4559 4573 4631
8821 2 3 3 27 0 4596 4594 4323
8822 2 3 3 27 0 4560 4594 4596
8823 2 3 3 27 0 4564 4624 4490
8824 2 3 3 27 0 4564 4560 4624
8825 2 3 3 27 0 4588 4644 4329
8826 2 3 3 27 0 4588 4563 4644
8827 2 3 3 27 0 4577 4749 4325
8828 2 3 3 27 0 4577 4564 4749
8829 2 3 3 27 0 4595 4583 4324
8830 2 3 3 27 0 4565 4583 4595
8831 2 3 3 27 0 4605 4593 4398
8832 2 3 3 27 0 4565 4593 4605
8833 2 3 3 27 0 4594 4582 4323
8834 2 3 3 27 0 4566 4582 4594
8835 2 3 3 27 0 4750 4579 4396
8836 2 3 3 27 0 4566 4579 4750
8837 2 3 3 27 0 4549 16 314
8838 2 3 3 27 0 4573 4590 4658
8839 2 3 3 27 0 4574 4801 4626
8840 2 3 3 27 0 4627 4587 4404
8841 2 3 3 27 0 4581 4587 4627
8842 2 3 3 27 0 4608 4611 4416
8843 2 3 3 27 0 4608 4582 4611
8844 2 3 3 27 0 4636 4583 4650
8845 2 3 3 27 0 4622 4584 4663
8846 2 3 3 27 0 4804 4607 4333
8847 2 3 3 27 0 4585 4607 4804
8848 2 3 3 27 0 4618 4718 4413
8849 2 3 3 27 0 4666 4639 4526
8850 2 3 3 27 0 4593 4639 4666
8851 2 3 3 27 0 4624 4794 4490
8852 2 3 3 27 0 4624 4595 4794
8853 2 3 3 27 0 4606 4619 4403
8854 2 3 3 27 0 4606 4600 4619
8855 2 3 3 27 0 4608 4623 4675
8856 2 3 3 27 0 4642 4616 4408
8857 2 3 3 27 0 4610 4616 4642
8858 2 3 3 27 0 4616 4636 4714
8859 2 3 3 27 0 4660 4630 4415
8860 2 3 3 27 0 4650 4622 4697
8861 2 3 3 27 0 4673 4653 4336
8862 2 3 3 27 0 4631 4653 4673
8863 2 3 3 27 0 4632 4681 4426
8864 2 3 3 27 0 4633 4632 4634
8865 2 3 3 27 0 4668 4756 4424
8866 2 3 3 27 0 4668 4635 4756
8867 2 3 3 27 0 4394 4641 4408
8868 2 3 3 27 0 4793 4654 4423
8869 2 3 3 27 0 4652 4709 4422
8870 2 3 3 27 0 4646 4645 4767
8871 2 3 3 27 0 4648 4656 4674
8872 2 3 3 27 0 4655 4649 4709
8873 2 3 3 27 0 4662 4654 4334
8874 2 3 3 27 0 4651 4654 4662
8875 2 3 3 27 0 4733 4694 4429
8876 2 3 3 27 0 4651 4694 4733
8877 2 3 3 27 0 4664 4785 4800
8878 2 3 3 27 0 4668 4740 4338
8879 2 3 3 27 0 4668 4664 4740
8880 2 3 3 27 0 4721 4711 4331
8881 2 3 3 27 0 4665 4711 4721
8882 2 3 3 27 0 4694 4719 4429
8883 2 3 3 27 0 4694 4681 4719
8884 2 3 3 27 0 4719 4428 4429
8885 2 3 3 27 0 4717 4713 4752
8886 2 3 3 27 0 4803 269 4537
8887 2 3 3 27 0 4326 4630 4628
8888 2 3 3 27 0 4660 4419 4628
8889 2 3 3 27 0 4628 4630 4660
8890 2 3 3 27 0 4329 4628 4588
8891 2 3 3 27 0 4628 4419 4588
8892 2 3 3 27 0 4417 4670 4592
8893 2 3 3 27 0 4592 4718 4417
8894 2 3 3 27 0 4801 4333 4607
8895 2 3 3 27 0 4607 4615 4801
8896 2 3 3 27 0 4771 4346 4345
8897 2 3 3 27 0 4771 4347 4346
8898 2 3 3 27 0 332 4575 331
8899 2 3 3 27 0 283 4754 282
8900 2 3 3 27 0 4754 4418 4428
8901 2 3 3 27 0 4570 334 335
8902 2 3 3 27 0 4584 272 271
8903 2 3 3 27 0 4638 16 4549
8904 2 3 3 27 0 4549 4556 4638
8905 2 3 3 27 0 4669 339 340
8906 2 3 3 27 0 339 4669 4396
8907 2 3 3 27 0 4750 4396 4669
8908 2 3 3 27 0 4598 341 342
8909 2 3 3 27 0 4416 4611 4598
8910 2 3 3 27 0 4703 397 398
8911 2 3 3 27 0 397 4703 4471
8912 2 3 3 27 0 4788 348 349
8913 2 3 3 27 0 4788 4710 348
8914 2 3 3 27 0 4788 4434 4432
8915 2 3 3 27 0 4788 4432 4710
8916 2 3 3 27 0 345 4676 344
8917 2 3 3 27 0 4676 4756 4421
8918 2 3 3 27 0 4676 4603 4756
8919 2 3 3 27 0 277 4649 278
8920 2 3 3 27 0 4422 4649 4427
8921 2 3 3 27 0 4680 281 280
8922 2 3 3 27 0 299 4641 298
8923 2 3 3 27 0 281 4713 15
8924 2 3 3 27 0 281 4680 4713
8925 2 3 3 27 0 4713 4680 4712
8926 2 3 3 27 0 4390 4726 4533
8927 2 3 3 27 0 4726 4390 4532
8928 2 3 3 27 0 4726 4433 4533
8929 2 3 3 27 0 4804 4571 4405
8930 2 3 3 27 0 4804 4536 4569
8931 2 3 3 27 0 4536 4804 4333
8932 2 3 3 27 0 4569 4571 4804
8933 2 3 3 27 0 4765 4343 4342
8934 2 3 3 27 0 4343 4765 4528
8935 2 3 3 27 0 4765 4434 4528
8936 2 3 3 27 0 4617 302 303
8937 2 3 3 27 0 4618 304 305
8938 2 3 3 27 0 4614 304 4618
8939 2 3 3 27 0 4618 4413 4410
8940 2 3 3 27 0 4410 4614 4618
8941 2 3 3 27 0 4637 14 309
8942 2 3 3 27 0 14 4637 4597
8943 2 3 3 27 0 4597 4637 4646
8944 2 3 3 27 0 4614 303 304
8945 2 3 3 27 0 4617 303 4614
8946 2 3 3 27 0 4614 4410 4414
8947 2 3 3 27 0 4414 4617 4614
8948 2 3 3 27 0 4597 308 14
8949 2 3 3 27 0 302 4580 301
8950 2 3 3 27 0 302 4617 4580
8951 2 3 3 27 0 308 4578 307
8952 2 3 3 27 0 308 4597 4578
8953 2 3 3 27 0 4715 4412 4578
8954 2 3 3 27 0 4578 4597 4715
8955 2 3 3 27 0 4786 4500 4501
8956 2 3 3 27 0 4661 274 4425
8957 2 3 3 27 0 4661 275 274
8958 2 3 3 27 0 4747 4341 4342
8959 2 3 3 27 0 4409 4701 4538
8960 2 3 3 27 0 4677 4701 4409
8961 2 3 3 27 0 4643 4701 4677
8962 2 3 3 27 0 4353 4720 4343
8963 2 3 3 27 0 4416 4648 4623
8964 2 3 3 27 0 4648 4544 4623
8965 2 3 3 27 0 4544 4648 4335
8966 2 3 3 27 0 4530 4708 4423
8967 2 3 3 27 0 4708 4530 4336
8968 2 3 3 27 0 4793 4423 4708
8969 2 3 3 27 0 4345 4689 4344
8970 2 3 3 27 0 4346 4689 4345
8971 2 3 3 27 0 4346 4525 4689
8972 2 3 3 27 0 269 4803 270
8973 2 3 3 27 0 4803 4663 270
8974 2 3 3 27 0 4599 4535 4330
8975 2 3 3 27 0 4645 4662 4334
8976 2 3 3 27 0 4645 4634 4662
8977 2 3 3 27 0 4666 4526 4538
8978 2 3 3 27 0 4659 4666 4538
8979 2 3 3 27 0 4701 4659 4538
8980 2 3 3 27 0 4574 4536 4333
8981 2 3 3 27 0 4333 4801 4574
8982 2 3 3 27 0 4394 4697 4537
8983 2 3 3 27 0 4803 4537 4697
8984 2 3 3 27 0 288 4540 4609
8985 2 3 3 27 0 4657 4420 4613
8986 2 3 3 27 0 4420 4657 4427
8987 2 3 3 27 0 4657 4613 4740
8988 2 3 3 27 0 4786 4370 4371
8989 2 3 3 27 0 4786 4723 4370
8990 2 3 3 27 0 4786 4501 4502
8991 2 3 3 27 0 4786 4502 4723
8992 2 3 3 27 0 4739 4338 4613
8993 2 3 3 27 0 4739 4409 4544
8994 2 3 3 27 0 4739 4677 4409
8995 2 3 3 27 0 4613 4677 4739
8996 2 3 3 27 0 4436 4785 4424
8997 2 3 3 27 0 4785 4436 4710
8998 2 3 3 27 0 4785 4710 4432
8999 2 3 3 27 0 4490 4794 4610
9000 2 3 3 27 0 4490 4610 4586
9001 2 3 3 27 0 4794 4324 4610
9002 2 3 3 27 0 4340 4719 4339
9003 2 3 3 27 0 4428 4719 4492
9004 2 3 3 27 0 4340 4492 4719
9005 2 3 3 27 0 4323 4675 4596
9006 2 3 3 27 0 4639 4675 4526
9007 2 3 3 27 0 4639 4596 4675
9008 2 3 3 27 0 4790 4330 4536
9009 2 3 3 27 0 4790 4589 4330
9010 2 3 3 27 0 4790 4332 4572
9011 2 3 3 27 0 4572 4589 4790
9012 2 3 3 27 0 4339 4681 4802
9013 2 3 3 27 0 4632 4430 4802
9014 2 3 3 27 0 4632 4802 4681
9015 2 3 3 27 0 4542 4777 238
9016 2 3 3 27 0 4542 4533 4777
9017 2 3 3 27 0 4422 4671 4652
9018 2 3 3 27 0 4652 4671 4800
9019 2 3 3 27 0 4399 4658 4647
9020 2 3 3 27 0 4647 4658 4722
9021 2 3 3 27 0 4665 4334 4654
9022 2 3 3 27 0 4654 4647 4665
9023 2 3 3 27 0 4626 4810 4403
9024 2 3 3 27 0 4570 4812 334
9025 2 3 3 27 0 4621 4813 4406
9026 2 3 3 27 0 4558 4813 4809
9027 2 3 3 27 0 316 4814 315
9028 2 3 3 27 0 4550 4814 4809
9029 2 3 3 27 0 4815 4649 277
9030 2 3 3 27 0 4649 4815 4427
9031 2 3 3 27 0 4816 4620 4406
9032 2 3 3 27 0 4816 4558 4806
9033 2 3 3 27 0 4817 4575 332
9034 2 3 3 27 0 4818 338 4396
9035 2 3 3 27 0 4548 4818 4396
9036 2 3 3 27 0 4819 4592 4670
9037 2 3 3 27 0 4821 4557 4810
9038 2 3 3 27 0 4822 4620 4401
9039 2 3 3 27 0 4823 4552 4548
9040 2 3 3 27 0 4552 4823 4811
9041 2 3 3 27 0 4824 4629 4415
9042 2 3 3 27 0 4825 4535 4327
9043 2 3 3 27 0 4826 4621 4406
9044 2 3 3 27 0 4826 4576 4807
9045 2 3 3 27 0 4612 4827 4824
9046 2 3 3 27 0 4827 4612 4546
9047 2 3 3 27 0 4620 4828 4406
9048 2 3 3 27 0 4829 4629 4411
9049 2 3 3 27 0 327 4830 326
9050 2 3 3 27 0 4400 4831 4811
9051 2 3 3 27 0 4598 4832 341
9052 2 3 3 27 0 4669 4832 4611
9053 2 3 3 27 0 4832 4598 4611
9054 2 3 3 27 0 4833 4652 4341
9055 2 3 3 27 0 4747 4833 4341
9056 2 3 3 27 0 4652 4833 4709
9057 2 3 3 27 0 4834 4534 4328
9058 2 3 3 27 0 4535 4835 4327
9059 2 3 3 27 0 4592 4835 4599
9060 2 3 3 27 0 4835 4535 4599
9061 2 3 3 27 0 4836 4552 4811
9062 2 3 3 27 0 4626 4837 4810
9063 2 3 3 27 0 4838 4395 4560
9064 2 3 3 27 0 4838 4564 4577
9065 2 3 3 27 0 4564 4838 4560
9066 2 3 3 27 0 4606 4839 4555
9067 2 3 3 27 0 4601 4840 4715
9068 2 3 3 27 0 4841 4580 4660
9069 2 3 3 27 0 4842 314 315
9070 2 3 3 27 0 314 4842 4549
9071 2 3 3 27 0 4545 4843 4328
9072 2 3 3 27 0 4576 4843 4807
9073 2 3 3 27 0 4844 4621 4407
9074 2 3 3 27 0 4844 4550 4809
9075 2 3 3 27 0 4621 4845 4407
9076 2 3 3 27 0 4846 330 331
9077 2 3 3 27 0 4846 4575 4555
9078 2 3 3 27 0 4575 4846 331
9079 2 3 3 27 0 4625 4847 4581
9080 2 3 3 27 0 4848 4556 4549
9081 2 3 3 27 0 4556 4848 4407
9082 2 3 3 27 0 4850 4591 4812
9083 2 3 3 27 0 4851 295 4638
9084 2 3 3 27 0 4852 4545 4328
9085 2 3 3 27 0 357 4853 356
9086 2 3 3 27 0 4853 357 4478
9087 2 3 3 27 0 4854 305 306
9088 2 3 3 27 0 4538 4855 4409
9089 2 3 3 27 0 4855 4544 4409
9090 2 3 3 27 0 4557 4856 4839
9091 2 3 3 27 0 4856 4555 4839
9092 2 3 3 27 0 4325 4858 4546
9093 2 3 3 27 0 4858 4325 4749
9094 2 3 3 27 0 4591 4859 4817
9095 2 3 3 27 0 4861 4404 4555
9096 2 3 3 27 0 4575 4861 4555
9097 2 3 3 27 0 4862 4534 4327
9098 2 3 3 27 0 4862 4592 4819
9099 2 3 3 27 0 4534 4863 4327
9100 2 3 3 27 0 4326 4864 4630
9101 2 3 3 27 0 4864 4612 4630
9102 2 3 3 27 0 4640 4865 4425
9103 2 3 3 27 0 4865 4661 4425
9104 2 3 3 27 0 4535 4866 4569
9105 2 3 3 27 0 4866 4571 4569
9106 2 3 3 27 0 4866 4535 4825
9107 2 3 3 27 0 4408 4867 4642
9108 2 3 3 27 0 4402 4868 4622
9109 2 3 3 27 0 4868 4584 4622
9110 2 3 3 27 0 4372 4869 4371
9111 2 3 3 27 0 4786 4869 4500
9112 2 3 3 27 0 4869 4786 4371
9113 2 3 3 27 0 4869 4372 4500
9114 2 3 3 27 0 4411 4871 4610
9115 2 3 3 27 0 4871 4586 4610
9116 2 3 3 27 0 307 4872 306
9117 2 3 3 27 0 4405 4873 4585
9118 2 3 3 27 0 4479 4874 4345
9119 2 3 3 27 0 4874 4771 4345
9120 2 3 3 27 0 4629 4875 4415
9121 2 3 3 27 0 4395 4876 4594
9122 2 3 3 27 0 4876 4566 4594
9123 2 3 3 27 0 4877 4643 4420
9124 2 3 3 27 0 352 4878 4441
9125 2 3 3 27 0 4546 4879 4325
9126 2 3 3 27 0 4556 4881 4638
9127 2 3 3 27 0 4534 4883 4328
9128 2 3 3 27 0 4884 330 4846
9129 2 3 3 27 0 4555 4884 4846
9130 2 3 3 27 0 4886 4400 4811
9131 2 3 3 27 0 4545 4887 4331
9132 2 3 3 27 0 4601 4887 4840
9133 2 3 3 27 0 4888 4574 4332
9134 2 3 3 27 0 4888 4790 4536
9135 2 3 3 27 0 4790 4888 4332
9136 2 3 3 27 0 4574 4888 4536
9137 2 3 3 27 0 4853 4684 356
9138 2 3 3 27 0 4814 4842 315
9139 2 3 3 27 0 4814 4550 4842
9140 2 3 3 27 0 4848 4844 4407
9141 2 3 3 27 0 4550 4844 4848
9142 2 3 3 27 0 4842 4848 4549
9143 2 3 3 27 0 4842 4550 4848
9144 2 3 3 27 0 4813 4816 4406
9145 2 3 3 27 0 4813 4558 4816
9146 2 3 3 27 0 4863 4825 4327
9147 2 3 3 27 0 4579 4823 4548
9148 2 3 3 27 0 4579 4568 4823
9149 2 3 3 27 0 4843 4834 4328
9150 2 3 3 27 0 4576 4834 4843
9151 2 3 3 27 0 4828 4826 4406
9152 2 3 3 27 0 4576 4826 4828
9153 2 3 3 27 0 4870 4585 4873
9154 2 3 3 27 0 4858 4827 4546
9155 2 3 3 27 0 4586 4827 4858
9156 2 3 3 27 0 4591 4850 4859
9157 2 3 3 27 0 4835 4862 4327
9158 2 3 3 27 0 4835 4592 4862
9159 2 3 3 27 0 4887 4721 4331
9160 2 3 3 27 0 4601 4721 4887
9161 2 3 3 27 0 4883 4852 4328
9162 2 3 3 27 0 4630 4824 4415
9163 2 3 3 27 0 4630 4612 4824
9164 2 3 3 27 0 4851 4638 4881
9165 2 3 3 27 0 4815 4420 4427
9166 2 3 3 27 0 276 4815 277
9167 2 3 3 27 0 282 4492 12
9168 2 3 3 27 0 282 4754 4492
9169 2 3 3 27 0 4670 4412 4819
9170 2 3 3 27 0 4412 4715 4840
9171 2 3 3 27 0 4832 340 341
9172 2 3 3 27 0 4669 340 4832
9173 2 3 3 27 0 4411 4642 4867
9174 2 3 3 27 0 4858 4490 4586
9175 2 3 3 27 0 4749 4490 4858
9176 2 3 3 27 0 4826 4845 4621
9177 2 3 3 27 0 4826 4807 4845
9178 2 3 3 27 0 4844 4813 4621
9179 2 3 3 27 0 4809 4813 4844
9180 2 3 3 27 0 4834 4863 4534
9181 2 3 3 27 0 4822 4828 4620
9182 2 3 3 27 0 4821 4837 4561
9183 2 3 3 27 0 4821 4810 4837
9184 2 3 3 27 0 4886 4823 4568
9185 2 3 3 27 0 4811 4823 4886
9186 2 3 3 27 0 4836 4831 4570
9187 2 3 3 27 0 4811 4831 4836
9188 2 3 3 27 0 4830 4821 4561
9189 2 3 3 27 0 4829 4875 4629
9190 2 3 3 27 0 4862 4883 4534
9191 2 3 3 27 0 4862 4819 4883
9192 2 3 3 27 0 4866 4857 4571
9193 2 3 3 27 0 4825 4857 4866
9194 2 3 3 27 0 4836 336 4552
9195 2 3 3 27 0 4854 4618 305
9196 2 3 3 27 0 4852 4887 4545
9197 2 3 3 27 0 4852 4840 4887
9198 2 3 3 27 0 4605 4868 4402
9199 2 3 3 27 0 4547 4864 4326
9200 2 3 3 27 0 4861 4627 4404
9201 2 3 3 27 0 4659 4865 4640
9202 2 3 3 27 0 4578 4872 307
9203 2 3 3 27 0 4867 4829 4411
9204 2 3 3 27 0 295 4851 294
9205 2 3 3 27 0 4876 4395 4568
9206 2 3 3 27 0 4579 4876 4568
9207 2 3 3 27 0 4876 4579 4566
9208 2 3 3 27 0 290 4672 4604
9209 2 3 3 27 0 288 4609 287
9210 2 3 3 27 0 329 4860 328
9211 2 3 3 27 0 4856 4557 4860
9212 2 3 3 27 0 4884 329 330
9213 2 3 3 27 0 329 4884 4860
9214 2 3 3 27 0 4856 4884 4555
9215 2 3 3 27 0 4856 4860 4884
9216 2 3 3 27 0 4641 4867 4408
9217 2 3 3 27 0 4867 4641 299
9218 2 3 3 27 0 300 4867 299
9219 2 3 3 27 0 4722 4711 4647
9220 2 3 3 27 0 4665 4647 4711
9221 2 3 3 27 0 4871 4827 4586
9222 2 3 3 27 0 4871 4629 4824
9223 2 3 3 27 0 4629 4871 4411
9224 2 3 3 27 0 4824 4827 4871
9225 2 3 3 27 0 4771 4684 4347
9226 2 3 3 27 0 349 350 4528
9227 2 3 3 27 0 4434 4788 349
9228 2 3 3 27 0 4434 349 4528
9229 2 3 3 27 0 338 4818 337
9230 2 3 3 27 0 4552 4818 4548
9231 2 3 3 27 0 4818 4552 337
9232 2 3 3 27 0 4865 4659 4701
9233 2 3 3 27 0 4643 4661 4865
9234 2 3 3 27 0 4865 4701 4643
9235 2 3 3 27 0 4546 4612 4864
9236 2 3 3 27 0 4676 345 4603
9237 2 3 3 27 0 4661 4877 275
9238 2 3 3 27 0 4877 4661 4643
9239 2 3 3 27 0 4877 276 275
9240 2 3 3 27 0 353 4878 352
9241 2 3 3 27 0 4878 353 4479
9242 2 3 3 27 0 4403 4839 4606
9243 2 3 3 27 0 4839 4403 4810
9244 2 3 3 27 0 4557 4839 4810
9245 2 3 3 27 0 4837 4615 4561
9246 2 3 3 27 0 4801 4615 4837
9247 2 3 3 27 0 4626 4801 4837
9248 2 3 3 27 0 4849 4545 4331
9249 2 3 3 27 0 4849 4843 4545
9250 2 3 3 27 0 4849 4807 4843
9251 2 3 3 27 0 4339 4802 4340
9252 2 3 3 27 0 4340 4802 4392
9253 2 3 3 27 0 4392 4802 4539
9254 2 3 3 27 0 4539 4802 4391
9255 2 3 3 27 0 4655 4709 4716
9256 2 3 3 27 0 4833 4716 4709
9257 2 3 3 27 0 4747 4716 4833
9258 2 3 3 27 0 4400 4847 4625
9259 2 3 3 27 0 4847 4400 4567
9260 2 3 3 27 0 272 4584 4553
9261 2 3 3 27 0 4820 4556 4407
9262 2 3 3 27 0 4556 4820 4590
9263 2 3 3 27 0 4845 4820 4407
9264 2 3 3 27 0 344 4882 343
9265 2 3 3 27 0 344 4676 4882
9266 2 3 3 27 0 4674 4656 4882
9267 2 3 3 27 0 4674 4882 4676
9268 2 3 3 27 0 4329 4397 4326
9269 2 3 3 27 0 4326 4628 4329
9270 2 3 3 27 0 4602 4873 4405
9271 2 3 3 27 0 4857 4602 4571
9272 2 3 3 27 0 4602 4857 4401
9273 2 3 3 27 0 4857 4822 4401
9274 2 3 3 27 0 4861 4575 4817
9275 2 3 3 27 0 4861 4859 4627
9276 2 3 3 27 0 4817 4859 4861
9277 2 3 3 27 0 399 4433 4678
9278 2 3 3 27 0 4796 4530 4337
9279 2 3 3 27 0 4796 4667 4530
9280 2 3 3 27 0 4796 4609 4667
9281 2 3 3 27 0 4584 4868 4553
9282 2 3 3 27 0 4868 4605 4553
9283 2 3 3 27 0 4803 4697 4622
9284 2 3 3 27 0 4622 4663 4803
9285 2 3 3 27 0 4657 4740 4671
9286 2 3 3 27 0 4671 4740 4664
9287 2 3 3 27 0 4800 4671 4664
9288 2 3 3 27 0 4526 4855 4538
9289 2 3 3 27 0 4526 4675 4855
9290 2 3 3 27 0 4855 4623 4544
9291 2 3 3 27 0 4675 4623 4855
9292 2 3 3 27 0 4618 4854 4718
9293 2 3 3 27 0 4417 4718 4854
9294 2 3 3 27 0 293 294 4880
9295 2 3 3 27 0 4653 4399 4793
9296 2 3 3 27 0 4399 4647 4793
9297 2 3 3 27 0 4793 4647 4654
9298 2 3 3 27 0 4793 4708 4653
9299 2 3 3 27 0 4570 4831 4812
9300 2 3 3 27 0 4625 4831 4400
9301 2 3 3 27 0 4850 4831 4625
9302 2 3 3 27 0 4812 4831 4850
9303 2 3 3 27 0 4886 4567 4400
9304 2 3 3 27 0 4886 4577 4567
9305 2 3 3 27 0 4886 4568 4395
9306 2 3 3 27 0 4838 4886 4395
9307 2 3 3 27 0 4838 4577 4886
9308 2 3 3 27 0 4331 4711 4849
9309 2 3 3 27 0 4849 4711 4722
9310 2 3 3 27 0 4722 4820 4849
9311 2 3 3 27 0 4712 4680 4720
9312 2 3 3 27 0 4716 4720 4680
9313 2 3 3 27 0 4747 4342 4720
9314 2 3 3 27 0 4747 4720 4716
9315 2 3 3 27 0 4590 4881 4556
9316 2 3 3 27 0 4881 4590 4573
9317 2 3 3 27 0 4334 4665 4767
9318 2 3 3 27 0 4645 4334 4767
9319 2 3 3 27 0 4767 4721 4601
9320 2 3 3 27 0 4721 4767 4665
9321 2 3 3 27 0 4750 4582 4566
9322 2 3 3 27 0 4750 4611 4582
9323 2 3 3 27 0 4669 4611 4750
9324 2 3 3 27 0 4715 4767 4601
9325 2 3 3 27 0 4872 4578 4670
9326 2 3 3 27 0 4670 4417 4872
9327 2 3 3 27 0 4717 4689 4525
9328 2 3 3 27 0 4717 4752 4689
9329 2 3 3 27 0 4627 4859 4581
9330 2 3 3 27 0 4625 4581 4859
9331 2 3 3 27 0 4850 4625 4859
9332 2 3 3 27 0 4752 4344 4689
9333 2 3 3 27 0 4697 4394 4714
9334 2 3 3 27 0 4636 4650 4714
9335 2 3 3 27 0 4650 4697 4714
9336 2 3 3 27 0 4889 4597 4646
9337 2 3 3 27 0 4889 4767 4715
9338 2 3 3 27 0 4767 4889 4646
9339 2 3 3 27 0 4597 4889 4715
9340 2 3 3 27 0 4873 4890 4808
9341 2 3 3 27 0 4890 4873 4602
9342 2 3 3 27 0 4559 4892 4880
9343 2 3 3 27 0 4892 4559 4724
9344 2 3 3 27 0 4892 293 4880
9345 2 3 3 27 0 4893 4418 4754
9346 2 3 3 27 0 4894 4830 327
9347 2 3 3 27 0 4830 4894 4821
9348 2 3 3 27 0 4895 4414 4419
9349 2 3 3 27 0 4895 4580 4617
9350 2 3 3 27 0 4580 4895 4419
9351 2 3 3 27 0 4414 4895 4617
9352 2 3 3 27 0 4441 4896 4353
9353 2 3 3 27 0 4896 4441 4878
9354 2 3 3 27 0 342 4897 4598
9355 2 3 3 27 0 4656 4897 4882
9356 2 3 3 27 0 4897 4656 4598
9357 2 3 3 27 0 4898 4814 316
9358 2 3 3 27 0 4814 4898 4809
9359 2 3 3 27 0 4899 4547 4587
9360 2 3 3 27 0 4581 4899 4587
9361 2 3 3 27 0 4418 4900 4337
9362 2 3 3 27 0 4900 4796 4337
9363 2 3 3 27 0 4902 4599 4413
9364 2 3 3 27 0 4902 4718 4592
9365 2 3 3 27 0 4718 4902 4413
9366 2 3 3 27 0 4599 4902 4592
9367 2 3 3 27 0 4903 4658 4590
9368 2 3 3 27 0 4903 4820 4722
9369 2 3 3 27 0 4820 4903 4590
9370 2 3 3 27 0 4658 4903 4722
9371 2 3 3 27 0 286 4891 285
9372 2 3 3 27 0 4904 319 320
9373 2 3 3 27 0 4401 4890 4602
9374 2 3 3 27 0 328 4894 327
9375 2 3 3 27 0 328 4860 4894
9376 2 3 3 27 0 4894 4557 4821
9377 2 3 3 27 0 4860 4557 4894
9378 2 3 3 27 0 317 4898 316
9379 2 3 3 27 0 4898 4558 4809
9380 2 3 3 27 0 4900 4891 4796
9381 2 3 3 27 0 343 4897 342
9382 2 3 3 27 0 343 4882 4897
9383 2 3 3 27 0 4892 292 293
9384 2 3 3 27 0 4724 292 4892
9385 2 3 3 27 0 326 4830 4561
9386 2 3 3 27 0 4816 4901 4620
9387 2 3 3 27 0 4901 4816 4806
9388 2 3 3 27 0 4901 4401 4620
9389 2 3 3 27 0 4880 294 4851
9390 2 3 3 27 0 4881 4880 4851
9391 2 3 3 27 0 4720 4353 4712
9392 2 3 3 27 0 4752 4712 4353
9393 2 3 3 27 0 4712 4752 4713
9394 2 3 3 27 0 4388 4885 4389
9395 2 3 3 27 0 273 272 4553
9396 2 3 3 27 0 4425 273 4553
9397 2 3 3 27 0 336 4836 335
9398 2 3 3 27 0 4836 4570 335
9399 2 3 3 27 0 4387 4885 4388
9400 2 3 3 27 0 4775 4885 4387
9401 2 3 3 27 0 4471 4885 4469
9402 2 3 3 27 0 4775 4469 4885
9403 2 3 3 27 0 345 346 4603
9404 2 3 3 27 0 346 4436 4603
9405 2 3 3 27 0 4872 4854 306
9406 2 3 3 27 0 4417 4854 4872
9407 2 3 3 27 0 283 284 4893
9408 2 3 3 27 0 4754 283 4893
9409 2 3 3 27 0 4819 4412 4883
9410 2 3 3 27 0 4412 4840 4883
9411 2 3 3 27 0 4852 4883 4840
9412 2 3 3 27 0 4815 276 4877
9413 2 3 3 27 0 4815 4877 4420
9414 2 3 3 27 0 284 285 4893
9415 2 3 3 27 0 285 4891 4893
9416 2 3 3 27 0 4900 4418 4893
9417 2 3 3 27 0 4893 4891 4900
9418 2 3 3 27 0 4849 4845 4807
9419 2 3 3 27 0 4845 4849 4820
9420 2 3 3 27 0 4890 4904 4808
9421 2 3 3 27 0 289 290 4604
9422 2 3 3 27 0 4540 289 4604
9423 2 3 3 27 0 300 4829 4867
9424 2 3 3 27 0 4863 4822 4857
9425 2 3 3 27 0 4863 4857 4825
9426 2 3 3 27 0 354 4874 4479
9427 2 3 3 27 0 4874 4684 4771
9428 2 3 3 27 0 4874 354 355
9429 2 3 3 27 0 4684 4874 355
9430 2 3 3 27 0 4847 4879 4581
9431 2 3 3 27 0 4699 4341 4800
9432 2 3 3 27 0 4652 4800 4341
9433 2 3 3 27 0 4432 4699 4800
9434 2 3 3 27 0 4800 4785 4432
9435 2 3 3 27 0 4870 4873 4808
9436 2 3 3 27 0 318 319 4806
9437 2 3 3 27 0 4347 4853 4348
9438 2 3 3 27 0 4347 4684 4853
9439 2 3 3 27 0 4478 4348 4853
9440 2 3 3 27 0 4528 351 4441
9441 2 3 3 27 0 351 4528 350
9442 2 3 3 27 0 4546 4864 4879
9443 2 3 3 27 0 4864 4547 4879
9444 2 3 3 27 0 4547 4899 4879
9445 2 3 3 27 0 4899 4581 4879
9446 2 3 3 27 0 4646 4637 4633
9447 2 3 3 27 0 4633 4634 4646
9448 2 3 3 27 0 4645 4646 4634
9449 2 3 3 27 0 4533 4905 4777
9450 2 3 3 27 0 4905 4533 4433
9451 2 3 3 27 0 4906 4561 4615
9452 2 3 3 27 0 4558 4907 4806
9453 2 3 3 27 0 4907 318 4806
9454 2 3 3 27 0 4909 4829 300
9455 2 3 3 27 0 13 4909 300
9456 2 3 3 27 0 4885 4910 4389
9457 2 3 3 27 0 4910 4885 4471
9458 2 3 3 27 0 4910 4473 4389
9459 2 3 3 27 0 4911 4567 4325
9460 2 3 3 27 0 4911 4879 4847
9461 2 3 3 27 0 4879 4911 4325
9462 2 3 3 27 0 4567 4911 4847
9463 2 3 3 27 0 4912 4796 4891
9464 2 3 3 27 0 4796 4912 4609
9465 2 3 3 27 0 286 4912 4891
9466 2 3 3 27 0 4913 4573 4559
9467 2 3 3 27 0 4913 4880 4881
9468 2 3 3 27 0 4880 4913 4559
9469 2 3 3 27 0 4573 4913 4881
9470 2 3 3 27 0 4703 4910 4471
9471 2 3 3 27 0 4703 4473 4910
9472 2 3 3 27 0 4907 317 318
9473 2 3 3 27 0 287 4912 286
9474 2 3 3 27 0 287 4609 4912
9475 2 3 3 27 0 4905 399 400
9476 2 3 3 27 0 4433 399 4905
9477 2 3 3 27 0 401 4905 400
9478 2 3 3 27 0 401 4777 4905
9479 2 3 3 27 0 317 4907 4898
9480 2 3 3 27 0 4907 4558 4898
9481 2 3 3 27 0 322 323 4870
9482 2 3 3 27 0 4637 309 4633
9483 2 3 3 27 0 4561 325 326
9484 2 3 3 27 0 4561 4906 325
9485 2 3 3 27 0 325 4906 324
9486 2 3 3 27 0 403 402 4525
9487 2 3 3 27 0 402 4717 4525
9488 2 3 3 27 0 301 4841 13
9489 2 3 3 27 0 4841 301 4580
9490 2 3 3 27 0 4841 4909 13
9491 2 3 3 27 0 4908 4607 4585
9492 2 3 3 27 0 4908 4615 4607
9493 2 3 3 27 0 4908 4906 4615
9494 2 3 3 27 0 332 333 4817
9495 2 3 3 27 0 333 4591 4817
9496 2 3 3 27 0 4591 333 4812
9497 2 3 3 27 0 333 334 4812
9498 2 3 3 27 0 4890 4401 4901
9499 2 3 3 27 0 4890 4901 4904
9500 2 3 3 27 0 404 4525 4524
9501 2 3 3 27 0 403 4525 404
9502 2 3 3 27 0 4870 4908 4585
9503 2 3 3 27 0 4660 4415 4875
9504 2 3 3 27 0 4875 4841 4660
9505 2 3 3 27 0 4841 4875 4909
9506 2 3 3 27 0 4829 4909 4875
9507 2 3 3 27 0 4576 4828 4834
9508 2 3 3 27 0 4822 4834 4828
9509 2 3 3 27 0 4822 4863 4834
9510 2 3 3 27 0 4353 4896 4752
9511 2 3 3 27 0 4344 4896 4479
9512 2 3 3 27 0 4896 4878 4479
9513 2 3 3 27 0 4896 4344 4752
9514 2 3 3 27 0 323 4914 4870
9515 2 3 3 27 0 4914 4908 4870
9516 2 3 3 27 0 4806 4915 4901
9517 2 3 3 27 0 4904 4915 319
9518 2 3 3 27 0 4915 4904 4901
9519 2 3 3 27 0 4915 4806 319
9520 2 3 3 27 0 324 4914 323
9521 2 3 3 27 0 324 4906 4914
9522 2 3 3 27 0 4908 4914 4906
9523 2 3 3 27 0 4633 310 4430
9524 2 3 3 27 0 310 4633 309
9525 2 3 3 27 0 405 4524 4523
9526 2 3 3 27 0 4524 405 404
9527 2 3 3 27 0 320 4916 4904
9528 2 3 3 27 0 4916 4808 4904
9529 2 3 3 27 0 321 4916 320
9530 2 3 3 27 0 4808 4916 321
9531 2 3 3 27 0 406 4523 4522
9532 2 3 3 27 0 4523 406 405
9533 2 3 3 27 0 321 322 4808
9534 2 3 3 27 0 322 4870 4808
9535 2 3 3 27 0 407 4522 4521
9536 2 3 3 27 0 4522 407 406
9537 2 3 3 27 0 408 4521 4520
9538 2 3 3 27 0 4521 408 407
9539 2 3 3 27 0 4917 4539 313
9540 2 3 3 27 0 11 4917 313
9541 2 3 3 27 0 11 265 4917
9542 2 3 3 27 0 4917 265 266
9543 2 3 3 27 0 4392 4917 266
9544 2 3 3 27 0 4917 4392 4539
9545 2 3 3 27 0 409 4520 4519
9546 2 3 3 27 0 4520 409 408
9547 2 3 3 27 0 4519 4707 409
9548 2 3 3 27 0 4918 267 12
9549 2 3 3 27 0 4492 4918 12
9550 2 3 3 27 0 4394 4919 4641
9551 2 3 3 27 0 298 4919 297
9552 2 3 3 27 0 298 4641 4919
9553 2 3 3 27 0 4537 4919 4394
9554 2 3 3 27 0 4918 266 267
9555 2 3 3 27 0 4918 4340 4392
9556 2 3 3 27 0 4340 4918 4492
9557 2 3 3 27 0 4392 266 4918
9558 2 3 3 27 0 297 4919 296
9559 2 3 3 27 0 4919 4537 296
9560 2 3 4 29 0 449 235 7
9561 2 3 4 29 0 4948 4930 4931
9562 2 3 4 29 0 434 433 4958
9563 2 3 4 29 0 4968 446 445
9564 2 3 4 29 0 4970 4968 445
9565 2 3 4 29 0 4937 4935 4972
9566 2 3 4 29 0 4973 4939 4921
9567 2 3 4 29 0 4973 4940 4922
9568 2 3 4 29 0 270 4972 4975
9569 2 3 4 29 0 4975 4972 4935
9570 2 3 4 29 0 4973 4922 4974
9571 2 3 4 29 0 4973 4974 4939
9572 2 3 4 29 0 4931 4930 4929
9573 2 3 4 29 0 4979 4937 4972
9574 2 3 4 29 0 447 446 4968
9575 2 3 4 29 0 229 230 4978
9576 2 3 4 29 0 4979 269 268
9577 2 3 4 29 0 270 269 4972
9578 2 3 4 29 0 269 4979 4972
9579 2 3 4 29 0 4970 445 444
9580 2 3 4 29 0 4969 429 428
9581 2 3 4 29 0 4969 4957 4936
9582 2 3 4 29 0 4931 4932 4948
9583 2 3 4 29 0 268 210 4979
9584 2 3 4 29 0 10 210 268
9585 2 3 4 29 0 4979 210 4937
9586 2 3 4 29 0 271 270 4975
9587 2 3 4 29 0 223 224 4964
9588 2 3 4 29 0 211 212 4963
9589 2 3 4 29 0 211 4963 4937
9590 2 3 4 29 0 210 211 4937
9591 2 3 4 29 0 4944 4981 4987
9592 2 3 4 29 0 4952 4989 4991
9593 2 3 4 29 0 4992 4946 4942
9594 2 3 4 29 0 4927 4929 4994
9595 2 3 4 29 0 4994 4991 4927
9596 2 3 4 29 0 4943 4990 4996
9597 2 3 4 29 0 4920 4992 4996
9598 2 3 4 29 0 4999 4981 4944
9599 2 3 4 29 0 4999 4982 4940
9600 2 3 4 29 0 434 4958 5000
9601 2 3 4 29 0 5002 4922 4967
9602 2 3 4 29 0 4952 4991 5003
9603 2 3 4 29 0 5004 4922 4940
9604 2 3 4 29 0 4967 4922 5004
9605 2 3 4 29 0 4940 4982 5004
9606 2 3 4 29 0 218 219 5005
9607 2 3 4 29 0 5005 4984 218
9608 2 3 4 29 0 4962 4970 5006
9609 2 3 4 29 0 4932 4933 5008
9610 2 3 4 29 0 5008 4948 4932
9611 2 3 4 29 0 4924 4928 5009
9612 2 3 4 29 0 4978 230 5013
9613 2 3 4 29 0 5014 4993 4949
9614 2 3 4 29 0 4969 4936 5015
9615 2 3 4 29 0 5015 4936 4961
9616 2 3 4 29 0 4943 4984 5017
9617 2 3 4 29 0 5021 4989 4952
9618 2 3 4 29 0 5023 5008 4933
9619 2 3 4 29 0 5024 219 220
9620 2 3 4 29 0 4935 4937 5026
9621 2 3 4 29 0 5026 4937 4963
9622 2 3 4 29 0 5026 4928 4935
9623 2 3 4 29 0 5028 4992 4942
9624 2 3 4 29 0 5029 4973 4921
9625 2 3 4 29 0 4940 4973 5029
9626 2 3 4 29 0 4945 4959 5033
9627 2 3 4 29 0 5034 5017 4956
9628 2 3 4 29 0 5035 5009 4945
9629 2 3 4 29 0 4943 5017 5036
9630 2 3 4 29 0 4932 4931 5037
9631 2 3 4 29 0 224 225 5039
9632 2 3 4 29 0 5039 225 4960
9633 2 3 4 29 0 5039 4964 224
9634 2 3 4 29 0 5041 4981 4920
9635 2 3 4 29 0 5042 5010 4955
9636 2 3 4 29 0 5048 5037 4960
9637 2 3 4 29 0 4932 5037 5048
9638 2 3 4 29 0 216 217 5050
9639 2 3 4 29 0 5051 4974 4924
9640 2 3 4 29 0 4939 4974 5051
9641 2 3 4 29 0 4924 5009 5051
9642 2 3 4 29 0 4944 4987 5052
9643 2 3 4 29 0 5053 4989 4926
9644 2 3 4 29 0 5053 5012 4927
9645 2 3 4 29 0 5056 222 223
9646 2 3 4 29 0 5057 4963 4959
9647 2 3 4 29 0 4974 4922 5058
9648 2 3 4 29 0 5005 219 5024
9649 2 3 4 29 0 5005 5024 4956
9650 2 3 4 29 0 5039 4960 5037
9651 2 3 4 29 0 4964 5039 5037
9652 2 3 4 29 0 5058 4922 5002
9653 2 3 4 29 0 5057 4928 5026
9654 2 3 4 29 0 4963 5057 5026
9655 2 3 4 29 0 213 214 5033
9656 2 3 4 29 0 213 5033 4959
9657 2 3 4 29 0 4981 5041 4987
9658 2 3 4 29 0 4984 4943 5028
9659 2 3 4 29 0 5005 4956 5017
9660 2 3 4 29 0 5005 5017 4984
9661 2 3 4 29 0 4998 4941 4997
9662 2 3 4 29 0 5053 4927 4991
9663 2 3 4 29 0 4989 5053 4991
9664 2 3 4 29 0 5041 4920 4996
9665 2 3 4 29 0 4990 5041 4996
9666 2 3 4 29 0 4994 4955 5003
9667 2 3 4 29 0 4994 5003 4991
9668 2 3 4 29 0 5028 4943 4996
9669 2 3 4 29 0 4992 5028 4996
9670 2 3 4 29 0 5007 4946 5032
9671 2 3 4 29 0 5035 4939 5051
9672 2 3 4 29 0 5035 5051 5009
9673 2 3 4 29 0 5012 4954 5044
9674 2 3 4 29 0 5042 4930 5047
9675 2 3 4 29 0 5042 5047 5010
9676 2 3 4 29 0 5034 4923 5036
9677 2 3 4 29 0 5034 5036 5017
9678 2 3 4 29 0 5035 4945 5032
9679 2 3 4 29 0 5036 4923 4977
9680 2 3 4 29 0 5056 223 4964
9681 2 3 4 29 0 5036 4990 4943
9682 2 3 4 29 0 4950 4953 5045
9683 2 3 4 29 0 4980 4925 5045
9684 2 3 4 29 0 5016 4925 4980
9685 2 3 4 29 0 4998 5016 4947
9686 2 3 4 29 0 5010 5018 4955
9687 2 3 4 29 0 4955 5018 5003
9688 2 3 4 29 0 412 411 5025
9689 2 3 4 29 0 5025 4952 5003
9690 2 3 4 29 0 4952 5025 5021
9691 2 3 4 29 0 4995 407 406
9692 2 3 4 29 0 5014 4995 4947
9693 2 3 4 29 0 4941 4983 5011
9694 2 3 4 29 0 4998 4983 4941
9695 2 3 4 29 0 5019 409 408
9696 2 3 4 29 0 410 409 5019
9697 2 3 4 29 0 5019 4949 5021
9698 2 3 4 29 0 4931 4929 5020
9699 2 3 4 29 0 4956 4950 5034
9700 2 3 4 29 0 4976 4923 5034
9701 2 3 4 29 0 5027 403 402
9702 2 3 4 29 0 5054 5027 402
9703 2 3 4 29 0 404 403 5027
9704 2 3 4 29 0 5054 402 15
9705 2 3 4 29 0 273 272 5031
9706 2 3 4 29 0 274 273 5031
9707 2 3 4 29 0 5033 214 215
9708 2 3 4 29 0 5007 5033 215
9709 2 3 4 29 0 4945 5033 5032
9710 2 3 4 29 0 5007 5032 5033
9711 2 3 4 29 0 5007 215 216
9712 2 3 4 29 0 5050 5007 216
9713 2 3 4 29 0 5007 4942 4946
9714 2 3 4 29 0 4942 5007 5050
9715 2 3 4 29 0 217 218 4984
9716 2 3 4 29 0 5050 217 4984
9717 2 3 4 29 0 4942 4984 5028
9718 2 3 4 29 0 4942 5050 4984
9719 2 3 4 29 0 416 4985 417
9720 2 3 4 29 0 443 442 5006
9721 2 3 4 29 0 4971 442 441
9722 2 3 4 29 0 4971 5006 442
9723 2 3 4 29 0 221 9 5046
9724 2 3 4 29 0 5030 4921 4939
9725 2 3 4 29 0 5035 5030 4939
9726 2 3 4 29 0 4946 5030 5032
9727 2 3 4 29 0 5030 5035 5032
9728 2 3 4 29 0 4997 4977 4923
9729 2 3 4 29 0 4923 4976 4997
9730 2 3 4 29 0 4929 4930 5042
9731 2 3 4 29 0 5042 4994 4929
9732 2 3 4 29 0 4955 4994 5042
9733 2 3 4 29 0 5059 5045 4953
9734 2 3 4 29 0 5059 4926 4980
9735 2 3 4 29 0 4980 5045 5059
9736 2 3 4 29 0 4933 4932 5048
9737 2 3 4 29 0 5048 5040 4933
9738 2 3 4 29 0 5040 5048 4960
9739 2 3 4 29 0 4969 5015 429
9740 2 3 4 29 0 4920 4921 5030
9741 2 3 4 29 0 5030 4992 4920
9742 2 3 4 29 0 4946 4992 5030
9743 2 3 4 29 0 4977 4990 5036
9744 2 3 4 29 0 5053 4926 5059
9745 2 3 4 29 0 4954 5012 5059
9746 2 3 4 29 0 5059 4953 4954
9747 2 3 4 29 0 5012 5053 5059
9748 2 3 4 29 0 5047 4930 4948
9749 2 3 4 29 0 4948 4985 5047
9750 2 3 4 29 0 5057 5009 4928
9751 2 3 4 29 0 4945 5009 5057
9752 2 3 4 29 0 5057 4959 4945
9753 2 3 4 29 0 213 4959 212
9754 2 3 4 29 0 212 4959 4963
9755 2 3 4 29 0 443 5006 444
9756 2 3 4 29 0 444 5006 4970
9757 2 3 4 29 0 421 420 4965
9758 2 3 4 29 0 5029 4921 4920
9759 2 3 4 29 0 4920 4981 5029
9760 2 3 4 29 0 4999 4940 5029
9761 2 3 4 29 0 4981 4999 5029
9762 2 3 4 29 0 424 4988 425
9763 2 3 4 29 0 4924 4974 5058
9764 2 3 4 29 0 4950 4956 5024
9765 2 3 4 29 0 4993 4980 4926
9766 2 3 4 29 0 4926 4989 4993
9767 2 3 4 29 0 5021 4949 4993
9768 2 3 4 29 0 4989 5021 4993
9769 2 3 4 29 0 5000 435 434
9770 2 3 4 29 0 436 435 5000
9771 2 3 4 29 0 421 4986 422
9772 2 3 4 29 0 4965 4986 421
9773 2 3 4 29 0 5001 5052 4987
9774 2 3 4 29 0 4928 4924 5038
9775 2 3 4 29 0 4960 225 5049
9776 2 3 4 29 0 4960 5049 5040
9777 2 3 4 29 0 226 5049 225
9778 2 3 4 29 0 5025 5003 5061
9779 2 3 4 29 0 5061 412 5025
9780 2 3 4 29 0 5061 5003 5018
9781 2 3 4 29 0 4995 406 5062
9782 2 3 4 29 0 4983 4998 5062
9783 2 3 4 29 0 5064 410 5019
9784 2 3 4 29 0 5064 5021 5025
9785 2 3 4 29 0 5019 5021 5064
9786 2 3 4 29 0 5019 408 5065
9787 2 3 4 29 0 4995 5014 5065
9788 2 3 4 29 0 5027 5011 5066
9789 2 3 4 29 0 5066 404 5027
9790 2 3 4 29 0 5066 5011 4983
9791 2 3 4 29 0 436 5000 5067
9792 2 3 4 29 0 5067 5000 4966
9793 2 3 4 29 0 5047 4985 5068
9794 2 3 4 29 0 5068 4985 416
9795 2 3 4 29 0 5038 4924 5069
9796 2 3 4 29 0 5069 4924 5058
9797 2 3 4 29 0 5070 4944 5052
9798 2 3 4 29 0 5071 4931 5020
9799 2 3 4 29 0 5071 4964 5037
9800 2 3 4 29 0 5037 4931 5071
9801 2 3 4 29 0 5046 9 5072
9802 2 3 4 29 0 5073 4950 5024
9803 2 3 4 29 0 4999 4944 5074
9804 2 3 4 29 0 5075 274 5031
9805 2 3 4 29 0 5077 4978 5013
9806 2 3 4 29 0 5078 4927 5012
9807 2 3 4 29 0 5012 5044 5078
9808 2 3 4 29 0 5079 4965 420
9809 2 3 4 29 0 406 405 5080
9810 2 3 4 29 0 4983 5062 5080
9811 2 3 4 29 0 5080 5062 406
9812 2 3 4 29 0 227 228 5081
9813 2 3 4 29 0 5082 5000 4958
9814 2 3 4 29 0 5084 5082 4958
9815 2 3 4 29 0 5085 4967 5004
9816 2 3 4 29 0 4997 4976 5087
9817 2 3 4 29 0 5016 4998 5087
9818 2 3 4 29 0 5087 4998 4997
9819 2 3 4 29 0 5088 4980 4993
9820 2 3 4 29 0 5016 4980 5088
9821 2 3 4 29 0 4993 5014 5088
9822 2 3 4 29 0 5090 4976 5034
9823 2 3 4 29 0 5090 4950 5045
9824 2 3 4 29 0 5034 4950 5090
9825 2 3 4 29 0 5074 4944 5070
9826 2 3 4 29 0 4925 4976 5090
9827 2 3 4 29 0 4925 5090 5045
9828 2 3 4 29 0 5088 5014 4947
9829 2 3 4 29 0 5016 5088 4947
9830 2 3 4 29 0 5087 4976 4925
9831 2 3 4 29 0 5016 5087 4925
9832 2 3 4 29 0 413 412 5061
9833 2 3 4 29 0 413 5061 5018
9834 2 3 4 29 0 411 410 5064
9835 2 3 4 29 0 411 5064 5025
9836 2 3 4 29 0 4947 4995 5062
9837 2 3 4 29 0 4947 5062 4998
9838 2 3 4 29 0 5065 408 407
9839 2 3 4 29 0 4995 5065 407
9840 2 3 4 29 0 405 404 5066
9841 2 3 4 29 0 5065 5014 4949
9842 2 3 4 29 0 5019 5065 4949
9843 2 3 4 29 0 5068 416 415
9844 2 3 4 29 0 4953 4950 5073
9845 2 3 4 29 0 4953 5073 5046
9846 2 3 4 29 0 5085 278 277
9847 2 3 4 29 0 4967 5085 277
9848 2 3 4 29 0 430 429 5015
9849 2 3 4 29 0 4929 4927 5078
9850 2 3 4 29 0 4929 5078 5020
9851 2 3 4 29 0 4982 4999 5074
9852 2 3 4 29 0 431 5063 432
9853 2 3 4 29 0 220 221 5073
9854 2 3 4 29 0 5073 5024 220
9855 2 3 4 29 0 5073 221 5046
9856 2 3 4 29 0 437 436 5067
9857 2 3 4 29 0 5044 4954 5072
9858 2 3 4 29 0 5046 5072 4953
9859 2 3 4 29 0 5072 4954 4953
9860 2 3 4 29 0 5018 5010 414
9861 2 3 4 29 0 5018 414 413
9862 2 3 4 29 0 4935 4928 5076
9863 2 3 4 29 0 5076 4975 4935
9864 2 3 4 29 0 5076 4928 5038
9865 2 3 4 29 0 420 419 5079
9866 2 3 4 29 0 5070 5052 5054
9867 2 3 4 29 0 5054 15 5070
9868 2 3 4 29 0 5085 279 278
9869 2 3 4 29 0 5085 5004 4982
9870 2 3 4 29 0 5068 415 414
9871 2 3 4 29 0 5068 5010 5047
9872 2 3 4 29 0 5068 414 5010
9873 2 3 4 29 0 5056 4964 5071
9874 2 3 4 29 0 5056 5071 5020
9875 2 3 4 29 0 5056 5020 5078
9876 2 3 4 29 0 5056 5078 5044
9877 2 3 4 29 0 4961 5084 5063
9878 2 3 4 29 0 5043 5008 5023
9879 2 3 4 29 0 281 5070 15
9880 2 3 4 29 0 5031 5069 5075
9881 2 3 4 29 0 5069 5031 5038
9882 2 3 4 29 0 4933 4951 5023
9883 2 3 4 29 0 5023 4951 4965
9884 2 3 4 29 0 5089 229 4978
9885 2 3 4 29 0 5072 9 222
9886 2 3 4 29 0 5072 222 5044
9887 2 3 4 29 0 5044 222 5056
9888 2 3 4 29 0 5013 230 231
9889 2 3 4 29 0 5000 5082 4966
9890 2 3 4 29 0 4966 5082 5077
9891 2 3 4 29 0 226 227 5055
9892 2 3 4 29 0 5055 5049 226
9893 2 3 4 29 0 5055 227 5081
9894 2 3 4 29 0 272 271 5076
9895 2 3 4 29 0 5076 5031 272
9896 2 3 4 29 0 4975 5076 271
9897 2 3 4 29 0 5076 5038 5031
9898 2 3 4 29 0 5091 4958 433
9899 2 3 4 29 0 5091 5063 5084
9900 2 3 4 29 0 5084 4958 5091
9901 2 3 4 29 0 5092 229 5089
9902 2 3 4 29 0 228 229 5092
9903 2 3 4 29 0 4957 4969 5093
9904 2 3 4 29 0 430 5015 5094
9905 2 3 4 29 0 5094 5015 4961
9906 2 3 4 29 0 5095 5049 5055
9907 2 3 4 29 0 5096 4978 5077
9908 2 3 4 29 0 5089 4978 5096
9909 2 3 4 29 0 5084 4961 5097
9910 2 3 4 29 0 5094 4961 5063
9911 2 3 4 29 0 5094 431 430
9912 2 3 4 29 0 431 5094 5063
9913 2 3 4 29 0 5085 4982 279
9914 2 3 4 29 0 432 5091 433
9915 2 3 4 29 0 5063 5091 432
9916 2 3 4 29 0 5096 5077 5082
9917 2 3 4 29 0 5096 5082 5084
9918 2 3 4 29 0 5098 281 280
9919 2 3 4 29 0 5098 5070 281
9920 2 3 4 29 0 5098 5074 5070
9921 2 3 4 29 0 5093 5083 4957
9922 2 3 4 29 0 280 279 5098
9923 2 3 4 29 0 4982 5074 5098
9924 2 3 4 29 0 5098 279 4982
9925 2 3 4 29 0 427 5093 428
9926 2 3 4 29 0 428 5093 4969
9927 2 3 4 29 0 5075 5058 5002
9928 2 3 4 29 0 5075 5069 5058
9929 2 3 4 29 0 5086 4941 5011
9930 2 3 4 29 0 4997 4941 5086
9931 2 3 4 29 0 5001 5086 5011
9932 2 3 4 29 0 4977 4997 5086
9933 2 3 4 29 0 4990 4977 5086
9934 2 3 4 29 0 275 274 5075
9935 2 3 4 29 0 5075 5002 275
9936 2 3 4 29 0 417 4985 5100
9937 2 3 4 29 0 5100 4985 5043
9938 2 3 4 29 0 5102 4987 5041
9939 2 3 4 29 0 5102 4990 5086
9940 2 3 4 29 0 5041 4990 5102
9941 2 3 4 29 0 5103 448 447
9942 2 3 4 29 0 449 448 5103
9943 2 3 4 29 0 418 417 5100
9944 2 3 4 29 0 5001 4987 5102
9945 2 3 4 29 0 5001 5102 5086
9946 2 3 4 29 0 5103 447 4968
9947 2 3 4 29 0 276 5002 4967
9948 2 3 4 29 0 4967 277 276
9949 2 3 4 29 0 5002 276 275
9950 2 3 4 29 0 5043 418 5100
9951 2 3 4 29 0 440 5060 441
9952 2 3 4 29 0 441 5060 4971
9953 2 3 4 29 0 5097 5096 5084
9954 2 3 4 29 0 5096 5097 5089
9955 2 3 4 29 0 5103 235 449
9956 2 3 4 29 0 4965 5079 5023
9957 2 3 4 29 0 5023 5079 5043
9958 2 3 4 29 0 418 5079 419
9959 2 3 4 29 0 5043 5079 418
9960 2 3 4 29 0 4961 4936 5097
9961 2 3 4 29 0 5052 5001 5054
9962 2 3 4 29 0 5040 4934 4951
9963 2 3 4 29 0 4934 5040 5095
9964 2 3 4 29 0 4951 4933 5040
9965 2 3 4 29 0 5040 5049 5095
9966 2 3 4 29 0 438 437 5099
9967 2 3 4 29 0 5067 5099 437
9968 2 3 4 29 0 4966 5099 5067
9969 2 3 4 29 0 5055 5081 5104
9970 2 3 4 29 0 5104 5095 5055
9971 2 3 4 29 0 4957 5083 5105
9972 2 3 4 29 0 5106 5054 5001
9973 2 3 4 29 0 5106 5011 5027
9974 2 3 4 29 0 5027 5054 5106
9975 2 3 4 29 0 5001 5011 5106
9976 2 3 4 29 0 5107 4985 4948
9977 2 3 4 29 0 5107 5008 5043
9978 2 3 4 29 0 5043 4985 5107
9979 2 3 4 29 0 4948 5008 5107
9980 2 3 4 29 0 5104 5081 5101
9981 2 3 4 29 0 5101 4936 4957
9982 2 3 4 29 0 5097 4936 5101
9983 2 3 4 29 0 5105 5101 4957
9984 2 3 4 29 0 5105 5104 5101
9985 2 3 4 29 0 5109 4988 424
9986 2 3 4 29 0 424 423 5109
9987 2 3 4 29 0 5081 228 5092
9988 2 3 4 29 0 5101 5081 5092
9989 2 3 4 29 0 5089 5097 5092
9990 2 3 4 29 0 5092 5097 5101
9991 2 3 4 29 0 5108 4988 5109
9992 2 3 4 29 0 422 4986 423
9993 2 3 4 29 0 423 4986 5109
9994 2 3 4 29 0 5022 5110 4962
9995 2 3 4 29 0 4938 5110 5022
9996 2 3 4 29 0 5109 4986 5108
9997 2 3 4 29 0 5112 5099 4966
9998 2 3 4 29 0 5013 4938 5113
9999 2 3 4 29 0 5114 4938 5022
10000 2 3 4 29 0 231 232 5115
10001 2 3 4 29 0 5110 4938 5115
10002 2 3 4 29 0 5115 232 5110
10003 2 3 4 29 0 5116 4965 4951
10004 2 3 4 29 0 5116 5108 4986
10005 2 3 4 29 0 4986 4965 5116
10006 2 3 4 29 0 232 8 5117
10007 2 3 4 29 0 5117 8 233
10008 2 3 4 29 0 5118 5083 4988
10009 2 3 4 29 0 4988 5108 5118
10010 2 3 4 29 0 5022 4962 5006
10011 2 3 4 29 0 4971 5022 5006
10012 2 3 4 29 0 5113 4938 5114
10013 2 3 4 29 0 5113 5114 5111
10014 2 3 4 29 0 5013 231 5115
10015 2 3 4 29 0 5013 5115 4938
10016 2 3 4 29 0 5116 4951 4934
10017 2 3 4 29 0 5108 5116 4934
10018 2 3 4 29 0 5114 5022 4971
10019 2 3 4 29 0 5110 232 5117
10020 2 3 4 29 0 5077 5013 5113
10021 2 3 4 29 0 5103 234 235
10022 2 3 4 29 0 4971 5060 5114
10023 2 3 4 29 0 5112 4966 5077
10024 2 3 4 29 0 5077 5113 5112
10025 2 3 4 29 0 5111 5112 5113
10026 2 3 4 29 0 4934 5095 5118
10027 2 3 4 29 0 5108 4934 5118
10028 2 3 4 29 0 5118 5095 5104
10029 2 3 4 29 0 5118 5104 5105
10030 2 3 4 29 0 5105 5083 5118
10031 2 3 4 29 0 5119 439 438
10032 2 3 4 29 0 440 439 5119
10033 2 3 4 29 0 5112 5111 5119
10034 2 3 4 29 0 5119 5099 5112
10035 2 3 4 29 0 5099 5119 438
10036 2 3 4 29 0 5119 5111 5114
10037 2 3 4 29 0 5114 5060 5119
10038 2 3 4 29 0 440 5119 5060
10039 2 3 4 29 0 427 426 5093
10040 2 3 4 29 0 5120 4962 5110
10041 2 3 4 29 0 234 5103 5120
10042 2 3 4 29 0 233 234 5120
10043 2 3 4 29 0 5080 405 5066
10044 2 3 4 29 0 5080 5066 4983
10045 2 3 4 29 0 5117 233 5120
10046 2 3 4 29 0 5117 5120 5110
10047 2 3 4 29 0 5121 426 425
10048 2 3 4 29 0 5121 4988 5083
10049 2 3 4 29 0 425 4988 5121
10050 2 3 4 29 0 5120 4968 4970
10051 2 3 4 29 0 4970 4962 5120
10052 2 3 4 29 0 5103 4968 5120
10053 2 3 4 29 0 5093 426 5121
10054 2 3 4 29 0 5093 5121 5083
$EndElements
