# This file was generated by TiberCAD (GraceIO.C)
# Stores 1D nodal data in format suitable for Grace
# x	spontaneous_power_density_Px[W/eV/cm^2]	spontaneous_power_density_Py[W/eV/cm^2]	spontaneous_power_density_Pz[W/eV/cm^2]	stimulated_power_density_Px[W/eV/cm^2]	stimulated_power_density_Py[W/eV/cm^2]	stimulated_power_density_Pz[W/eV/cm^2]	gain_Px[-]	gain_Py[-]	gain_Pz[-]
2	0	0	0	0	0	0	0	0	0	
2.001	0	0	0	0	0	0	0	0	0	
2.002	0	0	0	0	0	0	0	0	0	
2.003	0	0	0	0	0	0	0	0	0	
2.004	0	0	0	0	0	0	0	0	0	
2.005	0	0	0	0	0	0	0	0	0	
2.006	0	0	0	0	0	0	0	0	0	
2.007	0	0	0	0	0	0	0	0	0	
2.008	0	0	0	0	0	0	0	0	0	
2.009	0	0	0	0	0	0	0	0	0	
2.01	0	0	0	0	0	0	0	0	0	
2.011	0	0	0	0	0	0	0	0	0	
2.012	0	0	0	0	0	0	0	0	0	
2.013	0	0	0	0	0	0	0	0	0	
2.014	0	0	0	0	0	0	0	0	0	
2.015	0	0	0	0	0	0	0	0	0	
2.016	0	0	0	0	0	0	0	0	0	
2.017	0	0	0	0	0	0	0	0	0	
2.018	0	0	0	0	0	0	0	0	0	
2.019	0	0	0	0	0	0	0	0	0	
2.02	0	0	0	0	0	0	0	0	0	
2.021	0	0	0	0	0	0	0	0	0	
2.022	0	0	0	0	0	0	0	0	0	
2.023	0	0	0	0	0	0	0	0	0	
2.024	0	0	0	0	0	0	0	0	0	
2.025	0	0	0	0	0	0	0	0	0	
2.026	0	0	0	0	0	0	0	0	0	
2.027	0	0	0	0	0	0	0	0	0	
2.028	0	0	0	0	0	0	0	0	0	
2.029	0	0	0	0	0	0	0	0	0	
2.03	0	0	0	0	0	0	0	0	0	
2.031	0	0	0	0	0	0	0	0	0	
2.032	0	0	0	0	0	0	0	0	0	
2.033	0	0	0	0	0	0	0	0	0	
2.034	0	0	0	0	0	0	0	0	0	
2.035	0	0	0	0	0	0	0	0	0	
2.036	0	0	0	0	0	0	0	0	0	
2.037	0	0	0	0	0	0	0	0	0	
2.038	0	0	0	0	0	0	0	0	0	
2.039	0	0	0	0	0	0	0	0	0	
2.04	0	0	0	0	0	0	0	0	0	
2.041	0	0	0	0	0	0	0	0	0	
2.042	0	0	0	0	0	0	0	0	0	
2.043	0	0	0	0	0	0	0	0	0	
2.044	0	0	0	0	0	0	0	0	0	
2.045	0	0	0	0	0	0	0	0	0	
2.046	0	0	0	0	0	0	0	0	0	
2.047	0	0	0	0	0	0	0	0	0	
2.048	0	0	0	0	0	0	0	0	0	
2.049	0	0	0	0	0	0	0	0	0	
2.05	0	0	0	0	0	0	0	0	0	
2.051	0	0	0	0	0	0	0	0	0	
2.052	0	0	0	0	0	0	0	0	0	
2.053	0	0	0	0	0	0	0	0	0	
2.054	0	0	0	0	0	0	0	0	0	
2.055	0	0	0	0	0	0	0	0	0	
2.056	0	0	0	0	0	0	0	0	0	
2.057	0	0	0	0	0	0	0	0	0	
2.058	0	0	0	0	0	0	0	0	0	
2.059	0	0	0	0	0	0	0	0	0	
2.06	0	0	0	0	0	0	0	0	0	
2.061	0	0	0	0	0	0	0	0	0	
2.062	0	0	0	0	0	0	0	0	0	
2.063	0	0	0	0	0	0	0	0	0	
2.064	0	0	0	0	0	0	0	0	0	
2.065	0	0	0	0	0	0	0	0	0	
2.066	0	0	0	0	0	0	0	0	0	
2.067	0	0	0	0	0	0	0	0	0	
2.068	0	0	0	0	0	0	0	0	0	
2.069	0	0	0	0	0	0	0	0	0	
2.07	0	0	0	0	0	0	0	0	0	
2.071	0	0	0	0	0	0	0	0	0	
2.072	0	0	0	0	0	0	0	0	0	
2.073	0	0	0	0	0	0	0	0	0	
2.074	0	0	0	0	0	0	0	0	0	
2.075	0	0	0	0	0	0	0	0	0	
2.076	0	0	0	0	0	0	0	0	0	
2.077	0	0	0	0	0	0	0	0	0	
2.078	0	0	0	0	0	0	0	0	0	
2.079	0	0	0	0	0	0	0	0	0	
2.08	0	0	0	0	0	0	0	0	0	
2.081	0	0	0	0	0	0	0	0	0	
2.082	0	0	0	0	0	0	0	0	0	
2.083	0	0	0	0	0	0	0	0	0	
2.084	0	0	0	0	0	0	0	0	0	
2.085	0	0	0	0	0	0	0	0	0	
2.086	0	0	0	0	0	0	0	0	0	
2.087	0	0	0	0	0	0	0	0	0	
2.088	0	0	0	0	0	0	0	0	0	
2.089	0	0	0	0	0	0	0	0	0	
2.09	0	0	0	0	0	0	0	0	0	
2.091	0	0	0	0	0	0	0	0	0	
2.092	0	0	0	0	0	0	0	0	0	
2.093	0	0	0	0	0	0	0	0	0	
2.094	0	0	0	0	0	0	0	0	0	
2.095	0	0	0	0	0	0	0	0	0	
2.096	0	0	0	0	0	0	0	0	0	
2.097	0	0	0	0	0	0	0	0	0	
2.098	0	0	0	0	0	0	0	0	0	
2.099	0	0	0	0	0	0	0	0	0	
2.1	0	0	0	0	0	0	0	0	0	
2.101	0	0	0	0	0	0	0	0	0	
2.102	0	0	0	0	0	0	0	0	0	
2.103	0	0	0	0	0	0	0	0	0	
2.104	0	0	0	0	0	0	0	0	0	
2.105	0	0	0	0	0	0	0	0	0	
2.106	0	0	0	0	0	0	0	0	0	
2.107	0	0	0	0	0	0	0	0	0	
2.108	0	0	0	0	0	0	0	0	0	
2.109	0	0	0	0	0	0	0	0	0	
2.11	0	0	0	0	0	0	0	0	0	
2.111	0	0	0	0	0	0	0	0	0	
2.112	0	0	0	0	0	0	0	0	0	
2.113	0	0	0	0	0	0	0	0	0	
2.114	0	0	0	0	0	0	0	0	0	
2.115	0	0	0	0	0	0	0	0	0	
2.116	0	0	0	0	0	0	0	0	0	
2.117	0	0	0	0	0	0	0	0	0	
2.118	0	0	0	0	0	0	0	0	0	
2.119	0	0	0	0	0	0	0	0	0	
2.12	0	0	0	0	0	0	0	0	0	
2.121	0	0	0	0	0	0	0	0	0	
2.122	0	0	0	0	0	0	0	0	0	
2.123	0	0	0	0	0	0	0	0	0	
2.124	0	0	0	0	0	0	0	0	0	
2.125	0	0	0	0	0	0	0	0	0	
2.126	0	0	0	0	0	0	0	0	0	
2.127	0	0	0	0	0	0	0	0	0	
2.128	0	0	0	0	0	0	0	0	0	
2.129	0	0	0	0	0	0	0	0	0	
2.13	0	0	0	0	0	0	0	0	0	
2.131	0	0	0	0	0	0	0	0	0	
2.132	0	0	0	0	0	0	0	0	0	
2.133	0	0	0	0	0	0	0	0	0	
2.134	0	0	0	0	0	0	0	0	0	
2.135	0	0	0	0	0	0	0	0	0	
2.136	0	0	0	0	0	0	0	0	0	
2.137	0	0	0	0	0	0	0	0	0	
2.138	0	0	0	0	0	0	0	0	0	
2.139	0	0	0	0	0	0	0	0	0	
2.14	0	0	0	0	0	0	0	0	0	
2.141	0	0	0	0	0	0	0	0	0	
2.142	0	0	0	0	0	0	0	0	0	
2.143	0	0	0	0	0	0	0	0	0	
2.144	0	0	0	0	0	0	0	0	0	
2.145	0	0	0	0	0	0	0	0	0	
2.146	0	0	0	0	0	0	0	0	0	
2.147	0	0	0	0	0	0	0	0	0	
2.148	0	0	0	0	0	0	0	0	0	
2.149	0	0	0	0	0	0	0	0	0	
2.15	0	0	0	0	0	0	0	0	0	
2.151	0	0	0	0	0	0	0	0	0	
2.152	0	0	0	0	0	0	0	0	0	
2.153	0	0	0	0	0	0	0	0	0	
2.154	0	0	0	0	0	0	0	0	0	
2.155	0	0	0	0	0	0	0	0	0	
2.156	0	0	0	0	0	0	0	0	0	
2.157	0	0	0	0	0	0	0	0	0	
2.158	0	0	0	0	0	0	0	0	0	
2.159	0	0	0	0	0	0	0	0	0	
2.16	0	0	0	0	0	0	0	0	0	
2.161	0	0	0	0	0	0	0	0	0	
2.162	0	0	0	0	0	0	0	0	0	
2.163	0	0	0	0	0	0	0	0	0	
2.164	0	0	0	0	0	0	0	0	0	
2.165	0	0	0	0	0	0	0	0	0	
2.166	0	0	0	0	0	0	0	0	0	
2.167	0	0	0	0	0	0	0	0	0	
2.168	0	0	0	0	0	0	0	0	0	
2.169	0	0	0	0	0	0	0	0	0	
2.17	0	0	0	0	0	0	0	0	0	
2.171	0	0	0	0	0	0	0	0	0	
2.172	0	0	0	0	0	0	0	0	0	
2.173	0	0	0	0	0	0	0	0	0	
2.174	0	0	0	0	0	0	0	0	0	
2.175	0	0	0	0	0	0	0	0	0	
2.176	0	0	0	0	0	0	0	0	0	
2.177	0	0	0	0	0	0	0	0	0	
2.178	0	0	0	0	0	0	0	0	0	
2.179	0	0	0	0	0	0	0	0	0	
2.18	0	0	0	0	0	0	0	0	0	
2.181	0	0	0	0	0	0	0	0	0	
2.182	0	0	0	0	0	0	0	0	0	
2.183	0	0	0	0	0	0	0	0	0	
2.184	0	0	0	0	0	0	0	0	0	
2.185	0	0	0	0	0	0	0	0	0	
2.186	0	0	0	0	0	0	0	0	0	
2.187	0	0	0	0	0	0	0	0	0	
2.188	0	0	0	0	0	0	0	0	0	
2.189	0	0	0	0	0	0	0	0	0	
2.19	0	0	0	0	0	0	0	0	0	
2.191	0	0	0	0	0	0	0	0	0	
2.192	0	0	0	0	0	0	0	0	0	
2.193	0	0	0	0	0	0	0	0	0	
2.194	0	0	0	0	0	0	0	0	0	
2.195	0	0	0	0	0	0	0	0	0	
2.196	0	0	0	0	0	0	0	0	0	
2.197	0	0	0	0	0	0	0	0	0	
2.198	0	0	0	0	0	0	0	0	0	
2.199	0	0	0	0	0	0	0	0	0	
2.2	0	0	0	0	0	0	0	0	0	
2.201	0	0	0	0	0	0	0	0	0	
2.202	0	0	0	0	0	0	0	0	0	
2.203	0	0	0	0	0	0	0	0	0	
2.204	0	0	0	0	0	0	0	0	0	
2.205	0	0	0	0	0	0	0	0	0	
2.206	0	0	0	0	0	0	0	0	0	
2.207	0	0	0	0	0	0	0	0	0	
2.208	0	0	0	0	0	0	0	0	0	
2.209	0	0	0	0	0	0	0	0	0	
2.21	0	0	0	0	0	0	0	0	0	
2.211	0	0	0	0	0	0	0	0	0	
2.212	0	0	0	0	0	0	0	0	0	
2.213	0	0	0	0	0	0	0	0	0	
2.214	0	0	0	0	0	0	0	0	0	
2.215	0	0	0	0	0	0	0	0	0	
2.216	0	0	0	0	0	0	0	0	0	
2.217	0	0	0	0	0	0	0	0	0	
2.218	0	0	0	0	0	0	0	0	0	
2.219	0	0	0	0	0	0	0	0	0	
2.22	0	0	0	0	0	0	0	0	0	
2.221	0	0	0	0	0	0	0	0	0	
2.222	0	0	0	0	0	0	0	0	0	
2.223	0	0	0	0	0	0	0	0	0	
2.224	0	0	0	0	0	0	0	0	0	
2.225	0	0	0	0	0	0	0	0	0	
2.226	0	0	0	0	0	0	0	0	0	
2.227	0	0	0	0	0	0	0	0	0	
2.228	0	0	0	0	0	0	0	0	0	
2.229	0	0	0	0	0	0	0	0	0	
2.23	0	0	0	0	0	0	0	0	0	
2.231	0	0	0	0	0	0	0	0	0	
2.232	0	0	0	0	0	0	0	0	0	
2.233	0	0	0	0	0	0	0	0	0	
2.234	0	0	0	0	0	0	0	0	0	
2.235	0	0	0	0	0	0	0	0	0	
2.236	0	0	0	0	0	0	0	0	0	
2.237	0	0	0	0	0	0	0	0	0	
2.238	0	0	0	0	0	0	0	0	0	
2.239	0	0	0	0	0	0	0	0	0	
2.24	0	0	0	0	0	0	0	0	0	
2.241	0	0	0	0	0	0	0	0	0	
2.242	0	0	0	0	0	0	0	0	0	
2.243	0	0	0	0	0	0	0	0	0	
2.244	0	0	0	0	0	0	0	0	0	
2.245	0	0	0	0	0	0	0	0	0	
2.246	0	0	0	0	0	0	0	0	0	
2.247	0	0	0	0	0	0	0	0	0	
2.248	0	0	0	0	0	0	0	0	0	
2.249	0	0	0	0	0	0	0	0	0	
2.25	0	0	0	0	0	0	0	0	0	
2.251	0	0	0	0	0	0	0	0	0	
2.252	0	0	0	0	0	0	0	0	0	
2.253	0	0	0	0	0	0	0	0	0	
2.254	0	0	0	0	0	0	0	0	0	
2.255	0	0	0	0	0	0	0	0	0	
2.256	0	0	0	0	0	0	0	0	0	
2.257	0	0	0	0	0	0	0	0	0	
2.258	0	0	0	0	0	0	0	0	0	
2.259	0	0	0	0	0	0	0	0	0	
2.26	0	0	0	0	0	0	0	0	0	
2.261	0	0	0	0	0	0	0	0	0	
2.262	0	0	0	0	0	0	0	0	0	
2.263	0	0	0	0	0	0	0	0	0	
2.264	0	0	0	0	0	0	0	0	0	
2.265	0	0	0	0	0	0	0	0	0	
2.266	0	0	0	0	0	0	0	0	0	
2.267	0	0	0	0	0	0	0	0	0	
2.268	0	0	0	0	0	0	0	0	0	
2.269	0	0	0	0	0	0	0	0	0	
2.27	0	0	0	0	0	0	0	0	0	
2.271	0	0	0	0	0	0	0	0	0	
2.272	0	0	0	0	0	0	0	0	0	
2.273	0	0	0	0	0	0	0	0	0	
2.274	0	0	0	0	0	0	0	0	0	
2.275	0	0	0	0	0	0	0	0	0	
2.276	0	0	0	0	0	0	0	0	0	
2.277	0	0	0	0	0	0	0	0	0	
2.278	0	0	0	0	0	0	0	0	0	
2.279	0	0	0	0	0	0	0	0	0	
2.28	0	0	0	0	0	0	0	0	0	
2.281	0	0	0	0	0	0	0	0	0	
2.282	0	0	0	0	0	0	0	0	0	
2.283	0	0	0	0	0	0	0	0	0	
2.284	0	0	0	0	0	0	0	0	0	
2.285	0	0	0	0	0	0	0	0	0	
2.286	0	0	0	0	0	0	0	0	0	
2.287	0	0	0	0	0	0	0	0	0	
2.288	0	0	0	0	0	0	0	0	0	
2.289	0	0	0	0	0	0	0	0	0	
2.29	0	0	0	0	0	0	0	0	0	
2.291	0	0	0	0	0	0	0	0	0	
2.292	0	0	0	0	0	0	0	0	0	
2.293	0	0	0	0	0	0	0	0	0	
2.294	0	0	0	0	0	0	0	0	0	
2.295	0	0	0	0	0	0	0	0	0	
2.296	0	0	0	0	0	0	0	0	0	
2.297	0	0	0	0	0	0	0	0	0	
2.298	0	0	0	0	0	0	0	0	0	
2.299	0	0	0	0	0	0	0	0	0	
2.3	0	0	0	0	0	0	0	0	0	
2.301	0	0	0	0	0	0	0	0	0	
2.302	0	0	0	0	0	0	0	0	0	
2.303	0	0	0	0	0	0	0	0	0	
2.304	0	0	0	0	0	0	0	0	0	
2.305	0	0	0	0	0	0	0	0	0	
2.306	0	0	0	0	0	0	0	0	0	
2.307	0	0	0	0	0	0	0	0	0	
2.308	0	0	0	0	0	0	0	0	0	
2.309	0	0	0	0	0	0	0	0	0	
2.31	0	0	0	0	0	0	0	0	0	
2.311	0	0	0	0	0	0	0	0	0	
2.312	0	0	0	0	0	0	0	0	0	
2.313	0	0	0	0	0	0	0	0	0	
2.314	0	0	0	0	0	0	0	0	0	
2.315	0	0	0	0	0	0	0	0	0	
2.316	0	0	0	0	0	0	0	0	0	
2.317	0	0	0	0	0	0	0	0	0	
2.318	0	0	0	0	0	0	0	0	0	
2.319	0	0	0	0	0	0	0	0	0	
2.32	0	0	0	0	0	0	0	0	0	
2.321	0	0	0	0	0	0	0	0	0	
2.322	0	0	0	0	0	0	0	0	0	
2.323	0	0	0	0	0	0	0	0	0	
2.324	0	0	0	0	0	0	0	0	0	
2.325	0	0	0	0	0	0	0	0	0	
2.326	0	0	0	0	0	0	0	0	0	
2.327	0	0	0	0	0	0	0	0	0	
2.328	0	0	0	0	0	0	0	0	0	
2.329	0	0	0	0	0	0	0	0	0	
2.33	0	0	0	0	0	0	0	0	0	
2.331	0	0	0	0	0	0	0	0	0	
2.332	0	0	0	0	0	0	0	0	0	
2.333	0	0	0	0	0	0	0	0	0	
2.334	0	0	0	0	0	0	0	0	0	
2.335	0	0	0	0	0	0	0	0	0	
2.336	0	0	0	0	0	0	0	0	0	
2.337	0	0	0	0	0	0	0	0	0	
2.338	0	0	0	0	0	0	0	0	0	
2.339	0	0	0	0	0	0	0	0	0	
2.34	0	0	0	0	0	0	0	0	0	
2.341	0	0	0	0	0	0	0	0	0	
2.342	0	0	0	0	0	0	0	0	0	
2.343	0	0	0	0	0	0	0	0	0	
2.344	0	0	0	0	0	0	0	0	0	
2.345	0	0	0	0	0	0	0	0	0	
2.346	0	0	0	0	0	0	0	0	0	
2.347	0	0	0	0	0	0	0	0	0	
2.348	0	0	0	0	0	0	0	0	0	
2.349	0	0	0	0	0	0	0	0	0	
2.35	0	0	0	0	0	0	0	0	0	
2.351	0	0	0	0	0	0	0	0	0	
2.352	0	0	0	0	0	0	0	0	0	
2.353	0	0	0	0	0	0	0	0	0	
2.354	0	0	0	0	0	0	0	0	0	
2.355	0	0	0	0	0	0	0	0	0	
2.356	0	0	0	0	0	0	0	0	0	
2.357	0	0	0	0	0	0	0	0	0	
2.358	0	0	0	0	0	0	0	0	0	
2.359	0	0	0	0	0	0	0	0	0	
2.36	0	0	0	0	0	0	0	0	0	
2.361	0	0	0	0	0	0	0	0	0	
2.362	0	0	0	0	0	0	0	0	0	
2.363	0	0	0	0	0	0	0	0	0	
2.364	0	0	0	0	0	0	0	0	0	
2.365	0	0	0	0	0	0	0	0	0	
2.366	0	0	0	0	0	0	0	0	0	
2.367	0	0	0	0	0	0	0	0	0	
2.368	0	0	0	0	0	0	0	0	0	
2.369	0	0	0	0	0	0	0	0	0	
2.37	0	0	0	0	0	0	0	0	0	
2.371	0	0	0	0	0	0	0	0	0	
2.372	0	0	0	0	0	0	0	0	0	
2.373	0	0	0	0	0	0	0	0	0	
2.374	0	0	0	0	0	0	0	0	0	
2.375	0	0	0	0	0	0	0	0	0	
2.376	0	0	0	0	0	0	0	0	0	
2.377	0	0	0	0	0	0	0	0	0	
2.378	0	0	0	0	0	0	0	0	0	
2.379	0	0	0	0	0	0	0	0	0	
2.38	0	0	0	0	0	0	0	0	0	
2.381	0	0	0	0	0	0	0	0	0	
2.382	0	0	0	0	0	0	0	0	0	
2.383	0	0	0	0	0	0	0	0	0	
2.384	0	0	0	0	0	0	0	0	0	
2.385	0	0	0	0	0	0	0	0	0	
2.386	0	0	0	0	0	0	0	0	0	
2.387	0	0	0	0	0	0	0	0	0	
2.388	0	0	0	0	0	0	0	0	0	
2.389	0	0	0	0	0	0	0	0	0	
2.39	0	0	0	0	0	0	0	0	0	
2.391	0	0	0	0	0	0	0	0	0	
2.392	0	0	0	0	0	0	0	0	0	
2.393	0	0	0	0	0	0	0	0	0	
2.394	0	0	0	0	0	0	0	0	0	
2.395	0	0	0	0	0	0	0	0	0	
2.396	0	0	0	0	0	0	0	0	0	
2.397	0	0	0	0	0	0	0	0	0	
2.398	0	0	0	0	0	0	0	0	0	
2.399	0	0	0	0	0	0	0	0	0	
2.4	0	0	0	0	0	0	0	0	0	
2.401	0	0	0	0	0	0	0	0	0	
2.402	0	0	0	0	0	0	0	0	0	
2.403	0	0	0	0	0	0	0	0	0	
2.404	0	0	0	0	0	0	0	0	0	
2.405	0	0	0	0	0	0	0	0	0	
2.406	0	0	0	0	0	0	0	0	0	
2.407	0	0	0	0	0	0	0	0	0	
2.408	0	0	0	0	0	0	0	0	0	
2.409	0	0	0	0	0	0	0	0	0	
2.41	0	0	0	0	0	0	0	0	0	
2.411	0	0	0	0	0	0	0	0	0	
2.412	0	0	0	0	0	0	0	-4.347777683e-322	-3.55727265e-322	
2.413	0	0	0	0	0	0	-4.090863548e-321	-3.786637685e-318	-3.12775174e-318	
2.414	0	0	0	0	-0	-0	-3.284603749e-317	-3.038362036e-314	-2.509673882e-314	
2.415	0	2.223295406e-308	1.82804289e-308	-9.881312917e-310	-6.991028889e-307	-5.7756274e-307	-2.49336576e-313	-2.306442514e-310	-1.905111526e-310	
2.416	1.739111073e-307	1.608939598e-304	1.328977299e-304	-5.426817054e-306	-5.019796388e-303	-4.146329827e-303	-1.790633504e-309	-1.65639286e-306	-1.368173327e-306	
2.417	1.181740302e-303	1.093147218e-300	9.029348676e-301	-3.686954358e-302	-3.410549857e-299	-2.817099409e-299	-1.216592185e-305	-1.125386409e-302	-9.295642991e-303	
2.418	7.595877079e-300	7.026427534e-297	5.803798708e-297	-2.36986538e-298	-2.192200741e-295	-1.810748316e-295	-7.819895328e-302	-7.23365153e-299	-5.974964831e-299	
2.419	4.619037061e-296	4.272755977e-293	3.52927793e-293	-1.441110211e-294	-1.333072713e-291	-1.101112287e-291	-4.755262093e-298	-4.398768458e-295	-3.633363693e-295	
2.42	2.657312111e-292	2.458098096e-289	2.03037838e-289	-8.290644927e-291	-7.669109859e-288	-6.334651524e-288	-2.735681785e-294	-2.530592533e-291	-2.090258471e-291	
2.421	1.446276362e-288	1.337851567e-285	1.1050596e-285	-4.512290346e-287	-4.174011875e-284	-3.447715729e-284	-1.488930067e-290	-1.377307599e-287	-1.137650111e-287	
2.422	7.446935817e-285	6.888652137e-282	5.689996827e-282	-2.323396653e-283	-2.149215692e-280	-1.775242853e-280	-7.666561478e-287	-7.091812848e-284	-5.857806694e-284	
2.423	3.627617887e-281	3.355661755e-278	2.771762074e-278	-1.131793729e-279	-1.046945144e-276	-8.647721538e-277	-3.7346039e-283	-3.454627215e-280	-2.853507116e-280	
2.424	1.671795145e-277	1.546463604e-274	1.277372238e-274	-5.215894618e-276	-4.824868173e-273	-3.985320212e-273	-1.721099869e-279	-1.592072039e-276	-1.315044608e-276	
2.425	7.288903259e-274	6.742467002e-271	5.569248538e-271	-2.274091499e-272	-2.103606859e-269	-1.737570154e-269	-7.50386821e-276	-6.941316409e-273	-5.733497287e-273	
2.426	3.006484117e-270	2.78109329e-267	2.297171011e-267	-9.380039395e-269	-8.67683434e-266	-7.167027581e-266	-3.0951516e-272	-2.863113529e-269	-2.364919373e-269	
2.427	1.17320321e-266	1.085250229e-263	8.964119885e-264	-3.660319464e-265	-3.385911752e-262	-2.796748441e-262	-1.207803419e-268	-1.117256521e-265	-9.228490467e-266	
2.428	4.331169428e-263	4.006469274e-260	3.309326266e-260	-1.351297339e-261	-1.249992954e-258	-1.032488766e-258	-4.458904643e-265	-4.124628404e-262	-3.406925196e-262	
2.429	1.512706609e-259	1.399301655e-256	1.155817106e-256	-4.719548494e-258	-4.365732245e-255	-3.606075924e-255	-1.55731948e-261	-1.440569978e-258	-1.189904562e-258	
2.43	4.998294452e-256	4.623581108e-253	3.819057968e-253	-1.559436107e-254	-1.442527925e-251	-1.191521818e-251	-5.145704575e-258	-4.759940154e-255	-3.931689949e-255	
2.431	1.562451593e-252	1.445317345e-249	1.193825866e-249	-4.874749682e-251	-4.509298273e-248	-3.724660841e-248	-1.608531547e-254	-1.487942766e-251	-1.22903428e-251	
2.432	4.62071206e-249	4.274305404e-246	3.53055775e-246	-1.4416328e-247	-1.333556125e-244	-1.101511583e-244	-4.756986491e-251	-4.400363581e-248	-3.634681258e-248	
2.433	1.292792556e-245	1.195874172e-242	9.877868863e-243	-4.033430624e-244	-3.731051425e-241	-3.081832316e-241	-1.330919704e-247	-1.231142994e-244	-1.016918781e-244	
2.434	3.421892647e-242	3.165359374e-239	2.614573132e-239	-1.067608761e-240	-9.875720104e-238	-8.157302029e-238	-3.522811395e-244	-3.258712421e-241	-2.691682344e-241	
2.435	8.568829859e-239	7.926439757e-236	6.547204905e-236	-2.673420465e-237	-2.472998835e-234	-2.042686326e-234	-8.821542514e-241	-8.160206988e-238	-6.740295626e-238	
2.436	2.02999169e-235	1.877806783e-232	1.551060269e-232	-6.333445075e-234	-5.858637837e-231	-4.839209477e-231	-2.089860376e-237	-1.93318722e-234	-1.59680427e-234	
2.437	4.549719283e-232	4.208634831e-229	3.476314141e-229	-1.419483505e-230	-1.313067323e-227	-1.084587921e-227	-4.683899989e-234	-4.332756245e-231	-3.578837891e-231	
2.438	9.647005907e-229	8.923786842e-226	7.371009278e-226	-3.009804541e-227	-2.784164788e-224	-2.299708055e-224	-9.931516221e-231	-9.186967919e-228	-7.588395707e-228	
2.439	1.935165392e-225	1.790089446e-222	1.478606129e-222	-6.037593052e-224	-5.58496532e-221	-4.613157163e-221	-1.992237453e-227	-1.842882916e-224	-1.522213306e-224	
2.44	3.672495176e-222	3.397174672e-219	2.806051564e-219	-1.145795158e-220	-1.05989691e-217	-8.754702568e-218	-3.780804714e-224	-3.497364435e-221	-2.888807874e-221	
2.441	6.59359064e-219	6.099280747e-216	5.037979478e-216	-2.05715838e-217	-1.902936835e-214	-1.571817583e-214	-6.788049373e-221	-6.279161251e-218	-5.186559995e-218	
2.442	1.11995437e-215	1.035993361e-212	8.557260284e-213	-3.494186466e-214	-3.232233452e-211	-2.669810831e-211	-1.152984159e-217	-1.066546964e-214	-8.809631728e-215	
2.443	1.799684092e-212	1.664764941e-209	1.37508863e-209	-5.614900005e-211	-5.193960828e-208	-4.290189146e-208	-1.852760527e-214	-1.71386233e-211	-1.415642861e-211	
2.444	2.735960533e-209	2.530850384e-206	2.090471455e-206	-8.536023005e-208	-7.896092374e-205	-6.522138099e-205	-2.816649712e-211	-2.605490438e-208	-2.152123816e-208	
2.445	3.934965962e-206	3.639968485e-203	3.006598202e-203	-1.227684375e-204	-1.135647037e-201	-9.380395334e-202	-4.051016311e-208	-3.747318744e-205	-3.09526905e-205	
2.446	5.354140124e-203	4.952749657e-200	4.090949763e-200	-1.670457696e-201	-1.54522642e-198	-1.27635033e-198	-5.512044878e-205	-5.098816568e-202	-4.2116004e-202	
2.447	6.892171686e-200	6.375477697e-197	5.266116962e-197	-2.150313769e-198	-1.989108528e-195	-1.642995028e-195	-7.095436196e-202	-6.563503825e-199	-5.421425729e-199	
2.448	8.393441016e-197	7.764199507e-194	6.413195161e-194	-2.618700261e-195	-2.422380908e-192	-2.000876137e-192	-8.640981089e-199	-7.993181935e-196	-6.602333656e-196	
2.449	9.670336792e-194	8.945368651e-191	7.388835759e-191	-3.017083628e-192	-2.790898175e-189	-2.305269804e-189	-9.955535182e-196	-9.20918622e-193	-7.606747928e-193	
2.45	1.054048896e-190	9.750287042e-188	8.053694863e-188	-3.288565576e-189	-3.042027599e-186	-2.51270162e-186	-1.085134995e-192	-1.003784333e-189	-8.291215113e-190	
2.451	1.086919842e-187	1.005435373e-184	8.304852634e-185	-3.391120839e-186	-3.136894474e-183	-2.591061248e-183	-1.118975374e-189	-1.035087759e-186	-8.54978005e-187	
2.452	1.060356438e-184	9.808633812e-182	8.101889042e-182	-3.308244707e-183	-3.06023142e-180	-2.527737897e-180	-1.09162856e-186	-1.009791087e-183	-8.340830639e-184	
2.453	9.786419759e-182	9.052749083e-179	7.47753153e-179	-3.053300776e-180	-2.824400188e-177	-2.332942321e-177	-1.007504168e-183	-9.319733524e-181	-7.698059522e-181	
2.454	8.54502628e-179	7.90442069e-176	6.529017251e-176	-2.6659939e-177	-2.466129026e-174	-2.037011893e-174	-8.797036918e-181	-8.137538533e-178	-6.72157158e-178	
2.455	7.058632431e-176	6.529459173e-173	5.393304994e-173	-2.202248464e-174	-2.03714977e-171	-1.682676886e-171	-7.266806215e-178	-6.722026535e-175	-5.552364801e-175	
2.456	5.516267685e-173	5.1027228e-170	4.21482693e-170	-1.721040464e-171	-1.592017088e-168	-1.314999219e-168	-5.678953919e-175	-5.253212732e-172	-4.339130962e-172	
2.457	4.078380107e-170	3.772631124e-167	3.116176967e-167	-1.272428677e-168	-1.177036937e-165	-9.722274118e-166	-4.198660038e-172	-3.88389388e-169	-3.208079522e-169	
2.458	2.8526446e-167	2.638786852e-164	2.17962651e-164	-8.90006988e-166	-8.232847296e-163	-6.800296205e-163	-2.936775036e-169	-2.716610177e-166	-2.243908239e-166	
2.459	1.887666365e-164	1.746151338e-161	1.442313441e-161	-5.889399106e-163	-5.447881214e-160	-4.499926285e-160	-1.943337581e-166	-1.797648981e-163	-1.484850272e-163	
2.46	1.181735843e-161	1.093143185e-158	9.029315362e-159	-3.686940736e-160	-3.410537274e-157	-2.817089016e-157	-1.216587697e-163	-1.125382257e-160	-9.295608694e-161	
2.461	6.998954663e-159	6.474255342e-156	5.347706869e-156	-2.18362938e-157	-2.019926526e-154	-1.668450561e-154	-7.205368426e-161	-6.665194628e-158	-5.505421892e-158	
2.462	3.921602345e-156	3.627606715e-153	2.996387433e-153	-1.223515012e-154	-1.131790243e-151	-9.348538385e-152	-4.037258573e-158	-3.734592399e-155	-3.084757145e-155	
2.463	2.078794352e-153	1.922950796e-150	1.588349028e-150	-6.485706279e-152	-5.999484287e-149	-4.955548034e-149	-2.140102331e-155	-1.979662623e-152	-1.635192752e-152	
2.464	1.042502497e-150	9.643479187e-148	7.965472037e-148	-3.252541545e-149	-3.008704226e-146	-2.485176659e-146	-1.073248069e-152	-9.927885491e-150	-8.200390412e-150	
2.465	4.946070257e-148	4.57527207e-145	3.779154911e-145	-1.54314249e-146	-1.427455812e-143	-1.179072318e-143	-5.09194018e-150	-4.71020638e-147	-3.890610068e-147	
2.466	2.220041329e-145	2.053608735e-142	1.69627192e-142	-6.926387872e-144	-6.407128756e-141	-5.2922606e-141	-2.285514975e-147	-2.114173938e-144	-1.746298515e-144	
2.467	9.427128763e-143	8.720393501e-140	7.203007259e-140	-2.941204269e-141	-2.720707358e-138	-2.247292493e-138	-9.705154442e-145	-8.977576084e-142	-7.415438959e-142	
2.468	3.787175403e-140	3.503257525e-137	2.893675541e-137	-1.18157466e-138	-1.092994086e-135	-9.028083807e-136	-3.898867101e-142	-3.606575892e-139	-2.979016065e-139	
2.469	1.439358584e-137	1.331452403e-134	1.099773917e-134	-4.490707317e-136	-4.154046888e-133	-3.431224736e-133	-1.481808269e-139	-1.370719709e-136	-1.132208543e-136	
2.47	5.17535548e-135	4.787368183e-132	3.954345382e-132	-1.614678023e-133	-1.493628451e-130	-1.233730631e-130	-5.327987502e-137	-4.92855765e-134	-4.070967271e-134	
2.471	1.760471385e-132	1.628491941e-129	1.34512729e-129	-5.49255885e-131	-5.080791374e-128	-4.196711667e-128	-1.812391356e-134	-1.676519564e-131	-1.384797898e-131	
2.472	5.66546233e-130	5.240732584e-127	4.328822414e-127	-1.767588246e-128	-1.635075264e-125	-1.350565085e-125	-5.832548624e-132	-5.395292713e-129	-4.456488411e-129	
2.473	1.724881815e-127	1.595570459e-124	1.317934288e-124	-5.381521654e-126	-4.978078441e-123	-4.111871229e-123	-1.775752175e-129	-1.642627158e-126	-1.356802917e-126	
2.474	4.968221295e-125	4.595762483e-122	3.796079904e-122	-1.550053473e-123	-1.433848691e-120	-1.184352808e-120	-5.114744498e-127	-4.731301099e-124	-3.908034214e-124	
2.475	1.353817494e-122	1.252324178e-119	1.034414346e-119	-4.223824553e-121	-3.907171855e-118	-3.227307028e-118	-1.393744394e-124	-1.289257828e-121	-1.064921382e-121	
2.476	3.490092302e-120	3.228446221e-117	2.666682594e-117	-1.08888662e-118	-1.007254706e-115	-8.319880238e-116	-3.593022399e-122	-3.32365983e-119	-2.745328623e-119	
2.477	8.511993928e-118	7.873864715e-115	6.503778148e-115	-2.655688016e-116	-2.456595756e-113	-2.029137454e-113	-8.763030373e-120	-8.106081399e-117	-6.695588124e-117	
2.478	1.964008209e-115	1.816769968e-112	1.500644124e-112	-6.127580809e-114	-5.668206853e-111	-4.681914309e-111	-2.021930905e-117	-1.870350302e-114	-1.544901248e-114	
2.479	4.287191605e-113	3.965788391e-110	3.275724033e-110	-1.337576537e-111	-1.237300777e-108	-1.022005082e-108	-4.413629822e-115	-4.082747757e-112	-3.372331963e-112	
2.48	8.853603929e-111	8.189864815e-108	6.764792863e-108	-2.762268165e-109	-2.55518578e-106	-2.110572386e-106	-9.114715165e-113	-8.431401001e-110	-6.964300706e-110	
2.481	1.729756165e-108	1.600079388e-105	1.321658643e-105	-5.396729316e-107	-4.992146011e-104	-4.123490982e-104	-1.78077028e-110	-1.647269064e-107	-1.360637112e-107	
2.482	3.197181459e-106	2.957494388e-103	2.442877554e-103	-9.975002985e-105	-9.227194556e-102	-7.621622735e-102	-3.291473005e-108	-3.044717063e-105	-2.514923106e-105	
2.483	5.590714125e-104	5.17158812e-101	4.271709387e-101	-1.74426728e-102	-1.61350263e-99	-1.332746184e-99	-5.755595939e-106	-5.324109035e-103	-4.397691001e-103	
2.484	9.248789323e-102	8.555423855e-99	7.066743046e-99	-2.885563497e-100	-2.669237877e-97	-2.204778925e-97	-9.5215554e-104	-8.807741139e-101	-7.27515603e-101	
2.485	1.447505056e-99	1.338988148e-96	1.10599841e-96	-4.516123792e-98	-4.177557934e-95	-3.450644759e-95	-1.490194997e-101	-1.378477699e-98	-1.138616609e-98	
2.486	2.143250299e-97	1.982574594e-94	1.637598027e-94	-6.686804739e-96	-6.18550675e-93	-5.109201782e-93	-2.206459218e-99	-2.041044852e-96	-1.685894207e-96	
2.487	3.002225421e-95	2.777153862e-92	2.293917061e-92	-9.366752536e-94	-8.664543574e-91	-7.156875461e-91	-3.090767307e-97	-2.859057919e-94	-2.361569457e-94	
2.488	3.978609399e-93	3.68034005e-90	3.03994494e-90	-1.24130085e-91	-1.148242709e-88	-9.484435038e-89	-4.095946884e-95	-3.78888095e-92	-3.129599253e-92	
2.489	4.988120218e-91	4.614169619e-88	3.811284119e-88	-1.556261811e-89	-1.4395916e-86	-1.189096426e-86	-5.135230281e-93	-4.750251099e-90	-3.923686832e-90	
2.49	5.916435314e-89	5.472890565e-86	4.5205839e-86	-1.845890222e-87	-1.707507078e-84	-1.410393451e-84	-6.090923324e-91	-5.634297516e-88	-4.653905343e-88	
2.491	6.638973432e-87	6.141261271e-84	5.072655209e-84	-2.071317523e-85	-1.916034492e-82	-1.582636191e-82	-6.834770598e-89	-6.322379868e-86	-5.222258385e-86	
2.492	7.047893648e-85	6.519525458e-82	5.385099788e-82	-2.198898032e-83	-2.034050514e-80	-1.680116914e-80	-7.255750724e-87	-6.711799854e-84	-5.543917607e-84	
2.493	7.078404134e-83	6.547748626e-80	5.408412003e-80	-2.20841711e-81	-2.042855963e-78	-1.687390177e-78	-7.287161027e-85	-6.740855383e-82	-5.567917348e-82	
2.494	6.725568006e-81	6.221364002e-78	5.138819718e-78	-2.09833448e-79	-1.941026035e-76	-1.603279097e-76	-6.923919027e-83	-6.404844996e-80	-5.290374224e-80	
2.495	6.04561078e-79	5.592381973e-76	4.619283286e-76	-1.886192146e-77	-1.744787639e-74	-1.441187032e-74	-6.223908444e-81	-5.757312975e-78	-4.75551558e-78	
2.496	5.141253285e-77	4.755822569e-74	3.928288842e-74	-1.604038355e-75	-1.48378642e-72	-1.225601156e-72	-5.292879562e-79	-4.896081691e-76	-4.044142269e-76	
2.497	4.136332265e-75	3.82623871e-72	3.160456601e-72	-1.290509382e-73	-1.193762164e-70	-9.860423763e-71	-4.258321326e-77	-3.939082466e-74	-3.253665055e-74	
2.498	3.14832412e-73	2.912299798e-70	2.405547019e-70	-9.822571193e-72	-9.086190307e-69	-7.505153837e-69	-3.241174761e-75	-2.99818959e-72	-2.476491615e-72	
2.499	2.267049782e-71	2.097093047e-68	1.732189773e-68	-7.073051258e-70	-6.542797046e-67	-5.40432202e-67	-2.333909806e-73	-2.158940693e-70	-1.783275661e-70	
2.5	1.544401726e-69	1.428620645e-66	1.180034465e-66	-4.818435245e-68	-4.45720563e-65	-3.681632544e-65	-1.589949352e-71	-1.470753646e-68	-1.214836141e-68	
2.501	9.953529342e-68	9.207330754e-65	7.605215321e-65	-3.105437904e-66	-2.872628687e-63	-2.372778852e-63	-1.024707967e-69	-9.478874132e-67	-7.829508975e-67	
2.502	6.06892157e-66	5.613945195e-63	4.637094414e-63	-1.893464965e-64	-1.751515227e-61	-1.44674399e-61	-6.247906718e-68	-5.779512141e-65	-4.773851994e-65	
2.503	3.500769772e-64	3.23832322e-61	2.674840952e-61	-1.092217923e-62	-1.010336266e-59	-8.345333798e-60	-3.60401477e-66	-3.333828122e-63	-2.753727588e-63	
2.504	1.910439007e-62	1.767216755e-59	1.459713385e-59	-5.960448302e-61	-5.513603977e-58	-4.554213002e-58	-1.966781836e-64	-1.819335661e-61	-1.502763375e-61	
2.505	9.863258256e-61	9.123827133e-58	7.536241692e-58	-3.077273899e-59	-2.846576088e-56	-2.351259518e-56	-1.01541463e-62	-9.392907815e-60	-7.758501169e-60	
2.506	4.817538941e-59	4.45637652e-56	3.680947702e-56	-1.503041536e-57	-1.390361156e-54	-1.148432292e-54	-4.959618206e-61	-4.587804353e-58	-3.789506523e-58	
2.507	2.226115349e-57	2.059227397e-54	1.70091291e-54	-6.94533843e-56	-6.424658624e-53	-5.306740195e-53	-2.291768131e-59	-2.119958305e-56	-1.751076378e-56	
2.508	9.731677218e-56	9.002110494e-53	7.435704275e-53	-3.036221452e-54	-2.80860127e-51	-2.319892483e-51	-1.001868467e-57	-9.267601498e-55	-7.654998695e-55	
2.509	4.024809493e-54	3.723076604e-51	3.075245149e-51	-1.255714986e-52	-1.161576242e-49	-9.594569445e-50	-4.143509515e-56	-3.832877894e-53	-3.165940539e-53	
2.51	1.574782438e-52	1.456723768e-49	1.203247523e-49	-4.913221135e-51	-4.544885588e-48	-3.75405581e-48	-1.621226055e-54	-1.499685589e-51	-1.2387338e-51	
2.511	5.829259622e-51	5.392250281e-48	4.453975375e-48	-1.81869196e-49	-1.682347822e-46	-1.389612014e-46	-6.001176639e-53	-5.551278982e-50	-4.585332394e-50	
2.512	2.041379903e-49	1.888341242e-46	1.559761687e-46	-6.368975577e-48	-5.89150468e-45	-4.866357346e-45	-2.101584452e-51	-1.944032362e-48	-1.60576231e-48	
2.513	6.763194431e-48	6.25616964e-45	5.167569024e-45	-2.110073685e-46	-1.951885173e-43	-1.612248698e-43	-6.962655133e-50	-6.440677124e-47	-5.319971407e-47	
2.514	2.119812809e-46	1.960894171e-43	1.619690092e-43	-6.61368126e-45	-6.117865209e-42	-5.053330163e-42	-2.182330508e-48	-2.018725028e-45	-1.667458129e-45	
2.515	6.285802807e-45	5.814567227e-42	4.802807343e-42	-1.961130532e-43	-1.814108026e-40	-1.498445371e-40	-6.471184235e-47	-5.986050935e-44	-4.944452144e-44	
2.516	1.763362474e-43	1.631166291e-40	1.347336291e-40	-5.501578865e-42	-5.089135174e-39	-4.20360361e-39	-1.815367709e-45	-1.679272785e-42	-1.387072047e-42	
2.517	4.67993733e-42	4.32909066e-39	3.575810133e-39	-1.460110708e-40	-1.350648776e-37	-1.115630039e-37	-4.817958437e-44	-4.456764568e-41	-3.681268228e-41	
2.518	1.175049283e-40	1.086957905e-37	8.97822521e-38	-3.666079093e-39	-3.391239591e-36	-2.801149213e-36	-1.209703935e-42	-1.119014559e-39	-9.243011788e-40	
2.519	2.7911921e-39	2.581941338e-36	2.132672361e-36	-8.708341984e-38	-8.055492903e-35	-6.653802245e-35	-2.873510173e-41	-2.65808817e-38	-2.195569315e-38	
2.52	6.272504392e-38	5.80226577e-35	4.792646394e-35	-1.956981511e-36	-1.81027005e-33	-1.49527522e-33	-6.457493622e-40	-5.973386683e-37	-4.933991526e-37	
2.521	1.333551592e-36	1.233577575e-33	1.018929733e-33	-4.160596226e-35	-3.848683645e-32	-3.17899602e-32	-1.372880808e-38	-1.269958349e-35	-1.048980095e-35	
2.522	2.68223158e-35	2.481149397e-32	2.049418654e-32	-8.368392087e-34	-7.741028451e-31	-6.39405597e-31	-2.761336181e-37	-2.554323664e-34	-2.109860283e-34	
2.523	5.10387844e-34	4.721249651e-31	3.899731761e-31	-1.592377641e-32	-1.47299989e-29	-1.216691528e-29	-5.254402455e-36	-4.860489145e-33	-4.01474298e-33	
2.524	9.188020893e-33	8.499211128e-30	7.020311577e-30	-2.866604133e-31	-2.651699863e-28	-2.190292601e-28	-9.458994783e-35	-8.749870581e-32	-7.2273552e-32	
2.525	1.564808611e-31	1.447497662e-28	1.195626799e-28	-4.882103429e-30	-4.516100722e-27	-3.730279635e-27	-1.610958079e-33	-1.490187385e-30	-1.230888325e-30	
2.526	2.521262601e-30	2.332247978e-27	1.926426728e-27	-7.866179099e-29	-7.276465488e-26	-6.010328974e-26	-2.59561989e-32	-2.401030833e-29	-1.983241068e-29	
2.527	3.843196033e-29	3.555078386e-26	2.936479348e-26	-1.19905274e-27	-1.109161866e-24	-9.161628965e-25	-3.956539895e-31	-3.659925058e-28	-3.023082245e-28	
2.528	5.542230632e-28	5.12673935e-25	4.234664496e-25	-1.729140739e-26	-1.599510099e-23	-1.321188414e-23	-5.705682567e-30	-5.277937581e-27	-4.35955358e-27	
2.529	7.561261406e-27	6.994406938e-24	5.777349834e-24	-2.35906551e-25	-2.182210518e-22	-1.802496436e-22	-7.784258767e-29	-7.200686579e-26	-5.947735924e-26	
2.53	9.759363904e-26	9.027721558e-23	7.456858903e-23	-3.044859522e-24	-2.816591759e-21	-2.326492593e-21	-1.004718789e-27	-9.293967886e-25	-7.676777217e-25	
2.531	1.191698446e-24	1.102358909e-21	9.105436842e-22	-3.718023424e-23	-3.439289747e-20	-2.840838434e-20	-1.226844117e-26	-1.134869772e-23	-9.373975156e-24	
2.532	1.376666787e-23	1.2734605e-20	1.051872857e-20	-4.295112895e-22	-3.973115836e-19	-3.281776471e-19	-1.417267561e-25	-1.311017504e-22	-1.08289478e-22	
2.533	1.504557875e-22	1.391763818e-19	1.149590885e-19	-4.694124964e-21	-4.342214672e-18	-3.58665051e-18	-1.548930424e-24	-1.432809834e-21	-1.183494717e-21	
2.534	1.555630906e-21	1.439007994e-18	1.18861437e-18	-4.853469575e-20	-4.489613497e-17	-3.708401302e-17	-1.601509705e-23	-1.481447339e-20	-1.223669085e-20	
2.535	1.521674731e-20	1.407597453e-17	1.162669399e-17	-4.747528465e-19	-4.391614606e-16	-3.627454642e-16	-1.566552091e-22	-1.449110436e-19	-1.196958943e-19	
2.536	1.408168729e-19	1.302600796e-16	1.075942616e-16	-4.393396953e-18	-4.064031711e-15	-3.356872589e-15	-1.449698561e-21	-1.341017209e-18	-1.107674406e-18	
2.537	1.232835593e-18	1.140412077e-15	9.419754357e-16	-3.846368708e-17	-3.558013212e-14	-2.938903501e-14	-1.269194484e-20	-1.174045206e-17	-9.697562549e-18	
2.538	1.021111657e-17	9.445607116e-15	7.802030564e-15	-3.185803481e-16	-2.946969398e-13	-2.434183958e-13	-1.051226368e-19	-9.72417776e-17	-8.032128709e-17	
2.539	8.001269614e-17	7.401428505e-14	6.113547885e-14	-2.496345275e-15	-2.309198661e-12	-1.907388091e-12	-8.237243735e-19	-7.61971206e-16	-6.293849157e-16	
2.54	5.931467799e-16	5.486796091e-13	4.532069805e-13	-1.850580261e-14	-1.711845514e-11	-1.41397698e-11	-6.106399149e-18	-5.648613145e-15	-4.665729991e-15	
2.541	4.15990153e-15	3.848041029e-12	3.178465222e-12	-1.297862843e-13	-1.200564349e-10	-9.916609516e-11	-4.282585698e-17	-3.961527781e-14	-3.272204787e-14	
2.542	2.760079079e-14	2.553160805e-11	2.108899766e-11	-8.611271336e-13	-7.96569947e-10	-6.579633259e-10	-2.841479565e-16	-2.62845884e-13	-2.171095616e-13	
2.543	1.732517385e-13	1.602633604e-10	1.323768415e-10	-5.405344147e-12	-5.000115004e-09	-4.130073335e-09	-1.783612934e-15	-1.64989861e-12	-1.362809105e-12	
2.544	1.028848144e-12	9.517172083e-10	7.861142917e-10	-3.209940831e-11	-2.969297213e-08	-2.452626636e-08	-1.059191021e-14	-9.797853327e-12	-8.092984408e-12	
2.545	5.780195892e-12	5.346864773e-09	4.416487142e-09	-1.803384388e-10	-1.668187832e-07	-1.377915924e-07	-5.950665918e-14	-5.504554961e-11	-4.546738555e-11	
2.546	3.072213808e-11	2.841895343e-08	2.347393243e-08	-9.585111857e-10	-8.86653288e-07	-7.323717753e-07	-3.162819798e-13	-2.925708761e-10	-2.416622764e-10	
2.547	1.544820123e-10	1.429007675e-07	1.18035415e-07	-4.819740616e-09	-4.45841314e-06	-3.682629942e-06	-1.590380088e-12	-1.47115209e-09	-1.215165254e-09	
2.548	7.348894288e-10	6.797960609e-07	5.615086018e-07	-2.292808319e-08	-2.120920512e-05	-1.751871156e-05	-7.5656285e-12	-6.998446639e-09	-5.780686609e-09	
2.549	3.307376862e-09	3.059428636e-06	2.527074801e-06	-1.031880564e-07	-9.545222932e-05	-7.884312796e-05	-3.4049183e-11	-3.149657564e-08	-2.601603505e-08	
2.55	1.408195554e-08	1.30262561e-05	1.075963111e-05	-4.393480643e-07	-0.0004064109127	-0.0003356936535	-1.449726176e-10	-1.341042754e-07	-1.107695506e-07	
2.551	5.672308657e-08	5.247065654e-05	4.334053502e-05	-1.769724256e-06	-0.001637051141	-0.001352197152	-5.839596864e-10	-5.401812558e-07	-4.461873775e-07	
2.552	2.161595075e-07	0.0001999544095	0.0001651614761	-6.744039276e-06	-0.006238450513	-0.005152933102	-2.22534502e-09	-2.058514818e-06	-1.700324323e-06	
2.553	7.793031486e-07	0.0007208801623	0.0005954438915	-2.431376303e-05	-0.02249100298	-0.01857747104	-8.02286423e-09	-7.42140421e-06	-6.130047731e-06	
2.554	2.658007003e-06	0.002458740893	0.002030909328	-8.292812947e-05	-0.07671115345	-0.06336308047	-2.736397171e-08	-2.531254288e-05	-2.090805077e-05	
2.555	8.576763053e-06	0.007933778211	0.006553266437	-0.0002675895572	-0.2475288386	-0.2044577485	-8.829709676e-08	-8.167761869e-05	-6.746535925e-05	
2.556	2.618233075e-05	0.02421948745	0.02000519173	-0.000816872082	-0.7556326181	-0.6241492695	-2.695450227e-07	-0.0002493377063	-0.0002059518654	
2.557	7.561549488e-05	0.06994673415	0.05777569943	-0.002359155393	-2.182293658	-1.802565109	-7.784555353e-07	-0.0007200960916	-0.0005947962525	
2.558	0.0002066002747	0.191111815	0.1578575314	-0.006445797301	-5.962567185	-4.925054668	-2.12693348e-06	-0.001967481008	-0.001625130791	
2.559	0.0005340336123	0.4939980486	0.4080402484	-0.01666150945	-15.41242521	-12.73059647	-5.497833799e-06	-0.00508567081	-0.004200742062	
2.56	0.001305942015	1.208037821	0.9978340077	-0.04074456155	-37.69001239	-31.13178701	-1.344456985e-05	-0.01243665376	-0.01027262214	
2.561	0.003021320535	2.79481735	2.308507028	-0.09426328386	-87.19652556	-72.02395257	-3.110425674e-05	-0.02877242347	-0.02376589721	
2.562	0.006612829495	6.117076791	5.052678947	-0.2063160939	-190.8489098	-157.6403737	-6.807856124e-05	-0.06297482171	-0.05201693022	
2.563	0.01369290134	12.66636614	10.46236363	-0.4272098979	-395.1825799	-326.4191031	-0.00014096736	-0.1303992385	-0.1077092074	
2.564	0.02682386198	24.81291281	20.49535882	-0.8368878044	-774.1471367	-639.4421996	-0.0002761496488	-0.2554469811	-0.2109981057	
2.565	0.04971241962	45.98551717	37.98383935	-1.550997455	-1434.71902	-1185.071775	-0.0005117859178	-0.473417293	-0.3910406589	
2.566	0.08716186105	80.62728412	66.59779304	-2.719401088	-2515.520469	-2077.809335	-0.0008973264941	-0.8300516473	-0.6856191703	
2.567	0.1445794671	133.7397963	110.4685143	-4.51081253	-4172.598373	-3446.549447	-0.001488442111	-1.376841161	-1.137265245	
2.568	0.2268853934	209.8732303	173.3544599	-7.078772561	-6547.917752	-5408.556375	-0.002335796501	-2.160630302	-1.784672786	
2.569	0.3368443098	311.5813251	257.365107	-10.50965154	-9721.161475	-8029.653605	-0.003467888022	-3.207712099	-2.649561594	
2.57	0.4731312536	437.627186	361.4790925	-14.76246278	-13653.76327	-11278.00332	-0.004871187744	-4.505360449	-3.72142572	
2.571	0.6287532464	581.509593	480.3273216	-19.62004332	-18142.9586	-14986.17414	-0.00647402506	-5.986667827	-4.945016443	
2.572	0.7906125487	731.0247086	603.8318736	-24.67649733	-22808.18348	-18839.96063	-0.008142430762	-7.526056332	-6.216651942	
2.573	0.9408556316	869.4338705	718.1727729	-29.38178005	-27127.67985	-22408.74544	-0.009694816773	-8.951354271	-7.39423341	
2.574	1.060160843	978.3319822	808.1619724	-33.1496611	-30528.35659	-25219.9966	-0.01093753251	-10.07344311	-8.321821619	
2.575	1.132427544	1041.642021	860.5521404	-35.51472438	-32511.14854	-26863.3545	-0.01171653446	-10.72761312	-8.863971852	
2.576	1.149748847	1049.59345	867.339733	-36.30690133	-32776.46788	-27095.23424	-0.01197473087	-10.814942	-8.940230094	
2.577	1.116385492	1001.383529	827.9908489	-35.80710242	-31309.40257	-25910.79914	-0.01180293359	-10.33038038	-8.54885013	
2.578	1.050809753	905.6070793	749.8359916	-34.85655518	-28396.2453	-23559.91714	-0.01147535734	-9.368166324	-7.772012464	
2.579	0.985543048	778.3302748	646.5273753	-34.90713513	-24568.19014	-20503.45497	-0.01146552342	-8.103198546	-6.761346361	
2.58	0.9650411665	639.5139854	535.1287439	-38.00593074	-20493.20446	-17326.5199	-0.0124405242	-6.755313155	-5.709250731	
2.581	1.04192143	508.9763087	432.7953426	-46.69461038	-16851.23173	-14636.24115	-0.01522759992	-5.548089219	-4.815147492	
2.582	1.271370453	403.0309956	353.9479563	-63.7784453	-14225.44352	-12969.08811	-0.02073864088	-4.673014111	-4.254956547	
2.583	1.703076464	332.448948	308.441433	-91.90540533	-13027.05341	-12720.21374	-0.02983345127	-4.264821473	-4.157952851	
2.584	2.370199744	301.7742934	300.7406115	-132.9251307	-13453.64757	-14094.02625	-0.04311200142	-4.387999863	-4.590757898	
2.585	3.276199698	309.6090287	329.8159323	-187.088977	-15471.43035	-17069.86094	-0.06065540876	-5.031272827	-5.546407296	
2.586	4.382533377	349.4161622	389.4751564	-252.2862192	-18814.261	-21381.97498	-0.08177873612	-6.10761178	-6.938135403	
2.587	5.602226917	410.604538	469.0679905	-323.6241576	-23002.48084	-26524.01107	-0.1048952262	-7.460639322	-8.601070917	
2.588	6.804573998	479.9207928	554.7162692	-393.6668578	-27392.65155	-31794.73954	-0.1275939075	-8.880961283	-10.30723689	
2.589	7.833695888	543.2632119	631.2302344	-453.4931624	-31266.94303	-36396.10414	-0.1469826218	-10.1352454	-11.79741689	
2.59	8.538752489	587.8712438	684.6183043	-494.442666	-33956.45936	-39575.70271	-0.1602539354	-11.00621619	-12.82735389	
2.591	8.808181064	604.5403488	704.7185148	-510.1027762	-34973.25888	-40782.28403	-0.1653291359	-11.33541822	-13.2181271	
2.592	8.597217457	589.2811281	687.2168896	-497.909699	-34112.95076	-39788.01891	-0.1613770777	-11.05642407	-12.89574424	
2.593	7.93914348	543.868586	634.3694354	-459.8067485	-31492.88107	-36735.58129	-0.1490274983	-10.20716705	-11.90636497	
2.594	6.936146103	475.0449729	554.1351896	-401.7202766	-27510.9042	-32092.01765	-0.1302011266	-8.916544905	-10.40132157	
2.595	5.733042897	392.6065748	457.9862924	-332.0414786	-22737.86499	-26524.62998	-0.1076175979	-7.369549763	-8.596872908	
2.596	4.483031395	306.9908377	358.1180693	-259.6447941	-17779.79981	-20741.00044	-0.08415318536	-5.762592925	-6.722344007	
2.597	3.316475798	227.1028076	264.9267637	-192.0812464	-13153.09397	-15343.77104	-0.06225523819	-4.263035157	-4.97305294	
2.598	2.32113207	158.9432687	185.4157139	-134.4336869	-9205.539483	-10738.75677	-0.04357115181	-2.983597267	-3.480526573	
2.599	1.536882369	105.2401551	122.7683248	-89.0120778	-6095.218803	-7110.404458	-0.02884960485	-1.975514587	-2.304545263	
2.6	0.962717956	65.92335669	76.90319012	-55.75802793	-3818.101221	-4454.023932	-0.01807167197	-1.237480522	-1.443588717	
2.601	0.5705256115	39.06745552	45.57432564	-33.04330566	-2262.681263	-2639.541735	-0.01070962877	-0.7333550922	-0.8554989168	
2.602	0.3198665538	21.90325718	25.55135065	-18.52580882	-1268.577521	-1479.865286	-0.006004379139	-0.4111572397	-0.4796374803	
2.603	0.1696602583	11.6176944	13.55267808	-9.826265002	-672.8655302	-784.9345759	-0.003184779739	-0.2180816932	-0.254404266	
2.604	0.08513517243	5.829735144	6.800706071	-4.930799793	-337.6425462	-393.8785671	-0.001598115996	-0.1094329473	-0.1276595411	
2.605	0.04041620374	2.76754897	3.228497819	-2.340797622	-160.2889783	-186.9858938	-0.0007586732943	-0.05195108115	-0.06060378853	
2.606	0.01815179667	1.242966461	1.449988623	-1.051303155	-71.98926818	-83.97943402	-0.0003407366874	-0.02333236104	-0.02721848026	
2.607	0.007712609079	0.528130331	0.6160930291	-0.446693537	-30.58788574	-35.68244821	-0.0001447773417	-0.009913805372	-0.01156499831	
2.608	0.003100277882	0.212295316	0.2476541427	-0.1795597415	-12.29557269	-14.34346066	-5.819690662e-05	-0.003985104285	-0.004648842962	
2.609	0.001179010101	0.08073415716	0.09418082726	-0.06828508832	-4.675904852	-5.454699753	-2.213180346e-05	-0.001515502282	-0.001767916625	
2.61	0.0004241818003	0.02904636703	0.03388418201	-0.02456746696	-1.682287316	-1.962480525	-7.962534188e-06	-0.0005452442568	-0.0006360573638	
2.611	0.0001443790359	0.009886530881	0.01153318112	-0.008362044745	-0.5726012303	-0.6679707755	-2.710212952e-06	-0.0001855851431	-0.0002164952596	
2.612	4.64915307e-05	0.003183564366	0.003713802636	-0.002692664191	-0.1843834703	-0.2150934422	-8.727163738e-07	-5.976031994e-05	-6.971369453e-05	
2.613	1.416319238e-05	0.0009698419022	0.001131373831	-0.0008202939413	-0.05617062983	-0.06552612391	-2.658645502e-07	-1.820539989e-05	-2.12375986e-05	
2.614	4.081934809e-06	0.0002795154732	0.0003260701471	-0.0002364146658	-0.01618878308	-0.01888510436	-7.662409242e-08	-5.246928344e-06	-6.120830011e-06	
2.615	1.112983116e-06	7.621287866e-05	8.890650764e-05	-6.446098325e-05	-0.004414044584	-0.005149225373	-2.089237705e-08	-1.430631044e-06	-1.668909666e-06	
2.616	2.870970228e-07	1.96593194e-05	2.293367553e-05	-1.662788601e-05	-0.00113861481	-0.001328256694	-5.389245501e-09	-3.690351701e-07	-4.304997888e-07	
2.617	7.006262471e-08	4.797623826e-06	5.596691621e-06	-4.057838446e-06	-0.0002778654453	-0.000324145299	-1.315181472e-09	-9.005865812e-08	-1.050583696e-07	
2.618	1.617564914e-08	1.107647338e-06	1.292131438e-06	-9.368500147e-07	-6.415194936e-05	-7.483677138e-05	-3.036414085e-10	-2.079221642e-08	-2.425526211e-08	
2.619	3.533089466e-09	2.419326178e-07	2.822276826e-07	-2.046270223e-07	-1.401208536e-05	-1.634586694e-05	-6.632143491e-11	-4.541441284e-09	-5.297840619e-09	
2.62	7.300710927e-10	4.999251004e-08	5.831900795e-08	-4.228375059e-08	-2.895431482e-06	-3.377679806e-06	-1.370453902e-11	-9.384350531e-10	-1.094736017e-09	
2.621	1.42722772e-10	9.773116182e-09	1.140087665e-08	-8.2661184e-09	-5.660325566e-07	-6.603080569e-07	-2.679122372e-12	-1.834561777e-10	-2.140117044e-10	
2.622	2.639605304e-11	1.807501982e-09	2.108550308e-09	-1.528788271e-09	-1.046856446e-07	-1.221215525e-07	-4.954938533e-13	-3.392954698e-11	-3.958067955e-11	
2.623	4.618514528e-12	3.16258425e-10	3.689328179e-10	-2.674919173e-10	-1.831683585e-08	-2.136759476e-08	-8.669650559e-14	-5.936649142e-12	-6.925427193e-12	
2.624	7.645101172e-13	5.235076432e-11	6.107004105e-11	-4.427836609e-11	-3.032015215e-09	-3.53701223e-09	-1.435101162e-14	-9.82703054e-13	-1.146377071e-12	
2.625	1.197241497e-13	8.198257424e-12	9.563717434e-12	-6.934100165e-12	-4.748209806e-10	-5.539047453e-10	-2.247403435e-15	-1.53893696e-13	-1.795254463e-13	
2.626	1.773772375e-14	1.214612305e-12	1.416911945e-12	-1.027321167e-12	-7.034707204e-11	-8.206372214e-11	-3.329639122e-16	-2.280011069e-14	-2.659758103e-14	
2.627	2.486174533e-15	1.702438387e-13	1.985987855e-13	-1.439925302e-13	-9.86006443e-12	-1.150230655e-11	-4.666925762e-17	-3.195734434e-15	-3.727999688e-15	
2.628	3.29672667e-16	2.257473866e-14	2.633467217e-14	-1.90937526e-14	-1.307468038e-12	-1.525233256e-12	-6.188454761e-18	-4.237620006e-16	-4.943416415e-16	
2.629	4.135727073e-17	2.831989642e-15	3.303671416e-15	-2.395301688e-15	-1.640212095e-13	-1.91339747e-13	-7.763385459e-19	-5.316073043e-17	-6.201491099e-17	
2.63	4.908382527e-18	3.361074904e-16	3.920878425e-16	-2.842802908e-16	-1.946644023e-14	-2.270867139e-14	-9.21377665e-20	-6.309246131e-18	-7.360082039e-18	
2.631	5.511153828e-19	3.773829916e-17	4.40237981e-17	-3.191911804e-17	-2.185700605e-15	-2.549739768e-15	-1.034526958e-20	-7.084049741e-19	-8.263932992e-19	
2.632	5.854155665e-20	4.008704615e-18	4.676374043e-18	-3.390569227e-18	-2.321733702e-16	-2.708429845e-16	-1.098913593e-21	-7.524945087e-20	-8.778261622e-20	
2.633	5.883064376e-21	4.028500208e-19	4.699466689e-19	-3.407312373e-19	-2.333198777e-17	-2.721804484e-17	-1.104340195e-22	-7.56210441e-21	-8.821610014e-21	
2.634	5.593202413e-22	3.830013688e-20	4.467921265e-20	-3.239432134e-20	-2.218240732e-18	-2.587699613e-18	-1.049928719e-23	-7.18951518e-22	-8.386964218e-22	
2.635	5.030777076e-23	3.444886066e-21	4.018648748e-21	-2.913690533e-21	-1.995185191e-19	-2.327493076e-19	-9.443529737e-25	-6.466572364e-23	-7.543611729e-23	
2.636	4.280822409e-24	2.931345446e-22	3.419575417e-22	-2.479336997e-22	-1.6977563e-20	-1.980525944e-20	-8.035751359e-26	-5.50257892e-24	-6.419060445e-24	
2.637	3.446172011e-25	2.359808388e-23	2.752846057e-23	-1.995929975e-23	-1.366737436e-21	-1.594374263e-21	-6.468986277e-27	-4.429717388e-25	-5.16750856e-25	
2.638	2.624607053e-26	1.797231746e-24	2.096569514e-24	-1.520101688e-24	-1.040908203e-22	-1.214276572e-22	-4.926784547e-28	-3.373675912e-26	-3.935578192e-26	
2.639	1.891077091e-27	1.294938143e-25	1.510616446e-25	-1.095260898e-25	-7.499932813e-24	-8.749083432e-24	-3.549837824e-29	-2.43079482e-27	-2.835655627e-27	
2.64	1.289055977e-28	8.826968291e-27	1.029714318e-26	-7.465864893e-27	-5.1123422e-25	-5.963827884e-25	-2.419753105e-30	-1.656955502e-28	-1.932929573e-28	
2.641	8.312887847e-30	5.692351517e-28	6.640440599e-28	-4.814600659e-28	-3.296856624e-26	-3.845964275e-26	-1.560454825e-31	-1.068540506e-29	-1.246511172e-29	
2.642	5.071654581e-31	3.472877438e-29	4.051302219e-29	-2.937365683e-29	-2.011397039e-27	-2.346405087e-27	-9.520263e-33	-6.519116404e-31	-7.604907236e-31	
2.643	2.927285046e-32	2.004494199e-30	2.338352546e-30	-1.695404626e-30	-1.160949031e-28	-1.35431079e-28	-5.494956935e-34	-3.762738896e-32	-4.389441526e-32	
2.644	1.598445975e-33	1.094555411e-31	1.276858986e-31	-9.257768403e-32	-6.339370021e-30	-7.395223211e-30	-3.000524943e-35	-2.054646114e-33	-2.396857508e-33	
2.645	8.257498663e-35	5.654423096e-33	6.596195013e-33	-4.782520735e-33	-3.274889504e-31	-3.820338424e-31	-1.550057436e-36	-1.061420768e-34	-1.238205606e-34	
2.646	4.035679446e-36	2.763480806e-34	3.223752098e-34	-2.337356797e-34	-1.600533624e-32	-1.867110354e-32	-7.575580925e-38	-5.187471594e-36	-6.051470447e-36	
2.647	1.865960367e-37	1.277739158e-35	1.490552886e-35	-1.080713968e-35	-7.400320932e-34	-8.632880703e-34	-3.502689931e-39	-2.398509725e-37	-2.797993291e-37	
2.648	8.162172489e-39	5.589147334e-37	6.520047253e-37	-4.727310384e-37	-3.237083542e-35	-3.776235693e-35	-1.532163271e-40	-1.049167519e-38	-1.223911519e-38	
2.649	3.377743936e-40	2.312951428e-38	2.69818484e-38	-1.956298278e-38	-1.339599147e-36	-1.56271596e-36	-6.340536428e-42	-4.341759785e-40	-5.064901186e-40	
2.65	1.322407425e-41	9.055346407e-40	1.056355879e-39	-7.659027495e-40	-5.244612652e-38	-6.118128629e-38	-2.482358819e-43	-1.69982553e-41	-1.982939814e-41	
2.651	4.898029947e-43	3.353985848e-41	3.912608652e-41	-2.836806973e-41	-1.942538234e-39	-2.26607751e-39	-9.194343292e-45	-6.295938902e-43	-7.344558426e-43	
2.652	1.716307873e-44	1.175262785e-42	1.37100857e-42	-9.940392757e-43	-6.806805388e-41	-7.940512232e-41	-3.221769558e-46	-2.206146067e-44	-2.573590522e-44	
2.653	5.689663138e-46	3.896066348e-44	4.544975319e-44	-3.295299587e-44	-2.256496653e-42	-2.632327245e-42	-1.068035857e-47	-7.313506017e-46	-8.531606337e-46	
2.654	1.784413562e-47	1.221898988e-45	1.425412261e-45	-1.033484256e-45	-7.076909709e-44	-8.255603753e-44	-3.349614241e-49	-2.293689276e-47	-2.675714482e-47	
2.655	5.294464951e-49	3.625449561e-47	4.229285978e-47	-3.066411519e-47	-2.099762792e-45	-2.449488548e-45	-9.938511981e-51	-6.805517615e-49	-7.939009857e-49	
2.656	1.486162628e-50	1.017668192e-48	1.187165639e-48	-8.607779118e-49	-5.894458269e-47	-6.876023193e-47	-2.789842874e-52	-1.910428196e-50	-2.228567485e-50	
2.657	3.947999953e-52	2.70417112e-50	3.153794118e-50	-2.422339284e-50	-1.73225747e-48	-1.943207178e-48	-7.789428705e-54	-5.539062296e-52	-6.245205977e-52	
2.658	1.526221024e-53	1.333025157e-51	1.251319583e-51	-5.443811037e-50	-6.62825784e-48	-4.67250954e-48	-1.521444444e-53	-1.851095344e-51	-1.305725828e-51	
2.659	1.997738628e-52	2.442479428e-50	1.715816443e-50	-2.010139579e-48	-2.458910704e-46	-1.726609148e-46	-5.608410148e-52	-6.860505225e-50	-4.817342849e-50	
2.66	7.044820134e-51	8.617625295e-49	6.051149961e-49	-7.096869442e-47	-8.681297833e-45	-6.095858047e-45	-1.980067024e-50	-2.422131575e-48	-1.700779139e-48	
2.661	2.353047706e-49	2.878382948e-47	2.021151004e-47	-2.370434522e-45	-2.899651499e-43	-2.036085414e-43	-6.613647419e-49	-8.090192948e-47	-5.680794352e-47	
2.662	7.435488099e-48	9.095515617e-46	6.386714641e-46	-7.490429385e-44	-9.16272295e-42	-6.433906475e-42	-2.08987249e-47	-2.556451926e-45	-1.795096576e-45	
2.663	2.222827877e-46	2.719090583e-44	1.909298645e-44	-2.239252492e-42	-2.739182114e-40	-1.923406572e-40	-6.247642077e-46	-7.642474217e-44	-5.366413959e-44	
2.664	6.286657322e-45	7.690199902e-43	5.399926115e-43	-6.333109825e-41	-7.747023269e-39	-5.439826506e-39	-1.766973737e-44	-2.161463646e-42	-1.517742599e-42	
2.665	1.682098187e-43	2.057639004e-41	1.444838721e-41	-1.694527315e-39	-2.072843027e-37	-1.455514725e-37	-4.727827789e-43	-5.783350187e-41	-4.060969039e-41	
2.666	4.257949423e-42	5.208568013e-40	3.657366881e-40	-4.289411677e-38	-5.247054447e-36	-3.684391394e-36	-1.196770305e-41	-1.463958096e-39	-1.027966198e-39	
2.667	1.019687876e-40	1.247340709e-38	8.758611942e-39	-1.027222413e-36	-1.256557388e-34	-8.823329873e-35	-2.866009079e-40	-3.505866729e-38	-2.461759323e-38	
2.668	2.310210822e-39	2.825982414e-37	1.98435625e-37	-2.327281114e-35	-2.846863775e-33	-1.999018782e-33	-6.493246951e-39	-7.942912188e-37	-5.577376336e-37	
2.669	4.951691432e-38	6.057193038e-36	4.25325678e-36	-4.988279789e-34	-6.101950016e-32	-4.28468436e-32	-1.391758492e-37	-1.702478833e-35	-1.195451357e-35	
2.67	1.004091139e-36	1.228261886e-34	8.624643724e-35	-1.011510431e-32	-1.237337589e-30	-8.688371756e-31	-2.822171753e-36	-3.452242397e-34	-2.424105239e-34	
2.671	1.926239554e-35	2.356286731e-33	1.654544019e-33	-1.940472658e-31	-2.373697481e-29	-1.666769548e-29	-5.414029314e-35	-6.62275126e-33	-4.650382036e-33	
2.672	3.495948771e-34	4.2764451e-32	3.002846203e-32	-3.521780555e-30	-4.30804402e-28	-3.025034421e-28	-9.825968472e-34	-1.201968835e-31	-8.440018445e-32	
2.673	6.002572644e-33	7.342691226e-31	5.155911499e-31	-6.046926028e-29	-7.39694683e-27	-5.194008851e-27	-1.687126826e-32	-2.063790324e-30	-1.449158073e-30	
2.674	9.750511314e-32	1.192738483e-29	8.375204498e-30	-9.822558452e-28	-1.201551702e-25	-8.437089407e-26	-2.740549792e-31	-3.352397731e-29	-2.353996032e-29	
2.675	1.498424819e-30	1.832959203e-28	1.287072429e-28	-1.509496774e-26	-1.846503053e-24	-1.296582688e-24	-4.211582032e-30	-5.15184876e-28	-3.617539598e-28	
2.676	2.178512852e-29	2.664881902e-27	1.871234241e-27	-2.194610019e-25	-2.68457288e-23	-1.885060907e-23	-6.123087035e-29	-7.490111343e-27	-5.25942737e-27	
2.677	2.996421441e-28	3.665394612e-26	2.573777059e-26	-3.018562187e-24	-3.692478442e-22	-2.592794858e-22	-8.421960543e-28	-1.03022253e-25	-7.234045431e-26	
2.678	3.899090065e-27	4.769590659e-25	3.349124533e-25	-3.927900685e-23	-4.804833462e-21	-3.373871423e-21	-1.095906678e-26	-1.340575921e-24	-9.413293565e-25	
2.679	4.800000022e-26	5.871635403e-24	4.1229614e-24	-4.835467522e-22	-5.915021284e-20	-4.153426219e-20	-1.349122998e-25	-1.650324651e-23	-1.158829588e-23	
2.68	5.590321861e-25	6.838402417e-23	4.80180857e-23	-5.631629098e-21	-6.8889318e-19	-4.837289434e-19	-1.571256616e-24	-1.922051236e-22	-1.349631322e-22	
2.681	6.159564223e-24	7.534732332e-22	5.290759461e-22	-6.205077628e-20	-7.59040694e-18	-5.329853213e-18	-1.731252024e-23	-2.117766798e-21	-1.487059424e-21	
2.682	6.42067613e-23	7.854139396e-21	5.515041608e-21	-6.468118907e-19	-7.912174123e-17	-5.555792595e-17	-1.80464204e-22	-2.207541676e-20	-1.550097799e-20	
2.683	6.33182847e-22	7.745455841e-20	5.438725885e-20	-6.378614746e-18	-7.802687499e-16	-5.478912971e-16	-1.779669869e-21	-2.176994283e-19	-1.528647946e-19	
2.684	5.907382878e-21	7.226249643e-19	5.074148222e-19	-5.951032899e-17	-7.279644853e-15	-5.11164142e-15	-1.660372097e-20	-2.031062404e-18	-1.42617709e-18	
2.685	5.21409212e-20	6.378176614e-18	4.478645926e-18	-5.252619372e-16	-6.425305359e-14	-4.511738921e-14	-1.465510742e-19	-1.792696816e-17	-1.258800873e-17	
2.686	4.353914346e-19	5.325957812e-17	3.73979598e-17	-4.386085691e-15	-5.365311647e-13	-3.767429566e-13	-1.223742906e-18	-1.496952529e-16	-1.051134321e-16	
2.687	3.439526528e-18	4.207426175e-16	2.954382301e-16	-3.464941405e-14	-4.23851511e-12	-2.976212416e-12	-9.667384003e-18	-1.182569873e-15	-8.30380227e-16	
2.688	2.570603219e-17	3.144509333e-15	2.208020375e-15	-2.589597567e-13	-3.167744309e-11	-2.224335575e-11	-7.225124806e-17	-8.838187168e-15	-6.20602303e-15	
2.689	1.817561154e-16	2.223345077e-14	1.561194676e-14	-1.830991227e-12	-2.239773513e-10	-1.572730441e-10	-5.10856988e-16	-6.249095756e-14	-4.388007567e-14	
2.69	1.215795743e-15	1.487231103e-13	1.044308103e-13	-1.224779333e-11	-1.498220346e-09	-1.052024561e-09	-3.417204146e-15	-4.180120157e-13	-2.935208484e-13	
2.691	7.693957904e-15	9.411690711e-13	6.608727355e-13	-7.75080904e-11	-9.481234282e-09	-6.657559654e-09	-2.162519898e-14	-2.645318403e-12	-1.857497088e-12	
2.692	4.606346406e-14	5.63474719e-12	3.95662257e-12	-4.640382987e-10	-5.676382689e-08	-3.985858301e-08	-1.294693301e-13	-1.583743123e-11	-1.112077183e-11	
2.693	2.609041485e-13	3.191529225e-11	2.241036934e-11	-2.628319856e-09	-3.215111634e-07	-2.257596096e-07	-7.333162198e-13	-8.970344704e-11	-6.298821779e-11	
2.694	1.398050876e-12	1.710176038e-10	1.200856202e-10	-1.408381161e-08	-1.722812635e-06	-1.209729404e-06	-3.92946371e-12	-4.806745444e-10	-3.375213984e-10	
2.695	7.087328592e-12	8.669626934e-10	6.087662932e-10	-7.139697306e-08	-8.733687349e-06	-6.132645054e-06	-1.992016241e-11	-2.436748548e-09	-1.711042923e-09	
2.696	3.399067291e-11	4.157934115e-09	2.919629828e-09	-3.424183212e-07	-4.18865735e-05	-2.941203155e-05	-9.553666322e-11	-1.168659274e-08	-8.206124436e-09	
2.697	1.542249214e-10	1.886567717e-08	1.324715406e-08	-1.55364499e-06	-0.0001900507684	-0.0001334503811	-4.334758071e-10	-5.302524757e-08	-3.723341692e-08	
2.698	6.620136648e-10	8.098130945e-08	5.686368278e-08	-6.669053252e-06	-0.0008157968541	-0.0005728385209	-1.860703867e-09	-2.276119719e-07	-1.598252122e-07	
2.699	2.688418972e-09	3.288628322e-07	2.30921825e-07	-2.708283868e-05	-0.003312928202	-0.002326281208	-7.556266351e-09	-9.243258504e-07	-6.490457157e-07	
2.7	1.032867353e-08	1.263462602e-06	8.871817104e-07	-0.0001040499275	-0.01272798407	-0.008937371518	-2.90305228e-08	-3.551180097e-06	-2.493577592e-06	
2.701	3.754133833e-08	4.592271879e-06	3.224614336e-06	-0.0003781873364	-0.04626204464	-0.03248441215	-1.055164223e-07	-1.290737412e-05	-9.063336134e-06	
2.702	1.290899857e-07	1.579102764e-05	1.108818804e-05	-0.001300438397	-0.1590770854	-0.1117011937	-3.628297247e-07	-4.438341347e-05	-3.116526967e-05	
2.703	4.199455232e-07	5.137014562e-05	3.607123284e-05	-0.004230485276	-0.517497229	-0.3633776552	-1.180329503e-06	-0.0001443846764	-0.0001013844368	
2.704	1.292441697e-06	0.0001580988831	0.000111014317	-0.01301991634	-1.59267086	-1.118346093	-3.632630865e-06	-0.0004443642474	-0.0003120249338	
2.705	3.76310701e-06	0.0004603248379	0.0003232321865	-0.03790912867	-4.637262095	-3.256205724	-1.057686296e-05	-0.001293822554	-0.0009084999554	
2.706	1.03657273e-05	0.001267995229	0.0008903644537	-0.1044232044	-12.77364539	-8.969434296	-2.913466918e-05	-0.003563919867	-0.002502523288	
2.707	2.701286176e-05	0.003304368209	0.002320270586	-0.2721246219	-33.28784469	-23.37415302	-7.592432042e-05	-0.009287498385	-0.006521521903	
2.708	6.65976682e-05	0.008146608771	0.005720408865	-0.6708976607	-82.06804958	-57.62677781	-0.0001871842708	-0.02289745354	-0.01607819941	
2.709	0.0001553334795	0.01900128201	0.01334237482	-1.564812651	-191.416855	-134.4096463	-0.0004365916465	-0.05340639333	-0.03750105718	
2.71	0.0003427589134	0.04192823512	0.02944129179	-3.452916555	-422.3805364	-296.5884505	-0.0009633833912	-0.1178465762	-0.08274986713	
2.711	0.0007155337489	0.08752818651	0.06146081343	-7.208211907	-881.7497239	-619.1499238	-0.002011132174	-0.246013195	-0.1727463535	
2.712	0.001413153198	0.1728649798	0.1213829208	-14.23596352	-1741.424288	-1222.799918	-0.003971914832	-0.4858672877	-0.3411681299	
2.713	0.002640379114	0.3229862197	0.2267957666	-26.5989388	-3253.733117	-2284.722005	-0.007421255042	-0.9078100318	-0.6374503988	
2.714	0.004667255532	0.5709251089	0.4008952201	-47.01759537	-5751.455998	-4038.597054	-0.01311817535	-1.604688815	-1.126791372	
2.715	0.00780505167	0.9547574626	0.6704191156	-78.62782617	-9618.186393	-6753.805062	-0.02193760576	-2.683528183	-1.884349345	
2.716	0.01234838749	1.510521634	1.060677873	-124.3981975	-15217.0357	-10685.39763	-0.03470778723	-4.245637637	-2.981284401	
2.717	0.01848279815	2.260909856	1.587619287	-186.1994363	-22776.78435	-15994.24661	-0.05195064666	-6.354846409	-4.46247855	
2.718	0.02617301539	3.201598763	2.248243449	-263.6806186	-32254.35424	-22650.6957	-0.07356823067	-8.999130734	-6.319651888	
2.719	0.0350654696	4.289315239	3.012252807	-353.2906365	-43214.98281	-30350.91626	-0.09856965315	-12.05717775	-8.468020681	
2.72	0.04444964809	5.437093709	3.818783982	-447.8964747	-54785.26708	-38484.96036	-0.1249645167	-15.28527633	-10.73737424	
2.721	0.05331706469	6.521459673	4.581569499	-537.3915638	-65727.08622	-46190.60881	-0.1499325044	-18.3379264	-12.88708038	
2.722	0.06052956615	7.402966398	5.203560338	-610.4158553	-74647.16058	-52503.85547	-0.1703030451	-20.82628042	-14.64803976	
2.723	0.06506732414	7.95645173	5.598481633	-656.8917554	-80305.95763	-56580.93141	-0.1832624779	-22.40428898	-15.78458321	
2.724	0.06628833276	8.102676429	5.713460018	-670.6883195	-81941.85987	-57932.72257	-0.1870968785	-22.85909122	-16.15981112	
2.725	0.06411531572	7.831075297	5.54544009	-651.5577739	-79506.19524	-56597.08471	-0.181731825	-22.17653142	-15.78360108	
2.726	0.05908359806	7.20553738	5.145540281	-605.6539068	-73725.39931	-53187.39747	-0.1688766714	-20.55846338	-14.82610816	
2.727	0.05222923942	6.350754663	4.609338205	-544.3894534	-65961.78675	-48792.67192	-0.1517059083	-18.38392192	-13.58991457	
2.728	0.04485062913	5.423285285	4.055664141	-481.9264725	-57910.29524	-44749.95607	-0.1341600397	-16.12462983	-12.44666873	
2.729	0.03821541078	4.57618294	3.599881232	-431.9948906	-51217.23688	-42345.54	-0.1200602227	-14.23887592	-11.75401512	
2.73	0.03329402704	3.927118943	3.328691144	-404.8664617	-47121.96236	-42516.94566	-0.1122673935	-13.07190822	-11.77288858	
2.731	0.03058291969	3.537566662	3.282334034	-405.1864778	-46205.02191	-45623.53111	-0.1120811628	-12.7860897	-12.6040109	
2.732	0.03004770193	3.406489834	3.447646777	-431.0960278	-48291.35763	-51337.07998	-0.1189979651	-13.33421964	-14.15775832	
2.733	0.03118431911	3.477968705	3.762850673	-474.7791331	-52519.61939	-58681.10958	-0.1308644009	-14.47894806	-16.16521769	
2.734	0.03317267112	3.659397112	4.132662722	-524.2941536	-57556.37195	-66219.80816	-0.1443853786	-15.85223268	-18.23053504	
2.735	0.0350830069	3.845378888	4.450374634	-566.297533	-61906.97685	-72363.8164	-0.1558776287	-17.04137725	-19.91539914	
2.736	0.03608829301	3.941888374	4.621947983	-589.0503927	-64253.36922	-75725.11661	-0.1620999133	-17.68233207	-20.83693927	
2.737	0.03563553988	3.885479987	4.586359866	-584.978459	-63738.34504	-75429.85507	-0.1609589442	-17.53810665	-20.75392895	
2.738	0.03353834748	3.653518074	4.327065248	-552.1248186	-60125.26177	-71301.12374	-0.1519095205	-16.54276225	-19.61711188	
2.739	0.02997314969	3.263673585	3.871815864	-494.1330456	-53795.24918	-63859.84676	-0.1359496121	-14.80061096	-17.56942227	
2.74	0.02538883981	2.763887924	3.281615799	-418.8506057	-45593.19192	-54150.64319	-0.1152355488	-12.54377158	-14.89802649	
2.741	0.02036421808	2.216651934	2.632947908	-336.0736883	-36580.20688	-43456.84222	-0.0924609836	-10.06399831	-11.95586701	
2.742	0.01545987986	1.68272169	1.999146346	-255.1802771	-27774.37846	-32999.68501	-0.07020522892	-7.641293861	-9.078866163	
2.743	0.01110602628	1.208796646	1.436245533	-183.3311535	-19953.83686	-23709.27093	-0.05043799529	-5.489693031	-6.522881388	
2.744	0.007548775305	0.8216092439	0.9762522017	-124.6155105	-13563.09332	-16116.23196	-0.03428413908	-3.731469919	-4.43388604	
2.745	0.004854397854	0.5283495739	0.6278104626	-80.13824975	-8722.174645	-10364.20352	-0.02204757373	-2.399638121	-2.851391292	
2.746	0.002953407676	0.3214459825	0.3819621704	-48.75647081	-5306.599824	-6305.661347	-0.01341383982	-1.459947383	-1.734808195	
2.747	0.001699944449	0.1850199874	0.2198535794	-28.06375296	-3054.424584	-3629.48715	-0.007720875597	-0.8403306778	-0.9985413499	
2.748	0.0009256919091	0.1007511582	0.1197198584	-15.28194208	-1663.267115	-1976.41719	-0.004204354545	-0.4575965976	-0.5437501597	
2.749	0.0004768888738	0.05190397313	0.06167616586	-7.872810447	-856.8664632	-1018.193085	-0.002165960669	-0.2357403467	-0.2801243816	
2.75	0.0002324267957	0.02529702944	0.03005983516	-3.837064131	-417.621028	-496.2488824	-0.001055649687	-0.1148955277	-0.1365275527	
2.751	0.0001071699768	0.01166423948	0.01386033241	-1.769237462	-192.5614742	-228.8161517	-0.0004867510413	-0.05297734203	-0.06295169658	
2.752	4.674959417e-05	0.005088164178	0.006046142912	-0.7717753398	-83.99900874	-99.81400486	-0.0002123301462	-0.02310973271	-0.02746074036	
2.753	1.929302097e-05	0.002099826912	0.00249517394	-0.3185028477	-34.66542883	-41.1920987	-8.762622052e-05	-0.009537121988	-0.0113327336	
2.754	7.532519573e-06	0.000819829469	0.000974183729	-0.1243521697	-13.53432565	-16.08251537	-3.421165845e-05	-0.003723551647	-0.004424607338	
2.755	2.782261348e-06	0.0003028176441	0.0003598309635	-0.04593154229	-4.999128284	-5.940344613	-1.26366451e-05	-0.001375355731	-0.001634302331	
2.756	9.722393331e-07	0.0001058172424	0.0001257400994	-0.01605041613	-1.74690605	-2.075806705	-4.415776223e-06	-0.0004806072402	-0.0005710940958	
2.757	3.214149384e-07	3.498237652e-05	4.156872191e-05	-0.005306145678	-0.5775138728	-0.6862459332	-1.459822083e-06	-0.0001588851034	-0.0001887993713	
2.758	1.005255671e-07	1.094106968e-05	1.300101163e-05	-0.001659547336	-0.1806229355	-0.2146299179	-4.565731881e-07	-4.969282149e-05	-5.904879227e-05	
2.759	2.974435862e-08	3.237336624e-06	3.846849749e-06	-0.0004910409616	-0.05344424832	-0.06350652318	-1.350947529e-07	-1.47035341e-05	-1.747185822e-05	
2.76	8.326266116e-09	9.062197835e-07	1.076839314e-06	-0.0001374559046	-0.01496051872	-0.01777722691	-3.781674632e-08	-4.115924615e-06	-4.890854868e-06	
2.761	2.205025252e-09	2.399920299e-07	2.851767943e-07	-3.64021203e-05	-0.003961958592	-0.004707900722	-1.001491899e-08	-1.090010527e-06	-1.295233462e-06	
2.762	5.524518712e-10	6.012813044e-08	7.144882061e-08	-9.120267199e-06	-0.0009926378103	-0.001179527791	-2.509159806e-09	-2.730936322e-07	-3.245106375e-07	
2.763	1.309462096e-10	1.425201213e-08	1.693532546e-08	-2.161752874e-06	-0.0002352823215	-0.0002795803605	-5.947395295e-10	-6.473066319e-08	-7.691790031e-08	
2.764	2.936358084e-11	3.195893273e-09	3.797603609e-09	-4.847548124e-07	-5.276007216e-05	-6.269353303e-05	-1.333653132e-10	-1.451530416e-08	-1.724818909e-08	
2.765	6.229349551e-12	6.7799416e-10	8.056442594e-10	-1.028385192e-07	-1.119280832e-05	-1.330014667e-05	-2.829284202e-11	-3.079355477e-09	-3.659124531e-09	
2.766	1.250241723e-12	1.360746543e-10	1.616942602e-10	-2.063987684e-08	-2.246416876e-06	-2.669363495e-06	-5.678424572e-12	-6.180322144e-10	-7.343929123e-10	
2.767	2.373902491e-13	2.58372405e-11	3.07017755e-11	-3.919006551e-09	-4.265394857e-07	-5.068466787e-07	-1.078193599e-12	-1.173491642e-10	-1.394432078e-10	
2.768	4.264315858e-14	4.641224937e-12	5.515056689e-12	-7.039834974e-10	-7.662063207e-08	-9.104646622e-08	-1.936793142e-13	-2.10798002e-11	-2.504862287e-11	
2.769	7.246919813e-15	7.887451604e-13	9.372470269e-13	-1.196372906e-10	-1.302116436e-08	-1.547273847e-08	-3.291450507e-14	-3.582371166e-12	-4.256846055e-12	
2.77	1.165132047e-15	1.268114298e-13	1.506869919e-13	-1.923482596e-11	-2.093492998e-09	-2.487647705e-09	-5.291868222e-15	-5.75959933e-13	-6.843994257e-13	
2.771	1.772206972e-16	1.928846611e-14	2.292002338e-14	-2.925684926e-12	-3.184276749e-10	-3.783799972e-10	-8.049118367e-16	-8.760553892e-14	-1.040995685e-13	
2.772	2.550182934e-17	2.775585351e-15	3.29816175e-15	-4.210022806e-13	-4.582133098e-11	-5.444839269e-11	-1.158257733e-16	-1.260632386e-14	-1.497979341e-14	
2.773	3.471729108e-18	3.77858401e-16	4.490001088e-16	-5.731376571e-14	-6.237954399e-12	-7.412412155e-12	-1.576811229e-17	-1.71618047e-15	-2.039296245e-15	
2.774	4.471342397e-19	4.866549882e-17	5.782804938e-17	-7.381609065e-15	-8.034045603e-13	-9.546664414e-13	-2.030821726e-18	-2.210319486e-16	-2.626469829e-16	
2.775	5.448132056e-20	5.929674818e-18	7.046090895e-18	-8.994162691e-16	-9.789127626e-14	-1.163218644e-13	-2.474466046e-19	-2.693176093e-17	-3.200236797e-17	
2.776	6.280220977e-21	6.835309386e-19	8.122234813e-19	-1.036783408e-16	-1.128421339e-14	-1.340876113e-14	-2.852389298e-20	-3.104502758e-18	-3.689006444e-18	
2.777	6.848884241e-22	7.454234956e-20	8.857689277e-20	-1.130662372e-17	-1.23059796e-15	-1.46229015e-15	-3.110668269e-21	-3.385610171e-19	-4.023039666e-19	
2.778	7.066141465e-23	7.690694843e-21	9.138668911e-21	-1.166528735e-18	-1.269634435e-16	-1.508676261e-16	-3.209343488e-22	-3.493006973e-20	-4.15065672e-20	
2.779	6.897035018e-24	7.506641624e-22	8.919962869e-22	-1.138611443e-19	-1.239249624e-17	-1.472570717e-17	-3.132537684e-23	-3.409412553e-21	-4.051323468e-21	
2.78	6.368837023e-25	6.931757917e-23	8.236842297e-23	-1.051412773e-20	-1.144343746e-18	-1.359796329e-18	-2.892637478e-24	-3.148308343e-22	-3.741059575e-22	
2.781	5.563850362e-26	6.055621091e-24	7.195749842e-24	-9.185198677e-22	-9.997048664e-20	-1.187925405e-19	-2.527023697e-25	-2.750379144e-23	-3.268209816e-23	
2.782	4.598416961e-27	5.004856155e-25	5.947150977e-25	-7.591392764e-23	-8.262371405e-21	-9.817978509e-21	-2.088537231e-26	-2.273136278e-24	-2.701113522e-24	
2.783	3.595496386e-28	3.913290677e-26	4.650069802e-26	-5.935700369e-24	-6.460337717e-22	-7.676664937e-22	-1.63302461e-27	-1.777362371e-25	-2.111997235e-25	
2.784	2.659665171e-29	2.894744369e-27	3.439755563e-27	-4.390763845e-25	-4.778849253e-23	-5.678592375e-23	-1.207983047e-28	-1.314752759e-26	-1.562289288e-26	
2.785	1.861284141e-30	2.025797023e-28	2.407206196e-28	-3.072739832e-26	-3.344329363e-24	-3.973986668e-24	-8.453694518e-30	-9.20088922e-28	-1.09331968e-27	
2.786	1.232298696e-31	1.34121759e-29	1.593736814e-29	-2.034366063e-27	-2.214177096e-25	-2.631053735e-25	-5.596929832e-31	-6.091624348e-29	-7.238531652e-29	
2.787	7.718570982e-33	8.400790494e-31	9.982458605e-31	-1.274236425e-28	-1.38686206e-26	-1.647975046e-26	-3.505667929e-32	-3.815522573e-30	-4.533894301e-30	
2.788	4.573781537e-34	4.978043286e-32	5.915289886e-32	-7.550722861e-30	-8.21810682e-28	-9.76537996e-28	-2.077348163e-33	-2.260958245e-31	-2.686642656e-31	
2.789	2.564079774e-35	2.790710488e-33	3.316134588e-33	-4.232964695e-31	-4.607102746e-29	-5.474510106e-29	-1.164569485e-34	-1.267502013e-32	-1.506142355e-32	
2.79	1.359894603e-36	1.480091286e-34	1.758757108e-34	-2.245010432e-32	-2.443439639e-30	-2.903480937e-30	-6.176452748e-36	-6.72236942e-34	-7.988030949e-34	
2.791	6.823333029e-38	7.426425354e-36	8.824643793e-36	-1.126444196e-33	-1.226006954e-31	-1.456834767e-31	-3.099063262e-37	-3.372979435e-35	-4.008030865e-35	
2.792	3.238959281e-39	3.52524041e-37	4.188958943e-37	-5.347103636e-35	-5.819716823e-33	-6.915430437e-33	-1.4710904e-38	-1.60111532e-36	-1.902567076e-36	
2.793	1.454561235e-40	1.583125196e-38	1.881189841e-38	-2.401292821e-36	-2.613535323e-34	-3.105601573e-34	-6.606415468e-40	-7.190335153e-38	-8.544103448e-38	
2.794	6.179824353e-42	6.726039029e-40	7.992391458e-40	-1.020209222e-37	-1.110382213e-35	-1.319440651e-35	-2.806790543e-41	-3.054873677e-39	-3.630033393e-39	
2.795	2.483921433e-43	2.703467211e-41	3.212465487e-41	-4.100633622e-39	-4.463075358e-37	-5.303365802e-37	-1.128162678e-42	-1.227877326e-40	-1.459057286e-40	
2.796	9.445330954e-45	1.028017319e-42	1.221568416e-42	-1.559302205e-40	-1.697123881e-38	-2.016651755e-38	-4.289938368e-44	-4.669112138e-42	-5.548194384e-42	
2.797	3.39792748e-46	3.698259294e-44	4.394553149e-44	-5.609539611e-42	-6.105348664e-40	-7.254839929e-40	-1.543291552e-45	-1.679698098e-43	-1.995945114e-43	
2.798	1.15645472e-47	1.258670011e-45	1.495647497e-45	-1.909157449e-43	-2.077901698e-41	-2.469120936e-41	-5.252457007e-47	-5.716704685e-45	-6.793023575e-45	
2.799	3.723580623e-49	4.052695865e-47	4.815721656e-47	-6.147150909e-45	-6.690477686e-43	-7.950134764e-43	-1.691198695e-48	-1.840678275e-46	-2.187234011e-46	
2.8	1.134254449e-50	1.234507529e-48	1.466935798e-48	-1.872507668e-46	-2.038012561e-44	-2.421721628e-44	-5.151626454e-50	-5.606962046e-48	-6.662619019e-48	
2.801	3.26872077e-52	3.557632421e-50	4.227449596e-50	-5.396236012e-48	-5.873191851e-46	-6.978973535e-46	-1.484607656e-51	-1.615827322e-49	-1.920048997e-49	
2.802	8.911745079e-54	9.699425388e-52	1.152559542e-51	-1.471214065e-49	-1.601249916e-47	-1.902727013e-47	-4.047591062e-53	-4.405344537e-51	-5.234765647e-51	
2.803	2.298609984e-55	2.501776682e-53	2.97280145e-53	-3.794708341e-51	-4.130110332e-49	-4.907711417e-49	-1.043996786e-54	-1.136272284e-52	-1.350205203e-52	
2.804	5.608999788e-57	6.104761128e-55	7.254141774e-55	-9.259734549e-53	-1.007817252e-50	-1.197565159e-50	-2.54752994e-56	-2.772697867e-54	-3.294730621e-54	
2.805	1.294861027e-58	1.409309603e-56	1.674648926e-56	-2.137648395e-54	-2.326588219e-52	-2.764629186e-52	-5.881079266e-58	-6.400888831e-56	-7.606023247e-56	
2.806	2.827994088e-60	3.077951334e-58	3.657456022e-58	-4.668653156e-56	-5.081300301e-54	-6.037987728e-54	-1.284435707e-59	-1.397962823e-57	-1.661165818e-57	
2.807	5.843209208e-62	6.359671561e-60	7.557045751e-60	-9.646384067e-58	-1.049899674e-55	-1.247570695e-55	-2.653904612e-61	-2.888474652e-59	-3.432305408e-59	
2.808	1.142199527e-63	1.243154847e-61	1.477211199e-61	-1.885623965e-59	-2.052288166e-57	-2.438684987e-57	-5.187711895e-63	-5.646236962e-61	-6.709288464e-61	
2.809	2.112273338e-65	2.298970343e-63	2.731811524e-63	-3.487090594e-61	-3.795303248e-59	-4.509868159e-59	-9.593652652e-65	-1.044160456e-62	-1.24075092e-62	
2.81	3.695522576e-67	4.022157857e-65	4.779434071e-65	-6.100830695e-63	-6.640063377e-61	-7.890228646e-61	-1.678455119e-66	-1.826808335e-64	-2.170752693e-64	
2.811	6.116728491e-69	6.657366328e-67	7.910789329e-67	-1.009792909e-64	-1.099045237e-62	-1.305969193e-62	-2.778133278e-68	-3.023683488e-66	-3.592970837e-66	
2.812	9.578117237e-71	1.042469602e-68	1.238741719e-68	-1.581223506e-66	-1.720982735e-64	-2.045002661e-64	-4.350248057e-70	-4.734752405e-68	-5.626193145e-68	
2.813	1.418922564e-72	1.544336537e-70	1.835098205e-70	-2.342457975e-68	-2.549500255e-66	-3.029510232e-66	-6.444549563e-72	-7.014162444e-70	-8.334761627e-70	
2.814	1.988633918e-74	2.164402835e-72	2.57190817e-72	-3.282977874e-70	-3.573149664e-68	-4.245888365e-68	-9.03209955e-74	-9.830417601e-72	-1.168125033e-71	
2.815	2.636747794e-76	2.869801399e-74	3.410116428e-74	-4.352930214e-72	-4.737671629e-70	-5.629661989e-70	-1.197574292e-75	-1.303424008e-73	-1.548827603e-73	
2.816	3.307500675e-78	3.599839956e-76	4.277603801e-76	-5.460256629e-74	-5.942871042e-72	-7.061771653e-72	-1.502220951e-77	-1.6349974e-75	-1.942828341e-75	
2.817	3.925083434e-80	4.272008857e-78	5.076326045e-78	-6.479806037e-76	-7.052535124e-74	-8.380358966e-74	-1.782718478e-79	-1.940287195e-77	-2.305596911e-77	
2.818	4.406719887e-82	4.796215598e-80	5.699228388e-80	-7.274925644e-78	-7.91793278e-76	-9.408690321e-76	-2.001471078e-81	-2.178374629e-79	-2.588510519e-79	
2.819	4.680579212e-84	5.094280462e-82	6.053411744e-82	-7.727032035e-80	-8.409999391e-78	-9.993401318e-78	-2.125854186e-83	-2.313751558e-81	-2.749375689e-81	
2.82	4.703285635e-86	5.118993832e-84	6.082778051e-84	-7.764517408e-82	-8.450797975e-80	-1.00418813e-79	-2.136167129e-85	-2.324976028e-83	-2.762713459e-83	
2.821	4.471165146e-88	4.866356964e-86	5.782575698e-86	-7.381316445e-84	-8.03372712e-82	-9.546285969e-82	-2.03074122e-87	-2.210231865e-85	-2.626365712e-85	
2.822	4.021218472e-90	4.37664096e-88	5.200657872e-88	-6.638512574e-86	-7.225269217e-84	-8.585614762e-84	-1.826381679e-89	-1.987809646e-87	-2.362066703e-87	
2.823	3.421465994e-92	3.723878301e-90	4.424995602e-90	-5.648398658e-88	-6.147642337e-86	-7.30509649e-86	-1.553982419e-91	-1.691333896e-89	-2.009771654e-89	
2.824	2.754129697e-94	2.997558309e-92	3.561926911e-92	-4.546712583e-90	-4.948581794e-88	-5.880281499e-88	-1.250887525e-93	-1.361449425e-91	-1.61777782e-91	
2.825	2.097365644e-96	2.282745006e-94	2.712531344e-94	-3.462479916e-92	-3.768517311e-90	-4.478039071e-90	-9.525943973e-96	-1.036791133e-93	-1.23199413e-93	
2.826	1.511059315e-98	1.644616958e-96	1.954259033e-96	-2.494563858e-94	-2.715050284e-92	-3.226229376e-92	-6.863021915e-98	-7.469622213e-96	-8.875973587e-96	
2.827	1.029927078e-100	1.120959e-98	1.332008794e-98	-1.700276647e-96	-1.850558598e-94	-2.198974562e-94	-4.677786e-100	-5.091240367e-98	-6.049799272e-98	
2.828	6.641237965e-103	7.228235498e-101	8.589139522e-101	-1.096382652e-98	-1.193288367e-96	-1.417956053e-96	-3.016358209e-102	-3.28296435e-100	-3.90106809e-100	
2.829	4.051438106e-105	4.409531609e-103	5.239741045e-103	-6.688401288e-101	-7.279567434e-99	-8.650136035e-99	-1.840107018e-104	-2.002748123e-102	-2.379817738e-102	
2.83	2.338228644e-107	2.544897107e-105	3.024040422e-105	-3.860113635e-103	-4.201296588e-101	-4.992300344e-101	-1.061991033e-106	-1.155856983e-104	-1.373477234e-104	
2.831	1.276680854e-109	1.389522544e-107	1.651136436e-107	-2.107635276e-105	-2.293922338e-103	-2.7258131e-103	-5.79850744e-109	-6.311018749e-107	-7.499232776e-107	
2.832	6.594704133e-112	7.177588691e-110	8.528957131e-110	-1.088700517e-107	-1.184927233e-105	-1.408020717e-105	-2.995223188e-111	-3.259961272e-109	-3.873734083e-109	
2.833	3.222744587e-114	3.507592553e-112	4.167988416e-112	-5.32033527e-110	-5.790582488e-108	-6.880810803e-108	-1.463725911e-113	-1.593099908e-111	-1.893042553e-111	
2.834	1.489958118e-116	1.621650694e-114	1.92696877e-114	-2.459728504e-112	-2.677135947e-110	-3.181176675e-110	-6.7671832e-116	-7.365312625e-114	-8.752024996e-114	
2.835	6.516881662e-119	7.092887743e-117	8.428309019e-117	-1.075853032e-114	-1.1709442e-112	-1.391405013e-112	-2.9598773e-118	-3.221491276e-116	-3.828021106e-116	
2.836	2.696641478e-121	2.934988892e-119	3.487577169e-119	-4.451806957e-117	-4.845287853e-115	-5.757539745e-115	-1.224777173e-120	-1.333031283e-118	-1.584009214e-118	
2.837	1.055660309e-123	1.148967307e-121	1.365290178e-121	-1.742819164e-119	-1.899342674e-117	-2.256040048e-117	-4.794796635e-123	-5.2241047e-121	-6.205672042e-121	
2.838	3.913719885e-126	4.425308482e-124	5.198168685e-124	-2.311917983e-121	-7.10924156e-118	-5.950880721e-118	-5.477244267e-125	-1.582800227e-121	-1.326210693e-121	
2.839	1.066300938e-126	4.447550046e-123	3.7078179e-123	-4.357146848e-119	-1.840394547e-115	-1.534074904e-115	-9.677935512e-123	-4.087812247e-119	-3.407427106e-119	
2.84	2.603648393e-124	1.099748043e-120	9.167033141e-121	-1.077749693e-116	-4.552278718e-113	-3.794586411e-113	-2.393855307e-120	-1.011134277e-116	-8.428386367e-117	
2.841	6.092812665e-122	2.573527195e-118	2.145183089e-118	-2.52204873e-114	-1.065281562e-110	-8.879735159e-111	-5.601875628e-118	-2.366161584e-114	-1.972331913e-114	
2.842	1.348872785e-119	5.697468451e-116	4.749167988e-116	-5.583501546e-112	-2.358400604e-108	-1.965862689e-108	-1.240185444e-115	-5.238386835e-112	-4.366497029e-112	
2.843	2.825151622e-117	1.193308399e-113	9.94691256e-114	-1.169438558e-109	-4.939560919e-106	-4.117408423e-106	-2.597511016e-113	-1.097155879e-109	-9.145425947e-110	
2.844	5.597964377e-115	2.364509521e-111	1.970954824e-111	-2.317212054e-107	-9.787611343e-104	-8.15853758e-104	-5.146900444e-111	-2.173985807e-107	-1.812142338e-107	
2.845	1.049388019e-112	4.432482587e-109	3.694729438e-109	-4.343819293e-105	-1.834774462e-101	-1.529390152e-101	-9.648320883e-109	-4.075329004e-105	-3.397021364e-105	
2.846	1.861056995e-110	7.860869932e-107	6.552487681e-107	-7.70362834e-103	-3.253915411e-99	-2.712325841e-99	-1.711099684e-106	-7.227469168e-103	-6.024511676e-103	
2.847	3.122488498e-108	1.318899744e-104	1.099378873e-104	-1.29251769e-100	-5.45943164e-97	-4.550750601e-97	-2.87088955e-104	-1.212627523e-100	-1.010794858e-100	
2.848	4.956323237e-106	2.093488399e-102	1.745043114e-102	-2.051612188e-98	-8.665751023e-95	-7.223402412e-95	-4.55696045e-102	-1.924802597e-98	-1.604433786e-98	
2.849	7.442793987e-104	3.143742272e-100	2.620490186e-100	-3.080857751e-96	-1.301315441e-92	-1.084721344e-92	-6.843080286e-100	-2.890430771e-96	-2.409340466e-96	
2.85	1.057377282e-101	4.466228228e-98	3.722858373e-98	-4.376889917e-94	-1.848743076e-90	-1.541033796e-90	-9.721776055e-98	-4.106355542e-94	-3.42288377e-94	
2.851	1.421155349e-99	6.002780881e-96	5.003663477e-96	-5.882706789e-92	-2.484781123e-88	-2.071208129e-88	-1.306643737e-95	-5.519098283e-92	-4.600486183e-92	
2.852	1.807052349e-97	7.632761118e-94	6.362345852e-94	-7.480082404e-90	-3.159492428e-86	-2.633618848e-86	-1.661446538e-93	-7.017740546e-90	-5.849690795e-90	
2.853	2.173789642e-95	9.181813172e-92	7.653569926e-92	-8.998148649e-88	-3.800704456e-84	-3.168105992e-84	-1.998633453e-91	-8.441975529e-88	-7.036872654e-88	
2.854	2.473898615e-93	1.044943561e-89	8.710206209e-90	-1.024041473e-85	-4.325421976e-82	-3.605488255e-82	-2.274560719e-89	-9.607457486e-86	-8.008368968e-86	
2.855	2.663568567e-91	1.125057755e-87	9.378004147e-88	-1.102553138e-83	-4.65704534e-80	-3.881915422e-80	-2.448947745e-87	-1.034404628e-83	-8.622358138e-84	
2.856	2.713085411e-89	1.145973045e-85	9.552345132e-86	-1.123050057e-81	-4.743621743e-78	-3.954081839e-78	-2.494474699e-85	-1.053634639e-81	-8.782651351e-82	
2.857	2.614451876e-87	1.104311485e-83	9.205072038e-84	-1.082221856e-79	-4.571168573e-76	-3.810332193e-76	-2.403788701e-83	-1.015330018e-79	-8.463360279e-80	
2.858	2.383501555e-85	1.006760983e-81	8.391932444e-82	-9.866226652e-78	-4.167369652e-74	-3.473742543e-74	-2.191447531e-81	-9.256397867e-78	-7.715740563e-78	
2.859	2.055738306e-83	8.683179222e-80	7.23792982e-80	-8.509488913e-76	-3.59430075e-72	-2.996056618e-72	-1.890094271e-79	-7.983519719e-76	-6.65472334e-76	
2.86	1.677404556e-81	7.085145202e-78	5.905876456e-78	-6.943420492e-74	-2.932813208e-70	-2.444668667e-70	-1.542245301e-77	-6.51424956e-74	-5.430002069e-74	
2.861	1.294867736e-79	5.469357937e-76	4.559024741e-76	-5.359953945e-72	-2.263976918e-68	-1.88715511e-68	-1.190531928e-75	-5.02865665e-72	-4.191674845e-72	
2.862	9.456503817e-78	3.994307896e-74	3.329485605e-74	-3.914409445e-70	-1.65339716e-66	-1.378201728e-66	-8.694532586e-74	-3.672460862e-70	-3.061207572e-70	
2.863	6.533612839e-76	2.759715626e-72	2.300381866e-72	-2.70451282e-68	-1.142352091e-64	-9.522162395e-65	-6.007157701e-72	-2.537347618e-68	-2.115025329e-68	
2.864	4.270648138e-74	1.803867889e-70	1.503627744e-70	-1.76778498e-66	-7.466900706e-63	-6.224091648e-63	-3.926534597e-70	-1.658518671e-66	-1.382470802e-66	
2.865	2.640898971e-72	1.115482404e-68	9.298188083e-69	-1.093169323e-64	-4.617409291e-61	-3.848876493e-61	-2.428104784e-68	-1.025600825e-64	-8.548973367e-65	
2.866	1.544996091e-70	6.525868551e-67	5.439687167e-67	-6.395331095e-63	-2.701307162e-59	-2.251695049e-59	-1.420505836e-66	-6.000037421e-63	-5.001376645e-63	
2.867	8.551072407e-69	3.611865093e-65	3.01069751e-65	-3.539616675e-61	-1.495089423e-57	-1.246243114e-57	-7.862057598e-65	-3.320833931e-61	-2.76810628e-61	
2.868	4.477456591e-67	1.89122117e-63	1.576441733e-63	-1.853390926e-59	-7.828489423e-56	-6.525496662e-56	-4.116679164e-63	-1.738833337e-59	-1.449417701e-59	
2.869	2.21799103e-65	9.368514259e-62	7.809196031e-62	-9.18111514e-58	-3.877987193e-54	-3.232525602e-54	-2.039273251e-61	-8.613632911e-58	-7.179958965e-58	
2.87	1.039455229e-63	4.390527734e-60	3.659757652e-60	-4.302703666e-56	-1.81740774e-52	-1.514913989e-52	-9.556996466e-60	-4.036754723e-56	-3.36486748e-56	
2.871	4.608603996e-62	1.94661618e-58	1.622616663e-58	-1.907677865e-54	-8.057790602e-51	-6.716632397e-51	-4.237259181e-58	-1.789764815e-54	-1.49187202e-54	
2.872	1.933083426e-60	8.165100488e-57	6.806081366e-57	-8.001773348e-53	-3.379848101e-49	-2.817297988e-49	-1.777322482e-56	-7.507185915e-53	-6.257671689e-53	
2.873	7.670954448e-59	3.240114371e-55	2.70082188e-55	-3.175302112e-51	-1.341207548e-47	-1.117973712e-47	-7.052856394e-55	-2.979037552e-51	-2.483199319e-51	
2.874	2.879823104e-57	1.216400943e-53	1.013940221e-53	-1.192069181e-49	-5.035149811e-46	-4.197087268e-46	-2.647777265e-53	-1.118387709e-49	-9.322405469e-50	
2.875	1.022821434e-55	4.320268685e-52	3.601192691e-52	-4.233850015e-48	-1.788324826e-44	-1.490671706e-44	-9.40406144e-52	-3.972156898e-48	-3.311021473e-48	
2.876	3.436777614e-54	1.451651501e-50	1.210035106e-50	-1.422614003e-46	-6.008942053e-43	-5.008799169e-43	-3.159854375e-50	-1.334682619e-46	-1.112534808e-46	
2.877	1.092497979e-52	4.61457362e-49	3.846512799e-49	-4.522267946e-45	-1.910148921e-41	-1.592219103e-41	-1.004468402e-48	-4.242747794e-45	-3.536574565e-45	
2.878	3.285545268e-51	1.387772866e-47	1.156788586e-47	-1.360013138e-43	-5.744523896e-40	-4.78839141e-40	-3.02080779e-47	-1.275951096e-43	-1.063578702e-43	
2.879	9.347852894e-50	3.948415117e-46	3.291231332e-46	-3.869434662e-42	-1.634400379e-38	-1.362366817e-38	-8.594636365e-46	-3.630265959e-42	-3.026035691e-42	
2.88	2.516134686e-48	1.062783544e-44	8.858912744e-45	-1.041524602e-40	-4.399268508e-37	-3.667043591e-37	-2.313393558e-44	-9.771482501e-41	-8.145093262e-41	
2.881	6.407277022e-47	2.706352971e-43	2.255901021e-43	-2.652217582e-39	-1.120263243e-35	-9.338039124e-36	-5.891001572e-43	-2.488284735e-39	-2.074128591e-39	
2.882	1.543585603e-45	6.519910826e-42	5.434721061e-42	-6.389492543e-38	-2.698841032e-34	-2.249639387e-34	-1.419209e-41	-5.994559748e-38	-4.996810689e-38	
2.883	3.518078602e-44	1.485992013e-40	1.238659899e-40	-1.456267599e-36	-6.151090595e-33	-5.127288162e-33	-3.23460442e-40	-1.366256095e-36	-1.138853118e-36	
2.884	7.585740097e-43	3.204120905e-39	2.670819253e-39	-3.140028625e-35	-1.326308472e-31	-1.105554475e-31	-6.974508311e-39	-2.94594431e-35	-2.455614197e-35	
2.885	1.547419198e-41	6.536103447e-38	5.448218542e-38	-6.405361262e-34	-2.705543778e-30	-2.255226512e-30	-1.422733697e-37	-6.009447625e-34	-5.009220592e-34	
2.886	2.986314916e-40	1.261381741e-36	1.051434306e-36	-1.236150224e-32	-5.221342577e-29	-4.352289659e-29	-2.745688349e-36	-1.159744115e-32	-9.667134926e-33	
2.887	5.452313607e-39	2.302988474e-35	1.919673488e-35	-2.256921616e-31	-9.532952143e-28	-7.946264475e-28	-5.012985691e-35	-2.117421905e-31	-1.76499307e-31	
2.888	9.417674006e-38	3.977906674e-34	3.315814242e-34	-3.898336297e-30	-1.646608065e-26	-1.372542627e-26	-8.658831542e-34	-3.657381192e-30	-3.048637799e-30	
2.889	1.538948476e-36	6.500324189e-33	5.418394471e-33	-6.370297699e-29	-2.690733372e-25	-2.242881185e-25	-1.414945516e-32	-5.976551332e-29	-4.981799637e-29	
2.89	2.379151555e-35	1.004923598e-31	8.37661678e-32	-9.848220333e-28	-4.15976401e-24	-3.467402803e-24	-2.187448038e-31	-9.239504514e-28	-7.701658981e-28	
2.891	3.479667424e-34	1.469767615e-30	1.22513593e-30	-1.44036774e-26	-6.083931595e-23	-5.07130727e-23	-3.199288277e-30	-1.351339002e-26	-1.126418862e-26	
2.892	4.814719247e-33	2.033676661e-29	1.695186587e-29	-1.992996869e-25	-8.418167309e-22	-7.017027132e-22	-4.426766403e-29	-1.869810274e-25	-1.558594519e-25	
2.893	6.302629818e-32	2.662151312e-28	2.219056393e-28	-2.608900093e-24	-1.101966482e-20	-9.185525086e-21	-5.794786465e-28	-2.447644688e-24	-2.040252771e-24	
2.894	7.805311374e-31	3.296865042e-27	2.748126831e-27	-3.230917594e-23	-1.364698826e-19	-1.137555045e-19	-7.17638732e-27	-3.031215457e-23	-2.526692607e-23	
2.895	9.144843282e-30	3.862666419e-26	3.219754855e-26	-3.785401202e-22	-1.598905706e-18	-1.332779963e-18	-8.407984541e-26	-3.551426584e-22	-2.960318532e-22	
2.896	1.013631044e-28	4.281449635e-25	3.568834777e-25	-4.195807465e-21	-1.772256133e-17	-1.477277525e-17	-9.319562822e-25	-3.936465747e-21	-3.281270844e-21	
2.897	1.062921373e-27	4.489645766e-24	3.74237824e-24	-4.399839033e-20	-1.858436493e-16	-1.549113817e-16	-9.772749731e-24	-4.12788618e-20	-3.440830796e-20	
2.898	1.05448396e-26	4.454007199e-23	3.712671442e-23	-4.364913347e-19	-1.843684324e-15	-1.536817035e-15	-9.695174167e-23	-4.095119241e-19	-3.413517665e-19	
2.899	9.896836998e-26	4.180299076e-22	3.484519962e-22	-4.096680229e-18	-1.730386039e-14	-1.442376391e-14	-9.099385295e-22	-3.843465538e-18	-3.203749815e-18	
2.9	8.787603602e-25	3.711772885e-21	3.093976406e-21	-3.637526003e-17	-1.536445088e-13	-1.280715442e-13	-8.079529955e-21	-3.412691511e-17	-2.844674861e-17	
2.901	7.381797039e-24	3.11797793e-20	2.599014124e-20	-3.055608775e-16	-1.290650593e-12	-1.075831579e-12	-6.786998254e-20	-2.866742428e-16	-2.389594868e-16	
2.902	5.866395562e-23	2.477891467e-19	2.065465203e-19	-2.428326011e-15	-1.025694268e-11	-8.549752271e-12	-5.393702404e-19	-2.278231841e-15	-1.89903741e-15	
2.903	4.410605228e-22	1.862983998e-18	1.552904425e-18	-1.825718584e-14	-7.711604943e-11	-6.428066719e-11	-4.055214445e-18	-1.712871415e-14	-1.427776944e-14	
2.904	3.137203087e-21	1.325115001e-17	1.104559647e-17	-1.298608622e-13	-5.485158971e-10	-4.572195813e-10	-2.884418491e-17	-1.218341977e-13	-1.015558184e-13	
2.905	2.111079949e-20	8.91693534e-17	7.432779003e-17	-8.73856919e-13	-3.691061368e-09	-3.076712165e-09	-1.940976682e-16	-8.198440606e-13	-6.833872274e-13	
2.906	1.343953768e-19	5.676691143e-16	4.731848905e-16	-5.563139848e-12	-2.34980008e-08	-1.958693657e-08	-1.235662783e-15	-5.219283688e-12	-4.350573456e-12	
2.907	8.094342533e-19	3.418948156e-15	2.849890136e-15	-3.350558671e-11	-1.415233707e-07	-1.179678778e-07	-7.442129382e-15	-3.143461551e-11	-2.620256189e-11	
2.908	4.612075728e-18	1.948082595e-14	1.623839005e-14	-1.909114948e-10	-8.063860658e-07	-6.721692139e-07	-4.240451173e-14	-1.791113072e-10	-1.49299587e-10	
2.909	2.486158895e-17	1.050122148e-13	8.753372719e-14	-1.029116473e-09	-4.346858136e-06	-3.623356529e-06	-2.285833109e-13	-9.655070641e-10	-8.048057275e-10	
2.91	1.267882289e-16	5.355374814e-13	4.464013245e-13	-5.248250835e-09	-2.216794933e-05	-1.84782621e-05	-1.165720872e-12	-4.923857879e-09	-4.104319035e-09	
2.911	6.11711422e-16	2.583791864e-12	2.153739282e-12	-2.532108075e-08	-0.0001069530502	-8.915152523e-05	-5.62421905e-12	-2.375599164e-08	-1.980198679e-08	
2.912	2.792105639e-15	1.179350193e-11	9.830562873e-12	-1.155759559e-07	-0.0004881782551	-0.0004069246827	-2.56712776e-11	-1.084322375e-07	-9.038451301e-08	
2.913	1.205687346e-14	5.092671223e-11	4.245034678e-11	-4.990802125e-07	-0.002108051847	-0.001757182586	-1.108537375e-10	-4.682322004e-07	-3.902984977e-07	
2.914	4.92555487e-14	2.080492229e-10	1.734210058e-10	-2.038875982e-06	-0.008611954893	-0.007178560241	-4.528671288e-10	-1.912853612e-06	-1.594473619e-06	
2.915	1.903676817e-13	8.040890681e-10	6.702545341e-10	-7.88004812e-06	-0.033284329	-0.02774440458	-1.750285353e-09	-7.39298449e-06	-6.162478226e-06	
2.916	6.96063534e-13	2.940084542e-09	2.450729743e-09	-2.881273803e-05	-0.12170137	-0.1014450989	-6.399772258e-09	-2.703183053e-05	-2.253258712e-05	
2.917	2.407809615e-12	1.017028401e-08	8.477517283e-09	-9.966847032e-05	-0.420987043	-0.3509169389	-2.213796935e-08	-9.350798927e-05	-7.794429282e-05	
2.918	7.879760326e-12	3.328311339e-08	2.77433913e-08	-0.000326173487	-1.377715654	-1.14840532	-7.244837443e-08	-0.0003060127924	-0.0002550792813	
2.919	2.439616e-11	1.030463016e-07	8.589502535e-08	-0.001009850585	-4.265481452	-3.555524378	-2.243040475e-07	-0.0009474319947	-0.0007897391164	
2.92	7.145745416e-11	3.0182727e-07	2.515904074e-07	-0.002957897962	-12.49378776	-10.41429143	-6.569966832e-07	-0.002775071088	-0.002313181528	
2.921	1.980118619e-10	8.363771184e-07	6.971684831e-07	-0.008196470061	-34.62085519	-28.85847611	-1.820567752e-06	-0.007689848439	-0.006409931421	
2.922	5.191017318e-10	2.192620204e-06	1.827675181e-06	-0.02148761077	-90.76095568	-75.65448218	-4.772743747e-06	-0.02015946716	-0.01680407658	
2.923	1.287452905e-09	5.438038547e-06	4.532918228e-06	-0.05329261189	-225.1012624	-187.6348626	-1.183714573e-05	-0.04999860868	-0.04167671906	
2.924	3.020840757e-09	1.275964976e-05	1.063590272e-05	-0.1250441832	-528.1708184	-440.2607876	-2.777432303e-05	-0.1173152287	-0.09778899774	
2.925	6.705666133e-09	2.832388531e-05	2.360958922e-05	-0.2775732475	-1172.434198	-977.291411	-6.165347987e-05	-0.2604164812	-0.2170721315	
2.926	1.408230196e-08	5.9481855e-05	4.958155109e-05	-0.5829205616	-2462.182027	-2052.3705	-0.0001294760259	-0.5468902056	-0.4558644779	
2.927	2.797841126e-08	0.0001181772246	9.850752197e-05	-1.158134161	-4891.808474	-4077.6041	-0.0002572402097	-1.086549293	-0.9057014137	
2.928	5.258843106e-08	0.0002221266566	0.0001851553625	-2.176838811	-9194.674354	-7664.290855	-0.000483510875	-2.042284967	-1.702362191	
2.929	9.35137278e-08	0.0003949891787	0.000329246244	-3.870900267	-16350.11846	-13628.76675	-0.0008597891047	-3.631624108	-3.027168147	
2.93	1.573182278e-07	0.0006644883509	0.0005538893855	-6.51203854	-27505.72873	-22927.61508	-0.001446428173	-6.109464417	-5.092591775	
2.931	2.503816426e-07	0.001057565503	0.0008815420621	-10.36438345	-43776.72249	-36490.44312	-0.002302095181	-9.723513492	-8.10511368	
2.932	3.770063049e-07	0.001592374029	0.001327336587	-15.60618785	-65914.57929	-54943.6836	-0.003466381698	-14.6406867	-12.20387427	
2.933	5.370618734e-07	0.002268303755	0.001890765643	-22.23256416	-93894.16981	-78266.48728	-0.004938198204	-20.85540144	-17.38424143	
2.934	7.23845414e-07	0.003056867555	0.002548087369	-29.96754064	-126536.678	-105476.5288	-0.00665623547	-28.10582082	-23.42802153	
2.935	9.231053838e-07	0.003897387584	0.003248733746	-38.22528841	-161331.4484	-134481.819	-0.008490339928	-35.83427995	-29.87054074	
2.936	1.114116047e-06	0.004701078481	0.003918724068	-46.15847034	-194605.9825	-162223.1501	-0.01025222287	-43.22503732	-36.03227573	
2.937	1.273192443e-06	0.005364891742	0.004472226819	-52.81227531	-222101.1632	-185155.2177	-0.01172960818	-49.33202485	-41.12569888	
2.938	1.37922736e-06	0.005792868872	0.004829402965	-57.3709383	-239859.5118	-199990.3595	-0.01274085498	-53.27611031	-44.42043524	
2.939	1.420052722e-06	0.005919235364	0.00493573819	-59.45321608	-245189.2442	-204508.3254	-0.01320033978	-54.45916736	-45.42305182	
2.94	1.398074614e-06	0.005725863243	0.004776736716	-59.39962383	-237400.7248	-198180.5169	-0.01318184057	-52.72754885	-44.01558811	
2.941	1.33389889e-06	0.005248134739	0.004383014425	-58.50299086	-218069.4799	-182404.675	-0.01296912691	-48.43035004	-40.50750009	
2.942	1.26737126e-06	0.004567263713	0.00382416072	-59.15431347	-190744.2748	-160281.2815	-0.01308756433	-42.35436805	-35.58576047	
2.943	1.256102544e-06	0.003791965461	0.003193722279	-64.88475884	-160214.3415	-136022.5349	-0.01431265022	-35.56114128	-30.18334751	
2.944	1.371635845e-06	0.003035745266	0.002590413516	-80.26254981	-131583.2701	-114191.0489	-0.01764668239	-29.1811379	-25.3100207	
2.945	1.692839732e-06	0.002396559399	0.002100998375	-110.555042	-109410.8502	-98972.15512	-0.02424419741	-24.22327013	-21.89083483	
2.946	2.295402132e-06	0.001943340038	0.001788386401	-161.0306874	-97088.92906	-93603.12539	-0.03525895271	-21.43677357	-20.63996207	
2.947	3.236404415e-06	0.001710401461	0.001685675308	-235.8132723	-96481.95873	-99976.16713	-0.05159334177	-21.23235219	-21.97366957	
2.948	4.534654491e-06	0.001697974586	0.001794779316	-336.3558702	-107769.5928	-118370.5338	-0.07356491923	-23.64859963	-25.95244318	
2.949	6.150637865e-06	0.001876232727	0.002087856649	-459.8555094	-129422.8359	-147287.6129	-0.1005600925	-28.34816898	-32.24608344	
2.95	7.973234501e-06	0.00219106627	0.002510778017	-598.1763717	-158310.199	-183438.2442	-0.1307990063	-34.64237536	-40.13209247	
2.951	9.821530656e-06	0.002571401809	0.002989234794	-737.9276337	-190001.3836	-221996.4034	-0.1613528108	-41.55864343	-48.55201474	
2.952	1.146727771e-05	0.002938702024	0.003438513169	-862.1200552	-219343.8235	-257219.3429	-0.1885060163	-47.9671545	-56.24751973	
2.953	1.267675613e-05	0.00321873635	0.003776893363	-953.3044738	-241304.3553	-283419.0234	-0.2084427754	-52.76506475	-61.97296184	
2.954	1.326239734e-05	0.003354128058	0.003940575028	-997.45859	-251929.8663	-296098.8346	-0.2180967199	-55.08648103	-64.74386689	
2.955	1.312854678e-05	0.003314678335	0.003896260065	-987.4394269	-249167.5569	-292936.4722	-0.2159058036	-54.48162758	-64.05168565	
2.956	1.229576913e-05	0.003102192017	0.003647301719	-924.822562	-233274.7851	-274285.5191	-0.2022144079	-51.00626076	-59.97330001	
2.957	1.089491234e-05	0.002747920729	0.003231083898	-819.4646834	-206664.8805	-243010.1111	-0.1791776548	-45.1877941	-53.13473754	
2.958	9.1330161e-06	0.002303235652	0.002708319157	-686.9455778	-173231.8649	-203701.8806	-0.1502020664	-37.87753591	-44.5398617	
2.959	7.243098045e-06	0.001826520672	0.00214779816	-544.7950538	-137380.6093	-161546.2096	-0.1191205577	-30.03856311	-35.32241925	
2.96	5.434417245e-06	0.001370386413	0.001611443434	-408.7540435	-103073.91	-121205.3575	-0.08937491016	-22.53732527	-26.50180283	
2.961	3.857443449e-06	0.0009727143316	0.001143822598	-290.1407794	-73163.26634	-86033.36069	-0.06343987628	-15.99729921	-18.81137154	
2.962	2.590382605e-06	0.0006532024839	0.0007681070536	-194.8377801	-49131.09869	-57773.75435	-0.04260167999	-10.74261573	-12.63235005	
2.963	1.645682044e-06	0.000414981813	0.0004879813574	-123.7813487	-31213.18489	-36703.91007	-0.02706504559	-6.824826928	-8.025385226	
2.964	9.891122386e-07	0.0002494183362	0.0002932936412	-74.39690436	-18760.20403	-22060.32269	-0.01626703561	-4.101957079	-4.823534784	
2.965	5.62422691e-07	0.0001418226172	0.0001667707219	-42.30309353	-10667.30573	-12543.79853	-0.009249658096	-2.332428265	-2.742727259	
2.966	3.025503773e-07	7.629222849e-05	8.971284561e-05	-22.75658	-5738.383593	-6747.826598	-0.004975772853	-1.254709334	-1.475426115	
2.967	1.539749839e-07	3.882690237e-05	4.565696966e-05	-11.58135737	-2920.397925	-3434.127167	-0.002532287524	-0.6385509915	-0.7508789431	
2.968	7.413447865e-08	1.869402432e-05	2.198250326e-05	-5.576086907	-1406.086686	-1653.432386	-0.00121922283	-0.3074437356	-0.3615263797	
2.969	3.376819989e-08	8.515114086e-06	1.001301381e-05	-2.53990344	-640.4714363	-753.1372192	-0.0005553550923	-0.1400403921	-0.1646749964	
2.97	1.45516816e-08	3.669405797e-06	4.314893565e-06	-1.094516921	-275.9974302	-324.5483335	-0.0002393183678	-0.06034740375	-0.07096315824	
2.971	5.932476936e-09	1.4959553e-06	1.759109856e-06	-0.4462162221	-112.5195309	-132.3129213	-9.756609141e-05	-0.02460262603	-0.02893049139	
2.972	2.28810808e-09	5.769777858e-07	6.784743566e-07	-0.1721019659	-43.39786745	-51.03201704	-3.763044753e-05	-0.009489032657	-0.01115825511	
2.973	8.349002906e-10	2.105315414e-07	2.475662939e-07	-0.06279772471	-15.83530623	-18.62090617	-1.37308512e-05	-0.003462422161	-0.004071499295	
2.974	2.882108266e-10	7.267630667e-08	8.546084724e-08	-0.02167801874	-5.466409283	-6.428009211	-4.739943225e-06	-0.001195241592	-0.001405497387	
2.975	9.412469265e-11	2.373483019e-08	2.791004097e-08	-0.007079667601	-1.785235134	-2.099277111	-1.54798383e-06	-0.0003903453207	-0.0004590112425	
2.976	2.908134258e-11	7.333258769e-09	8.623257512e-09	-0.002187377542	-0.551577201	-0.648605537	-4.782745823e-07	-0.0001206034854	-0.0001418189299	
2.977	8.500469923e-12	2.143509896e-09	2.520576239e-09	-0.0006393699657	-0.1612258923	-0.1895872532	-1.397995533e-07	-3.525237177e-05	-4.145364145e-05	
2.978	2.350655679e-12	5.927500192e-10	6.970210948e-10	-0.0001768065359	-0.04458418921	-0.05242702551	-3.865911142e-08	-9.74842434e-06	-1.146327657e-05	
2.979	6.149682638e-13	1.55072669e-10	1.823516121e-10	-4.625535309e-05	-0.0116639207	-0.01371572925	-1.011382775e-08	-2.550340164e-06	-2.998972309e-06	
2.98	1.522067772e-13	3.838102318e-11	4.513265615e-11	-1.144836025e-05	-0.002886860809	-0.003394690538	-2.50320743e-09	-6.312180321e-07	-7.422560431e-07	
2.981	3.563960468e-14	8.987014366e-12	1.056792643e-11	-2.68066272e-06	-0.0006759658135	-0.0007948754385	-5.861323973e-10	-1.478013104e-07	-1.738011436e-07	
2.982	7.894949695e-15	1.990819678e-12	2.341026178e-12	-5.938252545e-07	-0.0001497411697	-0.0001760822449	-1.298411089e-10	-3.274121363e-08	-3.850074371e-08	
2.983	1.654563568e-15	4.172208611e-13	4.906144782e-13	-1.244493847e-07	-3.138161655e-05	-3.690197894e-05	-2.721111301e-11	-6.861654772e-09	-8.068693322e-09	
2.984	3.280463038e-16	8.272136774e-14	9.727294212e-14	-2.467427753e-08	-6.221956966e-06	-7.316465822e-06	-5.395081348e-12	-1.360443642e-09	-1.599760246e-09	
2.985	6.153248316e-17	1.551625825e-14	1.824573423e-14	-4.628217264e-09	-1.167068361e-06	-1.372368183e-06	-1.01196919e-12	-2.55181889e-10	-3.000711158e-10	
2.986	1.091921294e-17	2.75342907e-15	3.237786728e-15	-8.21297748e-10	-2.071014739e-07	-2.435328409e-07	-1.795784357e-13	-4.52831617e-11	-5.324895475e-11	
2.987	1.833140831e-18	4.622515633e-16	5.435665632e-16	-1.378812231e-10	-3.476863854e-08	-4.088481437e-08	-3.0148012e-14	-7.602234071e-12	-8.93954845e-12	
2.988	2.911507595e-19	7.341765101e-17	8.633260199e-17	-2.189914826e-11	-5.522170119e-09	-6.493578975e-09	-4.788293647e-15	-1.207433813e-12	-1.419834351e-12	
2.989	4.374794175e-20	1.103164259e-17	1.297222665e-17	-3.290538085e-12	-8.297542383e-10	-9.75716894e-10	-7.194828957e-16	-1.814274647e-13	-2.133424985e-13	
2.99	6.218919344e-21	1.568185674e-18	1.844046326e-18	-4.677612278e-13	-1.179523991e-10	-1.387014891e-10	-1.022769511e-16	-2.579053378e-14	-3.032736484e-14	
2.991	8.36353396e-22	2.108979617e-19	2.479971715e-19	-6.290702125e-14	-1.586286685e-11	-1.865331499e-11	-1.375474912e-17	-3.468448346e-15	-4.078585551e-15	
2.992	1.064099714e-22	2.683273145e-20	3.155289624e-20	-8.00371513e-15	-2.018246372e-12	-2.373277521e-12	-1.750028716e-18	-4.412937054e-16	-5.189219937e-16	
2.993	1.280832766e-23	3.229795216e-21	3.79795078e-21	-9.633890941e-16	-2.429317526e-13	-2.856660493e-13	-2.106469998e-19	-5.311752557e-17	-6.246146711e-17	
2.994	1.458546009e-24	3.677923495e-22	4.324909621e-22	-1.097057598e-16	-2.766380965e-14	-3.253016999e-14	-2.398738922e-20	-6.048748672e-18	-7.112788335e-18	
2.995	1.571322896e-25	3.962305858e-23	4.659317888e-23	-1.181883679e-17	-2.980281542e-15	-3.504544978e-15	-2.584212884e-21	-6.516446668e-19	-7.662759416e-19	
2.996	1.601505172e-26	4.038414599e-24	4.748814971e-24	-1.20458553e-18	-3.037527369e-16	-3.571860959e-16	-2.633850948e-22	-6.641615842e-20	-7.809947188e-20	
2.997	1.544218864e-27	3.89395933e-25	4.578948473e-25	-1.161497154e-19	-2.928874128e-17	-3.444094449e-17	-2.53963733e-23	-6.404043303e-21	-7.530583096e-21	
2.998	1.40866253e-28	3.552135471e-26	4.176994137e-26	-1.059537322e-20	-2.671768449e-18	-3.141761129e-18	-2.316700068e-24	-5.841876467e-22	-6.869525094e-22	
2.999	1.215689521e-29	3.065527603e-27	3.604786734e-27	-9.143910565e-22	-2.305762265e-19	-2.711370538e-19	-1.999334784e-25	-5.041596445e-23	-5.928467246e-23	
3	9.925582076e-31	2.502871441e-28	2.943153328e-28	-7.4656097e-23	-1.882555719e-20	-2.213717429e-20	-1.632370861e-26	-4.116246661e-24	-4.840338526e-24	
3.001	7.666672257e-32	1.933256396e-29	2.273336898e-29	-5.766551758e-24	-1.454114992e-21	-1.709909391e-21	-1.26086836e-27	-3.179452231e-25	-3.738751925e-25	
3.002	5.602416757e-33	1.412726104e-30	1.661239754e-30	-4.213904692e-25	-1.062593773e-22	-1.249515396e-22	-9.213788968e-29	-2.323383061e-26	-2.732091021e-26	
3.003	3.873125128e-34	9.766615393e-32	1.148466762e-31	-2.913203508e-26	-7.346041578e-24	-8.638288954e-24	-6.369779174e-30	-1.606227046e-27	-1.888779583e-27	
3.004	2.5331753e-35	6.387748409e-33	7.511421756e-33	-1.905349021e-27	-4.804598477e-25	-5.649778796e-25	-4.166084682e-31	-1.050535303e-28	-1.235335712e-28	
3.005	1.567424255e-36	3.952474918e-34	4.647757574e-34	-1.178951296e-28	-2.972887973e-26	-3.495850508e-26	-2.577801167e-32	-6.500280287e-30	-7.643748617e-30	
3.006	9.175410684e-38	2.31370935e-35	2.720714227e-35	-6.90139103e-30	-1.740462783e-27	-2.046564524e-27	-1.50900264e-33	-3.805515569e-31	-4.474820122e-31	
3.007	5.081514075e-39	1.282179111e-36	1.5074443e-36	-3.828101825e-31	-1.003028768e-28	-1.166184261e-28	-8.368876048e-35	-2.184468665e-32	-2.542621676e-32	
3.008	2.687754961e-40	8.352855244e-38	9.267267299e-38	-3.194365916e-32	-8.180181027e-29	-7.021242082e-29	-6.721187719e-36	-1.619023434e-32	-1.393189347e-32	
3.009	6.028812088e-41	3.065762231e-37	2.578623507e-37	-2.214490486e-31	-1.419879842e-27	-1.189134214e-27	-4.354913928e-35	-2.790918731e-31	-2.337383367e-31	
3.01	8.246579643e-40	5.306556183e-36	4.443920369e-36	-3.857707313e-30	-2.484141828e-26	-2.080294449e-26	-7.582577441e-34	-4.88273778e-30	-4.088950318e-30	
3.011	1.364166793e-38	8.784535086e-35	7.356430484e-35	-6.386204186e-29	-4.112396063e-25	-3.443842447e-25	-1.255248736e-32	-8.083173967e-29	-6.769089648e-29	
3.012	2.136500284e-37	1.375799352e-33	1.152135187e-33	-1.000182241e-27	-6.440673548e-24	-5.393611073e-24	-1.965921309e-31	-1.265955028e-27	-1.060148292e-27	
3.013	3.165606337e-36	2.038492203e-32	1.707093837e-32	-1.481948438e-26	-9.543006975e-23	-7.991597107e-23	-2.91286317e-30	-1.87573824e-26	-1.570798841e-26	
3.014	4.437398806e-35	2.857462964e-31	2.392924245e-31	-2.077325961e-25	-1.337694054e-21	-1.12022468e-21	-4.083115263e-29	-2.629322076e-25	-2.201872298e-25	
3.015	5.884609098e-34	3.789394033e-30	3.173350965e-30	-2.754823667e-24	-1.773968703e-20	-1.485574011e-20	-5.414779756e-28	-3.486847428e-24	-2.919989463e-24	
3.016	7.382855645e-33	4.754189898e-29	3.98129964e-29	-3.45621351e-23	-2.225628692e-19	-1.863807484e-19	-6.793405751e-27	-4.374613638e-23	-3.663431221e-23	
3.017	8.762917766e-32	5.642880902e-28	4.725515847e-28	-4.102276439e-22	-2.641660916e-18	-2.212205208e-18	-8.063283208e-26	-5.192351227e-22	-4.348228934e-22	
3.018	9.839900269e-31	6.336403785e-27	5.306292481e-27	-4.606455534e-21	-2.966327044e-17	-2.484090255e-17	-9.054279034e-25	-5.83050299e-21	-4.882636149e-21	
3.019	1.045322404e-29	6.731353627e-26	5.637035194e-26	-4.893577212e-20	-3.151219049e-16	-2.638924304e-16	-9.61863481e-24	-6.193919893e-20	-5.186972243e-20	
3.02	1.05057587e-28	6.765183323e-25	5.665365185e-25	-4.918170813e-19	-3.167056099e-15	-2.652186719e-15	-9.666975085e-23	-6.225048613e-19	-5.213040357e-19	
3.021	9.989003975e-28	6.432419117e-24	5.386698568e-24	-4.676257013e-18	-3.011275707e-14	-2.521731598e-14	-9.191478245e-22	-5.918852423e-18	-4.956622585e-18	
3.022	8.985340752e-27	5.786110184e-23	4.845460297e-23	-4.206401641e-17	-2.708712339e-13	-2.268356059e-13	-8.267947861e-21	-5.324145031e-17	-4.458596975e-17	
3.023	7.646532143e-26	4.923984379e-22	4.123490575e-22	-3.579651149e-16	-2.30511636e-12	-1.930372815e-12	-7.036030221e-20	-4.530851666e-16	-3.79426958e-16	
3.024	6.156191014e-25	3.964279208e-21	3.319804998e-21	-2.881962153e-15	-1.85583953e-11	-1.554135071e-11	-5.664678472e-19	-3.647769706e-15	-3.054750553e-15	
3.025	4.688967861e-24	3.019460857e-20	2.528586086e-20	-2.195095617e-14	-1.413531824e-10	-1.183733478e-10	-4.314598953e-18	-2.778385999e-14	-2.326702848e-14	
3.026	3.378780871e-23	2.175765944e-19	1.82205094e-19	-1.581744064e-13	-1.018564091e-09	-8.529757827e-10	-3.109017771e-17	-2.002051996e-13	-1.676577726e-13	
3.027	2.303352458e-22	1.483243817e-18	1.242112369e-18	-1.078292502e-12	-6.943664573e-09	-5.814830678e-09	-2.119451956e-16	-1.364821089e-12	-1.142941663e-12	
3.028	1.485519551e-21	9.566003158e-18	8.010854793e-18	-6.954318203e-12	-4.478233212e-08	-3.750205326e-08	-1.366915127e-15	-8.802249968e-12	-7.371265217e-12	
3.029	9.063875811e-21	5.836682835e-17	4.887811335e-17	-4.24316708e-11	-2.732387444e-07	-2.288182294e-07	-8.340212652e-15	-5.370679943e-11	-4.497566691e-11	
3.03	5.231992613e-20	3.369141647e-16	2.821419151e-16	-2.44930748e-10	-1.577231553e-06	-1.320820487e-06	-4.81426841e-14	-3.100148146e-10	-2.596156015e-10	
3.031	2.857181959e-19	1.839882324e-15	1.540772033e-15	-1.337562504e-09	-8.613233756e-06	-7.212977434e-06	-2.629063507e-13	-1.692985447e-09	-1.417756231e-09	
3.032	1.476135679e-18	9.505575715e-15	7.96025106e-15	-6.910388501e-09	-4.44994468e-05	-3.72651567e-05	-1.358280467e-12	-8.746647074e-09	-7.324701705e-09	
3.033	7.214932245e-18	4.646055625e-14	3.890744792e-14	-3.37760177e-08	-0.0002175006662	-0.0001821415095	-6.638889417e-12	-4.275112845e-08	-3.580106305e-08	
3.034	3.336228883e-17	2.148364591e-13	1.799104234e-13	-1.561823756e-07	-0.001005736409	-0.0008422335012	-3.069863149e-11	-1.976838377e-07	-1.655463094e-07	
3.035	1.459476209e-16	9.398297059e-13	7.870412731e-13	-6.832398781e-07	-0.0043997232	-0.003684458713	-1.342951095e-10	-8.647933586e-07	-7.242036101e-07	
3.036	6.040262369e-16	3.889626957e-12	3.257288988e-12	-2.827691263e-06	-0.01820891791	-0.01524868797	-5.558005613e-10	-3.579077718e-06	-2.997225845e-06	
3.037	2.365005679e-15	1.522945409e-11	1.275359659e-11	-1.10715487e-05	-0.07129523791	-0.059704747	-2.176182761e-09	-1.401352891e-05	-1.173534478e-05	
3.038	8.760445132e-15	5.641288649e-11	4.724182447e-11	-4.101118899e-05	-0.2640915518	-0.221158099	-8.061007989e-09	-5.1908861e-05	-4.347001993e-05	
3.039	3.069995657e-14	1.976923705e-10	1.655534551e-10	-0.0001437189209	-0.925477992	-0.7750227222	-2.824886081e-08	-0.0001819085394	-0.0001523356067	
3.04	1.017810553e-13	6.554191064e-10	5.488674008e-10	-0.0004764783106	-3.068282083	-2.569470428	-9.365481867e-08	-0.0006030902053	-0.0005050456269	
3.041	3.192373811e-13	2.055729117e-09	1.72152854e-09	-0.001494479376	-9.623699945	-8.059171794	-2.93749352e-07	-0.001891598953	-0.001584081072	
3.042	9.47279482e-13	6.100006225e-09	5.108326153e-09	-0.004434598621	-28.5565978	-23.91414205	-8.716483426e-07	-0.005612979498	-0.004700475525	
3.043	2.659255851e-12	1.712427803e-08	1.434037837e-08	-0.01244905286	-80.16567563	-67.13311467	-2.446939897e-06	-0.01575706941	-0.01319543732	
3.044	7.062520452e-12	4.547910025e-08	3.808554756e-08	-0.03306251658	-212.9060736	-178.2938613	-6.498646267e-06	-0.04184803227	-0.03504478353	
3.045	1.774503731e-11	1.142691664e-07	9.569238942e-08	-0.08307170195	-534.9402125	-447.9748017	-1.632826722e-05	-0.1051458744	-0.08805227414	
3.046	4.218049976e-11	2.716213201e-07	2.274637505e-07	-0.197463995	-1271.569326	-1064.849872	-3.881279424e-05	-0.249934975	-0.2093029619	
3.047	9.485585382e-11	6.108242269e-07	5.115223269e-07	-0.4440586676	-2859.515415	-2394.643036	-8.728253308e-05	-0.5620557992	-0.4706821996	
3.048	2.018060498e-10	1.299529837e-06	1.088264837e-06	-0.9447359296	-6083.625133	-5094.608179	-0.0001856938076	-1.195774909	-1.001377386	
3.049	4.061831358e-10	2.615615252e-06	2.190393818e-06	-1.901508304	-12244.75377	-10254.1202	-0.0003737534518	-2.40678362	-2.01551203	
3.05	7.734412675e-10	4.980570323e-06	4.170877421e-06	-3.620794558	-23316.0664	-19525.56644	-0.0007116899993	-4.582919975	-3.837873287	
3.051	1.393319561e-09	8.972261288e-06	7.513638154e-06	-6.522705356	-42002.79076	-35174.3864	-0.001282078815	-8.255913545	-6.913747573	
3.052	2.3746113e-09	1.529122911e-05	1.280533049e-05	-11.11656712	-71584.45033	-59946.95618	-0.002185031084	-14.07037531	-11.78295238	
3.053	3.828721811e-09	2.465474907e-05	2.064662449e-05	-17.9239884	-115418.9285	-96655.28795	-0.003523071768	-22.68631827	-18.99820623	
3.054	5.840326581e-09	3.760768772e-05	3.149381586e-05	-27.34162218	-176057.0587	-147435.5958	-0.005374163857	-34.60512421	-28.97939476	
3.055	8.428465218e-09	5.427138098e-05	4.544854113e-05	-39.4594002	-254067.1565	-212764.0271	-0.007755978766	-49.93849723	-41.82010551	
3.056	1.15080582e-08	7.409418301e-05	6.204891376e-05	-53.88140921	-346867.616	-290479.3325	-0.01059068168	-68.17900069	-57.0955245	
3.057	1.486726407e-08	9.570139076e-05	8.014393465e-05	-69.62257851	-448025.3304	-375196.0922	-0.01368460722	-88.06215094	-73.7470947	
3.058	1.817664702e-08	0.0001169439442	9.793448881e-05	-85.15810583	-547486.0632	-458499.4522	-0.01673793182	-107.6116825	-90.12077415	
3.059	2.103943516e-08	0.0001351988735	0.0001132254277	-98.67334368	-632986.3134	-530131.5392	-0.01939369481	-124.4170243	-104.200192	
3.06	2.30793146e-08	0.0001478866436	0.0001238598016	-108.5050344	-692486.2956	-580037.3491	-0.02132432801	-136.1114442	-114.008695	
3.061	2.40482983e-08	0.000153074721	0.0001282261852	-113.7036385	-717016.4919	-600764.5405	-0.02234180932	-140.9314199	-118.0808801	
3.062	2.392907732e-08	0.0001499799571	0.0001256826274	-114.6111844	-703065.677	-589490.7841	-0.02251059659	-138.185783	-115.8608032	
3.063	2.300831863e-08	0.0001391998163	0.0001167552634	-113.3560601	-653718.9555	-549019.1133	-0.02224388897	-128.4790436	-107.897192	
3.064	2.190801404e-08	0.0001225937784	0.0001030456201	-114.2016351	-578176.5183	-487431.2437	-0.02237082898	-113.6163148	-95.77473278	
3.065	2.157356265e-08	0.0001028616876	8.688463763e-05	-123.7077706	-489859.3274	-416561.8262	-0.02416682544	-96.23045182	-81.81356025	
3.066	2.322067065e-08	8.296658121e-05	7.085418342e-05	-150.6305808	-403761.4489	-349822.4966	-0.02933287917	-79.26128047	-68.64114115	
3.067	2.823482058e-08	6.558077574e-05	5.732123741e-05	-205.3934488	-333835.4454	-299995.7166	-0.03989198877	-65.44182029	-58.75880671	
3.068	3.800391848e-08	5.268952403e-05	4.80918547e-05	-298.8757123	-290979.8371	-277429.1915	-0.05795385766	-56.90373524	-54.18806897	
3.069	5.366261705e-08	4.539954208e-05	4.422064005e-05	-440.3022744	-281807.2846	-288747.4875	-0.08530605799	-54.93740698	-56.21997582	
3.07	7.575132331e-08	4.392022904e-05	4.594978886e-05	-634.282397	-308054.9433	-335973.2747	-0.1228409087	-59.87931804	-65.24626854	
3.071	1.038463467e-07	4.765049965e-05	5.273031092e-05	-877.5359908	-366422.6396	-415953.3861	-0.1699220761	-71.08395865	-80.65097376	
3.072	1.362802718e-07	5.531886976e-05	6.329836972e-05	-1156.384716	-448783.2232	-520185.7083	-0.2238992374	-86.96807714	-100.7798426	
3.073	1.701053472e-07	6.516380499e-05	7.581630523e-05	-1446.355102	-542934.7825	-635362.7969	-0.2800314627	-105.1591154	-123.0479508	
3.074	2.014199018e-07	7.516946625e-05	8.810660453e-05	-1714.934449	-634140.6096	-744970.6965	-0.3320207417	-122.7950134	-144.2506405	
3.075	2.260677435e-07	8.336543611e-05	9.798734888e-05	-1927.556081	-707509.3744	-831998.4603	-0.3731705255	-136.9856152	-161.0886098	
3.076	2.405662969e-07	8.816065911e-05	0.0001036662932	-2055.555166	-750866.8009	-882314.5081	-0.3979257171	-145.368518	-170.8215087	
3.077	2.429903577e-07	8.863784219e-05	0.0001040982677	-2083.722087	-757381.1307	-887807.7558	-0.4033349266	-146.6169473	-171.8757286	
3.078	2.335066802e-07	8.471718006e-05	9.919267233e-05	-2014.801935	-727078.8698	-848257.9239	-0.3899219596	-140.7328177	-164.2061644	
3.079	2.143517893e-07	7.712518947e-05	8.979268035e-05	-1869.122836	-666651.7547	-771225.4626	-0.3616149773	-129.0092074	-149.2747361	
3.08	1.8923894e-07	6.716743497e-05	7.742387269e-05	-1679.215883	-587526.9804	-669927.5205	-0.3247068569	-113.6569046	-129.6392305	
3.081	1.623864612e-07	5.637359836e-05	6.389212837e-05	-1481.107431	-502795.8119	-559788.3799	-0.2861718972	-97.2101779	-108.2856953	
3.082	1.374879182e-07	4.612639568e-05	5.085994671e-05	-1305.132934	-423985.9838	-454790.3917	-0.2518897798	-81.90235984	-87.92225774	
3.083	1.169436547e-07	3.738366669e-05	3.952631215e-05	-1169.173148	-358658.5639	-364726.6959	-0.2253373393	-69.20083231	-70.44738456	
3.084	1.015546149e-07	3.056012152e-05	3.048456961e-05	-1076.201954	-309442.7573	-294024.1557	-0.207112857	-59.61992267	-56.72180557	
3.085	9.0703432e-08	2.557419838e-05	2.376293796e-05	-1016.449305	-274579.6601	-242194.3398	-0.1953510952	-52.8253202	-46.65519377	
3.086	8.288912901e-08	2.201288197e-05	1.899430639e-05	-972.9710306	-249558.912	-205449.1339	-0.186795546	-47.94955227	-39.51793733	
3.087	7.639440113e-08	1.934099093e-05	1.56352218e-05	-928.4986174	-229166.5268	-178760.3108	-0.1781175611	-43.98686644	-34.33870654	
3.088	6.986489921e-08	1.708487911e-05	1.316039314e-05	-871.3383579	-209266.7032	-157678.2507	-0.1670525955	-40.13688868	-30.25557672	
3.089	6.265017572e-08	1.49453224e-05	1.118713405e-05	-798.7048948	-187857.1475	-139465.6099	-0.1530429287	-36.00836232	-26.73504874	
3.09	5.48582346e-08	1.282687916e-05	9.517919406e-06	-716.8877194	-165249.277	-123410.8663	-0.1372716514	-31.65444711	-23.63304014	
3.091	4.716994362e-08	1.079868982e-05	8.115825717e-06	-638.6610544	-143510.1775	-110446.2097	-0.1221674099	-27.4660443	-21.12197876	
3.092	4.05176663e-08	9.017106498e-06	7.041088827e-06	-579.0358908	-125478.7992	-102341.0787	-0.1105915081	-23.98334936	-19.53636491	
3.093	3.574515192e-08	7.642461715e-06	6.377916873e-06	-550.6828269	-113709.4051	-100773.2605	-0.1049626565	-21.69352048	-19.19494016	
3.094	3.334199579e-08	6.774312131e-06	6.173569242e-06	-560.192418	-109629.1344	-106530.747	-0.1065428946	-20.86950475	-20.24806195	
3.095	3.330492393e-08	6.417434913e-06	6.40191162e-06	-605.9673384	-113079.8397	-119016.5733	-0.1150360466	-21.48251576	-22.58315036	
3.096	3.513783713e-08	6.479826758e-06	6.954979832e-06	-678.1228341	-122297.6823	-136146.6448	-0.1285694939	-23.19818165	-25.80517971	
3.097	3.797228417e-08	6.796558279e-06	7.659862194e-06	-760.3745428	-134291.1044	-154652.8584	-0.1440539898	-25.44858936	-29.29430203	
3.098	4.07700818e-08	7.169595842e-06	8.313967451e-06	-833.5032793	-145507.5748	-170722.7482	-0.1578424285	-27.55913189	-32.32731841	
3.099	4.255714427e-08	7.412430591e-06	8.728720405e-06	-879.6084768	-152625.4168	-180823.0304	-0.1665373551	-28.89892759	-34.23391502	
3.1	4.263209355e-08	7.388694457e-06	8.770059471e-06	-886.0887114	-153275.4711	-182490.2235	-0.1677458566	-29.01774496	-34.54653282	
3.101	4.069875618e-08	7.035944327e-06	8.384831357e-06	-848.2749864	-146507.7712	-174862.6805	-0.1605785249	-27.73445454	-33.1011513	
3.102	3.689153265e-08	6.369778023e-06	7.606099732e-06	-769.991605	-132885.2094	-158797.5464	-0.1457555139	-25.15473177	-30.05940628	
3.103	3.169394185e-08	5.468955035e-06	6.53688832e-06	-661.9638559	-114198.4164	-136549.3347	-0.1253047248	-21.61699133	-25.84768055	
3.104	2.578293676e-08	4.447616138e-06	5.318705729e-06	-538.6887275	-92914.24968	-111132.5589	-0.1019690045	-17.58788434	-21.0363808	
3.105	1.985171891e-08	3.423949242e-06	4.095534152e-06	-414.8359234	-71545.22765	-85586.15327	-0.07852450916	-13.54284875	-16.20063706	
3.106	1.446359121e-08	2.494439302e-06	2.984061215e-06	-302.2666499	-52128.44473	-62363.29796	-0.0572161203	-9.867410146	-11.80475847	
3.107	9.970534323e-09	1.719488466e-06	2.057119221e-06	-208.3771987	-35935.60697	-42992.70768	-0.03944373423	-6.802255354	-8.138091279	
3.108	6.502813929e-09	1.121435482e-06	1.341674013e-06	-135.9069905	-23437.52687	-28040.72491	-0.02572583349	-4.436489927	-5.307828245	
3.109	4.012482538e-09	6.919619984e-07	8.278680607e-07	-83.86058987	-14461.906	-17302.41613	-0.01587396754	-2.737493761	-3.275173497	
3.11	2.342330471e-09	4.039385916e-07	4.832782717e-07	-48.95477275	-8442.313876	-10100.53942	-0.009266646002	-1.59804514	-1.911930465	
3.111	1.293610502e-09	2.230846922e-07	2.669028374e-07	-27.03656072	-4662.483699	-5578.29289	-0.005117748721	-0.8825612331	-1.055914668	
3.112	6.75892853e-10	1.165584137e-07	1.394529758e-07	-14.1262302	-2436.08186	-2914.582244	-0.002673953082	-0.4611257608	-0.5517010575	
3.113	3.340953603e-10	5.761505625e-08	6.893194162e-08	-6.982631483	-1204.161067	-1440.685683	-0.001321741788	-0.2279355587	-0.2727072839	
3.114	1.562359473e-10	2.694302774e-08	3.223525415e-08	-3.265350217	-563.112487	-673.720754	-0.0006180978935	-0.1065915199	-0.12752855	
3.115	6.912087847e-11	1.19199553e-08	1.426130984e-08	-1.444634934	-249.1285322	-298.063153	-0.0002734548356	-0.04715752077	-0.05642035131	
3.116	2.893045167e-11	4.989081109e-09	5.96905247e-09	-0.6046500705	-104.2724188	-124.7539475	-0.0001144541653	-0.01973771813	-0.02361466509	
3.117	1.145562582e-11	1.975532399e-09	2.363572945e-09	-0.2394240255	-41.28887599	-49.3989732	-4.53205553e-05	-0.007815568151	-0.009350727822	
3.118	4.291410367e-12	7.400573501e-10	8.854218607e-10	-0.0896910198	-15.46729219	-18.50542901	-1.697760621e-05	-0.002927802544	-0.003502891228	
3.119	1.520893778e-12	2.622794173e-10	3.137972111e-10	-0.03178687271	-5.481673047	-6.558401491	-6.016934678e-06	-0.001037625467	-0.001241439311	
3.12	5.099355928e-13	8.793882362e-11	1.052120599e-10	-0.01065771856	-1.837932564	-2.198945396	-2.017398723e-06	-0.0003479021129	-0.0004162382041	
3.121	1.617518933e-13	2.789425055e-11	3.337333213e-11	-0.003380635091	-0.5829933749	-0.6975068757	-6.399201551e-07	-0.0001103547709	-0.0001320310226	
3.122	4.854013971e-14	8.370788061e-12	1.001500614e-11	-0.001014495079	-0.1749505325	-0.2093148991	-1.92033695e-07	-3.311637278e-05	-3.962120107e-05	
3.123	1.378066809e-14	2.376487843e-12	2.843285504e-12	-0.0002880177118	-0.04966889747	-0.05942502784	-5.451885041e-08	-9.401821762e-06	-1.124855893e-05	
3.124	3.701324188e-15	6.382964798e-13	7.636728017e-13	-7.735814523e-05	-0.01334047743	-0.01596085847	-1.464311733e-08	-2.525217941e-06	-3.021229665e-06	
3.125	9.405060189e-16	1.621910566e-13	1.940491646e-13	-1.965669515e-05	-0.003389813666	-0.004055652164	-3.720814304e-09	-6.416575667e-07	-7.676940847e-07	
3.126	2.260911872e-16	3.898961603e-14	4.664808637e-14	-4.725334505e-06	-0.0008148879229	-0.0009749509249	-8.944582031e-10	-1.542500719e-07	-1.845483852e-07	
3.127	5.14189603e-17	8.867243095e-15	1.060897654e-14	-1.074662796e-06	-0.000185326506	-0.000221728956	-2.034228375e-10	-3.508043999e-08	-4.197105694e-08	
3.128	1.106319452e-17	1.907857232e-15	2.282604908e-15	-2.312221695e-07	-3.987445826e-05	-4.770673226e-05	-4.376802659e-11	-7.54783312e-09	-9.03040366e-09	
3.129	2.251932702e-18	3.883476948e-16	4.646282435e-16	-4.706567926e-08	-8.116516105e-06	-9.710789252e-06	-8.909058788e-12	-1.536374706e-09	-1.838154547e-09	
3.13	4.336585048e-19	7.47847751e-17	8.94742499e-17	-9.063517783e-09	-1.56301129e-06	-1.870023177e-06	-1.71563258e-12	-2.958622862e-10	-3.539765427e-10	
3.131	7.900560983e-20	1.362458408e-17	1.63007703e-17	-1.651227272e-09	-2.847555364e-07	-3.40688168e-07	-3.125606826e-13	-5.390135347e-11	-6.448883698e-11	
3.132	1.361713028e-20	2.348285608e-18	2.809543694e-18	-2.845997509e-10	-4.907946721e-08	-5.871981975e-08	-5.387186485e-14	-9.290248553e-12	-1.111507014e-11	
3.133	2.220398149e-21	3.829095346e-19	4.581219016e-19	-4.64066031e-11	-8.002857865e-09	-9.574805882e-09	-8.784302312e-15	-1.514860347e-12	-1.812414265e-12	
3.134	3.425261413e-22	5.906892211e-20	7.067143668e-20	-7.158839821e-12	-1.234547968e-09	-1.477041995e-09	-1.355096236e-15	-2.336874895e-13	-2.795891651e-13	
3.135	4.998897004e-23	8.620640067e-21	1.031393492e-20	-1.044775818e-12	-1.801724714e-10	-2.155625488e-10	-1.977655337e-16	-3.410483318e-14	-4.080381819e-14	
3.136	6.901957118e-24	1.190248329e-21	1.424040874e-21	-1.442517797e-13	-2.487634113e-11	-2.976263497e-11	-2.730540822e-17	-4.708840689e-15	-5.633766873e-15	
3.137	9.015460728e-25	1.55472381e-22	1.860107843e-22	-1.884242733e-14	-3.249392494e-12	-3.887648998e-12	-3.566681613e-18	-6.150772539e-16	-7.358927783e-16	
3.138	1.114092361e-25	1.921261678e-23	2.298642301e-23	-2.328467173e-15	-4.015461288e-13	-4.804191579e-13	-4.407553711e-19	-7.600863568e-17	-9.093850525e-17	
3.139	1.302483014e-26	2.246142948e-24	2.687337833e-24	-2.722206027e-16	-4.694467266e-14	-5.616570174e-14	-5.152861684e-20	-8.886153458e-18	-1.063160134e-17	
3.14	1.440590482e-27	2.484310443e-25	2.972286981e-25	-3.01085239e-17	-5.192240353e-15	-6.21211751e-15	-5.69924016e-21	-9.82838775e-19	-1.175891243e-18	
3.141	1.507393421e-28	2.599512674e-26	3.110117619e-26	-3.150471379e-18	-5.433014479e-16	-6.500185292e-16	-5.963524837e-22	-1.028414891e-19	-1.230419571e-19	
3.142	1.492211185e-29	2.573330781e-27	3.07879299e-27	-3.118740313e-19	-5.378293988e-17	-6.434716421e-17	-5.903461128e-23	-1.018056853e-20	-1.218026974e-20	
3.143	1.397499199e-30	2.409999162e-28	2.883379231e-28	-2.920791062e-20	-5.036928833e-18	-6.026299184e-18	-5.528763142e-24	-9.534398694e-22	-1.140717707e-21	
3.144	1.238198991e-31	2.135284609e-29	2.554704329e-29	-2.587851605e-21	-4.462771931e-19	-5.339364469e-19	-4.898542302e-25	-8.447577537e-23	-1.010687887e-22	
3.145	1.037879479e-32	1.78983192e-30	2.141396672e-30	-2.169181283e-22	-3.740771427e-20	-4.475546219e-20	-4.106041573e-26	-7.080903341e-24	-8.471757978e-24	
3.146	8.230401199e-34	1.419339632e-31	1.698131054e-31	-1.720164295e-23	-2.966437843e-21	-3.549115452e-21	-3.256097665e-27	-5.6151679e-25	-6.718117895e-25	
3.147	6.174654868e-35	1.064824442e-32	1.273980809e-32	-1.290510703e-24	-2.225496598e-22	-2.662636058e-22	-2.442806712e-28	-4.212640789e-26	-5.040101735e-26	
3.148	4.382500465e-36	7.557659035e-34	9.042159614e-34	-9.159481588e-26	-1.579560329e-23	-1.889822834e-23	-1.733797562e-29	-2.989948526e-27	-3.577244182e-27	
3.149	2.94271942e-37	5.074744472e-35	6.071542696e-35	-6.150320932e-27	-1.060628035e-24	-1.268960129e-24	-1.164193774e-30	-2.007661987e-28	-2.402013646e-28	
3.15	1.869361702e-38	3.22373003e-36	3.856945828e-36	-3.90698968e-28	-6.737636673e-26	-8.061065727e-26	-7.395537745e-32	-1.275366725e-29	-1.525878508e-29	
3.151	1.123454344e-39	1.937406497e-37	2.317958339e-37	-2.348033839e-29	-4.049204169e-27	-4.844562347e-27	-4.444591438e-33	-7.664735439e-31	-9.17026832e-31	
3.152	6.387561853e-41	1.101540431e-38	1.317908671e-38	-1.335009044e-30	-2.302234234e-28	-2.754446377e-28	-2.52703749e-34	-4.357897259e-32	-5.213889317e-32	
3.153	3.4358442e-42	5.925140259e-40	7.088969928e-40	-7.182146369e-32	-1.238537513e-29	-1.481726753e-29	-1.359485361e-35	-2.344393336e-33	-2.804736056e-33	
3.154	1.750267198e-43	3.01789728e-41	3.609332668e-41	-3.919791749e-33	-6.694331967e-31	-7.81451725e-31	-7.370066558e-37	-1.25982179e-34	-1.474063172e-34	
3.155	1.225312552e-44	2.018625142e-42	2.133854165e-42	-5.708691285e-33	-8.482490473e-31	-6.09140176e-31	-9.770418747e-37	-1.452563009e-34	-1.045822992e-34	
3.156	7.598699877e-44	1.124262152e-41	7.906824911e-42	-1.090619495e-31	-1.612286038e-29	-1.129270203e-29	-1.860318359e-35	-2.750151962e-33	-1.926262012e-33	
3.157	1.409822154e-42	2.084148697e-40	1.459695671e-40	-2.033565111e-30	-3.006225936e-28	-2.105479866e-28	-3.468714893e-34	-5.127812554e-32	-3.59138218e-32	
3.158	2.487101536e-41	3.676690224e-39	2.575054734e-39	-3.587502981e-29	-5.303417207e-27	-3.714370385e-27	-6.119314655e-33	-9.046202556e-31	-6.335716305e-31	
3.159	4.150929594e-40	6.136332582e-38	4.29772185e-38	-5.987480798e-28	-8.85131214e-26	-6.199220311e-26	-1.021303095e-31	-1.509795654e-29	-1.057420158e-29	
3.16	6.554126684e-39	9.688986577e-37	6.785904896e-37	-9.453956465e-27	-1.397581428e-24	-9.788283407e-25	-1.612590558e-30	-2.383897814e-28	-1.669617737e-28	
3.161	9.790432945e-38	1.447322854e-35	1.013665894e-35	-1.412214492e-25	-2.08768123e-23	-1.462155631e-23	-2.408857883e-29	-3.561022363e-27	-2.494044026e-27	
3.162	1.383587291e-36	2.045361547e-34	1.432516066e-34	-1.995746291e-24	-2.950318167e-22	-2.066323277e-22	-3.404206098e-28	-5.032448834e-26	-3.524591443e-26	
3.163	1.849817282e-35	2.734590843e-33	1.915233677e-33	-2.668256641e-23	-3.944492383e-21	-2.762616086e-21	-4.551327777e-27	-6.728242505e-25	-4.712279597e-25	
3.164	2.339745938e-34	3.458853953e-32	2.422488027e-32	-3.374950975e-22	-4.989200891e-20	-3.49430175e-20	-5.756758132e-26	-8.51023408e-24	-5.960338437e-24	
3.165	2.799794608e-33	4.138945383e-31	2.898805723e-31	-4.03854512e-21	-5.970194253e-19	-4.181363044e-19	-6.888671165e-25	-1.018354476e-22	-7.13228011e-23	
3.166	3.169576548e-32	4.685595216e-30	3.281664523e-30	-4.571934622e-20	-6.758705671e-18	-4.733615176e-18	-7.798490115e-24	-1.152853304e-21	-8.07427363e-22	
3.167	3.394641515e-31	5.018309481e-29	3.514688621e-29	-4.896578087e-19	-7.238627151e-17	-5.069739238e-17	-8.352244502e-23	-1.234714994e-20	-8.647610825e-21	
3.168	3.43957032e-30	5.084727878e-28	3.561206275e-28	-4.961385343e-18	-7.334431926e-16	-5.136838318e-16	-8.46278824e-22	-1.25105671e-19	-8.762063799e-20	
3.169	3.297099615e-29	4.874112976e-27	3.413697278e-27	-4.755879422e-17	-7.03063186e-15	-4.924064946e-15	-8.112250442e-21	-1.199236594e-18	-8.399129685e-19	
3.17	2.99004377e-28	4.420191331e-26	3.0957828e-26	-4.312968759e-16	-6.375875601e-14	-4.46549132e-14	-7.356764042e-20	-1.087552797e-17	-7.616926486e-18	
3.171	2.565314549e-27	3.792312756e-25	2.656033579e-25	-3.700320917e-15	-5.470196325e-13	-3.83117798e-13	-6.311751694e-19	-9.33068285e-17	-6.534958628e-17	
3.172	2.082194543e-26	3.078114896e-24	2.155828659e-24	-3.003447676e-14	-4.440006369e-12	-3.109660718e-12	-5.12307348e-18	-7.573456018e-16	-5.304244346e-16	
3.173	1.598893676e-25	2.363649669e-23	1.655436483e-23	-2.306313554e-13	-3.409430752e-11	-2.38787335e-11	-3.933950273e-17	-5.815571353e-15	-4.073069335e-15	
3.174	1.161543468e-24	1.717113449e-22	1.202619951e-22	-1.675460654e-12	-2.476838879e-10	-1.734711153e-10	-2.857884994e-16	-4.224820587e-14	-2.9589504e-14	
3.175	7.983051858e-24	1.180137126e-21	8.26536216e-22	-1.151510008e-11	-1.702280953e-09	-1.19223167e-09	-1.964166192e-15	-2.903633205e-13	-2.033626389e-13	
3.176	5.190629554e-23	7.673324381e-21	5.374189454e-21	-7.487189095e-11	-1.106833574e-08	-7.751963852e-09	-1.277112972e-14	-1.887960219e-12	-1.322276421e-12	
3.177	3.192925028e-22	4.720111349e-20	3.305838692e-20	-4.605613482e-10	-6.808493238e-08	-4.768485045e-08	-7.855937186e-14	-1.161345723e-11	-8.133752243e-12	
3.178	1.85812535e-21	2.746872688e-19	1.92383555e-19	-2.68024056e-09	-3.962208248e-07	-2.7750238e-07	-4.571769117e-13	-6.758461004e-11	-4.733443818e-11	
3.179	1.023007687e-20	1.512315557e-18	1.05918503e-18	-1.475630637e-08	-2.181429522e-06	-1.527814406e-06	-2.517028761e-12	-3.720931721e-10	-2.606040228e-10	
3.18	5.328443766e-20	7.877055574e-18	5.516877288e-18	-7.685978289e-08	-1.136220645e-05	-7.957782969e-06	-1.311021059e-11	-1.938086653e-09	-1.357383623e-09	
3.181	2.625665984e-19	3.881530478e-17	2.718519266e-17	-3.787374445e-07	-5.598887835e-05	-3.921310043e-05	-6.460241585e-11	-9.550195933e-09	-6.688699672e-09	
3.182	1.224041578e-18	1.809504606e-16	1.267328226e-16	-1.765610638e-06	-0.000261010789	-0.0001828049174	-3.011656606e-10	-4.452141657e-08	-3.118159946e-08	
3.183	5.398467161e-18	7.980571385e-16	5.58937697e-16	-7.786983069e-06	-0.001151152214	-0.0008062359655	-1.328249757e-09	-1.963555892e-07	-1.375221591e-07	
3.184	2.25248734e-17	3.329859288e-15	2.332143642e-15	-3.249085391e-05	-0.004803133395	-0.003363985094	-5.542065317e-09	-8.192853003e-07	-5.738053291e-07	
3.185	8.89143494e-17	1.31442369e-14	9.20586904e-15	-0.0001282539122	-0.01895981715	-0.01327894461	-2.1876666e-08	-3.234034579e-06	-2.265030601e-06	
3.186	3.32046535e-16	4.90865462e-14	3.437889316e-14	-0.0004789583172	-0.07080456232	-0.04958960596	-8.16973997e-08	-1.207735291e-05	-8.458652273e-06	
3.187	1.173123276e-15	1.734231918e-13	1.214609266e-13	-0.001692163872	-0.2501531306	-0.1752005065	-2.886376188e-07	-4.266939222e-05	-2.98844916e-05	
3.188	3.921082248e-15	5.79654853e-13	4.059746271e-13	-0.005655939032	-0.8361192927	-0.5855954051	-9.647509922e-07	-0.0001426194506	-9.988681718e-05	
3.189	1.2398977e-14	1.832944775e-12	1.283745093e-12	-0.01788482202	-2.643919027	-1.851729595	-3.050669338e-06	-0.0004509814356	-0.000315855237	
3.19	3.709226547e-14	5.483361627e-12	3.840398634e-12	-0.05350349213	-7.909438661	-5.539557604	-9.126255927e-06	-0.001349137385	-0.0009448994519	
3.191	1.04978042e-13	1.551893822e-11	1.086904598e-11	-0.1514248809	-22.38519006	-15.67798385	-2.582900969e-05	-0.003818311013	-0.002674242131	
3.192	2.810808014e-13	4.155226805e-11	2.910208893e-11	-0.4054431453	-59.9367972	-41.97811874	-6.915768967e-05	-0.01022360462	-0.007160337365	
3.193	7.120024856e-13	1.05255571e-10	7.371816854e-11	-1.027023313	-151.8252216	-106.3343032	-0.0001751825387	-0.02589729693	-0.01813777046	
3.194	1.706276693e-12	2.52239505e-10	1.766617726e-10	-2.461207769	-363.8413113	-254.824704	-0.0004198158104	-0.0620615358	-0.04346623638	
3.195	3.86843275e-12	5.718720021e-10	4.005238487e-10	-5.579996463	-824.8935045	-577.7334533	-0.0009517972266	-0.1407046304	-0.09854577722	
3.196	8.297329404e-12	1.226598424e-09	8.590769908e-10	-11.96843356	-1769.301129	-1239.172072	-0.002041492653	-0.3017951466	-0.2113693968	
3.197	1.683679366e-11	2.488995217e-09	1.74322736e-09	-24.28614547	-3590.244653	-2514.515866	-0.004142562728	-0.6123990686	-0.4289086911	
3.198	3.232201335e-11	4.778200202e-09	3.346531394e-09	-46.62276838	-6892.323135	-4827.218342	-0.00795258913	-1.175644639	-0.8233933544	
3.199	5.870238515e-11	8.678093761e-09	6.077935879e-09	-84.67521601	-12517.80945	-8767.215066	-0.01444331134	-2.13520064	-1.495450243	
3.2	1.008630656e-10	1.491098463e-08	1.044336846e-08	-145.4904828	-21508.78829	-15064.45459	-0.02481675473	-3.668817656	-2.569588014	
3.201	1.639567019e-10	2.423901754e-08	1.697674588e-08	-236.5022973	-34965.22338	-24489.63508	-0.04034090647	-5.964116699	-4.177264148	
3.202	2.521447107e-10	3.727865202e-08	2.611020371e-08	-363.7170904	-53778.13262	-37667.71885	-0.06204028221	-9.173072002	-6.425071892	
3.203	3.66860115e-10	5.424531104e-08	3.799567453e-08	-529.2122578	-78263.27026	-54822.37552	-0.09026917613	-13.34951655	-9.351139712	
3.204	5.050028294e-10	7.469012512e-08	5.232150823e-08	-728.5423353	-107786.2266	-75515.79687	-0.1242691757	-18.38516899	-12.88072813	
3.205	6.577421247e-10	9.733086677e-08	6.819626092e-08	-949.0318257	-140529.3079	-98490.68072	-0.1618778593	-23.96981347	-16.79922628	
3.206	8.106595787e-10	1.200896391e-07	8.4179553e-08	-1170.021442	-173567.9417	-121734.4139	-0.1995705905	-29.60421741	-20.76299718	
3.207	9.456901347e-10	1.404113537e-07	9.851341065e-08	-1365.740381	-203371.4605	-142849.6316	-0.2329500766	-34.68533551	-24.36239288	
3.208	1.044725709e-09	1.558509489e-07	1.095474715e-07	-1510.622288	-226720.5937	-159730.1411	-0.257652516	-38.66244155	-27.23672228	
3.209	1.094042016e-09	1.648119323e-07	1.162770597e-07	-1585.860112	-241879.6327	-171431.6992	-0.2704648035	-41.23651034	-29.22228858	
3.21	1.088219927e-09	1.672386893e-07	1.188547583e-07	-1585.267677	-249734.8412	-179033.2428	-0.2703232919	-42.5536702	-30.49864849	
3.211	1.032230489e-09	1.650469692e-07	1.189188909e-07	-1518.473155	-254561.6144	-186238.8258	-0.2588575489	-43.33529626	-31.69061777	
3.212	9.408889072e-10	1.621284776e-07	1.196117726e-07	-1410.191512	-264122.6027	-199482.4538	-0.2402659443	-44.89426985	-33.88574326	
3.213	8.357386537e-10	1.638617057e-07	1.252214976e-07	-1295.515375	-288902.1408	-227354.7259	-0.2205135115	-49.00470524	-38.5367984	
3.214	7.402312905e-10	1.761648764e-07	1.404518597e-07	-1212.328994	-340418.0341	-279260.8166	-0.2060412542	-57.6156669	-47.23437809	
3.215	6.74507933e-10	2.042163084e-07	1.693959227e-07	-1192.675728	-428717.9548	-363355.5326	-0.2022994008	-72.42755514	-61.35772373	
3.216	6.510683084e-10	2.510466411e-07	2.143657797e-07	-1255.069572	-559389.7111	-484008.3536	-0.2124434284	-94.38714479	-81.64674652	
3.217	6.722568841e-10	3.16287611e-07	2.748187624e-07	-1399.469104	-730695.5116	-639323.58	-0.2364840071	-123.2043054	-107.7838889	
3.218	7.300120461e-10	3.954286758e-07	3.466961983e-07	-1606.121032	-931698.1644	-819491.3953	-0.2710938567	-157.0365641	-138.1164861	
3.219	8.078584318e-10	4.79929854e-07	4.224976054e-07	-1838.803302	-1142306.316	-1006808.714	-0.310159006	-192.4974302	-169.6607652	
3.22	8.847056716e-10	5.583983825e-07	4.922885468e-07	-2052.116646	-1335844.947	-1177922.26	-0.3460131115	-225.0902796	-198.4803181	
3.221	9.396395481e-10	6.187397119e-07	5.455716005e-07	-2201.423793	-1484020.733	-1308186.154	-0.3711170563	-250.0455543	-220.4206914	
3.222	9.566067309e-10	6.508209132e-07	5.736145908e-07	-2253.091322	-1563216.891	-1377194.422	-0.3797877385	-263.3816177	-232.0416535	
3.223	9.278372145e-10	6.489039874e-07	5.715802754e-07	-2192.312467	-1560341.775	-1373924.363	-0.369517234	-262.8900317	-231.4835554	
3.224	8.551423946e-10	6.130853801e-07	5.397850148e-07	-2026.343312	-1476382.252	-1299870.863	-0.3415173485	-248.7337526	-218.9948347	
3.225	7.488496111e-10	5.492739046e-07	4.836779092e-07	-1782.414234	-1326512.363	-1169174.128	-0.3003656828	-223.4646423	-196.9526364	
3.226	6.24870728e-10	4.677437031e-07	4.125761937e-07	-1501.325949	-1136808.535	-1005793.836	-0.2529239214	-191.469082	-169.3856207	
3.227	5.009379425e-10	3.807832706e-07	3.376134793e-07	-1229.009097	-938766.0332	-838763.9852	-0.2069131714	-158.0432523	-141.1735347	
3.228	3.931404858e-10	3.002040444e-07	2.695607753e-07	-1008.54282	-763364.0672	-697011.5452	-0.1695678945	-128.3929553	-117.1739706	
3.229	3.135494787e-10	2.353832589e-07	2.170928014e-07	-874.2841378	-636189.5196	-604981.1187	-0.146647983	-106.8129814	-101.4863197	
3.23	2.691398998e-10	1.921821477e-07	1.857770911e-07	-848.4203928	-574337.9268	-579610.8815	-0.1418626227	-96.16764882	-96.94544609	
3.231	2.617181604e-10	1.727011526e-07	1.777414899e-07	-939.2146552	-584972.9043	-628520.3398	-0.1565831349	-97.65264478	-104.8217632	
3.232	2.883678706e-10	1.755975039e-07	1.917932465e-07	-1140.023252	-665002.9756	-749005.627	-0.1896883687	-110.7463809	-124.6588479	
3.233	3.420643561e-10	1.966737763e-07	2.237794857e-07	-1428.827144	-801474.0911	-927691.4753	-0.2374960689	-133.2815865	-154.2212873	
3.234	4.124192812e-10	2.295881138e-07	2.671262293e-07	-1768.994599	-972746.2997	-1141195.927	-0.2938968046	-161.6463952	-189.6100405	
3.235	4.867595751e-10	2.666969084e-07	3.136310941e-07	-2112.522114	-1150884.696	-1358467.894	-0.350896526	-191.1852345	-225.6539763	
3.236	5.517437775e-10	3.000929161e-07	3.54594312e-07	-2406.562404	-1305589.659	-1545206.919	-0.3997023126	-216.853354	-256.6454561	
3.237	5.954619808e-10	3.228102421e-07	3.822302781e-07	-2602.702071	-1409379.934	-1669967.782	-0.4322629428	-234.0778902	-277.3543931	
3.238	6.096079473e-10	3.300009473e-07	3.910927849e-07	-2666.859339	-1442945.747	-1710580.798	-0.4429115586	-239.6463074	-284.0939925	
3.239	5.91082935e-10	3.197698306e-07	3.791116434e-07	-2586.754633	-1399105.754	-1658956.789	-0.4296050562	-232.3626734	-275.517967	
3.24	5.42455985e-10	2.933818769e-07	3.478829509e-07	-2374.305168	-1283998.339	-1522606.447	-0.3943206711	-213.244676	-252.8721417	
3.241	4.71065585e-10	2.547403564e-07	3.020838244e-07	-2061.960935	-1115010.705	-1322265.523	-0.3424466849	-185.179065	-219.5995009	
3.242	3.870350688e-10	2.092877945e-07	2.481911592e-07	-1694.183975	-916107.4874	-1086408.245	-0.2813668359	-152.1454284	-180.4286307	
3.243	3.008507784e-10	1.62680247e-07	1.929223839e-07	-1316.940123	-712108.8166	-844492.7976	-0.2187148572	-118.2656651	-140.2517322	
3.244	2.212460258e-10	1.196340668e-07	1.418746991e-07	-968.483642	-523685.1097	-621042.1449	-0.1608438693	-86.97260408	-103.1414679	
3.245	1.539287948e-10	8.323335398e-08	9.870711424e-08	-673.8100382	-364346.3087	-432081.5846	-0.1119050498	-60.50992205	-71.75926318	
3.246	1.013171294e-10	5.478473895e-08	6.496973118e-08	-443.5073423	-239815.5068	-284399.5287	-0.07365682874	-39.82808903	-47.23251567	
3.247	6.309049084e-11	3.411459951e-08	4.045683703e-08	-276.1734849	-149333.8403	-177096.4847	-0.04586634996	-24.80107101	-29.41183643	
3.248	3.716744533e-11	2.009735627e-08	2.383365535e-08	-162.6974859	-87974.54135	-104329.8924	-0.02702047884	-14.61063904	-17.3269036	
3.249	2.071472584e-11	1.120096254e-08	1.328333422e-08	-90.67704189	-49031.30778	-58146.72283	-0.01505946497	-8.143023277	-9.656893497	
3.25	1.092227984e-11	5.905945385e-09	7.003920295e-09	-47.81140029	-25852.79967	-30659.09661	-0.007940423427	-4.293582179	-5.091802532	
3.251	5.448350305e-12	2.94605695e-09	3.493758744e-09	-23.84971485	-12896.12701	-15293.64757	-0.003960913784	-2.141763437	-2.539938941	
3.252	2.57119108e-12	1.39030621e-09	1.64877821e-09	-11.25518201	-6085.953507	-7217.393893	-0.001869238515	-1.010743201	-1.198650598	
3.253	1.147945543e-12	6.207223649e-10	7.361209387e-10	-5.025039227	-2717.162192	-3222.310163	-0.0008345486421	-0.4512609584	-0.535154941	
3.254	4.848705664e-13	2.6218143e-10	3.109236133e-10	-2.122481884	-1147.678109	-1361.043095	-0.0003524976212	-0.1906041256	-0.2260393631	
3.255	1.937527871e-13	1.04766893e-10	1.242441196e-10	-0.8481372332	-458.6086428	-543.8686347	-0.0001408569654	-0.07616482236	-0.09032463431	
3.256	7.324663825e-14	3.960625714e-11	4.696946152e-11	-0.3206312644	-173.3732033	-205.6050379	-5.324981044e-05	-0.02879348097	-0.03414648074	
3.257	2.619660651e-14	1.416514885e-11	1.67985935e-11	-0.1146735368	-62.00679914	-73.53449118	-1.90447557e-05	-0.01029796738	-0.01221246382	
3.258	8.863800604e-15	4.79287479e-12	5.683918761e-12	-0.03880057383	-20.98042369	-24.88089696	-6.44392307e-06	-0.003484387545	-0.004132170484	
3.259	2.837347445e-15	1.534223483e-12	1.819451169e-12	-0.0124202601	-6.715939831	-7.964501073	-2.062732396e-06	-0.001115370092	-0.00132272869	
3.26	8.592561788e-16	4.646209297e-13	5.509986668e-13	-0.003761324774	-2.033840729	-2.411952322	-6.246734286e-07	-0.0003377762724	-0.0004005723029	
3.261	2.46178663e-16	1.331148522e-13	1.578622516e-13	-0.001077627286	-0.5826995532	-0.6910293025	-1.789702224e-07	-9.677359696e-05	-0.0001147647889	
3.262	6.672610197e-17	3.608044294e-14	4.278816275e-14	-0.0002920881416	-0.1579392354	-0.1873017391	-4.850942469e-08	-2.623023791e-05	-3.110670483e-05	
3.263	1.711034247e-17	9.251982613e-15	1.09720199e-14	-7.489914723e-05	-0.04049980934	-0.04802913413	-1.243910322e-08	-6.726128765e-06	-7.976584232e-06	
3.264	4.150871137e-18	2.24447802e-15	2.661749218e-15	-1.817010436e-05	-0.009825021907	-0.011651593	-3.017655233e-09	-1.631720335e-06	-1.935073673e-06	
3.265	9.526588382e-19	5.151260427e-16	6.108931919e-16	-4.170187399e-06	-0.002254922797	-0.002674135786	-6.925765301e-10	-3.744931479e-07	-4.441152174e-07	
3.266	2.068488697e-19	1.118482666e-16	1.326419923e-16	-9.054642812e-07	-0.0004896067861	-0.0005806296469	-1.503777288e-10	-8.131293309e-08	-9.642983099e-08	
3.267	4.248997785e-20	2.297537509e-17	2.724673005e-17	-1.859964587e-07	-0.0001005728555	-0.0001192703681	-3.088992643e-11	-1.670294225e-08	-1.98081884e-08	
3.268	8.257288497e-21	4.46491879e-18	5.294992419e-18	-3.614561589e-08	-1.954482269e-05	-2.31784032e-05	-6.002992872e-12	-3.245965752e-09	-3.849423665e-09	
3.269	1.518119691e-21	8.208846206e-19	9.734953865e-19	-6.645446779e-09	-3.593356366e-06	-4.261397713e-06	-1.103662745e-12	-5.967775654e-10	-7.077245597e-10	
3.27	2.640536468e-22	1.427802952e-19	1.693245983e-19	-1.155873589e-09	-6.25009252e-07	-7.412048028e-07	-1.919652147e-13	-1.038003086e-10	-1.230978374e-10	
3.271	4.345061495e-23	2.349481518e-20	2.786273931e-20	-1.902015703e-10	-1.028466627e-07	-1.219668991e-07	-3.15883031e-14	-1.708057168e-11	-2.025602297e-11	
3.272	6.764213179e-24	3.657576277e-21	4.337556755e-21	-2.960979884e-11	-1.601074581e-08	-1.898730563e-08	-4.917537217e-15	-2.659033208e-12	-3.153374415e-12	
3.273	9.962222709e-25	5.386818612e-22	6.388282757e-22	-4.36088282e-12	-2.358036497e-09	-2.796419367e-09	-7.242468509e-16	-3.916180686e-13	-4.644238343e-13	
3.274	1.388074601e-25	7.50566045e-23	8.901038754e-23	-6.076184863e-13	-3.28554246e-10	-3.896358084e-10	-1.009120844e-16	-5.456564367e-14	-6.470994953e-14	
3.275	1.829729838e-26	9.893798839e-24	1.173315626e-23	-8.00949512e-14	-4.330930822e-11	-5.13609473e-11	-1.330201213e-17	-7.192724818e-15	-8.529925219e-15	
3.276	2.281806087e-27	1.23382862e-24	1.463209858e-24	-9.988422517e-15	-5.400985492e-12	-6.405083403e-12	-1.658857587e-18	-8.969850591e-16	-1.063743667e-15	
3.277	2.692080855e-28	1.455674268e-25	1.72629886e-25	-1.17843673e-15	-6.372096965e-13	-7.556734335e-13	-1.957124568e-19	-1.058265345e-16	-1.255007591e-16	
3.278	3.004796508e-29	1.624767306e-26	1.926828006e-26	-1.31532549e-16	-7.112288131e-14	-8.434534536e-14	-2.184466732e-20	-1.181194839e-17	-1.400790924e-17	
3.279	3.172923736e-30	1.71567783e-27	2.034639717e-27	-1.388921832e-17	-7.510241631e-15	-8.906471624e-15	-2.30669409e-21	-1.247286175e-18	-1.479169309e-18	
3.28	3.169726587e-31	1.713949053e-28	2.032589542e-28	-1.387522305e-18	-7.502674048e-16	-8.89749715e-16	-2.304369783e-22	-1.246029365e-19	-1.477678846e-19	
3.281	2.995722442e-32	1.619860736e-29	1.921009254e-29	-1.311353391e-19	-7.090810013e-17	-8.409063418e-17	-2.177869947e-23	-1.177627795e-20	-1.396560731e-20	
3.282	2.678544984e-33	1.44835509e-30	1.717618972e-30	-1.172511511e-20	-6.340057852e-18	-7.518738827e-18	-1.947284081e-24	-1.052944352e-21	-1.248697372e-21	
3.283	2.265760061e-34	1.22515214e-31	1.452920332e-31	-9.918182331e-22	-5.363004898e-19	-6.360041831e-19	-1.647192235e-25	-8.906773167e-23	-1.056263252e-22	
3.284	1.81320326e-35	9.80443557e-33	1.162717945e-32	-7.937151354e-23	-4.29181277e-20	-5.089704237e-20	-1.318186503e-26	-7.127758327e-24	-8.452880798e-24	
3.285	1.372766481e-36	7.422885684e-34	8.80287532e-34	-6.0091748e-24	-3.249308472e-21	-3.853387831e-21	-9.979919444e-28	-5.396387672e-25	-6.399630801e-25	
3.286	9.83251105e-38	5.316680331e-35	6.305105058e-35	-4.304102585e-25	-2.327334029e-22	-2.760008999e-22	-7.14816901e-29	-3.86519063e-26	-4.583768719e-26	
3.287	6.662693283e-39	3.602681975e-36	4.272457047e-36	-2.916540367e-26	-1.577045042e-23	-1.87023369e-23	-4.84373294e-30	-2.619125422e-27	-3.106047367e-27	
3.288	4.271228445e-40	2.309558174e-37	2.738928432e-37	-1.869695879e-27	-1.010990504e-24	-1.19894388e-24	-3.105154182e-31	-1.679033167e-28	-1.99118244e-28	
3.289	2.590439063e-41	1.400714054e-38	1.661120985e-38	-1.133943853e-28	-6.13151305e-26	-7.271423434e-26	-1.883231673e-32	-1.018309641e-29	-1.207623718e-29	
3.29	1.486317401e-42	8.036883406e-40	9.531021438e-40	-6.50623481e-30	-3.518081034e-27	-4.172127934e-27	-1.080542694e-33	-5.842759861e-31	-6.928988102e-31	
3.291	8.068027041e-44	4.36258047e-41	5.173628369e-41	-3.53171391e-31	-1.909684493e-28	-2.264714184e-28	-5.865401074e-35	-3.171566486e-32	-3.761192821e-32	
3.292	4.143246092e-45	2.24035497e-42	2.656859652e-42	-1.813672634e-32	-9.80697359e-30	-1.163018932e-29	-3.012111877e-36	-1.628722906e-33	-1.931518992e-33	
3.293	2.012944101e-46	1.088448338e-43	1.290801909e-43	-8.811500811e-34	-4.764595006e-31	-5.65038148e-31	-1.463396743e-37	-7.912945776e-35	-9.384042548e-35	
3.294	9.252099647e-48	5.002837623e-45	5.932915812e-45	-4.050032164e-35	-2.189951909e-32	-2.597086152e-32	-6.726213847e-39	-3.637029105e-36	-4.313189656e-36	
3.295	4.023152449e-49	2.175417387e-46	2.579849514e-46	-1.761102608e-36	-9.522714544e-34	-1.129308364e-33	-2.924804611e-40	-1.581513722e-37	-1.875533142e-37	
3.296	1.6550468e-50	8.949244727e-48	1.061299997e-47	-7.244834176e-38	-3.91745986e-35	-4.645755329e-35	-1.203207826e-41	-6.506040369e-39	-7.715579175e-39	
3.297	6.441272454e-52	3.482954292e-49	4.130470774e-49	-2.819615181e-39	-1.524635212e-36	-1.808080341e-36	-4.682761495e-43	-2.532084206e-40	-3.002824308e-40	
3.298	2.371650347e-53	1.282409619e-50	1.520822557e-50	-1.038170853e-40	-5.613644905e-38	-6.657278355e-38	-1.724173756e-44	-9.323031167e-42	-1.10562771e-41	
3.299	8.261278331e-55	4.467076191e-52	5.297550903e-52	-3.616308107e-42	-1.955426654e-39	-2.318960276e-39	-6.005893454e-46	-3.247534168e-43	-3.851283665e-43	
3.3	2.72245963e-56	1.472100819e-53	1.745779272e-53	-1.191734794e-43	-6.444002868e-41	-7.642008274e-41	-1.979209732e-47	-1.070207336e-44	-1.26916972e-44	
3.301	8.487762995e-58	4.589542014e-55	5.442784363e-55	-3.715449946e-45	-2.009035083e-42	-2.382535054e-42	-6.170546273e-49	-3.336565993e-46	-3.956867408e-46	
3.302	2.503471439e-59	1.353688523e-56	1.605352931e-56	-1.095874506e-46	-5.925662571e-44	-7.027303265e-44	-1.820006843e-50	-9.841223975e-48	-1.16708072e-47	
3.303	6.985697079e-61	3.777337106e-58	4.479582336e-58	-3.0580634e-48	-1.65349893e-45	-1.960901147e-45	-5.078746821e-52	-2.746098534e-49	-3.256626093e-49	
3.304	1.84487577e-62	9.971726711e-60	1.182557267e-59	-8.617621693e-50	-4.365082471e-47	-5.176666722e-47	-1.420921466e-53	-7.249435743e-51	-8.59728411e-51	
3.305	7.48504893e-64	2.490628824e-61	2.954038112e-61	-2.157434801e-49	-1.10568321e-48	-1.339162554e-48	-3.180063148e-53	-1.833370425e-52	-2.215319908e-52	
3.306	1.069261745e-62	6.660031348e-63	9.293675111e-63	-7.928874228e-48	-6.015916417e-49	-1.74926635e-48	-1.167321534e-51	-8.905437242e-53	-2.581099273e-52	
3.307	3.748939869e-61	2.735831761e-62	8.142113636e-62	-2.78275713e-46	-2.021044434e-47	-6.03220895e-47	-4.096886558e-50	-2.975473458e-51	-8.880872611e-51	
3.308	1.244778783e-59	9.040276214e-61	2.698291505e-60	-9.239730127e-45	-6.710385668e-46	-2.002882389e-45	-1.360310094e-48	-9.8792987e-50	-2.948723715e-49	
3.309	3.9101531e-58	2.839762043e-59	8.475979953e-59	-2.902424103e-43	-2.107895413e-44	-6.291540986e-44	-4.273065069e-47	-3.103328094e-48	-9.262658753e-48	
3.31	1.16201825e-56	8.43919721e-58	2.518889448e-57	-8.625416169e-42	-6.264237937e-43	-1.869718464e-42	-1.269868332e-45	-9.22246211e-47	-2.752674445e-46	
3.311	3.267004531e-55	2.372673193e-56	7.081836487e-56	-2.425028497e-40	-1.761185224e-41	-5.256697726e-41	-3.570224128e-44	-2.592887461e-45	-7.739121037e-45	
3.312	8.689686849e-54	6.310914738e-55	1.883650322e-54	-6.450171108e-39	-4.684458786e-40	-1.39819387e-39	-9.496200375e-43	-6.896647939e-44	-2.058477044e-43	
3.313	2.1866341e-52	1.588050479e-53	4.739933783e-53	-1.623092332e-37	-1.178776347e-38	-3.518352787e-38	-2.389581571e-41	-1.735441774e-42	-5.17985996e-42	
3.314	5.205539043e-51	3.7805405e-52	1.128396853e-51	-3.863961742e-36	-2.806215406e-37	-8.375851636e-37	-5.688679313e-40	-4.13142277e-41	-1.233126441e-40	
3.315	1.172392148e-49	8.514537996e-51	2.54137679e-50	-8.702419422e-35	-6.320161813e-36	-1.886410343e-35	-1.281205059e-38	-9.30479548e-40	-2.777248898e-39	
3.316	2.498030262e-48	1.814203006e-49	5.414942553e-49	-1.85423513e-33	-1.346644593e-34	-4.019397547e-34	-2.729879261e-37	-1.982584132e-38	-5.917518133e-38	
3.317	5.035470904e-47	3.657027933e-48	1.091531439e-47	-3.737723753e-32	-2.714534635e-33	-8.102207449e-33	-5.502826686e-36	-3.996446666e-37	-1.192839448e-36	
3.318	9.602848729e-46	6.974101671e-47	2.081595047e-46	-7.127991895e-31	-5.176728447e-32	-1.545124061e-31	-1.04941153e-34	-7.62138706e-36	-2.274793558e-35	
3.319	1.732517722e-44	1.25824691e-45	3.755552555e-45	-1.286011331e-29	-9.339701194e-31	-2.787667382e-30	-1.893317415e-33	-1.375028236e-34	-4.104115626e-34	
3.32	2.957146803e-43	2.147637961e-44	6.410162559e-44	-2.195027646e-28	-1.594146321e-29	-4.758128349e-29	-3.23160766e-32	-2.346966095e-33	-7.005107221e-33	
3.321	4.775135344e-42	3.467958344e-43	1.035098892e-42	-3.544482163e-27	-2.57419227e-28	-7.683320566e-28	-5.218328673e-31	-3.789829013e-32	-1.131169242e-31	
3.322	7.294845317e-41	5.297906314e-42	1.581292626e-41	-5.414809684e-26	-3.932524018e-27	-1.173760135e-26	-7.971899798e-30	-5.789619442e-31	-1.728056705e-30	
3.323	1.054299718e-39	7.656887695e-41	2.28538961e-40	-7.825844246e-25	-5.683546099e-26	-1.696396463e-25	-1.152152149e-28	-8.367544316e-30	-2.49750285e-29	
3.324	1.441549948e-38	1.046930571e-39	3.124826098e-39	-1.070032095e-23	-7.771144621e-25	-2.319492447e-24	-1.575344129e-27	-1.144099051e-28	-3.414849727e-28	
3.325	1.864716873e-37	1.354256994e-38	4.042118662e-38	-1.38413997e-22	-1.005236378e-23	-3.000379354e-23	-2.037786329e-26	-1.479949278e-27	-4.417278715e-27	
3.326	2.281989845e-36	1.657302915e-37	4.946634995e-37	-1.693872889e-21	-1.230180968e-22	-3.671782733e-22	-2.493787543e-25	-1.811121716e-26	-5.405745675e-26	
3.327	2.641995756e-35	1.918758437e-36	5.727014383e-36	-1.961097677e-20	-1.424253882e-21	-4.251041879e-21	-2.887206584e-24	-2.096843638e-25	-6.258554201e-25	
3.328	2.89379742e-34	2.101630254e-35	6.272841055e-35	-2.148004736e-19	-1.559995772e-20	-4.656197495e-20	-3.162378647e-23	-2.296688288e-24	-6.855040534e-24	
3.329	2.998622088e-33	2.177759528e-34	6.500067909e-34	-2.225813875e-18	-1.616504925e-19	-4.824863193e-19	-3.276932379e-22	-2.379883327e-23	-7.103356933e-23	
3.33	2.939631874e-32	2.134917684e-33	6.372195711e-33	-2.182026684e-17	-1.584704328e-18	-4.729946359e-18	-3.212467122e-21	-2.333065214e-22	-6.963616567e-22	
3.331	2.726350958e-31	1.98002169e-32	5.909869883e-32	-2.023712763e-16	-1.469728302e-17	-4.386771657e-17	-2.979391023e-20	-2.163792901e-21	-6.458381019e-21	
3.332	2.392148716e-30	1.737306171e-31	5.18542472e-31	-1.775641493e-15	-1.289565696e-16	-3.849031305e-16	-2.61417056e-19	-1.898550293e-20	-5.666698125e-20	
3.333	1.985693395e-29	1.442116607e-30	4.304357647e-30	-1.473938289e-14	-1.070452714e-15	-3.195033817e-15	-2.169991013e-18	-1.575963381e-19	-4.703856815e-19	
3.334	1.559386637e-28	1.132509869e-29	3.380258913e-29	-1.157499782e-13	-8.406381682e-15	-2.509094834e-14	-1.704117562e-17	-1.237621197e-18	-3.693989958e-18	
3.335	1.158545319e-27	8.413974926e-29	2.511361227e-28	-8.599637331e-13	-6.245515968e-14	-1.864130424e-13	-1.266073068e-16	-9.194898877e-18	-2.744447509e-17	
3.336	8.143101466e-27	5.913955237e-28	1.765167832e-27	-6.044452317e-12	-4.389804129e-13	-1.310246819e-12	-8.898884912e-16	-6.462845546e-17	-1.928997871e-16	
3.337	5.414823027e-26	3.932533708e-27	1.173763027e-26	-4.019308826e-11	-2.919036756e-12	-8.712595168e-12	-5.917387514e-15	-4.297522882e-16	-1.282703174e-15	
3.338	3.40640506e-25	2.473913304e-26	7.384012912e-26	-2.528502567e-10	-1.836333621e-11	-5.480996908e-11	-3.722562801e-14	-2.703523942e-15	-8.069343281e-15	
3.339	2.027336842e-24	1.472360302e-25	4.394627518e-25	-1.50484934e-09	-1.092901971e-10	-3.262039236e-10	-2.215499501e-13	-1.609014076e-14	-4.802504879e-14	
3.34	1.141492697e-23	8.290129679e-25	2.474396516e-24	-8.47305932e-09	-6.153588256e-10	-1.836692299e-09	-1.247437746e-12	-9.059559215e-14	-2.704052002e-13	
3.341	6.080481385e-23	4.415970363e-24	1.318056786e-23	-4.513412973e-08	-3.277881579e-09	-9.783657281e-09	-6.644827439e-12	-4.825828611e-13	-1.44038923e-12	
3.342	3.064223158e-22	2.225402529e-23	6.64227036e-23	-2.274508164e-07	-1.651869319e-08	-4.930417069e-08	-3.348622063e-11	-2.431948204e-12	-7.25875758e-12	
3.343	1.460899764e-21	1.060983441e-22	3.166770402e-22	-1.084395055e-06	-7.875456106e-08	-2.350626819e-07	-1.596489854e-10	-1.159456206e-11	-3.460686996e-11	
3.344	6.589281307e-21	4.785488043e-22	1.428348578e-21	-4.891084415e-06	-3.552166753e-07	-1.060232997e-06	-7.20085047e-10	-5.229642234e-11	-1.560917504e-10	
3.345	2.811727832e-20	2.042026936e-21	6.094940045e-21	-2.087086214e-05	-1.515753487e-06	-4.524145331e-06	-3.072691958e-09	-2.231553023e-10	-6.660628047e-10	
3.346	1.135079061e-19	8.243550423e-21	2.460493772e-20	-8.425452255e-05	-6.119013458e-06	-1.826372586e-05	-1.240428843e-08	-9.008656812e-10	-2.688858907e-09	
3.347	4.335074305e-19	3.14836251e-20	9.397075231e-20	-0.0003217834146	-2.33696303e-05	-6.975250572e-05	-4.737424373e-08	-3.440570618e-09	-1.02692434e-08	
3.348	1.566334743e-18	1.137555952e-19	3.395320211e-19	-0.001162657216	-8.443837697e-05	-0.0002520274518	-1.711710543e-07	-1.243135622e-08	-3.710449137e-08	
3.349	5.354146106e-18	3.888466873e-19	1.160610178e-18	-0.003974269639	-0.0002886326876	-0.0008614964351	-5.851079018e-07	-4.249366086e-08	-1.268329573e-07	
3.35	1.731463965e-17	1.257481606e-18	3.753268315e-18	-0.01285229157	-0.0009334020517	-0.002785971841	-1.892165866e-06	-1.374191903e-07	-4.101619383e-07	
3.351	5.297296719e-17	3.84717977e-18	1.14828701e-17	-0.03932071573	-0.002855680335	-0.008523492086	-5.788953332e-06	-4.204247021e-07	-1.25486266e-06	
3.352	1.533249203e-16	1.113527435e-17	3.323601092e-17	-0.1138098542	-0.008265479117	-0.02467038939	-1.675554279e-05	-1.216876957e-06	-3.632073584e-06	
3.353	4.198448252e-16	3.049137193e-17	9.100912456e-17	-0.3116419652	-0.02263310189	-0.06755415248	-4.588117886e-05	-3.332135955e-06	-9.945593027e-06	
3.354	1.087633259e-15	7.898972713e-17	2.357645936e-16	-0.8073272836	-0.05863240793	-0.1750030836	-0.0001188579575	-8.632098041e-06	-2.576465522e-05	
3.355	2.66559269e-15	1.935895314e-16	5.77816367e-16	-1.978613559	-0.1436974272	-0.4289009052	-0.0002912994152	-2.115571104e-05	-6.314450988e-05	
3.356	6.180487988e-15	4.488598258e-16	1.339734393e-15	-4.587647533	-0.3331791956	-0.9944566228	-0.0006754118458	-4.905197618e-05	-0.0001464078887	
3.357	1.355718377e-14	9.845941015e-16	2.938767296e-15	-10.0632192	-0.730843516	-2.181385213	-0.001481547422	-0.0001075977106	-0.0003211522711	
3.358	2.813416816e-14	2.043249363e-15	6.098588602e-15	-20.8834323	-1.516661287	-4.526854785	-0.003074542446	-0.0002232889504	-0.0006664616962	
3.359	5.523531571e-14	4.011466908e-15	1.197322581e-14	-41.0001411	-2.977628869	-8.887477579	-0.006036204504	-0.0004383784469	-0.001308450042	
3.36	1.025931465e-13	7.450799136e-15	2.223877201e-14	-76.15322557	-5.530577191	-16.50738915	-0.0112115809	-0.0008142337092	-0.002430283901	
3.361	1.802767775e-13	1.309243727e-14	3.907764863e-14	-133.8174248	-9.718262196	-29.00657836	-0.01970112994	-0.001430761408	-0.004270464425	
3.362	2.996977935e-13	2.176489457e-14	6.496275558e-14	-222.4653468	-16.15569734	-48.22070047	-0.03275221425	-0.002378506179	-0.007099243822	
3.363	4.713619145e-13	3.423039387e-14	1.021691225e-13	-349.9011562	-25.40873996	-75.83867994	-0.05151376872	-0.003740775487	-0.01116527139	
3.364	7.013947051e-13	5.093170306e-14	1.520182592e-13	-520.6883395	-37.80625643	-112.8420499	-0.07665757738	-0.005565985464	-0.0166130498	
3.365	9.874782693e-13	7.169501272e-14	2.139912795e-13	-733.1495764	-53.21977563	-158.8472244	-0.1079365143	-0.007835219763	-0.02338609928	
3.366	1.315498303e-12	9.548192948e-14	2.849885743e-13	-976.9134344	-70.87984603	-211.5572612	-0.1438232072	-0.010435191	-0.03114623848	
3.367	1.658567099e-12	1.203093056e-13	3.590903403e-13	-1232.261938	-89.31744311	-266.5867558	-0.1814136733	-0.01314961061	-0.03924779335	
3.368	1.979805374e-12	1.43433984e-13	4.281076547e-13	-1472.331962	-106.5028201	-317.8758593	-0.2167508364	-0.0156796237	-0.04679852932	
3.369	2.239212371e-12	1.618223671e-13	4.829834395e-13	-1668.446716	-120.1969796	-358.7386249	-0.2456084614	-0.01769554169	-0.05281395723	
3.37	2.403409289e-12	1.728135942e-13	5.157709974e-13	-1797.699033	-128.4483542	-383.3444038	-0.264606101	-0.01890994674	-0.05643537586	
3.371	2.455639102e-12	1.747878462e-13	5.21627588e-13	-1850.831507	-130.0946351	-388.2142815	-0.2723672925	-0.0191515485	-0.05715011241	
3.372	2.402833997e-12	1.676194308e-13	5.001655791e-13	-1837.957797	-125.1050713	-373.2413036	-0.270359847	-0.01841555324	-0.05494165054	
3.373	2.277167796e-12	1.527527071e-13	4.556783336e-13	-1790.005708	-114.6404874	-341.8687268	-0.2631070661	-0.01687248436	-0.05031582822	
3.374	2.131080388e-12	1.328675733e-13	3.961423057e-13	-1754.811987	-100.8023141	-300.3415843	-0.257613706	-0.01483124496	-0.04419068287	
3.375	2.026642322e-12	1.112432588e-13	3.313208191e-13	-1788.152451	-86.14680467	-256.2600266	-0.2620499774	-0.01266765656	-0.03768363527	
3.376	2.021625603e-12	9.102190191e-14	2.705714854e-13	-1941.229582	-73.11104503	-216.8727423	-0.2839186758	-0.01074007053	-0.03186057684	
3.377	2.15539853e-12	7.458265935e-14	2.209859781e-13	-2247.055794	-63.50875125	-187.5816471	-0.3280638759	-0.009315306166	-0.02751621175	
3.378	2.437813007e-12	6.317218954e-14	1.862957905e-13	-2708.749639	-58.2124851	-171.0039273	-0.3949625703	-0.00852205044	-0.02503650282	
3.379	2.843809811e-12	5.683901717e-14	1.666827963e-13	-3292.955895	-57.07250865	-166.7377056	-0.4797669186	-0.00833904961	-0.024364571	
3.38	3.315596209e-12	5.463190784e-14	1.593721455e-13	-3931.144331	-59.06003453	-171.7905771	-0.5724968111	-0.008616216122	-0.02506383548	
3.381	3.77282618e-12	5.497081758e-14	1.597321534e-13	-4530.075292	-62.57919852	-181.5018869	-0.6595682609	-0.009120402446	-0.02645334415	
3.382	4.129205871e-12	5.608369848e-14	1.625628081e-13	-4990.199326	-65.86775979	-190.7201735	-0.7264763997	-0.009594068049	-0.02778018006	
3.383	4.311773746e-12	5.641081422e-14	1.632828095e-13	-5227.832664	-67.39622659	-194.9704452	-0.7610267406	-0.009813618504	-0.02839009364	
3.384	4.277664621e-12	5.489911539e-14	1.587899058e-13	-5194.890205	-66.17813846	-191.3580367	-0.7562092957	-0.009634695563	-0.02785944213	
3.385	4.023389275e-12	5.113896704e-14	1.478583419e-13	-4890.015634	-61.92496385	-179.0179866	-0.7118191284	-0.009014754293	-0.0260606912	
3.386	3.583841911e-12	4.533344083e-14	1.310480247e-13	-4357.517968	-55.01919292	-159.0357231	-0.6343011771	-0.008009119217	-0.02315078871	
3.387	3.021672262e-12	3.813135165e-14	1.102181698e-13	-3674.706159	-46.33026758	-133.9122473	-0.5349059529	-0.006744140958	-0.01949316711	
3.388	2.410871247e-12	3.038768765e-14	8.783112777e-14	-2932.18345	-36.94205628	-106.7736808	-0.4268204353	-0.005377477379	-0.01554253585	
3.389	1.820005795e-12	2.292684187e-14	6.626513281e-14	-2213.657981	-27.87959676	-80.57931082	-0.3222287001	-0.004058278913	-0.01172948703	
3.39	1.299918066e-12	1.63705447e-14	4.73150225e-14	-1581.116591	-19.90966632	-57.54373413	-0.230153409	-0.002898133175	-0.008376303999	
3.391	8.783953377e-13	1.106052923e-14	3.196755383e-14	-1068.422307	-13.45258179	-38.88107117	-0.1555236261	-0.001958210983	-0.005659682629	
3.392	5.615496815e-13	7.070398352e-15	2.043507265e-14	-683.035974	-8.599790049	-24.85533952	-0.0994253115	-0.001251818702	-0.003618039423	
3.393	3.396308733e-13	4.276101307e-15	1.235889665e-14	-413.1081566	-5.201145032	-15.03247382	-0.06013358983	-0.0007570985695	-0.00218818442	
3.394	1.943324483e-13	2.446689273e-15	7.071478784e-15	-236.3755375	-2.976002223	-8.601309327	-0.03440771875	-0.0004331982077	-0.001252039321	
3.395	1.051966388e-13	1.324438354e-15	3.827921568e-15	-127.9556201	-1.610971601	-4.656065834	-0.0186257046	-0.0002344991398	-0.0006777546139	
3.396	5.387364875e-14	6.78272949e-16	1.96035944e-15	-65.52907506	-0.8250142903	-2.384474356	-0.009538660253	-0.0001200922068	-0.0003470931246	
3.397	2.610169482e-14	3.286214728e-16	9.497889543e-16	-31.74873507	-0.3997176498	-1.155272642	-0.004621466061	-5.818441502e-05	-0.0001681658614	
3.398	1.196406378e-14	1.506279334e-16	4.353481242e-16	-14.552462	-0.1832158783	-0.5295345023	-0.002118311454	-2.666959694e-05	-7.708104712e-05	
3.399	5.188076586e-15	6.531801287e-17	1.887835356e-16	-6.310505511	-0.07944940615	-0.2296263928	-0.0009185810685	-1.156495633e-05	-3.342528703e-05	
3.4	2.128392213e-15	2.679650428e-17	7.744783634e-17	-2.588865225	-0.03259386654	-0.09420349781	-0.0003768450212	-4.744486592e-06	-1.371261773e-05	
3.401	8.260656371e-16	1.040018311e-17	3.005883407e-17	-1.004783145	-0.01265023959	-0.03656199588	-0.0001462600378	-1.841416758e-06	-5.322102515e-06	
3.402	3.033158175e-16	3.818752065e-18	1.103703975e-17	-0.3689375382	-0.004644930707	-0.0134248791	-5.370394451e-05	-6.761336953e-07	-1.954176217e-06	
3.403	1.05364222e-16	1.326537574e-18	3.833987562e-18	-0.1281595437	-0.001613531094	-0.004663462432	-1.865538828e-05	-2.348716934e-07	-6.788312432e-07	
3.404	3.462652213e-17	4.35948571e-19	1.259987979e-18	-0.0421178954	-0.0005302650999	-0.001532583649	-6.130840274e-06	-7.718739503e-08	-2.230886769e-07	
3.405	1.076569778e-17	1.355403385e-19	3.917416149e-19	-0.01309483325	-0.0001648641976	-0.0004764940661	-1.906133493e-06	-2.399825663e-08	-6.936027982e-08	
3.406	3.166599189e-18	3.986754348e-20	1.152260356e-19	-0.003851686087	-4.849280039e-05	-0.0001401549394	-5.606660057e-07	-7.058795573e-09	-2.040148347e-08	
3.407	8.811738689e-19	1.10939956e-20	3.206410579e-20	-0.001071813933	-1.34941576e-05	-3.900110583e-05	-1.56017293e-07	-1.964260656e-09	-5.677148587e-09	
3.408	2.31978494e-19	2.920613606e-21	8.441220544e-21	-0.0002821665404	-3.552482054e-06	-1.026746038e-05	-4.107322964e-08	-5.171127341e-10	-1.494570397e-09	
3.409	5.777652813e-20	7.274075762e-22	2.102369093e-21	-7.027635527e-05	-8.847806351e-07	-2.557212108e-06	-1.022969227e-08	-1.287920182e-10	-3.722374736e-10	
3.41	1.361359287e-20	1.713953904e-22	4.953706603e-22	-1.65588643e-05	-2.084764131e-07	-6.025430334e-07	-2.410370964e-09	-3.034661579e-11	-8.77084446e-11	
3.411	3.034671439e-21	3.82065705e-23	1.104254555e-22	-3.691216054e-06	-4.647247956e-08	-1.343157645e-07	-5.373073803e-10	-6.764710026e-12	-1.955151107e-11	
3.412	6.399826455e-22	8.057393546e-24	2.328765291e-23	-7.784415095e-07	-9.800593248e-09	-2.832588635e-08	-1.133128926e-10	-1.426611449e-12	-4.123223233e-12	
3.413	1.276857168e-22	1.607565576e-24	4.646220759e-24	-1.55310246e-07	-1.955358918e-09	-5.651420592e-09	-2.260754726e-11	-2.846294453e-13	-8.226421723e-13	
3.414	2.410094332e-23	3.034313297e-25	8.76983785e-25	-2.931513038e-08	-3.69078043e-10	-1.066717334e-09	-4.267221338e-12	-5.372439692e-14	-1.552754127e-13	
3.415	4.303713626e-24	5.418383551e-26	1.566032921e-25	-5.23481278e-09	-6.590639137e-11	-1.904840763e-10	-7.619991623e-13	-9.593583787e-15	-2.772758314e-14	
3.416	7.27060064e-25	9.153699883e-27	2.645622117e-26	-8.843579395e-10	-1.113408309e-11	-3.217996752e-11	-1.28730489e-13	-1.620719278e-15	-4.684237875e-15	
3.417	1.162023248e-25	1.462989455e-27	4.228363731e-27	-1.413424469e-10	-1.779504066e-12	-5.143161097e-12	-2.057434156e-14	-2.590313473e-16	-7.486579965e-16	
3.418	1.757020969e-26	2.212092705e-28	6.393438128e-28	-2.137148663e-11	-2.690674186e-13	-7.776644667e-13	-3.110914486e-15	-3.916647189e-17	-1.131997833e-16	
3.419	2.513371426e-27	3.164339354e-29	9.145641967e-29	-3.057133909e-12	-3.848937343e-14	-1.112428187e-13	-4.450079833e-16	-5.602658881e-18	-1.619292574e-17	
3.42	3.401370993e-28	4.282332478e-30	1.237688985e-29	-4.137250265e-13	-5.208805866e-15	-1.505460325e-14	-6.022338083e-17	-7.582134975e-19	-2.191405032e-18	
3.421	4.354807229e-29	5.482710493e-31	1.584624832e-30	-5.296960373e-14	-6.668883074e-16	-1.927454994e-15	-7.710456012e-18	-9.707478623e-20	-2.805676445e-19	
3.422	5.274744985e-30	6.640913859e-32	1.919371272e-31	-6.415924678e-15	-8.077661238e-17	-2.334623103e-16	-9.339262807e-19	-1.175814944e-20	-3.398365756e-20	
3.423	6.044377802e-31	7.609883023e-33	2.199424833e-32	-7.352065893e-16	-9.256264789e-18	-2.675265648e-17	-1.070194539e-19	-1.347376938e-21	-3.894217937e-21	
3.424	6.552685697e-32	8.249843618e-34	2.384387627e-33	-7.970345103e-17	-1.003467948e-18	-2.900244743e-18	-1.160193601e-20	-1.460685927e-22	-4.221706024e-22	
3.425	6.720547792e-33	8.461182312e-35	2.445469193e-34	-8.1745238e-18	-1.029174084e-19	-2.974541174e-19	-1.189914625e-21	-1.498104752e-23	-4.329854721e-23	
3.426	6.520901073e-34	8.209826717e-36	2.372821855e-35	-7.931683945e-19	-9.986005006e-21	-2.886176742e-20	-1.154565937e-22	-1.453600686e-24	-4.201228109e-24	
3.427	5.985881992e-35	7.536236688e-37	2.17813941e-36	-7.280914641e-20	-9.166685229e-22	-2.64937517e-21	-1.059837494e-23	-1.334337398e-25	-3.856530778e-25	
3.428	5.198359269e-36	6.544744098e-38	1.891576079e-37	-6.323013076e-21	-7.960685357e-23	-2.300814481e-22	-9.204017163e-25	-1.158787492e-26	-3.349152646e-26	
3.429	4.270925863e-37	5.377103696e-39	1.554102128e-38	-5.194931455e-22	-6.540428474e-24	-1.890328768e-23	-7.561938857e-26	-9.520495245e-28	-2.751634105e-27	
3.43	3.319673531e-38	4.17947522e-40	1.207960958e-39	-4.037877734e-23	-5.083695663e-25	-1.469300704e-24	-5.877687666e-27	-7.400019828e-29	-2.138769719e-28	
3.431	2.441104211e-39	3.073354793e-41	8.882676425e-41	-2.969231838e-24	-3.738268469e-26	-1.08044243e-25	-4.32212625e-28	-5.441565079e-30	-1.572732896e-29	
3.432	1.698223574e-40	2.138066674e-42	6.179486496e-42	-2.065630579e-25	-2.600632784e-27	-7.516405061e-27	-3.006810056e-29	-3.785579516e-31	-1.094116371e-30	
3.433	1.117689091e-41	1.407172668e-43	4.067040847e-43	-1.359498713e-26	-1.711611437e-28	-4.946936356e-28	-1.978937785e-30	-2.491486393e-32	-7.200947804e-32	
3.434	6.959287207e-43	8.761755684e-45	2.532341558e-44	-8.464913972e-28	-1.065734261e-29	-3.080208188e-29	-1.232184918e-31	-1.55132313e-33	-4.483667626e-33	
3.435	4.099454866e-44	5.161221387e-46	1.491707356e-45	-4.986363077e-29	-6.277840494e-31	-1.814435023e-30	-7.258338832e-33	-9.138262243e-35	-2.641160297e-34	
3.436	2.284573105e-45	2.876281837e-47	8.313091908e-47	-2.778835565e-30	-3.498559204e-32	-1.01116114e-31	-4.044978229e-34	-5.092635199e-36	-1.471884428e-35	
3.437	1.204485598e-46	1.516449634e-48	4.382875495e-48	-1.465073457e-31	-1.844530239e-33	-5.331101148e-33	-2.132616378e-35	-2.684968032e-37	-7.760152616e-37	
3.438	6.007804123e-48	7.563836692e-50	2.186116423e-49	-7.307579577e-33	-9.200256434e-35	-2.659077992e-34	-1.063718943e-36	-1.33922415e-38	-3.870654573e-38	
3.439	2.834963808e-49	3.569224767e-51	1.031585054e-50	-3.448302109e-34	-4.341418841e-36	-1.254766253e-35	-5.019479069e-38	-6.319533591e-40	-1.826485252e-39	
3.44	1.26560119e-50	1.593394279e-52	4.605262571e-52	-1.539411276e-35	-1.938121692e-37	-5.601601188e-37	-2.24082532e-39	-2.821203294e-41	-8.153902713e-41	
3.441	5.34519842e-52	6.729614866e-54	1.945007828e-53	-6.501620561e-37	-8.185552516e-39	-2.365806073e-38	-9.464004978e-41	-1.191520007e-42	-3.443756868e-42	
3.442	2.135740039e-53	2.688900726e-55	7.771518975e-55	-2.597802786e-38	-3.270638595e-40	-9.45287033e-40	-3.781460064e-42	-4.760865334e-44	-1.375995585e-43	
3.443	8.073289923e-55	1.01642872e-56	2.937704247e-56	-9.819928772e-40	-1.23633088e-41	-3.57327022e-41	-1.429426001e-43	-1.799650024e-45	-5.201387382e-45	
3.444	2.887156393e-56	3.634935329e-58	1.050576862e-57	-3.511786446e-41	-4.421345742e-43	-1.277866899e-42	-5.111889274e-45	-6.435878212e-47	-1.860111426e-46	
3.445	9.768045445e-58	1.229798759e-59	3.554390944e-59	-1.188134099e-42	-1.495863066e-44	-4.323375752e-44	-1.729492966e-46	-2.177434898e-48	-6.293269387e-48	
3.446	3.126530248e-59	3.936307463e-61	1.137680088e-60	-3.802948318e-44	-4.787919087e-46	-1.383814719e-45	-5.535715516e-48	-6.969476248e-50	-2.014333083e-49	
3.447	9.4674975e-61	1.191959716e-62	3.445027725e-62	-1.151577015e-45	-1.449837628e-47	-4.190352037e-47	-1.676279091e-49	-2.110438528e-51	-6.099635032e-51	
3.448	2.712222815e-62	3.414693626e-64	9.869221293e-64	-3.299006366e-47	-4.153455221e-49	-1.200440602e-48	-4.802158536e-51	-6.04592663e-53	-1.747406777e-52	
3.449	7.350775038e-64	9.2546396e-66	2.674795932e-65	-8.941099351e-49	-1.12568609e-50	-3.253482259e-50	-1.301500264e-52	-1.638591281e-54	-4.735891922e-54	
3.45	1.884770606e-65	2.372929738e-67	6.858292798e-67	-2.292536658e-50	-2.886307965e-52	-8.342069642e-52	-3.337103134e-54	-4.201419123e-56	-1.214303232e-55	
3.451	4.571949973e-67	5.756093617e-69	1.663638613e-68	-5.561081481e-52	-7.001412046e-54	-2.023563236e-53	-8.094920695e-56	-1.019152038e-57	-2.94557524e-57	
3.452	1.04920908e-68	1.320956206e-70	3.817856165e-70	-1.2762032e-53	-1.606742229e-55	-4.643841106e-55	-1.857689683e-57	-2.338834805e-59	-6.759750886e-59	
3.453	2.277929152e-70	2.867917087e-72	8.288915928e-72	-2.770754207e-55	-3.488384759e-57	-1.0082205e-56	-4.033214698e-59	-5.077824892e-61	-1.467603921e-60	
3.454	4.67881621e-72	5.89063841e-74	1.70252504e-73	-5.691067998e-57	-7.165065315e-59	-2.070862658e-58	-8.284133988e-61	-1.042974027e-62	-3.014426068e-62	
3.455	9.091789258e-74	1.144657978e-75	3.308315218e-75	-1.105877824e-58	-1.392302261e-60	-4.024062075e-60	-1.609757619e-62	-2.02668787e-64	-5.857577069e-64	
3.456	1.671399763e-75	2.104295446e-77	6.081880163e-77	-2.033003494e-60	-2.559555224e-62	-7.397681808e-62	-2.959316837e-64	-3.725785464e-66	-1.076834565e-65	
3.457	2.906892112e-77	3.659782638e-79	1.057758285e-78	-3.535791946e-62	-4.451568712e-64	-1.286602007e-63	-5.146832589e-66	-6.479871911e-68	-1.87282658e-67	
3.458	4.782941751e-79	6.021732662e-81	1.740414184e-80	-5.817720876e-64	-7.324521526e-66	-2.116949036e-65	-8.46849471e-68	-1.066185077e-69	-3.081511145e-69	
3.459	7.445242908e-81	9.373574826e-83	2.709170848e-82	-9.056005141e-66	-1.140152751e-67	-3.295294114e-67	-1.318226386e-69	-1.659649499e-71	-4.796754841e-71	
3.46	1.09642834e-82	1.380405343e-84	3.989677346e-84	-1.333638245e-67	-1.679053059e-69	-4.852835428e-69	-1.941294308e-71	-2.444093186e-73	-7.063970932e-73	
3.461	1.527563367e-84	1.923205152e-86	5.558489082e-86	-1.858048404e-69	-2.339286435e-71	-6.761056197e-71	-2.704645585e-73	-3.405153879e-75	-9.84164931e-75	
3.462	2.013426676e-86	2.534907972e-88	7.326445789e-88	-2.449027191e-71	-3.08332984e-73	-8.911506521e-73	-3.564896676e-75	-4.488211621e-77	-1.29719262e-76	
3.463	2.510672138e-88	3.160940944e-90	9.13581981e-90	-3.053850635e-73	-3.844803694e-75	-1.111233471e-74	-4.445300575e-77	-5.596641785e-79	-1.617553501e-78	
3.464	2.96184133e-90	3.728963805e-92	1.077753176e-91	-3.602629308e-75	-4.535717076e-77	-1.310922749e-76	-5.244123583e-79	-6.602361455e-81	-1.908228772e-80	
3.465	3.305606671e-92	4.161765017e-94	1.202842317e-93	-4.020767539e-77	-5.062153895e-79	-1.463074656e-78	-5.852781418e-81	-7.368662815e-83	-2.129706847e-82	
3.466	3.490263092e-94	4.394247798e-96	1.270034993e-95	-4.245373978e-79	-5.344933825e-81	-1.544804322e-80	-6.179727053e-83	-7.780287984e-85	-2.248675643e-84	
3.467	3.486444488e-96	4.389440169e-98	1.268645481e-97	-4.240729227e-81	-5.339086075e-83	-1.543114193e-82	-6.172965978e-85	-7.771775778e-87	-2.246215427e-86	
3.468	3.294768807e-98	4.148120126e-100	1.198898641e-99	-4.007584927e-83	-5.045556962e-85	-1.458277774e-84	-5.833592309e-87	-7.344503691e-89	-2.122724325e-88	
3.469	2.945674384e-100	3.708609591e-102	1.071870357e-101	-3.582964679e-85	-4.510959271e-87	-1.303767195e-86	-5.215499004e-89	-6.566323057e-91	-1.897812877e-90	
3.47	2.491507115e-102	3.136812145e-104	9.066082232e-104	-3.030539301e-87	-3.815454681e-89	-1.102750955e-88	-4.411367715e-91	-5.553920251e-93	-1.60520603e-92	
3.471	1.993687687e-104	2.510056548e-106	7.254619666e-106	-2.425017714e-89	-3.053101864e-91	-8.824140971e-91	-3.529947573e-93	-4.444210635e-95	-1.28447536e-94	
3.472	1.509279672e-106	1.900185946e-108	5.491958477e-108	-1.835809072e-91	-2.311287074e-93	-6.680131839e-93	-2.672273171e-95	-3.364396949e-97	-9.723852751e-97	
3.473	1.080935849e-108	1.360900267e-110	3.933303354e-110	-1.314793986e-93	-1.655328102e-95	-4.784265044e-95	-1.913863892e-97	-2.40955824e-99	-6.964157286e-99	
3.474	7.323989599e-111	9.220916683e-113	2.665049262e-112	-8.908518941e-96	-1.12158421e-97	-3.241626917e-97	-1.296757736e-99	-1.632620429e-101	-4.718634838e-101	
3.475	4.694757008e-113	5.910707904e-115	1.708325569e-114	-5.710457553e-98	-7.189476801e-100	-2.077918118e-99	-8.312358158e-102	-1.046527456e-103	-3.024696263e-103	
3.476	2.847056725e-115	3.584449772e-117	1.035985417e-116	-3.463011302e-100	-4.359937743e-102	-1.260118626e-101	-5.040890328e-104	-6.346490405e-106	-1.834276369e-105	
3.477	1.633415689e-117	2.056473425e-119	5.943663923e-119	-1.986801647e-102	-2.501387011e-104	-7.229562783e-104	-2.892063679e-106	-3.641113612e-108	-1.052362523e-107	
3.478	8.865738683e-120	1.116198168e-121	3.226060061e-121	-1.078382211e-104	-1.357685232e-106	-3.924011192e-106	-1.569733964e-108	-1.976298013e-110	-5.711939217e-110	
3.479	4.552508144e-122	5.731616317e-124	1.656564131e-123	-5.537433455e-107	-6.971639136e-109	-2.014958206e-108	-8.060497732e-111	-1.014818181e-112	-2.933049431e-112	
3.48	2.211587556e-124	2.784392894e-126	8.0475125e-126	-2.690059751e-109	-3.386790286e-111	-9.788574459e-111	-3.915752793e-113	-4.929940133e-115	-1.424861949e-114	
3.481	1.016424548e-126	1.279680418e-128	3.698559992e-128	-1.236325805e-111	-1.556536514e-113	-4.498735463e-113	-1.799642637e-115	-2.265753466e-117	-6.548529619e-117	
3.482	4.419404506e-129	5.564038586e-131	1.608130454e-130	-5.375533131e-114	-6.767806324e-116	-1.956046006e-115	-7.824829493e-118	-9.851475051e-120	-2.847294604e-119	
3.483	1.817899894e-131	2.288739386e-133	6.614964022e-133	-2.211198612e-116	-2.783903212e-118	-8.04609721e-118	-3.218704394e-120	-4.052354887e-122	-1.171220365e-121	
3.484	7.074467823e-134	8.906768297e-136	2.574253417e-135	-8.605013666e-119	-1.083372839e-120	-3.131187587e-120	-1.25257836e-122	-1.576998511e-124	-4.557875169e-124	
3.485	2.604564928e-136	3.279152144e-138	9.477476374e-138	-3.168056928e-121	-3.988589632e-123	-1.152790793e-122	-4.611543578e-125	-5.805942039e-127	-1.678045912e-126	
3.486	9.071815356e-139	1.14214326e-140	3.301047126e-140	-1.103448303e-123	-1.389243489e-125	-4.015221546e-125	-1.606221115e-127	-2.022235406e-129	-5.844708461e-129	
3.487	2.989309053e-141	3.763545721e-143	1.087748116e-142	-3.636039614e-126	-4.577780714e-128	-1.323080072e-127	-5.292756888e-130	-6.663590879e-132	-1.925925433e-131	
3.488	9.318908205e-144	1.173252296e-145	3.390959135e-145	-1.133503388e-128	-1.427082898e-130	-4.124585824e-130	-1.649970435e-132	-2.077315882e-134	-6.003903243e-134	
3.489	2.748380456e-146	3.460216164e-148	1.000079152e-147	-3.342986635e-131	-4.208826462e-133	-1.216444117e-132	-4.86617788e-135	-6.126527104e-137	-1.7707021e-136	
3.49	7.668426697e-149	9.654563637e-151	2.790382841e-150	-9.327474261e-134	-1.174330764e-135	-3.394076146e-135	-1.357742458e-137	-1.709400309e-139	-4.940545706e-139	
3.491	2.024199395e-151	2.548470846e-153	7.365645501e-153	-2.462130565e-136	-3.099827013e-138	-8.959187006e-138	-3.583970444e-140	-4.51222553e-142	-1.304133172e-141	
3.492	5.054962199e-154	6.364206917e-156	1.839396833e-155	-6.148592359e-139	-7.741089347e-141	-2.237346368e-140	-8.950123766e-143	-1.126822266e-144	-3.256766058e-144	
3.493	1.194263433e-156	1.503579909e-158	4.345679139e-158	-1.452639749e-141	-1.828876177e-143	-5.285857441e-143	-2.114517403e-145	-2.662181387e-147	-7.694294164e-147	
3.494	2.669315812e-159	3.360673629e-161	9.713091531e-161	-3.246816527e-144	-4.087748115e-146	-1.181449792e-145	-4.72618903e-148	-5.950280879e-150	-1.719763036e-149	
3.495	5.644394817e-162	7.106303693e-164	2.053879247e-163	-6.865547453e-147	-8.643737158e-149	-2.498231589e-148	-9.993750737e-151	-1.258215098e-152	-3.63652046e-152	
3.496	1.129152008e-164	1.421604502e-166	4.108752045e-166	-1.373441607e-149	-1.729165567e-151	-4.997671681e-151	-1.999233589e-153	-2.517038849e-155	-7.274800064e-155	
3.497	2.137002543e-167	2.690490221e-169	7.776112966e-169	-2.59933843e-152	-3.272571973e-154	-9.458458222e-154	-3.783695405e-156	-4.763679633e-158	-1.37680898e-157	
3.498	3.826266963e-170	4.817277304e-172	1.392299894e-171	-4.654071562e-155	-5.859484851e-157	-1.693520971e-156	-6.774642725e-159	-8.529287934e-161	-2.465153227e-160	
3.499	6.48131454e-173	8.159987198e-175	2.35841713e-174	-7.883532951e-158	-9.925382815e-160	-2.868655585e-159	-1.147556896e-161	-1.444776291e-163	-4.17572365e-163	
3.5	1.038648337e-175	1.30766021e-177	3.779427792e-177	-1.263357663e-160	-1.590569674e-162	-4.597098837e-162	-1.838991233e-164	-2.315293421e-166	-6.691711069e-166	
3.501	1.574677286e-178	1.982521665e-180	5.72992695e-180	-1.915355318e-163	-2.411435948e-165	-6.969584277e-165	-2.788063698e-167	-3.51017744e-169	-1.014519068e-168	
3.502	2.258562938e-181	2.843534987e-183	8.218446255e-183	-2.747198154e-166	-3.458727644e-168	-9.996489363e-168	-3.998925616e-170	-5.034654873e-172	-1.455126829e-171	
3.503	3.06471739e-184	3.858484959e-186	1.115187659e-185	-3.727762382e-169	-4.693259852e-171	-1.356456102e-170	-5.426272022e-173	-6.831686683e-175	-1.974508845e-174	
3.504	3.934289098e-187	4.953277375e-189	1.431606929e-188	-4.785464052e-172	-6.024908243e-174	-1.741331998e-173	-6.965902607e-176	-8.770084485e-178	-2.534748766e-177	
3.505	4.778149208e-190	6.015698841e-192	1.738670276e-191	-5.811891476e-175	-7.3171823e-177	-2.114827838e-176	-8.460009215e-179	-1.065116752e-180	-3.078423448e-180	
3.506	5.489979802e-193	6.911894898e-195	1.997690797e-194	-6.677725082e-178	-8.40726844e-180	-2.429886889e-179	-9.720349386e-182	-1.223793816e-183	-3.537035328e-183	
3.507	5.96759563e-196	7.513214123e-198	2.171485379e-197	-7.258672063e-181	-9.138681782e-183	-2.641281553e-182	-1.05659978e-184	-1.330261111e-186	-3.844749403e-186	
3.508	6.136851708e-199	7.726307844e-201	2.233074186e-200	-7.464546328e-184	-9.397877869e-186	-2.716194966e-185	-1.086567617e-187	-1.367990674e-189	-3.953796202e-189	
3.509	5.970483083e-202	7.516849432e-204	2.172536063e-203	-7.26218421e-187	-9.143103581e-189	-2.642559551e-188	-1.057111021e-190	-1.330904764e-192	-3.846609705e-192	
3.51	5.4952938e-205	6.918585231e-207	1.999624451e-206	-6.684188752e-190	-8.415406212e-192	-2.432238885e-191	-9.729758147e-194	-1.224978381e-195	-3.540458983e-195	
3.511	4.785088363e-208	6.024435251e-210	1.741195292e-209	-5.820331902e-193	-7.327808814e-195	-2.117899135e-194	-8.47229542e-197	-1.066663587e-198	-3.082894145e-198	
3.512	3.941909133e-211	4.962871014e-213	1.434379703e-212	-4.794732666e-196	-6.036577445e-198	-1.744704656e-197	-6.979394351e-200	-8.787070617e-202	-2.539658135e-201	
3.513	3.072138968e-214	3.86782874e-216	1.117888219e-215	-3.736789602e-199	-4.704625139e-201	-1.359740922e-200	-5.439412385e-203	-6.848230425e-205	-1.979290353e-204	
3.514	2.265127781e-217	2.851800137e-219	8.242334369e-219	-2.755183287e-202	-3.468780941e-204	-1.002554562e-203	-4.010549077e-206	-5.049288832e-208	-1.459356368e-207	
3.515	1.580018446e-220	1.989246196e-222	5.749362333e-222	-1.921852026e-205	-2.419615316e-207	-6.993224464e-207	-2.797520553e-209	-3.522083638e-211	-1.017960223e-210	
3.516	1.042675596e-223	1.312730537e-225	3.794082161e-225	-1.268256211e-208	-1.596736956e-210	-4.614923647e-210	-1.846121745e-212	-2.32427075e-214	-6.717657538e-214	
3.517	6.509593395e-227	8.19559033e-229	2.368707224e-228	-7.917929875e-212	-9.968688607e-214	-2.881171919e-213	-1.152563842e-215	-1.451080046e-217	-4.1939429e-217	
3.518	3.844820923e-230	4.840636774e-232	1.399051299e-231	-4.676639631e-215	-5.887898092e-217	-1.701733028e-216	-6.80749366e-219	-8.570647323e-221	-2.477107007e-220	
3.519	2.1484041e-233	2.704844804e-235	7.817600891e-235	-2.61320669e-218	-3.290032139e-220	-9.50892197e-220	-3.80388257e-222	-4.789095311e-224	-1.384154674e-223	
3.52	1.135725638e-236	1.429880714e-238	4.132672134e-238	-1.381437428e-221	-1.73923232e-223	-5.02676683e-223	-2.010872608e-225	-2.531692397e-227	-7.317152063e-227	
3.521	5.68000199e-240	7.15113319e-242	2.066835965e-241	-6.908858161e-225	-8.698265421e-227	-2.513991465e-226	-1.005679544e-228	-1.266152438e-230	-3.659461132e-230	
3.522	2.687454669e-243	3.383510483e-245	9.779095102e-245	-3.268879686e-228	-4.115525673e-230	-1.189478122e-229	-4.758304999e-232	-5.990714945e-234	-1.731449377e-233	
3.523	1.202960614e-246	1.514529676e-248	4.37732639e-248	-1.463218546e-231	-1.842194902e-233	-5.324351506e-233	-2.129916299e-235	-2.681568627e-237	-7.750327583e-237	
3.524	5.094238461e-250	6.413655805e-252	1.853688658e-251	-6.196365956e-235	-7.801236394e-237	-2.254730198e-236	-9.019664821e-239	-1.135577498e-240	-3.282070618e-240	
3.525	2.040914136e-253	2.569514736e-255	7.426467006e-255	-2.482461504e-238	-3.125423703e-240	-9.033167113e-240	-3.613564928e-242	-4.549485041e-244	-1.314901996e-243	
3.526	7.735489454e-257	9.738995773e-259	2.8147856e-258	-9.4090459e-242	-1.184600649e-243	-3.423758389e-243	-1.369616335e-245	-1.724349542e-247	-4.983752302e-247	
3.527	2.773757339e-260	3.492165707e-262	1.009313278e-261	-3.373853752e-245	-4.24768822e-247	-1.227676027e-246	-4.911109223e-249	-6.18309575e-251	-1.787051693e-250	
3.528	9.409504005e-264	1.184658324e-265	3.423925084e-265	-1.144522989e-248	-1.440956596e-250	-4.164683885e-250	-1.666010983e-252	-2.097510962e-254	-6.062271499e-254	
3.529	3.019830728e-267	3.801972567e-269	1.098854326e-268	-3.673164587e-252	-4.624521125e-254	-1.336589087e-253	-5.346797404e-256	-6.73162799e-258	-1.945589666e-257	
3.53	9.168875371e-271	1.154363134e-272	3.33636527e-272	-1.115254177e-255	-1.404107106e-257	-4.058180695e-257	-1.623406193e-259	-2.04387145e-261	-5.907241424e-261	
3.531	2.633705075e-274	3.315839643e-276	9.583511377e-276	-3.203501483e-259	-4.033214393e-261	-1.165688338e-260	-4.663138012e-263	-5.870899529e-265	-1.696820066e-264	
3.532	7.157079029e-278	9.010775961e-280	2.604313936e-279	-8.705497629e-263	-1.096023789e-264	-3.167751635e-264	-1.267205186e-266	-1.595413712e-268	-4.611099181e-268	
3.533	1.840018062e-281	2.316586202e-283	6.695447492e-283	-2.238101999e-266	-2.817774626e-268	-8.143993105e-268	-3.257865983e-270	-4.101659401e-272	-1.185470462e-271	
3.534	4.475339237e-285	5.634460518e-287	1.628483952e-286	-5.443569221e-270	-6.853463889e-272	-1.980802941e-271	-7.9238654e-274	-9.976161445e-276	-2.883331735e-275	
3.535	1.029787076e-288	1.296503866e-290	3.747183485e-290	-1.252579287e-273	-1.576999679e-275	-4.557878543e-275	-1.823301821e-277	-2.295540423e-279	-6.634620526e-279	
3.536	2.241746572e-292	2.822363152e-294	8.157254959e-294	-2.726743605e-277	-3.432975327e-279	-9.922059462e-279	-3.9691512e-281	-4.997168827e-283	-1.444292531e-282	
3.537	4.616822661e-296	5.812588415e-298	1.679966862e-297	-5.615662278e-281	-7.070129372e-283	-2.043424066e-282	-8.174370568e-285	-1.029154792e-286	-2.974485416e-286	
3.538	8.995337714e-300	1.132514709e-301	3.273218485e-301	-1.094145961e-284	-1.377531823e-286	-3.981372238e-286	-1.592680275e-288	-2.005187462e-290	-5.795436127e-290	
3.539	1.658094683e-303	2.087526167e-305	6.03348026e-305	-2.016820015e-288	-2.539180193e-290	-7.338793454e-290	-2.935759552e-292	-3.696126799e-294	-1.068262553e-293	
3.54	2.890284028e-307	3.458459521e-309	1.037537856e-308	-3.517034472e-292	-4.427953017e-294	-1.279776548e-293	-5.1195285e-296	-6.445496012e-298	-1.862891183e-297	
3.541	0	0	0	-5.80234715e-296	-7.305165977e-298	-2.111354854e-297	-8.446116134e-300	-1.06336761e-301	-3.073368041e-301	
3.542	0	0	0	-9.056249809e-300	-1.140183556e-301	-3.295383145e-301	-1.318262001e-303	-1.659694339e-305	-4.796884436e-305	
3.543	0	0	0	-1.337244006e-303	-1.683578095e-305	-4.865953733e-305	-1.94654308e-307	-2.450701399e-309	-7.083070133e-309	
3.544	0	0	0	-1.867568141e-307	-2.470328229e-309	-6.916919042e-309	-2.719217254e-311	-3.423499637e-313	-9.894672618e-313	
3.545	0	0	0	-0	0	0	-3.593696494e-315	-4.524471368e-317	-1.307672201e-316	
3.546	0	0	0	0	0	0	-4.49323061e-319	-5.652110988e-321	-1.634369156e-320	
3.547	0	0	0	0	0	0	-5.92878775e-323	0	0	
3.548	0	0	0	0	0	0	0	0	0	
3.549	0	0	0	0	0	0	0	0	0	
3.55	0	0	0	0	0	0	0	0	0	
3.551	0	0	0	0	0	0	0	0	0	
3.552	0	0	0	0	0	0	0	0	0	
3.553	0	0	0	0	0	0	0	0	0	
3.554	0	0	0	0	0	0	0	0	0	
3.555	0	0	0	0	0	0	0	0	0	
3.556	0	0	0	0	0	0	0	0	0	
3.557	0	0	0	0	0	0	0	0	0	
3.558	0	0	0	0	0	0	0	0	0	
3.559	0	0	0	0	0	0	0	0	0	
3.56	0	0	0	0	0	0	0	0	0	
3.561	0	0	0	0	0	0	0	0	0	
3.562	0	0	0	0	0	0	0	0	0	
3.563	0	0	0	0	0	0	0	0	0	
3.564	0	0	0	0	0	0	0	0	0	
3.565	0	0	0	0	0	0	0	0	0	
3.566	0	0	0	0	0	0	0	0	0	
3.567	0	0	0	0	0	0	0	0	0	
3.568	0	0	0	0	0	0	0	0	0	
3.569	0	0	0	0	0	0	0	0	0	
3.57	0	0	0	0	0	0	0	0	0	
3.571	0	0	0	0	0	0	0	0	0	
3.572	0	0	0	0	0	0	0	0	0	
3.573	0	0	0	0	0	0	0	0	0	
3.574	0	0	0	0	0	0	0	0	0	
3.575	0	0	0	0	0	0	0	0	0	
3.576	0	0	0	0	0	0	0	0	0	
3.577	0	0	0	0	0	0	0	0	0	
3.578	0	0	0	0	0	0	0	0	0	
3.579	0	0	0	0	0	0	0	0	0	
3.58	0	0	0	0	0	0	0	0	0	
3.581	0	0	0	0	0	0	0	0	0	
3.582	0	0	0	0	0	0	0	0	0	
3.583	0	0	0	0	0	0	0	0	0	
3.584	0	0	0	0	0	0	0	0	0	
3.585	0	0	0	0	0	0	0	0	0	
3.586	0	0	0	0	0	0	0	0	0	
3.587	0	0	0	0	0	0	0	0	0	
3.588	0	0	0	0	0	0	0	0	0	
3.589	0	0	0	0	0	0	0	0	0	
3.59	0	0	0	0	0	0	0	0	0	
3.591	0	0	0	0	0	0	0	0	0	
3.592	0	0	0	0	0	0	0	0	0	
3.593	0	0	0	0	0	0	0	0	0	
3.594	0	0	0	0	0	0	0	0	0	
3.595	0	0	0	0	0	0	0	0	0	
3.596	0	0	0	0	0	0	0	0	0	
3.597	0	0	0	0	0	0	0	0	0	
3.598	0	0	0	0	0	0	0	0	0	
3.599	0	0	0	0	0	0	0	0	0	
3.6	0	0	0	0	0	0	0	0	0	
3.601	0	0	0	0	0	0	0	0	0	
3.602	0	0	0	0	0	0	0	0	0	
3.603	0	0	0	0	0	0	0	0	0	
3.604	0	0	0	0	0	0	0	0	0	
3.605	0	0	0	0	0	0	0	0	0	
3.606	0	0	0	0	0	0	0	0	0	
3.607	0	0	0	0	0	0	0	0	0	
3.608	0	0	0	0	0	0	0	0	0	
3.609	0	0	0	0	0	0	0	0	0	
3.61	0	0	0	0	0	0	0	0	0	
3.611	0	0	0	0	0	0	0	0	0	
3.612	0	0	0	0	0	0	0	0	0	
3.613	0	0	0	0	0	0	0	0	0	
3.614	0	0	0	0	0	0	0	0	0	
3.615	0	0	0	0	0	0	0	0	0	
3.616	0	0	0	0	0	0	0	0	0	
3.617	0	0	0	0	0	0	0	0	0	
3.618	0	0	0	0	0	0	0	0	0	
3.619	0	0	0	0	0	0	0	0	0	
3.62	0	0	0	0	0	0	0	0	0	
3.621	0	0	0	0	0	0	0	0	0	
3.622	0	0	0	0	0	0	0	0	0	
3.623	0	0	0	0	0	0	0	0	0	
3.624	0	0	0	0	0	0	0	0	0	
3.625	0	0	0	0	0	0	0	0	0	
3.626	0	0	0	0	0	0	0	0	0	
3.627	0	0	0	0	0	0	0	0	0	
3.628	0	0	0	0	0	0	0	0	0	
3.629	0	0	0	0	0	0	0	0	0	
3.63	0	0	0	0	0	0	0	0	0	
3.631	0	0	0	0	0	0	0	0	0	
3.632	0	0	0	0	0	0	0	0	0	
3.633	0	0	0	0	0	0	0	0	0	
3.634	0	0	0	0	0	0	0	0	0	
3.635	0	0	0	0	0	0	0	0	0	
3.636	0	0	0	0	0	0	0	0	0	
3.637	0	0	0	0	0	0	0	0	0	
3.638	0	0	0	0	0	0	0	0	0	
3.639	0	0	0	0	0	0	0	0	0	
3.64	0	0	0	0	0	0	0	0	0	
3.641	0	0	0	0	0	0	0	0	0	
3.642	0	0	0	0	0	0	0	0	0	
3.643	0	0	0	0	0	0	0	0	0	
3.644	0	0	0	0	0	0	0	0	0	
3.645	0	0	0	0	0	0	0	0	0	
3.646	0	0	0	0	0	0	0	0	0	
3.647	0	0	0	0	0	0	0	0	0	
3.648	0	0	0	0	0	0	0	0	0	
3.649	0	0	0	0	0	0	0	0	0	
3.65	0	0	0	0	0	0	0	0	0	
3.651	0	0	0	0	0	0	0	0	0	
3.652	0	0	0	0	0	0	0	0	0	
3.653	0	0	0	0	0	0	0	0	0	
3.654	0	0	0	0	0	0	0	0	0	
3.655	0	0	0	0	0	0	0	0	0	
3.656	0	0	0	0	0	0	0	0	0	
3.657	0	0	0	0	0	0	0	0	0	
3.658	0	0	0	0	0	0	0	0	0	
3.659	0	0	0	0	0	0	0	0	0	
3.66	0	0	0	0	0	0	0	0	0	
3.661	0	0	0	0	0	0	0	0	0	
3.662	0	0	0	0	0	0	0	0	0	
3.663	0	0	0	0	0	0	0	0	0	
3.664	0	0	0	0	0	0	0	0	0	
3.665	0	0	0	0	0	0	0	0	0	
3.666	0	0	0	0	0	0	0	0	0	
3.667	0	0	0	0	0	0	0	0	0	
3.668	0	0	0	0	0	0	0	0	0	
3.669	0	0	0	0	0	0	0	0	0	
3.67	0	0	0	0	0	0	0	0	0	
3.671	0	0	0	0	0	0	0	0	0	
3.672	0	0	0	0	0	0	0	0	0	
3.673	0	0	0	0	0	0	0	0	0	
3.674	0	0	0	0	0	0	0	0	0	
3.675	0	0	0	0	0	0	0	0	0	
3.676	0	0	0	0	0	0	0	0	0	
3.677	0	0	0	0	0	0	0	0	0	
3.678	0	0	0	0	0	0	0	0	0	
3.679	0	0	0	0	0	0	0	0	0	
3.68	0	0	0	0	0	0	0	0	0	
3.681	0	0	0	0	0	0	0	0	0	
3.682	0	0	0	0	0	0	0	0	0	
3.683	0	0	0	0	0	0	0	0	0	
3.684	0	0	0	0	0	0	0	0	0	
3.685	0	0	0	0	0	0	0	0	0	
3.686	0	0	0	0	0	0	0	0	0	
3.687	0	0	0	0	0	0	0	0	0	
3.688	0	0	0	0	0	0	0	0	0	
3.689	0	0	0	0	0	0	0	0	0	
3.69	0	0	0	0	0	0	0	0	0	
3.691	0	0	0	0	0	0	0	0	0	
3.692	0	0	0	0	0	0	0	0	0	
3.693	0	0	0	0	0	0	0	0	0	
3.694	0	0	0	0	0	0	0	0	0	
3.695	0	0	0	0	0	0	0	0	0	
3.696	0	0	0	0	0	0	0	0	0	
3.697	0	0	0	0	0	0	0	0	0	
3.698	0	0	0	0	0	0	0	0	0	
3.699	0	0	0	0	0	0	0	0	0	
3.7	0	0	0	0	0	0	0	0	0	
3.701	0	0	0	0	0	0	0	0	0	
3.702	0	0	0	0	0	0	0	0	0	
3.703	0	0	0	0	0	0	0	0	0	
3.704	0	0	0	0	0	0	0	0	0	
3.705	0	0	0	0	0	0	0	0	0	
3.706	0	0	0	0	0	0	0	0	0	
3.707	0	0	0	0	0	0	0	0	0	
3.708	0	0	0	0	0	0	0	0	0	
3.709	0	0	0	0	0	0	0	0	0	
3.71	0	0	0	0	0	0	0	0	0	
3.711	0	0	0	0	0	0	0	0	0	
3.712	0	0	0	0	0	0	0	0	0	
3.713	0	0	0	0	0	0	0	0	0	
3.714	0	0	0	0	0	0	0	0	0	
3.715	0	0	0	0	0	0	0	0	0	
3.716	0	0	0	0	0	0	0	0	0	
3.717	0	0	0	0	0	0	0	0	0	
3.718	0	0	0	0	0	0	0	0	0	
3.719	0	0	0	0	0	0	0	0	0	
3.72	0	0	0	0	0	0	0	0	0	
3.721	0	0	0	0	0	0	0	0	0	
3.722	0	0	0	0	0	0	0	0	0	
3.723	0	0	0	0	0	0	0	0	0	
3.724	0	0	0	0	0	0	0	0	0	
3.725	0	0	0	0	0	0	0	0	0	
3.726	0	0	0	0	0	0	0	0	0	
3.727	0	0	0	0	0	0	0	0	0	
3.728	0	0	0	0	0	0	0	0	0	
3.729	0	0	0	0	0	0	0	0	0	
3.73	0	0	0	0	0	0	0	0	0	
3.731	0	0	0	0	0	0	0	0	0	
3.732	0	0	0	0	0	0	0	0	0	
3.733	0	0	0	0	0	0	0	0	0	
3.734	0	0	0	0	0	0	0	0	0	
3.735	0	0	0	0	0	0	0	0	0	
3.736	0	0	0	0	0	0	0	0	0	
3.737	0	0	0	0	0	0	0	0	0	
3.738	0	0	0	0	0	0	0	0	0	
3.739	0	0	0	0	0	0	0	0	0	
3.74	0	0	0	0	0	0	0	0	0	
3.741	0	0	0	0	0	0	0	0	0	
3.742	0	0	0	0	0	0	0	0	0	
3.743	0	0	0	0	0	0	0	0	0	
3.744	0	0	0	0	0	0	0	0	0	
3.745	0	0	0	0	0	0	0	0	0	
3.746	0	0	0	0	0	0	0	0	0	
3.747	0	0	0	0	0	0	0	0	0	
3.748	0	0	0	0	0	0	0	0	0	
3.749	0	0	0	0	0	0	0	0	0	
3.75	0	0	0	0	0	0	0	0	0	
3.751	0	0	0	0	0	0	0	0	0	
3.752	0	0	0	0	0	0	0	0	0	
3.753	0	0	0	0	0	0	0	0	0	
3.754	0	0	0	0	0	0	0	0	0	
3.755	0	0	0	0	0	0	0	0	0	
3.756	0	0	0	0	0	0	0	0	0	
3.757	0	0	0	0	0	0	0	0	0	
3.758	0	0	0	0	0	0	0	0	0	
3.759	0	0	0	0	0	0	0	0	0	
3.76	0	0	0	0	0	0	0	0	0	
3.761	0	0	0	0	0	0	0	0	0	
3.762	0	0	0	0	0	0	0	0	0	
3.763	0	0	0	0	0	0	0	0	0	
3.764	0	0	0	0	0	0	0	0	0	
3.765	0	0	0	0	0	0	0	0	0	
3.766	0	0	0	0	0	0	0	0	0	
3.767	0	0	0	0	0	0	0	0	0	
3.768	0	0	0	0	0	0	0	0	0	
3.769	0	0	0	0	0	0	0	0	0	
3.77	0	0	0	0	0	0	0	0	0	
3.771	0	0	0	0	0	0	0	0	0	
3.772	0	0	0	0	0	0	0	0	0	
3.773	0	0	0	0	0	0	0	0	0	
3.774	0	0	0	0	0	0	0	0	0	
3.775	0	0	0	0	0	0	0	0	0	
3.776	0	0	0	0	0	0	0	0	0	
3.777	0	0	0	0	0	0	0	0	0	
3.778	0	0	0	0	0	0	0	0	0	
3.779	0	0	0	0	0	0	0	0	0	
3.78	0	0	0	0	0	0	0	0	0	
3.781	0	0	0	0	0	0	0	0	0	
3.782	0	0	0	0	0	0	0	0	0	
3.783	0	0	0	0	0	0	0	0	0	
3.784	0	0	0	0	0	0	0	0	0	
3.785	0	0	0	0	0	0	0	0	0	
3.786	0	0	0	0	0	0	0	0	0	
3.787	0	0	0	0	0	0	0	0	0	
3.788	0	0	0	0	0	0	0	0	0	
3.789	0	0	0	0	0	0	0	0	0	
3.79	0	0	0	0	0	0	0	0	0	
3.791	0	0	0	0	0	0	0	0	0	
3.792	0	0	0	0	0	0	0	0	0	
3.793	0	0	0	0	0	0	0	0	0	
3.794	0	0	0	0	0	0	0	0	0	
3.795	0	0	0	0	0	0	0	0	0	
3.796	0	0	0	0	0	0	0	0	0	
3.797	0	0	0	0	0	0	0	0	0	
3.798	0	0	0	0	0	0	0	0	0	
3.799	0	0	0	0	0	0	0	0	0	
3.8	0	0	0	0	0	0	0	0	0	
3.801	0	0	0	0	0	0	0	0	0	
3.802	0	0	0	0	0	0	0	0	0	
3.803	0	0	0	0	0	0	0	0	0	
3.804	0	0	0	0	0	0	0	0	0	
3.805	0	0	0	0	0	0	0	0	0	
3.806	0	0	0	0	0	0	0	0	0	
3.807	0	0	0	0	0	0	0	0	0	
3.808	0	0	0	0	0	0	0	0	0	
3.809	0	0	0	0	0	0	0	0	0	
3.81	0	0	0	0	0	0	0	0	0	
3.811	0	0	0	0	0	0	0	0	0	
3.812	0	0	0	0	0	0	0	0	0	
3.813	0	0	0	0	0	0	0	0	0	
3.814	0	0	0	0	0	0	0	0	0	
3.815	0	0	0	0	0	0	0	0	0	
3.816	0	0	0	0	0	0	0	0	0	
3.817	0	0	0	0	0	0	0	0	0	
3.818	0	0	0	0	0	0	0	0	0	
3.819	0	0	0	0	0	0	0	0	0	
3.82	0	0	0	0	0	0	0	0	0	
3.821	0	0	0	0	0	0	0	0	0	
3.822	0	0	0	0	0	0	0	0	0	
3.823	0	0	0	0	0	0	0	0	0	
3.824	0	0	0	0	0	0	0	0	0	
3.825	0	0	0	0	0	0	0	0	0	
3.826	0	0	0	0	0	0	0	0	0	
3.827	0	0	0	0	0	0	0	0	0	
3.828	0	0	0	0	0	0	0	0	0	
3.829	0	0	0	0	0	0	0	0	0	
3.83	0	0	0	0	0	0	0	0	0	
3.831	0	0	0	0	0	0	0	0	0	
3.832	0	0	0	0	0	0	0	0	0	
3.833	0	0	0	0	0	0	0	0	0	
3.834	0	0	0	0	0	0	0	0	0	
3.835	0	0	0	0	0	0	0	0	0	
3.836	0	0	0	0	0	0	0	0	0	
3.837	0	0	0	0	0	0	0	0	0	
3.838	0	0	0	0	0	0	0	0	0	
3.839	0	0	0	0	0	0	0	0	0	
3.84	0	0	0	0	0	0	0	0	0	
3.841	0	0	0	0	0	0	0	0	0	
3.842	0	0	0	0	0	0	0	0	0	
3.843	0	0	0	0	0	0	0	0	0	
3.844	0	0	0	0	0	0	0	0	0	
3.845	0	0	0	0	0	0	0	0	0	
3.846	0	0	0	0	0	0	0	0	0	
3.847	0	0	0	0	0	0	0	0	0	
3.848	0	0	0	0	0	0	0	0	0	
3.849	0	0	0	0	0	0	0	0	0	
3.85	0	0	0	0	0	0	0	0	0	
3.851	0	0	0	0	0	0	0	0	0	
3.852	0	0	0	0	0	0	0	0	0	
3.853	0	0	0	0	0	0	0	0	0	
3.854	0	0	0	0	0	0	0	0	0	
3.855	0	0	0	0	0	0	0	0	0	
3.856	0	0	0	0	0	0	0	0	0	
3.857	0	0	0	0	0	0	0	0	0	
3.858	0	0	0	0	0	0	0	0	0	
3.859	0	0	0	0	0	0	0	0	0	
3.86	0	0	0	0	0	0	0	0	0	
3.861	0	0	0	0	0	0	0	0	0	
3.862	0	0	0	0	0	0	0	0	0	
3.863	0	0	0	0	0	0	0	0	0	
3.864	0	0	0	0	0	0	0	0	0	
3.865	0	0	0	0	0	0	0	0	0	
3.866	0	0	0	0	0	0	0	0	0	
3.867	0	0	0	0	0	0	0	0	0	
3.868	0	0	0	0	0	0	0	0	0	
3.869	0	0	0	0	0	0	0	0	0	
3.87	0	0	0	0	0	0	0	0	0	
3.871	0	0	0	0	0	0	0	0	0	
3.872	0	0	0	0	0	0	0	0	0	
3.873	0	0	0	0	0	0	0	0	0	
3.874	0	0	0	0	0	0	0	0	0	
3.875	0	0	0	0	0	0	0	0	0	
3.876	0	0	0	0	0	0	0	0	0	
3.877	0	0	0	0	0	0	0	0	0	
3.878	0	0	0	0	0	0	0	0	0	
3.879	0	0	0	0	0	0	0	0	0	
3.88	0	0	0	0	0	0	0	0	0	
3.881	0	0	0	0	0	0	0	0	0	
3.882	0	0	0	0	0	0	0	0	0	
3.883	0	0	0	0	0	0	0	0	0	
3.884	0	0	0	0	0	0	0	0	0	
3.885	0	0	0	0	0	0	0	0	0	
3.886	0	0	0	0	0	0	0	0	0	
3.887	0	0	0	0	0	0	0	0	0	
3.888	0	0	0	0	0	0	0	0	0	
3.889	0	0	0	0	0	0	0	0	0	
3.89	0	0	0	0	0	0	0	0	0	
3.891	0	0	0	0	0	0	0	0	0	
3.892	0	0	0	0	0	0	0	0	0	
3.893	0	0	0	0	0	0	0	0	0	
3.894	0	0	0	0	0	0	0	0	0	
3.895	0	0	0	0	0	0	0	0	0	
3.896	0	0	0	0	0	0	0	0	0	
3.897	0	0	0	0	0	0	0	0	0	
3.898	0	0	0	0	0	0	0	0	0	
3.899	0	0	0	0	0	0	0	0	0	
3.9	0	0	0	0	0	0	0	0	0	
3.901	0	0	0	0	0	0	0	0	0	
3.902	0	0	0	0	0	0	0	0	0	
3.903	0	0	0	0	0	0	0	0	0	
3.904	0	0	0	0	0	0	0	0	0	
3.905	0	0	0	0	0	0	0	0	0	
3.906	0	0	0	0	0	0	0	0	0	
3.907	0	0	0	0	0	0	0	0	0	
3.908	0	0	0	0	0	0	0	0	0	
3.909	0	0	0	0	0	0	0	0	0	
3.91	0	0	0	0	0	0	0	0	0	
3.911	0	0	0	0	0	0	0	0	0	
3.912	0	0	0	0	0	0	0	0	0	
3.913	0	0	0	0	0	0	0	0	0	
3.914	0	0	0	0	0	0	0	0	0	
3.915	0	0	0	0	0	0	0	0	0	
3.916	0	0	0	0	0	0	0	0	0	
3.917	0	0	0	0	0	0	0	0	0	
3.918	0	0	0	0	0	0	0	0	0	
3.919	0	0	0	0	0	0	0	0	0	
3.92	0	0	0	0	0	0	0	0	0	
3.921	0	0	0	0	0	0	0	0	0	
3.922	0	0	0	0	0	0	0	0	0	
3.923	0	0	0	0	0	0	0	0	0	
3.924	0	0	0	0	0	0	0	0	0	
3.925	0	0	0	0	0	0	0	0	0	
3.926	0	0	0	0	0	0	0	0	0	
3.927	0	0	0	0	0	0	0	0	0	
3.928	0	0	0	0	0	0	0	0	0	
3.929	0	0	0	0	0	0	0	0	0	
3.93	0	0	0	0	0	0	0	0	0	
3.931	0	0	0	0	0	0	0	0	0	
3.932	0	0	0	0	0	0	0	0	0	
3.933	0	0	0	0	0	0	0	0	0	
3.934	0	0	0	0	0	0	0	0	0	
3.935	0	0	0	0	0	0	0	0	0	
3.936	0	0	0	0	0	0	0	0	0	
3.937	0	0	0	0	0	0	0	0	0	
3.938	0	0	0	0	0	0	0	0	0	
3.939	0	0	0	0	0	0	0	0	0	
3.94	0	0	0	0	0	0	0	0	0	
3.941	0	0	0	0	0	0	0	0	0	
3.942	0	0	0	0	0	0	0	0	0	
3.943	0	0	0	0	0	0	0	0	0	
3.944	0	0	0	0	0	0	0	0	0	
3.945	0	0	0	0	0	0	0	0	0	
3.946	0	0	0	0	0	0	0	0	0	
3.947	0	0	0	0	0	0	0	0	0	
3.948	0	0	0	0	0	0	0	0	0	
3.949	0	0	0	0	0	0	0	0	0	
3.95	0	0	0	0	0	0	0	0	0	
3.951	0	0	0	0	0	0	0	0	0	
3.952	0	0	0	0	0	0	0	0	0	
3.953	0	0	0	0	0	0	0	0	0	
3.954	0	0	0	0	0	0	0	0	0	
3.955	0	0	0	0	0	0	0	0	0	
3.956	0	0	0	0	0	0	0	0	0	
3.957	0	0	0	0	0	0	0	0	0	
3.958	0	0	0	0	0	0	0	0	0	
3.959	0	0	0	0	0	0	0	0	0	
3.96	0	0	0	0	0	0	0	0	0	
3.961	0	0	0	0	0	0	0	0	0	
3.962	0	0	0	0	0	0	0	0	0	
3.963	0	0	0	0	0	0	0	0	0	
3.964	0	0	0	0	0	0	0	0	0	
3.965	0	0	0	0	0	0	0	0	0	
3.966	0	0	0	0	0	0	0	0	0	
3.967	0	0	0	0	0	0	0	0	0	
3.968	0	0	0	0	0	0	0	0	0	
3.969	0	0	0	0	0	0	0	0	0	
3.97	0	0	0	0	0	0	0	0	0	
3.971	0	0	0	0	0	0	0	0	0	
3.972	0	0	0	0	0	0	0	0	0	
3.973	0	0	0	0	0	0	0	0	0	
3.974	0	0	0	0	0	0	0	0	0	
3.975	0	0	0	0	0	0	0	0	0	
3.976	0	0	0	0	0	0	0	0	0	
3.977	0	0	0	0	0	0	0	0	0	
3.978	0	0	0	0	0	0	0	0	0	
3.979	0	0	0	0	0	0	0	0	0	
3.98	0	0	0	0	0	0	0	0	0	
3.981	0	0	0	0	0	0	0	0	0	
3.982	0	0	0	0	0	0	0	0	0	
3.983	0	0	0	0	0	0	0	0	0	
3.984	0	0	0	0	0	0	0	0	0	
3.985	0	0	0	0	0	0	0	0	0	
3.986	0	0	0	0	0	0	0	0	0	
3.987	0	0	0	0	0	0	0	0	0	
3.988	0	0	0	0	0	0	0	0	0	
3.989	0	0	0	0	0	0	0	0	0	
3.99	0	0	0	0	0	0	0	0	0	
3.991	0	0	0	0	0	0	0	0	0	
3.992	0	0	0	0	0	0	0	0	0	
3.993	0	0	0	0	0	0	0	0	0	
3.994	0	0	0	0	0	0	0	0	0	
3.995	0	0	0	0	0	0	0	0	0	
3.996	0	0	0	0	0	0	0	0	0	
3.997	0	0	0	0	0	0	0	0	0	
3.998	0	0	0	0	0	0	0	0	0	
3.999	0	0	0	0	0	0	0	0	0	
4	0	0	0	0	0	0	0	0	0	
